/**
 * generated by fontconvert.py
 * name: notosans_14_bolditalic
 * size: 14
 * mode: 2-bit
 */
#pragma once
#include "EpdFontData.h"

static const uint8_t notosans_14_bolditalicBitmaps[120894] = {
    0x00, 0xBF, 0xC0, 0x0F, 0xFC, 0x00, 0xFF, 0x80, 0x0F, 0xF4, 0x01, 0xFF, 0x00, 0x2F, 0xF0, 0x02,
    0xFE, 0x00, 0x3F, 0xD0, 0x03, 0xFC, 0x00, 0x3F, 0xC0, 0x07, 0xF8, 0x00, 0xBF, 0x40, 0x0F, 0xF0,
    0x00, 0xFF, 0x00, 0x00, 0x00, 0x00, 0x00, 0x00, 0x05, 0x00, 0x03, 0xFC, 0x00, 0xBF, 0xD0, 0x0B,
    0xFD, 0x00, 0x7F, 0x80, 0x00, 0x40, 0x00, 0x0F, 0xE1, 0xFD, 0x1F, 0xD2, 0xFC, 0x1F, 0xC2, 0xFC,
    0x2F, 0xC3, 0xF8, 0x2F, 0x83, 0xF4, 0x3F, 0x43, 0xF0, 0x3F, 0x03, 0xF0, 0x2A, 0x02, 0x90, 0x00,
    0x00, 0xBC, 0x0F, 0xC0, 0x00, 0x03, 0xF0, 0x3F, 0x00, 0x00, 0x1F, 0x81, 0xF8, 0x00, 0x00, 0xBD,
    0x0F, 0xD0, 0x00, 0x03, 0xF0, 0x3F, 0x00, 0x00, 0x1F, 0xC1, 0xF8, 0x00, 0xBF, 0xFF, 0xFF, 0xFF,
    0xC2, 0xFF, 0xFF, 0xFF, 0xFF, 0x0B, 0xFF, 0xFF, 0xFF, 0xF8, 0x00, 0x7E, 0x07, 0xE0, 0x00, 0x02,
    0xF4, 0x3F, 0x40, 0x00, 0x0F, 0xC0, 0xFC, 0x00, 0x3F, 0xFF, 0xFF, 0xFF, 0xD1, 0xFF, 0xFF, 0xFF,
    0xFF, 0x47, 0xFF, 0xFF, 0xFF, 0xFC, 0x00, 0x7F, 0x07, 0xF0, 0x00, 0x01, 0xF8, 0x2F, 0x80, 0x00,
    0x0B, 0xD0, 0xFD, 0x00, 0x00, 0x3F, 0x03, 0xF0, 0x00, 0x00, 0xFC, 0x1F, 0x80, 0x00, 0x0B, 0xE0,
    0xBD, 0x00, 0x00, 0x00, 0x00, 0x00, 0x00, 0x00, 0x00, 0x0F, 0x00, 0x00, 0x00, 0x0F, 0x00, 0x00,
    0x06, 0xFF, 0xE4, 0x00, 0x3F, 0xFF, 0xFF, 0x00, 0xFF, 0xFF, 0xFD, 0x02, 0xFF, 0xBE, 0xFC, 0x03,
    0xFD, 0x3C, 0x04, 0x03, 0xFC, 0x78, 0x00, 0x03, 0xFE, 0xB4, 0x00, 0x02, 0xFF, 0xF0, 0x00, 0x00,
    0xFF, 0xFE, 0x00, 0x00, 0x3F, 0xFF, 0xD0, 0x00, 0x07, 0xFF, 0xF0, 0x00, 0x02, 0xFF, 0xF8, 0x00,
    0x03, 0xCF, 0xF8, 0x00, 0x03, 0xCB, 0xF8, 0x74, 0x07, 0x8F, 0xF8, 0x7F, 0xEF, 0xFF, 0xF0, 0x7F,
    0xFF, 0xFF, 0xE0, 0x3F, 0xFF, 0xFF, 0x40, 0x06, 0xBF, 0xE4, 0x00, 0x00, 0x1E, 0x00, 0x00, 0x00,
    0x2D, 0x00, 0x00, 0x00, 0x28, 0x00, 0x00, 0x00, 0x00, 0x00, 0x00, 0x00, 0x00, 0x02, 0xFF, 0x00,
    0x00, 0x7E, 0x00, 0x3F, 0xFF, 0x00, 0x03, 0xF0, 0x03, 0xFF, 0xFD, 0x00, 0x3F, 0x40, 0x1F, 0xD3,
    0xF8, 0x02, 0xF8, 0x00, 0xBF, 0x0F, 0xE0, 0x1F, 0xC0, 0x03, 0xF8, 0x3F, 0x80, 0xFC, 0x00, 0x0F,
    0xD0, 0xFE, 0x0F, 0xD0, 0x00, 0x7F, 0x07, 0xF4, 0xBE, 0x00, 0x01, 0xFC, 0x2F, 0xC7, 0xF1, 0xBE,
    0x07, 0xF5, 0xFE, 0x3F, 0x2F, 0xFF, 0x0F, 0xFF, 0xF3, 0xF5, 0xFF, 0xFE, 0x2F, 0xFF, 0x6F, 0x8F,
    0xF3, 0xFC, 0x1F, 0xE1, 0xFC, 0x7F, 0x4B, 0xF0, 0x00, 0x0F, 0xD2, 0xFC, 0x2F, 0xC0, 0x00, 0xFE,
    0x0F, 0xE0, 0xFF, 0x00, 0x0B, 0xF0, 0x3F, 0x43, 0xF8, 0x00, 0x7F, 0x00, 0xFD, 0x1F, 0xD0, 0x03,
    0xF4, 0x03, 0xF4, 0xBF, 0x00, 0x3F, 0x80, 0x0F, 0xFF, 0xF4, 0x02, 0xFC, 0x00, 0x2F, 0xFF, 0x80,
    0x1F, 0xC0, 0x00, 0x2F, 0xF8, 0x00, 0x00, 0x00, 0x00, 0x00, 0x00, 0x00, 0x00, 0x00, 0x00, 0x00,
    0x00, 0x00, 0x00, 0x2F, 0xFD, 0x00, 0x00, 0x00, 0x7F, 0xFF, 0xD0, 0x00, 0x00, 0x7F, 0xFF, 0xFC,
    0x00, 0x00, 0x2F, 0xE1, 0xFF, 0x00, 0x00, 0x0F, 0xF0, 0x3F, 0xC0, 0x00, 0x03, 0xFC, 0x0F, 0xF0,
    0x00, 0x00, 0xFF, 0x0B, 0xFC, 0x00, 0x00, 0x3F, 0xDB, 0xFC, 0x00, 0x00, 0x0B, 0xFF, 0xFD, 0x00,
    0x00, 0x01, 0xFF, 0xF8, 0x00, 0x00, 0x02, 0xFF, 0xF4, 0x03, 0xFC, 0x03, 0xFF, 0xFF, 0x02, 0xFE,
    0x03, 0xFF, 0x7F, 0xE0, 0xFF, 0x02, 0xFF, 0x07, 0xFD, 0xFF, 0x80, 0xFF, 0x80, 0xBF, 0xFF, 0xC0,
    0x3F, 0xD0, 0x0F, 0xFF, 0xC0, 0x0F, 0xF8, 0x01, 0xFF, 0xD0, 0x03, 0xFF, 0x96, 0xFF, 0xF4, 0x00,
    0x7F, 0xFF, 0xFF, 0xFF, 0x00, 0x0F, 0xFF, 0xFF, 0xFF, 0xF0, 0x00, 0xBF, 0xFF, 0x47, 0xFE, 0x00,
    0x00, 0x50, 0x00, 0x00, 0x00, 0x0F, 0xE1, 0xFD, 0x1F, 0xC2, 0xFC, 0x2F, 0x83, 0xF4, 0x3F, 0x02,
    0xA0, 0x00, 0x03, 0xF8, 0x00, 0x3F, 0xC0, 0x03, 0xFC, 0x00, 0x2F, 0xD0, 0x01, 0xFE, 0x00, 0x0F,
    0xF0, 0x00, 0x7F, 0x40, 0x03, 0xFC, 0x00, 0x1F, 0xE0, 0x00, 0xBF, 0x00, 0x03, 0xFC, 0x00, 0x1F,
    0xE0, 0x00, 0xBF, 0x40, 0x02, 0xFC, 0x00, 0x0F, 0xF0, 0x00, 0x3F, 0xC0, 0x00, 0xFF, 0x00, 0x03,
    0xFC, 0x00, 0x0F, 0xF0, 0x00, 0x3F, 0xC0, 0x00, 0xBF, 0x00, 0x01, 0xFD, 0x00, 0x03, 0xF8, 0x00,
    0x0F, 0xF0, 0x00, 0x1F, 0xC0, 0x00, 0x2A, 0x00, 0x00, 0x00, 0x00, 0x00, 0x00, 0x07, 0xF0, 0x00,
    0x03, 0xF8, 0x00, 0x02, 0xFC, 0x00, 0x01, 0xFC, 0x00, 0x01, 0xFD, 0x00, 0x00, 0xFE, 0x00, 0x00,
    0xFE, 0x00, 0x00, 0xFF, 0x00, 0x00, 0xFF, 0x00, 0x00, 0xFF, 0x00, 0x00, 0xFF, 0x00, 0x00, 0xFE,
    0x00, 0x00, 0xFE, 0x00, 0x01, 0xFD, 0x00, 0x02, 0xFC, 0x00, 0x03, 0xFC, 0x00, 0x07, 0xF8, 0x00,
    0x0B, 0xF0, 0x00, 0x0F, 0xF0, 0x00, 0x2F, 0xD0, 0x00, 0x3F, 0x80, 0x00, 0xFF, 0x00, 0x02, 0xFD,
    0x00, 0x07, 0xF8, 0x00, 0x0F, 0xE0, 0x00, 0x1A, 0x80, 0x00, 0x00, 0x00, 0x00, 0x00, 0x00, 0x0F,
    0xD0, 0x00, 0x00, 0x3F, 0x40, 0x00, 0x01, 0xFC, 0x00, 0x2E, 0x07, 0xE0, 0x00, 0xFF, 0xAF, 0x40,
    0x07, 0xFF, 0xFE, 0xBF, 0x41, 0xBF, 0xFF, 0xFD, 0x00, 0x7F, 0xFF, 0xF4, 0x07, 0xFF, 0x81, 0x40,
    0xBF, 0xBF, 0x00, 0x07, 0xFC, 0xBE, 0x00, 0x0B, 0xC1, 0xFC, 0x00, 0x05, 0x03, 0xF4, 0x00, 0x00,
    0x09, 0x00, 0x00, 0x00, 0x05, 0x40, 0x00, 0x00, 0x3F, 0x00, 0x00, 0x00, 0xFC, 0x00, 0x00, 0x03,
    0xF0, 0x00, 0x00, 0x0F, 0xC0, 0x00, 0x00, 0x3F, 0x00, 0x07, 0xFF, 0xFF, 0xFF, 0x9F, 0xFF, 0xFF,
    0xFE, 0x7F, 0xFF, 0xFF, 0xF8, 0x55, 0x7F, 0x55, 0x40, 0x00, 0xFC, 0x00, 0x00, 0x03, 0xF0, 0x00,
    0x00, 0x0F, 0xC0, 0x00, 0x00, 0x3F, 0x00, 0x00, 0x00, 0xBC, 0x00, 0x00, 0x01, 0x54, 0x03, 0xFD,
    0x07, 0xFC, 0x0B, 0xF4, 0x0F, 0xF0, 0x1F, 0xC0, 0x3F, 0x80, 0x3F, 0x00, 0x2A, 0xAA, 0x4F, 0xFF,
    0xE3, 0xFF, 0xF5, 0xFF, 0xFC, 0x05, 0x03, 0xFC, 0xBF, 0xDB, 0xFC, 0x7F, 0x80, 0x40, 0x00, 0x00,
    0x00, 0xFF, 0x00, 0x00, 0x00, 0x7F, 0x80, 0x00, 0x00, 0x3F, 0xC0, 0x00, 0x00, 0x1F, 0xE0, 0x00,
    0x00, 0x0F, 0xF0, 0x00, 0x00, 0x0B, 0xF4, 0x00, 0x00, 0x03, 0xFC, 0x00, 0x00, 0x02, 0xFD, 0x00,
    0x00, 0x00, 0xFF, 0x00, 0x00, 0x00, 0xFF, 0x00, 0x00, 0x00, 0x7F, 0x80, 0x00, 0x00, 0x3F, 0xC0,
    0x00, 0x00, 0x1F, 0xE0, 0x00, 0x00, 0x0F, 0xF0, 0x00, 0x00, 0x0B, 0xF4, 0x00, 0x00, 0x03, 0xFC,
    0x00, 0x00, 0x02, 0xFD, 0x00, 0x00, 0x01, 0xFF, 0x00, 0x00, 0x00, 0xFF, 0x00, 0x00, 0x00, 0x7F,
    0x80, 0x00, 0x00, 0x3F, 0xC0, 0x00, 0x00, 0x00, 0x00, 0x00, 0x00, 0x00, 0x00, 0x00, 0x00, 0x00,
    0x00, 0x02, 0xFF, 0x80, 0x00, 0x1F, 0xFF, 0xF4, 0x00, 0x7F, 0xFF, 0xFC, 0x00, 0xFF, 0xDB, 0xFD,
    0x03, 0xFF, 0x03, 0xFE, 0x07, 0xFD, 0x02, 0xFF, 0x0F, 0xFC, 0x02, 0xFF, 0x0F, 0xF4, 0x02, 0xFF,
    0x1F, 0xF0, 0x02, 0xFE, 0x2F, 0xF0, 0x02, 0xFE, 0x3F, 0xE0, 0x03, 0xFE, 0x3F, 0xE0, 0x03, 0xFD,
    0x3F, 0xD0, 0x07, 0xFC, 0x3F, 0xD0, 0x0B, 0xFC, 0x3F, 0xD0, 0x0F, 0xF8, 0x3F, 0xD0, 0x1F, 0xF0,
    0x3F, 0xE0, 0x3F, 0xF0, 0x2F, 0xF5, 0xFF, 0xC0, 0x1F, 0xFF, 0xFF, 0x40, 0x0B, 0xFF, 0xFE, 0x00,
    0x02, 0xFF, 0xF4, 0x00, 0x00, 0x04, 0x00, 0x00, 0x00, 0x00, 0xBF, 0x00, 0x02, 0xFF, 0xC0, 0x07,
    0xFF, 0xE0, 0x0B, 0xFF, 0xF8, 0x1F, 0xFF, 0xFD, 0x0F, 0xFE, 0xFF, 0x02, 0xFD, 0x7F, 0xC0, 0x38,
    0x2F, 0xE0, 0x00, 0x0F, 0xF4, 0x00, 0x03, 0xFC, 0x00, 0x01, 0xFF, 0x00, 0x00, 0x7F, 0xC0, 0x00,
    0x2F, 0xE0, 0x00, 0x0F, 0xF4, 0x00, 0x03, 0xFC, 0x00, 0x01, 0xFF, 0x00, 0x00, 0xBF, 0xC0, 0x00,
    0x3F, 0xE0, 0x00, 0x0F, 0xF4, 0x00, 0x03, 0xFC, 0x00, 0x01, 0xFF, 0x00, 0x00, 0x00, 0x00, 0x00,
    0x00, 0x00, 0x00, 0xBF, 0xF8, 0x00, 0x02, 0xFF, 0xFF, 0xD0, 0x03, 0xFF, 0xFF, 0xFC, 0x00, 0xFF,
    0xEB, 0xFF, 0x40, 0x0F, 0x40, 0x3F, 0xE0, 0x01, 0x00, 0x0F, 0xF8, 0x00, 0x00, 0x03, 0xFD, 0x00,
    0x00, 0x01, 0xFF, 0x00, 0x00, 0x00, 0xFF, 0x80, 0x00, 0x00, 0xBF, 0xC0, 0x00, 0x00, 0xBF, 0xD0,
    0x00, 0x00, 0xFF, 0xD0, 0x00, 0x00, 0xFF, 0xD0, 0x00, 0x00, 0xFF, 0xC0, 0x00, 0x01, 0xFF, 0xC0,
    0x00, 0x01, 0xFF, 0x80, 0x00, 0x01, 0xFF, 0x40, 0x00, 0x02, 0xFF, 0xEA, 0xAA, 0x40, 0xFF, 0xFF,
    0xFF, 0xE0, 0x7F, 0xFF, 0xFF, 0xF4, 0x2F, 0xFF, 0xFF, 0xFC, 0x00, 0x00, 0x00, 0x00, 0x00, 0x00,
    0x1B, 0xFF, 0x90, 0x01, 0xFF, 0xFF, 0xF8, 0x02, 0xFF, 0xFF, 0xFC, 0x00, 0xFE, 0x5F, 0xFE, 0x00,
    0x60, 0x03, 0xFE, 0x00, 0x00, 0x02, 0xFE, 0x00, 0x00, 0x03, 0xFD, 0x00, 0x00, 0x0B, 0xFC, 0x00,
    0x01, 0xBF, 0xF4, 0x00, 0x3F, 0xFF, 0x80, 0x00, 0x3F, 0xFD, 0x00, 0x00, 0x7F, 0xFF, 0xC0, 0x00,
    0x00, 0x2F, 0xF0, 0x00, 0x00, 0x0F, 0xF4, 0x00, 0x00, 0x0F, 0xF4, 0x00, 0x00, 0x0F, 0xF4, 0x40,
    0x00, 0x2F, 0xF0, 0xF9, 0x45, 0xFF, 0xE0, 0xFF, 0xFF, 0xFF, 0xC0, 0xFF, 0xFF, 0xFF, 0x00, 0x6F,
    0xFF, 0xF4, 0x00, 0x00, 0x14, 0x00, 0x00, 0x00, 0x00, 0x00, 0xFF, 0x80, 0x00, 0x00, 0xFF, 0xD0,
    0x00, 0x00, 0xBF, 0xF0, 0x00, 0x00, 0x7F, 0xFC, 0x00, 0x00, 0x7F, 0xFF, 0x00, 0x00, 0x3F, 0xFF,
    0x80, 0x00, 0x3F, 0xEF, 0xD0, 0x00, 0x3F, 0xCF, 0xF0, 0x00, 0x2F, 0xD3, 0xFC, 0x00, 0x1F, 0xE1,
    0xFF, 0x00, 0x1F, 0xE0, 0xBF, 0x80, 0x0F, 0xF0, 0x3F, 0xD0, 0x0F, 0xF0, 0x0F, 0xF0, 0x0B, 0xFE,
    0xAF, 0xFE, 0x83, 0xFF, 0xFF, 0xFF, 0xF0, 0xFF, 0xFF, 0xFF, 0xFC, 0x2A, 0xAA, 0xBF, 0xE9, 0x00,
    0x00, 0x0F, 0xF0, 0x00, 0x00, 0x07, 0xFC, 0x00, 0x00, 0x02, 0xFE, 0x00, 0x00, 0x00, 0xFF, 0x40,
    0x00, 0x00, 0x2F, 0xFF, 0xFF, 0x00, 0x0F, 0xFF, 0xFF, 0xC0, 0x07, 0xFF, 0xFF, 0xE0, 0x02, 0xFF,
    0xFF, 0xF4, 0x00, 0xFF, 0x00, 0x00, 0x00, 0x3F, 0xC0, 0x00, 0x00, 0x1F, 0xE0, 0x00, 0x00, 0x0F,
    0xF4, 0x00, 0x00, 0x03, 0xFF, 0xFE, 0x00, 0x01, 0xFF, 0xFF, 0xF0, 0x00, 0x7F, 0xFF, 0xFF, 0x00,
    0x06, 0x56, 0xFF, 0xD0, 0x00, 0x00, 0x1F, 0xF4, 0x00, 0x00, 0x03, 0xFD, 0x00, 0x00, 0x00, 0xFF,
    0x40, 0x00, 0x00, 0x7F, 0xD0, 0x40, 0x00, 0x3F, 0xF0, 0x2F, 0x95, 0xBF, 0xF8, 0x0B, 0xFF, 0xFF,
    0xFC, 0x02, 0xFF, 0xFF, 0xF8, 0x00, 0x2F, 0xFF, 0xE4, 0x00, 0x00, 0x05, 0x00, 0x00, 0x00, 0x00,
    0x00, 0x00, 0x00, 0x00, 0x01, 0xBF, 0xFD, 0x00, 0x0F, 0xFF, 0xFC, 0x00, 0x7F, 0xFF, 0xFC, 0x00,
    0xFF, 0xF9, 0x58, 0x03, 0xFF, 0x00, 0x00, 0x0B, 0xFC, 0x00, 0x00, 0x0F, 0xF0, 0x00, 0x00, 0x1F,
    0xE0, 0x64, 0x00, 0x3F, 0xDB, 0xFF, 0x40, 0x3F, 0xFF, 0xFF, 0xD0, 0x7F, 0xFF, 0xFF, 0xE0, 0xBF,
    0xF0, 0x2F, 0xF0, 0xBF, 0xC0, 0x1F, 0xF0, 0xBF, 0x80, 0x1F, 0xF0, 0xBF, 0x40, 0x1F, 0xF0, 0xBF,
    0x80, 0x2F, 0xE0, 0xBF, 0xC0, 0x7F, 0xD0, 0x7F, 0xE5, 0xFF, 0xC0, 0x3F, 0xFF, 0xFF, 0x00, 0x0F,
    0xFF, 0xFD, 0x00, 0x02, 0xFF, 0xE0, 0x00, 0x00, 0x04, 0x00, 0x00, 0x0B, 0xFF, 0xFF, 0xFF, 0x03,
    0xFF, 0xFF, 0xFF, 0xC0, 0xFF, 0xFF, 0xFF, 0xF0, 0x3F, 0xFF, 0xFF, 0xF4, 0x00, 0x00, 0x0F, 0xFC,
    0x00, 0x00, 0x07, 0xFC, 0x00, 0x00, 0x03, 0xFE, 0x00, 0x00, 0x02, 0xFF, 0x00, 0x00, 0x00, 0xFF,
    0x40, 0x00, 0x00, 0xFF, 0xC0, 0x00, 0x00, 0x7F, 0xD0, 0x00, 0x00, 0x3F, 0xE0, 0x00, 0x00, 0x2F,
    0xF0, 0x00, 0x00, 0x1F, 0xF4, 0x00, 0x00, 0x0F, 0xFC, 0x00, 0x00, 0x0B, 0xFD, 0x00, 0x00, 0x03,
    0xFE, 0x00, 0x00, 0x02, 0xFF, 0x00, 0x00, 0x01, 0xFF, 0x80, 0x00, 0x00, 0xFF, 0xC0, 0x00, 0x00,
    0xBF, 0xD0, 0x00, 0x00, 0x00, 0x00, 0x00, 0x00, 0x00, 0x00, 0x01, 0xFF, 0xF4, 0x00, 0x02, 0xFF,
    0xFF, 0xC0, 0x02, 0xFF, 0xFF, 0xF8, 0x00, 0xFF, 0x43, 0xFF, 0x00, 0x7F, 0x80, 0x3F, 0xC0, 0x2F,
    0xE0, 0x0F, 0xF0, 0x0B, 0xF8, 0x07, 0xF8, 0x00, 0xFF, 0x47, 0xFC, 0x00, 0x2F, 0xFF, 0xFD, 0x00,
    0x02, 0xFF, 0xF8, 0x00, 0x02, 0xFF, 0xFD, 0x00, 0x03, 0xFF, 0xFF, 0xD0, 0x03, 0xFF, 0x0F, 0xFC,
    0x02, 0xFE, 0x00, 0xFF, 0x40, 0xFF, 0x00, 0x2F, 0xE0, 0x3F, 0xC0, 0x07, 0xF8, 0x0F, 0xF0, 0x02,
    0xFE, 0x03, 0xFF, 0x02, 0xFF, 0x00, 0xBF, 0xFF, 0xFF, 0x80, 0x0F, 0xFF, 0xFF, 0xC0, 0x00, 0x7F,
    0xFF, 0x40, 0x00, 0x00, 0x50, 0x00, 0x00, 0x00, 0x00, 0x00, 0x00, 0x00, 0xBF, 0xF8, 0x00, 0x1F,
    0xFF, 0xFC, 0x01, 0xFF, 0xFF, 0xF8, 0x0F, 0xFD, 0x7F, 0xF0, 0xBF, 0xC0, 0x3F, 0xD3, 0xFE, 0x00,
    0xFF, 0x4F, 0xF0, 0x03, 0xFE, 0x3F, 0xC0, 0x0F, 0xF8, 0xFF, 0x00, 0x7F, 0xD3, 0xFE, 0x03, 0xFF,
    0x4F, 0xFF, 0xFF, 0xFC, 0x1F, 0xFF, 0xFF, 0xF0, 0x2F, 0xFF, 0x7F, 0x80, 0x1A, 0x92, 0xFD, 0x00,
    0x00, 0x0F, 0xF0, 0x00, 0x00, 0xFF, 0x80, 0x00, 0x0B, 0xFC, 0x09, 0x46, 0xFF, 0xD0, 0x3F, 0xFF,
    0xFE, 0x00, 0xFF, 0xFF, 0xE0, 0x02, 0xFF, 0xF8, 0x00, 0x00, 0x14, 0x00, 0x00, 0x00, 0x00, 0x00,
    0x01, 0xFE, 0x03, 0xFF, 0x03, 0xFF, 0x03, 0xFD, 0x00, 0xA4, 0x00, 0x00, 0x00, 0x00, 0x00, 0x00,
    0x00, 0x00, 0x00, 0x00, 0x00, 0x00, 0x05, 0x00, 0x3F, 0xC0, 0xBF, 0xD0, 0xBF, 0xC0, 0x7F, 0x80,
    0x04, 0x00, 0x00, 0x00, 0x00, 0x01, 0xFE, 0x00, 0x3F, 0xF0, 0x03, 0xFF, 0x00, 0x3F, 0xD0, 0x00,
    0xA4, 0x00, 0x00, 0x00, 0x00, 0x00, 0x00, 0x00, 0x00, 0x00, 0x00, 0x00, 0x00, 0x00, 0x00, 0x00,
    0x00, 0x00, 0x00, 0x15, 0x40, 0x03, 0xFC, 0x00, 0x7F, 0x80, 0x0F, 0xF0, 0x00, 0xFE, 0x00, 0x2F,
    0xC0, 0x03, 0xF4, 0x00, 0x7E, 0x00, 0x00, 0x00, 0x00, 0x00, 0x00, 0x00, 0x00, 0x00, 0xA0, 0x00,
    0x00, 0x2F, 0x80, 0x00, 0x0B, 0xFE, 0x00, 0x02, 0xFF, 0xE0, 0x00, 0xBF, 0xF8, 0x00, 0x2F, 0xFE,
    0x00, 0x0B, 0xFF, 0x80, 0x00, 0x7F, 0xE0, 0x00, 0x01, 0xFF, 0xE4, 0x00, 0x01, 0xBF, 0xFD, 0x00,
    0x00, 0x2F, 0xFF, 0x80, 0x00, 0x0B, 0xFF, 0xF4, 0x00, 0x01, 0xFF, 0xE0, 0x00, 0x00, 0x6F, 0x80,
    0x00, 0x00, 0x0A, 0x00, 0x00, 0x00, 0x00, 0x6A, 0xAA, 0xAA, 0xA5, 0xFF, 0xFF, 0xFF, 0xE7, 0xFF,
    0xFF, 0xFF, 0x8A, 0xAA, 0xAA, 0xA9, 0x00, 0x00, 0x00, 0x00, 0x00, 0x00, 0x00, 0x07, 0xFF, 0xFF,
    0xFF, 0x9F, 0xFF, 0xFF, 0xFE, 0x7F, 0xFF, 0xFF, 0xF8, 0x00, 0x00, 0x00, 0x00, 0x00, 0x00, 0x00,
    0x01, 0xD0, 0x00, 0x00, 0x07, 0xF4, 0x00, 0x00, 0x1F, 0xFD, 0x00, 0x00, 0x2F, 0xFF, 0x40, 0x00,
    0x0B, 0xFF, 0xD0, 0x00, 0x01, 0xFF, 0xF4, 0x00, 0x00, 0x7F, 0xFC, 0x00, 0x00, 0x1F, 0xF8, 0x00,
    0x02, 0xFF, 0xE0, 0x01, 0xBF, 0xFD, 0x00, 0xBF, 0xFE, 0x40, 0x2F, 0xFF, 0x80, 0x01, 0xFF, 0xD0,
    0x00, 0x07, 0xF4, 0x00, 0x00, 0x18, 0x00, 0x00, 0x00, 0x00, 0x00, 0x00, 0x00, 0x00, 0x00, 0x00,
    0x00, 0xBF, 0xF8, 0x03, 0xFF, 0xFF, 0xD0, 0xFF, 0xFF, 0xFC, 0x2F, 0x96, 0xFF, 0x06, 0x00, 0x3F,
    0xD0, 0x00, 0x0F, 0xF4, 0x00, 0x07, 0xFC, 0x00, 0x0B, 0xFE, 0x00, 0x0F, 0xFE, 0x00, 0x0F, 0xFE,
    0x00, 0x0F, 0xFD, 0x00, 0x0B, 0xFC, 0x00, 0x03, 0xFC, 0x00, 0x00, 0xFE, 0x00, 0x00, 0x00, 0x00,
    0x00, 0x00, 0x00, 0x00, 0x01, 0x40, 0x00, 0x03, 0xFC, 0x00, 0x02, 0xFF, 0x40, 0x00, 0xBF, 0xC0,
    0x00, 0x1F, 0xE0, 0x00, 0x00, 0x40, 0x00, 0x00, 0x00, 0x00, 0x06, 0xFF, 0x90, 0x00, 0x00, 0x01,
    0xFF, 0xFF, 0xFE, 0x00, 0x00, 0x0F, 0xFF, 0xFF, 0xFF, 0xC0, 0x00, 0x7F, 0xE4, 0x00, 0x2F, 0xF0,
    0x01, 0xFF, 0x00, 0x00, 0x07, 0xF8, 0x03, 0xF8, 0x00, 0x00, 0x01, 0xFC, 0x0F, 0xF0, 0x0B, 0xFF,
    0xE0, 0xFD, 0x1F, 0xC0, 0x7F, 0xFF, 0xF0, 0xBE, 0x3F, 0x81, 0xFF, 0x5F, 0xE0, 0xBE, 0x3F, 0x03,
    0xF8, 0x0F, 0xD0, 0x7E, 0x7F, 0x07, 0xF0, 0x0F, 0xC0, 0xBE, 0xBE, 0x0F, 0xE0, 0x1F, 0xC0, 0xFD,
    0xBE, 0x0F, 0xD0, 0x2F, 0x80, 0xFC, 0xBE, 0x0F, 0xC0, 0x3F, 0x42, 0xFC, 0xBE, 0x0F, 0xD0, 0xBF,
    0x07, 0xF4, 0xBE, 0x0F, 0xFB, 0xFF, 0xAF, 0xE0, 0x7F, 0x07, 0xFF, 0xDF, 0xFF, 0x80, 0x3F, 0x41,
    0xFE, 0x07, 0xFD, 0x00, 0x2F, 0xC0, 0x00, 0x00, 0x00, 0x00, 0x0F, 0xF0, 0x00, 0x00, 0x00, 0x00,
    0x07, 0xFE, 0x40, 0x17, 0xC0, 0x00, 0x01, 0xFF, 0xFF, 0xFF, 0xC0, 0x00, 0x00, 0x2F, 0xFF, 0xFF,
    0x80, 0x00, 0x00, 0x01, 0xAA, 0x90, 0x00, 0x00, 0x00, 0x00, 0x03, 0xFF, 0x40, 0x00, 0x00, 0x2F,
    0xFE, 0x00, 0x00, 0x00, 0xFF, 0xF8, 0x00, 0x00, 0x0B, 0xFF, 0xF0, 0x00, 0x00, 0x3F, 0xEF, 0xC0,
    0x00, 0x02, 0xFD, 0xBF, 0x00, 0x00, 0x0F, 0xF2, 0xFC, 0x00, 0x00, 0xBF, 0x4B, 0xF0, 0x00, 0x03,
    0xFC, 0x1F, 0xD0, 0x00, 0x2F, 0xD0, 0x7F, 0x40, 0x01, 0xFF, 0x01, 0xFE, 0x00, 0x0F, 0xF4, 0x07,
    0xF8, 0x00, 0x7F, 0xEA, 0xAF, 0xE0, 0x03, 0xFF, 0xFF, 0xFF, 0xC0, 0x1F, 0xFF, 0xFF, 0xFF, 0x00,
    0xFF, 0xFF, 0xFF, 0xFC, 0x07, 0xFC, 0x00, 0x0F, 0xF0, 0x3F, 0xE0, 0x00, 0x3F, 0xC1, 0xFF, 0x00,
    0x00, 0xFF, 0x4F, 0xF8, 0x00, 0x03, 0xFD, 0x7F, 0xC0, 0x00, 0x0B, 0xF8, 0x00, 0x3F, 0xFF, 0xE4,
    0x00, 0x03, 0xFF, 0xFF, 0xF4, 0x00, 0x7F, 0xFF, 0xFF, 0xC0, 0x0B, 0xFF, 0xFF, 0xFE, 0x00, 0xFF,
    0x80, 0x3F, 0xF0, 0x0F, 0xF4, 0x02, 0xFF, 0x00, 0xFF, 0x00, 0x3F, 0xE0, 0x1F, 0xF0, 0x07, 0xFC,
    0x02, 0xFF, 0xAB, 0xFF, 0x40, 0x3F, 0xFF, 0xFF, 0xD0, 0x03, 0xFF, 0xFF, 0xF0, 0x00, 0x3F, 0xFF,
    0xFF, 0xD0, 0x07, 0xFC, 0x02, 0xFF, 0x00, 0xBF, 0x80, 0x0F, 0xF4, 0x0F, 0xF4, 0x00, 0xFF, 0x40,
    0xFF, 0x40, 0x1F, 0xF4, 0x1F, 0xF0, 0x03, 0xFF, 0x01, 0xFF, 0xAB, 0xFF, 0xE0, 0x2F, 0xFF, 0xFF,
    0xFC, 0x03, 0xFF, 0xFF, 0xFE, 0x00, 0x3F, 0xFF, 0xFE, 0x00, 0x00, 0x00, 0x00, 0x00, 0x00, 0x00,
    0x00, 0x02, 0xFF, 0xF9, 0x00, 0x00, 0xBF, 0xFF, 0xFF, 0x00, 0x0F, 0xFF, 0xFF, 0xF8, 0x00, 0xFF,
    0xFE, 0xBF, 0xC0, 0x0F, 0xFF, 0x00, 0x0A, 0x00, 0x7F, 0xE0, 0x00, 0x00, 0x03, 0xFF, 0x00, 0x00,
    0x00, 0x1F, 0xF4, 0x00, 0x00, 0x00, 0xBF, 0xC0, 0x00, 0x00, 0x03, 0xFE, 0x00, 0x00, 0x00, 0x0F,
    0xF4, 0x00, 0x00, 0x00, 0x3F, 0xD0, 0x00, 0x00, 0x01, 0xFF, 0x40, 0x00, 0x00, 0x07, 0xFD, 0x00,
    0x00, 0x00, 0x0F, 0xF4, 0x00, 0x00, 0x00, 0x3F, 0xE0, 0x00, 0x00, 0x00, 0xFF, 0xD0, 0x00, 0x40,
    0x01, 0xFF, 0xE5, 0xAF, 0x00, 0x03, 0xFF, 0xFF, 0xFC, 0x00, 0x03, 0xFF, 0xFF, 0xF0, 0x00, 0x01,
    0xFF, 0xFE, 0x40, 0x00, 0x00, 0x15, 0x00, 0x00, 0x00, 0x00, 0x3F, 0xFF, 0x90, 0x00, 0x00, 0xFF,
    0xFF, 0xF8, 0x00, 0x07, 0xFF, 0xFF, 0xFC, 0x00, 0x2F, 0xFF, 0xFF, 0xF8, 0x00, 0xFF, 0x80, 0x7F,
    0xF0, 0x03, 0xFD, 0x00, 0x7F, 0xE0, 0x0F, 0xF0, 0x00, 0xFF, 0x80, 0x7F, 0xC0, 0x02, 0xFF, 0x02,
    0xFF, 0x00, 0x0B, 0xFC, 0x0F, 0xF8, 0x00, 0x2F, 0xF0, 0x3F, 0xD0, 0x00, 0xFF, 0x80, 0xFF, 0x00,
    0x03, 0xFE, 0x07, 0xFC, 0x00, 0x1F, 0xF4, 0x2F, 0xF0, 0x00, 0xBF, 0xC0, 0xFF, 0x80, 0x07, 0xFE,
    0x03, 0xFD, 0x00, 0x3F, 0xF0, 0x1F, 0xF0, 0x07, 0xFF, 0x80, 0x7F, 0xEB, 0xFF, 0xF8, 0x02, 0xFF,
    0xFF, 0xFF, 0x80, 0x0F, 0xFF, 0xFF, 0xF4, 0x00, 0x3F, 0xFF, 0xF8, 0x00, 0x00, 0x00, 0x3F, 0xFF,
    0xFF, 0x80, 0x0F, 0xFF, 0xFF, 0xE0, 0x07, 0xFF, 0xFF, 0xF4, 0x02, 0xFF, 0xFF, 0xFC, 0x00, 0xFF,
    0x80, 0x00, 0x00, 0x3F, 0xD0, 0x00, 0x00, 0x0F, 0xF0, 0x00, 0x00, 0x07, 0xFC, 0x00, 0x00, 0x02,
    0xFF, 0xAA, 0xA4, 0x00, 0xFF, 0xFF, 0xFD, 0x00, 0x3F, 0xFF, 0xFF, 0x00, 0x0F, 0xFF, 0xFF, 0xC0,
    0x07, 0xFC, 0x00, 0x00, 0x02, 0xFE, 0x00, 0x00, 0x00, 0xFF, 0x80, 0x00, 0x00, 0x3F, 0xD0, 0x00,
    0x00, 0x1F, 0xF0, 0x00, 0x00, 0x07, 0xFE, 0xAA, 0xA0, 0x02, 0xFF, 0xFF, 0xFC, 0x00, 0xFF, 0xFF,
    0xFE, 0x00, 0x3F, 0xFF, 0xFF, 0x80, 0x00, 0x00, 0x3F, 0xFF, 0xFF, 0x80, 0x0F, 0xFF, 0xFF, 0xD0,
    0x07, 0xFF, 0xFF, 0xF4, 0x02, 0xFF, 0xFF, 0xFC, 0x00, 0xFF, 0x80, 0x00, 0x00, 0x3F, 0xD0, 0x00,
    0x00, 0x0F, 0xF0, 0x00, 0x00, 0x07, 0xFC, 0x00, 0x00, 0x02, 0xFF, 0x00, 0x00, 0x00, 0xFF, 0xFF,
    0xFD, 0x00, 0x3F, 0xFF, 0xFF, 0x00, 0x0F, 0xFF, 0xFF, 0xC0, 0x07, 0xFF, 0xFF, 0xE0, 0x02, 0xFE,
    0x00, 0x00, 0x00, 0xFF, 0x80, 0x00, 0x00, 0x3F, 0xD0, 0x00, 0x00, 0x1F, 0xF0, 0x00, 0x00, 0x07,
    0xFC, 0x00, 0x00, 0x02, 0xFE, 0x00, 0x00, 0x00, 0xFF, 0x40, 0x00, 0x00, 0x3F, 0xD0, 0x00, 0x00,
    0x00, 0x00, 0x00, 0x00, 0x00, 0x00, 0x00, 0x01, 0xFF, 0xFE, 0x40, 0x00, 0xBF, 0xFF, 0xFF, 0x80,
    0x0F, 0xFF, 0xFF, 0xFC, 0x00, 0xFF, 0xFE, 0xAF, 0xE0, 0x0B, 0xFF, 0x40, 0x02, 0x40, 0x7F, 0xF0,
    0x00, 0x00, 0x03, 0xFF, 0x00, 0x00, 0x00, 0x1F, 0xF8, 0x00, 0x00, 0x00, 0xBF, 0xC0, 0x00, 0x00,
    0x03, 0xFE, 0x00, 0xAA, 0xAA, 0x0F, 0xF8, 0x07, 0xFF, 0xF8, 0x3F, 0xD0, 0x2F, 0xFF, 0xD1, 0xFF,
    0x40, 0xBF, 0xFF, 0x07, 0xFD, 0x00, 0x07, 0xFC, 0x0F, 0xF4, 0x00, 0x2F, 0xE0, 0x3F, 0xE0, 0x00,
    0xFF, 0x40, 0xFF, 0xD0, 0x03, 0xFC, 0x01, 0xFF, 0xE5, 0xBF, 0xF0, 0x02, 0xFF, 0xFF, 0xFF, 0xC0,
    0x02, 0xFF, 0xFF, 0xFE, 0x00, 0x01, 0xFF, 0xFF, 0x90, 0x00, 0x00, 0x05, 0x00, 0x00, 0x00, 0x00,
    0x3F, 0xD0, 0x00, 0xBF, 0x40, 0x0F, 0xF4, 0x00, 0x3F, 0xD0, 0x07, 0xFC, 0x00, 0x1F, 0xF0, 0x02,
    0xFF, 0x00, 0x0B, 0xFC, 0x00, 0xFF, 0x80, 0x02, 0xFE, 0x00, 0x3F, 0xD0, 0x00, 0xFF, 0x40, 0x0F,
    0xF4, 0x00, 0x3F, 0xC0, 0x07, 0xFC, 0x00, 0x1F, 0xF0, 0x02, 0xFF, 0xAA, 0xAF, 0xFC, 0x00, 0xFF,
    0xFF, 0xFF, 0xFE, 0x00, 0x3F, 0xFF, 0xFF, 0xFF, 0x40, 0x0F, 0xFF, 0xFF, 0xFF, 0xC0, 0x07, 0xFC,
    0x00, 0x1F, 0xF0, 0x02, 0xFF, 0x00, 0x0B, 0xF8, 0x00, 0xFF, 0x80, 0x03, 0xFE, 0x00, 0x3F, 0xD0,
    0x00, 0xFF, 0x40, 0x1F, 0xF0, 0x00, 0x7F, 0xC0, 0x07, 0xFC, 0x00, 0x1F, 0xF0, 0x02, 0xFE, 0x00,
    0x0B, 0xF8, 0x00, 0xFF, 0x40, 0x03, 0xFD, 0x00, 0x3F, 0xD0, 0x00, 0xFF, 0x40, 0x00, 0x00, 0x7F,
    0xFF, 0xE0, 0x0B, 0xFF, 0xFE, 0x00, 0xFF, 0xFF, 0xC0, 0x01, 0xFF, 0xD0, 0x00, 0x0F, 0xF4, 0x00,
    0x00, 0xFF, 0x00, 0x00, 0x1F, 0xF0, 0x00, 0x02, 0xFF, 0x00, 0x00, 0x3F, 0xE0, 0x00, 0x03, 0xFD,
    0x00, 0x00, 0x3F, 0xC0, 0x00, 0x07, 0xFC, 0x00, 0x00, 0xBF, 0x80, 0x00, 0x0F, 0xF8, 0x00, 0x00,
    0xFF, 0x40, 0x00, 0x1F, 0xF0, 0x00, 0x01, 0xFF, 0x00, 0x00, 0x7F, 0xF0, 0x00, 0x3F, 0xFF, 0xE0,
    0x0B, 0xFF, 0xFE, 0x00, 0xBF, 0xFF, 0xD0, 0x00, 0x00, 0x00, 0x07, 0xF8, 0x00, 0x00, 0x3F, 0xE0,
    0x00, 0x00, 0xFF, 0x40, 0x00, 0x03, 0xFC, 0x00, 0x00, 0x1F, 0xF0, 0x00, 0x00, 0xBF, 0xC0, 0x00,
    0x03, 0xFE, 0x00, 0x00, 0x0F, 0xF4, 0x00, 0x00, 0x7F, 0xC0, 0x00, 0x01, 0xFF, 0x00, 0x00, 0x0B,
    0xF8, 0x00, 0x00, 0x3F, 0xE0, 0x00, 0x00, 0xFF, 0x40, 0x00, 0x07, 0xFC, 0x00, 0x00, 0x2F, 0xF0,
    0x00, 0x00, 0xFF, 0x80, 0x00, 0x03, 0xFD, 0x00, 0x00, 0x0F, 0xF0, 0x00, 0x00, 0x7F, 0xC0, 0x00,
    0x02, 0xFF, 0x00, 0x00, 0x0F, 0xF8, 0x00, 0x00, 0x3F, 0xD0, 0x00, 0x03, 0xFF, 0x00, 0x1A, 0xBF,
    0xF8, 0x00, 0xBF, 0xFF, 0xC0, 0x02, 0xFF, 0xFC, 0x00, 0x0B, 0xFF, 0x80, 0x00, 0x00, 0x00, 0x00,
    0x00, 0x00, 0x3F, 0xD0, 0x02, 0xFF, 0x00, 0x0F, 0xF0, 0x02, 0xFF, 0x40, 0x07, 0xFC, 0x01, 0xFF,
    0x80, 0x02, 0xFF, 0x01, 0xFF, 0x80, 0x00, 0xFF, 0x80, 0xFF, 0xC0, 0x00, 0x3F, 0xD0, 0xFF, 0xC0,
    0x00, 0x0F, 0xF0, 0xFF, 0xC0, 0x00, 0x07, 0xFC, 0xBF, 0xD0, 0x00, 0x02, 0xFE, 0x7F, 0xE0, 0x00,
    0x00, 0xFF, 0xBF, 0xE0, 0x00, 0x00, 0x3F, 0xFF, 0xF4, 0x00, 0x00, 0x0F, 0xFF, 0xFE, 0x00, 0x00,
    0x07, 0xFF, 0xFF, 0xC0, 0x00, 0x02, 0xFF, 0x0F, 0xF4, 0x00, 0x00, 0xFF, 0x43, 0xFF, 0x00, 0x00,
    0x3F, 0xD0, 0xBF, 0xC0, 0x00, 0x1F, 0xF0, 0x0F, 0xF8, 0x00, 0x07, 0xFC, 0x03, 0xFF, 0x00, 0x02,
    0xFE, 0x00, 0x7F, 0xD0, 0x00, 0xFF, 0x40, 0x0F, 0xF8, 0x00, 0x3F, 0xC0, 0x02, 0xFF, 0x00, 0x00,
    0x00, 0x3F, 0xD0, 0x00, 0x03, 0xFC, 0x00, 0x00, 0x7F, 0xC0, 0x00, 0x0B, 0xFC, 0x00, 0x00, 0xFF,
    0x80, 0x00, 0x0F, 0xF4, 0x00, 0x00, 0xFF, 0x00, 0x00, 0x1F, 0xF0, 0x00, 0x02, 0xFE, 0x00, 0x00,
    0x3F, 0xE0, 0x00, 0x03, 0xFD, 0x00, 0x00, 0x3F, 0xC0, 0x00, 0x07, 0xFC, 0x00, 0x00, 0xBF, 0x80,
    0x00, 0x0F, 0xF4, 0x00, 0x00, 0xFF, 0x40, 0x00, 0x1F, 0xF0, 0x00, 0x01, 0xFF, 0xAA, 0xA8, 0x2F,
    0xFF, 0xFF, 0xC3, 0xFF, 0xFF, 0xF8, 0x3F, 0xFF, 0xFF, 0x40, 0x00, 0x3F, 0xFC, 0x00, 0x01, 0xFF,
    0xE0, 0x03, 0xFF, 0xC0, 0x00, 0x3F, 0xFE, 0x00, 0x7F, 0xFC, 0x00, 0x07, 0xFF, 0xD0, 0x0B, 0xFF,
    0xC0, 0x00, 0xFF, 0xFC, 0x00, 0xFF, 0xFC, 0x00, 0x1F, 0xFF, 0xC0, 0x0F, 0xFF, 0xC0, 0x03, 0xFB,
    0xF8, 0x00, 0xFE, 0xFD, 0x00, 0x7F, 0xBF, 0x40, 0x1F, 0xDF, 0xD0, 0x0F, 0xEB, 0xF4, 0x02, 0xFD,
    0xFD, 0x01, 0xFC, 0xFF, 0x00, 0x3F, 0xCF, 0xD0, 0x3F, 0x8F, 0xF0, 0x03, 0xFC, 0xFE, 0x07, 0xF1,
    0xFE, 0x00, 0x3F, 0x8B, 0xE0, 0xFE, 0x2F, 0xD0, 0x07, 0xF4, 0xBE, 0x1F, 0xC3, 0xFC, 0x00, 0xBF,
    0x0B, 0xE3, 0xF8, 0x3F, 0xC0, 0x0F, 0xF0, 0xBF, 0x7F, 0x03, 0xFC, 0x00, 0xFF, 0x07, 0xFF, 0xE0,
    0x7F, 0x80, 0x1F, 0xE0, 0x7F, 0xFC, 0x0B, 0xF4, 0x01, 0xFD, 0x07, 0xFF, 0x80, 0xFF, 0x00, 0x2F,
    0xC0, 0x7F, 0xF0, 0x0F, 0xF0, 0x03, 0xFC, 0x07, 0xFE, 0x01, 0xFE, 0x00, 0x3F, 0xC0, 0x3F, 0xC0,
    0x1F, 0xE0, 0x00, 0x00, 0x3F, 0xF4, 0x00, 0x0B, 0xF0, 0x00, 0xFF, 0xE0, 0x00, 0x3F, 0xC0, 0x07,
    0xFF, 0xC0, 0x00, 0xFF, 0x00, 0x2F, 0xFF, 0x40, 0x07, 0xF8, 0x00, 0xFF, 0xFE, 0x00, 0x2F, 0xD0,
    0x03, 0xFF, 0xFC, 0x00, 0xFF, 0x00, 0x0F, 0xEF, 0xF4, 0x03, 0xFC, 0x00, 0x7F, 0x6F, 0xE0, 0x1F,
    0xE0, 0x02, 0xFD, 0x3F, 0xC0, 0xBF, 0x80, 0x0F, 0xF0, 0xFF, 0x02, 0xFD, 0x00, 0x3F, 0xC2, 0xFE,
    0x0F, 0xF0, 0x01, 0xFE, 0x03, 0xFC, 0x3F, 0xC0, 0x07, 0xF8, 0x0F, 0xF1, 0xFE, 0x00, 0x2F, 0xD0,
    0x2F, 0xE7, 0xF4, 0x00, 0xFF, 0x00, 0x7F, 0xEF, 0xC0, 0x03, 0xFC, 0x00, 0xFF, 0xFF, 0x00, 0x1F,
    0xE0, 0x02, 0xFF, 0xFC, 0x00, 0xBF, 0x40, 0x07, 0xFF, 0xE0, 0x02, 0xFC, 0x00, 0x0F, 0xFF, 0x40,
    0x0F, 0xF0, 0x00, 0x2F, 0xFC, 0x00, 0x3F, 0xC0, 0x00, 0x7F, 0xF0, 0x00, 0x00, 0x00, 0x00, 0x00,
    0x00, 0x00, 0x01, 0xBF, 0xFD, 0x00, 0x00, 0x0F, 0xFF, 0xFF, 0xC0, 0x00, 0x3F, 0xFF, 0xFF, 0xF0,
    0x00, 0xFF, 0xFA, 0xBF, 0xF4, 0x03, 0xFF, 0x80, 0x1F, 0xFC, 0x07, 0xFE, 0x00, 0x0B, 0xFC, 0x0F,
    0xFC, 0x00, 0x07, 0xFD, 0x1F, 0xF4, 0x00, 0x03, 0xFD, 0x2F, 0xF0, 0x00, 0x03, 0xFD, 0x3F, 0xE0,
    0x00, 0x03, 0xFD, 0x3F, 0xD0, 0x00, 0x07, 0xFC, 0x3F, 0xD0, 0x00, 0x0B, 0xFC, 0x7F, 0xD0, 0x00,
    0x0F, 0xFC, 0x7F, 0xD0, 0x00, 0x0F, 0xF8, 0x3F, 0xD0, 0x00, 0x2F, 0xF0, 0x3F, 0xE0, 0x00, 0x7F,
    0xE0, 0x3F, 0xF4, 0x01, 0xFF, 0xC0, 0x1F, 0xFE, 0x5B, 0xFF, 0x40, 0x0F, 0xFF, 0xFF, 0xFE, 0x00,
    0x03, 0xFF, 0xFF, 0xF4, 0x00, 0x00, 0x7F, 0xFF, 0x80, 0x00, 0x00, 0x00, 0x50, 0x00, 0x00, 0x00,
    0x3F, 0xFF, 0xA4, 0x00, 0x03, 0xFF, 0xFF, 0xF0, 0x00, 0x7F, 0xFF, 0xFF, 0xC0, 0x0B, 0xFF, 0xFF,
    0xFD, 0x00, 0xFF, 0x80, 0x3F, 0xE0, 0x0F, 0xF4, 0x02, 0xFF, 0x00, 0xFF, 0x00, 0x1F, 0xF0, 0x1F,
    0xF0, 0x02, 0xFF, 0x02, 0xFF, 0x00, 0x3F, 0xE0, 0x3F, 0xE0, 0x1F, 0xFC, 0x03, 0xFF, 0xFF, 0xFF,
    0x80, 0x3F, 0xFF, 0xFF, 0xE0, 0x07, 0xFF, 0xFF, 0xF4, 0x00, 0xBF, 0xEA, 0x50, 0x00, 0x0F, 0xF4,
    0x00, 0x00, 0x00, 0xFF, 0x40, 0x00, 0x00, 0x1F, 0xF0, 0x00, 0x00, 0x01, 0xFF, 0x00, 0x00, 0x00,
    0x2F, 0xE0, 0x00, 0x00, 0x03, 0xFD, 0x00, 0x00, 0x00, 0x3F, 0xC0, 0x00, 0x00, 0x00, 0x00, 0x00,
    0x00, 0x00, 0x00, 0x00, 0x01, 0xBF, 0xFD, 0x00, 0x00, 0x0F, 0xFF, 0xFF, 0xC0, 0x00, 0x3F, 0xFF,
    0xFF, 0xF0, 0x00, 0xFF, 0xFA, 0xBF, 0xF4, 0x03, 0xFF, 0x80, 0x1F, 0xFC, 0x07, 0xFE, 0x00, 0x0B,
    0xFC, 0x0F, 0xFC, 0x00, 0x03, 0xFD, 0x1F, 0xF4, 0x00, 0x03, 0xFD, 0x2F, 0xF0, 0x00, 0x03, 0xFD,
    0x3F, 0xE0, 0x00, 0x03, 0xFD, 0x3F, 0xE0, 0x00, 0x07, 0xFC, 0x3F, 0xD0, 0x00, 0x0B, 0xFC, 0x7F,
    0xD0, 0x00, 0x0F, 0xFC, 0x7F, 0xD0, 0x00, 0x0F, 0xF8, 0x3F, 0xD0, 0x00, 0x2F, 0xF0, 0x3F, 0xE0,
    0x00, 0x7F, 0xE0, 0x3F, 0xF4, 0x01, 0xFF, 0xC0, 0x1F, 0xFE, 0x6F, 0xFF, 0x40, 0x0F, 0xFF, 0xFF,
    0xFD, 0x00, 0x03, 0xFF, 0xFF, 0xF4, 0x00, 0x00, 0x7F, 0xFF, 0xC0, 0x00, 0x00, 0x01, 0x7F, 0xE0,
    0x00, 0x00, 0x00, 0x2F, 0xF4, 0x00, 0x00, 0x00, 0x0F, 0xFC, 0x00, 0x00, 0x00, 0x07, 0xFE, 0x00,
    0x00, 0x00, 0x03, 0xFF, 0x00, 0x00, 0x3F, 0xFF, 0x90, 0x00, 0x03, 0xFF, 0xFF, 0xD0, 0x00, 0x7F,
    0xFF, 0xFF, 0x40, 0x0B, 0xFE, 0xBF, 0xFC, 0x00, 0xFF, 0x80, 0xBF, 0xC0, 0x0F, 0xF4, 0x03, 0xFD,
    0x00, 0xFF, 0x00, 0x3F, 0xD0, 0x1F, 0xF0, 0x07, 0xFC, 0x02, 0xFF, 0x00, 0xFF, 0xC0, 0x3F, 0xF5,
    0xBF, 0xF4, 0x03, 0xFF, 0xFF, 0xFD, 0x00, 0x3F, 0xFF, 0xFF, 0x40, 0x07, 0xFF, 0xFF, 0xC0, 0x00,
    0xBF, 0xC3, 0xFD, 0x00, 0x0F, 0xF8, 0x2F, 0xF0, 0x00, 0xFF, 0x41, 0xFF, 0x00, 0x1F, 0xF0, 0x0F,
    0xF8, 0x01, 0xFF, 0x00, 0xBF, 0xC0, 0x2F, 0xE0, 0x03, 0xFD, 0x03, 0xFD, 0x00, 0x3F, 0xF0, 0x3F,
    0xD0, 0x02, 0xFF, 0x40, 0x00, 0x00, 0x00, 0x00, 0x00, 0x06, 0xFF, 0xE4, 0x00, 0x3F, 0xFF, 0xFE,
    0x00, 0xFF, 0xFF, 0xFC, 0x01, 0xFF, 0xEA, 0xFC, 0x03, 0xFF, 0x00, 0x10, 0x03, 0xFE, 0x00, 0x00,
    0x03, 0xFE, 0x00, 0x00, 0x03, 0xFF, 0x00, 0x00, 0x02, 0xFF, 0xD0, 0x00, 0x00, 0xFF, 0xF8, 0x00,
    0x00, 0x3F, 0xFE, 0x00, 0x00, 0x0F, 0xFF, 0x80, 0x00, 0x02, 0xFF, 0xC0, 0x00, 0x00, 0xBF, 0xD0,
    0x00, 0x00, 0x3F, 0xD0, 0x00, 0x00, 0x3F, 0xD0, 0x50, 0x00, 0x7F, 0xD0, 0x7E, 0x56, 0xFF, 0xC0,
    0x7F, 0xFF, 0xFF, 0x40, 0x7F, 0xFF, 0xFD, 0x00, 0x1F, 0xFF, 0xE0, 0x00, 0x00, 0x14, 0x00, 0x00,
    0x3F, 0xFF, 0xFF, 0xFD, 0x3F, 0xFF, 0xFF, 0xFD, 0x7F, 0xFF, 0xFF, 0xFC, 0x7F, 0xFF, 0xFF, 0xFC,
    0x00, 0x3F, 0xE0, 0x00, 0x00, 0x3F, 0xD0, 0x00, 0x00, 0x3F, 0xC0, 0x00, 0x00, 0x7F, 0xC0, 0x00,
    0x00, 0xBF, 0xC0, 0x00, 0x00, 0xFF, 0x80, 0x00, 0x00, 0xFF, 0x40, 0x00, 0x01, 0xFF, 0x00, 0x00,
    0x01, 0xFF, 0x00, 0x00, 0x02, 0xFF, 0x00, 0x00, 0x03, 0xFE, 0x00, 0x00, 0x03, 0xFD, 0x00, 0x00,
    0x07, 0xFC, 0x00, 0x00, 0x0B, 0xFC, 0x00, 0x00, 0x0B, 0xF8, 0x00, 0x00, 0x0F, 0xF8, 0x00, 0x00,
    0x0F, 0xF4, 0x00, 0x00, 0x00, 0xFF, 0x40, 0x03, 0xFD, 0x01, 0xFF, 0x00, 0x07, 0xFC, 0x02, 0xFF,
    0x00, 0x07, 0xFC, 0x02, 0xFE, 0x00, 0x0B, 0xF8, 0x03, 0xFD, 0x00, 0x0F, 0xF8, 0x03, 0xFD, 0x00,
    0x0F, 0xF4, 0x07, 0xFC, 0x00, 0x1F, 0xF0, 0x0B, 0xFC, 0x00, 0x2F, 0xF0, 0x0F, 0xF8, 0x00, 0x3F,
    0xE0, 0x0F, 0xF4, 0x00, 0x3F, 0xD0, 0x0F, 0xF0, 0x00, 0x3F, 0xC0, 0x1F, 0xF0, 0x00, 0x7F, 0xC0,
    0x2F, 0xF0, 0x00, 0xBF, 0xC0, 0x3F, 0xE0, 0x00, 0xFF, 0x80, 0x3F, 0xD0, 0x00, 0xFF, 0x40, 0x3F,
    0xD0, 0x02, 0xFF, 0x00, 0x3F, 0xF0, 0x07, 0xFE, 0x00, 0x2F, 0xFE, 0x6F, 0xFC, 0x00, 0x0F, 0xFF,
    0xFF, 0xF4, 0x00, 0x07, 0xFF, 0xFF, 0xE0, 0x00, 0x00, 0xBF, 0xFE, 0x00, 0x00, 0x00, 0x01, 0x40,
    0x00, 0x00, 0x7F, 0x80, 0x00, 0x2F, 0xE7, 0xFC, 0x00, 0x07, 0xFC, 0x3F, 0xC0, 0x00, 0xFF, 0x83,
    0xFC, 0x00, 0x1F, 0xF0, 0x3F, 0xC0, 0x03, 0xFE, 0x03, 0xFC, 0x00, 0x7F, 0xC0, 0x3F, 0xC0, 0x0B,
    0xF8, 0x02, 0xFD, 0x00, 0xFF, 0x00, 0x2F, 0xD0, 0x2F, 0xE0, 0x02, 0xFD, 0x03, 0xFC, 0x00, 0x1F,
    0xD0, 0xBF, 0x80, 0x01, 0xFD, 0x0F, 0xF0, 0x00, 0x1F, 0xE2, 0xFE, 0x00, 0x00, 0xFE, 0x3F, 0xC0,
    0x00, 0x0F, 0xEB, 0xF8, 0x00, 0x00, 0xFE, 0xFF, 0x00, 0x00, 0x0F, 0xFF, 0xD0, 0x00, 0x00, 0xFF,
    0xFC, 0x00, 0x00, 0x0F, 0xFF, 0x40, 0x00, 0x00, 0xBF, 0xF0, 0x00, 0x00, 0x0B, 0xFD, 0x00, 0x00,
    0x00, 0x7F, 0x80, 0x01, 0xFE, 0x00, 0x0B, 0xF9, 0xFE, 0x00, 0x0F, 0xF8, 0x00, 0x3F, 0xC7, 0xF8,
    0x00, 0x7F, 0xE0, 0x02, 0xFF, 0x1F, 0xE0, 0x03, 0xFF, 0x80, 0x0F, 0xF4, 0x3F, 0x80, 0x0F, 0xFE,
    0x00, 0x7F, 0xC0, 0xFF, 0x00, 0xBF, 0xF8, 0x03, 0xFD, 0x03, 0xFC, 0x03, 0xFF, 0xE0, 0x0F, 0xF0,
    0x0F, 0xF0, 0x2F, 0xEF, 0xC0, 0xBF, 0x80, 0x3F, 0xC0, 0xFE, 0xBF, 0x03, 0xFC, 0x00, 0xFF, 0x07,
    0xF2, 0xFC, 0x1F, 0xE0, 0x03, 0xFC, 0x3F, 0xCB, 0xF0, 0xFF, 0x40, 0x0F, 0xF1, 0xFD, 0x2F, 0xC7,
    0xFC, 0x00, 0x3F, 0xCF, 0xF0, 0xBF, 0x2F, 0xD0, 0x00, 0xFF, 0x3F, 0x42, 0xFC, 0xFF, 0x00, 0x03,
    0xFA, 0xFC, 0x07, 0xF7, 0xF4, 0x00, 0x0F, 0xEF, 0xE0, 0x1F, 0xFF, 0xC0, 0x00, 0x3F, 0xFF, 0x00,
    0x7F, 0xFE, 0x00, 0x00, 0xFF, 0xF8, 0x01, 0xFF, 0xF0, 0x00, 0x03, 0xFF, 0xC0, 0x07, 0xFF, 0x80,
    0x00, 0x0F, 0xFF, 0x00, 0x1F, 0xFD, 0x00, 0x00, 0x3F, 0xF4, 0x00, 0x7F, 0xF0, 0x00, 0x00, 0x00,
    0x2F, 0xF0, 0x00, 0x3F, 0xE0, 0x00, 0x7F, 0xC0, 0x03, 0xFF, 0x00, 0x00, 0xFF, 0x40, 0x2F, 0xF4,
    0x00, 0x02, 0xFF, 0x01, 0xFF, 0x80, 0x00, 0x07, 0xFC, 0x0F, 0xFC, 0x00, 0x00, 0x0F, 0xF4, 0xBF,
    0xC0, 0x00, 0x00, 0x2F, 0xE7, 0xFD, 0x00, 0x00, 0x00, 0x7F, 0xFF, 0xD0, 0x00, 0x00, 0x00, 0xFF,
    0xFE, 0x00, 0x00, 0x00, 0x02, 0xFF, 0xF0, 0x00, 0x00, 0x00, 0x0F, 0xFF, 0x40, 0x00, 0x00, 0x00,
    0xBF, 0xFE, 0x00, 0x00, 0x00, 0x07, 0xFF, 0xFC, 0x00, 0x00, 0x00, 0x3F, 0xEF, 0xF4, 0x00, 0x00,
    0x03, 0xFF, 0x2F, 0xF0, 0x00, 0x00, 0x2F, 0xF0, 0x7F, 0xC0, 0x00, 0x01, 0xFF, 0x80, 0xFF, 0x80,
    0x00, 0x0F, 0xFC, 0x03, 0xFF, 0x00, 0x00, 0xFF, 0xC0, 0x07, 0xFC, 0x00, 0x0B, 0xFD, 0x00, 0x0F,
    0xF8, 0x00, 0x7F, 0xE0, 0x00, 0x3F, 0xF0, 0x00, 0x3F, 0xC0, 0x00, 0xFF, 0x83, 0xFD, 0x00, 0x2F,
    0xF0, 0x2F, 0xE0, 0x03, 0xFE, 0x01, 0xFF, 0x00, 0xFF, 0xC0, 0x0F, 0xF0, 0x1F, 0xF0, 0x00, 0xFF,
    0x43, 0xFD, 0x00, 0x0B, 0xF4, 0xBF, 0xC0, 0x00, 0x7F, 0x9F, 0xF0, 0x00, 0x03, 0xFF, 0xFD, 0x00,
    0x00, 0x3F, 0xFF, 0x80, 0x00, 0x02, 0xFF, 0xF0, 0x00, 0x00, 0x1F, 0xFD, 0x00, 0x00, 0x00, 0xFF,
    0x80, 0x00, 0x00, 0x0F, 0xF0, 0x00, 0x00, 0x01, 0xFF, 0x00, 0x00, 0x00, 0x2F, 0xF0, 0x00, 0x00,
    0x02, 0xFE, 0x00, 0x00, 0x00, 0x3F, 0xD0, 0x00, 0x00, 0x03, 0xFC, 0x00, 0x00, 0x00, 0x7F, 0xC0,
    0x00, 0x00, 0x0B, 0xF8, 0x00, 0x00, 0x00, 0x00, 0x7F, 0xFF, 0xFF, 0xF0, 0x02, 0xFF, 0xFF, 0xFF,
    0xC0, 0x0B, 0xFF, 0xFF, 0xFE, 0x00, 0x2F, 0xFF, 0xFF, 0xF0, 0x00, 0x00, 0x03, 0xFF, 0x40, 0x00,
    0x00, 0x2F, 0xF8, 0x00, 0x00, 0x01, 0xFF, 0xC0, 0x00, 0x00, 0x0F, 0xFC, 0x00, 0x00, 0x00, 0xFF,
    0xD0, 0x00, 0x00, 0x0B, 0xFD, 0x00, 0x00, 0x00, 0x7F, 0xE0, 0x00, 0x00, 0x03, 0xFF, 0x00, 0x00,
    0x00, 0x3F, 0xF0, 0x00, 0x00, 0x02, 0xFF, 0x40, 0x00, 0x00, 0x2F, 0xF8, 0x00, 0x00, 0x01, 0xFF,
    0xC0, 0x00, 0x00, 0x0F, 0xFC, 0x00, 0x00, 0x00, 0xFF, 0xFA, 0xAA, 0xA0, 0x07, 0xFF, 0xFF, 0xFF,
    0x80, 0x2F, 0xFF, 0xFF, 0xFD, 0x00, 0xFF, 0xFF, 0xFF, 0xF0, 0x00, 0x00, 0x0F, 0xFF, 0x40, 0x07,
    0xFF, 0xD0, 0x02, 0xFF, 0xF0, 0x00, 0xFF, 0x00, 0x00, 0x3F, 0x80, 0x00, 0x0F, 0xD0, 0x00, 0x07,
    0xF0, 0x00, 0x02, 0xFC, 0x00, 0x00, 0xFF, 0x00, 0x00, 0x3F, 0x80, 0x00, 0x1F, 0xD0, 0x00, 0x0B,
    0xF0, 0x00, 0x02, 0xFC, 0x00, 0x00, 0xFE, 0x00, 0x00, 0x3F, 0x80, 0x00, 0x1F, 0xD0, 0x00, 0x0B,
    0xF0, 0x00, 0x03, 0xFC, 0x00, 0x00, 0xFE, 0x00, 0x00, 0x3F, 0x40, 0x00, 0x1F, 0xC0, 0x00, 0x0B,
    0xF0, 0x00, 0x03, 0xFD, 0x50, 0x00, 0xFF, 0xF8, 0x00, 0x7F, 0xFD, 0x00, 0x1A, 0xAA, 0x00, 0x00,
    0xFF, 0x00, 0xBF, 0x00, 0x7F, 0x00, 0x7F, 0x40, 0x3F, 0x40, 0x3F, 0x80, 0x3F, 0xC0, 0x2F, 0xC0,
    0x2F, 0xC0, 0x1F, 0xC0, 0x0F, 0xD0, 0x0F, 0xE0, 0x0F, 0xE0, 0x0F, 0xF0, 0x0B, 0xF0, 0x07, 0xF0,
    0x07, 0xF4, 0x03, 0xF8, 0x03, 0xF8, 0x03, 0xFC, 0x02, 0xFC, 0x00, 0x00, 0x00, 0x2F, 0xFF, 0x00,
    0x0F, 0xFF, 0xC0, 0x03, 0xFF, 0xE0, 0x00, 0x07, 0xF4, 0x00, 0x01, 0xFD, 0x00, 0x00, 0xBF, 0x00,
    0x00, 0x3F, 0xC0, 0x00, 0x0F, 0xE0, 0x00, 0x07, 0xF4, 0x00, 0x01, 0xFC, 0x00, 0x00, 0xBF, 0x00,
    0x00, 0x3F, 0xC0, 0x00, 0x0F, 0xE0, 0x00, 0x07, 0xF4, 0x00, 0x02, 0xFC, 0x00, 0x00, 0xFF, 0x00,
    0x00, 0x3F, 0x80, 0x00, 0x0F, 0xD0, 0x00, 0x07, 0xF4, 0x00, 0x02, 0xFC, 0x00, 0x00, 0xFF, 0x00,
    0x00, 0x3F, 0x80, 0x01, 0x6F, 0xD0, 0x02, 0xFF, 0xF0, 0x00, 0xBF, 0xFC, 0x00, 0x2A, 0xA9, 0x00,
    0x00, 0x00, 0x00, 0x3E, 0x00, 0x00, 0x00, 0xBF, 0x00, 0x00, 0x01, 0xFF, 0x00, 0x00, 0x03, 0xFF,
    0x40, 0x00, 0x0B, 0xFF, 0x80, 0x00, 0x0F, 0xCF, 0xC0, 0x00, 0x3F, 0x4F, 0xD0, 0x00, 0xBF, 0x0B,
    0xE0, 0x00, 0xFC, 0x03, 0xF0, 0x03, 0xF8, 0x03, 0xF0, 0x07, 0xF0, 0x02, 0xF4, 0x0F, 0xD0, 0x01,
    0xF8, 0x3F, 0x80, 0x00, 0xFC, 0x2A, 0x00, 0x00, 0xA8, 0x15, 0x55, 0x55, 0x1F, 0xFF, 0xFF, 0xD6,
    0xAA, 0xAA, 0xA0, 0x55, 0x41, 0xFF, 0x03, 0xFD, 0x03, 0xF8, 0x03, 0xF0, 0x01, 0x40, 0x00, 0x00,
    0x00, 0x00, 0x00, 0x3F, 0xF0, 0xBE, 0x01, 0xFF, 0xFC, 0xFE, 0x07, 0xFF, 0xFF, 0xFD, 0x0F, 0xFE,
    0x6F, 0xFC, 0x1F, 0xF8, 0x0F, 0xFC, 0x3F, 0xF0, 0x0B, 0xF8, 0x3F, 0xD0, 0x0B, 0xF8, 0x7F, 0xC0,
    0x0F, 0xF4, 0xBF, 0xC0, 0x0F, 0xF0, 0xBF, 0xC0, 0x1F, 0xF0, 0xBF, 0xC0, 0x3F, 0xE0, 0xBF, 0xC0,
    0x7F, 0xD0, 0xBF, 0xE6, 0xFF, 0xC0, 0x7F, 0xFF, 0xFF, 0xC0, 0x2F, 0xFF, 0xBF, 0xC0, 0x0B, 0xFD,
    0x3F, 0x80, 0x00, 0x40, 0x00, 0x00, 0x00, 0x00, 0x00, 0x00, 0x00, 0x0F, 0xF4, 0x00, 0x00, 0x03,
    0xFC, 0x00, 0x00, 0x01, 0xFF, 0x00, 0x00, 0x00, 0xBF, 0x80, 0x00, 0x00, 0x3F, 0xE0, 0x00, 0x00,
    0x0F, 0xF4, 0x00, 0x00, 0x03, 0xFC, 0xBF, 0xC0, 0x01, 0xFE, 0xFF, 0xFC, 0x00, 0xBF, 0xFF, 0xFF,
    0x80, 0x3F, 0xF9, 0x7F, 0xF0, 0x0F, 0xF8, 0x07, 0xFC, 0x07, 0xFC, 0x01, 0xFF, 0x01, 0xFE, 0x00,
    0x7F, 0xC0, 0xBF, 0x40, 0x1F, 0xF0, 0x3F, 0xC0, 0x0B, 0xFC, 0x0F, 0xF0, 0x03, 0xFE, 0x07, 0xFC,
    0x01, 0xFF, 0x02, 0xFF, 0x00, 0xFF, 0xC0, 0xBF, 0xF5, 0xFF, 0xD0, 0x3F, 0xFF, 0xFF, 0xE0, 0x0F,
    0xDF, 0xFF, 0xE0, 0x07, 0xF0, 0xFF, 0xD0, 0x00, 0x00, 0x01, 0x00, 0x00, 0x00, 0x00, 0x00, 0x00,
    0x02, 0xFF, 0xF8, 0x01, 0xFF, 0xFF, 0xC0, 0x3F, 0xFF, 0xF8, 0x0F, 0xFE, 0x5B, 0x42, 0xFF, 0x40,
    0x00, 0x3F, 0xE0, 0x00, 0x07, 0xFD, 0x00, 0x00, 0x7F, 0xC0, 0x00, 0x0B, 0xFC, 0x00, 0x00, 0xBF,
    0x80, 0x00, 0x0B, 0xF8, 0x00, 0x00, 0xBF, 0xC0, 0x00, 0x07, 0xFF, 0x56, 0xC0, 0x3F, 0xFF, 0xFC,
    0x01, 0xFF, 0xFF, 0xC0, 0x03, 0xFF, 0xF4, 0x00, 0x01, 0x40, 0x00, 0x00, 0x00, 0x00, 0x00, 0x00,
    0x00, 0x00, 0x07, 0xFC, 0x00, 0x00, 0x00, 0x7F, 0xC0, 0x00, 0x00, 0x0B, 0xF8, 0x00, 0x00, 0x00,
    0xFF, 0x40, 0x00, 0x00, 0x0F, 0xF0, 0x00, 0x00, 0x01, 0xFF, 0x00, 0x03, 0xFF, 0x1F, 0xE0, 0x01,
    0xFF, 0xFE, 0xFE, 0x00, 0x7F, 0xFF, 0xFF, 0xD0, 0x0F, 0xFE, 0x6F, 0xFC, 0x01, 0xFF, 0x40, 0xFF,
    0xC0, 0x3F, 0xF0, 0x0B, 0xF8, 0x03, 0xFD, 0x00, 0xBF, 0x40, 0x7F, 0xC0, 0x0F, 0xF4, 0x0B, 0xFC,
    0x00, 0xFF, 0x00, 0xBF, 0x80, 0x1F, 0xF0, 0x0B, 0xF8, 0x02, 0xFE, 0x00, 0xBF, 0xC0, 0x7F, 0xD0,
    0x0B, 0xFE, 0x1F, 0xFC, 0x00, 0x3F, 0xFF, 0xFF, 0xC0, 0x02, 0xFF, 0xFE, 0xFC, 0x00, 0x0B, 0xFE,
    0x3F, 0x80, 0x00, 0x04, 0x00, 0x00, 0x00, 0x00, 0x00, 0x00, 0x00, 0x00, 0x7F, 0xFD, 0x00, 0x0F,
    0xFF, 0xFE, 0x00, 0xFF, 0xFF, 0xFC, 0x0F, 0xFD, 0x0F, 0xF4, 0x7F, 0xC0, 0x2F, 0xD3, 0xFE, 0x00,
    0xFF, 0x4F, 0xF4, 0x6F, 0xFC, 0x7F, 0xFF, 0xFF, 0xC2, 0xFF, 0xFF, 0xF8, 0x0B, 0xFE, 0xA4, 0x00,
    0x2F, 0xE0, 0x00, 0x00, 0xBF, 0xC0, 0x00, 0x01, 0xFF, 0x80, 0x2C, 0x03, 0xFF, 0xFF, 0xF0, 0x03,
    0xFF, 0xFF, 0xC0, 0x02, 0xFF, 0xF9, 0x00, 0x00, 0x14, 0x00, 0x00, 0x00, 0x00, 0x00, 0x05, 0x00,
    0x00, 0x00, 0x0B, 0xFF, 0xC0, 0x00, 0x00, 0xBF, 0xFE, 0x00, 0x00, 0x07, 0xFF, 0xF4, 0x00, 0x00,
    0x2F, 0xF0, 0x40, 0x00, 0x00, 0xFF, 0x40, 0x00, 0x00, 0x07, 0xFC, 0x00, 0x00, 0x00, 0x7F, 0xFF,
    0xC0, 0x00, 0x0F, 0xFF, 0xFF, 0x00, 0x00, 0x7F, 0xFF, 0xF8, 0x00, 0x00, 0x5F, 0xF5, 0x40, 0x00,
    0x00, 0x7F, 0xC0, 0x00, 0x00, 0x02, 0xFF, 0x00, 0x00, 0x00, 0x0F, 0xF8, 0x00, 0x00, 0x00, 0x3F,
    0xD0, 0x00, 0x00, 0x00, 0xFF, 0x00, 0x00, 0x00, 0x07, 0xFC, 0x00, 0x00, 0x00, 0x2F, 0xE0, 0x00,
    0x00, 0x00, 0xFF, 0x80, 0x00, 0x00, 0x03, 0xFD, 0x00, 0x00, 0x00, 0x1F, 0xF0, 0x00, 0x00, 0x00,
    0x7F, 0xC0, 0x00, 0x00, 0x02, 0xFE, 0x00, 0x00, 0x00, 0x0F, 0xF4, 0x00, 0x00, 0x00, 0x3F, 0xC0,
    0x00, 0x00, 0x02, 0xFF, 0x00, 0x00, 0x02, 0xAF, 0xF8, 0x00, 0x00, 0x0F, 0xFF, 0xC0, 0x00, 0x00,
    0x3F, 0xFD, 0x00, 0x00, 0x00, 0xFF, 0x80, 0x00, 0x00, 0x00, 0x00, 0x00, 0x00, 0x00, 0x00, 0x07,
    0xFF, 0x0B, 0xE0, 0x07, 0xFF, 0xF3, 0xF8, 0x07, 0xFF, 0xFF, 0xFD, 0x03, 0xFF, 0x9B, 0xFF, 0x01,
    0xFF, 0x40, 0xFF, 0xC0, 0xFF, 0xC0, 0x2F, 0xE0, 0x3F, 0xD0, 0x0B, 0xF8, 0x1F, 0xF0, 0x03, 0xFD,
    0x0B, 0xFC, 0x00, 0xFF, 0x02, 0xFF, 0x00, 0x7F, 0xC0, 0xBF, 0xC0, 0x3F, 0xE0, 0x2F, 0xF0, 0x2F,
    0xF4, 0x0B, 0xFE, 0x6F, 0xFC, 0x01, 0xFF, 0xFF, 0xFF, 0x00, 0x3F, 0xFF, 0xBF, 0xC0, 0x02, 0xFF,
    0x2F, 0xE0, 0x00, 0x00, 0x0F, 0xF4, 0x00, 0x00, 0x03, 0xFC, 0x00, 0x00, 0x03, 0xFF, 0x00, 0x7E,
    0x5B, 0xFF, 0x40, 0x1F, 0xFF, 0xFF, 0x80, 0x07, 0xFF, 0xFF, 0x80, 0x00, 0x6F, 0xFE, 0x00, 0x00,
    0x00, 0x00, 0x00, 0x00, 0x00, 0x0F, 0xF4, 0x00, 0x00, 0x03, 0xFC, 0x00, 0x00, 0x01, 0xFF, 0x00,
    0x00, 0x00, 0xBF, 0x80, 0x00, 0x00, 0x3F, 0xE0, 0x00, 0x00, 0x0F, 0xF4, 0x00, 0x00, 0x03, 0xFC,
    0xBF, 0xD0, 0x01, 0xFE, 0xFF, 0xFD, 0x00, 0xBF, 0xFF, 0xFF, 0xC0, 0x3F, 0xFD, 0x7F, 0xF0, 0x0F,
    0xFC, 0x07, 0xFC, 0x07, 0xFE, 0x00, 0xFF, 0x01, 0xFF, 0x00, 0x7F, 0xC0, 0xBF, 0x80, 0x2F, 0xE0,
    0x3F, 0xD0, 0x0F, 0xF4, 0x0F, 0xF0, 0x03, 0xFD, 0x07, 0xFC, 0x00, 0xFF, 0x02, 0xFF, 0x00, 0x7F,
    0xC0, 0xBF, 0x80, 0x2F, 0xE0, 0x3F, 0xD0, 0x0F, 0xF4, 0x0F, 0xF0, 0x03, 0xFC, 0x07, 0xFC, 0x01,
    0xFF, 0x00, 0x00, 0x00, 0x00, 0x02, 0xFC, 0x00, 0x7F, 0xD0, 0x07, 0xFC, 0x00, 0x3F, 0x80, 0x00,
    0x00, 0x00, 0x00, 0x00, 0x0F, 0xF0, 0x01, 0xFF, 0x00, 0x2F, 0xF0, 0x03, 0xFE, 0x00, 0x3F, 0xD0,
    0x07, 0xFC, 0x00, 0x7F, 0xC0, 0x0B, 0xF8, 0x00, 0xFF, 0x40, 0x0F, 0xF4, 0x01, 0xFF, 0x00, 0x2F,
    0xF0, 0x02, 0xFE, 0x00, 0x3F, 0xD0, 0x03, 0xFC, 0x00, 0x7F, 0xC0, 0x00, 0x00, 0x00, 0x00, 0x00,
    0x00, 0x02, 0xFC, 0x00, 0x00, 0x3F, 0xD0, 0x00, 0x07, 0xFD, 0x00, 0x00, 0x3F, 0x80, 0x00, 0x00,
    0x00, 0x00, 0x00, 0x00, 0x00, 0x00, 0x0F, 0xF0, 0x00, 0x01, 0xFF, 0x00, 0x00, 0x2F, 0xF0, 0x00,
    0x03, 0xFE, 0x00, 0x00, 0x3F, 0xD0, 0x00, 0x03, 0xFC, 0x00, 0x00, 0x7F, 0xC0, 0x00, 0x0B, 0xF8,
    0x00, 0x00, 0xFF, 0x80, 0x00, 0x0F, 0xF4, 0x00, 0x01, 0xFF, 0x00, 0x00, 0x1F, 0xF0, 0x00, 0x02,
    0xFE, 0x00, 0x00, 0x3F, 0xD0, 0x00, 0x03, 0xFD, 0x00, 0x00, 0x7F, 0xC0, 0x00, 0x0B, 0xFC, 0x00,
    0x00, 0xFF, 0x80, 0x00, 0x1F, 0xF4, 0x00, 0xAB, 0xFF, 0x00, 0x0B, 0xFF, 0xE0, 0x00, 0xBF, 0xF8,
    0x00, 0x0B, 0xFD, 0x00, 0x00, 0x00, 0x00, 0x00, 0x00, 0x00, 0x03, 0xFD, 0x00, 0x00, 0x00, 0x3F,
    0xC0, 0x00, 0x00, 0x07, 0xFC, 0x00, 0x00, 0x00, 0xBF, 0x80, 0x00, 0x00, 0x0F, 0xF8, 0x00, 0x00,
    0x00, 0xFF, 0x40, 0x00, 0x00, 0x0F, 0xF0, 0x07, 0xFE, 0x01, 0xFF, 0x01, 0xFF, 0x80, 0x2F, 0xE0,
    0x7F, 0xE0, 0x03, 0xFD, 0x0F, 0xF8, 0x00, 0x3F, 0xC3, 0xFE, 0x00, 0x07, 0xFC, 0xFF, 0x80, 0x00,
    0x7F, 0xFF, 0xE0, 0x00, 0x0B, 0xFF, 0xFC, 0x00, 0x00, 0xFF, 0xFF, 0xD0, 0x00, 0x0F, 0xFF, 0xFF,
    0x00, 0x01, 0xFF, 0x9F, 0xF4, 0x00, 0x2F, 0xF0, 0xFF, 0xC0, 0x02, 0xFE, 0x07, 0xFD, 0x00, 0x3F,
    0xD0, 0x3F, 0xF0, 0x03, 0xFC, 0x01, 0xFF, 0x40, 0x7F, 0xC0, 0x0F, 0xF8, 0x00, 0x00, 0x00, 0x00,
    0x03, 0xFD, 0x00, 0x3F, 0xC0, 0x07, 0xFC, 0x00, 0xBF, 0xC0, 0x0F, 0xF8, 0x00, 0xFF, 0x40, 0x0F,
    0xF0, 0x01, 0xFF, 0x00, 0x2F, 0xE0, 0x03, 0xFE, 0x00, 0x3F, 0xD0, 0x07, 0xFC, 0x00, 0x7F, 0xC0,
    0x0B, 0xF8, 0x00, 0xFF, 0x40, 0x0F, 0xF4, 0x01, 0xFF, 0x00, 0x2F, 0xF0, 0x03, 0xFE, 0x00, 0x3F,
    0xD0, 0x03, 0xFC, 0x00, 0x7F, 0xC0, 0x00, 0x00, 0x00, 0x00, 0x00, 0x00, 0x00, 0x00, 0x3F, 0x0B,
    0xFD, 0x02, 0xFF, 0x40, 0x1F, 0xCB, 0xFF, 0xC3, 0xFF, 0xF0, 0x0B, 0xFB, 0xFF, 0xFA, 0xFF, 0xFE,
    0x03, 0xFF, 0xD7, 0xFF, 0xF5, 0xFF, 0xC0, 0xFF, 0xC0, 0x7F, 0xF0, 0x1F, 0xF0, 0x3F, 0xE0, 0x1F,
    0xF4, 0x07, 0xFC, 0x1F, 0xF0, 0x0B, 0xFC, 0x02, 0xFE, 0x0B, 0xF8, 0x02, 0xFE, 0x00, 0xFF, 0x43,
    0xFD, 0x00, 0xFF, 0x40, 0x3F, 0xD0, 0xFF, 0x00, 0x3F, 0xC0, 0x0F, 0xF0, 0x7F, 0xC0, 0x1F, 0xF0,
    0x07, 0xFC, 0x2F, 0xF0, 0x0B, 0xF8, 0x02, 0xFE, 0x0B, 0xF8, 0x03, 0xFD, 0x00, 0xFF, 0x43, 0xFD,
    0x00, 0xFF, 0x40, 0x3F, 0xC0, 0xFF, 0x00, 0x3F, 0xC0, 0x1F, 0xF0, 0x7F, 0xC0, 0x1F, 0xF0, 0x07,
    0xFC, 0x00, 0x00, 0x00, 0x00, 0x00, 0x00, 0x3F, 0x0B, 0xFD, 0x00, 0x1F, 0xCB, 0xFF, 0xD0, 0x0B,
    0xFB, 0xFF, 0xFC, 0x03, 0xFF, 0xD7, 0xFF, 0x00, 0xFF, 0xC0, 0x7F, 0xC0, 0x3F, 0xE0, 0x0F, 0xF0,
    0x1F, 0xF0, 0x07, 0xFC, 0x0B, 0xF8, 0x02, 0xFE, 0x03, 0xFD, 0x00, 0xFF, 0x40, 0xFF, 0x00, 0x3F,
    0xD0, 0x7F, 0xC0, 0x0F, 0xF0, 0x2F, 0xF0, 0x07, 0xFC, 0x0B, 0xF8, 0x02, 0xFE, 0x03, 0xFD, 0x00,
    0xFF, 0x40, 0xFF, 0x00, 0x3F, 0xC0, 0x7F, 0xC0, 0x1F, 0xF0, 0x00, 0x00, 0x00, 0x00, 0x00, 0x00,
    0xBF, 0xF8, 0x00, 0x1F, 0xFF, 0xFC, 0x01, 0xFF, 0xFF, 0xFC, 0x0F, 0xFD, 0x6F, 0xF4, 0xBF, 0xD0,
    0x3F, 0xE3, 0xFE, 0x00, 0xBF, 0xDF, 0xF0, 0x02, 0xFF, 0x7F, 0xC0, 0x0B, 0xFA, 0xFE, 0x00, 0x3F,
    0xEB, 0xF8, 0x00, 0xFF, 0x6F, 0xE0, 0x07, 0xFC, 0xBF, 0xC0, 0x3F, 0xE1, 0xFF, 0x87, 0xFF, 0x03,
    0xFF, 0xFF, 0xF8, 0x03, 0xFF, 0xFF, 0x80, 0x02, 0xFF, 0xE4, 0x00, 0x00, 0x10, 0x00, 0x00, 0x00,
    0x00, 0x00, 0x00, 0x00, 0x03, 0xF0, 0xBF, 0xC0, 0x00, 0x7F, 0x3F, 0xFF, 0x00, 0x0B, 0xFF, 0xFF,
    0xF8, 0x00, 0xFF, 0xE5, 0xFF, 0xC0, 0x0F, 0xF8, 0x07, 0xFC, 0x01, 0xFF, 0x00, 0x7F, 0xC0, 0x1F,
    0xE0, 0x07, 0xFC, 0x02, 0xFD, 0x00, 0x7F, 0xC0, 0x3F, 0xC0, 0x0B, 0xFC, 0x03, 0xFC, 0x00, 0xFF,
    0x80, 0x7F, 0xC0, 0x1F, 0xF0, 0x0B, 0xFC, 0x03, 0xFF, 0x00, 0xBF, 0xF5, 0xFF, 0xD0, 0x0F, 0xFF,
    0xFF, 0xF8, 0x00, 0xFF, 0xBF, 0xFE, 0x00, 0x1F, 0xF2, 0xFF, 0x40, 0x02, 0xFE, 0x01, 0x00, 0x00,
    0x3F, 0xD0, 0x00, 0x00, 0x03, 0xFD, 0x00, 0x00, 0x00, 0x3F, 0xC0, 0x00, 0x00, 0x07, 0xFC, 0x00,
    0x00, 0x00, 0xBF, 0x80, 0x00, 0x00, 0x0F, 0xF4, 0x00, 0x00, 0x00, 0x00, 0x00, 0x00, 0x00, 0x00,
    0x3F, 0xF0, 0xBE, 0x01, 0xFF, 0xFD, 0xFE, 0x03, 0xFF, 0xFF, 0xFD, 0x0F, 0xFE, 0x6F, 0xFC, 0x1F,
    0xF4, 0x0F, 0xFC, 0x3F, 0xF0, 0x0B, 0xF8, 0x3F, 0xD0, 0x0B, 0xF4, 0x7F, 0xC0, 0x0F, 0xF4, 0xBF,
    0xC0, 0x0F, 0xF0, 0xBF, 0x80, 0x1F, 0xF0, 0xBF, 0x80, 0x2F, 0xE0, 0xBF, 0xC0, 0x7F, 0xD0, 0xBF,
    0xE1, 0xFF, 0xC0, 0x3F, 0xFF, 0xFF, 0xC0, 0x2F, 0xFF, 0xBF, 0xC0, 0x0B, 0xFC, 0xBF, 0x80, 0x00,
    0x40, 0xFF, 0x40, 0x00, 0x00, 0xFF, 0x00, 0x00, 0x01, 0xFF, 0x00, 0x00, 0x02, 0xFE, 0x00, 0x00,
    0x03, 0xFD, 0x00, 0x00, 0x03, 0xFD, 0x00, 0x00, 0x03, 0xFC, 0x00, 0x00, 0x00, 0x00, 0x00, 0x0F,
    0xD2, 0xFD, 0x01, 0xFD, 0xBF, 0xC0, 0x2F, 0xEF, 0xFC, 0x03, 0xFF, 0xFF, 0x80, 0x3F, 0xF8, 0x00,
    0x07, 0xFF, 0x00, 0x00, 0x7F, 0xC0, 0x00, 0x0B, 0xFC, 0x00, 0x00, 0xFF, 0x40, 0x00, 0x0F, 0xF4,
    0x00, 0x01, 0xFF, 0x00, 0x00, 0x2F, 0xF0, 0x00, 0x02, 0xFE, 0x00, 0x00, 0x3F, 0xD0, 0x00, 0x03,
    0xFC, 0x00, 0x00, 0x7F, 0xC0, 0x00, 0x00, 0x00, 0x00, 0x00, 0x00, 0x0B, 0xFF, 0xE4, 0x03, 0xFF,
    0xFF, 0xC0, 0xBF, 0xFF, 0xF8, 0x0F, 0xF8, 0x07, 0x00, 0xFF, 0x40, 0x00, 0x0F, 0xFD, 0x00, 0x00,
    0xBF, 0xF8, 0x00, 0x03, 0xFF, 0xF4, 0x00, 0x0B, 0xFF, 0xC0, 0x00, 0x1F, 0xFE, 0x00, 0x00, 0x3F,
    0xF0, 0x00, 0x02, 0xFF, 0x0A, 0x40, 0x7F, 0xE0, 0xBF, 0xFF, 0xFC, 0x0B, 0xFF, 0xFF, 0x40, 0x7F,
    0xFF, 0xD0, 0x00, 0x05, 0x00, 0x00, 0x00, 0x05, 0x00, 0x00, 0x3F, 0x00, 0x00, 0xBF, 0x00, 0x00,
    0xFE, 0x00, 0x0B, 0xFF, 0xFD, 0x7F, 0xFF, 0xFC, 0x7F, 0xFF, 0xFC, 0x1B, 0xFD, 0x54, 0x0F, 0xF8,
    0x00, 0x0F, 0xF4, 0x00, 0x0F, 0xF0, 0x00, 0x1F, 0xF0, 0x00, 0x2F, 0xE0, 0x00, 0x3F, 0xD0, 0x00,
    0x3F, 0xD0, 0x00, 0x3F, 0xC0, 0x00, 0x7F, 0xD1, 0x40, 0x3F, 0xFF, 0x80, 0x3F, 0xFF, 0x80, 0x0F,
    0xFF, 0x40, 0x00, 0x50, 0x00, 0x07, 0xFC, 0x00, 0xFF, 0x02, 0xFE, 0x00, 0x7F, 0xC0, 0xFF, 0x80,
    0x2F, 0xE0, 0x3F, 0xD0, 0x0F, 0xF4, 0x0F, 0xF0, 0x03, 0xFC, 0x07, 0xFC, 0x01, 0xFF, 0x02, 0xFE,
    0x00, 0xBF, 0xC0, 0xFF, 0x40, 0x3F, 0xE0, 0x3F, 0xC0, 0x0F, 0xF4, 0x0F, 0xF0, 0x07, 0xFC, 0x07,
    0xFC, 0x03, 0xFF, 0x01, 0xFF, 0x01, 0xFF, 0x80, 0x7F, 0xD2, 0xFF, 0xD0, 0x0F, 0xFF, 0xFB, 0xF4,
    0x03, 0xFF, 0xF5, 0xFC, 0x00, 0x3F, 0xF4, 0x7F, 0x00, 0x00, 0x40, 0x00, 0x00, 0x00, 0x7F, 0x80,
    0x03, 0xFD, 0x7F, 0xC0, 0x0B, 0xFC, 0x7F, 0xC0, 0x0F, 0xF4, 0x3F, 0xC0, 0x2F, 0xF0, 0x3F, 0xC0,
    0x3F, 0xC0, 0x3F, 0xC0, 0xBF, 0x80, 0x3F, 0xC0, 0xFF, 0x00, 0x2F, 0xC2, 0xFE, 0x00, 0x2F, 0xD3,
    0xFC, 0x00, 0x1F, 0xDB, 0xF8, 0x00, 0x1F, 0xDF, 0xF0, 0x00, 0x0F, 0xFF, 0xD0, 0x00, 0x0F, 0xFF,
    0xC0, 0x00, 0x0F, 0xFF, 0x40, 0x00, 0x0F, 0xFF, 0x00, 0x00, 0x0B, 0xFD, 0x00, 0x00, 0x3F, 0x80,
    0x2F, 0xF4, 0x03, 0xFC, 0x3F, 0xC0, 0x3F, 0xF4, 0x0B, 0xFC, 0x3F, 0xC0, 0x7F, 0xF4, 0x0F, 0xF4,
    0x3F, 0xC0, 0xFF, 0xF4, 0x1F, 0xF0, 0x3F, 0xC1, 0xFF, 0xF4, 0x3F, 0xD0, 0x3F, 0xC2, 0xFB, 0xF4,
    0x7F, 0xC0, 0x3F, 0xC3, 0xF3, 0xF4, 0xBF, 0x40, 0x3F, 0xCB, 0xF3, 0xF4, 0xFF, 0x00, 0x3F, 0xCF,
    0xD3, 0xF6, 0xFD, 0x00, 0x3F, 0xDF, 0xC3, 0xF7, 0xFC, 0x00, 0x2F, 0xEF, 0x43, 0xF7, 0xF8, 0x00,
    0x2F, 0xFF, 0x03, 0xFF, 0xF0, 0x00, 0x2F, 0xFE, 0x03, 0xFF, 0xE0, 0x00, 0x2F, 0xFC, 0x03, 0xFF,
    0xC0, 0x00, 0x2F, 0xFC, 0x03, 0xFF, 0x80, 0x00, 0x2F, 0xF4, 0x03, 0xFF, 0x00, 0x00, 0x00, 0xBF,
    0xC0, 0x1F, 0xF8, 0x00, 0xFF, 0x40, 0xFF, 0xC0, 0x03, 0xFE, 0x0F, 0xFC, 0x00, 0x07, 0xFC, 0x7F,
    0xC0, 0x00, 0x0F, 0xF7, 0xFD, 0x00, 0x00, 0x2F, 0xFF, 0xE0, 0x00, 0x00, 0x3F, 0xFE, 0x00, 0x00,
    0x00, 0xFF, 0xF0, 0x00, 0x00, 0x07, 0xFF, 0x80, 0x00, 0x00, 0x3F, 0xFF, 0x00, 0x00, 0x03, 0xFF,
    0xFD, 0x00, 0x00, 0x2F, 0xF7, 0xFC, 0x00, 0x02, 0xFF, 0x0F, 0xF4, 0x00, 0x1F, 0xF4, 0x3F, 0xE0,
    0x00, 0xFF, 0x80, 0x7F, 0xC0, 0x0F, 0xFC, 0x00, 0xFF, 0x80, 0x00, 0x7F, 0x80, 0x03, 0xFD, 0x00,
    0x7F, 0xC0, 0x0B, 0xFC, 0x00, 0x3F, 0xC0, 0x0F, 0xF4, 0x00, 0x3F, 0xC0, 0x2F, 0xF0, 0x00, 0x3F,
    0xC0, 0x3F, 0xD0, 0x00, 0x3F, 0xC0, 0xBF, 0xC0, 0x00, 0x2F, 0xD0, 0xFF, 0x00, 0x00, 0x1F, 0xD2,
    0xFE, 0x00, 0x00, 0x1F, 0xE3, 0xFC, 0x00, 0x00, 0x0F, 0xE7, 0xF8, 0x00, 0x00, 0x0F, 0xEF, 0xF0,
    0x00, 0x00, 0x0F, 0xFF, 0xE0, 0x00, 0x00, 0x0B, 0xFF, 0xC0, 0x00, 0x00, 0x0B, 0xFF, 0x80, 0x00,
    0x00, 0x07, 0xFF, 0x00, 0x00, 0x00, 0x07, 0xFD, 0x00, 0x00, 0x00, 0x07, 0xFC, 0x00, 0x00, 0x00,
    0x0F, 0xF4, 0x00, 0x00, 0x00, 0x3F, 0xF0, 0x00, 0x00, 0x2A, 0xFF, 0xC0, 0x00, 0x00, 0x3F, 0xFF,
    0x40, 0x00, 0x00, 0x3F, 0xFD, 0x00, 0x00, 0x00, 0x3F, 0xE0, 0x00, 0x00, 0x00, 0x00, 0xFF, 0xFF,
    0xFC, 0x03, 0xFF, 0xFF, 0xE0, 0x1F, 0xFF, 0xFF, 0x40, 0x15, 0x5F, 0xFC, 0x00, 0x00, 0xBF, 0xC0,
    0x00, 0x0B, 0xFD, 0x00, 0x00, 0x7F, 0xD0, 0x00, 0x03, 0xFE, 0x00, 0x00, 0x3F, 0xF0, 0x00, 0x03,
    0xFF, 0x00, 0x00, 0x2F, 0xF0, 0x00, 0x01, 0xFF, 0x40, 0x00, 0x1F, 0xF9, 0x55, 0x00, 0xFF, 0xFF,
    0xFD, 0x03, 0xFF, 0xFF, 0xF0, 0x1F, 0xFF, 0xFF, 0xC0, 0x00, 0x00, 0x2B, 0xC0, 0x00, 0x1F, 0xFC,
    0x00, 0x03, 0xFF, 0x80, 0x00, 0x7F, 0xE4, 0x00, 0x0B, 0xF0, 0x00, 0x00, 0xFF, 0x00, 0x00, 0x0F,
    0xE0, 0x00, 0x01, 0xFD, 0x00, 0x00, 0x2F, 0xC0, 0x00, 0x03, 0xFC, 0x00, 0x00, 0xBF, 0x80, 0x01,
    0xFF, 0xF0, 0x00, 0x2F, 0xF4, 0x00, 0x03, 0xFF, 0x40, 0x00, 0x1B, 0xFC, 0x00, 0x00, 0x2F, 0xD0,
    0x00, 0x01, 0xFD, 0x00, 0x00, 0x1F, 0xC0, 0x00, 0x02, 0xFC, 0x00, 0x00, 0x3F, 0xC0, 0x00, 0x03,
    0xF8, 0x00, 0x00, 0x7F, 0x80, 0x00, 0x03, 0xFF, 0x00, 0x00, 0x3F, 0xF4, 0x00, 0x01, 0xFF, 0x40,
    0x00, 0x01, 0xA0, 0x00, 0x00, 0xBE, 0xBE, 0xBE, 0xBE, 0xBE, 0xBE, 0xBE, 0xBE, 0xBE, 0xBE, 0xBE,
    0xBE, 0xBE, 0xBE, 0xBE, 0xBE, 0xBE, 0xBE, 0xBE, 0xBE, 0xBE, 0xBE, 0xBE, 0xBE, 0xBE, 0xBE, 0xBE,
    0xBE, 0x69, 0x00, 0x2E, 0x40, 0x00, 0x0F, 0xF8, 0x00, 0x03, 0xFF, 0x40, 0x00, 0xBF, 0xE0, 0x00,
    0x07, 0xF8, 0x00, 0x01, 0xFD, 0x00, 0x00, 0xBF, 0x00, 0x00, 0x2F, 0xC0, 0x00, 0x0F, 0xE0, 0x00,
    0x03, 0xF8, 0x00, 0x00, 0xFF, 0x00, 0x00, 0x2F, 0xF8, 0x00, 0x02, 0xFF, 0x00, 0x02, 0xFF, 0xC0,
    0x03, 0xFF, 0xE0, 0x01, 0xFF, 0x00, 0x00, 0xBF, 0x00, 0x00, 0x3F, 0xC0, 0x00, 0x0F, 0xE0, 0x00,
    0x07, 0xF4, 0x00, 0x02, 0xFC, 0x00, 0x00, 0xFF, 0x00, 0x06, 0xFF, 0x80, 0x01, 0xFF, 0xC0, 0x00,
    0x7F, 0xD0, 0x00, 0x1A, 0x40, 0x00, 0x00, 0x06, 0xA4, 0x00, 0x04, 0xFF, 0xFE, 0x40, 0xE7, 0xFF,
    0xFF, 0xFF, 0x9F, 0x5B, 0xFF, 0xFE, 0x50, 0x01, 0xBF, 0xD0, 0x00, 0x00, 0x00, 0x00, 0x00, 0x0B,
    0xC0, 0x03, 0xFE, 0x00, 0x3F, 0xF0, 0x03, 0xFD, 0x00, 0x1F, 0x80, 0x00, 0x00, 0x00, 0x00, 0x00,
    0x06, 0xA0, 0x00, 0xBF, 0x00, 0x0F, 0xE0, 0x00, 0xFE, 0x00, 0x1F, 0xD0, 0x03, 0xFC, 0x00, 0x3F,
    0xC0, 0x07, 0xFC, 0x00, 0xBF, 0x80, 0x0F, 0xF8, 0x00, 0xFF, 0x40, 0x1F, 0xF0, 0x02, 0xFF, 0x00,
    0x3F, 0xF0, 0x01, 0x54, 0x00, 0x00, 0x00, 0x00, 0x00, 0x00, 0x0F, 0x80, 0x00, 0x01, 0xF4, 0x00,
    0x01, 0xBF, 0xE4, 0x00, 0xBF, 0xFF, 0xD0, 0x3F, 0xFF, 0xFC, 0x0B, 0xFF, 0xAB, 0x41, 0xFF, 0x80,
    0x00, 0x2F, 0xF0, 0x00, 0x03, 0xFD, 0x00, 0x00, 0x7F, 0xC0, 0x00, 0x0B, 0xFC, 0x00, 0x00, 0xBF,
    0x80, 0x00, 0x0B, 0xF8, 0x00, 0x00, 0xBF, 0xC0, 0x00, 0x07, 0xFE, 0x01, 0xC0, 0x3F, 0xFF, 0xFC,
    0x02, 0xFF, 0xFF, 0xC0, 0x07, 0xFF, 0xF8, 0x00, 0x0F, 0xD4, 0x00, 0x00, 0xF8, 0x00, 0x00, 0x1F,
    0x40, 0x00, 0x00, 0x50, 0x00, 0x00, 0x00, 0x00, 0x00, 0x00, 0x00, 0x00, 0x00, 0x2F, 0xFE, 0x40,
    0x00, 0x07, 0xFF, 0xFF, 0x40, 0x00, 0x3F, 0xFF, 0xFC, 0x00, 0x02, 0xFF, 0x96, 0xE0, 0x00, 0x0F,
    0xF8, 0x00, 0x00, 0x00, 0x7F, 0xC0, 0x00, 0x00, 0x02, 0xFF, 0x00, 0x00, 0x00, 0x0B, 0xF8, 0x00,
    0x00, 0x00, 0x3F, 0xD0, 0x00, 0x00, 0x3F, 0xFF, 0xFF, 0x40, 0x00, 0xFF, 0xFF, 0xFD, 0x00, 0x07,
    0xFF, 0xFF, 0xF0, 0x00, 0x05, 0xFF, 0x95, 0x00, 0x00, 0x03, 0xFD, 0x00, 0x00, 0x00, 0x0F, 0xF0,
    0x00, 0x00, 0x00, 0xBF, 0x80, 0x00, 0x00, 0x0B, 0xF8, 0x00, 0x00, 0x01, 0xFF, 0xEA, 0xAA, 0x90,
    0x0B, 0xFF, 0xFF, 0xFF, 0x80, 0x3F, 0xFF, 0xFF, 0xFD, 0x00, 0xFF, 0xFF, 0xFF, 0xF0, 0x00, 0x09,
    0x00, 0x02, 0x40, 0xBD, 0xBF, 0x6F, 0x83, 0xFF, 0xFF, 0xFE, 0x03, 0xFF, 0xFF, 0xE0, 0x0F, 0xE0,
    0x7F, 0x80, 0x3F, 0x00, 0x3F, 0x01, 0xF8, 0x00, 0xFC, 0x03, 0xF0, 0x03, 0xF0, 0x0F, 0xD0, 0x2F,
    0x80, 0x2F, 0xFB, 0xFD, 0x02, 0xFF, 0xFF, 0xFD, 0x0F, 0xFF, 0xFF, 0xF8, 0x0E, 0x05, 0x03, 0xC0,
    0x00, 0x00, 0x00, 0x00, 0x0F, 0xF0, 0x00, 0x7F, 0xC0, 0xFF, 0x40, 0x0F, 0xF4, 0x0B, 0xF4, 0x02,
    0xFF, 0x00, 0x7F, 0x80, 0x3F, 0xC0, 0x03, 0xFC, 0x0F, 0xF4, 0x00, 0x3F, 0xC1, 0xFF, 0x00, 0x02,
    0xFD, 0x3F, 0xC0, 0x00, 0x1F, 0xDB, 0xF4, 0x00, 0x00, 0xFF, 0xFE, 0x00, 0x00, 0x0F, 0xFF, 0xC0,
    0x00, 0x00, 0xBF, 0xF8, 0x00, 0x01, 0xFF, 0xFF, 0xFC, 0x00, 0x2F, 0xFF, 0xFF, 0x80, 0x01, 0x5B,
    0xFD, 0x50, 0x00, 0x00, 0x7F, 0x80, 0x00, 0x02, 0xAF, 0xFE, 0xA0, 0x00, 0x7F, 0xFF, 0xFF, 0x00,
    0x0B, 0xFF, 0xFF, 0xE0, 0x00, 0x01, 0xFF, 0x00, 0x00, 0x00, 0x2F, 0xE0, 0x00, 0x00, 0x02, 0xFD,
    0x00, 0x00, 0x00, 0x00, 0xBE, 0xBE, 0xBE, 0xBE, 0xBE, 0xBE, 0xBE, 0xBE, 0xBE, 0xBE, 0xBE, 0x69,
    0x00, 0x00, 0x00, 0x00, 0x00, 0xBE, 0xBE, 0xBE, 0xBE, 0xBE, 0xBE, 0xBE, 0xBE, 0xBE, 0xBE, 0xBE,
    0x69, 0x00, 0x00, 0x14, 0x00, 0x00, 0x2F, 0xFF, 0x80, 0x07, 0xFF, 0xFF, 0x40, 0x3F, 0xE6, 0xFC,
    0x01, 0xFE, 0x00, 0x10, 0x07, 0xF8, 0x00, 0x00, 0x0F, 0xF8, 0x00, 0x00, 0x1F, 0xFE, 0x00, 0x00,
    0xBF, 0xFF, 0x00, 0x0F, 0xF7, 0xFF, 0x00, 0x7F, 0x03, 0xFC, 0x03, 0xF8, 0x07, 0xF0, 0x0F, 0xF0,
    0x1F, 0xC0, 0x2F, 0xE0, 0xFE, 0x00, 0x3F, 0xFF, 0xF0, 0x00, 0x3F, 0xFF, 0x00, 0x00, 0x1F, 0xFC,
    0x00, 0x00, 0x0B, 0xF8, 0x00, 0x00, 0x0F, 0xF0, 0x24, 0x00, 0x7F, 0x80, 0xBE, 0xAB, 0xFD, 0x02,
    0xFF, 0xFF, 0xD0, 0x06, 0xFF, 0xF9, 0x00, 0x00, 0x14, 0x00, 0x00, 0x1F, 0x42, 0xE0, 0xFF, 0x2F,
    0xD3, 0xF8, 0xBF, 0x0B, 0xC0, 0xF4, 0x00, 0x00, 0x00, 0x00, 0x00, 0x00, 0x00, 0x2F, 0xFF, 0x80,
    0x00, 0x00, 0x2F, 0xFE, 0xFF, 0x80, 0x00, 0x0F, 0xD0, 0x00, 0x7F, 0x40, 0x03, 0xE0, 0x00, 0x00,
    0xBD, 0x00, 0xB8, 0x06, 0xFF, 0x82, 0xF0, 0x1F, 0x01, 0xFF, 0xFC, 0x0B, 0x83, 0xD0, 0x7E, 0x01,
    0x40, 0x3C, 0x3C, 0x0F, 0xC0, 0x00, 0x02, 0xD7, 0x80, 0xF4, 0x00, 0x00, 0x1E, 0xB4, 0x1F, 0x00,
    0x00, 0x01, 0xFB, 0x41, 0xF0, 0x00, 0x00, 0x0F, 0xB4, 0x1F, 0x00, 0x00, 0x01, 0xF7, 0x80, 0xF4,
    0x00, 0x00, 0x1E, 0x3C, 0x0F, 0x80, 0x00, 0x02, 0xD3, 0xC0, 0x7D, 0x00, 0x00, 0x3C, 0x2F, 0x03,
    0xFF, 0xFC, 0x0B, 0xC0, 0xF4, 0x0B, 0xFF, 0x81, 0xF0, 0x07, 0xE0, 0x01, 0x00, 0x7D, 0x00, 0x1F,
    0xD0, 0x00, 0x2F, 0x80, 0x00, 0x3F, 0xEA, 0xBF, 0xD0, 0x00, 0x00, 0x6F, 0xFF, 0xD0, 0x00, 0x00,
    0x00, 0x05, 0x00, 0x00, 0x00, 0x00, 0x00, 0x00, 0x0B, 0xE3, 0xD0, 0xFF, 0xFF, 0x0F, 0xE2, 0xFC,
    0x7F, 0x03, 0xF2, 0xF4, 0x0F, 0x8F, 0xD0, 0x7D, 0x3F, 0x02, 0xF0, 0xFD, 0x1F, 0xC2, 0xFF, 0xFE,
    0x03, 0xFD, 0xF4, 0x00, 0x40, 0x00, 0x00, 0x10, 0x00, 0x40, 0x00, 0x7D, 0x01, 0xF4, 0x00, 0xFF,
    0x47, 0xFD, 0x03, 0xFE, 0x0F, 0xF8, 0x0F, 0xFC, 0x3F, 0xF0, 0x3F, 0xF0, 0xFF, 0xC0, 0xBF, 0xC2,
    0xFF, 0x00, 0xFF, 0x83, 0xFE, 0x00, 0x7F, 0xC1, 0xFF, 0x00, 0x3F, 0xD0, 0xFF, 0x40, 0x2F, 0xF0,
    0xBF, 0xC0, 0x0F, 0xF0, 0x3F, 0xC0, 0x0B, 0xE0, 0x2F, 0x80, 0x01, 0x00, 0x04, 0x00, 0x7F, 0xFF,
    0xFF, 0xF9, 0xFF, 0xFF, 0xFF, 0xE7, 0xFF, 0xFF, 0xFF, 0x85, 0x55, 0x55, 0xBE, 0x00, 0x00, 0x01,
    0xF8, 0x00, 0x00, 0x07, 0xE0, 0x00, 0x00, 0x1F, 0x80, 0x00, 0x00, 0x7E, 0x00, 0x00, 0x00, 0x54,
    0x2A, 0xAA, 0x4F, 0xFF, 0xE3, 0xFF, 0xF5, 0xFF, 0xFC, 0x00, 0x00, 0x00, 0x00, 0x00, 0x00, 0x00,
    0x2F, 0xFF, 0x80, 0x00, 0x00, 0x2F, 0xFE, 0xFF, 0x80, 0x00, 0x0F, 0xD0, 0x00, 0x7F, 0x40, 0x03,
    0xE0, 0x00, 0x00, 0xBD, 0x00, 0xB8, 0x3F, 0xFD, 0x02, 0xF0, 0x1F, 0x03, 0xFF, 0xF8, 0x0B, 0x83,
    0xD0, 0x3D, 0x0B, 0xD0, 0x3C, 0x3C, 0x03, 0xD0, 0x3D, 0x02, 0xD7, 0x80, 0x3D, 0x03, 0xD0, 0x1E,
    0xB4, 0x03, 0xD0, 0xBC, 0x01, 0xFB, 0x40, 0x3F, 0xFF, 0x40, 0x0F, 0xB4, 0x03, 0xFF, 0xD0, 0x01,
    0xF7, 0x80, 0x3D, 0x2F, 0x00, 0x1E, 0x3C, 0x03, 0xD0, 0xF8, 0x02, 0xD3, 0xC0, 0x3D, 0x07, 0xC0,
    0x3C, 0x2F, 0x03, 0xD0, 0x3E, 0x0B, 0xC0, 0xF4, 0x3D, 0x01, 0xF5, 0xF0, 0x07, 0xE0, 0x00, 0x00,
    0x7D, 0x00, 0x1F, 0xD0, 0x00, 0x2F, 0x80, 0x00, 0x3F, 0xEA, 0xBF, 0xD0, 0x00, 0x00, 0x6F, 0xFF,
    0xD0, 0x00, 0x00, 0x00, 0x05, 0x00, 0x00, 0x00, 0x00, 0x00, 0x00, 0x00, 0xBF, 0xFF, 0xFF, 0xC2,
    0xFF, 0xFF, 0xFF, 0x0F, 0xFF, 0xFF, 0xF8, 0x00, 0x00, 0x00, 0x1F, 0xF8, 0x02, 0xFF, 0xFC, 0x1F,
    0xEB, 0xF8, 0xBD, 0x03, 0xF3, 0xF0, 0x0B, 0xCF, 0xC0, 0x2F, 0x2F, 0x81, 0xFC, 0x3F, 0xFF, 0xD0,
    0x7F, 0xFE, 0x00, 0x1A, 0x80, 0x00, 0x00, 0x05, 0x40, 0x00, 0x00, 0x3F, 0x00, 0x00, 0x00, 0xFC,
    0x00, 0x00, 0x03, 0xF0, 0x00, 0x00, 0x0F, 0xC0, 0x00, 0x00, 0x3F, 0x00, 0x06, 0xAA, 0xFF, 0xAA,
    0x5F, 0xFF, 0xFF, 0xFE, 0x7F, 0xFF, 0xFF, 0xF8, 0x55, 0x7F, 0x95, 0x50, 0x00, 0xFC, 0x00, 0x00,
    0x03, 0xF0, 0x00, 0x00, 0x0F, 0xC0, 0x00, 0x00, 0x3F, 0x00, 0x00, 0x00, 0xFC, 0x00, 0x00, 0x00,
    0x00, 0x00, 0x7F, 0xFF, 0xFF, 0xF9, 0xFF, 0xFF, 0xFF, 0xE7, 0xFF, 0xFF, 0xFF, 0x80, 0x00, 0x6F,
    0xD0, 0x03, 0xFF, 0xF8, 0x03, 0xFF, 0xFC, 0x01, 0x81, 0xFD, 0x00, 0x00, 0xFC, 0x00, 0x03, 0xFC,
    0x00, 0x0F, 0xF0, 0x00, 0x3F, 0xC0, 0x01, 0xFE, 0x00, 0x0B, 0xF4, 0x00, 0x2F, 0xFF, 0xF4, 0x3F,
    0xFF, 0xF0, 0x3F, 0xFF, 0xF0, 0x01, 0xBF, 0x80, 0x3F, 0xFF, 0xC0, 0xBE, 0xFF, 0x40, 0x40, 0xFD,
    0x00, 0x03, 0xF0, 0x06, 0xBF, 0x40, 0x3F, 0xF0, 0x00, 0xAF, 0xF0, 0x00, 0x0F, 0xD0, 0x00, 0x3F,
    0x4F, 0x97, 0xFC, 0x3F, 0xFF, 0xE0, 0x7F, 0xF9, 0x00, 0x00, 0x00, 0x00, 0x00, 0x55, 0x00, 0xFF,
    0x80, 0xFF, 0x80, 0xBF, 0x80, 0x7F, 0x40, 0x05, 0x00, 0x00, 0x00, 0x3F, 0xC0, 0x0F, 0xF0, 0x01,
    0xFF, 0x00, 0x7F, 0xC0, 0x0B, 0xF8, 0x01, 0xFF, 0x00, 0x3F, 0xD0, 0x0B, 0xF8, 0x00, 0xFF, 0x40,
    0x3F, 0xD0, 0x07, 0xFC, 0x00, 0xFF, 0x00, 0x1F, 0xF0, 0x07, 0xFC, 0x00, 0xBF, 0x80, 0x2F, 0xE0,
    0x03, 0xFD, 0x00, 0xFF, 0x80, 0x0F, 0xF0, 0x03, 0xFD, 0x00, 0x7F, 0xC0, 0x2F, 0xF0, 0x02, 0xFF,
    0x00, 0xFF, 0xC0, 0x0B, 0xFE, 0x1F, 0xFE, 0x00, 0x3F, 0xFF, 0xFF, 0xF4, 0x00, 0xFF, 0xFF, 0xDF,
    0xC0, 0x07, 0xFF, 0xFC, 0x3F, 0x00, 0x2F, 0xE0, 0x00, 0x00, 0x00, 0xFF, 0x40, 0x00, 0x00, 0x03,
    0xFD, 0x00, 0x00, 0x00, 0x0F, 0xF0, 0x00, 0x00, 0x00, 0x7F, 0xC0, 0x00, 0x00, 0x02, 0xFE, 0x00,
    0x00, 0x00, 0x0F, 0xF4, 0x00, 0x00, 0x00, 0x00, 0x00, 0x00, 0x00, 0x00, 0x02, 0xFF, 0xFF, 0xFC,
    0x0F, 0xFF, 0xFF, 0xFC, 0x3F, 0xFF, 0xFE, 0xBC, 0x7F, 0xFF, 0xF4, 0x3C, 0xBF, 0xFF, 0xF4, 0x3C,
    0xFF, 0xFF, 0xF4, 0x3C, 0xFF, 0xFF, 0xF4, 0x3C, 0xFF, 0xFF, 0xF4, 0x3C, 0xFF, 0xFF, 0xF4, 0x3C,
    0xBF, 0xFF, 0xF4, 0x3C, 0x7F, 0xFF, 0xF4, 0x3C, 0x3F, 0xFF, 0xF4, 0x3C, 0x1F, 0xFF, 0xF4, 0x3C,
    0x07, 0xFF, 0xF4, 0x3C, 0x00, 0x14, 0xF4, 0x3C, 0x00, 0x00, 0xF4, 0x3C, 0x00, 0x00, 0xF4, 0x3C,
    0x00, 0x00, 0xF4, 0x3C, 0x00, 0x00, 0xF4, 0x3C, 0x00, 0x00, 0xF4, 0x3C, 0x00, 0x00, 0xF4, 0x3C,
    0x00, 0x00, 0xF4, 0x3C, 0x00, 0x00, 0xF4, 0x3C, 0x00, 0x00, 0xF4, 0x3C, 0x00, 0x00, 0xF4, 0x3C,
    0x00, 0x00, 0xA4, 0x28, 0x01, 0x40, 0x7F, 0xC3, 0xFF, 0x0F, 0xFC, 0x3F, 0xD0, 0x14, 0x00, 0x0B,
    0xC0, 0x7F, 0x80, 0x7F, 0x80, 0xBE, 0x9B, 0xFB, 0xFF, 0xCF, 0xF8, 0x00, 0x00, 0x0A, 0x80, 0x07,
    0xFC, 0x03, 0xFF, 0xC2, 0xFF, 0xF8, 0x3F, 0xFF, 0x41, 0xD3, 0xF0, 0x00, 0xBF, 0x00, 0x0B, 0xF0,
    0x00, 0xFE, 0x00, 0x0F, 0xD0, 0x01, 0xFC, 0x00, 0x2F, 0xC0, 0x02, 0xF8, 0x00, 0x02, 0xFE, 0x00,
    0xFF, 0xFC, 0x2F, 0xDF, 0xD3, 0xF0, 0x7E, 0x7E, 0x07, 0xEB, 0xD0, 0xBD, 0xBD, 0x0F, 0xD7, 0xE1,
    0xFC, 0x3F, 0xFF, 0x41, 0xFF, 0xD0, 0x01, 0x40, 0x00, 0x00, 0x50, 0x01, 0x40, 0x07, 0xF0, 0x1F,
    0xC0, 0x0B, 0xF8, 0x2F, 0xD0, 0x07, 0xFC, 0x1F, 0xF0, 0x03, 0xFD, 0x0F, 0xF4, 0x02, 0xFF, 0x0B,
    0xFC, 0x00, 0xFF, 0x43, 0xFC, 0x02, 0xFF, 0x0B, 0xFC, 0x07, 0xFD, 0x2F, 0xF0, 0x1F, 0xF4, 0x7F,
    0xD0, 0x3F, 0xE0, 0xFF, 0x40, 0xBF, 0x83, 0xFE, 0x00, 0x2F, 0x00, 0xF8, 0x00, 0x04, 0x00, 0x10,
    0x00, 0x00, 0x1A, 0x40, 0x00, 0xBE, 0x00, 0x0F, 0xF4, 0x00, 0x1F, 0xC0, 0x0B, 0xFF, 0x40, 0x03,
    0xF4, 0x07, 0xFF, 0xF0, 0x00, 0xFE, 0x00, 0xBF, 0xFF, 0x00, 0x2F, 0xC0, 0x03, 0x8F, 0xE0, 0x07,
    0xF0, 0x00, 0x00, 0xFD, 0x00, 0xFD, 0x00, 0x00, 0x1F, 0xC0, 0x3F, 0x80, 0x00, 0x02, 0xFC, 0x0B,
    0xF0, 0x1A, 0x80, 0x2F, 0xC1, 0xFC, 0x07, 0xFC, 0x03, 0xF8, 0x3F, 0x41, 0xFF, 0xC0, 0x3F, 0x4F,
    0xE0, 0x3F, 0xF8, 0x07, 0xF2, 0xFC, 0x0F, 0xFF, 0x40, 0x00, 0x7F, 0x03, 0xF7, 0xF0, 0x00, 0x0F,
    0xD0, 0xBD, 0x7F, 0x00, 0x03, 0xF8, 0x2F, 0x4B, 0xF0, 0x00, 0xBF, 0x03, 0xFA, 0xFF, 0x80, 0x1F,
    0xC0, 0x7F, 0xFF, 0xFC, 0x03, 0xF4, 0x06, 0xAB, 0xFF, 0x80, 0xFE, 0x00, 0x00, 0x1F, 0xC0, 0x2F,
    0xC0, 0x00, 0x02, 0xF8, 0x00, 0x00, 0x1A, 0x40, 0x00, 0xBE, 0x00, 0x03, 0xFD, 0x00, 0x07, 0xF0,
    0x00, 0xBF, 0xF4, 0x00, 0x3F, 0x00, 0x1F, 0xFF, 0xC0, 0x03, 0xF4, 0x00, 0xBF, 0xFF, 0x00, 0x2F,
    0x80, 0x00, 0xE3, 0xF8, 0x01, 0xFC, 0x00, 0x00, 0x0F, 0xD0, 0x0F, 0xD0, 0x00, 0x00, 0x7F, 0x00,
    0xFE, 0x00, 0x00, 0x02, 0xFC, 0x0B, 0xF0, 0xBF, 0x80, 0x0B, 0xF0, 0x7F, 0x2F, 0xFF, 0xC0, 0x3F,
    0x83, 0xF4, 0xBF, 0xFF, 0x80, 0xFD, 0x3F, 0x80, 0xD0, 0xFF, 0x07, 0xF2, 0xFC, 0x00, 0x03, 0xF8,
    0x00, 0x1F, 0xC0, 0x00, 0x1F, 0xC0, 0x00, 0xFD, 0x00, 0x01, 0xFD, 0x00, 0x0F, 0xE0, 0x00, 0x2F,
    0xD0, 0x00, 0xBF, 0x00, 0x03, 0xFC, 0x00, 0x07, 0xF0, 0x00, 0x7F, 0x80, 0x00, 0x3F, 0x40, 0x07,
    0xFF, 0xFE, 0x03, 0xF8, 0x00, 0x2F, 0xFF, 0xF8, 0x2F, 0xC0, 0x00, 0xFF, 0xFF, 0xD0, 0x01, 0xBF,
    0x80, 0x00, 0x0B, 0xD0, 0x0B, 0xFF, 0xF0, 0x00, 0x2F, 0xC0, 0x07, 0xEB, 0xF8, 0x00, 0x7F, 0x00,
    0x01, 0x02, 0xF8, 0x00, 0xFD, 0x00, 0x00, 0x03, 0xF4, 0x03, 0xF8, 0x00, 0x01, 0xAF, 0xE0, 0x0B,
    0xF0, 0x00, 0x02, 0xFF, 0x00, 0x1F, 0xC0, 0x00, 0x02, 0xBF, 0xC0, 0x3F, 0x40, 0x00, 0x00, 0x0B,
    0xE0, 0xFE, 0x02, 0xA8, 0x00, 0x0B, 0xE2, 0xFC, 0x0B, 0xFC, 0xB9, 0x6F, 0xD7, 0xF0, 0x1F, 0xF8,
    0xBF, 0xFF, 0x8F, 0xD0, 0x7F, 0xF4, 0x7F, 0xFD, 0x2F, 0x80, 0xFF, 0xF4, 0x00, 0x00, 0x7F, 0x03,
    0xF7, 0xF0, 0x00, 0x00, 0xFC, 0x0F, 0xCB, 0xF0, 0x00, 0x03, 0xF4, 0x2F, 0x4F, 0xE0, 0x00, 0x0B,
    0xE0, 0x7F, 0xAF, 0xF8, 0x00, 0x1F, 0xC0, 0xBF, 0xFF, 0xFC, 0x00, 0x3F, 0x40, 0xAA, 0xBF, 0xE8,
    0x00, 0xFE, 0x00, 0x00, 0x2F, 0xC0, 0x02, 0xFC, 0x00, 0x00, 0x2F, 0x80, 0x00, 0x00, 0x00, 0x00,
    0x00, 0x3F, 0xC0, 0x00, 0x2F, 0xF4, 0x00, 0x0B, 0xFC, 0x00, 0x01, 0xFF, 0x00, 0x00, 0x19, 0x00,
    0x00, 0x00, 0x00, 0x00, 0x00, 0x00, 0x00, 0x03, 0xF8, 0x00, 0x01, 0xFD, 0x00, 0x00, 0xFF, 0x00,
    0x01, 0xFF, 0x80, 0x02, 0xFF, 0xC0, 0x03, 0xFF, 0x80, 0x03, 0xFF, 0x40, 0x01, 0xFF, 0x00, 0x00,
    0xBF, 0x80, 0x00, 0x3F, 0xE0, 0x01, 0x0B, 0xFD, 0x5B, 0xC1, 0xFF, 0xFF, 0xF8, 0x2F, 0xFF, 0xFE,
    0x02, 0xFF, 0xF8, 0x00, 0x00, 0x00, 0x00, 0x00, 0x00, 0x01, 0x54, 0x00, 0x00, 0x00, 0x0F, 0xF4,
    0x00, 0x00, 0x00, 0x1F, 0xE0, 0x00, 0x00, 0x00, 0x2F, 0xC0, 0x00, 0x00, 0x00, 0x2F, 0x80, 0x00,
    0x00, 0x00, 0x15, 0x00, 0x00, 0x00, 0x00, 0x00, 0x00, 0x00, 0x00, 0xFF, 0xD0, 0x00, 0x00, 0x0B,
    0xFF, 0x80, 0x00, 0x00, 0x3F, 0xFE, 0x00, 0x00, 0x02, 0xFF, 0xFC, 0x00, 0x00, 0x0F, 0xFB, 0xF0,
    0x00, 0x00, 0xBF, 0x6F, 0xC0, 0x00, 0x03, 0xFC, 0xBF, 0x00, 0x00, 0x2F, 0xD2, 0xFC, 0x00, 0x00,
    0xFF, 0x07, 0xF4, 0x00, 0x0B, 0xF4, 0x1F, 0xD0, 0x00, 0x7F, 0xC0, 0x7F, 0x80, 0x03, 0xFD, 0x01,
    0xFE, 0x00, 0x1F, 0xFA, 0xAB, 0xF8, 0x00, 0xFF, 0xFF, 0xFF, 0xF0, 0x07, 0xFF, 0xFF, 0xFF, 0xC0,
    0x3F, 0xFF, 0xFF, 0xFF, 0x01, 0xFF, 0x00, 0x03, 0xFC, 0x0F, 0xF8, 0x00, 0x0F, 0xF0, 0x7F, 0xC0,
    0x00, 0x3F, 0xD3, 0xFE, 0x00, 0x00, 0xFF, 0x5F, 0xF0, 0x00, 0x02, 0xFE, 0x00, 0x00, 0x00, 0x01,
    0x55, 0x00, 0x00, 0x00, 0x07, 0xFD, 0x00, 0x00, 0x00, 0x0F, 0xF4, 0x00, 0x00, 0x00, 0x3F, 0xC0,
    0x00, 0x00, 0x00, 0xBF, 0x00, 0x00, 0x00, 0x00, 0x54, 0x00, 0x00, 0x00, 0x00, 0x00, 0x00, 0x00,
    0x00, 0x03, 0xFF, 0x40, 0x00, 0x00, 0x0B, 0xFF, 0x80, 0x00, 0x00, 0x0F, 0xFF, 0x80, 0x00, 0x00,
    0x2F, 0xFF, 0xC0, 0x00, 0x00, 0x3F, 0xEF, 0xC0, 0x00, 0x00, 0xBF, 0x6F, 0xC0, 0x00, 0x00, 0xFF,
    0x2F, 0xC0, 0x00, 0x02, 0xFD, 0x2F, 0xC0, 0x00, 0x03, 0xFC, 0x1F, 0xD0, 0x00, 0x0B, 0xF4, 0x1F,
    0xD0, 0x00, 0x1F, 0xF0, 0x1F, 0xE0, 0x00, 0x3F, 0xD0, 0x1F, 0xE0, 0x00, 0x7F, 0xEA, 0xAF, 0xE0,
    0x00, 0xFF, 0xFF, 0xFF, 0xF0, 0x01, 0xFF, 0xFF, 0xFF, 0xF0, 0x03, 0xFF, 0xFF, 0xFF, 0xF0, 0x07,
    0xFC, 0x00, 0x0F, 0xF0, 0x0F, 0xF8, 0x00, 0x0F, 0xF0, 0x1F, 0xF0, 0x00, 0x0F, 0xF4, 0x3F, 0xE0,
    0x00, 0x0F, 0xF4, 0x7F, 0xC0, 0x00, 0x0B, 0xF8, 0x00, 0x00, 0x00, 0x15, 0x40, 0x00, 0x00, 0x00,
    0xFF, 0xF0, 0x00, 0x00, 0x03, 0xFF, 0xF4, 0x00, 0x00, 0x0F, 0xE2, 0xFC, 0x00, 0x00, 0x7F, 0x80,
    0xFE, 0x00, 0x00, 0x14, 0x00, 0x15, 0x00, 0x00, 0x00, 0x00, 0x00, 0x00, 0x00, 0x03, 0xFF, 0x40,
    0x00, 0x00, 0x0B, 0xFF, 0x80, 0x00, 0x00, 0x0F, 0xFF, 0x80, 0x00, 0x00, 0x2F, 0xFF, 0xC0, 0x00,
    0x00, 0x3F, 0xEF, 0xC0, 0x00, 0x00, 0xBF, 0x6F, 0xC0, 0x00, 0x00, 0xFF, 0x2F, 0xC0, 0x00, 0x02,
    0xFD, 0x2F, 0xC0, 0x00, 0x03, 0xFC, 0x1F, 0xD0, 0x00, 0x0B, 0xF4, 0x1F, 0xD0, 0x00, 0x1F, 0xF0,
    0x1F, 0xE0, 0x00, 0x3F, 0xD0, 0x1F, 0xE0, 0x00, 0x7F, 0xEA, 0xAF, 0xE0, 0x00, 0xFF, 0xFF, 0xFF,
    0xF0, 0x01, 0xFF, 0xFF, 0xFF, 0xF0, 0x03, 0xFF, 0xFF, 0xFF, 0xF0, 0x07, 0xFC, 0x00, 0x0F, 0xF0,
    0x0F, 0xF8, 0x00, 0x0F, 0xF0, 0x1F, 0xF0, 0x00, 0x0F, 0xF4, 0x3F, 0xE0, 0x00, 0x0F, 0xF4, 0x7F,
    0xC0, 0x00, 0x0B, 0xF8, 0x00, 0x00, 0x00, 0x00, 0x00, 0x00, 0x00, 0x01, 0xFE, 0x03, 0xD0, 0x00,
    0x01, 0xFF, 0xFB, 0xF0, 0x00, 0x00, 0xFF, 0xFF, 0xF8, 0x00, 0x00, 0x3C, 0x0B, 0xF8, 0x00, 0x00,
    0x05, 0x00, 0x10, 0x00, 0x00, 0x00, 0x00, 0x00, 0x00, 0x00, 0x00, 0x0F, 0xFD, 0x00, 0x00, 0x00,
    0x0B, 0xFF, 0x80, 0x00, 0x00, 0x03, 0xFF, 0xE0, 0x00, 0x00, 0x02, 0xFF, 0xFC, 0x00, 0x00, 0x00,
    0xFF, 0xBF, 0x00, 0x00, 0x00, 0xBF, 0x6F, 0xC0, 0x00, 0x00, 0x3F, 0xCB, 0xF0, 0x00, 0x00, 0x2F,
    0xD2, 0xFC, 0x00, 0x00, 0x0F, 0xF0, 0x7F, 0x40, 0x00, 0x0B, 0xF4, 0x1F, 0xD0, 0x00, 0x07, 0xFC,
    0x07, 0xF8, 0x00, 0x03, 0xFD, 0x01, 0xFE, 0x00, 0x01, 0xFF, 0xAA, 0xBF, 0x80, 0x00, 0xFF, 0xFF,
    0xFF, 0xF0, 0x00, 0x7F, 0xFF, 0xFF, 0xFC, 0x00, 0x3F, 0xFF, 0xFF, 0xFF, 0x00, 0x1F, 0xF0, 0x00,
    0x3F, 0xC0, 0x0F, 0xF8, 0x00, 0x0F, 0xF0, 0x07, 0xFC, 0x00, 0x03, 0xFD, 0x03, 0xFE, 0x00, 0x00,
    0xFF, 0x41, 0xFF, 0x00, 0x00, 0x2F, 0xE0, 0x00, 0x00, 0x07, 0xD0, 0xB8, 0x00, 0x00, 0x0F, 0xF2,
    0xFD, 0x00, 0x00, 0x0F, 0xE2, 0xFC, 0x00, 0x00, 0x0B, 0xC0, 0xF4, 0x00, 0x00, 0x00, 0x00, 0x00,
    0x00, 0x00, 0x00, 0x00, 0x00, 0x00, 0x00, 0x03, 0xFF, 0x40, 0x00, 0x00, 0x0B, 0xFF, 0x80, 0x00,
    0x00, 0x0F, 0xFF, 0x80, 0x00, 0x00, 0x2F, 0xFF, 0xC0, 0x00, 0x00, 0x3F, 0xEF, 0xC0, 0x00, 0x00,
    0xBF, 0x6F, 0xC0, 0x00, 0x00, 0xFF, 0x2F, 0xC0, 0x00, 0x02, 0xFD, 0x2F, 0xC0, 0x00, 0x03, 0xFC,
    0x1F, 0xD0, 0x00, 0x0B, 0xF4, 0x1F, 0xD0, 0x00, 0x1F, 0xF0, 0x1F, 0xE0, 0x00, 0x3F, 0xD0, 0x1F,
    0xE0, 0x00, 0x7F, 0xEA, 0xAF, 0xE0, 0x00, 0xFF, 0xFF, 0xFF, 0xF0, 0x01, 0xFF, 0xFF, 0xFF, 0xF0,
    0x03, 0xFF, 0xFF, 0xFF, 0xF0, 0x07, 0xFC, 0x00, 0x0F, 0xF0, 0x0F, 0xF8, 0x00, 0x0F, 0xF0, 0x1F,
    0xF0, 0x00, 0x0F, 0xF4, 0x3F, 0xE0, 0x00, 0x0F, 0xF4, 0x7F, 0xC0, 0x00, 0x0B, 0xF8, 0x00, 0x00,
    0x00, 0x15, 0x00, 0x00, 0x00, 0x03, 0xFF, 0x40, 0x00, 0x00, 0x2F, 0xBF, 0x00, 0x00, 0x00, 0xF4,
    0x3C, 0x00, 0x00, 0x03, 0xD0, 0xF0, 0x00, 0x00, 0x0B, 0xEF, 0xC0, 0x00, 0x00, 0x0F, 0xFC, 0x00,
    0x00, 0x00, 0x01, 0x00, 0x00, 0x00, 0x00, 0x00, 0x00, 0x00, 0x00, 0x0F, 0xFD, 0x00, 0x00, 0x00,
    0xBF, 0xF8, 0x00, 0x00, 0x03, 0xFF, 0xE0, 0x00, 0x00, 0x2F, 0xFF, 0xC0, 0x00, 0x00, 0xFF, 0xBF,
    0x00, 0x00, 0x0B, 0xF6, 0xFC, 0x00, 0x00, 0x3F, 0xCB, 0xF0, 0x00, 0x02, 0xFD, 0x2F, 0xC0, 0x00,
    0x0F, 0xF0, 0x7F, 0x40, 0x00, 0xBF, 0x41, 0xFD, 0x00, 0x07, 0xFC, 0x07, 0xF8, 0x00, 0x3F, 0xD0,
    0x1F, 0xE0, 0x01, 0xFF, 0xAA, 0xBF, 0x80, 0x0F, 0xFF, 0xFF, 0xFF, 0x00, 0x7F, 0xFF, 0xFF, 0xFC,
    0x03, 0xFF, 0xFF, 0xFF, 0xF0, 0x1F, 0xF0, 0x00, 0x3F, 0xC0, 0xFF, 0x80, 0x00, 0xFF, 0x07, 0xFC,
    0x00, 0x03, 0xFD, 0x3F, 0xE0, 0x00, 0x0F, 0xF5, 0xFF, 0x00, 0x00, 0x2F, 0xE0, 0x00, 0x00, 0x00,
    0x2F, 0xFF, 0xFF, 0xFF, 0xC0, 0x00, 0x00, 0x07, 0xFF, 0xFF, 0xFF, 0xFC, 0x00, 0x00, 0x00, 0xFF,
    0xFF, 0xFF, 0xFF, 0x80, 0x00, 0x00, 0x2F, 0xFF, 0xFF, 0xFF, 0xF4, 0x00, 0x00, 0x07, 0xFC, 0x7F,
    0xC0, 0x00, 0x00, 0x00, 0x00, 0xFF, 0x8B, 0xF8, 0x00, 0x00, 0x00, 0x00, 0x2F, 0xF0, 0xFF, 0x40,
    0x00, 0x00, 0x00, 0x07, 0xFD, 0x0F, 0xF4, 0x00, 0x00, 0x00, 0x00, 0xFF, 0x81, 0xFF, 0xAA, 0xA8,
    0x00, 0x00, 0x2F, 0xF0, 0x2F, 0xFF, 0xFF, 0x80, 0x00, 0x03, 0xFD, 0x02, 0xFF, 0xFF, 0xF4, 0x00,
    0x00, 0xFF, 0xC0, 0x3F, 0xFF, 0xFF, 0x00, 0x00, 0x1F, 0xFE, 0xAB, 0xFC, 0x00, 0x00, 0x00, 0x03,
    0xFF, 0xFF, 0xFF, 0xC0, 0x00, 0x00, 0x00, 0xBF, 0xFF, 0xFF, 0xFC, 0x00, 0x00, 0x00, 0x1F, 0xFF,
    0xFF, 0xFF, 0x80, 0x00, 0x00, 0x03, 0xFE, 0x00, 0x0F, 0xF4, 0x00, 0x00, 0x00, 0xBF, 0xC0, 0x00,
    0xFF, 0xAA, 0xA8, 0x00, 0x0F, 0xF4, 0x00, 0x1F, 0xFF, 0xFF, 0xC0, 0x03, 0xFF, 0x00, 0x02, 0xFF,
    0xFF, 0xFC, 0x00, 0x7F, 0xC0, 0x00, 0x3F, 0xFF, 0xFF, 0xC0, 0x00, 0x00, 0x00, 0x00, 0x00, 0x00,
    0x00, 0x02, 0xFF, 0xF9, 0x00, 0x00, 0xBF, 0xFF, 0xFF, 0x00, 0x0F, 0xFF, 0xFF, 0xF8, 0x00, 0xFF,
    0xFE, 0xBF, 0xC0, 0x0F, 0xFF, 0x00, 0x0A, 0x00, 0x7F, 0xE0, 0x00, 0x00, 0x03, 0xFF, 0x00, 0x00,
    0x00, 0x1F, 0xF4, 0x00, 0x00, 0x00, 0xBF, 0xC0, 0x00, 0x00, 0x03, 0xFE, 0x00, 0x00, 0x00, 0x0F,
    0xF4, 0x00, 0x00, 0x00, 0x3F, 0xD0, 0x00, 0x00, 0x01, 0xFF, 0x40, 0x00, 0x00, 0x07, 0xFD, 0x00,
    0x00, 0x00, 0x0F, 0xF4, 0x00, 0x00, 0x00, 0x3F, 0xE0, 0x00, 0x00, 0x00, 0xFF, 0xD0, 0x00, 0x40,
    0x01, 0xFF, 0xE5, 0xAF, 0x00, 0x03, 0xFF, 0xFF, 0xFC, 0x00, 0x03, 0xFF, 0xFF, 0xF0, 0x00, 0x01,
    0xFF, 0xFE, 0x40, 0x00, 0x00, 0x7E, 0x00, 0x00, 0x00, 0x03, 0xFC, 0x00, 0x00, 0x00, 0x07, 0xFC,
    0x00, 0x00, 0x00, 0x07, 0xF0, 0x00, 0x00, 0x05, 0x7F, 0xC0, 0x00, 0x00, 0x2F, 0xFE, 0x00, 0x00,
    0x00, 0x7F, 0xD0, 0x00, 0x00, 0x00, 0x00, 0x55, 0x00, 0x00, 0x00, 0x3F, 0xD0, 0x00, 0x00, 0x07,
    0xF8, 0x00, 0x00, 0x00, 0xBF, 0x00, 0x00, 0x00, 0x0F, 0xD0, 0x00, 0x00, 0x00, 0x50, 0x00, 0x00,
    0x00, 0x00, 0x00, 0x00, 0xFF, 0xFF, 0xFE, 0x00, 0x3F, 0xFF, 0xFF, 0x80, 0x1F, 0xFF, 0xFF, 0xD0,
    0x0B, 0xFF, 0xFF, 0xF0, 0x03, 0xFE, 0x00, 0x00, 0x00, 0xFF, 0x40, 0x00, 0x00, 0x3F, 0xC0, 0x00,
    0x00, 0x1F, 0xF0, 0x00, 0x00, 0x0B, 0xFE, 0xAA, 0x90, 0x03, 0xFF, 0xFF, 0xF4, 0x00, 0xFF, 0xFF,
    0xFC, 0x00, 0x3F, 0xFF, 0xFF, 0x00, 0x1F, 0xF0, 0x00, 0x00, 0x0B, 0xF8, 0x00, 0x00, 0x03, 0xFE,
    0x00, 0x00, 0x00, 0xFF, 0x40, 0x00, 0x00, 0x7F, 0xC0, 0x00, 0x00, 0x1F, 0xFA, 0xAA, 0x80, 0x0B,
    0xFF, 0xFF, 0xF0, 0x03, 0xFF, 0xFF, 0xF8, 0x00, 0xFF, 0xFF, 0xFE, 0x00, 0x00, 0x00, 0x00, 0x55,
    0x40, 0x00, 0x00, 0x7F, 0xD0, 0x00, 0x00, 0x3F, 0xD0, 0x00, 0x00, 0x3F, 0xD0, 0x00, 0x00, 0x2F,
    0xC0, 0x00, 0x00, 0x05, 0x40, 0x00, 0x00, 0x00, 0x00, 0x00, 0x00, 0xFF, 0xFF, 0xFE, 0x00, 0x3F,
    0xFF, 0xFF, 0x80, 0x1F, 0xFF, 0xFF, 0xD0, 0x0B, 0xFF, 0xFF, 0xF0, 0x03, 0xFE, 0x00, 0x00, 0x00,
    0xFF, 0x40, 0x00, 0x00, 0x3F, 0xC0, 0x00, 0x00, 0x1F, 0xF0, 0x00, 0x00, 0x0B, 0xFE, 0xAA, 0x90,
    0x03, 0xFF, 0xFF, 0xF4, 0x00, 0xFF, 0xFF, 0xFC, 0x00, 0x3F, 0xFF, 0xFF, 0x00, 0x1F, 0xF0, 0x00,
    0x00, 0x0B, 0xF8, 0x00, 0x00, 0x03, 0xFE, 0x00, 0x00, 0x00, 0xFF, 0x40, 0x00, 0x00, 0x7F, 0xC0,
    0x00, 0x00, 0x1F, 0xFA, 0xAA, 0x80, 0x0B, 0xFF, 0xFF, 0xF0, 0x03, 0xFF, 0xFF, 0xF8, 0x00, 0xFF,
    0xFF, 0xFE, 0x00, 0x00, 0x00, 0x05, 0x50, 0x00, 0x00, 0x0F, 0xFF, 0x00, 0x00, 0x0F, 0xFF, 0xD0,
    0x00, 0x0F, 0xF2, 0xFC, 0x00, 0x0F, 0xE0, 0x3F, 0x80, 0x01, 0x40, 0x01, 0x50, 0x00, 0x00, 0x00,
    0x00, 0x00, 0xFF, 0xFF, 0xFE, 0x00, 0x3F, 0xFF, 0xFF, 0x80, 0x1F, 0xFF, 0xFF, 0xD0, 0x0B, 0xFF,
    0xFF, 0xF0, 0x03, 0xFE, 0x00, 0x00, 0x00, 0xFF, 0x40, 0x00, 0x00, 0x3F, 0xC0, 0x00, 0x00, 0x1F,
    0xF0, 0x00, 0x00, 0x0B, 0xFE, 0xAA, 0x90, 0x03, 0xFF, 0xFF, 0xF4, 0x00, 0xFF, 0xFF, 0xFC, 0x00,
    0x3F, 0xFF, 0xFF, 0x00, 0x1F, 0xF0, 0x00, 0x00, 0x0B, 0xF8, 0x00, 0x00, 0x03, 0xFE, 0x00, 0x00,
    0x00, 0xFF, 0x40, 0x00, 0x00, 0x7F, 0xC0, 0x00, 0x00, 0x1F, 0xFA, 0xAA, 0x80, 0x0B, 0xFF, 0xFF,
    0xF0, 0x03, 0xFF, 0xFF, 0xF8, 0x00, 0xFF, 0xFF, 0xFE, 0x00, 0x00, 0x01, 0xF4, 0x2E, 0x00, 0x00,
    0xFF, 0x1F, 0xD0, 0x00, 0x3F, 0xCB, 0xF0, 0x00, 0x07, 0xC0, 0xF8, 0x00, 0x00, 0x00, 0x00, 0x00,
    0x00, 0x00, 0x00, 0x00, 0x03, 0xFF, 0xFF, 0xF8, 0x00, 0xFF, 0xFF, 0xFE, 0x00, 0x7F, 0xFF, 0xFF,
    0x40, 0x2F, 0xFF, 0xFF, 0xC0, 0x0F, 0xF8, 0x00, 0x00, 0x03, 0xFD, 0x00, 0x00, 0x00, 0xFF, 0x00,
    0x00, 0x00, 0x7F, 0xC0, 0x00, 0x00, 0x2F, 0xFA, 0xAA, 0x40, 0x0F, 0xFF, 0xFF, 0xD0, 0x03, 0xFF,
    0xFF, 0xF0, 0x00, 0xFF, 0xFF, 0xFC, 0x00, 0x7F, 0xC0, 0x00, 0x00, 0x2F, 0xE0, 0x00, 0x00, 0x0F,
    0xF8, 0x00, 0x00, 0x03, 0xFD, 0x00, 0x00, 0x01, 0xFF, 0x00, 0x00, 0x00, 0x7F, 0xEA, 0xAA, 0x00,
    0x2F, 0xFF, 0xFF, 0xC0, 0x0F, 0xFF, 0xFF, 0xE0, 0x03, 0xFF, 0xFF, 0xF8, 0x00, 0x00, 0x05, 0x50,
    0x00, 0x00, 0xFF, 0x80, 0x00, 0x03, 0xFC, 0x00, 0x00, 0x1F, 0xD0, 0x00, 0x00, 0x7F, 0x00, 0x00,
    0x01, 0x50, 0x00, 0x00, 0x00, 0x00, 0x07, 0xFF, 0xFE, 0x00, 0xBF, 0xFF, 0xE0, 0x0F, 0xFF, 0xFC,
    0x00, 0x1F, 0xFD, 0x00, 0x00, 0xFF, 0x40, 0x00, 0x0F, 0xF0, 0x00, 0x01, 0xFF, 0x00, 0x00, 0x2F,
    0xF0, 0x00, 0x03, 0xFE, 0x00, 0x00, 0x3F, 0xD0, 0x00, 0x03, 0xFC, 0x00, 0x00, 0x7F, 0xC0, 0x00,
    0x0B, 0xF8, 0x00, 0x00, 0xFF, 0x80, 0x00, 0x0F, 0xF4, 0x00, 0x01, 0xFF, 0x00, 0x00, 0x1F, 0xF0,
    0x00, 0x07, 0xFF, 0x00, 0x03, 0xFF, 0xFE, 0x00, 0xBF, 0xFF, 0xE0, 0x0B, 0xFF, 0xFD, 0x00, 0x00,
    0x00, 0x05, 0x54, 0x00, 0x00, 0x1F, 0xF8, 0x00, 0x00, 0x3F, 0xE0, 0x00, 0x00, 0xBF, 0x40, 0x00,
    0x01, 0xFD, 0x00, 0x00, 0x01, 0x50, 0x00, 0x00, 0x00, 0x00, 0x00, 0x00, 0x7F, 0xFF, 0xE0, 0x00,
    0xBF, 0xFF, 0xE0, 0x00, 0xFF, 0xFF, 0xC0, 0x00, 0x1F, 0xFD, 0x00, 0x00, 0x0F, 0xF4, 0x00, 0x00,
    0x0F, 0xF0, 0x00, 0x00, 0x1F, 0xF0, 0x00, 0x00, 0x2F, 0xF0, 0x00, 0x00, 0x3F, 0xE0, 0x00, 0x00,
    0x3F, 0xD0, 0x00, 0x00, 0x3F, 0xC0, 0x00, 0x00, 0x7F, 0xC0, 0x00, 0x00, 0xBF, 0x80, 0x00, 0x00,
    0xFF, 0x80, 0x00, 0x00, 0xFF, 0x40, 0x00, 0x01, 0xFF, 0x00, 0x00, 0x01, 0xFF, 0x00, 0x00, 0x07,
    0xFF, 0x00, 0x00, 0x3F, 0xFF, 0xE0, 0x00, 0xBF, 0xFF, 0xE0, 0x00, 0xBF, 0xFF, 0xD0, 0x00, 0x00,
    0x00, 0x55, 0x40, 0x00, 0x03, 0xFF, 0xC0, 0x00, 0x0F, 0xFF, 0xE0, 0x00, 0x3F, 0xC7, 0xF0, 0x00,
    0xFE, 0x02, 0xFC, 0x00, 0x54, 0x00, 0x54, 0x00, 0x00, 0x00, 0x00, 0x00, 0x7F, 0xFF, 0xE0, 0x00,
    0xBF, 0xFF, 0xE0, 0x00, 0xFF, 0xFF, 0xC0, 0x00, 0x1F, 0xFD, 0x00, 0x00, 0x0F, 0xF4, 0x00, 0x00,
    0x0F, 0xF0, 0x00, 0x00, 0x1F, 0xF0, 0x00, 0x00, 0x2F, 0xF0, 0x00, 0x00, 0x3F, 0xE0, 0x00, 0x00,
    0x3F, 0xD0, 0x00, 0x00, 0x3F, 0xC0, 0x00, 0x00, 0x7F, 0xC0, 0x00, 0x00, 0xBF, 0x80, 0x00, 0x00,
    0xFF, 0x80, 0x00, 0x00, 0xFF, 0x40, 0x00, 0x01, 0xFF, 0x00, 0x00, 0x01, 0xFF, 0x00, 0x00, 0x07,
    0xFF, 0x00, 0x00, 0x3F, 0xFF, 0xE0, 0x00, 0xBF, 0xFF, 0xE0, 0x00, 0xBF, 0xFF, 0xD0, 0x00, 0x00,
    0x0F, 0x82, 0xF0, 0x00, 0xBF, 0x1F, 0xE0, 0x03, 0xFC, 0x7F, 0x40, 0x07, 0xD0, 0xB8, 0x00, 0x00,
    0x00, 0x00, 0x00, 0x00, 0x00, 0x00, 0x07, 0xFF, 0xFE, 0x00, 0x2F, 0xFF, 0xF8, 0x00, 0xFF, 0xFF,
    0xC0, 0x00, 0x7F, 0xF4, 0x00, 0x00, 0xFF, 0x40, 0x00, 0x03, 0xFC, 0x00, 0x00, 0x1F, 0xF0, 0x00,
    0x00, 0xBF, 0xC0, 0x00, 0x03, 0xFE, 0x00, 0x00, 0x0F, 0xF4, 0x00, 0x00, 0x3F, 0xC0, 0x00, 0x01,
    0xFF, 0x00, 0x00, 0x0B, 0xF8, 0x00, 0x00, 0x3F, 0xE0, 0x00, 0x00, 0xFF, 0x40, 0x00, 0x07, 0xFC,
    0x00, 0x00, 0x1F, 0xF0, 0x00, 0x01, 0xFF, 0xC0, 0x00, 0x3F, 0xFF, 0xE0, 0x02, 0xFF, 0xFF, 0x80,
    0x0B, 0xFF, 0xFD, 0x00, 0x00, 0x00, 0x3F, 0xFF, 0x90, 0x00, 0x00, 0xFF, 0xFF, 0xF8, 0x00, 0x07,
    0xFF, 0xFF, 0xFC, 0x00, 0x2F, 0xFF, 0xFF, 0xF8, 0x00, 0xFF, 0x80, 0x7F, 0xF0, 0x03, 0xFD, 0x00,
    0x7F, 0xE0, 0x0F, 0xF0, 0x00, 0xFF, 0x80, 0x7F, 0xC0, 0x02, 0xFF, 0x02, 0xFF, 0x00, 0x0B, 0xFC,
    0xFF, 0xFF, 0xF0, 0x2F, 0xF3, 0xFF, 0xFF, 0x80, 0xFF, 0x9F, 0xFF, 0xFD, 0x03, 0xFE, 0x2F, 0xFE,
    0xA0, 0x1F, 0xF4, 0x2F, 0xF0, 0x00, 0xBF, 0xC0, 0xFF, 0x80, 0x07, 0xFE, 0x03, 0xFD, 0x00, 0x3F,
    0xF0, 0x1F, 0xF0, 0x07, 0xFF, 0x80, 0x7F, 0xEB, 0xFF, 0xF8, 0x02, 0xFF, 0xFF, 0xFF, 0x80, 0x0F,
    0xFF, 0xFF, 0xF4, 0x00, 0x3F, 0xFF, 0xF8, 0x00, 0x00, 0x00, 0x00, 0x00, 0x00, 0x00, 0x00, 0x00,
    0x00, 0x1F, 0xE0, 0x3E, 0x00, 0x00, 0x00, 0xFF, 0xFB, 0xF4, 0x00, 0x00, 0x0B, 0xFF, 0xFF, 0xC0,
    0x00, 0x00, 0x3D, 0x0B, 0xFC, 0x00, 0x00, 0x00, 0x50, 0x01, 0x00, 0x00, 0x00, 0x00, 0x00, 0x00,
    0x00, 0x00, 0x0F, 0xFD, 0x00, 0x02, 0xFC, 0x00, 0x3F, 0xF8, 0x00, 0x0F, 0xF0, 0x01, 0xFF, 0xF0,
    0x00, 0x3F, 0xC0, 0x0B, 0xFF, 0xD0, 0x01, 0xFE, 0x00, 0x3F, 0xFF, 0x80, 0x0B, 0xF4, 0x00, 0xFF,
    0xFF, 0x00, 0x3F, 0xC0, 0x03, 0xFB, 0xFD, 0x00, 0xFF, 0x00, 0x1F, 0xDB, 0xF8, 0x07, 0xF8, 0x00,
    0xBF, 0x4F, 0xF0, 0x2F, 0xE0, 0x03, 0xFC, 0x3F, 0xC0, 0xBF, 0x40, 0x0F, 0xF0, 0xBF, 0x83, 0xFC,
    0x00, 0x7F, 0x80, 0xFF, 0x0F, 0xF0, 0x01, 0xFE, 0x03, 0xFC, 0x7F, 0x80, 0x0B, 0xF4, 0x0B, 0xF9,
    0xFD, 0x00, 0x3F, 0xC0, 0x1F, 0xFB, 0xF0, 0x00, 0xFF, 0x00, 0x3F, 0xFF, 0xC0, 0x07, 0xF8, 0x00,
    0xBF, 0xFF, 0x00, 0x2F, 0xD0, 0x01, 0xFF, 0xF8, 0x00, 0xBF, 0x00, 0x03, 0xFF, 0xD0, 0x03, 0xFC,
    0x00, 0x0B, 0xFF, 0x00, 0x0F, 0xF0, 0x00, 0x1F, 0xFC, 0x00, 0x00, 0x00, 0x15, 0x40, 0x00, 0x00,
    0x00, 0x3F, 0xE0, 0x00, 0x00, 0x00, 0x0F, 0xF0, 0x00, 0x00, 0x00, 0x07, 0xF4, 0x00, 0x00, 0x00,
    0x02, 0xF8, 0x00, 0x00, 0x00, 0x00, 0x54, 0x00, 0x00, 0x00, 0x00, 0x00, 0x00, 0x00, 0x01, 0xBF,
    0xFD, 0x00, 0x00, 0x0F, 0xFF, 0xFF, 0xC0, 0x00, 0x3F, 0xFF, 0xFF, 0xF0, 0x00, 0xFF, 0xFA, 0xBF,
    0xF4, 0x03, 0xFF, 0x80, 0x1F, 0xFC, 0x07, 0xFE, 0x00, 0x0B, 0xFC, 0x0F, 0xFC, 0x00, 0x07, 0xFD,
    0x1F, 0xF4, 0x00, 0x03, 0xFD, 0x2F, 0xF0, 0x00, 0x03, 0xFD, 0x3F, 0xE0, 0x00, 0x03, 0xFD, 0x3F,
    0xD0, 0x00, 0x07, 0xFC, 0x3F, 0xD0, 0x00, 0x0B, 0xFC, 0x7F, 0xD0, 0x00, 0x0F, 0xFC, 0x7F, 0xD0,
    0x00, 0x0F, 0xF8, 0x3F, 0xD0, 0x00, 0x2F, 0xF0, 0x3F, 0xE0, 0x00, 0x7F, 0xE0, 0x3F, 0xF4, 0x01,
    0xFF, 0xC0, 0x1F, 0xFE, 0x5B, 0xFF, 0x40, 0x0F, 0xFF, 0xFF, 0xFE, 0x00, 0x03, 0xFF, 0xFF, 0xF4,
    0x00, 0x00, 0x7F, 0xFF, 0x80, 0x00, 0x00, 0x00, 0x50, 0x00, 0x00, 0x00, 0x00, 0x00, 0x05, 0x50,
    0x00, 0x00, 0x00, 0x3F, 0xE0, 0x00, 0x00, 0x00, 0xFF, 0x80, 0x00, 0x00, 0x02, 0xFE, 0x00, 0x00,
    0x00, 0x07, 0xF4, 0x00, 0x00, 0x00, 0x01, 0x40, 0x00, 0x00, 0x00, 0x00, 0x00, 0x00, 0x00, 0x01,
    0xBF, 0xFD, 0x00, 0x00, 0x0F, 0xFF, 0xFF, 0xC0, 0x00, 0x3F, 0xFF, 0xFF, 0xF0, 0x00, 0xFF, 0xFA,
    0xBF, 0xF4, 0x03, 0xFF, 0x80, 0x1F, 0xFC, 0x07, 0xFE, 0x00, 0x0B, 0xFC, 0x0F, 0xFC, 0x00, 0x07,
    0xFD, 0x1F, 0xF4, 0x00, 0x03, 0xFD, 0x2F, 0xF0, 0x00, 0x03, 0xFD, 0x3F, 0xE0, 0x00, 0x03, 0xFD,
    0x3F, 0xD0, 0x00, 0x07, 0xFC, 0x3F, 0xD0, 0x00, 0x0B, 0xFC, 0x7F, 0xD0, 0x00, 0x0F, 0xFC, 0x7F,
    0xD0, 0x00, 0x0F, 0xF8, 0x3F, 0xD0, 0x00, 0x2F, 0xF0, 0x3F, 0xE0, 0x00, 0x7F, 0xE0, 0x3F, 0xF4,
    0x01, 0xFF, 0xC0, 0x1F, 0xFE, 0x5B, 0xFF, 0x40, 0x0F, 0xFF, 0xFF, 0xFE, 0x00, 0x03, 0xFF, 0xFF,
    0xF4, 0x00, 0x00, 0x7F, 0xFF, 0x80, 0x00, 0x00, 0x00, 0x50, 0x00, 0x00, 0x00, 0x00, 0x01, 0x55,
    0x00, 0x00, 0x00, 0x0F, 0xFF, 0x00, 0x00, 0x00, 0x3F, 0xFF, 0x80, 0x00, 0x00, 0xFF, 0x1F, 0xD0,
    0x00, 0x03, 0xF8, 0x0B, 0xF0, 0x00, 0x01, 0x50, 0x01, 0x50, 0x00, 0x00, 0x00, 0x00, 0x00, 0x00,
    0x01, 0xBF, 0xFD, 0x00, 0x00, 0x0F, 0xFF, 0xFF, 0xC0, 0x00, 0x3F, 0xFF, 0xFF, 0xF0, 0x00, 0xFF,
    0xFA, 0xBF, 0xF4, 0x03, 0xFF, 0x80, 0x1F, 0xFC, 0x07, 0xFE, 0x00, 0x0B, 0xFC, 0x0F, 0xFC, 0x00,
    0x07, 0xFD, 0x1F, 0xF4, 0x00, 0x03, 0xFD, 0x2F, 0xF0, 0x00, 0x03, 0xFD, 0x3F, 0xE0, 0x00, 0x03,
    0xFD, 0x3F, 0xD0, 0x00, 0x07, 0xFC, 0x3F, 0xD0, 0x00, 0x0B, 0xFC, 0x7F, 0xD0, 0x00, 0x0F, 0xFC,
    0x7F, 0xD0, 0x00, 0x0F, 0xF8, 0x3F, 0xD0, 0x00, 0x2F, 0xF0, 0x3F, 0xE0, 0x00, 0x7F, 0xE0, 0x3F,
    0xF4, 0x01, 0xFF, 0xC0, 0x1F, 0xFE, 0x5B, 0xFF, 0x40, 0x0F, 0xFF, 0xFF, 0xFE, 0x00, 0x03, 0xFF,
    0xFF, 0xF4, 0x00, 0x00, 0x7F, 0xFF, 0x80, 0x00, 0x00, 0x00, 0x50, 0x00, 0x00, 0x00, 0x00, 0x00,
    0x00, 0x00, 0x00, 0x00, 0x2F, 0x90, 0x7C, 0x00, 0x00, 0xFF, 0xFE, 0xF8, 0x00, 0x01, 0xFF, 0xFF,
    0xF0, 0x00, 0x02, 0xE0, 0x7F, 0xD0, 0x00, 0x01, 0x40, 0x05, 0x00, 0x00, 0x00, 0x00, 0x00, 0x00,
    0x00, 0x01, 0xBF, 0xFD, 0x00, 0x00, 0x0F, 0xFF, 0xFF, 0xC0, 0x00, 0x3F, 0xFF, 0xFF, 0xF0, 0x00,
    0xFF, 0xFA, 0xBF, 0xF4, 0x03, 0xFF, 0x80, 0x1F, 0xFC, 0x07, 0xFE, 0x00, 0x0B, 0xFC, 0x0F, 0xFC,
    0x00, 0x07, 0xFD, 0x1F, 0xF4, 0x00, 0x03, 0xFD, 0x2F, 0xF0, 0x00, 0x03, 0xFD, 0x3F, 0xE0, 0x00,
    0x03, 0xFD, 0x3F, 0xD0, 0x00, 0x07, 0xFC, 0x3F, 0xD0, 0x00, 0x0B, 0xFC, 0x7F, 0xD0, 0x00, 0x0F,
    0xFC, 0x7F, 0xD0, 0x00, 0x0F, 0xF8, 0x3F, 0xD0, 0x00, 0x2F, 0xF0, 0x3F, 0xE0, 0x00, 0x7F, 0xE0,
    0x3F, 0xF4, 0x01, 0xFF, 0xC0, 0x1F, 0xFE, 0x5B, 0xFF, 0x40, 0x0F, 0xFF, 0xFF, 0xFE, 0x00, 0x03,
    0xFF, 0xFF, 0xF4, 0x00, 0x00, 0x7F, 0xFF, 0x80, 0x00, 0x00, 0x00, 0x50, 0x00, 0x00, 0x00, 0x00,
    0x2E, 0x07, 0xD0, 0x00, 0x00, 0xBF, 0x4F, 0xE0, 0x00, 0x00, 0xBF, 0x0F, 0xE0, 0x00, 0x00, 0x3D,
    0x0B, 0x80, 0x00, 0x00, 0x00, 0x00, 0x00, 0x00, 0x00, 0x00, 0x00, 0x00, 0x00, 0x01, 0xBF, 0xFD,
    0x00, 0x00, 0x0F, 0xFF, 0xFF, 0xC0, 0x00, 0x3F, 0xFF, 0xFF, 0xF0, 0x00, 0xFF, 0xFA, 0xBF, 0xF4,
    0x03, 0xFF, 0x80, 0x1F, 0xFC, 0x07, 0xFE, 0x00, 0x0B, 0xFC, 0x0F, 0xFC, 0x00, 0x07, 0xFD, 0x1F,
    0xF4, 0x00, 0x03, 0xFD, 0x2F, 0xF0, 0x00, 0x03, 0xFD, 0x3F, 0xE0, 0x00, 0x03, 0xFD, 0x3F, 0xD0,
    0x00, 0x07, 0xFC, 0x3F, 0xD0, 0x00, 0x0B, 0xFC, 0x7F, 0xD0, 0x00, 0x0F, 0xFC, 0x7F, 0xD0, 0x00,
    0x0F, 0xF8, 0x3F, 0xD0, 0x00, 0x2F, 0xF0, 0x3F, 0xE0, 0x00, 0x7F, 0xE0, 0x3F, 0xF4, 0x01, 0xFF,
    0xC0, 0x1F, 0xFE, 0x5B, 0xFF, 0x40, 0x0F, 0xFF, 0xFF, 0xFE, 0x00, 0x03, 0xFF, 0xFF, 0xF4, 0x00,
    0x00, 0x7F, 0xFF, 0x80, 0x00, 0x00, 0x00, 0x50, 0x00, 0x00, 0x04, 0x00, 0x05, 0x03, 0xE0, 0x01,
    0xF4, 0xBF, 0x80, 0x7F, 0xC2, 0xFE, 0x1F, 0xF0, 0x0F, 0xFF, 0xFC, 0x00, 0x3F, 0xFF, 0x00, 0x00,
    0xFF, 0xC0, 0x00, 0x1F, 0xFE, 0x00, 0x07, 0xFF, 0xF8, 0x01, 0xFF, 0x3F, 0xE0, 0x7F, 0xC0, 0xBF,
    0x87, 0xF0, 0x02, 0xF8, 0x1C, 0x00, 0x0A, 0x00, 0x00, 0x00, 0x00, 0x00, 0x00, 0x00, 0x00, 0x24,
    0x00, 0x01, 0xBF, 0xFD, 0xBD, 0x00, 0x0B, 0xFF, 0xFF, 0xFC, 0x00, 0x3F, 0xFF, 0xFF, 0xF4, 0x00,
    0xFF, 0xF9, 0xBF, 0xF8, 0x03, 0xFF, 0x40, 0x2F, 0xFC, 0x07, 0xFD, 0x00, 0xBF, 0xFC, 0x0F, 0xF8,
    0x01, 0xFF, 0xFD, 0x1F, 0xF0, 0x03, 0xF7, 0xFD, 0x2F, 0xF0, 0x0F, 0xE3, 0xFD, 0x3F, 0xE0, 0x2F,
    0xC3, 0xFD, 0x3F, 0xD0, 0x7F, 0x03, 0xFC, 0x3F, 0xC1, 0xFC, 0x07, 0xFC, 0x3F, 0xC3, 0xF4, 0x0B,
    0xFC, 0x3F, 0xCF, 0xE0, 0x0F, 0xF4, 0x3F, 0xEF, 0xC0, 0x1F, 0xF0, 0x3F, 0xFF, 0x00, 0x3F, 0xE0,
    0x3F, 0xFC, 0x00, 0xFF, 0xC0, 0x1F, 0xFE, 0x5B, 0xFF, 0x40, 0x0F, 0xFF, 0xFF, 0xFE, 0x00, 0x2F,
    0xFF, 0xFF, 0xF4, 0x00, 0x7F, 0x7F, 0xFF, 0x80, 0x00, 0x1C, 0x01, 0x40, 0x00, 0x00, 0x00, 0x00,
    0x00, 0x00, 0x00, 0x00, 0x00, 0x55, 0x00, 0x00, 0x00, 0x00, 0xBF, 0xC0, 0x00, 0x00, 0x00, 0x3F,
    0xC0, 0x00, 0x00, 0x00, 0x0F, 0xE0, 0x00, 0x00, 0x00, 0x07, 0xF0, 0x00, 0x00, 0x00, 0x00, 0x50,
    0x00, 0x00, 0x00, 0x00, 0x00, 0x00, 0x00, 0xFF, 0x40, 0x03, 0xFD, 0x01, 0xFF, 0x00, 0x07, 0xFC,
    0x02, 0xFF, 0x00, 0x07, 0xFC, 0x02, 0xFE, 0x00, 0x0B, 0xF8, 0x03, 0xFD, 0x00, 0x0F, 0xF8, 0x03,
    0xFD, 0x00, 0x0F, 0xF4, 0x07, 0xFC, 0x00, 0x1F, 0xF0, 0x0B, 0xFC, 0x00, 0x2F, 0xF0, 0x0F, 0xF8,
    0x00, 0x3F, 0xE0, 0x0F, 0xF4, 0x00, 0x3F, 0xD0, 0x0F, 0xF0, 0x00, 0x3F, 0xC0, 0x1F, 0xF0, 0x00,
    0x7F, 0xC0, 0x2F, 0xF0, 0x00, 0xBF, 0xC0, 0x3F, 0xE0, 0x00, 0xFF, 0x80, 0x3F, 0xD0, 0x00, 0xFF,
    0x40, 0x3F, 0xD0, 0x02, 0xFF, 0x00, 0x3F, 0xF0, 0x07, 0xFE, 0x00, 0x2F, 0xFE, 0x6F, 0xFC, 0x00,
    0x0F, 0xFF, 0xFF, 0xF4, 0x00, 0x07, 0xFF, 0xFF, 0xE0, 0x00, 0x00, 0xBF, 0xFE, 0x00, 0x00, 0x00,
    0x01, 0x40, 0x00, 0x00, 0x00, 0x00, 0x00, 0x15, 0x40, 0x00, 0x00, 0x00, 0xFF, 0xC0, 0x00, 0x00,
    0x01, 0xFF, 0x00, 0x00, 0x00, 0x03, 0xFC, 0x00, 0x00, 0x00, 0x0F, 0xE0, 0x00, 0x00, 0x00, 0x05,
    0x40, 0x00, 0x00, 0x00, 0x00, 0x00, 0x00, 0x00, 0xFF, 0x40, 0x03, 0xFD, 0x01, 0xFF, 0x00, 0x07,
    0xFC, 0x02, 0xFF, 0x00, 0x07, 0xFC, 0x02, 0xFE, 0x00, 0x0B, 0xF8, 0x03, 0xFD, 0x00, 0x0F, 0xF8,
    0x03, 0xFD, 0x00, 0x0F, 0xF4, 0x07, 0xFC, 0x00, 0x1F, 0xF0, 0x0B, 0xFC, 0x00, 0x2F, 0xF0, 0x0F,
    0xF8, 0x00, 0x3F, 0xE0, 0x0F, 0xF4, 0x00, 0x3F, 0xD0, 0x0F, 0xF0, 0x00, 0x3F, 0xC0, 0x1F, 0xF0,
    0x00, 0x7F, 0xC0, 0x2F, 0xF0, 0x00, 0xBF, 0xC0, 0x3F, 0xE0, 0x00, 0xFF, 0x80, 0x3F, 0xD0, 0x00,
    0xFF, 0x40, 0x3F, 0xD0, 0x02, 0xFF, 0x00, 0x3F, 0xF0, 0x07, 0xFE, 0x00, 0x2F, 0xFE, 0x6F, 0xFC,
    0x00, 0x0F, 0xFF, 0xFF, 0xF4, 0x00, 0x07, 0xFF, 0xFF, 0xE0, 0x00, 0x00, 0xBF, 0xFE, 0x00, 0x00,
    0x00, 0x01, 0x40, 0x00, 0x00, 0x00, 0x00, 0x05, 0x54, 0x00, 0x00, 0x00, 0x2F, 0xFD, 0x00, 0x00,
    0x00, 0x7F, 0xFF, 0x00, 0x00, 0x02, 0xFD, 0x3F, 0x80, 0x00, 0x0B, 0xF4, 0x0F, 0xD0, 0x00, 0x05,
    0x40, 0x01, 0x40, 0x00, 0x00, 0x00, 0x00, 0x00, 0x00, 0xFF, 0x40, 0x03, 0xFD, 0x01, 0xFF, 0x00,
    0x07, 0xFC, 0x02, 0xFF, 0x00, 0x07, 0xFC, 0x02, 0xFE, 0x00, 0x0B, 0xF8, 0x03, 0xFD, 0x00, 0x0F,
    0xF8, 0x03, 0xFD, 0x00, 0x0F, 0xF4, 0x07, 0xFC, 0x00, 0x1F, 0xF0, 0x0B, 0xFC, 0x00, 0x2F, 0xF0,
    0x0F, 0xF8, 0x00, 0x3F, 0xE0, 0x0F, 0xF4, 0x00, 0x3F, 0xD0, 0x0F, 0xF0, 0x00, 0x3F, 0xC0, 0x1F,
    0xF0, 0x00, 0x7F, 0xC0, 0x2F, 0xF0, 0x00, 0xBF, 0xC0, 0x3F, 0xE0, 0x00, 0xFF, 0x80, 0x3F, 0xD0,
    0x00, 0xFF, 0x40, 0x3F, 0xD0, 0x02, 0xFF, 0x00, 0x3F, 0xF0, 0x07, 0xFE, 0x00, 0x2F, 0xFE, 0x6F,
    0xFC, 0x00, 0x0F, 0xFF, 0xFF, 0xF4, 0x00, 0x07, 0xFF, 0xFF, 0xE0, 0x00, 0x00, 0xBF, 0xFE, 0x00,
    0x00, 0x00, 0x01, 0x40, 0x00, 0x00, 0x00, 0x00, 0x7C, 0x0F, 0x80, 0x00, 0x00, 0xFE, 0x2F, 0xC0,
    0x00, 0x01, 0xFE, 0x3F, 0xC0, 0x00, 0x00, 0xB8, 0x1F, 0x40, 0x00, 0x00, 0x00, 0x00, 0x00, 0x00,
    0x00, 0x00, 0x00, 0x00, 0x00, 0xFF, 0x40, 0x03, 0xFD, 0x01, 0xFF, 0x00, 0x07, 0xFC, 0x02, 0xFF,
    0x00, 0x07, 0xFC, 0x02, 0xFE, 0x00, 0x0B, 0xF8, 0x03, 0xFD, 0x00, 0x0F, 0xF8, 0x03, 0xFD, 0x00,
    0x0F, 0xF4, 0x07, 0xFC, 0x00, 0x1F, 0xF0, 0x0B, 0xFC, 0x00, 0x2F, 0xF0, 0x0F, 0xF8, 0x00, 0x3F,
    0xE0, 0x0F, 0xF4, 0x00, 0x3F, 0xD0, 0x0F, 0xF0, 0x00, 0x3F, 0xC0, 0x1F, 0xF0, 0x00, 0x7F, 0xC0,
    0x2F, 0xF0, 0x00, 0xBF, 0xC0, 0x3F, 0xE0, 0x00, 0xFF, 0x80, 0x3F, 0xD0, 0x00, 0xFF, 0x40, 0x3F,
    0xD0, 0x02, 0xFF, 0x00, 0x3F, 0xF0, 0x07, 0xFE, 0x00, 0x2F, 0xFE, 0x6F, 0xFC, 0x00, 0x0F, 0xFF,
    0xFF, 0xF4, 0x00, 0x07, 0xFF, 0xFF, 0xE0, 0x00, 0x00, 0xBF, 0xFE, 0x00, 0x00, 0x00, 0x01, 0x40,
    0x00, 0x00, 0x00, 0x00, 0x05, 0x50, 0x00, 0x00, 0x02, 0xFF, 0x00, 0x00, 0x00, 0x7F, 0xC0, 0x00,
    0x00, 0x0F, 0xF0, 0x00, 0x00, 0x03, 0xF8, 0x00, 0x00, 0x00, 0x15, 0x00, 0x00, 0x00, 0x00, 0x00,
    0x00, 0x03, 0xFC, 0x00, 0x0F, 0xF8, 0x3F, 0xD0, 0x02, 0xFF, 0x02, 0xFE, 0x00, 0x3F, 0xE0, 0x1F,
    0xF0, 0x0F, 0xFC, 0x00, 0xFF, 0x01, 0xFF, 0x00, 0x0F, 0xF4, 0x3F, 0xD0, 0x00, 0xBF, 0x4B, 0xFC,
    0x00, 0x07, 0xF9, 0xFF, 0x00, 0x00, 0x3F, 0xFF, 0xD0, 0x00, 0x03, 0xFF, 0xF8, 0x00, 0x00, 0x2F,
    0xFF, 0x00, 0x00, 0x01, 0xFF, 0xD0, 0x00, 0x00, 0x0F, 0xF8, 0x00, 0x00, 0x00, 0xFF, 0x00, 0x00,
    0x00, 0x1F, 0xF0, 0x00, 0x00, 0x02, 0xFF, 0x00, 0x00, 0x00, 0x2F, 0xE0, 0x00, 0x00, 0x03, 0xFD,
    0x00, 0x00, 0x00, 0x3F, 0xC0, 0x00, 0x00, 0x07, 0xFC, 0x00, 0x00, 0x00, 0xBF, 0x80, 0x00, 0x00,
    0x00, 0x3F, 0xD0, 0x00, 0x00, 0x0F, 0xF4, 0x00, 0x00, 0x07, 0xFC, 0x00, 0x00, 0x02, 0xFF, 0xA5,
    0x00, 0x00, 0xFF, 0xFF, 0xF4, 0x00, 0x3F, 0xFF, 0xFF, 0x40, 0x0F, 0xFF, 0xFF, 0xF0, 0x07, 0xFC,
    0x0B, 0xFD, 0x02, 0xFF, 0x00, 0xFF, 0x80, 0xFF, 0x80, 0x3F, 0xE0, 0x3F, 0xD0, 0x0F, 0xF8, 0x0F,
    0xF0, 0x07, 0xFD, 0x07, 0xFC, 0x07, 0xFF, 0x02, 0xFF, 0xFF, 0xFF, 0x80, 0xFF, 0xFF, 0xFF, 0x80,
    0x3F, 0xFF, 0xFF, 0x40, 0x1F, 0xFF, 0xE9, 0x00, 0x07, 0xFC, 0x00, 0x00, 0x02, 0xFE, 0x00, 0x00,
    0x00, 0xFF, 0x40, 0x00, 0x00, 0x3F, 0xD0, 0x00, 0x00, 0x00, 0x00, 0x00, 0x00, 0x01, 0x40, 0x00,
    0x00, 0x00, 0x07, 0xFF, 0xF8, 0x00, 0x00, 0x00, 0xFF, 0xFF, 0xFD, 0x00, 0x00, 0x0B, 0xFF, 0xFF,
    0xFC, 0x00, 0x00, 0x7F, 0xF0, 0x2F, 0xF4, 0x00, 0x02, 0xFF, 0x00, 0x3F, 0xE0, 0x00, 0x0F, 0xF4,
    0x00, 0xFF, 0x40, 0x00, 0x3F, 0xC0, 0x0B, 0xFC, 0x00, 0x01, 0xFF, 0x01, 0xFF, 0xE0, 0x00, 0x0B,
    0xFC, 0x2F, 0xFD, 0x00, 0x00, 0x3F, 0xE1, 0xFF, 0xC0, 0x00, 0x00, 0xFF, 0x4F, 0xFC, 0x00, 0x00,
    0x03, 0xFC, 0x3F, 0xF0, 0x00, 0x00, 0x1F, 0xF0, 0xFF, 0xE0, 0x00, 0x00, 0xBF, 0x80, 0xFF, 0xF0,
    0x00, 0x03, 0xFE, 0x01, 0xFF, 0xF0, 0x00, 0x0F, 0xF4, 0x00, 0xFF, 0xD0, 0x00, 0x7F, 0xC0, 0x00,
    0xFF, 0x80, 0x02, 0xFF, 0x00, 0x03, 0xFE, 0x00, 0x0B, 0xF8, 0x80, 0x1F, 0xF4, 0x00, 0x3F, 0xD3,
    0xFF, 0xFF, 0xC0, 0x00, 0xFF, 0x4F, 0xFF, 0xFD, 0x00, 0x07, 0xFC, 0x2F, 0xFF, 0x80, 0x00, 0x2F,
    0xF0, 0x01, 0x40, 0x00, 0x00, 0xFF, 0x80, 0x00, 0x00, 0x00, 0x07, 0xFD, 0x00, 0x00, 0x00, 0x06,
    0xBF, 0xF0, 0x00, 0x00, 0x00, 0x2F, 0xFF, 0x80, 0x00, 0x00, 0x00, 0xBF, 0xF8, 0x00, 0x00, 0x00,
    0x02, 0xFF, 0x40, 0x00, 0x00, 0x00, 0x00, 0x00, 0x05, 0x50, 0x00, 0x00, 0x0F, 0xF8, 0x00, 0x00,
    0x03, 0xFC, 0x00, 0x00, 0x01, 0xFC, 0x00, 0x00, 0x00, 0xBE, 0x00, 0x00, 0x00, 0x15, 0x00, 0x00,
    0x00, 0x00, 0x00, 0x00, 0x3F, 0xF0, 0xBE, 0x01, 0xFF, 0xFC, 0xFE, 0x07, 0xFF, 0xFF, 0xFD, 0x0F,
    0xFE, 0x6F, 0xFC, 0x1F, 0xF8, 0x0F, 0xFC, 0x3F, 0xF0, 0x0B, 0xF8, 0x3F, 0xD0, 0x0B, 0xF8, 0x7F,
    0xC0, 0x0F, 0xF4, 0xBF, 0xC0, 0x0F, 0xF0, 0xBF, 0xC0, 0x1F, 0xF0, 0xBF, 0xC0, 0x3F, 0xE0, 0xBF,
    0xC0, 0x7F, 0xD0, 0xBF, 0xE6, 0xFF, 0xC0, 0x7F, 0xFF, 0xFF, 0xC0, 0x2F, 0xFF, 0xBF, 0xC0, 0x0B,
    0xFD, 0x3F, 0x80, 0x00, 0x40, 0x00, 0x00, 0x00, 0x00, 0x01, 0x54, 0x00, 0x00, 0x0F, 0xF8, 0x00,
    0x00, 0x3F, 0xE0, 0x00, 0x00, 0xBF, 0x80, 0x00, 0x01, 0xFD, 0x00, 0x00, 0x00, 0x50, 0x00, 0x00,
    0x00, 0x00, 0x00, 0x00, 0x3F, 0xF0, 0xBE, 0x01, 0xFF, 0xFC, 0xFE, 0x07, 0xFF, 0xFF, 0xFD, 0x0F,
    0xFE, 0x6F, 0xFC, 0x1F, 0xF8, 0x0F, 0xFC, 0x3F, 0xF0, 0x0B, 0xF8, 0x3F, 0xD0, 0x0B, 0xF8, 0x7F,
    0xC0, 0x0F, 0xF4, 0xBF, 0xC0, 0x0F, 0xF0, 0xBF, 0xC0, 0x1F, 0xF0, 0xBF, 0xC0, 0x3F, 0xE0, 0xBF,
    0xC0, 0x7F, 0xD0, 0xBF, 0xE6, 0xFF, 0xC0, 0x7F, 0xFF, 0xFF, 0xC0, 0x2F, 0xFF, 0xBF, 0xC0, 0x0B,
    0xFD, 0x3F, 0x80, 0x00, 0x40, 0x00, 0x00, 0x00, 0x00, 0x55, 0x40, 0x00, 0x03, 0xFF, 0xC0, 0x00,
    0x0F, 0xFF, 0xE0, 0x00, 0x3F, 0xC7, 0xF4, 0x00, 0xFE, 0x02, 0xFC, 0x00, 0x54, 0x00, 0x54, 0x00,
    0x00, 0x00, 0x00, 0x00, 0x3F, 0xF0, 0xBE, 0x01, 0xFF, 0xFC, 0xFE, 0x07, 0xFF, 0xFF, 0xFD, 0x0F,
    0xFE, 0x6F, 0xFC, 0x1F, 0xF8, 0x0F, 0xFC, 0x3F, 0xF0, 0x0B, 0xF8, 0x3F, 0xD0, 0x0B, 0xF8, 0x7F,
    0xC0, 0x0F, 0xF4, 0xBF, 0xC0, 0x0F, 0xF0, 0xBF, 0xC0, 0x1F, 0xF0, 0xBF, 0xC0, 0x3F, 0xE0, 0xBF,
    0xC0, 0x7F, 0xD0, 0xBF, 0xE6, 0xFF, 0xC0, 0x7F, 0xFF, 0xFF, 0xC0, 0x2F, 0xFF, 0xBF, 0xC0, 0x0B,
    0xFD, 0x3F, 0x80, 0x00, 0x40, 0x00, 0x00, 0x00, 0x00, 0x00, 0x00, 0x00, 0x02, 0xFD, 0x07, 0xC0,
    0x03, 0xFF, 0xFB, 0xE0, 0x01, 0xFF, 0xFF, 0xF0, 0x00, 0xB8, 0x1F, 0xF4, 0x00, 0x14, 0x00, 0x50,
    0x00, 0x00, 0x00, 0x00, 0x00, 0x00, 0xFF, 0xC2, 0xF8, 0x01, 0xFF, 0xFC, 0xFE, 0x01, 0xFF, 0xFF,
    0xFF, 0x40, 0xFF, 0xE6, 0xFF, 0xC0, 0x7F, 0xE0, 0x3F, 0xF0, 0x3F, 0xF0, 0x0B, 0xF8, 0x0F, 0xF4,
    0x02, 0xFE, 0x07, 0xFC, 0x00, 0xFF, 0x42, 0xFF, 0x00, 0x3F, 0xC0, 0xBF, 0xC0, 0x1F, 0xF0, 0x2F,
    0xF0, 0x0F, 0xF8, 0x0B, 0xFC, 0x07, 0xFD, 0x02, 0xFF, 0x9B, 0xFF, 0x00, 0x7F, 0xFF, 0xFF, 0xC0,
    0x0B, 0xFF, 0xEF, 0xF0, 0x00, 0xBF, 0xD3, 0xF8, 0x00, 0x01, 0x00, 0x00, 0x00, 0x00, 0x0F, 0x82,
    0xF0, 0x00, 0x2F, 0xC3, 0xF8, 0x00, 0x2F, 0xC7, 0xF4, 0x00, 0x1F, 0x42, 0xE0, 0x00, 0x00, 0x00,
    0x00, 0x00, 0x00, 0x00, 0x00, 0x00, 0x3F, 0xF0, 0xBE, 0x01, 0xFF, 0xFC, 0xFE, 0x07, 0xFF, 0xFF,
    0xFD, 0x0F, 0xFE, 0x6F, 0xFC, 0x1F, 0xF8, 0x0F, 0xFC, 0x3F, 0xF0, 0x0B, 0xF8, 0x3F, 0xD0, 0x0B,
    0xF8, 0x7F, 0xC0, 0x0F, 0xF4, 0xBF, 0xC0, 0x0F, 0xF0, 0xBF, 0xC0, 0x1F, 0xF0, 0xBF, 0xC0, 0x3F,
    0xE0, 0xBF, 0xC0, 0x7F, 0xD0, 0xBF, 0xE6, 0xFF, 0xC0, 0x7F, 0xFF, 0xFF, 0xC0, 0x2F, 0xFF, 0xBF,
    0xC0, 0x0B, 0xFD, 0x3F, 0x80, 0x00, 0x40, 0x00, 0x00, 0x00, 0x00, 0x14, 0x00, 0x00, 0x02, 0xFF,
    0x40, 0x00, 0x07, 0xEF, 0xC0, 0x00, 0x0B, 0x83, 0xD0, 0x00, 0x0B, 0x83, 0xD0, 0x00, 0x07, 0xEF,
    0xC0, 0x00, 0x02, 0xFF, 0x40, 0x00, 0x00, 0x14, 0x00, 0x00, 0x00, 0x00, 0x00, 0x00, 0x3F, 0xF0,
    0xBE, 0x01, 0xFF, 0xFC, 0xFE, 0x07, 0xFF, 0xFF, 0xFD, 0x0F, 0xFE, 0x6F, 0xFC, 0x1F, 0xF8, 0x0F,
    0xFC, 0x3F, 0xF0, 0x0B, 0xF8, 0x3F, 0xD0, 0x0B, 0xF8, 0x7F, 0xC0, 0x0F, 0xF4, 0xBF, 0xC0, 0x0F,
    0xF0, 0xBF, 0xC0, 0x1F, 0xF0, 0xBF, 0xC0, 0x3F, 0xE0, 0xBF, 0xC0, 0x7F, 0xD0, 0xBF, 0xE6, 0xFF,
    0xC0, 0x7F, 0xFF, 0xFF, 0xC0, 0x2F, 0xFF, 0xBF, 0xC0, 0x0B, 0xFD, 0x3F, 0x80, 0x00, 0x40, 0x00,
    0x00, 0x00, 0x00, 0x00, 0x00, 0x00, 0x00, 0x00, 0x3F, 0xF0, 0xBD, 0xFF, 0xE0, 0x01, 0xFF, 0xFD,
    0xFF, 0xFF, 0xFC, 0x07, 0xFF, 0xFF, 0xFF, 0xFF, 0xFD, 0x0F, 0xFD, 0x6F, 0xFF, 0x42, 0xFE, 0x1F,
    0xF4, 0x0F, 0xFD, 0x01, 0xFE, 0x3F, 0xE0, 0x0F, 0xF8, 0x03, 0xFD, 0x3F, 0xD0, 0x0F, 0xF8, 0x6F,
    0xFC, 0x7F, 0xC0, 0x0F, 0xFF, 0xFF, 0xF4, 0xBF, 0xC0, 0x0F, 0xFF, 0xFF, 0x80, 0xBF, 0x80, 0x1F,
    0xFA, 0x94, 0x00, 0xBF, 0x80, 0x3F, 0xF0, 0x00, 0x00, 0xBF, 0xC0, 0x7F, 0xF0, 0x00, 0x00, 0xBF,
    0xE2, 0xFF, 0xF8, 0x01, 0xD0, 0x3F, 0xFF, 0xFF, 0xFF, 0xFF, 0xD0, 0x2F, 0xFF, 0xBF, 0xFF, 0xFF,
    0xD0, 0x0B, 0xFD, 0x3F, 0x3F, 0xFF, 0x40, 0x00, 0x40, 0x00, 0x01, 0x40, 0x00, 0x00, 0x00, 0x00,
    0x00, 0x02, 0xFF, 0xF8, 0x01, 0xFF, 0xFF, 0xC0, 0x3F, 0xFF, 0xF8, 0x0F, 0xFE, 0x5B, 0x42, 0xFF,
    0x40, 0x00, 0x3F, 0xE0, 0x00, 0x07, 0xFD, 0x00, 0x00, 0x7F, 0xC0, 0x00, 0x0B, 0xFC, 0x00, 0x00,
    0xBF, 0x80, 0x00, 0x0B, 0xF8, 0x00, 0x00, 0xBF, 0xC0, 0x00, 0x07, 0xFF, 0x56, 0xC0, 0x3F, 0xFF,
    0xFC, 0x01, 0xFF, 0xFF, 0xC0, 0x03, 0xFF, 0xF4, 0x00, 0x0F, 0x80, 0x00, 0x02, 0xFD, 0x00, 0x00,
    0x1B, 0xF0, 0x00, 0x00, 0x3F, 0x40, 0x00, 0x9B, 0xF0, 0x00, 0x1F, 0xFE, 0x00, 0x00, 0xFF, 0x40,
    0x00, 0x00, 0x05, 0x50, 0x00, 0x00, 0x3F, 0xD0, 0x00, 0x00, 0x7F, 0xC0, 0x00, 0x00, 0x7F, 0x00,
    0x00, 0x00, 0xBE, 0x00, 0x00, 0x00, 0x54, 0x00, 0x00, 0x00, 0x00, 0x00, 0x07, 0xFF, 0xD0, 0x00,
    0xFF, 0xFF, 0xE0, 0x0F, 0xFF, 0xFF, 0xC0, 0xFF, 0xD0, 0xFF, 0x47, 0xFC, 0x02, 0xFD, 0x3F, 0xE0,
    0x0F, 0xF4, 0xFF, 0x46, 0xFF, 0xC7, 0xFF, 0xFF, 0xFC, 0x2F, 0xFF, 0xFF, 0x80, 0xBF, 0xEA, 0x40,
    0x02, 0xFE, 0x00, 0x00, 0x0B, 0xFC, 0x00, 0x00, 0x1F, 0xF8, 0x02, 0xC0, 0x3F, 0xFF, 0xFF, 0x00,
    0x3F, 0xFF, 0xFC, 0x00, 0x2F, 0xFF, 0x90, 0x00, 0x01, 0x40, 0x00, 0x00, 0x00, 0x05, 0x54, 0x00,
    0x00, 0x7F, 0xD0, 0x00, 0x03, 0xFD, 0x00, 0x00, 0x3F, 0xD0, 0x00, 0x02, 0xFC, 0x00, 0x00, 0x05,
    0x40, 0x00, 0x00, 0x00, 0x00, 0x00, 0x07, 0xFF, 0xD0, 0x00, 0xFF, 0xFF, 0xE0, 0x0F, 0xFF, 0xFF,
    0xC0, 0xFF, 0xD0, 0xFF, 0x47, 0xFC, 0x02, 0xFD, 0x3F, 0xE0, 0x0F, 0xF4, 0xFF, 0x46, 0xFF, 0xC7,
    0xFF, 0xFF, 0xFC, 0x2F, 0xFF, 0xFF, 0x80, 0xBF, 0xEA, 0x40, 0x02, 0xFE, 0x00, 0x00, 0x0B, 0xFC,
    0x00, 0x00, 0x1F, 0xF8, 0x02, 0xC0, 0x3F, 0xFF, 0xFF, 0x00, 0x3F, 0xFF, 0xFC, 0x00, 0x2F, 0xFF,
    0x90, 0x00, 0x01, 0x40, 0x00, 0x00, 0x00, 0x55, 0x00, 0x00, 0x03, 0xFF, 0xC0, 0x00, 0x0F, 0xFF,
    0xD0, 0x00, 0x3F, 0xCB, 0xF0, 0x00, 0xFE, 0x02, 0xF8, 0x00, 0x50, 0x00, 0x54, 0x00, 0x00, 0x00,
    0x00, 0x00, 0x1F, 0xFF, 0x40, 0x00, 0xFF, 0xFF, 0xE0, 0x03, 0xFF, 0xFF, 0xF0, 0x0F, 0xFD, 0x0F,
    0xF4, 0x1F, 0xF0, 0x0B, 0xF4, 0x3F, 0xE0, 0x0F, 0xF4, 0x3F, 0xD1, 0xBF, 0xF0, 0x7F, 0xFF, 0xFF,
    0xC0, 0xBF, 0xFF, 0xFE, 0x00, 0xBF, 0xEA, 0x40, 0x00, 0xBF, 0x80, 0x00, 0x00, 0xBF, 0xC0, 0x00,
    0x00, 0x7F, 0xE0, 0x0B, 0x00, 0x3F, 0xFF, 0xFF, 0x00, 0x0F, 0xFF, 0xFF, 0x00, 0x02, 0xFF, 0xF9,
    0x00, 0x00, 0x05, 0x00, 0x00, 0x00, 0x1F, 0x42, 0xF0, 0x00, 0xFF, 0x1F, 0xD0, 0x03, 0xFC, 0xBF,
    0x40, 0x07, 0xC0, 0xF8, 0x00, 0x00, 0x00, 0x00, 0x00, 0x00, 0x00, 0x00, 0x01, 0xFF, 0xF4, 0x00,
    0x3F, 0xFF, 0xF8, 0x03, 0xFF, 0xFF, 0xF0, 0x3F, 0xF4, 0x3F, 0xD1, 0xFF, 0x00, 0xBF, 0x4F, 0xF8,
    0x03, 0xFD, 0x3F, 0xD1, 0xBF, 0xF1, 0xFF, 0xFF, 0xFF, 0x0B, 0xFF, 0xFF, 0xE0, 0x2F, 0xFA, 0x90,
    0x00, 0xBF, 0x80, 0x00, 0x02, 0xFF, 0x00, 0x00, 0x07, 0xFE, 0x00, 0xB0, 0x0F, 0xFF, 0xFF, 0xC0,
    0x0F, 0xFF, 0xFF, 0x00, 0x0B, 0xFF, 0xE4, 0x00, 0x00, 0x50, 0x00, 0x00, 0x01, 0x54, 0x00, 0xFF,
    0x40, 0x1F, 0xE0, 0x02, 0xFC, 0x00, 0x3F, 0x40, 0x01, 0x40, 0x00, 0x00, 0x03, 0xFC, 0x01, 0xFF,
    0x00, 0xBF, 0xC0, 0x3F, 0xE0, 0x0F, 0xF4, 0x07, 0xFC, 0x01, 0xFF, 0x00, 0xBF, 0x80, 0x3F, 0xD0,
    0x0F, 0xF4, 0x07, 0xFC, 0x02, 0xFF, 0x00, 0xBF, 0x80, 0x3F, 0xD0, 0x0F, 0xF0, 0x07, 0xFC, 0x00,
    0x00, 0x01, 0x55, 0x00, 0x07, 0xFD, 0x00, 0x0F, 0xF4, 0x00, 0x2F, 0xD0, 0x00, 0xBF, 0x00, 0x00,
    0x54, 0x00, 0x00, 0x00, 0x00, 0x00, 0xFF, 0x00, 0x01, 0xFF, 0x00, 0x02, 0xFF, 0x00, 0x03, 0xFE,
    0x00, 0x03, 0xFD, 0x00, 0x07, 0xFC, 0x00, 0x07, 0xFC, 0x00, 0x0B, 0xF8, 0x00, 0x0F, 0xF4, 0x00,
    0x0F, 0xF4, 0x00, 0x1F, 0xF0, 0x00, 0x2F, 0xF0, 0x00, 0x2F, 0xE0, 0x00, 0x3F, 0xD0, 0x00, 0x3F,
    0xC0, 0x00, 0x7F, 0xC0, 0x00, 0x00, 0x15, 0x40, 0x00, 0xFF, 0xF0, 0x03, 0xFF, 0xF4, 0x0F, 0xF2,
    0xFC, 0x3F, 0x80, 0xBE, 0x14, 0x00, 0x15, 0x00, 0x00, 0x00, 0x00, 0xFF, 0x00, 0x01, 0xFF, 0x00,
    0x02, 0xFF, 0x00, 0x03, 0xFE, 0x00, 0x03, 0xFD, 0x00, 0x07, 0xFC, 0x00, 0x07, 0xFC, 0x00, 0x0B,
    0xF8, 0x00, 0x0F, 0xF4, 0x00, 0x0F, 0xF4, 0x00, 0x1F, 0xF0, 0x00, 0x2F, 0xF0, 0x00, 0x2F, 0xE0,
    0x00, 0x3F, 0xD0, 0x00, 0x3F, 0xC0, 0x00, 0x7F, 0xC0, 0x00, 0x07, 0xD0, 0xB8, 0x0F, 0xF1, 0xFD,
    0x0F, 0xF2, 0xFC, 0x07, 0xC0, 0xF8, 0x00, 0x00, 0x00, 0x00, 0x00, 0x00, 0x00, 0xFF, 0x00, 0x01,
    0xFF, 0x00, 0x02, 0xFF, 0x00, 0x03, 0xFE, 0x00, 0x03, 0xFD, 0x00, 0x07, 0xFC, 0x00, 0x07, 0xFC,
    0x00, 0x0B, 0xF8, 0x00, 0x0F, 0xF4, 0x00, 0x0F, 0xF4, 0x00, 0x1F, 0xF0, 0x00, 0x2F, 0xF0, 0x00,
    0x2F, 0xE0, 0x00, 0x3F, 0xD0, 0x00, 0x3F, 0xC0, 0x00, 0x7F, 0xC0, 0x00, 0x00, 0x00, 0x00, 0x00,
    0x00, 0x03, 0xD0, 0x2C, 0x00, 0x07, 0xFA, 0xFD, 0x00, 0x0B, 0xFF, 0xF4, 0x00, 0x02, 0xFF, 0xC0,
    0x00, 0x0F, 0xFF, 0xD0, 0x00, 0x3F, 0xEF, 0xF0, 0x00, 0x0D, 0x0B, 0xF4, 0x00, 0x00, 0x07, 0xF8,
    0x00, 0xBF, 0xE3, 0xF8, 0x07, 0xFF, 0xFF, 0xFC, 0x0F, 0xFF, 0xFF, 0xFC, 0x3F, 0xF4, 0x3F, 0xFC,
    0x7F, 0xD0, 0x0F, 0xF8, 0xBF, 0xC0, 0x0F, 0xF8, 0xFF, 0x80, 0x0F, 0xF4, 0xFF, 0x40, 0x1F, 0xF0,
    0xFF, 0x40, 0x2F, 0xF0, 0xFF, 0x40, 0x3F, 0xE0, 0xBF, 0xC0, 0xFF, 0xC0, 0x7F, 0xFF, 0xFF, 0x40,
    0x2F, 0xFF, 0xFD, 0x00, 0x07, 0xFF, 0xE0, 0x00, 0x00, 0x14, 0x00, 0x00, 0x00, 0x00, 0x00, 0x00,
    0x00, 0x00, 0x1F, 0xD0, 0x3D, 0x00, 0x07, 0xFF, 0xEF, 0xC0, 0x00, 0xFF, 0xFF, 0xF8, 0x00, 0x1F,
    0x07, 0xFE, 0x00, 0x00, 0x50, 0x01, 0x00, 0x00, 0x00, 0x00, 0x00, 0x00, 0x0F, 0xC2, 0xFF, 0x40,
    0x01, 0xFC, 0xBF, 0xFD, 0x00, 0x2F, 0xEF, 0xFF, 0xF0, 0x03, 0xFF, 0xD7, 0xFF, 0x00, 0x3F, 0xF0,
    0x1F, 0xF0, 0x03, 0xFE, 0x00, 0xFF, 0x00, 0x7F, 0xC0, 0x1F, 0xF0, 0x0B, 0xF8, 0x02, 0xFE, 0x00,
    0xFF, 0x40, 0x3F, 0xD0, 0x0F, 0xF0, 0x03, 0xFD, 0x01, 0xFF, 0x00, 0x3F, 0xC0, 0x2F, 0xF0, 0x07,
    0xFC, 0x02, 0xFE, 0x00, 0xBF, 0x80, 0x3F, 0xD0, 0x0F, 0xF4, 0x03, 0xFC, 0x00, 0xFF, 0x00, 0x7F,
    0xC0, 0x1F, 0xF0, 0x00, 0x00, 0x05, 0x50, 0x00, 0x00, 0x3F, 0xD0, 0x00, 0x00, 0x7F, 0x80, 0x00,
    0x00, 0xBF, 0x00, 0x00, 0x00, 0xFD, 0x00, 0x00, 0x00, 0x50, 0x00, 0x00, 0x00, 0x00, 0x00, 0x0B,
    0xFF, 0x80, 0x01, 0xFF, 0xFF, 0xC0, 0x1F, 0xFF, 0xFF, 0xC0, 0xFF, 0xD6, 0xFF, 0x4B, 0xFD, 0x03,
    0xFE, 0x3F, 0xE0, 0x0B, 0xFD, 0xFF, 0x00, 0x2F, 0xF7, 0xFC, 0x00, 0xBF, 0xAF, 0xE0, 0x03, 0xFE,
    0xBF, 0x80, 0x0F, 0xF6, 0xFE, 0x00, 0x7F, 0xCB, 0xFC, 0x03, 0xFE, 0x1F, 0xF8, 0x7F, 0xF0, 0x3F,
    0xFF, 0xFF, 0x80, 0x3F, 0xFF, 0xF8, 0x00, 0x2F, 0xFE, 0x40, 0x00, 0x01, 0x00, 0x00, 0x00, 0x00,
    0x05, 0x54, 0x00, 0x00, 0x7F, 0xD0, 0x00, 0x03, 0xFD, 0x00, 0x00, 0x3F, 0xD0, 0x00, 0x02, 0xFC,
    0x00, 0x00, 0x05, 0x40, 0x00, 0x00, 0x00, 0x00, 0x00, 0x0B, 0xFF, 0x80, 0x01, 0xFF, 0xFF, 0xC0,
    0x1F, 0xFF, 0xFF, 0xC0, 0xFF, 0xD6, 0xFF, 0x4B, 0xFD, 0x03, 0xFE, 0x3F, 0xE0, 0x0B, 0xFD, 0xFF,
    0x00, 0x2F, 0xF7, 0xFC, 0x00, 0xBF, 0xAF, 0xE0, 0x03, 0xFE, 0xBF, 0x80, 0x0F, 0xF6, 0xFE, 0x00,
    0x7F, 0xCB, 0xFC, 0x03, 0xFE, 0x1F, 0xF8, 0x7F, 0xF0, 0x3F, 0xFF, 0xFF, 0x80, 0x3F, 0xFF, 0xF8,
    0x00, 0x2F, 0xFE, 0x40, 0x00, 0x01, 0x00, 0x00, 0x00, 0x00, 0x55, 0x00, 0x00, 0x0F, 0xFF, 0x00,
    0x00, 0xFF, 0xFD, 0x00, 0x0F, 0xF2, 0xFC, 0x00, 0xFE, 0x03, 0xF8, 0x01, 0x40, 0x01, 0x50, 0x00,
    0x00, 0x00, 0x00, 0x0B, 0xFF, 0x80, 0x01, 0xFF, 0xFF, 0xC0, 0x1F, 0xFF, 0xFF, 0xC0, 0xFF, 0xD6,
    0xFF, 0x4B, 0xFD, 0x03, 0xFE, 0x3F, 0xE0, 0x0B, 0xFD, 0xFF, 0x00, 0x2F, 0xF7, 0xFC, 0x00, 0xBF,
    0xAF, 0xE0, 0x03, 0xFE, 0xBF, 0x80, 0x0F, 0xF6, 0xFE, 0x00, 0x7F, 0xCB, 0xFC, 0x03, 0xFE, 0x1F,
    0xF8, 0x7F, 0xF0, 0x3F, 0xFF, 0xFF, 0x80, 0x3F, 0xFF, 0xF8, 0x00, 0x2F, 0xFE, 0x40, 0x00, 0x01,
    0x00, 0x00, 0x00, 0x00, 0x00, 0x00, 0x00, 0x0F, 0xE0, 0x2E, 0x00, 0x3F, 0xFE, 0xBD, 0x00, 0xBF,
    0xFF, 0xFC, 0x00, 0xF4, 0x2F, 0xF0, 0x00, 0x50, 0x01, 0x40, 0x00, 0x00, 0x00, 0x00, 0x00, 0x2F,
    0xFE, 0x00, 0x01, 0xFF, 0xFF, 0xC0, 0x07, 0xFF, 0xFF, 0xF0, 0x0F, 0xFD, 0x6F, 0xF4, 0x2F, 0xF4,
    0x0F, 0xF8, 0x3F, 0xE0, 0x0B, 0xFC, 0x7F, 0xC0, 0x0B, 0xFC, 0x7F, 0xC0, 0x0B, 0xF8, 0xBF, 0x80,
    0x0F, 0xF8, 0xBF, 0x80, 0x0F, 0xF4, 0xBF, 0x80, 0x1F, 0xF0, 0xBF, 0xC0, 0x3F, 0xE0, 0x7F, 0xE1,
    0xFF, 0xC0, 0x3F, 0xFF, 0xFF, 0x80, 0x0F, 0xFF, 0xFE, 0x00, 0x02, 0xFF, 0xE4, 0x00, 0x00, 0x04,
    0x00, 0x00, 0x00, 0x1F, 0x42, 0xE0, 0x00, 0xFF, 0x1F, 0xD0, 0x03, 0xF8, 0xBF, 0x00, 0x07, 0xC0,
    0xF8, 0x00, 0x00, 0x00, 0x00, 0x00, 0x00, 0x00, 0x00, 0x02, 0xFF, 0xE0, 0x00, 0x7F, 0xFF, 0xF0,
    0x07, 0xFF, 0xFF, 0xF0, 0x3F, 0xF5, 0xBF, 0xD2, 0xFF, 0x40, 0xFF, 0x8F, 0xF8, 0x02, 0xFF, 0x7F,
    0xC0, 0x0B, 0xFD, 0xFF, 0x00, 0x2F, 0xEB, 0xF8, 0x00, 0xFF, 0xAF, 0xE0, 0x03, 0xFD, 0xBF, 0x80,
    0x1F, 0xF2, 0xFF, 0x00, 0xFF, 0x87, 0xFE, 0x1F, 0xFC, 0x0F, 0xFF, 0xFF, 0xE0, 0x0F, 0xFF, 0xFE,
    0x00, 0x0B, 0xFF, 0x90, 0x00, 0x00, 0x40, 0x00, 0x00, 0x00, 0x01, 0x00, 0x00, 0x00, 0x3F, 0x40,
    0x00, 0x01, 0xFE, 0x00, 0x00, 0x07, 0xF4, 0x00, 0x00, 0x0B, 0x80, 0x00, 0x00, 0x00, 0x00, 0x07,
    0xFF, 0xFF, 0xFF, 0x9F, 0xFF, 0xFF, 0xFE, 0x7F, 0xFF, 0xFF, 0xF8, 0x55, 0x55, 0x55, 0x40, 0x00,
    0x14, 0x00, 0x00, 0x03, 0xF4, 0x00, 0x00, 0x1F, 0xE0, 0x00, 0x00, 0x7F, 0x40, 0x00, 0x00, 0xB8,
    0x00, 0x00, 0x00, 0x00, 0x00, 0x04, 0x00, 0x02, 0xFF, 0xEF, 0x80, 0x07, 0xFF, 0xFF, 0xE0, 0x07,
    0xFF, 0xFF, 0xF0, 0x03, 0xFF, 0x4B, 0xFD, 0x02, 0xFF, 0x03, 0xFF, 0x80, 0xFF, 0x43, 0xFF, 0xF0,
    0x7F, 0xC2, 0xFF, 0xFC, 0x1F, 0xE2, 0xFA, 0xFE, 0x0B, 0xF9, 0xFC, 0xBF, 0x82, 0xFE, 0xFC, 0x3F,
    0xD0, 0xBF, 0xFC, 0x1F, 0xF0, 0x2F, 0xFD, 0x0F, 0xF8, 0x07, 0xFF, 0x0B, 0xFC, 0x00, 0xFF, 0xFF,
    0xFE, 0x00, 0x7F, 0xFF, 0xFE, 0x00, 0x3F, 0xBF, 0xF9, 0x00, 0x0B, 0x40, 0x40, 0x00, 0x00, 0x00,
    0x00, 0x00, 0x00, 0x00, 0x05, 0x50, 0x00, 0x00, 0x03, 0xFE, 0x00, 0x00, 0x00, 0x3F, 0xC0, 0x00,
    0x00, 0x07, 0xF4, 0x00, 0x00, 0x00, 0x7F, 0x00, 0x00, 0x00, 0x05, 0x40, 0x00, 0x00, 0x00, 0x00,
    0x00, 0x1F, 0xF0, 0x03, 0xFC, 0x0B, 0xF8, 0x01, 0xFF, 0x03, 0xFE, 0x00, 0xBF, 0x80, 0xFF, 0x40,
    0x3F, 0xD0, 0x3F, 0xC0, 0x0F, 0xF0, 0x1F, 0xF0, 0x07, 0xFC, 0x0B, 0xF8, 0x02, 0xFF, 0x03, 0xFD,
    0x00, 0xFF, 0x80, 0xFF, 0x00, 0x3F, 0xD0, 0x3F, 0xC0, 0x1F, 0xF0, 0x1F, 0xF0, 0x0F, 0xFC, 0x07,
    0xFC, 0x07, 0xFE, 0x01, 0xFF, 0x4B, 0xFF, 0x40, 0x3F, 0xFF, 0xEF, 0xD0, 0x0F, 0xFF, 0xD7, 0xF0,
    0x00, 0xFF, 0xD1, 0xFC, 0x00, 0x01, 0x00, 0x00, 0x00, 0x00, 0x00, 0x01, 0x54, 0x00, 0x00, 0x03,
    0xFE, 0x00, 0x00, 0x02, 0xFE, 0x00, 0x00, 0x01, 0xFE, 0x00, 0x00, 0x00, 0xFD, 0x00, 0x00, 0x00,
    0x14, 0x00, 0x00, 0x00, 0x00, 0x00, 0x00, 0x1F, 0xF0, 0x03, 0xFC, 0x0B, 0xF8, 0x01, 0xFF, 0x03,
    0xFE, 0x00, 0xBF, 0x80, 0xFF, 0x40, 0x3F, 0xD0, 0x3F, 0xC0, 0x0F, 0xF0, 0x1F, 0xF0, 0x07, 0xFC,
    0x0B, 0xF8, 0x02, 0xFF, 0x03, 0xFD, 0x00, 0xFF, 0x80, 0xFF, 0x00, 0x3F, 0xD0, 0x3F, 0xC0, 0x1F,
    0xF0, 0x1F, 0xF0, 0x0F, 0xFC, 0x07, 0xFC, 0x07, 0xFE, 0x01, 0xFF, 0x4B, 0xFF, 0x40, 0x3F, 0xFF,
    0xEF, 0xD0, 0x0F, 0xFF, 0xD7, 0xF0, 0x00, 0xFF, 0xD1, 0xFC, 0x00, 0x01, 0x00, 0x00, 0x00, 0x00,
    0x00, 0x55, 0x40, 0x00, 0x00, 0xBF, 0xF0, 0x00, 0x00, 0xBF, 0xFF, 0x00, 0x00, 0xBF, 0x5F, 0xD0,
    0x00, 0xBF, 0x01, 0xFC, 0x00, 0x15, 0x00, 0x05, 0x00, 0x00, 0x00, 0x00, 0x00, 0x1F, 0xF0, 0x03,
    0xFC, 0x0B, 0xF8, 0x01, 0xFF, 0x03, 0xFE, 0x00, 0xBF, 0x80, 0xFF, 0x40, 0x3F, 0xD0, 0x3F, 0xC0,
    0x0F, 0xF0, 0x1F, 0xF0, 0x07, 0xFC, 0x0B, 0xF8, 0x02, 0xFF, 0x03, 0xFD, 0x00, 0xFF, 0x80, 0xFF,
    0x00, 0x3F, 0xD0, 0x3F, 0xC0, 0x1F, 0xF0, 0x1F, 0xF0, 0x0F, 0xFC, 0x07, 0xFC, 0x07, 0xFE, 0x01,
    0xFF, 0x4B, 0xFF, 0x40, 0x3F, 0xFF, 0xEF, 0xD0, 0x0F, 0xFF, 0xD7, 0xF0, 0x00, 0xFF, 0xD1, 0xFC,
    0x00, 0x01, 0x00, 0x00, 0x00, 0x00, 0x0B, 0x81, 0xF4, 0x00, 0x0B, 0xF0, 0xFE, 0x00, 0x02, 0xFC,
    0x3F, 0x80, 0x00, 0x3D, 0x0B, 0x80, 0x00, 0x00, 0x00, 0x00, 0x00, 0x00, 0x00, 0x00, 0x00, 0x7F,
    0xC0, 0x0F, 0xF0, 0x2F, 0xE0, 0x07, 0xFC, 0x0F, 0xF8, 0x02, 0xFE, 0x03, 0xFD, 0x00, 0xFF, 0x40,
    0xFF, 0x00, 0x3F, 0xC0, 0x7F, 0xC0, 0x1F, 0xF0, 0x2F, 0xE0, 0x0B, 0xFC, 0x0F, 0xF4, 0x03, 0xFE,
    0x03, 0xFC, 0x00, 0xFF, 0x40, 0xFF, 0x00, 0x7F, 0xC0, 0x7F, 0xC0, 0x3F, 0xF0, 0x1F, 0xF0, 0x1F,
    0xF8, 0x07, 0xFD, 0x2F, 0xFD, 0x00, 0xFF, 0xFF, 0xBF, 0x40, 0x3F, 0xFF, 0x5F, 0xC0, 0x03, 0xFF,
    0x47, 0xF0, 0x00, 0x04, 0x00, 0x00, 0x00, 0x00, 0x00, 0x00, 0x15, 0x40, 0x00, 0x00, 0x00, 0xBF,
    0xC0, 0x00, 0x00, 0x01, 0xFF, 0x00, 0x00, 0x00, 0x03, 0xFC, 0x00, 0x00, 0x00, 0x0F, 0xE0, 0x00,
    0x00, 0x00, 0x05, 0x40, 0x00, 0x00, 0x00, 0x00, 0x00, 0x00, 0x00, 0x7F, 0x80, 0x03, 0xFD, 0x00,
    0x7F, 0xC0, 0x0B, 0xFC, 0x00, 0x3F, 0xC0, 0x0F, 0xF4, 0x00, 0x3F, 0xC0, 0x2F, 0xF0, 0x00, 0x3F,
    0xC0, 0x3F, 0xD0, 0x00, 0x3F, 0xC0, 0xBF, 0xC0, 0x00, 0x2F, 0xD0, 0xFF, 0x00, 0x00, 0x1F, 0xD2,
    0xFE, 0x00, 0x00, 0x1F, 0xE3, 0xFC, 0x00, 0x00, 0x0F, 0xE7, 0xF8, 0x00, 0x00, 0x0F, 0xEF, 0xF0,
    0x00, 0x00, 0x0F, 0xFF, 0xE0, 0x00, 0x00, 0x0B, 0xFF, 0xC0, 0x00, 0x00, 0x0B, 0xFF, 0x80, 0x00,
    0x00, 0x07, 0xFF, 0x00, 0x00, 0x00, 0x07, 0xFD, 0x00, 0x00, 0x00, 0x07, 0xFC, 0x00, 0x00, 0x00,
    0x0F, 0xF4, 0x00, 0x00, 0x00, 0x3F, 0xF0, 0x00, 0x00, 0x2A, 0xFF, 0xC0, 0x00, 0x00, 0x3F, 0xFF,
    0x40, 0x00, 0x00, 0x3F, 0xFD, 0x00, 0x00, 0x00, 0x3F, 0xE0, 0x00, 0x00, 0x00, 0x00, 0x00, 0x00,
    0x00, 0x00, 0x00, 0xFF, 0x40, 0x00, 0x00, 0x0F, 0xF0, 0x00, 0x00, 0x01, 0xFF, 0x00, 0x00, 0x00,
    0x2F, 0xF0, 0x00, 0x00, 0x03, 0xFE, 0x00, 0x00, 0x00, 0x3F, 0xD0, 0x00, 0x00, 0x03, 0xFC, 0xBF,
    0xC0, 0x00, 0x7F, 0xFF, 0xFF, 0x00, 0x0B, 0xFF, 0xFF, 0xF8, 0x00, 0xFF, 0xF5, 0xFF, 0xC0, 0x0F,
    0xFC, 0x0B, 0xFC, 0x01, 0xFF, 0x00, 0x7F, 0xC0, 0x1F, 0xF0, 0x07, 0xFC, 0x02, 0xFD, 0x00, 0x7F,
    0xC0, 0x3F, 0xC0, 0x0B, 0xFC, 0x03, 0xFC, 0x00, 0xFF, 0x80, 0x7F, 0xC0, 0x1F, 0xF4, 0x0B, 0xFD,
    0x03, 0xFF, 0x00, 0xBF, 0xF5, 0xFF, 0xD0, 0x0F, 0xFF, 0xFF, 0xF8, 0x00, 0xFF, 0xBF, 0xFF, 0x00,
    0x1F, 0xF2, 0xFF, 0x80, 0x02, 0xFE, 0x01, 0x00, 0x00, 0x3F, 0xE0, 0x00, 0x00, 0x03, 0xFD, 0x00,
    0x00, 0x00, 0x3F, 0xC0, 0x00, 0x00, 0x07, 0xFC, 0x00, 0x00, 0x00, 0xBF, 0x80, 0x00, 0x00, 0x0F,
    0xF8, 0x00, 0x00, 0x00, 0x00, 0x00, 0x7C, 0x0F, 0x80, 0x00, 0x00, 0xFE, 0x2F, 0xC0, 0x00, 0x01,
    0xFE, 0x3F, 0xC0, 0x00, 0x00, 0xB8, 0x1F, 0x40, 0x00, 0x00, 0x00, 0x00, 0x00, 0x00, 0x00, 0x00,
    0x00, 0x00, 0x00, 0x7F, 0x80, 0x03, 0xFD, 0x00, 0x7F, 0xC0, 0x0B, 0xFC, 0x00, 0x3F, 0xC0, 0x0F,
    0xF4, 0x00, 0x3F, 0xC0, 0x2F, 0xF0, 0x00, 0x3F, 0xC0, 0x3F, 0xD0, 0x00, 0x3F, 0xC0, 0xBF, 0xC0,
    0x00, 0x2F, 0xD0, 0xFF, 0x00, 0x00, 0x1F, 0xD2, 0xFE, 0x00, 0x00, 0x1F, 0xE3, 0xFC, 0x00, 0x00,
    0x0F, 0xE7, 0xF8, 0x00, 0x00, 0x0F, 0xEF, 0xF0, 0x00, 0x00, 0x0F, 0xFF, 0xE0, 0x00, 0x00, 0x0B,
    0xFF, 0xC0, 0x00, 0x00, 0x0B, 0xFF, 0x80, 0x00, 0x00, 0x07, 0xFF, 0x00, 0x00, 0x00, 0x07, 0xFD,
    0x00, 0x00, 0x00, 0x07, 0xFC, 0x00, 0x00, 0x00, 0x0F, 0xF4, 0x00, 0x00, 0x00, 0x3F, 0xF0, 0x00,
    0x00, 0x2A, 0xFF, 0xC0, 0x00, 0x00, 0x3F, 0xFF, 0x40, 0x00, 0x00, 0x3F, 0xFD, 0x00, 0x00, 0x00,
    0x3F, 0xE0, 0x00, 0x00, 0x00, 0x00, 0x00, 0x06, 0xAA, 0xA8, 0x00, 0x00, 0x0F, 0xFF, 0xFC, 0x00,
    0x00, 0x0F, 0xFF, 0xFC, 0x00, 0x00, 0x05, 0x55, 0x50, 0x00, 0x00, 0x00, 0x00, 0x00, 0x00, 0x00,
    0x03, 0xFF, 0x40, 0x00, 0x00, 0x0B, 0xFF, 0x80, 0x00, 0x00, 0x0F, 0xFF, 0x80, 0x00, 0x00, 0x2F,
    0xFF, 0xC0, 0x00, 0x00, 0x3F, 0xEF, 0xC0, 0x00, 0x00, 0xBF, 0x6F, 0xC0, 0x00, 0x00, 0xFF, 0x2F,
    0xC0, 0x00, 0x02, 0xFD, 0x2F, 0xC0, 0x00, 0x03, 0xFC, 0x1F, 0xD0, 0x00, 0x0B, 0xF4, 0x1F, 0xD0,
    0x00, 0x1F, 0xF0, 0x1F, 0xE0, 0x00, 0x3F, 0xD0, 0x1F, 0xE0, 0x00, 0x7F, 0xEA, 0xAF, 0xE0, 0x00,
    0xFF, 0xFF, 0xFF, 0xF0, 0x01, 0xFF, 0xFF, 0xFF, 0xF0, 0x03, 0xFF, 0xFF, 0xFF, 0xF0, 0x07, 0xFC,
    0x00, 0x0F, 0xF0, 0x0F, 0xF8, 0x00, 0x0F, 0xF0, 0x1F, 0xF0, 0x00, 0x0F, 0xF4, 0x3F, 0xE0, 0x00,
    0x0F, 0xF4, 0x7F, 0xC0, 0x00, 0x0B, 0xF8, 0x00, 0x0A, 0xAA, 0xA0, 0x00, 0x2F, 0xFF, 0xF4, 0x00,
    0x3F, 0xFF, 0xF0, 0x00, 0x15, 0x55, 0x50, 0x00, 0x00, 0x00, 0x00, 0x00, 0x3F, 0xF0, 0xBE, 0x01,
    0xFF, 0xFC, 0xFE, 0x07, 0xFF, 0xFF, 0xFD, 0x0F, 0xFE, 0x6F, 0xFC, 0x1F, 0xF8, 0x0F, 0xFC, 0x3F,
    0xF0, 0x0B, 0xF8, 0x3F, 0xD0, 0x0B, 0xF8, 0x7F, 0xC0, 0x0F, 0xF4, 0xBF, 0xC0, 0x0F, 0xF0, 0xBF,
    0xC0, 0x1F, 0xF0, 0xBF, 0xC0, 0x3F, 0xE0, 0xBF, 0xC0, 0x7F, 0xD0, 0xBF, 0xE6, 0xFF, 0xC0, 0x7F,
    0xFF, 0xFF, 0xC0, 0x2F, 0xFF, 0xBF, 0xC0, 0x0B, 0xFD, 0x3F, 0x80, 0x00, 0x40, 0x00, 0x00, 0x00,
    0x00, 0x05, 0x00, 0x15, 0x00, 0x00, 0x1F, 0x40, 0x3E, 0x00, 0x00, 0x1F, 0xEA, 0xFC, 0x00, 0x00,
    0x0F, 0xFF, 0xF8, 0x00, 0x00, 0x03, 0xFF, 0xD0, 0x00, 0x00, 0x00, 0x14, 0x00, 0x00, 0x00, 0x00,
    0x00, 0x00, 0x00, 0x00, 0x03, 0xFF, 0x40, 0x00, 0x00, 0x0B, 0xFF, 0x80, 0x00, 0x00, 0x0F, 0xFF,
    0x80, 0x00, 0x00, 0x2F, 0xFF, 0xC0, 0x00, 0x00, 0x3F, 0xEF, 0xC0, 0x00, 0x00, 0xBF, 0x6F, 0xC0,
    0x00, 0x00, 0xFF, 0x2F, 0xC0, 0x00, 0x02, 0xFD, 0x2F, 0xC0, 0x00, 0x03, 0xFC, 0x1F, 0xD0, 0x00,
    0x0B, 0xF4, 0x1F, 0xD0, 0x00, 0x1F, 0xF0, 0x1F, 0xE0, 0x00, 0x3F, 0xD0, 0x1F, 0xE0, 0x00, 0x7F,
    0xEA, 0xAF, 0xE0, 0x00, 0xFF, 0xFF, 0xFF, 0xF0, 0x01, 0xFF, 0xFF, 0xFF, 0xF0, 0x03, 0xFF, 0xFF,
    0xFF, 0xF0, 0x07, 0xFC, 0x00, 0x0F, 0xF0, 0x0F, 0xF8, 0x00, 0x0F, 0xF0, 0x1F, 0xF0, 0x00, 0x0F,
    0xF4, 0x3F, 0xE0, 0x00, 0x0F, 0xF4, 0x7F, 0xC0, 0x00, 0x0B, 0xF8, 0x00, 0x15, 0x00, 0x14, 0x00,
    0x3F, 0x00, 0xBC, 0x00, 0x3F, 0xEB, 0xF8, 0x00, 0x1F, 0xFF, 0xF0, 0x00, 0x07, 0xFF, 0xC0, 0x00,
    0x00, 0x14, 0x00, 0x00, 0x00, 0x00, 0x00, 0x00, 0x3F, 0xF0, 0xBE, 0x01, 0xFF, 0xFC, 0xFE, 0x07,
    0xFF, 0xFF, 0xFD, 0x0F, 0xFE, 0x6F, 0xFC, 0x1F, 0xF8, 0x0F, 0xFC, 0x3F, 0xF0, 0x0B, 0xF8, 0x3F,
    0xD0, 0x0B, 0xF8, 0x7F, 0xC0, 0x0F, 0xF4, 0xBF, 0xC0, 0x0F, 0xF0, 0xBF, 0xC0, 0x1F, 0xF0, 0xBF,
    0xC0, 0x3F, 0xE0, 0xBF, 0xC0, 0x7F, 0xD0, 0xBF, 0xE6, 0xFF, 0xC0, 0x7F, 0xFF, 0xFF, 0xC0, 0x2F,
    0xFF, 0xBF, 0xC0, 0x0B, 0xFD, 0x3F, 0x80, 0x00, 0x40, 0x00, 0x00, 0x00, 0x00, 0x03, 0xFF, 0x40,
    0x00, 0x00, 0x2F, 0xFE, 0x00, 0x00, 0x00, 0xFF, 0xF8, 0x00, 0x00, 0x0B, 0xFF, 0xF0, 0x00, 0x00,
    0x3F, 0xEF, 0xC0, 0x00, 0x02, 0xFD, 0xBF, 0x00, 0x00, 0x0F, 0xF2, 0xFC, 0x00, 0x00, 0xBF, 0x4B,
    0xF0, 0x00, 0x03, 0xFC, 0x1F, 0xD0, 0x00, 0x2F, 0xD0, 0x7F, 0x40, 0x01, 0xFF, 0x01, 0xFE, 0x00,
    0x0F, 0xF4, 0x07, 0xF8, 0x00, 0x7F, 0xEA, 0xAF, 0xE0, 0x03, 0xFF, 0xFF, 0xFF, 0xC0, 0x1F, 0xFF,
    0xFF, 0xFF, 0x00, 0xFF, 0xFF, 0xFF, 0xFC, 0x07, 0xFC, 0x00, 0x0F, 0xF0, 0x3F, 0xE0, 0x00, 0x3F,
    0xC1, 0xFF, 0x00, 0x00, 0xFF, 0x4F, 0xF8, 0x00, 0x03, 0xFD, 0x7F, 0xC0, 0x00, 0x0B, 0xF8, 0x00,
    0x00, 0x00, 0x7E, 0x00, 0x00, 0x00, 0x0B, 0xE0, 0x00, 0x00, 0x00, 0x7E, 0x00, 0x00, 0x00, 0x02,
    0xF4, 0x00, 0x00, 0x00, 0x0F, 0xFA, 0x00, 0x00, 0x00, 0x1F, 0xFC, 0x00, 0x00, 0x00, 0x2F, 0xE0,
    0x00, 0x00, 0x00, 0x00, 0x00, 0x00, 0x00, 0x00, 0x00, 0x00, 0x3F, 0xF0, 0xBE, 0x01, 0xFF, 0xFC,
    0xFE, 0x07, 0xFF, 0xFF, 0xFD, 0x0F, 0xFE, 0x6F, 0xFC, 0x1F, 0xF8, 0x0F, 0xFC, 0x3F, 0xF0, 0x0B,
    0xF8, 0x3F, 0xD0, 0x0B, 0xF8, 0x7F, 0xC0, 0x0F, 0xF4, 0xBF, 0xC0, 0x0F, 0xF0, 0xBF, 0xC0, 0x1F,
    0xF0, 0xBF, 0xC0, 0x3F, 0xE0, 0xBF, 0xC0, 0x7F, 0xD0, 0xBF, 0xE6, 0xFF, 0xC0, 0x7F, 0xFF, 0xFF,
    0xC0, 0x2F, 0xFF, 0xBF, 0xC0, 0x0B, 0xFD, 0x3F, 0x80, 0x00, 0x40, 0xBD, 0x00, 0x00, 0x03, 0xF4,
    0x00, 0x00, 0x0B, 0xD0, 0x00, 0x00, 0x0F, 0xC0, 0x00, 0x00, 0x0F, 0xF9, 0x00, 0x00, 0x0F, 0xFD,
    0x00, 0x00, 0x02, 0xFD, 0x00, 0x00, 0x00, 0x00, 0x00, 0x00, 0x00, 0x00, 0x15, 0x40, 0x00, 0x00,
    0x02, 0xFF, 0x00, 0x00, 0x00, 0x1F, 0xF0, 0x00, 0x00, 0x00, 0xFF, 0x00, 0x00, 0x00, 0x0F, 0xE0,
    0x00, 0x00, 0x00, 0x15, 0x00, 0x00, 0x00, 0x00, 0x00, 0x00, 0x00, 0x00, 0x2F, 0xFF, 0x90, 0x00,
    0x0B, 0xFF, 0xFF, 0xF0, 0x00, 0xFF, 0xFF, 0xFF, 0x80, 0x0F, 0xFF, 0xEB, 0xFC, 0x00, 0xFF, 0xF0,
    0x00, 0xA0, 0x07, 0xFE, 0x00, 0x00, 0x00, 0x3F, 0xF0, 0x00, 0x00, 0x01, 0xFF, 0x40, 0x00, 0x00,
    0x0B, 0xFC, 0x00, 0x00, 0x00, 0x3F, 0xE0, 0x00, 0x00, 0x00, 0xFF, 0x40, 0x00, 0x00, 0x03, 0xFD,
    0x00, 0x00, 0x00, 0x1F, 0xF4, 0x00, 0x00, 0x00, 0x7F, 0xD0, 0x00, 0x00, 0x00, 0xFF, 0x40, 0x00,
    0x00, 0x03, 0xFE, 0x00, 0x00, 0x00, 0x0F, 0xFD, 0x00, 0x04, 0x00, 0x1F, 0xFE, 0x5A, 0xF0, 0x00,
    0x3F, 0xFF, 0xFF, 0xC0, 0x00, 0x3F, 0xFF, 0xFF, 0x00, 0x00, 0x1F, 0xFF, 0xE4, 0x00, 0x00, 0x01,
    0x50, 0x00, 0x00, 0x00, 0x00, 0x15, 0x50, 0x00, 0x00, 0xFF, 0x80, 0x00, 0x0F, 0xF8, 0x00, 0x00,
    0xBF, 0x40, 0x00, 0x07, 0xF4, 0x00, 0x00, 0x15, 0x00, 0x00, 0x00, 0x00, 0x00, 0x00, 0x0B, 0xFF,
    0xE0, 0x01, 0xFF, 0xFF, 0xC0, 0x0F, 0xFF, 0xFE, 0x00, 0xFF, 0xE5, 0xB4, 0x0B, 0xFD, 0x00, 0x00,
    0x3F, 0xE0, 0x00, 0x01, 0xFF, 0x40, 0x00, 0x07, 0xFC, 0x00, 0x00, 0x2F, 0xF0, 0x00, 0x00, 0xBF,
    0x80, 0x00, 0x02, 0xFE, 0x00, 0x00, 0x0B, 0xFC, 0x00, 0x00, 0x1F, 0xFD, 0x5B, 0x00, 0x3F, 0xFF,
    0xFC, 0x00, 0x7F, 0xFF, 0xF0, 0x00, 0x3F, 0xFF, 0x40, 0x00, 0x05, 0x00, 0x00, 0x00, 0x00, 0x05,
    0x54, 0x00, 0x00, 0x00, 0x7F, 0xF4, 0x00, 0x00, 0x07, 0xFF, 0xF0, 0x00, 0x00, 0x7F, 0x8F, 0xE0,
    0x00, 0x0B, 0xF4, 0x0F, 0xD0, 0x00, 0x15, 0x00, 0x05, 0x00, 0x00, 0x00, 0x00, 0x00, 0x00, 0x00,
    0x2F, 0xFF, 0x90, 0x00, 0x0B, 0xFF, 0xFF, 0xF0, 0x00, 0xFF, 0xFF, 0xFF, 0x80, 0x0F, 0xFF, 0xEB,
    0xFC, 0x00, 0xFF, 0xF0, 0x00, 0xA0, 0x07, 0xFE, 0x00, 0x00, 0x00, 0x3F, 0xF0, 0x00, 0x00, 0x01,
    0xFF, 0x40, 0x00, 0x00, 0x0B, 0xFC, 0x00, 0x00, 0x00, 0x3F, 0xE0, 0x00, 0x00, 0x00, 0xFF, 0x40,
    0x00, 0x00, 0x03, 0xFD, 0x00, 0x00, 0x00, 0x1F, 0xF4, 0x00, 0x00, 0x00, 0x7F, 0xD0, 0x00, 0x00,
    0x00, 0xFF, 0x40, 0x00, 0x00, 0x03, 0xFE, 0x00, 0x00, 0x00, 0x0F, 0xFD, 0x00, 0x04, 0x00, 0x1F,
    0xFE, 0x5A, 0xF0, 0x00, 0x3F, 0xFF, 0xFF, 0xC0, 0x00, 0x3F, 0xFF, 0xFF, 0x00, 0x00, 0x1F, 0xFF,
    0xE4, 0x00, 0x00, 0x01, 0x50, 0x00, 0x00, 0x00, 0x01, 0x54, 0x00, 0x00, 0x3F, 0xFC, 0x00, 0x03,
    0xFF, 0xF8, 0x00, 0x3F, 0xC7, 0xF0, 0x03, 0xF8, 0x0B, 0xF0, 0x05, 0x40, 0x05, 0x40, 0x00, 0x00,
    0x00, 0x00, 0x0B, 0xFF, 0xE0, 0x01, 0xFF, 0xFF, 0xC0, 0x0F, 0xFF, 0xFE, 0x00, 0xFF, 0xE5, 0xB4,
    0x0B, 0xFD, 0x00, 0x00, 0x3F, 0xE0, 0x00, 0x01, 0xFF, 0x40, 0x00, 0x07, 0xFC, 0x00, 0x00, 0x2F,
    0xF0, 0x00, 0x00, 0xBF, 0x80, 0x00, 0x02, 0xFE, 0x00, 0x00, 0x0B, 0xFC, 0x00, 0x00, 0x1F, 0xFD,
    0x5B, 0x00, 0x3F, 0xFF, 0xFC, 0x00, 0x7F, 0xFF, 0xF0, 0x00, 0x3F, 0xFF, 0x40, 0x00, 0x05, 0x00,
    0x00, 0x00, 0x00, 0x00, 0x00, 0x00, 0x00, 0x00, 0x1F, 0xD0, 0x00, 0x00, 0x00, 0xFF, 0xC0, 0x00,
    0x00, 0x03, 0xFE, 0x00, 0x00, 0x00, 0x0B, 0xF0, 0x00, 0x00, 0x00, 0x00, 0x00, 0x00, 0x00, 0x00,
    0x00, 0x00, 0x00, 0x00, 0x2F, 0xFF, 0x90, 0x00, 0x0B, 0xFF, 0xFF, 0xF0, 0x00, 0xFF, 0xFF, 0xFF,
    0x80, 0x0F, 0xFF, 0xEB, 0xFC, 0x00, 0xFF, 0xF0, 0x00, 0xA0, 0x07, 0xFE, 0x00, 0x00, 0x00, 0x3F,
    0xF0, 0x00, 0x00, 0x01, 0xFF, 0x40, 0x00, 0x00, 0x0B, 0xFC, 0x00, 0x00, 0x00, 0x3F, 0xE0, 0x00,
    0x00, 0x00, 0xFF, 0x40, 0x00, 0x00, 0x03, 0xFD, 0x00, 0x00, 0x00, 0x1F, 0xF4, 0x00, 0x00, 0x00,
    0x7F, 0xD0, 0x00, 0x00, 0x00, 0xFF, 0x40, 0x00, 0x00, 0x03, 0xFE, 0x00, 0x00, 0x00, 0x0F, 0xFD,
    0x00, 0x04, 0x00, 0x1F, 0xFE, 0x5A, 0xF0, 0x00, 0x3F, 0xFF, 0xFF, 0xC0, 0x00, 0x3F, 0xFF, 0xFF,
    0x00, 0x00, 0x1F, 0xFF, 0xE4, 0x00, 0x00, 0x01, 0x50, 0x00, 0x00, 0x00, 0x00, 0x00, 0x00, 0x00,
    0x2F, 0xC0, 0x00, 0x07, 0xFD, 0x00, 0x00, 0x7F, 0xC0, 0x00, 0x03, 0xF8, 0x00, 0x00, 0x00, 0x00,
    0x00, 0x00, 0x00, 0x00, 0x02, 0xFF, 0xF8, 0x01, 0xFF, 0xFF, 0xC0, 0x3F, 0xFF, 0xF8, 0x0F, 0xFE,
    0x5B, 0x42, 0xFF, 0x40, 0x00, 0x3F, 0xE0, 0x00, 0x07, 0xFD, 0x00, 0x00, 0x7F, 0xC0, 0x00, 0x0B,
    0xFC, 0x00, 0x00, 0xBF, 0x80, 0x00, 0x0B, 0xF8, 0x00, 0x00, 0xBF, 0xC0, 0x00, 0x07, 0xFF, 0x56,
    0xC0, 0x3F, 0xFF, 0xFC, 0x01, 0xFF, 0xFF, 0xC0, 0x03, 0xFF, 0xF4, 0x00, 0x01, 0x40, 0x00, 0x00,
    0x01, 0x50, 0x00, 0x50, 0x00, 0x0B, 0xF0, 0x2F, 0xC0, 0x00, 0x0F, 0xE3, 0xFC, 0x00, 0x00, 0x1F,
    0xFF, 0xC0, 0x00, 0x00, 0x3F, 0xFC, 0x00, 0x00, 0x00, 0x15, 0x40, 0x00, 0x00, 0x00, 0x00, 0x00,
    0x00, 0x00, 0x2F, 0xFF, 0x90, 0x00, 0x0B, 0xFF, 0xFF, 0xF0, 0x00, 0xFF, 0xFF, 0xFF, 0x80, 0x0F,
    0xFF, 0xEB, 0xFC, 0x00, 0xFF, 0xF0, 0x00, 0xA0, 0x07, 0xFE, 0x00, 0x00, 0x00, 0x3F, 0xF0, 0x00,
    0x00, 0x01, 0xFF, 0x40, 0x00, 0x00, 0x0B, 0xFC, 0x00, 0x00, 0x00, 0x3F, 0xE0, 0x00, 0x00, 0x00,
    0xFF, 0x40, 0x00, 0x00, 0x03, 0xFD, 0x00, 0x00, 0x00, 0x1F, 0xF4, 0x00, 0x00, 0x00, 0x7F, 0xD0,
    0x00, 0x00, 0x00, 0xFF, 0x40, 0x00, 0x00, 0x03, 0xFE, 0x00, 0x00, 0x00, 0x0F, 0xFD, 0x00, 0x04,
    0x00, 0x1F, 0xFE, 0x5A, 0xF0, 0x00, 0x3F, 0xFF, 0xFF, 0xC0, 0x00, 0x3F, 0xFF, 0xFF, 0x00, 0x00,
    0x1F, 0xFF, 0xE4, 0x00, 0x00, 0x01, 0x50, 0x00, 0x00, 0x00, 0x50, 0x00, 0x54, 0x00, 0xFD, 0x03,
    0xF8, 0x00, 0x7F, 0x1F, 0xE0, 0x00, 0x3F, 0xFF, 0x80, 0x00, 0x1F, 0xFE, 0x00, 0x00, 0x05, 0x54,
    0x00, 0x00, 0x00, 0x00, 0x00, 0x00, 0x2F, 0xFF, 0x80, 0x01, 0xFF, 0xFF, 0xC0, 0x03, 0xFF, 0xFF,
    0x80, 0x0F, 0xFE, 0x5B, 0x40, 0x2F, 0xF4, 0x00, 0x00, 0x3F, 0xE0, 0x00, 0x00, 0x7F, 0xD0, 0x00,
    0x00, 0x7F, 0xC0, 0x00, 0x00, 0xBF, 0xC0, 0x00, 0x00, 0xBF, 0x80, 0x00, 0x00, 0xBF, 0x80, 0x00,
    0x00, 0xBF, 0xC0, 0x00, 0x00, 0x7F, 0xF5, 0x6C, 0x00, 0x3F, 0xFF, 0xFC, 0x00, 0x1F, 0xFF, 0xFC,
    0x00, 0x03, 0xFF, 0xF4, 0x00, 0x00, 0x14, 0x00, 0x00, 0x00, 0x00, 0x54, 0x00, 0x54, 0x00, 0x00,
    0xFE, 0x02, 0xFC, 0x00, 0x00, 0x3F, 0x4F, 0xF0, 0x00, 0x00, 0x2F, 0xFF, 0xC0, 0x00, 0x00, 0x0F,
    0xFF, 0x00, 0x00, 0x00, 0x05, 0x54, 0x00, 0x00, 0x00, 0x00, 0x00, 0x00, 0x00, 0x3F, 0xFF, 0x90,
    0x00, 0x00, 0x3F, 0xFF, 0xFE, 0x00, 0x00, 0x7F, 0xFF, 0xFF, 0xC0, 0x00, 0xBF, 0xFF, 0xFF, 0xE0,
    0x00, 0xFF, 0x80, 0x7F, 0xF0, 0x00, 0xFF, 0x40, 0x1F, 0xF8, 0x00, 0xFF, 0x00, 0x0F, 0xF8, 0x01,
    0xFF, 0x00, 0x0B, 0xFC, 0x02, 0xFF, 0x00, 0x0B, 0xFC, 0x03, 0xFE, 0x00, 0x0B, 0xFC, 0x03, 0xFD,
    0x00, 0x0F, 0xF8, 0x03, 0xFC, 0x00, 0x0F, 0xF8, 0x07, 0xFC, 0x00, 0x1F, 0xF4, 0x0B, 0xFC, 0x00,
    0x2F, 0xF0, 0x0F, 0xF8, 0x00, 0x7F, 0xE0, 0x0F, 0xF4, 0x00, 0xFF, 0xC0, 0x1F, 0xF0, 0x07, 0xFF,
    0x80, 0x1F, 0xFA, 0xFF, 0xFE, 0x00, 0x2F, 0xFF, 0xFF, 0xF8, 0x00, 0x3F, 0xFF, 0xFF, 0xD0, 0x00,
    0x3F, 0xFF, 0xF8, 0x00, 0x00, 0x00, 0x00, 0x00, 0x00, 0x00, 0x00, 0x00, 0x00, 0x00, 0x7F, 0xC3,
    0xFC, 0x00, 0x00, 0x00, 0x7F, 0xC7, 0xF4, 0x00, 0x00, 0x00, 0xBF, 0x8F, 0xE0, 0x00, 0x00, 0x00,
    0xFF, 0x4F, 0xC0, 0x00, 0x00, 0x00, 0xFF, 0x0A, 0x00, 0x00, 0x00, 0x01, 0xFF, 0x00, 0x00, 0x00,
    0x3F, 0xF1, 0xFE, 0x00, 0x00, 0x01, 0xFF, 0xFE, 0xFE, 0x00, 0x00, 0x07, 0xFF, 0xFF, 0xFD, 0x00,
    0x00, 0x0F, 0xFE, 0x6F, 0xFC, 0x00, 0x00, 0x1F, 0xF4, 0x0F, 0xFC, 0x00, 0x00, 0x3F, 0xF0, 0x0B,
    0xF8, 0x00, 0x00, 0x3F, 0xD0, 0x0B, 0xF4, 0x00, 0x00, 0x7F, 0xC0, 0x0F, 0xF4, 0x00, 0x00, 0xBF,
    0xC0, 0x0F, 0xF0, 0x00, 0x00, 0xBF, 0x80, 0x1F, 0xF0, 0x00, 0x00, 0xBF, 0x80, 0x2F, 0xE0, 0x00,
    0x00, 0xBF, 0xC0, 0x7F, 0xD0, 0x00, 0x00, 0xBF, 0xE1, 0xFF, 0xC0, 0x00, 0x00, 0x3F, 0xFF, 0xFF,
    0xC0, 0x00, 0x00, 0x2F, 0xFF, 0xEF, 0xC0, 0x00, 0x00, 0x0B, 0xFE, 0x3F, 0x80, 0x00, 0x00, 0x00,
    0x40, 0x00, 0x00, 0x00, 0x00, 0x00, 0x3F, 0xFF, 0x90, 0x00, 0x00, 0xFF, 0xFF, 0xF8, 0x00, 0x07,
    0xFF, 0xFF, 0xFC, 0x00, 0x2F, 0xFF, 0xFF, 0xF8, 0x00, 0xFF, 0x80, 0x7F, 0xF0, 0x03, 0xFD, 0x00,
    0x7F, 0xE0, 0x0F, 0xF0, 0x00, 0xFF, 0x80, 0x7F, 0xC0, 0x02, 0xFF, 0x02, 0xFF, 0x00, 0x0B, 0xFC,
    0xFF, 0xFF, 0xF0, 0x2F, 0xF3, 0xFF, 0xFF, 0x80, 0xFF, 0x9F, 0xFF, 0xFD, 0x03, 0xFE, 0x2F, 0xFE,
    0xA0, 0x1F, 0xF4, 0x2F, 0xF0, 0x00, 0xBF, 0xC0, 0xFF, 0x80, 0x07, 0xFE, 0x03, 0xFD, 0x00, 0x3F,
    0xF0, 0x1F, 0xF0, 0x07, 0xFF, 0x80, 0x7F, 0xEB, 0xFF, 0xF8, 0x02, 0xFF, 0xFF, 0xFF, 0x80, 0x0F,
    0xFF, 0xFF, 0xF4, 0x00, 0x3F, 0xFF, 0xF8, 0x00, 0x00, 0x00, 0x00, 0x00, 0x00, 0x00, 0x00, 0x00,
    0x01, 0xFF, 0x00, 0x00, 0x00, 0x0B, 0xFC, 0x00, 0x00, 0x3F, 0xFF, 0xFE, 0x00, 0x00, 0xFF, 0xFF,
    0xF8, 0x00, 0x07, 0xFF, 0xFF, 0xD0, 0x00, 0x00, 0x1F, 0xF0, 0x00, 0x01, 0x50, 0x7F, 0x80, 0x00,
    0xBF, 0xF2, 0xFE, 0x00, 0x0B, 0xFF, 0xFF, 0xF4, 0x00, 0xBF, 0xFF, 0xFF, 0xC0, 0x03, 0xFF, 0x47,
    0xFF, 0x00, 0x2F, 0xF0, 0x0F, 0xF8, 0x00, 0xFF, 0x40, 0x2F, 0xD0, 0x07, 0xFC, 0x00, 0xBF, 0x00,
    0x2F, 0xF0, 0x03, 0xFC, 0x00, 0xBF, 0x80, 0x0F, 0xF0, 0x02, 0xFE, 0x00, 0xBF, 0x80, 0x0B, 0xFC,
    0x03, 0xFD, 0x00, 0x2F, 0xF8, 0x7F, 0xF0, 0x00, 0x3F, 0xFF, 0xFF, 0xC0, 0x00, 0xBF, 0xFE, 0xBF,
    0x00, 0x00, 0xBF, 0xE2, 0xF8, 0x00, 0x00, 0x14, 0x00, 0x00, 0x00, 0x00, 0x01, 0xAA, 0xAA, 0x00,
    0x00, 0xFF, 0xFF, 0xC0, 0x00, 0x3F, 0xFF, 0xF0, 0x00, 0x05, 0x55, 0x50, 0x00, 0x00, 0x00, 0x00,
    0x00, 0x0F, 0xFF, 0xFF, 0xE0, 0x03, 0xFF, 0xFF, 0xF8, 0x01, 0xFF, 0xFF, 0xFD, 0x00, 0xBF, 0xFF,
    0xFF, 0x00, 0x3F, 0xE0, 0x00, 0x00, 0x0F, 0xF4, 0x00, 0x00, 0x03, 0xFC, 0x00, 0x00, 0x01, 0xFF,
    0x00, 0x00, 0x00, 0xBF, 0xEA, 0xA9, 0x00, 0x3F, 0xFF, 0xFF, 0x40, 0x0F, 0xFF, 0xFF, 0xC0, 0x03,
    0xFF, 0xFF, 0xF0, 0x01, 0xFF, 0x00, 0x00, 0x00, 0xBF, 0x80, 0x00, 0x00, 0x3F, 0xE0, 0x00, 0x00,
    0x0F, 0xF4, 0x00, 0x00, 0x07, 0xFC, 0x00, 0x00, 0x01, 0xFF, 0xAA, 0xA8, 0x00, 0xBF, 0xFF, 0xFF,
    0x00, 0x3F, 0xFF, 0xFF, 0x80, 0x0F, 0xFF, 0xFF, 0xE0, 0x00, 0x00, 0x1A, 0xAA, 0xA0, 0x00, 0xFF,
    0xFF, 0xC0, 0x03, 0xFF, 0xFF, 0x00, 0x05, 0x55, 0x50, 0x00, 0x00, 0x00, 0x00, 0x00, 0x7F, 0xFD,
    0x00, 0x0F, 0xFF, 0xFE, 0x00, 0xFF, 0xFF, 0xFC, 0x0F, 0xFD, 0x0F, 0xF4, 0x7F, 0xC0, 0x2F, 0xD3,
    0xFE, 0x00, 0xFF, 0x4F, 0xF4, 0x6F, 0xFC, 0x7F, 0xFF, 0xFF, 0xC2, 0xFF, 0xFF, 0xF8, 0x0B, 0xFE,
    0xA4, 0x00, 0x2F, 0xE0, 0x00, 0x00, 0xBF, 0xC0, 0x00, 0x01, 0xFF, 0x80, 0x2C, 0x03, 0xFF, 0xFF,
    0xF0, 0x03, 0xFF, 0xFF, 0xC0, 0x02, 0xFF, 0xF9, 0x00, 0x00, 0x14, 0x00, 0x00, 0x00, 0x01, 0x40,
    0x01, 0x40, 0x00, 0x3E, 0x00, 0xFC, 0x00, 0x03, 0xFE, 0xBF, 0x40, 0x00, 0x2F, 0xFF, 0xF0, 0x00,
    0x00, 0xBF, 0xF8, 0x00, 0x00, 0x00, 0x50, 0x00, 0x00, 0x00, 0x00, 0x00, 0x00, 0x03, 0xFF, 0xFF,
    0xF8, 0x00, 0x3F, 0xFF, 0xFF, 0x80, 0x07, 0xFF, 0xFF, 0xF4, 0x00, 0xBF, 0xFF, 0xFF, 0x00, 0x0F,
    0xF8, 0x00, 0x00, 0x00, 0xFF, 0x40, 0x00, 0x00, 0x0F, 0xF0, 0x00, 0x00, 0x01, 0xFF, 0x00, 0x00,
    0x00, 0x2F, 0xFA, 0xAA, 0x40, 0x03, 0xFF, 0xFF, 0xF4, 0x00, 0x3F, 0xFF, 0xFF, 0x00, 0x03, 0xFF,
    0xFF, 0xF0, 0x00, 0x7F, 0xC0, 0x00, 0x00, 0x0B, 0xF8, 0x00, 0x00, 0x00, 0xFF, 0x80, 0x00, 0x00,
    0x0F, 0xF4, 0x00, 0x00, 0x01, 0xFF, 0x00, 0x00, 0x00, 0x1F, 0xFA, 0xAA, 0x80, 0x02, 0xFF, 0xFF,
    0xFC, 0x00, 0x3F, 0xFF, 0xFF, 0x80, 0x03, 0xFF, 0xFF, 0xF8, 0x00, 0x00, 0x14, 0x00, 0x54, 0x01,
    0xF4, 0x03, 0xE0, 0x03, 0xFA, 0xBF, 0x40, 0x0F, 0xFF, 0xF8, 0x00, 0x0B, 0xFF, 0x80, 0x00, 0x01,
    0x40, 0x00, 0x00, 0x00, 0x00, 0x00, 0x07, 0xFF, 0xD0, 0x00, 0xFF, 0xFF, 0xE0, 0x0F, 0xFF, 0xFF,
    0xC0, 0xFF, 0xD0, 0xFF, 0x47, 0xFC, 0x02, 0xFD, 0x3F, 0xE0, 0x0F, 0xF4, 0xFF, 0x46, 0xFF, 0xC7,
    0xFF, 0xFF, 0xFC, 0x2F, 0xFF, 0xFF, 0x80, 0xBF, 0xEA, 0x40, 0x02, 0xFE, 0x00, 0x00, 0x0B, 0xFC,
    0x00, 0x00, 0x1F, 0xF8, 0x02, 0xC0, 0x3F, 0xFF, 0xFF, 0x00, 0x3F, 0xFF, 0xFC, 0x00, 0x2F, 0xFF,
    0x90, 0x00, 0x01, 0x40, 0x00, 0x00, 0x00, 0x00, 0x00, 0x00, 0x00, 0x03, 0xF8, 0x00, 0x00, 0x02,
    0xFF, 0x00, 0x00, 0x00, 0xBF, 0xC0, 0x00, 0x00, 0x1F, 0xD0, 0x00, 0x00, 0x00, 0x00, 0x00, 0x00,
    0x00, 0x00, 0x00, 0x00, 0xFF, 0xFF, 0xFE, 0x00, 0x3F, 0xFF, 0xFF, 0x80, 0x1F, 0xFF, 0xFF, 0xD0,
    0x0B, 0xFF, 0xFF, 0xF0, 0x03, 0xFE, 0x00, 0x00, 0x00, 0xFF, 0x40, 0x00, 0x00, 0x3F, 0xC0, 0x00,
    0x00, 0x1F, 0xF0, 0x00, 0x00, 0x0B, 0xFE, 0xAA, 0x90, 0x03, 0xFF, 0xFF, 0xF4, 0x00, 0xFF, 0xFF,
    0xFC, 0x00, 0x3F, 0xFF, 0xFF, 0x00, 0x1F, 0xF0, 0x00, 0x00, 0x0B, 0xF8, 0x00, 0x00, 0x03, 0xFE,
    0x00, 0x00, 0x00, 0xFF, 0x40, 0x00, 0x00, 0x7F, 0xC0, 0x00, 0x00, 0x1F, 0xFA, 0xAA, 0x80, 0x0B,
    0xFF, 0xFF, 0xF0, 0x03, 0xFF, 0xFF, 0xF8, 0x00, 0xFF, 0xFF, 0xFE, 0x00, 0x00, 0x00, 0x00, 0x00,
    0x00, 0x03, 0xFC, 0x00, 0x00, 0x2F, 0xF0, 0x00, 0x00, 0xBF, 0xC0, 0x00, 0x00, 0xFD, 0x00, 0x00,
    0x00, 0x00, 0x00, 0x00, 0x00, 0x00, 0x00, 0x07, 0xFF, 0xD0, 0x00, 0xFF, 0xFF, 0xE0, 0x0F, 0xFF,
    0xFF, 0xC0, 0xFF, 0xD0, 0xFF, 0x47, 0xFC, 0x02, 0xFD, 0x3F, 0xE0, 0x0F, 0xF4, 0xFF, 0x46, 0xFF,
    0xC7, 0xFF, 0xFF, 0xFC, 0x2F, 0xFF, 0xFF, 0x80, 0xBF, 0xEA, 0x40, 0x02, 0xFE, 0x00, 0x00, 0x0B,
    0xFC, 0x00, 0x00, 0x1F, 0xF8, 0x02, 0xC0, 0x3F, 0xFF, 0xFF, 0x00, 0x3F, 0xFF, 0xFC, 0x00, 0x2F,
    0xFF, 0x90, 0x00, 0x01, 0x40, 0x00, 0x00, 0x3F, 0xFF, 0xFF, 0x80, 0x0F, 0xFF, 0xFF, 0xE0, 0x07,
    0xFF, 0xFF, 0xF4, 0x02, 0xFF, 0xFF, 0xFC, 0x00, 0xFF, 0x80, 0x00, 0x00, 0x3F, 0xD0, 0x00, 0x00,
    0x0F, 0xF0, 0x00, 0x00, 0x07, 0xFC, 0x00, 0x00, 0x02, 0xFF, 0xAA, 0xA4, 0x00, 0xFF, 0xFF, 0xFD,
    0x00, 0x3F, 0xFF, 0xFF, 0x00, 0x0F, 0xFF, 0xFF, 0xC0, 0x07, 0xFC, 0x00, 0x00, 0x02, 0xFE, 0x00,
    0x00, 0x00, 0xFF, 0x80, 0x00, 0x00, 0x3F, 0xD0, 0x00, 0x00, 0x1F, 0xF0, 0x00, 0x00, 0x07, 0xFE,
    0xAA, 0xA0, 0x02, 0xFF, 0xFF, 0xFC, 0x00, 0xFF, 0xFF, 0xFE, 0x00, 0x3F, 0xFF, 0xFF, 0x80, 0x00,
    0x00, 0x3F, 0x00, 0x00, 0x00, 0x3F, 0x00, 0x00, 0x00, 0x3F, 0x00, 0x00, 0x00, 0x1F, 0xC0, 0x00,
    0x00, 0x07, 0xFA, 0x00, 0x00, 0x00, 0xFF, 0xC0, 0x00, 0x00, 0x1F, 0xF0, 0x00, 0x00, 0x00, 0x00,
    0x00, 0x00, 0x00, 0x00, 0x00, 0x00, 0x00, 0x7F, 0xFD, 0x00, 0x0F, 0xFF, 0xFE, 0x00, 0xFF, 0xFF,
    0xFC, 0x0F, 0xFD, 0x0F, 0xF4, 0x7F, 0xC0, 0x2F, 0xD3, 0xFE, 0x00, 0xFF, 0x4F, 0xF4, 0x6F, 0xFC,
    0x7F, 0xFF, 0xFF, 0xC2, 0xFF, 0xFF, 0xF8, 0x0B, 0xFE, 0xA4, 0x00, 0x2F, 0xE0, 0x00, 0x00, 0xBF,
    0xC0, 0x00, 0x01, 0xFF, 0x80, 0x2C, 0x03, 0xFF, 0xFF, 0xF0, 0x03, 0xFF, 0xFF, 0xC0, 0x02, 0xFF,
    0xFD, 0x00, 0x00, 0x1F, 0xC0, 0x00, 0x00, 0xFC, 0x00, 0x00, 0x0F, 0xC0, 0x00, 0x00, 0x3F, 0x00,
    0x00, 0x00, 0xFE, 0x80, 0x00, 0x03, 0xFF, 0x40, 0x00, 0x02, 0xFC, 0x00, 0x00, 0x01, 0x40, 0x01,
    0x50, 0x00, 0x0F, 0xC0, 0x7F, 0x40, 0x00, 0x2F, 0xCB, 0xF4, 0x00, 0x00, 0x3F, 0xFF, 0x40, 0x00,
    0x00, 0x7F, 0xF4, 0x00, 0x00, 0x00, 0x55, 0x40, 0x00, 0x00, 0x00, 0x00, 0x00, 0x00, 0x0F, 0xFF,
    0xFF, 0xE0, 0x00, 0x3F, 0xFF, 0xFF, 0x80, 0x01, 0xFF, 0xFF, 0xFD, 0x00, 0x0B, 0xFF, 0xFF, 0xF0,
    0x00, 0x3F, 0xE0, 0x00, 0x00, 0x00, 0xFF, 0x40, 0x00, 0x00, 0x03, 0xFC, 0x00, 0x00, 0x00, 0x1F,
    0xF0, 0x00, 0x00, 0x00, 0xBF, 0xEA, 0xA9, 0x00, 0x03, 0xFF, 0xFF, 0xF4, 0x00, 0x0F, 0xFF, 0xFF,
    0xC0, 0x00, 0x3F, 0xFF, 0xFF, 0x00, 0x01, 0xFF, 0x00, 0x00, 0x00, 0x0B, 0xF8, 0x00, 0x00, 0x00,
    0x3F, 0xE0, 0x00, 0x00, 0x00, 0xFF, 0x40, 0x00, 0x00, 0x07, 0xFC, 0x00, 0x00, 0x00, 0x1F, 0xFA,
    0xAA, 0x80, 0x00, 0xBF, 0xFF, 0xFF, 0x00, 0x03, 0xFF, 0xFF, 0xF8, 0x00, 0x0F, 0xFF, 0xFF, 0xE0,
    0x00, 0x00, 0x14, 0x00, 0x15, 0x00, 0x0F, 0xC0, 0x7F, 0x80, 0x02, 0xFC, 0xBF, 0x40, 0x00, 0x3F,
    0xFF, 0x40, 0x00, 0x07, 0xFF, 0x80, 0x00, 0x00, 0x55, 0x40, 0x00, 0x00, 0x00, 0x00, 0x00, 0x00,
    0x7F, 0xFD, 0x00, 0x00, 0xFF, 0xFF, 0xE0, 0x00, 0xFF, 0xFF, 0xFC, 0x00, 0xFF, 0xD0, 0xFF, 0x40,
    0x7F, 0xC0, 0x2F, 0xD0, 0x3F, 0xE0, 0x0F, 0xF4, 0x0F, 0xF4, 0x6F, 0xFC, 0x07, 0xFF, 0xFF, 0xFC,
    0x02, 0xFF, 0xFF, 0xF8, 0x00, 0xBF, 0xEA, 0x40, 0x00, 0x2F, 0xE0, 0x00, 0x00, 0x0B, 0xFC, 0x00,
    0x00, 0x01, 0xFF, 0x80, 0x2C, 0x00, 0x3F, 0xFF, 0xFF, 0x00, 0x03, 0xFF, 0xFF, 0xC0, 0x00, 0x2F,
    0xFF, 0x90, 0x00, 0x00, 0x14, 0x00, 0x00, 0x00, 0x00, 0x01, 0x55, 0x00, 0x00, 0x00, 0x2F, 0xFC,
    0x00, 0x00, 0x02, 0xFF, 0xF8, 0x00, 0x00, 0x2F, 0xD7, 0xF4, 0x00, 0x03, 0xFC, 0x07, 0xF0, 0x00,
    0x05, 0x40, 0x05, 0x40, 0x00, 0x00, 0x00, 0x00, 0x00, 0x00, 0x1F, 0xFF, 0xE4, 0x00, 0x0B, 0xFF,
    0xFF, 0xF8, 0x00, 0xFF, 0xFF, 0xFF, 0xC0, 0x0F, 0xFF, 0xEA, 0xFE, 0x00, 0xBF, 0xF4, 0x00, 0x24,
    0x07, 0xFF, 0x00, 0x00, 0x00, 0x3F, 0xF0, 0x00, 0x00, 0x01, 0xFF, 0x80, 0x00, 0x00, 0x0B, 0xFC,
    0x00, 0x00, 0x00, 0x3F, 0xE0, 0x0A, 0xAA, 0xA0, 0xFF, 0x80, 0x7F, 0xFF, 0x83, 0xFD, 0x02, 0xFF,
    0xFD, 0x1F, 0xF4, 0x0B, 0xFF, 0xF0, 0x7F, 0xD0, 0x00, 0x7F, 0xC0, 0xFF, 0x40, 0x02, 0xFE, 0x03,
    0xFE, 0x00, 0x0F, 0xF4, 0x0F, 0xFD, 0x00, 0x3F, 0xC0, 0x1F, 0xFE, 0x5B, 0xFF, 0x00, 0x2F, 0xFF,
    0xFF, 0xFC, 0x00, 0x2F, 0xFF, 0xFF, 0xE0, 0x00, 0x1F, 0xFF, 0xF9, 0x00, 0x00, 0x00, 0x50, 0x00,
    0x00, 0x00, 0x00, 0x15, 0x40, 0x00, 0x00, 0x3F, 0xFC, 0x00, 0x00, 0x3F, 0xFF, 0x80, 0x00, 0x3F,
    0xC7, 0xF0, 0x00, 0x3F, 0x80, 0xBF, 0x00, 0x05, 0x40, 0x05, 0x40, 0x00, 0x00, 0x00, 0x00, 0x00,
    0x7F, 0xF0, 0xBE, 0x00, 0x7F, 0xFF, 0x3F, 0x80, 0x7F, 0xFF, 0xFF, 0xD0, 0x3F, 0xF9, 0xBF, 0xF0,
    0x1F, 0xF4, 0x0F, 0xFC, 0x0F, 0xFC, 0x02, 0xFE, 0x03, 0xFD, 0x00, 0xBF, 0x81, 0xFF, 0x00, 0x3F,
    0xD0, 0xBF, 0xC0, 0x0F, 0xF0, 0x2F, 0xF0, 0x07, 0xFC, 0x0B, 0xFC, 0x03, 0xFE, 0x02, 0xFF, 0x02,
    0xFF, 0x40, 0xBF, 0xE6, 0xFF, 0xC0, 0x1F, 0xFF, 0xFF, 0xF0, 0x03, 0xFF, 0xFB, 0xFC, 0x00, 0x2F,
    0xF2, 0xFE, 0x00, 0x00, 0x00, 0xFF, 0x40, 0x00, 0x00, 0x3F, 0xC0, 0x00, 0x00, 0x3F, 0xF0, 0x07,
    0xE5, 0xBF, 0xF4, 0x01, 0xFF, 0xFF, 0xF8, 0x00, 0x7F, 0xFF, 0xF8, 0x00, 0x06, 0xFF, 0xE0, 0x00,
    0x00, 0x00, 0x00, 0x54, 0x00, 0x50, 0x00, 0x03, 0xF0, 0x0B, 0xC0, 0x00, 0x0B, 0xFA, 0xFF, 0x00,
    0x00, 0x1F, 0xFF, 0xF0, 0x00, 0x00, 0x1F, 0xFF, 0x00, 0x00, 0x00, 0x01, 0x40, 0x00, 0x00, 0x00,
    0x00, 0x00, 0x00, 0x00, 0x1F, 0xFF, 0xE4, 0x00, 0x0B, 0xFF, 0xFF, 0xF8, 0x00, 0xFF, 0xFF, 0xFF,
    0xC0, 0x0F, 0xFF, 0xEA, 0xFE, 0x00, 0xBF, 0xF4, 0x00, 0x24, 0x07, 0xFF, 0x00, 0x00, 0x00, 0x3F,
    0xF0, 0x00, 0x00, 0x01, 0xFF, 0x80, 0x00, 0x00, 0x0B, 0xFC, 0x00, 0x00, 0x00, 0x3F, 0xE0, 0x0A,
    0xAA, 0xA0, 0xFF, 0x80, 0x7F, 0xFF, 0x83, 0xFD, 0x02, 0xFF, 0xFD, 0x1F, 0xF4, 0x0B, 0xFF, 0xF0,
    0x7F, 0xD0, 0x00, 0x7F, 0xC0, 0xFF, 0x40, 0x02, 0xFE, 0x03, 0xFE, 0x00, 0x0F, 0xF4, 0x0F, 0xFD,
    0x00, 0x3F, 0xC0, 0x1F, 0xFE, 0x5B, 0xFF, 0x00, 0x2F, 0xFF, 0xFF, 0xFC, 0x00, 0x2F, 0xFF, 0xFF,
    0xE0, 0x00, 0x1F, 0xFF, 0xF9, 0x00, 0x00, 0x00, 0x50, 0x00, 0x00, 0x00, 0x05, 0x00, 0x05, 0x00,
    0x03, 0xE0, 0x0F, 0xC0, 0x00, 0xFF, 0xAF, 0xE0, 0x00, 0x1F, 0xFF, 0xF0, 0x00, 0x02, 0xFF, 0xE0,
    0x00, 0x00, 0x05, 0x40, 0x00, 0x00, 0x00, 0x00, 0x00, 0x00, 0x7F, 0xF0, 0xBE, 0x00, 0x7F, 0xFF,
    0x3F, 0x80, 0x7F, 0xFF, 0xFF, 0xD0, 0x3F, 0xF9, 0xBF, 0xF0, 0x1F, 0xF4, 0x0F, 0xFC, 0x0F, 0xFC,
    0x02, 0xFE, 0x03, 0xFD, 0x00, 0xBF, 0x81, 0xFF, 0x00, 0x3F, 0xD0, 0xBF, 0xC0, 0x0F, 0xF0, 0x2F,
    0xF0, 0x07, 0xFC, 0x0B, 0xFC, 0x03, 0xFE, 0x02, 0xFF, 0x02, 0xFF, 0x40, 0xBF, 0xE6, 0xFF, 0xC0,
    0x1F, 0xFF, 0xFF, 0xF0, 0x03, 0xFF, 0xFB, 0xFC, 0x00, 0x2F, 0xF2, 0xFE, 0x00, 0x00, 0x00, 0xFF,
    0x40, 0x00, 0x00, 0x3F, 0xC0, 0x00, 0x00, 0x3F, 0xF0, 0x07, 0xE5, 0xBF, 0xF4, 0x01, 0xFF, 0xFF,
    0xF8, 0x00, 0x7F, 0xFF, 0xF8, 0x00, 0x06, 0xFF, 0xE0, 0x00, 0x00, 0x00, 0x00, 0x00, 0x00, 0x00,
    0x00, 0x00, 0x0B, 0xF0, 0x00, 0x00, 0x00, 0x3F, 0xD0, 0x00, 0x00, 0x01, 0xFF, 0x40, 0x00, 0x00,
    0x03, 0xF8, 0x00, 0x00, 0x00, 0x00, 0x00, 0x00, 0x00, 0x00, 0x00, 0x00, 0x00, 0x00, 0x1F, 0xFF,
    0xE4, 0x00, 0x0B, 0xFF, 0xFF, 0xF8, 0x00, 0xFF, 0xFF, 0xFF, 0xC0, 0x0F, 0xFF, 0xEA, 0xFE, 0x00,
    0xBF, 0xF4, 0x00, 0x24, 0x07, 0xFF, 0x00, 0x00, 0x00, 0x3F, 0xF0, 0x00, 0x00, 0x01, 0xFF, 0x80,
    0x00, 0x00, 0x0B, 0xFC, 0x00, 0x00, 0x00, 0x3F, 0xE0, 0x0A, 0xAA, 0xA0, 0xFF, 0x80, 0x7F, 0xFF,
    0x83, 0xFD, 0x02, 0xFF, 0xFD, 0x1F, 0xF4, 0x0B, 0xFF, 0xF0, 0x7F, 0xD0, 0x00, 0x7F, 0xC0, 0xFF,
    0x40, 0x02, 0xFE, 0x03, 0xFE, 0x00, 0x0F, 0xF4, 0x0F, 0xFD, 0x00, 0x3F, 0xC0, 0x1F, 0xFE, 0x5B,
    0xFF, 0x00, 0x2F, 0xFF, 0xFF, 0xFC, 0x00, 0x2F, 0xFF, 0xFF, 0xE0, 0x00, 0x1F, 0xFF, 0xF9, 0x00,
    0x00, 0x00, 0x50, 0x00, 0x00, 0x00, 0x00, 0x00, 0x00, 0x00, 0x00, 0x0F, 0xF0, 0x00, 0x00, 0x07,
    0xFD, 0x00, 0x00, 0x01, 0xFF, 0x00, 0x00, 0x00, 0x3F, 0x40, 0x00, 0x00, 0x00, 0x00, 0x00, 0x00,
    0x00, 0x00, 0x00, 0x00, 0x7F, 0xF0, 0xBE, 0x00, 0x7F, 0xFF, 0x3F, 0x80, 0x7F, 0xFF, 0xFF, 0xD0,
    0x3F, 0xF9, 0xBF, 0xF0, 0x1F, 0xF4, 0x0F, 0xFC, 0x0F, 0xFC, 0x02, 0xFE, 0x03, 0xFD, 0x00, 0xBF,
    0x81, 0xFF, 0x00, 0x3F, 0xD0, 0xBF, 0xC0, 0x0F, 0xF0, 0x2F, 0xF0, 0x07, 0xFC, 0x0B, 0xFC, 0x03,
    0xFE, 0x02, 0xFF, 0x02, 0xFF, 0x40, 0xBF, 0xE6, 0xFF, 0xC0, 0x1F, 0xFF, 0xFF, 0xF0, 0x03, 0xFF,
    0xFB, 0xFC, 0x00, 0x2F, 0xF2, 0xFE, 0x00, 0x00, 0x00, 0xFF, 0x40, 0x00, 0x00, 0x3F, 0xC0, 0x00,
    0x00, 0x3F, 0xF0, 0x07, 0xE5, 0xBF, 0xF4, 0x01, 0xFF, 0xFF, 0xF8, 0x00, 0x7F, 0xFF, 0xF8, 0x00,
    0x06, 0xFF, 0xE0, 0x00, 0x00, 0x00, 0x00, 0x00, 0x00, 0x00, 0x00, 0x01, 0xFF, 0xFE, 0x40, 0x00,
    0xBF, 0xFF, 0xFF, 0x80, 0x0F, 0xFF, 0xFF, 0xFC, 0x00, 0xFF, 0xFE, 0xAF, 0xE0, 0x0B, 0xFF, 0x40,
    0x02, 0x40, 0x7F, 0xF0, 0x00, 0x00, 0x03, 0xFF, 0x00, 0x00, 0x00, 0x1F, 0xF8, 0x00, 0x00, 0x00,
    0xBF, 0xC0, 0x00, 0x00, 0x03, 0xFE, 0x00, 0xAA, 0xAA, 0x0F, 0xF8, 0x07, 0xFF, 0xF8, 0x3F, 0xD0,
    0x2F, 0xFF, 0xD1, 0xFF, 0x40, 0xBF, 0xFF, 0x07, 0xFD, 0x00, 0x07, 0xFC, 0x0F, 0xF4, 0x00, 0x2F,
    0xE0, 0x3F, 0xE0, 0x00, 0xFF, 0x40, 0xFF, 0xD0, 0x03, 0xFC, 0x01, 0xFF, 0xE5, 0xBF, 0xF0, 0x02,
    0xFF, 0xFF, 0xFF, 0xC0, 0x02, 0xFF, 0xFF, 0xFE, 0x00, 0x01, 0xFF, 0xFF, 0x90, 0x00, 0x00, 0x05,
    0x00, 0x00, 0x00, 0x00, 0x00, 0x00, 0x00, 0x00, 0x0B, 0xF4, 0x00, 0x00, 0x00, 0x3F, 0xC0, 0x00,
    0x00, 0x01, 0xFC, 0x00, 0x00, 0x00, 0x0F, 0xD0, 0x00, 0x00, 0x00, 0x15, 0x00, 0x00, 0x00, 0x00,
    0x00, 0x01, 0x50, 0x00, 0x00, 0x02, 0xF8, 0x00, 0x00, 0x01, 0xFC, 0x00, 0x00, 0x00, 0xFE, 0x00,
    0x00, 0x00, 0xBF, 0x40, 0x00, 0x00, 0x15, 0x40, 0x00, 0x00, 0x00, 0x00, 0x00, 0x00, 0x3F, 0xF0,
    0xBE, 0x00, 0x7F, 0xFF, 0x3F, 0x80, 0x7F, 0xFF, 0xFF, 0xD0, 0x3F, 0xF9, 0xBF, 0xF0, 0x1F, 0xF4,
    0x0F, 0xFC, 0x0F, 0xFC, 0x02, 0xFE, 0x03, 0xFD, 0x00, 0xBF, 0x81, 0xFF, 0x00, 0x3F, 0xD0, 0xBF,
    0xC0, 0x0F, 0xF0, 0x2F, 0xF0, 0x07, 0xFC, 0x0B, 0xFC, 0x03, 0xFE, 0x02, 0xFF, 0x02, 0xFF, 0x40,
    0xBF, 0xE6, 0xFF, 0xC0, 0x1F, 0xFF, 0xFF, 0xF0, 0x03, 0xFF, 0xFB, 0xFC, 0x00, 0x2F, 0xF2, 0xFE,
    0x00, 0x00, 0x00, 0xFF, 0x40, 0x00, 0x00, 0x3F, 0xC0, 0x00, 0x00, 0x3F, 0xF0, 0x07, 0xE5, 0xBF,
    0xF4, 0x01, 0xFF, 0xFF, 0xF8, 0x00, 0x7F, 0xFF, 0xF8, 0x00, 0x06, 0xFF, 0xE0, 0x00, 0x00, 0x00,
    0x00, 0x01, 0x55, 0x00, 0x00, 0x00, 0x01, 0xFF, 0xE0, 0x00, 0x00, 0x01, 0xFF, 0xFC, 0x00, 0x00,
    0x01, 0xFE, 0x3F, 0x80, 0x00, 0x01, 0xFD, 0x03, 0xF4, 0x00, 0x00, 0x54, 0x00, 0x14, 0x00, 0x00,
    0x00, 0x00, 0x00, 0x00, 0x00, 0xFF, 0x40, 0x02, 0xFD, 0x00, 0x3F, 0xD0, 0x00, 0xFF, 0x40, 0x1F,
    0xF0, 0x00, 0x7F, 0xC0, 0x0B, 0xFC, 0x00, 0x2F, 0xF0, 0x03, 0xFE, 0x00, 0x0B, 0xF8, 0x00, 0xFF,
    0x40, 0x03, 0xFD, 0x00, 0x3F, 0xD0, 0x00, 0xFF, 0x00, 0x1F, 0xF0, 0x00, 0x7F, 0xC0, 0x0B, 0xFE,
    0xAA, 0xBF, 0xF0, 0x03, 0xFF, 0xFF, 0xFF, 0xF8, 0x00, 0xFF, 0xFF, 0xFF, 0xFD, 0x00, 0x3F, 0xFF,
    0xFF, 0xFF, 0x00, 0x1F, 0xF0, 0x00, 0x7F, 0xC0, 0x0B, 0xFC, 0x00, 0x2F, 0xE0, 0x03, 0xFE, 0x00,
    0x0F, 0xF8, 0x00, 0xFF, 0x40, 0x03, 0xFD, 0x00, 0x7F, 0xC0, 0x01, 0xFF, 0x00, 0x1F, 0xF0, 0x00,
    0x7F, 0xC0, 0x0B, 0xF8, 0x00, 0x2F, 0xE0, 0x03, 0xFD, 0x00, 0x0F, 0xF4, 0x00, 0xFF, 0x40, 0x03,
    0xFD, 0x00, 0x00, 0x05, 0x54, 0x00, 0x00, 0x0F, 0xFF, 0x00, 0x00, 0x0B, 0xFF, 0xE0, 0x00, 0x0B,
    0xF5, 0xFD, 0x00, 0x0F, 0xF0, 0x1F, 0xC0, 0x01, 0x50, 0x01, 0x50, 0x00, 0x00, 0x00, 0x00, 0x00,
    0x00, 0xFF, 0x40, 0x00, 0x00, 0x3F, 0xC0, 0x00, 0x00, 0x1F, 0xF0, 0x00, 0x00, 0x0B, 0xF8, 0x00,
    0x00, 0x03, 0xFE, 0x00, 0x00, 0x00, 0xFF, 0x40, 0x00, 0x00, 0x3F, 0xCB, 0xFD, 0x00, 0x1F, 0xEF,
    0xFF, 0xD0, 0x0B, 0xFF, 0xFF, 0xFC, 0x03, 0xFF, 0xD7, 0xFF, 0x00, 0xFF, 0xC0, 0x7F, 0xC0, 0x7F,
    0xE0, 0x0F, 0xF0, 0x1F, 0xF0, 0x07, 0xFC, 0x0B, 0xF8, 0x02, 0xFE, 0x03, 0xFD, 0x00, 0xFF, 0x40,
    0xFF, 0x00, 0x3F, 0xD0, 0x7F, 0xC0, 0x0F, 0xF0, 0x2F, 0xF0, 0x07, 0xFC, 0x0B, 0xF8, 0x02, 0xFE,
    0x03, 0xFD, 0x00, 0xFF, 0x40, 0xFF, 0x00, 0x3F, 0xC0, 0x7F, 0xC0, 0x1F, 0xF0, 0x00, 0x00, 0x3F,
    0xD0, 0x00, 0xFF, 0x40, 0x00, 0xFF, 0x40, 0x03, 0xFD, 0x00, 0x07, 0xFC, 0x00, 0x1F, 0xF0, 0x03,
    0xFF, 0xFF, 0xFF, 0xFF, 0xFD, 0x1F, 0xFF, 0xFF, 0xFF, 0xFF, 0xF0, 0x7F, 0xFF, 0xFF, 0xFF, 0xFF,
    0xC0, 0x0F, 0xF0, 0x00, 0x3F, 0xD0, 0x00, 0x7F, 0xC0, 0x01, 0xFF, 0x00, 0x02, 0xFF, 0xAA, 0xAF,
    0xFC, 0x00, 0x0F, 0xFF, 0xFF, 0xFF, 0xE0, 0x00, 0x3F, 0xFF, 0xFF, 0xFF, 0x40, 0x00, 0xFF, 0xFF,
    0xFF, 0xFC, 0x00, 0x07, 0xFC, 0x00, 0x1F, 0xF0, 0x00, 0x2F, 0xF0, 0x00, 0xBF, 0xC0, 0x00, 0xFF,
    0x80, 0x03, 0xFE, 0x00, 0x03, 0xFD, 0x00, 0x0F, 0xF4, 0x00, 0x1F, 0xF0, 0x00, 0x7F, 0xC0, 0x00,
    0xBF, 0xC0, 0x02, 0xFF, 0x00, 0x02, 0xFE, 0x00, 0x0B, 0xF8, 0x00, 0x0F, 0xF4, 0x00, 0x3F, 0xE0,
    0x00, 0x3F, 0xD0, 0x00, 0xFF, 0x40, 0x00, 0x00, 0x00, 0x00, 0x00, 0x00, 0x3F, 0xD0, 0x00, 0x00,
    0x3F, 0xC0, 0x00, 0x0B, 0xFF, 0xFF, 0xC0, 0x0F, 0xFF, 0xFF, 0xC0, 0x0F, 0xFF, 0xFF, 0xC0, 0x00,
    0xFF, 0x40, 0x00, 0x00, 0xFF, 0x01, 0x40, 0x01, 0xFF, 0x2F, 0xF4, 0x02, 0xFE, 0xFF, 0xFD, 0x03,
    0xFF, 0xFF, 0xFE, 0x03, 0xFF, 0xD3, 0xFF, 0x03, 0xFF, 0x01, 0xFF, 0x07, 0xFD, 0x01, 0xFF, 0x0B,
    0xFC, 0x02, 0xFE, 0x0F, 0xF8, 0x03, 0xFD, 0x0F, 0xF0, 0x03, 0xFD, 0x1F, 0xF0, 0x03, 0xFC, 0x2F,
    0xF0, 0x07, 0xFC, 0x2F, 0xE0, 0x0B, 0xF8, 0x3F, 0xD0, 0x0F, 0xF4, 0x3F, 0xC0, 0x0F, 0xF0, 0x7F,
    0xC0, 0x1F, 0xF0, 0x00, 0x00, 0x00, 0x00, 0x00, 0x0F, 0xE0, 0x2E, 0x00, 0x3F, 0xFE, 0xBD, 0x00,
    0xBF, 0xFF, 0xFC, 0x00, 0xF4, 0x2F, 0xF0, 0x00, 0x50, 0x01, 0x00, 0x00, 0x00, 0x00, 0x00, 0x00,
    0x7F, 0xFF, 0xE0, 0x00, 0xBF, 0xFF, 0xE0, 0x00, 0xFF, 0xFF, 0xC0, 0x00, 0x1F, 0xFD, 0x00, 0x00,
    0x0F, 0xF4, 0x00, 0x00, 0x0F, 0xF0, 0x00, 0x00, 0x1F, 0xF0, 0x00, 0x00, 0x2F, 0xF0, 0x00, 0x00,
    0x3F, 0xE0, 0x00, 0x00, 0x3F, 0xD0, 0x00, 0x00, 0x3F, 0xC0, 0x00, 0x00, 0x7F, 0xC0, 0x00, 0x00,
    0xBF, 0x80, 0x00, 0x00, 0xFF, 0x80, 0x00, 0x00, 0xFF, 0x40, 0x00, 0x01, 0xFF, 0x00, 0x00, 0x01,
    0xFF, 0x00, 0x00, 0x07, 0xFF, 0x00, 0x00, 0x3F, 0xFF, 0xE0, 0x00, 0xBF, 0xFF, 0xE0, 0x00, 0xBF,
    0xFF, 0xD0, 0x00, 0x00, 0x00, 0x00, 0x00, 0xFE, 0x02, 0xF0, 0xFF, 0xFA, 0xF4, 0xBF, 0xFF, 0xFC,
    0x3E, 0x0B, 0xFC, 0x05, 0x00, 0x14, 0x00, 0x00, 0x00, 0x00, 0x03, 0xFC, 0x00, 0x01, 0xFF, 0x00,
    0x00, 0xBF, 0xC0, 0x00, 0x3F, 0xE0, 0x00, 0x0F, 0xF4, 0x00, 0x07, 0xFC, 0x00, 0x01, 0xFF, 0x00,
    0x00, 0xBF, 0x80, 0x00, 0x3F, 0xD0, 0x00, 0x0F, 0xF4, 0x00, 0x07, 0xFC, 0x00, 0x02, 0xFF, 0x00,
    0x00, 0xBF, 0x80, 0x00, 0x3F, 0xD0, 0x00, 0x0F, 0xF0, 0x00, 0x07, 0xFC, 0x00, 0x00, 0x00, 0x1A,
    0xAA, 0xA0, 0x00, 0xBF, 0xFF, 0xC0, 0x03, 0xFF, 0xFF, 0x00, 0x05, 0x55, 0x54, 0x00, 0x00, 0x00,
    0x00, 0x01, 0xFF, 0xFF, 0x80, 0x0B, 0xFF, 0xFE, 0x00, 0x3F, 0xFF, 0xF0, 0x00, 0x1F, 0xFD, 0x00,
    0x00, 0x3F, 0xD0, 0x00, 0x00, 0xFF, 0x00, 0x00, 0x07, 0xFC, 0x00, 0x00, 0x2F, 0xF0, 0x00, 0x00,
    0xFF, 0x80, 0x00, 0x03, 0xFD, 0x00, 0x00, 0x0F, 0xF0, 0x00, 0x00, 0x7F, 0xC0, 0x00, 0x02, 0xFE,
    0x00, 0x00, 0x0F, 0xF8, 0x00, 0x00, 0x3F, 0xD0, 0x00, 0x01, 0xFF, 0x00, 0x00, 0x07, 0xFC, 0x00,
    0x00, 0x7F, 0xF0, 0x00, 0x0F, 0xFF, 0xF8, 0x00, 0xBF, 0xFF, 0xE0, 0x02, 0xFF, 0xFF, 0x40, 0x00,
    0x06, 0xAA, 0xA8, 0x0F, 0xFF, 0xFC, 0x0F, 0xFF, 0xFC, 0x05, 0x55, 0x50, 0x00, 0x00, 0x00, 0x00,
    0xFF, 0x00, 0x01, 0xFF, 0x00, 0x02, 0xFF, 0x00, 0x03, 0xFE, 0x00, 0x03, 0xFD, 0x00, 0x07, 0xFC,
    0x00, 0x07, 0xFC, 0x00, 0x0B, 0xF8, 0x00, 0x0F, 0xF4, 0x00, 0x0F, 0xF4, 0x00, 0x1F, 0xF0, 0x00,
    0x2F, 0xF0, 0x00, 0x2F, 0xE0, 0x00, 0x3F, 0xD0, 0x00, 0x3F, 0xC0, 0x00, 0x7F, 0xC0, 0x00, 0x00,
    0x14, 0x00, 0x14, 0x00, 0x3E, 0x00, 0xFC, 0x00, 0x3F, 0xEB, 0xF4, 0x00, 0x2F, 0xFF, 0xF0, 0x00,
    0x0B, 0xFF, 0x80, 0x00, 0x00, 0x50, 0x00, 0x00, 0x00, 0x00, 0x00, 0x00, 0x7F, 0xFF, 0xE0, 0x00,
    0xBF, 0xFF, 0xE0, 0x00, 0xFF, 0xFF, 0xC0, 0x00, 0x1F, 0xFD, 0x00, 0x00, 0x0F, 0xF4, 0x00, 0x00,
    0x0F, 0xF0, 0x00, 0x00, 0x1F, 0xF0, 0x00, 0x00, 0x2F, 0xF0, 0x00, 0x00, 0x3F, 0xE0, 0x00, 0x00,
    0x3F, 0xD0, 0x00, 0x00, 0x3F, 0xC0, 0x00, 0x00, 0x7F, 0xC0, 0x00, 0x00, 0xBF, 0x80, 0x00, 0x00,
    0xFF, 0x80, 0x00, 0x00, 0xFF, 0x40, 0x00, 0x01, 0xFF, 0x00, 0x00, 0x01, 0xFF, 0x00, 0x00, 0x07,
    0xFF, 0x00, 0x00, 0x3F, 0xFF, 0xE0, 0x00, 0xBF, 0xFF, 0xE0, 0x00, 0xBF, 0xFF, 0xD0, 0x00, 0x05,
    0x00, 0x05, 0x03, 0xE0, 0x0F, 0xC0, 0xFF, 0xAF, 0xE0, 0x2F, 0xFF, 0xF0, 0x02, 0xFF, 0xE0, 0x00,
    0x05, 0x00, 0x00, 0x00, 0x00, 0x00, 0x03, 0xFC, 0x00, 0x01, 0xFF, 0x00, 0x00, 0xBF, 0xC0, 0x00,
    0x3F, 0xE0, 0x00, 0x0F, 0xF4, 0x00, 0x07, 0xFC, 0x00, 0x01, 0xFF, 0x00, 0x00, 0xBF, 0x80, 0x00,
    0x3F, 0xD0, 0x00, 0x0F, 0xF4, 0x00, 0x07, 0xFC, 0x00, 0x02, 0xFF, 0x00, 0x00, 0xBF, 0x80, 0x00,
    0x3F, 0xD0, 0x00, 0x0F, 0xF0, 0x00, 0x07, 0xFC, 0x00, 0x00, 0x00, 0x7F, 0xFF, 0xE0, 0x0B, 0xFF,
    0xFE, 0x00, 0xFF, 0xFF, 0xC0, 0x01, 0xFF, 0xD0, 0x00, 0x0F, 0xF4, 0x00, 0x00, 0xFF, 0x00, 0x00,
    0x1F, 0xF0, 0x00, 0x02, 0xFF, 0x00, 0x00, 0x3F, 0xE0, 0x00, 0x03, 0xFD, 0x00, 0x00, 0x3F, 0xC0,
    0x00, 0x07, 0xFC, 0x00, 0x00, 0xBF, 0x80, 0x00, 0x0F, 0xF8, 0x00, 0x00, 0xFF, 0x40, 0x00, 0x1F,
    0xF0, 0x00, 0x01, 0xFF, 0x00, 0x00, 0x7F, 0xF0, 0x00, 0x3F, 0xFF, 0xE0, 0x0B, 0xFF, 0xFE, 0x00,
    0xBF, 0xFF, 0xD0, 0x00, 0x0B, 0xD0, 0x00, 0x03, 0xF0, 0x00, 0x00, 0xBD, 0x00, 0x00, 0x0F, 0xC0,
    0x00, 0x00, 0xFF, 0x90, 0x00, 0x0F, 0xFD, 0x00, 0x00, 0x3F, 0xD0, 0x00, 0x00, 0x00, 0x00, 0x00,
    0x00, 0x00, 0x00, 0x00, 0x02, 0xFC, 0x00, 0x07, 0xFD, 0x00, 0x07, 0xFC, 0x00, 0x03, 0xF8, 0x00,
    0x00, 0x00, 0x00, 0x00, 0x00, 0x00, 0x0F, 0xF0, 0x00, 0x1F, 0xF0, 0x00, 0x2F, 0xF0, 0x00, 0x3F,
    0xE0, 0x00, 0x3F, 0xD0, 0x00, 0x7F, 0xC0, 0x00, 0x7F, 0xC0, 0x00, 0xBF, 0x80, 0x00, 0xFF, 0x40,
    0x00, 0xFF, 0x40, 0x01, 0xFF, 0x00, 0x02, 0xFF, 0x00, 0x02, 0xFE, 0x00, 0x03, 0xFD, 0x00, 0x03,
    0xFC, 0x00, 0x07, 0xFC, 0x00, 0x02, 0xF4, 0x00, 0x0F, 0xD0, 0x00, 0x2F, 0x40, 0x00, 0x3F, 0x00,
    0x00, 0x3F, 0xE4, 0x00, 0x2F, 0xF8, 0x00, 0x0B, 0xF4, 0x00, 0x00, 0x00, 0x00, 0x00, 0x00, 0x00,
    0x00, 0x00, 0x0B, 0xF0, 0x00, 0x01, 0xFF, 0x40, 0x00, 0x1F, 0xF0, 0x00, 0x00, 0xFE, 0x00, 0x00,
    0x00, 0x00, 0x00, 0x00, 0x00, 0x00, 0x07, 0xFF, 0xFE, 0x00, 0xBF, 0xFF, 0xE0, 0x0F, 0xFF, 0xFC,
    0x00, 0x1F, 0xFD, 0x00, 0x00, 0xFF, 0x40, 0x00, 0x0F, 0xF0, 0x00, 0x01, 0xFF, 0x00, 0x00, 0x2F,
    0xF0, 0x00, 0x03, 0xFE, 0x00, 0x00, 0x3F, 0xD0, 0x00, 0x03, 0xFC, 0x00, 0x00, 0x7F, 0xC0, 0x00,
    0x0B, 0xF8, 0x00, 0x00, 0xFF, 0x80, 0x00, 0x0F, 0xF4, 0x00, 0x01, 0xFF, 0x00, 0x00, 0x1F, 0xF0,
    0x00, 0x07, 0xFF, 0x00, 0x03, 0xFF, 0xFE, 0x00, 0xBF, 0xFF, 0xE0, 0x0B, 0xFF, 0xFD, 0x00, 0x00,
    0xFF, 0x00, 0x7F, 0xC0, 0x2F, 0xF0, 0x0F, 0xF8, 0x03, 0xFD, 0x01, 0xFF, 0x00, 0x7F, 0xC0, 0x2F,
    0xE0, 0x0F, 0xF4, 0x03, 0xFD, 0x01, 0xFF, 0x00, 0xBF, 0xC0, 0x2F, 0xE0, 0x0F, 0xF4, 0x03, 0xFC,
    0x01, 0xFF, 0x00, 0x00, 0x7F, 0xFF, 0xE0, 0x1F, 0xF0, 0x02, 0xFF, 0xFF, 0x80, 0xBF, 0xC0, 0x0F,
    0xFF, 0xFC, 0x03, 0xFE, 0x00, 0x07, 0xFF, 0x40, 0x0F, 0xF4, 0x00, 0x0F, 0xF4, 0x00, 0x3F, 0xC0,
    0x00, 0x3F, 0xC0, 0x01, 0xFF, 0x00, 0x01, 0xFF, 0x00, 0x0B, 0xF8, 0x00, 0x0B, 0xFC, 0x00, 0x3F,
    0xE0, 0x00, 0x3F, 0xE0, 0x00, 0xFF, 0x40, 0x00, 0xFF, 0x40, 0x07, 0xFC, 0x00, 0x03, 0xFC, 0x00,
    0x2F, 0xF0, 0x00, 0x1F, 0xF0, 0x00, 0xBF, 0x80, 0x00, 0xBF, 0x80, 0x03, 0xFD, 0x00, 0x03, 0xFE,
    0x00, 0x0F, 0xF0, 0x00, 0x0F, 0xF4, 0x00, 0x7F, 0xC0, 0x00, 0x7F, 0xC0, 0x02, 0xFF, 0x00, 0x01,
    0xFF, 0x00, 0x0F, 0xF8, 0x00, 0x1F, 0xFC, 0x00, 0x3F, 0xD0, 0x03, 0xFF, 0xFE, 0x01, 0xFF, 0x00,
    0x2F, 0xFF, 0xF8, 0x07, 0xFC, 0x00, 0xBF, 0xFF, 0xD0, 0x2F, 0xE0, 0x00, 0x00, 0x00, 0x00, 0xFF,
    0x40, 0x00, 0x00, 0x00, 0x0B, 0xFC, 0x00, 0x00, 0x00, 0x6A, 0xFF, 0xF0, 0x00, 0x00, 0x01, 0xFF,
    0xFF, 0x00, 0x00, 0x00, 0x07, 0xFF, 0xF4, 0x00, 0x00, 0x00, 0x1F, 0xFE, 0x00, 0x00, 0x00, 0x00,
    0x00, 0x00, 0x00, 0x00, 0x00, 0x00, 0x00, 0x00, 0x00, 0x00, 0xBF, 0x00, 0x3F, 0xC0, 0x07, 0xFD,
    0x02, 0xFF, 0x00, 0x1F, 0xF0, 0x0B, 0xFC, 0x00, 0x3F, 0x80, 0x0F, 0xD0, 0x00, 0x00, 0x00, 0x00,
    0x00, 0x00, 0x00, 0x00, 0x00, 0x00, 0x3F, 0xC0, 0x1F, 0xF0, 0x01, 0xFF, 0x00, 0xBF, 0x80, 0x0B,
    0xFC, 0x03, 0xFE, 0x00, 0x3F, 0xE0, 0x0F, 0xF4, 0x00, 0xFF, 0x40, 0x7F, 0xC0, 0x07, 0xFC, 0x01,
    0xFF, 0x00, 0x1F, 0xF0, 0x0B, 0xF8, 0x00, 0xBF, 0x80, 0x3F, 0xD0, 0x03, 0xFD, 0x00, 0xFF, 0x00,
    0x0F, 0xF4, 0x07, 0xFC, 0x00, 0x7F, 0xC0, 0x2F, 0xF0, 0x02, 0xFF, 0x00, 0xFF, 0x80, 0x0B, 0xF8,
    0x03, 0xFD, 0x00, 0x3F, 0xD0, 0x0F, 0xF0, 0x00, 0xFF, 0x00, 0x7F, 0xC0, 0x07, 0xFC, 0x02, 0xFF,
    0x00, 0x00, 0x00, 0x0F, 0xF8, 0x00, 0x00, 0x00, 0x3F, 0xD0, 0x00, 0x00, 0x02, 0xFF, 0x00, 0x00,
    0x02, 0xAF, 0xF8, 0x00, 0x00, 0x0F, 0xFF, 0xC0, 0x00, 0x00, 0x3F, 0xFD, 0x00, 0x00, 0x00, 0xFF,
    0x90, 0x00, 0x00, 0x00, 0x00, 0x01, 0x55, 0x00, 0x00, 0x00, 0x2F, 0xFD, 0x00, 0x00, 0x02, 0xFF,
    0xFC, 0x00, 0x00, 0x2F, 0xD3, 0xF8, 0x00, 0x02, 0xFC, 0x03, 0xF0, 0x00, 0x05, 0x40, 0x01, 0x40,
    0x00, 0x00, 0x00, 0x00, 0x00, 0x00, 0x01, 0xFE, 0x00, 0x00, 0x00, 0x0F, 0xF8, 0x00, 0x00, 0x00,
    0x3F, 0xD0, 0x00, 0x00, 0x00, 0xFF, 0x00, 0x00, 0x00, 0x07, 0xFC, 0x00, 0x00, 0x00, 0x2F, 0xF0,
    0x00, 0x00, 0x00, 0xFF, 0x80, 0x00, 0x00, 0x03, 0xFD, 0x00, 0x00, 0x00, 0x1F, 0xF0, 0x00, 0x00,
    0x00, 0x7F, 0xC0, 0x00, 0x00, 0x02, 0xFE, 0x00, 0x00, 0x00, 0x0F, 0xF8, 0x00, 0x00, 0x00, 0x3F,
    0xD0, 0x00, 0x00, 0x01, 0xFF, 0x00, 0x00, 0x00, 0x0B, 0xFC, 0x00, 0x00, 0x00, 0x3F, 0xE0, 0x00,
    0x00, 0x00, 0xFF, 0x40, 0x00, 0x00, 0x03, 0xFC, 0x00, 0x00, 0x00, 0x1F, 0xF0, 0x00, 0x00, 0x00,
    0xBF, 0xC0, 0x00, 0x00, 0x03, 0xFE, 0x00, 0x00, 0x00, 0x0F, 0xF4, 0x00, 0x00, 0x00, 0xFF, 0xC0,
    0x00, 0x06, 0xAF, 0xFE, 0x00, 0x00, 0x2F, 0xFF, 0xF0, 0x00, 0x00, 0xBF, 0xFF, 0x00, 0x00, 0x02,
    0xFF, 0xE0, 0x00, 0x00, 0x00, 0x00, 0x00, 0x00, 0x00, 0x00, 0x00, 0x00, 0x15, 0x40, 0x00, 0x00,
    0xFF, 0xF0, 0x00, 0x03, 0xFF, 0xF4, 0x00, 0x0F, 0xF2, 0xFC, 0x00, 0x3F, 0x80, 0xBE, 0x00, 0x14,
    0x00, 0x15, 0x00, 0x00, 0x00, 0x00, 0x00, 0x00, 0xFF, 0x00, 0x00, 0x01, 0xFF, 0x00, 0x00, 0x02,
    0xFF, 0x00, 0x00, 0x03, 0xFE, 0x00, 0x00, 0x03, 0xFD, 0x00, 0x00, 0x03, 0xFC, 0x00, 0x00, 0x07,
    0xFC, 0x00, 0x00, 0x0B, 0xF8, 0x00, 0x00, 0x0F, 0xF8, 0x00, 0x00, 0x0F, 0xF4, 0x00, 0x00, 0x1F,
    0xF0, 0x00, 0x00, 0x1F, 0xF0, 0x00, 0x00, 0x2F, 0xE0, 0x00, 0x00, 0x3F, 0xD0, 0x00, 0x00, 0x3F,
    0xD0, 0x00, 0x00, 0x7F, 0xC0, 0x00, 0x00, 0xBF, 0xC0, 0x00, 0x00, 0xFF, 0x80, 0x00, 0x01, 0xFF,
    0x40, 0x00, 0xAB, 0xFF, 0x00, 0x00, 0xBF, 0xFE, 0x00, 0x00, 0xBF, 0xF8, 0x00, 0x00, 0xBF, 0xD0,
    0x00, 0x00, 0x00, 0x3F, 0xD0, 0x02, 0xFF, 0x00, 0x0F, 0xF0, 0x02, 0xFF, 0x40, 0x07, 0xFC, 0x01,
    0xFF, 0x80, 0x02, 0xFF, 0x01, 0xFF, 0x80, 0x00, 0xFF, 0x80, 0xFF, 0xC0, 0x00, 0x3F, 0xD0, 0xFF,
    0xC0, 0x00, 0x0F, 0xF0, 0xFF, 0xC0, 0x00, 0x07, 0xFC, 0xBF, 0xD0, 0x00, 0x02, 0xFE, 0x7F, 0xE0,
    0x00, 0x00, 0xFF, 0xBF, 0xE0, 0x00, 0x00, 0x3F, 0xFF, 0xF4, 0x00, 0x00, 0x0F, 0xFF, 0xFE, 0x00,
    0x00, 0x07, 0xFF, 0xFF, 0xC0, 0x00, 0x02, 0xFF, 0x0F, 0xF4, 0x00, 0x00, 0xFF, 0x43, 0xFF, 0x00,
    0x00, 0x3F, 0xD0, 0xBF, 0xC0, 0x00, 0x1F, 0xF0, 0x0F, 0xF8, 0x00, 0x07, 0xFC, 0x03, 0xFF, 0x00,
    0x02, 0xFE, 0x00, 0x7F, 0xD0, 0x00, 0xFF, 0x40, 0x0F, 0xF8, 0x00, 0x3F, 0xC0, 0x02, 0xFF, 0x00,
    0x00, 0x00, 0x00, 0x00, 0x00, 0x00, 0x00, 0x00, 0x00, 0x00, 0x00, 0x00, 0x7F, 0xC0, 0x00, 0x00,
    0x00, 0x2F, 0xC0, 0x00, 0x00, 0x00, 0x0F, 0xD0, 0x00, 0x00, 0x00, 0x0B, 0xE0, 0x00, 0x00, 0x00,
    0x01, 0x50, 0x00, 0x00, 0x00, 0x00, 0x00, 0x00, 0x00, 0x00, 0x03, 0xFD, 0x00, 0x00, 0x00, 0x3F,
    0xC0, 0x00, 0x00, 0x07, 0xFC, 0x00, 0x00, 0x00, 0xBF, 0x80, 0x00, 0x00, 0x0F, 0xF8, 0x00, 0x00,
    0x00, 0xFF, 0x40, 0x00, 0x00, 0x0F, 0xF0, 0x07, 0xFE, 0x01, 0xFF, 0x01, 0xFF, 0x80, 0x2F, 0xE0,
    0x7F, 0xE0, 0x03, 0xFD, 0x0F, 0xF8, 0x00, 0x3F, 0xC3, 0xFE, 0x00, 0x07, 0xFC, 0xFF, 0x80, 0x00,
    0x7F, 0xFF, 0xE0, 0x00, 0x0B, 0xFF, 0xFC, 0x00, 0x00, 0xFF, 0xFF, 0xD0, 0x00, 0x0F, 0xFF, 0xFF,
    0x00, 0x01, 0xFF, 0x9F, 0xF4, 0x00, 0x2F, 0xF0, 0xFF, 0xC0, 0x02, 0xFE, 0x07, 0xFD, 0x00, 0x3F,
    0xD0, 0x3F, 0xF0, 0x03, 0xFC, 0x01, 0xFF, 0x40, 0x7F, 0xC0, 0x0F, 0xF8, 0x00, 0x00, 0x00, 0x00,
    0x00, 0x00, 0x00, 0x00, 0x00, 0x00, 0x03, 0xFC, 0x00, 0x00, 0x00, 0x7F, 0x40, 0x00, 0x00, 0x0F,
    0xE0, 0x00, 0x00, 0x01, 0xFC, 0x00, 0x00, 0x00, 0x15, 0x00, 0x00, 0x00, 0x00, 0xFF, 0x00, 0x7F,
    0xE0, 0x1F, 0xF0, 0x1F, 0xF8, 0x02, 0xFE, 0x03, 0xFE, 0x00, 0x3F, 0xD0, 0xFF, 0x80, 0x03, 0xFC,
    0x3F, 0xE0, 0x00, 0x3F, 0xCF, 0xF8, 0x00, 0x07, 0xFB, 0xFE, 0x00, 0x00, 0xBF, 0xFF, 0xC0, 0x00,
    0x0F, 0xFF, 0xFD, 0x00, 0x00, 0xFF, 0xFF, 0xF0, 0x00, 0x1F, 0xF9, 0xFF, 0x40, 0x02, 0xFF, 0x0F,
    0xFC, 0x00, 0x2F, 0xE0, 0x7F, 0xD0, 0x03, 0xFD, 0x03, 0xFF, 0x00, 0x3F, 0xC0, 0x1F, 0xF4, 0x07,
    0xFC, 0x00, 0xFF, 0x80, 0x00, 0x00, 0x15, 0x50, 0x00, 0x00, 0xFF, 0x80, 0x00, 0x0F, 0xF8, 0x00,
    0x00, 0xBF, 0x40, 0x00, 0x07, 0xF4, 0x00, 0x00, 0x15, 0x00, 0x00, 0x00, 0x00, 0x00, 0x00, 0x0F,
    0xF4, 0x00, 0x00, 0x3F, 0xC0, 0x00, 0x01, 0xFF, 0x00, 0x00, 0x0B, 0xFC, 0x00, 0x00, 0x3F, 0xE0,
    0x00, 0x00, 0xFF, 0x40, 0x00, 0x03, 0xFC, 0x00, 0x00, 0x1F, 0xF0, 0x00, 0x00, 0xBF, 0x80, 0x00,
    0x03, 0xFE, 0x00, 0x00, 0x0F, 0xF4, 0x00, 0x00, 0x3F, 0xC0, 0x00, 0x01, 0xFF, 0x00, 0x00, 0x0B,
    0xF8, 0x00, 0x00, 0x3F, 0xD0, 0x00, 0x00, 0xFF, 0x40, 0x00, 0x07, 0xFC, 0x00, 0x00, 0x1F, 0xFA,
    0xAA, 0x80, 0xBF, 0xFF, 0xFF, 0x03, 0xFF, 0xFF, 0xF8, 0x0F, 0xFF, 0xFF, 0xD0, 0x00, 0x00, 0x15,
    0x40, 0x00, 0x0F, 0xF8, 0x00, 0x02, 0xFE, 0x00, 0x00, 0x7F, 0x80, 0x00, 0x0F, 0xD0, 0x00, 0x00,
    0x50, 0x00, 0x00, 0x00, 0x00, 0x00, 0x03, 0xFD, 0x00, 0x00, 0x3F, 0xC0, 0x00, 0x07, 0xFC, 0x00,
    0x00, 0xBF, 0xC0, 0x00, 0x0F, 0xF8, 0x00, 0x00, 0xFF, 0x40, 0x00, 0x0F, 0xF0, 0x00, 0x01, 0xFF,
    0x00, 0x00, 0x2F, 0xE0, 0x00, 0x03, 0xFE, 0x00, 0x00, 0x3F, 0xD0, 0x00, 0x07, 0xFC, 0x00, 0x00,
    0x7F, 0xC0, 0x00, 0x0B, 0xF8, 0x00, 0x00, 0xFF, 0x40, 0x00, 0x0F, 0xF4, 0x00, 0x01, 0xFF, 0x00,
    0x00, 0x2F, 0xF0, 0x00, 0x03, 0xFE, 0x00, 0x00, 0x3F, 0xD0, 0x00, 0x03, 0xFC, 0x00, 0x00, 0x7F,
    0xC0, 0x00, 0x00, 0x00, 0x3F, 0xD0, 0x00, 0x03, 0xFC, 0x00, 0x00, 0x7F, 0xC0, 0x00, 0x0B, 0xFC,
    0x00, 0x00, 0xFF, 0x80, 0x00, 0x0F, 0xF4, 0x00, 0x00, 0xFF, 0x00, 0x00, 0x1F, 0xF0, 0x00, 0x02,
    0xFE, 0x00, 0x00, 0x3F, 0xE0, 0x00, 0x03, 0xFD, 0x00, 0x00, 0x3F, 0xC0, 0x00, 0x07, 0xFC, 0x00,
    0x00, 0xBF, 0x80, 0x00, 0x0F, 0xF4, 0x00, 0x00, 0xFF, 0x40, 0x00, 0x1F, 0xF0, 0x00, 0x01, 0xFF,
    0xAA, 0xA8, 0x2F, 0xFF, 0xFF, 0xC3, 0xFF, 0xFF, 0xF8, 0x3F, 0xFF, 0xFF, 0x40, 0x00, 0x00, 0x00,
    0x00, 0x00, 0x00, 0x00, 0x0B, 0xF4, 0x00, 0x00, 0xFF, 0x00, 0x00, 0x1F, 0xC0, 0x00, 0x03, 0xF4,
    0x00, 0x00, 0x15, 0x00, 0x00, 0x00, 0x00, 0x00, 0x00, 0x03, 0xFD, 0x00, 0x03, 0xFC, 0x00, 0x07,
    0xFC, 0x00, 0x0B, 0xFC, 0x00, 0x0F, 0xF8, 0x00, 0x0F, 0xF4, 0x00, 0x0F, 0xF0, 0x00, 0x1F, 0xF0,
    0x00, 0x2F, 0xE0, 0x00, 0x3F, 0xE0, 0x00, 0x3F, 0xD0, 0x00, 0x7F, 0xC0, 0x00, 0x7F, 0xC0, 0x00,
    0xBF, 0x80, 0x00, 0xFF, 0x40, 0x00, 0xFF, 0x40, 0x01, 0xFF, 0x00, 0x02, 0xFF, 0x00, 0x03, 0xFE,
    0x00, 0x03, 0xFD, 0x00, 0x03, 0xFC, 0x00, 0x07, 0xFC, 0x00, 0x00, 0x00, 0x00, 0x00, 0x00, 0x00,
    0x0B, 0xF4, 0x00, 0x0F, 0xF0, 0x00, 0x1F, 0xC0, 0x00, 0x3F, 0x40, 0x00, 0x15, 0x00, 0x00, 0x00,
    0x3F, 0xD0, 0x7F, 0x40, 0x0F, 0xF0, 0x3F, 0xC0, 0x07, 0xFC, 0x0F, 0xD0, 0x02, 0xFF, 0x0B, 0xE0,
    0x00, 0xFF, 0x83, 0xE0, 0x00, 0x3F, 0xD0, 0x00, 0x00, 0x0F, 0xF0, 0x00, 0x00, 0x07, 0xFC, 0x00,
    0x00, 0x02, 0xFE, 0x00, 0x00, 0x00, 0xFF, 0x80, 0x00, 0x00, 0x3F, 0xD0, 0x00, 0x00, 0x0F, 0xF0,
    0x00, 0x00, 0x07, 0xFC, 0x00, 0x00, 0x02, 0xFE, 0x00, 0x00, 0x00, 0xFF, 0x40, 0x00, 0x00, 0x3F,
    0xD0, 0x00, 0x00, 0x1F, 0xF0, 0x00, 0x00, 0x07, 0xFE, 0xAA, 0xA0, 0x02, 0xFF, 0xFF, 0xFC, 0x00,
    0xFF, 0xFF, 0xFE, 0x00, 0x3F, 0xFF, 0xFF, 0x40, 0x00, 0x00, 0x00, 0x00, 0x00, 0x00, 0x3F, 0xD2,
    0xFD, 0x00, 0x3F, 0xC3, 0xF8, 0x00, 0x7F, 0xCB, 0xF0, 0x00, 0xBF, 0xCF, 0xC0, 0x00, 0xFF, 0x8A,
    0x40, 0x00, 0xFF, 0x40, 0x00, 0x00, 0xFF, 0x00, 0x00, 0x01, 0xFF, 0x00, 0x00, 0x02, 0xFE, 0x00,
    0x00, 0x03, 0xFE, 0x00, 0x00, 0x03, 0xFD, 0x00, 0x00, 0x07, 0xFC, 0x00, 0x00, 0x07, 0xFC, 0x00,
    0x00, 0x0B, 0xF8, 0x00, 0x00, 0x0F, 0xF4, 0x00, 0x00, 0x0F, 0xF4, 0x00, 0x00, 0x1F, 0xF0, 0x00,
    0x00, 0x2F, 0xF0, 0x00, 0x00, 0x3F, 0xE0, 0x00, 0x00, 0x3F, 0xD0, 0x00, 0x00, 0x3F, 0xC0, 0x00,
    0x00, 0x7F, 0xC0, 0x00, 0x00, 0x00, 0x3F, 0xD0, 0x00, 0x00, 0xFF, 0x00, 0x00, 0x07, 0xFC, 0x00,
    0x00, 0x2F, 0xF0, 0x00, 0x00, 0xFF, 0x80, 0x00, 0x03, 0xFD, 0x00, 0x00, 0x0F, 0xF0, 0x00, 0x00,
    0x7F, 0xC0, 0x00, 0x02, 0xFE, 0x07, 0xF4, 0x0F, 0xF8, 0x3F, 0xE0, 0x3F, 0xD0, 0xFF, 0x80, 0xFF,
    0x02, 0xFC, 0x07, 0xFC, 0x00, 0x00, 0x2F, 0xE0, 0x00, 0x00, 0xFF, 0x40, 0x00, 0x03, 0xFD, 0x00,
    0x00, 0x1F, 0xF0, 0x00, 0x00, 0x7F, 0xEA, 0xAA, 0x02, 0xFF, 0xFF, 0xFC, 0x0F, 0xFF, 0xFF, 0xE0,
    0x3F, 0xFF, 0xFF, 0x40, 0x00, 0x00, 0x00, 0x00, 0x03, 0xFD, 0x00, 0x00, 0x3F, 0xC0, 0x00, 0x07,
    0xFC, 0x00, 0x00, 0xBF, 0xC0, 0x00, 0x0F, 0xF8, 0x00, 0x00, 0xFF, 0x40, 0x00, 0x0F, 0xF0, 0x00,
    0x01, 0xFF, 0x00, 0x00, 0x2F, 0xE0, 0x00, 0x03, 0xFE, 0x00, 0x00, 0x3F, 0xD1, 0xFD, 0x07, 0xFC,
    0x3F, 0xE0, 0x7F, 0xC3, 0xFE, 0x0B, 0xF8, 0x2F, 0xC0, 0xFF, 0x40, 0x00, 0x0F, 0xF4, 0x00, 0x01,
    0xFF, 0x00, 0x00, 0x2F, 0xF0, 0x00, 0x03, 0xFE, 0x00, 0x00, 0x3F, 0xD0, 0x00, 0x03, 0xFC, 0x00,
    0x00, 0x7F, 0xC0, 0x00, 0x00, 0x00, 0x0B, 0xF4, 0x00, 0x00, 0x3F, 0xC0, 0x00, 0x01, 0xFF, 0x00,
    0x00, 0x0B, 0xFC, 0x00, 0x00, 0x2F, 0xE0, 0x00, 0x00, 0xFF, 0x40, 0x00, 0x03, 0xFC, 0x40, 0x00,
    0x1F, 0xFF, 0x80, 0x00, 0xBF, 0xFF, 0x00, 0x03, 0xFF, 0xF8, 0x00, 0x2F, 0xFF, 0x00, 0x0B, 0xFF,
    0xD0, 0x00, 0x2F, 0xFF, 0x00, 0x00, 0x3F, 0xF8, 0x00, 0x00, 0x7F, 0xD0, 0x00, 0x00, 0xFF, 0x40,
    0x00, 0x07, 0xFC, 0x00, 0x00, 0x1F, 0xFA, 0xAA, 0x80, 0xBF, 0xFF, 0xFF, 0x03, 0xFF, 0xFF, 0xF8,
    0x0F, 0xFF, 0xFF, 0xD0, 0x00, 0x00, 0x00, 0x00, 0xBF, 0x80, 0x03, 0xFD, 0x00, 0x0F, 0xF4, 0x00,
    0x3F, 0xC0, 0x01, 0xFF, 0x00, 0x0B, 0xF8, 0x00, 0x3F, 0xD0, 0x00, 0xFF, 0x00, 0x03, 0xFE, 0x00,
    0x1F, 0xFE, 0x00, 0xBF, 0xFC, 0x07, 0xFF, 0xE1, 0xFF, 0xF8, 0x0B, 0xFF, 0xC0, 0x0F, 0xFE, 0x00,
    0x2F, 0xF8, 0x00, 0x3F, 0xD0, 0x00, 0xFF, 0x00, 0x07, 0xFC, 0x00, 0x2F, 0xE0, 0x00, 0xFF, 0x40,
    0x03, 0xFD, 0x00, 0x00, 0x00, 0x00, 0x00, 0x01, 0x55, 0x00, 0x00, 0x00, 0x00, 0x1F, 0xF4, 0x00,
    0x00, 0x00, 0x00, 0xFF, 0x40, 0x00, 0x00, 0x00, 0x0F, 0xF0, 0x00, 0x00, 0x00, 0x00, 0xBF, 0x00,
    0x00, 0x00, 0x00, 0x01, 0x50, 0x00, 0x00, 0x00, 0x00, 0x00, 0x00, 0x00, 0x00, 0x0F, 0xFD, 0x00,
    0x02, 0xFC, 0x00, 0x3F, 0xF8, 0x00, 0x0F, 0xF0, 0x01, 0xFF, 0xF0, 0x00, 0x3F, 0xC0, 0x0B, 0xFF,
    0xD0, 0x01, 0xFE, 0x00, 0x3F, 0xFF, 0x80, 0x0B, 0xF4, 0x00, 0xFF, 0xFF, 0x00, 0x3F, 0xC0, 0x03,
    0xFB, 0xFD, 0x00, 0xFF, 0x00, 0x1F, 0xDB, 0xF8, 0x07, 0xF8, 0x00, 0xBF, 0x4F, 0xF0, 0x2F, 0xE0,
    0x03, 0xFC, 0x3F, 0xC0, 0xBF, 0x40, 0x0F, 0xF0, 0xBF, 0x83, 0xFC, 0x00, 0x7F, 0x80, 0xFF, 0x0F,
    0xF0, 0x01, 0xFE, 0x03, 0xFC, 0x7F, 0x80, 0x0B, 0xF4, 0x0B, 0xF9, 0xFD, 0x00, 0x3F, 0xC0, 0x1F,
    0xFB, 0xF0, 0x00, 0xFF, 0x00, 0x3F, 0xFF, 0xC0, 0x07, 0xF8, 0x00, 0xBF, 0xFF, 0x00, 0x2F, 0xD0,
    0x01, 0xFF, 0xF8, 0x00, 0xBF, 0x00, 0x03, 0xFF, 0xD0, 0x03, 0xFC, 0x00, 0x0B, 0xFF, 0x00, 0x0F,
    0xF0, 0x00, 0x1F, 0xFC, 0x00, 0x00, 0x00, 0x00, 0x55, 0x00, 0x00, 0x00, 0xBF, 0xC0, 0x00, 0x00,
    0x7F, 0xC0, 0x00, 0x00, 0x3F, 0xC0, 0x00, 0x00, 0x3F, 0x80, 0x00, 0x00, 0x05, 0x40, 0x00, 0x00,
    0x00, 0x00, 0x00, 0x03, 0xF0, 0xBF, 0xD0, 0x01, 0xFC, 0xBF, 0xFD, 0x00, 0xBF, 0xBF, 0xFF, 0xC0,
    0x3F, 0xFD, 0x7F, 0xF0, 0x0F, 0xFC, 0x07, 0xFC, 0x03, 0xFE, 0x00, 0xFF, 0x01, 0xFF, 0x00, 0x7F,
    0xC0, 0xBF, 0x80, 0x2F, 0xE0, 0x3F, 0xD0, 0x0F, 0xF4, 0x0F, 0xF0, 0x03, 0xFD, 0x07, 0xFC, 0x00,
    0xFF, 0x02, 0xFF, 0x00, 0x7F, 0xC0, 0xBF, 0x80, 0x2F, 0xE0, 0x3F, 0xD0, 0x0F, 0xF4, 0x0F, 0xF0,
    0x03, 0xFC, 0x07, 0xFC, 0x01, 0xFF, 0x00, 0x00, 0x3F, 0xF4, 0x00, 0x0B, 0xF0, 0x00, 0xFF, 0xE0,
    0x00, 0x3F, 0xC0, 0x07, 0xFF, 0xC0, 0x00, 0xFF, 0x00, 0x2F, 0xFF, 0x40, 0x07, 0xF8, 0x00, 0xFF,
    0xFE, 0x00, 0x2F, 0xD0, 0x03, 0xFF, 0xFC, 0x00, 0xFF, 0x00, 0x0F, 0xEF, 0xF4, 0x03, 0xFC, 0x00,
    0x7F, 0x6F, 0xE0, 0x1F, 0xE0, 0x02, 0xFD, 0x3F, 0xC0, 0xBF, 0x80, 0x0F, 0xF0, 0xFF, 0x02, 0xFD,
    0x00, 0x3F, 0xC2, 0xFE, 0x0F, 0xF0, 0x01, 0xFE, 0x03, 0xFC, 0x3F, 0xC0, 0x07, 0xF8, 0x0F, 0xF1,
    0xFE, 0x00, 0x2F, 0xD0, 0x2F, 0xE7, 0xF4, 0x00, 0xFF, 0x00, 0x7F, 0xEF, 0xC0, 0x03, 0xFC, 0x00,
    0xFF, 0xFF, 0x00, 0x1F, 0xE0, 0x02, 0xFF, 0xFC, 0x00, 0xBF, 0x40, 0x07, 0xFF, 0xE0, 0x02, 0xFC,
    0x00, 0x0F, 0xFF, 0x40, 0x0F, 0xF0, 0x00, 0x2F, 0xFC, 0x00, 0x3F, 0xC0, 0x00, 0x7F, 0xF0, 0x00,
    0x00, 0x00, 0x00, 0x00, 0x00, 0x00, 0x00, 0x00, 0x00, 0x00, 0x00, 0x00, 0x00, 0xFF, 0x00, 0x00,
    0x00, 0x00, 0x07, 0xF4, 0x00, 0x00, 0x00, 0x00, 0x3F, 0x80, 0x00, 0x00, 0x00, 0x01, 0xFC, 0x00,
    0x00, 0x00, 0x00, 0x01, 0x40, 0x00, 0x00, 0x00, 0x00, 0x00, 0x00, 0x00, 0x00, 0x3F, 0x0B, 0xFD,
    0x00, 0x1F, 0xCB, 0xFF, 0xD0, 0x0B, 0xFB, 0xFF, 0xFC, 0x03, 0xFF, 0xD7, 0xFF, 0x00, 0xFF, 0xC0,
    0x7F, 0xC0, 0x3F, 0xE0, 0x0F, 0xF0, 0x1F, 0xF0, 0x07, 0xFC, 0x0B, 0xF8, 0x02, 0xFE, 0x03, 0xFD,
    0x00, 0xFF, 0x40, 0xFF, 0x00, 0x3F, 0xD0, 0x7F, 0xC0, 0x0F, 0xF0, 0x2F, 0xF0, 0x07, 0xFC, 0x0B,
    0xF8, 0x02, 0xFE, 0x03, 0xFD, 0x00, 0xFF, 0x40, 0xFF, 0x00, 0x3F, 0xC0, 0x7F, 0xC0, 0x1F, 0xF0,
    0x00, 0x00, 0x00, 0x00, 0x00, 0x00, 0x00, 0x00, 0x00, 0x00, 0xFF, 0x00, 0x00, 0x00, 0x7F, 0x40,
    0x00, 0x00, 0x3F, 0x80, 0x00, 0x00, 0x1F, 0xC0, 0x00, 0x00, 0x05, 0x40, 0x00, 0x00, 0x00, 0x00,
    0x05, 0x00, 0x05, 0x40, 0x00, 0x00, 0x7F, 0x01, 0xFD, 0x00, 0x00, 0x00, 0xBF, 0x2F, 0xD0, 0x00,
    0x00, 0x00, 0xFF, 0xFD, 0x00, 0x00, 0x00, 0x02, 0xFF, 0xD0, 0x00, 0x00, 0x00, 0x01, 0x55, 0x00,
    0x00, 0x00, 0x00, 0x00, 0x00, 0x00, 0x00, 0x0F, 0xFD, 0x00, 0x02, 0xFC, 0x00, 0x3F, 0xF8, 0x00,
    0x0F, 0xF0, 0x01, 0xFF, 0xF0, 0x00, 0x3F, 0xC0, 0x0B, 0xFF, 0xD0, 0x01, 0xFE, 0x00, 0x3F, 0xFF,
    0x80, 0x0B, 0xF4, 0x00, 0xFF, 0xFF, 0x00, 0x3F, 0xC0, 0x03, 0xFB, 0xFD, 0x00, 0xFF, 0x00, 0x1F,
    0xDB, 0xF8, 0x07, 0xF8, 0x00, 0xBF, 0x4F, 0xF0, 0x2F, 0xE0, 0x03, 0xFC, 0x3F, 0xC0, 0xBF, 0x40,
    0x0F, 0xF0, 0xBF, 0x83, 0xFC, 0x00, 0x7F, 0x80, 0xFF, 0x0F, 0xF0, 0x01, 0xFE, 0x03, 0xFC, 0x7F,
    0x80, 0x0B, 0xF4, 0x0B, 0xF9, 0xFD, 0x00, 0x3F, 0xC0, 0x1F, 0xFB, 0xF0, 0x00, 0xFF, 0x00, 0x3F,
    0xFF, 0xC0, 0x07, 0xF8, 0x00, 0xBF, 0xFF, 0x00, 0x2F, 0xD0, 0x01, 0xFF, 0xF8, 0x00, 0xBF, 0x00,
    0x03, 0xFF, 0xD0, 0x03, 0xFC, 0x00, 0x0B, 0xFF, 0x00, 0x0F, 0xF0, 0x00, 0x1F, 0xFC, 0x00, 0x00,
    0x05, 0x40, 0x01, 0x40, 0x00, 0xBF, 0x02, 0xFC, 0x00, 0x03, 0xF8, 0xFF, 0x00, 0x00, 0x1F, 0xFF,
    0xC0, 0x00, 0x00, 0xFF, 0xF0, 0x00, 0x00, 0x01, 0x54, 0x00, 0x00, 0x00, 0x00, 0x00, 0x00, 0x0F,
    0xC2, 0xFF, 0x40, 0x01, 0xFC, 0xBF, 0xFD, 0x00, 0x2F, 0xEF, 0xFF, 0xF0, 0x03, 0xFF, 0xD7, 0xFF,
    0x00, 0x3F, 0xF0, 0x1F, 0xF0, 0x03, 0xFE, 0x00, 0xFF, 0x00, 0x7F, 0xC0, 0x1F, 0xF0, 0x0B, 0xF8,
    0x02, 0xFE, 0x00, 0xFF, 0x40, 0x3F, 0xD0, 0x0F, 0xF0, 0x03, 0xFD, 0x01, 0xFF, 0x00, 0x3F, 0xC0,
    0x2F, 0xF0, 0x07, 0xFC, 0x02, 0xFE, 0x00, 0xBF, 0x80, 0x3F, 0xD0, 0x0F, 0xF4, 0x03, 0xFC, 0x00,
    0xFF, 0x00, 0x7F, 0xC0, 0x1F, 0xF0, 0x00, 0x02, 0xFE, 0x00, 0x00, 0x00, 0x03, 0xFC, 0x00, 0x00,
    0x00, 0x07, 0xF8, 0x00, 0x00, 0x00, 0x0B, 0xF0, 0x00, 0x00, 0x00, 0x0F, 0xE0, 0x00, 0x00, 0x00,
    0x2F, 0xC3, 0xF0, 0xBF, 0xD0, 0x3F, 0x47, 0xF3, 0xFF, 0xF4, 0x15, 0x0B, 0xFB, 0xFF, 0xFC, 0x00,
    0x0F, 0xFF, 0x5F, 0xFC, 0x00, 0x0F, 0xFC, 0x07, 0xFC, 0x00, 0x1F, 0xF8, 0x07, 0xFC, 0x00, 0x1F,
    0xF0, 0x07, 0xFC, 0x00, 0x2F, 0xE0, 0x0B, 0xF8, 0x00, 0x3F, 0xD0, 0x0F, 0xF4, 0x00, 0x3F, 0xC0,
    0x0F, 0xF0, 0x00, 0x7F, 0xC0, 0x1F, 0xF0, 0x00, 0xBF, 0x80, 0x1F, 0xF0, 0x00, 0xFF, 0x80, 0x2F,
    0xE0, 0x00, 0xFF, 0x40, 0x3F, 0xD0, 0x00, 0xFF, 0x00, 0x3F, 0xC0, 0x01, 0xFF, 0x00, 0x7F, 0xC0,
    0x00, 0x3F, 0xF0, 0x00, 0x0B, 0xF0, 0x00, 0xFF, 0xD0, 0x00, 0x3F, 0xC0, 0x07, 0xFF, 0xC0, 0x01,
    0xFE, 0x00, 0x2F, 0xFF, 0x00, 0x07, 0xF4, 0x00, 0xFF, 0xFE, 0x00, 0x2F, 0xD0, 0x03, 0xFF, 0xFC,
    0x00, 0xFF, 0x00, 0x0F, 0xEB, 0xF4, 0x03, 0xFC, 0x00, 0x7F, 0x5F, 0xE0, 0x1F, 0xE0, 0x02, 0xFC,
    0x3F, 0xC0, 0xBF, 0x40, 0x0F, 0xF0, 0xBF, 0x43, 0xFC, 0x00, 0x3F, 0xC0, 0xFF, 0x0F, 0xF0, 0x00,
    0xFE, 0x03, 0xFC, 0x3F, 0xC0, 0x07, 0xF4, 0x07, 0xF9, 0xFE, 0x00, 0x2F, 0xD0, 0x0F, 0xFB, 0xF4,
    0x00, 0xFF, 0x00, 0x2F, 0xFF, 0xC0, 0x03, 0xFC, 0x00, 0x7F, 0xFF, 0x00, 0x1F, 0xE0, 0x00, 0xFF,
    0xF8, 0x00, 0x7F, 0x40, 0x02, 0xFF, 0xE0, 0x02, 0xFC, 0x00, 0x03, 0xFF, 0x40, 0x0F, 0xF0, 0x00,
    0x0F, 0xFC, 0x00, 0x3F, 0xC0, 0x00, 0x1F, 0xF0, 0x00, 0x00, 0x00, 0x00, 0x7F, 0x80, 0x00, 0x00,
    0x00, 0x03, 0xFD, 0x00, 0x00, 0x00, 0x15, 0xBF, 0xF0, 0x00, 0x00, 0x01, 0xFF, 0xFF, 0x40, 0x00,
    0x00, 0x07, 0xFF, 0xF4, 0x00, 0x00, 0x00, 0x1F, 0xFE, 0x00, 0x00, 0x00, 0x00, 0x00, 0x00, 0x00,
    0x00, 0x00, 0x00, 0x00, 0x00, 0x00, 0x3F, 0x0B, 0xFD, 0x00, 0x1F, 0xCF, 0xFF, 0xD0, 0x0B, 0xFB,
    0xFF, 0xFC, 0x03, 0xFF, 0xD7, 0xFF, 0x00, 0xFF, 0xC0, 0x7F, 0xC0, 0x3F, 0xE0, 0x0F, 0xF0, 0x1F,
    0xF0, 0x07, 0xFC, 0x0B, 0xF8, 0x02, 0xFE, 0x03, 0xFD, 0x00, 0xFF, 0x40, 0xFF, 0x00, 0x3F, 0xD0,
    0x7F, 0xC0, 0x0F, 0xF0, 0x2F, 0xF0, 0x07, 0xFC, 0x0B, 0xF8, 0x02, 0xFE, 0x03, 0xFD, 0x00, 0xFF,
    0x40, 0xFF, 0x00, 0x3F, 0xC0, 0x7F, 0xC0, 0x1F, 0xF0, 0x00, 0x00, 0x07, 0xFC, 0x00, 0x00, 0x02,
    0xFE, 0x00, 0x00, 0x00, 0xFF, 0x40, 0x00, 0x1A, 0xFF, 0xC0, 0x00, 0x0B, 0xFF, 0xD0, 0x00, 0x02,
    0xFF, 0xE0, 0x00, 0x00, 0xBF, 0xD0, 0x00, 0x00, 0x00, 0x2A, 0xAA, 0x80, 0x00, 0x00, 0xBF, 0xFF,
    0xD0, 0x00, 0x00, 0xFF, 0xFF, 0xC0, 0x00, 0x00, 0x55, 0x55, 0x40, 0x00, 0x00, 0x00, 0x00, 0x00,
    0x00, 0x01, 0xBF, 0xFD, 0x00, 0x00, 0x0F, 0xFF, 0xFF, 0xC0, 0x00, 0x3F, 0xFF, 0xFF, 0xF0, 0x00,
    0xFF, 0xFA, 0xBF, 0xF4, 0x03, 0xFF, 0x80, 0x1F, 0xFC, 0x07, 0xFE, 0x00, 0x0B, 0xFC, 0x0F, 0xFC,
    0x00, 0x07, 0xFD, 0x1F, 0xF4, 0x00, 0x03, 0xFD, 0x2F, 0xF0, 0x00, 0x03, 0xFD, 0x3F, 0xE0, 0x00,
    0x03, 0xFD, 0x3F, 0xD0, 0x00, 0x07, 0xFC, 0x3F, 0xD0, 0x00, 0x0B, 0xFC, 0x7F, 0xD0, 0x00, 0x0F,
    0xFC, 0x7F, 0xD0, 0x00, 0x0F, 0xF8, 0x3F, 0xD0, 0x00, 0x2F, 0xF0, 0x3F, 0xE0, 0x00, 0x7F, 0xE0,
    0x3F, 0xF4, 0x01, 0xFF, 0xC0, 0x1F, 0xFE, 0x5B, 0xFF, 0x40, 0x0F, 0xFF, 0xFF, 0xFE, 0x00, 0x03,
    0xFF, 0xFF, 0xF4, 0x00, 0x00, 0x7F, 0xFF, 0x80, 0x00, 0x00, 0x00, 0x50, 0x00, 0x00, 0x00, 0x1A,
    0xAA, 0xA0, 0x00, 0xFF, 0xFF, 0xC0, 0x03, 0xFF, 0xFF, 0x00, 0x05, 0x55, 0x50, 0x00, 0x00, 0x00,
    0x00, 0x00, 0xBF, 0xF8, 0x00, 0x1F, 0xFF, 0xFC, 0x01, 0xFF, 0xFF, 0xFC, 0x0F, 0xFD, 0x6F, 0xF4,
    0xBF, 0xD0, 0x3F, 0xE3, 0xFE, 0x00, 0xBF, 0xDF, 0xF0, 0x02, 0xFF, 0x7F, 0xC0, 0x0B, 0xFA, 0xFE,
    0x00, 0x3F, 0xEB, 0xF8, 0x00, 0xFF, 0x6F, 0xE0, 0x07, 0xFC, 0xBF, 0xC0, 0x3F, 0xE1, 0xFF, 0x87,
    0xFF, 0x03, 0xFF, 0xFF, 0xF8, 0x03, 0xFF, 0xFF, 0x80, 0x02, 0xFF, 0xE4, 0x00, 0x00, 0x10, 0x00,
    0x00, 0x00, 0x00, 0x54, 0x00, 0x50, 0x00, 0x00, 0xFC, 0x02, 0xF0, 0x00, 0x00, 0xFF, 0xAF, 0xE0,
    0x00, 0x00, 0x7F, 0xFF, 0xC0, 0x00, 0x00, 0x1F, 0xFE, 0x00, 0x00, 0x00, 0x00, 0x50, 0x00, 0x00,
    0x00, 0x00, 0x00, 0x00, 0x00, 0x01, 0xBF, 0xFD, 0x00, 0x00, 0x0F, 0xFF, 0xFF, 0xC0, 0x00, 0x3F,
    0xFF, 0xFF, 0xF0, 0x00, 0xFF, 0xFA, 0xBF, 0xF4, 0x03, 0xFF, 0x80, 0x1F, 0xFC, 0x07, 0xFE, 0x00,
    0x0B, 0xFC, 0x0F, 0xFC, 0x00, 0x07, 0xFD, 0x1F, 0xF4, 0x00, 0x03, 0xFD, 0x2F, 0xF0, 0x00, 0x03,
    0xFD, 0x3F, 0xE0, 0x00, 0x03, 0xFD, 0x3F, 0xD0, 0x00, 0x07, 0xFC, 0x3F, 0xD0, 0x00, 0x0B, 0xFC,
    0x7F, 0xD0, 0x00, 0x0F, 0xFC, 0x7F, 0xD0, 0x00, 0x0F, 0xF8, 0x3F, 0xD0, 0x00, 0x2F, 0xF0, 0x3F,
    0xE0, 0x00, 0x7F, 0xE0, 0x3F, 0xF4, 0x01, 0xFF, 0xC0, 0x1F, 0xFE, 0x5B, 0xFF, 0x40, 0x0F, 0xFF,
    0xFF, 0xFE, 0x00, 0x03, 0xFF, 0xFF, 0xF4, 0x00, 0x00, 0x7F, 0xFF, 0x80, 0x00, 0x00, 0x00, 0x50,
    0x00, 0x00, 0x00, 0x14, 0x00, 0x14, 0x00, 0x3E, 0x00, 0xFC, 0x00, 0x3F, 0xEB, 0xF4, 0x00, 0x2F,
    0xFF, 0xF0, 0x00, 0x0B, 0xFF, 0x80, 0x00, 0x00, 0x50, 0x00, 0x00, 0x00, 0x00, 0x00, 0x00, 0x2F,
    0xFE, 0x00, 0x01, 0xFF, 0xFF, 0xC0, 0x07, 0xFF, 0xFF, 0xF0, 0x0F, 0xFD, 0x6F, 0xF4, 0x2F, 0xF4,
    0x0F, 0xF8, 0x3F, 0xE0, 0x0B, 0xFC, 0x7F, 0xC0, 0x0B, 0xFC, 0x7F, 0xC0, 0x0B, 0xF8, 0xBF, 0x80,
    0x0F, 0xF8, 0xBF, 0x80, 0x0F, 0xF4, 0xBF, 0x80, 0x1F, 0xF0, 0xBF, 0xC0, 0x3F, 0xE0, 0x7F, 0xE1,
    0xFF, 0xC0, 0x3F, 0xFF, 0xFF, 0x80, 0x0F, 0xFF, 0xFE, 0x00, 0x02, 0xFF, 0xE4, 0x00, 0x00, 0x04,
    0x00, 0x00, 0x00, 0x00, 0x00, 0x54, 0x15, 0x40, 0x00, 0x00, 0x3F, 0xD3, 0xFC, 0x00, 0x00, 0x0F,
    0xF4, 0xFF, 0x00, 0x00, 0x02, 0xFC, 0x2F, 0xC0, 0x00, 0x00, 0x7E, 0x07, 0xE0, 0x00, 0x00, 0x01,
    0x40, 0x14, 0x00, 0x00, 0x00, 0x00, 0x00, 0x00, 0x00, 0x00, 0x1B, 0xFF, 0xD0, 0x00, 0x00, 0x0F,
    0xFF, 0xFF, 0xC0, 0x00, 0x03, 0xFF, 0xFF, 0xFF, 0x00, 0x00, 0xFF, 0xFA, 0xBF, 0xF4, 0x00, 0x3F,
    0xF8, 0x01, 0xFF, 0xC0, 0x07, 0xFE, 0x00, 0x0B, 0xFC, 0x00, 0xFF, 0xC0, 0x00, 0x7F, 0xD0, 0x1F,
    0xF4, 0x00, 0x03, 0xFD, 0x02, 0xFF, 0x00, 0x00, 0x3F, 0xD0, 0x3F, 0xE0, 0x00, 0x03, 0xFD, 0x03,
    0xFD, 0x00, 0x00, 0x7F, 0xC0, 0x3F, 0xD0, 0x00, 0x0B, 0xFC, 0x07, 0xFD, 0x00, 0x00, 0xFF, 0xC0,
    0x7F, 0xD0, 0x00, 0x0F, 0xF8, 0x03, 0xFD, 0x00, 0x02, 0xFF, 0x00, 0x3F, 0xE0, 0x00, 0x7F, 0xE0,
    0x03, 0xFF, 0x40, 0x1F, 0xFC, 0x00, 0x1F, 0xFE, 0x5B, 0xFF, 0x40, 0x00, 0xFF, 0xFF, 0xFF, 0xE0,
    0x00, 0x03, 0xFF, 0xFF, 0xF4, 0x00, 0x00, 0x07, 0xFF, 0xF8, 0x00, 0x00, 0x00, 0x00, 0x50, 0x00,
    0x00, 0x00, 0x00, 0x00, 0x55, 0x05, 0x50, 0x00, 0x07, 0xFC, 0x7F, 0xC0, 0x00, 0x3F, 0xC3, 0xFC,
    0x00, 0x03, 0xF8, 0x3F, 0x80, 0x00, 0x2F, 0x42, 0xF4, 0x00, 0x00, 0x50, 0x05, 0x00, 0x00, 0x00,
    0x00, 0x00, 0x00, 0x00, 0x0B, 0xFF, 0x80, 0x00, 0x01, 0xFF, 0xFF, 0xC0, 0x00, 0x1F, 0xFF, 0xFF,
    0xC0, 0x00, 0xFF, 0xD6, 0xFF, 0x40, 0x0B, 0xFD, 0x03, 0xFE, 0x00, 0x3F, 0xE0, 0x0B, 0xFC, 0x01,
    0xFF, 0x00, 0x2F, 0xF0, 0x07, 0xFC, 0x00, 0xBF, 0x80, 0x2F, 0xE0, 0x03, 0xFE, 0x00, 0xBF, 0x80,
    0x0F, 0xF4, 0x02, 0xFE, 0x00, 0x7F, 0xC0, 0x0B, 0xFC, 0x03, 0xFE, 0x00, 0x1F, 0xF8, 0x7F, 0xF0,
    0x00, 0x3F, 0xFF, 0xFF, 0x80, 0x00, 0x3F, 0xFF, 0xF8, 0x00, 0x00, 0x2F, 0xFE, 0x40, 0x00, 0x00,
    0x01, 0x00, 0x00, 0x00, 0x00, 0x00, 0x00, 0x00, 0x00, 0x00, 0x00, 0x00, 0x06, 0xFF, 0xFF, 0xFF,
    0xFF, 0xC0, 0x00, 0xBF, 0xFF, 0xFF, 0xFF, 0xFF, 0x00, 0x0F, 0xFF, 0xFF, 0xFF, 0xFF, 0xFC, 0x00,
    0xFF, 0xFA, 0xBF, 0xFF, 0xFF, 0xD0, 0x0F, 0xFE, 0x00, 0x7F, 0xC0, 0x00, 0x00, 0x7F, 0xE0, 0x01,
    0xFF, 0x00, 0x00, 0x03, 0xFF, 0x00, 0x0B, 0xF8, 0x00, 0x00, 0x1F, 0xF4, 0x00, 0x3F, 0xD0, 0x00,
    0x00, 0xBF, 0xC0, 0x00, 0xFF, 0xAA, 0xA8, 0x03, 0xFE, 0x00, 0x07, 0xFF, 0xFF, 0xF0, 0x0F, 0xF4,
    0x00, 0x2F, 0xFF, 0xFF, 0x80, 0x3F, 0xD0, 0x00, 0xFF, 0xFF, 0xFD, 0x00, 0xFF, 0x00, 0x03, 0xFD,
    0x00, 0x00, 0x03, 0xFC, 0x00, 0x0F, 0xF0, 0x00, 0x00, 0x0F, 0xF4, 0x00, 0x7F, 0xC0, 0x00, 0x00,
    0x3F, 0xE0, 0x02, 0xFE, 0x00, 0x00, 0x00, 0xFF, 0xC0, 0x0F, 0xF8, 0x00, 0x00, 0x01, 0xFF, 0xE5,
    0xBF, 0xFA, 0xAA, 0x40, 0x03, 0xFF, 0xFF, 0xFF, 0xFF, 0xFD, 0x00, 0x03, 0xFF, 0xFF, 0xFF, 0xFF,
    0xF0, 0x00, 0x01, 0xFF, 0xFF, 0xFF, 0xFF, 0xC0, 0x00, 0x00, 0x04, 0x00, 0x00, 0x00, 0x00, 0x00,
    0x00, 0x00, 0x00, 0x00, 0x00, 0x00, 0x00, 0x2F, 0xFD, 0x02, 0xFF, 0xE0, 0x01, 0xFF, 0xFF, 0x9F,
    0xFF, 0xFC, 0x07, 0xFF, 0xFF, 0xFF, 0xFF, 0xFE, 0x0F, 0xFD, 0x7F, 0xFF, 0x81, 0xFF, 0x2F, 0xF0,
    0x0F, 0xFE, 0x00, 0xFF, 0x3F, 0xE0, 0x0F, 0xFC, 0x02, 0xFF, 0x7F, 0xC0, 0x0F, 0xFC, 0x5F, 0xFD,
    0xBF, 0xC0, 0x0F, 0xFF, 0xFF, 0xF8, 0xBF, 0x80, 0x0F, 0xFF, 0xFF, 0xD0, 0xBF, 0x80, 0x0F, 0xFA,
    0xA4, 0x00, 0xBF, 0x80, 0x2F, 0xF0, 0x00, 0x00, 0xBF, 0xC0, 0x3F, 0xF4, 0x00, 0x00, 0x7F, 0xE1,
    0xFF, 0xFD, 0x01, 0xA0, 0x3F, 0xFF, 0xFF, 0xFF, 0xFF, 0xE0, 0x1F, 0xFF, 0xFE, 0xFF, 0xFF, 0xE0,
    0x03, 0xFF, 0xD0, 0x7F, 0xFF, 0x80, 0x00, 0x14, 0x00, 0x01, 0x40, 0x00, 0x00, 0x00, 0x00, 0x15,
    0x40, 0x00, 0x00, 0x0B, 0xFC, 0x00, 0x00, 0x01, 0xFF, 0x00, 0x00, 0x00, 0x3F, 0xC0, 0x00, 0x00,
    0x0F, 0xE0, 0x00, 0x00, 0x00, 0x54, 0x00, 0x00, 0x00, 0x00, 0x00, 0x00, 0x03, 0xFF, 0xF9, 0x00,
    0x00, 0x3F, 0xFF, 0xFD, 0x00, 0x07, 0xFF, 0xFF, 0xF4, 0x00, 0xBF, 0xEB, 0xFF, 0xC0, 0x0F, 0xF8,
    0x0B, 0xFC, 0x00, 0xFF, 0x40, 0x3F, 0xD0, 0x0F, 0xF0, 0x03, 0xFD, 0x01, 0xFF, 0x00, 0x7F, 0xC0,
    0x2F, 0xF0, 0x0F, 0xFC, 0x03, 0xFF, 0x5B, 0xFF, 0x40, 0x3F, 0xFF, 0xFF, 0xD0, 0x03, 0xFF, 0xFF,
    0xF4, 0x00, 0x7F, 0xFF, 0xFC, 0x00, 0x0B, 0xFC, 0x3F, 0xD0, 0x00, 0xFF, 0x82, 0xFF, 0x00, 0x0F,
    0xF4, 0x1F, 0xF0, 0x01, 0xFF, 0x00, 0xFF, 0x80, 0x1F, 0xF0, 0x0B, 0xFC, 0x02, 0xFE, 0x00, 0x3F,
    0xD0, 0x3F, 0xD0, 0x03, 0xFF, 0x03, 0xFD, 0x00, 0x2F, 0xF4, 0x00, 0x00, 0x05, 0x50, 0x00, 0x00,
    0xBF, 0xC0, 0x00, 0x07, 0xFC, 0x00, 0x00, 0x3F, 0xC0, 0x00, 0x03, 0xF8, 0x00, 0x00, 0x05, 0x40,
    0x00, 0x00, 0x00, 0x00, 0x00, 0x3F, 0x4B, 0xF4, 0x01, 0xFD, 0xBF, 0xC0, 0x0B, 0xFB, 0xFF, 0x00,
    0x3F, 0xFF, 0xF8, 0x00, 0xFF, 0xE0, 0x00, 0x07, 0xFF, 0x00, 0x00, 0x1F, 0xF0, 0x00, 0x00, 0xBF,
    0xC0, 0x00, 0x03, 0xFD, 0x00, 0x00, 0x0F, 0xF4, 0x00, 0x00, 0x7F, 0xC0, 0x00, 0x02, 0xFF, 0x00,
    0x00, 0x0B, 0xF8, 0x00, 0x00, 0x3F, 0xD0, 0x00, 0x00, 0xFF, 0x00, 0x00, 0x07, 0xFC, 0x00, 0x00,
    0x00, 0x00, 0x3F, 0xFF, 0x90, 0x00, 0x03, 0xFF, 0xFF, 0xD0, 0x00, 0x7F, 0xFF, 0xFF, 0x40, 0x0B,
    0xFE, 0xBF, 0xFC, 0x00, 0xFF, 0x80, 0xBF, 0xC0, 0x0F, 0xF4, 0x03, 0xFD, 0x00, 0xFF, 0x00, 0x3F,
    0xD0, 0x1F, 0xF0, 0x07, 0xFC, 0x02, 0xFF, 0x00, 0xFF, 0xC0, 0x3F, 0xF5, 0xBF, 0xF4, 0x03, 0xFF,
    0xFF, 0xFD, 0x00, 0x3F, 0xFF, 0xFF, 0x40, 0x07, 0xFF, 0xFF, 0xC0, 0x00, 0xBF, 0xC3, 0xFD, 0x00,
    0x0F, 0xF8, 0x2F, 0xF0, 0x00, 0xFF, 0x41, 0xFF, 0x00, 0x1F, 0xF0, 0x0F, 0xF8, 0x01, 0xFF, 0x00,
    0xBF, 0xC0, 0x2F, 0xE0, 0x03, 0xFD, 0x03, 0xFD, 0x00, 0x3F, 0xF0, 0x3F, 0xD0, 0x02, 0xFF, 0x40,
    0x00, 0x00, 0x00, 0x00, 0x00, 0x00, 0x00, 0x00, 0x00, 0x02, 0xFE, 0x00, 0x00, 0x00, 0x3F, 0xC0,
    0x00, 0x00, 0x07, 0xF0, 0x00, 0x00, 0x00, 0xFD, 0x00, 0x00, 0x00, 0x05, 0x40, 0x00, 0x00, 0x00,
    0x00, 0x00, 0x00, 0x00, 0xFD, 0x2F, 0xD0, 0x07, 0xF6, 0xFF, 0x00, 0x2F, 0xEF, 0xFC, 0x00, 0xFF,
    0xFF, 0xE0, 0x03, 0xFF, 0x80, 0x00, 0x1F, 0xFC, 0x00, 0x00, 0x7F, 0xC0, 0x00, 0x02, 0xFF, 0x00,
    0x00, 0x0F, 0xF4, 0x00, 0x00, 0x3F, 0xD0, 0x00, 0x01, 0xFF, 0x00, 0x00, 0x0B, 0xFC, 0x00, 0x00,
    0x2F, 0xE0, 0x00, 0x00, 0xFF, 0x40, 0x00, 0x03, 0xFC, 0x00, 0x00, 0x1F, 0xF0, 0x00, 0x00, 0x00,
    0x00, 0x00, 0x00, 0x00, 0x00, 0x00, 0x07, 0xF8, 0x00, 0x00, 0x3F, 0xC0, 0x00, 0x01, 0xFD, 0x00,
    0x00, 0x0B, 0xD0, 0x00, 0x00, 0x15, 0x00, 0x00, 0x00, 0x00, 0x01, 0x50, 0x00, 0x54, 0x00, 0x0B,
    0xF0, 0x2F, 0xC0, 0x00, 0x0F, 0xE3, 0xFC, 0x00, 0x00, 0x1F, 0xFF, 0xC0, 0x00, 0x00, 0x3F, 0xFC,
    0x00, 0x00, 0x00, 0x15, 0x40, 0x00, 0x00, 0x00, 0x00, 0x00, 0x00, 0x0F, 0xFF, 0xE4, 0x00, 0x00,
    0x3F, 0xFF, 0xFD, 0x00, 0x01, 0xFF, 0xFF, 0xFD, 0x00, 0x0B, 0xFE, 0xBF, 0xFC, 0x00, 0x3F, 0xE0,
    0x2F, 0xF0, 0x00, 0xFF, 0x40, 0x3F, 0xD0, 0x03, 0xFC, 0x00, 0xFF, 0x40, 0x1F, 0xF0, 0x07, 0xFC,
    0x00, 0xBF, 0xC0, 0x3F, 0xF0, 0x03, 0xFF, 0x5B, 0xFF, 0x40, 0x0F, 0xFF, 0xFF, 0xF4, 0x00, 0x3F,
    0xFF, 0xFF, 0x40, 0x01, 0xFF, 0xFF, 0xF0, 0x00, 0x0B, 0xFC, 0x3F, 0xD0, 0x00, 0x3F, 0xE0, 0xBF,
    0xC0, 0x00, 0xFF, 0x41, 0xFF, 0x00, 0x07, 0xFC, 0x03, 0xFE, 0x00, 0x1F, 0xF0, 0x0B, 0xFC, 0x00,
    0xBF, 0x80, 0x0F, 0xF4, 0x03, 0xFD, 0x00, 0x3F, 0xF0, 0x0F, 0xF4, 0x00, 0xBF, 0xD0, 0x00, 0x54,
    0x00, 0x14, 0x00, 0xBF, 0x02, 0xFC, 0x00, 0x3F, 0x8F, 0xF0, 0x00, 0x1F, 0xFF, 0xC0, 0x00, 0x0F,
    0xFF, 0x00, 0x00, 0x01, 0x54, 0x00, 0x00, 0x00, 0x00, 0x00, 0x00, 0xFD, 0x2F, 0xD0, 0x01, 0xFD,
    0xBF, 0xC0, 0x02, 0xFE, 0xFF, 0xC0, 0x03, 0xFF, 0xFF, 0x80, 0x03, 0xFF, 0x80, 0x00, 0x07, 0xFF,
    0x00, 0x00, 0x07, 0xFC, 0x00, 0x00, 0x0B, 0xFC, 0x00, 0x00, 0x0F, 0xF4, 0x00, 0x00, 0x0F, 0xF4,
    0x00, 0x00, 0x1F, 0xF0, 0x00, 0x00, 0x2F, 0xF0, 0x00, 0x00, 0x2F, 0xE0, 0x00, 0x00, 0x3F, 0xD0,
    0x00, 0x00, 0x3F, 0xC0, 0x00, 0x00, 0x7F, 0xC0, 0x00, 0x00, 0x00, 0x00, 0x00, 0x55, 0x00, 0x00,
    0x00, 0xFF, 0x80, 0x00, 0x00, 0xFF, 0x80, 0x00, 0x00, 0xBF, 0x40, 0x00, 0x00, 0x7F, 0x40, 0x00,
    0x00, 0x15, 0x00, 0x00, 0x00, 0x00, 0x00, 0x00, 0x00, 0x1B, 0xFF, 0x90, 0x00, 0x3F, 0xFF, 0xFE,
    0x00, 0x3F, 0xFF, 0xFF, 0x00, 0x1F, 0xFE, 0xAF, 0xC0, 0x0F, 0xFC, 0x00, 0x40, 0x03, 0xFE, 0x00,
    0x00, 0x00, 0xFF, 0x80, 0x00, 0x00, 0x3F, 0xF0, 0x00, 0x00, 0x0B, 0xFF, 0x40, 0x00, 0x00, 0xFF,
    0xF8, 0x00, 0x00, 0x0F, 0xFF, 0x80, 0x00, 0x00, 0xFF, 0xF8, 0x00, 0x00, 0x0B, 0xFF, 0x00, 0x00,
    0x00, 0xBF, 0xD0, 0x00, 0x00, 0x0F, 0xF4, 0x00, 0x00, 0x03, 0xFD, 0x01, 0x40, 0x01, 0xFF, 0x40,
    0x7E, 0x56, 0xFF, 0xC0, 0x1F, 0xFF, 0xFF, 0xD0, 0x07, 0xFF, 0xFF, 0xD0, 0x00, 0x7F, 0xFF, 0x80,
    0x00, 0x00, 0x14, 0x00, 0x00, 0x00, 0x00, 0x00, 0x15, 0x50, 0x00, 0x01, 0xFF, 0x40, 0x00, 0x0F,
    0xF4, 0x00, 0x00, 0xBF, 0x40, 0x00, 0x07, 0xF0, 0x00, 0x00, 0x15, 0x00, 0x00, 0x00, 0x00, 0x00,
    0x00, 0x2F, 0xFF, 0x90, 0x03, 0xFF, 0xFF, 0xC0, 0x2F, 0xFF, 0xFE, 0x00, 0xFF, 0x80, 0x70, 0x03,
    0xFD, 0x00, 0x00, 0x0F, 0xFD, 0x00, 0x00, 0x2F, 0xFE, 0x00, 0x00, 0x3F, 0xFF, 0x40, 0x00, 0x2F,
    0xFF, 0x00, 0x00, 0x1F, 0xFE, 0x00, 0x00, 0x0F, 0xFC, 0x00, 0x00, 0x2F, 0xF0, 0x29, 0x01, 0xFF,
    0x80, 0xBF, 0xFF, 0xFC, 0x02, 0xFF, 0xFF, 0xD0, 0x07, 0xFF, 0xFD, 0x00, 0x00, 0x14, 0x00, 0x00,
    0x00, 0x00, 0x15, 0x50, 0x00, 0x00, 0x3F, 0xFC, 0x00, 0x00, 0x3F, 0xFF, 0x80, 0x00, 0x3F, 0xC7,
    0xF0, 0x00, 0x3F, 0x80, 0xBF, 0x00, 0x05, 0x40, 0x05, 0x40, 0x00, 0x00, 0x00, 0x00, 0x00, 0x1B,
    0xFF, 0x90, 0x00, 0x3F, 0xFF, 0xFE, 0x00, 0x3F, 0xFF, 0xFF, 0x00, 0x1F, 0xFE, 0xAF, 0xC0, 0x0F,
    0xFC, 0x00, 0x40, 0x03, 0xFE, 0x00, 0x00, 0x00, 0xFF, 0x80, 0x00, 0x00, 0x3F, 0xF0, 0x00, 0x00,
    0x0B, 0xFF, 0x40, 0x00, 0x00, 0xFF, 0xF8, 0x00, 0x00, 0x0F, 0xFF, 0x80, 0x00, 0x00, 0xFF, 0xF8,
    0x00, 0x00, 0x0B, 0xFF, 0x00, 0x00, 0x00, 0xBF, 0xD0, 0x00, 0x00, 0x0F, 0xF4, 0x00, 0x00, 0x03,
    0xFD, 0x01, 0x40, 0x01, 0xFF, 0x40, 0x7E, 0x56, 0xFF, 0xC0, 0x1F, 0xFF, 0xFF, 0xD0, 0x07, 0xFF,
    0xFF, 0xD0, 0x00, 0x7F, 0xFF, 0x80, 0x00, 0x00, 0x14, 0x00, 0x00, 0x00, 0x00, 0x01, 0x54, 0x00,
    0x00, 0x3F, 0xFC, 0x00, 0x03, 0xFF, 0xF8, 0x00, 0x3F, 0xCB, 0xF0, 0x03, 0xF8, 0x0B, 0xF0, 0x05,
    0x00, 0x05, 0x40, 0x00, 0x00, 0x00, 0x00, 0x2F, 0xFF, 0x90, 0x03, 0xFF, 0xFF, 0xC0, 0x2F, 0xFF,
    0xFE, 0x00, 0xFF, 0x80, 0x70, 0x03, 0xFD, 0x00, 0x00, 0x0F, 0xFD, 0x00, 0x00, 0x2F, 0xFE, 0x00,
    0x00, 0x3F, 0xFF, 0x40, 0x00, 0x2F, 0xFF, 0x00, 0x00, 0x1F, 0xFE, 0x00, 0x00, 0x0F, 0xFC, 0x00,
    0x00, 0x2F, 0xF0, 0x29, 0x01, 0xFF, 0x80, 0xBF, 0xFF, 0xFC, 0x02, 0xFF, 0xFF, 0xD0, 0x07, 0xFF,
    0xFD, 0x00, 0x00, 0x14, 0x00, 0x00, 0x00, 0x00, 0x00, 0x00, 0x00, 0x06, 0xFF, 0xE4, 0x00, 0x3F,
    0xFF, 0xFE, 0x00, 0xFF, 0xFF, 0xFC, 0x01, 0xFF, 0xEA, 0xFC, 0x03, 0xFF, 0x00, 0x10, 0x03, 0xFE,
    0x00, 0x00, 0x03, 0xFE, 0x00, 0x00, 0x03, 0xFF, 0x00, 0x00, 0x02, 0xFF, 0xD0, 0x00, 0x00, 0xFF,
    0xF8, 0x00, 0x00, 0x3F, 0xFE, 0x00, 0x00, 0x0F, 0xFF, 0x80, 0x00, 0x02, 0xFF, 0xC0, 0x00, 0x00,
    0xBF, 0xD0, 0x00, 0x00, 0x3F, 0xD0, 0x00, 0x00, 0x3F, 0xD0, 0x50, 0x00, 0x7F, 0xD0, 0x7E, 0x56,
    0xFF, 0xC0, 0x7F, 0xFF, 0xFF, 0x40, 0x7F, 0xFF, 0xFD, 0x00, 0x1F, 0xFF, 0xE0, 0x00, 0x00, 0xBD,
    0x00, 0x00, 0x00, 0xFE, 0x00, 0x00, 0x00, 0x7F, 0x80, 0x00, 0x00, 0x2F, 0xC0, 0x00, 0x05, 0x7F,
    0x80, 0x00, 0x0F, 0xFF, 0x40, 0x00, 0x0B, 0xF8, 0x00, 0x00, 0x00, 0x00, 0x00, 0x00, 0x0B, 0xFF,
    0xE4, 0x03, 0xFF, 0xFF, 0xC0, 0xBF, 0xFF, 0xF8, 0x0F, 0xF8, 0x07, 0x00, 0xFF, 0x40, 0x00, 0x0F,
    0xFD, 0x00, 0x00, 0xBF, 0xF8, 0x00, 0x03, 0xFF, 0xF4, 0x00, 0x0B, 0xFF, 0xC0, 0x00, 0x1F, 0xFE,
    0x00, 0x00, 0x3F, 0xF0, 0x00, 0x02, 0xFF, 0x0A, 0x40, 0x7F, 0xE0, 0xBF, 0xFF, 0xFC, 0x0B, 0xFF,
    0xFF, 0x40, 0x7F, 0xFF, 0xD0, 0x00, 0x1F, 0x40, 0x00, 0x03, 0xFC, 0x00, 0x00, 0x1F, 0xF0, 0x00,
    0x00, 0x7F, 0x00, 0x01, 0x5F, 0xF0, 0x00, 0x2F, 0xFD, 0x00, 0x01, 0xFF, 0x40, 0x00, 0x00, 0x05,
    0x00, 0x05, 0x40, 0x00, 0xFD, 0x03, 0xF8, 0x00, 0x07, 0xF1, 0xFE, 0x00, 0x00, 0x3F, 0xFF, 0x80,
    0x00, 0x01, 0xFF, 0xE0, 0x00, 0x00, 0x05, 0x54, 0x00, 0x00, 0x00, 0x00, 0x00, 0x00, 0x00, 0x6F,
    0xFE, 0x40, 0x00, 0x3F, 0xFF, 0xFE, 0x00, 0x0F, 0xFF, 0xFF, 0xC0, 0x01, 0xFF, 0xEA, 0xFC, 0x00,
    0x3F, 0xF0, 0x01, 0x00, 0x03, 0xFE, 0x00, 0x00, 0x00, 0x3F, 0xE0, 0x00, 0x00, 0x03, 0xFF, 0x00,
    0x00, 0x00, 0x2F, 0xFD, 0x00, 0x00, 0x00, 0xFF, 0xF8, 0x00, 0x00, 0x03, 0xFF, 0xE0, 0x00, 0x00,
    0x0F, 0xFF, 0x80, 0x00, 0x00, 0x2F, 0xFC, 0x00, 0x00, 0x00, 0xBF, 0xD0, 0x00, 0x00, 0x03, 0xFD,
    0x00, 0x00, 0x00, 0x3F, 0xD0, 0x05, 0x00, 0x07, 0xFD, 0x00, 0x7E, 0x56, 0xFF, 0xC0, 0x07, 0xFF,
    0xFF, 0xF4, 0x00, 0x7F, 0xFF, 0xFD, 0x00, 0x01, 0xFF, 0xFE, 0x00, 0x00, 0x00, 0x14, 0x00, 0x00,
    0x00, 0x00, 0x50, 0x00, 0x54, 0x00, 0xFD, 0x07, 0xF8, 0x00, 0xBF, 0x1F, 0xE0, 0x00, 0x3F, 0xFF,
    0x80, 0x00, 0x1F, 0xFE, 0x00, 0x00, 0x05, 0x54, 0x00, 0x00, 0x00, 0x00, 0x00, 0x00, 0xBF, 0xFE,
    0x40, 0x03, 0xFF, 0xFF, 0xC0, 0x0B, 0xFF, 0xFF, 0x80, 0x0F, 0xF8, 0x07, 0x00, 0x0F, 0xF4, 0x00,
    0x00, 0x0F, 0xFD, 0x00, 0x00, 0x0B, 0xFF, 0x80, 0x00, 0x03, 0xFF, 0xF4, 0x00, 0x00, 0xBF, 0xFC,
    0x00, 0x00, 0x1F, 0xFE, 0x00, 0x00, 0x03, 0xFF, 0x00, 0x00, 0x02, 0xFF, 0x00, 0xA4, 0x07, 0xFE,
    0x00, 0xBF, 0xFF, 0xFC, 0x00, 0xBF, 0xFF, 0xF4, 0x00, 0x7F, 0xFF, 0xD0, 0x00, 0x00, 0x50, 0x00,
    0x00, 0x3F, 0xFF, 0xFF, 0xFD, 0x3F, 0xFF, 0xFF, 0xFD, 0x7F, 0xFF, 0xFF, 0xFC, 0x7F, 0xFF, 0xFF,
    0xFC, 0x00, 0x3F, 0xE0, 0x00, 0x00, 0x3F, 0xD0, 0x00, 0x00, 0x3F, 0xC0, 0x00, 0x00, 0x7F, 0xC0,
    0x00, 0x00, 0xBF, 0xC0, 0x00, 0x00, 0xFF, 0x80, 0x00, 0x00, 0xFF, 0x40, 0x00, 0x01, 0xFF, 0x00,
    0x00, 0x01, 0xFF, 0x00, 0x00, 0x02, 0xFF, 0x00, 0x00, 0x03, 0xFE, 0x00, 0x00, 0x03, 0xFD, 0x00,
    0x00, 0x07, 0xFC, 0x00, 0x00, 0x0B, 0xFC, 0x00, 0x00, 0x0B, 0xF8, 0x00, 0x00, 0x0F, 0xF8, 0x00,
    0x00, 0x0F, 0xF4, 0x00, 0x00, 0x07, 0xC0, 0x00, 0x00, 0x0F, 0xE0, 0x00, 0x00, 0x07, 0xF8, 0x00,
    0x00, 0x02, 0xFC, 0x00, 0x00, 0x57, 0xFC, 0x00, 0x00, 0xBF, 0xF4, 0x00, 0x00, 0xBF, 0x90, 0x00,
    0x00, 0x00, 0x05, 0x00, 0x00, 0x3F, 0x00, 0x00, 0xBF, 0x00, 0x00, 0xFE, 0x00, 0x0B, 0xFF, 0xFD,
    0x7F, 0xFF, 0xFC, 0x7F, 0xFF, 0xFC, 0x1B, 0xFD, 0x54, 0x0F, 0xF8, 0x00, 0x0F, 0xF4, 0x00, 0x0F,
    0xF0, 0x00, 0x1F, 0xF0, 0x00, 0x2F, 0xE0, 0x00, 0x3F, 0xD0, 0x00, 0x3F, 0xD0, 0x00, 0x3F, 0xC0,
    0x00, 0x7F, 0xD1, 0x40, 0x3F, 0xFF, 0x80, 0x3F, 0xFF, 0x80, 0x0F, 0xFF, 0x40, 0x07, 0xE0, 0x00,
    0x0F, 0xF0, 0x00, 0x07, 0xFC, 0x00, 0x01, 0xFC, 0x00, 0x57, 0xFC, 0x00, 0xBF, 0xF8, 0x00, 0x7F,
    0xD0, 0x00, 0x00, 0x54, 0x00, 0x54, 0x00, 0xFE, 0x02, 0xFC, 0x00, 0x3F, 0x4F, 0xF0, 0x00, 0x2F,
    0xFF, 0xC0, 0x00, 0x0F, 0xFF, 0x00, 0x00, 0x01, 0x54, 0x00, 0x00, 0x00, 0x00, 0x00, 0x3F, 0xFF,
    0xFF, 0xFD, 0x3F, 0xFF, 0xFF, 0xFD, 0x7F, 0xFF, 0xFF, 0xFC, 0x7F, 0xFF, 0xFF, 0xFC, 0x00, 0x3F,
    0xE0, 0x00, 0x00, 0x3F, 0xD0, 0x00, 0x00, 0x3F, 0xC0, 0x00, 0x00, 0x7F, 0xC0, 0x00, 0x00, 0xBF,
    0xC0, 0x00, 0x00, 0xFF, 0x80, 0x00, 0x00, 0xFF, 0x40, 0x00, 0x01, 0xFF, 0x00, 0x00, 0x01, 0xFF,
    0x00, 0x00, 0x02, 0xFF, 0x00, 0x00, 0x03, 0xFE, 0x00, 0x00, 0x03, 0xFD, 0x00, 0x00, 0x07, 0xFC,
    0x00, 0x00, 0x0B, 0xFC, 0x00, 0x00, 0x0B, 0xF8, 0x00, 0x00, 0x0F, 0xF8, 0x00, 0x00, 0x0F, 0xF4,
    0x00, 0x00, 0x00, 0x00, 0x00, 0x00, 0x00, 0x00, 0x1F, 0xE0, 0x00, 0x00, 0xBF, 0x00, 0x01, 0x43,
    0xF4, 0x00, 0x3F, 0x2F, 0x40, 0x02, 0xFC, 0x64, 0x00, 0x0F, 0xE0, 0x00, 0x02, 0xFF, 0xFF, 0x40,
    0x7F, 0xFF, 0xFC, 0x01, 0xFF, 0xFF, 0xF0, 0x01, 0xBF, 0xD5, 0x40, 0x03, 0xFE, 0x00, 0x00, 0x0F,
    0xF4, 0x00, 0x00, 0x3F, 0xC0, 0x00, 0x01, 0xFF, 0x00, 0x00, 0x0B, 0xF8, 0x00, 0x00, 0x3F, 0xD0,
    0x00, 0x00, 0xFF, 0x40, 0x00, 0x03, 0xFC, 0x00, 0x00, 0x1F, 0xF4, 0x50, 0x00, 0x3F, 0xFF, 0x80,
    0x00, 0xFF, 0xFE, 0x00, 0x00, 0xFF, 0xF4, 0x00, 0x00, 0x14, 0x00, 0x00, 0x3F, 0xFF, 0xFF, 0xFD,
    0x3F, 0xFF, 0xFF, 0xFD, 0x7F, 0xFF, 0xFF, 0xFC, 0x7F, 0xFF, 0xFF, 0xFC, 0x00, 0x3F, 0xE0, 0x00,
    0x00, 0x3F, 0xD0, 0x00, 0x00, 0x3F, 0xC0, 0x00, 0x00, 0x7F, 0xC0, 0x00, 0x00, 0xBF, 0xC0, 0x00,
    0x3F, 0xFF, 0xFF, 0x00, 0x7F, 0xFF, 0xFF, 0x00, 0xBF, 0xFF, 0xFE, 0x00, 0x6B, 0xFF, 0xA8, 0x00,
    0x02, 0xFF, 0x00, 0x00, 0x03, 0xFE, 0x00, 0x00, 0x03, 0xFD, 0x00, 0x00, 0x07, 0xFC, 0x00, 0x00,
    0x07, 0xFC, 0x00, 0x00, 0x0B, 0xF8, 0x00, 0x00, 0x0F, 0xF8, 0x00, 0x00, 0x0F, 0xF4, 0x00, 0x00,
    0x00, 0x01, 0x40, 0x00, 0x03, 0xF0, 0x00, 0x02, 0xFC, 0x00, 0x00, 0xFE, 0x00, 0x02, 0xFF, 0xFF,
    0x47, 0xFF, 0xFF, 0xC1, 0xFF, 0xFF, 0xF0, 0x1B, 0xFD, 0x54, 0x02, 0xFE, 0x00, 0x00, 0xFF, 0x40,
    0x03, 0xFF, 0xFF, 0x41, 0xFF, 0xFF, 0xC0, 0x7F, 0xFF, 0xF0, 0x03, 0xFD, 0x00, 0x00, 0xFF, 0x40,
    0x00, 0x3F, 0xC0, 0x00, 0x1F, 0xF4, 0x50, 0x03, 0xFF, 0xF8, 0x00, 0xFF, 0xFE, 0x00, 0x0F, 0xFF,
    0x40, 0x00, 0x14, 0x00, 0x00, 0x00, 0x00, 0x00, 0x00, 0x00, 0x00, 0x00, 0x7F, 0x40, 0xF4, 0x00,
    0x01, 0xFF, 0xFB, 0xF0, 0x00, 0x03, 0xFF, 0xFF, 0xD0, 0x00, 0x07, 0xC1, 0xFF, 0x80, 0x00, 0x01,
    0x00, 0x04, 0x00, 0x00, 0x00, 0x00, 0x00, 0x00, 0x00, 0xFF, 0x40, 0x03, 0xFD, 0x01, 0xFF, 0x00,
    0x07, 0xFC, 0x02, 0xFF, 0x00, 0x07, 0xFC, 0x02, 0xFE, 0x00, 0x0B, 0xF8, 0x03, 0xFD, 0x00, 0x0F,
    0xF8, 0x03, 0xFD, 0x00, 0x0F, 0xF4, 0x07, 0xFC, 0x00, 0x1F, 0xF0, 0x0B, 0xFC, 0x00, 0x2F, 0xF0,
    0x0F, 0xF8, 0x00, 0x3F, 0xE0, 0x0F, 0xF4, 0x00, 0x3F, 0xD0, 0x0F, 0xF0, 0x00, 0x3F, 0xC0, 0x1F,
    0xF0, 0x00, 0x7F, 0xC0, 0x2F, 0xF0, 0x00, 0xBF, 0xC0, 0x3F, 0xE0, 0x00, 0xFF, 0x80, 0x3F, 0xD0,
    0x00, 0xFF, 0x40, 0x3F, 0xD0, 0x02, 0xFF, 0x00, 0x3F, 0xF0, 0x07, 0xFE, 0x00, 0x2F, 0xFE, 0x6F,
    0xFC, 0x00, 0x0F, 0xFF, 0xFF, 0xF4, 0x00, 0x07, 0xFF, 0xFF, 0xE0, 0x00, 0x00, 0xBF, 0xFE, 0x00,
    0x00, 0x00, 0x01, 0x40, 0x00, 0x00, 0x00, 0x00, 0x00, 0x00, 0x00, 0x02, 0xFD, 0x07, 0xC0, 0x02,
    0xFF, 0xFB, 0xE0, 0x00, 0xFF, 0xFF, 0xF4, 0x00, 0xBC, 0x1F, 0xF4, 0x00, 0x14, 0x00, 0x10, 0x00,
    0x00, 0x00, 0x00, 0x00, 0x1F, 0xF0, 0x03, 0xFC, 0x0B, 0xF8, 0x01, 0xFF, 0x03, 0xFE, 0x00, 0xBF,
    0x80, 0xFF, 0x40, 0x3F, 0xD0, 0x3F, 0xC0, 0x0F, 0xF0, 0x1F, 0xF0, 0x07, 0xFC, 0x0B, 0xF8, 0x02,
    0xFF, 0x03, 0xFD, 0x00, 0xFF, 0x80, 0xFF, 0x00, 0x3F, 0xD0, 0x3F, 0xC0, 0x1F, 0xF0, 0x1F, 0xF0,
    0x0F, 0xFC, 0x07, 0xFC, 0x07, 0xFE, 0x01, 0xFF, 0x4B, 0xFF, 0x40, 0x3F, 0xFF, 0xEF, 0xD0, 0x0F,
    0xFF, 0xD7, 0xF0, 0x00, 0xFF, 0xD1, 0xFC, 0x00, 0x01, 0x00, 0x00, 0x00, 0x00, 0x00, 0xAA, 0xAA,
    0x40, 0x00, 0x00, 0xFF, 0xFF, 0x80, 0x00, 0x01, 0xFF, 0xFF, 0x40, 0x00, 0x00, 0x55, 0x55, 0x00,
    0x00, 0x00, 0x00, 0x00, 0x00, 0x00, 0xFF, 0x40, 0x03, 0xFD, 0x01, 0xFF, 0x00, 0x07, 0xFC, 0x02,
    0xFF, 0x00, 0x07, 0xFC, 0x02, 0xFE, 0x00, 0x0B, 0xF8, 0x03, 0xFD, 0x00, 0x0F, 0xF8, 0x03, 0xFD,
    0x00, 0x0F, 0xF4, 0x07, 0xFC, 0x00, 0x1F, 0xF0, 0x0B, 0xFC, 0x00, 0x2F, 0xF0, 0x0F, 0xF8, 0x00,
    0x3F, 0xE0, 0x0F, 0xF4, 0x00, 0x3F, 0xD0, 0x0F, 0xF0, 0x00, 0x3F, 0xC0, 0x1F, 0xF0, 0x00, 0x7F,
    0xC0, 0x2F, 0xF0, 0x00, 0xBF, 0xC0, 0x3F, 0xE0, 0x00, 0xFF, 0x80, 0x3F, 0xD0, 0x00, 0xFF, 0x40,
    0x3F, 0xD0, 0x02, 0xFF, 0x00, 0x3F, 0xF0, 0x07, 0xFE, 0x00, 0x2F, 0xFE, 0x6F, 0xFC, 0x00, 0x0F,
    0xFF, 0xFF, 0xF4, 0x00, 0x07, 0xFF, 0xFF, 0xE0, 0x00, 0x00, 0xBF, 0xFE, 0x00, 0x00, 0x00, 0x01,
    0x40, 0x00, 0x00, 0x00, 0x0A, 0xAA, 0xA4, 0x00, 0x07, 0xFF, 0xFD, 0x00, 0x02, 0xFF, 0xFF, 0x00,
    0x00, 0x55, 0x55, 0x40, 0x00, 0x00, 0x00, 0x00, 0x01, 0xFF, 0x00, 0x3F, 0xC0, 0xBF, 0x80, 0x1F,
    0xF0, 0x3F, 0xE0, 0x0B, 0xF8, 0x0F, 0xF4, 0x03, 0xFD, 0x03, 0xFC, 0x00, 0xFF, 0x01, 0xFF, 0x00,
    0x7F, 0xC0, 0xBF, 0x80, 0x2F, 0xF0, 0x3F, 0xD0, 0x0F, 0xF8, 0x0F, 0xF0, 0x03, 0xFD, 0x03, 0xFC,
    0x01, 0xFF, 0x01, 0xFF, 0x00, 0xFF, 0xC0, 0x7F, 0xC0, 0x7F, 0xE0, 0x1F, 0xF4, 0xBF, 0xF4, 0x03,
    0xFF, 0xFE, 0xFD, 0x00, 0xFF, 0xFD, 0x7F, 0x00, 0x0F, 0xFD, 0x1F, 0xC0, 0x00, 0x10, 0x00, 0x00,
    0x00, 0x00, 0x00, 0x50, 0x01, 0x50, 0x00, 0x02, 0xF0, 0x07, 0xD0, 0x00, 0x01, 0xFE, 0xBF, 0xC0,
    0x00, 0x00, 0xFF, 0xFF, 0x40, 0x00, 0x00, 0x3F, 0xFD, 0x00, 0x00, 0x00, 0x01, 0x40, 0x00, 0x00,
    0x00, 0x00, 0x00, 0x00, 0x00, 0xFF, 0x40, 0x03, 0xFD, 0x01, 0xFF, 0x00, 0x07, 0xFC, 0x02, 0xFF,
    0x00, 0x07, 0xFC, 0x02, 0xFE, 0x00, 0x0B, 0xF8, 0x03, 0xFD, 0x00, 0x0F, 0xF8, 0x03, 0xFD, 0x00,
    0x0F, 0xF4, 0x07, 0xFC, 0x00, 0x1F, 0xF0, 0x0B, 0xFC, 0x00, 0x2F, 0xF0, 0x0F, 0xF8, 0x00, 0x3F,
    0xE0, 0x0F, 0xF4, 0x00, 0x3F, 0xD0, 0x0F, 0xF0, 0x00, 0x3F, 0xC0, 0x1F, 0xF0, 0x00, 0x7F, 0xC0,
    0x2F, 0xF0, 0x00, 0xBF, 0xC0, 0x3F, 0xE0, 0x00, 0xFF, 0x80, 0x3F, 0xD0, 0x00, 0xFF, 0x40, 0x3F,
    0xD0, 0x02, 0xFF, 0x00, 0x3F, 0xF0, 0x07, 0xFE, 0x00, 0x2F, 0xFE, 0x6F, 0xFC, 0x00, 0x0F, 0xFF,
    0xFF, 0xF4, 0x00, 0x07, 0xFF, 0xFF, 0xE0, 0x00, 0x00, 0xBF, 0xFE, 0x00, 0x00, 0x00, 0x01, 0x40,
    0x00, 0x00, 0x00, 0x15, 0x00, 0x14, 0x00, 0x0F, 0xC0, 0x2F, 0x40, 0x02, 0xFE, 0xBF, 0xC0, 0x00,
    0x3F, 0xFF, 0xD0, 0x00, 0x07, 0xFF, 0xC0, 0x00, 0x00, 0x05, 0x00, 0x00, 0x00, 0x00, 0x00, 0x00,
    0x1F, 0xF0, 0x03, 0xFC, 0x0B, 0xF8, 0x01, 0xFF, 0x03, 0xFE, 0x00, 0xBF, 0x80, 0xFF, 0x40, 0x3F,
    0xD0, 0x3F, 0xC0, 0x0F, 0xF0, 0x1F, 0xF0, 0x07, 0xFC, 0x0B, 0xF8, 0x02, 0xFF, 0x03, 0xFD, 0x00,
    0xFF, 0x80, 0xFF, 0x00, 0x3F, 0xD0, 0x3F, 0xC0, 0x1F, 0xF0, 0x1F, 0xF0, 0x0F, 0xFC, 0x07, 0xFC,
    0x07, 0xFE, 0x01, 0xFF, 0x4B, 0xFF, 0x40, 0x3F, 0xFF, 0xEF, 0xD0, 0x0F, 0xFF, 0xD7, 0xF0, 0x00,
    0xFF, 0xD1, 0xFC, 0x00, 0x01, 0x00, 0x00, 0x00, 0x00, 0x00, 0x01, 0x40, 0x00, 0x00, 0x00, 0x1F,
    0xF8, 0x00, 0x00, 0x00, 0x3F, 0xBD, 0x00, 0x00, 0x00, 0x7C, 0x2E, 0x00, 0x00, 0x00, 0x7C, 0x2E,
    0x00, 0x00, 0x00, 0x3F, 0xBD, 0x00, 0x00, 0x00, 0x1F, 0xF8, 0x00, 0x00, 0x00, 0x01, 0x40, 0x00,
    0x00, 0x00, 0x00, 0x00, 0x00, 0x00, 0xFF, 0x40, 0x03, 0xFD, 0x01, 0xFF, 0x00, 0x07, 0xFC, 0x02,
    0xFF, 0x00, 0x07, 0xFC, 0x02, 0xFE, 0x00, 0x0B, 0xF8, 0x03, 0xFD, 0x00, 0x0F, 0xF8, 0x03, 0xFD,
    0x00, 0x0F, 0xF4, 0x07, 0xFC, 0x00, 0x1F, 0xF0, 0x0B, 0xFC, 0x00, 0x2F, 0xF0, 0x0F, 0xF8, 0x00,
    0x3F, 0xE0, 0x0F, 0xF4, 0x00, 0x3F, 0xD0, 0x0F, 0xF0, 0x00, 0x3F, 0xC0, 0x1F, 0xF0, 0x00, 0x7F,
    0xC0, 0x2F, 0xF0, 0x00, 0xBF, 0xC0, 0x3F, 0xE0, 0x00, 0xFF, 0x80, 0x3F, 0xD0, 0x00, 0xFF, 0x40,
    0x3F, 0xD0, 0x02, 0xFF, 0x00, 0x3F, 0xF0, 0x07, 0xFE, 0x00, 0x2F, 0xFE, 0x6F, 0xFC, 0x00, 0x0F,
    0xFF, 0xFF, 0xF4, 0x00, 0x07, 0xFF, 0xFF, 0xE0, 0x00, 0x00, 0xBF, 0xFE, 0x00, 0x00, 0x00, 0x01,
    0x40, 0x00, 0x00, 0x00, 0x00, 0x14, 0x00, 0x00, 0x00, 0xBF, 0xD0, 0x00, 0x00, 0x7E, 0xBC, 0x00,
    0x00, 0x2E, 0x0F, 0x40, 0x00, 0x0B, 0x83, 0xD0, 0x00, 0x01, 0xFB, 0xF0, 0x00, 0x00, 0x2F, 0xF4,
    0x00, 0x00, 0x00, 0x50, 0x00, 0x00, 0x00, 0x00, 0x00, 0x01, 0xFF, 0x00, 0x3F, 0xC0, 0xBF, 0x80,
    0x1F, 0xF0, 0x3F, 0xE0, 0x0B, 0xF8, 0x0F, 0xF4, 0x03, 0xFD, 0x03, 0xFC, 0x00, 0xFF, 0x01, 0xFF,
    0x00, 0x7F, 0xC0, 0xBF, 0x80, 0x2F, 0xF0, 0x3F, 0xD0, 0x0F, 0xF8, 0x0F, 0xF0, 0x03, 0xFD, 0x03,
    0xFC, 0x01, 0xFF, 0x01, 0xFF, 0x00, 0xFF, 0xC0, 0x7F, 0xC0, 0x7F, 0xE0, 0x1F, 0xF4, 0xBF, 0xF4,
    0x03, 0xFF, 0xFE, 0xFD, 0x00, 0xFF, 0xFD, 0x7F, 0x00, 0x0F, 0xFD, 0x1F, 0xC0, 0x00, 0x10, 0x00,
    0x00, 0x00, 0x00, 0x00, 0x01, 0x54, 0x15, 0x40, 0x00, 0x03, 0xFE, 0x3F, 0xD0, 0x00, 0x01, 0xFE,
    0x2F, 0xD0, 0x00, 0x00, 0xFD, 0x1F, 0xD0, 0x00, 0x00, 0xFC, 0x0F, 0xC0, 0x00, 0x00, 0x14, 0x01,
    0x40, 0x00, 0x00, 0x00, 0x00, 0x00, 0x00, 0x03, 0xFD, 0x00, 0x0F, 0xF4, 0x01, 0xFF, 0x00, 0x07,
    0xFC, 0x00, 0xBF, 0xC0, 0x01, 0xFF, 0x00, 0x2F, 0xE0, 0x00, 0xBF, 0x80, 0x0F, 0xF4, 0x00, 0x3F,
    0xE0, 0x03, 0xFD, 0x00, 0x0F, 0xF4, 0x01, 0xFF, 0x00, 0x07, 0xFC, 0x00, 0xBF, 0xC0, 0x02, 0xFF,
    0x00, 0x3F, 0xE0, 0x00, 0xFF, 0x80, 0x0F, 0xF4, 0x00, 0x3F, 0xD0, 0x03, 0xFC, 0x00, 0x0F, 0xF0,
    0x01, 0xFF, 0x00, 0x07, 0xFC, 0x00, 0xBF, 0xC0, 0x02, 0xFF, 0x00, 0x3F, 0xE0, 0x00, 0xFF, 0x80,
    0x0F, 0xF4, 0x00, 0x3F, 0xD0, 0x03, 0xFD, 0x00, 0x2F, 0xF0, 0x00, 0xFF, 0xC0, 0x1F, 0xF8, 0x00,
    0x2F, 0xFE, 0x6F, 0xFC, 0x00, 0x03, 0xFF, 0xFF, 0xFD, 0x00, 0x00, 0x7F, 0xFF, 0xFE, 0x00, 0x00,
    0x02, 0xFF, 0xF8, 0x00, 0x00, 0x00, 0x01, 0x40, 0x00, 0x00, 0x00, 0x00, 0x00, 0x15, 0x41, 0x50,
    0x00, 0x03, 0xFD, 0x3F, 0xD0, 0x00, 0x2F, 0xD3, 0xFD, 0x00, 0x01, 0xFC, 0x2F, 0xC0, 0x00, 0x1F,
    0x81, 0xF8, 0x00, 0x00, 0x14, 0x01, 0x40, 0x00, 0x00, 0x00, 0x00, 0x00, 0x01, 0xFF, 0x00, 0x3F,
    0xC0, 0x0B, 0xF8, 0x01, 0xFF, 0x00, 0x3F, 0xE0, 0x0B, 0xF8, 0x00, 0xFF, 0x40, 0x3F, 0xD0, 0x03,
    0xFC, 0x00, 0xFF, 0x00, 0x1F, 0xF0, 0x07, 0xFC, 0x00, 0xBF, 0x80, 0x2F, 0xF0, 0x03, 0xFD, 0x00,
    0xFF, 0x80, 0x0F, 0xF0, 0x03, 0xFD, 0x00, 0x3F, 0xC0, 0x1F, 0xF0, 0x01, 0xFF, 0x00, 0xFF, 0xC0,
    0x07, 0xFC, 0x07, 0xFE, 0x00, 0x1F, 0xF4, 0xBF, 0xF4, 0x00, 0x3F, 0xFF, 0xEF, 0xD0, 0x00, 0xFF,
    0xFD, 0x7F, 0x00, 0x00, 0xFF, 0xD1, 0xFC, 0x00, 0x00, 0x10, 0x00, 0x00, 0x00, 0x00, 0xFF, 0x40,
    0x03, 0xFD, 0x01, 0xFF, 0x00, 0x07, 0xFC, 0x02, 0xFF, 0x00, 0x07, 0xFC, 0x02, 0xFE, 0x00, 0x0B,
    0xF8, 0x03, 0xFD, 0x00, 0x0F, 0xF8, 0x03, 0xFD, 0x00, 0x0F, 0xF4, 0x07, 0xFC, 0x00, 0x1F, 0xF0,
    0x0B, 0xFC, 0x00, 0x2F, 0xF0, 0x0F, 0xF8, 0x00, 0x3F, 0xE0, 0x0F, 0xF4, 0x00, 0x3F, 0xD0, 0x0F,
    0xF0, 0x00, 0x3F, 0xC0, 0x1F, 0xF0, 0x00, 0x7F, 0xC0, 0x2F, 0xF0, 0x00, 0xBF, 0xC0, 0x3F, 0xE0,
    0x00, 0xFF, 0x80, 0x3F, 0xD0, 0x00, 0xFF, 0x40, 0x3F, 0xD0, 0x02, 0xFF, 0x00, 0x3F, 0xF0, 0x07,
    0xFE, 0x00, 0x2F, 0xFE, 0x6F, 0xFC, 0x00, 0x0F, 0xFF, 0xFF, 0xF4, 0x00, 0x07, 0xFF, 0xFF, 0xE0,
    0x00, 0x00, 0xBF, 0xFE, 0x00, 0x00, 0x00, 0x0B, 0xE0, 0x00, 0x00, 0x00, 0x2F, 0x40, 0x00, 0x00,
    0x00, 0x7E, 0x00, 0x00, 0x00, 0x00, 0xBD, 0x00, 0x00, 0x00, 0x00, 0xFF, 0xA0, 0x00, 0x00, 0x00,
    0xBF, 0xE0, 0x00, 0x00, 0x00, 0x2F, 0xE0, 0x00, 0x00, 0x00, 0x00, 0x00, 0x00, 0x00, 0x07, 0xFC,
    0x00, 0xFF, 0x02, 0xFE, 0x00, 0x7F, 0xC0, 0xFF, 0x80, 0x2F, 0xE0, 0x3F, 0xD0, 0x0F, 0xF4, 0x0F,
    0xF0, 0x03, 0xFC, 0x07, 0xFC, 0x01, 0xFF, 0x02, 0xFE, 0x00, 0xBF, 0xC0, 0xFF, 0x40, 0x3F, 0xE0,
    0x3F, 0xC0, 0x0F, 0xF4, 0x0F, 0xF0, 0x07, 0xFC, 0x07, 0xFC, 0x03, 0xFF, 0x01, 0xFF, 0x01, 0xFF,
    0x80, 0x7F, 0xD2, 0xFF, 0xD0, 0x0F, 0xFF, 0xFB, 0xF4, 0x03, 0xFF, 0xF5, 0xFC, 0x00, 0x3F, 0xF4,
    0x7F, 0x00, 0x00, 0x40, 0xBD, 0x00, 0x00, 0x00, 0xBD, 0x00, 0x00, 0x00, 0x7E, 0x00, 0x00, 0x00,
    0x3F, 0x40, 0x00, 0x00, 0x0F, 0xFA, 0x00, 0x00, 0x02, 0xFF, 0x80, 0x00, 0x00, 0x2F, 0xE0, 0x00,
    0x00, 0x00, 0x00, 0x00, 0x00, 0x00, 0x00, 0x55, 0x40, 0x00, 0x00, 0x00, 0x00, 0x07, 0xFF, 0x40,
    0x00, 0x00, 0x00, 0x00, 0x7F, 0xFF, 0x00, 0x00, 0x00, 0x00, 0x07, 0xF8, 0xFE, 0x00, 0x00, 0x00,
    0x00, 0xBF, 0x40, 0xFD, 0x00, 0x00, 0x00, 0x01, 0x50, 0x00, 0x50, 0x00, 0x00, 0x00, 0x00, 0x00,
    0x00, 0x00, 0x00, 0x1F, 0xE0, 0x00, 0x7F, 0x80, 0x02, 0xFE, 0x7F, 0x80, 0x03, 0xFE, 0x00, 0x0F,
    0xF1, 0xFE, 0x00, 0x1F, 0xF8, 0x00, 0xBF, 0xC7, 0xF8, 0x00, 0xFF, 0xE0, 0x03, 0xFD, 0x0F, 0xE0,
    0x03, 0xFF, 0x80, 0x1F, 0xF0, 0x3F, 0xC0, 0x2F, 0xFE, 0x00, 0xFF, 0x40, 0xFF, 0x00, 0xFF, 0xF8,
    0x03, 0xFC, 0x03, 0xFC, 0x0B, 0xFB, 0xF0, 0x2F, 0xE0, 0x0F, 0xF0, 0x3F, 0xAF, 0xC0, 0xFF, 0x00,
    0x3F, 0xC1, 0xFC, 0xBF, 0x07, 0xF8, 0x00, 0xFF, 0x0F, 0xF2, 0xFC, 0x3F, 0xD0, 0x03, 0xFC, 0x7F,
    0x4B, 0xF1, 0xFF, 0x00, 0x0F, 0xF3, 0xFC, 0x2F, 0xCB, 0xF4, 0x00, 0x3F, 0xCF, 0xD0, 0xBF, 0x3F,
    0xC0, 0x00, 0xFE, 0xBF, 0x01, 0xFD, 0xFD, 0x00, 0x03, 0xFB, 0xF8, 0x07, 0xFF, 0xF0, 0x00, 0x0F,
    0xFF, 0xC0, 0x1F, 0xFF, 0x80, 0x00, 0x3F, 0xFE, 0x00, 0x7F, 0xFC, 0x00, 0x00, 0xFF, 0xF0, 0x01,
    0xFF, 0xE0, 0x00, 0x03, 0xFF, 0xC0, 0x07, 0xFF, 0x40, 0x00, 0x0F, 0xFD, 0x00, 0x1F, 0xFC, 0x00,
    0x00, 0x00, 0x00, 0x01, 0x54, 0x00, 0x00, 0x00, 0x00, 0x0F, 0xFF, 0x00, 0x00, 0x00, 0x00, 0x3F,
    0xFF, 0x40, 0x00, 0x00, 0x00, 0xFE, 0x2F, 0xC0, 0x00, 0x00, 0x07, 0xF8, 0x0F, 0xE0, 0x00, 0x00,
    0x01, 0x40, 0x01, 0x50, 0x00, 0x00, 0x00, 0x00, 0x00, 0x00, 0x00, 0x3F, 0x80, 0x2F, 0xF4, 0x03,
    0xFC, 0x3F, 0xC0, 0x3F, 0xF4, 0x0B, 0xFC, 0x3F, 0xC0, 0x7F, 0xF4, 0x0F, 0xF4, 0x3F, 0xC0, 0xFF,
    0xF4, 0x1F, 0xF0, 0x3F, 0xC1, 0xFF, 0xF4, 0x3F, 0xD0, 0x3F, 0xC2, 0xFB, 0xF4, 0x7F, 0xC0, 0x3F,
    0xC3, 0xF3, 0xF4, 0xBF, 0x40, 0x3F, 0xCB, 0xF3, 0xF4, 0xFF, 0x00, 0x3F, 0xCF, 0xD3, 0xF6, 0xFD,
    0x00, 0x3F, 0xDF, 0xC3, 0xF7, 0xFC, 0x00, 0x2F, 0xEF, 0x43, 0xF7, 0xF8, 0x00, 0x2F, 0xFF, 0x03,
    0xFF, 0xF0, 0x00, 0x2F, 0xFE, 0x03, 0xFF, 0xE0, 0x00, 0x2F, 0xFC, 0x03, 0xFF, 0xC0, 0x00, 0x2F,
    0xFC, 0x03, 0xFF, 0x80, 0x00, 0x2F, 0xF4, 0x03, 0xFF, 0x00, 0x00, 0x00, 0x01, 0x55, 0x00, 0x00,
    0x00, 0x7F, 0xF8, 0x00, 0x00, 0x1F, 0xFF, 0xC0, 0x00, 0x07, 0xF8, 0xFE, 0x00, 0x01, 0xFD, 0x03,
    0xF4, 0x00, 0x15, 0x00, 0x05, 0x00, 0x00, 0x00, 0x00, 0x00, 0x03, 0xFC, 0x00, 0x0F, 0xF8, 0x3F,
    0xD0, 0x02, 0xFF, 0x02, 0xFE, 0x00, 0x3F, 0xE0, 0x1F, 0xF0, 0x0F, 0xFC, 0x00, 0xFF, 0x01, 0xFF,
    0x00, 0x0F, 0xF4, 0x3F, 0xD0, 0x00, 0xBF, 0x4B, 0xFC, 0x00, 0x07, 0xF9, 0xFF, 0x00, 0x00, 0x3F,
    0xFF, 0xD0, 0x00, 0x03, 0xFF, 0xF8, 0x00, 0x00, 0x2F, 0xFF, 0x00, 0x00, 0x01, 0xFF, 0xD0, 0x00,
    0x00, 0x0F, 0xF8, 0x00, 0x00, 0x00, 0xFF, 0x00, 0x00, 0x00, 0x1F, 0xF0, 0x00, 0x00, 0x02, 0xFF,
    0x00, 0x00, 0x00, 0x2F, 0xE0, 0x00, 0x00, 0x03, 0xFD, 0x00, 0x00, 0x00, 0x3F, 0xC0, 0x00, 0x00,
    0x07, 0xFC, 0x00, 0x00, 0x00, 0xBF, 0x80, 0x00, 0x00, 0x00, 0x00, 0x05, 0x54, 0x00, 0x00, 0x00,
    0x1F, 0xFE, 0x00, 0x00, 0x00, 0x7F, 0xFF, 0x00, 0x00, 0x01, 0xFE, 0x3F, 0xC0, 0x00, 0x07, 0xF4,
    0x0F, 0xD0, 0x00, 0x05, 0x40, 0x01, 0x40, 0x00, 0x00, 0x00, 0x00, 0x00, 0x00, 0x7F, 0x80, 0x03,
    0xFD, 0x00, 0x7F, 0xC0, 0x0B, 0xFC, 0x00, 0x3F, 0xC0, 0x0F, 0xF4, 0x00, 0x3F, 0xC0, 0x2F, 0xF0,
    0x00, 0x3F, 0xC0, 0x3F, 0xD0, 0x00, 0x3F, 0xC0, 0xBF, 0xC0, 0x00, 0x2F, 0xD0, 0xFF, 0x00, 0x00,
    0x1F, 0xD2, 0xFE, 0x00, 0x00, 0x1F, 0xE3, 0xFC, 0x00, 0x00, 0x0F, 0xE7, 0xF8, 0x00, 0x00, 0x0F,
    0xEF, 0xF0, 0x00, 0x00, 0x0F, 0xFF, 0xE0, 0x00, 0x00, 0x0B, 0xFF, 0xC0, 0x00, 0x00, 0x0B, 0xFF,
    0x80, 0x00, 0x00, 0x07, 0xFF, 0x00, 0x00, 0x00, 0x07, 0xFD, 0x00, 0x00, 0x00, 0x07, 0xFC, 0x00,
    0x00, 0x00, 0x0F, 0xF4, 0x00, 0x00, 0x00, 0x3F, 0xF0, 0x00, 0x00, 0x2A, 0xFF, 0xC0, 0x00, 0x00,
    0x3F, 0xFF, 0x40, 0x00, 0x00, 0x3F, 0xFD, 0x00, 0x00, 0x00, 0x3F, 0xE0, 0x00, 0x00, 0x00, 0x00,
    0x2F, 0x03, 0xE0, 0x00, 0x03, 0xF8, 0xBF, 0x00, 0x00, 0x7F, 0x4F, 0xF0, 0x00, 0x02, 0xE0, 0x7D,
    0x00, 0x00, 0x00, 0x00, 0x00, 0x00, 0x00, 0x00, 0x00, 0x00, 0x3F, 0xC0, 0x00, 0xFF, 0x83, 0xFD,
    0x00, 0x2F, 0xF0, 0x2F, 0xE0, 0x03, 0xFE, 0x01, 0xFF, 0x00, 0xFF, 0xC0, 0x0F, 0xF0, 0x1F, 0xF0,
    0x00, 0xFF, 0x43, 0xFD, 0x00, 0x0B, 0xF4, 0xBF, 0xC0, 0x00, 0x7F, 0x9F, 0xF0, 0x00, 0x03, 0xFF,
    0xFD, 0x00, 0x00, 0x3F, 0xFF, 0x80, 0x00, 0x02, 0xFF, 0xF0, 0x00, 0x00, 0x1F, 0xFD, 0x00, 0x00,
    0x00, 0xFF, 0x80, 0x00, 0x00, 0x0F, 0xF0, 0x00, 0x00, 0x01, 0xFF, 0x00, 0x00, 0x00, 0x2F, 0xF0,
    0x00, 0x00, 0x02, 0xFE, 0x00, 0x00, 0x00, 0x3F, 0xD0, 0x00, 0x00, 0x03, 0xFC, 0x00, 0x00, 0x00,
    0x7F, 0xC0, 0x00, 0x00, 0x0B, 0xF8, 0x00, 0x00, 0x00, 0x00, 0x00, 0x00, 0x15, 0x40, 0x00, 0x00,
    0x03, 0xFF, 0x00, 0x00, 0x00, 0x1F, 0xF0, 0x00, 0x00, 0x00, 0xFF, 0x00, 0x00, 0x00, 0x0F, 0xE0,
    0x00, 0x00, 0x00, 0x15, 0x00, 0x00, 0x00, 0x00, 0x00, 0x00, 0x00, 0x1F, 0xFF, 0xFF, 0xFC, 0x00,
    0xBF, 0xFF, 0xFF, 0xF0, 0x02, 0xFF, 0xFF, 0xFF, 0x80, 0x0B, 0xFF, 0xFF, 0xFC, 0x00, 0x00, 0x00,
    0xFF, 0xD0, 0x00, 0x00, 0x0B, 0xFE, 0x00, 0x00, 0x00, 0x7F, 0xF0, 0x00, 0x00, 0x03, 0xFF, 0x00,
    0x00, 0x00, 0x3F, 0xF4, 0x00, 0x00, 0x02, 0xFF, 0x40, 0x00, 0x00, 0x1F, 0xF8, 0x00, 0x00, 0x00,
    0xFF, 0xC0, 0x00, 0x00, 0x0F, 0xFC, 0x00, 0x00, 0x00, 0xBF, 0xD0, 0x00, 0x00, 0x0B, 0xFE, 0x00,
    0x00, 0x00, 0x7F, 0xF0, 0x00, 0x00, 0x03, 0xFF, 0x00, 0x00, 0x00, 0x3F, 0xFE, 0xAA, 0xA8, 0x01,
    0xFF, 0xFF, 0xFF, 0xE0, 0x0B, 0xFF, 0xFF, 0xFF, 0x40, 0x3F, 0xFF, 0xFF, 0xFC, 0x00, 0x00, 0x00,
    0x01, 0x54, 0x00, 0x00, 0x0F, 0xFC, 0x00, 0x00, 0x2F, 0xF0, 0x00, 0x00, 0x7F, 0x80, 0x00, 0x00,
    0xFE, 0x00, 0x00, 0x00, 0x50, 0x00, 0x00, 0x00, 0x00, 0x00, 0x00, 0xFF, 0xFF, 0xFC, 0x00, 0xFF,
    0xFF, 0xF8, 0x01, 0xFF, 0xFF, 0xF4, 0x00, 0x55, 0x7F, 0xF0, 0x00, 0x00, 0xBF, 0xC0, 0x00, 0x02,
    0xFF, 0x40, 0x00, 0x07, 0xFD, 0x00, 0x00, 0x0F, 0xF8, 0x00, 0x00, 0x3F, 0xF0, 0x00, 0x00, 0xFF,
    0xC0, 0x00, 0x02, 0xFF, 0x00, 0x00, 0x07, 0xFD, 0x00, 0x00, 0x1F, 0xF9, 0x55, 0x00, 0x3F, 0xFF,
    0xFF, 0x40, 0x3F, 0xFF, 0xFF, 0x00, 0x7F, 0xFF, 0xFF, 0x00, 0x00, 0x00, 0x00, 0x00, 0x00, 0x00,
    0x00, 0x1F, 0xD0, 0x00, 0x00, 0x00, 0xFF, 0x80, 0x00, 0x00, 0x03, 0xFE, 0x00, 0x00, 0x00, 0x0B,
    0xF0, 0x00, 0x00, 0x00, 0x00, 0x00, 0x00, 0x00, 0x00, 0x00, 0x00, 0x00, 0x1F, 0xFF, 0xFF, 0xFC,
    0x00, 0xBF, 0xFF, 0xFF, 0xF0, 0x02, 0xFF, 0xFF, 0xFF, 0x80, 0x0B, 0xFF, 0xFF, 0xFC, 0x00, 0x00,
    0x00, 0xFF, 0xD0, 0x00, 0x00, 0x0B, 0xFE, 0x00, 0x00, 0x00, 0x7F, 0xF0, 0x00, 0x00, 0x03, 0xFF,
    0x00, 0x00, 0x00, 0x3F, 0xF4, 0x00, 0x00, 0x02, 0xFF, 0x40, 0x00, 0x00, 0x1F, 0xF8, 0x00, 0x00,
    0x00, 0xFF, 0xC0, 0x00, 0x00, 0x0F, 0xFC, 0x00, 0x00, 0x00, 0xBF, 0xD0, 0x00, 0x00, 0x0B, 0xFE,
    0x00, 0x00, 0x00, 0x7F, 0xF0, 0x00, 0x00, 0x03, 0xFF, 0x00, 0x00, 0x00, 0x3F, 0xFE, 0xAA, 0xA8,
    0x01, 0xFF, 0xFF, 0xFF, 0xE0, 0x0B, 0xFF, 0xFF, 0xFF, 0x40, 0x3F, 0xFF, 0xFF, 0xFC, 0x00, 0x00,
    0x00, 0x00, 0x00, 0x00, 0x01, 0xFD, 0x00, 0x00, 0x0F, 0xF8, 0x00, 0x00, 0x3F, 0xE0, 0x00, 0x00,
    0xBF, 0x00, 0x00, 0x00, 0x00, 0x00, 0x00, 0x00, 0x00, 0x00, 0x3F, 0xFF, 0xFF, 0x00, 0xFF, 0xFF,
    0xF8, 0x07, 0xFF, 0xFF, 0xD0, 0x05, 0x57, 0xFF, 0x00, 0x00, 0x2F, 0xF0, 0x00, 0x02, 0xFF, 0x40,
    0x00, 0x1F, 0xF4, 0x00, 0x00, 0xFF, 0x80, 0x00, 0x0F, 0xFC, 0x00, 0x00, 0xFF, 0xC0, 0x00, 0x0B,
    0xFC, 0x00, 0x00, 0x7F, 0xD0, 0x00, 0x07, 0xFE, 0x55, 0x40, 0x3F, 0xFF, 0xFF, 0x40, 0xFF, 0xFF,
    0xFC, 0x07, 0xFF, 0xFF, 0xF0, 0x00, 0x00, 0x01, 0x50, 0x00, 0x50, 0x00, 0x0B, 0xF0, 0x2F, 0xC0,
    0x00, 0x0F, 0xE3, 0xFC, 0x00, 0x00, 0x1F, 0xFF, 0xC0, 0x00, 0x00, 0x3F, 0xFC, 0x00, 0x00, 0x00,
    0x15, 0x40, 0x00, 0x00, 0x00, 0x00, 0x00, 0x00, 0x1F, 0xFF, 0xFF, 0xFC, 0x00, 0xBF, 0xFF, 0xFF,
    0xF0, 0x02, 0xFF, 0xFF, 0xFF, 0x80, 0x0B, 0xFF, 0xFF, 0xFC, 0x00, 0x00, 0x00, 0xFF, 0xD0, 0x00,
    0x00, 0x0B, 0xFE, 0x00, 0x00, 0x00, 0x7F, 0xF0, 0x00, 0x00, 0x03, 0xFF, 0x00, 0x00, 0x00, 0x3F,
    0xF4, 0x00, 0x00, 0x02, 0xFF, 0x40, 0x00, 0x00, 0x1F, 0xF8, 0x00, 0x00, 0x00, 0xFF, 0xC0, 0x00,
    0x00, 0x0F, 0xFC, 0x00, 0x00, 0x00, 0xBF, 0xD0, 0x00, 0x00, 0x0B, 0xFE, 0x00, 0x00, 0x00, 0x7F,
    0xF0, 0x00, 0x00, 0x03, 0xFF, 0x00, 0x00, 0x00, 0x3F, 0xFE, 0xAA, 0xA8, 0x01, 0xFF, 0xFF, 0xFF,
    0xE0, 0x0B, 0xFF, 0xFF, 0xFF, 0x40, 0x3F, 0xFF, 0xFF, 0xFC, 0x00, 0x00, 0x15, 0x00, 0x15, 0x00,
    0x0B, 0xE0, 0x2F, 0xC0, 0x00, 0xFE, 0x3F, 0xC0, 0x00, 0x1F, 0xFF, 0xC0, 0x00, 0x03, 0xFF, 0xC0,
    0x00, 0x00, 0x15, 0x40, 0x00, 0x00, 0x00, 0x00, 0x00, 0x03, 0xFF, 0xFF, 0xF0, 0x00, 0xFF, 0xFF,
    0xF8, 0x00, 0x7F, 0xFF, 0xFD, 0x00, 0x05, 0x57, 0xFF, 0x00, 0x00, 0x02, 0xFF, 0x00, 0x00, 0x02,
    0xFF, 0x40, 0x00, 0x01, 0xFF, 0x40, 0x00, 0x00, 0xFF, 0x80, 0x00, 0x00, 0xFF, 0xC0, 0x00, 0x00,
    0xFF, 0xC0, 0x00, 0x00, 0xBF, 0xC0, 0x00, 0x00, 0x7F, 0xD0, 0x00, 0x00, 0x7F, 0xE5, 0x54, 0x00,
    0x3F, 0xFF, 0xFF, 0x40, 0x0F, 0xFF, 0xFF, 0xC0, 0x07, 0xFF, 0xFF, 0xF0, 0x00, 0x00, 0x00, 0x00,
    0x14, 0x00, 0x00, 0x00, 0x2F, 0xFD, 0x00, 0x00, 0x0F, 0xFF, 0xD0, 0x00, 0x02, 0xFF, 0xFC, 0x00,
    0x00, 0x3F, 0xE0, 0x40, 0x00, 0x07, 0xFC, 0x00, 0x00, 0x00, 0xBF, 0x80, 0x00, 0x00, 0x0F, 0xF4,
    0x00, 0x00, 0x00, 0xFF, 0x00, 0x00, 0x00, 0x1F, 0xF0, 0x00, 0x00, 0x02, 0xFF, 0x00, 0x00, 0x00,
    0x2F, 0xE0, 0x00, 0x00, 0x03, 0xFD, 0x00, 0x00, 0x00, 0x3F, 0xC0, 0x00, 0x00, 0x07, 0xFC, 0x00,
    0x00, 0x00, 0xBF, 0x80, 0x00, 0x00, 0x0F, 0xF4, 0x00, 0x00, 0x00, 0xFF, 0x40, 0x00, 0x00, 0x0F,
    0xF0, 0x00, 0x00, 0x01, 0xFF, 0x00, 0x00, 0x00, 0x2F, 0xE0, 0x00, 0x00, 0x03, 0xFD, 0x00, 0x00,
    0x00, 0x3F, 0xC0, 0x00, 0x00, 0x07, 0xFC, 0x00, 0x00, 0x00, 0xBF, 0xC0, 0x00, 0x00, 0x0F, 0xF8,
    0x00, 0x00, 0x6B, 0xFF, 0x00, 0x00, 0x0B, 0xFF, 0xE0, 0x00, 0x00, 0xBF, 0xFC, 0x00, 0x00, 0x07,
    0xFE, 0x00, 0x00, 0x00, 0x15, 0x40, 0x3F, 0xE0, 0x0F, 0xF0, 0x07, 0xF4, 0x01, 0xFC, 0x00, 0x54,
    0x00, 0x55, 0x00, 0xFF, 0x80, 0xFF, 0x80, 0xBF, 0x40, 0x7F, 0x40, 0x05, 0x00, 0x00, 0x00, 0x15,
    0x40, 0x01, 0xFF, 0xE0, 0x07, 0xFF, 0xF0, 0x1F, 0xE3, 0xFC, 0x7F, 0x40, 0xFD, 0x54, 0x00, 0x15,
    0x00, 0x00, 0x00, 0x02, 0xFD, 0x07, 0xC2, 0xFF, 0xFB, 0xE1, 0xFF, 0xFF, 0xF0, 0xBC, 0x1F, 0xF4,
    0x14, 0x00, 0x50, 0x00, 0x1A, 0xAA, 0x93, 0xFF, 0xFF, 0x7F, 0xFF, 0xE1, 0x55, 0x54, 0x1A, 0xAA,
    0xAA, 0x83, 0xFF, 0xFF, 0xFC, 0x3F, 0xFF, 0xFF, 0x81, 0x55, 0x55, 0x50, 0x14, 0x00, 0x55, 0xF4,
    0x03, 0xE3, 0xFA, 0xBF, 0x4F, 0xFF, 0xF8, 0x0B, 0xFF, 0x80, 0x01, 0x40, 0x00, 0x00, 0x0F, 0xEB,
    0xFF, 0xFF, 0x7F, 0x40, 0x00, 0x1F, 0x43, 0xE0, 0xFE, 0x2F, 0xC3, 0xF8, 0xBF, 0x0B, 0x81, 0xF4,
    0x00, 0x02, 0xFF, 0x8B, 0xFF, 0x51, 0xFE, 0x03, 0xF4, 0xBF, 0x83, 0xF4, 0x0A, 0x40, 0x01, 0x40,
    0x2F, 0xF4, 0x7E, 0xFC, 0xB8, 0x3D, 0xB8, 0x3D, 0x7E, 0xFC, 0x2F, 0xF4, 0x01, 0x40, 0x01, 0x54,
    0x15, 0x40, 0x7F, 0xC7, 0xFC, 0x0F, 0xF0, 0xFF, 0x03, 0xF8, 0x3F, 0x80, 0xBD, 0x0B, 0xD0, 0x05,
    0x00, 0x50, 0x00, 0x54, 0x00, 0x15, 0x7F, 0x01, 0xFD, 0x3F, 0xCB, 0xF4, 0x0F, 0xFF, 0xD0, 0x0B,
    0xFF, 0x40, 0x01, 0x54, 0x00, 0x05, 0x43, 0xF1, 0xF8, 0xBD, 0x3F, 0x0F, 0xC3, 0xE1, 0xF8, 0x68,
    0x00, 0x15, 0x05, 0x43, 0xF0, 0xFC, 0x7E, 0x1F, 0x87, 0xD1, 0xF4, 0xBD, 0x2F, 0x0A, 0x82, 0xA0,
    0x15, 0x41, 0x50, 0x3F, 0xC7, 0xF8, 0x0F, 0xD2, 0xFC, 0x07, 0xF0, 0xFD, 0x01, 0xF4, 0x3F, 0x00,
    0x50, 0x05, 0x00, 0x7C, 0x00, 0x03, 0xF8, 0x01, 0x4F, 0xD1, 0x4F, 0x19, 0x2E, 0x3E, 0x02, 0xF0,
    0xBF, 0xFF, 0x80, 0xBF, 0xF8, 0x00, 0x14, 0x00, 0x00, 0x54, 0x00, 0x2F, 0xFF, 0x03, 0xFF, 0xFF,
    0x1F, 0xEA, 0xFC, 0xBC, 0x01, 0xF5, 0x40, 0x01, 0x40, 0x00, 0xFD, 0x02, 0xFC, 0x03, 0xF8, 0x0B,
    0xF0, 0x1F, 0xF0, 0x3F, 0xD0, 0x7F, 0xC0, 0x15, 0x00, 0x03, 0xFD, 0x03, 0xFC, 0x0B, 0xF4, 0x0F,
    0xF0, 0x1F, 0xD0, 0x3F, 0xC0, 0x3F, 0x00, 0x15, 0x00, 0xFF, 0x3F, 0xCF, 0xF2, 0xFC, 0x7F, 0x1F,
    0xC3, 0xF0, 0x54, 0x03, 0xFD, 0x03, 0xFC, 0x0B, 0xF4, 0x0F, 0xF0, 0x1F, 0xD0, 0x3F, 0xC0, 0x3F,
    0x00, 0x15, 0x00, 0x15, 0x41, 0xFF, 0x02, 0xFD, 0x03, 0xF8, 0x03, 0xF0, 0x01, 0x40, 0x00, 0x55,
    0x00, 0xBF, 0xC0, 0x7F, 0xC0, 0x3F, 0xC0, 0x3F, 0x80, 0x05, 0x40, 0x00, 0x00, 0x00, 0x01, 0xE0,
    0x5B, 0x4F, 0xFC, 0x15, 0xF0, 0x03, 0xC0, 0x04, 0x00, 0x00, 0x00, 0x74, 0x02, 0xD5, 0x0F, 0xFC,
    0x3D, 0x51, 0xE0, 0x01, 0x00, 0x00, 0x00, 0x00, 0x03, 0xFF, 0xFC, 0x2A, 0xAB, 0xC0, 0x00, 0x78,
    0x00, 0x07, 0x40, 0x00, 0xB0, 0x00, 0x0F, 0x00, 0x00, 0xF0, 0x00, 0x09, 0x00, 0x00, 0x55, 0x00,
    0x7F, 0xC0, 0x2F, 0xF0, 0x0F, 0xF4, 0x2F, 0xF8, 0x1F, 0xF8, 0x0B, 0xE0, 0x00, 0x00, 0x00, 0x07,
    0x8B, 0xD3, 0xD1, 0xF0, 0x7D, 0x0F, 0x80, 0x90, 0x02, 0x80, 0x0F, 0x00, 0x78, 0x1B, 0xF9, 0xFF,
    0xF4, 0x00, 0x00, 0x2A, 0xA8, 0x3F, 0xFC, 0x07, 0x80, 0x07, 0x40, 0x0B, 0x00, 0x00, 0x00, 0x00,
    0x00, 0x0F, 0x00, 0x3C, 0x1F, 0xFE, 0x6F, 0xE4, 0x2C, 0x00, 0xA0, 0x00, 0x6A, 0xAB, 0xFF, 0xE0,
    0x00, 0x00, 0x00, 0x15, 0x00, 0x1F, 0xD0, 0x0B, 0xF0, 0x02, 0xFC, 0x00, 0xFE, 0x00, 0xBF, 0x43,
    0xFF, 0xC0, 0xFF, 0xD0, 0x3F, 0xD0, 0x00, 0x0A, 0x80, 0x1F, 0xC0, 0x2F, 0xC0, 0x3F, 0xC0, 0x3F,
    0x80, 0x3F, 0xD8, 0x3F, 0xFC, 0x1F, 0xFC, 0x02, 0xA4, 0x00, 0x01, 0xFC, 0x3F, 0xE3, 0xFD, 0x3F,
    0xC0, 0x00, 0x1F, 0x43, 0xE0, 0xFE, 0x2F, 0xC3, 0xF8, 0xBF, 0x0B, 0x81, 0xF4, 0x05, 0x40, 0x3F,
    0xF0, 0xBE, 0xFC, 0xF4, 0x3C, 0xF4, 0x3C, 0xBE, 0xFC, 0x3F, 0xF0, 0x01, 0x00, 0x00, 0x00, 0x3F,
    0xD0, 0xFE, 0x0B, 0xF0, 0x3F, 0x00, 0x54, 0x00, 0x03, 0xE0, 0x0F, 0xF4, 0x07, 0xFC, 0x00, 0xFC,
    0x57, 0xFC, 0x7F, 0xF8, 0x7F, 0xD0, 0x03, 0xF0, 0x3F, 0x03, 0xF4, 0x0F, 0xC0, 0x3F, 0xA0, 0xFF,
    0xD0, 0xFF, 0x00, 0x00, 0x05, 0x40, 0xFC, 0x1F, 0x81, 0xF4, 0x2F, 0x03, 0xF0, 0x3F, 0x07, 0xE0,
    0x68, 0x00, 0x0A, 0xAA, 0xAA, 0x07, 0xFF, 0xFF, 0xC2, 0xD0, 0x00, 0xF0, 0xF0, 0x00, 0x78, 0x3C,
    0x00, 0x2D, 0x05, 0x00, 0x01, 0x00, 0x00, 0x00, 0x00, 0xB0, 0x38, 0x1D, 0xB9, 0xFD, 0x7C, 0x3F,
    0xDF, 0xF0, 0x00, 0x00, 0x00, 0x14, 0x00, 0x15, 0x0F, 0xC0, 0x7F, 0x82, 0xFC, 0xBF, 0x40, 0x3F,
    0xFF, 0x40, 0x07, 0xFF, 0x80, 0x00, 0x55, 0x40, 0x00, 0x00, 0x15, 0x40, 0x00, 0x3F, 0xFC, 0x00,
    0x3F, 0xFF, 0x80, 0x3F, 0xCB, 0xF0, 0x3F, 0x80, 0xBF, 0x05, 0x00, 0x05, 0x40, 0x14, 0x00, 0x14,
    0x3E, 0x00, 0xFC, 0x3F, 0xEB, 0xF8, 0x1F, 0xFF, 0xF0, 0x0B, 0xFF, 0x80, 0x00, 0x54, 0x00, 0x00,
    0x55, 0x00, 0x1F, 0xFF, 0x41, 0xFF, 0xFF, 0x0F, 0xEA, 0xFE, 0x7D, 0x00, 0xF8, 0x50, 0x01, 0x40,
    0x00, 0x00, 0x00, 0x01, 0xFD, 0x03, 0xD1, 0xFF, 0xFB, 0xF0, 0xFF, 0xFF, 0xF8, 0x7C, 0x0B, 0xF8,
    0x05, 0x00, 0x10, 0x00, 0x1A, 0xAA, 0xA0, 0xFF, 0xFF, 0xC3, 0xFF, 0xFF, 0x05, 0x55, 0x50, 0x15,
    0x55, 0x55, 0x4B, 0xFF, 0xFF, 0xFD, 0x6A, 0xAA, 0xAA, 0x80, 0x05, 0x55, 0x55, 0x41, 0xFF, 0xFF,
    0xFD, 0x1A, 0xAA, 0xAA, 0x80, 0x00, 0x00, 0x00, 0x15, 0x55, 0x55, 0x43, 0xFF, 0xFF, 0xF8, 0x2A,
    0xAA, 0xAA, 0x00, 0x00, 0x00, 0x00, 0x00, 0xBE, 0x02, 0xF0, 0xFF, 0xFA, 0xF8, 0x7F, 0xFF, 0xFC,
    0x3E, 0x0B, 0xFD, 0x05, 0x00, 0x14, 0x00, 0x2A, 0xAA, 0xAA, 0x5F, 0xFF, 0xFF, 0xE7, 0xFF, 0xFF,
    0xF5, 0x55, 0x55, 0x54, 0x3F, 0xFF, 0xFF, 0xFF, 0xFF, 0xE7, 0xFF, 0xFF, 0xFF, 0xFF, 0xFE, 0xBF,
    0xFF, 0xFF, 0xFF, 0xFF, 0xD0, 0x00, 0x00, 0x00, 0x00, 0x00, 0x00, 0x00, 0x00, 0x00, 0x00, 0xB0,
    0x00, 0x07, 0xF8, 0x00, 0x3F, 0xF8, 0x02, 0xFF, 0xD0, 0x1F, 0xFD, 0x00, 0x3F, 0xE0, 0x00, 0x0F,
    0x40, 0x00, 0x04, 0x00, 0x00, 0x00, 0x00, 0x00, 0x00, 0x00, 0x00, 0x00, 0x00, 0xFC, 0x00, 0x00,
    0x00, 0x2F, 0x40, 0x00, 0x00, 0x03, 0xE0, 0x00, 0x00, 0x00, 0xBC, 0x00, 0x00, 0x00, 0x1F, 0x80,
    0x00, 0x00, 0x03, 0xF0, 0x00, 0x00, 0x00, 0x7D, 0x00, 0x00, 0x00, 0x0F, 0xC0, 0x00, 0x00, 0x02,
    0xF4, 0x00, 0x00, 0x00, 0x3E, 0x00, 0x00, 0x00, 0x0B, 0xC0, 0x00, 0x00, 0x01, 0xF8, 0x00, 0x00,
    0x00, 0x3F, 0x00, 0x00, 0x00, 0x07, 0xD0, 0x00, 0x00, 0x00, 0xFC, 0x00, 0x00, 0x00, 0x2F, 0x40,
    0x00, 0x00, 0x03, 0xE0, 0x00, 0x00, 0x00, 0xBC, 0x00, 0x00, 0x00, 0x1F, 0x80, 0x00, 0x00, 0x03,
    0xF0, 0x00, 0x00, 0x00, 0x7D, 0x00, 0x00, 0x00, 0x0F, 0xC0, 0x00, 0x00, 0x02, 0xF4, 0x00, 0x00,
    0x00, 0x2A, 0x00, 0x00, 0x00, 0x00, 0x0A, 0x00, 0xF8, 0x07, 0xC0, 0x3C, 0x0B, 0xC3, 0xF4, 0x39,
    0x00, 0x28, 0x00, 0x18, 0x3C, 0x00, 0x2C, 0x78, 0x00, 0x3C, 0xB9, 0x55, 0x7C, 0xFF, 0xFF, 0xF8,
    0x55, 0x55, 0x50, 0x00, 0x00, 0x00, 0x3F, 0xFF, 0xFC, 0x39, 0x55, 0x7C, 0x74, 0x00, 0x38, 0xB0,
    0x00, 0x74, 0xBF, 0xFF, 0xF0, 0xAA, 0xAA, 0xA0, 0x00, 0x00, 0x00, 0x0F, 0xF7, 0xF8, 0x3D, 0x7E,
    0x6D, 0xB0, 0x38, 0x1D, 0x00, 0x00, 0x00, 0x04, 0x00, 0x2D, 0x7C, 0x1F, 0xF0, 0x0F, 0xC0, 0x3F,
    0xF0, 0x74, 0xF0, 0x00, 0x00, 0x00, 0x00, 0x0B, 0xD0, 0xBD, 0x03, 0xD0, 0x0B, 0x80, 0x0F, 0x00,
    0x3C, 0x02, 0xF0, 0x3E, 0x00, 0x00, 0x00, 0x05, 0x55, 0x55, 0x41, 0xFF, 0xFF, 0xFD, 0x1A, 0xAA,
    0xAA, 0x80, 0x00, 0x00, 0x00, 0x15, 0x55, 0x55, 0x43, 0xFF, 0xFF, 0xF8, 0x2A, 0xAA, 0xAA, 0x40,
    0x15, 0x40, 0xFF, 0x80, 0xFF, 0x01, 0xFD, 0x01, 0xFC, 0x01, 0x50, 0x01, 0x55, 0x07, 0xFD, 0x0F,
    0xF4, 0x2F, 0xD0, 0xBF, 0x00, 0x54, 0x00, 0x00, 0x00, 0x00, 0x01, 0xFD, 0x03, 0xD1, 0xFF, 0xFB,
    0xF0, 0xFF, 0xFF, 0xF8, 0x7C, 0x1F, 0xF8, 0x05, 0x00, 0x10, 0x00, 0x6A, 0x0B, 0xFC, 0x5F, 0xC0,
    0xFC, 0x0F, 0x40, 0x50, 0x00, 0x01, 0xAA, 0x00, 0x03, 0xE0, 0xFF, 0x8F, 0x83, 0xFC, 0xBF, 0x8F,
    0xF0, 0xFE, 0x3F, 0xC3, 0xFC, 0x2E, 0x1F, 0xC0, 0xB8, 0x00, 0x01, 0x40, 0x00, 0x00, 0x00, 0x03,
    0xF4, 0x3F, 0x47, 0xF9, 0x7F, 0xD2, 0xFC, 0x00, 0x00, 0x00, 0x0F, 0xFF, 0xFF, 0xF7, 0xEA, 0xAA,
    0xB9, 0xD0, 0x00, 0x2D, 0xB0, 0x00, 0x0F, 0x28, 0x00, 0x02, 0x80, 0x05, 0x55, 0x55, 0x41, 0xFF,
    0xFF, 0xFD, 0x1A, 0xAA, 0xAA, 0x80, 0x00, 0x00, 0x00, 0x15, 0x55, 0x55, 0x43, 0xFF, 0xFF, 0xF8,
    0x2A, 0xAA, 0xAA, 0x40, 0x15, 0x05, 0x43, 0xF0, 0xFC, 0x3E, 0x0F, 0x87, 0xE1, 0xF4, 0xBD, 0x2F,
    0x46, 0x81, 0xA0, 0x15, 0x4B, 0xFE, 0x6B, 0xD0, 0x2C, 0x03, 0xC0, 0x3C, 0x00, 0x04, 0x00, 0x04,
    0x74, 0x52, 0xFF, 0xC7, 0x9F, 0xBF, 0xFC, 0xB0, 0xFF, 0xD1, 0x4B, 0x04, 0x00, 0x00, 0x00, 0x00,
    0x00, 0x05, 0x00, 0x00, 0x3F, 0x40, 0x00, 0x3F, 0x40, 0x00, 0x3F, 0x00, 0x06, 0x90, 0x1C, 0x1F,
    0xFD, 0x7C, 0x3D, 0xBF, 0xF4, 0x74, 0x0B, 0xD0, 0x00, 0xB4, 0x00, 0x02, 0xFC, 0x00, 0x02, 0xF8,
    0x00, 0x00, 0xA0, 0x00, 0x00, 0x00, 0x00, 0x07, 0xF8, 0x2C, 0x0F, 0xFF, 0xF8, 0x2D, 0x1F, 0xE0,
    0x00, 0x00, 0x00, 0x0B, 0xD0, 0x74, 0x3F, 0xFF, 0xF0, 0xB4, 0x7F, 0xC0, 0x50, 0x05, 0x00, 0x00,
    0x81, 0x40, 0x1E, 0x0B, 0x43, 0xFF, 0xFF, 0x87, 0xEA, 0xF8, 0x07, 0x03, 0x00, 0x00, 0x00, 0x00,
    0x00, 0x00, 0x70, 0x1F, 0xC2, 0xF9, 0x0F, 0x01, 0xE0, 0x2D, 0x00, 0x7F, 0xC0, 0x3F, 0xC0, 0x3F,
    0xD7, 0xFC, 0x03, 0xFC, 0x03, 0xFD, 0x70, 0x00, 0x00, 0x00, 0x00, 0xD7, 0x00, 0x00, 0x50, 0x00,
    0x0D, 0x60, 0x00, 0xCA, 0x30, 0x00, 0x90, 0x00, 0x84, 0x01, 0x20, 0x00, 0x00, 0x0C, 0x00, 0x03,
    0x00, 0x00, 0x06, 0x00, 0x00, 0x05, 0x00, 0x60, 0x60, 0x00, 0x00, 0xA0, 0x97, 0x00, 0x00, 0x00,
    0x00, 0x0D, 0x70, 0xD0, 0x00, 0x00, 0x30, 0xD7, 0x04, 0x00, 0x00, 0x01, 0x0D, 0x70, 0x60, 0x00,
    0x00, 0x50, 0xD0, 0x06, 0x00, 0x00, 0x0A, 0x00, 0x00, 0x08, 0x00, 0x02, 0x00, 0x00, 0x00, 0xC4,
    0x01, 0x30, 0x00, 0x20, 0x01, 0xCA, 0x34, 0x00, 0x87, 0x00, 0x00, 0x50, 0x00, 0x0D, 0x70, 0x00,
    0x00, 0x00, 0x00, 0xD7, 0xA8, 0x02, 0xA8, 0x02, 0xAD, 0x7F, 0xC0, 0x7F, 0xD0, 0x3F, 0xD0, 0x00,
    0x38, 0x0B, 0xE0, 0x3F, 0x1F, 0xFF, 0x48, 0x00, 0x06, 0xC1, 0xFC, 0x3E, 0x03, 0xC0, 0x3E, 0x02,
    0xF0, 0x06, 0x00, 0x01, 0xBE, 0x40, 0x3F, 0xFF, 0x82, 0xFA, 0xBF, 0x0F, 0x40, 0x3D, 0x78, 0xFC,
    0xB8, 0x07, 0xF4, 0x00, 0x0F, 0xC0, 0x00, 0x04, 0x00, 0x00, 0x00, 0x92, 0x03, 0xFE, 0x07, 0xF0,
    0x3F, 0xD0, 0xF7, 0x80, 0x00, 0x00, 0x00, 0x50, 0xBD, 0x3F, 0x43, 0xE0, 0x1B, 0xD0, 0x0A, 0x90,
    0x0B, 0xE0, 0x1F, 0xC0, 0xBC, 0x7E, 0x4A, 0x00, 0x90, 0x01, 0x40, 0xBD, 0x03, 0xE0, 0x1F, 0xC7,
    0xF0, 0x0F, 0xCB, 0x74, 0xBE, 0x0E, 0x38, 0xD0, 0x2C, 0x1C, 0x0A, 0x00, 0xF8, 0x0B, 0xC0, 0x3C,
    0x0B, 0xC3, 0xF4, 0x39, 0x00, 0x00, 0x0F, 0xEB, 0xFF, 0xFF, 0x7F, 0x00, 0x00, 0x03, 0x80, 0x8E,
    0x53, 0xFF, 0x82, 0xF4, 0x1E, 0xF0, 0x22, 0x40, 0x00, 0x00, 0x00, 0x2F, 0xDB, 0xF4, 0x79, 0xBD,
    0x7C, 0xB0, 0x38, 0x0D, 0xB0, 0x38, 0x0D, 0x79, 0xFE, 0x7C, 0x1F, 0xD7, 0xF0, 0x34, 0x07, 0x00,
    0xBF, 0xDA, 0xBC, 0x02, 0xC0, 0x24, 0xBC, 0x00, 0x00, 0x00, 0x02, 0xF1, 0xFD, 0x00, 0x00, 0x00,
    0x7F, 0x42, 0xFE, 0x40, 0x00, 0x6F, 0xF4, 0x02, 0xFF, 0xFF, 0xFF, 0xFF, 0x40, 0x01, 0xFF, 0xFF,
    0xFF, 0xE0, 0x00, 0x00, 0x6F, 0xFF, 0xE4, 0x00, 0x00, 0x7D, 0x00, 0x00, 0x00, 0x02, 0xF0, 0xFD,
    0x00, 0x00, 0x00, 0x7F, 0x82, 0xFF, 0x40, 0x00, 0x1F, 0xF8, 0x02, 0xFF, 0xFF, 0xFF, 0xFF, 0x40,
    0x01, 0xFF, 0xFF, 0xFF, 0xE0, 0x00, 0x00, 0x2B, 0xFF, 0xE4, 0x00, 0x00, 0x1A, 0xAA, 0xAA, 0xAA,
    0x4F, 0xFF, 0xFF, 0xFF, 0xC3, 0xFF, 0xFF, 0xFF, 0xF0, 0x55, 0x55, 0x55, 0x54, 0x2A, 0xAA, 0xAA,
    0xA9, 0x7F, 0xFF, 0xFF, 0xFE, 0xBF, 0xFF, 0xFF, 0xFD, 0x15, 0x55, 0x55, 0x54, 0x00, 0x00, 0x00,
    0x00, 0x00, 0x00, 0x02, 0xFF, 0xFA, 0x40, 0x00, 0x7C, 0x0F, 0xFF, 0xFF, 0xFF, 0xAB, 0xF8, 0x3F,
    0xEB, 0xFF, 0xFF, 0xFF, 0xF0, 0x7D, 0x00, 0x06, 0xBF, 0xFF, 0x80, 0x10, 0x00, 0x00, 0x00, 0x10,
    0x00, 0x00, 0x00, 0x00, 0x00, 0x00, 0x00, 0x00, 0x0B, 0xFF, 0xFA, 0x00, 0x00, 0x07, 0xFF, 0xFF,
    0xFF, 0x80, 0x00, 0xFF, 0xFF, 0xFF, 0xFF, 0xD0, 0x0F, 0xF9, 0x00, 0x00, 0xBF, 0xC0, 0xFE, 0x00,
    0x00, 0x00, 0x2F, 0x8A, 0x90, 0x00, 0x00, 0x00, 0x2A, 0x00, 0x00, 0x00, 0x00, 0x00, 0x00, 0x00,
    0x00, 0x00, 0x00, 0x00, 0x03, 0x40, 0x15, 0x55, 0x55, 0x55, 0x57, 0xE0, 0x3F, 0xFF, 0xFF, 0xFF,
    0xFF, 0xFC, 0x7F, 0xFF, 0xFF, 0xFF, 0xFF, 0xF0, 0x00, 0x00, 0x00, 0x00, 0x03, 0x80, 0x00, 0x00,
    0x00, 0x00, 0x01, 0x00, 0x02, 0x44, 0x1F, 0xFD, 0x3C, 0x3C, 0x78, 0x3C, 0x78, 0x78, 0x7D, 0xF4,
    0x3F, 0xB0, 0x00, 0x00, 0x01, 0xA0, 0x0F, 0xBC, 0x2D, 0x3C, 0x3F, 0xF8, 0x3D, 0x40, 0x3D, 0x60,
    0x1F, 0xF0, 0x00, 0x00, 0x0F, 0x02, 0x80, 0x40, 0xB4, 0x3C, 0x0F, 0x07, 0x82, 0xD0, 0xB0, 0x00,
    0x01, 0x90, 0x1F, 0xF8, 0x3C, 0x3C, 0x78, 0x3C, 0x74, 0x3C, 0x7D, 0xF4, 0x2F, 0xD0, 0x00, 0x00,
    0x04, 0x04, 0x2C, 0x2D, 0x3C, 0x3C, 0x3C, 0x3C, 0x78, 0x78, 0x7D, 0xF4, 0x3E, 0x70, 0x00, 0x00,
    0x02, 0x90, 0xBF, 0xC7, 0xC0, 0x2D, 0x00, 0xF0, 0x02, 0xE6, 0x02, 0xFC, 0x00, 0x00, 0x00, 0x0F,
    0x00, 0x03, 0xC0, 0x25, 0xE0, 0x7F, 0xF4, 0x3C, 0x3C, 0x1E, 0x0F, 0x07, 0x47, 0x81, 0xF7, 0xD0,
    0x2F, 0xB0, 0x00, 0x00, 0x00, 0x0F, 0x00, 0x0F, 0x00, 0x1E, 0x60, 0x2F, 0xFC, 0x3D, 0x3C, 0x3C,
    0x3C, 0x78, 0x78, 0xB4, 0x74, 0xB0, 0xB0, 0x04, 0x60, 0x60, 0x2F, 0xFE, 0xFC, 0x3D, 0x3D, 0x3C,
    0x3C, 0x3C, 0x3C, 0x78, 0x78, 0x78, 0xB4, 0xB4, 0xB4, 0xB0, 0xB0, 0xB0, 0x04, 0x60, 0x7F, 0xC2,
    0xF0, 0x0F, 0x00, 0x3C, 0x01, 0xE0, 0x0B, 0x40, 0x00, 0x03, 0x00, 0xF5, 0x3F, 0xD1, 0xD0, 0x2D,
    0x03, 0xC0, 0x3D, 0x02, 0xF4, 0x00, 0x00, 0x50, 0x17, 0xC2, 0xDB, 0x0E, 0x1D, 0xF0, 0x7B, 0x80,
    0xFC, 0x03, 0xD0, 0x00, 0x05, 0x01, 0x41, 0xF3, 0xC0, 0x3F, 0xC0, 0x07, 0xD0, 0x03, 0xF4, 0x03,
    0xDF, 0x03, 0xD2, 0xD0, 0x00, 0x3F, 0xC0, 0x00, 0x07, 0xFC, 0x00, 0x00, 0xBF, 0xC0, 0x00, 0x0B,
    0xF8, 0x00, 0x00, 0xFF, 0x40, 0x00, 0x0F, 0xF4, 0x00, 0x01, 0xFF, 0x00, 0x00, 0x2F, 0xF0, 0x00,
    0x03, 0xFF, 0xAA, 0x80, 0x3F, 0xFF, 0xFC, 0x03, 0xFF, 0xFF, 0x80, 0x7F, 0xFF, 0xF4, 0x0B, 0xFC,
    0x00, 0x00, 0xFF, 0x80, 0x00, 0x0F, 0xF4, 0x00, 0x01, 0xFF, 0x00, 0x00, 0x1F, 0xF0, 0x00, 0x02,
    0xFE, 0x00, 0x00, 0x3F, 0xE0, 0x00, 0x03, 0xFD, 0x00, 0x00, 0x7F, 0xC0, 0x00, 0x00, 0x00, 0xFF,
    0x00, 0x01, 0xFF, 0x00, 0x02, 0xFE, 0x00, 0x03, 0xFD, 0x00, 0x03, 0xFD, 0x00, 0x07, 0xFC, 0x00,
    0x0B, 0xFF, 0xFD, 0x0B, 0xFF, 0xFD, 0x0F, 0xFF, 0xFC, 0x0F, 0xF9, 0x54, 0x1F, 0xF0, 0x00, 0x2F,
    0xF0, 0x00, 0x3F, 0xE0, 0x00, 0x3F, 0xD0, 0x00, 0x3F, 0xC0, 0x00, 0x7F, 0xC0, 0x00, 0x0B, 0xFF,
    0xFF, 0xFF, 0xF8, 0x3F, 0xFF, 0xFF, 0xFF, 0xE0, 0xFF, 0xFF, 0xFF, 0xFF, 0x43, 0xFF, 0xFF, 0xFF,
    0xFC, 0x1F, 0xC1, 0xFF, 0x0B, 0xF0, 0xBF, 0x0B, 0xFC, 0x3F, 0xC3, 0xFC, 0x3F, 0xE0, 0xFE, 0x0F,
    0xE0, 0xFF, 0x47, 0xF4, 0x7F, 0x43, 0xFC, 0x1F, 0xC0, 0x00, 0x1F, 0xF0, 0x00, 0x00, 0x00, 0xBF,
    0x80, 0x00, 0x00, 0x03, 0xFE, 0x00, 0x00, 0x00, 0x0F, 0xF4, 0x00, 0x00, 0x00, 0x7F, 0xC0, 0x00,
    0x00, 0x01, 0xFF, 0x00, 0x00, 0x00, 0x0B, 0xF8, 0x00, 0x00, 0x00, 0x3F, 0xD0, 0x00, 0x00, 0x00,
    0xFF, 0x00, 0x00, 0x00, 0x07, 0xFC, 0x00, 0x00, 0x00, 0x2F, 0xF0, 0x00, 0x00, 0x00, 0xBF, 0x80,
    0x00, 0x00, 0x00, 0x10, 0x00, 0x00, 0x00, 0x3F, 0xFF, 0xFF, 0xFF, 0xC0, 0xFF, 0xFF, 0xFF, 0xFF,
    0x07, 0xFF, 0xFF, 0xFF, 0xF8, 0x2F, 0xD7, 0xFE, 0x6F, 0xD0, 0xFF, 0x0F, 0xF4, 0x7F, 0x43, 0xF8,
    0x3F, 0xC2, 0xFC, 0x0F, 0xD1, 0xFF, 0x0F, 0xF0, 0x7F, 0x0B, 0xF8, 0x3F, 0x80, 0x00, 0x3F, 0xD0,
    0x00, 0x00, 0x00, 0xFF, 0x40, 0x00, 0x00, 0x07, 0xFC, 0x00, 0x00, 0x00, 0x1F, 0xF0, 0x00, 0x00,
    0x00, 0xBF, 0x80, 0x00, 0x00, 0x03, 0xFD, 0x00, 0x00, 0x00, 0x0F, 0xF0, 0x00, 0x00, 0x00, 0x7F,
    0xC0, 0x00, 0x00, 0x02, 0xFF, 0x00, 0x00, 0x00, 0x0B, 0xF8, 0x00, 0x00, 0x00, 0x3F, 0xD0, 0x00,
    0x00, 0x00, 0xFF, 0x00, 0x00, 0x00, 0x07, 0xFC, 0x00, 0x00, 0x00, 0x2F, 0xE0, 0x00, 0x00, 0x00,
    0x01, 0x55, 0x07, 0xFD, 0x0B, 0xF8, 0x0F, 0xF0, 0x2F, 0xC0, 0x3F, 0x00, 0x00, 0x00, 0x00, 0xBD,
    0x01, 0xFC, 0x07, 0xF8, 0x0F, 0xF0, 0x3F, 0xE0, 0x6A, 0x80, 0x00, 0xBF, 0x40, 0x00, 0xFF, 0xD0,
    0x0F, 0xF0, 0x00, 0x3F, 0xFC, 0x00, 0xFF, 0x00, 0x0B, 0xFF, 0xC0, 0x1F, 0xE0, 0x01, 0xFF, 0xF8,
    0x02, 0xFD, 0x00, 0x3F, 0xFF, 0x40, 0x2F, 0xD0, 0x0F, 0xFF, 0xF4, 0x03, 0xFC, 0x02, 0xFE, 0xFF,
    0x00, 0x3F, 0xC0, 0x3F, 0xCF, 0xF0, 0x07, 0xF8, 0x0F, 0xF5, 0xFE, 0x00, 0xBF, 0x42, 0xFE, 0x1F,
    0xD0, 0x0F, 0xF0, 0x7F, 0xC2, 0xFC, 0x00, 0xFF, 0x0F, 0xF0, 0x3F, 0xC0, 0x0F, 0xE3, 0xFD, 0x03,
    0xFC, 0x01, 0xFE, 0xBF, 0x80, 0x7F, 0x80, 0x2F, 0xEF, 0xF0, 0x0B, 0xF4, 0x03, 0xFF, 0xFD, 0x00,
    0xFF, 0x00, 0x3F, 0xFF, 0x80, 0x0F, 0xF0, 0x07, 0xFF, 0xF0, 0x00, 0xFE, 0x00, 0x7F, 0xFC, 0x00,
    0x1F, 0xE0, 0x0B, 0xFF, 0x40, 0x02, 0xFD, 0x00, 0xFF, 0xE0, 0x00, 0x3F, 0xC0, 0x00, 0x02, 0xFD,
    0x00, 0x3F, 0xF4, 0x0F, 0xF0, 0x02, 0xFF, 0xC0, 0x3F, 0xC0, 0x1F, 0xFF, 0x01, 0xFF, 0x01, 0xFF,
    0xF8, 0x0B, 0xF8, 0x0F, 0xFF, 0xE0, 0x2F, 0xD0, 0xFF, 0xFF, 0x40, 0xFF, 0x0B, 0xF7, 0xFC, 0x03,
    0xFC, 0x7F, 0x8F, 0xF0, 0x1F, 0xE3, 0xFC, 0x7F, 0x80, 0xBF, 0x7F, 0xC2, 0xFD, 0x03, 0xFE, 0xFD,
    0x0F, 0xF4, 0x0F, 0xFF, 0xE0, 0x3F, 0xC0, 0x3F, 0xFF, 0x01, 0xFF, 0x01, 0xFF, 0xF0, 0x07, 0xF8,
    0x0B, 0xFF, 0x00, 0x2F, 0xD0, 0x3F, 0xF4, 0x00, 0xFF, 0x00, 0x00, 0x03, 0xF0, 0x7F, 0x0B, 0xF8,
    0xBF, 0xC3, 0xF8, 0x00, 0x00, 0x00, 0x00, 0x1B, 0xFF, 0x80, 0x03, 0xFF, 0xFF, 0x40, 0x3F, 0xFF,
    0xFC, 0x03, 0xE5, 0xFF, 0xD0, 0x00, 0x03, 0xFE, 0x00, 0x00, 0x2F, 0xF0, 0x00, 0x02, 0xFF, 0x00,
    0x00, 0x2F, 0xF0, 0x00, 0x03, 0xFE, 0x00, 0x00, 0x3F, 0xD0, 0x00, 0x0B, 0xFC, 0x00, 0x01, 0xFF,
    0x80, 0xD4, 0x7F, 0xF0, 0x2F, 0xFF, 0xFD, 0x03, 0xFF, 0xFF, 0x40, 0x2F, 0xFF, 0x80, 0x00, 0x05,
    0x00, 0x00, 0x00, 0x00, 0x00, 0x00, 0x02, 0xFF, 0xF8, 0x01, 0xFF, 0xFF, 0xC0, 0x3F, 0xFF, 0xF8,
    0x0F, 0xFE, 0x5B, 0x42, 0xFF, 0x40, 0x00, 0x3F, 0xE0, 0x00, 0x07, 0xFD, 0x1F, 0xD0, 0x7F, 0xC3,
    0xFE, 0x0B, 0xFC, 0x3F, 0xE0, 0xBF, 0x82, 0xFC, 0x0B, 0xF8, 0x00, 0x00, 0xBF, 0xC0, 0x00, 0x07,
    0xFF, 0x56, 0xC0, 0x3F, 0xFF, 0xFC, 0x01, 0xFF, 0xFF, 0xC0, 0x03, 0xFF, 0xF4, 0x00, 0x01, 0x40,
    0x00, 0x00, 0x00, 0x00, 0x00, 0x1B, 0xFF, 0x80, 0x03, 0xFF, 0xFF, 0x40, 0x3F, 0xFF, 0xFC, 0x03,
    0xE5, 0xFF, 0xD0, 0x00, 0x03, 0xFE, 0x00, 0x00, 0x2F, 0xF0, 0x3F, 0xC2, 0xFF, 0x07, 0xFC, 0x2F,
    0xF0, 0xBF, 0xC3, 0xFE, 0x03, 0xF4, 0x3F, 0xD0, 0x00, 0x0B, 0xFC, 0x00, 0x01, 0xFF, 0x80, 0xD4,
    0x7F, 0xF0, 0x2F, 0xFF, 0xFD, 0x03, 0xFF, 0xFF, 0x40, 0x2F, 0xFF, 0x80, 0x00, 0x05, 0x00, 0x00,
    0x00, 0x00, 0x00, 0x01, 0xFE, 0x00, 0x3F, 0xF0, 0x03, 0xFF, 0x00, 0x3F, 0xD0, 0x00, 0xA4, 0x00,
    0x00, 0x00, 0x00, 0x00, 0x00, 0x00, 0x00, 0x00, 0x00, 0x00, 0x00, 0x00, 0x00, 0x00, 0x00, 0x00,
    0x00, 0x15, 0x40, 0x03, 0xFC, 0x00, 0x7F, 0x80, 0x0F, 0xF0, 0x00, 0xFE, 0x00, 0x2F, 0xC0, 0x03,
    0xF4, 0x00, 0x7E, 0x00, 0x00, 0x00, 0x00, 0x0B, 0xF4, 0x00, 0x00, 0x3F, 0xD0, 0x00, 0x01, 0xFF,
    0x00, 0x00, 0x0B, 0xFC, 0x00, 0x00, 0x2F, 0xE0, 0x00, 0x00, 0xFF, 0x40, 0x00, 0x03, 0xFC, 0x00,
    0x00, 0x1F, 0xF0, 0x00, 0x00, 0xBF, 0xC0, 0x00, 0x03, 0xFE, 0x00, 0x00, 0x0F, 0xF4, 0x00, 0x00,
    0x3F, 0xC0, 0x00, 0x01, 0xFF, 0x00, 0x00, 0x0B, 0xF8, 0x00, 0x00, 0x3F, 0xE0, 0x00, 0x00, 0xFF,
    0x40, 0x00, 0x07, 0xFC, 0x00, 0x00, 0x2F, 0xF0, 0x00, 0x00, 0xFF, 0x80, 0x00, 0x03, 0xFD, 0x00,
    0x00, 0x0F, 0xF0, 0x00, 0x00, 0xBF, 0xC0, 0x00, 0x07, 0xFE, 0x00, 0x2A, 0xBF, 0xF4, 0x00, 0xFF,
    0xFF, 0x80, 0x03, 0xFF, 0xFC, 0x00, 0x0F, 0xFF, 0x40, 0x00, 0x00, 0x00, 0x00, 0x00, 0x06, 0xA8,
    0x0F, 0xF8, 0x1F, 0xE0, 0x3F, 0x80, 0x7E, 0x00, 0x14, 0x00, 0x00, 0x01, 0xAA, 0x00, 0x03, 0xE0,
    0xFF, 0x8F, 0x83, 0xFC, 0x7F, 0x8F, 0xF0, 0xFE, 0x3F, 0xC3, 0xFC, 0x2E, 0x1F, 0xC0, 0xB8, 0x00,
    0x01, 0x40, 0x00, 0x00, 0x00, 0xAA, 0x43, 0xFF, 0x40, 0x0B, 0xFC, 0x2F, 0xFE, 0x00, 0x3F, 0xC0,
    0xFF, 0xF8, 0x02, 0xFC, 0x0B, 0xFF, 0xF0, 0x0F, 0xC0, 0x3F, 0xEF, 0xC0, 0x14, 0x02, 0xFD, 0xBF,
    0x00, 0x00, 0x0F, 0xF2, 0xFC, 0x00, 0x00, 0xBF, 0x4B, 0xF0, 0x00, 0x03, 0xFC, 0x1F, 0xD0, 0x00,
    0x2F, 0xD0, 0x7F, 0x40, 0x00, 0xFF, 0x01, 0xFE, 0x00, 0x0B, 0xF4, 0x03, 0xF8, 0x00, 0x7F, 0xEA,
    0xAF, 0xE0, 0x03, 0xFF, 0xFF, 0xFF, 0xC0, 0x1F, 0xFF, 0xFF, 0xFF, 0x00, 0xFF, 0xFF, 0xFF, 0xFC,
    0x07, 0xFC, 0x00, 0x0F, 0xF0, 0x3F, 0xE0, 0x00, 0x3F, 0xC1, 0xFF, 0x00, 0x00, 0xFF, 0x4F, 0xF8,
    0x00, 0x02, 0xFD, 0x7F, 0xC0, 0x00, 0x0B, 0xF8, 0x05, 0x42, 0xFE, 0x3F, 0xE7, 0xFE, 0x3F, 0xC0,
    0x50, 0x01, 0xAA, 0x0B, 0xFF, 0xFF, 0xF0, 0x0F, 0xF4, 0x3F, 0xFF, 0xFF, 0xC0, 0xBF, 0x40, 0xFF,
    0xFF, 0xFE, 0x03, 0xF4, 0x03, 0xFF, 0xFF, 0xF4, 0x2F, 0x80, 0x1F, 0xF0, 0x00, 0x00, 0x54, 0x00,
    0xBF, 0xC0, 0x00, 0x00, 0x00, 0x03, 0xFE, 0x00, 0x00, 0x00, 0x00, 0x0F, 0xF4, 0x00, 0x00, 0x00,
    0x00, 0x7F, 0xEA, 0xAA, 0x00, 0x00, 0x01, 0xFF, 0xFF, 0xF8, 0x00, 0x00, 0x0B, 0xFF, 0xFF, 0xD0,
    0x00, 0x00, 0x3F, 0xFF, 0xFF, 0x40, 0x00, 0x00, 0xFF, 0x40, 0x00, 0x00, 0x00, 0x07, 0xFC, 0x00,
    0x00, 0x00, 0x00, 0x2F, 0xF0, 0x00, 0x00, 0x00, 0x00, 0xBF, 0x80, 0x00, 0x00, 0x00, 0x03, 0xFD,
    0x00, 0x00, 0x00, 0x00, 0x0F, 0xFE, 0xAA, 0x90, 0x00, 0x00, 0x7F, 0xFF, 0xFF, 0x40, 0x00, 0x02,
    0xFF, 0xFF, 0xFC, 0x00, 0x00, 0x0F, 0xFF, 0xFF, 0xF0, 0x00, 0x01, 0xAA, 0x0B, 0xF8, 0x00, 0x1F,
    0xE0, 0x3F, 0xD0, 0xFF, 0x80, 0x03, 0xFE, 0x0B, 0xF4, 0x0F, 0xF4, 0x00, 0x3F, 0xD0, 0xFD, 0x00,
    0xFF, 0x00, 0x03, 0xFC, 0x2F, 0x80, 0x1F, 0xF0, 0x00, 0x7F, 0xC1, 0x50, 0x02, 0xFF, 0x00, 0x0B,
    0xFC, 0x00, 0x00, 0x3F, 0xE0, 0x00, 0xFF, 0x80, 0x00, 0x03, 0xFD, 0x00, 0x0F, 0xF4, 0x00, 0x00,
    0x7F, 0xFA, 0xAA, 0xFF, 0x00, 0x00, 0x07, 0xFF, 0xFF, 0xFF, 0xF0, 0x00, 0x00, 0xBF, 0xFF, 0xFF,
    0xFE, 0x00, 0x00, 0x0F, 0xFF, 0xFF, 0xFF, 0xD0, 0x00, 0x00, 0xFF, 0x40, 0x03, 0xFD, 0x00, 0x00,
    0x1F, 0xF0, 0x00, 0x7F, 0xC0, 0x00, 0x02, 0xFF, 0x00, 0x0B, 0xFC, 0x00, 0x00, 0x2F, 0xE0, 0x00,
    0xBF, 0x80, 0x00, 0x03, 0xFD, 0x00, 0x0F, 0xF4, 0x00, 0x00, 0x3F, 0xC0, 0x00, 0xFF, 0x00, 0x00,
    0x07, 0xFC, 0x00, 0x1F, 0xF0, 0x00, 0x00, 0xBF, 0xC0, 0x02, 0xFF, 0x00, 0x00, 0x0F, 0xF8, 0x00,
    0x3F, 0xE0, 0x00, 0x01, 0xAA, 0x2F, 0xFF, 0xF4, 0x0F, 0xF4, 0xFF, 0xFF, 0xD0, 0xBF, 0x43, 0xFF,
    0xFF, 0x03, 0xF4, 0x02, 0xFF, 0xD0, 0x2F, 0x80, 0x03, 0xFD, 0x00, 0x54, 0x00, 0x1F, 0xF0, 0x00,
    0x00, 0x00, 0x7F, 0xC0, 0x00, 0x00, 0x02, 0xFE, 0x00, 0x00, 0x00, 0x0F, 0xF4, 0x00, 0x00, 0x00,
    0x3F, 0xD0, 0x00, 0x00, 0x01, 0xFF, 0x00, 0x00, 0x00, 0x0B, 0xFC, 0x00, 0x00, 0x00, 0x2F, 0xE0,
    0x00, 0x00, 0x00, 0xFF, 0x40, 0x00, 0x00, 0x03, 0xFC, 0x00, 0x00, 0x00, 0x1F, 0xF0, 0x00, 0x00,
    0x00, 0xBF, 0xC0, 0x00, 0x00, 0x07, 0xFF, 0x00, 0x00, 0x01, 0xFF, 0xFF, 0x80, 0x00, 0x0B, 0xFF,
    0xFE, 0x00, 0x00, 0x3F, 0xFF, 0xF4, 0x00, 0x00, 0x00, 0x00, 0x00, 0x00, 0x00, 0x00, 0x6A, 0x80,
    0x1B, 0xFF, 0x90, 0x00, 0x3F, 0xD0, 0x3F, 0xFF, 0xFE, 0x00, 0x2F, 0xD0, 0x7F, 0xFF, 0xFF, 0xE0,
    0x0F, 0xD0, 0x3F, 0xFE, 0xBF, 0xFD, 0x0B, 0xE0, 0x3F, 0xF8, 0x01, 0xFF, 0xC1, 0x50, 0x2F, 0xF8,
    0x00, 0x2F, 0xF0, 0x00, 0x0F, 0xFC, 0x00, 0x07, 0xFC, 0x00, 0x07, 0xFD, 0x00, 0x00, 0xFF, 0x40,
    0x02, 0xFF, 0x00, 0x00, 0x3F, 0xD0, 0x00, 0xFF, 0x80, 0x00, 0x1F, 0xF0, 0x00, 0x3F, 0xD0, 0x00,
    0x07, 0xFC, 0x00, 0x1F, 0xF0, 0x00, 0x02, 0xFF, 0x00, 0x07, 0xFC, 0x00, 0x00, 0xFF, 0x80, 0x01,
    0xFF, 0x00, 0x00, 0x7F, 0xD0, 0x00, 0x7F, 0xD0, 0x00, 0x3F, 0xF0, 0x00, 0x0F, 0xF8, 0x00, 0x1F,
    0xF8, 0x00, 0x03, 0xFF, 0x00, 0x1F, 0xFC, 0x00, 0x00, 0x7F, 0xF9, 0x7F, 0xFD, 0x00, 0x00, 0x0F,
    0xFF, 0xFF, 0xFD, 0x00, 0x00, 0x00, 0xFF, 0xFF, 0xFD, 0x00, 0x00, 0x00, 0x07, 0xFF, 0xF8, 0x00,
    0x00, 0x00, 0x00, 0x01, 0x40, 0x00, 0x00, 0x01, 0xAA, 0x2F, 0xE0, 0x00, 0x7F, 0xD0, 0x3F, 0xD1,
    0xFF, 0x00, 0x0F, 0xFC, 0x0B, 0xF4, 0x0F, 0xF0, 0x02, 0xFF, 0x00, 0xFD, 0x00, 0xFF, 0x40, 0x7F,
    0xD0, 0x2F, 0x80, 0x0B, 0xF8, 0x0F, 0xF8, 0x01, 0x50, 0x00, 0x7F, 0xC2, 0xFF, 0x00, 0x00, 0x00,
    0x03, 0xFC, 0x3F, 0xD0, 0x00, 0x00, 0x00, 0x3F, 0xDF, 0xF8, 0x00, 0x00, 0x00, 0x02, 0xFF, 0xFF,
    0x00, 0x00, 0x00, 0x00, 0x1F, 0xFF, 0xD0, 0x00, 0x00, 0x00, 0x00, 0xFF, 0xF8, 0x00, 0x00, 0x00,
    0x00, 0x0F, 0xFF, 0x00, 0x00, 0x00, 0x00, 0x00, 0xBF, 0xD0, 0x00, 0x00, 0x00, 0x00, 0x0B, 0xFC,
    0x00, 0x00, 0x00, 0x00, 0x00, 0xBF, 0x80, 0x00, 0x00, 0x00, 0x00, 0x0F, 0xF4, 0x00, 0x00, 0x00,
    0x00, 0x00, 0xFF, 0x00, 0x00, 0x00, 0x00, 0x00, 0x1F, 0xF0, 0x00, 0x00, 0x00, 0x00, 0x02, 0xFF,
    0x00, 0x00, 0x00, 0x00, 0x00, 0x3F, 0xE0, 0x00, 0x00, 0x00, 0x00, 0x03, 0xFD, 0x00, 0x00, 0x00,
    0x00, 0x00, 0x00, 0x00, 0x00, 0x00, 0x00, 0x1A, 0xA0, 0x01, 0xFF, 0xFD, 0x00, 0x03, 0xFD, 0x01,
    0xFF, 0xFF, 0xFC, 0x00, 0xBF, 0x40, 0xBF, 0xFF, 0xFF, 0xF0, 0x0F, 0xD0, 0x2F, 0xFE, 0xAB, 0xFF,
    0x82, 0xF8, 0x07, 0xFF, 0x00, 0x0F, 0xFC, 0x15, 0x00, 0xFF, 0xC0, 0x00, 0x7F, 0xD0, 0x00, 0x1F,
    0xF4, 0x00, 0x03, 0xFD, 0x00, 0x02, 0xFF, 0x00, 0x00, 0x3F, 0xE0, 0x00, 0x3F, 0xE0, 0x00, 0x03,
    0xFD, 0x00, 0x03, 0xFD, 0x00, 0x00, 0x3F, 0xD0, 0x00, 0x3F, 0xD0, 0x00, 0x03, 0xFC, 0x00, 0x03,
    0xFC, 0x00, 0x00, 0x7F, 0xC0, 0x00, 0x3F, 0xC0, 0x00, 0x0B, 0xF8, 0x00, 0x03, 0xFD, 0x00, 0x00,
    0xFF, 0x00, 0x00, 0x2F, 0xE0, 0x00, 0x2F, 0xD0, 0x00, 0x00, 0xFF, 0x00, 0x07, 0xF8, 0x00, 0x00,
    0x07, 0xF8, 0x02, 0xFD, 0x00, 0x00, 0x2A, 0xBF, 0xD0, 0xBF, 0xEA, 0x40, 0x03, 0xFF, 0xFC, 0x0F,
    0xFF, 0xF4, 0x00, 0x3F, 0xFF, 0xC0, 0xFF, 0xFF, 0x00, 0x07, 0xFF, 0xF8, 0x1F, 0xFF, 0xF0, 0x00,
    0x02, 0xA9, 0x00, 0x2F, 0x0B, 0xFC, 0xBC, 0xBF, 0x4F, 0xF1, 0xFD, 0xBF, 0x2F, 0xD2, 0xFC, 0x7D,
    0x3F, 0x40, 0xF4, 0x00, 0x15, 0x00, 0x00, 0x00, 0x00, 0x00, 0x00, 0x07, 0xFC, 0x00, 0x00, 0x0B,
    0xFC, 0x00, 0x00, 0x0F, 0xF8, 0x00, 0x00, 0x0F, 0xF4, 0x00, 0x00, 0x0F, 0xF0, 0x00, 0x00, 0x1F,
    0xF0, 0x00, 0x00, 0x2F, 0xE0, 0x00, 0x00, 0x3F, 0xE0, 0x00, 0x00, 0x3F, 0xD0, 0x00, 0x00, 0x7F,
    0xC0, 0x00, 0x00, 0x7F, 0xC0, 0x00, 0x00, 0xBF, 0xC0, 0x00, 0x00, 0xFF, 0xD1, 0x00, 0x00, 0xBF,
    0xFF, 0x40, 0x00, 0x7F, 0xFF, 0x00, 0x00, 0x1F, 0xFF, 0x00, 0x00, 0x00, 0x50, 0x00, 0x00, 0x00,
    0x00, 0x03, 0xFF, 0x40, 0x00, 0x00, 0x2F, 0xFE, 0x00, 0x00, 0x00, 0xFF, 0xF8, 0x00, 0x00, 0x0B,
    0xFF, 0xF0, 0x00, 0x00, 0x3F, 0xEF, 0xC0, 0x00, 0x02, 0xFD, 0xBF, 0x00, 0x00, 0x0F, 0xF2, 0xFC,
    0x00, 0x00, 0xBF, 0x4B, 0xF0, 0x00, 0x03, 0xFC, 0x1F, 0xD0, 0x00, 0x2F, 0xD0, 0x7F, 0x40, 0x01,
    0xFF, 0x01, 0xFE, 0x00, 0x0F, 0xF4, 0x07, 0xF8, 0x00, 0x7F, 0xEA, 0xAF, 0xE0, 0x03, 0xFF, 0xFF,
    0xFF, 0xC0, 0x1F, 0xFF, 0xFF, 0xFF, 0x00, 0xFF, 0xFF, 0xFF, 0xFC, 0x07, 0xFC, 0x00, 0x0F, 0xF0,
    0x3F, 0xE0, 0x00, 0x3F, 0xC1, 0xFF, 0x00, 0x00, 0xFF, 0x4F, 0xF8, 0x00, 0x03, 0xFD, 0x7F, 0xC0,
    0x00, 0x0B, 0xF8, 0x00, 0x3F, 0xFF, 0xE4, 0x00, 0x03, 0xFF, 0xFF, 0xF4, 0x00, 0x7F, 0xFF, 0xFF,
    0xC0, 0x0B, 0xFF, 0xFF, 0xFE, 0x00, 0xFF, 0x80, 0x3F, 0xF0, 0x0F, 0xF4, 0x02, 0xFF, 0x00, 0xFF,
    0x00, 0x3F, 0xE0, 0x1F, 0xF0, 0x07, 0xFC, 0x02, 0xFF, 0xAB, 0xFF, 0x40, 0x3F, 0xFF, 0xFF, 0xD0,
    0x03, 0xFF, 0xFF, 0xF0, 0x00, 0x3F, 0xFF, 0xFF, 0xD0, 0x07, 0xFC, 0x02, 0xFF, 0x00, 0xBF, 0x80,
    0x0F, 0xF4, 0x0F, 0xF4, 0x00, 0xFF, 0x40, 0xFF, 0x40, 0x1F, 0xF4, 0x1F, 0xF0, 0x03, 0xFF, 0x01,
    0xFF, 0xAB, 0xFF, 0xE0, 0x2F, 0xFF, 0xFF, 0xFC, 0x03, 0xFF, 0xFF, 0xFE, 0x00, 0x3F, 0xFF, 0xFE,
    0x00, 0x00, 0x00, 0x3F, 0xFF, 0xFF, 0x80, 0x0F, 0xFF, 0xFF, 0xD0, 0x07, 0xFF, 0xFF, 0xF4, 0x02,
    0xFF, 0xFF, 0xFC, 0x00, 0xFF, 0x80, 0x00, 0x00, 0x3F, 0xD0, 0x00, 0x00, 0x0F, 0xF0, 0x00, 0x00,
    0x07, 0xFC, 0x00, 0x00, 0x02, 0xFF, 0x00, 0x00, 0x00, 0xFF, 0x80, 0x00, 0x00, 0x3F, 0xD0, 0x00,
    0x00, 0x0F, 0xF0, 0x00, 0x00, 0x07, 0xFC, 0x00, 0x00, 0x02, 0xFE, 0x00, 0x00, 0x00, 0xFF, 0x80,
    0x00, 0x00, 0x3F, 0xD0, 0x00, 0x00, 0x1F, 0xF0, 0x00, 0x00, 0x07, 0xFC, 0x00, 0x00, 0x02, 0xFE,
    0x00, 0x00, 0x00, 0xFF, 0x40, 0x00, 0x00, 0x3F, 0xD0, 0x00, 0x00, 0x00, 0x00, 0x00, 0x02, 0xFF,
    0xC0, 0x00, 0x00, 0x07, 0xFF, 0xC0, 0x00, 0x00, 0x0F, 0xFF, 0xC0, 0x00, 0x00, 0x1F, 0xFF, 0xD0,
    0x00, 0x00, 0x3F, 0xDF, 0xD0, 0x00, 0x00, 0xBF, 0x9F, 0xE0, 0x00, 0x00, 0xFF, 0x0F, 0xE0, 0x00,
    0x02, 0xFE, 0x0F, 0xF0, 0x00, 0x03, 0xFC, 0x0F, 0xF0, 0x00, 0x0F, 0xF4, 0x0F, 0xF0, 0x00, 0x1F,
    0xF0, 0x0F, 0xF0, 0x00, 0x3F, 0xD0, 0x0B, 0xF4, 0x00, 0x7F, 0xC0, 0x0B, 0xF4, 0x00, 0xFF, 0x40,
    0x0B, 0xF8, 0x02, 0xFF, 0x00, 0x07, 0xFC, 0x03, 0xFD, 0x00, 0x07, 0xFC, 0x0B, 0xF8, 0x00, 0x03,
    0xFC, 0x0F, 0xFE, 0xAA, 0xAF, 0xFC, 0x2F, 0xFF, 0xFF, 0xFF, 0xFD, 0x3F, 0xFF, 0xFF, 0xFF, 0xFC,
    0x7F, 0xFF, 0xFF, 0xFF, 0xFC, 0x00, 0x3F, 0xFF, 0xFF, 0x80, 0x0F, 0xFF, 0xFF, 0xE0, 0x07, 0xFF,
    0xFF, 0xF4, 0x02, 0xFF, 0xFF, 0xFC, 0x00, 0xFF, 0x80, 0x00, 0x00, 0x3F, 0xD0, 0x00, 0x00, 0x0F,
    0xF0, 0x00, 0x00, 0x07, 0xFC, 0x00, 0x00, 0x02, 0xFF, 0xAA, 0xA4, 0x00, 0xFF, 0xFF, 0xFD, 0x00,
    0x3F, 0xFF, 0xFF, 0x00, 0x0F, 0xFF, 0xFF, 0xC0, 0x07, 0xFC, 0x00, 0x00, 0x02, 0xFE, 0x00, 0x00,
    0x00, 0xFF, 0x80, 0x00, 0x00, 0x3F, 0xD0, 0x00, 0x00, 0x1F, 0xF0, 0x00, 0x00, 0x07, 0xFE, 0xAA,
    0xA0, 0x02, 0xFF, 0xFF, 0xFC, 0x00, 0xFF, 0xFF, 0xFE, 0x00, 0x3F, 0xFF, 0xFF, 0x80, 0x00, 0x00,
    0x7F, 0xFF, 0xFF, 0xF0, 0x02, 0xFF, 0xFF, 0xFF, 0xC0, 0x0B, 0xFF, 0xFF, 0xFE, 0x00, 0x2F, 0xFF,
    0xFF, 0xF0, 0x00, 0x00, 0x03, 0xFF, 0x40, 0x00, 0x00, 0x2F, 0xF8, 0x00, 0x00, 0x01, 0xFF, 0xC0,
    0x00, 0x00, 0x0F, 0xFC, 0x00, 0x00, 0x00, 0xFF, 0xD0, 0x00, 0x00, 0x0B, 0xFD, 0x00, 0x00, 0x00,
    0x7F, 0xE0, 0x00, 0x00, 0x03, 0xFF, 0x00, 0x00, 0x00, 0x3F, 0xF0, 0x00, 0x00, 0x02, 0xFF, 0x40,
    0x00, 0x00, 0x2F, 0xF8, 0x00, 0x00, 0x01, 0xFF, 0xC0, 0x00, 0x00, 0x0F, 0xFC, 0x00, 0x00, 0x00,
    0xFF, 0xFA, 0xAA, 0xA0, 0x07, 0xFF, 0xFF, 0xFF, 0x80, 0x2F, 0xFF, 0xFF, 0xFD, 0x00, 0xFF, 0xFF,
    0xFF, 0xF0, 0x00, 0x00, 0x3F, 0xD0, 0x00, 0xBF, 0x40, 0x0F, 0xF4, 0x00, 0x3F, 0xD0, 0x07, 0xFC,
    0x00, 0x1F, 0xF0, 0x02, 0xFF, 0x00, 0x0B, 0xFC, 0x00, 0xFF, 0x80, 0x02, 0xFE, 0x00, 0x3F, 0xD0,
    0x00, 0xFF, 0x40, 0x0F, 0xF4, 0x00, 0x3F, 0xC0, 0x07, 0xFC, 0x00, 0x1F, 0xF0, 0x02, 0xFF, 0xAA,
    0xAF, 0xFC, 0x00, 0xFF, 0xFF, 0xFF, 0xFE, 0x00, 0x3F, 0xFF, 0xFF, 0xFF, 0x40, 0x0F, 0xFF, 0xFF,
    0xFF, 0xC0, 0x07, 0xFC, 0x00, 0x1F, 0xF0, 0x02, 0xFF, 0x00, 0x0B, 0xF8, 0x00, 0xFF, 0x80, 0x03,
    0xFE, 0x00, 0x3F, 0xD0, 0x00, 0xFF, 0x40, 0x1F, 0xF0, 0x00, 0x7F, 0xC0, 0x07, 0xFC, 0x00, 0x1F,
    0xF0, 0x02, 0xFE, 0x00, 0x0B, 0xF8, 0x00, 0xFF, 0x40, 0x03, 0xFD, 0x00, 0x3F, 0xD0, 0x00, 0xFF,
    0x40, 0x00, 0x00, 0x00, 0x00, 0x00, 0x00, 0x00, 0x01, 0xBF, 0xFD, 0x00, 0x00, 0x0F, 0xFF, 0xFF,
    0xC0, 0x00, 0x3F, 0xFF, 0xFF, 0xF0, 0x00, 0xFF, 0xFA, 0xBF, 0xF4, 0x03, 0xFF, 0x80, 0x1F, 0xFC,
    0x07, 0xFE, 0x00, 0x0B, 0xFC, 0x0F, 0xFC, 0x00, 0x07, 0xFD, 0x1F, 0xF4, 0x00, 0x03, 0xFD, 0x2F,
    0xF0, 0x55, 0x43, 0xFD, 0x3F, 0xE3, 0xFF, 0xD3, 0xFD, 0x3F, 0xD3, 0xFF, 0xC7, 0xFC, 0x3F, 0xD3,
    0xFF, 0xCB, 0xFC, 0x7F, 0xD0, 0x00, 0x0F, 0xFC, 0x7F, 0xD0, 0x00, 0x0F, 0xF8, 0x3F, 0xD0, 0x00,
    0x2F, 0xF0, 0x3F, 0xE0, 0x00, 0x7F, 0xE0, 0x3F, 0xF4, 0x01, 0xFF, 0xC0, 0x1F, 0xFE, 0x5B, 0xFF,
    0x40, 0x0F, 0xFF, 0xFF, 0xFE, 0x00, 0x03, 0xFF, 0xFF, 0xF4, 0x00, 0x00, 0x7F, 0xFF, 0x80, 0x00,
    0x00, 0x00, 0x50, 0x00, 0x00, 0x00, 0x7F, 0xFF, 0xE0, 0x0B, 0xFF, 0xFE, 0x00, 0xFF, 0xFF, 0xC0,
    0x01, 0xFF, 0xD0, 0x00, 0x0F, 0xF4, 0x00, 0x00, 0xFF, 0x00, 0x00, 0x1F, 0xF0, 0x00, 0x02, 0xFF,
    0x00, 0x00, 0x3F, 0xE0, 0x00, 0x03, 0xFD, 0x00, 0x00, 0x3F, 0xC0, 0x00, 0x07, 0xFC, 0x00, 0x00,
    0xBF, 0x80, 0x00, 0x0F, 0xF8, 0x00, 0x00, 0xFF, 0x40, 0x00, 0x1F, 0xF0, 0x00, 0x01, 0xFF, 0x00,
    0x00, 0x7F, 0xF0, 0x00, 0x3F, 0xFF, 0xE0, 0x0B, 0xFF, 0xFE, 0x00, 0xBF, 0xFF, 0xD0, 0x00, 0x00,
    0x3F, 0xD0, 0x02, 0xFF, 0x00, 0x0F, 0xF0, 0x02, 0xFF, 0x40, 0x07, 0xFC, 0x01, 0xFF, 0x80, 0x02,
    0xFF, 0x01, 0xFF, 0x80, 0x00, 0xFF, 0x80, 0xFF, 0xC0, 0x00, 0x3F, 0xD0, 0xFF, 0xC0, 0x00, 0x0F,
    0xF0, 0xFF, 0xC0, 0x00, 0x07, 0xFC, 0xBF, 0xD0, 0x00, 0x02, 0xFE, 0x7F, 0xE0, 0x00, 0x00, 0xFF,
    0xBF, 0xE0, 0x00, 0x00, 0x3F, 0xFF, 0xF4, 0x00, 0x00, 0x0F, 0xFF, 0xFE, 0x00, 0x00, 0x07, 0xFF,
    0xFF, 0xC0, 0x00, 0x02, 0xFF, 0x0F, 0xF4, 0x00, 0x00, 0xFF, 0x43, 0xFF, 0x00, 0x00, 0x3F, 0xD0,
    0xBF, 0xC0, 0x00, 0x1F, 0xF0, 0x0F, 0xF8, 0x00, 0x07, 0xFC, 0x03, 0xFF, 0x00, 0x02, 0xFE, 0x00,
    0x7F, 0xD0, 0x00, 0xFF, 0x40, 0x0F, 0xF8, 0x00, 0x3F, 0xC0, 0x02, 0xFF, 0x00, 0x00, 0x00, 0x00,
    0x07, 0xFE, 0x00, 0x00, 0x00, 0xFF, 0xF0, 0x00, 0x00, 0x1F, 0xFF, 0x00, 0x00, 0x03, 0xFF, 0xF0,
    0x00, 0x00, 0x7F, 0xFF, 0x00, 0x00, 0x0F, 0xFB, 0xF4, 0x00, 0x01, 0xFE, 0x7F, 0x40, 0x00, 0x3F,
    0xD7, 0xF4, 0x00, 0x07, 0xFC, 0x7F, 0x80, 0x00, 0xFF, 0x47, 0xF8, 0x00, 0x1F, 0xF0, 0x3F, 0xC0,
    0x03, 0xFD, 0x03, 0xFC, 0x00, 0x7F, 0xC0, 0x3F, 0xC0, 0x0F, 0xF4, 0x03, 0xFC, 0x01, 0xFF, 0x00,
    0x3F, 0xC0, 0x3F, 0xD0, 0x03, 0xFC, 0x07, 0xFC, 0x00, 0x3F, 0xD0, 0xFF, 0x40, 0x02, 0xFD, 0x1F,
    0xF0, 0x00, 0x2F, 0xE3, 0xFE, 0x00, 0x02, 0xFE, 0xBF, 0xC0, 0x00, 0x1F, 0xE0, 0x00, 0x3F, 0xFC,
    0x00, 0x01, 0xFF, 0xE0, 0x03, 0xFF, 0xC0, 0x00, 0x3F, 0xFE, 0x00, 0x7F, 0xFC, 0x00, 0x07, 0xFF,
    0xD0, 0x0B, 0xFF, 0xC0, 0x00, 0xFF, 0xFC, 0x00, 0xFF, 0xFC, 0x00, 0x1F, 0xFF, 0xC0, 0x0F, 0xFF,
    0xC0, 0x03, 0xFB, 0xF8, 0x00, 0xFE, 0xFD, 0x00, 0x7F, 0xBF, 0x40, 0x1F, 0xDF, 0xD0, 0x0F, 0xEB,
    0xF4, 0x02, 0xFD, 0xFD, 0x01, 0xFC, 0xFF, 0x00, 0x3F, 0xCF, 0xD0, 0x3F, 0x8F, 0xF0, 0x03, 0xFC,
    0xFE, 0x07, 0xF1, 0xFE, 0x00, 0x3F, 0x8B, 0xE0, 0xFE, 0x2F, 0xD0, 0x07, 0xF4, 0xBE, 0x1F, 0xC3,
    0xFC, 0x00, 0xBF, 0x0B, 0xE3, 0xF8, 0x3F, 0xC0, 0x0F, 0xF0, 0xBF, 0x7F, 0x03, 0xFC, 0x00, 0xFF,
    0x07, 0xFF, 0xE0, 0x7F, 0x80, 0x1F, 0xE0, 0x7F, 0xFC, 0x0B, 0xF4, 0x01, 0xFD, 0x07, 0xFF, 0x80,
    0xFF, 0x00, 0x2F, 0xC0, 0x7F, 0xF0, 0x0F, 0xF0, 0x03, 0xFC, 0x07, 0xFE, 0x01, 0xFE, 0x00, 0x3F,
    0xC0, 0x3F, 0xC0, 0x1F, 0xE0, 0x00, 0x00, 0x3F, 0xF4, 0x00, 0x0B, 0xF0, 0x00, 0xFF, 0xE0, 0x00,
    0x3F, 0xC0, 0x07, 0xFF, 0xC0, 0x00, 0xFF, 0x00, 0x2F, 0xFF, 0x40, 0x07, 0xF8, 0x00, 0xFF, 0xFE,
    0x00, 0x2F, 0xD0, 0x03, 0xFF, 0xFC, 0x00, 0xFF, 0x00, 0x0F, 0xEF, 0xF4, 0x03, 0xFC, 0x00, 0x7F,
    0x6F, 0xE0, 0x1F, 0xE0, 0x02, 0xFD, 0x3F, 0xC0, 0xBF, 0x80, 0x0F, 0xF0, 0xFF, 0x02, 0xFD, 0x00,
    0x3F, 0xC2, 0xFE, 0x0F, 0xF0, 0x01, 0xFE, 0x03, 0xFC, 0x3F, 0xC0, 0x07, 0xF8, 0x0F, 0xF1, 0xFE,
    0x00, 0x2F, 0xD0, 0x2F, 0xE7, 0xF4, 0x00, 0xFF, 0x00, 0x7F, 0xEF, 0xC0, 0x03, 0xFC, 0x00, 0xFF,
    0xFF, 0x00, 0x1F, 0xE0, 0x02, 0xFF, 0xFC, 0x00, 0xBF, 0x40, 0x07, 0xFF, 0xE0, 0x02, 0xFC, 0x00,
    0x0F, 0xFF, 0x40, 0x0F, 0xF0, 0x00, 0x2F, 0xFC, 0x00, 0x3F, 0xC0, 0x00, 0x7F, 0xF0, 0x00, 0x00,
    0x3F, 0xFF, 0xFF, 0x80, 0x0F, 0xFF, 0xFF, 0xE0, 0x07, 0xFF, 0xFF, 0xF4, 0x02, 0xFF, 0xFF, 0xFC,
    0x00, 0x00, 0x00, 0x00, 0x00, 0x00, 0x00, 0x00, 0x00, 0x00, 0x00, 0x00, 0x00, 0x00, 0x00, 0x00,
    0x00, 0x00, 0x6A, 0xAA, 0xA0, 0x00, 0x3F, 0xFF, 0xF8, 0x00, 0x0F, 0xFF, 0xFD, 0x00, 0x03, 0xFF,
    0xFF, 0x40, 0x00, 0x00, 0x00, 0x00, 0x00, 0x00, 0x00, 0x00, 0x00, 0x00, 0x00, 0x00, 0x00, 0x00,
    0x00, 0x00, 0x00, 0x00, 0x00, 0x00, 0x00, 0x0A, 0xAA, 0xAA, 0xA4, 0x07, 0xFF, 0xFF, 0xFD, 0x02,
    0xFF, 0xFF, 0xFF, 0x00, 0xFF, 0xFF, 0xFF, 0xC0, 0x00, 0x00, 0x00, 0x00, 0x00, 0x00, 0x00, 0x01,
    0xBF, 0xFD, 0x00, 0x00, 0x0F, 0xFF, 0xFF, 0xC0, 0x00, 0x3F, 0xFF, 0xFF, 0xF0, 0x00, 0xFF, 0xFA,
    0xBF, 0xF4, 0x03, 0xFF, 0x80, 0x1F, 0xFC, 0x07, 0xFE, 0x00, 0x0B, 0xFC, 0x0F, 0xFC, 0x00, 0x07,
    0xFD, 0x1F, 0xF4, 0x00, 0x03, 0xFD, 0x2F, 0xF0, 0x00, 0x03, 0xFD, 0x3F, 0xE0, 0x00, 0x03, 0xFD,
    0x3F, 0xD0, 0x00, 0x07, 0xFC, 0x3F, 0xD0, 0x00, 0x0B, 0xFC, 0x7F, 0xD0, 0x00, 0x0F, 0xFC, 0x7F,
    0xD0, 0x00, 0x0F, 0xF8, 0x3F, 0xD0, 0x00, 0x2F, 0xF0, 0x3F, 0xE0, 0x00, 0x7F, 0xE0, 0x3F, 0xF4,
    0x01, 0xFF, 0xC0, 0x1F, 0xFE, 0x5B, 0xFF, 0x40, 0x0F, 0xFF, 0xFF, 0xFE, 0x00, 0x03, 0xFF, 0xFF,
    0xF4, 0x00, 0x00, 0x7F, 0xFF, 0x80, 0x00, 0x00, 0x00, 0x50, 0x00, 0x00, 0x00, 0x3F, 0xFF, 0xFF,
    0xFF, 0x40, 0x0F, 0xFF, 0xFF, 0xFF, 0xD0, 0x07, 0xFF, 0xFF, 0xFF, 0xF0, 0x02, 0xFF, 0xFF, 0xFF,
    0xFC, 0x00, 0xFF, 0x80, 0x03, 0xFE, 0x00, 0x3F, 0xD0, 0x00, 0xFF, 0x40, 0x0F, 0xF0, 0x00, 0x3F,
    0xD0, 0x07, 0xFC, 0x00, 0x1F, 0xF0, 0x02, 0xFF, 0x00, 0x0B, 0xFC, 0x00, 0xFF, 0x80, 0x03, 0xFE,
    0x00, 0x3F, 0xD0, 0x00, 0xFF, 0x40, 0x0F, 0xF0, 0x00, 0x3F, 0xC0, 0x07, 0xFC, 0x00, 0x1F, 0xF0,
    0x02, 0xFE, 0x00, 0x0B, 0xFC, 0x00, 0xFF, 0x80, 0x03, 0xFE, 0x00, 0x3F, 0xD0, 0x00, 0xFF, 0x40,
    0x1F, 0xF0, 0x00, 0x7F, 0xC0, 0x07, 0xFC, 0x00, 0x1F, 0xF0, 0x02, 0xFE, 0x00, 0x0B, 0xF8, 0x00,
    0xFF, 0x40, 0x03, 0xFE, 0x00, 0x3F, 0xD0, 0x00, 0xFF, 0x40, 0x00, 0x00, 0x3F, 0xFF, 0xA4, 0x00,
    0x03, 0xFF, 0xFF, 0xF0, 0x00, 0x7F, 0xFF, 0xFF, 0xC0, 0x0B, 0xFF, 0xFF, 0xFD, 0x00, 0xFF, 0x80,
    0x3F, 0xE0, 0x0F, 0xF4, 0x02, 0xFF, 0x00, 0xFF, 0x00, 0x1F, 0xF0, 0x1F, 0xF0, 0x02, 0xFF, 0x02,
    0xFF, 0x00, 0x3F, 0xE0, 0x3F, 0xE0, 0x1F, 0xFC, 0x03, 0xFF, 0xFF, 0xFF, 0x80, 0x3F, 0xFF, 0xFF,
    0xE0, 0x07, 0xFF, 0xFF, 0xF4, 0x00, 0xBF, 0xEA, 0x50, 0x00, 0x0F, 0xF4, 0x00, 0x00, 0x00, 0xFF,
    0x40, 0x00, 0x00, 0x1F, 0xF0, 0x00, 0x00, 0x01, 0xFF, 0x00, 0x00, 0x00, 0x2F, 0xE0, 0x00, 0x00,
    0x03, 0xFD, 0x00, 0x00, 0x00, 0x3F, 0xC0, 0x00, 0x00, 0x00, 0x00, 0x2F, 0xFF, 0xFF, 0xF0, 0x00,
    0xFF, 0xFF, 0xFF, 0xC0, 0x03, 0xFF, 0xFF, 0xFE, 0x00, 0x0F, 0xFB, 0xFF, 0xF4, 0x00, 0x3F, 0xD0,
    0x00, 0x00, 0x00, 0x7F, 0xC0, 0x00, 0x00, 0x00, 0xFF, 0x40, 0x00, 0x00, 0x02, 0xFE, 0x00, 0x00,
    0x00, 0x03, 0xFC, 0x00, 0x00, 0x00, 0x0F, 0xF8, 0x00, 0x00, 0x00, 0x3F, 0xD0, 0x00, 0x00, 0x02,
    0xFE, 0x00, 0x00, 0x00, 0x2F, 0xE0, 0x00, 0x00, 0x02, 0xFF, 0x00, 0x00, 0x00, 0x1F, 0xF0, 0x00,
    0x00, 0x01, 0xFF, 0x00, 0x00, 0x00, 0x1F, 0xF4, 0x00, 0x00, 0x00, 0xFF, 0xEA, 0xAA, 0xA0, 0x07,
    0xFF, 0xFF, 0xFF, 0x80, 0x2F, 0xFF, 0xFF, 0xFD, 0x00, 0xFF, 0xFF, 0xFF, 0xF0, 0x00, 0x3F, 0xFF,
    0xFF, 0xFD, 0x3F, 0xFF, 0xFF, 0xFD, 0x7F, 0xFF, 0xFF, 0xFC, 0x7F, 0xFF, 0xFF, 0xFC, 0x00, 0x3F,
    0xE0, 0x00, 0x00, 0x3F, 0xD0, 0x00, 0x00, 0x3F, 0xC0, 0x00, 0x00, 0x7F, 0xC0, 0x00, 0x00, 0xBF,
    0xC0, 0x00, 0x00, 0xFF, 0x80, 0x00, 0x00, 0xFF, 0x40, 0x00, 0x01, 0xFF, 0x00, 0x00, 0x01, 0xFF,
    0x00, 0x00, 0x02, 0xFF, 0x00, 0x00, 0x03, 0xFE, 0x00, 0x00, 0x03, 0xFD, 0x00, 0x00, 0x07, 0xFC,
    0x00, 0x00, 0x0B, 0xFC, 0x00, 0x00, 0x0B, 0xF8, 0x00, 0x00, 0x0F, 0xF8, 0x00, 0x00, 0x0F, 0xF4,
    0x00, 0x00, 0x3F, 0xC0, 0x00, 0xFF, 0x83, 0xFD, 0x00, 0x2F, 0xF0, 0x2F, 0xE0, 0x03, 0xFE, 0x01,
    0xFF, 0x00, 0xFF, 0xC0, 0x0F, 0xF0, 0x1F, 0xF0, 0x00, 0xFF, 0x43, 0xFD, 0x00, 0x0B, 0xF4, 0xBF,
    0xC0, 0x00, 0x7F, 0x9F, 0xF0, 0x00, 0x03, 0xFF, 0xFD, 0x00, 0x00, 0x3F, 0xFF, 0x80, 0x00, 0x02,
    0xFF, 0xF0, 0x00, 0x00, 0x1F, 0xFD, 0x00, 0x00, 0x00, 0xFF, 0x80, 0x00, 0x00, 0x0F, 0xF0, 0x00,
    0x00, 0x01, 0xFF, 0x00, 0x00, 0x00, 0x2F, 0xF0, 0x00, 0x00, 0x02, 0xFE, 0x00, 0x00, 0x00, 0x3F,
    0xD0, 0x00, 0x00, 0x03, 0xFC, 0x00, 0x00, 0x00, 0x7F, 0xC0, 0x00, 0x00, 0x0B, 0xF8, 0x00, 0x00,
    0x00, 0x00, 0x00, 0x00, 0x00, 0x00, 0x00, 0x00, 0x00, 0x00, 0xBF, 0x40, 0x00, 0x00, 0x00, 0x00,
    0xFF, 0x00, 0x00, 0x00, 0x00, 0x6F, 0xFF, 0xE4, 0x00, 0x00, 0x1F, 0xFF, 0xFF, 0xFF, 0xC0, 0x00,
    0xFF, 0xFF, 0xFF, 0xFF, 0xF4, 0x03, 0xFF, 0xFB, 0xFE, 0xBF, 0xFC, 0x0F, 0xFD, 0x03, 0xFC, 0x0B,
    0xFD, 0x1F, 0xF0, 0x03, 0xFC, 0x02, 0xFE, 0x3F, 0xD0, 0x07, 0xF8, 0x01, 0xFF, 0x3F, 0xC0, 0x0B,
    0xF4, 0x01, 0xFF, 0x7F, 0xC0, 0x0F, 0xF0, 0x01, 0xFF, 0x7F, 0xC0, 0x0F, 0xF0, 0x02, 0xFE, 0x7F,
    0xC0, 0x0F, 0xF0, 0x03, 0xFC, 0x3F, 0xE0, 0x1F, 0xE0, 0x0F, 0xF8, 0x3F, 0xF9, 0x2F, 0xD1, 0xBF,
    0xF0, 0x0F, 0xFF, 0xFF, 0xFF, 0xFF, 0xC0, 0x07, 0xFF, 0xFF, 0xFF, 0xFE, 0x00, 0x00, 0xBF, 0xFF,
    0xFF, 0xE0, 0x00, 0x00, 0x01, 0xBF, 0x90, 0x00, 0x00, 0x00, 0x00, 0xBF, 0x40, 0x00, 0x00, 0x00,
    0x00, 0xFF, 0x00, 0x00, 0x00, 0x00, 0x00, 0x55, 0x00, 0x00, 0x00, 0x00, 0x2F, 0xF0, 0x00, 0x3F,
    0xE0, 0x00, 0x7F, 0xC0, 0x03, 0xFF, 0x00, 0x00, 0xFF, 0x40, 0x2F, 0xF4, 0x00, 0x02, 0xFF, 0x01,
    0xFF, 0x80, 0x00, 0x07, 0xFC, 0x0F, 0xFC, 0x00, 0x00, 0x0F, 0xF4, 0xBF, 0xC0, 0x00, 0x00, 0x2F,
    0xE7, 0xFD, 0x00, 0x00, 0x00, 0x7F, 0xFF, 0xD0, 0x00, 0x00, 0x00, 0xFF, 0xFE, 0x00, 0x00, 0x00,
    0x02, 0xFF, 0xF0, 0x00, 0x00, 0x00, 0x0F, 0xFF, 0x40, 0x00, 0x00, 0x00, 0xBF, 0xFE, 0x00, 0x00,
    0x00, 0x07, 0xFF, 0xFC, 0x00, 0x00, 0x00, 0x3F, 0xEF, 0xF4, 0x00, 0x00, 0x03, 0xFF, 0x2F, 0xF0,
    0x00, 0x00, 0x2F, 0xF0, 0x7F, 0xC0, 0x00, 0x01, 0xFF, 0x80, 0xFF, 0x80, 0x00, 0x0F, 0xFC, 0x03,
    0xFF, 0x00, 0x00, 0xFF, 0xC0, 0x07, 0xFC, 0x00, 0x0B, 0xFD, 0x00, 0x0F, 0xF8, 0x00, 0x7F, 0xE0,
    0x00, 0x3F, 0xF0, 0x00, 0x0F, 0xF0, 0x0B, 0xF4, 0x07, 0xF8, 0x7F, 0xC0, 0x3F, 0xC0, 0x2F, 0xE1,
    0xFE, 0x00, 0xFF, 0x00, 0xFF, 0x4B, 0xF4, 0x07, 0xFC, 0x03, 0xFC, 0x3F, 0xC0, 0x2F, 0xE0, 0x1F,
    0xF0, 0xFF, 0x00, 0xFF, 0x40, 0x7F, 0x87, 0xFC, 0x03, 0xFC, 0x02, 0xFD, 0x2F, 0xE0, 0x0F, 0xF0,
    0x0F, 0xF0, 0xBF, 0x40, 0x7F, 0x80, 0x3F, 0xC2, 0xFD, 0x02, 0xFD, 0x02, 0xFE, 0x0B, 0xF8, 0x0F,
    0xF4, 0x1F, 0xF4, 0x2F, 0xF8, 0x3F, 0xC2, 0xFF, 0xC0, 0x3F, 0xFF, 0xFF, 0xFF, 0xFC, 0x00, 0xBF,
    0xFF, 0xFF, 0xFF, 0xC0, 0x00, 0xBF, 0xFF, 0xFF, 0xF8, 0x00, 0x00, 0x1A, 0xFF, 0xA5, 0x00, 0x00,
    0x00, 0x03, 0xFC, 0x00, 0x00, 0x00, 0x00, 0x1F, 0xF0, 0x00, 0x00, 0x00, 0x00, 0xBF, 0x80, 0x00,
    0x00, 0x00, 0x03, 0xFD, 0x00, 0x00, 0x00, 0x00, 0x0F, 0xF0, 0x00, 0x00, 0x00, 0x00, 0x00, 0x00,
    0x00, 0x00, 0x00, 0x00, 0x02, 0xFF, 0xFD, 0x00, 0x00, 0x02, 0xFF, 0xFF, 0xFC, 0x00, 0x00, 0xBF,
    0xFF, 0xFF, 0xF0, 0x00, 0x2F, 0xFE, 0xAF, 0xFF, 0x80, 0x07, 0xFE, 0x00, 0x1F, 0xFC, 0x00, 0xFF,
    0x80, 0x00, 0xBF, 0xC0, 0x1F, 0xF0, 0x00, 0x03, 0xFD, 0x02, 0xFF, 0x00, 0x00, 0x3F, 0xD0, 0x3F,
    0xD0, 0x00, 0x03, 0xFD, 0x03, 0xFD, 0x00, 0x00, 0x3F, 0xC0, 0x3F, 0xC0, 0x00, 0x07, 0xFC, 0x03,
    0xFC, 0x00, 0x00, 0xBF, 0xC0, 0x3F, 0xC0, 0x00, 0x0F, 0xF4, 0x03, 0xFC, 0x00, 0x00, 0xFF, 0x00,
    0x2F, 0xD0, 0x00, 0x2F, 0xD0, 0x00, 0xFF, 0x00, 0x07, 0xF4, 0x00, 0x07, 0xF8, 0x02, 0xFD, 0x00,
    0x2A, 0xBF, 0xC0, 0xFF, 0xEA, 0x03, 0xFF, 0xFC, 0x0F, 0xFF, 0xF0, 0x7F, 0xFF, 0x80, 0xFF, 0xFF,
    0x0B, 0xFF, 0xF8, 0x1F, 0xFF, 0xE0, 0x00, 0x0F, 0x82, 0xF0, 0x00, 0xBF, 0x1F, 0xE0, 0x03, 0xFC,
    0x7F, 0x40, 0x07, 0xD0, 0xB8, 0x00, 0x00, 0x00, 0x00, 0x00, 0x00, 0x00, 0x00, 0x07, 0xFF, 0xFE,
    0x00, 0x2F, 0xFF, 0xF8, 0x00, 0xFF, 0xFF, 0xC0, 0x00, 0x7F, 0xF4, 0x00, 0x00, 0xFF, 0x40, 0x00,
    0x03, 0xFC, 0x00, 0x00, 0x1F, 0xF0, 0x00, 0x00, 0xBF, 0xC0, 0x00, 0x03, 0xFE, 0x00, 0x00, 0x0F,
    0xF4, 0x00, 0x00, 0x3F, 0xC0, 0x00, 0x01, 0xFF, 0x00, 0x00, 0x0B, 0xF8, 0x00, 0x00, 0x3F, 0xE0,
    0x00, 0x00, 0xFF, 0x40, 0x00, 0x07, 0xFC, 0x00, 0x00, 0x1F, 0xF0, 0x00, 0x01, 0xFF, 0xC0, 0x00,
    0x3F, 0xFF, 0xE0, 0x02, 0xFF, 0xFF, 0x80, 0x0B, 0xFF, 0xFD, 0x00, 0x00, 0x00, 0x2F, 0x03, 0xE0,
    0x00, 0x03, 0xF8, 0xBF, 0x00, 0x00, 0x7F, 0x4F, 0xF0, 0x00, 0x02, 0xE0, 0x7D, 0x00, 0x00, 0x00,
    0x00, 0x00, 0x00, 0x00, 0x00, 0x00, 0x00, 0x3F, 0xC0, 0x00, 0xFF, 0x83, 0xFD, 0x00, 0x2F, 0xF0,
    0x2F, 0xE0, 0x03, 0xFE, 0x01, 0xFF, 0x00, 0xFF, 0xC0, 0x0F, 0xF0, 0x1F, 0xF0, 0x00, 0xFF, 0x43,
    0xFD, 0x00, 0x0B, 0xF4, 0xBF, 0xC0, 0x00, 0x7F, 0x9F, 0xF0, 0x00, 0x03, 0xFF, 0xFD, 0x00, 0x00,
    0x3F, 0xFF, 0x80, 0x00, 0x02, 0xFF, 0xF0, 0x00, 0x00, 0x1F, 0xFD, 0x00, 0x00, 0x00, 0xFF, 0x80,
    0x00, 0x00, 0x0F, 0xF0, 0x00, 0x00, 0x01, 0xFF, 0x00, 0x00, 0x00, 0x2F, 0xF0, 0x00, 0x00, 0x02,
    0xFE, 0x00, 0x00, 0x00, 0x3F, 0xD0, 0x00, 0x00, 0x03, 0xFC, 0x00, 0x00, 0x00, 0x7F, 0xC0, 0x00,
    0x00, 0x0B, 0xF8, 0x00, 0x00, 0x00, 0x00, 0x00, 0x1A, 0xA0, 0x00, 0x00, 0x3F, 0xE0, 0x00, 0x00,
    0x7F, 0x80, 0x00, 0x00, 0xFE, 0x00, 0x00, 0x01, 0xF8, 0x00, 0x00, 0x00, 0x50, 0x00, 0x00, 0x00,
    0x00, 0x00, 0x00, 0x7F, 0xF0, 0xBE, 0x01, 0xFF, 0xFD, 0xFD, 0x07, 0xFF, 0xFF, 0xFC, 0x0F, 0xFD,
    0x6F, 0xFC, 0x2F, 0xF4, 0x0F, 0xFC, 0x3F, 0xE0, 0x0F, 0xF8, 0x7F, 0xC0, 0x0F, 0xF4, 0xBF, 0xC0,
    0x0F, 0xF0, 0xBF, 0x80, 0x0F, 0xF0, 0xFF, 0x80, 0x1F, 0xE0, 0xFF, 0x80, 0x3F, 0xE0, 0xFF, 0x80,
    0x7F, 0xD0, 0xBF, 0xD1, 0xFF, 0xE4, 0x7F, 0xFF, 0xFF, 0xFC, 0x3F, 0xFF, 0x3F, 0xF8, 0x0F, 0xFC,
    0x1F, 0xF4, 0x00, 0x40, 0x00, 0x40, 0x00, 0x00, 0x0A, 0xA8, 0x00, 0x00, 0x1F, 0xF4, 0x00, 0x00,
    0x3F, 0xD0, 0x00, 0x00, 0x7F, 0x40, 0x00, 0x00, 0xFD, 0x00, 0x00, 0x00, 0x54, 0x00, 0x00, 0x00,
    0x00, 0x00, 0x00, 0x2F, 0xFF, 0x80, 0x00, 0xFF, 0xFF, 0xE0, 0x03, 0xFF, 0xFF, 0xC0, 0x03, 0xFD,
    0x02, 0xC0, 0x03, 0xF8, 0x00, 0x00, 0x03, 0xFC, 0x00, 0x00, 0x02, 0xFF, 0xA0, 0x00, 0x00, 0xBF,
    0xF0, 0x00, 0x07, 0xFF, 0xF0, 0x00, 0x1F, 0xF9, 0x50, 0x00, 0x3F, 0xD0, 0x00, 0x00, 0x3F, 0xC0,
    0x00, 0x00, 0x3F, 0xE0, 0x1D, 0x00, 0x3F, 0xFF, 0xFD, 0x00, 0x1F, 0xFF, 0xFD, 0x00, 0x07, 0xFF,
    0xF8, 0x00, 0x00, 0x15, 0x00, 0x00, 0x00, 0x00, 0x02, 0xA9, 0x00, 0x00, 0x02, 0xFF, 0x00, 0x00,
    0x00, 0xFF, 0x00, 0x00, 0x00, 0xBF, 0x00, 0x00, 0x00, 0x3F, 0x00, 0x00, 0x00, 0x05, 0x00, 0x00,
    0x00, 0x00, 0x00, 0x00, 0x03, 0xF0, 0xBF, 0xD0, 0x01, 0xFC, 0xBF, 0xFD, 0x00, 0xBF, 0xBF, 0xFF,
    0xC0, 0x3F, 0xFD, 0x6F, 0xF0, 0x0F, 0xFC, 0x03, 0xFC, 0x03, 0xFE, 0x00, 0xFF, 0x01, 0xFF, 0x00,
    0x7F, 0xC0, 0xBF, 0x80, 0x2F, 0xE0, 0x3F, 0xD0, 0x0F, 0xF4, 0x0F, 0xF0, 0x03, 0xFD, 0x07, 0xFC,
    0x00, 0xFF, 0x02, 0xFF, 0x00, 0x7F, 0xC0, 0xBF, 0x80, 0x2F, 0xE0, 0x3F, 0xD0, 0x0F, 0xF4, 0x0F,
    0xF0, 0x03, 0xFC, 0x07, 0xFC, 0x01, 0xFF, 0x00, 0x00, 0x00, 0x7F, 0xC0, 0x00, 0x00, 0x2F, 0xE0,
    0x00, 0x00, 0x0F, 0xF4, 0x00, 0x00, 0x03, 0xFC, 0x00, 0x00, 0x01, 0xFF, 0x00, 0x00, 0x00, 0xBF,
    0xC0, 0x00, 0x00, 0x2F, 0xE0, 0x00, 0x00, 0x06, 0xA8, 0x00, 0x0F, 0xF4, 0x00, 0x2F, 0xE0, 0x00,
    0x3F, 0x80, 0x00, 0xBE, 0x00, 0x00, 0x54, 0x00, 0x00, 0x00, 0x00, 0x07, 0xFC, 0x00, 0x0B, 0xFC,
    0x00, 0x0F, 0xF8, 0x00, 0x0F, 0xF4, 0x00, 0x0F, 0xF0, 0x00, 0x1F, 0xF0, 0x00, 0x2F, 0xE0, 0x00,
    0x3F, 0xE0, 0x00, 0x3F, 0xD0, 0x00, 0x7F, 0xC0, 0x00, 0x7F, 0xC0, 0x00, 0xBF, 0xC0, 0x00, 0xFF,
    0xD1, 0x00, 0xBF, 0xFF, 0x40, 0x7F, 0xFF, 0x00, 0x1F, 0xFF, 0x00, 0x00, 0x50, 0x00, 0x00, 0x00,
    0x06, 0xA8, 0x00, 0x00, 0x7D, 0x0F, 0xF4, 0xF8, 0x00, 0xFF, 0x2F, 0xE3, 0xFC, 0x00, 0xFE, 0x3F,
    0x83, 0xFC, 0x00, 0xB8, 0x7F, 0x02, 0xE0, 0x00, 0x00, 0x14, 0x00, 0x00, 0x00, 0x00, 0x00, 0x00,
    0x00, 0x07, 0xFC, 0x01, 0xFE, 0x00, 0x0B, 0xF8, 0x01, 0xFF, 0x00, 0x0F, 0xF8, 0x01, 0xFF, 0x00,
    0x0F, 0xF4, 0x01, 0xFF, 0x00, 0x0F, 0xF0, 0x02, 0xFF, 0x00, 0x1F, 0xF0, 0x02, 0xFE, 0x00, 0x2F,
    0xE0, 0x03, 0xFE, 0x00, 0x3F, 0xD0, 0x03, 0xFD, 0x00, 0x3F, 0xC0, 0x03, 0xFD, 0x00, 0x7F, 0xC0,
    0x07, 0xFC, 0x00, 0x7F, 0xC0, 0x0F, 0xF8, 0x00, 0x7F, 0xC0, 0x2F, 0xF0, 0x00, 0x7F, 0xD1, 0xBF,
    0xE0, 0x00, 0x3F, 0xFF, 0xFF, 0xC0, 0x00, 0x1F, 0xFF, 0xFE, 0x00, 0x00, 0x07, 0xFF, 0xE4, 0x00,
    0x00, 0x00, 0x00, 0x00, 0x00, 0x00, 0x00, 0x00, 0x00, 0x00, 0x00, 0x7F, 0xF0, 0xBE, 0x01, 0xFF,
    0xFD, 0xFD, 0x07, 0xFF, 0xFF, 0xFC, 0x0F, 0xFD, 0x6F, 0xFC, 0x2F, 0xF4, 0x0F, 0xFC, 0x3F, 0xE0,
    0x0F, 0xF8, 0x7F, 0xC0, 0x0F, 0xF4, 0xBF, 0xC0, 0x0F, 0xF0, 0xBF, 0x80, 0x0F, 0xF0, 0xFF, 0x80,
    0x1F, 0xE0, 0xFF, 0x80, 0x3F, 0xE0, 0xFF, 0x80, 0x7F, 0xD0, 0xBF, 0xD1, 0xFF, 0xE4, 0x7F, 0xFF,
    0xFF, 0xFC, 0x3F, 0xFF, 0x3F, 0xF8, 0x0F, 0xFC, 0x1F, 0xF4, 0x00, 0x40, 0x00, 0x40, 0x00, 0x00,
    0x01, 0x40, 0x00, 0x00, 0x01, 0xFF, 0xFD, 0x00, 0x00, 0x2F, 0xFF, 0xFD, 0x00, 0x02, 0xFF, 0xFF,
    0xFC, 0x00, 0x0F, 0xF8, 0x2F, 0xF4, 0x00, 0xBF, 0xC0, 0x3F, 0xD0, 0x03, 0xFD, 0x00, 0xFF, 0x40,
    0x0F, 0xF0, 0x03, 0xFC, 0x00, 0x7F, 0xC0, 0x2F, 0xE0, 0x02, 0xFF, 0x02, 0xFF, 0x00, 0x0F, 0xF8,
    0xFF, 0xE0, 0x00, 0x3F, 0xD7, 0xFD, 0x00, 0x01, 0xFF, 0x2F, 0xFF, 0x00, 0x07, 0xFC, 0x07, 0xFE,
    0x00, 0x2F, 0xE0, 0x07, 0xFC, 0x00, 0xFF, 0x40, 0x0F, 0xF4, 0x03, 0xFD, 0x00, 0x3F, 0xD0, 0x1F,
    0xF0, 0x01, 0xFF, 0x00, 0xBF, 0xC0, 0x0F, 0xFC, 0x02, 0xFF, 0x91, 0xFF, 0xE0, 0x0F, 0xFF, 0xFF,
    0xFF, 0x00, 0x3F, 0xFF, 0xFF, 0xF4, 0x01, 0xFF, 0x7F, 0xFE, 0x00, 0x0B, 0xF8, 0x05, 0x00, 0x00,
    0x3F, 0xE0, 0x00, 0x00, 0x00, 0xFF, 0x40, 0x00, 0x00, 0x03, 0xFC, 0x00, 0x00, 0x00, 0x1F, 0xF0,
    0x00, 0x00, 0x00, 0xBF, 0x80, 0x00, 0x00, 0x03, 0xFD, 0x00, 0x00, 0x00, 0x00, 0x7F, 0x80, 0x1F,
    0xF1, 0xFE, 0x00, 0x7F, 0xC7, 0xF8, 0x02, 0xFE, 0x0F, 0xF0, 0x0F, 0xF4, 0x3F, 0xC0, 0x3F, 0xD0,
    0xFF, 0x01, 0xFF, 0x03, 0xFC, 0x0B, 0xF8, 0x0F, 0xF0, 0x3F, 0xC0, 0x2F, 0xC1, 0xFF, 0x00, 0xBF,
    0x0F, 0xF0, 0x01, 0xFC, 0xBF, 0x80, 0x07, 0xF7, 0xFC, 0x00, 0x1F, 0xFF, 0xC0, 0x00, 0x3F, 0xFD,
    0x00, 0x00, 0xFF, 0xD0, 0x00, 0x03, 0xFD, 0x00, 0x00, 0x1F, 0xF0, 0x00, 0x00, 0xBF, 0x80, 0x00,
    0x03, 0xFD, 0x00, 0x00, 0x0F, 0xF0, 0x00, 0x00, 0x7F, 0xC0, 0x00, 0x01, 0xFF, 0x00, 0x00, 0x00,
    0x00, 0x00, 0x00, 0x00, 0x00, 0x00, 0x05, 0x00, 0x00, 0x00, 0xBF, 0xFE, 0x40, 0x00, 0xFF, 0xFF,
    0xF8, 0x00, 0xFF, 0xFF, 0xFD, 0x00, 0x3F, 0xD0, 0x2E, 0x00, 0x1F, 0xF0, 0x00, 0x00, 0x07, 0xFC,
    0x00, 0x00, 0x00, 0xFF, 0xC0, 0x00, 0x00, 0x1F, 0xFC, 0x00, 0x00, 0x07, 0xFF, 0xC0, 0x00, 0x0F,
    0xFF, 0xFC, 0x00, 0x1F, 0xFE, 0xFF, 0x80, 0x1F, 0xF8, 0x2F, 0xF0, 0x0F, 0xF8, 0x03, 0xFD, 0x07,
    0xFC, 0x00, 0xFF, 0x82, 0xFE, 0x00, 0x3F, 0xE0, 0xFF, 0x80, 0x0F, 0xF4, 0x3F, 0xE0, 0x07, 0xFD,
    0x0F, 0xF8, 0x03, 0xFF, 0x02, 0xFF, 0x42, 0xFF, 0x80, 0x3F, 0xFF, 0xFF, 0xC0, 0x0B, 0xFF, 0xFF,
    0xC0, 0x00, 0x7F, 0xFF, 0x40, 0x00, 0x00, 0x50, 0x00, 0x00, 0x00, 0x00, 0x00, 0x00, 0x02, 0xFF,
    0xF8, 0x00, 0xFF, 0xFF, 0xE0, 0x3F, 0xFF, 0xFC, 0x03, 0xFD, 0x02, 0xC0, 0x3F, 0x80, 0x00, 0x03,
    0xFC, 0x00, 0x00, 0x2F, 0xFA, 0x00, 0x00, 0xBF, 0xF0, 0x00, 0x7F, 0xFF, 0x00, 0x1F, 0xF9, 0x50,
    0x03, 0xFD, 0x00, 0x00, 0x3F, 0xC0, 0x00, 0x03, 0xFE, 0x01, 0xD0, 0x3F, 0xFF, 0xFD, 0x01, 0xFF,
    0xFF, 0xD0, 0x07, 0xFF, 0xF8, 0x00, 0x01, 0x50, 0x00, 0x00, 0x00, 0x00, 0x00, 0x01, 0xFF, 0xFF,
    0xFF, 0x02, 0xFF, 0xFF, 0xFE, 0x03, 0xFF, 0xFF, 0xFD, 0x00, 0x00, 0x1F, 0xF4, 0x00, 0x00, 0x7F,
    0xD0, 0x00, 0x01, 0xFF, 0x40, 0x00, 0x0B, 0xFD, 0x00, 0x00, 0x2F, 0xF4, 0x00, 0x00, 0xBF, 0xD0,
    0x00, 0x01, 0xFF, 0x40, 0x00, 0x03, 0xFE, 0x00, 0x00, 0x0F, 0xFC, 0x00, 0x00, 0x1F, 0xF0, 0x00,
    0x00, 0x3F, 0xE0, 0x00, 0x00, 0x3F, 0xD0, 0x00, 0x00, 0x7F, 0xC0, 0x00, 0x00, 0x7F, 0xD0, 0x00,
    0x00, 0x3F, 0xF0, 0x00, 0x00, 0x3F, 0xFD, 0x00, 0x00, 0x1F, 0xFF, 0xD0, 0x00, 0x07, 0xFF, 0xF8,
    0x00, 0x00, 0xBF, 0xFD, 0x00, 0x00, 0x0F, 0xFE, 0x00, 0x00, 0x03, 0xFE, 0x00, 0x00, 0x03, 0xFD,
    0x00, 0x00, 0x03, 0xFC, 0x00, 0x00, 0x07, 0xF8, 0x00, 0x00, 0x0F, 0xF0, 0x00, 0x00, 0x00, 0x00,
    0x00, 0x00, 0x3F, 0x0B, 0xFD, 0x00, 0x1F, 0xCB, 0xFF, 0xD0, 0x0B, 0xFB, 0xFF, 0xFC, 0x03, 0xFF,
    0xD6, 0xFF, 0x00, 0xFF, 0xC0, 0x3F, 0xC0, 0x3F, 0xE0, 0x0F, 0xF0, 0x1F, 0xF0, 0x07, 0xFC, 0x0B,
    0xF8, 0x02, 0xFE, 0x03, 0xFD, 0x00, 0xFF, 0x40, 0xFF, 0x00, 0x3F, 0xD0, 0x7F, 0xC0, 0x0F, 0xF0,
    0x2F, 0xF0, 0x07, 0xFC, 0x0B, 0xF8, 0x02, 0xFE, 0x03, 0xFD, 0x00, 0xFF, 0x40, 0xFF, 0x00, 0x3F,
    0xC0, 0x7F, 0xC0, 0x1F, 0xF0, 0x00, 0x00, 0x07, 0xFC, 0x00, 0x00, 0x02, 0xFE, 0x00, 0x00, 0x00,
    0xFF, 0x40, 0x00, 0x00, 0x3F, 0xC0, 0x00, 0x00, 0x1F, 0xF0, 0x00, 0x00, 0x0B, 0xFC, 0x00, 0x00,
    0x02, 0xFE, 0x00, 0x00, 0x00, 0x14, 0x00, 0x00, 0x0B, 0xFF, 0xC0, 0x00, 0x3F, 0xFF, 0xF0, 0x00,
    0xFF, 0xFF, 0xF8, 0x02, 0xFF, 0x07, 0xFC, 0x03, 0xFD, 0x03, 0xFC, 0x0B, 0xFC, 0x03, 0xFD, 0x0F,
    0xF4, 0x03, 0xFD, 0x1F, 0xF0, 0x03, 0xFD, 0x2F, 0xF0, 0x03, 0xFC, 0x3F, 0xFA, 0xAF, 0xFC, 0x3F,
    0xFF, 0xFF, 0xFC, 0x7F, 0xFF, 0xFF, 0xFC, 0xBF, 0xEA, 0xAF, 0xF8, 0xBF, 0x80, 0x0F, 0xF4, 0xBF,
    0x80, 0x1F, 0xF0, 0xFF, 0x40, 0x3F, 0xE0, 0xFF, 0x40, 0x3F, 0xD0, 0xBF, 0x80, 0xBF, 0xC0, 0x7F,
    0xC1, 0xFF, 0x40, 0x3F, 0xFF, 0xFE, 0x00, 0x1F, 0xFF, 0xF8, 0x00, 0x07, 0xFF, 0xD0, 0x00, 0x00,
    0x14, 0x00, 0x00, 0x07, 0xFC, 0x02, 0xFF, 0x00, 0xFF, 0x80, 0x3F, 0xD0, 0x0F, 0xF0, 0x07, 0xFC,
    0x02, 0xFE, 0x00, 0xFF, 0x80, 0x3F, 0xD0, 0x1F, 0xF0, 0x07, 0xFC, 0x02, 0xFF, 0x00, 0xFF, 0xD1,
    0x2F, 0xFF, 0xD7, 0xFF, 0xF0, 0x7F, 0xFC, 0x00, 0x50, 0x00, 0x00, 0xFF, 0x00, 0x7F, 0xD0, 0x1F,
    0xF0, 0x1F, 0xF8, 0x02, 0xFE, 0x07, 0xFE, 0x00, 0x3F, 0xD0, 0xFF, 0x80, 0x03, 0xFC, 0x3F, 0xE0,
    0x00, 0x7F, 0xCF, 0xF8, 0x00, 0x07, 0xFB, 0xFE, 0x00, 0x00, 0xBF, 0xFF, 0xC0, 0x00, 0x0F, 0xFF,
    0xFD, 0x00, 0x00, 0xFF, 0xFF, 0xF0, 0x00, 0x1F, 0xF9, 0xFF, 0x40, 0x02, 0xFE, 0x0F, 0xFC, 0x00,
    0x3F, 0xE0, 0x7F, 0xD0, 0x03, 0xFD, 0x03, 0xFF, 0x00, 0x3F, 0xC0, 0x1F, 0xF0, 0x07, 0xFC, 0x00,
    0xFF, 0x80, 0x00, 0x05, 0x40, 0x00, 0x00, 0x03, 0xFF, 0xC0, 0x00, 0x00, 0x3F, 0xFF, 0x00, 0x00,
    0x07, 0xFF, 0xF4, 0x00, 0x00, 0x01, 0xFF, 0xC0, 0x00, 0x00, 0x03, 0xFC, 0x00, 0x00, 0x00, 0x3F,
    0xC0, 0x00, 0x00, 0x03, 0xFD, 0x00, 0x00, 0x00, 0xBF, 0xD0, 0x00, 0x00, 0x0F, 0xFE, 0x00, 0x00,
    0x02, 0xFF, 0xE0, 0x00, 0x00, 0x3F, 0xFF, 0x00, 0x00, 0x0F, 0xFB, 0xF0, 0x00, 0x01, 0xFE, 0xBF,
    0x00, 0x00, 0x3F, 0xCB, 0xF4, 0x00, 0x07, 0xF8, 0x7F, 0x80, 0x00, 0xFF, 0x07, 0xF8, 0x00, 0x2F,
    0xE0, 0x3F, 0xC0, 0x03, 0xFC, 0x03, 0xFC, 0x00, 0xBF, 0xC0, 0x3F, 0xF4, 0x0F, 0xF4, 0x03, 0xFF,
    0xD3, 0xFF, 0x00, 0x2F, 0xFC, 0x7F, 0xD0, 0x00, 0xFF, 0xC0, 0x00, 0x00, 0x00, 0x40, 0x00, 0x3F,
    0xC0, 0x0F, 0xF0, 0x01, 0xFF, 0x00, 0x7F, 0xC0, 0x0B, 0xF8, 0x02, 0xFF, 0x00, 0x3F, 0xE0, 0x0B,
    0xF8, 0x00, 0xFF, 0x40, 0x3F, 0xD0, 0x03, 0xFC, 0x00, 0xFF, 0x00, 0x1F, 0xF0, 0x07, 0xFC, 0x00,
    0xBF, 0x80, 0x2F, 0xE0, 0x03, 0xFD, 0x00, 0xFF, 0x40, 0x0F, 0xF0, 0x03, 0xFD, 0x00, 0x7F, 0xC0,
    0x2F, 0xF0, 0x02, 0xFF, 0x01, 0xFF, 0xC0, 0x0B, 0xFE, 0x1F, 0xFF, 0x50, 0x3F, 0xFF, 0xFB, 0xFF,
    0x40, 0xFF, 0xFF, 0xCF, 0xFD, 0x07, 0xFE, 0xFC, 0x1F, 0xF0, 0x2F, 0xE0, 0x00, 0x04, 0x00, 0xFF,
    0x40, 0x00, 0x00, 0x03, 0xFD, 0x00, 0x00, 0x00, 0x0F, 0xF0, 0x00, 0x00, 0x00, 0x7F, 0xC0, 0x00,
    0x00, 0x02, 0xFE, 0x00, 0x00, 0x00, 0x0F, 0xF4, 0x00, 0x00, 0x00, 0x00, 0x7F, 0x80, 0x1F, 0xF1,
    0xFE, 0x00, 0x7F, 0xC7, 0xF8, 0x02, 0xFE, 0x0F, 0xF0, 0x0F, 0xF4, 0x3F, 0xC0, 0x3F, 0xC0, 0xFF,
    0x01, 0xFF, 0x03, 0xFC, 0x0B, 0xF8, 0x0F, 0xF0, 0x3F, 0xC0, 0x2F, 0xC1, 0xFE, 0x00, 0xBF, 0x0F,
    0xF0, 0x01, 0xFC, 0xBF, 0x80, 0x07, 0xF7, 0xFC, 0x00, 0x1F, 0xFF, 0xC0, 0x00, 0x3F, 0xFD, 0x00,
    0x00, 0xFF, 0xD0, 0x00, 0x03, 0xFD, 0x00, 0x00, 0x00, 0x00, 0x00, 0x00, 0x02, 0xFF, 0xFF, 0xFD,
    0x03, 0xFF, 0xFF, 0xFC, 0x03, 0xFF, 0xFF, 0xFC, 0x00, 0x6F, 0xE4, 0x00, 0x01, 0xFF, 0x00, 0x00,
    0x03, 0xFC, 0x00, 0x00, 0x07, 0xFC, 0x00, 0x00, 0x07, 0xFC, 0x00, 0x00, 0x03, 0xFF, 0x40, 0x00,
    0x01, 0xFF, 0xFF, 0xC0, 0x00, 0x7F, 0xFF, 0x80, 0x07, 0xFF, 0xFF, 0x40, 0x1F, 0xF8, 0x00, 0x00,
    0x3F, 0xD0, 0x00, 0x00, 0xBF, 0xC0, 0x00, 0x00, 0xFF, 0x80, 0x00, 0x00, 0xFF, 0xC0, 0x00, 0x00,
    0xFF, 0xD0, 0x00, 0x00, 0xBF, 0xF8, 0x00, 0x00, 0x3F, 0xFF, 0xC0, 0x00, 0x0F, 0xFF, 0xF4, 0x00,
    0x01, 0xFF, 0xFC, 0x00, 0x00, 0x1F, 0xFC, 0x00, 0x00, 0x07, 0xFC, 0x00, 0x00, 0x07, 0xFC, 0x00,
    0x00, 0x07, 0xF8, 0x00, 0x00, 0x0F, 0xF0, 0x00, 0x00, 0x1F, 0xE0, 0x00, 0x00, 0x00, 0x00, 0x00,
    0x00, 0xBF, 0xF8, 0x00, 0x1F, 0xFF, 0xFC, 0x01, 0xFF, 0xFF, 0xFC, 0x0F, 0xFD, 0x6F, 0xF4, 0xBF,
    0xD0, 0x3F, 0xE3, 0xFE, 0x00, 0xBF, 0xDF, 0xF0, 0x02, 0xFF, 0x7F, 0xC0, 0x0B, 0xFA, 0xFE, 0x00,
    0x3F, 0xEB, 0xF8, 0x00, 0xFF, 0x6F, 0xE0, 0x07, 0xFC, 0xBF, 0xC0, 0x3F, 0xE1, 0xFF, 0x87, 0xFF,
    0x03, 0xFF, 0xFF, 0xF8, 0x03, 0xFF, 0xFF, 0x80, 0x02, 0xFF, 0xE4, 0x00, 0x00, 0x10, 0x00, 0x00,
    0x3F, 0xFF, 0xFF, 0xFF, 0xFF, 0x1F, 0xFF, 0xFF, 0xFF, 0xFF, 0xCB, 0xFF, 0xFF, 0xFF, 0xFF, 0xF0,
    0x5B, 0xFD, 0x57, 0xFD, 0x54, 0x02, 0xFF, 0x01, 0xFF, 0x00, 0x00, 0xBF, 0x80, 0x7F, 0xC0, 0x00,
    0x3F, 0xD0, 0x2F, 0xE0, 0x00, 0x0F, 0xF0, 0x0F, 0xF4, 0x00, 0x07, 0xFC, 0x03, 0xFC, 0x00, 0x02,
    0xFE, 0x01, 0xFF, 0x00, 0x00, 0xFF, 0x80, 0xBF, 0xC0, 0x00, 0x3F, 0xD0, 0x2F, 0xE0, 0x00, 0x0F,
    0xF0, 0x0F, 0xFC, 0x10, 0x07, 0xFC, 0x03, 0xFF, 0xF8, 0x02, 0xFE, 0x00, 0x7F, 0xFE, 0x00, 0xFF,
    0x40, 0x0B, 0xFF, 0x40, 0x00, 0x00, 0x00, 0x14, 0x00, 0x00, 0x00, 0x00, 0x00, 0x00, 0x00, 0x00,
    0xBF, 0xF8, 0x00, 0x00, 0xFF, 0xFF, 0xC0, 0x00, 0xFF, 0xFF, 0xFC, 0x00, 0x7F, 0xE6, 0xFF, 0x40,
    0x3F, 0xE0, 0x3F, 0xE0, 0x0F, 0xF0, 0x0F, 0xF8, 0x07, 0xFC, 0x03, 0xFE, 0x02, 0xFE, 0x00, 0xFF,
    0x80, 0xFF, 0x40, 0x3F, 0xD0, 0x3F, 0xC0, 0x1F, 0xF4, 0x1F, 0xF0, 0x0B, 0xFC, 0x0B, 0xFC, 0x03,
    0xFE, 0x03, 0xFF, 0x97, 0xFF, 0x40, 0xFF, 0xFF, 0xFF, 0x80, 0x3F, 0xFF, 0xFF, 0xC0, 0x1F, 0xF3,
    0xFF, 0x80, 0x0B, 0xF8, 0x04, 0x00, 0x03, 0xFE, 0x00, 0x00, 0x00, 0xFF, 0x40, 0x00, 0x00, 0x3F,
    0xC0, 0x00, 0x00, 0x1F, 0xF0, 0x00, 0x00, 0x0B, 0xF8, 0x00, 0x00, 0x03, 0xFE, 0x00, 0x00, 0x00,
    0x00, 0x00, 0x00, 0x00, 0x01, 0xFF, 0xF8, 0x00, 0xFF, 0xFF, 0xC0, 0x3F, 0xFF, 0xFC, 0x0F, 0xFE,
    0x57, 0x41, 0xFF, 0x40, 0x00, 0x3F, 0xE0, 0x00, 0x03, 0xFC, 0x00, 0x00, 0x7F, 0xC0, 0x00, 0x0B,
    0xFC, 0x00, 0x00, 0xBF, 0xC0, 0x00, 0x0B, 0xFC, 0x00, 0x00, 0x7F, 0xE0, 0x00, 0x03, 0xFF, 0xD0,
    0x00, 0x2F, 0xFF, 0xD0, 0x00, 0xBF, 0xFF, 0x40, 0x01, 0xFF, 0xFC, 0x00, 0x01, 0xFF, 0xD0, 0x00,
    0x03, 0xFD, 0x00, 0x00, 0x3F, 0xC0, 0x00, 0x07, 0xFC, 0x00, 0x00, 0xBF, 0x40, 0x00, 0x1F, 0xE0,
    0x00, 0x00, 0x0B, 0xFF, 0xFF, 0xD0, 0x0F, 0xFF, 0xFF, 0xFC, 0x03, 0xFF, 0xFF, 0xFF, 0xC0, 0xFF,
    0xE5, 0xFE, 0x50, 0x2F, 0xF4, 0x0B, 0xF0, 0x03, 0xFE, 0x00, 0xBF, 0x40, 0x7F, 0xC0, 0x0B, 0xF8,
    0x0B, 0xFC, 0x00, 0xBF, 0x80, 0xBF, 0xC0, 0x0F, 0xF8, 0x0B, 0xF8, 0x00, 0xFF, 0x40, 0xBF, 0x80,
    0x1F, 0xF0, 0x0B, 0xFC, 0x03, 0xFE, 0x00, 0x7F, 0xE1, 0xFF, 0xC0, 0x03, 0xFF, 0xFF, 0xF4, 0x00,
    0x0F, 0xFF, 0xFD, 0x00, 0x00, 0x2F, 0xFE, 0x00, 0x00, 0x00, 0x14, 0x00, 0x00, 0x00, 0x3F, 0xFF,
    0xFF, 0xF1, 0xFF, 0xFF, 0xFF, 0xCB, 0xFF, 0xFF, 0xFE, 0x05, 0x7F, 0xE5, 0x50, 0x00, 0xFF, 0x40,
    0x00, 0x03, 0xFC, 0x00, 0x00, 0x1F, 0xF0, 0x00, 0x00, 0xBF, 0x80, 0x00, 0x03, 0xFE, 0x00, 0x00,
    0x0F, 0xF4, 0x00, 0x00, 0x3F, 0xC0, 0x00, 0x01, 0xFF, 0x00, 0x00, 0x07, 0xFD, 0x14, 0x00, 0x1F,
    0xFF, 0xD0, 0x00, 0x3F, 0xFF, 0x40, 0x00, 0x7F, 0xFD, 0x00, 0x00, 0x05, 0x00, 0x00, 0x07, 0xFC,
    0x01, 0xFE, 0x0B, 0xF8, 0x01, 0xFF, 0x0F, 0xF8, 0x01, 0xFF, 0x0F, 0xF4, 0x01, 0xFF, 0x0F, 0xF0,
    0x02, 0xFF, 0x1F, 0xF0, 0x02, 0xFE, 0x2F, 0xE0, 0x03, 0xFE, 0x3F, 0xD0, 0x03, 0xFD, 0x3F, 0xC0,
    0x03, 0xFD, 0x7F, 0xC0, 0x07, 0xFC, 0x7F, 0xC0, 0x0F, 0xF8, 0x7F, 0xC0, 0x2F, 0xF0, 0x7F, 0xD1,
    0xBF, 0xE0, 0x3F, 0xFF, 0xFF, 0xC0, 0x1F, 0xFF, 0xFE, 0x00, 0x07, 0xFF, 0xE4, 0x00, 0x00, 0x00,
    0x00, 0x00, 0x00, 0x00, 0x00, 0x00, 0x00, 0x00, 0x1D, 0x00, 0xBF, 0xF4, 0x00, 0x2F, 0xE0, 0xFF,
    0xFF, 0x80, 0x1F, 0xFC, 0xBF, 0xFF, 0xF4, 0x0F, 0xFC, 0x3F, 0xD2, 0xFF, 0x0B, 0xFC, 0x1F, 0xF0,
    0x3F, 0xC3, 0xFE, 0x0B, 0xF8, 0x0F, 0xF1, 0xFF, 0x02, 0xFD, 0x03, 0xFC, 0x7F, 0xC0, 0xFF, 0x01,
    0xFF, 0x2F, 0xF0, 0x3F, 0xC0, 0xBF, 0xCB, 0xFC, 0x1F, 0xE0, 0x3F, 0xE2, 0xFF, 0x0B, 0xF4, 0x2F,
    0xF4, 0x7F, 0xD3, 0xFD, 0x1F, 0xFC, 0x0F, 0xFD, 0xFF, 0x6F, 0xFC, 0x01, 0xFF, 0xFF, 0xFF, 0xFD,
    0x00, 0x2F, 0xFF, 0xFF, 0xFC, 0x00, 0x00, 0xBF, 0xFF, 0xE4, 0x00, 0x00, 0x03, 0xFD, 0x00, 0x00,
    0x00, 0x00, 0xFF, 0x00, 0x00, 0x00, 0x00, 0x7F, 0xC0, 0x00, 0x00, 0x00, 0x1F, 0xE0, 0x00, 0x00,
    0x00, 0x0B, 0xF4, 0x00, 0x00, 0x00, 0x03, 0xFC, 0x00, 0x00, 0x00, 0x00, 0xFF, 0x00, 0x00, 0x00,
    0x00, 0x00, 0x00, 0x00, 0x00, 0x00, 0x3F, 0xE0, 0x00, 0x3F, 0xD0, 0x0F, 0xFD, 0x00, 0x2F, 0xE0,
    0x07, 0xFF, 0xC0, 0x1F, 0xF0, 0x01, 0xAF, 0xF4, 0x0F, 0xF0, 0x00, 0x02, 0xFE, 0x0B, 0xF8, 0x00,
    0x00, 0x3F, 0xC7, 0xFC, 0x00, 0x00, 0x0F, 0xF3, 0xFC, 0x00, 0x00, 0x02, 0xFF, 0xFD, 0x00, 0x00,
    0x00, 0x7F, 0xFE, 0x00, 0x00, 0x00, 0x0F, 0xFF, 0x00, 0x00, 0x00, 0x03, 0xFF, 0x40, 0x00, 0x00,
    0x00, 0xFF, 0x80, 0x00, 0x00, 0x00, 0x7F, 0xE0, 0x00, 0x00, 0x00, 0x3F, 0xFC, 0x00, 0x00, 0x00,
    0x3F, 0xFF, 0x00, 0x00, 0x00, 0x1F, 0xFF, 0xD0, 0x00, 0x00, 0x0F, 0xF7, 0xF8, 0x00, 0x00, 0x0F,
    0xF0, 0xFF, 0x00, 0x00, 0x0B, 0xF8, 0x3F, 0xD0, 0x00, 0x07, 0xFC, 0x0B, 0xFE, 0x80, 0x03, 0xFD,
    0x01, 0xFF, 0xF0, 0x02, 0xFE, 0x00, 0x3F, 0xFC, 0x01, 0xFF, 0x00, 0x03, 0xFD, 0x00, 0x00, 0x00,
    0x00, 0x00, 0x00, 0x00, 0x00, 0x00, 0x00, 0x00, 0x00, 0x00, 0x00, 0x00, 0x2F, 0xE0, 0x00, 0x00,
    0x00, 0x03, 0xFD, 0x00, 0x00, 0x00, 0x00, 0x3F, 0xC0, 0x00, 0x00, 0x00, 0x07, 0xFC, 0x00, 0x00,
    0x00, 0x00, 0x7F, 0x80, 0x00, 0x00, 0x00, 0x0B, 0xF4, 0x00, 0x00, 0x7F, 0xC0, 0xFF, 0x03, 0xFC,
    0x0B, 0xF8, 0x0F, 0xF0, 0x3F, 0xD0, 0xFF, 0x81, 0xFF, 0x03, 0xFD, 0x0F, 0xF4, 0x2F, 0xE0, 0x3F,
    0xD0, 0xFF, 0x03, 0xFD, 0x03, 0xFC, 0x1F, 0xF0, 0x3F, 0xC0, 0x7F, 0xC2, 0xFE, 0x03, 0xFC, 0x07,
    0xFC, 0x3F, 0xD0, 0x7F, 0xC0, 0xBF, 0xC3, 0xFD, 0x0B, 0xF8, 0x0F, 0xF8, 0x3F, 0xC0, 0xFF, 0x40,
    0xFF, 0x47, 0xFC, 0x0F, 0xF0, 0x2F, 0xF0, 0x7F, 0xC0, 0xFF, 0x07, 0xFD, 0x03, 0xFE, 0x1F, 0xE6,
    0xFF, 0x80, 0x3F, 0xFF, 0xFF, 0xFF, 0xE0, 0x00, 0xFF, 0xFF, 0xFF, 0xF4, 0x00, 0x02, 0xFF, 0xFF,
    0xF4, 0x00, 0x00, 0x00, 0x7F, 0xC0, 0x00, 0x00, 0x00, 0x0B, 0xF8, 0x00, 0x00, 0x00, 0x00, 0xBF,
    0x40, 0x00, 0x00, 0x00, 0x0F, 0xF0, 0x00, 0x00, 0x00, 0x00, 0xFF, 0x00, 0x00, 0x00, 0x00, 0x1F,
    0xF0, 0x00, 0x00, 0x00, 0x02, 0xFE, 0x00, 0x00, 0x00, 0x00, 0x3F, 0x80, 0x00, 0x2F, 0xD0, 0x03,
    0xFC, 0x00, 0x00, 0x3F, 0xC0, 0x3F, 0xC0, 0x00, 0x00, 0xFF, 0x02, 0xFD, 0x00, 0x00, 0x02, 0xFD,
    0x0F, 0xF0, 0x00, 0x00, 0x0B, 0xF4, 0x7F, 0x80, 0x2F, 0xC0, 0x2F, 0xD3, 0xFD, 0x00, 0xFE, 0x00,
    0xBF, 0x4F, 0xF0, 0x03, 0xF8, 0x02, 0xFD, 0x3F, 0xC0, 0x1F, 0xD0, 0x0F, 0xF1, 0xFE, 0x00, 0xBF,
    0x00, 0x3F, 0xC7, 0xF8, 0x03, 0xFC, 0x02, 0xFE, 0x0F, 0xF0, 0x1F, 0xF0, 0x0F, 0xF4, 0x3F, 0xD1,
    0xFF, 0xE1, 0xFF, 0xC0, 0xBF, 0xFF, 0xEF, 0xFF, 0xFC, 0x00, 0xFF, 0xFD, 0x3F, 0xFF, 0xD0, 0x00,
    0xFF, 0xD0, 0x7F, 0xF8, 0x00, 0x00, 0x10, 0x00, 0x04, 0x00, 0x00, 0x0F, 0x82, 0xF0, 0xFF, 0x1F,
    0xD3, 0xFC, 0x7F, 0x47, 0xD0, 0xB8, 0x00, 0x00, 0x00, 0x00, 0x00, 0x00, 0x7F, 0xC0, 0x02, 0xFF,
    0x00, 0x0F, 0xF8, 0x00, 0x3F, 0xD0, 0x00, 0xFF, 0x00, 0x07, 0xFC, 0x00, 0x2F, 0xE0, 0x00, 0xFF,
    0x80, 0x03, 0xFD, 0x00, 0x1F, 0xF0, 0x00, 0x7F, 0xC0, 0x02, 0xFF, 0x00, 0x0F, 0xFD, 0x10, 0x2F,
    0xFF, 0xD0, 0x7F, 0xFF, 0x00, 0x7F, 0xFC, 0x00, 0x05, 0x00, 0x00, 0x00, 0x0F, 0x82, 0xF0, 0x00,
    0x3F, 0xC7, 0xF4, 0x00, 0x3F, 0xC7, 0xF4, 0x00, 0x1F, 0x42, 0xE0, 0x00, 0x00, 0x00, 0x00, 0x00,
    0x00, 0x00, 0x00, 0x07, 0xFC, 0x01, 0xFE, 0x0B, 0xF8, 0x01, 0xFF, 0x0F, 0xF8, 0x01, 0xFF, 0x0F,
    0xF4, 0x01, 0xFF, 0x0F, 0xF0, 0x02, 0xFF, 0x1F, 0xF0, 0x02, 0xFE, 0x2F, 0xE0, 0x03, 0xFE, 0x3F,
    0xD0, 0x03, 0xFD, 0x3F, 0xC0, 0x03, 0xFD, 0x7F, 0xC0, 0x07, 0xFC, 0x7F, 0xC0, 0x0F, 0xF8, 0x7F,
    0xC0, 0x2F, 0xF0, 0x7F, 0xD1, 0xBF, 0xE0, 0x3F, 0xFF, 0xFF, 0xC0, 0x1F, 0xFF, 0xFE, 0x00, 0x07,
    0xFF, 0xE4, 0x00, 0x00, 0x00, 0x00, 0x00, 0x00, 0x00, 0x06, 0xA8, 0x00, 0x00, 0x0F, 0xF8, 0x00,
    0x00, 0x1F, 0xE0, 0x00, 0x00, 0x3F, 0xC0, 0x00, 0x00, 0x7F, 0x00, 0x00, 0x00, 0x14, 0x00, 0x00,
    0x00, 0x00, 0x00, 0x00, 0x2F, 0xFE, 0x00, 0x01, 0xFF, 0xFF, 0xC0, 0x07, 0xFF, 0xFF, 0xF0, 0x0F,
    0xFD, 0x6F, 0xF4, 0x2F, 0xF4, 0x0F, 0xF8, 0x3F, 0xE0, 0x0B, 0xFC, 0x7F, 0xC0, 0x0B, 0xFC, 0x7F,
    0xC0, 0x0B, 0xF8, 0xBF, 0x80, 0x0F, 0xF8, 0xBF, 0x80, 0x0F, 0xF4, 0xBF, 0x80, 0x1F, 0xF0, 0xBF,
    0xC0, 0x3F, 0xE0, 0x7F, 0xE1, 0xFF, 0xC0, 0x3F, 0xFF, 0xFF, 0x80, 0x0F, 0xFF, 0xFE, 0x00, 0x02,
    0xFF, 0xE4, 0x00, 0x00, 0x04, 0x00, 0x00, 0x00, 0x00, 0x06, 0xA8, 0x00, 0x00, 0x0F, 0xF4, 0x00,
    0x00, 0x2F, 0xE0, 0x00, 0x00, 0x3F, 0x80, 0x00, 0x00, 0xBE, 0x00, 0x00, 0x00, 0x54, 0x00, 0x00,
    0x00, 0x00, 0x00, 0x07, 0xFC, 0x01, 0xFE, 0x0B, 0xF8, 0x01, 0xFF, 0x0F, 0xF8, 0x01, 0xFF, 0x0F,
    0xF4, 0x01, 0xFF, 0x0F, 0xF0, 0x02, 0xFF, 0x1F, 0xF0, 0x02, 0xFE, 0x2F, 0xE0, 0x03, 0xFE, 0x3F,
    0xD0, 0x03, 0xFD, 0x3F, 0xC0, 0x03, 0xFD, 0x7F, 0xC0, 0x07, 0xFC, 0x7F, 0xC0, 0x0F, 0xF8, 0x7F,
    0xC0, 0x2F, 0xF0, 0x7F, 0xD1, 0xBF, 0xE0, 0x3F, 0xFF, 0xFF, 0xC0, 0x1F, 0xFF, 0xFE, 0x00, 0x07,
    0xFF, 0xE4, 0x00, 0x00, 0x00, 0x00, 0x00, 0x00, 0x00, 0x00, 0x06, 0xA8, 0x00, 0x00, 0x00, 0x00,
    0x3F, 0xE0, 0x00, 0x00, 0x00, 0x01, 0xFE, 0x00, 0x00, 0x00, 0x00, 0x0F, 0xE0, 0x00, 0x00, 0x00,
    0x00, 0x7F, 0x00, 0x00, 0x00, 0x00, 0x00, 0x50, 0x00, 0x00, 0x00, 0x00, 0x00, 0x00, 0x00, 0x00,
    0x0F, 0xE0, 0x00, 0x0B, 0xF4, 0x00, 0xFF, 0x00, 0x00, 0x0F, 0xF0, 0x0F, 0xF0, 0x00, 0x00, 0x3F,
    0xC0, 0xBF, 0x40, 0x00, 0x00, 0xBF, 0x43, 0xFC, 0x00, 0x00, 0x02, 0xFD, 0x1F, 0xE0, 0x0B, 0xF0,
    0x0B, 0xF4, 0xFF, 0x40, 0x3F, 0x80, 0x2F, 0xD3, 0xFC, 0x00, 0xFE, 0x00, 0xBF, 0x4F, 0xF0, 0x07,
    0xF4, 0x03, 0xFC, 0x7F, 0x80, 0x2F, 0xC0, 0x0F, 0xF1, 0xFE, 0x00, 0xFF, 0x00, 0xBF, 0x83, 0xFC,
    0x07, 0xFC, 0x03, 0xFD, 0x0F, 0xF4, 0x7F, 0xF8, 0x7F, 0xF0, 0x2F, 0xFF, 0xFB, 0xFF, 0xFF, 0x00,
    0x3F, 0xFF, 0x4F, 0xFF, 0xF4, 0x00, 0x3F, 0xF4, 0x1F, 0xFE, 0x00, 0x00, 0x04, 0x00, 0x01, 0x00,
    0x00, 0x00, 0x3F, 0xD0, 0x02, 0xFF, 0x00, 0x0F, 0xF0, 0x02, 0xFF, 0x40, 0x07, 0xFC, 0x01, 0xFF,
    0x80, 0x02, 0xFF, 0x01, 0xFF, 0x80, 0x00, 0xFF, 0x80, 0xFF, 0xC0, 0x00, 0x3F, 0xD0, 0xFF, 0xC0,
    0x00, 0x0F, 0xF0, 0xFF, 0xC0, 0x00, 0x07, 0xFC, 0xBF, 0xD0, 0x00, 0x02, 0xFE, 0x7F, 0xE0, 0x00,
    0x00, 0xFF, 0xBF, 0xE0, 0x00, 0x00, 0x3F, 0xFF, 0xF4, 0x00, 0x00, 0x0F, 0xFF, 0xFE, 0x00, 0x00,
    0x07, 0xFF, 0xFF, 0xC0, 0x00, 0x02, 0xFF, 0x0F, 0xF4, 0x00, 0x00, 0xFF, 0x43, 0xFF, 0x00, 0x00,
    0x3F, 0xD0, 0xBF, 0xC0, 0x00, 0x1F, 0xF0, 0x0F, 0xF8, 0x00, 0x07, 0xFC, 0x03, 0xFF, 0x00, 0x02,
    0xFE, 0x00, 0x7F, 0xD0, 0x00, 0xFF, 0x40, 0x0F, 0xF8, 0x00, 0x3F, 0xC0, 0x02, 0xFF, 0x00, 0x00,
    0x00, 0x00, 0xBF, 0xC0, 0x00, 0x00, 0x00, 0x7F, 0xF0, 0x01, 0x90, 0x00, 0xBF, 0xF0, 0x00, 0xBF,
    0xFF, 0xFF, 0xF8, 0x00, 0x3F, 0xFF, 0xFF, 0xF8, 0x00, 0x0F, 0xFF, 0xFF, 0xF4, 0x00, 0x00, 0x6F,
    0xFF, 0x90, 0x00, 0x00, 0x00, 0x00, 0x01, 0x40, 0x00, 0x01, 0xFF, 0xF8, 0x00, 0x0F, 0xFF, 0xFE,
    0x00, 0x3F, 0xF5, 0xBF, 0x00, 0xFF, 0x80, 0x3F, 0x02, 0xFF, 0xD5, 0xFF, 0x03, 0xFF, 0xFF, 0xFC,
    0x0B, 0xFF, 0xFF, 0xF0, 0x0F, 0xF0, 0x15, 0x00, 0x1F, 0xF0, 0x55, 0x00, 0x2F, 0xD7, 0xFF, 0xD0,
    0x3F, 0xEF, 0xFF, 0xF0, 0x3F, 0xFF, 0xBF, 0xFC, 0x7F, 0xF0, 0x0B, 0xFC, 0xBF, 0xC0, 0x07, 0xFC,
    0xBF, 0x80, 0x03, 0xFC, 0xBF, 0x40, 0x07, 0xFC, 0xBF, 0x80, 0x0B, 0xFC, 0x7F, 0xC0, 0x1F, 0xF8,
    0x3F, 0xF5, 0xBF, 0xF0, 0x2F, 0xFF, 0xFF, 0xD0, 0x0F, 0xFF, 0xFF, 0x40, 0x02, 0xFF, 0xF8, 0x00,
    0x00, 0x05, 0x00, 0x00, 0x00, 0x00, 0x01, 0x40, 0x00, 0x00, 0x00, 0xBF, 0xFC, 0x00, 0x00, 0x03,
    0xFF, 0xFF, 0x00, 0x00, 0x0F, 0xFF, 0xFF, 0xC0, 0x00, 0x1F, 0xF4, 0x7F, 0xC0, 0x00, 0x2F, 0xE0,
    0x3F, 0xD0, 0x00, 0x2F, 0xE0, 0x2F, 0xE0, 0x00, 0x1F, 0xF0, 0x2F, 0xE0, 0x00, 0x0F, 0xFD, 0x2F,
    0xE0, 0x00, 0x07, 0xFF, 0xFF, 0xFE, 0x00, 0x02, 0xFF, 0xFF, 0xFD, 0x1A, 0x90, 0x2F, 0xFF, 0xFC,
    0x7F, 0xF4, 0x00, 0x7F, 0xC0, 0x7F, 0xFC, 0x00, 0x7F, 0xC0, 0x6F, 0xFC, 0x00, 0xBF, 0x80, 0x07,
    0xF8, 0x00, 0xFF, 0x40, 0x07, 0xF4, 0x01, 0xFF, 0x00, 0x0F, 0xF0, 0x03, 0xFE, 0x00, 0x0F, 0xF0,
    0x0B, 0xFC, 0x00, 0x0F, 0xF8, 0x2F, 0xF8, 0x00, 0x0F, 0xFF, 0xFF, 0xF0, 0x00, 0x07, 0xFF, 0xFF,
    0x80, 0x00, 0x00, 0xFF, 0xFD, 0x00, 0x00, 0x00, 0x01, 0x00, 0x00, 0x00, 0x7F, 0xC0, 0x00, 0x7F,
    0xD3, 0xFC, 0x00, 0x2F, 0xFC, 0x3F, 0xD0, 0x07, 0xFF, 0xC2, 0xFE, 0x00, 0xFF, 0xE8, 0x1F, 0xF0,
    0x2F, 0xF0, 0x00, 0xFF, 0x03, 0xFD, 0x00, 0x0F, 0xF4, 0xBF, 0x80, 0x00, 0xBF, 0x5F, 0xF0, 0x00,
    0x07, 0xFB, 0xFD, 0x00, 0x00, 0x3F, 0xFF, 0x80, 0x00, 0x03, 0xFF, 0xF0, 0x00, 0x00, 0x2F, 0xFD,
    0x00, 0x00, 0x01, 0xFF, 0x80, 0x00, 0x00, 0x0F, 0xF0, 0x00, 0x00, 0x01, 0xFF, 0x00, 0x00, 0x00,
    0x2F, 0xE0, 0x00, 0x00, 0x03, 0xFE, 0x00, 0x00, 0x00, 0x3F, 0xD0, 0x00, 0x00, 0x07, 0xFC, 0x00,
    0x00, 0x00, 0xBF, 0xC0, 0x00, 0x00, 0x0F, 0xF8, 0x00, 0x00, 0x00, 0x02, 0xA9, 0x1F, 0xF0, 0x00,
    0x1F, 0xF0, 0x2F, 0xF0, 0x7F, 0xC0, 0x02, 0xFF, 0xC0, 0xFF, 0x00, 0xFF, 0x40, 0x1F, 0xFF, 0x0B,
    0xF0, 0x03, 0xFE, 0x00, 0xFF, 0xE4, 0x3F, 0x00, 0x0B, 0xF8, 0x0B, 0xFC, 0x00, 0x50, 0x00, 0x0F,
    0xF0, 0x7F, 0xD0, 0x00, 0x00, 0x00, 0x3F, 0xC3, 0xFE, 0x00, 0x00, 0x00, 0x00, 0xBF, 0x5F, 0xF0,
    0x00, 0x00, 0x00, 0x01, 0xFE, 0xFF, 0x00, 0x00, 0x00, 0x00, 0x03, 0xFF, 0xF8, 0x00, 0x00, 0x00,
    0x00, 0x0F, 0xFF, 0xC0, 0x00, 0x00, 0x00, 0x00, 0x2F, 0xFC, 0x00, 0x00, 0x00, 0x00, 0x00, 0x7F,
    0xD0, 0x00, 0x00, 0x00, 0x00, 0x01, 0xFF, 0x00, 0x00, 0x00, 0x00, 0x00, 0x0B, 0xFC, 0x00, 0x00,
    0x00, 0x00, 0x00, 0x3F, 0xE0, 0x00, 0x00, 0x00, 0x00, 0x00, 0xFF, 0x40, 0x00, 0x00, 0x00, 0x00,
    0x07, 0xFC, 0x00, 0x00, 0x00, 0x00, 0x00, 0x1F, 0xF0, 0x00, 0x00, 0x00, 0x00, 0x00, 0xBF, 0x80,
    0x00, 0x00, 0x00, 0x00, 0x03, 0xFE, 0x00, 0x00, 0x00, 0x00, 0xB8, 0x1F, 0x40, 0x00, 0x1F, 0xD3,
    0xFC, 0x00, 0x02, 0xFC, 0x3F, 0x80, 0x00, 0x0F, 0x42, 0xE0, 0x00, 0x00, 0x00, 0x00, 0x00, 0x00,
    0x00, 0x00, 0x00, 0x00, 0x7F, 0xC0, 0x00, 0x7F, 0xD3, 0xFC, 0x00, 0x2F, 0xFC, 0x3F, 0xD0, 0x07,
    0xFF, 0xC2, 0xFE, 0x00, 0xFF, 0xE8, 0x1F, 0xF0, 0x2F, 0xF0, 0x00, 0xFF, 0x03, 0xFD, 0x00, 0x0F,
    0xF4, 0xBF, 0x80, 0x00, 0xBF, 0x5F, 0xF0, 0x00, 0x07, 0xFB, 0xFD, 0x00, 0x00, 0x3F, 0xFF, 0x80,
    0x00, 0x03, 0xFF, 0xF0, 0x00, 0x00, 0x2F, 0xFD, 0x00, 0x00, 0x01, 0xFF, 0x80, 0x00, 0x00, 0x0F,
    0xF0, 0x00, 0x00, 0x01, 0xFF, 0x00, 0x00, 0x00, 0x2F, 0xE0, 0x00, 0x00, 0x03, 0xFE, 0x00, 0x00,
    0x00, 0x3F, 0xD0, 0x00, 0x00, 0x07, 0xFC, 0x00, 0x00, 0x00, 0xBF, 0xC0, 0x00, 0x00, 0x0F, 0xF8,
    0x00, 0x00, 0x00, 0x00, 0x00, 0x00, 0x00, 0x00, 0x00, 0x00, 0x03, 0xFC, 0x00, 0x00, 0x00, 0x03,
    0xFC, 0x00, 0x00, 0x00, 0x07, 0xF8, 0x00, 0x00, 0x00, 0x0B, 0xF4, 0x00, 0x00, 0x00, 0x0F, 0xF0,
    0x00, 0x00, 0x00, 0x0F, 0xF0, 0x00, 0x00, 0x06, 0xFF, 0xFE, 0x40, 0x00, 0x7F, 0xFF, 0xFF, 0xE0,
    0x02, 0xFF, 0xFF, 0xFF, 0xF8, 0x0B, 0xFE, 0x7F, 0xEF, 0xFD, 0x1F, 0xF4, 0x3F, 0xC3, 0xFE, 0x3F,
    0xE0, 0x7F, 0x82, 0xFF, 0x7F, 0xC0, 0xBF, 0x81, 0xFF, 0xBF, 0xC0, 0xFF, 0x41, 0xFF, 0xBF, 0x80,
    0xFF, 0x02, 0xFF, 0xBF, 0x80, 0xFF, 0x03, 0xFE, 0xBF, 0xC1, 0xFE, 0x07, 0xFD, 0x7F, 0xC2, 0xFD,
    0x0F, 0xFC, 0x3F, 0xF7, 0xFD, 0xBF, 0xF0, 0x1F, 0xFF, 0xFF, 0xFF, 0xD0, 0x0B, 0xFF, 0xFF, 0xFF,
    0x00, 0x00, 0xBF, 0xFF, 0xE4, 0x00, 0x00, 0x0B, 0xF8, 0x00, 0x00, 0x00, 0x0F, 0xF0, 0x00, 0x00,
    0x00, 0x0F, 0xF0, 0x00, 0x00, 0x00, 0x1F, 0xF0, 0x00, 0x00, 0x00, 0x2F, 0xE0, 0x00, 0x00, 0x00,
    0x2F, 0xD0, 0x00, 0x00, 0x00, 0x3F, 0xC0, 0x00, 0x00, 0x2F, 0xFF, 0xFF, 0xFF, 0xFF, 0xFF, 0xFF,
    0xC3, 0xFF, 0xFF, 0xFF, 0xFF, 0xFF, 0xFF, 0xFC, 0x3F, 0xFF, 0xFF, 0xFF, 0xFF, 0xFF, 0xFF, 0x81,
    0x5F, 0xF5, 0x55, 0x55, 0x57, 0xFD, 0x50, 0x01, 0xFF, 0x00, 0x00, 0x00, 0x3F, 0xC0, 0x00, 0x2F,
    0xD0, 0x01, 0x50, 0x03, 0xFC, 0x00, 0x03, 0xFC, 0x00, 0xFF, 0x00, 0x3F, 0xC0, 0x00, 0x7F, 0xC0,
    0x0F, 0xF0, 0x03, 0xFC, 0x00, 0x07, 0xF8, 0x01, 0xFE, 0x00, 0x3F, 0xC0, 0x00, 0x7F, 0x80, 0x2F,
    0xD0, 0x07, 0xF8, 0x00, 0x07, 0xF8, 0x03, 0xFD, 0x00, 0xFF, 0x40, 0x00, 0x7F, 0x80, 0x7F, 0xD0,
    0x1F, 0xF0, 0x00, 0x03, 0xFD, 0x1F, 0xFF, 0x07, 0xFD, 0x00, 0x00, 0x3F, 0xFF, 0xF7, 0xFF, 0xFF,
    0xC0, 0x00, 0x00, 0xFF, 0xFE, 0x2F, 0xFF, 0xF0, 0x00, 0x00, 0x07, 0xFF, 0x80, 0xBF, 0xF4, 0x00,
    0x00, 0x00, 0x01, 0x00, 0x00, 0x50, 0x00, 0x00, 0x00, 0x00, 0x0F, 0xF0, 0x07, 0xFE, 0x00, 0x07,
    0xFC, 0x07, 0xFE, 0x00, 0x02, 0xFE, 0x03, 0xFE, 0x00, 0x00, 0xFF, 0x43, 0xFE, 0x00, 0x00, 0x3F,
    0xC3, 0xFE, 0x00, 0x00, 0x0F, 0xF3, 0xFE, 0x00, 0x00, 0x07, 0xFF, 0xFE, 0x00, 0x00, 0x02, 0xFF,
    0xFF, 0x00, 0x00, 0x00, 0xFF, 0xFF, 0xE0, 0x00, 0x00, 0x3F, 0xFF, 0xFC, 0x00, 0x00, 0x1F, 0xF9,
    0xFF, 0x40, 0x00, 0x07, 0xFC, 0x2F, 0xF0, 0x00, 0x02, 0xFE, 0x07, 0xFD, 0x00, 0x00, 0xFF, 0x40,
    0xFF, 0xC0, 0x00, 0x3F, 0xC0, 0x1F, 0xF4, 0x00, 0x1F, 0xF0, 0x03, 0xFF, 0x00, 0x00, 0x00, 0x00,
    0xFF, 0xC0, 0x00, 0x00, 0x01, 0xFF, 0xC0, 0x03, 0xE5, 0x5B, 0xFF, 0xD0, 0x01, 0xFF, 0xFF, 0xFF,
    0xC0, 0x00, 0x7F, 0xFF, 0xFF, 0x40, 0x00, 0x01, 0x6A, 0xA4, 0x00, 0x00, 0x00, 0x00, 0x00, 0x00,
    0x00, 0x00, 0x00, 0x07, 0xFF, 0xF8, 0x00, 0x00, 0xBF, 0xFF, 0xFF, 0x80, 0x03, 0xFF, 0xFF, 0xFF,
    0xE0, 0x0B, 0xFF, 0xEA, 0xFF, 0xF4, 0x1F, 0xFD, 0x00, 0x1F, 0xFC, 0x3F, 0xF0, 0x00, 0x0B, 0xFD,
    0x3F, 0xD0, 0x00, 0x03, 0xFE, 0x7F, 0xC0, 0x00, 0x03, 0xFE, 0xBF, 0xC0, 0x00, 0x03, 0xFE, 0xBF,
    0xC0, 0x00, 0x03, 0xFD, 0xBF, 0xC0, 0x00, 0x07, 0xFC, 0x7F, 0xD0, 0x00, 0x0F, 0xFC, 0x3F, 0xF0,
    0x00, 0x3F, 0xF4, 0x3F, 0xFE, 0x5B, 0xFF, 0xF0, 0x0F, 0xFF, 0xFF, 0xFF, 0xC0, 0x07, 0xFF, 0xFF,
    0xFE, 0x00, 0x00, 0xBF, 0xFF, 0xE0, 0x00, 0x00, 0x0F, 0xF4, 0x00, 0x00, 0x00, 0x1F, 0xF0, 0x00,
    0x00, 0x00, 0x2F, 0xF0, 0x00, 0x00, 0x00, 0x2F, 0xE0, 0x00, 0x00, 0x00, 0x00, 0x00, 0x00, 0x00,
    0x7F, 0xF8, 0x00, 0x0F, 0xFF, 0xFD, 0x00, 0xFF, 0xFF, 0xFC, 0x0F, 0xFD, 0x1F, 0xF8, 0x7F, 0xD0,
    0x2F, 0xF3, 0xFE, 0x00, 0xBF, 0xCF, 0xF4, 0x02, 0xFF, 0x7F, 0xC0, 0x0B, 0xFE, 0xFF, 0x00, 0x3F,
    0xEB, 0xFC, 0x00, 0xFF, 0x6F, 0xE0, 0x07, 0xFC, 0xBF, 0xC0, 0x3F, 0xE1, 0xFF, 0x87, 0xFF, 0x03,
    0xFF, 0xFF, 0xF4, 0x03, 0xFF, 0xFF, 0x40, 0x02, 0xFF, 0xE0, 0x00, 0x07, 0xFC, 0x00, 0x00, 0x2F,
    0xF0, 0x00, 0x00, 0xFF, 0x80, 0x00, 0x03, 0xFD, 0x00, 0x00, 0x0F, 0xF0, 0x00, 0x00, 0x7F, 0xC0,
    0x00, 0x02, 0xFE, 0x00, 0x00, 0x00, 0x00, 0x00, 0x00, 0x00, 0x01, 0xBF, 0xFE, 0x00, 0x07, 0xFF,
    0xFF, 0xF4, 0x0B, 0xFF, 0xFF, 0xFC, 0x07, 0xFF, 0xEA, 0xFE, 0x03, 0xFF, 0x40, 0x02, 0x02, 0xFF,
    0x40, 0x00, 0x00, 0xFF, 0x80, 0x00, 0x00, 0x7F, 0xC0, 0x00, 0x00, 0x2F, 0xF0, 0x00, 0x00, 0x0B,
    0xF8, 0x00, 0x00, 0x02, 0xFF, 0x00, 0x00, 0x00, 0xBF, 0xC0, 0x00, 0x00, 0x1F, 0xFC, 0x00, 0x00,
    0x03, 0xFF, 0xE9, 0x40, 0x00, 0x3F, 0xFF, 0xF0, 0x00, 0x03, 0xFF, 0xFC, 0x00, 0x00, 0x1B, 0xFE,
    0x00, 0x00, 0x00, 0xFF, 0x40, 0x00, 0x00, 0x3F, 0xC0, 0x00, 0x00, 0x1F, 0xF0, 0x00, 0x00, 0x0B,
    0xF8, 0x00, 0x00, 0x00, 0x00, 0x00, 0x00, 0x01, 0xFF, 0xFD, 0x00, 0xFF, 0xFF, 0xC0, 0x3F, 0xFF,
    0xFC, 0x0F, 0xFE, 0x57, 0x41, 0xFF, 0x40, 0x00, 0x3F, 0xE0, 0x00, 0x03, 0xFC, 0x00, 0x00, 0x7F,
    0xC0, 0x00, 0x0B, 0xFC, 0x00, 0x00, 0xBF, 0xC0, 0x00, 0x0B, 0xFC, 0x00, 0x00, 0x7F, 0xF0, 0x00,
    0x03, 0xFF, 0xE0, 0x00, 0x1F, 0xFF, 0xC0, 0x00, 0x7F, 0xFF, 0x00, 0x00, 0xBF, 0xF8, 0x00, 0x00,
    0xFF, 0xC0, 0x00, 0x0B, 0xFC, 0x01, 0x41, 0xFF, 0x80, 0x3F, 0xFF, 0xF0, 0x03, 0xFF, 0xFC, 0x00,
    0x2F, 0xF9, 0x00, 0x00, 0x00, 0x00, 0x00, 0x00, 0x3F, 0xFF, 0xFF, 0x80, 0x0F, 0xFF, 0xFF, 0xD0,
    0x07, 0xFF, 0xFF, 0xF4, 0x02, 0xFF, 0xFF, 0xFC, 0x00, 0xFF, 0x80, 0x00, 0x00, 0x3F, 0xD0, 0x00,
    0x00, 0x0F, 0xF0, 0x00, 0x00, 0x07, 0xFC, 0x00, 0x00, 0x02, 0xFF, 0x00, 0x00, 0x00, 0xFF, 0xFF,
    0xFD, 0x00, 0x3F, 0xFF, 0xFF, 0x00, 0x0F, 0xFF, 0xFF, 0xC0, 0x07, 0xFF, 0xFF, 0xF0, 0x02, 0xFE,
    0x03, 0xF8, 0x00, 0xFF, 0x81, 0xFD, 0x00, 0x3F, 0xD0, 0xBF, 0x00, 0x1F, 0xF0, 0x00, 0x00, 0x07,
    0xFC, 0x00, 0x00, 0x02, 0xFE, 0x00, 0x00, 0x00, 0xFF, 0x40, 0x00, 0x00, 0x3F, 0xD0, 0x00, 0x00,
    0x00, 0x00, 0x3F, 0xFF, 0xFF, 0x40, 0x0F, 0xFF, 0xFF, 0xD0, 0x07, 0xFF, 0xFF, 0xF0, 0x02, 0xFF,
    0x55, 0x54, 0x00, 0xFF, 0x40, 0x00, 0x00, 0x3F, 0xC0, 0x00, 0x00, 0x1F, 0xF0, 0x00, 0x00, 0x07,
    0xFC, 0x00, 0x00, 0x02, 0xFF, 0xAA, 0xA0, 0x00, 0xFF, 0xFF, 0xFC, 0x00, 0x3F, 0xFF, 0xFF, 0x00,
    0x1F, 0xFA, 0xBF, 0x80, 0x0B, 0xFC, 0x0F, 0xD0, 0x02, 0xFE, 0x07, 0xF0, 0x00, 0xFF, 0x41, 0xFC,
    0x00, 0x3F, 0xC0, 0x00, 0x00, 0x1F, 0xF0, 0x00, 0x00, 0x0B, 0xF8, 0x00, 0x00, 0x03, 0xFD, 0x00,
    0x00, 0x00, 0xFF, 0x40, 0x00, 0x00, 0x3F, 0xC0, 0x00, 0x00, 0x1F, 0xF0, 0x00, 0x00, 0x0B, 0xF8,
    0x00, 0x00, 0x00, 0x00, 0x00, 0x00, 0x00, 0x3F, 0xF8, 0x00, 0x00, 0xFF, 0xF4, 0x00, 0x03, 0xFF,
    0xE0, 0x00, 0x00, 0xBF, 0x40, 0x00, 0x03, 0xFC, 0x00, 0x00, 0x1F, 0xF0, 0x00, 0x00, 0xFF, 0x40,
    0x00, 0x07, 0xFC, 0x00, 0x00, 0x3F, 0xFA, 0xAA, 0x81, 0xFF, 0xFF, 0xFF, 0x0F, 0xFF, 0xFF, 0xF4,
    0x7F, 0xFF, 0xFF, 0xC0, 0x00, 0x03, 0xFD, 0x00, 0x00, 0x1F, 0xF0, 0x00, 0x00, 0xFF, 0x40, 0x00,
    0x07, 0xFC, 0x00, 0x00, 0x2F, 0xD0, 0x00, 0x00, 0xFF, 0x00, 0x00, 0x03, 0xFF, 0xD0, 0x00, 0x0F,
    0xFF, 0x00, 0x00, 0x1F, 0xFC, 0x00, 0x00, 0x01, 0x00, 0x00, 0x00, 0x05, 0x40, 0x00, 0x00, 0x3F,
    0xF8, 0x00, 0x00, 0x3F, 0xFC, 0x00, 0x00, 0x3F, 0xFC, 0x00, 0x00, 0x03, 0xFC, 0x00, 0x00, 0x03,
    0xFC, 0x00, 0x00, 0x0B, 0xF4, 0x00, 0x00, 0x0F, 0xF0, 0x00, 0x00, 0x3F, 0xC0, 0x00, 0x00, 0x7F,
    0x80, 0x00, 0x00, 0xFF, 0x00, 0x00, 0x02, 0xFD, 0x00, 0x04, 0x03, 0xFC, 0x1A, 0xFD, 0x0F, 0xFF,
    0xFF, 0xFC, 0x1F, 0xFF, 0xFF, 0xF8, 0x2F, 0xFF, 0xFF, 0xF0, 0x3F, 0xE5, 0x1F, 0xE0, 0x14, 0x00,
    0x3F, 0xC0, 0x00, 0x00, 0xBF, 0x40, 0x00, 0x00, 0xFF, 0x00, 0x00, 0x03, 0xFC, 0x00, 0x00, 0x07,
    0xF8, 0x00, 0x00, 0x0F, 0xF0, 0x00, 0x00, 0x2F, 0xE0, 0x00, 0x00, 0x3F, 0xC0, 0x00, 0x00, 0x7F,
    0xC0, 0x00, 0x00, 0xFF, 0xC0, 0x00, 0x00, 0xFF, 0xFD, 0x00, 0x00, 0xBF, 0xFC, 0x00, 0x00, 0x2F,
    0xF8, 0x00, 0x00, 0x00, 0x00, 0x00, 0x2F, 0xFF, 0x80, 0x07, 0xFF, 0xFF, 0xD0, 0x0F, 0xFF, 0xFF,
    0xD0, 0x3F, 0x9A, 0xFF, 0xC0, 0x40, 0x03, 0xFF, 0x80, 0x00, 0xBF, 0xFF, 0x00, 0x2F, 0xFB, 0xFC,
    0x03, 0xFD, 0x0F, 0xF0, 0x0F, 0x80, 0x3F, 0xC0, 0x10, 0x07, 0xFF, 0x00, 0x01, 0xFF, 0xFC, 0x00,
    0x7F, 0xFF, 0xF0, 0x02, 0xFD, 0xBF, 0xC0, 0x03, 0x43, 0xFD, 0x00, 0x00, 0x0F, 0xF0, 0x00, 0x00,
    0xBF, 0xC0, 0x00, 0x03, 0xFD, 0x00, 0x00, 0x2F, 0xF0, 0x00, 0x00, 0xFF, 0x40, 0x00, 0x0B, 0xFC,
    0x00, 0x00, 0x3F, 0xD0, 0x00, 0x00, 0x00, 0x00, 0x0F, 0x80, 0x00, 0x03, 0xFE, 0x00, 0x00, 0xFF,
    0xF0, 0x00, 0x3F, 0xFF, 0x00, 0x01, 0xFF, 0xF0, 0x00, 0x0F, 0xFF, 0x00, 0x00, 0xFF, 0xD0, 0x00,
    0x0F, 0xFC, 0x00, 0x07, 0xFF, 0x40, 0x6F, 0xFF, 0xE0, 0xFF, 0xFB, 0xFC, 0x3F, 0x81, 0xFF, 0x05,
    0x00, 0x3F, 0xC0, 0x00, 0x1F, 0xF0, 0x00, 0x7F, 0xFC, 0x06, 0xFF, 0xFF, 0x07, 0xFE, 0x7F, 0xC0,
    0xF4, 0x1F, 0xF0, 0x00, 0x07, 0xFC, 0x00, 0x02, 0xFE, 0x00, 0x00, 0xFF, 0x40, 0x00, 0x7F, 0xC0,
    0x00, 0x3F, 0xE0, 0x00, 0x0F, 0xF0, 0x00, 0x0B, 0xFC, 0x00, 0x03, 0xFD, 0x00, 0x03, 0xFE, 0x00,
    0x01, 0xFF, 0x00, 0x00, 0xFF, 0x40, 0x00, 0x0B, 0xF4, 0x00, 0x01, 0xFE, 0x0F, 0xFF, 0x00, 0x07,
    0xFC, 0x0F, 0xFF, 0x40, 0x1F, 0xF4, 0x00, 0xBF, 0x80, 0x7F, 0xE0, 0x00, 0x3F, 0x81, 0xFF, 0xC0,
    0x00, 0x3F, 0x87, 0xFF, 0x80, 0x00, 0x7F, 0x5F, 0xFF, 0x00, 0x00, 0x7F, 0x7F, 0xFF, 0x00, 0x00,
    0xFF, 0xFE, 0xFD, 0x00, 0x00, 0xFF, 0xF9, 0xFC, 0x00, 0x02, 0xFF, 0xE2, 0xFC, 0x00, 0x03, 0xFF,
    0x83, 0xFC, 0x00, 0x07, 0xFE, 0x03, 0xFD, 0x00, 0x0F, 0xF8, 0x02, 0xFF, 0xF0, 0x2F, 0xE0, 0x01,
    0xFF, 0xF0, 0x3F, 0x80, 0x00, 0x7F, 0xF0, 0x00, 0x00, 0x00, 0x01, 0x00, 0x00, 0x00, 0x00, 0x00,
    0x00, 0x02, 0xFF, 0xF4, 0x00, 0x07, 0xFF, 0xFF, 0x80, 0x03, 0xFF, 0xFF, 0xF4, 0x03, 0xFF, 0x97,
    0xFF, 0x01, 0xFF, 0x40, 0x7F, 0xC0, 0xFF, 0x80, 0x0F, 0xF4, 0x7F, 0xC0, 0x03, 0xFD, 0x2F, 0xF0,
    0x00, 0xFF, 0x4F, 0xF4, 0x00, 0x7F, 0xC3, 0xFC, 0x00, 0x2F, 0xF1, 0xFF, 0x00, 0x0F, 0xF8, 0x7F,
    0xC0, 0x0B, 0xFD, 0x2F, 0xFD, 0x0B, 0xFF, 0x0B, 0xFF, 0xFF, 0xFF, 0x43, 0xFF, 0xFF, 0xFF, 0x40,
    0xFF, 0x5F, 0xFE, 0x00, 0x2F, 0xD0, 0x10, 0x00, 0x0B, 0xFD, 0x00, 0x00, 0x00, 0xFF, 0xFE, 0x00,
    0x00, 0x2F, 0xFF, 0xF8, 0x00, 0x02, 0xFF, 0xFF, 0x00, 0x00, 0x06, 0xFF, 0xC0, 0x00, 0x00, 0x0F,
    0xF0, 0x00, 0x00, 0x00, 0x00, 0x00, 0x02, 0xFF, 0xF8, 0x01, 0xFF, 0xFF, 0xC0, 0x3F, 0xFF, 0xF8,
    0x0F, 0xFE, 0x5B, 0x42, 0xFF, 0x40, 0x00, 0x3F, 0xE0, 0x00, 0x07, 0xFD, 0x00, 0x00, 0x7F, 0xC0,
    0x00, 0x0B, 0xFC, 0x00, 0x00, 0xBF, 0x80, 0x00, 0x0B, 0xF8, 0x00, 0x00, 0xBF, 0xC0, 0x00, 0x07,
    0xFF, 0x56, 0xC0, 0x3F, 0xFF, 0xFC, 0x01, 0xFF, 0xFF, 0xC0, 0x03, 0xFF, 0xF4, 0x00, 0x01, 0x40,
    0x00, 0x00, 0x00, 0x00, 0x00, 0x00, 0x02, 0xFC, 0x00, 0x00, 0x3F, 0xD0, 0x00, 0x07, 0xFD, 0x00,
    0x00, 0x3F, 0x80, 0x00, 0x00, 0x00, 0x00, 0x00, 0x00, 0x00, 0x00, 0x0F, 0xF0, 0x00, 0x01, 0xFF,
    0x00, 0x00, 0x2F, 0xF0, 0x00, 0x03, 0xFE, 0x00, 0x00, 0x3F, 0xD0, 0x00, 0x03, 0xFC, 0x00, 0x00,
    0x7F, 0xC0, 0x00, 0x0B, 0xF8, 0x00, 0x00, 0xFF, 0x80, 0x00, 0x0F, 0xF4, 0x00, 0x01, 0xFF, 0x00,
    0x00, 0x1F, 0xF0, 0x00, 0x02, 0xFE, 0x00, 0x00, 0x3F, 0xD0, 0x00, 0x03, 0xFD, 0x00, 0x00, 0x7F,
    0xC0, 0x00, 0x0B, 0xFC, 0x00, 0x00, 0xFF, 0x80, 0x00, 0x1F, 0xF4, 0x00, 0xAB, 0xFF, 0x00, 0x0B,
    0xFF, 0xE0, 0x00, 0xBF, 0xF8, 0x00, 0x0B, 0xFD, 0x00, 0x00, 0x00, 0x00, 0x00, 0x00, 0x00, 0x00,
    0x01, 0xBF, 0xFD, 0x00, 0x00, 0x0F, 0xFF, 0xFF, 0xC0, 0x00, 0x3F, 0xFF, 0xFF, 0xF0, 0x00, 0xFF,
    0xF5, 0xBF, 0xF4, 0x03, 0xFF, 0x40, 0x0F, 0xFC, 0x07, 0xFD, 0x00, 0x07, 0xFC, 0x0F, 0xF8, 0x00,
    0x03, 0xFD, 0x1F, 0xF0, 0x00, 0x03, 0xFD, 0x2F, 0xF5, 0x55, 0x57, 0xFD, 0x3F, 0xFF, 0xFF, 0xFF,
    0xFD, 0x3F, 0xFF, 0xFF, 0xFF, 0xFC, 0x3F, 0xFF, 0xFF, 0xFF, 0xFC, 0x7F, 0xC0, 0x00, 0x0B, 0xFC,
    0x7F, 0xC0, 0x00, 0x0F, 0xF8, 0x3F, 0xC0, 0x00, 0x1F, 0xF0, 0x3F, 0xD0, 0x00, 0x3F, 0xE0, 0x3F,
    0xF0, 0x00, 0xFF, 0xC0, 0x1F, 0xFD, 0x5B, 0xFF, 0x40, 0x0F, 0xFF, 0xFF, 0xFE, 0x00, 0x03, 0xFF,
    0xFF, 0xF4, 0x00, 0x00, 0x7F, 0xFF, 0x80, 0x00, 0x00, 0x00, 0x50, 0x00, 0x00, 0x00, 0x00, 0x00,
    0x00, 0x02, 0xFF, 0xF8, 0x01, 0xFF, 0xFF, 0xC0, 0x3F, 0xFF, 0xF8, 0x0F, 0xFD, 0x06, 0x42, 0xFF,
    0x40, 0x00, 0x3F, 0xE0, 0x00, 0x07, 0xFE, 0xAA, 0x00, 0x7F, 0xFF, 0xF0, 0x0B, 0xFF, 0xFF, 0x00,
    0xBF, 0xD5, 0x50, 0x0B, 0xF8, 0x00, 0x00, 0xBF, 0xC0, 0x00, 0x07, 0xFE, 0x01, 0xC0, 0x3F, 0xFF,
    0xFC, 0x01, 0xFF, 0xFF, 0xC0, 0x03, 0xFF, 0xF4, 0x00, 0x01, 0x40, 0x00, 0x00, 0x00, 0x00, 0x01,
    0xBF, 0xFD, 0x00, 0xFF, 0xFF, 0xD0, 0x1F, 0xFF, 0xFC, 0x02, 0x42, 0xFF, 0x80, 0x00, 0x3F, 0xF0,
    0x00, 0x0B, 0xFC, 0x06, 0xAB, 0xFF, 0x02, 0xFF, 0xFF, 0xC0, 0xFF, 0xFF, 0xE0, 0x15, 0x6F, 0xF8,
    0x00, 0x07, 0xFC, 0x00, 0x03, 0xFF, 0x18, 0x07, 0xFF, 0x4B, 0xFF, 0xFF, 0x82, 0xFF, 0xFF, 0x80,
    0x7F, 0xFE, 0x00, 0x00, 0x50, 0x00, 0x00, 0x00, 0x3F, 0xD0, 0x00, 0x00, 0x0F, 0xF4, 0x00, 0x00,
    0x07, 0xFC, 0x00, 0x00, 0x02, 0xFF, 0xA5, 0x00, 0x00, 0xFF, 0xFF, 0xF4, 0x00, 0x3F, 0xFF, 0xFF,
    0x40, 0x0F, 0xFF, 0xFF, 0xF0, 0x07, 0xFC, 0x0B, 0xFD, 0x02, 0xFF, 0x00, 0xFF, 0x80, 0xFF, 0x80,
    0x3F, 0xE0, 0x3F, 0xD0, 0x0F, 0xF8, 0x0F, 0xF0, 0x07, 0xFD, 0x07, 0xFC, 0x07, 0xFF, 0x02, 0xFF,
    0xFF, 0xFF, 0x80, 0xFF, 0xFF, 0xFF, 0x80, 0x3F, 0xFF, 0xFF, 0x40, 0x1F, 0xFF, 0xE9, 0x00, 0x07,
    0xFC, 0x00, 0x00, 0x02, 0xFE, 0x00, 0x00, 0x00, 0xFF, 0x40, 0x00, 0x00, 0x3F, 0xD0, 0x00, 0x00,
    0x00, 0x00, 0x00, 0x00, 0x00, 0x00, 0x00, 0xFF, 0x40, 0x00, 0x00, 0x0F, 0xF0, 0x00, 0x00, 0x01,
    0xFF, 0x00, 0x00, 0x00, 0x2F, 0xF0, 0x00, 0x00, 0x03, 0xFE, 0x00, 0x00, 0x00, 0x3F, 0xD0, 0x00,
    0x00, 0x03, 0xFC, 0xBF, 0xC0, 0x00, 0x7F, 0xFF, 0xFF, 0x00, 0x0B, 0xFF, 0xFF, 0xF8, 0x00, 0xFF,
    0xF5, 0xFF, 0xC0, 0x0F, 0xFC, 0x0B, 0xFC, 0x01, 0xFF, 0x00, 0x7F, 0xC0, 0x1F, 0xF0, 0x07, 0xFC,
    0x02, 0xFD, 0x00, 0x7F, 0xC0, 0x3F, 0xC0, 0x0B, 0xFC, 0x03, 0xFC, 0x00, 0xFF, 0x80, 0x7F, 0xC0,
    0x1F, 0xF4, 0x0B, 0xFD, 0x03, 0xFF, 0x00, 0xBF, 0xF5, 0xFF, 0xD0, 0x0F, 0xFF, 0xFF, 0xF8, 0x00,
    0xFF, 0xBF, 0xFF, 0x00, 0x1F, 0xF2, 0xFF, 0x80, 0x02, 0xFE, 0x01, 0x00, 0x00, 0x3F, 0xE0, 0x00,
    0x00, 0x03, 0xFD, 0x00, 0x00, 0x00, 0x3F, 0xC0, 0x00, 0x00, 0x07, 0xFC, 0x00, 0x00, 0x00, 0xBF,
    0x80, 0x00, 0x00, 0x0F, 0xF8, 0x00, 0x00, 0x00, 0x00, 0x00, 0x00, 0x00, 0x00, 0x00, 0x02, 0xFF,
    0xF9, 0x00, 0x00, 0xBF, 0xFF, 0xFF, 0x00, 0x0F, 0xFF, 0xFF, 0xF8, 0x00, 0xFF, 0xFE, 0xBF, 0xC0,
    0x0F, 0xFF, 0x00, 0x0A, 0x00, 0x7F, 0xE0, 0x00, 0x00, 0x03, 0xFF, 0x00, 0x00, 0x00, 0x1F, 0xF4,
    0x00, 0x00, 0x00, 0xBF, 0xC0, 0x00, 0x00, 0x03, 0xFE, 0x00, 0x00, 0x00, 0x0F, 0xF4, 0x00, 0x00,
    0x00, 0x3F, 0xD0, 0x00, 0x00, 0x01, 0xFF, 0x40, 0x00, 0x00, 0x07, 0xFD, 0x00, 0x00, 0x00, 0x0F,
    0xF4, 0x00, 0x00, 0x00, 0x3F, 0xE0, 0x00, 0x00, 0x00, 0xFF, 0xD0, 0x00, 0x40, 0x01, 0xFF, 0xE5,
    0xAF, 0x00, 0x03, 0xFF, 0xFF, 0xFC, 0x00, 0x03, 0xFF, 0xFF, 0xF0, 0x00, 0x01, 0xFF, 0xFE, 0x40,
    0x00, 0x00, 0x15, 0x00, 0x00, 0x00, 0x00, 0x3F, 0xF4, 0x00, 0x00, 0xFF, 0xE0, 0x03, 0xFF, 0x80,
    0x00, 0x3F, 0xFE, 0x00, 0x7F, 0xFC, 0x00, 0x0B, 0xFF, 0xD0, 0x0B, 0xFF, 0xC0, 0x01, 0xFF, 0xFC,
    0x00, 0xFF, 0xFE, 0x00, 0x3F, 0xFF, 0xC0, 0x0F, 0xFB, 0xF0, 0x0B, 0xF7, 0xF8, 0x00, 0xFE, 0x7F,
    0x01, 0xFD, 0x7F, 0x40, 0x1F, 0xD3, 0xF4, 0x3F, 0xCB, 0xF4, 0x02, 0xFD, 0x3F, 0x8B, 0xF0, 0xFF,
    0x00, 0x3F, 0xC1, 0xFD, 0xFD, 0x0F, 0xF0, 0x03, 0xFC, 0x0F, 0xFF, 0x81, 0xFE, 0x00, 0x3F, 0x80,
    0xFF, 0xF0, 0x2F, 0xD0, 0x07, 0xF4, 0x0B, 0xFD, 0x03, 0xFC, 0x00, 0xBF, 0x00, 0x7F, 0x80, 0x3F,
    0xC0, 0x0F, 0xF0, 0x00, 0x00, 0x03, 0xFC, 0x00, 0xFF, 0x00, 0x00, 0x00, 0x7F, 0x80, 0x1F, 0xE0,
    0x00, 0x00, 0x0B, 0xF4, 0x01, 0xFD, 0x00, 0x00, 0x00, 0xFF, 0x00, 0x2F, 0xC0, 0x00, 0x00, 0x0F,
    0xF0, 0x03, 0xFC, 0x00, 0x00, 0x01, 0xFE, 0x00, 0x3F, 0xC0, 0x00, 0x00, 0x1F, 0xE0, 0x00, 0x00,
    0x3F, 0xF8, 0x00, 0x2F, 0xFD, 0x00, 0x7F, 0xFC, 0x00, 0x7F, 0xFD, 0x00, 0xBF, 0xFD, 0x01, 0xFF,
    0xFC, 0x00, 0xFF, 0xFF, 0x03, 0xFF, 0xFC, 0x00, 0xFF, 0xBF, 0x0F, 0xFB, 0xF8, 0x00, 0xFF, 0x3F,
    0x6F, 0xDB, 0xF4, 0x01, 0xFE, 0x3F, 0xFF, 0x8F, 0xF4, 0x02, 0xFD, 0x1F, 0xFF, 0x0F, 0xF0, 0x03,
    0xFC, 0x0F, 0xFC, 0x1F, 0xF0, 0x03, 0xFC, 0x0F, 0xF4, 0x2F, 0xE0, 0x07, 0xF8, 0x01, 0x50, 0x2F,
    0xD0, 0x0B, 0xF8, 0x00, 0x00, 0x3F, 0xC0, 0x0B, 0xF4, 0x00, 0x00, 0x3F, 0xC0, 0x0F, 0xF0, 0x00,
    0x00, 0x7F, 0xC0, 0x0F, 0xF0, 0x00, 0x00, 0xBF, 0x80, 0x1F, 0xE0, 0x00, 0x00, 0xFF, 0x40, 0x2F,
    0xD0, 0x00, 0x00, 0x00, 0x00, 0x3F, 0xD0, 0x00, 0x00, 0x00, 0x00, 0x3F, 0xC0, 0x00, 0x00, 0x00,
    0x00, 0x3F, 0xC0, 0x00, 0x00, 0x00, 0x00, 0x7F, 0x80, 0x00, 0x00, 0x00, 0x00, 0xBF, 0x40, 0x00,
    0x00, 0x00, 0x00, 0xFF, 0x00, 0x00, 0x00, 0x00, 0x00, 0x00, 0x00, 0x00, 0x00, 0x00, 0x00, 0x00,
    0x0B, 0xFF, 0x80, 0x00, 0x00, 0x3F, 0xFF, 0xF0, 0x00, 0x00, 0xFF, 0xFF, 0xFC, 0x00, 0x01, 0xFF,
    0x9B, 0xFD, 0x00, 0x03, 0xFE, 0x03, 0xFE, 0x00, 0x03, 0xFC, 0x03, 0xFE, 0x00, 0x07, 0xFC, 0x03,
    0xFE, 0x00, 0x0B, 0xF8, 0x03, 0xFE, 0x00, 0x0F, 0xF4, 0x03, 0xFD, 0x00, 0x0F, 0xF0, 0x07, 0xFD,
    0x00, 0x1F, 0xF0, 0x0B, 0xFC, 0x00, 0x2F, 0xF0, 0x0F, 0xF8, 0x00, 0x3F, 0xF9, 0x7F, 0xF4, 0x00,
    0x3F, 0xFF, 0xFF, 0xE0, 0x00, 0x3F, 0xFF, 0xFF, 0xC0, 0x00, 0x7F, 0xCF, 0xFE, 0x00, 0x00, 0xBF,
    0x80, 0x40, 0x00, 0x00, 0xFF, 0x80, 0x00, 0x00, 0x15, 0xFF, 0x95, 0x00, 0x00, 0x3F, 0xFF, 0xFF,
    0x00, 0x00, 0x3F, 0xFF, 0xFF, 0x00, 0x00, 0x17, 0xFF, 0x55, 0x00, 0x00, 0x03, 0xFE, 0x00, 0x00,
    0x00, 0x00, 0x00, 0x00, 0x00, 0x00, 0x00, 0x2F, 0xFF, 0x90, 0x00, 0x03, 0xFF, 0xFF, 0xE0, 0x00,
    0x0F, 0xFF, 0xFF, 0xE0, 0x00, 0x3F, 0xAB, 0xFF, 0xD0, 0x00, 0x40, 0x02, 0xFF, 0x80, 0x00, 0x00,
    0x03, 0xFF, 0x00, 0x00, 0x00, 0x0B, 0xFC, 0x00, 0x00, 0x00, 0x1F, 0xF0, 0x00, 0x00, 0x00, 0x7F,
    0xC0, 0x00, 0x00, 0x01, 0xFF, 0x00, 0x00, 0x00, 0x0B, 0xFC, 0x00, 0x00, 0x00, 0x2F, 0xF0, 0x00,
    0x00, 0x00, 0xFF, 0x80, 0x00, 0x00, 0x07, 0xFD, 0x00, 0x00, 0x00, 0x3F, 0xF0, 0x00, 0x00, 0x02,
    0xFF, 0x40, 0x14, 0x00, 0x2F, 0xFC, 0x00, 0xFE, 0x5B, 0xFF, 0xC0, 0x0B, 0xFF, 0xFF, 0xFD, 0x00,
    0x3F, 0xFF, 0xFF, 0xC0, 0x00, 0x1F, 0xFF, 0xF4, 0x00, 0x00, 0x00, 0x50, 0x00, 0x00, 0x00, 0x00,
    0x00, 0x00, 0x00, 0x00, 0x00, 0x02, 0xFF, 0xF9, 0x00, 0x00, 0xBF, 0xFF, 0xFF, 0x00, 0x0F, 0xFF,
    0xFF, 0xF8, 0x00, 0xFF, 0xFE, 0xBF, 0xC0, 0x0F, 0xFF, 0x00, 0x0A, 0x00, 0x7F, 0xE0, 0x00, 0x00,
    0x03, 0xFF, 0x00, 0x00, 0x00, 0x1F, 0xF4, 0x00, 0x00, 0x00, 0xBF, 0xC0, 0x15, 0x00, 0x03, 0xFE,
    0x02, 0xFE, 0x00, 0x0F, 0xF4, 0x0F, 0xFC, 0x00, 0x3F, 0xD0, 0x3F, 0xE0, 0x01, 0xFF, 0x40, 0xFF,
    0x00, 0x07, 0xFD, 0x00, 0x50, 0x00, 0x0F, 0xF4, 0x00, 0x00, 0x00, 0x3F, 0xE0, 0x00, 0x00, 0x00,
    0xFF, 0xD0, 0x00, 0x40, 0x01, 0xFF, 0xE5, 0xAF, 0x00, 0x03, 0xFF, 0xFF, 0xFC, 0x00, 0x03, 0xFF,
    0xFF, 0xF0, 0x00, 0x01, 0xFF, 0xFE, 0x40, 0x00, 0x00, 0x15, 0x00, 0x00, 0x00, 0x00, 0x00, 0x00,
    0x00, 0x00, 0x00, 0x2F, 0xFF, 0x90, 0x00, 0x03, 0xFF, 0xFF, 0xE0, 0x00, 0x0F, 0xFF, 0xFF, 0xE0,
    0x00, 0x3F, 0xAB, 0xFF, 0xD0, 0x00, 0x40, 0x02, 0xFF, 0x80, 0x00, 0x00, 0x03, 0xFF, 0x00, 0x00,
    0x00, 0x0B, 0xFC, 0x00, 0x00, 0x00, 0x1F, 0xF0, 0x00, 0x05, 0x00, 0x7F, 0xC0, 0x01, 0xFF, 0x01,
    0xFF, 0x00, 0x0F, 0xFC, 0x0B, 0xFC, 0x00, 0x3F, 0xF0, 0x2F, 0xF0, 0x00, 0xBF, 0x40, 0xFF, 0x80,
    0x00, 0x50, 0x07, 0xFD, 0x00, 0x00, 0x00, 0x3F, 0xF0, 0x00, 0x00, 0x02, 0xFF, 0x40, 0x14, 0x00,
    0x2F, 0xFC, 0x00, 0xFE, 0x5B, 0xFF, 0xC0, 0x0B, 0xFF, 0xFF, 0xFD, 0x00, 0x3F, 0xFF, 0xFF, 0xC0,
    0x00, 0x1F, 0xFF, 0xF4, 0x00, 0x00, 0x00, 0x50, 0x00, 0x00, 0x00, 0x00, 0x00, 0x55, 0x00, 0x00,
    0x00, 0x3F, 0xC0, 0x00, 0x00, 0x07, 0xF8, 0x00, 0x00, 0x00, 0xBF, 0x00, 0x00, 0x00, 0x0B, 0xD0,
    0x00, 0x00, 0x00, 0x50, 0x00, 0x00, 0x00, 0x00, 0x00, 0x00, 0xFF, 0xFF, 0xFD, 0x00, 0x7F, 0xFF,
    0xFF, 0x40, 0x1F, 0xFF, 0xFF, 0xC0, 0x0B, 0xFF, 0xFF, 0xF0, 0x03, 0xFE, 0x00, 0x00, 0x00, 0xFF,
    0x40, 0x00, 0x00, 0x7F, 0xC0, 0x00, 0x00, 0x2F, 0xF0, 0x00, 0x00, 0x0B, 0xFE, 0xAA, 0x90, 0x03,
    0xFF, 0xFF, 0xF0, 0x00, 0xFF, 0xFF, 0xFC, 0x00, 0x7F, 0xFF, 0xFF, 0x00, 0x2F, 0xF0, 0x00, 0x00,
    0x0F, 0xF8, 0x00, 0x00, 0x03, 0xFD, 0x00, 0x00, 0x00, 0xFF, 0x00, 0x00, 0x00, 0x7F, 0xC0, 0x00,
    0x00, 0x2F, 0xFA, 0xAA, 0x80, 0x0F, 0xFF, 0xFF, 0xF0, 0x03, 0xFF, 0xFF, 0xF8, 0x01, 0xFF, 0xFF,
    0xFD, 0x00, 0x00, 0x00, 0x00, 0x00, 0x00, 0x00, 0xBC, 0x1F, 0x40, 0x00, 0x7F, 0x4F, 0xE0, 0x00,
    0x1F, 0xC3, 0xF8, 0x00, 0x03, 0xE0, 0xBC, 0x00, 0x00, 0x00, 0x00, 0x00, 0x00, 0x00, 0x00, 0x00,
    0x00, 0xFF, 0xFF, 0xFD, 0x00, 0x7F, 0xFF, 0xFF, 0x40, 0x1F, 0xFF, 0xFF, 0xC0, 0x0B, 0xFF, 0xFF,
    0xF0, 0x03, 0xFE, 0x00, 0x00, 0x00, 0xFF, 0x40, 0x00, 0x00, 0x7F, 0xC0, 0x00, 0x00, 0x2F, 0xF0,
    0x00, 0x00, 0x0B, 0xFE, 0xAA, 0x90, 0x03, 0xFF, 0xFF, 0xF0, 0x00, 0xFF, 0xFF, 0xFC, 0x00, 0x7F,
    0xFF, 0xFF, 0x00, 0x2F, 0xF0, 0x00, 0x00, 0x0F, 0xF8, 0x00, 0x00, 0x03, 0xFD, 0x00, 0x00, 0x00,
    0xFF, 0x00, 0x00, 0x00, 0x7F, 0xC0, 0x00, 0x00, 0x2F, 0xFA, 0xAA, 0x80, 0x0F, 0xFF, 0xFF, 0xF0,
    0x03, 0xFF, 0xFF, 0xF8, 0x01, 0xFF, 0xFF, 0xFD, 0x00, 0x3F, 0xFF, 0xFF, 0xFF, 0x03, 0xFF, 0xFF,
    0xFF, 0xF0, 0x7F, 0xFF, 0xFF, 0xFF, 0x07, 0xFF, 0xFF, 0xFF, 0xE0, 0x00, 0x3F, 0xE0, 0x00, 0x00,
    0x03, 0xFD, 0x00, 0x00, 0x00, 0x3F, 0xC0, 0x00, 0x00, 0x07, 0xFC, 0x00, 0x00, 0x00, 0xBF, 0xEA,
    0x90, 0x00, 0x0F, 0xFF, 0xFF, 0xE0, 0x00, 0xFF, 0xFF, 0xFF, 0x40, 0x1F, 0xFF, 0xFF, 0xFC, 0x01,
    0xFF, 0x00, 0xBF, 0xD0, 0x2F, 0xE0, 0x03, 0xFD, 0x03, 0xFD, 0x00, 0x3F, 0xD0, 0x3F, 0xC0, 0x03,
    0xFD, 0x07, 0xFC, 0x00, 0xBF, 0xC0, 0xBF, 0xC5, 0x6F, 0xFC, 0x0F, 0xF8, 0xBF, 0xFF, 0x40, 0xFF,
    0x4B, 0xFF, 0xD0, 0x0F, 0xF0, 0xBF, 0xF4, 0x00, 0x00, 0x00, 0x50, 0x00, 0x00, 0x00, 0x00, 0x55,
    0x40, 0x00, 0x00, 0x1F, 0xF4, 0x00, 0x00, 0x03, 0xFD, 0x00, 0x00, 0x00, 0xFF, 0x00, 0x00, 0x00,
    0x2F, 0xC0, 0x00, 0x00, 0x01, 0x50, 0x00, 0x00, 0x00, 0x00, 0x00, 0x00, 0x03, 0xFF, 0xFF, 0xF8,
    0x00, 0x3F, 0xFF, 0xFF, 0x40, 0x07, 0xFF, 0xFF, 0xF4, 0x00, 0xBF, 0xFF, 0xFF, 0x00, 0x0F, 0xF8,
    0x00, 0x00, 0x00, 0xFF, 0x40, 0x00, 0x00, 0x0F, 0xF0, 0x00, 0x00, 0x01, 0xFF, 0x00, 0x00, 0x00,
    0x2F, 0xE0, 0x00, 0x00, 0x03, 0xFD, 0x00, 0x00, 0x00, 0x3F, 0xD0, 0x00, 0x00, 0x03, 0xFC, 0x00,
    0x00, 0x00, 0x7F, 0xC0, 0x00, 0x00, 0x0B, 0xF8, 0x00, 0x00, 0x00, 0xFF, 0x40, 0x00, 0x00, 0x0F,
    0xF0, 0x00, 0x00, 0x01, 0xFF, 0x00, 0x00, 0x00, 0x1F, 0xF0, 0x00, 0x00, 0x02, 0xFE, 0x00, 0x00,
    0x00, 0x3F, 0xD0, 0x00, 0x00, 0x03, 0xFC, 0x00, 0x00, 0x00, 0x00, 0x00, 0x00, 0x00, 0x00, 0x00,
    0x1B, 0xFF, 0xE4, 0x00, 0x0F, 0xFF, 0xFF, 0xF0, 0x03, 0xFF, 0xFF, 0xFD, 0x00, 0xFF, 0xFA, 0xAF,
    0xC0, 0x3F, 0xF8, 0x00, 0x14, 0x07, 0xFE, 0x00, 0x00, 0x00, 0xFF, 0xC0, 0x00, 0x00, 0x1F, 0xF4,
    0x00, 0x00, 0x02, 0xFF, 0x55, 0x54, 0x00, 0x3F, 0xFF, 0xFF, 0xD0, 0x03, 0xFF, 0xFF, 0xFC, 0x00,
    0x3F, 0xFF, 0xFF, 0xC0, 0x07, 0xFD, 0x55, 0x54, 0x00, 0x7F, 0xC0, 0x00, 0x00, 0x03, 0xFD, 0x00,
    0x00, 0x00, 0x3F, 0xE0, 0x00, 0x00, 0x03, 0xFF, 0x40, 0x01, 0x00, 0x1F, 0xFF, 0x56, 0xF0, 0x00,
    0xFF, 0xFF, 0xFF, 0x00, 0x03, 0xFF, 0xFF, 0xF0, 0x00, 0x07, 0xFF, 0xF9, 0x00, 0x00, 0x00, 0x50,
    0x00, 0x00, 0x00, 0x00, 0x00, 0x00, 0x00, 0x07, 0xFF, 0xE4, 0x00, 0x3F, 0xFF, 0xFE, 0x00, 0xFF,
    0xFF, 0xFC, 0x01, 0xFF, 0xEA, 0xFC, 0x03, 0xFF, 0x00, 0x00, 0x03, 0xFE, 0x00, 0x00, 0x03, 0xFE,
    0x00, 0x00, 0x03, 0xFF, 0x00, 0x00, 0x02, 0xFF, 0xD0, 0x00, 0x00, 0xFF, 0xF8, 0x00, 0x00, 0x3F,
    0xFE, 0x00, 0x00, 0x0F, 0xFF, 0x80, 0x00, 0x02, 0xFF, 0xC0, 0x00, 0x00, 0xBF, 0xD0, 0x00, 0x00,
    0x3F, 0xD0, 0x00, 0x00, 0x3F, 0xD0, 0x50, 0x00, 0x7F, 0xD0, 0x7E, 0x56, 0xFF, 0xC0, 0x7F, 0xFF,
    0xFF, 0x40, 0x7F, 0xFF, 0xFD, 0x00, 0x1F, 0xFF, 0xE0, 0x00, 0x00, 0x14, 0x00, 0x00, 0x00, 0x3F,
    0xD0, 0x07, 0xFC, 0x00, 0x7F, 0xC0, 0x0B, 0xF8, 0x00, 0xFF, 0x80, 0x0F, 0xF4, 0x01, 0xFF, 0x00,
    0x2F, 0xF0, 0x03, 0xFE, 0x00, 0x3F, 0xD0, 0x03, 0xFC, 0x00, 0x7F, 0xC0, 0x0B, 0xFC, 0x00, 0xFF,
    0x80, 0x0F, 0xF4, 0x01, 0xFF, 0x00, 0x1F, 0xF0, 0x02, 0xFF, 0x00, 0x3F, 0xE0, 0x03, 0xFD, 0x00,
    0x7F, 0xC0, 0x00, 0x00, 0x00, 0x00, 0x00, 0x1F, 0x4F, 0xC0, 0x0F, 0xE7, 0xF4, 0x03, 0xF9, 0xFC,
    0x00, 0xBC, 0x3D, 0x00, 0x00, 0x00, 0x00, 0x00, 0x00, 0x00, 0x00, 0xFF, 0x40, 0x00, 0x3F, 0xC0,
    0x00, 0x1F, 0xF0, 0x00, 0x0B, 0xF8, 0x00, 0x03, 0xFE, 0x00, 0x00, 0xFF, 0x40, 0x00, 0x7F, 0xC0,
    0x00, 0x1F, 0xF0, 0x00, 0x0B, 0xF8, 0x00, 0x03, 0xFD, 0x00, 0x00, 0xFF, 0x00, 0x00, 0x7F, 0xC0,
    0x00, 0x2F, 0xF0, 0x00, 0x0F, 0xF8, 0x00, 0x03, 0xFD, 0x00, 0x00, 0xFF, 0x00, 0x00, 0x7F, 0xC0,
    0x00, 0x2F, 0xE0, 0x00, 0x0F, 0xF8, 0x00, 0x03, 0xFD, 0x00, 0x01, 0xFF, 0x00, 0x00, 0x00, 0x00,
    0x0B, 0xF8, 0x00, 0x00, 0x3F, 0xE0, 0x00, 0x00, 0xFF, 0x40, 0x00, 0x07, 0xFC, 0x00, 0x00, 0x2F,
    0xF0, 0x00, 0x00, 0xBF, 0x80, 0x00, 0x03, 0xFD, 0x00, 0x00, 0x0F, 0xF4, 0x00, 0x00, 0x7F, 0xC0,
    0x00, 0x02, 0xFF, 0x00, 0x00, 0x0F, 0xF8, 0x00, 0x00, 0x3F, 0xD0, 0x00, 0x00, 0xFF, 0x00, 0x00,
    0x07, 0xFC, 0x00, 0x00, 0x2F, 0xF0, 0x00, 0x00, 0xFF, 0x80, 0x00, 0x03, 0xFD, 0x00, 0x00, 0x1F,
    0xF0, 0x00, 0x00, 0xBF, 0xC0, 0x00, 0x02, 0xFE, 0x00, 0x00, 0x0F, 0xF4, 0x00, 0x00, 0x7F, 0xC0,
    0x00, 0x03, 0xFF, 0x00, 0x2A, 0xBF, 0xF4, 0x00, 0xBF, 0xFF, 0xC0, 0x02, 0xFF, 0xFC, 0x00, 0x0B,
    0xFF, 0x80, 0x00, 0x00, 0x00, 0x00, 0x00, 0x00, 0x00, 0x1F, 0xFF, 0xFF, 0xF4, 0x00, 0x00, 0x00,
    0x02, 0xFF, 0xFF, 0xFF, 0x40, 0x00, 0x00, 0x00, 0x3F, 0xFF, 0xFF, 0xF0, 0x00, 0x00, 0x00, 0x07,
    0xFF, 0xFF, 0xFF, 0x00, 0x00, 0x00, 0x00, 0xBF, 0x80, 0x2F, 0xE0, 0x00, 0x00, 0x00, 0x0F, 0xF4,
    0x03, 0xFD, 0x00, 0x00, 0x00, 0x00, 0xFF, 0x00, 0x3F, 0xC0, 0x00, 0x00, 0x00, 0x1F, 0xF0, 0x07,
    0xFD, 0x40, 0x00, 0x00, 0x02, 0xFE, 0x00, 0xBF, 0xFF, 0xE0, 0x00, 0x00, 0x3F, 0xD0, 0x0F, 0xFF,
    0xFF, 0xD0, 0x00, 0x03, 0xFC, 0x00, 0xFF, 0xFF, 0xFF, 0x00, 0x00, 0x7F, 0xC0, 0x0F, 0xF5, 0x7F,
    0xF8, 0x00, 0x0B, 0xF8, 0x01, 0xFF, 0x00, 0xFF, 0xC0, 0x00, 0xFF, 0x40, 0x2F, 0xE0, 0x0B, 0xFC,
    0x00, 0x1F, 0xF0, 0x03, 0xFE, 0x00, 0xBF, 0xC0, 0x03, 0xFE, 0x00, 0x3F, 0xD0, 0x0F, 0xF8, 0x00,
    0xBF, 0xD0, 0x03, 0xFC, 0x02, 0xFF, 0x43, 0xFF, 0xFC, 0x00, 0x7F, 0xEA, 0xFF, 0xF0, 0x3F, 0xFF,
    0x40, 0x0B, 0xFF, 0xFF, 0xFC, 0x03, 0xFF, 0xD0, 0x00, 0xFF, 0xFF, 0xFF, 0x00, 0x3F, 0xF4, 0x00,
    0x0F, 0xFF, 0xFE, 0x40, 0x00, 0x00, 0x00, 0x00, 0x00, 0x00, 0x00, 0x00, 0x00, 0x3F, 0xD0, 0x01,
    0xFE, 0x00, 0x00, 0x01, 0xFF, 0x00, 0x0F, 0xF8, 0x00, 0x00, 0x07, 0xFC, 0x00, 0x3F, 0xD0, 0x00,
    0x00, 0x2F, 0xE0, 0x00, 0xFF, 0x00, 0x00, 0x00, 0xFF, 0x80, 0x07, 0xFC, 0x00, 0x00, 0x03, 0xFD,
    0x00, 0x2F, 0xF0, 0x00, 0x00, 0x1F, 0xF0, 0x00, 0xFF, 0x80, 0x00, 0x00, 0xBF, 0xC0, 0x03, 0xFD,
    0x00, 0x00, 0x02, 0xFF, 0xFF, 0xFF, 0xFF, 0xF4, 0x00, 0x0F, 0xFF, 0xFF, 0xFF, 0xFF, 0xFD, 0x00,
    0x3F, 0xFF, 0xFF, 0xFF, 0xFF, 0xFC, 0x01, 0xFF, 0xAA, 0xAF, 0xFE, 0xBF, 0xF8, 0x0B, 0xFC, 0x00,
    0x3F, 0xD0, 0x3F, 0xF0, 0x3F, 0xE0, 0x01, 0xFF, 0x00, 0x7F, 0xC0, 0xFF, 0x40, 0x0B, 0xFC, 0x01,
    0xFF, 0x03, 0xFC, 0x00, 0x2F, 0xE0, 0x0B, 0xFC, 0x1F, 0xF0, 0x00, 0xFF, 0x40, 0x7F, 0xE0, 0xBF,
    0xC0, 0x03, 0xFF, 0xAF, 0xFF, 0x03, 0xFE, 0x00, 0x1F, 0xFF, 0xFF, 0xF4, 0x0F, 0xF4, 0x00, 0xBF,
    0xFF, 0xFF, 0x40, 0x7F, 0xC0, 0x03, 0xFF, 0xFF, 0x90, 0x00, 0x3F, 0xFF, 0xFF, 0xFF, 0x03, 0xFF,
    0xFF, 0xFF, 0xF0, 0x7F, 0xFF, 0xFF, 0xFF, 0x07, 0xFF, 0xFF, 0xFF, 0xE0, 0x00, 0x3F, 0xE0, 0x00,
    0x00, 0x03, 0xFD, 0x00, 0x00, 0x00, 0x3F, 0xC0, 0x00, 0x00, 0x07, 0xFC, 0x00, 0x00, 0x00, 0xBF,
    0xEA, 0xA0, 0x00, 0x0F, 0xFF, 0xFF, 0xE0, 0x00, 0xFF, 0xFF, 0xFF, 0x80, 0x1F, 0xFF, 0xFF, 0xFC,
    0x01, 0xFF, 0x00, 0xBF, 0xD0, 0x2F, 0xE0, 0x03, 0xFD, 0x03, 0xFD, 0x00, 0x3F, 0xC0, 0x3F, 0xC0,
    0x07, 0xFC, 0x07, 0xFC, 0x00, 0x7F, 0xC0, 0xBF, 0xC0, 0x0B, 0xF8, 0x0F, 0xF8, 0x00, 0xFF, 0x40,
    0xFF, 0x40, 0x0F, 0xF0, 0x0F, 0xF0, 0x01, 0xFF, 0x00, 0x00, 0x00, 0x00, 0x05, 0x54, 0x00, 0x00,
    0x00, 0x0B, 0xFC, 0x00, 0x00, 0x00, 0x07, 0xFC, 0x00, 0x00, 0x00, 0x03, 0xFC, 0x00, 0x00, 0x00,
    0x03, 0xF8, 0x00, 0x00, 0x00, 0x00, 0x54, 0x00, 0x00, 0x00, 0x00, 0x00, 0x00, 0x00, 0x00, 0xFF,
    0x40, 0x0B, 0xFC, 0x00, 0x3F, 0xC0, 0x07, 0xFD, 0x00, 0x1F, 0xF0, 0x03, 0xFE, 0x00, 0x0B, 0xF8,
    0x03, 0xFF, 0x00, 0x03, 0xFE, 0x02, 0xFF, 0x00, 0x00, 0xFF, 0x41, 0xFF, 0x40, 0x00, 0x7F, 0xC0,
    0xFF, 0x80, 0x00, 0x1F, 0xF0, 0xFF, 0x80, 0x00, 0x0B, 0xFE, 0xFF, 0xC0, 0x00, 0x03, 0xFF, 0xFF,
    0xC0, 0x00, 0x00, 0xFF, 0xFF, 0xE0, 0x00, 0x00, 0x7F, 0xFF, 0xFC, 0x00, 0x00, 0x2F, 0xF0, 0xFF,
    0x40, 0x00, 0x0B, 0xF8, 0x3F, 0xF0, 0x00, 0x03, 0xFD, 0x07, 0xFC, 0x00, 0x00, 0xFF, 0x00, 0xFF,
    0x40, 0x00, 0x7F, 0xC0, 0x3F, 0xF0, 0x00, 0x2F, 0xF0, 0x07, 0xFC, 0x00, 0x0F, 0xF8, 0x00, 0xFF,
    0x80, 0x03, 0xFD, 0x00, 0x3F, 0xF0, 0x00, 0xFF, 0x00, 0x07, 0xFD, 0x00, 0x00, 0x00, 0x05, 0x50,
    0x00, 0x00, 0x00, 0x03, 0xFD, 0x00, 0x00, 0x00, 0x00, 0x3F, 0x80, 0x00, 0x00, 0x00, 0x07, 0xF0,
    0x00, 0x00, 0x00, 0x00, 0xBD, 0x00, 0x00, 0x00, 0x00, 0x05, 0x00, 0x00, 0x00, 0x00, 0x00, 0x00,
    0x00, 0x00, 0xFF, 0x00, 0x0B, 0xFE, 0x00, 0x7F, 0xC0, 0x07, 0xFF, 0x80, 0x1F, 0xE0, 0x03, 0xFF,
    0xD0, 0x0B, 0xF4, 0x02, 0xFF, 0xF0, 0x03, 0xFC, 0x01, 0xFF, 0xFC, 0x00, 0xFF, 0x00, 0xFF, 0xFE,
    0x00, 0x7F, 0x80, 0xBF, 0xBF, 0x80, 0x2F, 0xD0, 0x7F, 0xAF, 0xD0, 0x0F, 0xF4, 0x3F, 0xCF, 0xF0,
    0x03, 0xFC, 0x2F, 0xD3, 0xFC, 0x00, 0xFF, 0x0F, 0xE1, 0xFE, 0x00, 0x7F, 0x8F, 0xF0, 0xBF, 0x40,
    0x2F, 0xDB, 0xF4, 0x3F, 0xC0, 0x0F, 0xF7, 0xF8, 0x0F, 0xF0, 0x03, 0xFF, 0xFC, 0x03, 0xFC, 0x01,
    0xFF, 0xFD, 0x01, 0xFE, 0x00, 0x7F, 0xFF, 0x00, 0xBF, 0x40, 0x2F, 0xFF, 0x00, 0x3F, 0xC0, 0x0F,
    0xFF, 0x80, 0x0F, 0xF0, 0x03, 0xFF, 0xC0, 0x07, 0xF8, 0x01, 0xFF, 0xD0, 0x02, 0xFE, 0x00, 0x00,
    0x00, 0x00, 0x00, 0x00, 0x00, 0x01, 0xFC, 0x03, 0xF8, 0x00, 0x00, 0x7F, 0x42, 0xFC, 0x00, 0x00,
    0x0F, 0xFF, 0xFE, 0x00, 0x00, 0x00, 0xBF, 0xFD, 0x00, 0x00, 0x00, 0x01, 0x50, 0x00, 0x00, 0x00,
    0x00, 0x00, 0x00, 0x00, 0x1F, 0xF0, 0x00, 0x0B, 0xF8, 0x03, 0xFC, 0x00, 0x07, 0xFD, 0x00, 0xFF,
    0x40, 0x03, 0xFF, 0x00, 0x2F, 0xE0, 0x01, 0xFF, 0x00, 0x07, 0xFC, 0x00, 0xFF, 0x80, 0x00, 0xFF,
    0x00, 0xBF, 0xC0, 0x00, 0x2F, 0xD0, 0x3F, 0xD0, 0x00, 0x07, 0xF8, 0x2F, 0xF0, 0x00, 0x00, 0xFF,
    0x0F, 0xF4, 0x00, 0x00, 0x3F, 0xCB, 0xF8, 0x00, 0x00, 0x0B, 0xFB, 0xFC, 0x00, 0x00, 0x01, 0xFF,
    0xFE, 0x00, 0x00, 0x00, 0x3F, 0xFF, 0x00, 0x00, 0x00, 0x0F, 0xFF, 0x40, 0x00, 0x00, 0x02, 0xFF,
    0xC0, 0x00, 0x00, 0x00, 0xBF, 0xC0, 0x00, 0x00, 0x00, 0xBF, 0xE0, 0x00, 0x00, 0x6A, 0xFF, 0xF0,
    0x00, 0x00, 0x2F, 0xFF, 0xF0, 0x00, 0x00, 0x0B, 0xFF, 0xF4, 0x00, 0x00, 0x02, 0xFF, 0xE0, 0x00,
    0x00, 0x00, 0x05, 0x00, 0x00, 0x00, 0x00, 0x00, 0x00, 0x3F, 0xD0, 0x01, 0xFF, 0x00, 0x1F, 0xF0,
    0x00, 0xBF, 0xC0, 0x07, 0xFC, 0x00, 0x3F, 0xE0, 0x02, 0xFE, 0x00, 0x0F, 0xF4, 0x00, 0xFF, 0x80,
    0x03, 0xFC, 0x00, 0x3F, 0xD0, 0x01, 0xFF, 0x00, 0x1F, 0xF0, 0x00, 0xBF, 0xC0, 0x0B, 0xFC, 0x00,
    0x3F, 0xE0, 0x02, 0xFE, 0x00, 0x0F, 0xF4, 0x00, 0xFF, 0x40, 0x07, 0xFC, 0x00, 0x3F, 0xC0, 0x01,
    0xFF, 0x00, 0x1F, 0xF0, 0x00, 0xBF, 0x80, 0x0B, 0xFC, 0x00, 0x3F, 0xD0, 0x03, 0xFE, 0x00, 0x0F,
    0xF4, 0x00, 0xFF, 0x40, 0x07, 0xFC, 0x00, 0x3F, 0xC0, 0x02, 0xFF, 0x00, 0x1F, 0xF0, 0x00, 0xFF,
    0x80, 0x0B, 0xFE, 0xAA, 0xBF, 0xD0, 0x03, 0xFF, 0xFF, 0xFF, 0xF0, 0x00, 0xFF, 0xFF, 0xFF, 0xFC,
    0x00, 0x7F, 0xFF, 0xFF, 0xFF, 0x00, 0x00, 0x03, 0xFC, 0x00, 0x00, 0x00, 0x01, 0xFF, 0x00, 0x00,
    0x00, 0x00, 0x7F, 0xC0, 0x00, 0x00, 0x00, 0x2F, 0xE0, 0x00, 0x00, 0x00, 0x06, 0xA0, 0x00, 0x00,
    0x00, 0x00, 0x00, 0x03, 0xFF, 0x40, 0x00, 0x00, 0x1F, 0xFE, 0x00, 0x00, 0x00, 0xFF, 0xFC, 0x00,
    0x00, 0x0B, 0xFF, 0xF0, 0x00, 0x00, 0x3F, 0xEF, 0xC0, 0x00, 0x02, 0xFD, 0xBF, 0x00, 0x00, 0x0F,
    0xF2, 0xFC, 0x00, 0x00, 0xBF, 0x47, 0xF4, 0x00, 0x03, 0xFC, 0x1F, 0xD0, 0x00, 0x2F, 0xD0, 0x7F,
    0x40, 0x00, 0xFF, 0x01, 0xFE, 0x00, 0x0B, 0xF4, 0x03, 0xF8, 0x00, 0x3F, 0xEA, 0xAF, 0xF0, 0x03,
    0xFF, 0xFF, 0xFF, 0xC0, 0x1F, 0xFF, 0xFF, 0xFF, 0x00, 0xFF, 0xFF, 0xFF, 0xFC, 0x07, 0xFC, 0x00,
    0x0F, 0xF0, 0x3F, 0xE0, 0x00, 0x3F, 0xD1, 0xFF, 0x00, 0x00, 0xFF, 0x4F, 0xF8, 0x00, 0x02, 0xFD,
    0x7F, 0xC0, 0x00, 0x0B, 0xF8, 0x00, 0x3F, 0xFF, 0xFF, 0x80, 0x0F, 0xFF, 0xFF, 0xE0, 0x07, 0xFF,
    0xFF, 0xF4, 0x02, 0xFF, 0xFF, 0xFC, 0x00, 0xFF, 0x40, 0x00, 0x00, 0x3F, 0xD0, 0x00, 0x00, 0x1F,
    0xF0, 0x00, 0x00, 0x07, 0xFC, 0x00, 0x00, 0x02, 0xFF, 0xFE, 0x40, 0x00, 0xFF, 0xFF, 0xFC, 0x00,
    0x3F, 0xFF, 0xFF, 0xC0, 0x1F, 0xFA, 0xFF, 0xF8, 0x0B, 0xFC, 0x07, 0xFF, 0x02, 0xFE, 0x00, 0xBF,
    0xC0, 0xFF, 0x40, 0x2F, 0xF0, 0x3F, 0xC0, 0x0F, 0xF8, 0x1F, 0xF0, 0x0B, 0xFD, 0x0B, 0xFE, 0xAF,
    0xFF, 0x03, 0xFF, 0xFF, 0xFF, 0x00, 0xFF, 0xFF, 0xFF, 0x00, 0x3F, 0xFF, 0xF9, 0x00, 0x00, 0x00,
    0x3F, 0xFF, 0xE4, 0x00, 0x00, 0xFF, 0xFF, 0xFD, 0x00, 0x07, 0xFF, 0xFF, 0xFC, 0x00, 0x2F, 0xFF,
    0xFF, 0xF8, 0x00, 0xFF, 0x80, 0x3F, 0xF0, 0x03, 0xFD, 0x00, 0xBF, 0xC0, 0x0F, 0xF0, 0x03, 0xFE,
    0x00, 0x7F, 0xC0, 0x1F, 0xF0, 0x02, 0xFF, 0xAB, 0xFF, 0x80, 0x0F, 0xFF, 0xFF, 0xF4, 0x00, 0x3F,
    0xFF, 0xFF, 0x00, 0x00, 0xFF, 0xFF, 0xFF, 0x40, 0x07, 0xFC, 0x02, 0xFF, 0x00, 0x2F, 0xE0, 0x03,
    0xFD, 0x00, 0xFF, 0x40, 0x0F, 0xF4, 0x03, 0xFD, 0x00, 0x7F, 0xD0, 0x1F, 0xF0, 0x03, 0xFF, 0x00,
    0x7F, 0xEA, 0xFF, 0xF8, 0x02, 0xFF, 0xFF, 0xFF, 0xC0, 0x0F, 0xFF, 0xFF, 0xFC, 0x00, 0x3F, 0xFF,
    0xFE, 0x40, 0x00, 0x00, 0x3F, 0xFF, 0xFF, 0x80, 0x0F, 0xFF, 0xFF, 0xD0, 0x07, 0xFF, 0xFF, 0xF4,
    0x02, 0xFF, 0xFF, 0xFC, 0x00, 0xFF, 0x80, 0x00, 0x00, 0x3F, 0xD0, 0x00, 0x00, 0x0F, 0xF0, 0x00,
    0x00, 0x07, 0xFC, 0x00, 0x00, 0x02, 0xFE, 0x00, 0x00, 0x00, 0xFF, 0x40, 0x00, 0x00, 0x3F, 0xD0,
    0x00, 0x00, 0x0F, 0xF0, 0x00, 0x00, 0x07, 0xFC, 0x00, 0x00, 0x02, 0xFE, 0x00, 0x00, 0x00, 0xFF,
    0x40, 0x00, 0x00, 0x3F, 0xC0, 0x00, 0x00, 0x1F, 0xF0, 0x00, 0x00, 0x07, 0xFC, 0x00, 0x00, 0x02,
    0xFE, 0x00, 0x00, 0x00, 0xFF, 0x40, 0x00, 0x00, 0x3F, 0xC0, 0x00, 0x00, 0x00, 0x00, 0x00, 0x07,
    0xFF, 0xFF, 0xFE, 0x00, 0x00, 0x0B, 0xFF, 0xFF, 0xFE, 0x00, 0x00, 0x0F, 0xFF, 0xFF, 0xFD, 0x00,
    0x00, 0x0F, 0xFF, 0xFF, 0xFC, 0x00, 0x00, 0x1F, 0xE0, 0x07, 0xFC, 0x00, 0x00, 0x3F, 0xD0, 0x0B,
    0xF8, 0x00, 0x00, 0x3F, 0xC0, 0x0F, 0xF8, 0x00, 0x00, 0x7F, 0xC0, 0x0F, 0xF4, 0x00, 0x00, 0xBF,
    0x80, 0x1F, 0xF0, 0x00, 0x00, 0xFF, 0x40, 0x2F, 0xF0, 0x00, 0x00, 0xFF, 0x00, 0x2F, 0xE0, 0x00,
    0x01, 0xFF, 0x00, 0x3F, 0xD0, 0x00, 0x03, 0xFD, 0x00, 0x3F, 0xC0, 0x00, 0x07, 0xFC, 0x00, 0x7F,
    0xC0, 0x00, 0x0F, 0xF8, 0x00, 0xBF, 0xC0, 0x00, 0x1F, 0xF0, 0x00, 0xFF, 0x80, 0x00, 0x3F, 0xE0,
    0x00, 0xFF, 0x40, 0x0A, 0xFF, 0xFA, 0xAB, 0xFF, 0xE8, 0x0F, 0xFF, 0xFF, 0xFF, 0xFF, 0xFC, 0x1F,
    0xFF, 0xFF, 0xFF, 0xFF, 0xF8, 0x2F, 0xFF, 0xFF, 0xFF, 0xFF, 0xF4, 0x2F, 0xE0, 0x00, 0x00, 0x0F,
    0xF0, 0x3F, 0xD0, 0x00, 0x00, 0x1F, 0xF0, 0x3F, 0xC0, 0x00, 0x00, 0x2F, 0xE0, 0x7F, 0xC0, 0x00,
    0x00, 0x3F, 0xE0, 0x15, 0x40, 0x00, 0x00, 0x15, 0x40, 0x00, 0x3F, 0xFF, 0xFF, 0x40, 0x1F, 0xFF,
    0xFF, 0xD0, 0x07, 0xFF, 0xFF, 0xF0, 0x02, 0xFF, 0xFF, 0xFC, 0x00, 0xFF, 0x80, 0x00, 0x00, 0x3F,
    0xD0, 0x00, 0x00, 0x1F, 0xF0, 0x00, 0x00, 0x0B, 0xFC, 0x00, 0x00, 0x02, 0xFF, 0xAA, 0xA4, 0x00,
    0xFF, 0xFF, 0xFC, 0x00, 0x3F, 0xFF, 0xFF, 0x00, 0x1F, 0xFF, 0xFF, 0xC0, 0x0B, 0xFC, 0x00, 0x00,
    0x03, 0xFE, 0x00, 0x00, 0x00, 0xFF, 0x40, 0x00, 0x00, 0x3F, 0xC0, 0x00, 0x00, 0x1F, 0xF0, 0x00,
    0x00, 0x0B, 0xFE, 0xAA, 0xA0, 0x03, 0xFF, 0xFF, 0xFC, 0x00, 0xFF, 0xFF, 0xFE, 0x00, 0x7F, 0xFF,
    0xFF, 0x40, 0x00, 0x00, 0x1F, 0xE0, 0x00, 0xFF, 0x00, 0x1F, 0xF4, 0x00, 0x3F, 0xC0, 0x03, 0xFC,
    0x00, 0xFF, 0x80, 0x00, 0xBF, 0x80, 0x1F, 0xF0, 0x0F, 0xFC, 0x00, 0x00, 0xFF, 0x00, 0xBF, 0x80,
    0xBF, 0xC0, 0x00, 0x02, 0xFE, 0x03, 0xFD, 0x0B, 0xFD, 0x00, 0x00, 0x03, 0xFC, 0x0F, 0xF0, 0x7F,
    0xE0, 0x00, 0x00, 0x0B, 0xF4, 0x3F, 0xC3, 0xFE, 0x00, 0x00, 0x00, 0x1F, 0xF1, 0xFE, 0x3F, 0xF0,
    0x00, 0x00, 0x00, 0x3F, 0xEF, 0xFF, 0xFF, 0x00, 0x00, 0x00, 0x00, 0xBF, 0xFF, 0xFF, 0xF4, 0x00,
    0x00, 0x00, 0x07, 0xFF, 0xFF, 0xFF, 0xC0, 0x00, 0x00, 0x00, 0x3F, 0xFF, 0xFF, 0xFF, 0x00, 0x00,
    0x00, 0x03, 0xFF, 0x6F, 0xE3, 0xFE, 0x00, 0x00, 0x00, 0x2F, 0xF8, 0xBF, 0x4B, 0xFC, 0x00, 0x00,
    0x01, 0xFF, 0xC3, 0xFC, 0x1F, 0xF4, 0x00, 0x00, 0x1F, 0xFC, 0x0F, 0xF0, 0x3F, 0xE0, 0x00, 0x00,
    0xFF, 0xD0, 0x7F, 0xC0, 0xBF, 0xC0, 0x00, 0x0F, 0xFE, 0x02, 0xFE, 0x01, 0xFF, 0x40, 0x00, 0xBF,
    0xF0, 0x0F, 0xF4, 0x03, 0xFE, 0x00, 0x07, 0xFF, 0x00, 0x3F, 0xC0, 0x0B, 0xFC, 0x00, 0x3F, 0xF4,
    0x00, 0xFF, 0x00, 0x1F, 0xF4, 0x00, 0x00, 0x00, 0x00, 0x00, 0x00, 0x1B, 0xFF, 0xF4, 0x00, 0x3F,
    0xFF, 0xFF, 0xC0, 0x0B, 0xFF, 0xFF, 0xFC, 0x00, 0xFA, 0x5B, 0xFF, 0x40, 0x10, 0x00, 0x7F, 0xD0,
    0x00, 0x00, 0x0F, 0xF4, 0x00, 0x00, 0x03, 0xFC, 0x00, 0x00, 0x02, 0xFF, 0x00, 0x05, 0xAB, 0xFF,
    0x00, 0x07, 0xFF, 0xFE, 0x00, 0x01, 0xFF, 0xF9, 0x00, 0x00, 0xBF, 0xFF, 0xE0, 0x00, 0x00, 0x1B,
    0xFD, 0x00, 0x00, 0x00, 0xBF, 0xC0, 0x00, 0x00, 0x1F, 0xF0, 0x00, 0x00, 0x0B, 0xFC, 0x00, 0x00,
    0x07, 0xFE, 0x0B, 0x94, 0x1B, 0xFF, 0x42, 0xFF, 0xFF, 0xFF, 0x80, 0xBF, 0xFF, 0xFF, 0x80, 0x0B,
    0xFF, 0xFE, 0x40, 0x00, 0x01, 0x40, 0x00, 0x00, 0x00, 0x3F, 0xC0, 0x02, 0xFF, 0x80, 0x1F, 0xF0,
    0x01, 0xFF, 0xE0, 0x07, 0xF8, 0x00, 0xFF, 0xF4, 0x02, 0xFD, 0x00, 0xBF, 0xFC, 0x00, 0xFF, 0x00,
    0x7F, 0xFF, 0x00, 0x3F, 0xC0, 0x3F, 0xFF, 0x80, 0x1F, 0xE0, 0x2F, 0xEF, 0xE0, 0x0B, 0xF4, 0x1F,
    0xEB, 0xF4, 0x03, 0xFD, 0x0F, 0xF3, 0xFC, 0x00, 0xFF, 0x0B, 0xF4, 0xFF, 0x00, 0x3F, 0xC3, 0xF8,
    0x7F, 0x80, 0x1F, 0xE3, 0xFC, 0x2F, 0xD0, 0x0B, 0xF6, 0xFD, 0x0F, 0xF0, 0x03, 0xFD, 0xFE, 0x03,
    0xFC, 0x00, 0xFF, 0xFF, 0x00, 0xFF, 0x00, 0x7F, 0xFF, 0x40, 0x7F, 0x80, 0x1F, 0xFF, 0xC0, 0x2F,
    0xD0, 0x0B, 0xFF, 0xC0, 0x0F, 0xF0, 0x03, 0xFF, 0xE0, 0x03, 0xFC, 0x00, 0xFF, 0xF0, 0x01, 0xFE,
    0x00, 0x7F, 0xF4, 0x00, 0xBF, 0x80, 0x00, 0x00, 0x00, 0x00, 0x00, 0x00, 0x00, 0x00, 0x2F, 0xC0,
    0x7F, 0x40, 0x00, 0x0B, 0xF0, 0x3F, 0xC0, 0x00, 0x00, 0xFF, 0xFF, 0xD0, 0x00, 0x00, 0x1F, 0xFF,
    0xC0, 0x00, 0x00, 0x00, 0x15, 0x00, 0x00, 0x00, 0x00, 0x00, 0x00, 0x00, 0x00, 0xFF, 0x00, 0x0B,
    0xFE, 0x00, 0x7F, 0xC0, 0x07, 0xFF, 0x80, 0x1F, 0xE0, 0x03, 0xFF, 0xD0, 0x0B, 0xF4, 0x02, 0xFF,
    0xF0, 0x03, 0xFC, 0x01, 0xFF, 0xFC, 0x00, 0xFF, 0x00, 0xFF, 0xFE, 0x00, 0x7F, 0x80, 0xBF, 0xBF,
    0x80, 0x2F, 0xD0, 0x7F, 0xAF, 0xD0, 0x0F, 0xF4, 0x3F, 0xCF, 0xF0, 0x03, 0xFC, 0x2F, 0xD3, 0xFC,
    0x00, 0xFF, 0x0F, 0xE1, 0xFE, 0x00, 0x7F, 0x8F, 0xF0, 0xBF, 0x40, 0x2F, 0xDB, 0xF4, 0x3F, 0xC0,
    0x0F, 0xF7, 0xF8, 0x0F, 0xF0, 0x03, 0xFF, 0xFC, 0x03, 0xFC, 0x01, 0xFF, 0xFD, 0x01, 0xFE, 0x00,
    0x7F, 0xFF, 0x00, 0xBF, 0x40, 0x2F, 0xFF, 0x00, 0x3F, 0xC0, 0x0F, 0xFF, 0x80, 0x0F, 0xF0, 0x03,
    0xFF, 0xC0, 0x07, 0xF8, 0x01, 0xFF, 0xD0, 0x02, 0xFE, 0x00, 0x00, 0x3F, 0xD0, 0x02, 0xFF, 0x00,
    0x0F, 0xF0, 0x01, 0xFF, 0x40, 0x07, 0xFC, 0x00, 0xFF, 0x80, 0x02, 0xFE, 0x00, 0xFF, 0xC0, 0x00,
    0xFF, 0x80, 0xBF, 0xC0, 0x00, 0x3F, 0xD0, 0x7F, 0xD0, 0x00, 0x1F, 0xF0, 0x3F, 0xE0, 0x00, 0x07,
    0xFC, 0x3F, 0xE0, 0x00, 0x02, 0xFF, 0xBF, 0xF0, 0x00, 0x00, 0xFF, 0xFF, 0xF0, 0x00, 0x00, 0x3F,
    0xFF, 0xF8, 0x00, 0x00, 0x1F, 0xFF, 0xFF, 0x00, 0x00, 0x0B, 0xFC, 0x3F, 0xD0, 0x00, 0x02, 0xFE,
    0x0F, 0xFC, 0x00, 0x00, 0xFF, 0x41, 0xFF, 0x00, 0x00, 0x3F, 0xC0, 0x3F, 0xD0, 0x00, 0x1F, 0xF0,
    0x0F, 0xFC, 0x00, 0x0B, 0xFC, 0x01, 0xFF, 0x00, 0x03, 0xFE, 0x00, 0x3F, 0xE0, 0x00, 0xFF, 0x40,
    0x0F, 0xFC, 0x00, 0x3F, 0xC0, 0x01, 0xFF, 0x40, 0x00, 0x00, 0x00, 0x7F, 0xFF, 0xFF, 0xE0, 0x00,
    0x0F, 0xFF, 0xFF, 0xFD, 0x00, 0x00, 0xFF, 0xFF, 0xFF, 0xC0, 0x00, 0x1F, 0xFF, 0xFF, 0xFC, 0x00,
    0x02, 0xFE, 0x00, 0xBF, 0xC0, 0x00, 0x3F, 0xD0, 0x0F, 0xF8, 0x00, 0x03, 0xFC, 0x00, 0xFF, 0x40,
    0x00, 0x7F, 0xC0, 0x0F, 0xF0, 0x00, 0x0B, 0xF8, 0x01, 0xFF, 0x00, 0x00, 0xFF, 0x00, 0x2F, 0xF0,
    0x00, 0x1F, 0xF0, 0x03, 0xFE, 0x00, 0x02, 0xFE, 0x00, 0x3F, 0xD0, 0x00, 0x3F, 0xD0, 0x07, 0xFC,
    0x00, 0x03, 0xFC, 0x00, 0x7F, 0xC0, 0x00, 0x7F, 0xC0, 0x0B, 0xF8, 0x00, 0x0F, 0xF8, 0x00, 0xFF,
    0x80, 0x02, 0xFF, 0x00, 0x0F, 0xF4, 0x0E, 0xFF, 0xF0, 0x01, 0xFF, 0x00, 0xFF, 0xFD, 0x00, 0x2F,
    0xF0, 0x0F, 0xFF, 0x40, 0x02, 0xFE, 0x00, 0xFF, 0xD0, 0x00, 0x3F, 0xD0, 0x00, 0x00, 0x00, 0x00,
    0x00, 0x00, 0x00, 0x3F, 0xF8, 0x00, 0x01, 0xFF, 0xE0, 0x03, 0xFF, 0xC0, 0x00, 0x3F, 0xFD, 0x00,
    0x7F, 0xFC, 0x00, 0x07, 0xFF, 0xC0, 0x0B, 0xFF, 0xC0, 0x00, 0xFF, 0xFC, 0x00, 0xFF, 0xFC, 0x00,
    0x1F, 0xFF, 0xC0, 0x0F, 0xFF, 0xC0, 0x03, 0xFB, 0xF8, 0x01, 0xFE, 0xFC, 0x00, 0x7F, 0xBF, 0x40,
    0x1F, 0xDF, 0xD0, 0x0F, 0xEB, 0xF0, 0x02, 0xFC, 0xFD, 0x01, 0xFC, 0xFF, 0x00, 0x3F, 0xCF, 0xD0,
    0x3F, 0x8F, 0xF0, 0x03, 0xFC, 0xFD, 0x07, 0xF1, 0xFE, 0x00, 0x7F, 0x8F, 0xD0, 0xFE, 0x2F, 0xD0,
    0x0B, 0xF4, 0xBE, 0x2F, 0xC3, 0xFC, 0x00, 0xBF, 0x0B, 0xE3, 0xF4, 0x3F, 0xC0, 0x0F, 0xF0, 0xBE,
    0xBF, 0x07, 0xF8, 0x00, 0xFE, 0x0B, 0xFF, 0xD0, 0xBF, 0x40, 0x1F, 0xE0, 0xBF, 0xFC, 0x0B, 0xF4,
    0x02, 0xFD, 0x07, 0xFF, 0x40, 0xFF, 0x00, 0x3F, 0xC0, 0x7F, 0xF0, 0x0F, 0xF0, 0x03, 0xFC, 0x07,
    0xFD, 0x01, 0xFE, 0x00, 0x3F, 0x80, 0x7F, 0xC0, 0x2F, 0xD0, 0x00, 0x00, 0x3F, 0xD0, 0x00, 0xFF,
    0x40, 0x1F, 0xF0, 0x00, 0x3F, 0xC0, 0x07, 0xFC, 0x00, 0x1F, 0xF0, 0x02, 0xFE, 0x00, 0x0B, 0xFC,
    0x00, 0xFF, 0x80, 0x03, 0xFE, 0x00, 0x3F, 0xD0, 0x00, 0xFF, 0x40, 0x1F, 0xF0, 0x00, 0x7F, 0xC0,
    0x0B, 0xFC, 0x00, 0x2F, 0xF0, 0x02, 0xFF, 0xAA, 0xAF, 0xF8, 0x00, 0xFF, 0xFF, 0xFF, 0xFD, 0x00,
    0x3F, 0xFF, 0xFF, 0xFF, 0x40, 0x1F, 0xFF, 0xFF, 0xFF, 0xC0, 0x0B, 0xFC, 0x00, 0x2F, 0xF0, 0x03,
    0xFE, 0x00, 0x0F, 0xF8, 0x00, 0xFF, 0x40, 0x03, 0xFD, 0x00, 0x3F, 0xC0, 0x00, 0xFF, 0x00, 0x1F,
    0xF0, 0x00, 0x7F, 0xC0, 0x0B, 0xFC, 0x00, 0x2F, 0xF0, 0x03, 0xFE, 0x00, 0x0F, 0xF8, 0x00, 0xFF,
    0x40, 0x03, 0xFD, 0x00, 0x7F, 0xC0, 0x01, 0xFF, 0x00, 0x00, 0x00, 0x00, 0x00, 0x00, 0x00, 0x00,
    0x01, 0xBF, 0xF9, 0x00, 0x00, 0x0F, 0xFF, 0xFF, 0x80, 0x00, 0x7F, 0xFF, 0xFF, 0xE0, 0x00, 0xFF,
    0xFA, 0xFF, 0xF0, 0x03, 0xFF, 0x40, 0x1F, 0xF8, 0x07, 0xFD, 0x00, 0x0B, 0xFC, 0x0F, 0xF8, 0x00,
    0x07, 0xFC, 0x1F, 0xF4, 0x00, 0x03, 0xFD, 0x2F, 0xF0, 0x00, 0x03, 0xFD, 0x3F, 0xE0, 0x00, 0x03,
    0xFC, 0x3F, 0xD0, 0x00, 0x07, 0xFC, 0x3F, 0xD0, 0x00, 0x0B, 0xFC, 0x7F, 0xC0, 0x00, 0x0F, 0xF8,
    0x7F, 0xC0, 0x00, 0x0F, 0xF4, 0x3F, 0xD0, 0x00, 0x2F, 0xF0, 0x3F, 0xE0, 0x00, 0x7F, 0xE0, 0x2F,
    0xF4, 0x01, 0xFF, 0xC0, 0x1F, 0xFE, 0x5B, 0xFF, 0x40, 0x0B, 0xFF, 0xFF, 0xFE, 0x00, 0x02, 0xFF,
    0xFF, 0xF4, 0x00, 0x00, 0x7F, 0xFF, 0x80, 0x00, 0x00, 0x00, 0x50, 0x00, 0x00, 0x00, 0x3F, 0xFF,
    0xFF, 0xFF, 0x00, 0x1F, 0xFF, 0xFF, 0xFF, 0xC0, 0x07, 0xFF, 0xFF, 0xFF, 0xE0, 0x02, 0xFF, 0xFF,
    0xFF, 0xF4, 0x00, 0xFF, 0x40, 0x03, 0xFC, 0x00, 0x3F, 0xD0, 0x01, 0xFF, 0x00, 0x1F, 0xF0, 0x00,
    0xBF, 0xC0, 0x0B, 0xFC, 0x00, 0x3F, 0xE0, 0x02, 0xFE, 0x00, 0x0F, 0xF4, 0x00, 0xFF, 0x40, 0x03,
    0xFC, 0x00, 0x3F, 0xC0, 0x01, 0xFF, 0x00, 0x1F, 0xF0, 0x00, 0xBF, 0xC0, 0x0B, 0xFC, 0x00, 0x3F,
    0xE0, 0x03, 0xFE, 0x00, 0x0F, 0xF4, 0x00, 0xFF, 0x40, 0x07, 0xFC, 0x00, 0x3F, 0xC0, 0x02, 0xFF,
    0x00, 0x1F, 0xF0, 0x00, 0xBF, 0x80, 0x0B, 0xFC, 0x00, 0x3F, 0xD0, 0x03, 0xFE, 0x00, 0x0F, 0xF4,
    0x00, 0xFF, 0x40, 0x07, 0xFC, 0x00, 0x7F, 0xC0, 0x02, 0xFF, 0x00, 0x00, 0x00, 0x3F, 0xFF, 0x90,
    0x00, 0x03, 0xFF, 0xFF, 0xD0, 0x00, 0x7F, 0xFF, 0xFF, 0x40, 0x0B, 0xFF, 0xFF, 0xFC, 0x00, 0xFF,
    0x80, 0xBF, 0xD0, 0x0F, 0xF4, 0x03, 0xFD, 0x01, 0xFF, 0x00, 0x3F, 0xD0, 0x1F, 0xF0, 0x03, 0xFD,
    0x02, 0xFE, 0x00, 0xBF, 0xC0, 0x3F, 0xD0, 0x6F, 0xF8, 0x03, 0xFF, 0xFF, 0xFF, 0x00, 0x7F, 0xFF,
    0xFF, 0xD0, 0x0B, 0xFF, 0xFF, 0xE0, 0x00, 0xBF, 0xEA, 0x50, 0x00, 0x0F, 0xF4, 0x00, 0x00, 0x00,
    0xFF, 0x00, 0x00, 0x00, 0x1F, 0xF0, 0x00, 0x00, 0x02, 0xFE, 0x00, 0x00, 0x00, 0x3F, 0xE0, 0x00,
    0x00, 0x03, 0xFD, 0x00, 0x00, 0x00, 0x3F, 0xC0, 0x00, 0x00, 0x00, 0x00, 0x00, 0x00, 0x00, 0x00,
    0x00, 0x1B, 0xFF, 0xE4, 0x00, 0x0F, 0xFF, 0xFF, 0xF0, 0x03, 0xFF, 0xFF, 0xFD, 0x00, 0xFF, 0xFA,
    0xAF, 0xC0, 0x3F, 0xF8, 0x00, 0x14, 0x07, 0xFE, 0x00, 0x00, 0x00, 0xFF, 0xC0, 0x00, 0x00, 0x1F,
    0xF4, 0x00, 0x00, 0x02, 0xFF, 0x00, 0x00, 0x00, 0x3F, 0xE0, 0x00, 0x00, 0x03, 0xFD, 0x00, 0x00,
    0x00, 0x3F, 0xC0, 0x00, 0x00, 0x07, 0xFC, 0x00, 0x00, 0x00, 0x7F, 0xC0, 0x00, 0x00, 0x03, 0xFD,
    0x00, 0x00, 0x00, 0x3F, 0xE0, 0x00, 0x00, 0x03, 0xFF, 0x40, 0x01, 0x00, 0x1F, 0xFF, 0x56, 0xF0,
    0x00, 0xFF, 0xFF, 0xFF, 0x00, 0x03, 0xFF, 0xFF, 0xF0, 0x00, 0x07, 0xFF, 0xF9, 0x00, 0x00, 0x00,
    0x50, 0x00, 0x00, 0x3F, 0xFF, 0xFF, 0xFD, 0x3F, 0xFF, 0xFF, 0xFD, 0x7F, 0xFF, 0xFF, 0xFC, 0xBF,
    0xFF, 0xFF, 0xF8, 0x00, 0x3F, 0xE0, 0x00, 0x00, 0x3F, 0xD0, 0x00, 0x00, 0x3F, 0xC0, 0x00, 0x00,
    0x7F, 0xC0, 0x00, 0x00, 0xBF, 0xC0, 0x00, 0x00, 0xFF, 0x80, 0x00, 0x00, 0xFF, 0x40, 0x00, 0x01,
    0xFF, 0x00, 0x00, 0x01, 0xFF, 0x00, 0x00, 0x02, 0xFE, 0x00, 0x00, 0x03, 0xFE, 0x00, 0x00, 0x03,
    0xFD, 0x00, 0x00, 0x07, 0xFC, 0x00, 0x00, 0x0B, 0xFC, 0x00, 0x00, 0x0B, 0xF8, 0x00, 0x00, 0x0F,
    0xF4, 0x00, 0x00, 0x0F, 0xF4, 0x00, 0x00, 0x07, 0xFC, 0x00, 0x02, 0xFE, 0x00, 0xFF, 0x00, 0x01,
    0xFF, 0x40, 0x3F, 0xD0, 0x00, 0xFF, 0xC0, 0x0B, 0xF8, 0x00, 0x7F, 0xC0, 0x01, 0xFF, 0x00, 0x3F,
    0xE0, 0x00, 0x3F, 0xC0, 0x2F, 0xF0, 0x00, 0x0B, 0xF4, 0x0F, 0xF4, 0x00, 0x01, 0xFE, 0x0B, 0xFC,
    0x00, 0x00, 0x3F, 0xC3, 0xFD, 0x00, 0x00, 0x0F, 0xF2, 0xFE, 0x00, 0x00, 0x02, 0xFE, 0xFF, 0x00,
    0x00, 0x00, 0x7F, 0xFF, 0x80, 0x00, 0x00, 0x0F, 0xFF, 0xC0, 0x00, 0x00, 0x03, 0xFF, 0xD0, 0x00,
    0x00, 0x00, 0xBF, 0xF0, 0x00, 0x00, 0x00, 0x2F, 0xF0, 0x00, 0x00, 0x00, 0x2F, 0xF8, 0x00, 0x00,
    0x1A, 0xBF, 0xFC, 0x00, 0x00, 0x0B, 0xFF, 0xFC, 0x00, 0x00, 0x02, 0xFF, 0xFD, 0x00, 0x00, 0x00,
    0xBF, 0xF8, 0x00, 0x00, 0x00, 0x01, 0x40, 0x00, 0x00, 0x00, 0x00, 0x00, 0x00, 0x00, 0x00, 0x00,
    0x00, 0x00, 0x00, 0x00, 0x2F, 0xD0, 0x00, 0x00, 0x00, 0x00, 0x0B, 0xF4, 0x00, 0x00, 0x00, 0x00,
    0x6B, 0xFE, 0x40, 0x00, 0x00, 0x1B, 0xFF, 0xFF, 0xFF, 0x40, 0x00, 0x2F, 0xFF, 0xFF, 0xFF, 0xFC,
    0x00, 0x3F, 0xFF, 0xFF, 0xFF, 0xFF, 0x80, 0x2F, 0xFD, 0x0F, 0xF0, 0x7F, 0xF4, 0x1F, 0xF8, 0x03,
    0xFC, 0x03, 0xFE, 0x0B, 0xFC, 0x00, 0xFF, 0x00, 0xBF, 0xC3, 0xFD, 0x00, 0x7F, 0x80, 0x1F, 0xF0,
    0xFF, 0x00, 0x2F, 0xD0, 0x07, 0xFC, 0x3F, 0xC0, 0x0F, 0xF0, 0x02, 0xFE, 0x0F, 0xF4, 0x03, 0xFC,
    0x00, 0xFF, 0x43, 0xFF, 0x01, 0xFE, 0x00, 0xFF, 0xC0, 0xBF, 0xF4, 0xBF, 0x42, 0xFF, 0xD0, 0x0F,
    0xFF, 0xFF, 0xFF, 0xFF, 0xE0, 0x00, 0xFF, 0xFF, 0xFF, 0xFF, 0xD0, 0x00, 0x07, 0xFF, 0xFF, 0xFF,
    0x80, 0x00, 0x00, 0x06, 0xFF, 0x54, 0x00, 0x00, 0x00, 0x00, 0xBF, 0x40, 0x00, 0x00, 0x00, 0x00,
    0x3F, 0xC0, 0x00, 0x00, 0x00, 0x00, 0x05, 0x50, 0x00, 0x00, 0x00, 0x00, 0x2F, 0xE0, 0x00, 0x3F,
    0xE0, 0x00, 0x7F, 0xC0, 0x03, 0xFF, 0x00, 0x00, 0xFF, 0x40, 0x2F, 0xF4, 0x00, 0x03, 0xFE, 0x01,
    0xFF, 0x40, 0x00, 0x07, 0xFC, 0x0F, 0xF8, 0x00, 0x00, 0x0F, 0xF4, 0xBF, 0xC0, 0x00, 0x00, 0x2F,
    0xE7, 0xFC, 0x00, 0x00, 0x00, 0x7F, 0xFF, 0xD0, 0x00, 0x00, 0x00, 0xFF, 0xFE, 0x00, 0x00, 0x00,
    0x02, 0xFF, 0xF0, 0x00, 0x00, 0x00, 0x0F, 0xFF, 0x40, 0x00, 0x00, 0x00, 0xBF, 0xFE, 0x00, 0x00,
    0x00, 0x07, 0xFF, 0xFC, 0x00, 0x00, 0x00, 0x3F, 0xEF, 0xF4, 0x00, 0x00, 0x03, 0xFF, 0x3F, 0xE0,
    0x00, 0x00, 0x2F, 0xF0, 0x7F, 0xC0, 0x00, 0x01, 0xFF, 0x40, 0xFF, 0x40, 0x00, 0x0F, 0xF8, 0x03,
    0xFF, 0x00, 0x00, 0xFF, 0xC0, 0x0B, 0xFC, 0x00, 0x0B, 0xFD, 0x00, 0x0F, 0xF8, 0x00, 0x7F, 0xE0,
    0x00, 0x3F, 0xF0, 0x00, 0x00, 0x3F, 0xD0, 0x01, 0xFF, 0x00, 0x1F, 0xF0, 0x00, 0xBF, 0xC0, 0x07,
    0xFC, 0x00, 0x3F, 0xE0, 0x02, 0xFE, 0x00, 0x0F, 0xF4, 0x00, 0xFF, 0x80, 0x03, 0xFC, 0x00, 0x3F,
    0xD0, 0x01, 0xFF, 0x00, 0x1F, 0xF0, 0x00, 0xBF, 0x80, 0x0B, 0xFC, 0x00, 0x3F, 0xE0, 0x03, 0xFE,
    0x00, 0x0F, 0xF4, 0x00, 0xFF, 0x40, 0x07, 0xFC, 0x00, 0x3F, 0xC0, 0x02, 0xFF, 0x00, 0x1F, 0xF0,
    0x00, 0xBF, 0x80, 0x0B, 0xFC, 0x00, 0x3F, 0xD0, 0x03, 0xFE, 0x00, 0x0F, 0xF4, 0x00, 0xFF, 0x40,
    0x07, 0xFC, 0x00, 0x7F, 0xC0, 0x02, 0xFF, 0x00, 0x1F, 0xF0, 0x00, 0xFF, 0x80, 0x0B, 0xFE, 0xAA,
    0xBF, 0xFA, 0x03, 0xFF, 0xFF, 0xFF, 0xFF, 0xC0, 0xFF, 0xFF, 0xFF, 0xFF, 0xF0, 0x7F, 0xFF, 0xFF,
    0xFF, 0xF8, 0x00, 0x00, 0x00, 0x03, 0xFD, 0x00, 0x00, 0x00, 0x00, 0xFF, 0x00, 0x00, 0x00, 0x00,
    0x7F, 0xC0, 0x00, 0x00, 0x00, 0x2F, 0xF0, 0x00, 0x00, 0x00, 0x06, 0xA4, 0x00, 0x07, 0xF8, 0x00,
    0x2F, 0xD0, 0xFF, 0x80, 0x03, 0xFD, 0x0F, 0xF4, 0x00, 0x3F, 0xC0, 0xFF, 0x00, 0x07, 0xFC, 0x1F,
    0xF0, 0x00, 0xBF, 0x82, 0xFE, 0x00, 0x0F, 0xF8, 0x3F, 0xD0, 0x00, 0xFF, 0x43, 0xFD, 0x00, 0x1F,
    0xF0, 0x3F, 0xD0, 0x02, 0xFF, 0x03, 0xFF, 0x00, 0x3F, 0xE0, 0x3F, 0xFF, 0xFF, 0xFD, 0x01, 0xFF,
    0xFF, 0xFF, 0xC0, 0x0B, 0xFF, 0xFF, 0xFC, 0x00, 0x0A, 0xEA, 0xFF, 0xC0, 0x00, 0x00, 0x0F, 0xF8,
    0x00, 0x00, 0x00, 0xFF, 0x40, 0x00, 0x00, 0x0F, 0xF0, 0x00, 0x00, 0x01, 0xFF, 0x00, 0x00, 0x00,
    0x2F, 0xF0, 0x00, 0x00, 0x03, 0xFE, 0x00, 0x00, 0x00, 0x3F, 0xD0, 0x00, 0x00, 0x3F, 0xD0, 0x03,
    0xFC, 0x00, 0x7F, 0xC0, 0x03, 0xFC, 0x00, 0x7F, 0xC0, 0x0B, 0xFC, 0x00, 0x7F, 0xC0, 0x0B, 0xFC,
    0x00, 0xFF, 0x80, 0x0B, 0xFC, 0x00, 0xFF, 0x80, 0x0F, 0xF4, 0x00, 0xFF, 0x80, 0x0F, 0xF4, 0x00,
    0xFF, 0x00, 0x0F, 0xF4, 0x00, 0xFF, 0x00, 0x1F, 0xF0, 0x00, 0xFF, 0x00, 0x1F, 0xF0, 0x02, 0xFE,
    0x00, 0x1F, 0xF0, 0x02, 0xFE, 0x00, 0x3F, 0xE0, 0x02, 0xFE, 0x00, 0x3F, 0xE0, 0x03, 0xFD, 0x00,
    0x3F, 0xE0, 0x03, 0xFD, 0x00, 0x7F, 0xC0, 0x03, 0xFD, 0x00, 0x7F, 0xC0, 0x07, 0xFC, 0x00, 0x3F,
    0xC0, 0x07, 0xFC, 0x00, 0xBF, 0x80, 0x07, 0xFC, 0x00, 0xBF, 0x80, 0x0F, 0xF4, 0x00, 0xBF, 0x80,
    0x0F, 0xF4, 0x00, 0xFF, 0x00, 0x0F, 0xF4, 0x00, 0xFF, 0x00, 0x1F, 0xF0, 0x00, 0xFF, 0x40, 0x1F,
    0xF0, 0x02, 0xFF, 0x00, 0x1F, 0xF0, 0x02, 0xFF, 0x00, 0x3F, 0xE0, 0x01, 0xFF, 0xAA, 0xBF, 0xFA,
    0xAB, 0xFD, 0x00, 0x2F, 0xFF, 0xFF, 0xFF, 0xFF, 0xFF, 0xC0, 0x03, 0xFF, 0xFF, 0xFF, 0xFF, 0xFF,
    0xFC, 0x00, 0x3F, 0xFF, 0xFF, 0xFF, 0xFF, 0xFF, 0xC0, 0x00, 0x00, 0x3F, 0xD0, 0x07, 0xFC, 0x00,
    0xBF, 0x80, 0x0F, 0xF0, 0x02, 0xFF, 0x00, 0x3F, 0xD0, 0x07, 0xFC, 0x00, 0xFF, 0x80, 0x0F, 0xF0,
    0x02, 0xFE, 0x00, 0x3F, 0xD0, 0x07, 0xFC, 0x00, 0xFF, 0x80, 0x0F, 0xF0, 0x02, 0xFF, 0x00, 0x3F,
    0xD0, 0x07, 0xFC, 0x00, 0xBF, 0x80, 0x1F, 0xF0, 0x02, 0xFE, 0x00, 0x3F, 0xD0, 0x07, 0xFC, 0x00,
    0xFF, 0x80, 0x0F, 0xF0, 0x02, 0xFE, 0x00, 0x3F, 0xD0, 0x07, 0xFC, 0x00, 0xFF, 0x40, 0x1F, 0xF0,
    0x02, 0xFF, 0x00, 0x3F, 0xC0, 0x07, 0xFC, 0x00, 0xFF, 0x80, 0x1F, 0xF0, 0x02, 0xFE, 0x00, 0x3F,
    0xD0, 0x0B, 0xFC, 0x00, 0xFF, 0x40, 0x0F, 0xF0, 0x02, 0xFE, 0x00, 0x3F, 0xD0, 0x07, 0xFC, 0x00,
    0xFF, 0x40, 0x1F, 0xF0, 0x02, 0xFE, 0x00, 0x3F, 0xC0, 0x0B, 0xFC, 0x00, 0xFF, 0x80, 0x1F, 0xF0,
    0x02, 0xFE, 0x00, 0x3F, 0xD0, 0x0B, 0xFE, 0xAA, 0xFF, 0xEA, 0xAF, 0xFA, 0x83, 0xFF, 0xFF, 0xFF,
    0xFF, 0xFF, 0xFF, 0xE0, 0xFF, 0xFF, 0xFF, 0xFF, 0xFF, 0xFF, 0xF8, 0x3F, 0xFF, 0xFF, 0xFF, 0xFF,
    0xFF, 0xFD, 0x00, 0x00, 0x00, 0x00, 0x00, 0x01, 0xFF, 0x00, 0x00, 0x00, 0x00, 0x00, 0x00, 0x7F,
    0xC0, 0x00, 0x00, 0x00, 0x00, 0x00, 0x2F, 0xE0, 0x00, 0x00, 0x00, 0x00, 0x00, 0x0F, 0xF4, 0x00,
    0x00, 0x00, 0x00, 0x00, 0x01, 0x54, 0x00, 0x3F, 0xFF, 0xF4, 0x00, 0x03, 0xFF, 0xFF, 0x00, 0x00,
    0x7F, 0xFF, 0xF0, 0x00, 0x07, 0xFF, 0xFF, 0x00, 0x00, 0x00, 0x3F, 0xE0, 0x00, 0x00, 0x03, 0xFD,
    0x00, 0x00, 0x00, 0x3F, 0xC0, 0x00, 0x00, 0x07, 0xFD, 0x50, 0x00, 0x00, 0xBF, 0xFF, 0xF4, 0x00,
    0x0F, 0xFF, 0xFF, 0xE0, 0x00, 0xFF, 0xFF, 0xFF, 0x40, 0x1F, 0xF5, 0x6F, 0xFC, 0x01, 0xFF, 0x00,
    0xBF, 0xC0, 0x2F, 0xE0, 0x07, 0xFC, 0x03, 0xFD, 0x00, 0x7F, 0xC0, 0x3F, 0xC0, 0x0F, 0xFC, 0x07,
    0xFC, 0x02, 0xFF, 0x40, 0xBF, 0xEA, 0xFF, 0xF0, 0x0B, 0xFF, 0xFF, 0xFD, 0x00, 0xFF, 0xFF, 0xFF,
    0x00, 0x0F, 0xFF, 0xFE, 0x40, 0x00, 0x00, 0x3F, 0xD0, 0x00, 0x00, 0x1F, 0xE0, 0x03, 0xFC, 0x00,
    0x00, 0x03, 0xFE, 0x00, 0x7F, 0xC0, 0x00, 0x00, 0x3F, 0xD0, 0x0B, 0xF8, 0x00, 0x00, 0x03, 0xFD,
    0x00, 0xFF, 0x80, 0x00, 0x00, 0x7F, 0xC0, 0x0F, 0xF4, 0x00, 0x00, 0x0B, 0xFC, 0x01, 0xFF, 0x00,
    0x00, 0x00, 0xFF, 0x80, 0x1F, 0xF5, 0x00, 0x00, 0x0F, 0xF4, 0x02, 0xFF, 0xFF, 0x80, 0x01, 0xFF,
    0x00, 0x3F, 0xFF, 0xFF, 0x40, 0x1F, 0xF0, 0x03, 0xFF, 0xFF, 0xFC, 0x02, 0xFF, 0x00, 0x7F, 0xD5,
    0xFF, 0xE0, 0x3F, 0xE0, 0x0B, 0xFC, 0x03, 0xFF, 0x03, 0xFD, 0x00, 0xBF, 0x80, 0x2F, 0xF0, 0x7F,
    0xC0, 0x0F, 0xF4, 0x02, 0xFF, 0x0B, 0xFC, 0x00, 0xFF, 0x00, 0x3F, 0xE0, 0xBF, 0x80, 0x1F, 0xF0,
    0x0F, 0xFC, 0x0F, 0xF8, 0x02, 0xFF, 0xAB, 0xFF, 0x80, 0xFF, 0x40, 0x3F, 0xFF, 0xFF, 0xF0, 0x1F,
    0xF0, 0x03, 0xFF, 0xFF, 0xF8, 0x02, 0xFF, 0x00, 0x3F, 0xFF, 0xF8, 0x00, 0x3F, 0xE0, 0x00, 0x00,
    0x3F, 0xD0, 0x00, 0x00, 0x0F, 0xF0, 0x00, 0x00, 0x07, 0xFC, 0x00, 0x00, 0x02, 0xFE, 0x00, 0x00,
    0x00, 0xFF, 0x80, 0x00, 0x00, 0x3F, 0xD0, 0x00, 0x00, 0x1F, 0xF0, 0x00, 0x00, 0x07, 0xFD, 0x40,
    0x00, 0x02, 0xFF, 0xFF, 0xD0, 0x00, 0xFF, 0xFF, 0xFE, 0x00, 0x3F, 0xFF, 0xFF, 0xD0, 0x1F, 0xF5,
    0x7F, 0xFC, 0x0B, 0xFC, 0x03, 0xFF, 0x02, 0xFE, 0x00, 0x7F, 0xC0, 0xFF, 0x40, 0x2F, 0xF0, 0x3F,
    0xC0, 0x0F, 0xFC, 0x1F, 0xF0, 0x0B, 0xFD, 0x0B, 0xFE, 0xAF, 0xFF, 0x03, 0xFF, 0xFF, 0xFF, 0x00,
    0xFF, 0xFF, 0xFF, 0x00, 0x3F, 0xFF, 0xF9, 0x00, 0x00, 0x00, 0x00, 0x00, 0x00, 0x00, 0x06, 0xFF,
    0xF8, 0x00, 0x02, 0xFF, 0xFF, 0xF8, 0x00, 0x0F, 0xFF, 0xFF, 0xE0, 0x00, 0xFE, 0xAF, 0xFF, 0x00,
    0x04, 0x00, 0x1F, 0xF8, 0x00, 0x00, 0x00, 0xBF, 0xC0, 0x00, 0x00, 0x07, 0xFC, 0x00, 0x00, 0x00,
    0x3F, 0xC0, 0x00, 0x55, 0x57, 0xFC, 0x00, 0x3F, 0xFF, 0xFF, 0xC0, 0x03, 0xFF, 0xFF, 0xFC, 0x00,
    0x7F, 0xFF, 0xFF, 0xC0, 0x01, 0x55, 0x5F, 0xF8, 0x00, 0x00, 0x01, 0xFF, 0x40, 0x00, 0x00, 0x3F,
    0xF0, 0x00, 0x00, 0x07, 0xFE, 0x00, 0x00, 0x02, 0xFF, 0xC0, 0x7E, 0x56, 0xFF, 0xF4, 0x07, 0xFF,
    0xFF, 0xFD, 0x00, 0x7F, 0xFF, 0xFF, 0x40, 0x02, 0xFF, 0xFF, 0x80, 0x00, 0x00, 0x14, 0x00, 0x00,
    0x00, 0x00, 0x00, 0x00, 0x00, 0x00, 0x00, 0x00, 0x00, 0x0F, 0xF4, 0x00, 0x1B, 0xFF, 0x90, 0x00,
    0x03, 0xFC, 0x00, 0x2F, 0xFF, 0xFE, 0x00, 0x01, 0xFF, 0x00, 0x3F, 0xFF, 0xFF, 0xE0, 0x00, 0xBF,
    0x80, 0x3F, 0xFE, 0xBF, 0xFC, 0x00, 0x3F, 0xE0, 0x2F, 0xF8, 0x01, 0xFF, 0x80, 0x0F, 0xF4, 0x0F,
    0xF8, 0x00, 0x3F, 0xF0, 0x07, 0xFC, 0x0B, 0xFC, 0x00, 0x07, 0xFC, 0x01, 0xFF, 0x03, 0xFE, 0x00,
    0x01, 0xFF, 0x00, 0xBF, 0xEA, 0xFF, 0x40, 0x00, 0x7F, 0xC0, 0x3F, 0xFF, 0xFF, 0xC0, 0x00, 0x1F,
    0xF0, 0x0F, 0xFF, 0xFF, 0xF0, 0x00, 0x0B, 0xFC, 0x07, 0xFF, 0xFF, 0xF8, 0x00, 0x02, 0xFF, 0x02,
    0xFF, 0x03, 0xFE, 0x00, 0x00, 0xFF, 0x80, 0xBF, 0x80, 0xFF, 0x80, 0x00, 0x7F, 0xD0, 0x3F, 0xD0,
    0x3F, 0xE0, 0x00, 0x2F, 0xF0, 0x0F, 0xF0, 0x0B, 0xFC, 0x00, 0x1F, 0xF8, 0x07, 0xFC, 0x01, 0xFF,
    0x80, 0x1F, 0xFC, 0x02, 0xFF, 0x00, 0x3F, 0xF9, 0x6F, 0xFD, 0x00, 0xFF, 0x80, 0x07, 0xFF, 0xFF,
    0xFE, 0x00, 0x3F, 0xD0, 0x00, 0x7F, 0xFF, 0xFD, 0x00, 0x0F, 0xF0, 0x00, 0x02, 0xFF, 0xF8, 0x00,
    0x00, 0x00, 0x00, 0x00, 0x01, 0x40, 0x00, 0x00, 0x00, 0x00, 0x06, 0xFF, 0xFF, 0x40, 0x00, 0x2F,
    0xFF, 0xFF, 0xC0, 0x00, 0x3F, 0xFF, 0xFF, 0xF0, 0x00, 0x2F, 0xFE, 0xAF, 0xFC, 0x00, 0x0F, 0xFC,
    0x03, 0xFE, 0x00, 0x07, 0xFC, 0x00, 0xFF, 0x40, 0x02, 0xFF, 0x00, 0x7F, 0xC0, 0x00, 0xBF, 0xC0,
    0x1F, 0xF0, 0x00, 0x1F, 0xF0, 0x0B, 0xF8, 0x00, 0x03, 0xFF, 0x57, 0xFE, 0x00, 0x00, 0x7F, 0xFF,
    0xFF, 0x40, 0x00, 0x0B, 0xFF, 0xFF, 0xC0, 0x00, 0x03, 0xFF, 0xFF, 0xF0, 0x00, 0x02, 0xFF, 0x4F,
    0xF8, 0x00, 0x01, 0xFF, 0x83, 0xFD, 0x00, 0x00, 0xFF, 0xC0, 0xFF, 0x00, 0x00, 0xFF, 0xC0, 0x7F,
    0xC0, 0x00, 0xBF, 0xD0, 0x2F, 0xF0, 0x00, 0x7F, 0xE0, 0x0F, 0xF8, 0x00, 0x7F, 0xF0, 0x03, 0xFD,
    0x00, 0x3F, 0xF4, 0x00, 0xFF, 0x00, 0x00, 0x00, 0x00, 0x00, 0x00, 0x00, 0x07, 0xFE, 0x0F, 0xD0,
    0x0B, 0xFF, 0xF7, 0xF4, 0x0B, 0xFF, 0xFF, 0xFC, 0x07, 0xFF, 0x5F, 0xFF, 0x03, 0xFF, 0x00, 0xFF,
    0x80, 0xFF, 0x40, 0x3F, 0xD0, 0xBF, 0xC0, 0x0F, 0xF0, 0x3F, 0xE0, 0x03, 0xFC, 0x0F, 0xF4, 0x00,
    0xFF, 0x03, 0xFD, 0x00, 0x7F, 0x80, 0xFF, 0x40, 0x3F, 0xD0, 0x3F, 0xE0, 0x1F, 0xF0, 0x0F, 0xFD,
    0x2F, 0xFC, 0x02, 0xFF, 0xFF, 0xFE, 0x00, 0x3F, 0xFF, 0xBF, 0x80, 0x03, 0xFF, 0x4F, 0xD0, 0x00,
    0x04, 0x00, 0x00, 0x00, 0x00, 0x00, 0x00, 0x00, 0x00, 0x00, 0x06, 0xFD, 0x00, 0x02, 0xFF, 0xFD,
    0x00, 0x1F, 0xFF, 0xFE, 0x00, 0xBF, 0xFF, 0xF9, 0x01, 0xFF, 0xE4, 0x00, 0x03, 0xFE, 0x00, 0x00,
    0x0B, 0xFC, 0x00, 0x00, 0x0F, 0xF0, 0xBE, 0x00, 0x2F, 0xE7, 0xFF, 0xC0, 0x3F, 0xFF, 0xFF, 0xF0,
    0x3F, 0xFD, 0x7F, 0xF0, 0x7F, 0xF0, 0x0F, 0xF4, 0xBF, 0xD0, 0x0F, 0xF4, 0xBF, 0xC0, 0x0F, 0xF4,
    0xBF, 0xC0, 0x0F, 0xF4, 0xBF, 0x80, 0x0F, 0xF0, 0xBF, 0x80, 0x2F, 0xF0, 0x7F, 0xC0, 0x3F, 0xD0,
    0x3F, 0xE0, 0xFF, 0xC0, 0x3F, 0xFF, 0xFF, 0x40, 0x0F, 0xFF, 0xFD, 0x00, 0x02, 0xFF, 0xE0, 0x00,
    0x00, 0x04, 0x00, 0x00, 0x00, 0x00, 0x00, 0x00, 0x00, 0x0B, 0xFF, 0xD0, 0x00, 0x7F, 0xFF, 0xF4,
    0x01, 0xFF, 0xFF, 0xFC, 0x07, 0xFE, 0x03, 0xFD, 0x0F, 0xF8, 0x03, 0xFD, 0x1F, 0xF0, 0x07, 0xFC,
    0x2F, 0xFA, 0xBF, 0xF8, 0x3F, 0xFF, 0xFF, 0x90, 0x3F, 0xFF, 0xFF, 0xC0, 0x3F, 0xD0, 0x7F, 0xF0,
    0x3F, 0xC0, 0x0F, 0xF4, 0x3F, 0xD0, 0x0F, 0xF4, 0x2F, 0xF0, 0x1F, 0xF4, 0x0F, 0xFF, 0xFF, 0xF0,
    0x07, 0xFF, 0xFF, 0xC0, 0x00, 0xBF, 0xFE, 0x00, 0x00, 0x01, 0x40, 0x00, 0x00, 0x00, 0x00, 0x00,
    0x01, 0xFF, 0xFD, 0x00, 0x2F, 0xFF, 0xFD, 0x00, 0x3F, 0xFF, 0xFC, 0x00, 0xE0, 0x2F, 0xF0, 0x00,
    0x00, 0x7F, 0xC0, 0x00, 0x07, 0xFF, 0x00, 0x02, 0xFF, 0xF4, 0x00, 0xFF, 0xFF, 0x80, 0x1F, 0xFF,
    0xF4, 0x00, 0xFF, 0xF8, 0x00, 0x0B, 0xFD, 0x00, 0x00, 0x3F, 0xE0, 0x00, 0x00, 0xFF, 0xC0, 0x1C,
    0x02, 0xFF, 0xFF, 0xF0, 0x03, 0xFF, 0xFF, 0xC0, 0x02, 0xFF, 0xFD, 0x00, 0x00, 0x14, 0x00, 0x00,
    0x00, 0x00, 0x50, 0x00, 0x00, 0x2F, 0xFF, 0xE0, 0x00, 0x0B, 0xFF, 0xFF, 0x00, 0x00, 0xFF, 0xFF,
    0xE0, 0x00, 0x24, 0x1F, 0xFC, 0x00, 0x00, 0x00, 0xFF, 0x80, 0x00, 0x00, 0x1F, 0xF0, 0x00, 0x00,
    0x03, 0xFC, 0x00, 0x2F, 0xE0, 0xFF, 0x00, 0x7F, 0xFF, 0x3F, 0xD0, 0x3F, 0xFF, 0xFF, 0xF4, 0x3F,
    0xF9, 0x7F, 0xFC, 0x1F, 0xF8, 0x03, 0xFF, 0x0B, 0xFC, 0x00, 0xBF, 0xC3, 0xFE, 0x00, 0x2F, 0xF0,
    0xFF, 0x40, 0x0F, 0xF8, 0x3F, 0xD0, 0x07, 0xFC, 0x0F, 0xF4, 0x02, 0xFF, 0x03, 0xFD, 0x01, 0xFF,
    0x40, 0xBF, 0xD1, 0xFF, 0xC0, 0x0F, 0xFF, 0xFF, 0xC0, 0x02, 0xFF, 0xFF, 0xC0, 0x00, 0x1F, 0xFF,
    0x80, 0x00, 0x00, 0x14, 0x00, 0x00, 0x00, 0x00, 0x00, 0x00, 0x00, 0x0B, 0xFF, 0x80, 0x00, 0x7F,
    0xFF, 0xF0, 0x01, 0xFF, 0xFF, 0xF8, 0x03, 0xFE, 0x07, 0xFC, 0x0B, 0xFC, 0x07, 0xFC, 0x0F, 0xF4,
    0x0B, 0xF8, 0x2F, 0xF5, 0xBF, 0xF4, 0x3F, 0xFF, 0xFF, 0xD0, 0x3F, 0xFF, 0xFF, 0x40, 0x3F, 0xFA,
    0x90, 0x00, 0x3F, 0xD0, 0x00, 0x00, 0x3F, 0xE0, 0x00, 0x00, 0x2F, 0xF4, 0x07, 0x80, 0x0F, 0xFF,
    0xFF, 0x80, 0x0B, 0xFF, 0xFF, 0x80, 0x01, 0xFF, 0xFD, 0x00, 0x00, 0x05, 0x00, 0x00, 0x00, 0x00,
    0x00, 0x00, 0x00, 0x00, 0x00, 0x00, 0x2F, 0xF4, 0x00, 0x7F, 0x80, 0x1F, 0xFD, 0x02, 0xFF, 0xE0,
    0x0B, 0xF4, 0x0B, 0xFF, 0xC0, 0x2F, 0xFF, 0x40, 0xFF, 0x02, 0xFF, 0xF8, 0x00, 0x1F, 0xF8, 0x0F,
    0xF0, 0x7F, 0xE4, 0x00, 0x00, 0xBF, 0xC1, 0xFE, 0x0F, 0xF8, 0x00, 0x00, 0x07, 0xFC, 0x2F, 0xE1,
    0xFF, 0x00, 0x00, 0x00, 0x3F, 0xD7, 0xFE, 0x7F, 0xE0, 0x00, 0x00, 0x07, 0xFF, 0xFF, 0xFF, 0xFD,
    0x00, 0x00, 0x00, 0x7F, 0xFF, 0xFF, 0xFF, 0xC0, 0x00, 0x00, 0x0F, 0xFE, 0xFF, 0xEF, 0xFC, 0x00,
    0x00, 0x00, 0xFF, 0x0B, 0xF4, 0x3F, 0xC0, 0x00, 0x00, 0x3F, 0xE0, 0xFF, 0x03, 0xFD, 0x00, 0x00,
    0x1F, 0xFC, 0x0F, 0xF0, 0x3F, 0xF4, 0x00, 0x2F, 0xFF, 0x81, 0xFF, 0x01, 0xFF, 0xF8, 0x03, 0xFF,
    0xE0, 0x2F, 0xE0, 0x0F, 0xFF, 0x80, 0x7F, 0xF4, 0x02, 0xFD, 0x00, 0x2F, 0xF8, 0x00, 0x40, 0x00,
    0x00, 0x00, 0x00, 0x04, 0x00, 0x00, 0x00, 0x00, 0x00, 0x6F, 0xFF, 0xD0, 0x0B, 0xFF, 0xFF, 0x80,
    0x3F, 0xFF, 0xFD, 0x02, 0x40, 0x3F, 0xE0, 0x00, 0x02, 0xFE, 0x00, 0x00, 0x3F, 0xD0, 0x0A, 0xBF,
    0xF8, 0x00, 0xFF, 0xF9, 0x00, 0x1F, 0xFF, 0xD0, 0x00, 0x56, 0xFF, 0x40, 0x00, 0x0B, 0xF8, 0x00,
    0x00, 0xBF, 0xC6, 0x40, 0x2F, 0xF8, 0xBF, 0xFF, 0xFF, 0x0B, 0xFF, 0xFF, 0xD0, 0x7F, 0xFF, 0xE0,
    0x00, 0x05, 0x40, 0x00, 0x07, 0xF8, 0x01, 0xFF, 0x0B, 0xF8, 0x02, 0xFE, 0x0F, 0xF4, 0x03, 0xFD,
    0x0F, 0xF0, 0x03, 0xFD, 0x1F, 0xF0, 0x03, 0xFC, 0x2F, 0xF0, 0x07, 0xFC, 0x3F, 0xE0, 0x0B, 0xF8,
    0x3F, 0xD0, 0x0F, 0xF4, 0x3F, 0xC0, 0x0F, 0xF0, 0x7F, 0xC0, 0x2F, 0xF0, 0xBF, 0xC0, 0x3F, 0xF0,
    0xBF, 0xC0, 0xBF, 0xE0, 0xBF, 0xD2, 0xFF, 0xD0, 0x7F, 0xFF, 0xEF, 0xC0, 0x3F, 0xFF, 0x6F, 0xC0,
    0x0F, 0xFD, 0x2F, 0x80, 0x00, 0x40, 0x00, 0x00, 0x00, 0x15, 0x00, 0x54, 0x00, 0x7F, 0x01, 0xFD,
    0x00, 0x3F, 0x43, 0xFC, 0x00, 0x3F, 0xFF, 0xF0, 0x00, 0x0B, 0xFF, 0xC0, 0x00, 0x00, 0x54, 0x00,
    0x00, 0x00, 0x00, 0x00, 0x07, 0xF8, 0x01, 0xFF, 0x0B, 0xF8, 0x02, 0xFE, 0x0F, 0xF4, 0x03, 0xFD,
    0x0F, 0xF0, 0x03, 0xFD, 0x1F, 0xF0, 0x03, 0xFC, 0x2F, 0xF0, 0x07, 0xFC, 0x3F, 0xE0, 0x0B, 0xF8,
    0x3F, 0xD0, 0x0F, 0xF4, 0x3F, 0xC0, 0x0F, 0xF0, 0x7F, 0xC0, 0x2F, 0xF0, 0xBF, 0xC0, 0x3F, 0xF0,
    0xBF, 0xC0, 0xBF, 0xE0, 0xBF, 0xD2, 0xFF, 0xD0, 0x7F, 0xFF, 0xEF, 0xC0, 0x3F, 0xFF, 0x6F, 0xC0,
    0x0F, 0xFD, 0x2F, 0x80, 0x00, 0x40, 0x00, 0x00, 0x01, 0xFF, 0x00, 0xBF, 0xD0, 0x2F, 0xE0, 0x1F,
    0xF4, 0x03, 0xFE, 0x03, 0xFE, 0x00, 0x3F, 0xD0, 0xFF, 0xC0, 0x03, 0xFC, 0x3F, 0xF0, 0x00, 0x7F,
    0xCB, 0xFC, 0x00, 0x0B, 0xFF, 0xFF, 0x40, 0x00, 0xFF, 0xFF, 0xE0, 0x00, 0x0F, 0xFF, 0xFD, 0x00,
    0x01, 0xFF, 0xBF, 0xF0, 0x00, 0x1F, 0xF1, 0xFF, 0x00, 0x02, 0xFE, 0x0F, 0xF8, 0x00, 0x3F, 0xD0,
    0xBF, 0xC0, 0x03, 0xFC, 0x03, 0xFE, 0x00, 0x7F, 0xC0, 0x2F, 0xF0, 0x0B, 0xFC, 0x01, 0xFF, 0x40,
    0x00, 0x0B, 0xFF, 0xFF, 0xF0, 0x00, 0x3F, 0xFF, 0xFF, 0xC0, 0x01, 0xFF, 0xFF, 0xFF, 0x00, 0x0B,
    0xF9, 0x5F, 0xF8, 0x00, 0x3F, 0xD0, 0x3F, 0xD0, 0x00, 0xFF, 0x00, 0xFF, 0x00, 0x07, 0xFC, 0x07,
    0xFC, 0x00, 0x2F, 0xD0, 0x1F, 0xF0, 0x00, 0xFF, 0x00, 0xBF, 0x80, 0x03, 0xFC, 0x03, 0xFD, 0x00,
    0x1F, 0xE0, 0x0F, 0xF0, 0x00, 0xFF, 0x40, 0x7F, 0xC0, 0x5F, 0xFC, 0x02, 0xFE, 0x03, 0xFF, 0xE0,
    0x0F, 0xF8, 0x0F, 0xFF, 0x00, 0x3F, 0xD0, 0x3F, 0xE0, 0x00, 0xFF, 0x00, 0x00, 0x00, 0x00, 0x00,
    0x00, 0x01, 0xFF, 0xE0, 0x00, 0xFF, 0xF0, 0x0B, 0xFF, 0x80, 0x0B, 0xFF, 0xC0, 0x3F, 0xFF, 0x00,
    0x3F, 0xFE, 0x00, 0xFF, 0xFC, 0x02, 0xFF, 0xF4, 0x03, 0xFF, 0xF0, 0x0F, 0xFF, 0xC0, 0x1F, 0xEF,
    0xC0, 0xBF, 0xFF, 0x00, 0xBF, 0x7F, 0x03, 0xF7, 0xFC, 0x03, 0xFC, 0xFC, 0x2F, 0xDF, 0xE0, 0x0F,
    0xF3, 0xF1, 0xFD, 0xBF, 0x40, 0x7F, 0x8F, 0xCF, 0xE3, 0xFC, 0x01, 0xFD, 0x3F, 0xBF, 0x0F, 0xF0,
    0x0B, 0xF0, 0xFF, 0xF8, 0x3F, 0x80, 0x3F, 0xC3, 0xFF, 0xC1, 0xFE, 0x00, 0xFF, 0x0F, 0xFE, 0x0B,
    0xF4, 0x07, 0xF8, 0x3F, 0xF0, 0x3F, 0xC0, 0x2F, 0xD0, 0xFF, 0x80, 0xFF, 0x00, 0x01, 0xFF, 0x00,
    0xBF, 0x80, 0xBF, 0x80, 0x3F, 0xE0, 0x3F, 0xE0, 0x0F, 0xF4, 0x0F, 0xF4, 0x07, 0xFC, 0x07, 0xFC,
    0x01, 0xFF, 0x01, 0xFF, 0x00, 0xBF, 0x80, 0xBF, 0xFF, 0xFF, 0xD0, 0x3F, 0xFF, 0xFF, 0xF4, 0x0F,
    0xFF, 0xFF, 0xFC, 0x07, 0xFD, 0x57, 0xFF, 0x02, 0xFF, 0x00, 0xBF, 0x80, 0xFF, 0x80, 0x3F, 0xD0,
    0x3F, 0xD0, 0x0F, 0xF0, 0x0F, 0xF0, 0x07, 0xFC, 0x07, 0xFC, 0x02, 0xFF, 0x02, 0xFF, 0x00, 0xFF,
    0x80, 0x00, 0x00, 0x00, 0x00, 0x00, 0x0B, 0xFF, 0x80, 0x00, 0xBF, 0xFF, 0xF0, 0x02, 0xFF, 0xFF,
    0xF8, 0x07, 0xFF, 0x4B, 0xFC, 0x0F, 0xFC, 0x03, 0xFD, 0x0F, 0xF4, 0x03, 0xFE, 0x2F, 0xF0, 0x03,
    0xFE, 0x3F, 0xE0, 0x03, 0xFE, 0x3F, 0xE0, 0x03, 0xFD, 0x3F, 0xD0, 0x07, 0xFC, 0x3F, 0xD0, 0x0B,
    0xFC, 0x3F, 0xE0, 0x0F, 0xF4, 0x2F, 0xF4, 0x7F, 0xF0, 0x0F, 0xFF, 0xFF, 0xC0, 0x07, 0xFF, 0xFF,
    0x40, 0x01, 0xFF, 0xF8, 0x00, 0x00, 0x05, 0x00, 0x00, 0x00, 0x00, 0x00, 0x00, 0x01, 0xFC, 0x2F,
    0xF4, 0x02, 0xFC, 0xFF, 0xFD, 0x03, 0xFF, 0xFF, 0xFE, 0x03, 0xFF, 0xD7, 0xFF, 0x03, 0xFF, 0x01,
    0xFF, 0x07, 0xFD, 0x01, 0xFF, 0x0B, 0xFC, 0x02, 0xFE, 0x0F, 0xF8, 0x03, 0xFE, 0x0F, 0xF4, 0x03,
    0xFD, 0x1F, 0xF0, 0x03, 0xFC, 0x1F, 0xF0, 0x07, 0xFC, 0x2F, 0xE0, 0x0B, 0xF8, 0x3F, 0xD0, 0x0F,
    0xF4, 0x3F, 0xC0, 0x0F, 0xF4, 0x7F, 0xC0, 0x0F, 0xF0, 0xBF, 0x80, 0x1F, 0xF0, 0x00, 0x00, 0x00,
    0x00, 0x00, 0x03, 0xF0, 0xBF, 0xD0, 0x00, 0x7F, 0x3F, 0xFF, 0x40, 0x0B, 0xFF, 0xFF, 0xFC, 0x00,
    0xFF, 0xF5, 0xFF, 0xD0, 0x0F, 0xFC, 0x07, 0xFD, 0x01, 0xFF, 0x00, 0x3F, 0xD0, 0x1F, 0xF0, 0x03,
    0xFD, 0x02, 0xFE, 0x00, 0x3F, 0xD0, 0x3F, 0xD0, 0x07, 0xFC, 0x03, 0xFC, 0x00, 0xBF, 0xC0, 0x7F,
    0xC0, 0x0F, 0xF8, 0x0B, 0xFD, 0x02, 0xFF, 0x00, 0xBF, 0xF4, 0xBF, 0xE0, 0x0F, 0xFF, 0xFF, 0xFC,
    0x00, 0xFF, 0xBF, 0xFF, 0x00, 0x1F, 0xF2, 0xFF, 0x80, 0x02, 0xFE, 0x01, 0x40, 0x00, 0x3F, 0xD0,
    0x00, 0x00, 0x03, 0xFD, 0x00, 0x00, 0x00, 0x3F, 0xC0, 0x00, 0x00, 0x07, 0xFC, 0x00, 0x00, 0x00,
    0xBF, 0x80, 0x00, 0x00, 0x0F, 0xF4, 0x00, 0x00, 0x00, 0x00, 0x00, 0x00, 0x00, 0x01, 0xBF, 0xFD,
    0x00, 0xBF, 0xFF, 0xE0, 0x2F, 0xFF, 0xFD, 0x07, 0xFF, 0x56, 0xC0, 0xFF, 0xC0, 0x00, 0x1F, 0xF4,
    0x00, 0x02, 0xFF, 0x00, 0x00, 0x3F, 0xE0, 0x00, 0x03, 0xFD, 0x00, 0x00, 0x3F, 0xC0, 0x00, 0x03,
    0xFD, 0x00, 0x00, 0x3F, 0xE0, 0x00, 0x02, 0xFF, 0x41, 0xA0, 0x1F, 0xFF, 0xFE, 0x00, 0xBF, 0xFF,
    0xE0, 0x01, 0xFF, 0xF8, 0x00, 0x00, 0x50, 0x00, 0x00, 0x00, 0x00, 0x00, 0x00, 0x00, 0x00, 0x7F,
    0x0B, 0xFD, 0x02, 0xFF, 0x00, 0x2F, 0xCF, 0xFF, 0xC3, 0xFF, 0xF0, 0x0F, 0xFF, 0xFF, 0xFB, 0xFF,
    0xFD, 0x03, 0xFF, 0xD7, 0xFF, 0xF5, 0xFF, 0x80, 0xFF, 0xC0, 0xBF, 0xF0, 0x2F, 0xE0, 0x7F, 0xD0,
    0x2F, 0xF4, 0x0B, 0xF8, 0x2F, 0xF0, 0x0B, 0xFC, 0x03, 0xFD, 0x0F, 0xF8, 0x03, 0xFD, 0x00, 0xFF,
    0x43, 0xFD, 0x00, 0xFF, 0x00, 0x3F, 0xC1, 0xFF, 0x00, 0x7F, 0xC0, 0x1F, 0xF0, 0x7F, 0xC0, 0x2F,
    0xE0, 0x0B, 0xF8, 0x2F, 0xE0, 0x0B, 0xF8, 0x03, 0xFD, 0x0F, 0xF4, 0x03, 0xFD, 0x00, 0xFF, 0x43,
    0xFC, 0x00, 0xFF, 0x00, 0x3F, 0xC1, 0xFF, 0x00, 0x7F, 0xC0, 0x1F, 0xF0, 0xBF, 0x80, 0x2F, 0xE0,
    0x0B, 0xF8, 0x00, 0x01, 0xFF, 0x00, 0x0F, 0xF8, 0x03, 0xFC, 0x00, 0x7F, 0xC0, 0x0F, 0xF4, 0x03,
    0xFE, 0x00, 0x3F, 0xD0, 0x1F, 0xF0, 0x00, 0xBF, 0x40, 0xFF, 0x80, 0x02, 0xFE, 0x07, 0xFC, 0x00,
    0x07, 0xF8, 0x3F, 0xE0, 0x00, 0x1F, 0xF1, 0xFF, 0x00, 0x00, 0x3F, 0xCB, 0xF4, 0x00, 0x00, 0xFF,
    0x3F, 0xC0, 0x00, 0x03, 0xFE, 0xFD, 0x00, 0x00, 0x0B, 0xFF, 0xF0, 0x00, 0x00, 0x2F, 0xFF, 0x40,
    0x00, 0x00, 0x7F, 0xFC, 0x00, 0x00, 0x00, 0xFF, 0xD0, 0x00, 0x00, 0x03, 0xFE, 0x00, 0x00, 0x00,
    0x1F, 0xF0, 0x00, 0x00, 0x00, 0xFF, 0x80, 0x00, 0x00, 0x0B, 0xFC, 0x00, 0x00, 0x2A, 0xFF, 0xE0,
    0x00, 0x00, 0xFF, 0xFF, 0x00, 0x00, 0x03, 0xFF, 0xE0, 0x00, 0x00, 0x0B, 0xF9, 0x00, 0x00, 0x00,
    0x00, 0x00, 0x00, 0x00, 0x00, 0x00, 0x00, 0x00, 0x00, 0x7F, 0xC0, 0x00, 0x00, 0x00, 0x2F, 0xE0,
    0x00, 0x00, 0x00, 0x0F, 0xF4, 0x00, 0x00, 0x00, 0x03, 0xFC, 0x00, 0x00, 0x00, 0x00, 0xFF, 0x00,
    0x00, 0x00, 0x00, 0x7F, 0x80, 0x00, 0x00, 0x0B, 0xFF, 0xFE, 0x00, 0x00, 0x2F, 0xFF, 0xFF, 0xF4,
    0x00, 0x3F, 0xFF, 0xFF, 0xFF, 0x40, 0x3F, 0xF9, 0xFF, 0x7F, 0xF0, 0x2F, 0xF0, 0x7F, 0x87, 0xFD,
    0x0F, 0xF4, 0x2F, 0xD0, 0xFF, 0x8B, 0xFC, 0x0F, 0xF0, 0x2F, 0xE3, 0xFE, 0x03, 0xFC, 0x0B, 0xF8,
    0xFF, 0x41, 0xFF, 0x03, 0xFE, 0x3F, 0xD0, 0xBF, 0x80, 0xFF, 0x4F, 0xF4, 0x2F, 0xD0, 0xBF, 0xC2,
    0xFF, 0x0F, 0xF0, 0x7F, 0xD0, 0x7F, 0xE7, 0xFD, 0xBF, 0xF0, 0x0F, 0xFF, 0xFF, 0xFF, 0xF0, 0x00,
    0xFF, 0xFF, 0xFF, 0xE0, 0x00, 0x07, 0xFF, 0xFF, 0x80, 0x00, 0x00, 0x0F, 0xF4, 0x00, 0x00, 0x00,
    0x03, 0xFC, 0x00, 0x00, 0x00, 0x01, 0xFE, 0x00, 0x00, 0x00, 0x00, 0xBF, 0x80, 0x00, 0x00, 0x00,
    0x3F, 0xD0, 0x00, 0x00, 0x00, 0x0F, 0xF0, 0x00, 0x00, 0x00, 0x07, 0xFC, 0x00, 0x00, 0x00, 0x00,
    0xFF, 0x80, 0x2F, 0xF4, 0x02, 0xFF, 0x01, 0xFF, 0x80, 0x03, 0xFD, 0x0F, 0xF8, 0x00, 0x0B, 0xF8,
    0xBF, 0xC0, 0x00, 0x1F, 0xF7, 0xFC, 0x00, 0x00, 0x3F, 0xFF, 0xD0, 0x00, 0x00, 0xBF, 0xFD, 0x00,
    0x00, 0x00, 0xFF, 0xE0, 0x00, 0x00, 0x0B, 0xFF, 0x40, 0x00, 0x00, 0x7F, 0xFF, 0x00, 0x00, 0x03,
    0xFF, 0xFC, 0x00, 0x00, 0x3F, 0xEB, 0xF8, 0x00, 0x03, 0xFF, 0x1F, 0xF0, 0x00, 0x2F, 0xF0, 0x3F,
    0xD0, 0x01, 0xFF, 0x40, 0xBF, 0xC0, 0x1F, 0xF8, 0x01, 0xFF, 0x40, 0x07, 0xF8, 0x01, 0xFF, 0x0B,
    0xF8, 0x02, 0xFE, 0x0F, 0xF4, 0x03, 0xFD, 0x0F, 0xF0, 0x03, 0xFD, 0x1F, 0xF0, 0x03, 0xFC, 0x2F,
    0xF0, 0x07, 0xFC, 0x3F, 0xE0, 0x0B, 0xF8, 0x3F, 0xD0, 0x0F, 0xF4, 0x3F, 0xC0, 0x0F, 0xF0, 0x7F,
    0xC0, 0x2F, 0xF0, 0xBF, 0xC0, 0x3F, 0xF0, 0xBF, 0xC0, 0xBF, 0xE0, 0xBF, 0xD2, 0xFF, 0xF5, 0x7F,
    0xFF, 0xFF, 0xFE, 0x3F, 0xFF, 0x4F, 0xFD, 0x0F, 0xFD, 0x0B, 0xFC, 0x00, 0x40, 0x03, 0xFC, 0x00,
    0x00, 0x07, 0xF8, 0x00, 0x00, 0x0B, 0xF4, 0x00, 0x00, 0x0B, 0xF0, 0x3F, 0xD0, 0x0F, 0xF4, 0xFF,
    0x00, 0x3F, 0xC7, 0xFC, 0x01, 0xFF, 0x2F, 0xE0, 0x0B, 0xFC, 0xFF, 0x80, 0x3F, 0xE3, 0xFD, 0x00,
    0xFF, 0x4F, 0xF4, 0x0F, 0xFC, 0x3F, 0xF5, 0xFF, 0xF0, 0xBF, 0xFF, 0xFF, 0xC1, 0xFF, 0xFF, 0xFE,
    0x01, 0xFF, 0x8F, 0xF4, 0x00, 0x00, 0x3F, 0xC0, 0x00, 0x01, 0xFF, 0x00, 0x00, 0x0B, 0xF8, 0x00,
    0x00, 0x3F, 0xD0, 0x00, 0x00, 0xFF, 0x40, 0x07, 0xF8, 0x02, 0xFE, 0x00, 0xBF, 0x82, 0xFE, 0x00,
    0xFF, 0x80, 0x3F, 0xD0, 0xFF, 0x40, 0x3F, 0xD0, 0x0F, 0xF4, 0x3F, 0xC0, 0x0F, 0xF0, 0x07, 0xFC,
    0x1F, 0xF0, 0x07, 0xFC, 0x01, 0xFF, 0x0B, 0xF8, 0x02, 0xFE, 0x00, 0xBF, 0x83, 0xFE, 0x00, 0xFF,
    0x40, 0x3F, 0xD0, 0xFF, 0x40, 0x3F, 0xC0, 0x0F, 0xF0, 0x3F, 0xC0, 0x1F, 0xF0, 0x07, 0xFC, 0x1F,
    0xF0, 0x0B, 0xFC, 0x03, 0xFF, 0x0B, 0xFC, 0x03, 0xFE, 0x00, 0xFF, 0x82, 0xFE, 0x02, 0xFF, 0x80,
    0xFF, 0xD0, 0xBF, 0xD6, 0xFF, 0xF5, 0xFF, 0xF0, 0x1F, 0xFF, 0xF7, 0xFF, 0xFE, 0xFC, 0x03, 0xFF,
    0xF4, 0xFF, 0xFC, 0xBE, 0x00, 0x3F, 0xF4, 0x0F, 0xFC, 0x3F, 0x40, 0x00, 0x40, 0x00, 0x10, 0x00,
    0x00, 0x00, 0x07, 0xF8, 0x02, 0xFE, 0x00, 0xBF, 0x82, 0xFE, 0x00, 0xFF, 0x80, 0x3F, 0xD0, 0xFF,
    0x40, 0x3F, 0xD0, 0x0F, 0xF4, 0x3F, 0xC0, 0x0F, 0xF0, 0x07, 0xFC, 0x1F, 0xF0, 0x07, 0xFC, 0x01,
    0xFF, 0x0B, 0xF8, 0x02, 0xFE, 0x00, 0xBF, 0x83, 0xFE, 0x00, 0xFF, 0x40, 0x3F, 0xD0, 0xFF, 0x40,
    0x3F, 0xC0, 0x0F, 0xF0, 0x3F, 0xC0, 0x1F, 0xF0, 0x07, 0xFC, 0x1F, 0xF0, 0x0B, 0xFC, 0x03, 0xFF,
    0x0B, 0xFC, 0x03, 0xFE, 0x00, 0xFF, 0x82, 0xFE, 0x02, 0xFF, 0x80, 0xFF, 0xD0, 0xBF, 0xD6, 0xFF,
    0xF5, 0xFF, 0xFD, 0x1F, 0xFF, 0xF7, 0xFF, 0xFF, 0xFF, 0xD3, 0xFF, 0xF4, 0xFF, 0xFC, 0x7F, 0xF0,
    0x3F, 0xF4, 0x0F, 0xFC, 0x0B, 0xFC, 0x00, 0x40, 0x00, 0x10, 0x01, 0xFE, 0x00, 0x00, 0x00, 0x00,
    0x00, 0xBF, 0x40, 0x00, 0x00, 0x00, 0x00, 0x3F, 0xD0, 0x00, 0x00, 0x00, 0x00, 0x0F, 0xF0, 0x3F,
    0xFF, 0xC0, 0x00, 0x1F, 0xFF, 0xF0, 0x00, 0x0B, 0xFF, 0xF8, 0x00, 0x01, 0x57, 0xFD, 0x00, 0x00,
    0x00, 0xFF, 0x00, 0x00, 0x00, 0x7F, 0xD5, 0x40, 0x00, 0x2F, 0xFF, 0xFF, 0x40, 0x0F, 0xFF, 0xFF,
    0xF4, 0x03, 0xFF, 0xAF, 0xFF, 0x00, 0xFF, 0x00, 0xBF, 0xC0, 0x7F, 0xC0, 0x0F, 0xF0, 0x1F, 0xF0,
    0x07, 0xFC, 0x07, 0xFC, 0x03, 0xFE, 0x00, 0xFF, 0xFF, 0xFF, 0x00, 0x1F, 0xFF, 0xFF, 0x40, 0x01,
    0xFF, 0xFE, 0x00, 0x00, 0x01, 0x50, 0x00, 0x00, 0x01, 0xFF, 0x00, 0x00, 0x07, 0xFC, 0x0B, 0xF8,
    0x00, 0x00, 0x2F, 0xE0, 0x3F, 0xD0, 0x00, 0x00, 0xFF, 0x40, 0xFF, 0x00, 0x00, 0x03, 0xFD, 0x07,
    0xFC, 0x00, 0x00, 0x0F, 0xF0, 0x2F, 0xF5, 0x50, 0x00, 0x7F, 0xC0, 0xFF, 0xFF, 0xF8, 0x02, 0xFE,
    0x03, 0xFF, 0xFF, 0xFC, 0x0F, 0xF4, 0x0F, 0xFE, 0xBF, 0xF4, 0x3F, 0xC0, 0x7F, 0xC0, 0x3F, 0xD1,
    0xFF, 0x02, 0xFF, 0x00, 0xFF, 0x4B, 0xFC, 0x0B, 0xF8, 0x03, 0xFD, 0x2F, 0xE0, 0x1F, 0xF0, 0x2F,
    0xF0, 0xFF, 0x40, 0x3F, 0xFB, 0xFF, 0x43, 0xFC, 0x00, 0xBF, 0xFF, 0xF8, 0x1F, 0xF0, 0x00, 0x7F,
    0xFF, 0x40, 0xBF, 0x80, 0x00, 0x05, 0x00, 0x00, 0x00, 0x00, 0x01, 0xFF, 0x00, 0x00, 0x02, 0xFE,
    0x00, 0x00, 0x03, 0xFD, 0x00, 0x00, 0x03, 0xFD, 0x00, 0x00, 0x07, 0xFC, 0x00, 0x00, 0x0B, 0xFD,
    0x54, 0x00, 0x0F, 0xFF, 0xFF, 0xC0, 0x0F, 0xFF, 0xFF, 0xF0, 0x0F, 0xFE, 0xBF, 0xF8, 0x1F, 0xF0,
    0x0B, 0xFC, 0x2F, 0xF0, 0x07, 0xFC, 0x2F, 0xE0, 0x0B, 0xFC, 0x1F, 0xF0, 0x0F, 0xF4, 0x0F, 0xFF,
    0xFF, 0xF0, 0x0B, 0xFF, 0xFF, 0xC0, 0x01, 0xFF, 0xFE, 0x00, 0x00, 0x05, 0x00, 0x00, 0x00, 0x00,
    0x00, 0x01, 0xBF, 0xF8, 0x00, 0xBF, 0xFF, 0xC0, 0x1F, 0xFF, 0xFC, 0x02, 0x42, 0xFF, 0x40, 0x00,
    0x3F, 0xE0, 0x00, 0x0B, 0xFC, 0x02, 0xAB, 0xFF, 0x02, 0xFF, 0xFF, 0xC0, 0xFF, 0xFF, 0xE0, 0x15,
    0x5F, 0xF4, 0x00, 0x07, 0xFC, 0x00, 0x03, 0xFF, 0x19, 0x07, 0xFF, 0x47, 0xFF, 0xFF, 0x81, 0xFF,
    0xFF, 0x80, 0x3F, 0xFF, 0x40, 0x00, 0x10, 0x00, 0x00, 0x00, 0x00, 0x00, 0x00, 0x00, 0x00, 0x07,
    0xFC, 0x00, 0xBF, 0xF8, 0x00, 0x2F, 0xF0, 0x1F, 0xFF, 0xFC, 0x00, 0xFF, 0x80, 0xFF, 0xFF, 0xF8,
    0x03, 0xFD, 0x0F, 0xFD, 0x2F, 0xF0, 0x0F, 0xF0, 0x7F, 0xC0, 0x3F, 0xD0, 0x7F, 0xC2, 0xFE, 0x00,
    0xBF, 0x82, 0xFF, 0xFF, 0xF4, 0x02, 0xFE, 0x0F, 0xFF, 0xFF, 0xC0, 0x0F, 0xF8, 0x3F, 0xFF, 0xFF,
    0x00, 0x3F, 0xD1, 0xFF, 0xAB, 0xFC, 0x00, 0xFF, 0x07, 0xFC, 0x1F, 0xF0, 0x0B, 0xFC, 0x2F, 0xE0,
    0x7F, 0xC0, 0x3F, 0xD0, 0xFF, 0x40, 0xFF, 0x83, 0xFF, 0x03, 0xFC, 0x02, 0xFF, 0xFF, 0xF4, 0x1F,
    0xF0, 0x03, 0xFF, 0xFF, 0x40, 0xBF, 0xC0, 0x02, 0xFF, 0xE0, 0x00, 0x00, 0x00, 0x00, 0x10, 0x00,
    0x00, 0x00, 0x01, 0xBF, 0xFF, 0xE0, 0x01, 0xFF, 0xFF, 0xFD, 0x00, 0x3F, 0xFF, 0xFF, 0xC0, 0x0B,
    0xFD, 0x07, 0xFC, 0x00, 0xFF, 0x40, 0xBF, 0xC0, 0x0F, 0xF4, 0x0B, 0xF8, 0x00, 0xFF, 0x80, 0xFF,
    0x40, 0x0B, 0xFF, 0xFF, 0xF0, 0x00, 0x2F, 0xFF, 0xFF, 0x00, 0x01, 0xFF, 0xFF, 0xF0, 0x00, 0x3F,
    0xE3, 0xFE, 0x00, 0x0F, 0xFC, 0x3F, 0xD0, 0x02, 0xFF, 0x03, 0xFC, 0x00, 0x7F, 0xD0, 0x7F, 0xC0,
    0x0F, 0xF8, 0x0B, 0xF8, 0x03, 0xFF, 0x00, 0xFF, 0x40, 0x00, 0x05, 0x50, 0x00, 0x00, 0x07, 0xFC,
    0x00, 0x00, 0x02, 0xFD, 0x00, 0x00, 0x00, 0xFE, 0x00, 0x00, 0x00, 0x3F, 0x00, 0x00, 0x00, 0x05,
    0x00, 0x00, 0x00, 0x00, 0x00, 0x00, 0x0B, 0xFF, 0x80, 0x00, 0x7F, 0xFF, 0xF0, 0x01, 0xFF, 0xFF,
    0xF8, 0x03, 0xFE, 0x07, 0xFC, 0x0B, 0xFC, 0x07, 0xFC, 0x0F, 0xF4, 0x0B, 0xF8, 0x2F, 0xF5, 0xBF,
    0xF4, 0x3F, 0xFF, 0xFF, 0xD0, 0x3F, 0xFF, 0xFF, 0x40, 0x3F, 0xFA, 0x90, 0x00, 0x3F, 0xD0, 0x00,
    0x00, 0x3F, 0xE0, 0x00, 0x00, 0x2F, 0xF4, 0x07, 0x80, 0x0F, 0xFF, 0xFF, 0x80, 0x0B, 0xFF, 0xFF,
    0x80, 0x01, 0xFF, 0xFD, 0x00, 0x00, 0x05, 0x00, 0x00, 0x00, 0x0B, 0x81, 0xE0, 0x00, 0x1F, 0xD3,
    0xF8, 0x00, 0x2F, 0xD3, 0xF8, 0x00, 0x0F, 0xC3, 0xF0, 0x00, 0x00, 0x00, 0x00, 0x00, 0x00, 0x00,
    0x00, 0x00, 0x0B, 0xFF, 0x80, 0x00, 0x7F, 0xFF, 0xF0, 0x01, 0xFF, 0xFF, 0xF8, 0x03, 0xFE, 0x07,
    0xFC, 0x0B, 0xFC, 0x07, 0xFC, 0x0F, 0xF4, 0x0B, 0xF8, 0x2F, 0xF5, 0xBF, 0xF4, 0x3F, 0xFF, 0xFF,
    0xD0, 0x3F, 0xFF, 0xFF, 0x40, 0x3F, 0xFA, 0x90, 0x00, 0x3F, 0xD0, 0x00, 0x00, 0x3F, 0xE0, 0x00,
    0x00, 0x2F, 0xF4, 0x07, 0x80, 0x0F, 0xFF, 0xFF, 0x80, 0x0B, 0xFF, 0xFF, 0x80, 0x01, 0xFF, 0xFD,
    0x00, 0x00, 0x05, 0x00, 0x00, 0x00, 0x00, 0x00, 0x00, 0x00, 0x3F, 0xD0, 0x00, 0x00, 0x3F, 0xC0,
    0x00, 0x0B, 0xFF, 0xFF, 0xC0, 0x0F, 0xFF, 0xFF, 0xC0, 0x0F, 0xFF, 0xFF, 0x80, 0x00, 0xFF, 0x40,
    0x00, 0x01, 0xFF, 0x01, 0x40, 0x02, 0xFF, 0x3F, 0xF4, 0x02, 0xFE, 0xFF, 0xFD, 0x03, 0xFF, 0xFF,
    0xFE, 0x03, 0xFF, 0xC3, 0xFF, 0x07, 0xFF, 0x01, 0xFF, 0x0B, 0xFD, 0x02, 0xFF, 0x0F, 0xFC, 0x02,
    0xFE, 0x0F, 0xF4, 0x03, 0xFD, 0x0F, 0xF0, 0x03, 0xFC, 0x1F, 0xF0, 0x07, 0xFC, 0x2F, 0xE0, 0x0B,
    0xFC, 0x3F, 0xD0, 0x0B, 0xF8, 0x3F, 0xD0, 0x0F, 0xF4, 0x3F, 0xC0, 0x0F, 0xF0, 0x7F, 0xC0, 0x1F,
    0xF0, 0x00, 0x00, 0x2F, 0xE0, 0x00, 0x00, 0x3F, 0xE0, 0x00, 0x00, 0x7F, 0xD0, 0x00, 0x2A, 0xFF,
    0xC0, 0x00, 0x3F, 0xFF, 0x40, 0x00, 0x3F, 0xFE, 0x00, 0x00, 0x2F, 0xF4, 0x00, 0x00, 0x00, 0x01,
    0x54, 0x00, 0x00, 0x0F, 0xFC, 0x00, 0x00, 0x2F, 0xE0, 0x00, 0x00, 0x7F, 0x80, 0x00, 0x00, 0xFD,
    0x00, 0x00, 0x00, 0x50, 0x00, 0x00, 0x00, 0x00, 0x00, 0x00, 0x7F, 0xFF, 0x40, 0x02, 0xFF, 0xFF,
    0xD0, 0x00, 0xFF, 0xFF, 0xF0, 0x00, 0xE0, 0x2F, 0xF0, 0x00, 0x00, 0x1F, 0xF0, 0x00, 0x00, 0x7F,
    0xF0, 0x00, 0x0B, 0xFF, 0xD0, 0x00, 0xFF, 0xFF, 0x80, 0x07, 0xFF, 0xFD, 0x00, 0x0F, 0xFF, 0x80,
    0x00, 0x2F, 0xF4, 0x00, 0x00, 0x3F, 0xE0, 0x00, 0x00, 0x3F, 0xF0, 0x07, 0x00, 0x2F, 0xFF, 0xFF,
    0x00, 0x0F, 0xFF, 0xFF, 0x00, 0x02, 0xFF, 0xFD, 0x00, 0x00, 0x05, 0x00, 0x00, 0x00, 0x00, 0x00,
    0x00, 0x00, 0xBF, 0xFD, 0x00, 0xBF, 0xFF, 0xE0, 0x2F, 0xFF, 0xFD, 0x07, 0xFF, 0x56, 0xC0, 0xFF,
    0xC0, 0x00, 0x1F, 0xF4, 0x00, 0x02, 0xFF, 0x55, 0x40, 0x3F, 0xFF, 0xFC, 0x03, 0xFF, 0xFF, 0x80,
    0x3F, 0xE5, 0x50, 0x03, 0xFD, 0x00, 0x00, 0x3F, 0xE0, 0x00, 0x03, 0xFF, 0x41, 0xE0, 0x1F, 0xFF,
    0xFE, 0x00, 0xFF, 0xFF, 0xE0, 0x02, 0xFF, 0xF8, 0x00, 0x00, 0x50, 0x00, 0x00, 0x00, 0x00, 0x00,
    0x0B, 0xFF, 0xE0, 0x03, 0xFF, 0xFF, 0xC0, 0xFF, 0xFF, 0xF4, 0x0F, 0xF4, 0x0B, 0x01, 0xFF, 0x00,
    0x00, 0x0F, 0xFC, 0x00, 0x00, 0xFF, 0xF8, 0x00, 0x03, 0xFF, 0xF0, 0x00, 0x0F, 0xFF, 0xC0, 0x00,
    0x1F, 0xFD, 0x00, 0x00, 0x3F, 0xE0, 0x00, 0x03, 0xFE, 0x0E, 0x40, 0x7F, 0xD0, 0xFF, 0xFF, 0xFC,
    0x0F, 0xFF, 0xFF, 0x40, 0xBF, 0xFF, 0x80, 0x00, 0x05, 0x00, 0x00, 0x00, 0x00, 0x00, 0x03, 0xFC,
    0x00, 0x7F, 0xC0, 0x0B, 0xFC, 0x00, 0x3F, 0x40, 0x00, 0x00, 0x00, 0x00, 0x00, 0x1F, 0xF0, 0x02,
    0xFF, 0x00, 0x3F, 0xE0, 0x03, 0xFD, 0x00, 0x3F, 0xC0, 0x07, 0xFC, 0x00, 0xBF, 0x80, 0x0F, 0xF8,
    0x00, 0xFF, 0x40, 0x1F, 0xF0, 0x01, 0xFF, 0x00, 0x2F, 0xE0, 0x03, 0xFD, 0x00, 0x3F, 0xD0, 0x07,
    0xFC, 0x00, 0xBF, 0xC0, 0x00, 0x00, 0x00, 0x00, 0x07, 0xC7, 0xD0, 0x3F, 0x7F, 0x80, 0xFD, 0xFD,
    0x03, 0xE2, 0xF0, 0x00, 0x00, 0x00, 0x00, 0x00, 0x00, 0x7F, 0xC0, 0x02, 0xFE, 0x00, 0x0F, 0xF8,
    0x00, 0x3F, 0xD0, 0x01, 0xFF, 0x00, 0x07, 0xFC, 0x00, 0x2F, 0xE0, 0x00, 0xFF, 0x40, 0x03, 0xFD,
    0x00, 0x1F, 0xF0, 0x00, 0xBF, 0xC0, 0x03, 0xFE, 0x00, 0x0F, 0xF4, 0x00, 0x3F, 0xC0, 0x01, 0xFF,
    0x00, 0x0B, 0xFC, 0x00, 0x00, 0x00, 0x00, 0x00, 0x00, 0x00, 0x03, 0xFC, 0x00, 0x00, 0x7F, 0xC0,
    0x00, 0x0B, 0xFC, 0x00, 0x00, 0x3F, 0x40, 0x00, 0x00, 0x00, 0x00, 0x00, 0x00, 0x00, 0x00, 0x1F,
    0xF0, 0x00, 0x02, 0xFF, 0x00, 0x00, 0x3F, 0xE0, 0x00, 0x03, 0xFD, 0x00, 0x00, 0x3F, 0xC0, 0x00,
    0x07, 0xFC, 0x00, 0x00, 0xBF, 0xC0, 0x00, 0x0F, 0xF8, 0x00, 0x00, 0xFF, 0x40, 0x00, 0x1F, 0xF0,
    0x00, 0x01, 0xFF, 0x00, 0x00, 0x2F, 0xE0, 0x00, 0x03, 0xFD, 0x00, 0x00, 0x3F, 0xD0, 0x00, 0x07,
    0xFC, 0x00, 0x00, 0xBF, 0xC0, 0x00, 0x0B, 0xF8, 0x00, 0x00, 0xFF, 0x40, 0x00, 0x1F, 0xF0, 0x00,
    0xAB, 0xFF, 0x00, 0x0F, 0xFF, 0xD0, 0x00, 0xFF, 0xF8, 0x00, 0x0B, 0xF9, 0x00, 0x00, 0x00, 0x0B,
    0xFF, 0xFF, 0xF0, 0x00, 0x00, 0x00, 0xFF, 0xFF, 0xFE, 0x00, 0x00, 0x00, 0x0F, 0xFF, 0xFF, 0xD0,
    0x00, 0x00, 0x01, 0xFE, 0x57, 0xFC, 0x00, 0x00, 0x00, 0x3F, 0xD0, 0x7F, 0xC0, 0x00, 0x00, 0x03,
    0xFC, 0x07, 0xFD, 0x54, 0x00, 0x00, 0x7F, 0xC0, 0xBF, 0xFF, 0xFC, 0x00, 0x0B, 0xF8, 0x0F, 0xFF,
    0xFF, 0xF0, 0x00, 0xFF, 0x00, 0xFF, 0xEB, 0xFF, 0x80, 0x0F, 0xF0, 0x1F, 0xF0, 0x0B, 0xFC, 0x01,
    0xFE, 0x01, 0xFF, 0x00, 0x7F, 0xC0, 0x3F, 0xD0, 0x1F, 0xE0, 0x0B, 0xF8, 0x5B, 0xFC, 0x01, 0xFF,
    0x00, 0xFF, 0x4F, 0xFF, 0x80, 0x0F, 0xFE, 0xFF, 0xF0, 0xFF, 0xF0, 0x00, 0xBF, 0xFF, 0xFC, 0x0F,
    0xF8, 0x00, 0x01, 0xFF, 0xFD, 0x00, 0x14, 0x00, 0x00, 0x00, 0x50, 0x00, 0x00, 0x01, 0xFF, 0x00,
    0xFF, 0x40, 0x00, 0x02, 0xFF, 0x00, 0xFF, 0x40, 0x00, 0x03, 0xFE, 0x01, 0xFF, 0x00, 0x00, 0x03,
    0xFD, 0x02, 0xFF, 0x00, 0x00, 0x07, 0xFC, 0x02, 0xFE, 0x00, 0x00, 0x07, 0xFD, 0x57, 0xFE, 0x00,
    0x00, 0x0B, 0xFF, 0xFF, 0xFF, 0xFF, 0x80, 0x0F, 0xFF, 0xFF, 0xFF, 0xFF, 0xF4, 0x0F, 0xFF, 0xFF,
    0xFF, 0xFF, 0xFC, 0x1F, 0xF0, 0x0F, 0xF8, 0x0B, 0xFC, 0x2F, 0xF0, 0x0F, 0xF4, 0x03, 0xFC, 0x3F,
    0xE0, 0x0F, 0xF4, 0x07, 0xFC, 0x3F, 0xD0, 0x0F, 0xF8, 0x0F, 0xFC, 0x3F, 0xC0, 0x0B, 0xFF, 0xFF,
    0xF4, 0x7F, 0xC0, 0x03, 0xFF, 0xFF, 0xD0, 0xBF, 0xC0, 0x00, 0xBF, 0xFE, 0x40, 0x00, 0x00, 0x00,
    0x01, 0x40, 0x00, 0x00, 0x00, 0x00, 0x00, 0x00, 0x3F, 0xD0, 0x00, 0x00, 0x3F, 0xC0, 0x00, 0x0B,
    0xFF, 0xFF, 0xC0, 0x0F, 0xFF, 0xFF, 0xC0, 0x0F, 0xFF, 0xFF, 0x80, 0x00, 0xFF, 0x00, 0x00, 0x01,
    0xFF, 0x01, 0x40, 0x01, 0xFE, 0x3F, 0xF4, 0x02, 0xFE, 0xFF, 0xFD, 0x03, 0xFF, 0xFF, 0xFE, 0x03,
    0xFF, 0xC3, 0xFF, 0x07, 0xFF, 0x01, 0xFF, 0x0B, 0xFC, 0x02, 0xFF, 0x0F, 0xFC, 0x02, 0xFE, 0x0F,
    0xF4, 0x03, 0xFD, 0x0F, 0xF0, 0x03, 0xFC, 0x1F, 0xF0, 0x07, 0xFC, 0x2F, 0xE0, 0x0B, 0xFC, 0x3F,
    0xD0, 0x0B, 0xF8, 0x3F, 0xD0, 0x0F, 0xF4, 0x3F, 0xC0, 0x0F, 0xF0, 0x7F, 0xC0, 0x1F, 0xF0, 0x00,
    0x00, 0x00, 0x55, 0x00, 0x00, 0x00, 0x2F, 0xF0, 0x00, 0x00, 0x07, 0xFC, 0x00, 0x00, 0x00, 0xFE,
    0x00, 0x00, 0x00, 0x3F, 0x80, 0x00, 0x00, 0x01, 0x50, 0x00, 0x00, 0x00, 0x00, 0x00, 0x00, 0x1F,
    0xF0, 0x0B, 0xFD, 0x02, 0xFE, 0x01, 0xFF, 0x40, 0x3F, 0xE0, 0x3F, 0xE0, 0x03, 0xFD, 0x0F, 0xFC,
    0x00, 0x3F, 0xC3, 0xFF, 0x00, 0x07, 0xFC, 0xBF, 0xC0, 0x00, 0xBF, 0xFF, 0xF4, 0x00, 0x0F, 0xFF,
    0xFE, 0x00, 0x00, 0xFF, 0xFF, 0xD0, 0x00, 0x1F, 0xFB, 0xFF, 0x00, 0x01, 0xFF, 0x1F, 0xF0, 0x00,
    0x2F, 0xE0, 0xFF, 0x80, 0x03, 0xFD, 0x0B, 0xFC, 0x00, 0x3F, 0xC0, 0x3F, 0xE0, 0x07, 0xFC, 0x02,
    0xFF, 0x00, 0xBF, 0xC0, 0x1F, 0xF4, 0x00, 0x00, 0x05, 0x50, 0x00, 0x00, 0x0B, 0xF8, 0x00, 0x00,
    0x03, 0xFC, 0x00, 0x00, 0x00, 0xFD, 0x00, 0x00, 0x00, 0x7F, 0x00, 0x00, 0x00, 0x15, 0x00, 0x00,
    0x00, 0x00, 0x00, 0x07, 0xF8, 0x01, 0xFF, 0x0B, 0xF8, 0x02, 0xFE, 0x0F, 0xF4, 0x03, 0xFD, 0x0F,
    0xF0, 0x03, 0xFD, 0x1F, 0xF0, 0x03, 0xFC, 0x2F, 0xF0, 0x07, 0xFC, 0x3F, 0xE0, 0x0B, 0xF8, 0x3F,
    0xD0, 0x0F, 0xF4, 0x3F, 0xC0, 0x0F, 0xF0, 0x7F, 0xC0, 0x2F, 0xF0, 0xBF, 0xC0, 0x3F, 0xF0, 0xBF,
    0xC0, 0xBF, 0xE0, 0xBF, 0xD2, 0xFF, 0xD0, 0x7F, 0xFF, 0xEF, 0xC0, 0x3F, 0xFF, 0x6F, 0xC0, 0x0F,
    0xFD, 0x2F, 0x80, 0x00, 0x40, 0x00, 0x00, 0x00, 0x01, 0x50, 0x05, 0x50, 0x00, 0x1F, 0xC0, 0x3F,
    0x40, 0x00, 0x3F, 0x83, 0xFC, 0x00, 0x00, 0xFF, 0xFF, 0xD0, 0x00, 0x00, 0xBF, 0xFC, 0x00, 0x00,
    0x00, 0x15, 0x00, 0x00, 0x00, 0x00, 0x00, 0x00, 0x00, 0x7F, 0xC0, 0x03, 0xFE, 0x00, 0xFF, 0x00,
    0x1F, 0xF0, 0x03, 0xFD, 0x00, 0xFF, 0x80, 0x0F, 0xF4, 0x07, 0xFC, 0x00, 0x2F, 0xD0, 0x3F, 0xE0,
    0x00, 0xBF, 0x81, 0xFF, 0x00, 0x01, 0xFE, 0x0F, 0xF8, 0x00, 0x07, 0xFC, 0x7F, 0xC0, 0x00, 0x0F,
    0xF2, 0xFD, 0x00, 0x00, 0x3F, 0xCF, 0xF0, 0x00, 0x00, 0xFF, 0xBF, 0x40, 0x00, 0x02, 0xFF, 0xFC,
    0x00, 0x00, 0x0B, 0xFF, 0xD0, 0x00, 0x00, 0x1F, 0xFF, 0x00, 0x00, 0x00, 0x3F, 0xF4, 0x00, 0x00,
    0x00, 0xFF, 0x80, 0x00, 0x00, 0x07, 0xFC, 0x00, 0x00, 0x00, 0x3F, 0xE0, 0x00, 0x00, 0x02, 0xFF,
    0x00, 0x00, 0x0A, 0xBF, 0xF8, 0x00, 0x00, 0x3F, 0xFF, 0xC0, 0x00, 0x00, 0xFF, 0xF8, 0x00, 0x00,
    0x02, 0xFE, 0x40, 0x00, 0x00, 0x00, 0x07, 0xF8, 0x01, 0xFF, 0x0B, 0xF8, 0x02, 0xFE, 0x0F, 0xF4,
    0x03, 0xFD, 0x0F, 0xF0, 0x03, 0xFD, 0x1F, 0xF0, 0x03, 0xFC, 0x2F, 0xF0, 0x07, 0xFC, 0x3F, 0xE0,
    0x0B, 0xF8, 0x3F, 0xD0, 0x0F, 0xF4, 0x3F, 0xC0, 0x0F, 0xF0, 0x7F, 0xC0, 0x2F, 0xF0, 0xBF, 0xC0,
    0x3F, 0xF0, 0xBF, 0xC0, 0xBF, 0xE0, 0xBF, 0xD2, 0xFF, 0xD0, 0x7F, 0xFF, 0xEF, 0xC0, 0x3F, 0xFF,
    0x6F, 0xC0, 0x0F, 0xFD, 0x2F, 0x80, 0x00, 0x41, 0x00, 0x00, 0x00, 0x2F, 0x00, 0x00, 0x00, 0xFF,
    0x00, 0x00, 0x01, 0xFE, 0x00, 0x00, 0x02, 0xFD, 0x00, 0x00, 0x02, 0xFC, 0x00, 0x00, 0x2F, 0xE0,
    0x02, 0xFD, 0x00, 0x1F, 0xF0, 0xFF, 0x80, 0x0F, 0xF4, 0x00, 0xBF, 0xC3, 0xFD, 0x00, 0x3F, 0xC0,
    0x03, 0xFE, 0x1F, 0xF4, 0x01, 0xFF, 0x00, 0x0F, 0xF0, 0x7F, 0xC0, 0x07, 0xFC, 0x00, 0x7F, 0xC1,
    0xFF, 0x00, 0x2F, 0xF0, 0x02, 0xFE, 0x07, 0xFC, 0x00, 0xFF, 0xC0, 0x0F, 0xF4, 0x1F, 0xF0, 0x07,
    0xFE, 0x00, 0x7F, 0xC0, 0x7F, 0xC0, 0x3F, 0xF8, 0x03, 0xFE, 0x01, 0xFF, 0x01, 0xFF, 0xE0, 0x0F,
    0xF0, 0x07, 0xFC, 0x0F, 0xFF, 0x80, 0xBF, 0xC0, 0x1F, 0xF0, 0x7F, 0xFE, 0x03, 0xFD, 0x00, 0x7F,
    0xC3, 0xFF, 0xFC, 0x2F, 0xF0, 0x00, 0xFF, 0x5F, 0xEF, 0xF0, 0xFF, 0x40, 0x03, 0xFD, 0xFF, 0x3F,
    0xCB, 0xFC, 0x00, 0x0F, 0xFF, 0xF4, 0xFF, 0x7F, 0xD0, 0x00, 0x2F, 0xFF, 0xC3, 0xFF, 0xFE, 0x00,
    0x00, 0x7F, 0xFD, 0x0B, 0xFF, 0xF0, 0x00, 0x00, 0xFF, 0xF0, 0x2F, 0xFF, 0x40, 0x00, 0x03, 0xFF,
    0x80, 0x7F, 0xF8, 0x00, 0x00, 0x0B, 0xFC, 0x00, 0xFF, 0xC0, 0x00, 0x00, 0x2F, 0xE0, 0x0F, 0xF4,
    0x02, 0xFD, 0x3F, 0xD0, 0x0F, 0xF0, 0x03, 0xFD, 0x3F, 0xD0, 0x0F, 0xF0, 0x07, 0xFC, 0x3F, 0xC0,
    0x1F, 0xF0, 0x0B, 0xF8, 0x3F, 0xC0, 0x1F, 0xF0, 0x0F, 0xF0, 0x3F, 0xC0, 0x2F, 0xF0, 0x1F, 0xF0,
    0x3F, 0xC0, 0x7F, 0xF0, 0x3F, 0xD0, 0x3F, 0xC0, 0xFF, 0xF0, 0x7F, 0xC0, 0x3F, 0xC2, 0xFF, 0xF0,
    0xFF, 0x40, 0x2F, 0xD3, 0xFF, 0xF1, 0xFF, 0x00, 0x2F, 0xEB, 0xFB, 0xF3, 0xFC, 0x00, 0x1F, 0xFF,
    0xCB, 0xFF, 0xF8, 0x00, 0x0F, 0xFF, 0x87, 0xFF, 0xF0, 0x00, 0x0F, 0xFF, 0x03, 0xFF, 0xD0, 0x00,
    0x0B, 0xFD, 0x03, 0xFF, 0x80, 0x00, 0x07, 0xFC, 0x01, 0xFF, 0x00, 0x00, 0x00, 0x2F, 0xD0, 0x00,
    0x00, 0x3F, 0xD0, 0x00, 0x00, 0x7F, 0xC0, 0x00, 0x2F, 0xFF, 0xFF, 0xF0, 0x3F, 0xFF, 0xFF, 0xF0,
    0x3F, 0xFF, 0xFF, 0xE0, 0x01, 0xFF, 0x40, 0x00, 0x01, 0xFF, 0x00, 0x00, 0x02, 0xFF, 0xFA, 0x00,
    0x02, 0xFF, 0xFF, 0xE0, 0x03, 0xFF, 0xFF, 0xFC, 0x03, 0xFF, 0xFF, 0xFD, 0x07, 0xFC, 0x07, 0xFE,
    0x0B, 0xF8, 0x02, 0xFF, 0x0F, 0xF8, 0x02, 0xFF, 0x0F, 0xF4, 0x03, 0xFE, 0x0F, 0xF0, 0x0B, 0xFD,
    0x1F, 0xFA, 0xBF, 0xFC, 0x2F, 0xFF, 0xFF, 0xF4, 0x3F, 0xFF, 0xFF, 0xC0, 0x3F, 0xFF, 0xF9, 0x00,
    0x00, 0x00, 0x00, 0x00, 0x00, 0x00, 0x00, 0xFC, 0x2F, 0xF4, 0x00, 0x00, 0x01, 0xFC, 0xBF, 0xFD,
    0x00, 0x00, 0x02, 0xFE, 0xFF, 0xFF, 0x00, 0x00, 0x03, 0xFF, 0xD7, 0xFF, 0x00, 0x00, 0x03, 0xFF,
    0x01, 0xFF, 0x00, 0x00, 0x03, 0xFE, 0x00, 0xFF, 0x00, 0x00, 0x07, 0xFC, 0x01, 0xFF, 0xAE, 0x40,
    0x0B, 0xF8, 0x02, 0xFF, 0xFF, 0xF0, 0x0F, 0xF4, 0x03, 0xFF, 0xFF, 0xFC, 0x0F, 0xF0, 0x03, 0xFE,
    0x5B, 0xFC, 0x1F, 0xF0, 0x03, 0xFC, 0x03, 0xFC, 0x2F, 0xF0, 0x03, 0xFC, 0x03, 0xFC, 0x2F, 0xE0,
    0x03, 0xFD, 0x0B, 0xFC, 0x3F, 0xD0, 0x03, 0xFF, 0xBF, 0xF4, 0x3F, 0xC0, 0x01, 0xFF, 0xFF, 0xE0,
    0x7F, 0xC0, 0x00, 0x7F, 0xFF, 0x40, 0x00, 0x00, 0x00, 0x01, 0x40, 0x00, 0x00, 0x00, 0x00, 0x00,
    0x00, 0x00, 0x00, 0x00, 0x3F, 0xD0, 0x00, 0x2F, 0xFF, 0x90, 0x00, 0x3F, 0xC0, 0x02, 0xFF, 0xFF,
    0xFC, 0x00, 0x7F, 0xC0, 0x0F, 0xFF, 0xFF, 0xF4, 0x00, 0xBF, 0xC0, 0x3F, 0xFE, 0xAB, 0xF0, 0x00,
    0xFF, 0x80, 0xBF, 0xE0, 0x00, 0x50, 0x00, 0xFF, 0x41, 0xFF, 0x80, 0x00, 0x00, 0x00, 0xFF, 0x03,
    0xFF, 0x00, 0x00, 0x00, 0x01, 0xFF, 0x03, 0xFD, 0x00, 0x00, 0x00, 0x02, 0xFF, 0xAF, 0xFE, 0xAA,
    0xA4, 0x00, 0x03, 0xFF, 0xFF, 0xFF, 0xFF, 0xF4, 0x00, 0x03, 0xFF, 0xFF, 0xFF, 0xFF, 0xF0, 0x00,
    0x03, 0xFF, 0xFF, 0xFF, 0xFF, 0xF0, 0x00, 0x07, 0xFC, 0x0F, 0xF0, 0x00, 0x00, 0x00, 0x0B, 0xF8,
    0x0F, 0xF0, 0x00, 0x00, 0x00, 0x0F, 0xF4, 0x0F, 0xF4, 0x00, 0x00, 0x00, 0x0F, 0xF4, 0x0F, 0xF8,
    0x00, 0x00, 0x00, 0x1F, 0xF0, 0x0B, 0xFD, 0x00, 0x04, 0x00, 0x1F, 0xF0, 0x07, 0xFF, 0x96, 0xBC,
    0x00, 0x2F, 0xE0, 0x03, 0xFF, 0xFF, 0xFC, 0x00, 0x3F, 0xD0, 0x00, 0xFF, 0xFF, 0xFC, 0x00, 0x3F,
    0xC0, 0x00, 0x1F, 0xFF, 0xE4, 0x00, 0x00, 0x00, 0x00, 0x00, 0x54, 0x00, 0x00, 0x00, 0x00, 0x00,
    0x00, 0x00, 0x00, 0x03, 0xFC, 0x00, 0x2F, 0xFF, 0x40, 0x1F, 0xF0, 0x07, 0xFF, 0xFF, 0x00, 0xBF,
    0x80, 0x7F, 0xFF, 0xF4, 0x03, 0xFE, 0x03, 0xFF, 0x96, 0xC0, 0x0F, 0xF4, 0x2F, 0xF0, 0x00, 0x00,
    0x3F, 0xC0, 0xFF, 0x40, 0x00, 0x01, 0xFF, 0xFF, 0xFF, 0xFF, 0x00, 0x0B, 0xFF, 0xFF, 0xFF, 0xFC,
    0x00, 0x3F, 0xFF, 0xFF, 0xFF, 0xE0, 0x00, 0xFF, 0x97, 0xFE, 0x55, 0x00, 0x07, 0xFC, 0x0F, 0xF4,
    0x00, 0x00, 0x2F, 0xF0, 0x3F, 0xE0, 0x00, 0x00, 0xBF, 0x80, 0xBF, 0xE0, 0x7C, 0x03, 0xFD, 0x01,
    0xFF, 0xFF, 0xF0, 0x0F, 0xF0, 0x02, 0xFF, 0xFF, 0xC0, 0x7F, 0xC0, 0x01, 0xFF, 0xF9, 0x00, 0x00,
    0x00, 0x00, 0x14, 0x00, 0x00, 0x00, 0x00, 0x01, 0xFF, 0xC0, 0x00, 0x00, 0x03, 0xFF, 0xD0, 0x00,
    0x00, 0x0B, 0xFF, 0xD0, 0x00, 0x00, 0x0F, 0xFF, 0xE0, 0x00, 0x00, 0x2F, 0xDF, 0xE0, 0x00, 0x00,
    0x3F, 0xCF, 0xF0, 0x00, 0x00, 0xFF, 0x4F, 0xF0, 0x00, 0x01, 0xFF, 0x0B, 0xF0, 0x00, 0x03, 0xFE,
    0x5F, 0xF0, 0x00, 0x07, 0xFF, 0xFF, 0xF4, 0x00, 0x0F, 0xFF, 0xFF, 0xF4, 0x00, 0x2F, 0xFF, 0xFF,
    0xF8, 0x00, 0x3F, 0xDF, 0xF3, 0xF8, 0x00, 0xBF, 0xCF, 0xF3, 0xFC, 0x00, 0xFF, 0x1F, 0xE3, 0xFC,
    0x02, 0xFE, 0x2F, 0xD3, 0xFC, 0x07, 0xFC, 0x3F, 0xC2, 0xFC, 0x0F, 0xF8, 0x3F, 0xC2, 0xFD, 0x1F,
    0xF0, 0x3F, 0xC2, 0xFD, 0x3F, 0xE0, 0x7F, 0x81, 0xFE, 0x7F, 0xC0, 0xBF, 0x41, 0xFE, 0x00, 0x00,
    0x2F, 0xFC, 0x00, 0x00, 0x07, 0xFF, 0xC0, 0x00, 0x00, 0xFF, 0xFC, 0x00, 0x00, 0x1F, 0xEF, 0xD0,
    0x00, 0x03, 0xFC, 0xFD, 0x00, 0x00, 0xBF, 0x4F, 0xE0, 0x00, 0x0F, 0xF0, 0xFF, 0x00, 0x03, 0xFF,
    0xFF, 0xF0, 0x00, 0x7F, 0xFF, 0xFF, 0x00, 0x0F, 0xFF, 0xFF, 0xF4, 0x02, 0xFE, 0xBF, 0x7F, 0x80,
    0x3F, 0xCF, 0xF3, 0xF8, 0x0B, 0xF8, 0xFE, 0x3F, 0xC1, 0xFF, 0x1F, 0xD3, 0xFC, 0x3F, 0xD2, 0xFD,
    0x2F, 0xC7, 0xFC, 0x2F, 0xC2, 0xFD, 0x00, 0x3F, 0xD0, 0x00, 0x3F, 0xF8, 0x00, 0x03, 0xFC, 0x00,
    0x0B, 0xFF, 0x80, 0x00, 0x7F, 0xC0, 0x00, 0xFF, 0xFC, 0x00, 0x0B, 0xF8, 0x00, 0x2F, 0xFF, 0xC0,
    0x00, 0xFF, 0x40, 0x03, 0xFE, 0xFC, 0x00, 0x0F, 0xF4, 0x00, 0xFF, 0x5F, 0xC0, 0x00, 0xFF, 0x00,
    0x1F, 0xF1, 0xFD, 0x00, 0x1F, 0xF0, 0x03, 0xFD, 0x1F, 0xD0, 0x02, 0xFF, 0xAA, 0xBF, 0xD5, 0xFE,
    0x00, 0x3F, 0xFF, 0xFF, 0xFF, 0xFF, 0xE0, 0x03, 0xFF, 0xFF, 0xFF, 0xFF, 0xFF, 0x00, 0x3F, 0xFF,
    0xFF, 0xFF, 0xFF, 0xF0, 0x07, 0xFC, 0x0B, 0xF9, 0xFD, 0xBF, 0x00, 0xBF, 0x80, 0xFF, 0x2F, 0xCB,
    0xF0, 0x0F, 0xF4, 0x2F, 0xE3, 0xFC, 0xBF, 0x40, 0xFF, 0x07, 0xFC, 0x3F, 0xC7, 0xF8, 0x1F, 0xF0,
    0xFF, 0x87, 0xF8, 0x7F, 0x81, 0xFE, 0x1F, 0xF0, 0xBF, 0x43, 0xFC, 0x2F, 0xE3, 0xFE, 0x0F, 0xF0,
    0x3F, 0xC3, 0xFD, 0x7F, 0xC0, 0xFF, 0x03, 0xFC, 0x3F, 0xCF, 0xF8, 0x0F, 0xF0, 0x3F, 0xC0, 0x00,
    0xFE, 0x00, 0x03, 0xFF, 0x40, 0x07, 0xF4, 0x00, 0x3F, 0xFD, 0x00, 0x2F, 0xD0, 0x01, 0xFF, 0xF8,
    0x00, 0xFF, 0x00, 0x0F, 0xFB, 0xF0, 0x03, 0xFC, 0x00, 0xBF, 0x6F, 0xC0, 0x0F, 0xE0, 0x03, 0xFC,
    0x7F, 0x00, 0x7F, 0xFF, 0xFF, 0xFF, 0xFD, 0x02, 0xFF, 0xFF, 0xFF, 0xFF, 0xF4, 0x0F, 0xFF, 0xFF,
    0xFF, 0xFF, 0xE0, 0x3F, 0xD5, 0xFF, 0xBF, 0xFF, 0xC1, 0xFE, 0x03, 0xFD, 0xFD, 0xFF, 0x0B, 0xF4,
    0x2F, 0xE7, 0xF6, 0xFC, 0x2F, 0xC1, 0xFF, 0x2F, 0xCB, 0xF4, 0xFF, 0x0F, 0xF4, 0xFF, 0x1F, 0xD3,
    0xF8, 0x7F, 0xC3, 0xF8, 0x7F, 0x9F, 0xD3, 0xFD, 0x1F, 0xE0, 0xFF, 0x00, 0x03, 0xFF, 0xFF, 0xFF,
    0xFE, 0x00, 0x07, 0xFF, 0xFF, 0xFF, 0xFE, 0x00, 0x03, 0xFF, 0xFF, 0xFF, 0xFD, 0x00, 0x02, 0xFF,
    0xFF, 0xFF, 0xF4, 0x00, 0x01, 0xFF, 0x00, 0x7F, 0xD0, 0x00, 0x00, 0xFF, 0x40, 0xFF, 0x40, 0x00,
    0x00, 0x7F, 0x83, 0xFE, 0x00, 0x00, 0x00, 0x3F, 0xCB, 0xF8, 0x00, 0x00, 0x00, 0x1F, 0xFF, 0xE0,
    0x00, 0x00, 0x01, 0xFF, 0xFF, 0xF4, 0x00, 0x00, 0x0B, 0xFF, 0xFF, 0xFD, 0x00, 0x00, 0x2F, 0xFF,
    0xFF, 0xFF, 0x00, 0x00, 0x3F, 0xD7, 0xFC, 0xFF, 0x40, 0x00, 0xBF, 0x8B, 0xFC, 0x7F, 0x80, 0x00,
    0xFF, 0x0B, 0xF8, 0x7F, 0x80, 0x02, 0xFE, 0x0F, 0xF4, 0x7F, 0xC0, 0x03, 0xFC, 0x0F, 0xF0, 0x7F,
    0xC0, 0x0B, 0xFC, 0x1F, 0xF0, 0x3F, 0xC0, 0x0F, 0xF4, 0x2F, 0xF0, 0x3F, 0xC0, 0x2F, 0xF0, 0x3F,
    0xE0, 0x3F, 0xC0, 0x3F, 0xE0, 0x3F, 0xD0, 0x3F, 0xC0, 0x00, 0x3F, 0xFF, 0xFF, 0xFC, 0x00, 0x3F,
    0xFF, 0xFF, 0xFC, 0x00, 0x2F, 0xFF, 0xFF, 0xF0, 0x00, 0x0F, 0xE0, 0x3F, 0xC0, 0x00, 0x07, 0xF0,
    0xBF, 0x40, 0x00, 0x03, 0xF6, 0xFD, 0x00, 0x00, 0x02, 0xFF, 0xF4, 0x00, 0x00, 0x1F, 0xFF, 0xFC,
    0x00, 0x00, 0x7F, 0xFF, 0xFF, 0x00, 0x00, 0xFF, 0xFF, 0xFF, 0x00, 0x02, 0xFC, 0xBF, 0x3F, 0x40,
    0x03, 0xF8, 0xFF, 0x3F, 0x80, 0x0B, 0xF0, 0xFE, 0x3F, 0x80, 0x0F, 0xE1, 0xFD, 0x2F, 0xC0, 0x2F,
    0xC2, 0xFC, 0x2F, 0xC0, 0x3F, 0x83, 0xFC, 0x2F, 0xC0, 0x00, 0x3F, 0xD0, 0xBF, 0xFF, 0xFF, 0xFF,
    0xC0, 0x03, 0xFC, 0x0F, 0xFF, 0xFF, 0xFF, 0xFC, 0x00, 0x7F, 0xC0, 0xFF, 0xFF, 0xFF, 0xFF, 0x80,
    0x0B, 0xFC, 0x07, 0xFF, 0xFF, 0xFF, 0xE0, 0x00, 0xFF, 0x80, 0x3F, 0xC0, 0x0F, 0xFC, 0x00, 0x0F,
    0xF4, 0x01, 0xFE, 0x02, 0xFF, 0x00, 0x00, 0xFF, 0x00, 0x0F, 0xF0, 0x7F, 0xC0, 0x00, 0x1F, 0xF0,
    0x00, 0x7F, 0x8F, 0xF0, 0x00, 0x02, 0xFF, 0xAA, 0xAB, 0xFF, 0xFC, 0x00, 0x00, 0x3F, 0xFF, 0xFF,
    0xFF, 0xFF, 0xE0, 0x00, 0x03, 0xFF, 0xFF, 0xFF, 0xFF, 0xFF, 0xC0, 0x00, 0x3F, 0xFF, 0xFF, 0xFF,
    0xFF, 0xFD, 0x00, 0x07, 0xFC, 0x0B, 0xF8, 0xFF, 0x5F, 0xF0, 0x00, 0xBF, 0x80, 0xFF, 0x0F, 0xF0,
    0xFF, 0x00, 0x0F, 0xF4, 0x3F, 0xE1, 0xFF, 0x0F, 0xF0, 0x00, 0xFF, 0x43, 0xFC, 0x2F, 0xF0, 0xFF,
    0x00, 0x1F, 0xF0, 0xBF, 0x82, 0xFE, 0x0F, 0xF4, 0x01, 0xFF, 0x0F, 0xF0, 0x3F, 0xD0, 0xFF, 0x40,
    0x2F, 0xE2, 0xFF, 0x03, 0xFC, 0x0F, 0xF4, 0x03, 0xFD, 0x3F, 0xD0, 0x7F, 0xC0, 0xBF, 0x80, 0x3F,
    0xCB, 0xFC, 0x0B, 0xFC, 0x0B, 0xF8, 0x00, 0x00, 0xFE, 0x0B, 0xFF, 0xFF, 0xFF, 0x40, 0x7F, 0x42,
    0xFF, 0xFF, 0xFF, 0xC0, 0x2F, 0xD0, 0x7F, 0xFF, 0xFF, 0xD0, 0x0F, 0xF0, 0x0B, 0xF0, 0x2F, 0xD0,
    0x03, 0xFC, 0x00, 0xFD, 0x1F, 0xD0, 0x00, 0xFE, 0x00, 0x2F, 0x9F, 0xE0, 0x00, 0x7F, 0xFF, 0xFF,
    0xFF, 0xE0, 0x00, 0x2F, 0xFF, 0xFF, 0xFF, 0xFD, 0x00, 0x0F, 0xFF, 0xFF, 0xFF, 0xFF, 0xC0, 0x03,
    0xFD, 0x5F, 0xFB, 0xFF, 0xF4, 0x01, 0xFE, 0x07, 0xF5, 0xFC, 0xFE, 0x00, 0xBF, 0x43, 0xFC, 0xBF,
    0x2F, 0xC0, 0x2F, 0xC1, 0xFD, 0x3F, 0xCB, 0xF0, 0x0F, 0xF0, 0xFF, 0x0F, 0xE1, 0xFC, 0x03, 0xF8,
    0x7F, 0x47, 0xF4, 0x7F, 0x01, 0xFD, 0x3F, 0xC2, 0xFC, 0x1F, 0xD0, 0x00, 0x00, 0x00, 0x00, 0x10,
    0x00, 0x00, 0x7C, 0x02, 0xFC, 0x00, 0x00, 0x3F, 0x0F, 0xFC, 0x00, 0x00, 0x1F, 0xFF, 0x80, 0x00,
    0x00, 0x0F, 0xFE, 0x00, 0x00, 0x00, 0x7F, 0xFF, 0x40, 0x00, 0x0B, 0xFF, 0xFF, 0xE0, 0x00, 0x2F,
    0xFF, 0xFF, 0xF4, 0x00, 0x0F, 0xF9, 0x7F, 0xFC, 0x00, 0x0A, 0x00, 0x0B, 0xFC, 0x00, 0x00, 0x00,
    0x07, 0xFC, 0x00, 0x00, 0x00, 0x0B, 0xFC, 0x00, 0x00, 0x00, 0x1F, 0xF4, 0x00, 0x01, 0xAA, 0xFF,
    0xD0, 0x00, 0x03, 0xFF, 0xFE, 0x00, 0x00, 0x03, 0xFF, 0xF8, 0x00, 0x00, 0x07, 0xFF, 0xFF, 0x40,
    0x00, 0x00, 0x01, 0xFF, 0xC0, 0x00, 0x00, 0x00, 0x3F, 0xD0, 0x00, 0x00, 0x00, 0x3F, 0xE0, 0x00,
    0x00, 0x00, 0x3F, 0xE0, 0x00, 0x00, 0x00, 0xFF, 0xD0, 0x00, 0x00, 0x6F, 0xFF, 0xC0, 0x00, 0xBF,
    0xFF, 0xFF, 0x40, 0x0B, 0xFF, 0xFF, 0xFC, 0x00, 0x1F, 0xFF, 0xFF, 0x80, 0x00, 0x3F, 0xF9, 0x40,
    0x00, 0x00, 0x3F, 0xD0, 0x00, 0x00, 0x00, 0x3F, 0xD0, 0x00, 0x00, 0x00, 0x3F, 0xFF, 0xFF, 0xC0,
    0x00, 0x1F, 0xFF, 0xFF, 0xD0, 0x00, 0x07, 0xFF, 0xFF, 0xD0, 0x00, 0x00, 0x00, 0x00, 0x00, 0x00,
    0x00, 0x01, 0x00, 0x06, 0x80, 0x00, 0x7E, 0x07, 0xFC, 0x00, 0x02, 0xF5, 0xFE, 0x80, 0x00, 0x0F,
    0xFF, 0x40, 0x00, 0x1B, 0xFF, 0xF8, 0x00, 0x07, 0xFF, 0xFF, 0xF0, 0x00, 0x3F, 0xFF, 0xFF, 0x40,
    0x02, 0xD0, 0x1F, 0xF8, 0x00, 0x00, 0x00, 0xFF, 0x40, 0x00, 0x00, 0x1F, 0xF0, 0x00, 0x03, 0xFF,
    0xFD, 0x00, 0x00, 0x7F, 0xFD, 0x00, 0x00, 0x0B, 0xFF, 0xF4, 0x00, 0x00, 0x01, 0xBF, 0xC0, 0x00,
    0x00, 0x03, 0xFD, 0x00, 0x00, 0x00, 0x3F, 0xE0, 0x00, 0x00, 0x1F, 0xFD, 0x00, 0x0A, 0xFF, 0xFF,
    0xC0, 0x0B, 0xFF, 0xFF, 0xF0, 0x02, 0xFF, 0xFF, 0xE4, 0x00, 0x3F, 0xE9, 0x00, 0x00, 0x07, 0xF8,
    0x00, 0x00, 0x00, 0x7F, 0x80, 0x00, 0x00, 0x03, 0xFF, 0xFF, 0xF4, 0x00, 0x2F, 0xFF, 0xFF, 0x40,
    0x00, 0x7F, 0xFF, 0xF4, 0x00, 0x00, 0x00, 0x00, 0x00, 0x00, 0x0F, 0xF0, 0x0B, 0xF4, 0x07, 0xF8,
    0x7F, 0xC0, 0x3F, 0xC0, 0x2F, 0xE1, 0xFE, 0x00, 0xFF, 0x00, 0xFF, 0x4B, 0xF4, 0x07, 0xFC, 0x03,
    0xFC, 0x3F, 0xC0, 0x2F, 0xE0, 0x1F, 0xF0, 0xFF, 0x00, 0xFF, 0x40, 0x7F, 0x87, 0xFC, 0x03, 0xFC,
    0x02, 0xFD, 0x2F, 0xE0, 0x0F, 0xF0, 0x0F, 0xF0, 0xBF, 0x40, 0x7F, 0x80, 0x3F, 0xC2, 0xFD, 0x02,
    0xFD, 0x02, 0xFE, 0x0B, 0xF8, 0x0F, 0xF4, 0x1F, 0xF4, 0x2F, 0xF8, 0x3F, 0xC2, 0xFF, 0xC0, 0x3F,
    0xFF, 0xFF, 0xFF, 0xFC, 0x00, 0xBF, 0xFF, 0xFF, 0xFF, 0xC0, 0x00, 0xBF, 0xFF, 0xFF, 0xF8, 0x00,
    0x00, 0x1A, 0xFF, 0xA5, 0x00, 0x00, 0x00, 0x03, 0xFC, 0x00, 0x00, 0x00, 0x00, 0x1F, 0xF0, 0x00,
    0x00, 0x00, 0x00, 0xBF, 0x80, 0x00, 0x00, 0x00, 0x03, 0xFD, 0x00, 0x00, 0x00, 0x00, 0x0F, 0xF0,
    0x00, 0x00, 0x00, 0x00, 0x00, 0x00, 0x00, 0x00, 0x00, 0x00, 0x00, 0x2F, 0xE0, 0x00, 0x00, 0x00,
    0x03, 0xFD, 0x00, 0x00, 0x00, 0x00, 0x3F, 0xC0, 0x00, 0x00, 0x00, 0x07, 0xFC, 0x00, 0x00, 0x00,
    0x00, 0x7F, 0x80, 0x00, 0x00, 0x00, 0x0B, 0xF4, 0x00, 0x00, 0x7F, 0xC0, 0xFF, 0x03, 0xFC, 0x0B,
    0xF8, 0x0F, 0xF0, 0x3F, 0xD0, 0xFF, 0x81, 0xFF, 0x03, 0xFD, 0x0F, 0xF4, 0x2F, 0xE0, 0x3F, 0xD0,
    0xFF, 0x03, 0xFD, 0x03, 0xFC, 0x1F, 0xF0, 0x3F, 0xC0, 0x7F, 0xC2, 0xFE, 0x03, 0xFC, 0x07, 0xFC,
    0x3F, 0xD0, 0x7F, 0xC0, 0xBF, 0xC3, 0xFD, 0x0B, 0xF8, 0x0F, 0xF8, 0x3F, 0xC0, 0xFF, 0x40, 0xFF,
    0x47, 0xFC, 0x0F, 0xF0, 0x2F, 0xF0, 0x7F, 0xC0, 0xFF, 0x07, 0xFD, 0x03, 0xFE, 0x1F, 0xE6, 0xFF,
    0x80, 0x3F, 0xFF, 0xFF, 0xFF, 0xE0, 0x00, 0xFF, 0xFF, 0xFF, 0xF4, 0x00, 0x02, 0xFF, 0xFF, 0xF4,
    0x00, 0x00, 0x00, 0x7F, 0xC0, 0x00, 0x00, 0x00, 0x0B, 0xF8, 0x00, 0x00, 0x00, 0x00, 0xBF, 0x40,
    0x00, 0x00, 0x00, 0x0F, 0xF0, 0x00, 0x00, 0x00, 0x00, 0xFF, 0x00, 0x00, 0x00, 0x00, 0x1F, 0xF0,
    0x00, 0x00, 0x00, 0x02, 0xFE, 0x00, 0x00, 0x00, 0x00, 0x00, 0x00, 0x00, 0x00, 0x00, 0x01, 0xBF,
    0xFD, 0x00, 0x00, 0x0F, 0xFF, 0xFF, 0xC0, 0x00, 0x3F, 0xFF, 0xFF, 0xF0, 0x00, 0xFF, 0xF5, 0xBF,
    0xF4, 0x03, 0xFF, 0x40, 0x0F, 0xFC, 0x07, 0xFD, 0x00, 0x07, 0xFC, 0x0F, 0xF8, 0x00, 0x03, 0xFD,
    0x1F, 0xF0, 0x00, 0x03, 0xFD, 0x2F, 0xF5, 0x55, 0x57, 0xFD, 0x3F, 0xFF, 0xFF, 0xFF, 0xFD, 0x3F,
    0xFF, 0xFF, 0xFF, 0xFC, 0x3F, 0xFF, 0xFF, 0xFF, 0xFC, 0x7F, 0xC0, 0x00, 0x0B, 0xFC, 0x7F, 0xC0,
    0x00, 0x0F, 0xF8, 0x3F, 0xC0, 0x00, 0x1F, 0xF0, 0x3F, 0xD0, 0x00, 0x3F, 0xE0, 0x3F, 0xF0, 0x00,
    0xFF, 0xC0, 0x1F, 0xFD, 0x5B, 0xFF, 0x40, 0x0F, 0xFF, 0xFF, 0xFE, 0x00, 0x03, 0xFF, 0xFF, 0xF4,
    0x00, 0x00, 0x7F, 0xFF, 0x80, 0x00, 0x00, 0x00, 0x50, 0x00, 0x00, 0x00, 0x00, 0x00, 0x00, 0x00,
    0xBF, 0xF8, 0x00, 0x1F, 0xFF, 0xFC, 0x01, 0xFF, 0xFF, 0xFC, 0x0F, 0xFD, 0x1F, 0xF4, 0xBF, 0xC0,
    0x2F, 0xE3, 0xFE, 0x00, 0xBF, 0xDF, 0xFA, 0xAA, 0xFF, 0x7F, 0xFF, 0xFF, 0xFA, 0xFF, 0xFF, 0xFF,
    0xEB, 0xFE, 0xAA, 0xFF, 0x6F, 0xE0, 0x07, 0xFC, 0xBF, 0x80, 0x3F, 0xE1, 0xFF, 0x87, 0xFF, 0x03,
    0xFF, 0xFF, 0xF8, 0x03, 0xFF, 0xFF, 0x80, 0x02, 0xFF, 0xE4, 0x00, 0x00, 0x10, 0x00, 0x00, 0x7F,
    0x80, 0x00, 0x07, 0xF9, 0xFF, 0x00, 0x00, 0xFF, 0xF3, 0xFC, 0x00, 0x0B, 0xFF, 0xCF, 0xF0, 0x00,
    0x7F, 0xFB, 0x3F, 0xC0, 0x03, 0xFF, 0x00, 0xFF, 0x00, 0x1F, 0xF0, 0x03, 0xFC, 0x00, 0xFF, 0x80,
    0x0B, 0xF4, 0x07, 0xFC, 0x00, 0x2F, 0xD0, 0x3F, 0xE0, 0x00, 0xBF, 0x41, 0xFF, 0x00, 0x01, 0xFD,
    0x0B, 0xF8, 0x00, 0x07, 0xF8, 0x3F, 0xC0, 0x00, 0x1F, 0xE2, 0xFE, 0x00, 0x00, 0x3F, 0x8F, 0xF0,
    0x00, 0x00, 0xFE, 0xBF, 0x80, 0x00, 0x03, 0xFB, 0xFC, 0x00, 0x00, 0x0F, 0xFF, 0xD0, 0x00, 0x00,
    0x3F, 0xFF, 0x00, 0x00, 0x00, 0xFF, 0xF4, 0x00, 0x00, 0x02, 0xFF, 0xC0, 0x00, 0x00, 0x0B, 0xFD,
    0x00, 0x00, 0x00, 0x00, 0x00, 0x00, 0x00, 0x7F, 0x80, 0x01, 0xFF, 0x7F, 0xC0, 0x07, 0xFF, 0x7F,
    0xC0, 0x0F, 0xFF, 0x3F, 0xC0, 0x2F, 0xFA, 0x3F, 0xC0, 0x3F, 0xD0, 0x3F, 0xC0, 0xBF, 0x80, 0x3F,
    0xC0, 0xFF, 0x00, 0x2F, 0xC2, 0xFE, 0x00, 0x2F, 0xD3, 0xFC, 0x00, 0x1F, 0xDB, 0xF8, 0x00, 0x1F,
    0xDF, 0xF0, 0x00, 0x0F, 0xFF, 0xD0, 0x00, 0x0F, 0xFF, 0xC0, 0x00, 0x0F, 0xFF, 0x40, 0x00, 0x0F,
    0xFF, 0x00, 0x00, 0x0B, 0xFD, 0x00, 0x00, 0x05, 0x51, 0x54, 0x00, 0x00, 0x3F, 0xC7, 0xF8, 0x00,
    0x00, 0x3F, 0x4B, 0xF0, 0x00, 0x00, 0x7F, 0x0F, 0xD0, 0x00, 0x00, 0xBD, 0x0F, 0x80, 0x00, 0x00,
    0x50, 0x05, 0x00, 0x00, 0x00, 0x00, 0x00, 0x00, 0x1F, 0xE0, 0x00, 0x01, 0xFE, 0x7F, 0xC0, 0x00,
    0x3F, 0xFC, 0xFF, 0x00, 0x02, 0xFF, 0xF3, 0xFC, 0x00, 0x1F, 0xFE, 0xCF, 0xF0, 0x00, 0xFF, 0xC0,
    0x3F, 0xC0, 0x07, 0xFC, 0x00, 0xFF, 0x00, 0x3F, 0xE0, 0x02, 0xFD, 0x01, 0xFF, 0x00, 0x0B, 0xF4,
    0x0F, 0xF8, 0x00, 0x2F, 0xD0, 0x7F, 0xC0, 0x00, 0x7F, 0x42, 0xFE, 0x00, 0x01, 0xFE, 0x0F, 0xF0,
    0x00, 0x07, 0xF8, 0xBF, 0x80, 0x00, 0x0F, 0xE3, 0xFC, 0x00, 0x00, 0x3F, 0xAF, 0xE0, 0x00, 0x00,
    0xFE, 0xFF, 0x00, 0x00, 0x03, 0xFF, 0xF4, 0x00, 0x00, 0x0F, 0xFF, 0xC0, 0x00, 0x00, 0x3F, 0xFD,
    0x00, 0x00, 0x00, 0xBF, 0xF0, 0x00, 0x00, 0x02, 0xFF, 0x40, 0x00, 0x00, 0x15, 0x45, 0x50, 0x00,
    0x3F, 0xCB, 0xF8, 0x00, 0x1F, 0xD3, 0xFC, 0x00, 0x07, 0xE0, 0xFC, 0x00, 0x02, 0xF0, 0x3E, 0x00,
    0x00, 0x50, 0x05, 0x00, 0x00, 0x00, 0x00, 0x00, 0x7F, 0x80, 0x01, 0xFF, 0x7F, 0xC0, 0x07, 0xFF,
    0x7F, 0xC0, 0x0F, 0xFF, 0x3F, 0xC0, 0x2F, 0xFA, 0x3F, 0xC0, 0x3F, 0xD0, 0x3F, 0xC0, 0xBF, 0x80,
    0x3F, 0xC0, 0xFF, 0x00, 0x2F, 0xC2, 0xFE, 0x00, 0x2F, 0xD3, 0xFC, 0x00, 0x1F, 0xDB, 0xF8, 0x00,
    0x1F, 0xDF, 0xF0, 0x00, 0x0F, 0xFF, 0xD0, 0x00, 0x0F, 0xFF, 0xC0, 0x00, 0x0F, 0xFF, 0x40, 0x00,
    0x0F, 0xFF, 0x00, 0x00, 0x0B, 0xFD, 0x00, 0x00, 0x00, 0x00, 0x00, 0x00, 0x00, 0x00, 0x00, 0x00,
    0x00, 0x00, 0x00, 0x6F, 0xFF, 0x40, 0x00, 0x00, 0x00, 0x00, 0x00, 0x00, 0xFF, 0xFF, 0xFC, 0x00,
    0x00, 0x00, 0x00, 0x00, 0x00, 0xFF, 0xFF, 0xFF, 0xC0, 0x00, 0x00, 0x00, 0x00, 0x00, 0xFF, 0xFA,
    0xBF, 0xF4, 0x00, 0x00, 0x00, 0x00, 0x00, 0xFF, 0xE0, 0x07, 0xFF, 0x00, 0x00, 0x00, 0x00, 0x00,
    0x7F, 0xE0, 0x00, 0xBF, 0xC0, 0xFF, 0x00, 0x0F, 0xF8, 0x3F, 0xF0, 0x00, 0x1F, 0xF4, 0x3F, 0xC0,
    0x07, 0xFC, 0x1F, 0xF4, 0x00, 0x03, 0xFD, 0x0F, 0xF0, 0x03, 0xFE, 0x0B, 0xFC, 0x00, 0x00, 0xFF,
    0x42, 0xFD, 0x01, 0xFF, 0x03, 0xFE, 0x00, 0x00, 0x3F, 0xD0, 0xBF, 0x40, 0xFF, 0x80, 0xFF, 0x40,
    0x00, 0x1F, 0xF0, 0x1F, 0xE0, 0x7F, 0xC0, 0x3F, 0xD0, 0x00, 0x0B, 0xFC, 0x07, 0xF8, 0x3F, 0xE0,
    0x1F, 0xF4, 0x00, 0x03, 0xFF, 0x00, 0xFF, 0x1F, 0xF0, 0x07, 0xFD, 0x00, 0x00, 0xFF, 0x80, 0x3F,
    0xCF, 0xF4, 0x00, 0xFF, 0x40, 0x00, 0xBF, 0xC0, 0x0F, 0xF3, 0xFC, 0x00, 0x3F, 0xE0, 0x00, 0x7F,
    0xE0, 0x02, 0xFE, 0xFD, 0x00, 0x0F, 0xFD, 0x00, 0x7F, 0xF0, 0x00, 0xBF, 0xFF, 0x00, 0x01, 0xFF,
    0xE5, 0xBF, 0xF4, 0x00, 0x1F, 0xFF, 0x40, 0x00, 0x3F, 0xFF, 0xFF, 0xF8, 0x00, 0x07, 0xFF, 0xC0,
    0x00, 0x03, 0xFF, 0xFF, 0xF4, 0x00, 0x00, 0xFF, 0xD0, 0x00, 0x00, 0x1F, 0xFF, 0xE0, 0x00, 0x00,
    0x3F, 0xE0, 0x00, 0x00, 0x00, 0x05, 0x00, 0x00, 0x00, 0x0F, 0xF0, 0x00, 0x00, 0x00, 0x00, 0x00,
    0x00, 0x00, 0x0F, 0xF8, 0x00, 0x00, 0x00, 0x00, 0x00, 0x00, 0x00, 0x0B, 0xFC, 0x00, 0x00, 0x00,
    0x00, 0x00, 0x00, 0x01, 0xAF, 0xFE, 0x00, 0x00, 0x00, 0x00, 0x00, 0x00, 0x00, 0xBF, 0xFE, 0x00,
    0x00, 0x00, 0x00, 0x00, 0x00, 0x00, 0x2F, 0xFE, 0x00, 0x00, 0x00, 0x00, 0x00, 0x00, 0x00, 0x0B,
    0xF9, 0x00, 0x00, 0x00, 0x00, 0x00, 0x00, 0x00, 0x00, 0x00, 0x00, 0x00, 0x00, 0x00, 0x0B, 0xFF,
    0x80, 0x07, 0xF8, 0x00, 0x3F, 0xD0, 0x1F, 0xFF, 0xFC, 0x01, 0xFF, 0x00, 0x2F, 0xF0, 0x1F, 0xFF,
    0xFF, 0xC0, 0x3F, 0xC0, 0x0F, 0xF4, 0x0F, 0xFD, 0x6F, 0xF4, 0x0F, 0xF0, 0x0B, 0xFC, 0x0B, 0xFD,
    0x03, 0xFE, 0x03, 0xFC, 0x03, 0xFD, 0x03, 0xFE, 0x00, 0xBF, 0xC0, 0xBF, 0x42, 0xFF, 0x01, 0xFF,
    0x00, 0x2F, 0xF0, 0x2F, 0xD0, 0xFF, 0x40, 0x7F, 0xC0, 0x0B, 0xF8, 0x07, 0xF8, 0xBF, 0xC0, 0x2F,
    0xE0, 0x03, 0xFE, 0x00, 0xFE, 0x3F, 0xC0, 0x0B, 0xF8, 0x00, 0xFF, 0x40, 0x3F, 0x9F, 0xE0, 0x02,
    0xFE, 0x00, 0x7F, 0xC0, 0x0F, 0xEF, 0xF0, 0x00, 0xBF, 0xC0, 0x3F, 0xE0, 0x03, 0xFF, 0xF8, 0x00,
    0x1F, 0xF8, 0x7F, 0xF0, 0x00, 0xBF, 0xFC, 0x00, 0x03, 0xFF, 0xFF, 0xF8, 0x00, 0x2F, 0xFE, 0x00,
    0x00, 0x3F, 0xFF, 0xF8, 0x00, 0x07, 0xFF, 0x00, 0x00, 0x02, 0xFF, 0xE4, 0x00, 0x00, 0xFF, 0x80,
    0x00, 0x00, 0x01, 0x00, 0x00, 0x00, 0x7F, 0xC0, 0x00, 0x00, 0x00, 0x00, 0x00, 0x00, 0x3F, 0xD0,
    0x00, 0x00, 0x00, 0x00, 0x00, 0x00, 0x3F, 0xF0, 0x00, 0x00, 0x00, 0x00, 0x00, 0x0A, 0xBF, 0xF4,
    0x00, 0x00, 0x00, 0x00, 0x00, 0x03, 0xFF, 0xF8, 0x00, 0x00, 0x00, 0x00, 0x00, 0x00, 0xFF, 0xF4,
    0x00, 0x00, 0x00, 0x00, 0x00, 0x00, 0x3F, 0xE0, 0x00, 0x00, 0x00, 0x00, 0x00, 0x01, 0x80, 0x00,
    0x00, 0x00, 0x02, 0xFC, 0x00, 0x00, 0x00, 0x1B, 0xFF, 0xE0, 0x00, 0x00, 0x3F, 0xFF, 0xFF, 0x40,
    0x00, 0x7F, 0xFF, 0xFF, 0xF4, 0x00, 0x3F, 0xFF, 0xFF, 0xFF, 0x00, 0x3F, 0xF8, 0xB8, 0xBF, 0xD0,
    0x2F, 0xF8, 0x00, 0x0F, 0xFC, 0x0F, 0xFC, 0x00, 0x02, 0xFF, 0x07, 0xFC, 0x00, 0x00, 0x7F, 0xC2,
    0xFF, 0x00, 0x00, 0x1F, 0xF0, 0xFF, 0x80, 0x00, 0x07, 0xFC, 0x3F, 0xD0, 0x00, 0x01, 0xFF, 0x0F,
    0xF0, 0x00, 0x00, 0xBF, 0xC3, 0xFC, 0x00, 0x00, 0x3F, 0xE0, 0xFF, 0x40, 0x00, 0x0F, 0xF4, 0x3F,
    0xD0, 0x00, 0x0B, 0xFC, 0x0F, 0xFC, 0x00, 0x07, 0xFE, 0x02, 0xFF, 0x86, 0x4B, 0xFF, 0x00, 0x3F,
    0xFF, 0xFF, 0xFF, 0x40, 0x07, 0xFF, 0xFF, 0xFF, 0x40, 0x00, 0x7F, 0xFF, 0xFF, 0x40, 0x00, 0x02,
    0xFF, 0xFD, 0x00, 0x00, 0x00, 0x0F, 0xF0, 0x00, 0x00, 0x00, 0x01, 0xA0, 0x00, 0x00, 0x00, 0x00,
    0x00, 0x00, 0x00, 0x00, 0x00, 0x3E, 0x00, 0x00, 0x01, 0xFF, 0xF8, 0x00, 0x07, 0xFF, 0xFF, 0xC0,
    0x07, 0xFF, 0xFF, 0xFC, 0x03, 0xFF, 0xFF, 0xFF, 0x82, 0xFF, 0x5E, 0x2F, 0xF0, 0xFF, 0x80, 0x07,
    0xFC, 0x7F, 0xC0, 0x00, 0xFF, 0x2F, 0xF0, 0x00, 0x3F, 0xCB, 0xF8, 0x00, 0x1F, 0xF2, 0xFE, 0x00,
    0x0B, 0xFC, 0xBF, 0x80, 0x03, 0xFE, 0x1F, 0xF0, 0x42, 0xFF, 0x03, 0xFF, 0xFF, 0xFF, 0x80, 0xBF,
    0xFF, 0xFF, 0xC0, 0x0B, 0xFF, 0xFF, 0xC0, 0x00, 0x7F, 0xFF, 0x40, 0x00, 0x02, 0xFC, 0x00, 0x00,
    0x00, 0x18, 0x00, 0x00, 0x00, 0x00, 0x00, 0x00, 0x00, 0x00, 0x00, 0x00, 0x00, 0x00, 0x0B, 0xF8,
    0x00, 0x00, 0x00, 0x00, 0x00, 0x3F, 0xFF, 0xE4, 0x00, 0x00, 0x00, 0x00, 0x78, 0x07, 0xFC, 0x00,
    0x00, 0x00, 0x00, 0x51, 0xF0, 0x14, 0x00, 0x00, 0x00, 0x00, 0x01, 0xF8, 0x00, 0x00, 0x00, 0x00,
    0x00, 0x00, 0x38, 0x00, 0x00, 0x00, 0x00, 0x00, 0x00, 0xF0, 0x00, 0x00, 0x00, 0x00, 0x00, 0x02,
    0x40, 0x00, 0x00, 0x00, 0x00, 0x00, 0x00, 0x00, 0x00, 0x00, 0x00, 0x02, 0xFF, 0xD0, 0x07, 0xFF,
    0x40, 0x00, 0x2F, 0xFF, 0xF4, 0x2F, 0xFF, 0xE0, 0x00, 0xBF, 0xFF, 0xF0, 0x1F, 0xFF, 0xF4, 0x02,
    0xFF, 0xEB, 0xE0, 0x0F, 0xBF, 0xFC, 0x03, 0xFF, 0x00, 0x40, 0x00, 0x0B, 0xFD, 0x0B, 0xFC, 0x00,
    0x00, 0x00, 0x03, 0xFE, 0x0F, 0xF8, 0x00, 0x00, 0x00, 0x03, 0xFE, 0x1F, 0xF0, 0x00, 0x00, 0x00,
    0x03, 0xFE, 0x2F, 0xF0, 0x00, 0x00, 0x00, 0x03, 0xFE, 0x3F, 0xE0, 0x00, 0x00, 0x00, 0x03, 0xFE,
    0x3F, 0xD0, 0x00, 0x00, 0x00, 0x03, 0xFD, 0x3F, 0xD0, 0x00, 0xFF, 0x00, 0x07, 0xFD, 0x3F, 0xD0,
    0x01, 0xFF, 0x00, 0x0B, 0xFC, 0x3F, 0xD0, 0x02, 0xFE, 0x00, 0x0F, 0xF8, 0x3F, 0xD0, 0x03, 0xFD,
    0x00, 0x1F, 0xF4, 0x3F, 0xE0, 0x03, 0xFC, 0x00, 0x3F, 0xF0, 0x2F, 0xF4, 0x07, 0xFC, 0x00, 0xFF,
    0xD0, 0x0F, 0xFF, 0xBF, 0xFF, 0xAF, 0xFF, 0x80, 0x0B, 0xFF, 0xFF, 0xFF, 0xFF, 0xFF, 0x00, 0x03,
    0xFF, 0xFF, 0x7F, 0xFF, 0xF8, 0x00, 0x00, 0xBF, 0xF8, 0x0B, 0xFF, 0x90, 0x00, 0x00, 0x01, 0x00,
    0x00, 0x10, 0x00, 0x00, 0x00, 0x00, 0x01, 0xA4, 0x00, 0x00, 0x00, 0x00, 0x2F, 0xFF, 0x40, 0x00,
    0x00, 0x01, 0xF4, 0x7F, 0xF0, 0x00, 0x00, 0x0B, 0x4A, 0x1B, 0x80, 0x00, 0x00, 0x00, 0x7E, 0x00,
    0x00, 0x00, 0x00, 0x00, 0x78, 0x00, 0x00, 0x00, 0x00, 0x01, 0xD0, 0x00, 0x00, 0x00, 0x00, 0x2D,
    0x00, 0x00, 0x00, 0x00, 0x00, 0x00, 0x00, 0x00, 0x00, 0x00, 0x00, 0x00, 0x00, 0x00, 0x02, 0xFF,
    0xD0, 0x7F, 0xF4, 0x00, 0x7F, 0xFF, 0x43, 0xFF, 0xF8, 0x07, 0xFF, 0xFC, 0x0B, 0xFF, 0xF4, 0x3F,
    0xF5, 0xA0, 0x19, 0xBF, 0xE2, 0xFF, 0x00, 0x00, 0x00, 0xBF, 0xCF, 0xF4, 0x00, 0x00, 0x01, 0xFF,
    0x7F, 0xC0, 0x00, 0x00, 0x07, 0xFD, 0xFF, 0x00, 0x15, 0x40, 0x1F, 0xFB, 0xF8, 0x02, 0xFE, 0x00,
    0xBF, 0xAF, 0xE0, 0x0F, 0xF4, 0x03, 0xFE, 0xBF, 0x80, 0x3F, 0xC0, 0x0F, 0xF6, 0xFF, 0x01, 0xFF,
    0x00, 0xFF, 0xC7, 0xFE, 0x1F, 0xFF, 0x5F, 0xFD, 0x0F, 0xFF, 0xFF, 0xFF, 0xFF, 0xF0, 0x1F, 0xFF,
    0xF3, 0xFF, 0xFF, 0x00, 0x1F, 0xFE, 0x02, 0xFF, 0xE0, 0x00, 0x01, 0x00, 0x00, 0x10, 0x00, 0x00,
    0x00, 0x00, 0x05, 0x55, 0x55, 0x40, 0x00, 0x00, 0x00, 0xBF, 0xFF, 0xFF, 0x00, 0x00, 0x00, 0x02,
    0xFF, 0xFF, 0xF4, 0x00, 0x00, 0x00, 0x07, 0x43, 0x83, 0xC0, 0x00, 0x00, 0x00, 0x04, 0x04, 0x00,
    0x00, 0x00, 0x00, 0x00, 0x00, 0x00, 0x00, 0x00, 0x02, 0xFE, 0x00, 0x2F, 0xD0, 0x01, 0xFF, 0x0F,
    0xF8, 0x00, 0xFF, 0x40, 0x0B, 0xFC, 0x3F, 0xD0, 0x03, 0xFC, 0x00, 0x3F, 0xE1, 0xFF, 0x40, 0x1F,
    0xF0, 0x00, 0xFF, 0x07, 0xFC, 0x00, 0x7F, 0xC0, 0x07, 0xFC, 0x1F, 0xF0, 0x02, 0xFF, 0x00, 0x2F,
    0xE0, 0x7F, 0xC0, 0x0F, 0xFC, 0x00, 0xFF, 0x41, 0xFF, 0x00, 0x7F, 0xE0, 0x07, 0xFC, 0x07, 0xFC,
    0x03, 0xFF, 0x80, 0x3F, 0xE0, 0x1F, 0xF0, 0x1F, 0xFE, 0x00, 0xFF, 0x00, 0x7F, 0xC0, 0xFF, 0xF8,
    0x0B, 0xFC, 0x01, 0xFF, 0x07, 0xFF, 0xE0, 0x3F, 0xD0, 0x07, 0xFC, 0x3F, 0xFF, 0xC2, 0xFF, 0x00,
    0x0F, 0xF5, 0xFE, 0xFF, 0x0F, 0xF4, 0x00, 0x3F, 0xDF, 0xF3, 0xFC, 0xBF, 0xC0, 0x00, 0xFF, 0xFF,
    0x4F, 0xF7, 0xFD, 0x00, 0x02, 0xFF, 0xFC, 0x3F, 0xFF, 0xE0, 0x00, 0x07, 0xFF, 0xD0, 0xBF, 0xFF,
    0x00, 0x00, 0x0F, 0xFF, 0x02, 0xFF, 0xF4, 0x00, 0x00, 0x3F, 0xF8, 0x07, 0xFF, 0x80, 0x00, 0x00,
    0xBF, 0xC0, 0x0F, 0xFC, 0x00, 0x00, 0x00, 0x00, 0x01, 0xAA, 0xAA, 0xA4, 0x00, 0x00, 0x03, 0xFF,
    0xFF, 0xF8, 0x00, 0x00, 0x02, 0xFB, 0xFB, 0xF0, 0x00, 0x00, 0x01, 0xC1, 0xD0, 0xE0, 0x00, 0x00,
    0x00, 0x00, 0x00, 0x00, 0x00, 0x00, 0x00, 0x00, 0x00, 0x00, 0x00, 0x2F, 0xE0, 0x0F, 0xF4, 0x02,
    0xFD, 0x3F, 0xD0, 0x0F, 0xF0, 0x03, 0xFD, 0x3F, 0xD0, 0x0F, 0xF0, 0x07, 0xFC, 0x3F, 0xC0, 0x1F,
    0xF0, 0x0B, 0xF8, 0x3F, 0xC0, 0x1F, 0xF0, 0x0F, 0xF0, 0x3F, 0xC0, 0x2F, 0xF0, 0x1F, 0xF0, 0x3F,
    0xC0, 0x7F, 0xF0, 0x3F, 0xD0, 0x3F, 0xC0, 0xFF, 0xF0, 0x7F, 0xC0, 0x3F, 0xC2, 0xFF, 0xF0, 0xFF,
    0x40, 0x2F, 0xD3, 0xFF, 0xF1, 0xFF, 0x00, 0x2F, 0xEB, 0xFB, 0xF3, 0xFC, 0x00, 0x1F, 0xFF, 0xCB,
    0xFF, 0xF8, 0x00, 0x0F, 0xFF, 0x87, 0xFF, 0xF0, 0x00, 0x0F, 0xFF, 0x03, 0xFF, 0xD0, 0x00, 0x0B,
    0xFD, 0x03, 0xFF, 0x80, 0x00, 0x07, 0xFC, 0x01, 0xFF, 0x00, 0x00, 0x00, 0x00, 0x00, 0x00, 0x00,
    0x00, 0x02, 0xFF, 0xF9, 0x00, 0x00, 0xBF, 0xFF, 0xFF, 0x00, 0x0F, 0xFF, 0xFF, 0xF8, 0x00, 0xFF,
    0xFE, 0xBF, 0xC0, 0x0F, 0xFF, 0x00, 0x0A, 0x00, 0x7F, 0xE0, 0x00, 0x00, 0x03, 0xFF, 0x00, 0x00,
    0x00, 0x1F, 0xF4, 0x00, 0x00, 0x00, 0xBF, 0xC0, 0x00, 0x00, 0x03, 0xFE, 0x00, 0x00, 0x00, 0x0F,
    0xF4, 0x00, 0x00, 0x00, 0x3F, 0xD0, 0x00, 0x00, 0x01, 0xFF, 0x40, 0x00, 0x00, 0x07, 0xFD, 0x00,
    0x00, 0x00, 0x0F, 0xF4, 0x00, 0x00, 0x00, 0x3F, 0xE0, 0x00, 0x00, 0x00, 0xFF, 0xD0, 0x00, 0x00,
    0x01, 0xFF, 0xF9, 0xAC, 0x00, 0x03, 0xFF, 0xFF, 0xF0, 0x00, 0x03, 0xFF, 0xFF, 0x80, 0x00, 0x01,
    0xFF, 0xFD, 0x00, 0x00, 0x00, 0x1F, 0xF0, 0x00, 0x00, 0x00, 0xBF, 0xC0, 0x00, 0x00, 0x02, 0xFE,
    0x00, 0x00, 0x00, 0x0F, 0xF4, 0x00, 0x00, 0x00, 0x3F, 0xC0, 0x00, 0x00, 0x01, 0xFF, 0x00, 0x00,
    0x00, 0x0B, 0xFC, 0x00, 0x00, 0x00, 0x00, 0x00, 0x00, 0x02, 0xFF, 0xF8, 0x01, 0xFF, 0xFF, 0xC0,
    0x3F, 0xFF, 0xF8, 0x0F, 0xFE, 0x5B, 0x41, 0xFF, 0x40, 0x00, 0x3F, 0xE0, 0x00, 0x03, 0xFD, 0x00,
    0x00, 0x7F, 0xC0, 0x00, 0x0B, 0xFC, 0x00, 0x00, 0xBF, 0x80, 0x00, 0x0B, 0xF8, 0x00, 0x00, 0xBF,
    0xC0, 0x00, 0x07, 0xFF, 0x56, 0x00, 0x3F, 0xFF, 0xF0, 0x01, 0xFF, 0xFE, 0x00, 0x02, 0xFF, 0xD0,
    0x00, 0x03, 0xFC, 0x00, 0x00, 0x7F, 0xC0, 0x00, 0x0B, 0xFC, 0x00, 0x00, 0xFF, 0x80, 0x00, 0x0F,
    0xF4, 0x00, 0x00, 0xFF, 0x00, 0x00, 0x1F, 0xF0, 0x00, 0x00, 0x00, 0x00, 0x00, 0x00, 0x00, 0x01,
    0xD0, 0x00, 0x00, 0x03, 0xD0, 0x00, 0x38, 0x0B, 0xC0, 0x00, 0x7F, 0x5F, 0x00, 0x00, 0x0F, 0xFE,
    0x00, 0x00, 0x01, 0xFE, 0x00, 0x00, 0x00, 0xFF, 0xE0, 0x00, 0x02, 0xF2, 0xFC, 0x10, 0x03, 0xD0,
    0x38, 0x3D, 0x0B, 0x80, 0x00, 0x3F, 0xDF, 0x00, 0x00, 0x07, 0xFE, 0x00, 0x00, 0x00, 0xFF, 0x80,
    0x00, 0x00, 0xFF, 0xF4, 0x00, 0x02, 0xF1, 0xFC, 0x00, 0x03, 0xD0, 0x18, 0x00, 0x0B, 0x80, 0x00,
    0x00, 0x07, 0x00, 0x00, 0x00, 0x00, 0x00, 0x00, 0x00, 0x00, 0x00, 0x00, 0x00, 0x00, 0x2F, 0x1F,
    0xFF, 0xFF, 0x3F, 0xFF, 0xFE, 0x7F, 0x55, 0x54, 0x28, 0x00, 0x00, 0x00, 0x00, 0x00, 0x00, 0x1F,
    0xF4, 0x1B, 0xFF, 0xFC, 0x7F, 0xFF, 0xFE, 0x7F, 0xE0, 0x7E, 0x14, 0x00, 0x14, 0x00, 0x0B, 0xE7,
    0xFE, 0xF4, 0x7C, 0x0B, 0xD0, 0x24, 0x00, 0x00, 0xFD, 0x1F, 0xF0, 0x7F, 0x03, 0xD3, 0xF4, 0x24,
    0x00, 0x01, 0xA4, 0x00, 0x03, 0xFF, 0xE4, 0x03, 0xFF, 0xFF, 0xF1, 0xFD, 0x6F, 0xFC, 0x7D, 0x00,
    0x6E, 0x00, 0x00, 0x00, 0x00, 0x02, 0xE4, 0x00, 0x00, 0x00, 0x00, 0x00, 0x00, 0x00, 0xFF, 0xE0,
    0x00, 0x00, 0x00, 0x00, 0x00, 0x00, 0x2C, 0x07, 0x00, 0x00, 0x00, 0x00, 0x00, 0x00, 0x01, 0x40,
    0x20, 0x00, 0x00, 0x00, 0x00, 0x00, 0x00, 0x00, 0x00, 0x00, 0x00, 0x00, 0x00, 0x02, 0xF8, 0x00,
    0x00, 0x00, 0x07, 0xF8, 0x00, 0x00, 0xFF, 0xF0, 0x00, 0x00, 0x01, 0xFF, 0xE0, 0x00, 0x1C, 0x03,
    0x40, 0x00, 0x00, 0x2C, 0x07, 0x00, 0x00, 0x40, 0x10, 0x00, 0x00, 0x01, 0x00, 0x10, 0x00, 0x00,
    0x00, 0x00, 0x00, 0x00, 0x00, 0x00, 0x00, 0x00, 0x00, 0x00, 0x00, 0x00, 0x00, 0x00, 0x00, 0x00,
    0x00, 0x00, 0x00, 0x00, 0x00, 0x00, 0x00, 0x00, 0x00, 0x00, 0x00, 0x00, 0x00, 0x00, 0x00, 0x00,
    0x00, 0x69, 0x00, 0x00, 0x00, 0x00, 0x00, 0x06, 0x90, 0x3F, 0xF8, 0x00, 0x00, 0x00, 0x00, 0x03,
    0xFF, 0x87, 0x56, 0xD0, 0x00, 0x00, 0x00, 0x00, 0x75, 0x6D, 0x60, 0x09, 0x00, 0x00, 0x00, 0x00,
    0x06, 0x00, 0x90, 0x00, 0x00, 0x00, 0x00, 0x00, 0x00, 0x00, 0x00, 0x00, 0x00, 0x00, 0x00, 0x00,
    0x00, 0x00, 0x00, 0x00, 0x00, 0x00, 0x00, 0x00, 0x00, 0x00, 0x00, 0x00, 0x00, 0x00, 0x00, 0x00,
    0x00, 0x00, 0x00, 0x00, 0x00, 0x00, 0x00, 0x00, 0x00, 0x00, 0x00, 0x00, 0x00, 0x00, 0x7F, 0xC0,
    0x00, 0x00, 0x00, 0x7F, 0x80, 0x00, 0x0F, 0xFF, 0x00, 0x00, 0x00, 0x1F, 0xFF, 0x00, 0x01, 0xC0,
    0x34, 0x00, 0x00, 0x02, 0x80, 0x70, 0x00, 0x00, 0x00, 0x00, 0x00, 0x00, 0x00, 0x01, 0x00, 0x00,
    0x00, 0x00, 0x00, 0x40, 0x00, 0x00, 0x00, 0x00, 0x00, 0x00, 0x00, 0xBF, 0xD0, 0x00, 0x00, 0x00,
    0x00, 0x00, 0x00, 0x1E, 0xAF, 0x00, 0x00, 0x00, 0x00, 0x00, 0x00, 0x02, 0x80, 0x34, 0x00, 0x00,
    0x00, 0x00, 0x00, 0x00, 0x00, 0x00, 0x00, 0x00, 0x00, 0x00, 0x00, 0x00, 0x00, 0x00, 0x38, 0x00,
    0x00, 0x00, 0x00, 0x00, 0x00, 0x00, 0x07, 0x80, 0x00, 0x00, 0x00, 0x00, 0x00, 0x00, 0x00, 0xF4,
    0x00, 0x00, 0x00, 0x00, 0x00, 0x00, 0x00, 0x0F, 0x00, 0x00, 0x00, 0x00, 0x00, 0x09, 0x00, 0x01,
    0xF0, 0x00, 0x00, 0x00, 0x00, 0x00, 0xF0, 0x00, 0x3F, 0x00, 0x00, 0x18, 0x00, 0x00, 0x0B, 0x80,
    0x00, 0x00, 0x00, 0x1F, 0xD0, 0x00, 0x00, 0x3D, 0x00, 0x00, 0x00, 0x1F, 0xF0, 0x00, 0x00, 0x02,
    0xF0, 0x00, 0x00, 0x02, 0xF8, 0x00, 0x00, 0x00, 0x0E, 0x00, 0x00, 0x00, 0x08, 0x00, 0x00, 0x00,
    0x00, 0x40, 0x00, 0x00, 0x00, 0x00, 0x00, 0x00, 0x00, 0x00, 0x00, 0x00, 0x00, 0x00, 0x00, 0x00,
    0x00, 0x00, 0x00, 0x00, 0x00, 0x00, 0x00, 0x00, 0x00, 0x00, 0x00, 0x00, 0x00, 0x00, 0x00, 0x00,
    0x00, 0x24, 0x00, 0x00, 0x00, 0x00, 0x00, 0x02, 0x40, 0x03, 0xFF, 0x80, 0x00, 0x00, 0x00, 0x00,
    0x3F, 0x90, 0x0B, 0xFC, 0x00, 0x00, 0x00, 0x00, 0x03, 0xFF, 0xC0, 0x06, 0xC0, 0x00, 0x00, 0x00,
    0x00, 0x00, 0x6C, 0x00, 0x00, 0x00, 0x00, 0x00, 0x00, 0x00, 0x00, 0x00, 0x00, 0x00, 0x00, 0x00,
    0x00, 0x00, 0x00, 0x00, 0x00, 0x00, 0x00, 0x00, 0x00, 0x00, 0x00, 0x00, 0x00, 0x00, 0x00, 0x00,
    0x00, 0x00, 0x00, 0x00, 0x00, 0x00, 0x00, 0x00, 0x00, 0x00, 0x00, 0x10, 0x00, 0x00, 0x00, 0x02,
    0x00, 0x00, 0x00, 0x0B, 0x00, 0x00, 0x00, 0x02, 0xF8, 0x00, 0x00, 0x00, 0xF8, 0x00, 0x00, 0x00,
    0xFF, 0x40, 0x00, 0x00, 0x07, 0xC0, 0x00, 0x00, 0x7F, 0x40, 0x00, 0xB8, 0x00, 0x2E, 0x00, 0x00,
    0x02, 0x40, 0x00, 0x0F, 0x80, 0x00, 0xF0, 0x00, 0x00, 0x00, 0x00, 0x00, 0xF0, 0x00, 0x06, 0x00,
    0x00, 0x00, 0x00, 0x00, 0x1F, 0x00, 0x00, 0x00, 0x00, 0x00, 0x00, 0x00, 0x01, 0xD0, 0x00, 0x00,
    0x00, 0x00, 0x00, 0x00, 0x00, 0x2C, 0x00, 0x00, 0x00, 0x00, 0x00, 0x00, 0x00, 0x00, 0x00, 0x00,
    0x00, 0x00, 0x00, 0x00, 0x00, 0xA9, 0x00, 0x2A, 0x80, 0x00, 0x03, 0xF8, 0x00, 0xFF, 0x00, 0x00,
    0x0F, 0xF4, 0x0F, 0xF4, 0x00, 0x00, 0x2F, 0xFF, 0xFF, 0x80, 0x00, 0x00, 0x2F, 0xFF, 0xF4, 0x00,
    0x00, 0x00, 0x05, 0x54, 0x00, 0x00, 0x00, 0x00, 0x00, 0x00, 0x00, 0x00, 0x0F, 0xF0, 0x00, 0x1F,
    0xFC, 0x00, 0x3F, 0xC0, 0x00, 0xFF, 0xF0, 0x01, 0xFE, 0x00, 0x0F, 0xFF, 0x80, 0x0B, 0xF4, 0x00,
    0xBF, 0xFD, 0x00, 0x3F, 0xC0, 0x07, 0xFF, 0xF4, 0x00, 0xFF, 0x00, 0x3F, 0xFF, 0xC0, 0x03, 0xFC,
    0x02, 0xFE, 0xFF, 0x00, 0x1F, 0xE0, 0x1F, 0xF7, 0xF8, 0x00, 0xBF, 0x40, 0xFF, 0x2F, 0xD0, 0x03,
    0xFC, 0x0F, 0xF4, 0xBF, 0x00, 0x0F, 0xF0, 0xBF, 0x83, 0xFC, 0x00, 0x3F, 0x87, 0xFC, 0x0F, 0xF0,
    0x01, 0xFD, 0x3F, 0xC0, 0x7F, 0x80, 0x0B, 0xF7, 0xFD, 0x02, 0xFD, 0x00, 0x3F, 0xEF, 0xF0, 0x0F,
    0xF0, 0x00, 0xFF, 0xFF, 0x00, 0x3F, 0xC0, 0x07, 0xFF, 0xF4, 0x00, 0xFE, 0x00, 0x1F, 0xFF, 0x80,
    0x07, 0xFF, 0xF8, 0xBF, 0xFC, 0x00, 0x2F, 0xFF, 0xD3, 0xFF, 0xC0, 0x00, 0xFF, 0xFF, 0x0F, 0xFD,
    0x00, 0x03, 0xFF, 0xF4, 0x00, 0x00, 0x00, 0x00, 0x3F, 0xC0, 0x00, 0x00, 0x00, 0x02, 0xFE, 0x00,
    0x00, 0x00, 0x00, 0x1F, 0xF0, 0x00, 0x00, 0x00, 0x00, 0xFF, 0x80, 0x00, 0x00, 0x00, 0x0B, 0xFC,
    0x00, 0x00, 0x00, 0x00, 0x3F, 0xE0, 0x00, 0x00, 0x00, 0x00, 0x00, 0x00, 0x00, 0x00, 0xFD, 0x00,
    0x2F, 0x80, 0x1F, 0xE0, 0x07, 0xF8, 0x00, 0xFF, 0x41, 0xFF, 0x00, 0x0B, 0xFF, 0xFF, 0xD0, 0x00,
    0x1F, 0xFF, 0xE0, 0x00, 0x00, 0x05, 0x40, 0x00, 0x00, 0x00, 0x00, 0x00, 0x00, 0x7F, 0xC0, 0x0F,
    0xF0, 0x0B, 0xF8, 0x01, 0xFF, 0x00, 0xFF, 0x80, 0x2F, 0xE0, 0x0F, 0xF4, 0x03, 0xFD, 0x00, 0xFF,
    0x00, 0x3F, 0xC0, 0x1F, 0xF0, 0x07, 0xFC, 0x02, 0xFE, 0x00, 0xBF, 0xC0, 0x3F, 0xD0, 0x0F, 0xF8,
    0x03, 0xFC, 0x00, 0xFF, 0x40, 0x3F, 0xC0, 0x1F, 0xF0, 0x07, 0xFC, 0x03, 0xFF, 0x00, 0x7F, 0xC0,
    0x7F, 0xE0, 0x07, 0xFD, 0x2F, 0xFE, 0x00, 0x3F, 0xFF, 0xFF, 0xFF, 0x83, 0xFF, 0xFA, 0xFF, 0xF4,
    0x0F, 0xFD, 0x2F, 0xFF, 0x00, 0x04, 0x00, 0x1F, 0xD0, 0x00, 0x00, 0x03, 0xFC, 0x00, 0x00, 0x00,
    0x7F, 0x80, 0x00, 0x00, 0x0F, 0xF0, 0x00, 0x00, 0x02, 0xFE, 0x00, 0x00, 0x00, 0x2A, 0x80, 0x00,
    0x00, 0x3F, 0xD0, 0x00, 0x00, 0x3F, 0xD0, 0x00, 0x06, 0xBF, 0xEA, 0x40, 0x0B, 0xFF, 0xFF, 0x80,
    0x0F, 0xFF, 0xFF, 0x40, 0x0B, 0xFF, 0xFF, 0x00, 0x00, 0xFF, 0x00, 0x00, 0x01, 0xFF, 0x00, 0x00,
    0x02, 0xFF, 0xA9, 0x00, 0x03, 0xFF, 0xFF, 0xD0, 0x03, 0xFF, 0xFF, 0xF4, 0x03, 0xFF, 0xFF, 0xFC,
    0x07, 0xFC, 0x0B, 0xFD, 0x0B, 0xFC, 0x03, 0xFE, 0x0F, 0xF8, 0x03, 0xFE, 0x0F, 0xF4, 0x03, 0xFD,
    0x1F, 0xF0, 0x0B, 0xFC, 0x2F, 0xFA, 0xBF, 0xF8, 0x2F, 0xFF, 0xFF, 0xF0, 0x3F, 0xFF, 0xFF, 0x80,
    0x3F, 0xFF, 0xF8, 0x00, 0x00, 0x00, 0x00, 0x00, 0x0F, 0xF4, 0x00, 0x00, 0xFF, 0x00, 0x00, 0x1F,
    0xF0, 0x00, 0x3F, 0xFF, 0xFF, 0x03, 0xFF, 0xFF, 0xF0, 0x3F, 0xFF, 0xFE, 0x00, 0x3F, 0xC0, 0x00,
    0x07, 0xFC, 0x00, 0x00, 0xBF, 0x80, 0x00, 0x0F, 0xF4, 0x00, 0x00, 0xFF, 0x00, 0x00, 0x1F, 0xF0,
    0x00, 0x01, 0xFF, 0xAE, 0x90, 0x2F, 0xFF, 0xFF, 0x83, 0xFF, 0xFF, 0xFD, 0x3F, 0xE4, 0x7F, 0xF7,
    0xFC, 0x01, 0xFF, 0x7F, 0xC0, 0x1F, 0xF7, 0xFC, 0x03, 0xFE, 0x3F, 0xFF, 0xFF, 0xC1, 0xFF, 0xFF,
    0xF0, 0x07, 0xFF, 0xF8, 0x00, 0x01, 0x50, 0x00, 0x00, 0x3F, 0xFF, 0xA4, 0x00, 0x03, 0xFF, 0xFF,
    0xF0, 0x00, 0x7F, 0xFF, 0xFF, 0xC0, 0x0B, 0xFF, 0xFF, 0xFD, 0x00, 0xFF, 0x80, 0x3F, 0xE0, 0x0F,
    0xF4, 0x02, 0xFF, 0x00, 0xFF, 0x00, 0x1F, 0xF0, 0x1F, 0xF0, 0x62, 0xFF, 0x02, 0xFF, 0x2F, 0xBF,
    0xE0, 0x3F, 0xE0, 0xFF, 0xFC, 0x03, 0xFF, 0xFF, 0xFF, 0x80, 0x3F, 0xFF, 0xFF, 0xE0, 0x07, 0xFF,
    0xFF, 0xF4, 0x00, 0xBF, 0xEA, 0x6F, 0x80, 0x0F, 0xF4, 0x00, 0xF4, 0x00, 0xFF, 0x40, 0x00, 0x00,
    0x1F, 0xF0, 0x00, 0x00, 0x01, 0xFF, 0x00, 0x00, 0x00, 0x2F, 0xE0, 0x00, 0x00, 0x03, 0xFD, 0x00,
    0x00, 0x00, 0x3F, 0xC0, 0x00, 0x00, 0x00, 0x00, 0x00, 0x00, 0x00, 0x00, 0x03, 0xF0, 0xBF, 0xC0,
    0x00, 0x7F, 0x3F, 0xFF, 0x00, 0x0B, 0xFF, 0xFF, 0xF8, 0x00, 0xFF, 0xE5, 0xFF, 0xC0, 0x0F, 0xF8,
    0x07, 0xFC, 0x01, 0xFF, 0x00, 0x7F, 0xC0, 0x1F, 0xE0, 0x07, 0xFC, 0x02, 0xFD, 0x00, 0x7F, 0xC0,
    0x3F, 0xC0, 0x0B, 0xFC, 0x03, 0xFC, 0x04, 0xFF, 0x80, 0x7F, 0xC7, 0xDF, 0xF0, 0x0B, 0xFC, 0xBF,
    0xFF, 0x00, 0xBF, 0xF7, 0xFF, 0xD0, 0x0F, 0xFF, 0xFF, 0xF8, 0x00, 0xFF, 0xBF, 0xFF, 0x00, 0x1F,
    0xF2, 0xFF, 0xF0, 0x02, 0xFE, 0x01, 0x2F, 0x80, 0x3F, 0xD0, 0x00, 0xE0, 0x03, 0xFD, 0x00, 0x00,
    0x00, 0x3F, 0xC0, 0x00, 0x00, 0x07, 0xFC, 0x00, 0x00, 0x00, 0xBF, 0x80, 0x00, 0x00, 0x0F, 0xF4,
    0x00, 0x00, 0x00, 0x00, 0x00, 0x00, 0x00, 0x00, 0x00, 0x00, 0x02, 0xFD, 0x00, 0x00, 0x00, 0x2F,
    0xD0, 0x00, 0x00, 0x03, 0xFC, 0x00, 0x00, 0x00, 0x3F, 0xC0, 0x03, 0xFF, 0xFF, 0xF8, 0x00, 0x3F,
    0xFF, 0xFF, 0x40, 0x07, 0xFF, 0xFF, 0xF0, 0x00, 0xBF, 0xFF, 0xFF, 0x00, 0x0F, 0xF8, 0x00, 0x00,
    0x00, 0xFF, 0x40, 0x00, 0x00, 0x0F, 0xF0, 0x00, 0x00, 0x01, 0xFF, 0x00, 0x00, 0x00, 0x2F, 0xF0,
    0x00, 0x00, 0x03, 0xFE, 0x00, 0x00, 0x00, 0x3F, 0xD0, 0x00, 0x00, 0x03, 0xFC, 0x00, 0x00, 0x00,
    0x7F, 0xC0, 0x00, 0x00, 0x0B, 0xF8, 0x00, 0x00, 0x00, 0xFF, 0x80, 0x00, 0x00, 0x0F, 0xF4, 0x00,
    0x00, 0x01, 0xFF, 0x00, 0x00, 0x00, 0x1F, 0xF0, 0x00, 0x00, 0x02, 0xFE, 0x00, 0x00, 0x00, 0x3F,
    0xD0, 0x00, 0x00, 0x03, 0xFD, 0x00, 0x00, 0x00, 0x00, 0x00, 0x00, 0x00, 0x00, 0x00, 0x03, 0xFC,
    0x00, 0x00, 0x03, 0xFC, 0x00, 0x00, 0x07, 0xF8, 0x00, 0x00, 0x0B, 0xF4, 0x00, 0xFF, 0xFF, 0xF0,
    0x01, 0xFF, 0xFF, 0xF0, 0x02, 0xFF, 0xFF, 0xF0, 0x03, 0xFF, 0xAA, 0x90, 0x03, 0xFD, 0x00, 0x00,
    0x07, 0xFC, 0x00, 0x00, 0x07, 0xFC, 0x00, 0x00, 0x0B, 0xF8, 0x00, 0x00, 0x0F, 0xF4, 0x00, 0x00,
    0x0F, 0xF4, 0x00, 0x00, 0x1F, 0xF0, 0x00, 0x00, 0x2F, 0xF0, 0x00, 0x00, 0x2F, 0xE0, 0x00, 0x00,
    0x3F, 0xD0, 0x00, 0x00, 0x3F, 0xC0, 0x00, 0x00, 0x7F, 0xC0, 0x00, 0x00, 0x00, 0x3F, 0xFF, 0xFF,
    0x80, 0x0F, 0xFF, 0xFF, 0xD0, 0x07, 0xFF, 0xFF, 0xF0, 0x02, 0xFF, 0xFF, 0xFC, 0x00, 0xFF, 0x80,
    0x00, 0x00, 0x3F, 0xD0, 0x00, 0x00, 0x0F, 0xF0, 0x00, 0x00, 0x07, 0xFC, 0x00, 0x00, 0x02, 0xFF,
    0x00, 0x00, 0x0F, 0xFF, 0xFF, 0xC0, 0x03, 0xFF, 0xFF, 0xE0, 0x01, 0xFF, 0xFF, 0xF4, 0x00, 0x2F,
    0xFE, 0xA8, 0x00, 0x02, 0xFE, 0x00, 0x00, 0x00, 0xFF, 0x80, 0x00, 0x00, 0x3F, 0xD0, 0x00, 0x00,
    0x1F, 0xF0, 0x00, 0x00, 0x0B, 0xFC, 0x00, 0x00, 0x02, 0xFE, 0x00, 0x00, 0x00, 0xFF, 0x40, 0x00,
    0x00, 0x3F, 0xD0, 0x00, 0x00, 0x00, 0x00, 0x3F, 0xFF, 0xFD, 0x00, 0x7F, 0xFF, 0xFC, 0x00, 0xBF,
    0xFF, 0xFC, 0x00, 0xFF, 0xEA, 0xA4, 0x00, 0xFF, 0x00, 0x00, 0x00, 0xFF, 0x00, 0x00, 0x06, 0xFF,
    0x54, 0x00, 0x2F, 0xFF, 0xFD, 0x00, 0x3F, 0xFF, 0xFC, 0x00, 0x3F, 0xFF, 0xFC, 0x00, 0x07, 0xFC,
    0x00, 0x00, 0x0B, 0xFC, 0x00, 0x00, 0x0B, 0xF8, 0x00, 0x00, 0x0F, 0xF4, 0x00, 0x00, 0x0F, 0xF0,
    0x00, 0x00, 0x1F, 0xF0, 0x00, 0x00, 0x00, 0x3F, 0xFF, 0xFF, 0x80, 0x0F, 0xFF, 0xFF, 0xD0, 0x07,
    0xFF, 0xFF, 0xF4, 0x02, 0xFF, 0xFF, 0xFC, 0x00, 0xFF, 0x80, 0x00, 0x00, 0x3F, 0xD0, 0x00, 0x00,
    0x0F, 0xF0, 0x00, 0x00, 0x07, 0xFC, 0x00, 0x00, 0x02, 0xFE, 0x00, 0x00, 0x00, 0xFF, 0xAA, 0x40,
    0x00, 0x3F, 0xFF, 0xFE, 0x00, 0x0F, 0xFF, 0xFF, 0xF0, 0x07, 0xFF, 0xFF, 0xFF, 0x02, 0xFE, 0x01,
    0xFF, 0xD0, 0xFF, 0x40, 0x1F, 0xF8, 0x3F, 0xC0, 0x03, 0xFF, 0x1F, 0xF0, 0x00, 0xBF, 0xC7, 0xFC,
    0x00, 0x1F, 0xF2, 0xFE, 0x00, 0x0B, 0xFC, 0xFF, 0x40, 0x02, 0xFF, 0x3F, 0xC0, 0x00, 0xFF, 0x80,
    0x00, 0x00, 0x3F, 0xD0, 0x00, 0x00, 0x3F, 0xF0, 0x00, 0x00, 0x2F, 0xF8, 0x01, 0xE5, 0xBF, 0xFC,
    0x00, 0xBF, 0xFF, 0xFC, 0x00, 0x2F, 0xFF, 0xFC, 0x00, 0x07, 0xFF, 0xF4, 0x00, 0x00, 0x01, 0x40,
    0x00, 0x00, 0x00, 0xFF, 0xFF, 0xF4, 0x07, 0xFF, 0xFF, 0xC0, 0x2F, 0xFF, 0xFF, 0x00, 0xFF, 0xEA,
    0xA4, 0x03, 0xFD, 0x00, 0x00, 0x0F, 0xF0, 0x00, 0x00, 0x7F, 0xC0, 0x00, 0x02, 0xFF, 0xFF, 0x40,
    0x0F, 0xFF, 0xFF, 0x40, 0x3F, 0xFF, 0xFF, 0x01, 0xFF, 0x5F, 0xFE, 0x0B, 0xFC, 0x0F, 0xFC, 0x2F,
    0xE0, 0x2F, 0xF0, 0xFF, 0x40, 0x7F, 0xC3, 0xFC, 0x01, 0xFF, 0x1F, 0xF0, 0x0B, 0xFC, 0x00, 0x00,
    0x3F, 0xE0, 0x00, 0x00, 0xFF, 0x40, 0x00, 0x0F, 0xFC, 0x02, 0xEA, 0xFF, 0xD0, 0x0F, 0xFF, 0xFE,
    0x00, 0x3F, 0xFF, 0xE0, 0x00, 0xBF, 0xF9, 0x00, 0x00, 0x00, 0x00, 0x00, 0x00, 0x2F, 0xD0, 0x02,
    0xFD, 0x00, 0x7F, 0xD0, 0x01, 0xFF, 0x00, 0x3F, 0xC0, 0x0F, 0xF8, 0x00, 0x0F, 0xF4, 0x03, 0xFC,
    0x03, 0xFF, 0x00, 0x00, 0xBF, 0x80, 0x7F, 0x80, 0xBF, 0xC0, 0x00, 0x03, 0xFC, 0x0B, 0xF8, 0x1F,
    0xF0, 0x00, 0x00, 0x3F, 0xD0, 0xFF, 0x43, 0xFD, 0x00, 0x00, 0x01, 0xFF, 0x0F, 0xF0, 0xFF, 0x80,
    0x00, 0x00, 0x0F, 0xF1, 0xFF, 0x2F, 0xE0, 0x00, 0x00, 0x00, 0xBF, 0xAF, 0xEB, 0xFC, 0x00, 0x00,
    0x00, 0x03, 0xFF, 0xFF, 0xFF, 0x00, 0x00, 0x00, 0x00, 0x7F, 0xFF, 0xFF, 0xE0, 0x00, 0x00, 0x00,
    0x1F, 0xFB, 0xFE, 0xFF, 0x00, 0x00, 0x00, 0x03, 0xFE, 0x7F, 0xCF, 0xF0, 0x00, 0x00, 0x00, 0xFF,
    0xCB, 0xF8, 0xFF, 0x80, 0x00, 0x00, 0x2F, 0xF0, 0xFF, 0x47, 0xFC, 0x00, 0x00, 0x07, 0xFD, 0x0F,
    0xF0, 0x3F, 0xD0, 0x00, 0x00, 0xFF, 0x80, 0xFF, 0x02, 0xFF, 0x00, 0x00, 0x3F, 0xF0, 0x1F, 0xF0,
    0x1F, 0xFA, 0x80, 0x0F, 0xFC, 0x02, 0xFE, 0x00, 0xFF, 0xFC, 0x02, 0xFF, 0x40, 0x3F, 0xD0, 0x0B,
    0xFF, 0x80, 0x7F, 0xD0, 0x03, 0xFC, 0x00, 0x3F, 0xF8, 0x00, 0x00, 0x00, 0x00, 0x00, 0x00, 0xFF,
    0x40, 0x00, 0x00, 0x00, 0x00, 0x00, 0x0F, 0xF0, 0x00, 0x00, 0x00, 0x00, 0x00, 0x01, 0xFF, 0x00,
    0x00, 0x00, 0x00, 0x00, 0x00, 0x2F, 0xE0, 0x00, 0x00, 0x00, 0x00, 0x00, 0x03, 0xFD, 0x00, 0x00,
    0x00, 0x00, 0x00, 0x00, 0x3F, 0xC0, 0x00, 0x00, 0x00, 0x00, 0x00, 0x00, 0x00, 0x00, 0x00, 0x00,
    0x00, 0x00, 0x00, 0x00, 0x00, 0x00, 0x3F, 0xF4, 0x00, 0x7F, 0x80, 0x0B, 0xFC, 0x03, 0xFF, 0xD0,
    0x0B, 0xF4, 0x07, 0xFF, 0xC0, 0x3F, 0xFF, 0x00, 0xFF, 0x01, 0xFF, 0xFC, 0x01, 0x5F, 0xF8, 0x0F,
    0xF0, 0x3F, 0xF5, 0x00, 0x00, 0xBF, 0x81, 0xFF, 0x0B, 0xFC, 0x00, 0x00, 0x07, 0xFC, 0x2F, 0xE0,
    0xFF, 0x40, 0x00, 0x00, 0x7F, 0xD7, 0xFE, 0x6F, 0xF0, 0x00, 0x00, 0x0B, 0xFF, 0xFF, 0xFF, 0xFE,
    0x00, 0x00, 0x00, 0xBF, 0xFF, 0xFF, 0xFF, 0xD0, 0x00, 0x00, 0x0F, 0xFA, 0xFF, 0xEB, 0xFD, 0x00,
    0x00, 0x01, 0xFF, 0x0B, 0xF4, 0x3F, 0xD0, 0x00, 0x00, 0x3F, 0xE0, 0xFF, 0x43, 0xFE, 0x00, 0x00,
    0x1F, 0xFC, 0x0F, 0xF0, 0x2F, 0xF4, 0x50, 0x3F, 0xFF, 0x81, 0xFF, 0x00, 0xFF, 0xFE, 0x03, 0xFF,
    0xE0, 0x1F, 0xE0, 0x0B, 0xFF, 0xD0, 0x3F, 0xF4, 0x02, 0xFD, 0x00, 0x1F, 0xFC, 0x00, 0x40, 0x00,
    0x00, 0x00, 0x00, 0x3F, 0xC0, 0x00, 0x00, 0x00, 0x00, 0x00, 0x03, 0xF8, 0x00, 0x00, 0x00, 0x00,
    0x00, 0x00, 0x7F, 0x40, 0x00, 0x00, 0x00, 0x00, 0x00, 0x0B, 0xF4, 0x00, 0x00, 0x00, 0x00, 0x00,
    0x00, 0xFF, 0x00, 0x00, 0x00, 0x00, 0x00, 0x00, 0x0A, 0xA0, 0x00, 0x00, 0x00, 0x00, 0x00, 0x00,
    0x1B, 0xFF, 0xF4, 0x00, 0x3F, 0xFF, 0xFF, 0xC0, 0x0B, 0xFF, 0xFF, 0xFC, 0x00, 0xFA, 0x5B, 0xFF,
    0x40, 0x10, 0x00, 0x7F, 0xD0, 0x00, 0x00, 0x0F, 0xF4, 0x00, 0x00, 0x03, 0xFC, 0x00, 0x00, 0x02,
    0xFF, 0x00, 0x05, 0xAB, 0xFF, 0x00, 0x07, 0xFF, 0xFE, 0x00, 0x01, 0xFF, 0xF9, 0x00, 0x00, 0xBF,
    0xFF, 0xE0, 0x00, 0x00, 0x1B, 0xFD, 0x00, 0x00, 0x00, 0xBF, 0xC0, 0x00, 0x00, 0x1F, 0xF0, 0x00,
    0x00, 0x0B, 0xFC, 0x00, 0x00, 0x07, 0xFE, 0x0B, 0x94, 0x1B, 0xFF, 0x42, 0xFF, 0xFF, 0xFF, 0x80,
    0xBF, 0xFF, 0xFF, 0x80, 0x0B, 0xFF, 0xFE, 0x40, 0x00, 0x01, 0xF8, 0x00, 0x00, 0x00, 0x3F, 0x00,
    0x00, 0x00, 0x0B, 0xD0, 0x00, 0x00, 0x02, 0xF8, 0x00, 0x00, 0x2A, 0xFD, 0x00, 0x00, 0x0F, 0xFF,
    0x00, 0x00, 0x03, 0xFE, 0x00, 0x00, 0x00, 0x00, 0x00, 0x00, 0x00, 0x00, 0x00, 0x00, 0x00, 0x6F,
    0xFF, 0xD0, 0x0B, 0xFF, 0xFF, 0x80, 0x3F, 0xFF, 0xFD, 0x02, 0x40, 0x3F, 0xE0, 0x00, 0x02, 0xFE,
    0x00, 0x00, 0x3F, 0xD0, 0x0A, 0xBF, 0xF8, 0x00, 0xFF, 0xF9, 0x00, 0x1F, 0xFF, 0xD0, 0x00, 0x56,
    0xFF, 0x40, 0x00, 0x0B, 0xF8, 0x00, 0x00, 0xBF, 0xC6, 0x40, 0x2F, 0xF8, 0xBF, 0xFF, 0xFF, 0x0B,
    0xFF, 0xFF, 0xD0, 0x7F, 0xFF, 0xE0, 0x00, 0x07, 0xF0, 0x00, 0x00, 0x2F, 0x40, 0x00, 0x01, 0xF8,
    0x00, 0x00, 0x1F, 0xC0, 0x00, 0x6B, 0xF8, 0x00, 0x0B, 0xFF, 0x40, 0x00, 0xBF, 0x90, 0x00, 0x00,
    0x00, 0x00, 0x00, 0x00, 0x3F, 0xD0, 0x03, 0xFE, 0x00, 0x0F, 0xF0, 0x03, 0xFF, 0x00, 0x07, 0xFC,
    0x02, 0xFF, 0x00, 0x02, 0xFF, 0x01, 0xFF, 0x40, 0x00, 0xFF, 0x81, 0xFF, 0x80, 0x00, 0x3F, 0xD0,
    0xFF, 0x80, 0x00, 0x0F, 0xF0, 0xFF, 0xC0, 0x00, 0x07, 0xFC, 0xBF, 0xC0, 0x00, 0x02, 0xFE, 0x7F,
    0xD0, 0x00, 0x00, 0xFF, 0xFF, 0xE0, 0x00, 0x00, 0x3F, 0xFF, 0xF0, 0x00, 0x00, 0x0F, 0xFB, 0xFC,
    0x00, 0x00, 0x07, 0xFC, 0xFF, 0x80, 0x00, 0x02, 0xFE, 0x2F, 0xF0, 0x00, 0x00, 0xFF, 0x47, 0xFD,
    0x00, 0x00, 0x3F, 0xD0, 0xFF, 0xC0, 0x00, 0x1F, 0xF0, 0x2F, 0xF0, 0x00, 0x07, 0xFC, 0x03, 0xFE,
    0xA9, 0x02, 0xFE, 0x00, 0xFF, 0xFF, 0x80, 0xFF, 0x40, 0x1F, 0xFF, 0xD0, 0x3F, 0xC0, 0x03, 0xFF,
    0xF0, 0x00, 0x00, 0x00, 0x07, 0xFC, 0x00, 0x00, 0x00, 0x02, 0xFE, 0x00, 0x00, 0x00, 0x00, 0xFF,
    0x40, 0x00, 0x00, 0x00, 0x3F, 0xC0, 0x00, 0x00, 0x00, 0x1F, 0xF0, 0x00, 0x00, 0x00, 0x0B, 0xFC,
    0x00, 0x00, 0x00, 0x00, 0x00, 0x00, 0x00, 0xFF, 0x00, 0x7F, 0xD0, 0x1F, 0xF0, 0x1F, 0xF8, 0x02,
    0xFE, 0x03, 0xFE, 0x00, 0x3F, 0xD0, 0xFF, 0xC0, 0x03, 0xFD, 0x3F, 0xF0, 0x00, 0x3F, 0xCB, 0xFC,
    0x00, 0x07, 0xFE, 0xFF, 0x40, 0x00, 0xBF, 0xFF, 0xD0, 0x00, 0x0F, 0xFF, 0xFC, 0x00, 0x00, 0xFF,
    0x3F, 0xE0, 0x00, 0x1F, 0xF1, 0xFF, 0x00, 0x02, 0xFF, 0x0F, 0xF8, 0x00, 0x2F, 0xE0, 0xBF, 0xEA,
    0x43, 0xFD, 0x03, 0xFF, 0xF4, 0x3F, 0xC0, 0x2F, 0xFF, 0x07, 0xFC, 0x00, 0xFF, 0xF0, 0x00, 0x00,
    0x00, 0xFF, 0x00, 0x00, 0x00, 0x1F, 0xE0, 0x00, 0x00, 0x01, 0xFD, 0x00, 0x00, 0x00, 0x2F, 0xC0,
    0x00, 0x00, 0x03, 0xFC, 0x00, 0x00, 0x00, 0x2A, 0x80, 0x00, 0x3F, 0xD0, 0x01, 0xFF, 0x40, 0x0F,
    0xF4, 0x01, 0xFF, 0x80, 0x07, 0xFC, 0x3C, 0xFF, 0x80, 0x02, 0xFF, 0x1E, 0xFF, 0x80, 0x00, 0xFF,
    0x8B, 0xFF, 0xC0, 0x00, 0x3F, 0xD3, 0xFF, 0xC0, 0x00, 0x0F, 0xF0, 0xFF, 0xC0, 0x00, 0x07, 0xFC,
    0x7F, 0xD0, 0x00, 0x02, 0xFF, 0x3F, 0xD0, 0x00, 0x00, 0xFF, 0xBF, 0xD0, 0x00, 0x00, 0x3F, 0xFF,
    0xF0, 0x00, 0x00, 0x0F, 0xFB, 0xFC, 0x00, 0x00, 0x07, 0xFC, 0xFF, 0x80, 0x00, 0x02, 0xFE, 0x2F,
    0xF0, 0x00, 0x00, 0xFF, 0x8B, 0xFD, 0x00, 0x00, 0x3F, 0xD3, 0xFF, 0xC0, 0x00, 0x1F, 0xF0, 0xFF,
    0xF4, 0x00, 0x07, 0xFC, 0x7A, 0xFF, 0x00, 0x02, 0xFE, 0x19, 0x3F, 0xD0, 0x00, 0xFF, 0x40, 0x0F,
    0xFC, 0x00, 0x3F, 0xD0, 0x01, 0xFF, 0x40, 0x00, 0x01, 0xFF, 0x00, 0xBF, 0xC0, 0x2F, 0xE1, 0x1F,
    0xF4, 0x03, 0xFD, 0xBB, 0xFD, 0x00, 0x3F, 0xDF, 0xFF, 0x80, 0x07, 0xFC, 0xFF, 0xE0, 0x00, 0x7F,
    0xCF, 0xFC, 0x00, 0x0B, 0xFB, 0xFF, 0x00, 0x00, 0xFF, 0xFF, 0xC0, 0x00, 0x0F, 0xFF, 0xFC, 0x00,
    0x01, 0xFF, 0x3F, 0xD0, 0x00, 0x2F, 0xF7, 0xFF, 0x00, 0x03, 0xFE, 0x7F, 0xF4, 0x00, 0x3F, 0xDB,
    0xFF, 0xC0, 0x03, 0xFC, 0xF3, 0xFD, 0x00, 0x7F, 0xCA, 0x2F, 0xF0, 0x0B, 0xF8, 0x00, 0xFF, 0x40,
    0x00, 0x3F, 0xD0, 0x03, 0xFE, 0x00, 0x0F, 0xF4, 0x03, 0xFF, 0x00, 0x7F, 0xFF, 0xC2, 0xFF, 0x40,
    0x2F, 0xFF, 0xE1, 0xFF, 0x80, 0x0F, 0xFF, 0xF8, 0xFF, 0x80, 0x02, 0xFF, 0xFD, 0xFF, 0xC0, 0x00,
    0x0F, 0xF0, 0xBF, 0xC0, 0x00, 0x07, 0xFC, 0xBF, 0xD0, 0x00, 0x02, 0xFF, 0x7F, 0xD0, 0x00, 0x00,
    0xFF, 0xBF, 0xE0, 0x00, 0x00, 0x3F, 0xFF, 0xF0, 0x00, 0x00, 0x0F, 0xFB, 0xFC, 0x00, 0x00, 0x07,
    0xFC, 0xFF, 0x80, 0x00, 0x02, 0xFE, 0x2F, 0xF0, 0x00, 0x00, 0xFF, 0x83, 0xFD, 0x00, 0x00, 0x3F,
    0xD0, 0xFF, 0xC0, 0x00, 0x1F, 0xF0, 0x1F, 0xF4, 0x00, 0x0B, 0xFC, 0x03, 0xFE, 0x00, 0x02, 0xFE,
    0x00, 0xBF, 0xC0, 0x00, 0xFF, 0x40, 0x0F, 0xF8, 0x00, 0x3F, 0xD0, 0x03, 0xFF, 0x00, 0x00, 0x00,
    0x00, 0x00, 0x00, 0x00, 0x03, 0xFD, 0x00, 0x00, 0x00, 0x3F, 0xC0, 0x00, 0x00, 0xBF, 0xFF, 0xFC,
    0x00, 0x0F, 0xFF, 0xFF, 0xC0, 0x00, 0xFF, 0xFF, 0xFC, 0x00, 0x00, 0xFF, 0x40, 0x00, 0x00, 0x0F,
    0xF0, 0x07, 0xFD, 0x01, 0xFF, 0x01, 0xFF, 0x80, 0x2F, 0xE0, 0x3F, 0xE0, 0x03, 0xFD, 0x0F, 0xFC,
    0x00, 0x3F, 0xD3, 0xFF, 0x00, 0x03, 0xFC, 0xBF, 0xC0, 0x00, 0x7F, 0xEF, 0xF4, 0x00, 0x0B, 0xFF,
    0xFD, 0x00, 0x00, 0xFF, 0xFF, 0xC0, 0x00, 0x0F, 0xF3, 0xFE, 0x00, 0x01, 0xFF, 0x1F, 0xF0, 0x00,
    0x2F, 0xF0, 0xFF, 0x80, 0x02, 0xFE, 0x0B, 0xFC, 0x00, 0x3F, 0xD0, 0x3F, 0xE0, 0x03, 0xFC, 0x02,
    0xFF, 0x00, 0x7F, 0xC0, 0x0F, 0xF8, 0x00, 0x3F, 0xFF, 0xF0, 0x01, 0xFF, 0x4F, 0xFF, 0xFC, 0x00,
    0xFF, 0xC7, 0xFF, 0xFE, 0x00, 0xFF, 0xC1, 0xFF, 0xFF, 0x40, 0xFF, 0xC0, 0x00, 0x3F, 0xC0, 0xBF,
    0xD0, 0x00, 0x1F, 0xF0, 0x7F, 0xD0, 0x00, 0x0B, 0xFC, 0x3F, 0xE0, 0x00, 0x03, 0xFE, 0x3F, 0xF0,
    0x00, 0x00, 0xFF, 0x6F, 0xF0, 0x00, 0x00, 0x7F, 0xEF, 0xF0, 0x00, 0x00, 0x1F, 0xFF, 0xF8, 0x00,
    0x00, 0x0B, 0xFB, 0xFF, 0x00, 0x00, 0x03, 0xFE, 0x7F, 0xC0, 0x00, 0x00, 0xFF, 0x4F, 0xF8, 0x00,
    0x00, 0x7F, 0xC2, 0xFF, 0x00, 0x00, 0x2F, 0xF0, 0x3F, 0xD0, 0x00, 0x0B, 0xF8, 0x0F, 0xFC, 0x00,
    0x03, 0xFD, 0x01, 0xFF, 0x40, 0x00, 0xFF, 0x40, 0x3F, 0xF0, 0x00, 0x7F, 0xC0, 0x0B, 0xFC, 0x00,
    0x2F, 0xF0, 0x01, 0xFF, 0x80, 0x00, 0x7F, 0xFF, 0xE0, 0x0F, 0xFC, 0xBF, 0xFF, 0xD0, 0x2F, 0xF0,
    0xFF, 0xFF, 0xC0, 0xBF, 0xD0, 0x55, 0xBF, 0xC1, 0xFF, 0x40, 0x00, 0xBF, 0xC7, 0xFE, 0x00, 0x00,
    0xBF, 0x8F, 0xF8, 0x00, 0x00, 0xFF, 0x7F, 0xF0, 0x00, 0x00, 0xFF, 0xFF, 0xC0, 0x00, 0x01, 0xFF,
    0xFF, 0x80, 0x00, 0x02, 0xFE, 0x7F, 0xC0, 0x00, 0x03, 0xFE, 0x3F, 0xE0, 0x00, 0x03, 0xFD, 0x1F,
    0xF0, 0x00, 0x03, 0xFC, 0x0F, 0xF8, 0x00, 0x07, 0xFC, 0x0B, 0xFC, 0x00, 0x0B, 0xF8, 0x03, 0xFE,
    0x00, 0x0F, 0xF4, 0x02, 0xFF, 0x00, 0x00, 0x3F, 0xD0, 0x00, 0xBF, 0x40, 0x0F, 0xF0, 0x00, 0x3F,
    0xD0, 0x07, 0xFC, 0x00, 0x1F, 0xF0, 0x02, 0xFF, 0x00, 0x07, 0xFC, 0x00, 0xFF, 0x80, 0x02, 0xFE,
    0x00, 0x3F, 0xD0, 0x00, 0xFF, 0x40, 0x0F, 0xF0, 0x00, 0x3F, 0xC0, 0x07, 0xFC, 0x00, 0x1F, 0xF0,
    0x02, 0xFF, 0xAA, 0xAF, 0xFC, 0x00, 0xFF, 0xFF, 0xFF, 0xFE, 0x00, 0x3F, 0xFF, 0xFF, 0xFF, 0x40,
    0x0F, 0xFF, 0xFF, 0xFF, 0xC0, 0x07, 0xFC, 0x00, 0x1F, 0xF0, 0x02, 0xFE, 0x00, 0x0B, 0xF8, 0x00,
    0xFF, 0x40, 0x03, 0xFE, 0x00, 0x3F, 0xD0, 0x00, 0xFF, 0x40, 0x1F, 0xF0, 0x00, 0x3F, 0xC0, 0x07,
    0xFC, 0x00, 0x1F, 0xFA, 0x92, 0xFE, 0x00, 0x0B, 0xFF, 0xF8, 0xFF, 0x40, 0x03, 0xFF, 0xFE, 0x3F,
    0xC0, 0x00, 0xFF, 0xFF, 0x40, 0x00, 0x00, 0x00, 0x3F, 0xC0, 0x00, 0x00, 0x00, 0x1F, 0xF0, 0x00,
    0x00, 0x00, 0x0B, 0xF8, 0x00, 0x00, 0x00, 0x03, 0xFD, 0x00, 0x00, 0x00, 0x00, 0xFF, 0x00, 0x00,
    0x00, 0x00, 0x7F, 0xC0, 0x00, 0x00, 0x00, 0x00, 0x00, 0x00, 0xFF, 0x00, 0x3F, 0xD0, 0x07, 0xFC,
    0x00, 0xFF, 0x00, 0x2F, 0xF0, 0x07, 0xFC, 0x00, 0xFF, 0x80, 0x2F, 0xE0, 0x03, 0xFD, 0x00, 0xFF,
    0x80, 0x0F, 0xF0, 0x03, 0xFD, 0x00, 0x7F, 0xFF, 0xFF, 0xF0, 0x02, 0xFF, 0xFF, 0xFF, 0xC0, 0x0F,
    0xFF, 0xFF, 0xFE, 0x00, 0x3F, 0xE5, 0x5F, 0xF4, 0x01, 0xFF, 0x00, 0x3F, 0xC0, 0x0B, 0xFC, 0x01,
    0xFF, 0x00, 0x2F, 0xE0, 0x0B, 0xFE, 0xA0, 0xFF, 0x40, 0x3F, 0xFF, 0xC3, 0xFC, 0x00, 0xFF, 0xFE,
    0x1F, 0xF0, 0x03, 0xFF, 0xF4, 0x00, 0x00, 0x00, 0x3F, 0xD0, 0x00, 0x00, 0x00, 0xFF, 0x00, 0x00,
    0x00, 0x03, 0xFC, 0x00, 0x00, 0x00, 0x1F, 0xE0, 0x00, 0x00, 0x00, 0xBF, 0x40, 0x00, 0x00, 0x02,
    0xA8, 0x00, 0x00, 0x3F, 0xD0, 0x00, 0xBF, 0xFF, 0x80, 0x0F, 0xF0, 0x00, 0x3F, 0xFF, 0xE0, 0x07,
    0xFC, 0x00, 0x1F, 0xFF, 0xF4, 0x02, 0xFF, 0x00, 0x07, 0xFF, 0xFD, 0x00, 0xFF, 0x80, 0x02, 0xFE,
    0x00, 0x00, 0x3F, 0xD0, 0x00, 0xFF, 0x40, 0x00, 0x0F, 0xF0, 0x00, 0x3F, 0xC0, 0x00, 0x07, 0xFC,
    0x00, 0x1F, 0xF0, 0x00, 0x02, 0xFF, 0xAA, 0xAF, 0xFC, 0x00, 0x00, 0xFF, 0xFF, 0xFF, 0xFE, 0x00,
    0x00, 0x3F, 0xFF, 0xFF, 0xFF, 0x40, 0x00, 0x0F, 0xFF, 0xFF, 0xFF, 0xC0, 0x00, 0x07, 0xFC, 0x00,
    0x1F, 0xF0, 0x00, 0x02, 0xFE, 0x00, 0x0B, 0xF8, 0x00, 0x00, 0xFF, 0x40, 0x03, 0xFE, 0x00, 0x00,
    0x3F, 0xD0, 0x00, 0xFF, 0x40, 0x00, 0x1F, 0xF0, 0x00, 0x3F, 0xC0, 0x00, 0x07, 0xFC, 0x00, 0x1F,
    0xF0, 0x00, 0x02, 0xFE, 0x00, 0x0B, 0xF8, 0x00, 0x00, 0xFF, 0x40, 0x03, 0xFD, 0x00, 0x00, 0x3F,
    0xC0, 0x00, 0xFF, 0x40, 0x00, 0x00, 0x00, 0xFF, 0x00, 0x3F, 0xFF, 0xF0, 0x07, 0xFC, 0x00, 0xFF,
    0xFF, 0xC0, 0x2F, 0xE0, 0x07, 0xFF, 0xFF, 0x00, 0xFF, 0x80, 0x2F, 0xF5, 0x50, 0x03, 0xFD, 0x00,
    0xBF, 0x80, 0x00, 0x0F, 0xF0, 0x03, 0xFD, 0x00, 0x00, 0x7F, 0xFF, 0xFF, 0xF0, 0x00, 0x02, 0xFF,
    0xFF, 0xFF, 0xC0, 0x00, 0x0F, 0xFF, 0xFF, 0xFE, 0x00, 0x00, 0x3F, 0xE5, 0x5F, 0xF4, 0x00, 0x01,
    0xFF, 0x00, 0x3F, 0xD0, 0x00, 0x0B, 0xFC, 0x01, 0xFF, 0x00, 0x00, 0x2F, 0xE0, 0x07, 0xFC, 0x00,
    0x00, 0xFF, 0x40, 0x2F, 0xE0, 0x00, 0x03, 0xFC, 0x00, 0xFF, 0x40, 0x00, 0x1F, 0xF0, 0x03, 0xFC,
    0x00, 0x00, 0x00, 0x3F, 0xFF, 0xFF, 0xFF, 0x00, 0x00, 0x00, 0x3F, 0xFF, 0xFF, 0xFF, 0x00, 0x00,
    0x00, 0x7F, 0xFF, 0xFF, 0xFE, 0x00, 0x00, 0x00, 0xBF, 0xFF, 0xFF, 0xFD, 0x00, 0x00, 0x00, 0xFF,
    0x80, 0x03, 0xFC, 0x00, 0x00, 0x00, 0xFF, 0x40, 0x07, 0xFC, 0x00, 0x00, 0x00, 0xFF, 0x00, 0x0B,
    0xFC, 0x00, 0x00, 0x01, 0xFF, 0x00, 0x0B, 0xF8, 0x00, 0x00, 0x02, 0xFF, 0x00, 0x0F, 0xF4, 0x00,
    0x00, 0x03, 0xFE, 0x00, 0x0F, 0xFA, 0xA4, 0x00, 0x03, 0xFD, 0x00, 0x1F, 0xFF, 0xFF, 0x80, 0x03,
    0xFC, 0x00, 0x2F, 0xFF, 0xFF, 0xE0, 0x07, 0xFC, 0x00, 0x3F, 0xFF, 0xFF, 0xF4, 0x0B, 0xF8, 0x00,
    0x3F, 0xD0, 0x2F, 0xFC, 0x0F, 0xF4, 0x00, 0x3F, 0xC0, 0x0B, 0xFD, 0x0F, 0xF4, 0x00, 0x7F, 0xC0,
    0x03, 0xFD, 0x1F, 0xF0, 0x00, 0xBF, 0x80, 0x03, 0xFE, 0x1F, 0xF0, 0x00, 0xFF, 0x40, 0x03, 0xFE,
    0x2F, 0xE0, 0x00, 0xFF, 0x40, 0x03, 0xFE, 0x3F, 0xD0, 0x01, 0xFF, 0x00, 0x03, 0xFD, 0x3F, 0xC0,
    0x01, 0xFF, 0x00, 0x03, 0xFD, 0x00, 0x00, 0x00, 0x00, 0x00, 0x0B, 0xFC, 0x00, 0x00, 0x00, 0x00,
    0x00, 0x0F, 0xF8, 0x00, 0x00, 0x00, 0x00, 0x00, 0x3F, 0xF0, 0x00, 0x00, 0x00, 0x0E, 0x56, 0xFF,
    0xE0, 0x00, 0x00, 0x00, 0x0F, 0xFF, 0xFF, 0xC0, 0x00, 0x00, 0x00, 0x0F, 0xFF, 0xFE, 0x00, 0x00,
    0x00, 0x00, 0x0B, 0xFF, 0xF4, 0x00, 0x00, 0x00, 0x00, 0x00, 0x14, 0x00, 0x00, 0x00, 0xFF, 0xFF,
    0xFF, 0xC0, 0x00, 0x07, 0xFF, 0xFF, 0xFF, 0x00, 0x00, 0x2F, 0xFF, 0xFF, 0xF8, 0x00, 0x00, 0xFF,
    0x95, 0x7F, 0xD0, 0x00, 0x03, 0xFD, 0x00, 0xFF, 0x00, 0x00, 0x0F, 0xF0, 0x07, 0xFC, 0x00, 0x00,
    0x7F, 0xC0, 0x1F, 0xF0, 0x00, 0x02, 0xFE, 0x00, 0xBF, 0xFF, 0xD0, 0x0F, 0xF4, 0x03, 0xFF, 0xFF,
    0xD0, 0x3F, 0xC0, 0x0F, 0xFF, 0xFF, 0xC1, 0xFF, 0x00, 0x7F, 0xD7, 0xFF, 0x8B, 0xFC, 0x02, 0xFE,
    0x03, 0xFF, 0x2F, 0xE0, 0x0F, 0xF8, 0x0B, 0xFC, 0xFF, 0x40, 0x3F, 0xD0, 0x1F, 0xF3, 0xFC, 0x00,
    0xFF, 0x00, 0x7F, 0xDF, 0xF0, 0x07, 0xFC, 0x02, 0xFF, 0x00, 0x00, 0x00, 0x00, 0x0F, 0xF8, 0x00,
    0x00, 0x00, 0x00, 0x7F, 0xD0, 0x00, 0x00, 0x00, 0x03, 0xFF, 0x00, 0x00, 0x00, 0xFA, 0xBF, 0xF4,
    0x00, 0x00, 0x03, 0xFF, 0xFF, 0x80, 0x00, 0x00, 0x0F, 0xFF, 0xF8, 0x00, 0x00, 0x00, 0x2F, 0xFE,
    0x40, 0x00, 0x00, 0x00, 0x00, 0x00, 0x00, 0x00, 0x00, 0x00, 0x00, 0x00, 0x00, 0x01, 0xBF, 0xFC,
    0x00, 0x00, 0x0F, 0xFF, 0xFC, 0x00, 0x00, 0x3F, 0xFF, 0xF8, 0x00, 0x00, 0xFF, 0xF9, 0xA0, 0x00,
    0x03, 0xFF, 0x80, 0x00, 0x00, 0x07, 0xFE, 0x01, 0xFF, 0xC0, 0x0F, 0xFC, 0x0B, 0xFF, 0xF0, 0x1F,
    0xF4, 0x1F, 0xFF, 0xF8, 0x2F, 0xF0, 0x3F, 0xE3, 0xFC, 0x3F, 0xE0, 0x7F, 0xC3, 0xFC, 0x3F, 0xD0,
    0xBF, 0x43, 0xFC, 0x3F, 0xD0, 0xFF, 0x03, 0xFC, 0x3F, 0xC0, 0xFF, 0x07, 0xFC, 0x3F, 0xC0, 0xFF,
    0x0B, 0xF4, 0x3F, 0xD0, 0xFF, 0x0F, 0xF0, 0x3F, 0xE0, 0xFF, 0x3F, 0xE0, 0x3F, 0xF0, 0xBF, 0xFF,
    0xC0, 0x1F, 0xFD, 0x7F, 0xFF, 0x00, 0x0B, 0xFF, 0xFF, 0xFE, 0x60, 0x03, 0xFF, 0xFF, 0xFF, 0xF0,
    0x00, 0x7F, 0xFF, 0xFF, 0xF0, 0x00, 0x00, 0x50, 0x7F, 0xF0, 0x00, 0x00, 0x00, 0x00, 0x00, 0x00,
    0x00, 0x00, 0x00, 0x00, 0x2F, 0xFE, 0x00, 0x01, 0xFF, 0xFE, 0x00, 0x07, 0xFF, 0xFC, 0x00, 0x0F,
    0xFE, 0x04, 0x00, 0x2F, 0xF4, 0x2F, 0xE0, 0x3F, 0xE0, 0xFF, 0xFC, 0x7F, 0xC3, 0xFF, 0xFD, 0xBF,
    0xC3, 0xF8, 0xFE, 0xBF, 0x87, 0xF0, 0xFE, 0xBF, 0x8B, 0xF0, 0xFD, 0xBF, 0x8B, 0xF1, 0xFC, 0xBF,
    0xC7, 0xF3, 0xF8, 0x7F, 0xD3, 0xFF, 0xF0, 0x3F, 0xFF, 0xFF, 0xC0, 0x1F, 0xFF, 0xFF, 0xFC, 0x03,
    0xFF, 0xFF, 0xFC, 0x00, 0x14, 0x07, 0xFC, 0x00, 0x00, 0x00, 0x00, 0x00, 0x00, 0x00, 0x00, 0x00,
    0x00, 0x02, 0xFF, 0xF9, 0x00, 0x00, 0xBF, 0xFF, 0xFF, 0x00, 0x0F, 0xFF, 0xFF, 0xF8, 0x00, 0xFF,
    0xFE, 0xBF, 0xC0, 0x0F, 0xFF, 0x00, 0x0A, 0x00, 0x7F, 0xE0, 0x00, 0x00, 0x03, 0xFF, 0x00, 0x00,
    0x00, 0x1F, 0xF4, 0x00, 0x00, 0x00, 0xBF, 0xC0, 0x00, 0x00, 0x03, 0xFE, 0x00, 0x00, 0x00, 0x0F,
    0xF4, 0x00, 0x00, 0x00, 0x3F, 0xD0, 0x00, 0x00, 0x01, 0xFF, 0x40, 0x00, 0x00, 0x07, 0xFD, 0x00,
    0x00, 0x00, 0x0F, 0xF4, 0x00, 0x00, 0x00, 0x3F, 0xE0, 0x00, 0x00, 0x00, 0xFF, 0xD0, 0x00, 0x40,
    0x01, 0xFF, 0xE5, 0xAF, 0x00, 0x03, 0xFF, 0xFF, 0xFC, 0x00, 0x03, 0xFF, 0xFF, 0xF0, 0x00, 0x01,
    0xFF, 0xFE, 0x40, 0x00, 0x00, 0x2F, 0x40, 0x00, 0x00, 0x00, 0x3F, 0x00, 0x00, 0x00, 0x00, 0xBD,
    0x00, 0x00, 0x00, 0x03, 0xF4, 0x00, 0x00, 0x03, 0xBF, 0xD0, 0x00, 0x00, 0x0F, 0xFF, 0x00, 0x00,
    0x00, 0x3F, 0xE0, 0x00, 0x00, 0x00, 0x00, 0x00, 0x00, 0x00, 0x00, 0x00, 0x00, 0x00, 0x02, 0xFF,
    0xF8, 0x01, 0xFF, 0xFF, 0xC0, 0x3F, 0xFF, 0xF8, 0x0F, 0xFE, 0x5B, 0x42, 0xFF, 0x40, 0x00, 0x3F,
    0xE0, 0x00, 0x07, 0xFD, 0x00, 0x00, 0x7F, 0xC0, 0x00, 0x0B, 0xFC, 0x00, 0x00, 0xBF, 0x80, 0x00,
    0x0B, 0xF8, 0x00, 0x00, 0xBF, 0xC0, 0x00, 0x07, 0xFF, 0x56, 0xC0, 0x3F, 0xFF, 0xFC, 0x01, 0xFF,
    0xFF, 0xC0, 0x03, 0xFF, 0xF4, 0x00, 0x07, 0xE0, 0x00, 0x00, 0x3F, 0x00, 0x00, 0x02, 0xF4, 0x00,
    0x00, 0x2F, 0x80, 0x00, 0xAB, 0xF4, 0x00, 0x0F, 0xFF, 0x00, 0x00, 0xFF, 0x80, 0x00, 0x00, 0x00,
    0x00, 0x00, 0x2F, 0xFF, 0xFF, 0xFD, 0x3F, 0xFF, 0xFF, 0xFD, 0x7F, 0xFF, 0xFF, 0xFC, 0x7F, 0xFF,
    0xFF, 0xF8, 0x00, 0x2F, 0xE0, 0x00, 0x00, 0x3F, 0xD0, 0x00, 0x00, 0x3F, 0xC0, 0x00, 0x00, 0x7F,
    0xC0, 0x00, 0x00, 0xBF, 0xC0, 0x00, 0x00, 0xFF, 0x80, 0x00, 0x00, 0xFF, 0x40, 0x00, 0x00, 0xFF,
    0x00, 0x00, 0x01, 0xFF, 0x00, 0x00, 0x02, 0xFE, 0x00, 0x00, 0x03, 0xFE, 0x00, 0x00, 0x03, 0xFD,
    0x00, 0x00, 0x07, 0xFC, 0x00, 0x00, 0x07, 0xFE, 0xA4, 0x00, 0x0B, 0xFF, 0xF8, 0x00, 0x0F, 0xFF,
    0xF4, 0x00, 0x0F, 0xFF, 0xF4, 0x00, 0x00, 0x0F, 0xF0, 0x00, 0x00, 0x1F, 0xF0, 0x00, 0x00, 0x2F,
    0xE0, 0x00, 0x00, 0x3F, 0xD0, 0x00, 0x00, 0x3F, 0xC0, 0x00, 0x00, 0x7F, 0xC0, 0x00, 0x00, 0x00,
    0x00, 0x00, 0x00, 0x00, 0x00, 0x00, 0x00, 0x00, 0x00, 0x0F, 0xC2, 0xFF, 0x40, 0xBF, 0xD0, 0x01,
    0xFC, 0xFF, 0xFC, 0x3F, 0xFF, 0x00, 0x2F, 0xEF, 0xFF, 0xEF, 0xFF, 0xF8, 0x03, 0xFF, 0xD7, 0xFF,
    0xF5, 0xFF, 0xC0, 0x3F, 0xF0, 0x1F, 0xFC, 0x07, 0xFC, 0x03, 0xFE, 0x01, 0xFF, 0x40, 0x7F, 0xC0,
    0x7F, 0xC0, 0x2F, 0xF0, 0x0B, 0xF8, 0x0B, 0xF8, 0x02, 0xFE, 0x00, 0xFF, 0x40, 0xFF, 0x40, 0x3F,
    0xD0, 0x0F, 0xF4, 0x0F, 0xF0, 0x03, 0xFC, 0x00, 0xFF, 0x01, 0xFF, 0x00, 0x7F, 0xC0, 0x1F, 0xF0,
    0x2F, 0xF0, 0x0B, 0xF8, 0x02, 0xFE, 0x02, 0xFE, 0x00, 0xFF, 0x40, 0x2F, 0xF5, 0x3F, 0xD0, 0x0F,
    0xF4, 0x02, 0xFF, 0xE3, 0xFC, 0x00, 0xFF, 0x00, 0x1F, 0xFD, 0x7F, 0xC0, 0x1F, 0xF0, 0x00, 0xBF,
    0xC0, 0x00, 0x00, 0x00, 0x00, 0x03, 0xFC, 0x00, 0x00, 0x00, 0x00, 0x00, 0x3F, 0x80, 0x00, 0x00,
    0x00, 0x00, 0x07, 0xF8, 0x00, 0x00, 0x00, 0x00, 0x00, 0xBF, 0x40, 0x00, 0x00, 0x00, 0x00, 0x0F,
    0xF0, 0x00, 0x00, 0x00, 0x00, 0x00, 0xAA, 0x00, 0x3F, 0xC0, 0x00, 0xFF, 0x83, 0xFD, 0x00, 0x2F,
    0xF0, 0x2F, 0xE0, 0x03, 0xFE, 0x01, 0xFF, 0x00, 0xFF, 0xC0, 0x0F, 0xF0, 0x1F, 0xF0, 0x00, 0xFF,
    0x43, 0xFD, 0x00, 0x0B, 0xF4, 0xBF, 0xC0, 0x00, 0x7F, 0x9F, 0xF0, 0x00, 0x03, 0xFF, 0xFD, 0x00,
    0x00, 0x3F, 0xFF, 0x80, 0x00, 0x02, 0xFF, 0xF0, 0x00, 0x00, 0x1F, 0xFD, 0x00, 0x00, 0x00, 0xFF,
    0x80, 0x00, 0x00, 0x0F, 0xF0, 0x00, 0x00, 0x01, 0xFF, 0x00, 0x00, 0x00, 0x2F, 0xF0, 0x00, 0x00,
    0x02, 0xFE, 0x00, 0x00, 0x00, 0x3F, 0xD0, 0x00, 0x00, 0x03, 0xFC, 0x00, 0x00, 0x00, 0x7F, 0xC0,
    0x00, 0x00, 0x0B, 0xF8, 0x00, 0x00, 0x00, 0x7F, 0x80, 0x03, 0xFD, 0x7F, 0xC0, 0x0B, 0xFC, 0x3F,
    0xC0, 0x0F, 0xF4, 0x3F, 0xC0, 0x2F, 0xF0, 0x3F, 0xC0, 0x3F, 0xC0, 0x3F, 0xC0, 0xBF, 0x80, 0x2F,
    0xC0, 0xFF, 0x00, 0x2F, 0xC2, 0xFE, 0x00, 0x1F, 0xD3, 0xFC, 0x00, 0x1F, 0xDB, 0xF4, 0x00, 0x0F,
    0xDF, 0xF0, 0x00, 0x0F, 0xFF, 0xD0, 0x00, 0x0F, 0xFF, 0xC0, 0x00, 0x0F, 0xFF, 0x40, 0x00, 0x0B,
    0xFF, 0x00, 0x00, 0x0B, 0xFC, 0x00, 0x00, 0x0B, 0xFC, 0x00, 0x00, 0x0F, 0xF8, 0x00, 0x00, 0x0F,
    0xF4, 0x00, 0x00, 0x0F, 0xF0, 0x00, 0x00, 0x1F, 0xF0, 0x00, 0x00, 0x2F, 0xF0, 0x00, 0x00, 0x3F,
    0xE0, 0x00, 0x00, 0x0F, 0xF0, 0x00, 0x3F, 0xE0, 0x3F, 0xD0, 0x02, 0xFF, 0x00, 0xBF, 0x80, 0x0F,
    0xF8, 0x01, 0xFF, 0x00, 0xFF, 0xC0, 0x03, 0xFC, 0x07, 0xFC, 0x00, 0x0F, 0xF4, 0x3F, 0xD0, 0x00,
    0x2F, 0xD2, 0xFF, 0x00, 0x00, 0x7F, 0x9F, 0xF0, 0x00, 0x00, 0xFF, 0xFF, 0x40, 0x00, 0x03, 0xFF,
    0xF8, 0x00, 0x00, 0x0B, 0xFF, 0xC0, 0x00, 0x00, 0x1F, 0xFD, 0x00, 0x00, 0x00, 0x3F, 0xE0, 0x00,
    0x00, 0xAA, 0xFF, 0xAA, 0x00, 0x07, 0xFF, 0xFF, 0xFC, 0x00, 0x2F, 0xFF, 0xFF, 0xF0, 0x00, 0xFF,
    0xFF, 0xFF, 0xC0, 0x00, 0x03, 0xFD, 0x00, 0x00, 0x00, 0x0F, 0xF0, 0x00, 0x00, 0x00, 0x7F, 0xC0,
    0x00, 0x00, 0x02, 0xFE, 0x00, 0x00, 0x00, 0x07, 0xF8, 0x00, 0x3F, 0xD0, 0x7F, 0xC0, 0x0B, 0xFC,
    0x03, 0xFC, 0x00, 0xFF, 0x40, 0x3F, 0xC0, 0x2F, 0xF0, 0x03, 0xFC, 0x03, 0xFC, 0x00, 0x3F, 0xC0,
    0xBF, 0x80, 0x02, 0xFC, 0x0F, 0xF0, 0x00, 0x2F, 0xC2, 0xFE, 0x00, 0x01, 0xFD, 0x3F, 0xC0, 0x00,
    0x1F, 0xDB, 0xF4, 0x00, 0x00, 0xFD, 0xFF, 0x00, 0x00, 0x0F, 0xFF, 0xD0, 0x00, 0x00, 0xFF, 0xFC,
    0x00, 0x00, 0x0F, 0xFF, 0x40, 0x00, 0x00, 0xBF, 0xF0, 0x00, 0x00, 0x0B, 0xFC, 0x00, 0x00, 0x7F,
    0xFF, 0xFF, 0x80, 0x07, 0xFF, 0xFF, 0xF8, 0x00, 0xBF, 0xFF, 0xFF, 0x40, 0x01, 0x5F, 0xF5, 0x50,
    0x00, 0x01, 0xFF, 0x00, 0x00, 0x00, 0x2F, 0xF0, 0x00, 0x00, 0x03, 0xFE, 0x00, 0x00, 0x00, 0x00,
    0x2F, 0xE0, 0x00, 0x3F, 0xE0, 0x01, 0xFF, 0x00, 0x0F, 0xFC, 0x00, 0x0F, 0xF4, 0x02, 0xFF, 0x00,
    0x00, 0xBF, 0x80, 0x7F, 0xD0, 0x00, 0x07, 0xFC, 0x0F, 0xF8, 0x00, 0x00, 0x3F, 0xD2, 0xFF, 0x00,
    0x00, 0x02, 0xFE, 0x7F, 0xC0, 0x00, 0x00, 0x1F, 0xFF, 0xF4, 0x00, 0x00, 0x00, 0xFF, 0xFE, 0x00,
    0x00, 0x00, 0x0B, 0xFF, 0xC0, 0x00, 0x00, 0x00, 0xBF, 0xF4, 0x00, 0x00, 0x00, 0x2F, 0xFF, 0x80,
    0x00, 0x00, 0x07, 0xFF, 0xFC, 0x00, 0x00, 0x00, 0xFF, 0xBF, 0xD0, 0x00, 0x00, 0x3F, 0xF3, 0xFE,
    0x00, 0x00, 0x0B, 0xFC, 0x1F, 0xF0, 0x00, 0x01, 0xFF, 0x40, 0xFF, 0x40, 0x00, 0x3F, 0xE0, 0x0F,
    0xFE, 0xA0, 0x0F, 0xFC, 0x00, 0x7F, 0xFF, 0x42, 0xFF, 0x40, 0x03, 0xFF, 0xF0, 0x7F, 0xE0, 0x00,
    0x3F, 0xFF, 0x00, 0x00, 0x00, 0x00, 0x2F, 0xE0, 0x00, 0x00, 0x00, 0x03, 0xFD, 0x00, 0x00, 0x00,
    0x00, 0x3F, 0xC0, 0x00, 0x00, 0x00, 0x07, 0xFC, 0x00, 0x00, 0x00, 0x00, 0xBF, 0xC0, 0x00, 0x00,
    0x00, 0x0B, 0xF8, 0x00, 0x00, 0x00, 0x00, 0x00, 0x00, 0x00, 0x7F, 0xD0, 0x0F, 0xFC, 0x00, 0x3F,
    0xE0, 0x3F, 0xF0, 0x00, 0x2F, 0xF0, 0xBF, 0xD0, 0x00, 0x0F, 0xF4, 0xFF, 0x40, 0x00, 0x0F, 0xFB,
    0xFE, 0x00, 0x00, 0x07, 0xFF, 0xFC, 0x00, 0x00, 0x03, 0xFF, 0xF0, 0x00, 0x00, 0x02, 0xFF, 0xC0,
    0x00, 0x00, 0x03, 0xFF, 0xC0, 0x00, 0x00, 0x0F, 0xFF, 0xD0, 0x00, 0x00, 0x2F, 0xFF, 0xF0, 0x00,
    0x00, 0x7F, 0xDF, 0xF0, 0x00, 0x01, 0xFF, 0x4F, 0xFE, 0xA0, 0x03, 0xFE, 0x07, 0xFF, 0xF0, 0x0F,
    0xFC, 0x03, 0xFF, 0xF0, 0x2F, 0xF4, 0x03, 0xFF, 0xE0, 0x00, 0x00, 0x00, 0x2F, 0xD0, 0x00, 0x00,
    0x00, 0x3F, 0xC0, 0x00, 0x00, 0x00, 0x3F, 0xC0, 0x00, 0x00, 0x00, 0x7F, 0x80, 0x00, 0x00, 0x00,
    0xBF, 0x40, 0x00, 0x00, 0x00, 0xAA, 0x00, 0x2F, 0xFF, 0xFF, 0xFC, 0x3F, 0xD3, 0xFF, 0xFF, 0xFF,
    0xC3, 0xFC, 0x7F, 0xFF, 0xFF, 0xF8, 0x7F, 0xC7, 0xFF, 0xFF, 0xFF, 0x4B, 0xFC, 0x00, 0x2F, 0xE0,
    0x00, 0xFF, 0x80, 0x03, 0xFD, 0x00, 0x0F, 0xF4, 0x00, 0x3F, 0xC0, 0x00, 0xFF, 0x00, 0x07, 0xFC,
    0x00, 0x1F, 0xF0, 0x00, 0xBF, 0xC0, 0x02, 0xFE, 0x00, 0x0F, 0xF8, 0x00, 0x3F, 0xD0, 0x00, 0xFF,
    0x40, 0x03, 0xFD, 0x00, 0x0F, 0xF0, 0x00, 0x7F, 0xC0, 0x01, 0xFF, 0x00, 0x07, 0xFC, 0x00, 0x2F,
    0xE0, 0x00, 0xBF, 0x80, 0x03, 0xFE, 0x00, 0x0F, 0xF4, 0x00, 0x3F, 0xD0, 0x00, 0xFF, 0x00, 0x07,
    0xFC, 0x00, 0x1F, 0xF0, 0x00, 0x7F, 0xEA, 0xAB, 0xFF, 0xF8, 0x0B, 0xFF, 0xFF, 0xFF, 0xFF, 0x80,
    0xFF, 0xFF, 0xFF, 0xFF, 0xF4, 0x0F, 0xFF, 0xFF, 0xFF, 0xFF, 0x00, 0x00, 0x00, 0x00, 0x1F, 0xF0,
    0x00, 0x00, 0x00, 0x02, 0xFE, 0x00, 0x00, 0x00, 0x00, 0x3F, 0xD0, 0x00, 0x00, 0x00, 0x03, 0xFD,
    0x00, 0x00, 0x00, 0x00, 0x7F, 0xC0, 0x00, 0x00, 0x00, 0x07, 0xFC, 0x00, 0x00, 0x00, 0x00, 0x00,
    0x00, 0x3F, 0xFF, 0xFF, 0x1F, 0xF7, 0xFF, 0xFF, 0xF2, 0xFE, 0xBF, 0xFF, 0xFF, 0x3F, 0xD1, 0x5F,
    0xF5, 0x43, 0xFC, 0x01, 0xFF, 0x00, 0x7F, 0xC0, 0x2F, 0xE0, 0x0B, 0xFC, 0x03, 0xFD, 0x00, 0xBF,
    0x80, 0x3F, 0xD0, 0x0F, 0xF4, 0x03, 0xFC, 0x00, 0xFF, 0x00, 0x7F, 0xC0, 0x2F, 0xF0, 0x0B, 0xF8,
    0x03, 0xFE, 0x00, 0xBF, 0x80, 0xBF, 0xE0, 0x0B, 0xFD, 0x6F, 0xFF, 0x50, 0x7F, 0xFF, 0xFF, 0xFD,
    0x03, 0xFF, 0xF4, 0xFF, 0xD0, 0x0F, 0xFD, 0x0B, 0xFC, 0x00, 0x04, 0x00, 0x3F, 0xC0, 0x00, 0x00,
    0x03, 0xF8, 0x00, 0x00, 0x00, 0x7F, 0x40, 0x00, 0x00, 0x0B, 0xF0, 0x00, 0x00, 0x00, 0xFF, 0x00,
    0x00, 0x00, 0x0A, 0xA0, 0x0B, 0xF8, 0x00, 0x2F, 0xE0, 0x3F, 0xD0, 0x00, 0xFF, 0x80, 0xFF, 0x40,
    0x03, 0xFD, 0x07, 0xFC, 0x00, 0x1F, 0xF0, 0x1F, 0xF0, 0x00, 0x7F, 0xC0, 0xBF, 0x80, 0x02, 0xFE,
    0x03, 0xFD, 0x00, 0x0F, 0xF4, 0x0F, 0xF0, 0x00, 0x3F, 0xC0, 0x7F, 0xC0, 0x01, 0xFF, 0x01, 0xFF,
    0x40, 0x0B, 0xFC, 0x07, 0xFF, 0x9B, 0xFF, 0xE0, 0x0F, 0xFF, 0xFF, 0xFF, 0x40, 0x1F, 0xFF, 0xFF,
    0xFC, 0x00, 0x1F, 0xFF, 0x5F, 0xF0, 0x00, 0x00, 0x00, 0xBF, 0x80, 0x00, 0x00, 0x03, 0xFE, 0x00,
    0x00, 0x00, 0x0F, 0xF4, 0x00, 0x00, 0x00, 0x3F, 0xEA, 0x80, 0x00, 0x01, 0xFF, 0xFF, 0x00, 0x00,
    0x0B, 0xFF, 0xF8, 0x00, 0x00, 0x3F, 0xFF, 0xE0, 0x00, 0x00, 0x00, 0xFF, 0x40, 0x00, 0x00, 0x03,
    0xFC, 0x00, 0x00, 0x00, 0x1F, 0xF0, 0x00, 0x00, 0x00, 0xBF, 0x80, 0x00, 0x00, 0x03, 0xFD, 0x00,
    0x00, 0x00, 0x0F, 0xF0, 0x00, 0x00, 0x00, 0x00, 0x00, 0x2F, 0xE0, 0x07, 0xF8, 0x3F, 0xD0, 0x0B,
    0xF8, 0x3F, 0xD0, 0x0F, 0xF4, 0x7F, 0xC0, 0x0F, 0xF0, 0x7F, 0xC0, 0x2F, 0xF0, 0xBF, 0x80, 0x3F,
    0xE0, 0xBF, 0x80, 0xBF, 0xD0, 0xBF, 0xD6, 0xFF, 0xD0, 0x7F, 0xFF, 0xFF, 0xC0, 0x3F, 0xFF, 0xBF,
    0xC0, 0x0B, 0xF8, 0xBF, 0x80, 0x00, 0x00, 0xFF, 0x40, 0x00, 0x00, 0xFF, 0xA8, 0x00, 0x01, 0xFF,
    0xFC, 0x00, 0x02, 0xFF, 0xFC, 0x00, 0x02, 0xFF, 0xFC, 0x00, 0x00, 0x03, 0xF8, 0x00, 0x00, 0x07,
    0xF4, 0x00, 0x00, 0x0B, 0xF0, 0x00, 0x00, 0x0F, 0xF0, 0x00, 0x00, 0x0F, 0xE0, 0x00, 0x00, 0x1A,
    0x90, 0x0B, 0xF8, 0x00, 0x2F, 0xE0, 0xFF, 0x80, 0x03, 0xFE, 0x0F, 0xF4, 0x00, 0x3F, 0xD1, 0xFF,
    0x00, 0x07, 0xFC, 0x2F, 0xF0, 0x00, 0x7F, 0xC2, 0xFE, 0x00, 0x0B, 0xF8, 0x3F, 0xE1, 0xF0, 0xFF,
    0x83, 0xFD, 0x2E, 0x0F, 0xF4, 0x7F, 0xC3, 0xD1, 0xFF, 0x07, 0xFD, 0x3C, 0x2F, 0xF0, 0x7F, 0xFB,
    0xFF, 0xFE, 0x03, 0xFF, 0xFF, 0xFF, 0xD0, 0x2F, 0xFF, 0xFF, 0xFD, 0x00, 0x7F, 0xFE, 0xBF, 0xC0,
    0x00, 0x1F, 0x0B, 0xFC, 0x00, 0x01, 0xF0, 0xFF, 0x80, 0x00, 0x1E, 0x0F, 0xF4, 0x00, 0x02, 0xD0,
    0xFF, 0x00, 0x00, 0x18, 0x1F, 0xF0, 0x00, 0x00, 0x02, 0xFF, 0x00, 0x00, 0x00, 0x3F, 0xE0, 0x00,
    0x2F, 0xE0, 0x03, 0xFC, 0x3F, 0xD0, 0x07, 0xFC, 0x3F, 0xD0, 0x0B, 0xF8, 0x7F, 0xC0, 0x0F, 0xF4,
    0x7F, 0xC6, 0x1F, 0xF0, 0xBF, 0x8F, 0x2F, 0xF0, 0xBF, 0xCF, 0x7F, 0xF0, 0xBF, 0xEF, 0xFF, 0xE0,
    0x7F, 0xFF, 0xFF, 0xD0, 0x3F, 0xFF, 0xBF, 0xC0, 0x0B, 0xFD, 0x7F, 0xC0, 0x00, 0x7C, 0xBF, 0x80,
    0x00, 0x78, 0xFF, 0x40, 0x00, 0xB4, 0xFF, 0x40, 0x00, 0x00, 0xFF, 0x00, 0x00, 0x01, 0xFF, 0x00,
    0x00, 0x3F, 0xD0, 0x00, 0x00, 0x03, 0xFD, 0x00, 0x00, 0x00, 0x7F, 0xC0, 0x00, 0x00, 0x0B, 0xFC,
    0x00, 0x00, 0x00, 0xFF, 0x80, 0x00, 0x00, 0x0F, 0xF4, 0x00, 0x00, 0x00, 0xFF, 0x40, 0x00, 0x00,
    0x1F, 0xF2, 0xFF, 0xE0, 0x02, 0xFF, 0xFF, 0xFF, 0xC0, 0x3F, 0xFF, 0xFF, 0xFE, 0x03, 0xFF, 0xFA,
    0xFF, 0xF0, 0x3F, 0xE0, 0x03, 0xFF, 0x07, 0xFC, 0x00, 0x2F, 0xF0, 0xBF, 0xC0, 0x02, 0xFF, 0x0F,
    0xF8, 0x00, 0x3F, 0xE0, 0xFF, 0x40, 0x03, 0xFD, 0x1F, 0xF0, 0x00, 0x7F, 0xC1, 0xFF, 0x00, 0x07,
    0xFC, 0x2F, 0xE0, 0x00, 0xBF, 0xC3, 0xFE, 0x00, 0x0F, 0xF8, 0x3F, 0xD0, 0x00, 0xFF, 0x40, 0x00,
    0x00, 0x00, 0x00, 0x00, 0x0F, 0xF4, 0x00, 0x00, 0x03, 0xFC, 0x00, 0x00, 0x01, 0xFF, 0x00, 0x00,
    0x00, 0xBF, 0x80, 0x00, 0x00, 0x3F, 0xE0, 0x00, 0x00, 0x0F, 0xF4, 0x00, 0x00, 0x03, 0xFC, 0xBF,
    0xD0, 0x01, 0xFE, 0xFF, 0xFD, 0x00, 0xBF, 0xFF, 0xFF, 0xC0, 0x3F, 0xFD, 0x7F, 0xF0, 0x0F, 0xFC,
    0x07, 0xFC, 0x07, 0xFE, 0x00, 0xFF, 0x01, 0xFF, 0x00, 0x7F, 0xC0, 0xBF, 0x80, 0x2F, 0xE0, 0x3F,
    0xD0, 0x0F, 0xF4, 0x0F, 0xF0, 0x03, 0xFD, 0x07, 0xFC, 0x00, 0xFF, 0x02, 0xFF, 0x00, 0x7F, 0xC0,
    0xBF, 0x80, 0x2F, 0xE0, 0x3F, 0xD0, 0x0F, 0xF4, 0x0F, 0xF0, 0x03, 0xFC, 0x07, 0xFC, 0x01, 0xFF,
    0x00, 0x00, 0x00, 0x00, 0x00, 0x00, 0x00, 0x00, 0x00, 0x01, 0xBF, 0xF8, 0x00, 0x00, 0x00, 0x3F,
    0xFF, 0xFD, 0x00, 0x00, 0x07, 0xFF, 0xFF, 0xFC, 0x00, 0x00, 0x3F, 0xFE, 0xBF, 0xF4, 0x00, 0x03,
    0xFF, 0x80, 0x3F, 0xE0, 0xA8, 0x2F, 0xF8, 0x00, 0xBF, 0x8B, 0xF0, 0xFF, 0xC0, 0x03, 0xFE, 0x3F,
    0xC7, 0xFC, 0x00, 0x2F, 0xF4, 0xFF, 0x7F, 0xF5, 0x6B, 0xFF, 0xC3, 0xFF, 0xFF, 0xFF, 0xFF, 0xFC,
    0x07, 0xFF, 0xFF, 0xFF, 0xFF, 0x80, 0x02, 0xFF, 0xFF, 0xFF, 0x90, 0x00, 0x00, 0x7F, 0xC0, 0x00,
    0x00, 0x00, 0x01, 0xFF, 0x00, 0x00, 0x00, 0x00, 0x07, 0xFC, 0x00, 0x00, 0x00, 0x00, 0x0F, 0xF8,
    0x00, 0x00, 0x00, 0x00, 0x3F, 0xF0, 0x00, 0x00, 0x00, 0x00, 0x7F, 0xF9, 0x5B, 0xD0, 0x00, 0x00,
    0xFF, 0xFF, 0xFF, 0x40, 0x00, 0x00, 0xFF, 0xFF, 0xFD, 0x00, 0x00, 0x00, 0xBF, 0xFF, 0xD0, 0x00,
    0x00, 0x00, 0x05, 0x40, 0x00, 0x00, 0x00, 0x00, 0x00, 0x00, 0x00, 0x00, 0x00, 0x7F, 0xFD, 0x00,
    0x00, 0x0F, 0xFF, 0xFE, 0x00, 0x00, 0xFF, 0xFF, 0xFC, 0x15, 0x0F, 0xFD, 0x0F, 0xF5, 0xF8, 0x7F,
    0xC0, 0x2F, 0xEB, 0xE3, 0xFE, 0x00, 0xFF, 0x6F, 0xDF, 0xF4, 0x6F, 0xFC, 0x7F, 0xFF, 0xFF, 0xFF,
    0xC0, 0xBF, 0xFF, 0xFF, 0xF8, 0x00, 0x1F, 0xFE, 0xA5, 0x00, 0x00, 0x2F, 0xE0, 0x00, 0x00, 0x00,
    0xBF, 0xC0, 0x00, 0x00, 0x01, 0xFF, 0x80, 0x1C, 0x00, 0x03, 0xFF, 0xFF, 0xF0, 0x00, 0x03, 0xFF,
    0xFF, 0xC0, 0x00, 0x02, 0xFF, 0xF9, 0x00, 0x00, 0x00, 0x14, 0x00, 0x00, 0x00, 0x00, 0x00, 0x00,
    0x00, 0x00, 0x00, 0x00, 0x01, 0xBF, 0xF8, 0x00, 0x00, 0x00, 0x3F, 0xFF, 0xFD, 0x00, 0x00, 0x07,
    0xFF, 0xFF, 0xFC, 0x00, 0x00, 0x3F, 0xFE, 0xBF, 0xF4, 0x00, 0x03, 0xFF, 0x80, 0x3F, 0xE0, 0xA8,
    0x2F, 0xF8, 0x00, 0xBF, 0x8B, 0xF0, 0xFF, 0xC0, 0x03, 0xFE, 0x3F, 0xC7, 0xFC, 0x00, 0x2F, 0xF4,
    0xFF, 0x7F, 0xF5, 0x6B, 0xFF, 0xC3, 0xFF, 0xFF, 0xFF, 0xFF, 0xFC, 0x07, 0xFF, 0xFF, 0xFF, 0xFF,
    0x80, 0x02, 0xFF, 0xFF, 0xFF, 0x90, 0x00, 0x00, 0x7F, 0xC0, 0x00, 0x00, 0x00, 0x01, 0xFF, 0x00,
    0x00, 0x00, 0x00, 0x07, 0xFC, 0x00, 0x00, 0x00, 0x00, 0x0F, 0xF8, 0x00, 0x00, 0x00, 0x00, 0x3F,
    0xF0, 0x00, 0x00, 0x00, 0x00, 0x7F, 0xF9, 0x5B, 0xD0, 0x00, 0x00, 0xFF, 0xFF, 0xFF, 0x40, 0x00,
    0x00, 0xFF, 0xFF, 0xFD, 0x00, 0x00, 0x00, 0xBF, 0xFF, 0xD0, 0x00, 0x00, 0x00, 0xBF, 0x80, 0x00,
    0x00, 0x00, 0x03, 0xFD, 0x00, 0x00, 0x00, 0x00, 0x0F, 0xF0, 0x00, 0x00, 0x00, 0x00, 0x7F, 0xC0,
    0x00, 0x00, 0x00, 0x01, 0xFF, 0x00, 0x00, 0x00, 0x00, 0x0B, 0xF8, 0x00, 0x00, 0x00, 0x00, 0x00,
    0x00, 0x00, 0x00, 0x00, 0x00, 0x00, 0x00, 0x00, 0x00, 0x00, 0x7F, 0xFD, 0x00, 0x00, 0x0F, 0xFF,
    0xFE, 0x00, 0x00, 0xFF, 0xFF, 0xFC, 0x15, 0x0F, 0xFD, 0x0F, 0xF5, 0xF8, 0x7F, 0xC0, 0x2F, 0xEB,
    0xE3, 0xFE, 0x00, 0xFF, 0x6F, 0xDF, 0xF4, 0x6F, 0xFC, 0x7F, 0xFF, 0xFF, 0xFF, 0xC0, 0xBF, 0xFF,
    0xFF, 0xF8, 0x00, 0x1F, 0xFE, 0xA5, 0x00, 0x00, 0x2F, 0xE0, 0x00, 0x00, 0x00, 0xBF, 0xC0, 0x00,
    0x00, 0x01, 0xFF, 0x80, 0x1C, 0x00, 0x03, 0xFF, 0xFF, 0xF0, 0x00, 0x03, 0xFF, 0xFF, 0xC0, 0x00,
    0x02, 0xFF, 0xF9, 0x00, 0x00, 0x03, 0xFC, 0x00, 0x00, 0x00, 0x0F, 0xE0, 0x00, 0x00, 0x00, 0x7F,
    0x80, 0x00, 0x00, 0x02, 0xFD, 0x00, 0x00, 0x00, 0x0F, 0xF0, 0x00, 0x00, 0x00, 0x2A, 0x80, 0x00,
    0x00, 0x00, 0x7F, 0xFF, 0xE0, 0x0B, 0xFF, 0xFE, 0x00, 0xFF, 0xFF, 0xC0, 0x01, 0xFF, 0xD0, 0x00,
    0x0F, 0xF4, 0x00, 0x00, 0xFF, 0x00, 0x00, 0x1F, 0xF0, 0x00, 0x02, 0xFF, 0x00, 0x00, 0x3F, 0xE0,
    0x00, 0x03, 0xFD, 0x00, 0x00, 0x3F, 0xC0, 0x00, 0x07, 0xFC, 0x00, 0x00, 0xBF, 0x80, 0x00, 0x0F,
    0xF8, 0x00, 0x00, 0xFF, 0x40, 0x00, 0x1F, 0xF0, 0x00, 0x01, 0xFF, 0x00, 0x00, 0x7F, 0xF0, 0x00,
    0x3F, 0xFF, 0xE0, 0x0B, 0xFF, 0xFE, 0x00, 0xBF, 0xFF, 0xD0, 0x00, 0x00, 0x00, 0x00, 0x00, 0x00,
    0x00, 0x00, 0x00, 0x00, 0x00, 0x00, 0x3F, 0x40, 0xFF, 0x00, 0x00, 0x00, 0x00, 0x00, 0xFE, 0x0B,
    0xF4, 0x00, 0x00, 0x00, 0x00, 0x02, 0xFF, 0xFF, 0x80, 0x00, 0x00, 0x00, 0x00, 0x02, 0xFF, 0xF8,
    0x00, 0x00, 0x00, 0x00, 0x00, 0x00, 0x54, 0x00, 0x00, 0x00, 0x00, 0x00, 0x00, 0x00, 0x00, 0x00,
    0x00, 0x00, 0x07, 0xF8, 0x00, 0x3F, 0xC0, 0x07, 0xFD, 0x00, 0x0F, 0xF0, 0x00, 0xFF, 0x00, 0x3F,
    0xE0, 0x00, 0x2F, 0xE0, 0x07, 0xFC, 0x03, 0xFF, 0x00, 0x00, 0x3F, 0xC0, 0x2F, 0xE0, 0x2F, 0xF0,
    0x00, 0x00, 0xBF, 0x80, 0xFF, 0x42, 0xFF, 0x40, 0x00, 0x00, 0xFF, 0x03, 0xFC, 0x1F, 0xF8, 0x00,
    0x00, 0x02, 0xFD, 0x0F, 0xF0, 0xFF, 0x80, 0x00, 0x00, 0x07, 0xFC, 0x7F, 0x8F, 0xFC, 0x00, 0x00,
    0x00, 0x0F, 0xFB, 0xFF, 0xFF, 0xC0, 0x00, 0x00, 0x00, 0x2F, 0xFF, 0xFF, 0xFD, 0x00, 0x00, 0x00,
    0x01, 0xFF, 0xFF, 0xFF, 0xF0, 0x00, 0x00, 0x00, 0x0F, 0xFF, 0xFF, 0xFF, 0xC0, 0x00, 0x00, 0x00,
    0xFF, 0xDB, 0xF8, 0xFF, 0x80, 0x00, 0x00, 0x0B, 0xFE, 0x2F, 0xD2, 0xFF, 0x00, 0x00, 0x00, 0x7F,
    0xF0, 0xFF, 0x07, 0xFD, 0x00, 0x00, 0x07, 0xFF, 0x03, 0xFC, 0x0F, 0xF8, 0x00, 0x00, 0x3F, 0xF4,
    0x1F, 0xF0, 0x2F, 0xF0, 0x00, 0x03, 0xFF, 0x80, 0xBF, 0x80, 0x7F, 0xD0, 0x00, 0x2F, 0xFC, 0x03,
    0xFD, 0x00, 0xFF, 0x80, 0x01, 0xFF, 0xC0, 0x0F, 0xF0, 0x02, 0xFF, 0x00, 0x0F, 0xFD, 0x00, 0x3F,
    0xC0, 0x07, 0xFD, 0x00, 0x00, 0x00, 0x00, 0x55, 0x00, 0x54, 0x00, 0x00, 0x00, 0x00, 0x0B, 0xE0,
    0x2F, 0xC0, 0x00, 0x00, 0x00, 0x00, 0xBF, 0x47, 0xF8, 0x00, 0x00, 0x00, 0x00, 0x03, 0xFF, 0xFF,
    0x00, 0x00, 0x00, 0x00, 0x00, 0x1F, 0xFF, 0x80, 0x00, 0x00, 0x00, 0x00, 0x00, 0x05, 0x00, 0x00,
    0x00, 0x00, 0x00, 0x00, 0x00, 0x00, 0x00, 0x00, 0x00, 0x2F, 0xF4, 0x00, 0x7F, 0x80, 0x1F, 0xFD,
    0x02, 0xFF, 0xE0, 0x0B, 0xF4, 0x0B, 0xFF, 0xC0, 0x2F, 0xFF, 0x40, 0xFF, 0x02, 0xFF, 0xF8, 0x00,
    0x1F, 0xF8, 0x0F, 0xF0, 0x7F, 0xE4, 0x00, 0x00, 0xBF, 0xC1, 0xFE, 0x0F, 0xF8, 0x00, 0x00, 0x07,
    0xFC, 0x2F, 0xE1, 0xFF, 0x00, 0x00, 0x00, 0x3F, 0xD7, 0xFE, 0x7F, 0xE0, 0x00, 0x00, 0x07, 0xFF,
    0xFF, 0xFF, 0xFD, 0x00, 0x00, 0x00, 0x7F, 0xFF, 0xFF, 0xFF, 0xC0, 0x00, 0x00, 0x0F, 0xFE, 0xFF,
    0xEF, 0xFC, 0x00, 0x00, 0x00, 0xFF, 0x0B, 0xF4, 0x3F, 0xC0, 0x00, 0x00, 0x3F, 0xE0, 0xFF, 0x03,
    0xFD, 0x00, 0x00, 0x1F, 0xFC, 0x0F, 0xF0, 0x3F, 0xF4, 0x00, 0x2F, 0xFF, 0x81, 0xFF, 0x01, 0xFF,
    0xF8, 0x03, 0xFF, 0xE0, 0x2F, 0xE0, 0x0F, 0xFF, 0x80, 0x7F, 0xF4, 0x02, 0xFD, 0x00, 0x2F, 0xF8,
    0x00, 0x40, 0x00, 0x00, 0x00, 0x00, 0x04, 0x00, 0x00, 0x3F, 0xD0, 0x03, 0xFE, 0x00, 0x0F, 0xF0,
    0x03, 0xFF, 0x00, 0x07, 0xFC, 0x02, 0xFF, 0x00, 0x02, 0xFF, 0x01, 0xFF, 0x40, 0x00, 0xFF, 0x81,
    0xFF, 0x80, 0x00, 0x3F, 0xD0, 0xFF, 0x80, 0x00, 0x0F, 0xF0, 0xFF, 0xC0, 0x00, 0x07, 0xFC, 0xBF,
    0xC0, 0x00, 0x02, 0xFE, 0x7F, 0xD0, 0x00, 0x00, 0xFF, 0xFF, 0xE0, 0x00, 0x00, 0x3F, 0xFF, 0xFE,
    0x00, 0x00, 0x0F, 0xFF, 0xFF, 0xF4, 0x00, 0x07, 0xFF, 0xFF, 0xFF, 0x40, 0x02, 0xFF, 0x55, 0xFF,
    0xF0, 0x00, 0xFF, 0x40, 0x0B, 0xFD, 0x00, 0x3F, 0xD0, 0x00, 0xFF, 0x80, 0x1F, 0xF0, 0x00, 0x3F,
    0xE0, 0x07, 0xFC, 0x00, 0x0F, 0xF8, 0x02, 0xFE, 0x00, 0x03, 0xFE, 0x00, 0xFF, 0x40, 0x00, 0xFF,
    0x80, 0x3F, 0xC0, 0x00, 0x3F, 0xD0, 0x00, 0x00, 0x00, 0x1F, 0xF0, 0x00, 0x00, 0x00, 0x0F, 0xF8,
    0x00, 0x00, 0x00, 0x0F, 0xFD, 0x00, 0x00, 0xA5, 0x6F, 0xFE, 0x00, 0x00, 0x2F, 0xFF, 0xFF, 0x00,
    0x00, 0x0B, 0xFF, 0xFF, 0x00, 0x00, 0x02, 0xFF, 0xFD, 0x00, 0x00, 0x00, 0x01, 0x40, 0x00, 0x00,
    0x00, 0x00, 0xFF, 0x00, 0x7F, 0xD0, 0x1F, 0xF0, 0x1F, 0xF8, 0x02, 0xFE, 0x03, 0xFE, 0x00, 0x3F,
    0xD0, 0xFF, 0xC0, 0x03, 0xFD, 0x3F, 0xF0, 0x00, 0x3F, 0xCB, 0xFC, 0x00, 0x07, 0xFE, 0xFF, 0x00,
    0x00, 0xBF, 0xFF, 0xE0, 0x00, 0x0F, 0xFF, 0xFF, 0xC0, 0x00, 0xFF, 0xFF, 0xFF, 0x00, 0x1F, 0xFA,
    0xBF, 0xFC, 0x02, 0xFF, 0x00, 0xBF, 0xC0, 0x2F, 0xE0, 0x03, 0xFD, 0x03, 0xFD, 0x00, 0x3F, 0xD0,
    0x3F, 0xC0, 0x03, 0xFD, 0x07, 0xFC, 0x00, 0x3F, 0xD0, 0x00, 0x00, 0x07, 0xFC, 0x00, 0x00, 0x00,
    0xBF, 0xC0, 0x00, 0x00, 0x2F, 0xF8, 0x00, 0x1E, 0xAF, 0xFF, 0x00, 0x01, 0xFF, 0xFF, 0xD0, 0x00,
    0x1F, 0xFF, 0xF4, 0x00, 0x00, 0xFF, 0xF8, 0x00, 0x00, 0x00, 0x00, 0x00, 0x00, 0x00, 0x00, 0x3F,
    0xFF, 0xFF, 0xD0, 0x00, 0x00, 0xFF, 0xFF, 0xFF, 0x00, 0x00, 0x07, 0xFF, 0xFF, 0xFC, 0x00, 0x00,
    0x2F, 0xFF, 0xFF, 0xE0, 0x00, 0x00, 0xFF, 0x40, 0xFF, 0x80, 0x00, 0x07, 0xFC, 0x03, 0xFD, 0x00,
    0x00, 0x2F, 0xF0, 0x1F, 0xF0, 0x00, 0x00, 0xFF, 0x40, 0x7F, 0xC0, 0x00, 0x03, 0xFC, 0x02, 0xFE,
    0x00, 0x00, 0x1F, 0xF0, 0x0F, 0xF4, 0x00, 0x00, 0xBF, 0x80, 0x3F, 0xC0, 0x00, 0x03, 0xFD, 0x01,
    0xFF, 0x00, 0x00, 0x1F, 0xF0, 0x0B, 0xFC, 0x00, 0x00, 0xFF, 0x80, 0x2F, 0xE0, 0x00, 0x03, 0xFD,
    0x00, 0xFF, 0x40, 0x00, 0x2F, 0xF0, 0x03, 0xFC, 0x00, 0x01, 0xFF, 0x80, 0x1F, 0xF0, 0x01, 0x6F,
    0xFC, 0x00, 0xBF, 0xFF, 0x8F, 0xFF, 0xD0, 0x03, 0xFF, 0xFE, 0x3F, 0xFE, 0x00, 0x0F, 0xFF, 0xF0,
    0xFF, 0xD0, 0x00, 0x3F, 0xFF, 0x80, 0x10, 0x00, 0x00, 0x03, 0xFC, 0x00, 0x00, 0x00, 0x00, 0x1F,
    0xE0, 0x00, 0x00, 0x00, 0x00, 0xFF, 0x40, 0x00, 0x00, 0x00, 0x0B, 0xFC, 0x00, 0x00, 0x00, 0x00,
    0x7F, 0xD0, 0x00, 0x00, 0x00, 0x03, 0xFF, 0x00, 0x00, 0x00, 0x00, 0x00, 0x00, 0x00, 0x00, 0x00,
    0x00, 0x00, 0x00, 0x00, 0x00, 0x2F, 0xFF, 0xE0, 0x00, 0x01, 0xFF, 0xFF, 0xF0, 0x00, 0x03, 0xFF,
    0xFF, 0xF0, 0x00, 0x0F, 0xFD, 0x6F, 0xE0, 0x00, 0x1F, 0xF0, 0x3F, 0xD0, 0x00, 0x3F, 0xE0, 0x3F,
    0xD0, 0x00, 0x3F, 0xC0, 0x3F, 0xC0, 0x00, 0xBF, 0xC0, 0x7F, 0xC0, 0x00, 0xFF, 0x40, 0xBF, 0x80,
    0x01, 0xFF, 0x00, 0xFF, 0x40, 0x02, 0xFF, 0x00, 0xFF, 0x00, 0x03, 0xFD, 0x01, 0xFF, 0x00, 0x5F,
    0xFC, 0x01, 0xFF, 0x00, 0xFF, 0xF8, 0x02, 0xFF, 0xFC, 0xFF, 0xF0, 0x03, 0xFF, 0xF8, 0xFF, 0xC0,
    0x03, 0xFF, 0xF0, 0x14, 0x00, 0x00, 0x0F, 0xE0, 0x00, 0x00, 0x00, 0x2F, 0xD0, 0x00, 0x00, 0x00,
    0x3F, 0xC0, 0x00, 0x00, 0x00, 0xBF, 0x40, 0x00, 0x00, 0x00, 0xFF, 0x00, 0x00, 0x00, 0x01, 0xA9,
    0x00, 0x00, 0x3F, 0xD0, 0x00, 0xBF, 0x40, 0x0F, 0xF4, 0x00, 0x3F, 0xD0, 0x07, 0xFC, 0x00, 0x1F,
    0xF0, 0x02, 0xFF, 0x00, 0x0B, 0xFC, 0x00, 0xFF, 0x80, 0x02, 0xFE, 0x00, 0x3F, 0xD0, 0x00, 0xFF,
    0x40, 0x0F, 0xF4, 0x00, 0x3F, 0xC0, 0x07, 0xFC, 0x00, 0x1F, 0xF0, 0x02, 0xFF, 0xAA, 0xAF, 0xFC,
    0x00, 0xFF, 0xFF, 0xFF, 0xFE, 0x00, 0x3F, 0xFF, 0xFF, 0xFF, 0x40, 0x0F, 0xFF, 0xFF, 0xFF, 0xC0,
    0x07, 0xFC, 0x00, 0x1F, 0xF0, 0x02, 0xFF, 0x00, 0x0B, 0xF8, 0x00, 0xFF, 0x80, 0x03, 0xFE, 0x00,
    0x3F, 0xD0, 0x00, 0xFF, 0x40, 0x1F, 0xF0, 0x00, 0x7F, 0xC0, 0x07, 0xFC, 0x00, 0x2F, 0xF0, 0x02,
    0xFE, 0x00, 0x0B, 0xF8, 0x00, 0xFF, 0x40, 0x03, 0xFD, 0x00, 0x3F, 0xD0, 0x00, 0xFF, 0x40, 0x00,
    0x00, 0x00, 0xBF, 0xC0, 0x00, 0x00, 0x00, 0x3F, 0xE0, 0x00, 0x00, 0x00, 0x2F, 0xF4, 0x00, 0x00,
    0xE9, 0xBF, 0xFC, 0x00, 0x00, 0x3F, 0xFF, 0xFC, 0x00, 0x00, 0x0F, 0xFF, 0xFD, 0x00, 0x00, 0x03,
    0xFF, 0xF8, 0x00, 0x00, 0x00, 0x01, 0x40, 0x00, 0x00, 0x00, 0x00, 0xFF, 0x00, 0x3F, 0xD0, 0x1F,
    0xF0, 0x03, 0xFC, 0x02, 0xFF, 0x00, 0x7F, 0xC0, 0x3F, 0xE0, 0x0B, 0xF8, 0x03, 0xFD, 0x00, 0xFF,
    0x80, 0x3F, 0xC0, 0x0F, 0xF4, 0x07, 0xFF, 0xFF, 0xFF, 0x00, 0xBF, 0xFF, 0xFF, 0xF0, 0x0F, 0xFF,
    0xFF, 0xFE, 0x00, 0xFF, 0x95, 0x7F, 0xD0, 0x1F, 0xF0, 0x03, 0xFD, 0x02, 0xFF, 0x00, 0x7F, 0xC0,
    0x2F, 0xE0, 0x0B, 0xFC, 0x03, 0xFD, 0x00, 0xFF, 0x80, 0x3F, 0xC0, 0x0F, 0xF4, 0x07, 0xFC, 0x00,
    0xFF, 0x00, 0x00, 0x00, 0x1F, 0xF0, 0x00, 0x00, 0x03, 0xFE, 0x00, 0x00, 0x00, 0x7F, 0xD0, 0x00,
    0x2E, 0xBF, 0xFC, 0x00, 0x02, 0xFF, 0xFF, 0x40, 0x00, 0x2F, 0xFF, 0xD0, 0x00, 0x01, 0xFF, 0xE0,
    0x00, 0x00, 0x00, 0x00, 0x00, 0x00, 0x00, 0x3F, 0xD0, 0x00, 0xBF, 0x40, 0x03, 0xFC, 0x00, 0x0F,
    0xF4, 0x00, 0x7F, 0xC0, 0x01, 0xFF, 0x00, 0x0B, 0xFC, 0x00, 0x1F, 0xF0, 0x00, 0xFF, 0x80, 0x02,
    0xFE, 0x00, 0x0F, 0xF4, 0x00, 0x3F, 0xD0, 0x00, 0xFF, 0x00, 0x03, 0xFC, 0x00, 0x1F, 0xF0, 0x00,
    0x7F, 0xC0, 0x02, 0xFF, 0xAA, 0xAF, 0xFC, 0x00, 0x3F, 0xFF, 0xFF, 0xFF, 0x80, 0x03, 0xFF, 0xFF,
    0xFF, 0xF4, 0x00, 0x3F, 0xFF, 0xFF, 0xFF, 0x00, 0x07, 0xFC, 0x00, 0x1F, 0xF0, 0x00, 0xBF, 0x80,
    0x02, 0xFE, 0x00, 0x0F, 0xF4, 0x00, 0x3F, 0xE0, 0x00, 0xFF, 0x40, 0x03, 0xFD, 0x00, 0x1F, 0xF0,
    0x00, 0x3F, 0xC0, 0x01, 0xFF, 0x00, 0x07, 0xFF, 0xFC, 0x2F, 0xE0, 0x00, 0xBF, 0xFF, 0x83, 0xFD,
    0x00, 0x0F, 0xFF, 0xF4, 0x3F, 0xC0, 0x00, 0xFF, 0xFF, 0x00, 0x00, 0x00, 0x00, 0x2F, 0xD0, 0x00,
    0x00, 0x00, 0x07, 0xFC, 0x00, 0x00, 0x00, 0x00, 0xFF, 0x40, 0x00, 0x00, 0x00, 0x1F, 0xF0, 0x00,
    0x00, 0x00, 0x03, 0xFE, 0x00, 0x00, 0x00, 0x00, 0xBF, 0xC0, 0x00, 0x00, 0x00, 0x00, 0x00, 0x00,
    0x00, 0xFF, 0x00, 0x3F, 0xD0, 0x07, 0xFC, 0x00, 0xFF, 0x00, 0x2F, 0xF0, 0x07, 0xFC, 0x00, 0xFF,
    0x80, 0x2F, 0xE0, 0x03, 0xFD, 0x00, 0xFF, 0x80, 0x0F, 0xF0, 0x03, 0xFD, 0x00, 0x7F, 0xFF, 0xFF,
    0xF0, 0x02, 0xFF, 0xFF, 0xFF, 0xC0, 0x0F, 0xFF, 0xFF, 0xFE, 0x00, 0x3F, 0xE5, 0x5F, 0xF4, 0x01,
    0xFF, 0x00, 0x3F, 0xC0, 0x0B, 0xFC, 0x01, 0xFF, 0x00, 0x2F, 0xE0, 0x0B, 0xFE, 0xA0, 0xFF, 0x40,
    0x3F, 0xFF, 0xC3, 0xFC, 0x00, 0xFF, 0xFE, 0x1F, 0xF0, 0x03, 0xFF, 0xF0, 0x00, 0x00, 0x00, 0x3F,
    0x80, 0x00, 0x00, 0x02, 0xFD, 0x00, 0x00, 0x00, 0x0F, 0xF0, 0x00, 0x00, 0x00, 0xFF, 0x40, 0x00,
    0x00, 0x07, 0xFC, 0x00, 0x00, 0x00, 0x2A, 0x90, 0x00, 0x0B, 0xF8, 0x00, 0x2F, 0xE0, 0xFF, 0x40,
    0x03, 0xFE, 0x0F, 0xF4, 0x00, 0x3F, 0xD1, 0xFF, 0x00, 0x07, 0xFC, 0x1F, 0xF0, 0x00, 0x7F, 0xC2,
    0xFE, 0x00, 0x0B, 0xF8, 0x3F, 0xD0, 0x00, 0xFF, 0x43, 0xFC, 0x00, 0x0F, 0xF0, 0x7F, 0xC0, 0x01,
    0xFF, 0x07, 0xFD, 0x00, 0x2F, 0xF0, 0x7F, 0xF9, 0xBF, 0xFE, 0x03, 0xFF, 0xFF, 0xFF, 0xD0, 0x1F,
    0xFF, 0xFF, 0xFC, 0x00, 0x7F, 0xFD, 0x7F, 0xC0, 0x00, 0x00, 0x0B, 0xFC, 0x00, 0x00, 0x00, 0xFF,
    0x80, 0x00, 0x00, 0x0F, 0xF4, 0x00, 0x00, 0xAA, 0xFF, 0x00, 0x00, 0x1F, 0xFF, 0xF0, 0x00, 0x02,
    0xFF, 0xFE, 0x00, 0x00, 0x3F, 0xFF, 0xD0, 0x00, 0x03, 0xFC, 0x00, 0x00, 0x00, 0x7F, 0xC0, 0x00,
    0x00, 0x0B, 0xFC, 0x00, 0x00, 0x00, 0xFF, 0x80, 0x00, 0x00, 0x0F, 0xF4, 0x00, 0x00, 0x00, 0xFF,
    0x00, 0x00, 0x00, 0x00, 0x00, 0x00, 0x00, 0x2F, 0xE0, 0x07, 0xF8, 0xFF, 0x40, 0x2F, 0xE3, 0xFD,
    0x00, 0xFF, 0x5F, 0xF0, 0x03, 0xFC, 0x7F, 0xC0, 0x2F, 0xF2, 0xFE, 0x00, 0xFF, 0x8B, 0xF8, 0x0B,
    0xFE, 0x2F, 0xF5, 0xBF, 0xF4, 0x7F, 0xFF, 0xFF, 0xC0, 0xFF, 0xFE, 0xFF, 0x00, 0xBF, 0x8B, 0xF8,
    0x00, 0x00, 0x3F, 0xD0, 0x00, 0x6A, 0xFF, 0x00, 0x03, 0xFF, 0xFC, 0x00, 0x0F, 0xFF, 0xF0, 0x00,
    0x7F, 0xFF, 0x80, 0x02, 0xFD, 0x00, 0x00, 0x0B, 0xF0, 0x00, 0x00, 0x3F, 0xC0, 0x00, 0x00, 0xFE,
    0x00, 0x00, 0x07, 0xF8, 0x00, 0x00, 0x1A, 0x80, 0x00, 0x00, 0x00, 0x3F, 0xFC, 0x00, 0x01, 0xFF,
    0xE0, 0x00, 0xFF, 0xF0, 0x00, 0x0F, 0xFF, 0x80, 0x07, 0xFF, 0xC0, 0x00, 0x7F, 0xFD, 0x00, 0x2F,
    0xFF, 0x00, 0x03, 0xFF, 0xF0, 0x00, 0xFF, 0xFC, 0x00, 0x1F, 0xFF, 0xC0, 0x03, 0xFF, 0xF0, 0x00,
    0xFE, 0xFE, 0x00, 0x0F, 0xEF, 0xD0, 0x07, 0xFB, 0xF4, 0x00, 0x7F, 0x7F, 0x40, 0x3F, 0xAF, 0xD0,
    0x02, 0xFC, 0xFD, 0x01, 0xFC, 0xFF, 0x00, 0x0F, 0xF3, 0xF4, 0x0F, 0xE3, 0xFC, 0x00, 0x3F, 0xCF,
    0xE0, 0x7F, 0x1F, 0xE0, 0x00, 0xFE, 0x2F, 0x83, 0xF8, 0xBF, 0x40, 0x07, 0xF4, 0xBE, 0x1F, 0xC3,
    0xFC, 0x00, 0x2F, 0xC2, 0xF8, 0xFE, 0x0F, 0xF0, 0x00, 0xFF, 0x0B, 0xF7, 0xF0, 0x3F, 0xC0, 0x03,
    0xFC, 0x1F, 0xFF, 0x81, 0xFE, 0x00, 0x1F, 0xE0, 0x7F, 0xFC, 0x0B, 0xF4, 0x00, 0x7F, 0x41, 0xFF,
    0xE0, 0x3F, 0xFF, 0xD2, 0xFC, 0x07, 0xFF, 0x00, 0xFF, 0xFF, 0x0F, 0xF0, 0x1F, 0xF8, 0x07, 0xFF,
    0xF8, 0x3F, 0xC0, 0x3F, 0xC0, 0x1F, 0xFF, 0xC0, 0x00, 0x00, 0x00, 0x00, 0x01, 0xFE, 0x00, 0x00,
    0x00, 0x00, 0x00, 0x0F, 0xF0, 0x00, 0x00, 0x00, 0x00, 0x00, 0xBF, 0x80, 0x00, 0x00, 0x00, 0x00,
    0x03, 0xFD, 0x00, 0x00, 0x00, 0x00, 0x00, 0x3F, 0xF0, 0x00, 0x00, 0x00, 0x00, 0x01, 0xFF, 0x40,
    0x00, 0x00, 0x00, 0x00, 0x00, 0x00, 0x00, 0x00, 0xFF, 0xF0, 0x00, 0xFF, 0xF4, 0x01, 0xFF, 0xF0,
    0x01, 0xFF, 0xF0, 0x02, 0xFF, 0xF0, 0x03, 0xFF, 0xF0, 0x02, 0xFF, 0xF0, 0x07, 0xFF, 0xE0, 0x03,
    0xFF, 0xF0, 0x0F, 0xFF, 0xD0, 0x03, 0xFB, 0xF0, 0x1F, 0xEF, 0xD0, 0x07, 0xF7, 0xF4, 0x3F, 0xBF,
    0xC0, 0x0B, 0xF7, 0xF4, 0x7F, 0x3F, 0xC0, 0x0F, 0xF3, 0xF4, 0xFD, 0x7F, 0x80, 0x0F, 0xF3, 0xF6,
    0xFC, 0xBF, 0x40, 0x0F, 0xE3, 0xFB, 0xF4, 0xBF, 0x00, 0x1F, 0xD2, 0xFF, 0xF0, 0xFF, 0x00, 0x2F,
    0xD2, 0xFF, 0xD0, 0xFF, 0x00, 0x3F, 0xC2, 0xFF, 0xC1, 0xFF, 0xFC, 0x3F, 0xC2, 0xFF, 0x42, 0xFF,
    0xFC, 0x7F, 0x81, 0xFF, 0x03, 0xFF, 0xF4, 0x00, 0x00, 0x00, 0x00, 0x0F, 0xF0, 0x00, 0x00, 0x00,
    0x00, 0x1F, 0xD0, 0x00, 0x00, 0x00, 0x00, 0x3F, 0xC0, 0x00, 0x00, 0x00, 0x00, 0x7F, 0x80, 0x00,
    0x00, 0x00, 0x00, 0xFF, 0x00, 0x00, 0x00, 0x00, 0x01, 0xAA, 0x00, 0x00, 0x7F, 0xFF, 0xE0, 0x0B,
    0xFF, 0xFE, 0x00, 0xFF, 0xFF, 0xC0, 0x01, 0xFF, 0xD0, 0x00, 0x0F, 0xF4, 0x00, 0x00, 0xFF, 0x00,
    0x00, 0x1F, 0xF0, 0x00, 0x02, 0xFF, 0x00, 0x00, 0x3F, 0xE0, 0x00, 0x03, 0xFD, 0x00, 0x00, 0x3F,
    0xC0, 0x00, 0x07, 0xFC, 0x00, 0x00, 0xBF, 0x80, 0x00, 0x0F, 0xF8, 0x00, 0x00, 0xFF, 0x40, 0x00,
    0x1F, 0xF0, 0x00, 0x01, 0xFF, 0x00, 0x00, 0x7F, 0xF0, 0x00, 0x3F, 0xFF, 0xE0, 0x0B, 0xFF, 0xFE,
    0x00, 0xBF, 0xFF, 0xD0, 0x00, 0x00, 0x00, 0x00, 0x00, 0x00, 0x00, 0x00, 0x0B, 0xF0, 0x1F, 0xD0,
    0x00, 0x02, 0xFC, 0x0F, 0xF0, 0x00, 0x00, 0x3F, 0xFF, 0xF4, 0x00, 0x00, 0x07, 0xFF, 0xF0, 0x00,
    0x00, 0x00, 0x05, 0x40, 0x00, 0x00, 0x00, 0x00, 0x00, 0x00, 0x00, 0x00, 0x0F, 0xFD, 0x00, 0x00,
    0x00, 0x0B, 0xFF, 0x80, 0x00, 0x00, 0x03, 0xFF, 0xE0, 0x00, 0x00, 0x02, 0xFF, 0xFC, 0x00, 0x00,
    0x00, 0xFF, 0xBF, 0x00, 0x00, 0x00, 0xBF, 0x6F, 0xC0, 0x00, 0x00, 0x3F, 0xCB, 0xF0, 0x00, 0x00,
    0x2F, 0xD2, 0xFC, 0x00, 0x00, 0x0F, 0xF0, 0x7F, 0x40, 0x00, 0x0B, 0xF4, 0x1F, 0xD0, 0x00, 0x07,
    0xFC, 0x07, 0xF8, 0x00, 0x03, 0xFD, 0x01, 0xFE, 0x00, 0x01, 0xFF, 0xAA, 0xBF, 0x80, 0x00, 0xFF,
    0xFF, 0xFF, 0xF0, 0x00, 0x7F, 0xFF, 0xFF, 0xFC, 0x00, 0x3F, 0xFF, 0xFF, 0xFF, 0x00, 0x1F, 0xF0,
    0x00, 0x3F, 0xC0, 0x0F, 0xF8, 0x00, 0x0F, 0xF0, 0x07, 0xFC, 0x00, 0x03, 0xFD, 0x03, 0xFE, 0x00,
    0x00, 0xFF, 0x41, 0xFF, 0x00, 0x00, 0x2F, 0xE0, 0x00, 0x15, 0x00, 0x55, 0x00, 0x3F, 0x40, 0xFE,
    0x00, 0x3F, 0xC2, 0xFC, 0x00, 0x1F, 0xFF, 0xF8, 0x00, 0x07, 0xFF, 0xD0, 0x00, 0x00, 0x14, 0x00,
    0x00, 0x00, 0x00, 0x00, 0x00, 0x3F, 0xF0, 0xBE, 0x01, 0xFF, 0xFC, 0xFE, 0x07, 0xFF, 0xFF, 0xFD,
    0x0F, 0xFE, 0x6F, 0xFC, 0x1F, 0xF8, 0x0F, 0xFC, 0x3F, 0xF0, 0x0B, 0xF8, 0x3F, 0xD0, 0x0B, 0xF8,
    0x7F, 0xC0, 0x0F, 0xF4, 0xBF, 0xC0, 0x0F, 0xF0, 0xBF, 0xC0, 0x1F, 0xF0, 0xBF, 0xC0, 0x3F, 0xE0,
    0xBF, 0xC0, 0x7F, 0xD0, 0xBF, 0xE6, 0xFF, 0xC0, 0x7F, 0xFF, 0xFF, 0xC0, 0x2F, 0xFF, 0xBF, 0xC0,
    0x0B, 0xFD, 0x3F, 0x80, 0x00, 0x40, 0x00, 0x00, 0x00, 0x00, 0x07, 0xD0, 0xB8, 0x00, 0x00, 0x0F,
    0xF2, 0xFD, 0x00, 0x00, 0x0F, 0xE2, 0xFC, 0x00, 0x00, 0x0B, 0xC0, 0xF4, 0x00, 0x00, 0x00, 0x00,
    0x00, 0x00, 0x00, 0x00, 0x00, 0x00, 0x00, 0x00, 0x03, 0xFF, 0x40, 0x00, 0x00, 0x0B, 0xFF, 0x80,
    0x00, 0x00, 0x0F, 0xFF, 0x80, 0x00, 0x00, 0x2F, 0xFF, 0xC0, 0x00, 0x00, 0x3F, 0xEF, 0xC0, 0x00,
    0x00, 0xBF, 0x6F, 0xC0, 0x00, 0x00, 0xFF, 0x2F, 0xC0, 0x00, 0x02, 0xFD, 0x2F, 0xC0, 0x00, 0x03,
    0xFC, 0x1F, 0xD0, 0x00, 0x0B, 0xF4, 0x1F, 0xD0, 0x00, 0x1F, 0xF0, 0x1F, 0xE0, 0x00, 0x3F, 0xD0,
    0x1F, 0xE0, 0x00, 0x7F, 0xEA, 0xAF, 0xE0, 0x00, 0xFF, 0xFF, 0xFF, 0xF0, 0x01, 0xFF, 0xFF, 0xFF,
    0xF0, 0x03, 0xFF, 0xFF, 0xFF, 0xF0, 0x07, 0xFC, 0x00, 0x0F, 0xF0, 0x0F, 0xF8, 0x00, 0x0F, 0xF0,
    0x1F, 0xF0, 0x00, 0x0F, 0xF4, 0x3F, 0xE0, 0x00, 0x0F, 0xF4, 0x7F, 0xC0, 0x00, 0x0B, 0xF8, 0x00,
    0x0F, 0x82, 0xF0, 0x00, 0x2F, 0xC3, 0xF8, 0x00, 0x2F, 0xC7, 0xF4, 0x00, 0x1F, 0x42, 0xE0, 0x00,
    0x00, 0x00, 0x00, 0x00, 0x00, 0x00, 0x00, 0x00, 0x3F, 0xF0, 0xBE, 0x01, 0xFF, 0xFC, 0xFE, 0x07,
    0xFF, 0xFF, 0xFD, 0x0F, 0xFE, 0x6F, 0xFC, 0x1F, 0xF8, 0x0F, 0xFC, 0x3F, 0xF0, 0x0B, 0xF8, 0x3F,
    0xD0, 0x0B, 0xF8, 0x7F, 0xC0, 0x0F, 0xF4, 0xBF, 0xC0, 0x0F, 0xF0, 0xBF, 0xC0, 0x1F, 0xF0, 0xBF,
    0xC0, 0x3F, 0xE0, 0xBF, 0xC0, 0x7F, 0xD0, 0xBF, 0xE6, 0xFF, 0xC0, 0x7F, 0xFF, 0xFF, 0xC0, 0x2F,
    0xFF, 0xBF, 0xC0, 0x0B, 0xFD, 0x3F, 0x80, 0x00, 0x40, 0x00, 0x00, 0x00, 0x00, 0x00, 0x2F, 0xFF,
    0xFF, 0xFF, 0xC0, 0x00, 0x00, 0x07, 0xFF, 0xFF, 0xFF, 0xFC, 0x00, 0x00, 0x00, 0xFF, 0xFF, 0xFF,
    0xFF, 0x80, 0x00, 0x00, 0x2F, 0xFF, 0xFF, 0xFF, 0xF4, 0x00, 0x00, 0x07, 0xFC, 0x7F, 0xC0, 0x00,
    0x00, 0x00, 0x00, 0xFF, 0x8B, 0xF8, 0x00, 0x00, 0x00, 0x00, 0x2F, 0xF0, 0xFF, 0x40, 0x00, 0x00,
    0x00, 0x07, 0xFD, 0x0F, 0xF4, 0x00, 0x00, 0x00, 0x00, 0xFF, 0x81, 0xFF, 0xAA, 0xA8, 0x00, 0x00,
    0x2F, 0xF0, 0x2F, 0xFF, 0xFF, 0x80, 0x00, 0x03, 0xFD, 0x02, 0xFF, 0xFF, 0xF4, 0x00, 0x00, 0xFF,
    0xC0, 0x3F, 0xFF, 0xFF, 0x00, 0x00, 0x1F, 0xFE, 0xAB, 0xFC, 0x00, 0x00, 0x00, 0x03, 0xFF, 0xFF,
    0xFF, 0xC0, 0x00, 0x00, 0x00, 0xBF, 0xFF, 0xFF, 0xFC, 0x00, 0x00, 0x00, 0x1F, 0xFF, 0xFF, 0xFF,
    0x80, 0x00, 0x00, 0x03, 0xFE, 0x00, 0x0F, 0xF4, 0x00, 0x00, 0x00, 0xBF, 0xC0, 0x00, 0xFF, 0xAA,
    0xA8, 0x00, 0x0F, 0xF4, 0x00, 0x1F, 0xFF, 0xFF, 0xC0, 0x03, 0xFF, 0x00, 0x02, 0xFF, 0xFF, 0xFC,
    0x00, 0x7F, 0xC0, 0x00, 0x3F, 0xFF, 0xFF, 0xC0, 0x00, 0x00, 0x00, 0x00, 0x00, 0x00, 0x00, 0x00,
    0x3F, 0xF0, 0xBD, 0xFF, 0xE0, 0x01, 0xFF, 0xFD, 0xFF, 0xFF, 0xFC, 0x07, 0xFF, 0xFF, 0xFF, 0xFF,
    0xFD, 0x0F, 0xFD, 0x6F, 0xFF, 0x42, 0xFE, 0x1F, 0xF4, 0x0F, 0xFD, 0x01, 0xFE, 0x3F, 0xE0, 0x0F,
    0xF8, 0x03, 0xFD, 0x3F, 0xD0, 0x0F, 0xF8, 0x6F, 0xFC, 0x7F, 0xC0, 0x0F, 0xFF, 0xFF, 0xF4, 0xBF,
    0xC0, 0x0F, 0xFF, 0xFF, 0x80, 0xBF, 0x80, 0x1F, 0xFA, 0x94, 0x00, 0xBF, 0x80, 0x3F, 0xF0, 0x00,
    0x00, 0xBF, 0xC0, 0x7F, 0xF0, 0x00, 0x00, 0xBF, 0xE2, 0xFF, 0xF8, 0x01, 0xD0, 0x3F, 0xFF, 0xFF,
    0xFF, 0xFF, 0xD0, 0x2F, 0xFF, 0xBF, 0xFF, 0xFF, 0xD0, 0x0B, 0xFD, 0x3F, 0x3F, 0xFF, 0x40, 0x00,
    0x40, 0x00, 0x01, 0x40, 0x00, 0x00, 0x00, 0x00, 0x00, 0x00, 0x00, 0x7F, 0x00, 0xFE, 0x00, 0x07,
    0xF4, 0x2F, 0xC0, 0x00, 0x3F, 0xFF, 0xF4, 0x00, 0x00, 0xFF, 0xFD, 0x00, 0x00, 0x00, 0x54, 0x00,
    0x00, 0x00, 0x00, 0x00, 0x00, 0x03, 0xFF, 0xFF, 0xF8, 0x00, 0x3F, 0xFF, 0xFF, 0x80, 0x07, 0xFF,
    0xFF, 0xF4, 0x00, 0xBF, 0xFF, 0xFF, 0x00, 0x0F, 0xF8, 0x00, 0x00, 0x00, 0xFF, 0x40, 0x00, 0x00,
    0x0F, 0xF0, 0x00, 0x00, 0x01, 0xFF, 0x00, 0x00, 0x00, 0x2F, 0xFA, 0xAA, 0x40, 0x03, 0xFF, 0xFF,
    0xF4, 0x00, 0x3F, 0xFF, 0xFF, 0x00, 0x03, 0xFF, 0xFF, 0xF0, 0x00, 0x7F, 0xC0, 0x00, 0x00, 0x0B,
    0xF8, 0x00, 0x00, 0x00, 0xFF, 0x80, 0x00, 0x00, 0x0F, 0xF4, 0x00, 0x00, 0x01, 0xFF, 0x00, 0x00,
    0x00, 0x1F, 0xFA, 0xAA, 0x80, 0x02, 0xFF, 0xFF, 0xFC, 0x00, 0x3F, 0xFF, 0xFF, 0x80, 0x03, 0xFF,
    0xFF, 0xF8, 0x00, 0x00, 0x15, 0x40, 0x15, 0x00, 0x0F, 0xE0, 0x2F, 0xC0, 0x02, 0xFC, 0x1F, 0xD0,
    0x00, 0x3F, 0xFF, 0xF0, 0x00, 0x07, 0xFF, 0xE0, 0x00, 0x00, 0x05, 0x00, 0x00, 0x00, 0x00, 0x00,
    0x00, 0x00, 0x7F, 0xFD, 0x00, 0x00, 0xFF, 0xFF, 0xE0, 0x00, 0xFF, 0xFF, 0xFC, 0x00, 0xFF, 0xD0,
    0xFF, 0x40, 0x7F, 0xC0, 0x2F, 0xD0, 0x3F, 0xE0, 0x0F, 0xF4, 0x0F, 0xF4, 0x6F, 0xFC, 0x07, 0xFF,
    0xFF, 0xFC, 0x02, 0xFF, 0xFF, 0xF8, 0x00, 0xBF, 0xEA, 0x40, 0x00, 0x2F, 0xE0, 0x00, 0x00, 0x0B,
    0xFC, 0x00, 0x00, 0x01, 0xFF, 0x80, 0x2C, 0x00, 0x3F, 0xFF, 0xFF, 0x00, 0x03, 0xFF, 0xFF, 0xC0,
    0x00, 0x2F, 0xFF, 0x90, 0x00, 0x00, 0x14, 0x00, 0x00, 0x00, 0x00, 0x00, 0x00, 0x00, 0x00, 0x6F,
    0xFF, 0x90, 0x00, 0x07, 0xFF, 0xFF, 0xE0, 0x00, 0x1F, 0xFF, 0xFF, 0xE0, 0x00, 0x7F, 0xAB, 0xFF,
    0xD0, 0x00, 0x40, 0x01, 0xFF, 0xC0, 0x00, 0x00, 0x02, 0xFF, 0x00, 0x00, 0x00, 0x03, 0xFC, 0x00,
    0x00, 0x00, 0x0F, 0xF4, 0x00, 0x00, 0x00, 0x3F, 0xD0, 0x00, 0x6F, 0xFF, 0xFF, 0x40, 0x2F, 0xFF,
    0xFF, 0xFC, 0x07, 0xFF, 0xFF, 0xFF, 0xF0, 0x3F, 0xFF, 0xAA, 0xFF, 0x82, 0xFF, 0x80, 0x03, 0xFD,
    0x0F, 0xF8, 0x00, 0x2F, 0xF0, 0x3F, 0xD0, 0x01, 0xFF, 0x80, 0xFF, 0x80, 0x1F, 0xFC, 0x03, 0xFF,
    0x9B, 0xFF, 0xD0, 0x07, 0xFF, 0xFF, 0xFD, 0x00, 0x0B, 0xFF, 0xFF, 0xD0, 0x00, 0x07, 0xFF, 0xF4,
    0x00, 0x00, 0x00, 0x50, 0x00, 0x00, 0x00, 0x00, 0x00, 0x00, 0x00, 0x02, 0xFF, 0xF8, 0x00, 0x3F,
    0xFF, 0xFD, 0x00, 0xFF, 0xFF, 0xFC, 0x03, 0x90, 0x1F, 0xF8, 0x00, 0x00, 0x2F, 0xF0, 0x00, 0x00,
    0x7F, 0xC0, 0x01, 0x6A, 0xFF, 0x01, 0xFF, 0xFF, 0xFC, 0x2F, 0xFF, 0xFF, 0xE2, 0xFF, 0xD5, 0xFF,
    0x4F, 0xF4, 0x07, 0xFC, 0x3F, 0xC0, 0x3F, 0xE0, 0xFF, 0x02, 0xFF, 0x03, 0xFF, 0xFF, 0xF4, 0x07,
    0xFF, 0xFF, 0x40, 0x07, 0xFF, 0xE0, 0x00, 0x00, 0x50, 0x00, 0x00, 0x00, 0x00, 0x7D, 0x0F, 0x80,
    0x00, 0x03, 0xF8, 0xBF, 0x00, 0x00, 0x0F, 0xE2, 0xFC, 0x00, 0x00, 0x2E, 0x07, 0xD0, 0x00, 0x00,
    0x00, 0x00, 0x00, 0x00, 0x00, 0x00, 0x00, 0x00, 0x01, 0xBF, 0xFE, 0x40, 0x00, 0x1F, 0xFF, 0xFF,
    0x80, 0x00, 0x7F, 0xFF, 0xFF, 0x80, 0x01, 0xFE, 0xAF, 0xFF, 0x40, 0x01, 0x00, 0x07, 0xFF, 0x00,
    0x00, 0x00, 0x0B, 0xFC, 0x00, 0x00, 0x00, 0x0F, 0xF0, 0x00, 0x00, 0x00, 0x3F, 0xD0, 0x00, 0x00,
    0x00, 0xFF, 0x40, 0x01, 0xBF, 0xFF, 0xFD, 0x00, 0xBF, 0xFF, 0xFF, 0xF0, 0x1F, 0xFF, 0xFF, 0xFF,
    0xC0, 0xFF, 0xFE, 0xAB, 0xFE, 0x0B, 0xFE, 0x00, 0x0F, 0xF4, 0x3F, 0xE0, 0x00, 0xBF, 0xC0, 0xFF,
    0x40, 0x07, 0xFE, 0x03, 0xFE, 0x00, 0x7F, 0xF0, 0x0F, 0xFE, 0x6F, 0xFF, 0x40, 0x1F, 0xFF, 0xFF,
    0xF4, 0x00, 0x2F, 0xFF, 0xFF, 0x40, 0x00, 0x1F, 0xFF, 0xD0, 0x00, 0x00, 0x01, 0x40, 0x00, 0x00,
    0x00, 0x0B, 0x81, 0xF4, 0x00, 0x7F, 0x4F, 0xF0, 0x02, 0xFC, 0x3F, 0x80, 0x03, 0xE0, 0xBC, 0x00,
    0x00, 0x00, 0x00, 0x00, 0x00, 0x00, 0x00, 0x0B, 0xFF, 0xE0, 0x00, 0xFF, 0xFF, 0xF4, 0x03, 0xFF,
    0xFF, 0xF0, 0x0E, 0x40, 0x7F, 0xE0, 0x00, 0x00, 0xBF, 0xC0, 0x00, 0x01, 0xFF, 0x00, 0x05, 0xAB,
    0xFC, 0x07, 0xFF, 0xFF, 0xF0, 0xBF, 0xFF, 0xFF, 0x8B, 0xFF, 0x57, 0xFD, 0x3F, 0xD0, 0x1F, 0xF0,
    0xFF, 0x00, 0xFF, 0x83, 0xFC, 0x0B, 0xFC, 0x0F, 0xFF, 0xFF, 0xD0, 0x1F, 0xFF, 0xFD, 0x00, 0x1F,
    0xFF, 0x80, 0x00, 0x01, 0x40, 0x00, 0x00, 0x00, 0x00, 0x00, 0x03, 0xE0, 0xBC, 0x00, 0x00, 0x00,
    0x00, 0x00, 0x2F, 0xC7, 0xF8, 0x00, 0x00, 0x00, 0x00, 0x00, 0xFF, 0x1F, 0xD0, 0x00, 0x00, 0x00,
    0x00, 0x01, 0xF4, 0x2E, 0x00, 0x00, 0x00, 0x00, 0x00, 0x00, 0x00, 0x00, 0x00, 0x00, 0x00, 0x00,
    0x00, 0x00, 0x00, 0x00, 0x00, 0x00, 0x01, 0xFE, 0x00, 0x0F, 0xF0, 0x01, 0xFF, 0x40, 0x03, 0xFC,
    0x00, 0x3F, 0xC0, 0x0F, 0xF8, 0x00, 0x0B, 0xF8, 0x01, 0xFF, 0x00, 0xFF, 0xC0, 0x00, 0x0F, 0xF0,
    0x0B, 0xF8, 0x0B, 0xFC, 0x00, 0x00, 0x2F, 0xE0, 0x3F, 0xD0, 0xBF, 0xD0, 0x00, 0x00, 0x3F, 0xC0,
    0xFF, 0x07, 0xFE, 0x00, 0x00, 0x00, 0xBF, 0x43, 0xFC, 0x3F, 0xE0, 0x00, 0x00, 0x01, 0xFF, 0x1F,
    0xE3, 0xFF, 0x00, 0x00, 0x00, 0x03, 0xFE, 0xFF, 0xFF, 0xF0, 0x00, 0x00, 0x00, 0x0B, 0xFF, 0xFF,
    0xFF, 0x40, 0x00, 0x00, 0x00, 0x7F, 0xFF, 0xFF, 0xFC, 0x00, 0x00, 0x00, 0x03, 0xFF, 0xFF, 0xFF,
    0xF0, 0x00, 0x00, 0x00, 0x3F, 0xF6, 0xFE, 0x3F, 0xE0, 0x00, 0x00, 0x02, 0xFF, 0x8B, 0xF4, 0xBF,
    0xC0, 0x00, 0x00, 0x1F, 0xFC, 0x3F, 0xC1, 0xFF, 0x40, 0x00, 0x01, 0xFF, 0xC0, 0xFF, 0x03, 0xFE,
    0x00, 0x00, 0x0F, 0xFD, 0x07, 0xFC, 0x0B, 0xFC, 0x00, 0x00, 0xFF, 0xE0, 0x2F, 0xE0, 0x1F, 0xF4,
    0x00, 0x0B, 0xFF, 0x00, 0xFF, 0x40, 0x3F, 0xE0, 0x00, 0x7F, 0xF0, 0x03, 0xFC, 0x00, 0xBF, 0xC0,
    0x03, 0xFF, 0x40, 0x0F, 0xF0, 0x01, 0xFF, 0x40, 0x00, 0x00, 0x00, 0x00, 0x2F, 0x03, 0xE0, 0x00,
    0x00, 0x00, 0x00, 0x03, 0xF8, 0xBF, 0x00, 0x00, 0x00, 0x00, 0x00, 0x7F, 0x4F, 0xF0, 0x00, 0x00,
    0x00, 0x00, 0x02, 0xE0, 0x7D, 0x00, 0x00, 0x00, 0x00, 0x00, 0x00, 0x00, 0x00, 0x00, 0x00, 0x00,
    0x00, 0x00, 0x00, 0x00, 0x00, 0x00, 0x02, 0xFF, 0x40, 0x07, 0xF8, 0x01, 0xFF, 0xD0, 0x2F, 0xFE,
    0x00, 0xBF, 0x40, 0xBF, 0xFC, 0x02, 0xFF, 0xF4, 0x0F, 0xF0, 0x2F, 0xFF, 0x80, 0x01, 0xFF, 0x80,
    0xFF, 0x07, 0xFE, 0x40, 0x00, 0x0B, 0xFC, 0x1F, 0xE0, 0xFF, 0x80, 0x00, 0x00, 0x7F, 0xC2, 0xFE,
    0x1F, 0xF0, 0x00, 0x00, 0x03, 0xFD, 0x7F, 0xE7, 0xFE, 0x00, 0x00, 0x00, 0x7F, 0xFF, 0xFF, 0xFF,
    0xD0, 0x00, 0x00, 0x07, 0xFF, 0xFF, 0xFF, 0xFC, 0x00, 0x00, 0x00, 0xFF, 0xEF, 0xFE, 0xFF, 0xC0,
    0x00, 0x00, 0x0F, 0xF0, 0xBF, 0x43, 0xFC, 0x00, 0x00, 0x03, 0xFE, 0x0F, 0xF0, 0x3F, 0xD0, 0x00,
    0x01, 0xFF, 0xC0, 0xFF, 0x03, 0xFF, 0x40, 0x02, 0xFF, 0xF8, 0x1F, 0xF0, 0x1F, 0xFF, 0x80, 0x3F,
    0xFE, 0x02, 0xFE, 0x00, 0xFF, 0xF8, 0x07, 0xFF, 0x40, 0x2F, 0xD0, 0x02, 0xFF, 0x80, 0x04, 0x00,
    0x00, 0x00, 0x00, 0x00, 0x40, 0x00, 0x00, 0x02, 0xF0, 0x7D, 0x00, 0x01, 0xFD, 0x3F, 0xC0, 0x00,
    0x7F, 0x4F, 0xF0, 0x00, 0x0B, 0x81, 0xF0, 0x00, 0x00, 0x00, 0x00, 0x00, 0x00, 0x00, 0x00, 0x00,
    0x06, 0xFF, 0xFD, 0x00, 0x0F, 0xFF, 0xFF, 0xF0, 0x02, 0xFF, 0xFF, 0xFF, 0x00, 0x3E, 0x96, 0xFF,
    0xD0, 0x04, 0x00, 0x1F, 0xF4, 0x00, 0x00, 0x03, 0xFD, 0x00, 0x00, 0x00, 0xFF, 0x00, 0x00, 0x00,
    0xBF, 0xC0, 0x01, 0x6A, 0xFF, 0xC0, 0x01, 0xFF, 0xFF, 0x80, 0x00, 0x7F, 0xFE, 0x40, 0x00, 0x2F,
    0xFF, 0xF8, 0x00, 0x00, 0x06, 0xFF, 0x40, 0x00, 0x00, 0x2F, 0xF0, 0x00, 0x00, 0x07, 0xFC, 0x00,
    0x00, 0x02, 0xFF, 0x00, 0x00, 0x01, 0xFF, 0x82, 0xE5, 0x06, 0xFF, 0xD0, 0xBF, 0xFF, 0xFF, 0xE0,
    0x2F, 0xFF, 0xFF, 0xE0, 0x02, 0xFF, 0xFF, 0x90, 0x00, 0x00, 0x50, 0x00, 0x00, 0x00, 0x1F, 0x42,
    0xE0, 0x00, 0xFF, 0x2F, 0xC0, 0x03, 0xF8, 0xBF, 0x00, 0x0B, 0xC0, 0xF4, 0x00, 0x00, 0x00, 0x00,
    0x00, 0x00, 0x00, 0x00, 0x6F, 0xFF, 0xD0, 0x02, 0xFF, 0xFF, 0xE0, 0x03, 0xFF, 0xFF, 0xD0, 0x09,
    0x00, 0xFF, 0x80, 0x00, 0x02, 0xFE, 0x00, 0x00, 0x0F, 0xF4, 0x00, 0xAB, 0xFF, 0x80, 0x03, 0xFF,
    0xE4, 0x00, 0x1F, 0xFF, 0xD0, 0x00, 0x15, 0xBF, 0xD0, 0x00, 0x00, 0xBF, 0x80, 0x00, 0x02, 0xFF,
    0x06, 0x40, 0x2F, 0xF8, 0x2F, 0xFF, 0xFF, 0xC0, 0xBF, 0xFF, 0xFD, 0x01, 0xFF, 0xFF, 0x80, 0x00,
    0x05, 0x40, 0x00, 0x00, 0x00, 0x2F, 0xFF, 0xFF, 0xD0, 0x03, 0xFF, 0xFF, 0xFD, 0x00, 0x3F, 0xFF,
    0xFF, 0xC0, 0x07, 0xFF, 0xFF, 0xF4, 0x00, 0x00, 0x0B, 0xFD, 0x00, 0x00, 0x02, 0xFF, 0x00, 0x00,
    0x00, 0xBF, 0xC0, 0x00, 0x00, 0x3F, 0xF0, 0x00, 0x00, 0x0F, 0xF8, 0x00, 0x00, 0x01, 0xFF, 0xF4,
    0x00, 0x00, 0x2F, 0xFF, 0xF0, 0x00, 0x02, 0xAF, 0xFF, 0x80, 0x00, 0x00, 0x0F, 0xFC, 0x00, 0x00,
    0x00, 0x3F, 0xD0, 0x00, 0x00, 0x03, 0xFD, 0x00, 0x00, 0x00, 0x3F, 0xD0, 0x10, 0x00, 0x0F, 0xFC,
    0x03, 0xE4, 0x1B, 0xFF, 0x80, 0x3F, 0xFF, 0xFF, 0xF0, 0x03, 0xFF, 0xFF, 0xFC, 0x00, 0x1F, 0xFF,
    0xF9, 0x00, 0x00, 0x01, 0x50, 0x00, 0x00, 0x00, 0x3F, 0xFF, 0xFF, 0xC0, 0x03, 0xFF, 0xFF, 0xFC,
    0x00, 0x7F, 0xFF, 0xFF, 0x80, 0x01, 0x55, 0x7F, 0xF0, 0x00, 0x00, 0x0F, 0xFC, 0x00, 0x00, 0x03,
    0xFF, 0x00, 0x00, 0x00, 0xFF, 0x80, 0x00, 0x00, 0x3F, 0xE0, 0x00, 0x00, 0x0F, 0xF8, 0x00, 0x00,
    0x02, 0xFF, 0x90, 0x00, 0x00, 0x2F, 0xFF, 0xC0, 0x00, 0x03, 0xFF, 0xFF, 0x00, 0x00, 0x00, 0x2F,
    0xF8, 0x00, 0x00, 0x00, 0xFF, 0xC0, 0x00, 0x00, 0x07, 0xFC, 0x00, 0x00, 0x00, 0x7F, 0xC0, 0x00,
    0x00, 0x0B, 0xFC, 0x00, 0x00, 0x00, 0xFF, 0x80, 0x10, 0x00, 0x3F, 0xF0, 0x07, 0xFA, 0xBF, 0xFE,
    0x00, 0x7F, 0xFF, 0xFF, 0xC0, 0x07, 0xFF, 0xFF, 0xE0, 0x00, 0x1B, 0xFF, 0xE0, 0x00, 0x00, 0x00,
    0x00, 0x00, 0x00, 0x00, 0x00, 0x1A, 0xAA, 0xA0, 0x00, 0x00, 0x0F, 0xFF, 0xFC, 0x00, 0x00, 0x03,
    0xFF, 0xFF, 0x00, 0x00, 0x00, 0x55, 0x55, 0x00, 0x00, 0x00, 0x00, 0x00, 0x00, 0x00, 0x0F, 0xF0,
    0x00, 0xBF, 0xE0, 0x07, 0xFC, 0x00, 0x7F, 0xF8, 0x01, 0xFE, 0x00, 0x3F, 0xFD, 0x00, 0xBF, 0x40,
    0x2F, 0xFF, 0x00, 0x3F, 0xC0, 0x1F, 0xFF, 0xC0, 0x0F, 0xF0, 0x0F, 0xFF, 0xE0, 0x07, 0xF8, 0x0B,
    0xFB, 0xF8, 0x02, 0xFD, 0x07, 0xFA, 0xFD, 0x00, 0xFF, 0x43, 0xFC, 0xFF, 0x00, 0x3F, 0xC2, 0xFD,
    0x3F, 0xC0, 0x0F, 0xF0, 0xFE, 0x1F, 0xE0, 0x07, 0xF8, 0xFF, 0x0B, 0xF4, 0x02, 0xFD, 0xBF, 0x43,
    0xFC, 0x00, 0xFF, 0x7F, 0x80, 0xFF, 0x00, 0x3F, 0xFF, 0xC0, 0x3F, 0xC0, 0x1F, 0xFF, 0xD0, 0x1F,
    0xE0, 0x07, 0xFF, 0xF0, 0x0B, 0xF4, 0x02, 0xFF, 0xF0, 0x03, 0xFC, 0x00, 0xFF, 0xF8, 0x00, 0xFF,
    0x00, 0x3F, 0xFC, 0x00, 0x7F, 0x80, 0x1F, 0xFD, 0x00, 0x2F, 0xE0, 0x00, 0x00, 0x0A, 0xAA, 0xA4,
    0x00, 0x07, 0xFF, 0xFD, 0x00, 0x02, 0xFF, 0xFF, 0x00, 0x00, 0x55, 0x55, 0x40, 0x00, 0x00, 0x00,
    0x00, 0x01, 0xFF, 0x00, 0x3F, 0xC0, 0xBF, 0x80, 0x1F, 0xF0, 0x3F, 0xE0, 0x0B, 0xF8, 0x0F, 0xF4,
    0x03, 0xFD, 0x03, 0xFC, 0x00, 0xFF, 0x01, 0xFF, 0x00, 0x7F, 0xC0, 0xBF, 0x80, 0x2F, 0xF0, 0x3F,
    0xD0, 0x0F, 0xF8, 0x0F, 0xF0, 0x03, 0xFD, 0x03, 0xFC, 0x01, 0xFF, 0x01, 0xFF, 0x00, 0xFF, 0xC0,
    0x7F, 0xC0, 0x7F, 0xE0, 0x1F, 0xF4, 0xBF, 0xF4, 0x03, 0xFF, 0xFE, 0xFD, 0x00, 0xFF, 0xFD, 0x7F,
    0x00, 0x0F, 0xFD, 0x1F, 0xC0, 0x00, 0x10, 0x00, 0x00, 0x00, 0x00, 0x00, 0x1F, 0x42, 0xE0, 0x00,
    0x00, 0x0F, 0xF2, 0xFD, 0x00, 0x00, 0x03, 0xF8, 0xBF, 0x00, 0x00, 0x00, 0xBC, 0x0F, 0x40, 0x00,
    0x00, 0x00, 0x00, 0x00, 0x00, 0x00, 0x00, 0x00, 0x00, 0x00, 0x03, 0xFC, 0x00, 0x2F, 0xF8, 0x01,
    0xFF, 0x00, 0x1F, 0xFE, 0x00, 0x7F, 0x80, 0x0F, 0xFF, 0x40, 0x2F, 0xD0, 0x0B, 0xFF, 0xC0, 0x0F,
    0xF0, 0x07, 0xFF, 0xF0, 0x03, 0xFC, 0x03, 0xFF, 0xF8, 0x01, 0xFE, 0x02, 0xFE, 0xFE, 0x00, 0xBF,
    0x41, 0xFE, 0xBF, 0x40, 0x3F, 0xD0, 0xFF, 0x3F, 0xC0, 0x0F, 0xF0, 0xBF, 0x4F, 0xF0, 0x03, 0xFC,
    0x3F, 0x87, 0xF8, 0x01, 0xFE, 0x3F, 0xC2, 0xFD, 0x00, 0xBF, 0x6F, 0xD0, 0xFF, 0x00, 0x3F, 0xDF,
    0xE0, 0x3F, 0xC0, 0x0F, 0xFF, 0xF0, 0x0F, 0xF0, 0x07, 0xFF, 0xF4, 0x07, 0xF8, 0x01, 0xFF, 0xFC,
    0x02, 0xFD, 0x00, 0xBF, 0xFC, 0x00, 0xFF, 0x00, 0x3F, 0xFE, 0x00, 0x3F, 0xC0, 0x0F, 0xFF, 0x00,
    0x1F, 0xE0, 0x07, 0xFF, 0x40, 0x0B, 0xF8, 0x00, 0x00, 0x0B, 0x81, 0xF4, 0x00, 0x0B, 0xF0, 0xFE,
    0x00, 0x02, 0xFC, 0x3F, 0x80, 0x00, 0x3D, 0x0B, 0x80, 0x00, 0x00, 0x00, 0x00, 0x00, 0x00, 0x00,
    0x00, 0x00, 0x7F, 0xC0, 0x0F, 0xF0, 0x2F, 0xE0, 0x07, 0xFC, 0x0F, 0xF8, 0x02, 0xFE, 0x03, 0xFD,
    0x00, 0xFF, 0x40, 0xFF, 0x00, 0x3F, 0xC0, 0x7F, 0xC0, 0x1F, 0xF0, 0x2F, 0xE0, 0x0B, 0xFC, 0x0F,
    0xF4, 0x03, 0xFE, 0x03, 0xFC, 0x00, 0xFF, 0x40, 0xFF, 0x00, 0x7F, 0xC0, 0x7F, 0xC0, 0x3F, 0xF0,
    0x1F, 0xF0, 0x1F, 0xF8, 0x07, 0xFD, 0x2F, 0xFD, 0x00, 0xFF, 0xFF, 0xBF, 0x40, 0x3F, 0xFF, 0x5F,
    0xC0, 0x03, 0xFF, 0x47, 0xF0, 0x00, 0x04, 0x00, 0x00, 0x00, 0x00, 0x00, 0x3E, 0x0B, 0xC0, 0x00,
    0x00, 0xBF, 0x0F, 0xE0, 0x00, 0x00, 0xFF, 0x1F, 0xD0, 0x00, 0x00, 0x7D, 0x0B, 0x80, 0x00, 0x00,
    0x00, 0x00, 0x00, 0x00, 0x00, 0x00, 0x00, 0x00, 0x00, 0x01, 0xBF, 0xFD, 0x00, 0x00, 0x0F, 0xFF,
    0xFF, 0xC0, 0x00, 0x3F, 0xFF, 0xFF, 0xF0, 0x00, 0xFF, 0xFA, 0xBF, 0xF4, 0x03, 0xFF, 0x80, 0x1F,
    0xFC, 0x07, 0xFE, 0x00, 0x0B, 0xFC, 0x0F, 0xFC, 0x00, 0x07, 0xFD, 0x1F, 0xF4, 0x00, 0x03, 0xFD,
    0x2F, 0xF0, 0x00, 0x03, 0xFD, 0x3F, 0xE0, 0x00, 0x03, 0xFD, 0x3F, 0xD0, 0x00, 0x07, 0xFC, 0x3F,
    0xD0, 0x00, 0x0B, 0xFC, 0x7F, 0xD0, 0x00, 0x0F, 0xFC, 0x7F, 0xD0, 0x00, 0x0F, 0xF8, 0x3F, 0xD0,
    0x00, 0x2F, 0xF0, 0x3F, 0xE0, 0x00, 0x7F, 0xE0, 0x3F, 0xF4, 0x01, 0xFF, 0xC0, 0x1F, 0xFE, 0x5B,
    0xFF, 0x40, 0x0F, 0xFF, 0xFF, 0xFE, 0x00, 0x03, 0xFF, 0xFF, 0xF4, 0x00, 0x00, 0x7F, 0xFF, 0x80,
    0x00, 0x00, 0x00, 0x50, 0x00, 0x00, 0x00, 0x1F, 0x42, 0xE0, 0x00, 0xFF, 0x1F, 0xD0, 0x03, 0xF8,
    0xBF, 0x00, 0x07, 0xC0, 0xF8, 0x00, 0x00, 0x00, 0x00, 0x00, 0x00, 0x00, 0x00, 0x02, 0xFF, 0xE0,
    0x00, 0x7F, 0xFF, 0xF0, 0x07, 0xFF, 0xFF, 0xF0, 0x3F, 0xF5, 0xBF, 0xD2, 0xFF, 0x40, 0xFF, 0x8F,
    0xF8, 0x02, 0xFF, 0x7F, 0xC0, 0x0B, 0xFD, 0xFF, 0x00, 0x2F, 0xEB, 0xF8, 0x00, 0xFF, 0xAF, 0xE0,
    0x03, 0xFD, 0xBF, 0x80, 0x1F, 0xF2, 0xFF, 0x00, 0xFF, 0x87, 0xFE, 0x1F, 0xFC, 0x0F, 0xFF, 0xFF,
    0xE0, 0x0F, 0xFF, 0xFE, 0x00, 0x0B, 0xFF, 0x90, 0x00, 0x00, 0x40, 0x00, 0x00, 0x00, 0x00, 0x00,
    0x00, 0x00, 0x00, 0x01, 0xBF, 0xFD, 0x00, 0x00, 0x0F, 0xFF, 0xFF, 0xC0, 0x00, 0x3F, 0xFF, 0xFF,
    0xF0, 0x00, 0xFF, 0xF5, 0xBF, 0xF4, 0x03, 0xFF, 0x40, 0x0F, 0xFC, 0x07, 0xFD, 0x00, 0x07, 0xFC,
    0x0F, 0xF8, 0x00, 0x03, 0xFD, 0x1F, 0xF0, 0x00, 0x03, 0xFD, 0x2F, 0xF5, 0x55, 0x57, 0xFD, 0x3F,
    0xFF, 0xFF, 0xFF, 0xFD, 0x3F, 0xFF, 0xFF, 0xFF, 0xFC, 0x3F, 0xFF, 0xFF, 0xFF, 0xFC, 0x7F, 0xC0,
    0x00, 0x0B, 0xFC, 0x7F, 0xC0, 0x00, 0x0F, 0xF8, 0x3F, 0xC0, 0x00, 0x1F, 0xF0, 0x3F, 0xD0, 0x00,
    0x3F, 0xE0, 0x3F, 0xF0, 0x00, 0xFF, 0xC0, 0x1F, 0xFD, 0x5B, 0xFF, 0x40, 0x0F, 0xFF, 0xFF, 0xFE,
    0x00, 0x03, 0xFF, 0xFF, 0xF4, 0x00, 0x00, 0x7F, 0xFF, 0x80, 0x00, 0x00, 0x00, 0x50, 0x00, 0x00,
    0x00, 0x00, 0x00, 0x00, 0x00, 0xBF, 0xF8, 0x00, 0x1F, 0xFF, 0xFC, 0x01, 0xFF, 0xFF, 0xFC, 0x0F,
    0xFD, 0x1F, 0xF4, 0xBF, 0xC0, 0x2F, 0xE3, 0xFE, 0x00, 0xBF, 0xDF, 0xFA, 0xAA, 0xFF, 0x7F, 0xFF,
    0xFF, 0xFA, 0xFF, 0xFF, 0xFF, 0xEB, 0xFE, 0xAA, 0xFF, 0x6F, 0xE0, 0x07, 0xFC, 0xBF, 0x80, 0x3F,
    0xE1, 0xFF, 0x87, 0xFF, 0x03, 0xFF, 0xFF, 0xF8, 0x03, 0xFF, 0xFF, 0x80, 0x02, 0xFF, 0xE4, 0x00,
    0x00, 0x10, 0x00, 0x00, 0x00, 0x00, 0xBC, 0x0F, 0x80, 0x00, 0x01, 0xFE, 0x3F, 0xC0, 0x00, 0x01,
    0xFD, 0x3F, 0xC0, 0x00, 0x00, 0xB8, 0x1F, 0x40, 0x00, 0x00, 0x00, 0x00, 0x00, 0x00, 0x00, 0x00,
    0x00, 0x00, 0x00, 0x01, 0xBF, 0xFD, 0x00, 0x00, 0x0F, 0xFF, 0xFF, 0xC0, 0x00, 0x3F, 0xFF, 0xFF,
    0xF0, 0x00, 0xFF, 0xF5, 0xBF, 0xF4, 0x03, 0xFF, 0x40, 0x0F, 0xFC, 0x07, 0xFD, 0x00, 0x07, 0xFC,
    0x0F, 0xF8, 0x00, 0x03, 0xFD, 0x1F, 0xF0, 0x00, 0x03, 0xFD, 0x2F, 0xF5, 0x55, 0x57, 0xFD, 0x3F,
    0xFF, 0xFF, 0xFF, 0xFD, 0x3F, 0xFF, 0xFF, 0xFF, 0xFC, 0x3F, 0xFF, 0xFF, 0xFF, 0xFC, 0x7F, 0xC0,
    0x00, 0x0B, 0xFC, 0x7F, 0xC0, 0x00, 0x0F, 0xF8, 0x3F, 0xC0, 0x00, 0x1F, 0xF0, 0x3F, 0xD0, 0x00,
    0x3F, 0xE0, 0x3F, 0xF0, 0x00, 0xFF, 0xC0, 0x1F, 0xFD, 0x5B, 0xFF, 0x40, 0x0F, 0xFF, 0xFF, 0xFE,
    0x00, 0x03, 0xFF, 0xFF, 0xF4, 0x00, 0x00, 0x7F, 0xFF, 0x80, 0x00, 0x00, 0x00, 0x50, 0x00, 0x00,
    0x00, 0x2F, 0x07, 0xD0, 0x01, 0xFE, 0x3F, 0xC0, 0x07, 0xF4, 0xFF, 0x00, 0x0B, 0x81, 0xF0, 0x00,
    0x00, 0x00, 0x00, 0x00, 0x00, 0x00, 0x00, 0x02, 0xFF, 0xE0, 0x00, 0x7F, 0xFF, 0xF0, 0x07, 0xFF,
    0xFF, 0xF0, 0x3F, 0xF4, 0x7F, 0xD2, 0xFF, 0x00, 0xBF, 0x8F, 0xF8, 0x02, 0xFF, 0x7F, 0xEA, 0xAB,
    0xFD, 0xFF, 0xFF, 0xFF, 0xEB, 0xFF, 0xFF, 0xFF, 0xAF, 0xFA, 0xAB, 0xFD, 0xBF, 0x80, 0x1F, 0xF2,
    0xFE, 0x00, 0xFF, 0x87, 0xFE, 0x1F, 0xFC, 0x0F, 0xFF, 0xFF, 0xE0, 0x0F, 0xFF, 0xFE, 0x00, 0x0B,
    0xFF, 0x90, 0x00, 0x00, 0x40, 0x00, 0x00, 0x00, 0x07, 0xD0, 0xB8, 0x00, 0x00, 0xFF, 0x2F, 0xD0,
    0x00, 0x0F, 0xE2, 0xFC, 0x00, 0x00, 0xBC, 0x0F, 0x40, 0x00, 0x00, 0x00, 0x00, 0x00, 0x00, 0x00,
    0x00, 0x00, 0x00, 0x6F, 0xFF, 0x80, 0x00, 0x2F, 0xFF, 0xFF, 0x80, 0x00, 0xFF, 0xFF, 0xFE, 0x00,
    0x0F, 0xEA, 0xFF, 0xF0, 0x00, 0x40, 0x01, 0xFF, 0x80, 0x00, 0x00, 0x0B, 0xFC, 0x00, 0x00, 0x00,
    0x7F, 0xC0, 0x00, 0x00, 0x03, 0xFC, 0x00, 0x05, 0x55, 0x7F, 0xC0, 0x03, 0xFF, 0xFF, 0xFC, 0x00,
    0x3F, 0xFF, 0xFF, 0xC0, 0x07, 0xFF, 0xFF, 0xFC, 0x00, 0x15, 0x55, 0xFF, 0x80, 0x00, 0x00, 0x1F,
    0xF4, 0x00, 0x00, 0x03, 0xFF, 0x00, 0x00, 0x00, 0x7F, 0xE0, 0x00, 0x00, 0x2F, 0xFC, 0x07, 0xE5,
    0x6F, 0xFF, 0x40, 0x7F, 0xFF, 0xFF, 0xD0, 0x07, 0xFF, 0xFF, 0xF4, 0x00, 0x2F, 0xFF, 0xF8, 0x00,
    0x00, 0x01, 0x40, 0x00, 0x00, 0x00, 0x7D, 0x0B, 0x80, 0x0F, 0xF1, 0xFD, 0x00, 0xFF, 0x2F, 0xC0,
    0x07, 0xC0, 0xF8, 0x00, 0x00, 0x00, 0x00, 0x00, 0x00, 0x00, 0x06, 0xFF, 0xE0, 0x00, 0xBF, 0xFF,
    0xC0, 0x07, 0xFF, 0xFF, 0x00, 0x24, 0x2F, 0xF4, 0x00, 0x00, 0xFF, 0x80, 0x00, 0x0B, 0xFC, 0x00,
    0xAA, 0xFF, 0xC0, 0x2F, 0xFF, 0xFC, 0x03, 0xFF, 0xFF, 0x80, 0x15, 0x5F, 0xF4, 0x00, 0x01, 0xFF,
    0x00, 0x00, 0x3F, 0xF0, 0x64, 0x1F, 0xFD, 0x07, 0xFF, 0xFF, 0x80, 0x7F, 0xFF, 0xE0, 0x03, 0xFF,
    0xF4, 0x00, 0x00, 0x40, 0x00, 0x00, 0x00, 0x01, 0xAA, 0xAA, 0x00, 0x00, 0x00, 0xBF, 0xFF, 0xC0,
    0x00, 0x00, 0x3F, 0xFF, 0xF0, 0x00, 0x00, 0x05, 0x55, 0x54, 0x00, 0x00, 0x00, 0x00, 0x00, 0x00,
    0x01, 0xFF, 0x00, 0x00, 0xBF, 0x80, 0x3F, 0xC0, 0x00, 0x7F, 0xD0, 0x0F, 0xF4, 0x00, 0x3F, 0xF0,
    0x02, 0xFE, 0x00, 0x1F, 0xF0, 0x00, 0x7F, 0xC0, 0x0F, 0xF8, 0x00, 0x0F, 0xF0, 0x0B, 0xFC, 0x00,
    0x02, 0xFD, 0x03, 0xFD, 0x00, 0x00, 0x7F, 0x82, 0xFF, 0x00, 0x00, 0x0F, 0xF0, 0xFF, 0x40, 0x00,
    0x03, 0xFC, 0xBF, 0x80, 0x00, 0x00, 0xBF, 0xBF, 0xC0, 0x00, 0x00, 0x1F, 0xFF, 0xE0, 0x00, 0x00,
    0x03, 0xFF, 0xF0, 0x00, 0x00, 0x00, 0xFF, 0xF4, 0x00, 0x00, 0x00, 0x2F, 0xFC, 0x00, 0x00, 0x00,
    0x0B, 0xFC, 0x00, 0x00, 0x00, 0x0B, 0xFE, 0x00, 0x00, 0x06, 0xAF, 0xFF, 0x00, 0x00, 0x02, 0xFF,
    0xFF, 0x00, 0x00, 0x00, 0xBF, 0xFF, 0x40, 0x00, 0x00, 0x2F, 0xFE, 0x00, 0x00, 0x00, 0x00, 0x50,
    0x00, 0x00, 0x00, 0x00, 0x00, 0x00, 0x6A, 0xAA, 0x80, 0x00, 0x00, 0xFF, 0xFF, 0xC0, 0x00, 0x01,
    0xFF, 0xFF, 0x80, 0x00, 0x00, 0x55, 0x55, 0x00, 0x00, 0x00, 0x00, 0x00, 0x00, 0x00, 0x7F, 0x80,
    0x03, 0xFD, 0x00, 0x7F, 0xC0, 0x0B, 0xFC, 0x00, 0x3F, 0xC0, 0x0F, 0xF4, 0x00, 0x3F, 0xC0, 0x2F,
    0xF0, 0x00, 0x3F, 0xC0, 0x3F, 0xD0, 0x00, 0x3F, 0xC0, 0xBF, 0xC0, 0x00, 0x2F, 0xD0, 0xFF, 0x00,
    0x00, 0x1F, 0xD2, 0xFE, 0x00, 0x00, 0x1F, 0xE3, 0xFC, 0x00, 0x00, 0x0F, 0xE7, 0xF8, 0x00, 0x00,
    0x0F, 0xEF, 0xF0, 0x00, 0x00, 0x0F, 0xFF, 0xE0, 0x00, 0x00, 0x0B, 0xFF, 0xC0, 0x00, 0x00, 0x0B,
    0xFF, 0x80, 0x00, 0x00, 0x07, 0xFF, 0x00, 0x00, 0x00, 0x07, 0xFD, 0x00, 0x00, 0x00, 0x07, 0xFC,
    0x00, 0x00, 0x00, 0x0F, 0xF4, 0x00, 0x00, 0x00, 0x3F, 0xF0, 0x00, 0x00, 0x2A, 0xFF, 0xC0, 0x00,
    0x00, 0x3F, 0xFF, 0x40, 0x00, 0x00, 0x3F, 0xFD, 0x00, 0x00, 0x00, 0x3F, 0xE0, 0x00, 0x00, 0x00,
    0x00, 0x00, 0xF8, 0x2F, 0x00, 0x00, 0x00, 0xBF, 0x1F, 0xE0, 0x00, 0x00, 0x3F, 0xC7, 0xF4, 0x00,
    0x00, 0x07, 0xD0, 0xB8, 0x00, 0x00, 0x00, 0x00, 0x00, 0x00, 0x00, 0x00, 0x00, 0x00, 0x00, 0x00,
    0x7F, 0xC0, 0x00, 0x2F, 0xE0, 0x0F, 0xF0, 0x00, 0x1F, 0xF4, 0x03, 0xFD, 0x00, 0x0F, 0xFC, 0x00,
    0xBF, 0x80, 0x07, 0xFC, 0x00, 0x1F, 0xF0, 0x03, 0xFE, 0x00, 0x03, 0xFC, 0x02, 0xFF, 0x00, 0x00,
    0xBF, 0x40, 0xFF, 0x40, 0x00, 0x1F, 0xE0, 0xBF, 0xC0, 0x00, 0x03, 0xFC, 0x3F, 0xD0, 0x00, 0x00,
    0xFF, 0x2F, 0xE0, 0x00, 0x00, 0x2F, 0xEF, 0xF0, 0x00, 0x00, 0x07, 0xFF, 0xF8, 0x00, 0x00, 0x00,
    0xFF, 0xFC, 0x00, 0x00, 0x00, 0x3F, 0xFD, 0x00, 0x00, 0x00, 0x0B, 0xFF, 0x00, 0x00, 0x00, 0x02,
    0xFF, 0x00, 0x00, 0x00, 0x02, 0xFF, 0x80, 0x00, 0x01, 0xAB, 0xFF, 0xC0, 0x00, 0x00, 0xBF, 0xFF,
    0xC0, 0x00, 0x00, 0x2F, 0xFF, 0xD0, 0x00, 0x00, 0x0B, 0xFF, 0x80, 0x00, 0x00, 0x00, 0x14, 0x00,
    0x00, 0x00, 0x00, 0x00, 0x00, 0x7C, 0x0F, 0x80, 0x00, 0x00, 0xFE, 0x2F, 0xC0, 0x00, 0x01, 0xFE,
    0x3F, 0xC0, 0x00, 0x00, 0xB8, 0x1F, 0x40, 0x00, 0x00, 0x00, 0x00, 0x00, 0x00, 0x00, 0x00, 0x00,
    0x00, 0x00, 0x7F, 0x80, 0x03, 0xFD, 0x00, 0x7F, 0xC0, 0x0B, 0xFC, 0x00, 0x3F, 0xC0, 0x0F, 0xF4,
    0x00, 0x3F, 0xC0, 0x2F, 0xF0, 0x00, 0x3F, 0xC0, 0x3F, 0xD0, 0x00, 0x3F, 0xC0, 0xBF, 0xC0, 0x00,
    0x2F, 0xD0, 0xFF, 0x00, 0x00, 0x1F, 0xD2, 0xFE, 0x00, 0x00, 0x1F, 0xE3, 0xFC, 0x00, 0x00, 0x0F,
    0xE7, 0xF8, 0x00, 0x00, 0x0F, 0xEF, 0xF0, 0x00, 0x00, 0x0F, 0xFF, 0xE0, 0x00, 0x00, 0x0B, 0xFF,
    0xC0, 0x00, 0x00, 0x0B, 0xFF, 0x80, 0x00, 0x00, 0x07, 0xFF, 0x00, 0x00, 0x00, 0x07, 0xFD, 0x00,
    0x00, 0x00, 0x07, 0xFC, 0x00, 0x00, 0x00, 0x0F, 0xF4, 0x00, 0x00, 0x00, 0x3F, 0xF0, 0x00, 0x00,
    0x2A, 0xFF, 0xC0, 0x00, 0x00, 0x3F, 0xFF, 0x40, 0x00, 0x00, 0x3F, 0xFD, 0x00, 0x00, 0x00, 0x3F,
    0xE0, 0x00, 0x00, 0x00, 0x00, 0x00, 0x05, 0x50, 0x55, 0x00, 0x00, 0x07, 0xFC, 0x7F, 0xC0, 0x00,
    0x03, 0xFC, 0x3F, 0xC0, 0x00, 0x03, 0xF8, 0x3F, 0x80, 0x00, 0x02, 0xF8, 0x2F, 0x40, 0x00, 0x00,
    0x50, 0x05, 0x00, 0x00, 0x00, 0x00, 0x00, 0x00, 0x00, 0x1F, 0xF0, 0x00, 0x0B, 0xF8, 0x03, 0xFC,
    0x00, 0x07, 0xFD, 0x00, 0xFF, 0x40, 0x03, 0xFF, 0x00, 0x2F, 0xE0, 0x01, 0xFF, 0x00, 0x07, 0xFC,
    0x00, 0xFF, 0x80, 0x00, 0xFF, 0x00, 0xBF, 0xC0, 0x00, 0x2F, 0xD0, 0x3F, 0xD0, 0x00, 0x07, 0xF8,
    0x2F, 0xF0, 0x00, 0x00, 0xFF, 0x0F, 0xF4, 0x00, 0x00, 0x3F, 0xCB, 0xF8, 0x00, 0x00, 0x0B, 0xFB,
    0xFC, 0x00, 0x00, 0x01, 0xFF, 0xFE, 0x00, 0x00, 0x00, 0x3F, 0xFF, 0x00, 0x00, 0x00, 0x0F, 0xFF,
    0x40, 0x00, 0x00, 0x02, 0xFF, 0xC0, 0x00, 0x00, 0x00, 0xBF, 0xC0, 0x00, 0x00, 0x00, 0xBF, 0xE0,
    0x00, 0x00, 0x6A, 0xFF, 0xF0, 0x00, 0x00, 0x2F, 0xFF, 0xF0, 0x00, 0x00, 0x0B, 0xFF, 0xF4, 0x00,
    0x00, 0x02, 0xFF, 0xE0, 0x00, 0x00, 0x00, 0x05, 0x00, 0x00, 0x00, 0x00, 0x00, 0x00, 0x00, 0x01,
    0x54, 0x15, 0x40, 0x00, 0x03, 0xFE, 0x3F, 0xD0, 0x00, 0x02, 0xFD, 0x2F, 0xD0, 0x00, 0x01, 0xFD,
    0x1F, 0xD0, 0x00, 0x00, 0xFC, 0x0F, 0xC0, 0x00, 0x00, 0x14, 0x01, 0x40, 0x00, 0x00, 0x00, 0x00,
    0x00, 0x00, 0x01, 0xFE, 0x00, 0x0F, 0xF4, 0x00, 0x7F, 0xC0, 0x0B, 0xFC, 0x00, 0x0F, 0xF0, 0x03,
    0xFD, 0x00, 0x03, 0xFC, 0x02, 0xFF, 0x00, 0x00, 0xFF, 0x00, 0xFF, 0x40, 0x00, 0x3F, 0xC0, 0xBF,
    0xC0, 0x00, 0x0B, 0xF4, 0x3F, 0xC0, 0x00, 0x01, 0xFD, 0x2F, 0xE0, 0x00, 0x00, 0x7F, 0x8F, 0xF0,
    0x00, 0x00, 0x0F, 0xE7, 0xF8, 0x00, 0x00, 0x03, 0xFB, 0xFC, 0x00, 0x00, 0x00, 0xFF, 0xFE, 0x00,
    0x00, 0x00, 0x2F, 0xFF, 0x00, 0x00, 0x00, 0x0B, 0xFF, 0x80, 0x00, 0x00, 0x01, 0xFF, 0xC0, 0x00,
    0x00, 0x00, 0x7F, 0xD0, 0x00, 0x00, 0x00, 0x1F, 0xF0, 0x00, 0x00, 0x00, 0x0F, 0xF4, 0x00, 0x00,
    0x00, 0x0F, 0xFC, 0x00, 0x00, 0x02, 0xAF, 0xFC, 0x00, 0x00, 0x00, 0xFF, 0xFD, 0x00, 0x00, 0x00,
    0x3F, 0xFD, 0x00, 0x00, 0x00, 0x0F, 0xF8, 0x00, 0x00, 0x00, 0x00, 0x00, 0x07, 0xD0, 0xBC, 0x00,
    0x00, 0xFF, 0x1F, 0xD0, 0x00, 0x0F, 0xF1, 0xFD, 0x00, 0x00, 0x7C, 0x0F, 0x80, 0x00, 0x00, 0x00,
    0x00, 0x00, 0x00, 0x00, 0x00, 0x00, 0x07, 0xF8, 0x00, 0x2F, 0xD0, 0xFF, 0x80, 0x03, 0xFD, 0x0F,
    0xF4, 0x00, 0x3F, 0xC0, 0xFF, 0x00, 0x07, 0xFC, 0x1F, 0xF0, 0x00, 0xBF, 0x82, 0xFE, 0x00, 0x0F,
    0xF8, 0x3F, 0xD0, 0x00, 0xFF, 0x43, 0xFD, 0x00, 0x1F, 0xF0, 0x3F, 0xD0, 0x02, 0xFF, 0x03, 0xFF,
    0x00, 0x3F, 0xE0, 0x3F, 0xFF, 0xFF, 0xFD, 0x01, 0xFF, 0xFF, 0xFF, 0xC0, 0x0B, 0xFF, 0xFF, 0xFC,
    0x00, 0x0A, 0xEA, 0xFF, 0xC0, 0x00, 0x00, 0x0F, 0xF8, 0x00, 0x00, 0x00, 0xFF, 0x40, 0x00, 0x00,
    0x0F, 0xF0, 0x00, 0x00, 0x01, 0xFF, 0x00, 0x00, 0x00, 0x2F, 0xF0, 0x00, 0x00, 0x03, 0xFE, 0x00,
    0x00, 0x00, 0x3F, 0xD0, 0x00, 0x00, 0x7D, 0x0F, 0x80, 0x03, 0xF8, 0xBF, 0x00, 0x0F, 0xE2, 0xFC,
    0x00, 0x2E, 0x07, 0xD0, 0x00, 0x00, 0x00, 0x00, 0x00, 0x00, 0x00, 0x03, 0xFD, 0x00, 0xFF, 0x4F,
    0xF0, 0x03, 0xFC, 0x7F, 0xC0, 0x1F, 0xF2, 0xFE, 0x00, 0xBF, 0xCF, 0xF8, 0x03, 0xFE, 0x3F, 0xD0,
    0x0F, 0xF4, 0xFF, 0x40, 0xFF, 0xC3, 0xFF, 0x5F, 0xFF, 0x0B, 0xFF, 0xFF, 0xFC, 0x1F, 0xFF, 0xFF,
    0xE0, 0x1F, 0xF8, 0xFF, 0x40, 0x00, 0x03, 0xFC, 0x00, 0x00, 0x1F, 0xF0, 0x00, 0x00, 0xBF, 0x80,
    0x00, 0x03, 0xFD, 0x00, 0x00, 0x0F, 0xF4, 0x00, 0x00, 0x3F, 0xFF, 0xFF, 0x80, 0x0F, 0xFF, 0xFF,
    0xD0, 0x07, 0xFF, 0xFF, 0xF4, 0x02, 0xFF, 0xFF, 0xFC, 0x00, 0xFF, 0x80, 0x00, 0x00, 0x3F, 0xD0,
    0x00, 0x00, 0x0F, 0xF0, 0x00, 0x00, 0x07, 0xFC, 0x00, 0x00, 0x02, 0xFE, 0x00, 0x00, 0x00, 0xFF,
    0x40, 0x00, 0x00, 0x3F, 0xD0, 0x00, 0x00, 0x0F, 0xF0, 0x00, 0x00, 0x07, 0xFC, 0x00, 0x00, 0x02,
    0xFE, 0x00, 0x00, 0x00, 0xFF, 0x40, 0x00, 0x00, 0x3F, 0xC0, 0x00, 0x00, 0x1F, 0xF0, 0x00, 0x00,
    0x07, 0xFE, 0xA4, 0x00, 0x02, 0xFF, 0xFE, 0x00, 0x00, 0xFF, 0xFF, 0x40, 0x00, 0x3F, 0xFF, 0xC0,
    0x00, 0x00, 0x1F, 0xF0, 0x00, 0x00, 0x0B, 0xFC, 0x00, 0x00, 0x03, 0xFE, 0x00, 0x00, 0x00, 0xFF,
    0x40, 0x00, 0x00, 0x3F, 0xC0, 0x00, 0x00, 0x1F, 0xF0, 0x00, 0x00, 0x00, 0x00, 0x00, 0x00, 0x00,
    0xFF, 0xFF, 0xF4, 0x07, 0xFF, 0xFF, 0xC0, 0x2F, 0xFF, 0xFF, 0x00, 0xFF, 0xEA, 0xA4, 0x03, 0xFD,
    0x00, 0x00, 0x0F, 0xF0, 0x00, 0x00, 0x7F, 0xC0, 0x00, 0x02, 0xFE, 0x00, 0x00, 0x0F, 0xF4, 0x00,
    0x00, 0x3F, 0xC0, 0x00, 0x01, 0xFF, 0x00, 0x00, 0x0B, 0xFC, 0x00, 0x00, 0x2F, 0xFA, 0x40, 0x00,
    0xFF, 0xFE, 0x00, 0x03, 0xFF, 0xF4, 0x00, 0x1F, 0xFF, 0xC0, 0x00, 0x00, 0xFF, 0x00, 0x00, 0x03,
    0xF8, 0x00, 0x00, 0x1F, 0xE0, 0x00, 0x00, 0xBF, 0x40, 0x00, 0x03, 0xFC, 0x00, 0x00, 0x0A, 0xA0,
    0x00, 0x00, 0x00, 0x00, 0x00, 0xBC, 0x1F, 0x40, 0x00, 0x00, 0x00, 0x1F, 0xD3, 0xFC, 0x00, 0x00,
    0x00, 0x01, 0xFD, 0x3F, 0x80, 0x00, 0x00, 0x00, 0x0F, 0x81, 0xF0, 0x00, 0x00, 0x00, 0x00, 0x00,
    0x00, 0x00, 0x00, 0x00, 0x00, 0x00, 0x00, 0x00, 0x00, 0x00, 0x3F, 0xD0, 0x00, 0x00, 0x1F, 0xE0,
    0x03, 0xFC, 0x00, 0x00, 0x03, 0xFE, 0x00, 0x7F, 0xC0, 0x00, 0x00, 0x3F, 0xD0, 0x0B, 0xF8, 0x00,
    0x00, 0x03, 0xFD, 0x00, 0xFF, 0x80, 0x00, 0x00, 0x7F, 0xC0, 0x0F, 0xF4, 0x00, 0x00, 0x0B, 0xFC,
    0x01, 0xFF, 0x00, 0x00, 0x00, 0xFF, 0x80, 0x1F, 0xF5, 0x00, 0x00, 0x0F, 0xF4, 0x02, 0xFF, 0xFF,
    0x80, 0x01, 0xFF, 0x00, 0x3F, 0xFF, 0xFF, 0x40, 0x1F, 0xF0, 0x03, 0xFF, 0xFF, 0xFC, 0x02, 0xFF,
    0x00, 0x7F, 0xD5, 0xFF, 0xE0, 0x3F, 0xE0, 0x0B, 0xFC, 0x03, 0xFF, 0x03, 0xFD, 0x00, 0xBF, 0x80,
    0x2F, 0xF0, 0x7F, 0xC0, 0x0F, 0xF4, 0x02, 0xFF, 0x0B, 0xFC, 0x00, 0xFF, 0x00, 0x3F, 0xE0, 0xBF,
    0x80, 0x1F, 0xF0, 0x0F, 0xFC, 0x0F, 0xF8, 0x02, 0xFF, 0xAB, 0xFF, 0x80, 0xFF, 0x40, 0x3F, 0xFF,
    0xFF, 0xF0, 0x1F, 0xF0, 0x03, 0xFF, 0xFF, 0xF8, 0x02, 0xFF, 0x00, 0x3F, 0xFF, 0xF8, 0x00, 0x3F,
    0xE0, 0x00, 0x00, 0x00, 0x0B, 0x81, 0xF4, 0x00, 0x00, 0x00, 0x7F, 0x4F, 0xF0, 0x00, 0x00, 0x02,
    0xFC, 0x3F, 0x80, 0x00, 0x00, 0x03, 0xD0, 0xB8, 0x00, 0x00, 0x00, 0x00, 0x00, 0x00, 0x00, 0x00,
    0x00, 0x00, 0x00, 0x00, 0x00, 0x1F, 0xF0, 0x00, 0x00, 0x7F, 0xC0, 0xBF, 0x80, 0x00, 0x02, 0xFE,
    0x03, 0xFD, 0x00, 0x00, 0x0F, 0xF4, 0x0F, 0xF0, 0x00, 0x00, 0x3F, 0xD0, 0x7F, 0xC0, 0x00, 0x00,
    0xFF, 0x02, 0xFF, 0x55, 0x00, 0x07, 0xFC, 0x0F, 0xFF, 0xFF, 0x80, 0x2F, 0xE0, 0x3F, 0xFF, 0xFF,
    0xC0, 0xFF, 0x40, 0xFF, 0xEB, 0xFF, 0x43, 0xFC, 0x07, 0xFC, 0x03, 0xFD, 0x1F, 0xF0, 0x2F, 0xF0,
    0x0F, 0xF4, 0xBF, 0xC0, 0xBF, 0x80, 0x3F, 0xD2, 0xFE, 0x01, 0xFF, 0x02, 0xFF, 0x0F, 0xF4, 0x03,
    0xFF, 0xBF, 0xF4, 0x3F, 0xC0, 0x0B, 0xFF, 0xFF, 0x81, 0xFF, 0x00, 0x07, 0xFF, 0xF4, 0x0B, 0xF8,
    0x00, 0x00, 0x50, 0x00, 0x00, 0x00, 0x00, 0x00, 0x3F, 0xFF, 0xFF, 0x80, 0x0F, 0xFF, 0xFF, 0xD0,
    0x07, 0xFF, 0xFF, 0xF0, 0x02, 0xFF, 0xFF, 0xFC, 0x00, 0xFF, 0x80, 0x00, 0x00, 0x3F, 0xD0, 0x00,
    0x00, 0x0F, 0xF0, 0x00, 0x00, 0x07, 0xFC, 0x00, 0x00, 0x02, 0xFF, 0x00, 0x00, 0x0F, 0xFF, 0xFF,
    0xC0, 0x03, 0xFF, 0xFF, 0xE0, 0x01, 0xFF, 0xFF, 0xF4, 0x00, 0x2F, 0xFE, 0xA8, 0x00, 0x02, 0xFE,
    0x00, 0x00, 0x00, 0xFF, 0x80, 0x00, 0x00, 0x3F, 0xD0, 0x00, 0x00, 0x1F, 0xF5, 0x50, 0x00, 0x0B,
    0xFF, 0xFC, 0x00, 0x02, 0xFF, 0xFF, 0x00, 0x00, 0xFF, 0xFF, 0x80, 0x00, 0x3F, 0xFF, 0xD0, 0x00,
    0x00, 0x0F, 0xF0, 0x00, 0x00, 0x07, 0xFC, 0x00, 0x00, 0x02, 0xFF, 0x00, 0x00, 0x26, 0xFF, 0x40,
    0x00, 0x0F, 0xFF, 0xC0, 0x00, 0x03, 0xFF, 0xD0, 0x00, 0x00, 0xFF, 0x80, 0x00, 0x00, 0x00, 0x00,
    0x00, 0x00, 0x00, 0x00, 0x3F, 0xFF, 0xFD, 0x00, 0x7F, 0xFF, 0xFC, 0x00, 0xBF, 0xFF, 0xFC, 0x00,
    0xFF, 0xEA, 0xA4, 0x00, 0xFF, 0x00, 0x00, 0x00, 0xFF, 0x00, 0x00, 0x06, 0xFF, 0x54, 0x00, 0x2F,
    0xFF, 0xFD, 0x00, 0x3F, 0xFF, 0xFC, 0x00, 0x3F, 0xFF, 0xFC, 0x00, 0x07, 0xFC, 0x00, 0x00, 0x0B,
    0xFC, 0x00, 0x00, 0x0B, 0xFE, 0xA8, 0x00, 0x0F, 0xFF, 0xF8, 0x00, 0x0F, 0xFF, 0xF4, 0x00, 0x1F,
    0xFF, 0xF0, 0x00, 0x00, 0x1F, 0xF0, 0x00, 0x00, 0x2F, 0xE0, 0x00, 0x00, 0x3F, 0xE0, 0x00, 0x19,
    0xFF, 0xC0, 0x00, 0x1F, 0xFF, 0xC0, 0x00, 0x1F, 0xFF, 0x00, 0x00, 0x1F, 0xF8, 0x00, 0x00, 0x00,
    0x00, 0x00, 0x00, 0x00, 0x2F, 0xE0, 0x00, 0x3F, 0xE0, 0x01, 0xFF, 0x00, 0x0F, 0xFC, 0x00, 0x0F,
    0xF4, 0x02, 0xFF, 0x00, 0x00, 0xBF, 0x80, 0x7F, 0xD0, 0x00, 0x07, 0xFC, 0x0F, 0xF8, 0x00, 0x00,
    0x3F, 0xD2, 0xFF, 0x00, 0x00, 0x02, 0xFE, 0x7F, 0xC0, 0x00, 0x00, 0x1F, 0xFF, 0xF4, 0x00, 0x00,
    0x00, 0xFF, 0xFE, 0x00, 0x00, 0x00, 0x0B, 0xFF, 0xC0, 0x00, 0x00, 0x00, 0xBF, 0xF4, 0x00, 0x00,
    0x00, 0x2F, 0xFF, 0x80, 0x00, 0x00, 0x07, 0xFF, 0xFC, 0x00, 0x00, 0x00, 0xFF, 0xBF, 0xD0, 0x00,
    0x00, 0x3F, 0xF3, 0xFE, 0x00, 0x00, 0x0B, 0xFC, 0x1F, 0xF0, 0x00, 0x01, 0xFF, 0x40, 0xFF, 0x95,
    0x00, 0x3F, 0xE0, 0x0F, 0xFF, 0xF8, 0x0F, 0xFC, 0x00, 0x7F, 0xFF, 0x42, 0xFF, 0x40, 0x03, 0xFF,
    0xF0, 0x7F, 0xE0, 0x00, 0x3F, 0xFF, 0x00, 0x00, 0x00, 0x00, 0x2F, 0xE0, 0x00, 0x00, 0x00, 0x03,
    0xFD, 0x00, 0x00, 0x00, 0x00, 0x3F, 0xC0, 0x00, 0x00, 0x01, 0x6F, 0xFC, 0x00, 0x00, 0x00, 0x2F,
    0xFF, 0x40, 0x00, 0x00, 0x02, 0xFF, 0xE0, 0x00, 0x00, 0x00, 0x2F, 0xF4, 0x00, 0x00, 0x00, 0x00,
    0x00, 0x00, 0x00, 0x00, 0xBF, 0xC0, 0x1F, 0xF4, 0x00, 0xFF, 0x40, 0xFF, 0x80, 0x03, 0xFE, 0x0F,
    0xFC, 0x00, 0x07, 0xFC, 0xBF, 0xC0, 0x00, 0x0F, 0xFB, 0xFD, 0x00, 0x00, 0x2F, 0xFF, 0xD0, 0x00,
    0x00, 0x3F, 0xFE, 0x00, 0x00, 0x00, 0xFF, 0xE0, 0x00, 0x00, 0x03, 0xFF, 0x40, 0x00, 0x00, 0x3F,
    0xFF, 0x00, 0x00, 0x03, 0xFF, 0xFD, 0x00, 0x00, 0x2F, 0xFB, 0xFC, 0x00, 0x02, 0xFF, 0x4F, 0xFA,
    0xA0, 0x1F, 0xF4, 0x3F, 0xFF, 0xC0, 0xFF, 0x80, 0x7F, 0xFF, 0x0F, 0xFC, 0x00, 0xFF, 0xF8, 0x00,
    0x00, 0x00, 0x3F, 0xD0, 0x00, 0x00, 0x00, 0xFF, 0x40, 0x00, 0x00, 0x07, 0xFC, 0x00, 0x00, 0x09,
    0xBF, 0xE0, 0x00, 0x00, 0x3F, 0xFF, 0x40, 0x00, 0x00, 0xFF, 0xF8, 0x00, 0x00, 0x02, 0xFF, 0x40,
    0x00, 0x00, 0x00, 0x00, 0x00, 0x00, 0x2F, 0xE0, 0x00, 0x3F, 0xE0, 0x00, 0x7F, 0xC0, 0x03, 0xFF,
    0x00, 0x00, 0xFF, 0x40, 0x2F, 0xF4, 0x00, 0x02, 0xFE, 0x00, 0xFF, 0x80, 0x00, 0x07, 0xFC, 0x0F,
    0xF8, 0x00, 0x00, 0x0F, 0xF4, 0xBF, 0xC0, 0x00, 0x00, 0x2F, 0xE7, 0xFC, 0x00, 0x00, 0x00, 0x7F,
    0xFF, 0xD0, 0x00, 0x00, 0x55, 0xFF, 0xFF, 0x54, 0x00, 0x02, 0xFF, 0xFF, 0xFF, 0xF0, 0x00, 0x0F,
    0xFF, 0xFF, 0xFF, 0xC0, 0x00, 0x3F, 0xFF, 0xFF, 0xFE, 0x00, 0x00, 0x5B, 0xFF, 0xFD, 0x50, 0x00,
    0x00, 0x3F, 0xDF, 0xF4, 0x00, 0x00, 0x03, 0xFF, 0x2F, 0xF0, 0x00, 0x00, 0x2F, 0xF0, 0x7F, 0xC0,
    0x00, 0x01, 0xFF, 0x40, 0xFF, 0x80, 0x00, 0x0F, 0xF8, 0x02, 0xFF, 0x00, 0x00, 0xFF, 0xC0, 0x07,
    0xFC, 0x00, 0x0B, 0xFD, 0x00, 0x0F, 0xF8, 0x00, 0x7F, 0xE0, 0x00, 0x3F, 0xF0, 0x00, 0x00, 0xBF,
    0xC0, 0x1F, 0xF4, 0x00, 0xFF, 0x40, 0xFF, 0x80, 0x03, 0xFE, 0x0F, 0xFC, 0x00, 0x07, 0xFC, 0xBF,
    0xC0, 0x00, 0x0F, 0xFB, 0xFC, 0x00, 0x00, 0x2F, 0xFF, 0xD0, 0x00, 0x0A, 0xFF, 0xFF, 0xA4, 0x00,
    0x7F, 0xFF, 0xFF, 0xD0, 0x02, 0xFF, 0xFF, 0xFF, 0x00, 0x06, 0xBF, 0xFF, 0xA8, 0x00, 0x03, 0xFF,
    0xFD, 0x00, 0x00, 0x2F, 0xFB, 0xFC, 0x00, 0x01, 0xFF, 0x4F, 0xF0, 0x00, 0x1F, 0xF4, 0x3F, 0xE0,
    0x00, 0xFF, 0x80, 0x7F, 0xC0, 0x0F, 0xFC, 0x00, 0xFF, 0x80, 0x00, 0x00, 0x01, 0x80, 0x00, 0xE0,
    0x6A, 0xB8, 0xBA, 0xB8, 0xA0, 0xE0, 0xA1, 0x80, 0xA0, 0x00, 0xA0, 0x00, 0xA0, 0x00, 0xA0, 0x00,
    0xA0, 0x00, 0xA0, 0x00, 0xA0, 0x00, 0xA0, 0x00, 0xA0, 0x00, 0xA0, 0x00, 0xA0, 0x00, 0xA0, 0x00,
    0xA0, 0x00, 0xA0, 0x00, 0xA0, 0x00, 0xA0, 0x00, 0xA0, 0x00, 0xA0, 0x00, 0x00, 0x00, 0x02, 0x40,
    0x0B, 0x00, 0x2E, 0xA9, 0x2E, 0xAE, 0x0B, 0x0A, 0x02, 0x4A, 0x00, 0x0A, 0x00, 0x0A, 0x00, 0x0A,
    0x00, 0x0A, 0x00, 0x0A, 0x00, 0x0A, 0x00, 0x0A, 0x00, 0x0A, 0x00, 0x0A, 0x00, 0x0A, 0x00, 0x0A,
    0x00, 0x0A, 0x00, 0x0A, 0x00, 0x0A, 0x00, 0x0A, 0x00, 0x0A, 0x00, 0x0A, 0x00, 0x0A, 0x2A, 0xAA,
    0x4F, 0xFF, 0xE3, 0xFF, 0xF5, 0xFF, 0xFC, 0x2A, 0xAA, 0x4F, 0xFF, 0xE3, 0xFF, 0xF5, 0xFF, 0xFC,
    0x7F, 0xFF, 0xFF, 0xF6, 0xFF, 0xFF, 0xFF, 0xCF, 0xFF, 0xFF, 0xFF, 0x15, 0x55, 0x55, 0x54, 0x1A,
    0xAA, 0xAA, 0x83, 0xFF, 0xFF, 0xFC, 0x3F, 0xFF, 0xFF, 0xC7, 0xFF, 0xFF, 0xF8, 0x1A, 0xAA, 0xAA,
    0xAA, 0xAA, 0xAA, 0xA8, 0x3F, 0xFF, 0xFF, 0xFF, 0xFF, 0xFF, 0xFC, 0x3F, 0xFF, 0xFF, 0xFF, 0xFF,
    0xFF, 0xFC, 0x7F, 0xFF, 0xFF, 0xFF, 0xFF, 0xFF, 0xF8, 0x1A, 0xAA, 0xAA, 0xAA, 0xAA, 0xAA, 0xA8,
    0x3F, 0xFF, 0xFF, 0xFF, 0xFF, 0xFF, 0xFC, 0x3F, 0xFF, 0xFF, 0xFF, 0xFF, 0xFF, 0xFC, 0x7F, 0xFF,
    0xFF, 0xFF, 0xFF, 0xFF, 0xF8, 0x00, 0x00, 0x00, 0x7F, 0x00, 0xBD, 0x7F, 0x00, 0xBD, 0x7F, 0x00,
    0xBD, 0x7F, 0x00, 0xBD, 0x7F, 0x00, 0xBD, 0x7F, 0x00, 0xBD, 0x7F, 0x00, 0xBD, 0x7F, 0x00, 0xBD,
    0x7F, 0x00, 0xBD, 0x7F, 0x00, 0xBD, 0x7F, 0x00, 0xBD, 0x7F, 0x00, 0xBD, 0x7F, 0x00, 0xBD, 0x7F,
    0x00, 0xBD, 0x7F, 0x00, 0xBD, 0x7F, 0x00, 0xBD, 0x7F, 0x00, 0xBD, 0x7F, 0x00, 0xBD, 0x7F, 0x00,
    0xBD, 0x7F, 0x00, 0xBD, 0x7F, 0x00, 0xBD, 0x7F, 0x00, 0xBD, 0x7F, 0x00, 0xBD, 0x7F, 0x00, 0xBD,
    0x7F, 0x00, 0xBD, 0x7F, 0x00, 0xBD, 0x7F, 0x00, 0xBD, 0x7F, 0x00, 0xBD, 0x2A, 0x00, 0x68, 0x05,
    0x55, 0x55, 0x50, 0xFF, 0xFF, 0xFE, 0x0A, 0xAA, 0xAA, 0x90, 0x00, 0x00, 0x00, 0x15, 0x55, 0x55,
    0x43, 0xFF, 0xFF, 0xFC, 0x2A, 0xAA, 0xAA, 0x40, 0x00, 0xBD, 0x01, 0xFC, 0x03, 0xF8, 0x0B, 0xF4,
    0x0F, 0xF0, 0x2F, 0xE0, 0x3F, 0xC0, 0x15, 0x40, 0x02, 0xFD, 0x03, 0xFC, 0x0B, 0xF8, 0x0F, 0xF0,
    0x1F, 0xD0, 0x2F, 0xC0, 0x3F, 0x40, 0x15, 0x00, 0x01, 0x54, 0x03, 0xFD, 0x07, 0xFC, 0x0F, 0xF4,
    0x0F, 0xE0, 0x2F, 0xC0, 0x3F, 0x80, 0x3E, 0x00, 0xBF, 0x2F, 0xCB, 0xF1, 0xFC, 0x7F, 0x0F, 0xC3,
    0xF0, 0x14, 0x00, 0xBD, 0x07, 0xE0, 0x1F, 0xC0, 0xFD, 0x03, 0xF8, 0x2F, 0xC0, 0xBF, 0x03, 0xF8,
    0x0F, 0xF0, 0xFF, 0x02, 0xFD, 0x1F, 0xF0, 0x3F, 0xC3, 0xFD, 0x01, 0x54, 0x15, 0x40, 0x02, 0xFD,
    0x1F, 0xE0, 0x3F, 0xC3, 0xFD, 0x0B, 0xF4, 0x3F, 0xC0, 0xFF, 0x0B, 0xF4, 0x1F, 0xD0, 0xFF, 0x02,
    0xFC, 0x1F, 0xC0, 0x3F, 0x03, 0xF8, 0x01, 0x50, 0x15, 0x00, 0x01, 0x54, 0x05, 0x50, 0x3F, 0xC2,
    0xFE, 0x07, 0xF8, 0x3F, 0xC0, 0xFF, 0x07, 0xF8, 0x0F, 0xE0, 0xFF, 0x02, 0xFC, 0x0F, 0xE0, 0x3F,
    0x82, 0xFC, 0x03, 0xE0, 0x2F, 0x40, 0xFF, 0x0B, 0xF3, 0xFC, 0x2F, 0xDB, 0xF0, 0x7F, 0x5F, 0xC1,
    0xFD, 0x7F, 0x03, 0xF4, 0xFC, 0x0F, 0xD3, 0xF4, 0x2F, 0x81, 0x40, 0x14, 0x00, 0x00, 0x00, 0x00,
    0x03, 0xFC, 0x00, 0x00, 0xFE, 0x00, 0x00, 0x3F, 0x40, 0x00, 0x0F, 0xC0, 0x00, 0x03, 0xE0, 0x01,
    0x95, 0xF9, 0x68, 0xBF, 0xFF, 0xFE, 0x3F, 0xFF, 0xFF, 0x4E, 0xAF, 0xDA, 0xC0, 0x03, 0xE0, 0x00,
    0x01, 0xF4, 0x00, 0x00, 0xBC, 0x00, 0x00, 0x3F, 0x00, 0x00, 0x0F, 0xC0, 0x00, 0x07, 0xF0, 0x00,
    0x03, 0xF8, 0x00, 0x00, 0xFD, 0x00, 0x00, 0x7F, 0x40, 0x00, 0x2F, 0xC0, 0x00, 0x0F, 0xF0, 0x00,
    0x03, 0xFC, 0x00, 0x01, 0xFE, 0x00, 0x00, 0x00, 0x00, 0x00, 0x00, 0x00, 0x00, 0xBF, 0x40, 0x00,
    0x00, 0xBF, 0x00, 0x00, 0x00, 0xFE, 0x00, 0x00, 0x00, 0xFC, 0x00, 0x00, 0x00, 0xFC, 0x00, 0x02,
    0xFF, 0xFF, 0xFC, 0x02, 0xFF, 0xFF, 0xFC, 0x03, 0xFF, 0xFF, 0xF8, 0x00, 0x03, 0xF0, 0x00, 0x00,
    0x03, 0xF0, 0x00, 0x00, 0x0B, 0xF0, 0x00, 0x00, 0x0F, 0xF0, 0x00, 0x00, 0x0F, 0xD0, 0x00, 0x05,
    0x0F, 0xC1, 0x40, 0x1F, 0xFF, 0xFF, 0xC0, 0x2F, 0xFF, 0xFF, 0xC0, 0x3F, 0xFF, 0xBF, 0x80, 0x00,
    0x2F, 0x00, 0x00, 0x00, 0x3F, 0x00, 0x00, 0x00, 0x7F, 0x00, 0x00, 0x00, 0xFF, 0x00, 0x00, 0x00,
    0xFF, 0x00, 0x00, 0x00, 0x00, 0x00, 0x7F, 0xD0, 0x1F, 0xFF, 0x43, 0xFF, 0xFC, 0x3F, 0xFF, 0xC3,
    0xFF, 0xFC, 0x3F, 0xFF, 0xC2, 0xFF, 0xFC, 0x0F, 0xFF, 0x00, 0x2F, 0x80, 0x00, 0x00, 0x00, 0xA0,
    0x00, 0x0F, 0x80, 0x00, 0xFE, 0x00, 0x0F, 0xFC, 0x01, 0xFF, 0xF0, 0x2F, 0xFF, 0xC3, 0xFF, 0xF4,
    0x3F, 0xF4, 0x07, 0xF4, 0x00, 0xB4, 0x00, 0x04, 0x00, 0x00, 0x06, 0x43, 0xFD, 0x7F, 0xEB, 0xFD,
    0x7F, 0xC0, 0x50, 0x05, 0x00, 0x05, 0x43, 0xFC, 0x02, 0xFE, 0xBF, 0xD0, 0x3F, 0xFB, 0xFC, 0x07,
    0xFE, 0x7F, 0x80, 0x3F, 0xC0, 0x40, 0x00, 0x50, 0x05, 0x00, 0x05, 0x00, 0x05, 0x03, 0xFC, 0x03,
    0xFC, 0x03, 0xFC, 0xBF, 0xD0, 0xBF, 0xD0, 0xBF, 0xDB, 0xFC, 0x0B, 0xFC, 0x0F, 0xFC, 0x7F, 0x80,
    0x7F, 0x80, 0x7F, 0x80, 0x40, 0x00, 0x40, 0x00, 0x40, 0x05, 0x03, 0xFC, 0xBF, 0xDF, 0xFC, 0x7F,
    0x80, 0x40, 0x6A, 0xA8, 0xBA, 0xA8, 0xA0, 0x00, 0xA0, 0x00, 0xA0, 0x00, 0xA0, 0x00, 0xA0, 0x00,
    0xA0, 0x00, 0xA0, 0x00, 0xA0, 0x00, 0xA0, 0x00, 0xA0, 0x00, 0xA0, 0x00, 0xA0, 0x00, 0xA0, 0x00,
    0xA0, 0x00, 0xA0, 0x00, 0xA0, 0x00, 0xA0, 0x00, 0xA0, 0x00, 0xA0, 0x00, 0xA0, 0x00, 0x2A, 0xA9,
    0x2A, 0xAE, 0x00, 0x0A, 0x00, 0x0A, 0x00, 0x0A, 0x00, 0x0A, 0x00, 0x0A, 0x00, 0x0A, 0x00, 0x0A,
    0x00, 0x0A, 0x00, 0x0A, 0x00, 0x0A, 0x00, 0x0A, 0x00, 0x0A, 0x00, 0x0A, 0x00, 0x0A, 0x00, 0x0A,
    0x00, 0x0A, 0x00, 0x0A, 0x00, 0x0A, 0x00, 0x0A, 0x00, 0x0A, 0x00, 0x00, 0x7F, 0xFD, 0x7F, 0xFD,
    0x7F, 0xFD, 0x7F, 0xFD, 0x7F, 0xFD, 0x7F, 0xFD, 0x02, 0x80, 0x02, 0x80, 0x02, 0x80, 0x02, 0x80,
    0x02, 0x80, 0x02, 0x80, 0x02, 0x80, 0x02, 0x80, 0x02, 0x80, 0x02, 0x80, 0x02, 0x80, 0x02, 0x80,
    0x02, 0x80, 0x02, 0x80, 0x02, 0x80, 0x02, 0x80, 0x02, 0x80, 0x02, 0x80, 0x00, 0x00, 0x7F, 0xFD,
    0x70, 0x00, 0x70, 0x00, 0x70, 0x00, 0x70, 0x00, 0x7F, 0xFD, 0x02, 0x80, 0x02, 0x80, 0x02, 0x80,
    0x02, 0x80, 0x02, 0x80, 0x02, 0x80, 0x02, 0x80, 0x02, 0x80, 0x02, 0x80, 0x02, 0x80, 0x02, 0x80,
    0x02, 0x80, 0x02, 0x80, 0x02, 0x80, 0x02, 0x80, 0x02, 0x80, 0x02, 0x80, 0x02, 0x80, 0x00, 0x00,
    0x7F, 0xFD, 0x00, 0x0D, 0x00, 0x0D, 0x00, 0x0D, 0x00, 0x0D, 0x7F, 0xFD, 0x02, 0x80, 0x02, 0x80,
    0x02, 0x80, 0x02, 0x80, 0x02, 0x80, 0x02, 0x80, 0x02, 0x80, 0x02, 0x80, 0x02, 0x80, 0x02, 0x80,
    0x02, 0x80, 0x02, 0x80, 0x02, 0x80, 0x02, 0x80, 0x02, 0x80, 0x02, 0x80, 0x02, 0x80, 0x02, 0x80,
    0x00, 0x00, 0x00, 0x00, 0x00, 0x00, 0x00, 0x00, 0x00, 0x0B, 0xFC, 0x00, 0x01, 0xF8, 0x00, 0x00,
    0x00, 0x03, 0xFF, 0xF0, 0x00, 0x3F, 0x00, 0x00, 0x00, 0x00, 0xFF, 0xFF, 0x40, 0x0F, 0xD0, 0x00,
    0x00, 0x00, 0x1F, 0xD3, 0xF8, 0x02, 0xF8, 0x00, 0x00, 0x00, 0x02, 0xFC, 0x3F, 0x80, 0x7F, 0x00,
    0x00, 0x00, 0x00, 0x3F, 0x83, 0xF8, 0x0F, 0xC0, 0x00, 0x00, 0x00, 0x03, 0xF4, 0x3F, 0x83, 0xF4,
    0x00, 0x00, 0x00, 0x00, 0x7F, 0x07, 0xF4, 0xBE, 0x00, 0x00, 0x00, 0x00, 0x07, 0xF0, 0xBF, 0x1F,
    0xC6, 0xF8, 0x00, 0x1B, 0x90, 0x7F, 0x5F, 0xE3, 0xF2, 0xFF, 0xF0, 0x0F, 0xFF, 0x83, 0xFF, 0xFC,
    0xFD, 0x7F, 0xFF, 0x83, 0xFF, 0xFC, 0x2F, 0xFF, 0x6F, 0x8F, 0xF3, 0xFC, 0x7F, 0x9F, 0xD0, 0x7F,
    0x87, 0xF1, 0xFD, 0x2F, 0xCF, 0xF0, 0xFD, 0x00, 0x00, 0xFD, 0x2F, 0xC2, 0xFC, 0xFD, 0x0F, 0xD0,
    0x00, 0x3F, 0x83, 0xF8, 0x3F, 0xDF, 0xC0, 0xFD, 0x00, 0x0B, 0xF0, 0x3F, 0x43, 0xF9, 0xFC, 0x1F,
    0xC0, 0x01, 0xFC, 0x03, 0xF4, 0x7F, 0x6F, 0xC2, 0xFC, 0x00, 0x3F, 0x40, 0x3F, 0x4B, 0xF2, 0xFC,
    0x3F, 0x80, 0x0F, 0xE0, 0x03, 0xFF, 0xFD, 0x1F, 0xFF, 0xF0, 0x02, 0xFC, 0x00, 0x2F, 0xFF, 0x80,
    0xFF, 0xFD, 0x00, 0x7F, 0x00, 0x00, 0xBF, 0xE0, 0x03, 0xFF, 0x40, 0x00, 0x00, 0x00, 0x00, 0x00,
    0x00, 0x01, 0x00, 0x00, 0x00, 0x00, 0x00, 0x00, 0x00, 0x00, 0x00, 0x00, 0x00, 0x00, 0x00, 0x00,
    0x2F, 0xF0, 0x00, 0x07, 0xE0, 0x00, 0x00, 0x00, 0x00, 0x00, 0x00, 0x3F, 0xFF, 0x00, 0x03, 0xF0,
    0x00, 0x00, 0x00, 0x00, 0x00, 0x00, 0x3F, 0xFF, 0xD0, 0x03, 0xF4, 0x00, 0x00, 0x00, 0x00, 0x00,
    0x00, 0x1F, 0xD3, 0xF8, 0x02, 0xF8, 0x00, 0x00, 0x00, 0x00, 0x00, 0x00, 0x0B, 0xF0, 0xFE, 0x01,
    0xFC, 0x00, 0x00, 0x00, 0x00, 0x00, 0x00, 0x03, 0xF8, 0x3F, 0x80, 0xFC, 0x00, 0x00, 0x00, 0x00,
    0x00, 0x00, 0x00, 0xFD, 0x0F, 0xE0, 0xFD, 0x00, 0x00, 0x00, 0x00, 0x00, 0x00, 0x00, 0x7F, 0x07,
    0xF4, 0xBE, 0x00, 0x00, 0x00, 0x00, 0x00, 0x00, 0x00, 0x1F, 0xC2, 0xFC, 0x7F, 0x1B, 0xE0, 0x00,
    0x6E, 0x40, 0x02, 0xF8, 0x07, 0xF5, 0xFE, 0x3F, 0x2F, 0xFF, 0x00, 0xFF, 0xF8, 0x07, 0xFF, 0xC0,
    0xFF, 0xFF, 0x3F, 0x5F, 0xFF, 0xE0, 0xFF, 0xFF, 0x07, 0xFF, 0xF8, 0x2F, 0xFF, 0x6F, 0x8F, 0xF3,
    0xFC, 0x7F, 0x9F, 0xD3, 0xFD, 0xBF, 0x01, 0xFE, 0x1F, 0xC7, 0xF4, 0xBF, 0x3F, 0xC3, 0xF5, 0xFD,
    0x1F, 0xC0, 0x00, 0x0F, 0xD2, 0xFC, 0x2F, 0xCF, 0xD0, 0xFD, 0xBF, 0x0B, 0xF0, 0x00, 0x0F, 0xE0,
    0xFE, 0x0F, 0xF7, 0xF0, 0x3F, 0x7F, 0xC2, 0xFC, 0x00, 0x0B, 0xF0, 0x3F, 0x43, 0xF9, 0xFC, 0x1F,
    0xCF, 0xE0, 0xFE, 0x00, 0x07, 0xF0, 0x0F, 0xD1, 0xFD, 0xBF, 0x0B, 0xF3, 0xF8, 0x3F, 0x40, 0x03,
    0xF4, 0x03, 0xF4, 0xBF, 0x2F, 0xC3, 0xF8, 0xFE, 0x2F, 0xC0, 0x03, 0xF8, 0x00, 0xFF, 0xFF, 0x47,
    0xFF, 0xFC, 0x3F, 0xFF, 0xE0, 0x02, 0xFC, 0x00, 0x2F, 0xFF, 0x80, 0xFF, 0xFD, 0x07, 0xFF, 0xF0,
    0x01, 0xFC, 0x00, 0x02, 0xFF, 0x80, 0x0F, 0xFD, 0x00, 0xBF, 0xE0, 0x00, 0x00, 0x00, 0x00, 0x00,
    0x00, 0x00, 0x10, 0x00, 0x00, 0x00, 0x00, 0x00, 0x3F, 0x80, 0x0B, 0xF0, 0x00, 0xFD, 0x00, 0x3F,
    0xC0, 0x07, 0xF0, 0x00, 0xFD, 0x00, 0x1F, 0x80, 0x02, 0xA0, 0x00, 0x00, 0x3F, 0x81, 0xFD, 0x00,
    0xBF, 0x03, 0xFC, 0x00, 0xFD, 0x07, 0xF0, 0x03, 0xFC, 0x0F, 0xD0, 0x07, 0xF0, 0x2F, 0xC0, 0x0F,
    0xD0, 0x3F, 0x00, 0x1F, 0x80, 0xFD, 0x00, 0x2A, 0x00, 0xA8, 0x00, 0x00, 0x3F, 0x81, 0xFD, 0x0B,
    0xF0, 0x02, 0xFC, 0x0F, 0xF0, 0x3F, 0x80, 0x0F, 0xD0, 0x7F, 0x03, 0xFC, 0x00, 0xFF, 0x03, 0xF4,
    0x1F, 0xC0, 0x07, 0xF0, 0x2F, 0xC0, 0xFE, 0x00, 0x3F, 0x40, 0xFC, 0x07, 0xF0, 0x01, 0xF8, 0x0F,
    0xD0, 0x3F, 0x00, 0x0A, 0x80, 0x2A, 0x01, 0xA4, 0x00, 0x7F, 0x40, 0x3F, 0x80, 0x1F, 0xC0, 0x0F,
    0xE0, 0x07, 0xF0, 0x03, 0xF4, 0x00, 0xF8, 0x00, 0xA8, 0x7F, 0x42, 0xFC, 0x03, 0xF8, 0x1F, 0xD0,
    0x1F, 0xC0, 0xFF, 0x00, 0xFE, 0x03, 0xF0, 0x07, 0xF0, 0x2F, 0x80, 0x3F, 0x40, 0xFC, 0x00, 0xF8,
    0x0B, 0xD0, 0x0A, 0x80, 0x2A, 0x7F, 0x42, 0xFC, 0x0F, 0xE0, 0x0F, 0xE0, 0x7F, 0x42, 0xFC, 0x01,
    0xFC, 0x0F, 0xF0, 0x3F, 0x80, 0x3F, 0x80, 0xFC, 0x07, 0xF0, 0x07, 0xF0, 0x2F, 0x80, 0xFD, 0x00,
    0xFD, 0x03, 0xF0, 0x1F, 0xC0, 0x0F, 0x80, 0xBD, 0x03, 0xF0, 0x02, 0xA0, 0x0A, 0x80, 0x29, 0x00,
    0x01, 0x00, 0x00, 0x3C, 0x00, 0x01, 0xF4, 0x00, 0x0F, 0xE0, 0x00, 0xB7, 0xC0, 0x07, 0xCB, 0x00,
    0x3D, 0x2D, 0x02, 0xE0, 0x78, 0x0F, 0x00, 0xE0, 0xF4, 0x03, 0xC0, 0x00, 0x10, 0x00, 0x1F, 0x40,
    0x0F, 0xF4, 0x0F, 0xF8, 0x0F, 0xFC, 0x0F, 0xFC, 0x0B, 0xFC, 0x03, 0xFE, 0x00, 0x7F, 0xC0, 0x0F,
    0xF4, 0x02, 0xFF, 0x00, 0x3F, 0xC0, 0x0B, 0xE0, 0x00, 0x40, 0x00, 0x00, 0x50, 0x01, 0xFC, 0x00,
    0xBF, 0x80, 0x1F, 0xF0, 0x03, 0xFD, 0x00, 0xBF, 0xC0, 0x0F, 0xF4, 0x0B, 0xFC, 0x07, 0xFD, 0x07,
    0xFD, 0x03, 0xFE, 0x02, 0xFE, 0x00, 0x2F, 0x00, 0x01, 0x00, 0x00, 0x00, 0x00, 0x01, 0x40, 0x00,
    0x00, 0x01, 0x40, 0x0B, 0xF0, 0x00, 0x80, 0x07, 0xD0, 0x0F, 0xF8, 0x02, 0xF0, 0x0F, 0xF4, 0x0F,
    0xF4, 0x0B, 0xF8, 0x03, 0xFD, 0x03, 0xE0, 0x2F, 0xE0, 0x00, 0xFF, 0x40, 0x00, 0xBF, 0x80, 0x00,
    0x3F, 0xD0, 0x02, 0xFE, 0x00, 0x00, 0x0F, 0xF4, 0x0B, 0xF8, 0x00, 0x00, 0x03, 0xFD, 0x2F, 0xE0,
    0x00, 0x05, 0x00, 0xFF, 0xFF, 0x80, 0x54, 0x2F, 0xC0, 0x3F, 0xFE, 0x01, 0xFD, 0x3F, 0xD0, 0x0F,
    0xFC, 0x03, 0xFE, 0x3F, 0xD0, 0x2F, 0xFD, 0x02, 0xFE, 0x0B, 0x40, 0xBF, 0xFF, 0x40, 0xB8, 0x00,
    0x02, 0xFE, 0x3F, 0xD0, 0x00, 0x00, 0x0B, 0xF8, 0x0F, 0xF4, 0x00, 0x00, 0x2F, 0xE0, 0x03, 0xFD,
    0x00, 0x00, 0xBF, 0x80, 0x00, 0xFF, 0x40, 0x02, 0xFE, 0x01, 0x40, 0x3F, 0xD0, 0x0B, 0xF8, 0x0B,
    0xF4, 0x0F, 0xF4, 0x0B, 0xE0, 0x0F, 0xF8, 0x03, 0xF4, 0x02, 0x80, 0x0F, 0xF4, 0x00, 0xD0, 0x00,
    0x00, 0x02, 0xD0, 0x00, 0x00, 0x00, 0xBF, 0xC0, 0xBF, 0xC0, 0x0F, 0xFC, 0x0F, 0xFC, 0x00, 0xFF,
    0x80, 0xFF, 0x80, 0x0F, 0xF4, 0x0F, 0xF4, 0x01, 0xFF, 0x01, 0xFF, 0x00, 0x2F, 0xF0, 0x2F, 0xF0,
    0x02, 0xFE, 0x02, 0xFE, 0x00, 0x3F, 0xD0, 0x3F, 0xD0, 0x03, 0xFC, 0x03, 0xFC, 0x00, 0x3F, 0xC0,
    0x3F, 0xC0, 0x07, 0xF8, 0x07, 0xF8, 0x00, 0xBF, 0x40, 0xBF, 0x40, 0x0F, 0xF0, 0x0B, 0xF0, 0x00,
    0xFF, 0x00, 0xFF, 0x00, 0x00, 0x00, 0x00, 0x00, 0x00, 0x00, 0x00, 0x00, 0x00, 0x05, 0x00, 0x05,
    0x00, 0x03, 0xFC, 0x03, 0xFC, 0x00, 0xBF, 0xD0, 0xBF, 0xD0, 0x0B, 0xFD, 0x0B, 0xFD, 0x00, 0x7F,
    0x80, 0x7F, 0x80, 0x00, 0x40, 0x00, 0x40, 0x00, 0x00, 0x00, 0x00, 0x00, 0xBF, 0xF8, 0x03, 0xFF,
    0xFF, 0xD0, 0xFF, 0xFF, 0xFC, 0x2F, 0xFD, 0xFF, 0x05, 0xFF, 0x2F, 0xD0, 0x3F, 0x8B, 0xF4, 0x0F,
    0xD3, 0xFC, 0x03, 0xF7, 0xFE, 0x01, 0xFF, 0xFE, 0x00, 0xBF, 0xFE, 0x00, 0x2F, 0xFD, 0x00, 0x0F,
    0xFC, 0x00, 0x03, 0xFC, 0x00, 0x00, 0xFE, 0x00, 0x00, 0x00, 0x00, 0x00, 0x00, 0x00, 0x00, 0x01,
    0x40, 0x00, 0x03, 0xFC, 0x00, 0x02, 0xFF, 0x40, 0x00, 0xBF, 0xD0, 0x00, 0x1F, 0xE0, 0x00, 0x00,
    0x40, 0x00, 0x00, 0x00, 0x00, 0x00, 0x00, 0xBF, 0xFF, 0xFF, 0xC2, 0xFF, 0xFF, 0xFF, 0x0F, 0xFF,
    0xFF, 0xF8, 0x00, 0x00, 0x00, 0x00, 0x70, 0x00, 0x00, 0x1C, 0x34, 0x00, 0x00, 0x38, 0x3C, 0x00,
    0x01, 0xF0, 0x0F, 0x40, 0x1B, 0xC0, 0x07, 0xFF, 0xFE, 0x00, 0x00, 0xBF, 0xE4, 0x00, 0x00, 0x00,
    0x00, 0x00, 0x00, 0x2F, 0xFE, 0x00, 0x01, 0xFF, 0xFF, 0xC0, 0x07, 0xD0, 0x01, 0xF0, 0x1E, 0x00,
    0x00, 0x78, 0x38, 0x00, 0x00, 0x2C, 0x30, 0x00, 0x00, 0x18, 0x00, 0x00, 0x00, 0x00, 0x00, 0x00,
    0x00, 0xA4, 0x00, 0x00, 0x07, 0xC0, 0x00, 0x00, 0x3D, 0x00, 0x00, 0x02, 0xF0, 0x00, 0x00, 0x0F,
    0x00, 0x00, 0x00, 0xF8, 0x00, 0x00, 0x07, 0xC0, 0x00, 0x00, 0x3D, 0x00, 0x00, 0x02, 0xE0, 0x00,
    0x00, 0x1F, 0x00, 0x00, 0x00, 0xF8, 0x00, 0x00, 0x0B, 0xE0, 0x00, 0x00, 0x7F, 0xC0, 0x00, 0x03,
    0xDF, 0x00, 0x00, 0x2F, 0x2D, 0x00, 0x00, 0xF0, 0x78, 0x00, 0x0F, 0x81, 0xF0, 0x00, 0x7C, 0x03,
    0xC0, 0x03, 0xD0, 0x0F, 0x00, 0x00, 0x00, 0x00, 0x00, 0x00, 0x00, 0x00, 0x00, 0x00, 0x00, 0x00,
    0x00, 0x00, 0x0F, 0xD0, 0x00, 0x00, 0x00, 0x00, 0x00, 0x00, 0x03, 0xF4, 0x00, 0x00, 0x00, 0x00,
    0x00, 0x00, 0x00, 0xFC, 0x00, 0x00, 0x00, 0x00, 0x00, 0x02, 0xE0, 0x7E, 0x00, 0x00, 0x00, 0x00,
    0x00, 0x00, 0xFF, 0xAF, 0x40, 0x00, 0x00, 0x00, 0x00, 0x00, 0x7F, 0xFF, 0xEB, 0xF8, 0x00, 0x00,
    0x00, 0x00, 0x01, 0xBF, 0xFF, 0xFD, 0x00, 0x00, 0x00, 0x00, 0x00, 0x07, 0xFF, 0xFF, 0x40, 0x00,
    0x00, 0x00, 0x00, 0x07, 0xFF, 0xC1, 0x40, 0x00, 0x00, 0x00, 0x00, 0x07, 0xFB, 0xF0, 0x00, 0x00,
    0x00, 0x00, 0x00, 0x07, 0xFC, 0xBE, 0x00, 0x00, 0x00, 0x00, 0x00, 0x00, 0xBC, 0x1F, 0xC0, 0x00,
    0x00, 0x00, 0x00, 0xBE, 0x05, 0x03, 0xF8, 0x0F, 0xE0, 0x00, 0x00, 0x3F, 0x80, 0x00, 0x90, 0x03,
    0xF4, 0x00, 0x10, 0x0F, 0xD0, 0x00, 0x00, 0x00, 0xFC, 0x00, 0x1F, 0x43, 0xF0, 0x00, 0x02, 0xE0,
    0x3F, 0x00, 0x0B, 0xFD, 0xF8, 0x00, 0x00, 0xFF, 0x9F, 0x40, 0x03, 0xFF, 0xFF, 0xAF, 0xC0, 0x3F,
    0xFF, 0xEA, 0xF8, 0x0B, 0xFF, 0xFF, 0xF0, 0x01, 0xBF, 0xFF, 0xFE, 0x00, 0x3F, 0xFF, 0xFC, 0x00,
    0x03, 0xFF, 0xFF, 0x40, 0x3F, 0xFC, 0x15, 0x00, 0x07, 0xFF, 0xC1, 0x40, 0x3F, 0xEF, 0x80, 0x00,
    0x07, 0xFB, 0xF4, 0x00, 0x3F, 0xD3, 0xF0, 0x00, 0x07, 0xFC, 0x7F, 0x00, 0x07, 0xE0, 0xFE, 0x00,
    0x00, 0xBD, 0x0F, 0xD0, 0x00, 0x20, 0x2F, 0xC0, 0x00, 0x06, 0x03, 0xF8, 0x00, 0x00, 0x06, 0x40,
    0x00, 0x00, 0x00, 0x90, 0x00, 0x15, 0x55, 0x4F, 0xFF, 0xD3, 0xFF, 0xF4, 0xFF, 0xFC, 0x00, 0x00,
    0x00, 0x00, 0x00, 0x00, 0x01, 0xFC, 0x00, 0x00, 0x00, 0x03, 0xF4, 0x00, 0x00, 0x00, 0x0F, 0xE0,
    0x00, 0x00, 0x00, 0x2F, 0xC0, 0x00, 0x00, 0x00, 0x7F, 0x00, 0x00, 0x00, 0x00, 0xFD, 0x00, 0x00,
    0x00, 0x03, 0xF8, 0x00, 0x00, 0x00, 0x0B, 0xF0, 0x00, 0x00, 0x00, 0x1F, 0xC0, 0x00, 0x00, 0x00,
    0x3F, 0x40, 0x00, 0x00, 0x00, 0xFE, 0x00, 0x00, 0x00, 0x02, 0xFC, 0x00, 0x00, 0x00, 0x07, 0xF0,
    0x00, 0x00, 0x00, 0x0F, 0xD0, 0x00, 0x00, 0x00, 0x3F, 0x80, 0x00, 0x00, 0x00, 0xBF, 0x00, 0x00,
    0x00, 0x01, 0xFC, 0x00, 0x00, 0x00, 0x03, 0xF4, 0x00, 0x00, 0x00, 0x0B, 0xE0, 0x00, 0x00, 0x00,
    0x1F, 0xC0, 0x00, 0x00, 0x00, 0x3F, 0x00, 0x00, 0x00, 0x00, 0x00, 0x0F, 0xFF, 0x40, 0x07, 0xFF,
    0xD0, 0x02, 0xFF, 0xF0, 0x00, 0xFF, 0x00, 0x00, 0x3F, 0x80, 0x00, 0x0F, 0xD0, 0x00, 0x07, 0xF0,
    0x00, 0x02, 0xFC, 0x00, 0x00, 0xFF, 0x00, 0x00, 0x3F, 0x80, 0x00, 0x1F, 0xD0, 0x00, 0x0B, 0xFA,
    0x80, 0x02, 0xFF, 0xF0, 0x00, 0xFF, 0xF8, 0x00, 0x3F, 0x94, 0x00, 0x1F, 0xD0, 0x00, 0x0B, 0xF0,
    0x00, 0x03, 0xFC, 0x00, 0x00, 0xFE, 0x00, 0x00, 0x3F, 0x40, 0x00, 0x1F, 0xC0, 0x00, 0x0B, 0xF0,
    0x00, 0x03, 0xFD, 0x50, 0x00, 0xFF, 0xF8, 0x00, 0x7F, 0xFD, 0x00, 0x1A, 0xAA, 0x00, 0x00, 0x00,
    0x2F, 0xFF, 0x00, 0x0F, 0xFF, 0xC0, 0x03, 0xFF, 0xE0, 0x00, 0x07, 0xF4, 0x00, 0x01, 0xFD, 0x00,
    0x00, 0xBF, 0x00, 0x00, 0x3F, 0xC0, 0x00, 0x0F, 0xE0, 0x00, 0x07, 0xF4, 0x00, 0x01, 0xFC, 0x00,
    0x00, 0xBF, 0x00, 0x0A, 0xBF, 0xC0, 0x03, 0xFF, 0xE0, 0x01, 0xFF, 0xF4, 0x00, 0x17, 0xFC, 0x00,
    0x00, 0xFF, 0x00, 0x00, 0x3F, 0x80, 0x00, 0x0F, 0xD0, 0x00, 0x07, 0xF4, 0x00, 0x02, 0xFC, 0x00,
    0x00, 0xFF, 0x00, 0x00, 0x3F, 0x80, 0x01, 0x6F, 0xD0, 0x02, 0xFF, 0xF0, 0x00, 0xBF, 0xFC, 0x00,
    0x2A, 0xA9, 0x00, 0x00, 0x00, 0x00, 0x00, 0x00, 0x00, 0x00, 0x00, 0x2F, 0xFE, 0x00, 0x1B, 0xFF,
    0x80, 0x3F, 0xFF, 0xFD, 0x1F, 0xFF, 0xFF, 0x03, 0xFF, 0xFF, 0xF1, 0xFF, 0xFF, 0xF8, 0x2F, 0x96,
    0xFF, 0x0F, 0xE5, 0xFF, 0xC1, 0x80, 0x0F, 0xF4, 0x50, 0x03, 0xFC, 0x00, 0x00, 0xFF, 0x40, 0x00,
    0x3F, 0xC0, 0x00, 0x1F, 0xF0, 0x00, 0x0B, 0xFC, 0x00, 0x0B, 0xFE, 0x00, 0x02, 0xFF, 0x40, 0x03,
    0xFF, 0x80, 0x00, 0xFF, 0xE0, 0x00, 0xFF, 0xE0, 0x00, 0x7F, 0xF4, 0x00, 0x3F, 0xF4, 0x00, 0x0F,
    0xFC, 0x00, 0x0B, 0xFC, 0x00, 0x02, 0xFE, 0x00, 0x00, 0xFF, 0x00, 0x00, 0x3F, 0xC0, 0x00, 0x0F,
    0xE0, 0x00, 0x07, 0xF4, 0x00, 0x00, 0x00, 0x00, 0x00, 0x00, 0x00, 0x00, 0x00, 0x00, 0x00, 0x00,
    0x00, 0x00, 0x00, 0x50, 0x00, 0x00, 0x14, 0x00, 0x00, 0x3F, 0xC0, 0x00, 0x1F, 0xF0, 0x00, 0x0B,
    0xFD, 0x00, 0x03, 0xFF, 0x00, 0x00, 0xBF, 0xC0, 0x00, 0x3F, 0xF0, 0x00, 0x07, 0xF8, 0x00, 0x02,
    0xFD, 0x00, 0x00, 0x04, 0x00, 0x00, 0x05, 0x00, 0x00, 0x00, 0x00, 0x00, 0x00, 0x00, 0x00, 0x00,
    0xBF, 0xF8, 0x00, 0x3F, 0xE3, 0xFF, 0xFF, 0xD0, 0x1F, 0xF8, 0xFF, 0xFF, 0xFC, 0x07, 0xFC, 0x2F,
    0x96, 0xFF, 0x02, 0xFF, 0x06, 0x00, 0x3F, 0xD0, 0xFF, 0x80, 0x00, 0x0F, 0xF4, 0x3F, 0xD0, 0x00,
    0x07, 0xFC, 0x0F, 0xF0, 0x00, 0x0B, 0xFE, 0x07, 0xFC, 0x00, 0x0F, 0xFE, 0x02, 0xFE, 0x00, 0x0F,
    0xFE, 0x00, 0xBF, 0x40, 0x0F, 0xFD, 0x00, 0x3F, 0xC0, 0x0B, 0xFC, 0x00, 0x0F, 0xF0, 0x03, 0xFC,
    0x00, 0x03, 0xF8, 0x00, 0xFE, 0x00, 0x01, 0xFD, 0x00, 0x00, 0x00, 0x00, 0x00, 0x00, 0x00, 0x00,
    0x00, 0x00, 0x00, 0x01, 0x40, 0x00, 0x01, 0x40, 0x03, 0xFC, 0x00, 0x07, 0xFC, 0x02, 0xFF, 0x40,
    0x03, 0xFF, 0x00, 0xBF, 0xC0, 0x00, 0xFF, 0xC0, 0x1F, 0xE0, 0x00, 0x3F, 0xD0, 0x00, 0x40, 0x00,
    0x01, 0x40, 0x00, 0x00, 0x00, 0x00, 0x00, 0x00, 0x00, 0x02, 0xFF, 0x00, 0x7F, 0xFD, 0x00, 0x0F,
    0xFC, 0x2F, 0xFF, 0xFE, 0x00, 0x3F, 0xE0, 0xFF, 0xFF, 0xFC, 0x00, 0xFF, 0x41, 0xFD, 0x6F, 0xF8,
    0x07, 0xFC, 0x02, 0x00, 0x2F, 0xE0, 0x2F, 0xF0, 0x00, 0x00, 0xBF, 0x80, 0xBF, 0x80, 0x00, 0x03,
    0xFD, 0x03, 0xFD, 0x00, 0x00, 0x7F, 0xF0, 0x0F, 0xF0, 0x00, 0x0B, 0xFF, 0x00, 0x3F, 0xC0, 0x00,
    0xBF, 0xF0, 0x01, 0xFE, 0x00, 0x0B, 0xFD, 0x00, 0x0B, 0xF4, 0x00, 0x3F, 0xC0, 0x00, 0x3F, 0xC0,
    0x02, 0xFD, 0x00, 0x00, 0xFF, 0x00, 0x0F, 0xF0, 0x00, 0x00, 0x00, 0x00, 0x00, 0x00, 0x00, 0x00,
    0x00, 0x00, 0x00, 0x00, 0x00, 0x14, 0x00, 0x01, 0x50, 0x00, 0x03, 0xFC, 0x00, 0x3F, 0xD0, 0x00,
    0x2F, 0xF4, 0x01, 0xFF, 0x80, 0x00, 0xBF, 0xD0, 0x07, 0xFD, 0x00, 0x01, 0xFE, 0x00, 0x0F, 0xF0,
    0x00, 0x00, 0x40, 0x00, 0x05, 0x00, 0x00, 0x00, 0x3F, 0xFF, 0xFF, 0xFC, 0xFF, 0xFF, 0xFF, 0xF3,
    0xFF, 0xFF, 0xFF, 0xC0, 0x00, 0x02, 0xFD, 0x00, 0x00, 0x0F, 0xE0, 0x00, 0x00, 0xBF, 0x00, 0x00,
    0x07, 0xF8, 0x00, 0x00, 0x3F, 0xC0, 0x00, 0x02, 0xFD, 0x00, 0x00, 0x0F, 0xF0, 0x00, 0x00, 0xFF,
    0x40, 0x00, 0x07, 0xF8, 0x00, 0x00, 0x3F, 0xC0, 0x00, 0x02, 0xFE, 0x00, 0x00, 0x0F, 0xF0, 0x00,
    0x00, 0xFF, 0x40, 0x00, 0x00, 0x00, 0x00, 0x00, 0x3F, 0xFF, 0xFF, 0x80, 0x3F, 0xFF, 0xFF, 0xF4,
    0x3F, 0xBF, 0xFF, 0xFC, 0x3D, 0x1F, 0xFF, 0xFD, 0x3D, 0x1F, 0xFF, 0xFE, 0x3D, 0x1F, 0xFF, 0xFF,
    0x3D, 0x1F, 0xFF, 0xFF, 0x3D, 0x1F, 0xFF, 0xFF, 0x3D, 0x1F, 0xFF, 0xFF, 0x3D, 0x1F, 0xFF, 0xFF,
    0x3D, 0x1F, 0xFF, 0xFE, 0x3D, 0x1F, 0xFF, 0xFC, 0x3D, 0x1F, 0xFF, 0xF8, 0x3D, 0x1F, 0xFF, 0xD0,
    0x3D, 0x1F, 0x14, 0x00, 0x3D, 0x1F, 0x00, 0x00, 0x3D, 0x1F, 0x00, 0x00, 0x3D, 0x1F, 0x00, 0x00,
    0x3D, 0x1F, 0x00, 0x00, 0x3D, 0x1F, 0x00, 0x00, 0x3D, 0x1F, 0x00, 0x00, 0x3D, 0x1F, 0x00, 0x00,
    0x3D, 0x1F, 0x00, 0x00, 0x3D, 0x1F, 0x00, 0x00, 0x3D, 0x1F, 0x00, 0x00, 0x28, 0x1A, 0x00, 0x00,
    0x00, 0xBF, 0xFF, 0xFE, 0x07, 0xFF, 0xFF, 0xFE, 0x1F, 0xFF, 0xFF, 0xFE, 0x3F, 0xFF, 0xF8, 0x3E,
    0x3F, 0xFF, 0xF8, 0x3E, 0x7F, 0xFF, 0xF8, 0x3E, 0x7F, 0xFF, 0xF8, 0x3E, 0x7F, 0xFF, 0xF8, 0x3E,
    0x7F, 0xFF, 0xF8, 0x3E, 0x7F, 0xFF, 0xF8, 0x3E, 0x3F, 0xFF, 0xF8, 0x3E, 0x3F, 0xFF, 0xF8, 0x3E,
    0x1F, 0xFF, 0xFF, 0xFE, 0x07, 0xFF, 0xFF, 0xFE, 0x00, 0x6F, 0xFF, 0xFD, 0xFF, 0xFF, 0xFD, 0x00,
    0xFF, 0xFF, 0xFF, 0xC0, 0xFF, 0xFF, 0xFF, 0xF0, 0xF8, 0x3F, 0xFF, 0xF8, 0xF8, 0x3F, 0xFF, 0xFC,
    0xF8, 0x3F, 0xFF, 0xFC, 0xF8, 0x3F, 0xFF, 0xFC, 0xF8, 0x3F, 0xFF, 0xFC, 0xF8, 0x3F, 0xFF, 0xFC,
    0xF8, 0x3F, 0xFF, 0xFC, 0xF8, 0x3F, 0xFF, 0xFC, 0xF8, 0x3F, 0xFF, 0xF8, 0xFF, 0xFF, 0xFF, 0xF0,
    0xFF, 0xFF, 0xFF, 0xD0, 0xBF, 0xFF, 0xF9, 0x00, 0x00, 0x00, 0x00, 0x00, 0x00, 0x0F, 0xD0, 0x00,
    0x00, 0x7F, 0x00, 0x04, 0x01, 0xFC, 0x00, 0x3E, 0x0B, 0xD0, 0x00, 0xFF, 0xAF, 0x00, 0x07, 0xFF,
    0xFE, 0xBF, 0x41, 0xBF, 0xFF, 0xFD, 0x00, 0x7F, 0xFF, 0xF0, 0x0B, 0xFF, 0x81, 0x40, 0xBF, 0x7F,
    0x00, 0x0B, 0xF8, 0xFD, 0x00, 0x0F, 0xC2, 0xFC, 0x00, 0x09, 0x03, 0xF4, 0x00, 0x00, 0x09, 0x00,
    0x00, 0x00, 0x00, 0x03, 0xF8, 0x0B, 0xFC, 0x0F, 0xFC, 0x0F, 0xF8, 0x02, 0x90, 0x00, 0x00, 0x00,
    0x00, 0x00, 0x00, 0x00, 0x00, 0x00, 0x00, 0x00, 0x00, 0x00, 0x00, 0x55, 0x00, 0xFF, 0x00, 0xFF,
    0x00, 0xFF, 0x00, 0xBF, 0x00, 0xBF, 0x00, 0x7F, 0x00, 0x3E, 0x00, 0x00, 0x00, 0x00, 0x00, 0x00,
    0x00, 0x00, 0x2F, 0xFE, 0x00, 0x00, 0x01, 0xFF, 0xFF, 0xC0, 0x00, 0x07, 0xD0, 0x01, 0xF0, 0x00,
    0x1E, 0x00, 0x00, 0x78, 0x00, 0x38, 0x00, 0x00, 0x2C, 0x00, 0x30, 0x00, 0x00, 0x18, 0x00, 0x00,
    0x00, 0x00, 0x00, 0x00, 0x00, 0x00, 0x00, 0x00, 0x00, 0x00, 0x00, 0x00, 0x00, 0x00, 0x00, 0x00,
    0x00, 0x00, 0x00, 0x00, 0x00, 0x00, 0x00, 0x00, 0x00, 0x00, 0x00, 0x00, 0x00, 0x00, 0x00, 0x00,
    0x00, 0x00, 0x00, 0x00, 0x00, 0x00, 0x00, 0x00, 0x00, 0x00, 0x00, 0x00, 0x00, 0x00, 0x00, 0x00,
    0x00, 0x00, 0x00, 0x00, 0x00, 0x00, 0x00, 0x00, 0x00, 0x00, 0x00, 0x00, 0x00, 0x00, 0x00, 0x00,
    0x00, 0x00, 0x00, 0x00, 0x00, 0x00, 0x00, 0x00, 0x00, 0x00, 0x00, 0x00, 0x00, 0x00, 0x00, 0x00,
    0x00, 0x00, 0x00, 0x00, 0x00, 0x00, 0x00, 0x00, 0x70, 0x00, 0x00, 0x1C, 0x00, 0x34, 0x00, 0x00,
    0x38, 0x00, 0x3C, 0x00, 0x01, 0xF0, 0x00, 0x0F, 0x40, 0x1B, 0xC0, 0x00, 0x07, 0xFF, 0xFE, 0x00,
    0x00, 0x00, 0xBF, 0xE4, 0x00, 0x00, 0x00, 0x00, 0x00, 0x00, 0x00, 0x00, 0x00, 0xFD, 0x00, 0x00,
    0x00, 0x0F, 0xD0, 0x00, 0x00, 0x01, 0xFC, 0x00, 0x00, 0xB8, 0x1F, 0x80, 0x00, 0x0F, 0xFA, 0xF4,
    0x00, 0x01, 0xFF, 0xFF, 0xAF, 0xD0, 0x01, 0xBF, 0xFF, 0xFD, 0x00, 0x01, 0xFF, 0xFF, 0xD0, 0x00,
    0x7F, 0xF8, 0x14, 0x00, 0x2F, 0xEF, 0xC0, 0x00, 0x07, 0xFC, 0xBE, 0x00, 0x00, 0x2F, 0x07, 0xF0,
    0x00, 0x00, 0x50, 0x3F, 0x40, 0x00, 0x00, 0x02, 0x40, 0x00, 0x00, 0x00, 0x00, 0x00, 0x00, 0x03,
    0xF4, 0x00, 0x00, 0x00, 0x7F, 0x00, 0x00, 0x00, 0x07, 0xF0, 0x00, 0x03, 0xE0, 0x7E, 0x00, 0x00,
    0x3F, 0xEB, 0xC0, 0x00, 0x07, 0xFF, 0xFE, 0xBF, 0x40, 0x06, 0xFF, 0xFF, 0xF4, 0x00, 0x07, 0xFF,
    0xFF, 0x40, 0x01, 0xFF, 0xE0, 0x50, 0x00, 0xBF, 0xBF, 0x00, 0x00, 0x2F, 0xF2, 0xF8, 0x00, 0x00,
    0xBC, 0x1F, 0xC0, 0x00, 0x02, 0x40, 0xFD, 0x00, 0x00, 0x00, 0x09, 0x00, 0x00, 0x00, 0x00, 0x00,
    0x1F, 0xD0, 0x1F, 0xCF, 0xFC, 0x0F, 0xE3, 0xFF, 0x03, 0xF4, 0xBF, 0x82, 0xFC, 0x06, 0x40, 0xFD,
    0x00, 0x00, 0x7F, 0x00, 0x00, 0x3F, 0x80, 0x00, 0x1F, 0xC0, 0x00, 0x0B, 0xF0, 0x00, 0x03, 0xF4,
    0x00, 0x02, 0xFC, 0x00, 0x00, 0xFE, 0x00, 0x00, 0x7F, 0x00, 0x00, 0x3F, 0x80, 0x00, 0x0F, 0xD0,
    0x00, 0x0B, 0xF0, 0x00, 0x03, 0xF4, 0x05, 0x01, 0xFC, 0x1F, 0xF0, 0xFE, 0x0B, 0xFC, 0x7F, 0x02,
    0xFF, 0x2F, 0xC0, 0x3F, 0x80, 0x00, 0x01, 0x00, 0x00, 0x00, 0x00, 0x00, 0x00, 0x00, 0x00, 0x01,
    0xFF, 0xFE, 0x90, 0x00, 0x00, 0x7C, 0x0F, 0xFF, 0xFF, 0xFF, 0x90, 0x01, 0xFC, 0x2F, 0xFF, 0xFF,
    0xFF, 0xFF, 0xFF, 0xF4, 0x3F, 0x40, 0x1A, 0xFF, 0xFF, 0xFF, 0xE0, 0x7C, 0x00, 0x00, 0x06, 0xFF,
    0xFF, 0x40, 0x00, 0x00, 0x00, 0x00, 0x01, 0x50, 0x00, 0x00, 0x01, 0x50, 0x00, 0x00, 0x7F, 0xFF,
    0x40, 0x02, 0xFE, 0x6F, 0xD0, 0x0B, 0x80, 0x00, 0xF0, 0x2D, 0x00, 0x00, 0x38, 0x34, 0x00, 0x00,
    0x2C, 0x20, 0x00, 0x00, 0x04, 0x00, 0x03, 0xE0, 0x00, 0x01, 0x03, 0xE0, 0x40, 0x07, 0xC3, 0xE2,
    0xF0, 0x0F, 0xF7, 0xEB, 0xF4, 0x03, 0xFF, 0xFF, 0xD0, 0x00, 0xFF, 0xFF, 0x40, 0x6A, 0xFF, 0xFF,
    0xAA, 0x7F, 0xFF, 0xFF, 0xFF, 0x7F, 0xFF, 0xFF, 0xFF, 0x00, 0xBF, 0xFF, 0x00, 0x02, 0xFF, 0xFF,
    0xC0, 0x0B, 0xFB, 0xEF, 0xF0, 0x0B, 0xD3, 0xE3, 0xF0, 0x02, 0x43, 0xE0, 0xC0, 0x00, 0x03, 0xE0,
    0x00, 0x00, 0x01, 0x40, 0x00, 0x00, 0x00, 0x05, 0x00, 0x00, 0x02, 0xFD, 0x00, 0x00, 0x3F, 0xF0,
    0x00, 0x03, 0xFE, 0x00, 0x00, 0x2F, 0xD0, 0x00, 0x00, 0x10, 0x00, 0x00, 0x00, 0x00, 0x00, 0x00,
    0x00, 0x00, 0x00, 0x00, 0x01, 0xA4, 0x00, 0x00, 0x3F, 0xC0, 0x00, 0x07, 0xFD, 0x00, 0x00, 0x7F,
    0xD0, 0x00, 0x02, 0xF8, 0x00, 0x00, 0x00, 0x00, 0x00, 0x00, 0x00, 0x00, 0x00, 0x00, 0x00, 0x00,
    0x00, 0x00, 0x00, 0x00, 0x00, 0x00, 0x1F, 0xC0, 0x00, 0x03, 0xFE, 0x00, 0x00, 0x3F, 0xF0, 0x00,
    0x03, 0xFD, 0x00, 0x00, 0x06, 0x40, 0x00, 0x3F, 0x83, 0xF8, 0x7F, 0x47, 0xF4, 0x02, 0xFC, 0x3F,
    0xC3, 0xFC, 0x3F, 0x80, 0x0F, 0xD1, 0xFD, 0x1F, 0xC2, 0xFC, 0x00, 0xFF, 0x0F, 0xE0, 0xFD, 0x0F,
    0xD0, 0x07, 0xF0, 0x7F, 0x0B, 0xF0, 0xFE, 0x00, 0x3F, 0x43, 0xF0, 0x3F, 0x07, 0xF0, 0x01, 0xF8,
    0x2F, 0x83, 0xF4, 0x3F, 0x00, 0x0A, 0x80, 0xA8, 0x0A, 0x81, 0xA4, 0x00, 0x00, 0x00, 0x05, 0x00,
    0x00, 0x00, 0x00, 0x00, 0xBF, 0x40, 0x00, 0x00, 0x00, 0x03, 0xFE, 0x00, 0x00, 0x00, 0x00, 0x0F,
    0xF8, 0x00, 0x00, 0x00, 0x00, 0x2F, 0xD0, 0x00, 0x00, 0x00, 0x00, 0x04, 0x00, 0x00, 0x00, 0x00,
    0x00, 0x00, 0x00, 0x00, 0x00, 0x00, 0x00, 0x00, 0x00, 0x00, 0x00, 0x00, 0x00, 0x00, 0x00, 0x00,
    0x69, 0x00, 0x00, 0x00, 0x1A, 0x03, 0xFC, 0x00, 0x00, 0x01, 0xFF, 0x1F, 0xF4, 0x00, 0x00, 0x0B,
    0xFD, 0x7F, 0xD0, 0x00, 0x00, 0x2F, 0xF0, 0xBE, 0x00, 0x00, 0x00, 0x2F, 0x40, 0x00, 0x00, 0x00,
    0x00, 0x00, 0x00, 0x00, 0x00, 0x00, 0x00, 0x00, 0x00, 0x00, 0x00, 0x00, 0x00, 0x00, 0x00, 0x00,
    0x00, 0x00, 0x00, 0x00, 0x00, 0x01, 0xFC, 0x00, 0x00, 0x00, 0x00, 0x0F, 0xF8, 0x00, 0x00, 0x00,
    0x00, 0x3F, 0xE0, 0x00, 0x00, 0x00, 0x00, 0xFF, 0x40, 0x00, 0x00, 0x00, 0x00, 0x64, 0x00, 0x00,
    0x00, 0x05, 0x00, 0x00, 0x00, 0x01, 0x40, 0xFF, 0x00, 0x00, 0x00, 0x3F, 0xC7, 0xFD, 0x00, 0x00,
    0x02, 0xFF, 0x5F, 0xF4, 0x00, 0x00, 0x0B, 0xFC, 0x3F, 0xC0, 0x00, 0x00, 0x0F, 0xF0, 0x00, 0x00,
    0x00, 0x00, 0x00, 0x00, 0x00, 0x00, 0x00, 0x00, 0x00, 0x00, 0x00, 0x00, 0x00, 0x00, 0x00, 0x00,
    0x00, 0x00, 0x00, 0x00, 0x00, 0x00, 0x00, 0x2E, 0x00, 0x00, 0x00, 0x00, 0x03, 0xFE, 0x00, 0x00,
    0x00, 0x00, 0x0F, 0xFC, 0x00, 0x00, 0x00, 0x00, 0x3F, 0xE0, 0x00, 0x00, 0x00, 0x00, 0x2E, 0x00,
    0x00, 0x00, 0x00, 0x00, 0x00, 0x00, 0x00, 0x00, 0x00, 0x00, 0x00, 0x00, 0x00, 0x00, 0x00, 0x00,
    0x00, 0x00, 0x00, 0x00, 0x00, 0x00, 0x00, 0x00, 0x02, 0xF8, 0x00, 0x00, 0x00, 0xFD, 0x1F, 0xF4,
    0x00, 0x00, 0x0B, 0xFC, 0x7F, 0xD0, 0x00, 0x00, 0x2F, 0xF0, 0xFF, 0x00, 0x00, 0x00, 0x7F, 0xC0,
    0xA0, 0x00, 0x00, 0x00, 0x68, 0x00, 0x05, 0x03, 0xFC, 0x7F, 0xD7, 0xFD, 0x3F, 0xC0, 0x50, 0x00,
    0x00, 0x00, 0x00, 0x00, 0x00, 0x00, 0x00, 0x00, 0x00, 0x00, 0x00, 0x00, 0x00, 0x00, 0x00, 0x00,
    0x00, 0x3F, 0xC7, 0xFD, 0x7F, 0xD3, 0xFC, 0x06, 0x00, 0x00, 0x00, 0xA4, 0x00, 0x00, 0x00, 0x0F,
    0xF8, 0x00, 0x00, 0x00, 0x3F, 0xF0, 0x00, 0x00, 0x00, 0xFF, 0x80, 0x00, 0x00, 0x01, 0xFC, 0x00,
    0x00, 0x00, 0x00, 0x00, 0x00, 0x00, 0x00, 0x00, 0x00, 0x00, 0x00, 0x00, 0x00, 0x00, 0x00, 0x00,
    0x00, 0x00, 0x00, 0x00, 0x14, 0x00, 0x00, 0x05, 0x03, 0xFC, 0x00, 0x00, 0xFF, 0x1F, 0xF4, 0x00,
    0x0B, 0xFC, 0x7F, 0xD0, 0x00, 0x2F, 0xF0, 0xFF, 0x00, 0x00, 0x3F, 0xC0, 0x50, 0x00, 0x00, 0x10,
    0x00, 0x00, 0x00, 0x00, 0x00, 0x00, 0x00, 0x00, 0x00, 0x00, 0x00, 0x00, 0x00, 0x00, 0x00, 0x00,
    0x00, 0x00, 0x00, 0x00, 0x00, 0xBF, 0x40, 0x00, 0x00, 0x03, 0xFF, 0x00, 0x00, 0x00, 0x0F, 0xFC,
    0x00, 0x00, 0x00, 0x3F, 0xD0, 0x00, 0x00, 0x00, 0x19, 0x00, 0x00, 0x00, 0x00, 0x06, 0x90, 0x00,
    0x00, 0x00, 0x00, 0x0B, 0xE0, 0x00, 0x00, 0x00, 0xA4, 0x0B, 0xE0, 0x0A, 0x40, 0x03, 0xFD, 0x0B,
    0xE0, 0x3F, 0xD0, 0x07, 0xFE, 0x0B, 0xE0, 0x7F, 0xE0, 0x03, 0xFD, 0x0B, 0xE0, 0x3F, 0xD0, 0x02,
    0xF8, 0x0B, 0xE0, 0x2F, 0x80, 0x00, 0x00, 0x0B, 0xE0, 0x00, 0x00, 0x00, 0x00, 0x0B, 0xE0, 0x00,
    0x00, 0x00, 0x00, 0x0B, 0xE0, 0x00, 0x00, 0x3F, 0xFF, 0xFF, 0xFF, 0xFF, 0xFD, 0x3F, 0xFF, 0xFF,
    0xFF, 0xFF, 0xFD, 0x3F, 0xFF, 0xFF, 0xFF, 0xFF, 0xFD, 0x00, 0x00, 0x0B, 0xF0, 0x00, 0x00, 0x00,
    0x00, 0x0B, 0xE0, 0x00, 0x00, 0x00, 0x00, 0x0B, 0xE0, 0x00, 0x00, 0x01, 0xF8, 0x0B, 0xE0, 0x1F,
    0x40, 0x03, 0xFD, 0x0B, 0xE0, 0x7F, 0xD0, 0x07, 0xFE, 0x0B, 0xE0, 0x7F, 0xD0, 0x03, 0xFD, 0x0B,
    0xE0, 0x7F, 0xD0, 0x01, 0xF8, 0x0B, 0xE0, 0x1F, 0x40, 0x00, 0x00, 0x0B, 0xE0, 0x00, 0x00, 0x00,
    0x00, 0x07, 0xE0, 0x00, 0x00, 0x00, 0x02, 0xFC, 0x3F, 0xE7, 0xFE, 0x3F, 0xD0, 0xA4, 0x00, 0x00,
    0x00, 0x00, 0x00, 0x00, 0x2F, 0xC3, 0xFE, 0x3F, 0xF3, 0xFE, 0x0A, 0x40, 0x00, 0x00, 0x00, 0x00,
    0x01, 0x02, 0xFC, 0x7F, 0xE7, 0xFE, 0x3F, 0xD0, 0x64, 0x15, 0x2F, 0xEF, 0xFF, 0xFF, 0x7F, 0x40,
    0x01, 0x92, 0xFE, 0xFF, 0xFF, 0xF3, 0xF0, 0x00, 0x2A, 0x3F, 0xFF, 0xFF, 0xFF, 0x2E, 0x00, 0x02,
    0xE3, 0xFF, 0xFF, 0xFF, 0xF2, 0xA0, 0x00, 0x00, 0x7F, 0xFD, 0x02, 0x80, 0x02, 0x80, 0x02, 0x80,
    0x02, 0x80, 0x7F, 0xFD, 0x02, 0x80, 0x02, 0x80, 0x02, 0x80, 0x02, 0x80, 0x02, 0x80, 0x02, 0x80,
    0x02, 0x80, 0x02, 0x80, 0x02, 0x80, 0x02, 0x80, 0x02, 0x80, 0x02, 0x80, 0x02, 0x80, 0x02, 0x80,
    0x02, 0x80, 0x02, 0x80, 0x02, 0x80, 0x02, 0x80, 0x00, 0x00, 0x7F, 0xFD, 0x70, 0x0D, 0x70, 0x0D,
    0x70, 0x0D, 0x70, 0x0D, 0x7F, 0xFD, 0x02, 0x80, 0x02, 0x80, 0x02, 0x80, 0x02, 0x80, 0x02, 0x80,
    0x02, 0x80, 0x02, 0x80, 0x02, 0x80, 0x02, 0x80, 0x02, 0x80, 0x02, 0x80, 0x02, 0x80, 0x02, 0x80,
    0x02, 0x80, 0x02, 0x80, 0x02, 0x80, 0x02, 0x80, 0x02, 0x80, 0x00, 0x00, 0x3F, 0xFC, 0x2F, 0xF8,
    0x0F, 0xF0, 0x07, 0xD0, 0x03, 0xC0, 0x02, 0x80, 0x02, 0x80, 0x02, 0x80, 0x02, 0x80, 0x02, 0x80,
    0x02, 0x80, 0x02, 0x80, 0x02, 0x80, 0x02, 0x80, 0x02, 0x80, 0x02, 0x80, 0x02, 0x80, 0x02, 0x80,
    0x02, 0x80, 0x02, 0x80, 0x02, 0x80, 0x02, 0x80, 0x02, 0x80, 0x02, 0x80, 0x00, 0x00, 0x01, 0x40,
    0x03, 0xC0, 0x07, 0xD0, 0x0F, 0xF0, 0x2F, 0xF8, 0x3F, 0xFC, 0x02, 0x80, 0x02, 0x80, 0x02, 0x80,
    0x02, 0x80, 0x02, 0x80, 0x02, 0x80, 0x02, 0x80, 0x02, 0x80, 0x02, 0x80, 0x02, 0x80, 0x02, 0x80,
    0x02, 0x80, 0x02, 0x80, 0x02, 0x80, 0x02, 0x80, 0x02, 0x80, 0x02, 0x80, 0x02, 0x80, 0x00, 0x00,
    0x02, 0x80, 0x0B, 0xE0, 0x38, 0x2C, 0x38, 0x2C, 0x0B, 0xE0, 0x03, 0xC0, 0x02, 0x80, 0x02, 0x80,
    0x02, 0x80, 0x02, 0x80, 0x02, 0x80, 0x02, 0x80, 0x02, 0x80, 0x02, 0x80, 0x02, 0x80, 0x02, 0x80,
    0x02, 0x80, 0x02, 0x80, 0x02, 0x80, 0x02, 0x80, 0x02, 0x80, 0x02, 0x80, 0x02, 0x80, 0x02, 0x80,
    0x00, 0x00, 0x7F, 0x80, 0x02, 0x80, 0x02, 0x80, 0x02, 0x80, 0x02, 0x80, 0x7F, 0xFD, 0x02, 0x80,
    0x02, 0x80, 0x02, 0x80, 0x02, 0x80, 0x02, 0x80, 0x02, 0x80, 0x02, 0x80, 0x02, 0x80, 0x02, 0x80,
    0x02, 0x80, 0x02, 0x80, 0x02, 0x80, 0x02, 0x80, 0x02, 0x80, 0x02, 0x80, 0x02, 0x80, 0x02, 0x80,
    0x02, 0x80, 0x00, 0x00, 0x00, 0x00, 0x00, 0x07, 0xFF, 0xD0, 0x00, 0x0F, 0xFF, 0xFC, 0x00, 0x0F,
    0xFF, 0xFD, 0x00, 0x0B, 0xFE, 0x5B, 0x00, 0x07, 0xFD, 0x00, 0x00, 0x02, 0xFE, 0x00, 0x00, 0x00,
    0xFF, 0x02, 0xAA, 0xA8, 0x3F, 0xC1, 0xFF, 0xFF, 0x1F, 0xF0, 0xBF, 0xFF, 0x87, 0xFC, 0x3F, 0xFF,
    0xD1, 0xFF, 0x0F, 0xF0, 0x00, 0x3F, 0xE7, 0xF8, 0x00, 0x0F, 0xFF, 0xFF, 0xFE, 0x00, 0xFF, 0xFF,
    0xFF, 0x40, 0x0B, 0xFF, 0xFF, 0xC0, 0x00, 0x0F, 0xF0, 0x00, 0x00, 0x03, 0xF8, 0x00, 0x00, 0x01,
    0xFE, 0x55, 0x00, 0x00, 0xBF, 0xFF, 0x80, 0x00, 0x3F, 0xFF, 0xD0, 0x00, 0x0F, 0xFF, 0xF0, 0x00,
    0x00, 0x00, 0x00, 0x00, 0x00, 0x00, 0x00, 0x07, 0xC3, 0xC0, 0x00, 0x00, 0x2D, 0x2E, 0x00, 0x00,
    0x1B, 0xFF, 0xF4, 0x00, 0x07, 0xFF, 0xFF, 0xF0, 0x00, 0xFF, 0xFF, 0xFF, 0x80, 0x0F, 0xFF, 0xFB,
    0xFC, 0x00, 0xBF, 0xFF, 0x47, 0xE0, 0x07, 0xFF, 0x3C, 0x3D, 0x00, 0x3F, 0xF1, 0xE1, 0xF0, 0x01,
    0xFF, 0x4F, 0x4B, 0x40, 0x0B, 0xFC, 0x7C, 0x3C, 0x00, 0x3F, 0xE2, 0xE1, 0xE0, 0x00, 0xFF, 0x4F,
    0x0F, 0x40, 0x03, 0xFD, 0x78, 0x7C, 0x00, 0x0F, 0xF7, 0xD2, 0xE0, 0x00, 0x3F, 0xFF, 0x0F, 0x00,
    0x00, 0xBF, 0xF8, 0x78, 0x00, 0x01, 0xFF, 0xE3, 0xEB, 0x00, 0x03, 0xFF, 0xFF, 0xFC, 0x00, 0x03,
    0xFF, 0xFF, 0xF0, 0x00, 0x07, 0xFF, 0xFF, 0x80, 0x00, 0x2E, 0x6F, 0x40, 0x00, 0x00, 0xF0, 0xF4,
    0x00, 0x00, 0x02, 0x82, 0x80, 0x00, 0x00, 0x00, 0x00, 0x00, 0x00, 0x00, 0x00, 0x0B, 0xFF, 0xE4,
    0x00, 0x0B, 0xFF, 0xFF, 0xE0, 0x03, 0xFF, 0xFF, 0xFD, 0x00, 0xFF, 0xFA, 0xAF, 0xC0, 0x2F, 0xFC,
    0x00, 0x14, 0x03, 0xFF, 0x00, 0x00, 0x00, 0xBF, 0xC0, 0x00, 0x00, 0x0F, 0xF8, 0x00, 0x00, 0x01,
    0xFF, 0x02, 0xA1, 0xF0, 0x2F, 0xF0, 0x3F, 0x7F, 0x03, 0xFE, 0x07, 0xFF, 0xF0, 0x3F, 0xE0, 0xBF,
    0xE9, 0x03, 0xFD, 0x0F, 0xF0, 0x00, 0x3F, 0xD0, 0xFE, 0x00, 0x03, 0xFE, 0x1F, 0xD0, 0x00, 0x3F,
    0xF2, 0xFD, 0x00, 0x02, 0xFF, 0x6F, 0xC1, 0x00, 0x0F, 0xFF, 0xFE, 0xF0, 0x00, 0xBF, 0xFF, 0xFF,
    0x00, 0x02, 0xFF, 0xFF, 0xF0, 0x00, 0x07, 0xFF, 0xF9, 0x00, 0x00, 0x01, 0x50, 0x00, 0x00, 0x00,
    0x1F, 0xFF, 0xFF, 0xC0, 0x02, 0xFF, 0xFF, 0xFC, 0x00, 0x3F, 0xFF, 0xFF, 0xC0, 0x03, 0xFF, 0xFF,
    0xF4, 0x00, 0x7F, 0xC0, 0x00, 0x00, 0x07, 0xFC, 0x00, 0x00, 0x00, 0xBF, 0x80, 0x00, 0x00, 0x0F,
    0xF4, 0x00, 0x00, 0x00, 0xFF, 0x95, 0x54, 0x00, 0x1F, 0xFF, 0xFF, 0xC0, 0x02, 0xFF, 0xFF, 0xF8,
    0x00, 0x3F, 0xFF, 0xFF, 0x40, 0x03, 0xFD, 0x00, 0x00, 0x00, 0x3F, 0xC0, 0x00, 0x00, 0x1B, 0xFD,
    0x50, 0x00, 0x0B, 0xFF, 0xFF, 0x40, 0x00, 0xFF, 0xFF, 0xF0, 0x00, 0x05, 0xFF, 0x55, 0x00, 0x00,
    0x0F, 0xF0, 0x00, 0x00, 0x01, 0xFF, 0x00, 0x00, 0x00, 0x2F, 0xE0, 0x00, 0x00, 0x00, 0x00, 0x00,
    0x00, 0x00, 0x00, 0x00, 0x00, 0x2F, 0xFE, 0x40, 0x00, 0x07, 0xFF, 0xFF, 0x40, 0x00, 0x3F, 0xFF,
    0xFC, 0x00, 0x02, 0xFF, 0x96, 0xE0, 0x00, 0x0F, 0xF8, 0x00, 0x00, 0x00, 0x7F, 0xC0, 0x00, 0x00,
    0x02, 0xFF, 0x00, 0x00, 0x01, 0xAF, 0xFE, 0xA9, 0x00, 0x0B, 0xFF, 0xFF, 0xF4, 0x00, 0x3F, 0xFF,
    0xFF, 0xC0, 0x00, 0x07, 0xFC, 0x00, 0x00, 0x01, 0x6F, 0xF5, 0x50, 0x00, 0x2F, 0xFF, 0xFF, 0xE0,
    0x00, 0xBF, 0xFF, 0xFF, 0x40, 0x00, 0x1F, 0xF0, 0x00, 0x00, 0x00, 0xBF, 0x80, 0x00, 0x00, 0x0B,
    0xF8, 0x00, 0x00, 0x01, 0xFF, 0xEA, 0xAA, 0x90, 0x0B, 0xFF, 0xFF, 0xFF, 0x80, 0x3F, 0xFF, 0xFF,
    0xFD, 0x00, 0xFF, 0xFF, 0xFF, 0xF0, 0x00, 0x00, 0x00, 0x00, 0x00, 0x01, 0x50, 0x00, 0x00, 0x00,
    0x00, 0x03, 0xF0, 0x00, 0x00, 0x00, 0x00, 0x01, 0xF4, 0x00, 0x00, 0x00, 0x00, 0x00, 0xFC, 0x00,
    0x00, 0xFC, 0x2F, 0xF4, 0xFF, 0xFD, 0x00, 0x7F, 0x2F, 0xFF, 0xBF, 0xFF, 0xC0, 0x2F, 0xEF, 0xFF,
    0xFF, 0xFF, 0xF8, 0x0F, 0xFF, 0x5F, 0xFF, 0xD7, 0xFF, 0x03, 0xFF, 0x01, 0xFF, 0xC0, 0x7F, 0xC0,
    0xFF, 0x80, 0x7F, 0xD0, 0x1F, 0xF0, 0x7F, 0xC0, 0x2F, 0xF0, 0x0B, 0xF8, 0x2F, 0xE0, 0x0B, 0xF8,
    0x03, 0xFD, 0x0F, 0xF4, 0x03, 0xFD, 0x00, 0xFF, 0x43, 0xFC, 0x02, 0xFF, 0x00, 0x3F, 0xC1, 0xFF,
    0x01, 0xFF, 0xC0, 0x1F, 0xF0, 0xBF, 0xC0, 0xFF, 0xE0, 0x0B, 0xF8, 0x2F, 0xE0, 0xBF, 0xF4, 0x03,
    0xFD, 0x0F, 0xF4, 0x7F, 0xFD, 0x00, 0xFF, 0x03, 0xFC, 0x3F, 0xFF, 0x00, 0x7F, 0xC1, 0xFF, 0x2F,
    0xBF, 0xC0, 0x1F, 0xF0, 0x00, 0x1F, 0x80, 0x00, 0x00, 0x00, 0x00, 0x0F, 0xC0, 0x00, 0x00, 0x00,
    0x00, 0x0B, 0xD0, 0x00, 0x00, 0x00, 0x00, 0x00, 0x00, 0x00, 0x00, 0x00, 0x00, 0x00, 0x3F, 0xD0,
    0x0B, 0xD0, 0x07, 0xFE, 0x00, 0xFC, 0x00, 0xBF, 0xE0, 0x0F, 0xC0, 0x0F, 0xFF, 0x01, 0xFC, 0x00,
    0xFF, 0xF0, 0x2F, 0x80, 0x0F, 0xEF, 0x03, 0xF4, 0x01, 0xFA, 0xF0, 0x3F, 0x00, 0xBF, 0xFF, 0xAB,
    0xF9, 0x1F, 0xFF, 0xFF, 0xFF, 0xD1, 0xBF, 0xAF, 0xAF, 0xE8, 0x03, 0xF1, 0xF4, 0xFD, 0x01, 0xBF,
    0x6F, 0x9F, 0xD0, 0x7F, 0xFF, 0xFF, 0xFF, 0x47, 0xFF, 0xFF, 0xFF, 0xF0, 0x0F, 0xC0, 0xFA, 0xF4,
    0x01, 0xFC, 0x0F, 0xBF, 0x00, 0x2F, 0x80, 0xFF, 0xF0, 0x02, 0xF8, 0x0F, 0xFF, 0x00, 0x3F, 0x40,
    0xBF, 0xE0, 0x03, 0xF0, 0x0B, 0xFD, 0x00, 0x7F, 0x00, 0xBF, 0xC0, 0x00, 0x00, 0x2F, 0xFE, 0x40,
    0x00, 0x00, 0x00, 0x0F, 0xFF, 0xFD, 0x00, 0x00, 0x00, 0x03, 0xFF, 0xFF, 0xD0, 0x00, 0x00, 0x01,
    0xFF, 0xFF, 0xFC, 0x00, 0x00, 0x00, 0xBF, 0x41, 0xFF, 0x40, 0x00, 0x00, 0x3F, 0xC0, 0x3F, 0xD0,
    0x54, 0x00, 0x0F, 0xF0, 0x0F, 0xF4, 0x3E, 0x00, 0x07, 0xFC, 0x03, 0xFD, 0x2F, 0x40, 0x02, 0xFE,
    0x02, 0xFF, 0x0F, 0xD0, 0x00, 0xBF, 0x42, 0xFF, 0x9F, 0xFF, 0xE0, 0x3F, 0xFF, 0xFF, 0xEF, 0xFF,
    0xF4, 0x0F, 0xFF, 0xFF, 0xCB, 0xFF, 0xFC, 0x07, 0xFF, 0xFF, 0x80, 0x7F, 0x40, 0x02, 0xFF, 0xA5,
    0x00, 0x2F, 0xC0, 0x00, 0xFF, 0x40, 0x00, 0x0F, 0xF0, 0x00, 0x3F, 0xC0, 0x00, 0x03, 0xFC, 0x00,
    0x0F, 0xF0, 0x00, 0x00, 0xFE, 0x00, 0x07, 0xF8, 0x00, 0x00, 0x7F, 0x80, 0x02, 0xFD, 0x00, 0x00,
    0x1F, 0xFF, 0xC0, 0xFF, 0x00, 0x00, 0x03, 0xFF, 0xF0, 0x3F, 0xC0, 0x00, 0x00, 0x7F, 0xF8, 0x00,
    0x00, 0x00, 0x00, 0x00, 0x40, 0x00, 0x00, 0x7F, 0xFE, 0x40, 0x00, 0x00, 0x00, 0x02, 0xFF, 0xFF,
    0xC0, 0x00, 0x00, 0x00, 0x0B, 0xFF, 0xFF, 0xC0, 0x00, 0x00, 0x00, 0x3F, 0xFF, 0xFF, 0x40, 0x00,
    0x00, 0x00, 0xFF, 0x03, 0xFE, 0x00, 0x00, 0x00, 0x07, 0xFC, 0x0F, 0xF8, 0x1F, 0xFF, 0x40, 0x2F,
    0xE0, 0x2F, 0xE2, 0xFF, 0xFF, 0x00, 0xFF, 0x80, 0xFF, 0x9F, 0xFF, 0xF8, 0x03, 0xFD, 0x0B, 0xFD,
    0xBF, 0x41, 0xC0, 0x0F, 0xFA, 0xFF, 0xF3, 0xFC, 0x00, 0x00, 0x7F, 0xFF, 0xFF, 0x0F, 0xF8, 0x00,
    0x02, 0xFF, 0xFF, 0xE0, 0x2F, 0xF8, 0x00, 0x0F, 0xFF, 0xFF, 0x00, 0x3F, 0xFD, 0x00, 0x3F, 0xC3,
    0xFC, 0x00, 0x3F, 0xFC, 0x01, 0xFF, 0x0F, 0xF4, 0x00, 0x2F, 0xF8, 0x07, 0xFC, 0x2F, 0xE0, 0x00,
    0x2F, 0xF0, 0x2F, 0xE0, 0x7F, 0x80, 0x00, 0x7F, 0x80, 0xFF, 0x41, 0xFF, 0x28, 0x02, 0xFE, 0x03,
    0xFC, 0x03, 0xFC, 0xBF, 0xFF, 0xF0, 0x1F, 0xF0, 0x0F, 0xF6, 0xFF, 0xFF, 0x40, 0xBF, 0x80, 0x3F,
    0xE7, 0xFF, 0xF4, 0x00, 0x00, 0x00, 0x00, 0x00, 0x14, 0x00, 0x00, 0x02, 0xF4, 0x02, 0xF8, 0x01,
    0xF8, 0x0F, 0xD0, 0x0F, 0xE0, 0x0F, 0xD0, 0x3F, 0x40, 0xBF, 0x80, 0x3F, 0x00, 0xFC, 0x03, 0xFE,
    0x02, 0xF8, 0x03, 0xF0, 0x1F, 0xF8, 0x0F, 0xD0, 0x0F, 0xC0, 0xFF, 0xE0, 0x7F, 0x00, 0x3F, 0x03,
    0xEF, 0x82, 0xF8, 0x00, 0xFC, 0x2F, 0x7D, 0x0F, 0xC0, 0x03, 0xF0, 0xFC, 0xF4, 0x7F, 0x00, 0x6F,
    0xEB, 0xFB, 0xEB, 0xFE, 0x03, 0xFF, 0xFF, 0xFF, 0xFF, 0xFC, 0x0B, 0xFE, 0xFE, 0xFF, 0xFF, 0xA0,
    0x07, 0xE7, 0xD2, 0xF3, 0xF4, 0x00, 0x1F, 0x6F, 0x0B, 0xCF, 0xC0, 0x00, 0xBD, 0xF8, 0x2F, 0x7E,
    0x00, 0x02, 0xFB, 0xD0, 0xBE, 0xF0, 0x00, 0x0B, 0xFF, 0x02, 0xFF, 0xC0, 0x00, 0x2F, 0xF8, 0x0B,
    0xFD, 0x00, 0x00, 0xBF, 0xC0, 0x2F, 0xF0, 0x00, 0x03, 0xFE, 0x00, 0xBF, 0xC0, 0x00, 0x0F, 0xF4,
    0x03, 0xFD, 0x00, 0x00, 0x00, 0x2F, 0xFF, 0xF8, 0x00, 0x1F, 0xC0, 0x03, 0xFF, 0xFF, 0xF8, 0x02,
    0xFC, 0x00, 0x3F, 0xFF, 0xFF, 0xD0, 0x3F, 0xC0, 0x07, 0xF9, 0x56, 0xFF, 0x03, 0xF8, 0x00, 0xBF,
    0x00, 0x0B, 0xF4, 0x7F, 0x40, 0x0B, 0xF0, 0xA8, 0x3F, 0x47, 0xF0, 0x00, 0xFE, 0x2F, 0xC3, 0xF4,
    0xBF, 0x00, 0x0F, 0xD2, 0xFC, 0x7F, 0x4F, 0xE0, 0x01, 0xFD, 0x3F, 0x8B, 0xF0, 0xFE, 0x00, 0x2F,
    0xC3, 0xF8, 0xBF, 0x1F, 0xD0, 0x03, 0xFC, 0x7F, 0x4F, 0xE2, 0xFC, 0x00, 0x3F, 0x8B, 0xF0, 0xFE,
    0x2F, 0xC0, 0x03, 0xF4, 0xFF, 0x1F, 0xD3, 0xF8, 0x00, 0x7F, 0x0F, 0xE2, 0xFC, 0x3F, 0x40, 0x0B,
    0xF0, 0xFD, 0x3F, 0xC7, 0xF0, 0x00, 0xFF, 0x1F, 0xC2, 0xA4, 0xFF, 0x00, 0x0F, 0xE2, 0xFC, 0x00,
    0x2F, 0xD0, 0x01, 0xFD, 0x3F, 0xC0, 0x1B, 0xFC, 0x00, 0x2F, 0xC3, 0xFF, 0xFF, 0xFF, 0x40, 0x02,
    0xFC, 0x7F, 0xFF, 0xFF, 0xD0, 0x00, 0x3F, 0x8B, 0xFF, 0xFF, 0x90, 0x00, 0x00, 0x00, 0x00, 0x00,
    0x00, 0x00, 0x00, 0x00, 0x00, 0x1F, 0xF0, 0x00, 0x00, 0x00, 0x2F, 0xF0, 0x00, 0x00, 0x3F, 0xFF,
    0xFE, 0x00, 0x00, 0x3F, 0xFF, 0xFE, 0x00, 0x00, 0x7F, 0xFF, 0xFD, 0x00, 0x00, 0x00, 0x7F, 0xC0,
    0x00, 0x01, 0x50, 0x7F, 0x80, 0x00, 0x2F, 0xFC, 0xBF, 0x80, 0x00, 0xBF, 0xFF, 0xFF, 0x40, 0x02,
    0xFF, 0xFF, 0xFF, 0x00, 0x03, 0xFF, 0x47, 0xFF, 0x00, 0x0B, 0xFC, 0x03, 0xFE, 0x00, 0x0F, 0xF4,
    0x02, 0xFD, 0x00, 0x1F, 0xF0, 0x02, 0xFC, 0x00, 0x2F, 0xF0, 0x03, 0xFC, 0x00, 0x2F, 0xE0, 0x03,
    0xFC, 0x00, 0x2F, 0xE0, 0x0B, 0xF8, 0x00, 0x2F, 0xF0, 0x0F, 0xF4, 0x00, 0x2F, 0xF8, 0x7F, 0xF0,
    0x00, 0x0F, 0xFF, 0xFF, 0xF0, 0x00, 0x0B, 0xFF, 0xEB, 0xF0, 0x00, 0x02, 0xFF, 0x8B, 0xE0, 0x00,
    0x00, 0x14, 0x00, 0x00, 0x00, 0x00, 0x00, 0x00, 0x00, 0x00, 0x15, 0x55, 0x55, 0x00, 0x00, 0xBF,
    0xFF, 0xFF, 0x00, 0x00, 0x6A, 0xAA, 0xAA, 0x00, 0x00, 0x00, 0x00, 0x00, 0x00, 0x00, 0x00, 0x01,
    0xFF, 0xF4, 0x00, 0x00, 0xFF, 0xFF, 0xE0, 0x00, 0x3F, 0xFF, 0xFC, 0x00, 0x0F, 0xFE, 0x5F, 0x80,
    0x02, 0xFF, 0x40, 0x10, 0x00, 0x3F, 0xD0, 0x00, 0x00, 0x0B, 0xFC, 0x00, 0x00, 0x0A, 0xFF, 0xEA,
    0x80, 0x00, 0xFF, 0xFF, 0xFC, 0x00, 0x1F, 0xFF, 0xFF, 0xC0, 0x00, 0x3F, 0xE0, 0x00, 0x00, 0x17,
    0xFE, 0x54, 0x00, 0x03, 0xFF, 0xFF, 0xD0, 0x00, 0x7F, 0xFF, 0xFC, 0x00, 0x00, 0x7F, 0xC0, 0x00,
    0x00, 0x03, 0xFC, 0x00, 0x00, 0x00, 0x3F, 0xE0, 0x00, 0x00, 0x03, 0xFF, 0x96, 0xF0, 0x00, 0x1F,
    0xFF, 0xFF, 0x00, 0x00, 0xBF, 0xFF, 0xF0, 0x00, 0x01, 0xFF, 0xFD, 0x00, 0x00, 0x00, 0x50, 0x00,
    0x00, 0x00, 0x3F, 0xD0, 0x0B, 0xFD, 0x00, 0x3F, 0xC0, 0x1F, 0xF8, 0x00, 0x7F, 0xC0, 0x3F, 0xF0,
    0x00, 0xBF, 0xC0, 0xFF, 0xC0, 0x00, 0xFF, 0x82, 0xFF, 0x40, 0x00, 0xFF, 0x43, 0xFE, 0x00, 0x00,
    0xFF, 0x0F, 0xFC, 0x00, 0x01, 0xFF, 0x2F, 0xF0, 0x00, 0x02, 0xFE, 0x7F, 0xC0, 0x00, 0x2B, 0xFF,
    0xFF, 0xEA, 0x00, 0x3F, 0xFF, 0xFF, 0xFF, 0x00, 0x7F, 0xFF, 0xFF, 0xFE, 0x00, 0x0B, 0xFF, 0xFF,
    0xC0, 0x00, 0x0B, 0xFC, 0x7F, 0xC0, 0x00, 0x0F, 0xF4, 0x3F, 0xD0, 0x00, 0x0F, 0xF4, 0x3F, 0xE0,
    0x00, 0x1F, 0xF0, 0x2F, 0xF0, 0x00, 0x1F, 0xF0, 0x1F, 0xF4, 0x00, 0x2F, 0xE0, 0x0F, 0xF8, 0x00,
    0x3F, 0xD0, 0x0F, 0xFC, 0x00, 0x3F, 0xC0, 0x0B, 0xFC, 0x00, 0x0B, 0xFF, 0xFF, 0xFF, 0x43, 0xFF,
    0xFF, 0xFF, 0xD1, 0xFF, 0xFF, 0xFF, 0xF0, 0x7F, 0xFF, 0xFF, 0xF8, 0x00, 0x0B, 0xF8, 0x00, 0x00,
    0x03, 0xFD, 0x70, 0x00, 0x00, 0xFF, 0xFE, 0x00, 0x00, 0x7F, 0xFD, 0x00, 0x00, 0x2F, 0xF8, 0x00,
    0x00, 0x0F, 0xF8, 0x00, 0x00, 0x1F, 0xFD, 0x20, 0x00, 0x2F, 0xFF, 0xBE, 0x00, 0x2F, 0xFF, 0xFE,
    0x00, 0x02, 0x2F, 0xFD, 0x00, 0x00, 0x0F, 0xF8, 0x00, 0x00, 0x0B, 0xFD, 0x00, 0x00, 0x1F, 0xFF,
    0x00, 0x00, 0x2F, 0xFF, 0xC0, 0x00, 0x03, 0x2F, 0xE0, 0x00, 0x00, 0x0F, 0xF4, 0x00, 0x00, 0x03,
    0xFC, 0x00, 0x00, 0x00, 0x00, 0x00, 0x00, 0x00, 0x00, 0x00, 0x00, 0x02, 0xFF, 0xFE, 0x40, 0x00,
    0x00, 0x00, 0x07, 0xFF, 0xFF, 0xFD, 0x00, 0x00, 0x00, 0x00, 0xFF, 0xFF, 0xFF, 0xE0, 0x00, 0x00,
    0x00, 0x1F, 0x95, 0xBF, 0xFE, 0x00, 0x00, 0x00, 0x00, 0x00, 0x01, 0xFF, 0xD0, 0x00, 0x00, 0x00,
    0x0F, 0xF0, 0x0F, 0xF8, 0x00, 0x00, 0x00, 0x03, 0xFC, 0x02, 0xFF, 0x00, 0x00, 0x00, 0x01, 0xFF,
    0x00, 0x3F, 0xC0, 0x00, 0x00, 0x00, 0xBF, 0x80, 0x0F, 0xF4, 0x00, 0x00, 0x00, 0x3F, 0xD0, 0x03,
    0xFD, 0x00, 0x00, 0x00, 0x0F, 0xF0, 0x00, 0xFF, 0x00, 0x00, 0x00, 0x07, 0xFC, 0x00, 0x7F, 0xC0,
    0x6F, 0xE4, 0x01, 0xFE, 0x00, 0x2F, 0xF0, 0xBF, 0xFF, 0x40, 0xBF, 0x80, 0x0F, 0xF8, 0xBF, 0xEF,
    0xF0, 0x3F, 0xD0, 0x0B, 0xFC, 0x3F, 0xC0, 0xFD, 0x0F, 0xF0, 0x07, 0xFE, 0x1F, 0xC0, 0x3F, 0x87,
    0xFC, 0x0B, 0xFF, 0x0B, 0xF0, 0x0F, 0xE2, 0xFF, 0xAF, 0xFF, 0x43, 0xFC, 0x07, 0xF4, 0xFF, 0xFF,
    0xFF, 0x40, 0xFF, 0x97, 0xFC, 0x3F, 0xFF, 0xFE, 0x00, 0x7F, 0xFF, 0xFD, 0x0F, 0xFF, 0xE4, 0x00,
    0x2F, 0xEF, 0xFD, 0x00, 0x00, 0x00, 0x00, 0x0B, 0xF0, 0x50, 0x00, 0x00, 0x00, 0x00, 0x03, 0xF8,
    0x00, 0x00, 0x00, 0x00, 0x00, 0x00, 0xFE, 0x00, 0x00, 0x00, 0x00, 0x00, 0x00, 0x7F, 0x40, 0x00,
    0x00, 0x00, 0x00, 0x00, 0x2F, 0xC0, 0x00, 0x00, 0x00, 0x00, 0x00, 0x0F, 0xF0, 0x00, 0x00, 0x00,
    0x00, 0x00, 0x03, 0xF8, 0x00, 0x00, 0x00, 0x00, 0x00, 0x00, 0x00, 0x00, 0x00, 0x00, 0x01, 0xFF,
    0xD0, 0x00, 0x00, 0x0B, 0xFF, 0xF4, 0x00, 0x00, 0x1F, 0xFF, 0xFC, 0x00, 0x00, 0x3F, 0xF2, 0xFC,
    0x00, 0x00, 0x7F, 0xC1, 0xFC, 0x00, 0x00, 0x7F, 0xC1, 0xFC, 0x00, 0x00, 0xBF, 0xC3, 0xFC, 0x00,
    0x00, 0xBF, 0xC3, 0xF8, 0x00, 0x00, 0x7F, 0xCB, 0xF0, 0x00, 0x00, 0x7F, 0xEF, 0xD0, 0x00, 0x00,
    0x3F, 0xFF, 0x80, 0x00, 0x00, 0x3F, 0xFF, 0x00, 0x00, 0x00, 0x1F, 0xFC, 0x00, 0x00, 0x08, 0x0F,
    0xF8, 0x00, 0x00, 0x3C, 0x1F, 0xFC, 0x00, 0x00, 0xBD, 0x3F, 0xFC, 0x00, 0x01, 0xFE, 0xFF, 0xFD,
    0x00, 0x03, 0xFF, 0xF7, 0xFE, 0x00, 0x0F, 0xEF, 0xE2, 0xFE, 0x00, 0x2F, 0x4F, 0x82, 0xFF, 0x00,
    0x7E, 0x0B, 0x01, 0xFF, 0x00, 0x00, 0x04, 0x01, 0xFF, 0x00, 0x00, 0x00, 0x02, 0xFF, 0x00, 0x00,
    0x00, 0x03, 0xFE, 0x00, 0x00, 0x00, 0x5B, 0xFD, 0x00, 0x00, 0x00, 0xFF, 0xFC, 0x00, 0x00, 0x00,
    0xFF, 0xF0, 0x00, 0x00, 0x00, 0xFF, 0x80, 0x00, 0x00, 0x7F, 0xFE, 0x40, 0x00, 0x0B, 0xFF, 0xFF,
    0x40, 0x00, 0xFF, 0xFF, 0xFC, 0x00, 0x0F, 0xFA, 0xFF, 0xE0, 0x01, 0xFF, 0x02, 0xFF, 0x00, 0xFF,
    0xFF, 0xFF, 0xFD, 0x1F, 0xFF, 0xFF, 0xFF, 0xD0, 0x3F, 0xC0, 0x1F, 0xE0, 0x17, 0xFD, 0x57, 0xFE,
    0x43, 0xFF, 0xFF, 0xFF, 0xF8, 0x2F, 0xFE, 0xAF, 0xFE, 0x40, 0xFF, 0x47, 0xFF, 0x40, 0x0F, 0xFF,
    0xFF, 0xE0, 0x01, 0xFF, 0xFF, 0xF4, 0x00, 0x1F, 0xFF, 0xF8, 0x00, 0x02, 0xFE, 0x50, 0x00, 0x00,
    0x3F, 0xD0, 0x00, 0x00, 0x03, 0xFC, 0x00, 0x00, 0x00, 0x7F, 0xC0, 0x00, 0x00, 0x0B, 0xF8, 0x00,
    0x00, 0x00, 0xFF, 0x40, 0x00, 0x00, 0x00, 0x00, 0x00, 0x00, 0x50, 0x00, 0x00, 0x00, 0x0F, 0xC0,
    0x00, 0x00, 0x07, 0xFF, 0xF9, 0x00, 0x02, 0xFF, 0xFF, 0xFE, 0x00, 0x3F, 0xFF, 0xFF, 0xF4, 0x03,
    0xFF, 0xFF, 0xBF, 0xC0, 0x3F, 0xFD, 0xF8, 0x05, 0x01, 0xFF, 0xC3, 0xE0, 0x00, 0x0F, 0xFC, 0x0F,
    0x40, 0x00, 0x7F, 0xE0, 0x7C, 0x00, 0x02, 0xFF, 0x02, 0xF0, 0x00, 0x0F, 0xF8, 0x0F, 0xEA, 0xA8,
    0x3F, 0xD0, 0x3F, 0xFF, 0xF1, 0xFF, 0x41, 0xFF, 0xFF, 0x87, 0xFC, 0x0B, 0xFF, 0xFD, 0x1F, 0xF0,
    0x2F, 0x0F, 0xF0, 0x7F, 0xD0, 0xF8, 0x7F, 0xC0, 0xFF, 0x83, 0xD2, 0xFE, 0x03, 0xFF, 0x5F, 0x0F,
    0xF8, 0x07, 0xFF, 0xFD, 0xBF, 0xD0, 0x0F, 0xFF, 0xFF, 0xFF, 0x00, 0x0F, 0xFF, 0xFF, 0xFC, 0x00,
    0x07, 0xFF, 0xFF, 0x80, 0x00, 0x01, 0xF4, 0x00, 0x00, 0x00, 0x0B, 0xC0, 0x00, 0x00, 0x00, 0x00,
    0x00, 0x00, 0x00, 0x00, 0x00, 0x07, 0xFE, 0x00, 0x00, 0x00, 0x03, 0xFF, 0xC0, 0x00, 0x00, 0x01,
    0xFF, 0xF0, 0x00, 0x00, 0x00, 0xFF, 0xFC, 0x00, 0x00, 0x00, 0x7F, 0xFF, 0x00, 0x00, 0x00, 0x3F,
    0xEF, 0xD0, 0x00, 0x00, 0x1F, 0xE7, 0xF4, 0x00, 0x00, 0x0F, 0xF5, 0xFD, 0x00, 0x03, 0xFF, 0xFF,
    0xFF, 0xFF, 0x01, 0xFF, 0xFF, 0xFF, 0xFF, 0xC0, 0x02, 0xFF, 0x07, 0xFC, 0x00, 0x00, 0xFF, 0x40,
    0xFF, 0x00, 0x0B, 0xFF, 0xFF, 0xFF, 0xFC, 0x03, 0xFF, 0xFF, 0xFF, 0xFF, 0x00, 0x6F, 0xF5, 0x57,
    0xFD, 0x40, 0x0F, 0xF4, 0x00, 0xFF, 0x00, 0x07, 0xFC, 0x00, 0x3F, 0xD0, 0x03, 0xFD, 0x00, 0x0B,
    0xF4, 0x01, 0xFF, 0x00, 0x02, 0xFE, 0x00, 0xFF, 0x80, 0x00, 0xBF, 0x80, 0xBF, 0xC0, 0x00, 0x1F,
    0xE0, 0x00, 0x00, 0x00, 0x00, 0x00, 0x00, 0x00, 0xBF, 0xFD, 0x00, 0x00, 0xBF, 0xFF, 0xF8, 0x00,
    0x07, 0xFF, 0xFF, 0xE0, 0x00, 0x3F, 0xAB, 0xFF, 0x00, 0x01, 0x40, 0x0F, 0xF0, 0x00, 0x00, 0x00,
    0xFF, 0x00, 0x00, 0x00, 0x1F, 0xF0, 0x1A, 0xAA, 0xAB, 0xFF, 0x83, 0xFF, 0xFF, 0xFF, 0xFC, 0x1A,
    0xBF, 0xFF, 0xFA, 0x40, 0x0F, 0xFF, 0xFC, 0x00, 0x17, 0xFF, 0xFE, 0x55, 0x0B, 0xFF, 0xFF, 0xFF,
    0xF0, 0xBF, 0xFF, 0xFF, 0xFE, 0x02, 0xFE, 0x00, 0x00, 0x00, 0x3F, 0xD0, 0x00, 0x00, 0x03, 0xFE,
    0x00, 0x05, 0x00, 0x2F, 0xF9, 0x5B, 0xE0, 0x00, 0xFF, 0xFF, 0xFE, 0x00, 0x07, 0xFF, 0xFF, 0xE0,
    0x00, 0x1F, 0xFF, 0xF4, 0x00, 0x00, 0x01, 0x40, 0x00, 0x00, 0x00, 0x00, 0x00, 0x00, 0x00, 0x00,
    0x00, 0x0B, 0xC0, 0x00, 0x00, 0x0B, 0xFF, 0xE4, 0x00, 0x02, 0xFF, 0xFF, 0xFC, 0x00, 0x3F, 0xFF,
    0xFF, 0xD0, 0x03, 0xFF, 0xFF, 0xBF, 0x00, 0x3F, 0xF8, 0xBC, 0x14, 0x01, 0xFF, 0x83, 0xE0, 0x00,
    0x0F, 0xFC, 0x0F, 0x40, 0x00, 0x7F, 0xD0, 0x7C, 0x00, 0x02, 0xFF, 0x02, 0xF0, 0x00, 0x0F, 0xF8,
    0x0F, 0xC0, 0x00, 0x3F, 0xD0, 0x3E, 0x00, 0x00, 0xFF, 0x40, 0xF4, 0x00, 0x03, 0xFC, 0x07, 0xC0,
    0x00, 0x0F, 0xF0, 0x2F, 0x00, 0x00, 0x3F, 0xD0, 0xF8, 0x00, 0x00, 0xFF, 0x83, 0xE0, 0x00, 0x03,
    0xFF, 0x4F, 0x41, 0x00, 0x07, 0xFF, 0xFE, 0xBC, 0x00, 0x0F, 0xFF, 0xFF, 0xF0, 0x00, 0x0F, 0xFF,
    0xFF, 0xC0, 0x00, 0x07, 0xFF, 0xF9, 0x00, 0x00, 0x01, 0xF4, 0x00, 0x00, 0x00, 0x0B, 0xC0, 0x00,
    0x00, 0x00, 0x05, 0x00, 0x00, 0x00, 0x00, 0x01, 0x40, 0x05, 0x40, 0x00, 0x03, 0xF0, 0x07, 0xF0,
    0x00, 0x02, 0xFC, 0x03, 0xF8, 0x00, 0x00, 0xFE, 0x01, 0xFD, 0x00, 0x02, 0xFF, 0xFF, 0xFF, 0xFF,
    0x07, 0xFF, 0xFF, 0xFF, 0xFF, 0xC1, 0xFF, 0xFF, 0xFF, 0xFF, 0xF0, 0x1B, 0xFD, 0x5F, 0xF9, 0x50,
    0x02, 0xFE, 0x03, 0xFD, 0x00, 0x00, 0xFF, 0x40, 0xFF, 0x00, 0x00, 0x3F, 0xC0, 0x7F, 0xC0, 0x00,
    0x1F, 0xF0, 0x2F, 0xE0, 0x00, 0x0B, 0xF8, 0x0F, 0xF4, 0x00, 0x03, 0xFD, 0x03, 0xFC, 0x00, 0x00,
    0xFF, 0x41, 0xFF, 0x00, 0x00, 0x3F, 0xC0, 0x7F, 0xC0, 0x00, 0x1F, 0xF0, 0x2F, 0xF4, 0x40, 0x0B,
    0xF8, 0x07, 0xFF, 0xF4, 0x03, 0xFD, 0x00, 0xFF, 0xFD, 0x00, 0xFF, 0x00, 0x1F, 0xFF, 0x00, 0x00,
    0x00, 0x00, 0x14, 0x00, 0x00, 0x00, 0x00, 0x00, 0x00, 0x00, 0x00, 0x00, 0x00, 0x0B, 0xFF, 0xE0,
    0x00, 0x00, 0x07, 0xFF, 0xFF, 0xC0, 0x00, 0x00, 0xFF, 0xFF, 0xFC, 0x00, 0x00, 0x3F, 0xFE, 0xBF,
    0x40, 0x00, 0x03, 0xFE, 0x00, 0x10, 0x00, 0x00, 0x7F, 0xC0, 0x00, 0x00, 0x00, 0x07, 0xFC, 0x00,
    0x00, 0x00, 0x00, 0x7F, 0xE0, 0x00, 0x00, 0x00, 0x03, 0xFF, 0x80, 0x00, 0x00, 0x00, 0x1F, 0xFF,
    0x00, 0x00, 0x00, 0x00, 0xBF, 0xFD, 0x00, 0x00, 0x00, 0x01, 0xFF, 0xF0, 0x00, 0x00, 0x00, 0x03,
    0xFF, 0x80, 0x00, 0x00, 0x00, 0x0F, 0xFC, 0x01, 0xA4, 0x68, 0x29, 0x3F, 0xC0, 0x7F, 0xDF, 0xEF,
    0xF3, 0xFC, 0x0B, 0x3F, 0x7F, 0xAF, 0x3F, 0xC0, 0xBB, 0xE2, 0xF1, 0xFB, 0xF4, 0x03, 0xFE, 0x7E,
    0x1F, 0xFF, 0x00, 0x1F, 0xFF, 0xFF, 0xFF, 0x80, 0x00, 0xBF, 0xFF, 0xFF, 0xD0, 0x00, 0x0F, 0x4B,
    0xD7, 0xD0, 0x00, 0x00, 0xF4, 0xB8, 0x7C, 0x00, 0x00, 0x05, 0x01, 0x01, 0x40, 0x00, 0x00, 0x0B,
    0xFF, 0xFF, 0xFF, 0x03, 0xFF, 0xFF, 0xFF, 0xC1, 0xFF, 0xFF, 0xFF, 0xF0, 0x7F, 0xFF, 0xFF, 0xF8,
    0x00, 0x00, 0x00, 0x00, 0x00, 0x00, 0x00, 0x00, 0x03, 0xFF, 0xFF, 0xFF, 0xC1, 0xFF, 0xFF, 0xFF,
    0xF0, 0xBF, 0xFF, 0xFF, 0xF8, 0x1A, 0xAF, 0xFA, 0xA8, 0x00, 0x03, 0xFD, 0x00, 0x00, 0x01, 0xFF,
    0x00, 0x00, 0x00, 0xBF, 0xC0, 0x00, 0x00, 0x3F, 0xE0, 0x00, 0x00, 0x0F, 0xF4, 0x00, 0x00, 0x03,
    0xFC, 0x00, 0x00, 0x01, 0xFF, 0x00, 0x00, 0x00, 0xBF, 0xC0, 0x00, 0x00, 0x3F, 0xE0, 0x00, 0x00,
    0x0F, 0xF4, 0x00, 0x00, 0x03, 0xFC, 0x00, 0x00, 0x00, 0x0B, 0xFF, 0xFF, 0xF4, 0x3F, 0xFF, 0xFF,
    0xD0, 0xFF, 0xFF, 0x55, 0x00, 0x1B, 0xFD, 0x00, 0x00, 0x0F, 0xF8, 0x00, 0xBF, 0xFF, 0xFF, 0x43,
    0xFF, 0xFF, 0xFD, 0x05, 0x57, 0xFE, 0x50, 0x00, 0x1F, 0xF4, 0x01, 0xAB, 0xFF, 0x80, 0x0B, 0xFF,
    0xF8, 0x00, 0x3F, 0xFE, 0x40, 0x00, 0xFF, 0x80, 0x00, 0x01, 0xFF, 0x00, 0x00, 0x03, 0xFD, 0x00,
    0x00, 0x07, 0xFC, 0x00, 0x00, 0x0F, 0xF4, 0x00, 0x00, 0x2F, 0xF0, 0x00, 0x00, 0x3F, 0xD0, 0x00,
    0x00, 0xBF, 0xC0, 0x00, 0x00, 0xFF, 0x40, 0x00, 0x00, 0x2F, 0xD0, 0x00, 0x00, 0x3F, 0xC0, 0x00,
    0x00, 0x3F, 0xC0, 0x10, 0x00, 0x7F, 0xDB, 0xE0, 0x00, 0xBF, 0xFF, 0xE0, 0x06, 0xFF, 0xFE, 0x40,
    0x1F, 0xFF, 0x40, 0x00, 0x2F, 0xFF, 0x06, 0x80, 0x01, 0xFF, 0xFF, 0x80, 0x02, 0xFF, 0xFF, 0x40,
    0x3F, 0xFF, 0x90, 0x00, 0x7F, 0xFC, 0x00, 0x00, 0xA7, 0xFC, 0x00, 0xFE, 0x07, 0xF8, 0x02, 0xFE,
    0x0B, 0xF4, 0x03, 0xFC, 0x0F, 0xF4, 0x0B, 0xFC, 0x0F, 0xF0, 0x2F, 0xF4, 0x1F, 0xF6, 0xFF, 0xE0,
    0x2F, 0xFF, 0xFF, 0x80, 0x3F, 0xFF, 0xFD, 0x00, 0x3F, 0xFF, 0xE0, 0x00, 0x01, 0x50, 0x00, 0x00,
    0x00, 0x00, 0x00, 0x00, 0x00, 0x0F, 0xF0, 0x00, 0x00, 0x00, 0xFF, 0xF0, 0x00, 0x00, 0x0B, 0xC3,
    0xD0, 0x00, 0x00, 0x3E, 0x0F, 0x40, 0x00, 0x00, 0xFC, 0x3D, 0x00, 0x00, 0x03, 0xFF, 0xFF, 0xFF,
    0xF4, 0x0B, 0xFF, 0xFF, 0xFF, 0xF8, 0x0F, 0xFF, 0xFF, 0xFF, 0xF4, 0x0B, 0xFF, 0xFF, 0xFF, 0xE0,
    0x03, 0xD0, 0x00, 0x0F, 0x80, 0x1F, 0x09, 0x10, 0x2E, 0x00, 0x7C, 0xFD, 0xE0, 0xB4, 0x02, 0xFF,
    0xFF, 0xD7, 0xC0, 0x0F, 0xFA, 0xFB, 0xFE, 0x00, 0x3F, 0x43, 0x07, 0x90, 0x03, 0xFC, 0x00, 0x00,
    0x00, 0x7F, 0xF4, 0x00, 0x00, 0x00, 0xEB, 0xFE, 0xAD, 0x00, 0x00, 0x0F, 0xFF, 0xF0, 0x00, 0x00,
    0x2F, 0xFF, 0xC0, 0x00, 0x00, 0x1F, 0xFE, 0x00, 0x00, 0x00, 0x00, 0x00, 0x00, 0x00, 0x00, 0x00,
    0x00, 0x1F, 0xD0, 0x00, 0x00, 0x00, 0x00, 0x2F, 0xD0, 0x00, 0x00, 0x00, 0x00, 0x3F, 0xC0, 0x00,
    0x00, 0x00, 0x00, 0x3F, 0xC0, 0x00, 0x00, 0x00, 0x00, 0x7F, 0x80, 0x00, 0x00, 0x00, 0x00, 0xBF,
    0x40, 0x00, 0x00, 0x00, 0x6F, 0xFF, 0xF9, 0x00, 0x00, 0x0B, 0xFF, 0xFF, 0xFF, 0xC0, 0x00, 0x3F,
    0xFF, 0xFF, 0xFF, 0xF0, 0x00, 0xFF, 0xFF, 0xFF, 0xFF, 0xF8, 0x01, 0xFF, 0x82, 0xFD, 0x0F, 0xFC,
    0x03, 0xFE, 0x03, 0xFC, 0x07, 0xFC, 0x07, 0xFC, 0x03, 0xFC, 0x03, 0xFC, 0x0B, 0xF8, 0x07, 0xFC,
    0x03, 0xFC, 0x0F, 0xF4, 0x0B, 0xF8, 0x07, 0xFC, 0x0F, 0xF0, 0x0B, 0xF4, 0x0B, 0xF8, 0x0F, 0xF0,
    0x05, 0x50, 0x0B, 0xF8, 0x1F, 0xF0, 0x00, 0x00, 0x0F, 0xF4, 0x2F, 0xE0, 0x00, 0x00, 0x0F, 0xF0,
    0x3F, 0xD0, 0x00, 0x00, 0x1F, 0xF0, 0x3F, 0xC0, 0x00, 0x00, 0x2F, 0xE0, 0x00, 0x0B, 0xFF, 0xF9,
    0x00, 0x00, 0x3F, 0xFF, 0xFE, 0x00, 0x00, 0xFF, 0xFF, 0xFE, 0x00, 0x03, 0xFF, 0xFF, 0xFC, 0x00,
    0x1F, 0xF0, 0x2F, 0xF4, 0x00, 0xBF, 0x80, 0x3F, 0xD0, 0x03, 0xFD, 0x00, 0xFF, 0x40, 0x0F, 0xF0,
    0x07, 0xFC, 0x00, 0x7F, 0xC0, 0x3F, 0xF0, 0x06, 0xFF, 0x5B, 0xFF, 0x40, 0xBF, 0xFF, 0xFF, 0xF8,
    0x03, 0xFF, 0xFF, 0xFF, 0x80, 0x0F, 0xFF, 0xFF, 0xE4, 0x00, 0x1B, 0xFD, 0x50, 0x00, 0x00, 0x2F,
    0xE0, 0x00, 0x00, 0x06, 0xFF, 0xEA, 0x00, 0x00, 0x3F, 0xFF, 0xFC, 0x00, 0x00, 0xFF, 0xFF, 0xF0,
    0x00, 0x01, 0xBF, 0xD5, 0x00, 0x00, 0x02, 0xFE, 0x00, 0x00, 0x00, 0x0F, 0xF4, 0x00, 0x00, 0x00,
    0x00, 0x00, 0x00, 0xB0, 0x74, 0x00, 0x00, 0x00, 0xF0, 0xF0, 0x00, 0x00, 0x00, 0xF0, 0xF0, 0x00,
    0x00, 0x06, 0xFF, 0xF4, 0x00, 0x00, 0xBF, 0xFF, 0xFF, 0x00, 0x03, 0xFF, 0xFF, 0xFE, 0x00, 0x1F,
    0xFF, 0xFF, 0xFE, 0x00, 0x3F, 0xFF, 0x83, 0xD9, 0x00, 0xBF, 0xE7, 0x87, 0x80, 0x00, 0xFF, 0xCB,
    0x47, 0x40, 0x02, 0xFF, 0x0F, 0x0B, 0x40, 0x03, 0xFF, 0x0F, 0x0F, 0x00, 0x03, 0xFE, 0x00, 0x00,
    0x00, 0x03, 0xFD, 0x00, 0x00, 0x00, 0x03, 0xFD, 0x00, 0x00, 0x00, 0x03, 0xFD, 0x00, 0x00, 0x00,
    0x02, 0xFF, 0x00, 0x00, 0x00, 0x00, 0xFF, 0x00, 0x00, 0x00, 0x00, 0xBF, 0xC0, 0x00, 0x00, 0x00,
    0x2F, 0xF4, 0x00, 0x00, 0x1A, 0xAF, 0xFF, 0xFA, 0x80, 0x3F, 0xFF, 0xFF, 0xFF, 0x80, 0x3F, 0xFF,
    0xFF, 0xFF, 0x40, 0x7F, 0xFF, 0xFF, 0xFF, 0x00, 0x00, 0x00, 0xB0, 0xB0, 0x00, 0x00, 0x3C, 0x3C,
    0x00, 0x00, 0x0F, 0x0E, 0x00, 0x00, 0xFF, 0xFF, 0x80, 0x00, 0x3F, 0xFF, 0xF8, 0x00, 0x1F, 0xFF,
    0xFF, 0x80, 0x0B, 0xFF, 0xFF, 0xF0, 0x03, 0xFD, 0x0B, 0xFC, 0x00, 0xFF, 0x01, 0xFF, 0x00, 0x3F,
    0xC0, 0x7F, 0xC0, 0x1F, 0xE0, 0x3F, 0xE0, 0x0B, 0xFE, 0xBF, 0xF0, 0x03, 0xFF, 0xFF, 0xE0, 0x00,
    0xFF, 0xFF, 0xE0, 0x00, 0x3F, 0xFF, 0xFF, 0x00, 0x1F, 0xE0, 0x7F, 0xD0, 0x0B, 0xF4, 0x0F, 0xF8,
    0x03, 0xFC, 0x03, 0xFE, 0x00, 0xFF, 0x00, 0xFF, 0x80, 0x7F, 0xC0, 0xBF, 0xD0, 0x1F, 0xFA, 0xFF,
    0xF0, 0x0B, 0xFF, 0xFF, 0xF4, 0x03, 0xFF, 0xFF, 0xF4, 0x00, 0xFF, 0xFF, 0xD0, 0x00, 0x03, 0xC3,
    0xC0, 0x00, 0x00, 0xF0, 0xF0, 0x00, 0x00, 0x38, 0x38, 0x00, 0x00, 0x00, 0x00, 0x00, 0x00, 0x02,
    0xFF, 0x80, 0x00, 0xFF, 0xFF, 0x00, 0x1F, 0xFB, 0xF8, 0x02, 0xFD, 0x3F, 0xC0, 0x3F, 0xD2, 0xFC,
    0x03, 0xFD, 0x2F, 0xC0, 0x3F, 0xD3, 0xFC, 0x03, 0xFD, 0x3F, 0x80, 0x3F, 0xEF, 0xF0, 0x03, 0xFF,
    0xFC, 0x00, 0x3F, 0xFF, 0x00, 0x2F, 0xFF, 0x40, 0x07, 0xFF, 0xD0, 0x00, 0x7F, 0xFD, 0x00, 0x00,
    0x3F, 0xD0, 0x00, 0x03, 0xFD, 0x02, 0x90, 0x3F, 0xD0, 0xBD, 0x02, 0xFE, 0x0F, 0xD0, 0x0F, 0xFF,
    0xFC, 0x00, 0xBF, 0xFF, 0x40, 0x02, 0xFF, 0xD0, 0x00, 0x00, 0x40, 0x00, 0x3F, 0xFF, 0xF9, 0x00,
    0x00, 0xFB, 0xEA, 0xBF, 0x80, 0x03, 0x4B, 0x00, 0xEB, 0x80, 0x0D, 0x2C, 0x03, 0x8B, 0x00, 0x34,
    0xB0, 0x0E, 0x0E, 0x00, 0xD2, 0xC0, 0x38, 0x38, 0x03, 0x4B, 0x00, 0xE0, 0xE0, 0x0D, 0x2C, 0x03,
    0x87, 0x40, 0x34, 0xB0, 0x0E, 0x3C, 0x00, 0xD2, 0xC0, 0x3B, 0xC0, 0x03, 0x4B, 0xFF, 0xF8, 0x00,
    0x0D, 0x2F, 0xFA, 0xC0, 0x00, 0x34, 0xB1, 0xD3, 0xC0, 0x00, 0xD2, 0xC3, 0xC3, 0x80, 0x03, 0x4B,
    0x03, 0x4B, 0x00, 0x0D, 0x2C, 0x0B, 0x0F, 0x00, 0x34, 0xB0, 0x0E, 0x0D, 0x00, 0xD2, 0xC0, 0x1D,
    0x2C, 0x03, 0x4B, 0x00, 0x3C, 0x3C, 0x0E, 0xBC, 0x00, 0x3A, 0xF4, 0x3F, 0xF0, 0x00, 0xBF, 0xF0,
    0x00, 0x02, 0x00, 0x00, 0x00, 0x00, 0x00, 0x00, 0x3C, 0x00, 0x00, 0x00, 0x00, 0x00, 0x03, 0xD0,
    0x00, 0x00, 0x00, 0x00, 0x00, 0x7F, 0x00, 0x00, 0x00, 0x00, 0x00, 0x0B, 0xF0, 0x00, 0x00, 0x00,
    0x00, 0x01, 0xFF, 0xFF, 0xFF, 0xFF, 0xFF, 0xFF, 0xF7, 0xFF, 0xFF, 0xFF, 0xFF, 0xFF, 0xFF, 0xC2,
    0xFC, 0x00, 0x00, 0x00, 0x00, 0x00, 0x01, 0xFC, 0x00, 0x00, 0x00, 0x00, 0x00, 0x00, 0xF4, 0x00,
    0x00, 0x00, 0x00, 0x00, 0x00, 0xF0, 0x00, 0x00, 0x00, 0x00, 0x00, 0x00, 0x40, 0x00, 0x00, 0x00,
    0x00, 0x00, 0x10, 0x00, 0x00, 0x78, 0x00, 0x00, 0xFD, 0x00, 0x02, 0xFF, 0x00, 0x07, 0xFF, 0xC0,
    0x1F, 0xFF, 0xE0, 0x7E, 0x79, 0xFC, 0xF4, 0x78, 0x2D, 0x40, 0x78, 0x04, 0x00, 0x78, 0x00, 0x00,
    0x78, 0x00, 0x00, 0x78, 0x00, 0x00, 0x78, 0x00, 0x00, 0x78, 0x00, 0x00, 0x78, 0x00, 0x00, 0x78,
    0x00, 0x00, 0x78, 0x00, 0x00, 0x78, 0x00, 0x00, 0x78, 0x00, 0x00, 0x78, 0x00, 0x00, 0x78, 0x00,
    0x00, 0x78, 0x00, 0x00, 0x78, 0x00, 0x00, 0x78, 0x00, 0x00, 0x78, 0x00, 0x00, 0x78, 0x00, 0x00,
    0x78, 0x00, 0x00, 0x00, 0x00, 0x00, 0x01, 0x40, 0x00, 0x00, 0x00, 0x00, 0x00, 0x0B, 0x40, 0x00,
    0x00, 0x00, 0x00, 0x00, 0x0F, 0x40, 0x00, 0x00, 0x00, 0x00, 0x00, 0x1F, 0x80, 0x00, 0x00, 0x00,
    0x00, 0x00, 0x3F, 0xC2, 0xFF, 0xFF, 0xFF, 0xFF, 0xFF, 0xFF, 0xEB, 0xFF, 0xFF, 0xFF, 0xFF, 0xFF,
    0xFF, 0x80, 0x00, 0x00, 0x00, 0x00, 0x0F, 0xF0, 0x00, 0x00, 0x00, 0x00, 0x00, 0xBE, 0x00, 0x00,
    0x00, 0x00, 0x00, 0x03, 0xD0, 0x00, 0x00, 0x00, 0x00, 0x00, 0x2D, 0x00, 0x00, 0x00, 0x00, 0x00,
    0x00, 0x50, 0x00, 0x00, 0x24, 0x00, 0x00, 0x78, 0x00, 0x00, 0x78, 0x00, 0x00, 0x78, 0x00, 0x00,
    0x78, 0x00, 0x00, 0x78, 0x00, 0x00, 0x78, 0x00, 0x00, 0x78, 0x00, 0x00, 0x78, 0x00, 0x00, 0x78,
    0x00, 0x00, 0x78, 0x00, 0x00, 0x78, 0x00, 0x00, 0x78, 0x00, 0x00, 0x78, 0x00, 0x00, 0x78, 0x00,
    0x00, 0x78, 0x00, 0x00, 0x78, 0x00, 0x00, 0x78, 0x00, 0x00, 0x78, 0x00, 0xD0, 0x78, 0x09, 0xFC,
    0x78, 0xBD, 0x3F, 0xBF, 0xF4, 0x0F, 0xFF, 0xD0, 0x03, 0xFF, 0x40, 0x01, 0xFE, 0x00, 0x00, 0xBC,
    0x00, 0x00, 0x34, 0x00, 0x00, 0x02, 0x00, 0x00, 0x00, 0x05, 0x00, 0x00, 0x00, 0x3C, 0x00, 0x00,
    0x00, 0x0F, 0x00, 0x00, 0x03, 0xD0, 0x00, 0x00, 0x00, 0x2F, 0x00, 0x00, 0x7F, 0x00, 0x00, 0x00,
    0x00, 0x3F, 0x00, 0x0B, 0xF0, 0x00, 0x00, 0x00, 0x00, 0x7F, 0x41, 0xFF, 0xFF, 0xFF, 0xFF, 0xFF,
    0xFF, 0xFF, 0xC7, 0xFF, 0xFF, 0xFF, 0xFF, 0xFF, 0xFF, 0xFF, 0x02, 0xFC, 0x00, 0x00, 0x00, 0x00,
    0x1F, 0xD0, 0x01, 0xFC, 0x00, 0x00, 0x00, 0x00, 0xFC, 0x00, 0x00, 0xF4, 0x00, 0x00, 0x00, 0x0B,
    0xC0, 0x00, 0x00, 0xF0, 0x00, 0x00, 0x00, 0x3C, 0x00, 0x00, 0x00, 0x40, 0x00, 0x00, 0x01, 0x40,
    0x00, 0x00, 0x34, 0x00, 0x00, 0xBC, 0x00, 0x01, 0xFE, 0x00, 0x03, 0xFF, 0x40, 0x0F, 0xFF, 0xD0,
    0x3F, 0xFF, 0xF4, 0xFD, 0x78, 0xBC, 0xE0, 0x78, 0x1D, 0x00, 0x78, 0x00, 0x00, 0x78, 0x00, 0x00,
    0x78, 0x00, 0x00, 0x78, 0x00, 0x00, 0x78, 0x00, 0x00, 0x78, 0x00, 0x00, 0x78, 0x00, 0x00, 0x78,
    0x00, 0x00, 0x78, 0x00, 0x00, 0x78, 0x00, 0x00, 0x78, 0x00, 0x00, 0x78, 0x00, 0x00, 0x78, 0x00,
    0x00, 0x78, 0x00, 0xD0, 0x78, 0x09, 0xF8, 0x78, 0xBD, 0x3F, 0xBF, 0xF4, 0x0F, 0xFF, 0xD0, 0x03,
    0xFF, 0x40, 0x01, 0xFE, 0x00, 0x00, 0xBC, 0x00, 0x00, 0x34, 0x00, 0x00, 0x00, 0x00, 0x00, 0x00,
    0x1F, 0x95, 0x50, 0x00, 0x00, 0x03, 0xFF, 0xFF, 0x00, 0x00, 0x00, 0xFF, 0xF9, 0x00, 0x00, 0x00,
    0x3F, 0xE0, 0x00, 0x00, 0x00, 0x0B, 0xFE, 0x00, 0x00, 0x00, 0x02, 0xE7, 0xE0, 0x00, 0x00, 0x00,
    0xB4, 0x7E, 0x00, 0x00, 0x00, 0x2C, 0x07, 0xE0, 0x00, 0x00, 0x0B, 0x00, 0x7E, 0x00, 0x00, 0x00,
    0x40, 0x07, 0xE0, 0x00, 0x00, 0x00, 0x00, 0x7E, 0x00, 0x00, 0x00, 0x00, 0x07, 0xE0, 0x00, 0x00,
    0x00, 0x00, 0x7E, 0x00, 0x00, 0x00, 0x00, 0x07, 0xE0, 0x00, 0x00, 0x00, 0x00, 0x7E, 0x00, 0x00,
    0x00, 0x00, 0x07, 0xE0, 0x00, 0x00, 0x00, 0x00, 0x7E, 0x00, 0x00, 0x00, 0x00, 0x07, 0xE0, 0x00,
    0x00, 0x00, 0x00, 0x78, 0x00, 0x00, 0x00, 0x00, 0x00, 0x00, 0x00, 0x00, 0x00, 0x00, 0x00, 0x00,
    0x00, 0x00, 0x55, 0x6B, 0xC0, 0x00, 0x00, 0x7F, 0xFF, 0xF0, 0x00, 0x00, 0x02, 0xFF, 0xF8, 0x00,
    0x00, 0x00, 0x03, 0xFD, 0x00, 0x00, 0x00, 0x03, 0xFF, 0x40, 0x00, 0x00, 0x03, 0xF3, 0xD0, 0x00,
    0x00, 0x03, 0xF0, 0xF4, 0x00, 0x00, 0x03, 0xF0, 0x2D, 0x00, 0x00, 0x03, 0xF0, 0x03, 0x40, 0x00,
    0x03, 0xF0, 0x00, 0x40, 0x00, 0x03, 0xF0, 0x00, 0x00, 0x00, 0x03, 0xF0, 0x00, 0x00, 0x00, 0x03,
    0xF0, 0x00, 0x00, 0x00, 0x03, 0xF0, 0x00, 0x00, 0x00, 0x03, 0xF0, 0x00, 0x00, 0x00, 0x03, 0xF0,
    0x00, 0x00, 0x00, 0x03, 0xF0, 0x00, 0x00, 0x00, 0x03, 0xF0, 0x00, 0x00, 0x00, 0x00, 0xF0, 0x00,
    0x00, 0x00, 0x00, 0x00, 0x00, 0x00, 0x00, 0x00, 0x00, 0x00, 0x00, 0x00, 0x00, 0x00, 0x0F, 0x00,
    0x00, 0x00, 0x00, 0x03, 0xF0, 0x00, 0x00, 0x00, 0x00, 0x3F, 0x00, 0x00, 0x00, 0x00, 0x03, 0xF0,
    0x00, 0x00, 0x00, 0x00, 0x3F, 0x00, 0x00, 0x00, 0x00, 0x03, 0xF0, 0x00, 0x00, 0x00, 0x00, 0x3F,
    0x00, 0x00, 0x00, 0x00, 0x03, 0xF0, 0x00, 0x00, 0x00, 0x00, 0x3F, 0x00, 0x00, 0x00, 0x00, 0x03,
    0xF0, 0x00, 0x40, 0x00, 0x00, 0x3F, 0x00, 0x34, 0x00, 0x00, 0x03, 0xF0, 0x2D, 0x00, 0x00, 0x00,
    0x3F, 0x0F, 0x40, 0x00, 0x00, 0x03, 0xF3, 0xD0, 0x00, 0x00, 0x00, 0x3F, 0xF4, 0x00, 0x00, 0x00,
    0x03, 0xFD, 0x00, 0x00, 0x00, 0x2F, 0xFF, 0x80, 0x00, 0x00, 0x7F, 0xFF, 0xF0, 0x00, 0x00, 0x05,
    0x56, 0xBC, 0x00, 0x00, 0x00, 0x00, 0x00, 0x00, 0x00, 0x00, 0x00, 0x00, 0x00, 0x00, 0x00, 0x00,
    0x00, 0x07, 0x80, 0x00, 0x00, 0x00, 0x07, 0xE0, 0x00, 0x00, 0x00, 0x07, 0xE0, 0x00, 0x00, 0x00,
    0x07, 0xE0, 0x00, 0x00, 0x00, 0x07, 0xE0, 0x00, 0x00, 0x00, 0x07, 0xE0, 0x00, 0x00, 0x00, 0x07,
    0xE0, 0x00, 0x00, 0x00, 0x07, 0xE0, 0x00, 0x00, 0x00, 0x07, 0xE0, 0x00, 0x00, 0x40, 0x07, 0xE0,
    0x00, 0x00, 0xB0, 0x07, 0xE0, 0x00, 0x00, 0x2C, 0x07, 0xE0, 0x00, 0x00, 0x0B, 0x47, 0xE0, 0x00,
    0x00, 0x02, 0xE7, 0xE0, 0x00, 0x00, 0x00, 0xBF, 0xE0, 0x00, 0x00, 0x00, 0x3F, 0xE0, 0x00, 0x00,
    0x00, 0x0F, 0xFF, 0x90, 0x00, 0x00, 0x03, 0xFF, 0xFF, 0x00, 0x00, 0x01, 0xF9, 0x55, 0x00, 0x00,
    0x00, 0x00, 0x00, 0x00, 0x00, 0x00, 0x00, 0x00, 0x02, 0x00, 0x00, 0x09, 0x00, 0x00, 0x00, 0x3C,
    0x00, 0x00, 0xF4, 0x00, 0x00, 0x03, 0xD0, 0x00, 0x07, 0xC0, 0x00, 0x00, 0x7F, 0x00, 0x00, 0x3D,
    0x00, 0x00, 0x0B, 0xF0, 0x00, 0x02, 0xF0, 0x00, 0x01, 0xFF, 0xFF, 0xFF, 0xFF, 0xFF, 0xFF, 0xF7,
    0xFF, 0xFF, 0xFF, 0xFF, 0xFF, 0xFF, 0xC2, 0xFC, 0x00, 0x03, 0xC0, 0x00, 0x00, 0x01, 0xFC, 0x00,
    0x2E, 0x00, 0x00, 0x00, 0x00, 0xF4, 0x01, 0xF0, 0x00, 0x00, 0x00, 0x00, 0xF0, 0x0F, 0x80, 0x00,
    0x00, 0x00, 0x00, 0x40, 0x14, 0x00, 0x00, 0x00, 0x00, 0x00, 0x00, 0x24, 0x01, 0x40, 0x00, 0x00,
    0x00, 0x03, 0xE0, 0x0B, 0x40, 0x00, 0x00, 0x00, 0x1F, 0x00, 0x0F, 0x40, 0x00, 0x00, 0x00, 0xF4,
    0x00, 0x1F, 0x80, 0x00, 0x00, 0x07, 0xC0, 0x00, 0x3F, 0xC2, 0xFF, 0xFF, 0xFF, 0xFF, 0xFF, 0xFF,
    0xEB, 0xFF, 0xFF, 0xFF, 0xFF, 0xFF, 0xFF, 0x80, 0x00, 0x0F, 0x40, 0x00, 0x0F, 0xF0, 0x00, 0x00,
    0xB8, 0x00, 0x00, 0xBE, 0x00, 0x00, 0x03, 0xC0, 0x00, 0x03, 0xD0, 0x00, 0x00, 0x3E, 0x00, 0x00,
    0x2D, 0x00, 0x00, 0x00, 0x50, 0x00, 0x00, 0x50, 0x00, 0x00, 0x00, 0x00, 0x00, 0x00, 0x00, 0x01,
    0xF4, 0x00, 0x00, 0x00, 0x00, 0x00, 0x07, 0xFF, 0xFD, 0x00, 0x00, 0x00, 0x00, 0x0F, 0xFF, 0xFC,
    0x00, 0x00, 0x00, 0x00, 0x3F, 0xD0, 0x00, 0x00, 0x7F, 0xD0, 0x00, 0xFF, 0xC0, 0x00, 0x0B, 0xFF,
    0xE0, 0x03, 0xEF, 0xC0, 0x00, 0xFD, 0x07, 0xF0, 0x0F, 0x1F, 0xC0, 0x1F, 0xC0, 0x03, 0xF0, 0x3C,
    0x1F, 0xD2, 0xFC, 0x00, 0x03, 0xF0, 0xD0, 0x0F, 0xFF, 0x80, 0x00, 0x03, 0xE2, 0x00, 0x0B, 0xE0,
    0x00, 0x00, 0x01, 0x00, 0x00, 0x00, 0x00, 0x00, 0x00, 0x00, 0x00, 0x00, 0x00, 0x00, 0x00, 0x00,
    0x06, 0xF0, 0x00, 0x00, 0x00, 0x00, 0xFF, 0xFF, 0x80, 0x00, 0x00, 0x00, 0x0B, 0xFF, 0xFE, 0x00,
    0x0B, 0xF4, 0x00, 0x00, 0x0F, 0xF4, 0x01, 0xFF, 0xFC, 0x00, 0x00, 0xFF, 0xD0, 0x1F, 0x81, 0xFD,
    0x00, 0x0B, 0xEF, 0x42, 0xF4, 0x00, 0xBE, 0x00, 0xBE, 0x3D, 0x2F, 0x40, 0x00, 0xBF, 0x0B, 0xE0,
    0x74, 0xF4, 0x00, 0x00, 0x7F, 0xFD, 0x00, 0xE1, 0x40, 0x00, 0x00, 0x2F, 0x90, 0x02, 0x00, 0x00,
    0x02, 0x00, 0x60, 0x00, 0x00, 0x00, 0x00, 0x3C, 0x07, 0xC0, 0x00, 0x00, 0x00, 0x03, 0xD0, 0x7D,
    0x00, 0x00, 0x00, 0x00, 0x7F, 0x0B, 0xE0, 0x00, 0x00, 0x00, 0x0B, 0xF0, 0xFF, 0x00, 0x00, 0x00,
    0x01, 0xFF, 0xFF, 0xFF, 0xFF, 0xFF, 0xFF, 0xF7, 0xFF, 0xFF, 0xFF, 0xFF, 0xFF, 0xFF, 0xC2, 0xFC,
    0x2F, 0xC0, 0x00, 0x00, 0x00, 0x01, 0xFC, 0x2F, 0x80, 0x00, 0x00, 0x00, 0x00, 0xF4, 0x1F, 0x40,
    0x00, 0x00, 0x00, 0x00, 0xF0, 0x1F, 0x00, 0x00, 0x00, 0x00, 0x00, 0x40, 0x14, 0x00, 0x00, 0x00,
    0x00, 0x10, 0x00, 0x00, 0x78, 0x00, 0x00, 0xFD, 0x00, 0x02, 0xFF, 0x00, 0x07, 0xFF, 0xC0, 0x1F,
    0xFF, 0xE0, 0x7E, 0x79, 0xFC, 0xF4, 0x7C, 0x2D, 0x40, 0xFD, 0x04, 0x03, 0xFF, 0x00, 0x0B, 0xFF,
    0xC0, 0x2F, 0xFF, 0xF0, 0xBE, 0x79, 0xFC, 0xE0, 0x78, 0x2D, 0x00, 0x78, 0x00, 0x00, 0x78, 0x00,
    0x00, 0x78, 0x00, 0x00, 0x78, 0x00, 0x00, 0x78, 0x00, 0x00, 0x78, 0x00, 0x00, 0x78, 0x00, 0x00,
    0x78, 0x00, 0x00, 0x78, 0x00, 0x00, 0x78, 0x00, 0x00, 0x78, 0x00, 0x00, 0x78, 0x00, 0x00, 0x78,
    0x00, 0x00, 0x00, 0x00, 0x14, 0x01, 0x40, 0x00, 0x00, 0x00, 0x00, 0x78, 0x0B, 0x40, 0x00, 0x00,
    0x00, 0x00, 0xF8, 0x0F, 0x40, 0x00, 0x00, 0x00, 0x01, 0xFC, 0x1F, 0x80, 0x00, 0x00, 0x00, 0x02,
    0xFD, 0x3F, 0xC2, 0xFF, 0xFF, 0xFF, 0xFF, 0xFF, 0xFF, 0xEB, 0xFF, 0xFF, 0xFF, 0xFF, 0xFF, 0xFF,
    0x80, 0x00, 0x00, 0x00, 0xBF, 0x4F, 0xF0, 0x00, 0x00, 0x00, 0x07, 0xF0, 0xBE, 0x00, 0x00, 0x00,
    0x00, 0x3E, 0x03, 0xD0, 0x00, 0x00, 0x00, 0x01, 0xE0, 0x2D, 0x00, 0x00, 0x00, 0x00, 0x05, 0x00,
    0x50, 0x00, 0x00, 0x24, 0x00, 0x00, 0x78, 0x00, 0x00, 0x78, 0x00, 0x00, 0x78, 0x00, 0x00, 0x78,
    0x00, 0x00, 0x78, 0x00, 0x00, 0x78, 0x00, 0x00, 0x78, 0x00, 0x00, 0x78, 0x00, 0x00, 0x78, 0x00,
    0x00, 0x78, 0x00, 0x00, 0x78, 0x00, 0x00, 0x78, 0x00, 0x80, 0x78, 0x05, 0xF8, 0x78, 0x7D, 0x7F,
    0xBE, 0xF8, 0x1F, 0xFF, 0xE0, 0x07, 0xFF, 0x80, 0x01, 0xFF, 0x00, 0xD0, 0xFC, 0x09, 0xF8, 0x78,
    0xBD, 0x3F, 0xBF, 0xF4, 0x0F, 0xFF, 0xD0, 0x03, 0xFF, 0x40, 0x01, 0xFE, 0x00, 0x00, 0xBC, 0x00,
    0x00, 0x34, 0x00, 0x00, 0x02, 0x00, 0x00, 0x00, 0x00, 0x64, 0x00, 0x3C, 0x00, 0x00, 0x00, 0x07,
    0xC0, 0x03, 0xD0, 0x00, 0x00, 0x00, 0x7C, 0x00, 0x7F, 0x00, 0x00, 0x00, 0x03, 0xD0, 0x0B, 0xF0,
    0x00, 0x00, 0x00, 0x3E, 0x01, 0xFF, 0xFF, 0xFF, 0xFF, 0xFF, 0xE0, 0x07, 0xFF, 0xFF, 0xFF, 0xFF,
    0xFF, 0x80, 0x02, 0xFC, 0x00, 0x00, 0x00, 0x0F, 0x80, 0x01, 0xFC, 0x00, 0x00, 0x00, 0x0F, 0x40,
    0x00, 0xF4, 0x00, 0x00, 0x00, 0x1F, 0x00, 0x00, 0xF0, 0x00, 0x00, 0x00, 0x1F, 0x00, 0x00, 0x40,
    0x00, 0x00, 0x00, 0x15, 0x24, 0x00, 0x00, 0x00, 0x01, 0x40, 0x00, 0xB8, 0x00, 0x00, 0x00, 0x0B,
    0x40, 0x00, 0xF8, 0x00, 0x00, 0x00, 0x0F, 0x40, 0x00, 0xF4, 0x00, 0x00, 0x00, 0x1F, 0x80, 0x00,
    0xF4, 0x00, 0x00, 0x00, 0x3F, 0xC0, 0x01, 0xFF, 0xFF, 0xFF, 0xFF, 0xFF, 0xE0, 0x07, 0xFF, 0xFF,
    0xFF, 0xFF, 0xFF, 0x80, 0x3D, 0x00, 0x00, 0x00, 0x0F, 0xF0, 0x03, 0xD0, 0x00, 0x00, 0x00, 0xBE,
    0x00, 0x3E, 0x00, 0x00, 0x00, 0x03, 0xD0, 0x02, 0xE0, 0x00, 0x00, 0x00, 0x2D, 0x00, 0x05, 0x00,
    0x00, 0x00, 0x00, 0x50, 0x00, 0x00, 0x02, 0x00, 0x00, 0x00, 0x00, 0x24, 0x00, 0x3C, 0x00, 0x00,
    0x00, 0x00, 0xF0, 0x03, 0xD0, 0x00, 0x00, 0x00, 0x03, 0xC0, 0x7F, 0x00, 0x00, 0x00, 0x00, 0x0F,
    0x0B, 0xF0, 0x00, 0x00, 0x00, 0x00, 0x7D, 0xFF, 0xFF, 0xFF, 0xFF, 0xFF, 0xFF, 0xF7, 0xFF, 0xFF,
    0xFF, 0xFF, 0xFF, 0xFF, 0xC2, 0xFC, 0x00, 0x00, 0x00, 0x00, 0x0F, 0x01, 0xFC, 0x00, 0x00, 0x00,
    0x00, 0x3C, 0x00, 0xF4, 0x00, 0x00, 0x00, 0x00, 0xF0, 0x00, 0xF0, 0x00, 0x00, 0x00, 0x03, 0xC0,
    0x00, 0x40, 0x00, 0x00, 0x00, 0x0F, 0x00, 0x10, 0x00, 0x00, 0x78, 0x00, 0x00, 0xFD, 0x00, 0x02,
    0xFF, 0x00, 0x07, 0xFF, 0xC0, 0x1F, 0xFF, 0xE0, 0x7E, 0x79, 0xFC, 0xF4, 0x78, 0x2D, 0x40, 0x78,
    0x04, 0x00, 0x78, 0x00, 0x00, 0x78, 0x00, 0x00, 0x78, 0x00, 0x00, 0x78, 0x00, 0x00, 0x78, 0x00,
    0x00, 0x78, 0x00, 0x00, 0x78, 0x00, 0x00, 0x78, 0x00, 0x00, 0x78, 0x00, 0x00, 0x78, 0x00, 0x00,
    0x78, 0x00, 0x00, 0x78, 0x00, 0x00, 0x78, 0x00, 0x00, 0x78, 0x00, 0x00, 0x78, 0x00, 0x00, 0x7C,
    0x00, 0xFF, 0xFF, 0xFD, 0xFF, 0xFF, 0xFD, 0x64, 0x00, 0x00, 0x00, 0x01, 0x40, 0x02, 0xE0, 0x00,
    0x00, 0x00, 0x0B, 0x40, 0x0B, 0x80, 0x00, 0x00, 0x00, 0x0F, 0x40, 0x2E, 0x00, 0x00, 0x00, 0x00,
    0x1F, 0x80, 0xB8, 0x00, 0x00, 0x00, 0x00, 0x3F, 0xC2, 0xFF, 0xFF, 0xFF, 0xFF, 0xFF, 0xFF, 0xEB,
    0xFF, 0xFF, 0xFF, 0xFF, 0xFF, 0xFF, 0xAE, 0x00, 0x00, 0x00, 0x00, 0x0F, 0xF0, 0xB8, 0x00, 0x00,
    0x00, 0x00, 0xBE, 0x02, 0xE0, 0x00, 0x00, 0x00, 0x03, 0xD0, 0x0B, 0x80, 0x00, 0x00, 0x00, 0x2D,
    0x00, 0x05, 0x00, 0x00, 0x00, 0x00, 0x50, 0x00, 0x00, 0x00, 0x00, 0xFF, 0xFF, 0xFD, 0xFF, 0xFF,
    0xFD, 0x00, 0x78, 0x00, 0x00, 0x78, 0x00, 0x00, 0x78, 0x00, 0x00, 0x78, 0x00, 0x00, 0x78, 0x00,
    0x00, 0x78, 0x00, 0x00, 0x78, 0x00, 0x00, 0x78, 0x00, 0x00, 0x78, 0x00, 0x00, 0x78, 0x00, 0x00,
    0x78, 0x00, 0x00, 0x78, 0x00, 0x00, 0x78, 0x00, 0x00, 0x78, 0x00, 0x00, 0x78, 0x00, 0x00, 0x78,
    0x00, 0x40, 0x78, 0x00, 0xF4, 0x78, 0x2D, 0xBE, 0x79, 0xFC, 0x1F, 0xFF, 0xF0, 0x0B, 0xFF, 0xC0,
    0x02, 0xFF, 0x00, 0x00, 0xFD, 0x00, 0x00, 0x78, 0x00, 0x00, 0x10, 0x00, 0x00, 0x34, 0x00, 0x00,
    0xBC, 0x00, 0x00, 0xFE, 0x00, 0x03, 0xFF, 0x40, 0x0F, 0xFF, 0xD0, 0x2F, 0xFF, 0xF4, 0xBD, 0x7C,
    0xBC, 0xE0, 0x7C, 0x1D, 0x00, 0x7C, 0x00, 0x00, 0x7C, 0x00, 0x00, 0x7C, 0x00, 0x00, 0x7C, 0x00,
    0x00, 0x7C, 0x00, 0x00, 0x7C, 0x00, 0x00, 0x7C, 0x00, 0x00, 0x7C, 0x00, 0x00, 0x7C, 0x00, 0x00,
    0x7C, 0x00, 0x00, 0x7C, 0x00, 0x00, 0x7C, 0x00, 0xD0, 0x7C, 0x09, 0xFC, 0x7C, 0xBD, 0x3F, 0xBF,
    0xF4, 0x0F, 0xFF, 0xD0, 0x03, 0xFF, 0x40, 0x01, 0xFE, 0x00, 0x00, 0xBC, 0x00, 0x00, 0x34, 0x00,
    0xFF, 0xFF, 0xFD, 0xFF, 0xFF, 0xFD, 0x00, 0x00, 0x00, 0x00, 0x0B, 0xFF, 0x90, 0x00, 0x00, 0x00,
    0x00, 0x0B, 0xFF, 0xF8, 0x00, 0x00, 0x00, 0x00, 0x00, 0x00, 0xBD, 0x00, 0x0B, 0x40, 0x00, 0x00,
    0x00, 0x2E, 0x00, 0x1F, 0x00, 0x00, 0x00, 0x00, 0x1F, 0x00, 0x7D, 0x00, 0x00, 0x00, 0x00, 0x1F,
    0x02, 0xFC, 0x00, 0x00, 0x00, 0x00, 0x2E, 0x0B, 0xF0, 0x00, 0x00, 0x00, 0x00, 0xBD, 0x7F, 0xFF,
    0xFF, 0xFF, 0xFF, 0xFF, 0xF8, 0x7F, 0xFF, 0xFF, 0xFF, 0xFF, 0xFF, 0x90, 0x0B, 0xF0, 0x00, 0x00,
    0x00, 0x00, 0x00, 0x01, 0xFC, 0x00, 0x00, 0x00, 0x00, 0x00, 0x00, 0x3D, 0x00, 0x00, 0x00, 0x00,
    0x00, 0x00, 0x0F, 0x00, 0x00, 0x00, 0x00, 0x00, 0x00, 0x01, 0x00, 0x00, 0x00, 0x00, 0x00, 0x02,
    0xFF, 0xF0, 0x00, 0x00, 0x00, 0x00, 0x1F, 0xFF, 0xF0, 0x00, 0x00, 0x00, 0x00, 0x3E, 0x40, 0x00,
    0x00, 0x00, 0x00, 0x00, 0x7C, 0x00, 0x00, 0x00, 0x00, 0xF0, 0x00, 0x78, 0x00, 0x00, 0x00, 0x00,
    0xB8, 0x00, 0x78, 0x00, 0x00, 0x00, 0x00, 0x3E, 0x00, 0x7C, 0x00, 0x00, 0x00, 0x00, 0x1F, 0xC0,
    0x3E, 0x40, 0x00, 0x00, 0x00, 0x0F, 0xF4, 0x1F, 0xFF, 0xFF, 0xFF, 0xFF, 0xFF, 0xFE, 0x02, 0xFF,
    0xFF, 0xFF, 0xFF, 0xFF, 0xFE, 0x00, 0x00, 0x00, 0x00, 0x00, 0x0F, 0xF0, 0x00, 0x00, 0x00, 0x00,
    0x00, 0x2F, 0x80, 0x00, 0x00, 0x00, 0x00, 0x00, 0x3D, 0x00, 0x00, 0x00, 0x00, 0x00, 0x00, 0xB4,
    0x00, 0x00, 0x00, 0x00, 0x00, 0x00, 0x50, 0x00, 0x00, 0x00, 0x00, 0x00, 0x00, 0x07, 0xF8, 0x00,
    0x00, 0x00, 0x00, 0x00, 0x03, 0xFF, 0xF0, 0x00, 0x00, 0x00, 0x00, 0x00, 0xBD, 0x0B, 0xC0, 0x00,
    0xB4, 0x00, 0x00, 0x0F, 0x00, 0x3C, 0x00, 0x1F, 0x00, 0x00, 0x01, 0xE0, 0x02, 0xD0, 0x07, 0xD0,
    0x00, 0x00, 0x2D, 0x00, 0x3D, 0x02, 0xF8, 0x00, 0x00, 0x02, 0xD0, 0x03, 0xC0, 0xBF, 0x00, 0x00,
    0x00, 0x2D, 0x01, 0xF8, 0x7F, 0xFF, 0xFF, 0xFF, 0xFF, 0xFF, 0xFF, 0x07, 0xFF, 0xFF, 0xFF, 0xFF,
    0xFF, 0xFE, 0x40, 0x0B, 0xF0, 0x00, 0x00, 0x02, 0xD0, 0x00, 0x00, 0x1F, 0xC0, 0x00, 0x00, 0x2D,
    0x00, 0x00, 0x00, 0x3D, 0x00, 0x00, 0x02, 0xD0, 0x00, 0x00, 0x00, 0xF0, 0x00, 0x00, 0x2D, 0x00,
    0x00, 0x00, 0x01, 0x00, 0x00, 0x01, 0x40, 0x00, 0x00, 0x02, 0xFD, 0x00, 0x00, 0x00, 0x00, 0x00,
    0x01, 0xFF, 0xF8, 0x00, 0x00, 0x00, 0x00, 0x00, 0x3E, 0x07, 0xD0, 0x00, 0x00, 0x00, 0x00, 0x07,
    0xC0, 0x1F, 0x00, 0x00, 0x01, 0xD0, 0x00, 0x78, 0x00, 0xF0, 0x00, 0x00, 0x0F, 0x40, 0x07, 0x80,
    0x0B, 0x40, 0x00, 0x00, 0x7D, 0x00, 0x7C, 0x00, 0xB4, 0x00, 0x00, 0x03, 0xF4, 0x03, 0xF4, 0x0B,
    0x80, 0x00, 0x00, 0x1F, 0xE0, 0x0F, 0xFF, 0xFF, 0xFF, 0xFF, 0xFF, 0xFF, 0xC0, 0x1B, 0xFF, 0xFF,
    0xFF, 0xFF, 0xFF, 0xFC, 0x00, 0x00, 0xB8, 0x00, 0x00, 0x01, 0xFD, 0x00, 0x00, 0x0B, 0x80, 0x00,
    0x00, 0x3F, 0x00, 0x00, 0x00, 0xB8, 0x00, 0x00, 0x0B, 0xC0, 0x00, 0x00, 0x0B, 0x80, 0x00, 0x00,
    0xF0, 0x00, 0x00, 0x00, 0x14, 0x00, 0x00, 0x14, 0x00, 0x00, 0x00, 0x0B, 0x40, 0x00, 0x00, 0x00,
    0x3C, 0x00, 0x00, 0x07, 0xC0, 0x00, 0x00, 0x00, 0x07, 0xC0, 0x00, 0x07, 0xD0, 0x00, 0x2F, 0x40,
    0x00, 0xFC, 0x00, 0x0B, 0xE0, 0x00, 0x3F, 0xF4, 0x00, 0x1F, 0xC0, 0x0F, 0xF0, 0x00, 0x1F, 0x1F,
    0x00, 0x02, 0xFD, 0x1F, 0xFF, 0xF4, 0x0F, 0x03, 0xC0, 0x3F, 0xFF, 0xE7, 0xFF, 0xFE, 0x03, 0xC0,
    0x78, 0x0F, 0xFF, 0xF8, 0x2F, 0xC3, 0xC3, 0xD0, 0x0F, 0x4B, 0x4B, 0xF0, 0x01, 0xFC, 0x7F, 0xF0,
    0x01, 0xFF, 0xC7, 0xE0, 0x00, 0x0F, 0x47, 0xE0, 0x00, 0x1F, 0x83, 0xE0, 0x00, 0x00, 0xF0, 0x00,
    0x00, 0x00, 0x02, 0xD0, 0x00, 0x00, 0x04, 0x00, 0x00, 0x00, 0x00, 0x50, 0x00, 0x00, 0x02, 0x00,
    0x00, 0x18, 0x05, 0x00, 0x00, 0x00, 0x3C, 0x00, 0x01, 0xF0, 0x0F, 0x00, 0x00, 0x03, 0xD0, 0x00,
    0x0F, 0x40, 0x2F, 0x00, 0x00, 0x7F, 0x00, 0x00, 0x7C, 0x00, 0x3F, 0x00, 0x0B, 0xF0, 0x00, 0x03,
    0xD0, 0x00, 0x7F, 0x41, 0xFF, 0xFF, 0xFF, 0xFF, 0xFF, 0xFF, 0xFF, 0xC7, 0xFF, 0xFF, 0xFF, 0xFF,
    0xFF, 0xFF, 0xFF, 0x02, 0xFC, 0x00, 0x0B, 0x80, 0x00, 0x1F, 0xD0, 0x01, 0xFC, 0x00, 0x3C, 0x00,
    0x00, 0xFC, 0x00, 0x00, 0xF4, 0x02, 0xE0, 0x00, 0x0B, 0xC0, 0x00, 0x00, 0xF0, 0x1F, 0x00, 0x00,
    0x3C, 0x00, 0x00, 0x00, 0x40, 0x54, 0x00, 0x01, 0x40, 0x00, 0x00, 0x00, 0x00, 0x00, 0x00, 0x2D,
    0x00, 0x00, 0x00, 0x3D, 0x00, 0x00, 0x00, 0x7C, 0x00, 0x00, 0x00, 0xB8, 0x00, 0x00, 0x00, 0xF4,
    0x00, 0x00, 0x00, 0xF0, 0x00, 0x00, 0x02, 0xE0, 0x00, 0x00, 0x03, 0xD0, 0x00, 0x7C, 0x03, 0xC0,
    0x07, 0xF8, 0x07, 0xC0, 0x7F, 0xF0, 0x0F, 0x47, 0xFF, 0xE0, 0x0F, 0xBF, 0xE7, 0xD0, 0x1F, 0xFE,
    0x07, 0xC0, 0x2F, 0xE0, 0x0F, 0x40, 0x3E, 0x00, 0x1F, 0x00, 0x60, 0x00, 0x2E, 0x00, 0x00, 0x00,
    0x3C, 0x00, 0x00, 0x80, 0xBC, 0x00, 0x01, 0xD0, 0xF4, 0x00, 0x00, 0xF1, 0xF0, 0x00, 0x00, 0xBF,
    0xE0, 0x00, 0x00, 0x3F, 0xEB, 0xF0, 0x00, 0x3F, 0xFF, 0xD0, 0x00, 0x2F, 0xFD, 0x00, 0x00, 0x1F,
    0xD0, 0x00, 0x00, 0x1E, 0x00, 0x00, 0x00, 0x00, 0x00, 0x00, 0x00, 0x06, 0x00, 0x00, 0x00, 0x7C,
    0x00, 0x00, 0x07, 0xD0, 0x00, 0x00, 0x7E, 0x00, 0x00, 0x0B, 0xF0, 0x00, 0x01, 0xFF, 0xFF, 0xFF,
    0xE7, 0xFF, 0xFF, 0xFF, 0x82, 0xFC, 0x00, 0x1E, 0x01, 0xF8, 0x00, 0x78, 0x01, 0xF4, 0x01, 0xE0,
    0x01, 0xF0, 0x07, 0x80, 0x01, 0x80, 0x1E, 0x00, 0x00, 0x00, 0x78, 0x00, 0x00, 0x01, 0xE0, 0x00,
    0x00, 0x07, 0x80, 0x00, 0x00, 0x1E, 0x00, 0x00, 0x00, 0x78, 0x00, 0x00, 0x01, 0xE0, 0x00, 0x00,
    0x07, 0x80, 0x00, 0x00, 0x1E, 0x00, 0x00, 0x00, 0x78, 0x00, 0x00, 0x01, 0xE0, 0x00, 0x00, 0x07,
    0x80, 0x00, 0x00, 0x1E, 0x00, 0x00, 0x00, 0x78, 0x00, 0x00, 0x01, 0xE0, 0x00, 0x00, 0x01, 0x40,
    0x00, 0x02, 0x00, 0x00, 0x00, 0x0F, 0x00, 0x00, 0x00, 0x1F, 0x40, 0x00, 0x00, 0x2F, 0x40, 0x00,
    0x00, 0x3F, 0x82, 0xFF, 0xFF, 0xFF, 0xDB, 0xFF, 0xFF, 0xFF, 0x6D, 0x00, 0x0F, 0xE0, 0xB4, 0x00,
    0xFD, 0x02, 0xD0, 0x07, 0xD0, 0x0B, 0x40, 0x3D, 0x00, 0x2D, 0x00, 0x90, 0x00, 0xB4, 0x00, 0x00,
    0x02, 0xD0, 0x00, 0x00, 0x0B, 0x40, 0x00, 0x00, 0x2D, 0x00, 0x00, 0x00, 0xB4, 0x00, 0x00, 0x02,
    0xD0, 0x00, 0x00, 0x0B, 0x40, 0x00, 0x00, 0x2D, 0x00, 0x00, 0x00, 0xB4, 0x00, 0x00, 0x02, 0xD0,
    0x00, 0x00, 0x0B, 0x40, 0x00, 0x00, 0x2D, 0x00, 0x00, 0x00, 0xB4, 0x00, 0x00, 0x02, 0xD0, 0x00,
    0x00, 0x05, 0x00, 0x00, 0x00, 0x00, 0x00, 0x00, 0x00, 0x78, 0x00, 0x00, 0x01, 0xE0, 0x00, 0x00,
    0x07, 0x80, 0x00, 0x00, 0x1E, 0x00, 0x00, 0x00, 0x78, 0x00, 0x00, 0x01, 0xE0, 0x00, 0x00, 0x07,
    0x80, 0x00, 0x00, 0x1E, 0x00, 0x00, 0x00, 0x78, 0x00, 0x00, 0x01, 0xE0, 0x00, 0x00, 0x07, 0x80,
    0x00, 0x00, 0x1E, 0x00, 0x00, 0x00, 0x78, 0x00, 0x00, 0x01, 0xE0, 0x00, 0x00, 0x07, 0x80, 0x01,
    0x80, 0x1E, 0x00, 0x1F, 0x00, 0x78, 0x01, 0xF4, 0x01, 0xE0, 0x1F, 0x80, 0x07, 0x82, 0xFC, 0x00,
    0x1E, 0x7F, 0xFF, 0xFF, 0xF9, 0xFF, 0xFF, 0xFF, 0xE0, 0xBF, 0x00, 0x00, 0x00, 0x7E, 0x00, 0x00,
    0x00, 0x7D, 0x00, 0x00, 0x00, 0x7C, 0x00, 0x00, 0x00, 0x10, 0x00, 0x00, 0xB4, 0x00, 0x00, 0x02,
    0xD0, 0x00, 0x00, 0x0B, 0x40, 0x00, 0x00, 0x2D, 0x00, 0x00, 0x00, 0xB4, 0x00, 0x00, 0x02, 0xD0,
    0x00, 0x00, 0x0B, 0x40, 0x00, 0x00, 0x2D, 0x00, 0x00, 0x00, 0xB4, 0x00, 0x00, 0x02, 0xD0, 0x00,
    0x00, 0x0B, 0x40, 0x00, 0x00, 0x2D, 0x00, 0x00, 0x00, 0xB4, 0x00, 0x00, 0x02, 0xD0, 0x00, 0x00,
    0x0B, 0x40, 0x00, 0x00, 0x2D, 0x00, 0x80, 0x00, 0xB4, 0x03, 0xC0, 0x02, 0xD0, 0x07, 0xD0, 0x0B,
    0x40, 0x0F, 0xD0, 0x2D, 0x00, 0x0F, 0xE0, 0xBF, 0xFF, 0xFF, 0xF6, 0xFF, 0xFF, 0xFF, 0xD0, 0x00,
    0x03, 0xF8, 0x00, 0x00, 0x3F, 0x40, 0x00, 0x01, 0xF0, 0x00, 0x00, 0x0F, 0x00, 0x00, 0x00, 0x10,
    0x00, 0x00, 0x00, 0x00, 0x00, 0x00, 0x0B, 0xFF, 0xFF, 0xFD, 0x00, 0xBF, 0xFF, 0xFF, 0xD0, 0x00,
    0x00, 0x00, 0x2D, 0x00, 0x00, 0x00, 0x02, 0xD0, 0x00, 0x00, 0x00, 0x2D, 0x00, 0x00, 0x00, 0x02,
    0xD0, 0x00, 0x00, 0x50, 0x2D, 0x02, 0x00, 0x07, 0xD2, 0xD2, 0xF0, 0x00, 0x2F, 0xBE, 0xFD, 0x00,
    0x00, 0xBF, 0xFF, 0x00, 0x00, 0x02, 0xFF, 0xC0, 0x00, 0x00, 0x0B, 0xF4, 0x00, 0x00, 0x00, 0x3E,
    0x00, 0x00, 0x00, 0x01, 0xC0, 0x00, 0x00, 0x00, 0x00, 0x78, 0x00, 0x00, 0x01, 0xE0, 0x00, 0x00,
    0x07, 0x80, 0x00, 0x00, 0x1E, 0x00, 0x00, 0x00, 0x78, 0x00, 0x00, 0x01, 0xE0, 0x00, 0x60, 0x07,
    0x80, 0x07, 0xC0, 0x1E, 0x00, 0x7D, 0x00, 0x78, 0x07, 0xE0, 0x01, 0xE0, 0xBF, 0x00, 0x07, 0x9F,
    0xFF, 0xFF, 0xFE, 0x7F, 0xFF, 0xFF, 0xF8, 0x2F, 0xC0, 0x00, 0x00, 0x1F, 0x80, 0x00, 0x00, 0x1F,
    0x40, 0x00, 0x00, 0x1F, 0x00, 0x00, 0x00, 0x04, 0x00, 0x00, 0x00, 0x00, 0x00, 0x00, 0x00, 0x00,
    0x00, 0x00, 0x00, 0x00, 0x02, 0xFF, 0xF8, 0x00, 0x00, 0x00, 0x00, 0x02, 0xFF, 0xFF, 0xFC, 0x00,
    0x00, 0x00, 0x01, 0xFE, 0x40, 0x1B, 0xF8, 0x00, 0x00, 0x00, 0xBE, 0x00, 0x00, 0x0B, 0xE0, 0x00,
    0x00, 0x1F, 0x40, 0x00, 0x00, 0x1F, 0x80, 0x20, 0x03, 0xD0, 0x00, 0x00, 0x00, 0x3D, 0x03, 0xC0,
    0xF8, 0x00, 0x00, 0x00, 0x01, 0xF0, 0x1F, 0x1F, 0x01, 0x00, 0x00, 0x00, 0x0F, 0x40, 0xFF, 0xE7,
    0xF0, 0x00, 0x00, 0x00, 0x7C, 0x03, 0xFF, 0xFD, 0x00, 0x00, 0x00, 0x03, 0xC0, 0x2F, 0xFE, 0x00,
    0x00, 0x00, 0x00, 0x2D, 0x01, 0xFF, 0x40, 0x00, 0x00, 0x00, 0x02, 0xD0, 0x0F, 0xC0, 0x00, 0x00,
    0x00, 0x00, 0x14, 0x00, 0xB0, 0x00, 0x00, 0x00, 0x00, 0x00, 0x00, 0x00, 0x00, 0x00, 0x00, 0x00,
    0x00, 0x00, 0x00, 0x00, 0x00, 0x00, 0x00, 0x00, 0x00, 0x00, 0x00, 0x01, 0xBF, 0xF9, 0x00, 0x00,
    0x00, 0x00, 0x02, 0xFF, 0xFF, 0xFD, 0x00, 0x00, 0x00, 0x00, 0xFF, 0x40, 0x0B, 0xFC, 0x00, 0x00,
    0x00, 0x7F, 0x40, 0x00, 0x07, 0xF0, 0x00, 0x00, 0x0F, 0x80, 0x00, 0x00, 0x0F, 0xC0, 0x00, 0x03,
    0xE0, 0x00, 0x00, 0x00, 0x3E, 0x00, 0x90, 0xBC, 0x00, 0x00, 0x00, 0x00, 0xF4, 0x2D, 0x0F, 0x40,
    0x00, 0x00, 0x04, 0x0B, 0xCB, 0xC1, 0xF0, 0x00, 0x00, 0x00, 0xBE, 0x7E, 0xF0, 0x2D, 0x00, 0x00,
    0x00, 0x02, 0xFF, 0xFE, 0x03, 0xC0, 0x00, 0x00, 0x00, 0x07, 0xFF, 0xC0, 0x3C, 0x00, 0x00, 0x00,
    0x00, 0x0B, 0xF8, 0x01, 0x40, 0x00, 0x00, 0x00, 0x00, 0x2F, 0x40, 0x00, 0x00, 0x00, 0x00, 0x00,
    0x00, 0xB0, 0x00, 0x00, 0x00, 0x00, 0x00, 0x00, 0x00, 0x00, 0x00, 0x00, 0x00, 0x00, 0x00, 0x2F,
    0xFF, 0xFF, 0xFF, 0xFC, 0x0B, 0xFF, 0xFF, 0xFF, 0xFF, 0x00, 0x00, 0x00, 0x00, 0x00, 0x00, 0x7E,
    0x95, 0x40, 0x00, 0x00, 0x0F, 0xFF, 0xFC, 0x00, 0x00, 0x03, 0xFF, 0xE4, 0x00, 0x00, 0x00, 0xFF,
    0x80, 0x00, 0x00, 0x00, 0x2F, 0xF8, 0x00, 0x00, 0x00, 0x0B, 0x9F, 0x80, 0x00, 0x00, 0x02, 0xD1,
    0xF8, 0x00, 0x00, 0x00, 0xB0, 0x1F, 0x80, 0x00, 0x00, 0x2C, 0x01, 0xF8, 0x00, 0x00, 0x01, 0x00,
    0x1F, 0x80, 0x00, 0x00, 0x00, 0x01, 0xF8, 0x00, 0x00, 0x00, 0x00, 0x1F, 0x80, 0x00, 0x00, 0x00,
    0x01, 0xF8, 0x00, 0x00, 0x00, 0x00, 0x1F, 0x80, 0x00, 0x00, 0x00, 0x01, 0xF8, 0x00, 0x00, 0x00,
    0x00, 0x1F, 0x80, 0x00, 0x00, 0x00, 0x01, 0xF8, 0x00, 0x00, 0x00, 0x00, 0x1F, 0x80, 0x00, 0x00,
    0x00, 0x01, 0xE0, 0x00, 0x00, 0x00, 0x00, 0x00, 0x64, 0x00, 0x20, 0x00, 0x00, 0x00, 0x02, 0xE0,
    0x03, 0xC0, 0x00, 0x00, 0x00, 0x0B, 0x80, 0x3E, 0x00, 0x00, 0x00, 0x00, 0x2E, 0x07, 0xF0, 0x00,
    0x00, 0x00, 0x00, 0xB8, 0xBF, 0x40, 0x00, 0x00, 0x00, 0x02, 0xFF, 0xFF, 0xFF, 0xFF, 0xFF, 0xFF,
    0xFB, 0xFF, 0xFF, 0xFF, 0xFF, 0xFF, 0xFF, 0xEE, 0x2F, 0xC0, 0x00, 0x00, 0x00, 0x00, 0xB8, 0x1F,
    0xC0, 0x00, 0x00, 0x00, 0x02, 0xE0, 0x0F, 0x80, 0x00, 0x00, 0x00, 0x0B, 0x80, 0x0F, 0x00, 0x00,
    0x00, 0x00, 0x05, 0x00, 0x04, 0x00, 0x00, 0x00, 0x00, 0x00, 0x00, 0x00, 0x00, 0x14, 0x00, 0x24,
    0x00, 0x00, 0x00, 0x00, 0xB4, 0x00, 0xF0, 0x00, 0x00, 0x00, 0x00, 0xF4, 0x03, 0xC0, 0x00, 0x00,
    0x00, 0x02, 0xF8, 0x0F, 0x00, 0x00, 0x00, 0x00, 0x03, 0xFC, 0x3E, 0xFF, 0xFF, 0xFF, 0xFF, 0xFF,
    0xFE, 0xFB, 0xFF, 0xFF, 0xFF, 0xFF, 0xFF, 0xFB, 0xC0, 0x00, 0x00, 0x00, 0x00, 0xFF, 0x0F, 0x00,
    0x00, 0x00, 0x00, 0x0B, 0xE0, 0x3C, 0x00, 0x00, 0x00, 0x00, 0x3D, 0x00, 0xF0, 0x00, 0x00, 0x00,
    0x02, 0xD0, 0x03, 0xC0, 0x00, 0x00, 0x00, 0x05, 0x00, 0x05, 0x00, 0x00, 0x00, 0x00, 0x0E, 0x40,
    0x00, 0x00, 0x00, 0x00, 0x00, 0x0F, 0xFE, 0xA4, 0x00, 0x04, 0x00, 0x00, 0x0F, 0xFF, 0xFC, 0x00,
    0x7C, 0x00, 0x00, 0x0F, 0xF9, 0x40, 0x00, 0xF8, 0x00, 0x00, 0x0F, 0xFC, 0x00, 0x03, 0xE0, 0x00,
    0x00, 0x0F, 0xBF, 0x00, 0x0B, 0xC0, 0x00, 0x00, 0x0F, 0x4F, 0x40, 0x0F, 0x40, 0x00, 0x00, 0x0F,
    0x0B, 0xC0, 0x1F, 0x00, 0x00, 0x00, 0x0E, 0x03, 0xC0, 0x2D, 0x00, 0x00, 0x00, 0x08, 0x02, 0xE0,
    0x3C, 0x00, 0x00, 0x00, 0x00, 0x01, 0xE0, 0x3C, 0x00, 0x00, 0x00, 0x00, 0x01, 0xF0, 0x3C, 0x00,
    0x00, 0x00, 0x00, 0x00, 0xF0, 0x3C, 0x00, 0x00, 0x00, 0x00, 0x01, 0xF0, 0x3C, 0x00, 0x00, 0x00,
    0x00, 0x01, 0xE0, 0x2D, 0x00, 0x00, 0x00, 0x00, 0x02, 0xD0, 0x1F, 0x00, 0x00, 0x00, 0x00, 0x03,
    0xC0, 0x0F, 0x40, 0x00, 0x00, 0x00, 0x0B, 0xC0, 0x07, 0xC0, 0x00, 0x00, 0x00, 0x0F, 0x00, 0x03,
    0xE0, 0x00, 0x00, 0x00, 0x3E, 0x00, 0x00, 0xF8, 0x00, 0x00, 0x00, 0xFC, 0x00, 0x00, 0x7F, 0x40,
    0x00, 0x07, 0xF0, 0x00, 0x00, 0x0F, 0xF9, 0x01, 0xBF, 0x80, 0x00, 0x00, 0x01, 0xFF, 0xFF, 0xFD,
    0x00, 0x00, 0x00, 0x00, 0x1B, 0xFF, 0x90, 0x00, 0x00, 0x00, 0x00, 0x78, 0x00, 0x00, 0x00, 0x00,
    0x0A, 0xBF, 0xF8, 0x00, 0x00, 0x00, 0x00, 0x2F, 0xFF, 0xF4, 0x00, 0x00, 0x04, 0x00, 0x00, 0x5F,
    0xF4, 0x00, 0x00, 0x3E, 0x00, 0x00, 0x2F, 0xF4, 0x00, 0x00, 0x1F, 0x80, 0x00, 0x7D, 0xF4, 0x00,
    0x00, 0x07, 0xD0, 0x00, 0xF8, 0xF4, 0x00, 0x00, 0x02, 0xF0, 0x01, 0xF0, 0xB4, 0x00, 0x00, 0x00,
    0xF4, 0x03, 0xD0, 0x38, 0x00, 0x00, 0x00, 0x7C, 0x03, 0xC0, 0x20, 0x00, 0x00, 0x00, 0x3C, 0x07,
    0xC0, 0x00, 0x00, 0x00, 0x00, 0x3D, 0x07, 0x80, 0x00, 0x00, 0x00, 0x00, 0x2D, 0x07, 0x80, 0x00,
    0x00, 0x00, 0x00, 0x2D, 0x07, 0x80, 0x00, 0x00, 0x00, 0x00, 0x2D, 0x03, 0xC0, 0x00, 0x00, 0x00,
    0x00, 0x2D, 0x03, 0xC0, 0x00, 0x00, 0x00, 0x00, 0x3C, 0x02, 0xD0, 0x00, 0x00, 0x00, 0x00, 0x7C,
    0x01, 0xF0, 0x00, 0x00, 0x00, 0x00, 0xF4, 0x00, 0xF8, 0x00, 0x00, 0x00, 0x01, 0xF0, 0x00, 0x7D,
    0x00, 0x00, 0x00, 0x07, 0xD0, 0x00, 0x1F, 0x40, 0x00, 0x00, 0x1F, 0x80, 0x00, 0x0B, 0xE0, 0x00,
    0x00, 0xBE, 0x00, 0x00, 0x01, 0xFE, 0x40, 0x1B, 0xF4, 0x00, 0x00, 0x00, 0x2F, 0xFF, 0xFF, 0x80,
    0x00, 0x00, 0x00, 0x01, 0xBF, 0xE4, 0x00, 0x00, 0x00, 0x02, 0x00, 0x00, 0x00, 0x00, 0x00, 0x00,
    0x3C, 0x00, 0x00, 0x00, 0x00, 0x00, 0x03, 0xD0, 0x00, 0x00, 0x00, 0x00, 0x00, 0x7F, 0x00, 0x00,
    0x00, 0x00, 0x00, 0x0B, 0xF0, 0x00, 0x00, 0x00, 0x00, 0x01, 0xFF, 0xFF, 0xFF, 0xFF, 0xFF, 0xFF,
    0xFB, 0xFF, 0xFF, 0xFF, 0xFF, 0xFF, 0xFF, 0xC0, 0x00, 0x00, 0x00, 0x00, 0x00, 0x00, 0x02, 0xFF,
    0xFF, 0xFF, 0xFF, 0xFF, 0xFF, 0xF7, 0xFF, 0xFF, 0xFF, 0xFF, 0xFF, 0xFF, 0xC2, 0xFC, 0x00, 0x00,
    0x00, 0x00, 0x00, 0x01, 0xFC, 0x00, 0x00, 0x00, 0x00, 0x00, 0x00, 0xF4, 0x00, 0x00, 0x00, 0x00,
    0x00, 0x00, 0xF0, 0x00, 0x00, 0x00, 0x00, 0x00, 0x00, 0x40, 0x00, 0x00, 0x00, 0x00, 0x10, 0x00,
    0x78, 0x00, 0x7C, 0x00, 0x7F, 0x00, 0x7F, 0x80, 0x7F, 0xE0, 0x7A, 0xF8, 0x78, 0x3C, 0x78, 0x04,
    0x78, 0x00, 0x78, 0x00, 0x78, 0x00, 0x78, 0x00, 0x78, 0x00, 0x78, 0x00, 0x78, 0x00, 0x78, 0x00,
    0x78, 0x00, 0x78, 0x00, 0x78, 0x00, 0x78, 0x00, 0x78, 0x00, 0x78, 0x00, 0x78, 0x00, 0x78, 0x00,
    0x78, 0x00, 0x78, 0x00, 0x00, 0x14, 0x01, 0xE0, 0x0F, 0x80, 0xBE, 0x07, 0xF8, 0x7F, 0xE7, 0xE7,
    0xBD, 0x1E, 0x40, 0x78, 0x01, 0xE0, 0x07, 0x80, 0x1E, 0x00, 0x78, 0x01, 0xE0, 0x07, 0x80, 0x1E,
    0x00, 0x78, 0x01, 0xE0, 0x07, 0x80, 0x1E, 0x00, 0x78, 0x01, 0xE0, 0x07, 0x80, 0x1E, 0x00, 0x78,
    0x01, 0xE0, 0x07, 0x80, 0x00, 0x00, 0x00, 0x00, 0x01, 0x40, 0x00, 0x00, 0x00, 0x00, 0x00, 0x0B,
    0x40, 0x00, 0x00, 0x00, 0x00, 0x00, 0x0F, 0x80, 0x00, 0x00, 0x00, 0x00, 0x00, 0x1F, 0x80, 0x00,
    0x00, 0x00, 0x00, 0x00, 0x3F, 0xC2, 0xFF, 0xFF, 0xFF, 0xFF, 0xFF, 0xFF, 0xEB, 0xFF, 0xFF, 0xFF,
    0xFF, 0xFF, 0xFF, 0xC0, 0x00, 0x00, 0x00, 0x00, 0x00, 0x00, 0x02, 0xFF, 0xFF, 0xFF, 0xFF, 0xFF,
    0xFF, 0xFB, 0xFF, 0xFF, 0xFF, 0xFF, 0xFF, 0xFF, 0x80, 0x00, 0x00, 0x00, 0x00, 0x0F, 0xF0, 0x00,
    0x00, 0x00, 0x00, 0x00, 0xBE, 0x00, 0x00, 0x00, 0x00, 0x00, 0x03, 0xD0, 0x00, 0x00, 0x00, 0x00,
    0x00, 0x2D, 0x00, 0x00, 0x00, 0x00, 0x00, 0x00, 0x50, 0x00, 0x24, 0x00, 0x78, 0x00, 0x78, 0x00,
    0x78, 0x00, 0x78, 0x00, 0x78, 0x00, 0x78, 0x00, 0x78, 0x00, 0x78, 0x00, 0x78, 0x00, 0x78, 0x00,
    0x78, 0x00, 0x78, 0x00, 0x78, 0x00, 0x78, 0x00, 0x78, 0x00, 0x78, 0x00, 0x78, 0x00, 0x78, 0x00,
    0x78, 0x08, 0x78, 0xBC, 0x7F, 0xF4, 0x7F, 0xD0, 0x7F, 0x40, 0x7E, 0x00, 0x7C, 0x00, 0x74, 0x00,
    0x00, 0x24, 0x01, 0xE0, 0x07, 0x80, 0x1E, 0x00, 0x78, 0x01, 0xE0, 0x07, 0x80, 0x1E, 0x00, 0x78,
    0x01, 0xE0, 0x07, 0x80, 0x1E, 0x00, 0x78, 0x01, 0xE0, 0x07, 0x80, 0x1E, 0x00, 0x78, 0x01, 0xE0,
    0x07, 0xB4, 0x1E, 0xFC, 0x78, 0xFE, 0xE0, 0xFF, 0x80, 0xFE, 0x01, 0xF8, 0x02, 0xE0, 0x03, 0x80,
    0x00, 0x00, 0x00, 0x00, 0x01, 0x40, 0x00, 0x00, 0x00, 0x00, 0x00, 0x0B, 0x40, 0x00, 0x00, 0x00,
    0x00, 0x00, 0x0F, 0x40, 0x00, 0x00, 0x00, 0x00, 0x00, 0x1F, 0x80, 0x00, 0x00, 0x00, 0x00, 0x00,
    0x3F, 0xC2, 0xFF, 0xFF, 0xFF, 0xFF, 0xFF, 0xFF, 0xEB, 0xFF, 0xFF, 0xFF, 0xFF, 0xFF, 0xFF, 0x80,
    0x00, 0x00, 0x00, 0x00, 0x0F, 0xF0, 0x00, 0x00, 0x00, 0x00, 0x00, 0xBE, 0x00, 0x00, 0x00, 0x00,
    0x00, 0x03, 0xD0, 0x00, 0x00, 0x00, 0x00, 0x00, 0x2D, 0x00, 0x00, 0x00, 0x00, 0x00, 0x00, 0x50,
    0x00, 0x00, 0x02, 0x00, 0x00, 0x00, 0x00, 0x00, 0x00, 0x3C, 0x00, 0x00, 0x00, 0x00, 0x00, 0x03,
    0xD0, 0x00, 0x00, 0x00, 0x00, 0x00, 0x7F, 0x00, 0x00, 0x00, 0x00, 0x00, 0x0B, 0xF0, 0x00, 0x00,
    0x00, 0x00, 0x01, 0xFF, 0xFF, 0xFF, 0xFF, 0xFF, 0xFF, 0xF7, 0xFF, 0xFF, 0xFF, 0xFF, 0xFF, 0xFF,
    0xC2, 0xFC, 0x00, 0x00, 0x00, 0x00, 0x00, 0x01, 0xFC, 0x00, 0x00, 0x00, 0x00, 0x00, 0x00, 0xF4,
    0x00, 0x00, 0x00, 0x00, 0x00, 0x00, 0xF0, 0x00, 0x00, 0x00, 0x00, 0x00, 0x00, 0x40, 0x00, 0x00,
    0x00, 0x00, 0x00, 0x10, 0x00, 0x00, 0xA0, 0x00, 0x01, 0xE0, 0x00, 0x03, 0xC0, 0x00, 0x0F, 0xD0,
    0x00, 0x0F, 0x00, 0x00, 0xBF, 0xC0, 0x00, 0x3C, 0x00, 0x07, 0xFF, 0xC0, 0x00, 0xF0, 0x00, 0x7F,
    0xFF, 0x80, 0x03, 0xC0, 0x07, 0xE7, 0x9F, 0xC0, 0x0F, 0x00, 0x3D, 0x1E, 0x0B, 0x40, 0x3C, 0x00,
    0x40, 0x78, 0x04, 0x00, 0xF0, 0x00, 0x01, 0xE0, 0x00, 0x03, 0xC0, 0x00, 0x07, 0x80, 0x00, 0x0F,
    0x00, 0x00, 0x1E, 0x00, 0x00, 0x3C, 0x00, 0x00, 0x78, 0x00, 0x00, 0xF0, 0x00, 0x01, 0xE0, 0x00,
    0x03, 0xC0, 0x00, 0x07, 0x80, 0x00, 0x0F, 0x00, 0x00, 0x1E, 0x00, 0x00, 0x3C, 0x00, 0x00, 0x78,
    0x00, 0x00, 0xF0, 0x00, 0x01, 0xE0, 0x00, 0x03, 0xC0, 0x00, 0x07, 0x80, 0x00, 0x0F, 0x00, 0x00,
    0x1E, 0x00, 0x90, 0x3C, 0x06, 0x00, 0x78, 0x02, 0xF4, 0xF1, 0xF8, 0x01, 0xE0, 0x02, 0xFB, 0xEF,
    0x80, 0x07, 0x80, 0x02, 0xFF, 0xF8, 0x00, 0x1E, 0x00, 0x03, 0xFF, 0x80, 0x00, 0x78, 0x00, 0x03,
    0xFC, 0x00, 0x01, 0xE0, 0x00, 0x07, 0xD0, 0x00, 0x07, 0x80, 0x00, 0x0A, 0x00, 0x00, 0x00, 0x0B,
    0x40, 0x00, 0x00, 0x00, 0x00, 0x00, 0x7C, 0x00, 0x00, 0x00, 0x00, 0x00, 0x07, 0xD0, 0x00, 0x00,
    0x00, 0x00, 0x00, 0xBE, 0x00, 0x00, 0x00, 0x00, 0x00, 0x0B, 0xF0, 0x00, 0x00, 0x00, 0x00, 0x01,
    0xFF, 0xFF, 0xFF, 0xFF, 0xFF, 0xFF, 0xF7, 0xFF, 0xFF, 0xFF, 0xFF, 0xFF, 0xFF, 0xC2, 0xFC, 0x00,
    0x00, 0x00, 0x00, 0x00, 0x01, 0xFC, 0x00, 0x00, 0x00, 0x00, 0x00, 0x00, 0xF4, 0x00, 0x00, 0x00,
    0x00, 0x00, 0x00, 0xF0, 0x00, 0x00, 0x00, 0x00, 0x00, 0x00, 0x40, 0x00, 0x00, 0x90, 0x00, 0x00,
    0x00, 0x00, 0x00, 0x02, 0xD0, 0x00, 0x00, 0x00, 0x00, 0x00, 0x03, 0xE0, 0x00, 0x00, 0x00, 0x00,
    0x00, 0x07, 0xE0, 0x00, 0x00, 0x00, 0x00, 0x00, 0x0F, 0xF0, 0xBF, 0xFF, 0xFF, 0xFF, 0xFF, 0xFF,
    0xFA, 0xFF, 0xFF, 0xFF, 0xFF, 0xFF, 0xFF, 0xE0, 0x00, 0x00, 0x00, 0x00, 0x03, 0xFC, 0x00, 0x00,
    0x00, 0x00, 0x00, 0x2F, 0x80, 0x00, 0x00, 0x00, 0x00, 0x00, 0xF4, 0x00, 0x00, 0x00, 0x00, 0x00,
    0x0B, 0x40, 0x00, 0x00, 0x00, 0x00, 0x00, 0x14, 0x00, 0x00, 0x00, 0x0B, 0x40, 0x00, 0x00, 0x00,
    0x00, 0x00, 0x7C, 0x00, 0x00, 0x00, 0x00, 0x00, 0x07, 0xD0, 0x00, 0x00, 0x00, 0x00, 0x00, 0xBE,
    0x00, 0x00, 0x00, 0x00, 0x00, 0x0B, 0xF0, 0x00, 0x00, 0x00, 0x00, 0x01, 0xFF, 0xFF, 0xFF, 0xFF,
    0xFF, 0xFF, 0xF7, 0xFF, 0xFF, 0xFF, 0xFF, 0xFF, 0xFF, 0xC2, 0xFC, 0x00, 0x00, 0x00, 0x00, 0x00,
    0x01, 0xFC, 0x00, 0x00, 0x00, 0x00, 0x00, 0x00, 0xF4, 0x00, 0x00, 0x00, 0x00, 0x00, 0x00, 0xF0,
    0x00, 0x00, 0x00, 0x00, 0x00, 0x01, 0xD0, 0x00, 0x00, 0x00, 0x00, 0x00, 0x0F, 0x00, 0x00, 0x00,
    0x00, 0x00, 0x00, 0xF4, 0x00, 0x00, 0x00, 0x00, 0x00, 0x1F, 0xC0, 0x00, 0x00, 0x00, 0x00, 0x02,
    0xFC, 0x00, 0x00, 0x00, 0x00, 0x00, 0x7F, 0xFF, 0xFF, 0xFF, 0xFF, 0xFF, 0xFD, 0xFF, 0xFF, 0xFF,
    0xFF, 0xFF, 0xFF, 0xF0, 0xBF, 0x00, 0x00, 0x00, 0x00, 0x00, 0x00, 0x7F, 0x00, 0x00, 0x00, 0x00,
    0x00, 0x00, 0x3D, 0x00, 0x00, 0x00, 0x00, 0x00, 0x00, 0x3C, 0x00, 0x00, 0x00, 0x00, 0x00, 0x00,
    0x10, 0x00, 0x00, 0x00, 0x00, 0x00, 0x00, 0x10, 0x00, 0x00, 0x50, 0x00, 0x01, 0xE0, 0x00, 0x03,
    0xC0, 0x00, 0x0F, 0xD0, 0x00, 0x2F, 0x80, 0x00, 0xBF, 0xC0, 0x01, 0xFF, 0x40, 0x07, 0xFF, 0xC0,
    0x0F, 0xFF, 0x00, 0x7F, 0xFF, 0x80, 0xFF, 0xFF, 0x07, 0xE7, 0x9F, 0xDF, 0xDF, 0x7F, 0x3D, 0x1E,
    0x0B, 0xF8, 0x3C, 0x2E, 0x40, 0x78, 0x06, 0x00, 0xF0, 0x04, 0x01, 0xE0, 0x00, 0x03, 0xC0, 0x00,
    0x07, 0x80, 0x00, 0x0F, 0x00, 0x00, 0x1E, 0x00, 0x00, 0x3C, 0x00, 0x00, 0x78, 0x00, 0x00, 0xF0,
    0x00, 0x01, 0xE0, 0x00, 0x03, 0xC0, 0x00, 0x07, 0x80, 0x00, 0x0F, 0x00, 0x00, 0x1E, 0x00, 0x00,
    0x3C, 0x00, 0x00, 0x78, 0x00, 0x00, 0xF0, 0x00, 0x01, 0xE0, 0x00, 0x03, 0xC0, 0x00, 0x07, 0x80,
    0x00, 0x0F, 0x00, 0x00, 0x1E, 0x00, 0x00, 0x3C, 0x00, 0x00, 0x78, 0x00, 0x00, 0xF0, 0x00, 0x01,
    0xE0, 0x00, 0x03, 0xC0, 0x00, 0x07, 0x80, 0x00, 0x0F, 0x00, 0x00, 0x1E, 0x00, 0x00, 0x3C, 0x00,
    0x00, 0x78, 0x00, 0x00, 0xF0, 0x00, 0x01, 0xE0, 0x00, 0x03, 0xC0, 0x00, 0x07, 0x80, 0x00, 0x0F,
    0x00, 0x00, 0x00, 0x00, 0x00, 0x00, 0x01, 0x40, 0x00, 0x00, 0x00, 0x00, 0x00, 0x0B, 0x40, 0x00,
    0x00, 0x00, 0x00, 0x00, 0x0F, 0x40, 0x00, 0x00, 0x00, 0x00, 0x00, 0x1F, 0x80, 0x00, 0x00, 0x00,
    0x00, 0x00, 0x3F, 0xC2, 0xFF, 0xFF, 0xFF, 0xFF, 0xFF, 0xFF, 0xEB, 0xFF, 0xFF, 0xFF, 0xFF, 0xFF,
    0xFF, 0x80, 0x00, 0x00, 0x00, 0x00, 0x0F, 0xF0, 0x00, 0x00, 0x00, 0x00, 0x00, 0xBE, 0x00, 0x00,
    0x00, 0x00, 0x00, 0x03, 0xD0, 0x00, 0x00, 0x00, 0x00, 0x00, 0x2D, 0x00, 0x00, 0x00, 0x00, 0x00,
    0x00, 0x50, 0x00, 0x00, 0x00, 0x00, 0x00, 0x01, 0x40, 0x00, 0x00, 0x00, 0x00, 0x00, 0x0B, 0x40,
    0x00, 0x00, 0x00, 0x00, 0x00, 0x0F, 0x40, 0x00, 0x00, 0x00, 0x00, 0x00, 0x1F, 0x80, 0x00, 0x00,
    0x00, 0x00, 0x00, 0x3F, 0xC2, 0xFF, 0xFF, 0xFF, 0xFF, 0xFF, 0xFF, 0xEB, 0xFF, 0xFF, 0xFF, 0xFF,
    0xFF, 0xFF, 0x80, 0x00, 0x00, 0x00, 0x00, 0x0F, 0xF0, 0x00, 0x00, 0x00, 0x00, 0x00, 0xBE, 0x00,
    0x00, 0x00, 0x00, 0x00, 0x03, 0xD0, 0x00, 0x00, 0x00, 0x00, 0x00, 0x2D, 0x00, 0x00, 0x00, 0x00,
    0x00, 0x00, 0x50, 0x00, 0x00, 0x24, 0x00, 0x00, 0xA0, 0x00, 0x01, 0xE0, 0x00, 0x03, 0xC0, 0x00,
    0x07, 0x80, 0x00, 0x0F, 0x00, 0x00, 0x1E, 0x00, 0x00, 0x3C, 0x00, 0x00, 0x78, 0x00, 0x00, 0xF0,
    0x00, 0x01, 0xE0, 0x00, 0x03, 0xC0, 0x00, 0x07, 0x80, 0x00, 0x0F, 0x00, 0x00, 0x1E, 0x00, 0x00,
    0x3C, 0x00, 0x00, 0x78, 0x00, 0x00, 0xF0, 0x00, 0x01, 0xE0, 0x00, 0x03, 0xC0, 0x00, 0x07, 0x80,
    0x00, 0x0F, 0x00, 0x00, 0x1E, 0x00, 0x00, 0x3C, 0x00, 0x00, 0x78, 0x00, 0x00, 0xF0, 0x00, 0x01,
    0xE0, 0x00, 0x03, 0xC0, 0x00, 0x07, 0x80, 0x00, 0x0F, 0x00, 0x00, 0x1E, 0x00, 0x00, 0x3C, 0x00,
    0x00, 0x78, 0x00, 0x00, 0xF0, 0x00, 0x01, 0xE0, 0x00, 0x03, 0xC0, 0x00, 0x07, 0x80, 0x00, 0x0F,
    0x00, 0x34, 0x1E, 0x02, 0xD0, 0x3C, 0x06, 0xF8, 0x78, 0xBF, 0xF4, 0xF1, 0xF8, 0xFE, 0xFF, 0xD2,
    0xFB, 0xEF, 0x80, 0xFF, 0xFD, 0x02, 0xFF, 0xF8, 0x00, 0xFF, 0xD0, 0x03, 0xFF, 0x80, 0x01, 0xFE,
    0x00, 0x03, 0xFC, 0x00, 0x02, 0xF0, 0x00, 0x07, 0xD0, 0x00, 0x03, 0x40, 0x00, 0x0A, 0x00, 0x00,
    0x00, 0x02, 0x00, 0x00, 0x00, 0x00, 0x00, 0x00, 0x3C, 0x00, 0x00, 0x00, 0x00, 0x00, 0x03, 0xD0,
    0x00, 0x00, 0x00, 0x00, 0x00, 0x7F, 0x00, 0x00, 0x00, 0x00, 0x00, 0x0B, 0xF0, 0x00, 0x00, 0x00,
    0x00, 0x01, 0xFF, 0xFF, 0xFF, 0xFF, 0xFF, 0xFF, 0xFB, 0xFF, 0xFF, 0xFF, 0xFF, 0xFF, 0xFF, 0xC0,
    0x00, 0x00, 0x00, 0x00, 0x00, 0x00, 0x00, 0x00, 0x00, 0x00, 0x00, 0x00, 0x00, 0x00, 0x00, 0x00,
    0x00, 0x00, 0x00, 0x00, 0x00, 0x00, 0x00, 0x00, 0x00, 0x00, 0x2F, 0xFF, 0xFF, 0xFF, 0xFF, 0xFF,
    0xFF, 0xBF, 0xFF, 0xFF, 0xFF, 0xFF, 0xFF, 0xF8, 0x00, 0x00, 0x00, 0x00, 0x00, 0xFF, 0x00, 0x00,
    0x00, 0x00, 0x00, 0x0B, 0xE0, 0x00, 0x00, 0x00, 0x00, 0x00, 0x3D, 0x00, 0x00, 0x00, 0x00, 0x00,
    0x02, 0xD0, 0x00, 0x00, 0x00, 0x00, 0x00, 0x05, 0x00, 0x00, 0x00, 0x00, 0x00, 0x00, 0x03, 0xC0,
    0x00, 0x00, 0x00, 0x00, 0x00, 0x07, 0xC0, 0x00, 0x00, 0x00, 0x00, 0x00, 0x0F, 0xC0, 0x00, 0x00,
    0x00, 0x00, 0x00, 0x1F, 0xC0, 0x00, 0x00, 0x00, 0x00, 0x00, 0x2F, 0xD2, 0xFF, 0xFF, 0xFF, 0xFF,
    0xFF, 0xFF, 0xEB, 0xFF, 0xFF, 0xFF, 0xFF, 0xFF, 0xFF, 0xC0, 0x00, 0x00, 0x00, 0x00, 0x00, 0x00,
    0x00, 0x00, 0x00, 0x00, 0x00, 0x00, 0x00, 0x00, 0x00, 0x00, 0x00, 0x00, 0x00, 0x00, 0x00, 0x00,
    0x00, 0x00, 0x00, 0x00, 0x2F, 0xFF, 0xFF, 0xFF, 0xFF, 0xFF, 0xFF, 0x7F, 0xFF, 0xFF, 0xFF, 0xFF,
    0xFF, 0xFC, 0x2F, 0xC0, 0x00, 0x00, 0x00, 0x00, 0x00, 0x1F, 0xC0, 0x00, 0x00, 0x00, 0x00, 0x00,
    0x0F, 0x40, 0x00, 0x00, 0x00, 0x00, 0x00, 0x0F, 0x00, 0x00, 0x00, 0x00, 0x00, 0x00, 0x04, 0x00,
    0x00, 0x00, 0x00, 0x00, 0x00, 0x00, 0xB0, 0x00, 0x00, 0x00, 0x00, 0x00, 0x0B, 0x80, 0x00, 0x00,
    0x00, 0x00, 0x00, 0x7C, 0x00, 0x00, 0x00, 0x00, 0x00, 0x07, 0xE0, 0x00, 0x00, 0x60, 0x00, 0x00,
    0x3F, 0x00, 0x00, 0x03, 0xC0, 0x00, 0x03, 0xF8, 0x00, 0x00, 0x2F, 0x00, 0x00, 0x3F, 0xFF, 0xFF,
    0xFF, 0xFF, 0xFF, 0xC3, 0xFF, 0xFF, 0xFF, 0xFF, 0xFF, 0xFF, 0x3F, 0xD0, 0x00, 0x00, 0x3C, 0x00,
    0x01, 0xFE, 0x00, 0x00, 0x03, 0xE0, 0x00, 0x03, 0xFD, 0x00, 0x00, 0x1F, 0x00, 0x00, 0x03, 0xFF,
    0xFF, 0xFF, 0xFF, 0xFF, 0xFF, 0x03, 0xFF, 0xFF, 0xFF, 0xFF, 0xFF, 0xFC, 0x03, 0xF8, 0x00, 0x3D,
    0x00, 0x00, 0x00, 0x03, 0xF0, 0x02, 0xF0, 0x00, 0x00, 0x00, 0x03, 0xF0, 0x00, 0x00, 0x00, 0x00,
    0x00, 0x03, 0xD0, 0x00, 0x00, 0x00, 0x00, 0x00, 0x03, 0xC0, 0x00, 0x00, 0x00, 0x00, 0x00, 0x01,
    0x00, 0x00, 0x00, 0x00, 0x00, 0x00, 0x00, 0xB0, 0x00, 0x00, 0x00, 0xB4, 0x00, 0x00, 0x00, 0x0B,
    0x80, 0x00, 0x00, 0x00, 0xF0, 0x00, 0x00, 0x00, 0x7C, 0x00, 0x00, 0x00, 0x02, 0xF0, 0x00, 0x00,
    0x07, 0xE0, 0x00, 0x00, 0x60, 0x03, 0xF0, 0x00, 0x00, 0x3F, 0x00, 0x00, 0x07, 0xC0, 0x07, 0xE0,
    0x00, 0x03, 0xF8, 0x00, 0x00, 0x2E, 0x00, 0x0F, 0xE0, 0x00, 0x3F, 0xFF, 0xFF, 0xFF, 0xFF, 0xFF,
    0xFF, 0xE0, 0x03, 0xFF, 0xFF, 0xFF, 0xFF, 0xFF, 0xFF, 0xFF, 0xE0, 0x3F, 0xD0, 0x00, 0x00, 0x7C,
    0x00, 0x00, 0x2F, 0xE1, 0xFE, 0x00, 0x00, 0x03, 0xD0, 0x00, 0x00, 0x3F, 0xC3, 0xFD, 0x00, 0x00,
    0x2F, 0x00, 0x00, 0x02, 0xFD, 0x03, 0xFF, 0xFF, 0xFF, 0xFF, 0xFF, 0xFF, 0xFF, 0xD0, 0x03, 0xFF,
    0xFF, 0xFF, 0xFF, 0xFF, 0xFF, 0xFD, 0x00, 0x03, 0xF8, 0x00, 0x3C, 0x00, 0x00, 0x0F, 0xD0, 0x00,
    0x03, 0xF0, 0x02, 0xE0, 0x00, 0x00, 0xBD, 0x00, 0x00, 0x03, 0xF0, 0x00, 0x00, 0x00, 0x03, 0xE0,
    0x00, 0x00, 0x03, 0xD0, 0x00, 0x00, 0x00, 0x2E, 0x00, 0x00, 0x00, 0x03, 0xC0, 0x00, 0x00, 0x01,
    0xE0, 0x00, 0x00, 0x00, 0x01, 0x00, 0x00, 0x00, 0x05, 0x00, 0x00, 0x00, 0x00, 0x00, 0x00, 0x00,
    0x3C, 0x00, 0x00, 0x00, 0x00, 0x00, 0x00, 0x7C, 0x00, 0x00, 0x00, 0x00, 0x00, 0x00, 0xF8, 0x00,
    0x00, 0x00, 0x00, 0x24, 0x01, 0xF8, 0x00, 0x00, 0x00, 0x02, 0xE0, 0x02, 0xF8, 0x00, 0x00, 0x00,
    0x0F, 0x40, 0x03, 0xF4, 0x0B, 0xFF, 0xFF, 0xFF, 0xFF, 0xFF, 0xF4, 0x2F, 0xFF, 0xFF, 0xFF, 0xFF,
    0xFF, 0xF4, 0x00, 0x00, 0x2E, 0x00, 0x00, 0x0F, 0xF4, 0x00, 0x01, 0xF0, 0x00, 0x00, 0x0F, 0xF0,
    0x00, 0x0F, 0x40, 0x00, 0x00, 0xFF, 0x2F, 0xFF, 0xFF, 0xFF, 0xFF, 0xFF, 0xF0, 0xBF, 0xFF, 0xFF,
    0xFF, 0xFF, 0xFF, 0x00, 0x00, 0x2F, 0x00, 0x00, 0x03, 0xF0, 0x00, 0x00, 0xF4, 0x00, 0x00, 0x3F,
    0x40, 0x00, 0x00, 0x00, 0x00, 0x01, 0xF4, 0x00, 0x00, 0x00, 0x00, 0x00, 0x0F, 0x40, 0x00, 0x00,
    0x00, 0x00, 0x00, 0xB8, 0x00, 0x00, 0x00, 0x00, 0x00, 0x01, 0x40, 0x00, 0x00, 0x00, 0x00, 0xB0,
    0x00, 0x00, 0x00, 0x00, 0x00, 0x0B, 0x80, 0x00, 0x00, 0x00, 0x00, 0x00, 0x7C, 0x00, 0x00, 0x00,
    0x00, 0x00, 0x07, 0xE0, 0x00, 0x00, 0x00, 0x00, 0x00, 0x3F, 0x00, 0x00, 0x00, 0x00, 0x00, 0x03,
    0xF8, 0x00, 0x00, 0x00, 0x00, 0x00, 0x3F, 0xFF, 0xFF, 0xFF, 0xFF, 0xFF, 0xC3, 0xFF, 0xFF, 0xFF,
    0xFF, 0xFF, 0xFF, 0x3F, 0xD0, 0x00, 0x00, 0x00, 0x00, 0x01, 0xFE, 0x00, 0x00, 0x00, 0x00, 0x00,
    0x03, 0xFD, 0x00, 0x00, 0x00, 0x00, 0x00, 0x03, 0xFF, 0xFF, 0xFF, 0xFF, 0xFF, 0xFF, 0x03, 0xFF,
    0xFF, 0xFF, 0xFF, 0xFF, 0xFC, 0x03, 0xF8, 0x00, 0x00, 0x00, 0x00, 0x00, 0x03, 0xF0, 0x00, 0x00,
    0x00, 0x00, 0x00, 0x03, 0xF0, 0x00, 0x00, 0x00, 0x00, 0x00, 0x03, 0xD0, 0x00, 0x00, 0x00, 0x00,
    0x00, 0x03, 0xC0, 0x00, 0x00, 0x00, 0x00, 0x00, 0x01, 0x00, 0x00, 0x00, 0x00, 0x00, 0x00, 0x00,
    0x50, 0x00, 0x00, 0x00, 0x07, 0xD0, 0x00, 0x00, 0x00, 0x7F, 0xD0, 0x00, 0x00, 0x07, 0xFF, 0xD0,
    0x00, 0x00, 0x7F, 0xFF, 0xD0, 0x00, 0x07, 0xFC, 0x2F, 0xD0, 0x00, 0x7F, 0xD0, 0x3F, 0xE0, 0x07,
    0xFF, 0x40, 0xFF, 0xE0, 0xBE, 0x2D, 0x03, 0xC7, 0xE3, 0x80, 0xB4, 0x0F, 0x02, 0xC4, 0x02, 0xD0,
    0x3C, 0x00, 0x00, 0x0B, 0x40, 0xF0, 0x00, 0x00, 0x2D, 0x03, 0xC0, 0x00, 0x00, 0xB4, 0x0F, 0x00,
    0x00, 0x02, 0xD0, 0x3C, 0x00, 0x00, 0x0B, 0x40, 0xF0, 0x00, 0x00, 0x2D, 0x03, 0xC0, 0x00, 0x00,
    0xB4, 0x0F, 0x00, 0x00, 0x02, 0xD0, 0x3C, 0x00, 0x00, 0x0B, 0x40, 0xF0, 0x00, 0x00, 0x2D, 0x03,
    0xC0, 0x00, 0x00, 0xB4, 0x0F, 0x00, 0x00, 0x02, 0xD0, 0x3C, 0x00, 0x00, 0x0B, 0x40, 0xF0, 0x00,
    0x00, 0x2D, 0x03, 0xC0, 0x00, 0x00, 0xB4, 0x0F, 0x00, 0x00, 0x02, 0xD0, 0x3C, 0x00, 0x00, 0x00,
    0x00, 0x00, 0x00, 0x3C, 0x00, 0x00, 0x00, 0x00, 0x00, 0x00, 0x7C, 0x00, 0x00, 0x00, 0x00, 0x00,
    0x00, 0xF8, 0x00, 0x00, 0x00, 0x00, 0x00, 0x01, 0xF8, 0x00, 0x00, 0x00, 0x00, 0x00, 0x02, 0xF8,
    0x00, 0x00, 0x00, 0x00, 0x00, 0x03, 0xF4, 0x0B, 0xFF, 0xFF, 0xFF, 0xFF, 0xFF, 0xF4, 0x2F, 0xFF,
    0xFF, 0xFF, 0xFF, 0xFF, 0xF4, 0x00, 0x00, 0x00, 0x00, 0x00, 0x0F, 0xF4, 0x00, 0x00, 0x00, 0x00,
    0x00, 0x0F, 0xF0, 0x00, 0x00, 0x00, 0x00, 0x00, 0xFF, 0x2F, 0xFF, 0xFF, 0xFF, 0xFF, 0xFF, 0xF0,
    0xBF, 0xFF, 0xFF, 0xFF, 0xFF, 0xFF, 0x00, 0x00, 0x00, 0x00, 0x00, 0x03, 0xF0, 0x00, 0x00, 0x00,
    0x00, 0x00, 0x3F, 0x40, 0x00, 0x00, 0x00, 0x00, 0x01, 0xF4, 0x00, 0x00, 0x00, 0x00, 0x00, 0x0F,
    0x40, 0x00, 0x00, 0x00, 0x00, 0x00, 0xB8, 0x00, 0x00, 0x00, 0x00, 0x00, 0x01, 0x40, 0x00, 0x00,
    0x00, 0x18, 0x02, 0x40, 0x00, 0x00, 0xB4, 0x0F, 0x00, 0x00, 0x02, 0xD0, 0x3C, 0x00, 0x00, 0x0B,
    0x40, 0xF0, 0x00, 0x00, 0x2D, 0x03, 0xC0, 0x00, 0x00, 0xB4, 0x0F, 0x00, 0x00, 0x02, 0xD0, 0x3C,
    0x00, 0x00, 0x0B, 0x40, 0xF0, 0x00, 0x00, 0x2D, 0x03, 0xC0, 0x00, 0x00, 0xB4, 0x0F, 0x00, 0x00,
    0x02, 0xD0, 0x3C, 0x00, 0x00, 0x0B, 0x40, 0xF0, 0x00, 0x00, 0x2D, 0x03, 0xC0, 0x00, 0x00, 0xB4,
    0x0F, 0x00, 0x00, 0x02, 0xD0, 0x3C, 0x00, 0x00, 0x0B, 0x40, 0xF0, 0x00, 0x00, 0x2D, 0x03, 0xC0,
    0x02, 0x00, 0xB4, 0x0F, 0x00, 0x8F, 0x82, 0xD0, 0x3C, 0x1F, 0x0F, 0xDB, 0x40, 0xF3, 0xF4, 0x0F,
    0xFD, 0x03, 0xFF, 0x00, 0x0F, 0xF4, 0x1F, 0xF0, 0x00, 0x0F, 0xF4, 0xFF, 0x00, 0x00, 0x0F, 0xFF,
    0xF0, 0x00, 0x00, 0x0B, 0xFF, 0x00, 0x00, 0x00, 0x0B, 0xF0, 0x00, 0x00, 0x00, 0x0F, 0x00, 0x00,
    0x00, 0x00, 0x00, 0xB0, 0x00, 0x00, 0x00, 0xB4, 0x00, 0x00, 0x00, 0x0B, 0x80, 0x00, 0x00, 0x00,
    0xF0, 0x00, 0x00, 0x00, 0x7C, 0x00, 0x00, 0x00, 0x02, 0xF0, 0x00, 0x00, 0x07, 0xE0, 0x00, 0x00,
    0x00, 0x03, 0xF0, 0x00, 0x00, 0x3F, 0x00, 0x00, 0x00, 0x00, 0x07, 0xE0, 0x00, 0x03, 0xF8, 0x00,
    0x00, 0x00, 0x00, 0x0F, 0xE0, 0x00, 0x3F, 0xFF, 0xFF, 0xFF, 0xFF, 0xFF, 0xFF, 0xE0, 0x03, 0xFF,
    0xFF, 0xFF, 0xFF, 0xFF, 0xFF, 0xFF, 0xE0, 0x3F, 0xD0, 0x00, 0x00, 0x00, 0x00, 0x00, 0x2F, 0xE1,
    0xFE, 0x00, 0x00, 0x00, 0x00, 0x00, 0x00, 0x3F, 0xC3, 0xFD, 0x00, 0x00, 0x00, 0x00, 0x00, 0x02,
    0xFD, 0x03, 0xFF, 0xFF, 0xFF, 0xFF, 0xFF, 0xFF, 0xFF, 0xD0, 0x03, 0xFF, 0xFF, 0xFF, 0xFF, 0xFF,
    0xFF, 0xFD, 0x00, 0x03, 0xF8, 0x00, 0x00, 0x00, 0x00, 0x0F, 0xD0, 0x00, 0x03, 0xF0, 0x00, 0x00,
    0x00, 0x00, 0xBD, 0x00, 0x00, 0x03, 0xF0, 0x00, 0x00, 0x00, 0x03, 0xE0, 0x00, 0x00, 0x03, 0xD0,
    0x00, 0x00, 0x00, 0x2E, 0x00, 0x00, 0x00, 0x03, 0xC0, 0x00, 0x00, 0x01, 0xE0, 0x00, 0x00, 0x00,
    0x01, 0x00, 0x00, 0x00, 0x05, 0x00, 0x00, 0x00, 0x00, 0x00, 0x50, 0x00, 0x00, 0x00, 0x07, 0xD0,
    0x00, 0x00, 0x00, 0x3F, 0xD0, 0x00, 0x00, 0x03, 0xFF, 0xD0, 0x00, 0x00, 0x3F, 0xFF, 0xD0, 0x00,
    0x07, 0xFC, 0x3F, 0xD0, 0x00, 0x7F, 0xD0, 0x3F, 0xD0, 0x07, 0xFF, 0x40, 0xFF, 0xD0, 0x7E, 0x2D,
    0x03, 0xCB, 0xE3, 0xD0, 0xB4, 0x0F, 0x03, 0xC4, 0x02, 0xD0, 0x3C, 0x01, 0x00, 0x0B, 0x40, 0xF0,
    0x00, 0x00, 0x2D, 0x03, 0xC0, 0x00, 0x00, 0xB4, 0x0F, 0x00, 0x00, 0x02, 0xD0, 0x3C, 0x00, 0x00,
    0x0B, 0x40, 0xF0, 0x00, 0x00, 0x2D, 0x03, 0xC0, 0x00, 0x00, 0xB4, 0x0F, 0x00, 0x00, 0x02, 0xD0,
    0x3C, 0x00, 0x00, 0x0B, 0x40, 0xF0, 0x00, 0x00, 0x2D, 0x03, 0xC0, 0x00, 0x00, 0xB4, 0x0F, 0x00,
    0x00, 0x02, 0xD0, 0x3C, 0x00, 0x00, 0x0B, 0x40, 0xF0, 0x00, 0x40, 0x2D, 0x03, 0xC0, 0x13, 0xD0,
    0xB4, 0x0F, 0x07, 0xC7, 0xF2, 0xD0, 0x3C, 0xBD, 0x03, 0xFF, 0x40, 0xFF, 0xD0, 0x03, 0xFD, 0x03,
    0xFD, 0x00, 0x03, 0xFD, 0x3F, 0xC0, 0x00, 0x03, 0xFF, 0xFC, 0x00, 0x00, 0x03, 0xFF, 0xC0, 0x00,
    0x00, 0x03, 0xFC, 0x00, 0x00, 0x00, 0x03, 0xC0, 0x00, 0x00, 0x00, 0x00, 0x00, 0x00, 0x00, 0x00,
    0xFF, 0xFF, 0xFF, 0xC0, 0x00, 0x03, 0xFF, 0xFF, 0xE4, 0x00, 0x00, 0x0F, 0xFF, 0xF0, 0x00, 0x00,
    0x00, 0x3E, 0x07, 0xE0, 0x00, 0x00, 0x00, 0xF8, 0x07, 0xE0, 0x00, 0x00, 0x03, 0xF0, 0x07, 0xE0,
    0x00, 0x00, 0x1F, 0xF0, 0x07, 0xE0, 0x00, 0x00, 0x7F, 0xF0, 0x07, 0xE0, 0x00, 0x01, 0xF3, 0xF0,
    0x07, 0xE0, 0x00, 0x07, 0xC3, 0xF0, 0x07, 0xE0, 0x00, 0x1E, 0x03, 0xF0, 0x07, 0xE0, 0x00, 0x74,
    0x03, 0xF0, 0x07, 0xE0, 0x01, 0xC0, 0x03, 0xF0, 0x07, 0xE0, 0x01, 0x00, 0x03, 0xF0, 0x07, 0xE0,
    0x00, 0x00, 0x03, 0xF0, 0x07, 0xE0, 0x00, 0x00, 0x03, 0xF0, 0x07, 0xE0, 0x00, 0x00, 0x03, 0xF0,
    0x07, 0xC0, 0x00, 0x00, 0x03, 0xF0, 0x04, 0x00, 0x00, 0x00, 0x03, 0xF0, 0x00, 0x00, 0x00, 0x00,
    0x03, 0xF0, 0x00, 0x00, 0x00, 0x00, 0x03, 0xC0, 0x00, 0x00, 0x00, 0x00, 0x00, 0x00, 0x00, 0x00,
    0x00, 0x00, 0x00, 0x00, 0x00, 0x00, 0x00, 0xFF, 0xFF, 0xFF, 0xC0, 0x00, 0x00, 0xBF, 0xFF, 0xFF,
    0x00, 0x00, 0x00, 0x03, 0xFF, 0xFC, 0x00, 0x00, 0x00, 0x2F, 0x03, 0xF0, 0x00, 0x00, 0x02, 0xF0,
    0x0F, 0xC0, 0x00, 0x00, 0x2F, 0x00, 0x3F, 0x00, 0x00, 0x02, 0xF0, 0x03, 0xFC, 0x00, 0x00, 0x2F,
    0x00, 0x3F, 0xF0, 0x00, 0x02, 0xF0, 0x03, 0xF3, 0xC0, 0x00, 0x2F, 0x00, 0x3F, 0x0F, 0x00, 0x02,
    0xF0, 0x03, 0xF0, 0x2C, 0x00, 0x2F, 0x00, 0x3F, 0x00, 0x74, 0x02, 0xF0, 0x03, 0xF0, 0x00, 0xC0,
    0x2F, 0x00, 0x3F, 0x00, 0x01, 0x02, 0xF0, 0x03, 0xF0, 0x00, 0x00, 0x2F, 0x00, 0x3F, 0x00, 0x00,
    0x00, 0xF0, 0x03, 0xF0, 0x00, 0x00, 0x01, 0x00, 0x3F, 0x00, 0x00, 0x00, 0x00, 0x03, 0xF0, 0x00,
    0x00, 0x00, 0x00, 0x3F, 0x00, 0x00, 0x00, 0x00, 0x01, 0xF0, 0x00, 0x00, 0x00, 0x00, 0x01, 0x00,
    0x00, 0x00, 0x00, 0x00, 0x00, 0x10, 0x00, 0x00, 0x00, 0x00, 0x01, 0xF0, 0x00, 0x00, 0x00, 0x00,
    0x03, 0xF0, 0x00, 0x00, 0x00, 0x00, 0x03, 0xF0, 0x00, 0x00, 0x00, 0x10, 0x03, 0xF0, 0x00, 0x00,
    0x00, 0xF0, 0x03, 0xF0, 0x00, 0x00, 0x02, 0xF0, 0x03, 0xF0, 0x00, 0x00, 0x02, 0xF0, 0x03, 0xF0,
    0x00, 0x00, 0x02, 0xF0, 0x03, 0xF0, 0x00, 0x10, 0x02, 0xF4, 0x03, 0xF0, 0x00, 0xD0, 0x02, 0xF4,
    0x03, 0xF0, 0x07, 0x40, 0x02, 0xF4, 0x03, 0xF0, 0x2C, 0x00, 0x02, 0xF4, 0x03, 0xF0, 0xF0, 0x00,
    0x02, 0xF4, 0x03, 0xF3, 0xC0, 0x00, 0x02, 0xF4, 0x03, 0xFF, 0x00, 0x00, 0x02, 0xF4, 0x03, 0xFC,
    0x00, 0x00, 0x02, 0xF4, 0x03, 0xF0, 0x00, 0x00, 0x02, 0xF4, 0x0F, 0xC0, 0x00, 0x00, 0x02, 0xF4,
    0x3F, 0x00, 0x00, 0x00, 0x03, 0xFF, 0xFC, 0x00, 0x00, 0x0B, 0xFF, 0xFF, 0xF0, 0x00, 0x00, 0xFF,
    0xFF, 0xFF, 0xC0, 0x00, 0x00, 0x00, 0x00, 0x00, 0x00, 0x00, 0x00, 0x00, 0x00, 0x10, 0x00, 0x00,
    0x00, 0x00, 0x03, 0xC0, 0x00, 0x00, 0x00, 0x00, 0x3E, 0x00, 0x00, 0x00, 0x00, 0x03, 0xE0, 0x00,
    0x00, 0x00, 0x00, 0x3E, 0x00, 0x50, 0x00, 0x00, 0x03, 0xE0, 0x07, 0xC0, 0x00, 0x00, 0x3E, 0x00,
    0x7D, 0x00, 0x00, 0x03, 0xE0, 0x07, 0xD0, 0x10, 0x00, 0x3E, 0x00, 0x7D, 0x01, 0xC0, 0x03, 0xE0,
    0x07, 0xD0, 0x07, 0x40, 0x3E, 0x00, 0x7D, 0x00, 0x1E, 0x03, 0xE0, 0x07, 0xD0, 0x00, 0x7C, 0x3E,
    0x00, 0x7D, 0x00, 0x01, 0xF3, 0xE0, 0x07, 0xD0, 0x00, 0x07, 0xFE, 0x00, 0x7D, 0x00, 0x00, 0x0F,
    0xE0, 0x07, 0xD0, 0x00, 0x00, 0x3F, 0x00, 0x7D, 0x00, 0x00, 0x00, 0xF8, 0x07, 0xD0, 0x00, 0x00,
    0x03, 0xF0, 0x7D, 0x00, 0x00, 0x00, 0x0F, 0xFF, 0xF4, 0x00, 0x00, 0x00, 0x3F, 0xFF, 0xFF, 0x90,
    0x00, 0x00, 0xFF, 0xFF, 0xFF, 0x80, 0x00, 0x00, 0x00, 0x00, 0x20, 0x00, 0x00, 0x00, 0x00, 0x00,
    0x03, 0xC0, 0x00, 0x00, 0x00, 0x00, 0x00, 0x2E, 0x00, 0x00, 0x00, 0x00, 0x00, 0x01, 0xF4, 0x00,
    0x00, 0x00, 0x00, 0x00, 0x0F, 0xC0, 0x00, 0x00, 0x00, 0x00, 0x00, 0xFD, 0x00, 0x00, 0x00, 0x00,
    0x00, 0x0B, 0xFF, 0xFF, 0xFF, 0xFF, 0xFF, 0xC0, 0x7F, 0xFF, 0xFF, 0xFF, 0xFF, 0xFF, 0x03, 0xF8,
    0x00, 0x00, 0x00, 0x00, 0x00, 0x3F, 0xC0, 0x00, 0x00, 0x00, 0x00, 0x02, 0xFD, 0x00, 0x00, 0x00,
    0x00, 0x00, 0x1F, 0xFF, 0xFF, 0xFF, 0xFF, 0xFF, 0xFF, 0x7F, 0xFF, 0xFF, 0xFF, 0xFF, 0xFF, 0xFC,
    0xBF, 0x40, 0x00, 0x00, 0x00, 0x00, 0x00, 0xFF, 0x00, 0x00, 0x00, 0x00, 0x00, 0x00, 0xFF, 0x00,
    0x00, 0x00, 0x00, 0x00, 0x00, 0xFF, 0xFF, 0xFF, 0xFF, 0xFF, 0xFC, 0x01, 0xFF, 0xFF, 0xFF, 0xFF,
    0xFF, 0xF0, 0x02, 0xF4, 0x00, 0x00, 0x00, 0x00, 0x00, 0x03, 0xF0, 0x00, 0x00, 0x00, 0x00, 0x00,
    0x03, 0xD0, 0x00, 0x00, 0x00, 0x00, 0x00, 0x07, 0xC0, 0x00, 0x00, 0x00, 0x00, 0x00, 0x0B, 0x40,
    0x00, 0x00, 0x00, 0x00, 0x00, 0x00, 0x00, 0x00, 0x14, 0x00, 0x00, 0x00, 0x00, 0x00, 0x00, 0xF4,
    0x00, 0x00, 0x00, 0x00, 0x00, 0x01, 0xF0, 0x00, 0x00, 0x00, 0x00, 0x00, 0x03, 0xE0, 0x00, 0x00,
    0x00, 0x00, 0x00, 0x07, 0xD0, 0x00, 0x00, 0x00, 0x00, 0x00, 0x0F, 0xC0, 0x0B, 0xFF, 0xFF, 0xFF,
    0xFF, 0xFF, 0xC0, 0x2F, 0xFF, 0xFF, 0xFF, 0xFF, 0xFF, 0x80, 0x00, 0x00, 0x00, 0x00, 0x00, 0x7F,
    0x40, 0x00, 0x00, 0x00, 0x00, 0x00, 0xBF, 0x40, 0x00, 0x00, 0x00, 0x00, 0x00, 0xFF, 0x2F, 0xFF,
    0xFF, 0xFF, 0xFF, 0xFF, 0xFE, 0xBF, 0xFF, 0xFF, 0xFF, 0xFF, 0xFF, 0xF8, 0x00, 0x00, 0x00, 0x00,
    0x00, 0x3F, 0xC0, 0x00, 0x00, 0x00, 0x00, 0x03, 0xFC, 0x00, 0x00, 0x00, 0x00, 0x00, 0x1F, 0xD0,
    0xBF, 0xFF, 0xFF, 0xFF, 0xFF, 0xFE, 0x02, 0xFF, 0xFF, 0xFF, 0xFF, 0xFF, 0xE0, 0x00, 0x00, 0x00,
    0x00, 0x00, 0x3F, 0x00, 0x00, 0x00, 0x00, 0x00, 0x02, 0xF0, 0x00, 0x00, 0x00, 0x00, 0x00, 0x0F,
    0x40, 0x00, 0x00, 0x00, 0x00, 0x00, 0xB8, 0x00, 0x00, 0x00, 0x00, 0x00, 0x03, 0xC0, 0x00, 0x00,
    0x00, 0x02, 0x00, 0x00, 0x00, 0x00, 0x00, 0x00, 0x00, 0xF0, 0x00, 0x00, 0x00, 0x00, 0x00, 0x00,
    0x3D, 0x00, 0x00, 0x00, 0x00, 0x00, 0x00, 0x1F, 0xC0, 0x03, 0x00, 0xA0, 0x0D, 0x00, 0x0B, 0xF0,
    0x00, 0xB8, 0x0F, 0x02, 0xF4, 0x07, 0xFF, 0xFE, 0x1F, 0xD2, 0xFC, 0x3B, 0xFE, 0x7F, 0xFF, 0xF7,
    0xCF, 0x79, 0xDF, 0x0F, 0xE0, 0xBF, 0x03, 0xF4, 0x7F, 0x0F, 0xD0, 0x00, 0x01, 0xFC, 0x1F, 0x02,
    0xD0, 0x3C, 0x00, 0x00, 0x03, 0xD0, 0xC0, 0x0C, 0x02, 0x40, 0x00, 0x00, 0x0F, 0x00, 0x00, 0x00,
    0x00, 0x00, 0x00, 0x00, 0x10, 0x00, 0x00, 0x00, 0x00, 0x00, 0x00, 0x00, 0x00, 0x00, 0x00, 0x08,
    0x00, 0x00, 0x00, 0x00, 0x00, 0x00, 0x00, 0xF0, 0x00, 0x00, 0x00, 0x00, 0x00, 0x00, 0x07, 0xD0,
    0x00, 0x07, 0x00, 0xA0, 0x0C, 0x00, 0x2F, 0x40, 0x01, 0xF8, 0x0F, 0x02, 0xF0, 0x00, 0xFE, 0x0B,
    0xFE, 0xD2, 0xF8, 0x3F, 0x4B, 0xFF, 0xFD, 0xBF, 0x0F, 0x79, 0xDF, 0x3D, 0xFF, 0xFF, 0xD0, 0x00,
    0x7F, 0x0F, 0xD1, 0xFC, 0x0F, 0xE0, 0x00, 0x03, 0xD0, 0x7C, 0x0B, 0x83, 0xF4, 0x00, 0x00, 0x08,
    0x02, 0x00, 0x30, 0x7C, 0x00, 0x00, 0x00, 0x00, 0x00, 0x00, 0x0F, 0x00, 0x00, 0x00, 0x00, 0x00,
    0x00, 0x00, 0x40, 0x00, 0x00, 0x40, 0x00, 0xB0, 0x00, 0x3F, 0x00, 0x3F, 0xE0, 0x3F, 0xFE, 0x3D,
    0x72, 0xD8, 0x1C, 0x14, 0x07, 0x00, 0x01, 0xC0, 0x00, 0x70, 0x0F, 0xFF, 0xFB, 0xFF, 0xFE, 0x01,
    0xC0, 0x3F, 0xFF, 0xEF, 0xFF, 0xF8, 0x07, 0x00, 0x01, 0xC0, 0x00, 0x70, 0x00, 0x1C, 0x00, 0x07,
    0x00, 0x00, 0x40, 0x00, 0x01, 0xC0, 0x00, 0x70, 0x00, 0x1C, 0x00, 0x07, 0x00, 0x01, 0xC0, 0x00,
    0x70, 0x0F, 0xFF, 0xFB, 0xFF, 0xFE, 0x01, 0xC0, 0x3F, 0xFF, 0xEF, 0xFF, 0xF8, 0x07, 0x00, 0x01,
    0xC0, 0x00, 0x70, 0x08, 0x1C, 0x16, 0xEB, 0x7D, 0x2F, 0xFD, 0x02, 0xFD, 0x00, 0x3E, 0x00, 0x07,
    0x00, 0x00, 0x02, 0x00, 0x00, 0x00, 0x00, 0x00, 0x00, 0x3C, 0x00, 0x00, 0x00, 0x00, 0x00, 0x03,
    0xD0, 0x00, 0x00, 0x00, 0x00, 0x00, 0x7F, 0x00, 0x00, 0x00, 0x00, 0x00, 0x0B, 0xF0, 0x00, 0x00,
    0x00, 0x00, 0x01, 0xFF, 0xFF, 0xC3, 0xFC, 0xBF, 0x0F, 0xF7, 0xFF, 0xFF, 0x0F, 0xF2, 0xFC, 0x3F,
    0xC2, 0xFC, 0x00, 0x00, 0x00, 0x00, 0x00, 0x01, 0xFC, 0x00, 0x00, 0x00, 0x00, 0x00, 0x00, 0xF4,
    0x00, 0x00, 0x00, 0x00, 0x00, 0x00, 0xF0, 0x00, 0x00, 0x00, 0x00, 0x00, 0x00, 0x40, 0x00, 0x00,
    0x00, 0x00, 0x00, 0x10, 0x00, 0x00, 0x78, 0x00, 0x00, 0xFD, 0x00, 0x02, 0xFF, 0x00, 0x07, 0xFF,
    0xC0, 0x1F, 0xFF, 0xE0, 0x7F, 0xBA, 0xF8, 0xF4, 0x78, 0x7D, 0x80, 0x78, 0x04, 0x00, 0x78, 0x00,
    0x00, 0x24, 0x00, 0x00, 0x00, 0x00, 0x00, 0x78, 0x00, 0x00, 0x78, 0x00, 0x00, 0x78, 0x00, 0x00,
    0x78, 0x00, 0x00, 0x00, 0x00, 0x00, 0x78, 0x00, 0x00, 0x78, 0x00, 0x00, 0x78, 0x00, 0x00, 0x78,
    0x00, 0x00, 0x00, 0x00, 0x00, 0x00, 0x00, 0x00, 0x78, 0x00, 0x00, 0x78, 0x00, 0x00, 0x78, 0x00,
    0x00, 0x78, 0x00, 0x00, 0x00, 0x00, 0x00, 0x01, 0x40, 0x00, 0x00, 0x00, 0x00, 0x00, 0x0B, 0x40,
    0x00, 0x00, 0x00, 0x00, 0x00, 0x0F, 0x40, 0x00, 0x00, 0x00, 0x00, 0x00, 0x1F, 0x80, 0x00, 0x00,
    0x00, 0x00, 0x00, 0x3F, 0xC2, 0xFE, 0x3F, 0xCB, 0xF8, 0xFF, 0xFF, 0xEB, 0xF8, 0xFF, 0x2F, 0xE3,
    0xFF, 0xFF, 0x80, 0x00, 0x00, 0x00, 0x00, 0x0F, 0xF0, 0x00, 0x00, 0x00, 0x00, 0x00, 0xBE, 0x00,
    0x00, 0x00, 0x00, 0x00, 0x03, 0xD0, 0x00, 0x00, 0x00, 0x00, 0x00, 0x2D, 0x00, 0x00, 0x00, 0x00,
    0x00, 0x00, 0x50, 0x00, 0x00, 0x78, 0x00, 0x00, 0x78, 0x00, 0x00, 0x78, 0x00, 0x00, 0x78, 0x00,
    0x00, 0x00, 0x00, 0x00, 0x78, 0x00, 0x00, 0x78, 0x00, 0x00, 0x78, 0x00, 0x00, 0x78, 0x00, 0x00,
    0x00, 0x00, 0x00, 0x00, 0x00, 0x00, 0x78, 0x00, 0x00, 0x78, 0x00, 0x00, 0x78, 0x00, 0x00, 0x78,
    0x00, 0x00, 0x00, 0x00, 0x00, 0x14, 0x00, 0x00, 0x78, 0x00, 0x40, 0x78, 0x04, 0xF4, 0x78, 0x2D,
    0x7E, 0x79, 0xFC, 0x1F, 0xFF, 0xF0, 0x0B, 0xFF, 0xC0, 0x02, 0xFF, 0x00, 0x00, 0xFD, 0x00, 0x00,
    0x78, 0x00, 0x00, 0x10, 0x00, 0x64, 0x00, 0x20, 0x00, 0x00, 0x00, 0x02, 0xE0, 0x03, 0xC0, 0x00,
    0x00, 0x00, 0x0B, 0x80, 0x3E, 0x00, 0x00, 0x00, 0x00, 0x2E, 0x07, 0xF0, 0x00, 0x00, 0x00, 0x00,
    0xB8, 0xBF, 0x40, 0x00, 0x00, 0x00, 0x02, 0xFF, 0xFF, 0xFF, 0xFF, 0xFF, 0xFF, 0xFB, 0xFF, 0xFF,
    0xFF, 0xFF, 0xFF, 0xFF, 0xEE, 0x2F, 0xC0, 0x00, 0x00, 0x00, 0x00, 0xB8, 0x1F, 0xC0, 0x00, 0x00,
    0x00, 0x02, 0xE0, 0x0F, 0x80, 0x00, 0x00, 0x00, 0x0B, 0x80, 0x0F, 0x00, 0x00, 0x00, 0x00, 0x05,
    0x00, 0x04, 0x00, 0x00, 0x00, 0x00, 0x00, 0x00, 0x00, 0x00, 0x14, 0x00, 0x24, 0x00, 0x00, 0x00,
    0x00, 0xB4, 0x00, 0xF0, 0x00, 0x00, 0x00, 0x00, 0xF4, 0x03, 0xC0, 0x00, 0x00, 0x00, 0x02, 0xF8,
    0x0F, 0x00, 0x00, 0x00, 0x00, 0x03, 0xFC, 0x3E, 0xFF, 0xFF, 0xFF, 0xFF, 0xFF, 0xFE, 0xFB, 0xFF,
    0xFF, 0xFF, 0xFF, 0xFF, 0xFB, 0xC0, 0x00, 0x00, 0x00, 0x00, 0xFF, 0x0F, 0x00, 0x00, 0x00, 0x00,
    0x0B, 0xE0, 0x3C, 0x00, 0x00, 0x00, 0x00, 0x3D, 0x00, 0xF0, 0x00, 0x00, 0x00, 0x02, 0xD0, 0x03,
    0xC0, 0x00, 0x00, 0x00, 0x05, 0x00, 0x05, 0x00, 0x00, 0x00, 0x00, 0x00, 0x00, 0x00, 0x18, 0x00,
    0x00, 0x00, 0x00, 0x07, 0x80, 0x00, 0x00, 0x00, 0x01, 0xD8, 0x00, 0x00, 0x00, 0x00, 0x71, 0x80,
    0x00, 0x00, 0x00, 0x1C, 0x0F, 0xFF, 0xFF, 0xFC, 0x07, 0x00, 0x00, 0x00, 0x00, 0x81, 0x80, 0x00,
    0x00, 0x00, 0x08, 0x70, 0x00, 0x00, 0x00, 0x00, 0x82, 0x80, 0x00, 0x00, 0x00, 0x08, 0x06, 0x00,
    0x00, 0x00, 0x00, 0x80, 0x1C, 0x0F, 0xFF, 0xFF, 0xFC, 0x00, 0x71, 0x80, 0x00, 0x00, 0x00, 0x01,
    0xD8, 0x00, 0x00, 0x00, 0x00, 0x07, 0x80, 0x00, 0x00, 0x00, 0x00, 0x18, 0x00, 0x00, 0x00, 0x00,
    0x00, 0x00, 0x00, 0x00, 0x00, 0x00, 0x00, 0x00, 0x00, 0x00, 0x00, 0x34, 0x00, 0x00, 0x00, 0x37,
    0x40, 0x00, 0x00, 0x30, 0x34, 0x00, 0x00, 0x30, 0x03, 0x40, 0x00, 0x30, 0x00, 0x34, 0x00, 0x30,
    0x00, 0x03, 0x40, 0x30, 0x00, 0x00, 0x34, 0x3F, 0xE0, 0x02, 0xFF, 0x40, 0x0C, 0x00, 0x90, 0x00,
    0x03, 0x00, 0x24, 0x00, 0x00, 0xC0, 0x09, 0x00, 0x00, 0x30, 0x02, 0x40, 0x00, 0x0C, 0x00, 0x90,
    0x00, 0x03, 0x00, 0x24, 0x00, 0x00, 0xC0, 0x09, 0x00, 0x00, 0x30, 0x02, 0x40, 0x00, 0x0C, 0x00,
    0x90, 0x00, 0x03, 0x00, 0x24, 0x00, 0x00, 0xC0, 0x09, 0x00, 0x00, 0x30, 0x02, 0x40, 0x00, 0x0F,
    0xFF, 0xD0, 0x00, 0x00, 0x00, 0x00, 0x00, 0x00, 0x00, 0x00, 0x00, 0x03, 0x00, 0x00, 0x00, 0x00,
    0x00, 0x3C, 0x00, 0x00, 0x00, 0x00, 0x03, 0x70, 0x00, 0x00, 0x00, 0x00, 0x31, 0xC0, 0x07, 0xFF,
    0xFF, 0xFF, 0x07, 0x00, 0x90, 0x00, 0x00, 0x00, 0x0C, 0x09, 0x00, 0x00, 0x00, 0x00, 0x30, 0x90,
    0x00, 0x00, 0x00, 0x01, 0xC9, 0x00, 0x00, 0x00, 0x00, 0x30, 0x90, 0x00, 0x00, 0x00, 0x0C, 0x07,
    0xFF, 0xFF, 0xFF, 0x07, 0x00, 0x00, 0x00, 0x00, 0x31, 0xC0, 0x00, 0x00, 0x00, 0x03, 0x70, 0x00,
    0x00, 0x00, 0x00, 0x3C, 0x00, 0x00, 0x00, 0x00, 0x03, 0x00, 0x00, 0x00, 0x00, 0x00, 0x00, 0x00,
    0x00, 0x00, 0x3F, 0xFF, 0x40, 0x00, 0x0C, 0x00, 0x90, 0x00, 0x03, 0x00, 0x24, 0x00, 0x00, 0xC0,
    0x09, 0x00, 0x00, 0x30, 0x02, 0x40, 0x00, 0x0C, 0x00, 0x90, 0x00, 0x03, 0x00, 0x24, 0x00, 0x00,
    0xC0, 0x09, 0x00, 0x00, 0x30, 0x02, 0x40, 0x00, 0x0C, 0x00, 0x90, 0x00, 0x03, 0x00, 0x24, 0x00,
    0x00, 0xC0, 0x09, 0x00, 0x00, 0x30, 0x02, 0x40, 0x0F, 0xF8, 0x00, 0xBF, 0xD0, 0xC0, 0x00, 0x00,
    0xD0, 0x0C, 0x00, 0x00, 0xD0, 0x00, 0xC0, 0x00, 0xD0, 0x00, 0x0C, 0x00, 0xD0, 0x00, 0x00, 0xC0,
    0xD0, 0x00, 0x00, 0x0D, 0xD0, 0x00, 0x00, 0x00, 0xD0, 0x00, 0x00, 0x00, 0x00, 0x00, 0x00, 0x00,
    0x00, 0x00, 0x00, 0x00, 0x00, 0x34, 0x00, 0x00, 0x00, 0x37, 0x40, 0x00, 0x00, 0x30, 0x34, 0x00,
    0x00, 0x30, 0x03, 0x40, 0x00, 0x30, 0x00, 0x34, 0x00, 0x30, 0x00, 0x03, 0x40, 0x30, 0x00, 0x00,
    0x34, 0x3F, 0xE0, 0x02, 0xFF, 0x40, 0x0C, 0x00, 0x90, 0x00, 0x03, 0x00, 0x24, 0x00, 0x00, 0xC0,
    0x09, 0x00, 0x00, 0x30, 0x02, 0x40, 0x00, 0x0C, 0x00, 0x90, 0x00, 0x03, 0x00, 0x24, 0x00, 0x00,
    0xC0, 0x09, 0x00, 0x00, 0x30, 0x02, 0x40, 0x00, 0x0F, 0xFF, 0xD0, 0x00, 0x00, 0x00, 0x00, 0x00,
    0x00, 0x00, 0x00, 0x00, 0x00, 0x3F, 0xFF, 0x40, 0x00, 0x0C, 0x00, 0x90, 0x00, 0x03, 0x00, 0x24,
    0x00, 0x00, 0xFF, 0xFD, 0x00, 0x00, 0x00, 0x00, 0x00, 0x00, 0x00, 0x34, 0x00, 0x00, 0x00, 0x37,
    0x40, 0x00, 0x00, 0x30, 0x34, 0x00, 0x00, 0x30, 0x03, 0x40, 0x00, 0x30, 0x00, 0x34, 0x00, 0x30,
    0x00, 0x03, 0x40, 0x30, 0x00, 0x00, 0x34, 0x3F, 0xE0, 0x02, 0xFF, 0x40, 0x0C, 0x00, 0x90, 0x00,
    0x03, 0x00, 0x24, 0x00, 0x00, 0xC0, 0x09, 0x00, 0x00, 0x30, 0x02, 0x40, 0x00, 0x0C, 0x00, 0x90,
    0x00, 0x03, 0x00, 0x24, 0x00, 0x00, 0xC0, 0x09, 0x00, 0x00, 0x30, 0x02, 0x40, 0x00, 0x0C, 0x00,
    0x90, 0x00, 0x03, 0x00, 0x24, 0x00, 0x00, 0xC0, 0x09, 0x00, 0x7F, 0xE0, 0x02, 0xFF, 0xA4, 0x00,
    0x00, 0x00, 0x29, 0x00, 0x00, 0x00, 0x09, 0xFF, 0xFF, 0xFF, 0xFE, 0x00, 0x00, 0x00, 0x00, 0x00,
    0x00, 0x78, 0x00, 0x00, 0x00, 0x72, 0x40, 0x00, 0x00, 0x70, 0x24, 0x00, 0x00, 0x70, 0x02, 0x40,
    0x00, 0x3F, 0xFF, 0xF4, 0x00, 0x30, 0x00, 0x02, 0x40, 0x30, 0x00, 0x00, 0x34, 0x3F, 0xE0, 0x02,
    0xFF, 0x40, 0x0C, 0x00, 0x90, 0x00, 0x03, 0x00, 0x24, 0x00, 0x00, 0xC0, 0x09, 0x00, 0x00, 0x30,
    0x02, 0x40, 0x00, 0x0C, 0x00, 0x90, 0x00, 0x03, 0x00, 0x24, 0x00, 0x00, 0xC0, 0x09, 0x00, 0x00,
    0x30, 0x02, 0x40, 0x00, 0x0C, 0x00, 0x90, 0x00, 0x03, 0x00, 0x24, 0x00, 0x00, 0xC0, 0x09, 0x00,
    0x7F, 0xE0, 0x02, 0xFF, 0xA4, 0x00, 0x00, 0x00, 0x29, 0x00, 0x00, 0x00, 0x09, 0xFF, 0xFF, 0xFF,
    0xFE, 0x00, 0x00, 0x00, 0x00, 0x00, 0x00, 0x34, 0x00, 0x00, 0x00, 0x3F, 0x40, 0x00, 0x00, 0x33,
    0x34, 0x00, 0x00, 0x30, 0xC3, 0x40, 0x00, 0x30, 0x30, 0x34, 0x00, 0x30, 0x0C, 0x03, 0x40, 0x30,
    0x03, 0x00, 0x34, 0x3F, 0xE0, 0xC2, 0xFF, 0x40, 0x0C, 0x30, 0x90, 0x00, 0x03, 0x0C, 0x24, 0x00,
    0x00, 0xC3, 0x09, 0x00, 0x00, 0x30, 0xC2, 0x40, 0x00, 0x0C, 0x30, 0x90, 0x00, 0x03, 0x0C, 0x24,
    0x00, 0x00, 0xC3, 0x09, 0x00, 0x00, 0x30, 0xC2, 0x40, 0x00, 0x0C, 0x30, 0x90, 0x00, 0x03, 0x0C,
    0x24, 0x00, 0x00, 0xC3, 0x09, 0x00, 0x7F, 0xE0, 0xC2, 0xFF, 0xA4, 0x00, 0x30, 0x00, 0x29, 0x00,
    0x0C, 0x00, 0x09, 0xFF, 0xFF, 0xFF, 0xFE, 0x00, 0x00, 0x00, 0x00, 0x00, 0x00, 0x34, 0x00, 0x00,
    0x00, 0x37, 0x40, 0x00, 0x00, 0x30, 0x34, 0x00, 0x00, 0x30, 0x43, 0x40, 0x00, 0x30, 0xB8, 0x34,
    0x00, 0x30, 0xA2, 0x83, 0x40, 0x30, 0xB0, 0x28, 0x34, 0x3F, 0xF0, 0x02, 0xFF, 0x40, 0x70, 0x00,
    0x28, 0x00, 0x70, 0x00, 0x03, 0x80, 0x70, 0x00, 0x00, 0x34, 0x3F, 0xE0, 0x02, 0xFF, 0x40, 0x0C,
    0x00, 0x90, 0x00, 0x03, 0x00, 0x24, 0x00, 0x00, 0xC0, 0x09, 0x00, 0x00, 0x30, 0x02, 0x40, 0x00,
    0x0C, 0x00, 0x90, 0x00, 0x03, 0x00, 0x24, 0x00, 0x00, 0xC0, 0x09, 0x00, 0x00, 0x30, 0x02, 0x40,
    0x00, 0x0C, 0x00, 0x90, 0x00, 0x03, 0x00, 0x24, 0x00, 0x00, 0xC0, 0x09, 0x00, 0x00, 0x30, 0x02,
    0x40, 0x00, 0x0C, 0x00, 0x90, 0x00, 0x03, 0x00, 0x24, 0x00, 0x00, 0xFF, 0xFD, 0x00, 0x00, 0x00,
    0x00, 0x00, 0x00, 0x00, 0x34, 0x00, 0x00, 0x00, 0x37, 0x40, 0x00, 0x00, 0x30, 0x34, 0x00, 0x00,
    0x30, 0x43, 0x40, 0x00, 0x30, 0xB8, 0x34, 0x00, 0x30, 0xA2, 0x83, 0x40, 0x30, 0xB0, 0x28, 0x34,
    0x3F, 0xF0, 0x02, 0xFF, 0x40, 0x70, 0x00, 0x28, 0x00, 0x70, 0x00, 0x03, 0x80, 0x70, 0x00, 0x00,
    0x34, 0x3F, 0xE0, 0x02, 0xFF, 0x40, 0x0C, 0x00, 0x90, 0x00, 0x03, 0x00, 0x24, 0x00, 0x00, 0xC0,
    0x09, 0x00, 0x00, 0x30, 0x02, 0x40, 0x00, 0x0C, 0x00, 0x90, 0x00, 0x03, 0x00, 0x24, 0x00, 0x00,
    0xC0, 0x09, 0x00, 0x00, 0x30, 0x02, 0x40, 0x00, 0x0C, 0x00, 0x90, 0x00, 0x03, 0x00, 0x24, 0x00,
    0x00, 0xC0, 0x09, 0x00, 0x7F, 0xE0, 0x02, 0xFF, 0xA4, 0x00, 0x00, 0x00, 0x29, 0x00, 0x00, 0x00,
    0x09, 0xFF, 0xFF, 0xFF, 0xFE, 0x7F, 0x80, 0x00, 0x01, 0x00, 0x00, 0x90, 0x80, 0x00, 0x01, 0xC0,
    0x00, 0x90, 0x80, 0x00, 0x01, 0xB0, 0x00, 0x90, 0x80, 0x00, 0x01, 0x4C, 0x00, 0x90, 0xFF, 0xFF,
    0xFF, 0x43, 0x00, 0x90, 0x00, 0x00, 0x00, 0x00, 0xC0, 0x90, 0x00, 0x00, 0x00, 0x00, 0x30, 0x90,
    0x00, 0x00, 0x00, 0x00, 0x0C, 0x90, 0x00, 0x00, 0x00, 0x00, 0x0C, 0x90, 0x00, 0x00, 0x00, 0x00,
    0x30, 0x90, 0x00, 0x00, 0x00, 0x00, 0xC0, 0x90, 0xFF, 0xFF, 0xFF, 0x43, 0x00, 0x90, 0x80, 0x00,
    0x01, 0x4C, 0x00, 0x90, 0x80, 0x00, 0x01, 0xB0, 0x00, 0x90, 0x80, 0x00, 0x01, 0xC0, 0x00, 0x7F,
    0x80, 0x00, 0x01, 0x00, 0x00, 0x00, 0x00, 0x00, 0x00, 0x00, 0x00, 0x0B, 0xFF, 0xFF, 0xFF, 0xFF,
    0xFF, 0xFE, 0xBF, 0xFF, 0xFF, 0xFF, 0xFF, 0xFF, 0xEB, 0x80, 0x00, 0x00, 0x00, 0x00, 0x00, 0xB8,
    0x00, 0x00, 0x00, 0x00, 0x00, 0x0B, 0x87, 0xE9, 0x55, 0x00, 0x00, 0x00, 0xB8, 0x3F, 0xFF, 0xF0,
    0x00, 0x00, 0x0B, 0x83, 0xFF, 0xE4, 0x00, 0x00, 0x00, 0xB8, 0x2F, 0xF0, 0x00, 0x00, 0x00, 0x0B,
    0x82, 0xFF, 0xC0, 0x00, 0x00, 0x00, 0xB8, 0x2F, 0x7F, 0x00, 0x00, 0x00, 0x0B, 0x82, 0xE1, 0xFC,
    0x00, 0x00, 0x00, 0xB8, 0x2D, 0x07, 0xF0, 0x00, 0x00, 0x0B, 0x82, 0xC0, 0x0F, 0xC0, 0x00, 0x00,
    0xB8, 0x04, 0x00, 0x3F, 0x00, 0x00, 0x0B, 0x80, 0x00, 0x00, 0xFC, 0x00, 0x00, 0xB8, 0x00, 0x00,
    0x03, 0xF0, 0x00, 0x0B, 0x80, 0x00, 0x00, 0x0F, 0xC0, 0x00, 0xB8, 0x00, 0x00, 0x00, 0x3F, 0x00,
    0x0B, 0x80, 0x00, 0x00, 0x00, 0xFC, 0x00, 0xB8, 0x00, 0x00, 0x00, 0x03, 0xF0, 0x0B, 0x80, 0x00,
    0x00, 0x00, 0x0F, 0xC0, 0xB8, 0x00, 0x00, 0x00, 0x00, 0x3F, 0x0B, 0x80, 0x00, 0x00, 0x00, 0x00,
    0xE0, 0xB8, 0x00, 0x00, 0x00, 0x00, 0x00, 0x01, 0x40, 0x00, 0x00, 0x00, 0x00, 0x00, 0x00, 0x00,
    0x00, 0x00, 0x00, 0x00, 0x90, 0x00, 0x00, 0x00, 0x00, 0x00, 0x1E, 0x07, 0x00, 0x00, 0x00, 0x00,
    0x01, 0xE0, 0xBC, 0x00, 0x00, 0x00, 0x00, 0x1E, 0x03, 0xF0, 0x00, 0x00, 0x00, 0x01, 0xE0, 0x0B,
    0xC0, 0x00, 0x00, 0x00, 0x1E, 0x00, 0x2F, 0x00, 0x00, 0x00, 0x01, 0xE0, 0x00, 0xBC, 0x00, 0x00,
    0x00, 0x1E, 0x00, 0x02, 0xF4, 0x00, 0x00, 0x01, 0xE0, 0x00, 0x0B, 0xD0, 0x00, 0x00, 0x1E, 0x00,
    0x00, 0x2F, 0x40, 0x00, 0x01, 0xE0, 0x00, 0x00, 0xBD, 0x00, 0x00, 0x1E, 0x00, 0x00, 0x02, 0xF4,
    0x03, 0x81, 0xE0, 0x00, 0x00, 0x0B, 0xD0, 0x3C, 0x1E, 0x00, 0x00, 0x00, 0x2F, 0x47, 0xC1, 0xE0,
    0x00, 0x00, 0x00, 0xBD, 0xBC, 0x1E, 0x00, 0x00, 0x00, 0x02, 0xFF, 0xC1, 0xE0, 0x00, 0x00, 0x00,
    0x0B, 0xFC, 0x1E, 0x00, 0x00, 0x00, 0x1B, 0xFF, 0xC1, 0xE0, 0x00, 0x00, 0x0F, 0xFF, 0xFD, 0x1E,
    0x00, 0x00, 0x00, 0x15, 0x5B, 0xE1, 0xE0, 0x00, 0x00, 0x00, 0x00, 0x00, 0x1E, 0x00, 0x00, 0x00,
    0x00, 0x00, 0x01, 0xEB, 0xFF, 0xFF, 0xFF, 0xFF, 0xFF, 0xFE, 0xBF, 0xFF, 0xFF, 0xFF, 0xFF, 0xFF,
    0xE0, 0x00, 0x00, 0x00, 0x00, 0x00, 0x00, 0x34, 0x00, 0x00, 0x00, 0x37, 0x40, 0x00, 0x00, 0x30,
    0x34, 0x00, 0x00, 0x30, 0x03, 0x40, 0x00, 0x30, 0x00, 0x34, 0x00, 0x30, 0x00, 0x03, 0x40, 0x30,
    0x00, 0x00, 0x34, 0x3F, 0xE0, 0x02, 0xFF, 0x40, 0x0C, 0x00, 0x90, 0x00, 0x03, 0x00, 0x24, 0x00,
    0x00, 0xC0, 0x09, 0x00, 0x00, 0x30, 0x02, 0x40, 0x00, 0x0C, 0x00, 0x90, 0x00, 0x03, 0x00, 0x24,
    0x00, 0x00, 0xC0, 0x09, 0x00, 0x00, 0x30, 0x02, 0x40, 0x00, 0x0C, 0x00, 0x90, 0x03, 0xFE, 0x00,
    0x2F, 0xF4, 0x30, 0x00, 0x00, 0x34, 0x03, 0x00, 0x00, 0x34, 0x00, 0x30, 0x00, 0x34, 0x00, 0x03,
    0x00, 0x34, 0x00, 0x00, 0x30, 0x34, 0x00, 0x00, 0x03, 0x74, 0x00, 0x00, 0x00, 0x34, 0x00, 0x00,
    0x00, 0x00, 0x00, 0x00, 0x00, 0x00, 0x00, 0x00, 0x00, 0x00, 0x00, 0x00, 0x02, 0xFF, 0x40, 0x0F,
    0x00, 0x00, 0x00, 0x7F, 0xFF, 0x80, 0x1F, 0x00, 0x00, 0x07, 0xE0, 0x1F, 0x80, 0x2F, 0x40, 0x00,
    0x2E, 0x00, 0x0F, 0x00, 0x3F, 0x82, 0xFF, 0xFF, 0xFF, 0xFF, 0xFF, 0xFF, 0xEB, 0xFF, 0xFF, 0xFF,
    0xFF, 0xFF, 0xFF, 0x80, 0x0F, 0x40, 0x03, 0xC0, 0x0B, 0xF4, 0x00, 0x1F, 0x00, 0x2E, 0x00, 0x7F,
    0x00, 0x00, 0x3F, 0x42, 0xF0, 0x03, 0xF0, 0x00, 0x00, 0x3F, 0xFF, 0x40, 0x1F, 0x00, 0x00, 0x00,
    0x2F, 0xE0, 0x00, 0xF0, 0x00, 0x00, 0x24, 0x00, 0x00, 0x50, 0x00, 0x01, 0xE0, 0x00, 0x03, 0xC0,
    0x00, 0x07, 0x80, 0x00, 0x2F, 0x80, 0x00, 0x1E, 0x00, 0x01, 0xFF, 0x40, 0x00, 0x78, 0x00, 0x0F,
    0xFF, 0x00, 0x01, 0xE0, 0x00, 0xFF, 0xFF, 0x00, 0x07, 0x80, 0x0F, 0xDF, 0x7F, 0x00, 0x1E, 0x00,
    0xB8, 0x3C, 0x2E, 0x00, 0x78, 0x01, 0x00, 0xF0, 0x04, 0x01, 0xE0, 0x00, 0x03, 0xC0, 0x00, 0x07,
    0x80, 0x00, 0x0F, 0x00, 0x00, 0x1E, 0x00, 0x00, 0x3C, 0x00, 0x00, 0x78, 0x00, 0x00, 0xF0, 0x00,
    0x01, 0xE0, 0x00, 0x03, 0xC0, 0x00, 0x07, 0x80, 0x00, 0x0F, 0x00, 0x00, 0x1E, 0x00, 0x00, 0x3C,
    0x00, 0x00, 0x78, 0x00, 0x00, 0xF0, 0x00, 0x01, 0xE0, 0x00, 0x03, 0xC0, 0x00, 0x07, 0x80, 0x00,
    0x0F, 0x00, 0x34, 0x1E, 0x02, 0x40, 0x3C, 0x00, 0xFC, 0x78, 0xBD, 0x00, 0xF0, 0x00, 0xFE, 0xFF,
    0xD0, 0x03, 0xC0, 0x00, 0xFF, 0xFD, 0x00, 0x0F, 0x00, 0x00, 0xFF, 0xD0, 0x00, 0x3C, 0x00, 0x01,
    0xFE, 0x00, 0x00, 0xF0, 0x00, 0x02, 0xF0, 0x00, 0x03, 0xC0, 0x00, 0x03, 0x40, 0x00, 0x0F, 0x00,
    0x00, 0x00, 0x00, 0x00, 0x00, 0x01, 0x40, 0x00, 0x00, 0x00, 0x00, 0x00, 0x0B, 0x40, 0x00, 0x00,
    0x00, 0x00, 0x00, 0x0F, 0x40, 0x00, 0x00, 0x00, 0x00, 0x00, 0x1F, 0x80, 0x00, 0x00, 0x00, 0x00,
    0x00, 0x3F, 0xC2, 0xFF, 0xFF, 0xFF, 0xFF, 0xFF, 0xFF, 0xEB, 0xFF, 0xFF, 0xFF, 0xFF, 0xFF, 0xFF,
    0x80, 0x00, 0x00, 0x00, 0x00, 0x0F, 0xF0, 0x00, 0x00, 0x00, 0x00, 0x00, 0xBE, 0x00, 0x00, 0x00,
    0x00, 0x00, 0x03, 0xD0, 0x00, 0x00, 0x00, 0x00, 0x00, 0x2D, 0x00, 0x00, 0x00, 0x00, 0x00, 0x00,
    0xE0, 0x00, 0x00, 0x00, 0x00, 0x00, 0x02, 0xD0, 0x00, 0x00, 0x00, 0x00, 0x00, 0x03, 0xD0, 0x00,
    0x00, 0x00, 0x00, 0x00, 0x07, 0xE0, 0x00, 0x00, 0x00, 0x00, 0x00, 0x0F, 0xF0, 0xBF, 0xFF, 0xFF,
    0xFF, 0xFF, 0xFF, 0xFA, 0xFF, 0xFF, 0xFF, 0xFF, 0xFF, 0xFF, 0xE0, 0x00, 0x00, 0x00, 0x00, 0x03,
    0xFC, 0x00, 0x00, 0x00, 0x00, 0x00, 0x2F, 0x80, 0x00, 0x00, 0x00, 0x00, 0x00, 0xF4, 0x00, 0x00,
    0x00, 0x00, 0x00, 0x0B, 0x40, 0x00, 0x00, 0x00, 0x00, 0x00, 0x38, 0x00, 0x00, 0x00, 0x00, 0x00,
    0x00, 0xB4, 0x00, 0x00, 0x00, 0x00, 0x00, 0x00, 0xF4, 0x00, 0x00, 0x00, 0x00, 0x00, 0x01, 0xF8,
    0x00, 0x00, 0x00, 0x00, 0x00, 0x03, 0xFC, 0x2F, 0xFF, 0xFF, 0xFF, 0xFF, 0xFF, 0xFE, 0xBF, 0xFF,
    0xFF, 0xFF, 0xFF, 0xFF, 0xF8, 0x00, 0x00, 0x00, 0x00, 0x00, 0xFF, 0x00, 0x00, 0x00, 0x00, 0x00,
    0x0B, 0xE0, 0x00, 0x00, 0x00, 0x00, 0x00, 0x3D, 0x00, 0x00, 0x00, 0x00, 0x00, 0x02, 0xD0, 0x00,
    0x00, 0x00, 0x00, 0x00, 0x05, 0x00, 0x00, 0x00, 0x02, 0x00, 0x02, 0x40, 0x00, 0x00, 0x00, 0x3C,
    0x00, 0x1E, 0x00, 0x00, 0x00, 0x03, 0xD0, 0x00, 0x78, 0x00, 0x00, 0x00, 0x7F, 0x00, 0x01, 0xE0,
    0x00, 0x00, 0x0B, 0xF0, 0x00, 0x07, 0x80, 0x00, 0x01, 0xFF, 0xFF, 0xFF, 0xFF, 0xFF, 0xFF, 0xF7,
    0xFF, 0xFF, 0xFF, 0xFF, 0xFF, 0xFF, 0xC2, 0xFC, 0x00, 0x01, 0xE0, 0x00, 0x00, 0x01, 0xFC, 0x00,
    0x07, 0x80, 0x00, 0x00, 0x00, 0xF4, 0x00, 0x1E, 0x00, 0x00, 0x00, 0x00, 0xF0, 0x00, 0x78, 0x00,
    0x00, 0x00, 0x00, 0x40, 0x01, 0xE0, 0x00, 0x00, 0x00, 0x00, 0x02, 0x40, 0x01, 0x40, 0x00, 0x00,
    0x00, 0x1F, 0x00, 0x0B, 0x40, 0x00, 0x00, 0x00, 0x7C, 0x00, 0x0F, 0x40, 0x00, 0x00, 0x01, 0xF0,
    0x00, 0x1F, 0x80, 0x00, 0x00, 0x07, 0xC0, 0x00, 0x3F, 0xC2, 0xFF, 0xFF, 0xFF, 0xFF, 0xFF, 0xFF,
    0xEB, 0xFF, 0xFF, 0xFF, 0xFF, 0xFF, 0xFF, 0x80, 0x00, 0x01, 0xF0, 0x00, 0x0F, 0xF0, 0x00, 0x00,
    0x07, 0xC0, 0x00, 0xBE, 0x00, 0x00, 0x00, 0x1F, 0x00, 0x03, 0xD0, 0x00, 0x00, 0x00, 0x7C, 0x00,
    0x2D, 0x00, 0x00, 0x00, 0x00, 0x50, 0x00, 0x50, 0x00, 0x00, 0x02, 0x00, 0x06, 0x00, 0x05, 0x00,
    0x00, 0x00, 0x3C, 0x00, 0x2D, 0x00, 0x0F, 0x00, 0x00, 0x03, 0xD0, 0x00, 0xB4, 0x00, 0x2F, 0x00,
    0x00, 0x7F, 0x00, 0x02, 0xD0, 0x00, 0x3F, 0x00, 0x0B, 0xF0, 0x00, 0x0B, 0x80, 0x00, 0x7F, 0x41,
    0xFF, 0xFF, 0xFF, 0xFF, 0xFF, 0xFF, 0xFF, 0xC7, 0xFF, 0xFF, 0xFF, 0xFF, 0xFF, 0xFF, 0xFF, 0x02,
    0xFC, 0x00, 0x02, 0xD0, 0x00, 0x1F, 0xD0, 0x01, 0xFC, 0x00, 0x0B, 0x40, 0x00, 0xFC, 0x00, 0x00,
    0xF4, 0x00, 0x2D, 0x00, 0x0B, 0xC0, 0x00, 0x00, 0xF0, 0x00, 0xB4, 0x00, 0x3C, 0x00, 0x00, 0x00,
    0x40, 0x02, 0xD0, 0x01, 0x40, 0x00, 0x00, 0x02, 0x00, 0x24, 0x18, 0x00, 0x00, 0x00, 0x3C, 0x01,
    0xE0, 0xB4, 0x00, 0x00, 0x03, 0xD0, 0x07, 0x82, 0xD0, 0x00, 0x00, 0x7F, 0x00, 0x1E, 0x0B, 0x40,
    0x00, 0x0B, 0xF0, 0x00, 0xB8, 0x3D, 0x00, 0x01, 0xFF, 0xFF, 0xFF, 0xFF, 0xFF, 0xFF, 0xF7, 0xFF,
    0xFF, 0xFF, 0xFF, 0xFF, 0xFF, 0xC2, 0xFC, 0x00, 0x1E, 0x0B, 0x40, 0x00, 0x01, 0xFC, 0x00, 0x78,
    0x2D, 0x00, 0x00, 0x00, 0xF4, 0x01, 0xE0, 0xB4, 0x00, 0x00, 0x00, 0xF0, 0x07, 0x82, 0xD0, 0x00,
    0x00, 0x00, 0x40, 0x1E, 0x0B, 0x40, 0x00, 0x00, 0x00, 0x60, 0x24, 0x01, 0x40, 0x00, 0x00, 0x03,
    0xC1, 0xF0, 0x0B, 0x40, 0x00, 0x00, 0x0F, 0x07, 0xC0, 0x0F, 0x40, 0x00, 0x00, 0x3C, 0x1F, 0x00,
    0x1F, 0x80, 0x00, 0x00, 0xF0, 0x7C, 0x00, 0x3F, 0xC2, 0xFF, 0xFF, 0xFF, 0xFF, 0xFF, 0xFF, 0xEB,
    0xFF, 0xFF, 0xFF, 0xFF, 0xFF, 0xFF, 0x80, 0x00, 0x3C, 0x1F, 0x00, 0x0F, 0xF0, 0x00, 0x00, 0xF0,
    0x7C, 0x00, 0xBE, 0x00, 0x00, 0x03, 0xC1, 0xF0, 0x03, 0xD0, 0x00, 0x00, 0x0F, 0x07, 0xC0, 0x2D,
    0x00, 0x00, 0x00, 0x14, 0x05, 0x00, 0x50, 0x00, 0x00, 0x02, 0x00, 0x60, 0x28, 0x05, 0x00, 0x00,
    0x00, 0x3C, 0x03, 0xD0, 0xF0, 0x0F, 0x00, 0x00, 0x03, 0xD0, 0x0F, 0x43, 0xC0, 0x2F, 0x00, 0x00,
    0x7F, 0x00, 0x3D, 0x0F, 0x00, 0x3F, 0x00, 0x0B, 0xF0, 0x00, 0xF4, 0x3C, 0x00, 0x7F, 0x41, 0xFF,
    0xFF, 0xFF, 0xFF, 0xFF, 0xFF, 0xFF, 0xC7, 0xFF, 0xFF, 0xFF, 0xFF, 0xFF, 0xFF, 0xFF, 0x02, 0xFC,
    0x00, 0x3D, 0x0F, 0x00, 0x1F, 0xD0, 0x01, 0xFC, 0x00, 0xF4, 0x3C, 0x00, 0xFC, 0x00, 0x00, 0xF4,
    0x03, 0xD0, 0xF0, 0x0B, 0xC0, 0x00, 0x00, 0xF0, 0x0F, 0x43, 0xC0, 0x3C, 0x00, 0x00, 0x00, 0x40,
    0x3D, 0x0F, 0x01, 0x40, 0x00, 0x00, 0x01, 0x00, 0x00, 0x00, 0x00, 0x00, 0x00, 0x2C, 0x00, 0x00,
    0x00, 0x00, 0x00, 0x03, 0xF0, 0x00, 0x00, 0x00, 0x00, 0x00, 0x7F, 0xC0, 0x00, 0x00, 0x00, 0x00,
    0x0B, 0xFF, 0x00, 0x00, 0x00, 0x00, 0x00, 0xFD, 0x3F, 0xFF, 0xFF, 0xFF, 0xFF, 0xF2, 0xF8, 0xFF,
    0xFF, 0xFF, 0xFF, 0xFF, 0xC1, 0xFF, 0xC0, 0x00, 0x00, 0x00, 0x00, 0x01, 0xFF, 0x00, 0x00, 0x00,
    0x00, 0x00, 0x00, 0xBC, 0x00, 0x00, 0x00, 0x00, 0x00, 0x00, 0xB0, 0x00, 0x00, 0x00, 0x00, 0x00,
    0x00, 0x00, 0x00, 0x00, 0x00, 0x00, 0x00, 0x00, 0x00, 0x00, 0x01, 0x00, 0x00, 0x00, 0x00, 0x00,
    0x00, 0x0B, 0x00, 0x00, 0x00, 0x00, 0x00, 0x00, 0x2F, 0x40, 0x00, 0x00, 0x00, 0x00, 0x00, 0xBF,
    0x80, 0x00, 0x00, 0x00, 0x00, 0x02, 0xFF, 0xC2, 0xFF, 0xFF, 0xFF, 0xFF, 0xFF, 0x4F, 0xDB, 0xFF,
    0xFF, 0xFF, 0xFF, 0xFD, 0x7F, 0x40, 0x00, 0x00, 0x00, 0x00, 0xBF, 0xE0, 0x00, 0x00, 0x00, 0x00,
    0x02, 0xFE, 0x00, 0x00, 0x00, 0x00, 0x00, 0x0B, 0xD0, 0x00, 0x00, 0x00, 0x00, 0x00, 0x2C, 0x00,
    0x00, 0x00, 0x00, 0x00, 0x00, 0x00, 0x00, 0x00, 0x01, 0x00, 0x00, 0x00, 0x00, 0x10, 0x00, 0x00,
    0x02, 0xC0, 0x00, 0x00, 0x00, 0x0E, 0x00, 0x00, 0x03, 0xF0, 0x00, 0x00, 0x00, 0x03, 0xF0, 0x00,
    0x07, 0xFC, 0x00, 0x00, 0x00, 0x00, 0xFF, 0x40, 0x0B, 0xFF, 0x00, 0x00, 0x00, 0x00, 0x3F, 0xF8,
    0x0F, 0xD3, 0xFF, 0xFF, 0xFF, 0xFF, 0xFF, 0x1F, 0xC2, 0xF8, 0xFF, 0xFF, 0xFF, 0xFF, 0xFF, 0xCB,
    0xF0, 0x1F, 0xFC, 0x00, 0x00, 0x00, 0x00, 0xFF, 0xE0, 0x01, 0xFF, 0x00, 0x00, 0x00, 0x00, 0x3F,
    0xD0, 0x00, 0x0B, 0xC0, 0x00, 0x00, 0x00, 0x0F, 0xC0, 0x00, 0x00, 0xB0, 0x00, 0x00, 0x00, 0x03,
    0x80, 0x00, 0x00, 0x00, 0x00, 0x00, 0x00, 0x00, 0x00, 0x00, 0x7D, 0x00, 0x00, 0x00, 0xBC, 0x3F,
    0x00, 0x00, 0x00, 0xF8, 0x2F, 0x00, 0x00, 0x01, 0xF4, 0x0F, 0x80, 0x00, 0x03, 0xF0, 0x0F, 0xC0,
    0x00, 0x03, 0xD0, 0x07, 0xC0, 0x00, 0x0B, 0xC0, 0x03, 0xE0, 0x00, 0x0F, 0x80, 0x02, 0xFF, 0xFF,
    0xFF, 0x40, 0x00, 0xFF, 0xFF, 0xFF, 0x00, 0x00, 0xFC, 0x00, 0x3E, 0x00, 0x00, 0x7C, 0x00, 0x7C,
    0x00, 0x00, 0x3D, 0x00, 0xF8, 0x00, 0x00, 0x2F, 0x00, 0xF4, 0x00, 0x00, 0x1F, 0x02, 0xF0, 0x00,
    0x00, 0x0F, 0x83, 0xE0, 0x00, 0x00, 0x0B, 0xC3, 0xC0, 0x00, 0x00, 0x03, 0xCB, 0xC0, 0x00, 0x00,
    0x02, 0xEF, 0x40, 0x00, 0x00, 0x01, 0xFF, 0x00, 0x00, 0x00, 0x00, 0xFE, 0x00, 0x00, 0x00, 0x00,
    0xBC, 0x00, 0x00, 0x00, 0x00, 0x00, 0x0F, 0xF8, 0x00, 0xFF, 0xFC, 0x0F, 0xC1, 0xF4, 0x3D, 0x02,
    0xE1, 0xF0, 0x07, 0xC7, 0xC0, 0x1F, 0x2F, 0x00, 0x14, 0xBC, 0x00, 0x02, 0xF0, 0x00, 0x0B, 0xC0,
    0x00, 0x2F, 0x00, 0x00, 0xBC, 0x00, 0x02, 0xF0, 0x00, 0x0B, 0xC0, 0x00, 0x2F, 0x00, 0x28, 0x7C,
    0x01, 0xF1, 0xF0, 0x07, 0xC3, 0xD0, 0x3E, 0x0F, 0xD2, 0xF0, 0x0F, 0xFF, 0x80, 0x0B, 0xF4, 0x00,
    0x00, 0x00, 0x00, 0x00, 0x2F, 0xF8, 0x00, 0x1F, 0xFF, 0xF0, 0x03, 0xE0, 0x2F, 0xC0, 0x14, 0x00,
    0xBD, 0x00, 0x00, 0x03, 0xF0, 0x00, 0x00, 0x1F, 0x40, 0x01, 0x50, 0xF8, 0x01, 0xFF, 0xEF, 0xC0,
    0xBE, 0x5B, 0xFC, 0x1F, 0x40, 0x1F, 0xC3, 0xE0, 0x00, 0xBC, 0x7D, 0x00, 0x07, 0xCB, 0xC0, 0x00,
    0x7C, 0xBC, 0x00, 0x07, 0xCB, 0xC0, 0x00, 0xBC, 0xBC, 0x00, 0x0F, 0x87, 0xD0, 0x01, 0xF4, 0x3E,
    0x00, 0x3F, 0x01, 0xF9, 0x1F, 0xD0, 0x0B, 0xFF, 0xF4, 0x00, 0x1B, 0xF8, 0x00, 0x7F, 0xFF, 0xFF,
    0xF1, 0xFF, 0xFF, 0xFF, 0xC0, 0x00, 0x00, 0x1F, 0x00, 0x00, 0x00, 0x3C, 0x00, 0x00, 0x00, 0xF0,
    0x00, 0x00, 0x03, 0xC0, 0x00, 0x00, 0x0F, 0x00, 0x00, 0x00, 0x3C, 0x00, 0x00, 0x00, 0xF0, 0xBF,
    0xFF, 0xFF, 0xC2, 0xFF, 0xFF, 0xFF, 0x00, 0x00, 0x00, 0x7C, 0x00, 0x00, 0x00, 0xF0, 0x00, 0x00,
    0x03, 0xC0, 0x00, 0x00, 0x0F, 0x00, 0x00, 0x00, 0x3C, 0x00, 0x00, 0x00, 0xF0, 0x00, 0x00, 0x03,
    0xC0, 0x00, 0x00, 0x1F, 0x2F, 0xFF, 0xFF, 0xFC, 0xBF, 0xFF, 0xFF, 0xF0, 0x00, 0x00, 0x04, 0x00,
    0x00, 0x00, 0xB4, 0x00, 0x00, 0x03, 0xC0, 0x1F, 0xFF, 0xFF, 0xFC, 0x7F, 0xFF, 0xFF, 0xF0, 0x00,
    0x03, 0xD7, 0xC0, 0x00, 0x0F, 0x0F, 0x00, 0x00, 0x38, 0x3C, 0x00, 0x01, 0xD0, 0xF0, 0x00, 0x0B,
    0x03, 0xC0, 0x00, 0x3C, 0x0F, 0x00, 0x00, 0xE0, 0x3C, 0x2F, 0xFF, 0xFF, 0xF0, 0xBF, 0xFF, 0xFF,
    0xC0, 0x00, 0xF0, 0x1F, 0x00, 0x07, 0x80, 0x3C, 0x00, 0x2D, 0x00, 0xF0, 0x00, 0xF0, 0x03, 0xC0,
    0x03, 0xC0, 0x0F, 0x00, 0x1E, 0x00, 0x3C, 0x00, 0xB4, 0x00, 0xF0, 0x03, 0xD0, 0x07, 0xCB, 0xFF,
    0xFF, 0xFF, 0x2F, 0xFF, 0xFF, 0xFC, 0x02, 0xD0, 0x00, 0x00, 0x0F, 0x00, 0x00, 0x00, 0x00, 0x00,
    0x00, 0x00, 0x00, 0x00, 0x00, 0x00, 0x00, 0x00, 0x00, 0x1B, 0xFF, 0x40, 0x0C, 0x00, 0x1F, 0xFF,
    0xFF, 0x83, 0xD0, 0x0B, 0xF4, 0x01, 0xBF, 0xF8, 0x03, 0xF4, 0x00, 0x01, 0xFE, 0x00, 0xBC, 0x00,
    0x00, 0x0F, 0xF0, 0x0F, 0x40, 0x00, 0x03, 0xEF, 0x42, 0xE0, 0x00, 0x00, 0xF8, 0x7C, 0x3C, 0x00,
    0x00, 0x3E, 0x03, 0xD7, 0xC0, 0x00, 0x0F, 0x40, 0x2E, 0x78, 0x00, 0x03, 0xD0, 0x01, 0xE7, 0x80,
    0x00, 0xF4, 0x00, 0x1F, 0x78, 0x00, 0x3D, 0x00, 0x01, 0xE7, 0xC0, 0x0F, 0x40, 0x00, 0x2E, 0x3C,
    0x03, 0xD0, 0x00, 0x03, 0xD2, 0xE1, 0xF4, 0x00, 0x00, 0x7C, 0x0F, 0xBD, 0x00, 0x00, 0x0F, 0x40,
    0xBF, 0x40, 0x00, 0x03, 0xF0, 0x07, 0xF4, 0x00, 0x01, 0xFC, 0x01, 0xFB, 0xF9, 0x01, 0xFF, 0x00,
    0x3D, 0x1F, 0xFF, 0xFF, 0x80, 0x02, 0x40, 0x1B, 0xFE, 0x40, 0x00, 0x00, 0x00, 0x00, 0x00, 0x00,
    0x00, 0x00, 0x01, 0x90, 0x00, 0x00, 0x00, 0xFC, 0x00, 0x00, 0x00, 0xBF, 0x40, 0x00, 0x00, 0x3F,
    0xF0, 0x00, 0x00, 0x1F, 0x7C, 0x00, 0x00, 0x0B, 0xCF, 0x40, 0x00, 0x03, 0xE3, 0xF0, 0x00, 0x01,
    0xF0, 0x7C, 0x00, 0x00, 0xBC, 0x0F, 0x40, 0x00, 0x3E, 0x03, 0xF0, 0x00, 0x1F, 0x00, 0x7C, 0x00,
    0x0B, 0xC0, 0x0F, 0x80, 0x03, 0xE0, 0x03, 0xF0, 0x01, 0xF0, 0x00, 0x7C, 0x00, 0xBC, 0x00, 0x0F,
    0x80, 0x3E, 0x00, 0x03, 0xF0, 0x1F, 0x00, 0x00, 0x7C, 0x0B, 0xC0, 0x00, 0x0F, 0x83, 0xE0, 0x00,
    0x03, 0xF1, 0xFF, 0xFF, 0xFF, 0xFC, 0x7F, 0xFF, 0xFF, 0xFF, 0x40, 0x00, 0x00, 0x00, 0x00, 0x1F,
    0xFF, 0xFF, 0xFF, 0xD7, 0xFF, 0xFF, 0xFF, 0xF0, 0xF8, 0x00, 0x00, 0xBC, 0x2F, 0x00, 0x00, 0x3E,
    0x07, 0xD0, 0x00, 0x1F, 0x00, 0xF8, 0x00, 0x0B, 0xC0, 0x2F, 0x00, 0x03, 0xE0, 0x07, 0xD0, 0x01,
    0xF0, 0x00, 0xF8, 0x00, 0xBC, 0x00, 0x2F, 0x00, 0x3D, 0x00, 0x07, 0xD0, 0x1F, 0x00, 0x00, 0xF8,
    0x0B, 0xC0, 0x00, 0x2F, 0x03, 0xD0, 0x00, 0x07, 0xD1, 0xF0, 0x00, 0x00, 0xF8, 0xBC, 0x00, 0x00,
    0x2F, 0x3D, 0x00, 0x00, 0x03, 0xDF, 0x00, 0x00, 0x00, 0xFF, 0xC0, 0x00, 0x00, 0x2F, 0xD0, 0x00,
    0x00, 0x03, 0xF0, 0x00, 0x00, 0x00, 0x54, 0x00, 0x00, 0x00, 0x0A, 0xFF, 0xFF, 0xF0, 0x0F, 0xFF,
    0xFF, 0xFF, 0x07, 0xF9, 0x00, 0x00, 0x00, 0xFC, 0x00, 0x00, 0x00, 0x2F, 0x00, 0x00, 0x00, 0x03,
    0xD0, 0x00, 0x00, 0x00, 0x7C, 0x00, 0x00, 0x00, 0x07, 0x80, 0x00, 0x00, 0x00, 0x7F, 0xFF, 0xFF,
    0xFF, 0xF7, 0xFF, 0xFF, 0xFF, 0xFF, 0x78, 0x00, 0x00, 0x00, 0x03, 0xC0, 0x00, 0x00, 0x00, 0x2E,
    0x00, 0x00, 0x00, 0x00, 0xF8, 0x00, 0x00, 0x00, 0x07, 0xF9, 0x00, 0x00, 0x00, 0x0F, 0xFF, 0xFF,
    0xFF, 0x00, 0x0A, 0xFF, 0xFF, 0xF0, 0x00, 0x00, 0x00, 0x04, 0x00, 0x00, 0x00, 0x00, 0xF0, 0x00,
    0x00, 0x00, 0x1E, 0x00, 0x00, 0x00, 0x02, 0xD0, 0x00, 0x0A, 0xFF, 0xFF, 0xF0, 0x0F, 0xFF, 0xFF,
    0xFF, 0x07, 0xF9, 0x00, 0xF0, 0x00, 0xFC, 0x00, 0x0F, 0x00, 0x2F, 0x00, 0x01, 0xE0, 0x03, 0xD0,
    0x00, 0x3C, 0x00, 0x7C, 0x00, 0x03, 0xC0, 0x07, 0x80, 0x00, 0xB8, 0x00, 0x7F, 0xFF, 0xFF, 0xFF,
    0xF7, 0xFF, 0xFF, 0xFF, 0xFF, 0x7C, 0x00, 0x2D, 0x00, 0x03, 0xC0, 0x03, 0xC0, 0x00, 0x2E, 0x00,
    0x78, 0x00, 0x00, 0xF8, 0x0F, 0x00, 0x00, 0x07, 0xF9, 0xF0, 0x00, 0x00, 0x0F, 0xFF, 0xFF, 0xFF,
    0x00, 0x1B, 0xFF, 0xFF, 0xF0, 0x00, 0x78, 0x00, 0x00, 0x00, 0x0F, 0x00, 0x00, 0x00, 0x00, 0xB0,
    0x00, 0x00, 0x00, 0x00, 0x00, 0x00, 0x00, 0x00, 0x6F, 0xFF, 0xE0, 0x7F, 0xFF, 0xFE, 0x1F, 0xD0,
    0x00, 0x03, 0xE0, 0x00, 0x00, 0x7C, 0x00, 0x00, 0x07, 0x80, 0x00, 0x00, 0x7F, 0xFF, 0xFF, 0xE7,
    0xFF, 0xFF, 0xFE, 0x78, 0x00, 0x00, 0x03, 0xD0, 0x00, 0x00, 0x1F, 0x90, 0x00, 0x00, 0x7F, 0xFF,
    0xFE, 0x00, 0x7F, 0xFF, 0xE0, 0xBF, 0xFF, 0xFE, 0x40, 0x0B, 0xFF, 0xFF, 0xFF, 0x40, 0x00, 0x00,
    0x06, 0xFE, 0x00, 0x00, 0x00, 0x02, 0xF4, 0x00, 0x00, 0x00, 0x0B, 0xC0, 0x00, 0x00, 0x00, 0x3D,
    0x00, 0x00, 0x00, 0x02, 0xE0, 0x00, 0x00, 0x00, 0x1E, 0xBF, 0xFF, 0xFF, 0xFF, 0xFB, 0xFF, 0xFF,
    0xFF, 0xFE, 0x00, 0x00, 0x00, 0x01, 0xE0, 0x00, 0x00, 0x00, 0x3D, 0x00, 0x00, 0x00, 0x07, 0xC0,
    0x00, 0x00, 0x01, 0xF4, 0x00, 0x00, 0x01, 0xFE, 0x0B, 0xFF, 0xFF, 0xFF, 0x40, 0xBF, 0xFF, 0xFE,
    0x40, 0x00, 0x00, 0x00, 0x01, 0x00, 0x00, 0x00, 0x00, 0x3C, 0x00, 0x00, 0x00, 0x0B, 0x40, 0x00,
    0x00, 0x00, 0xF0, 0x00, 0xBF, 0xFF, 0xFF, 0x40, 0x0B, 0xFF, 0xFF, 0xFF, 0x40, 0x00, 0x00, 0x3E,
    0xFE, 0x00, 0x00, 0x07, 0x82, 0xF4, 0x00, 0x00, 0xB4, 0x0B, 0xC0, 0x00, 0x0F, 0x00, 0x3D, 0x00,
    0x00, 0xF0, 0x02, 0xE0, 0x00, 0x2D, 0x00, 0x1E, 0xBF, 0xFF, 0xFF, 0xFF, 0xFB, 0xFF, 0xFF, 0xFF,
    0xFE, 0x00, 0x0B, 0x40, 0x01, 0xE0, 0x00, 0xF0, 0x00, 0x3D, 0x00, 0x1E, 0x00, 0x07, 0xC0, 0x03,
    0xC0, 0x01, 0xF4, 0x00, 0x3C, 0x01, 0xFE, 0x0B, 0xFF, 0xFF, 0xFF, 0x40, 0xBF, 0xFF, 0xFE, 0x40,
    0x00, 0x1E, 0x00, 0x00, 0x00, 0x02, 0xD0, 0x00, 0x00, 0x00, 0x2C, 0x00, 0x00, 0x00, 0x00, 0x00,
    0x00, 0x00, 0x00, 0xBF, 0xFF, 0xE0, 0x0B, 0xFF, 0xFF, 0xD0, 0x00, 0x00, 0x6F, 0x40, 0x00, 0x00,
    0xBC, 0x00, 0x00, 0x03, 0xD0, 0x00, 0x00, 0x2E, 0xBF, 0xFF, 0xFF, 0xEB, 0xFF, 0xFF, 0xFE, 0x00,
    0x00, 0x02, 0xD0, 0x00, 0x00, 0x7C, 0x00, 0x00, 0x6F, 0x4B, 0xFF, 0xFF, 0xD0, 0xBF, 0xFF, 0xE0,
    0x00, 0x6A, 0xAA, 0xAA, 0x9B, 0xFF, 0xFF, 0xFE, 0xBF, 0xFF, 0xFF, 0xEB, 0xFF, 0xFF, 0xFE, 0xBF,
    0xFF, 0xFF, 0xEB, 0xFF, 0xFF, 0xFE, 0xBF, 0xFF, 0xFF, 0xEB, 0xFF, 0xFF, 0xFE, 0xBF, 0xFF, 0xFF,
    0xEB, 0xFF, 0xFF, 0xFE, 0xBF, 0xFF, 0xFF, 0xEB, 0xFF, 0xFF, 0xFE, 0xBF, 0xFF, 0xFF, 0xEB, 0xFF,
    0xFF, 0xFE, 0xBF, 0xFF, 0xFF, 0xEB, 0xFF, 0xFF, 0xFE, 0xBF, 0xFF, 0xFF, 0xEB, 0xFF, 0xFF, 0xFE,
    0xBF, 0xFF, 0xFF, 0xEB, 0xFF, 0xFF, 0xFE, 0x00, 0x00, 0x00, 0x00, 0x00, 0x00, 0x2F, 0xFF, 0xFF,
    0xFF, 0xFF, 0xFF, 0xC1, 0xBF, 0xFF, 0xFF, 0xFF, 0xFF, 0x90, 0x0F, 0x80, 0x00, 0x00, 0x0F, 0x80,
    0x03, 0xE0, 0x00, 0x00, 0x03, 0xE0, 0x00, 0xF8, 0x00, 0x00, 0x00, 0xF8, 0x00, 0x3E, 0x00, 0x00,
    0x00, 0x3E, 0x00, 0x0F, 0x80, 0x00, 0x00, 0x0F, 0x80, 0x03, 0xE0, 0x00, 0x00, 0x03, 0xE0, 0x00,
    0xF8, 0x00, 0x00, 0x00, 0xF8, 0x00, 0x3E, 0x00, 0x00, 0x00, 0x3E, 0x00, 0x0F, 0x80, 0x00, 0x00,
    0x0F, 0x80, 0x03, 0xE0, 0x00, 0x00, 0x03, 0xE0, 0x00, 0xF8, 0x00, 0x00, 0x00, 0xF8, 0x00, 0x3E,
    0x00, 0x00, 0x00, 0x3E, 0x00, 0x0F, 0x80, 0x00, 0x00, 0x0F, 0x80, 0x03, 0xE0, 0x00, 0x00, 0x03,
    0xE0, 0x00, 0xF8, 0x00, 0x00, 0x00, 0xF8, 0x00, 0x3E, 0x00, 0x00, 0x00, 0x3E, 0x00, 0x0F, 0x80,
    0x00, 0x00, 0x0F, 0x80, 0x03, 0xE0, 0x00, 0x00, 0x03, 0xE0, 0x00, 0xF8, 0x00, 0x00, 0x00, 0xF8,
    0x00, 0x3E, 0x00, 0x00, 0x00, 0x3E, 0x00, 0x0F, 0x80, 0x00, 0x00, 0x0F, 0x80, 0x03, 0xE0, 0x00,
    0x00, 0x03, 0xE0, 0x00, 0xF8, 0x00, 0x00, 0x00, 0xF8, 0x00, 0x3E, 0x00, 0x00, 0x00, 0x3E, 0x00,
    0x0F, 0x80, 0x00, 0x00, 0x0F, 0x80, 0x01, 0x50, 0x00, 0x00, 0x01, 0x50, 0x00, 0x02, 0x90, 0x00,
    0x00, 0x01, 0x90, 0x00, 0xF8, 0x00, 0x00, 0x00, 0xF8, 0x00, 0x3E, 0x00, 0x00, 0x00, 0x3E, 0x00,
    0x0F, 0x80, 0x00, 0x00, 0x0F, 0x80, 0x03, 0xE0, 0x00, 0x00, 0x03, 0xE0, 0x00, 0xF8, 0x00, 0x00,
    0x00, 0xF8, 0x00, 0x3E, 0x00, 0x00, 0x00, 0x3E, 0x00, 0x0F, 0x80, 0x00, 0x00, 0x0F, 0x80, 0x03,
    0xE0, 0x00, 0x00, 0x03, 0xE0, 0x00, 0xF8, 0x00, 0x00, 0x00, 0xF8, 0x00, 0x3E, 0x00, 0x00, 0x00,
    0x3E, 0x00, 0x0F, 0x80, 0x00, 0x00, 0x0F, 0x80, 0x03, 0xE0, 0x00, 0x00, 0x03, 0xE0, 0x00, 0xF8,
    0x00, 0x00, 0x00, 0xF8, 0x00, 0x3E, 0x00, 0x00, 0x00, 0x3E, 0x00, 0x0F, 0x80, 0x00, 0x00, 0x0F,
    0x80, 0x03, 0xE0, 0x00, 0x00, 0x03, 0xE0, 0x00, 0xF8, 0x00, 0x00, 0x00, 0xF8, 0x00, 0x3E, 0x00,
    0x00, 0x00, 0x3E, 0x00, 0x0F, 0x80, 0x00, 0x00, 0x0F, 0x80, 0x03, 0xE0, 0x00, 0x00, 0x03, 0xE0,
    0x00, 0xF8, 0x00, 0x00, 0x00, 0xF8, 0x00, 0x3E, 0x00, 0x00, 0x00, 0x3E, 0x00, 0x0F, 0x80, 0x00,
    0x00, 0x0F, 0x80, 0x03, 0xE0, 0x00, 0x00, 0x03, 0xE0, 0x00, 0xF8, 0x00, 0x00, 0x00, 0xF8, 0x02,
    0xFF, 0xFF, 0xFF, 0xFF, 0xFF, 0x92, 0xFF, 0xFF, 0xFF, 0xFF, 0xFF, 0xFC, 0x7F, 0xFF, 0xFF, 0xFF,
    0xFF, 0xC0, 0xFF, 0xFF, 0xFF, 0xFF, 0xFF, 0x02, 0xF8, 0x00, 0x00, 0x00, 0x00, 0x02, 0xF4, 0x00,
    0x00, 0x00, 0x00, 0x03, 0xF0, 0x00, 0x00, 0x00, 0x00, 0x03, 0xF0, 0x00, 0x00, 0x00, 0x00, 0x03,
    0xF0, 0x00, 0x00, 0x00, 0x00, 0x03, 0xF0, 0x00, 0x00, 0x00, 0x00, 0x07, 0xE0, 0x00, 0x00, 0x00,
    0x00, 0x07, 0xE0, 0x00, 0x00, 0x00, 0x00, 0x0B, 0xD0, 0x00, 0x00, 0x00, 0x00, 0x0B, 0xD0, 0x00,
    0x00, 0x00, 0x00, 0x0F, 0xD0, 0x00, 0x00, 0x00, 0x00, 0x1F, 0x80, 0x00, 0x00, 0x00, 0x00, 0xFC,
    0x00, 0x00, 0x00, 0x00, 0x0F, 0xC0, 0x00, 0x00, 0x00, 0x00, 0xBD, 0x00, 0x00, 0x00, 0x00, 0x07,
    0xD0, 0x00, 0x00, 0x00, 0x00, 0x7E, 0x00, 0x00, 0x00, 0x00, 0x03, 0xF0, 0x00, 0x00, 0x00, 0x00,
    0x3F, 0x00, 0x00, 0x00, 0x00, 0x02, 0xF4, 0x00, 0x00, 0x00, 0x00, 0x1F, 0x40, 0x00, 0x00, 0x00,
    0x00, 0xF8, 0x00, 0x00, 0x00, 0x00, 0x0F, 0xC0, 0x00, 0x00, 0x00, 0x00, 0xFD, 0x00, 0x00, 0x00,
    0x00, 0x07, 0xFF, 0xFF, 0xFF, 0xFF, 0xFF, 0x2F, 0xFF, 0xFF, 0xFF, 0xFF, 0xFC, 0x2A, 0xAA, 0x4F,
    0xFF, 0xE3, 0xFF, 0xF5, 0xFF, 0xFC, 0x00, 0x00, 0x00, 0x02, 0xFF, 0xFF, 0xFF, 0xCB, 0xFF, 0xFF,
    0xFF, 0x00, 0x03, 0xD0, 0x00, 0x00, 0x0F, 0x40, 0x00, 0x00, 0x3D, 0x00, 0x00, 0x00, 0xF4, 0x00,
    0x2F, 0xFF, 0xFF, 0xFC, 0xBF, 0xFF, 0xFF, 0xF0, 0x00, 0x3D, 0x00, 0x00, 0x00, 0xF4, 0x00, 0x00,
    0x03, 0xD0, 0x00, 0x00, 0x0F, 0x40, 0x00, 0x00, 0x3D, 0x00, 0x00, 0x00, 0xB4, 0x00, 0x00, 0x00,
    0x0F, 0x40, 0x00, 0x00, 0x7F, 0x00, 0x00, 0x01, 0xFC, 0x00, 0x00, 0x02, 0xD0, 0x00, 0x00, 0x00,
    0x00, 0x00, 0x00, 0x2D, 0x00, 0x00, 0x00, 0xF4, 0x00, 0x00, 0x03, 0xD0, 0x00, 0x00, 0x0F, 0x40,
    0x00, 0x00, 0x3D, 0x00, 0x00, 0x00, 0xF4, 0x00, 0x2F, 0xFF, 0xFF, 0xFC, 0xBF, 0xFF, 0xFF, 0xF0,
    0x00, 0x3D, 0x00, 0x00, 0x00, 0xF4, 0x00, 0x00, 0x03, 0xD0, 0x00, 0x00, 0x0F, 0x40, 0x00, 0x00,
    0x3D, 0x00, 0x00, 0x00, 0xB4, 0x00, 0x00, 0x00, 0x01, 0x80, 0x00, 0x3C, 0x00, 0x07, 0x80, 0x00,
    0xB4, 0x00, 0x0F, 0x00, 0x00, 0xF0, 0x00, 0x1E, 0x00, 0x02, 0xD0, 0x00, 0x3C, 0x00, 0x03, 0xC0,
    0x00, 0x78, 0x00, 0x0B, 0x40, 0x00, 0xF0, 0x00, 0x0F, 0x00, 0x02, 0xE0, 0x00, 0x3D, 0x00, 0x03,
    0xC0, 0x00, 0x7C, 0x00, 0x0B, 0x40, 0x00, 0xF0, 0x00, 0x0F, 0x00, 0x01, 0xE0, 0x00, 0x2D, 0x00,
    0x03, 0xC0, 0x00, 0x3C, 0x00, 0x07, 0x80, 0x00, 0x24, 0x00, 0x07, 0xC0, 0x00, 0x3C, 0x00, 0x02,
    0xD0, 0x00, 0x1E, 0x00, 0x00, 0xF0, 0x00, 0x0F, 0x00, 0x00, 0xB4, 0x00, 0x07, 0x80, 0x00, 0x3C,
    0x00, 0x03, 0xC0, 0x00, 0x2D, 0x00, 0x01, 0xE0, 0x00, 0x0F, 0x00, 0x00, 0xF0, 0x00, 0x0B, 0x40,
    0x00, 0x78, 0x00, 0x03, 0xC0, 0x00, 0x3C, 0x00, 0x02, 0xE0, 0x00, 0x1F, 0x00, 0x00, 0xF0, 0x00,
    0x0F, 0x40, 0x00, 0x78, 0x00, 0x03, 0xC0, 0x00, 0x3C, 0x00, 0x24, 0x00, 0x01, 0xE0, 0x01, 0x07,
    0x81, 0x0F, 0x5E, 0x7D, 0x2F, 0xFF, 0xF0, 0x0B, 0xFD, 0x00, 0x7F, 0xF8, 0x0F, 0xEE, 0xFD, 0x38,
    0x78, 0xB0, 0x01, 0xE0, 0x00, 0x07, 0x80, 0x00, 0x07, 0xF4, 0x0B, 0xFF, 0x83, 0xC0, 0xF5, 0xD0,
    0x1E, 0x74, 0x07, 0x8F, 0x03, 0xD2, 0xFF, 0xE0, 0x1F, 0xD0, 0x1F, 0x83, 0xFE, 0x7F, 0xF7, 0xFE,
    0x1F, 0x80, 0x00, 0x00, 0x00, 0x00, 0x19, 0x00, 0x00, 0x00, 0x00, 0x3C, 0x00, 0x00, 0x00, 0x00,
    0x3C, 0x00, 0x00, 0x00, 0x00, 0xB8, 0x00, 0x00, 0x00, 0x00, 0xF0, 0x00, 0x00, 0x00, 0x01, 0xF0,
    0x00, 0x00, 0x00, 0x02, 0xD0, 0x00, 0x00, 0x00, 0x03, 0xC0, 0x00, 0x00, 0x00, 0x07, 0xC0, 0x00,
    0x00, 0x00, 0x0B, 0x40, 0x00, 0x00, 0x00, 0x0F, 0x00, 0x00, 0x00, 0x00, 0x1E, 0x00, 0x00, 0x00,
    0x00, 0x2D, 0x00, 0x00, 0x00, 0x00, 0x3C, 0x00, 0x00, 0x00, 0x00, 0x78, 0x00, 0x00, 0x00, 0x00,
    0xF4, 0x00, 0x00, 0x00, 0x00, 0xF0, 0x00, 0x00, 0x00, 0x02, 0xE0, 0x00, 0xBF, 0xC0, 0x03, 0xC0,
    0x00, 0xBF, 0xC0, 0x03, 0xC0, 0x00, 0x03, 0xD0, 0x0B, 0x80, 0x00, 0x01, 0xF0, 0x0F, 0x00, 0x00,
    0x00, 0xF0, 0x1F, 0x00, 0x00, 0x00, 0xB8, 0x2D, 0x00, 0x00, 0x00, 0x7C, 0x3C, 0x00, 0x00, 0x00,
    0x3C, 0x7C, 0x00, 0x00, 0x00, 0x2E, 0xB4, 0x00, 0x00, 0x00, 0x1F, 0xF0, 0x00, 0x00, 0x00, 0x0F,
    0xE0, 0x00, 0x00, 0x00, 0x0B, 0xD0, 0x00, 0x00, 0x00, 0x03, 0xC0, 0x00, 0x00, 0x00, 0x00, 0x00,
    0x00, 0x19, 0x00, 0x00, 0x00, 0x00, 0x3C, 0x00, 0x00, 0x00, 0x00, 0x3C, 0x00, 0x00, 0x00, 0x00,
    0xB8, 0x00, 0x6E, 0x40, 0x00, 0xF0, 0x02, 0xFF, 0xE0, 0x01, 0xF0, 0x01, 0x80, 0xF0, 0x02, 0xD0,
    0x00, 0x00, 0xB0, 0x03, 0xC0, 0x00, 0x01, 0xF0, 0x07, 0xC0, 0x00, 0x7F, 0xC0, 0x0B, 0x40, 0x00,
    0x7F, 0xE0, 0x0F, 0x00, 0x00, 0x00, 0xB4, 0x1E, 0x00, 0x00, 0x00, 0xB4, 0x2D, 0x00, 0x03, 0xFF,
    0xF0, 0x3C, 0x00, 0x01, 0xFF, 0x80, 0x78, 0x00, 0x00, 0x00, 0x00, 0xF4, 0x00, 0x00, 0x00, 0x00,
    0xF0, 0x00, 0x00, 0x00, 0x02, 0xE0, 0x00, 0xBF, 0xC0, 0x03, 0xC0, 0x00, 0xBF, 0xC0, 0x03, 0xC0,
    0x00, 0x03, 0xD0, 0x0B, 0x80, 0x00, 0x01, 0xF0, 0x0F, 0x00, 0x00, 0x00, 0xF0, 0x1F, 0x00, 0x00,
    0x00, 0xB8, 0x2D, 0x00, 0x00, 0x00, 0x7C, 0x3C, 0x00, 0x00, 0x00, 0x3C, 0x7C, 0x00, 0x00, 0x00,
    0x2E, 0xB4, 0x00, 0x00, 0x00, 0x1F, 0xF0, 0x00, 0x00, 0x00, 0x0F, 0xE0, 0x00, 0x00, 0x00, 0x0B,
    0xD0, 0x00, 0x00, 0x00, 0x03, 0xC0, 0x00, 0x00, 0x00, 0x00, 0x00, 0x00, 0x19, 0x00, 0x00, 0x00,
    0x00, 0x3C, 0x00, 0x00, 0x00, 0x00, 0x3C, 0x00, 0x00, 0x00, 0x00, 0xB8, 0x00, 0x02, 0x40, 0x00,
    0xF0, 0x00, 0x0B, 0xC0, 0x01, 0xF0, 0x00, 0x1F, 0xC0, 0x02, 0xD0, 0x00, 0x37, 0xC0, 0x03, 0xC0,
    0x00, 0xE3, 0xC0, 0x07, 0xC0, 0x02, 0xC3, 0xC0, 0x0B, 0x40, 0x07, 0x43, 0xC0, 0x0F, 0x00, 0x0F,
    0xFF, 0xF4, 0x1E, 0x00, 0x0B, 0xFF, 0xF0, 0x2D, 0x00, 0x00, 0x03, 0xC0, 0x3C, 0x00, 0x00, 0x03,
    0xC0, 0x78, 0x00, 0x00, 0x00, 0x00, 0xF4, 0x00, 0x00, 0x00, 0x00, 0xF0, 0x00, 0x00, 0x00, 0x02,
    0xE0, 0x00, 0xBF, 0xC0, 0x03, 0xC0, 0x00, 0xBF, 0xC0, 0x03, 0xC0, 0x00, 0x03, 0xD0, 0x0B, 0x80,
    0x00, 0x01, 0xF0, 0x0F, 0x00, 0x00, 0x00, 0xF0, 0x1F, 0x00, 0x00, 0x00, 0xB8, 0x2D, 0x00, 0x00,
    0x00, 0x7C, 0x3C, 0x00, 0x00, 0x00, 0x3C, 0x7C, 0x00, 0x00, 0x00, 0x2E, 0xB4, 0x00, 0x00, 0x00,
    0x1F, 0xF0, 0x00, 0x00, 0x00, 0x0F, 0xE0, 0x00, 0x00, 0x00, 0x0B, 0xD0, 0x00, 0x00, 0x00, 0x03,
    0xC0, 0x00, 0x00, 0x07, 0xF8, 0x02, 0xC1, 0xFF, 0xF0, 0xFC, 0x3D, 0x0B, 0xAE, 0x07, 0x80, 0x2F,
    0x80, 0x74, 0x00, 0xF0, 0x07, 0x80, 0x2F, 0x80, 0x3D, 0x0B, 0xAE, 0x02, 0xFF, 0xF0, 0xFC, 0x07,
    0xF8, 0x02, 0xC0, 0x00, 0xBF, 0x80, 0x00, 0xBF, 0x80, 0x01, 0xFF, 0xFD, 0x01, 0xFF, 0xFD, 0x00,
    0xF8, 0x0B, 0xC0, 0xF8, 0x0B, 0xD0, 0xF8, 0x00, 0xBC, 0xB8, 0x00, 0xBC, 0x3C, 0x00, 0x0F, 0xBC,
    0x00, 0x0F, 0x1E, 0x00, 0x01, 0xFD, 0x00, 0x02, 0xD7, 0x80, 0x00, 0x3F, 0x00, 0x00, 0x75, 0xD0,
    0x00, 0x0B, 0x80, 0x00, 0x1D, 0x78, 0x00, 0x03, 0xF0, 0x00, 0x0B, 0x4F, 0x00, 0x03, 0xFF, 0x00,
    0x03, 0xC3, 0xD0, 0x02, 0xF3, 0xD0, 0x02, 0xE0, 0x7E, 0x02, 0xF0, 0x7E, 0x02, 0xF0, 0x07, 0xFF,
    0xF4, 0x07, 0xFF, 0xF4, 0x00, 0x2F, 0xE0, 0x00, 0x2F, 0xE0, 0x00, 0xB8, 0x00, 0x00, 0x00, 0x2E,
    0x00, 0x00, 0x00, 0x0B, 0x80, 0x00, 0x00, 0x02, 0xE0, 0x00, 0x00, 0x00, 0xB8, 0x00, 0x00, 0x00,
    0x2E, 0x00, 0x00, 0x00, 0x0B, 0x80, 0x00, 0x00, 0x02, 0xE0, 0x00, 0x00, 0x00, 0xB8, 0x00, 0x00,
    0x00, 0x2E, 0x00, 0x00, 0x00, 0x0B, 0x80, 0x00, 0x00, 0x02, 0xE0, 0x00, 0x00, 0x00, 0xB8, 0x00,
    0x00, 0x00, 0x2E, 0x00, 0x00, 0x00, 0x0B, 0xFF, 0xFF, 0xFF, 0xF6, 0xFF, 0xFF, 0xFF, 0xFD, 0x00,
    0x00, 0x00, 0x80, 0x00, 0x00, 0x00, 0xF8, 0x00, 0x00, 0x00, 0xBC, 0x00, 0x00, 0x00, 0xBC, 0x00,
    0x00, 0x00, 0xBC, 0x00, 0x00, 0x00, 0x7D, 0x00, 0x00, 0x00, 0x7D, 0x00, 0x00, 0x00, 0x3E, 0x00,
    0x00, 0x00, 0x3E, 0x00, 0x00, 0x00, 0x3F, 0x00, 0x00, 0x00, 0x3F, 0x00, 0x00, 0x00, 0x2F, 0x00,
    0x00, 0x00, 0x2F, 0x40, 0x00, 0x00, 0x1F, 0xFF, 0xFF, 0xFF, 0xDB, 0xFF, 0xFF, 0xFF, 0xF4, 0x00,
    0x00, 0x00, 0x80, 0x00, 0x00, 0x00, 0xF8, 0x00, 0x00, 0x00, 0xBC, 0x00, 0x00, 0xD0, 0xBC, 0x00,
    0x00, 0x7E, 0xBC, 0x00, 0x00, 0x07, 0xFD, 0x00, 0x00, 0x00, 0x7F, 0x00, 0x00, 0x00, 0x3F, 0xD0,
    0x00, 0x00, 0x3E, 0x7C, 0x00, 0x00, 0x3F, 0x0F, 0x80, 0x00, 0x3F, 0x00, 0xF0, 0x00, 0x2F, 0x00,
    0x3D, 0x00, 0x2F, 0x40, 0x0B, 0x80, 0x1F, 0xFF, 0xFF, 0xFF, 0xDB, 0xFF, 0xFF, 0xFF, 0xF4, 0x00,
    0x00, 0x0F, 0x00, 0x00, 0x00, 0x03, 0xC0, 0x00, 0x00, 0x00, 0xF0, 0x00, 0x00, 0x00, 0x04, 0x00,
    0x00, 0x00, 0x40, 0x00, 0x00, 0x0F, 0x02, 0xC0, 0x00, 0x2E, 0xBF, 0x00, 0x00, 0x7F, 0xE0, 0x00,
    0x0B, 0xF4, 0x00, 0x02, 0xFF, 0xC0, 0x00, 0xBF, 0x4B, 0x40, 0x1F, 0xD0, 0x2D, 0x00, 0x7F, 0x80,
    0xB4, 0x00, 0x2F, 0xE2, 0xD0, 0x00, 0x0B, 0xFF, 0x00, 0x00, 0x01, 0xFF, 0x80, 0x00, 0x01, 0xFF,
    0xE0, 0x00, 0x0F, 0x4B, 0xC0, 0x00, 0x3C, 0x02, 0x00, 0x00, 0x00, 0x00, 0x66, 0xEB, 0xAE, 0xBA,
    0xEB, 0xAE, 0xBA, 0xEB, 0xAE, 0xBA, 0xEB, 0xAE, 0xBA, 0xEB, 0xAE, 0xBA, 0xEB, 0xAE, 0xBA, 0xE0,
    0x00, 0x60, 0x00, 0x02, 0xD0, 0x00, 0x0B, 0x40, 0x00, 0x2D, 0x00, 0x00, 0xB4, 0x00, 0x02, 0xD0,
    0x00, 0x0B, 0x40, 0x00, 0x2D, 0x00, 0x00, 0xB4, 0x00, 0x02, 0xD7, 0x80, 0x0B, 0xBD, 0x00, 0x2F,
    0xD0, 0x00, 0xBD, 0x00, 0x03, 0xE0, 0x00, 0x3F, 0x40, 0x03, 0xFD, 0x00, 0x3E, 0xB4, 0x00, 0xE2,
    0xD0, 0x00, 0x0B, 0x40, 0x00, 0x2D, 0x00, 0x00, 0xB4, 0x00, 0x02, 0xD0, 0x00, 0x0B, 0x40, 0x00,
    0x2D, 0x00, 0x00, 0xB4, 0x00, 0x02, 0xD0, 0x00, 0x64, 0x09, 0xB8, 0x0F, 0xB8, 0x0F, 0xB8, 0x0F,
    0xB8, 0x0F, 0xB8, 0x0F, 0xB8, 0x0F, 0xB8, 0x0F, 0xB8, 0x0F, 0xB8, 0x0F, 0xB8, 0x0F, 0xB8, 0x0F,
    0xB8, 0x0F, 0xB8, 0x0F, 0xB8, 0x0F, 0xB8, 0x0F, 0xB8, 0x0F, 0xB8, 0x0F, 0xB8, 0x0F, 0xB8, 0x0F,
    0xB8, 0x0F, 0xB8, 0x0F, 0xB8, 0x0F, 0xB8, 0x0F, 0xB8, 0x0F, 0xB8, 0x0F, 0x00, 0x60, 0x09, 0x00,
    0x00, 0xF4, 0x1E, 0x00, 0x00, 0xF4, 0x1E, 0x00, 0x00, 0xF4, 0x1E, 0x00, 0x00, 0xF4, 0x1E, 0x00,
    0x00, 0xF4, 0x1E, 0x00, 0x00, 0xF4, 0x1E, 0x2C, 0x00, 0xF4, 0x1E, 0xBC, 0x00, 0xF4, 0x1F, 0xF0,
    0x00, 0xF4, 0x1F, 0xC0, 0x00, 0xF4, 0x2F, 0x00, 0x00, 0xF4, 0x7E, 0x00, 0x00, 0xF5, 0xFE, 0x00,
    0x00, 0xFB, 0xEE, 0x00, 0x00, 0xFF, 0x5E, 0x00, 0x00, 0xFD, 0x1E, 0x00, 0x00, 0xF4, 0x1E, 0x00,
    0x03, 0xF4, 0x1E, 0x00, 0x0F, 0xF4, 0x1E, 0x00, 0x3D, 0xF4, 0x1E, 0x00, 0x38, 0xF4, 0x1E, 0x00,
    0x00, 0xF4, 0x1E, 0x00, 0x00, 0xF4, 0x1E, 0x00, 0x00, 0xF4, 0x1E, 0x00, 0x00, 0xF4, 0x1E, 0x00,
    0x00, 0xF4, 0x1E, 0x00, 0x00, 0x00, 0xB4, 0x00, 0x00, 0x00, 0x03, 0xF0, 0x00, 0x00, 0x00, 0x2F,
    0xD0, 0x00, 0x00, 0x00, 0xFB, 0xC0, 0x00, 0x00, 0x0B, 0x8F, 0x00, 0x00, 0x00, 0x3D, 0x2E, 0x00,
    0x00, 0x01, 0xF0, 0x3C, 0x00, 0x00, 0x0F, 0x40, 0xB8, 0x00, 0x00, 0x7C, 0x00, 0xF0, 0x00, 0x03,
    0xD0, 0x02, 0xE0, 0x00, 0x1F, 0x00, 0x03, 0xC0, 0x00, 0xF4, 0x00, 0x0F, 0x80, 0x07, 0xC0, 0x00,
    0x1F, 0x00, 0x3E, 0x00, 0x00, 0x3E, 0x01, 0xF0, 0x00, 0x00, 0x7C, 0x0F, 0x80, 0x00, 0x00, 0xF8,
    0x7C, 0x00, 0x00, 0x01, 0xF0, 0x7C, 0x00, 0x00, 0x01, 0xF0, 0xF8, 0x00, 0x00, 0x0F, 0x81, 0xF0,
    0x00, 0x00, 0x7C, 0x03, 0xE0, 0x00, 0x03, 0xE0, 0x07, 0xC0, 0x00, 0x1F, 0x00, 0x0F, 0x40, 0x00,
    0xB8, 0x00, 0x1F, 0x00, 0x03, 0xC0, 0x00, 0x3D, 0x00, 0x2E, 0x00, 0x00, 0x7C, 0x00, 0xF0, 0x00,
    0x00, 0xF4, 0x0B, 0x80, 0x00, 0x01, 0xE0, 0x3C, 0x00, 0x00, 0x03, 0xC1, 0xE0, 0x00, 0x00, 0x0B,
    0x8F, 0x00, 0x00, 0x00, 0x0F, 0xBC, 0x00, 0x00, 0x00, 0x2F, 0xD0, 0x00, 0x00, 0x00, 0x3F, 0x00,
    0x00, 0x00, 0x00, 0xB4, 0x00, 0x00, 0x00, 0x1B, 0xFE, 0x40, 0x00, 0x1F, 0xFF, 0xFF, 0x00, 0x07,
    0xF4, 0x01, 0xFC, 0x00, 0xF8, 0x00, 0x03, 0xF0, 0x2F, 0x00, 0x00, 0x0F, 0x43, 0xD0, 0x00, 0x00,
    0x78, 0x3C, 0x00, 0x00, 0x03, 0xC7, 0x80, 0x00, 0x00, 0x3C, 0x78, 0x00, 0x00, 0x03, 0xDB, 0x80,
    0x00, 0x00, 0x2D, 0xB8, 0x00, 0x00, 0x02, 0xDB, 0x80, 0x00, 0x00, 0x2D, 0xB8, 0x00, 0x00, 0x02,
    0xDB, 0x80, 0x00, 0x00, 0x2D, 0xB8, 0x00, 0x00, 0x02, 0xDB, 0x80, 0x00, 0x00, 0x2D, 0xB8, 0x00,
    0x00, 0x02, 0xDB, 0x80, 0x00, 0x00, 0x2D, 0xB8, 0x00, 0x00, 0x02, 0xD5, 0x40, 0x00, 0x00, 0x14,
    0x64, 0x00, 0x00, 0x01, 0x8B, 0x80, 0x00, 0x00, 0x2D, 0xB8, 0x00, 0x00, 0x02, 0xDB, 0x80, 0x00,
    0x00, 0x2D, 0xB8, 0x00, 0x00, 0x02, 0xDB, 0x80, 0x00, 0x00, 0x2D, 0xB8, 0x00, 0x00, 0x02, 0xDB,
    0x80, 0x00, 0x00, 0x2D, 0xB8, 0x00, 0x00, 0x02, 0xDB, 0x80, 0x00, 0x00, 0x2D, 0xB8, 0x00, 0x00,
    0x02, 0xD7, 0x80, 0x00, 0x00, 0x3D, 0x78, 0x00, 0x00, 0x03, 0xC3, 0xC0, 0x00, 0x00, 0x3C, 0x3D,
    0x00, 0x00, 0x07, 0xC2, 0xF0, 0x00, 0x00, 0xF4, 0x0F, 0x80, 0x00, 0x2F, 0x00, 0x7F, 0x40, 0x1F,
    0xC0, 0x01, 0xFF, 0xFF, 0xF0, 0x00, 0x01, 0xBF, 0xE4, 0x00, 0x00, 0x00, 0x00, 0x00, 0xBF, 0x90,
    0x00, 0x00, 0x00, 0x7F, 0xFD, 0x00, 0x00, 0x00, 0x1F, 0xD1, 0x80, 0x00, 0x00, 0x03, 0xF0, 0x00,
    0x00, 0x00, 0x00, 0x7C, 0x00, 0x00, 0x00, 0x00, 0x0F, 0xC0, 0x00, 0x00, 0x00, 0x00, 0xF4, 0x00,
    0x00, 0x00, 0x00, 0x1F, 0x00, 0x00, 0x00, 0x00, 0x02, 0xF0, 0x00, 0x00, 0x00, 0x00, 0x3E, 0x00,
    0x00, 0x00, 0x00, 0x03, 0xD0, 0x00, 0x00, 0x00, 0x00, 0x3C, 0x00, 0x00, 0x00, 0x00, 0x07, 0xC0,
    0x00, 0x00, 0x00, 0x00, 0xBC, 0x00, 0x00, 0x00, 0x00, 0x0F, 0x80, 0x00, 0x00, 0x00, 0x00, 0xF8,
    0x00, 0x00, 0x00, 0x00, 0x0F, 0x40, 0x00, 0x00, 0x00, 0x01, 0xF0, 0x00, 0x00, 0x00, 0x00, 0x1F,
    0x00, 0x00, 0x00, 0x00, 0x02, 0xF0, 0x00, 0x00, 0x00, 0x00, 0x3E, 0x00, 0x00, 0x00, 0x00, 0x03,
    0xD0, 0x00, 0x00, 0x00, 0x00, 0x3D, 0x00, 0x00, 0x00, 0x00, 0x07, 0xC0, 0x00, 0x00, 0x00, 0x00,
    0xBC, 0x00, 0x00, 0x00, 0x00, 0x0F, 0x80, 0x00, 0x00, 0x00, 0x00, 0xF4, 0x00, 0x00, 0x00, 0x00,
    0x2F, 0x00, 0x00, 0x00, 0x00, 0x03, 0xE0, 0x00, 0x00, 0x00, 0x00, 0xBC, 0x00, 0x00, 0x00, 0x14,
    0x6F, 0x80, 0x00, 0x00, 0x03, 0xFF, 0xE0, 0x00, 0x00, 0x00, 0x2F, 0xE4, 0x00, 0x00, 0x00, 0x00,
    0x00, 0x00, 0x00, 0x00, 0xBF, 0x90, 0x1B, 0xF8, 0x00, 0x00, 0x00, 0x07, 0xFF, 0xD0, 0xBF, 0xFC,
    0x00, 0x00, 0x00, 0x1F, 0xD1, 0x81, 0xF9, 0x14, 0x00, 0x00, 0x00, 0x3F, 0x00, 0x03, 0xE0, 0x00,
    0x00, 0x00, 0x00, 0x7C, 0x00, 0x0B, 0xC0, 0x00, 0x00, 0x00, 0x00, 0xFC, 0x00, 0x0F, 0x80, 0x00,
    0x00, 0x00, 0x00, 0xF4, 0x00, 0x0F, 0x40, 0x00, 0x00, 0x00, 0x01, 0xF0, 0x00, 0x2F, 0x00, 0x00,
    0x00, 0x00, 0x02, 0xF0, 0x00, 0x3E, 0x00, 0x00, 0x00, 0x00, 0x03, 0xE0, 0x00, 0x3D, 0x00, 0x00,
    0x00, 0x00, 0x03, 0xD0, 0x00, 0x3C, 0x00, 0x00, 0x00, 0x00, 0x03, 0xC0, 0x00, 0x7C, 0x00, 0x00,
    0x00, 0x00, 0x07, 0xC0, 0x00, 0xBC, 0x00, 0x00, 0x00, 0x00, 0x0B, 0xC0, 0x00, 0xF8, 0x00, 0x00,
    0x00, 0x00, 0x0F, 0x80, 0x00, 0xF8, 0x00, 0x00, 0x00, 0x00, 0x0F, 0x80, 0x00, 0xF4, 0x00, 0x00,
    0x00, 0x00, 0x0F, 0x40, 0x01, 0xF0, 0x00, 0x00, 0x00, 0x00, 0x1F, 0x00, 0x01, 0xF0, 0x00, 0x00,
    0x00, 0x00, 0x1F, 0x00, 0x02, 0xF0, 0x00, 0x00, 0x00, 0x00, 0x2F, 0x00, 0x03, 0xE0, 0x00, 0x00,
    0x00, 0x00, 0x3E, 0x00, 0x03, 0xD0, 0x00, 0x00, 0x00, 0x00, 0x3D, 0x00, 0x03, 0xD0, 0x00, 0x00,
    0x00, 0x00, 0x3D, 0x00, 0x07, 0xC0, 0x00, 0x00, 0x00, 0x00, 0x7C, 0x00, 0x0B, 0xC0, 0x00, 0x00,
    0x00, 0x00, 0xBC, 0x00, 0x0F, 0x80, 0x00, 0x00, 0x00, 0x00, 0xF8, 0x00, 0x0F, 0x40, 0x00, 0x00,
    0x00, 0x00, 0xF4, 0x00, 0x1F, 0x00, 0x00, 0x00, 0x00, 0x02, 0xF0, 0x00, 0x2F, 0x00, 0x00, 0x00,
    0x00, 0x03, 0xE0, 0x00, 0x3D, 0x00, 0x00, 0x00, 0x00, 0x0B, 0xC0, 0x00, 0xBC, 0x00, 0x00, 0x00,
    0x14, 0x6F, 0x81, 0x47, 0xF4, 0x00, 0x00, 0x00, 0x3F, 0xFE, 0x07, 0xFF, 0xD0, 0x00, 0x00, 0x00,
    0x2F, 0xE4, 0x02, 0xFE, 0x00, 0x00, 0x00, 0x00, 0x00, 0x00, 0x00, 0x00, 0xBF, 0x90, 0x1B, 0xF8,
    0x01, 0xFF, 0x80, 0x00, 0x00, 0x00, 0x7F, 0xFD, 0x0B, 0xFF, 0xC0, 0xBF, 0xFC, 0x00, 0x00, 0x00,
    0x1F, 0xD1, 0x81, 0xF9, 0x14, 0x2F, 0x91, 0x40, 0x00, 0x00, 0x03, 0xF0, 0x00, 0x3E, 0x00, 0x07,
    0xD0, 0x00, 0x00, 0x00, 0x00, 0x7C, 0x00, 0x0B, 0xC0, 0x00, 0xBC, 0x00, 0x00, 0x00, 0x00, 0x0F,
    0xC0, 0x00, 0xF8, 0x00, 0x0F, 0x40, 0x00, 0x00, 0x00, 0x00, 0xF4, 0x00, 0x0F, 0x40, 0x01, 0xF0,
    0x00, 0x00, 0x00, 0x00, 0x1F, 0x00, 0x02, 0xF0, 0x00, 0x2F, 0x00, 0x00, 0x00, 0x00, 0x02, 0xF0,
    0x00, 0x3E, 0x00, 0x03, 0xE0, 0x00, 0x00, 0x00, 0x00, 0x3E, 0x00, 0x03, 0xD0, 0x00, 0x3D, 0x00,
    0x00, 0x00, 0x00, 0x03, 0xD0, 0x00, 0x3C, 0x00, 0x07, 0xC0, 0x00, 0x00, 0x00, 0x00, 0x3C, 0x00,
    0x07, 0xC0, 0x00, 0xBC, 0x00, 0x00, 0x00, 0x00, 0x07, 0xC0, 0x00, 0xBC, 0x00, 0x0F, 0x80, 0x00,
    0x00, 0x00, 0x00, 0xBC, 0x00, 0x0F, 0x80, 0x00, 0xF8, 0x00, 0x00, 0x00, 0x00, 0x0F, 0x80, 0x00,
    0xF8, 0x00, 0x0F, 0x40, 0x00, 0x00, 0x00, 0x00, 0xF8, 0x00, 0x0F, 0x40, 0x01, 0xF0, 0x00, 0x00,
    0x00, 0x00, 0x0F, 0x40, 0x01, 0xF0, 0x00, 0x1F, 0x00, 0x00, 0x00, 0x00, 0x01, 0xF0, 0x00, 0x1F,
    0x00, 0x02, 0xF0, 0x00, 0x00, 0x00, 0x00, 0x1F, 0x00, 0x02, 0xF0, 0x00, 0x3E, 0x00, 0x00, 0x00,
    0x00, 0x02, 0xF0, 0x00, 0x3E, 0x00, 0x03, 0xD0, 0x00, 0x00, 0x00, 0x00, 0x3E, 0x00, 0x03, 0xD0,
    0x00, 0x3D, 0x00, 0x00, 0x00, 0x00, 0x03, 0xD0, 0x00, 0x3D, 0x00, 0x07, 0xC0, 0x00, 0x00, 0x00,
    0x00, 0x3D, 0x00, 0x07, 0xC0, 0x00, 0xBC, 0x00, 0x00, 0x00, 0x00, 0x07, 0xC0, 0x00, 0xBC, 0x00,
    0x0F, 0x80, 0x00, 0x00, 0x00, 0x00, 0xBC, 0x00, 0x0F, 0x80, 0x00, 0xF4, 0x00, 0x00, 0x00, 0x00,
    0x0F, 0x80, 0x00, 0xF4, 0x00, 0x0F, 0x00, 0x00, 0x00, 0x00, 0x00, 0xF4, 0x00, 0x1F, 0x00, 0x02,
    0xF0, 0x00, 0x00, 0x00, 0x00, 0x2F, 0x00, 0x02, 0xF0, 0x00, 0x3E, 0x00, 0x00, 0x00, 0x00, 0x03,
    0xE0, 0x00, 0x3D, 0x00, 0x07, 0xD0, 0x00, 0x00, 0x00, 0x00, 0xBC, 0x00, 0x0B, 0xC0, 0x00, 0xFC,
    0x00, 0x00, 0x00, 0x14, 0x6F, 0x81, 0x47, 0xF4, 0x10, 0x7F, 0x00, 0x00, 0x00, 0x03, 0xFF, 0xE0,
    0x7F, 0xFD, 0x07, 0xFF, 0xD0, 0x00, 0x00, 0x00, 0x2F, 0xE4, 0x02, 0xFE, 0x00, 0x6F, 0xE0, 0x00,
    0x00, 0x00, 0x00, 0x00, 0x00, 0x00, 0x00, 0xBF, 0x90, 0x00, 0x00, 0x00, 0x7F, 0xFD, 0x00, 0x00,
    0x00, 0x1F, 0xD1, 0x80, 0x00, 0x00, 0x03, 0xF0, 0x00, 0x00, 0x00, 0x00, 0x7C, 0x00, 0x00, 0x00,
    0x00, 0x0F, 0xC0, 0x00, 0x00, 0x00, 0x00, 0xF4, 0x00, 0x00, 0x00, 0x00, 0x1F, 0x00, 0x00, 0x00,
    0x00, 0x02, 0xF0, 0x00, 0x00, 0x00, 0x00, 0x3E, 0x00, 0x00, 0x00, 0x00, 0x03, 0xD0, 0x00, 0x00,
    0x00, 0x0B, 0xFF, 0x40, 0x00, 0x00, 0x07, 0xFF, 0xFE, 0x00, 0x00, 0x01, 0xF9, 0xBE, 0xF8, 0x00,
    0x00, 0x3D, 0x0F, 0x87, 0xC0, 0x00, 0x03, 0xC0, 0xF8, 0x2D, 0x00, 0x00, 0x7C, 0x0F, 0x42, 0xD0,
    0x00, 0x03, 0xC1, 0xF0, 0x2D, 0x00, 0x00, 0x3E, 0x1F, 0x07, 0xC0, 0x00, 0x01, 0xFF, 0xF6, 0xF8,
    0x00, 0x00, 0x07, 0xFF, 0xFE, 0x00, 0x00, 0x00, 0x0B, 0xFE, 0x00, 0x00, 0x00, 0x00, 0x3D, 0x00,
    0x00, 0x00, 0x00, 0x07, 0xC0, 0x00, 0x00, 0x00, 0x00, 0xBC, 0x00, 0x00, 0x00, 0x00, 0x0F, 0x80,
    0x00, 0x00, 0x00, 0x00, 0xF4, 0x00, 0x00, 0x00, 0x00, 0x2F, 0x00, 0x00, 0x00, 0x00, 0x03, 0xE0,
    0x00, 0x00, 0x00, 0x00, 0xBC, 0x00, 0x00, 0x00, 0x14, 0x6F, 0x80, 0x00, 0x00, 0x03, 0xFF, 0xE0,
    0x00, 0x00, 0x00, 0x2F, 0xE4, 0x00, 0x00, 0x00, 0x00, 0x00, 0x00, 0x00, 0x00, 0xBF, 0x90, 0x1B,
    0xF8, 0x00, 0x00, 0x00, 0x07, 0xFF, 0xD0, 0xBF, 0xFC, 0x00, 0x00, 0x00, 0x1F, 0xD1, 0x81, 0xF9,
    0x14, 0x00, 0x00, 0x00, 0x3F, 0x00, 0x03, 0xE0, 0x00, 0x00, 0x00, 0x00, 0x7C, 0x00, 0x0B, 0xC0,
    0x00, 0x00, 0x00, 0x00, 0xFC, 0x00, 0x0F, 0x80, 0x00, 0x00, 0x00, 0x00, 0xF4, 0x00, 0x0F, 0x40,
    0x00, 0x00, 0x00, 0x01, 0xF0, 0x00, 0x2F, 0x00, 0x00, 0x00, 0x00, 0x02, 0xF0, 0x00, 0x3E, 0x00,
    0x00, 0x00, 0x00, 0x03, 0xE0, 0x00, 0x3D, 0x00, 0x00, 0x00, 0x00, 0x07, 0xFF, 0xFE, 0xBC, 0x00,
    0x00, 0x00, 0x00, 0x7F, 0xFF, 0xFF, 0xFE, 0x00, 0x00, 0x00, 0x02, 0xFF, 0xD0, 0x05, 0xFF, 0xC0,
    0x00, 0x00, 0x0B, 0xDB, 0xC0, 0x00, 0xFF, 0xE0, 0x00, 0x00, 0x0F, 0x0F, 0x80, 0x00, 0xF8, 0xF0,
    0x00, 0x00, 0x1F, 0x0F, 0x80, 0x00, 0xF4, 0xB4, 0x00, 0x00, 0x1F, 0x0F, 0x40, 0x01, 0xF0, 0xB4,
    0x00, 0x00, 0x0F, 0x1F, 0x00, 0x01, 0xF0, 0xF4, 0x00, 0x00, 0x0B, 0xFF, 0x00, 0x02, 0xF3, 0xF0,
    0x00, 0x00, 0x03, 0xFF, 0x40, 0x03, 0xFF, 0xC0, 0x00, 0x00, 0x00, 0xBF, 0xFF, 0xFF, 0xFE, 0x00,
    0x00, 0x00, 0x00, 0x3F, 0xFF, 0xFF, 0xE0, 0x00, 0x00, 0x00, 0x00, 0x3D, 0x00, 0x07, 0xC0, 0x00,
    0x00, 0x00, 0x00, 0x7C, 0x00, 0x0B, 0xC0, 0x00, 0x00, 0x00, 0x00, 0xBC, 0x00, 0x0F, 0x80, 0x00,
    0x00, 0x00, 0x00, 0xF8, 0x00, 0x0F, 0x40, 0x00, 0x00, 0x00, 0x00, 0xF4, 0x00, 0x1F, 0x00, 0x00,
    0x00, 0x00, 0x02, 0xF0, 0x00, 0x2F, 0x00, 0x00, 0x00, 0x00, 0x03, 0xE0, 0x00, 0x3D, 0x00, 0x00,
    0x00, 0x00, 0x0B, 0xC0, 0x00, 0xBC, 0x00, 0x00, 0x00, 0x14, 0x6F, 0x81, 0x47, 0xF4, 0x00, 0x00,
    0x00, 0x3F, 0xFE, 0x07, 0xFF, 0xD0, 0x00, 0x00, 0x00, 0x2F, 0xE4, 0x02, 0xFE, 0x00, 0x00, 0x00,
    0x00, 0x00, 0x00, 0x00, 0x00, 0xBF, 0x90, 0x1B, 0xF8, 0x01, 0xFF, 0x80, 0x00, 0x00, 0x00, 0x7F,
    0xFD, 0x0B, 0xFF, 0xC0, 0xBF, 0xFC, 0x00, 0x00, 0x00, 0x1F, 0xD1, 0x81, 0xF9, 0x14, 0x2F, 0x91,
    0x40, 0x00, 0x00, 0x03, 0xF0, 0x00, 0x3E, 0x00, 0x07, 0xD0, 0x00, 0x00, 0x00, 0x00, 0x7C, 0x00,
    0x0B, 0xC0, 0x00, 0xBC, 0x00, 0x00, 0x00, 0x00, 0x0F, 0xC0, 0x00, 0xF8, 0x00, 0x0F, 0x40, 0x00,
    0x00, 0x00, 0x00, 0xF4, 0x00, 0x0F, 0x40, 0x01, 0xF0, 0x00, 0x00, 0x00, 0x00, 0x1F, 0x00, 0x02,
    0xF0, 0x00, 0x2F, 0x00, 0x00, 0x00, 0x00, 0x02, 0xF0, 0x00, 0x3E, 0x00, 0x03, 0xE0, 0x00, 0x00,
    0x00, 0x00, 0x3E, 0x00, 0x03, 0xD0, 0x00, 0x3D, 0x00, 0x00, 0x00, 0x00, 0x03, 0xFF, 0xFF, 0xFF,
    0xFF, 0x9B, 0xC0, 0x00, 0x00, 0x00, 0x01, 0xFF, 0xFF, 0xFF, 0xFF, 0xFF, 0xFC, 0x00, 0x00, 0x00,
    0x00, 0xFF, 0xE5, 0x00, 0xBC, 0x05, 0xBF, 0xF0, 0x00, 0x00, 0x00, 0x3F, 0xFC, 0x00, 0x0F, 0x80,
    0x00, 0xFF, 0xC0, 0x00, 0x00, 0x07, 0xCF, 0x80, 0x00, 0xF8, 0x00, 0x0F, 0xBD, 0x00, 0x00, 0x00,
    0xB8, 0xF8, 0x00, 0x0F, 0x40, 0x01, 0xF2, 0xD0, 0x00, 0x00, 0x0B, 0x4F, 0x40, 0x01, 0xF0, 0x00,
    0x1F, 0x2D, 0x00, 0x00, 0x00, 0x7D, 0xF0, 0x00, 0x1F, 0x00, 0x02, 0xF3, 0xD0, 0x00, 0x00, 0x03,
    0xFF, 0x00, 0x02, 0xF0, 0x00, 0x3F, 0xFC, 0x00, 0x00, 0x00, 0x0F, 0xFE, 0x40, 0x3E, 0x00, 0x1B,
    0xFF, 0x00, 0x00, 0x00, 0x00, 0x3F, 0xFF, 0xFF, 0xFF, 0xFF, 0xFF, 0x80, 0x00, 0x00, 0x00, 0x03,
    0xFB, 0xFF, 0xFF, 0xFF, 0xFF, 0xC0, 0x00, 0x00, 0x00, 0x00, 0x3D, 0x00, 0x0B, 0xC0, 0x00, 0xBC,
    0x00, 0x00, 0x00, 0x00, 0x07, 0xC0, 0x00, 0xBC, 0x00, 0x0F, 0x80, 0x00, 0x00, 0x00, 0x00, 0xBC,
    0x00, 0x0F, 0x80, 0x00, 0xF4, 0x00, 0x00, 0x00, 0x00, 0x0F, 0x80, 0x00, 0xF4, 0x00, 0x0F, 0x00,
    0x00, 0x00, 0x00, 0x00, 0xF4, 0x00, 0x1F, 0x00, 0x02, 0xF0, 0x00, 0x00, 0x00, 0x00, 0x2F, 0x00,
    0x02, 0xF0, 0x00, 0x3E, 0x00, 0x00, 0x00, 0x00, 0x03, 0xE0, 0x00, 0x3D, 0x00, 0x07, 0xD0, 0x00,
    0x00, 0x00, 0x00, 0xBC, 0x00, 0x0B, 0xC0, 0x00, 0xFC, 0x00, 0x00, 0x00, 0x14, 0x6F, 0x81, 0x47,
    0xF4, 0x10, 0x7F, 0x00, 0x00, 0x00, 0x03, 0xFF, 0xE0, 0x7F, 0xFD, 0x07, 0xFF, 0xD0, 0x00, 0x00,
    0x00, 0x2F, 0xE4, 0x02, 0xFE, 0x00, 0x6F, 0xE0, 0x00, 0x00, 0x00, 0x00, 0x00, 0x00, 0x00, 0x00,
    0xBF, 0x90, 0x00, 0x00, 0x00, 0x7F, 0xFD, 0x00, 0x00, 0x00, 0x1F, 0xD1, 0x80, 0x00, 0x00, 0x03,
    0xF0, 0x00, 0x00, 0x00, 0x00, 0x7C, 0x00, 0x00, 0x00, 0x00, 0x0F, 0xC0, 0x00, 0x00, 0x00, 0x00,
    0xF4, 0x00, 0x00, 0x00, 0x00, 0x1F, 0x00, 0x00, 0x00, 0x00, 0x02, 0xF0, 0x00, 0x00, 0x00, 0x00,
    0x3E, 0x00, 0x00, 0x00, 0x00, 0x03, 0xD0, 0x00, 0x00, 0x00, 0x00, 0x3C, 0x00, 0x00, 0x00, 0x00,
    0x6F, 0xE0, 0x00, 0x00, 0x00, 0x7F, 0xFF, 0xD0, 0x00, 0x00, 0x1F, 0x9F, 0xEF, 0x80, 0x00, 0x03,
    0xD0, 0xF8, 0x7E, 0x40, 0x00, 0x3C, 0x0F, 0x4F, 0xF0, 0x00, 0x01, 0x41, 0xF0, 0x3E, 0x00, 0x00,
    0x00, 0x1F, 0x00, 0x80, 0x00, 0x00, 0x02, 0xF0, 0x00, 0x00, 0x00, 0x00, 0x3E, 0x00, 0x00, 0x00,
    0x00, 0x03, 0xD0, 0x00, 0x00, 0x00, 0x00, 0x3D, 0x00, 0x00, 0x00, 0x00, 0x07, 0xC0, 0x00, 0x00,
    0x00, 0x00, 0xBC, 0x00, 0x00, 0x00, 0x00, 0x0F, 0x80, 0x00, 0x00, 0x00, 0x00, 0xF4, 0x00, 0x00,
    0x00, 0x00, 0x2F, 0x00, 0x00, 0x00, 0x00, 0x03, 0xE0, 0x00, 0x00, 0x00, 0x00, 0xBC, 0x00, 0x00,
    0x00, 0x14, 0x6F, 0x80, 0x00, 0x00, 0x03, 0xFF, 0xE0, 0x00, 0x00, 0x00, 0x2F, 0xE4, 0x00, 0x00,
    0x00, 0x00, 0x00, 0x00, 0x00, 0x00, 0xBF, 0x90, 0x00, 0x00, 0x00, 0x7F, 0xFD, 0x00, 0x00, 0x00,
    0x1F, 0xD1, 0x80, 0x00, 0x00, 0x03, 0xF0, 0x00, 0x00, 0x00, 0x00, 0x7C, 0x00, 0x00, 0x00, 0x00,
    0x0F, 0xC0, 0x00, 0x00, 0x00, 0x00, 0xF4, 0x00, 0x00, 0x00, 0x00, 0x1F, 0x00, 0x00, 0x00, 0x00,
    0x02, 0xF0, 0x00, 0x00, 0x00, 0x00, 0x3E, 0x00, 0x00, 0x00, 0x00, 0x03, 0xD0, 0x00, 0x00, 0x00,
    0x0B, 0xFF, 0x40, 0x00, 0x00, 0x07, 0xFF, 0xFE, 0x00, 0x00, 0x01, 0xF9, 0xBE, 0xF8, 0x00, 0x00,
    0x3D, 0x0F, 0x87, 0xE4, 0x00, 0x03, 0xC0, 0xF8, 0xFF, 0x00, 0x00, 0x7C, 0x0F, 0x43, 0xE0, 0x00,
    0x03, 0xC1, 0xF0, 0x2D, 0x00, 0x00, 0x3E, 0x1F, 0x07, 0xC0, 0x00, 0x01, 0xFF, 0xF6, 0xF8, 0x00,
    0x00, 0x07, 0xFF, 0xFE, 0x00, 0x00, 0x00, 0x0B, 0xFE, 0x00, 0x00, 0x00, 0x00, 0x3D, 0x00, 0x00,
    0x00, 0x00, 0x07, 0xC0, 0x00, 0x00, 0x00, 0x00, 0xBC, 0x00, 0x00, 0x00, 0x00, 0x0F, 0x80, 0x00,
    0x00, 0x00, 0x00, 0xF4, 0x00, 0x00, 0x00, 0x00, 0x2F, 0x00, 0x00, 0x00, 0x00, 0x03, 0xE0, 0x00,
    0x00, 0x00, 0x00, 0xBC, 0x00, 0x00, 0x00, 0x14, 0x6F, 0x80, 0x00, 0x00, 0x03, 0xFF, 0xE0, 0x00,
    0x00, 0x00, 0x2F, 0xE4, 0x00, 0x00, 0x00, 0x00, 0x00, 0x00, 0x00, 0x00, 0xBF, 0x90, 0x00, 0x00,
    0x00, 0x7F, 0xFD, 0x00, 0x00, 0x00, 0x1F, 0xD1, 0x80, 0x00, 0x00, 0x03, 0xF0, 0x00, 0x00, 0x00,
    0x00, 0x7C, 0x00, 0x00, 0x00, 0x00, 0x0F, 0xC0, 0x00, 0x00, 0x00, 0x00, 0xF4, 0x00, 0x00, 0x00,
    0x00, 0x1F, 0x00, 0x00, 0x00, 0x00, 0x02, 0xF0, 0x00, 0x00, 0x00, 0x00, 0x3E, 0x00, 0x00, 0x00,
    0x00, 0x03, 0xD0, 0x00, 0x00, 0x00, 0x0B, 0xFF, 0x40, 0x00, 0x00, 0x07, 0xFF, 0xFE, 0x00, 0x00,
    0x01, 0xF9, 0xBE, 0xF8, 0x00, 0x00, 0x3D, 0x0F, 0x87, 0xC0, 0x00, 0x03, 0xC0, 0xF8, 0x3F, 0x00,
    0x00, 0x7C, 0x0F, 0x4B, 0xF4, 0x00, 0x03, 0xC1, 0xF0, 0x7D, 0x00, 0x00, 0x3E, 0x1F, 0x07, 0xC0,
    0x00, 0x01, 0xFF, 0xF6, 0xF8, 0x00, 0x00, 0x07, 0xFF, 0xFE, 0x00, 0x00, 0x00, 0x0B, 0xFE, 0x00,
    0x00, 0x00, 0x00, 0x3D, 0x00, 0x00, 0x00, 0x00, 0x07, 0xC0, 0x00, 0x00, 0x00, 0x00, 0xBC, 0x00,
    0x00, 0x00, 0x00, 0x0F, 0x80, 0x00, 0x00, 0x00, 0x00, 0xF4, 0x00, 0x00, 0x00, 0x00, 0x2F, 0x00,
    0x00, 0x00, 0x00, 0x03, 0xE0, 0x00, 0x00, 0x00, 0x00, 0xBC, 0x00, 0x00, 0x00, 0x14, 0x6F, 0x80,
    0x00, 0x00, 0x03, 0xFF, 0xE0, 0x00, 0x00, 0x00, 0x2F, 0xE4, 0x00, 0x00, 0x00, 0x00, 0x00, 0x0F,
    0x40, 0x00, 0x00, 0x7F, 0x00, 0x00, 0x00, 0xF4, 0x00, 0x00, 0x00, 0x00, 0x00, 0x00, 0x00, 0x00,
    0x00, 0x00, 0x00, 0x00, 0x00, 0x00, 0x00, 0x00, 0x00, 0x00, 0x00, 0x00, 0x00, 0x00, 0x00, 0x00,
    0x00, 0x00, 0x00, 0x03, 0xD0, 0x00, 0x3E, 0x1F, 0xC0, 0x01, 0xFC, 0x3D, 0x00, 0x03, 0xE0, 0x3D,
    0x00, 0x03, 0xE1, 0xFC, 0x00, 0x1F, 0xC3, 0xD0, 0x00, 0x3E, 0x00, 0x00, 0x00, 0x00, 0x00, 0x00,
    0x00, 0x00, 0x00, 0x00, 0x00, 0x00, 0x00, 0x00, 0x00, 0x00, 0x00, 0x00, 0x00, 0x00, 0x00, 0x00,
    0x00, 0x00, 0x00, 0x00, 0x00, 0x00, 0xF4, 0x00, 0x00, 0x07, 0xF0, 0x00, 0x00, 0x0F, 0x40, 0x00,
    0x3D, 0x7F, 0x3D, 0x00, 0x00, 0x00, 0x00, 0x00, 0x00, 0x00, 0x3D, 0x7F, 0x3D, 0x3D, 0x00, 0x03,
    0xE1, 0xFC, 0x00, 0x1F, 0xC3, 0xD0, 0x00, 0x3E, 0x00, 0x00, 0x00, 0x00, 0x00, 0x00, 0x00, 0x00,
    0x00, 0x00, 0x00, 0x00, 0x00, 0x00, 0x00, 0x00, 0x00, 0x00, 0x00, 0x00, 0x00, 0x00, 0x00, 0x00,
    0x00, 0x00, 0x03, 0xD0, 0x00, 0x3E, 0x1F, 0xC0, 0x01, 0xFC, 0x3D, 0x00, 0x03, 0xE0, 0x00, 0x0F,
    0x40, 0x00, 0x00, 0x7F, 0x00, 0x00, 0x00, 0xF4, 0x00, 0x00, 0x00, 0x00, 0x00, 0x00, 0x00, 0x00,
    0x02, 0xFF, 0xFF, 0xFF, 0xCB, 0xFF, 0xFF, 0xFF, 0x00, 0x00, 0x00, 0x00, 0xBC, 0x00, 0x00, 0x00,
    0xFD, 0x00, 0x00, 0x00, 0xBC, 0xBF, 0xFF, 0xF4, 0x00, 0xBF, 0xFF, 0xF4, 0x00, 0x00, 0x00, 0x00,
    0x00, 0x00, 0x00, 0x00, 0xBC, 0x00, 0x00, 0x00, 0xFD, 0x00, 0x00, 0x00, 0xBC, 0x3D, 0x00, 0x02,
    0xE1, 0xFC, 0x00, 0x1F, 0xC3, 0xD0, 0x00, 0x3E, 0x00, 0x00, 0x00, 0x00, 0x00, 0x00, 0x00, 0x02,
    0xFF, 0xFF, 0xFF, 0xCB, 0xFF, 0xFF, 0xFF, 0x00, 0x00, 0x00, 0x00, 0x00, 0x00, 0x00, 0x00, 0x00,
    0x00, 0x00, 0x03, 0xD0, 0x00, 0x3E, 0x1F, 0xC0, 0x01, 0xFC, 0x3D, 0x00, 0x02, 0xE0, 0x00, 0x0F,
    0x40, 0x00, 0x00, 0x7F, 0x00, 0x00, 0x00, 0xF4, 0x00, 0x00, 0x00, 0x00, 0x00, 0x00, 0x00, 0x00,
    0x00, 0xBF, 0xF9, 0x01, 0xCB, 0xFF, 0xFF, 0xFF, 0x18, 0x01, 0xBF, 0xF4, 0x00, 0x00, 0x00, 0x00,
    0x00, 0x00, 0x00, 0x00, 0x00, 0xF4, 0x00, 0x00, 0x07, 0xF0, 0x00, 0x00, 0x0F, 0x40, 0x00, 0x0B,
    0xF4, 0x00, 0x11, 0xFF, 0xFE, 0x42, 0xCB, 0x41, 0xFF, 0xFF, 0x10, 0x00, 0x2F, 0xE0, 0x40, 0x01,
    0xBF, 0x82, 0xD0, 0x7F, 0xFF, 0xC7, 0xFF, 0xF9, 0x0B, 0x02, 0xFD, 0x00, 0x04, 0x07, 0xF8, 0x00,
    0x2E, 0x02, 0xFF, 0xF0, 0x02, 0xF8, 0x3D, 0x0B, 0xC0, 0x03, 0xD7, 0x80, 0x2E, 0x00, 0x1E, 0x74,
    0x00, 0xF0, 0x01, 0xE7, 0x80, 0x03, 0xC0, 0x1E, 0x3D, 0x00, 0x1F, 0x07, 0xC1, 0xFC, 0x00, 0xBF,
    0xF8, 0x07, 0x80, 0x00, 0xB9, 0x00, 0x07, 0xF8, 0x00, 0x00, 0x0B, 0xFF, 0xC0, 0x00, 0x03, 0xD0,
    0xF4, 0x00, 0x01, 0xE0, 0x0F, 0x00, 0x00, 0x74, 0x03, 0xC0, 0x00, 0x2D, 0x00, 0xB0, 0x00, 0x0B,
    0x40, 0x2D, 0x00, 0x02, 0xD0, 0x07, 0x80, 0x00, 0x00, 0x00, 0xE0, 0x03, 0xC0, 0x00, 0x3C, 0x00,
    0xF0, 0x00, 0x0F, 0x00, 0x3C, 0x00, 0x02, 0xD0, 0x0F, 0x00, 0x00, 0x78, 0x07, 0x80, 0x00, 0x0F,
    0x43, 0xD0, 0x00, 0x02, 0xFF, 0xF0, 0x00, 0x00, 0x1F, 0xE0, 0x24, 0x0B, 0x80, 0xF0, 0x2D, 0x0F,
    0x83, 0xD1, 0xF0, 0xBC, 0x3D, 0x1F, 0x07, 0xC1, 0xF0, 0x7C, 0x0F, 0x41, 0xF0, 0x00, 0x00, 0x00,
    0x00, 0x00, 0x01, 0xE0, 0x00, 0x00, 0x0F, 0x00, 0x00, 0x00, 0x78, 0x00, 0x0B, 0xF7, 0xC0, 0x11,
    0xFF, 0xFF, 0x42, 0xCB, 0x42, 0xFF, 0xFF, 0x10, 0x0B, 0xAF, 0xE0, 0x00, 0x3C, 0x00, 0x00, 0x02,
    0xD0, 0x00, 0x00, 0x0F, 0x00, 0x00, 0x00, 0x00, 0x00, 0x00, 0xBF, 0xFF, 0xFF, 0xF2, 0xFF, 0xFF,
    0xFF, 0xC0, 0x00, 0x00, 0x00, 0x00, 0x00, 0x00, 0x00, 0x0B, 0xF4, 0x00, 0x11, 0xFF, 0xFE, 0x42,
    0xCB, 0x41, 0xFF, 0xFF, 0x10, 0x00, 0x2F, 0xE0, 0x0B, 0xF4, 0x00, 0x10, 0xFF, 0xFE, 0x02, 0xCB,
    0x41, 0xFF, 0xFF, 0x10, 0x00, 0x6F, 0xE0, 0x00, 0x00, 0x00, 0x00, 0x00, 0x00, 0x00, 0x0B, 0xFF,
    0xFF, 0xFF, 0x2F, 0xFF, 0xFF, 0xFC, 0x00, 0x00, 0x00, 0x00, 0x00, 0x00, 0xE0, 0x00, 0x00, 0x03,
    0xC0, 0x00, 0x00, 0x2D, 0x00, 0x0B, 0xF4, 0xF0, 0x10, 0xFF, 0xFF, 0xC2, 0xCB, 0x41, 0xFF, 0xFF,
    0x10, 0x00, 0xFF, 0xE0, 0x00, 0x07, 0x80, 0x00, 0x00, 0x3D, 0x00, 0x0B, 0xFF, 0xFF, 0xFF, 0x2F,
    0xFF, 0xFF, 0xFC, 0x00, 0x3C, 0x00, 0x00, 0x01, 0xE0, 0x00, 0x00, 0x0B, 0x40, 0x00, 0x00, 0x3C,
    0x00, 0x00, 0x00, 0x90, 0x00, 0x00, 0x00, 0x00, 0x00, 0x00, 0xBF, 0xF9, 0x01, 0xCB, 0xFF, 0xFF,
    0xFF, 0x18, 0x01, 0xBF, 0xF4, 0x00, 0x00, 0x00, 0x00, 0x00, 0x00, 0x00, 0x0B, 0xFF, 0xFF, 0xFF,
    0x2F, 0xFF, 0xFF, 0xFC, 0x00, 0x00, 0x00, 0x00, 0x00, 0x00, 0x00, 0x00, 0x00, 0x00, 0x00, 0x2F,
    0xFF, 0xFF, 0xFC, 0xBF, 0xFF, 0xFF, 0xF0, 0x00, 0x00, 0x00, 0x00, 0xBF, 0xF9, 0x01, 0xCB, 0xFF,
    0xFF, 0xFF, 0x18, 0x01, 0xBF, 0xF4, 0x00, 0x00, 0x00, 0x00, 0x00, 0x03, 0xC0, 0x0B, 0xFF, 0xFF,
    0xFF, 0x2F, 0xFF, 0xFF, 0xFC, 0x00, 0x07, 0xC0, 0x00, 0x00, 0x3D, 0x00, 0x00, 0x00, 0xF0, 0x00,
    0x2F, 0xFF, 0xFF, 0xFC, 0xBF, 0xFF, 0xFF, 0xF0, 0x02, 0xE0, 0x00, 0x00, 0x0F, 0x00, 0x00, 0x00,
    0x78, 0x00, 0x00, 0x00, 0x00, 0x00, 0x00, 0x00, 0x00, 0x04, 0x00, 0x00, 0x00, 0x78, 0x00, 0x00,
    0x03, 0xC0, 0x0B, 0xFF, 0xAE, 0x1C, 0xBF, 0xFF, 0xFF, 0xF1, 0x80, 0x1B, 0xFF, 0x40, 0x00, 0x2D,
    0x00, 0x00, 0x00, 0xF0, 0x00, 0xBF, 0xFF, 0xFF, 0xF2, 0xFF, 0xFF, 0xFF, 0xC0, 0x00, 0xF0, 0x00,
    0x00, 0x07, 0x80, 0x00, 0x00, 0x2D, 0x00, 0x02, 0xFF, 0xFF, 0xFF, 0xCB, 0xFF, 0xFF, 0xFF, 0x00,
    0x3C, 0x00, 0x00, 0x01, 0xF0, 0x00, 0x00, 0x0B, 0x40, 0x00, 0x00, 0x04, 0x00, 0x00, 0x00, 0x0B,
    0xF8, 0x00, 0x11, 0xFF, 0xFE, 0x46, 0xCB, 0x41, 0xFF, 0xFF, 0x10, 0x00, 0x6F, 0xE0, 0x00, 0x00,
    0x00, 0x00, 0x00, 0x00, 0x00, 0x00, 0xBF, 0x80, 0x01, 0x1F, 0xFF, 0xE4, 0x6C, 0xB4, 0x1F, 0xFF,
    0xF1, 0x00, 0x06, 0xFE, 0x00, 0x00, 0x00, 0x00, 0x00, 0x00, 0x00, 0x34, 0x00, 0x00, 0x02, 0xD0,
    0x00, 0x00, 0x0F, 0x00, 0x2F, 0xFE, 0xF4, 0x72, 0xFF, 0xFF, 0xFF, 0xC6, 0x00, 0x7F, 0xFD, 0x00,
    0x00, 0xF0, 0x00, 0x00, 0x0B, 0x40, 0x00, 0x2F, 0xFC, 0x00, 0x47, 0xFF, 0xF9, 0x0B, 0x2D, 0x1F,
    0xFF, 0xFC, 0x40, 0xB9, 0xBF, 0x80, 0x03, 0xC0, 0x00, 0x00, 0x1E, 0x00, 0x00, 0x00, 0x70, 0x00,
    0x00, 0x00, 0x00, 0x00, 0x00, 0x00, 0x00, 0x00, 0x00, 0xBF, 0xF9, 0x01, 0xCB, 0xFF, 0xFF, 0xFF,
    0x18, 0x01, 0xBF, 0xF4, 0x00, 0x00, 0x00, 0x00, 0x2F, 0xD0, 0x00, 0x43, 0xFF, 0xF8, 0x0B, 0x2D,
    0x07, 0xFF, 0xFC, 0x40, 0x01, 0xBF, 0x80, 0x00, 0x00, 0x00, 0x00, 0x00, 0x00, 0x00, 0x2F, 0xFF,
    0xFF, 0xFC, 0xBF, 0xFF, 0xFF, 0xF0, 0x00, 0x00, 0x00, 0x00, 0x7F, 0xE0, 0x00, 0x47, 0xFF, 0xF9,
    0x0B, 0x2D, 0x07, 0xFF, 0xFC, 0x40, 0x00, 0xBF, 0x80, 0x00, 0x00, 0x00, 0x02, 0xFF, 0xE4, 0x07,
    0x2F, 0xFF, 0xFF, 0xFC, 0x60, 0x06, 0xFF, 0xD0, 0x00, 0x00, 0x00, 0x00, 0xBF, 0x40, 0x01, 0x1F,
    0xFF, 0xE4, 0x2C, 0xB4, 0x1F, 0xFF, 0xF1, 0x00, 0x02, 0xFE, 0x00, 0x00, 0x00, 0x00, 0x01, 0x80,
    0x1B, 0xFF, 0x4B, 0xFF, 0xFF, 0xFF, 0x0B, 0xFF, 0x90, 0x1C, 0x00, 0x00, 0x00, 0x00, 0x00, 0x00,
    0x00, 0x0B, 0xFF, 0xFF, 0xFF, 0x2F, 0xFF, 0xFF, 0xFC, 0x00, 0x00, 0x00, 0x00, 0x00, 0x00, 0x00,
    0x00, 0x00, 0x00, 0x00, 0x2F, 0xFF, 0xFF, 0xFC, 0xBF, 0xFF, 0xFF, 0xF0, 0x10, 0x00, 0x00, 0x40,
    0xFD, 0x00, 0x6F, 0x82, 0xFF, 0xFF, 0xFD, 0x00, 0x6F, 0xFE, 0x00, 0x00, 0x00, 0x00, 0x00, 0x00,
    0x00, 0x00, 0x00, 0x1B, 0xFF, 0x90, 0x0B, 0xFF, 0xFF, 0xF4, 0x3E, 0x40, 0x07, 0xE0, 0x40, 0x00,
    0x01, 0x00, 0x00, 0x00, 0x00, 0x00, 0x00, 0xBF, 0x80, 0x00, 0x0F, 0xFF, 0x80, 0x00, 0xBC, 0x1F,
    0x00, 0x03, 0xD0, 0x3D, 0x02, 0xFF, 0x40, 0xBF, 0xCB, 0xFD, 0x02, 0xFF, 0x00, 0x00, 0x00, 0x00,
    0x00, 0x00, 0x00, 0x00, 0x00, 0x00, 0x00, 0x00, 0x00, 0x00, 0x00, 0x2F, 0xF4, 0x0B, 0xFC, 0xBF,
    0xD0, 0x2F, 0xF0, 0x0F, 0x40, 0xF4, 0x00, 0x2F, 0x07, 0xC0, 0x00, 0x3F, 0xFE, 0x00, 0x00, 0x2F,
    0xE0, 0x00, 0x00, 0x2F, 0xE0, 0x00, 0x03, 0xFF, 0xE0, 0x00, 0x2F, 0x47, 0xC0, 0x00, 0xF4, 0x0F,
    0x40, 0xBF, 0xD0, 0x2F, 0xF2, 0xFF, 0x40, 0xBF, 0xC0, 0x00, 0x00, 0x00, 0x00, 0x00, 0x00, 0x00,
    0x00, 0x00, 0x00, 0x00, 0x00, 0x00, 0x00, 0x0B, 0xFF, 0xFF, 0xFF, 0x2F, 0xFF, 0xFF, 0xFC, 0x00,
    0x0F, 0x40, 0x00, 0x00, 0x7F, 0x00, 0x00, 0x00, 0xF4, 0x00, 0x00, 0x00, 0x00, 0x00, 0x00, 0x00,
    0x00, 0x02, 0xFF, 0xFF, 0xFF, 0xCB, 0xFF, 0xFF, 0xFF, 0x00, 0x00, 0x00, 0x00, 0x00, 0x00, 0x00,
    0x00, 0x00, 0x00, 0x00, 0x00, 0x00, 0x00, 0x00, 0x2F, 0xFF, 0xFF, 0xFC, 0xBF, 0xFF, 0xFF, 0xF0,
    0x00, 0x0F, 0x40, 0x00, 0x00, 0x7F, 0x00, 0x00, 0x00, 0xF4, 0x00, 0x00, 0x00, 0x00, 0x00, 0x00,
    0x00, 0x00, 0x00, 0x00, 0x00, 0x00, 0x0B, 0xFF, 0xFF, 0xFF, 0x2F, 0xFF, 0xFF, 0xFC, 0x00, 0x00,
    0x00, 0x00, 0x00, 0x00, 0x00, 0x00, 0x00, 0x00, 0x00, 0x2F, 0xFF, 0xFF, 0xFC, 0xBF, 0xFF, 0xFF,
    0xF0, 0x00, 0x00, 0x00, 0x00, 0x00, 0x00, 0x00, 0x00, 0x00, 0x00, 0x00, 0x00, 0x0F, 0x40, 0x00,
    0x00, 0x7F, 0x00, 0x00, 0x00, 0xF4, 0x00, 0x00, 0x3D, 0x00, 0x00, 0x01, 0xFC, 0x00, 0x00, 0x03,
    0xD0, 0x00, 0x00, 0x00, 0x00, 0x00, 0x00, 0x00, 0x00, 0x00, 0x00, 0x00, 0x00, 0x00, 0x0B, 0xFF,
    0xFF, 0xFF, 0x2F, 0xFF, 0xFF, 0xFC, 0x00, 0x00, 0x00, 0x00, 0x00, 0x00, 0x00, 0x00, 0x00, 0x00,
    0x00, 0x2F, 0xFF, 0xFF, 0xFC, 0xBF, 0xFF, 0xFF, 0xF0, 0x00, 0x00, 0x00, 0x00, 0x00, 0x00, 0x00,
    0x00, 0x00, 0x00, 0x00, 0x00, 0x00, 0x03, 0xE0, 0x00, 0x00, 0x1F, 0xC0, 0x00, 0x00, 0x3E, 0x00,
    0x00, 0x00, 0x03, 0xE0, 0x00, 0x00, 0x1F, 0xC0, 0x00, 0x00, 0x3E, 0x00, 0x00, 0x00, 0x00, 0x00,
    0x00, 0x00, 0x00, 0x00, 0x00, 0x00, 0x0B, 0xFF, 0xFF, 0xFF, 0x2F, 0xFF, 0xFF, 0xFC, 0x00, 0x00,
    0x00, 0x00, 0x00, 0x00, 0x00, 0x00, 0x00, 0x00, 0x00, 0x2F, 0xFF, 0xFF, 0xFC, 0xBF, 0xFF, 0xFF,
    0xF0, 0x00, 0x00, 0x00, 0x00, 0x00, 0x00, 0x00, 0x00, 0x00, 0x00, 0x00, 0x3D, 0x00, 0x00, 0x01,
    0xFC, 0x00, 0x00, 0x03, 0xD0, 0x00, 0x00, 0x00, 0x3D, 0x1F, 0xFF, 0xFF, 0xD7, 0xF1, 0xFF, 0xFF,
    0xFD, 0x3D, 0x00, 0x00, 0x00, 0x00, 0x00, 0x00, 0x00, 0x00, 0x00, 0x00, 0x00, 0x00, 0x00, 0x00,
    0x00, 0x00, 0x00, 0x3D, 0x1F, 0xFF, 0xFF, 0xD7, 0xF1, 0xFF, 0xFF, 0xFD, 0x3D, 0x00, 0x00, 0x00,
    0x00, 0xBF, 0xFF, 0xFF, 0x4B, 0xCB, 0xFF, 0xFF, 0xF4, 0xFD, 0x00, 0x00, 0x00, 0x0B, 0xC0, 0x00,
    0x00, 0x00, 0x00, 0x00, 0x00, 0x00, 0x00, 0x00, 0x00, 0x00, 0x00, 0x00, 0xBF, 0xFF, 0xFF, 0x4B,
    0xCB, 0xFF, 0xFF, 0xF4, 0xFD, 0x00, 0x00, 0x00, 0x0B, 0xC0, 0xBF, 0xFF, 0xFF, 0xF2, 0xFF, 0xFF,
    0xFF, 0xC0, 0x0F, 0x4B, 0x40, 0x00, 0x34, 0x0E, 0x00, 0x00, 0xD0, 0x38, 0x00, 0x03, 0xD2, 0xD0,
    0x0B, 0xFF, 0xFF, 0xFF, 0x2F, 0xFF, 0xFF, 0xFC, 0x00, 0x0B, 0x80, 0x00, 0x01, 0xFF, 0xC0, 0x00,
    0x0F, 0x07, 0x80, 0x00, 0x38, 0x0F, 0x00, 0x00, 0xE0, 0x3C, 0x00, 0x03, 0xC1, 0xE0, 0x00, 0x07,
    0xFF, 0x00, 0x00, 0x06, 0xE0, 0x00, 0x00, 0x00, 0x00, 0x02, 0xFF, 0xFF, 0xFF, 0xCB, 0xFF, 0xFF,
    0xFF, 0x00, 0x00, 0x00, 0x00, 0x00, 0x00, 0x00, 0x00, 0x00, 0x00, 0x00, 0x00, 0x00, 0x00, 0x00,
    0x2F, 0xFF, 0xFF, 0xFC, 0xBF, 0xFF, 0xFF, 0xF0, 0x00, 0x00, 0x00, 0x00, 0x06, 0xFF, 0xE0, 0x01,
    0xFF, 0xFF, 0xF8, 0x0F, 0xD0, 0x06, 0xF8, 0x24, 0x00, 0x00, 0x80, 0x00, 0x00, 0x00, 0x00, 0x00,
    0x00, 0x00, 0x2F, 0xFF, 0xFF, 0xFC, 0xBF, 0xFF, 0xFF, 0xF0, 0x00, 0x00, 0x00, 0x00, 0x00, 0x00,
    0x00, 0x00, 0x00, 0x00, 0x00, 0x00, 0x00, 0x00, 0x02, 0xFF, 0xFF, 0xFF, 0xCB, 0xFF, 0xFF, 0xFF,
    0x00, 0x00, 0x0F, 0x80, 0x00, 0x00, 0xBF, 0x00, 0x00, 0x03, 0xEE, 0x00, 0x00, 0x2E, 0x3C, 0x00,
    0x00, 0xF0, 0x78, 0x00, 0x0B, 0x80, 0xF4, 0x00, 0x3C, 0x01, 0xF0, 0x02, 0xE0, 0x03, 0xD0, 0x00,
    0x00, 0x00, 0x00, 0x00, 0x00, 0x00, 0x0B, 0xFF, 0xFF, 0xFF, 0x2F, 0xFF, 0xFF, 0xFC, 0x00, 0x00,
    0x00, 0x00, 0x00, 0x00, 0x00, 0x00, 0x00, 0x00, 0x00, 0x00, 0x00, 0x00, 0x00, 0xBF, 0xFF, 0xFF,
    0xF2, 0xFF, 0xFF, 0xFF, 0xC0, 0x0B, 0x80, 0x0F, 0x40, 0x0F, 0x00, 0x7C, 0x00, 0x2E, 0x03, 0xD0,
    0x00, 0x3C, 0x1E, 0x00, 0x00, 0xB8, 0xF0, 0x00, 0x00, 0xFB, 0x80, 0x00, 0x02, 0xFC, 0x00, 0x00,
    0x03, 0xE0, 0x00, 0x00, 0x00, 0x00, 0x00, 0x00, 0x00, 0x00, 0x0B, 0xFF, 0xFF, 0xFF, 0x2F, 0xFF,
    0xFF, 0xFC, 0x00, 0x00, 0x00, 0x00, 0x00, 0x00, 0x00, 0x00, 0x00, 0x00, 0x00, 0x00, 0x00, 0x00,
    0x00, 0xBF, 0xFF, 0xFF, 0xF2, 0xFF, 0xFF, 0xFF, 0xC0, 0x00, 0x01, 0x00, 0x00, 0x00, 0x08, 0x00,
    0x00, 0x00, 0x70, 0x00, 0x00, 0x03, 0xD0, 0x00, 0x07, 0xFF, 0xFF, 0x00, 0x03, 0xFF, 0xE0, 0x00,
    0x03, 0xFE, 0x00, 0x00, 0x0F, 0xF8, 0x00, 0x00, 0x78, 0xF0, 0x00, 0x02, 0x00, 0x90, 0x00, 0x00,
    0x00, 0x00, 0x00, 0x00, 0x00, 0x00, 0xBF, 0xFF, 0xFF, 0xF2, 0xFF, 0xFF, 0xFF, 0xC0, 0x00, 0x00,
    0x00, 0x00, 0x00, 0x00, 0x00, 0x00, 0x00, 0x00, 0x00, 0x00, 0x00, 0x00, 0x0B, 0xFF, 0xFF, 0xFF,
    0x2F, 0xFF, 0xFF, 0xFC, 0x00, 0x01, 0x00, 0x00, 0x00, 0x2C, 0x00, 0x00, 0x00, 0xF8, 0x00, 0x00,
    0x0B, 0xB0, 0x00, 0x00, 0x38, 0xF0, 0x00, 0x02, 0xC1, 0xD0, 0x00, 0x1D, 0x03, 0xC0, 0x00, 0xFF,
    0xFF, 0x40, 0x03, 0xFF, 0xFF, 0x00, 0x00, 0x00, 0x00, 0x00, 0x00, 0x00, 0x00, 0x2F, 0xFF, 0xFF,
    0xFC, 0xBF, 0xFF, 0xFF, 0xF0, 0x00, 0x00, 0x00, 0x00, 0x00, 0x00, 0x00, 0x00, 0x00, 0x00, 0x00,
    0x00, 0x00, 0x00, 0x02, 0xFF, 0xFF, 0xFF, 0xCB, 0xFF, 0xFF, 0xFF, 0x00, 0x00, 0xC0, 0x01, 0xF0,
    0x03, 0x00, 0x0A, 0x02, 0xFC, 0x7D, 0x7E, 0x1C, 0x73, 0x5C, 0xE0, 0x70, 0xDF, 0xF3, 0x41, 0xC7,
    0x34, 0x0D, 0x02, 0xEC, 0x7F, 0x34, 0x00, 0x00, 0x00, 0x00, 0x00, 0x00, 0x00, 0x02, 0xFF, 0xFF,
    0xFF, 0xCB, 0xFF, 0xFF, 0xFF, 0x00, 0x00, 0x00, 0x00, 0x00, 0x00, 0x00, 0x00, 0x00, 0x00, 0x00,
    0x00, 0x00, 0x00, 0x00, 0x2F, 0xFF, 0xFF, 0xFC, 0xBF, 0xFF, 0xFF, 0xF0, 0x01, 0xFE, 0xF4, 0x00,
    0x07, 0x1C, 0xB0, 0x00, 0x1C, 0x71, 0xC0, 0x00, 0x71, 0xC7, 0x00, 0x01, 0xC7, 0x1C, 0x00, 0x00,
    0x00, 0x00, 0x00, 0x00, 0x00, 0x00, 0x2F, 0xFF, 0xFF, 0xFC, 0xBF, 0xFF, 0xFF, 0xF0, 0x00, 0x00,
    0x00, 0x00, 0x00, 0x00, 0x00, 0x00, 0x00, 0x00, 0x00, 0x00, 0x00, 0x00, 0x02, 0xFF, 0xFF, 0xFF,
    0xCB, 0xFF, 0xFF, 0xFF, 0x00, 0x00, 0x1F, 0x80, 0x00, 0x00, 0xE3, 0x40, 0x00, 0x00, 0x1D, 0x00,
    0x00, 0x00, 0xE0, 0x00, 0x00, 0x07, 0x00, 0x00, 0x00, 0x04, 0x00, 0x00, 0x00, 0x70, 0x00, 0x00,
    0x00, 0x00, 0x00, 0x00, 0x00, 0x00, 0x02, 0xFF, 0xFF, 0xFF, 0xCB, 0xFF, 0xFF, 0xFF, 0x00, 0x00,
    0x00, 0x00, 0x00, 0x00, 0x00, 0x00, 0x00, 0x00, 0x00, 0x00, 0x00, 0x00, 0x00, 0x2F, 0xFF, 0xFF,
    0xFC, 0xBF, 0xFF, 0xFF, 0xF0, 0x00, 0x00, 0x24, 0x00, 0x00, 0x00, 0xF0, 0x00, 0x00, 0x0B, 0x40,
    0x00, 0x00, 0x3C, 0x00, 0xBF, 0xFF, 0xFF, 0xF2, 0xFF, 0xFF, 0xFF, 0xC0, 0x00, 0x3C, 0x00, 0x00,
    0x02, 0xD0, 0x00, 0x00, 0x0F, 0x00, 0x00, 0x00, 0x7C, 0x00, 0x0B, 0xFF, 0xFF, 0xFF, 0x2F, 0xFF,
    0xFF, 0xFC, 0x00, 0x78, 0x00, 0x00, 0x03, 0xC0, 0x00, 0x00, 0x0F, 0x00, 0x00, 0x00, 0x24, 0x00,
    0x00, 0x00, 0x00, 0x00, 0x02, 0xFF, 0xFF, 0xFF, 0xCB, 0xFF, 0xFF, 0xFF, 0x00, 0x00, 0x00, 0x00,
    0x00, 0x00, 0x00, 0x00, 0x00, 0x00, 0x00, 0x0B, 0xFF, 0xFF, 0xFF, 0x2F, 0xFF, 0xFF, 0xFC, 0x00,
    0x00, 0x00, 0x00, 0x00, 0x00, 0x00, 0x00, 0x00, 0x00, 0x00, 0x2F, 0xFF, 0xFF, 0xFC, 0xBF, 0xFF,
    0xFF, 0xF0, 0x00, 0x00, 0x00, 0x00, 0x00, 0x00, 0x70, 0x00, 0x00, 0x03, 0xD0, 0x00, 0x00, 0x0F,
    0x00, 0xBF, 0xFF, 0xFF, 0xF2, 0xFF, 0xFF, 0xFF, 0xC0, 0x00, 0x1E, 0x00, 0x00, 0x00, 0xF4, 0x00,
    0x00, 0x03, 0xC0, 0x02, 0xFF, 0xFF, 0xFF, 0xCB, 0xFF, 0xFF, 0xFF, 0x00, 0x07, 0x80, 0x00, 0x00,
    0x2D, 0x00, 0x00, 0x00, 0xF0, 0x00, 0x0B, 0xFF, 0xFF, 0xFF, 0x2F, 0xFF, 0xFF, 0xFC, 0x01, 0xF0,
    0x00, 0x00, 0x0B, 0x40, 0x00, 0x00, 0x1C, 0x00, 0x00, 0x00, 0x00, 0x00, 0x00, 0x02, 0xFF, 0xFF,
    0xFF, 0xCB, 0xFF, 0xFF, 0xFF, 0x00, 0x00, 0x00, 0x00, 0x00, 0x00, 0x00, 0x00, 0x00, 0x00, 0x00,
    0x0B, 0xFF, 0xFF, 0xFF, 0x2F, 0xFF, 0xFF, 0xFC, 0x00, 0x00, 0x00, 0x00, 0x00, 0x00, 0x00, 0x00,
    0x00, 0x00, 0x00, 0x2F, 0xFF, 0xFF, 0xFC, 0xBF, 0xFF, 0xFF, 0xF0, 0x00, 0x00, 0x00, 0x00, 0x00,
    0x00, 0x00, 0x00, 0x00, 0x00, 0x00, 0xBF, 0xFF, 0xFF, 0xF2, 0xFF, 0xFF, 0xFF, 0xC0, 0x00, 0x00,
    0x00, 0x00, 0x00, 0x00, 0x02, 0xC0, 0x00, 0x00, 0xBF, 0x00, 0x00, 0x2F, 0xE0, 0x00, 0x0B, 0xF8,
    0x00, 0x02, 0xFD, 0x00, 0x00, 0xBF, 0x40, 0x00, 0x1F, 0xD0, 0x00, 0x00, 0x7F, 0x80, 0x00, 0x00,
    0x2F, 0xE4, 0x00, 0x00, 0x0B, 0xFD, 0x00, 0x00, 0x01, 0xFF, 0x80, 0x00, 0x00, 0x6F, 0xF0, 0x00,
    0x00, 0x0B, 0xC0, 0x00, 0x00, 0x02, 0x00, 0x00, 0x00, 0x00, 0x7F, 0xFF, 0xFF, 0xF1, 0xFF, 0xFF,
    0xFF, 0xC0, 0x00, 0x00, 0x00, 0x02, 0xD0, 0x00, 0x00, 0x07, 0xF4, 0x00, 0x00, 0x06, 0xFD, 0x00,
    0x00, 0x00, 0xBF, 0x40, 0x00, 0x00, 0x2F, 0xD0, 0x00, 0x00, 0x0B, 0xF4, 0x00, 0x00, 0x02, 0xFC,
    0x00, 0x00, 0x1B, 0xF0, 0x00, 0x07, 0xFE, 0x00, 0x02, 0xFF, 0x40, 0x01, 0xBF, 0x90, 0x00, 0x7F,
    0xE0, 0x00, 0x02, 0xF4, 0x00, 0x00, 0x05, 0x00, 0x00, 0x00, 0x00, 0x00, 0x00, 0x00, 0xBF, 0xFF,
    0xFF, 0xF2, 0xFF, 0xFF, 0xFF, 0xC0, 0x00, 0x00, 0x00, 0x00, 0x00, 0x00, 0x02, 0xC0, 0x00, 0x02,
    0xFF, 0x00, 0x01, 0xFF, 0xD0, 0x01, 0xBF, 0xD0, 0x00, 0xBF, 0xE0, 0x00, 0x0B, 0xF4, 0x00, 0x00,
    0x0B, 0xFE, 0x00, 0x00, 0x01, 0xBF, 0xE0, 0x00, 0x00, 0x1B, 0xFE, 0x00, 0x00, 0x01, 0xFF, 0x00,
    0x00, 0x00, 0x2C, 0x00, 0x00, 0x00, 0x02, 0xFF, 0xFF, 0xFF, 0xCB, 0xFF, 0xFF, 0xFF, 0x00, 0x00,
    0x00, 0x00, 0x00, 0x00, 0x00, 0x00, 0x00, 0x00, 0x00, 0x0B, 0xFF, 0xFF, 0xFF, 0x2F, 0xFF, 0xFF,
    0xFC, 0x00, 0x00, 0x00, 0x02, 0xD0, 0x00, 0x00, 0x0B, 0xF9, 0x00, 0x00, 0x06, 0xFF, 0x90, 0x00,
    0x00, 0x6F, 0xF8, 0x00, 0x00, 0x06, 0xFF, 0x40, 0x00, 0x00, 0xBF, 0x00, 0x00, 0x6F, 0xF4, 0x00,
    0x6F, 0xF4, 0x00, 0x6F, 0xF8, 0x00, 0x0B, 0xF9, 0x00, 0x00, 0x29, 0x00, 0x00, 0x00, 0x00, 0x00,
    0x00, 0x02, 0xFF, 0xFF, 0xFF, 0xCB, 0xFF, 0xFF, 0xFF, 0x00, 0x00, 0x00, 0x00, 0x00, 0x00, 0x00,
    0x00, 0x00, 0x00, 0x00, 0x0B, 0xFF, 0xFF, 0xFF, 0x2F, 0xFF, 0xFF, 0xFC, 0x00, 0x00, 0x00, 0x00,
    0x00, 0x00, 0x02, 0xC0, 0x00, 0x02, 0xFF, 0x00, 0x01, 0xFF, 0xD0, 0x01, 0xBF, 0xD0, 0x00, 0xBF,
    0xE0, 0x00, 0x0B, 0xF4, 0x00, 0x00, 0x0B, 0xFE, 0x00, 0x00, 0x01, 0xBF, 0xE0, 0x00, 0x00, 0x1B,
    0xFE, 0x00, 0x00, 0x01, 0xFF, 0x00, 0x00, 0x14, 0x2C, 0x00, 0x00, 0xF0, 0x01, 0xFF, 0xFF, 0xFF,
    0xC7, 0xFF, 0xFF, 0xFF, 0x00, 0x01, 0xE0, 0x00, 0x00, 0x0F, 0x00, 0x00, 0x00, 0x7C, 0x00, 0x07,
    0xFF, 0xFF, 0xFF, 0x1F, 0xFF, 0xFF, 0xFC, 0x00, 0xB4, 0x00, 0x00, 0x03, 0xC0, 0x00, 0x00, 0x09,
    0x00, 0x00, 0x00, 0x00, 0x00, 0x00, 0x02, 0xD0, 0x00, 0x00, 0x0B, 0xF9, 0x00, 0x00, 0x06, 0xFF,
    0x90, 0x00, 0x00, 0x6F, 0xF8, 0x00, 0x00, 0x06, 0xFF, 0x40, 0x00, 0x00, 0xBF, 0x00, 0x00, 0x6F,
    0xF4, 0x00, 0x6F, 0xF4, 0x00, 0x6F, 0xF8, 0x00, 0x0B, 0xF9, 0x00, 0x00, 0x29, 0x00, 0x14, 0x00,
    0x00, 0x00, 0xF0, 0x02, 0xFF, 0xFF, 0xFF, 0xCB, 0xFF, 0xFF, 0xFF, 0x00, 0x01, 0xE0, 0x00, 0x00,
    0x0F, 0x00, 0x00, 0x00, 0x7C, 0x00, 0x0B, 0xFF, 0xFF, 0xFF, 0x2F, 0xFF, 0xFF, 0xFC, 0x00, 0xB4,
    0x00, 0x00, 0x03, 0xC0, 0x00, 0x00, 0x09, 0x00, 0x00, 0x00, 0x00, 0x00, 0x00, 0x00, 0x00, 0x00,
    0x00, 0x00, 0x00, 0xB0, 0x00, 0x2D, 0x00, 0x00, 0x0B, 0xF0, 0x01, 0xFC, 0x00, 0x00, 0xBF, 0x80,
    0x1F, 0xF4, 0x00, 0x0B, 0xF8, 0x01, 0xFF, 0x40, 0x00, 0xBF, 0x80, 0x1F, 0xF4, 0x00, 0x0B, 0xF8,
    0x01, 0xFF, 0x40, 0x00, 0x3F, 0x80, 0x0B, 0xF4, 0x00, 0x00, 0x3F, 0x80, 0x0F, 0xF4, 0x00, 0x00,
    0x0B, 0xF8, 0x01, 0xFF, 0x40, 0x00, 0x00, 0xBF, 0x80, 0x1F, 0xF0, 0x00, 0x00, 0x0B, 0xF8, 0x01,
    0xFE, 0x00, 0x00, 0x00, 0xBF, 0x80, 0x2F, 0xE0, 0x00, 0x00, 0x0B, 0xF0, 0x02, 0xFC, 0x00, 0x00,
    0x00, 0xB0, 0x00, 0x2D, 0x00, 0x00, 0x00, 0x00, 0x00, 0x00, 0x00, 0x00, 0x00, 0x00, 0x00, 0x00,
    0x38, 0x00, 0x0E, 0x00, 0x00, 0x00, 0x3F, 0x80, 0x0F, 0xE0, 0x00, 0x00, 0x0B, 0xF8, 0x02, 0xFE,
    0x00, 0x00, 0x00, 0xBF, 0x80, 0x2F, 0xE0, 0x00, 0x00, 0x0B, 0xF4, 0x02, 0xFE, 0x00, 0x00, 0x00,
    0xFF, 0x40, 0x2F, 0xE0, 0x00, 0x00, 0x1F, 0xF0, 0x02, 0xFC, 0x00, 0x00, 0x0B, 0xF0, 0x02, 0xFC,
    0x00, 0x00, 0xBF, 0x80, 0x2F, 0xE0, 0x00, 0x0B, 0xF8, 0x02, 0xFE, 0x00, 0x00, 0xBF, 0x80, 0x2F,
    0xE0, 0x00, 0x0B, 0xF8, 0x01, 0xFE, 0x00, 0x00, 0x3F, 0x80, 0x0F, 0xF0, 0x00, 0x00, 0x38, 0x00,
    0x0F, 0x40, 0x00, 0x00, 0x00, 0x00, 0x00, 0x00, 0x00, 0x00, 0x3C, 0x3C, 0x0F, 0xF4, 0x0B, 0xE0,
    0x07, 0xD0, 0x0F, 0xF0, 0x1E, 0xB4, 0x2D, 0x7C, 0x3C, 0x3C, 0x3C, 0x2D, 0x78, 0x1D, 0x78, 0x1E,
    0x74, 0x1E, 0x78, 0x1E, 0x78, 0x2D, 0x3C, 0x3C, 0x3C, 0x3C, 0x2D, 0x78, 0x0F, 0xF0, 0x0B, 0xE0,
    0x07, 0xD0, 0x0F, 0xF0, 0x3D, 0x7C, 0x00, 0x00, 0x08, 0x00, 0x00, 0x00, 0xB8, 0x00, 0x00, 0x03,
    0xC0, 0x04, 0x00, 0x1E, 0x10, 0x3E, 0x40, 0xFB, 0xE0, 0xBF, 0xFF, 0xFF, 0x40, 0x1B, 0xFF, 0x90,
    0x00, 0x01, 0xF0, 0x00, 0x00, 0x0F, 0x40, 0x00, 0x06, 0xFF, 0xA4, 0x02, 0xFF, 0xFF, 0xFD, 0x0F,
    0xAF, 0x01, 0xF8, 0x10, 0xB4, 0x00, 0x40, 0x03, 0xC0, 0x00, 0x00, 0x2D, 0x00, 0x00, 0x00, 0x20,
    0x00, 0x00, 0x00, 0x00, 0x00, 0x00, 0x00, 0x00, 0xB0, 0x00, 0x00, 0x03, 0xC0, 0x00, 0x00, 0x1E,
    0x00, 0x00, 0x00, 0xB4, 0x00, 0x00, 0x03, 0xC0, 0x00, 0x00, 0x0F, 0x00, 0x00, 0x00, 0x78, 0x2C,
    0x00, 0x02, 0xEB, 0xF0, 0x00, 0x0F, 0xFE, 0x00, 0x00, 0xFF, 0x40, 0x00, 0x2F, 0xF0, 0x00, 0x0B,
    0xFF, 0x40, 0x01, 0xFD, 0x3C, 0x00, 0x07, 0xF8, 0xF0, 0x00, 0x02, 0xFF, 0xC0, 0x00, 0x00, 0xBF,
    0xD0, 0x00, 0x00, 0xFF, 0xF8, 0x00, 0x03, 0xC7, 0xFE, 0x00, 0x1D, 0x00, 0xBC, 0x00, 0xB0, 0x00,
    0x20, 0x03, 0xC0, 0x00, 0x00, 0x0E, 0x00, 0x00, 0x00, 0x74, 0x00, 0x00, 0x00, 0x80, 0x00, 0x00,
    0x00, 0x00, 0x00, 0x00, 0x00, 0x02, 0xD0, 0x00, 0x00, 0x0F, 0x00, 0x00, 0x00, 0x3C, 0x00, 0x00,
    0x01, 0xE0, 0x02, 0xD0, 0x0B, 0x40, 0x07, 0xF4, 0x3C, 0x00, 0x06, 0xFE, 0xF0, 0x00, 0x00, 0xBF,
    0xC0, 0x00, 0x00, 0x3F, 0xD0, 0x00, 0x00, 0xFB, 0xF4, 0x00, 0x03, 0xC2, 0xFC, 0x00, 0x1E, 0x1B,
    0xF0, 0x00, 0xBB, 0xFE, 0x00, 0x03, 0xFF, 0x40, 0x01, 0xBF, 0x90, 0x00, 0x7F, 0xF8, 0x00, 0x02,
    0xF7, 0xC0, 0x00, 0x05, 0x0F, 0x00, 0x00, 0x00, 0x38, 0x00, 0x00, 0x02, 0xD0, 0x00, 0x00, 0x0F,
    0x00, 0x00, 0x00, 0x3C, 0x00, 0x00, 0x01, 0xE0, 0x00, 0x00, 0x01, 0x40, 0x00, 0x00, 0x00, 0x00,
    0x00, 0x00, 0x00, 0x00, 0xF0, 0x00, 0x00, 0x03, 0x80, 0x00, 0x00, 0x2D, 0x00, 0x00, 0x00, 0xF0,
    0xB0, 0x00, 0x03, 0xEF, 0xC0, 0x00, 0x1F, 0xF8, 0x00, 0x02, 0xFE, 0x00, 0x00, 0xBF, 0xC0, 0x00,
    0x2F, 0xDF, 0x00, 0x07, 0xF4, 0x78, 0x00, 0x1F, 0xE2, 0xD0, 0x00, 0x0B, 0xFF, 0x00, 0x00, 0x02,
    0xFF, 0x40, 0x00, 0x01, 0xFF, 0xE0, 0x00, 0x0B, 0x5B, 0xFC, 0x00, 0x3C, 0x02, 0xF0, 0x00, 0xF0,
    0x00, 0x80, 0x07, 0x80, 0x00, 0x1F, 0xFF, 0xFF, 0xFC, 0x7F, 0xFF, 0xFF, 0xF0, 0x03, 0x80, 0x00,
    0x00, 0x1D, 0x00, 0x00, 0x00, 0xB0, 0x00, 0x00, 0x01, 0x80, 0x00, 0x00, 0x00, 0x00, 0x00, 0x00,
    0x00, 0x02, 0xD0, 0x00, 0x00, 0x0F, 0x00, 0x00, 0x00, 0x3C, 0x00, 0xB4, 0x01, 0xE0, 0x01, 0xFD,
    0x0B, 0x40, 0x01, 0xBF, 0x7C, 0x00, 0x00, 0x2F, 0xF0, 0x00, 0x00, 0x0F, 0xF4, 0x00, 0x00, 0x2F,
    0xFD, 0x00, 0x00, 0xF0, 0xBF, 0x00, 0x03, 0xC6, 0xFC, 0x00, 0x1F, 0xFF, 0x80, 0x00, 0xFF, 0xD0,
    0x00, 0x6F, 0xE4, 0x00, 0x1F, 0xFF, 0x00, 0x00, 0xBD, 0xB4, 0x00, 0x01, 0x42, 0xC0, 0x00, 0x00,
    0x0F, 0x00, 0x00, 0x2F, 0xFF, 0xFF, 0xFC, 0xBF, 0xFF, 0xFF, 0xF0, 0x0F, 0x00, 0x00, 0x00, 0x3C,
    0x00, 0x00, 0x01, 0xE0, 0x00, 0x00, 0x01, 0x40, 0x00, 0x00, 0x00, 0x00, 0x00, 0x10, 0x00, 0x00,
    0x1B, 0xC0, 0x00, 0x0B, 0xFE, 0x00, 0x07, 0xFE, 0x40, 0x06, 0xFF, 0x40, 0x01, 0xFF, 0x40, 0x00,
    0x07, 0xF9, 0x00, 0x00, 0x02, 0xFF, 0x90, 0x00, 0x00, 0x2F, 0xF9, 0x00, 0x00, 0x06, 0xFF, 0x80,
    0x00, 0x00, 0x7F, 0x00, 0x00, 0x00, 0x04, 0x00, 0x00, 0x00, 0x00, 0x2F, 0xD0, 0x00, 0x47, 0xFF,
    0xF9, 0x0B, 0x2D, 0x07, 0xFF, 0xFC, 0x40, 0x00, 0xBF, 0x80, 0x00, 0x00, 0x00, 0x00, 0x00, 0x00,
    0x00, 0x02, 0xF4, 0x00, 0x00, 0x07, 0xFF, 0x40, 0x00, 0x00, 0xBF, 0xE4, 0x00, 0x00, 0x0B, 0xFE,
    0x00, 0x00, 0x00, 0xBF, 0xC0, 0x00, 0x01, 0xFF, 0x00, 0x01, 0xFF, 0x90, 0x01, 0xFF, 0xD0, 0x01,
    0xFF, 0xE0, 0x00, 0x0B, 0xE4, 0x00, 0x00, 0x14, 0x00, 0x00, 0x00, 0x00, 0x00, 0x00, 0x00, 0x2F,
    0xD0, 0x00, 0x47, 0xFF, 0xF9, 0x0B, 0x2D, 0x07, 0xFF, 0xFC, 0x40, 0x00, 0xBF, 0x80, 0x00, 0x00,
    0x00, 0x00, 0x00, 0x00, 0x00, 0x00, 0x00, 0x00, 0x38, 0x00, 0x00, 0x01, 0xE0, 0x00, 0x00, 0x0B,
    0x44, 0x00, 0x00, 0x3E, 0xF0, 0x00, 0x02, 0xFF, 0x80, 0x01, 0xFF, 0xD0, 0x01, 0xBF, 0xFD, 0x00,
    0x7F, 0xD0, 0xF0, 0x01, 0xFE, 0x43, 0x80, 0x00, 0xBF, 0xFD, 0x00, 0x00, 0x0B, 0xFE, 0x40, 0x00,
    0x03, 0xFF, 0xE0, 0x00, 0x1E, 0x1F, 0xC0, 0x00, 0xB4, 0x01, 0x00, 0x03, 0xC0, 0x00, 0x0B, 0xFF,
    0x00, 0x11, 0xFF, 0xFE, 0x42, 0xCB, 0x43, 0xFF, 0xFF, 0x10, 0x0F, 0x6F, 0xE0, 0x00, 0x3C, 0x00,
    0x00, 0x01, 0xE0, 0x00, 0x00, 0x0B, 0x40, 0x00, 0x00, 0x3C, 0x00, 0x00, 0x00, 0x60, 0x00, 0x00,
    0x00, 0x00, 0x00, 0x00, 0x00, 0x02, 0xD0, 0x00, 0x00, 0x0F, 0x00, 0x00, 0x00, 0x3C, 0x00, 0x00,
    0x01, 0xE0, 0x02, 0xF4, 0x0B, 0x40, 0x07, 0xFF, 0x7C, 0x00, 0x00, 0xBF, 0xF4, 0x00, 0x00, 0x0F,
    0xFE, 0x00, 0x00, 0x2E, 0xBF, 0xC0, 0x00, 0xF1, 0xFF, 0x00, 0x07, 0xFF, 0x90, 0x01, 0xFF, 0xD0,
    0x01, 0xFF, 0xF4, 0x00, 0x0B, 0xE7, 0xC0, 0x00, 0x14, 0x0E, 0x00, 0x00, 0x00, 0x74, 0x00, 0x00,
    0x2F, 0xE0, 0x00, 0x47, 0xFF, 0xF9, 0x0B, 0x2D, 0x7F, 0xFF, 0xFC, 0x42, 0xD0, 0xBF, 0x80, 0x0F,
    0x00, 0x00, 0x00, 0x3C, 0x00, 0x00, 0x01, 0xE0, 0x00, 0x00, 0x01, 0x40, 0x00, 0x00, 0x00, 0x00,
    0x00, 0x00, 0x00, 0x00, 0x06, 0xC0, 0x00, 0x02, 0xFF, 0x00, 0x01, 0xFF, 0xD0, 0x01, 0xFF, 0xD0,
    0x00, 0xBF, 0xD0, 0x00, 0x0B, 0xF4, 0x00, 0x00, 0x0B, 0xFE, 0x40, 0x00, 0x00, 0xBF, 0xE4, 0x00,
    0x00, 0x1B, 0xFE, 0x4B, 0x40, 0x01, 0xFF, 0x1F, 0xF4, 0x00, 0x1C, 0x0B, 0xFE, 0x40, 0x00, 0x01,
    0xBF, 0xE0, 0x00, 0x00, 0x1B, 0xFE, 0x00, 0x00, 0x02, 0xFC, 0x00, 0x01, 0xBF, 0x90, 0x01, 0xBF,
    0xD0, 0x01, 0xBF, 0xE0, 0x00, 0x2F, 0xE4, 0x00, 0x00, 0x64, 0x00, 0x00, 0x00, 0x00, 0x00, 0x00,
    0x00, 0x00, 0x00, 0x00, 0x02, 0xE0, 0x00, 0x00, 0x07, 0xFD, 0x00, 0x00, 0x02, 0xFF, 0x90, 0x00,
    0x00, 0x2F, 0xF9, 0x00, 0x00, 0x02, 0xFF, 0x80, 0x00, 0x00, 0xBF, 0x00, 0x00, 0x7F, 0xE4, 0x00,
    0x7F, 0xF4, 0x00, 0x7F, 0xF8, 0x00, 0x0B, 0xF8, 0x00, 0x1B, 0x19, 0x00, 0x0B, 0xFC, 0x00, 0x07,
    0xFF, 0x40, 0x06, 0xFF, 0x40, 0x02, 0xFF, 0x40, 0x00, 0x2F, 0xD0, 0x00, 0x00, 0x2F, 0xF9, 0x00,
    0x00, 0x02, 0xFF, 0x90, 0x00, 0x00, 0x6F, 0xF9, 0x00, 0x00, 0x07, 0xFC, 0x00, 0x00, 0x00, 0x70,
    0x00, 0x00, 0x00, 0x00, 0x00, 0x00, 0x00, 0x00, 0x00, 0x00, 0x38, 0x00, 0x00, 0x01, 0xFB, 0x00,
    0x00, 0x0F, 0xFC, 0x00, 0x07, 0xFF, 0x40, 0x07, 0xFF, 0xF0, 0x02, 0xFF, 0x47, 0x80, 0x2F, 0xD0,
    0x2D, 0x00, 0x2F, 0xF9, 0xF0, 0x00, 0x02, 0xFF, 0xD0, 0x00, 0x00, 0x7F, 0xF9, 0x2D, 0x00, 0xBB,
    0xFC, 0x7F, 0xD3, 0xC0, 0x70, 0x2F, 0xFF, 0x00, 0x00, 0x06, 0xFF, 0x80, 0x00, 0x03, 0xFF, 0xF8,
    0x00, 0x0F, 0x0B, 0xF0, 0x00, 0x7E, 0xFE, 0x40, 0x07, 0xFF, 0x40, 0x06, 0xFF, 0x80, 0x00, 0xBF,
    0xBC, 0x00, 0x01, 0x91, 0xE0, 0x00, 0x00, 0x0B, 0x40, 0x00, 0x00, 0x3C, 0x00, 0x00, 0x00, 0x60,
    0x00, 0x00, 0x00, 0x00, 0x00, 0x00, 0x00, 0x00, 0xF0, 0x0B, 0x80, 0x03, 0xC0, 0x1F, 0xF4, 0x1E,
    0x00, 0x0B, 0xFE, 0xF4, 0x00, 0x00, 0xBF, 0xE4, 0x00, 0x00, 0x1F, 0xFE, 0x00, 0x00, 0x7A, 0xFC,
    0x00, 0x03, 0xFF, 0x90, 0x01, 0xFF, 0xD0, 0x01, 0xFF, 0xFC, 0x00, 0x2F, 0xE1, 0xD0, 0x6C, 0x64,
    0x0B, 0x6F, 0xF0, 0x00, 0x3F, 0xFD, 0x00, 0x1B, 0xFD, 0x00, 0x0B, 0xFF, 0x80, 0x00, 0xBF, 0x7C,
    0x00, 0x00, 0xBF, 0xF4, 0x00, 0x00, 0x0F, 0xFE, 0x40, 0x00, 0x2E, 0xBF, 0xE4, 0x00, 0xF0, 0x1F,
    0xF0, 0x03, 0xC0, 0x01, 0xC0, 0x1E, 0x00, 0x00, 0x00, 0xB4, 0x00, 0x00, 0x00, 0x80, 0x00, 0x00,
    0x00, 0x00, 0x00, 0x00, 0x00, 0x00, 0x0C, 0x00, 0x00, 0x07, 0xC0, 0x00, 0x03, 0xF8, 0x00, 0x02,
    0xFD, 0x00, 0x02, 0xFE, 0x00, 0x06, 0xFE, 0x00, 0x07, 0xFE, 0x00, 0x00, 0x7F, 0xE0, 0x00, 0x00,
    0x2F, 0xE0, 0x00, 0x00, 0x1F, 0xE0, 0x00, 0x00, 0x1F, 0xD0, 0x00, 0x00, 0x2F, 0x80, 0x00, 0x00,
    0x7C, 0x00, 0x00, 0x00, 0xC0, 0x00, 0x00, 0x00, 0x00, 0x00, 0x00, 0x0A, 0x00, 0x00, 0x00, 0xBC,
    0x00, 0x00, 0x03, 0xF8, 0x00, 0x00, 0x0B, 0xF4, 0x00, 0x00, 0x0F, 0xF4, 0x00, 0x00, 0x1F, 0xF4,
    0x00, 0x00, 0x1B, 0xFC, 0x00, 0x01, 0xBF, 0xC0, 0x01, 0xFF, 0x80, 0x00, 0xBF, 0x40, 0x00, 0x7F,
    0x40, 0x00, 0x3F, 0x80, 0x00, 0x0B, 0xC0, 0x00, 0x00, 0xA0, 0x00, 0x00, 0x00, 0x00, 0x00, 0x00,
    0x00, 0x00, 0x00, 0x40, 0x00, 0x00, 0x2C, 0x00, 0x00, 0x0F, 0xC0, 0x00, 0x0B, 0xF0, 0x00, 0x1F,
    0xF4, 0x01, 0xBF, 0xF4, 0x00, 0xBF, 0xE0, 0x00, 0x01, 0xBF, 0xE4, 0x00, 0x00, 0x6F, 0xF4, 0x00,
    0x00, 0x1F, 0xE0, 0x10, 0x00, 0x1F, 0xCB, 0xE4, 0x00, 0x2C, 0x7F, 0xF8, 0x00, 0x80, 0x1F, 0xF4,
    0x00, 0x00, 0x0B, 0xF0, 0x00, 0x00, 0x0F, 0xD0, 0x00, 0x00, 0x1F, 0x80, 0x00, 0x00, 0x3C, 0x00,
    0x00, 0x00, 0xC0, 0x00, 0x00, 0x00, 0x40, 0x00, 0x00, 0x0B, 0x00, 0x00, 0x00, 0x7E, 0x00, 0x00,
    0x01, 0xFE, 0x00, 0x00, 0x02, 0xFE, 0x40, 0x00, 0x02, 0xFF, 0x90, 0x00, 0x01, 0xFF, 0xC0, 0x01,
    0xBF, 0xE4, 0x01, 0xFF, 0x80, 0x00, 0xFF, 0x40, 0x00, 0x3F, 0x40, 0x00, 0x4B, 0x80, 0x01, 0xFC,
    0x50, 0x02, 0xFF, 0x80, 0x02, 0xFE, 0x40, 0x01, 0xFE, 0x00, 0x00, 0xBE, 0x00, 0x00, 0x3F, 0x40,
    0x00, 0x0B, 0xC0, 0x00, 0x00, 0xA0, 0x00, 0x00, 0x04, 0x00, 0x00, 0x00, 0x00, 0x00, 0x00, 0x00,
    0x00, 0x00, 0x00, 0xC0, 0x00, 0x00, 0x2F, 0x00, 0x00, 0x07, 0xF4, 0x00, 0x06, 0xFE, 0x00, 0x06,
    0xFF, 0x80, 0x07, 0xFF, 0x90, 0x00, 0x1F, 0xFE, 0x40, 0x00, 0x01, 0xBF, 0xE0, 0x00, 0x00, 0x1B,
    0xF8, 0x00, 0x00, 0x02, 0xFD, 0x00, 0x00, 0x00, 0xBC, 0x00, 0x00, 0x00, 0x70, 0x00, 0x00, 0x00,
    0x00, 0xBF, 0x40, 0x01, 0x1F, 0xFF, 0xE4, 0x2C, 0xB4, 0x1F, 0xFF, 0xF1, 0x00, 0x02, 0xFE, 0x00,
    0x00, 0x00, 0x00, 0x00, 0x00, 0x00, 0x00, 0x02, 0x80, 0x00, 0x00, 0x07, 0xC0, 0x00, 0x00, 0x0B,
    0xE0, 0x00, 0x00, 0x07, 0xFD, 0x00, 0x00, 0x01, 0xFF, 0xE4, 0x00, 0x00, 0x1B, 0xFF, 0x00, 0x00,
    0xBF, 0xFC, 0x00, 0x7F, 0xF4, 0x00, 0x1F, 0xF4, 0x00, 0x02, 0xFD, 0x00, 0x00, 0x2F, 0x40, 0x00,
    0x00, 0xA0, 0x00, 0x00, 0x00, 0x00, 0x00, 0x00, 0x00, 0xBF, 0x40, 0x01, 0x1F, 0xFF, 0xE4, 0x2C,
    0xB4, 0x1F, 0xFF, 0xF1, 0x00, 0x02, 0xFE, 0x00, 0x00, 0x00, 0x00, 0x00, 0x00, 0x00, 0x24, 0x00,
    0x00, 0x03, 0xC0, 0x00, 0x00, 0x38, 0x00, 0x00, 0x0B, 0x4C, 0x00, 0x00, 0xFB, 0xC0, 0x00, 0x0F,
    0xF8, 0x00, 0x02, 0xFD, 0x00, 0x01, 0xFE, 0x00, 0x02, 0xFF, 0xC0, 0x07, 0xFE, 0x7C, 0x00, 0x7F,
    0xE7, 0x80, 0x00, 0x6F, 0xF4, 0x00, 0x00, 0x2F, 0xE0, 0x00, 0x00, 0xFF, 0xD0, 0x00, 0x1E, 0x3F,
    0x80, 0x02, 0xD0, 0x7C, 0x00, 0x3C, 0x00, 0xC0, 0x03, 0xC0, 0x00, 0x00, 0x00, 0x00, 0x00, 0x00,
    0x01, 0x80, 0x00, 0x00, 0x2D, 0x00, 0x00, 0x03, 0xC0, 0x0A, 0x00, 0x3C, 0x00, 0xBC, 0x07, 0x80,
    0x03, 0xF8, 0xB4, 0x00, 0x0B, 0xFF, 0x00, 0x00, 0x0F, 0xF4, 0x00, 0x00, 0x2F, 0xF4, 0x00, 0x03,
    0xEF, 0xFC, 0x00, 0x3D, 0xBF, 0xC0, 0x07, 0xFF, 0x80, 0x00, 0xFF, 0x40, 0x00, 0x7F, 0x40, 0x00,
    0x2F, 0xF0, 0x00, 0x0B, 0xEE, 0x00, 0x00, 0xA2, 0xD0, 0x00, 0x00, 0x3C, 0x00, 0x00, 0x00, 0x00,
    0x00, 0x00, 0x00, 0x1B, 0xFF, 0xFF, 0xF0, 0x1F, 0xFF, 0xFF, 0xFF, 0x07, 0xF5, 0x00, 0x00, 0x00,
    0xF8, 0x00, 0x00, 0x00, 0x2E, 0x00, 0x00, 0x00, 0x03, 0xC0, 0x00, 0x00, 0x00, 0x7C, 0x00, 0x00,
    0x00, 0x07, 0x80, 0x00, 0x00, 0x00, 0x78, 0x00, 0x00, 0x00, 0x07, 0x80, 0x00, 0x00, 0x00, 0x7C,
    0x00, 0x00, 0x00, 0x03, 0xC0, 0x00, 0x00, 0x00, 0x2E, 0x00, 0x00, 0x00, 0x00, 0xF8, 0x00, 0x00,
    0x00, 0x07, 0xF5, 0x00, 0x00, 0x00, 0x1F, 0xFF, 0xFF, 0xFF, 0x00, 0x1B, 0xFF, 0xFF, 0xF0, 0xBF,
    0xFF, 0xFE, 0x40, 0x0B, 0xFF, 0xFF, 0xFF, 0x40, 0x00, 0x00, 0x01, 0xFE, 0x00, 0x00, 0x00, 0x01,
    0xF4, 0x00, 0x00, 0x00, 0x07, 0xC0, 0x00, 0x00, 0x00, 0x3D, 0x00, 0x00, 0x00, 0x02, 0xE0, 0x00,
    0x00, 0x00, 0x1E, 0x00, 0x00, 0x00, 0x01, 0xF0, 0x00, 0x00, 0x00, 0x1E, 0x00, 0x00, 0x00, 0x02,
    0xE0, 0x00, 0x00, 0x00, 0x3D, 0x00, 0x00, 0x00, 0x07, 0xC0, 0x00, 0x00, 0x01, 0xF4, 0x00, 0x00,
    0x01, 0xFE, 0x0B, 0xFF, 0xFF, 0xFF, 0x40, 0xBF, 0xFF, 0xFE, 0x40, 0x00, 0x00, 0x00, 0x00, 0x01,
    0x00, 0x00, 0x00, 0x00, 0x78, 0x00, 0x00, 0x00, 0x0B, 0x40, 0x00, 0x00, 0x00, 0xF0, 0x00, 0x1B,
    0xFF, 0xFF, 0xF0, 0x1F, 0xFF, 0xFF, 0xFF, 0x07, 0xF5, 0x00, 0x3C, 0x00, 0xF8, 0x00, 0x0B, 0x40,
    0x2E, 0x00, 0x00, 0xF0, 0x03, 0xC0, 0x00, 0x1E, 0x00, 0x7C, 0x00, 0x02, 0xD0, 0x07, 0x80, 0x00,
    0x3C, 0x00, 0x78, 0x00, 0x07, 0x80, 0x07, 0x80, 0x00, 0xF0, 0x00, 0x7C, 0x00, 0x0F, 0x00, 0x03,
    0xC0, 0x02, 0xD0, 0x00, 0x2E, 0x00, 0x3C, 0x00, 0x00, 0xF8, 0x07, 0x80, 0x00, 0x07, 0xF4, 0xF4,
    0x00, 0x00, 0x1F, 0xFF, 0xFF, 0xFF, 0x00, 0x1B, 0xFF, 0xFF, 0xF0, 0x00, 0x3C, 0x00, 0x00, 0x00,
    0x07, 0xC0, 0x00, 0x00, 0x00, 0xB4, 0x00, 0x00, 0x00, 0x01, 0x00, 0x00, 0x00, 0x00, 0x00, 0x04,
    0x00, 0x00, 0x00, 0x00, 0xF0, 0x00, 0x00, 0x00, 0x2E, 0x00, 0x00, 0x00, 0x03, 0xC0, 0x00, 0xBF,
    0xFF, 0xFE, 0x40, 0x0B, 0xFF, 0xFF, 0xFF, 0x40, 0x00, 0x00, 0xF6, 0xFE, 0x00, 0x00, 0x1E, 0x01,
    0xF4, 0x00, 0x03, 0xD0, 0x07, 0xC0, 0x00, 0x3C, 0x00, 0x3D, 0x00, 0x0B, 0x80, 0x02, 0xE0, 0x00,
    0xF0, 0x00, 0x1E, 0x00, 0x1F, 0x00, 0x01, 0xF0, 0x02, 0xD0, 0x00, 0x1E, 0x00, 0x3C, 0x00, 0x02,
    0xE0, 0x07, 0x80, 0x00, 0x3D, 0x00, 0xF4, 0x00, 0x07, 0xC0, 0x0F, 0x00, 0x01, 0xF4, 0x02, 0xD0,
    0x01, 0xBE, 0x0B, 0xFF, 0xFF, 0xFF, 0x40, 0xBF, 0xFF, 0xFE, 0x40, 0x00, 0xB4, 0x00, 0x00, 0x00,
    0x0F, 0x00, 0x00, 0x00, 0x01, 0xE0, 0x00, 0x00, 0x00, 0x00, 0x00, 0x00, 0x00, 0x00, 0x00, 0x1B,
    0xFF, 0xFF, 0xF0, 0x1F, 0xFF, 0xFF, 0xFF, 0x07, 0xF9, 0x00, 0x00, 0x00, 0xF8, 0x00, 0x00, 0x00,
    0x2E, 0x00, 0x00, 0x00, 0x03, 0xC0, 0x00, 0x00, 0x00, 0x7C, 0x00, 0x00, 0x00, 0x07, 0x80, 0x00,
    0x00, 0x00, 0x78, 0x00, 0x00, 0x00, 0x07, 0x80, 0x00, 0x00, 0x00, 0x7C, 0x00, 0x00, 0x00, 0x03,
    0xC0, 0x00, 0x00, 0x00, 0x2E, 0x00, 0x00, 0x00, 0x00, 0xF8, 0x00, 0x00, 0x00, 0x07, 0xF9, 0x00,
    0x00, 0x00, 0x1F, 0xFF, 0xFF, 0xFF, 0x00, 0x1B, 0xFF, 0xFF, 0xF0, 0x00, 0x00, 0x00, 0x00, 0x00,
    0x00, 0x00, 0x00, 0x01, 0xFF, 0xFF, 0xFF, 0xFF, 0x1F, 0xFF, 0xFF, 0xFF, 0xF0, 0xBF, 0xFF, 0xFE,
    0x40, 0x0B, 0xFF, 0xFF, 0xFF, 0x40, 0x00, 0x00, 0x01, 0xFE, 0x00, 0x00, 0x00, 0x01, 0xF4, 0x00,
    0x00, 0x00, 0x07, 0xC0, 0x00, 0x00, 0x00, 0x3D, 0x00, 0x00, 0x00, 0x02, 0xE0, 0x00, 0x00, 0x00,
    0x1E, 0x00, 0x00, 0x00, 0x01, 0xF0, 0x00, 0x00, 0x00, 0x1E, 0x00, 0x00, 0x00, 0x02, 0xE0, 0x00,
    0x00, 0x00, 0x3D, 0x00, 0x00, 0x00, 0x07, 0xC0, 0x00, 0x00, 0x01, 0xF4, 0x00, 0x00, 0x01, 0xFE,
    0x0B, 0xFF, 0xFF, 0xFF, 0x40, 0xBF, 0xFF, 0xFE, 0x40, 0x00, 0x00, 0x00, 0x00, 0x00, 0x00, 0x00,
    0x00, 0x00, 0x0B, 0xFF, 0xFF, 0xFF, 0xF8, 0xBF, 0xFF, 0xFF, 0xFF, 0x80, 0x00, 0x00, 0x00, 0x00,
    0x00, 0x00, 0x00, 0x00, 0xE0, 0x00, 0x00, 0x00, 0x2D, 0x00, 0x00, 0x00, 0x03, 0xC0, 0x00, 0x1B,
    0xFF, 0xFF, 0xF0, 0x1F, 0xFF, 0xFF, 0xFF, 0x07, 0xF9, 0x00, 0xF0, 0x00, 0xF8, 0x00, 0x2E, 0x00,
    0x2E, 0x00, 0x03, 0xC0, 0x03, 0xC0, 0x00, 0x7C, 0x00, 0x7C, 0x00, 0x0B, 0x40, 0x07, 0x80, 0x00,
    0xF0, 0x00, 0xB8, 0x00, 0x1E, 0x00, 0x07, 0x80, 0x03, 0xC0, 0x00, 0x7C, 0x00, 0x3C, 0x00, 0x03,
    0xC0, 0x0B, 0x40, 0x00, 0x3E, 0x00, 0xF0, 0x00, 0x00, 0xF8, 0x1E, 0x00, 0x00, 0x07, 0xFB, 0xD0,
    0x00, 0x00, 0x1F, 0xFF, 0xFF, 0xFF, 0x00, 0x1F, 0xFF, 0xFF, 0xF0, 0x00, 0xF0, 0x00, 0x00, 0x00,
    0x1F, 0x00, 0x00, 0x01, 0xFF, 0xFF, 0xFF, 0xFF, 0x1F, 0xFF, 0xFF, 0xFF, 0xF0, 0x07, 0x80, 0x00,
    0x00, 0x00, 0xF4, 0x00, 0x00, 0x00, 0x01, 0x00, 0x00, 0x00, 0x00, 0x00, 0x00, 0x00, 0x00, 0x00,
    0x00, 0x0F, 0x00, 0x00, 0x00, 0x01, 0xE0, 0x00, 0x00, 0x00, 0x2D, 0x00, 0xBF, 0xFF, 0xFF, 0xC0,
    0x0B, 0xFF, 0xFF, 0xFF, 0x80, 0x00, 0x00, 0x0F, 0xFE, 0x00, 0x00, 0x00, 0xF1, 0xF8, 0x00, 0x00,
    0x2D, 0x07, 0xC0, 0x00, 0x03, 0xC0, 0x3D, 0x00, 0x00, 0x78, 0x02, 0xE0, 0x00, 0x0B, 0x40, 0x1E,
    0x00, 0x00, 0xF0, 0x01, 0xF0, 0x00, 0x2E, 0x00, 0x1E, 0x00, 0x03, 0xC0, 0x02, 0xE0, 0x00, 0x7C,
    0x00, 0x3D, 0x00, 0x0B, 0x40, 0x07, 0xC0, 0x00, 0xF0, 0x01, 0xF4, 0x00, 0x1E, 0x01, 0xFE, 0x0B,
    0xFF, 0xFF, 0xFF, 0x40, 0xBF, 0xFF, 0xFE, 0x40, 0x00, 0x0B, 0x40, 0x00, 0x00, 0x00, 0xF0, 0x00,
    0x00, 0x0B, 0xFF, 0xFF, 0xFF, 0xF8, 0xBF, 0xFF, 0xFF, 0xFF, 0x80, 0x3C, 0x00, 0x00, 0x00, 0x07,
    0x80, 0x00, 0x00, 0x00, 0x10, 0x00, 0x00, 0x00, 0x00, 0x1B, 0xFF, 0xFF, 0xF0, 0x1F, 0xFF, 0xFF,
    0xFF, 0x07, 0xF9, 0x00, 0x00, 0x00, 0xF8, 0x00, 0x00, 0x00, 0x2E, 0x00, 0x00, 0x00, 0x03, 0xC0,
    0x00, 0x00, 0x00, 0x7C, 0x00, 0x00, 0x00, 0x07, 0x80, 0x00, 0x00, 0x00, 0x78, 0x00, 0x00, 0x00,
    0x07, 0x80, 0x00, 0x00, 0x00, 0x7C, 0x00, 0x00, 0x00, 0x03, 0xC0, 0x00, 0x00, 0x00, 0x2E, 0x00,
    0x00, 0x00, 0x00, 0xF8, 0x00, 0x00, 0x00, 0x07, 0xF9, 0x00, 0x00, 0x00, 0x1F, 0xFF, 0xFF, 0xFF,
    0x00, 0x1B, 0xFF, 0xFF, 0xF0, 0x00, 0x01, 0x00, 0x00, 0x00, 0x00, 0x78, 0x00, 0x01, 0xFF, 0xFF,
    0xFF, 0xFF, 0x1F, 0xFF, 0xFF, 0xFF, 0xF0, 0x00, 0x3D, 0x00, 0x00, 0x00, 0x03, 0xC0, 0x00, 0x00,
    0x00, 0x00, 0x00, 0x00, 0xBF, 0xFF, 0xFE, 0x40, 0x0B, 0xFF, 0xFF, 0xFF, 0x40, 0x00, 0x00, 0x01,
    0xFE, 0x00, 0x00, 0x00, 0x01, 0xF4, 0x00, 0x00, 0x00, 0x07, 0xC0, 0x00, 0x00, 0x00, 0x3D, 0x00,
    0x00, 0x00, 0x02, 0xE0, 0x00, 0x00, 0x00, 0x1E, 0x00, 0x00, 0x00, 0x01, 0xF0, 0x00, 0x00, 0x00,
    0x1E, 0x00, 0x00, 0x00, 0x02, 0xE0, 0x00, 0x00, 0x00, 0x3D, 0x00, 0x00, 0x00, 0x07, 0xC0, 0x00,
    0x00, 0x01, 0xF4, 0x00, 0x00, 0x01, 0xFE, 0x0B, 0xFF, 0xFF, 0xFF, 0x40, 0xBF, 0xFF, 0xFE, 0x40,
    0x00, 0x00, 0x00, 0x00, 0x00, 0x00, 0x03, 0xC0, 0x00, 0x0B, 0xFF, 0xFF, 0xFF, 0xF8, 0xBF, 0xFF,
    0xFF, 0xFF, 0x80, 0x01, 0xE0, 0x00, 0x00, 0x00, 0x3C, 0x00, 0x00, 0x00, 0x00, 0x40, 0x00, 0x00,
    0xB8, 0x00, 0x00, 0x0F, 0x2E, 0x00, 0x00, 0x03, 0xCB, 0x80, 0x00, 0x00, 0xF2, 0xE0, 0x00, 0x00,
    0x3C, 0xB8, 0x00, 0x00, 0x0F, 0x2E, 0x00, 0x00, 0x03, 0xCB, 0x80, 0x00, 0x00, 0xF2, 0xE0, 0x0C,
    0x00, 0x3C, 0xB8, 0x0F, 0x00, 0x0F, 0x2E, 0x0F, 0xFF, 0xC3, 0xCB, 0x82, 0xFF, 0xF0, 0xF2, 0xE0,
    0x3C, 0x00, 0x3C, 0x78, 0x03, 0x00, 0x0F, 0x1E, 0x00, 0x00, 0x03, 0xC3, 0xC0, 0x00, 0x00, 0xF0,
    0xF4, 0x00, 0x00, 0xB8, 0x2F, 0x00, 0x00, 0x7C, 0x03, 0xF9, 0x01, 0xBE, 0x00, 0x3F, 0xFF, 0xFE,
    0x00, 0x01, 0xBF, 0xF8, 0x00, 0xB8, 0x00, 0x00, 0x0F, 0x2E, 0x00, 0x00, 0x03, 0xCB, 0x80, 0x00,
    0x00, 0xF2, 0xE0, 0x00, 0x00, 0x3C, 0xB8, 0x00, 0x00, 0x0F, 0x2E, 0x00, 0x00, 0x03, 0xCB, 0x80,
    0x00, 0x00, 0xF2, 0xE0, 0x0F, 0x80, 0x3C, 0xB8, 0x0F, 0xF8, 0x0F, 0x2E, 0x03, 0xFF, 0x03, 0xCB,
    0x80, 0xFF, 0x80, 0xF2, 0xE0, 0x0F, 0x80, 0x3C, 0x78, 0x00, 0x00, 0x0F, 0x1E, 0x00, 0x00, 0x03,
    0xC3, 0xC0, 0x00, 0x00, 0xF0, 0xF4, 0x00, 0x00, 0xB8, 0x2F, 0x00, 0x00, 0x7C, 0x03, 0xF9, 0x01,
    0xBE, 0x00, 0x3F, 0xFF, 0xFE, 0x00, 0x01, 0xBF, 0xF8, 0x00, 0xB8, 0x00, 0x00, 0x0F, 0x2E, 0x00,
    0x00, 0x03, 0xCB, 0x80, 0x00, 0x00, 0xF2, 0xE0, 0x00, 0x00, 0x3C, 0xB8, 0x00, 0x00, 0x0F, 0x2E,
    0x00, 0x00, 0x03, 0xCB, 0x80, 0x00, 0x00, 0xF2, 0xE0, 0x07, 0x00, 0x3C, 0xB8, 0x01, 0xC0, 0x0F,
    0x2E, 0x0B, 0xFF, 0x43, 0xCB, 0x80, 0x1D, 0x00, 0xF2, 0xE0, 0x07, 0x00, 0x3C, 0x78, 0x01, 0xC0,
    0x0F, 0x1E, 0x00, 0x00, 0x03, 0xC3, 0xC0, 0x00, 0x00, 0xF0, 0xF4, 0x00, 0x00, 0xB8, 0x2F, 0x00,
    0x00, 0x7C, 0x03, 0xF9, 0x01, 0xBE, 0x00, 0x3F, 0xFF, 0xFE, 0x00, 0x01, 0xBF, 0xF8, 0x00, 0xBF,
    0xFF, 0xFF, 0xF2, 0xFF, 0xFF, 0xFF, 0xCB, 0x80, 0x00, 0x00, 0x2E, 0x00, 0x00, 0x00, 0xB8, 0x00,
    0x00, 0x02, 0xE0, 0x00, 0x00, 0x0B, 0x80, 0x00, 0x00, 0x2E, 0x00, 0x00, 0x00, 0xB8, 0x00, 0x00,
    0x02, 0xE0, 0x00, 0x00, 0x0B, 0x80, 0x00, 0x00, 0x2E, 0x00, 0x00, 0x00, 0xB8, 0x00, 0x00, 0x02,
    0xE0, 0x00, 0x00, 0x0B, 0xFF, 0xFF, 0xFF, 0x2F, 0xFF, 0xFF, 0xFC, 0xBF, 0xFF, 0xFF, 0xF2, 0xFF,
    0xFF, 0xFF, 0xC0, 0x00, 0x00, 0x0F, 0x00, 0x00, 0x00, 0x3C, 0x00, 0x00, 0x00, 0xF0, 0x00, 0x00,
    0x03, 0xC0, 0x00, 0x00, 0x0F, 0x00, 0x00, 0x00, 0x3C, 0x00, 0x00, 0x00, 0xF0, 0x00, 0x00, 0x03,
    0xC0, 0x00, 0x00, 0x0F, 0x00, 0x00, 0x00, 0x3C, 0x00, 0x00, 0x00, 0xF0, 0x00, 0x00, 0x03, 0xCB,
    0xFF, 0xFF, 0xFF, 0x2F, 0xFF, 0xFF, 0xFC, 0x00, 0x00, 0x00, 0x02, 0xFF, 0xFF, 0xFF, 0xCB, 0xFF,
    0xFF, 0xFF, 0x2E, 0x00, 0x00, 0x00, 0xB8, 0x00, 0x00, 0x02, 0xE0, 0x00, 0x00, 0x0B, 0x80, 0x00,
    0x00, 0x2E, 0x00, 0x00, 0x00, 0xB8, 0x00, 0x00, 0x02, 0xE0, 0x00, 0x00, 0x0B, 0x80, 0x00, 0x00,
    0x2E, 0x00, 0x00, 0x00, 0xB8, 0x00, 0x00, 0x02, 0xE0, 0x00, 0x00, 0x0B, 0xFF, 0xFF, 0xFF, 0x2F,
    0xFF, 0xFF, 0xFC, 0x00, 0x00, 0x00, 0x00, 0x00, 0x00, 0x00, 0x00, 0x00, 0x00, 0x00, 0x1F, 0xFF,
    0xFF, 0xFC, 0x7F, 0xFF, 0xFF, 0xF0, 0x00, 0x00, 0x00, 0x02, 0xFF, 0xFF, 0xFF, 0xCB, 0xFF, 0xFF,
    0xFF, 0x00, 0x00, 0x00, 0x3C, 0x00, 0x00, 0x00, 0xF0, 0x00, 0x00, 0x03, 0xC0, 0x00, 0x00, 0x0F,
    0x00, 0x00, 0x00, 0x3C, 0x00, 0x00, 0x00, 0xF0, 0x00, 0x00, 0x03, 0xC0, 0x00, 0x00, 0x0F, 0x00,
    0x00, 0x00, 0x3C, 0x00, 0x00, 0x00, 0xF0, 0x00, 0x00, 0x03, 0xCB, 0xFF, 0xFF, 0xFF, 0x2F, 0xFF,
    0xFF, 0xFC, 0x00, 0x00, 0x00, 0x00, 0x00, 0x00, 0x00, 0x00, 0x00, 0x00, 0x00, 0x2F, 0xFF, 0xFF,
    0xFC, 0xBF, 0xFF, 0xFF, 0xF0, 0x00, 0x00, 0x00, 0x00, 0x2F, 0xFF, 0xFF, 0xFF, 0xCB, 0xFF, 0xFF,
    0xFF, 0xF2, 0xE0, 0x00, 0x00, 0x3C, 0xB8, 0x00, 0x00, 0x0F, 0x2E, 0x00, 0x00, 0x03, 0xCB, 0x80,
    0x00, 0x00, 0xF2, 0xE0, 0x00, 0x00, 0x3C, 0xB8, 0x00, 0x00, 0x0F, 0x2E, 0x00, 0x00, 0x03, 0xCB,
    0x80, 0x00, 0x00, 0xF2, 0xE0, 0x00, 0x00, 0x3C, 0xB8, 0x00, 0x00, 0x0F, 0x2E, 0x00, 0x00, 0x03,
    0xCB, 0x80, 0x00, 0x00, 0xF2, 0xE0, 0x00, 0x00, 0x3C, 0x14, 0x00, 0x00, 0x05, 0x00, 0x64, 0x00,
    0x00, 0x06, 0x2E, 0x00, 0x00, 0x03, 0xCB, 0x80, 0x00, 0x00, 0xF2, 0xE0, 0x00, 0x00, 0x3C, 0xB8,
    0x00, 0x00, 0x0F, 0x2E, 0x00, 0x00, 0x03, 0xCB, 0x80, 0x00, 0x00, 0xF2, 0xE0, 0x00, 0x00, 0x3C,
    0xB8, 0x00, 0x00, 0x0F, 0x2E, 0x00, 0x00, 0x03, 0xCB, 0x80, 0x00, 0x00, 0xF2, 0xE0, 0x00, 0x00,
    0x3C, 0xB8, 0x00, 0x00, 0x0F, 0x2E, 0x00, 0x00, 0x03, 0xCB, 0xFF, 0xFF, 0xFF, 0xF2, 0xFF, 0xFF,
    0xFF, 0xFC, 0x00, 0x00, 0x15, 0x40, 0x00, 0x00, 0x00, 0x7F, 0xFF, 0xE0, 0x00, 0x00, 0x3F, 0xFF,
    0xFF, 0xD0, 0x00, 0x1F, 0xE0, 0xF0, 0x7F, 0x80, 0x03, 0xF0, 0x0F, 0x00, 0xBD, 0x00, 0xF8, 0x00,
    0xF0, 0x02, 0xF0, 0x1F, 0x00, 0x0F, 0x00, 0x0B, 0x83, 0xD0, 0x00, 0xF0, 0x00, 0x3C, 0x3C, 0x00,
    0x0F, 0x00, 0x03, 0xD7, 0xC0, 0x00, 0xF0, 0x00, 0x2E, 0x7F, 0xFF, 0xFF, 0xFF, 0xFF, 0xE7, 0xFF,
    0xFF, 0xFF, 0xFF, 0xFE, 0x78, 0x00, 0x0F, 0x00, 0x01, 0xE3, 0xC0, 0x00, 0xF0, 0x00, 0x2D, 0x3D,
    0x00, 0x0F, 0x00, 0x03, 0xC1, 0xF0, 0x00, 0xF0, 0x00, 0xB8, 0x0F, 0x80, 0x0F, 0x00, 0x1F, 0x00,
    0x3E, 0x00, 0xF0, 0x07, 0xD0, 0x01, 0xFD, 0x0F, 0x02, 0xF4, 0x00, 0x03, 0xFE, 0xFB, 0xFD, 0x00,
    0x00, 0x07, 0xFF, 0xFE, 0x00, 0x00, 0x00, 0x01, 0x54, 0x00, 0x00, 0x00, 0x00, 0x00, 0x00, 0x00,
    0x00, 0x00, 0x1B, 0xFF, 0x40, 0x00, 0x00, 0x1F, 0xFF, 0xFF, 0x80, 0x00, 0x0B, 0xF4, 0x01, 0xBF,
    0x00, 0x03, 0xF4, 0x00, 0x00, 0xFC, 0x00, 0xBC, 0x00, 0x00, 0x02, 0xF0, 0x0F, 0x00, 0x00, 0x00,
    0x0F, 0x42, 0xE0, 0x00, 0x00, 0x00, 0x7C, 0x3C, 0x00, 0x00, 0x00, 0x03, 0xD7, 0xC0, 0x00, 0x00,
    0x00, 0x2E, 0x7F, 0xFF, 0xFF, 0xFF, 0xFF, 0xE7, 0xFF, 0xFF, 0xFF, 0xFF, 0xFE, 0x78, 0x00, 0x00,
    0x00, 0x01, 0xE7, 0xC0, 0x00, 0x00, 0x00, 0x2E, 0x3D, 0x00, 0x00, 0x00, 0x03, 0xD2, 0xF0, 0x00,
    0x00, 0x00, 0xBC, 0x0F, 0x40, 0x00, 0x00, 0x0F, 0x40, 0xBD, 0x00, 0x00, 0x03, 0xF0, 0x02, 0xF8,
    0x00, 0x01, 0xFC, 0x00, 0x0B, 0xF8, 0x01, 0xFF, 0x00, 0x00, 0x1F, 0xFF, 0xFF, 0x80, 0x00, 0x00,
    0x1B, 0xFE, 0x40, 0x00, 0x00, 0x00, 0x00, 0x00, 0x00, 0x00, 0x00, 0x1B, 0xFF, 0x40, 0x00, 0x00,
    0x1F, 0xFF, 0xFF, 0x80, 0x00, 0x0B, 0xF4, 0x01, 0xBF, 0x00, 0x03, 0xF4, 0x00, 0x01, 0xFC, 0x00,
    0xBF, 0x40, 0x00, 0x0F, 0xF0, 0x0F, 0xBD, 0x00, 0x03, 0xEF, 0x42, 0xE1, 0xF4, 0x00, 0xF8, 0x7C,
    0x3C, 0x07, 0xD0, 0x3D, 0x03, 0xD7, 0xC0, 0x0F, 0x4F, 0x40, 0x2E, 0x78, 0x00, 0x3F, 0xD0, 0x01,
    0xE7, 0x80, 0x01, 0xF8, 0x00, 0x1E, 0x78, 0x00, 0x7F, 0xD0, 0x01, 0xE7, 0xC0, 0x1F, 0x4F, 0x40,
    0x2E, 0x3C, 0x07, 0xD0, 0x3E, 0x03, 0xD2, 0xE1, 0xF4, 0x00, 0xF8, 0x7C, 0x0F, 0xBD, 0x00, 0x03,
    0xEF, 0x40, 0xBF, 0x40, 0x00, 0x0F, 0xF0, 0x02, 0xF4, 0x00, 0x01, 0xFC, 0x00, 0x0B, 0xF4, 0x01,
    0xFF, 0x00, 0x00, 0x1F, 0xFF, 0xFF, 0x80, 0x00, 0x00, 0x1B, 0xFE, 0x40, 0x00, 0x00, 0x00, 0x00,
    0x00, 0x00, 0x00, 0x00, 0x1B, 0xFF, 0x40, 0x00, 0x00, 0x1F, 0xFF, 0xFF, 0x80, 0x00, 0x0B, 0xF4,
    0x01, 0xBF, 0x00, 0x03, 0xF4, 0x00, 0x01, 0xFC, 0x00, 0xBC, 0x00, 0x00, 0x0F, 0xF0, 0x0F, 0x40,
    0x00, 0x03, 0xEF, 0x42, 0xE0, 0x00, 0x00, 0xF4, 0x7C, 0x3C, 0x00, 0x00, 0x3D, 0x03, 0xD7, 0xC0,
    0x00, 0x0F, 0x40, 0x2E, 0x78, 0x00, 0x03, 0xD0, 0x01, 0xE7, 0x80, 0x00, 0xF4, 0x00, 0x1E, 0x78,
    0x00, 0x7D, 0x00, 0x01, 0xE7, 0xC0, 0x1F, 0x40, 0x00, 0x2E, 0x3C, 0x07, 0xD0, 0x00, 0x03, 0xD2,
    0xE1, 0xF4, 0x00, 0x00, 0x7C, 0x0F, 0xBD, 0x00, 0x00, 0x0F, 0x40, 0xBF, 0x40, 0x00, 0x03, 0xF0,
    0x02, 0xF4, 0x00, 0x01, 0xFC, 0x00, 0x0B, 0xF8, 0x01, 0xFF, 0x00, 0x00, 0x1F, 0xFF, 0xFF, 0x80,
    0x00, 0x00, 0x1B, 0xFE, 0x40, 0x00, 0x00, 0x00, 0x00, 0x00, 0x00, 0x00, 0x00, 0x1B, 0xFF, 0x40,
    0x00, 0x00, 0x1F, 0xFF, 0xFF, 0x80, 0x00, 0x0B, 0xF4, 0x01, 0xBF, 0x00, 0x03, 0xF4, 0x00, 0x00,
    0xFC, 0x00, 0xBC, 0x00, 0x00, 0x03, 0xF0, 0x0F, 0x40, 0x00, 0x00, 0x0F, 0x42, 0xE0, 0x00, 0x00,
    0x00, 0x7C, 0x3C, 0x00, 0x00, 0x00, 0x03, 0xD7, 0xC0, 0x01, 0xF4, 0x00, 0x2E, 0x78, 0x00, 0x3F,
    0xC0, 0x01, 0xE7, 0x80, 0x03, 0xFC, 0x00, 0x1E, 0x78, 0x00, 0x1F, 0x40, 0x01, 0xE7, 0xC0, 0x00,
    0x00, 0x00, 0x2E, 0x3C, 0x00, 0x00, 0x00, 0x03, 0xD2, 0xE0, 0x00, 0x00, 0x00, 0x7C, 0x0F, 0x40,
    0x00, 0x00, 0x0F, 0x40, 0xBC, 0x00, 0x00, 0x03, 0xF0, 0x02, 0xF4, 0x00, 0x01, 0xFC, 0x00, 0x0B,
    0xF9, 0x01, 0xFF, 0x00, 0x00, 0x1F, 0xFF, 0xFF, 0x80, 0x00, 0x00, 0x1B, 0xFE, 0x40, 0x00, 0x00,
    0x00, 0x00, 0x00, 0x00, 0x00, 0x00, 0x1B, 0xFF, 0x40, 0x00, 0x00, 0x1F, 0xFF, 0xFF, 0x80, 0x00,
    0x0B, 0xF4, 0x01, 0xBF, 0x00, 0x03, 0xF4, 0x00, 0x00, 0xFC, 0x00, 0xBC, 0x00, 0x00, 0x03, 0xF0,
    0x0F, 0x40, 0x00, 0x00, 0x0F, 0x42, 0xE0, 0x00, 0x00, 0x00, 0x7C, 0x3C, 0x00, 0x2F, 0x80, 0x03,
    0xD7, 0xC0, 0x0F, 0xFF, 0x00, 0x2E, 0x78, 0x01, 0xE0, 0x78, 0x01, 0xE7, 0x80, 0x1C, 0x03, 0x80,
    0x1E, 0x78, 0x01, 0xE0, 0x78, 0x01, 0xE7, 0xC0, 0x0F, 0xFF, 0x00, 0x2E, 0x3C, 0x00, 0x2F, 0x80,
    0x03, 0xD2, 0xE0, 0x00, 0x00, 0x00, 0x7C, 0x0F, 0x40, 0x00, 0x00, 0x0F, 0x40, 0xBC, 0x00, 0x00,
    0x03, 0xF0, 0x02, 0xF4, 0x00, 0x01, 0xFC, 0x00, 0x0B, 0xF9, 0x01, 0xFF, 0x00, 0x00, 0x1F, 0xFF,
    0xFF, 0x80, 0x00, 0x00, 0x1B, 0xFE, 0x40, 0x00, 0x00, 0x00, 0x00, 0x00, 0x00, 0x00, 0x00, 0x1B,
    0xFF, 0x40, 0x00, 0x00, 0x1F, 0xFF, 0xFF, 0x80, 0x00, 0x0B, 0xF4, 0x01, 0xBF, 0x00, 0x03, 0xF4,
    0x00, 0x00, 0xFC, 0x00, 0xBC, 0x00, 0x00, 0x03, 0xF0, 0x0F, 0x40, 0x0F, 0x00, 0x0F, 0x42, 0xE0,
    0x00, 0xF0, 0x00, 0x7C, 0x3C, 0x06, 0x0F, 0x0A, 0x03, 0xD7, 0xC0, 0xFD, 0xF7, 0xF0, 0x2E, 0x78,
    0x02, 0xFF, 0xF8, 0x01, 0xE7, 0x80, 0x03, 0xFD, 0x00, 0x1E, 0x78, 0x02, 0xFF, 0xF8, 0x01, 0xE7,
    0xC0, 0xFD, 0xF7, 0xF0, 0x2E, 0x3C, 0x06, 0x0F, 0x09, 0x03, 0xD2, 0xE0, 0x00, 0xF0, 0x00, 0x7C,
    0x0F, 0x40, 0x0B, 0x00, 0x0F, 0x40, 0xBC, 0x00, 0x00, 0x03, 0xF0, 0x02, 0xF4, 0x00, 0x01, 0xFC,
    0x00, 0x0B, 0xF9, 0x01, 0xFF, 0x00, 0x00, 0x1F, 0xFF, 0xFF, 0x80, 0x00, 0x00, 0x1B, 0xFE, 0x40,
    0x00, 0x00, 0x00, 0x00, 0x00, 0x00, 0x00, 0x00, 0x1B, 0xFF, 0x40, 0x00, 0x00, 0x1F, 0xFF, 0xFF,
    0x80, 0x00, 0x0B, 0xF4, 0x01, 0xBF, 0x00, 0x03, 0xF4, 0x00, 0x00, 0xFC, 0x00, 0xBC, 0x00, 0x00,
    0x03, 0xF0, 0x0F, 0x40, 0x00, 0x00, 0x0F, 0x42, 0xE0, 0x00, 0x00, 0x00, 0x7C, 0x3C, 0x1F, 0xFF,
    0xFF, 0x83, 0xD7, 0xC1, 0xFF, 0xFF, 0xF8, 0x2E, 0x78, 0x00, 0x00, 0x00, 0x01, 0xE7, 0x80, 0x00,
    0x00, 0x00, 0x1E, 0x78, 0x00, 0x00, 0x00, 0x01, 0xE7, 0xC1, 0xFF, 0xFF, 0xF8, 0x2E, 0x3C, 0x1F,
    0xFF, 0xFF, 0x83, 0xD2, 0xE0, 0x00, 0x00, 0x00, 0x7C, 0x0F, 0x40, 0x00, 0x00, 0x0F, 0x40, 0xBC,
    0x00, 0x00, 0x03, 0xF0, 0x02, 0xF4, 0x00, 0x01, 0xFC, 0x00, 0x0B, 0xF9, 0x01, 0xFF, 0x00, 0x00,
    0x1F, 0xFF, 0xFF, 0x80, 0x00, 0x00, 0x1B, 0xFE, 0x40, 0x00, 0x00, 0x00, 0x00, 0x00, 0x00, 0x00,
    0x00, 0x1B, 0xFF, 0x40, 0x00, 0x00, 0x1F, 0xFF, 0xFF, 0x80, 0x00, 0x0B, 0xF4, 0x01, 0xBF, 0x00,
    0x03, 0xF4, 0x00, 0x00, 0xFC, 0x00, 0xBC, 0x00, 0x00, 0x03, 0xF0, 0x0F, 0x40, 0x00, 0x00, 0x0F,
    0x42, 0xE0, 0x00, 0x00, 0x00, 0x7C, 0x3C, 0x00, 0x00, 0x00, 0x03, 0xD7, 0xC0, 0x00, 0x00, 0x00,
    0x2E, 0x78, 0x1F, 0xFF, 0xFF, 0x81, 0xE7, 0x81, 0xFF, 0xFF, 0xF8, 0x1E, 0x78, 0x00, 0x00, 0x00,
    0x01, 0xE7, 0xC0, 0x00, 0x00, 0x00, 0x2E, 0x3C, 0x00, 0x00, 0x00, 0x03, 0xD2, 0xE0, 0x00, 0x00,
    0x00, 0x7C, 0x0F, 0x40, 0x00, 0x00, 0x0F, 0x40, 0xBC, 0x00, 0x00, 0x03, 0xF0, 0x02, 0xF4, 0x00,
    0x01, 0xFC, 0x00, 0x0B, 0xF9, 0x01, 0xFF, 0x00, 0x00, 0x1F, 0xFF, 0xFF, 0x80, 0x00, 0x00, 0x1B,
    0xFE, 0x40, 0x00, 0xBF, 0xFF, 0xFF, 0xFF, 0xFD, 0xBF, 0xFF, 0xFF, 0xFF, 0xFD, 0xB8, 0x00, 0x3C,
    0x00, 0x2D, 0xB8, 0x00, 0x3C, 0x00, 0x2D, 0xB8, 0x00, 0x3C, 0x00, 0x2D, 0xB8, 0x00, 0x3C, 0x00,
    0x2D, 0xB8, 0x00, 0x3C, 0x00, 0x2D, 0xB8, 0x00, 0x3C, 0x00, 0x2D, 0xB8, 0x00, 0x3C, 0x00, 0x2D,
    0xBF, 0xFF, 0xFF, 0xFF, 0xFD, 0xBF, 0xFF, 0xFF, 0xFF, 0xFD, 0xB8, 0x00, 0x3C, 0x00, 0x2D, 0xB8,
    0x00, 0x3C, 0x00, 0x2D, 0xB8, 0x00, 0x3C, 0x00, 0x2D, 0xB8, 0x00, 0x3C, 0x00, 0x2D, 0xB8, 0x00,
    0x3C, 0x00, 0x2D, 0xB8, 0x00, 0x3C, 0x00, 0x2D, 0xBF, 0xFF, 0xFF, 0xFF, 0xFD, 0xBF, 0xFF, 0xFF,
    0xFF, 0xFD, 0xBF, 0xFF, 0xFF, 0xFF, 0xFD, 0xBF, 0xFF, 0xFF, 0xFF, 0xFD, 0xB8, 0x00, 0x00, 0x00,
    0x2D, 0xB8, 0x00, 0x00, 0x00, 0x2D, 0xB8, 0x00, 0x00, 0x00, 0x2D, 0xB8, 0x00, 0x00, 0x00, 0x2D,
    0xB8, 0x00, 0x00, 0x00, 0x2D, 0xB8, 0x00, 0x00, 0x00, 0x2D, 0xB8, 0x00, 0x00, 0x00, 0x2D, 0xBF,
    0xFF, 0xFF, 0xFF, 0xFD, 0xBF, 0xFF, 0xFF, 0xFF, 0xFD, 0xB8, 0x00, 0x00, 0x00, 0x2D, 0xB8, 0x00,
    0x00, 0x00, 0x2D, 0xB8, 0x00, 0x00, 0x00, 0x2D, 0xB8, 0x00, 0x00, 0x00, 0x2D, 0xB8, 0x00, 0x00,
    0x00, 0x2D, 0xB8, 0x00, 0x00, 0x00, 0x2D, 0xBF, 0xFF, 0xFF, 0xFF, 0xFD, 0xBF, 0xFF, 0xFF, 0xFF,
    0xFD, 0xBF, 0xFF, 0xFF, 0xFF, 0xFD, 0xBF, 0xFF, 0xFF, 0xFF, 0xFD, 0xBF, 0x40, 0x00, 0x02, 0xFD,
    0xBF, 0xD0, 0x00, 0x0B, 0xFD, 0xBA, 0xF4, 0x00, 0x2F, 0x6D, 0xB8, 0xBD, 0x00, 0xBD, 0x2D, 0xB8,
    0x2F, 0x42, 0xF4, 0x2D, 0xB8, 0x0B, 0xDB, 0xD0, 0x2D, 0xB8, 0x02, 0xFF, 0x40, 0x2D, 0xB8, 0x00,
    0xBE, 0x00, 0x2D, 0xB8, 0x01, 0xFF, 0x40, 0x2D, 0xB8, 0x07, 0xDB, 0xD0, 0x2D, 0xB8, 0x1F, 0x42,
    0xF4, 0x2D, 0xB8, 0x7D, 0x00, 0xBD, 0x2D, 0xB9, 0xF4, 0x00, 0x2F, 0x6D, 0xBF, 0xD0, 0x00, 0x0B,
    0xFD, 0xBF, 0x40, 0x00, 0x02, 0xFD, 0xBF, 0xFF, 0xFF, 0xFF, 0xFD, 0xBF, 0xFF, 0xFF, 0xFF, 0xFD,
    0xBF, 0xFF, 0xFF, 0xFF, 0xFD, 0xBF, 0xFF, 0xFF, 0xFF, 0xFD, 0xB8, 0x00, 0x00, 0x00, 0x2D, 0xB8,
    0x00, 0x00, 0x00, 0x2D, 0xB8, 0x00, 0x00, 0x00, 0x2D, 0xB8, 0x00, 0x00, 0x00, 0x2D, 0xB8, 0x00,
    0x00, 0x00, 0x2D, 0xB8, 0x00, 0x7D, 0x00, 0x2D, 0xB8, 0x00, 0xFF, 0x00, 0x2D, 0xB8, 0x01, 0xFF,
    0x00, 0x2D, 0xB8, 0x00, 0xFF, 0x00, 0x2D, 0xB8, 0x00, 0x7D, 0x00, 0x2D, 0xB8, 0x00, 0x00, 0x00,
    0x2D, 0xB8, 0x00, 0x00, 0x00, 0x2D, 0xB8, 0x00, 0x00, 0x00, 0x2D, 0xB8, 0x00, 0x00, 0x00, 0x2D,
    0xB8, 0x00, 0x00, 0x00, 0x2D, 0xBF, 0xFF, 0xFF, 0xFF, 0xFD, 0xBF, 0xFF, 0xFF, 0xFF, 0xFD, 0x64,
    0x00, 0x00, 0x00, 0x00, 0xB8, 0x00, 0x00, 0x00, 0x00, 0xB8, 0x00, 0x00, 0x00, 0x00, 0xB8, 0x00,
    0x00, 0x00, 0x00, 0xB8, 0x00, 0x00, 0x00, 0x00, 0xB8, 0x00, 0x00, 0x00, 0x00, 0xB8, 0x00, 0x00,
    0x00, 0x00, 0xB8, 0x00, 0x00, 0x00, 0x00, 0xB8, 0x00, 0x00, 0x00, 0x00, 0xBF, 0xFF, 0xFF, 0xFF,
    0xFD, 0xBF, 0xFF, 0xFF, 0xFF, 0xFD, 0xB8, 0x00, 0x00, 0x00, 0x00, 0xB8, 0x00, 0x00, 0x00, 0x00,
    0xB8, 0x00, 0x00, 0x00, 0x00, 0xB8, 0x00, 0x00, 0x00, 0x00, 0xB8, 0x00, 0x00, 0x00, 0x00, 0xB8,
    0x00, 0x00, 0x00, 0x00, 0xB8, 0x00, 0x00, 0x00, 0x00, 0xB8, 0x00, 0x00, 0x00, 0x00, 0x14, 0x00,
    0x00, 0x00, 0x00, 0x00, 0x00, 0x00, 0x00, 0x18, 0x00, 0x00, 0x00, 0x00, 0x2D, 0x00, 0x00, 0x00,
    0x00, 0x2D, 0x00, 0x00, 0x00, 0x00, 0x2D, 0x00, 0x00, 0x00, 0x00, 0x2D, 0x00, 0x00, 0x00, 0x00,
    0x2D, 0x00, 0x00, 0x00, 0x00, 0x2D, 0x00, 0x00, 0x00, 0x00, 0x2D, 0x00, 0x00, 0x00, 0x00, 0x2D,
    0xBF, 0xFF, 0xFF, 0xFF, 0xFD, 0xBF, 0xFF, 0xFF, 0xFF, 0xFD, 0x00, 0x00, 0x00, 0x00, 0x2D, 0x00,
    0x00, 0x00, 0x00, 0x2D, 0x00, 0x00, 0x00, 0x00, 0x2D, 0x00, 0x00, 0x00, 0x00, 0x2D, 0x00, 0x00,
    0x00, 0x00, 0x2D, 0x00, 0x00, 0x00, 0x00, 0x2D, 0x00, 0x00, 0x00, 0x00, 0x2D, 0x00, 0x00, 0x00,
    0x00, 0x2D, 0x00, 0x00, 0x00, 0x00, 0x14, 0x00, 0x00, 0x00, 0x00, 0x00, 0xBF, 0xFF, 0xFF, 0xFF,
    0xFD, 0xBF, 0xFF, 0xFF, 0xFF, 0xFD, 0x00, 0x00, 0x3C, 0x00, 0x00, 0x00, 0x00, 0x3C, 0x00, 0x00,
    0x00, 0x00, 0x3C, 0x00, 0x00, 0x00, 0x00, 0x3C, 0x00, 0x00, 0x00, 0x00, 0x3C, 0x00, 0x00, 0x00,
    0x00, 0x3C, 0x00, 0x00, 0x00, 0x00, 0x3C, 0x00, 0x00, 0x00, 0x00, 0x3C, 0x00, 0x00, 0x00, 0x00,
    0x3C, 0x00, 0x00, 0x00, 0x00, 0x3C, 0x00, 0x00, 0x00, 0x00, 0x3C, 0x00, 0x00, 0x00, 0x00, 0x3C,
    0x00, 0x00, 0x00, 0x00, 0x3C, 0x00, 0x00, 0x00, 0x00, 0x3C, 0x00, 0x00, 0x00, 0x00, 0x3C, 0x00,
    0x00, 0x00, 0x00, 0x3C, 0x00, 0x00, 0x00, 0x00, 0x3C, 0x00, 0x00, 0x00, 0x00, 0x3C, 0x00, 0x00,
    0x00, 0x00, 0x3C, 0x00, 0x00, 0x00, 0x00, 0x3C, 0x00, 0x00, 0x00, 0x00, 0x3C, 0x00, 0x00, 0x00,
    0x00, 0x3C, 0x00, 0x00, 0x00, 0x00, 0x3C, 0x00, 0x00, 0x00, 0x00, 0x3C, 0x00, 0x00, 0x00, 0x00,
    0x3C, 0x00, 0x00, 0x00, 0x00, 0x3C, 0x00, 0x00, 0x00, 0x00, 0x3C, 0x00, 0x00, 0x00, 0x00, 0x3C,
    0x00, 0x00, 0x00, 0x00, 0x3C, 0x00, 0x00, 0x00, 0x00, 0x3C, 0x00, 0x00, 0x00, 0x00, 0x3C, 0x00,
    0x00, 0x00, 0x00, 0x3C, 0x00, 0x00, 0x00, 0x00, 0x3C, 0x00, 0x00, 0x00, 0x00, 0x3C, 0x00, 0x00,
    0xBF, 0xFF, 0xFF, 0xFF, 0xFD, 0xBF, 0xFF, 0xFF, 0xFF, 0xFD, 0x64, 0x00, 0x02, 0xE0, 0x00, 0x0B,
    0x80, 0x00, 0x2E, 0x00, 0x00, 0xB8, 0x00, 0x02, 0xE0, 0x00, 0x0B, 0x80, 0x00, 0x2E, 0x00, 0x00,
    0xB8, 0x00, 0x02, 0xFF, 0xFF, 0xFB, 0xFF, 0xFF, 0xEE, 0x00, 0x00, 0xB8, 0x00, 0x02, 0xE0, 0x00,
    0x0B, 0x80, 0x00, 0x2E, 0x00, 0x00, 0xB8, 0x00, 0x02, 0xE0, 0x00, 0x0B, 0x80, 0x00, 0x05, 0x00,
    0x00, 0xB8, 0x00, 0x00, 0xB8, 0x00, 0x00, 0xB8, 0x00, 0x00, 0xB8, 0x00, 0x00, 0xB8, 0x00, 0x00,
    0xBF, 0xFF, 0xFC, 0xBF, 0xFF, 0xFC, 0xB8, 0x00, 0x00, 0xB8, 0x00, 0x00, 0xB8, 0x00, 0x00, 0xB8,
    0x00, 0x00, 0xB8, 0x00, 0x00, 0xBF, 0xFF, 0xFC, 0xBF, 0xFF, 0xFC, 0xB8, 0x00, 0x00, 0xB8, 0x00,
    0x00, 0xB8, 0x00, 0x00, 0xB8, 0x00, 0x00, 0xB8, 0x00, 0x00, 0xB8, 0x00, 0x00, 0x00, 0x00, 0xB8,
    0x00, 0x00, 0x00, 0x00, 0xB8, 0x00, 0x00, 0x00, 0x00, 0xB8, 0x00, 0x00, 0x00, 0x00, 0xB8, 0x00,
    0x00, 0x00, 0x00, 0xBF, 0xFF, 0xFF, 0xFF, 0xFD, 0xBF, 0xFF, 0xFF, 0xFF, 0xFD, 0xB8, 0x00, 0x00,
    0x00, 0x00, 0xB8, 0x00, 0x00, 0x00, 0x00, 0xB8, 0x00, 0x00, 0x00, 0x00, 0xB8, 0x00, 0x00, 0x00,
    0x00, 0xB8, 0x00, 0x00, 0x00, 0x00, 0xBF, 0xFF, 0xFF, 0xFF, 0xFD, 0xBF, 0xFF, 0xFF, 0xFF, 0xFD,
    0xB8, 0x00, 0x00, 0x00, 0x00, 0xB8, 0x00, 0x00, 0x00, 0x00, 0xB8, 0x00, 0x00, 0x00, 0x00, 0xB8,
    0x00, 0x00, 0x00, 0x00, 0xB8, 0x00, 0x00, 0x00, 0x00, 0x64, 0x0A, 0x00, 0x00, 0x00, 0x0B, 0x80,
    0xF0, 0x00, 0x00, 0x00, 0xB8, 0x0F, 0x00, 0x00, 0x00, 0x0B, 0x80, 0xF0, 0x00, 0x00, 0x00, 0xB8,
    0x0F, 0x00, 0x00, 0x00, 0x0B, 0x80, 0xF0, 0x00, 0x00, 0x00, 0xB8, 0x0F, 0x00, 0x00, 0x00, 0x0B,
    0x80, 0xF0, 0x00, 0x00, 0x00, 0xB8, 0x0F, 0x00, 0x00, 0x00, 0x0B, 0x80, 0xFF, 0xFF, 0xFF, 0xFF,
    0xB8, 0x0F, 0xFF, 0xFF, 0xFF, 0xFB, 0x80, 0xF0, 0x00, 0x00, 0x00, 0xB8, 0x0F, 0x00, 0x00, 0x00,
    0x0B, 0x80, 0xF0, 0x00, 0x00, 0x00, 0xB8, 0x0F, 0x00, 0x00, 0x00, 0x0B, 0x80, 0xF0, 0x00, 0x00,
    0x00, 0xB8, 0x0F, 0x00, 0x00, 0x00, 0x0B, 0x80, 0xF0, 0x00, 0x00, 0x00, 0xB8, 0x0F, 0x00, 0x00,
    0x00, 0x01, 0x40, 0x50, 0x00, 0x00, 0x00, 0x64, 0x0A, 0x01, 0x90, 0x00, 0x02, 0xE0, 0x3C, 0x0B,
    0x80, 0x00, 0x0B, 0x80, 0xF0, 0x2E, 0x00, 0x00, 0x2E, 0x03, 0xC0, 0xB8, 0x00, 0x00, 0xB8, 0x0F,
    0x02, 0xE0, 0x00, 0x02, 0xE0, 0x3C, 0x0B, 0x80, 0x00, 0x0B, 0x80, 0xF0, 0x2E, 0x00, 0x00, 0x2E,
    0x03, 0xC0, 0xB8, 0x00, 0x00, 0xB8, 0x0F, 0x02, 0xE0, 0x00, 0x02, 0xE0, 0x3C, 0x0B, 0xFF, 0xFF,
    0xCB, 0x80, 0xF0, 0x2F, 0xFF, 0xFF, 0x2E, 0x03, 0xC0, 0xB8, 0x00, 0x00, 0xB8, 0x0F, 0x02, 0xE0,
    0x00, 0x02, 0xE0, 0x3C, 0x0B, 0x80, 0x00, 0x0B, 0x80, 0xF0, 0x2E, 0x00, 0x00, 0x2E, 0x03, 0xC0,
    0xB8, 0x00, 0x00, 0xB8, 0x0F, 0x02, 0xE0, 0x00, 0x02, 0xE0, 0x3C, 0x0B, 0x80, 0x00, 0x0B, 0x80,
    0xF0, 0x2E, 0x00, 0x00, 0x05, 0x01, 0x40, 0x14, 0x00, 0x00, 0xB8, 0x0F, 0x00, 0x00, 0x00, 0x0B,
    0x80, 0xF0, 0x00, 0x00, 0x00, 0xB8, 0x0F, 0x00, 0x00, 0x00, 0x0B, 0x80, 0xF0, 0x00, 0x00, 0x00,
    0xB8, 0x0F, 0x00, 0x00, 0x00, 0x0B, 0x80, 0xFF, 0xFF, 0xFF, 0xFF, 0xB8, 0x0F, 0xFF, 0xFF, 0xFF,
    0xFB, 0x80, 0xF0, 0x00, 0x00, 0x00, 0xB8, 0x0F, 0x00, 0x00, 0x00, 0x0B, 0x80, 0xF0, 0x00, 0x00,
    0x00, 0xB8, 0x0F, 0x00, 0x00, 0x00, 0x0B, 0x80, 0xF0, 0x00, 0x00, 0x00, 0xB8, 0x0F, 0xFF, 0xFF,
    0xFF, 0xFB, 0x80, 0xFF, 0xFF, 0xFF, 0xFF, 0xB8, 0x0F, 0x00, 0x00, 0x00, 0x0B, 0x80, 0xF0, 0x00,
    0x00, 0x00, 0xB8, 0x0F, 0x00, 0x00, 0x00, 0x0B, 0x80, 0xF0, 0x00, 0x00, 0x00, 0xB8, 0x0F, 0x00,
    0x00, 0x00, 0x00, 0x00, 0x00, 0x00, 0x10, 0x00, 0x64, 0x00, 0x00, 0x3C, 0x00, 0xB8, 0x00, 0x00,
    0x78, 0x00, 0xB8, 0x00, 0x00, 0xF0, 0x00, 0xB8, 0x00, 0x00, 0xF0, 0x00, 0xB8, 0x00, 0x02, 0xD0,
    0x00, 0xB8, 0x00, 0x03, 0xC0, 0x00, 0xB8, 0x00, 0x07, 0x80, 0x00, 0xB8, 0x00, 0x0F, 0x40, 0x00,
    0xB8, 0x00, 0x0F, 0x00, 0x00, 0xBF, 0xFF, 0xFF, 0xFF, 0xFD, 0xBF, 0xFF, 0xFF, 0xFF, 0xFD, 0xB8,
    0x00, 0x78, 0x00, 0x00, 0xB8, 0x00, 0xF4, 0x00, 0x00, 0xB8, 0x00, 0xF0, 0x00, 0x00, 0xB8, 0x02,
    0xE0, 0x00, 0x00, 0xB8, 0x03, 0xC0, 0x00, 0x00, 0xB8, 0x07, 0xC0, 0x00, 0x00, 0xB8, 0x0B, 0x40,
    0x00, 0x00, 0xB8, 0x0F, 0x00, 0x00, 0x00, 0x14, 0x1E, 0x00, 0x00, 0x00, 0x00, 0x00, 0x00, 0x00,
    0x00, 0x00, 0x00, 0x00, 0x00, 0x00, 0x00, 0x00, 0x00, 0x38, 0x00, 0xB8, 0x00, 0x00, 0x7C, 0x00,
    0xB8, 0x00, 0x00, 0xB4, 0x00, 0xB8, 0x00, 0x00, 0xF0, 0x00, 0xB8, 0x00, 0x01, 0xE0, 0x00, 0xB8,
    0x00, 0x03, 0xC0, 0x00, 0xBF, 0xFF, 0xFF, 0xFF, 0xFD, 0xBF, 0xFF, 0xFF, 0xFF, 0xFD, 0xB8, 0x00,
    0x0F, 0x00, 0x00, 0xB8, 0x00, 0x1E, 0x00, 0x00, 0xB8, 0x00, 0x3D, 0x00, 0x00, 0xB8, 0x00, 0x3C,
    0x00, 0x00, 0xB8, 0x00, 0xB8, 0x00, 0x00, 0xBF, 0xFF, 0xFF, 0xFF, 0xFD, 0xBF, 0xFF, 0xFF, 0xFF,
    0xFD, 0xB8, 0x02, 0xD0, 0x00, 0x00, 0xB8, 0x03, 0xC0, 0x00, 0x00, 0xB8, 0x07, 0x80, 0x00, 0x00,
    0xB8, 0x0F, 0x00, 0x00, 0x00, 0xB8, 0x1F, 0x00, 0x00, 0x00, 0x00, 0x09, 0x00, 0x00, 0x00, 0x00,
    0x00, 0x00, 0x00, 0x00, 0x00, 0x00, 0x00, 0x00, 0x04, 0x06, 0x40, 0xA0, 0x00, 0x02, 0xD0, 0xB8,
    0x0F, 0x00, 0x00, 0x3C, 0x0B, 0x80, 0xF0, 0x00, 0x07, 0x80, 0xB8, 0x0F, 0x00, 0x00, 0xF4, 0x0B,
    0x80, 0xF0, 0x00, 0x0F, 0x00, 0xB8, 0x0F, 0x00, 0x02, 0xE0, 0x0B, 0x80, 0xF0, 0x00, 0x3C, 0x00,
    0xB8, 0x0F, 0x00, 0x07, 0xC0, 0x0B, 0x80, 0xF0, 0x00, 0xB4, 0x00, 0xB8, 0x0F, 0xFF, 0xFF, 0xFF,
    0xFB, 0x80, 0xFF, 0xFF, 0xFF, 0xFF, 0xB8, 0x0F, 0x00, 0x3C, 0x00, 0x0B, 0x80, 0xF0, 0x07, 0xC0,
    0x00, 0xB8, 0x0F, 0x00, 0xB4, 0x00, 0x0B, 0x80, 0xF0, 0x0F, 0x00, 0x00, 0xB8, 0x0F, 0x01, 0xE0,
    0x00, 0x0B, 0x80, 0xF0, 0x3D, 0x00, 0x00, 0xB8, 0x0F, 0x03, 0xC0, 0x00, 0x0B, 0x80, 0xF0, 0xB4,
    0x00, 0x00, 0x14, 0x05, 0x0F, 0x00, 0x00, 0x00, 0x00, 0x00, 0x10, 0x00, 0x00, 0x00, 0x00, 0x00,
    0x00, 0x00, 0x00, 0x00, 0x00, 0x00, 0x00, 0xD0, 0xB8, 0x0F, 0x00, 0x00, 0x2D, 0x0B, 0x80, 0xF0,
    0x00, 0x03, 0xC0, 0xB8, 0x0F, 0x00, 0x00, 0x78, 0x0B, 0x80, 0xF0, 0x00, 0x0F, 0x00, 0xB8, 0x0F,
    0x00, 0x00, 0xF0, 0x0B, 0x80, 0xFF, 0xFF, 0xFF, 0xFF, 0xB8, 0x0F, 0xFF, 0xFF, 0xFF, 0xFB, 0x80,
    0xF0, 0x00, 0x78, 0x00, 0xB8, 0x0F, 0x00, 0x0F, 0x40, 0x0B, 0x80, 0xF0, 0x00, 0xF0, 0x00, 0xB8,
    0x0F, 0x00, 0x2E, 0x00, 0x0B, 0x80, 0xF0, 0x03, 0xD0, 0x00, 0xB8, 0x0F, 0xFF, 0xFF, 0xFF, 0xFB,
    0x80, 0xFF, 0xFF, 0xFF, 0xFF, 0xB8, 0x0F, 0x00, 0xF0, 0x00, 0x0B, 0x80, 0xF0, 0x1E, 0x00, 0x00,
    0xB8, 0x0F, 0x03, 0xC0, 0x00, 0x0B, 0x80, 0xF0, 0x3C, 0x00, 0x00, 0xB8, 0x0F, 0x0B, 0x40, 0x00,
    0x00, 0x00, 0x00, 0x70, 0x00, 0x00, 0x00, 0x00, 0x00, 0x00, 0x00, 0x00, 0x00, 0x00, 0x2F, 0x40,
    0x00, 0x0F, 0xFD, 0x00, 0x02, 0xE1, 0xF0, 0x00, 0x08, 0x0F, 0x00, 0x00, 0x01, 0xF0, 0x00, 0x00,
    0x7D, 0x00, 0x01, 0xBF, 0x40, 0x5B, 0xFF, 0x80, 0xBF, 0xFF, 0x40, 0x01, 0xAF, 0xFF, 0x40, 0x00,
    0x06, 0xFF, 0x40, 0x00, 0x00, 0xBD, 0x00, 0x00, 0x02, 0xE0, 0x00, 0x04, 0x0F, 0x00, 0x02, 0xE1,
    0xF0, 0x00, 0x0F, 0xFD, 0x00, 0x00, 0x3F, 0x40, 0x0B, 0xD0, 0x00, 0x03, 0xFF, 0x40, 0x00, 0x7C,
    0x3C, 0x00, 0x07, 0x81, 0x40, 0x00, 0x7C, 0x00, 0x00, 0x03, 0xF0, 0x00, 0x00, 0x0F, 0xF4, 0x00,
    0x00, 0x2F, 0xFE, 0x90, 0x00, 0x1B, 0xFF, 0xF0, 0x1B, 0xFF, 0xE5, 0x0B, 0xF9, 0x00, 0x03, 0xF4,
    0x00, 0x00, 0x7C, 0x00, 0x00, 0x07, 0x80, 0x00, 0x00, 0x7C, 0x3C, 0x00, 0x03, 0xFF, 0x80, 0x00,
    0x0B, 0xE0, 0x00, 0x00, 0x00, 0x00, 0x00, 0x10, 0x00, 0x00, 0x1B, 0xC0, 0x00, 0x0B, 0xFF, 0x00,
    0x07, 0xFE, 0x7C, 0x06, 0xFE, 0x40, 0xF1, 0xFE, 0x40, 0x03, 0xC7, 0xFE, 0x00, 0x0F, 0x00, 0xBF,
    0xE0, 0x3C, 0x00, 0x0B, 0xFE, 0xF0, 0x00, 0x01, 0xBF, 0xC0, 0x00, 0x00, 0x1F, 0x00, 0x00, 0x00,
    0x00, 0x00, 0x00, 0x00, 0x02, 0xF4, 0x00, 0x00, 0x0B, 0xFE, 0x40, 0x00, 0x2E, 0xBF, 0xE0, 0x00,
    0xB4, 0x0B, 0xFD, 0x02, 0xD0, 0x01, 0xBF, 0xCB, 0x40, 0x06, 0xFE, 0x2D, 0x06, 0xFF, 0x40, 0xBA,
    0xFF, 0x80, 0x02, 0xFF, 0x80, 0x00, 0x0B, 0x90, 0x00, 0x00, 0x00, 0x00, 0x00, 0x00, 0x00, 0x00,
    0x00, 0x00, 0x00, 0x00, 0x07, 0xC0, 0x00, 0x06, 0xFF, 0x00, 0x02, 0xFF, 0xBC, 0x01, 0xFF, 0x80,
    0xF0, 0xFF, 0x90, 0x03, 0xC7, 0xF9, 0x00, 0x0F, 0x01, 0xBF, 0x90, 0x3C, 0x00, 0x1F, 0xF9, 0xF0,
    0x00, 0x02, 0xFF, 0xC0, 0x00, 0x00, 0x2F, 0x00, 0x00, 0x00, 0x04, 0x00, 0x00, 0x00, 0x02, 0xFF,
    0xFF, 0xFF, 0xCB, 0xFF, 0xFF, 0xFF, 0x00, 0x00, 0x00, 0x00, 0x02, 0xE4, 0x00, 0x00, 0x0B, 0xFE,
    0x00, 0x00, 0x2E, 0xBF, 0xD0, 0x00, 0xB4, 0x1B, 0xF9, 0x02, 0xD0, 0x01, 0xBF, 0x8B, 0x40, 0x01,
    0xFF, 0x2D, 0x01, 0xFF, 0x80, 0xB9, 0xFF, 0x90, 0x02, 0xFF, 0x90, 0x00, 0x0B, 0xD0, 0x00, 0x00,
    0x00, 0x00, 0x00, 0x00, 0x00, 0x00, 0x00, 0x02, 0xFF, 0xFF, 0xFF, 0xCB, 0xFF, 0xFF, 0xFF, 0x00,
    0x07, 0xF4, 0x00, 0x00, 0x0B, 0xE0, 0x0B, 0xFF, 0x40, 0x00, 0x0F, 0xFF, 0x03, 0xC0, 0xF0, 0x00,
    0x0B, 0xFF, 0xE1, 0xD0, 0x2F, 0xFF, 0xFF, 0xFF, 0xFC, 0x74, 0x0B, 0xFF, 0xFF, 0xFF, 0xFF, 0x0F,
    0x03, 0xC0, 0x00, 0x2F, 0xFF, 0x82, 0xFF, 0xD0, 0x00, 0x03, 0xFF, 0xC0, 0x1F, 0xD0, 0x00, 0x00,
    0x2F, 0x80, 0x07, 0xF4, 0x00, 0x00, 0x0B, 0xE0, 0x0B, 0xFF, 0x40, 0x00, 0x0F, 0xFF, 0x03, 0xFF,
    0xF0, 0x00, 0x0B, 0x81, 0xE1, 0xFF, 0xFF, 0xFF, 0xFF, 0xC0, 0x3C, 0x7F, 0xFF, 0xFF, 0xFF, 0xF0,
    0x0F, 0x0F, 0xFF, 0xC0, 0x00, 0x2E, 0x07, 0x82, 0xFF, 0xE0, 0x00, 0x03, 0xFF, 0xC0, 0x1F, 0xD0,
    0x00, 0x00, 0x2F, 0x80, 0x00, 0x00, 0x00, 0x07, 0xF4, 0x00, 0x00, 0x00, 0x07, 0xFF, 0x80, 0x00,
    0x00, 0x03, 0xC0, 0xF5, 0xFF, 0xFF, 0xFF, 0xE0, 0x1E, 0xBF, 0xFF, 0xFF, 0xF8, 0x07, 0x80, 0x00,
    0x00, 0x0F, 0x03, 0xD0, 0x00, 0x00, 0x01, 0xFF, 0xE0, 0x00, 0x00, 0x00, 0x1F, 0xD0, 0x00, 0x0F,
    0x40, 0x00, 0x00, 0x3D, 0x00, 0x00, 0x00, 0xF4, 0x00, 0x00, 0x03, 0xD0, 0x00, 0x00, 0x00, 0x00,
    0x00, 0x00, 0x00, 0x00, 0x0B, 0xFC, 0x01, 0xFF, 0x2F, 0xF0, 0x07, 0xFC, 0x00, 0x00, 0x00, 0x00,
    0x00, 0x00, 0x00, 0x00, 0x00, 0xF4, 0x00, 0x00, 0x03, 0xD0, 0x00, 0x00, 0x0F, 0x40, 0x00, 0x00,
    0x3D, 0x00, 0x00, 0x00, 0x00, 0x00, 0x0B, 0xFF, 0xFF, 0xFE, 0xBF, 0xFF, 0xFF, 0xE0, 0x00, 0xF0,
    0x00, 0x00, 0x0F, 0x00, 0x00, 0x00, 0xF0, 0x00, 0x00, 0x0F, 0x00, 0x00, 0x00, 0xF0, 0x00, 0x00,
    0x0F, 0x00, 0x00, 0x00, 0xF0, 0x00, 0x00, 0x0F, 0x00, 0x00, 0x00, 0xF0, 0x00, 0x00, 0x0F, 0x00,
    0x00, 0x00, 0xF0, 0x00, 0x00, 0x0F, 0x00, 0x00, 0x00, 0xF0, 0x00, 0x00, 0x0F, 0x00, 0x00, 0x00,
    0xF0, 0x00, 0x00, 0x0F, 0x00, 0x00, 0x00, 0xF0, 0x00, 0x7C, 0x00, 0x01, 0xF0, 0xF4, 0x00, 0x0F,
    0x41, 0xF0, 0x00, 0x7C, 0x03, 0xD0, 0x03, 0xD0, 0x07, 0xC0, 0x0F, 0x00, 0x0F, 0x40, 0xB4, 0x00,
    0x1F, 0x03, 0xC0, 0x00, 0x3C, 0x2E, 0x00, 0x00, 0x78, 0xF0, 0x00, 0x00, 0xFB, 0x80, 0x00, 0x01,
    0xFC, 0x00, 0x00, 0x03, 0xE0, 0x00, 0x00, 0x07, 0x00, 0x00, 0x00, 0x00, 0x00, 0x00, 0x00, 0x00,
    0x00, 0x2F, 0xFF, 0xFF, 0xFC, 0xBF, 0xFF, 0xFF, 0xF0, 0x00, 0x00, 0x00, 0x02, 0xFF, 0xFF, 0xFF,
    0xCB, 0xFF, 0xFF, 0xFF, 0x00, 0x00, 0x00, 0x00, 0x00, 0x00, 0x00, 0x00, 0x00, 0x2C, 0x00, 0x00,
    0x00, 0xF8, 0x00, 0x00, 0x0B, 0xF0, 0x00, 0x00, 0x3E, 0xE0, 0x00, 0x02, 0xE3, 0xC0, 0x00, 0x0F,
    0x0B, 0x80, 0x00, 0xB8, 0x0F, 0x00, 0x03, 0xC0, 0x2E, 0x00, 0x2E, 0x00, 0x3C, 0x00, 0xF0, 0x00,
    0xB8, 0x0B, 0x80, 0x00, 0xF0, 0x3C, 0x00, 0x02, 0xE0, 0x50, 0x00, 0x01, 0x40, 0x00, 0x00, 0x00,
    0x02, 0xFF, 0xFF, 0xFF, 0xCB, 0xFF, 0xFF, 0xFF, 0x00, 0x00, 0x00, 0x00, 0x00, 0x00, 0x00, 0x00,
    0xF0, 0x00, 0x07, 0xC2, 0xD0, 0x00, 0x3D, 0x03, 0xC0, 0x01, 0xF0, 0x0B, 0x40, 0x0F, 0x40, 0x0F,
    0x00, 0x7C, 0x00, 0x2D, 0x03, 0xD0, 0x00, 0x3C, 0x1F, 0x00, 0x00, 0xB4, 0xF4, 0x00, 0x00, 0xF7,
    0xC0, 0x00, 0x02, 0xFD, 0x00, 0x00, 0x03, 0xF0, 0x00, 0x00, 0x0B, 0x40, 0x00, 0x00, 0x04, 0x00,
    0x00, 0xB8, 0x00, 0x00, 0x00, 0x2E, 0x00, 0x00, 0x00, 0x0B, 0x80, 0x00, 0x00, 0x02, 0xE0, 0x00,
    0x00, 0x00, 0xB8, 0x00, 0x00, 0x00, 0x2E, 0x00, 0x00, 0x00, 0x0B, 0xD0, 0x00, 0x00, 0x02, 0xFF,
    0xD0, 0x00, 0x00, 0xB9, 0xFE, 0x00, 0x00, 0x2E, 0x07, 0xD0, 0x00, 0x0B, 0x80, 0x3C, 0x00, 0x02,
    0xE0, 0x07, 0x80, 0x00, 0xB8, 0x00, 0xF0, 0x00, 0x2E, 0x00, 0x2C, 0x00, 0x0B, 0xFF, 0xFF, 0xFF,
    0xF6, 0xFF, 0xFF, 0xFF, 0xFD, 0x00, 0x00, 0x00, 0x00, 0x00, 0x00, 0x00, 0x00, 0x03, 0x00, 0x00,
    0x00, 0x00, 0xF0, 0x00, 0x00, 0x00, 0x3F, 0x00, 0x00, 0x00, 0x0F, 0xF0, 0x00, 0x00, 0x03, 0xEF,
    0x00, 0x00, 0x00, 0xF8, 0xF0, 0x00, 0x00, 0x3E, 0x0F, 0x00, 0x00, 0x0F, 0x80, 0xF0, 0x00, 0x03,
    0xE0, 0x0F, 0x00, 0x00, 0xF8, 0x00, 0xF0, 0x00, 0x3E, 0x00, 0x0F, 0x00, 0x0F, 0x80, 0x00, 0xF0,
    0x03, 0xE0, 0x00, 0x0F, 0x00, 0xF8, 0x00, 0x00, 0xF0, 0x3E, 0x00, 0x00, 0x0F, 0x0F, 0xFF, 0xFF,
    0xFF, 0xF3, 0xFF, 0xFF, 0xFF, 0xFF, 0x00, 0x00, 0x01, 0x80, 0x00, 0x00, 0x00, 0x00, 0x00, 0xF8,
    0x00, 0x00, 0x00, 0x00, 0x00, 0x7F, 0x00, 0x00, 0x00, 0x00, 0x00, 0x2F, 0xD0, 0x00, 0x00, 0x00,
    0x00, 0x0F, 0xBC, 0x00, 0x00, 0x00, 0x00, 0x0B, 0xCF, 0x00, 0x00, 0x00, 0x00, 0x03, 0xD2, 0xE0,
    0x00, 0x00, 0x00, 0x01, 0xF0, 0x7C, 0x00, 0x00, 0x00, 0x00, 0xB8, 0x0F, 0x40, 0x00, 0x00, 0x00,
    0x3C, 0x01, 0xF0, 0x00, 0x00, 0x00, 0x2E, 0x00, 0x3C, 0x00, 0x00, 0x00, 0x0F, 0x40, 0x0B, 0x80,
    0x00, 0x00, 0x07, 0xC0, 0x01, 0xF0, 0x00, 0x00, 0x02, 0xE0, 0x00, 0x3D, 0x00, 0x00, 0x00, 0xF0,
    0x00, 0x07, 0xC0, 0x00, 0x00, 0xB8, 0x00, 0x00, 0xF0, 0x00, 0x00, 0x3D, 0x00, 0x00, 0x2E, 0x00,
    0x00, 0x1F, 0x00, 0x00, 0x03, 0xC0, 0x00, 0x0B, 0x80, 0x00, 0x00, 0xF4, 0x00, 0x03, 0xC0, 0x00,
    0x00, 0x1F, 0x00, 0x02, 0xE0, 0x00, 0x00, 0x03, 0xC0, 0x00, 0xF4, 0x00, 0x00, 0x00, 0xB8, 0x00,
    0x7C, 0x00, 0x00, 0x00, 0x0F, 0x00, 0x2E, 0x00, 0x00, 0x00, 0x03, 0xD0, 0x0F, 0x00, 0x00, 0x00,
    0x00, 0x7C, 0x0B, 0x80, 0x00, 0x00, 0x00, 0x0F, 0x03, 0xD0, 0x00, 0x00, 0x00, 0x02, 0xE1, 0xF0,
    0x00, 0x00, 0x00, 0x00, 0x3C, 0x24, 0x00, 0x00, 0x00, 0x00, 0x0A, 0x0F, 0x00, 0x00, 0x00, 0x00,
    0x07, 0xC2, 0xD0, 0x00, 0x00, 0x00, 0x03, 0xD0, 0x7C, 0x00, 0x00, 0x00, 0x00, 0xF0, 0x0F, 0x40,
    0x00, 0x00, 0x00, 0xB8, 0x02, 0xE0, 0x00, 0x00, 0x00, 0x3C, 0x00, 0x3C, 0x00, 0x00, 0x00, 0x1F,
    0x00, 0x0B, 0x40, 0x00, 0x00, 0x0F, 0x40, 0x01, 0xF0, 0x00, 0x00, 0x03, 0xC0, 0x00, 0x3D, 0x00,
    0x00, 0x02, 0xE0, 0x00, 0x0B, 0x80, 0x00, 0x00, 0xF0, 0x00, 0x00, 0xF0, 0x00, 0x00, 0x7C, 0x00,
    0x00, 0x2D, 0x00, 0x00, 0x3D, 0x00, 0x00, 0x07, 0xC0, 0x00, 0x0F, 0x00, 0x00, 0x00, 0xF4, 0x00,
    0x0B, 0x80, 0x00, 0x00, 0x2E, 0x00, 0x03, 0xC0, 0x00, 0x00, 0x03, 0xC0, 0x01, 0xF0, 0x00, 0x00,
    0x00, 0xB4, 0x00, 0xF4, 0x00, 0x00, 0x00, 0x1F, 0x00, 0x3C, 0x00, 0x00, 0x00, 0x03, 0xD0, 0x2E,
    0x00, 0x00, 0x00, 0x00, 0xB8, 0x0F, 0x00, 0x00, 0x00, 0x00, 0x0F, 0x07, 0xC0, 0x00, 0x00, 0x00,
    0x02, 0xD3, 0xD0, 0x00, 0x00, 0x00, 0x00, 0x7C, 0xF0, 0x00, 0x00, 0x00, 0x00, 0x0F, 0xF8, 0x00,
    0x00, 0x00, 0x00, 0x02, 0xFC, 0x00, 0x00, 0x00, 0x00, 0x00, 0x3F, 0x00, 0x00, 0x00, 0x00, 0x00,
    0x0B, 0x40, 0x00, 0x00, 0x00, 0x00, 0x00, 0x00, 0x00, 0x00, 0x0B, 0xFF, 0xE4, 0x00, 0x00, 0xBF,
    0xFF, 0xFF, 0x00, 0x03, 0xF9, 0x00, 0x6F, 0xD0, 0x0F, 0xC0, 0x00, 0x02, 0xF0, 0x1F, 0x00, 0x00,
    0x00, 0xBC, 0x3D, 0x00, 0x00, 0x00, 0x3C, 0x3C, 0x00, 0x00, 0x00, 0x2E, 0x78, 0x00, 0x00, 0x00,
    0x1E, 0x78, 0x00, 0x00, 0x00, 0x1F, 0xB8, 0x00, 0x00, 0x00, 0x0F, 0xB8, 0x00, 0x00, 0x00, 0x0F,
    0xB8, 0x00, 0x00, 0x00, 0x0F, 0xB8, 0x00, 0x00, 0x00, 0x0F, 0xB8, 0x00, 0x00, 0x00, 0x0F, 0xB8,
    0x00, 0x00, 0x00, 0x0F, 0xB8, 0x00, 0x00, 0x00, 0x0F, 0xB8, 0x00, 0x00, 0x00, 0x0F, 0xB8, 0x00,
    0x00, 0x00, 0x0F, 0xB8, 0x00, 0x00, 0x00, 0x0F, 0xB8, 0x00, 0x00, 0x00, 0x0F, 0xB8, 0x00, 0x00,
    0x00, 0x0F, 0xB8, 0x00, 0x00, 0x00, 0x0F, 0xB8, 0x00, 0x00, 0x00, 0x0F, 0xB8, 0x00, 0x00, 0x00,
    0x0F, 0xB8, 0x00, 0x00, 0x00, 0x0F, 0xB8, 0x00, 0x00, 0x00, 0x0F, 0xB8, 0x00, 0x00, 0x00, 0x0F,
    0x14, 0x00, 0x00, 0x00, 0x05, 0x64, 0x00, 0x00, 0x00, 0x09, 0xB8, 0x00, 0x00, 0x00, 0x0F, 0xB8,
    0x00, 0x00, 0x00, 0x0F, 0xB8, 0x00, 0x00, 0x00, 0x0F, 0xB8, 0x00, 0x00, 0x00, 0x0F, 0xB8, 0x00,
    0x00, 0x00, 0x0F, 0xB8, 0x00, 0x00, 0x00, 0x0F, 0xB8, 0x00, 0x00, 0x00, 0x0F, 0xB8, 0x00, 0x00,
    0x00, 0x0F, 0xB8, 0x00, 0x00, 0x00, 0x0F, 0xB8, 0x00, 0x00, 0x00, 0x0F, 0xB8, 0x00, 0x00, 0x00,
    0x0F, 0xB8, 0x00, 0x00, 0x00, 0x0F, 0xB8, 0x00, 0x00, 0x00, 0x0F, 0xB8, 0x00, 0x00, 0x00, 0x0F,
    0xB8, 0x00, 0x00, 0x00, 0x0F, 0xB8, 0x00, 0x00, 0x00, 0x0F, 0xB8, 0x00, 0x00, 0x00, 0x0F, 0xB8,
    0x00, 0x00, 0x00, 0x0F, 0x78, 0x00, 0x00, 0x00, 0x1F, 0x78, 0x00, 0x00, 0x00, 0x1E, 0x3C, 0x00,
    0x00, 0x00, 0x2D, 0x3D, 0x00, 0x00, 0x00, 0x3C, 0x1F, 0x00, 0x00, 0x00, 0xF8, 0x0F, 0xD0, 0x00,
    0x02, 0xF0, 0x03, 0xFD, 0x00, 0x6F, 0xD0, 0x00, 0xBF, 0xFF, 0xFF, 0x00, 0x00, 0x06, 0xFF, 0xE4,
    0x00, 0x00, 0x00, 0x00, 0x00, 0x00, 0x0C, 0x00, 0x00, 0x00, 0xFC, 0x00, 0x00, 0x0F, 0xFC, 0x00,
    0x00, 0xF8, 0xBC, 0x00, 0x0F, 0x80, 0xBC, 0x00, 0xF8, 0x00, 0xBC, 0x0F, 0x80, 0x00, 0xBC, 0x3F,
    0x00, 0x03, 0xF0, 0x3F, 0x00, 0x3F, 0x00, 0x3F, 0x03, 0xF0, 0x00, 0x3F, 0x3F, 0x00, 0x00, 0x3F,
    0xF0, 0x00, 0x00, 0x3F, 0x00, 0x00, 0x00, 0x20, 0x00, 0x00, 0x3D, 0x7F, 0x3D, 0x00, 0x00, 0x00,
    0x00, 0x24, 0x00, 0x00, 0x38, 0x00, 0x00, 0x3C, 0x00, 0x2F, 0xFF, 0xF8, 0x07, 0xFF, 0xD0, 0x01,
    0xFF, 0x00, 0x02, 0xFF, 0x40, 0x03, 0xC7, 0x80, 0x02, 0x00, 0x80, 0x00, 0x00, 0x00, 0x00, 0x0F,
    0x80, 0x00, 0x70, 0x7F, 0x07, 0x03, 0xF0, 0xF8, 0x7D, 0x03, 0xE0, 0x03, 0xE0, 0x03, 0xE0, 0x3E,
    0x00, 0x07, 0xE3, 0xF0, 0x00, 0x0B, 0xFF, 0x00, 0x2F, 0xFF, 0xFF, 0xFC, 0xBF, 0xFF, 0xFF, 0xF0,
    0x02, 0xFF, 0xD0, 0x00, 0x2F, 0x4B, 0xD0, 0x02, 0xF4, 0x0B, 0xD0, 0x2F, 0x4F, 0x8B, 0xD0, 0x74,
    0x7F, 0x07, 0x00, 0x00, 0xF8, 0x00, 0x00, 0x10, 0x00, 0x00, 0x00, 0x12, 0xE0, 0x00, 0x00, 0x01,
    0xFB, 0xE0, 0x00, 0x00, 0x1F, 0xEF, 0xE0, 0x00, 0x01, 0xFF, 0xBF, 0xE0, 0x00, 0x1F, 0xBE, 0xE7,
    0xE0, 0x01, 0xF9, 0xFB, 0x87, 0xE0, 0x1F, 0x87, 0xEE, 0x07, 0xE1, 0xF8, 0x1F, 0xB8, 0x07, 0xFF,
    0x80, 0x7E, 0xE0, 0x07, 0xF8, 0x01, 0xFB, 0x80, 0x1F, 0xE0, 0x07, 0xEE, 0x01, 0xFB, 0xE0, 0x1F,
    0xB8, 0x1F, 0x87, 0xE0, 0x7E, 0xE1, 0xF8, 0x07, 0xE1, 0xFB, 0x9F, 0x80, 0x07, 0xE7, 0xEF, 0xF8,
    0x00, 0x07, 0xFF, 0xBF, 0x80, 0x00, 0x07, 0xFE, 0xF8, 0x00, 0x00, 0x07, 0xFB, 0x80, 0x00, 0x00,
    0x07, 0xC4, 0x00, 0x00, 0x00, 0x00, 0x10, 0x00, 0x00, 0x00, 0x02, 0xE0, 0x00, 0x00, 0x01, 0xCB,
    0xE0, 0x00, 0x00, 0x1F, 0xAF, 0xE0, 0x00, 0x01, 0xF8, 0xBF, 0xE0, 0x00, 0x1F, 0x82, 0xE7, 0xE0,
    0x01, 0xF8, 0x0B, 0x87, 0xE0, 0x1F, 0x80, 0x2E, 0x07, 0xE1, 0xF8, 0x00, 0xB8, 0x07, 0xFF, 0x80,
    0x02, 0xE0, 0x07, 0xF8, 0x00, 0x0B, 0x80, 0x1F, 0xE0, 0x00, 0x2E, 0x01, 0xFB, 0xE0, 0x00, 0xB8,
    0x1F, 0x87, 0xE0, 0x02, 0xE1, 0xF8, 0x07, 0xE0, 0x0B, 0x9F, 0x80, 0x07, 0xE0, 0x2F, 0xF8, 0x00,
    0x07, 0xE0, 0xBF, 0x80, 0x00, 0x07, 0xE2, 0xF8, 0x00, 0x00, 0x07, 0xEB, 0x80, 0x00, 0x00, 0x07,
    0x04, 0x00, 0x00, 0x00, 0x00, 0x00, 0x00, 0x00, 0x00, 0x10, 0xE0, 0x00, 0x00, 0x01, 0xF3, 0xE0,
    0x00, 0x00, 0x1F, 0xC7, 0xE0, 0x00, 0x01, 0xFF, 0x07, 0xE0, 0x00, 0x1F, 0xFC, 0x07, 0xE0, 0x01,
    0xF8, 0xF0, 0x07, 0xE0, 0x1F, 0x83, 0xC0, 0x07, 0xE1, 0xF8, 0x0F, 0x00, 0x07, 0xFF, 0x80, 0x3C,
    0x00, 0x07, 0xF8, 0x00, 0xF0, 0x00, 0x1F, 0xE0, 0x03, 0xC0, 0x01, 0xFB, 0xE0, 0x0F, 0x00, 0x1F,
    0x87, 0xE0, 0x3C, 0x01, 0xF8, 0x07, 0xE0, 0xF0, 0x1F, 0x80, 0x07, 0xE3, 0xC1, 0xF8, 0x00, 0x07,
    0xFF, 0x1F, 0x80, 0x00, 0x07, 0xFC, 0xF8, 0x00, 0x00, 0x07, 0xF3, 0x80, 0x00, 0x00, 0x07, 0xC0,
    0x00, 0x00, 0x00, 0x00, 0x00, 0x00, 0x00, 0x00, 0x00, 0xE0, 0x00, 0x00, 0x00, 0x03, 0xE0, 0x00,
    0x00, 0x00, 0x07, 0xE0, 0x00, 0x00, 0x00, 0x07, 0xE0, 0x00, 0x00, 0x00, 0x07, 0xE0, 0x00, 0x00,
    0x00, 0x07, 0xE0, 0x00, 0x00, 0x00, 0x07, 0xE0, 0x00, 0x00, 0x00, 0x07, 0xE0, 0x00, 0x00, 0x00,
    0x07, 0xE0, 0x00, 0x00, 0x00, 0x1F, 0xE0, 0x00, 0x00, 0x01, 0xFB, 0xE0, 0x00, 0x00, 0x1F, 0x87,
    0xE0, 0x00, 0x01, 0xF8, 0x07, 0xE0, 0x00, 0x1F, 0x80, 0x07, 0xE0, 0x01, 0xF8, 0x00, 0x07, 0xE0,
    0x1F, 0x80, 0x00, 0x07, 0xE0, 0xF8, 0x00, 0x00, 0x07, 0xE3, 0x80, 0x00, 0x00, 0x07, 0x00, 0x00,
    0x00, 0x00, 0x00, 0x00, 0x00, 0x00, 0x00, 0x00, 0x00, 0x00, 0x00, 0x01, 0xC0, 0x00, 0x00, 0x00,
    0x1F, 0x80, 0x00, 0x00, 0x01, 0xF8, 0x00, 0x00, 0x00, 0x1F, 0x80, 0x00, 0x00, 0x01, 0xF8, 0x00,
    0x00, 0x00, 0x1F, 0x80, 0x00, 0x00, 0x01, 0xF8, 0x00, 0x00, 0x00, 0x1F, 0x80, 0x00, 0x00, 0x01,
    0xF8, 0x00, 0x00, 0x00, 0x1F, 0xE0, 0x00, 0x00, 0x01, 0xFB, 0xE0, 0x00, 0x00, 0x1F, 0x87, 0xE0,
    0x00, 0x01, 0xF8, 0x07, 0xE0, 0x00, 0x1F, 0x80, 0x07, 0xE0, 0x01, 0xF8, 0x00, 0x07, 0xE0, 0x1F,
    0x80, 0x00, 0x07, 0xE0, 0xF8, 0x00, 0x00, 0x07, 0xE3, 0x80, 0x00, 0x00, 0x07, 0x00, 0x00, 0x00,
    0x00, 0x00, 0x40, 0x00, 0xBF, 0x82, 0xD0, 0x7F, 0xFF, 0xC7, 0xFF, 0xF9, 0x0B, 0x03, 0xFE, 0x00,
    0x04, 0x00, 0x00, 0x00, 0x00, 0x00, 0x00, 0x00, 0x0B, 0xFF, 0xFF, 0xFF, 0x2F, 0xFF, 0xFF, 0xFC,
    0x24, 0x00, 0x00, 0x00, 0x60, 0xB8, 0x00, 0x00, 0x0B, 0xC0, 0xF4, 0x00, 0x00, 0x7C, 0x00, 0xF0,
    0x00, 0x03, 0xD0, 0x01, 0xE0, 0x00, 0x2E, 0x00, 0x03, 0xD0, 0x00, 0xF0, 0x00, 0x07, 0xC0, 0x0B,
    0x40, 0x00, 0x0F, 0x40, 0x3C, 0x00, 0x00, 0x0F, 0x02, 0xD0, 0x00, 0x00, 0x2D, 0x0F, 0x00, 0x00,
    0x00, 0x78, 0xB8, 0x00, 0x00, 0x00, 0xF3, 0xC0, 0x00, 0x00, 0x01, 0xFE, 0x00, 0x00, 0x00, 0x03,
    0xF4, 0x00, 0x00, 0x00, 0x0F, 0xC0, 0x00, 0x00, 0x00, 0x1E, 0x00, 0x00, 0x00, 0x00, 0x34, 0x00,
    0x00, 0x00, 0x00, 0x20, 0x00, 0x00, 0x00, 0x01, 0xE0, 0x00, 0x00, 0x00, 0x0B, 0xC0, 0x00, 0x00,
    0x00, 0x3F, 0x00, 0x00, 0x00, 0x01, 0xFD, 0x00, 0x00, 0x00, 0x0B, 0xBC, 0x00, 0x00, 0x00, 0x3C,
    0xF4, 0x00, 0x00, 0x01, 0xE1, 0xE0, 0x00, 0x00, 0x0F, 0x03, 0xC0, 0x00, 0x00, 0x78, 0x0B, 0x80,
    0x00, 0x03, 0xC0, 0x0F, 0x00, 0x00, 0x2E, 0x00, 0x1F, 0x00, 0x00, 0xF0, 0x00, 0x3D, 0x00, 0x0F,
    0x40, 0x00, 0x7C, 0x00, 0xBC, 0x00, 0x00, 0xB8, 0x07, 0xC0, 0x00, 0x00, 0xF4, 0x3D, 0x00, 0x00,
    0x01, 0xF4, 0x00, 0x0A, 0xFF, 0xFF, 0xF0, 0x0B, 0xFF, 0xFF, 0xFF, 0x03, 0xF9, 0x00, 0x00, 0x00,
    0xF8, 0x00, 0x00, 0x00, 0x2E, 0x02, 0xFF, 0xFF, 0xF3, 0xC1, 0xFF, 0xFF, 0xFF, 0x7C, 0x3E, 0x40,
    0x00, 0x07, 0x87, 0xC0, 0x00, 0x00, 0x78, 0xB8, 0x00, 0x00, 0x07, 0x87, 0xC0, 0x00, 0x00, 0x7C,
    0x3E, 0x00, 0x00, 0x03, 0xC1, 0xFF, 0xFF, 0xFF, 0x2E, 0x02, 0xFF, 0xFF, 0xF0, 0xF8, 0x00, 0x00,
    0x00, 0x07, 0xF9, 0x00, 0x00, 0x00, 0x0F, 0xFF, 0xFF, 0xFF, 0x00, 0x0A, 0xFF, 0xFF, 0xF0, 0xBF,
    0xFF, 0xFE, 0x40, 0x0B, 0xFF, 0xFF, 0xFF, 0x40, 0x00, 0x00, 0x06, 0xFD, 0x00, 0x00, 0x00, 0x02,
    0xF4, 0xBF, 0xFF, 0xF9, 0x0B, 0xCB, 0xFF, 0xFF, 0xF8, 0x3D, 0x00, 0x00, 0x0B, 0xD2, 0xE0, 0x00,
    0x00, 0x2E, 0x1E, 0x00, 0x00, 0x01, 0xF1, 0xF0, 0x00, 0x00, 0x2E, 0x1E, 0x00, 0x00, 0x0B, 0xD2,
    0xEB, 0xFF, 0xFF, 0xF8, 0x3D, 0xBF, 0xFF, 0xF9, 0x0B, 0xC0, 0x00, 0x00, 0x02, 0xF4, 0x00, 0x00,
    0x06, 0xFE, 0x0B, 0xFF, 0xFF, 0xFF, 0x40, 0xBF, 0xFF, 0xFE, 0x40, 0x00, 0x00, 0x00, 0x00, 0x00,
    0x00, 0x01, 0xFF, 0xF4, 0x00, 0x01, 0xFF, 0xFF, 0xF4, 0x00, 0x7F, 0x40, 0x1F, 0xC0, 0x0F, 0x80,
    0x00, 0x2F, 0x02, 0xE0, 0x7F, 0xD0, 0xF4, 0x3C, 0x1F, 0xFF, 0x47, 0xC3, 0xC3, 0xE0, 0xBC, 0x3C,
    0x78, 0x7C, 0x03, 0xC3, 0xC7, 0x8B, 0x80, 0x3D, 0x3D, 0x78, 0xB8, 0x02, 0xD2, 0xDB, 0x8B, 0x40,
    0x2D, 0x2D, 0xB8, 0xB4, 0x02, 0xD2, 0xDB, 0x8B, 0x40, 0x2D, 0x2D, 0xB8, 0xB4, 0x02, 0xD2, 0xDB,
    0x8B, 0x40, 0x2D, 0x2D, 0xB8, 0xB4, 0x02, 0xD2, 0xDB, 0x8B, 0x40, 0x2D, 0x2D, 0x64, 0x60, 0x01,
    0x81, 0x8B, 0x8B, 0x40, 0x2D, 0x2D, 0xB8, 0xB4, 0x02, 0xD2, 0xDB, 0x8B, 0x40, 0x2D, 0x2D, 0xB8,
    0xB4, 0x02, 0xD2, 0xDB, 0x8B, 0x40, 0x2D, 0x2D, 0xB8, 0xB4, 0x02, 0xD2, 0xDB, 0x8B, 0x40, 0x2D,
    0x2D, 0x78, 0xB8, 0x02, 0xD2, 0xD7, 0x87, 0x80, 0x3D, 0x3D, 0x78, 0x7C, 0x03, 0xC3, 0xC3, 0xC3,
    0xE0, 0xFC, 0x3C, 0x3D, 0x1F, 0xFF, 0x07, 0x81, 0xF0, 0x7F, 0x80, 0xF4, 0x0F, 0x80, 0x00, 0x3F,
    0x00, 0x3F, 0x40, 0x2F, 0xC0, 0x00, 0xFF, 0xFF, 0xF0, 0x00, 0x01, 0xBF, 0xE4, 0x00, 0x00, 0x00,
    0x90, 0x00, 0x00, 0x00, 0x0F, 0x00, 0x00, 0x00, 0x00, 0xF0, 0x00, 0x00, 0x00, 0x0F, 0x00, 0x00,
    0x00, 0x00, 0xF0, 0x00, 0x00, 0x02, 0xFF, 0xF8, 0x00, 0x02, 0xFF, 0xFF, 0xF4, 0x00, 0xBE, 0x0F,
    0x1F, 0xD0, 0x0F, 0x40, 0xF0, 0x2F, 0x02, 0xE0, 0x0F, 0x00, 0xF4, 0x3C, 0x00, 0xF0, 0x07, 0xC3,
    0xC0, 0x0F, 0x00, 0x3C, 0x78, 0x00, 0xF0, 0x03, 0xC7, 0x80, 0x0F, 0x00, 0x3C, 0xB8, 0x00, 0xF0,
    0x03, 0xDB, 0x80, 0x0F, 0x00, 0x3D, 0xB8, 0x00, 0xF0, 0x03, 0xDB, 0x80, 0x0F, 0x00, 0x3D, 0xB8,
    0x00, 0xF0, 0x03, 0xDB, 0x80, 0x0F, 0x00, 0x3D, 0xB8, 0x00, 0xF0, 0x03, 0xD0, 0x00, 0x90, 0x28,
    0x00, 0x07, 0x80, 0xF0, 0x00, 0x1E, 0x03, 0xC0, 0x00, 0x78, 0x0F, 0x00, 0x01, 0xE0, 0x3C, 0x00,
    0x07, 0x80, 0xF0, 0x00, 0x1E, 0x03, 0xC0, 0x00, 0x78, 0x0F, 0x00, 0x01, 0xE0, 0x3C, 0x02, 0xFF,
    0xFF, 0xFF, 0xCB, 0xFF, 0xFF, 0xFF, 0x00, 0xB8, 0x0F, 0x00, 0x01, 0xE0, 0x3C, 0x00, 0x07, 0x80,
    0xF0, 0x00, 0x2E, 0x03, 0xC0, 0x2F, 0xFF, 0xFF, 0xFC, 0xBF, 0xFF, 0xFF, 0xF0, 0x07, 0x80, 0xF0,
    0x00, 0x1E, 0x03, 0xC0, 0x00, 0x78, 0x0F, 0x00, 0x01, 0xE0, 0x3C, 0x00, 0x07, 0x80, 0xF0, 0x00,
    0x1E, 0x03, 0xC0, 0x00, 0x78, 0x0F, 0x00, 0x01, 0xE0, 0x3C, 0x00, 0x07, 0x80, 0xF0, 0x00, 0x00,
    0x00, 0x00, 0x00, 0x00, 0x00, 0xB0, 0x00, 0x02, 0xFC, 0x00, 0x0B, 0xF8, 0x00, 0x2F, 0xE0, 0x00,
    0xBF, 0x80, 0x02, 0xFE, 0x02, 0xE2, 0xFC, 0x00, 0xFD, 0x2F, 0xE0, 0x2E, 0x00, 0xBF, 0x80, 0x00,
    0x02, 0xFE, 0x00, 0x00, 0x0B, 0xF8, 0x00, 0x00, 0x2F, 0xC0, 0x00, 0x00, 0xB0, 0x00, 0x00, 0x00,
    0x00, 0x00, 0x00, 0x2D, 0x00, 0x00, 0x07, 0xF4, 0x00, 0x00, 0x7F, 0xD0, 0x00, 0x01, 0xFF, 0x40,
    0x00, 0x07, 0xFD, 0x01, 0xF0, 0x1F, 0xF4, 0xFD, 0x00, 0xBF, 0x1F, 0x01, 0xFF, 0x40, 0x07, 0xFD,
    0x00, 0x1F, 0xF4, 0x00, 0x7F, 0xD0, 0x00, 0x7F, 0x40, 0x00, 0x2D, 0x00, 0x00, 0x00, 0x00, 0x00,
    0x00, 0x00, 0x00, 0x00, 0x00, 0x00, 0x00, 0x00, 0x00, 0x00, 0x00, 0x09, 0x00, 0x02, 0x80, 0x00,
    0x70, 0x00, 0x02, 0xF4, 0x00, 0xBE, 0x00, 0x1F, 0xC0, 0x00, 0xBF, 0x80, 0x1F, 0xE0, 0x07, 0xFD,
    0x00, 0x1F, 0xE0, 0x07, 0xFC, 0x00, 0xFF, 0x40, 0x07, 0xF8, 0x01, 0xFF, 0x40, 0x2F, 0xD0, 0x01,
    0xFF, 0x00, 0x2F, 0xD0, 0x0B, 0xF4, 0x00, 0x1F, 0xD0, 0x03, 0xF4, 0x00, 0xFE, 0x00, 0x00, 0x7F,
    0x40, 0x0F, 0xE0, 0x03, 0xF8, 0x00, 0x00, 0x2F, 0xD0, 0x0B, 0xF4, 0x01, 0xFE, 0x00, 0x00, 0x1F,
    0xF4, 0x02, 0xFD, 0x00, 0xBF, 0x80, 0x00, 0x07, 0xF8, 0x00, 0xFF, 0x40, 0x2F, 0xD0, 0x00, 0x01,
    0xFE, 0x00, 0x7F, 0xC0, 0x0B, 0xF4, 0x00, 0x00, 0xBD, 0x00, 0x1F, 0x80, 0x03, 0xF0, 0x00, 0x00,
    0x24, 0x00, 0x06, 0x00, 0x01, 0xC0, 0x00, 0x00, 0x00, 0x00, 0x00, 0x00, 0x00, 0x00, 0x00, 0x00,
    0x00, 0x00, 0x00, 0x00, 0x02, 0x80, 0x00, 0x74, 0x00, 0x0D, 0x00, 0x00, 0x0B, 0xE0, 0x01, 0xF8,
    0x00, 0x3F, 0x40, 0x00, 0x0B, 0xF4, 0x01, 0xFE, 0x00, 0x7F, 0xC0, 0x00, 0x02, 0xFD, 0x00, 0xBF,
    0x80, 0x1F, 0xE0, 0x00, 0x00, 0xFF, 0x40, 0x2F, 0xD0, 0x07, 0xF8, 0x00, 0x00, 0x7F, 0xD0, 0x0B,
    0xF4, 0x02, 0xFE, 0x00, 0x00, 0x1F, 0xD0, 0x03, 0xF8, 0x00, 0xBF, 0x00, 0x00, 0x7F, 0x40, 0x1F,
    0xE0, 0x02, 0xFC, 0x00, 0x1F, 0xE0, 0x07, 0xFD, 0x00, 0xBF, 0x40, 0x07, 0xFC, 0x00, 0xBF, 0x40,
    0x2F, 0xD0, 0x01, 0xFF, 0x40, 0x2F, 0xD0, 0x0B, 0xF8, 0x00, 0x2F, 0xD0, 0x0B, 0xF8, 0x01, 0xFE,
    0x00, 0x02, 0xF4, 0x00, 0x7E, 0x00, 0x0F, 0x80, 0x00, 0x06, 0x00, 0x01, 0x80, 0x00, 0x34, 0x00,
    0x00, 0x00, 0x00, 0x00, 0x00, 0x00, 0x00, 0x00, 0x00, 0x00, 0x00, 0x00, 0x00, 0x00, 0x00, 0x07,
    0xC0, 0x00, 0x06, 0xFF, 0x00, 0x06, 0xFF, 0x80, 0x02, 0xFF, 0x90, 0x01, 0xFF, 0x90, 0x00, 0x0B,
    0xF4, 0x00, 0x00, 0x06, 0xFF, 0x40, 0x00, 0x00, 0x7F, 0xF4, 0x00, 0x00, 0x07, 0xFF, 0x40, 0x00,
    0x00, 0xBF, 0x00, 0x00, 0x00, 0x18, 0x00, 0x00, 0x00, 0x02, 0xFF, 0xFF, 0xFF, 0xCB, 0xFF, 0xFF,
    0xFF, 0x00, 0x00, 0x00, 0x00, 0x60, 0x00, 0x00, 0x02, 0xFD, 0x00, 0x00, 0x02, 0xFF, 0x90, 0x00,
    0x00, 0x2F, 0xF9, 0x00, 0x00, 0x02, 0xFF, 0x80, 0x00, 0x00, 0x2F, 0xC0, 0x00, 0x07, 0xFE, 0x00,
    0x07, 0xFF, 0x40, 0x07, 0xFF, 0x40, 0x01, 0xFF, 0x80, 0x00, 0x0B, 0x90, 0x00, 0x00, 0x00, 0x00,
    0x00, 0x00, 0x00, 0x00, 0x00, 0x02, 0xE4, 0x00, 0x00, 0x07, 0xFE, 0x00, 0x00, 0x01, 0xBF, 0xE0,
    0x00, 0x00, 0x1B, 0xFD, 0x00, 0x00, 0x01, 0xBF, 0x80, 0x00, 0x01, 0xBF, 0x00, 0x01, 0xBF, 0xE0,
    0x01, 0xBF, 0xE4, 0x00, 0xBF, 0xE4, 0x00, 0x0B, 0xF4, 0x00, 0x00, 0x18, 0x00, 0x00, 0x00, 0x00,
    0x00, 0x00, 0x02, 0xFF, 0xFF, 0xFF, 0xCB, 0xFF, 0xFF, 0xFF, 0x00, 0x00, 0x00, 0x00, 0x00, 0x00,
    0x00, 0x60, 0x00, 0x00, 0x6F, 0xC0, 0x00, 0x2F, 0xF9, 0x00, 0x1F, 0xF9, 0x00, 0x1B, 0xFD, 0x00,
    0x02, 0xFD, 0x00, 0x00, 0x07, 0xFE, 0x40, 0x00, 0x00, 0xBF, 0xE4, 0x00, 0x00, 0x1B, 0xFE, 0x40,
    0x00, 0x01, 0xBF, 0xC0, 0x00, 0x00, 0x1F, 0x00, 0x00, 0x00, 0x00, 0x00, 0x00, 0x00, 0x02, 0xFF,
    0xFF, 0xFF, 0xCB, 0xFF, 0xFF, 0xFF, 0x00, 0x00, 0x00, 0x00, 0x00, 0x00, 0x00, 0x10, 0x00, 0x00,
    0x07, 0xC0, 0x00, 0x01, 0xFF, 0x00, 0x00, 0xBF, 0xD0, 0x00, 0x2F, 0xF4, 0x00, 0x0B, 0xF8, 0x00,
    0x02, 0xFE, 0x00, 0x00, 0x2F, 0xC0, 0x00, 0x00, 0x2F, 0xE0, 0x00, 0x00, 0x0B, 0xF8, 0x00, 0x00,
    0x02, 0xFE, 0x40, 0x00, 0x00, 0xBF, 0xD0, 0x00, 0x00, 0x1F, 0xF0, 0x00, 0x00, 0x07, 0xC0, 0x00,
    0x00, 0x01, 0x00, 0x00, 0x00, 0x00, 0x02, 0xFF, 0xFF, 0xFF, 0xCB, 0xFF, 0xFF, 0xFF, 0x00, 0x00,
    0x00, 0x00, 0x40, 0x00, 0x00, 0x02, 0xE0, 0x00, 0x00, 0x07, 0xF9, 0x00, 0x00, 0x02, 0xFF, 0x40,
    0x00, 0x00, 0x7F, 0xD0, 0x00, 0x00, 0x1F, 0xF4, 0x00, 0x00, 0x07, 0xFD, 0x00, 0x00, 0x01, 0xFC,
    0x00, 0x00, 0x7F, 0xE0, 0x00, 0x1F, 0xF4, 0x00, 0x07, 0xFD, 0x00, 0x02, 0xFF, 0x40, 0x00, 0x7F,
    0xD0, 0x00, 0x02, 0xE0, 0x00, 0x00, 0x04, 0x00, 0x00, 0x00, 0x00, 0x00, 0x00, 0x00, 0x00, 0x00,
    0x00, 0x0C, 0x00, 0x00, 0x07, 0xC0, 0x00, 0x02, 0xF4, 0x00, 0x01, 0xFD, 0x00, 0x01, 0xFE, 0x00,
    0x02, 0xFF, 0x40, 0x07, 0xFF, 0x40, 0x08, 0xBE, 0x00, 0x07, 0xC0, 0x00, 0x02, 0xF8, 0x00, 0x02,
    0xFD, 0x00, 0x07, 0xFE, 0x00, 0x2F, 0xFE, 0x00, 0x0B, 0xFE, 0x40, 0x00, 0x06, 0xFF, 0x80, 0x00,
    0x01, 0xBF, 0x80, 0x00, 0x00, 0xBF, 0x40, 0x00, 0x00, 0xBC, 0x00, 0x00, 0x01, 0xC0, 0x00, 0x00,
    0x00, 0x40, 0x00, 0x00, 0x0B, 0x00, 0x00, 0x00, 0x7C, 0x00, 0x00, 0x02, 0xF4, 0x00, 0x00, 0x07,
    0xF4, 0x00, 0x00, 0x0F, 0xE4, 0x00, 0x00, 0x1F, 0xF4, 0x0A, 0x00, 0x1F, 0xFC, 0xB8, 0x00, 0x1B,
    0xC3, 0xF4, 0x00, 0x00, 0x0B, 0xF4, 0x00, 0x00, 0x0F, 0xF9, 0x00, 0x00, 0x0B, 0xFF, 0x80, 0x00,
    0x1F, 0xFC, 0x00, 0x2F, 0xF9, 0x00, 0x2F, 0xE0, 0x00, 0x1F, 0xD0, 0x00, 0x07, 0xD0, 0x00, 0x00,
    0xB0, 0x00, 0x00, 0x04, 0x00, 0x00, 0x00, 0x00, 0x00, 0x00, 0x00, 0x00, 0x00, 0xF0, 0x00, 0x00,
    0x0F, 0x00, 0x00, 0x01, 0xE0, 0x00, 0x00, 0x2D, 0x40, 0x00, 0x03, 0xEC, 0x00, 0x00, 0x3F, 0xC0,
    0x00, 0x0F, 0xF0, 0x00, 0x1F, 0xF8, 0x01, 0xBF, 0xFF, 0x00, 0xBF, 0xE0, 0xF0, 0x01, 0xBF, 0xFE,
    0x00, 0x00, 0x6F, 0xF4, 0x00, 0x00, 0x3F, 0xE0, 0x10, 0x03, 0x9F, 0xCB, 0xE4, 0x74, 0x2C, 0x7F,
    0xFF, 0x00, 0x80, 0x1F, 0xF4, 0x00, 0x00, 0x1F, 0xF0, 0x00, 0x02, 0xEF, 0xD0, 0x00, 0x3C, 0x1F,
    0x80, 0x03, 0xC0, 0x3C, 0x00, 0x78, 0x00, 0xC0, 0x0B, 0x40, 0x00, 0x00, 0x20, 0x00, 0x00, 0x00,
    0x00, 0x00, 0x00, 0x00, 0x01, 0xD0, 0x00, 0x00, 0x3C, 0x00, 0x00, 0x03, 0xC0, 0x40, 0x00, 0x78,
    0x0B, 0x00, 0x0B, 0x40, 0x7E, 0x00, 0xF0, 0x01, 0xFE, 0x0F, 0x00, 0x02, 0xFF, 0xE0, 0x00, 0x02,
    0xFF, 0x90, 0x00, 0x03, 0xFF, 0xC0, 0x01, 0xFF, 0xE4, 0x01, 0xFF, 0xC0, 0x00, 0xFF, 0xF4, 0x00,
    0x3F, 0x4F, 0x00, 0x4B, 0x80, 0xF1, 0xFC, 0x50, 0x1F, 0xFF, 0x80, 0x03, 0xFE, 0x40, 0x01, 0xFE,
    0x00, 0x00, 0xBF, 0xC0, 0x00, 0x3F, 0xF4, 0x00, 0x0B, 0xCB, 0x00, 0x00, 0xA0, 0xF0, 0x00, 0x04,
    0x0E, 0x00, 0x00, 0x00, 0x50, 0x00, 0x00, 0x00, 0x00, 0x00, 0x00, 0x00, 0x00, 0x03, 0x80, 0x00,
    0x00, 0x1E, 0x00, 0x00, 0x00, 0xF4, 0x00, 0x00, 0x03, 0xC2, 0xFF, 0xFF, 0xFF, 0xCB, 0xFF, 0xFF,
    0xFF, 0x2E, 0x00, 0x07, 0x80, 0xB8, 0x00, 0x3D, 0x02, 0xE0, 0x00, 0xF0, 0x0B, 0x80, 0x0B, 0x40,
    0x2E, 0x00, 0x3C, 0x00, 0xB8, 0x01, 0xE0, 0x02, 0xE0, 0x0F, 0x00, 0x0B, 0x80, 0x3C, 0x00, 0x2E,
    0x02, 0xD0, 0x00, 0xB8, 0x0F, 0x00, 0x02, 0xE0, 0x78, 0x00, 0x0B, 0xFF, 0xFF, 0xFF, 0x2F, 0xFF,
    0xFF, 0xFC, 0x00, 0xB4, 0x00, 0x00, 0x03, 0xC0, 0x00, 0x00, 0x1F, 0x00, 0x00, 0x2F, 0xFF, 0xFF,
    0xFC, 0xBF, 0xFF, 0xFF, 0xF0, 0x1E, 0x00, 0x00, 0x00, 0xF0, 0x00, 0x00, 0x00, 0x80, 0x00, 0x00,
    0x00, 0x00, 0x00, 0x00, 0x00, 0x00, 0x03, 0x80, 0x00, 0x00, 0x1E, 0x00, 0x00, 0x00, 0xF4, 0x00,
    0x00, 0x03, 0xC2, 0xFF, 0xFF, 0xFF, 0xCB, 0xFF, 0xFF, 0xFF, 0x00, 0x00, 0x07, 0xBC, 0x00, 0x00,
    0x3D, 0xF0, 0x00, 0x00, 0xF3, 0xC0, 0x00, 0x0B, 0x4F, 0x00, 0x00, 0x3C, 0x3C, 0x00, 0x01, 0xE0,
    0xF0, 0x00, 0x0F, 0x03, 0xC0, 0x00, 0x3C, 0x0F, 0x00, 0x02, 0xD0, 0x3C, 0x00, 0x0F, 0x00, 0xF0,
    0x00, 0x78, 0x03, 0xCB, 0xFF, 0xFF, 0xFF, 0x2F, 0xFF, 0xFF, 0xFC, 0x00, 0xB4, 0x00, 0x00, 0x03,
    0xC0, 0x00, 0x00, 0x1F, 0x00, 0x00, 0x2F, 0xFF, 0xFF, 0xFC, 0xBF, 0xFF, 0xFF, 0xF0, 0x1E, 0x00,
    0x00, 0x00, 0xF0, 0x00, 0x00, 0x00, 0x80, 0x00, 0x00, 0x00, 0x00, 0x00, 0x02, 0xFF, 0xFF, 0xFF,
    0xCB, 0xFF, 0xFF, 0xFF, 0x2E, 0x00, 0x00, 0x00, 0xB8, 0x00, 0x00, 0x02, 0xE0, 0x00, 0x00, 0x0B,
    0x80, 0x00, 0x00, 0x2E, 0x00, 0x00, 0x00, 0xB8, 0x00, 0x00, 0x02, 0xE0, 0x00, 0x00, 0x0B, 0x80,
    0x00, 0x00, 0x2E, 0x00, 0x00, 0x00, 0xB8, 0x00, 0x00, 0x02, 0xE0, 0x00, 0x00, 0x0B, 0xFF, 0xFF,
    0xFF, 0x2F, 0xFF, 0xFF, 0xFC, 0x00, 0x00, 0x00, 0x00, 0x00, 0x1D, 0x00, 0x00, 0x00, 0xB4, 0x00,
    0x2F, 0xFF, 0xFF, 0xFC, 0xBF, 0xFF, 0xFF, 0xF0, 0x00, 0xF0, 0x00, 0x00, 0x0B, 0x40, 0x00, 0x00,
    0x04, 0x00, 0x00, 0x00, 0x00, 0x00, 0x02, 0xFF, 0xFF, 0xFF, 0xCB, 0xFF, 0xFF, 0xFF, 0x00, 0x00,
    0x00, 0x3C, 0x00, 0x00, 0x00, 0xF0, 0x00, 0x00, 0x03, 0xC0, 0x00, 0x00, 0x0F, 0x00, 0x00, 0x00,
    0x3C, 0x00, 0x00, 0x00, 0xF0, 0x00, 0x00, 0x03, 0xC0, 0x00, 0x00, 0x0F, 0x00, 0x00, 0x00, 0x3C,
    0x00, 0x00, 0x00, 0xF0, 0x00, 0x00, 0x03, 0xCB, 0xFF, 0xFF, 0xFF, 0x2F, 0xFF, 0xFF, 0xFC, 0x00,
    0x00, 0x00, 0x00, 0x00, 0x1D, 0x00, 0x00, 0x00, 0xB4, 0x00, 0x2F, 0xFF, 0xFF, 0xFC, 0xBF, 0xFF,
    0xFF, 0xF0, 0x00, 0xF0, 0x00, 0x00, 0x0B, 0x40, 0x00, 0x00, 0x04, 0x00, 0x00, 0x00, 0x00, 0x00,
    0x10, 0x00, 0x00, 0x1B, 0xC0, 0x00, 0x0B, 0xFE, 0x00, 0x07, 0xFF, 0x40, 0x06, 0xFF, 0x40, 0x01,
    0xFF, 0x40, 0x00, 0x07, 0xF9, 0x00, 0x00, 0x02, 0xFF, 0x90, 0x00, 0x00, 0x2F, 0xF9, 0x00, 0x00,
    0x06, 0xFF, 0x80, 0x00, 0x00, 0x7F, 0x00, 0x00, 0x70, 0x04, 0x00, 0x02, 0xD0, 0x00, 0x2F, 0xEF,
    0x00, 0x47, 0xFF, 0xFD, 0x0B, 0x2D, 0x0B, 0xFF, 0xFC, 0x40, 0x2E, 0xBF, 0x80, 0x00, 0xF0, 0x00,
    0x00, 0x01, 0x40, 0x00, 0x00, 0x00, 0x00, 0x00, 0x02, 0xF4, 0x00, 0x00, 0x07, 0xFF, 0x40, 0x00,
    0x00, 0xBF, 0xE4, 0x00, 0x00, 0x0B, 0xFE, 0x00, 0x00, 0x00, 0xBF, 0xC0, 0x00, 0x01, 0xFF, 0x00,
    0x01, 0xFF, 0x90, 0x01, 0xFF, 0xD0, 0x01, 0xFF, 0xE0, 0x00, 0x0B, 0xE4, 0x00, 0x00, 0x14, 0x00,
    0x30, 0x00, 0x00, 0x02, 0xD0, 0x00, 0x2F, 0xEF, 0x00, 0x47, 0xFF, 0xFD, 0x0B, 0x2D, 0x0B, 0xFF,
    0xFC, 0x40, 0x2E, 0xBF, 0x80, 0x00, 0xF0, 0x00, 0x00, 0x01, 0x40, 0x00, 0x00, 0x00, 0x00, 0x00,
    0x00, 0x00, 0x00, 0x00, 0xC0, 0x00, 0x00, 0x1F, 0x00, 0x00, 0x07, 0xF4, 0x00, 0x06, 0xFE, 0x00,
    0x06, 0xFF, 0x80, 0x07, 0xFF, 0x90, 0x00, 0x1F, 0xFE, 0x40, 0x00, 0x01, 0xBF, 0xE0, 0x00, 0x00,
    0x1B, 0xF8, 0x00, 0x00, 0x02, 0xFD, 0x00, 0x00, 0x00, 0xBC, 0x00, 0x00, 0xC0, 0x70, 0x00, 0x0B,
    0x40, 0x00, 0xBF, 0xBC, 0x01, 0x1F, 0xFF, 0xF4, 0x2C, 0xB4, 0x2F, 0xFF, 0xF1, 0x00, 0xBA, 0xFE,
    0x00, 0x03, 0xC0, 0x00, 0x00, 0x05, 0x00, 0x00, 0x00, 0x00, 0x00, 0x02, 0x80, 0x00, 0x00, 0x07,
    0xC0, 0x00, 0x00, 0x0B, 0xE0, 0x00, 0x00, 0x07, 0xFD, 0x00, 0x00, 0x01, 0xFF, 0xE4, 0x00, 0x00,
    0x1B, 0xFF, 0x00, 0x00, 0xBF, 0xFC, 0x00, 0x7F, 0xF4, 0x00, 0x1F, 0xF4, 0x00, 0x02, 0xFD, 0x00,
    0x00, 0x2F, 0x40, 0x00, 0x00, 0xA0, 0x01, 0xC0, 0x00, 0x00, 0x0B, 0x40, 0x00, 0xBF, 0xBC, 0x01,
    0x1F, 0xFF, 0xF4, 0x2C, 0xB4, 0x2F, 0xFF, 0xF1, 0x00, 0xBA, 0xFE, 0x00, 0x03, 0xC0, 0x00, 0x00,
    0x05, 0x00, 0x00, 0x00, 0x00, 0x00, 0x80, 0x00, 0x00, 0x0B, 0x40, 0x00, 0x00, 0x3C, 0x00, 0x00,
    0x01, 0xE0, 0x00, 0x00, 0x0B, 0x40, 0x00, 0x00, 0x3F, 0xC0, 0x00, 0x07, 0xFF, 0x00, 0x06, 0xFF,
    0x7C, 0x02, 0xFF, 0xBC, 0xF1, 0xFF, 0x82, 0xD3, 0xC7, 0xF9, 0x0F, 0x0F, 0x01, 0xBF, 0xF8, 0x3C,
    0x00, 0x1F, 0xF9, 0xF0, 0x00, 0x0F, 0xFF, 0xC0, 0x00, 0xB4, 0x2F, 0x00, 0x03, 0xC0, 0x04, 0x00,
    0x1E, 0x00, 0x00, 0x00, 0x74, 0x00, 0x00, 0x00, 0x00, 0x00, 0x00, 0x00, 0x00, 0x00, 0x00, 0x00,
    0x03, 0x80, 0x00, 0x00, 0x0F, 0x00, 0x00, 0x00, 0xB4, 0x00, 0x00, 0x03, 0xC0, 0x02, 0xF4, 0x1E,
    0x00, 0x0B, 0xFE, 0xF4, 0x00, 0x2E, 0xBF, 0xE0, 0x00, 0xB4, 0x2F, 0xFE, 0x02, 0xD0, 0xF0, 0xBF,
    0xCB, 0x43, 0xC6, 0xFE, 0x2D, 0x2F, 0xFE, 0x40, 0xBA, 0xFF, 0x40, 0x02, 0xFF, 0xC0, 0x00, 0x0B,
    0xBD, 0x00, 0x00, 0x00, 0xF0, 0x00, 0x00, 0x0B, 0x80, 0x00, 0x00, 0x3C, 0x00, 0x00, 0x00, 0xA0,
    0x00, 0x00, 0x00, 0x00, 0x00, 0x00, 0x00, 0x00, 0x0A, 0x00, 0x00, 0x00, 0x3C, 0x00, 0x00, 0x00,
    0xE0, 0x00, 0x00, 0x07, 0x40, 0x00, 0x00, 0x2C, 0x00, 0x00, 0x00, 0xF7, 0xC0, 0x00, 0x07, 0xFF,
    0x00, 0x02, 0xFF, 0xBC, 0x01, 0xFF, 0xF0, 0xF0, 0xFF, 0x83, 0xC3, 0xC7, 0xF9, 0x1E, 0x0F, 0x01,
    0xBF, 0xF4, 0x3C, 0x00, 0x1F, 0xF9, 0xF0, 0x00, 0x0F, 0xFF, 0xC0, 0x00, 0x78, 0x6F, 0x00, 0x02,
    0xD0, 0x04, 0x00, 0x0F, 0x00, 0x02, 0xFF, 0xFF, 0xFF, 0xCB, 0xFF, 0xFF, 0xFF, 0x00, 0x0B, 0x40,
    0x00, 0x00, 0x3C, 0x00, 0x00, 0x00, 0xF0, 0x00, 0x00, 0x07, 0x40, 0x00, 0x00, 0x1C, 0x00, 0x00,
    0x00, 0x00, 0x00, 0x00, 0x00, 0x02, 0x80, 0x00, 0x00, 0x0F, 0x00, 0x00, 0x00, 0x3C, 0x00, 0x00,
    0x01, 0xE0, 0x00, 0x00, 0x0B, 0x40, 0x02, 0xE4, 0x3C, 0x00, 0x0B, 0xFE, 0xF0, 0x00, 0x2E, 0xBF,
    0xD0, 0x00, 0xB4, 0x3F, 0xF9, 0x02, 0xD0, 0xF1, 0xBF, 0x8B, 0x43, 0x81, 0xFF, 0x2D, 0x1F, 0xFF,
    0x80, 0xB9, 0xFF, 0x90, 0x02, 0xFF, 0xD0, 0x00, 0x0B, 0xEE, 0x00, 0x00, 0x00, 0xB4, 0x00, 0x00,
    0x03, 0xC0, 0x00, 0x02, 0xFF, 0xFF, 0xFF, 0xCB, 0xFF, 0xFF, 0xFF, 0x02, 0xD0, 0x00, 0x00, 0x0F,
    0x00, 0x00, 0x00, 0x3C, 0x00, 0x00, 0x01, 0xE0, 0x00, 0x00, 0x07, 0x40, 0x00, 0x00, 0x00, 0x00,
    0x00, 0x00, 0x3D, 0x7F, 0x3D, 0x00, 0x00, 0x00, 0x00, 0x00, 0x00, 0x3D, 0x7F, 0x3D, 0x00, 0x00,
    0x00, 0x00, 0x00, 0x00, 0x3D, 0x7F, 0x3D, 0x3D, 0x00, 0x0F, 0x40, 0x07, 0xC7, 0xF0, 0x02, 0xFC,
    0x00, 0xFE, 0x3D, 0x00, 0x0F, 0x40, 0x07, 0xC0, 0x00, 0x00, 0x00, 0x00, 0x07, 0xD0, 0x00, 0x00,
    0x00, 0x00, 0xBE, 0x00, 0x00, 0x00, 0x00, 0x07, 0xD0, 0x00, 0x00, 0x00, 0x00, 0x00, 0x00, 0x00,
    0x00, 0x00, 0x00, 0x00, 0x00, 0x00, 0x00, 0x00, 0x00, 0x00, 0x00, 0x00, 0x00, 0x00, 0x00, 0x00,
    0x00, 0x00, 0x00, 0x00, 0x00, 0x00, 0x00, 0x00, 0x00, 0x00, 0x00, 0x00, 0xF4, 0x00, 0x00, 0x00,
    0x00, 0x2F, 0xC0, 0x00, 0x00, 0x00, 0x00, 0xF4, 0x00, 0x00, 0x00, 0x00, 0x00, 0x00, 0x00, 0x00,
    0x00, 0x00, 0x00, 0x00, 0x00, 0x00, 0x00, 0x00, 0x00, 0x00, 0x00, 0x00, 0x00, 0x00, 0x00, 0x00,
    0x00, 0x00, 0x00, 0x00, 0x00, 0x00, 0x00, 0x00, 0x00, 0x00, 0x00, 0x3D, 0x00, 0x00, 0x00, 0x00,
    0x07, 0xF0, 0x00, 0x00, 0x00, 0x00, 0x3D, 0x00, 0x00, 0x00, 0x00, 0x00, 0x3D, 0x00, 0x00, 0x00,
    0x00, 0x07, 0xF0, 0x00, 0x00, 0x00, 0x00, 0x3D, 0x00, 0x00, 0x00, 0x00, 0x00, 0x00, 0x00, 0x00,
    0x00, 0x00, 0x00, 0x00, 0x00, 0x00, 0x00, 0x00, 0x00, 0x00, 0x00, 0x00, 0x00, 0x00, 0x00, 0x00,
    0x00, 0x00, 0x00, 0x00, 0x00, 0x00, 0x00, 0x00, 0x00, 0x00, 0x00, 0x00, 0x00, 0x00, 0x00, 0x00,
    0xF4, 0x00, 0x00, 0x00, 0x00, 0x2F, 0xC0, 0x00, 0x00, 0x00, 0x00, 0xF4, 0x00, 0x00, 0x00, 0x00,
    0x00, 0x00, 0x00, 0x00, 0x00, 0x00, 0x00, 0x00, 0x00, 0x00, 0x00, 0x00, 0x00, 0x00, 0x00, 0x00,
    0x00, 0x00, 0x00, 0x00, 0x00, 0x00, 0x00, 0x00, 0x00, 0x00, 0x00, 0x00, 0x00, 0x00, 0x00, 0x00,
    0x00, 0x00, 0x00, 0x07, 0xD0, 0x00, 0x00, 0x00, 0x00, 0xBE, 0x00, 0x00, 0x00, 0x00, 0x07, 0xD0,
    0x00, 0x00, 0x1B, 0xFF, 0xFF, 0xC0, 0x00, 0x1F, 0xFF, 0xFF, 0xFC, 0x00, 0x0B, 0xF4, 0x00, 0x00,
    0x00, 0x02, 0xF4, 0x00, 0x00, 0x00, 0x00, 0x3D, 0x00, 0x00, 0x00, 0x00, 0x0B, 0x80, 0x00, 0x00,
    0x00, 0x00, 0xF4, 0x00, 0x00, 0x00, 0x00, 0x0F, 0x00, 0x00, 0x00, 0x00, 0xBF, 0xFF, 0xFF, 0xFF,
    0xFF, 0xCB, 0xFF, 0xFF, 0xFF, 0xFF, 0xFC, 0x00, 0xF0, 0x00, 0x00, 0x00, 0x00, 0x0F, 0x40, 0x00,
    0x00, 0x00, 0x00, 0x7C, 0x00, 0x00, 0x00, 0x00, 0x03, 0xF0, 0x00, 0x00, 0x00, 0x00, 0x0F, 0xE4,
    0x00, 0x00, 0x00, 0x00, 0x2F, 0xFF, 0xFF, 0xFC, 0x00, 0x00, 0x1B, 0xFF, 0xFF, 0xC0, 0x00, 0x0A,
    0xFF, 0xFF, 0xF0, 0x0F, 0xFF, 0xFF, 0xFF, 0x07, 0xF9, 0x00, 0x00, 0x00, 0xFC, 0x00, 0x00, 0x00,
    0x2F, 0x00, 0x00, 0x00, 0x53, 0xD0, 0x00, 0x00, 0x0F, 0x7C, 0x00, 0x00, 0x00, 0xF7, 0x80, 0x00,
    0x00, 0x0F, 0x7F, 0xFF, 0xFF, 0xFF, 0xF7, 0xFF, 0xFF, 0xFF, 0xFF, 0x78, 0x00, 0x00, 0x00, 0xF3,
    0xC0, 0x00, 0x00, 0x0F, 0x2E, 0x00, 0x00, 0x00, 0xE0, 0xF8, 0x00, 0x00, 0x00, 0x07, 0xF9, 0x00,
    0x00, 0x00, 0x0F, 0xFF, 0xFF, 0xFF, 0x00, 0x0A, 0xFF, 0xFF, 0xF0, 0x00, 0x6F, 0xFF, 0xE0, 0x7F,
    0xFF, 0xFE, 0x1F, 0xD0, 0x00, 0x03, 0xE0, 0x00, 0x00, 0x7C, 0x00, 0x00, 0xE7, 0xC0, 0x00, 0x0E,
    0x7F, 0xFF, 0xFF, 0xE7, 0xFF, 0xFF, 0xFE, 0x7C, 0x00, 0x00, 0xE3, 0xD0, 0x00, 0x0E, 0x1F, 0x90,
    0x00, 0x00, 0x7F, 0xFF, 0xFE, 0x00, 0x7F, 0xFF, 0xE0, 0x00, 0x00, 0x0B, 0x80, 0x00, 0x00, 0x01,
    0xFC, 0x00, 0x00, 0x00, 0x0B, 0x80, 0x00, 0x00, 0x00, 0x00, 0x00, 0x00, 0x00, 0x00, 0x00, 0x00,
    0x00, 0xAF, 0xFF, 0xFF, 0x00, 0xFF, 0xFF, 0xFF, 0xF0, 0x7F, 0x90, 0x00, 0x00, 0x0F, 0xC0, 0x00,
    0x00, 0x02, 0xF0, 0x00, 0x00, 0x00, 0x3D, 0x00, 0x00, 0x00, 0x07, 0xC0, 0x00, 0x00, 0x00, 0x78,
    0x00, 0x00, 0x00, 0x07, 0xFF, 0xFF, 0xFF, 0xFF, 0x7F, 0xFF, 0xFF, 0xFF, 0xF7, 0x80, 0x00, 0x00,
    0x00, 0x3C, 0x00, 0x00, 0x00, 0x02, 0xE0, 0x00, 0x00, 0x00, 0x0F, 0x80, 0x00, 0x00, 0x00, 0x7F,
    0x90, 0x00, 0x00, 0x00, 0xFF, 0xFF, 0xFF, 0xF0, 0x00, 0xAF, 0xFF, 0xFF, 0x1F, 0xFF, 0xFF, 0xFF,
    0xF1, 0xFF, 0xFF, 0xFF, 0xFF, 0x00, 0x00, 0x00, 0x00, 0x00, 0x00, 0x00, 0x00, 0x00, 0x00, 0x00,
    0x00, 0x00, 0x00, 0x00, 0xAF, 0xFF, 0xFF, 0x00, 0xFF, 0xFF, 0xFF, 0xF0, 0x7F, 0x90, 0x00, 0x00,
    0x0F, 0xC0, 0x00, 0x00, 0x02, 0xF0, 0x00, 0x00, 0x00, 0x3D, 0x00, 0x00, 0x00, 0x07, 0xC0, 0x00,
    0x00, 0x00, 0x78, 0x00, 0x00, 0x00, 0x07, 0xFF, 0xFF, 0xFF, 0xFF, 0x7F, 0xFF, 0xFF, 0xFF, 0xF7,
    0x80, 0x00, 0x00, 0x00, 0x3C, 0x00, 0x00, 0x00, 0x02, 0xE0, 0x00, 0x00, 0x00, 0x0F, 0x80, 0x00,
    0x00, 0x00, 0x7F, 0x90, 0x00, 0x00, 0x00, 0xFF, 0xFF, 0xFF, 0xF0, 0x00, 0xAF, 0xFF, 0xFF, 0x0F,
    0xFF, 0xFF, 0xE0, 0xFF, 0xFF, 0xFE, 0x00, 0x00, 0x00, 0x00, 0x00, 0x00, 0x00, 0x00, 0x6F, 0xFF,
    0xE0, 0x7F, 0xFF, 0xFE, 0x1F, 0xD0, 0x00, 0x03, 0xE0, 0x00, 0x00, 0x7C, 0x00, 0x00, 0x07, 0xC0,
    0x00, 0x00, 0x7F, 0xFF, 0xFF, 0xE7, 0xFF, 0xFF, 0xFE, 0x7C, 0x00, 0x00, 0x03, 0xD0, 0x00, 0x00,
    0x1F, 0x90, 0x00, 0x00, 0x7F, 0xFF, 0xFE, 0x00, 0x7F, 0xFF, 0xE0, 0x00, 0x00, 0x00, 0x00, 0x00,
    0x01, 0xBF, 0xFF, 0xFF, 0x01, 0xFF, 0xFF, 0xFF, 0xF0, 0x7F, 0x40, 0x00, 0x00, 0x1F, 0x40, 0x00,
    0x00, 0x03, 0xE0, 0x00, 0x00, 0x00, 0x3C, 0x00, 0x00, 0x00, 0x07, 0x80, 0x00, 0x00, 0x00, 0x7F,
    0xFF, 0xFF, 0xFF, 0xF7, 0xFF, 0xFF, 0xFF, 0xFF, 0x78, 0x00, 0x00, 0x00, 0x03, 0xC0, 0x00, 0x00,
    0x00, 0x3E, 0x00, 0x00, 0x00, 0x01, 0xF8, 0x00, 0x00, 0x00, 0x07, 0xF8, 0x00, 0x00, 0x00, 0x1F,
    0xFF, 0xFF, 0xFF, 0x00, 0x1B, 0xFF, 0xFF, 0xF0, 0x00, 0x00, 0x00, 0x00, 0x00, 0x00, 0x00, 0x00,
    0x00, 0x00, 0x00, 0x00, 0x00, 0x1F, 0xFF, 0xFF, 0xFF, 0xF1, 0xFF, 0xFF, 0xFF, 0xFF, 0x00, 0x0A,
    0xFF, 0xFF, 0xF0, 0x0F, 0xFF, 0xFF, 0xFF, 0x07, 0xF9, 0x00, 0x00, 0x00, 0xF8, 0x00, 0x00, 0x00,
    0x2F, 0x00, 0x00, 0x00, 0x03, 0xFF, 0xFF, 0xFF, 0xFF, 0x7F, 0xFF, 0xFF, 0xFF, 0xF7, 0x80, 0x00,
    0x00, 0x00, 0x78, 0x00, 0x00, 0x00, 0x07, 0x80, 0x00, 0x00, 0x00, 0x7F, 0xFF, 0xFF, 0xFF, 0xF3,
    0xFF, 0xFF, 0xFF, 0xFF, 0x2F, 0x00, 0x00, 0x00, 0x00, 0xF8, 0x00, 0x00, 0x00, 0x07, 0xF9, 0x00,
    0x00, 0x00, 0x0F, 0xFF, 0xFF, 0xFF, 0x00, 0x0A, 0xFF, 0xFF, 0xF0, 0xBF, 0xFF, 0xFE, 0x40, 0x00,
    0x0B, 0xFF, 0xFF, 0xFF, 0x40, 0x00, 0x00, 0x00, 0x06, 0xFD, 0x00, 0x00, 0x00, 0x00, 0x02, 0xF4,
    0x00, 0x00, 0x00, 0x00, 0x0B, 0xC0, 0x00, 0x00, 0x00, 0x00, 0x3C, 0x00, 0x00, 0x00, 0x00, 0x02,
    0xE0, 0x00, 0x00, 0x00, 0x00, 0x1E, 0x00, 0xBF, 0xFF, 0xFF, 0xFF, 0xFF, 0xCB, 0xFF, 0xFF, 0xFF,
    0xFF, 0xFC, 0x00, 0x00, 0x00, 0x01, 0xE0, 0x00, 0x00, 0x00, 0x00, 0x3D, 0x00, 0x00, 0x00, 0x00,
    0x07, 0xC0, 0x00, 0x00, 0x00, 0x01, 0xF8, 0x00, 0x00, 0x00, 0x01, 0xFE, 0x00, 0x0B, 0xFF, 0xFF,
    0xFF, 0x40, 0x00, 0xBF, 0xFF, 0xFE, 0x40, 0x00, 0x00, 0xBF, 0xFF, 0xFE, 0x40, 0x0B, 0xFF, 0xFF,
    0xFF, 0x40, 0x00, 0x00, 0x06, 0xFE, 0x00, 0x00, 0x00, 0x02, 0xF4, 0x10, 0x00, 0x00, 0x0B, 0xCB,
    0x40, 0x00, 0x00, 0x3D, 0xB4, 0x00, 0x00, 0x02, 0xEB, 0x80, 0x00, 0x00, 0x1E, 0xBF, 0xFF, 0xFF,
    0xFF, 0xFB, 0xFF, 0xFF, 0xFF, 0xFE, 0xB4, 0x00, 0x00, 0x01, 0xEB, 0x40, 0x00, 0x00, 0x3D, 0x74,
    0x00, 0x00, 0x07, 0xC0, 0x00, 0x00, 0x01, 0xF4, 0x00, 0x00, 0x01, 0xFE, 0x0B, 0xFF, 0xFF, 0xFF,
    0x40, 0xBF, 0xFF, 0xFE, 0x40, 0x00, 0xBF, 0xFF, 0xE0, 0x0B, 0xFF, 0xFF, 0xD0, 0x00, 0x00, 0x6F,
    0x40, 0x00, 0x00, 0xBC, 0xB0, 0x00, 0x03, 0xDB, 0x00, 0x00, 0x2E, 0xBF, 0xFF, 0xFF, 0xEB, 0xFF,
    0xFF, 0xFE, 0xB0, 0x00, 0x02, 0xDB, 0x00, 0x00, 0x7C, 0x00, 0x00, 0x6F, 0x4B, 0xFF, 0xFF, 0xD0,
    0xBF, 0xFF, 0xE0, 0x00, 0xBF, 0xFF, 0xFF, 0xFF, 0x8B, 0xFF, 0xFF, 0xFF, 0xF8, 0x00, 0x00, 0x00,
    0x00, 0x00, 0x00, 0x00, 0x00, 0x00, 0x00, 0x00, 0x00, 0x00, 0x0B, 0xFF, 0xFF, 0xE4, 0x00, 0xBF,
    0xFF, 0xFF, 0xF4, 0x00, 0x00, 0x00, 0x6F, 0xE0, 0x00, 0x00, 0x00, 0x2F, 0x40, 0x00, 0x00, 0x00,
    0xBC, 0x00, 0x00, 0x00, 0x03, 0xD0, 0x00, 0x00, 0x00, 0x2E, 0x00, 0x00, 0x00, 0x01, 0xEB, 0xFF,
    0xFF, 0xFF, 0xFF, 0xBF, 0xFF, 0xFF, 0xFF, 0xE0, 0x00, 0x00, 0x00, 0x1E, 0x00, 0x00, 0x00, 0x03,
    0xD0, 0x00, 0x00, 0x00, 0x7C, 0x00, 0x00, 0x00, 0x1F, 0x40, 0x00, 0x00, 0x1F, 0xE0, 0xBF, 0xFF,
    0xFF, 0xF4, 0x0B, 0xFF, 0xFF, 0xE4, 0x00, 0x7F, 0xFF, 0xFF, 0x0B, 0xFF, 0xFF, 0xF0, 0x00, 0x00,
    0x00, 0x00, 0x00, 0x00, 0x00, 0xBF, 0xFF, 0xE0, 0x0B, 0xFF, 0xFF, 0xD0, 0x00, 0x00, 0x6F, 0x40,
    0x00, 0x00, 0xBC, 0x00, 0x00, 0x03, 0xD0, 0x00, 0x00, 0x2E, 0xBF, 0xFF, 0xFF, 0xEB, 0xFF, 0xFF,
    0xFE, 0x00, 0x00, 0x02, 0xD0, 0x00, 0x00, 0x7C, 0x00, 0x00, 0x6F, 0x4B, 0xFF, 0xFF, 0xD0, 0xBF,
    0xFF, 0xE0, 0x00, 0xBF, 0xFF, 0xFF, 0xFF, 0xEB, 0xFF, 0xFF, 0xFF, 0xFE, 0xB8, 0x00, 0x00, 0x00,
    0x0B, 0x80, 0x00, 0x00, 0x00, 0xB8, 0x00, 0x00, 0x00, 0x0B, 0x80, 0x00, 0x00, 0x00, 0xB8, 0x00,
    0x00, 0x00, 0x0B, 0x80, 0x00, 0x00, 0x00, 0xBF, 0xFF, 0xFF, 0xFF, 0xEB, 0xFF, 0xFF, 0xFF, 0xFE,
    0xB8, 0x00, 0x00, 0x00, 0x0B, 0x80, 0x00, 0x00, 0x00, 0xB8, 0x00, 0x00, 0x00, 0x0B, 0x80, 0x00,
    0x00, 0x00, 0xB8, 0x00, 0x00, 0x00, 0x0B, 0xFF, 0xFF, 0xFF, 0xFE, 0xBF, 0xFF, 0xFF, 0xFF, 0xE0,
    0x00, 0x06, 0x40, 0x00, 0xF4, 0x00, 0x1F, 0x00, 0x03, 0xD0, 0x00, 0x7C, 0x00, 0x0F, 0x80, 0x01,
    0xF0, 0x00, 0x2E, 0x00, 0x03, 0xC0, 0x00, 0xB8, 0x00, 0x0F, 0x00, 0x02, 0xF0, 0x00, 0x3D, 0x00,
    0x0B, 0xC0, 0x00, 0x7C, 0x00, 0x03, 0xE0, 0x00, 0x1F, 0x00, 0x00, 0xF4, 0x00, 0x0B, 0xC0, 0x00,
    0x3D, 0x00, 0x02, 0xF0, 0x00, 0x0F, 0x00, 0x00, 0xB8, 0x00, 0x03, 0xC0, 0x00, 0x2E, 0x00, 0x01,
    0xF0, 0x00, 0x0F, 0x40, 0x00, 0x7C, 0x18, 0x00, 0x01, 0xF0, 0x00, 0x0F, 0x40, 0x00, 0xB8, 0x00,
    0x03, 0xC0, 0x00, 0x2E, 0x00, 0x00, 0xF0, 0x00, 0x0B, 0x80, 0x00, 0x7C, 0x00, 0x03, 0xE0, 0x00,
    0x1F, 0x00, 0x00, 0xF4, 0x00, 0x07, 0xC0, 0x00, 0x3D, 0x00, 0x03, 0xC0, 0x00, 0xBC, 0x00, 0x0F,
    0x40, 0x02, 0xF0, 0x00, 0x3D, 0x00, 0x07, 0xC0, 0x00, 0xF4, 0x00, 0x1F, 0x00, 0x03, 0xE0, 0x00,
    0x3C, 0x00, 0x0B, 0x80, 0x00, 0xF0, 0x00, 0x2E, 0x00, 0x03, 0xC0, 0x00, 0x00, 0x00, 0x00, 0x00,
    0x00, 0x00, 0x00, 0xB0, 0x00, 0x00, 0x00, 0x00, 0x00, 0x00, 0x1B, 0x40, 0x00, 0x00, 0x00, 0x00,
    0x00, 0x02, 0x1C, 0x00, 0x00, 0x00, 0x00, 0x00, 0x00, 0x50, 0xC0, 0x00, 0x00, 0x00, 0x00, 0x00,
    0x05, 0x0E, 0x00, 0x00, 0x00, 0x00, 0x00, 0x00, 0x90, 0xB0, 0x00, 0x00, 0x00, 0x00, 0x00, 0x08,
    0x07, 0x80, 0x00, 0x00, 0x00, 0x00, 0x00, 0x80, 0x3C, 0x00, 0x00, 0x00, 0x00, 0x00, 0x08, 0x03,
    0xE0, 0x00, 0x00, 0x00, 0x0B, 0xE0, 0x80, 0x1F, 0x00, 0x00, 0x00, 0x00, 0xBD, 0x28, 0x00, 0xF8,
    0x00, 0x00, 0x00, 0x03, 0xC0, 0xA0, 0x0F, 0xC0, 0x00, 0x00, 0x00, 0x0D, 0x05, 0x10, 0x7E, 0x00,
    0x60, 0x00, 0x00, 0x34, 0x50, 0x83, 0xF0, 0x05, 0x00, 0x50, 0x00, 0x65, 0x02, 0x2F, 0x80, 0x10,
    0x0B, 0xF0, 0x00, 0xA0, 0x09, 0xFC, 0x02, 0x00, 0x7F, 0xC0, 0x02, 0x80, 0x2F, 0xF0, 0x10, 0x02,
    0xFD, 0x00, 0x20, 0x60, 0xFF, 0x45, 0x00, 0x07, 0x00, 0x06, 0x00, 0x2B, 0xFD, 0x80, 0x00, 0x0C,
    0x00, 0x90, 0x00, 0x2F, 0xE0, 0x00, 0x00, 0x09, 0xA4, 0x00, 0x00, 0x50, 0x00, 0x00, 0x00, 0x00,
    0x00, 0xBF, 0x40, 0x1B, 0xE0, 0x00, 0x7F, 0x40, 0x03, 0xE0, 0xD0, 0x0B, 0xD0, 0x00, 0xBD, 0x03,
    0x40, 0xF8, 0x00, 0x0F, 0xC0, 0x1C, 0x0F, 0x40, 0x01, 0xFC, 0x00, 0xE0, 0xF8, 0x00, 0x2F, 0xC0,
    0x07, 0x07, 0x80, 0x02, 0xFD, 0x00, 0x60, 0x2C, 0x00, 0x2F, 0xD0, 0x06, 0x00, 0xE0, 0x02, 0xFE,
    0x00, 0x50, 0x03, 0x40, 0x1F, 0xF0, 0x00, 0x00, 0x09, 0x00, 0xFF, 0x00, 0x00, 0x00, 0x08, 0x0F,
    0xF8, 0x50, 0x00, 0x00, 0x05, 0x7F, 0x50, 0x7F, 0x40, 0x00, 0x03, 0xFC, 0x0B, 0x42, 0x00, 0x00,
    0x0F, 0xD0, 0x30, 0x01, 0x00, 0x00, 0x7F, 0x02, 0x40, 0x04, 0x00, 0x01, 0xFC, 0x08, 0x00, 0x40,
    0x00, 0x03, 0xF0, 0x00, 0x02, 0x00, 0x00, 0x0B, 0xC0, 0x00, 0x60, 0x00, 0x00, 0x0B, 0xD0, 0x1E,
    0x00, 0x00, 0x00, 0x06, 0xFF, 0x80, 0x00, 0x00, 0x00, 0x00, 0x6F, 0xFE, 0x00, 0x00, 0x00, 0x7D,
    0x00, 0x1A, 0x00, 0x00, 0x7D, 0x00, 0x00, 0x09, 0x90, 0x2F, 0x00, 0x00, 0x00, 0xB0, 0x0B, 0xC0,
    0x00, 0x00, 0x38, 0x81, 0xF0, 0x00, 0x04, 0x0B, 0x08, 0x3D, 0x00, 0x01, 0x41, 0xD0, 0x57, 0xC0,
    0x00, 0x20, 0x3C, 0x02, 0xB4, 0x00, 0x02, 0x0F, 0x80, 0x2F, 0x00, 0x00, 0x91, 0xF4, 0x02, 0xF0,
    0x00, 0x18, 0x3F, 0x00, 0x2B, 0x40, 0x07, 0x07, 0xF0, 0x02, 0x3D, 0x06, 0x80, 0xFD, 0x00, 0x20,
    0xBF, 0x90, 0x1F, 0xC0, 0x05, 0x00, 0x00, 0x03, 0xF8, 0x00, 0x80, 0x00, 0x00, 0xBF, 0x00, 0x08,
    0x00, 0x00, 0x1F, 0xD0, 0x02, 0x03, 0xFD, 0x03, 0xF4, 0x00, 0x50, 0x80, 0x1E, 0xFD, 0x00, 0x18,
    0x09, 0x00, 0x7F, 0x80, 0x19, 0x00, 0x2F, 0xF9, 0x0B, 0xFE, 0x00, 0x00, 0x00, 0x28, 0x00, 0x1B,
    0xF8, 0x02, 0xD0, 0x01, 0xFE, 0x09, 0x0F, 0x00, 0x0F, 0xF0, 0x02, 0x3C, 0x00, 0x3F, 0xC0, 0x02,
    0x74, 0x00, 0xFF, 0x00, 0x04, 0xF0, 0x03, 0xFC, 0x00, 0x04, 0xE0, 0x07, 0xF4, 0x00, 0x20, 0xD0,
    0x0B, 0xE0, 0x01, 0x80, 0xA0, 0x0B, 0xC0, 0x09, 0x00, 0x30, 0x0B, 0xC0, 0x60, 0x00, 0x09, 0x07,
    0x46, 0x00, 0x2C, 0x01, 0x57, 0x90, 0x00, 0xF0, 0x00, 0x00, 0x80, 0x0B, 0xF0, 0x00, 0x00, 0x15,
    0x5B, 0xE0, 0x01, 0xF0, 0x00, 0x0F, 0xD0, 0x03, 0xF8, 0x00, 0x2F, 0xC0, 0x0B, 0xF4, 0x00, 0x7F,
    0x80, 0x0B, 0x40, 0x00, 0xFF, 0x00, 0x06, 0x00, 0x03, 0xFC, 0x00, 0x02, 0x00, 0x0F, 0xE0, 0x00,
    0x00, 0x55, 0xB9, 0x00, 0x00, 0x00, 0x00, 0x00, 0x00, 0x06, 0xBE, 0x00, 0x00, 0x00, 0x00, 0x6E,
    0x44, 0x00, 0x00, 0x00, 0x01, 0xF4, 0x08, 0x00, 0x00, 0x00, 0x03, 0xE0, 0x0D, 0x00, 0x00, 0x00,
    0x07, 0xC0, 0x0E, 0x00, 0x00, 0x00, 0x07, 0xC0, 0x0B, 0x00, 0x00, 0x00, 0x03, 0xC0, 0x07, 0xC0,
    0x00, 0x00, 0x02, 0xC0, 0x03, 0xD0, 0x00, 0x00, 0x00, 0xA0, 0x02, 0xF0, 0x00, 0x00, 0x00, 0x24,
    0x00, 0xF4, 0x00, 0x00, 0x00, 0x06, 0x00, 0xFC, 0x00, 0x00, 0x00, 0x00, 0xBD, 0x7D, 0x00, 0x00,
    0x00, 0x00, 0x00, 0x3F, 0x00, 0x00, 0x00, 0x00, 0x00, 0x2F, 0x40, 0x00, 0x00, 0x00, 0x00, 0x0F,
    0xF8, 0x00, 0x00, 0x00, 0x00, 0x0F, 0xD1, 0x80, 0x00, 0x00, 0x04, 0x07, 0xF0, 0x20, 0x00, 0x00,
    0x24, 0x03, 0xF0, 0x04, 0x00, 0x00, 0x70, 0x03, 0xF4, 0x00, 0x00, 0x00, 0x70, 0x02, 0xF8, 0x04,
    0x00, 0x00, 0x30, 0x01, 0xF8, 0x64, 0x00, 0x00, 0x34, 0x00, 0xF8, 0x00, 0x00, 0x00, 0x0C, 0x01,
    0xF4, 0x00, 0x00, 0x00, 0x03, 0x42, 0xE0, 0x00, 0x00, 0x00, 0x00, 0x3F, 0x80, 0x00, 0x00, 0x00,
    0x00, 0x00, 0x00, 0x00, 0x00, 0x00, 0x00, 0x00, 0x00, 0x09, 0x00, 0x00, 0x00, 0x00, 0x00, 0x08,
    0x00, 0x28, 0x00, 0x00, 0x00, 0x00, 0x00, 0x18, 0x00, 0x34, 0x00, 0x00, 0x00, 0x1A, 0x40, 0x1C,
    0x00, 0x78, 0x00, 0x00, 0x00, 0x61, 0xE0, 0x2E, 0x00, 0x3C, 0x00, 0x00, 0x00, 0x90, 0xF4, 0x3F,
    0x00, 0x3E, 0x00, 0x00, 0x00, 0x80, 0xB8, 0xAB, 0x80, 0x2F, 0x00, 0x00, 0x00, 0x80, 0x1F, 0x83,
    0xD0, 0x1F, 0x00, 0x00, 0x00, 0x00, 0x00, 0x03, 0xF0, 0x0F, 0x00, 0x00, 0x00, 0x00, 0x00, 0x01,
    0xF8, 0x0E, 0x00, 0x00, 0x00, 0x00, 0x00, 0x00, 0xFD, 0xBC, 0x00, 0x00, 0x00, 0x00, 0x00, 0x00,
    0x7F, 0x03, 0x80, 0x00, 0x00, 0x00, 0x00, 0x00, 0x3F, 0x80, 0xF0, 0x00, 0x20, 0x00, 0x00, 0x00,
    0x1F, 0xC0, 0x7D, 0x00, 0x20, 0x00, 0x50, 0x00, 0x0F, 0xE0, 0x3F, 0x00, 0x20, 0x00, 0xBF, 0x00,
    0x07, 0xF0, 0x1F, 0xC0, 0x20, 0x00, 0x3F, 0xC0, 0x03, 0xF4, 0x0F, 0xF0, 0x20, 0x00, 0x0E, 0x40,
    0x02, 0xF8, 0x03, 0xF8, 0x20, 0x00, 0x03, 0x00, 0x02, 0xF8, 0x01, 0xFD, 0x20, 0x00, 0x00, 0x50,
    0x02, 0xF4, 0x00, 0x3F, 0xF0, 0x00, 0x00, 0x06, 0xAB, 0x90, 0x00, 0x07, 0xE0, 0x00, 0x00, 0x00,
    0x00, 0x00, 0x00, 0x00, 0x00, 0x60, 0x00, 0x00, 0x00, 0x00, 0x00, 0x00, 0x1D, 0x00, 0x00, 0x00,
    0x00, 0x00, 0x00, 0x06, 0xD0, 0x00, 0x00, 0x00, 0x00, 0x00, 0x00, 0xAC, 0x00, 0x04, 0x00, 0x00,
    0x00, 0x00, 0x23, 0xC0, 0x03, 0xD0, 0x00, 0x00, 0x00, 0x05, 0x7C, 0x00, 0xB4, 0x00, 0x00, 0x00,
    0x00, 0x8B, 0xC0, 0x08, 0x00, 0x00, 0x00, 0x00, 0x10, 0xBC, 0x02, 0x00, 0x00, 0x00, 0x00, 0x02,
    0x0F, 0xC0, 0x10, 0x00, 0x00, 0x00, 0x00, 0x40, 0xFC, 0x08, 0x00, 0x00, 0x00, 0x00, 0x08, 0x0F,
    0xC0, 0x80, 0x00, 0x00, 0x00, 0x01, 0x00, 0xFC, 0x10, 0x00, 0x00, 0x00, 0x00, 0x20, 0x0F, 0xC2,
    0x00, 0x00, 0x00, 0x00, 0x08, 0x00, 0xFD, 0x50, 0x00, 0x06, 0x00, 0x00, 0x40, 0x0F, 0xD8, 0x00,
    0x02, 0xFC, 0x00, 0x20, 0x00, 0xFE, 0x40, 0x00, 0x3F, 0xC0, 0x04, 0x00, 0x0F, 0xF0, 0x00, 0x03,
    0xE0, 0x01, 0x40, 0x00, 0xBF, 0x00, 0x00, 0x30, 0x00, 0x50, 0x00, 0x0B, 0xF0, 0x00, 0x02, 0x00,
    0x14, 0x00, 0x00, 0x7F, 0x00, 0x00, 0x09, 0x54, 0x00, 0x00, 0x07, 0x40, 0x00, 0x00, 0x00, 0x00,
    0x00, 0x00, 0x00, 0x00, 0x00, 0x00, 0x00, 0x00, 0x1B, 0xF8, 0x00, 0x00, 0x00, 0xBE, 0x00, 0x80,
    0x00, 0x01, 0xF8, 0x00, 0x14, 0x00, 0x02, 0xF4, 0x2F, 0x40, 0x00, 0x03, 0xF4, 0x74, 0x30, 0x00,
    0x07, 0xF4, 0x70, 0x09, 0x00, 0x07, 0xF8, 0x30, 0x03, 0x40, 0x07, 0xFC, 0x30, 0x00, 0xC0, 0x03,
    0xFC, 0x14, 0x00, 0x70, 0x03, 0xFE, 0x0C, 0x00, 0x34, 0x01, 0xFF, 0x09, 0x00, 0x1C, 0x00, 0xFF,
    0x42, 0x00, 0x0D, 0x00, 0x7F, 0xC2, 0x40, 0x07, 0x00, 0x2F, 0xD0, 0xC0, 0x03, 0x00, 0x0B, 0xF0,
    0x50, 0x03, 0x40, 0x03, 0xF4, 0x20, 0x02, 0x80, 0x00, 0xFC, 0x08, 0x02, 0x80, 0x00, 0x2F, 0x00,
    0x02, 0x80, 0x00, 0x03, 0xC0, 0x03, 0x80, 0x00, 0x00, 0x78, 0x0B, 0x40, 0x00, 0x00, 0x07, 0xFD,
    0x00, 0x00, 0x00, 0x00, 0x00, 0x00, 0x00, 0x15, 0x55, 0x54, 0x64, 0x00, 0x00, 0x05, 0x00, 0x00,
    0x1E, 0x00, 0x00, 0x01, 0x40, 0x00, 0x03, 0x0F, 0x00, 0x00, 0x50, 0x02, 0x00, 0x70, 0x2D, 0x00,
    0x05, 0x00, 0x0C, 0x07, 0x80, 0xB8, 0x00, 0x50, 0x00, 0x60, 0x3C, 0x03, 0xF0, 0x01, 0x00, 0x03,
    0x83, 0xD0, 0x0F, 0x80, 0x10, 0x00, 0x2C, 0x2F, 0x00, 0xBC, 0x00, 0x80, 0x01, 0xF1, 0xF8, 0x07,
    0xD0, 0x02, 0x00, 0x1F, 0x0F, 0xD0, 0x7C, 0x00, 0x02, 0x06, 0xF0, 0x7F, 0x06, 0x40, 0x00, 0x02,
    0xFE, 0x03, 0xF9, 0x40, 0x00, 0x00, 0x00, 0x06, 0xAF, 0xC0, 0x00, 0x00, 0x00, 0x00, 0x00, 0xFE,
    0x00, 0x00, 0x00, 0x10, 0x00, 0x07, 0xF0, 0x00, 0x00, 0x07, 0xE0, 0x00, 0x3F, 0x80, 0x00, 0x00,
    0x3F, 0xC0, 0x01, 0xFC, 0x00, 0x00, 0x00, 0xF9, 0x00, 0x0F, 0xC0, 0x00, 0x00, 0x03, 0x00, 0x00,
    0xF8, 0x00, 0x00, 0x00, 0x06, 0x00, 0x1F, 0x40, 0x00, 0x00, 0x00, 0x02, 0x5A, 0x90, 0x00, 0x00,
    0x00, 0x00, 0x00, 0x00, 0x00, 0x2F, 0xF8, 0x00, 0x00, 0x00, 0x0B, 0x40, 0xBD, 0x00, 0x00, 0x02,
    0xD0, 0x00, 0xFC, 0x00, 0x00, 0x34, 0x00, 0x02, 0xF8, 0x00, 0x03, 0x40, 0x20, 0x0B, 0xF0, 0x00,
    0x30, 0x00, 0xD0, 0x3F, 0xC0, 0x02, 0x00, 0x03, 0x40, 0xFF, 0x00, 0x14, 0x00, 0x1C, 0x07, 0xF8,
    0x00, 0x80, 0x00, 0xF0, 0x3F, 0xC0, 0x01, 0x00, 0x0B, 0xC1, 0xFE, 0x00, 0x14, 0x00, 0x7D, 0x0F,
    0xF0, 0x00, 0x10, 0x07, 0xE0, 0x7F, 0x00, 0x00, 0x90, 0xBE, 0x03, 0xF4, 0x00, 0x00, 0xBF, 0x80,
    0x3F, 0x40, 0x00, 0x00, 0x00, 0x02, 0xF0, 0x00, 0x40, 0x00, 0x00, 0x1F, 0x00, 0x08, 0x00, 0x00,
    0x01, 0xE0, 0x00, 0x80, 0x2F, 0xFA, 0x5D, 0x00, 0x18, 0x02, 0x01, 0xBF, 0xF9, 0x17, 0x80, 0x08,
    0x06, 0x9F, 0xFF, 0xF4, 0x00, 0x2F, 0xE4, 0x06, 0xFE, 0x00, 0x00, 0x00, 0x00, 0x00, 0x1A, 0x94,
    0x06, 0x54, 0x00, 0x00, 0x01, 0xE4, 0x00, 0x28, 0x08, 0x00, 0x00, 0x0B, 0x40, 0x00, 0xE0, 0x09,
    0x00, 0x00, 0x3D, 0x00, 0x03, 0xC0, 0x0D, 0x00, 0x00, 0xB4, 0x00, 0x0B, 0x00, 0x1C, 0x00, 0x00,
    0xF0, 0x00, 0x1E, 0x00, 0x34, 0x00, 0x01, 0xD0, 0x00, 0x3D, 0x00, 0xA0, 0x00, 0x02, 0xC0, 0x00,
    0xFC, 0x01, 0xC0, 0x00, 0x02, 0xC0, 0x01, 0xF8, 0x06, 0x00, 0x00, 0x00, 0xC0, 0x03, 0xF0, 0x24,
    0x00, 0x00, 0x00, 0xA0, 0x07, 0xF1, 0x80, 0x00, 0x00, 0x00, 0x28, 0x0F, 0xF4, 0x00, 0x00, 0x00,
    0x00, 0x01, 0x6F, 0xC0, 0x00, 0x00, 0x00, 0x00, 0x00, 0x2F, 0xC0, 0x00, 0x00, 0x05, 0x00, 0x00,
    0x3F, 0x40, 0x00, 0x00, 0x2F, 0xC0, 0x00, 0xBE, 0x00, 0x00, 0x00, 0x3F, 0xC0, 0x00, 0xFC, 0x00,
    0x00, 0x00, 0x39, 0x00, 0x03, 0xF0, 0x00, 0x00, 0x00, 0x30, 0x00, 0x0F, 0xC0, 0x00, 0x00, 0x00,
    0x14, 0x00, 0x7D, 0x00, 0x00, 0x00, 0x00, 0x01, 0x5A, 0x90, 0x00, 0x00, 0x00, 0x00, 0x00, 0x00,
    0x00, 0x1B, 0xFF, 0xE4, 0x04, 0x00, 0x00, 0x01, 0x90, 0x06, 0xFF, 0xFC, 0x00, 0x00, 0x08, 0x00,
    0x00, 0x1F, 0xE0, 0x00, 0x00, 0x50, 0x10, 0x00, 0x40, 0x00, 0x00, 0x01, 0x40, 0x24, 0x02, 0x80,
    0x00, 0x00, 0x01, 0x00, 0x24, 0x07, 0x00, 0x00, 0x00, 0x08, 0x00, 0x34, 0x1F, 0x00, 0x00, 0x00,
    0x04, 0x00, 0xB0, 0x3E, 0x00, 0x00, 0x00, 0x10, 0x00, 0xE0, 0xBD, 0x00, 0x00, 0x00, 0x10, 0x03,
    0xC0, 0xFC, 0x00, 0x00, 0x00, 0x08, 0x1F, 0x42, 0xFC, 0x00, 0x00, 0x00, 0x02, 0xF8, 0x03, 0xF8,
    0x00, 0x00, 0x00, 0x00, 0x00, 0x07, 0xF4, 0x00, 0x00, 0x00, 0x00, 0x00, 0x0F, 0xF0, 0x00, 0x00,
    0x1F, 0x80, 0x00, 0x1F, 0xD0, 0x00, 0x00, 0x3F, 0xC0, 0x00, 0x3F, 0xC0, 0x00, 0x00, 0x3F, 0x40,
    0x00, 0xBF, 0x40, 0x00, 0x00, 0x30, 0x00, 0x02, 0xFD, 0x00, 0x00, 0x00, 0x30, 0x00, 0x0B, 0xF4,
    0x00, 0x00, 0x00, 0x0D, 0x00, 0x7F, 0x80, 0x00, 0x00, 0x00, 0x01, 0xFF, 0xE4, 0x00, 0x00, 0x00,
    0x00, 0x00, 0x00, 0x1A, 0xA4, 0x00, 0x00, 0x00, 0x00, 0x00, 0x90, 0x03, 0x80, 0x00, 0x1B, 0xC0,
    0x01, 0x40, 0x00, 0x74, 0x00, 0x0F, 0xE0, 0x02, 0x40, 0x00, 0x0F, 0x00, 0x0B, 0xF0, 0x02, 0x00,
    0x50, 0x07, 0xC0, 0x03, 0xF4, 0x01, 0x00, 0x18, 0x03, 0xF0, 0x02, 0xFC, 0x00, 0x40, 0x0A, 0x01,
    0xF8, 0x01, 0xFD, 0x00, 0x80, 0x03, 0x80, 0xFD, 0x00, 0xFE, 0x00, 0x40, 0x01, 0xD0, 0xBF, 0x00,
    0x7F, 0x00, 0x20, 0x00, 0xF0, 0x7F, 0x40, 0x3F, 0x80, 0x08, 0x00, 0xB8, 0x3F, 0x80, 0x2F, 0xC0,
    0x02, 0x00, 0x7C, 0x2F, 0xC0, 0x1F, 0xD0, 0x00, 0x90, 0xBC, 0x1F, 0xD0, 0x0F, 0xF0, 0x00, 0x0B,
    0xF4, 0x0F, 0xF0, 0x0B, 0xF0, 0x00, 0x00, 0x00, 0x0B, 0xF0, 0x03, 0xF8, 0x00, 0x00, 0x00, 0x03,
    0xF4, 0x02, 0xFC, 0x00, 0x00, 0x00, 0x02, 0xF8, 0x02, 0xBE, 0x00, 0x40, 0x00, 0x00, 0xBC, 0x01,
    0x7F, 0x00, 0x80, 0x00, 0x00, 0x2E, 0x00, 0x8F, 0x80, 0x80, 0x00, 0x00, 0x07, 0x41, 0x83, 0xD1,
    0x80, 0x00, 0x00, 0x00, 0x6A, 0x40, 0x7A, 0x40, 0x00, 0x00, 0x00, 0x00, 0x00, 0x01, 0x00, 0x02,
    0x00, 0x0B, 0x80, 0x02, 0x40, 0x02, 0x00, 0x0D, 0x70, 0x02, 0x80, 0x02, 0x00, 0x08, 0x3C, 0x03,
    0xC0, 0x02, 0x00, 0x08, 0x2D, 0x06, 0xE0, 0x01, 0x40, 0x08, 0x0F, 0x09, 0xB4, 0x00, 0x80, 0x04,
    0x07, 0x58, 0x7C, 0x00, 0x80, 0x00, 0x00, 0xF4, 0x3E, 0x00, 0x10, 0x00, 0x00, 0x00, 0x1F, 0x40,
    0x20, 0x00, 0x00, 0x00, 0x0F, 0xC0, 0x14, 0x00, 0x00, 0x00, 0x07, 0xE0, 0x08, 0x00, 0x00, 0x00,
    0x02, 0xF4, 0x08, 0x00, 0x00, 0x00, 0x00, 0xFC, 0x05, 0x00, 0x00, 0x00, 0x00, 0x7E, 0x02, 0x00,
    0x00, 0x00, 0x00, 0x1F, 0x42, 0x00, 0x00, 0x00, 0x00, 0x0B, 0x82, 0x00, 0x00, 0x00, 0x00, 0x03,
    0xC2, 0x00, 0x00, 0x00, 0x00, 0x00, 0xE2, 0x00, 0x00, 0x00, 0x00, 0x00, 0x72, 0x00, 0x00, 0x00,
    0x00, 0x00, 0x39, 0x00, 0x00, 0x00, 0x00, 0x00, 0x18, 0x00, 0x00, 0x00, 0x00, 0x00, 0x00, 0x00,
    0x1F, 0xF4, 0x00, 0x00, 0x08, 0x00, 0x00, 0x00, 0xB4, 0x0B, 0x80, 0x00, 0x0B, 0x00, 0x00, 0x01,
    0xD0, 0x00, 0xF4, 0x00, 0x07, 0x40, 0x00, 0x02, 0x80, 0x00, 0x3F, 0x00, 0x07, 0xC0, 0x00, 0x02,
    0x40, 0x20, 0x0F, 0xC0, 0x03, 0xD0, 0x00, 0x02, 0x40, 0x0C, 0x03, 0xF0, 0x03, 0xF0, 0x00, 0x81,
    0x40, 0x07, 0x01, 0xFC, 0x03, 0xB8, 0x00, 0x80, 0x80, 0x03, 0xC0, 0xBE, 0x02, 0x7C, 0x01, 0x80,
    0x40, 0x01, 0xE0, 0x3F, 0x42, 0x6F, 0x00, 0x80, 0x20, 0x00, 0xF4, 0x2F, 0x82, 0x5F, 0x40, 0x80,
    0x08, 0x00, 0xBC, 0x0F, 0xC1, 0x4F, 0xC0, 0x80, 0x02, 0x00, 0xBC, 0x0F, 0xD2, 0x4B, 0xE0, 0x80,
    0x00, 0x90, 0xFD, 0x07, 0xD2, 0x43, 0xF0, 0x50, 0x00, 0x07, 0xF8, 0x03, 0xE2, 0x41, 0xFC, 0x20,
    0x00, 0x00, 0x00, 0x03, 0xE2, 0x00, 0xFD, 0x30, 0x00, 0x00, 0x00, 0x03, 0xE2, 0x00, 0x3F, 0x24,
    0x00, 0x00, 0x00, 0x02, 0xD6, 0x00, 0x0F, 0x88, 0x00, 0x00, 0x00, 0x02, 0xD8, 0x00, 0x07, 0xDC,
    0x00, 0x00, 0x00, 0x02, 0xE4, 0x00, 0x00, 0xFA, 0x00, 0x00, 0x00, 0x02, 0xE0, 0x00, 0x00, 0x3F,
    0x00, 0x00, 0x00, 0x01, 0xD0, 0x00, 0x00, 0x07, 0x00, 0x00, 0x00, 0x00, 0x00, 0x00, 0x00, 0xBF,
    0x90, 0x00, 0x00, 0x00, 0x00, 0x0B, 0x40, 0xB8, 0x01, 0xF8, 0x00, 0x00, 0x34, 0x00, 0x3C, 0x06,
    0xFD, 0x00, 0x01, 0xC0, 0x10, 0x3E, 0x08, 0xFD, 0x00, 0x03, 0x00, 0x60, 0x3E, 0x20, 0xB8, 0x00,
    0x08, 0x00, 0x60, 0x3E, 0x40, 0x00, 0x00, 0x20, 0x00, 0xA0, 0x7E, 0x40, 0x00, 0x00, 0x50, 0x00,
    0xE0, 0xBE, 0x00, 0x00, 0x00, 0x80, 0x02, 0xD0, 0xFD, 0x00, 0x00, 0x00, 0x40, 0x03, 0xC1, 0xFC,
    0x00, 0x00, 0x00, 0x40, 0x0B, 0x43, 0xF4, 0x00, 0x00, 0x00, 0x40, 0x2E, 0x0B, 0xF0, 0x00, 0x00,
    0x00, 0x90, 0xB8, 0x0F, 0xD0, 0x00, 0x40, 0x00, 0x2F, 0xD0, 0x3F, 0xC0, 0x02, 0x00, 0x00, 0x00,
    0x00, 0xBF, 0x40, 0x08, 0x00, 0x0B, 0x80, 0x01, 0xFD, 0x00, 0x24, 0x00, 0x3F, 0xC0, 0x07, 0xF1,
    0x00, 0x90, 0x00, 0x27, 0xC0, 0x1F, 0xC1, 0x02, 0x40, 0x00, 0x20, 0x00, 0x7E, 0x05, 0x0A, 0x00,
    0x00, 0x28, 0x07, 0xF0, 0x06, 0x28, 0x00, 0x00, 0x07, 0xFE, 0x00, 0x03, 0xD0, 0x00, 0x00, 0x00,
    0x01, 0xBF, 0x40, 0x00, 0x01, 0x80, 0x03, 0x90, 0x78, 0x00, 0x01, 0xD0, 0x0A, 0x00, 0x0F, 0x00,
    0x01, 0xC0, 0x09, 0x00, 0x03, 0xD0, 0x01, 0xD0, 0x08, 0x02, 0x01, 0xF0, 0x01, 0xF0, 0x08, 0x00,
    0xC0, 0xFC, 0x00, 0xF4, 0x05, 0x00, 0xA0, 0xFD, 0x00, 0xFC, 0x01, 0x00, 0x74, 0xBF, 0x00, 0xFD,
    0x00, 0x40, 0x78, 0x3F, 0x00, 0xBF, 0x00, 0x20, 0xBC, 0x2F, 0x40, 0x6F, 0x80, 0x07, 0xF4, 0x0F,
    0xC0, 0x5F, 0xC0, 0x00, 0x00, 0x03, 0xC0, 0x5B, 0xE0, 0x00, 0x00, 0x00, 0xF0, 0x93, 0xF4, 0x00,
    0x00, 0x00, 0x0A, 0x42, 0xFC, 0x00, 0x00, 0x14, 0x00, 0x01, 0xFD, 0x00, 0x00, 0x3F, 0x80, 0x00,
    0xFE, 0x00, 0x00, 0x1F, 0xE0, 0x00, 0x7F, 0x00, 0x00, 0x07, 0x90, 0x00, 0x3F, 0x00, 0x00, 0x00,
    0xC0, 0x00, 0x3F, 0x00, 0x00, 0x00, 0x24, 0x00, 0x7E, 0x00, 0x00, 0x00, 0x01, 0xAA, 0xE4, 0x00,
    0x00, 0x00, 0x00, 0x00, 0x00, 0x2F, 0xE4, 0x00, 0x0E, 0x00, 0x01, 0xFF, 0xFF, 0x00, 0x22, 0x00,
    0x0B, 0x41, 0xBF, 0xC0, 0x41, 0x00, 0x08, 0x00, 0x0B, 0xF4, 0x94, 0x00, 0x20, 0x00, 0x00, 0xAB,
    0x80, 0x00, 0x20, 0x00, 0x00, 0x02, 0x00, 0x00, 0x10, 0x00, 0x00, 0x05, 0x00, 0x00, 0x50, 0x00,
    0x00, 0x08, 0x00, 0x00, 0x10, 0x00, 0x00, 0x20, 0x00, 0x00, 0x00, 0x00, 0x00, 0x50, 0x00, 0x00,
    0x00, 0x00, 0x00, 0x40, 0x00, 0x00, 0x00, 0x2F, 0x85, 0x00, 0x00, 0x00, 0x01, 0x80, 0x3C, 0x00,
    0x04, 0x00, 0x02, 0x02, 0x8E, 0x00, 0x10, 0x00, 0x00, 0xF9, 0x0F, 0x40, 0x40, 0x00, 0x00, 0x00,
    0x0F, 0x81, 0x00, 0x00, 0x00, 0x00, 0x2F, 0x94, 0x00, 0x00, 0x00, 0x00, 0x3F, 0x80, 0x00, 0x00,
    0x00, 0x06, 0xFF, 0x00, 0x00, 0x00, 0x01, 0xB9, 0xFE, 0x00, 0x00, 0x00, 0x2D, 0x02, 0xFC, 0x00,
    0x00, 0x01, 0x90, 0x03, 0xF4, 0x00, 0x00, 0x09, 0x00, 0x0F, 0xD0, 0x00, 0x00, 0x14, 0x00, 0x2F,
    0x80, 0x00, 0x00, 0x20, 0x00, 0x7E, 0x00, 0x00, 0x00, 0x10, 0x01, 0xF8, 0x00, 0x00, 0x00, 0x50,
    0x07, 0xD0, 0x00, 0x00, 0x00, 0x34, 0x2E, 0x00, 0x00, 0x00, 0x00, 0x1F, 0xE0, 0x00, 0x00, 0x00,
    0x00, 0x00, 0x02, 0xFF, 0x80, 0x00, 0x00, 0x00, 0xFF, 0xF0, 0x00, 0x00, 0x00, 0x7E, 0x2D, 0x00,
    0x00, 0x00, 0x2F, 0xC3, 0x80, 0x00, 0x00, 0x0F, 0x74, 0xB0, 0x00, 0x00, 0x07, 0x4E, 0x1D, 0x00,
    0x00, 0x02, 0xC2, 0xC3, 0xC0, 0x00, 0x00, 0xE0, 0x74, 0x70, 0x00, 0x00, 0x74, 0x0F, 0x0E, 0x00,
    0x00, 0x3C, 0x01, 0xD2, 0xC0, 0x00, 0x0E, 0x00, 0x38, 0x74, 0x00, 0x0B, 0x40, 0x0B, 0x0E, 0x00,
    0x03, 0xC0, 0x01, 0xD2, 0xC0, 0x00, 0xFF, 0xFF, 0xFC, 0x34, 0x00, 0xBF, 0xFF, 0xFF, 0x0B, 0x00,
    0x3C, 0x00, 0x01, 0xE1, 0xC0, 0x1E, 0x00, 0x00, 0x3C, 0x38, 0x0B, 0x00, 0x00, 0x0B, 0x4B, 0x03,
    0xC0, 0x00, 0x00, 0xF1, 0xD1, 0xD0, 0x00, 0x00, 0x2F, 0xF8, 0xB0, 0x00, 0x00, 0x07, 0xFF, 0x00,
    0xFF, 0xFF, 0xFF, 0x80, 0xFF, 0xFF, 0xFF, 0xF8, 0xF1, 0xD0, 0x0E, 0xBD, 0xF1, 0xD0, 0x0E, 0x0E,
    0xF1, 0xD0, 0x0E, 0x0F, 0xF1, 0xD0, 0x0E, 0x0B, 0xF1, 0xD0, 0x0E, 0x0F, 0xF1, 0xD0, 0x0E, 0x0E,
    0xF1, 0xD0, 0x0E, 0x7C, 0xF1, 0xFF, 0xFF, 0xF0, 0xF1, 0xFF, 0xFF, 0xE0, 0xF1, 0xD0, 0x0E, 0xBC,
    0xF1, 0xD0, 0x0E, 0x1D, 0xF1, 0xD0, 0x0E, 0x0E, 0xF1, 0xD0, 0x0E, 0x0B, 0xF1, 0xD0, 0x0E, 0x0B,
    0xF1, 0xD0, 0x0E, 0x0F, 0xF1, 0xD0, 0x0E, 0x1E, 0xF1, 0xD0, 0x0E, 0xBC, 0xFF, 0xFF, 0xFF, 0xF4,
    0xFF, 0xFF, 0xFF, 0x80, 0xFF, 0xFF, 0xF9, 0x00, 0x0F, 0xFF, 0xFF, 0xFD, 0x00, 0xF1, 0xD0, 0x17,
    0xF8, 0x0F, 0x1D, 0x00, 0x0F, 0xE0, 0xF1, 0xD0, 0x00, 0xEF, 0x4F, 0x1D, 0x00, 0x0E, 0x3C, 0xF1,
    0xD0, 0x00, 0xE2, 0xCF, 0x1D, 0x00, 0x0E, 0x0D, 0xF1, 0xD0, 0x00, 0xE0, 0xEF, 0x1D, 0x00, 0x0E,
    0x0E, 0xF1, 0xD0, 0x00, 0xE0, 0xFF, 0x1D, 0x00, 0x0E, 0x0E, 0xF1, 0xD0, 0x00, 0xE0, 0xEF, 0x1D,
    0x00, 0x0E, 0x0D, 0xF1, 0xD0, 0x00, 0xE1, 0xCF, 0x1D, 0x00, 0x0E, 0x3C, 0xF1, 0xD0, 0x00, 0xEB,
    0x4F, 0x1D, 0x00, 0x0F, 0xF0, 0xF1, 0xD0, 0x06, 0xFC, 0x0F, 0xFF, 0xFF, 0xFE, 0x00, 0xFF, 0xFF,
    0xF9, 0x00, 0x00, 0xFF, 0xFF, 0xFF, 0xFF, 0xFF, 0xFF, 0xFF, 0x1D, 0x00, 0x03, 0xC7, 0x40, 0x00,
    0xF1, 0xD0, 0x00, 0x3C, 0x74, 0x00, 0x0F, 0x1D, 0x00, 0x03, 0xC7, 0x40, 0x00, 0xF1, 0xD0, 0x00,
    0x3C, 0x7F, 0xFF, 0x8F, 0x1F, 0xFF, 0xE3, 0xC7, 0x40, 0x00, 0xF1, 0xD0, 0x00, 0x3C, 0x74, 0x00,
    0x0F, 0x1D, 0x00, 0x03, 0xC7, 0x40, 0x00, 0xF1, 0xD0, 0x00, 0x3C, 0x74, 0x00, 0x0F, 0x1D, 0x00,
    0x03, 0xFF, 0xFF, 0xFF, 0xFF, 0xFF, 0xFF, 0xC0, 0xFF, 0xFF, 0xFF, 0xFF, 0xFF, 0xFF, 0xFF, 0x1D,
    0x00, 0x03, 0xC7, 0x40, 0x00, 0xF1, 0xD0, 0x00, 0x3C, 0x74, 0x00, 0x0F, 0x1D, 0x00, 0x03, 0xC7,
    0x40, 0x00, 0xF1, 0xD0, 0x00, 0x3C, 0x7F, 0xFF, 0x0F, 0x1F, 0xFF, 0xC3, 0xC7, 0x40, 0x00, 0xF1,
    0xD0, 0x00, 0x3C, 0x74, 0x00, 0x0F, 0x1D, 0x00, 0x03, 0xC7, 0x40, 0x00, 0xF1, 0xD0, 0x00, 0x3C,
    0x74, 0x00, 0x0F, 0x1D, 0x00, 0x03, 0xFF, 0x40, 0x00, 0xFF, 0xD0, 0x00, 0x00, 0x00, 0x02, 0xFF,
    0xF9, 0x00, 0x02, 0xFF, 0xFF, 0xFC, 0x01, 0xF9, 0x00, 0x01, 0x80, 0x7F, 0x00, 0x00, 0x00, 0x0F,
    0xB0, 0x00, 0x00, 0x02, 0xCB, 0x00, 0x00, 0x00, 0x38, 0xB0, 0x00, 0x00, 0x03, 0x4B, 0x00, 0x00,
    0x00, 0x70, 0xB0, 0x00, 0x00, 0x07, 0x0B, 0x01, 0xFF, 0xFE, 0xB0, 0xB0, 0x1F, 0xFF, 0xE7, 0x0B,
    0x00, 0x07, 0x0E, 0x70, 0xB0, 0x00, 0x70, 0xE3, 0x4B, 0x00, 0x07, 0x0E, 0x3C, 0xB0, 0x00, 0x70,
    0xE2, 0xDB, 0x00, 0x07, 0x0E, 0x0F, 0xB0, 0x00, 0x70, 0xE0, 0xBF, 0x00, 0x07, 0x0E, 0x02, 0xF9,
    0x00, 0x75, 0xE0, 0x07, 0xFF, 0xFF, 0xFE, 0x00, 0x06, 0xFF, 0xF9, 0x00, 0xFF, 0xDF, 0xFD, 0xF1,
    0xDF, 0x1D, 0xF1, 0xDF, 0x1D, 0xF1, 0xDF, 0x1D, 0xF1, 0xDF, 0x1D, 0xF1, 0xDF, 0x1D, 0xF1, 0xDF,
    0x1D, 0xF1, 0xDF, 0x1D, 0xF1, 0xDF, 0x1D, 0xF1, 0xDF, 0xFD, 0xFF, 0xD0, 0x00, 0x3F, 0xF0, 0x03,
    0xFF, 0x00, 0x38, 0xB0, 0x03, 0x8B, 0x00, 0x38, 0xB0, 0x03, 0x8B, 0x00, 0x38, 0xB0, 0x03, 0x8B,
    0x00, 0x38, 0xB0, 0x03, 0x8B, 0x00, 0x38, 0xB0, 0x03, 0x8B, 0x00, 0x38, 0xB0, 0x03, 0x8B, 0x00,
    0x38, 0xB0, 0x03, 0x8B, 0x00, 0x38, 0xE0, 0x03, 0x8D, 0x00, 0x3A, 0xCD, 0x43, 0xF4, 0xBF, 0xF8,
    0x00, 0xFF, 0xD0, 0x00, 0x2D, 0x3E, 0xB4, 0x00, 0x2D, 0x0F, 0x1D, 0x00, 0x2D, 0x03, 0xC7, 0x40,
    0x2D, 0x00, 0xF1, 0xD0, 0x2E, 0x00, 0x3C, 0x74, 0x2E, 0x00, 0x0F, 0x1D, 0x2E, 0x00, 0x03, 0xC7,
    0x6F, 0x00, 0x00, 0xF1, 0xFE, 0xE0, 0x00, 0x3C, 0x7E, 0x2C, 0x00, 0x0F, 0x1F, 0x83, 0x80, 0x03,
    0xC7, 0xB4, 0x74, 0x00, 0xF1, 0xDF, 0x0F, 0x00, 0x3C, 0x75, 0xD1, 0xE0, 0x0F, 0x1D, 0x2C, 0x2C,
    0x03, 0xC7, 0x43, 0x83, 0x80, 0xF1, 0xD0, 0x70, 0x74, 0x3C, 0x74, 0x0F, 0x0F, 0x0F, 0x1D, 0x01,
    0xD1, 0xE3, 0xEB, 0x40, 0x2E, 0xBC, 0xFF, 0xD0, 0x03, 0xFF, 0x80, 0xFF, 0xD0, 0x00, 0x3F, 0xF4,
    0x00, 0x0F, 0x1D, 0x00, 0x03, 0xC7, 0x40, 0x00, 0xF1, 0xD0, 0x00, 0x3C, 0x74, 0x00, 0x0F, 0x1D,
    0x00, 0x03, 0xC7, 0x40, 0x00, 0xF1, 0xD0, 0x00, 0x3C, 0x74, 0x00, 0x0F, 0x1D, 0x00, 0x03, 0xC7,
    0x40, 0x00, 0xF1, 0xD0, 0x00, 0x3C, 0x74, 0x00, 0x0F, 0x1D, 0x00, 0x03, 0xC7, 0x40, 0x00, 0xF1,
    0xD0, 0x00, 0x3C, 0x74, 0x00, 0x0F, 0x1D, 0x00, 0x03, 0xFF, 0xFF, 0xFF, 0xFF, 0xFF, 0xFF, 0xC0,
    0xFF, 0xF0, 0x00, 0x00, 0x3F, 0xF7, 0xFF, 0xC0, 0x00, 0x00, 0xFF, 0xDF, 0x87, 0x80, 0x00, 0x0B,
    0xC7, 0x7F, 0x0F, 0x00, 0x00, 0x3F, 0x0D, 0xFD, 0x1D, 0x00, 0x00, 0xFC, 0x37, 0xFC, 0x38, 0x00,
    0x0B, 0xF0, 0xDF, 0xB0, 0xB0, 0x00, 0x3E, 0xC3, 0x7C, 0xE1, 0xD0, 0x00, 0xEB, 0x0D, 0xF2, 0xC3,
    0xC0, 0x0B, 0x6C, 0x37, 0xC7, 0x4B, 0x00, 0x3C, 0xB0, 0xDF, 0x0F, 0x0E, 0x00, 0xE2, 0xC3, 0x7C,
    0x2C, 0x3C, 0x0B, 0x0B, 0x0D, 0xF0, 0x38, 0x74, 0x3C, 0x2C, 0x37, 0xC0, 0xF0, 0xE1, 0xE0, 0xB0,
    0xDF, 0x01, 0xD2, 0xCB, 0x02, 0xC3, 0x7C, 0x03, 0xC3, 0x7C, 0x0B, 0x0D, 0xF0, 0x0B, 0x0F, 0xD0,
    0x2C, 0x37, 0xC0, 0x1F, 0xFF, 0x00, 0xB0, 0xDF, 0x00, 0x3F, 0xF8, 0x02, 0xC7, 0x7C, 0x00, 0x00,
    0x00, 0x0B, 0xFD, 0xF0, 0x00, 0x00, 0x00, 0x2F, 0xF4, 0x00, 0x06, 0xFF, 0x90, 0x00, 0x00, 0x7E,
    0x41, 0xBE, 0x00, 0x02, 0xF0, 0x00, 0x0F, 0x80, 0x0B, 0xF0, 0x00, 0x0E, 0xE0, 0x0E, 0x70, 0x00,
    0x0D, 0xB0, 0x2C, 0x70, 0x00, 0x0D, 0x38, 0x38, 0x70, 0x00, 0x0D, 0x2C, 0x74, 0x70, 0x00, 0x0D,
    0x1D, 0x70, 0x70, 0x00, 0x0D, 0x0D, 0xB0, 0x70, 0x00, 0x0D, 0x0E, 0xB0, 0x70, 0x00, 0x0D, 0x0E,
    0xB0, 0x70, 0x00, 0x0D, 0x0D, 0x70, 0x70, 0x00, 0x0D, 0x0D, 0x74, 0x70, 0x00, 0x0D, 0x1D, 0x38,
    0x70, 0x00, 0x0D, 0x2C, 0x2C, 0x70, 0x00, 0x0D, 0x38, 0x0D, 0x70, 0x00, 0x0D, 0x70, 0x0B, 0xB0,
    0x00, 0x0E, 0xE0, 0x02, 0xF0, 0x00, 0x0F, 0x80, 0x00, 0x7D, 0x41, 0x7E, 0x00, 0x00, 0x06, 0xFF,
    0x90, 0x00, 0x00, 0x6F, 0xFE, 0x40, 0x0F, 0xF0, 0x6F, 0x40, 0xF2, 0xC0, 0x00, 0x07, 0x0B, 0x00,
    0x00, 0x2C, 0x2C, 0x00, 0x00, 0xF0, 0xB0, 0x00, 0x02, 0xC2, 0xC0, 0x00, 0x07, 0x8B, 0x00, 0x00,
    0x0F, 0xBC, 0x00, 0x00, 0x0B, 0xF4, 0x00, 0x00, 0x02, 0xFF, 0x40, 0x00, 0x00, 0x3F, 0xD0, 0x00,
    0x00, 0xB7, 0xC0, 0x00, 0x02, 0xC3, 0x80, 0x00, 0x0B, 0x0B, 0x00, 0x00, 0x2C, 0x2C, 0x00, 0x00,
    0xB0, 0xB0, 0x00, 0x02, 0xC3, 0x80, 0x00, 0x0B, 0x3C, 0x0E, 0x50, 0x3F, 0xC0, 0x1B, 0xFF, 0xE4,
    0x00, 0xFF, 0xFF, 0xFF, 0xFF, 0xFF, 0xFF, 0xFF, 0xFF, 0xF0, 0x00, 0xE2, 0xC0, 0x00, 0x00, 0x38,
    0x70, 0x00, 0x00, 0x0E, 0x1C, 0x00, 0x00, 0x03, 0x87, 0x00, 0x00, 0x00, 0xE1, 0xC0, 0x00, 0x00,
    0x38, 0x70, 0x00, 0x00, 0x0E, 0x1C, 0x00, 0x00, 0x03, 0x87, 0x00, 0x00, 0x00, 0xE1, 0xC0, 0x00,
    0x00, 0x38, 0x70, 0x00, 0x00, 0x0E, 0x1C, 0x00, 0x00, 0x03, 0x87, 0x00, 0x00, 0x00, 0xE1, 0xC0,
    0x00, 0x00, 0x38, 0x70, 0x00, 0x00, 0x0E, 0x1C, 0x00, 0x00, 0x03, 0x87, 0x00, 0x00, 0x00, 0xE2,
    0xC0, 0x00, 0x00, 0x3F, 0xF0, 0x00, 0x00, 0x0F, 0xFC, 0x00, 0x00, 0xFF, 0xC0, 0x00, 0x2F, 0xFF,
    0x00, 0x00, 0xBE, 0x2C, 0x00, 0x02, 0xF8, 0x70, 0x00, 0x0B, 0xE1, 0xC0, 0x00, 0x2F, 0x87, 0x00,
    0x00, 0xBE, 0x1C, 0x00, 0x02, 0xF8, 0x70, 0x00, 0x0B, 0xE1, 0xC0, 0x00, 0x2F, 0x87, 0x00, 0x00,
    0xBE, 0x1C, 0x00, 0x02, 0xF8, 0x70, 0x00, 0x0B, 0xE1, 0xC0, 0x00, 0x2F, 0x87, 0x00, 0x00, 0xBE,
    0x1C, 0x00, 0x02, 0xF8, 0x70, 0x00, 0x0B, 0xB1, 0xC0, 0x00, 0x39, 0xC7, 0x00, 0x01, 0xC3, 0x9C,
    0x00, 0x0E, 0x03, 0xF4, 0x06, 0xE0, 0x01, 0xBF, 0xF8, 0x00, 0xBF, 0xE0, 0x00, 0x00, 0x2C, 0x7F,
    0xF0, 0x00, 0x00, 0x3C, 0x38, 0xB4, 0x00, 0x00, 0x34, 0x2C, 0x3C, 0x00, 0x00, 0xB0, 0x1D, 0x2C,
    0x00, 0x00, 0xF0, 0x0E, 0x1D, 0x00, 0x00, 0xD0, 0x0B, 0x0F, 0x00, 0x02, 0xC0, 0x03, 0x4B, 0x00,
    0x03, 0xC0, 0x03, 0xC3, 0x80, 0x03, 0x80, 0x02, 0xC3, 0xC0, 0x0B, 0x00, 0x00, 0xE1, 0xD0, 0x0F,
    0x00, 0x00, 0xF0, 0xE0, 0x0E, 0x00, 0x00, 0x74, 0xB0, 0x2C, 0x00, 0x00, 0x38, 0x74, 0x3C, 0x00,
    0x00, 0x2C, 0x38, 0x38, 0x00, 0x00, 0x1D, 0x2C, 0xB4, 0x00, 0x00, 0x0F, 0x0D, 0xF0, 0x00, 0x00,
    0x0B, 0x0F, 0xE0, 0x00, 0x00, 0x07, 0x8B, 0xD0, 0x00, 0x00, 0x03, 0xFF, 0xC0, 0x00, 0x00, 0x02,
    0xFF, 0x80, 0x00, 0xBF, 0xD0, 0x00, 0x00, 0x00, 0x00, 0x3A, 0xFF, 0x80, 0x00, 0x00, 0x00, 0x00,
    0xD7, 0x4F, 0x00, 0x0B, 0xFF, 0x00, 0x07, 0x0D, 0x2C, 0x00, 0x3F, 0xFC, 0x00, 0x2C, 0x38, 0x74,
    0x00, 0xF8, 0xB0, 0x00, 0xE0, 0xB0, 0xE0, 0x07, 0xF0, 0xD0, 0x03, 0x41, 0xC3, 0x80, 0x2F, 0xC3,
    0x80, 0x1C, 0x03, 0x4B, 0x00, 0xF7, 0x4F, 0x00, 0xB0, 0x0E, 0x1C, 0x03, 0x8E, 0x2C, 0x03, 0x80,
    0x2C, 0x34, 0x0D, 0x3C, 0x74, 0x0D, 0x00, 0x70, 0xE0, 0x70, 0xB0, 0xE0, 0x70, 0x01, 0xD2, 0xC2,
    0xC1, 0xC3, 0xC2, 0xC0, 0x03, 0x87, 0x0E, 0x03, 0x4B, 0x0E, 0x00, 0x0F, 0x0D, 0x34, 0x0E, 0x1D,
    0x74, 0x00, 0x2C, 0x39, 0xD0, 0x2C, 0x36, 0xC0, 0x00, 0x74, 0xFB, 0x00, 0x70, 0xEF, 0x00, 0x00,
    0xE2, 0xFC, 0x01, 0xD2, 0xF8, 0x00, 0x03, 0xC7, 0xE0, 0x03, 0x87, 0xD0, 0x00, 0x0B, 0x0F, 0x40,
    0x0F, 0x1F, 0x00, 0x00, 0x1F, 0xFC, 0x00, 0x2F, 0xFC, 0x00, 0x00, 0x3F, 0xF0, 0x00, 0x7F, 0xE0,
    0x00, 0x3F, 0xFC, 0x00, 0x00, 0xF0, 0x2F, 0xAD, 0x00, 0x02, 0xC0, 0x0F, 0x0F, 0x00, 0x07, 0x80,
    0x07, 0x83, 0x80, 0x0F, 0x00, 0x02, 0xC2, 0xC0, 0x2C, 0x00, 0x00, 0xF0, 0xF0, 0x74, 0x00, 0x00,
    0x74, 0x74, 0xF0, 0x00, 0x00, 0x3C, 0x2F, 0xC0, 0x00, 0x00, 0x0E, 0x0F, 0x40, 0x00, 0x00, 0x0B,
    0x07, 0x40, 0x00, 0x00, 0x03, 0xC3, 0xC0, 0x00, 0x00, 0x01, 0xD1, 0xE0, 0x00, 0x00, 0x01, 0xF0,
    0xB0, 0x00, 0x00, 0x03, 0xF8, 0x38, 0x00, 0x00, 0x0B, 0x6D, 0x1D, 0x00, 0x00, 0x1E, 0x0F, 0x0F,
    0x00, 0x00, 0x3C, 0x07, 0x83, 0x80, 0x00, 0xF0, 0x02, 0xC2, 0xC0, 0x01, 0xD0, 0x00, 0xF0, 0xF0,
    0x03, 0x80, 0x00, 0x7A, 0xF4, 0x0F, 0x00, 0x00, 0x3F, 0xFC, 0xBF, 0xF0, 0x00, 0x00, 0xB0, 0xFF,
    0xE0, 0x00, 0x07, 0x82, 0xC3, 0xC0, 0x00, 0x3C, 0x03, 0x87, 0x80, 0x01, 0xD0, 0x07, 0x0B, 0x00,
    0x0E, 0x00, 0x0E, 0x0F, 0x00, 0xB0, 0x00, 0x1C, 0x2D, 0x07, 0x80, 0x00, 0x3C, 0x3C, 0x3C, 0x00,
    0x00, 0x74, 0x75, 0xD0, 0x00, 0x00, 0xB0, 0xFE, 0x00, 0x00, 0x00, 0xE0, 0xF0, 0x00, 0x00, 0x02,
    0xC3, 0xC0, 0x00, 0x00, 0x03, 0x4B, 0x00, 0x00, 0x00, 0x0D, 0x2C, 0x00, 0x00, 0x00, 0x34, 0xB0,
    0x00, 0x00, 0x00, 0xD2, 0xC0, 0x00, 0x00, 0x03, 0x4B, 0x00, 0x00, 0x00, 0x0D, 0x2C, 0x00, 0x00,
    0x00, 0x34, 0xF0, 0x00, 0x00, 0x00, 0xFF, 0xC0, 0x00, 0x00, 0x03, 0xFF, 0x00, 0x00,
};

static const EpdGlyph notosans_14_bolditalicGlyphs[] = {
    { 0, 0, 0, 0, 0, 0, 0 }, //  
    { 0, 0, 8, 0, 0, 0, 0 }, // 
    { 0, 0, 8, 0, 0, 0, 0 }, //  
    { 10, 22, 8, 0, 21, 55, 0 }, // !
    { 12, 8, 13, 2, 21, 24, 55 }, // "
    { 19, 21, 19, 0, 21, 100, 79 }, // #
    { 16, 25, 16, 0, 23, 100, 179 }, // $
    { 23, 23, 25, 1, 22, 133, 279 }, // %
    { 21, 23, 21, 0, 22, 121, 412 }, // &
    { 6, 8, 7, 2, 21, 12, 533 }, // '
    { 11, 26, 10, 1, 21, 72, 545 }, // (
    { 12, 27, 10, -3, 22, 81, 617 }, // )
    { 15, 15, 16, 2, 23, 57, 698 }, // *
    { 15, 15, 17, 1, 18, 57, 755 }, // +
    { 8, 8, 8, -2, 4, 16, 812 }, // ,
    { 9, 4, 9, 0, 10, 9, 828 }, // -
    { 6, 6, 8, 0, 5, 9, 837 }, // .
    { 17, 22, 12, -2, 21, 94, 846 }, // /
    { 16, 23, 16, 0, 22, 92, 940 }, // 0
    { 13, 21, 16, 2, 21, 69, 1032 }, // 1
    { 17, 22, 16, -1, 22, 94, 1101 }, // 2
    { 16, 23, 16, 0, 22, 92, 1195 }, // 3
    { 17, 21, 16, -1, 21, 90, 1287 }, // 4
    { 17, 22, 16, 0, 21, 94, 1377 }, // 5
    { 16, 23, 16, 1, 22, 92, 1471 }, // 6
    { 17, 21, 16, 1, 21, 90, 1563 }, // 7
    { 17, 23, 16, 0, 22, 98, 1653 }, // 8
    { 15, 23, 16, 1, 22, 87, 1751 }, // 9
    { 8, 18, 8, 0, 17, 36, 1838 }, // :
    { 10, 21, 8, -2, 17, 53, 1874 }, // ;
    { 15, 17, 17, 1, 19, 64, 1927 }, // <
    { 15, 10, 17, 1, 15, 38, 1991 }, // =
    { 15, 17, 17, 1, 19, 64, 2029 }, // >
    { 13, 23, 13, 2, 22, 75, 2093 }, // ?
    { 24, 24, 25, 1, 21, 144, 2168 }, // @
    { 19, 21, 18, -2, 21, 100, 2312 }, // A
    { 18, 21, 18, 0, 21, 95, 2412 }, // B
    { 19, 23, 18, 1, 22, 110, 2507 }, // C
    { 19, 21, 20, 0, 21, 100, 2617 }, // D
    { 17, 21, 16, 0, 21, 90, 2717 }, // E
    { 17, 21, 16, 0, 21, 90, 2807 }, // F
    { 19, 23, 20, 1, 22, 110, 2897 }, // G
    { 21, 21, 20, 0, 21, 111, 3007 }, // H
    { 14, 21, 11, -1, 21, 74, 3118 }, // I
    { 15, 28, 10, -5, 21, 105, 3192 }, // J
    { 21, 21, 18, 0, 21, 111, 3297 }, // K
    { 14, 21, 15, 0, 21, 74, 3408 }, // L
    { 26, 21, 26, 0, 21, 137, 3482 }, // M
    { 23, 21, 22, 0, 21, 121, 3619 }, // N
    { 20, 23, 21, 1, 22, 115, 3740 }, // O
    { 18, 21, 18, 0, 21, 95, 3855 }, // P
    { 20, 27, 21, 1, 22, 135, 3950 }, // Q
    { 18, 21, 18, 0, 21, 95, 4085 }, // R
    { 16, 23, 15, 0, 22, 92, 4180 }, // S
    { 16, 21, 16, 2, 21, 84, 4272 }, // T
    { 20, 22, 20, 1, 21, 110, 4356 }, // U
    { 18, 21, 17, 2, 21, 95, 4466 }, // V
    { 27, 21, 26, 2, 21, 142, 4561 }, // W
    { 23, 21, 18, -2, 21, 121, 4703 }, // X
    { 18, 21, 16, 2, 21, 95, 4824 }, // Y
    { 19, 21, 16, -1, 21, 100, 4919 }, // Z
    { 13, 26, 10, -1, 21, 85, 5019 }, // [
    { 8, 22, 12, 3, 21, 44, 5104 }, // <backslash>
    { 13, 26, 10, -2, 21, 85, 5148 }, // ]
    { 16, 14, 16, 0, 21, 56, 5233 }, // ^
    { 13, 3, 12, -3, -2, 10, 5289 }, // _
    { 7, 6, 9, 4, 23, 11, 5299 }, // `
    { 16, 18, 17, 1, 17, 72, 5310 }, // a
    { 17, 24, 17, 0, 23, 102, 5382 }, // b
    { 14, 18, 14, 1, 17, 63, 5484 }, // c
    { 18, 24, 17, 1, 23, 108, 5547 }, // d
    { 15, 18, 16, 1, 17, 68, 5655 }, // e
    { 19, 30, 11, -4, 23, 143, 5723 }, // f
    { 17, 24, 17, 0, 17, 102, 5866 }, // g
    { 17, 23, 18, 0, 23, 98, 5968 }, // h
    { 10, 23, 9, 0, 23, 58, 6066 }, // i
    { 14, 30, 9, -4, 23, 105, 6124 }, // j
    { 18, 23, 17, 0, 23, 104, 6229 }, // k
    { 10, 23, 9, 0, 23, 58, 6333 }, // l
    { 25, 17, 26, 0, 17, 107, 6391 }, // m
    { 17, 17, 18, 0, 17, 73, 6498 }, // n
    { 15, 18, 17, 1, 17, 68, 6571 }, // o
    { 18, 24, 17, -1, 17, 108, 6639 }, // p
    { 16, 24, 17, 1, 17, 96, 6747 }, // q
    { 14, 17, 12, 0, 17, 60, 6843 }, // r
    { 14, 18, 14, 0, 17, 63, 6903 }, // s
    { 12, 21, 12, 1, 20, 63, 6966 }, // t
    { 17, 17, 18, 1, 16, 73, 7029 }, // u
    { 16, 16, 15, 1, 16, 64, 7102 }, // v
    { 24, 16, 23, 1, 16, 96, 7166 }, // w
    { 19, 16, 16, -2, 16, 76, 7262 }, // x
    { 20, 23, 15, -3, 16, 115, 7338 }, // y
    { 15, 16, 14, -1, 16, 60, 7453 }, // z
    { 14, 26, 10, -1, 21, 91, 7513 }, // {
    { 4, 30, 16, 6, 23, 30, 7604 }, // |
    { 13, 26, 10, -2, 21, 85, 7634 }, // }
    { 15, 6, 17, 1, 13, 23, 7719 }, // ~
    { 0, 0, 8, 0, 0, 0, 7742 }, //  
    { 10, 22, 8, -2, 16, 55, 7742 }, // ¡
    { 14, 23, 16, 2, 22, 81, 7797 }, // ¢
    { 19, 22, 16, -1, 22, 105, 7878 }, // £
    { 15, 14, 16, 1, 17, 53, 7983 }, // ¤
    { 18, 21, 16, 1, 21, 95, 8036 }, // ¥
    { 4, 30, 16, 6, 23, 30, 8131 }, // ¦
    { 15, 24, 14, 0, 23, 90, 8161 }, // §
    { 11, 4, 16, 5, 22, 11, 8251 }, // ¨
    { 22, 23, 24, 1, 22, 127, 8262 }, // ©
    { 11, 12, 11, 2, 22, 33, 8389 }, // ª
    { 16, 14, 17, 1, 15, 56, 8422 }, // «
    { 15, 9, 17, 1, 12, 34, 8478 }, // ¬
    { 9, 4, 9, 0, 10, 9, 8512 }, // ­
    { 22, 23, 24, 1, 22, 127, 8521 }, // ®
    { 15, 4, 12, 2, 26, 15, 8648 }, // ¯
    { 11, 11, 12, 1, 22, 31, 8663 }, // °
    { 15, 19, 17, 1, 19, 72, 8694 }, // ±
    { 12, 13, 11, 1, 25, 39, 8766 }, // ²
    { 11, 14, 11, 2, 25, 39, 8805 }, // ³
    { 9, 6, 9, 3, 23, 14, 8844 }, // ´
    { 19, 23, 18, -1, 16, 110, 8858 }, // µ
    { 16, 27, 19, 2, 23, 108, 8968 }, // ¶
    { 7, 6, 8, 1, 13, 11, 9076 }, // ·
    { 7, 7, 6, -3, 0, 13, 9087 }, // ¸
    { 10, 13, 11, 2, 25, 33, 9100 }, // ¹
    { 10, 11, 11, 2, 21, 28, 9133 }, // º
    { 16, 14, 16, 0, 15, 56, 9161 }, // »
    { 22, 21, 24, 2, 21, 116, 9217 }, // ¼
    { 23, 21, 26, 2, 21, 121, 9333 }, // ½
    { 24, 21, 25, 1, 21, 126, 9454 }, // ¾
    { 13, 23, 14, -1, 17, 75, 9580 }, // ¿
    { 19, 28, 18, -2, 28, 133, 9655 }, // À
    { 20, 28, 18, -2, 28, 140, 9788 }, // Á
    { 20, 28, 18, -2, 28, 140, 9928 }, // Â
    { 21, 28, 18, -2, 28, 147, 10068 }, // Ã
    { 20, 27, 18, -2, 27, 135, 10215 }, // Ä
    { 19, 30, 18, -2, 30, 143, 10350 }, // Å
    { 30, 21, 26, -2, 21, 158, 10493 }, // Æ
    { 19, 29, 18, 1, 22, 138, 10651 }, // Ç
    { 17, 28, 16, 0, 28, 119, 10789 }, // È
    { 17, 28, 16, 0, 28, 119, 10908 }, // É
    { 17, 28, 16, 0, 28, 119, 11027 }, // Ê
    { 17, 27, 16, 0, 27, 115, 11146 }, // Ë
    { 14, 28, 11, -1, 28, 98, 11261 }, // Ì
    { 16, 28, 11, -1, 28, 112, 11359 }, // Í
    { 16, 28, 11, -1, 28, 112, 11471 }, // Î
    { 15, 27, 11, -1, 27, 102, 11583 }, // Ï
    { 19, 21, 20, 0, 21, 100, 11685 }, // Ð
    { 23, 28, 22, 0, 28, 161, 11785 }, // Ñ
    { 20, 29, 21, 1, 28, 145, 11946 }, // Ò
    { 20, 29, 21, 1, 28, 145, 12091 }, // Ó
    { 20, 29, 21, 1, 28, 145, 12236 }, // Ô
    { 20, 29, 21, 1, 28, 145, 12381 }, // Õ
    { 20, 28, 21, 1, 27, 140, 12526 }, // Ö
    { 14, 14, 17, 2, 17, 49, 12666 }, // ×
    { 20, 24, 21, 1, 22, 120, 12715 }, // Ø
    { 20, 29, 20, 1, 28, 145, 12835 }, // Ù
    { 20, 29, 20, 1, 28, 145, 12980 }, // Ú
    { 20, 29, 20, 1, 28, 145, 13125 }, // Û
    { 20, 28, 20, 1, 27, 140, 13270 }, // Ü
    { 18, 28, 16, 2, 28, 126, 13410 }, // Ý
    { 17, 21, 18, 0, 21, 90, 13536 }, // Þ
    { 23, 30, 19, -4, 23, 173, 13626 }, // ß
    { 16, 24, 17, 1, 23, 96, 13799 }, // à
    { 16, 24, 17, 1, 23, 96, 13895 }, // á
    { 16, 24, 17, 1, 23, 96, 13991 }, // â
    { 17, 24, 17, 1, 23, 102, 14087 }, // ã
    { 16, 23, 17, 1, 22, 92, 14189 }, // ä
    { 16, 26, 17, 1, 25, 104, 14281 }, // å
    { 24, 18, 25, 1, 17, 108, 14385 }, // æ
    { 14, 24, 14, 1, 17, 84, 14493 }, // ç
    { 15, 24, 16, 1, 23, 90, 14577 }, // è
    { 15, 24, 16, 1, 23, 90, 14667 }, // é
    { 16, 24, 16, 1, 23, 96, 14757 }, // ê
    { 15, 23, 16, 1, 22, 87, 14853 }, // ë
    { 9, 23, 9, 0, 23, 52, 14940 }, // ì
    { 12, 23, 9, 0, 23, 69, 14992 }, // í
    { 12, 23, 9, 0, 23, 69, 15061 }, // î
    { 12, 22, 9, 0, 22, 66, 15130 }, // ï
    { 16, 24, 17, 1, 23, 96, 15196 }, // ð
    { 18, 23, 18, 0, 23, 104, 15292 }, // ñ
    { 15, 24, 17, 1, 23, 90, 15396 }, // ò
    { 15, 24, 17, 1, 23, 90, 15486 }, // ó
    { 15, 24, 17, 1, 23, 90, 15576 }, // ô
    { 16, 24, 17, 1, 23, 96, 15666 }, // õ
    { 15, 23, 17, 1, 22, 87, 15762 }, // ö
    { 15, 15, 17, 1, 18, 57, 15849 }, // ÷
    { 17, 19, 17, 0, 17, 81, 15906 }, // ø
    { 17, 24, 18, 1, 23, 102, 15987 }, // ù
    { 17, 24, 18, 1, 23, 102, 16089 }, // ú
    { 17, 24, 18, 1, 23, 102, 16191 }, // û
    { 17, 23, 18, 1, 22, 98, 16293 }, // ü
    { 20, 30, 15, -3, 23, 150, 16391 }, // ý
    { 18, 30, 17, -1, 23, 135, 16541 }, // þ
    { 20, 29, 15, -3, 22, 145, 16676 }, // ÿ
    { 20, 26, 18, -2, 26, 130, 16821 }, // Ā
    { 16, 22, 17, 1, 21, 88, 16951 }, // ā
    { 20, 28, 18, -2, 28, 140, 17039 }, // Ă
    { 16, 24, 17, 1, 23, 96, 17179 }, // ă
    { 19, 29, 18, -2, 21, 138, 17275 }, // Ą
    { 16, 25, 17, 1, 17, 100, 17413 }, // ą
    { 19, 29, 18, 1, 28, 138, 17513 }, // Ć
    { 15, 24, 14, 1, 23, 90, 17651 }, // ć
    { 19, 29, 18, 1, 28, 138, 17741 }, // Ĉ
    { 15, 24, 14, 1, 23, 90, 17879 }, // ĉ
    { 19, 29, 18, 1, 28, 138, 17969 }, // Ċ
    { 14, 24, 14, 1, 23, 84, 18107 }, // ċ
    { 19, 29, 18, 1, 28, 138, 18191 }, // Č
    { 16, 24, 14, 1, 23, 96, 18329 }, // č
    { 20, 28, 20, 0, 28, 140, 18425 }, // Ď
    { 24, 24, 20, 1, 23, 144, 18565 }, // ď
    { 19, 21, 20, 0, 21, 100, 18709 }, // Đ
    { 19, 24, 17, 1, 23, 114, 18809 }, // đ
    { 17, 26, 16, 0, 26, 111, 18923 }, // Ē
    { 15, 22, 16, 1, 21, 83, 19034 }, // ē
    { 18, 28, 16, 0, 28, 126, 19117 }, // Ĕ
    { 15, 24, 16, 1, 23, 90, 19243 }, // ĕ
    { 17, 28, 16, 0, 28, 119, 19333 }, // Ė
    { 15, 24, 16, 1, 23, 90, 19452 }, // ė
    { 17, 29, 16, 0, 21, 124, 19542 }, // Ę
    { 15, 24, 16, 1, 17, 90, 19666 }, // ę
    { 19, 28, 16, 0, 28, 133, 19756 }, // Ě
    { 17, 24, 16, 1, 23, 102, 19889 }, // ě
    { 19, 29, 20, 1, 28, 138, 19991 }, // Ĝ
    { 17, 30, 17, 0, 23, 128, 20129 }, // ĝ
    { 19, 29, 20, 1, 28, 138, 20257 }, // Ğ
    { 17, 30, 17, 0, 23, 128, 20395 }, // ğ
    { 19, 29, 20, 1, 28, 138, 20523 }, // Ġ
    { 17, 30, 17, 0, 23, 128, 20661 }, // ġ
    { 19, 29, 20, 1, 22, 138, 20789 }, // Ģ
    { 17, 30, 17, 0, 23, 128, 20927 }, // ģ
    { 21, 28, 20, 0, 28, 147, 21055 }, // Ĥ
    { 17, 29, 18, 0, 29, 124, 21202 }, // ĥ
    { 23, 21, 20, 0, 21, 121, 21326 }, // Ħ
    { 16, 23, 18, 0, 23, 92, 21447 }, // ħ
    { 16, 28, 11, -1, 28, 112, 21539 }, // Ĩ
    { 13, 23, 9, 0, 23, 75, 21651 }, // ĩ
    { 15, 26, 11, -1, 26, 98, 21726 }, // Ī
    { 12, 21, 9, 0, 21, 63, 21824 }, // ī
    { 16, 28, 11, -1, 28, 112, 21887 }, // Ĭ
    { 13, 23, 9, 0, 23, 75, 21999 }, // ĭ
    { 14, 29, 11, -1, 21, 102, 22074 }, // Į
    { 12, 31, 9, -2, 23, 93, 22176 }, // į
    { 14, 28, 11, -1, 28, 98, 22269 }, // İ
    { 9, 16, 9, 0, 16, 36, 22367 }, // ı
    { 23, 28, 21, -1, 21, 161, 22403 }, // Ĳ
    { 19, 30, 17, 0, 23, 143, 22564 }, // ĳ
    { 19, 35, 10, -5, 28, 167, 22707 }, // Ĵ
    { 16, 30, 9, -4, 23, 120, 22874 }, // ĵ
    { 21, 28, 18, 0, 21, 147, 22994 }, // Ķ
    { 18, 30, 17, 0, 23, 135, 23141 }, // ķ
    { 18, 16, 17, 0, 16, 72, 23276 }, // ĸ
    { 15, 28, 15, 0, 28, 105, 23348 }, // Ĺ
    { 14, 29, 9, 0, 29, 102, 23453 }, // ĺ
    { 14, 28, 15, 0, 21, 98, 23555 }, // Ļ
    { 12, 30, 9, -2, 23, 90, 23653 }, // ļ
    { 17, 21, 15, 0, 21, 90, 23743 }, // Ľ
    { 16, 23, 11, 0, 23, 92, 23833 }, // ľ
    { 15, 21, 15, 0, 21, 79, 23925 }, // Ŀ
    { 14, 23, 13, 0, 23, 81, 24004 }, // ŀ
    { 15, 21, 15, -1, 21, 79, 24085 }, // Ł
    { 11, 23, 10, 0, 23, 64, 24164 }, // ł
    { 23, 28, 22, 0, 28, 161, 24228 }, // Ń
    { 17, 23, 18, 0, 23, 98, 24389 }, // ń
    { 23, 28, 22, 0, 21, 161, 24487 }, // Ņ
    { 17, 24, 18, 0, 17, 102, 24648 }, // ņ
    { 23, 28, 22, 0, 28, 161, 24750 }, // Ň
    { 18, 23, 18, 0, 23, 104, 24911 }, // ň
    { 20, 21, 21, 0, 21, 105, 25015 }, // ŉ
    { 23, 28, 22, 0, 21, 161, 25120 }, // Ŋ
    { 17, 24, 18, 0, 17, 102, 25281 }, // ŋ
    { 20, 27, 21, 1, 26, 135, 25383 }, // Ō
    { 15, 22, 17, 1, 21, 83, 25518 }, // ō
    { 20, 29, 21, 1, 28, 145, 25601 }, // Ŏ
    { 16, 24, 17, 1, 23, 96, 25746 }, // ŏ
    { 22, 29, 21, 1, 28, 160, 25842 }, // Ő
    { 19, 24, 17, 1, 23, 114, 26002 }, // ő
    { 27, 23, 26, 1, 22, 156, 26116 }, // Œ
    { 24, 18, 26, 1, 17, 108, 26272 }, // œ
    { 18, 28, 18, 0, 28, 126, 26380 }, // Ŕ
    { 15, 23, 12, 0, 23, 87, 26506 }, // ŕ
    { 18, 28, 18, 0, 21, 126, 26593 }, // Ŗ
    { 15, 24, 12, -1, 17, 90, 26719 }, // ŗ
    { 19, 28, 18, 0, 28, 133, 26809 }, // Ř
    { 16, 23, 12, 0, 23, 92, 26942 }, // ř
    { 17, 29, 15, 0, 28, 124, 27034 }, // Ś
    { 15, 24, 14, 0, 23, 90, 27158 }, // ś
    { 17, 29, 15, 0, 28, 124, 27248 }, // Ŝ
    { 15, 24, 14, 0, 23, 90, 27372 }, // ŝ
    { 16, 29, 15, 0, 22, 116, 27462 }, // Ş
    { 14, 24, 14, 0, 17, 84, 27578 }, // ş
    { 18, 29, 15, 0, 28, 131, 27662 }, // Š
    { 16, 24, 14, 0, 23, 96, 27793 }, // š
    { 16, 28, 16, 2, 21, 112, 27889 }, // Ţ
    { 12, 27, 12, 1, 20, 81, 28001 }, // ţ
    { 16, 28, 16, 2, 28, 112, 28082 }, // Ť
    { 15, 24, 12, 1, 23, 90, 28194 }, // ť
    { 16, 21, 16, 2, 21, 84, 28284 }, // Ŧ
    { 13, 21, 12, 0, 20, 69, 28368 }, // ŧ
    { 20, 29, 20, 1, 28, 145, 28437 }, // Ũ
    { 17, 24, 18, 1, 23, 102, 28582 }, // ũ
    { 20, 27, 20, 1, 26, 135, 28684 }, // Ū
    { 17, 22, 18, 1, 21, 94, 28819 }, // ū
    { 20, 29, 20, 1, 28, 145, 28913 }, // Ŭ
    { 17, 24, 18, 1, 23, 102, 29058 }, // ŭ
    { 20, 31, 20, 1, 30, 155, 29160 }, // Ů
    { 17, 26, 18, 1, 25, 111, 29315 }, // ů
    { 21, 29, 20, 1, 28, 153, 29426 }, // Ű
    { 19, 24, 18, 1, 23, 114, 29579 }, // ű
    { 20, 29, 20, 1, 21, 145, 29693 }, // Ų
    { 17, 24, 18, 1, 16, 102, 29838 }, // ų
    { 27, 28, 26, 2, 28, 189, 29940 }, // Ŵ
    { 24, 23, 23, 1, 23, 138, 30129 }, // ŵ
    { 18, 28, 16, 2, 28, 126, 30267 }, // Ŷ
    { 20, 30, 15, -3, 23, 150, 30393 }, // ŷ
    { 18, 27, 16, 2, 27, 122, 30543 }, // Ÿ
    { 19, 28, 16, -1, 28, 133, 30665 }, // Ź
    { 16, 23, 14, -1, 23, 92, 30798 }, // ź
    { 19, 28, 16, -1, 28, 133, 30890 }, // Ż
    { 15, 23, 14, -1, 23, 87, 31023 }, // ż
    { 19, 28, 16, -1, 28, 133, 31110 }, // Ž
    { 17, 23, 14, -1, 23, 98, 31243 }, // ž
    { 18, 30, 10, -4, 23, 135, 31341 }, // ſ
    { 8, 6, 0, -13, 23, 12, 31476 }, // ̀
    { 9, 6, 0, -7, 23, 14, 31488 }, // ́
    { 12, 6, 0, -4, 23, 18, 31502 }, // ̂
    { 13, 6, 0, -13, 23, 20, 31520 }, // ̃
    { 10, 4, 0, -3, 21, 10, 31540 }, // ̄
    { 14, 4, 0, -4, 25, 14, 31550 }, // ̅
    { 11, 6, 0, -3, 23, 17, 31564 }, // ̆
    { 5, 6, 0, 0, 23, 8, 31581 }, // ̇
    { 11, 4, 0, -3, 22, 11, 31589 }, // ̈
    { 7, 8, 0, -9, 25, 14, 31600 }, // ̉
    { 8, 8, 0, -1, 25, 16, 31614 }, // ̊
    { 14, 6, 0, -3, 23, 21, 31630 }, // ̋
    { 12, 6, 0, -3, 23, 18, 31651 }, // ̌
    { 5, 9, 0, 0, 23, 12, 31669 }, // ̍
    { 10, 6, 0, -2, 23, 15, 31681 }, // ̎
    { 12, 6, 0, -14, 23, 18, 31696 }, // ̏
    { 11, 8, 0, -3, 25, 22, 31714 }, // ̐
    { 11, 6, 0, -3, 23, 17, 31736 }, // ̑
    { 8, 8, 0, -2, 21, 16, 31753 }, // ̒
    { 8, 8, 0, -2, 21, 16, 31769 }, // ̓
    { 5, 8, 0, 0, 21, 10, 31785 }, // ̔
    { 8, 8, 0, -2, 21, 16, 31795 }, // ̕
    { 7, 6, 0, -6, -1, 11, 31811 }, // ̖
    { 9, 6, 0, -7, -1, 14, 31822 }, // ̗
    { 7, 7, 0, -6, 0, 13, 31836 }, // ̘
    { 7, 7, 0, -6, 0, 13, 31849 }, // ̙
    { 10, 9, 9, 2, 23, 23, 31862 }, // ̚
    { 9, 8, 0, -2, 23, 18, 31885 }, // ̛
    { 5, 7, 0, -2, 0, 9, 31903 }, // ̜
    { 7, 6, 0, -6, -1, 11, 31912 }, // ̝
    { 8, 6, 0, -6, -1, 12, 31923 }, // ̞
    { 7, 7, 0, -6, 0, 13, 31935 }, // ̟
    { 7, 3, 0, -6, -3, 6, 31948 }, // ̠
    { 9, 9, 0, -7, 2, 21, 31954 }, // ̡
    { 8, 9, 0, -4, 2, 18, 31975 }, // ̢
    { 6, 6, 0, -14, -1, 9, 31993 }, // ̣
    { 11, 4, 0, -8, -2, 11, 32002 }, // ̤
    { 8, 8, 0, -6, 0, 16, 32013 }, // ̥
    { 7, 6, 0, 1, -1, 11, 32029 }, // ̦
    { 8, 7, 0, -6, 0, 14, 32040 }, // ̧
    { 7, 8, 0, -6, 0, 14, 32054 }, // ̨
    { 6, 9, 0, -5, 0, 14, 32068 }, // ̩
    { 13, 6, 0, -9, -1, 20, 32082 }, // ̪
    { 12, 5, 0, -8, -1, 15, 32102 }, // ̫
    { 13, 6, 0, -8, -1, 20, 32117 }, // ̬
    { 13, 6, 0, -9, -1, 20, 32137 }, // ̭
    { 12, 6, 0, -8, -1, 18, 32157 }, // ̮
    { 11, 6, 0, -8, -1, 17, 32175 }, // ̯
    { 13, 6, 0, -9, -1, 20, 32192 }, // ̰
    { 11, 4, 0, -8, -2, 11, 32212 }, // ̱
    { 14, 3, 0, -9, -2, 11, 32223 }, // ̲
    { 14, 7, 0, -10, 0, 25, 32234 }, // ̳
    { 13, 6, 0, -7, 11, 20, 32259 }, // ̴
    { 13, 4, 0, -7, 10, 13, 32279 }, // ̵
    { 22, 4, 0, -11, 10, 22, 32292 }, // ̶
    { 12, 9, 0, -6, 13, 27, 32314 }, // ̷
    { 18, 25, 0, -9, 23, 113, 32341 }, // ̸
    { 6, 7, 0, -3, 0, 11, 32454 }, // ̹
    { 12, 6, 0, -8, -1, 18, 32465 }, // ̺
    { 12, 7, 0, -8, 0, 21, 32483 }, // ̻
    { 12, 5, 0, -8, -1, 15, 32504 }, // ̼
    { 8, 7, 0, -1, 23, 14, 32519 }, // ̽
    { 7, 10, 0, -1, 26, 18, 32533 }, // ̾
    { 14, 7, 0, -4, 29, 25, 32551 }, // ̿
    { 7, 6, 0, -3, 23, 11, 32576 }, // ̀
    { 8, 6, 0, 0, 23, 12, 32587 }, // ́
    { 13, 6, 0, 4, 23, 20, 32599 }, // ͂
    { 6, 6, 0, 0, 23, 9, 32619 }, // ̓
    { 17, 6, 0, -5, 23, 26, 32628 }, // ̈́
    { 6, 6, 0, -4, -1, 9, 32654 }, // ͅ
    { 13, 6, 0, -4, 23, 20, 32663 }, // ͆
    { 14, 7, 0, -10, 0, 25, 32683 }, // ͇
    { 10, 6, 0, -7, 0, 15, 32708 }, // ͈
    { 6, 6, 0, -5, -1, 9, 32723 }, // ͉
    { 11, 7, 0, -3, 23, 20, 32732 }, // ͊
    { 12, 12, 0, -3, 28, 36, 32752 }, // ͋
    { 12, 9, 0, -3, 26, 27, 32788 }, // ͌
    { 11, 6, 0, -8, -1, 17, 32815 }, // ͍
    { 6, 7, 0, -5, 0, 11, 32832 }, // ͎
    { 22, 21, 0, -11, 21, 116, 32843 }, // ͏
    { 5, 7, 0, 0, 24, 9, 32959 }, // ͐
    { 6, 7, 0, 3, 25, 11, 32968 }, // ͑
    { 11, 8, 0, -3, 25, 22, 32979 }, // ͒
    { 7, 7, 0, -5, 0, 13, 33001 }, // ͓
    { 6, 6, 0, -5, -1, 9, 33014 }, // ͔
    { 6, 6, 0, -4, -1, 9, 33023 }, // ͕
    { 12, 6, 0, -7, -1, 18, 33032 }, // ͖
    { 6, 7, 0, 2, 24, 11, 33050 }, // ͗
    { 5, 6, 0, 0, 23, 8, 33061 }, // ͘
    { 7, 6, 0, -6, -1, 11, 33069 }, // ͙
    { 12, 7, 0, -8, 0, 21, 33080 }, // ͚
    { 6, 6, 0, 0, 23, 9, 33101 }, // ͛
    { 23, 6, 0, -13, -1, 35, 33110 }, // ͜
    { 23, 6, 0, -9, 23, 35, 33145 }, // ͝
    { 17, 4, 0, -6, 21, 17, 33180 }, // ͞
    { 16, 4, 0, -10, -1, 16, 33197 }, // ͟
    { 24, 6, 0, -9, 23, 36, 33213 }, // ͠
    { 23, 7, 0, -8, 26, 41, 33249 }, // ͡
    { 24, 7, 0, -15, 0, 42, 33290 }, // ͢
    { 8, 8, 0, -1, 25, 16, 33332 }, // ͣ
    { 8, 8, 0, -1, 25, 16, 33348 }, // ͤ
    { 5, 9, 0, 1, 27, 12, 33364 }, // ͥ
    { 8, 8, 0, -1, 25, 16, 33376 }, // ͦ
    { 8, 8, 0, -1, 25, 16, 33392 }, // ͧ
    { 7, 8, 0, 0, 25, 14, 33408 }, // ͨ
    { 9, 10, 0, -1, 27, 23, 33422 }, // ͩ
    { 8, 9, 0, -1, 27, 18, 33445 }, // ͪ
    { 12, 7, 0, -3, 25, 21, 33463 }, // ͫ
    { 7, 7, 0, 0, 25, 13, 33484 }, // ͬ
    { 6, 9, 0, 0, 26, 14, 33497 }, // ͭ
    { 7, 7, 0, 0, 25, 13, 33511 }, // ͮ
    { 9, 7, 0, -2, 25, 16, 33524 }, // ͯ
    { 14, 21, 10, -2, 21, 74, 33540 }, // Ͱ
    { 12, 16, 12, 0, 16, 48, 33614 }, // ͱ
    { 19, 21, 20, 2, 21, 100, 33662 }, // Ͳ
    { 19, 23, 20, 3, 23, 110, 33762 }, // ͳ
    { 8, 7, 8, 2, 23, 14, 33872 }, // ʹ
    { 8, 6, 8, -2, 1, 12, 33886 }, // ͵
    { 22, 21, 20, 0, 21, 116, 33898 }, // Ͷ
    { 19, 16, 19, 0, 16, 76, 34014 }, // ͷ
    { 6, 6, 7, -1, -1, 9, 34090 }, // ͺ
    { 14, 18, 14, -1, 17, 63, 34099 }, // ͻ
    { 14, 18, 14, 1, 17, 63, 34162 }, // ͼ
    { 14, 18, 14, -1, 17, 63, 34225 }, // ͽ
    { 10, 21, 8, -2, 17, 53, 34288 }, // ;
    { 15, 28, 13, 0, 21, 105, 34341 }, // Ϳ
    { 8, 6, 8, 3, 23, 12, 34446 }, // ΄
    { 17, 6, 22, 5, 23, 26, 34458 }, // ΅
    { 19, 21, 21, 1, 21, 100, 34484 }, // Ά
    { 6, 6, 8, 2, 17, 9, 34584 }, // ·
    { 23, 21, 22, 1, 21, 121, 34593 }, // Έ
    { 26, 21, 27, 1, 21, 137, 34714 }, // Ή
    { 19, 21, 18, 1, 21, 100, 34851 }, // Ί
    { 25, 23, 26, 1, 22, 144, 34951 }, // Ό
    { 26, 21, 24, 1, 21, 137, 35095 }, // Ύ
    { 26, 22, 27, 1, 22, 143, 35232 }, // Ώ
    { 16, 24, 12, 1, 23, 96, 35375 }, // ΐ
    { 19, 21, 18, -2, 21, 100, 35471 }, // Α
    { 18, 21, 18, 0, 21, 95, 35571 }, // Β
    { 17, 21, 16, 0, 21, 90, 35666 }, // Γ
    { 20, 21, 19, -2, 21, 105, 35756 }, // Δ
    { 17, 21, 16, 0, 21, 90, 35861 }, // Ε
    { 19, 21, 16, -1, 21, 100, 35951 }, // Ζ
    { 21, 21, 20, 0, 21, 111, 36051 }, // Η
    { 20, 23, 21, 1, 22, 115, 36162 }, // Θ
    { 14, 21, 11, -1, 21, 74, 36277 }, // Ι
    { 21, 21, 18, 0, 21, 111, 36351 }, // Κ
    { 18, 21, 18, -2, 21, 95, 36462 }, // Λ
    { 26, 21, 26, 0, 21, 137, 36557 }, // Μ
    { 23, 21, 22, 0, 21, 121, 36694 }, // Ν
    { 17, 21, 16, 0, 21, 90, 36815 }, // Ξ
    { 20, 23, 21, 1, 22, 115, 36905 }, // Ο
    { 21, 21, 20, 0, 21, 111, 37020 }, // Π
    { 18, 21, 18, 0, 21, 95, 37131 }, // Ρ
    { 19, 21, 16, -1, 21, 100, 37226 }, // Σ
    { 16, 21, 16, 2, 21, 84, 37326 }, // Τ
    { 18, 21, 16, 2, 21, 95, 37410 }, // Υ
    { 24, 23, 26, 1, 22, 138, 37505 }, // Φ
    { 23, 21, 18, -2, 21, 121, 37643 }, // Χ
    { 23, 21, 26, 3, 21, 121, 37764 }, // Ψ
    { 22, 22, 21, -1, 22, 121, 37885 }, // Ω
    { 15, 27, 11, -1, 27, 102, 38006 }, // Ϊ
    { 18, 27, 16, 2, 27, 122, 38108 }, // Ϋ
    { 16, 24, 18, 1, 23, 96, 38230 }, // ά
    { 16, 24, 13, 0, 23, 96, 38326 }, // έ
    { 17, 30, 18, 0, 23, 128, 38422 }, // ή
    { 12, 24, 11, 1, 23, 72, 38550 }, // ί
    { 20, 24, 18, 1, 23, 120, 38622 }, // ΰ
    { 16, 18, 18, 1, 17, 72, 38742 }, // α
    { 19, 30, 18, -1, 23, 143, 38814 }, // β
    { 15, 23, 15, 1, 16, 87, 38957 }, // γ
    { 17, 24, 17, 1, 23, 102, 39044 }, // δ
    { 14, 18, 13, 0, 17, 63, 39146 }, // ε
    { 16, 29, 13, 0, 23, 116, 39209 }, // ζ
    { 17, 24, 18, 0, 17, 102, 39325 }, // η
    { 16, 24, 17, 1, 23, 96, 39427 }, // θ
    { 9, 17, 11, 1, 16, 39, 39523 }, // ι
    { 18, 16, 17, 0, 16, 72, 39562 }, // κ
    { 18, 24, 17, -2, 23, 108, 39634 }, // λ
    { 19, 23, 19, -1, 16, 110, 39742 }, // μ
    { 15, 16, 15, 1, 16, 60, 39852 }, // ν
    { 16, 29, 15, 1, 23, 116, 39912 }, // ξ
    { 15, 18, 17, 1, 17, 68, 40028 }, // ο
    { 21, 17, 21, 1, 16, 90, 40096 }, // π
    { 17, 24, 17, -1, 17, 102, 40186 }, // ρ
    { 14, 23, 15, 1, 17, 81, 40288 }, // ς
    { 18, 17, 18, 1, 16, 77, 40369 }, // σ
    { 15, 17, 14, 1, 16, 64, 40446 }, // τ
    { 16, 17, 18, 1, 16, 68, 40510 }, // υ
    { 21, 24, 22, 1, 17, 126, 40578 }, // φ
    { 21, 25, 17, -2, 17, 132, 40704 }, // χ
    { 22, 30, 23, 1, 23, 165, 40836 }, // ψ
    { 23, 17, 25, 1, 16, 98, 41001 }, // ω
    { 11, 23, 11, 1, 22, 64, 41099 }, // ϊ
    { 16, 23, 18, 1, 22, 92, 41163 }, // ϋ
    { 16, 24, 17, 1, 23, 96, 41255 }, // ό
    { 16, 24, 18, 1, 23, 96, 41351 }, // ύ
    { 23, 24, 25, 1, 23, 138, 41447 }, // ώ
    { 21, 28, 18, 0, 21, 147, 41585 }, // Ϗ
    { 16, 24, 19, 2, 23, 96, 41732 }, // ϐ
    { 20, 24, 20, 1, 23, 120, 41828 }, // ϑ
    { 18, 21, 17, 2, 21, 95, 41948 }, // ϒ
    { 27, 21, 25, 1, 21, 142, 42043 }, // ϓ
    { 18, 27, 17, 2, 27, 122, 42185 }, // ϔ
    { 20, 30, 22, 1, 23, 150, 42307 }, // ϕ
    { 30, 17, 29, 1, 16, 128, 42457 }, // ϖ
    { 21, 22, 18, -1, 16, 116, 42585 }, // ϗ
    { 20, 22, 22, 2, 22, 110, 42701 }, // Ϙ
    { 15, 24, 17, 1, 17, 90, 42811 }, // ϙ
    { 17, 22, 17, 2, 22, 94, 42901 }, // Ϛ
    { 14, 24, 14, 1, 17, 84, 42995 }, // ϛ
    { 17, 21, 16, 0, 21, 90, 43079 }, // Ϝ
    { 17, 23, 15, -1, 16, 98, 43169 }, // ϝ
    { 15, 23, 15, 0, 22, 87, 43267 }, // Ϟ
    { 16, 30, 16, 0, 23, 120, 43354 }, // ϟ
    { 15, 22, 17, 2, 22, 83, 43474 }, // Ϡ
    { 13, 30, 14, 0, 23, 98, 43557 }, // ϡ
    { 20, 17, 20, 0, 16, 85, 43655 }, // ϰ
    { 17, 24, 19, 1, 17, 102, 43740 }, // ϱ
    { 14, 18, 14, 1, 17, 63, 43842 }, // ϲ
    { 14, 30, 9, -4, 23, 105, 43905 }, // ϳ
    { 20, 23, 21, 1, 22, 115, 44010 }, // ϴ
    { 14, 18, 14, 1, 17, 63, 44125 }, // ϵ
    { 13, 18, 14, 0, 17, 59, 44188 }, // ϶
    { 17, 21, 18, 0, 21, 90, 44247 }, // Ϸ
    { 18, 30, 17, -1, 23, 135, 44337 }, // ϸ
    { 19, 23, 18, 1, 22, 110, 44472 }, // Ϲ
    { 26, 21, 26, 0, 21, 137, 44582 }, // Ϻ
    { 24, 23, 23, -1, 16, 138, 44719 }, // ϻ
    { 20, 24, 18, -4, 17, 120, 44857 }, // ϼ
    { 19, 23, 18, -1, 22, 110, 44977 }, // Ͻ
    { 19, 23, 18, 1, 22, 110, 45087 }, // Ͼ
    { 19, 23, 18, -1, 22, 110, 45197 }, // Ͽ
    { 17, 28, 15, 0, 28, 119, 45307 }, // Ѐ
    { 17, 28, 15, 0, 28, 119, 45426 }, // Ё
    { 18, 22, 21, 2, 21, 99, 45545 }, // Ђ
    { 18, 28, 15, 0, 28, 126, 45644 }, // Ѓ
    { 18, 23, 18, 1, 22, 104, 45770 }, // Є
    { 16, 23, 15, 0, 22, 92, 45874 }, // Ѕ
    { 10, 21, 9, 0, 21, 53, 45966 }, // І
    { 13, 28, 9, 0, 28, 91, 46019 }, // Ї
    { 15, 28, 9, -5, 21, 105, 46110 }, // Ј
    { 30, 22, 28, -2, 21, 165, 46215 }, // Љ
    { 27, 21, 27, 0, 21, 142, 46380 }, // Њ
    { 18, 21, 21, 2, 21, 95, 46522 }, // Ћ
    { 21, 28, 18, 0, 28, 147, 46617 }, // Ќ
    { 21, 28, 20, 0, 28, 147, 46764 }, // Ѝ
    { 21, 29, 17, 0, 28, 153, 46911 }, // Ў
    { 21, 26, 20, 0, 21, 137, 47064 }, // Џ
    { 19, 21, 18, -2, 21, 100, 47201 }, // А
    { 17, 21, 17, 0, 21, 90, 47301 }, // Б
    { 19, 21, 18, 0, 21, 100, 47391 }, // В
    { 17, 21, 15, 0, 21, 90, 47491 }, // Г
    { 24, 26, 21, -3, 21, 156, 47581 }, // Д
    { 17, 21, 15, 0, 21, 90, 47737 }, // Е
    { 31, 21, 26, -2, 21, 163, 47827 }, // Ж
    { 17, 23, 17, 0, 22, 98, 47990 }, // З
    { 21, 21, 20, 0, 21, 111, 48088 }, // И
    { 21, 28, 20, 0, 28, 147, 48199 }, // Й
    { 21, 21, 18, 0, 21, 111, 48346 }, // К
    { 22, 22, 20, -1, 21, 121, 48457 }, // Л
    { 26, 21, 25, 0, 21, 137, 48578 }, // М
    { 21, 21, 20, 0, 21, 111, 48715 }, // Н
    { 20, 23, 21, 1, 22, 115, 48826 }, // О
    { 21, 21, 20, 0, 21, 111, 48941 }, // П
    { 18, 21, 17, 0, 21, 95, 49052 }, // Р
    { 18, 23, 17, 1, 22, 104, 49147 }, // С
    { 16, 21, 15, 2, 21, 84, 49251 }, // Т
    { 21, 22, 17, 0, 21, 116, 49335 }, // У
    { 25, 23, 26, 1, 22, 144, 49451 }, // Ф
    { 23, 21, 18, -2, 21, 121, 49595 }, // Х
    { 21, 26, 20, 0, 21, 137, 49716 }, // Ц
    { 18, 21, 19, 2, 21, 95, 49853 }, // Ч
    { 30, 21, 29, 0, 21, 158, 49948 }, // Ш
    { 29, 26, 29, 0, 21, 189, 50106 }, // Щ
    { 18, 21, 20, 2, 21, 95, 50295 }, // Ъ
    { 26, 21, 26, 0, 21, 137, 50390 }, // Ы
    { 17, 21, 17, 0, 21, 90, 50527 }, // Ь
    { 18, 23, 18, 0, 22, 104, 50617 }, // Э
    { 29, 23, 29, 0, 22, 167, 50721 }, // Ю
    { 21, 21, 18, -2, 21, 111, 50888 }, // Я
    { 17, 18, 17, 0, 17, 77, 50999 }, // а
    { 16, 24, 16, 1, 23, 96, 51076 }, // б
    { 16, 18, 16, 0, 17, 72, 51172 }, // в
    { 15, 18, 14, -1, 17, 68, 51244 }, // г
    { 17, 24, 17, 0, 23, 102, 51312 }, // д
    { 16, 18, 15, 0, 17, 72, 51414 }, // е
    { 30, 18, 28, -1, 17, 135, 51486 }, // ж
    { 14, 18, 15, 0, 17, 63, 51621 }, // з
    { 16, 17, 17, 1, 16, 68, 51684 }, // и
    { 16, 24, 17, 1, 23, 96, 51752 }, // й
    { 18, 16, 16, 0, 16, 72, 51848 }, // к
    { 19, 17, 18, -1, 16, 81, 51920 }, // л
    { 23, 16, 23, 0, 16, 92, 52001 }, // м
    { 17, 16, 17, 0, 16, 68, 52093 }, // н
    { 16, 18, 17, 0, 17, 72, 52161 }, // о
    { 16, 17, 17, 0, 17, 68, 52233 }, // п
    { 18, 24, 18, -1, 17, 108, 52301 }, // р
    { 14, 18, 14, 0, 17, 63, 52409 }, // с
    { 25, 17, 26, 0, 17, 107, 52472 }, // т
    { 19, 23, 16, -2, 16, 110, 52579 }, // у
    { 21, 30, 22, 0, 23, 158, 52689 }, // ф
    { 19, 16, 15, -2, 16, 76, 52847 }, // х
    { 16, 20, 18, 1, 16, 80, 52923 }, // ц
    { 15, 16, 17, 2, 16, 60, 53003 }, // ч
    { 25, 17, 26, 1, 16, 107, 53063 }, // ш
    { 25, 20, 27, 1, 16, 125, 53170 }, // щ
    { 17, 17, 18, 1, 16, 73, 53295 }, // ъ
    { 23, 17, 23, 0, 16, 98, 53368 }, // ы
    { 16, 17, 16, 0, 16, 68, 53466 }, // ь
    { 13, 18, 14, 0, 17, 59, 53534 }, // э
    { 23, 18, 24, 0, 17, 104, 53593 }, // ю
    { 18, 16, 16, -2, 16, 72, 53697 }, // я
    { 16, 24, 15, 0, 23, 96, 53769 }, // ѐ
    { 16, 23, 15, 0, 22, 92, 53865 }, // ё
    { 16, 30, 17, 0, 23, 120, 53957 }, // ђ
    { 16, 24, 14, -1, 23, 96, 54077 }, // ѓ
    { 14, 18, 14, 0, 17, 63, 54173 }, // є
    { 14, 18, 13, 0, 17, 63, 54236 }, // ѕ
    { 10, 23, 8, 0, 23, 58, 54299 }, // і
    { 11, 23, 8, 0, 23, 64, 54357 }, // ї
    { 14, 30, 8, -4, 23, 105, 54421 }, // ј
    { 26, 17, 25, -1, 16, 111, 54526 }, // љ
    { 24, 17, 24, 0, 16, 102, 54637 }, // њ
    { 16, 23, 17, 0, 23, 92, 54739 }, // ћ
    { 18, 23, 16, 0, 23, 104, 54831 }, // ќ
    { 16, 24, 17, 1, 23, 96, 54935 }, // ѝ
    { 19, 30, 16, -2, 23, 143, 55031 }, // ў
    { 16, 22, 17, 1, 16, 88, 55174 }, // џ
    { 27, 21, 26, 2, 21, 142, 55262 }, // Ѡ
    { 24, 16, 24, 1, 16, 96, 55404 }, // ѡ
    { 16, 21, 18, 1, 21, 84, 55500 }, // Ѣ
    { 24, 18, 25, 0, 17, 108, 55584 }, // ѣ
    { 28, 23, 26, 0, 22, 161, 55692 }, // Ѥ
    { 23, 18, 22, 0, 17, 104, 55853 }, // ѥ
    { 20, 21, 20, -2, 21, 105, 55957 }, // Ѧ
    { 18, 16, 17, -2, 16, 72, 56062 }, // ѧ
    { 26, 21, 27, 0, 21, 137, 56134 }, // Ѩ
    { 23, 16, 24, 0, 16, 92, 56271 }, // ѩ
    { 24, 21, 21, -2, 21, 126, 56363 }, // Ѫ
    { 20, 16, 17, -2, 16, 80, 56489 }, // ѫ
    { 30, 21, 29, 0, 21, 158, 56569 }, // Ѭ
    { 25, 16, 24, 0, 16, 100, 56727 }, // ѭ
    { 20, 33, 17, -2, 26, 165, 56827 }, // Ѯ
    { 18, 27, 15, -2, 20, 122, 56992 }, // ѯ
    { 23, 21, 24, 3, 21, 121, 57114 }, // Ѱ
    { 22, 30, 24, 1, 23, 165, 57235 }, // ѱ
    { 20, 23, 21, 1, 22, 115, 57400 }, // Ѳ
    { 15, 18, 17, 1, 17, 68, 57515 }, // ѳ
    { 19, 21, 19, 2, 21, 100, 57583 }, // Ѵ
    { 16, 17, 16, 1, 17, 68, 57683 }, // ѵ
    { 19, 28, 19, 2, 28, 133, 57751 }, // Ѷ
    { 16, 23, 16, 1, 23, 92, 57884 }, // ѷ
    { 37, 29, 36, 1, 22, 269, 57976 }, // Ѹ
    { 33, 24, 32, 1, 17, 198, 58245 }, // ѹ
    { 21, 25, 22, 1, 23, 132, 58443 }, // Ѻ
    { 17, 20, 18, 1, 18, 85, 58575 }, // ѻ
    { 28, 32, 30, 1, 31, 224, 58660 }, // Ѽ
    { 23, 27, 25, 1, 26, 156, 58884 }, // ѽ
    { 27, 27, 26, 2, 27, 183, 59040 }, // Ѿ
    { 24, 22, 24, 1, 22, 132, 59223 }, // ѿ
    { 19, 29, 18, 1, 22, 138, 59355 }, // Ҁ
    { 14, 24, 14, 1, 17, 84, 59493 }, // ҁ
    { 16, 20, 18, 1, 19, 80, 59577 }, // ҂
    { 12, 6, 0, -12, 22, 18, 59657 }, // ҃
    { 12, 6, 0, -12, 23, 18, 59675 }, // ҄
    { 5, 7, 0, -8, 24, 9, 59693 }, // ҅
    { 6, 7, 0, -9, 24, 11, 59702 }, // ҆
    { 13, 5, 0, -3, 27, 17, 59713 }, // ҇
    { 34, 31, 0, -17, 23, 264, 59730 }, // ҈
    { 34, 33, 0, -17, 24, 281, 59994 }, // ҉
    { 23, 35, 24, 0, 28, 202, 60275 }, // Ҋ
    { 18, 29, 18, 1, 23, 131, 60477 }, // ҋ
    { 16, 21, 17, 0, 21, 84, 60608 }, // Ҍ
    { 14, 24, 17, 1, 23, 84, 60692 }, // ҍ
    { 18, 21, 18, 0, 21, 95, 60776 }, // Ҏ
    { 18, 24, 17, -1, 17, 108, 60871 }, // ҏ
    { 18, 26, 15, 0, 26, 117, 60979 }, // Ґ
    { 16, 21, 13, 0, 21, 84, 61096 }, // ґ
    { 17, 21, 15, 0, 21, 90, 61180 }, // Ғ
    { 16, 16, 14, -1, 16, 64, 61270 }, // ғ
    { 17, 29, 19, 0, 21, 124, 61334 }, // Ҕ
    { 15, 24, 17, 0, 16, 90, 61458 }, // ҕ
    { 30, 28, 27, -2, 21, 210, 61548 }, // Җ
    { 30, 23, 28, -1, 17, 173, 61758 }, // җ
    { 17, 30, 17, 0, 22, 128, 61931 }, // Ҙ
    { 14, 25, 15, 0, 17, 88, 62059 }, // ҙ
    { 21, 28, 20, 0, 21, 147, 62147 }, // Қ
    { 18, 22, 18, 0, 16, 99, 62294 }, // қ
    { 21, 21, 18, 0, 21, 111, 62393 }, // Ҝ
    { 18, 16, 17, 1, 16, 72, 62504 }, // ҝ
    { 21, 21, 18, 0, 21, 111, 62576 }, // Ҟ
    { 18, 23, 17, 0, 23, 104, 62687 }, // ҟ
    { 21, 21, 20, 2, 21, 111, 62791 }, // Ҡ
    { 20, 16, 19, 1, 16, 80, 62902 }, // ҡ
    { 21, 28, 22, 0, 21, 147, 62982 }, // Ң
    { 19, 22, 20, 0, 16, 105, 63129 }, // ң
    { 25, 21, 22, 0, 21, 132, 63234 }, // Ҥ
    { 23, 16, 21, 0, 16, 92, 63366 }, // ҥ
    { 28, 29, 30, 0, 21, 203, 63458 }, // Ҧ
    { 23, 24, 25, 0, 16, 138, 63661 }, // ҧ
    { 20, 24, 21, 1, 22, 120, 63799 }, // Ҩ
    { 16, 19, 18, 1, 17, 76, 63919 }, // ҩ
    { 19, 30, 18, 1, 22, 143, 63995 }, // Ҫ
    { 14, 25, 14, 1, 17, 88, 64138 }, // ҫ
    { 16, 28, 15, 2, 21, 112, 64226 }, // Ҭ
    { 26, 23, 27, 0, 17, 150, 64338 }, // ҭ
    { 18, 21, 16, 2, 21, 95, 64488 }, // Ү
    { 16, 23, 15, 1, 16, 92, 64583 }, // ү
    { 19, 21, 16, 1, 21, 100, 64675 }, // Ұ
    { 18, 23, 15, -1, 16, 104, 64775 }, // ұ
    { 22, 28, 20, -2, 21, 154, 64879 }, // Ҳ
    { 20, 22, 17, -2, 16, 110, 65033 }, // ҳ
    { 22, 28, 24, 2, 21, 154, 65143 }, // Ҵ
    { 18, 22, 20, 1, 16, 99, 65297 }, // ҵ
    { 19, 28, 22, 2, 21, 133, 65396 }, // Ҷ
    { 16, 22, 19, 2, 16, 88, 65529 }, // ҷ
    { 18, 21, 20, 2, 21, 95, 65617 }, // Ҹ
    { 16, 16, 18, 2, 16, 64, 65712 }, // ҹ
    { 18, 21, 20, 0, 21, 95, 65776 }, // Һ
    { 17, 23, 18, 0, 23, 98, 65871 }, // һ
    { 23, 23, 23, 0, 22, 133, 65969 }, // Ҽ
    { 19, 18, 19, 0, 17, 86, 66102 }, // ҽ
    { 23, 29, 23, 0, 22, 167, 66188 }, // Ҿ
    { 19, 23, 19, 0, 17, 110, 66355 }, // ҿ
    { 14, 21, 11, -1, 21, 74, 66465 }, // Ӏ
    { 31, 28, 26, -2, 28, 217, 66539 }, // Ӂ
    { 30, 24, 28, -1, 23, 180, 66756 }, // ӂ
    { 21, 29, 20, 0, 21, 153, 66936 }, // Ӄ
    { 18, 24, 18, 0, 16, 108, 67089 }, // ӄ
    { 23, 28, 22, -1, 21, 161, 67197 }, // Ӆ
    { 20, 23, 19, -1, 17, 115, 67358 }, // ӆ
    { 21, 29, 20, 0, 21, 153, 67473 }, // Ӈ
    { 18, 24, 18, 0, 16, 108, 67626 }, // ӈ
    { 22, 28, 22, 0, 21, 154, 67734 }, // Ӊ
    { 19, 22, 20, 0, 16, 105, 67888 }, // ӊ
    { 18, 28, 20, 2, 21, 126, 67993 }, // Ӌ
    { 15, 22, 17, 2, 16, 83, 68119 }, // ӌ
    { 27, 28, 28, 0, 21, 189, 68202 }, // Ӎ
    { 24, 22, 24, 0, 16, 132, 68391 }, // ӎ
    { 14, 21, 11, -1, 21, 74, 68523 }, // ӏ
    { 21, 28, 18, -2, 28, 147, 68597 }, // Ӑ
    { 16, 24, 17, 1, 23, 96, 68744 }, // ӑ
    { 20, 27, 18, -2, 27, 135, 68840 }, // Ӓ
    { 16, 23, 17, 1, 22, 92, 68975 }, // ӓ
    { 30, 21, 26, -2, 21, 158, 69067 }, // Ӕ
    { 24, 18, 25, 1, 17, 108, 69225 }, // ӕ
    { 18, 28, 16, 0, 28, 126, 69333 }, // Ӗ
    { 17, 24, 16, 1, 23, 102, 69459 }, // ӗ
    { 19, 23, 19, 0, 22, 110, 69561 }, // Ә
    { 15, 18, 16, 0, 17, 68, 69671 }, // ә
    { 19, 28, 19, 0, 27, 133, 69739 }, // Ӛ
    { 15, 23, 16, 0, 22, 87, 69872 }, // ӛ
    { 31, 27, 26, -2, 27, 210, 69959 }, // Ӝ
    { 30, 23, 28, -1, 22, 173, 70169 }, // ӝ
    { 17, 28, 17, 0, 27, 119, 70342 }, // Ӟ
    { 15, 23, 15, 0, 22, 87, 70461 }, // ӟ
    { 18, 22, 16, -1, 21, 99, 70548 }, // Ӡ
    { 18, 24, 16, -2, 16, 108, 70647 }, // ӡ
    { 21, 26, 20, 0, 26, 137, 70755 }, // Ӣ
    { 17, 22, 18, 1, 21, 94, 70892 }, // ӣ
    { 21, 27, 20, 0, 27, 142, 70986 }, // Ӥ
    { 17, 23, 18, 1, 22, 98, 71128 }, // ӥ
    { 20, 28, 21, 1, 27, 140, 71226 }, // Ӧ
    { 15, 23, 17, 1, 22, 87, 71366 }, // ӧ
    { 20, 23, 21, 1, 22, 115, 71453 }, // Ө
    { 15, 18, 17, 1, 17, 68, 71568 }, // ө
    { 20, 28, 21, 1, 27, 140, 71636 }, // Ӫ
    { 15, 23, 17, 1, 22, 87, 71776 }, // ӫ
    { 18, 28, 18, 0, 27, 126, 71863 }, // Ӭ
    { 14, 23, 14, 0, 22, 81, 71989 }, // ӭ
    { 21, 27, 17, 0, 26, 142, 72070 }, // Ӯ
    { 20, 28, 15, -3, 21, 140, 72212 }, // ӯ
    { 21, 28, 17, 0, 27, 147, 72352 }, // Ӱ
    { 20, 29, 15, -3, 22, 145, 72499 }, // ӱ
    { 21, 29, 17, 0, 28, 153, 72644 }, // Ӳ
    { 21, 30, 15, -3, 23, 158, 72797 }, // ӳ
    { 18, 27, 19, 2, 27, 122, 72955 }, // Ӵ
    { 15, 22, 17, 2, 22, 83, 73077 }, // ӵ
    { 17, 28, 15, 0, 21, 119, 73160 }, // Ӷ
    { 15, 22, 14, 0, 16, 83, 73279 }, // ӷ
    { 26, 27, 26, 0, 27, 176, 73362 }, // Ӹ
    { 23, 23, 23, 0, 22, 133, 73538 }, // ӹ
    { 17, 29, 15, 0, 21, 124, 73671 }, // Ӻ
    { 16, 24, 14, -1, 16, 96, 73795 }, // ӻ
    { 22, 29, 20, -2, 21, 160, 73891 }, // Ӽ
    { 19, 24, 17, -2, 16, 114, 74051 }, // ӽ
    { 23, 21, 18, -2, 21, 121, 74165 }, // Ӿ
    { 19, 16, 15, -2, 16, 76, 74286 }, // ӿ
    { 0, 0, 15, 0, 0, 0, 74362 }, //  
    { 0, 0, 29, 0, 0, 0, 74362 }, //  
    { 0, 0, 15, 0, 0, 0, 74362 }, //  
    { 0, 0, 29, 0, 0, 0, 74362 }, //  
    { 0, 0, 10, 0, 0, 0, 74362 }, //  
    { 0, 0, 7, 0, 0, 0, 74362 }, //  
    { 0, 0, 5, 0, 0, 0, 74362 }, //  
    { 0, 0, 16, 0, 0, 0, 74362 }, //  
    { 0, 0, 8, 0, 0, 0, 74362 }, //  
    { 0, 0, 5, 0, 0, 0, 74362 }, //  
    { 0, 0, 3, 0, 0, 0, 74362 }, //  
    { 0, 0, 0, 0, 0, 0, 74362 }, // ​
    { 0, 0, 0, 0, 0, 0, 74362 }, // ‌
    { 0, 0, 0, 0, 0, 0, 74362 }, // ‍
    { 8, 25, 0, -1, 21, 50, 74362 }, // ‎
    { 8, 25, 0, -7, 21, 50, 74412 }, // ‏
    { 9, 4, 9, 0, 10, 9, 74462 }, // ‐
    { 9, 4, 9, 0, 10, 9, 74471 }, // ‑
    { 15, 4, 16, 1, 12, 15, 74480 }, // ‒
    { 14, 4, 14, 0, 10, 14, 74495 }, // –
    { 28, 4, 28, 0, 10, 28, 74509 }, // —
    { 28, 4, 28, 0, 10, 28, 74537 }, // ―
    { 12, 30, 16, 2, 23, 90, 74565 }, // ‖
    { 14, 7, 12, -4, 0, 25, 74655 }, // ‗
    { 8, 8, 6, 1, 21, 16, 74680 }, // ‘
    { 8, 8, 6, 1, 21, 16, 74696 }, // ’
    { 8, 8, 8, -2, 4, 16, 74712 }, // ‚
    { 5, 8, 6, 3, 21, 10, 74728 }, // ‛
    { 14, 8, 13, 1, 21, 28, 74738 }, // “
    { 14, 8, 13, 1, 21, 28, 74766 }, // ”
    { 14, 8, 15, -2, 4, 28, 74794 }, // „
    { 11, 8, 13, 3, 21, 22, 74822 }, // ‟
    { 13, 23, 15, 2, 23, 75, 74844 }, // †
    { 16, 23, 15, 0, 23, 92, 74919 }, // ‡
    { 10, 10, 11, 1, 16, 25, 75011 }, // •
    { 10, 12, 10, 1, 17, 30, 75036 }, // ‣
    { 6, 6, 15, 3, 5, 9, 75066 }, // ․
    { 14, 6, 17, 0, 5, 21, 75075 }, // ‥
    { 22, 6, 24, 0, 5, 33, 75096 }, // …
    { 6, 6, 9, 2, 11, 9, 75129 }, // ‧
    { 0, 0, 18, 0, 0, 0, 75138 }, //  
    { 0, 0, 18, 0, 0, 0, 75138 }, //  
    { 8, 22, 0, -1, 18, 44, 75138 }, // ‪
    { 8, 22, 0, -7, 18, 44, 75182 }, // ‫
    { 8, 25, 0, -4, 21, 50, 75226 }, // ‬
    { 8, 25, 0, -4, 21, 50, 75276 }, // ‭
    { 8, 25, 0, -4, 21, 50, 75326 }, // ‮
    { 0, 0, 5, 0, 0, 0, 75376 }, //  
    { 34, 23, 36, 1, 22, 196, 75376 }, // ‰
    { 45, 23, 46, 1, 22, 259, 75572 }, // ‱
    { 10, 8, 8, 1, 21, 20, 75831 }, // ′
    { 16, 8, 15, 1, 21, 32, 75851 }, // ″
    { 23, 8, 22, 1, 21, 46, 75883 }, // ‴
    { 8, 8, 8, 2, 21, 16, 75929 }, // ‵
    { 14, 8, 15, 2, 21, 28, 75945 }, // ‶
    { 21, 8, 22, 2, 21, 42, 75973 }, // ‷
    { 11, 10, 10, -3, 3, 28, 76015 }, // ‸
    { 9, 14, 10, 1, 15, 32, 76043 }, // ‹
    { 9, 14, 9, 0, 15, 32, 76075 }, // ›
    { 24, 23, 25, 0, 22, 138, 76107 }, // ※
    { 18, 22, 16, 0, 21, 99, 76245 }, // ‼
    { 13, 23, 13, 2, 22, 75, 76344 }, // ‽
    { 15, 4, 12, 2, 26, 15, 76419 }, // ‾
    { 16, 7, 16, -2, 0, 28, 76434 }, // ‿
    { 16, 8, 16, 2, 24, 32, 76462 }, // ⁀
    { 15, 19, 11, -3, 12, 72, 76494 }, // ⁁
    { 33, 27, 34, -1, 23, 223, 76566 }, // ⁂
    { 9, 5, 9, 0, 10, 12, 76789 }, // ⁃
    { 20, 21, 4, -8, 21, 105, 76801 }, // ⁄
    { 13, 26, 10, -1, 21, 85, 76906 }, // ⁅
    { 13, 26, 10, -2, 21, 85, 76991 }, // ⁆
    { 26, 23, 26, 2, 22, 150, 77076 }, // ⁇
    { 21, 23, 22, 2, 22, 121, 77226 }, // ⁈
    { 23, 23, 22, 0, 22, 133, 77347 }, // ⁉
    { 15, 16, 16, 1, 16, 60, 77480 }, // ⁊
    { 16, 27, 18, 2, 23, 108, 77540 }, // ⁋
    { 16, 15, 19, 1, 16, 60, 77648 }, // ⁌
    { 16, 15, 19, 2, 16, 60, 77708 }, // ⁍
    { 15, 15, 16, -1, 8, 57, 77768 }, // ⁎
    { 8, 21, 8, 1, 17, 42, 77825 }, // ⁏
    { 20, 31, 16, -2, 24, 155, 77867 }, // ⁐
    { 18, 30, 16, -1, 23, 135, 78022 }, // ⁑
    { 13, 23, 12, 0, 22, 75, 78157 }, // ⁒
    { 28, 7, 29, 1, 12, 49, 78232 }, // ⁓
    { 16, 7, 16, -3, 0, 28, 78281 }, // ⁔
    { 16, 16, 17, 0, 15, 64, 78309 }, // ⁕
    { 14, 23, 16, 1, 22, 81, 78373 }, // ⁖
    { 27, 8, 26, 1, 21, 54, 78454 }, // ⁗
    { 23, 23, 25, 1, 22, 133, 78508 }, // ⁘
    { 23, 23, 25, 1, 22, 133, 78641 }, // ⁙
    { 6, 23, 8, 1, 22, 35, 78774 }, // ⁚
    { 19, 24, 21, 1, 23, 114, 78809 }, // ⁛
    { 24, 23, 24, 0, 22, 138, 78923 }, // ⁜
    { 6, 24, 8, 1, 23, 36, 79061 }, // ⁝
    { 5, 23, 8, 2, 22, 29, 79097 }, // ⁞
    { 0, 0, 6, 0, 0, 0, 79126 }, //  
    { 0, 0, 18, 0, 0, 0, 79126 }, // ⁠
    { 0, 0, 18, 0, 0, 0, 79126 }, // ⁡
    { 0, 0, 18, 0, 0, 0, 79126 }, // ⁢
    { 0, 0, 18, 0, 0, 0, 79126 }, // ⁣
    { 0, 0, 18, 0, 0, 0, 79126 }, // ⁤
    { 0, 0, 18, 0, 0, 0, 79126 }, // ⁦
    { 0, 0, 18, 0, 0, 0, 79126 }, // ⁧
    { 0, 0, 18, 0, 0, 0, 79126 }, // ⁨
    { 0, 0, 18, 0, 0, 0, 79126 }, // ⁩
    { 8, 25, 0, -4, 21, 50, 79126 }, // ⁪
    { 8, 25, 0, -4, 21, 50, 79176 }, // ⁫
    { 8, 25, 0, -4, 21, 50, 79226 }, // ⁬
    { 8, 25, 0, -4, 21, 50, 79276 }, // ⁭
    { 8, 25, 0, -4, 21, 50, 79326 }, // ⁮
    { 8, 25, 0, -4, 21, 50, 79376 }, // ⁯
    { 17, 22, 17, 1, 22, 94, 79426 }, // ₠
    { 19, 25, 16, 0, 23, 119, 79520 }, // ₡
    { 18, 23, 17, 0, 22, 104, 79639 }, // ₢
    { 18, 21, 16, 0, 21, 95, 79743 }, // ₣
    { 19, 22, 16, -1, 22, 105, 79838 }, // ₤
    { 25, 24, 26, 0, 20, 150, 79943 }, // ₥
    { 18, 21, 17, 0, 21, 95, 80093 }, // ₦
    { 25, 22, 25, 0, 21, 138, 80188 }, // ₧
    { 27, 22, 26, 0, 21, 149, 80326 }, // ₨
    { 23, 21, 21, 0, 21, 121, 80475 }, // ₩
    { 26, 21, 25, 0, 21, 137, 80596 }, // ₪
    { 20, 28, 17, 0, 23, 140, 80733 }, // ₫
    { 18, 23, 16, 0, 22, 104, 80873 }, // €
    { 20, 21, 17, 0, 21, 105, 80977 }, // ₭
    { 17, 21, 15, 1, 21, 90, 81082 }, // ₮
    { 29, 29, 29, 0, 22, 211, 81172 }, // ₯
    { 20, 29, 17, -2, 22, 145, 81383 }, // ₰
    { 18, 21, 17, 0, 21, 95, 81528 }, // ₱
    { 19, 26, 20, 1, 23, 124, 81623 }, // ₲
    { 21, 21, 18, -2, 21, 111, 81747 }, // ₳
    { 18, 23, 17, 0, 22, 104, 81858 }, // ₴
    { 19, 26, 18, 1, 23, 124, 81962 }, // ₵
    { 21, 21, 20, 0, 20, 111, 82086 }, // ₶
    { 22, 25, 20, -1, 22, 138, 82197 }, // ₷
    { 17, 21, 15, 1, 21, 90, 82335 }, // ₸
    { 15, 21, 16, 2, 21, 79, 82425 }, // ₹
    { 16, 22, 16, 0, 21, 88, 82504 }, // ₺
    { 19, 23, 19, 1, 22, 110, 82592 }, // ₻
    { 24, 21, 24, -1, 21, 126, 82702 }, // ₼
    { 19, 21, 17, -1, 21, 100, 82828 }, // ₽
    { 20, 24, 18, -1, 24, 120, 82928 }, // ₾
    { 17, 27, 16, 0, 24, 115, 83048 }, // ₿
    { 14, 23, 15, 0, 22, 81, 83163 }, // ℓ
    { 19, 21, 21, 2, 21, 100, 83244 }, // ℝ
    { 27, 12, 29, 1, 14, 81, 83344 }, // ←
    { 12, 27, 15, 2, 22, 81, 83425 }, // ↑
    { 27, 12, 29, 1, 14, 81, 83506 }, // →
    { 12, 27, 15, 2, 22, 81, 83587 }, // ↓
    { 31, 12, 33, 1, 14, 93, 83668 }, // ↔
    { 12, 30, 15, 2, 23, 90, 83761 }, // ↕
    { 21, 21, 23, 1, 19, 111, 83851 }, // ↖
    { 21, 21, 23, 1, 19, 111, 83962 }, // ↗
    { 21, 21, 23, 1, 18, 111, 84073 }, // ↘
    { 21, 21, 23, 1, 18, 111, 84184 }, // ↙
    { 27, 12, 29, 1, 14, 81, 84295 }, // ↚
    { 27, 12, 29, 1, 14, 81, 84376 }, // ↛
    { 27, 11, 29, 1, 15, 75, 84457 }, // ↜
    { 27, 11, 29, 1, 15, 75, 84532 }, // ↝
    { 27, 12, 29, 1, 14, 81, 84607 }, // ↞
    { 12, 27, 15, 2, 22, 81, 84688 }, // ↟
    { 27, 12, 29, 1, 14, 81, 84769 }, // ↠
    { 12, 27, 15, 2, 22, 81, 84850 }, // ↡
    { 27, 12, 29, 1, 14, 81, 84931 }, // ↢
    { 27, 12, 29, 1, 14, 81, 85012 }, // ↣
    { 27, 12, 29, 1, 14, 81, 85093 }, // ↤
    { 12, 27, 15, 2, 22, 81, 85174 }, // ↥
    { 27, 12, 29, 1, 14, 81, 85255 }, // ↦
    { 12, 28, 15, 2, 22, 84, 85336 }, // ↧
    { 12, 30, 15, 2, 25, 90, 85420 }, // ↨
    { 28, 15, 30, 1, 17, 105, 85510 }, // ↩
    { 28, 15, 30, 1, 17, 105, 85615 }, // ↪
    { 30, 15, 32, 1, 17, 113, 85720 }, // ↫
    { 30, 15, 32, 1, 17, 113, 85833 }, // ↬
    { 33, 12, 35, 1, 14, 99, 85946 }, // ↭
    { 31, 12, 33, 1, 14, 93, 86045 }, // ↮
    { 16, 28, 18, 1, 22, 112, 86138 }, // ↯
    { 15, 27, 21, 3, 22, 102, 86250 }, // ↰
    { 15, 27, 21, 3, 22, 102, 86352 }, // ↱
    { 15, 27, 21, 3, 22, 102, 86454 }, // ↲
    { 15, 27, 21, 3, 22, 102, 86556 }, // ↳
    { 18, 15, 24, 3, 12, 68, 86658 }, // ↴
    { 15, 18, 21, 3, 17, 68, 86726 }, // ↵
    { 30, 16, 36, 3, 16, 120, 86794 }, // ↶
    { 30, 16, 36, 3, 16, 120, 86914 }, // ↷
    { 21, 24, 23, 1, 22, 126, 87034 }, // ↸
    { 27, 24, 29, 1, 20, 162, 87160 }, // ↹
    { 28, 25, 34, 3, 21, 175, 87322 }, // ↺
    { 28, 25, 34, 3, 21, 175, 87497 }, // ↻
    { 27, 7, 29, 1, 14, 48, 87672 }, // ↼
    { 27, 8, 29, 1, 10, 54, 87720 }, // ↽
    { 8, 27, 14, 5, 22, 54, 87774 }, // ↾
    { 7, 27, 14, 2, 22, 48, 87828 }, // ↿
    { 27, 7, 29, 1, 14, 48, 87876 }, // ⇀
    { 27, 8, 29, 1, 10, 54, 87924 }, // ⇁
    { 8, 27, 14, 5, 22, 54, 87978 }, // ⇂
    { 7, 27, 14, 2, 22, 48, 88032 }, // ⇃
    { 27, 24, 29, 1, 20, 162, 88080 }, // ⇄
    { 23, 27, 27, 2, 22, 156, 88242 }, // ⇅
    { 27, 23, 29, 1, 19, 156, 88398 }, // ⇆
    { 27, 23, 29, 1, 19, 156, 88554 }, // ⇇
    { 23, 27, 27, 2, 22, 156, 88710 }, // ⇈
    { 27, 24, 29, 1, 20, 162, 88866 }, // ⇉
    { 23, 27, 27, 2, 22, 156, 89028 }, // ⇊
    { 27, 18, 29, 1, 17, 122, 89184 }, // ⇋
    { 27, 18, 29, 1, 17, 122, 89306 }, // ⇌
    { 27, 19, 29, 1, 17, 129, 89428 }, // ⇍
    { 35, 19, 37, 1, 17, 167, 89557 }, // ⇎
    { 27, 19, 29, 1, 17, 129, 89724 }, // ⇏
    { 27, 19, 29, 1, 17, 129, 89853 }, // ⇐
    { 19, 27, 22, 2, 22, 129, 89982 }, // ⇑
    { 27, 19, 29, 1, 17, 129, 90111 }, // ⇒
    { 19, 27, 22, 2, 22, 129, 90240 }, // ⇓
    { 35, 19, 37, 1, 17, 167, 90369 }, // ⇔
    { 19, 34, 22, 2, 26, 162, 90536 }, // ⇕
    { 23, 23, 25, 1, 20, 133, 90698 }, // ⇖
    { 23, 23, 25, 1, 20, 133, 90831 }, // ⇗
    { 23, 23, 25, 1, 19, 133, 90964 }, // ⇘
    { 23, 22, 25, 1, 19, 127, 91097 }, // ⇙
    { 27, 23, 29, 1, 20, 156, 91224 }, // ⇚
    { 27, 23, 29, 1, 20, 156, 91380 }, // ⇛
    { 30, 12, 32, 1, 14, 90, 91536 }, // ⇜
    { 30, 12, 32, 1, 14, 90, 91626 }, // ⇝
    { 9, 21, 13, 2, 21, 48, 91716 }, // ⇞
    { 9, 20, 13, 2, 20, 45, 91764 }, // ⇟
    { 27, 12, 29, 1, 14, 81, 91809 }, // ⇠
    { 12, 27, 15, 2, 25, 81, 91890 }, // ⇡
    { 27, 12, 29, 1, 14, 81, 91971 }, // ⇢
    { 12, 27, 15, 2, 21, 81, 92052 }, // ⇣
    { 27, 12, 29, 1, 14, 81, 92133 }, // ⇤
    { 27, 12, 29, 1, 14, 81, 92214 }, // ⇥
    { 22, 17, 24, 1, 18, 94, 92295 }, // ⇦
    { 17, 22, 19, 1, 21, 94, 92389 }, // ⇧
    { 22, 17, 24, 1, 18, 94, 92483 }, // ⇨
    { 17, 22, 19, 1, 20, 94, 92577 }, // ⇩
    { 17, 24, 19, 1, 21, 102, 92671 }, // ⇪
    { 17, 24, 19, 1, 21, 102, 92773 }, // ⇫
    { 17, 24, 19, 1, 21, 102, 92875 }, // ⇬
    { 17, 24, 19, 1, 21, 102, 92977 }, // ⇭
    { 17, 28, 19, 1, 25, 119, 93079 }, // ⇮
    { 17, 28, 19, 1, 25, 119, 93198 }, // ⇯
    { 24, 16, 26, 1, 18, 96, 93317 }, // ⇰
    { 26, 26, 28, 1, 23, 169, 93413 }, // ⇱
    { 26, 25, 28, 1, 21, 163, 93582 }, // ⇲
    { 17, 27, 19, 1, 23, 115, 93745 }, // ⇳
    { 27, 12, 29, 1, 14, 81, 93860 }, // ⇴
    { 23, 27, 27, 2, 22, 156, 93941 }, // ⇵
    { 27, 34, 29, 1, 25, 230, 94097 }, // ⇶
    { 27, 12, 29, 1, 14, 81, 94327 }, // ⇷
    { 27, 12, 29, 1, 14, 81, 94408 }, // ⇸
    { 31, 12, 33, 1, 14, 93, 94489 }, // ⇹
    { 27, 12, 29, 1, 14, 81, 94582 }, // ⇺
    { 27, 12, 29, 1, 14, 81, 94663 }, // ⇻
    { 31, 12, 33, 1, 14, 93, 94744 }, // ⇼
    { 27, 12, 29, 1, 14, 81, 94837 }, // ⇽
    { 27, 12, 29, 1, 14, 81, 94918 }, // ⇾
    { 33, 12, 35, 1, 14, 99, 94999 }, // ⇿
    { 20, 21, 22, 1, 21, 105, 95098 }, // ∀
    { 11, 22, 13, 1, 22, 61, 95203 }, // ∁
    { 14, 22, 15, 1, 22, 77, 95264 }, // ∂
    { 15, 21, 17, 1, 21, 79, 95341 }, // ∃
    { 15, 27, 17, 1, 24, 102, 95420 }, // ∄
    { 22, 23, 24, 1, 22, 127, 95522 }, // ∅
    { 17, 21, 17, 0, 21, 90, 95649 }, // ∆
    { 17, 22, 17, 0, 21, 94, 95739 }, // ∇
    { 18, 17, 20, 1, 17, 77, 95833 }, // ∈
    { 18, 25, 20, 1, 21, 113, 95910 }, // ∉
    { 14, 13, 16, 1, 15, 46, 96023 }, // ∊
    { 18, 17, 20, 1, 17, 77, 96069 }, // ∋
    { 18, 25, 20, 1, 21, 113, 96146 }, // ∌
    { 14, 13, 16, 1, 15, 46, 96259 }, // ∍
    { 14, 20, 16, 1, 20, 70, 96305 }, // ∎
    { 25, 29, 27, 1, 21, 182, 96375 }, // ∏
    { 25, 28, 27, 1, 21, 175, 96557 }, // ∐
    { 23, 28, 25, 1, 21, 161, 96732 }, // ∑
    { 9, 4, 9, 0, 10, 9, 96893 }, // −
    { 15, 15, 17, 1, 16, 57, 96902 }, // ∓
    { 15, 19, 17, 1, 20, 72, 96959 }, // ∔
    { 10, 26, 12, 1, 21, 65, 97031 }, // ∕
    { 10, 26, 12, 1, 21, 65, 97096 }, // ∖
    { 11, 11, 13, 1, 14, 31, 97161 }, // ∗
    { 9, 8, 11, 1, 12, 18, 97192 }, // ∘
    { 6, 5, 8, 1, 10, 8, 97210 }, // ∙
    { 20, 31, 20, 1, 31, 155, 97218 }, // √
    { 20, 31, 20, 1, 31, 155, 97373 }, // ∛
    { 20, 31, 20, 1, 31, 155, 97528 }, // ∜
    { 14, 9, 16, 1, 13, 32, 97683 }, // ∝
    { 25, 14, 27, 1, 14, 88, 97715 }, // ∞
    { 17, 16, 19, 1, 16, 68, 97803 }, // ∟
    { 17, 15, 19, 1, 15, 64, 97871 }, // ∠
    { 17, 19, 19, 1, 15, 81, 97935 }, // ∡
    { 15, 16, 17, 1, 16, 60, 98016 }, // ∢
    { 3, 26, 5, 1, 21, 20, 98076 }, // ∣
    { 11, 26, 13, 1, 21, 72, 98096 }, // ∤
    { 8, 26, 10, 1, 21, 52, 98168 }, // ∥
    { 16, 26, 18, 1, 21, 104, 98220 }, // ∦
    { 19, 17, 21, 1, 17, 81, 98324 }, // ∧
    { 19, 17, 21, 1, 17, 81, 98405 }, // ∨
    { 18, 20, 20, 1, 19, 90, 98486 }, // ∩
    { 18, 20, 20, 1, 20, 90, 98576 }, // ∪
    { 22, 33, 24, 1, 26, 182, 98666 }, // ∫
    { 32, 33, 34, 1, 26, 264, 98848 }, // ∬
    { 42, 33, 44, 1, 26, 347, 99112 }, // ∭
    { 22, 33, 24, 1, 26, 182, 99459 }, // ∮
    { 32, 33, 34, 1, 26, 264, 99641 }, // ∯
    { 42, 33, 44, 1, 26, 347, 99905 }, // ∰
    { 22, 33, 24, 1, 26, 182, 100252 }, // ∱
    { 22, 33, 24, 1, 26, 182, 100434 }, // ∲
    { 22, 33, 24, 1, 26, 182, 100616 }, // ∳
    { 15, 13, 17, 1, 14, 49, 100798 }, // ∴
    { 15, 13, 17, 1, 14, 49, 100847 }, // ∵
    { 4, 13, 6, 1, 14, 13, 100896 }, // ∶
    { 15, 13, 17, 1, 14, 49, 100909 }, // ∷
    { 15, 7, 17, 1, 14, 27, 100958 }, // ∸
    { 16, 9, 18, 1, 12, 36, 100985 }, // ∹
    { 15, 13, 17, 1, 14, 49, 101021 }, // ∺
    { 15, 13, 17, 1, 15, 49, 101070 }, // ∻
    { 15, 4, 17, 1, 10, 15, 101119 }, // ∼
    { 15, 4, 17, 1, 10, 15, 101134 }, // ∽
    { 18, 9, 20, 1, 12, 41, 101149 }, // ∾
    { 17, 16, 19, 1, 16, 68, 101190 }, // ∿
    { 5, 15, 7, 1, 16, 19, 101258 }, // ≀
    { 15, 12, 17, 1, 14, 45, 101277 }, // ≁
    { 15, 8, 17, 1, 12, 30, 101322 }, // ≂
    { 15, 8, 17, 1, 12, 30, 101352 }, // ≃
    { 15, 17, 17, 1, 16, 64, 101382 }, // ≄
    { 15, 13, 17, 1, 15, 49, 101446 }, // ≅
    { 15, 17, 17, 1, 15, 64, 101495 }, // ≆
    { 15, 19, 17, 1, 17, 72, 101559 }, // ≇
    { 15, 10, 17, 1, 13, 38, 101631 }, // ≈
    { 15, 17, 17, 1, 16, 64, 101669 }, // ≉
    { 15, 13, 17, 1, 15, 49, 101733 }, // ≊
    { 15, 14, 17, 1, 16, 53, 101782 }, // ≋
    { 15, 13, 17, 1, 15, 49, 101835 }, // ≌
    { 15, 10, 17, 1, 13, 38, 101884 }, // ≍
    { 15, 17, 17, 1, 17, 64, 101922 }, // ≎
    { 15, 12, 17, 1, 16, 45, 101986 }, // ≏
    { 15, 13, 17, 1, 17, 49, 102031 }, // ≐
    { 15, 19, 17, 1, 18, 72, 102080 }, // ≑
    { 15, 19, 17, 1, 18, 72, 102152 }, // ≒
    { 15, 19, 17, 1, 18, 72, 102224 }, // ≓
    { 18, 9, 20, 1, 12, 41, 102296 }, // ≔
    { 18, 9, 20, 1, 12, 41, 102337 }, // ≕
    { 15, 8, 17, 1, 12, 30, 102378 }, // ≖
    { 15, 17, 17, 1, 21, 64, 102408 }, // ≗
    { 15, 15, 17, 1, 19, 57, 102472 }, // ≘
    { 15, 18, 17, 1, 22, 68, 102529 }, // ≙
    { 15, 18, 17, 1, 19, 68, 102597 }, // ≚
    { 15, 20, 17, 1, 24, 75, 102665 }, // ≛
    { 15, 19, 17, 1, 23, 72, 102740 }, // ≜
    { 15, 17, 17, 1, 21, 64, 102812 }, // ≝
    { 15, 15, 17, 1, 19, 57, 102876 }, // ≞
    { 15, 17, 17, 1, 21, 64, 102933 }, // ≟
    { 15, 16, 17, 1, 16, 60, 102997 }, // ≠
    { 15, 13, 17, 1, 15, 49, 103057 }, // ≡
    { 15, 19, 17, 1, 18, 72, 103106 }, // ≢
    { 15, 18, 17, 1, 18, 68, 103178 }, // ≣
    { 15, 18, 17, 1, 17, 68, 103246 }, // ≤
    { 15, 18, 17, 1, 17, 68, 103314 }, // ≥
    { 15, 20, 17, 1, 19, 75, 103382 }, // ≦
    { 15, 20, 17, 1, 19, 75, 103457 }, // ≧
    { 15, 23, 17, 1, 19, 87, 103532 }, // ≨
    { 15, 23, 17, 1, 19, 87, 103619 }, // ≩
    { 24, 16, 24, 0, 16, 96, 103706 }, // ≪
    { 24, 16, 24, 0, 16, 96, 103802 }, // ≫
    { 8, 22, 10, 1, 19, 44, 103898 }, // ≬
    { 15, 16, 17, 1, 16, 60, 103942 }, // ≭
    { 15, 25, 17, 1, 22, 94, 104002 }, // ≮
    { 15, 25, 17, 1, 20, 94, 104096 }, // ≯
    { 15, 25, 17, 1, 20, 94, 104190 }, // ≰
    { 15, 25, 17, 1, 20, 94, 104284 }, // ≱
    { 15, 18, 17, 1, 17, 68, 104378 }, // ≲
    { 15, 18, 17, 1, 17, 68, 104446 }, // ≳
    { 15, 25, 17, 1, 20, 94, 104514 }, // ≴
    { 15, 25, 17, 1, 21, 94, 104608 }, // ≵
    { 15, 22, 17, 1, 19, 83, 104702 }, // ≶
    { 15, 22, 17, 1, 19, 83, 104785 }, // ≷
    { 15, 25, 17, 1, 20, 94, 104868 }, // ≸
    { 15, 25, 17, 1, 20, 94, 104962 }, // ≹
    { 14, 16, 16, 1, 16, 56, 105056 }, // ≺
    { 14, 16, 16, 1, 16, 56, 105112 }, // ≻
    { 14, 20, 16, 1, 18, 70, 105168 }, // ≼
    { 14, 20, 16, 1, 18, 70, 105238 }, // ≽
    { 15, 19, 17, 1, 17, 72, 105308 }, // ≾
    { 15, 19, 17, 1, 17, 72, 105380 }, // ≿
    { 14, 19, 16, 1, 18, 67, 105452 }, // ⊀
    { 14, 19, 16, 1, 18, 67, 105519 }, // ⊁
    { 18, 17, 20, 1, 17, 77, 105586 }, // ⊂
    { 18, 17, 20, 1, 17, 77, 105663 }, // ⊃
    { 18, 25, 20, 1, 21, 113, 105740 }, // ⊄
    { 18, 25, 20, 1, 21, 113, 105853 }, // ⊅
    { 18, 21, 20, 1, 19, 95, 105966 }, // ⊆
    { 18, 21, 20, 1, 19, 95, 106061 }, // ⊇
    { 18, 28, 20, 1, 23, 126, 106156 }, // ⊈
    { 18, 28, 20, 1, 23, 126, 106282 }, // ⊉
    { 18, 24, 20, 1, 19, 108, 106408 }, // ⊊
    { 18, 24, 20, 1, 19, 108, 106516 }, // ⊋
    { 17, 20, 19, 1, 20, 85, 106624 }, // ⊌
    { 17, 20, 19, 1, 20, 85, 106709 }, // ⊍
    { 17, 20, 19, 1, 20, 85, 106794 }, // ⊎
    { 15, 16, 17, 1, 16, 60, 106879 }, // ⊏
    { 15, 16, 17, 1, 16, 60, 106939 }, // ⊐
    { 15, 21, 17, 1, 19, 79, 106999 }, // ⊑
    { 15, 21, 17, 1, 19, 79, 107078 }, // ⊒
    { 17, 17, 19, 1, 17, 73, 107157 }, // ⊓
    { 17, 16, 19, 1, 16, 68, 107230 }, // ⊔
    { 22, 22, 24, 1, 19, 121, 107298 }, // ⊕
    { 22, 22, 24, 1, 19, 121, 107419 }, // ⊖
    { 22, 22, 24, 1, 19, 121, 107540 }, // ⊗
    { 22, 22, 24, 1, 19, 121, 107661 }, // ⊘
    { 22, 22, 24, 1, 19, 121, 107782 }, // ⊙
    { 22, 22, 24, 1, 19, 121, 107903 }, // ⊚
    { 22, 22, 24, 1, 19, 121, 108024 }, // ⊛
    { 22, 22, 24, 1, 19, 121, 108145 }, // ⊜
    { 22, 22, 24, 1, 19, 121, 108266 }, // ⊝
    { 20, 19, 22, 1, 18, 95, 108387 }, // ⊞
    { 20, 19, 22, 1, 18, 95, 108482 }, // ⊟
    { 20, 19, 22, 1, 18, 95, 108577 }, // ⊠
    { 20, 19, 22, 1, 18, 95, 108672 }, // ⊡
    { 20, 20, 22, 1, 19, 100, 108767 }, // ⊢
    { 20, 20, 22, 1, 19, 100, 108867 }, // ⊣
    { 20, 20, 22, 1, 20, 100, 108967 }, // ⊤
    { 20, 19, 22, 1, 19, 95, 109067 }, // ⊥
    { 11, 20, 13, 1, 19, 55, 109162 }, // ⊦
    { 12, 19, 14, 1, 18, 57, 109217 }, // ⊧
    { 20, 19, 22, 1, 19, 95, 109274 }, // ⊨
    { 22, 20, 24, 1, 20, 110, 109369 }, // ⊩
    { 23, 20, 25, 1, 19, 115, 109479 }, // ⊪
    { 22, 19, 24, 1, 19, 105, 109594 }, // ⊫
    { 20, 22, 22, 1, 20, 110, 109699 }, // ⊬
    { 20, 23, 22, 1, 21, 115, 109809 }, // ⊭
    { 22, 22, 24, 1, 21, 121, 109924 }, // ⊮
    { 22, 23, 24, 1, 21, 127, 110045 }, // ⊯
    { 14, 17, 16, 1, 17, 60, 110172 }, // ⊰
    { 14, 17, 16, 1, 17, 60, 110232 }, // ⊱
    { 15, 12, 17, 1, 14, 45, 110292 }, // ⊲
    { 15, 12, 17, 1, 14, 45, 110337 }, // ⊳
    { 15, 15, 17, 1, 16, 57, 110382 }, // ⊴
    { 15, 15, 17, 1, 16, 57, 110439 }, // ⊵
    { 25, 8, 27, 1, 12, 50, 110496 }, // ⊶
    { 25, 8, 27, 1, 12, 50, 110546 }, // ⊷
    { 21, 8, 23, 1, 12, 42, 110596 }, // ⊸
    { 15, 14, 17, 1, 15, 53, 110638 }, // ⊹
    { 14, 20, 16, 1, 20, 70, 110691 }, // ⊺
    { 15, 17, 17, 1, 17, 64, 110761 }, // ⊻
    { 15, 18, 17, 1, 18, 68, 110825 }, // ⊼
    { 15, 18, 17, 1, 18, 68, 110893 }, // ⊽
    { 17, 16, 19, 1, 16, 68, 110961 }, // ⊾
    { 18, 18, 20, 1, 18, 81, 111029 }, // ⊿
    { 25, 28, 27, 1, 21, 175, 111110 }, // ⋀
    { 25, 28, 27, 1, 21, 175, 111285 }, // ⋁
    { 20, 29, 22, 1, 22, 145, 111460 }, // ⋂
    { 20, 28, 22, 1, 21, 140, 111605 }, // ⋃
    { 15, 15, 17, 1, 16, 57, 111745 }, // ⋄
    { 4, 3, 6, 1, 9, 3, 111802 }, // ⋅
    { 12, 11, 14, 1, 13, 33, 111805 }, // ⋆
    { 15, 15, 17, 1, 16, 57, 111838 }, // ⋇
    { 19, 20, 21, 1, 18, 95, 111895 }, // ⋈
    { 19, 20, 21, 1, 18, 95, 111990 }, // ⋉
    { 19, 20, 21, 1, 18, 95, 112085 }, // ⋊
    { 19, 20, 21, 1, 18, 95, 112180 }, // ⋋
    { 19, 20, 21, 1, 18, 95, 112275 }, // ⋌
    { 15, 8, 17, 1, 12, 30, 112370 }, // ⋍
    { 19, 17, 21, 1, 17, 81, 112400 }, // ⋎
    { 19, 17, 21, 1, 17, 81, 112481 }, // ⋏
    { 18, 17, 20, 1, 17, 77, 112562 }, // ⋐
    { 18, 17, 20, 1, 17, 77, 112639 }, // ⋑
    { 18, 18, 20, 1, 18, 81, 112716 }, // ⋒
    { 18, 18, 20, 1, 17, 81, 112797 }, // ⋓
    { 18, 21, 20, 1, 19, 95, 112878 }, // ⋔
    { 15, 26, 17, 1, 21, 98, 112973 }, // ⋕
    { 13, 15, 15, 1, 15, 49, 113071 }, // ⋖
    { 13, 15, 15, 1, 15, 49, 113120 }, // ⋗
    { 31, 16, 33, 1, 16, 124, 113169 }, // ⋘
    { 31, 16, 33, 1, 16, 124, 113293 }, // ⋙
    { 15, 28, 17, 1, 22, 105, 113417 }, // ⋚
    { 15, 28, 17, 1, 22, 105, 113522 }, // ⋛
    { 15, 19, 17, 1, 18, 72, 113627 }, // ⋜
    { 15, 19, 17, 1, 18, 72, 113699 }, // ⋝
    { 14, 20, 16, 1, 18, 70, 113771 }, // ⋞
    { 14, 20, 16, 1, 18, 70, 113841 }, // ⋟
    { 14, 25, 16, 1, 22, 88, 113911 }, // ⋠
    { 14, 25, 16, 1, 22, 88, 113999 }, // ⋡
    { 15, 28, 17, 1, 23, 105, 114087 }, // ⋢
    { 15, 28, 17, 1, 23, 105, 114192 }, // ⋣
    { 15, 24, 17, 1, 19, 90, 114297 }, // ⋤
    { 15, 24, 17, 1, 19, 90, 114387 }, // ⋥
    { 15, 19, 17, 1, 16, 72, 114477 }, // ⋦
    { 15, 19, 17, 1, 17, 72, 114549 }, // ⋧
    { 15, 20, 17, 1, 18, 75, 114621 }, // ⋨
    { 15, 20, 17, 1, 17, 75, 114696 }, // ⋩
    { 15, 19, 17, 1, 18, 72, 114771 }, // ⋪
    { 15, 20, 17, 1, 18, 75, 114843 }, // ⋫
    { 15, 25, 17, 1, 20, 94, 114918 }, // ⋬
    { 15, 25, 17, 1, 20, 94, 115012 }, // ⋭
    { 4, 21, 6, 1, 19, 21, 115106 }, // ⋮
    { 22, 3, 24, 1, 9, 17, 115127 }, // ⋯
    { 22, 21, 24, 1, 19, 116, 115144 }, // ⋰
    { 22, 21, 24, 1, 19, 116, 115260 }, // ⋱
    { 22, 17, 24, 1, 17, 94, 115376 }, // ⋲
    { 18, 17, 20, 1, 17, 77, 115470 }, // ⋳
    { 14, 13, 16, 1, 15, 46, 115547 }, // ⋴
    { 18, 22, 20, 1, 22, 99, 115593 }, // ⋵
    { 18, 22, 20, 1, 22, 99, 115692 }, // ⋶
    { 14, 17, 16, 1, 19, 60, 115791 }, // ⋷
    { 18, 22, 20, 1, 17, 99, 115851 }, // ⋸
    { 18, 17, 20, 1, 17, 77, 115950 }, // ⋹
    { 22, 17, 24, 1, 17, 94, 116027 }, // ⋺
    { 18, 17, 20, 1, 17, 77, 116121 }, // ⋻
    { 14, 13, 16, 1, 15, 46, 116198 }, // ⋼
    { 18, 22, 20, 1, 22, 99, 116244 }, // ⋽
    { 14, 17, 16, 1, 19, 60, 116343 }, // ⋾
    { 18, 17, 20, 1, 17, 77, 116403 }, // ⋿
    { 10, 28, 12, 2, 23, 70, 116480 }, // ⟨
    { 10, 28, 12, 0, 23, 70, 116550 }, // ⟩
    { 31, 21, 29, -1, 21, 163, 116620 }, // 𝒜
    { 23, 21, 24, 1, 21, 121, 116783 }, // 𝒞
    { 22, 21, 25, 1, 21, 116, 116904 }, // 𝒟
    { 20, 21, 22, 1, 21, 105, 117020 }, // 𝒢
    { 25, 25, 24, 0, 21, 157, 117125 }, // 𝒥
    { 33, 21, 33, 0, 21, 174, 117282 }, // 𝒦
    { 30, 22, 30, 0, 21, 165, 117456 }, // 𝒩
    { 21, 21, 22, 1, 21, 111, 117621 }, // 𝒪
    { 27, 21, 28, 0, 21, 142, 117732 }, // 𝒫
    { 23, 21, 23, 0, 21, 121, 117874 }, // 𝒬
    { 28, 21, 28, 0, 21, 147, 117995 }, // 𝒮
    { 28, 21, 27, 0, 21, 147, 118142 }, // 𝒯
    { 29, 21, 30, 1, 21, 153, 118289 }, // 𝒰
    { 25, 21, 24, 0, 21, 132, 118442 }, // 𝒱
    { 33, 21, 33, 1, 21, 174, 118574 }, // 𝒲
    { 28, 21, 28, 0, 21, 147, 118748 }, // 𝒳
    { 25, 21, 26, 1, 21, 132, 118895 }, // 𝒴
    { 24, 29, 22, -3, 21, 174, 119027 }, // 𝒵
    { 21, 21, 20, 0, 21, 111, 119201 }, // 𝔸
    { 16, 21, 19, 2, 21, 84, 119312 }, // 𝔹
    { 18, 21, 21, 2, 21, 95, 119396 }, // 𝔻
    { 13, 21, 16, 2, 21, 69, 119491 }, // 𝔼
    { 13, 21, 15, 2, 21, 69, 119560 }, // 𝔽
    { 18, 21, 21, 1, 21, 95, 119629 }, // 𝔾
    { 6, 21, 9, 2, 21, 32, 119724 }, // 𝕀
    { 10, 21, 12, 0, 21, 53, 119756 }, // 𝕁
    { 17, 21, 19, 2, 21, 90, 119809 }, // 𝕂
    { 13, 21, 16, 2, 21, 69, 119899 }, // 𝕃
    { 23, 21, 27, 2, 21, 121, 119968 }, // 𝕄
    { 20, 21, 22, 1, 21, 105, 120089 }, // 𝕆
    { 15, 21, 15, 0, 21, 79, 120194 }, // 𝕊
    { 17, 21, 17, 0, 21, 90, 120273 }, // 𝕋
    { 15, 21, 19, 2, 21, 79, 120363 }, // 𝕌
    { 20, 21, 19, 0, 21, 105, 120442 }, // 𝕍
    { 27, 21, 27, 0, 21, 142, 120547 }, // 𝕎
    { 20, 21, 20, 0, 21, 105, 120689 }, // 𝕏
    { 19, 21, 19, 0, 21, 100, 120794 }, // 𝕐
};

static const EpdUnicodeInterval notosans_14_bolditalicIntervals[] = {
    { 0x0, 0x0, 0x0 },
    { 0xD, 0xD, 0x1 },
    { 0x20, 0x7E, 0x2 },
    { 0xA0, 0xFF, 0x61 },
    { 0x100, 0x17F, 0xC1 },
    { 0x300, 0x36F, 0x141 },
    { 0x370, 0x377, 0x1B1 },
    { 0x37A, 0x37F, 0x1B9 },
    { 0x384, 0x38A, 0x1BF },
    { 0x38C, 0x38C, 0x1C6 },
    { 0x38E, 0x3A1, 0x1C7 },
    { 0x3A3, 0x3E1, 0x1DB },
    { 0x3F0, 0x3FF, 0x21A },
    { 0x400, 0x4FF, 0x22A },
    { 0x2000, 0x2064, 0x32A },
    { 0x2066, 0x206F, 0x38F },
    { 0x20A0, 0x20BF, 0x399 },
    { 0x2113, 0x2113, 0x3B9 },
    { 0x211D, 0x211D, 0x3BA },
    { 0x2190, 0x21FF, 0x3BB },
    { 0x2200, 0x22FF, 0x42B },
    { 0x27E8, 0x27E9, 0x52B },
    { 0x1D49C, 0x1D49C, 0x52D },
    { 0x1D49E, 0x1D49F, 0x52E },
    { 0x1D4A2, 0x1D4A2, 0x530 },
    { 0x1D4A5, 0x1D4A6, 0x531 },
    { 0x1D4A9, 0x1D4AC, 0x533 },
    { 0x1D4AE, 0x1D4B5, 0x537 },
    { 0x1D538, 0x1D539, 0x53F },
    { 0x1D53B, 0x1D53E, 0x541 },
    { 0x1D540, 0x1D544, 0x545 },
    { 0x1D546, 0x1D546, 0x54A },
    { 0x1D54A, 0x1D550, 0x54B },
};

static const EpdFontData notosans_14_bolditalic = {
    notosans_14_bolditalicBitmaps,
    notosans_14_bolditalicGlyphs,
    notosans_14_bolditalicIntervals,
    33,
    40,
    32,
    -9,
    true,
};
