/**
 * generated by fontconvert.py
 * name: notosans_12_bold
 * size: 12
 * mode: 2-bit
 */
#pragma once
#include "EpdFontData.h"

static const uint8_t notosans_12_boldBitmaps[86466] = {
    0x7F, 0xAF, 0xE7, 0xF9, 0xFD, 0x7F, 0x5F, 0xD7, 0xF4, 0xFD, 0x3F, 0x0F, 0xC3, 0xF0, 0xFC, 0x00,
    0x00, 0x02, 0xE2, 0xFE, 0xBF, 0x9F, 0xD0, 0x40, 0x7F, 0x0F, 0xD7, 0xF0, 0xFD, 0x7F, 0x0F, 0xC3,
    0xF0, 0xFC, 0x3F, 0x0F, 0xC3, 0xE0, 0xBC, 0x29, 0x06, 0x80, 0x00, 0x0F, 0x43, 0xD0, 0x00, 0x1F,
    0x47, 0xD0, 0x00, 0x2F, 0x07, 0xC0, 0x00, 0x2F, 0x0B, 0xC0, 0x00, 0x3F, 0x0F, 0xC0, 0x1F, 0xFF,
    0xFF, 0xFE, 0x2F, 0xFF, 0xFF, 0xFE, 0x1A, 0xFE, 0xBF, 0xE9, 0x00, 0xBC, 0x2F, 0x00, 0x00, 0xFC,
    0x3F, 0x00, 0x15, 0xFD, 0x7F, 0x54, 0x7F, 0xFF, 0xFF, 0xFC, 0x7F, 0xFF, 0xFF, 0xFC, 0x02, 0xF0,
    0xBC, 0x00, 0x03, 0xF0, 0xFC, 0x00, 0x03, 0xE0, 0xF8, 0x00, 0x03, 0xD0, 0xF4, 0x00, 0x07, 0xD1,
    0xF4, 0x00, 0x00, 0x2C, 0x00, 0x00, 0x0B, 0x00, 0x00, 0x7F, 0xFF, 0x80, 0xBF, 0xFF, 0xFC, 0xBF,
    0xFF, 0xFD, 0x3F, 0xCB, 0x06, 0x0F, 0xF2, 0xC0, 0x02, 0xFE, 0xF0, 0x00, 0x7F, 0xFD, 0x00, 0x07,
    0xFF, 0xF4, 0x00, 0x2F, 0xFF, 0xC0, 0x00, 0xFF, 0xFC, 0x00, 0x2D, 0xFF, 0x00, 0x0B, 0x1F, 0xDE,
    0x42, 0xCB, 0xF3, 0xFF, 0xFF, 0xFC, 0xFF, 0xFF, 0xFC, 0x06, 0xFF, 0xE4, 0x00, 0x02, 0xC0, 0x00,
    0x00, 0xB0, 0x00, 0x00, 0x14, 0x00, 0x00, 0x00, 0x00, 0x00, 0x00, 0x00, 0x00, 0x7F, 0xD0, 0x00,
    0x7D, 0x00, 0x1F, 0xFF, 0x00, 0x0F, 0xC0, 0x03, 0xFA, 0xF8, 0x02, 0xF4, 0x00, 0x3F, 0x0F, 0xC0,
    0x3F, 0x00, 0x03, 0xE0, 0xFC, 0x0B, 0xD0, 0x00, 0x3E, 0x0B, 0xC1, 0xF8, 0x00, 0x03, 0xE0, 0xFC,
    0x3F, 0x00, 0x00, 0x3F, 0x0F, 0xC7, 0xE1, 0xFD, 0x02, 0xFA, 0xFC, 0xFC, 0xBF, 0xF8, 0x0F, 0xFF,
    0x1F, 0x4F, 0xEF, 0xC0, 0x7F, 0xD3, 0xF1, 0xF4, 0x7E, 0x00, 0x00, 0xBD, 0x2F, 0x43, 0xE0, 0x00,
    0x0F, 0xC2, 0xF4, 0x3F, 0x00, 0x02, 0xF4, 0x2F, 0x43, 0xF0, 0x00, 0x7E, 0x02, 0xF4, 0x7E, 0x00,
    0x0F, 0xC0, 0x0F, 0xCF, 0xD0, 0x01, 0xF8, 0x00, 0xBF, 0xFC, 0x00, 0x3F, 0x00, 0x02, 0xFF, 0x00,
    0x00, 0x00, 0x00, 0x00, 0x00, 0x00, 0x00, 0x00, 0x00, 0x00, 0x1F, 0xFE, 0x00, 0x00, 0x0B, 0xFF,
    0xFC, 0x00, 0x00, 0xFF, 0xFF, 0xE0, 0x00, 0x1F, 0xC0, 0xFE, 0x00, 0x01, 0xFC, 0x0F, 0xE0, 0x00,
    0x1F, 0xD1, 0xFD, 0x00, 0x00, 0xFF, 0xBF, 0xC0, 0x00, 0x03, 0xFF, 0xF0, 0x00, 0x00, 0x7F, 0xF8,
    0x02, 0xA8, 0x2F, 0xFF, 0xC0, 0x3F, 0x87, 0xFE, 0xFF, 0x0B, 0xF4, 0xFF, 0x47, 0xFC, 0xFF, 0x0F,
    0xF0, 0x1F, 0xFF, 0xD0, 0xFF, 0x00, 0x7F, 0xF8, 0x0F, 0xF8, 0x03, 0xFF, 0x40, 0x7F, 0xFF, 0xFF,
    0xFC, 0x02, 0xFF, 0xFF, 0xFF, 0xF4, 0x07, 0xFF, 0xE4, 0x7F, 0xD0, 0x00, 0x00, 0x00, 0x00, 0x7F,
    0x1F, 0xC7, 0xF0, 0xFC, 0x3F, 0x0F, 0x82, 0x90, 0x02, 0xF4, 0x1F, 0xC0, 0xFD, 0x07, 0xF0, 0x3F,
    0x40, 0xFC, 0x07, 0xF0, 0x2F, 0x80, 0xFD, 0x03, 0xF4, 0x0F, 0xD0, 0x3F, 0x40, 0xFD, 0x03, 0xF4,
    0x0B, 0xE0, 0x2F, 0xC0, 0x3F, 0x00, 0xFD, 0x02, 0xFC, 0x03, 0xF0, 0x07, 0xF0, 0x0B, 0xD0, 0x3F,
    0x00, 0x1F, 0xC0, 0x0F, 0xD0, 0x07, 0xF0, 0x03, 0xF4, 0x02, 0xF8, 0x01, 0xFC, 0x00, 0xFC, 0x00,
    0xFD, 0x00, 0xFD, 0x00, 0xFD, 0x00, 0xFD, 0x00, 0xFD, 0x00, 0xFD, 0x00, 0xFC, 0x01, 0xFC, 0x02,
    0xF8, 0x03, 0xF4, 0x07, 0xF0, 0x0B, 0xD0, 0x1F, 0xC0, 0x3F, 0x00, 0x00, 0x3F, 0x40, 0x00, 0x0B,
    0xC0, 0x00, 0x02, 0xF0, 0x00, 0x90, 0x7C, 0x09, 0x3F, 0xFF, 0xBF, 0x8F, 0xFF, 0xFF, 0xE1, 0x6B,
    0xFE, 0x54, 0x03, 0xFF, 0x40, 0x02, 0xFB, 0xF0, 0x01, 0xFC, 0x7F, 0x00, 0x7E, 0x0F, 0x80, 0x01,
    0x01, 0x00, 0x00, 0x3D, 0x00, 0x00, 0x0F, 0x40, 0x00, 0x03, 0xD0, 0x00, 0x00, 0xF4, 0x00, 0x00,
    0x7E, 0x00, 0x3F, 0xFF, 0xFF, 0xCF, 0xFF, 0xFF, 0xF1, 0xAA, 0xFE, 0xA8, 0x00, 0x3D, 0x00, 0x00,
    0x0F, 0x40, 0x00, 0x03, 0xD0, 0x00, 0x00, 0xF4, 0x00, 0x00, 0x00, 0x00, 0x00, 0x0F, 0xD0, 0xFD,
    0x1F, 0xC2, 0xF8, 0x3F, 0x03, 0xF0, 0x00, 0x00, 0x15, 0x54, 0x7F, 0xFD, 0x7F, 0xFD, 0x7F, 0xFC,
    0x2E, 0x2F, 0xEB, 0xF9, 0xFD, 0x04, 0x00, 0x00, 0x07, 0xF0, 0x00, 0x2F, 0x80, 0x00, 0xFD, 0x00,
    0x07, 0xF0, 0x00, 0x3F, 0x80, 0x00, 0xFC, 0x00, 0x0B, 0xF0, 0x00, 0x3F, 0x80, 0x01, 0xFC, 0x00,
    0x0B, 0xF0, 0x00, 0x3F, 0x40, 0x01, 0xFC, 0x00, 0x0F, 0xE0, 0x00, 0x3F, 0x40, 0x01, 0xFC, 0x00,
    0x0F, 0xE0, 0x00, 0x3F, 0x00, 0x02, 0xFC, 0x00, 0x00, 0x00, 0x00, 0x00, 0x00, 0x00, 0x00, 0x00,
    0x0B, 0xFE, 0x00, 0x03, 0xFF, 0xFC, 0x00, 0xFF, 0xFF, 0xF0, 0x1F, 0xE0, 0xBF, 0x42, 0xFC, 0x03,
    0xFC, 0x3F, 0xC0, 0x2F, 0xC3, 0xFC, 0x02, 0xFC, 0x3F, 0x80, 0x1F, 0xD3, 0xF8, 0x01, 0xFD, 0x3F,
    0x80, 0x1F, 0xD3, 0xF8, 0x01, 0xFD, 0x3F, 0xC0, 0x1F, 0xC3, 0xFC, 0x02, 0xFC, 0x2F, 0xC0, 0x3F,
    0xC0, 0xFE, 0x07, 0xF8, 0x0F, 0xFF, 0xFF, 0x00, 0x3F, 0xFF, 0xD0, 0x00, 0xBF, 0xF4, 0x00, 0x00,
    0x00, 0x00, 0x00, 0x1F, 0xD0, 0x07, 0xFD, 0x02, 0xFF, 0xD0, 0xFF, 0xFD, 0x3F, 0xEF, 0xD3, 0xF1,
    0xFD, 0x08, 0x1F, 0xD0, 0x01, 0xFD, 0x00, 0x1F, 0xD0, 0x01, 0xFD, 0x00, 0x1F, 0xD0, 0x01, 0xFD,
    0x00, 0x1F, 0xD0, 0x01, 0xFD, 0x00, 0x1F, 0xD0, 0x01, 0xFD, 0x00, 0x1F, 0xD0, 0x01, 0xFD, 0x00,
    0x00, 0x00, 0x00, 0x1B, 0xFF, 0x40, 0x0B, 0xFF, 0xFE, 0x03, 0xFF, 0xFF, 0xF4, 0x0F, 0xD0, 0xBF,
    0xC0, 0x60, 0x03, 0xFC, 0x00, 0x00, 0x3F, 0xC0, 0x00, 0x03, 0xF8, 0x00, 0x00, 0xBF, 0x40, 0x00,
    0x1F, 0xE0, 0x00, 0x07, 0xFC, 0x00, 0x00, 0xFF, 0x00, 0x00, 0x3F, 0xC0, 0x00, 0x0F, 0xF0, 0x00,
    0x03, 0xFC, 0x00, 0x00, 0xFF, 0x00, 0x00, 0x3F, 0xFF, 0xFF, 0xD3, 0xFF, 0xFF, 0xFD, 0x3F, 0xFF,
    0xFF, 0xD0, 0x00, 0x00, 0x00, 0x00, 0x2F, 0xFE, 0x40, 0x2F, 0xFF, 0xFE, 0x01, 0xFF, 0xFF, 0xF4,
    0x0F, 0x40, 0xBF, 0x80, 0x00, 0x03, 0xFC, 0x00, 0x00, 0x3F, 0x80, 0x00, 0x0B, 0xF0, 0x00, 0xAB,
    0xFD, 0x00, 0x1F, 0xFE, 0x00, 0x01, 0xFF, 0xFE, 0x00, 0x05, 0x6F, 0xF8, 0x00, 0x00, 0x3F, 0xC0,
    0x00, 0x02, 0xFD, 0x00, 0x00, 0x3F, 0xC2, 0x40, 0x07, 0xFC, 0x3F, 0xFF, 0xFF, 0x83, 0xFF, 0xFF,
    0xE0, 0x1F, 0xFF, 0xF4, 0x00, 0x00, 0x00, 0x00, 0x00, 0x00, 0xFE, 0x00, 0x00, 0x2F, 0xE0, 0x00,
    0x07, 0xFE, 0x00, 0x00, 0xFF, 0xE0, 0x00, 0x2F, 0xFE, 0x00, 0x07, 0xEF, 0xE0, 0x00, 0xFC, 0xFE,
    0x00, 0x2F, 0x4F, 0xE0, 0x07, 0xE0, 0xFE, 0x00, 0xFC, 0x0F, 0xE0, 0x3F, 0x40, 0xFE, 0x07, 0xFA,
    0xAF, 0xFA, 0xBF, 0xFF, 0xFF, 0xFB, 0xFF, 0xFF, 0xFF, 0x15, 0x55, 0xFF, 0x50, 0x00, 0x0F, 0xE0,
    0x00, 0x00, 0xFE, 0x00, 0x00, 0x0F, 0xE0, 0x2F, 0xFF, 0xFC, 0x0F, 0xFF, 0xFF, 0x03, 0xFF, 0xFF,
    0xC0, 0xFE, 0x55, 0x50, 0x3F, 0x40, 0x00, 0x0F, 0xD0, 0x00, 0x03, 0xF5, 0x50, 0x01, 0xFF, 0xFF,
    0x80, 0x7F, 0xFF, 0xFC, 0x0B, 0xEB, 0xFF, 0x80, 0x00, 0x1F, 0xF0, 0x00, 0x03, 0xFC, 0x00, 0x00,
    0xBF, 0x00, 0x00, 0x3F, 0xC9, 0x00, 0x2F, 0xE3, 0xFF, 0xFF, 0xF0, 0xFF, 0xFF, 0xF4, 0x1F, 0xFF,
    0xE0, 0x00, 0x00, 0x00, 0x00, 0x00, 0x00, 0x00, 0x00, 0x00, 0xBF, 0xF0, 0x00, 0xBF, 0xFF, 0x00,
    0x3F, 0xFF, 0xF0, 0x0B, 0xF9, 0x00, 0x00, 0xFE, 0x00, 0x00, 0x1F, 0xC0, 0x00, 0x02, 0xF8, 0x69,
    0x00, 0x3F, 0x6F, 0xFE, 0x03, 0xFF, 0xFF, 0xF8, 0x3F, 0xF5, 0xBF, 0xC3, 0xFC, 0x02, 0xFD, 0x3F,
    0x80, 0x0F, 0xD3, 0xF8, 0x00, 0xFD, 0x2F, 0xC0, 0x1F, 0xD1, 0xFE, 0x03, 0xFC, 0x0F, 0xFF, 0xFF,
    0x80, 0x3F, 0xFF, 0xF0, 0x00, 0xBF, 0xF8, 0x00, 0x00, 0x00, 0x00, 0x7F, 0xFF, 0xFF, 0xD7, 0xFF,
    0xFF, 0xFD, 0x7F, 0xFF, 0xFF, 0xD1, 0x55, 0x57, 0xFC, 0x00, 0x00, 0x3F, 0x80, 0x00, 0x0B, 0xF0,
    0x00, 0x00, 0xFE, 0x00, 0x00, 0x1F, 0xD0, 0x00, 0x03, 0xFC, 0x00, 0x00, 0x7F, 0x40, 0x00, 0x0F,
    0xF0, 0x00, 0x01, 0xFE, 0x00, 0x00, 0x2F, 0xC0, 0x00, 0x03, 0xF8, 0x00, 0x00, 0xBF, 0x00, 0x00,
    0x0F, 0xF0, 0x00, 0x02, 0xFD, 0x00, 0x00, 0x3F, 0xC0, 0x00, 0x00, 0x00, 0x00, 0x00, 0x0B, 0xFF,
    0x40, 0x07, 0xFF, 0xFE, 0x00, 0xFF, 0xEF, 0xF4, 0x2F, 0xD0, 0x3F, 0xC2, 0xFC, 0x02, 0xFC, 0x1F,
    0xD0, 0x3F, 0x80, 0xFF, 0x4F, 0xF0, 0x03, 0xFF, 0xFD, 0x00, 0x0F, 0xFF, 0x00, 0x03, 0xFF, 0xFC,
    0x00, 0xFF, 0x6F, 0xF4, 0x2F, 0xC0, 0x3F, 0xC3, 0xF8, 0x01, 0xFD, 0x3F, 0x40, 0x0F, 0xD3, 0xFC,
    0x02, 0xFD, 0x2F, 0xFA, 0xFF, 0xC0, 0xFF, 0xFF, 0xF0, 0x02, 0xFF, 0xF8, 0x00, 0x00, 0x00, 0x00,
    0x00, 0x00, 0x00, 0x00, 0x0B, 0xFE, 0x00, 0x07, 0xFF, 0xFC, 0x01, 0xFF, 0xFF, 0xF0, 0x3F, 0xD0,
    0xBF, 0x83, 0xF8, 0x03, 0xFC, 0x3F, 0x40, 0x1F, 0xC3, 0xF4, 0x01, 0xFD, 0x3F, 0x80, 0x2F, 0xD3,
    0xFD, 0x0B, 0xFD, 0x1F, 0xFF, 0xFF, 0xD0, 0xBF, 0xFD, 0xFC, 0x01, 0xBE, 0x1F, 0xC0, 0x00, 0x02,
    0xFC, 0x00, 0x00, 0x3F, 0x40, 0x00, 0x1F, 0xF0, 0x0E, 0xBF, 0xFD, 0x00, 0xFF, 0xFF, 0x40, 0x0F,
    0xFF, 0x80, 0x00, 0x00, 0x00, 0x00, 0x2E, 0x2F, 0xEB, 0xF9, 0xFD, 0x04, 0x00, 0x00, 0x00, 0x00,
    0x00, 0x00, 0x02, 0xE2, 0xFE, 0xBF, 0x9F, 0xD0, 0x40, 0x0B, 0x81, 0xFE, 0x2F, 0xE0, 0xFD, 0x00,
    0x00, 0x00, 0x00, 0x00, 0x00, 0x00, 0x00, 0x00, 0x00, 0x00, 0xFD, 0x0F, 0xD1, 0xFC, 0x2F, 0x83,
    0xF0, 0x3F, 0x00, 0x00, 0x00, 0x00, 0x01, 0x00, 0x00, 0x07, 0xC0, 0x00, 0x1F, 0xF0, 0x00, 0x7F,
    0xF8, 0x01, 0xFF, 0xE0, 0x07, 0xFF, 0x40, 0x0B, 0xFD, 0x00, 0x03, 0xFE, 0x00, 0x00, 0x7F, 0xF9,
    0x00, 0x00, 0xBF, 0xF8, 0x00, 0x02, 0xFF, 0xE0, 0x00, 0x07, 0xFC, 0x00, 0x00, 0x1F, 0x00, 0x00,
    0x00, 0x00, 0x6A, 0xAA, 0xAA, 0x3F, 0xFF, 0xFF, 0xCF, 0xFF, 0xFF, 0xF0, 0x00, 0x00, 0x00, 0x00,
    0x00, 0x00, 0x2F, 0xFF, 0xFF, 0xCF, 0xFF, 0xFF, 0xF3, 0xFF, 0xFF, 0xFC, 0x40, 0x00, 0x00, 0x3D,
    0x00, 0x00, 0x0F, 0xF4, 0x00, 0x01, 0xFF, 0xD0, 0x00, 0x07, 0xFF, 0x40, 0x00, 0x1F, 0xFD, 0x00,
    0x00, 0x6F, 0xF0, 0x00, 0x07, 0xFC, 0x00, 0x2F, 0xFD, 0x01, 0xFF, 0xF4, 0x0B, 0xFF, 0x90, 0x03,
    0xFE, 0x00, 0x00, 0xF4, 0x00, 0x00, 0x10, 0x00, 0x00, 0x00, 0x00, 0x00, 0x00, 0x0B, 0xFF, 0x80,
    0xBF, 0xFF, 0xF4, 0x7F, 0xFF, 0xFC, 0x39, 0x02, 0xFD, 0x00, 0x00, 0xFD, 0x00, 0x01, 0xFD, 0x00,
    0x03, 0xFC, 0x00, 0x1F, 0xF0, 0x00, 0x7F, 0xC0, 0x00, 0xFE, 0x00, 0x01, 0xFC, 0x00, 0x01, 0xF8,
    0x00, 0x00, 0x00, 0x00, 0x00, 0x00, 0x00, 0x00, 0xB4, 0x00, 0x03, 0xFC, 0x00, 0x03, 0xFD, 0x00,
    0x02, 0xFC, 0x00, 0x00, 0x10, 0x00, 0x00, 0x02, 0xBF, 0xE4, 0x00, 0x00, 0x0B, 0xFF, 0xFF, 0xD0,
    0x00, 0x1F, 0xF9, 0x56, 0xFE, 0x00, 0x1F, 0xD0, 0x00, 0x0F, 0xE0, 0x0F, 0xC0, 0x05, 0x40, 0xFD,
    0x0B, 0xD0, 0x7F, 0xFF, 0x0F, 0x83, 0xF0, 0xBF, 0xFF, 0xC2, 0xF1, 0xF4, 0x7F, 0x03, 0xF0, 0x7C,
    0xBC, 0x2F, 0x40, 0xFC, 0x1F, 0x7F, 0x0F, 0xC0, 0x3F, 0x07, 0xDF, 0xC3, 0xF0, 0x0F, 0xC2, 0xF3,
    0xF0, 0xFC, 0x07, 0xF0, 0xFC, 0xBC, 0x2F, 0x83, 0xFC, 0x7E, 0x2F, 0x43, 0xFF, 0xFF, 0xFF, 0x03,
    0xF0, 0x3F, 0xE1, 0xFE, 0x00, 0xFD, 0x00, 0x00, 0x00, 0x00, 0x0F, 0xE0, 0x00, 0x01, 0x00, 0x01,
    0xFF, 0x95, 0x6F, 0xC0, 0x00, 0x0F, 0xFF, 0xFF, 0xF0, 0x00, 0x00, 0x2F, 0xFF, 0x90, 0x00, 0x00,
    0x0F, 0xFC, 0x00, 0x00, 0x00, 0xFF, 0xD0, 0x00, 0x00, 0x2F, 0xFF, 0x00, 0x00, 0x03, 0xFB, 0xF0,
    0x00, 0x00, 0x7F, 0x3F, 0x80, 0x00, 0x0B, 0xF2, 0xFC, 0x00, 0x00, 0xFE, 0x1F, 0xC0, 0x00, 0x1F,
    0xD0, 0xFE, 0x00, 0x02, 0xFC, 0x0F, 0xF0, 0x00, 0x3F, 0xC0, 0x7F, 0x40, 0x07, 0xF9, 0x5B, 0xF8,
    0x00, 0xBF, 0xFF, 0xFF, 0xC0, 0x0F, 0xFF, 0xFF, 0xFD, 0x01, 0xFF, 0xFF, 0xFF, 0xE0, 0x3F, 0xD0,
    0x00, 0xFF, 0x03, 0xFC, 0x00, 0x0B, 0xF4, 0x7F, 0x80, 0x00, 0x7F, 0xCF, 0xF4, 0x00, 0x03, 0xFC,
    0xBF, 0xFF, 0x90, 0x0F, 0xFF, 0xFF, 0xE0, 0xFF, 0xFF, 0xFF, 0x4F, 0xF0, 0x1F, 0xFC, 0xFF, 0x00,
    0x3F, 0xCF, 0xF0, 0x03, 0xFC, 0xFF, 0x00, 0xBF, 0x8F, 0xFA, 0xBF, 0xE0, 0xFF, 0xFF, 0xF8, 0x0F,
    0xFF, 0xFF, 0xF0, 0xFF, 0x01, 0xBF, 0xCF, 0xF0, 0x03, 0xFC, 0xFF, 0x00, 0x2F, 0xDF, 0xF0, 0x03,
    0xFD, 0xFF, 0x00, 0xBF, 0xCF, 0xFF, 0xFF, 0xF8, 0xFF, 0xFF, 0xFE, 0x0F, 0xFF, 0xFE, 0x40, 0x00,
    0x00, 0x00, 0x00, 0x00, 0x7F, 0xFE, 0x40, 0x1F, 0xFF, 0xFF, 0x01, 0xFF, 0xFF, 0xF8, 0x0F, 0xFD,
    0x02, 0xD0, 0xBF, 0x80, 0x00, 0x03, 0xFC, 0x00, 0x00, 0x1F, 0xE0, 0x00, 0x00, 0xBF, 0x40, 0x00,
    0x02, 0xFD, 0x00, 0x00, 0x0B, 0xF4, 0x00, 0x00, 0x2F, 0xD0, 0x00, 0x00, 0x7F, 0x80, 0x00, 0x00,
    0xFF, 0x00, 0x00, 0x03, 0xFE, 0x00, 0x00, 0x07, 0xFE, 0x00, 0x24, 0x0F, 0xFF, 0xFF, 0xE0, 0x0B,
    0xFF, 0xFF, 0x80, 0x07, 0xFF, 0xF8, 0x00, 0x00, 0x00, 0x00, 0xBF, 0xFF, 0x90, 0x03, 0xFF, 0xFF,
    0xF4, 0x0F, 0xFF, 0xFF, 0xF8, 0x3F, 0xD5, 0x7F, 0xF8, 0xFF, 0x00, 0x2F, 0xF3, 0xFC, 0x00, 0x3F,
    0xDF, 0xF0, 0x00, 0x7F, 0xBF, 0xC0, 0x00, 0xFF, 0xFF, 0x00, 0x03, 0xFF, 0xFC, 0x00, 0x0F, 0xFF,
    0xF0, 0x00, 0x3F, 0xFF, 0xC0, 0x01, 0xFE, 0xFF, 0x00, 0x0F, 0xF7, 0xFC, 0x00, 0xBF, 0xCF, 0xF0,
    0x1F, 0xFD, 0x3F, 0xFF, 0xFF, 0xE0, 0xFF, 0xFF, 0xFD, 0x03, 0xFF, 0xFE, 0x40, 0x00, 0xBF, 0xFF,
    0xF7, 0xFF, 0xFF, 0xEF, 0xFF, 0xFF, 0xBF, 0xD5, 0x54, 0xFF, 0x00, 0x03, 0xFC, 0x00, 0x0F, 0xF0,
    0x00, 0x3F, 0xFF, 0xFC, 0xFF, 0xFF, 0xF3, 0xFF, 0xFF, 0xCF, 0xF5, 0x55, 0x3F, 0xC0, 0x00, 0xFF,
    0x00, 0x03, 0xFC, 0x00, 0x0F, 0xF0, 0x00, 0x3F, 0xFF, 0xFE, 0xFF, 0xFF, 0xFB, 0xFF, 0xFF, 0xE0,
    0xBF, 0xFF, 0xF7, 0xFF, 0xFF, 0xDF, 0xFF, 0xFF, 0x7F, 0xD5, 0x54, 0xFF, 0x00, 0x03, 0xFC, 0x00,
    0x0F, 0xF0, 0x00, 0x3F, 0xC0, 0x00, 0xFF, 0xFF, 0xF3, 0xFF, 0xFF, 0xCF, 0xFF, 0xFF, 0x3F, 0xC0,
    0x00, 0xFF, 0x00, 0x03, 0xFC, 0x00, 0x0F, 0xF0, 0x00, 0x3F, 0xC0, 0x00, 0xFF, 0x00, 0x03, 0xFC,
    0x00, 0x00, 0x00, 0x00, 0x00, 0x00, 0x00, 0x1B, 0xFF, 0xE0, 0x00, 0xFF, 0xFF, 0xFC, 0x03, 0xFF,
    0xFF, 0xF4, 0x0F, 0xFE, 0x00, 0x70, 0x2F, 0xF0, 0x00, 0x00, 0x3F, 0xD0, 0x00, 0x00, 0x7F, 0xC0,
    0x00, 0x00, 0x7F, 0x80, 0x00, 0x00, 0xBF, 0x40, 0xFF, 0xFC, 0xBF, 0x40, 0xFF, 0xFC, 0x7F, 0x40,
    0xFF, 0xFC, 0x7F, 0x80, 0x02, 0xFC, 0x3F, 0xC0, 0x02, 0xFC, 0x3F, 0xE0, 0x02, 0xFC, 0x1F, 0xF8,
    0x02, 0xFC, 0x0B, 0xFF, 0xFF, 0xFC, 0x02, 0xFF, 0xFF, 0xFC, 0x00, 0x7F, 0xFF, 0xE4, 0x00, 0x00,
    0x00, 0x00, 0xBF, 0x00, 0x03, 0xFB, 0xFC, 0x00, 0x0F, 0xFF, 0xF0, 0x00, 0x3F, 0xFF, 0xC0, 0x00,
    0xFF, 0xFF, 0x00, 0x03, 0xFF, 0xFC, 0x00, 0x0F, 0xFF, 0xF0, 0x00, 0x3F, 0xFF, 0xFF, 0xFF, 0xFF,
    0xFF, 0xFF, 0xFF, 0xFF, 0xFF, 0xFF, 0xFF, 0xFF, 0xF5, 0x55, 0x7F, 0xFF, 0xC0, 0x00, 0xFF, 0xFF,
    0x00, 0x03, 0xFF, 0xFC, 0x00, 0x0F, 0xFF, 0xF0, 0x00, 0x3F, 0xFF, 0xC0, 0x00, 0xFF, 0xFF, 0x00,
    0x03, 0xFF, 0xFC, 0x00, 0x0F, 0xF0, 0x3F, 0xFF, 0xCF, 0xFF, 0xF2, 0xFF, 0xF4, 0x0F, 0xF0, 0x03,
    0xFC, 0x00, 0xFF, 0x00, 0x3F, 0xC0, 0x0F, 0xF0, 0x03, 0xFC, 0x00, 0xFF, 0x00, 0x3F, 0xC0, 0x0F,
    0xF0, 0x03, 0xFC, 0x00, 0xFF, 0x00, 0x3F, 0xC0, 0x7F, 0xFD, 0x3F, 0xFF, 0xCF, 0xFF, 0xF0, 0x00,
    0xBF, 0x00, 0x3F, 0xC0, 0x0F, 0xF0, 0x03, 0xFC, 0x00, 0xFF, 0x00, 0x3F, 0xC0, 0x0F, 0xF0, 0x03,
    0xFC, 0x00, 0xFF, 0x00, 0x3F, 0xC0, 0x0F, 0xF0, 0x03, 0xFC, 0x00, 0xFF, 0x00, 0x3F, 0xC0, 0x0F,
    0xF0, 0x03, 0xFC, 0x00, 0xFF, 0x00, 0x3F, 0xC0, 0x0F, 0xF0, 0x0B, 0xF8, 0xFF, 0xFD, 0x3F, 0xFE,
    0x0F, 0xFD, 0x00, 0x00, 0x00, 0xBF, 0x00, 0x0F, 0xF3, 0xFC, 0x00, 0xBF, 0x4F, 0xF0, 0x0B, 0xF8,
    0x3F, 0xC0, 0x7F, 0xC0, 0xFF, 0x03, 0xFC, 0x03, 0xFC, 0x3F, 0xD0, 0x0F, 0xF2, 0xFE, 0x00, 0x3F,
    0xDF, 0xE0, 0x00, 0xFF, 0xFF, 0x80, 0x03, 0xFF, 0xFF, 0x00, 0x0F, 0xFE, 0xFF, 0x00, 0x3F, 0xD2,
    0xFE, 0x00, 0xFF, 0x03, 0xFC, 0x03, 0xFC, 0x0B, 0xFC, 0x0F, 0xF0, 0x0F, 0xF4, 0x3F, 0xC0, 0x1F,
    0xF0, 0xFF, 0x00, 0x2F, 0xE3, 0xFC, 0x00, 0x3F, 0xD0, 0xBF, 0x00, 0x00, 0xFF, 0x00, 0x00, 0xFF,
    0x00, 0x00, 0xFF, 0x00, 0x00, 0xFF, 0x00, 0x00, 0xFF, 0x00, 0x00, 0xFF, 0x00, 0x00, 0xFF, 0x00,
    0x00, 0xFF, 0x00, 0x00, 0xFF, 0x00, 0x00, 0xFF, 0x00, 0x00, 0xFF, 0x00, 0x00, 0xFF, 0x00, 0x00,
    0xFF, 0x00, 0x00, 0xFF, 0x00, 0x00, 0xFF, 0xFF, 0xFC, 0xFF, 0xFF, 0xFC, 0xFF, 0xFF, 0xFC, 0xBF,
    0xD0, 0x00, 0x0F, 0xFD, 0xFF, 0xF0, 0x00, 0x1F, 0xFD, 0xFF, 0xF0, 0x00, 0x2F, 0xFD, 0xFF, 0xF4,
    0x00, 0x3F, 0xFD, 0xFF, 0xF8, 0x00, 0x7F, 0xFD, 0xFE, 0xFC, 0x00, 0xBD, 0xFD, 0xFE, 0xBD, 0x00,
    0xFC, 0xFD, 0xFE, 0x7E, 0x00, 0xF8, 0xFD, 0xFE, 0x3F, 0x02, 0xF4, 0xFD, 0xFE, 0x3F, 0x43, 0xF0,
    0xFD, 0xFE, 0x2F, 0x83, 0xE0, 0xFD, 0xFE, 0x0F, 0xCB, 0xD0, 0xFD, 0xFE, 0x0F, 0xCF, 0xC0, 0xFD,
    0xFE, 0x0B, 0xEF, 0xC0, 0xFD, 0xFE, 0x07, 0xFF, 0x40, 0xFD, 0xFE, 0x03, 0xFF, 0x00, 0xFD, 0xFE,
    0x02, 0xFF, 0x00, 0xFD, 0xFE, 0x01, 0xFD, 0x00, 0xFD, 0xBF, 0xC0, 0x00, 0x7F, 0x3F, 0xFC, 0x00,
    0x1F, 0xCF, 0xFF, 0x40, 0x07, 0xF3, 0xFF, 0xF0, 0x01, 0xFC, 0xFF, 0xFE, 0x00, 0x7F, 0x3F, 0x7F,
    0xC0, 0x1F, 0xCF, 0xE7, 0xF8, 0x07, 0xF3, 0xF8, 0xFF, 0x41, 0xFC, 0xFE, 0x0F, 0xF0, 0x7F, 0x3F,
    0x82, 0xFD, 0x1F, 0xCF, 0xE0, 0x3F, 0xC7, 0xF3, 0xF8, 0x07, 0xF8, 0xFC, 0xFE, 0x00, 0xFF, 0x7F,
    0x3F, 0x80, 0x1F, 0xFF, 0xCF, 0xE0, 0x02, 0xFF, 0xF3, 0xF8, 0x00, 0x3F, 0xFC, 0xFE, 0x00, 0x0B,
    0xFF, 0x3F, 0x80, 0x00, 0xFF, 0xC0, 0x00, 0x00, 0x00, 0x00, 0x00, 0x02, 0xFF, 0xF8, 0x00, 0x02,
    0xFF, 0xFF, 0xF4, 0x00, 0xBF, 0xFF, 0xFF, 0xD0, 0x1F, 0xF8, 0x07, 0xFF, 0x03, 0xFE, 0x00, 0x0F,
    0xF8, 0x3F, 0xC0, 0x00, 0x7F, 0xC7, 0xF8, 0x00, 0x03, 0xFC, 0xBF, 0x80, 0x00, 0x3F, 0xDB, 0xF4,
    0x00, 0x02, 0xFD, 0xBF, 0x40, 0x00, 0x2F, 0xDB, 0xF4, 0x00, 0x02, 0xFD, 0x7F, 0x80, 0x00, 0x3F,
    0xC3, 0xFC, 0x00, 0x03, 0xFC, 0x3F, 0xE0, 0x00, 0xBF, 0x81, 0xFF, 0x80, 0x2F, 0xF0, 0x0B, 0xFF,
    0xFF, 0xFD, 0x00, 0x2F, 0xFF, 0xFF, 0x80, 0x00, 0x6F, 0xFF, 0x80, 0x00, 0x00, 0x00, 0x00, 0x00,
    0xBF, 0xFE, 0x80, 0x3F, 0xFF, 0xFE, 0x0F, 0xFF, 0xFF, 0xE3, 0xFD, 0x5B, 0xFC, 0xFF, 0x00, 0xBF,
    0x7F, 0xC0, 0x1F, 0xDF, 0xF0, 0x07, 0xF7, 0xFC, 0x03, 0xFC, 0xFF, 0x5B, 0xFF, 0x3F, 0xFF, 0xFF,
    0x4F, 0xFF, 0xFF, 0x43, 0xFE, 0xA9, 0x00, 0xFF, 0x00, 0x00, 0x3F, 0xC0, 0x00, 0x0F, 0xF0, 0x00,
    0x03, 0xFC, 0x00, 0x00, 0xFF, 0x00, 0x00, 0x3F, 0xC0, 0x00, 0x00, 0x00, 0x00, 0x00, 0x00, 0x00,
    0x02, 0xFF, 0xF8, 0x00, 0x02, 0xFF, 0xFF, 0xF4, 0x00, 0xBF, 0xFF, 0xFF, 0xD0, 0x1F, 0xF8, 0x07,
    0xFF, 0x03, 0xFE, 0x00, 0x0F, 0xF8, 0x3F, 0xC0, 0x00, 0x7F, 0xC7, 0xF8, 0x00, 0x03, 0xFC, 0xBF,
    0x80, 0x00, 0x3F, 0xDB, 0xF4, 0x00, 0x02, 0xFD, 0xBF, 0x40, 0x00, 0x2F, 0xDB, 0xF4, 0x00, 0x02,
    0xFD, 0x7F, 0x80, 0x00, 0x3F, 0xC3, 0xFC, 0x00, 0x03, 0xFC, 0x3F, 0xE0, 0x00, 0xBF, 0x81, 0xFF,
    0x80, 0x2F, 0xF0, 0x0B, 0xFF, 0xFF, 0xFE, 0x00, 0x2F, 0xFF, 0xFF, 0x80, 0x00, 0x6F, 0xFF, 0xD0,
    0x00, 0x00, 0x02, 0xFF, 0x00, 0x00, 0x00, 0x0F, 0xFC, 0x00, 0x00, 0x00, 0x3F, 0xE0, 0x00, 0x00,
    0x00, 0xFF, 0x80, 0x00, 0x00, 0x01, 0x54, 0xBF, 0xFE, 0x80, 0x03, 0xFF, 0xFF, 0xE0, 0x0F, 0xFF,
    0xFF, 0xF0, 0x3F, 0xC0, 0x7F, 0xD0, 0xFF, 0x00, 0xBF, 0x83, 0xFC, 0x01, 0xFE, 0x0F, 0xF0, 0x07,
    0xF4, 0x3F, 0xC0, 0x3F, 0xC0, 0xFF, 0xFF, 0xFD, 0x03, 0xFF, 0xFF, 0xD0, 0x0F, 0xFF, 0xFE, 0x00,
    0x3F, 0xC2, 0xFC, 0x00, 0xFF, 0x03, 0xFC, 0x03, 0xFC, 0x0B, 0xF8, 0x0F, 0xF0, 0x0F, 0xF0, 0x3F,
    0xC0, 0x1F, 0xF0, 0xFF, 0x00, 0x3F, 0xD3, 0xFC, 0x00, 0x3F, 0xC0, 0x00, 0x00, 0x00, 0x02, 0xFF,
    0xE4, 0x1F, 0xFF, 0xFE, 0x3F, 0xFF, 0xFC, 0x7F, 0x80, 0x68, 0xBF, 0x00, 0x00, 0xBF, 0x00, 0x00,
    0x7F, 0xD0, 0x00, 0x3F, 0xFD, 0x00, 0x0F, 0xFF, 0x80, 0x02, 0xFF, 0xF4, 0x00, 0x7F, 0xFC, 0x00,
    0x07, 0xFE, 0x00, 0x00, 0xFE, 0x00, 0x00, 0xFF, 0xF4, 0x02, 0xFE, 0xFF, 0xFF, 0xFC, 0xFF, 0xFF,
    0xF4, 0x6F, 0xFF, 0x80, 0x00, 0x00, 0x00, 0x7F, 0xFF, 0xFF, 0xFB, 0xFF, 0xFF, 0xFF, 0xBF, 0xFF,
    0xFF, 0xF1, 0x57, 0xFD, 0x55, 0x00, 0x2F, 0xC0, 0x00, 0x02, 0xFC, 0x00, 0x00, 0x2F, 0xC0, 0x00,
    0x02, 0xFC, 0x00, 0x00, 0x2F, 0xC0, 0x00, 0x02, 0xFC, 0x00, 0x00, 0x2F, 0xC0, 0x00, 0x02, 0xFC,
    0x00, 0x00, 0x2F, 0xC0, 0x00, 0x02, 0xFC, 0x00, 0x00, 0x2F, 0xC0, 0x00, 0x02, 0xFC, 0x00, 0x00,
    0x2F, 0xC0, 0x00, 0x02, 0xFC, 0x00, 0xBF, 0x00, 0x03, 0xFB, 0xFC, 0x00, 0x0F, 0xFF, 0xF0, 0x00,
    0x3F, 0xFF, 0xC0, 0x00, 0xFF, 0xFF, 0x00, 0x03, 0xFF, 0xFC, 0x00, 0x0F, 0xFF, 0xF0, 0x00, 0x3F,
    0xFF, 0xC0, 0x00, 0xFF, 0xFF, 0x00, 0x03, 0xFF, 0xFC, 0x00, 0x0F, 0xFF, 0xF0, 0x00, 0x3F, 0xFF,
    0xC0, 0x00, 0xFF, 0xFF, 0x00, 0x03, 0xFA, 0xFD, 0x00, 0x1F, 0xE7, 0xFD, 0x01, 0xFF, 0x0F, 0xFF,
    0xFF, 0xF8, 0x0F, 0xFF, 0xFF, 0x80, 0x07, 0xFF, 0xF4, 0x00, 0x00, 0x00, 0x00, 0x00, 0xBF, 0x00,
    0x00, 0xBF, 0x2F, 0xD0, 0x00, 0x3F, 0xC3, 0xF8, 0x00, 0x1F, 0xD0, 0xFF, 0x00, 0x0B, 0xF0, 0x2F,
    0xC0, 0x03, 0xFC, 0x03, 0xF8, 0x01, 0xFD, 0x00, 0xFF, 0x00, 0xBF, 0x00, 0x2F, 0xC0, 0x3F, 0xC0,
    0x03, 0xF4, 0x0F, 0xD0, 0x00, 0xFF, 0x0B, 0xF0, 0x00, 0x1F, 0xC3, 0xF8, 0x00, 0x03, 0xF4, 0xFD,
    0x00, 0x00, 0xFE, 0x7F, 0x00, 0x00, 0x1F, 0xEF, 0x80, 0x00, 0x03, 0xFF, 0xD0, 0x00, 0x00, 0xFF,
    0xF0, 0x00, 0x00, 0x1F, 0xF8, 0x00, 0x00, 0x03, 0xFD, 0x00, 0x00, 0xFE, 0x00, 0x0B, 0xF0, 0x00,
    0xBF, 0x2F, 0xC0, 0x03, 0xFC, 0x00, 0x3F, 0xC7, 0xF4, 0x01, 0xFF, 0x40, 0x0F, 0xE0, 0xFE, 0x00,
    0xBF, 0xE0, 0x07, 0xF4, 0x3F, 0x80, 0x3F, 0xFC, 0x02, 0xFC, 0x0B, 0xF0, 0x0F, 0xEF, 0x40, 0xFF,
    0x01, 0xFC, 0x07, 0xEB, 0xE0, 0x3F, 0x80, 0x3F, 0x42, 0xF9, 0xFC, 0x1F, 0xD0, 0x0F, 0xE0, 0xFD,
    0x3F, 0x0B, 0xF0, 0x02, 0xFC, 0x3F, 0x0F, 0xD2, 0xFC, 0x00, 0x7F, 0x1F, 0xC2, 0xF8, 0xFE, 0x00,
    0x0F, 0xDB, 0xE0, 0x7F, 0x3F, 0x40, 0x03, 0xFB, 0xF4, 0x0F, 0xDF, 0xC0, 0x00, 0xBE, 0xFC, 0x03,
    0xFB, 0xF0, 0x00, 0x1F, 0xFF, 0x00, 0xBF, 0xF8, 0x00, 0x03, 0xFF, 0x40, 0x1F, 0xFD, 0x00, 0x00,
    0xFF, 0xC0, 0x03, 0xFF, 0x00, 0x00, 0x2F, 0xF0, 0x00, 0xFF, 0xC0, 0x00, 0x7F, 0xC0, 0x01, 0xFF,
    0x0B, 0xF4, 0x00, 0xFF, 0x40, 0xFF, 0x00, 0x7F, 0x80, 0x1F, 0xE0, 0x3F, 0xC0, 0x03, 0xFD, 0x2F,
    0xD0, 0x00, 0x3F, 0xDF, 0xF0, 0x00, 0x07, 0xFF, 0xF0, 0x00, 0x00, 0xFF, 0xF8, 0x00, 0x00, 0x0F,
    0xFC, 0x00, 0x00, 0x07, 0xFF, 0x00, 0x00, 0x03, 0xFF, 0xE0, 0x00, 0x02, 0xFF, 0xFD, 0x00, 0x01,
    0xFE, 0x3F, 0xC0, 0x00, 0xFF, 0x0B, 0xF8, 0x00, 0xBF, 0x40, 0xFF, 0x40, 0x7F, 0xC0, 0x1F, 0xF0,
    0x3F, 0xD0, 0x02, 0xFE, 0x2F, 0xE0, 0x00, 0x3F, 0xD0, 0xBF, 0x40, 0x02, 0xFD, 0x7F, 0xC0, 0x03,
    0xFC, 0x2F, 0xD0, 0x0B, 0xF4, 0x0F, 0xF0, 0x0F, 0xF0, 0x0B, 0xF4, 0x2F, 0xD0, 0x03, 0xFC, 0x3F,
    0xC0, 0x02, 0xFD, 0xBF, 0x00, 0x00, 0xFF, 0xFE, 0x00, 0x00, 0xBF, 0xFC, 0x00, 0x00, 0x3F, 0xF8,
    0x00, 0x00, 0x1F, 0xF0, 0x00, 0x00, 0x0F, 0xF0, 0x00, 0x00, 0x0F, 0xF0, 0x00, 0x00, 0x0F, 0xF0,
    0x00, 0x00, 0x0F, 0xF0, 0x00, 0x00, 0x0F, 0xF0, 0x00, 0x00, 0x0F, 0xF0, 0x00, 0x00, 0x0F, 0xF0,
    0x00, 0x3F, 0xFF, 0xFF, 0xE3, 0xFF, 0xFF, 0xFE, 0x3F, 0xFF, 0xFF, 0xE1, 0x55, 0x57, 0xFC, 0x00,
    0x00, 0xBF, 0x40, 0x00, 0x1F, 0xE0, 0x00, 0x03, 0xFC, 0x00, 0x00, 0xFF, 0x00, 0x00, 0x1F, 0xE0,
    0x00, 0x03, 0xFC, 0x00, 0x00, 0xFF, 0x00, 0x00, 0x2F, 0xD0, 0x00, 0x07, 0xF8, 0x00, 0x00, 0xFF,
    0x00, 0x00, 0x2F, 0xD0, 0x00, 0x07, 0xFF, 0xFF, 0xFF, 0x7F, 0xFF, 0xFF, 0xF7, 0xFF, 0xFF, 0xFF,
    0x3F, 0xF9, 0xFF, 0xE7, 0xFA, 0x5F, 0xC0, 0x7F, 0x01, 0xFC, 0x07, 0xF0, 0x1F, 0xC0, 0x7F, 0x01,
    0xFC, 0x07, 0xF0, 0x1F, 0xC0, 0x7F, 0x01, 0xFC, 0x07, 0xF0, 0x1F, 0xC0, 0x7F, 0x01, 0xFC, 0x07,
    0xF0, 0x1F, 0xE9, 0x7F, 0xF8, 0xFF, 0xE0, 0xBE, 0x00, 0x01, 0xFC, 0x00, 0x03, 0xF4, 0x00, 0x0B,
    0xF0, 0x00, 0x0F, 0xC0, 0x00, 0x3F, 0x80, 0x00, 0x7F, 0x00, 0x00, 0xFD, 0x00, 0x02, 0xF8, 0x00,
    0x07, 0xF0, 0x00, 0x0F, 0xD0, 0x00, 0x2F, 0xC0, 0x00, 0x7F, 0x00, 0x00, 0xFE, 0x00, 0x02, 0xFC,
    0x00, 0x03, 0xF0, 0x00, 0x0F, 0xE0, 0x00, 0x1F, 0xC0, 0x00, 0x00, 0x00, 0x7F, 0xF5, 0xFF, 0xE6,
    0xBF, 0x80, 0xBE, 0x02, 0xF8, 0x0B, 0xE0, 0x2F, 0x80, 0xBE, 0x02, 0xF8, 0x0B, 0xE0, 0x2F, 0x80,
    0xBE, 0x02, 0xF8, 0x0B, 0xE0, 0x2F, 0x80, 0xBE, 0x02, 0xF8, 0x0B, 0xE0, 0x2F, 0x8A, 0xFE, 0x7F,
    0xF9, 0xFF, 0xE0, 0x00, 0x1F, 0x00, 0x00, 0x02, 0xF4, 0x00, 0x00, 0x3F, 0xC0, 0x00, 0x0B, 0xFD,
    0x00, 0x00, 0xFB, 0xF0, 0x00, 0x2F, 0x1F, 0x80, 0x03, 0xE0, 0xFC, 0x00, 0xBD, 0x07, 0xE0, 0x0F,
    0xC0, 0x3F, 0x01, 0xF4, 0x01, 0xF8, 0x3F, 0x00, 0x0F, 0xC2, 0x90, 0x00, 0x29, 0x3F, 0xFF, 0xFC,
    0x3F, 0xFF, 0xFD, 0x00, 0x00, 0xBF, 0x80, 0x1F, 0xD0, 0x07, 0xF4, 0x00, 0xBC, 0x01, 0xBF, 0xD0,
    0x07, 0xFF, 0xFF, 0x00, 0xFF, 0xFF, 0xE0, 0x24, 0x03, 0xFC, 0x00, 0x00, 0xBF, 0x00, 0x15, 0xBF,
    0xC0, 0xFF, 0xFF, 0xF0, 0xFF, 0xFB, 0xFC, 0xFF, 0x40, 0xBF, 0x3F, 0xC0, 0x2F, 0xCF, 0xF0, 0x0F,
    0xF3, 0xFF, 0xAF, 0xFC, 0x7F, 0xFF, 0x7F, 0x07, 0xFF, 0x4B, 0xC0, 0x00, 0x00, 0x00, 0x3F, 0x80,
    0x00, 0x03, 0xF8, 0x00, 0x00, 0x3F, 0x80, 0x00, 0x03, 0xF8, 0x00, 0x00, 0x3F, 0x80, 0x00, 0x03,
    0xF8, 0xBF, 0x40, 0x3F, 0xBF, 0xFF, 0x03, 0xFF, 0xFF, 0xF8, 0x3F, 0xE0, 0x7F, 0xC3, 0xFC, 0x02,
    0xFD, 0x3F, 0x80, 0x1F, 0xD3, 0xF8, 0x00, 0xFE, 0x3F, 0x80, 0x0F, 0xE3, 0xF8, 0x01, 0xFE, 0x3F,
    0xC0, 0x2F, 0xD3, 0xFD, 0x03, 0xFC, 0x3F, 0xFF, 0xFF, 0x83, 0xFB, 0xFF, 0xF0, 0x3F, 0x1F, 0xFC,
    0x00, 0x00, 0x00, 0x00, 0x00, 0xBF, 0xE4, 0x0B, 0xFF, 0xFC, 0x1F, 0xFF, 0xF8, 0x3F, 0xE0, 0x60,
    0x7F, 0x80, 0x00, 0xBF, 0x00, 0x00, 0xFF, 0x00, 0x00, 0xFF, 0x00, 0x00, 0xFF, 0x00, 0x00, 0xBF,
    0x40, 0x00, 0x7F, 0xC0, 0x18, 0x3F, 0xFF, 0xFC, 0x0F, 0xFF, 0xFC, 0x02, 0xFF, 0xF4, 0x00, 0x00,
    0x00, 0x00, 0x00, 0x3F, 0xC0, 0x00, 0x0F, 0xF0, 0x00, 0x03, 0xFC, 0x00, 0x00, 0xFF, 0x00, 0x00,
    0x3F, 0xC0, 0xBF, 0x4F, 0xF0, 0xFF, 0xFA, 0xFC, 0xFF, 0xFF, 0xFF, 0x7F, 0xD1, 0xFF, 0xEF, 0xE0,
    0x0F, 0xFB, 0xF0, 0x02, 0xFF, 0xFC, 0x00, 0xBF, 0xFF, 0x00, 0x2F, 0xFF, 0xC0, 0x0B, 0xFB, 0xF4,
    0x03, 0xFD, 0xFF, 0x01, 0xFF, 0x3F, 0xFF, 0xFF, 0xC7, 0xFF, 0xFB, 0xF0, 0x7F, 0xF0, 0xFC, 0x00,
    0x00, 0x00, 0x00, 0xBF, 0x90, 0x02, 0xFF, 0xFF, 0x02, 0xFF, 0xFF, 0xF0, 0xFF, 0x02, 0xFD, 0x7F,
    0x40, 0x3F, 0xAF, 0xD5, 0x5F, 0xEF, 0xFF, 0xFF, 0xFF, 0xFF, 0xFF, 0xFF, 0xBF, 0x00, 0x00, 0x2F,
    0xD0, 0x00, 0x03, 0xFC, 0x00, 0x10, 0xBF, 0xEA, 0xBC, 0x0F, 0xFF, 0xFF, 0x00, 0x7F, 0xFF, 0x80,
    0x00, 0x00, 0x00, 0x00, 0x00, 0x00, 0x02, 0xFF, 0xE0, 0x2F, 0xFF, 0x40, 0xFF, 0xFC, 0x07, 0xF8,
    0x00, 0x1F, 0xD0, 0x00, 0xBF, 0xE9, 0x1F, 0xFF, 0xF8, 0xBF, 0xFF, 0xE0, 0x2F, 0xD0, 0x00, 0x7F,
    0x40, 0x01, 0xFD, 0x00, 0x07, 0xF4, 0x00, 0x1F, 0xD0, 0x00, 0x7F, 0x40, 0x01, 0xFD, 0x00, 0x07,
    0xF4, 0x00, 0x1F, 0xD0, 0x00, 0x7F, 0x40, 0x01, 0xFD, 0x00, 0x02, 0xFD, 0x0A, 0x83, 0xFF, 0xFB,
    0xF3, 0xFF, 0xFF, 0xFC, 0xFF, 0x42, 0xFF, 0xBF, 0x80, 0x3F, 0xEF, 0xC0, 0x0B, 0xFF, 0xF0, 0x02,
    0xFF, 0xFC, 0x00, 0xBF, 0xFF, 0x00, 0x2F, 0xEF, 0xD0, 0x0F, 0xF7, 0xFC, 0x07, 0xFC, 0xFF, 0xEF,
    0xFF, 0x1F, 0xFF, 0xFF, 0xC1, 0xFF, 0xCF, 0xF0, 0x00, 0x03, 0xFC, 0x00, 0x00, 0xFF, 0x34, 0x00,
    0xFF, 0x8F, 0xFF, 0xFF, 0xC3, 0xFF, 0xFF, 0xD0, 0x6F, 0xFF, 0x40, 0x3F, 0x80, 0x00, 0x03, 0xF8,
    0x00, 0x00, 0x3F, 0x80, 0x00, 0x03, 0xF8, 0x00, 0x00, 0x3F, 0x80, 0x00, 0x03, 0xF8, 0x7F, 0x80,
    0x3F, 0xBF, 0xFF, 0x43, 0xFF, 0xFF, 0xFC, 0x3F, 0xF4, 0x7F, 0xD3, 0xFC, 0x02, 0xFD, 0x3F, 0xC0,
    0x1F, 0xD3, 0xF8, 0x01, 0xFD, 0x3F, 0x80, 0x1F, 0xD3, 0xF8, 0x01, 0xFD, 0x3F, 0x80, 0x1F, 0xD3,
    0xF8, 0x01, 0xFD, 0x3F, 0x80, 0x1F, 0xD3, 0xF8, 0x01, 0xFD, 0x3F, 0x80, 0x1F, 0xD0, 0x00, 0x0B,
    0xD7, 0xFC, 0xFE, 0x1A, 0x00, 0x02, 0xA4, 0xFE, 0x3F, 0x8F, 0xE3, 0xF8, 0xFE, 0x3F, 0x8F, 0xE3,
    0xF8, 0xFE, 0x3F, 0x8F, 0xE3, 0xF8, 0xFE, 0x00, 0x00, 0x00, 0xBD, 0x01, 0xFF, 0x00, 0xFE, 0x00,
    0x68, 0x00, 0x00, 0x00, 0xA9, 0x00, 0xFE, 0x00, 0xFE, 0x00, 0xFE, 0x00, 0xFE, 0x00, 0xFE, 0x00,
    0xFE, 0x00, 0xFE, 0x00, 0xFE, 0x00, 0xFE, 0x00, 0xFE, 0x00, 0xFE, 0x00, 0xFE, 0x00, 0xFE, 0x00,
    0xFE, 0x00, 0xFE, 0x02, 0xFD, 0x7F, 0xFC, 0x7F, 0xF8, 0x3F, 0xD0, 0x3F, 0x80, 0x00, 0x00, 0xFE,
    0x00, 0x00, 0x03, 0xF8, 0x00, 0x00, 0x0F, 0xE0, 0x00, 0x00, 0x3F, 0x80, 0x00, 0x00, 0xFE, 0x00,
    0x2A, 0x83, 0xF8, 0x03, 0xFC, 0x0F, 0xE0, 0x3F, 0xC0, 0x3F, 0x83, 0xFD, 0x00, 0xFE, 0x3F, 0xD0,
    0x03, 0xFA, 0xFD, 0x00, 0x0F, 0xFF, 0xF0, 0x00, 0x3F, 0xFF, 0xE0, 0x00, 0xFF, 0xFF, 0xD0, 0x03,
    0xFC, 0x3F, 0xC0, 0x0F, 0xE0, 0x7F, 0xC0, 0x3F, 0x80, 0xBF, 0x80, 0xFE, 0x00, 0xFF, 0x43, 0xF8,
    0x00, 0xFF, 0x00, 0x3F, 0x8F, 0xE3, 0xF8, 0xFE, 0x3F, 0x8F, 0xE3, 0xF8, 0xFE, 0x3F, 0x8F, 0xE3,
    0xF8, 0xFE, 0x3F, 0x8F, 0xE3, 0xF8, 0xFE, 0x3F, 0x8F, 0xE3, 0xF8, 0x2A, 0x0B, 0xF8, 0x06, 0xF9,
    0x03, 0xF7, 0xFF, 0xF2, 0xFF, 0xF8, 0x3F, 0xFF, 0xFF, 0xFF, 0xFF, 0xC3, 0xFF, 0x0B, 0xFF, 0x43,
    0xFD, 0x3F, 0xC0, 0x3F, 0xE0, 0x1F, 0xE3, 0xFC, 0x02, 0xFD, 0x00, 0xFE, 0x3F, 0x80, 0x2F, 0xC0,
    0x0F, 0xE3, 0xF8, 0x02, 0xFC, 0x00, 0xFE, 0x3F, 0x80, 0x2F, 0xC0, 0x0F, 0xE3, 0xF8, 0x02, 0xFC,
    0x00, 0xFE, 0x3F, 0x80, 0x2F, 0xC0, 0x0F, 0xE3, 0xF8, 0x02, 0xFC, 0x00, 0xFE, 0x3F, 0x80, 0x2F,
    0xC0, 0x0F, 0xE3, 0xF8, 0x02, 0xFC, 0x00, 0xFE, 0x2A, 0x07, 0xF8, 0x03, 0xF3, 0xFF, 0xF4, 0x3F,
    0xFF, 0xFF, 0xC3, 0xFF, 0x47, 0xFD, 0x3F, 0xC0, 0x2F, 0xD3, 0xFC, 0x01, 0xFD, 0x3F, 0x80, 0x1F,
    0xD3, 0xF8, 0x01, 0xFD, 0x3F, 0x80, 0x1F, 0xD3, 0xF8, 0x01, 0xFD, 0x3F, 0x80, 0x1F, 0xD3, 0xF8,
    0x01, 0xFD, 0x3F, 0x80, 0x1F, 0xD3, 0xF8, 0x01, 0xFD, 0x00, 0xBF, 0x90, 0x00, 0xBF, 0xFF, 0xC0,
    0x2F, 0xFF, 0xFF, 0x03, 0xFD, 0x0B, 0xF8, 0x7F, 0x40, 0x3F, 0xCB, 0xF0, 0x02, 0xFD, 0xFF, 0x00,
    0x1F, 0xDF, 0xF0, 0x01, 0xFD, 0xBF, 0x00, 0x2F, 0xDB, 0xF4, 0x02, 0xFC, 0x3F, 0xC0, 0x7F, 0xC2,
    0xFF, 0xAF, 0xF4, 0x0F, 0xFF, 0xFE, 0x00, 0x1F, 0xFF, 0x40, 0x00, 0x00, 0x00, 0x00, 0x2A, 0x0B,
    0xF4, 0x03, 0xF7, 0xFF, 0xF0, 0x3F, 0xFF, 0xFF, 0x83, 0xFE, 0x07, 0xFC, 0x3F, 0xC0, 0x2F, 0xD3,
    0xF8, 0x01, 0xFD, 0x3F, 0x80, 0x0F, 0xE3, 0xF8, 0x00, 0xFE, 0x3F, 0x80, 0x1F, 0xE3, 0xFC, 0x02,
    0xFD, 0x3F, 0xD0, 0x3F, 0xC3, 0xFF, 0xFF, 0xF8, 0x3F, 0xFF, 0xFF, 0x03, 0xF9, 0xFF, 0xC0, 0x3F,
    0x80, 0x00, 0x03, 0xF8, 0x00, 0x00, 0x3F, 0x80, 0x00, 0x03, 0xF8, 0x00, 0x00, 0x3F, 0x80, 0x00,
    0x03, 0xF8, 0x00, 0x00, 0x02, 0xFD, 0x0A, 0x83, 0xFF, 0xFB, 0xF3, 0xFF, 0xFF, 0xFC, 0xFF, 0x42,
    0xFF, 0xBF, 0x80, 0x3F, 0xEF, 0xC0, 0x0B, 0xFF, 0xF0, 0x02, 0xFF, 0xFC, 0x00, 0xBF, 0xFF, 0x00,
    0x2F, 0xEF, 0xD0, 0x0F, 0xF7, 0xFC, 0x07, 0xFC, 0xFF, 0xEF, 0xFF, 0x1F, 0xFF, 0xFF, 0xC1, 0xFF,
    0xCF, 0xF0, 0x00, 0x03, 0xFC, 0x00, 0x00, 0xFF, 0x00, 0x00, 0x3F, 0xC0, 0x00, 0x0F, 0xF0, 0x00,
    0x03, 0xFC, 0x00, 0x00, 0xFF, 0x2A, 0x07, 0xE3, 0xF2, 0xFE, 0x3F, 0xBF, 0xE3, 0xFF, 0xE9, 0x3F,
    0xE0, 0x03, 0xFC, 0x00, 0x3F, 0x80, 0x03, 0xF8, 0x00, 0x3F, 0x80, 0x03, 0xF8, 0x00, 0x3F, 0x80,
    0x03, 0xF8, 0x00, 0x3F, 0x80, 0x03, 0xF8, 0x00, 0x06, 0xFE, 0x40, 0xFF, 0xFF, 0xCB, 0xFF, 0xFF,
    0x3F, 0xC0, 0x14, 0xFF, 0x40, 0x02, 0xFF, 0xD0, 0x03, 0xFF, 0xF4, 0x02, 0xFF, 0xF8, 0x00, 0x7F,
    0xF4, 0x00, 0x1F, 0xD4, 0x00, 0x3F, 0x7F, 0xAB, 0xFC, 0xFF, 0xFF, 0xE1, 0xFF, 0xFD, 0x00, 0x00,
    0x00, 0x00, 0x00, 0xA0, 0x00, 0x0B, 0xC0, 0x00, 0x3F, 0x00, 0x02, 0xFE, 0xA8, 0x3F, 0xFF, 0xF1,
    0xFF, 0xFF, 0xC0, 0xBF, 0x00, 0x02, 0xFC, 0x00, 0x0B, 0xF0, 0x00, 0x2F, 0xC0, 0x00, 0xBF, 0x00,
    0x02, 0xFC, 0x00, 0x0B, 0xF0, 0x00, 0x2F, 0xD0, 0x00, 0x7F, 0xFF, 0x00, 0xFF, 0xFC, 0x00, 0xFF,
    0xF0, 0x00, 0x00, 0x00, 0x2A, 0x40, 0x0A, 0x97, 0xF8, 0x01, 0xFD, 0x7F, 0x80, 0x1F, 0xD7, 0xF8,
    0x01, 0xFD, 0x7F, 0x80, 0x1F, 0xD7, 0xF8, 0x01, 0xFD, 0x7F, 0x80, 0x1F, 0xD7, 0xF8, 0x01, 0xFD,
    0x7F, 0x80, 0x1F, 0xD3, 0xF8, 0x02, 0xFD, 0x3F, 0xC0, 0x7F, 0xD3, 0xFF, 0xFF, 0xFD, 0x1F, 0xFF,
    0xEF, 0xD0, 0x7F, 0xF8, 0xBD, 0x00, 0x00, 0x00, 0x00, 0xAA, 0x00, 0x0A, 0xA2, 0xFD, 0x00, 0x3F,
    0xC3, 0xF8, 0x01, 0xFD, 0x0F, 0xF0, 0x0B, 0xF0, 0x1F, 0xD0, 0x3F, 0x80, 0x3F, 0x81, 0xFD, 0x00,
    0xBF, 0x0B, 0xF0, 0x01, 0xFC, 0x3F, 0x80, 0x03, 0xF9, 0xFC, 0x00, 0x0B, 0xFB, 0xF0, 0x00, 0x0F,
    0xFF, 0x40, 0x00, 0x3F, 0xFC, 0x00, 0x00, 0x7F, 0xE0, 0x00, 0x00, 0xFF, 0x40, 0x00, 0x6A, 0x00,
    0x6A, 0x80, 0x1A, 0x87, 0xF4, 0x0B, 0xFC, 0x03, 0xFC, 0x3F, 0x80, 0xFF, 0xD0, 0x3F, 0x83, 0xFC,
    0x0F, 0xFE, 0x07, 0xF0, 0x2F, 0xC1, 0xF7, 0xF0, 0xBF, 0x01, 0xFD, 0x2F, 0x2F, 0x0F, 0xE0, 0x0F,
    0xE3, 0xF1, 0xF4, 0xFD, 0x00, 0xBF, 0x3E, 0x1F, 0x9F, 0xC0, 0x07, 0xF7, 0xD0, 0xFA, 0xFC, 0x00,
    0x3F, 0xBC, 0x0F, 0xEF, 0x80, 0x03, 0xFF, 0xC0, 0xBF, 0xF0, 0x00, 0x2F, 0xF8, 0x07, 0xFF, 0x00,
    0x01, 0xFF, 0x40, 0x3F, 0xE0, 0x00, 0x0F, 0xF0, 0x03, 0xFD, 0x00, 0x6A, 0x80, 0x0A, 0xA0, 0xFF,
    0x40, 0xFF, 0x40, 0xFF, 0x07, 0xF8, 0x02, 0xFD, 0x3F, 0xC0, 0x03, 0xFE, 0xFD, 0x00, 0x07, 0xFF,
    0xE0, 0x00, 0x0B, 0xFF, 0x00, 0x00, 0x2F, 0xFC, 0x00, 0x00, 0xFF, 0xF8, 0x00, 0x0F, 0xFF, 0xF4,
    0x00, 0xBF, 0x8F, 0xF0, 0x03, 0xFC, 0x1F, 0xE0, 0x3F, 0xD0, 0x3F, 0xD2, 0xFE, 0x00, 0x3F, 0xC0,
    0xAA, 0x00, 0x06, 0xA2, 0xFD, 0x00, 0x3F, 0xC3, 0xF8, 0x01, 0xFD, 0x0B, 0xF0, 0x0B, 0xF0, 0x1F,
    0xD0, 0x3F, 0x80, 0x3F, 0x81, 0xFD, 0x00, 0xBF, 0x0B, 0xF0, 0x00, 0xFD, 0x3F, 0x80, 0x02, 0xF9,
    0xFC, 0x00, 0x07, 0xFB, 0xF0, 0x00, 0x0F, 0xFF, 0x40, 0x00, 0x2F, 0xFC, 0x00, 0x00, 0x3F, 0xE0,
    0x00, 0x00, 0xBF, 0x40, 0x00, 0x03, 0xFC, 0x00, 0x00, 0x1F, 0xE0, 0x00, 0x01, 0xFF, 0x00, 0x00,
    0xFF, 0xF8, 0x00, 0x03, 0xFF, 0x80, 0x00, 0x0F, 0xF4, 0x00, 0x00, 0x2A, 0xAA, 0xA8, 0x3F, 0xFF,
    0xFD, 0x3F, 0xFF, 0xFD, 0x00, 0x07, 0xFC, 0x00, 0x0F, 0xF0, 0x00, 0x2F, 0xD0, 0x00, 0x7F, 0x80,
    0x00, 0xFF, 0x00, 0x03, 0xFC, 0x00, 0x0B, 0xF4, 0x00, 0x1F, 0xE0, 0x00, 0x3F, 0xFF, 0xFD, 0x7F,
    0xFF, 0xFE, 0x7F, 0xFF, 0xFE, 0x00, 0x1B, 0x80, 0x3F, 0xF0, 0x1F, 0xFC, 0x07, 0xF0, 0x02, 0xF8,
    0x00, 0xBE, 0x00, 0x2F, 0x80, 0x0B, 0xE0, 0x03, 0xF8, 0x17, 0xFD, 0x0B, 0xFD, 0x02, 0xFE, 0x40,
    0x6F, 0xF4, 0x00, 0xFE, 0x00, 0x2F, 0x80, 0x0B, 0xE0, 0x02, 0xF8, 0x00, 0xBE, 0x00, 0x1F, 0xC0,
    0x07, 0xFE, 0x00, 0xFF, 0xC0, 0x0B, 0xF0, 0x7C, 0x7C, 0x7C, 0x7C, 0x7C, 0x7C, 0x7C, 0x7C, 0x7C,
    0x7C, 0x7C, 0x7C, 0x7C, 0x7C, 0x7C, 0x7C, 0x7C, 0x7C, 0x7C, 0x7C, 0x7C, 0x7C, 0x7C, 0x7C, 0x68,
    0xF9, 0x00, 0x3F, 0xF0, 0x0F, 0xFC, 0x00, 0x7F, 0x40, 0x0F, 0xD0, 0x03, 0xF4, 0x00, 0xFD, 0x00,
    0x3F, 0x40, 0x0F, 0xE0, 0x02, 0xFE, 0x40, 0x2F, 0xF4, 0x07, 0xFD, 0x0B, 0xFE, 0x43, 0xF8, 0x00,
    0xFD, 0x00, 0x3F, 0x40, 0x0F, 0xD0, 0x03, 0xF4, 0x00, 0xFD, 0x03, 0xFF, 0x00, 0xFF, 0xC0, 0x3F,
    0x80, 0x00, 0x2F, 0xE0, 0x01, 0x3F, 0xFF, 0xA6, 0xCF, 0xFF, 0xFF, 0xF3, 0x00, 0x7F, 0xF8, 0x00,
    0x00, 0x00, 0x00, 0x19, 0x1F, 0xEB, 0xF9, 0xFD, 0x15, 0x00, 0x01, 0x50, 0xFC, 0x3F, 0x0F, 0xC3,
    0xF0, 0xFD, 0x7F, 0x5F, 0xD7, 0xF5, 0xFD, 0x7F, 0xAF, 0xE6, 0xA4, 0x00, 0x00, 0x00, 0x00, 0x0F,
    0x00, 0x00, 0x0F, 0x00, 0x01, 0xBF, 0xF9, 0x07, 0xFF, 0xFD, 0x1F, 0xFF, 0xFC, 0x2F, 0xE0, 0x04,
    0x3F, 0xC0, 0x00, 0x3F, 0x80, 0x00, 0x3F, 0x80, 0x00, 0x3F, 0x80, 0x00, 0x3F, 0x80, 0x00, 0x3F,
    0xC0, 0x00, 0x2F, 0xF0, 0x19, 0x0F, 0xFF, 0xFD, 0x07, 0xFF, 0xFD, 0x00, 0xBF, 0xE4, 0x00, 0x0F,
    0x00, 0x00, 0x0F, 0x00, 0x00, 0x05, 0x00, 0x00, 0x00, 0x00, 0x00, 0x1F, 0xFE, 0x40, 0x2F, 0xFF,
    0xF0, 0x1F, 0xFF, 0xF8, 0x0B, 0xF4, 0x04, 0x03, 0xFC, 0x00, 0x00, 0xFF, 0x00, 0x00, 0x3F, 0xC0,
    0x00, 0xAF, 0xFA, 0xA4, 0x3F, 0xFF, 0xFD, 0x0F, 0xFF, 0xFF, 0x40, 0x3F, 0xC0, 0x00, 0x0F, 0xF0,
    0x00, 0x03, 0xFC, 0x00, 0x00, 0xFD, 0x00, 0x01, 0xFE, 0x00, 0x00, 0xFF, 0xFF, 0xFF, 0xFF, 0xFF,
    0xFF, 0xFF, 0xFF, 0xFF, 0xFC, 0x00, 0x00, 0x00, 0x3D, 0x69, 0x3C, 0x7F, 0xFF, 0xFD, 0x1F, 0xFF,
    0xF8, 0x1F, 0x81, 0xF8, 0x2F, 0x00, 0xFC, 0x3F, 0x00, 0xBC, 0x2F, 0x40, 0xF8, 0x1F, 0xEB, 0xF4,
    0x3F, 0xFF, 0xFC, 0x7E, 0xFF, 0xBD, 0x14, 0x00, 0x14, 0xBF, 0x00, 0x0B, 0xF1, 0xFE, 0x00, 0x3F,
    0x42, 0xFC, 0x02, 0xFC, 0x03, 0xF4, 0x0F, 0xD0, 0x0B, 0xF0, 0xBF, 0x00, 0x0F, 0xD3, 0xF4, 0x00,
    0x2F, 0x9F, 0xC0, 0x00, 0x3F, 0xFD, 0x00, 0x00, 0xBF, 0xF0, 0x00, 0x1B, 0xFF, 0xE8, 0x00, 0xBF,
    0xFF, 0xF0, 0x01, 0x5F, 0xF5, 0x40, 0x00, 0x2F, 0xC0, 0x00, 0x2F, 0xFF, 0xFC, 0x00, 0xBF, 0xFF,
    0xF0, 0x00, 0x5B, 0xF5, 0x40, 0x00, 0x2F, 0xC0, 0x00, 0x00, 0xBF, 0x00, 0x00, 0x7C, 0x7C, 0x7C,
    0x7C, 0x7C, 0x7C, 0x7C, 0x7C, 0x7C, 0x7C, 0x00, 0x00, 0x00, 0x00, 0x14, 0x7C, 0x7C, 0x7C, 0x7C,
    0x7C, 0x7C, 0x7C, 0x7C, 0x7C, 0x68, 0x00, 0x00, 0x00, 0xBF, 0xF8, 0x3F, 0xFF, 0xE7, 0xF4, 0x6C,
    0xBE, 0x00, 0x07, 0xF4, 0x00, 0x2F, 0xF4, 0x01, 0xFF, 0xF4, 0x3F, 0x7F, 0xD7, 0xD0, 0x7F, 0xBD,
    0x03, 0xF7, 0xF4, 0x3F, 0x2F, 0xFB, 0xD0, 0x7F, 0xF8, 0x00, 0x7F, 0xD0, 0x00, 0xBF, 0x00, 0x03,
    0xFA, 0x40, 0xBE, 0xBF, 0xFF, 0xC7, 0xFF, 0xE0, 0x00, 0x00, 0x00, 0x78, 0x0B, 0x7F, 0x87, 0xFB,
    0xD1, 0xFC, 0x50, 0x14, 0x00, 0x00, 0x00, 0x00, 0x00, 0x00, 0x6F, 0xFE, 0x00, 0x00, 0x0B, 0xE9,
    0xBF, 0x80, 0x00, 0xF8, 0x00, 0x0B, 0xC0, 0x0F, 0x00, 0x69, 0x0B, 0xC0, 0xB4, 0x1F, 0xFF, 0x0B,
    0x43, 0x81, 0xF4, 0x14, 0x0F, 0x1D, 0x0F, 0x40, 0x00, 0x2C, 0xB0, 0x3C, 0x00, 0x00, 0x77, 0xC1,
    0xF0, 0x00, 0x00, 0xEF, 0x07, 0xC0, 0x00, 0x03, 0xAC, 0x0F, 0x00, 0x00, 0x1D, 0x74, 0x3D, 0x00,
    0x00, 0xB4, 0xE0, 0xBC, 0x00, 0x03, 0xC2, 0xC0, 0xBF, 0xF8, 0x2E, 0x03, 0xC0, 0x6F, 0x81, 0xF0,
    0x07, 0xD0, 0x00, 0x2F, 0x00, 0x07, 0xF9, 0x5B, 0xF0, 0x00, 0x01, 0xFF, 0xFD, 0x00, 0x00, 0x00,
    0x00, 0x00, 0x00, 0x00, 0x00, 0x06, 0xFF, 0x41, 0xFF, 0xF0, 0x10, 0x3D, 0x06, 0xAF, 0x4F, 0xFF,
    0xD7, 0xD0, 0xF5, 0xF4, 0xBD, 0x3F, 0xFF, 0x42, 0xE0, 0x90, 0x00, 0x10, 0x01, 0x00, 0x01, 0xF4,
    0x0F, 0x80, 0x0F, 0xE0, 0xFF, 0x00, 0xFF, 0x0F, 0xF0, 0x0F, 0xF0, 0xBF, 0x40, 0xBF, 0x47, 0xF8,
    0x03, 0xFC, 0x2F, 0xD0, 0x03, 0xFC, 0x3F, 0xC0, 0x07, 0xF8, 0x3F, 0xC0, 0x07, 0xF4, 0x3F, 0x80,
    0x0B, 0xE0, 0x7F, 0x00, 0x09, 0x00, 0x90, 0x00, 0x00, 0x00, 0x3F, 0xFF, 0xFF, 0xCF, 0xFF, 0xFF,
    0xF1, 0xAA, 0xAA, 0xFC, 0x00, 0x00, 0x1F, 0x00, 0x00, 0x07, 0xC0, 0x00, 0x01, 0xF0, 0x00, 0x00,
    0x7C, 0x15, 0x54, 0x7F, 0xFD, 0x7F, 0xFD, 0x7F, 0xFC, 0x00, 0x00, 0x00, 0x00, 0x00, 0x00, 0x6F,
    0xFE, 0x00, 0x00, 0x0B, 0xE9, 0xBF, 0x80, 0x00, 0xF8, 0x00, 0x0B, 0xC0, 0x0F, 0x0A, 0x94, 0x0B,
    0xC0, 0xB4, 0x3F, 0xFD, 0x0B, 0x43, 0x80, 0xF1, 0xBC, 0x0F, 0x1D, 0x03, 0xC0, 0xF0, 0x2C, 0xB0,
    0x0F, 0x03, 0xC0, 0x77, 0xC0, 0x3D, 0x7E, 0x00, 0xEF, 0x00, 0xFF, 0xE0, 0x03, 0xAC, 0x03, 0xDB,
    0x80, 0x1D, 0x74, 0x0F, 0x0F, 0x40, 0xB4, 0xE0, 0x3C, 0x1F, 0x03, 0xC2, 0xC0, 0xF0, 0x3D, 0x2E,
    0x03, 0xC2, 0x40, 0x25, 0xF0, 0x07, 0xD0, 0x00, 0x2F, 0x00, 0x07, 0xF9, 0x5B, 0xF0, 0x00, 0x01,
    0xFF, 0xFD, 0x00, 0x00, 0x00, 0x00, 0x00, 0x00, 0x15, 0x55, 0x55, 0x53, 0xFF, 0xFF, 0xFE, 0x3F,
    0xFF, 0xFF, 0xE0, 0x00, 0x00, 0x02, 0xFE, 0x03, 0xFF, 0xE2, 0xF4, 0xBD, 0xF8, 0x0F, 0xBD, 0x03,
    0xEF, 0xC1, 0xF5, 0xFF, 0xFC, 0x1F, 0xFC, 0x00, 0x50, 0x00, 0x00, 0x29, 0x00, 0x00, 0x0F, 0x40,
    0x00, 0x03, 0xD0, 0x00, 0x00, 0xF4, 0x00, 0x00, 0x3D, 0x00, 0x3F, 0xFF, 0xFF, 0xCF, 0xFF, 0xFF,
    0xF2, 0xFF, 0xFF, 0xFC, 0x00, 0x3D, 0x00, 0x00, 0x0F, 0x40, 0x00, 0x03, 0xD0, 0x00, 0x00, 0xF4,
    0x00, 0x00, 0x14, 0x00, 0x2A, 0xAA, 0xAA, 0x8F, 0xFF, 0xFF, 0xF3, 0xFF, 0xFF, 0xFC, 0x00, 0x50,
    0x07, 0xFF, 0x43, 0xFF, 0xF0, 0x60, 0xFD, 0x00, 0x3F, 0x00, 0x1F, 0xC0, 0x1F, 0xC0, 0x1F, 0xC0,
    0x1F, 0xC0, 0x0F, 0xFF, 0xD7, 0xFF, 0xF8, 0xAA, 0xA9, 0x00, 0x50, 0x0B, 0xFF, 0x43, 0xFF, 0xF0,
    0x50, 0x7D, 0x00, 0x1F, 0x01, 0xFF, 0x40, 0x7F, 0xE0, 0x00, 0x7D, 0x00, 0x0F, 0x9E, 0x5B, 0xE7,
    0xFF, 0xF0, 0x6F, 0x90, 0x00, 0x00, 0x0B, 0xF8, 0x1F, 0xE0, 0x3F, 0x40, 0xBC, 0x00, 0x2A, 0x40,
    0x0A, 0x93, 0xF8, 0x01, 0xFD, 0x3F, 0x80, 0x1F, 0xD3, 0xF8, 0x01, 0xFD, 0x3F, 0x80, 0x1F, 0xD3,
    0xF8, 0x01, 0xFD, 0x3F, 0x80, 0x1F, 0xD3, 0xF8, 0x01, 0xFD, 0x3F, 0x80, 0x1F, 0xD3, 0xF8, 0x02,
    0xFD, 0x3F, 0xC0, 0x7F, 0xD3, 0xFF, 0xFF, 0xFD, 0x3F, 0xFF, 0xEF, 0xD3, 0xFB, 0xFC, 0xBD, 0x3F,
    0x80, 0x00, 0x03, 0xF8, 0x00, 0x00, 0x3F, 0x80, 0x00, 0x03, 0xF8, 0x00, 0x00, 0x3F, 0x80, 0x00,
    0x03, 0xF8, 0x00, 0x00, 0x02, 0xFF, 0xFF, 0xC1, 0xFF, 0xFF, 0xFC, 0x3F, 0xFF, 0xD7, 0xC7, 0xFF,
    0xFC, 0x3C, 0xBF, 0xFF, 0xC3, 0xCB, 0xFF, 0xFC, 0x3C, 0xBF, 0xFF, 0xC3, 0xCB, 0xFF, 0xFC, 0x3C,
    0x7F, 0xFF, 0xC3, 0xC3, 0xFF, 0xFC, 0x3C, 0x2F, 0xFF, 0xC3, 0xC0, 0xBF, 0xFC, 0x3C, 0x00, 0x57,
    0xC3, 0xC0, 0x00, 0x3C, 0x3C, 0x00, 0x03, 0xC3, 0xC0, 0x00, 0x3C, 0x3C, 0x00, 0x03, 0xC3, 0xC0,
    0x00, 0x3C, 0x3C, 0x00, 0x03, 0xC3, 0xC0, 0x00, 0x3C, 0x3C, 0x00, 0x03, 0xC3, 0xC0, 0x00, 0x3C,
    0x3C, 0x00, 0x00, 0x00, 0x00, 0x2E, 0x2F, 0xEB, 0xF9, 0xFD, 0x04, 0x00, 0x0F, 0x00, 0x7F, 0x00,
    0x3F, 0x00, 0xFC, 0xBF, 0xF1, 0xFE, 0x00, 0x00, 0x00, 0x07, 0xF0, 0x7F, 0xCB, 0xFF, 0x2E, 0xFC,
    0x13, 0xF0, 0x0F, 0xC0, 0x3F, 0x00, 0xFC, 0x03, 0xF0, 0x0F, 0xC0, 0x2A, 0x00, 0x00, 0x01, 0xFE,
    0x02, 0xFF, 0xF0, 0xF8, 0x3E, 0x7D, 0x0B, 0xDF, 0x02, 0xF3, 0xD0, 0xBC, 0xFD, 0x7E, 0x1F, 0xFF,
    0x00, 0xBE, 0x00, 0x01, 0x00, 0x10, 0x00, 0x7E, 0x07, 0xE0, 0x02, 0xFD, 0x1F, 0xE0, 0x03, 0xFC,
    0x2F, 0xD0, 0x03, 0xFC, 0x3F, 0xC0, 0x03, 0xFC, 0x3F, 0xC0, 0x0F, 0xF0, 0xBF, 0x00, 0xBF, 0x0B,
    0xF4, 0x0B, 0xF4, 0x7F, 0x80, 0x7F, 0x83, 0xFC, 0x02, 0xF8, 0x1F, 0xC0, 0x00, 0x80, 0x08, 0x00,
    0x01, 0xF4, 0x00, 0x1F, 0x40, 0x01, 0xFE, 0x00, 0x0F, 0xC0, 0x02, 0xFF, 0x80, 0x0B, 0xD0, 0x00,
    0xFB, 0xE0, 0x03, 0xF0, 0x00, 0x01, 0xF8, 0x02, 0xF4, 0x00, 0x00, 0x7E, 0x00, 0xFC, 0x00, 0x00,
    0x1F, 0x80, 0xBC, 0x00, 0x00, 0x07, 0xE0, 0x7E, 0x03, 0xF0, 0x01, 0xF8, 0x3F, 0x02, 0xFC, 0x00,
    0x7E, 0x1F, 0x81, 0xFF, 0x00, 0x1F, 0x4F, 0xC0, 0xFF, 0xC0, 0x00, 0x07, 0xD0, 0xB7, 0xF0, 0x00,
    0x03, 0xF0, 0x78, 0xFC, 0x00, 0x02, 0xF4, 0x3C, 0x3F, 0x00, 0x00, 0xFC, 0x2F, 0xFF, 0xF4, 0x00,
    0xBC, 0x0B, 0xFF, 0xFE, 0x00, 0x7E, 0x00, 0x00, 0xFC, 0x00, 0x3F, 0x00, 0x00, 0x3F, 0x00, 0x01,
    0xF4, 0x00, 0x1F, 0x40, 0x01, 0xFE, 0x00, 0x0F, 0xC0, 0x02, 0xFF, 0x80, 0x0B, 0xD0, 0x00, 0xFB,
    0xE0, 0x03, 0xF0, 0x00, 0x01, 0xF8, 0x02, 0xF4, 0x00, 0x00, 0x7E, 0x00, 0xFC, 0x00, 0x00, 0x1F,
    0x80, 0xBC, 0x00, 0x00, 0x07, 0xE0, 0x7E, 0x1F, 0xE4, 0x01, 0xF8, 0x3F, 0x2F, 0xFF, 0x00, 0x7E,
    0x1F, 0x87, 0xDF, 0xE0, 0x1F, 0x4F, 0xC0, 0x01, 0xF8, 0x00, 0x07, 0xD0, 0x00, 0xBD, 0x00, 0x03,
    0xF0, 0x00, 0x7E, 0x00, 0x02, 0xF4, 0x00, 0x7F, 0x00, 0x00, 0xFC, 0x00, 0x7F, 0x00, 0x00, 0xBC,
    0x00, 0x7F, 0x55, 0x00, 0x7E, 0x00, 0x3F, 0xFF, 0xC0, 0x3F, 0x00, 0x0F, 0xFF, 0xF0, 0x00, 0x00,
    0x00, 0x00, 0x00, 0x2F, 0xF4, 0x00, 0x1F, 0x40, 0xBF, 0xFC, 0x00, 0x3F, 0x00, 0x24, 0x7D, 0x00,
    0xBD, 0x00, 0x00, 0x3D, 0x00, 0xF8, 0x00, 0x0A, 0xF8, 0x02, 0xF0, 0x00, 0x1F, 0xF4, 0x07, 0xE0,
    0x00, 0x05, 0xBD, 0x0F, 0xC0, 0x00, 0x00, 0x3F, 0x1F, 0x82, 0xF4, 0xD0, 0x7F, 0x3F, 0x07, 0xF4,
    0xFF, 0xFD, 0xBD, 0x0F, 0xF4, 0x7F, 0xF4, 0xFC, 0x2E, 0xF4, 0x00, 0x02, 0xF4, 0x7E, 0xF4, 0x00,
    0x03, 0xF0, 0xF2, 0xF4, 0x00, 0x0B, 0xC2, 0xD2, 0xF4, 0x00, 0x1F, 0x83, 0xFF, 0xFF, 0x00, 0x3F,
    0x03, 0xFF, 0xFF, 0x00, 0x7E, 0x00, 0x02, 0xF4, 0x00, 0xFC, 0x00, 0x02, 0xF4, 0x00, 0x2F, 0x00,
    0x00, 0x7F, 0xC0, 0x00, 0x7F, 0xC0, 0x00, 0x3F, 0x40, 0x00, 0x00, 0x00, 0x00, 0x00, 0x00, 0x00,
    0x1F, 0x40, 0x00, 0x3F, 0x40, 0x00, 0x7F, 0x00, 0x02, 0xFE, 0x00, 0x0F, 0xF8, 0x00, 0x2F, 0xD0,
    0x00, 0x3F, 0x80, 0x00, 0x7F, 0x00, 0x00, 0x7F, 0x40, 0x14, 0x7F, 0xEA, 0xFC, 0x3F, 0xFF, 0xFE,
    0x0B, 0xFF, 0xF8, 0x00, 0x55, 0x00, 0x00, 0x00, 0x00, 0x00, 0x00, 0x02, 0xFD, 0x00, 0x00, 0x00,
    0x0B, 0xF4, 0x00, 0x00, 0x00, 0x1F, 0xC0, 0x00, 0x00, 0x00, 0x3E, 0x00, 0x00, 0x00, 0x00, 0x00,
    0x00, 0x00, 0x0F, 0xFC, 0x00, 0x00, 0x00, 0xFF, 0xD0, 0x00, 0x00, 0x2F, 0xFF, 0x00, 0x00, 0x03,
    0xFB, 0xF0, 0x00, 0x00, 0x7F, 0x3F, 0x80, 0x00, 0x0B, 0xF2, 0xFC, 0x00, 0x00, 0xFE, 0x1F, 0xC0,
    0x00, 0x1F, 0xD0, 0xFE, 0x00, 0x02, 0xFC, 0x0F, 0xF0, 0x00, 0x3F, 0xC0, 0x7F, 0x40, 0x07, 0xF9,
    0x5B, 0xF8, 0x00, 0xBF, 0xFF, 0xFF, 0xC0, 0x0F, 0xFF, 0xFF, 0xFD, 0x01, 0xFF, 0xFF, 0xFF, 0xE0,
    0x3F, 0xD0, 0x00, 0xFF, 0x03, 0xFC, 0x00, 0x0B, 0xF4, 0x7F, 0x80, 0x00, 0x7F, 0xCF, 0xF4, 0x00,
    0x03, 0xFC, 0x00, 0x00, 0x00, 0x00, 0x00, 0x00, 0x03, 0xFD, 0x00, 0x00, 0x00, 0xBF, 0x00, 0x00,
    0x00, 0x2F, 0xC0, 0x00, 0x00, 0x03, 0xE0, 0x00, 0x00, 0x00, 0x00, 0x00, 0x00, 0x00, 0x0F, 0xFC,
    0x00, 0x00, 0x00, 0xFF, 0xD0, 0x00, 0x00, 0x2F, 0xFF, 0x00, 0x00, 0x03, 0xFB, 0xF0, 0x00, 0x00,
    0x7F, 0x3F, 0x80, 0x00, 0x0B, 0xF2, 0xFC, 0x00, 0x00, 0xFE, 0x1F, 0xC0, 0x00, 0x1F, 0xD0, 0xFE,
    0x00, 0x02, 0xFC, 0x0F, 0xF0, 0x00, 0x3F, 0xC0, 0x7F, 0x40, 0x07, 0xF9, 0x5B, 0xF8, 0x00, 0xBF,
    0xFF, 0xFF, 0xC0, 0x0F, 0xFF, 0xFF, 0xFD, 0x01, 0xFF, 0xFF, 0xFF, 0xE0, 0x3F, 0xD0, 0x00, 0xFF,
    0x03, 0xFC, 0x00, 0x0B, 0xF4, 0x7F, 0x80, 0x00, 0x7F, 0xCF, 0xF4, 0x00, 0x03, 0xFC, 0x00, 0x00,
    0x00, 0x00, 0x00, 0x00, 0xBF, 0xC0, 0x00, 0x00, 0x2F, 0xFF, 0x00, 0x00, 0x07, 0xF2, 0xF8, 0x00,
    0x00, 0xF8, 0x07, 0xD0, 0x00, 0x00, 0x00, 0x00, 0x00, 0x00, 0x0F, 0xFC, 0x00, 0x00, 0x00, 0xFF,
    0xD0, 0x00, 0x00, 0x2F, 0xFF, 0x00, 0x00, 0x03, 0xFB, 0xF0, 0x00, 0x00, 0x7F, 0x3F, 0x80, 0x00,
    0x0B, 0xF2, 0xFC, 0x00, 0x00, 0xFE, 0x1F, 0xC0, 0x00, 0x1F, 0xD0, 0xFE, 0x00, 0x02, 0xFC, 0x0F,
    0xF0, 0x00, 0x3F, 0xC0, 0x7F, 0x40, 0x07, 0xF9, 0x5B, 0xF8, 0x00, 0xBF, 0xFF, 0xFF, 0xC0, 0x0F,
    0xFF, 0xFF, 0xFD, 0x01, 0xFF, 0xFF, 0xFF, 0xE0, 0x3F, 0xD0, 0x00, 0xFF, 0x03, 0xFC, 0x00, 0x0B,
    0xF4, 0x7F, 0x80, 0x00, 0x7F, 0xCF, 0xF4, 0x00, 0x03, 0xFC, 0x00, 0x1F, 0x80, 0xE0, 0x00, 0x0B,
    0xFF, 0xBE, 0x00, 0x00, 0xFA, 0xFF, 0xC0, 0x00, 0x0E, 0x02, 0xE0, 0x00, 0x00, 0x00, 0x00, 0x00,
    0x00, 0x00, 0xFF, 0xC0, 0x00, 0x00, 0x0F, 0xFD, 0x00, 0x00, 0x02, 0xFF, 0xF0, 0x00, 0x00, 0x3F,
    0xBF, 0x00, 0x00, 0x07, 0xF3, 0xF8, 0x00, 0x00, 0xBF, 0x2F, 0xC0, 0x00, 0x0F, 0xE1, 0xFC, 0x00,
    0x01, 0xFD, 0x0F, 0xE0, 0x00, 0x2F, 0xC0, 0xFF, 0x00, 0x03, 0xFC, 0x07, 0xF4, 0x00, 0x7F, 0x95,
    0xBF, 0x80, 0x0B, 0xFF, 0xFF, 0xFC, 0x00, 0xFF, 0xFF, 0xFF, 0xD0, 0x1F, 0xFF, 0xFF, 0xFE, 0x03,
    0xFD, 0x00, 0x0F, 0xF0, 0x3F, 0xC0, 0x00, 0xBF, 0x47, 0xF8, 0x00, 0x07, 0xFC, 0xFF, 0x40, 0x00,
    0x3F, 0xC0, 0x00, 0x38, 0x0B, 0x40, 0x00, 0x0B, 0xE1, 0xFC, 0x00, 0x00, 0xBE, 0x0F, 0xC0, 0x00,
    0x01, 0x40, 0x50, 0x00, 0x00, 0x00, 0x00, 0x00, 0x00, 0x00, 0xFF, 0xC0, 0x00, 0x00, 0x0F, 0xFD,
    0x00, 0x00, 0x02, 0xFF, 0xF0, 0x00, 0x00, 0x3F, 0xBF, 0x00, 0x00, 0x07, 0xF3, 0xF8, 0x00, 0x00,
    0xBF, 0x2F, 0xC0, 0x00, 0x0F, 0xE1, 0xFC, 0x00, 0x01, 0xFD, 0x0F, 0xE0, 0x00, 0x2F, 0xC0, 0xFF,
    0x00, 0x03, 0xFC, 0x07, 0xF4, 0x00, 0x7F, 0x95, 0xBF, 0x80, 0x0B, 0xFF, 0xFF, 0xFC, 0x00, 0xFF,
    0xFF, 0xFF, 0xD0, 0x1F, 0xFF, 0xFF, 0xFE, 0x03, 0xFD, 0x00, 0x0F, 0xF0, 0x3F, 0xC0, 0x00, 0xBF,
    0x47, 0xF8, 0x00, 0x07, 0xFC, 0xFF, 0x40, 0x00, 0x3F, 0xC0, 0x00, 0x07, 0xF4, 0x00, 0x00, 0x00,
    0xFF, 0xD0, 0x00, 0x00, 0x1E, 0x1E, 0x00, 0x00, 0x01, 0xE1, 0xE0, 0x00, 0x00, 0x0F, 0xFD, 0x00,
    0x00, 0x00, 0xFF, 0xD0, 0x00, 0x00, 0x2F, 0xFF, 0x00, 0x00, 0x03, 0xFB, 0xF0, 0x00, 0x00, 0x7F,
    0x3F, 0x80, 0x00, 0x0B, 0xF2, 0xFC, 0x00, 0x00, 0xFE, 0x1F, 0xC0, 0x00, 0x1F, 0xD0, 0xFE, 0x00,
    0x02, 0xFC, 0x0F, 0xF0, 0x00, 0x3F, 0xC0, 0x7F, 0x40, 0x07, 0xF9, 0x5B, 0xF8, 0x00, 0xBF, 0xFF,
    0xFF, 0xC0, 0x0F, 0xFF, 0xFF, 0xFD, 0x01, 0xFF, 0xFF, 0xFF, 0xE0, 0x3F, 0xD0, 0x00, 0xFF, 0x03,
    0xFC, 0x00, 0x0B, 0xF4, 0x7F, 0x80, 0x00, 0x7F, 0xCF, 0xF4, 0x00, 0x03, 0xFC, 0x00, 0x00, 0xFF,
    0xFF, 0xFF, 0xF4, 0x00, 0x0B, 0xFF, 0xFF, 0xFF, 0xD0, 0x00, 0x3F, 0xFF, 0xFF, 0xFF, 0x40, 0x02,
    0xFD, 0xBF, 0x95, 0x54, 0x00, 0x0F, 0xE1, 0xFD, 0x00, 0x00, 0x00, 0x7F, 0x07, 0xF4, 0x00, 0x00,
    0x03, 0xFC, 0x1F, 0xD0, 0x00, 0x00, 0x1F, 0xD0, 0x7F, 0xFF, 0xF8, 0x00, 0xBF, 0x01, 0xFF, 0xFF,
    0xF0, 0x03, 0xF8, 0x07, 0xFF, 0xFF, 0xC0, 0x2F, 0xE5, 0x6F, 0xE5, 0x54, 0x00, 0xFF, 0xFF, 0xFF,
    0x40, 0x00, 0x0B, 0xFF, 0xFF, 0xFD, 0x00, 0x00, 0x3F, 0xFF, 0xFF, 0xF4, 0x00, 0x01, 0xFD, 0x00,
    0x1F, 0xE0, 0x00, 0x0F, 0xF0, 0x00, 0x7F, 0xFF, 0xFD, 0x7F, 0x40, 0x01, 0xFF, 0xFF, 0xF7, 0xFC,
    0x00, 0x07, 0xFF, 0xFF, 0xD0, 0x00, 0x00, 0x00, 0x00, 0x00, 0x7F, 0xFE, 0x40, 0x1F, 0xFF, 0xFF,
    0x01, 0xFF, 0xFF, 0xF8, 0x0F, 0xFD, 0x02, 0xD0, 0xBF, 0x80, 0x00, 0x03, 0xFC, 0x00, 0x00, 0x1F,
    0xE0, 0x00, 0x00, 0xBF, 0x40, 0x00, 0x02, 0xFD, 0x00, 0x00, 0x0B, 0xF4, 0x00, 0x00, 0x2F, 0xD0,
    0x00, 0x00, 0x7F, 0x80, 0x00, 0x00, 0xFF, 0x00, 0x00, 0x03, 0xFE, 0x00, 0x00, 0x07, 0xFE, 0x00,
    0x24, 0x0F, 0xFF, 0xFF, 0xE0, 0x0B, 0xFF, 0xFF, 0x80, 0x07, 0xFF, 0xF8, 0x00, 0x00, 0xF4, 0x00,
    0x00, 0x07, 0xF4, 0x00, 0x00, 0x03, 0xF0, 0x00, 0x00, 0x0F, 0xC0, 0x00, 0x07, 0xFF, 0x00, 0x00,
    0x1F, 0xE0, 0x00, 0x00, 0x00, 0x00, 0xBF, 0x80, 0x00, 0xBF, 0x40, 0x00, 0x7F, 0x00, 0x00, 0x3F,
    0x00, 0x00, 0x00, 0x0B, 0xFF, 0xFF, 0x7F, 0xFF, 0xFE, 0xFF, 0xFF, 0xFB, 0xFD, 0x55, 0x4F, 0xF0,
    0x00, 0x3F, 0xC0, 0x00, 0xFF, 0x00, 0x03, 0xFF, 0xFF, 0xCF, 0xFF, 0xFF, 0x3F, 0xFF, 0xFC, 0xFF,
    0x55, 0x53, 0xFC, 0x00, 0x0F, 0xF0, 0x00, 0x3F, 0xC0, 0x00, 0xFF, 0x00, 0x03, 0xFF, 0xFF, 0xEF,
    0xFF, 0xFF, 0xBF, 0xFF, 0xFE, 0x00, 0x00, 0x00, 0x00, 0xBF, 0x80, 0x07, 0xF4, 0x00, 0x7F, 0x40,
    0x03, 0xE0, 0x00, 0x00, 0x00, 0x0B, 0xFF, 0xFF, 0x7F, 0xFF, 0xFE, 0xFF, 0xFF, 0xFB, 0xFD, 0x55,
    0x4F, 0xF0, 0x00, 0x3F, 0xC0, 0x00, 0xFF, 0x00, 0x03, 0xFF, 0xFF, 0xCF, 0xFF, 0xFF, 0x3F, 0xFF,
    0xFC, 0xFF, 0x55, 0x53, 0xFC, 0x00, 0x0F, 0xF0, 0x00, 0x3F, 0xC0, 0x00, 0xFF, 0x00, 0x03, 0xFF,
    0xFF, 0xEF, 0xFF, 0xFF, 0xBF, 0xFF, 0xFE, 0x00, 0x00, 0x00, 0x0F, 0xFC, 0x00, 0xBF, 0xF8, 0x0B,
    0xE3, 0xF4, 0x7D, 0x02, 0xF0, 0x00, 0x00, 0x0B, 0xFF, 0xFF, 0x7F, 0xFF, 0xFE, 0xFF, 0xFF, 0xFB,
    0xFD, 0x55, 0x4F, 0xF0, 0x00, 0x3F, 0xC0, 0x00, 0xFF, 0x00, 0x03, 0xFF, 0xFF, 0xCF, 0xFF, 0xFF,
    0x3F, 0xFF, 0xFC, 0xFF, 0x55, 0x53, 0xFC, 0x00, 0x0F, 0xF0, 0x00, 0x3F, 0xC0, 0x00, 0xFF, 0x00,
    0x03, 0xFF, 0xFF, 0xEF, 0xFF, 0xFF, 0xBF, 0xFF, 0xFE, 0x1E, 0x02, 0xD0, 0xFD, 0x2F, 0xC3, 0xF4,
    0x7E, 0x01, 0x40, 0x50, 0x00, 0x00, 0x02, 0xFF, 0xFF, 0xDF, 0xFF, 0xFF, 0xBF, 0xFF, 0xFE, 0xFF,
    0x55, 0x53, 0xFC, 0x00, 0x0F, 0xF0, 0x00, 0x3F, 0xC0, 0x00, 0xFF, 0xFF, 0xF3, 0xFF, 0xFF, 0xCF,
    0xFF, 0xFF, 0x3F, 0xD5, 0x54, 0xFF, 0x00, 0x03, 0xFC, 0x00, 0x0F, 0xF0, 0x00, 0x3F, 0xC0, 0x00,
    0xFF, 0xFF, 0xFB, 0xFF, 0xFF, 0xEF, 0xFF, 0xFF, 0x80, 0x00, 0x00, 0x1F, 0xF0, 0x00, 0xFE, 0x00,
    0x0F, 0xE0, 0x00, 0xBC, 0x00, 0x00, 0x03, 0xFF, 0xFC, 0xFF, 0xFF, 0x2F, 0xFF, 0x40, 0xFF, 0x00,
    0x3F, 0xC0, 0x0F, 0xF0, 0x03, 0xFC, 0x00, 0xFF, 0x00, 0x3F, 0xC0, 0x0F, 0xF0, 0x03, 0xFC, 0x00,
    0xFF, 0x00, 0x3F, 0xC0, 0x0F, 0xF0, 0x03, 0xFC, 0x07, 0xFF, 0xD3, 0xFF, 0xFC, 0xFF, 0xFF, 0x00,
    0x00, 0x00, 0x07, 0xFC, 0x00, 0xFE, 0x00, 0x3F, 0x80, 0x0B, 0xD0, 0x00, 0x00, 0x00, 0x3F, 0xFF,
    0xC3, 0xFF, 0xFC, 0x2F, 0xFF, 0x40, 0x3F, 0xC0, 0x03, 0xFC, 0x00, 0x3F, 0xC0, 0x03, 0xFC, 0x00,
    0x3F, 0xC0, 0x03, 0xFC, 0x00, 0x3F, 0xC0, 0x03, 0xFC, 0x00, 0x3F, 0xC0, 0x03, 0xFC, 0x00, 0x3F,
    0xC0, 0x03, 0xFC, 0x01, 0xFF, 0xF4, 0x3F, 0xFF, 0xC3, 0xFF, 0xFC, 0x00, 0x00, 0x00, 0x0B, 0xFC,
    0x00, 0x7F, 0xFC, 0x07, 0xF2, 0xFC, 0x3E, 0x01, 0xF8, 0x00, 0x00, 0x00, 0xFF, 0xFF, 0x03, 0xFF,
    0xFC, 0x0B, 0xFF, 0xD0, 0x03, 0xFC, 0x00, 0x0F, 0xF0, 0x00, 0x3F, 0xC0, 0x00, 0xFF, 0x00, 0x03,
    0xFC, 0x00, 0x0F, 0xF0, 0x00, 0x3F, 0xC0, 0x00, 0xFF, 0x00, 0x03, 0xFC, 0x00, 0x0F, 0xF0, 0x00,
    0x3F, 0xC0, 0x00, 0xFF, 0x00, 0x1F, 0xFF, 0x40, 0xFF, 0xFF, 0x03, 0xFF, 0xFC, 0x2D, 0x0B, 0x8B,
    0xF0, 0xFC, 0x7E, 0x0F, 0xC1, 0x40, 0x10, 0x00, 0x00, 0x03, 0xFF, 0xFC, 0x3F, 0xFF, 0xC2, 0xFF,
    0xF4, 0x03, 0xFC, 0x00, 0x3F, 0xC0, 0x03, 0xFC, 0x00, 0x3F, 0xC0, 0x03, 0xFC, 0x00, 0x3F, 0xC0,
    0x03, 0xFC, 0x00, 0x3F, 0xC0, 0x03, 0xFC, 0x00, 0x3F, 0xC0, 0x03, 0xFC, 0x00, 0x3F, 0xC0, 0x1F,
    0xFF, 0x43, 0xFF, 0xFC, 0x3F, 0xFF, 0xC0, 0x0B, 0xFF, 0xF9, 0x00, 0x03, 0xFF, 0xFF, 0xF4, 0x00,
    0xFF, 0xFF, 0xFF, 0x80, 0x3F, 0xD5, 0x7F, 0xF8, 0x0F, 0xF0, 0x02, 0xFF, 0x03, 0xFC, 0x00, 0x3F,
    0xD0, 0xFF, 0x00, 0x07, 0xF8, 0x7F, 0xD5, 0x00, 0xFF, 0x7F, 0xFF, 0xD0, 0x3F, 0xDF, 0xFF, 0xF4,
    0x0F, 0xF7, 0xFF, 0xFC, 0x03, 0xFC, 0x3F, 0xC0, 0x01, 0xFE, 0x0F, 0xF0, 0x00, 0xFF, 0x43, 0xFC,
    0x00, 0xBF, 0xC0, 0xFF, 0x01, 0xFF, 0xD0, 0x3F, 0xFF, 0xFF, 0xE0, 0x0F, 0xFF, 0xFF, 0xD0, 0x03,
    0xFF, 0xFE, 0x40, 0x00, 0x00, 0x2E, 0x02, 0xC0, 0x00, 0x3F, 0xFE, 0xF0, 0x00, 0x2F, 0xBF, 0xF8,
    0x00, 0x0B, 0x01, 0xF4, 0x00, 0x00, 0x00, 0x00, 0x00, 0x2F, 0xF0, 0x00, 0x1F, 0xCF, 0xFF, 0x00,
    0x07, 0xF3, 0xFF, 0xD0, 0x01, 0xFC, 0xFF, 0xFC, 0x00, 0x7F, 0x3F, 0xFF, 0x80, 0x1F, 0xCF, 0xDF,
    0xF0, 0x07, 0xF3, 0xF9, 0xFE, 0x01, 0xFC, 0xFE, 0x3F, 0xD0, 0x7F, 0x3F, 0x83, 0xFC, 0x1F, 0xCF,
    0xE0, 0xBF, 0x47, 0xF3, 0xF8, 0x0F, 0xF1, 0xFC, 0xFE, 0x01, 0xFE, 0x3F, 0x3F, 0x80, 0x3F, 0xDF,
    0xCF, 0xE0, 0x07, 0xFF, 0xF3, 0xF8, 0x00, 0xBF, 0xFC, 0xFE, 0x00, 0x0F, 0xFF, 0x3F, 0x80, 0x02,
    0xFF, 0xCF, 0xE0, 0x00, 0x3F, 0xF0, 0x00, 0x00, 0x00, 0x00, 0x00, 0x02, 0xFE, 0x00, 0x00, 0x00,
    0x07, 0xF4, 0x00, 0x00, 0x00, 0x0F, 0xD0, 0x00, 0x00, 0x00, 0x2F, 0x00, 0x00, 0x00, 0x00, 0x00,
    0x00, 0x00, 0x2F, 0xFF, 0x80, 0x00, 0x2F, 0xFF, 0xFF, 0x40, 0x0B, 0xFF, 0xFF, 0xFD, 0x01, 0xFF,
    0x80, 0x7F, 0xF0, 0x3F, 0xE0, 0x00, 0xFF, 0x83, 0xFC, 0x00, 0x07, 0xFC, 0x7F, 0x80, 0x00, 0x3F,
    0xCB, 0xF8, 0x00, 0x03, 0xFD, 0xBF, 0x40, 0x00, 0x2F, 0xDB, 0xF4, 0x00, 0x02, 0xFD, 0xBF, 0x40,
    0x00, 0x2F, 0xD7, 0xF8, 0x00, 0x03, 0xFC, 0x3F, 0xC0, 0x00, 0x3F, 0xC3, 0xFE, 0x00, 0x0B, 0xF8,
    0x1F, 0xF8, 0x02, 0xFF, 0x00, 0xBF, 0xFF, 0xFF, 0xD0, 0x02, 0xFF, 0xFF, 0xF8, 0x00, 0x06, 0xFF,
    0xF8, 0x00, 0x00, 0x00, 0x00, 0x00, 0x00, 0x00, 0x00, 0x00, 0x00, 0x00, 0x00, 0x02, 0xFE, 0x00,
    0x00, 0x00, 0x7F, 0x40, 0x00, 0x00, 0x1F, 0xD0, 0x00, 0x00, 0x03, 0xE0, 0x00, 0x00, 0x00, 0x00,
    0x00, 0x00, 0x00, 0x2F, 0xFF, 0x80, 0x00, 0x2F, 0xFF, 0xFF, 0x40, 0x0B, 0xFF, 0xFF, 0xFD, 0x01,
    0xFF, 0x80, 0x7F, 0xF0, 0x3F, 0xE0, 0x00, 0xFF, 0x83, 0xFC, 0x00, 0x07, 0xFC, 0x7F, 0x80, 0x00,
    0x3F, 0xCB, 0xF8, 0x00, 0x03, 0xFD, 0xBF, 0x40, 0x00, 0x2F, 0xDB, 0xF4, 0x00, 0x02, 0xFD, 0xBF,
    0x40, 0x00, 0x2F, 0xD7, 0xF8, 0x00, 0x03, 0xFC, 0x3F, 0xC0, 0x00, 0x3F, 0xC3, 0xFE, 0x00, 0x0B,
    0xF8, 0x1F, 0xF8, 0x02, 0xFF, 0x00, 0xBF, 0xFF, 0xFF, 0xD0, 0x02, 0xFF, 0xFF, 0xF8, 0x00, 0x06,
    0xFF, 0xF8, 0x00, 0x00, 0x00, 0x00, 0x00, 0x00, 0x00, 0x00, 0x00, 0x00, 0x00, 0x00, 0x7F, 0xD0,
    0x00, 0x00, 0x1F, 0xFF, 0x00, 0x00, 0x03, 0xF1, 0xFC, 0x00, 0x00, 0xF8, 0x03, 0xE0, 0x00, 0x00,
    0x00, 0x00, 0x00, 0x00, 0x2F, 0xFF, 0x80, 0x00, 0x2F, 0xFF, 0xFF, 0x40, 0x0B, 0xFF, 0xFF, 0xFD,
    0x01, 0xFF, 0x80, 0x7F, 0xF0, 0x3F, 0xE0, 0x00, 0xFF, 0x83, 0xFC, 0x00, 0x07, 0xFC, 0x7F, 0x80,
    0x00, 0x3F, 0xCB, 0xF8, 0x00, 0x03, 0xFD, 0xBF, 0x40, 0x00, 0x2F, 0xDB, 0xF4, 0x00, 0x02, 0xFD,
    0xBF, 0x40, 0x00, 0x2F, 0xD7, 0xF8, 0x00, 0x03, 0xFC, 0x3F, 0xC0, 0x00, 0x3F, 0xC3, 0xFE, 0x00,
    0x0B, 0xF8, 0x1F, 0xF8, 0x02, 0xFF, 0x00, 0xBF, 0xFF, 0xFF, 0xD0, 0x02, 0xFF, 0xFF, 0xF8, 0x00,
    0x06, 0xFF, 0xF8, 0x00, 0x00, 0x00, 0x00, 0x00, 0x00, 0x00, 0x1F, 0x80, 0xF0, 0x00, 0x07, 0xFF,
    0xBF, 0x00, 0x00, 0xFE, 0xFF, 0xD0, 0x00, 0x0F, 0x02, 0xE4, 0x00, 0x00, 0x00, 0x00, 0x00, 0x00,
    0x02, 0xFF, 0xF8, 0x00, 0x02, 0xFF, 0xFF, 0xF4, 0x00, 0xBF, 0xFF, 0xFF, 0xD0, 0x1F, 0xF8, 0x07,
    0xFF, 0x03, 0xFE, 0x00, 0x0F, 0xF8, 0x3F, 0xC0, 0x00, 0x7F, 0xC7, 0xF8, 0x00, 0x03, 0xFC, 0xBF,
    0x80, 0x00, 0x3F, 0xDB, 0xF4, 0x00, 0x02, 0xFD, 0xBF, 0x40, 0x00, 0x2F, 0xDB, 0xF4, 0x00, 0x02,
    0xFD, 0x7F, 0x80, 0x00, 0x3F, 0xC3, 0xFC, 0x00, 0x03, 0xFC, 0x3F, 0xE0, 0x00, 0xBF, 0x81, 0xFF,
    0x80, 0x2F, 0xF0, 0x0B, 0xFF, 0xFF, 0xFD, 0x00, 0x2F, 0xFF, 0xFF, 0x80, 0x00, 0x6F, 0xFF, 0x80,
    0x00, 0x00, 0x00, 0x00, 0x00, 0x00, 0x2D, 0x07, 0x80, 0x00, 0x07, 0xF0, 0xFD, 0x00, 0x00, 0x7F,
    0x0F, 0xC0, 0x00, 0x01, 0x40, 0x10, 0x00, 0x00, 0x00, 0x00, 0x00, 0x00, 0x02, 0xFF, 0xF8, 0x00,
    0x02, 0xFF, 0xFF, 0xF4, 0x00, 0xBF, 0xFF, 0xFF, 0xD0, 0x1F, 0xF8, 0x07, 0xFF, 0x03, 0xFE, 0x00,
    0x0F, 0xF8, 0x3F, 0xC0, 0x00, 0x7F, 0xC7, 0xF8, 0x00, 0x03, 0xFC, 0xBF, 0x80, 0x00, 0x3F, 0xDB,
    0xF4, 0x00, 0x02, 0xFD, 0xBF, 0x40, 0x00, 0x2F, 0xDB, 0xF4, 0x00, 0x02, 0xFD, 0x7F, 0x80, 0x00,
    0x3F, 0xC3, 0xFC, 0x00, 0x03, 0xFC, 0x3F, 0xE0, 0x00, 0xBF, 0x81, 0xFF, 0x80, 0x2F, 0xF0, 0x0B,
    0xFF, 0xFF, 0xFD, 0x00, 0x2F, 0xFF, 0xFF, 0x80, 0x00, 0x6F, 0xFF, 0x80, 0x00, 0x00, 0x00, 0x00,
    0x00, 0x00, 0x00, 0x00, 0x1D, 0x00, 0x38, 0x3F, 0x40, 0xFD, 0x1F, 0xD3, 0xF8, 0x07, 0xFF, 0xE0,
    0x01, 0xFF, 0x80, 0x00, 0xFF, 0x40, 0x03, 0xFF, 0xD0, 0x0F, 0xE7, 0xF4, 0x3F, 0x81, 0xFD, 0x2E,
    0x00, 0x7C, 0x04, 0x00, 0x10, 0x00, 0x00, 0x00, 0x08, 0x00, 0x02, 0xFF, 0xFB, 0xF0, 0x02, 0xFF,
    0xFF, 0xFD, 0x00, 0xBF, 0xFF, 0xFF, 0xD0, 0x1F, 0xF8, 0x07, 0xFF, 0x03, 0xFE, 0x00, 0x7F, 0xF8,
    0x3F, 0xC0, 0x0F, 0xFF, 0xC7, 0xF8, 0x03, 0xF3, 0xFC, 0xBF, 0x80, 0x7D, 0x3F, 0xDB, 0xF4, 0x0F,
    0x82, 0xFD, 0xBF, 0x42, 0xF0, 0x2F, 0xDB, 0xF4, 0x7D, 0x02, 0xFD, 0x7F, 0x8F, 0x80, 0x3F, 0xC3,
    0xFE, 0xF0, 0x03, 0xFC, 0x3F, 0xFD, 0x00, 0xBF, 0x81, 0xFF, 0xC0, 0x2F, 0xF0, 0x0B, 0xFF, 0xFF,
    0xFD, 0x00, 0x7F, 0xFF, 0xFF, 0x80, 0x0F, 0xEF, 0xFF, 0x80, 0x00, 0x70, 0x00, 0x00, 0x00, 0x00,
    0x00, 0x00, 0x00, 0x00, 0x00, 0x00, 0x00, 0x00, 0x0B, 0xF8, 0x00, 0x00, 0x0B, 0xF4, 0x00, 0x00,
    0x07, 0xF0, 0x00, 0x00, 0x03, 0xE0, 0x00, 0x00, 0x00, 0x00, 0x0B, 0xF0, 0x00, 0x3F, 0xBF, 0xC0,
    0x00, 0xFF, 0xFF, 0x00, 0x03, 0xFF, 0xFC, 0x00, 0x0F, 0xFF, 0xF0, 0x00, 0x3F, 0xFF, 0xC0, 0x00,
    0xFF, 0xFF, 0x00, 0x03, 0xFF, 0xFC, 0x00, 0x0F, 0xFF, 0xF0, 0x00, 0x3F, 0xFF, 0xC0, 0x00, 0xFF,
    0xFF, 0x00, 0x03, 0xFF, 0xFC, 0x00, 0x0F, 0xFF, 0xF0, 0x00, 0x3F, 0xAF, 0xD0, 0x01, 0xFE, 0x7F,
    0xD0, 0x1F, 0xF0, 0xFF, 0xFF, 0xFF, 0x80, 0xFF, 0xFF, 0xF8, 0x00, 0x7F, 0xFF, 0x40, 0x00, 0x00,
    0x00, 0x00, 0x00, 0x00, 0x00, 0x00, 0x00, 0x0B, 0xF4, 0x00, 0x00, 0xBF, 0x40, 0x00, 0x07, 0xF0,
    0x00, 0x00, 0x3E, 0x00, 0x00, 0x00, 0x00, 0x00, 0x0B, 0xF0, 0x00, 0x3F, 0xBF, 0xC0, 0x00, 0xFF,
    0xFF, 0x00, 0x03, 0xFF, 0xFC, 0x00, 0x0F, 0xFF, 0xF0, 0x00, 0x3F, 0xFF, 0xC0, 0x00, 0xFF, 0xFF,
    0x00, 0x03, 0xFF, 0xFC, 0x00, 0x0F, 0xFF, 0xF0, 0x00, 0x3F, 0xFF, 0xC0, 0x00, 0xFF, 0xFF, 0x00,
    0x03, 0xFF, 0xFC, 0x00, 0x0F, 0xFF, 0xF0, 0x00, 0x3F, 0xAF, 0xD0, 0x01, 0xFE, 0x7F, 0xD0, 0x1F,
    0xF0, 0xFF, 0xFF, 0xFF, 0x80, 0xFF, 0xFF, 0xF8, 0x00, 0x7F, 0xFF, 0x40, 0x00, 0x00, 0x00, 0x00,
    0x00, 0x00, 0x00, 0x00, 0x00, 0xFF, 0x80, 0x00, 0x0F, 0xFF, 0x80, 0x00, 0xBE, 0x3F, 0x40, 0x07,
    0xD0, 0x2F, 0x00, 0x00, 0x00, 0x00, 0x0B, 0xF0, 0x00, 0x3F, 0xBF, 0xC0, 0x00, 0xFF, 0xFF, 0x00,
    0x03, 0xFF, 0xFC, 0x00, 0x0F, 0xFF, 0xF0, 0x00, 0x3F, 0xFF, 0xC0, 0x00, 0xFF, 0xFF, 0x00, 0x03,
    0xFF, 0xFC, 0x00, 0x0F, 0xFF, 0xF0, 0x00, 0x3F, 0xFF, 0xC0, 0x00, 0xFF, 0xFF, 0x00, 0x03, 0xFF,
    0xFC, 0x00, 0x0F, 0xFF, 0xF0, 0x00, 0x3F, 0xAF, 0xD0, 0x01, 0xFE, 0x7F, 0xD0, 0x1F, 0xF0, 0xFF,
    0xFF, 0xFF, 0x80, 0xFF, 0xFF, 0xF8, 0x00, 0x7F, 0xFF, 0x40, 0x00, 0x00, 0x00, 0x00, 0x01, 0xE0,
    0x2C, 0x00, 0x0F, 0xD2, 0xFC, 0x00, 0x3F, 0x47, 0xE0, 0x00, 0x14, 0x05, 0x00, 0x00, 0x00, 0x00,
    0x02, 0xFC, 0x00, 0x0F, 0xEF, 0xF0, 0x00, 0x3F, 0xFF, 0xC0, 0x00, 0xFF, 0xFF, 0x00, 0x03, 0xFF,
    0xFC, 0x00, 0x0F, 0xFF, 0xF0, 0x00, 0x3F, 0xFF, 0xC0, 0x00, 0xFF, 0xFF, 0x00, 0x03, 0xFF, 0xFC,
    0x00, 0x0F, 0xFF, 0xF0, 0x00, 0x3F, 0xFF, 0xC0, 0x00, 0xFF, 0xFF, 0x00, 0x03, 0xFF, 0xFC, 0x00,
    0x0F, 0xEB, 0xF4, 0x00, 0x7F, 0x9F, 0xF4, 0x07, 0xFC, 0x3F, 0xFF, 0xFF, 0xE0, 0x3F, 0xFF, 0xFE,
    0x00, 0x1F, 0xFF, 0xD0, 0x00, 0x00, 0x00, 0x00, 0x00, 0x00, 0x00, 0x00, 0x00, 0x00, 0xBF, 0x40,
    0x00, 0x02, 0xFD, 0x00, 0x00, 0x07, 0xF0, 0x00, 0x00, 0x0F, 0x80, 0x00, 0x00, 0x00, 0x00, 0x00,
    0xBF, 0x40, 0x02, 0xFD, 0x7F, 0xC0, 0x03, 0xFC, 0x2F, 0xD0, 0x0B, 0xF4, 0x0F, 0xF0, 0x0F, 0xF0,
    0x0B, 0xF4, 0x2F, 0xD0, 0x03, 0xFC, 0x3F, 0xC0, 0x02, 0xFD, 0xBF, 0x00, 0x00, 0xFF, 0xFE, 0x00,
    0x00, 0xBF, 0xFC, 0x00, 0x00, 0x3F, 0xF8, 0x00, 0x00, 0x1F, 0xF0, 0x00, 0x00, 0x0F, 0xF0, 0x00,
    0x00, 0x0F, 0xF0, 0x00, 0x00, 0x0F, 0xF0, 0x00, 0x00, 0x0F, 0xF0, 0x00, 0x00, 0x0F, 0xF0, 0x00,
    0x00, 0x0F, 0xF0, 0x00, 0x00, 0x0F, 0xF0, 0x00, 0xBF, 0x00, 0x00, 0x3F, 0xC0, 0x00, 0x0F, 0xF0,
    0x00, 0x03, 0xFF, 0xFF, 0x40, 0xFF, 0xFF, 0xFC, 0x3F, 0xFF, 0xFF, 0xCF, 0xF0, 0x1F, 0xF7, 0xFC,
    0x01, 0xFD, 0xFF, 0x00, 0x7F, 0xBF, 0xC0, 0x1F, 0xEF, 0xF0, 0x0F, 0xF7, 0xFE, 0xAF, 0xFC, 0xFF,
    0xFF, 0xFD, 0x3F, 0xFF, 0xFC, 0x0F, 0xF5, 0x50, 0x03, 0xFC, 0x00, 0x00, 0xFF, 0x00, 0x00, 0x3F,
    0xC0, 0x00, 0x00, 0x00, 0x00, 0x00, 0x00, 0x01, 0xBF, 0xFD, 0x00, 0x0B, 0xFF, 0xFF, 0xC0, 0x1F,
    0xFF, 0xFF, 0xE0, 0x3F, 0xD0, 0x1F, 0xF0, 0x3F, 0x80, 0x0F, 0xF0, 0x3F, 0x80, 0x0F, 0xF0, 0x3F,
    0x80, 0x7F, 0xC0, 0x3F, 0x81, 0xFF, 0x00, 0x3F, 0x83, 0xFC, 0x00, 0x3F, 0x83, 0xFC, 0x00, 0x3F,
    0x83, 0xFF, 0x40, 0x3F, 0x81, 0xFF, 0xE0, 0x3F, 0x80, 0x2F, 0xFC, 0x3F, 0x80, 0x07, 0xFD, 0x3F,
    0x80, 0x01, 0xFE, 0x3F, 0x80, 0x01, 0xFE, 0x3F, 0x8B, 0x9B, 0xFD, 0x3F, 0x8B, 0xFF, 0xFC, 0x3F,
    0x87, 0xFF, 0xE0, 0x00, 0x00, 0x00, 0x00, 0x00, 0x00, 0x00, 0x00, 0xFF, 0x40, 0x00, 0x0B, 0xF0,
    0x00, 0x00, 0xBF, 0x00, 0x00, 0x07, 0xE0, 0x00, 0x00, 0x00, 0x00, 0x1B, 0xFD, 0x00, 0x7F, 0xFF,
    0xF0, 0x0F, 0xFF, 0xFE, 0x02, 0x40, 0x3F, 0xC0, 0x00, 0x0B, 0xF0, 0x01, 0x5B, 0xFC, 0x0F, 0xFF,
    0xFF, 0x0F, 0xFF, 0xBF, 0xCF, 0xF4, 0x0B, 0xF3, 0xFC, 0x02, 0xFC, 0xFF, 0x00, 0xFF, 0x3F, 0xFA,
    0xFF, 0xC7, 0xFF, 0xF7, 0xF0, 0x7F, 0xF4, 0xBC, 0x00, 0x00, 0x00, 0x00, 0x00, 0x00, 0x00, 0x00,
    0x00, 0xFF, 0x00, 0x00, 0xFF, 0x00, 0x00, 0xBE, 0x00, 0x00, 0x7D, 0x00, 0x00, 0x00, 0x00, 0x00,
    0x1B, 0xFD, 0x00, 0x7F, 0xFF, 0xF0, 0x0F, 0xFF, 0xFE, 0x02, 0x40, 0x3F, 0xC0, 0x00, 0x0B, 0xF0,
    0x01, 0x5B, 0xFC, 0x0F, 0xFF, 0xFF, 0x0F, 0xFF, 0xBF, 0xCF, 0xF4, 0x0B, 0xF3, 0xFC, 0x02, 0xFC,
    0xFF, 0x00, 0xFF, 0x3F, 0xFA, 0xFF, 0xC7, 0xFF, 0xF7, 0xF0, 0x7F, 0xF4, 0xBC, 0x00, 0x00, 0x00,
    0x00, 0x00, 0x00, 0x00, 0x00, 0x3F, 0xF0, 0x00, 0x2F, 0xFE, 0x00, 0x2F, 0x8B, 0xE0, 0x1F, 0x40,
    0xBD, 0x00, 0x00, 0x00, 0x00, 0x1B, 0xFD, 0x00, 0x7F, 0xFF, 0xF0, 0x0F, 0xFF, 0xFE, 0x02, 0x40,
    0x3F, 0xC0, 0x00, 0x0B, 0xF0, 0x01, 0x5B, 0xFC, 0x0F, 0xFF, 0xFF, 0x0F, 0xFF, 0xBF, 0xCF, 0xF4,
    0x0B, 0xF3, 0xFC, 0x02, 0xFC, 0xFF, 0x00, 0xFF, 0x3F, 0xFA, 0xFF, 0xC7, 0xFF, 0xF7, 0xF0, 0x7F,
    0xF4, 0xBC, 0x00, 0x00, 0x00, 0x00, 0x02, 0xF4, 0x1E, 0x02, 0xFF, 0xEF, 0x40, 0xFB, 0xFF, 0xC0,
    0x74, 0x0B, 0x80, 0x00, 0x00, 0x00, 0x00, 0x6F, 0xF4, 0x01, 0xFF, 0xFF, 0xC0, 0x3F, 0xFF, 0xF8,
    0x09, 0x00, 0xFF, 0x00, 0x00, 0x2F, 0xC0, 0x05, 0x6F, 0xF0, 0x3F, 0xFF, 0xFC, 0x3F, 0xFE, 0xFF,
    0x3F, 0xD0, 0x2F, 0xCF, 0xF0, 0x0B, 0xF3, 0xFC, 0x03, 0xFC, 0xFF, 0xEB, 0xFF, 0x1F, 0xFF, 0xDF,
    0xC1, 0xFF, 0xD2, 0xF0, 0x00, 0x00, 0x00, 0x07, 0x80, 0xB4, 0x03, 0xF4, 0x7F, 0x00, 0xFD, 0x1F,
    0xC0, 0x05, 0x01, 0x40, 0x00, 0x00, 0x00, 0x00, 0x6F, 0xF4, 0x01, 0xFF, 0xFF, 0xC0, 0x3F, 0xFF,
    0xF8, 0x09, 0x00, 0xFF, 0x00, 0x00, 0x2F, 0xC0, 0x05, 0x6F, 0xF0, 0x3F, 0xFF, 0xFC, 0x3F, 0xFE,
    0xFF, 0x3F, 0xD0, 0x2F, 0xCF, 0xF0, 0x0B, 0xF3, 0xFC, 0x03, 0xFC, 0xFF, 0xEB, 0xFF, 0x1F, 0xFF,
    0xDF, 0xC1, 0xFF, 0xD2, 0xF0, 0x00, 0x00, 0x00, 0x00, 0x7F, 0x40, 0x00, 0x3F, 0xF0, 0x00, 0x2D,
    0x2E, 0x00, 0x0B, 0x4B, 0x80, 0x00, 0xFF, 0xC0, 0x00, 0x1B, 0x80, 0x00, 0x00, 0x00, 0x00, 0x06,
    0xFF, 0x40, 0x1F, 0xFF, 0xFC, 0x03, 0xFF, 0xFF, 0x80, 0x90, 0x0F, 0xF0, 0x00, 0x02, 0xFC, 0x00,
    0x56, 0xFF, 0x03, 0xFF, 0xFF, 0xC3, 0xFF, 0xEF, 0xF3, 0xFD, 0x02, 0xFC, 0xFF, 0x00, 0xBF, 0x3F,
    0xC0, 0x3F, 0xCF, 0xFE, 0xBF, 0xF1, 0xFF, 0xFD, 0xFC, 0x1F, 0xFD, 0x2F, 0x00, 0x00, 0x00, 0x00,
    0x02, 0xFF, 0x80, 0x7F, 0x90, 0x07, 0xFF, 0xFE, 0xFF, 0xFF, 0x00, 0xFF, 0xFF, 0xFF, 0xFF, 0xF0,
    0x14, 0x03, 0xFF, 0x01, 0xFD, 0x00, 0x00, 0xBF, 0x40, 0x3F, 0x80, 0x15, 0x7F, 0xD5, 0x5F, 0xF1,
    0xFF, 0xFF, 0xFF, 0xFF, 0xFC, 0xFF, 0xEB, 0xFF, 0xFF, 0xFF, 0xBF, 0x40, 0xBF, 0x00, 0x00, 0x3F,
    0xC0, 0x3F, 0xD0, 0x00, 0x0F, 0xF0, 0x1F, 0xFC, 0x00, 0x12, 0xFF, 0x6F, 0xFF, 0xEA, 0xBC, 0x7F,
    0xFF, 0xC7, 0xFF, 0xFF, 0x07, 0xFF, 0x80, 0x3F, 0xFF, 0x80, 0x00, 0x00, 0x00, 0x00, 0x00, 0x00,
    0xBF, 0xE4, 0x0B, 0xFF, 0xFC, 0x1F, 0xFF, 0xF8, 0x3F, 0xE0, 0x60, 0x7F, 0x80, 0x00, 0xBF, 0x00,
    0x00, 0xFF, 0x00, 0x00, 0xFF, 0x00, 0x00, 0xFF, 0x00, 0x00, 0xBF, 0x40, 0x00, 0x7F, 0xC0, 0x18,
    0x3F, 0xFF, 0xFC, 0x0F, 0xFF, 0xFC, 0x02, 0xFF, 0xF4, 0x00, 0x3D, 0x00, 0x00, 0x3F, 0x40, 0x00,
    0x0F, 0xC0, 0x00, 0x0B, 0xD0, 0x01, 0xFF, 0xC0, 0x00, 0xFE, 0x00, 0x00, 0x00, 0x00, 0x00, 0xFF,
    0x40, 0x00, 0x0B, 0xF0, 0x00, 0x00, 0xBF, 0x00, 0x00, 0x07, 0xE0, 0x00, 0x00, 0x00, 0x00, 0x0B,
    0xF9, 0x00, 0x2F, 0xFF, 0xF0, 0x2F, 0xFF, 0xFF, 0x0F, 0xF0, 0x2F, 0xD7, 0xF4, 0x03, 0xFA, 0xFD,
    0x55, 0xFE, 0xFF, 0xFF, 0xFF, 0xFF, 0xFF, 0xFF, 0xFB, 0xF0, 0x00, 0x02, 0xFD, 0x00, 0x00, 0x3F,
    0xC0, 0x01, 0x0B, 0xFE, 0xAB, 0xC0, 0xFF, 0xFF, 0xF0, 0x07, 0xFF, 0xF8, 0x00, 0x00, 0x00, 0x00,
    0x00, 0x00, 0x00, 0x00, 0x00, 0xFF, 0x00, 0x00, 0xFF, 0x00, 0x00, 0xBE, 0x00, 0x00, 0x7D, 0x00,
    0x00, 0x00, 0x00, 0x00, 0x0B, 0xF9, 0x00, 0x2F, 0xFF, 0xF0, 0x2F, 0xFF, 0xFF, 0x0F, 0xF0, 0x2F,
    0xD7, 0xF4, 0x03, 0xFA, 0xFD, 0x55, 0xFE, 0xFF, 0xFF, 0xFF, 0xFF, 0xFF, 0xFF, 0xFB, 0xF0, 0x00,
    0x02, 0xFD, 0x00, 0x00, 0x3F, 0xC0, 0x01, 0x0B, 0xFE, 0xAB, 0xC0, 0xFF, 0xFF, 0xF0, 0x07, 0xFF,
    0xF8, 0x00, 0x00, 0x00, 0x00, 0x00, 0x00, 0x00, 0x00, 0x3F, 0xF0, 0x00, 0x2F, 0xFE, 0x00, 0x2F,
    0x8B, 0xE0, 0x1F, 0x40, 0xBD, 0x00, 0x00, 0x00, 0x00, 0x0B, 0xF9, 0x00, 0x2F, 0xFF, 0xF0, 0x2F,
    0xFF, 0xFF, 0x0F, 0xF0, 0x2F, 0xD7, 0xF4, 0x03, 0xFA, 0xFD, 0x55, 0xFE, 0xFF, 0xFF, 0xFF, 0xFF,
    0xFF, 0xFF, 0xFB, 0xF0, 0x00, 0x02, 0xFD, 0x00, 0x00, 0x3F, 0xC0, 0x01, 0x0B, 0xFE, 0xAB, 0xC0,
    0xFF, 0xFF, 0xF0, 0x07, 0xFF, 0xF8, 0x00, 0x00, 0x00, 0x00, 0x07, 0x80, 0xB4, 0x03, 0xF4, 0x7F,
    0x00, 0xFD, 0x1F, 0xC0, 0x05, 0x01, 0x40, 0x00, 0x00, 0x00, 0x00, 0x2F, 0xE4, 0x00, 0xBF, 0xFF,
    0xC0, 0xBF, 0xFF, 0xFC, 0x3F, 0xC0, 0xBF, 0x5F, 0xD0, 0x0F, 0xEB, 0xF5, 0x57, 0xFB, 0xFF, 0xFF,
    0xFF, 0xFF, 0xFF, 0xFF, 0xEF, 0xC0, 0x00, 0x0B, 0xF4, 0x00, 0x00, 0xFF, 0x00, 0x04, 0x2F, 0xFA,
    0xAF, 0x03, 0xFF, 0xFF, 0xC0, 0x1F, 0xFF, 0xE0, 0x00, 0x00, 0x00, 0x00, 0x00, 0x0B, 0xF8, 0x00,
    0xBF, 0x40, 0x07, 0xF0, 0x00, 0x3E, 0x00, 0x00, 0x00, 0x2A, 0x40, 0x0F, 0xE0, 0x03, 0xF8, 0x00,
    0xFE, 0x00, 0x3F, 0x80, 0x0F, 0xE0, 0x03, 0xF8, 0x00, 0xFE, 0x00, 0x3F, 0x80, 0x0F, 0xE0, 0x03,
    0xF8, 0x00, 0xFE, 0x00, 0x3F, 0x80, 0x0F, 0xE0, 0x00, 0x00, 0x03, 0xFD, 0x0B, 0xF4, 0x1F, 0xC0,
    0x3E, 0x00, 0x00, 0x00, 0x2A, 0x40, 0x3F, 0x80, 0x3F, 0x80, 0x3F, 0x80, 0x3F, 0x80, 0x3F, 0x80,
    0x3F, 0x80, 0x3F, 0x80, 0x3F, 0x80, 0x3F, 0x80, 0x3F, 0x80, 0x3F, 0x80, 0x3F, 0x80, 0x3F, 0x80,
    0x00, 0x00, 0x00, 0x0B, 0xFC, 0x00, 0x7F, 0xFC, 0x07, 0xF2, 0xF8, 0x3E, 0x01, 0xF8, 0x00, 0x00,
    0x00, 0x0A, 0x90, 0x00, 0x3F, 0x80, 0x00, 0xFE, 0x00, 0x03, 0xF8, 0x00, 0x0F, 0xE0, 0x00, 0x3F,
    0x80, 0x00, 0xFE, 0x00, 0x03, 0xF8, 0x00, 0x0F, 0xE0, 0x00, 0x3F, 0x80, 0x00, 0xFE, 0x00, 0x03,
    0xF8, 0x00, 0x0F, 0xE0, 0x00, 0x3F, 0x80, 0x2C, 0x0B, 0x4B, 0xE0, 0xFC, 0xBE, 0x0F, 0xC1, 0x40,
    0x10, 0x00, 0x00, 0x00, 0x2A, 0x40, 0x03, 0xF8, 0x00, 0x3F, 0x80, 0x03, 0xF8, 0x00, 0x3F, 0x80,
    0x03, 0xF8, 0x00, 0x3F, 0x80, 0x03, 0xF8, 0x00, 0x3F, 0x80, 0x03, 0xF8, 0x00, 0x3F, 0x80, 0x03,
    0xF8, 0x00, 0x3F, 0x80, 0x03, 0xF8, 0x00, 0x00, 0x00, 0x00, 0x00, 0x0B, 0x41, 0xC0, 0x01, 0xFE,
    0xFE, 0x00, 0x07, 0xFF, 0x80, 0x00, 0x7F, 0xF0, 0x00, 0x1F, 0xFF, 0xC0, 0x00, 0xE0, 0xFE, 0x00,
    0x00, 0x07, 0xF4, 0x02, 0xFF, 0xBF, 0x80, 0xFF, 0xFF, 0xFC, 0x3F, 0xFA, 0xFF, 0xC7, 0xF8, 0x03,
    0xFD, 0xBF, 0x00, 0x2F, 0xDF, 0xF0, 0x01, 0xFD, 0xFF, 0x00, 0x1F, 0xDB, 0xF0, 0x02, 0xFC, 0x7F,
    0x80, 0x3F, 0xC3, 0xFF, 0xAF, 0xF4, 0x0F, 0xFF, 0xFD, 0x00, 0x2F, 0xFF, 0x40, 0x00, 0x00, 0x00,
    0x00, 0x00, 0xB8, 0x0B, 0x00, 0x3F, 0xFE, 0xF0, 0x0B, 0xEF, 0xFE, 0x00, 0xB0, 0x1F, 0x40, 0x00,
    0x00, 0x00, 0x02, 0xA0, 0x7F, 0x80, 0x3F, 0x3F, 0xFF, 0x43, 0xFF, 0xFF, 0xFC, 0x3F, 0xF4, 0x7F,
    0xD3, 0xFC, 0x02, 0xFD, 0x3F, 0xC0, 0x1F, 0xD3, 0xF8, 0x01, 0xFD, 0x3F, 0x80, 0x1F, 0xD3, 0xF8,
    0x01, 0xFD, 0x3F, 0x80, 0x1F, 0xD3, 0xF8, 0x01, 0xFD, 0x3F, 0x80, 0x1F, 0xD3, 0xF8, 0x01, 0xFD,
    0x3F, 0x80, 0x1F, 0xD0, 0x00, 0x00, 0x00, 0x00, 0x2F, 0xE0, 0x00, 0x00, 0x7F, 0x40, 0x00, 0x01,
    0xFC, 0x00, 0x00, 0x02, 0xF0, 0x00, 0x00, 0x00, 0x00, 0x00, 0xBF, 0x90, 0x00, 0xBF, 0xFF, 0xC0,
    0x2F, 0xFF, 0xFF, 0x03, 0xFD, 0x0B, 0xF8, 0x7F, 0x40, 0x3F, 0xCB, 0xF0, 0x02, 0xFD, 0xFF, 0x00,
    0x1F, 0xDF, 0xF0, 0x01, 0xFD, 0xBF, 0x00, 0x2F, 0xDB, 0xF4, 0x02, 0xFC, 0x3F, 0xC0, 0x7F, 0xC2,
    0xFF, 0xAF, 0xF4, 0x0F, 0xFF, 0xFE, 0x00, 0x1F, 0xFF, 0x40, 0x00, 0x00, 0x00, 0x00, 0x00, 0x00,
    0x00, 0x00, 0x00, 0x2F, 0xD0, 0x00, 0x0B, 0xF4, 0x00, 0x01, 0xFC, 0x00, 0x00, 0x3E, 0x00, 0x00,
    0x00, 0x00, 0x00, 0x00, 0xBF, 0x90, 0x00, 0xBF, 0xFF, 0xC0, 0x2F, 0xFF, 0xFF, 0x03, 0xFD, 0x0B,
    0xF8, 0x7F, 0x40, 0x3F, 0xCB, 0xF0, 0x02, 0xFD, 0xFF, 0x00, 0x1F, 0xDF, 0xF0, 0x01, 0xFD, 0xBF,
    0x00, 0x2F, 0xDB, 0xF4, 0x02, 0xFC, 0x3F, 0xC0, 0x7F, 0xC2, 0xFF, 0xAF, 0xF4, 0x0F, 0xFF, 0xFE,
    0x00, 0x1F, 0xFF, 0x40, 0x00, 0x00, 0x00, 0x00, 0x00, 0x00, 0x00, 0x00, 0x0B, 0xFC, 0x00, 0x01,
    0xFF, 0xF0, 0x00, 0x7F, 0x1F, 0xC0, 0x0F, 0x80, 0x7E, 0x00, 0x00, 0x00, 0x00, 0x00, 0xBF, 0x90,
    0x00, 0xBF, 0xFF, 0xC0, 0x2F, 0xFF, 0xFF, 0x03, 0xFD, 0x0B, 0xF8, 0x7F, 0x40, 0x3F, 0xCB, 0xF0,
    0x02, 0xFD, 0xFF, 0x00, 0x1F, 0xDF, 0xF0, 0x01, 0xFD, 0xBF, 0x00, 0x2F, 0xDB, 0xF4, 0x02, 0xFC,
    0x3F, 0xC0, 0x7F, 0xC2, 0xFF, 0xAF, 0xF4, 0x0F, 0xFF, 0xFE, 0x00, 0x1F, 0xFF, 0x40, 0x00, 0x00,
    0x00, 0x00, 0x01, 0xF8, 0x0F, 0x00, 0x7F, 0xFB, 0xE0, 0x0F, 0xEF, 0xFD, 0x00, 0xF0, 0x2E, 0x40,
    0x00, 0x00, 0x00, 0x00, 0x0B, 0xF9, 0x00, 0x0B, 0xFF, 0xFC, 0x02, 0xFF, 0xFF, 0xF0, 0x3F, 0xD0,
    0xBF, 0x87, 0xF4, 0x03, 0xFC, 0xBF, 0x00, 0x2F, 0xDF, 0xF0, 0x01, 0xFD, 0xFF, 0x00, 0x1F, 0xDB,
    0xF0, 0x02, 0xFD, 0xBF, 0x40, 0x2F, 0xC3, 0xFC, 0x07, 0xFC, 0x2F, 0xFA, 0xFF, 0x40, 0xFF, 0xFF,
    0xE0, 0x01, 0xFF, 0xF4, 0x00, 0x00, 0x00, 0x00, 0x02, 0xD0, 0xB8, 0x00, 0xBF, 0x0F, 0xC0, 0x07,
    0xE0, 0xFC, 0x00, 0x14, 0x01, 0x00, 0x00, 0x00, 0x00, 0x00, 0x0B, 0xF9, 0x00, 0x0B, 0xFF, 0xFC,
    0x02, 0xFF, 0xFF, 0xF0, 0x3F, 0xD0, 0xBF, 0x87, 0xF4, 0x03, 0xFC, 0xBF, 0x00, 0x2F, 0xDF, 0xF0,
    0x01, 0xFD, 0xFF, 0x00, 0x1F, 0xDB, 0xF0, 0x02, 0xFD, 0xBF, 0x40, 0x2F, 0xC3, 0xFC, 0x07, 0xFC,
    0x2F, 0xFA, 0xFF, 0x40, 0xFF, 0xFF, 0xE0, 0x01, 0xFF, 0xF4, 0x00, 0x00, 0x00, 0x00, 0x00, 0x3D,
    0x00, 0x00, 0x2F, 0xC0, 0x00, 0x0B, 0xE0, 0x00, 0x00, 0xA0, 0x00, 0x00, 0x00, 0x00, 0x3F, 0xFF,
    0xFF, 0xCF, 0xFF, 0xFF, 0xF1, 0xAA, 0xAA, 0xA8, 0x00, 0x14, 0x00, 0x00, 0x1F, 0x80, 0x00, 0x0B,
    0xF0, 0x00, 0x01, 0xF8, 0x00, 0x00, 0x00, 0x00, 0x00, 0x00, 0x00, 0x00, 0x00, 0x0B, 0xF9, 0xE0,
    0x0B, 0xFF, 0xFF, 0x02, 0xFF, 0xFF, 0xF0, 0x3F, 0xD1, 0xFF, 0x8B, 0xF4, 0x2F, 0xFC, 0xBF, 0x07,
    0xFF, 0xCF, 0xF0, 0xF9, 0xFD, 0xFF, 0x2F, 0x1F, 0xDF, 0xF7, 0xD2, 0xFD, 0xBF, 0xF8, 0x3F, 0xC7,
    0xFF, 0x07, 0xF8, 0x2F, 0xFF, 0xFF, 0x00, 0xFF, 0xFF, 0xD0, 0x2F, 0xFF, 0xF0, 0x00, 0x90, 0x00,
    0x00, 0x00, 0x00, 0x00, 0x00, 0x1F, 0xF0, 0x00, 0x00, 0x3F, 0x80, 0x00, 0x00, 0xFE, 0x00, 0x00,
    0x02, 0xF0, 0x00, 0x00, 0x00, 0x00, 0x2A, 0x40, 0x0A, 0x97, 0xF8, 0x01, 0xFD, 0x7F, 0x80, 0x1F,
    0xD7, 0xF8, 0x01, 0xFD, 0x7F, 0x80, 0x1F, 0xD7, 0xF8, 0x01, 0xFD, 0x7F, 0x80, 0x1F, 0xD7, 0xF8,
    0x01, 0xFD, 0x7F, 0x80, 0x1F, 0xD3, 0xF8, 0x02, 0xFD, 0x3F, 0xC0, 0x7F, 0xD3, 0xFF, 0xFF, 0xFD,
    0x1F, 0xFF, 0xEF, 0xD0, 0x7F, 0xF8, 0xBD, 0x00, 0x00, 0x00, 0x00, 0x00, 0x00, 0x00, 0x00, 0x00,
    0x1F, 0xE0, 0x00, 0x07, 0xF8, 0x00, 0x00, 0xFD, 0x00, 0x00, 0x2F, 0x00, 0x00, 0x00, 0x00, 0x00,
    0x2A, 0x40, 0x0A, 0x97, 0xF8, 0x01, 0xFD, 0x7F, 0x80, 0x1F, 0xD7, 0xF8, 0x01, 0xFD, 0x7F, 0x80,
    0x1F, 0xD7, 0xF8, 0x01, 0xFD, 0x7F, 0x80, 0x1F, 0xD7, 0xF8, 0x01, 0xFD, 0x7F, 0x80, 0x1F, 0xD3,
    0xF8, 0x02, 0xFD, 0x3F, 0xC0, 0x7F, 0xD3, 0xFF, 0xFF, 0xFD, 0x1F, 0xFF, 0xEF, 0xD0, 0x7F, 0xF8,
    0xBD, 0x00, 0x00, 0x00, 0x00, 0x00, 0x00, 0x00, 0x00, 0x03, 0xFD, 0x00, 0x00, 0xFF, 0xF4, 0x00,
    0x3F, 0x4F, 0xC0, 0x0B, 0xC0, 0x2F, 0x00, 0x00, 0x00, 0x00, 0x2A, 0x40, 0x0A, 0x97, 0xF8, 0x01,
    0xFD, 0x7F, 0x80, 0x1F, 0xD7, 0xF8, 0x01, 0xFD, 0x7F, 0x80, 0x1F, 0xD7, 0xF8, 0x01, 0xFD, 0x7F,
    0x80, 0x1F, 0xD7, 0xF8, 0x01, 0xFD, 0x7F, 0x80, 0x1F, 0xD3, 0xF8, 0x02, 0xFD, 0x3F, 0xC0, 0x7F,
    0xD3, 0xFF, 0xFF, 0xFD, 0x1F, 0xFF, 0xEF, 0xD0, 0x7F, 0xF8, 0xBD, 0x00, 0x00, 0x00, 0x00, 0x02,
    0xD0, 0x78, 0x00, 0x3F, 0x0F, 0xD0, 0x03, 0xF0, 0xFD, 0x00, 0x04, 0x01, 0x40, 0x00, 0x00, 0x00,
    0x02, 0xA4, 0x00, 0xA9, 0x7F, 0x80, 0x1F, 0xD7, 0xF8, 0x01, 0xFD, 0x7F, 0x80, 0x1F, 0xD7, 0xF8,
    0x01, 0xFD, 0x7F, 0x80, 0x1F, 0xD7, 0xF8, 0x01, 0xFD, 0x7F, 0x80, 0x1F, 0xD7, 0xF8, 0x01, 0xFD,
    0x3F, 0x80, 0x2F, 0xD3, 0xFC, 0x07, 0xFD, 0x3F, 0xFF, 0xFF, 0xD1, 0xFF, 0xFE, 0xFD, 0x07, 0xFF,
    0x8B, 0xD0, 0x00, 0x00, 0x00, 0x00, 0x00, 0x00, 0x00, 0x00, 0x07, 0xF8, 0x00, 0x00, 0x7F, 0x80,
    0x00, 0x03, 0xF4, 0x00, 0x00, 0x2F, 0x00, 0x00, 0x00, 0x00, 0x00, 0x0A, 0xA0, 0x00, 0x6A, 0x2F,
    0xD0, 0x03, 0xFC, 0x3F, 0x80, 0x1F, 0xD0, 0xBF, 0x00, 0xBF, 0x01, 0xFD, 0x03, 0xF8, 0x03, 0xF8,
    0x1F, 0xD0, 0x0B, 0xF0, 0xBF, 0x00, 0x0F, 0xD3, 0xF8, 0x00, 0x2F, 0x9F, 0xC0, 0x00, 0x7F, 0xBF,
    0x00, 0x00, 0xFF, 0xF4, 0x00, 0x02, 0xFF, 0xC0, 0x00, 0x03, 0xFE, 0x00, 0x00, 0x0B, 0xF4, 0x00,
    0x00, 0x3F, 0xC0, 0x00, 0x01, 0xFE, 0x00, 0x00, 0x1F, 0xF0, 0x00, 0x0F, 0xFF, 0x80, 0x00, 0x3F,
    0xF8, 0x00, 0x00, 0xFF, 0x40, 0x00, 0x00, 0x3F, 0x80, 0x00, 0x03, 0xF8, 0x00, 0x00, 0x3F, 0x80,
    0x00, 0x03, 0xF8, 0x00, 0x00, 0x3F, 0x80, 0x00, 0x03, 0xF8, 0x7F, 0x40, 0x3F, 0xBF, 0xFF, 0x03,
    0xFF, 0xFF, 0xF8, 0x3F, 0xE0, 0x7F, 0xC3, 0xFC, 0x02, 0xFD, 0x3F, 0x80, 0x1F, 0xD3, 0xF8, 0x00,
    0xFE, 0x3F, 0x80, 0x0F, 0xE3, 0xF8, 0x01, 0xFE, 0x3F, 0xC0, 0x2F, 0xD3, 0xFE, 0x03, 0xFC, 0x3F,
    0xFF, 0xFF, 0x83, 0xFF, 0xFF, 0xF0, 0x3F, 0x9F, 0xFC, 0x03, 0xF8, 0x00, 0x00, 0x3F, 0x80, 0x00,
    0x03, 0xF8, 0x00, 0x00, 0x3F, 0x80, 0x00, 0x03, 0xF8, 0x00, 0x00, 0x3F, 0x80, 0x00, 0x00, 0x02,
    0xD0, 0x78, 0x00, 0x0F, 0xC3, 0xF8, 0x00, 0x3F, 0x0B, 0xD0, 0x00, 0x10, 0x05, 0x00, 0x00, 0x00,
    0x00, 0x02, 0xA8, 0x00, 0x1A, 0x8B, 0xF4, 0x00, 0xFF, 0x0F, 0xE0, 0x07, 0xF4, 0x2F, 0xC0, 0x2F,
    0xC0, 0x7F, 0x40, 0xFE, 0x00, 0xFE, 0x07, 0xF4, 0x02, 0xFC, 0x2F, 0xC0, 0x03, 0xF4, 0xFE, 0x00,
    0x0B, 0xE7, 0xF0, 0x00, 0x1F, 0xEF, 0xC0, 0x00, 0x3F, 0xFD, 0x00, 0x00, 0xBF, 0xF0, 0x00, 0x00,
    0xFF, 0x80, 0x00, 0x02, 0xFD, 0x00, 0x00, 0x0F, 0xF0, 0x00, 0x00, 0x7F, 0x80, 0x00, 0x07, 0xFC,
    0x00, 0x03, 0xFF, 0xE0, 0x00, 0x0F, 0xFE, 0x00, 0x00, 0x3F, 0xD0, 0x00, 0x00, 0x00, 0x6A, 0xAA,
    0x40, 0x00, 0x0B, 0xFF, 0xFC, 0x00, 0x00, 0x7F, 0xFF, 0x80, 0x00, 0x00, 0x00, 0x00, 0x00, 0x00,
    0x0F, 0xFC, 0x00, 0x00, 0x00, 0xFF, 0xD0, 0x00, 0x00, 0x2F, 0xFF, 0x00, 0x00, 0x03, 0xFB, 0xF0,
    0x00, 0x00, 0x7F, 0x3F, 0x80, 0x00, 0x0B, 0xF2, 0xFC, 0x00, 0x00, 0xFE, 0x1F, 0xC0, 0x00, 0x1F,
    0xD0, 0xFE, 0x00, 0x02, 0xFC, 0x0F, 0xF0, 0x00, 0x3F, 0xC0, 0x7F, 0x40, 0x07, 0xF9, 0x5B, 0xF8,
    0x00, 0xBF, 0xFF, 0xFF, 0xC0, 0x0F, 0xFF, 0xFF, 0xFD, 0x01, 0xFF, 0xFF, 0xFF, 0xE0, 0x3F, 0xD0,
    0x00, 0xFF, 0x03, 0xFC, 0x00, 0x0B, 0xF4, 0x7F, 0x80, 0x00, 0x7F, 0xCF, 0xF4, 0x00, 0x03, 0xFC,
    0x06, 0xAA, 0xA4, 0x02, 0xFF, 0xFE, 0x00, 0xBF, 0xFF, 0x80, 0x00, 0x00, 0x00, 0x01, 0xBF, 0xD0,
    0x07, 0xFF, 0xFF, 0x00, 0xFF, 0xFF, 0xE0, 0x24, 0x03, 0xFC, 0x00, 0x00, 0xBF, 0x00, 0x15, 0xBF,
    0xC0, 0xFF, 0xFF, 0xF0, 0xFF, 0xFB, 0xFC, 0xFF, 0x40, 0xBF, 0x3F, 0xC0, 0x2F, 0xCF, 0xF0, 0x0F,
    0xF3, 0xFF, 0xAF, 0xFC, 0x7F, 0xFF, 0x7F, 0x07, 0xFF, 0x4B, 0xC0, 0x00, 0x00, 0x00, 0x00, 0x50,
    0x00, 0x40, 0x00, 0x0F, 0x40, 0x3E, 0x00, 0x00, 0x7F, 0xFF, 0xC0, 0x00, 0x02, 0xFF, 0xF4, 0x00,
    0x00, 0x06, 0xF8, 0x00, 0x00, 0x00, 0x00, 0x00, 0x00, 0x00, 0x0F, 0xFC, 0x00, 0x00, 0x00, 0xFF,
    0xD0, 0x00, 0x00, 0x2F, 0xFF, 0x00, 0x00, 0x03, 0xFB, 0xF0, 0x00, 0x00, 0x7F, 0x3F, 0x80, 0x00,
    0x0B, 0xF2, 0xFC, 0x00, 0x00, 0xFE, 0x1F, 0xC0, 0x00, 0x1F, 0xD0, 0xFE, 0x00, 0x02, 0xFC, 0x0F,
    0xF0, 0x00, 0x3F, 0xC0, 0x7F, 0x40, 0x07, 0xF9, 0x5B, 0xF8, 0x00, 0xBF, 0xFF, 0xFF, 0xC0, 0x0F,
    0xFF, 0xFF, 0xFD, 0x01, 0xFF, 0xFF, 0xFF, 0xE0, 0x3F, 0xD0, 0x00, 0xFF, 0x03, 0xFC, 0x00, 0x0B,
    0xF4, 0x7F, 0x80, 0x00, 0x7F, 0xCF, 0xF4, 0x00, 0x03, 0xFC, 0x05, 0x00, 0x04, 0x03, 0xD0, 0x0F,
    0x40, 0xBF, 0xFF, 0xC0, 0x0F, 0xFF, 0xD0, 0x00, 0x6F, 0x80, 0x00, 0x00, 0x00, 0x00, 0x1B, 0xFD,
    0x00, 0x7F, 0xFF, 0xF0, 0x0F, 0xFF, 0xFE, 0x02, 0x40, 0x3F, 0xC0, 0x00, 0x0B, 0xF0, 0x01, 0x5B,
    0xFC, 0x0F, 0xFF, 0xFF, 0x0F, 0xFF, 0xBF, 0xCF, 0xF4, 0x0B, 0xF3, 0xFC, 0x02, 0xFC, 0xFF, 0x00,
    0xFF, 0x3F, 0xFA, 0xFF, 0xC7, 0xFF, 0xF7, 0xF0, 0x7F, 0xF4, 0xBC, 0x00, 0x00, 0x00, 0x00, 0x00,
    0x0F, 0xFC, 0x00, 0x00, 0x00, 0xFF, 0xD0, 0x00, 0x00, 0x2F, 0xFF, 0x00, 0x00, 0x03, 0xFB, 0xF0,
    0x00, 0x00, 0x7F, 0x3F, 0x80, 0x00, 0x0B, 0xF2, 0xFC, 0x00, 0x00, 0xFE, 0x1F, 0xC0, 0x00, 0x1F,
    0xD0, 0xFE, 0x00, 0x02, 0xFC, 0x0F, 0xF0, 0x00, 0x3F, 0xC0, 0x7F, 0x40, 0x07, 0xF9, 0x5B, 0xF8,
    0x00, 0xBF, 0xFF, 0xFF, 0xC0, 0x0F, 0xFF, 0xFF, 0xFD, 0x01, 0xFF, 0xFF, 0xFF, 0xE0, 0x3F, 0xD0,
    0x00, 0xFF, 0x03, 0xFC, 0x00, 0x0B, 0xF4, 0x7F, 0x80, 0x00, 0x7F, 0xCF, 0xF4, 0x00, 0x03, 0xFC,
    0x00, 0x00, 0x00, 0x2F, 0x00, 0x00, 0x00, 0x07, 0xC0, 0x00, 0x00, 0x00, 0xF8, 0x00, 0x00, 0x00,
    0x0F, 0xE8, 0x00, 0x00, 0x00, 0xBF, 0xC0, 0x00, 0x00, 0x01, 0xB8, 0x01, 0xBF, 0xD0, 0x07, 0xFF,
    0xFF, 0x00, 0xFF, 0xFF, 0xE0, 0x24, 0x03, 0xFC, 0x00, 0x00, 0xBF, 0x00, 0x15, 0xBF, 0xC0, 0xFF,
    0xFF, 0xF0, 0xFF, 0xFB, 0xFC, 0xFF, 0x40, 0xBF, 0x3F, 0xC0, 0x2F, 0xCF, 0xF0, 0x0F, 0xF3, 0xFF,
    0xAF, 0xFC, 0x7F, 0xFF, 0x7F, 0x07, 0xFF, 0x4B, 0xC0, 0x00, 0x03, 0xD0, 0x00, 0x03, 0xD0, 0x00,
    0x01, 0xF0, 0x00, 0x00, 0x7E, 0x50, 0x00, 0x0F, 0xF8, 0x00, 0x00, 0xB9, 0x00, 0x00, 0x00, 0x00,
    0x00, 0x01, 0xFF, 0x00, 0x00, 0x0F, 0xE0, 0x00, 0x00, 0xFE, 0x00, 0x00, 0x0B, 0xD0, 0x00, 0x00,
    0x00, 0x00, 0x00, 0x01, 0xFF, 0xF9, 0x00, 0x7F, 0xFF, 0xFC, 0x07, 0xFF, 0xFF, 0xE0, 0x3F, 0xF4,
    0x0B, 0x42, 0xFE, 0x00, 0x00, 0x0F, 0xF0, 0x00, 0x00, 0x7F, 0x80, 0x00, 0x02, 0xFD, 0x00, 0x00,
    0x0B, 0xF4, 0x00, 0x00, 0x2F, 0xD0, 0x00, 0x00, 0xBF, 0x40, 0x00, 0x01, 0xFE, 0x00, 0x00, 0x03,
    0xFC, 0x00, 0x00, 0x0F, 0xF8, 0x00, 0x00, 0x1F, 0xF8, 0x00, 0x90, 0x3F, 0xFF, 0xFF, 0x80, 0x2F,
    0xFF, 0xFE, 0x00, 0x1F, 0xFF, 0xE0, 0x00, 0x00, 0x00, 0x00, 0x00, 0x00, 0x00, 0x00, 0x07, 0xFC,
    0x00, 0x0F, 0xE0, 0x00, 0x3F, 0x80, 0x00, 0xBD, 0x00, 0x00, 0x00, 0x00, 0x00, 0xBF, 0xE4, 0x0B,
    0xFF, 0xFC, 0x1F, 0xFF, 0xF8, 0x3F, 0xE0, 0x60, 0x7F, 0x80, 0x00, 0xBF, 0x00, 0x00, 0xFF, 0x00,
    0x00, 0xFF, 0x00, 0x00, 0xFF, 0x00, 0x00, 0xBF, 0x40, 0x00, 0x7F, 0xC0, 0x18, 0x3F, 0xFF, 0xFC,
    0x0F, 0xFF, 0xFC, 0x02, 0xFF, 0xF4, 0x00, 0x00, 0x00, 0x00, 0x00, 0x00, 0x00, 0x00, 0x3F, 0xE0,
    0x00, 0x03, 0xFF, 0xD0, 0x00, 0x2F, 0x8F, 0xD0, 0x01, 0xF4, 0x0B, 0xC0, 0x00, 0x00, 0x00, 0x00,
    0x01, 0xFF, 0xF9, 0x00, 0x7F, 0xFF, 0xFC, 0x07, 0xFF, 0xFF, 0xE0, 0x3F, 0xF4, 0x0B, 0x42, 0xFE,
    0x00, 0x00, 0x0F, 0xF0, 0x00, 0x00, 0x7F, 0x80, 0x00, 0x02, 0xFD, 0x00, 0x00, 0x0B, 0xF4, 0x00,
    0x00, 0x2F, 0xD0, 0x00, 0x00, 0xBF, 0x40, 0x00, 0x01, 0xFE, 0x00, 0x00, 0x03, 0xFC, 0x00, 0x00,
    0x0F, 0xF8, 0x00, 0x00, 0x1F, 0xF8, 0x00, 0x90, 0x3F, 0xFF, 0xFF, 0x80, 0x2F, 0xFF, 0xFE, 0x00,
    0x1F, 0xFF, 0xE0, 0x00, 0x00, 0x00, 0x00, 0x00, 0x00, 0x00, 0x00, 0xFF, 0x80, 0x03, 0xFF, 0xD0,
    0x0F, 0xD3, 0xF4, 0x2F, 0x40, 0xBC, 0x00, 0x00, 0x00, 0x00, 0xBF, 0xE4, 0x0B, 0xFF, 0xFC, 0x1F,
    0xFF, 0xF8, 0x3F, 0xE0, 0x60, 0x7F, 0x80, 0x00, 0xBF, 0x00, 0x00, 0xFF, 0x00, 0x00, 0xFF, 0x00,
    0x00, 0xFF, 0x00, 0x00, 0xBF, 0x40, 0x00, 0x7F, 0xC0, 0x18, 0x3F, 0xFF, 0xFC, 0x0F, 0xFF, 0xFC,
    0x02, 0xFF, 0xF4, 0x00, 0x00, 0x00, 0x00, 0x00, 0x00, 0x00, 0x00, 0x1F, 0x80, 0x00, 0x00, 0xBF,
    0x40, 0x00, 0x02, 0xFC, 0x00, 0x00, 0x02, 0x90, 0x00, 0x00, 0x00, 0x00, 0x00, 0x01, 0xFF, 0xF9,
    0x00, 0x7F, 0xFF, 0xFC, 0x07, 0xFF, 0xFF, 0xE0, 0x3F, 0xF4, 0x0B, 0x42, 0xFE, 0x00, 0x00, 0x0F,
    0xF0, 0x00, 0x00, 0x7F, 0x80, 0x00, 0x02, 0xFD, 0x00, 0x00, 0x0B, 0xF4, 0x00, 0x00, 0x2F, 0xD0,
    0x00, 0x00, 0xBF, 0x40, 0x00, 0x01, 0xFE, 0x00, 0x00, 0x03, 0xFC, 0x00, 0x00, 0x0F, 0xF8, 0x00,
    0x00, 0x1F, 0xF8, 0x00, 0x90, 0x3F, 0xFF, 0xFF, 0x80, 0x2F, 0xFF, 0xFE, 0x00, 0x1F, 0xFF, 0xE0,
    0x00, 0x00, 0x00, 0x00, 0x00, 0x00, 0x00, 0x00, 0x7E, 0x00, 0x00, 0xFF, 0x40, 0x00, 0xBF, 0x00,
    0x00, 0x29, 0x00, 0x00, 0x00, 0x00, 0x00, 0xBF, 0xE4, 0x0B, 0xFF, 0xFC, 0x1F, 0xFF, 0xF8, 0x3F,
    0xE0, 0x60, 0x7F, 0x80, 0x00, 0xBF, 0x00, 0x00, 0xFF, 0x00, 0x00, 0xFF, 0x00, 0x00, 0xFF, 0x00,
    0x00, 0xBF, 0x40, 0x00, 0x7F, 0xC0, 0x18, 0x3F, 0xFF, 0xFC, 0x0F, 0xFF, 0xFC, 0x02, 0xFF, 0xF4,
    0x00, 0x00, 0x00, 0x00, 0x00, 0x00, 0x00, 0x07, 0xE0, 0x2F, 0x80, 0x07, 0xF3, 0xF8, 0x00, 0x0B,
    0xFF, 0x80, 0x00, 0x0B, 0xFC, 0x00, 0x00, 0x00, 0x00, 0x00, 0x01, 0xFF, 0xF9, 0x00, 0x7F, 0xFF,
    0xFC, 0x07, 0xFF, 0xFF, 0xE0, 0x3F, 0xF4, 0x0B, 0x42, 0xFE, 0x00, 0x00, 0x0F, 0xF0, 0x00, 0x00,
    0x7F, 0x80, 0x00, 0x02, 0xFD, 0x00, 0x00, 0x0B, 0xF4, 0x00, 0x00, 0x2F, 0xD0, 0x00, 0x00, 0xBF,
    0x40, 0x00, 0x01, 0xFE, 0x00, 0x00, 0x03, 0xFC, 0x00, 0x00, 0x0F, 0xF8, 0x00, 0x00, 0x1F, 0xF8,
    0x00, 0x90, 0x3F, 0xFF, 0xFF, 0x80, 0x2F, 0xFF, 0xFE, 0x00, 0x1F, 0xFF, 0xE0, 0x00, 0x00, 0x00,
    0x00, 0x00, 0x00, 0x00, 0x1F, 0x80, 0xBD, 0x0B, 0xF3, 0xF8, 0x02, 0xFF, 0xE0, 0x00, 0xFF, 0xC0,
    0x00, 0x00, 0x00, 0x00, 0xBF, 0xE4, 0x0B, 0xFF, 0xFC, 0x1F, 0xFF, 0xF8, 0x3F, 0xE0, 0x60, 0x7F,
    0x80, 0x00, 0xBF, 0x00, 0x00, 0xFF, 0x00, 0x00, 0xFF, 0x00, 0x00, 0xFF, 0x00, 0x00, 0xBF, 0x40,
    0x00, 0x7F, 0xC0, 0x18, 0x3F, 0xFF, 0xFC, 0x0F, 0xFF, 0xFC, 0x02, 0xFF, 0xF4, 0x00, 0x00, 0x00,
    0x00, 0x00, 0x00, 0x00, 0x2F, 0x80, 0xBD, 0x00, 0x2F, 0xDF, 0xD0, 0x00, 0x3F, 0xFE, 0x00, 0x00,
    0x3F, 0xE0, 0x00, 0x00, 0x00, 0x00, 0x0B, 0xFF, 0xF9, 0x00, 0x3F, 0xFF, 0xFF, 0x40, 0xFF, 0xFF,
    0xFF, 0x83, 0xFD, 0x57, 0xFF, 0x8F, 0xF0, 0x02, 0xFF, 0x3F, 0xC0, 0x03, 0xFD, 0xFF, 0x00, 0x07,
    0xFB, 0xFC, 0x00, 0x0F, 0xFF, 0xF0, 0x00, 0x3F, 0xFF, 0xC0, 0x00, 0xFF, 0xFF, 0x00, 0x03, 0xFF,
    0xFC, 0x00, 0x1F, 0xEF, 0xF0, 0x00, 0xFF, 0x7F, 0xC0, 0x0B, 0xFC, 0xFF, 0x01, 0xFF, 0xD3, 0xFF,
    0xFF, 0xFE, 0x0F, 0xFF, 0xFF, 0xD0, 0x3F, 0xFF, 0xE4, 0x00, 0x00, 0x00, 0x3F, 0xC3, 0xF0, 0x00,
    0x00, 0xFF, 0x1F, 0x80, 0x00, 0x03, 0xFC, 0xBC, 0x00, 0x00, 0x0F, 0xF3, 0xE0, 0x00, 0x00, 0x3F,
    0xC0, 0x00, 0x0B, 0xF4, 0xFF, 0x00, 0x00, 0xFF, 0xFA, 0xFC, 0x00, 0x0F, 0xFF, 0xFF, 0xF0, 0x00,
    0x7F, 0xD1, 0xFF, 0xC0, 0x02, 0xFE, 0x00, 0xFF, 0x00, 0x0B, 0xF0, 0x02, 0xFC, 0x00, 0x3F, 0xC0,
    0x0B, 0xF0, 0x00, 0xFF, 0x00, 0x2F, 0xC0, 0x03, 0xFC, 0x00, 0xBF, 0x00, 0x0B, 0xF4, 0x03, 0xFC,
    0x00, 0x1F, 0xF0, 0x1F, 0xF0, 0x00, 0x3F, 0xFF, 0xFF, 0xC0, 0x00, 0x7F, 0xFF, 0xBF, 0x00, 0x00,
    0x7F, 0xF0, 0xFC, 0x00, 0x00, 0x00, 0x00, 0x00, 0x00, 0x0B, 0xFF, 0xF9, 0x00, 0x03, 0xFF, 0xFF,
    0xF4, 0x00, 0xFF, 0xFF, 0xFF, 0x80, 0x3F, 0xD5, 0x7F, 0xF8, 0x0F, 0xF0, 0x02, 0xFF, 0x03, 0xFC,
    0x00, 0x3F, 0xD0, 0xFF, 0x00, 0x07, 0xF8, 0x7F, 0xD5, 0x00, 0xFF, 0x7F, 0xFF, 0xD0, 0x3F, 0xDF,
    0xFF, 0xF4, 0x0F, 0xF7, 0xFF, 0xFC, 0x03, 0xFC, 0x3F, 0xC0, 0x01, 0xFE, 0x0F, 0xF0, 0x00, 0xFF,
    0x43, 0xFC, 0x00, 0xBF, 0xC0, 0xFF, 0x01, 0xFF, 0xD0, 0x3F, 0xFF, 0xFF, 0xE0, 0x0F, 0xFF, 0xFF,
    0xD0, 0x03, 0xFF, 0xFE, 0x40, 0x00, 0x00, 0x00, 0x3F, 0xC0, 0x00, 0x00, 0xFF, 0x00, 0x02, 0xFF,
    0xFF, 0xC0, 0x0B, 0xFF, 0xFF, 0x00, 0x15, 0x7F, 0xD4, 0x00, 0x00, 0xFF, 0x00, 0x3F, 0xE2, 0xFC,
    0x07, 0xFF, 0xFB, 0xF0, 0x3F, 0xFF, 0xFF, 0xC1, 0xFF, 0x42, 0xFF, 0x0B, 0xF8, 0x03, 0xFC, 0x3F,
    0xD0, 0x0B, 0xF0, 0xFF, 0x40, 0x2F, 0xC3, 0xFD, 0x00, 0xBF, 0x0B, 0xF8, 0x03, 0xFC, 0x1F, 0xF0,
    0x1F, 0xF0, 0x3F, 0xFF, 0xFF, 0xC0, 0x7F, 0xFE, 0xFF, 0x00, 0x7F, 0xE1, 0xFC, 0x00, 0x00, 0x00,
    0x00, 0x1A, 0xAA, 0x90, 0xBF, 0xFF, 0x82, 0xFF, 0xFE, 0x00, 0x00, 0x00, 0xBF, 0xFF, 0xF7, 0xFF,
    0xFF, 0xEF, 0xFF, 0xFF, 0xBF, 0xD5, 0x54, 0xFF, 0x00, 0x03, 0xFC, 0x00, 0x0F, 0xF0, 0x00, 0x3F,
    0xFF, 0xFC, 0xFF, 0xFF, 0xF3, 0xFF, 0xFF, 0xCF, 0xF5, 0x55, 0x3F, 0xC0, 0x00, 0xFF, 0x00, 0x03,
    0xFC, 0x00, 0x0F, 0xF0, 0x00, 0x3F, 0xFF, 0xFE, 0xFF, 0xFF, 0xFB, 0xFF, 0xFF, 0xE0, 0x06, 0xAA,
    0xA4, 0x02, 0xFF, 0xFE, 0x00, 0xBF, 0xFF, 0x80, 0x00, 0x00, 0x00, 0x00, 0xBF, 0x90, 0x02, 0xFF,
    0xFF, 0x02, 0xFF, 0xFF, 0xF0, 0xFF, 0x02, 0xFD, 0x7F, 0x40, 0x3F, 0xAF, 0xD5, 0x5F, 0xEF, 0xFF,
    0xFF, 0xFF, 0xFF, 0xFF, 0xFF, 0xBF, 0x00, 0x00, 0x2F, 0xD0, 0x00, 0x03, 0xFC, 0x00, 0x10, 0xBF,
    0xEA, 0xBC, 0x0F, 0xFF, 0xFF, 0x00, 0x7F, 0xFF, 0x80, 0x00, 0x00, 0x00, 0x14, 0x00, 0x10, 0xF4,
    0x03, 0xD2, 0xFF, 0xFF, 0x03, 0xFF, 0xF4, 0x01, 0xBE, 0x00, 0x00, 0x00, 0x0B, 0xFF, 0xFF, 0x7F,
    0xFF, 0xFE, 0xFF, 0xFF, 0xFB, 0xFD, 0x55, 0x4F, 0xF0, 0x00, 0x3F, 0xC0, 0x00, 0xFF, 0x00, 0x03,
    0xFF, 0xFF, 0xCF, 0xFF, 0xFF, 0x3F, 0xFF, 0xFC, 0xFF, 0x55, 0x53, 0xFC, 0x00, 0x0F, 0xF0, 0x00,
    0x3F, 0xC0, 0x00, 0xFF, 0x00, 0x03, 0xFF, 0xFF, 0xEF, 0xFF, 0xFF, 0xBF, 0xFF, 0xFE, 0x05, 0x00,
    0x04, 0x03, 0xD0, 0x0F, 0x40, 0xBF, 0xFF, 0xC0, 0x0F, 0xFF, 0xD0, 0x00, 0x6F, 0x80, 0x00, 0x00,
    0x00, 0x00, 0x0B, 0xF9, 0x00, 0x2F, 0xFF, 0xF0, 0x2F, 0xFF, 0xFF, 0x0F, 0xF0, 0x2F, 0xD7, 0xF4,
    0x03, 0xFA, 0xFD, 0x55, 0xFE, 0xFF, 0xFF, 0xFF, 0xFF, 0xFF, 0xFF, 0xFB, 0xF0, 0x00, 0x02, 0xFD,
    0x00, 0x00, 0x3F, 0xC0, 0x01, 0x0B, 0xFE, 0xAB, 0xC0, 0xFF, 0xFF, 0xF0, 0x07, 0xFF, 0xF8, 0x00,
    0x00, 0x00, 0x00, 0x00, 0x00, 0x00, 0x03, 0xF0, 0x00, 0x1F, 0xE0, 0x00, 0x7F, 0x40, 0x00, 0x64,
    0x00, 0x00, 0x00, 0x0B, 0xFF, 0xFF, 0x7F, 0xFF, 0xFE, 0xFF, 0xFF, 0xFB, 0xFD, 0x55, 0x4F, 0xF0,
    0x00, 0x3F, 0xC0, 0x00, 0xFF, 0x00, 0x03, 0xFF, 0xFF, 0xCF, 0xFF, 0xFF, 0x3F, 0xFF, 0xFC, 0xFF,
    0x55, 0x53, 0xFC, 0x00, 0x0F, 0xF0, 0x00, 0x3F, 0xC0, 0x00, 0xFF, 0x00, 0x03, 0xFF, 0xFF, 0xEF,
    0xFF, 0xFF, 0xBF, 0xFF, 0xFE, 0x00, 0x00, 0x00, 0x00, 0x0F, 0xC0, 0x00, 0x0B, 0xF8, 0x00, 0x01,
    0xFD, 0x00, 0x00, 0x19, 0x00, 0x00, 0x00, 0x00, 0x00, 0x0B, 0xF9, 0x00, 0x2F, 0xFF, 0xF0, 0x2F,
    0xFF, 0xFF, 0x0F, 0xF0, 0x2F, 0xD7, 0xF4, 0x03, 0xFA, 0xFD, 0x55, 0xFE, 0xFF, 0xFF, 0xFF, 0xFF,
    0xFF, 0xFF, 0xFB, 0xF0, 0x00, 0x02, 0xFD, 0x00, 0x00, 0x3F, 0xC0, 0x01, 0x0B, 0xFE, 0xAB, 0xC0,
    0xFF, 0xFF, 0xF0, 0x07, 0xFF, 0xF8, 0x00, 0x00, 0x00, 0x00, 0xBF, 0xFF, 0xF7, 0xFF, 0xFF, 0xEF,
    0xFF, 0xFF, 0xBF, 0xD5, 0x54, 0xFF, 0x00, 0x03, 0xFC, 0x00, 0x0F, 0xF0, 0x00, 0x3F, 0xFF, 0xFC,
    0xFF, 0xFF, 0xF3, 0xFF, 0xFF, 0xCF, 0xF5, 0x55, 0x3F, 0xC0, 0x00, 0xFF, 0x00, 0x03, 0xFC, 0x00,
    0x0F, 0xF0, 0x00, 0x3F, 0xFF, 0xFE, 0xFF, 0xFF, 0xFB, 0xFF, 0xFF, 0xE0, 0x00, 0x3D, 0x00, 0x03,
    0xE0, 0x00, 0x1F, 0x00, 0x00, 0x7E, 0x50, 0x00, 0xFF, 0x80, 0x00, 0xB9, 0x00, 0xBF, 0x90, 0x02,
    0xFF, 0xFF, 0x02, 0xFF, 0xFF, 0xF0, 0xFF, 0x02, 0xFD, 0x7F, 0x40, 0x3F, 0xAF, 0xD5, 0x5F, 0xEF,
    0xFF, 0xFF, 0xFF, 0xFF, 0xFF, 0xFF, 0xBF, 0x00, 0x00, 0x2F, 0xD0, 0x00, 0x03, 0xFC, 0x00, 0x10,
    0xBF, 0xEA, 0xBC, 0x0F, 0xFF, 0xFF, 0x00, 0x7F, 0xFF, 0x80, 0x00, 0x1F, 0x80, 0x00, 0x0B, 0xC0,
    0x00, 0x03, 0xD0, 0x00, 0x00, 0xF8, 0x40, 0x00, 0x3F, 0xE0, 0x00, 0x03, 0xF8, 0x00, 0x00, 0x01,
    0xF8, 0x0B, 0xE1, 0xFD, 0xBE, 0x02, 0xFF, 0xF0, 0x02, 0xFF, 0x00, 0x00, 0x00, 0x0B, 0xFF, 0xFF,
    0x7F, 0xFF, 0xFE, 0xFF, 0xFF, 0xFB, 0xFD, 0x55, 0x4F, 0xF0, 0x00, 0x3F, 0xC0, 0x00, 0xFF, 0x00,
    0x03, 0xFF, 0xFF, 0xCF, 0xFF, 0xFF, 0x3F, 0xFF, 0xFC, 0xFF, 0x55, 0x53, 0xFC, 0x00, 0x0F, 0xF0,
    0x00, 0x3F, 0xC0, 0x00, 0xFF, 0x00, 0x03, 0xFF, 0xFF, 0xEF, 0xFF, 0xFF, 0xBF, 0xFF, 0xFE, 0x00,
    0x00, 0x00, 0x03, 0xF0, 0x1F, 0x80, 0x7F, 0x6F, 0xC0, 0x07, 0xFF, 0xC0, 0x00, 0xBF, 0xC0, 0x00,
    0x00, 0x00, 0x00, 0x0B, 0xF9, 0x00, 0x2F, 0xFF, 0xF0, 0x2F, 0xFF, 0xFF, 0x0F, 0xF0, 0x2F, 0xD7,
    0xF4, 0x03, 0xFA, 0xFD, 0x55, 0xFE, 0xFF, 0xFF, 0xFF, 0xFF, 0xFF, 0xFF, 0xFB, 0xF0, 0x00, 0x02,
    0xFD, 0x00, 0x00, 0x3F, 0xC0, 0x01, 0x0B, 0xFE, 0xAB, 0xC0, 0xFF, 0xFF, 0xF0, 0x07, 0xFF, 0xF8,
    0x00, 0x00, 0x00, 0x00, 0x00, 0x00, 0x00, 0x00, 0x00, 0x07, 0xFD, 0x00, 0x00, 0x1F, 0xFF, 0x00,
    0x00, 0x3F, 0x1F, 0xC0, 0x00, 0xF8, 0x03, 0xE0, 0x00, 0x00, 0x00, 0x00, 0x00, 0x1B, 0xFF, 0xE0,
    0x00, 0xFF, 0xFF, 0xFC, 0x03, 0xFF, 0xFF, 0xF4, 0x0F, 0xFE, 0x00, 0x70, 0x2F, 0xF0, 0x00, 0x00,
    0x3F, 0xD0, 0x00, 0x00, 0x7F, 0xC0, 0x00, 0x00, 0x7F, 0x80, 0x00, 0x00, 0xBF, 0x40, 0xFF, 0xFC,
    0xBF, 0x40, 0xFF, 0xFC, 0x7F, 0x40, 0xFF, 0xFC, 0x7F, 0x80, 0x02, 0xFC, 0x3F, 0xC0, 0x02, 0xFC,
    0x3F, 0xE0, 0x02, 0xFC, 0x1F, 0xF8, 0x02, 0xFC, 0x0B, 0xFF, 0xFF, 0xFC, 0x02, 0xFF, 0xFF, 0xFC,
    0x00, 0x7F, 0xFF, 0xE4, 0x00, 0x00, 0x00, 0x00, 0x00, 0x00, 0x00, 0x00, 0x2F, 0xF0, 0x00, 0x1F,
    0xFF, 0x00, 0x1F, 0xCB, 0xE0, 0x0F, 0x80, 0x7D, 0x00, 0x00, 0x00, 0x00, 0x2F, 0xD0, 0xA8, 0x3F,
    0xFF, 0xBF, 0x3F, 0xFF, 0xFF, 0xCF, 0xF4, 0x2F, 0xFB, 0xF8, 0x03, 0xFE, 0xFC, 0x00, 0xBF, 0xFF,
    0x00, 0x2F, 0xFF, 0xC0, 0x0B, 0xFF, 0xF0, 0x02, 0xFE, 0xFD, 0x00, 0xFF, 0x7F, 0xC0, 0x7F, 0xCF,
    0xFE, 0xFF, 0xF1, 0xFF, 0xFF, 0xFC, 0x1F, 0xFC, 0xFF, 0x00, 0x00, 0x3F, 0xC0, 0x00, 0x0F, 0xF3,
    0x40, 0x0F, 0xF8, 0xFF, 0xFF, 0xFC, 0x3F, 0xFF, 0xFD, 0x06, 0xFF, 0xF4, 0x00, 0x00, 0x10, 0x00,
    0x50, 0x00, 0x7C, 0x01, 0xF0, 0x00, 0x3F, 0xFF, 0xD0, 0x00, 0x1F, 0xFF, 0x80, 0x00, 0x02, 0xF9,
    0x00, 0x00, 0x00, 0x00, 0x00, 0x00, 0x1B, 0xFF, 0xE0, 0x00, 0xFF, 0xFF, 0xFC, 0x03, 0xFF, 0xFF,
    0xF4, 0x0F, 0xFE, 0x00, 0x70, 0x2F, 0xF0, 0x00, 0x00, 0x3F, 0xD0, 0x00, 0x00, 0x7F, 0xC0, 0x00,
    0x00, 0x7F, 0x80, 0x00, 0x00, 0xBF, 0x40, 0xFF, 0xFC, 0xBF, 0x40, 0xFF, 0xFC, 0x7F, 0x40, 0xFF,
    0xFC, 0x7F, 0x80, 0x02, 0xFC, 0x3F, 0xC0, 0x02, 0xFC, 0x3F, 0xE0, 0x02, 0xFC, 0x1F, 0xF8, 0x02,
    0xFC, 0x0B, 0xFF, 0xFF, 0xFC, 0x02, 0xFF, 0xFF, 0xFC, 0x00, 0x7F, 0xFF, 0xE4, 0x00, 0x00, 0x00,
    0x00, 0x01, 0x00, 0x04, 0x02, 0xE0, 0x0B, 0x80, 0x7F, 0xFF, 0xD0, 0x0B, 0xFF, 0xD0, 0x00, 0x6F,
    0x80, 0x00, 0x00, 0x00, 0x00, 0x2F, 0xD0, 0xA8, 0x3F, 0xFF, 0xBF, 0x3F, 0xFF, 0xFF, 0xCF, 0xF4,
    0x2F, 0xFB, 0xF8, 0x03, 0xFE, 0xFC, 0x00, 0xBF, 0xFF, 0x00, 0x2F, 0xFF, 0xC0, 0x0B, 0xFF, 0xF0,
    0x02, 0xFE, 0xFD, 0x00, 0xFF, 0x7F, 0xC0, 0x7F, 0xCF, 0xFE, 0xFF, 0xF1, 0xFF, 0xFF, 0xFC, 0x1F,
    0xFC, 0xFF, 0x00, 0x00, 0x3F, 0xC0, 0x00, 0x0F, 0xF3, 0x40, 0x0F, 0xF8, 0xFF, 0xFF, 0xFC, 0x3F,
    0xFF, 0xFD, 0x06, 0xFF, 0xF4, 0x00, 0x00, 0x00, 0x00, 0x00, 0x00, 0x02, 0xF8, 0x00, 0x00, 0x03,
    0xFC, 0x00, 0x00, 0x03, 0xFC, 0x00, 0x00, 0x00, 0xA0, 0x00, 0x00, 0x00, 0x00, 0x00, 0x00, 0x1B,
    0xFF, 0xE0, 0x00, 0xFF, 0xFF, 0xFC, 0x03, 0xFF, 0xFF, 0xF4, 0x0F, 0xFE, 0x00, 0x70, 0x2F, 0xF0,
    0x00, 0x00, 0x3F, 0xD0, 0x00, 0x00, 0x7F, 0xC0, 0x00, 0x00, 0x7F, 0x80, 0x00, 0x00, 0xBF, 0x40,
    0xFF, 0xFC, 0xBF, 0x40, 0xFF, 0xFC, 0x7F, 0x40, 0xFF, 0xFC, 0x7F, 0x80, 0x02, 0xFC, 0x3F, 0xC0,
    0x02, 0xFC, 0x3F, 0xE0, 0x02, 0xFC, 0x1F, 0xF8, 0x02, 0xFC, 0x0B, 0xFF, 0xFF, 0xFC, 0x02, 0xFF,
    0xFF, 0xFC, 0x00, 0x7F, 0xFF, 0xE4, 0x00, 0x00, 0x00, 0x00, 0x00, 0x00, 0x00, 0x00, 0x0B, 0xD0,
    0x00, 0x07, 0xF8, 0x00, 0x00, 0xFE, 0x00, 0x00, 0x1A, 0x00, 0x00, 0x00, 0x00, 0x00, 0x2F, 0xD0,
    0xA8, 0x3F, 0xFF, 0xBF, 0x3F, 0xFF, 0xFF, 0xCF, 0xF4, 0x2F, 0xFB, 0xF8, 0x03, 0xFE, 0xFC, 0x00,
    0xBF, 0xFF, 0x00, 0x2F, 0xFF, 0xC0, 0x0B, 0xFF, 0xF0, 0x02, 0xFE, 0xFD, 0x00, 0xFF, 0x7F, 0xC0,
    0x7F, 0xCF, 0xFE, 0xFF, 0xF1, 0xFF, 0xFF, 0xFC, 0x1F, 0xFC, 0xFF, 0x00, 0x00, 0x3F, 0xC0, 0x00,
    0x0F, 0xF3, 0x40, 0x0F, 0xF8, 0xFF, 0xFF, 0xFC, 0x3F, 0xFF, 0xFD, 0x06, 0xFF, 0xF4, 0x00, 0x00,
    0x00, 0x00, 0x00, 0x00, 0x1B, 0xFF, 0xE0, 0x00, 0xFF, 0xFF, 0xFC, 0x03, 0xFF, 0xFF, 0xF4, 0x0F,
    0xFE, 0x00, 0x70, 0x2F, 0xF0, 0x00, 0x00, 0x3F, 0xD0, 0x00, 0x00, 0x7F, 0xC0, 0x00, 0x00, 0x7F,
    0x80, 0x00, 0x00, 0xBF, 0x40, 0xFF, 0xFC, 0xBF, 0x40, 0xFF, 0xFC, 0x7F, 0x40, 0xFF, 0xFC, 0x7F,
    0x80, 0x02, 0xFC, 0x3F, 0xC0, 0x02, 0xFC, 0x3F, 0xE0, 0x02, 0xFC, 0x1F, 0xF8, 0x02, 0xFC, 0x0B,
    0xFF, 0xFF, 0xFC, 0x02, 0xFF, 0xFF, 0xFC, 0x00, 0x7F, 0xFF, 0xE4, 0x00, 0x00, 0x00, 0x00, 0x00,
    0x01, 0x54, 0x00, 0x00, 0x02, 0xF8, 0x00, 0x00, 0x03, 0xF0, 0x00, 0x00, 0x03, 0xE0, 0x00, 0x00,
    0x02, 0x80, 0x00, 0x00, 0x00, 0x00, 0x00, 0x02, 0xF0, 0x00, 0x00, 0xF8, 0x00, 0x00, 0xBE, 0x00,
    0x00, 0x3F, 0x40, 0x00, 0x00, 0x00, 0x00, 0x2F, 0xD0, 0xA8, 0x3F, 0xFF, 0x7F, 0x3F, 0xFF, 0xFF,
    0xCF, 0xF4, 0x2F, 0xFB, 0xF8, 0x03, 0xFE, 0xFC, 0x00, 0xBF, 0xFF, 0x00, 0x2F, 0xFF, 0xC0, 0x0B,
    0xFF, 0xF0, 0x02, 0xFE, 0xFD, 0x00, 0xFF, 0x7F, 0xC0, 0x7F, 0xCF, 0xFE, 0xFF, 0xF1, 0xFF, 0xFF,
    0xFC, 0x1F, 0xFC, 0xFF, 0x00, 0x00, 0x3F, 0xC0, 0x00, 0x0F, 0xF3, 0x40, 0x0F, 0xF8, 0xFF, 0xFF,
    0xFC, 0x3F, 0xFF, 0xFD, 0x06, 0xFF, 0xF4, 0x00, 0x00, 0x00, 0x00, 0x00, 0x00, 0xFF, 0xC0, 0x00,
    0x0B, 0xFF, 0x80, 0x00, 0xBE, 0x2F, 0x80, 0x07, 0xD0, 0x2F, 0x40, 0x00, 0x00, 0x00, 0x0B, 0xF0,
    0x00, 0x3F, 0xBF, 0xC0, 0x00, 0xFF, 0xFF, 0x00, 0x03, 0xFF, 0xFC, 0x00, 0x0F, 0xFF, 0xF0, 0x00,
    0x3F, 0xFF, 0xC0, 0x00, 0xFF, 0xFF, 0x00, 0x03, 0xFF, 0xFF, 0xFF, 0xFF, 0xFF, 0xFF, 0xFF, 0xFF,
    0xFF, 0xFF, 0xFF, 0xFF, 0xFF, 0x55, 0x57, 0xFF, 0xFC, 0x00, 0x0F, 0xFF, 0xF0, 0x00, 0x3F, 0xFF,
    0xC0, 0x00, 0xFF, 0xFF, 0x00, 0x03, 0xFF, 0xFC, 0x00, 0x0F, 0xFF, 0xF0, 0x00, 0x3F, 0xFF, 0xC0,
    0x00, 0xFF, 0x00, 0x00, 0x00, 0x00, 0x00, 0xBF, 0xC0, 0x00, 0x00, 0x7F, 0xFC, 0x00, 0x00, 0x7F,
    0x2F, 0xC0, 0x00, 0x3E, 0x01, 0xF8, 0x00, 0x00, 0x00, 0x00, 0x00, 0x00, 0x0F, 0xE0, 0x00, 0x00,
    0x03, 0xF8, 0x00, 0x00, 0x00, 0xFE, 0x00, 0x00, 0x00, 0x3F, 0x80, 0x00, 0x00, 0x0F, 0xE0, 0x00,
    0x00, 0x03, 0xF8, 0x7F, 0x80, 0x00, 0xFE, 0xFF, 0xFD, 0x00, 0x3F, 0xFF, 0xFF, 0xC0, 0x0F, 0xFD,
    0x1F, 0xF4, 0x03, 0xFC, 0x02, 0xFD, 0x00, 0xFF, 0x00, 0x7F, 0x40, 0x3F, 0x80, 0x1F, 0xD0, 0x0F,
    0xE0, 0x07, 0xF4, 0x03, 0xF8, 0x01, 0xFD, 0x00, 0xFE, 0x00, 0x7F, 0x40, 0x3F, 0x80, 0x1F, 0xD0,
    0x0F, 0xE0, 0x07, 0xF4, 0x03, 0xF8, 0x01, 0xFD, 0x00, 0xFE, 0x00, 0x7F, 0x40, 0x0B, 0xF0, 0x00,
    0x3F, 0xC0, 0x0F, 0xF0, 0x00, 0x3F, 0xC0, 0x5F, 0xF9, 0x55, 0x7F, 0xD4, 0xFF, 0xFF, 0xFF, 0xFF,
    0xFC, 0xFF, 0xFF, 0xFF, 0xFF, 0xFC, 0x0F, 0xF0, 0x00, 0x3F, 0xC0, 0x0F, 0xF0, 0x00, 0x3F, 0xC0,
    0x0F, 0xFF, 0xFF, 0xFF, 0xC0, 0x0F, 0xFF, 0xFF, 0xFF, 0xC0, 0x0F, 0xFF, 0xFF, 0xFF, 0xC0, 0x0F,
    0xF5, 0x55, 0x7F, 0xC0, 0x0F, 0xF0, 0x00, 0x3F, 0xC0, 0x0F, 0xF0, 0x00, 0x3F, 0xC0, 0x0F, 0xF0,
    0x00, 0x3F, 0xC0, 0x0F, 0xF0, 0x00, 0x3F, 0xC0, 0x0F, 0xF0, 0x00, 0x3F, 0xC0, 0x0F, 0xF0, 0x00,
    0x3F, 0xC0, 0x0F, 0xF0, 0x00, 0x3F, 0xC0, 0x0F, 0xE0, 0x00, 0x00, 0x3F, 0x80, 0x00, 0x0F, 0xFF,
    0xFE, 0x00, 0x3F, 0xFF, 0xF8, 0x00, 0x5F, 0xF5, 0x40, 0x00, 0x3F, 0x80, 0x00, 0x00, 0xFE, 0x2F,
    0xF4, 0x03, 0xFB, 0xFF, 0xF8, 0x0F, 0xFF, 0xFF, 0xF0, 0x3F, 0xE0, 0x3F, 0xD0, 0xFF, 0x00, 0x7F,
    0x83, 0xFC, 0x00, 0xFE, 0x0F, 0xE0, 0x03, 0xF8, 0x3F, 0x80, 0x0F, 0xE0, 0xFE, 0x00, 0x3F, 0x83,
    0xF8, 0x00, 0xFE, 0x0F, 0xE0, 0x03, 0xF8, 0x3F, 0x80, 0x0F, 0xE0, 0xFE, 0x00, 0x3F, 0x80, 0x0B,
    0x80, 0xB0, 0xFF, 0xFB, 0xCB, 0xEF, 0xFE, 0x2C, 0x07, 0xD0, 0x00, 0x00, 0x00, 0x3F, 0xFF, 0xC0,
    0xFF, 0xFF, 0x02, 0xFF, 0xF4, 0x00, 0xFF, 0x00, 0x03, 0xFC, 0x00, 0x0F, 0xF0, 0x00, 0x3F, 0xC0,
    0x00, 0xFF, 0x00, 0x03, 0xFC, 0x00, 0x0F, 0xF0, 0x00, 0x3F, 0xC0, 0x00, 0xFF, 0x00, 0x03, 0xFC,
    0x00, 0x0F, 0xF0, 0x00, 0x3F, 0xC0, 0x07, 0xFF, 0xD0, 0x3F, 0xFF, 0xC0, 0xFF, 0xFF, 0x00, 0x07,
    0xE0, 0x3C, 0x7F, 0xFB, 0xE3, 0xEB, 0xFF, 0x0E, 0x02, 0xE0, 0x00, 0x00, 0x00, 0x02, 0xA4, 0x00,
    0x0F, 0xE0, 0x00, 0x3F, 0x80, 0x00, 0xFE, 0x00, 0x03, 0xF8, 0x00, 0x0F, 0xE0, 0x00, 0x3F, 0x80,
    0x00, 0xFE, 0x00, 0x03, 0xF8, 0x00, 0x0F, 0xE0, 0x00, 0x3F, 0x80, 0x00, 0xFE, 0x00, 0x03, 0xF8,
    0x00, 0x0F, 0xE0, 0x00, 0x2A, 0xAA, 0x9F, 0xFF, 0xF7, 0xFF, 0xFC, 0x00, 0x00, 0x3F, 0xFF, 0xCF,
    0xFF, 0xF2, 0xFF, 0xF4, 0x0F, 0xF0, 0x03, 0xFC, 0x00, 0xFF, 0x00, 0x3F, 0xC0, 0x0F, 0xF0, 0x03,
    0xFC, 0x00, 0xFF, 0x00, 0x3F, 0xC0, 0x0F, 0xF0, 0x03, 0xFC, 0x00, 0xFF, 0x00, 0x3F, 0xC0, 0x7F,
    0xFD, 0x3F, 0xFF, 0xCF, 0xFF, 0xF0, 0x2A, 0xAA, 0x9F, 0xFF, 0xF7, 0xFF, 0xFC, 0x00, 0x00, 0x02,
    0xA4, 0x00, 0xFE, 0x00, 0x3F, 0x80, 0x0F, 0xE0, 0x03, 0xF8, 0x00, 0xFE, 0x00, 0x3F, 0x80, 0x0F,
    0xE0, 0x03, 0xF8, 0x00, 0xFE, 0x00, 0x3F, 0x80, 0x0F, 0xE0, 0x03, 0xF8, 0x00, 0xFE, 0x00, 0x10,
    0x00, 0x4B, 0x80, 0x2E, 0x7F, 0xFF, 0xD2, 0xFF, 0xF8, 0x06, 0xF9, 0x00, 0x00, 0x00, 0x3F, 0xFF,
    0xC3, 0xFF, 0xFC, 0x2F, 0xFF, 0x40, 0x3F, 0xC0, 0x03, 0xFC, 0x00, 0x3F, 0xC0, 0x03, 0xFC, 0x00,
    0x3F, 0xC0, 0x03, 0xFC, 0x00, 0x3F, 0xC0, 0x03, 0xFC, 0x00, 0x3F, 0xC0, 0x03, 0xFC, 0x00, 0x3F,
    0xC0, 0x03, 0xFC, 0x01, 0xFF, 0xF4, 0x3F, 0xFF, 0xC3, 0xFF, 0xFC, 0x10, 0x00, 0x4B, 0x80, 0x2E,
    0x7F, 0xFF, 0xD2, 0xFF, 0xF8, 0x06, 0xF9, 0x00, 0x00, 0x00, 0x02, 0xA4, 0x00, 0x3F, 0x80, 0x03,
    0xF8, 0x00, 0x3F, 0x80, 0x03, 0xF8, 0x00, 0x3F, 0x80, 0x03, 0xF8, 0x00, 0x3F, 0x80, 0x03, 0xF8,
    0x00, 0x3F, 0x80, 0x03, 0xF8, 0x00, 0x3F, 0x80, 0x03, 0xF8, 0x00, 0x3F, 0x80, 0x3F, 0xFF, 0xCF,
    0xFF, 0xF2, 0xFF, 0xF4, 0x0F, 0xF0, 0x03, 0xFC, 0x00, 0xFF, 0x00, 0x3F, 0xC0, 0x0F, 0xF0, 0x03,
    0xFC, 0x00, 0xFF, 0x00, 0x3F, 0xC0, 0x0F, 0xF0, 0x03, 0xFC, 0x00, 0xFF, 0x00, 0x3F, 0xC0, 0x7F,
    0xFD, 0x3F, 0xFF, 0xCF, 0xFF, 0xF0, 0x02, 0xE0, 0x02, 0xF0, 0x00, 0xF4, 0x00, 0x3F, 0x50, 0x0F,
    0xFC, 0x00, 0xBD, 0x00, 0x0B, 0xD7, 0xFC, 0xFE, 0x1A, 0x00, 0x02, 0xA4, 0xFE, 0x3F, 0x8F, 0xE3,
    0xF8, 0xFE, 0x3F, 0x8F, 0xE3, 0xF8, 0xFE, 0x3F, 0x8F, 0xE3, 0xF8, 0xFE, 0x2E, 0x1F, 0x0F, 0x83,
    0xF6, 0xBF, 0xC6, 0xE0, 0x00, 0x00, 0x00, 0xBD, 0x00, 0x3F, 0xC0, 0x0F, 0xF0, 0x01, 0xA0, 0x00,
    0x00, 0x03, 0xFF, 0xFC, 0xFF, 0xFF, 0x2F, 0xFF, 0x40, 0xFF, 0x00, 0x3F, 0xC0, 0x0F, 0xF0, 0x03,
    0xFC, 0x00, 0xFF, 0x00, 0x3F, 0xC0, 0x0F, 0xF0, 0x03, 0xFC, 0x00, 0xFF, 0x00, 0x3F, 0xC0, 0x0F,
    0xF0, 0x03, 0xFC, 0x07, 0xFF, 0xD3, 0xFF, 0xFC, 0xFF, 0xFF, 0x2A, 0x4F, 0xE3, 0xF8, 0xFE, 0x3F,
    0x8F, 0xE3, 0xF8, 0xFE, 0x3F, 0x8F, 0xE3, 0xF8, 0xFE, 0x3F, 0x8F, 0xE0, 0x3F, 0xFF, 0xC0, 0xBF,
    0x0F, 0xFF, 0xF0, 0x2F, 0xC2, 0xFF, 0xF4, 0x0B, 0xF0, 0x0F, 0xF0, 0x02, 0xFC, 0x03, 0xFC, 0x00,
    0xBF, 0x00, 0xFF, 0x00, 0x2F, 0xC0, 0x3F, 0xC0, 0x0B, 0xF0, 0x0F, 0xF0, 0x02, 0xFC, 0x03, 0xFC,
    0x00, 0xBF, 0x00, 0xFF, 0x00, 0x2F, 0xC0, 0x3F, 0xC0, 0x0B, 0xF0, 0x0F, 0xF0, 0x02, 0xFC, 0x03,
    0xFC, 0x00, 0xBF, 0x00, 0xFF, 0x00, 0x2F, 0xC0, 0x3F, 0xC0, 0x0B, 0xF0, 0x7F, 0xFD, 0x02, 0xFC,
    0x3F, 0xFF, 0xC0, 0xBF, 0x0F, 0xFF, 0xF0, 0x3F, 0xC0, 0x00, 0x00, 0x0F, 0xF0, 0x00, 0x00, 0x07,
    0xF8, 0x00, 0x00, 0xFF, 0xFD, 0x00, 0x00, 0x3F, 0xFE, 0x00, 0x00, 0x0F, 0xFE, 0x00, 0x00, 0x00,
    0x00, 0x00, 0x00, 0x00, 0x00, 0x0B, 0xD0, 0x0F, 0xC7, 0xFC, 0x0B, 0xF4, 0xFE, 0x02, 0xFD, 0x1A,
    0x00, 0x29, 0x00, 0x00, 0x00, 0x02, 0xA4, 0x06, 0xA0, 0xFE, 0x02, 0xFC, 0x3F, 0x80, 0xBF, 0x0F,
    0xE0, 0x2F, 0xC3, 0xF8, 0x0B, 0xF0, 0xFE, 0x02, 0xFC, 0x3F, 0x80, 0xBF, 0x0F, 0xE0, 0x2F, 0xC3,
    0xF8, 0x0B, 0xF0, 0xFE, 0x02, 0xFC, 0x3F, 0x80, 0xBF, 0x0F, 0xE0, 0x2F, 0xC3, 0xF8, 0x0B, 0xF0,
    0xFE, 0x02, 0xFC, 0x00, 0x00, 0xBF, 0x00, 0x00, 0x2F, 0xC0, 0x00, 0x0F, 0xF0, 0x00, 0xBF, 0xFC,
    0x00, 0x2F, 0xFD, 0x00, 0x0B, 0xF9, 0x00, 0x00, 0x00, 0x00, 0x01, 0xFF, 0x40, 0x03, 0xFF, 0xC0,
    0x0F, 0xD7, 0xF0, 0x2F, 0x00, 0xB8, 0x00, 0x00, 0x00, 0x00, 0xBF, 0x00, 0x00, 0xFF, 0x00, 0x00,
    0xFF, 0x00, 0x00, 0xFF, 0x00, 0x00, 0xFF, 0x00, 0x00, 0xFF, 0x00, 0x00, 0xFF, 0x00, 0x00, 0xFF,
    0x00, 0x00, 0xFF, 0x00, 0x00, 0xFF, 0x00, 0x00, 0xFF, 0x00, 0x00, 0xFF, 0x00, 0x00, 0xFF, 0x00,
    0x00, 0xFF, 0x00, 0x00, 0xFF, 0x00, 0x00, 0xFF, 0x00, 0x00, 0xFF, 0x00, 0x00, 0xFF, 0x00, 0x00,
    0xFF, 0x00, 0x02, 0xFE, 0x00, 0xFF, 0xFD, 0x00, 0xFF, 0xF8, 0x00, 0xFF, 0xD0, 0x00, 0x00, 0x00,
    0x00, 0x00, 0x00, 0x00, 0x0B, 0xFC, 0x00, 0x7F, 0xFC, 0x07, 0xF2, 0xF8, 0x3E, 0x01, 0xF4, 0x00,
    0x00, 0x00, 0x0A, 0x90, 0x00, 0x3F, 0x80, 0x00, 0xFE, 0x00, 0x03, 0xF8, 0x00, 0x0F, 0xE0, 0x00,
    0x3F, 0x80, 0x00, 0xFE, 0x00, 0x03, 0xF8, 0x00, 0x0F, 0xE0, 0x00, 0x3F, 0x80, 0x00, 0xFE, 0x00,
    0x03, 0xF8, 0x00, 0x0F, 0xE0, 0x00, 0x3F, 0x80, 0x00, 0xFE, 0x00, 0x03, 0xF8, 0x00, 0x2F, 0xD0,
    0x1F, 0xFF, 0x00, 0x7F, 0xF8, 0x00, 0xFF, 0x40, 0x00, 0xBF, 0x00, 0x0F, 0xF3, 0xFC, 0x00, 0xBF,
    0x4F, 0xF0, 0x0B, 0xF8, 0x3F, 0xC0, 0x7F, 0xC0, 0xFF, 0x03, 0xFC, 0x03, 0xFC, 0x3F, 0xD0, 0x0F,
    0xF2, 0xFE, 0x00, 0x3F, 0xDF, 0xE0, 0x00, 0xFF, 0xFF, 0x80, 0x03, 0xFF, 0xFF, 0x00, 0x0F, 0xFE,
    0xFF, 0x00, 0x3F, 0xD2, 0xFE, 0x00, 0xFF, 0x03, 0xFC, 0x03, 0xFC, 0x0B, 0xFC, 0x0F, 0xF0, 0x0F,
    0xF4, 0x3F, 0xC0, 0x1F, 0xF0, 0xFF, 0x00, 0x2F, 0xE3, 0xFC, 0x00, 0x3F, 0xD0, 0x00, 0x00, 0x00,
    0x00, 0x05, 0x50, 0x00, 0x00, 0x3F, 0x80, 0x00, 0x00, 0xFC, 0x00, 0x00, 0x03, 0xE0, 0x00, 0x00,
    0x0A, 0x00, 0x00, 0x3F, 0x80, 0x00, 0x00, 0xFE, 0x00, 0x00, 0x03, 0xF8, 0x00, 0x00, 0x0F, 0xE0,
    0x00, 0x00, 0x3F, 0x80, 0x00, 0x00, 0xFE, 0x00, 0x2A, 0x83, 0xF8, 0x03, 0xFC, 0x0F, 0xE0, 0x3F,
    0xC0, 0x3F, 0x83, 0xFD, 0x00, 0xFE, 0x3F, 0xD0, 0x03, 0xFA, 0xFD, 0x00, 0x0F, 0xFF, 0xF0, 0x00,
    0x3F, 0xFF, 0xE0, 0x00, 0xFF, 0xFF, 0xD0, 0x03, 0xFC, 0x3F, 0xC0, 0x0F, 0xE0, 0x7F, 0xC0, 0x3F,
    0x80, 0xBF, 0x80, 0xFE, 0x00, 0xFF, 0x43, 0xF8, 0x00, 0xFF, 0x00, 0x00, 0x00, 0x00, 0x00, 0x15,
    0x40, 0x00, 0x00, 0xBE, 0x00, 0x00, 0x03, 0xF0, 0x00, 0x00, 0x0F, 0x80, 0x00, 0x00, 0x28, 0x00,
    0x00, 0x2A, 0x40, 0x0A, 0xA0, 0xFE, 0x00, 0xFF, 0x03, 0xF8, 0x0B, 0xF4, 0x0F, 0xE0, 0x7F, 0x40,
    0x3F, 0x87, 0xF8, 0x00, 0xFE, 0x3F, 0x80, 0x03, 0xFB, 0xFC, 0x00, 0x0F, 0xFF, 0xF4, 0x00, 0x3F,
    0xFF, 0xF4, 0x00, 0xFF, 0x4F, 0xF0, 0x03, 0xF8, 0x1F, 0xF0, 0x0F, 0xE0, 0x2F, 0xE0, 0x3F, 0x80,
    0x3F, 0xD0, 0xFE, 0x00, 0x3F, 0xC0, 0x00, 0x00, 0x00, 0x00, 0xBF, 0x80, 0x00, 0x7F, 0x40, 0x00,
    0x3F, 0x40, 0x00, 0x3E, 0x00, 0x00, 0x00, 0x00, 0x00, 0x02, 0xFC, 0x00, 0x00, 0xFF, 0x00, 0x00,
    0x3F, 0xC0, 0x00, 0x0F, 0xF0, 0x00, 0x03, 0xFC, 0x00, 0x00, 0xFF, 0x00, 0x00, 0x3F, 0xC0, 0x00,
    0x0F, 0xF0, 0x00, 0x03, 0xFC, 0x00, 0x00, 0xFF, 0x00, 0x00, 0x3F, 0xC0, 0x00, 0x0F, 0xF0, 0x00,
    0x03, 0xFC, 0x00, 0x00, 0xFF, 0x00, 0x00, 0x3F, 0xC0, 0x00, 0x0F, 0xFF, 0xFF, 0xC3, 0xFF, 0xFF,
    0xF0, 0xFF, 0xFF, 0xFC, 0x00, 0x00, 0x03, 0xFD, 0x0B, 0xF4, 0x1F, 0xC0, 0x3E, 0x00, 0x00, 0x00,
    0x3F, 0x80, 0x3F, 0x80, 0x3F, 0x80, 0x3F, 0x80, 0x3F, 0x80, 0x3F, 0x80, 0x3F, 0x80, 0x3F, 0x80,
    0x3F, 0x80, 0x3F, 0x80, 0x3F, 0x80, 0x3F, 0x80, 0x3F, 0x80, 0x3F, 0x80, 0x3F, 0x80, 0x3F, 0x80,
    0x3F, 0x80, 0x3F, 0x80, 0x3F, 0x80, 0xBF, 0x00, 0x00, 0xFF, 0x00, 0x00, 0xFF, 0x00, 0x00, 0xFF,
    0x00, 0x00, 0xFF, 0x00, 0x00, 0xFF, 0x00, 0x00, 0xFF, 0x00, 0x00, 0xFF, 0x00, 0x00, 0xFF, 0x00,
    0x00, 0xFF, 0x00, 0x00, 0xFF, 0x00, 0x00, 0xFF, 0x00, 0x00, 0xFF, 0x00, 0x00, 0xFF, 0x00, 0x00,
    0xFF, 0x00, 0x00, 0xFF, 0xFF, 0xFC, 0xFF, 0xFF, 0xFC, 0xFF, 0xFF, 0xFC, 0x00, 0x00, 0x00, 0x00,
    0x55, 0x00, 0x00, 0xFD, 0x00, 0x00, 0xFC, 0x00, 0x01, 0xF4, 0x00, 0x00, 0x90, 0x00, 0x3F, 0x8F,
    0xE3, 0xF8, 0xFE, 0x3F, 0x8F, 0xE3, 0xF8, 0xFE, 0x3F, 0x8F, 0xE3, 0xF8, 0xFE, 0x3F, 0x8F, 0xE3,
    0xF8, 0xFE, 0x3F, 0x8F, 0xE3, 0xF8, 0x00, 0x15, 0x4F, 0xE3, 0xF0, 0xF8, 0x28, 0x00, 0xBF, 0x00,
    0xBE, 0xFF, 0x00, 0xFD, 0xFF, 0x00, 0xFC, 0xFF, 0x01, 0xF0, 0xFF, 0x00, 0x00, 0xFF, 0x00, 0x00,
    0xFF, 0x00, 0x00, 0xFF, 0x00, 0x00, 0xFF, 0x00, 0x00, 0xFF, 0x00, 0x00, 0xFF, 0x00, 0x00, 0xFF,
    0x00, 0x00, 0xFF, 0x00, 0x00, 0xFF, 0x00, 0x00, 0xFF, 0x00, 0x00, 0xFF, 0xFF, 0xFC, 0xFF, 0xFF,
    0xFC, 0xFF, 0xFF, 0xFC, 0x3F, 0x8B, 0xF3, 0xF8, 0xBD, 0x3F, 0x8F, 0xC3, 0xF8, 0xF0, 0x3F, 0x80,
    0x03, 0xF8, 0x00, 0x3F, 0x80, 0x03, 0xF8, 0x00, 0x3F, 0x80, 0x03, 0xF8, 0x00, 0x3F, 0x80, 0x03,
    0xF8, 0x00, 0x3F, 0x80, 0x03, 0xF8, 0x00, 0x3F, 0x80, 0x03, 0xF8, 0x00, 0x3F, 0x80, 0x03, 0xF8,
    0x00, 0x3F, 0x80, 0x00, 0xBF, 0x00, 0x00, 0xFF, 0x00, 0x00, 0xFF, 0x00, 0x00, 0xFF, 0x00, 0x00,
    0xFF, 0x00, 0x00, 0xFF, 0x00, 0x00, 0xFF, 0x00, 0x00, 0xFF, 0x03, 0xF0, 0xFF, 0x07, 0xF8, 0xFF,
    0x07, 0xF4, 0xFF, 0x01, 0x90, 0xFF, 0x00, 0x00, 0xFF, 0x00, 0x00, 0xFF, 0x00, 0x00, 0xFF, 0x00,
    0x00, 0xFF, 0xFF, 0xFC, 0xFF, 0xFF, 0xFC, 0xFF, 0xFF, 0xFC, 0x3F, 0x80, 0x03, 0xF8, 0x00, 0x3F,
    0x80, 0x03, 0xF8, 0x00, 0x3F, 0x80, 0x03, 0xF8, 0x00, 0x3F, 0x80, 0x03, 0xF8, 0x00, 0x3F, 0x9F,
    0xC3, 0xFA, 0xFD, 0x3F, 0xAF, 0xD3, 0xF8, 0xA4, 0x3F, 0x80, 0x03, 0xF8, 0x00, 0x3F, 0x80, 0x03,
    0xF8, 0x00, 0x3F, 0x80, 0x03, 0xF8, 0x00, 0x3F, 0x80, 0x00, 0x0B, 0xF0, 0x00, 0x00, 0xFF, 0x00,
    0x00, 0x0F, 0xF0, 0x00, 0x00, 0xFF, 0x00, 0x00, 0x0F, 0xF0, 0x00, 0x00, 0xFF, 0x10, 0x00, 0x0F,
    0xFF, 0x40, 0x00, 0xFF, 0xFC, 0x00, 0x0F, 0xFF, 0x00, 0x03, 0xFF, 0x40, 0x00, 0xBF, 0xF0, 0x00,
    0x03, 0xFF, 0x00, 0x00, 0x1F, 0xF0, 0x00, 0x00, 0xFF, 0x00, 0x00, 0x0F, 0xF0, 0x00, 0x00, 0xFF,
    0xFF, 0xFD, 0x0F, 0xFF, 0xFF, 0xD0, 0xFF, 0xFF, 0xFD, 0x03, 0xF8, 0x00, 0xFE, 0x00, 0x3F, 0x80,
    0x0F, 0xE0, 0x03, 0xF8, 0x00, 0xFE, 0x00, 0x3F, 0x80, 0x0F, 0xF8, 0x03, 0xFF, 0x40, 0xFF, 0xE0,
    0xFF, 0xD0, 0xFF, 0xE0, 0x2F, 0xF8, 0x01, 0xFE, 0x00, 0x3F, 0x80, 0x0F, 0xE0, 0x03, 0xF8, 0x00,
    0xFE, 0x00, 0x3F, 0x80, 0x00, 0x00, 0x00, 0x00, 0x00, 0x00, 0x2F, 0xE0, 0x00, 0x00, 0x1F, 0xE0,
    0x00, 0x00, 0x0F, 0xD0, 0x00, 0x00, 0x0B, 0xC0, 0x00, 0x00, 0x00, 0x00, 0x00, 0x0B, 0xFC, 0x00,
    0x07, 0xF3, 0xFF, 0xC0, 0x01, 0xFC, 0xFF, 0xF4, 0x00, 0x7F, 0x3F, 0xFF, 0x00, 0x1F, 0xCF, 0xFF,
    0xE0, 0x07, 0xF3, 0xF7, 0xFC, 0x01, 0xFC, 0xFE, 0x7F, 0x80, 0x7F, 0x3F, 0x8F, 0xF4, 0x1F, 0xCF,
    0xE0, 0xFF, 0x07, 0xF3, 0xF8, 0x2F, 0xD1, 0xFC, 0xFE, 0x03, 0xFC, 0x7F, 0x3F, 0x80, 0x7F, 0x8F,
    0xCF, 0xE0, 0x0F, 0xF7, 0xF3, 0xF8, 0x01, 0xFF, 0xFC, 0xFE, 0x00, 0x2F, 0xFF, 0x3F, 0x80, 0x03,
    0xFF, 0xCF, 0xE0, 0x00, 0xBF, 0xF3, 0xF8, 0x00, 0x0F, 0xFC, 0x00, 0x00, 0x00, 0x00, 0x00, 0x1F,
    0xE0, 0x00, 0x07, 0xF8, 0x00, 0x00, 0xFD, 0x00, 0x00, 0x2F, 0x00, 0x00, 0x00, 0x00, 0x00, 0x2A,
    0x07, 0xF8, 0x03, 0xF3, 0xFF, 0xF4, 0x3F, 0xFF, 0xFF, 0xC3, 0xFF, 0x47, 0xFD, 0x3F, 0xC0, 0x2F,
    0xD3, 0xFC, 0x01, 0xFD, 0x3F, 0x80, 0x1F, 0xD3, 0xF8, 0x01, 0xFD, 0x3F, 0x80, 0x1F, 0xD3, 0xF8,
    0x01, 0xFD, 0x3F, 0x80, 0x1F, 0xD3, 0xF8, 0x01, 0xFD, 0x3F, 0x80, 0x1F, 0xD3, 0xF8, 0x01, 0xFD,
    0xBF, 0xC0, 0x00, 0x7F, 0x3F, 0xFC, 0x00, 0x1F, 0xCF, 0xFF, 0x40, 0x07, 0xF3, 0xFF, 0xF0, 0x01,
    0xFC, 0xFF, 0xFE, 0x00, 0x7F, 0x3F, 0x7F, 0xC0, 0x1F, 0xCF, 0xE7, 0xF8, 0x07, 0xF3, 0xF8, 0xFF,
    0x41, 0xFC, 0xFE, 0x0F, 0xF0, 0x7F, 0x3F, 0x82, 0xFD, 0x1F, 0xCF, 0xE0, 0x3F, 0xC7, 0xF3, 0xF8,
    0x07, 0xF8, 0xFC, 0xFE, 0x00, 0xFF, 0x7F, 0x3F, 0x80, 0x1F, 0xFF, 0xCF, 0xE0, 0x02, 0xFF, 0xF3,
    0xF8, 0x00, 0x3F, 0xFC, 0xFE, 0x00, 0x0B, 0xFF, 0x3F, 0x80, 0x00, 0xFF, 0xC0, 0x00, 0x00, 0x00,
    0x00, 0x00, 0x05, 0x40, 0x00, 0x00, 0x07, 0xF0, 0x00, 0x00, 0x02, 0xF4, 0x00, 0x00, 0x00, 0xFC,
    0x00, 0x00, 0x00, 0x28, 0x00, 0x00, 0x2A, 0x07, 0xF8, 0x03, 0xF3, 0xFF, 0xF4, 0x3F, 0xFF, 0xFF,
    0xC3, 0xFF, 0x47, 0xFD, 0x3F, 0xC0, 0x2F, 0xD3, 0xFC, 0x01, 0xFD, 0x3F, 0x80, 0x1F, 0xD3, 0xF8,
    0x01, 0xFD, 0x3F, 0x80, 0x1F, 0xD3, 0xF8, 0x01, 0xFD, 0x3F, 0x80, 0x1F, 0xD3, 0xF8, 0x01, 0xFD,
    0x3F, 0x80, 0x1F, 0xD3, 0xF8, 0x01, 0xFD, 0x00, 0x00, 0x00, 0x00, 0x00, 0x54, 0x00, 0x00, 0x1F,
    0xC0, 0x00, 0x02, 0xF4, 0x00, 0x00, 0x3F, 0x00, 0x00, 0x02, 0x80, 0x00, 0x00, 0x00, 0x00, 0x00,
    0x00, 0xBE, 0x02, 0xF4, 0x00, 0x0B, 0xE7, 0xF4, 0x00, 0x00, 0xFF, 0xF8, 0x00, 0x00, 0x0F, 0xF8,
    0x00, 0x00, 0x00, 0x00, 0x00, 0x0B, 0xFC, 0x00, 0x07, 0xF3, 0xFF, 0xC0, 0x01, 0xFC, 0xFF, 0xF4,
    0x00, 0x7F, 0x3F, 0xFF, 0x00, 0x1F, 0xCF, 0xFF, 0xE0, 0x07, 0xF3, 0xF7, 0xFC, 0x01, 0xFC, 0xFE,
    0x7F, 0x80, 0x7F, 0x3F, 0x8F, 0xF4, 0x1F, 0xCF, 0xE0, 0xFF, 0x07, 0xF3, 0xF8, 0x2F, 0xD1, 0xFC,
    0xFE, 0x03, 0xFC, 0x7F, 0x3F, 0x80, 0x7F, 0x8F, 0xCF, 0xE0, 0x0F, 0xF7, 0xF3, 0xF8, 0x01, 0xFF,
    0xFC, 0xFE, 0x00, 0x2F, 0xFF, 0x3F, 0x80, 0x03, 0xFF, 0xCF, 0xE0, 0x00, 0xBF, 0xF3, 0xF8, 0x00,
    0x0F, 0xFC, 0x00, 0x00, 0x00, 0x00, 0xBE, 0x02, 0xF4, 0x02, 0xFD, 0xFD, 0x00, 0x0F, 0xFF, 0x80,
    0x00, 0x3F, 0xE0, 0x00, 0x00, 0x00, 0x00, 0x2A, 0x07, 0xF8, 0x03, 0xF3, 0xFF, 0xF4, 0x3F, 0xFF,
    0xFF, 0xC3, 0xFF, 0x47, 0xFD, 0x3F, 0xC0, 0x2F, 0xD3, 0xFC, 0x01, 0xFD, 0x3F, 0x80, 0x1F, 0xD3,
    0xF8, 0x01, 0xFD, 0x3F, 0x80, 0x1F, 0xD3, 0xF8, 0x01, 0xFD, 0x3F, 0x80, 0x1F, 0xD3, 0xF8, 0x01,
    0xFD, 0x3F, 0x80, 0x1F, 0xD3, 0xF8, 0x01, 0xFD, 0x0F, 0xE0, 0x00, 0x00, 0x00, 0x3F, 0x40, 0x00,
    0x00, 0x01, 0xFC, 0x00, 0x00, 0x00, 0x07, 0xE0, 0x00, 0x00, 0x00, 0x2F, 0x4A, 0x81, 0xFE, 0x40,
    0xFC, 0x3F, 0x7F, 0xFF, 0x41, 0x40, 0xFF, 0xFF, 0xFF, 0x00, 0x03, 0xFF, 0x47, 0xFD, 0x00, 0x0F,
    0xF0, 0x07, 0xF8, 0x00, 0x3F, 0xC0, 0x0F, 0xE0, 0x00, 0xFF, 0x00, 0x3F, 0x80, 0x03, 0xF8, 0x00,
    0xFE, 0x00, 0x0F, 0xE0, 0x03, 0xF8, 0x00, 0x3F, 0x80, 0x0F, 0xE0, 0x00, 0xFE, 0x00, 0x3F, 0x80,
    0x03, 0xF8, 0x00, 0xFE, 0x00, 0x0F, 0xE0, 0x03, 0xF8, 0x00, 0x3F, 0x80, 0x0F, 0xE0, 0xBF, 0xD0,
    0x00, 0x7F, 0x3F, 0xFC, 0x00, 0x1F, 0xCF, 0xFF, 0x80, 0x07, 0xF3, 0xFF, 0xF4, 0x01, 0xFC, 0xFF,
    0xFF, 0x00, 0x7F, 0x3F, 0x7F, 0xF0, 0x1F, 0xCF, 0xE3, 0xFE, 0x07, 0xF3, 0xF8, 0x7F, 0xC1, 0xFC,
    0xFE, 0x0B, 0xFC, 0x7F, 0x3F, 0x80, 0xFF, 0x8F, 0xCF, 0xE0, 0x1F, 0xFB, 0xF3, 0xF8, 0x02, 0xFF,
    0xFC, 0xFE, 0x00, 0x3F, 0xFF, 0x3F, 0x80, 0x07, 0xFF, 0xCF, 0xE0, 0x00, 0xBF, 0xF3, 0xF8, 0x00,
    0x0F, 0xFC, 0xFE, 0x00, 0x00, 0xFF, 0x3F, 0x80, 0x00, 0x2F, 0xC0, 0x00, 0x00, 0x07, 0xF0, 0x00,
    0x00, 0x02, 0xFC, 0x00, 0x00, 0xEB, 0xFE, 0x00, 0x00, 0x3F, 0xFF, 0x00, 0x00, 0x0F, 0xFE, 0x00,
    0x00, 0x00, 0x00, 0x00, 0x2A, 0x0B, 0xF8, 0x03, 0xF3, 0xFF, 0xF4, 0x3F, 0xFF, 0xFF, 0xC3, 0xFF,
    0x47, 0xFD, 0x3F, 0xC0, 0x1F, 0xD3, 0xFC, 0x01, 0xFD, 0x3F, 0x80, 0x1F, 0xD3, 0xF8, 0x01, 0xFD,
    0x3F, 0x80, 0x1F, 0xD3, 0xF8, 0x01, 0xFD, 0x3F, 0x80, 0x1F, 0xD3, 0xF8, 0x01, 0xFD, 0x3F, 0x80,
    0x1F, 0xD3, 0xF8, 0x01, 0xFD, 0x00, 0x00, 0x1F, 0xD0, 0x00, 0x01, 0xFD, 0x00, 0x00, 0x2F, 0xD0,
    0x00, 0x7F, 0xFC, 0x00, 0x07, 0xFF, 0x80, 0x00, 0x3F, 0xD0, 0x00, 0x2A, 0xAA, 0x80, 0x00, 0x07,
    0xFF, 0xFC, 0x00, 0x00, 0x3F, 0xFF, 0xC0, 0x00, 0x00, 0x00, 0x00, 0x00, 0x00, 0x2F, 0xFF, 0x80,
    0x00, 0x2F, 0xFF, 0xFF, 0x40, 0x0B, 0xFF, 0xFF, 0xFD, 0x01, 0xFF, 0x80, 0x7F, 0xF0, 0x3F, 0xE0,
    0x00, 0xFF, 0x83, 0xFC, 0x00, 0x07, 0xFC, 0x7F, 0x80, 0x00, 0x3F, 0xCB, 0xF8, 0x00, 0x03, 0xFD,
    0xBF, 0x40, 0x00, 0x2F, 0xDB, 0xF4, 0x00, 0x02, 0xFD, 0xBF, 0x40, 0x00, 0x2F, 0xD7, 0xF8, 0x00,
    0x03, 0xFC, 0x3F, 0xC0, 0x00, 0x3F, 0xC3, 0xFE, 0x00, 0x0B, 0xF8, 0x1F, 0xF8, 0x02, 0xFF, 0x00,
    0xBF, 0xFF, 0xFF, 0xD0, 0x02, 0xFF, 0xFF, 0xF8, 0x00, 0x06, 0xFF, 0xF8, 0x00, 0x00, 0x00, 0x00,
    0x00, 0x00, 0x02, 0xAA, 0xA8, 0x00, 0x7F, 0xFF, 0xC0, 0x07, 0xFF, 0xFC, 0x00, 0x00, 0x00, 0x00,
    0x00, 0xBF, 0x90, 0x00, 0xBF, 0xFF, 0xC0, 0x2F, 0xFF, 0xFF, 0x03, 0xFD, 0x0B, 0xF8, 0x7F, 0x40,
    0x3F, 0xCB, 0xF0, 0x02, 0xFD, 0xFF, 0x00, 0x1F, 0xDF, 0xF0, 0x01, 0xFD, 0xBF, 0x00, 0x2F, 0xDB,
    0xF4, 0x02, 0xFC, 0x3F, 0xC0, 0x7F, 0xC2, 0xFF, 0xAF, 0xF4, 0x0F, 0xFF, 0xFE, 0x00, 0x1F, 0xFF,
    0x40, 0x00, 0x00, 0x00, 0x00, 0x00, 0x10, 0x00, 0x50, 0x00, 0x0B, 0x80, 0x2F, 0x00, 0x00, 0x3F,
    0xFF, 0xD0, 0x00, 0x02, 0xFF, 0xF8, 0x00, 0x00, 0x06, 0xF9, 0x00, 0x00, 0x00, 0x00, 0x00, 0x00,
    0x00, 0x2F, 0xFF, 0x80, 0x00, 0x2F, 0xFF, 0xFF, 0x40, 0x0B, 0xFF, 0xFF, 0xFD, 0x01, 0xFF, 0x80,
    0x7F, 0xF0, 0x3F, 0xE0, 0x00, 0xFF, 0x83, 0xFC, 0x00, 0x07, 0xFC, 0x7F, 0x80, 0x00, 0x3F, 0xCB,
    0xF8, 0x00, 0x03, 0xFD, 0xBF, 0x40, 0x00, 0x2F, 0xDB, 0xF4, 0x00, 0x02, 0xFD, 0xBF, 0x40, 0x00,
    0x2F, 0xD7, 0xF8, 0x00, 0x03, 0xFC, 0x3F, 0xC0, 0x00, 0x3F, 0xC3, 0xFE, 0x00, 0x0B, 0xF8, 0x1F,
    0xF8, 0x02, 0xFF, 0x00, 0xBF, 0xFF, 0xFF, 0xD0, 0x02, 0xFF, 0xFF, 0xF8, 0x00, 0x06, 0xFF, 0xF8,
    0x00, 0x00, 0x00, 0x00, 0x00, 0x00, 0x01, 0x00, 0x04, 0x00, 0xB8, 0x02, 0xE0, 0x07, 0xFF, 0xFD,
    0x00, 0x2F, 0xFF, 0x80, 0x00, 0x6F, 0x90, 0x00, 0x00, 0x00, 0x00, 0x00, 0xBF, 0x90, 0x00, 0xBF,
    0xFF, 0xC0, 0x2F, 0xFF, 0xFF, 0x03, 0xFD, 0x0B, 0xF8, 0x7F, 0x40, 0x3F, 0xCB, 0xF0, 0x02, 0xFD,
    0xFF, 0x00, 0x1F, 0xDF, 0xF0, 0x01, 0xFD, 0xBF, 0x00, 0x2F, 0xDB, 0xF4, 0x02, 0xFC, 0x3F, 0xC0,
    0x7F, 0xC2, 0xFF, 0xAF, 0xF4, 0x0F, 0xFF, 0xFE, 0x00, 0x1F, 0xFF, 0x40, 0x00, 0x00, 0x00, 0x00,
    0x00, 0x00, 0x00, 0x00, 0x00, 0x03, 0xFC, 0xFF, 0x00, 0x00, 0x7F, 0x2F, 0xC0, 0x00, 0x0F, 0xC3,
    0xE0, 0x00, 0x02, 0xE0, 0xB8, 0x00, 0x00, 0x00, 0x00, 0x00, 0x00, 0x00, 0x2F, 0xFF, 0x80, 0x00,
    0x2F, 0xFF, 0xFF, 0x40, 0x0B, 0xFF, 0xFF, 0xFD, 0x01, 0xFF, 0x80, 0x7F, 0xF0, 0x3F, 0xE0, 0x00,
    0xFF, 0x83, 0xFC, 0x00, 0x07, 0xFC, 0x7F, 0x80, 0x00, 0x3F, 0xCB, 0xF8, 0x00, 0x03, 0xFD, 0xBF,
    0x40, 0x00, 0x2F, 0xDB, 0xF4, 0x00, 0x02, 0xFD, 0xBF, 0x40, 0x00, 0x2F, 0xD7, 0xF8, 0x00, 0x03,
    0xFC, 0x3F, 0xC0, 0x00, 0x3F, 0xC3, 0xFE, 0x00, 0x0B, 0xF8, 0x1F, 0xF8, 0x02, 0xFF, 0x00, 0xBF,
    0xFF, 0xFF, 0xD0, 0x02, 0xFF, 0xFF, 0xF8, 0x00, 0x06, 0xFF, 0xF8, 0x00, 0x00, 0x00, 0x00, 0x00,
    0x00, 0x00, 0x00, 0x00, 0x00, 0x3F, 0xCF, 0xE0, 0x07, 0xF2, 0xFC, 0x00, 0xFC, 0x7E, 0x00, 0x2E,
    0x0B, 0x40, 0x00, 0x00, 0x00, 0x00, 0x00, 0xBF, 0x90, 0x00, 0xBF, 0xFF, 0xC0, 0x2F, 0xFF, 0xFF,
    0x03, 0xFD, 0x0B, 0xF8, 0x7F, 0x40, 0x3F, 0xCB, 0xF0, 0x02, 0xFD, 0xFF, 0x00, 0x1F, 0xDF, 0xF0,
    0x01, 0xFD, 0xBF, 0x00, 0x2F, 0xDB, 0xF4, 0x02, 0xFC, 0x3F, 0xC0, 0x7F, 0xC2, 0xFF, 0xAF, 0xF4,
    0x0F, 0xFF, 0xFE, 0x00, 0x1F, 0xFF, 0x40, 0x00, 0x00, 0x00, 0x00, 0x00, 0x00, 0x00, 0x00, 0x00,
    0x00, 0x06, 0xFF, 0xFF, 0xFF, 0xFE, 0x02, 0xFF, 0xFF, 0xFF, 0xFF, 0xF0, 0xBF, 0xFF, 0xFF, 0xFF,
    0xFF, 0x1F, 0xF8, 0x07, 0xFD, 0x55, 0x43, 0xFD, 0x00, 0x3F, 0xC0, 0x00, 0x3F, 0xC0, 0x03, 0xFC,
    0x00, 0x07, 0xF8, 0x00, 0x3F, 0xC0, 0x00, 0x7F, 0x40, 0x03, 0xFF, 0xFF, 0xDB, 0xF4, 0x00, 0x3F,
    0xFF, 0xFD, 0xBF, 0x40, 0x03, 0xFF, 0xFF, 0xD7, 0xF4, 0x00, 0x3F, 0xD5, 0x54, 0x7F, 0x80, 0x03,
    0xFC, 0x00, 0x03, 0xFC, 0x00, 0x3F, 0xC0, 0x00, 0x3F, 0xD0, 0x03, 0xFC, 0x00, 0x01, 0xFF, 0x40,
    0x3F, 0xC0, 0x00, 0x0B, 0xFF, 0xFF, 0xFF, 0xFF, 0xF0, 0x3F, 0xFF, 0xFF, 0xFF, 0xFF, 0x00, 0x7F,
    0xFF, 0xFF, 0xFF, 0xF0, 0x00, 0x00, 0x00, 0x00, 0x00, 0x00, 0xBF, 0x90, 0x1B, 0xF8, 0x00, 0x2F,
    0xFF, 0xF7, 0xFF, 0xFD, 0x02, 0xFF, 0xFF, 0xFF, 0xFF, 0xFD, 0x0F, 0xF4, 0x2F, 0xFD, 0x03, 0xFC,
    0xBF, 0x40, 0x3F, 0xE0, 0x07, 0xF2, 0xFC, 0x00, 0xBF, 0x95, 0x5F, 0xDF, 0xF0, 0x01, 0xFF, 0xFF,
    0xFF, 0x7F, 0xC0, 0x07, 0xFF, 0xFF, 0xFD, 0xFF, 0x00, 0x2F, 0xD0, 0x00, 0x02, 0xFD, 0x00, 0xFF,
    0x80, 0x00, 0x03, 0xFC, 0x07, 0xFF, 0x40, 0x01, 0x0B, 0xFF, 0xFF, 0xFF, 0xAA, 0xF8, 0x0F, 0xFF,
    0xFE, 0xFF, 0xFF, 0xE0, 0x0B, 0xFF, 0x80, 0xBF, 0xFE, 0x00, 0x00, 0x00, 0x00, 0x00, 0x00, 0x00,
    0x00, 0x00, 0x00, 0x00, 0x00, 0x1F, 0xF0, 0x00, 0x00, 0xFE, 0x00, 0x00, 0x0F, 0xD0, 0x00, 0x00,
    0xBD, 0x00, 0x00, 0x00, 0x00, 0x00, 0x0B, 0xFF, 0xE8, 0x00, 0x3F, 0xFF, 0xFE, 0x00, 0xFF, 0xFF,
    0xFF, 0x03, 0xFC, 0x07, 0xFD, 0x0F, 0xF0, 0x0B, 0xF8, 0x3F, 0xC0, 0x1F, 0xE0, 0xFF, 0x00, 0x7F,
    0x43, 0xFC, 0x03, 0xFC, 0x0F, 0xFF, 0xFF, 0xD0, 0x3F, 0xFF, 0xFD, 0x00, 0xFF, 0xFF, 0xE0, 0x03,
    0xFC, 0x2F, 0xC0, 0x0F, 0xF0, 0x3F, 0xC0, 0x3F, 0xC0, 0xBF, 0x80, 0xFF, 0x00, 0xFF, 0x03, 0xFC,
    0x01, 0xFF, 0x0F, 0xF0, 0x03, 0xFD, 0x3F, 0xC0, 0x03, 0xFC, 0x00, 0x00, 0x00, 0x00, 0x7F, 0xC0,
    0x03, 0xF8, 0x00, 0x3F, 0x40, 0x02, 0xF0, 0x00, 0x00, 0x00, 0x02, 0xA0, 0x7E, 0x0F, 0xCB, 0xF8,
    0x3F, 0xBF, 0xE0, 0xFF, 0xFA, 0x43, 0xFE, 0x00, 0x0F, 0xF0, 0x00, 0x3F, 0x80, 0x00, 0xFE, 0x00,
    0x03, 0xF8, 0x00, 0x0F, 0xE0, 0x00, 0x3F, 0x80, 0x00, 0xFE, 0x00, 0x03, 0xF8, 0x00, 0x0F, 0xE0,
    0x00, 0xBF, 0xFE, 0x80, 0x03, 0xFF, 0xFF, 0xE0, 0x0F, 0xFF, 0xFF, 0xF0, 0x3F, 0xC0, 0x7F, 0xD0,
    0xFF, 0x00, 0xBF, 0x83, 0xFC, 0x01, 0xFE, 0x0F, 0xF0, 0x07, 0xF4, 0x3F, 0xC0, 0x3F, 0xC0, 0xFF,
    0xFF, 0xFD, 0x03, 0xFF, 0xFF, 0xD0, 0x0F, 0xFF, 0xFE, 0x00, 0x3F, 0xC2, 0xFC, 0x00, 0xFF, 0x03,
    0xFC, 0x03, 0xFC, 0x0B, 0xF8, 0x0F, 0xF0, 0x0F, 0xF0, 0x3F, 0xC0, 0x1F, 0xF0, 0xFF, 0x00, 0x3F,
    0xD3, 0xFC, 0x00, 0x3F, 0xC0, 0x00, 0x00, 0x00, 0x00, 0x05, 0x50, 0x00, 0x00, 0x3F, 0x40, 0x00,
    0x00, 0xFC, 0x00, 0x00, 0x07, 0xD0, 0x00, 0x00, 0x19, 0x00, 0x00, 0x2A, 0x07, 0xE3, 0xF2, 0xFE,
    0x3F, 0xBF, 0xE3, 0xFF, 0xE9, 0x3F, 0xE0, 0x03, 0xFC, 0x00, 0x3F, 0x80, 0x03, 0xF8, 0x00, 0x3F,
    0x80, 0x03, 0xF8, 0x00, 0x3F, 0x80, 0x03, 0xF8, 0x00, 0x3F, 0x80, 0x03, 0xF8, 0x00, 0x00, 0x00,
    0x01, 0x54, 0x00, 0x3F, 0x80, 0x03, 0xF0, 0x00, 0x3E, 0x00, 0x02, 0x80, 0x00, 0x00, 0x00, 0x00,
    0x00, 0x7E, 0x02, 0xF4, 0x00, 0xBF, 0x3F, 0x80, 0x00, 0xBF, 0xF8, 0x00, 0x00, 0xFF, 0xC0, 0x00,
    0x00, 0x00, 0x00, 0x0B, 0xFF, 0xE8, 0x00, 0x3F, 0xFF, 0xFE, 0x00, 0xFF, 0xFF, 0xFF, 0x03, 0xFC,
    0x07, 0xFD, 0x0F, 0xF0, 0x0B, 0xF8, 0x3F, 0xC0, 0x1F, 0xE0, 0xFF, 0x00, 0x7F, 0x43, 0xFC, 0x03,
    0xFC, 0x0F, 0xFF, 0xFF, 0xD0, 0x3F, 0xFF, 0xFD, 0x00, 0xFF, 0xFF, 0xE0, 0x03, 0xFC, 0x2F, 0xC0,
    0x0F, 0xF0, 0x3F, 0xC0, 0x3F, 0xC0, 0xBF, 0x80, 0xFF, 0x00, 0xFF, 0x03, 0xFC, 0x01, 0xFF, 0x0F,
    0xF0, 0x03, 0xFD, 0x3F, 0xC0, 0x03, 0xFC, 0x00, 0x00, 0x02, 0xF8, 0x0B, 0xD2, 0xFC, 0xFE, 0x02,
    0xFF, 0xE0, 0x03, 0xFE, 0x00, 0x00, 0x00, 0x02, 0xA0, 0x7E, 0x0F, 0xCB, 0xF8, 0x3F, 0xBF, 0xE0,
    0xFF, 0xFA, 0x43, 0xFE, 0x00, 0x0F, 0xF0, 0x00, 0x3F, 0x80, 0x00, 0xFE, 0x00, 0x03, 0xF8, 0x00,
    0x0F, 0xE0, 0x00, 0x3F, 0x80, 0x00, 0xFE, 0x00, 0x03, 0xF8, 0x00, 0x0F, 0xE0, 0x00, 0x00, 0x00,
    0x00, 0x00, 0x0F, 0xF0, 0x00, 0x3F, 0xC0, 0x00, 0xBE, 0x00, 0x01, 0xF4, 0x00, 0x00, 0x00, 0x00,
    0x02, 0xFF, 0xE4, 0x1F, 0xFF, 0xFE, 0x3F, 0xFF, 0xFC, 0x7F, 0x80, 0x68, 0xBF, 0x00, 0x00, 0xBF,
    0x00, 0x00, 0x7F, 0xD0, 0x00, 0x3F, 0xFD, 0x00, 0x0F, 0xFF, 0x80, 0x02, 0xFF, 0xF4, 0x00, 0x7F,
    0xFC, 0x00, 0x07, 0xFE, 0x00, 0x00, 0xFE, 0x00, 0x00, 0xFF, 0xF4, 0x02, 0xFE, 0xFF, 0xFF, 0xFC,
    0xFF, 0xFF, 0xF4, 0x6F, 0xFF, 0x80, 0x00, 0x00, 0x00, 0x00, 0x00, 0x00, 0x00, 0x7F, 0xC0, 0x03,
    0xF8, 0x00, 0x3F, 0x40, 0x02, 0xF0, 0x00, 0x00, 0x00, 0x00, 0x6F, 0xE4, 0x0F, 0xFF, 0xFC, 0xBF,
    0xFF, 0xF3, 0xFC, 0x01, 0x4F, 0xF4, 0x00, 0x2F, 0xFD, 0x00, 0x3F, 0xFF, 0x40, 0x2F, 0xFF, 0x80,
    0x07, 0xFF, 0x40, 0x01, 0xFD, 0x40, 0x03, 0xF7, 0xFA, 0xBF, 0xCF, 0xFF, 0xFE, 0x1F, 0xFF, 0xD0,
    0x00, 0x00, 0x00, 0x00, 0x00, 0x00, 0x01, 0xFF, 0x40, 0x03, 0xFF, 0xC0, 0x0F, 0xD7, 0xF0, 0x2E,
    0x00, 0xF8, 0x00, 0x00, 0x00, 0x02, 0xFF, 0xE4, 0x1F, 0xFF, 0xFE, 0x3F, 0xFF, 0xFC, 0x7F, 0x80,
    0x68, 0xBF, 0x00, 0x00, 0xBF, 0x00, 0x00, 0x7F, 0xD0, 0x00, 0x3F, 0xFD, 0x00, 0x0F, 0xFF, 0x80,
    0x02, 0xFF, 0xF4, 0x00, 0x7F, 0xFC, 0x00, 0x07, 0xFE, 0x00, 0x00, 0xFE, 0x00, 0x00, 0xFF, 0xF4,
    0x02, 0xFE, 0xFF, 0xFF, 0xFC, 0xFF, 0xFF, 0xF4, 0x6F, 0xFF, 0x80, 0x00, 0x00, 0x00, 0x00, 0x00,
    0x00, 0x0F, 0xF8, 0x00, 0xFF, 0xF4, 0x0F, 0xD3, 0xF4, 0xBC, 0x02, 0xF0, 0x00, 0x00, 0x00, 0x6F,
    0xE4, 0x0F, 0xFF, 0xFC, 0xBF, 0xFF, 0xF3, 0xFC, 0x01, 0x4F, 0xF4, 0x00, 0x2F, 0xFD, 0x00, 0x3F,
    0xFF, 0x40, 0x2F, 0xFF, 0x80, 0x07, 0xFF, 0x40, 0x01, 0xFD, 0x40, 0x03, 0xF7, 0xFA, 0xBF, 0xCF,
    0xFF, 0xFE, 0x1F, 0xFF, 0xD0, 0x00, 0x00, 0x00, 0x00, 0x00, 0x00, 0x02, 0xFF, 0xE4, 0x1F, 0xFF,
    0xFE, 0x3F, 0xFF, 0xFC, 0x7F, 0x80, 0x68, 0xBF, 0x00, 0x00, 0xBF, 0x00, 0x00, 0x7F, 0xD0, 0x00,
    0x3F, 0xFD, 0x00, 0x0F, 0xFF, 0x80, 0x02, 0xFF, 0xF4, 0x00, 0x7F, 0xFC, 0x00, 0x07, 0xFE, 0x00,
    0x00, 0xFE, 0x00, 0x00, 0xFF, 0xF4, 0x02, 0xFE, 0xFF, 0xFF, 0xFC, 0xFF, 0xFF, 0xF4, 0x6F, 0xFF,
    0x80, 0x00, 0xB8, 0x00, 0x00, 0xFE, 0x00, 0x00, 0x2F, 0x40, 0x00, 0x1F, 0x40, 0x03, 0xFF, 0x00,
    0x03, 0xFD, 0x00, 0x06, 0xFE, 0x40, 0xFF, 0xFF, 0xCB, 0xFF, 0xFF, 0x3F, 0xC0, 0x14, 0xFF, 0x40,
    0x02, 0xFF, 0xD0, 0x03, 0xFF, 0xF4, 0x02, 0xFF, 0xF8, 0x00, 0x7F, 0xF4, 0x00, 0x1F, 0xD4, 0x00,
    0x3F, 0x7F, 0xAB, 0xFC, 0xFF, 0xFF, 0xE1, 0xFF, 0xFD, 0x00, 0x1F, 0x00, 0x00, 0xBF, 0x00, 0x00,
    0x3F, 0x00, 0x00, 0xFC, 0x00, 0xBF, 0xE0, 0x02, 0xFE, 0x00, 0x00, 0x00, 0x00, 0x2F, 0x40, 0xFD,
    0x0F, 0xE7, 0xF4, 0x03, 0xFF, 0xD0, 0x00, 0xFF, 0x80, 0x00, 0x00, 0x00, 0x02, 0xFF, 0xE4, 0x1F,
    0xFF, 0xFE, 0x3F, 0xFF, 0xFC, 0x7F, 0x80, 0x68, 0xBF, 0x00, 0x00, 0xBF, 0x00, 0x00, 0x7F, 0xD0,
    0x00, 0x3F, 0xFD, 0x00, 0x0F, 0xFF, 0x80, 0x02, 0xFF, 0xF4, 0x00, 0x7F, 0xFC, 0x00, 0x07, 0xFE,
    0x00, 0x00, 0xFE, 0x00, 0x00, 0xFF, 0xF4, 0x02, 0xFE, 0xFF, 0xFF, 0xFC, 0xFF, 0xFF, 0xF4, 0x6F,
    0xFF, 0x80, 0x00, 0x00, 0x00, 0x00, 0x00, 0x02, 0xF8, 0x0B, 0xD2, 0xFC, 0xFE, 0x02, 0xFF, 0xE0,
    0x03, 0xFE, 0x00, 0x00, 0x00, 0x00, 0x6F, 0xE4, 0x0F, 0xFF, 0xFC, 0xBF, 0xFF, 0xF3, 0xFC, 0x01,
    0x4F, 0xF4, 0x00, 0x2F, 0xFD, 0x00, 0x3F, 0xFF, 0x40, 0x2F, 0xFF, 0x80, 0x07, 0xFF, 0x40, 0x01,
    0xFD, 0x40, 0x03, 0xF7, 0xFA, 0xBF, 0xCF, 0xFF, 0xFE, 0x1F, 0xFF, 0xD0, 0x00, 0x00, 0x00, 0x7F,
    0xFF, 0xFF, 0xFB, 0xFF, 0xFF, 0xFF, 0xBF, 0xFF, 0xFF, 0xF1, 0x57, 0xFD, 0x55, 0x00, 0x2F, 0xC0,
    0x00, 0x02, 0xFC, 0x00, 0x00, 0x2F, 0xC0, 0x00, 0x02, 0xFC, 0x00, 0x00, 0x2F, 0xC0, 0x00, 0x02,
    0xFC, 0x00, 0x00, 0x2F, 0xC0, 0x00, 0x02, 0xFC, 0x00, 0x00, 0x2F, 0xC0, 0x00, 0x02, 0xFC, 0x00,
    0x00, 0x2F, 0xC0, 0x00, 0x02, 0xFC, 0x00, 0x00, 0x2F, 0xC0, 0x00, 0x02, 0xFC, 0x00, 0x00, 0x0F,
    0x00, 0x00, 0x02, 0xFC, 0x00, 0x00, 0x03, 0xF0, 0x00, 0x00, 0x3F, 0x00, 0x00, 0xBF, 0xE0, 0x00,
    0x0B, 0xF8, 0x00, 0x00, 0xA0, 0x00, 0x0B, 0xC0, 0x00, 0x3F, 0x00, 0x02, 0xFE, 0xA8, 0x3F, 0xFF,
    0xF1, 0xFF, 0xFF, 0xC0, 0xBF, 0x00, 0x02, 0xFC, 0x00, 0x0B, 0xF0, 0x00, 0x2F, 0xC0, 0x00, 0xBF,
    0x00, 0x02, 0xFC, 0x00, 0x0B, 0xF0, 0x00, 0x2F, 0xD0, 0x00, 0x7F, 0xFF, 0x00, 0xFF, 0xFC, 0x00,
    0xFF, 0xF0, 0x00, 0x7C, 0x00, 0x02, 0xF8, 0x00, 0x01, 0xFC, 0x00, 0x03, 0xF0, 0x02, 0xFF, 0x80,
    0x0B, 0xF8, 0x00, 0x00, 0x00, 0x00, 0x00, 0x7E, 0x02, 0xF4, 0x02, 0xFC, 0xFE, 0x00, 0x0B, 0xFF,
    0x80, 0x00, 0x3F, 0xF0, 0x00, 0x00, 0x00, 0x00, 0x7F, 0xFF, 0xFF, 0xFB, 0xFF, 0xFF, 0xFF, 0xBF,
    0xFF, 0xFF, 0xF1, 0x57, 0xFD, 0x55, 0x00, 0x2F, 0xC0, 0x00, 0x02, 0xFC, 0x00, 0x00, 0x2F, 0xC0,
    0x00, 0x02, 0xFC, 0x00, 0x00, 0x2F, 0xC0, 0x00, 0x02, 0xFC, 0x00, 0x00, 0x2F, 0xC0, 0x00, 0x02,
    0xFC, 0x00, 0x00, 0x2F, 0xC0, 0x00, 0x02, 0xFC, 0x00, 0x00, 0x2F, 0xC0, 0x00, 0x02, 0xFC, 0x00,
    0x00, 0x2F, 0xC0, 0x00, 0x02, 0xFC, 0x00, 0x00, 0x00, 0x07, 0xF0, 0x00, 0x00, 0x1F, 0x80, 0x0A,
    0x00, 0xBC, 0x00, 0xBC, 0x03, 0xE0, 0x03, 0xF0, 0x00, 0x00, 0x2F, 0xEA, 0x80, 0x03, 0xFF, 0xFF,
    0x00, 0x1F, 0xFF, 0xFC, 0x00, 0x0B, 0xF0, 0x00, 0x00, 0x2F, 0xC0, 0x00, 0x00, 0xBF, 0x00, 0x00,
    0x02, 0xFC, 0x00, 0x00, 0x0B, 0xF0, 0x00, 0x00, 0x2F, 0xC0, 0x00, 0x00, 0xBF, 0x00, 0x00, 0x02,
    0xFD, 0x00, 0x00, 0x07, 0xFF, 0xF0, 0x00, 0x0F, 0xFF, 0xC0, 0x00, 0x0F, 0xFF, 0x00, 0x00, 0x00,
    0x00, 0x00, 0x7F, 0xFF, 0xFF, 0xFB, 0xFF, 0xFF, 0xFF, 0xBF, 0xFF, 0xFF, 0xF1, 0x57, 0xFD, 0x55,
    0x00, 0x2F, 0xC0, 0x00, 0x02, 0xFC, 0x00, 0x00, 0x2F, 0xC0, 0x00, 0x57, 0xFD, 0x50, 0x0B, 0xFF,
    0xFF, 0x00, 0xBF, 0xFF, 0xF0, 0x0B, 0xFF, 0xFF, 0x00, 0x02, 0xFC, 0x00, 0x00, 0x2F, 0xC0, 0x00,
    0x02, 0xFC, 0x00, 0x00, 0x2F, 0xC0, 0x00, 0x02, 0xFC, 0x00, 0x00, 0x2F, 0xC0, 0x00, 0x02, 0xFC,
    0x00, 0x00, 0xA0, 0x00, 0x0B, 0xC0, 0x00, 0x3F, 0x00, 0x02, 0xFE, 0xA8, 0x3F, 0xFF, 0xF1, 0xFF,
    0xFF, 0xC0, 0xBF, 0x00, 0x02, 0xFC, 0x00, 0x2F, 0xFA, 0x80, 0xFF, 0xFF, 0x43, 0xFF, 0xFD, 0x02,
    0xFC, 0x00, 0x0B, 0xF0, 0x00, 0x2F, 0xD0, 0x00, 0x7F, 0xFF, 0x00, 0xFF, 0xFC, 0x00, 0xFF, 0xF0,
    0x00, 0x00, 0x00, 0x01, 0xF8, 0x0E, 0x00, 0x2F, 0xFE, 0xF8, 0x00, 0xFA, 0xFF, 0xC0, 0x03, 0x80,
    0xB8, 0x00, 0x00, 0x00, 0x00, 0x02, 0xFC, 0x00, 0x0F, 0xEF, 0xF0, 0x00, 0x3F, 0xFF, 0xC0, 0x00,
    0xFF, 0xFF, 0x00, 0x03, 0xFF, 0xFC, 0x00, 0x0F, 0xFF, 0xF0, 0x00, 0x3F, 0xFF, 0xC0, 0x00, 0xFF,
    0xFF, 0x00, 0x03, 0xFF, 0xFC, 0x00, 0x0F, 0xFF, 0xF0, 0x00, 0x3F, 0xFF, 0xC0, 0x00, 0xFF, 0xFF,
    0x00, 0x03, 0xFF, 0xFC, 0x00, 0x0F, 0xEB, 0xF4, 0x00, 0x7F, 0x9F, 0xF4, 0x07, 0xFC, 0x3F, 0xFF,
    0xFF, 0xE0, 0x3F, 0xFF, 0xFE, 0x00, 0x1F, 0xFF, 0xD0, 0x00, 0x00, 0x00, 0x00, 0x00, 0xB8, 0x0B,
    0x00, 0x3F, 0xFE, 0xF0, 0x0B, 0xEF, 0xFE, 0x00, 0xB0, 0x1F, 0x40, 0x00, 0x00, 0x00, 0x02, 0xA4,
    0x00, 0xA9, 0x7F, 0x80, 0x1F, 0xD7, 0xF8, 0x01, 0xFD, 0x7F, 0x80, 0x1F, 0xD7, 0xF8, 0x01, 0xFD,
    0x7F, 0x80, 0x1F, 0xD7, 0xF8, 0x01, 0xFD, 0x7F, 0x80, 0x1F, 0xD7, 0xF8, 0x01, 0xFD, 0x3F, 0x80,
    0x2F, 0xD3, 0xFC, 0x07, 0xFD, 0x3F, 0xFF, 0xFF, 0xD1, 0xFF, 0xFE, 0xFD, 0x07, 0xFF, 0x8B, 0xD0,
    0x00, 0x00, 0x00, 0x01, 0xAA, 0xA9, 0x00, 0x0B, 0xFF, 0xF8, 0x00, 0x2F, 0xFF, 0xD0, 0x00, 0x00,
    0x00, 0x00, 0xBF, 0x00, 0x03, 0xFB, 0xFC, 0x00, 0x0F, 0xFF, 0xF0, 0x00, 0x3F, 0xFF, 0xC0, 0x00,
    0xFF, 0xFF, 0x00, 0x03, 0xFF, 0xFC, 0x00, 0x0F, 0xFF, 0xF0, 0x00, 0x3F, 0xFF, 0xC0, 0x00, 0xFF,
    0xFF, 0x00, 0x03, 0xFF, 0xFC, 0x00, 0x0F, 0xFF, 0xF0, 0x00, 0x3F, 0xFF, 0xC0, 0x00, 0xFF, 0xFF,
    0x00, 0x03, 0xFA, 0xFD, 0x00, 0x1F, 0xE7, 0xFD, 0x01, 0xFF, 0x0F, 0xFF, 0xFF, 0xF8, 0x0F, 0xFF,
    0xFF, 0x80, 0x07, 0xFF, 0xF4, 0x00, 0x00, 0x00, 0x00, 0x00, 0x02, 0xAA, 0xA8, 0x00, 0x3F, 0xFF,
    0xD0, 0x03, 0xFF, 0xFC, 0x00, 0x00, 0x00, 0x00, 0x2A, 0x40, 0x0A, 0x97, 0xF8, 0x01, 0xFD, 0x7F,
    0x80, 0x1F, 0xD7, 0xF8, 0x01, 0xFD, 0x7F, 0x80, 0x1F, 0xD7, 0xF8, 0x01, 0xFD, 0x7F, 0x80, 0x1F,
    0xD7, 0xF8, 0x01, 0xFD, 0x7F, 0x80, 0x1F, 0xD3, 0xF8, 0x02, 0xFD, 0x3F, 0xC0, 0x7F, 0xD3, 0xFF,
    0xFF, 0xFD, 0x1F, 0xFF, 0xEF, 0xD0, 0x7F, 0xF8, 0xBD, 0x00, 0x00, 0x00, 0x00, 0x01, 0x40, 0x01,
    0x00, 0x0F, 0x00, 0x3D, 0x00, 0x2F, 0xFF, 0xF0, 0x00, 0x3F, 0xFF, 0x00, 0x00, 0x1F, 0xE0, 0x00,
    0x00, 0x00, 0x00, 0x0B, 0xF0, 0x00, 0x3F, 0xBF, 0xC0, 0x00, 0xFF, 0xFF, 0x00, 0x03, 0xFF, 0xFC,
    0x00, 0x0F, 0xFF, 0xF0, 0x00, 0x3F, 0xFF, 0xC0, 0x00, 0xFF, 0xFF, 0x00, 0x03, 0xFF, 0xFC, 0x00,
    0x0F, 0xFF, 0xF0, 0x00, 0x3F, 0xFF, 0xC0, 0x00, 0xFF, 0xFF, 0x00, 0x03, 0xFF, 0xFC, 0x00, 0x0F,
    0xFF, 0xF0, 0x00, 0x3F, 0xAF, 0xD0, 0x01, 0xFE, 0x7F, 0xD0, 0x1F, 0xF0, 0xFF, 0xFF, 0xFF, 0x80,
    0xFF, 0xFF, 0xF8, 0x00, 0x7F, 0xFF, 0x40, 0x00, 0x00, 0x00, 0x00, 0x01, 0x00, 0x05, 0x00, 0x7C,
    0x01, 0xF0, 0x03, 0xFF, 0xFE, 0x00, 0x1F, 0xFF, 0xC0, 0x00, 0x2F, 0x90, 0x00, 0x00, 0x00, 0x00,
    0x2A, 0x40, 0x0A, 0x97, 0xF8, 0x01, 0xFD, 0x7F, 0x80, 0x1F, 0xD7, 0xF8, 0x01, 0xFD, 0x7F, 0x80,
    0x1F, 0xD7, 0xF8, 0x01, 0xFD, 0x7F, 0x80, 0x1F, 0xD7, 0xF8, 0x01, 0xFD, 0x7F, 0x80, 0x1F, 0xD3,
    0xF8, 0x02, 0xFD, 0x3F, 0xC0, 0x7F, 0xD3, 0xFF, 0xFF, 0xFD, 0x1F, 0xFF, 0xEF, 0xD0, 0x7F, 0xF8,
    0xBD, 0x00, 0x00, 0x00, 0x00, 0x00, 0x2F, 0x80, 0x00, 0x02, 0xFF, 0xC0, 0x00, 0x0F, 0x0F, 0x00,
    0x00, 0x3C, 0x3C, 0x00, 0x00, 0xBF, 0xF0, 0x00, 0x00, 0x7E, 0x00, 0x00, 0x00, 0x00, 0x00, 0x2F,
    0xC0, 0x00, 0xFE, 0xFF, 0x00, 0x03, 0xFF, 0xFC, 0x00, 0x0F, 0xFF, 0xF0, 0x00, 0x3F, 0xFF, 0xC0,
    0x00, 0xFF, 0xFF, 0x00, 0x03, 0xFF, 0xFC, 0x00, 0x0F, 0xFF, 0xF0, 0x00, 0x3F, 0xFF, 0xC0, 0x00,
    0xFF, 0xFF, 0x00, 0x03, 0xFF, 0xFC, 0x00, 0x0F, 0xFF, 0xF0, 0x00, 0x3F, 0xFF, 0xC0, 0x00, 0xFE,
    0xBF, 0x40, 0x07, 0xF9, 0xFF, 0x40, 0x7F, 0xC3, 0xFF, 0xFF, 0xFE, 0x03, 0xFF, 0xFF, 0xE0, 0x01,
    0xFF, 0xFD, 0x00, 0x00, 0x00, 0x00, 0x00, 0x00, 0x2F, 0x80, 0x00, 0x0B, 0xFF, 0x00, 0x00, 0xF0,
    0xF0, 0x00, 0x0F, 0x0F, 0x00, 0x00, 0xBF, 0xF0, 0x00, 0x02, 0xF8, 0x00, 0x00, 0x00, 0x00, 0x02,
    0xA4, 0x00, 0xA9, 0x7F, 0x80, 0x1F, 0xD7, 0xF8, 0x01, 0xFD, 0x7F, 0x80, 0x1F, 0xD7, 0xF8, 0x01,
    0xFD, 0x7F, 0x80, 0x1F, 0xD7, 0xF8, 0x01, 0xFD, 0x7F, 0x80, 0x1F, 0xD7, 0xF8, 0x01, 0xFD, 0x3F,
    0x80, 0x2F, 0xD3, 0xFC, 0x07, 0xFD, 0x3F, 0xFF, 0xFF, 0xD1, 0xFF, 0xFE, 0xFD, 0x07, 0xFF, 0x8B,
    0xD0, 0x00, 0x00, 0x00, 0x00, 0x00, 0x00, 0x00, 0x03, 0xF9, 0xFD, 0x00, 0x3F, 0x8F, 0xD0, 0x02,
    0xF4, 0xBD, 0x00, 0x0F, 0x43, 0xC0, 0x00, 0x00, 0x00, 0x00, 0x0B, 0xF0, 0x00, 0x3F, 0xBF, 0xC0,
    0x00, 0xFF, 0xFF, 0x00, 0x03, 0xFF, 0xFC, 0x00, 0x0F, 0xFF, 0xF0, 0x00, 0x3F, 0xFF, 0xC0, 0x00,
    0xFF, 0xFF, 0x00, 0x03, 0xFF, 0xFC, 0x00, 0x0F, 0xFF, 0xF0, 0x00, 0x3F, 0xFF, 0xC0, 0x00, 0xFF,
    0xFF, 0x00, 0x03, 0xFF, 0xFC, 0x00, 0x0F, 0xFF, 0xF0, 0x00, 0x3F, 0xAF, 0xD0, 0x01, 0xFE, 0x7F,
    0xD0, 0x1F, 0xF0, 0xFF, 0xFF, 0xFF, 0x80, 0xFF, 0xFF, 0xF8, 0x00, 0x7F, 0xFF, 0x40, 0x00, 0x00,
    0x00, 0x00, 0x00, 0x00, 0x00, 0x00, 0x2F, 0xCB, 0xF0, 0x03, 0xF5, 0xFC, 0x00, 0xFC, 0x3F, 0x00,
    0x1E, 0x07, 0x80, 0x00, 0x00, 0x00, 0x00, 0x2A, 0x40, 0x0A, 0x97, 0xF8, 0x01, 0xFD, 0x7F, 0x80,
    0x1F, 0xD7, 0xF8, 0x01, 0xFD, 0x7F, 0x80, 0x1F, 0xD7, 0xF8, 0x01, 0xFD, 0x7F, 0x80, 0x1F, 0xD7,
    0xF8, 0x01, 0xFD, 0x7F, 0x80, 0x1F, 0xD3, 0xF8, 0x02, 0xFD, 0x3F, 0xC0, 0x7F, 0xD3, 0xFF, 0xFF,
    0xFD, 0x1F, 0xFF, 0xEF, 0xD0, 0x7F, 0xF8, 0xBD, 0x00, 0x00, 0x00, 0x00, 0xBF, 0x00, 0x03, 0xFB,
    0xFC, 0x00, 0x0F, 0xFF, 0xF0, 0x00, 0x3F, 0xFF, 0xC0, 0x00, 0xFF, 0xFF, 0x00, 0x03, 0xFF, 0xFC,
    0x00, 0x0F, 0xFF, 0xF0, 0x00, 0x3F, 0xFF, 0xC0, 0x00, 0xFF, 0xFF, 0x00, 0x03, 0xFF, 0xFC, 0x00,
    0x0F, 0xFF, 0xF0, 0x00, 0x3F, 0xFF, 0xC0, 0x00, 0xFF, 0xFF, 0x00, 0x03, 0xFA, 0xFD, 0x00, 0x1F,
    0xE7, 0xFD, 0x01, 0xFF, 0x0F, 0xFF, 0xFF, 0xF8, 0x0F, 0xFF, 0xFF, 0xC0, 0x07, 0xFF, 0xF8, 0x00,
    0x00, 0x0B, 0xC0, 0x00, 0x00, 0x3D, 0x00, 0x00, 0x01, 0xF0, 0x00, 0x00, 0x07, 0xE4, 0x00, 0x00,
    0x0F, 0xF8, 0x00, 0x00, 0x1F, 0xD0, 0x2A, 0x40, 0x0A, 0x97, 0xF8, 0x01, 0xFD, 0x7F, 0x80, 0x1F,
    0xD7, 0xF8, 0x01, 0xFD, 0x7F, 0x80, 0x1F, 0xD7, 0xF8, 0x01, 0xFD, 0x7F, 0x80, 0x1F, 0xD7, 0xF8,
    0x01, 0xFD, 0x7F, 0x80, 0x1F, 0xD3, 0xF8, 0x02, 0xFD, 0x3F, 0xC0, 0x7F, 0xD3, 0xFF, 0xFF, 0xFD,
    0x1F, 0xFF, 0xEF, 0xD0, 0x7F, 0xF8, 0xBD, 0x00, 0x00, 0x0F, 0x00, 0x00, 0x03, 0xD0, 0x00, 0x00,
    0x7C, 0x00, 0x00, 0x0B, 0xE4, 0x00, 0x00, 0x3F, 0xD0, 0x00, 0x01, 0xB8, 0x00, 0x00, 0x00, 0x00,
    0x00, 0x00, 0x00, 0x00, 0x07, 0xFD, 0x00, 0x00, 0x00, 0x00, 0x03, 0xFF, 0xC0, 0x00, 0x00, 0x00,
    0x03, 0xF5, 0xFC, 0x00, 0x00, 0x00, 0x02, 0xE0, 0x0F, 0x80, 0x00, 0x00, 0x00, 0x00, 0x00, 0x00,
    0x00, 0x0F, 0xE0, 0x00, 0xBF, 0x00, 0x0B, 0xF2, 0xFC, 0x00, 0x3F, 0xC0, 0x03, 0xFC, 0x7F, 0x40,
    0x1F, 0xF4, 0x00, 0xFE, 0x0F, 0xE0, 0x0B, 0xFE, 0x00, 0x7F, 0x43, 0xF8, 0x03, 0xFF, 0xC0, 0x2F,
    0xC0, 0xBF, 0x00, 0xFE, 0xF4, 0x0F, 0xF0, 0x1F, 0xC0, 0x7E, 0xBE, 0x03, 0xF8, 0x03, 0xF4, 0x2F,
    0x9F, 0xC1, 0xFD, 0x00, 0xFE, 0x0F, 0xD3, 0xF0, 0xBF, 0x00, 0x2F, 0xC3, 0xF0, 0xFD, 0x2F, 0xC0,
    0x07, 0xF1, 0xFC, 0x2F, 0x8F, 0xE0, 0x00, 0xFD, 0xBE, 0x07, 0xF3, 0xF4, 0x00, 0x3F, 0xBF, 0x40,
    0xFD, 0xFC, 0x00, 0x0B, 0xEF, 0xC0, 0x3F, 0xBF, 0x00, 0x01, 0xFF, 0xF0, 0x0B, 0xFF, 0x80, 0x00,
    0x3F, 0xF4, 0x01, 0xFF, 0xD0, 0x00, 0x0F, 0xFC, 0x00, 0x3F, 0xF0, 0x00, 0x02, 0xFF, 0x00, 0x0F,
    0xFC, 0x00, 0x00, 0x00, 0x00, 0x00, 0x00, 0x00, 0x00, 0x0B, 0xFC, 0x00, 0x00, 0x00, 0x01, 0xFF,
    0xF0, 0x00, 0x00, 0x00, 0x7F, 0x2F, 0xC0, 0x00, 0x00, 0x0F, 0x80, 0x7E, 0x00, 0x00, 0x00, 0x00,
    0x00, 0x00, 0x00, 0x6A, 0x00, 0x6A, 0x80, 0x1A, 0x87, 0xF4, 0x0B, 0xFC, 0x03, 0xFC, 0x3F, 0x80,
    0xFF, 0xD0, 0x3F, 0x83, 0xFC, 0x0F, 0xFE, 0x07, 0xF0, 0x2F, 0xC1, 0xF7, 0xF0, 0xBF, 0x01, 0xFD,
    0x2F, 0x2F, 0x0F, 0xE0, 0x0F, 0xE3, 0xF1, 0xF4, 0xFD, 0x00, 0xBF, 0x3E, 0x1F, 0x9F, 0xC0, 0x07,
    0xF7, 0xD0, 0xFA, 0xFC, 0x00, 0x3F, 0xBC, 0x0F, 0xEF, 0x80, 0x03, 0xFF, 0xC0, 0xBF, 0xF0, 0x00,
    0x2F, 0xF8, 0x07, 0xFF, 0x00, 0x01, 0xFF, 0x40, 0x3F, 0xE0, 0x00, 0x0F, 0xF0, 0x03, 0xFD, 0x00,
    0x00, 0x00, 0x00, 0x00, 0x00, 0x2F, 0xF0, 0x00, 0x00, 0x7F, 0xFC, 0x00, 0x01, 0xFC, 0x7F, 0x00,
    0x03, 0xE0, 0x1F, 0x80, 0x00, 0x00, 0x00, 0x00, 0xBF, 0x40, 0x02, 0xFD, 0x7F, 0xC0, 0x03, 0xFC,
    0x2F, 0xD0, 0x0B, 0xF4, 0x0F, 0xF0, 0x0F, 0xF0, 0x0B, 0xF4, 0x2F, 0xD0, 0x03, 0xFC, 0x3F, 0xC0,
    0x02, 0xFD, 0xBF, 0x00, 0x00, 0xFF, 0xFE, 0x00, 0x00, 0xBF, 0xFC, 0x00, 0x00, 0x3F, 0xF8, 0x00,
    0x00, 0x1F, 0xF0, 0x00, 0x00, 0x0F, 0xF0, 0x00, 0x00, 0x0F, 0xF0, 0x00, 0x00, 0x0F, 0xF0, 0x00,
    0x00, 0x0F, 0xF0, 0x00, 0x00, 0x0F, 0xF0, 0x00, 0x00, 0x0F, 0xF0, 0x00, 0x00, 0x0F, 0xF0, 0x00,
    0x00, 0x00, 0x00, 0x00, 0x00, 0xFF, 0x80, 0x00, 0x0F, 0xFF, 0x40, 0x00, 0xFD, 0x3F, 0x00, 0x0B,
    0xC0, 0x2F, 0x00, 0x00, 0x00, 0x00, 0x0A, 0xA0, 0x00, 0x6A, 0x2F, 0xD0, 0x03, 0xFC, 0x3F, 0x80,
    0x1F, 0xD0, 0xBF, 0x00, 0xBF, 0x01, 0xFD, 0x03, 0xF8, 0x03, 0xF8, 0x1F, 0xD0, 0x0B, 0xF0, 0xBF,
    0x00, 0x0F, 0xD3, 0xF8, 0x00, 0x2F, 0x9F, 0xC0, 0x00, 0x7F, 0xBF, 0x00, 0x00, 0xFF, 0xF4, 0x00,
    0x02, 0xFF, 0xC0, 0x00, 0x03, 0xFE, 0x00, 0x00, 0x0B, 0xF4, 0x00, 0x00, 0x3F, 0xC0, 0x00, 0x01,
    0xFE, 0x00, 0x00, 0x1F, 0xF0, 0x00, 0x0F, 0xFF, 0x80, 0x00, 0x3F, 0xF8, 0x00, 0x00, 0xFF, 0x40,
    0x00, 0x00, 0x00, 0xB4, 0x2E, 0x00, 0x02, 0xFC, 0x3F, 0x00, 0x01, 0xF8, 0x3F, 0x00, 0x00, 0x50,
    0x04, 0x00, 0x00, 0x00, 0x00, 0x00, 0xBF, 0x40, 0x02, 0xFD, 0x7F, 0xC0, 0x03, 0xFC, 0x2F, 0xD0,
    0x0B, 0xF4, 0x0F, 0xF0, 0x0F, 0xF0, 0x0B, 0xF4, 0x2F, 0xD0, 0x03, 0xFC, 0x3F, 0xC0, 0x02, 0xFD,
    0xBF, 0x00, 0x00, 0xFF, 0xFE, 0x00, 0x00, 0xBF, 0xFC, 0x00, 0x00, 0x3F, 0xF8, 0x00, 0x00, 0x1F,
    0xF0, 0x00, 0x00, 0x0F, 0xF0, 0x00, 0x00, 0x0F, 0xF0, 0x00, 0x00, 0x0F, 0xF0, 0x00, 0x00, 0x0F,
    0xF0, 0x00, 0x00, 0x0F, 0xF0, 0x00, 0x00, 0x0F, 0xF0, 0x00, 0x00, 0x0F, 0xF0, 0x00, 0x00, 0x00,
    0x00, 0x00, 0x00, 0x3F, 0xD0, 0x00, 0x0B, 0xF4, 0x00, 0x01, 0xFC, 0x00, 0x00, 0x3E, 0x00, 0x00,
    0x00, 0x00, 0x00, 0x3F, 0xFF, 0xFF, 0xE3, 0xFF, 0xFF, 0xFE, 0x3F, 0xFF, 0xFF, 0xE1, 0x55, 0x57,
    0xFC, 0x00, 0x00, 0xBF, 0x40, 0x00, 0x1F, 0xE0, 0x00, 0x03, 0xFC, 0x00, 0x00, 0xFF, 0x00, 0x00,
    0x1F, 0xE0, 0x00, 0x03, 0xFC, 0x00, 0x00, 0xFF, 0x00, 0x00, 0x2F, 0xD0, 0x00, 0x07, 0xF8, 0x00,
    0x00, 0xFF, 0x00, 0x00, 0x2F, 0xD0, 0x00, 0x07, 0xFF, 0xFF, 0xFF, 0x7F, 0xFF, 0xFF, 0xF7, 0xFF,
    0xFF, 0xFF, 0x00, 0x00, 0x00, 0x00, 0x07, 0xFC, 0x00, 0x0F, 0xE0, 0x00, 0x3F, 0x40, 0x00, 0xBC,
    0x00, 0x00, 0x00, 0x00, 0x2A, 0xAA, 0xA8, 0x3F, 0xFF, 0xFD, 0x3F, 0xFF, 0xFD, 0x00, 0x07, 0xFC,
    0x00, 0x0F, 0xF0, 0x00, 0x2F, 0xD0, 0x00, 0x7F, 0x80, 0x00, 0xFF, 0x00, 0x03, 0xFC, 0x00, 0x0B,
    0xF4, 0x00, 0x1F, 0xE0, 0x00, 0x3F, 0xFF, 0xFD, 0x7F, 0xFF, 0xFE, 0x7F, 0xFF, 0xFE, 0x00, 0x00,
    0x00, 0x00, 0x00, 0xFC, 0x00, 0x00, 0x2F, 0xD0, 0x00, 0x02, 0xFD, 0x00, 0x00, 0x06, 0x40, 0x00,
    0x00, 0x00, 0x00, 0x3F, 0xFF, 0xFF, 0xE3, 0xFF, 0xFF, 0xFE, 0x3F, 0xFF, 0xFF, 0xE1, 0x55, 0x57,
    0xFC, 0x00, 0x00, 0xBF, 0x40, 0x00, 0x1F, 0xE0, 0x00, 0x03, 0xFC, 0x00, 0x00, 0xFF, 0x00, 0x00,
    0x1F, 0xE0, 0x00, 0x03, 0xFC, 0x00, 0x00, 0xFF, 0x00, 0x00, 0x2F, 0xD0, 0x00, 0x07, 0xF8, 0x00,
    0x00, 0xFF, 0x00, 0x00, 0x2F, 0xD0, 0x00, 0x07, 0xFF, 0xFF, 0xFF, 0x7F, 0xFF, 0xFF, 0xF7, 0xFF,
    0xFF, 0xFF, 0x00, 0x00, 0x00, 0x00, 0x7E, 0x00, 0x00, 0xFF, 0x00, 0x00, 0xFF, 0x00, 0x00, 0x29,
    0x00, 0x00, 0x00, 0x00, 0x2A, 0xAA, 0xA8, 0x3F, 0xFF, 0xFD, 0x3F, 0xFF, 0xFD, 0x00, 0x07, 0xFC,
    0x00, 0x0F, 0xF0, 0x00, 0x2F, 0xD0, 0x00, 0x7F, 0x80, 0x00, 0xFF, 0x00, 0x03, 0xFC, 0x00, 0x0B,
    0xF4, 0x00, 0x1F, 0xE0, 0x00, 0x3F, 0xFF, 0xFD, 0x7F, 0xFF, 0xFE, 0x7F, 0xFF, 0xFE, 0x00, 0x00,
    0x00, 0x00, 0x7E, 0x02, 0xF4, 0x02, 0xFC, 0xFE, 0x00, 0x0B, 0xFF, 0x80, 0x00, 0x3F, 0xF0, 0x00,
    0x00, 0x00, 0x00, 0x3F, 0xFF, 0xFF, 0xE3, 0xFF, 0xFF, 0xFE, 0x3F, 0xFF, 0xFF, 0xE1, 0x55, 0x57,
    0xFC, 0x00, 0x00, 0xBF, 0x40, 0x00, 0x1F, 0xE0, 0x00, 0x03, 0xFC, 0x00, 0x00, 0xFF, 0x00, 0x00,
    0x1F, 0xE0, 0x00, 0x03, 0xFC, 0x00, 0x00, 0xFF, 0x00, 0x00, 0x2F, 0xD0, 0x00, 0x07, 0xF8, 0x00,
    0x00, 0xFF, 0x00, 0x00, 0x2F, 0xD0, 0x00, 0x07, 0xFF, 0xFF, 0xFF, 0x7F, 0xFF, 0xFF, 0xF7, 0xFF,
    0xFF, 0xFF, 0x00, 0x00, 0x00, 0x2F, 0x80, 0xBD, 0x0B, 0xF3, 0xF8, 0x02, 0xFF, 0xE0, 0x00, 0xFF,
    0x80, 0x00, 0x00, 0x00, 0x2A, 0xAA, 0xA8, 0x3F, 0xFF, 0xFD, 0x3F, 0xFF, 0xFD, 0x00, 0x07, 0xFC,
    0x00, 0x0F, 0xF0, 0x00, 0x2F, 0xD0, 0x00, 0x7F, 0x80, 0x00, 0xFF, 0x00, 0x03, 0xFC, 0x00, 0x0B,
    0xF4, 0x00, 0x1F, 0xE0, 0x00, 0x3F, 0xFF, 0xFD, 0x7F, 0xFF, 0xFE, 0x7F, 0xFF, 0xFE, 0x00, 0x00,
    0x00, 0x7F, 0xFC, 0x1F, 0xFF, 0xC3, 0xFF, 0xF4, 0x3F, 0xC0, 0x03, 0xF8, 0x00, 0x3F, 0x80, 0x03,
    0xF8, 0x00, 0x3F, 0x80, 0x03, 0xF8, 0x00, 0x3F, 0x80, 0x03, 0xF8, 0x00, 0x3F, 0x80, 0x03, 0xF8,
    0x00, 0x3F, 0x80, 0x03, 0xF8, 0x00, 0x3F, 0x80, 0x03, 0xF8, 0x00, 0x3F, 0x80, 0x03, 0xF8, 0x00,
    0x00, 0x00, 0x3F, 0xD0, 0x0B, 0xF0, 0x02, 0xFC, 0x00, 0x7E, 0x00, 0x00, 0x00, 0xBF, 0x80, 0x7F,
    0x40, 0x7F, 0x40, 0x3E, 0x00, 0x00, 0x00, 0x00, 0x00, 0x07, 0xFD, 0x00, 0x7F, 0xFC, 0x03, 0xF1,
    0xFC, 0x3E, 0x00, 0xF8, 0x0B, 0xD0, 0x74, 0xFF, 0xFB, 0xD7, 0xEF, 0xFF, 0x1D, 0x06, 0xE0, 0x2A,
    0xAA, 0x83, 0xFF, 0xFC, 0x3F, 0xFF, 0xC0, 0x00, 0x00, 0x00, 0x3F, 0xFF, 0xFC, 0x3F, 0xFF, 0xFC,
    0x2A, 0xAA, 0xA8, 0x10, 0x00, 0x51, 0xF0, 0x07, 0xC3, 0xFF, 0xFE, 0x07, 0xFF, 0xF0, 0x02, 0xF9,
    0x00, 0x00, 0x02, 0xF8, 0x3F, 0xC3, 0xFC, 0x0A, 0x00, 0x2D, 0x07, 0x87, 0xF0, 0xFD, 0x7F, 0x0F,
    0xC1, 0x40, 0x14, 0x6A, 0x41, 0xFF, 0x81, 0x7F, 0x00, 0xFC, 0x1F, 0xD0, 0x7C, 0x00, 0x00, 0x00,
    0x0B, 0xD0, 0xFF, 0xD3, 0x83, 0xCE, 0x0F, 0x3F, 0xF4, 0x2F, 0x40, 0x00, 0x00, 0x00, 0x3F, 0x8F,
    0xE2, 0xF8, 0xFE, 0x1F, 0x87, 0xE0, 0xB4, 0x3D, 0x00, 0x00, 0x00, 0x00, 0x2F, 0x40, 0xFC, 0x0F,
    0xE7, 0xF4, 0x03, 0xFF, 0xD0, 0x00, 0xFF, 0x80, 0x14, 0x7D, 0x7D, 0x7D, 0x7D, 0x00, 0x14, 0x14,
    0x7C, 0x3D, 0x7C, 0x3D, 0x7C, 0x3D, 0x7C, 0x3D, 0x00, 0x00, 0x00, 0x00, 0x00, 0x3F, 0x8F, 0xD0,
    0x0F, 0xC7, 0xF0, 0x03, 0xE1, 0xF8, 0x00, 0xF0, 0x7C, 0x00, 0x40, 0x00, 0x1F, 0x40, 0x12, 0xF4,
    0x47, 0x8A, 0x2D, 0x3E, 0x5B, 0xC1, 0xFF, 0xF4, 0x06, 0xF8, 0x00, 0x00, 0x10, 0x00, 0xBF, 0xF0,
    0x3F, 0xFF, 0xC7, 0xE5, 0x7E, 0xB4, 0x01, 0xE0, 0x07, 0xD0, 0xFC, 0x0F, 0xC2, 0xF8, 0x3F, 0x87,
    0xF4, 0x15, 0x00, 0x0F, 0xD1, 0xFC, 0x2F, 0xC3, 0xF4, 0x3F, 0x03, 0xE0, 0x14, 0x00, 0x7F, 0x03,
    0xF4, 0x3F, 0x81, 0xFC, 0x0F, 0xC0, 0xBD, 0x01, 0x40, 0x0F, 0xD1, 0xFC, 0x2F, 0xC3, 0xF4, 0x3F,
    0x03, 0xE0, 0x14, 0x00, 0x00, 0x00, 0x0B, 0xF8, 0x00, 0x7F, 0x40, 0x07, 0xF0, 0x00, 0x2F, 0x00,
    0x00, 0x00, 0x03, 0xFC, 0x0F, 0xF0, 0x2F, 0x80, 0x7D, 0x00, 0x00, 0x40, 0x1C, 0x2B, 0xC3, 0xFC,
    0x01, 0xC0, 0x04, 0x10, 0x03, 0x40, 0x3E, 0x83, 0xFC, 0x34, 0x01, 0x00, 0xBF, 0xF9, 0xAA, 0xE0,
    0x03, 0x80, 0x0E, 0x00, 0x38, 0x00, 0xE0, 0x03, 0xF8, 0x1F, 0xD0, 0xFF, 0x0F, 0xF4, 0x7F, 0x40,
    0x40, 0x00, 0x09, 0x3E, 0x78, 0xB4, 0x3D, 0x1D, 0x0A, 0x00, 0xF0, 0x1F, 0x4B, 0xFE, 0x00, 0x00,
    0xBF, 0xE6, 0xF9, 0x0F, 0x00, 0xF0, 0x00, 0x00, 0x00, 0x00, 0xF0, 0x6F, 0x9B, 0xFE, 0x0F, 0x00,
    0xA0, 0x15, 0x4B, 0xFE, 0x00, 0x00, 0x01, 0x50, 0x3F, 0x03, 0xF0, 0x3F, 0x03, 0xF6, 0xFF, 0xBF,
    0xD7, 0xF4, 0x54, 0x0F, 0xC0, 0xFC, 0x0F, 0xC0, 0xFC, 0x0F, 0xF9, 0x7F, 0xE1, 0xFD, 0x04, 0x1F,
    0xDB, 0xF8, 0xFD, 0x04, 0x00, 0x2D, 0x07, 0x87, 0xF0, 0xFD, 0x7F, 0x0F, 0xC1, 0x40, 0x14, 0x0B,
    0xD0, 0xFF, 0xD3, 0x83, 0xCE, 0x0F, 0x3F, 0xF4, 0x2F, 0x40, 0x05, 0x41, 0xFC, 0x2F, 0x43, 0xF0,
    0x28, 0x00, 0x1E, 0x02, 0xF8, 0x07, 0xE0, 0x3F, 0xFF, 0xDB, 0xF4, 0x01, 0x00, 0xF4, 0x3D, 0x07,
    0xC0, 0x7E, 0x53, 0xFE, 0x0B, 0x90, 0x14, 0x7D, 0x7D, 0x7D, 0x7D, 0x00, 0x7F, 0xFF, 0xD7, 0xEA,
    0xBD, 0x70, 0x00, 0xD7, 0x00, 0x0D, 0x10, 0x00, 0x40, 0x50, 0x50, 0x5B, 0x0F, 0x0E, 0x3F, 0xFF,
    0xC0, 0x50, 0x50, 0x00, 0x00, 0x02, 0xF4, 0x0B, 0xD2, 0xF9, 0xFD, 0x03, 0xFF, 0xD0, 0x03, 0xFE,
    0x00, 0x00, 0x00, 0x00, 0x07, 0xFD, 0x00, 0x3F, 0xFC, 0x03, 0xF5, 0xFC, 0x2E, 0x00, 0xF8, 0x10,
    0x00, 0x4B, 0x80, 0x2E, 0x7F, 0xFF, 0xD2, 0xFF, 0xF8, 0x06, 0xF9, 0x00, 0x00, 0x10, 0x00, 0xBF,
    0xF0, 0x3F, 0xFF, 0xC7, 0xE5, 0x7E, 0xB4, 0x01, 0xE0, 0x07, 0xE0, 0x3C, 0x1F, 0xFE, 0xFC, 0x3F,
    0xBF, 0xF4, 0x3C, 0x0B, 0x90, 0x2A, 0xAA, 0x83, 0xFF, 0xFC, 0x3F, 0xFF, 0xC0, 0xBF, 0xFF, 0xFE,
    0xFF, 0xFF, 0xFF, 0x55, 0x55, 0x53, 0xFF, 0xFF, 0xE1, 0x55, 0x55, 0x00, 0x00, 0x00, 0xFF, 0xFF,
    0xFA, 0xAA, 0xAA, 0x90, 0x0B, 0x80, 0xB0, 0xFF, 0xFB, 0xCB, 0xEF, 0xFE, 0x2C, 0x07, 0xD0, 0x00,
    0x00, 0x00, 0x3F, 0xFF, 0xFC, 0x3F, 0xFF, 0xFC, 0x2A, 0xAA, 0xA8, 0x00, 0x00, 0x00, 0x00, 0x00,
    0x3F, 0xFF, 0xFF, 0xFF, 0xFC, 0x3F, 0xFF, 0xFF, 0xFF, 0xFC, 0x15, 0x55, 0x55, 0x55, 0x54, 0x00,
    0x00, 0x00, 0x00, 0x78, 0x00, 0x3F, 0xC0, 0x2F, 0xF4, 0x1F, 0xF8, 0x03, 0xFC, 0x00, 0x2D, 0x00,
    0x00, 0x00, 0x00, 0x00, 0x00, 0x7C, 0x00, 0x00, 0xF8, 0x00, 0x00, 0xF0, 0x00, 0x02, 0xF0, 0x00,
    0x03, 0xD0, 0x00, 0x07, 0xC0, 0x00, 0x0B, 0x80, 0x00, 0x0F, 0x40, 0x00, 0x2F, 0x00, 0x00, 0x3D,
    0x00, 0x00, 0x7C, 0x00, 0x00, 0xB8, 0x00, 0x00, 0xF4, 0x00, 0x01, 0xF0, 0x00, 0x03, 0xE0, 0x00,
    0x07, 0xC0, 0x00, 0x0B, 0xC0, 0x00, 0x0F, 0x40, 0x00, 0x1F, 0x00, 0x00, 0x3E, 0x00, 0x00, 0x14,
    0x00, 0x00, 0x60, 0xBC, 0x2D, 0x1D, 0x7C, 0x74, 0x70, 0x00, 0xD7, 0x00, 0x0D, 0x70, 0x00, 0xD7,
    0xFF, 0xFD, 0x15, 0x55, 0x40, 0x15, 0x55, 0x4B, 0xFF, 0xFE, 0xA0, 0x00, 0xAA, 0x00, 0x0A, 0xBA,
    0xAA, 0xEA, 0xAA, 0xAA, 0x05, 0x05, 0x03, 0xFF, 0xFC, 0xB0, 0xF0, 0xE5, 0x05, 0x05, 0x00, 0x07,
    0x5D, 0x2F, 0x81, 0xF4, 0x7A, 0xD1, 0x04, 0x09, 0x7D, 0xB0, 0x38, 0x2D, 0x0E, 0x7C, 0x50, 0x55,
    0x55, 0x53, 0xFF, 0xFF, 0xE1, 0x55, 0x55, 0x00, 0x00, 0x00, 0xFF, 0xFF, 0xFA, 0xAA, 0xAA, 0x90,
    0x00, 0x00, 0x3F, 0xC0, 0x0F, 0xF0, 0x02, 0xFC, 0x00, 0x7D, 0x00, 0x00, 0x03, 0xFD, 0x0F, 0xF0,
    0x2F, 0xC0, 0x7E, 0x00, 0x1F, 0x80, 0xB0, 0xFF, 0xFB, 0xCB, 0xEF, 0xFD, 0x3C, 0x07, 0xD0, 0x15,
    0x1F, 0xD1, 0xF8, 0x3D, 0x0E, 0x00, 0x00, 0x00, 0x05, 0x50, 0x01, 0xE1, 0xFE, 0x28, 0x3F, 0x1F,
    0xCB, 0xE3, 0xF2, 0xF4, 0xBE, 0x04, 0x3E, 0x01, 0x40, 0xA8, 0x3F, 0x0F, 0xD3, 0xFD, 0x7F, 0x40,
    0x00, 0x00, 0x00, 0x7F, 0xFF, 0xFD, 0x79, 0x55, 0x6D, 0x70, 0x00, 0x0D, 0x70, 0x00, 0x0D, 0x00,
    0x00, 0x00, 0x55, 0x55, 0x53, 0xFF, 0xFF, 0xE1, 0x55, 0x55, 0x00, 0x00, 0x00, 0xFF, 0xFF, 0xFA,
    0xAA, 0xAA, 0x90, 0x14, 0x14, 0x7C, 0x3D, 0x7C, 0x3D, 0x7C, 0x3D, 0x7C, 0x3D, 0x00, 0x00, 0x2A,
    0x87, 0xFD, 0x01, 0xD0, 0x1D, 0x01, 0xD0, 0x00, 0x00, 0x00, 0x13, 0x84, 0x2F, 0xF5, 0xD7, 0xAF,
    0xFC, 0x72, 0xEE, 0x00, 0x14, 0x00, 0x00, 0xA0, 0x00, 0x1F, 0x40, 0x01, 0xF4, 0x00, 0x55, 0x09,
    0x3F, 0xE6, 0xD7, 0xFF, 0xFC, 0xB0, 0x2F, 0x40, 0x0F, 0x00, 0x02, 0xF8, 0x00, 0x1F, 0x40, 0x00,
    0x00, 0x00, 0x05, 0x40, 0x82, 0xFF, 0x7C, 0x39, 0xBF, 0x81, 0x00, 0x40, 0x1F, 0xD1, 0xD3, 0xFF,
    0xFC, 0x34, 0x2E, 0x00, 0x00, 0x00, 0x00, 0x20, 0x80, 0x1F, 0xAF, 0x43, 0xFF, 0xFC, 0x0A, 0x0A,
    0x00, 0x00, 0x00, 0x00, 0x00, 0xF0, 0x3F, 0xC0, 0xF0, 0x0F, 0x00, 0xF0, 0xFF, 0x03, 0xFC, 0x0F,
    0xFE, 0x90, 0x1A, 0x40, 0x6B, 0xD0, 0x00, 0x00, 0x00, 0x7D, 0x00, 0x5A, 0x50, 0x07, 0x00, 0x15,
    0x05, 0x40, 0x00, 0x06, 0x00, 0x09, 0x00, 0x01, 0x40, 0x00, 0x14, 0x0D, 0x14, 0x00, 0x01, 0x47,
    0xD2, 0x00, 0x00, 0x08, 0x7D, 0x20, 0x00, 0x00, 0x87, 0xD0, 0x00, 0x00, 0x04, 0x70, 0x28, 0x00,
    0x01, 0x80, 0x00, 0x50, 0x00, 0x50, 0x00, 0x05, 0x40, 0x15, 0x00, 0xD0, 0x09, 0xA6, 0x00, 0x7D,
    0x00, 0x00, 0x00, 0x07, 0xE5, 0x01, 0x54, 0x05, 0xBF, 0xF0, 0x3F, 0xC0, 0xFF, 0x20, 0x0F, 0x80,
    0x7C, 0x7F, 0x38, 0x00, 0x00, 0x00, 0x1E, 0x3E, 0x78, 0x3C, 0x2E, 0x05, 0x00, 0x50, 0x00, 0xBF,
    0xE0, 0x2F, 0xFF, 0x83, 0xC0, 0x3C, 0x75, 0xF5, 0xD0, 0x2F, 0x80, 0x00, 0xB0, 0x00, 0x00, 0x03,
    0x5C, 0x2F, 0xC1, 0xF4, 0x3E, 0xC0, 0x04, 0x01, 0xCB, 0xE3, 0xD0, 0xBE, 0x01, 0xC0, 0x34, 0x0B,
    0xD0, 0x7C, 0xBE, 0x34, 0x00, 0xA0, 0x06, 0x07, 0xE0, 0xF8, 0x0F, 0x8E, 0xC7, 0xE2, 0xCD, 0xA0,
    0x34, 0xA0, 0x00, 0x78, 0x3E, 0x0F, 0x2E, 0x7C, 0x20, 0x00, 0x0F, 0xCB, 0xF6, 0xFD, 0x19, 0x00,
    0x00, 0x00, 0xF0, 0x7F, 0xD6, 0xF9, 0x2F, 0x81, 0x54, 0x00, 0x00, 0x03, 0xFF, 0xFC, 0xB0, 0xF0,
    0xEE, 0x0A, 0x0B, 0xB5, 0xF5, 0xE2, 0xF5, 0xF8, 0x14, 0x03, 0x40, 0x3F, 0xC1, 0x6C, 0x02, 0x80,
    0x00, 0xBC, 0x00, 0x00, 0x00, 0x3E, 0x3F, 0x80, 0x00, 0x02, 0xFC, 0x0F, 0xFE, 0x96, 0xBF, 0xF0,
    0x02, 0xFF, 0xFF, 0xFF, 0x80, 0x00, 0x1B, 0xFF, 0xE4, 0x00, 0xBC, 0x00, 0x00, 0x00, 0x3E, 0x3F,
    0x80, 0x00, 0x02, 0xFC, 0x0F, 0xFE, 0x96, 0xBF, 0xF0, 0x02, 0xFF, 0xFF, 0xFF, 0x80, 0x00, 0x1B,
    0xFF, 0xE4, 0x00, 0x7F, 0xFF, 0xFF, 0xFD, 0x6A, 0xAA, 0xAA, 0xA9, 0x7F, 0xFF, 0xFF, 0xFD, 0x6A,
    0xAA, 0xAA, 0xA9, 0x0B, 0xFF, 0x94, 0x00, 0x1F, 0x3F, 0xFF, 0xFF, 0xFA, 0xFE, 0xBE, 0x6A, 0xFF,
    0xFF, 0xFC, 0xB0, 0x00, 0x05, 0xAF, 0x90, 0x00, 0x06, 0xFF, 0xA4, 0x00, 0x01, 0xFF, 0xFF, 0xFF,
    0x40, 0x0F, 0xFF, 0xAA, 0xFF, 0xF0, 0x3F, 0x90, 0x00, 0x07, 0xFC, 0xBD, 0x00, 0x00, 0x00, 0x7E,
    0x00, 0x00, 0x00, 0x00, 0x00, 0x00, 0x00, 0x00, 0x00, 0x00, 0x00, 0x00, 0x00, 0x00, 0x0C, 0x06,
    0xAA, 0xAA, 0xAA, 0xAF, 0xD1, 0xFF, 0xFF, 0xFF, 0xFF, 0xFC, 0x00, 0x00, 0x00, 0x00, 0x78, 0x00,
    0x00, 0x00, 0x00, 0x04, 0x00, 0x00, 0x02, 0xFD, 0x00, 0xF2, 0xFF, 0xB4, 0xFB, 0xAF, 0x19, 0x10,
    0x00, 0x00, 0xBF, 0x47, 0x4B, 0x2F, 0xFC, 0x74, 0x00, 0xFA, 0x80, 0x69, 0x00, 0x02, 0xC1, 0x2C,
    0xB2, 0xCB, 0x2C, 0x60, 0x00, 0x00, 0xBF, 0x07, 0x4F, 0x2C, 0x2C, 0xB0, 0xB0, 0xFB, 0x80, 0xA4,
    0x00, 0xB0, 0xB2, 0xC2, 0xCB, 0x0B, 0x2C, 0x3C, 0x7E, 0xF0, 0x64, 0x80, 0x00, 0x00, 0xFE, 0x3D,
    0x03, 0x80, 0x38, 0x02, 0xEA, 0x06, 0x80, 0x00, 0x00, 0x0B, 0x00, 0xB3, 0xFF, 0xB4, 0xFF, 0x0B,
    0xB0, 0xB7, 0xEF, 0x19, 0x20, 0x00, 0x02, 0xC0, 0x0B, 0x00, 0x2E, 0xF8, 0xB8, 0xF2, 0xC2, 0xCB,
    0x0B, 0x2C, 0x2C, 0x60, 0x60, 0x00, 0x00, 0x07, 0xBE, 0xBD, 0x78, 0xF8, 0xF7, 0x4B, 0x0F, 0x74,
    0xB0, 0xF7, 0x4B, 0x0F, 0x20, 0x60, 0x50, 0x00, 0x1D, 0xE7, 0xD1, 0xD0, 0x74, 0x1D, 0x02, 0x00,
    0x00, 0x0A, 0x0B, 0xF4, 0xE0, 0x38, 0x0E, 0x03, 0xE4, 0x28, 0xB0, 0x75, 0xD3, 0xC3, 0x8D, 0x07,
    0xB0, 0x0F, 0x80, 0x18, 0x00, 0x2D, 0x3C, 0x0F, 0xB0, 0x03, 0xE0, 0x0B, 0xF0, 0x1E, 0x38, 0x14,
    0x18, 0xBF, 0x00, 0x0F, 0xF0, 0x00, 0xFF, 0x00, 0x0F, 0xF0, 0x00, 0xFF, 0x00, 0x0F, 0xF0, 0x00,
    0xFF, 0x00, 0x0F, 0xFF, 0xFC, 0xFF, 0xFF, 0xCF, 0xFF, 0xFC, 0xFF, 0x55, 0x4F, 0xF0, 0x00, 0xFF,
    0x00, 0x0F, 0xF0, 0x00, 0xFF, 0x00, 0x0F, 0xF0, 0x00, 0xFF, 0x00, 0x0F, 0xF0, 0x00, 0x2A, 0x40,
    0x0F, 0xE0, 0x03, 0xF8, 0x00, 0xFE, 0x00, 0x3F, 0x80, 0x0F, 0xF5, 0x53, 0xFF, 0xFC, 0xFF, 0xFF,
    0x3F, 0xD5, 0x4F, 0xE0, 0x03, 0xF8, 0x00, 0xFE, 0x00, 0x3F, 0x80, 0x0F, 0xE0, 0x00, 0x7F, 0xFF,
    0xFF, 0xFF, 0xEF, 0xFF, 0xFF, 0xFF, 0xFB, 0xFF, 0xFF, 0xFF, 0xFE, 0xFD, 0x5F, 0xE5, 0xBF, 0xBF,
    0x03, 0xF8, 0x2F, 0xEF, 0xC0, 0xFE, 0x0B, 0xFB, 0xF0, 0x3F, 0x82, 0xFE, 0xFC, 0x0F, 0xE0, 0xBF,
    0xBF, 0x03, 0xF8, 0x2F, 0xEF, 0xC0, 0xFE, 0x07, 0xF0, 0x00, 0x3F, 0x80, 0x00, 0x00, 0x0F, 0xE0,
    0x00, 0x00, 0x03, 0xF8, 0x00, 0x00, 0x00, 0xFE, 0x00, 0x00, 0x00, 0x3F, 0x80, 0x00, 0x00, 0x0F,
    0xE0, 0x00, 0x00, 0x03, 0xF8, 0x00, 0x00, 0x00, 0xFE, 0x00, 0x00, 0x3F, 0xFF, 0xFF, 0xF4, 0xFF,
    0xFF, 0xFF, 0xD3, 0xFF, 0xFF, 0xFF, 0x4F, 0xC3, 0xF8, 0xFD, 0x3F, 0x0F, 0xE3, 0xF4, 0xFC, 0x3F,
    0x8F, 0xD2, 0xA0, 0xFE, 0x2A, 0x00, 0x03, 0xF8, 0x00, 0x00, 0x0F, 0xE0, 0x00, 0x00, 0x3F, 0x80,
    0x00, 0x00, 0xFE, 0x00, 0x00, 0x03, 0xF8, 0x00, 0x00, 0x0F, 0xE0, 0x00, 0x00, 0x3F, 0x80, 0x00,
    0x00, 0xFE, 0x00, 0x00, 0x03, 0xF8, 0x00, 0x00, 0x0F, 0xE0, 0x00, 0x00, 0x3F, 0x80, 0x00, 0x00,
    0xFE, 0x00, 0x00, 0x00, 0x03, 0xFD, 0x3F, 0x87, 0xF0, 0xBD, 0x06, 0x80, 0x01, 0xF0, 0x0F, 0xC0,
    0xFE, 0x07, 0xF4, 0x3F, 0xC0, 0xBE, 0x00, 0x01, 0xFF, 0x7F, 0x80, 0x00, 0xFF, 0xDF, 0xE0, 0x00,
    0xBF, 0xF7, 0xF8, 0x00, 0x3F, 0xFD, 0xFE, 0x00, 0x3F, 0xFF, 0x7F, 0x80, 0x1F, 0xDF, 0xDF, 0xE0,
    0x0F, 0xF3, 0xF7, 0xF8, 0x0B, 0xF0, 0xFD, 0xFE, 0x07, 0xF8, 0x3F, 0x7F, 0x83, 0xFC, 0x0F, 0xDF,
    0xE2, 0xFD, 0x03, 0xF7, 0xF8, 0xFE, 0x00, 0xFD, 0xFE, 0xBF, 0x00, 0x3F, 0x7F, 0xFF, 0x80, 0x0F,
    0xDF, 0xFF, 0xC0, 0x03, 0xF7, 0xFF, 0xD0, 0x00, 0xFD, 0xFF, 0xE0, 0x00, 0x3F, 0x7F, 0xF0, 0x00,
    0x0F, 0xD0, 0x2A, 0x40, 0x06, 0xA8, 0x3F, 0x80, 0x0F, 0xFC, 0x3F, 0x80, 0x3F, 0xFC, 0x3F, 0x80,
    0x7F, 0xFC, 0x3F, 0x80, 0xFF, 0xFC, 0x3F, 0x83, 0xFD, 0xFC, 0x3F, 0x87, 0xF5, 0xFC, 0x3F, 0x4F,
    0xE2, 0xFC, 0x3F, 0x7F, 0xC2, 0xFC, 0x3F, 0xFF, 0x42, 0xFC, 0x3F, 0xFE, 0x02, 0xFC, 0x3F, 0xFC,
    0x02, 0xFC, 0x3F, 0xF4, 0x02, 0xFC, 0x3F, 0xE0, 0x02, 0xFC, 0x2A, 0x03, 0xF0, 0x3F, 0x43, 0xFD,
    0x1F, 0xD0, 0x1B, 0xFE, 0x00, 0x3F, 0xFF, 0xE0, 0x2F, 0xFF, 0xF4, 0x19, 0x1B, 0xFC, 0x00, 0x03,
    0xFD, 0x00, 0x01, 0xFE, 0x00, 0x01, 0xFE, 0x00, 0x01, 0xFE, 0x00, 0x01, 0xFE, 0x00, 0x02, 0xFD,
    0x24, 0x07, 0xFC, 0x3F, 0xFF, 0xF8, 0x3F, 0xFF, 0xE0, 0x2F, 0xFF, 0x40, 0x00, 0x00, 0x00, 0x00,
    0xBF, 0xE4, 0x0B, 0xFF, 0xFC, 0x1F, 0xFF, 0xF8, 0x3F, 0xE0, 0x60, 0x7F, 0x80, 0x00, 0xBF, 0x0B,
    0xD0, 0xFF, 0x0F, 0xF0, 0xFF, 0x0F, 0xE0, 0xFF, 0x06, 0x80, 0xBF, 0x40, 0x00, 0x7F, 0xC0, 0x18,
    0x3F, 0xFF, 0xFC, 0x0F, 0xFF, 0xFC, 0x02, 0xFF, 0xF4, 0x00, 0x00, 0x00, 0x1B, 0xFE, 0x00, 0x3F,
    0xFF, 0xE0, 0x2F, 0xFF, 0xF4, 0x19, 0x1B, 0xFC, 0x00, 0x03, 0xFD, 0x0B, 0xD1, 0xFE, 0x0F, 0xF1,
    0xFE, 0x0F, 0xF1, 0xFE, 0x02, 0x81, 0xFE, 0x00, 0x02, 0xFD, 0x24, 0x07, 0xFC, 0x3F, 0xFF, 0xF8,
    0x3F, 0xFF, 0xE0, 0x2F, 0xFF, 0x40, 0x00, 0x00, 0x00, 0x0B, 0x81, 0xFE, 0x2F, 0xE0, 0xFD, 0x00,
    0x00, 0x00, 0x00, 0x00, 0x00, 0x00, 0x00, 0x00, 0x00, 0x00, 0xFD, 0x0F, 0xD1, 0xFC, 0x2F, 0x83,
    0xF0, 0x3F, 0x00, 0x00, 0x00, 0xBF, 0x00, 0x3F, 0xC0, 0x0F, 0xF0, 0x03, 0xFC, 0x00, 0xFF, 0x00,
    0x3F, 0xC0, 0x0F, 0xF0, 0x03, 0xFC, 0x00, 0xFF, 0x00, 0x3F, 0xC0, 0x0F, 0xF0, 0x03, 0xFC, 0x00,
    0xFF, 0x00, 0x3F, 0xC0, 0x0F, 0xF0, 0x03, 0xFC, 0x00, 0xFF, 0x00, 0x3F, 0xC0, 0x0F, 0xF0, 0x0B,
    0xF8, 0xFF, 0xFD, 0x3F, 0xFE, 0x0F, 0xFD, 0x00, 0x00, 0x00, 0x15, 0x43, 0xFC, 0x7F, 0x0B, 0xD0,
    0xF8, 0x00, 0x00, 0x05, 0x50, 0x02, 0x82, 0xFD, 0x78, 0xBF, 0x3F, 0x8F, 0xD7, 0xE3, 0xF0, 0xFC,
    0x14, 0x7D, 0x01, 0x00, 0x15, 0x40, 0x7F, 0xE0, 0x00, 0x3F, 0xC0, 0xBF, 0xF0, 0x00, 0x3F, 0x40,
    0xFF, 0xF4, 0x00, 0x7E, 0x01, 0xFE, 0xFC, 0x00, 0xB8, 0x02, 0xFD, 0xFC, 0x00, 0x00, 0x03, 0xF8,
    0xFD, 0x00, 0x00, 0x07, 0xF4, 0xFF, 0x00, 0x00, 0x0B, 0xF0, 0x7F, 0x00, 0x00, 0x0F, 0xE0, 0x3F,
    0x80, 0x00, 0x1F, 0xD0, 0x3F, 0xC0, 0x00, 0x3F, 0xD5, 0x7F, 0xC0, 0x00, 0x3F, 0xFF, 0xFF, 0xE0,
    0x00, 0x7F, 0xFF, 0xFF, 0xF0, 0x00, 0xFF, 0xFF, 0xFF, 0xF4, 0x00, 0xFF, 0x00, 0x07, 0xF8, 0x02,
    0xFE, 0x00, 0x03, 0xFC, 0x03, 0xFC, 0x00, 0x02, 0xFD, 0x03, 0xFC, 0x00, 0x01, 0xFE, 0x2E, 0x2F,
    0xEB, 0xF9, 0xFD, 0x04, 0x00, 0x15, 0x40, 0xFF, 0xFF, 0xF0, 0xFF, 0x03, 0xFF, 0xFF, 0xC3, 0xF4,
    0x0F, 0xFF, 0xFF, 0x1F, 0x80, 0x3F, 0x95, 0x54, 0xB8, 0x00, 0xFE, 0x00, 0x00, 0x00, 0x03, 0xF8,
    0x00, 0x00, 0x00, 0x0F, 0xE0, 0x00, 0x00, 0x00, 0x3F, 0xFF, 0xF8, 0x00, 0x00, 0xFF, 0xFF, 0xE0,
    0x00, 0x03, 0xFF, 0xFF, 0x80, 0x00, 0x0F, 0xE5, 0x54, 0x00, 0x00, 0x3F, 0x80, 0x00, 0x00, 0x00,
    0xFE, 0x00, 0x00, 0x00, 0x03, 0xF8, 0x00, 0x00, 0x00, 0x0F, 0xE0, 0x00, 0x00, 0x00, 0x3F, 0xFF,
    0xFC, 0x00, 0x00, 0xFF, 0xFF, 0xF0, 0x00, 0x03, 0xFF, 0xFF, 0xC0, 0x15, 0x40, 0xFE, 0x00, 0x07,
    0xF4, 0xFF, 0x03, 0xF8, 0x00, 0x1F, 0xD3, 0xF4, 0x0F, 0xE0, 0x00, 0x7F, 0x5F, 0x80, 0x3F, 0x80,
    0x01, 0xFD, 0xB8, 0x00, 0xFE, 0x00, 0x07, 0xF4, 0x00, 0x03, 0xF8, 0x00, 0x1F, 0xD0, 0x00, 0x0F,
    0xE0, 0x00, 0x7F, 0x40, 0x00, 0x3F, 0xFF, 0xFF, 0xFD, 0x00, 0x00, 0xFF, 0xFF, 0xFF, 0xF4, 0x00,
    0x03, 0xFF, 0xFF, 0xFF, 0xD0, 0x00, 0x0F, 0xE5, 0x55, 0xBF, 0x40, 0x00, 0x3F, 0x80, 0x01, 0xFD,
    0x00, 0x00, 0xFE, 0x00, 0x07, 0xF4, 0x00, 0x03, 0xF8, 0x00, 0x1F, 0xD0, 0x00, 0x0F, 0xE0, 0x00,
    0x7F, 0x40, 0x00, 0x3F, 0x80, 0x01, 0xFD, 0x00, 0x00, 0xFE, 0x00, 0x07, 0xF4, 0x00, 0x03, 0xF8,
    0x00, 0x1F, 0xD0, 0x15, 0x43, 0xFF, 0xFC, 0xFF, 0x0F, 0xFF, 0xF3, 0xF4, 0x2F, 0xFF, 0x5F, 0x80,
    0x0F, 0xF0, 0xB8, 0x00, 0x3F, 0xC0, 0x00, 0x00, 0xFF, 0x00, 0x00, 0x03, 0xFC, 0x00, 0x00, 0x0F,
    0xF0, 0x00, 0x00, 0x3F, 0xC0, 0x00, 0x00, 0xFF, 0x00, 0x00, 0x03, 0xFC, 0x00, 0x00, 0x0F, 0xF0,
    0x00, 0x00, 0x3F, 0xC0, 0x00, 0x00, 0xFF, 0x00, 0x00, 0x03, 0xFC, 0x00, 0x00, 0x7F, 0xFD, 0x00,
    0x03, 0xFF, 0xFC, 0x00, 0x0F, 0xFF, 0xF0, 0x00, 0x00, 0x00, 0x00, 0x00, 0x00, 0x55, 0x00, 0x1F,
    0xFF, 0x90, 0x03, 0xFC, 0x07, 0xFF, 0xFF, 0xE0, 0x0F, 0xD0, 0x7F, 0xFF, 0xFF, 0xE0, 0x7E, 0x03,
    0xFF, 0x40, 0xBF, 0xD2, 0xE0, 0x1F, 0xF0, 0x00, 0x7F, 0xC0, 0x00, 0xFF, 0x40, 0x00, 0xFF, 0x40,
    0x03, 0xFC, 0x00, 0x02, 0xFD, 0x00, 0x0F, 0xF0, 0x00, 0x07, 0xF8, 0x00, 0x7F, 0xC0, 0x00, 0x1F,
    0xE0, 0x01, 0xFF, 0x00, 0x00, 0x7F, 0x80, 0x03, 0xFC, 0x00, 0x01, 0xFE, 0x00, 0x0F, 0xF0, 0x00,
    0x0B, 0xF8, 0x00, 0x3F, 0xD0, 0x00, 0x3F, 0xD0, 0x00, 0xBF, 0xC0, 0x01, 0xFF, 0x00, 0x00, 0xFF,
    0xD0, 0x2F, 0xF4, 0x00, 0x01, 0xFF, 0xFF, 0xFF, 0xC0, 0x00, 0x01, 0xFF, 0xFF, 0xFC, 0x00, 0x00,
    0x00, 0xBF, 0xFF, 0x40, 0x00, 0x00, 0x00, 0x00, 0x00, 0x00, 0x15, 0x43, 0xFC, 0x00, 0x0F, 0xF0,
    0xFF, 0x0B, 0xF8, 0x00, 0x7F, 0x83, 0xF4, 0x0F, 0xF0, 0x03, 0xFC, 0x1F, 0x80, 0x1F, 0xE0, 0x1F,
    0xE0, 0xB8, 0x00, 0x3F, 0xC0, 0xFF, 0x00, 0x00, 0x00, 0x7F, 0x87, 0xF8, 0x00, 0x00, 0x00, 0xFF,
    0x3F, 0xC0, 0x00, 0x00, 0x01, 0xFF, 0xFD, 0x00, 0x00, 0x00, 0x03, 0xFF, 0xF0, 0x00, 0x00, 0x00,
    0x03, 0xFF, 0x40, 0x00, 0x00, 0x00, 0x0B, 0xFC, 0x00, 0x00, 0x00, 0x00, 0x1F, 0xE0, 0x00, 0x00,
    0x00, 0x00, 0x7F, 0x80, 0x00, 0x00, 0x00, 0x01, 0xFE, 0x00, 0x00, 0x00, 0x00, 0x07, 0xF8, 0x00,
    0x00, 0x00, 0x00, 0x1F, 0xE0, 0x00, 0x00, 0x00, 0x00, 0x7F, 0x80, 0x00, 0x00, 0x00, 0x01, 0xFE,
    0x00, 0x00, 0x00, 0x00, 0x00, 0x00, 0x00, 0x00, 0x55, 0x00, 0x2F, 0xFF, 0x80, 0x03, 0xFC, 0x07,
    0xFF, 0xFF, 0xD0, 0x0F, 0xD0, 0xBF, 0xFF, 0xFF, 0xD0, 0x7E, 0x07, 0xFE, 0x41, 0xFF, 0xC2, 0xE0,
    0x3F, 0xE0, 0x00, 0xBF, 0x80, 0x00, 0xFF, 0x00, 0x00, 0xFF, 0x00, 0x07, 0xF8, 0x00, 0x02, 0xFD,
    0x00, 0x2F, 0xD0, 0x00, 0x0B, 0xF4, 0x00, 0xBF, 0x40, 0x00, 0x1F, 0xD0, 0x01, 0xFD, 0x00, 0x00,
    0xBF, 0x40, 0x03, 0xF8, 0x00, 0x02, 0xFC, 0x00, 0x0F, 0xF0, 0x00, 0x0F, 0xF0, 0x00, 0x1F, 0xD0,
    0x00, 0xBF, 0x00, 0x00, 0x2F, 0xD0, 0x07, 0xF4, 0x00, 0x00, 0x2F, 0xD0, 0xBF, 0x80, 0x00, 0x2F,
    0xFF, 0x83, 0xFF, 0xF8, 0x00, 0xBF, 0xFE, 0x0F, 0xFF, 0xE0, 0x02, 0xFF, 0xF8, 0x3F, 0xFF, 0x80,
    0x00, 0x05, 0x50, 0x02, 0xD1, 0xFE, 0x28, 0x3F, 0x2F, 0xCB, 0xE3, 0xF3, 0xF4, 0xBE, 0x04, 0x3E,
    0x01, 0x40, 0x00, 0x00, 0x00, 0x00, 0xA9, 0x00, 0x00, 0x0F, 0xE0, 0x00, 0x00, 0xFE, 0x00, 0x00,
    0x0F, 0xE0, 0x00, 0x00, 0xFE, 0x00, 0x00, 0x0F, 0xE0, 0x00, 0x00, 0xFE, 0x00, 0x00, 0x0F, 0xE0,
    0x00, 0x00, 0xFE, 0x00, 0x00, 0x0F, 0xE0, 0x00, 0x00, 0xFF, 0x00, 0x00, 0x0F, 0xFF, 0xC0, 0x00,
    0x7F, 0xFC, 0x00, 0x01, 0xFF, 0xC0, 0x00, 0x00, 0x00, 0x00, 0x00, 0x0F, 0xFC, 0x00, 0x00, 0x00,
    0xFF, 0xD0, 0x00, 0x00, 0x2F, 0xFF, 0x00, 0x00, 0x03, 0xFB, 0xF0, 0x00, 0x00, 0x7F, 0x3F, 0x80,
    0x00, 0x0B, 0xF2, 0xFC, 0x00, 0x00, 0xFE, 0x1F, 0xC0, 0x00, 0x1F, 0xD0, 0xFE, 0x00, 0x02, 0xFC,
    0x0F, 0xF0, 0x00, 0x3F, 0xC0, 0x7F, 0x40, 0x07, 0xF9, 0x5B, 0xF8, 0x00, 0xBF, 0xFF, 0xFF, 0xC0,
    0x0F, 0xFF, 0xFF, 0xFD, 0x01, 0xFF, 0xFF, 0xFF, 0xE0, 0x3F, 0xD0, 0x00, 0xFF, 0x03, 0xFC, 0x00,
    0x0B, 0xF4, 0x7F, 0x80, 0x00, 0x7F, 0xCF, 0xF4, 0x00, 0x03, 0xFC, 0xBF, 0xFF, 0x90, 0x0F, 0xFF,
    0xFF, 0xE0, 0xFF, 0xFF, 0xFF, 0x4F, 0xF0, 0x1F, 0xFC, 0xFF, 0x00, 0x3F, 0xCF, 0xF0, 0x03, 0xFC,
    0xFF, 0x00, 0xBF, 0x8F, 0xFA, 0xBF, 0xE0, 0xFF, 0xFF, 0xF8, 0x0F, 0xFF, 0xFF, 0xF0, 0xFF, 0x01,
    0xBF, 0xCF, 0xF0, 0x03, 0xFC, 0xFF, 0x00, 0x2F, 0xDF, 0xF0, 0x03, 0xFD, 0xFF, 0x00, 0xBF, 0xCF,
    0xFF, 0xFF, 0xF8, 0xFF, 0xFF, 0xFE, 0x0F, 0xFF, 0xFE, 0x40, 0xBF, 0xFF, 0xFF, 0xFF, 0xFF, 0xFF,
    0xFF, 0xFF, 0xF5, 0x54, 0xFF, 0x00, 0x0F, 0xF0, 0x00, 0xFF, 0x00, 0x0F, 0xF0, 0x00, 0xFF, 0x00,
    0x0F, 0xF0, 0x00, 0xFF, 0x00, 0x0F, 0xF0, 0x00, 0xFF, 0x00, 0x0F, 0xF0, 0x00, 0xFF, 0x00, 0x0F,
    0xF0, 0x00, 0xFF, 0x00, 0x0F, 0xF0, 0x00, 0x00, 0x0F, 0xFC, 0x00, 0x00, 0x07, 0xFF, 0x00, 0x00,
    0x03, 0xFF, 0xE0, 0x00, 0x00, 0xFE, 0xFC, 0x00, 0x00, 0xBF, 0x3F, 0x40, 0x00, 0x3F, 0x8F, 0xE0,
    0x00, 0x1F, 0xD2, 0xFC, 0x00, 0x0B, 0xF0, 0x3F, 0x40, 0x03, 0xF8, 0x0F, 0xF0, 0x01, 0xFD, 0x02,
    0xFC, 0x00, 0xFF, 0x00, 0x3F, 0x80, 0x3F, 0x80, 0x0F, 0xF0, 0x1F, 0xD0, 0x02, 0xFC, 0x0F, 0xF0,
    0x00, 0x7F, 0x83, 0xFC, 0x00, 0x0F, 0xF2, 0xFF, 0xFF, 0xFF, 0xFD, 0xFF, 0xFF, 0xFF, 0xFF, 0xBF,
    0xFF, 0xFF, 0xFF, 0xE0, 0xBF, 0xFF, 0xF7, 0xFF, 0xFF, 0xEF, 0xFF, 0xFF, 0xBF, 0xD5, 0x54, 0xFF,
    0x00, 0x03, 0xFC, 0x00, 0x0F, 0xF0, 0x00, 0x3F, 0xFF, 0xFC, 0xFF, 0xFF, 0xF3, 0xFF, 0xFF, 0xCF,
    0xF5, 0x55, 0x3F, 0xC0, 0x00, 0xFF, 0x00, 0x03, 0xFC, 0x00, 0x0F, 0xF0, 0x00, 0x3F, 0xFF, 0xFE,
    0xFF, 0xFF, 0xFB, 0xFF, 0xFF, 0xE0, 0x3F, 0xFF, 0xFF, 0xE3, 0xFF, 0xFF, 0xFE, 0x3F, 0xFF, 0xFF,
    0xE1, 0x55, 0x57, 0xFC, 0x00, 0x00, 0xBF, 0x40, 0x00, 0x1F, 0xE0, 0x00, 0x03, 0xFC, 0x00, 0x00,
    0xFF, 0x00, 0x00, 0x1F, 0xE0, 0x00, 0x03, 0xFC, 0x00, 0x00, 0xFF, 0x00, 0x00, 0x2F, 0xD0, 0x00,
    0x07, 0xF8, 0x00, 0x00, 0xFF, 0x00, 0x00, 0x2F, 0xD0, 0x00, 0x07, 0xFF, 0xFF, 0xFF, 0x7F, 0xFF,
    0xFF, 0xF7, 0xFF, 0xFF, 0xFF, 0xBF, 0x00, 0x03, 0xFB, 0xFC, 0x00, 0x0F, 0xFF, 0xF0, 0x00, 0x3F,
    0xFF, 0xC0, 0x00, 0xFF, 0xFF, 0x00, 0x03, 0xFF, 0xFC, 0x00, 0x0F, 0xFF, 0xF0, 0x00, 0x3F, 0xFF,
    0xFF, 0xFF, 0xFF, 0xFF, 0xFF, 0xFF, 0xFF, 0xFF, 0xFF, 0xFF, 0xFF, 0xF5, 0x55, 0x7F, 0xFF, 0xC0,
    0x00, 0xFF, 0xFF, 0x00, 0x03, 0xFF, 0xFC, 0x00, 0x0F, 0xFF, 0xF0, 0x00, 0x3F, 0xFF, 0xC0, 0x00,
    0xFF, 0xFF, 0x00, 0x03, 0xFF, 0xFC, 0x00, 0x0F, 0xF0, 0x00, 0x00, 0x00, 0x00, 0x00, 0x02, 0xFF,
    0xF8, 0x00, 0x02, 0xFF, 0xFF, 0xF4, 0x00, 0xBF, 0xFF, 0xFF, 0xD0, 0x1F, 0xF8, 0x07, 0xFF, 0x03,
    0xFE, 0x00, 0x0F, 0xF8, 0x3F, 0xC0, 0x00, 0x7F, 0xC7, 0xF8, 0x00, 0x03, 0xFC, 0xBF, 0x8A, 0xAA,
    0x3F, 0xDB, 0xF4, 0xFF, 0xF2, 0xFD, 0xBF, 0x4F, 0xFF, 0x2F, 0xDB, 0xF4, 0x55, 0x52, 0xFD, 0x7F,
    0x80, 0x00, 0x3F, 0xC3, 0xFC, 0x00, 0x03, 0xFC, 0x3F, 0xE0, 0x00, 0xBF, 0x81, 0xFF, 0x80, 0x2F,
    0xF0, 0x0B, 0xFF, 0xFF, 0xFD, 0x00, 0x2F, 0xFF, 0xFF, 0x80, 0x00, 0x6F, 0xFF, 0x80, 0x00, 0x00,
    0x00, 0x00, 0x00, 0x3F, 0xFF, 0xCF, 0xFF, 0xF2, 0xFF, 0xF4, 0x0F, 0xF0, 0x03, 0xFC, 0x00, 0xFF,
    0x00, 0x3F, 0xC0, 0x0F, 0xF0, 0x03, 0xFC, 0x00, 0xFF, 0x00, 0x3F, 0xC0, 0x0F, 0xF0, 0x03, 0xFC,
    0x00, 0xFF, 0x00, 0x3F, 0xC0, 0x7F, 0xFD, 0x3F, 0xFF, 0xCF, 0xFF, 0xF0, 0xBF, 0x00, 0x0F, 0xF3,
    0xFC, 0x00, 0xBF, 0x4F, 0xF0, 0x0B, 0xF8, 0x3F, 0xC0, 0x7F, 0xC0, 0xFF, 0x03, 0xFC, 0x03, 0xFC,
    0x3F, 0xD0, 0x0F, 0xF2, 0xFE, 0x00, 0x3F, 0xDF, 0xE0, 0x00, 0xFF, 0xFF, 0x80, 0x03, 0xFF, 0xFF,
    0x00, 0x0F, 0xFE, 0xFF, 0x00, 0x3F, 0xD2, 0xFE, 0x00, 0xFF, 0x03, 0xFC, 0x03, 0xFC, 0x0B, 0xFC,
    0x0F, 0xF0, 0x0F, 0xF4, 0x3F, 0xC0, 0x1F, 0xF0, 0xFF, 0x00, 0x2F, 0xE3, 0xFC, 0x00, 0x3F, 0xD0,
    0x00, 0x0F, 0xFC, 0x00, 0x00, 0x0B, 0xFF, 0x00, 0x00, 0x03, 0xFF, 0xD0, 0x00, 0x00, 0xFE, 0xFC,
    0x00, 0x00, 0xBF, 0x7F, 0x00, 0x00, 0x3F, 0x8F, 0xD0, 0x00, 0x0F, 0xD2, 0xFC, 0x00, 0x0B, 0xF0,
    0x7F, 0x00, 0x03, 0xFC, 0x0F, 0xE0, 0x00, 0xFE, 0x03, 0xFC, 0x00, 0xBF, 0x40, 0xBF, 0x00, 0x3F,
    0xC0, 0x1F, 0xE0, 0x0F, 0xE0, 0x03, 0xFC, 0x0B, 0xF4, 0x00, 0xBF, 0x03, 0xFC, 0x00, 0x1F, 0xE0,
    0xFF, 0x00, 0x03, 0xFC, 0xBF, 0x80, 0x00, 0xFF, 0x3F, 0xD0, 0x00, 0x2F, 0xE0, 0xBF, 0xD0, 0x00,
    0x0F, 0xFD, 0xFF, 0xF0, 0x00, 0x1F, 0xFD, 0xFF, 0xF0, 0x00, 0x2F, 0xFD, 0xFF, 0xF4, 0x00, 0x3F,
    0xFD, 0xFF, 0xF8, 0x00, 0x7F, 0xFD, 0xFE, 0xFC, 0x00, 0xBD, 0xFD, 0xFE, 0xBD, 0x00, 0xFC, 0xFD,
    0xFE, 0x7E, 0x00, 0xF8, 0xFD, 0xFE, 0x3F, 0x02, 0xF4, 0xFD, 0xFE, 0x3F, 0x43, 0xF0, 0xFD, 0xFE,
    0x2F, 0x83, 0xE0, 0xFD, 0xFE, 0x0F, 0xCB, 0xD0, 0xFD, 0xFE, 0x0F, 0xCF, 0xC0, 0xFD, 0xFE, 0x0B,
    0xEF, 0xC0, 0xFD, 0xFE, 0x07, 0xFF, 0x40, 0xFD, 0xFE, 0x03, 0xFF, 0x00, 0xFD, 0xFE, 0x02, 0xFF,
    0x00, 0xFD, 0xFE, 0x01, 0xFD, 0x00, 0xFD, 0xBF, 0xC0, 0x00, 0x7F, 0x3F, 0xFC, 0x00, 0x1F, 0xCF,
    0xFF, 0x40, 0x07, 0xF3, 0xFF, 0xF0, 0x01, 0xFC, 0xFF, 0xFE, 0x00, 0x7F, 0x3F, 0x7F, 0xC0, 0x1F,
    0xCF, 0xE7, 0xF8, 0x07, 0xF3, 0xF8, 0xFF, 0x41, 0xFC, 0xFE, 0x0F, 0xF0, 0x7F, 0x3F, 0x82, 0xFD,
    0x1F, 0xCF, 0xE0, 0x3F, 0xC7, 0xF3, 0xF8, 0x07, 0xF8, 0xFC, 0xFE, 0x00, 0xFF, 0x7F, 0x3F, 0x80,
    0x1F, 0xFF, 0xCF, 0xE0, 0x02, 0xFF, 0xF3, 0xF8, 0x00, 0x3F, 0xFC, 0xFE, 0x00, 0x0B, 0xFF, 0x3F,
    0x80, 0x00, 0xFF, 0xC0, 0x3F, 0xFF, 0xFF, 0x83, 0xFF, 0xFF, 0xF8, 0x3F, 0xFF, 0xFF, 0x81, 0x55,
    0x55, 0x50, 0x00, 0x00, 0x00, 0x00, 0x00, 0x00, 0x00, 0x00, 0x00, 0x00, 0x00, 0xFF, 0xFF, 0xE0,
    0x0F, 0xFF, 0xFE, 0x00, 0xFF, 0xFF, 0xE0, 0x05, 0x55, 0x54, 0x00, 0x00, 0x00, 0x00, 0x00, 0x00,
    0x00, 0x00, 0x00, 0x00, 0x00, 0x00, 0x00, 0x00, 0x0B, 0xFF, 0xFF, 0xFC, 0xBF, 0xFF, 0xFF, 0xCB,
    0xFF, 0xFF, 0xFC, 0x00, 0x00, 0x00, 0x00, 0x00, 0x02, 0xFF, 0xF8, 0x00, 0x02, 0xFF, 0xFF, 0xF4,
    0x00, 0xBF, 0xFF, 0xFF, 0xD0, 0x1F, 0xF8, 0x07, 0xFF, 0x03, 0xFE, 0x00, 0x0F, 0xF8, 0x3F, 0xC0,
    0x00, 0x7F, 0xC7, 0xF8, 0x00, 0x03, 0xFC, 0xBF, 0x80, 0x00, 0x3F, 0xDB, 0xF4, 0x00, 0x02, 0xFD,
    0xBF, 0x40, 0x00, 0x2F, 0xDB, 0xF4, 0x00, 0x02, 0xFD, 0x7F, 0x80, 0x00, 0x3F, 0xC3, 0xFC, 0x00,
    0x03, 0xFC, 0x3F, 0xE0, 0x00, 0xBF, 0x81, 0xFF, 0x80, 0x2F, 0xF0, 0x0B, 0xFF, 0xFF, 0xFD, 0x00,
    0x2F, 0xFF, 0xFF, 0x80, 0x00, 0x6F, 0xFF, 0x80, 0x00, 0x00, 0x00, 0x00, 0x00, 0xBF, 0xFF, 0xFF,
    0xFB, 0xFF, 0xFF, 0xFF, 0xEF, 0xFF, 0xFF, 0xFF, 0xBF, 0xD5, 0x55, 0xFE, 0xFF, 0x00, 0x03, 0xFB,
    0xFC, 0x00, 0x0F, 0xEF, 0xF0, 0x00, 0x3F, 0xBF, 0xC0, 0x00, 0xFE, 0xFF, 0x00, 0x03, 0xFB, 0xFC,
    0x00, 0x0F, 0xEF, 0xF0, 0x00, 0x3F, 0xBF, 0xC0, 0x00, 0xFE, 0xFF, 0x00, 0x03, 0xFB, 0xFC, 0x00,
    0x0F, 0xEF, 0xF0, 0x00, 0x3F, 0xBF, 0xC0, 0x00, 0xFE, 0xFF, 0x00, 0x03, 0xFB, 0xFC, 0x00, 0x0F,
    0xE0, 0xBF, 0xFE, 0x80, 0x3F, 0xFF, 0xFE, 0x0F, 0xFF, 0xFF, 0xE3, 0xFD, 0x5B, 0xFC, 0xFF, 0x00,
    0xBF, 0x7F, 0xC0, 0x1F, 0xDF, 0xF0, 0x07, 0xF7, 0xFC, 0x03, 0xFC, 0xFF, 0x5B, 0xFF, 0x3F, 0xFF,
    0xFF, 0x4F, 0xFF, 0xFF, 0x43, 0xFE, 0xA9, 0x00, 0xFF, 0x00, 0x00, 0x3F, 0xC0, 0x00, 0x0F, 0xF0,
    0x00, 0x03, 0xFC, 0x00, 0x00, 0xFF, 0x00, 0x00, 0x3F, 0xC0, 0x00, 0x00, 0x3F, 0xFF, 0xFF, 0xE3,
    0xFF, 0xFF, 0xFE, 0x3F, 0xFF, 0xFF, 0xE2, 0xFF, 0x05, 0x54, 0x0B, 0xF8, 0x00, 0x00, 0x3F, 0xD0,
    0x00, 0x00, 0xFF, 0x40, 0x00, 0x03, 0xFD, 0x00, 0x00, 0x0F, 0xF0, 0x00, 0x02, 0xFD, 0x00, 0x00,
    0xBF, 0x80, 0x00, 0x1F, 0xE0, 0x00, 0x03, 0xFC, 0x00, 0x00, 0xFF, 0x00, 0x00, 0x3F, 0xC0, 0x00,
    0x07, 0xFF, 0xFF, 0xFF, 0x7F, 0xFF, 0xFF, 0xF7, 0xFF, 0xFF, 0xFF, 0x7F, 0xFF, 0xFF, 0xFB, 0xFF,
    0xFF, 0xFF, 0xBF, 0xFF, 0xFF, 0xF1, 0x57, 0xFD, 0x55, 0x00, 0x2F, 0xC0, 0x00, 0x02, 0xFC, 0x00,
    0x00, 0x2F, 0xC0, 0x00, 0x02, 0xFC, 0x00, 0x00, 0x2F, 0xC0, 0x00, 0x02, 0xFC, 0x00, 0x00, 0x2F,
    0xC0, 0x00, 0x02, 0xFC, 0x00, 0x00, 0x2F, 0xC0, 0x00, 0x02, 0xFC, 0x00, 0x00, 0x2F, 0xC0, 0x00,
    0x02, 0xFC, 0x00, 0x00, 0x2F, 0xC0, 0x00, 0x02, 0xFC, 0x00, 0xBF, 0x40, 0x02, 0xFD, 0x7F, 0xC0,
    0x03, 0xFC, 0x2F, 0xD0, 0x0B, 0xF4, 0x0F, 0xF0, 0x0F, 0xF0, 0x0B, 0xF4, 0x2F, 0xD0, 0x03, 0xFC,
    0x3F, 0xC0, 0x02, 0xFD, 0xBF, 0x00, 0x00, 0xFF, 0xFE, 0x00, 0x00, 0xBF, 0xFC, 0x00, 0x00, 0x3F,
    0xF8, 0x00, 0x00, 0x1F, 0xF0, 0x00, 0x00, 0x0F, 0xF0, 0x00, 0x00, 0x0F, 0xF0, 0x00, 0x00, 0x0F,
    0xF0, 0x00, 0x00, 0x0F, 0xF0, 0x00, 0x00, 0x0F, 0xF0, 0x00, 0x00, 0x0F, 0xF0, 0x00, 0x00, 0x0F,
    0xF0, 0x00, 0x00, 0x00, 0xBF, 0x00, 0x00, 0x00, 0x00, 0x2F, 0xD0, 0x00, 0x00, 0x0B, 0xFF, 0xFF,
    0xE4, 0x00, 0x1F, 0xFF, 0xFF, 0xFF, 0xC0, 0x1F, 0xFF, 0xFF, 0xFF, 0xFC, 0x0F, 0xF4, 0x2F, 0xC0,
    0xFF, 0x8B, 0xF4, 0x0B, 0xF0, 0x0F, 0xF3, 0xFC, 0x02, 0xFC, 0x01, 0xFD, 0xFF, 0x00, 0xBF, 0x00,
    0x7F, 0x7F, 0xC0, 0x2F, 0xC0, 0x1F, 0xDB, 0xF0, 0x0B, 0xF0, 0x0B, 0xF5, 0xFE, 0x02, 0xFC, 0x03,
    0xFC, 0x3F, 0xF5, 0xBF, 0x5B, 0xFD, 0x03, 0xFF, 0xFF, 0xFF, 0xFE, 0x00, 0x2F, 0xFF, 0xFF, 0xFD,
    0x00, 0x00, 0x6B, 0xFF, 0xA4, 0x00, 0x00, 0x00, 0xBF, 0x00, 0x00, 0x00, 0x00, 0x2F, 0xC0, 0x00,
    0x00, 0x00, 0x00, 0x00, 0x00, 0x00, 0x7F, 0xC0, 0x01, 0xFF, 0x0B, 0xF4, 0x00, 0xFF, 0x40, 0xFF,
    0x00, 0x7F, 0x80, 0x1F, 0xE0, 0x3F, 0xC0, 0x03, 0xFD, 0x2F, 0xD0, 0x00, 0x3F, 0xDF, 0xF0, 0x00,
    0x07, 0xFF, 0xF0, 0x00, 0x00, 0xFF, 0xF8, 0x00, 0x00, 0x0F, 0xFC, 0x00, 0x00, 0x07, 0xFF, 0x00,
    0x00, 0x03, 0xFF, 0xE0, 0x00, 0x02, 0xFF, 0xFD, 0x00, 0x01, 0xFE, 0x3F, 0xC0, 0x00, 0xFF, 0x0B,
    0xF8, 0x00, 0xBF, 0x40, 0xFF, 0x40, 0x7F, 0xC0, 0x1F, 0xF0, 0x3F, 0xD0, 0x02, 0xFE, 0x2F, 0xE0,
    0x00, 0x3F, 0xD0, 0xBE, 0x02, 0xF8, 0x0B, 0xEF, 0xE0, 0x2F, 0x80, 0xBF, 0xFE, 0x02, 0xF8, 0x0B,
    0xFF, 0xE0, 0x2F, 0x80, 0xBF, 0xFE, 0x02, 0xF8, 0x0B, 0xFF, 0xE0, 0x2F, 0x80, 0xBF, 0xFE, 0x02,
    0xF8, 0x0B, 0xFF, 0xE0, 0x2F, 0x80, 0xFF, 0xBF, 0x02, 0xF8, 0x0F, 0xE7, 0xF8, 0x2F, 0x82, 0xFD,
    0x3F, 0xFB, 0xFE, 0xFF, 0xC0, 0xFF, 0xFF, 0xFF, 0xF0, 0x02, 0xFF, 0xFF, 0xF8, 0x00, 0x01, 0x7F,
    0xD4, 0x00, 0x00, 0x02, 0xF8, 0x00, 0x00, 0x00, 0x2F, 0x80, 0x00, 0x00, 0x02, 0xF8, 0x00, 0x00,
    0x00, 0x2F, 0x80, 0x00, 0x00, 0x00, 0x00, 0x00, 0x00, 0x00, 0x6F, 0xFE, 0x40, 0x00, 0x0F, 0xFF,
    0xFF, 0x80, 0x00, 0xFF, 0xFF, 0xFF, 0xC0, 0x0F, 0xFD, 0x01, 0xFF, 0x80, 0x7F, 0xC0, 0x00, 0xFF,
    0x02, 0xFD, 0x00, 0x02, 0xFE, 0x0F, 0xF0, 0x00, 0x03, 0xFC, 0x3F, 0xC0, 0x00, 0x0F, 0xF0, 0xFF,
    0x00, 0x00, 0x3F, 0xC3, 0xFC, 0x00, 0x00, 0xFF, 0x0B, 0xF0, 0x00, 0x03, 0xF8, 0x1F, 0xD0, 0x00,
    0x2F, 0xD0, 0x3F, 0xC0, 0x00, 0xFE, 0x00, 0x3F, 0x80, 0x0F, 0xF0, 0x00, 0x7F, 0xC0, 0xFF, 0x40,
    0x3F, 0xFF, 0x07, 0xFF, 0xF0, 0xFF, 0xFC, 0x1F, 0xFF, 0xC3, 0xFF, 0xF0, 0x7F, 0xFF, 0x00, 0x2D,
    0x0B, 0x8B, 0xF0, 0xFC, 0x7E, 0x0F, 0xC1, 0x40, 0x10, 0x00, 0x00, 0x03, 0xFF, 0xFC, 0x3F, 0xFF,
    0xC2, 0xFF, 0xF4, 0x03, 0xFC, 0x00, 0x3F, 0xC0, 0x03, 0xFC, 0x00, 0x3F, 0xC0, 0x03, 0xFC, 0x00,
    0x3F, 0xC0, 0x03, 0xFC, 0x00, 0x3F, 0xC0, 0x03, 0xFC, 0x00, 0x3F, 0xC0, 0x03, 0xFC, 0x00, 0x3F,
    0xC0, 0x1F, 0xFF, 0x43, 0xFF, 0xFC, 0x3F, 0xFF, 0xC0, 0x00, 0xB4, 0x2E, 0x00, 0x02, 0xFC, 0x3F,
    0x00, 0x01, 0xF8, 0x3F, 0x00, 0x00, 0x50, 0x04, 0x00, 0x00, 0x00, 0x00, 0x00, 0xBF, 0x40, 0x02,
    0xFD, 0x7F, 0xC0, 0x03, 0xFC, 0x2F, 0xD0, 0x0B, 0xF4, 0x0F, 0xF0, 0x0F, 0xF0, 0x0B, 0xF4, 0x2F,
    0xD0, 0x03, 0xFC, 0x3F, 0xC0, 0x02, 0xFD, 0xBF, 0x00, 0x00, 0xFF, 0xFE, 0x00, 0x00, 0xBF, 0xFC,
    0x00, 0x00, 0x3F, 0xF8, 0x00, 0x00, 0x1F, 0xF0, 0x00, 0x00, 0x0F, 0xF0, 0x00, 0x00, 0x0F, 0xF0,
    0x00, 0x00, 0x0F, 0xF0, 0x00, 0x00, 0x0F, 0xF0, 0x00, 0x00, 0x0F, 0xF0, 0x00, 0x00, 0x0F, 0xF0,
    0x00, 0x00, 0x0F, 0xF0, 0x00, 0x00, 0x01, 0x54, 0x00, 0x00, 0x1F, 0xD0, 0x00, 0x00, 0xBF, 0x00,
    0x00, 0x03, 0xF0, 0x00, 0x00, 0x0F, 0x40, 0x00, 0x00, 0x00, 0x00, 0x00, 0x2F, 0xD0, 0xA8, 0x03,
    0xFF, 0xF7, 0xF0, 0x3F, 0xFF, 0xFF, 0xC1, 0xFF, 0x42, 0xFF, 0x0B, 0xF8, 0x03, 0xFC, 0x2F, 0xC0,
    0x0B, 0xF0, 0xFF, 0x00, 0x2F, 0xC3, 0xFC, 0x00, 0xBF, 0x0F, 0xF0, 0x02, 0xFC, 0x2F, 0xD0, 0x0F,
    0xF0, 0x7F, 0xC0, 0x7F, 0xC0, 0xFF, 0xEF, 0xFF, 0xE1, 0xFF, 0xFD, 0xFF, 0x81, 0xFF, 0xC1, 0xFE,
    0x00, 0x00, 0x00, 0x00, 0x00, 0x01, 0x54, 0x00, 0x03, 0xF8, 0x00, 0x07, 0xF0, 0x00, 0x0B, 0xD0,
    0x00, 0x0F, 0x80, 0x00, 0x00, 0x00, 0x00, 0xBF, 0xE4, 0x0B, 0xFF, 0xFE, 0x0F, 0xFF, 0xFD, 0x1F,
    0xD0, 0x18, 0x1F, 0xC0, 0x00, 0x0F, 0xE5, 0x40, 0x02, 0xFF, 0xC0, 0x0B, 0xFF, 0xC0, 0x2F, 0xE5,
    0x40, 0x3F, 0xC0, 0x00, 0x3F, 0xC0, 0x00, 0x3F, 0xFA, 0xBD, 0x1F, 0xFF, 0xFD, 0x02, 0xFF, 0xF8,
    0x00, 0x00, 0x00, 0x00, 0x05, 0x50, 0x00, 0x00, 0xFE, 0x00, 0x00, 0x1F, 0xC0, 0x00, 0x02, 0xF4,
    0x00, 0x00, 0x3E, 0x00, 0x00, 0x00, 0x00, 0x00, 0x2A, 0x0B, 0xF8, 0x03, 0xF3, 0xFF, 0xF0, 0x3F,
    0xFF, 0xFF, 0xC3, 0xFF, 0x07, 0xFC, 0x3F, 0xC0, 0x2F, 0xD3, 0xFC, 0x01, 0xFD, 0x3F, 0x80, 0x1F,
    0xD3, 0xF8, 0x01, 0xFD, 0x3F, 0x80, 0x1F, 0xD3, 0xF8, 0x01, 0xFD, 0x3F, 0x80, 0x1F, 0xD3, 0xF8,
    0x01, 0xFD, 0x3F, 0x80, 0x1F, 0xD3, 0xF8, 0x01, 0xFD, 0x00, 0x00, 0x1F, 0xD0, 0x00, 0x01, 0xFD,
    0x00, 0x00, 0x1F, 0xD0, 0x00, 0x01, 0xFD, 0x00, 0x00, 0x1F, 0xD0, 0x00, 0x01, 0xFD, 0x01, 0x54,
    0x01, 0xFE, 0x00, 0xBF, 0x00, 0x3F, 0x00, 0x0F, 0x40, 0x00, 0x00, 0x02, 0xA4, 0x00, 0xFE, 0x00,
    0x3F, 0x80, 0x0F, 0xE0, 0x03, 0xF8, 0x00, 0xFE, 0x00, 0x3F, 0x80, 0x0F, 0xE0, 0x03, 0xF8, 0x00,
    0xFE, 0x00, 0x3F, 0xC0, 0x0F, 0xFF, 0xC1, 0xFF, 0xF0, 0x1F, 0xFC, 0x00, 0x00, 0x00, 0x00, 0x01,
    0x54, 0x00, 0x2D, 0x1F, 0xE6, 0x81, 0xFC, 0xBF, 0x3F, 0x83, 0xF3, 0xF4, 0xBD, 0x01, 0x0F, 0x80,
    0x50, 0x00, 0x00, 0x00, 0x02, 0xA4, 0x02, 0xA4, 0x0F, 0xE0, 0x0F, 0xF0, 0x3F, 0x80, 0x2F, 0xC0,
    0xFE, 0x00, 0xBF, 0x03, 0xF8, 0x01, 0xFD, 0x0F, 0xE0, 0x07, 0xF4, 0x3F, 0x80, 0x1F, 0xD0, 0xFE,
    0x00, 0x7F, 0x43, 0xF8, 0x01, 0xFD, 0x0F, 0xE0, 0x0B, 0xF0, 0x3F, 0xC0, 0x7F, 0xC0, 0xBF, 0xFF,
    0xFD, 0x00, 0xFF, 0xFF, 0xE0, 0x00, 0xBF, 0xFD, 0x00, 0x00, 0x00, 0x00, 0x00, 0x02, 0xFD, 0x0A,
    0x80, 0x3F, 0xFF, 0x7F, 0x03, 0xFF, 0xFF, 0xFC, 0x1F, 0xF4, 0x2F, 0xF0, 0xBF, 0x80, 0x3F, 0xC2,
    0xFC, 0x00, 0xBF, 0x0F, 0xF0, 0x02, 0xFC, 0x3F, 0xC0, 0x0B, 0xF0, 0xFF, 0x00, 0x2F, 0xC2, 0xFD,
    0x00, 0xFF, 0x07, 0xFC, 0x07, 0xFC, 0x0F, 0xFE, 0xFF, 0xFE, 0x1F, 0xFF, 0xDF, 0xF8, 0x1F, 0xFC,
    0x1F, 0xE0, 0x00, 0x00, 0x00, 0x00, 0x00, 0x00, 0x00, 0x00, 0x1F, 0xFE, 0x40, 0x0B, 0xFF, 0xFD,
    0x01, 0xFF, 0xFF, 0xF0, 0x3F, 0xC0, 0xBF, 0x43, 0xF8, 0x03, 0xF8, 0x3F, 0x80, 0x3F, 0x83, 0xF8,
    0x07, 0xF0, 0x3F, 0x85, 0xFE, 0x03, 0xF8, 0xFF, 0x40, 0x3F, 0x8F, 0xF9, 0x03, 0xF8, 0xAF, 0xF4,
    0x3F, 0x80, 0x3F, 0xC3, 0xF8, 0x01, 0xFD, 0x3F, 0x80, 0x0F, 0xE3, 0xF8, 0x01, 0xFE, 0x3F, 0xC0,
    0x3F, 0xD3, 0xFF, 0xFF, 0xFC, 0x3F, 0xFF, 0xFF, 0x43, 0xFF, 0xFF, 0x80, 0x3F, 0x80, 0x00, 0x03,
    0xF8, 0x00, 0x00, 0x3F, 0x80, 0x00, 0x03, 0xF8, 0x00, 0x00, 0x3F, 0x80, 0x00, 0x03, 0xF8, 0x00,
    0x00, 0xAA, 0x00, 0x1A, 0x8B, 0xF0, 0x01, 0xFD, 0x3F, 0x80, 0x1F, 0xC3, 0xFC, 0x02, 0xFC, 0x2F,
    0xC0, 0x2F, 0xC0, 0xFD, 0x03, 0xFC, 0x0F, 0xF0, 0x3F, 0x80, 0x7F, 0x07, 0xF4, 0x03, 0xF4, 0xBF,
    0x00, 0x2F, 0x8F, 0xD0, 0x01, 0xFE, 0xFC, 0x00, 0x0F, 0xFF, 0x40, 0x00, 0xBF, 0xE0, 0x00, 0x07,
    0xF8, 0x00, 0x00, 0x7F, 0x40, 0x00, 0x07, 0xF4, 0x00, 0x00, 0x7F, 0x40, 0x00, 0x07, 0xF4, 0x00,
    0x00, 0x7F, 0x40, 0x00, 0x01, 0x50, 0x00, 0x00, 0x00, 0x00, 0x00, 0x00, 0xBF, 0xF8, 0x00, 0x1F,
    0xFF, 0xFD, 0x00, 0xFF, 0xAB, 0xF0, 0x03, 0xF8, 0x02, 0x80, 0x0F, 0xE0, 0x00, 0x00, 0x3F, 0xE0,
    0x00, 0x00, 0x3F, 0xF4, 0x00, 0x00, 0x7F, 0xFC, 0x00, 0x0B, 0xFF, 0xFD, 0x00, 0xBF, 0x8B, 0xFC,
    0x07, 0xF4, 0x07, 0xF8, 0x3F, 0xC0, 0x0F, 0xF0, 0xFE, 0x00, 0x2F, 0xC3, 0xF8, 0x00, 0xBF, 0x0F,
    0xF0, 0x03, 0xFC, 0x3F, 0xE0, 0x2F, 0xE0, 0x7F, 0xFF, 0xFF, 0x00, 0x7F, 0xFF, 0xF4, 0x00, 0x2F,
    0xFE, 0x40, 0x00, 0x00, 0x00, 0x00, 0x00, 0xBF, 0xE4, 0x0B, 0xFF, 0xFE, 0x0F, 0xFF, 0xFD, 0x1F,
    0xD0, 0x18, 0x1F, 0xC0, 0x00, 0x0F, 0xE5, 0x40, 0x02, 0xFF, 0xC0, 0x0B, 0xFF, 0xC0, 0x2F, 0xE5,
    0x40, 0x3F, 0xC0, 0x00, 0x3F, 0xC0, 0x00, 0x3F, 0xFA, 0xBD, 0x1F, 0xFF, 0xFD, 0x02, 0xFF, 0xF8,
    0x00, 0x00, 0x00, 0x7F, 0xFF, 0xFC, 0x7F, 0xFF, 0xFC, 0x7F, 0xFF, 0xFC, 0x00, 0x0F, 0xF0, 0x00,
    0x2F, 0xD0, 0x00, 0x7F, 0x80, 0x00, 0xFF, 0x00, 0x03, 0xFC, 0x00, 0x0F, 0xF0, 0x00, 0x1F, 0xE0,
    0x00, 0x3F, 0xC0, 0x00, 0x7F, 0x40, 0x00, 0xBF, 0x00, 0x00, 0xFF, 0x00, 0x00, 0xFF, 0x00, 0x00,
    0xBF, 0xD0, 0x00, 0x7F, 0xFE, 0x40, 0x1F, 0xFF, 0xF0, 0x02, 0xFF, 0xFC, 0x00, 0x1B, 0xFC, 0x00,
    0x02, 0xFC, 0x00, 0x02, 0xFC, 0x00, 0x03, 0xF4, 0x00, 0x07, 0xF0, 0x00, 0x00, 0x00, 0x2A, 0x0B,
    0xF8, 0x03, 0xF3, 0xFF, 0xF0, 0x3F, 0xFF, 0xFF, 0xC3, 0xFF, 0x07, 0xFC, 0x3F, 0xC0, 0x2F, 0xD3,
    0xFC, 0x01, 0xFD, 0x3F, 0x80, 0x1F, 0xD3, 0xF8, 0x01, 0xFD, 0x3F, 0x80, 0x1F, 0xD3, 0xF8, 0x01,
    0xFD, 0x3F, 0x80, 0x1F, 0xD3, 0xF8, 0x01, 0xFD, 0x3F, 0x80, 0x1F, 0xD3, 0xF8, 0x01, 0xFD, 0x00,
    0x00, 0x1F, 0xD0, 0x00, 0x01, 0xFD, 0x00, 0x00, 0x1F, 0xD0, 0x00, 0x01, 0xFD, 0x00, 0x00, 0x1F,
    0xD0, 0x00, 0x01, 0xFD, 0x00, 0x00, 0x00, 0x00, 0x1F, 0xFD, 0x00, 0x0B, 0xFF, 0xFC, 0x01, 0xFF,
    0xBF, 0xE0, 0x3F, 0xC0, 0xBF, 0x03, 0xF4, 0x03, 0xF8, 0x7F, 0x00, 0x3F, 0xCB, 0xF0, 0x02, 0xFC,
    0xBF, 0x00, 0x2F, 0xCF, 0xFF, 0xFF, 0xFC, 0xFF, 0xFF, 0xFF, 0xCF, 0xFF, 0xFF, 0xFC, 0xBF, 0x00,
    0x2F, 0xCB, 0xF0, 0x02, 0xFC, 0x7F, 0x00, 0x3F, 0xC3, 0xF4, 0x03, 0xF8, 0x3F, 0xC0, 0x7F, 0x41,
    0xFF, 0x6F, 0xF0, 0x0B, 0xFF, 0xFC, 0x00, 0x1F, 0xFE, 0x00, 0x00, 0x00, 0x00, 0x00, 0x2A, 0x40,
    0x0F, 0xE0, 0x03, 0xF8, 0x00, 0xFE, 0x00, 0x3F, 0x80, 0x0F, 0xE0, 0x03, 0xF8, 0x00, 0xFE, 0x00,
    0x3F, 0x80, 0x0F, 0xE0, 0x03, 0xFC, 0x00, 0xFF, 0xFC, 0x1F, 0xFF, 0x01, 0xFF, 0xC0, 0x00, 0x00,
    0x2A, 0x40, 0x0A, 0xA0, 0xFE, 0x00, 0xFF, 0x03, 0xF8, 0x0B, 0xF4, 0x0F, 0xE0, 0x7F, 0x40, 0x3F,
    0x87, 0xF8, 0x00, 0xFE, 0x3F, 0x80, 0x03, 0xFB, 0xFC, 0x00, 0x0F, 0xFF, 0xF4, 0x00, 0x3F, 0xFF,
    0xF4, 0x00, 0xFF, 0x4F, 0xF0, 0x03, 0xF8, 0x1F, 0xF0, 0x0F, 0xE0, 0x2F, 0xE0, 0x3F, 0x80, 0x3F,
    0xD0, 0xFE, 0x00, 0x3F, 0xC0, 0x00, 0x00, 0x00, 0x02, 0xFF, 0x80, 0x00, 0x0B, 0xFF, 0x80, 0x00,
    0x2F, 0xFF, 0x40, 0x00, 0x00, 0xFF, 0x00, 0x00, 0x01, 0xFD, 0x00, 0x00, 0x03, 0xF8, 0x00, 0x00,
    0x1F, 0xF0, 0x00, 0x00, 0xFF, 0xD0, 0x00, 0x03, 0xFF, 0xC0, 0x00, 0x2F, 0xFF, 0x00, 0x00, 0xFD,
    0xFE, 0x00, 0x07, 0xF2, 0xFC, 0x00, 0x2F, 0xC7, 0xF4, 0x00, 0xFE, 0x0F, 0xE0, 0x07, 0xF4, 0x2F,
    0xC0, 0x2F, 0xC0, 0x7F, 0x80, 0xFF, 0x00, 0xFF, 0xD7, 0xF8, 0x02, 0xFF, 0x7F, 0xC0, 0x03, 0xFD,
    0x00, 0x00, 0x00, 0x00, 0x2A, 0x40, 0x1A, 0x80, 0x3F, 0x80, 0x1F, 0xD0, 0x3F, 0x80, 0x1F, 0xD0,
    0x3F, 0x80, 0x1F, 0xD0, 0x3F, 0x80, 0x1F, 0xD0, 0x3F, 0x80, 0x1F, 0xD0, 0x3F, 0x80, 0x1F, 0xD0,
    0x3F, 0x80, 0x1F, 0xD0, 0x3F, 0x80, 0x2F, 0xD0, 0x3F, 0x80, 0x3F, 0xD0, 0x3F, 0xC0, 0x7F, 0xD0,
    0x3F, 0xFF, 0xFF, 0xFC, 0x3F, 0xFF, 0xEF, 0xFC, 0x3F, 0xBF, 0xC3, 0xFC, 0x3F, 0x80, 0x00, 0x00,
    0x3F, 0x80, 0x00, 0x00, 0x3F, 0x80, 0x00, 0x00, 0x3F, 0x80, 0x00, 0x00, 0x3F, 0x80, 0x00, 0x00,
    0x3F, 0x80, 0x00, 0x00, 0xAA, 0x00, 0x1A, 0x8B, 0xF0, 0x01, 0xFD, 0x3F, 0x80, 0x1F, 0xC3, 0xFC,
    0x02, 0xFC, 0x2F, 0xC0, 0x2F, 0xC0, 0xFD, 0x03, 0xFC, 0x0F, 0xF0, 0x3F, 0x80, 0x7F, 0x07, 0xF4,
    0x03, 0xF4, 0xBF, 0x00, 0x2F, 0x8F, 0xD0, 0x01, 0xFE, 0xFC, 0x00, 0x0F, 0xFF, 0x40, 0x00, 0xBF,
    0xE0, 0x00, 0x07, 0xF8, 0x00, 0x3F, 0xFF, 0xFD, 0x3F, 0xFF, 0xFD, 0x3B, 0xFF, 0xA8, 0x0B, 0xD0,
    0x00, 0x3F, 0x80, 0x00, 0x3F, 0x80, 0x00, 0x3F, 0xC0, 0x00, 0x2F, 0xF5, 0x50, 0x0B, 0xFF, 0xF8,
    0x07, 0xFF, 0xF8, 0x2F, 0xFA, 0xA4, 0x7F, 0x80, 0x00, 0xBF, 0x00, 0x00, 0xFF, 0x00, 0x00, 0xFF,
    0x00, 0x00, 0xBF, 0xD0, 0x00, 0x3F, 0xFF, 0x80, 0x1F, 0xFF, 0xF4, 0x02, 0xFF, 0xFC, 0x00, 0x07,
    0xFC, 0x00, 0x01, 0xFC, 0x00, 0x01, 0xFC, 0x00, 0x03, 0xF8, 0x00, 0x03, 0xF4, 0x00, 0x00, 0x00,
    0x00, 0xBF, 0x90, 0x00, 0xBF, 0xFF, 0xC0, 0x2F, 0xFF, 0xFF, 0x03, 0xFD, 0x0B, 0xF8, 0x7F, 0x40,
    0x3F, 0xCB, 0xF0, 0x02, 0xFD, 0xFF, 0x00, 0x1F, 0xDF, 0xF0, 0x01, 0xFD, 0xBF, 0x00, 0x2F, 0xDB,
    0xF4, 0x02, 0xFC, 0x3F, 0xC0, 0x7F, 0xC2, 0xFF, 0xAF, 0xF4, 0x0F, 0xFF, 0xFE, 0x00, 0x1F, 0xFF,
    0x40, 0x00, 0x00, 0x00, 0x00, 0x6A, 0xAA, 0xAA, 0xAA, 0xA7, 0xFF, 0xFF, 0xFF, 0xFF, 0x7F, 0xFF,
    0xFF, 0xFF, 0xF0, 0x2F, 0xD0, 0x3F, 0xC0, 0x02, 0xFC, 0x02, 0xFC, 0x00, 0x2F, 0xC0, 0x2F, 0xC0,
    0x02, 0xFC, 0x02, 0xFC, 0x00, 0x2F, 0xC0, 0x2F, 0xC0, 0x02, 0xFC, 0x02, 0xFC, 0x00, 0x2F, 0xC0,
    0x2F, 0xC0, 0x02, 0xFC, 0x02, 0xFC, 0x00, 0x2F, 0xC0, 0x2F, 0xFE, 0x02, 0xFC, 0x01, 0xFF, 0xF0,
    0x2F, 0xC0, 0x0B, 0xFE, 0x00, 0x00, 0x00, 0x00, 0x00, 0x00, 0xBF, 0x90, 0x00, 0x7F, 0xFF, 0xC0,
    0x1F, 0xFF, 0xFF, 0x03, 0xFD, 0x0B, 0xF8, 0x3F, 0x80, 0x3F, 0xC7, 0xF4, 0x02, 0xFC, 0xBF, 0x40,
    0x2F, 0xCB, 0xF4, 0x02, 0xFC, 0xBF, 0x40, 0x2F, 0xCB, 0xF4, 0x03, 0xFC, 0xBF, 0x80, 0x7F, 0x8B,
    0xFF, 0xAF, 0xF4, 0xBF, 0xFF, 0xFE, 0x0B, 0xF7, 0xFF, 0x40, 0xBF, 0x00, 0x00, 0x0B, 0xF0, 0x00,
    0x00, 0xBF, 0x00, 0x00, 0x0B, 0xF0, 0x00, 0x00, 0xBF, 0x00, 0x00, 0x0B, 0xF0, 0x00, 0x00, 0x00,
    0xBF, 0xE0, 0x0B, 0xFF, 0xFC, 0x1F, 0xFF, 0xF8, 0x3F, 0xD0, 0x60, 0x7F, 0x40, 0x00, 0xBF, 0x00,
    0x00, 0xFF, 0x00, 0x00, 0xFF, 0x00, 0x00, 0xFF, 0x00, 0x00, 0xBF, 0x40, 0x00, 0x7F, 0xD0, 0x00,
    0x3F, 0xFE, 0x40, 0x0F, 0xFF, 0xF0, 0x02, 0xFF, 0xFC, 0x00, 0x0B, 0xFC, 0x00, 0x02, 0xFC, 0x00,
    0x02, 0xFC, 0x00, 0x03, 0xF4, 0x00, 0x0B, 0xF0, 0x00, 0x00, 0x00, 0x00, 0x6A, 0xAA, 0xA0, 0x1F,
    0xFF, 0xFF, 0xD1, 0xFF, 0xFF, 0xFF, 0x4F, 0xF8, 0x2F, 0x80, 0x7F, 0x80, 0x3F, 0x42, 0xFC, 0x00,
    0xFE, 0x0F, 0xF0, 0x02, 0xFC, 0x3F, 0xC0, 0x0B, 0xF0, 0xFF, 0x00, 0x3F, 0xC2, 0xFC, 0x00, 0xFF,
    0x07, 0xFC, 0x0B, 0xF4, 0x0B, 0xFF, 0xFF, 0xC0, 0x0F, 0xFF, 0xFC, 0x00, 0x0B, 0xFF, 0x80, 0x00,
    0x00, 0x00, 0x00, 0x00, 0x6A, 0xAA, 0xAA, 0x5F, 0xFF, 0xFF, 0xE7, 0xFF, 0xFF, 0xF8, 0x03, 0xFC,
    0x00, 0x00, 0xFE, 0x00, 0x00, 0x3F, 0x80, 0x00, 0x0F, 0xE0, 0x00, 0x03, 0xF8, 0x00, 0x00, 0xFE,
    0x00, 0x00, 0x3F, 0x80, 0x00, 0x0F, 0xF0, 0x00, 0x03, 0xFF, 0xB8, 0x00, 0x7F, 0xFE, 0x00, 0x07,
    0xFF, 0x80, 0x00, 0x00, 0x00, 0x2A, 0x40, 0x2A, 0x43, 0xF8, 0x03, 0xFC, 0x3F, 0x80, 0x2F, 0xC3,
    0xF8, 0x02, 0xFC, 0x3F, 0x80, 0x1F, 0xD3, 0xF8, 0x01, 0xFD, 0x3F, 0x80, 0x1F, 0xD3, 0xF8, 0x01,
    0xFD, 0x3F, 0x80, 0x1F, 0xD3, 0xF8, 0x02, 0xFC, 0x3F, 0xC0, 0x7F, 0xC2, 0xFF, 0xFF, 0xF4, 0x0F,
    0xFF, 0xFE, 0x00, 0x2F, 0xFF, 0x40, 0x00, 0x00, 0x00, 0x00, 0x00, 0x02, 0xFC, 0x00, 0x00, 0x00,
    0x0B, 0xF0, 0x00, 0x00, 0x00, 0x2F, 0xC0, 0x00, 0x00, 0x00, 0xBF, 0x00, 0x00, 0x00, 0x02, 0xFC,
    0x00, 0x00, 0x00, 0x6F, 0xF9, 0x00, 0x00, 0x2F, 0xFF, 0xFF, 0xC0, 0x03, 0xFF, 0xFF, 0xFF, 0xD0,
    0x3F, 0xE2, 0xFC, 0xBF, 0xC1, 0xFF, 0x0B, 0xF0, 0x7F, 0x8B, 0xF0, 0x2F, 0xC0, 0xFF, 0x3F, 0xC0,
    0xBF, 0x02, 0xFC, 0xFF, 0x02, 0xFC, 0x0B, 0xF2, 0xFC, 0x0B, 0xF0, 0x3F, 0xC7, 0xF8, 0x2F, 0xC0,
    0xFF, 0x0F, 0xF4, 0xBF, 0x0F, 0xF4, 0x1F, 0xFF, 0xFE, 0xFF, 0x80, 0x1F, 0xFF, 0xFF, 0xF8, 0x00,
    0x06, 0xFF, 0xFE, 0x00, 0x00, 0x00, 0xBF, 0x00, 0x00, 0x00, 0x02, 0xFC, 0x00, 0x00, 0x00, 0x0B,
    0xF0, 0x00, 0x00, 0x00, 0x2F, 0xC0, 0x00, 0x00, 0x00, 0xBF, 0x00, 0x00, 0x00, 0x02, 0xFC, 0x00,
    0x00, 0xBE, 0x00, 0x00, 0xA9, 0xFF, 0xC0, 0x02, 0xFC, 0xFF, 0xF0, 0x03, 0xF4, 0x5B, 0xF4, 0x0B,
    0xF0, 0x03, 0xFC, 0x1F, 0xD0, 0x01, 0xFD, 0x3F, 0x80, 0x00, 0xFF, 0x7F, 0x00, 0x00, 0x7F, 0xFE,
    0x00, 0x00, 0x3F, 0xFC, 0x00, 0x00, 0x1F, 0xF4, 0x00, 0x00, 0x0F, 0xF0, 0x00, 0x00, 0x2F, 0xF4,
    0x00, 0x00, 0x3F, 0xFC, 0x00, 0x00, 0xFF, 0xFE, 0x00, 0x01, 0xFC, 0xFF, 0x00, 0x03, 0xF8, 0x7F,
    0x80, 0x0B, 0xF0, 0x3F, 0xD0, 0x0F, 0xD0, 0x0F, 0xFE, 0x3F, 0xC0, 0x0B, 0xFE, 0x7F, 0x40, 0x02,
    0xFD, 0x00, 0x00, 0x00, 0x00, 0x00, 0x01, 0xFC, 0x00, 0x00, 0x00, 0x07, 0xF0, 0x00, 0x00, 0x00,
    0x1F, 0xC0, 0x00, 0x00, 0x00, 0x7F, 0x00, 0x00, 0x00, 0x01, 0xFC, 0x00, 0x00, 0xA8, 0x07, 0xF0,
    0x2A, 0x07, 0xF4, 0x1F, 0xC0, 0xFE, 0x1F, 0xD0, 0x7F, 0x03, 0xFC, 0x7F, 0x41, 0xFC, 0x0B, 0xF1,
    0xFD, 0x07, 0xF0, 0x2F, 0xC7, 0xF4, 0x1F, 0xC0, 0x7F, 0x1F, 0xD0, 0x7F, 0x01, 0xFC, 0x3F, 0x41,
    0xFC, 0x07, 0xF0, 0xFD, 0x07, 0xF0, 0x2F, 0xC3, 0xF8, 0x1F, 0xC0, 0xFF, 0x0F, 0xF4, 0x7F, 0x0B,
    0xF8, 0x1F, 0xFF, 0xFF, 0xFF, 0xC0, 0x2F, 0xFF, 0xFF, 0xFC, 0x00, 0x0B, 0xFF, 0xFF, 0x40, 0x00,
    0x00, 0xBF, 0x40, 0x00, 0x00, 0x01, 0xFC, 0x00, 0x00, 0x00, 0x07, 0xF0, 0x00, 0x00, 0x00, 0x1F,
    0xC0, 0x00, 0x00, 0x00, 0x7F, 0x00, 0x00, 0x00, 0x01, 0xFC, 0x00, 0x00, 0x06, 0xA0, 0x00, 0x0A,
    0x80, 0x0F, 0xC0, 0x00, 0x0B, 0xF0, 0x2F, 0x80, 0x00, 0x03, 0xF4, 0x3F, 0x40, 0x00, 0x02, 0xFC,
    0x7F, 0x00, 0x54, 0x01, 0xFC, 0xBF, 0x00, 0xFE, 0x00, 0xFC, 0xBF, 0x00, 0xFE, 0x00, 0xFD, 0xBF,
    0x00, 0xFE, 0x00, 0xFD, 0xBF, 0x00, 0xFE, 0x00, 0xFC, 0x7F, 0x00, 0xFE, 0x01, 0xFC, 0x3F, 0x81,
    0xFF, 0x03, 0xFC, 0x2F, 0xFB, 0xFF, 0xEF, 0xF4, 0x0F, 0xFF, 0xDB, 0xFF, 0xE0, 0x02, 0xFF, 0x42,
    0xFF, 0x80, 0x00, 0x00, 0x00, 0x00, 0x00, 0x2C, 0x0B, 0x82, 0xFC, 0x3F, 0x07, 0xE0, 0xFC, 0x05,
    0x00, 0x40, 0x00, 0x00, 0x00, 0x0A, 0x90, 0x00, 0x3F, 0x80, 0x00, 0xFE, 0x00, 0x03, 0xF8, 0x00,
    0x0F, 0xE0, 0x00, 0x3F, 0x80, 0x00, 0xFE, 0x00, 0x03, 0xF8, 0x00, 0x0F, 0xE0, 0x00, 0x3F, 0x80,
    0x00, 0xFF, 0x00, 0x03, 0xFF, 0xF0, 0x07, 0xFF, 0xC0, 0x07, 0xFF, 0x00, 0x00, 0x00, 0x02, 0x80,
    0xB4, 0x00, 0xBE, 0x1F, 0xC0, 0x0B, 0xE0, 0xFC, 0x00, 0x14, 0x01, 0x00, 0x00, 0x00, 0x00, 0x02,
    0xA4, 0x02, 0xA4, 0x3F, 0x80, 0x3F, 0xC3, 0xF8, 0x02, 0xFC, 0x3F, 0x80, 0x2F, 0xC3, 0xF8, 0x01,
    0xFD, 0x3F, 0x80, 0x1F, 0xD3, 0xF8, 0x01, 0xFD, 0x3F, 0x80, 0x1F, 0xD3, 0xF8, 0x01, 0xFD, 0x3F,
    0x80, 0x2F, 0xC3, 0xFC, 0x07, 0xFC, 0x2F, 0xFF, 0xFF, 0x40, 0xFF, 0xFF, 0xE0, 0x02, 0xFF, 0xF4,
    0x00, 0x00, 0x00, 0x00, 0x00, 0x01, 0x54, 0x00, 0x00, 0x3F, 0x80, 0x00, 0x07, 0xF0, 0x00, 0x00,
    0xFC, 0x00, 0x00, 0x0F, 0x40, 0x00, 0x00, 0x00, 0x00, 0x00, 0xBF, 0x90, 0x00, 0xBF, 0xFF, 0xC0,
    0x2F, 0xFF, 0xFF, 0x03, 0xFD, 0x0B, 0xF8, 0x7F, 0x40, 0x3F, 0xCB, 0xF0, 0x02, 0xFD, 0xFF, 0x00,
    0x1F, 0xDF, 0xF0, 0x01, 0xFD, 0xBF, 0x00, 0x2F, 0xDB, 0xF4, 0x02, 0xFC, 0x3F, 0xC0, 0x7F, 0xC2,
    0xFF, 0xAF, 0xF4, 0x0F, 0xFF, 0xFE, 0x00, 0x1F, 0xFF, 0x40, 0x00, 0x00, 0x00, 0x00, 0x00, 0x01,
    0x54, 0x00, 0x00, 0x7F, 0x80, 0x00, 0x0B, 0xF0, 0x00, 0x00, 0xFC, 0x00, 0x00, 0x0F, 0x40, 0x00,
    0x00, 0x00, 0x00, 0x2A, 0x40, 0x2A, 0x43, 0xF8, 0x03, 0xFC, 0x3F, 0x80, 0x2F, 0xC3, 0xF8, 0x02,
    0xFC, 0x3F, 0x80, 0x1F, 0xD3, 0xF8, 0x01, 0xFD, 0x3F, 0x80, 0x1F, 0xD3, 0xF8, 0x01, 0xFD, 0x3F,
    0x80, 0x1F, 0xD3, 0xF8, 0x02, 0xFC, 0x3F, 0xC0, 0x7F, 0xC2, 0xFF, 0xFF, 0xF4, 0x0F, 0xFF, 0xFE,
    0x00, 0x2F, 0xFF, 0x40, 0x00, 0x00, 0x00, 0x00, 0x00, 0x00, 0x05, 0x50, 0x00, 0x00, 0x00, 0x0F,
    0xF0, 0x00, 0x00, 0x00, 0x1F, 0xC0, 0x00, 0x00, 0x00, 0x2F, 0x40, 0x00, 0x00, 0x00, 0x3E, 0x00,
    0x00, 0x00, 0x00, 0x00, 0x00, 0x00, 0x06, 0xA0, 0x00, 0x0A, 0x80, 0x0F, 0xC0, 0x00, 0x0B, 0xF0,
    0x2F, 0x80, 0x00, 0x03, 0xF4, 0x3F, 0x40, 0x00, 0x02, 0xFC, 0x7F, 0x00, 0x54, 0x01, 0xFC, 0xBF,
    0x00, 0xFE, 0x00, 0xFC, 0xBF, 0x00, 0xFE, 0x00, 0xFD, 0xBF, 0x00, 0xFE, 0x00, 0xFD, 0xBF, 0x00,
    0xFE, 0x00, 0xFC, 0x7F, 0x00, 0xFE, 0x01, 0xFC, 0x3F, 0x81, 0xFF, 0x03, 0xFC, 0x2F, 0xFB, 0xFF,
    0xEF, 0xF4, 0x0F, 0xFF, 0xDB, 0xFF, 0xE0, 0x02, 0xFF, 0x42, 0xFF, 0x80, 0x00, 0x00, 0x00, 0x00,
    0x00, 0xBF, 0x00, 0x0F, 0xF3, 0xFC, 0x00, 0xFF, 0x4F, 0xF0, 0x0B, 0xF8, 0x3F, 0xC0, 0x7F, 0xC0,
    0xFF, 0x03, 0xFC, 0x03, 0xFC, 0x3F, 0xD0, 0x0F, 0xF2, 0xFD, 0x00, 0x3F, 0xDF, 0xE0, 0x00, 0xFF,
    0xFF, 0x80, 0x03, 0xFF, 0xFF, 0x00, 0x0F, 0xFF, 0xFF, 0x00, 0x3F, 0xD3, 0xFD, 0x00, 0xFF, 0x03,
    0xFC, 0x03, 0xFC, 0x0B, 0xF8, 0x0F, 0xF0, 0x0F, 0xF4, 0x3F, 0xC0, 0x1F, 0xF0, 0xFF, 0x00, 0x3F,
    0xE3, 0xFC, 0x00, 0x3F, 0xC0, 0x00, 0x00, 0xFF, 0x40, 0x00, 0x0B, 0xFC, 0xB9, 0x45, 0xFF, 0xE2,
    0xFF, 0xFF, 0xFF, 0x0B, 0xFF, 0xFF, 0xE0, 0x06, 0xFF, 0xF8, 0x00, 0x00, 0x00, 0x00, 0x00, 0x00,
    0x7F, 0xF4, 0x00, 0x0F, 0xFF, 0xF4, 0x00, 0xFF, 0x47, 0xF0, 0x0B, 0xF4, 0x0F, 0xC0, 0x3F, 0xFF,
    0xFE, 0x01, 0xFF, 0xFF, 0xE0, 0x0B, 0xF0, 0x54, 0x00, 0x3F, 0xC1, 0xA4, 0x00, 0xFE, 0x7F, 0xFD,
    0x03, 0xFF, 0xFF, 0xFD, 0x0F, 0xFD, 0x1B, 0xFC, 0x3F, 0xC0, 0x0F, 0xF0, 0xFF, 0x00, 0x2F, 0xD3,
    0xFC, 0x00, 0xBF, 0x4B, 0xF0, 0x03, 0xFC, 0x0F, 0xE0, 0x1F, 0xF0, 0x2F, 0xFB, 0xFF, 0x40, 0x3F,
    0xFF, 0xF8, 0x00, 0x2F, 0xFF, 0x40, 0x00, 0x00, 0x00, 0x00, 0x00, 0x00, 0x00, 0x00, 0x00, 0x01,
    0xFF, 0xE0, 0x00, 0x00, 0x7F, 0xFF, 0xD0, 0x00, 0x0F, 0xFB, 0xFF, 0x00, 0x01, 0xFE, 0x07, 0xFC,
    0x00, 0x1F, 0xD0, 0x2F, 0xC0, 0x00, 0xFF, 0x00, 0xFD, 0x00, 0x0B, 0xFD, 0x0F, 0xE0, 0x00, 0x3F,
    0xFF, 0xFF, 0xE0, 0x00, 0xBF, 0xFF, 0xFE, 0x1F, 0xE0, 0x6A, 0xFF, 0x97, 0xFF, 0x40, 0x0F, 0xF0,
    0x3F, 0xF8, 0x00, 0xFF, 0x00, 0x3F, 0x40, 0x0F, 0xF0, 0x03, 0xF4, 0x00, 0xFE, 0x00, 0x3F, 0x40,
    0x1F, 0xD0, 0x03, 0xF8, 0x07, 0xFC, 0x00, 0x2F, 0xFB, 0xFF, 0x80, 0x01, 0xFF, 0xFF, 0xE0, 0x00,
    0x07, 0xFF, 0xE4, 0x00, 0x00, 0x00, 0x00, 0x00, 0x00, 0xBF, 0x40, 0x00, 0xBE, 0x7F, 0xC0, 0x03,
    0xFF, 0x2F, 0xD0, 0x0B, 0xFF, 0x0F, 0xF0, 0x0F, 0xF0, 0x0B, 0xF4, 0x2F, 0xD0, 0x03, 0xFC, 0x3F,
    0x80, 0x02, 0xFD, 0xBF, 0x00, 0x00, 0xFF, 0xFE, 0x00, 0x00, 0xBF, 0xFC, 0x00, 0x00, 0x3F, 0xF8,
    0x00, 0x00, 0x1F, 0xF0, 0x00, 0x00, 0x0F, 0xF0, 0x00, 0x00, 0x0F, 0xF0, 0x00, 0x00, 0x0F, 0xF0,
    0x00, 0x00, 0x0F, 0xF0, 0x00, 0x00, 0x0F, 0xF0, 0x00, 0x00, 0x0F, 0xF0, 0x00, 0x00, 0x0F, 0xF0,
    0x00, 0x15, 0x43, 0xFC, 0x00, 0x07, 0xF4, 0xFF, 0x0B, 0xF8, 0x00, 0x7F, 0xE3, 0xF4, 0x0F, 0xF0,
    0x03, 0xFF, 0x9F, 0x80, 0x1F, 0xE0, 0x1F, 0xE0, 0xB8, 0x00, 0x3F, 0xC0, 0xFF, 0x00, 0x00, 0x00,
    0x7F, 0x87, 0xF4, 0x00, 0x00, 0x00, 0xFF, 0x3F, 0xC0, 0x00, 0x00, 0x01, 0xFF, 0xFD, 0x00, 0x00,
    0x00, 0x03, 0xFF, 0xF0, 0x00, 0x00, 0x00, 0x03, 0xFF, 0x40, 0x00, 0x00, 0x00, 0x0B, 0xFC, 0x00,
    0x00, 0x00, 0x00, 0x1F, 0xE0, 0x00, 0x00, 0x00, 0x00, 0x7F, 0x80, 0x00, 0x00, 0x00, 0x01, 0xFE,
    0x00, 0x00, 0x00, 0x00, 0x07, 0xF8, 0x00, 0x00, 0x00, 0x00, 0x1F, 0xE0, 0x00, 0x00, 0x00, 0x00,
    0x7F, 0x80, 0x00, 0x00, 0x00, 0x01, 0xFE, 0x00, 0x00, 0x00, 0xB4, 0x1E, 0x00, 0x01, 0xFC, 0x3F,
    0x40, 0x01, 0xFC, 0x3F, 0x00, 0x00, 0x50, 0x04, 0x00, 0x00, 0x00, 0x00, 0x00, 0xBF, 0x40, 0x00,
    0xBE, 0x7F, 0xC0, 0x03, 0xFF, 0x2F, 0xD0, 0x0B, 0xFF, 0x0F, 0xF0, 0x0F, 0xF0, 0x0B, 0xF4, 0x2F,
    0xD0, 0x03, 0xFC, 0x3F, 0x80, 0x02, 0xFD, 0xBF, 0x00, 0x00, 0xFF, 0xFE, 0x00, 0x00, 0xBF, 0xFC,
    0x00, 0x00, 0x3F, 0xF8, 0x00, 0x00, 0x1F, 0xF0, 0x00, 0x00, 0x0F, 0xF0, 0x00, 0x00, 0x0F, 0xF0,
    0x00, 0x00, 0x0F, 0xF0, 0x00, 0x00, 0x0F, 0xF0, 0x00, 0x00, 0x0F, 0xF0, 0x00, 0x00, 0x0F, 0xF0,
    0x00, 0x00, 0x0F, 0xF0, 0x00, 0x00, 0x02, 0xFC, 0x00, 0x00, 0x00, 0x0B, 0xF0, 0x00, 0x00, 0x00,
    0x2F, 0xC0, 0x00, 0x00, 0x00, 0xBF, 0x00, 0x00, 0x00, 0x02, 0xFC, 0x00, 0x00, 0x00, 0x6F, 0xF9,
    0x00, 0x00, 0x2F, 0xFF, 0xFF, 0xC0, 0x03, 0xFF, 0xFF, 0xFF, 0xD0, 0x3F, 0xE2, 0xFC, 0xBF, 0xC1,
    0xFF, 0x0B, 0xF0, 0x7F, 0x8B, 0xF0, 0x2F, 0xC0, 0xFF, 0x3F, 0xC0, 0xBF, 0x02, 0xFC, 0xFF, 0x02,
    0xFC, 0x0B, 0xF2, 0xFC, 0x0B, 0xF0, 0x3F, 0xC7, 0xF8, 0x2F, 0xC0, 0xFF, 0x0F, 0xF4, 0xBF, 0x0F,
    0xF4, 0x1F, 0xFF, 0xFE, 0xFF, 0x80, 0x1F, 0xFF, 0xFF, 0xF8, 0x00, 0x06, 0xFF, 0xFE, 0x00, 0x00,
    0x00, 0xBF, 0x00, 0x00, 0x00, 0x02, 0xFC, 0x00, 0x00, 0x00, 0x0B, 0xF0, 0x00, 0x00, 0x00, 0x2F,
    0xC0, 0x00, 0x00, 0x00, 0xBF, 0x00, 0x00, 0x00, 0x02, 0xFC, 0x00, 0x00, 0x2A, 0xAA, 0xAA, 0xAA,
    0xAA, 0xAA, 0x4F, 0xFF, 0xFF, 0xFF, 0xFF, 0xFF, 0xE3, 0xFF, 0xFF, 0xFF, 0xFF, 0xFF, 0xF8, 0x07,
    0xF4, 0x00, 0x00, 0x3F, 0x80, 0x02, 0xFC, 0x00, 0x00, 0x0B, 0xF0, 0x00, 0xBE, 0x00, 0xFD, 0x01,
    0xFC, 0x00, 0x3F, 0x80, 0x3F, 0x40, 0x7F, 0x00, 0x0F, 0xE0, 0x0F, 0xD0, 0x1F, 0xC0, 0x02, 0xF8,
    0x03, 0xF4, 0x07, 0xF0, 0x00, 0xBF, 0x00, 0xFD, 0x02, 0xFC, 0x00, 0x1F, 0xD0, 0x7F, 0xC0, 0xFE,
    0x00, 0x03, 0xFE, 0xBF, 0xFE, 0xFF, 0x00, 0x00, 0x7F, 0xFF, 0x3F, 0xFF, 0x80, 0x00, 0x03, 0xFF,
    0x42, 0xFF, 0x40, 0x00, 0x00, 0x00, 0x00, 0x00, 0x00, 0x00, 0x2A, 0x40, 0x0A, 0xA0, 0xFE, 0x00,
    0xFF, 0x03, 0xF8, 0x0B, 0xF4, 0x0F, 0xE0, 0x7F, 0x40, 0x3F, 0x87, 0xF8, 0x00, 0xFE, 0x3F, 0x80,
    0x03, 0xFB, 0xFC, 0x00, 0x0F, 0xFF, 0xF4, 0x00, 0x3F, 0xFF, 0xF4, 0x00, 0xFF, 0x4F, 0xF0, 0x03,
    0xF8, 0x1F, 0xF0, 0x0F, 0xE0, 0x2F, 0xE0, 0x3F, 0x80, 0x3F, 0xD0, 0xFE, 0x00, 0x3F, 0xC0, 0x00,
    0x00, 0xFF, 0x44, 0x00, 0x0B, 0xFC, 0x3F, 0xEB, 0xFF, 0xD0, 0xFF, 0xFF, 0xFC, 0x00, 0x6F, 0xFA,
    0x00, 0x00, 0x00, 0x00, 0x00, 0x00, 0x00, 0x06, 0xFF, 0xF9, 0x00, 0x03, 0xFF, 0xFF, 0xF8, 0x00,
    0xFF, 0xFF, 0xFF, 0xF0, 0x2F, 0xF8, 0x02, 0xFF, 0x43, 0xFC, 0x00, 0x07, 0xFC, 0x7F, 0x80, 0x00,
    0x3F, 0xCB, 0xF4, 0x00, 0x02, 0xFD, 0xBF, 0x40, 0x00, 0x2F, 0xDB, 0xF4, 0x00, 0x03, 0xFD, 0x7F,
    0xC0, 0x00, 0x3F, 0xC3, 0xFE, 0x00, 0x0B, 0xFC, 0x2F, 0xFE, 0x5B, 0xFF, 0x00, 0xBF, 0xFF, 0xFF,
    0xD0, 0x01, 0xFF, 0xFF, 0xF4, 0x00, 0x01, 0xBF, 0xE4, 0x00, 0x00, 0x03, 0xFC, 0x00, 0x00, 0x00,
    0x3F, 0xC0, 0x00, 0x00, 0x03, 0xFC, 0x00, 0x00, 0x00, 0xBF, 0x90, 0x00, 0xBF, 0xFF, 0xC0, 0x1F,
    0xFF, 0xFF, 0x03, 0xFD, 0x0B, 0xF8, 0x7F, 0x40, 0x3F, 0xCB, 0xF0, 0x02, 0xFD, 0xFF, 0x00, 0x1F,
    0xDF, 0xF0, 0x01, 0xFD, 0xBF, 0x00, 0x1F, 0xDB, 0xF4, 0x02, 0xFC, 0x3F, 0xC0, 0x7F, 0xC2, 0xFF,
    0xAF, 0xF4, 0x0F, 0xFF, 0xFE, 0x00, 0x1F, 0xFF, 0x40, 0x00, 0x3F, 0x80, 0x00, 0x03, 0xF8, 0x00,
    0x00, 0x3F, 0x80, 0x00, 0x03, 0xF8, 0x00, 0x00, 0x3F, 0x80, 0x00, 0x03, 0xF8, 0x00, 0x00, 0x00,
    0x00, 0x00, 0x01, 0xBF, 0xFE, 0x40, 0x2F, 0xFF, 0xFF, 0x03, 0xFF, 0xFF, 0xF8, 0x2F, 0xF8, 0x02,
    0xD0, 0xFF, 0x00, 0x00, 0x07, 0xF8, 0x00, 0x00, 0x2F, 0xD0, 0x00, 0x00, 0xBF, 0x40, 0x00, 0x02,
    0xFD, 0x00, 0x00, 0x07, 0xFC, 0x00, 0x00, 0x0F, 0xF8, 0x00, 0x00, 0x1F, 0xFE, 0x50, 0x00, 0x2F,
    0xFF, 0xE0, 0x00, 0x1F, 0xFF, 0x80, 0x00, 0x06, 0xFE, 0x00, 0x00, 0x03, 0xF8, 0x00, 0x00, 0x0F,
    0xE0, 0x00, 0x00, 0x3F, 0x80, 0x00, 0x00, 0xBF, 0xE0, 0x0B, 0xFF, 0xFC, 0x1F, 0xFF, 0xF8, 0x3F,
    0xD0, 0x60, 0x7F, 0x40, 0x00, 0xBF, 0x00, 0x00, 0xFF, 0x00, 0x00, 0xFF, 0x00, 0x00, 0xFF, 0x00,
    0x00, 0xBF, 0x40, 0x00, 0x7F, 0xD0, 0x00, 0x2F, 0xFE, 0x40, 0x0B, 0xFF, 0xF0, 0x01, 0xFF, 0xF8,
    0x00, 0x07, 0xFC, 0x00, 0x02, 0xFC, 0x03, 0xAB, 0xFC, 0x03, 0xFF, 0xF0, 0x03, 0xFF, 0x80, 0x00,
    0x00, 0x00, 0xBF, 0xFF, 0xF7, 0xFF, 0xFF, 0xEF, 0xFF, 0xFF, 0xBF, 0xD5, 0x54, 0xFF, 0x00, 0x03,
    0xFC, 0x00, 0x0F, 0xF0, 0x00, 0x3F, 0xC0, 0x00, 0xFF, 0xFF, 0xF3, 0xFF, 0xFF, 0xCF, 0xFF, 0xFF,
    0x3F, 0xC0, 0xFC, 0xFF, 0x03, 0xF3, 0xFC, 0x0F, 0xCF, 0xF0, 0x00, 0x3F, 0xC0, 0x00, 0xFF, 0x00,
    0x03, 0xFC, 0x00, 0x00, 0x6A, 0xAA, 0xA7, 0xFF, 0xFF, 0xDF, 0xFF, 0xFF, 0x7F, 0xD5, 0x54, 0xFF,
    0x00, 0x03, 0xFC, 0x00, 0x0F, 0xF0, 0x00, 0x3F, 0xEA, 0xA8, 0xFF, 0xFF, 0xF3, 0xFF, 0xFF, 0xCF,
    0xF5, 0xBF, 0x3F, 0xC0, 0xFC, 0xFF, 0x03, 0xF3, 0xFC, 0x05, 0x4F, 0xF0, 0x00, 0x3F, 0xC0, 0x00,
    0xFF, 0x00, 0x03, 0xFC, 0x00, 0x0F, 0xF0, 0x00, 0x3F, 0xC0, 0x00, 0x00, 0x00, 0x00, 0x03, 0xFE,
    0x00, 0x00, 0x3F, 0xF8, 0x00, 0x01, 0xBF, 0xC0, 0x00, 0x02, 0xFC, 0x00, 0x00, 0x2F, 0xC0, 0x00,
    0x03, 0xF8, 0x00, 0x00, 0x7F, 0x00, 0x00, 0x0B, 0xFF, 0xFF, 0xC0, 0xFF, 0xFF, 0xF8, 0x0F, 0xFF,
    0xFF, 0x40, 0x55, 0x5B, 0xF0, 0x00, 0x00, 0xFE, 0x00, 0x00, 0x0F, 0xD0, 0x00, 0x01, 0xFC, 0x00,
    0x00, 0x2F, 0xC0, 0x00, 0x02, 0xFE, 0x80, 0x00, 0x1F, 0xFC, 0x00, 0x00, 0xBF, 0xC0, 0x00, 0x00,
    0x00, 0x00, 0x00, 0x00, 0x7F, 0xD0, 0x00, 0x3F, 0xF0, 0x00, 0x2B, 0xF4, 0x00, 0x03, 0xF8, 0x00,
    0x03, 0xF4, 0x00, 0x07, 0xF0, 0x00, 0x0F, 0xE0, 0x00, 0x0F, 0xD0, 0x00, 0x2F, 0xC0, 0x00, 0x3F,
    0x80, 0x19, 0x7F, 0xAF, 0xFE, 0xBF, 0xFF, 0xFE, 0xFF, 0xFF, 0xFC, 0xFE, 0x52, 0xFC, 0x40, 0x03,
    0xF4, 0x00, 0x07, 0xF0, 0x00, 0x0B, 0xE0, 0x00, 0x0F, 0xD0, 0x00, 0x1F, 0xC0, 0x00, 0x3F, 0x80,
    0x00, 0x3F, 0x40, 0x00, 0x7F, 0x40, 0x00, 0x7F, 0xE8, 0x00, 0x3F, 0xFC, 0x00, 0x0B, 0xF8, 0x00,
    0x00, 0x00, 0x00, 0x2F, 0xFF, 0x40, 0x03, 0xFF, 0xFF, 0xD0, 0x0F, 0xFF, 0xFF, 0xC0, 0x0D, 0x01,
    0xFF, 0xC0, 0x00, 0x1F, 0xFF, 0x40, 0x02, 0xFE, 0xFE, 0x00, 0x3F, 0x83, 0xFC, 0x00, 0xF0, 0x0F,
    0xF0, 0x00, 0x01, 0xFF, 0xD0, 0x00, 0x2F, 0xFF, 0x40, 0x03, 0xFA, 0xFD, 0x00, 0x0B, 0x07, 0xF4,
    0x00, 0x00, 0x2F, 0xC0, 0x00, 0x00, 0xBF, 0x00, 0x00, 0x03, 0xFC, 0x00, 0x00, 0x0F, 0xE0, 0x00,
    0x00, 0x7F, 0x40, 0x00, 0x03, 0xFC, 0x00, 0x00, 0x00, 0x00, 0x00, 0xF8, 0x00, 0x00, 0x03, 0xFF,
    0x40, 0x00, 0x0F, 0xFF, 0x80, 0x00, 0x1B, 0xFF, 0xC0, 0x00, 0x01, 0xFF, 0xD0, 0x00, 0x00, 0xFF,
    0xC0, 0x00, 0x00, 0xBF, 0xC0, 0x00, 0x07, 0xFF, 0x40, 0x03, 0xFF, 0xFF, 0x00, 0x0F, 0xE6, 0xFD,
    0x00, 0x14, 0x03, 0xF8, 0x00, 0x00, 0x0F, 0xF0, 0x00, 0x06, 0xFF, 0xC0, 0x01, 0xFF, 0xFF, 0x40,
    0x07, 0xE5, 0xFD, 0x00, 0x04, 0x07, 0xF4, 0x00, 0x00, 0x1F, 0xD0, 0x00, 0x00, 0x7F, 0x40, 0x00,
    0x01, 0xFD, 0x00, 0x00, 0x0B, 0xF0, 0x00, 0x00, 0x3F, 0xC0, 0x00, 0x00, 0xFF, 0x00, 0x00, 0x07,
    0xF4, 0x00, 0x00, 0x2F, 0xC0, 0x00, 0x00, 0xFE, 0x00, 0x6A, 0x00, 0x00, 0xA9, 0x2F, 0xF4, 0x00,
    0xBF, 0x07, 0xFF, 0x00, 0x7F, 0x80, 0x1F, 0xD0, 0x3F, 0xD0, 0x03, 0xF8, 0x3F, 0xF0, 0x00, 0xBE,
    0x3F, 0xF8, 0x00, 0x2F, 0xAF, 0xFD, 0x00, 0x0B, 0xFF, 0xFF, 0x40, 0x03, 0xFF, 0xCF, 0xD0, 0x00,
    0xFF, 0xD3, 0xF4, 0x00, 0x7F, 0xD0, 0xFE, 0x00, 0x2F, 0xE0, 0x2F, 0xE8, 0x0F, 0xF0, 0x03, 0xFF,
    0x47, 0xF0, 0x00, 0x3F, 0xD0, 0x00, 0x00, 0x00, 0x00, 0x00, 0xBF, 0x90, 0x00, 0x7F, 0xFF, 0xC0,
    0x0F, 0xFF, 0xFF, 0x02, 0xFD, 0x0B, 0xF8, 0x3F, 0x80, 0x3F, 0xC7, 0xF4, 0x02, 0xFC, 0x7F, 0x40,
    0x1F, 0xD7, 0xF4, 0x01, 0xFD, 0x7F, 0x40, 0x2F, 0xC7, 0xF4, 0x03, 0xFC, 0x7F, 0xE5, 0xFF, 0x87,
    0xFF, 0xFF, 0xF0, 0x7F, 0xFF, 0xFD, 0x07, 0xF1, 0xA9, 0x00, 0x7F, 0x80, 0x00, 0x03, 0xFF, 0xA5,
    0x00, 0x1F, 0xFF, 0xFC, 0x00, 0x7F, 0xFF, 0xE0, 0x00, 0x16, 0xFF, 0x00, 0x00, 0x0F, 0xE0, 0x00,
    0xBF, 0xE4, 0x0B, 0xFF, 0xFC, 0x1F, 0xFF, 0xF8, 0x3F, 0xE0, 0x60, 0x7F, 0x80, 0x00, 0xBF, 0x00,
    0x00, 0xFF, 0x00, 0x00, 0xFF, 0x00, 0x00, 0xFF, 0x00, 0x00, 0xBF, 0x40, 0x00, 0x7F, 0xC0, 0x18,
    0x3F, 0xFF, 0xFC, 0x0F, 0xFF, 0xFC, 0x02, 0xFF, 0xF4, 0x00, 0x00, 0x00, 0x00, 0x00, 0x00, 0xBD,
    0x01, 0xFF, 0x00, 0xFE, 0x00, 0x68, 0x00, 0x00, 0x00, 0xA9, 0x00, 0xFE, 0x00, 0xFE, 0x00, 0xFE,
    0x00, 0xFE, 0x00, 0xFE, 0x00, 0xFE, 0x00, 0xFE, 0x00, 0xFE, 0x00, 0xFE, 0x00, 0xFE, 0x00, 0xFE,
    0x00, 0xFE, 0x00, 0xFE, 0x00, 0xFE, 0x00, 0xFE, 0x02, 0xFD, 0x7F, 0xFC, 0x7F, 0xF8, 0x3F, 0xD0,
    0x00, 0x00, 0x00, 0x00, 0x00, 0x02, 0xFF, 0xF8, 0x00, 0x02, 0xFF, 0xFF, 0xF4, 0x00, 0xBF, 0xFF,
    0xFF, 0xD0, 0x1F, 0xF4, 0x02, 0xFF, 0x03, 0xFD, 0x00, 0x07, 0xF8, 0x3F, 0x80, 0x00, 0x3F, 0xC7,
    0xF4, 0x00, 0x02, 0xFC, 0xBF, 0xAA, 0xAA, 0xBF, 0xDB, 0xFF, 0xFF, 0xFF, 0xFD, 0xBF, 0xFF, 0xFF,
    0xFF, 0xDB, 0xF9, 0x55, 0x56, 0xFD, 0x7F, 0x40, 0x00, 0x2F, 0xC3, 0xF8, 0x00, 0x03, 0xFC, 0x3F,
    0xC0, 0x00, 0x7F, 0x81, 0xFF, 0x40, 0x1F, 0xF0, 0x0B, 0xFF, 0xFF, 0xFD, 0x00, 0x2F, 0xFF, 0xFF,
    0x80, 0x00, 0x6F, 0xFF, 0x80, 0x00, 0x00, 0x00, 0x00, 0x00, 0x00, 0xBF, 0xE4, 0x0B, 0xFF, 0xFC,
    0x2F, 0xFF, 0xFC, 0x3F, 0xC0, 0x14, 0x7F, 0x40, 0x00, 0xBF, 0x00, 0x00, 0xFF, 0xFF, 0xD0, 0xFF,
    0xFF, 0xD0, 0xFF, 0x55, 0x40, 0xBF, 0x00, 0x00, 0x7F, 0x80, 0x04, 0x3F, 0xFA, 0xBC, 0x0F, 0xFF,
    0xFC, 0x02, 0xFF, 0xF8, 0x00, 0x00, 0x00, 0x06, 0xFE, 0x40, 0x3F, 0xFF, 0xE0, 0x1F, 0xFF, 0xF8,
    0x04, 0x03, 0xFC, 0x00, 0x01, 0xFD, 0x00, 0x01, 0xFE, 0x07, 0xFF, 0xFE, 0x07, 0xFF, 0xFE, 0x01,
    0x55, 0xFE, 0x00, 0x01, 0xFD, 0x10, 0x03, 0xFC, 0x3E, 0xAF, 0xF8, 0x3F, 0xFF, 0xF0, 0x2F, 0xFF,
    0x80, 0x00, 0x00, 0x00, 0xBF, 0x00, 0x00, 0x3F, 0xC0, 0x00, 0x0F, 0xF0, 0x00, 0x03, 0xFF, 0xFF,
    0x40, 0xFF, 0xFF, 0xFC, 0x3F, 0xFF, 0xFF, 0xCF, 0xF0, 0x1F, 0xF7, 0xFC, 0x01, 0xFD, 0xFF, 0x00,
    0x7F, 0xBF, 0xC0, 0x1F, 0xEF, 0xF0, 0x0F, 0xF7, 0xFE, 0xAF, 0xFC, 0xFF, 0xFF, 0xFD, 0x3F, 0xFF,
    0xFC, 0x0F, 0xF5, 0x50, 0x03, 0xFC, 0x00, 0x00, 0xFF, 0x00, 0x00, 0x3F, 0xC0, 0x00, 0x00, 0x3F,
    0x80, 0x00, 0x03, 0xF8, 0x00, 0x00, 0x3F, 0x80, 0x00, 0x03, 0xF8, 0x00, 0x00, 0x3F, 0x80, 0x00,
    0x03, 0xF8, 0x7F, 0x40, 0x3F, 0xBF, 0xFF, 0x03, 0xFF, 0xFF, 0xF8, 0x3F, 0xE0, 0x7F, 0xC3, 0xFC,
    0x02, 0xFD, 0x3F, 0x80, 0x1F, 0xD3, 0xF8, 0x00, 0xFE, 0x3F, 0x80, 0x0F, 0xE3, 0xF8, 0x01, 0xFE,
    0x3F, 0xC0, 0x2F, 0xD3, 0xFE, 0x03, 0xFC, 0x3F, 0xFF, 0xFF, 0x83, 0xFF, 0xFF, 0xF0, 0x3F, 0x9F,
    0xFC, 0x03, 0xF8, 0x00, 0x00, 0x3F, 0x80, 0x00, 0x03, 0xF8, 0x00, 0x00, 0x3F, 0x80, 0x00, 0x03,
    0xF8, 0x00, 0x00, 0x3F, 0x80, 0x00, 0x00, 0x00, 0x00, 0x00, 0x00, 0x00, 0x7F, 0xFE, 0x40, 0x1F,
    0xFF, 0xFF, 0x01, 0xFF, 0xFF, 0xF8, 0x0F, 0xFD, 0x02, 0xD0, 0xBF, 0x80, 0x00, 0x03, 0xFC, 0x00,
    0x00, 0x1F, 0xE0, 0x00, 0x00, 0xBF, 0x40, 0x00, 0x02, 0xFD, 0x00, 0x00, 0x0B, 0xF4, 0x00, 0x00,
    0x2F, 0xD0, 0x00, 0x00, 0x7F, 0x80, 0x00, 0x00, 0xFF, 0x00, 0x00, 0x03, 0xFE, 0x00, 0x00, 0x07,
    0xFE, 0x00, 0x24, 0x0F, 0xFF, 0xFF, 0xE0, 0x0B, 0xFF, 0xFF, 0x80, 0x07, 0xFF, 0xF8, 0x00, 0x00,
    0x00, 0x00, 0xBF, 0xC0, 0x00, 0x0B, 0xFD, 0xFF, 0xE0, 0x00, 0x0F, 0xFD, 0xFF, 0xF0, 0x00, 0x3F,
    0xFD, 0xFF, 0xFC, 0x00, 0x7F, 0xFD, 0xFE, 0xFD, 0x00, 0xFD, 0xFD, 0xFE, 0xBF, 0x01, 0xFC, 0xFD,
    0xFE, 0x3F, 0x43, 0xF4, 0xFD, 0xFE, 0x1F, 0xCB, 0xE0, 0xFD, 0xFE, 0x0F, 0xEF, 0xC0, 0xFD, 0xFE,
    0x07, 0xFF, 0x80, 0xFD, 0xFE, 0x03, 0xFF, 0x00, 0xFD, 0xFE, 0x01, 0xFD, 0x00, 0xFD, 0xFE, 0x00,
    0x00, 0x00, 0xFD, 0xFE, 0x00, 0x00, 0x00, 0xFD, 0xFE, 0x00, 0x00, 0x00, 0xFD, 0xFE, 0x00, 0x00,
    0x00, 0xFD, 0xFE, 0x00, 0x00, 0x00, 0xFD, 0xFE, 0x00, 0x00, 0x00, 0xFD, 0x2A, 0xA0, 0x00, 0x6A,
    0x93, 0xFF, 0xC0, 0x0F, 0xFE, 0x3F, 0xFD, 0x03, 0xFF, 0xE3, 0xFF, 0xF0, 0x7F, 0xFE, 0x3F, 0x7F,
    0x8F, 0xDF, 0xE3, 0xF5, 0xFE, 0xFC, 0xFE, 0x3F, 0x4B, 0xFF, 0x0F, 0xE3, 0xF4, 0x3F, 0xE0, 0xFE,
    0x3F, 0x41, 0xFC, 0x0F, 0xE3, 0xF4, 0x05, 0x00, 0xFE, 0x3F, 0x40, 0x00, 0x0F, 0xE3, 0xF4, 0x00,
    0x00, 0xFE, 0x3F, 0x40, 0x00, 0x0F, 0xE3, 0xF4, 0x00, 0x00, 0xFE, 0x3F, 0x40, 0x00, 0x00, 0x03,
    0xF4, 0x00, 0x00, 0x00, 0x3F, 0x40, 0x00, 0x00, 0x03, 0xF4, 0x00, 0x00, 0x00, 0x3F, 0x40, 0x00,
    0x00, 0x03, 0xF4, 0x00, 0x00, 0x00, 0x00, 0x0B, 0xF9, 0x00, 0x00, 0x7F, 0xFF, 0xC0, 0x01, 0xFF,
    0xFF, 0xF0, 0x03, 0xFD, 0x0B, 0xF8, 0x03, 0xF8, 0x03, 0xFC, 0x07, 0xF4, 0x02, 0xFC, 0x0B, 0xF4,
    0x02, 0xFC, 0x0B, 0xF4, 0x02, 0xFC, 0x0B, 0xF4, 0x02, 0xFC, 0x0B, 0xF4, 0x03, 0xFC, 0x0B, 0xF8,
    0x07, 0xF8, 0x0B, 0xFF, 0xAF, 0xF4, 0x0B, 0xFF, 0xFF, 0xE0, 0x0B, 0xF7, 0xFF, 0x40, 0x0B, 0xF0,
    0x00, 0x00, 0x0B, 0xF0, 0x00, 0x00, 0x3F, 0xFF, 0xF4, 0x00, 0x3F, 0xFF, 0xF4, 0x00, 0x2F, 0xFA,
    0xA0, 0x00, 0x0B, 0xF0, 0x00, 0x00, 0x00, 0x00, 0x00, 0x00, 0x2F, 0xFF, 0x90, 0x03, 0xFF, 0xFF,
    0xE0, 0x0B, 0xFF, 0xFF, 0xE0, 0x1D, 0x01, 0xBF, 0xD0, 0x00, 0x00, 0xBF, 0xC0, 0x00, 0x00, 0xFF,
    0x00, 0x00, 0x02, 0xFD, 0x00, 0x00, 0x07, 0xF8, 0x00, 0x00, 0x1F, 0xE0, 0x00, 0x00, 0x7F, 0x80,
    0x00, 0x01, 0xFE, 0x00, 0x00, 0x0B, 0xF4, 0x00, 0x00, 0x3F, 0xC0, 0x00, 0x02, 0xFF, 0x06, 0x00,
    0x2F, 0xF4, 0x2F, 0xFF, 0xFF, 0x80, 0xBF, 0xFF, 0xF8, 0x00, 0xBF, 0xFE, 0x00, 0x00, 0x00, 0x00,
    0x00, 0x00, 0x00, 0x00, 0x00, 0x00, 0x7F, 0xFE, 0x40, 0x1F, 0xFF, 0xFF, 0x01, 0xFF, 0xFF, 0xF8,
    0x0F, 0xFD, 0x02, 0xD0, 0xBF, 0x80, 0x00, 0x03, 0xFC, 0x00, 0x00, 0x1F, 0xE0, 0x00, 0x00, 0xBF,
    0x40, 0xB8, 0x02, 0xFD, 0x07, 0xFC, 0x0B, 0xF4, 0x1F, 0xF0, 0x2F, 0xD0, 0x3F, 0x40, 0x7F, 0x80,
    0x10, 0x00, 0xFF, 0x00, 0x00, 0x03, 0xFE, 0x00, 0x00, 0x07, 0xFE, 0x00, 0x24, 0x0F, 0xFF, 0xFF,
    0xE0, 0x0B, 0xFF, 0xFF, 0x80, 0x07, 0xFF, 0xF8, 0x00, 0x00, 0x00, 0x00, 0x00, 0x00, 0x00, 0x00,
    0x2F, 0xFF, 0x90, 0x03, 0xFF, 0xFF, 0xE0, 0x0B, 0xFF, 0xFF, 0xE0, 0x1D, 0x01, 0xBF, 0xD0, 0x00,
    0x00, 0xBF, 0xC0, 0x00, 0x00, 0xFF, 0x00, 0x00, 0x02, 0xFD, 0x00, 0xB8, 0x07, 0xF8, 0x07, 0xFC,
    0x1F, 0xE0, 0x1F, 0xF0, 0x7F, 0x80, 0x3F, 0x81, 0xFE, 0x00, 0x10, 0x0B, 0xF4, 0x00, 0x00, 0x3F,
    0xC0, 0x00, 0x02, 0xFF, 0x06, 0x00, 0x2F, 0xF4, 0x2F, 0xFF, 0xFF, 0x80, 0xBF, 0xFF, 0xF8, 0x00,
    0xBF, 0xFE, 0x00, 0x00, 0x00, 0x00, 0x00, 0x00, 0x00, 0x00, 0x7F, 0x80, 0x00, 0x7F, 0x40, 0x00,
    0x7F, 0x00, 0x00, 0x3E, 0x00, 0x00, 0x00, 0x0B, 0xFF, 0xFF, 0xBF, 0xFF, 0xFE, 0xFF, 0xFF, 0xFB,
    0xFD, 0x55, 0x4F, 0xF0, 0x00, 0x3F, 0xC0, 0x00, 0xFF, 0x00, 0x03, 0xFF, 0xFF, 0xCF, 0xFF, 0xFF,
    0x3F, 0xFF, 0xFC, 0xFF, 0x55, 0x53, 0xFC, 0x00, 0x0F, 0xF0, 0x00, 0x3F, 0xC0, 0x00, 0xFF, 0x00,
    0x03, 0xFF, 0xFF, 0xEF, 0xFF, 0xFF, 0xBF, 0xFF, 0xFE, 0x1A, 0x02, 0x80, 0xFE, 0x2F, 0xC3, 0xF8,
    0xBF, 0x06, 0x80, 0xA0, 0x00, 0x00, 0x02, 0xFF, 0xFF, 0xEF, 0xFF, 0xFF, 0xBF, 0xFF, 0xFE, 0xFF,
    0x55, 0x53, 0xFC, 0x00, 0x0F, 0xF0, 0x00, 0x3F, 0xC0, 0x00, 0xFF, 0xFF, 0xF3, 0xFF, 0xFF, 0xCF,
    0xFF, 0xFF, 0x3F, 0xD5, 0x54, 0xFF, 0x00, 0x03, 0xFC, 0x00, 0x0F, 0xF0, 0x00, 0x3F, 0xC0, 0x00,
    0xFF, 0xFF, 0xFB, 0xFF, 0xFF, 0xEF, 0xFF, 0xFF, 0x80, 0x7F, 0xFF, 0xFF, 0xE0, 0x02, 0xFF, 0xFF,
    0xFF, 0xC0, 0x0B, 0xFF, 0xFF, 0xFF, 0x00, 0x05, 0x6F, 0xE5, 0x54, 0x00, 0x00, 0x7F, 0x40, 0x00,
    0x00, 0x01, 0xFD, 0x00, 0x00, 0x00, 0x07, 0xF4, 0x00, 0x00, 0x00, 0x1F, 0xFF, 0xFE, 0x00, 0x00,
    0x7F, 0xFF, 0xFF, 0x40, 0x01, 0xFF, 0xFF, 0xFF, 0x00, 0x07, 0xF8, 0x03, 0xFE, 0x00, 0x1F, 0xD0,
    0x03, 0xFC, 0x00, 0x7F, 0x40, 0x0F, 0xF0, 0x01, 0xFD, 0x00, 0x3F, 0xC0, 0x07, 0xF4, 0x01, 0xFF,
    0x00, 0x1F, 0xD1, 0xFF, 0xF4, 0x00, 0x7F, 0x4B, 0xFF, 0xC0, 0x01, 0xFD, 0x2F, 0xF8, 0x00, 0x00,
    0x00, 0x05, 0x00, 0x00, 0x00, 0x00, 0x00, 0x00, 0x0B, 0xF4, 0x00, 0x1F, 0xD0, 0x00, 0x3F, 0x40,
    0x00, 0xBC, 0x00, 0x00, 0x00, 0x00, 0xBF, 0xFF, 0xFC, 0xFF, 0xFF, 0xFD, 0xFF, 0xFF, 0xFD, 0xFF,
    0x55, 0x54, 0xFF, 0x00, 0x00, 0xFF, 0x00, 0x00, 0xFF, 0x00, 0x00, 0xFF, 0x00, 0x00, 0xFF, 0x00,
    0x00, 0xFF, 0x00, 0x00, 0xFF, 0x00, 0x00, 0xFF, 0x00, 0x00, 0xFF, 0x00, 0x00, 0xFF, 0x00, 0x00,
    0xFF, 0x00, 0x00, 0xFF, 0x00, 0x00, 0xFF, 0x00, 0x00, 0xFF, 0x00, 0x00, 0x00, 0x00, 0x00, 0x00,
    0x00, 0xBF, 0xFE, 0x40, 0x1F, 0xFF, 0xFF, 0x01, 0xFF, 0xFF, 0xFC, 0x0F, 0xFD, 0x01, 0xD0, 0xFF,
    0x80, 0x00, 0x03, 0xFC, 0x00, 0x00, 0x1F, 0xE0, 0x00, 0x00, 0xBF, 0xEA, 0xAA, 0x02, 0xFF, 0xFF,
    0xFC, 0x0B, 0xFF, 0xFF, 0xF0, 0x2F, 0xE5, 0x55, 0x40, 0xBF, 0x40, 0x00, 0x01, 0xFF, 0x00, 0x00,
    0x03, 0xFD, 0x00, 0x00, 0x07, 0xFE, 0x00, 0x18, 0x0F, 0xFF, 0xFF, 0xF0, 0x0B, 0xFF, 0xFF, 0xC0,
    0x07, 0xFF, 0xF9, 0x00, 0x00, 0x00, 0x00, 0x00, 0x00, 0x00, 0x02, 0xFF, 0xE4, 0x1F, 0xFF, 0xFD,
    0x3F, 0xFF, 0xFC, 0xBF, 0x80, 0x78, 0xBF, 0x00, 0x00, 0xBF, 0x00, 0x00, 0xBF, 0xC0, 0x00, 0x3F,
    0xF8, 0x00, 0x1F, 0xFF, 0x80, 0x03, 0xFF, 0xF0, 0x00, 0x7F, 0xFC, 0x00, 0x07, 0xFD, 0x00, 0x00,
    0xFE, 0x00, 0x00, 0xFE, 0xE4, 0x02, 0xFD, 0xFF, 0xFF, 0xFC, 0xFF, 0xFF, 0xF4, 0x6F, 0xFF, 0x80,
    0x00, 0x00, 0x00, 0xBF, 0xFF, 0xFF, 0xFF, 0xFF, 0xFF, 0xFF, 0xFF, 0xFF, 0xFF, 0xFF, 0xFF, 0xFF,
    0xFF, 0xFF, 0xFF, 0xFF, 0xFF, 0x00, 0x04, 0x7D, 0x3E, 0xBE, 0x7F, 0x7D, 0x3E, 0x00, 0x04, 0x00,
    0x00, 0x0B, 0xF0, 0x0F, 0xF0, 0x0F, 0xF0, 0x0F, 0xF0, 0x0F, 0xF0, 0x0F, 0xF0, 0x0F, 0xF0, 0x0F,
    0xF0, 0x0F, 0xF0, 0x0F, 0xF0, 0x0F, 0xF0, 0x0F, 0xF0, 0x0F, 0xF0, 0x0F, 0xF0, 0x0F, 0xF0, 0x0F,
    0xF0, 0x0F, 0xF0, 0x0F, 0xF0, 0x00, 0xBF, 0x00, 0x3F, 0xC0, 0x0F, 0xF0, 0x03, 0xFC, 0x00, 0xFF,
    0x00, 0x3F, 0xC0, 0x0F, 0xF0, 0x03, 0xFC, 0x00, 0xFF, 0x00, 0x3F, 0xC0, 0x0F, 0xF0, 0x03, 0xFC,
    0x00, 0xFF, 0x00, 0x3F, 0xC0, 0x0F, 0xF0, 0x03, 0xFC, 0x00, 0xFF, 0x00, 0x3F, 0xC0, 0x0F, 0xF0,
    0x0B, 0xF8, 0xFF, 0xFD, 0x3F, 0xFE, 0x0F, 0xFD, 0x00, 0x00, 0x00, 0x00, 0xBF, 0xFF, 0xFE, 0x00,
    0x00, 0x00, 0x3F, 0xFF, 0xFF, 0xC0, 0x00, 0x00, 0x0F, 0xFF, 0xFF, 0xF0, 0x00, 0x00, 0x03, 0xF9,
    0x57, 0xFC, 0x00, 0x00, 0x00, 0xFD, 0x00, 0xFF, 0x00, 0x00, 0x00, 0x3F, 0x40, 0x3F, 0xC0, 0x00,
    0x00, 0x0F, 0xD0, 0x0F, 0xFA, 0xA4, 0x00, 0x03, 0xF4, 0x03, 0xFF, 0xFF, 0xE0, 0x00, 0xFC, 0x00,
    0xFF, 0xFF, 0xFE, 0x00, 0x7F, 0x00, 0x3F, 0xD6, 0xFF, 0xC0, 0x1F, 0xC0, 0x0F, 0xF0, 0x0B, 0xF8,
    0x07, 0xF0, 0x03, 0xFC, 0x00, 0xFE, 0x02, 0xFC, 0x00, 0xFF, 0x00, 0x3F, 0x80, 0xFF, 0x00, 0x3F,
    0xC0, 0x1F, 0xE0, 0x7F, 0x80, 0x0F, 0xF0, 0x2F, 0xF7, 0xFF, 0xD0, 0x03, 0xFF, 0xFF, 0xFC, 0xFF,
    0xF0, 0x00, 0xFF, 0xFF, 0xFC, 0x3F, 0xF0, 0x00, 0x3F, 0xFF, 0xE4, 0x00, 0x40, 0x00, 0x00, 0x00,
    0x00, 0x00, 0xBF, 0x00, 0x03, 0xF4, 0x00, 0x00, 0xFF, 0x00, 0x07, 0xF8, 0x00, 0x00, 0xFF, 0x00,
    0x07, 0xF8, 0x00, 0x00, 0xFF, 0x00, 0x07, 0xF8, 0x00, 0x00, 0xFF, 0x00, 0x07, 0xF8, 0x00, 0x00,
    0xFF, 0x00, 0x07, 0xF8, 0x00, 0x00, 0xFF, 0x00, 0x07, 0xF8, 0x00, 0x00, 0xFF, 0xFF, 0xFF, 0xFF,
    0xFF, 0x40, 0xFF, 0xFF, 0xFF, 0xFF, 0xFF, 0xF0, 0xFF, 0xFF, 0xFF, 0xFF, 0xFF, 0xF8, 0xFF, 0x00,
    0x07, 0xF8, 0x07, 0xFC, 0xFF, 0x00, 0x07, 0xF8, 0x02, 0xFD, 0xFF, 0x00, 0x07, 0xF8, 0x01, 0xFD,
    0xFF, 0x00, 0x07, 0xF8, 0x02, 0xFD, 0xFF, 0x00, 0x07, 0xF8, 0x1B, 0xFC, 0xFF, 0x00, 0x07, 0xFF,
    0xFF, 0xF8, 0xFF, 0x00, 0x07, 0xFF, 0xFF, 0xE0, 0xFF, 0x00, 0x07, 0xFF, 0xFE, 0x40, 0x7F, 0xFF,
    0xFF, 0xE0, 0x0B, 0xFF, 0xFF, 0xFF, 0x00, 0xBF, 0xFF, 0xFF, 0xF0, 0x01, 0x5B, 0xF9, 0x54, 0x00,
    0x00, 0x7F, 0x40, 0x00, 0x00, 0x07, 0xF4, 0x00, 0x00, 0x00, 0x7F, 0x40, 0x00, 0x00, 0x07, 0xFA,
    0xFF, 0x80, 0x00, 0x7F, 0xFF, 0xFF, 0x40, 0x07, 0xFF, 0xFF, 0xFC, 0x00, 0x7F, 0xD0, 0x7F, 0xE0,
    0x07, 0xF4, 0x00, 0xFF, 0x00, 0x7F, 0x40, 0x0F, 0xF0, 0x07, 0xF4, 0x00, 0xFF, 0x00, 0x7F, 0x40,
    0x0F, 0xF0, 0x07, 0xF4, 0x00, 0xFF, 0x00, 0x7F, 0x40, 0x0F, 0xF0, 0x07, 0xF4, 0x00, 0xFF, 0x00,
    0x00, 0x00, 0x00, 0x00, 0x03, 0xFC, 0x00, 0x00, 0x0F, 0xF0, 0x00, 0x00, 0x1F, 0xC0, 0x00, 0x00,
    0x3E, 0x00, 0x00, 0x00, 0x00, 0x00, 0x00, 0xBF, 0x00, 0x0B, 0xF0, 0xFF, 0x00, 0x1F, 0xE0, 0xFF,
    0x00, 0x3F, 0xC0, 0xFF, 0x00, 0xBF, 0x40, 0xFF, 0x01, 0xFE, 0x00, 0xFF, 0x03, 0xFC, 0x00, 0xFF,
    0x0B, 0xF4, 0x00, 0xFF, 0xFF, 0xE0, 0x00, 0xFF, 0xFF, 0xC0, 0x00, 0xFF, 0xFF, 0xE0, 0x00, 0xFF,
    0x5F, 0xF0, 0x00, 0xFF, 0x07, 0xFC, 0x00, 0xFF, 0x03, 0xFE, 0x00, 0xFF, 0x00, 0xFF, 0x00, 0xFF,
    0x00, 0x7F, 0xC0, 0xFF, 0x00, 0x3F, 0xE0, 0xFF, 0x00, 0x0F, 0xF0, 0xFF, 0x00, 0x0B, 0xFC, 0x00,
    0x00, 0x00, 0x00, 0x00, 0xBF, 0x80, 0x00, 0x00, 0x2F, 0xD0, 0x00, 0x00, 0x07, 0xF0, 0x00, 0x00,
    0x01, 0xF4, 0x00, 0x00, 0x00, 0x00, 0x00, 0xBF, 0x00, 0x07, 0xFD, 0xFF, 0x00, 0x0F, 0xFD, 0xFF,
    0x00, 0x1F, 0xFD, 0xFF, 0x00, 0x3F, 0xFD, 0xFF, 0x00, 0x7F, 0xFD, 0xFF, 0x00, 0xFE, 0xFD, 0xFF,
    0x02, 0xFD, 0xFD, 0xFF, 0x03, 0xF5, 0xFD, 0xFF, 0x0B, 0xF1, 0xFD, 0xFF, 0x0F, 0xD1, 0xFD, 0xFF,
    0x2F, 0xC1, 0xFD, 0xFF, 0x3F, 0x41, 0xFD, 0xFF, 0xBF, 0x01, 0xFD, 0xFF, 0xFC, 0x01, 0xFD, 0xFF,
    0xF8, 0x01, 0xFD, 0xFF, 0xF0, 0x01, 0xFD, 0xFF, 0xE0, 0x01, 0xFD, 0xFF, 0xC0, 0x01, 0xFD, 0x00,
    0x54, 0x05, 0x40, 0x00, 0x7F, 0x03, 0xF4, 0x00, 0x0F, 0xFB, 0xFC, 0x00, 0x01, 0xFF, 0xFC, 0x00,
    0x00, 0x06, 0xA4, 0x00, 0x00, 0x00, 0x00, 0x00, 0x0B, 0xF4, 0x00, 0x0B, 0xF0, 0xFF, 0x00, 0x03,
    0xF8, 0x2F, 0xC0, 0x02, 0xFC, 0x03, 0xF8, 0x00, 0xFE, 0x00, 0xFF, 0x00, 0x7F, 0x40, 0x1F, 0xD0,
    0x2F, 0xC0, 0x03, 0xFC, 0x0F, 0xD0, 0x00, 0x7F, 0x4B, 0xF0, 0x00, 0x0F, 0xE3, 0xF8, 0x00, 0x01,
    0xFD, 0xFC, 0x00, 0x00, 0x3F, 0xFE, 0x00, 0x00, 0x07, 0xFF, 0x40, 0x00, 0x00, 0xFF, 0xC0, 0x00,
    0x00, 0x3F, 0xD0, 0x00, 0x00, 0x2F, 0xF0, 0x00, 0x07, 0xFF, 0xF4, 0x00, 0x01, 0xFF, 0xF4, 0x00,
    0x00, 0x7F, 0xF4, 0x00, 0x00, 0x00, 0x00, 0x00, 0x00, 0x00, 0xBF, 0x00, 0x02, 0xFF, 0xFC, 0x00,
    0x0F, 0xFF, 0xF0, 0x00, 0x3F, 0xFF, 0xC0, 0x00, 0xFF, 0xFF, 0x00, 0x03, 0xFF, 0xFC, 0x00, 0x0F,
    0xFF, 0xF0, 0x00, 0x3F, 0xFF, 0xC0, 0x00, 0xFF, 0xFF, 0x00, 0x03, 0xFF, 0xFC, 0x00, 0x0F, 0xFF,
    0xF0, 0x00, 0x3F, 0xFF, 0xC0, 0x00, 0xFF, 0xFF, 0x00, 0x03, 0xFF, 0xFC, 0x00, 0x0F, 0xFF, 0xF0,
    0x00, 0x3F, 0xFF, 0xFF, 0xFF, 0xFF, 0xFF, 0xFF, 0xFF, 0xFF, 0xFF, 0xFF, 0xFF, 0xF0, 0x01, 0xFD,
    0x00, 0x00, 0x07, 0xF4, 0x00, 0x00, 0x1F, 0xD0, 0x00, 0x00, 0x2A, 0x40, 0x00, 0x00, 0x0F, 0xFC,
    0x00, 0x00, 0x00, 0xFF, 0xD0, 0x00, 0x00, 0x2F, 0xFF, 0x00, 0x00, 0x03, 0xFB, 0xF0, 0x00, 0x00,
    0x7F, 0x3F, 0x80, 0x00, 0x0B, 0xF2, 0xFC, 0x00, 0x00, 0xFE, 0x1F, 0xC0, 0x00, 0x1F, 0xD0, 0xFE,
    0x00, 0x02, 0xFC, 0x0F, 0xF0, 0x00, 0x3F, 0xC0, 0x7F, 0x40, 0x07, 0xF9, 0x5B, 0xF8, 0x00, 0xBF,
    0xFF, 0xFF, 0xC0, 0x0F, 0xFF, 0xFF, 0xFD, 0x01, 0xFF, 0xFF, 0xFF, 0xE0, 0x3F, 0xD0, 0x00, 0xFF,
    0x03, 0xFC, 0x00, 0x0B, 0xF4, 0x7F, 0x80, 0x00, 0x7F, 0xCF, 0xF4, 0x00, 0x03, 0xFC, 0xBF, 0xFF,
    0xFE, 0x0F, 0xFF, 0xFF, 0xF0, 0xFF, 0xFF, 0xFF, 0x0F, 0xF5, 0x55, 0x40, 0xFF, 0x00, 0x00, 0x0F,
    0xF0, 0x00, 0x00, 0xFF, 0x00, 0x00, 0x0F, 0xFF, 0xFE, 0x00, 0xFF, 0xFF, 0xFD, 0x0F, 0xFF, 0xFF,
    0xF4, 0xFF, 0x01, 0xFF, 0xCF, 0xF0, 0x03, 0xFC, 0xFF, 0x00, 0x3F, 0xCF, 0xF0, 0x03, 0xFC, 0xFF,
    0x01, 0xFF, 0x8F, 0xFF, 0xFF, 0xF0, 0xFF, 0xFF, 0xFD, 0x0F, 0xFF, 0xFE, 0x00, 0xBF, 0xFF, 0x90,
    0x0F, 0xFF, 0xFF, 0xE0, 0xFF, 0xFF, 0xFF, 0x4F, 0xF0, 0x1F, 0xFC, 0xFF, 0x00, 0x3F, 0xCF, 0xF0,
    0x03, 0xFC, 0xFF, 0x00, 0x7F, 0x8F, 0xFA, 0xBF, 0xF0, 0xFF, 0xFF, 0xF8, 0x0F, 0xFF, 0xFF, 0xF0,
    0xFF, 0x01, 0xBF, 0xCF, 0xF0, 0x03, 0xFD, 0xFF, 0x00, 0x2F, 0xDF, 0xF0, 0x02, 0xFD, 0xFF, 0x00,
    0xBF, 0xCF, 0xFF, 0xFF, 0xF8, 0xFF, 0xFF, 0xFE, 0x0F, 0xFF, 0xFE, 0x40, 0xBF, 0xFF, 0xFC, 0xFF,
    0xFF, 0xFD, 0xFF, 0xFF, 0xFD, 0xFF, 0x55, 0x54, 0xFF, 0x00, 0x00, 0xFF, 0x00, 0x00, 0xFF, 0x00,
    0x00, 0xFF, 0x00, 0x00, 0xFF, 0x00, 0x00, 0xFF, 0x00, 0x00, 0xFF, 0x00, 0x00, 0xFF, 0x00, 0x00,
    0xFF, 0x00, 0x00, 0xFF, 0x00, 0x00, 0xFF, 0x00, 0x00, 0xFF, 0x00, 0x00, 0xFF, 0x00, 0x00, 0xFF,
    0x00, 0x00, 0x00, 0x7F, 0xFF, 0xFF, 0x80, 0x00, 0x7F, 0xFF, 0xFF, 0xC0, 0x00, 0x7F, 0xFF, 0xFF,
    0xC0, 0x00, 0x7F, 0x55, 0x7F, 0xC0, 0x00, 0x7F, 0x00, 0x3F, 0xC0, 0x00, 0xBF, 0x00, 0x3F, 0xC0,
    0x00, 0xBF, 0x00, 0x3F, 0xC0, 0x00, 0xBF, 0x00, 0x3F, 0xC0, 0x00, 0xBF, 0x00, 0x3F, 0xC0, 0x00,
    0xFE, 0x00, 0x3F, 0xC0, 0x00, 0xFE, 0x00, 0x3F, 0xC0, 0x00, 0xFD, 0x00, 0x3F, 0xC0, 0x01, 0xFC,
    0x00, 0x3F, 0xC0, 0x03, 0xFC, 0x00, 0x3F, 0xC0, 0x0B, 0xF4, 0x00, 0x3F, 0xC0, 0xFF, 0xFF, 0xFF,
    0xFF, 0xFC, 0xFF, 0xFF, 0xFF, 0xFF, 0xFC, 0xFF, 0xFF, 0xFF, 0xFF, 0xFC, 0xFF, 0x00, 0x00, 0x02,
    0xFC, 0xFF, 0x00, 0x00, 0x02, 0xFC, 0xFF, 0x00, 0x00, 0x02, 0xFC, 0xAA, 0x00, 0x00, 0x01, 0xA8,
    0xBF, 0xFF, 0xFB, 0xFF, 0xFF, 0xEF, 0xFF, 0xFF, 0xBF, 0xD5, 0x54, 0xFF, 0x00, 0x03, 0xFC, 0x00,
    0x0F, 0xF0, 0x00, 0x3F, 0xFF, 0xFC, 0xFF, 0xFF, 0xF3, 0xFF, 0xFF, 0xCF, 0xF5, 0x55, 0x3F, 0xC0,
    0x00, 0xFF, 0x00, 0x03, 0xFC, 0x00, 0x0F, 0xF0, 0x00, 0x3F, 0xFF, 0xFE, 0xFF, 0xFF, 0xFB, 0xFF,
    0xFF, 0xE0, 0x3F, 0xC0, 0x07, 0xF4, 0x00, 0xFE, 0x07, 0xF8, 0x01, 0xFD, 0x00, 0xBF, 0x40, 0xBF,
    0x00, 0x7F, 0x40, 0x7F, 0x80, 0x0F, 0xF0, 0x1F, 0xD0, 0x3F, 0xC0, 0x01, 0xFE, 0x07, 0xF4, 0x2F,
    0xD0, 0x00, 0x2F, 0xC1, 0xFD, 0x1F, 0xE0, 0x00, 0x03, 0xFC, 0x7F, 0x4F, 0xF0, 0x00, 0x00, 0x7F,
    0xFF, 0xFF, 0xF4, 0x00, 0x00, 0x0F, 0xFF, 0xFF, 0xFC, 0x00, 0x00, 0x07, 0xFF, 0xFF, 0xFF, 0x40,
    0x00, 0x03, 0xFD, 0xBF, 0x9F, 0xF0, 0x00, 0x02, 0xFE, 0x1F, 0xD2, 0xFE, 0x00, 0x01, 0xFF, 0x07,
    0xF4, 0x3F, 0xC0, 0x00, 0xFF, 0x41, 0xFD, 0x07, 0xFC, 0x00, 0xBF, 0x80, 0x7F, 0x40, 0xFF, 0x40,
    0x3F, 0xC0, 0x1F, 0xD0, 0x0F, 0xF0, 0x3F, 0xD0, 0x07, 0xF4, 0x02, 0xFF, 0x1F, 0xF0, 0x01, 0xFD,
    0x00, 0x3F, 0xD0, 0x00, 0x00, 0x00, 0x06, 0xFF, 0xF4, 0x0F, 0xFF, 0xFF, 0xC1, 0xFF, 0xFF, 0xF8,
    0x39, 0x02, 0xFF, 0x00, 0x00, 0x3F, 0xC0, 0x00, 0x0F, 0xF0, 0x00, 0x07, 0xF8, 0x06, 0xBF, 0xF8,
    0x02, 0xFF, 0xF4, 0x00, 0xBF, 0xFF, 0x80, 0x05, 0x5F, 0xFC, 0x00, 0x00, 0xBF, 0x40, 0x00, 0x1F,
    0xD0, 0x00, 0x0B, 0xF6, 0x40, 0x07, 0xFC, 0xFF, 0xFF, 0xFF, 0x3F, 0xFF, 0xFF, 0x07, 0xFF, 0xFD,
    0x00, 0x00, 0x00, 0x00, 0xBF, 0x00, 0x07, 0xFD, 0xFF, 0x00, 0x0F, 0xFD, 0xFF, 0x00, 0x1F, 0xFD,
    0xFF, 0x00, 0x3F, 0xFD, 0xFF, 0x00, 0x7F, 0xFD, 0xFF, 0x00, 0xFE, 0xFD, 0xFF, 0x02, 0xFD, 0xFD,
    0xFF, 0x03, 0xF5, 0xFD, 0xFF, 0x0B, 0xF1, 0xFD, 0xFF, 0x0F, 0xD1, 0xFD, 0xFF, 0x2F, 0xC1, 0xFD,
    0xFF, 0x3F, 0x41, 0xFD, 0xFF, 0xBF, 0x01, 0xFD, 0xFF, 0xFC, 0x01, 0xFD, 0xFF, 0xF8, 0x01, 0xFD,
    0xFF, 0xF0, 0x01, 0xFD, 0xFF, 0xE0, 0x01, 0xFD, 0xFF, 0xC0, 0x01, 0xFD, 0x01, 0x50, 0x05, 0x40,
    0x03, 0xF4, 0x2F, 0x80, 0x02, 0xFE, 0xBF, 0x40, 0x00, 0xBF, 0xFE, 0x00, 0x00, 0x1A, 0x90, 0x00,
    0x00, 0x00, 0x00, 0x00, 0xBF, 0x00, 0x07, 0xFD, 0xFF, 0x00, 0x0F, 0xFD, 0xFF, 0x00, 0x1F, 0xFD,
    0xFF, 0x00, 0x3F, 0xFD, 0xFF, 0x00, 0x7F, 0xFD, 0xFF, 0x00, 0xFE, 0xFD, 0xFF, 0x02, 0xFD, 0xFD,
    0xFF, 0x03, 0xF5, 0xFD, 0xFF, 0x0B, 0xF1, 0xFD, 0xFF, 0x0F, 0xD1, 0xFD, 0xFF, 0x2F, 0xC1, 0xFD,
    0xFF, 0x3F, 0x41, 0xFD, 0xFF, 0xBF, 0x01, 0xFD, 0xFF, 0xFC, 0x01, 0xFD, 0xFF, 0xF8, 0x01, 0xFD,
    0xFF, 0xF0, 0x01, 0xFD, 0xFF, 0xE0, 0x01, 0xFD, 0xFF, 0xC0, 0x01, 0xFD, 0xBF, 0x00, 0x0B, 0xF0,
    0xFF, 0x00, 0x1F, 0xE0, 0xFF, 0x00, 0x3F, 0xC0, 0xFF, 0x00, 0xBF, 0x40, 0xFF, 0x01, 0xFE, 0x00,
    0xFF, 0x03, 0xFC, 0x00, 0xFF, 0x0B, 0xF4, 0x00, 0xFF, 0xFF, 0xE0, 0x00, 0xFF, 0xFF, 0xC0, 0x00,
    0xFF, 0xFF, 0xE0, 0x00, 0xFF, 0x5F, 0xF0, 0x00, 0xFF, 0x07, 0xFC, 0x00, 0xFF, 0x03, 0xFE, 0x00,
    0xFF, 0x00, 0xFF, 0x00, 0xFF, 0x00, 0x7F, 0xC0, 0xFF, 0x00, 0x3F, 0xE0, 0xFF, 0x00, 0x0F, 0xF0,
    0xFF, 0x00, 0x0B, 0xFC, 0x00, 0xFF, 0xFF, 0xFF, 0x00, 0x3F, 0xFF, 0xFF, 0xC0, 0x0F, 0xFF, 0xFF,
    0xF0, 0x03, 0xF9, 0x57, 0xFC, 0x00, 0xFD, 0x00, 0xBF, 0x00, 0x3F, 0x40, 0x2F, 0xC0, 0x0F, 0xD0,
    0x0B, 0xF0, 0x07, 0xF0, 0x02, 0xFC, 0x01, 0xFC, 0x00, 0xBF, 0x00, 0x7F, 0x00, 0x2F, 0xC0, 0x1F,
    0xC0, 0x0B, 0xF0, 0x0B, 0xF0, 0x02, 0xFC, 0x02, 0xFC, 0x00, 0xBF, 0x00, 0xFF, 0x00, 0x2F, 0xC0,
    0xBF, 0x80, 0x0B, 0xF3, 0xFF, 0xD0, 0x02, 0xFC, 0xFF, 0xF0, 0x00, 0xBF, 0x3F, 0xE0, 0x00, 0x2F,
    0xC0, 0x40, 0x00, 0x00, 0x00, 0xBF, 0xD0, 0x00, 0x0F, 0xFD, 0xFF, 0xF0, 0x00, 0x1F, 0xFD, 0xFF,
    0xF0, 0x00, 0x2F, 0xFD, 0xFF, 0xF4, 0x00, 0x3F, 0xFD, 0xFF, 0xF8, 0x00, 0x7F, 0xFD, 0xFE, 0xFC,
    0x00, 0xBD, 0xFD, 0xFE, 0xBD, 0x00, 0xFC, 0xFD, 0xFE, 0x7E, 0x00, 0xF8, 0xFD, 0xFE, 0x3F, 0x02,
    0xF4, 0xFD, 0xFE, 0x3F, 0x43, 0xF0, 0xFD, 0xFE, 0x2F, 0x83, 0xE0, 0xFD, 0xFE, 0x0F, 0xCB, 0xD0,
    0xFD, 0xFE, 0x0F, 0xCF, 0xC0, 0xFD, 0xFE, 0x0B, 0xEF, 0xC0, 0xFD, 0xFE, 0x07, 0xFF, 0x40, 0xFD,
    0xFE, 0x03, 0xFF, 0x00, 0xFD, 0xFE, 0x02, 0xFF, 0x00, 0xFD, 0xFE, 0x01, 0xFD, 0x00, 0xFD, 0xBF,
    0x00, 0x02, 0xFF, 0xFC, 0x00, 0x0F, 0xFF, 0xF0, 0x00, 0x3F, 0xFF, 0xC0, 0x00, 0xFF, 0xFF, 0x00,
    0x03, 0xFF, 0xFC, 0x00, 0x0F, 0xFF, 0xF0, 0x00, 0x3F, 0xFF, 0xFF, 0xFF, 0xFF, 0xFF, 0xFF, 0xFF,
    0xFF, 0xFF, 0xFF, 0xFF, 0xFF, 0xF5, 0x55, 0x7F, 0xFF, 0xC0, 0x00, 0xFF, 0xFF, 0x00, 0x03, 0xFF,
    0xFC, 0x00, 0x0F, 0xFF, 0xF0, 0x00, 0x3F, 0xFF, 0xC0, 0x00, 0xFF, 0xFF, 0x00, 0x03, 0xFF, 0xFC,
    0x00, 0x0F, 0xF0, 0x00, 0x00, 0x00, 0x00, 0x00, 0x02, 0xFF, 0xF4, 0x00, 0x02, 0xFF, 0xFF, 0xF0,
    0x00, 0xBF, 0xFF, 0xFF, 0xC0, 0x1F, 0xF8, 0x07, 0xFF, 0x03, 0xFE, 0x00, 0x0F, 0xF4, 0x3F, 0xC0,
    0x00, 0x7F, 0x87, 0xF8, 0x00, 0x03, 0xFC, 0xBF, 0x40, 0x00, 0x3F, 0xCB, 0xF4, 0x00, 0x03, 0xFC,
    0xBF, 0x40, 0x00, 0x3F, 0xCB, 0xF4, 0x00, 0x03, 0xFC, 0x7F, 0x80, 0x00, 0x3F, 0xC7, 0xFC, 0x00,
    0x07, 0xF8, 0x3F, 0xD0, 0x00, 0xFF, 0x41, 0xFF, 0x80, 0x7F, 0xF0, 0x0F, 0xFF, 0xFF, 0xFC, 0x00,
    0x2F, 0xFF, 0xFF, 0x40, 0x00, 0x7F, 0xFF, 0x80, 0x00, 0x00, 0x00, 0x00, 0x00, 0xBF, 0xFF, 0xFF,
    0xFB, 0xFF, 0xFF, 0xFF, 0xFF, 0xFF, 0xFF, 0xFF, 0xFF, 0xD5, 0x55, 0xFF, 0xFF, 0x00, 0x03, 0xFF,
    0xFC, 0x00, 0x0F, 0xFF, 0xF0, 0x00, 0x3F, 0xFF, 0xC0, 0x00, 0xFF, 0xFF, 0x00, 0x03, 0xFF, 0xFC,
    0x00, 0x0F, 0xFF, 0xF0, 0x00, 0x3F, 0xFF, 0xC0, 0x00, 0xFF, 0xFF, 0x00, 0x03, 0xFF, 0xFC, 0x00,
    0x0F, 0xFF, 0xF0, 0x00, 0x3F, 0xFF, 0xC0, 0x00, 0xFF, 0xFF, 0x00, 0x03, 0xFF, 0xFC, 0x00, 0x0F,
    0xF0, 0xBF, 0xFE, 0x80, 0x3F, 0xFF, 0xFE, 0x0F, 0xFF, 0xFF, 0xE3, 0xFD, 0x5B, 0xFC, 0xFF, 0x00,
    0xBF, 0x7F, 0xC0, 0x1F, 0xDF, 0xF0, 0x07, 0xF7, 0xFC, 0x03, 0xFD, 0xFF, 0x57, 0xFF, 0x3F, 0xFF,
    0xFF, 0x4F, 0xFF, 0xFF, 0x43, 0xFF, 0xE9, 0x00, 0xFF, 0x00, 0x00, 0x3F, 0xC0, 0x00, 0x0F, 0xF0,
    0x00, 0x03, 0xFC, 0x00, 0x00, 0xFF, 0x00, 0x00, 0x3F, 0xC0, 0x00, 0x00, 0x00, 0x00, 0x00, 0x00,
    0x00, 0xBF, 0xFE, 0x40, 0x1F, 0xFF, 0xFF, 0x02, 0xFF, 0xFF, 0xF8, 0x1F, 0xFD, 0x01, 0xC0, 0xFF,
    0x80, 0x00, 0x03, 0xFC, 0x00, 0x00, 0x1F, 0xE0, 0x00, 0x00, 0xBF, 0x40, 0x00, 0x02, 0xFD, 0x00,
    0x00, 0x0B, 0xF4, 0x00, 0x00, 0x2F, 0xD0, 0x00, 0x00, 0x7F, 0x80, 0x00, 0x01, 0xFF, 0x00, 0x00,
    0x03, 0xFE, 0x00, 0x00, 0x07, 0xFE, 0x00, 0x24, 0x0F, 0xFF, 0xFF, 0xE0, 0x0B, 0xFF, 0xFF, 0x80,
    0x07, 0xFF, 0xF9, 0x00, 0x00, 0x00, 0x00, 0x7F, 0xFF, 0xFF, 0xFB, 0xFF, 0xFF, 0xFF, 0xBF, 0xFF,
    0xFF, 0xF1, 0x57, 0xFD, 0x55, 0x00, 0x2F, 0xC0, 0x00, 0x02, 0xFC, 0x00, 0x00, 0x2F, 0xC0, 0x00,
    0x02, 0xFC, 0x00, 0x00, 0x2F, 0xC0, 0x00, 0x02, 0xFC, 0x00, 0x00, 0x2F, 0xC0, 0x00, 0x02, 0xFC,
    0x00, 0x00, 0x2F, 0xC0, 0x00, 0x02, 0xFC, 0x00, 0x00, 0x2F, 0xC0, 0x00, 0x02, 0xFC, 0x00, 0x00,
    0x2F, 0xC0, 0x00, 0x02, 0xFC, 0x00, 0xBF, 0x40, 0x00, 0xBF, 0x0F, 0xF0, 0x00, 0x3F, 0x82, 0xFC,
    0x00, 0x2F, 0xC0, 0x3F, 0x80, 0x0F, 0xE0, 0x0F, 0xF0, 0x07, 0xF4, 0x01, 0xFD, 0x02, 0xFC, 0x00,
    0x3F, 0xC0, 0xFD, 0x00, 0x07, 0xF4, 0xBF, 0x00, 0x00, 0xFE, 0x3F, 0x80, 0x00, 0x1F, 0xDF, 0xC0,
    0x00, 0x03, 0xFF, 0xE0, 0x00, 0x00, 0x7F, 0xF4, 0x00, 0x00, 0x0F, 0xFC, 0x00, 0x00, 0x03, 0xFD,
    0x00, 0x00, 0x02, 0xFF, 0x00, 0x00, 0x7F, 0xFF, 0x40, 0x00, 0x1F, 0xFF, 0x40, 0x00, 0x07, 0xFF,
    0x40, 0x00, 0x00, 0x00, 0x00, 0x00, 0x00, 0x00, 0x00, 0x00, 0x00, 0x00, 0x00, 0x00, 0x2F, 0xC0,
    0x00, 0x00, 0x00, 0x0B, 0xF0, 0x00, 0x00, 0x01, 0xBF, 0xFF, 0xE4, 0x00, 0x03, 0xFF, 0xFF, 0xFF,
    0xD0, 0x03, 0xFF, 0xFF, 0xFF, 0xFE, 0x03, 0xFF, 0x4B, 0xF0, 0x7F, 0xD0, 0xFF, 0x02, 0xFC, 0x07,
    0xFC, 0x7F, 0x40, 0xBF, 0x00, 0xFF, 0x2F, 0xC0, 0x2F, 0xC0, 0x2F, 0xCB, 0xF0, 0x0B, 0xF0, 0x0B,
    0xF1, 0xFD, 0x02, 0xFC, 0x03, 0xFC, 0x3F, 0xC0, 0xBF, 0x01, 0xFF, 0x0F, 0xFD, 0x2F, 0xC2, 0xFF,
    0x40, 0xFF, 0xFF, 0xFF, 0xFF, 0x80, 0x0B, 0xFF, 0xFF, 0xFF, 0x40, 0x00, 0x2F, 0xFF, 0xF9, 0x00,
    0x00, 0x00, 0x2F, 0xC0, 0x00, 0x00, 0x00, 0x0B, 0xF0, 0x00, 0x00, 0x00, 0x00, 0x54, 0x00, 0x00,
    0x7F, 0x80, 0x00, 0xFF, 0x0F, 0xF4, 0x00, 0xBF, 0x40, 0xFF, 0x00, 0x3F, 0xC0, 0x1F, 0xE0, 0x3F,
    0xC0, 0x03, 0xFC, 0x1F, 0xE0, 0x00, 0x3F, 0xCF, 0xF0, 0x00, 0x0B, 0xFF, 0xF0, 0x00, 0x00, 0xFF,
    0xF8, 0x00, 0x00, 0x1F, 0xFC, 0x00, 0x00, 0x0B, 0xFF, 0x00, 0x00, 0x03, 0xFF, 0xE0, 0x00, 0x03,
    0xFE, 0xFD, 0x00, 0x01, 0xFD, 0x3F, 0xC0, 0x00, 0xFF, 0x07, 0xF8, 0x00, 0xBF, 0x00, 0xFF, 0x40,
    0x7F, 0x80, 0x0F, 0xF0, 0x3F, 0xC0, 0x02, 0xFE, 0x2F, 0xD0, 0x00, 0x3F, 0xD0, 0xBF, 0x00, 0x03,
    0xF8, 0x0F, 0xF0, 0x00, 0x3F, 0xC0, 0xFF, 0x00, 0x03, 0xFC, 0x0F, 0xF0, 0x00, 0x3F, 0xC0, 0xFF,
    0x00, 0x03, 0xFC, 0x0F, 0xF0, 0x00, 0x3F, 0xC0, 0xFF, 0x00, 0x03, 0xFC, 0x0F, 0xF0, 0x00, 0x3F,
    0xC0, 0xFF, 0x00, 0x03, 0xFC, 0x0F, 0xF0, 0x00, 0x3F, 0xC0, 0xFF, 0x00, 0x03, 0xFC, 0x0F, 0xF0,
    0x00, 0x3F, 0xC0, 0xFF, 0x00, 0x03, 0xFC, 0x0F, 0xF0, 0x00, 0x3F, 0xC0, 0xFF, 0x00, 0x03, 0xFC,
    0x0F, 0xFF, 0xFF, 0xFF, 0xFC, 0xFF, 0xFF, 0xFF, 0xFF, 0xCF, 0xFF, 0xFF, 0xFF, 0xFC, 0x00, 0x00,
    0x00, 0x2F, 0xC0, 0x00, 0x00, 0x02, 0xFC, 0x00, 0x00, 0x00, 0x2F, 0xC0, 0x00, 0x00, 0x01, 0xA8,
    0x3F, 0x40, 0x03, 0xF9, 0xFE, 0x00, 0x0F, 0xE7, 0xF8, 0x00, 0x3F, 0x9F, 0xE0, 0x00, 0xFE, 0x7F,
    0x80, 0x03, 0xF9, 0xFE, 0x00, 0x0F, 0xE3, 0xF8, 0x00, 0x3F, 0x8F, 0xF0, 0x00, 0xFE, 0x3F, 0xF5,
    0x6F, 0xF8, 0x7F, 0xFF, 0xFF, 0xE0, 0xBF, 0xFF, 0xFF, 0x80, 0x2B, 0xE5, 0xFE, 0x00, 0x00, 0x03,
    0xF8, 0x00, 0x00, 0x0F, 0xE0, 0x00, 0x00, 0x3F, 0x80, 0x00, 0x00, 0xFE, 0x00, 0x00, 0x03, 0xF8,
    0x00, 0x00, 0x0F, 0xE0, 0xBF, 0x00, 0x1F, 0xC0, 0x03, 0xF7, 0xFC, 0x00, 0xBF, 0x00, 0x1F, 0xEF,
    0xF0, 0x02, 0xFC, 0x00, 0x7F, 0xBF, 0xC0, 0x0B, 0xF0, 0x01, 0xFE, 0xFF, 0x00, 0x2F, 0xC0, 0x07,
    0xFB, 0xFC, 0x00, 0xBF, 0x00, 0x1F, 0xEF, 0xF0, 0x02, 0xFC, 0x00, 0x7F, 0xBF, 0xC0, 0x0B, 0xF0,
    0x01, 0xFE, 0xFF, 0x00, 0x2F, 0xC0, 0x07, 0xFB, 0xFC, 0x00, 0xBF, 0x00, 0x1F, 0xEF, 0xF0, 0x02,
    0xFC, 0x00, 0x7F, 0xBF, 0xC0, 0x0B, 0xF0, 0x01, 0xFE, 0xFF, 0x00, 0x2F, 0xC0, 0x07, 0xFB, 0xFC,
    0x00, 0xBF, 0x00, 0x1F, 0xEF, 0xF0, 0x02, 0xFD, 0x00, 0x7F, 0xBF, 0xFF, 0xFF, 0xFF, 0xFF, 0xFE,
    0xFF, 0xFF, 0xFF, 0xFF, 0xFF, 0xFB, 0xFF, 0xFF, 0xFF, 0xFF, 0xFF, 0xE0, 0xBF, 0x00, 0x2F, 0xC0,
    0x07, 0xF4, 0x3F, 0xC0, 0x0B, 0xF0, 0x02, 0xFD, 0x0F, 0xF0, 0x02, 0xFC, 0x00, 0xBF, 0x43, 0xFC,
    0x00, 0xBF, 0x00, 0x2F, 0xD0, 0xFF, 0x00, 0x2F, 0xC0, 0x0B, 0xF4, 0x3F, 0xC0, 0x0B, 0xF0, 0x02,
    0xFD, 0x0F, 0xF0, 0x02, 0xFC, 0x00, 0xBF, 0x43, 0xFC, 0x00, 0xBF, 0x00, 0x2F, 0xD0, 0xFF, 0x00,
    0x2F, 0xC0, 0x0B, 0xF4, 0x3F, 0xC0, 0x0B, 0xF0, 0x02, 0xFD, 0x0F, 0xF0, 0x02, 0xFC, 0x00, 0xBF,
    0x43, 0xFC, 0x00, 0xBF, 0x00, 0x2F, 0xD0, 0xFF, 0x00, 0x2F, 0xC0, 0x0B, 0xF4, 0x3F, 0xC0, 0x0B,
    0xF0, 0x02, 0xFD, 0x0F, 0xF0, 0x02, 0xFD, 0x00, 0xBF, 0x43, 0xFF, 0xFF, 0xFF, 0xFF, 0xFF, 0xFE,
    0xFF, 0xFF, 0xFF, 0xFF, 0xFF, 0xFF, 0xBF, 0xFF, 0xFF, 0xFF, 0xFF, 0xFF, 0xE0, 0x00, 0x00, 0x00,
    0x00, 0x03, 0xF8, 0x00, 0x00, 0x00, 0x00, 0x00, 0xFE, 0x00, 0x00, 0x00, 0x00, 0x00, 0x3F, 0x80,
    0x00, 0x00, 0x00, 0x00, 0x0F, 0xE0, 0x7F, 0xFF, 0x80, 0x00, 0x0B, 0xFF, 0xFC, 0x00, 0x00, 0xBF,
    0xFF, 0xC0, 0x00, 0x01, 0x57, 0xFC, 0x00, 0x00, 0x00, 0x3F, 0xC0, 0x00, 0x00, 0x03, 0xFC, 0x00,
    0x00, 0x00, 0x3F, 0xEA, 0x50, 0x00, 0x03, 0xFF, 0xFF, 0xD0, 0x00, 0x3F, 0xFF, 0xFF, 0x80, 0x03,
    0xFE, 0xAF, 0xFC, 0x00, 0x3F, 0xC0, 0x2F, 0xE0, 0x03, 0xFC, 0x00, 0xFE, 0x00, 0x3F, 0xC0, 0x0F,
    0xE0, 0x03, 0xFC, 0x01, 0xFE, 0x00, 0x3F, 0xC0, 0xBF, 0xD0, 0x03, 0xFF, 0xFF, 0xFC, 0x00, 0x3F,
    0xFF, 0xFF, 0x00, 0x03, 0xFF, 0xFE, 0x40, 0xBF, 0x00, 0x00, 0x03, 0xFB, 0xFC, 0x00, 0x00, 0x0F,
    0xFF, 0xF0, 0x00, 0x00, 0x3F, 0xFF, 0xC0, 0x00, 0x00, 0xFF, 0xFF, 0x00, 0x00, 0x03, 0xFF, 0xFC,
    0x00, 0x00, 0x0F, 0xFF, 0xFA, 0xA4, 0x00, 0x3F, 0xFF, 0xFF, 0xFE, 0x00, 0xFF, 0xFF, 0xFF, 0xFF,
    0x03, 0xFF, 0xFD, 0x5B, 0xFD, 0x0F, 0xFF, 0xF0, 0x07, 0xF8, 0x3F, 0xFF, 0xC0, 0x0F, 0xF0, 0xFF,
    0xFF, 0x00, 0x3F, 0xC3, 0xFF, 0xFC, 0x01, 0xFF, 0x0F, 0xFF, 0xF0, 0x1F, 0xF4, 0x3F, 0xFF, 0xFF,
    0xFF, 0xC0, 0xFF, 0xFF, 0xFF, 0xFC, 0x03, 0xFF, 0xFF, 0xFE, 0x40, 0x0F, 0xF0, 0xBF, 0x00, 0x00,
    0x3F, 0xC0, 0x00, 0x0F, 0xF0, 0x00, 0x03, 0xFC, 0x00, 0x00, 0xFF, 0x00, 0x00, 0x3F, 0xC0, 0x00,
    0x0F, 0xFA, 0xA4, 0x03, 0xFF, 0xFF, 0xE0, 0xFF, 0xFF, 0xFF, 0x3F, 0xEA, 0xFF, 0xDF, 0xF0, 0x07,
    0xFF, 0xFC, 0x00, 0xFF, 0xFF, 0x00, 0x3F, 0xFF, 0xC0, 0x0F, 0xFF, 0xF0, 0x1F, 0xFB, 0xFF, 0xFF,
    0xFC, 0xFF, 0xFF, 0xFD, 0x3F, 0xFF, 0xF4, 0x00, 0x00, 0x00, 0x00, 0x01, 0xBF, 0xF9, 0x00, 0xFF,
    0xFF, 0xFC, 0x07, 0xFF, 0xFF, 0xF0, 0x39, 0x01, 0xFF, 0x80, 0x00, 0x03, 0xFC, 0x00, 0x00, 0x1F,
    0xE0, 0x00, 0x00, 0xFF, 0x06, 0xAA, 0xAF, 0xF0, 0xBF, 0xFF, 0xFF, 0x0B, 0xFF, 0xFF, 0xF0, 0x55,
    0x55, 0xFF, 0x00, 0x00, 0x0F, 0xF0, 0x00, 0x01, 0xFE, 0x00, 0x00, 0x3F, 0xC5, 0x00, 0x1F, 0xFC,
    0xBF, 0xFF, 0xFF, 0x0B, 0xFF, 0xFF, 0xC0, 0x6F, 0xFF, 0xD0, 0x00, 0x00, 0x00, 0x00, 0x00, 0x00,
    0x00, 0x00, 0x00, 0x02, 0xFC, 0x00, 0x1B, 0xFF, 0x80, 0x0F, 0xF0, 0x02, 0xFF, 0xFF, 0xD0, 0x3F,
    0xC0, 0x2F, 0xFF, 0xFF, 0xC0, 0xFF, 0x01, 0xFF, 0x41, 0xFF, 0xC3, 0xFC, 0x0F, 0xF0, 0x00, 0xFF,
    0x4F, 0xF0, 0x3F, 0x80, 0x01, 0xFE, 0x3F, 0xC1, 0xFD, 0x00, 0x03, 0xFC, 0xFF, 0xFF, 0xF0, 0x00,
    0x0F, 0xF3, 0xFF, 0xFF, 0xC0, 0x00, 0x3F, 0xCF, 0xFF, 0xFF, 0x00, 0x00, 0xFF, 0x3F, 0xD6, 0xFC,
    0x00, 0x03, 0xFC, 0xFF, 0x07, 0xF4, 0x00, 0x0F, 0xF3, 0xFC, 0x0F, 0xE0, 0x00, 0x7F, 0x8F, 0xF0,
    0x3F, 0xC0, 0x03, 0xFD, 0x3F, 0xC0, 0x7F, 0xD0, 0x2F, 0xF0, 0xFF, 0x00, 0xFF, 0xFF, 0xFF, 0x43,
    0xFC, 0x00, 0xFF, 0xFF, 0xF4, 0x0F, 0xF0, 0x00, 0x7F, 0xFE, 0x00, 0x00, 0x00, 0x00, 0x00, 0x00,
    0x00, 0x00, 0x1B, 0xFF, 0xF8, 0x07, 0xFF, 0xFF, 0xF0, 0x3F, 0xFF, 0xFF, 0xC2, 0xFF, 0x55, 0xFF,
    0x0F, 0xF0, 0x03, 0xFC, 0x3F, 0xC0, 0x0F, 0xF0, 0xFF, 0x00, 0x3F, 0xC2, 0xFE, 0x00, 0xFF, 0x03,
    0xFF, 0xAB, 0xFC, 0x07, 0xFF, 0xFF, 0xF0, 0x03, 0xFF, 0xFF, 0xC0, 0x1F, 0xF5, 0xFF, 0x00, 0xFF,
    0x43, 0xFC, 0x0B, 0xF8, 0x0F, 0xF0, 0x3F, 0xC0, 0x3F, 0xC3, 0xFD, 0x00, 0xFF, 0x2F, 0xE0, 0x03,
    0xFC, 0xFF, 0x00, 0x0F, 0xF0, 0x01, 0xBF, 0xE4, 0x00, 0xFF, 0xFF, 0xF0, 0x0B, 0xFF, 0xFF, 0x80,
    0x24, 0x07, 0xFC, 0x00, 0x00, 0x2F, 0xC0, 0x01, 0x5B, 0xFC, 0x03, 0xFF, 0xFF, 0xC0, 0xFF, 0xFB,
    0xFC, 0x3F, 0xD0, 0x2F, 0xC3, 0xFC, 0x02, 0xFC, 0x3F, 0xC0, 0x3F, 0xC3, 0xFF, 0xAF, 0xFC, 0x1F,
    0xFF, 0xDF, 0xC0, 0x7F, 0xF4, 0xBC, 0x00, 0x00, 0x00, 0x00, 0x00, 0x00, 0x00, 0x00, 0x00, 0x6F,
    0xF0, 0x00, 0xFF, 0xFF, 0x00, 0x7F, 0xFF, 0xF4, 0x0F, 0xFE, 0x50, 0x02, 0xFD, 0x00, 0x00, 0x3F,
    0x80, 0x00, 0x07, 0xF1, 0xFF, 0x80, 0xBF, 0xBF, 0xFF, 0x0B, 0xFF, 0xFF, 0xF8, 0xFF, 0xD0, 0x7F,
    0xCF, 0xF4, 0x02, 0xFD, 0xFF, 0x00, 0x1F, 0xDB, 0xF0, 0x01, 0xFE, 0xBF, 0x00, 0x1F, 0xD7, 0xF4,
    0x02, 0xFD, 0x3F, 0xC0, 0x3F, 0xC2, 0xFF, 0xBF, 0xF4, 0x0B, 0xFF, 0xFE, 0x00, 0x1F, 0xFF, 0x40,
    0x00, 0x00, 0x00, 0x00, 0x2A, 0xAA, 0x90, 0x0F, 0xFF, 0xFF, 0x43, 0xFF, 0xFF, 0xF4, 0xFE, 0x02,
    0xFE, 0x3F, 0x80, 0x7F, 0x4F, 0xE5, 0x7F, 0xC3, 0xFF, 0xFF, 0x80, 0xFF, 0xFF, 0xF8, 0x3F, 0x81,
    0xBF, 0x8F, 0xE0, 0x0F, 0xF3, 0xF8, 0x03, 0xFC, 0xFF, 0xAB, 0xFE, 0x3F, 0xFF, 0xFF, 0x0F, 0xFF,
    0xFD, 0x00, 0xAA, 0xAA, 0x9F, 0xFF, 0xFD, 0xFF, 0xFF, 0xDF, 0xF5, 0x54, 0xFE, 0x00, 0x0F, 0xE0,
    0x00, 0xFE, 0x00, 0x0F, 0xE0, 0x00, 0xFE, 0x00, 0x0F, 0xE0, 0x00, 0xFE, 0x00, 0x0F, 0xE0, 0x00,
    0xFE, 0x00, 0x0F, 0xE0, 0x00, 0x01, 0xAA, 0xAA, 0x90, 0x02, 0xFF, 0xFF, 0xF0, 0x02, 0xFF, 0xFF,
    0xF0, 0x03, 0xF8, 0x0F, 0xF0, 0x03, 0xF8, 0x0F, 0xF0, 0x03, 0xF4, 0x0F, 0xF0, 0x03, 0xF4, 0x0F,
    0xF0, 0x03, 0xF4, 0x0F, 0xF0, 0x03, 0xF0, 0x0F, 0xF0, 0x07, 0xF0, 0x0F, 0xF0, 0x0F, 0xE0, 0x0F,
    0xF0, 0xBF, 0xFF, 0xFF, 0xFE, 0xFF, 0xFF, 0xFF, 0xFE, 0xFF, 0xFF, 0xFF, 0xFE, 0xFE, 0x00, 0x00,
    0xFE, 0xFE, 0x00, 0x00, 0xFE, 0xFE, 0x00, 0x00, 0xFE, 0x69, 0x00, 0x00, 0x69, 0x00, 0xBF, 0x90,
    0x02, 0xFF, 0xFE, 0x02, 0xFF, 0xFF, 0xE0, 0xFF, 0x02, 0xFC, 0xBF, 0x00, 0x3F, 0x7F, 0xD5, 0x5F,
    0xEF, 0xFF, 0xFF, 0xFB, 0xFF, 0xFF, 0xFE, 0xFF, 0x00, 0x00, 0x2F, 0xC0, 0x00, 0x07, 0xFC, 0x00,
    0x10, 0xFF, 0xEA, 0xFC, 0x0F, 0xFF, 0xFF, 0x00, 0xBF, 0xFF, 0x40, 0x00, 0x50, 0x00, 0x2A, 0x40,
    0x2A, 0x40, 0x2A, 0x82, 0xFC, 0x03, 0xF8, 0x0B, 0xF4, 0x0F, 0xF0, 0x3F, 0x80, 0xFE, 0x00, 0x3F,
    0x83, 0xF8, 0x3F, 0xC0, 0x02, 0xFC, 0x3F, 0x8B, 0xF0, 0x00, 0x0F, 0xF7, 0xF9, 0xFE, 0x00, 0x00,
    0x3F, 0xFF, 0xFF, 0xC0, 0x00, 0x07, 0xFF, 0xFF, 0xFC, 0x00, 0x00, 0xFF, 0x7F, 0xEF, 0xF0, 0x00,
    0x3F, 0xD3, 0xF8, 0xBF, 0x40, 0x07, 0xF8, 0x3F, 0x83, 0xFC, 0x00, 0xFF, 0x03, 0xF8, 0x1F, 0xF0,
    0x3F, 0xD0, 0x3F, 0x80, 0xBF, 0x8B, 0xF8, 0x03, 0xF8, 0x03, 0xFC, 0x06, 0xFF, 0x90, 0x3F, 0xFF,
    0xF8, 0x2F, 0xFF, 0xFD, 0x04, 0x01, 0xFE, 0x00, 0x00, 0xFD, 0x01, 0x57, 0xFC, 0x03, 0xFF, 0xE0,
    0x03, 0xFF, 0xF8, 0x00, 0x06, 0xFD, 0x00, 0x00, 0xFF, 0x10, 0x00, 0xFF, 0x3F, 0xAB, 0xFE, 0x3F,
    0xFF, 0xFC, 0x2F, 0xFF, 0xE0, 0x00, 0x00, 0x00, 0xA9, 0x00, 0x6A, 0xBF, 0x80, 0x3F, 0xFF, 0xE0,
    0x2F, 0xFF, 0xF8, 0x0F, 0xFF, 0xFE, 0x0B, 0xFF, 0xFF, 0x83, 0xFB, 0xFF, 0xE2, 0xF6, 0xFF, 0xF9,
    0xF8, 0xBF, 0xFE, 0xFC, 0x3F, 0xFF, 0xBE, 0x0F, 0xFF, 0xFF, 0x03, 0xFF, 0xFF, 0x80, 0xFF, 0xFF,
    0xC0, 0x3F, 0xFF, 0xE0, 0x0F, 0xF0, 0x05, 0x40, 0x54, 0x07, 0xF0, 0x3F, 0x00, 0xFE, 0x7F, 0xC0,
    0x1F, 0xFF, 0xC0, 0x00, 0xBF, 0x80, 0x00, 0x00, 0x00, 0x0A, 0x90, 0x06, 0xAB, 0xF8, 0x03, 0xFF,
    0xFE, 0x02, 0xFF, 0xFF, 0x80, 0xFF, 0xFF, 0xE0, 0xBF, 0xFF, 0xF8, 0x3F, 0xBF, 0xFE, 0x2F, 0x6F,
    0xFF, 0x9F, 0x8B, 0xFF, 0xEF, 0xC3, 0xFF, 0xFB, 0xE0, 0xFF, 0xFF, 0xF0, 0x3F, 0xFF, 0xF8, 0x0F,
    0xFF, 0xFC, 0x03, 0xFF, 0xFE, 0x00, 0xFF, 0xA9, 0x00, 0x2A, 0x4F, 0xE0, 0x0F, 0xF0, 0xFE, 0x02,
    0xFD, 0x0F, 0xE0, 0x7F, 0x80, 0xFE, 0x0F, 0xF0, 0x0F, 0xF6, 0xFC, 0x00, 0xFF, 0xFF, 0x40, 0x0F,
    0xFF, 0xF8, 0x00, 0xFF, 0x7F, 0xD0, 0x0F, 0xE0, 0xFF, 0x00, 0xFE, 0x07, 0xFC, 0x0F, 0xE0, 0x2F,
    0xE0, 0xFE, 0x00, 0xFF, 0x0F, 0xE0, 0x07, 0xFC, 0x02, 0xAA, 0xAA, 0x90, 0x3F, 0xFF, 0xFF, 0x03,
    0xFF, 0xFF, 0xF0, 0x3F, 0x95, 0xFF, 0x03, 0xF4, 0x0F, 0xF0, 0x3F, 0x00, 0xFF, 0x03, 0xF0, 0x0F,
    0xF0, 0x7F, 0x00, 0xFF, 0x07, 0xF0, 0x0F, 0xF0, 0x7F, 0x00, 0xFF, 0x0F, 0xF0, 0x0F, 0xFF, 0xFE,
    0x00, 0xFF, 0xFF, 0xC0, 0x0F, 0xFF, 0xF4, 0x00, 0xFF, 0x00, 0x00, 0x00, 0x00, 0xAA, 0x80, 0x00,
    0xAA, 0xBF, 0xF8, 0x00, 0xBF, 0xFF, 0xFF, 0x00, 0x3F, 0xFF, 0xFF, 0xD0, 0x1F, 0xFF, 0xFE, 0xF8,
    0x0B, 0xEF, 0xFF, 0x7F, 0x03, 0xFB, 0xFF, 0xDB, 0xD1, 0xFA, 0xFF, 0xF4, 0xFC, 0xBC, 0xBF, 0xFD,
    0x3F, 0x3F, 0x2F, 0xFF, 0x47, 0xFF, 0x4B, 0xFF, 0xD0, 0xFF, 0xC2, 0xFF, 0xF4, 0x3F, 0xF0, 0xBF,
    0xFD, 0x07, 0xF4, 0x2F, 0xFF, 0x40, 0xFC, 0x0B, 0xF0, 0xA9, 0x00, 0x2A, 0x7F, 0x80, 0x1F, 0xDF,
    0xE0, 0x07, 0xF7, 0xF8, 0x01, 0xFD, 0xFE, 0x00, 0x7F, 0x7F, 0xD5, 0x6F, 0xDF, 0xFF, 0xFF, 0xF7,
    0xFF, 0xFF, 0xFD, 0xFF, 0xAA, 0xBF, 0x7F, 0x80, 0x1F, 0xDF, 0xE0, 0x07, 0xF7, 0xF8, 0x01, 0xFD,
    0xFE, 0x00, 0x7F, 0x7F, 0x80, 0x1F, 0xD0, 0x00, 0xBF, 0x90, 0x00, 0xBF, 0xFF, 0xC0, 0x2F, 0xFF,
    0xFF, 0x03, 0xFC, 0x0B, 0xF8, 0xBF, 0x40, 0x3F, 0xCF, 0xF0, 0x01, 0xFD, 0xFF, 0x00, 0x1F, 0xDF,
    0xF0, 0x01, 0xFD, 0xFF, 0x00, 0x1F, 0xDB, 0xF0, 0x02, 0xFC, 0x7F, 0x80, 0x3F, 0xC3, 0xFF, 0xAF,
    0xF4, 0x0F, 0xFF, 0xFD, 0x00, 0x2F, 0xFF, 0x40, 0x00, 0x00, 0x00, 0x00, 0xAA, 0xAA, 0xAA, 0x3F,
    0xFF, 0xFF, 0xDF, 0xFF, 0xFF, 0xF7, 0xFC, 0x02, 0xFD, 0xFE, 0x00, 0x7F, 0x7F, 0x80, 0x1F, 0xDF,
    0xE0, 0x07, 0xF7, 0xF8, 0x01, 0xFD, 0xFE, 0x00, 0x7F, 0x7F, 0x80, 0x1F, 0xDF, 0xE0, 0x07, 0xF7,
    0xF8, 0x01, 0xFD, 0xFE, 0x00, 0x7F, 0x7F, 0x80, 0x1F, 0xD0, 0xA8, 0x1F, 0xE0, 0x3F, 0x6F, 0xFF,
    0x0F, 0xFF, 0xFF, 0xE3, 0xFF, 0x07, 0xFC, 0xFF, 0x00, 0x7F, 0x7F, 0xC0, 0x0F, 0xEF, 0xE0, 0x03,
    0xFB, 0xF8, 0x00, 0xFE, 0xFF, 0x00, 0x3F, 0xBF, 0xC0, 0x1F, 0xEF, 0xF8, 0x0F, 0xF7, 0xFF, 0xFF,
    0xFC, 0xFF, 0xFF, 0xFC, 0x3F, 0x9F, 0xFC, 0x0F, 0xE0, 0x00, 0x03, 0xF8, 0x00, 0x00, 0xFE, 0x00,
    0x00, 0x3F, 0x80, 0x00, 0x0F, 0xE0, 0x00, 0x03, 0xF8, 0x00, 0x00, 0x00, 0xBF, 0xE4, 0x0B, 0xFF,
    0xFC, 0x2F, 0xFF, 0xF8, 0x3F, 0xE0, 0x20, 0xBF, 0x80, 0x00, 0xFF, 0x00, 0x00, 0xFF, 0x00, 0x00,
    0xFF, 0x00, 0x00, 0xFF, 0x00, 0x00, 0xBF, 0x40, 0x00, 0x7F, 0xD0, 0x04, 0x3F, 0xFF, 0xFC, 0x0F,
    0xFF, 0xFC, 0x02, 0xFF, 0xF4, 0x00, 0x00, 0x00, 0x6A, 0xAA, 0xAA, 0x3F, 0xFF, 0xFF, 0xDF, 0xFF,
    0xFF, 0xF4, 0x02, 0xFD, 0x00, 0x00, 0xBF, 0x00, 0x00, 0x2F, 0xC0, 0x00, 0x0B, 0xF0, 0x00, 0x02,
    0xFC, 0x00, 0x00, 0xBF, 0x00, 0x00, 0x2F, 0xC0, 0x00, 0x0B, 0xF0, 0x00, 0x02, 0xFC, 0x00, 0x00,
    0xBF, 0x00, 0x00, 0x2F, 0xC0, 0x00, 0x2A, 0x80, 0x01, 0xA8, 0x2F, 0xD0, 0x03, 0xFC, 0x0F, 0xF0,
    0x07, 0xF4, 0x0F, 0xF0, 0x0B, 0xF0, 0x07, 0xF4, 0x0F, 0xE0, 0x03, 0xF8, 0x1F, 0xD0, 0x02, 0xFC,
    0x2F, 0xC0, 0x00, 0xFD, 0x3F, 0x80, 0x00, 0xFE, 0x3F, 0x00, 0x00, 0x7F, 0xBF, 0x00, 0x00, 0x3F,
    0xFD, 0x00, 0x00, 0x2F, 0xFC, 0x00, 0x00, 0x0F, 0xF8, 0x00, 0x00, 0x0F, 0xF4, 0x00, 0x00, 0x0B,
    0xF0, 0x00, 0x00, 0x0F, 0xE0, 0x00, 0x00, 0x7F, 0xC0, 0x00, 0x0F, 0xFF, 0x80, 0x00, 0x0F, 0xFE,
    0x00, 0x00, 0x0F, 0xF4, 0x00, 0x00, 0x00, 0x02, 0xFC, 0x00, 0x00, 0x00, 0x0B, 0xF0, 0x00, 0x00,
    0x00, 0x2F, 0xC0, 0x00, 0x00, 0x00, 0xBF, 0x00, 0x00, 0x00, 0x02, 0xFC, 0x00, 0x00, 0x01, 0xBF,
    0xFE, 0x40, 0x00, 0x7F, 0xFF, 0xFF, 0xE0, 0x07, 0xFF, 0xFF, 0xFF, 0xE0, 0x3F, 0xD2, 0xFC, 0x7F,
    0xD2, 0xFD, 0x0B, 0xF0, 0x3F, 0xCF, 0xF0, 0x2F, 0xC0, 0xFF, 0x3F, 0xC0, 0xBF, 0x02, 0xFC, 0xFF,
    0x02, 0xFC, 0x0B, 0xF3, 0xFC, 0x0B, 0xF0, 0x2F, 0xCB, 0xF4, 0x2F, 0xC0, 0xFF, 0x0F, 0xF0, 0xBF,
    0x0B, 0xF4, 0x2F, 0xFB, 0xFE, 0xFF, 0xC0, 0x2F, 0xFF, 0xFF, 0xFC, 0x00, 0x0B, 0xFF, 0xFF, 0x40,
    0x00, 0x00, 0xBF, 0x00, 0x00, 0x00, 0x02, 0xFC, 0x00, 0x00, 0x00, 0x0B, 0xF0, 0x00, 0x00, 0x00,
    0x2F, 0xC0, 0x00, 0x00, 0x00, 0xBF, 0x00, 0x00, 0x00, 0x02, 0xFC, 0x00, 0x00, 0x6A, 0x40, 0x0A,
    0xA0, 0xFF, 0x00, 0xBF, 0x41, 0xFF, 0x07, 0xF8, 0x02, 0xFD, 0x3F, 0xC0, 0x03, 0xFE, 0xFD, 0x00,
    0x07, 0xFF, 0xE0, 0x00, 0x0B, 0xFF, 0x00, 0x00, 0x2F, 0xFC, 0x00, 0x00, 0xFF, 0xF8, 0x00, 0x0F,
    0xFB, 0xF4, 0x00, 0xBF, 0x4F, 0xF0, 0x03, 0xFC, 0x1F, 0xE0, 0x3F, 0xC0, 0x2F, 0xD2, 0xFE, 0x00,
    0x3F, 0xC0, 0x2A, 0x40, 0x1A, 0x80, 0xFE, 0x00, 0xBF, 0x03, 0xF8, 0x02, 0xFC, 0x0F, 0xE0, 0x0B,
    0xF0, 0x3F, 0x80, 0x2F, 0xC0, 0xFE, 0x00, 0xBF, 0x03, 0xF8, 0x02, 0xFC, 0x0F, 0xE0, 0x0B, 0xF0,
    0x3F, 0x80, 0x2F, 0xC0, 0xFE, 0x00, 0xBF, 0x03, 0xF8, 0x02, 0xFC, 0x0F, 0xFF, 0xFF, 0xFF, 0x3F,
    0xFF, 0xFF, 0xFC, 0xFF, 0xFF, 0xFF, 0xF0, 0x00, 0x00, 0x2F, 0xC0, 0x00, 0x00, 0xBF, 0x00, 0x00,
    0x02, 0xFC, 0x00, 0x00, 0x06, 0xA0, 0x6A, 0x00, 0x2A, 0xAF, 0xC0, 0x0F, 0xFB, 0xF0, 0x03, 0xFE,
    0xFC, 0x00, 0xFF, 0xBF, 0x00, 0x3F, 0xDF, 0xD0, 0x0F, 0xF7, 0xFE, 0x5B, 0xFC, 0xFF, 0xFF, 0xFF,
    0x0F, 0xFF, 0xFF, 0xC0, 0x5A, 0x4F, 0xF0, 0x00, 0x03, 0xFC, 0x00, 0x00, 0xFF, 0x00, 0x00, 0x3F,
    0xC0, 0x00, 0x0F, 0xF0, 0xA9, 0x00, 0xAA, 0x00, 0xAA, 0xFE, 0x00, 0xFF, 0x00, 0xFF, 0xFE, 0x00,
    0xFF, 0x00, 0xFF, 0xFE, 0x00, 0xFF, 0x00, 0xFF, 0xFE, 0x00, 0xFF, 0x00, 0xFF, 0xFE, 0x00, 0xFF,
    0x00, 0xFF, 0xFE, 0x00, 0xFF, 0x00, 0xFF, 0xFE, 0x00, 0xFF, 0x00, 0xFF, 0xFE, 0x00, 0xFF, 0x00,
    0xFF, 0xFE, 0x00, 0xFF, 0x00, 0xFF, 0xFE, 0x00, 0xFF, 0x00, 0xFF, 0xFF, 0xFF, 0xFF, 0xFF, 0xFF,
    0xFF, 0xFF, 0xFF, 0xFF, 0xFF, 0xFF, 0xFF, 0xFF, 0xFF, 0xFF, 0xA9, 0x00, 0xA9, 0x00, 0xA9, 0x0F,
    0xE0, 0x0F, 0xE0, 0x0F, 0xE0, 0xFE, 0x00, 0xFE, 0x00, 0xFE, 0x0F, 0xE0, 0x0F, 0xE0, 0x0F, 0xE0,
    0xFE, 0x00, 0xFE, 0x00, 0xFE, 0x0F, 0xE0, 0x0F, 0xE0, 0x0F, 0xE0, 0xFE, 0x00, 0xFE, 0x00, 0xFE,
    0x0F, 0xE0, 0x0F, 0xE0, 0x0F, 0xE0, 0xFE, 0x00, 0xFE, 0x00, 0xFE, 0x0F, 0xE0, 0x0F, 0xE0, 0x0F,
    0xE0, 0xFE, 0x00, 0xFE, 0x00, 0xFE, 0x0F, 0xFF, 0xFF, 0xFF, 0xFF, 0xFE, 0xFF, 0xFF, 0xFF, 0xFF,
    0xFF, 0xEF, 0xFF, 0xFF, 0xFF, 0xFF, 0xFE, 0x00, 0x00, 0x00, 0x00, 0x0F, 0xE0, 0x00, 0x00, 0x00,
    0x00, 0xFE, 0x00, 0x00, 0x00, 0x00, 0x0F, 0xE0, 0x00, 0x00, 0x00, 0x00, 0x69, 0x6A, 0xA9, 0x00,
    0x00, 0xFF, 0xFE, 0x00, 0x00, 0xFF, 0xFE, 0x00, 0x00, 0x00, 0xFE, 0x00, 0x00, 0x00, 0xFF, 0x50,
    0x00, 0x00, 0xFF, 0xFF, 0xE0, 0x00, 0xFF, 0xFF, 0xFC, 0x00, 0xFF, 0xAB, 0xFD, 0x00, 0xFE, 0x01,
    0xFE, 0x00, 0xFE, 0x00, 0xFF, 0x00, 0xFE, 0x01, 0xFE, 0x00, 0xFF, 0xFF, 0xFD, 0x00, 0xFF, 0xFF,
    0xF8, 0x00, 0xFF, 0xFF, 0x90, 0xA9, 0x00, 0x00, 0x0A, 0x8F, 0xE0, 0x00, 0x01, 0xFD, 0xFE, 0x00,
    0x00, 0x1F, 0xDF, 0xE0, 0x00, 0x01, 0xFD, 0xFF, 0x54, 0x00, 0x1F, 0xDF, 0xFF, 0xFE, 0x01, 0xFD,
    0xFF, 0xFF, 0xFC, 0x1F, 0xDF, 0xF5, 0xBF, 0xD1, 0xFD, 0xFE, 0x01, 0xFE, 0x1F, 0xDF, 0xE0, 0x0F,
    0xE1, 0xFD, 0xFE, 0x02, 0xFD, 0x1F, 0xDF, 0xFF, 0xFF, 0xC1, 0xFD, 0xFF, 0xFF, 0xF4, 0x1F, 0xDF,
    0xFF, 0xF8, 0x01, 0xFD, 0xA9, 0x00, 0x00, 0xFE, 0x00, 0x00, 0xFE, 0x00, 0x00, 0xFE, 0x00, 0x00,
    0xFF, 0x50, 0x00, 0xFF, 0xFF, 0xE0, 0xFF, 0xFF, 0xFC, 0xFF, 0xAB, 0xFD, 0xFE, 0x01, 0xFE, 0xFE,
    0x00, 0xFF, 0xFE, 0x01, 0xFE, 0xFF, 0xFF, 0xFD, 0xFF, 0xFF, 0xF8, 0xFF, 0xFF, 0x90, 0x0B, 0xFE,
    0x40, 0x0F, 0xFF, 0xF8, 0x02, 0xFF, 0xFF, 0xC0, 0x10, 0x1F, 0xF4, 0x00, 0x00, 0xFE, 0x00, 0x00,
    0x3F, 0xC0, 0x3F, 0xFF, 0xF0, 0x0F, 0xFF, 0xFC, 0x01, 0x55, 0xFF, 0x00, 0x00, 0x3F, 0xC1, 0x00,
    0x3F, 0xD0, 0xFE, 0xFF, 0xF0, 0x3F, 0xFF, 0xF0, 0x0B, 0xFF, 0xE0, 0x00, 0x00, 0x00, 0x00, 0xA9,
    0x00, 0x1F, 0xE4, 0x03, 0xF8, 0x07, 0xFF, 0xFC, 0x0F, 0xE0, 0x3F, 0xFF, 0xFC, 0x3F, 0x82, 0xFE,
    0x0B, 0xF4, 0xFE, 0x0F, 0xF0, 0x0F, 0xF3, 0xFD, 0x7F, 0x40, 0x2F, 0xCF, 0xFF, 0xFD, 0x00, 0xBF,
    0x3F, 0xFF, 0xF4, 0x02, 0xFC, 0xFF, 0xAF, 0xD0, 0x0B, 0xF3, 0xF8, 0x3F, 0x80, 0x3F, 0xCF, 0xE0,
    0xFF, 0x01, 0xFE, 0x3F, 0x81, 0xFF, 0xFF, 0xF0, 0xFE, 0x02, 0xFF, 0xFF, 0x43, 0xF8, 0x01, 0xFF,
    0xF0, 0x00, 0x00, 0x00, 0x00, 0x00, 0x00, 0x00, 0x6A, 0xAA, 0x80, 0x7F, 0xFF, 0xFD, 0x0F, 0xFF,
    0xFF, 0xD1, 0xFE, 0x01, 0xFD, 0x2F, 0xC0, 0x1F, 0xD2, 0xFD, 0x01, 0xFD, 0x0F, 0xFA, 0xBF, 0xD0,
    0x7F, 0xFF, 0xFD, 0x01, 0xFF, 0xFF, 0xD0, 0x2F, 0xD1, 0xFD, 0x07, 0xFC, 0x1F, 0xD0, 0xFF, 0x01,
    0xFD, 0x2F, 0xD0, 0x1F, 0xD7, 0xFC, 0x01, 0xFD, 0x00, 0x00, 0x00, 0x01, 0xFF, 0x00, 0x00, 0x1F,
    0xE0, 0x00, 0x00, 0xFC, 0x00, 0x00, 0x0F, 0x80, 0x00, 0x00, 0x00, 0x00, 0x0B, 0xF9, 0x00, 0x2F,
    0xFF, 0xE0, 0x2F, 0xFF, 0xFE, 0x0F, 0xF0, 0x2F, 0xCB, 0xF0, 0x03, 0xF7, 0xFD, 0x55, 0xFE, 0xFF,
    0xFF, 0xFF, 0xBF, 0xFF, 0xFF, 0xEF, 0xF0, 0x00, 0x02, 0xFC, 0x00, 0x00, 0x7F, 0xC0, 0x01, 0x0F,
    0xFE, 0xAF, 0xC0, 0xFF, 0xFF, 0xF0, 0x0B, 0xFF, 0xF4, 0x00, 0x05, 0x00, 0x00, 0x02, 0x80, 0xA0,
    0x02, 0xF8, 0x7E, 0x00, 0xBE, 0x2F, 0xC0, 0x0A, 0x02, 0x80, 0x00, 0x00, 0x00, 0x00, 0x2F, 0xE4,
    0x00, 0xBF, 0xFF, 0x80, 0xBF, 0xFF, 0xF8, 0x3F, 0xC0, 0xBF, 0x2F, 0xC0, 0x0F, 0xDF, 0xF5, 0x57,
    0xFB, 0xFF, 0xFF, 0xFE, 0xFF, 0xFF, 0xFF, 0xBF, 0xC0, 0x00, 0x0B, 0xF0, 0x00, 0x01, 0xFF, 0x00,
    0x04, 0x3F, 0xFA, 0xBF, 0x03, 0xFF, 0xFF, 0xC0, 0x2F, 0xFF, 0xD0, 0x00, 0x14, 0x00, 0x0F, 0xE0,
    0x00, 0x01, 0x7F, 0xD5, 0x40, 0x0F, 0xFF, 0xFF, 0x00, 0x3F, 0xFF, 0xFC, 0x00, 0x5F, 0xF5, 0x50,
    0x00, 0x3F, 0x80, 0x00, 0x00, 0xFE, 0x2F, 0xF4, 0x03, 0xFB, 0xFF, 0xF4, 0x0F, 0xFF, 0xFF, 0xF0,
    0x3F, 0xF0, 0x3F, 0xD0, 0xFF, 0x00, 0x7F, 0x43, 0xFC, 0x01, 0xFD, 0x0F, 0xF0, 0x07, 0xF4, 0x3F,
    0x80, 0x1F, 0xD0, 0xFE, 0x00, 0x7F, 0x43, 0xF8, 0x01, 0xFD, 0x0F, 0xE0, 0x07, 0xF4, 0x3F, 0x80,
    0x1F, 0xD0, 0xFE, 0x00, 0x7F, 0x40, 0x00, 0x01, 0xFD, 0x00, 0x00, 0x07, 0xF4, 0x00, 0x00, 0x3F,
    0xC0, 0x00, 0x3F, 0xFF, 0x00, 0x00, 0xFF, 0xF4, 0x00, 0x03, 0xFE, 0x00, 0x00, 0x00, 0x00, 0x03,
    0xFD, 0x00, 0x7F, 0x40, 0x0F, 0xC0, 0x02, 0xF0, 0x00, 0x00, 0x00, 0xAA, 0xAA, 0x9F, 0xFF, 0xFD,
    0xFF, 0xFF, 0xDF, 0xF5, 0x54, 0xFE, 0x00, 0x0F, 0xE0, 0x00, 0xFE, 0x00, 0x0F, 0xE0, 0x00, 0xFE,
    0x00, 0x0F, 0xE0, 0x00, 0xFE, 0x00, 0x0F, 0xE0, 0x00, 0xFE, 0x00, 0x0F, 0xE0, 0x00, 0x00, 0xBF,
    0xE4, 0x0B, 0xFF, 0xFC, 0x2F, 0xFF, 0xF8, 0x3F, 0xD0, 0x10, 0xBF, 0x40, 0x00, 0xFF, 0x00, 0x00,
    0xFF, 0xFF, 0xC0, 0xFF, 0xFF, 0xC0, 0xFF, 0x55, 0x40, 0xBF, 0x00, 0x00, 0x7F, 0xC0, 0x00, 0x3F,
    0xFE, 0xFC, 0x0F, 0xFF, 0xFC, 0x02, 0xFF, 0xF4, 0x00, 0x00, 0x00, 0x06, 0xFE, 0x80, 0xFF, 0xFF,
    0xCB, 0xFF, 0xFE, 0x3F, 0x80, 0x10, 0xFF, 0x00, 0x02, 0xFF, 0x90, 0x03, 0xFF, 0xF4, 0x02, 0xFF,
    0xF8, 0x00, 0x7F, 0xF0, 0x00, 0x2F, 0xD4, 0x00, 0x7F, 0x7F, 0xAB, 0xFC, 0xFF, 0xFF, 0xE2, 0xFF,
    0xFD, 0x00, 0x00, 0x00, 0x00, 0x2F, 0x4F, 0xF3, 0xFC, 0x68, 0x00, 0x0A, 0x93, 0xF8, 0xFE, 0x3F,
    0x8F, 0xE3, 0xF8, 0xFE, 0x3F, 0x8F, 0xE3, 0xF8, 0xFE, 0x3F, 0x8F, 0xE3, 0xF8, 0x3C, 0x7C, 0x7E,
    0xBC, 0x7D, 0xBC, 0x28, 0x24, 0x00, 0x00, 0x0A, 0xA0, 0x0F, 0xF0, 0x0F, 0xF0, 0x0F, 0xF0, 0x0F,
    0xF0, 0x0F, 0xF0, 0x0F, 0xF0, 0x0F, 0xF0, 0x0F, 0xF0, 0x0F, 0xF0, 0x0F, 0xF0, 0x0F, 0xF0, 0x0F,
    0xF0, 0x0F, 0xF0, 0x00, 0x00, 0x00, 0xBD, 0x01, 0xFF, 0x00, 0xFE, 0x00, 0x68, 0x00, 0x00, 0x00,
    0xA9, 0x00, 0xFE, 0x00, 0xFE, 0x00, 0xFE, 0x00, 0xFE, 0x00, 0xFE, 0x00, 0xFE, 0x00, 0xFE, 0x00,
    0xFE, 0x00, 0xFE, 0x00, 0xFE, 0x00, 0xFE, 0x00, 0xFE, 0x00, 0xFE, 0x00, 0xFE, 0x00, 0xFE, 0x02,
    0xFD, 0x7F, 0xFC, 0x7F, 0xF8, 0x3F, 0xD0, 0x01, 0xAA, 0xAA, 0x90, 0x00, 0x00, 0x2F, 0xFF, 0xFE,
    0x00, 0x00, 0x03, 0xFF, 0xFF, 0xE0, 0x00, 0x00, 0x3F, 0x81, 0xFE, 0x00, 0x00, 0x03, 0xF8, 0x0F,
    0xE5, 0x40, 0x00, 0x3F, 0x40, 0xFF, 0xFF, 0xD0, 0x03, 0xF4, 0x0F, 0xFF, 0xFF, 0x80, 0x3F, 0x40,
    0xFF, 0x5B, 0xFC, 0x03, 0xF0, 0x0F, 0xE0, 0x2F, 0xD0, 0x3F, 0x00, 0xFE, 0x01, 0xFD, 0x0B, 0xF0,
    0x0F, 0xE0, 0x3F, 0xDF, 0xFF, 0x00, 0xFF, 0xFF, 0xFC, 0xFF, 0xD0, 0x0F, 0xFF, 0xFF, 0x0F, 0xF4,
    0x00, 0xFF, 0xFF, 0x80, 0x00, 0x00, 0x00, 0x00, 0x00, 0x00, 0xA9, 0x00, 0x6A, 0x00, 0x00, 0x3F,
    0x80, 0x2F, 0xC0, 0x00, 0x0F, 0xE0, 0x0B, 0xF0, 0x00, 0x03, 0xF8, 0x02, 0xFC, 0x00, 0x00, 0xFE,
    0x00, 0xBF, 0x00, 0x00, 0x3F, 0xFF, 0xFF, 0xFF, 0xA4, 0x0F, 0xFF, 0xFF, 0xFF, 0xFF, 0xC3, 0xFF,
    0xFF, 0xFF, 0xFF, 0xF8, 0xFE, 0x00, 0xBF, 0x00, 0xFF, 0x3F, 0x80, 0x2F, 0xC0, 0x2F, 0xCF, 0xE0,
    0x0B, 0xF0, 0x0F, 0xF3, 0xF8, 0x02, 0xFF, 0xFF, 0xFC, 0xFE, 0x00, 0xBF, 0xFF, 0xFC, 0x3F, 0x80,
    0x2F, 0xFF, 0xF8, 0x00, 0x0F, 0xE0, 0x00, 0x01, 0x7F, 0xD5, 0x40, 0x0F, 0xFF, 0xFF, 0x00, 0x3F,
    0xFF, 0xFC, 0x00, 0x5F, 0xF5, 0x50, 0x00, 0x3F, 0x80, 0x00, 0x00, 0xFE, 0x2F, 0xF4, 0x03, 0xFB,
    0xFF, 0xF4, 0x0F, 0xFF, 0xFF, 0xF0, 0x3F, 0xF0, 0x3F, 0xD0, 0xFF, 0x00, 0x7F, 0x43, 0xFC, 0x01,
    0xFD, 0x0F, 0xF0, 0x07, 0xF4, 0x3F, 0x80, 0x1F, 0xD0, 0xFE, 0x00, 0x7F, 0x43, 0xF8, 0x01, 0xFD,
    0x0F, 0xE0, 0x07, 0xF4, 0x3F, 0x80, 0x1F, 0xD0, 0xFE, 0x00, 0x7F, 0x40, 0x00, 0x00, 0x00, 0x00,
    0x00, 0x3F, 0xC0, 0x00, 0x0F, 0xF0, 0x00, 0x02, 0xF8, 0x00, 0x00, 0x3E, 0x00, 0x00, 0x00, 0x00,
    0x00, 0xA9, 0x00, 0x2A, 0x4F, 0xE0, 0x0F, 0xF0, 0xFE, 0x02, 0xFD, 0x0F, 0xE0, 0x7F, 0x80, 0xFE,
    0x0F, 0xF0, 0x0F, 0xF6, 0xFC, 0x00, 0xFF, 0xFF, 0x40, 0x0F, 0xFF, 0xF8, 0x00, 0xFF, 0x7F, 0xD0,
    0x0F, 0xE0, 0xFF, 0x00, 0xFE, 0x07, 0xFC, 0x0F, 0xE0, 0x2F, 0xE0, 0xFE, 0x00, 0xFF, 0x0F, 0xE0,
    0x07, 0xFC, 0x00, 0x00, 0x00, 0x02, 0xFE, 0x00, 0x00, 0x1F, 0xD0, 0x00, 0x01, 0xFC, 0x00, 0x00,
    0x0F, 0x80, 0x00, 0x00, 0x00, 0x0A, 0x90, 0x06, 0xAB, 0xF8, 0x03, 0xFF, 0xFE, 0x02, 0xFF, 0xFF,
    0x80, 0xFF, 0xFF, 0xE0, 0xBF, 0xFF, 0xF8, 0x3F, 0xBF, 0xFE, 0x2F, 0x6F, 0xFF, 0x9F, 0x8B, 0xFF,
    0xEF, 0xC3, 0xFF, 0xFB, 0xE0, 0xFF, 0xFF, 0xF0, 0x3F, 0xFF, 0xF8, 0x0F, 0xFF, 0xFC, 0x03, 0xFF,
    0xFE, 0x00, 0xFF, 0x00, 0x54, 0x05, 0x40, 0x00, 0xFC, 0x0F, 0xC0, 0x00, 0xFE, 0x6F, 0xC0, 0x00,
    0x7F, 0xFF, 0x40, 0x00, 0x0B, 0xF8, 0x00, 0x00, 0x00, 0x00, 0x00, 0x2A, 0x80, 0x01, 0xA8, 0x2F,
    0xD0, 0x03, 0xFC, 0x0F, 0xF0, 0x07, 0xF4, 0x0F, 0xF0, 0x0B, 0xF0, 0x07, 0xF4, 0x0F, 0xE0, 0x03,
    0xF8, 0x1F, 0xD0, 0x02, 0xFC, 0x2F, 0xC0, 0x00, 0xFD, 0x3F, 0x80, 0x00, 0xFE, 0x3F, 0x00, 0x00,
    0x7F, 0xBF, 0x00, 0x00, 0x3F, 0xFD, 0x00, 0x00, 0x2F, 0xFC, 0x00, 0x00, 0x0F, 0xF8, 0x00, 0x00,
    0x0F, 0xF4, 0x00, 0x00, 0x0B, 0xF0, 0x00, 0x00, 0x0F, 0xE0, 0x00, 0x00, 0x7F, 0xC0, 0x00, 0x0F,
    0xFF, 0x80, 0x00, 0x0F, 0xFE, 0x00, 0x00, 0x0F, 0xF4, 0x00, 0x00, 0xA9, 0x00, 0x6A, 0x3F, 0x80,
    0x1F, 0xDF, 0xE0, 0x07, 0xF7, 0xF8, 0x01, 0xFD, 0xFE, 0x00, 0x7F, 0x7F, 0x80, 0x1F, 0xDF, 0xE0,
    0x07, 0xF7, 0xF8, 0x01, 0xFD, 0xFE, 0x00, 0x7F, 0x7F, 0x80, 0x1F, 0xDF, 0xE0, 0x07, 0xF7, 0xFF,
    0xFF, 0xFD, 0xFF, 0xFF, 0xFF, 0x7F, 0xFF, 0xFF, 0xD0, 0x0B, 0xF0, 0x00, 0x02, 0xFC, 0x00, 0x00,
    0xBF, 0x00, 0x00, 0x1A, 0x40, 0x00, 0x7F, 0x40, 0x1F, 0xE0, 0x02, 0xFC, 0x7F, 0x80, 0x1F, 0xE0,
    0x02, 0xFD, 0x7F, 0x80, 0x0F, 0xF0, 0x02, 0xFC, 0x7F, 0xC0, 0x0F, 0xF0, 0x02, 0xFC, 0x3F, 0xC0,
    0x0F, 0xF0, 0x03, 0xFC, 0x3F, 0xC0, 0x0F, 0xF0, 0x03, 0xFC, 0x3F, 0xC0, 0x0F, 0xF4, 0x03, 0xFC,
    0x2F, 0xD0, 0x1F, 0xF8, 0x03, 0xF8, 0x1F, 0xE0, 0x3F, 0xFC, 0x07, 0xF4, 0x0F, 0xF0, 0x3F, 0xFC,
    0x07, 0xF0, 0x0B, 0xF0, 0x7F, 0xFD, 0x0B, 0xF0, 0x07, 0xF8, 0xBE, 0xFE, 0x0F, 0xE0, 0x03, 0xFC,
    0xFC, 0xFF, 0x1F, 0xD0, 0x02, 0xFD, 0xFC, 0x7F, 0x6F, 0xC0, 0x00, 0xFF, 0xF8, 0x3F, 0xFF, 0x80,
    0x00, 0xBF, 0xF4, 0x1F, 0xFF, 0x00, 0x00, 0x3F, 0xF0, 0x0F, 0xFD, 0x00, 0x00, 0x1F, 0xE0, 0x07,
    0xFC, 0x00, 0x6A, 0x00, 0x2A, 0x40, 0x1A, 0x87, 0xF4, 0x03, 0xFC, 0x02, 0xFC, 0x7F, 0x40, 0x3F,
    0xC0, 0x3F, 0xC3, 0xF8, 0x03, 0xFC, 0x03, 0xFC, 0x3F, 0x80, 0x2F, 0xC0, 0x3F, 0x83, 0xFC, 0x02,
    0xFD, 0x03, 0xF4, 0x2F, 0xC0, 0x3F, 0xE0, 0x7F, 0x00, 0xFD, 0x07, 0xFF, 0x0B, 0xF0, 0x0F, 0xF0,
    0xFF, 0xF0, 0xFD, 0x00, 0x7F, 0x2F, 0xBF, 0x5F, 0xC0, 0x03, 0xFB, 0xF1, 0xFF, 0xF8, 0x00, 0x1F,
    0xFE, 0x0F, 0xFF, 0x00, 0x00, 0xFF, 0xC0, 0x7F, 0xE0, 0x00, 0x07, 0xF8, 0x03, 0xFC, 0x00, 0x02,
    0xFC, 0x00, 0x00, 0x03, 0xFC, 0x00, 0x00, 0xAB, 0xFE, 0xA9, 0x00, 0xFF, 0xFF, 0xFE, 0x00, 0xFF,
    0xFF, 0xFE, 0x00, 0x57, 0xFD, 0x54, 0x00, 0x03, 0xFC, 0x00, 0x00, 0x03, 0xFF, 0xFE, 0x40, 0x03,
    0xFF, 0xFF, 0xF0, 0x03, 0xFF, 0xFF, 0xFC, 0x03, 0xFC, 0x07, 0xFD, 0x03, 0xFC, 0x01, 0xFE, 0x03,
    0xFC, 0x00, 0xFE, 0x03, 0xFC, 0x01, 0xFE, 0x03, 0xFC, 0x07, 0xFD, 0x03, 0xFF, 0xFF, 0xFC, 0x03,
    0xFF, 0xFF, 0xF0, 0x03, 0xFF, 0xFE, 0x40, 0x01, 0x54, 0x00, 0x00, 0x03, 0xFC, 0x00, 0x00, 0x03,
    0xFC, 0x00, 0x00, 0xAB, 0xFE, 0xA8, 0x00, 0xFF, 0xFF, 0xFD, 0x00, 0xFF, 0xFF, 0xFD, 0x00, 0x03,
    0xFC, 0x00, 0x00, 0x03, 0xFC, 0x00, 0x00, 0x03, 0xFD, 0x55, 0x00, 0x03, 0xFF, 0xFF, 0xE0, 0x03,
    0xFF, 0xFF, 0xFC, 0x03, 0xFC, 0x07, 0xFD, 0x03, 0xFC, 0x00, 0xFE, 0x03, 0xFC, 0x01, 0xFE, 0x03,
    0xFE, 0xAB, 0xFD, 0x03, 0xFF, 0xFF, 0xF8, 0x03, 0xFF, 0xFF, 0x90, 0x00, 0x00, 0x00, 0x00, 0x00,
    0x2F, 0xC0, 0x00, 0x6F, 0xFE, 0x4F, 0xF0, 0x00, 0xFF, 0xFF, 0xFB, 0xFC, 0x00, 0xFF, 0xFF, 0xFD,
    0xFF, 0x00, 0xFF, 0xD0, 0x1F, 0x3F, 0xC0, 0xBF, 0x80, 0x00, 0x0F, 0xF0, 0x3F, 0xC0, 0x00, 0x03,
    0xFC, 0x0F, 0xE0, 0x00, 0x00, 0xFF, 0xFF, 0xFF, 0xFF, 0xF0, 0x3F, 0xFF, 0xFF, 0xFF, 0xFC, 0x0F,
    0xFF, 0xFF, 0xFF, 0xFF, 0x03, 0xFD, 0x6F, 0xE5, 0x55, 0x40, 0xFF, 0x07, 0xF8, 0x00, 0x00, 0x3F,
    0xC0, 0xFF, 0x00, 0x00, 0x0F, 0xF0, 0x2F, 0xE0, 0x00, 0x03, 0xFC, 0x07, 0xFE, 0x00, 0x18, 0xFF,
    0x00, 0xBF, 0xFF, 0xFF, 0x3F, 0xC0, 0x0B, 0xFF, 0xFF, 0xCF, 0xF0, 0x00, 0x2F, 0xFF, 0xE0, 0x00,
    0x00, 0x00, 0x00, 0x00, 0x2A, 0x40, 0x02, 0xFF, 0x90, 0xFE, 0x00, 0xBF, 0xFF, 0xC3, 0xF8, 0x0B,
    0xFF, 0xFE, 0x0F, 0xE0, 0x3F, 0xC0, 0x10, 0x3F, 0x81, 0xFD, 0x00, 0x00, 0xFF, 0x5F, 0xF5, 0x54,
    0x03, 0xFF, 0xFF, 0xFF, 0xF4, 0x0F, 0xFF, 0xFF, 0xFF, 0xD0, 0x3F, 0xD7, 0xFD, 0x55, 0x00, 0xFE,
    0x0B, 0xF0, 0x00, 0x03, 0xF8, 0x1F, 0xE0, 0x01, 0x0F, 0xE0, 0x3F, 0xFA, 0xBC, 0x3F, 0x80, 0x3F,
    0xFF, 0xF0, 0xFE, 0x00, 0x2F, 0xFF, 0x80, 0x00, 0x00, 0x00, 0x00, 0x00, 0x00, 0x07, 0xFE, 0x00,
    0x00, 0x00, 0x2F, 0xFC, 0x00, 0x00, 0x00, 0xFF, 0xF4, 0x00, 0x00, 0x0B, 0xF7, 0xE0, 0x00, 0x00,
    0x3F, 0x4F, 0xC0, 0x00, 0x01, 0xFC, 0x2F, 0x40, 0x00, 0x0B, 0xE0, 0x7F, 0x00, 0x00, 0x3F, 0xAA,
    0xFD, 0x00, 0x01, 0xFF, 0xFF, 0xF8, 0x00, 0x0F, 0xFF, 0xFF, 0xF0, 0x00, 0x3F, 0x6F, 0xDF, 0xD0,
    0x02, 0xFC, 0xBF, 0x2F, 0xC0, 0x0F, 0xE2, 0xFC, 0x3F, 0x00, 0x7F, 0x0B, 0xF0, 0xFE, 0x02, 0xFC,
    0x2F, 0xC2, 0xFC, 0x0F, 0xE0, 0xBF, 0x07, 0xF4, 0x7F, 0x02, 0xFC, 0x0F, 0xE3, 0xFC, 0x0B, 0xF0,
    0x2F, 0xC0, 0x00, 0x1A, 0xA0, 0x00, 0x00, 0x2F, 0xF8, 0x00, 0x00, 0x3F, 0xFC, 0x00, 0x00, 0xBE,
    0xBE, 0x00, 0x00, 0xFC, 0x3F, 0x00, 0x01, 0xF8, 0x2F, 0x40, 0x03, 0xFE, 0xBF, 0xC0, 0x07, 0xFF,
    0xFF, 0xC0, 0x0B, 0xFF, 0xFF, 0xE0, 0x0F, 0xCB, 0xE3, 0xF0, 0x2F, 0xCB, 0xE3, 0xF8, 0x3F, 0x4B,
    0xE1, 0xFC, 0x7F, 0x0B, 0xE0, 0xFD, 0xFF, 0x0B, 0xE0, 0xFF, 0xBF, 0x00, 0x01, 0xFF, 0x40, 0x00,
    0xFF, 0x00, 0x03, 0xFF, 0xC0, 0x00, 0xFF, 0x00, 0x03, 0xFF, 0xC0, 0x00, 0xFF, 0x00, 0x0B, 0xEB,
    0xE0, 0x00, 0xFF, 0x00, 0x0F, 0xC3, 0xF0, 0x00, 0xFF, 0x00, 0x1F, 0xC3, 0xF4, 0x00, 0xFF, 0x00,
    0x3F, 0x41, 0xF8, 0x00, 0xFF, 0xFF, 0xFF, 0xAA, 0xFC, 0x00, 0xFF, 0xFF, 0xFF, 0xFF, 0xFE, 0x00,
    0xFF, 0xFF, 0xFF, 0xFF, 0xFF, 0x00, 0xFF, 0x56, 0xFD, 0xFF, 0x7F, 0x40, 0xFF, 0x02, 0xF8, 0xBE,
    0x2F, 0x80, 0xFF, 0x03, 0xF4, 0xBE, 0x1F, 0xC0, 0xFF, 0x07, 0xF0, 0xBE, 0x0F, 0xD0, 0xFF, 0x0F,
    0xE0, 0xBE, 0x0B, 0xF0, 0xFF, 0x0F, 0xD0, 0xBE, 0x07, 0xF0, 0xFF, 0x2F, 0xC0, 0xBE, 0x03, 0xF8,
    0xFF, 0x3F, 0x80, 0xBE, 0x02, 0xFC, 0x2A, 0x00, 0x02, 0xAA, 0x00, 0x03, 0xF0, 0x00, 0x3F, 0xF4,
    0x00, 0x3F, 0x00, 0x0B, 0xFF, 0x80, 0x03, 0xF0, 0x00, 0xFC, 0xFC, 0x00, 0x3F, 0x00, 0x1F, 0x8B,
    0xE0, 0x03, 0xF9, 0x57, 0xF4, 0x7F, 0x00, 0x3F, 0xFF, 0xFF, 0xFF, 0xF4, 0x03, 0xFF, 0xFF, 0xFF,
    0xFF, 0xC0, 0x3F, 0x56, 0xFD, 0xFE, 0xFC, 0x03, 0xF0, 0x2F, 0xCF, 0xCB, 0xE0, 0x3F, 0x03, 0xF4,
    0xFC, 0x7F, 0x03, 0xF0, 0x7F, 0x0F, 0xC3, 0xF4, 0x3F, 0x0F, 0xE0, 0xFC, 0x2F, 0xC3, 0xF0, 0xFD,
    0x0F, 0xC0, 0xFD, 0x0B, 0xFF, 0xFF, 0xFF, 0xF0, 0x0F, 0xFF, 0xFF, 0xFF, 0xF0, 0x07, 0xFF, 0xFF,
    0xFF, 0xD0, 0x02, 0xFD, 0x55, 0x7F, 0x80, 0x00, 0xBF, 0x00, 0xFF, 0x00, 0x00, 0x3F, 0x82, 0xFC,
    0x00, 0x00, 0x0F, 0xE7, 0xF0, 0x00, 0x00, 0x0B, 0xFF, 0xE0, 0x00, 0x00, 0x3F, 0xFF, 0xFD, 0x00,
    0x00, 0xFF, 0xFF, 0xFF, 0x40, 0x03, 0xFE, 0xFF, 0xBF, 0xC0, 0x07, 0xF8, 0xFF, 0x2F, 0xD0, 0x0B,
    0xF0, 0xFF, 0x0F, 0xF0, 0x0F, 0xE0, 0xFF, 0x0B, 0xF0, 0x1F, 0xD0, 0xFF, 0x07, 0xF4, 0x2F, 0xC0,
    0xFF, 0x03, 0xFC, 0x3F, 0xC0, 0xFF, 0x02, 0xFC, 0x7F, 0x40, 0xFF, 0x01, 0xFD, 0x1A, 0xAA, 0xAA,
    0xA4, 0x2F, 0xFF, 0xFF, 0xF4, 0x0F, 0xFF, 0xFF, 0xE0, 0x07, 0xF0, 0x2F, 0xC0, 0x01, 0xFC, 0x7F,
    0x00, 0x00, 0xBE, 0xFD, 0x00, 0x00, 0xFF, 0xFE, 0x00, 0x03, 0xFF, 0xFF, 0x80, 0x0F, 0xFF, 0xFF,
    0xD0, 0x0F, 0xCF, 0xD7, 0xF0, 0x2F, 0x8F, 0xD3, 0xF0, 0x3F, 0x0F, 0xD2, 0xF4, 0x3F, 0x0F, 0xD1,
    0xFC, 0xBE, 0x0F, 0xD0, 0xFC, 0xBF, 0x03, 0xFF, 0xFF, 0xFF, 0xF8, 0x3F, 0xC0, 0xFF, 0xFF, 0xFF,
    0xFE, 0x0F, 0xF0, 0x2F, 0xFF, 0xFF, 0xFF, 0x03, 0xFC, 0x03, 0xFD, 0x55, 0xBF, 0x40, 0xFF, 0x00,
    0x3F, 0x80, 0x3F, 0x80, 0x3F, 0xC0, 0x03, 0xF4, 0x3F, 0xC0, 0x0F, 0xF0, 0x00, 0x7F, 0x6F, 0xC0,
    0x03, 0xFF, 0xFF, 0xFF, 0xFF, 0xD0, 0x00, 0xFF, 0xFF, 0xFF, 0xFF, 0xFF, 0x00, 0x3F, 0xFF, 0xFF,
    0xFF, 0xFF, 0xF0, 0x0F, 0xF5, 0x5F, 0xFB, 0xFF, 0xFE, 0x03, 0xFC, 0x0B, 0xF4, 0xFE, 0x3F, 0xC0,
    0xFF, 0x03, 0xFC, 0x3F, 0x87, 0xF4, 0x3F, 0xC1, 0xFD, 0x0F, 0xE0, 0xFF, 0x0F, 0xF0, 0xBF, 0x03,
    0xF8, 0x2F, 0xC3, 0xFC, 0x3F, 0xC0, 0xFE, 0x07, 0xF4, 0xFF, 0x1F, 0xE0, 0x3F, 0x80, 0xFF, 0x3F,
    0xCB, 0xF0, 0x0F, 0xE0, 0x2F, 0xC0, 0x2A, 0x02, 0xAA, 0xAA, 0xAA, 0x0F, 0xC1, 0xFF, 0xFF, 0xFF,
    0xC3, 0xF0, 0x2F, 0xFF, 0xFF, 0xC0, 0xFC, 0x03, 0xF8, 0x0F, 0xD0, 0x3F, 0x00, 0x3F, 0x4F, 0xE0,
    0x0F, 0xE5, 0x5B, 0xFB, 0xE0, 0x03, 0xFF, 0xFF, 0xFF, 0xFC, 0x00, 0xFF, 0xFF, 0xFF, 0xFF, 0xC0,
    0x3F, 0x56, 0xFE, 0xFF, 0xFC, 0x0F, 0xC0, 0xFD, 0x7F, 0x3F, 0x03, 0xF0, 0x3F, 0x1F, 0xCB, 0xE0,
    0xFC, 0x1F, 0x87, 0xF0, 0xFC, 0x3F, 0x0F, 0xD1, 0xFC, 0x3F, 0x0F, 0xC3, 0xF0, 0x7F, 0x0B, 0xE0,
    0x01, 0x40, 0x06, 0x80, 0x0F, 0xD0, 0xFF, 0x40, 0x0F, 0xDB, 0xD4, 0x00, 0x0F, 0xFD, 0x00, 0x01,
    0xFF, 0xF9, 0x00, 0xBF, 0xFF, 0xFF, 0x03, 0xFF, 0xFF, 0xFE, 0x03, 0xD0, 0x07, 0xFC, 0x00, 0x00,
    0x0B, 0xF0, 0x00, 0x00, 0x2F, 0xC0, 0x00, 0x01, 0xFE, 0x00, 0x7F, 0xFF, 0xE0, 0x01, 0xFF, 0xF8,
    0x00, 0x07, 0xFF, 0xFE, 0x00, 0x00, 0x1B, 0xFF, 0x00, 0x00, 0x02, 0xFD, 0x00, 0x00, 0x03, 0xF8,
    0x00, 0x00, 0x0F, 0xE0, 0x00, 0x00, 0xFF, 0x40, 0x6A, 0xFF, 0xFC, 0x1F, 0xFF, 0xFF, 0xC0, 0xFF,
    0xFF, 0xF4, 0x07, 0xF9, 0x40, 0x00, 0x1F, 0xC0, 0x00, 0x00, 0x7F, 0xEA, 0xA9, 0x00, 0xFF, 0xFF,
    0xFD, 0x00, 0xBF, 0xFF, 0xF4, 0x00, 0x05, 0x00, 0x40, 0x06, 0x40, 0x2F, 0x41, 0xF8, 0x3F, 0xD0,
    0x2F, 0xBF, 0x40, 0x1B, 0xFF, 0x80, 0x3F, 0xFF, 0xFE, 0x07, 0xFF, 0xFF, 0xD0, 0x90, 0x03, 0xF8,
    0x00, 0x00, 0xFD, 0x00, 0x56, 0xFF, 0x00, 0x3F, 0xFE, 0x00, 0x0F, 0xFF, 0xE0, 0x00, 0x06, 0xFE,
    0x00, 0x00, 0x3F, 0xC0, 0x00, 0x0F, 0xF0, 0x1A, 0xAF, 0xF8, 0x7F, 0xFF, 0xFC, 0x3F, 0xFF, 0xF4,
    0x2F, 0xD4, 0x00, 0x0B, 0xE0, 0x00, 0x02, 0xFE, 0xAA, 0x90, 0x3F, 0xFF, 0xFC, 0x07, 0xFF, 0xFF,
    0x00, 0x05, 0x40, 0x40, 0xBE, 0x02, 0xF8, 0x0B, 0xEF, 0xE0, 0x2F, 0x80, 0xBF, 0xFE, 0x02, 0xF8,
    0x0B, 0xFF, 0xE0, 0x2F, 0x80, 0xBF, 0xFE, 0x02, 0xF8, 0x0B, 0xFF, 0xE0, 0x2F, 0x80, 0xBF, 0xFE,
    0x02, 0xF8, 0x0B, 0xFF, 0xE0, 0x2F, 0x80, 0xFF, 0xBF, 0x02, 0xF8, 0x0F, 0xE7, 0xF8, 0x2F, 0x82,
    0xFD, 0x3F, 0xFB, 0xFE, 0xFF, 0xC0, 0xFF, 0xFF, 0xFF, 0xF0, 0x02, 0xFF, 0xFF, 0xF8, 0x00, 0x01,
    0x7F, 0xD4, 0x00, 0x00, 0x02, 0xF8, 0x00, 0x00, 0x00, 0x2F, 0x80, 0x00, 0x00, 0x02, 0xF8, 0x00,
    0x00, 0x00, 0x2F, 0x80, 0x00, 0x00, 0x01, 0xFC, 0x00, 0x00, 0x00, 0x07, 0xF0, 0x00, 0x00, 0x00,
    0x1F, 0xC0, 0x00, 0x00, 0x00, 0x7F, 0x00, 0x00, 0x00, 0x01, 0xFC, 0x00, 0x00, 0xA8, 0x07, 0xF0,
    0x2A, 0x07, 0xF4, 0x1F, 0xC0, 0xFE, 0x1F, 0xD0, 0x7F, 0x03, 0xFC, 0x7F, 0x41, 0xFC, 0x0B, 0xF1,
    0xFD, 0x07, 0xF0, 0x2F, 0xC7, 0xF4, 0x1F, 0xC0, 0x7F, 0x1F, 0xD0, 0x7F, 0x01, 0xFC, 0x3F, 0x41,
    0xFC, 0x07, 0xF0, 0xFD, 0x07, 0xF0, 0x2F, 0xC3, 0xF8, 0x1F, 0xC0, 0xFF, 0x0F, 0xF4, 0x7F, 0x0B,
    0xF8, 0x1F, 0xFF, 0xFF, 0xFF, 0xC0, 0x2F, 0xFF, 0xFF, 0xFC, 0x00, 0x0B, 0xFF, 0xFF, 0x40, 0x00,
    0x00, 0xBF, 0x40, 0x00, 0x00, 0x01, 0xFC, 0x00, 0x00, 0x00, 0x07, 0xF0, 0x00, 0x00, 0x00, 0x1F,
    0xC0, 0x00, 0x00, 0x00, 0x7F, 0x00, 0x00, 0x00, 0x01, 0xFC, 0x00, 0x00, 0x00, 0x00, 0x00, 0x00,
    0x00, 0x02, 0xFF, 0xF8, 0x00, 0x02, 0xFF, 0xFF, 0xF4, 0x00, 0xBF, 0xFF, 0xFF, 0xD0, 0x1F, 0xF4,
    0x02, 0xFF, 0x03, 0xFD, 0x00, 0x07, 0xF8, 0x3F, 0x80, 0x00, 0x3F, 0xC7, 0xF4, 0x00, 0x02, 0xFC,
    0xBF, 0xAA, 0xAA, 0xBF, 0xDB, 0xFF, 0xFF, 0xFF, 0xFD, 0xBF, 0xFF, 0xFF, 0xFF, 0xDB, 0xF9, 0x55,
    0x56, 0xFD, 0x7F, 0x40, 0x00, 0x2F, 0xC3, 0xF8, 0x00, 0x03, 0xFC, 0x3F, 0xC0, 0x00, 0x7F, 0x81,
    0xFF, 0x40, 0x1F, 0xF0, 0x0B, 0xFF, 0xFF, 0xFD, 0x00, 0x2F, 0xFF, 0xFF, 0x80, 0x00, 0x6F, 0xFF,
    0x80, 0x00, 0x00, 0x00, 0x00, 0x00, 0x00, 0xBF, 0x90, 0x00, 0xBF, 0xFF, 0xC0, 0x2F, 0xFF, 0xFF,
    0x03, 0xFD, 0x0B, 0xF8, 0xBF, 0x40, 0x3F, 0xCB, 0xF0, 0x02, 0xFC, 0xFF, 0xFF, 0xFF, 0xDF, 0xFF,
    0xFF, 0xFD, 0xFF, 0x55, 0x7F, 0xDB, 0xF0, 0x03, 0xFC, 0x3F, 0xC0, 0x7F, 0x82, 0xFF, 0xFF, 0xF0,
    0x0F, 0xFF, 0xFD, 0x00, 0x2F, 0xFF, 0x00, 0x00, 0x00, 0x00, 0x00, 0xBF, 0x00, 0x00, 0x1F, 0xDB,
    0xF4, 0x00, 0x07, 0xFE, 0x3F, 0x80, 0x00, 0xFF, 0xE3, 0xFC, 0x00, 0x1F, 0xE0, 0x2F, 0xC0, 0x03,
    0xFC, 0x00, 0xFE, 0x00, 0x3F, 0x80, 0x0F, 0xF0, 0x07, 0xF0, 0x00, 0xBF, 0x00, 0xFF, 0x00, 0x03,
    0xF4, 0x0F, 0xE0, 0x00, 0x3F, 0xC1, 0xFC, 0x00, 0x01, 0xFC, 0x3F, 0xC0, 0x00, 0x0F, 0xD3, 0xF4,
    0x00, 0x00, 0xFE, 0x7F, 0x00, 0x00, 0x07, 0xFB, 0xF0, 0x00, 0x00, 0x3F, 0xFD, 0x00, 0x00, 0x03,
    0xFF, 0xC0, 0x00, 0x00, 0x1F, 0xF8, 0x00, 0x00, 0x00, 0xFF, 0x40, 0x00, 0xAA, 0x00, 0x01, 0xA8,
    0xBF, 0x40, 0x0B, 0xFC, 0x3F, 0x80, 0x0F, 0xFC, 0x3F, 0xC0, 0x2F, 0xD4, 0x1F, 0xD0, 0x3F, 0xC0,
    0x0F, 0xE0, 0x3F, 0x40, 0x0B, 0xF0, 0xBF, 0x00, 0x07, 0xF0, 0xFE, 0x00, 0x03, 0xF9, 0xFC, 0x00,
    0x02, 0xFE, 0xFC, 0x00, 0x00, 0xFF, 0xF4, 0x00, 0x00, 0xBF, 0xF0, 0x00, 0x00, 0x7F, 0xE0, 0x00,
    0x00, 0x3F, 0xC0, 0x00, 0x00, 0x00, 0x00, 0x00, 0x00, 0xFD, 0x3F, 0x40, 0x00, 0x03, 0xF1, 0xFC,
    0x00, 0x00, 0x1F, 0x87, 0xD0, 0x00, 0x00, 0x3C, 0x1F, 0x00, 0x00, 0x00, 0x00, 0x00, 0x00, 0xBF,
    0x00, 0x00, 0x1F, 0xDB, 0xF4, 0x00, 0x07, 0xFE, 0x3F, 0x80, 0x00, 0xFF, 0xE3, 0xFC, 0x00, 0x1F,
    0xE0, 0x2F, 0xC0, 0x03, 0xFC, 0x00, 0xFE, 0x00, 0x3F, 0x80, 0x0F, 0xF0, 0x07, 0xF0, 0x00, 0xBF,
    0x00, 0xFF, 0x00, 0x03, 0xF4, 0x0F, 0xE0, 0x00, 0x3F, 0xC1, 0xFC, 0x00, 0x01, 0xFC, 0x3F, 0xC0,
    0x00, 0x0F, 0xD3, 0xF4, 0x00, 0x00, 0xFE, 0x7F, 0x00, 0x00, 0x07, 0xFB, 0xF0, 0x00, 0x00, 0x3F,
    0xFD, 0x00, 0x00, 0x03, 0xFF, 0xC0, 0x00, 0x00, 0x1F, 0xF8, 0x00, 0x00, 0x00, 0xFF, 0x40, 0x00,
    0x00, 0x00, 0x00, 0x00, 0x3F, 0x8F, 0xD0, 0x00, 0x0F, 0xC7, 0xF0, 0x00, 0x03, 0xE1, 0xF8, 0x00,
    0x00, 0xF0, 0x7C, 0x00, 0x00, 0x00, 0x00, 0x00, 0xAA, 0x00, 0x01, 0xA8, 0xBF, 0x40, 0x0B, 0xFC,
    0x3F, 0x80, 0x0F, 0xFC, 0x3F, 0xC0, 0x2F, 0xD4, 0x1F, 0xD0, 0x3F, 0xC0, 0x0F, 0xE0, 0x3F, 0x40,
    0x0B, 0xF0, 0xBF, 0x00, 0x07, 0xF0, 0xFE, 0x00, 0x03, 0xF9, 0xFC, 0x00, 0x02, 0xFE, 0xFC, 0x00,
    0x00, 0xFF, 0xF4, 0x00, 0x00, 0xBF, 0xF0, 0x00, 0x00, 0x7F, 0xE0, 0x00, 0x00, 0x3F, 0xC0, 0x00,
    0x00, 0x00, 0x00, 0x00, 0x00, 0x00, 0x00, 0x00, 0x00, 0x6F, 0xFE, 0x40, 0x00, 0x00, 0x00, 0x00,
    0x02, 0xFF, 0xFF, 0xE0, 0x00, 0x00, 0x00, 0x00, 0x0F, 0xFF, 0xFF, 0xF8, 0x00, 0x00, 0x00, 0x00,
    0x1F, 0xF4, 0x07, 0xFD, 0x00, 0x00, 0x00, 0x00, 0x3F, 0xD0, 0x01, 0xFE, 0x0A, 0xA0, 0x00, 0xAA,
    0x3F, 0xC0, 0x00, 0xFF, 0x0F, 0xF0, 0x01, 0xFE, 0x7F, 0x80, 0x00, 0xBF, 0x07, 0xF8, 0x02, 0xFC,
    0x7F, 0x40, 0x00, 0xBF, 0x43, 0xFC, 0x03, 0xFC, 0xBF, 0x40, 0x00, 0x7F, 0x42, 0xFC, 0x07, 0xF4,
    0xBF, 0x40, 0x00, 0x7F, 0x40, 0xFE, 0x0B, 0xF0, 0x7F, 0x40, 0x00, 0xBF, 0x40, 0xFF, 0x0F, 0xE0,
    0x7F, 0x80, 0x00, 0xBF, 0x40, 0x7F, 0x1F, 0xD0, 0x3F, 0xC0, 0x00, 0xFF, 0x00, 0x3F, 0xAF, 0xC0,
    0x3F, 0xD0, 0x01, 0xFF, 0x00, 0x2F, 0xBF, 0x80, 0x1F, 0xF4, 0x07, 0xFD, 0x00, 0x0F, 0xFF, 0x00,
    0x0F, 0xFF, 0xFF, 0xF8, 0x00, 0x0F, 0xFF, 0x00, 0x03, 0xFF, 0xFF, 0xF0, 0x00, 0x07, 0xFD, 0x00,
    0x00, 0x7F, 0xFF, 0x40, 0x00, 0x03, 0xFC, 0x00, 0x00, 0x00, 0x00, 0x00, 0x00, 0x03, 0xF8, 0x00,
    0x00, 0x00, 0x00, 0x00, 0x00, 0x0B, 0xF4, 0x00, 0x00, 0x00, 0x00, 0x00, 0x00, 0x1F, 0xF0, 0x00,
    0x00, 0x00, 0x00, 0x00, 0x07, 0xFF, 0xD0, 0x00, 0x00, 0x00, 0x00, 0x00, 0x07, 0xFF, 0x40, 0x00,
    0x00, 0x00, 0x00, 0x00, 0x07, 0xF8, 0x00, 0x00, 0x00, 0xBF, 0x90, 0x06, 0xA0, 0x00, 0x6A, 0x02,
    0xFF, 0xFF, 0x01, 0xFD, 0x00, 0x3F, 0xC2, 0xFF, 0xFF, 0xF0, 0x3F, 0xC0, 0x0F, 0xE0, 0xFF, 0x42,
    0xFE, 0x0B, 0xF0, 0x0B, 0xF0, 0x7F, 0x40, 0x3F, 0xC0, 0xFD, 0x03, 0xFC, 0x2F, 0xC0, 0x0B, 0xF4,
    0x3F, 0xC0, 0xFD, 0x0F, 0xF0, 0x01, 0xFD, 0x07, 0xF0, 0x7F, 0x03, 0xFC, 0x00, 0x7F, 0x40, 0xFD,
    0x3F, 0x80, 0xBF, 0x00, 0x2F, 0xD0, 0x2F, 0xCF, 0xD0, 0x2F, 0xD0, 0x0B, 0xF0, 0x03, 0xFB, 0xF0,
    0x03, 0xFC, 0x07, 0xFC, 0x00, 0xFF, 0xF8, 0x00, 0xBF, 0xEB, 0xFD, 0x00, 0x1F, 0xFC, 0x00, 0x0F,
    0xFF, 0xFE, 0x00, 0x03, 0xFF, 0x00, 0x00, 0x7F, 0xFD, 0x00, 0x00, 0xBF, 0x40, 0x00, 0x00, 0x00,
    0x00, 0x00, 0x2F, 0xC0, 0x00, 0x00, 0x00, 0x00, 0x00, 0x0F, 0xE0, 0x00, 0x00, 0x00, 0x00, 0x00,
    0x0F, 0xF4, 0x00, 0x00, 0x00, 0x00, 0x00, 0xFF, 0xF8, 0x00, 0x00, 0x00, 0x00, 0x00, 0x3F, 0xFC,
    0x00, 0x00, 0x00, 0x00, 0x00, 0x0F, 0xF4, 0x00, 0x00, 0x00, 0x00, 0x10, 0x00, 0x00, 0x00, 0x03,
    0xF0, 0x00, 0x00, 0x01, 0xFF, 0xF9, 0x00, 0x00, 0x7F, 0xFF, 0xFF, 0x00, 0x07, 0xFF, 0xFF, 0xFF,
    0x40, 0x3F, 0xFB, 0xF7, 0xFF, 0x03, 0xFE, 0x05, 0x03, 0xFE, 0x0F, 0xF0, 0x00, 0x07, 0xFC, 0x7F,
    0x80, 0x00, 0x0F, 0xF2, 0xFD, 0x00, 0x00, 0x3F, 0xDB, 0xF4, 0x00, 0x00, 0xBF, 0x6F, 0xD0, 0x00,
    0x02, 0xFD, 0xBF, 0x40, 0x00, 0x0F, 0xF5, 0xFE, 0x00, 0x00, 0x3F, 0xC3, 0xFC, 0x00, 0x01, 0xFF,
    0x0F, 0xF8, 0x04, 0x0F, 0xF8, 0x1F, 0xFD, 0xFD, 0xFF, 0xC0, 0x2F, 0xFF, 0xFF, 0xFD, 0x00, 0x2F,
    0xFF, 0xFF, 0xD0, 0x00, 0x0B, 0xFF, 0xF8, 0x00, 0x00, 0x01, 0xFC, 0x00, 0x00, 0x00, 0x01, 0x80,
    0x00, 0x00, 0x00, 0x00, 0x00, 0x00, 0x00, 0x2E, 0x00, 0x00, 0x06, 0xFE, 0x40, 0x01, 0xFF, 0xFF,
    0xD0, 0x1F, 0xFF, 0xFF, 0xD0, 0xFF, 0x7F, 0x7F, 0xC7, 0xF8, 0x10, 0x7F, 0xAF, 0xC0, 0x00, 0xFF,
    0xFF, 0x00, 0x03, 0xFF, 0xFC, 0x00, 0x0F, 0xFB, 0xF0, 0x00, 0x3F, 0xEF, 0xD0, 0x01, 0xFE, 0x3F,
    0xCB, 0xCF, 0xF4, 0xBF, 0xFF, 0xFF, 0x80, 0xBF, 0xFF, 0xF8, 0x00, 0x2F, 0xFE, 0x40, 0x00, 0x0F,
    0xC0, 0x00, 0x00, 0x04, 0x00, 0x00, 0x00, 0x00, 0x1A, 0x90, 0x00, 0x00, 0x00, 0x00, 0x2F, 0xFF,
    0x90, 0x00, 0x00, 0x00, 0x0F, 0xFF, 0xFE, 0x00, 0x00, 0x00, 0x03, 0xD0, 0x6F, 0x80, 0x00, 0x00,
    0x00, 0x07, 0xF0, 0x00, 0x00, 0x00, 0x00, 0x01, 0xFD, 0x00, 0x00, 0x00, 0x00, 0x00, 0x0F, 0x00,
    0x00, 0x00, 0x00, 0x00, 0x0F, 0x80, 0x00, 0x00, 0x00, 0x00, 0x06, 0x40, 0x00, 0x00, 0x00, 0x2F,
    0xF8, 0x00, 0xBF, 0xE0, 0x00, 0x3F, 0xFF, 0xC0, 0xFF, 0xFF, 0x40, 0x3F, 0xFF, 0xE0, 0x1F, 0xFF,
    0xF0, 0x2F, 0xF0, 0x20, 0x02, 0x02, 0xFE, 0x0F, 0xF0, 0x00, 0x00, 0x00, 0x3F, 0xC3, 0xF8, 0x00,
    0x00, 0x00, 0x07, 0xF5, 0xFD, 0x00, 0x00, 0x00, 0x00, 0xFE, 0xBF, 0x00, 0x00, 0x00, 0x00, 0x3F,
    0xAF, 0xC0, 0x00, 0x00, 0x00, 0x0F, 0xEB, 0xF0, 0x00, 0x2A, 0x40, 0x03, 0xF9, 0xFD, 0x00, 0x1F,
    0xD0, 0x00, 0xFE, 0x7F, 0x80, 0x07, 0xF4, 0x00, 0x7F, 0x4F, 0xF0, 0x01, 0xFD, 0x00, 0x2F, 0xD2,
    0xFD, 0x00, 0x7F, 0x40, 0x1F, 0xF0, 0x7F, 0xE0, 0x3F, 0xF4, 0x1F, 0xF8, 0x0B, 0xFF, 0xFF, 0xFF,
    0xFF, 0xFC, 0x00, 0xBF, 0xFF, 0xEF, 0xFF, 0xFC, 0x00, 0x07, 0xFF, 0xD0, 0xFF, 0xF8, 0x00, 0x00,
    0x00, 0x00, 0x00, 0x00, 0x00, 0x00, 0x02, 0xF9, 0x00, 0x00, 0x00, 0x00, 0xFF, 0xFE, 0x40, 0x00,
    0x00, 0x1F, 0xEF, 0xFD, 0x00, 0x00, 0x01, 0xF1, 0x5B, 0xD0, 0x00, 0x00, 0x00, 0xBE, 0x00, 0x00,
    0x00, 0x00, 0x07, 0xF0, 0x00, 0x00, 0x00, 0x00, 0x1F, 0x00, 0x00, 0x00, 0x00, 0x07, 0xC0, 0x00,
    0x00, 0x00, 0x00, 0x50, 0x00, 0x00, 0x00, 0x1B, 0xF4, 0x06, 0xFE, 0x00, 0x0B, 0xFF, 0xD0, 0xFF,
    0xFD, 0x02, 0xFF, 0xFC, 0x03, 0xFF, 0xF0, 0x3F, 0xD1, 0x00, 0x10, 0xBF, 0x87, 0xF8, 0x00, 0x00,
    0x03, 0xFC, 0xBF, 0x00, 0x00, 0x00, 0x2F, 0xCF, 0xF0, 0x01, 0x50, 0x02, 0xFD, 0xFF, 0x00, 0x3F,
    0x80, 0x2F, 0xDB, 0xF0, 0x03, 0xF8, 0x02, 0xFC, 0xBF, 0x40, 0x3F, 0x80, 0x3F, 0xC7, 0xFC, 0x0B,
    0xFC, 0x0B, 0xFC, 0x3F, 0xFF, 0xFF, 0xFF, 0xFF, 0x40, 0xFF, 0xFF, 0x7F, 0xFF, 0xE0, 0x02, 0xFF,
    0xD0, 0xBF, 0xF4, 0x00, 0x00, 0x00, 0x00, 0x00, 0x00, 0x00, 0x02, 0xAA, 0xAA, 0x80, 0x00, 0x00,
    0x03, 0xFF, 0xFF, 0xC0, 0x00, 0x00, 0x02, 0xD7, 0xD7, 0x40, 0x00, 0x00, 0x00, 0x41, 0x02, 0x00,
    0x00, 0x00, 0x00, 0x00, 0x00, 0x00, 0x00, 0x7F, 0x40, 0x1F, 0xE0, 0x02, 0xFC, 0x7F, 0x80, 0x1F,
    0xE0, 0x02, 0xFD, 0x7F, 0x80, 0x0F, 0xF0, 0x02, 0xFC, 0x7F, 0xC0, 0x0F, 0xF0, 0x02, 0xFC, 0x3F,
    0xC0, 0x0F, 0xF0, 0x03, 0xFC, 0x3F, 0xC0, 0x0F, 0xF0, 0x03, 0xFC, 0x3F, 0xC0, 0x0F, 0xF4, 0x03,
    0xFC, 0x2F, 0xD0, 0x1F, 0xF8, 0x03, 0xF8, 0x1F, 0xE0, 0x3F, 0xFC, 0x07, 0xF4, 0x0F, 0xF0, 0x3F,
    0xFC, 0x07, 0xF0, 0x0B, 0xF0, 0x7F, 0xFD, 0x0B, 0xF0, 0x07, 0xF8, 0xBE, 0xFE, 0x0F, 0xE0, 0x03,
    0xFC, 0xFC, 0xFF, 0x1F, 0xD0, 0x02, 0xFD, 0xFC, 0x7F, 0x6F, 0xC0, 0x00, 0xFF, 0xF8, 0x3F, 0xFF,
    0x80, 0x00, 0xBF, 0xF4, 0x1F, 0xFF, 0x00, 0x00, 0x3F, 0xF0, 0x0F, 0xFD, 0x00, 0x00, 0x1F, 0xE0,
    0x07, 0xFC, 0x00, 0x00, 0x05, 0x55, 0x55, 0x00, 0x00, 0x01, 0xFF, 0xFF, 0xE0, 0x00, 0x00, 0x0F,
    0xAF, 0xAD, 0x00, 0x00, 0x00, 0x50, 0x80, 0x80, 0x00, 0x00, 0x00, 0x00, 0x00, 0x00, 0x06, 0xA0,
    0x02, 0xA4, 0x01, 0xA8, 0x7F, 0x40, 0x3F, 0xC0, 0x2F, 0xC7, 0xF4, 0x03, 0xFC, 0x03, 0xFC, 0x3F,
    0x80, 0x3F, 0xC0, 0x3F, 0xC3, 0xF8, 0x02, 0xFC, 0x03, 0xF8, 0x3F, 0xC0, 0x2F, 0xD0, 0x3F, 0x42,
    0xFC, 0x03, 0xFE, 0x07, 0xF0, 0x0F, 0xD0, 0x7F, 0xF0, 0xBF, 0x00, 0xFF, 0x0F, 0xFF, 0x0F, 0xD0,
    0x07, 0xF2, 0xFB, 0xF5, 0xFC, 0x00, 0x3F, 0xBF, 0x1F, 0xFF, 0x80, 0x01, 0xFF, 0xE0, 0xFF, 0xF0,
    0x00, 0x0F, 0xFC, 0x07, 0xFE, 0x00, 0x00, 0x7F, 0x80, 0x3F, 0xC0, 0x00, 0x00, 0x00, 0x00, 0x00,
    0x00, 0x1B, 0xFF, 0x90, 0x00, 0xFF, 0xFF, 0xFC, 0x07, 0xFF, 0xFF, 0xF8, 0x0F, 0xFD, 0x01, 0xB0,
    0x2F, 0xF0, 0x00, 0x00, 0x3F, 0xC0, 0x00, 0x00, 0x7F, 0x80, 0x00, 0x00, 0x7F, 0x40, 0x00, 0x00,
    0xBF, 0x40, 0x00, 0x00, 0xBF, 0x40, 0x00, 0x00, 0x7F, 0x40, 0x00, 0x00, 0x7F, 0x80, 0x00, 0x00,
    0x3F, 0xC0, 0x00, 0x00, 0x3F, 0xE0, 0x00, 0x00, 0x1F, 0xF8, 0x00, 0x00, 0x0B, 0xFF, 0xFF, 0xD0,
    0x02, 0xFF, 0xFF, 0xD0, 0x00, 0x2F, 0xFF, 0xD0, 0x00, 0x00, 0x2F, 0xD0, 0x00, 0x00, 0x2F, 0xD0,
    0x00, 0x00, 0x2F, 0xD0, 0x00, 0x00, 0x2F, 0xD0, 0x00, 0x00, 0x2F, 0xD0, 0x00, 0x00, 0x2F, 0xD0,
    0x01, 0xBF, 0xE0, 0x0B, 0xFF, 0xFC, 0x2F, 0xFF, 0xFC, 0x7F, 0xD0, 0x64, 0xBF, 0x40, 0x00, 0xFF,
    0x00, 0x00, 0xFF, 0x00, 0x00, 0xFF, 0x00, 0x00, 0xFF, 0x00, 0x00, 0xBF, 0x40, 0x00, 0x7F, 0xC0,
    0x00, 0x3F, 0xFF, 0xF0, 0x0F, 0xFF, 0xF0, 0x01, 0xFF, 0xF0, 0x00, 0x0B, 0xF0, 0x00, 0x0B, 0xF0,
    0x00, 0x0B, 0xF0, 0x00, 0x0B, 0xF0, 0x00, 0x0B, 0xF0, 0x00, 0x0B, 0xF0, 0x00, 0x00, 0x08, 0x00,
    0x00, 0x0B, 0x40, 0x09, 0x03, 0xC0, 0x03, 0xE2, 0xD0, 0x00, 0x2F, 0xF0, 0x00, 0x01, 0xFD, 0x00,
    0x00, 0x7F, 0xF4, 0x00, 0x3C, 0x2E, 0x74, 0x2D, 0x00, 0x1F, 0xDF, 0x00, 0x00, 0xBF, 0x40, 0x00,
    0x0B, 0xF8, 0x00, 0x03, 0xDF, 0xD0, 0x02, 0xE0, 0xB0, 0x00, 0xF0, 0x00, 0x00, 0x24, 0x00, 0x00,
    0x00, 0x00, 0x00, 0x00, 0x00, 0x00, 0x00, 0x00, 0x2E, 0x7F, 0xFF, 0xFB, 0xFF, 0xFD, 0x78, 0x00,
    0x00, 0x00, 0x7F, 0xC0, 0xBF, 0xFF, 0xC7, 0xFF, 0xBF, 0x1E, 0x80, 0x3C, 0x2E, 0x1F, 0xCB, 0xD0,
    0xF4, 0x0F, 0x40, 0x00, 0x2D, 0x2F, 0xC1, 0xF0, 0x7C, 0xB8, 0x00, 0x00, 0x1F, 0xD0, 0x07, 0xFF,
    0xE9, 0xFE, 0xFF, 0xFF, 0x80, 0xBF, 0x00, 0x00, 0x00, 0x19, 0x00, 0x00, 0x00, 0x00, 0x00, 0x00,
    0x0B, 0xFC, 0x00, 0x00, 0x00, 0x00, 0x00, 0x00, 0xD0, 0xB0, 0x00, 0x00, 0x00, 0x00, 0x00, 0x04,
    0x01, 0x00, 0x00, 0x00, 0x00, 0x04, 0x00, 0x00, 0x00, 0x05, 0x00, 0x00, 0x0F, 0xF8, 0x00, 0x00,
    0x03, 0xFE, 0x00, 0x01, 0xD1, 0xD0, 0x00, 0x00, 0xB4, 0x70, 0x00, 0x14, 0x05, 0x00, 0x00, 0x04,
    0x01, 0x00, 0x00, 0x00, 0x00, 0x00, 0x00, 0x00, 0x00, 0x00, 0x00, 0x00, 0x00, 0x00, 0x00, 0x00,
    0x00, 0x00, 0x00, 0x00, 0x00, 0x00, 0x00, 0x00, 0x00, 0x00, 0x00, 0x00, 0x00, 0x00, 0x00, 0x00,
    0x1F, 0xF0, 0x00, 0x00, 0x00, 0x00, 0xFF, 0x43, 0x97, 0x80, 0x00, 0x00, 0x00, 0x2D, 0x6C, 0x20,
    0x08, 0x00, 0x00, 0x00, 0x02, 0x00, 0x80, 0x00, 0x00, 0x00, 0x00, 0x00, 0x00, 0x00, 0x00, 0x00,
    0x00, 0x00, 0x00, 0x00, 0x00, 0x00, 0x00, 0x00, 0x00, 0x00, 0x00, 0x00, 0x00, 0x00, 0x00, 0x00,
    0x00, 0x00, 0x00, 0x00, 0x00, 0x07, 0xE0, 0x00, 0x00, 0x01, 0xF8, 0x00, 0x00, 0xEB, 0xC0, 0x00,
    0x00, 0x7A, 0xF0, 0x00, 0x28, 0x09, 0x00, 0x00, 0x09, 0x03, 0x40, 0x00, 0x00, 0x00, 0x00, 0x00,
    0x00, 0x00, 0x00, 0x00, 0x00, 0x02, 0xF4, 0x00, 0x00, 0x00, 0x00, 0x00, 0x00, 0xFF, 0xD0, 0x00,
    0x00, 0x00, 0x00, 0x00, 0x0C, 0x07, 0x00, 0x00, 0x00, 0x00, 0x00, 0x00, 0x00, 0x00, 0x00, 0x00,
    0x00, 0x00, 0x00, 0x00, 0x05, 0x00, 0x00, 0x00, 0x00, 0x00, 0x00, 0x0D, 0x00, 0x00, 0x00, 0x00,
    0x00, 0x00, 0x2C, 0x00, 0x00, 0x00, 0x00, 0x00, 0x00, 0x3C, 0x00, 0x00, 0x00, 0x00, 0x70, 0x00,
    0x7C, 0x00, 0x00, 0x00, 0x00, 0x78, 0x00, 0x64, 0x00, 0x07, 0x40, 0x00, 0x3C, 0x00, 0x00, 0x00,
    0xBF, 0x00, 0x00, 0x1F, 0x00, 0x00, 0x02, 0xF4, 0x00, 0x00, 0x0F, 0x00, 0x00, 0x00, 0x80, 0x00,
    0x00, 0x00, 0x00, 0x00, 0x00, 0x00, 0x00, 0x00, 0x00, 0x00, 0x00, 0x00, 0x00, 0x00, 0x00, 0x00,
    0x00, 0x00, 0x00, 0x00, 0x00, 0x00, 0x00, 0x00, 0x00, 0x00, 0x00, 0x00, 0xFE, 0x40, 0x00, 0x00,
    0x00, 0x07, 0xD0, 0x2F, 0xD0, 0x00, 0x00, 0x00, 0x07, 0xFE, 0x01, 0x90, 0x00, 0x00, 0x00, 0x00,
    0x1A, 0x00, 0x00, 0x00, 0x00, 0x00, 0x00, 0x00, 0x00, 0x00, 0x00, 0x00, 0x00, 0x00, 0x00, 0x00,
    0x00, 0x00, 0x00, 0x00, 0x00, 0x00, 0x00, 0x00, 0x00, 0x00, 0x00, 0x00, 0x00, 0x00, 0x02, 0x00,
    0x00, 0x00, 0xB0, 0x00, 0x00, 0x1F, 0x80, 0x00, 0x00, 0xF4, 0x00, 0x00, 0xBE, 0x00, 0x00, 0x00,
    0x7C, 0x00, 0x01, 0xE0, 0x00, 0x2D, 0x00, 0x2C, 0x00, 0x00, 0x00, 0x00, 0x3C, 0x00, 0x0D, 0x00,
    0x00, 0x00, 0x00, 0x3C, 0x00, 0x00, 0x00, 0x00, 0x00, 0x00, 0x74, 0x00, 0x00, 0x00, 0x00, 0x00,
    0x00, 0x70, 0x00, 0x00, 0x00, 0x06, 0x90, 0x02, 0xA0, 0x00, 0x01, 0xFC, 0x02, 0xFC, 0x00, 0x00,
    0x3F, 0xD6, 0xFE, 0x00, 0x00, 0x07, 0xFF, 0xFE, 0x00, 0x00, 0x00, 0x1A, 0xA8, 0x00, 0x00, 0x00,
    0x00, 0x00, 0x00, 0x00, 0x0B, 0xE0, 0x00, 0x1F, 0xF4, 0x03, 0xF8, 0x00, 0x0F, 0xFD, 0x00, 0xFE,
    0x00, 0x0B, 0xFF, 0x40, 0x3F, 0x80, 0x03, 0xFF, 0xD0, 0x0F, 0xE0, 0x03, 0xFF, 0xF4, 0x03, 0xF8,
    0x01, 0xFD, 0xFD, 0x00, 0xFE, 0x00, 0xFF, 0x3F, 0x40, 0x3F, 0x80, 0xBF, 0x0F, 0xD0, 0x0F, 0xE0,
    0x7F, 0x83, 0xF4, 0x03, 0xF8, 0x3F, 0xC0, 0xFD, 0x00, 0xFE, 0x2F, 0xD0, 0x3F, 0x40, 0x3F, 0x8F,
    0xE0, 0x0F, 0xD0, 0x0F, 0xEB, 0xF0, 0x03, 0xF4, 0x03, 0xFF, 0xF8, 0x00, 0xFD, 0x00, 0xFF, 0xFC,
    0x00, 0x3F, 0x55, 0x3F, 0xFD, 0x00, 0x0F, 0xFF, 0xCF, 0xFE, 0x00, 0x03, 0xFF, 0xF3, 0xFF, 0x00,
    0x00, 0xFF, 0xF8, 0x00, 0x00, 0x00, 0x00, 0xFD, 0x00, 0x00, 0x00, 0x00, 0x7F, 0x00, 0x00, 0x00,
    0x00, 0x3F, 0xC0, 0x00, 0x00, 0x00, 0x0F, 0xE0, 0x00, 0x00, 0x00, 0x0B, 0xF4, 0x00, 0x00, 0x00,
    0x00, 0x00, 0x00, 0x06, 0x80, 0x02, 0x90, 0x00, 0x2F, 0x80, 0x2F, 0xC0, 0x00, 0x7F, 0x96, 0xFD,
    0x00, 0x00, 0xBF, 0xFF, 0xE0, 0x00, 0x00, 0x6F, 0xF8, 0x00, 0x00, 0x00, 0x00, 0x00, 0x00, 0x02,
    0xA4, 0x00, 0x6A, 0x80, 0x0F, 0xE0, 0x03, 0xFF, 0x00, 0x3F, 0x80, 0x3F, 0xFC, 0x00, 0xFE, 0x01,
    0xFF, 0xF0, 0x03, 0xF8, 0x0F, 0xFF, 0xC0, 0x0F, 0xE0, 0xFF, 0x7F, 0x00, 0x3F, 0x87, 0xF5, 0xFC,
    0x00, 0xFD, 0x3F, 0x8B, 0xF0, 0x03, 0xF7, 0xFC, 0x2F, 0xC0, 0x0F, 0xFF, 0xD0, 0xBF, 0x00, 0x3F,
    0xFE, 0x02, 0xFC, 0x00, 0xFF, 0xF0, 0x0B, 0xFA, 0x93, 0xFF, 0x40, 0x2F, 0xFF, 0x4F, 0xF8, 0x00,
    0xBF, 0xFC, 0x00, 0x00, 0x00, 0x03, 0xF0, 0x00, 0x00, 0x00, 0x1F, 0x80, 0x00, 0x00, 0x00, 0xFD,
    0x00, 0x00, 0x00, 0x03, 0xF4, 0x00, 0x00, 0x00, 0x1F, 0xC0, 0x0B, 0xF0, 0x00, 0x00, 0x3F, 0xC0,
    0x00, 0x07, 0xFF, 0xFE, 0x00, 0x1F, 0xFF, 0xF8, 0x00, 0x7F, 0xFF, 0xE0, 0x00, 0x3F, 0xC0, 0x00,
    0x00, 0xFF, 0x00, 0x00, 0x03, 0xFF, 0xFE, 0x40, 0x0F, 0xFF, 0xFF, 0xC0, 0x3F, 0xFF, 0xFF, 0xC0,
    0xFF, 0x01, 0xFF, 0x43, 0xFC, 0x00, 0xFE, 0x0F, 0xF0, 0x03, 0xFC, 0x3F, 0xC0, 0x0F, 0xE0, 0xFF,
    0x01, 0xFF, 0x43, 0xFF, 0xFF, 0xFC, 0x0F, 0xFF, 0xFF, 0xC0, 0x3F, 0xFF, 0xE4, 0x00, 0x0F, 0xE0,
    0x00, 0x00, 0x3F, 0x80, 0x00, 0x05, 0xFF, 0x55, 0x00, 0x3F, 0xFF, 0xFD, 0x00, 0xFF, 0xFF, 0xF4,
    0x00, 0x3F, 0x80, 0x00, 0x00, 0xFE, 0x00, 0x00, 0x03, 0xF8, 0x00, 0x00, 0x0F, 0xE0, 0x00, 0x00,
    0x3F, 0x80, 0x00, 0x00, 0xFF, 0x55, 0x00, 0x03, 0xFF, 0xFF, 0xE0, 0x0F, 0xFF, 0xFF, 0xF0, 0x3F,
    0x80, 0x7F, 0xD0, 0xFE, 0x00, 0x7F, 0x43, 0xF8, 0x01, 0xFD, 0x0F, 0xFA, 0xBF, 0xF0, 0x3F, 0xFF,
    0xFF, 0x40, 0xFF, 0xFF, 0xE0, 0x00, 0xBF, 0xFF, 0x90, 0x3F, 0xFF, 0xFE, 0x0F, 0xFF, 0xFF, 0xE3,
    0xFD, 0x5B, 0xFC, 0xFF, 0x00, 0xBF, 0x7F, 0xC0, 0x1F, 0xEF, 0xF0, 0xD7, 0xFB, 0xFC, 0xBF, 0xFD,
    0xFF, 0x6F, 0xFF, 0x3F, 0xFF, 0xFF, 0x4F, 0xFF, 0xFF, 0x83, 0xFE, 0xAB, 0xF0, 0xFF, 0x00, 0x38,
    0x3F, 0xC0, 0x00, 0x0F, 0xF0, 0x00, 0x03, 0xFC, 0x00, 0x00, 0xFF, 0x00, 0x00, 0x3F, 0xC0, 0x00,
    0x00, 0x2A, 0x07, 0xF8, 0x03, 0xF6, 0xFF, 0xF0, 0x3F, 0xFF, 0xFF, 0x83, 0xFE, 0x07, 0xFC, 0x3F,
    0xC0, 0x2F, 0xD3, 0xFC, 0x00, 0xFE, 0x3F, 0x80, 0x0F, 0xE3, 0xF8, 0x00, 0xFE, 0x3F, 0xC2, 0xDF,
    0xE3, 0xFC, 0x7F, 0xFD, 0x3F, 0xE2, 0xFF, 0xC3, 0xFF, 0xFF, 0xFC, 0x3F, 0xFF, 0xFF, 0x03, 0xF9,
    0xFF, 0xF4, 0x3F, 0x80, 0x0F, 0x83, 0xF8, 0x00, 0x10, 0x3F, 0x80, 0x00, 0x03, 0xF8, 0x00, 0x00,
    0x3F, 0x80, 0x00, 0x03, 0xF8, 0x00, 0x00, 0x00, 0x00, 0x6A, 0x00, 0x00, 0x7F, 0x00, 0x00, 0x7F,
    0x00, 0x00, 0x7F, 0xBF, 0xFF, 0xFF, 0xFF, 0xFF, 0xFF, 0xFF, 0xFF, 0xFF, 0xFF, 0x55, 0x55, 0xFF,
    0x00, 0x00, 0xFF, 0x00, 0x00, 0xFF, 0x00, 0x00, 0xFF, 0x00, 0x00, 0xFF, 0x00, 0x00, 0xFF, 0x00,
    0x00, 0xFF, 0x00, 0x00, 0xFF, 0x00, 0x00, 0xFF, 0x00, 0x00, 0xFF, 0x00, 0x00, 0xFF, 0x00, 0x00,
    0xFF, 0x00, 0x00, 0xFF, 0x00, 0x00, 0xFF, 0x00, 0x00, 0x00, 0x00, 0x54, 0x00, 0x07, 0xF0, 0x00,
    0x1F, 0xC0, 0x00, 0x7F, 0x2A, 0xAB, 0xFC, 0xFF, 0xFF, 0xF3, 0xFF, 0xFF, 0xCF, 0xE0, 0x00, 0x3F,
    0x80, 0x00, 0xFE, 0x00, 0x03, 0xF8, 0x00, 0x0F, 0xE0, 0x00, 0x3F, 0x80, 0x00, 0xFE, 0x00, 0x03,
    0xF8, 0x00, 0x0F, 0xE0, 0x00, 0x3F, 0x80, 0x00, 0xFE, 0x00, 0x00, 0x0B, 0xFF, 0xFF, 0xD0, 0xFF,
    0xFF, 0xFD, 0x0F, 0xFF, 0xFF, 0xD0, 0xFF, 0x55, 0x54, 0x0F, 0xF0, 0x00, 0x00, 0xFF, 0x00, 0x00,
    0x0F, 0xF0, 0x00, 0x01, 0xFF, 0x55, 0x40, 0x7F, 0xFF, 0xFC, 0x07, 0xFF, 0xFF, 0xC0, 0x6F, 0xFA,
    0xA8, 0x00, 0xFF, 0x00, 0x00, 0x0F, 0xF0, 0x00, 0x00, 0xFF, 0x00, 0x00, 0x0F, 0xF0, 0x00, 0x00,
    0xFF, 0x00, 0x00, 0x0F, 0xF0, 0x00, 0x00, 0xFF, 0x00, 0x00, 0x0A, 0xAA, 0xA9, 0x1F, 0xFF, 0xFE,
    0x1F, 0xFF, 0xFE, 0x1F, 0xE5, 0x55, 0x1F, 0xD0, 0x00, 0x1F, 0xD0, 0x00, 0xFF, 0xFF, 0xD0, 0xFF,
    0xFF, 0xE0, 0xFF, 0xFF, 0xD0, 0x1F, 0xD0, 0x00, 0x1F, 0xD0, 0x00, 0x1F, 0xD0, 0x00, 0x1F, 0xD0,
    0x00, 0x1F, 0xD0, 0x00, 0xBF, 0xFF, 0xFD, 0x00, 0xFF, 0xFF, 0xFD, 0x00, 0xFF, 0xFF, 0xFD, 0x00,
    0xFF, 0x55, 0x54, 0x00, 0xFF, 0x00, 0x00, 0x00, 0xFF, 0x00, 0x00, 0x00, 0xFF, 0x00, 0x00, 0x00,
    0xFF, 0x00, 0x00, 0x00, 0xFF, 0xFF, 0xE4, 0x00, 0xFF, 0xFF, 0xFF, 0x00, 0xFF, 0xFF, 0xFF, 0xC0,
    0xFF, 0x96, 0xFF, 0xF0, 0xFF, 0x00, 0x1F, 0xF4, 0xFF, 0x00, 0x07, 0xFC, 0xFF, 0x00, 0x03, 0xFC,
    0xFF, 0x00, 0x02, 0xFC, 0xFF, 0x00, 0x02, 0xFC, 0xFF, 0x00, 0x02, 0xFC, 0x00, 0x00, 0x03, 0xFC,
    0x00, 0x00, 0x0B, 0xF8, 0x00, 0x50, 0x2F, 0xF0, 0x00, 0x7F, 0xFF, 0xE0, 0x00, 0x7F, 0xFF, 0xC0,
    0x00, 0x7F, 0xFD, 0x00, 0x00, 0x00, 0x00, 0x00, 0x2A, 0xAA, 0xA8, 0x03, 0xFF, 0xFF, 0xC0, 0x3F,
    0xFF, 0xFC, 0x03, 0xFD, 0x55, 0x40, 0x3F, 0x80, 0x00, 0x03, 0xF8, 0x00, 0x00, 0x3F, 0xFF, 0x80,
    0x03, 0xFF, 0xFF, 0x80, 0x3F, 0xFF, 0xFE, 0x03, 0xFD, 0x6F, 0xF4, 0x3F, 0x80, 0x7F, 0xC3, 0xF8,
    0x02, 0xFC, 0x3F, 0x80, 0x1F, 0xC3, 0xF8, 0x01, 0xFC, 0x00, 0x00, 0x2F, 0xC0, 0x00, 0x03, 0xFC,
    0x00, 0x40, 0xBF, 0x80, 0x0F, 0xFF, 0xF0, 0x00, 0xFF, 0xFD, 0x00, 0x0B, 0xFE, 0x00, 0x00, 0x00,
    0x00, 0x00, 0x7F, 0x40, 0x0F, 0xD0, 0x03, 0xF8, 0x02, 0xFC, 0x00, 0xFE, 0x00, 0xBF, 0x40, 0x0F,
    0xF0, 0x0F, 0xE0, 0x0F, 0xE0, 0x00, 0x7F, 0x40, 0xFE, 0x03, 0xFC, 0x00, 0x02, 0xFC, 0x0F, 0xE0,
    0xBF, 0x00, 0x00, 0x0F, 0xF0, 0xFE, 0x1F, 0xD0, 0x00, 0x00, 0x3F, 0x4F, 0xE3, 0xFC, 0x00, 0x00,
    0x02, 0xFC, 0xFE, 0xBF, 0x00, 0x00, 0x00, 0x0F, 0xFF, 0xFF, 0xD0, 0x00, 0x00, 0x00, 0xFE, 0xFE,
    0xFE, 0x00, 0x00, 0x00, 0x3F, 0xCF, 0xE7, 0xF4, 0x00, 0x00, 0x0B, 0xF4, 0xFE, 0x3F, 0xC0, 0x00,
    0x01, 0xFE, 0x0F, 0xE0, 0xFF, 0x00, 0x00, 0x3F, 0xC0, 0xFE, 0x07, 0xF4, 0x00, 0x0B, 0xF4, 0x0F,
    0xE0, 0x3F, 0xD5, 0x41, 0xFE, 0x00, 0xFE, 0x00, 0xFF, 0xFC, 0x3F, 0xC0, 0x0F, 0xE0, 0x07, 0xFF,
    0xCB, 0xF4, 0x00, 0xFE, 0x00, 0x3F, 0xFC, 0x00, 0x00, 0x00, 0x00, 0x00, 0x1F, 0xC0, 0x00, 0x00,
    0x00, 0x00, 0x01, 0xFC, 0x00, 0x00, 0x00, 0x00, 0x00, 0x1F, 0xC0, 0x00, 0x00, 0x00, 0x00, 0x01,
    0xFC, 0x00, 0x00, 0x00, 0x00, 0x00, 0x1F, 0xC0, 0x00, 0x00, 0x00, 0x00, 0x00, 0x00, 0x0A, 0x90,
    0x0A, 0xA0, 0x06, 0xA4, 0x02, 0xFD, 0x03, 0xFC, 0x07, 0xFC, 0x00, 0x3F, 0xC0, 0xFF, 0x03, 0xFC,
    0x00, 0x03, 0xF8, 0x3F, 0xC2, 0xFD, 0x00, 0x00, 0x7F, 0x4F, 0xF1, 0xFD, 0x00, 0x00, 0x0B, 0xF3,
    0xFC, 0xFE, 0x00, 0x00, 0x00, 0xFF, 0xFF, 0xFF, 0x00, 0x00, 0x00, 0x3F, 0xFF, 0xFF, 0xC0, 0x00,
    0x00, 0x3F, 0xCF, 0xF3, 0xFC, 0x00, 0x00, 0x2F, 0xD3, 0xFC, 0x7F, 0x80, 0x00, 0x1F, 0xE0, 0xFF,
    0x0B, 0xF4, 0x00, 0x0F, 0xF0, 0x3F, 0xC0, 0xFF, 0xFC, 0x0F, 0xF0, 0x0F, 0xF0, 0x0F, 0xFF, 0x0B,
    0xF4, 0x03, 0xFC, 0x01, 0xFF, 0xC0, 0x00, 0x00, 0x00, 0x00, 0x07, 0xF0, 0x00, 0x00, 0x00, 0x00,
    0x01, 0xFC, 0x00, 0x00, 0x00, 0x00, 0x00, 0x7F, 0x00, 0x00, 0x00, 0x00, 0x00, 0x1F, 0xC0, 0x00,
    0x00, 0x00, 0x00, 0x07, 0xF0, 0x00, 0x00, 0x00, 0x06, 0xFF, 0xF4, 0x0F, 0xFF, 0xFF, 0xC1, 0xFF,
    0xFF, 0xF8, 0x39, 0x02, 0xFF, 0x00, 0x00, 0x3F, 0xC0, 0x00, 0x0F, 0xF0, 0x00, 0x07, 0xF8, 0x06,
    0xBF, 0xF8, 0x02, 0xFF, 0xF4, 0x00, 0xBF, 0xFF, 0x80, 0x05, 0x5F, 0xFC, 0x00, 0x00, 0xBF, 0x40,
    0x00, 0x1F, 0xD0, 0x00, 0x0B, 0xF6, 0x40, 0x07, 0xFC, 0xFF, 0xFF, 0xFF, 0x3F, 0xFF, 0xFF, 0x07,
    0xFF, 0xFD, 0x00, 0x00, 0xB8, 0x00, 0x00, 0x0F, 0x80, 0x00, 0x02, 0xF0, 0x00, 0x05, 0xFC, 0x00,
    0x03, 0xFE, 0x00, 0x00, 0x7E, 0x00, 0x00, 0x06, 0xFF, 0x90, 0x3F, 0xFF, 0xF8, 0x2F, 0xFF, 0xFD,
    0x04, 0x01, 0xFE, 0x00, 0x00, 0xFD, 0x01, 0x57, 0xFC, 0x03, 0xFF, 0xE0, 0x03, 0xFF, 0xF8, 0x00,
    0x06, 0xFD, 0x00, 0x00, 0xFF, 0x10, 0x00, 0xFF, 0x3F, 0xAB, 0xFE, 0x3F, 0xFF, 0xFC, 0x2F, 0xFF,
    0xE0, 0x00, 0x2E, 0x00, 0x00, 0x0F, 0x80, 0x00, 0x0B, 0xC0, 0x00, 0x5F, 0xC0, 0x00, 0xFF, 0x80,
    0x00, 0xBD, 0x00, 0xBF, 0x00, 0x0B, 0xF0, 0x3F, 0xC0, 0x0B, 0xF4, 0x0F, 0xF0, 0x07, 0xF8, 0x03,
    0xFC, 0x03, 0xFC, 0x00, 0xFF, 0x03, 0xFC, 0x00, 0x3F, 0xC2, 0xFD, 0x00, 0x0F, 0xF1, 0xFE, 0x00,
    0x03, 0xFC, 0xFF, 0x00, 0x00, 0xFF, 0xFF, 0x00, 0x00, 0x3F, 0xEF, 0xE0, 0x00, 0x0F, 0xF3, 0xFD,
    0x00, 0x03, 0xFC, 0x3F, 0xC0, 0x00, 0xFF, 0x07, 0xF8, 0x00, 0x3F, 0xC0, 0xBF, 0x40, 0x0F, 0xF0,
    0x0F, 0xF5, 0x53, 0xFC, 0x01, 0xFF, 0xFD, 0xFF, 0x00, 0x2F, 0xFF, 0x7F, 0xC0, 0x03, 0xFF, 0xD0,
    0x00, 0x00, 0x07, 0xF4, 0x00, 0x00, 0x01, 0xFD, 0x00, 0x00, 0x00, 0x7F, 0x40, 0x00, 0x00, 0x1F,
    0xD0, 0x00, 0x00, 0x07, 0xF4, 0x00, 0x00, 0x00, 0x00, 0x2A, 0x40, 0x1A, 0x90, 0x3F, 0x80, 0x3F,
    0xC0, 0x3F, 0x80, 0xFF, 0x00, 0x3F, 0x82, 0xFD, 0x00, 0x3F, 0x87, 0xF8, 0x00, 0x3F, 0x9F, 0xE0,
    0x00, 0x3F, 0xBF, 0xC0, 0x00, 0x3F, 0xBF, 0xC0, 0x00, 0x3F, 0x9F, 0xF0, 0x00, 0x3F, 0x87, 0xF8,
    0x00, 0x3F, 0x82, 0xFE, 0x00, 0x3F, 0x80, 0xFF, 0xFC, 0x3F, 0x80, 0x3F, 0xFC, 0x3F, 0x80, 0x1F,
    0xFC, 0x00, 0x00, 0x01, 0xFC, 0x00, 0x00, 0x01, 0xFC, 0x00, 0x00, 0x01, 0xFC, 0x00, 0x00, 0x01,
    0xFC, 0x00, 0x00, 0x00, 0xFC, 0xBF, 0x00, 0x0F, 0xF3, 0xFC, 0x00, 0xFF, 0x4F, 0xF2, 0xCB, 0xF8,
    0x3F, 0xCB, 0x7F, 0xC0, 0xFF, 0x2F, 0xFC, 0x03, 0xFC, 0xBF, 0xD0, 0x0F, 0xF2, 0xFE, 0x00, 0x3F,
    0xCF, 0xF0, 0x00, 0xFF, 0xFF, 0x00, 0x03, 0xFE, 0xFE, 0x00, 0x0F, 0xF3, 0xFD, 0x00, 0x3F, 0xCB,
    0xFC, 0x00, 0xFF, 0x2F, 0xF8, 0x03, 0xFC, 0xBF, 0xF4, 0x0F, 0xF2, 0xDF, 0xF0, 0x3F, 0xC6, 0x1F,
    0xF0, 0xFF, 0x00, 0x2F, 0xE3, 0xFC, 0x00, 0x3F, 0xD0, 0x2A, 0x40, 0x1A, 0x90, 0xFE, 0x24, 0xFF,
    0x03, 0xF8, 0xEF, 0xF0, 0x0F, 0xE3, 0xFF, 0x40, 0x3F, 0x8F, 0xF8, 0x00, 0xFE, 0x7F, 0x80, 0x03,
    0xFB, 0xFC, 0x00, 0x0F, 0xEF, 0xF0, 0x00, 0x3F, 0x9F, 0xF0, 0x00, 0xFE, 0x3F, 0xE0, 0x03, 0xF8,
    0xFF, 0xE0, 0x0F, 0xE3, 0xBF, 0xD0, 0x3F, 0x8D, 0x3F, 0xC0, 0xFE, 0x00, 0x7F, 0xC0, 0x2F, 0xC0,
    0x02, 0xFC, 0x0F, 0xF0, 0x01, 0xFE, 0x0F, 0xFF, 0xC0, 0xFF, 0x03, 0xFF, 0xF0, 0xBF, 0x40, 0xFF,
    0xFC, 0x7F, 0x80, 0x0F, 0xF0, 0x3F, 0xC0, 0x03, 0xFC, 0x2F, 0xD0, 0x00, 0xFF, 0xFF, 0xE0, 0x00,
    0x3F, 0xFF, 0xF0, 0x00, 0x0F, 0xFF, 0xFE, 0x00, 0x03, 0xFD, 0x7F, 0xC0, 0x00, 0xFF, 0x07, 0xFC,
    0x00, 0x3F, 0xC0, 0xFF, 0x80, 0x0F, 0xF0, 0x0F, 0xF0, 0x03, 0xFC, 0x01, 0xFF, 0x00, 0xFF, 0x00,
    0x3F, 0xE0, 0x3F, 0xC0, 0x03, 0xFC, 0x0F, 0xF0, 0x00, 0xBF, 0xC0, 0x0F, 0xF0, 0x00, 0x00, 0x0F,
    0xF0, 0x00, 0x00, 0xFF, 0xFF, 0xD0, 0x00, 0xFF, 0xFF, 0xD0, 0x00, 0x5F, 0xF5, 0x40, 0x00, 0x0F,
    0xF0, 0x02, 0xA8, 0x0F, 0xF0, 0x0F, 0xF0, 0x0F, 0xF0, 0x2F, 0xD0, 0x0F, 0xF0, 0xBF, 0x80, 0x0F,
    0xF1, 0xFE, 0x00, 0x0F, 0xF3, 0xFC, 0x00, 0x0F, 0xFF, 0xF0, 0x00, 0x0F, 0xFF, 0xF4, 0x00, 0x0F,
    0xF3, 0xFC, 0x00, 0x0F, 0xF1, 0xFF, 0x00, 0x0F, 0xF0, 0xBF, 0x80, 0x0F, 0xF0, 0x2F, 0xE0, 0x0F,
    0xF0, 0x0F, 0xF4, 0x0F, 0xF0, 0x03, 0xFC, 0xFF, 0xFE, 0x00, 0x0F, 0xE3, 0xFF, 0xFC, 0x00, 0xFF,
    0x0F, 0xFF, 0xF0, 0x0B, 0xF4, 0x15, 0x7F, 0xC0, 0x7F, 0x80, 0x00, 0xFF, 0x03, 0xFC, 0x00, 0x03,
    0xFC, 0x3F, 0xC0, 0x00, 0x0F, 0xF2, 0xFD, 0x00, 0x00, 0x3F, 0xDF, 0xE0, 0x00, 0x00, 0xFF, 0xFF,
    0x00, 0x00, 0x03, 0xFF, 0xFD, 0x00, 0x00, 0x0F, 0xF3, 0xFC, 0x00, 0x00, 0x3F, 0xC7, 0xF8, 0x00,
    0x00, 0xFF, 0x0B, 0xF4, 0x00, 0x03, 0xFC, 0x0F, 0xF0, 0x00, 0x0F, 0xF0, 0x1F, 0xF0, 0x00, 0x3F,
    0xC0, 0x2F, 0xE0, 0x00, 0xFF, 0x00, 0x3F, 0xD0, 0x03, 0xFC, 0x00, 0x3F, 0xC0, 0xAA, 0xAA, 0x00,
    0x2A, 0x4F, 0xFF, 0xF0, 0x0F, 0xF0, 0xFF, 0xFF, 0x02, 0xFC, 0x00, 0x0B, 0xF0, 0x7F, 0x40, 0x00,
    0xBF, 0x0F, 0xD0, 0x00, 0x0B, 0xF3, 0xF8, 0x00, 0x00, 0xBF, 0xFF, 0x00, 0x00, 0x0B, 0xFF, 0xF0,
    0x00, 0x00, 0xBF, 0x3F, 0xC0, 0x00, 0x0B, 0xF0, 0xFE, 0x00, 0x00, 0xBF, 0x07, 0xF4, 0x00, 0x0B,
    0xF0, 0x2F, 0xD0, 0x00, 0xBF, 0x00, 0xFF, 0x00, 0x0B, 0xF0, 0x03, 0xFC, 0xBF, 0x00, 0x03, 0xF8,
    0x03, 0xFC, 0x00, 0x0F, 0xF0, 0x0F, 0xF0, 0x00, 0x3F, 0xC0, 0x3F, 0xC0, 0x00, 0xFF, 0x00, 0xFF,
    0x00, 0x03, 0xFC, 0x03, 0xFC, 0x00, 0x0F, 0xF0, 0x0F, 0xF0, 0x00, 0x3F, 0xC0, 0x3F, 0xFF, 0xFF,
    0xFF, 0x00, 0xFF, 0xFF, 0xFF, 0xFC, 0x03, 0xFF, 0xFF, 0xFF, 0xF0, 0x0F, 0xF5, 0x55, 0x7F, 0xC0,
    0x3F, 0xC0, 0x00, 0xFF, 0x00, 0xFF, 0x00, 0x03, 0xFC, 0x03, 0xFC, 0x00, 0x0F, 0xF0, 0x0F, 0xF0,
    0x00, 0x3F, 0xD5, 0x3F, 0xC0, 0x00, 0xFF, 0xFE, 0xFF, 0x00, 0x03, 0xFF, 0xFB, 0xFC, 0x00, 0x0F,
    0xFF, 0xE0, 0x00, 0x00, 0x00, 0x3F, 0x80, 0x00, 0x00, 0x00, 0xFE, 0x00, 0x00, 0x00, 0x03, 0xF8,
    0x00, 0x00, 0x00, 0x0F, 0xE0, 0x00, 0x00, 0x00, 0x3F, 0x80, 0x00, 0x00, 0x00, 0x00, 0x2A, 0x40,
    0x0A, 0x90, 0x0F, 0xE0, 0x03, 0xF8, 0x03, 0xF8, 0x00, 0xFE, 0x00, 0xFE, 0x00, 0x3F, 0x80, 0x3F,
    0x80, 0x0F, 0xE0, 0x0F, 0xF5, 0x57, 0xF8, 0x03, 0xFF, 0xFF, 0xFE, 0x00, 0xFF, 0xFF, 0xFF, 0x80,
    0x3F, 0xD5, 0x5F, 0xE0, 0x0F, 0xE0, 0x03, 0xF8, 0x03, 0xF8, 0x00, 0xFE, 0x00, 0xFE, 0x00, 0x3F,
    0xEA, 0x3F, 0x80, 0x0F, 0xFF, 0xCF, 0xE0, 0x03, 0xFF, 0xF0, 0x00, 0x00, 0x01, 0xFC, 0x00, 0x00,
    0x00, 0x7F, 0x00, 0x00, 0x00, 0x1F, 0xC0, 0x00, 0x00, 0x07, 0xF0, 0x00, 0x00, 0x01, 0xFC, 0xBF,
    0x00, 0x03, 0xFF, 0xFB, 0xFC, 0x00, 0x0F, 0xFF, 0xFF, 0xF0, 0x00, 0x3F, 0xFF, 0xFF, 0xC0, 0x00,
    0xFF, 0x55, 0xFF, 0x00, 0x03, 0xFC, 0x03, 0xFC, 0x00, 0x0F, 0xF0, 0x0F, 0xF0, 0x00, 0x3F, 0xC0,
    0x3F, 0xFF, 0xFF, 0xFF, 0x00, 0xFF, 0xFF, 0xFF, 0xFC, 0x03, 0xFF, 0xFF, 0xFF, 0xF0, 0x0F, 0xF5,
    0x55, 0x7F, 0xC0, 0x3F, 0xC0, 0x00, 0xFF, 0x00, 0xFF, 0x00, 0x03, 0xFC, 0x03, 0xFC, 0x00, 0x0F,
    0xF0, 0x0F, 0xF0, 0x00, 0x3F, 0xC0, 0x3F, 0xC0, 0x00, 0xFF, 0x00, 0xFF, 0x00, 0x03, 0xFC, 0x03,
    0xFC, 0x00, 0x0F, 0xF0, 0x00, 0x2A, 0x40, 0x0A, 0xAA, 0xA3, 0xF8, 0x00, 0xFF, 0xFF, 0x3F, 0x80,
    0x0F, 0xFF, 0xF3, 0xF8, 0x00, 0xFE, 0x00, 0x3F, 0x80, 0x0F, 0xE0, 0x03, 0xFD, 0x55, 0xFE, 0x00,
    0x3F, 0xFF, 0xFF, 0xE0, 0x03, 0xFF, 0xFF, 0xFE, 0x00, 0x3F, 0xD5, 0x5F, 0xE0, 0x03, 0xF8, 0x00,
    0xFE, 0x00, 0x3F, 0x80, 0x0F, 0xE0, 0x03, 0xF8, 0x00, 0xFE, 0x00, 0x3F, 0x80, 0x0F, 0xE0, 0x03,
    0xF8, 0x00, 0xFE, 0x00, 0xBF, 0xFF, 0xFF, 0xE0, 0x00, 0x00, 0x3F, 0xFF, 0xFF, 0xFC, 0x00, 0x00,
    0x0F, 0xFF, 0xFF, 0xFF, 0x00, 0x00, 0x03, 0xFD, 0x55, 0x7F, 0xC0, 0x00, 0x00, 0xFF, 0x00, 0x0F,
    0xF0, 0x00, 0x00, 0x3F, 0xC0, 0x03, 0xFC, 0x00, 0x00, 0x0F, 0xF0, 0x00, 0xFF, 0x00, 0x00, 0x03,
    0xFC, 0x00, 0x3F, 0xC0, 0x00, 0x00, 0xFF, 0x00, 0x0F, 0xFF, 0xFE, 0x40, 0x3F, 0xC0, 0x03, 0xFF,
    0xFF, 0xFC, 0x0F, 0xF0, 0x00, 0xFF, 0xFF, 0xFF, 0xC3, 0xFC, 0x00, 0x3F, 0xE5, 0xBF, 0xFC, 0xFF,
    0x00, 0x0F, 0xF0, 0x01, 0xFF, 0x3F, 0xC0, 0x03, 0xFC, 0x00, 0x1F, 0xEF, 0xF0, 0x00, 0xFF, 0x00,
    0x03, 0xFF, 0xFC, 0x00, 0x3F, 0xC0, 0x00, 0xFF, 0xFF, 0x00, 0x0F, 0xF0, 0x00, 0x3F, 0xFF, 0xC0,
    0x03, 0xFC, 0x00, 0x0F, 0xF0, 0x00, 0x00, 0x00, 0x00, 0x07, 0xF8, 0x00, 0x00, 0x00, 0x00, 0x03,
    0xFD, 0x00, 0x00, 0x00, 0x05, 0x07, 0xFF, 0x00, 0x00, 0x00, 0x02, 0xFF, 0xFF, 0x40, 0x00, 0x00,
    0x00, 0xBF, 0xFF, 0x80, 0x00, 0x00, 0x00, 0x2F, 0xFF, 0x40, 0x00, 0x00, 0x00, 0x00, 0x00, 0x00,
    0x00, 0x2A, 0xAA, 0xAA, 0x80, 0x00, 0x0F, 0xFF, 0xFF, 0xF0, 0x00, 0x03, 0xFF, 0xFF, 0xFC, 0x00,
    0x00, 0xFE, 0x00, 0xFF, 0x00, 0x00, 0x3F, 0x80, 0x3F, 0xC0, 0x00, 0x0F, 0xE0, 0x0F, 0xF0, 0x00,
    0x03, 0xF8, 0x03, 0xFF, 0xE4, 0x00, 0xFE, 0x00, 0xFF, 0xFF, 0xC0, 0x3F, 0x80, 0x3F, 0xFF, 0xFC,
    0x0F, 0xE0, 0x0F, 0xF6, 0xFF, 0x83, 0xF8, 0x03, 0xFC, 0x0F, 0xF0, 0xFE, 0x00, 0xFF, 0x01, 0xFC,
    0x3F, 0x80, 0x3F, 0xC0, 0x7F, 0x4F, 0xE0, 0x0F, 0xF0, 0x0F, 0xD0, 0x00, 0x00, 0x00, 0x07, 0xF4,
    0x00, 0x00, 0x00, 0x02, 0xFC, 0x00, 0x00, 0x01, 0x02, 0xFF, 0x00, 0x00, 0x00, 0xFF, 0xFF, 0x40,
    0x00, 0x00, 0x3F, 0xFF, 0x40, 0x00, 0x00, 0x0B, 0xFF, 0x40, 0x00, 0x00, 0x00, 0x00, 0x00, 0x00,
    0x00, 0x00, 0x00, 0x00, 0x00, 0x06, 0xFF, 0xC0, 0x00, 0x02, 0xFF, 0xFC, 0x00, 0x00, 0xBF, 0xFF,
    0x80, 0x00, 0x1F, 0xF4, 0x00, 0x00, 0x03, 0xFD, 0x00, 0xBE, 0x40, 0x3F, 0xC0, 0x3F, 0xFE, 0x07,
    0xF8, 0x0F, 0xFF, 0xF4, 0x7F, 0x40, 0xFE, 0x2F, 0xCB, 0xF4, 0x1F, 0xC1, 0xFC, 0xBF, 0x41, 0xFC,
    0x1F, 0xC7, 0xF4, 0x1F, 0xC1, 0xFC, 0x7F, 0x81, 0xFC, 0x1F, 0xC3, 0xFC, 0x0F, 0xD3, 0xF8, 0x3F,
    0xE0, 0xBF, 0x7F, 0x41, 0xFF, 0x83, 0xFF, 0xE0, 0x0B, 0xFF, 0xFF, 0xFC, 0x00, 0x2F, 0xFF, 0xFF,
    0xFE, 0x00, 0x7F, 0xFF, 0xFF, 0xE0, 0x00, 0x00, 0x06, 0xFE, 0x00, 0x00, 0x00, 0x00, 0x00, 0x01,
    0xBF, 0x80, 0x00, 0x2F, 0xFF, 0x00, 0x02, 0xFF, 0xF8, 0x00, 0x0F, 0xF4, 0x15, 0x40, 0xBF, 0x42,
    0xFF, 0xC2, 0xFC, 0x1F, 0xFF, 0x8F, 0xF0, 0xFE, 0x7F, 0x3F, 0xC3, 0xF0, 0xFC, 0xFF, 0x0F, 0xC3,
    0xF2, 0xFC, 0x2F, 0x4F, 0xC7, 0xFC, 0x7F, 0xFE, 0x0F, 0xFF, 0xFF, 0xF0, 0x0F, 0xFF, 0xFF, 0xF8,
    0x0B, 0xFF, 0xFF, 0xE0, 0x00, 0x00, 0x6F, 0x40, 0x00, 0x00, 0x00, 0x00, 0x00, 0x7F, 0xFE, 0x40,
    0x1F, 0xFF, 0xFF, 0x01, 0xFF, 0xFF, 0xF8, 0x0F, 0xFD, 0x02, 0xD0, 0xBF, 0x80, 0x00, 0x03, 0xFC,
    0x00, 0x00, 0x1F, 0xE0, 0x00, 0x00, 0xBF, 0x40, 0x00, 0x02, 0xFD, 0x00, 0x00, 0x0B, 0xF4, 0x00,
    0x00, 0x2F, 0xD0, 0x00, 0x00, 0x7F, 0x80, 0x00, 0x00, 0xFF, 0x00, 0x00, 0x03, 0xFE, 0x00, 0x00,
    0x07, 0xFE, 0x00, 0x24, 0x0F, 0xFF, 0xFF, 0xE0, 0x0B, 0xFF, 0xFF, 0x80, 0x07, 0xFF, 0xF8, 0x00,
    0x00, 0xF8, 0x00, 0x00, 0x00, 0xF4, 0x00, 0x00, 0x03, 0xE0, 0x00, 0x00, 0xAF, 0xC0, 0x00, 0x03,
    0xFD, 0x00, 0x00, 0x0B, 0x90, 0x00, 0x00, 0xBF, 0xE4, 0x0B, 0xFF, 0xFC, 0x1F, 0xFF, 0xF8, 0x3F,
    0xE0, 0x60, 0x7F, 0x80, 0x00, 0xBF, 0x00, 0x00, 0xFF, 0x00, 0x00, 0xFF, 0x00, 0x00, 0xFF, 0x00,
    0x00, 0xBF, 0x40, 0x00, 0x7F, 0xC0, 0x18, 0x3F, 0xFF, 0xFC, 0x0F, 0xFF, 0xFC, 0x02, 0xFF, 0xF4,
    0x00, 0x2F, 0x00, 0x00, 0x0F, 0x80, 0x00, 0x0B, 0xC0, 0x00, 0x5F, 0xC0, 0x00, 0xFF, 0x80, 0x00,
    0xBE, 0x00, 0x7F, 0xFF, 0xFF, 0xFB, 0xFF, 0xFF, 0xFF, 0xBF, 0xFF, 0xFF, 0xF1, 0x57, 0xFD, 0x55,
    0x00, 0x2F, 0xC0, 0x00, 0x02, 0xFC, 0x00, 0x00, 0x2F, 0xC0, 0x00, 0x02, 0xFC, 0x00, 0x00, 0x2F,
    0xC0, 0x00, 0x02, 0xFC, 0x00, 0x00, 0x2F, 0xC0, 0x00, 0x02, 0xFC, 0x00, 0x00, 0x2F, 0xC0, 0x00,
    0x02, 0xFC, 0x00, 0x00, 0x2F, 0xD5, 0x00, 0x02, 0xFF, 0xFC, 0x00, 0x2F, 0xFF, 0xC0, 0x02, 0xFF,
    0xFC, 0x00, 0x00, 0x3F, 0xC0, 0x00, 0x03, 0xFC, 0x00, 0x00, 0x3F, 0xC0, 0x00, 0x03, 0xFC, 0x00,
    0x00, 0x3F, 0xC0, 0x00, 0x00, 0x00, 0x6A, 0xAA, 0xAA, 0x87, 0xFF, 0xFF, 0xFD, 0x7F, 0xFF, 0xFF,
    0xD0, 0x03, 0xFC, 0x00, 0x00, 0x3F, 0xC0, 0x00, 0x03, 0xFC, 0x00, 0x00, 0x3F, 0xC0, 0x00, 0x03,
    0xFC, 0x00, 0x00, 0x3F, 0xC0, 0x00, 0x03, 0xFC, 0x00, 0x00, 0x3F, 0xC0, 0x00, 0x03, 0xFE, 0xA0,
    0x00, 0x3F, 0xFF, 0x00, 0x03, 0xFF, 0xF0, 0x00, 0x00, 0x3F, 0x00, 0x00, 0x03, 0xF0, 0x00, 0x00,
    0x3F, 0x00, 0x00, 0x03, 0xF0, 0x00, 0x00, 0x3F, 0x00, 0xBF, 0x40, 0x02, 0xFD, 0x7F, 0xC0, 0x03,
    0xFC, 0x2F, 0xD0, 0x0B, 0xF4, 0x0F, 0xF0, 0x0F, 0xF0, 0x0B, 0xF4, 0x2F, 0xD0, 0x03, 0xFC, 0x3F,
    0xC0, 0x02, 0xFD, 0xBF, 0x00, 0x00, 0xFF, 0xFE, 0x00, 0x00, 0xBF, 0xFC, 0x00, 0x00, 0x3F, 0xF8,
    0x00, 0x00, 0x1F, 0xF0, 0x00, 0x00, 0x0F, 0xF0, 0x00, 0x00, 0x0F, 0xF0, 0x00, 0x00, 0x0F, 0xF0,
    0x00, 0x00, 0x0F, 0xF0, 0x00, 0x00, 0x0F, 0xF0, 0x00, 0x00, 0x0F, 0xF0, 0x00, 0x00, 0x0F, 0xF0,
    0x00, 0xAA, 0x00, 0x0A, 0xA2, 0xFE, 0x00, 0x3F, 0xC3, 0xFC, 0x01, 0xFE, 0x0F, 0xF0, 0x0F, 0xF0,
    0x1F, 0xE0, 0x3F, 0x80, 0x3F, 0xC2, 0xFD, 0x00, 0xBF, 0x4F, 0xF0, 0x00, 0xFE, 0x3F, 0x80, 0x03,
    0xFD, 0xFC, 0x00, 0x07, 0xFB, 0xF0, 0x00, 0x0F, 0xFF, 0x40, 0x00, 0x2F, 0xFC, 0x00, 0x00, 0x7F,
    0xE0, 0x00, 0x00, 0xFF, 0x00, 0x00, 0x02, 0xFC, 0x00, 0x00, 0x0B, 0xF0, 0x00, 0x00, 0x2F, 0xC0,
    0x00, 0x00, 0xBF, 0x00, 0x00, 0x02, 0xFC, 0x00, 0x00, 0x0B, 0xF0, 0x00, 0xBF, 0x40, 0x02, 0xFD,
    0x7F, 0xC0, 0x03, 0xFC, 0x2F, 0xD0, 0x0B, 0xF4, 0x0F, 0xF0, 0x0F, 0xF0, 0x0B, 0xF4, 0x2F, 0xD0,
    0x03, 0xFC, 0x3F, 0xC0, 0x02, 0xFD, 0xBF, 0x00, 0x00, 0xFF, 0xFE, 0x00, 0x00, 0xBF, 0xFC, 0x00,
    0x00, 0x3F, 0xF8, 0x00, 0x00, 0x1F, 0xF0, 0x00, 0x05, 0x6F, 0xF5, 0x50, 0x0F, 0xFF, 0xFF, 0xE0,
    0x0F, 0xFF, 0xFF, 0xE0, 0x0A, 0xAF, 0xFA, 0x90, 0x00, 0x0F, 0xF0, 0x00, 0x00, 0x0F, 0xF0, 0x00,
    0x00, 0x0F, 0xF0, 0x00, 0xAA, 0x00, 0x0A, 0xA2, 0xFE, 0x00, 0x3F, 0xC3, 0xFC, 0x01, 0xFE, 0x0F,
    0xF0, 0x0F, 0xF0, 0x1F, 0xE0, 0x3F, 0x80, 0x3F, 0xC2, 0xFD, 0x00, 0xBF, 0x4F, 0xF0, 0x00, 0xFE,
    0x3F, 0x80, 0x03, 0xFD, 0xFC, 0x00, 0x07, 0xFB, 0xF0, 0x00, 0x0F, 0xFF, 0x40, 0x00, 0x2F, 0xFC,
    0x00, 0x00, 0x7F, 0xE0, 0x00, 0x00, 0xFF, 0x00, 0x01, 0xFF, 0xFF, 0xF8, 0x07, 0xFF, 0xFF, 0xE0,
    0x0F, 0xFF, 0xFF, 0x40, 0x00, 0xBF, 0x00, 0x00, 0x02, 0xFC, 0x00, 0x00, 0x0B, 0xF0, 0x00, 0x7F,
    0x80, 0x00, 0xFF, 0x00, 0xFF, 0x40, 0x0B, 0xF4, 0x00, 0xFF, 0x00, 0x3F, 0xC0, 0x01, 0xFE, 0x03,
    0xFC, 0x00, 0x03, 0xFC, 0x1F, 0xE0, 0x00, 0x03, 0xFC, 0xFF, 0x00, 0x00, 0x0B, 0xFF, 0xF0, 0x00,
    0x00, 0x0F, 0xFF, 0x80, 0x00, 0x00, 0x1F, 0xFC, 0x00, 0x00, 0x00, 0xBF, 0xF0, 0x00, 0x00, 0x03,
    0xFF, 0xE0, 0x00, 0x00, 0x3F, 0xEF, 0xD0, 0x00, 0x01, 0xFD, 0x3F, 0xC0, 0x00, 0x0F, 0xF0, 0x7F,
    0x80, 0x00, 0xBF, 0x00, 0xFF, 0x55, 0x07, 0xF8, 0x00, 0xFF, 0xFC, 0x3F, 0xC0, 0x02, 0xFF, 0xF2,
    0xFD, 0x00, 0x03, 0xFF, 0xC0, 0x00, 0x00, 0x00, 0xBF, 0x00, 0x00, 0x00, 0x02, 0xFC, 0x00, 0x00,
    0x00, 0x0B, 0xF0, 0x00, 0x00, 0x00, 0x2F, 0xC0, 0x00, 0x00, 0x00, 0xBF, 0x00, 0x00, 0x00, 0x00,
    0x00, 0x2A, 0x80, 0x0A, 0xA0, 0x3F, 0xD0, 0x2F, 0xE0, 0x0F, 0xF0, 0x7F, 0xC0, 0x07, 0xF8, 0xFF,
    0x00, 0x03, 0xFE, 0xFE, 0x00, 0x00, 0xFF, 0xFC, 0x00, 0x00, 0xBF, 0xF0, 0x00, 0x00, 0x7F, 0xF0,
    0x00, 0x00, 0xFF, 0xFC, 0x00, 0x03, 0xFE, 0xFE, 0x00, 0x07, 0xF8, 0xFF, 0x00, 0x0F, 0xF0, 0x7F,
    0xFD, 0x3F, 0xD0, 0x2F, 0xFE, 0x7F, 0xC0, 0x0F, 0xFE, 0x00, 0x00, 0x00, 0xFE, 0x00, 0x00, 0x00,
    0xFE, 0x00, 0x00, 0x00, 0xFE, 0x00, 0x00, 0x00, 0xFE, 0x00, 0x00, 0x00, 0xFD, 0x7F, 0xFF, 0xFF,
    0xE2, 0xFC, 0x02, 0xFF, 0xFF, 0xFF, 0x8B, 0xF0, 0x0B, 0xFF, 0xFF, 0xFE, 0x2F, 0xC0, 0x05, 0x5F,
    0xF5, 0x50, 0xBF, 0x00, 0x00, 0x3F, 0xC0, 0x02, 0xFC, 0x00, 0x00, 0xFF, 0x00, 0x0B, 0xF0, 0x00,
    0x03, 0xFC, 0x00, 0x2F, 0xC0, 0x00, 0x0F, 0xF0, 0x00, 0xBF, 0x00, 0x00, 0x3F, 0xC0, 0x02, 0xFC,
    0x00, 0x00, 0xFF, 0x00, 0x0B, 0xF0, 0x00, 0x03, 0xFC, 0x00, 0x2F, 0xC0, 0x00, 0x0F, 0xF0, 0x00,
    0xBF, 0x00, 0x00, 0x3F, 0xC0, 0x02, 0xFC, 0x00, 0x00, 0xFF, 0x00, 0x0B, 0xF0, 0x00, 0x03, 0xFC,
    0x00, 0x2F, 0xD5, 0x00, 0x0F, 0xFF, 0xFF, 0xFF, 0xFF, 0x00, 0x3F, 0xFF, 0xFF, 0xFF, 0xFC, 0x00,
    0xFF, 0xFF, 0xFF, 0xFF, 0xF0, 0x00, 0x00, 0x00, 0x00, 0x3F, 0xC0, 0x00, 0x00, 0x00, 0x00, 0xFF,
    0x00, 0x00, 0x00, 0x00, 0x03, 0xFC, 0x00, 0x00, 0x00, 0x00, 0x0F, 0xF0, 0x00, 0x00, 0x00, 0x00,
    0x3F, 0xC0, 0x00, 0x00, 0x00, 0x00, 0x00, 0x6A, 0xAA, 0xA8, 0x6A, 0x00, 0x7F, 0xFF, 0xFC, 0xBF,
    0x00, 0x7F, 0xFF, 0xFC, 0xBF, 0x00, 0x01, 0xFE, 0x00, 0xBF, 0x00, 0x01, 0xFD, 0x00, 0xBF, 0x00,
    0x01, 0xFD, 0x00, 0xBF, 0x00, 0x01, 0xFD, 0x00, 0xBF, 0x00, 0x01, 0xFD, 0x00, 0xBF, 0x00, 0x01,
    0xFD, 0x00, 0xBF, 0x00, 0x01, 0xFD, 0x00, 0xBF, 0x00, 0x01, 0xFD, 0x00, 0xBF, 0x00, 0x01, 0xFF,
    0xFF, 0xFF, 0xA9, 0x01, 0xFF, 0xFF, 0xFF, 0xFD, 0x01, 0xFF, 0xFF, 0xFF, 0xFD, 0x00, 0x00, 0x00,
    0x00, 0xFD, 0x00, 0x00, 0x00, 0x00, 0xFD, 0x00, 0x00, 0x00, 0x00, 0xFD, 0x00, 0x00, 0x00, 0x00,
    0xFD, 0x00, 0x00, 0x00, 0x00, 0xFD, 0xBF, 0x00, 0x02, 0xFC, 0x02, 0xFC, 0x00, 0x0F, 0xF0, 0x0B,
    0xF0, 0x00, 0x3F, 0xC0, 0x2F, 0xC0, 0x00, 0xFF, 0x00, 0xBF, 0x00, 0x03, 0xFC, 0x02, 0xFC, 0x00,
    0x0F, 0xF0, 0x0B, 0xF0, 0x00, 0x3F, 0xC0, 0x2F, 0xC0, 0x00, 0xFF, 0x00, 0xBF, 0xC0, 0x1B, 0xFC,
    0x01, 0xFF, 0xFF, 0xFF, 0xF0, 0x02, 0xFF, 0xFF, 0xFF, 0xC0, 0x01, 0xFF, 0xF9, 0xFF, 0x00, 0x00,
    0x00, 0x03, 0xFC, 0x00, 0x00, 0x00, 0x0F, 0xF0, 0x00, 0x00, 0x00, 0x3F, 0xD5, 0x00, 0x00, 0x00,
    0xFF, 0xFE, 0x00, 0x00, 0x03, 0xFF, 0xF8, 0x00, 0x00, 0x0F, 0xFF, 0xE0, 0x00, 0x00, 0x00, 0x3F,
    0x80, 0x00, 0x00, 0x00, 0xFE, 0x00, 0x00, 0x00, 0x03, 0xF8, 0x00, 0x00, 0x00, 0x0F, 0xE0, 0x00,
    0x00, 0x00, 0x3F, 0x80, 0x00, 0x00, 0x00, 0x00, 0x6A, 0x00, 0x0A, 0x90, 0x2F, 0xC0, 0x07, 0xF4,
    0x0B, 0xF0, 0x01, 0xFD, 0x02, 0xFC, 0x00, 0x7F, 0x40, 0xBF, 0x00, 0x1F, 0xD0, 0x1F, 0xC0, 0x07,
    0xF4, 0x07, 0xF8, 0x06, 0xFD, 0x00, 0xFF, 0xFF, 0xFF, 0x40, 0x1F, 0xFF, 0xFF, 0xD0, 0x00, 0xBE,
    0x87, 0xF4, 0x00, 0x00, 0x01, 0xFD, 0x00, 0x00, 0x00, 0x7F, 0xEA, 0x00, 0x00, 0x1F, 0xFF, 0xC0,
    0x00, 0x07, 0xFF, 0xF0, 0x00, 0x00, 0x02, 0xFC, 0x00, 0x00, 0x00, 0xBF, 0x00, 0x00, 0x00, 0x2F,
    0xC0, 0x00, 0x00, 0x0B, 0xF0, 0x00, 0x00, 0x01, 0xF8, 0x7F, 0x40, 0x01, 0xFC, 0x7F, 0x40, 0x02,
    0xFD, 0x7F, 0x40, 0x02, 0xFD, 0x7F, 0x40, 0x02, 0xFD, 0x7F, 0x40, 0x02, 0xFD, 0x7F, 0x43, 0xC2,
    0xFD, 0x7F, 0x43, 0xC2, 0xFD, 0x7F, 0x83, 0xC2, 0xFD, 0x7F, 0xD3, 0xCB, 0xFD, 0x3F, 0xFF, 0xFF,
    0xFD, 0x1F, 0xFF, 0xFF, 0xFD, 0x06, 0xFF, 0xF6, 0xFD, 0x00, 0x03, 0xC2, 0xFD, 0x00, 0x03, 0xC2,
    0xFD, 0x00, 0x03, 0xC2, 0xFD, 0x00, 0x03, 0x82, 0xFD, 0x00, 0x00, 0x02, 0xFD, 0x00, 0x00, 0x02,
    0xFD, 0x6A, 0x00, 0x0A, 0x9B, 0xF0, 0x00, 0xFE, 0xBF, 0x00, 0x0F, 0xEB, 0xF0, 0x00, 0xFE, 0xBF,
    0x0F, 0x0F, 0xEB, 0xF0, 0xF0, 0xFE, 0xBF, 0x8F, 0x7F, 0xE7, 0xFF, 0xFF, 0xFE, 0x2F, 0xFF, 0xFF,
    0xE0, 0x6F, 0xF0, 0xFE, 0x00, 0x0F, 0x0F, 0xE0, 0x00, 0xF0, 0xFE, 0x00, 0x05, 0x0F, 0xE0, 0x00,
    0x00, 0xFE, 0xBF, 0x00, 0x00, 0x03, 0xFC, 0x00, 0x00, 0x0F, 0xF0, 0x00, 0x00, 0x3F, 0xC0, 0x00,
    0x00, 0xFF, 0x00, 0x00, 0x03, 0xFC, 0x00, 0x00, 0x0F, 0xF1, 0xBF, 0xF4, 0x3F, 0xFF, 0xFF, 0xF8,
    0xFF, 0xFF, 0xFF, 0xF7, 0xFF, 0x90, 0x7F, 0xEF, 0xF0, 0x00, 0x3F, 0xFF, 0xC0, 0x00, 0xFF, 0xFF,
    0x00, 0x03, 0xFF, 0xFC, 0x00, 0x0F, 0xFF, 0xF0, 0x00, 0x3F, 0xFF, 0xC0, 0x00, 0xFF, 0xFF, 0x00,
    0x03, 0xFF, 0xFC, 0x00, 0x0F, 0xF0, 0x3F, 0x80, 0x00, 0x03, 0xF8, 0x00, 0x00, 0x3F, 0x80, 0x00,
    0x03, 0xF8, 0x00, 0x00, 0x3F, 0x80, 0x00, 0x03, 0xF8, 0x7F, 0x80, 0x3F, 0xBF, 0xFF, 0x43, 0xFF,
    0xFF, 0xFC, 0x3F, 0xF4, 0x7F, 0xD3, 0xFC, 0x02, 0xFD, 0x3F, 0xC0, 0x1F, 0xD3, 0xF8, 0x01, 0xFD,
    0x3F, 0x80, 0x1F, 0xD3, 0xF8, 0x01, 0xFD, 0x3F, 0x80, 0x1F, 0xD3, 0xF8, 0x01, 0xFD, 0x3F, 0x80,
    0x1F, 0xD3, 0xF8, 0x01, 0xFD, 0x3F, 0x80, 0x1F, 0xD0, 0x00, 0x00, 0x00, 0x00, 0x00, 0x00, 0x00,
    0x01, 0xFF, 0xF9, 0x00, 0x00, 0x01, 0xFF, 0xFF, 0xF8, 0x00, 0x00, 0x3F, 0xFF, 0xFF, 0xE0, 0x00,
    0x0F, 0xFD, 0x01, 0xFF, 0x41, 0x41, 0xFE, 0x00, 0x03, 0xFC, 0xBD, 0x3F, 0xC0, 0x00, 0x1F, 0xCF,
    0xD3, 0xFC, 0x00, 0x01, 0xFD, 0xFF, 0xFF, 0xFF, 0xFF, 0xFF, 0xEB, 0xFF, 0xFF, 0xFF, 0xFF, 0xFE,
    0x2F, 0xFF, 0xFF, 0xFF, 0xFF, 0xE0, 0x17, 0xFD, 0x55, 0x55, 0x54, 0x00, 0x3F, 0xC0, 0x00, 0x00,
    0x00, 0x03, 0xFC, 0x00, 0x00, 0x00, 0x00, 0x1F, 0xF0, 0x00, 0x00, 0x80, 0x00, 0xFF, 0xD0, 0x01,
    0xFC, 0x00, 0x03, 0xFF, 0xFF, 0xFF, 0xC0, 0x00, 0x0F, 0xFF, 0xFF, 0xF8, 0x00, 0x00, 0x1F, 0xFF,
    0xF8, 0x00, 0x00, 0x00, 0x00, 0x00, 0x00, 0x00, 0x00, 0x6F, 0xE4, 0x00, 0x00, 0x3F, 0xFF, 0xE0,
    0x00, 0x0F, 0xFF, 0xFF, 0x81, 0xA1, 0xFE, 0x02, 0xFC, 0x3E, 0x2F, 0xC0, 0x0F, 0xD3, 0xF7, 0xFD,
    0x55, 0xFE, 0x3F, 0xFF, 0xFF, 0xFF, 0xE0, 0xBF, 0xFF, 0xFF, 0xFE, 0x00, 0x3F, 0xC0, 0x00, 0x00,
    0x03, 0xFC, 0x00, 0x00, 0x00, 0x1F, 0xE0, 0x00, 0x40, 0x00, 0xFF, 0xEA, 0xFC, 0x00, 0x03, 0xFF,
    0xFF, 0xC0, 0x00, 0x0B, 0xFF, 0xF4, 0x00, 0x00, 0x00, 0x00, 0x00, 0x00, 0x00, 0x00, 0x00, 0x00,
    0x00, 0x00, 0x01, 0xFF, 0xF9, 0x00, 0x00, 0x01, 0xFF, 0xFF, 0xF8, 0x00, 0x00, 0x3F, 0xFF, 0xFF,
    0xE0, 0x00, 0x0F, 0xFD, 0x01, 0xFF, 0x41, 0x41, 0xFE, 0x00, 0x03, 0xFC, 0xBD, 0x3F, 0xC0, 0x00,
    0x1F, 0xCF, 0xD3, 0xFC, 0x00, 0x01, 0xFD, 0xFF, 0xFF, 0xFF, 0xFF, 0xFF, 0xEB, 0xFF, 0xFF, 0xFF,
    0xFF, 0xFE, 0x2F, 0xFF, 0xFF, 0xFF, 0xFF, 0xE0, 0x17, 0xFD, 0x55, 0x55, 0x54, 0x00, 0x3F, 0xC0,
    0x00, 0x00, 0x00, 0x03, 0xFC, 0x00, 0x00, 0x00, 0x00, 0x1F, 0xF0, 0x00, 0x00, 0x80, 0x00, 0xFF,
    0xD0, 0x01, 0xFC, 0x00, 0x03, 0xFF, 0xFF, 0xFF, 0xC0, 0x00, 0x0F, 0xFF, 0xFF, 0xF8, 0x00, 0x00,
    0x1F, 0xFF, 0xF8, 0x00, 0x00, 0x00, 0x1F, 0xD0, 0x00, 0x00, 0x00, 0x01, 0xFD, 0x00, 0x00, 0x00,
    0x00, 0x1F, 0xD0, 0x00, 0x00, 0x00, 0x01, 0xFD, 0x00, 0x00, 0x00, 0x00, 0x1F, 0xD0, 0x00, 0x00,
    0x00, 0x00, 0x00, 0x00, 0x00, 0x00, 0x00, 0x6F, 0xE4, 0x00, 0x00, 0x2F, 0xFF, 0xE0, 0x00, 0x0B,
    0xFF, 0xFF, 0x81, 0xA1, 0xFE, 0x02, 0xFC, 0x3E, 0x2F, 0xC0, 0x0F, 0xD3, 0xF7, 0xFD, 0x55, 0xFE,
    0x3F, 0xFF, 0xFF, 0xFF, 0xE0, 0xFF, 0xFF, 0xFF, 0xFE, 0x00, 0x3F, 0xC0, 0x00, 0x00, 0x03, 0xFC,
    0x00, 0x00, 0x00, 0x1F, 0xE0, 0x00, 0x40, 0x00, 0xFF, 0xEA, 0xFC, 0x00, 0x03, 0xFF, 0xFF, 0xC0,
    0x00, 0x0B, 0xFF, 0xF4, 0x00, 0x00, 0x0F, 0xD0, 0x00, 0x00, 0x00, 0xFD, 0x00, 0x00, 0x00, 0x0F,
    0xD0, 0x00, 0x00, 0x00, 0xFD, 0x00, 0x00, 0x00, 0x0F, 0xD0, 0x00, 0x3F, 0xFF, 0xCF, 0xFF, 0xF2,
    0xFF, 0xF4, 0x0F, 0xF0, 0x03, 0xFC, 0x00, 0xFF, 0x00, 0x3F, 0xC0, 0x0F, 0xF0, 0x03, 0xFC, 0x00,
    0xFF, 0x00, 0x3F, 0xC0, 0x0F, 0xF0, 0x03, 0xFC, 0x00, 0xFF, 0x00, 0x3F, 0xC0, 0x7F, 0xFD, 0x3F,
    0xFF, 0xCF, 0xFF, 0xF0, 0x00, 0x00, 0x54, 0x01, 0x50, 0x00, 0x00, 0x00, 0x3F, 0x02, 0xF8, 0x00,
    0x00, 0x00, 0x0B, 0xFA, 0xFC, 0x00, 0x00, 0x00, 0x00, 0xFF, 0xFD, 0x00, 0x00, 0x00, 0x00, 0x06,
    0xA4, 0x00, 0x00, 0x00, 0x00, 0x00, 0x00, 0x00, 0x00, 0x03, 0xFC, 0x00, 0x7F, 0x40, 0x0F, 0xE0,
    0x7F, 0x80, 0x1F, 0xD0, 0x0B, 0xF4, 0x0B, 0xF0, 0x07, 0xF4, 0x07, 0xF8, 0x00, 0xFF, 0x01, 0xFD,
    0x03, 0xFC, 0x00, 0x1F, 0xE0, 0x7F, 0x42, 0xFD, 0x00, 0x02, 0xFC, 0x1F, 0xD1, 0xFE, 0x00, 0x00,
    0x3F, 0xC7, 0xF4, 0xFF, 0x00, 0x00, 0x07, 0xFF, 0xFF, 0xFF, 0x40, 0x00, 0x00, 0xFF, 0xFF, 0xFF,
    0xC0, 0x00, 0x00, 0x7F, 0xFF, 0xFF, 0xF4, 0x00, 0x00, 0x3F, 0xDB, 0xF9, 0xFF, 0x00, 0x00, 0x2F,
    0xE1, 0xFD, 0x2F, 0xE0, 0x00, 0x1F, 0xF0, 0x7F, 0x43, 0xFC, 0x00, 0x0F, 0xF4, 0x1F, 0xD0, 0x7F,
    0xC0, 0x0B, 0xF8, 0x07, 0xF4, 0x0F, 0xF4, 0x03, 0xFC, 0x01, 0xFD, 0x00, 0xFF, 0x03, 0xFD, 0x00,
    0x7F, 0x40, 0x2F, 0xF1, 0xFF, 0x00, 0x1F, 0xD0, 0x03, 0xFD, 0x00, 0x05, 0x40, 0x14, 0x00, 0x00,
    0x00, 0xFD, 0x0F, 0xE0, 0x00, 0x00, 0x0B, 0xF6, 0xFC, 0x00, 0x00, 0x00, 0x3F, 0xFF, 0x80, 0x00,
    0x00, 0x00, 0x6F, 0x90, 0x00, 0x00, 0x00, 0x00, 0x00, 0x00, 0x00, 0x2A, 0x40, 0x2A, 0x40, 0x2A,
    0x82, 0xFC, 0x03, 0xF8, 0x0B, 0xF4, 0x0F, 0xF0, 0x3F, 0x80, 0xFE, 0x00, 0x3F, 0x83, 0xF8, 0x3F,
    0xC0, 0x02, 0xFC, 0x3F, 0x8B, 0xF0, 0x00, 0x0F, 0xF7, 0xF9, 0xFE, 0x00, 0x00, 0x3F, 0xFF, 0xFF,
    0xC0, 0x00, 0x07, 0xFF, 0xFF, 0xFC, 0x00, 0x00, 0xFF, 0x7F, 0xEF, 0xF0, 0x00, 0x3F, 0xD3, 0xF8,
    0xBF, 0x40, 0x07, 0xF8, 0x3F, 0x83, 0xFC, 0x00, 0xFF, 0x03, 0xF8, 0x1F, 0xF0, 0x3F, 0xD0, 0x3F,
    0x80, 0xBF, 0x8B, 0xF8, 0x03, 0xF8, 0x03, 0xFC, 0xBF, 0x00, 0x0B, 0xF4, 0xFF, 0x00, 0x1F, 0xE0,
    0xFF, 0x00, 0x7F, 0xC0, 0xFF, 0x00, 0xFF, 0x00, 0xFF, 0x03, 0xFC, 0x00, 0xFF, 0x0B, 0xF4, 0x00,
    0xFF, 0x1F, 0xD0, 0x00, 0xFF, 0x3F, 0x80, 0x00, 0xFF, 0xFF, 0x50, 0x00, 0xFF, 0xFF, 0xFF, 0x40,
    0xFF, 0xFF, 0xFF, 0xE0, 0xFF, 0xA6, 0xBF, 0xF4, 0xFF, 0x00, 0x0B, 0xFC, 0xFF, 0x00, 0x02, 0xFD,
    0xFF, 0x00, 0x00, 0xFE, 0xFF, 0x00, 0x00, 0xFE, 0xFF, 0x00, 0x00, 0xFE, 0xFF, 0x00, 0x00, 0xFE,
    0x00, 0x00, 0x01, 0xFE, 0x00, 0x00, 0x03, 0xFD, 0x00, 0x14, 0x1F, 0xFC, 0x00, 0x3F, 0xFF, 0xF4,
    0x00, 0x3F, 0xFF, 0xD0, 0x00, 0x2F, 0xFF, 0x40, 0x00, 0x00, 0x00, 0x00, 0x2A, 0x40, 0x1A, 0xA0,
    0xFE, 0x00, 0xFF, 0x43, 0xF8, 0x0F, 0xF4, 0x0F, 0xE0, 0xFF, 0x40, 0x3F, 0x8B, 0xF4, 0x00, 0xFE,
    0xBF, 0x40, 0x03, 0xFF, 0xFD, 0x00, 0x0F, 0xFF, 0xFF, 0x80, 0x3F, 0xFF, 0xFF, 0xC0, 0xFF, 0x46,
    0xFF, 0x83, 0xF8, 0x00, 0xFF, 0x0F, 0xE0, 0x02, 0xFC, 0x3F, 0x80, 0x07, 0xF4, 0xFE, 0x00, 0x1F,
    0xD0, 0x00, 0x00, 0x7F, 0x00, 0x00, 0x03, 0xFC, 0x00, 0x10, 0x2F, 0xE0, 0x00, 0xBF, 0xFF, 0x00,
    0x02, 0xFF, 0xF4, 0x00, 0x07, 0xFE, 0x00, 0x00, 0x00, 0x00, 0x00, 0x00, 0x3F, 0xFF, 0xFF, 0x40,
    0x00, 0x0F, 0xFF, 0xFF, 0xD0, 0x00, 0x03, 0xFF, 0xFF, 0xF4, 0x00, 0x01, 0xFD, 0x56, 0xFD, 0x00,
    0x00, 0x7F, 0x00, 0x7F, 0x40, 0x00, 0x2F, 0xC0, 0x1F, 0xD0, 0x00, 0x0F, 0xF0, 0x07, 0xF4, 0x00,
    0x03, 0xF8, 0x01, 0xFD, 0x00, 0x00, 0xFE, 0x00, 0x7F, 0x40, 0x00, 0x3F, 0x40, 0x1F, 0xD0, 0x00,
    0x1F, 0xD0, 0x07, 0xF4, 0x00, 0x0B, 0xF0, 0x01, 0xFD, 0x00, 0x03, 0xFC, 0x00, 0x7F, 0x40, 0x00,
    0xFE, 0x00, 0x1F, 0xD0, 0x00, 0x7F, 0x40, 0x07, 0xF9, 0x53, 0xFF, 0xC0, 0x01, 0xFF, 0xFD, 0xFF,
    0xE0, 0x00, 0x7F, 0xFF, 0x3F, 0xE0, 0x00, 0x1F, 0xFF, 0xC0, 0x00, 0x00, 0x00, 0x0F, 0xD0, 0x00,
    0x00, 0x00, 0x07, 0xF0, 0x00, 0x00, 0x00, 0x02, 0xFC, 0x00, 0x00, 0x00, 0x00, 0xFE, 0x00, 0x00,
    0x00, 0x00, 0xBF, 0x40, 0x00, 0x00, 0x00, 0x00, 0x00, 0x00, 0xAA, 0xAA, 0xA0, 0x00, 0x0F, 0xFF,
    0xFF, 0x00, 0x01, 0xFF, 0xFF, 0xF0, 0x00, 0x1F, 0xC0, 0xBF, 0x00, 0x02, 0xFC, 0x0B, 0xF0, 0x00,
    0x2F, 0xC0, 0xBF, 0x00, 0x03, 0xF8, 0x0B, 0xF0, 0x00, 0x3F, 0x80, 0xBF, 0x00, 0x03, 0xF4, 0x0B,
    0xF0, 0x00, 0x7F, 0x00, 0xBF, 0x00, 0x0F, 0xF0, 0x0B, 0xF0, 0x0F, 0xFE, 0x00, 0xBF, 0xEA, 0xFF,
    0xC0, 0x0B, 0xFF, 0xEF, 0xF4, 0x00, 0xBF, 0xFD, 0x00, 0x00, 0x00, 0x0F, 0xC0, 0x00, 0x00, 0x01,
    0xFC, 0x00, 0x00, 0x00, 0x2F, 0x80, 0x00, 0x00, 0x03, 0xF4, 0x00, 0x00, 0x00, 0x7F, 0x00, 0xBF,
    0x00, 0x03, 0xFB, 0xFC, 0x00, 0x0F, 0xFF, 0xF0, 0x00, 0x3F, 0xFF, 0xC0, 0x00, 0xFF, 0xFF, 0x00,
    0x03, 0xFF, 0xFC, 0x00, 0x0F, 0xFF, 0xF0, 0x00, 0x3F, 0xFF, 0xFF, 0xFF, 0xFF, 0xFF, 0xFF, 0xFF,
    0xFF, 0xFF, 0xFF, 0xFF, 0xFF, 0xF5, 0x55, 0x7F, 0xFF, 0xC0, 0x00, 0xFF, 0xFF, 0x00, 0x03, 0xFF,
    0xFC, 0x00, 0x0F, 0xFF, 0xF0, 0x00, 0x3F, 0xFF, 0xC0, 0x00, 0xFF, 0xFF, 0x00, 0x03, 0xFF, 0xFC,
    0x00, 0x0F, 0xF0, 0x00, 0x00, 0x3F, 0x80, 0x00, 0x02, 0xFE, 0x00, 0x50, 0x2F, 0xF0, 0x02, 0xFF,
    0xFF, 0x80, 0x0B, 0xFF, 0xF8, 0x00, 0x2F, 0xFF, 0x40, 0x00, 0x00, 0x00, 0x00, 0x2A, 0x40, 0x0A,
    0x93, 0xF8, 0x00, 0xFE, 0x3F, 0x80, 0x0F, 0xE3, 0xF8, 0x00, 0xFE, 0x3F, 0x80, 0x0F, 0xE3, 0xFD,
    0x55, 0xFE, 0x3F, 0xFF, 0xFF, 0xE3, 0xFF, 0xFF, 0xFE, 0x3F, 0xD5, 0x5F, 0xE3, 0xF8, 0x00, 0xFE,
    0x3F, 0x80, 0x0F, 0xE3, 0xF8, 0x00, 0xFE, 0x3F, 0x80, 0x0F, 0xE3, 0xF8, 0x00, 0xFE, 0x00, 0x00,
    0x0F, 0xE0, 0x00, 0x02, 0xFD, 0x00, 0x50, 0x7F, 0xC0, 0x0B, 0xFF, 0xF8, 0x00, 0xBF, 0xFF, 0x00,
    0x07, 0xFF, 0x40, 0x00, 0x00, 0x00, 0x00, 0xBF, 0x00, 0x03, 0xF8, 0x03, 0xFC, 0x00, 0x0F, 0xF0,
    0x0F, 0xF0, 0x00, 0x3F, 0xC0, 0x3F, 0xC0, 0x00, 0xFF, 0x00, 0xFF, 0x00, 0x03, 0xFC, 0x03, 0xFC,
    0x00, 0x0F, 0xF0, 0x0F, 0xF0, 0x00, 0x3F, 0xC0, 0x3F, 0xFF, 0xFF, 0xFF, 0x00, 0xFF, 0xFF, 0xFF,
    0xFC, 0x03, 0xFF, 0xFF, 0xFF, 0xF0, 0x0F, 0xF5, 0x55, 0x7F, 0xC0, 0x3F, 0xC0, 0x00, 0xFF, 0x00,
    0xFF, 0x00, 0x03, 0xFC, 0x03, 0xFC, 0x00, 0x0F, 0xF0, 0x0F, 0xF0, 0x00, 0x3F, 0xD5, 0x3F, 0xC0,
    0x00, 0xFF, 0xFF, 0xFF, 0x00, 0x03, 0xFF, 0xFB, 0xFC, 0x00, 0x0F, 0xFF, 0xD0, 0x00, 0x00, 0x00,
    0x7F, 0x00, 0x00, 0x00, 0x03, 0xF8, 0x00, 0x00, 0x00, 0x0F, 0xD0, 0x00, 0x00, 0x00, 0xBF, 0x00,
    0x00, 0x00, 0x03, 0xFC, 0x00, 0x00, 0x00, 0x00, 0x00, 0x2A, 0x40, 0x0A, 0x90, 0x03, 0xF8, 0x00,
    0xFE, 0x00, 0x3F, 0x80, 0x0F, 0xE0, 0x03, 0xF8, 0x00, 0xFE, 0x00, 0x3F, 0x80, 0x0F, 0xE0, 0x03,
    0xFD, 0x55, 0xFE, 0x00, 0x3F, 0xFF, 0xFF, 0xE0, 0x03, 0xFF, 0xFF, 0xFE, 0x00, 0x3F, 0xD5, 0x5F,
    0xE0, 0x03, 0xF8, 0x00, 0xFE, 0x00, 0x3F, 0x80, 0x0F, 0xE0, 0x03, 0xF8, 0x00, 0xFF, 0xA8, 0x3F,
    0x80, 0x0F, 0xFF, 0xC3, 0xF8, 0x00, 0xFF, 0xF8, 0x00, 0x00, 0x00, 0x2F, 0x40, 0x00, 0x00, 0x03,
    0xF4, 0x00, 0x00, 0x00, 0x7F, 0x00, 0x00, 0x00, 0x0B, 0xF0, 0x00, 0x00, 0x00, 0xFE, 0x00, 0x7F,
    0x40, 0x01, 0xFC, 0x7F, 0x40, 0x02, 0xFD, 0x7F, 0x40, 0x02, 0xFD, 0x7F, 0x40, 0x02, 0xFD, 0x7F,
    0x40, 0x02, 0xFD, 0x7F, 0x40, 0x02, 0xFD, 0x7F, 0x40, 0x02, 0xFD, 0x7F, 0x80, 0x02, 0xFD, 0x7F,
    0xD0, 0x1B, 0xFD, 0x3F, 0xFF, 0xFF, 0xFD, 0x1F, 0xFF, 0xFF, 0xFD, 0x07, 0xFF, 0xE6, 0xFD, 0x00,
    0x00, 0x02, 0xFD, 0x00, 0x00, 0x02, 0xFD, 0x00, 0x00, 0x02, 0xFD, 0x00, 0x00, 0xBF, 0xFD, 0x00,
    0x00, 0xBF, 0xFD, 0x00, 0x00, 0xBF, 0xFD, 0x00, 0x00, 0xBF, 0x00, 0x00, 0x00, 0xBF, 0x00, 0x00,
    0x00, 0xBF, 0x00, 0x00, 0x00, 0xBF, 0x00, 0x00, 0x00, 0xBF, 0x00, 0x00, 0x00, 0x00, 0x00, 0x6A,
    0x00, 0x0A, 0x9B, 0xF0, 0x01, 0xFD, 0xBF, 0x00, 0x1F, 0xDB, 0xF0, 0x01, 0xFD, 0xBF, 0x00, 0x1F,
    0xD7, 0xF0, 0x01, 0xFD, 0x7F, 0x80, 0x6F, 0xD3, 0xFF, 0xFF, 0xFD, 0x1F, 0xFF, 0xFF, 0xD0, 0x2F,
    0xA1, 0xFD, 0x00, 0x00, 0x1F, 0xD0, 0x00, 0x2B, 0xFD, 0x00, 0x03, 0xFF, 0xD0, 0x00, 0x3F, 0xFD,
    0x00, 0x03, 0xF4, 0x00, 0x00, 0x3F, 0x40, 0x00, 0x03, 0xF4, 0x00, 0x00, 0x3F, 0x40, 0x00, 0x03,
    0xF4, 0x00, 0xBF, 0xD0, 0x00, 0x0F, 0xFD, 0x00, 0xFF, 0xF0, 0x00, 0x1F, 0xFD, 0x00, 0xFF, 0xF0,
    0x00, 0x2F, 0xFD, 0x00, 0xFF, 0xF4, 0x00, 0x3F, 0xFD, 0x00, 0xFF, 0xF8, 0x00, 0x7F, 0xFD, 0x00,
    0xFE, 0xFC, 0x00, 0xBD, 0xFD, 0x00, 0xFE, 0xBD, 0x00, 0xFC, 0xFD, 0x00, 0xFE, 0x7E, 0x00, 0xF8,
    0xFD, 0x00, 0xFE, 0x3F, 0x02, 0xF4, 0xFD, 0x00, 0xFE, 0x3F, 0x43, 0xF0, 0xFD, 0x00, 0xFE, 0x2F,
    0x83, 0xE0, 0xFD, 0x00, 0xFE, 0x0F, 0xCB, 0xD0, 0xFD, 0x00, 0xFE, 0x0F, 0xCF, 0xC0, 0xFD, 0x00,
    0xFE, 0x0B, 0xEF, 0xC0, 0xFD, 0x00, 0xFE, 0x07, 0xFF, 0x40, 0xFD, 0x54, 0xFE, 0x03, 0xFF, 0x00,
    0xFF, 0xFC, 0xFE, 0x02, 0xFF, 0x00, 0xFF, 0xFC, 0xFE, 0x01, 0xFD, 0x00, 0xFF, 0xF8, 0x00, 0x00,
    0x00, 0x00, 0x03, 0xF4, 0x00, 0x00, 0x00, 0x00, 0x07, 0xF0, 0x00, 0x00, 0x00, 0x00, 0x0F, 0xF0,
    0x00, 0x00, 0x00, 0x00, 0x0F, 0xE0, 0x00, 0x00, 0x00, 0x00, 0x2F, 0xD0, 0x00, 0x00, 0x00, 0x00,
    0x00, 0x00, 0x2A, 0xA0, 0x00, 0x2A, 0xA0, 0x03, 0xFF, 0x80, 0x07, 0xFF, 0x00, 0x3F, 0xFC, 0x00,
    0xBF, 0xF0, 0x03, 0xFF, 0xD0, 0x0F, 0xFF, 0x00, 0x3F, 0xBF, 0x01, 0xFB, 0xF0, 0x03, 0xF7, 0xF0,
    0x3F, 0x7F, 0x00, 0x3F, 0x6F, 0x43, 0xE7, 0xF0, 0x03, 0xF4, 0xFC, 0xBD, 0x7F, 0x00, 0x3F, 0x4F,
    0xDF, 0xC7, 0xF0, 0x03, 0xF4, 0x7F, 0xF8, 0x7F, 0x00, 0x3F, 0x43, 0xFF, 0x07, 0xF0, 0x03, 0xF4,
    0x3F, 0xF0, 0x7F, 0xEA, 0x3F, 0x41, 0xFE, 0x07, 0xFF, 0xE3, 0xF4, 0x0F, 0xC0, 0x7F, 0xFD, 0x00,
    0x00, 0x00, 0x00, 0x0F, 0xC0, 0x00, 0x00, 0x00, 0x01, 0xFC, 0x00, 0x00, 0x00, 0x00, 0x2F, 0x80,
    0x00, 0x00, 0x00, 0x03, 0xF4, 0x00, 0x00, 0x00, 0x00, 0x7F, 0x00, 0x3F, 0xFF, 0xCF, 0xFF, 0xF2,
    0xFF, 0xF4, 0x0F, 0xF0, 0x03, 0xFC, 0x00, 0xFF, 0x00, 0x3F, 0xC0, 0x0F, 0xF0, 0x03, 0xFC, 0x00,
    0xFF, 0x00, 0x3F, 0xC0, 0x0F, 0xF0, 0x03, 0xFC, 0x00, 0xFF, 0x00, 0x3F, 0xC0, 0x7F, 0xFD, 0x3F,
    0xFF, 0xCF, 0xFF, 0xF0, 0x00, 0x54, 0x01, 0x50, 0x00, 0x0F, 0xD0, 0xBE, 0x00, 0x00, 0xBF, 0xAF,
    0xD0, 0x00, 0x02, 0xFF, 0xF8, 0x00, 0x00, 0x02, 0xA4, 0x00, 0x00, 0x00, 0x00, 0x00, 0x00, 0x00,
    0x0F, 0xFC, 0x00, 0x00, 0x00, 0xFF, 0xD0, 0x00, 0x00, 0x2F, 0xFF, 0x00, 0x00, 0x03, 0xFB, 0xF0,
    0x00, 0x00, 0x7F, 0x3F, 0x80, 0x00, 0x0B, 0xF2, 0xFC, 0x00, 0x00, 0xFE, 0x1F, 0xC0, 0x00, 0x1F,
    0xD0, 0xFE, 0x00, 0x02, 0xFC, 0x0F, 0xF0, 0x00, 0x3F, 0xC0, 0x7F, 0x40, 0x07, 0xF9, 0x5B, 0xF8,
    0x00, 0xBF, 0xFF, 0xFF, 0xC0, 0x0F, 0xFF, 0xFF, 0xFD, 0x01, 0xFF, 0xFF, 0xFF, 0xE0, 0x3F, 0xD0,
    0x00, 0xFF, 0x03, 0xFC, 0x00, 0x0B, 0xF4, 0x7F, 0x80, 0x00, 0x7F, 0xCF, 0xF4, 0x00, 0x03, 0xFC,
    0x01, 0x40, 0x15, 0x02, 0xF8, 0x2F, 0x80, 0x7F, 0x5F, 0xD0, 0x0B, 0xFF, 0xE0, 0x00, 0x6F, 0x90,
    0x00, 0x00, 0x00, 0x00, 0x1B, 0xFD, 0x00, 0x7F, 0xFF, 0xF0, 0x0F, 0xFF, 0xFE, 0x02, 0x40, 0x3F,
    0xC0, 0x00, 0x0B, 0xF0, 0x01, 0x5B, 0xFC, 0x0F, 0xFF, 0xFF, 0x0F, 0xFF, 0xBF, 0xCF, 0xF4, 0x0B,
    0xF3, 0xFC, 0x02, 0xFC, 0xFF, 0x00, 0xFF, 0x3F, 0xFA, 0xFF, 0xC7, 0xFF, 0xF7, 0xF0, 0x7F, 0xF4,
    0xBC, 0x00, 0x00, 0x00, 0x00, 0x00, 0x38, 0x0B, 0x40, 0x00, 0x0B, 0xE1, 0xFC, 0x00, 0x00, 0xBE,
    0x1F, 0xC0, 0x00, 0x01, 0x40, 0x50, 0x00, 0x00, 0x00, 0x00, 0x00, 0x00, 0x00, 0xFF, 0xC0, 0x00,
    0x00, 0x0F, 0xFD, 0x00, 0x00, 0x02, 0xFF, 0xF0, 0x00, 0x00, 0x3F, 0xBF, 0x00, 0x00, 0x07, 0xF3,
    0xF8, 0x00, 0x00, 0xBF, 0x2F, 0xC0, 0x00, 0x0F, 0xE1, 0xFC, 0x00, 0x01, 0xFD, 0x0F, 0xE0, 0x00,
    0x2F, 0xC0, 0xFF, 0x00, 0x03, 0xFC, 0x07, 0xF4, 0x00, 0x7F, 0x95, 0xBF, 0x80, 0x0B, 0xFF, 0xFF,
    0xFC, 0x00, 0xFF, 0xFF, 0xFF, 0xD0, 0x1F, 0xFF, 0xFF, 0xFE, 0x03, 0xFD, 0x00, 0x0F, 0xF0, 0x3F,
    0xC0, 0x00, 0xBF, 0x47, 0xF8, 0x00, 0x07, 0xFC, 0xFF, 0x40, 0x00, 0x3F, 0xC0, 0x07, 0x80, 0xB4,
    0x03, 0xF4, 0x7F, 0x00, 0xFD, 0x1F, 0xC0, 0x05, 0x01, 0x40, 0x00, 0x00, 0x00, 0x00, 0x6F, 0xF4,
    0x01, 0xFF, 0xFF, 0xC0, 0x3F, 0xFF, 0xF8, 0x09, 0x00, 0xFF, 0x00, 0x00, 0x2F, 0xC0, 0x05, 0x6F,
    0xF0, 0x3F, 0xFF, 0xFC, 0x3F, 0xFE, 0xFF, 0x3F, 0xD0, 0x2F, 0xCF, 0xF0, 0x0B, 0xF3, 0xFC, 0x03,
    0xFC, 0xFF, 0xEB, 0xFF, 0x1F, 0xFF, 0xDF, 0xC1, 0xFF, 0xD2, 0xF0, 0x00, 0x00, 0x00, 0x00, 0x00,
    0xFF, 0xFF, 0xFF, 0xF4, 0x00, 0x0B, 0xFF, 0xFF, 0xFF, 0xD0, 0x00, 0x3F, 0xFF, 0xFF, 0xFF, 0x40,
    0x02, 0xFD, 0xBF, 0x95, 0x54, 0x00, 0x0F, 0xE1, 0xFD, 0x00, 0x00, 0x00, 0x7F, 0x07, 0xF4, 0x00,
    0x00, 0x03, 0xFC, 0x1F, 0xD0, 0x00, 0x00, 0x1F, 0xD0, 0x7F, 0xFF, 0xF8, 0x00, 0xBF, 0x01, 0xFF,
    0xFF, 0xF0, 0x03, 0xF8, 0x07, 0xFF, 0xFF, 0xC0, 0x2F, 0xE5, 0x6F, 0xE5, 0x54, 0x00, 0xFF, 0xFF,
    0xFF, 0x40, 0x00, 0x0B, 0xFF, 0xFF, 0xFD, 0x00, 0x00, 0x3F, 0xFF, 0xFF, 0xF4, 0x00, 0x01, 0xFD,
    0x00, 0x1F, 0xE0, 0x00, 0x0F, 0xF0, 0x00, 0x7F, 0xFF, 0xFD, 0x7F, 0x40, 0x01, 0xFF, 0xFF, 0xF7,
    0xFC, 0x00, 0x07, 0xFF, 0xFF, 0xD0, 0x02, 0xFF, 0x80, 0x7F, 0x90, 0x07, 0xFF, 0xFE, 0xFF, 0xFF,
    0x00, 0xFF, 0xFF, 0xFF, 0xFF, 0xF0, 0x14, 0x03, 0xFF, 0x01, 0xFD, 0x00, 0x00, 0xBF, 0x40, 0x3F,
    0x80, 0x15, 0x7F, 0xD5, 0x5F, 0xF1, 0xFF, 0xFF, 0xFF, 0xFF, 0xFC, 0xFF, 0xEB, 0xFF, 0xFF, 0xFF,
    0xBF, 0x40, 0xBF, 0x00, 0x00, 0x3F, 0xC0, 0x3F, 0xD0, 0x00, 0x0F, 0xF0, 0x1F, 0xFC, 0x00, 0x12,
    0xFF, 0x6F, 0xFF, 0xEA, 0xBC, 0x7F, 0xFF, 0xC7, 0xFF, 0xFF, 0x07, 0xFF, 0x80, 0x3F, 0xFF, 0x80,
    0x00, 0x00, 0x00, 0x00, 0x00, 0x14, 0x01, 0x51, 0xFC, 0x0F, 0xC3, 0xFA, 0xFF, 0x07, 0xFF, 0xF0,
    0x01, 0xA9, 0x00, 0x00, 0x00, 0x0B, 0xFF, 0xFF, 0x7F, 0xFF, 0xFE, 0xFF, 0xFF, 0xFB, 0xFD, 0x55,
    0x4F, 0xF0, 0x00, 0x3F, 0xC0, 0x00, 0xFF, 0x00, 0x03, 0xFF, 0xFF, 0xCF, 0xFF, 0xFF, 0x3F, 0xFF,
    0xFC, 0xFF, 0x55, 0x53, 0xFC, 0x00, 0x0F, 0xF0, 0x00, 0x3F, 0xC0, 0x00, 0xFF, 0x00, 0x03, 0xFF,
    0xFF, 0xEF, 0xFF, 0xFF, 0xBF, 0xFF, 0xFE, 0x05, 0x40, 0x14, 0x03, 0xF8, 0x2F, 0x80, 0x7F, 0x5F,
    0xD0, 0x0F, 0xFF, 0xE0, 0x00, 0x6F, 0x90, 0x00, 0x00, 0x00, 0x00, 0x0B, 0xF9, 0x00, 0x2F, 0xFF,
    0xF0, 0x2F, 0xFF, 0xFF, 0x0F, 0xF0, 0x2F, 0xD7, 0xF4, 0x03, 0xFA, 0xFD, 0x55, 0xFE, 0xFF, 0xFF,
    0xFF, 0xFF, 0xFF, 0xFF, 0xFB, 0xF0, 0x00, 0x02, 0xFD, 0x00, 0x00, 0x3F, 0xC0, 0x01, 0x0B, 0xFE,
    0xAB, 0xC0, 0xFF, 0xFF, 0xF0, 0x07, 0xFF, 0xF8, 0x00, 0x00, 0x00, 0x00, 0x00, 0x00, 0x00, 0x00,
    0x00, 0x7F, 0xFF, 0x80, 0x02, 0xFF, 0xFF, 0xFE, 0x00, 0xFF, 0xFF, 0xFF, 0xE0, 0x3F, 0x90, 0x0B,
    0xFE, 0x08, 0x00, 0x00, 0x3F, 0xC0, 0x00, 0x00, 0x0B, 0xF4, 0x00, 0x00, 0x00, 0xFE, 0x00, 0x00,
    0x00, 0x3F, 0xFF, 0xFF, 0xFF, 0xFF, 0xFF, 0xFF, 0xFF, 0xFF, 0xFF, 0xFF, 0xFF, 0xFF, 0xFF, 0xFF,
    0x00, 0x00, 0x3F, 0xEF, 0xC0, 0x00, 0x1F, 0xE3, 0xF8, 0x00, 0x0F, 0xF0, 0xFF, 0x80, 0x1F, 0xF8,
    0x0F, 0xFF, 0xFF, 0xFC, 0x00, 0xFF, 0xFF, 0xFC, 0x00, 0x0B, 0xFF, 0xF4, 0x00, 0x00, 0x00, 0x00,
    0x00, 0x06, 0xFE, 0x40, 0x0F, 0xFF, 0xFD, 0x03, 0xFF, 0xFF, 0xD0, 0x90, 0x07, 0xFC, 0x00, 0x00,
    0xBF, 0x40, 0x00, 0x0F, 0xEB, 0xFF, 0xFF, 0xFB, 0xFF, 0xFF, 0xFE, 0xFF, 0xAA, 0xFF, 0xAF, 0xC0,
    0x1F, 0xD7, 0xF0, 0x0F, 0xF0, 0xFF, 0x9F, 0xF8, 0x1F, 0xFF, 0xFC, 0x00, 0xBF, 0xF8, 0x00, 0x00,
    0x00, 0x00, 0x00, 0x78, 0x0E, 0x00, 0x00, 0x3F, 0x0B, 0xE0, 0x00, 0x0F, 0xC2, 0xF8, 0x00, 0x00,
    0x40, 0x14, 0x00, 0x00, 0x00, 0x00, 0x00, 0x00, 0x7F, 0xFF, 0x80, 0x02, 0xFF, 0xFF, 0xFE, 0x00,
    0xFF, 0xFF, 0xFF, 0xE0, 0x3F, 0x90, 0x0B, 0xFE, 0x08, 0x00, 0x00, 0x3F, 0xC0, 0x00, 0x00, 0x0B,
    0xF4, 0x00, 0x00, 0x00, 0xFE, 0x00, 0x00, 0x00, 0x3F, 0xFF, 0xFF, 0xFF, 0xFF, 0xFF, 0xFF, 0xFF,
    0xFF, 0xFF, 0xFF, 0xFF, 0xFF, 0xFF, 0xFF, 0x00, 0x00, 0x3F, 0xEF, 0xC0, 0x00, 0x1F, 0xE3, 0xF8,
    0x00, 0x0F, 0xF0, 0xFF, 0x80, 0x1F, 0xF8, 0x0F, 0xFF, 0xFF, 0xFC, 0x00, 0xFF, 0xFF, 0xFC, 0x00,
    0x0B, 0xFF, 0xF4, 0x00, 0x00, 0x00, 0x00, 0x00, 0x07, 0x80, 0xE0, 0x03, 0xF0, 0xBE, 0x00, 0xFC,
    0x2F, 0x80, 0x04, 0x01, 0x40, 0x00, 0x00, 0x00, 0x01, 0xBF, 0x90, 0x03, 0xFF, 0xFF, 0x40, 0xFF,
    0xFF, 0xF4, 0x24, 0x01, 0xFF, 0x00, 0x00, 0x2F, 0xD0, 0x00, 0x03, 0xFA, 0xFF, 0xFF, 0xFE, 0xFF,
    0xFF, 0xFF, 0xBF, 0xEA, 0xBF, 0xEB, 0xF0, 0x07, 0xF5, 0xFC, 0x03, 0xFC, 0x3F, 0xE7, 0xFE, 0x07,
    0xFF, 0xFF, 0x00, 0x2F, 0xFE, 0x00, 0x00, 0x00, 0x00, 0x00, 0x00, 0x78, 0x0B, 0x40, 0x00, 0x00,
    0x00, 0x3F, 0x4B, 0xF0, 0x00, 0x00, 0x00, 0x0F, 0xD1, 0xF8, 0x00, 0x00, 0x00, 0x00, 0x50, 0x14,
    0x00, 0x00, 0x00, 0x00, 0x00, 0x00, 0x00, 0x00, 0x0F, 0xF0, 0x01, 0xFD, 0x00, 0x3F, 0x81, 0xFE,
    0x00, 0x7F, 0x40, 0x2F, 0xD0, 0x2F, 0xC0, 0x1F, 0xD0, 0x1F, 0xE0, 0x03, 0xFC, 0x07, 0xF4, 0x0F,
    0xF0, 0x00, 0x7F, 0x81, 0xFD, 0x0B, 0xF4, 0x00, 0x0B, 0xF0, 0x7F, 0x47, 0xF8, 0x00, 0x00, 0xFF,
    0x1F, 0xD3, 0xFC, 0x00, 0x00, 0x1F, 0xFF, 0xFF, 0xFD, 0x00, 0x00, 0x03, 0xFF, 0xFF, 0xFF, 0x00,
    0x00, 0x01, 0xFF, 0xFF, 0xFF, 0xD0, 0x00, 0x00, 0xFF, 0x6F, 0xE7, 0xFC, 0x00, 0x00, 0xBF, 0x87,
    0xF4, 0xBF, 0x80, 0x00, 0x7F, 0xC1, 0xFD, 0x0F, 0xF0, 0x00, 0x3F, 0xD0, 0x7F, 0x41, 0xFF, 0x00,
    0x2F, 0xE0, 0x1F, 0xD0, 0x3F, 0xD0, 0x0F, 0xF0, 0x07, 0xF4, 0x03, 0xFC, 0x0F, 0xF4, 0x01, 0xFD,
    0x00, 0xBF, 0xC7, 0xFC, 0x00, 0x7F, 0x40, 0x0F, 0xF4, 0x00, 0x02, 0xC0, 0xB8, 0x00, 0x00, 0x00,
    0xBF, 0x0F, 0xC0, 0x00, 0x00, 0x07, 0xE0, 0xFC, 0x00, 0x00, 0x00, 0x14, 0x01, 0x00, 0x00, 0x00,
    0x00, 0x00, 0x00, 0x00, 0x02, 0xA4, 0x02, 0xA4, 0x02, 0xA8, 0x2F, 0xC0, 0x3F, 0x80, 0xBF, 0x40,
    0xFF, 0x03, 0xF8, 0x0F, 0xE0, 0x03, 0xF8, 0x3F, 0x83, 0xFC, 0x00, 0x2F, 0xC3, 0xF8, 0xBF, 0x00,
    0x00, 0xFF, 0x7F, 0x9F, 0xE0, 0x00, 0x03, 0xFF, 0xFF, 0xFC, 0x00, 0x00, 0x7F, 0xFF, 0xFF, 0xC0,
    0x00, 0x0F, 0xF7, 0xFE, 0xFF, 0x00, 0x03, 0xFD, 0x3F, 0x8B, 0xF4, 0x00, 0x7F, 0x83, 0xF8, 0x3F,
    0xC0, 0x0F, 0xF0, 0x3F, 0x81, 0xFF, 0x03, 0xFD, 0x03, 0xF8, 0x0B, 0xF8, 0xBF, 0x80, 0x3F, 0x80,
    0x3F, 0xC0, 0x0B, 0x81, 0xE0, 0x03, 0xF0, 0xFE, 0x00, 0xFC, 0x2F, 0x40, 0x04, 0x01, 0x40, 0x00,
    0x00, 0x00, 0x06, 0xFF, 0xF4, 0x0F, 0xFF, 0xFF, 0xC1, 0xFF, 0xFF, 0xF8, 0x39, 0x02, 0xFF, 0x00,
    0x00, 0x3F, 0xC0, 0x00, 0x0F, 0xF0, 0x00, 0x07, 0xF8, 0x06, 0xBF, 0xF8, 0x02, 0xFF, 0xF4, 0x00,
    0xBF, 0xFF, 0x80, 0x05, 0x5F, 0xFC, 0x00, 0x00, 0xBF, 0x40, 0x00, 0x1F, 0xD0, 0x00, 0x0B, 0xF6,
    0x40, 0x07, 0xFC, 0xFF, 0xFF, 0xFF, 0x3F, 0xFF, 0xFF, 0x07, 0xFF, 0xFD, 0x00, 0x00, 0x00, 0x00,
    0x07, 0x80, 0xE0, 0x0F, 0xC2, 0xF8, 0x0F, 0xC2, 0xF8, 0x01, 0x00, 0x50, 0x00, 0x00, 0x00, 0x06,
    0xFF, 0x90, 0x3F, 0xFF, 0xF8, 0x2F, 0xFF, 0xFD, 0x04, 0x01, 0xFE, 0x00, 0x00, 0xFD, 0x01, 0x57,
    0xFC, 0x03, 0xFF, 0xE0, 0x03, 0xFF, 0xF8, 0x00, 0x06, 0xFD, 0x00, 0x00, 0xFF, 0x10, 0x00, 0xFF,
    0x3F, 0xAB, 0xFE, 0x3F, 0xFF, 0xFC, 0x2F, 0xFF, 0xE0, 0x00, 0x00, 0x00, 0x2F, 0xFF, 0xFF, 0xC2,
    0xFF, 0xFF, 0xFC, 0x2F, 0xFF, 0xFF, 0xC0, 0x55, 0x6F, 0xF0, 0x00, 0x07, 0xFC, 0x00, 0x01, 0xFF,
    0x00, 0x00, 0x7F, 0xC0, 0x00, 0x1F, 0xF4, 0x00, 0x02, 0xFF, 0xFD, 0x00, 0x2F, 0xFF, 0xF8, 0x00,
    0x01, 0xBF, 0xD0, 0x00, 0x01, 0xFE, 0x00, 0x00, 0x0F, 0xF0, 0x00, 0x00, 0xFE, 0x64, 0x00, 0x3F,
    0xD7, 0xFF, 0xFF, 0xFC, 0x7F, 0xFF, 0xFF, 0x02, 0xFF, 0xFF, 0x80, 0x00, 0x00, 0x00, 0x00, 0x2A,
    0xAA, 0xAA, 0x83, 0xFF, 0xFF, 0xFC, 0x3F, 0xFF, 0xFF, 0xC0, 0x00, 0x1F, 0xF4, 0x00, 0x03, 0xFC,
    0x00, 0x00, 0xFF, 0x00, 0x00, 0x3F, 0xC0, 0x00, 0x0F, 0xF0, 0x00, 0x02, 0xFF, 0xF4, 0x00, 0x2F,
    0xFF, 0xE0, 0x01, 0xAB, 0xFF, 0x80, 0x00, 0x07, 0xFC, 0x00, 0x00, 0x1F, 0xD0, 0x00, 0x00, 0xFE,
    0x00, 0x00, 0x1F, 0xE0, 0x00, 0x02, 0xFD, 0x75, 0x00, 0xBF, 0xC7, 0xFF, 0xFF, 0xF4, 0x7F, 0xFF,
    0xFD, 0x01, 0xBF, 0xFE, 0x00, 0x00, 0xAA, 0xAA, 0x00, 0x01, 0xFF, 0xFF, 0x00, 0x01, 0xFF, 0xFF,
    0x00, 0x00, 0x00, 0x00, 0x00, 0xBF, 0x00, 0x07, 0xFD, 0xFF, 0x00, 0x0F, 0xFD, 0xFF, 0x00, 0x1F,
    0xFD, 0xFF, 0x00, 0x3F, 0xFD, 0xFF, 0x00, 0x7F, 0xFD, 0xFF, 0x00, 0xFE, 0xFD, 0xFF, 0x02, 0xFD,
    0xFD, 0xFF, 0x03, 0xF5, 0xFD, 0xFF, 0x0B, 0xF1, 0xFD, 0xFF, 0x0F, 0xD1, 0xFD, 0xFF, 0x2F, 0xC1,
    0xFD, 0xFF, 0x3F, 0x41, 0xFD, 0xFF, 0xBF, 0x01, 0xFD, 0xFF, 0xFC, 0x01, 0xFD, 0xFF, 0xF8, 0x01,
    0xFD, 0xFF, 0xF0, 0x01, 0xFD, 0xFF, 0xE0, 0x01, 0xFD, 0xFF, 0xC0, 0x01, 0xFD, 0x06, 0xAA, 0xA4,
    0x02, 0xFF, 0xFE, 0x00, 0xBF, 0xFF, 0x80, 0x00, 0x00, 0x00, 0xA9, 0x00, 0x6A, 0xBF, 0x80, 0x3F,
    0xFF, 0xE0, 0x2F, 0xFF, 0xF8, 0x0F, 0xFF, 0xFE, 0x0B, 0xFF, 0xFF, 0x83, 0xFB, 0xFF, 0xE2, 0xF6,
    0xFF, 0xF9, 0xF8, 0xBF, 0xFE, 0xFC, 0x3F, 0xFF, 0xBE, 0x0F, 0xFF, 0xFF, 0x03, 0xFF, 0xFF, 0x80,
    0xFF, 0xFF, 0xC0, 0x3F, 0xFF, 0xE0, 0x0F, 0xF0, 0x00, 0xB0, 0x2E, 0x00, 0x02, 0xFC, 0x3F, 0x00,
    0x01, 0xF8, 0x3F, 0x00, 0x00, 0x50, 0x04, 0x00, 0x00, 0x00, 0x00, 0x00, 0xBF, 0x00, 0x07, 0xFD,
    0xFF, 0x00, 0x0F, 0xFD, 0xFF, 0x00, 0x1F, 0xFD, 0xFF, 0x00, 0x3F, 0xFD, 0xFF, 0x00, 0x7F, 0xFD,
    0xFF, 0x00, 0xFE, 0xFD, 0xFF, 0x02, 0xFD, 0xFD, 0xFF, 0x03, 0xF5, 0xFD, 0xFF, 0x0B, 0xF1, 0xFD,
    0xFF, 0x0F, 0xD1, 0xFD, 0xFF, 0x2F, 0xC1, 0xFD, 0xFF, 0x3F, 0x41, 0xFD, 0xFF, 0xBF, 0x01, 0xFD,
    0xFF, 0xFC, 0x01, 0xFD, 0xFF, 0xF8, 0x01, 0xFD, 0xFF, 0xF0, 0x01, 0xFD, 0xFF, 0xE0, 0x01, 0xFD,
    0xFF, 0xC0, 0x01, 0xFD, 0x07, 0x80, 0xB0, 0x03, 0xF4, 0xBF, 0x00, 0xFD, 0x1F, 0x80, 0x05, 0x01,
    0x40, 0x00, 0x00, 0x00, 0x2A, 0x40, 0x1A, 0xAF, 0xE0, 0x0F, 0xFF, 0xF8, 0x0B, 0xFF, 0xFE, 0x03,
    0xFF, 0xFF, 0x82, 0xFF, 0xFF, 0xE0, 0xFE, 0xFF, 0xF8, 0xBD, 0xBF, 0xFE, 0x7E, 0x2F, 0xFF, 0xBF,
    0x0F, 0xFF, 0xEF, 0x83, 0xFF, 0xFF, 0xC0, 0xFF, 0xFF, 0xE0, 0x3F, 0xFF, 0xF0, 0x0F, 0xFF, 0xF8,
    0x03, 0xFC, 0x00, 0x2D, 0x07, 0x80, 0x00, 0x07, 0xF0, 0xFD, 0x00, 0x00, 0x7F, 0x0F, 0xC0, 0x00,
    0x01, 0x40, 0x10, 0x00, 0x00, 0x00, 0x00, 0x00, 0x00, 0x02, 0xFF, 0xF8, 0x00, 0x02, 0xFF, 0xFF,
    0xF4, 0x00, 0xBF, 0xFF, 0xFF, 0xD0, 0x1F, 0xF8, 0x07, 0xFF, 0x03, 0xFE, 0x00, 0x0F, 0xF8, 0x3F,
    0xC0, 0x00, 0x7F, 0xC7, 0xF8, 0x00, 0x03, 0xFC, 0xBF, 0x80, 0x00, 0x3F, 0xDB, 0xF4, 0x00, 0x02,
    0xFD, 0xBF, 0x40, 0x00, 0x2F, 0xDB, 0xF4, 0x00, 0x02, 0xFD, 0x7F, 0x80, 0x00, 0x3F, 0xC3, 0xFC,
    0x00, 0x03, 0xFC, 0x3F, 0xE0, 0x00, 0xBF, 0x81, 0xFF, 0x80, 0x2F, 0xF0, 0x0B, 0xFF, 0xFF, 0xFD,
    0x00, 0x2F, 0xFF, 0xFF, 0x80, 0x00, 0x6F, 0xFF, 0x80, 0x00, 0x00, 0x00, 0x00, 0x00, 0x02, 0xD0,
    0xB8, 0x00, 0xBF, 0x0F, 0xC0, 0x07, 0xE0, 0xFC, 0x00, 0x14, 0x01, 0x00, 0x00, 0x00, 0x00, 0x00,
    0x0B, 0xF9, 0x00, 0x0B, 0xFF, 0xFC, 0x02, 0xFF, 0xFF, 0xF0, 0x3F, 0xD0, 0xBF, 0x87, 0xF4, 0x03,
    0xFC, 0xBF, 0x00, 0x2F, 0xDF, 0xF0, 0x01, 0xFD, 0xFF, 0x00, 0x1F, 0xDB, 0xF0, 0x02, 0xFD, 0xBF,
    0x40, 0x2F, 0xC3, 0xFC, 0x07, 0xFC, 0x2F, 0xFA, 0xFF, 0x40, 0xFF, 0xFF, 0xE0, 0x01, 0xFF, 0xF4,
    0x00, 0x00, 0x00, 0x00, 0x00, 0x00, 0x00, 0x00, 0x00, 0x02, 0xFF, 0xF8, 0x00, 0x02, 0xFF, 0xFF,
    0xF4, 0x00, 0xBF, 0xFF, 0xFF, 0xD0, 0x1F, 0xF4, 0x02, 0xFF, 0x03, 0xFD, 0x00, 0x07, 0xF8, 0x3F,
    0x80, 0x00, 0x3F, 0xC7, 0xF4, 0x00, 0x02, 0xFC, 0xBF, 0xAA, 0xAA, 0xBF, 0xDB, 0xFF, 0xFF, 0xFF,
    0xFD, 0xBF, 0xFF, 0xFF, 0xFF, 0xDB, 0xF9, 0x55, 0x56, 0xFD, 0x7F, 0x40, 0x00, 0x2F, 0xC3, 0xF8,
    0x00, 0x03, 0xFC, 0x3F, 0xC0, 0x00, 0x7F, 0x81, 0xFF, 0x40, 0x1F, 0xF0, 0x0B, 0xFF, 0xFF, 0xFD,
    0x00, 0x2F, 0xFF, 0xFF, 0x80, 0x00, 0x6F, 0xFF, 0x80, 0x00, 0x00, 0x00, 0x00, 0x00, 0x00, 0xBF,
    0x90, 0x00, 0xBF, 0xFF, 0xC0, 0x2F, 0xFF, 0xFF, 0x03, 0xFD, 0x0B, 0xF8, 0xBF, 0x40, 0x3F, 0xCB,
    0xF0, 0x02, 0xFC, 0xFF, 0xFF, 0xFF, 0xDF, 0xFF, 0xFF, 0xFD, 0xFF, 0x55, 0x7F, 0xDB, 0xF0, 0x03,
    0xFC, 0x3F, 0xC0, 0x7F, 0x82, 0xFF, 0xFF, 0xF0, 0x0F, 0xFF, 0xFD, 0x00, 0x2F, 0xFF, 0x00, 0x00,
    0x00, 0x00, 0x00, 0x00, 0x2D, 0x07, 0x80, 0x00, 0x07, 0xF0, 0xFC, 0x00, 0x00, 0x7F, 0x0F, 0xC0,
    0x00, 0x01, 0x40, 0x10, 0x00, 0x00, 0x00, 0x00, 0x00, 0x00, 0x02, 0xFF, 0xF8, 0x00, 0x02, 0xFF,
    0xFF, 0xF4, 0x00, 0xBF, 0xFF, 0xFF, 0xD0, 0x1F, 0xF4, 0x02, 0xFF, 0x03, 0xFD, 0x00, 0x07, 0xF8,
    0x3F, 0x80, 0x00, 0x3F, 0xC7, 0xF4, 0x00, 0x02, 0xFC, 0xBF, 0xAA, 0xAA, 0xBF, 0xDB, 0xFF, 0xFF,
    0xFF, 0xFD, 0xBF, 0xFF, 0xFF, 0xFF, 0xDB, 0xF9, 0x55, 0x56, 0xFD, 0x7F, 0x40, 0x00, 0x2F, 0xC3,
    0xF8, 0x00, 0x03, 0xFC, 0x3F, 0xC0, 0x00, 0x7F, 0x81, 0xFF, 0x40, 0x1F, 0xF0, 0x0B, 0xFF, 0xFF,
    0xFD, 0x00, 0x2F, 0xFF, 0xFF, 0x80, 0x00, 0x6F, 0xFF, 0x80, 0x00, 0x00, 0x00, 0x00, 0x00, 0x02,
    0xC0, 0xB8, 0x00, 0xBF, 0x0F, 0xC0, 0x07, 0xE0, 0xFC, 0x00, 0x14, 0x01, 0x00, 0x00, 0x00, 0x00,
    0x00, 0x0B, 0xF9, 0x00, 0x0B, 0xFF, 0xFC, 0x02, 0xFF, 0xFF, 0xF0, 0x3F, 0xD0, 0xBF, 0x8B, 0xF4,
    0x03, 0xFC, 0xBF, 0x00, 0x2F, 0xCF, 0xFF, 0xFF, 0xFD, 0xFF, 0xFF, 0xFF, 0xDF, 0xF5, 0x57, 0xFD,
    0xBF, 0x00, 0x3F, 0xC3, 0xFC, 0x07, 0xF8, 0x2F, 0xFF, 0xFF, 0x00, 0xFF, 0xFF, 0xD0, 0x02, 0xFF,
    0xF0, 0x00, 0x00, 0x00, 0x00, 0x0B, 0x42, 0xE0, 0x02, 0xFC, 0x3F, 0x00, 0x1F, 0x83, 0xF0, 0x00,
    0x50, 0x04, 0x00, 0x00, 0x00, 0x00, 0x01, 0xBF, 0xF9, 0x00, 0xFF, 0xFF, 0xFC, 0x07, 0xFF, 0xFF,
    0xF0, 0x39, 0x01, 0xFF, 0x80, 0x00, 0x03, 0xFC, 0x00, 0x00, 0x1F, 0xE0, 0x00, 0x00, 0xFF, 0x06,
    0xAA, 0xAF, 0xF0, 0xBF, 0xFF, 0xFF, 0x0B, 0xFF, 0xFF, 0xF0, 0x55, 0x55, 0xFF, 0x00, 0x00, 0x0F,
    0xF0, 0x00, 0x01, 0xFE, 0x00, 0x00, 0x3F, 0xC5, 0x00, 0x1F, 0xFC, 0xBF, 0xFF, 0xFF, 0x0B, 0xFF,
    0xFF, 0xC0, 0x6F, 0xFF, 0xD0, 0x00, 0x00, 0x00, 0x00, 0x0B, 0x41, 0xE0, 0x07, 0xF0, 0xFC, 0x01,
    0xFC, 0x3F, 0x00, 0x14, 0x01, 0x00, 0x00, 0x00, 0x00, 0x02, 0xFF, 0x90, 0x03, 0xFF, 0xFE, 0x00,
    0xBF, 0xFF, 0xF0, 0x04, 0x07, 0xFD, 0x00, 0x00, 0x3F, 0x80, 0x00, 0x0F, 0xF0, 0x0F, 0xFF, 0xFC,
    0x03, 0xFF, 0xFF, 0x00, 0x55, 0x7F, 0xC0, 0x00, 0x0F, 0xF0, 0x40, 0x0F, 0xF4, 0x3F, 0xBF, 0xFC,
    0x0F, 0xFF, 0xFC, 0x02, 0xFF, 0xF8, 0x00, 0x00, 0x00, 0x00, 0x00, 0xAA, 0xAA, 0x00, 0x00, 0x3F,
    0xFF, 0xD0, 0x00, 0x0F, 0xFF, 0xF4, 0x00, 0x00, 0x00, 0x00, 0x00, 0xBF, 0x40, 0x00, 0xBF, 0x0F,
    0xF0, 0x00, 0x3F, 0x82, 0xFC, 0x00, 0x2F, 0xC0, 0x3F, 0x80, 0x0F, 0xE0, 0x0F, 0xF0, 0x07, 0xF4,
    0x01, 0xFD, 0x02, 0xFC, 0x00, 0x3F, 0xC0, 0xFD, 0x00, 0x07, 0xF4, 0xBF, 0x00, 0x00, 0xFE, 0x3F,
    0x80, 0x00, 0x1F, 0xDF, 0xC0, 0x00, 0x03, 0xFF, 0xE0, 0x00, 0x00, 0x7F, 0xF4, 0x00, 0x00, 0x0F,
    0xFC, 0x00, 0x00, 0x03, 0xFD, 0x00, 0x00, 0x02, 0xFF, 0x00, 0x00, 0x7F, 0xFF, 0x40, 0x00, 0x1F,
    0xFF, 0x40, 0x00, 0x07, 0xFF, 0x40, 0x00, 0x00, 0x00, 0x00, 0x00, 0x00, 0x00, 0xAA, 0xAA, 0x00,
    0x00, 0xFF, 0xFF, 0x40, 0x00, 0xFF, 0xFF, 0x00, 0x00, 0x00, 0x00, 0x00, 0x2A, 0x80, 0x01, 0xA8,
    0x2F, 0xD0, 0x03, 0xFC, 0x0F, 0xF0, 0x07, 0xF4, 0x0F, 0xF0, 0x0B, 0xF0, 0x07, 0xF4, 0x0F, 0xE0,
    0x03, 0xF8, 0x1F, 0xD0, 0x02, 0xFC, 0x2F, 0xC0, 0x00, 0xFD, 0x3F, 0x80, 0x00, 0xFE, 0x3F, 0x00,
    0x00, 0x7F, 0xBF, 0x00, 0x00, 0x3F, 0xFD, 0x00, 0x00, 0x2F, 0xFC, 0x00, 0x00, 0x0F, 0xF8, 0x00,
    0x00, 0x0F, 0xF4, 0x00, 0x00, 0x0B, 0xF0, 0x00, 0x00, 0x0F, 0xE0, 0x00, 0x00, 0x7F, 0xC0, 0x00,
    0x0F, 0xFF, 0x80, 0x00, 0x0F, 0xFE, 0x00, 0x00, 0x0F, 0xF4, 0x00, 0x00, 0x00, 0xB4, 0x1E, 0x00,
    0x00, 0x3F, 0x0F, 0xD0, 0x00, 0x0F, 0xC3, 0xF4, 0x00, 0x00, 0x40, 0x14, 0x00, 0x00, 0x00, 0x00,
    0x00, 0x2F, 0xD0, 0x00, 0x2F, 0xC3, 0xFC, 0x00, 0x0F, 0xE0, 0xBF, 0x00, 0x0B, 0xF0, 0x0F, 0xE0,
    0x03, 0xF8, 0x03, 0xFC, 0x01, 0xFD, 0x00, 0x7F, 0x40, 0xBF, 0x00, 0x0F, 0xF0, 0x3F, 0x40, 0x01,
    0xFD, 0x2F, 0xC0, 0x00, 0x3F, 0x8F, 0xE0, 0x00, 0x07, 0xF7, 0xF0, 0x00, 0x00, 0xFF, 0xF8, 0x00,
    0x00, 0x1F, 0xFD, 0x00, 0x00, 0x03, 0xFF, 0x00, 0x00, 0x00, 0xFF, 0x40, 0x00, 0x00, 0xBF, 0xC0,
    0x00, 0x1F, 0xFF, 0xD0, 0x00, 0x07, 0xFF, 0xD0, 0x00, 0x01, 0xFF, 0xD0, 0x00, 0x00, 0x00, 0x00,
    0x00, 0x00, 0x00, 0xB4, 0x1E, 0x00, 0x00, 0xFC, 0x3F, 0x40, 0x00, 0xFC, 0x3F, 0x40, 0x00, 0x10,
    0x05, 0x00, 0x00, 0x00, 0x00, 0x00, 0x2A, 0x80, 0x01, 0xA8, 0x2F, 0xD0, 0x03, 0xFC, 0x0F, 0xF0,
    0x07, 0xF4, 0x0F, 0xF0, 0x0B, 0xF0, 0x07, 0xF4, 0x0F, 0xE0, 0x03, 0xF8, 0x1F, 0xD0, 0x02, 0xFC,
    0x2F, 0xC0, 0x00, 0xFD, 0x3F, 0x80, 0x00, 0xFE, 0x3F, 0x00, 0x00, 0x7F, 0xBF, 0x00, 0x00, 0x3F,
    0xFD, 0x00, 0x00, 0x2F, 0xFC, 0x00, 0x00, 0x0F, 0xF8, 0x00, 0x00, 0x0F, 0xF4, 0x00, 0x00, 0x0B,
    0xF0, 0x00, 0x00, 0x0F, 0xE0, 0x00, 0x00, 0x7F, 0xC0, 0x00, 0x0F, 0xFF, 0x80, 0x00, 0x0F, 0xFE,
    0x00, 0x00, 0x0F, 0xF4, 0x00, 0x00, 0x00, 0x00, 0x00, 0x00, 0x00, 0x00, 0xFE, 0x7F, 0x40, 0x00,
    0xFE, 0x3F, 0x80, 0x00, 0x7E, 0x2F, 0x40, 0x00, 0x3D, 0x0F, 0x00, 0x00, 0x00, 0x00, 0x00, 0x0B,
    0xF4, 0x00, 0x0B, 0xF0, 0xFF, 0x00, 0x03, 0xF8, 0x2F, 0xC0, 0x02, 0xFC, 0x03, 0xF8, 0x00, 0xFE,
    0x00, 0xFF, 0x00, 0x7F, 0x40, 0x1F, 0xD0, 0x2F, 0xC0, 0x03, 0xFC, 0x0F, 0xD0, 0x00, 0x7F, 0x4B,
    0xF0, 0x00, 0x0F, 0xE3, 0xF8, 0x00, 0x01, 0xFD, 0xFC, 0x00, 0x00, 0x3F, 0xFE, 0x00, 0x00, 0x07,
    0xFF, 0x40, 0x00, 0x00, 0xFF, 0xC0, 0x00, 0x00, 0x3F, 0xD0, 0x00, 0x00, 0x2F, 0xF0, 0x00, 0x07,
    0xFF, 0xF4, 0x00, 0x01, 0xFF, 0xF4, 0x00, 0x00, 0x7F, 0xF4, 0x00, 0x00, 0x00, 0x00, 0x00, 0x00,
    0x00, 0x00, 0x00, 0x00, 0x00, 0x00, 0xFE, 0x3F, 0x80, 0x0B, 0xE3, 0xF8, 0x00, 0x7E, 0x2F, 0x40,
    0x03, 0xD0, 0xF4, 0x00, 0x00, 0x00, 0x00, 0x0A, 0xA0, 0x00, 0x6A, 0x2F, 0xD0, 0x03, 0xFC, 0x3F,
    0x80, 0x1F, 0xD0, 0xBF, 0x00, 0xBF, 0x01, 0xFD, 0x03, 0xF8, 0x03, 0xF8, 0x1F, 0xD0, 0x0B, 0xF0,
    0xBF, 0x00, 0x0F, 0xD3, 0xF8, 0x00, 0x2F, 0x9F, 0xC0, 0x00, 0x7F, 0xBF, 0x00, 0x00, 0xFF, 0xF4,
    0x00, 0x02, 0xFF, 0xC0, 0x00, 0x03, 0xFE, 0x00, 0x00, 0x0B, 0xF4, 0x00, 0x00, 0x3F, 0xC0, 0x00,
    0x01, 0xFE, 0x00, 0x00, 0x1F, 0xF0, 0x00, 0x0F, 0xFF, 0x80, 0x00, 0x3F, 0xF8, 0x00, 0x00, 0xFF,
    0x40, 0x00, 0x00, 0x00, 0xB0, 0x2D, 0x00, 0x0B, 0xE0, 0xFC, 0x00, 0x2F, 0x83, 0xF0, 0x00, 0x14,
    0x01, 0x00, 0x00, 0x00, 0x00, 0x00, 0xFD, 0x00, 0x0F, 0xE7, 0xF8, 0x00, 0x3F, 0x9F, 0xE0, 0x00,
    0xFE, 0x7F, 0x80, 0x03, 0xF9, 0xFE, 0x00, 0x0F, 0xE7, 0xF8, 0x00, 0x3F, 0x8F, 0xE0, 0x00, 0xFE,
    0x3F, 0xC0, 0x03, 0xF8, 0xFF, 0xD5, 0xBF, 0xE1, 0xFF, 0xFF, 0xFF, 0x82, 0xFF, 0xFF, 0xFE, 0x00,
    0xAF, 0x97, 0xF8, 0x00, 0x00, 0x0F, 0xE0, 0x00, 0x00, 0x3F, 0x80, 0x00, 0x00, 0xFE, 0x00, 0x00,
    0x03, 0xF8, 0x00, 0x00, 0x0F, 0xE0, 0x00, 0x00, 0x3F, 0x80, 0x03, 0x80, 0xB4, 0x02, 0xF8, 0x7F,
    0x00, 0xBE, 0x0F, 0xC0, 0x05, 0x01, 0x40, 0x00, 0x00, 0x00, 0x1A, 0x80, 0x0A, 0xAB, 0xF0, 0x03,
    0xFE, 0xFC, 0x00, 0xFF, 0xBF, 0x00, 0x3F, 0xEF, 0xC0, 0x0F, 0xF7, 0xF4, 0x03, 0xFD, 0xFF, 0x96,
    0xFF, 0x3F, 0xFF, 0xFF, 0xC3, 0xFF, 0xFF, 0xF0, 0x16, 0x93, 0xFC, 0x00, 0x00, 0xFF, 0x00, 0x00,
    0x3F, 0xC0, 0x00, 0x0F, 0xF0, 0x00, 0x03, 0xFC, 0xBF, 0xFF, 0xFD, 0xFF, 0xFF, 0xFE, 0xFF, 0xFF,
    0xFE, 0xFF, 0x55, 0x54, 0xFF, 0x00, 0x00, 0xFF, 0x00, 0x00, 0xFF, 0x00, 0x00, 0xFF, 0x00, 0x00,
    0xFF, 0x00, 0x00, 0xFF, 0x00, 0x00, 0xFF, 0x00, 0x00, 0xFF, 0x00, 0x00, 0xFF, 0x00, 0x00, 0xFF,
    0x00, 0x00, 0xFF, 0x54, 0x00, 0xFF, 0xFE, 0x00, 0xFF, 0xFE, 0x00, 0xFF, 0xFE, 0x00, 0x00, 0xFE,
    0x00, 0x00, 0xFE, 0x00, 0x00, 0xFE, 0x00, 0x00, 0xFE, 0x00, 0x00, 0xFE, 0x00, 0x00, 0x00, 0x00,
    0x2A, 0xAA, 0xA0, 0xFF, 0xFF, 0xD3, 0xFF, 0xFF, 0x4F, 0xE0, 0x00, 0x3F, 0x80, 0x00, 0xFE, 0x00,
    0x03, 0xF8, 0x00, 0x0F, 0xE0, 0x00, 0x3F, 0x80, 0x00, 0xFE, 0x00, 0x03, 0xF8, 0x00, 0x0F, 0xFA,
    0x80, 0x3F, 0xFF, 0x00, 0xFF, 0xFC, 0x00, 0x07, 0xF0, 0x00, 0x1F, 0xC0, 0x00, 0x7F, 0x00, 0x01,
    0xFC, 0x00, 0x07, 0xF0, 0x00, 0x00, 0x1E, 0x02, 0xD0, 0x00, 0x00, 0xFD, 0x2F, 0xC0, 0x00, 0x03,
    0xF4, 0x7E, 0x00, 0x00, 0x01, 0x40, 0x50, 0x00, 0x00, 0x00, 0x00, 0x00, 0x02, 0xFC, 0x00, 0x00,
    0x0F, 0xEF, 0xF0, 0x00, 0x00, 0x3F, 0xFF, 0xC0, 0x00, 0x00, 0xFF, 0xFF, 0x00, 0x00, 0x03, 0xFF,
    0xFC, 0x00, 0x00, 0x0F, 0xFF, 0xF0, 0x00, 0x00, 0x3F, 0xFF, 0xEA, 0x90, 0x00, 0xFF, 0xFF, 0xFF,
    0xF8, 0x03, 0xFF, 0xFF, 0xFF, 0xFC, 0x0F, 0xFF, 0xF5, 0x6F, 0xF4, 0x3F, 0xFF, 0xC0, 0x1F, 0xE0,
    0xFF, 0xFF, 0x00, 0x3F, 0xC3, 0xFF, 0xFC, 0x00, 0xFF, 0x0F, 0xFF, 0xF0, 0x07, 0xFC, 0x3F, 0xFF,
    0xC0, 0x7F, 0xD0, 0xFF, 0xFF, 0xFF, 0xFF, 0x03, 0xFF, 0xFF, 0xFF, 0xF0, 0x0F, 0xFF, 0xFF, 0xF9,
    0x00, 0x3F, 0xC0, 0x00, 0x38, 0x0B, 0x40, 0x00, 0x0B, 0xE1, 0xFC, 0x00, 0x00, 0xBE, 0x0F, 0xC0,
    0x00, 0x01, 0x40, 0x50, 0x00, 0x00, 0x00, 0x00, 0x00, 0x0A, 0x90, 0x00, 0x00, 0xA8, 0xFE, 0x00,
    0x00, 0x1F, 0xDF, 0xE0, 0x00, 0x01, 0xFD, 0xFE, 0x00, 0x00, 0x1F, 0xDF, 0xF5, 0x40, 0x01, 0xFD,
    0xFF, 0xFF, 0xE0, 0x1F, 0xDF, 0xFF, 0xFF, 0xC1, 0xFD, 0xFF, 0x5B, 0xFD, 0x1F, 0xDF, 0xE0, 0x1F,
    0xE1, 0xFD, 0xFE, 0x00, 0xFE, 0x1F, 0xDF, 0xE0, 0x2F, 0xD1, 0xFD, 0xFF, 0xFF, 0xFC, 0x1F, 0xDF,
    0xFF, 0xFF, 0x41, 0xFD, 0xFF, 0xFF, 0x80, 0x1F, 0xD0, 0x0B, 0xFF, 0xFF, 0xD0, 0xFF, 0xFF, 0xFD,
    0x0F, 0xFF, 0xFF, 0xD0, 0xFF, 0x55, 0x54, 0x0F, 0xF0, 0x00, 0x00, 0xFF, 0x00, 0x00, 0x0F, 0xF0,
    0x00, 0x01, 0xFF, 0x55, 0x40, 0x7F, 0xFF, 0xFC, 0x07, 0xFF, 0xFF, 0xC0, 0x6F, 0xFA, 0xA8, 0x00,
    0xFF, 0x00, 0x00, 0x0F, 0xF0, 0x00, 0x00, 0xFF, 0x00, 0x00, 0x0F, 0xF0, 0x00, 0x00, 0xFF, 0xFF,
    0x00, 0x0F, 0xFF, 0xF0, 0x00, 0xFF, 0xFF, 0x00, 0x00, 0x0F, 0xF0, 0x00, 0x00, 0xFF, 0x00, 0x00,
    0x0F, 0xE0, 0x00, 0x3F, 0xFD, 0x00, 0x03, 0xFF, 0xC0, 0x00, 0x2F, 0xE0, 0x00, 0x00, 0x00, 0x00,
    0x00, 0x0A, 0xAA, 0xA9, 0x1F, 0xFF, 0xFE, 0x1F, 0xFF, 0xFE, 0x1F, 0xE5, 0x55, 0x1F, 0xD0, 0x00,
    0x1F, 0xD0, 0x00, 0xFF, 0xFF, 0xD0, 0xFF, 0xFF, 0xE0, 0xFF, 0xFF, 0xD0, 0x1F, 0xD0, 0x00, 0x1F,
    0xD0, 0x00, 0x1F, 0xFA, 0x40, 0x1F, 0xFF, 0x80, 0x1F, 0xFF, 0x80, 0x00, 0x2F, 0x80, 0x00, 0x2F,
    0x80, 0x00, 0x3F, 0x40, 0x03, 0xFF, 0x40, 0x03, 0xFF, 0x00, 0x02, 0xA4, 0x00, 0x7F, 0xC0, 0x01,
    0xFF, 0x02, 0xFD, 0x00, 0x3F, 0xD0, 0x0F, 0xF0, 0x07, 0xF8, 0x00, 0x7F, 0x80, 0xFF, 0x00, 0x03,
    0xFD, 0x2F, 0xD0, 0x00, 0x0F, 0xF7, 0xFC, 0x00, 0x00, 0x7F, 0xFF, 0x00, 0x00, 0x03, 0xFF, 0xE0,
    0x00, 0x00, 0x0F, 0xFC, 0x00, 0x00, 0x01, 0xFF, 0xC0, 0x00, 0x00, 0x3F, 0xFE, 0x00, 0x00, 0x0B,
    0xFF, 0xF4, 0x00, 0x01, 0xFE, 0x3F, 0xC0, 0x00, 0x3F, 0xC2, 0xFE, 0x00, 0x0B, 0xF4, 0x0F, 0xF5,
    0x41, 0xFF, 0x00, 0x7F, 0xFE, 0x3F, 0xD0, 0x02, 0xFF, 0xEB, 0xF8, 0x00, 0x0F, 0xFE, 0x00, 0x00,
    0x00, 0x0F, 0xE0, 0x00, 0x00, 0x00, 0xFE, 0x00, 0x00, 0x00, 0x1F, 0xE0, 0x00, 0x00, 0x3F, 0xFD,
    0x00, 0x00, 0x03, 0xFF, 0xC0, 0x00, 0x00, 0x3F, 0xE0, 0x00, 0x00, 0x00, 0x00, 0x00, 0x6A, 0x80,
    0x0A, 0xA0, 0x3F, 0xD0, 0x3F, 0xD0, 0x0F, 0xF0, 0x7F, 0x80, 0x0B, 0xF4, 0xFF, 0x00, 0x03, 0xFE,
    0xFD, 0x00, 0x01, 0xFF, 0xF8, 0x00, 0x00, 0xBF, 0xF0, 0x00, 0x00, 0xBF, 0xF0, 0x00, 0x00, 0xFF,
    0xF8, 0x00, 0x03, 0xFF, 0xFD, 0x00, 0x0B, 0xF8, 0xFF, 0x00, 0x0F, 0xF0, 0x7F, 0xE8, 0x3F, 0xD0,
    0x3F, 0xFD, 0xBF, 0x80, 0x0F, 0xFD, 0x00, 0x00, 0x00, 0xFD, 0x00, 0x00, 0x00, 0xFD, 0x00, 0x00,
    0x00, 0xFC, 0x00, 0x00, 0x1F, 0xFC, 0x00, 0x00, 0x1F, 0xF8, 0x00, 0x00, 0x0A, 0x90, 0x7F, 0xC0,
    0x01, 0xFF, 0x0B, 0xF4, 0x00, 0xFF, 0x40, 0xFF, 0x00, 0x7F, 0x80, 0x1F, 0xE0, 0x3F, 0xC0, 0x03,
    0xFD, 0x2F, 0xD0, 0x00, 0x3F, 0xDF, 0xF0, 0x00, 0x07, 0xFF, 0xF0, 0x00, 0x6A, 0xFF, 0xFE, 0xA0,
    0x2F, 0xFF, 0xFF, 0xFD, 0x0B, 0xFF, 0xFF, 0xFF, 0x41, 0x5B, 0xFF, 0xF5, 0x40, 0x03, 0xFF, 0xFD,
    0x00, 0x01, 0xFE, 0x3F, 0xC0, 0x00, 0xFF, 0x0B, 0xF8, 0x00, 0xBF, 0x40, 0xFF, 0x40, 0x7F, 0xC0,
    0x1F, 0xF0, 0x3F, 0xD0, 0x02, 0xFE, 0x2F, 0xE0, 0x00, 0x3F, 0xD0, 0x6A, 0x80, 0x0A, 0xA0, 0xFF,
    0x40, 0xFF, 0x40, 0xFF, 0x07, 0xF8, 0x02, 0xFD, 0x3F, 0xC0, 0x03, 0xFE, 0xFD, 0x00, 0x1B, 0xFF,
    0xF5, 0x03, 0xFF, 0xFF, 0xFC, 0x0F, 0xFF, 0xFF, 0xF0, 0x1A, 0xFF, 0xFE, 0x80, 0x0F, 0xFF, 0xF4,
    0x00, 0xBF, 0x8F, 0xF0, 0x03, 0xFC, 0x1F, 0xE0, 0x3F, 0xD0, 0x3F, 0xD2, 0xFE, 0x00, 0x3F, 0xC0,
    0x00, 0x00, 0x0D, 0x00, 0x0D, 0x2F, 0xFC, 0xA0, 0xD2, 0x8C, 0x0A, 0x00, 0x28, 0x00, 0xA0, 0x02,
    0x80, 0x0A, 0x00, 0x28, 0x00, 0xA0, 0x02, 0x80, 0x0A, 0x00, 0x28, 0x00, 0xA0, 0x02, 0x80, 0x0A,
    0x00, 0x28, 0x00, 0xA0, 0x00, 0x00, 0x00, 0x00, 0x00, 0x1C, 0x01, 0xC0, 0x0F, 0xFE, 0x1C, 0x28,
    0x1C, 0xA0, 0x02, 0x80, 0x0A, 0x00, 0x28, 0x00, 0xA0, 0x02, 0x80, 0x0A, 0x00, 0x28, 0x00, 0xA0,
    0x02, 0x80, 0x0A, 0x00, 0x28, 0x00, 0xA0, 0x02, 0x80, 0x0A, 0x00, 0x28, 0x00, 0x00, 0x15, 0x54,
    0x7F, 0xFD, 0x7F, 0xFD, 0x7F, 0xFC, 0x15, 0x54, 0x7F, 0xFD, 0x7F, 0xFD, 0x7F, 0xFC, 0x00, 0x00,
    0x00, 0x3F, 0xFF, 0xFF, 0xDF, 0xFF, 0xFF, 0xF6, 0xAA, 0xAA, 0xA9, 0x00, 0x00, 0x00, 0x3F, 0xFF,
    0xFE, 0x3F, 0xFF, 0xFE, 0x2A, 0xAA, 0xA9, 0x00, 0x00, 0x00, 0x00, 0x00, 0x00, 0x0F, 0xFF, 0xFF,
    0xFF, 0xFF, 0xFF, 0xC3, 0xFF, 0xFF, 0xFF, 0xFF, 0xFF, 0xF0, 0xAA, 0xAA, 0xAA, 0xAA, 0xAA, 0xA8,
    0x00, 0x00, 0x00, 0x00, 0x00, 0x00, 0x0F, 0xFF, 0xFF, 0xFF, 0xFF, 0xFF, 0xC3, 0xFF, 0xFF, 0xFF,
    0xFF, 0xFF, 0xF0, 0xAA, 0xAA, 0xAA, 0xAA, 0xAA, 0xA8, 0xBC, 0x03, 0xDB, 0xC0, 0x3D, 0xBC, 0x03,
    0xDB, 0xC0, 0x3D, 0xBC, 0x03, 0xDB, 0xC0, 0x3D, 0xBC, 0x03, 0xDB, 0xC0, 0x3D, 0xBC, 0x03, 0xDB,
    0xC0, 0x3D, 0xBC, 0x03, 0xDB, 0xC0, 0x3D, 0xBC, 0x03, 0xDB, 0xC0, 0x3D, 0xBC, 0x03, 0xDB, 0xC0,
    0x3D, 0xBC, 0x03, 0xDB, 0xC0, 0x3D, 0xBC, 0x03, 0xDB, 0xC0, 0x3D, 0xBC, 0x03, 0xDB, 0xC0, 0x3D,
    0xBC, 0x03, 0xDB, 0xC0, 0x3D, 0x68, 0x02, 0x90, 0x15, 0x55, 0x54, 0x3F, 0xFF, 0xFD, 0x15, 0x55,
    0x54, 0x00, 0x00, 0x00, 0x3F, 0xFF, 0xFD, 0x2A, 0xAA, 0xA8, 0x0B, 0xC0, 0xFC, 0x2F, 0x83, 0xF4,
    0x7F, 0x0B, 0xF0, 0x15, 0x00, 0x1F, 0xC2, 0xFC, 0x3F, 0x43, 0xF0, 0x7E, 0x0B, 0xD0, 0x14, 0x00,
    0x0F, 0xD1, 0xFC, 0x2F, 0xC3, 0xF4, 0x3F, 0x03, 0xE0, 0x14, 0x00, 0xBF, 0x07, 0xF0, 0x3F, 0x42,
    0xF8, 0x1F, 0x80, 0xFC, 0x01, 0x40, 0x0B, 0xC0, 0xF8, 0x3F, 0x07, 0xE2, 0xF8, 0x3F, 0x4F, 0xD0,
    0xFC, 0x7F, 0x0B, 0xF2, 0xFC, 0x3F, 0x81, 0x50, 0x54, 0x00, 0x1F, 0xC2, 0xF8, 0xBF, 0x0F, 0xE3,
    0xF4, 0x3F, 0x0F, 0xC1, 0xFC, 0x7E, 0x0B, 0xD2, 0xF4, 0x3F, 0x01, 0x40, 0x50, 0x00, 0x0F, 0xD1,
    0xFC, 0x0F, 0xD2, 0xFC, 0x1F, 0xC2, 0xF8, 0x2F, 0x83, 0xF4, 0x3F, 0x03, 0xF0, 0x3F, 0x07, 0xD0,
    0x14, 0x01, 0x40, 0xBF, 0x0F, 0xE1, 0xFC, 0x2F, 0xC3, 0xF4, 0x7F, 0x0B, 0xE0, 0xFC, 0x1F, 0x82,
    0xF4, 0x3F, 0x03, 0xE0, 0x14, 0x05, 0x00, 0x01, 0xFC, 0x00, 0x03, 0xF0, 0x00, 0x0F, 0x80, 0x00,
    0x3E, 0x00, 0x00, 0xF4, 0x02, 0xFF, 0xFF, 0xDB, 0xFF, 0xFF, 0x5A, 0x7E, 0x69, 0x00, 0xF4, 0x00,
    0x03, 0xD0, 0x00, 0x0F, 0x80, 0x00, 0x3E, 0x00, 0x00, 0xF8, 0x00, 0x03, 0xE0, 0x00, 0x0F, 0x80,
    0x00, 0x3F, 0x00, 0x01, 0xFC, 0x00, 0x07, 0xF0, 0x00, 0x1F, 0xC0, 0x00, 0x00, 0xFC, 0x00, 0x03,
    0xF0, 0x00, 0x0F, 0xC0, 0x00, 0x2E, 0x00, 0x69, 0xFD, 0xA6, 0xFF, 0xFF, 0xEB, 0xFF, 0xFF, 0x80,
    0x2E, 0x00, 0x00, 0xFC, 0x00, 0x03, 0xF0, 0x00, 0x0F, 0xC0, 0x00, 0x2E, 0x00, 0xBF, 0xFF, 0xFA,
    0xFF, 0xFF, 0xE6, 0x9F, 0xEA, 0x40, 0x2E, 0x00, 0x00, 0xFC, 0x00, 0x03, 0xF0, 0x00, 0x0F, 0xC0,
    0x00, 0x1F, 0xE0, 0x3F, 0xF8, 0xBF, 0xFC, 0xFF, 0xFC, 0xFF, 0xFC, 0xBF, 0xFC, 0x3F, 0xF4, 0x0A,
    0x90, 0x50, 0x00, 0x2E, 0x00, 0x0B, 0xF4, 0x02, 0xFF, 0xD0, 0xBF, 0xFE, 0x2F, 0xFE, 0x0B, 0xFD,
    0x02, 0xF4, 0x00, 0xA0, 0x00, 0x00, 0x00, 0x00, 0x2E, 0x3F, 0xDF, 0xF6, 0xFC, 0x04, 0x00, 0x2E,
    0x00, 0x7D, 0x2F, 0xE0, 0x3F, 0xCB, 0xF8, 0x0F, 0xF1, 0xFD, 0x03, 0xF8, 0x04, 0x00, 0x10, 0x00,
    0x2E, 0x00, 0xB8, 0x02, 0xE2, 0xFE, 0x07, 0xF8, 0x1F, 0xFB, 0xF8, 0x1F, 0xF0, 0x7F, 0xDF, 0xD0,
    0x3F, 0x40, 0xFE, 0x04, 0x00, 0x10, 0x00, 0x40, 0x2E, 0x2F, 0xEB, 0xF9, 0xFD, 0x04, 0x00, 0x00,
    0x02, 0xFF, 0xDA, 0x00, 0x28, 0x00, 0xA0, 0x02, 0x80, 0x0A, 0x00, 0x28, 0x00, 0xA0, 0x02, 0x80,
    0x0A, 0x00, 0x28, 0x00, 0xA0, 0x02, 0x80, 0x0A, 0x00, 0x28, 0x00, 0xA0, 0x02, 0x80, 0x0A, 0x00,
    0x00, 0x00, 0x00, 0x01, 0xFF, 0xE0, 0x02, 0x80, 0x0A, 0x00, 0x28, 0x00, 0xA0, 0x02, 0x80, 0x0A,
    0x00, 0x28, 0x00, 0xA0, 0x02, 0x80, 0x0A, 0x00, 0x28, 0x00, 0xA0, 0x02, 0x80, 0x0A, 0x00, 0x28,
    0x00, 0xA0, 0x02, 0x80, 0x00, 0x00, 0x0F, 0xFF, 0xFF, 0xFF, 0xFF, 0xFF, 0xFF, 0xFF, 0x0A, 0x00,
    0xA0, 0x0A, 0x00, 0xA0, 0x0A, 0x00, 0xA0, 0x0A, 0x00, 0xA0, 0x0A, 0x00, 0xA0, 0x0A, 0x00, 0xA0,
    0x0A, 0x00, 0xA0, 0x0A, 0x00, 0x00, 0x00, 0x0F, 0xFE, 0xC0, 0x0C, 0x00, 0xC0, 0x0F, 0xFF, 0x0A,
    0x00, 0xA0, 0x0A, 0x00, 0xA0, 0x0A, 0x00, 0xA0, 0x0A, 0x00, 0xA0, 0x0A, 0x00, 0xA0, 0x0A, 0x00,
    0xA0, 0x0A, 0x00, 0xA0, 0x0A, 0x00, 0x00, 0x00, 0x0B, 0xFF, 0x00, 0x30, 0x03, 0x00, 0x3F, 0xFF,
    0x0A, 0x00, 0xA0, 0x0A, 0x00, 0xA0, 0x0A, 0x00, 0xA0, 0x0A, 0x00, 0xA0, 0x0A, 0x00, 0xA0, 0x0A,
    0x00, 0xA0, 0x0A, 0x00, 0xA0, 0x0A, 0x00, 0x00, 0x00, 0x00, 0x00, 0x00, 0x00, 0x00, 0x00, 0x00,
    0x07, 0xFD, 0x00, 0x07, 0xD0, 0x00, 0x00, 0x00, 0x1F, 0xFF, 0x00, 0x0F, 0xC0, 0x00, 0x00, 0x00,
    0x3F, 0xAF, 0x80, 0x2F, 0x40, 0x00, 0x00, 0x00, 0x3F, 0x0F, 0xC0, 0x3F, 0x00, 0x00, 0x00, 0x00,
    0x3E, 0x0F, 0xC0, 0xBD, 0x00, 0x00, 0x00, 0x00, 0x3E, 0x0B, 0xC1, 0xF8, 0x00, 0x00, 0x00, 0x00,
    0x3E, 0x0F, 0xC3, 0xF0, 0x00, 0x00, 0x00, 0x00, 0x3F, 0x0F, 0xC7, 0xE1, 0xFD, 0x00, 0x2F, 0x80,
    0x2F, 0xAF, 0xCF, 0xCB, 0xFF, 0x80, 0xFF, 0xF0, 0x0F, 0xFF, 0x1F, 0x4F, 0xEF, 0xC2, 0xFA, 0xF8,
    0x07, 0xFD, 0x3F, 0x1F, 0x47, 0xE3, 0xF0, 0xFC, 0x00, 0x00, 0xBD, 0x2F, 0x43, 0xE3, 0xF0, 0xFC,
    0x00, 0x00, 0xFC, 0x2F, 0x43, 0xF3, 0xE0, 0xBC, 0x00, 0x02, 0xF4, 0x2F, 0x43, 0xF3, 0xE0, 0xBC,
    0x00, 0x07, 0xE0, 0x2F, 0x47, 0xE3, 0xF0, 0xFC, 0x00, 0x0F, 0xC0, 0x0F, 0xCF, 0xD3, 0xF5, 0xFC,
    0x00, 0x1F, 0x80, 0x0B, 0xFF, 0xC1, 0xFF, 0xF4, 0x00, 0x3F, 0x00, 0x02, 0xFF, 0x00, 0x7F, 0xD0,
    0x00, 0x00, 0x00, 0x00, 0x00, 0x00, 0x00, 0x00, 0x00, 0x00, 0x00, 0x00, 0x00, 0x00, 0x00, 0x00,
    0x00, 0x00, 0x01, 0xFF, 0x40, 0x01, 0xF4, 0x00, 0x00, 0x00, 0x00, 0x00, 0x01, 0xFF, 0xF0, 0x00,
    0xFC, 0x00, 0x00, 0x00, 0x00, 0x00, 0x00, 0xFE, 0xBF, 0x00, 0xBD, 0x00, 0x00, 0x00, 0x00, 0x00,
    0x00, 0x3F, 0x0F, 0xC0, 0x3F, 0x00, 0x00, 0x00, 0x00, 0x00, 0x00, 0x0F, 0xC3, 0xF0, 0x2F, 0x40,
    0x00, 0x00, 0x00, 0x00, 0x00, 0x07, 0xE0, 0xBD, 0x0F, 0xC0, 0x00, 0x00, 0x00, 0x00, 0x00, 0x00,
    0xFC, 0x3F, 0x0B, 0xC0, 0x00, 0x00, 0x00, 0x00, 0x00, 0x00, 0x3F, 0x0F, 0xC7, 0xE1, 0xFE, 0x00,
    0x2F, 0x80, 0x07, 0xF8, 0x0F, 0xEB, 0xF3, 0xF2, 0xFF, 0xF0, 0x3F, 0xFD, 0x0B, 0xFF, 0x80, 0xFF,
    0xF5, 0xF8, 0xFE, 0xFD, 0x2F, 0xEF, 0xC3, 0xFB, 0xF4, 0x1F, 0xF4, 0xFC, 0x7E, 0x1F, 0x8F, 0xC3,
    0xF1, 0xF8, 0x7E, 0x00, 0x00, 0xBD, 0x2F, 0x43, 0xF3, 0xF0, 0xBD, 0xBD, 0x0F, 0xC0, 0x00, 0x3F,
    0x0B, 0xD0, 0xFC, 0xFC, 0x2F, 0x6F, 0x43, 0xF0, 0x00, 0x2F, 0x42, 0xF4, 0x3F, 0x3F, 0x0B, 0xDB,
    0xD0, 0xFC, 0x00, 0x0F, 0xC0, 0x7E, 0x0F, 0xCF, 0xC2, 0xF5, 0xF8, 0x3F, 0x00, 0x0B, 0xC0, 0x0F,
    0xDB, 0xE2, 0xF9, 0xFC, 0x3F, 0x6F, 0x80, 0x07, 0xE0, 0x02, 0xFF, 0xF0, 0x3F, 0xFE, 0x0B, 0xFF,
    0xC0, 0x03, 0xF0, 0x00, 0x2F, 0xF0, 0x07, 0xFE, 0x00, 0xBF, 0xC0, 0x00, 0x00, 0x00, 0x00, 0x00,
    0x00, 0x00, 0x00, 0x00, 0x00, 0x02, 0xF4, 0x1F, 0xC0, 0xFC, 0x07, 0xE0, 0x3F, 0x01, 0xF4, 0x06,
    0x40, 0x00, 0x02, 0xF4, 0x7F, 0x01, 0xFC, 0x3F, 0x40, 0xFC, 0x1F, 0xC0, 0x7E, 0x0F, 0xC0, 0x3F,
    0x07, 0xD0, 0x1F, 0x43, 0xF0, 0x06, 0x40, 0xA0, 0x00, 0x02, 0xF4, 0x7F, 0x0B, 0xD0, 0x7F, 0x0F,
    0xD1, 0xFC, 0x0F, 0xC1, 0xFC, 0x3F, 0x41, 0xF8, 0x3F, 0x07, 0xE0, 0x3F, 0x07, 0xD0, 0xFC, 0x07,
    0xD0, 0xFC, 0x1F, 0x40, 0x64, 0x0A, 0x01, 0x90, 0x00, 0x7E, 0x00, 0xFD, 0x00, 0xFC, 0x02, 0xF4,
    0x03, 0xF0, 0x03, 0xD0, 0x06, 0x40, 0x7E, 0x0B, 0xD0, 0x0F, 0xD1, 0xFC, 0x00, 0xFC, 0x2F, 0x40,
    0x2F, 0x43, 0xF0, 0x03, 0xF0, 0x7D, 0x00, 0x3D, 0x0B, 0xC0, 0x06, 0x40, 0xA0, 0x7E, 0x0B, 0xD1,
    0xFC, 0x03, 0xF4, 0x7F, 0x0F, 0xD0, 0x0F, 0xC2, 0xF4, 0x3F, 0x00, 0xBD, 0x0F, 0xC1, 0xF4, 0x03,
    0xF0, 0x7D, 0x0F, 0xC0, 0x0F, 0x42, 0xF0, 0x3D, 0x00, 0x64, 0x0A, 0x01, 0x90, 0x00, 0x00, 0x00,
    0x0F, 0x00, 0x01, 0xF4, 0x00, 0x3F, 0xC0, 0x07, 0xAD, 0x00, 0xF0, 0xF0, 0x1E, 0x0B, 0x43, 0xC0,
    0x3C, 0x7C, 0x02, 0xD0, 0x00, 0x10, 0x00, 0x1F, 0x40, 0x0F, 0xE0, 0x0F, 0xF0, 0x0F, 0xF0, 0x0B,
    0xF4, 0x03, 0xFC, 0x00, 0x3F, 0xC0, 0x07, 0xF8, 0x00, 0x7F, 0x40, 0x0B, 0xE0, 0x00, 0x90, 0x01,
    0x00, 0x07, 0xE0, 0x02, 0xFD, 0x00, 0x3F, 0xC0, 0x03, 0xFC, 0x00, 0x3F, 0xC0, 0x0F, 0xF0, 0x0B,
    0xF0, 0x0B, 0xF4, 0x07, 0xF8, 0x02, 0xF8, 0x00, 0x08, 0x00, 0x00, 0x00, 0x00, 0x00, 0x00, 0x10,
    0x03, 0xF0, 0x01, 0x02, 0xF0, 0x0F, 0xD0, 0x2F, 0x0F, 0xF0, 0x3F, 0x42, 0xFC, 0x0F, 0xF0, 0x68,
    0x2F, 0xC0, 0x0F, 0xF0, 0x02, 0xFC, 0x00, 0x0F, 0xF0, 0x2F, 0xC0, 0x00, 0x0F, 0xF2, 0xFC, 0x00,
    0x29, 0x0F, 0xFF, 0xC0, 0xA2, 0xFC, 0x0F, 0xFC, 0x0F, 0xFB, 0xF0, 0x2F, 0xF0, 0x3F, 0xDF, 0x82,
    0xFF, 0xF0, 0x7E, 0x00, 0x2F, 0xDF, 0xF0, 0x00, 0x02, 0xFC, 0x0F, 0xE0, 0x00, 0x2F, 0xC0, 0x0F,
    0xE0, 0x02, 0xFC, 0x04, 0x0F, 0xE0, 0x2F, 0xC0, 0xFC, 0x0F, 0xE0, 0xFC, 0x03, 0xF8, 0x0F, 0xC0,
    0x80, 0x0F, 0xD0, 0x0C, 0x00, 0x00, 0x19, 0x00, 0x00, 0x7F, 0x81, 0xFE, 0xBF, 0x81, 0xFE, 0x7F,
    0x81, 0xFE, 0x7F, 0x41, 0xFE, 0x7F, 0x40, 0xFE, 0x7F, 0x40, 0xFE, 0x7F, 0x40, 0xFD, 0x3F, 0x40,
    0xFD, 0x3F, 0x00, 0xFD, 0x3F, 0x00, 0xFD, 0x3F, 0x00, 0xFC, 0x3F, 0x00, 0xFC, 0x00, 0x00, 0x00,
    0x00, 0x00, 0x00, 0x2E, 0x00, 0xB8, 0xBF, 0x81, 0xFE, 0xBF, 0x81, 0xFF, 0x7F, 0x40, 0xFD, 0x04,
    0x00, 0x10, 0x00, 0x00, 0x00, 0x0B, 0xFF, 0x80, 0xBF, 0xFF, 0xF4, 0x7F, 0xFF, 0xFC, 0x3B, 0xF1,
    0xFC, 0x03, 0xF0, 0xFD, 0x03, 0xF0, 0xFC, 0x03, 0xF3, 0xFC, 0x03, 0xFF, 0xF0, 0x03, 0xFF, 0xC0,
    0x03, 0xFE, 0x00, 0x02, 0xFC, 0x00, 0x02, 0xF8, 0x00, 0x00, 0x00, 0x00, 0x00, 0x00, 0x00, 0x01,
    0xB4, 0x00, 0x03, 0xFC, 0x00, 0x03, 0xFC, 0x00, 0x02, 0xFC, 0x00, 0x00, 0x10, 0x00, 0x15, 0x55,
    0x55, 0x53, 0xFF, 0xFF, 0xFE, 0x3F, 0xFF, 0xFF, 0xE0, 0x00, 0x00, 0x00, 0x01, 0xC0, 0x00, 0x00,
    0xE3, 0xC0, 0x00, 0x0B, 0x03, 0xD0, 0x00, 0xF4, 0x03, 0xFA, 0xBF, 0x40, 0x01, 0xBF, 0xD0, 0x00,
    0x00, 0x2B, 0xA4, 0x00, 0x0B, 0xFF, 0xFC, 0x00, 0xF8, 0x00, 0x7C, 0x0B, 0x00, 0x00, 0x3C, 0x70,
    0x00, 0x00, 0x34, 0x40, 0x00, 0x00, 0x40, 0x00, 0x00, 0x00, 0x00, 0x03, 0xC0, 0x00, 0x2D, 0x00,
    0x00, 0xF0, 0x00, 0x0B, 0x40, 0x00, 0x3C, 0x00, 0x01, 0xD0, 0x00, 0x0F, 0x00, 0x00, 0x78, 0x00,
    0x03, 0xC0, 0x00, 0x1F, 0x40, 0x00, 0xFF, 0x00, 0x07, 0x9D, 0x00, 0x3C, 0x3C, 0x01, 0xE0, 0xB4,
    0x0B, 0x00, 0xF0, 0x38, 0x02, 0xD0, 0x00, 0x00, 0x00, 0xBD, 0x00, 0x00, 0x00, 0x00, 0x00, 0x00,
    0xBD, 0x00, 0x00, 0x00, 0x00, 0x00, 0x00, 0x7C, 0x00, 0x00, 0x00, 0x00, 0x00, 0x90, 0x7C, 0x05,
    0x00, 0x00, 0x00, 0x00, 0xFF, 0xBE, 0xFE, 0x00, 0x00, 0x00, 0x00, 0xFF, 0xFF, 0xFF, 0x00, 0x00,
    0x00, 0x00, 0x5A, 0xFF, 0xA5, 0x00, 0x00, 0x00, 0x00, 0x02, 0xFF, 0x40, 0x00, 0x00, 0x00, 0x00,
    0x07, 0xEF, 0xC0, 0x00, 0x00, 0x00, 0x00, 0x0F, 0xC7, 0xF0, 0x00, 0x00, 0x00, 0x00, 0x1F, 0x83,
    0xF0, 0x00, 0x00, 0x00, 0x7E, 0x01, 0x01, 0x40, 0xFC, 0x00, 0x00, 0x7E, 0x00, 0x00, 0x00, 0xFC,
    0x00, 0x00, 0x3D, 0x00, 0x00, 0x00, 0xFC, 0x00, 0x50, 0x3D, 0x06, 0x00, 0x90, 0xBC, 0x18, 0xBF,
    0xBE, 0xFF, 0x00, 0xFF, 0xFE, 0xFD, 0xFF, 0xFF, 0xFF, 0x01, 0xFF, 0xFF, 0xFE, 0x5A, 0xFF, 0xA5,
    0x00, 0x5B, 0xFF, 0xA4, 0x01, 0xFF, 0x80, 0x00, 0x03, 0xFF, 0x00, 0x03, 0xFB, 0xD0, 0x00, 0x0B,
    0xDF, 0xC0, 0x0F, 0xD3, 0xF0, 0x00, 0x1F, 0xCB, 0xE0, 0x0F, 0xC2, 0xF4, 0x00, 0x2F, 0x43, 0xE0,
    0x01, 0x40, 0x40, 0x00, 0x02, 0x01, 0x00, 0x15, 0x52, 0xFF, 0xFB, 0xFF, 0xEF, 0xFE, 0x00, 0x00,
    0x0F, 0x80, 0x00, 0x02, 0xF4, 0x00, 0x00, 0x3E, 0x00, 0x00, 0x0F, 0xC0, 0x00, 0x01, 0xF8, 0x00,
    0x00, 0x3F, 0x00, 0x00, 0x07, 0xE0, 0x00, 0x00, 0xFC, 0x00, 0x00, 0x2F, 0x40, 0x00, 0x03, 0xF0,
    0x00, 0x00, 0xBD, 0x00, 0x00, 0x0F, 0x80, 0x00, 0x03, 0xF0, 0x00, 0x00, 0x7E, 0x00, 0x00, 0x0F,
    0xC0, 0x00, 0x01, 0xF8, 0x00, 0x00, 0x3F, 0x00, 0x00, 0x0B, 0xD0, 0x00, 0x00, 0x3F, 0xF9, 0xFF,
    0xE7, 0xFA, 0x5F, 0xC0, 0x7F, 0x01, 0xFC, 0x07, 0xF0, 0x1F, 0xC0, 0x7F, 0x01, 0xFD, 0x47, 0xFF,
    0x9F, 0xFE, 0x7F, 0x51, 0xFC, 0x07, 0xF0, 0x1F, 0xC0, 0x7F, 0x01, 0xFC, 0x07, 0xF0, 0x1F, 0xE9,
    0x7F, 0xF8, 0xFF, 0xE0, 0x7F, 0xF5, 0xFF, 0xE6, 0xBF, 0x80, 0xBE, 0x02, 0xF8, 0x0B, 0xE0, 0x2F,
    0x80, 0xBE, 0x02, 0xF8, 0x5B, 0xE7, 0xFF, 0x9F, 0xFE, 0x17, 0xF8, 0x0B, 0xE0, 0x2F, 0x80, 0xBE,
    0x02, 0xF8, 0x0B, 0xE0, 0x2F, 0x8A, 0xFE, 0x7F, 0xF9, 0xFF, 0xE0, 0x00, 0x00, 0x00, 0x00, 0x00,
    0x00, 0x0B, 0xFF, 0x80, 0x1B, 0xFF, 0x80, 0xBF, 0xFF, 0xF4, 0xFF, 0xFF, 0xF0, 0x7F, 0xFF, 0xFC,
    0xBF, 0xFF, 0xFC, 0x39, 0x02, 0xFD, 0x38, 0x03, 0xFC, 0x00, 0x00, 0xFD, 0x00, 0x01, 0xFC, 0x00,
    0x01, 0xFD, 0x00, 0x02, 0xFC, 0x00, 0x03, 0xFC, 0x00, 0x07, 0xF8, 0x00, 0x1F, 0xF0, 0x00, 0x2F,
    0xF0, 0x00, 0x7F, 0xC0, 0x00, 0xBF, 0xC0, 0x00, 0xFE, 0x00, 0x01, 0xFE, 0x00, 0x01, 0xFC, 0x00,
    0x02, 0xF8, 0x00, 0x01, 0xF8, 0x00, 0x02, 0xF4, 0x00, 0x00, 0x00, 0x00, 0x00, 0x00, 0x00, 0x00,
    0x00, 0x00, 0x00, 0x00, 0x00, 0x00, 0xB4, 0x00, 0x01, 0xF4, 0x00, 0x03, 0xFC, 0x00, 0x03, 0xFC,
    0x00, 0x03, 0xFD, 0x00, 0x03, 0xFC, 0x00, 0x02, 0xFC, 0x00, 0x03, 0xF8, 0x00, 0x00, 0x10, 0x00,
    0x00, 0x50, 0x00, 0x00, 0x00, 0x00, 0x00, 0x00, 0xBF, 0xF8, 0x02, 0xFD, 0xBF, 0xFF, 0xF4, 0x2F,
    0xE7, 0xFF, 0xFF, 0xC2, 0xFD, 0x39, 0x02, 0xFD, 0x2F, 0xD0, 0x00, 0x0F, 0xD1, 0xFD, 0x00, 0x01,
    0xFD, 0x1F, 0xD0, 0x00, 0x3F, 0xC1, 0xFC, 0x00, 0x1F, 0xF0, 0x1F, 0xC0, 0x07, 0xFC, 0x00, 0xFC,
    0x00, 0xFE, 0x00, 0x0F, 0xC0, 0x1F, 0xC0, 0x00, 0xFC, 0x01, 0xF8, 0x00, 0x0F, 0xC0, 0x00, 0x00,
    0x00, 0x00, 0x00, 0x00, 0x00, 0x00, 0x00, 0x0B, 0x40, 0x00, 0xB8, 0x03, 0xFC, 0x00, 0x2F, 0xD0,
    0x3F, 0xD0, 0x02, 0xFE, 0x02, 0xFC, 0x00, 0x1F, 0xC0, 0x01, 0x00, 0x00, 0x10, 0x00, 0x00, 0x00,
    0x00, 0x07, 0xF8, 0x0B, 0xFF, 0xD0, 0xBF, 0x87, 0xFF, 0xFF, 0x87, 0xF8, 0x3F, 0xFF, 0xFC, 0x7F,
    0x42, 0x90, 0x2F, 0xD7, 0xF4, 0x00, 0x00, 0xFE, 0x7F, 0x40, 0x00, 0x0F, 0xD7, 0xF4, 0x00, 0x03,
    0xFC, 0x3F, 0x40, 0x01, 0xFF, 0x43, 0xF0, 0x00, 0x7F, 0xD0, 0x3F, 0x00, 0x0F, 0xF0, 0x03, 0xF0,
    0x00, 0xFC, 0x00, 0x3F, 0x00, 0x1F, 0x80, 0x00, 0x00, 0x00, 0x00, 0x00, 0x00, 0x00, 0x00, 0x00,
    0x02, 0xE0, 0x00, 0xB8, 0x00, 0xBF, 0x80, 0x2F, 0xD0, 0x0B, 0xF8, 0x03, 0xFD, 0x00, 0x7F, 0x40,
    0x1F, 0xC0, 0x00, 0x40, 0x00, 0x10, 0x00, 0xAA, 0xAA, 0xAA, 0x3F, 0xFF, 0xFF, 0xCF, 0xFF, 0xFF,
    0xF0, 0x00, 0x03, 0xF4, 0x00, 0x01, 0xFC, 0x00, 0x00, 0xFD, 0x00, 0x00, 0xBF, 0x00, 0x00, 0x3F,
    0x00, 0x00, 0x3F, 0x80, 0x00, 0x1F, 0xC0, 0x00, 0x0F, 0xD0, 0x00, 0x0B, 0xF0, 0x00, 0x07, 0xF4,
    0x00, 0x03, 0xF8, 0x00, 0x00, 0x3F, 0xFF, 0xF8, 0x03, 0xFF, 0xFF, 0xF4, 0x3D, 0x7F, 0xFF, 0xC3,
    0xC3, 0xFF, 0xFD, 0x3C, 0x3F, 0xFF, 0xE3, 0xC3, 0xFF, 0xFF, 0x3C, 0x3F, 0xFF, 0xF3, 0xC3, 0xFF,
    0xFE, 0x3C, 0x3F, 0xFF, 0xE3, 0xC3, 0xFF, 0xFD, 0x3C, 0x3F, 0xFF, 0xC3, 0xC3, 0xFF, 0xE0, 0x3C,
    0x3D, 0x50, 0x03, 0xC3, 0xC0, 0x00, 0x3C, 0x3C, 0x00, 0x03, 0xC3, 0xC0, 0x00, 0x3C, 0x3C, 0x00,
    0x03, 0xC3, 0xC0, 0x00, 0x3C, 0x3C, 0x00, 0x03, 0xC3, 0xC0, 0x00, 0x3C, 0x3C, 0x00, 0x03, 0xC3,
    0xC0, 0x00, 0x00, 0x00, 0x00, 0x00, 0x01, 0xAA, 0xAA, 0x80, 0xFF, 0xFF, 0xFC, 0x3F, 0xFF, 0xFF,
    0xC3, 0xFF, 0xFC, 0x3C, 0x7F, 0xFF, 0xC3, 0xCB, 0xFF, 0xFC, 0x3C, 0xBF, 0xFF, 0xC3, 0xCB, 0xFF,
    0xFC, 0x3C, 0xBF, 0xFF, 0xC3, 0xC7, 0xFF, 0xFC, 0x3C, 0x3F, 0xFF, 0xEB, 0xC0, 0xFF, 0xFF, 0xFC,
    0x02, 0xFF, 0xFF, 0xC0, 0xAA, 0xAA, 0x90, 0x0F, 0xFF, 0xFF, 0xD0, 0xFF, 0xFF, 0xFF, 0x0F, 0x0F,
    0xFF, 0xF8, 0xF0, 0xFF, 0xFF, 0xCF, 0x0F, 0xFF, 0xFC, 0xF0, 0xFF, 0xFF, 0xCF, 0x0F, 0xFF, 0xFC,
    0xF0, 0xFF, 0xFF, 0xCF, 0x0F, 0xFF, 0xF8, 0xFA, 0xFF, 0xFF, 0x4F, 0xFF, 0xFF, 0xE0, 0xFF, 0xFF,
    0xE4, 0x00, 0x00, 0x3F, 0x40, 0x00, 0x0B, 0xC0, 0x00, 0x02, 0xF0, 0x00, 0x90, 0x7C, 0x09, 0x3F,
    0xFF, 0xBF, 0x8F, 0xFF, 0xFF, 0xE1, 0x6B, 0xFE, 0x54, 0x03, 0xFF, 0x40, 0x02, 0xFB, 0xF0, 0x01,
    0xFC, 0x7F, 0x00, 0x7E, 0x0F, 0x80, 0x01, 0x01, 0x00, 0x2E, 0x07, 0xF8, 0xBF, 0x83, 0xF4, 0x00,
    0x00, 0x00, 0x00, 0x00, 0x00, 0x00, 0x00, 0x00, 0x00, 0x07, 0xF0, 0x3F, 0x43, 0xF8, 0x1F, 0xC0,
    0xFC, 0x0B, 0xC0, 0x00, 0x00, 0x2B, 0xA4, 0x00, 0x0B, 0xFF, 0xFC, 0x00, 0xF8, 0x00, 0x7C, 0x0B,
    0x00, 0x00, 0x3C, 0x70, 0x00, 0x00, 0x34, 0x40, 0x00, 0x00, 0x40, 0x00, 0x00, 0x00, 0x00, 0x00,
    0x00, 0x00, 0x00, 0x00, 0x00, 0x00, 0x00, 0x00, 0x00, 0x00, 0x00, 0x00, 0x00, 0x00, 0x00, 0x00,
    0x00, 0x00, 0x00, 0x00, 0x00, 0x00, 0x00, 0x00, 0x00, 0x00, 0x00, 0x00, 0x00, 0x00, 0x00, 0x00,
    0x00, 0x00, 0x00, 0x00, 0x00, 0x00, 0x00, 0x00, 0x00, 0x00, 0x00, 0x00, 0x00, 0x00, 0x00, 0x00,
    0x00, 0x00, 0x01, 0xC0, 0x00, 0x00, 0xE3, 0xC0, 0x00, 0x0B, 0x03, 0xD0, 0x00, 0xF4, 0x03, 0xFA,
    0xBF, 0x40, 0x01, 0xBF, 0xD0, 0x00, 0x00, 0x3F, 0x40, 0x00, 0x0B, 0xC0, 0x00, 0x02, 0xF0, 0x00,
    0x90, 0x7C, 0x09, 0x3F, 0xFF, 0xBF, 0x8F, 0xFF, 0xFF, 0xE1, 0x6B, 0xFE, 0x54, 0x03, 0xFF, 0x40,
    0x02, 0xFB, 0xF0, 0x01, 0xFC, 0x7F, 0x00, 0x7E, 0x0F, 0x80, 0x01, 0x01, 0x00, 0x00, 0x00, 0x00,
    0x00, 0x0F, 0xD0, 0x00, 0x02, 0xF0, 0x00, 0x00, 0xBC, 0x00, 0x24, 0x1F, 0x02, 0x4F, 0xFF, 0xEF,
    0xE3, 0xFF, 0xFF, 0xF8, 0x5A, 0xFF, 0x95, 0x00, 0xFF, 0xD0, 0x00, 0xBE, 0xFC, 0x00, 0x7F, 0x1F,
    0xC0, 0x1F, 0x83, 0xE0, 0x00, 0x40, 0x40, 0x00, 0x00, 0x00, 0x01, 0xFC, 0x0B, 0xDF, 0xF4, 0x3F,
    0x3F, 0xC1, 0xF4, 0x3E, 0x0F, 0xC0, 0x00, 0x7E, 0x00, 0x02, 0xF0, 0x00, 0x0F, 0xC0, 0x00, 0xBD,
    0x00, 0x03, 0xF0, 0x00, 0x1F, 0x80, 0x00, 0xFC, 0x00, 0x03, 0xF0, 0x00, 0x2F, 0x40, 0x00, 0xFC,
    0x00, 0x07, 0xE0, 0xB8, 0x3F, 0x0B, 0xF5, 0xF8, 0x2F, 0xDB, 0xD0, 0x7F, 0x00, 0x00, 0x10, 0x00,
    0x14, 0x00, 0x00, 0x00, 0x00, 0x0B, 0xFF, 0xFE, 0x40, 0x00, 0x3C, 0x3F, 0xFF, 0xFF, 0xFF, 0xAA,
    0xF8, 0xBD, 0x01, 0xAF, 0xFF, 0xFF, 0xE0, 0xA0, 0x00, 0x00, 0x5B, 0xFE, 0x40, 0x00, 0x05, 0x50,
    0x00, 0x07, 0xFF, 0xF4, 0x00, 0xBD, 0x01, 0xB8, 0x07, 0x40, 0x00, 0x78, 0x34, 0x00, 0x00, 0x34,
    0x80, 0x00, 0x00, 0x50, 0x00, 0x0A, 0x00, 0x00, 0x00, 0xF0, 0x00, 0x0B, 0x4F, 0x1E, 0x00, 0xBD,
    0xF7, 0xE0, 0x02, 0xFF, 0xF8, 0x01, 0x5F, 0xFF, 0x54, 0x7F, 0xFF, 0xFF, 0xD3, 0xFF, 0xFF, 0xFC,
    0x01, 0xFF, 0xF4, 0x00, 0x7F, 0xFF, 0xD0, 0x0F, 0x8F, 0x2F, 0x00, 0x20, 0xF0, 0x80, 0x00, 0x0F,
    0x00, 0x00, 0x00, 0x00, 0x14, 0x00, 0x00, 0x3F, 0xC0, 0x00, 0x0F, 0xF0, 0x00, 0x03, 0xFC, 0x00,
    0x00, 0x14, 0x00, 0x00, 0x00, 0x00, 0x00, 0x00, 0x00, 0x00, 0x00, 0x00, 0x2E, 0x00, 0x00, 0x1F,
    0xE0, 0x00, 0x0B, 0xF8, 0x00, 0x00, 0xFC, 0x00, 0x00, 0x00, 0x00, 0x00, 0x00, 0x00, 0x00, 0x00,
    0x00, 0x00, 0x00, 0x00, 0x00, 0x40, 0x00, 0x00, 0xFE, 0x00, 0x00, 0x3F, 0xC0, 0x00, 0x0F, 0xF0,
    0x00, 0x00, 0xA0, 0x02, 0xF4, 0x7E, 0x0F, 0xC3, 0xF4, 0x1F, 0xC3, 0xF0, 0xFD, 0x2F, 0x80, 0xFC,
    0x2F, 0x87, 0xF0, 0xFC, 0x07, 0xE0, 0xFC, 0x3F, 0x0B, 0xD0, 0x3F, 0x0B, 0xC1, 0xF4, 0x3E, 0x01,
    0xF4, 0x3E, 0x0F, 0xC2, 0xF0, 0x06, 0x40, 0xA0, 0x28, 0x0A, 0x40, 0x00, 0x00, 0x00, 0x14, 0x00,
    0x00, 0x00, 0x00, 0xFF, 0x00, 0x00, 0x00, 0x00, 0xFF, 0x00, 0x00, 0x00, 0x00, 0xFF, 0x00, 0x00,
    0x00, 0x00, 0x14, 0x00, 0x00, 0x00, 0x00, 0x00, 0x00, 0x00, 0x00, 0x00, 0x00, 0x00, 0x00, 0x00,
    0x00, 0x00, 0x00, 0x00, 0x2E, 0x00, 0x00, 0x00, 0xB8, 0x7F, 0x80, 0x00, 0x03, 0xFD, 0xBF, 0x80,
    0x00, 0x03, 0xFD, 0x3F, 0x00, 0x00, 0x01, 0xFC, 0x00, 0x00, 0x00, 0x00, 0x00, 0x00, 0x00, 0x00,
    0x00, 0x00, 0x00, 0x00, 0x00, 0x00, 0x00, 0x00, 0x00, 0x10, 0x00, 0x00, 0x00, 0x00, 0xFE, 0x00,
    0x00, 0x00, 0x00, 0xFF, 0x00, 0x00, 0x00, 0x00, 0xFF, 0x00, 0x00, 0x00, 0x00, 0x28, 0x00, 0x00,
    0x04, 0x00, 0x00, 0x00, 0x50, 0x7F, 0x40, 0x00, 0x02, 0xFC, 0xBF, 0x80, 0x00, 0x03, 0xFD, 0x7F,
    0x40, 0x00, 0x02, 0xFC, 0x19, 0x00, 0x00, 0x00, 0x60, 0x00, 0x00, 0x00, 0x00, 0x00, 0x00, 0x00,
    0x00, 0x00, 0x00, 0x00, 0x00, 0x00, 0x00, 0x00, 0x00, 0x00, 0x7D, 0x00, 0x00, 0x00, 0x00, 0xFF,
    0x00, 0x00, 0x00, 0x00, 0xFF, 0x00, 0x00, 0x00, 0x00, 0xBD, 0x00, 0x00, 0x00, 0x00, 0x00, 0x00,
    0x00, 0x00, 0x00, 0x00, 0x00, 0x00, 0x00, 0x00, 0x00, 0x00, 0x00, 0x04, 0x00, 0x00, 0x00, 0x10,
    0x7F, 0x40, 0x00, 0x02, 0xFC, 0xBF, 0x80, 0x00, 0x03, 0xFD, 0x7F, 0x80, 0x00, 0x02, 0xFC, 0x19,
    0x00, 0x00, 0x00, 0x64, 0x00, 0x0F, 0xDB, 0xFA, 0xFE, 0x3F, 0x00, 0x00, 0x00, 0x00, 0x00, 0x00,
    0x00, 0x00, 0x00, 0x00, 0x00, 0x00, 0x00, 0xB8, 0x7F, 0xAF, 0xE3, 0xF4, 0x10, 0x00, 0x06, 0x80,
    0x00, 0x00, 0x7F, 0x80, 0x00, 0x01, 0xFF, 0x00, 0x00, 0x03, 0xF8, 0x00, 0x00, 0x01, 0x40, 0x00,
    0x00, 0x00, 0x00, 0x00, 0x00, 0x00, 0x00, 0x00, 0x00, 0x00, 0x00, 0x2A, 0x00, 0x01, 0xA1, 0xFE,
    0x00, 0x0F, 0xFB, 0xF8, 0x00, 0x7F, 0xDF, 0xD0, 0x00, 0xFE, 0x04, 0x00, 0x00, 0x50, 0x00, 0x00,
    0x00, 0x00, 0x00, 0x00, 0x00, 0x00, 0x00, 0x00, 0x00, 0x00, 0x0B, 0x80, 0x00, 0x00, 0x7F, 0x80,
    0x00, 0x01, 0xFF, 0x00, 0x00, 0x03, 0xF4, 0x00, 0x00, 0x01, 0x00, 0x00, 0x00, 0x00, 0x1A, 0x00,
    0x00, 0x00, 0x00, 0x0F, 0xC0, 0x00, 0x00, 0x3F, 0x43, 0xF0, 0x3F, 0x40, 0x2F, 0xE0, 0xFC, 0x1F,
    0xF0, 0x0B, 0xF8, 0x3F, 0x07, 0xFC, 0x00, 0xBC, 0x0F, 0xC0, 0xBD, 0x00, 0x00, 0x03, 0xF0, 0x00,
    0x00, 0x00, 0x00, 0xFC, 0x00, 0x00, 0x15, 0x55, 0x7F, 0x55, 0x55, 0x0F, 0xFF, 0xFF, 0xFF, 0xFF,
    0xD3, 0xFF, 0xFF, 0xFF, 0xFF, 0xF4, 0x55, 0x55, 0xFD, 0x55, 0x54, 0x00, 0x00, 0x3F, 0x00, 0x00,
    0x00, 0x00, 0x0F, 0xC0, 0x00, 0x00, 0x2E, 0x03, 0xF0, 0x2E, 0x00, 0x1F, 0xE0, 0xFC, 0x1F, 0xF0,
    0x0B, 0xF8, 0x3F, 0x07, 0xFC, 0x00, 0xFD, 0x0F, 0xC0, 0xFE, 0x00, 0x04, 0x03, 0xF0, 0x04, 0x00,
    0x00, 0x00, 0xBC, 0x00, 0x00, 0x2F, 0x1F, 0xE7, 0xF8, 0xFD, 0x00, 0x00, 0x00, 0x00, 0x10, 0x3F,
    0x5F, 0xF7, 0xF8, 0xB8, 0x00, 0x00, 0x00, 0x00, 0x68, 0x7F, 0xAF, 0xE7, 0xF4, 0x14, 0x04, 0x1F,
    0xDB, 0xF9, 0xFD, 0x19, 0x01, 0x07, 0xF6, 0xFE, 0x7F, 0x46, 0x40, 0x41, 0xFD, 0xBF, 0x9F, 0xE1,
    0x90, 0x10, 0x7F, 0x6F, 0xE7, 0xF8, 0x64, 0x00, 0x0B, 0xFE, 0x0A, 0x00, 0xA0, 0x0A, 0x0F, 0xFF,
    0x0A, 0x00, 0xA0, 0x0A, 0x00, 0xA0, 0x0A, 0x00, 0xA0, 0x0A, 0x00, 0xA0, 0x0A, 0x00, 0xA0, 0x0A,
    0x00, 0xA0, 0x0A, 0x00, 0xA0, 0x0A, 0x00, 0x00, 0x00, 0x0F, 0xFF, 0xC0, 0x3C, 0x03, 0xC0, 0x3F,
    0xFF, 0x0A, 0x00, 0xA0, 0x0A, 0x00, 0xA0, 0x0A, 0x00, 0xA0, 0x0A, 0x00, 0xA0, 0x0A, 0x00, 0xA0,
    0x0A, 0x00, 0xA0, 0x0A, 0x00, 0xA0, 0x0A, 0x00, 0x00, 0x00, 0x0B, 0xFE, 0x3F, 0xC1, 0xF4, 0x0F,
    0x00, 0xA0, 0x0A, 0x00, 0xA0, 0x0A, 0x00, 0xA0, 0x0A, 0x00, 0xA0, 0x0A, 0x00, 0xA0, 0x0A, 0x00,
    0xA0, 0x0A, 0x00, 0xA0, 0x0A, 0x00, 0xA0, 0x0A, 0x00, 0x00, 0x00, 0x00, 0x50, 0x0F, 0x02, 0xF8,
    0x3F, 0xCB, 0xFE, 0x0A, 0x00, 0xA0, 0x0A, 0x00, 0xA0, 0x0A, 0x00, 0xA0, 0x0A, 0x00, 0xA0, 0x0A,
    0x00, 0xA0, 0x0A, 0x00, 0xA0, 0x0A, 0x00, 0xA0, 0x0A, 0x00, 0x00, 0x00, 0x00, 0xF0, 0x35, 0xCA,
    0x0A, 0x2A, 0x80, 0xA0, 0x0A, 0x00, 0xA0, 0x0A, 0x00, 0xA0, 0x0A, 0x00, 0xA0, 0x0A, 0x00, 0xA0,
    0x0A, 0x00, 0xA0, 0x0A, 0x00, 0xA0, 0x0A, 0x00, 0xA0, 0x0A, 0x00, 0x00, 0x00, 0x0B, 0xE0, 0x0A,
    0x00, 0xA0, 0x0A, 0x0F, 0xFF, 0x0A, 0x00, 0xA0, 0x0A, 0x00, 0xA0, 0x0A, 0x00, 0xA0, 0x0A, 0x00,
    0xA0, 0x0A, 0x00, 0xA0, 0x0A, 0x00, 0xA0, 0x0A, 0x00, 0xA0, 0x0A, 0x00, 0x00, 0x00, 0x00, 0x00,
    0x00, 0x1F, 0xFE, 0x00, 0x0B, 0xFF, 0xF0, 0x02, 0xFF, 0xFE, 0x00, 0x3F, 0xC0, 0x00, 0x07, 0xF4,
    0x00, 0x00, 0x7F, 0x01, 0x55, 0x57, 0xF0, 0xBF, 0xFE, 0x7F, 0x0B, 0xFF, 0xE7, 0xF4, 0xBF, 0x55,
    0x3F, 0x8B, 0xF0, 0x02, 0xFF, 0xFF, 0xFD, 0x0F, 0xFF, 0xFF, 0xD0, 0x1F, 0xFF, 0xFD, 0x00, 0x0B,
    0xF0, 0x00, 0x00, 0xBF, 0x00, 0x00, 0x0B, 0xFF, 0xE0, 0x00, 0xBF, 0xFE, 0x00, 0x0B, 0xFF, 0xE0,
    0x00, 0x00, 0xF0, 0xE0, 0x00, 0x03, 0xC7, 0x40, 0x01, 0xFF, 0xFE, 0x00, 0x3F, 0xFF, 0xFD, 0x03,
    0xFF, 0xFF, 0xF0, 0x3F, 0xEF, 0x1E, 0x81, 0xFE, 0x3C, 0x74, 0x0F, 0xF0, 0xE2, 0xC0, 0x3F, 0xC7,
    0x4F, 0x00, 0xFE, 0x2C, 0x38, 0x03, 0xF8, 0xF1, 0xE0, 0x0F, 0xE3, 0x87, 0x40, 0x3F, 0xDE, 0x2C,
    0x00, 0xBF, 0xF4, 0xF0, 0x01, 0xFF, 0xC3, 0x80, 0x02, 0xFF, 0xEF, 0xF8, 0x02, 0xFF, 0xFF, 0xE0,
    0x02, 0xFF, 0xFF, 0x80, 0x07, 0x5F, 0x50, 0x00, 0x2C, 0x38, 0x00, 0x00, 0x50, 0x40, 0x00, 0x00,
    0x00, 0x00, 0x00, 0x01, 0xFF, 0xF8, 0x00, 0xFF, 0xFF, 0xE0, 0x3F, 0xFF, 0xFC, 0x0B, 0xFC, 0x01,
    0x80, 0xFF, 0x00, 0x00, 0x2F, 0xD0, 0x00, 0x03, 0xFC, 0x00, 0x00, 0x3F, 0xC2, 0xE3, 0xE3, 0xF8,
    0x3F, 0xBD, 0x3F, 0x83, 0xFF, 0xD3, 0xF8, 0x3F, 0xD0, 0x3F, 0xC3, 0xF8, 0x02, 0xFC, 0x3F, 0x80,
    0x1F, 0xE3, 0xF8, 0x00, 0xFF, 0x7F, 0x84, 0x07, 0xFF, 0xFF, 0xC0, 0x2F, 0xFF, 0xFC, 0x00, 0x7F,
    0xFF, 0x80, 0x00, 0x00, 0x00, 0x0B, 0xFF, 0xFF, 0xC3, 0xFF, 0xFF, 0xF0, 0xFF, 0xFF, 0xFC, 0x3F,
    0xD5, 0x54, 0x0F, 0xF0, 0x00, 0x03, 0xFC, 0x00, 0x00, 0xFF, 0x00, 0x00, 0x3F, 0xEA, 0xA9, 0x0F,
    0xFF, 0xFF, 0x83, 0xFF, 0xFF, 0xE0, 0xFF, 0x55, 0x50, 0x3F, 0xC0, 0x00, 0x1F, 0xF5, 0x50, 0x2F,
    0xFF, 0xFC, 0x07, 0xFF, 0xFE, 0x00, 0x3F, 0xC0, 0x00, 0x0F, 0xF0, 0x00, 0x03, 0xFC, 0x00, 0x00,
    0x00, 0x00, 0x00, 0x00, 0x1F, 0xFE, 0x40, 0x2F, 0xFF, 0xF0, 0x1F, 0xFF, 0xF8, 0x0B, 0xF4, 0x04,
    0x03, 0xFC, 0x00, 0x00, 0xFF, 0x00, 0x02, 0xBF, 0xEA, 0x80, 0xFF, 0xFF, 0xF4, 0x2B, 0xFE, 0xA8,
    0x00, 0xFF, 0x00, 0x03, 0xFF, 0xFF, 0xD0, 0xFF, 0xFF, 0xF4, 0x03, 0xFC, 0x00, 0x00, 0xFD, 0x00,
    0x01, 0xFE, 0x00, 0x00, 0xFF, 0xFF, 0xFF, 0xFF, 0xFF, 0xFF, 0xFF, 0xFF, 0xFF, 0xFC, 0x00, 0x00,
    0x00, 0x0A, 0x40, 0x00, 0x00, 0x00, 0x01, 0xF0, 0x00, 0x00, 0x00, 0x00, 0x3E, 0x00, 0x02, 0xA0,
    0xBF, 0x87, 0xFF, 0x90, 0x3F, 0x7F, 0xFF, 0xFF, 0xFF, 0x83, 0xFF, 0xFF, 0xFF, 0xFF, 0xFC, 0x3F,
    0xF0, 0xBF, 0xF4, 0x3F, 0xD3, 0xFC, 0x03, 0xFE, 0x01, 0xFE, 0x3F, 0xC0, 0x2F, 0xD0, 0x0F, 0xE3,
    0xF8, 0x02, 0xFC, 0x00, 0xFE, 0x3F, 0x80, 0x2F, 0xC0, 0x0F, 0xE3, 0xF8, 0x03, 0xFC, 0x00, 0xFE,
    0x3F, 0x80, 0xBF, 0xC0, 0x0F, 0xE3, 0xF8, 0x0F, 0xFC, 0x00, 0xFE, 0x3F, 0x81, 0xFF, 0xC0, 0x0F,
    0xE3, 0xF8, 0x3F, 0xFC, 0x00, 0xFE, 0x3F, 0x87, 0xFF, 0xC0, 0x0F, 0xE0, 0x00, 0xF8, 0x00, 0x00,
    0x00, 0x00, 0x1F, 0x00, 0x00, 0x00, 0x00, 0x02, 0xE0, 0x00, 0x00, 0x00, 0x1F, 0xE0, 0x0F, 0x80,
    0x7F, 0xC0, 0x3E, 0x01, 0xFF, 0x40, 0xF8, 0x07, 0xFE, 0x03, 0xE0, 0x1F, 0xBC, 0x0F, 0x80, 0x7D,
    0xF4, 0x3E, 0x0B, 0xFF, 0xFA, 0xFE, 0x3F, 0xFF, 0xFF, 0xFC, 0x1F, 0x9F, 0x5F, 0x80, 0x7D, 0x3D,
    0x3E, 0x0F, 0xFF, 0xFF, 0xFF, 0x2F, 0xFF, 0xFF, 0xFC, 0x1F, 0x43, 0xDF, 0x80, 0x7D, 0x0B, 0xBE,
    0x01, 0xF4, 0x1F, 0xF8, 0x07, 0xD0, 0x3F, 0xE0, 0x1F, 0x40, 0xFF, 0x80, 0x7D, 0x01, 0xFE, 0x00,
    0x3F, 0xFE, 0x40, 0x00, 0x00, 0x0F, 0xFF, 0xFD, 0x00, 0x00, 0x03, 0xFF, 0xFF, 0xD0, 0x00, 0x00,
    0xFE, 0x1F, 0xFC, 0x00, 0x00, 0x3F, 0x80, 0xFF, 0x00, 0x00, 0x0F, 0xE0, 0x2F, 0xC1, 0xF0, 0x03,
    0xF8, 0x0B, 0xF0, 0xBC, 0x00, 0xFE, 0x03, 0xFC, 0x3F, 0x54, 0x3F, 0x9B, 0xFE, 0x7F, 0xFF, 0x0F,
    0xFF, 0xFF, 0x3F, 0xFF, 0xC3, 0xFF, 0xFF, 0x06, 0xFD, 0x50, 0xFF, 0xA4, 0x00, 0x7F, 0x00, 0x3F,
    0x80, 0x00, 0x1F, 0xC0, 0x0F, 0xE0, 0x00, 0x07, 0xF0, 0x03, 0xF8, 0x00, 0x01, 0xFC, 0x00, 0xFE,
    0x00, 0x00, 0x7F, 0xE9, 0x3F, 0x80, 0x00, 0x0F, 0xFF, 0x4F, 0xE0, 0x00, 0x00, 0xFF, 0xC0, 0x00,
    0x00, 0x00, 0x00, 0x00, 0x3F, 0xFE, 0x40, 0x00, 0x00, 0x03, 0xFF, 0xFF, 0x00, 0x00, 0x00, 0x3F,
    0xFF, 0xF8, 0x00, 0x00, 0x03, 0xF9, 0x7F, 0xC0, 0x00, 0x00, 0x3F, 0x41, 0xFC, 0x06, 0xFE, 0x03,
    0xF4, 0x1F, 0xC2, 0xFF, 0xFC, 0x3F, 0x41, 0xFC, 0x7F, 0xFF, 0x83, 0xF4, 0x3F, 0xCB, 0xF0, 0x10,
    0x3F, 0xFF, 0xF4, 0xBF, 0x00, 0x03, 0xFF, 0xFD, 0x07, 0xFD, 0x00, 0x3F, 0xFF, 0xC0, 0x2F, 0xFD,
    0x03, 0xF9, 0xFD, 0x00, 0xBF, 0xF4, 0x3F, 0x4F, 0xF0, 0x00, 0xBF, 0xC3, 0xF4, 0xBF, 0x40, 0x02,
    0xFC, 0x3F, 0x43, 0xF8, 0x00, 0x1F, 0xC3, 0xF4, 0x2F, 0xCB, 0x97, 0xFC, 0x3F, 0x40, 0xFE, 0xBF,
    0xFF, 0x43, 0xF4, 0x0F, 0xF7, 0xFF, 0xD0, 0x00, 0x00, 0x00, 0x00, 0x00, 0x00, 0x7D, 0x01, 0xFC,
    0x03, 0xE1, 0xF8, 0x0B, 0xF0, 0x0F, 0x83, 0xF0, 0x3F, 0xC0, 0x7E, 0x0F, 0xC0, 0xFF, 0x41, 0xF4,
    0x3F, 0x03, 0xEE, 0x0B, 0xC0, 0xBC, 0x1F, 0xB8, 0x2F, 0x02, 0xF4, 0x7D, 0xF0, 0xFC, 0x07, 0xD2,
    0xE3, 0xC3, 0xE0, 0xBF, 0xFF, 0xFF, 0xFF, 0xF2, 0xFF, 0xFF, 0xFF, 0xFF, 0xC0, 0xFC, 0xF4, 0xF9,
    0xF4, 0x02, 0xF7, 0xC2, 0xEB, 0xC0, 0x0B, 0xDF, 0x0B, 0xEF, 0x00, 0x1F, 0xBC, 0x1F, 0xF8, 0x00,
    0x3F, 0xE0, 0x3F, 0xE0, 0x00, 0xFF, 0x40, 0xFF, 0x40, 0x03, 0xFD, 0x03, 0xFC, 0x00, 0x0B, 0xF0,
    0x0B, 0xF0, 0x00, 0xBF, 0xFF, 0xE4, 0x01, 0xFB, 0xFF, 0xFF, 0xF8, 0x07, 0xFF, 0xFF, 0xFF, 0xF8,
    0x1F, 0xFF, 0x40, 0x0B, 0xF0, 0x7F, 0xFD, 0x05, 0x0F, 0xD1, 0xFF, 0xF4, 0xBE, 0x2F, 0x87, 0xFF,
    0xD2, 0xF8, 0xBE, 0x1F, 0xFF, 0x4B, 0xE2, 0xF8, 0x7F, 0xFD, 0x2F, 0x8B, 0xE1, 0xFF, 0xF4, 0xBE,
    0x2F, 0x87, 0xFF, 0xD2, 0xF8, 0xBE, 0x1F, 0xFF, 0x4B, 0xE2, 0xF8, 0x7F, 0xFD, 0x2F, 0x8B, 0xE2,
    0xFF, 0xF4, 0xBE, 0x15, 0x4F, 0xEF, 0xD2, 0xF8, 0x00, 0x7F, 0x7F, 0x4B, 0xFA, 0xAF, 0xFC, 0xFD,
    0x2F, 0xFF, 0xFF, 0xC3, 0xF4, 0xBF, 0xFF, 0xF4, 0x00, 0x00, 0x00, 0x3F, 0xC0, 0x00, 0x00, 0xFF,
    0x00, 0x02, 0xFF, 0xFF, 0xC0, 0x0B, 0xFF, 0xFF, 0x00, 0x15, 0x7F, 0xD4, 0x00, 0x00, 0xFF, 0x00,
    0x3F, 0xE2, 0xFC, 0x07, 0xFF, 0xFB, 0xF0, 0x3F, 0xFF, 0xFF, 0xC1, 0xFF, 0x42, 0xFF, 0x0B, 0xF8,
    0x03, 0xFC, 0x3F, 0xD0, 0x0B, 0xF0, 0xFF, 0x40, 0x2F, 0xC3, 0xFD, 0x00, 0xBF, 0x0B, 0xF8, 0x03,
    0xFC, 0x1F, 0xF0, 0x1F, 0xF0, 0x3F, 0xFF, 0xFF, 0xC0, 0x7F, 0xFE, 0xFF, 0x00, 0x7F, 0xE1, 0xFC,
    0x00, 0x00, 0x00, 0x00, 0x00, 0x00, 0x00, 0x00, 0x3F, 0xFF, 0xFC, 0x00, 0xFF, 0xFF, 0xF0, 0x00,
    0x00, 0x06, 0xFF, 0x80, 0x00, 0xBF, 0xFF, 0xC0, 0x0F, 0xFF, 0xFD, 0x00, 0xBF, 0xD0, 0x60, 0x03,
    0xFC, 0x00, 0x00, 0x1F, 0xD0, 0x00, 0x02, 0xFF, 0xAA, 0x80, 0x0F, 0xFF, 0xFF, 0x00, 0x2F, 0xFA,
    0xA8, 0x00, 0x3F, 0xC0, 0x00, 0x03, 0xFF, 0xFF, 0x40, 0x0F, 0xFF, 0xFD, 0x00, 0x0B, 0xF4, 0x00,
    0x00, 0x0F, 0xE0, 0x00, 0x00, 0x2F, 0xE0, 0x04, 0x00, 0x3F, 0xFF, 0xF4, 0x00, 0x7F, 0xFF, 0xD0,
    0x00, 0x2F, 0xFF, 0x40, 0x00, 0x00, 0x00, 0x00, 0x0F, 0xD0, 0x0B, 0xF0, 0x3F, 0x80, 0x7F, 0x40,
    0xFE, 0x03, 0xFC, 0x03, 0xF8, 0x2F, 0xC0, 0x0F, 0xE0, 0xFE, 0x00, 0x3F, 0x8B, 0xF0, 0x00, 0xFE,
    0x7F, 0x40, 0x03, 0xFB, 0xF8, 0x00, 0xFF, 0xFF, 0xFF, 0xC3, 0xFF, 0xFF, 0xFF, 0x06, 0xFF, 0xFF,
    0x94, 0x03, 0xF8, 0xFE, 0x00, 0x0F, 0xE2, 0xFC, 0x00, 0x3F, 0x83, 0xF8, 0x00, 0xFE, 0x0B, 0xF4,
    0x03, 0xF8, 0x0F, 0xF0, 0x0F, 0xE0, 0x2F, 0xD0, 0x3F, 0x80, 0x3F, 0xC0, 0x7F, 0xFF, 0xFF, 0xEB,
    0xFF, 0xFF, 0xFF, 0xBF, 0xFF, 0xFF, 0xF1, 0x57, 0xFD, 0x54, 0x00, 0x2F, 0xC5, 0x00, 0x02, 0xFE,
    0xF0, 0x00, 0x2F, 0xFD, 0x00, 0x02, 0xFE, 0x00, 0x00, 0x3F, 0xC0, 0x00, 0x2F, 0xFC, 0xF0, 0x0B,
    0xFF, 0xFE, 0x00, 0x22, 0xFF, 0x40, 0x00, 0x3F, 0xC0, 0x00, 0x0B, 0xFC, 0x00, 0x07, 0xFF, 0xC0,
    0x00, 0x76, 0xFC, 0x00, 0x00, 0x2F, 0xC0, 0x00, 0x02, 0xFC, 0x00, 0x00, 0x00, 0x00, 0x00, 0x00,
    0x00, 0x06, 0xFF, 0xF9, 0x00, 0x00, 0x00, 0x07, 0xFF, 0xFF, 0xF0, 0x00, 0x00, 0x00, 0xFF, 0xFF,
    0xFF, 0x00, 0x00, 0x00, 0x14, 0x00, 0x7F, 0xF0, 0x00, 0x00, 0x00, 0x6A, 0x03, 0xFD, 0x00, 0x00,
    0x00, 0x2F, 0xC0, 0x7F, 0x80, 0x00, 0x00, 0x0F, 0xE0, 0x0F, 0xE0, 0x00, 0x00, 0x03, 0xF4, 0x03,
    0xFC, 0x00, 0x00, 0x01, 0xFC, 0x00, 0xFF, 0x00, 0x00, 0x00, 0xBF, 0x00, 0x3F, 0x80, 0x69, 0x00,
    0x3F, 0xC0, 0x1F, 0xE0, 0xFF, 0xF4, 0x0F, 0xE0, 0x0B, 0xF0, 0xFF, 0xFF, 0x03, 0xF4, 0x03, 0xFC,
    0xBE, 0x0B, 0xD1, 0xFC, 0x03, 0xFD, 0x3F, 0x01, 0xF4, 0xBF, 0x0B, 0xFE, 0x0F, 0xC0, 0xBD, 0x3F,
    0xFF, 0xFE, 0x07, 0xF4, 0x7F, 0x0F, 0xFF, 0xFD, 0x02, 0xFF, 0xFF, 0x87, 0xFF, 0xE4, 0x00, 0xFE,
    0xFF, 0x40, 0x00, 0x00, 0x00, 0x3F, 0x00, 0x00, 0x00, 0x00, 0x00, 0x1F, 0xC0, 0x00, 0x00, 0x00,
    0x00, 0x07, 0xE0, 0x00, 0x00, 0x00, 0x00, 0x02, 0xF4, 0x00, 0x00, 0x00, 0x00, 0x00, 0xFC, 0x00,
    0x00, 0x00, 0x00, 0x00, 0x3F, 0x00, 0x00, 0x00, 0x00, 0x00, 0x00, 0x00, 0x00, 0x7F, 0xE0, 0x00,
    0x1F, 0xFF, 0xC0, 0x03, 0xFF, 0xFD, 0x00, 0x3F, 0x4B, 0xE0, 0x07, 0xF4, 0x7E, 0x00, 0x7F, 0x4B,
    0xE0, 0x03, 0xF8, 0xBE, 0x00, 0x3F, 0xCF, 0xC0, 0x01, 0xFF, 0xFC, 0x00, 0x0F, 0xFF, 0x00, 0x00,
    0x7F, 0xE0, 0x01, 0x03, 0xFD, 0x00, 0x3C, 0x3F, 0xE0, 0x0B, 0xDB, 0xFF, 0x00, 0xFF, 0xFF, 0xF8,
    0x2F, 0xFF, 0x3F, 0xC3, 0xD7, 0xD1, 0xFD, 0xBC, 0x38, 0x0F, 0xE0, 0x00, 0x00, 0xFF, 0x00, 0x00,
    0x0F, 0xF0, 0x00, 0x00, 0xFF, 0x00, 0x01, 0xFF, 0xE0, 0x00, 0x2F, 0xFC, 0x00, 0x01, 0xFE, 0x00,
    0x1F, 0xFF, 0x90, 0x00, 0x7F, 0xFF, 0xF4, 0x01, 0xFF, 0xFF, 0xF0, 0x07, 0xF4, 0x2F, 0xE0, 0xFF,
    0xFF, 0xFF, 0xF2, 0xFF, 0xFF, 0xFF, 0xC1, 0xFD, 0x02, 0xFC, 0x1B, 0xFA, 0xAF, 0xF8, 0xFF, 0xFF,
    0xFF, 0xF0, 0x7F, 0x42, 0xFE, 0x01, 0xFE, 0xAF, 0xF0, 0x07, 0xFF, 0xFF, 0x40, 0x1F, 0xFF, 0xE0,
    0x00, 0x7F, 0x40, 0x00, 0x01, 0xFD, 0x00, 0x00, 0x07, 0xF4, 0x00, 0x00, 0x1F, 0xD0, 0x00, 0x00,
    0x7F, 0x40, 0x00, 0x00, 0x00, 0x01, 0xF0, 0x00, 0x00, 0x1B, 0xFF, 0xE0, 0x00, 0xFF, 0xFF, 0xFC,
    0x03, 0xFF, 0xFF, 0xF4, 0x0F, 0xFE, 0xF0, 0x70, 0x2F, 0xF1, 0xF0, 0x00, 0x3F, 0xD1, 0xF0, 0x00,
    0x7F, 0xC1, 0xF0, 0x00, 0x7F, 0x81, 0xF0, 0x00, 0xBF, 0x41, 0xFF, 0xFC, 0xBF, 0x41, 0xFF, 0xFC,
    0x7F, 0x41, 0xFF, 0xFC, 0x7F, 0x81, 0xF2, 0xFC, 0x3F, 0xC1, 0xF2, 0xFC, 0x3F, 0xE1, 0xF2, 0xFC,
    0x1F, 0xF9, 0xF2, 0xFC, 0x0B, 0xFF, 0xFF, 0xFC, 0x02, 0xFF, 0xFF, 0xFC, 0x00, 0x7F, 0xFF, 0xE4,
    0x00, 0x01, 0xF0, 0x00, 0x00, 0x01, 0xF0, 0x00, 0x00, 0x0F, 0xF4, 0x00, 0x00, 0x07, 0xFE, 0x00,
    0x00, 0x03, 0xFF, 0xC0, 0x00, 0x00, 0xFF, 0xF4, 0x00, 0x00, 0x7F, 0xBE, 0x00, 0x00, 0x3F, 0x9F,
    0xC0, 0x00, 0x0F, 0xE7, 0xF4, 0x03, 0xFF, 0xFF, 0xFF, 0xFC, 0xAB, 0xFE, 0xBF, 0xEA, 0x00, 0xFD,
    0x03, 0xF4, 0x06, 0xBF, 0xAA, 0xFF, 0xA3, 0xFF, 0xFF, 0xFF, 0xFC, 0x1F, 0xE5, 0x57, 0xF9, 0x07,
    0xF0, 0x00, 0xFE, 0x03, 0xFC, 0x00, 0x2F, 0xC0, 0xFE, 0x00, 0x07, 0xF4, 0x7F, 0x40, 0x00, 0xFE,
    0x3F, 0xC0, 0x00, 0x2F, 0xC0, 0x00, 0x00, 0x00, 0x00, 0x0B, 0xFF, 0xD0, 0x01, 0xFF, 0xFF, 0xE0,
    0x03, 0xFF, 0xFF, 0xD0, 0x0B, 0x40, 0x7F, 0xC0, 0x00, 0x00, 0xFF, 0x00, 0x00, 0x03, 0xFC, 0x2A,
    0xAA, 0xBF, 0xF8, 0xFF, 0xFF, 0xFF, 0xF0, 0x07, 0xFF, 0xF4, 0x00, 0x3F, 0xFE, 0x00, 0x3F, 0xFF,
    0xFF, 0xFC, 0xBF, 0xFF, 0xFF, 0xF0, 0xBF, 0x00, 0x00, 0x02, 0xFC, 0x00, 0x00, 0x0B, 0xF8, 0x01,
    0xA0, 0x0F, 0xFF, 0xFF, 0xC0, 0x2F, 0xFF, 0xFF, 0x00, 0x1F, 0xFF, 0xE4, 0x00, 0x00, 0x00, 0x00,
    0x00, 0x01, 0xF0, 0x00, 0x00, 0xBF, 0xFD, 0x00, 0x1F, 0xFF, 0xFF, 0x01, 0xFF, 0xFF, 0xF8, 0x0F,
    0xF9, 0xF6, 0xC0, 0xBF, 0x87, 0xC0, 0x03, 0xFC, 0x1F, 0x00, 0x1F, 0xE0, 0x7C, 0x00, 0x7F, 0x41,
    0xF0, 0x02, 0xFD, 0x07, 0xC0, 0x0B, 0xF4, 0x1F, 0x00, 0x1F, 0xD0, 0x7C, 0x00, 0x7F, 0x81, 0xF0,
    0x00, 0xFF, 0x07, 0xC0, 0x03, 0xFD, 0x1F, 0x00, 0x07, 0xFE, 0x7C, 0x64, 0x0F, 0xFF, 0xFF, 0xD0,
    0x0F, 0xFF, 0xFF, 0x40, 0x07, 0xFF, 0xF8, 0x00, 0x00, 0x7C, 0x00, 0x00, 0x01, 0xF0, 0x00, 0x00,
    0xA0, 0x06, 0x40, 0x00, 0xBC, 0x03, 0xE0, 0x00, 0x3F, 0x02, 0xF8, 0x00, 0x2F, 0xEA, 0xFF, 0xA9,
    0x3F, 0xFF, 0xFF, 0xFF, 0x5F, 0xFF, 0xFF, 0xFF, 0xD0, 0xBF, 0x07, 0xF8, 0x00, 0x2F, 0xC0, 0xFE,
    0x00, 0x0B, 0xF0, 0x3F, 0x80, 0x02, 0xFC, 0x0F, 0xE0, 0x00, 0xBF, 0x03, 0xF8, 0x00, 0x2F, 0xC0,
    0xFE, 0x00, 0x0B, 0xF0, 0x3F, 0x80, 0x02, 0xFC, 0x0F, 0xF0, 0x00, 0xBF, 0x03, 0xFF, 0xB8, 0x2F,
    0xC0, 0x7F, 0xFE, 0x0B, 0xF0, 0x0B, 0xFF, 0x40, 0x00, 0x00, 0x00, 0x00, 0x00, 0x00, 0x00, 0x00,
    0x00, 0x00, 0x07, 0xFF, 0xD0, 0x00, 0x02, 0xFF, 0xFF, 0xC0, 0x00, 0xBF, 0xFF, 0xF8, 0x00, 0x0F,
    0xF4, 0x1B, 0x00, 0x00, 0xFE, 0x00, 0x00, 0x00, 0x0F, 0xE0, 0x00, 0x00, 0x00, 0xFF, 0x80, 0x00,
    0x00, 0x07, 0xFF, 0x80, 0x00, 0x00, 0x2F, 0xFF, 0x40, 0x00, 0x00, 0x7F, 0xFE, 0x00, 0x00, 0x00,
    0x7F, 0xF8, 0x00, 0x00, 0x00, 0xBF, 0xC2, 0x92, 0xE1, 0xE1, 0xFC, 0x7F, 0xFF, 0xFF, 0xCF, 0xD7,
    0x7C, 0x3C, 0x3C, 0xFC, 0x3F, 0xC3, 0xC3, 0xEF, 0x80, 0xBF, 0xFE, 0xBF, 0xF0, 0x03, 0xEF, 0xFF,
    0xF4, 0x00, 0x38, 0x3C, 0x3C, 0x00, 0x03, 0x83, 0xC3, 0xC0, 0x00, 0x7F, 0xFF, 0xFF, 0xE7, 0xFF,
    0xFF, 0xFF, 0x7F, 0xFF, 0xFF, 0xF1, 0x55, 0x55, 0x55, 0x00, 0x00, 0x00, 0x07, 0xFF, 0xFF, 0xFE,
    0x7F, 0xFF, 0xFF, 0xF7, 0xFF, 0xFF, 0xFF, 0x15, 0x7F, 0xD5, 0x50, 0x03, 0xFC, 0x00, 0x00, 0x3F,
    0xC0, 0x00, 0x03, 0xFC, 0x00, 0x00, 0x3F, 0xC0, 0x00, 0x03, 0xFC, 0x00, 0x00, 0x3F, 0xC0, 0x00,
    0x03, 0xFC, 0x00, 0x00, 0x3F, 0xC0, 0x00, 0x03, 0xFC, 0x00, 0x7F, 0xFF, 0xFF, 0x7F, 0xFF, 0xFF,
    0x00, 0xBF, 0x40, 0x00, 0x3F, 0xC0, 0x7F, 0xFF, 0xFE, 0x7F, 0xFF, 0xFF, 0x00, 0x2F, 0xC0, 0x00,
    0x7F, 0x80, 0x6B, 0xFF, 0x00, 0x7F, 0xF8, 0x00, 0x3F, 0xC0, 0x00, 0x2F, 0xD0, 0x00, 0x0F, 0xF0,
    0x00, 0x07, 0xF8, 0x00, 0x03, 0xFD, 0x00, 0x01, 0xFF, 0x00, 0x00, 0xBF, 0x80, 0x00, 0x3F, 0xD0,
    0x07, 0xF0, 0x00, 0x00, 0x7F, 0x00, 0x00, 0x07, 0xF1, 0xB0, 0x00, 0x7F, 0xFF, 0x00, 0x0B, 0xFF,
    0x80, 0x0F, 0xFF, 0x40, 0x00, 0xFF, 0xF6, 0xF0, 0x04, 0x7F, 0xFF, 0x00, 0x1F, 0xFE, 0x40, 0x0F,
    0xFF, 0x00, 0xBE, 0xEB, 0xF0, 0x0F, 0xE0, 0x7F, 0x00, 0xFD, 0x07, 0xF0, 0x0F, 0xD0, 0x7F, 0x03,
    0xFC, 0x07, 0xF0, 0xBF, 0x40, 0x7F, 0xFF, 0xE0, 0x07, 0xFF, 0xF8, 0x00, 0x7F, 0xF9, 0x00, 0x00,
    0x00, 0x00, 0x00, 0x00, 0x00, 0x00, 0x00, 0x00, 0x1F, 0xF0, 0x00, 0x00, 0x00, 0x38, 0xBC, 0x00,
    0x00, 0x00, 0xB0, 0x3D, 0x00, 0x00, 0x00, 0xB4, 0x3E, 0x00, 0x00, 0x00, 0xBF, 0xFF, 0xFF, 0xFF,
    0x80, 0x3F, 0xFF, 0xFF, 0xFF, 0xF4, 0x1F, 0xFF, 0xFF, 0xFF, 0xFC, 0x01, 0x7E, 0x55, 0x55, 0xBE,
    0x00, 0x3E, 0x04, 0x00, 0x0F, 0x00, 0x3E, 0x2E, 0x3C, 0x0F, 0x00, 0x3F, 0xFF, 0xFF, 0x1E, 0x00,
    0x2F, 0xD3, 0xEB, 0xFC, 0x00, 0x3F, 0x01, 0x81, 0xA0, 0x00, 0xFF, 0x80, 0x00, 0x00, 0x02, 0xDF,
    0xE4, 0x01, 0x00, 0x00, 0x03, 0xFF, 0xFF, 0x00, 0x00, 0x01, 0xFF, 0xFF, 0x00, 0x00, 0x00, 0x2F,
    0xFF, 0x00, 0x00, 0x00, 0x00, 0x00, 0x00, 0x00, 0x00, 0xBE, 0x00, 0x00, 0x00, 0x00, 0xFE, 0x00,
    0x00, 0x00, 0x00, 0xFE, 0x00, 0x00, 0x00, 0x00, 0xFE, 0x00, 0x00, 0x00, 0x00, 0xFE, 0x00, 0x00,
    0x00, 0x2F, 0xFF, 0xF9, 0x00, 0x02, 0xFF, 0xFF, 0xFF, 0x80, 0x0F, 0xFF, 0xFF, 0xFF, 0xF0, 0x2F,
    0xF4, 0xFE, 0x1F, 0xF8, 0x3F, 0xC0, 0xFE, 0x03, 0xFC, 0x7F, 0x40, 0xFE, 0x01, 0xFD, 0xBF, 0x00,
    0xFE, 0x00, 0xFD, 0xBF, 0x00, 0xFE, 0x00, 0xFE, 0xBF, 0x00, 0xBD, 0x00, 0xFE, 0xBF, 0x00, 0x00,
    0x00, 0xFE, 0xBF, 0x00, 0x00, 0x00, 0xFE, 0xBF, 0x00, 0x00, 0x00, 0xFE, 0xBF, 0x00, 0x00, 0x00,
    0xFE, 0x0B, 0xFF, 0xF9, 0x00, 0x3F, 0xFF, 0xFF, 0x00, 0xFF, 0xFF, 0xFF, 0x03, 0xFD, 0x5B, 0xFD,
    0x0F, 0xF0, 0x07, 0xF8, 0x3F, 0xC0, 0x1F, 0xE0, 0xFF, 0x00, 0x7F, 0x43, 0xFD, 0x1B, 0xFC, 0xFF,
    0xFF, 0xFF, 0xE3, 0xFF, 0xFF, 0xFE, 0x0B, 0xFF, 0xFF, 0x90, 0x03, 0xFC, 0x00, 0x00, 0x0F, 0xF0,
    0x00, 0x03, 0xFF, 0xFF, 0xC0, 0x0F, 0xFF, 0xFF, 0x00, 0x07, 0xFD, 0x54, 0x00, 0x0F, 0xF0, 0x00,
    0x00, 0x3F, 0xC0, 0x00, 0x00, 0x00, 0x01, 0x04, 0x00, 0x00, 0x00, 0xB5, 0xE0, 0x00, 0x00, 0x0F,
    0xFE, 0x00, 0x00, 0x0B, 0xFF, 0xFE, 0x00, 0x07, 0xFF, 0xFF, 0xFC, 0x00, 0xFF, 0xF5, 0xFF, 0xF0,
    0x2F, 0xDB, 0x5E, 0xBF, 0x43, 0xFC, 0xB5, 0xE3, 0xFC, 0x7F, 0x8B, 0x5E, 0x2F, 0xCB, 0xF4, 0xB5,
    0xE2, 0xFD, 0xBF, 0x4B, 0x5E, 0x1F, 0xDB, 0xF4, 0x10, 0x40, 0x54, 0x7F, 0x40, 0x00, 0x00, 0x03,
    0xFC, 0x00, 0x00, 0x00, 0x2F, 0xC0, 0x00, 0x00, 0x00, 0xFF, 0x00, 0x00, 0x00, 0x03, 0xFE, 0x00,
    0x00, 0x01, 0xFF, 0xFF, 0xFF, 0xF4, 0x2F, 0xFF, 0xFF, 0xFF, 0x42, 0xFF, 0xFF, 0xFF, 0xF4, 0x01,
    0x05, 0x00, 0x03, 0x8F, 0x00, 0x03, 0x8F, 0x00, 0xBF, 0xFF, 0x40, 0xFF, 0xFF, 0xE0, 0xFF, 0xFF,
    0xF8, 0xFF, 0x5B, 0xFC, 0xFF, 0x03, 0xFC, 0xFF, 0x03, 0xFC, 0xFF, 0x03, 0xFC, 0xFF, 0xFF, 0xF4,
    0xFF, 0xFF, 0xD0, 0xFF, 0xFF, 0xF4, 0xFF, 0x07, 0xFC, 0xFF, 0x02, 0xFD, 0xFF, 0x01, 0xFD, 0xFF,
    0x02, 0xFD, 0xFF, 0x07, 0xFD, 0xFF, 0xFF, 0xFC, 0xFF, 0xFF, 0xF0, 0xFF, 0xFF, 0x40, 0x03, 0x8F,
    0x00, 0x03, 0x8F, 0x00, 0x01, 0x05, 0x00, 0x00, 0xBF, 0xE0, 0x0B, 0xFF, 0xFC, 0x2F, 0xFF, 0xF4,
    0x3F, 0xD0, 0x60, 0xBF, 0x40, 0x00, 0xFF, 0x00, 0x00, 0xFF, 0x00, 0x00, 0xFF, 0x00, 0x00, 0xFF,
    0x00, 0x00, 0xBF, 0x40, 0x00, 0x7F, 0xC0, 0x14, 0x3F, 0xFF, 0xF8, 0x0F, 0xFF, 0xF8, 0x02, 0xFF,
    0xF4, 0x00, 0x00, 0x00, 0x00, 0x00, 0x00, 0xFF, 0xFF, 0xFC, 0xFF, 0xFF, 0xFC, 0x55, 0x55, 0x54,
    0x00, 0x00, 0x00, 0x00, 0x1F, 0xF8, 0x00, 0x2F, 0xFF, 0xC0, 0x0F, 0xE7, 0xF8, 0x03, 0xF4, 0xBE,
    0x01, 0xFD, 0x2F, 0x80, 0x7F, 0x4B, 0xE0, 0x1F, 0xD3, 0xF0, 0x07, 0xF7, 0xF8, 0x01, 0xFF, 0xF8,
    0x01, 0xBF, 0xF4, 0x02, 0xFF, 0xE0, 0x00, 0xBF, 0xF4, 0x00, 0x01, 0xFD, 0x00, 0x00, 0x7F, 0x41,
    0xF0, 0x0F, 0xD0, 0xBC, 0x03, 0xFD, 0xBE, 0x00, 0x7F, 0xFF, 0x00, 0x07, 0xFF, 0x40, 0x00, 0x00,
    0x00, 0x7F, 0xFF, 0xA0, 0x00, 0xB7, 0xD5, 0xFE, 0x00, 0xB2, 0xC0, 0xE7, 0x80, 0xB2, 0xC0, 0xE2,
    0xC0, 0xB2, 0xC0, 0xE1, 0xC0, 0xB2, 0xC0, 0xE1, 0xC0, 0xB2, 0xC0, 0xE2, 0xC0, 0xB2, 0xC0, 0xE7,
    0x40, 0xB2, 0xD5, 0xFE, 0x00, 0xB2, 0xFF, 0xF0, 0x00, 0xB2, 0xCE, 0x38, 0x00, 0xB2, 0xC7, 0x0C,
    0x00, 0xB2, 0xC2, 0x8B, 0x00, 0xB2, 0xC0, 0xD3, 0x80, 0xB2, 0xC0, 0xB1, 0xC0, 0xB2, 0xC0, 0x38,
    0xB0, 0xB6, 0xC0, 0x1D, 0x74, 0xBF, 0xC0, 0x0B, 0xFC, 0x00, 0x2C, 0x00, 0x00, 0x00, 0x00, 0x00,
    0xB8, 0x00, 0x00, 0x00, 0x00, 0x02, 0xF0, 0x00, 0x00, 0x00, 0x00, 0x0B, 0xD0, 0x00, 0x00, 0x00,
    0x00, 0x7F, 0xFF, 0xFF, 0xFF, 0xFF, 0xFC, 0x7F, 0xFF, 0xFF, 0xFF, 0xFF, 0xFC, 0x0F, 0xC0, 0x00,
    0x00, 0x00, 0x00, 0x02, 0xF0, 0x00, 0x00, 0x00, 0x00, 0x00, 0xB4, 0x00, 0x00, 0x00, 0x00, 0x00,
    0x2C, 0x00, 0x00, 0x00, 0x00, 0x00, 0x10, 0x00, 0x01, 0xE0, 0x00, 0x0F, 0xC0, 0x00, 0xBF, 0xC0,
    0x0B, 0xFF, 0xC0, 0xBE, 0xEF, 0xC3, 0x87, 0x87, 0x40, 0x1E, 0x00, 0x00, 0x78, 0x00, 0x01, 0xE0,
    0x00, 0x07, 0x80, 0x00, 0x1E, 0x00, 0x00, 0x78, 0x00, 0x01, 0xE0, 0x00, 0x07, 0x80, 0x00, 0x1E,
    0x00, 0x00, 0x78, 0x00, 0x01, 0xE0, 0x00, 0x07, 0x80, 0x00, 0x1E, 0x00, 0x00, 0x78, 0x00, 0x01,
    0xE0, 0x00, 0x07, 0x80, 0x00, 0x00, 0x00, 0x00, 0x00, 0xB0, 0x00, 0x00, 0x00, 0x00, 0x00, 0x3C,
    0x00, 0x00, 0x00, 0x00, 0x00, 0x2F, 0x00, 0x00, 0x00, 0x00, 0x00, 0x0F, 0xC0, 0xBF, 0xFF, 0xFF,
    0xFF, 0xFF, 0xF8, 0xBF, 0xFF, 0xFF, 0xFF, 0xFF, 0xFC, 0x00, 0x00, 0x00, 0x00, 0x0F, 0xD0, 0x00,
    0x00, 0x00, 0x00, 0x2F, 0x00, 0x00, 0x00, 0x00, 0x00, 0x3C, 0x00, 0x00, 0x00, 0x00, 0x00, 0xB0,
    0x00, 0x00, 0x24, 0x00, 0x01, 0xE0, 0x00, 0x07, 0x80, 0x00, 0x1E, 0x00, 0x00, 0x78, 0x00, 0x01,
    0xE0, 0x00, 0x07, 0x80, 0x00, 0x1E, 0x00, 0x00, 0x78, 0x00, 0x01, 0xE0, 0x00, 0x07, 0x80, 0x00,
    0x1E, 0x00, 0x00, 0x78, 0x00, 0x01, 0xE0, 0x00, 0x07, 0x80, 0x00, 0x1E, 0x00, 0x10, 0x78, 0x14,
    0xF5, 0xE3, 0xD1, 0xFF, 0xFE, 0x01, 0xFF, 0xE0, 0x01, 0xFE, 0x00, 0x02, 0xF0, 0x00, 0x03, 0x40,
    0x00, 0x00, 0x2C, 0x00, 0x00, 0x02, 0xC0, 0x00, 0x0B, 0x80, 0x00, 0x00, 0x1F, 0x00, 0x02, 0xF0,
    0x00, 0x00, 0x00, 0xBC, 0x00, 0xBD, 0x00, 0x00, 0x00, 0x03, 0xF0, 0x7F, 0xFF, 0xFF, 0xFF, 0xFF,
    0xFF, 0xE7, 0xFF, 0xFF, 0xFF, 0xFF, 0xFF, 0xFE, 0x0F, 0xC0, 0x00, 0x00, 0x00, 0x3F, 0x40, 0x2F,
    0x00, 0x00, 0x00, 0x0B, 0xC0, 0x00, 0xB4, 0x00, 0x00, 0x00, 0xF0, 0x00, 0x02, 0xC0, 0x00, 0x00,
    0x2C, 0x00, 0x00, 0x10, 0x00, 0x01, 0xE0, 0x00, 0x0F, 0xC0, 0x00, 0xBF, 0xC0, 0x0B, 0xFF, 0xC0,
    0xBE, 0xEF, 0xC3, 0x87, 0x8B, 0x40, 0x1E, 0x00, 0x00, 0x78, 0x00, 0x01, 0xE0, 0x00, 0x07, 0x80,
    0x00, 0x1E, 0x00, 0x00, 0x78, 0x00, 0x01, 0xE0, 0x00, 0x07, 0x80, 0x00, 0x1E, 0x00, 0x00, 0x78,
    0x00, 0x01, 0xE0, 0x00, 0x07, 0x80, 0x04, 0x1E, 0x05, 0x3D, 0x78, 0xF4, 0x7F, 0xFF, 0x80, 0x7F,
    0xF8, 0x00, 0x7F, 0x80, 0x00, 0xBC, 0x00, 0x00, 0xD0, 0x00, 0x64, 0x00, 0x00, 0x00, 0x0B, 0xFF,
    0xF4, 0x00, 0x00, 0x7F, 0xF9, 0x00, 0x00, 0x03, 0xFC, 0x00, 0x00, 0x00, 0x3E, 0xF0, 0x00, 0x00,
    0x03, 0xCB, 0xC0, 0x00, 0x00, 0x38, 0x2F, 0x00, 0x00, 0x03, 0x40, 0xBC, 0x00, 0x00, 0x10, 0x02,
    0xF0, 0x00, 0x00, 0x00, 0x0B, 0xC0, 0x00, 0x00, 0x00, 0x2F, 0x00, 0x00, 0x00, 0x00, 0xBC, 0x00,
    0x00, 0x00, 0x02, 0xF0, 0x00, 0x00, 0x00, 0x0B, 0xC0, 0x00, 0x00, 0x00, 0x2F, 0x00, 0x00, 0x00,
    0x00, 0xBC, 0x00, 0x00, 0x00, 0x02, 0x80, 0x00, 0x00, 0x00, 0x00, 0x00, 0x00, 0x00, 0x05, 0x80,
    0x00, 0x03, 0xFF, 0xFC, 0x00, 0x00, 0x0B, 0xFF, 0xC0, 0x00, 0x00, 0x07, 0xF8, 0x00, 0x00, 0x01,
    0xFF, 0x80, 0x00, 0x00, 0x7D, 0x74, 0x00, 0x00, 0x1F, 0x43, 0x40, 0x00, 0x07, 0xD0, 0x38, 0x00,
    0x01, 0xF4, 0x01, 0x00, 0x00, 0x7D, 0x00, 0x00, 0x00, 0x1F, 0x40, 0x00, 0x00, 0x07, 0xD0, 0x00,
    0x00, 0x01, 0xF4, 0x00, 0x00, 0x00, 0x7D, 0x00, 0x00, 0x00, 0x1F, 0x40, 0x00, 0x00, 0x07, 0xD0,
    0x00, 0x00, 0x00, 0x34, 0x00, 0x00, 0x00, 0x00, 0x00, 0x00, 0x00, 0x00, 0x00, 0x00, 0x00, 0x00,
    0x03, 0x40, 0x00, 0x00, 0x00, 0x7D, 0x00, 0x00, 0x00, 0x01, 0xF4, 0x00, 0x00, 0x00, 0x07, 0xD0,
    0x00, 0x00, 0x00, 0x1F, 0x40, 0x00, 0x00, 0x00, 0x7D, 0x00, 0x00, 0x00, 0x01, 0xF4, 0x00, 0x00,
    0x00, 0x07, 0xD0, 0x00, 0x00, 0x00, 0x1F, 0x40, 0x10, 0x00, 0x00, 0x7D, 0x03, 0x80, 0x00, 0x01,
    0xF4, 0x34, 0x00, 0x00, 0x07, 0xD7, 0x40, 0x00, 0x00, 0x1F, 0xF8, 0x00, 0x00, 0x00, 0x7F, 0x80,
    0x00, 0x00, 0xBF, 0xFC, 0x00, 0x00, 0x3F, 0xFF, 0xC0, 0x00, 0x00, 0x00, 0x58, 0x00, 0x00, 0x00,
    0x00, 0x00, 0x00, 0x00, 0x00, 0x28, 0x00, 0x00, 0x00, 0x0B, 0xC0, 0x00, 0x00, 0x02, 0xF0, 0x00,
    0x00, 0x00, 0xBC, 0x00, 0x00, 0x00, 0x2F, 0x00, 0x00, 0x00, 0x0B, 0xC0, 0x00, 0x00, 0x02, 0xF0,
    0x00, 0x00, 0x00, 0xBC, 0x00, 0x01, 0x00, 0x2F, 0x00, 0x00, 0x34, 0x0B, 0xC0, 0x00, 0x03, 0x82,
    0xF0, 0x00, 0x00, 0x3C, 0xBC, 0x00, 0x00, 0x03, 0xEF, 0x00, 0x00, 0x00, 0x3F, 0xC0, 0x00, 0x00,
    0x07, 0xFF, 0x90, 0x00, 0x00, 0xBF, 0xFF, 0x40, 0x00, 0x06, 0x40, 0x00, 0x00, 0x00, 0x00, 0x2C,
    0x00, 0x03, 0xC0, 0x00, 0x00, 0xB8, 0x00, 0x0B, 0x40, 0x00, 0x02, 0xF0, 0x00, 0x0F, 0x00, 0x00,
    0x0B, 0xD0, 0x00, 0x2D, 0x00, 0x00, 0x7F, 0xFF, 0xFF, 0xFF, 0xFF, 0xFC, 0x7F, 0xFF, 0xFF, 0xFF,
    0xFF, 0xFC, 0x0F, 0xC0, 0x00, 0xF0, 0x00, 0x00, 0x02, 0xF0, 0x03, 0xD0, 0x00, 0x00, 0x00, 0xB4,
    0x07, 0x80, 0x00, 0x00, 0x00, 0x2C, 0x0F, 0x00, 0x00, 0x00, 0x00, 0x00, 0x07, 0x80, 0xB0, 0x00,
    0x00, 0x00, 0x0F, 0x00, 0x3C, 0x00, 0x00, 0x00, 0x1E, 0x00, 0x2F, 0x00, 0x00, 0x00, 0x3C, 0x00,
    0x0F, 0xC0, 0xBF, 0xFF, 0xFF, 0xFF, 0xFF, 0xF8, 0xBF, 0xFF, 0xFF, 0xFF, 0xFF, 0xFC, 0x00, 0x01,
    0xE0, 0x00, 0x0F, 0xD0, 0x00, 0x03, 0xC0, 0x00, 0x2F, 0x00, 0x00, 0x0B, 0x40, 0x00, 0x3C, 0x00,
    0x00, 0x0F, 0x00, 0x00, 0xB0, 0x00, 0x00, 0x00, 0x00, 0x00, 0x00, 0x00, 0xB9, 0x00, 0x00, 0x00,
    0x00, 0x00, 0xBF, 0xFF, 0x40, 0x00, 0x40, 0x00, 0x7F, 0xFD, 0x00, 0x0F, 0xF8, 0x00, 0x7F, 0x80,
    0x00, 0x7F, 0xFE, 0x00, 0x7F, 0xD0, 0x01, 0xFC, 0x1F, 0x80, 0x78, 0xF8, 0x07, 0xE0, 0x07, 0xE0,
    0x70, 0x3F, 0x6F, 0x80, 0x01, 0xF8, 0x70, 0x0F, 0xFE, 0x00, 0x00, 0x78, 0x10, 0x02, 0xF4, 0x00,
    0x00, 0x10, 0x00, 0x00, 0x00, 0x00, 0x00, 0x00, 0x00, 0x00, 0x00, 0x00, 0x00, 0x7C, 0x00, 0x05,
    0x00, 0x03, 0xFF, 0xFC, 0x00, 0x7F, 0xD0, 0x01, 0xBF, 0xF8, 0x01, 0xFF, 0xF4, 0x00, 0x07, 0xF8,
    0x07, 0xE0, 0xBE, 0x00, 0x0F, 0xB8, 0x0F, 0x80, 0x2F, 0x80, 0x7D, 0x78, 0x3E, 0x00, 0x07, 0xF6,
    0xF4, 0x38, 0x78, 0x00, 0x01, 0xFF, 0xE0, 0x2C, 0x10, 0x00, 0x00, 0x2F, 0x40, 0x10, 0x00, 0x2C,
    0x0B, 0x00, 0x00, 0x00, 0x00, 0xB8, 0x2E, 0x00, 0x00, 0x00, 0x02, 0xF0, 0xBC, 0x00, 0x00, 0x00,
    0x0B, 0xD2, 0xF4, 0x00, 0x00, 0x00, 0x7F, 0xFF, 0xFF, 0xFF, 0xFF, 0xFC, 0x7F, 0xFF, 0xFF, 0xFF,
    0xFF, 0xFC, 0x0F, 0xC3, 0xF0, 0x00, 0x00, 0x00, 0x02, 0xF0, 0xBC, 0x00, 0x00, 0x00, 0x00, 0xB4,
    0x2D, 0x00, 0x00, 0x00, 0x00, 0x2C, 0x0B, 0x00, 0x00, 0x00, 0x00, 0x10, 0x00, 0x01, 0xE0, 0x00,
    0x0F, 0xC0, 0x00, 0xBF, 0xC0, 0x0B, 0xFF, 0xC0, 0xBE, 0xEF, 0xC3, 0x87, 0x87, 0x40, 0x3F, 0x00,
    0x03, 0xFF, 0x00, 0x2F, 0xFF, 0x02, 0xF7, 0xAF, 0x1D, 0x1E, 0x1E, 0x00, 0x78, 0x00, 0x01, 0xE0,
    0x00, 0x07, 0x80, 0x00, 0x1E, 0x00, 0x00, 0x78, 0x00, 0x01, 0xE0, 0x00, 0x07, 0x80, 0x00, 0x1E,
    0x00, 0x00, 0x78, 0x00, 0x01, 0xE0, 0x00, 0x07, 0x80, 0x00, 0x00, 0x00, 0x02, 0xC0, 0xB0, 0x00,
    0x00, 0x00, 0x00, 0xF0, 0x3C, 0x00, 0x00, 0x00, 0x00, 0xBC, 0x2F, 0x00, 0x00, 0x00, 0x00, 0x3F,
    0x0F, 0xC0, 0xBF, 0xFF, 0xFF, 0xFF, 0xFF, 0xF8, 0xBF, 0xFF, 0xFF, 0xFF, 0xFF, 0xFC, 0x00, 0x00,
    0x00, 0x3F, 0x4F, 0xD0, 0x00, 0x00, 0x00, 0xBC, 0x2F, 0x00, 0x00, 0x00, 0x00, 0xF0, 0x3C, 0x00,
    0x00, 0x00, 0x02, 0xC0, 0xB0, 0x00, 0x00, 0x24, 0x00, 0x01, 0xE0, 0x00, 0x07, 0x80, 0x00, 0x1E,
    0x00, 0x00, 0x78, 0x00, 0x01, 0xE0, 0x00, 0x07, 0x80, 0x00, 0x1E, 0x00, 0x00, 0x78, 0x00, 0x01,
    0xE0, 0x00, 0x07, 0x80, 0x04, 0x1E, 0x05, 0x3D, 0x78, 0xB4, 0x7E, 0xFF, 0x80, 0x7F, 0xF8, 0x00,
    0x7F, 0x80, 0x10, 0xBC, 0x14, 0xF5, 0xE3, 0xD1, 0xFF, 0xFE, 0x01, 0xFF, 0xE0, 0x01, 0xFE, 0x00,
    0x02, 0xF0, 0x00, 0x03, 0x40, 0x00, 0x00, 0x2C, 0x00, 0x00, 0x00, 0x78, 0x00, 0xB8, 0x00, 0x00,
    0x00, 0xF0, 0x02, 0xF0, 0x00, 0x00, 0x03, 0xC0, 0x0B, 0xD0, 0x00, 0x00, 0x0B, 0x40, 0x7F, 0xFF,
    0xFF, 0xFF, 0xFE, 0x00, 0x7F, 0xFF, 0xFF, 0xFF, 0xFD, 0x00, 0x0F, 0xC0, 0x00, 0x00, 0x0F, 0x00,
    0x02, 0xF0, 0x00, 0x00, 0x03, 0xC0, 0x00, 0xB4, 0x00, 0x00, 0x01, 0xF0, 0x00, 0x2C, 0x00, 0x00,
    0x00, 0x78, 0x64, 0x00, 0x00, 0x00, 0x50, 0x00, 0x3D, 0x00, 0x00, 0x00, 0x78, 0x00, 0x0F, 0x00,
    0x00, 0x00, 0x3E, 0x00, 0x03, 0xC0, 0x00, 0x00, 0x0F, 0xC0, 0x01, 0xFF, 0xFF, 0xFF, 0xFF, 0xF8,
    0x00, 0xFF, 0xFF, 0xFF, 0xFF, 0xFC, 0x03, 0xD0, 0x00, 0x00, 0x0F, 0xD0, 0x0B, 0x40, 0x00, 0x00,
    0x2F, 0x00, 0x2E, 0x00, 0x00, 0x00, 0x3C, 0x00, 0x78, 0x00, 0x00, 0x00, 0xB0, 0x00, 0x00, 0x2C,
    0x00, 0x00, 0x00, 0x3C, 0x00, 0xB8, 0x00, 0x00, 0x00, 0x3C, 0x02, 0xF0, 0x00, 0x00, 0x00, 0x3C,
    0x0B, 0xD0, 0x00, 0x00, 0x00, 0x3C, 0x7F, 0xFF, 0xFF, 0xFF, 0xFF, 0xFC, 0x7F, 0xFF, 0xFF, 0xFF,
    0xFF, 0xFC, 0x0F, 0xC0, 0x00, 0x00, 0x00, 0x3C, 0x02, 0xF0, 0x00, 0x00, 0x00, 0x3C, 0x00, 0xB4,
    0x00, 0x00, 0x00, 0x3C, 0x00, 0x2C, 0x00, 0x00, 0x00, 0x3C, 0x00, 0x10, 0x00, 0x01, 0xE0, 0x00,
    0x0F, 0xD0, 0x00, 0xFF, 0xC0, 0x0B, 0xFF, 0xC0, 0xBD, 0xEB, 0xC7, 0x47, 0x87, 0x80, 0x1E, 0x00,
    0x00, 0x78, 0x00, 0x01, 0xE0, 0x00, 0x07, 0x80, 0x00, 0x1E, 0x00, 0x00, 0x78, 0x00, 0x01, 0xE0,
    0x00, 0x07, 0x80, 0x00, 0x1E, 0x00, 0x00, 0x78, 0x00, 0x01, 0xE0, 0x00, 0x07, 0x80, 0x00, 0x1E,
    0x00, 0x15, 0x79, 0x51, 0xFF, 0xFF, 0xE7, 0xFF, 0xFF, 0x80, 0xB0, 0x00, 0x00, 0x00, 0xB0, 0x00,
    0xB0, 0x00, 0x00, 0x00, 0x3C, 0x00, 0xB0, 0x00, 0x00, 0x00, 0x2F, 0x00, 0xB0, 0x00, 0x00, 0x00,
    0x0F, 0xC0, 0xBF, 0xFF, 0xFF, 0xFF, 0xFF, 0xF8, 0xBF, 0xFF, 0xFF, 0xFF, 0xFF, 0xFC, 0xB0, 0x00,
    0x00, 0x00, 0x0F, 0xD0, 0xB0, 0x00, 0x00, 0x00, 0x2F, 0x00, 0xB0, 0x00, 0x00, 0x00, 0x3C, 0x00,
    0xB0, 0x00, 0x00, 0x00, 0xB0, 0x00, 0x15, 0x55, 0x51, 0xFF, 0xFF, 0xE7, 0xFF, 0xFF, 0x80, 0x1E,
    0x00, 0x00, 0x78, 0x00, 0x01, 0xE0, 0x00, 0x07, 0x80, 0x00, 0x1E, 0x00, 0x00, 0x78, 0x00, 0x01,
    0xE0, 0x00, 0x07, 0x80, 0x00, 0x1E, 0x00, 0x00, 0x78, 0x00, 0x01, 0xE0, 0x00, 0x07, 0x80, 0x00,
    0x1E, 0x00, 0x00, 0x78, 0x00, 0x81, 0xE0, 0x53, 0xD7, 0x9F, 0x43, 0xFF, 0xF4, 0x03, 0xFF, 0x40,
    0x07, 0xF8, 0x00, 0x0B, 0xC0, 0x00, 0x0D, 0x00, 0x00, 0x10, 0x00, 0x01, 0xE0, 0x00, 0x0F, 0xD0,
    0x00, 0xFF, 0xC0, 0x0B, 0xFF, 0xC0, 0xFD, 0xEB, 0xC3, 0x47, 0x82, 0x80, 0x1E, 0x00, 0x00, 0x78,
    0x00, 0x01, 0xE0, 0x00, 0x07, 0x80, 0x00, 0x1E, 0x00, 0x00, 0x78, 0x00, 0x01, 0xE0, 0x00, 0x07,
    0x80, 0x00, 0x1E, 0x00, 0x00, 0x78, 0x00, 0x81, 0xE0, 0x93, 0xE7, 0x9F, 0x43, 0xFF, 0xF4, 0x03,
    0xFF, 0x40, 0x03, 0xF4, 0x00, 0x07, 0x80, 0x05, 0x5D, 0x54, 0x7F, 0xFF, 0xF9, 0xFF, 0xFF, 0xE0,
    0x00, 0x00, 0x00, 0x01, 0xFF, 0xE0, 0x00, 0x00, 0x00, 0x00, 0xFF, 0xFC, 0x00, 0x04, 0x00, 0x00,
    0x00, 0x2E, 0x00, 0x38, 0x00, 0x00, 0x00, 0x0F, 0x01, 0xF0, 0x00, 0x00, 0x00, 0x0F, 0x0B, 0xD0,
    0x00, 0x00, 0x00, 0x2E, 0x7F, 0xFF, 0xFF, 0xFF, 0xFF, 0xFC, 0x7F, 0xFF, 0xFF, 0xFF, 0xFF, 0xE0,
    0x0F, 0xC0, 0x00, 0x00, 0x00, 0x00, 0x02, 0xF0, 0x00, 0x00, 0x00, 0x00, 0x00, 0xB4, 0x00, 0x00,
    0x00, 0x00, 0x00, 0x2C, 0x00, 0x00, 0x00, 0x00, 0x0B, 0xFF, 0x40, 0x00, 0x00, 0x00, 0x3F, 0xFF,
    0x40, 0x00, 0x00, 0x00, 0x78, 0x00, 0x00, 0x00, 0x14, 0x00, 0xB0, 0x00, 0x00, 0x00, 0x2D, 0x00,
    0xB0, 0x00, 0x00, 0x00, 0x0F, 0x40, 0x78, 0x00, 0x00, 0x00, 0x07, 0xE0, 0x3F, 0xFF, 0xFF, 0xFF,
    0xFF, 0xFD, 0x0B, 0xFF, 0xFF, 0xFF, 0xFF, 0xFE, 0x00, 0x00, 0x00, 0x00, 0x03, 0xF4, 0x00, 0x00,
    0x00, 0x00, 0x0B, 0xC0, 0x00, 0x00, 0x00, 0x00, 0x1E, 0x00, 0x00, 0x00, 0x00, 0x00, 0x3C, 0x00,
    0x00, 0x00, 0x00, 0x00, 0x02, 0xFD, 0x00, 0x00, 0x00, 0x00, 0x01, 0xFF, 0xF4, 0x00, 0x04, 0x00,
    0x00, 0x3D, 0x03, 0xC0, 0x03, 0x80, 0x00, 0x03, 0x80, 0x2C, 0x01, 0xF0, 0x00, 0x00, 0x74, 0x02,
    0xC0, 0xBD, 0x00, 0x00, 0x07, 0x40, 0x7C, 0x7F, 0xFF, 0xFF, 0xFF, 0xFF, 0xFF, 0x07, 0xFF, 0xFF,
    0xFF, 0xFF, 0xFF, 0x80, 0x0F, 0xC0, 0x00, 0x00, 0xB4, 0x00, 0x00, 0x2F, 0x00, 0x00, 0x0B, 0x40,
    0x00, 0x00, 0xB4, 0x00, 0x00, 0xB4, 0x00, 0x00, 0x02, 0xC0, 0x00, 0x07, 0x40, 0x00, 0x0B, 0xF8,
    0x00, 0x00, 0x00, 0x00, 0x03, 0xFF, 0xE0, 0x00, 0x00, 0x00, 0x00, 0xB8, 0x0F, 0x40, 0x00, 0x05,
    0x00, 0x0B, 0x00, 0x38, 0x00, 0x00, 0x78, 0x00, 0xB0, 0x03, 0xC0, 0x00, 0x02, 0xE0, 0x07, 0xC0,
    0x3C, 0x00, 0x00, 0x0F, 0xC0, 0x2F, 0xFF, 0xFF, 0xFF, 0xFF, 0xFF, 0x80, 0x6F, 0xFF, 0xFF, 0xFF,
    0xFF, 0xFC, 0x00, 0x03, 0xC0, 0x00, 0x00, 0xBD, 0x00, 0x00, 0x3C, 0x00, 0x00, 0x1F, 0x00, 0x00,
    0x03, 0xC0, 0x00, 0x03, 0xC0, 0x00, 0x00, 0x3C, 0x00, 0x00, 0xB0, 0x00, 0x00, 0x04, 0x00, 0x00,
    0x00, 0x14, 0x00, 0x00, 0x1E, 0x00, 0x00, 0x00, 0x03, 0x80, 0x00, 0x1F, 0x00, 0x07, 0xE0, 0x00,
    0xBC, 0x00, 0x2F, 0x40, 0x03, 0xFE, 0x00, 0x0F, 0xD0, 0x7F, 0xFE, 0x02, 0xD3, 0xC0, 0x3F, 0xFE,
    0x1F, 0xFF, 0xC0, 0xF0, 0x74, 0x2F, 0xFF, 0xC0, 0xFC, 0x34, 0xB4, 0x0F, 0x0F, 0x2F, 0x80, 0x0B,
    0xCF, 0xFC, 0x01, 0xFF, 0x5F, 0x40, 0x00, 0xB4, 0xFC, 0x00, 0x1F, 0x4F, 0x00, 0x00, 0x0B, 0x00,
    0x00, 0x00, 0x07, 0x00, 0x00, 0x00, 0x2C, 0x00, 0x0B, 0x42, 0xC0, 0x00, 0x0B, 0x80, 0x00, 0xF0,
    0x1F, 0x00, 0x02, 0xF0, 0x00, 0x2D, 0x00, 0xBC, 0x00, 0xBD, 0x00, 0x03, 0xC0, 0x03, 0xF0, 0x7F,
    0xFF, 0xFF, 0xFF, 0xFF, 0xFF, 0xE7, 0xFF, 0xFF, 0xFF, 0xFF, 0xFF, 0xFE, 0x0F, 0xC0, 0x02, 0xD0,
    0x00, 0x3F, 0x40, 0x2F, 0x00, 0x3C, 0x00, 0x0B, 0xC0, 0x00, 0xB4, 0x0B, 0x40, 0x00, 0xF0, 0x00,
    0x02, 0xC0, 0xF0, 0x00, 0x2C, 0x00, 0x00, 0x00, 0x00, 0x00, 0x0B, 0x40, 0x00, 0x00, 0xF0, 0x00,
    0x00, 0x0E, 0x00, 0x00, 0x02, 0xD0, 0x00, 0x00, 0x3C, 0x00, 0x00, 0x03, 0xC0, 0x00, 0x40, 0x74,
    0x00, 0x78, 0x0F, 0x00, 0x7F, 0x40, 0xF0, 0x7F, 0xF0, 0x1E, 0xBF, 0xFD, 0x02, 0xFF, 0x93, 0xC0,
    0x3F, 0x80, 0x78, 0x07, 0x80, 0x0F, 0x00, 0x40, 0x00, 0xF0, 0x00, 0x00, 0x2D, 0x00, 0x03, 0x43,
    0xC0, 0x00, 0x3C, 0x78, 0x00, 0x01, 0xEF, 0x00, 0x00, 0x0F, 0xFB, 0xF0, 0x00, 0xBF, 0xF8, 0x00,
    0x07, 0xF8, 0x00, 0x00, 0x3C, 0x00, 0x00, 0x01, 0x00, 0x00, 0x00, 0x0E, 0x00, 0x00, 0x03, 0xC0,
    0x00, 0x00, 0xF8, 0x00, 0x00, 0x7F, 0x00, 0x00, 0x2F, 0xFF, 0xFF, 0xC3, 0xFF, 0xFF, 0xFC, 0x07,
    0xF0, 0x02, 0xC0, 0x0F, 0x40, 0x2C, 0x00, 0x3C, 0x02, 0xC0, 0x00, 0xE0, 0x2C, 0x00, 0x00, 0x02,
    0xC0, 0x00, 0x00, 0x2C, 0x00, 0x00, 0x02, 0xC0, 0x00, 0x00, 0x2C, 0x00, 0x00, 0x02, 0xC0, 0x00,
    0x00, 0x2C, 0x00, 0x00, 0x02, 0xC0, 0x00, 0x00, 0x2C, 0x00, 0x00, 0x02, 0xC0, 0x00, 0x00, 0x2C,
    0x00, 0x00, 0x02, 0xC0, 0x00, 0x00, 0x2C, 0x00, 0x00, 0x02, 0xC0, 0x00, 0x0B, 0x00, 0x00, 0x00,
    0x3C, 0x00, 0x00, 0x02, 0xF0, 0x00, 0x00, 0x0F, 0xD0, 0x3F, 0xFF, 0xFF, 0x83, 0xFF, 0xFF, 0xFC,
    0x38, 0x00, 0xBD, 0x03, 0x80, 0x1F, 0x00, 0x38, 0x03, 0xC0, 0x03, 0x80, 0x70, 0x00, 0x38, 0x00,
    0x00, 0x03, 0x80, 0x00, 0x00, 0x38, 0x00, 0x00, 0x03, 0x80, 0x00, 0x00, 0x38, 0x00, 0x00, 0x03,
    0x80, 0x00, 0x00, 0x38, 0x00, 0x00, 0x03, 0x80, 0x00, 0x00, 0x38, 0x00, 0x00, 0x03, 0x80, 0x00,
    0x00, 0x38, 0x00, 0x00, 0x03, 0x80, 0x00, 0x00, 0x38, 0x00, 0x00, 0x00, 0x00, 0x00, 0x02, 0xC0,
    0x00, 0x00, 0x2C, 0x00, 0x00, 0x02, 0xC0, 0x00, 0x00, 0x2C, 0x00, 0x00, 0x02, 0xC0, 0x00, 0x00,
    0x2C, 0x00, 0x00, 0x02, 0xC0, 0x00, 0x00, 0x2C, 0x00, 0x00, 0x02, 0xC0, 0x00, 0x00, 0x2C, 0x00,
    0x00, 0x02, 0xC0, 0x00, 0x00, 0x2C, 0x00, 0x00, 0x02, 0xC0, 0x00, 0x50, 0x2C, 0x00, 0x2D, 0x02,
    0xC0, 0x0B, 0x80, 0x2C, 0x03, 0xF0, 0x02, 0xC2, 0xFF, 0xFF, 0xFC, 0x3F, 0xFF, 0xFF, 0xC0, 0x7F,
    0x00, 0x00, 0x00, 0xF4, 0x00, 0x00, 0x03, 0xC0, 0x00, 0x00, 0x0E, 0x00, 0x00, 0x38, 0x00, 0x00,
    0x03, 0x80, 0x00, 0x00, 0x38, 0x00, 0x00, 0x03, 0x80, 0x00, 0x00, 0x38, 0x00, 0x00, 0x03, 0x80,
    0x00, 0x00, 0x38, 0x00, 0x00, 0x03, 0x80, 0x00, 0x00, 0x38, 0x00, 0x00, 0x03, 0x80, 0x00, 0x00,
    0x38, 0x00, 0x00, 0x03, 0x80, 0x00, 0x00, 0x38, 0x00, 0x00, 0x03, 0x80, 0x50, 0x00, 0x38, 0x03,
    0x80, 0x03, 0x80, 0x2E, 0x00, 0x38, 0x00, 0xFC, 0x03, 0xFF, 0xFF, 0xF8, 0x3F, 0xFF, 0xFF, 0xC0,
    0x00, 0x0B, 0xD0, 0x00, 0x01, 0xF4, 0x00, 0x00, 0x3C, 0x00, 0x00, 0x0B, 0x00, 0x00, 0x15, 0x55,
    0x55, 0x00, 0x0F, 0xFF, 0xFF, 0xC0, 0x03, 0xFF, 0xFF, 0xF0, 0x00, 0x00, 0x00, 0x2C, 0x00, 0x00,
    0x00, 0x0B, 0x00, 0x00, 0x00, 0x02, 0xC0, 0x00, 0x00, 0x00, 0xB0, 0x00, 0x00, 0x2C, 0x2C, 0x2C,
    0x00, 0x07, 0xEB, 0x7E, 0x00, 0x00, 0x3F, 0xFE, 0x00, 0x00, 0x03, 0xFE, 0x00, 0x00, 0x00, 0x7F,
    0x00, 0x00, 0x00, 0x0B, 0x00, 0x00, 0x00, 0x00, 0x40, 0x00, 0x00, 0x00, 0x02, 0xC0, 0x00, 0x00,
    0x2C, 0x00, 0x00, 0x02, 0xC0, 0x00, 0x00, 0x2C, 0x00, 0x00, 0x02, 0xC0, 0x00, 0xE0, 0x2C, 0x00,
    0x3C, 0x02, 0xC0, 0x0F, 0x80, 0x2C, 0x07, 0xF0, 0x02, 0xC2, 0xFF, 0xFF, 0xFC, 0x3F, 0xFF, 0xFF,
    0xC0, 0x7F, 0x00, 0x00, 0x00, 0xF4, 0x00, 0x00, 0x03, 0xC0, 0x00, 0x00, 0x0E, 0x00, 0x00, 0x00,
    0x00, 0x00, 0x14, 0x00, 0x00, 0x00, 0x00, 0x00, 0xBF, 0xFF, 0x40, 0x00, 0x00, 0x00, 0x7F, 0xFF,
    0xFF, 0x00, 0x00, 0x00, 0x2F, 0xE0, 0x06, 0xFD, 0x00, 0x00, 0x0B, 0xD0, 0x00, 0x02, 0xF4, 0x00,
    0x01, 0xF0, 0x00, 0x00, 0x0B, 0xC0, 0xB0, 0x3D, 0x00, 0x00, 0x00, 0x2E, 0x03, 0xC7, 0x80, 0x00,
    0x00, 0x00, 0xF0, 0x2F, 0xF6, 0xF0, 0x00, 0x00, 0x07, 0x40, 0xFF, 0xFD, 0x00, 0x00, 0x00, 0x3C,
    0x07, 0xFE, 0x00, 0x00, 0x00, 0x03, 0xC0, 0x3F, 0x40, 0x00, 0x00, 0x00, 0x3C, 0x02, 0xC0, 0x00,
    0x00, 0x00, 0x00, 0x00, 0x00, 0x00, 0x00, 0x00, 0x00, 0x00, 0x00, 0x00, 0x05, 0x00, 0x00, 0x00,
    0x00, 0x00, 0x2F, 0xFF, 0x90, 0x00, 0x00, 0x00, 0x2F, 0xFF, 0xFF, 0x80, 0x00, 0x00, 0x0F, 0xF4,
    0x01, 0xBF, 0x00, 0x00, 0x03, 0xF4, 0x00, 0x00, 0xFC, 0x00, 0x00, 0xBC, 0x00, 0x00, 0x02, 0xF0,
    0x00, 0x0F, 0x00, 0x00, 0x00, 0x0F, 0x42, 0xC2, 0xD0, 0x00, 0x00, 0x00, 0x3C, 0xB8, 0x3C, 0x00,
    0x00, 0x02, 0xE6, 0xEF, 0x07, 0x80, 0x00, 0x00, 0x0B, 0xFF, 0xD0, 0x74, 0x00, 0x00, 0x00, 0x0F,
    0xFC, 0x0B, 0x00, 0x00, 0x00, 0x00, 0x2F, 0x40, 0x00, 0x00, 0x00, 0x00, 0x00, 0xB0, 0x00, 0x00,
    0x00, 0x00, 0x00, 0x01, 0x00, 0x15, 0x55, 0x55, 0x54, 0x0B, 0xFF, 0xFF, 0xFF, 0xE0, 0xBF, 0xFF,
    0xFF, 0xFE, 0x00, 0x00, 0x00, 0x00, 0x00, 0xBE, 0xAA, 0x00, 0x00, 0x07, 0xFF, 0xF4, 0x00, 0x00,
    0x3F, 0xD0, 0x00, 0x00, 0x03, 0xFD, 0x00, 0x00, 0x00, 0x3C, 0xF4, 0x00, 0x00, 0x03, 0xC3, 0xD0,
    0x00, 0x00, 0x38, 0x0F, 0x40, 0x00, 0x03, 0x00, 0x3D, 0x00, 0x00, 0x00, 0x00, 0xF4, 0x00, 0x00,
    0x00, 0x03, 0xD0, 0x00, 0x00, 0x00, 0x0F, 0x40, 0x00, 0x00, 0x00, 0x3D, 0x00, 0x00, 0x00, 0x00,
    0xF4, 0x00, 0x00, 0x00, 0x03, 0xD0, 0x00, 0x00, 0x00, 0x0F, 0x40, 0x00, 0x00, 0x00, 0x3C, 0x00,
    0x00, 0x00, 0x00, 0x00, 0xB0, 0x03, 0xC0, 0x00, 0x00, 0x00, 0xB0, 0x0F, 0x40, 0x00, 0x00, 0x00,
    0xB0, 0x3F, 0x00, 0x00, 0x00, 0x00, 0xB0, 0xFC, 0x00, 0x00, 0x00, 0x00, 0xBB, 0xFF, 0xFF, 0xFF,
    0xFF, 0xFC, 0xBF, 0xFF, 0xFF, 0xFF, 0xFF, 0xFC, 0xB1, 0xFC, 0x00, 0x00, 0x00, 0x00, 0xB0, 0x3E,
    0x00, 0x00, 0x00, 0x00, 0xB0, 0x0F, 0x00, 0x00, 0x00, 0x00, 0xB0, 0x03, 0x80, 0x00, 0x00, 0x00,
    0x00, 0x00, 0x00, 0x07, 0x00, 0x3C, 0x00, 0x00, 0x00, 0x03, 0xC0, 0x3C, 0x00, 0x00, 0x00, 0x01,
    0xF0, 0x3C, 0x00, 0x00, 0x00, 0x00, 0xFD, 0x3C, 0xBF, 0xFF, 0xFF, 0xFF, 0xFF, 0xBC, 0xBF, 0xFF,
    0xFF, 0xFF, 0xFF, 0xFC, 0x00, 0x00, 0x00, 0x00, 0xBE, 0x3C, 0x00, 0x00, 0x00, 0x01, 0xF4, 0x3C,
    0x00, 0x00, 0x00, 0x03, 0xC0, 0x3C, 0x00, 0x00, 0x00, 0x07, 0x00, 0x2C, 0x00, 0x00, 0x00, 0x00,
    0x00, 0x00, 0x00, 0x00, 0x00, 0x03, 0xE4, 0x00, 0x00, 0x00, 0x00, 0x03, 0xFF, 0xFC, 0x00, 0xF0,
    0x00, 0x03, 0xFD, 0x40, 0x03, 0xD0, 0x00, 0x03, 0xFE, 0x00, 0x0F, 0x00, 0x00, 0x03, 0xCF, 0x00,
    0x1D, 0x00, 0x00, 0x03, 0xC3, 0xC0, 0x3C, 0x00, 0x00, 0x03, 0x42, 0xC0, 0x78, 0x00, 0x00, 0x02,
    0x01, 0xE0, 0x74, 0x00, 0x00, 0x00, 0x00, 0xE0, 0xB0, 0x00, 0x00, 0x00, 0x00, 0xF0, 0xB0, 0x00,
    0x00, 0x00, 0x00, 0xF0, 0xB4, 0x00, 0x00, 0x00, 0x00, 0xE0, 0x78, 0x00, 0x00, 0x00, 0x01, 0xE0,
    0x3C, 0x00, 0x00, 0x00, 0x02, 0xD0, 0x3D, 0x00, 0x00, 0x00, 0x03, 0xC0, 0x0F, 0x40, 0x00, 0x00,
    0x0F, 0x40, 0x0B, 0xD0, 0x00, 0x00, 0x3F, 0x00, 0x03, 0xF8, 0x00, 0x01, 0xFC, 0x00, 0x00, 0xBF,
    0x95, 0x6F, 0xF0, 0x00, 0x00, 0x1F, 0xFF, 0xFF, 0x80, 0x00, 0x00, 0x01, 0xBF, 0xE4, 0x00, 0x00,
    0x00, 0x00, 0x00, 0x00, 0x00, 0x00, 0x00, 0x1B, 0x80, 0x00, 0x00, 0x00, 0x3F, 0xFF, 0x80, 0x00,
    0x04, 0x00, 0x05, 0xBF, 0x40, 0x00, 0x0F, 0x00, 0x00, 0xFF, 0x40, 0x00, 0x07, 0xC0, 0x02, 0xE7,
    0x40, 0x00, 0x02, 0xE0, 0x03, 0xC3, 0x80, 0x00, 0x00, 0xF0, 0x0B, 0x43, 0x80, 0x00, 0x00, 0x38,
    0x0F, 0x01, 0x40, 0x00, 0x00, 0x3C, 0x0E, 0x00, 0x00, 0x00, 0x00, 0x2C, 0x0E, 0x00, 0x00, 0x00,
    0x00, 0x2C, 0x0E, 0x00, 0x00, 0x00, 0x00, 0x2D, 0x0E, 0x00, 0x00, 0x00, 0x00, 0x2C, 0x0F, 0x00,
    0x00, 0x00, 0x00, 0x3C, 0x0B, 0x40, 0x00, 0x00, 0x00, 0x78, 0x07, 0xC0, 0x00, 0x00, 0x00, 0xF4,
    0x03, 0xE0, 0x00, 0x00, 0x02, 0xF0, 0x00, 0xF8, 0x00, 0x00, 0x0B, 0xD0, 0x00, 0x7F, 0x40, 0x00,
    0x3F, 0x40, 0x00, 0x1F, 0xF9, 0x5B, 0xFD, 0x00, 0x00, 0x02, 0xFF, 0xFF, 0xE0, 0x00, 0x00, 0x00,
    0x2F, 0xFE, 0x00, 0x00, 0x00, 0x2C, 0x00, 0x00, 0x00, 0x00, 0x00, 0xB4, 0x00, 0x00, 0x00, 0x00,
    0x02, 0xF0, 0x00, 0x00, 0x00, 0x00, 0x0B, 0xD0, 0x00, 0x00, 0x00, 0x00, 0x7F, 0xFF, 0xFF, 0xFF,
    0xFF, 0xFC, 0xBF, 0xFF, 0xFF, 0xFF, 0xFF, 0xFC, 0x15, 0x55, 0x55, 0x55, 0x55, 0x54, 0xBF, 0xFF,
    0xFF, 0xFF, 0xFF, 0xFC, 0x7F, 0xFF, 0xFF, 0xFF, 0xFF, 0xFC, 0x0F, 0xC0, 0x00, 0x00, 0x00, 0x00,
    0x02, 0xF0, 0x00, 0x00, 0x00, 0x00, 0x00, 0xB4, 0x00, 0x00, 0x00, 0x00, 0x00, 0x2C, 0x00, 0x00,
    0x00, 0x00, 0x20, 0x00, 0xE0, 0x03, 0xD0, 0x0F, 0xC0, 0x3F, 0xC0, 0xEF, 0xC3, 0x87, 0x8E, 0x00,
    0x38, 0x00, 0xE0, 0x03, 0x80, 0x0E, 0x00, 0x38, 0x00, 0xE0, 0x03, 0x80, 0x0E, 0x00, 0x38, 0x00,
    0xE0, 0x03, 0x80, 0x0E, 0x00, 0x38, 0x00, 0xE0, 0x03, 0x80, 0x00, 0x00, 0x14, 0x01, 0xE0, 0x0F,
    0x80, 0xBE, 0x0B, 0xF8, 0xBE, 0xE3, 0x87, 0x80, 0x1E, 0x00, 0x78, 0x01, 0xE0, 0x07, 0x80, 0x1E,
    0x00, 0x78, 0x01, 0xE0, 0x07, 0x80, 0x1E, 0x00, 0x78, 0x01, 0xE0, 0x07, 0x80, 0x1E, 0x00, 0x78,
    0x01, 0xE0, 0x07, 0x80, 0x00, 0x00, 0x00, 0x00, 0xB0, 0x00, 0x00, 0x00, 0x00, 0x00, 0x3C, 0x00,
    0x00, 0x00, 0x00, 0x00, 0x2F, 0x00, 0x00, 0x00, 0x00, 0x00, 0x0F, 0xC0, 0xBF, 0xFF, 0xFF, 0xFF,
    0xFF, 0xF8, 0xBF, 0xFF, 0xFF, 0xFF, 0xFF, 0xFC, 0x15, 0x55, 0x55, 0x55, 0x55, 0x54, 0xBF, 0xFF,
    0xFF, 0xFF, 0xFF, 0xFC, 0xBF, 0xFF, 0xFF, 0xFF, 0xFF, 0xF8, 0x00, 0x00, 0x00, 0x00, 0x0F, 0xD0,
    0x00, 0x00, 0x00, 0x00, 0x2F, 0x00, 0x00, 0x00, 0x00, 0x00, 0x3C, 0x00, 0x00, 0x00, 0x00, 0x00,
    0xB0, 0x00, 0x24, 0x00, 0xE0, 0x03, 0x80, 0x0E, 0x00, 0x38, 0x00, 0xE0, 0x03, 0x80, 0x0E, 0x00,
    0x38, 0x00, 0xE0, 0x03, 0x80, 0x0E, 0x00, 0x38, 0x00, 0xE0, 0x03, 0x80, 0x0E, 0x00, 0x38, 0x14,
    0xE3, 0xD3, 0xFE, 0x0F, 0xE0, 0x3E, 0x00, 0xF0, 0x03, 0x40, 0x00, 0x00, 0x24, 0x01, 0xE0, 0x07,
    0x80, 0x1E, 0x00, 0x78, 0x01, 0xE0, 0x07, 0x80, 0x1E, 0x00, 0x78, 0x01, 0xE0, 0x07, 0x80, 0x1E,
    0x00, 0x78, 0x01, 0xE0, 0x07, 0x80, 0x1E, 0x10, 0x78, 0xF5, 0xE1, 0xFF, 0x81, 0xFE, 0x01, 0xF8,
    0x02, 0xE0, 0x03, 0x80, 0x00, 0x00, 0x00, 0x00, 0xB0, 0x00, 0x00, 0x00, 0x00, 0x00, 0x3C, 0x00,
    0x00, 0x00, 0x00, 0x00, 0x2F, 0x00, 0x00, 0x00, 0x00, 0x00, 0x0F, 0xC0, 0xBF, 0xFF, 0xFF, 0xFF,
    0xFF, 0xF8, 0xBF, 0xFF, 0xFF, 0xFF, 0xFF, 0xFC, 0x00, 0x00, 0x00, 0x00, 0x0F, 0xD0, 0x00, 0x00,
    0x00, 0x00, 0x2F, 0x00, 0x00, 0x00, 0x00, 0x00, 0x3C, 0x00, 0x00, 0x00, 0x00, 0x00, 0xB0, 0x00,
    0x00, 0x2C, 0x00, 0x00, 0x00, 0x00, 0x00, 0xB8, 0x00, 0x00, 0x00, 0x00, 0x02, 0xF0, 0x00, 0x00,
    0x00, 0x00, 0x0B, 0xD0, 0x00, 0x00, 0x00, 0x00, 0x7F, 0xFF, 0xFF, 0xFF, 0xFF, 0xFC, 0x7F, 0xFF,
    0xFF, 0xFF, 0xFF, 0xFC, 0x0F, 0xC0, 0x00, 0x00, 0x00, 0x00, 0x02, 0xF0, 0x00, 0x00, 0x00, 0x00,
    0x00, 0xB4, 0x00, 0x00, 0x00, 0x00, 0x00, 0x2C, 0x00, 0x00, 0x00, 0x00, 0x00, 0x10, 0x00, 0x06,
    0x00, 0x00, 0x1E, 0x00, 0x02, 0xD0, 0x00, 0x0F, 0xC0, 0x00, 0xB4, 0x00, 0x0B, 0xFC, 0x00, 0x2D,
    0x00, 0x0B, 0xFF, 0xC0, 0x0B, 0x40, 0x0B, 0xEE, 0xFC, 0x02, 0xD0, 0x03, 0x87, 0x87, 0x40, 0xB4,
    0x00, 0x01, 0xE0, 0x00, 0x2D, 0x00, 0x00, 0x78, 0x00, 0x0B, 0x40, 0x00, 0x1E, 0x00, 0x02, 0xD0,
    0x00, 0x07, 0x80, 0x00, 0xB4, 0x00, 0x01, 0xE0, 0x00, 0x2D, 0x00, 0x00, 0x78, 0x00, 0x0B, 0x40,
    0x00, 0x1E, 0x00, 0x02, 0xD0, 0x00, 0x07, 0x80, 0x00, 0xB4, 0x00, 0x01, 0xE0, 0x00, 0x2D, 0x00,
    0x00, 0x78, 0x05, 0x0B, 0x41, 0x00, 0x1E, 0x01, 0xF2, 0xD7, 0xC0, 0x07, 0x80, 0x1F, 0xFF, 0xD0,
    0x01, 0xE0, 0x02, 0xFF, 0xD0, 0x00, 0x78, 0x00, 0x2F, 0xD0, 0x00, 0x1E, 0x00, 0x03, 0xE0, 0x00,
    0x07, 0x80, 0x00, 0x70, 0x00, 0x00, 0x04, 0x00, 0x00, 0x00, 0x00, 0x00, 0x78, 0x00, 0x00, 0x00,
    0x00, 0x01, 0xF0, 0x00, 0x00, 0x00, 0x00, 0x0B, 0xD0, 0x00, 0x00, 0x00, 0x00, 0x7F, 0xFF, 0xFF,
    0xFF, 0xFF, 0xFC, 0x7F, 0xFF, 0xFF, 0xFF, 0xFF, 0xFC, 0x0F, 0xC0, 0x00, 0x00, 0x00, 0x00, 0x03,
    0xF0, 0x00, 0x00, 0x00, 0x00, 0x00, 0xB4, 0x00, 0x00, 0x00, 0x00, 0x00, 0x3C, 0x00, 0x00, 0x00,
    0x00, 0x00, 0x00, 0x00, 0x00, 0xA0, 0x00, 0x00, 0x00, 0x00, 0x00, 0x78, 0x00, 0x00, 0x00, 0x00,
    0x00, 0x2F, 0x00, 0x00, 0x00, 0x00, 0x00, 0x0F, 0xC0, 0xBF, 0xFF, 0xFF, 0xFF, 0xFF, 0xF8, 0xBF,
    0xFF, 0xFF, 0xFF, 0xFF, 0xFC, 0x00, 0x00, 0x00, 0x00, 0x0F, 0xD0, 0x00, 0x00, 0x00, 0x00, 0x2F,
    0x00, 0x00, 0x00, 0x00, 0x00, 0x3C, 0x00, 0x00, 0x00, 0x00, 0x00, 0xB0, 0x00, 0x00, 0x04, 0x00,
    0x00, 0x00, 0x00, 0x00, 0x78, 0x00, 0x00, 0x00, 0x00, 0x01, 0xF0, 0x00, 0x00, 0x00, 0x00, 0x0B,
    0xD0, 0x00, 0x00, 0x00, 0x00, 0x7F, 0xFF, 0xFF, 0xFF, 0xFF, 0xFC, 0xBF, 0xFF, 0xFF, 0xFF, 0xFF,
    0xFC, 0x1F, 0xD5, 0x55, 0x55, 0x55, 0x54, 0x03, 0xE0, 0x00, 0x00, 0x00, 0x00, 0x00, 0xB4, 0x00,
    0x00, 0x00, 0x00, 0x00, 0x2C, 0x00, 0x00, 0x00, 0x00, 0x00, 0x2C, 0x00, 0x00, 0x00, 0x00, 0x00,
    0xB4, 0x00, 0x00, 0x00, 0x00, 0x02, 0xF0, 0x00, 0x00, 0x00, 0x00, 0x1F, 0xD5, 0x55, 0x55, 0x55,
    0x54, 0xBF, 0xFF, 0xFF, 0xFF, 0xFF, 0xFC, 0x7F, 0xFF, 0xFF, 0xFF, 0xFF, 0xFC, 0x0F, 0xC0, 0x00,
    0x00, 0x00, 0x00, 0x02, 0xF0, 0x00, 0x00, 0x00, 0x00, 0x00, 0xB4, 0x00, 0x00, 0x00, 0x00, 0x00,
    0x2C, 0x00, 0x00, 0x00, 0x00, 0x00, 0x10, 0x00, 0x01, 0x00, 0x00, 0x1E, 0x00, 0x02, 0xD0, 0x00,
    0x0F, 0xC0, 0x00, 0xFC, 0x00, 0x0B, 0xFC, 0x00, 0xFF, 0x80, 0x0B, 0xFF, 0xC0, 0xFF, 0xF8, 0x0B,
    0xEE, 0xFC, 0xFE, 0xEF, 0x83, 0x87, 0x87, 0xF4, 0xB4, 0xB0, 0x01, 0xE0, 0x10, 0x2D, 0x00, 0x00,
    0x78, 0x00, 0x0B, 0x40, 0x00, 0x1E, 0x00, 0x02, 0xD0, 0x00, 0x07, 0x80, 0x00, 0xB4, 0x00, 0x01,
    0xE0, 0x00, 0x2D, 0x00, 0x00, 0x78, 0x00, 0x0B, 0x40, 0x00, 0x1E, 0x00, 0x02, 0xD0, 0x00, 0x07,
    0x80, 0x00, 0xB4, 0x00, 0x01, 0xE0, 0x00, 0x2D, 0x00, 0x00, 0x78, 0x00, 0x0B, 0x40, 0x00, 0x1E,
    0x00, 0x02, 0xD0, 0x00, 0x07, 0x80, 0x00, 0xB4, 0x00, 0x01, 0xE0, 0x00, 0x2D, 0x00, 0x00, 0x78,
    0x00, 0x0B, 0x40, 0x00, 0x1E, 0x00, 0x02, 0xD0, 0x00, 0x07, 0x80, 0x00, 0xB4, 0x00, 0x00, 0x00,
    0x00, 0x00, 0xB0, 0x00, 0x00, 0x00, 0x00, 0x00, 0x3C, 0x00, 0x00, 0x00, 0x00, 0x00, 0x2F, 0x00,
    0x00, 0x00, 0x00, 0x00, 0x0F, 0xC0, 0xBF, 0xFF, 0xFF, 0xFF, 0xFF, 0xF8, 0xBF, 0xFF, 0xFF, 0xFF,
    0xFF, 0xFC, 0x00, 0x00, 0x00, 0x00, 0x0F, 0xD0, 0x00, 0x00, 0x00, 0x00, 0x2F, 0x00, 0x00, 0x00,
    0x00, 0x00, 0x3C, 0x00, 0x00, 0x00, 0x00, 0x00, 0xB0, 0x00, 0x00, 0x00, 0x00, 0x00, 0xB0, 0x00,
    0x00, 0x00, 0x00, 0x00, 0x3C, 0x00, 0x00, 0x00, 0x00, 0x00, 0x2F, 0x00, 0x00, 0x00, 0x00, 0x00,
    0x0F, 0xC0, 0xBF, 0xFF, 0xFF, 0xFF, 0xFF, 0xF8, 0xBF, 0xFF, 0xFF, 0xFF, 0xFF, 0xFC, 0x00, 0x00,
    0x00, 0x00, 0x0F, 0xD0, 0x00, 0x00, 0x00, 0x00, 0x2F, 0x00, 0x00, 0x00, 0x00, 0x00, 0x3C, 0x00,
    0x00, 0x00, 0x00, 0x00, 0xB0, 0x00, 0x00, 0x24, 0x00, 0x06, 0x00, 0x00, 0x1E, 0x00, 0x02, 0xD0,
    0x00, 0x07, 0x80, 0x00, 0xB4, 0x00, 0x01, 0xE0, 0x00, 0x2D, 0x00, 0x00, 0x78, 0x00, 0x0B, 0x40,
    0x00, 0x1E, 0x00, 0x02, 0xD0, 0x00, 0x07, 0x80, 0x00, 0xB4, 0x00, 0x01, 0xE0, 0x00, 0x2D, 0x00,
    0x00, 0x78, 0x00, 0x0B, 0x40, 0x00, 0x1E, 0x00, 0x02, 0xD0, 0x00, 0x07, 0x80, 0x00, 0xB4, 0x00,
    0x01, 0xE0, 0x00, 0x2D, 0x00, 0x00, 0x78, 0x00, 0x0B, 0x40, 0x00, 0x1E, 0x00, 0x02, 0xD0, 0x00,
    0x07, 0x80, 0x00, 0xB4, 0x00, 0x01, 0xE0, 0x00, 0x2D, 0x00, 0x10, 0x78, 0x19, 0x0B, 0x41, 0x0F,
    0x5E, 0x3E, 0xF2, 0xD7, 0xC1, 0xFF, 0xFD, 0x1F, 0xFF, 0xD0, 0x1F, 0xFD, 0x01, 0xFF, 0xD0, 0x01,
    0xFE, 0x00, 0x2F, 0xD0, 0x00, 0x2F, 0x00, 0x03, 0xE0, 0x00, 0x03, 0x40, 0x00, 0x70, 0x00, 0x00,
    0x2C, 0x00, 0x00, 0x00, 0x00, 0x00, 0xB4, 0x00, 0x00, 0x00, 0x00, 0x02, 0xF0, 0x00, 0x00, 0x00,
    0x00, 0x0B, 0xD0, 0x00, 0x00, 0x00, 0x00, 0x7F, 0xFF, 0xFF, 0xFF, 0xFF, 0xFC, 0xBF, 0xFF, 0xFF,
    0xFF, 0xFF, 0xFC, 0x00, 0x00, 0x00, 0x00, 0x00, 0x00, 0x00, 0x00, 0x00, 0x00, 0x00, 0x00, 0x00,
    0x00, 0x00, 0x00, 0x00, 0x00, 0x15, 0x55, 0x55, 0x55, 0x55, 0x54, 0xBF, 0xFF, 0xFF, 0xFF, 0xFF,
    0xFC, 0xBF, 0xFF, 0xFF, 0xFF, 0xFF, 0xF8, 0x00, 0x00, 0x00, 0x00, 0x0F, 0xD0, 0x00, 0x00, 0x00,
    0x00, 0x2F, 0x00, 0x00, 0x00, 0x00, 0x00, 0x3C, 0x00, 0x00, 0x00, 0x00, 0x00, 0xB0, 0x00, 0x00,
    0x00, 0x00, 0x00, 0xB0, 0x00, 0x00, 0x00, 0x00, 0x00, 0x3C, 0x00, 0x00, 0x00, 0x00, 0x00, 0x1F,
    0x00, 0x15, 0x55, 0x55, 0x55, 0x5F, 0xE0, 0xBF, 0xFF, 0xFF, 0xFF, 0xFF, 0xFC, 0xBF, 0xFF, 0xFF,
    0xFF, 0xFF, 0xFC, 0x00, 0x00, 0x00, 0x00, 0x00, 0x00, 0x00, 0x00, 0x00, 0x00, 0x00, 0x00, 0x15,
    0x55, 0x55, 0x55, 0x55, 0x54, 0xBF, 0xFF, 0xFF, 0xFF, 0xFF, 0xFC, 0x7F, 0xFF, 0xFF, 0xFF, 0xFF,
    0xFC, 0x0F, 0xC0, 0x00, 0x00, 0x00, 0x00, 0x02, 0xF0, 0x00, 0x00, 0x00, 0x00, 0x00, 0xB4, 0x00,
    0x00, 0x00, 0x00, 0x00, 0x2C, 0x00, 0x00, 0x00, 0x00, 0x00, 0x03, 0x40, 0x00, 0x00, 0x00, 0x00,
    0x0F, 0x00, 0x00, 0x00, 0x00, 0x00, 0x3C, 0x00, 0x00, 0x00, 0x00, 0x00, 0xF9, 0x55, 0x55, 0xF5,
    0x54, 0x03, 0xFF, 0xFF, 0xFF, 0xFF, 0xFC, 0x0F, 0xFF, 0xFF, 0xFF, 0xFF, 0xFC, 0x3F, 0x40, 0x00,
    0x0B, 0x40, 0x00, 0xBF, 0x00, 0x00, 0x0F, 0x00, 0x00, 0x3F, 0x95, 0x55, 0x7E, 0x55, 0x54, 0x0F,
    0xFF, 0xFF, 0xFF, 0xFF, 0xFC, 0x03, 0xFF, 0xFF, 0xFF, 0xFF, 0xFC, 0x00, 0xF4, 0x00, 0xF0, 0x00,
    0x00, 0x00, 0x3C, 0x01, 0x90, 0x00, 0x00, 0x00, 0x1E, 0x00, 0x00, 0x00, 0x00, 0x00, 0x07, 0x40,
    0x00, 0x00, 0x00, 0x00, 0x01, 0x40, 0x00, 0x00, 0x00, 0x00, 0x03, 0x40, 0x00, 0x00, 0x38, 0x00,
    0x00, 0x00, 0xF0, 0x00, 0x00, 0x00, 0xE0, 0x00, 0x00, 0x3C, 0x00, 0x00, 0x00, 0x07, 0x80, 0x00,
    0x0F, 0x95, 0x55, 0x5F, 0x55, 0x7E, 0x00, 0x03, 0xFF, 0xFF, 0xFF, 0xFF, 0xFF, 0xF8, 0x00, 0xFF,
    0xFF, 0xFF, 0xFF, 0xFF, 0xFF, 0xE0, 0x3F, 0x40, 0x00, 0x0B, 0x40, 0x00, 0x3F, 0x8B, 0xF0, 0x00,
    0x01, 0xE0, 0x00, 0x01, 0xFC, 0x3F, 0x95, 0x55, 0x7D, 0x55, 0x55, 0x7F, 0x40, 0xFF, 0xFF, 0xFF,
    0xFF, 0xFF, 0xFF, 0xD0, 0x03, 0xFF, 0xFF, 0xFF, 0xFF, 0xFF, 0xF8, 0x00, 0x0F, 0x40, 0x0F, 0x00,
    0x00, 0x3E, 0x00, 0x00, 0x3C, 0x01, 0x80, 0x00, 0x0B, 0x80, 0x00, 0x01, 0xE0, 0x00, 0x00, 0x00,
    0xF0, 0x00, 0x00, 0x07, 0x40, 0x00, 0x00, 0x2C, 0x00, 0x00, 0x00, 0x14, 0x00, 0x00, 0x01, 0x00,
    0x00, 0x00, 0x00, 0x00, 0x03, 0x40, 0x00, 0x00, 0x00, 0x00, 0x01, 0xD0, 0x00, 0x00, 0x00, 0x00,
    0x00, 0xB4, 0x00, 0x15, 0x55, 0x6E, 0x55, 0x7D, 0x00, 0xBF, 0xFF, 0xFF, 0xFF, 0xFF, 0x40, 0xBF,
    0xFF, 0xFF, 0xFF, 0xFF, 0xD0, 0x00, 0x00, 0xF0, 0x00, 0x03, 0xF4, 0x00, 0x02, 0xD0, 0x00, 0x02,
    0xFC, 0x15, 0x57, 0xD5, 0x55, 0x57, 0xF0, 0xBF, 0xFF, 0xFF, 0xFF, 0xFF, 0xD0, 0xBF, 0xFF, 0xFF,
    0xFF, 0xFF, 0x40, 0x00, 0x2D, 0x00, 0x00, 0x3D, 0x00, 0x00, 0x28, 0x00, 0x00, 0xF4, 0x00, 0x00,
    0x00, 0x00, 0x01, 0xE0, 0x00, 0x00, 0x00, 0x00, 0x03, 0x80, 0x00, 0x00, 0x00, 0x00, 0x01, 0x00,
    0x00, 0x00, 0x03, 0x40, 0x00, 0x00, 0x00, 0x00, 0x0F, 0x00, 0x00, 0x00, 0x00, 0x00, 0x3C, 0x00,
    0x00, 0x00, 0x00, 0x00, 0xF9, 0x55, 0x55, 0x55, 0x54, 0x03, 0xFF, 0xFF, 0xFF, 0xFF, 0xFC, 0x0F,
    0xFF, 0xFF, 0xFF, 0xFF, 0xFC, 0x3F, 0x40, 0x00, 0x00, 0x00, 0x00, 0xBF, 0x00, 0x00, 0x00, 0x00,
    0x00, 0x3F, 0x95, 0x55, 0x55, 0x55, 0x54, 0x0F, 0xFF, 0xFF, 0xFF, 0xFF, 0xFC, 0x03, 0xFF, 0xFF,
    0xFF, 0xFF, 0xFC, 0x00, 0xF4, 0x00, 0x00, 0x00, 0x00, 0x00, 0x3C, 0x00, 0x00, 0x00, 0x00, 0x00,
    0x1E, 0x00, 0x00, 0x00, 0x00, 0x00, 0x07, 0x40, 0x00, 0x00, 0x00, 0x00, 0x01, 0x40, 0x00, 0x00,
    0x00, 0x00, 0x00, 0x40, 0x00, 0x00, 0x00, 0xBC, 0x00, 0x00, 0x00, 0xBF, 0xC0, 0x00, 0x00, 0xBF,
    0xFC, 0x00, 0x00, 0xFE, 0x2F, 0xC0, 0x00, 0xFF, 0x03, 0xFC, 0x00, 0xFF, 0xC0, 0xFF, 0xC0, 0xF4,
    0xB0, 0x3C, 0x7C, 0x20, 0x2C, 0x0F, 0x02, 0x40, 0x0B, 0x03, 0xC0, 0x00, 0x02, 0xC0, 0xF0, 0x00,
    0x00, 0xB0, 0x3C, 0x00, 0x00, 0x2C, 0x0F, 0x00, 0x00, 0x0B, 0x03, 0xC0, 0x00, 0x02, 0xC0, 0xF0,
    0x00, 0x00, 0xB0, 0x3C, 0x00, 0x00, 0x2C, 0x0F, 0x00, 0x00, 0x0B, 0x03, 0xC0, 0x00, 0x02, 0xC0,
    0xF0, 0x00, 0x00, 0xB0, 0x3C, 0x00, 0x00, 0x2C, 0x0F, 0x00, 0x00, 0x0B, 0x03, 0xC0, 0x00, 0x02,
    0xC0, 0xF0, 0x00, 0x00, 0x00, 0x00, 0x03, 0x40, 0x00, 0x00, 0x00, 0x00, 0x01, 0xD0, 0x00, 0x00,
    0x00, 0x00, 0x00, 0xB4, 0x00, 0x15, 0x55, 0x55, 0x55, 0x7D, 0x00, 0xBF, 0xFF, 0xFF, 0xFF, 0xFF,
    0x40, 0xBF, 0xFF, 0xFF, 0xFF, 0xFF, 0xD0, 0x00, 0x00, 0x00, 0x00, 0x03, 0xF4, 0x00, 0x00, 0x00,
    0x00, 0x02, 0xFC, 0x15, 0x55, 0x55, 0x55, 0x57, 0xF0, 0xBF, 0xFF, 0xFF, 0xFF, 0xFF, 0xD0, 0xBF,
    0xFF, 0xFF, 0xFF, 0xFF, 0x40, 0x00, 0x00, 0x00, 0x00, 0x3D, 0x00, 0x00, 0x00, 0x00, 0x00, 0xF4,
    0x00, 0x00, 0x00, 0x00, 0x01, 0xE0, 0x00, 0x00, 0x00, 0x00, 0x03, 0x80, 0x00, 0x00, 0x00, 0x00,
    0x01, 0x00, 0x00, 0x00, 0x18, 0x09, 0x00, 0x00, 0x0B, 0x03, 0xC0, 0x00, 0x02, 0xC0, 0xF0, 0x00,
    0x00, 0xB0, 0x3C, 0x00, 0x00, 0x2C, 0x0F, 0x00, 0x00, 0x0B, 0x03, 0xC0, 0x00, 0x02, 0xC0, 0xF0,
    0x00, 0x00, 0xB0, 0x3C, 0x00, 0x00, 0x2C, 0x0F, 0x00, 0x00, 0x0B, 0x03, 0xC0, 0x00, 0x02, 0xC0,
    0xF0, 0x00, 0x00, 0xB0, 0x3C, 0x00, 0x00, 0x2C, 0x0F, 0x00, 0x00, 0x0B, 0x03, 0xC0, 0x00, 0x02,
    0xC0, 0xF0, 0x01, 0xD0, 0xB0, 0x3C, 0x1D, 0x2F, 0x2C, 0x0F, 0x3E, 0x02, 0xFF, 0x03, 0xFE, 0x00,
    0x1F, 0xC0, 0xFE, 0x00, 0x01, 0xFD, 0xFD, 0x00, 0x00, 0x1F, 0xFD, 0x00, 0x00, 0x01, 0xFD, 0x00,
    0x00, 0x00, 0x1D, 0x00, 0x00, 0x00, 0x03, 0x40, 0x00, 0x00, 0x38, 0x00, 0x00, 0x00, 0xF0, 0x00,
    0x00, 0x00, 0xE0, 0x00, 0x00, 0x3C, 0x00, 0x00, 0x00, 0x07, 0x80, 0x00, 0x0F, 0x95, 0x55, 0x55,
    0x55, 0x7E, 0x00, 0x03, 0xFF, 0xFF, 0xFF, 0xFF, 0xFF, 0xF8, 0x00, 0xFF, 0xFF, 0xFF, 0xFF, 0xFF,
    0xFF, 0xE0, 0x3F, 0x40, 0x00, 0x00, 0x00, 0x00, 0x3F, 0x8B, 0xF0, 0x00, 0x00, 0x00, 0x00, 0x01,
    0xFC, 0x3F, 0x95, 0x55, 0x55, 0x55, 0x55, 0x7F, 0x40, 0xFF, 0xFF, 0xFF, 0xFF, 0xFF, 0xFF, 0xD0,
    0x03, 0xFF, 0xFF, 0xFF, 0xFF, 0xFF, 0xF8, 0x00, 0x0F, 0x40, 0x00, 0x00, 0x00, 0x3E, 0x00, 0x00,
    0x3C, 0x00, 0x00, 0x00, 0x0B, 0x80, 0x00, 0x01, 0xE0, 0x00, 0x00, 0x00, 0xF0, 0x00, 0x00, 0x07,
    0x40, 0x00, 0x00, 0x2C, 0x00, 0x00, 0x00, 0x14, 0x00, 0x00, 0x01, 0x00, 0x00, 0x00, 0x01, 0xD0,
    0x00, 0x00, 0x01, 0xFD, 0x00, 0x00, 0x01, 0xFF, 0xD0, 0x00, 0x01, 0xFE, 0xFD, 0x00, 0x01, 0xFD,
    0x0F, 0xD0, 0x01, 0xFF, 0x03, 0xFE, 0x02, 0xF6, 0xC0, 0xF7, 0xE0, 0xE0, 0xB0, 0x3C, 0x2D, 0x00,
    0x2C, 0x0F, 0x00, 0x00, 0x0B, 0x03, 0xC0, 0x00, 0x02, 0xC0, 0xF0, 0x00, 0x00, 0xB0, 0x3C, 0x00,
    0x00, 0x2C, 0x0F, 0x00, 0x00, 0x0B, 0x03, 0xC0, 0x00, 0x02, 0xC0, 0xF0, 0x00, 0x00, 0xB0, 0x3C,
    0x00, 0x00, 0x2C, 0x0F, 0x00, 0x00, 0x0B, 0x03, 0xC0, 0x00, 0x02, 0xC0, 0xF0, 0x00, 0x00, 0xB0,
    0x3C, 0x00, 0x00, 0x2C, 0x0F, 0x00, 0x0E, 0x0B, 0x03, 0xC1, 0xD2, 0xF6, 0xC0, 0xF7, 0xE0, 0x1F,
    0xF0, 0x3F, 0xE0, 0x01, 0xFC, 0x0F, 0xD0, 0x00, 0x1F, 0xEF, 0xD0, 0x00, 0x01, 0xFF, 0xD0, 0x00,
    0x00, 0x1F, 0xD0, 0x00, 0x00, 0x01, 0xD0, 0x00, 0x00, 0x00, 0x00, 0x00, 0x00, 0x00, 0x7F, 0xFF,
    0xFF, 0x00, 0x00, 0x7F, 0xFF, 0xE4, 0x00, 0x00, 0x7E, 0x7E, 0x00, 0x00, 0x00, 0x7C, 0x0F, 0x80,
    0x00, 0x00, 0x7C, 0x03, 0xE0, 0x00, 0x00, 0xBF, 0x00, 0xF8, 0x00, 0x00, 0xBF, 0xC0, 0x3E, 0x00,
    0x00, 0xB6, 0xF0, 0x0F, 0x80, 0x00, 0xB0, 0xBC, 0x03, 0xE0, 0x00, 0xB0, 0x2F, 0x00, 0xF8, 0x00,
    0xA0, 0x0B, 0xC0, 0x3E, 0x00, 0x10, 0x02, 0xF0, 0x0F, 0x80, 0x00, 0x00, 0xBC, 0x03, 0xE0, 0x00,
    0x00, 0x2F, 0x00, 0xF8, 0x00, 0x00, 0x0B, 0xC0, 0x38, 0x00, 0x00, 0x02, 0xF0, 0x00, 0x00, 0x00,
    0x00, 0xBC, 0x00, 0x00, 0x00, 0x00, 0x2E, 0x00, 0x00, 0x00, 0x00, 0x04, 0x00, 0x00, 0x00, 0x00,
    0x00, 0x00, 0x00, 0x02, 0xFF, 0xFF, 0xF8, 0x00, 0x00, 0x1B, 0xFF, 0xFC, 0x00, 0x00, 0x00, 0xFA,
    0xFC, 0x00, 0x00, 0x03, 0xD0, 0xBC, 0x00, 0x00, 0x0F, 0x40, 0xBC, 0x00, 0x00, 0x3D, 0x02, 0xFC,
    0x00, 0x00, 0xF4, 0x0B, 0xFC, 0x00, 0x03, 0xD0, 0x2F, 0x3C, 0x00, 0x0F, 0x40, 0xBC, 0x3C, 0x00,
    0x3D, 0x02, 0xF0, 0x2C, 0x00, 0xF4, 0x0B, 0xC0, 0x1C, 0x03, 0xD0, 0x2F, 0x00, 0x04, 0x0F, 0x40,
    0xBC, 0x00, 0x00, 0x3D, 0x02, 0xF0, 0x00, 0x00, 0x74, 0x0B, 0xC0, 0x00, 0x00, 0x00, 0x2F, 0x00,
    0x00, 0x00, 0x00, 0xBC, 0x00, 0x00, 0x00, 0x00, 0xF0, 0x00, 0x00, 0x00, 0x00, 0x40, 0x00, 0x00,
    0x00, 0x00, 0x00, 0x00, 0x00, 0x00, 0x00, 0xE0, 0x00, 0x00, 0x00, 0x00, 0xB8, 0x00, 0x00, 0x00,
    0x00, 0x2E, 0x00, 0x00, 0x00, 0x30, 0x0B, 0x80, 0x00, 0x00, 0x7C, 0x02, 0xE0, 0x00, 0x00, 0x1F,
    0x00, 0xB8, 0x00, 0x00, 0x07, 0xC0, 0x2E, 0x00, 0x00, 0x01, 0xF0, 0x0B, 0x80, 0x0C, 0x00, 0x7C,
    0x03, 0xE0, 0x1C, 0x00, 0x1F, 0x00, 0xF8, 0x2C, 0x00, 0x07, 0xC0, 0x3E, 0x3C, 0x00, 0x01, 0xF0,
    0x0F, 0xFC, 0x00, 0x00, 0x7C, 0x03, 0xFC, 0x00, 0x00, 0x1F, 0x00, 0xFC, 0x00, 0x00, 0x07, 0xC0,
    0xBC, 0x00, 0x00, 0x01, 0xF5, 0xFC, 0x00, 0x00, 0x1A, 0xFF, 0xFC, 0x00, 0x01, 0xFF, 0xFF, 0xFC,
    0x00, 0x00, 0x00, 0x00, 0x00, 0x00, 0x00, 0x00, 0x04, 0x00, 0x00, 0x00, 0x00, 0x2E, 0x00, 0x00,
    0x00, 0x00, 0xBC, 0x00, 0x00, 0x00, 0x02, 0xF0, 0x00, 0x00, 0x00, 0x0B, 0xC0, 0x38, 0x00, 0x00,
    0x2F, 0x00, 0xF4, 0x00, 0x00, 0xBC, 0x03, 0xD0, 0x10, 0x02, 0xF0, 0x0F, 0x40, 0xA0, 0x0B, 0xC0,
    0x3D, 0x00, 0xB0, 0x2F, 0x00, 0xF4, 0x00, 0xB0, 0xBC, 0x03, 0xD0, 0x00, 0xB6, 0xF0, 0x0F, 0x80,
    0x00, 0xBF, 0xC0, 0x3E, 0x00, 0x00, 0x7F, 0x00, 0xF8, 0x00, 0x00, 0x7C, 0x03, 0xE0, 0x00, 0x00,
    0x7C, 0x0F, 0x80, 0x00, 0x00, 0x7E, 0xBE, 0x00, 0x00, 0x00, 0x7F, 0xFF, 0xE4, 0x00, 0x00, 0x7F,
    0xFF, 0xFF, 0x00, 0x00, 0x00, 0x03, 0x80, 0x00, 0x00, 0x00, 0x00, 0x0B, 0x00, 0x00, 0x00, 0x00,
    0x00, 0x1E, 0x00, 0x00, 0x00, 0x00, 0x00, 0x3C, 0x00, 0x00, 0x00, 0x00, 0x00, 0xFF, 0xFF, 0xFF,
    0xFF, 0xFC, 0x02, 0xFF, 0xFF, 0xFF, 0xFF, 0xFC, 0x07, 0xF5, 0x55, 0x55, 0x55, 0x54, 0x0F, 0xC0,
    0x00, 0x00, 0x00, 0x00, 0x3F, 0x95, 0x55, 0x55, 0x55, 0x54, 0xBF, 0xFF, 0xFF, 0xFF, 0xFF, 0xFC,
    0xBF, 0xFF, 0xFF, 0xFF, 0xFF, 0xFC, 0x2F, 0x80, 0x00, 0x00, 0x00, 0x00, 0x0F, 0xE5, 0x55, 0x55,
    0x55, 0x54, 0x03, 0xFF, 0xFF, 0xFF, 0xFF, 0xFC, 0x01, 0xFF, 0xFF, 0xFF, 0xFF, 0xFC, 0x00, 0xBC,
    0x00, 0x00, 0x00, 0x00, 0x00, 0x3E, 0x00, 0x00, 0x00, 0x00, 0x00, 0x0F, 0x00, 0x00, 0x00, 0x00,
    0x00, 0x07, 0x80, 0x00, 0x00, 0x00, 0x00, 0x01, 0x40, 0x00, 0x00, 0x00, 0x00, 0x00, 0x00, 0x07,
    0x00, 0x00, 0x00, 0x00, 0x00, 0x03, 0xC0, 0x00, 0x00, 0x00, 0x00, 0x01, 0xE0, 0x00, 0x00, 0x00,
    0x00, 0x00, 0xF4, 0x00, 0xBF, 0xFF, 0xFF, 0xFF, 0xFC, 0x00, 0xBF, 0xFF, 0xFF, 0xFF, 0xFF, 0x00,
    0x15, 0x55, 0x55, 0x55, 0x6F, 0x80, 0x00, 0x00, 0x00, 0x00, 0x0F, 0xE0, 0x15, 0x55, 0x55, 0x55,
    0x57, 0xF4, 0xBF, 0xFF, 0xFF, 0xFF, 0xFF, 0xFC, 0xBF, 0xFF, 0xFF, 0xFF, 0xFF, 0xFC, 0x00, 0x00,
    0x00, 0x00, 0x07, 0xF0, 0x15, 0x55, 0x55, 0x55, 0x6F, 0xD0, 0xBF, 0xFF, 0xFF, 0xFF, 0xFF, 0x40,
    0xBF, 0xFF, 0xFF, 0xFF, 0xFE, 0x00, 0x00, 0x00, 0x00, 0x00, 0xFC, 0x00, 0x00, 0x00, 0x00, 0x01,
    0xF0, 0x00, 0x00, 0x00, 0x00, 0x03, 0xD0, 0x00, 0x00, 0x00, 0x00, 0x03, 0x80, 0x00, 0x00, 0x00,
    0x00, 0x05, 0x00, 0x00, 0x00, 0x2C, 0x00, 0x00, 0x00, 0x00, 0x00, 0x0B, 0x40, 0x00, 0x00, 0x00,
    0x00, 0x02, 0xF0, 0x02, 0x00, 0x40, 0x50, 0x00, 0xBD, 0x00, 0x74, 0x2C, 0x0F, 0x00, 0x7F, 0xFF,
    0x0F, 0xC3, 0xE1, 0xFF, 0xD7, 0xFF, 0xFA, 0xDE, 0xB7, 0x78, 0xFD, 0x0F, 0xC1, 0xF4, 0xBD, 0x2F,
    0x00, 0x00, 0x2F, 0x0F, 0x03, 0x80, 0xD0, 0x00, 0x00, 0xB4, 0x10, 0x10, 0x04, 0x00, 0x00, 0x02,
    0xC0, 0x00, 0x00, 0x00, 0x00, 0x00, 0x00, 0x00, 0x00, 0x07, 0x40, 0x00, 0x00, 0x00, 0x00, 0x00,
    0x3D, 0x00, 0x00, 0x80, 0x20, 0x04, 0x01, 0xF4, 0x00, 0x2E, 0x07, 0x02, 0xC0, 0x0B, 0xD0, 0xBF,
    0xF0, 0xFC, 0x7E, 0x1F, 0xFF, 0xCB, 0xD3, 0xAD, 0xDF, 0x77, 0xFF, 0xFC, 0x00, 0x1F, 0x4B, 0xC3,
    0xF0, 0xBE, 0x00, 0x00, 0xF0, 0x38, 0x1D, 0x0F, 0x40, 0x00, 0x00, 0x01, 0x00, 0x43, 0xD0, 0x00,
    0x00, 0x00, 0x00, 0x00, 0x74, 0x00, 0x00, 0x00, 0x00, 0x70, 0x00, 0x3F, 0x00, 0x2F, 0xE0, 0x2F,
    0xFE, 0x0D, 0x31, 0xC0, 0x0C, 0x00, 0x03, 0x00, 0x00, 0xC0, 0x0F, 0xFF, 0xC0, 0x1D, 0x00, 0x03,
    0x00, 0x3F, 0xFF, 0x00, 0x74, 0x00, 0x0C, 0x00, 0x03, 0x00, 0x00, 0xC0, 0x00, 0x30, 0x00, 0x00,
    0x00, 0x00, 0x40, 0x00, 0x30, 0x00, 0x0C, 0x00, 0x03, 0x00, 0x00, 0xC0, 0x00, 0x30, 0x03, 0xFF,
    0xF0, 0x07, 0x40, 0x00, 0xC0, 0x0F, 0xFF, 0xC0, 0x1D, 0x00, 0x03, 0x00, 0x00, 0xC0, 0x0C, 0x31,
    0xC2, 0xEE, 0xE0, 0x2F, 0xE0, 0x03, 0xF0, 0x00, 0x30, 0x00, 0x00, 0x00, 0x00, 0x2C, 0x00, 0x00,
    0x00, 0x00, 0x00, 0xB8, 0x00, 0x00, 0x00, 0x00, 0x02, 0xF0, 0x00, 0x00, 0x00, 0x00, 0x0B, 0xD0,
    0x00, 0x00, 0x00, 0x00, 0x7F, 0xFF, 0x8B, 0xD3, 0xF1, 0xFC, 0x7F, 0xFF, 0x8F, 0xE3, 0xF1, 0xFC,
    0x0F, 0xC0, 0x00, 0x00, 0x00, 0x00, 0x02, 0xF0, 0x00, 0x00, 0x00, 0x00, 0x00, 0xB4, 0x00, 0x00,
    0x00, 0x00, 0x00, 0x2C, 0x00, 0x00, 0x00, 0x00, 0x00, 0x10, 0x00, 0x01, 0xE0, 0x00, 0x0F, 0xD0,
    0x00, 0xFF, 0xC0, 0x0F, 0xFF, 0xC0, 0xF9, 0xEB, 0xC3, 0x47, 0x82, 0x40, 0x1E, 0x00, 0x00, 0x24,
    0x00, 0x00, 0x00, 0x00, 0x07, 0x80, 0x00, 0x1E, 0x00, 0x00, 0x78, 0x00, 0x00, 0x00, 0x00, 0x00,
    0x00, 0x00, 0x1E, 0x00, 0x00, 0x78, 0x00, 0x01, 0xE0, 0x00, 0x00, 0x00, 0x00, 0x00, 0x00, 0x00,
    0x78, 0x00, 0x01, 0xE0, 0x00, 0x07, 0x80, 0x00, 0x00, 0x00, 0x00, 0x00, 0xB0, 0x00, 0x00, 0x00,
    0x00, 0x00, 0x3C, 0x00, 0x00, 0x00, 0x00, 0x00, 0x2F, 0x00, 0x00, 0x00, 0x00, 0x00, 0x0F, 0xC0,
    0xBE, 0x2F, 0x4F, 0xC7, 0xFF, 0xF8, 0xBF, 0x3F, 0x4F, 0xD7, 0xFF, 0xFC, 0x00, 0x00, 0x00, 0x00,
    0x0F, 0xD0, 0x00, 0x00, 0x00, 0x00, 0x2F, 0x00, 0x00, 0x00, 0x00, 0x00, 0x3C, 0x00, 0x00, 0x00,
    0x00, 0x00, 0xB0, 0x00, 0x00, 0x78, 0x00, 0x01, 0xE0, 0x00, 0x07, 0x80, 0x00, 0x1E, 0x00, 0x00,
    0x00, 0x00, 0x01, 0xE0, 0x00, 0x07, 0x80, 0x00, 0x1E, 0x00, 0x00, 0x00, 0x00, 0x01, 0xE0, 0x00,
    0x07, 0x80, 0x00, 0x1E, 0x00, 0x00, 0x78, 0x00, 0x00, 0x00, 0x00, 0x02, 0x40, 0x00, 0x1E, 0x00,
    0x74, 0x78, 0x24, 0xFD, 0xEB, 0xC0, 0xFF, 0xFC, 0x00, 0xFF, 0xC0, 0x00, 0xFD, 0x00, 0x01, 0xE0,
    0x00, 0x01, 0x00, 0x00, 0xB0, 0x03, 0xC0, 0x00, 0x00, 0x00, 0xB0, 0x0F, 0x40, 0x00, 0x00, 0x00,
    0xB0, 0x3F, 0x00, 0x00, 0x00, 0x00, 0xB0, 0xFC, 0x00, 0x00, 0x00, 0x00, 0xBB, 0xFF, 0xFF, 0xFF,
    0xFF, 0xFC, 0xBF, 0xFF, 0xFF, 0xFF, 0xFF, 0xFC, 0xB1, 0xFC, 0x00, 0x00, 0x00, 0x00, 0xB0, 0x3E,
    0x00, 0x00, 0x00, 0x00, 0xB0, 0x0F, 0x00, 0x00, 0x00, 0x00, 0xB0, 0x03, 0x80, 0x00, 0x00, 0x00,
    0x00, 0x00, 0x00, 0x07, 0x00, 0x3C, 0x00, 0x00, 0x00, 0x03, 0xC0, 0x3C, 0x00, 0x00, 0x00, 0x01,
    0xF0, 0x3C, 0x00, 0x00, 0x00, 0x00, 0xFD, 0x3C, 0xBF, 0xFF, 0xFF, 0xFF, 0xFF, 0xBC, 0xBF, 0xFF,
    0xFF, 0xFF, 0xFF, 0xFC, 0x00, 0x00, 0x00, 0x00, 0xBE, 0x3C, 0x00, 0x00, 0x00, 0x01, 0xF4, 0x3C,
    0x00, 0x00, 0x00, 0x03, 0xC0, 0x3C, 0x00, 0x00, 0x00, 0x07, 0x00, 0x2C, 0x00, 0x00, 0x00, 0x00,
    0x00, 0x00, 0x34, 0x00, 0x00, 0x00, 0x03, 0x90, 0x00, 0x00, 0x00, 0x21, 0x40, 0x00, 0x00, 0x02,
    0x47, 0xFF, 0xFF, 0xF0, 0x24, 0x00, 0x00, 0x00, 0x82, 0x40, 0x00, 0x00, 0x02, 0x18, 0x00, 0x00,
    0x00, 0x08, 0x24, 0x00, 0x00, 0x00, 0x20, 0x24, 0x00, 0x00, 0x00, 0x80, 0x20, 0x7F, 0xFF, 0xFF,
    0x00, 0x31, 0x40, 0x00, 0x00, 0x00, 0x39, 0x00, 0x00, 0x00, 0x00, 0x34, 0x00, 0x00, 0x00, 0x00,
    0x00, 0x00, 0x00, 0x00, 0x00, 0x00, 0x00, 0x00, 0x00, 0x1C, 0x00, 0x00, 0x01, 0x8C, 0x00, 0x00,
    0x18, 0x0C, 0x00, 0x01, 0x80, 0x08, 0x00, 0x18, 0x00, 0x08, 0x01, 0x80, 0x00, 0x08, 0x1F, 0xF0,
    0x07, 0xF8, 0x00, 0xC0, 0x14, 0x00, 0x03, 0x00, 0x50, 0x00, 0x0C, 0x01, 0x40, 0x00, 0x30, 0x05,
    0x00, 0x00, 0xC0, 0x14, 0x00, 0x03, 0x00, 0x50, 0x00, 0x0C, 0x01, 0x40, 0x00, 0x30, 0x05, 0x00,
    0x00, 0xC0, 0x14, 0x00, 0x03, 0x00, 0x50, 0x00, 0x0F, 0xFF, 0x40, 0x00, 0x00, 0x00, 0x01, 0x00,
    0x00, 0x00, 0x00, 0x0D, 0x00, 0x00, 0x00, 0x00, 0x39, 0x00, 0x00, 0x00, 0x00, 0xC9, 0x00, 0xBF,
    0xFF, 0xFF, 0x08, 0x02, 0x00, 0x00, 0x00, 0x0C, 0x08, 0x00, 0x00, 0x00, 0x0C, 0x20, 0x00, 0x00,
    0x00, 0x0C, 0x80, 0x00, 0x00, 0x00, 0xC2, 0x00, 0x00, 0x00, 0x0C, 0x0B, 0xFF, 0xFF, 0xF0, 0x90,
    0x00, 0x00, 0x00, 0xC9, 0x00, 0x00, 0x00, 0x03, 0x90, 0x00, 0x00, 0x00, 0x0D, 0x00, 0x00, 0x00,
    0x00, 0x10, 0x00, 0x00, 0x00, 0xFF, 0xF4, 0x00, 0x03, 0x00, 0x50, 0x00, 0x0C, 0x01, 0x40, 0x00,
    0x30, 0x05, 0x00, 0x00, 0xC0, 0x14, 0x00, 0x03, 0x00, 0x50, 0x00, 0x0C, 0x01, 0x40, 0x00, 0x30,
    0x05, 0x00, 0x00, 0xC0, 0x14, 0x00, 0x03, 0x00, 0x50, 0x00, 0x0C, 0x01, 0x40, 0x1F, 0xF0, 0x07,
    0xF8, 0x18, 0x00, 0x00, 0x80, 0x18, 0x00, 0x08, 0x00, 0x18, 0x00, 0x80, 0x00, 0x18, 0x08, 0x00,
    0x00, 0x18, 0x80, 0x00, 0x00, 0x18, 0x00, 0x00, 0x00, 0x00, 0x00, 0x00, 0x00, 0x00, 0x00, 0x00,
    0x00, 0x1C, 0x00, 0x00, 0x01, 0x8C, 0x00, 0x00, 0x18, 0x0C, 0x00, 0x01, 0x80, 0x08, 0x00, 0x18,
    0x00, 0x08, 0x01, 0x80, 0x00, 0x08, 0x1F, 0xF0, 0x07, 0xF8, 0x00, 0xC0, 0x14, 0x00, 0x03, 0x00,
    0x50, 0x00, 0x0C, 0x01, 0x40, 0x00, 0x30, 0x05, 0x00, 0x00, 0xC0, 0x14, 0x00, 0x03, 0x00, 0x50,
    0x00, 0x0C, 0x01, 0x40, 0x00, 0x3F, 0xFD, 0x00, 0x00, 0x00, 0x00, 0x00, 0x03, 0xFF, 0xD0, 0x00,
    0x0C, 0x01, 0x40, 0x00, 0x30, 0x05, 0x00, 0x00, 0xFF, 0xF4, 0x00, 0x00, 0x00, 0x00, 0x00, 0x00,
    0x1C, 0x00, 0x00, 0x01, 0x8C, 0x00, 0x00, 0x18, 0x0C, 0x00, 0x01, 0x80, 0x08, 0x00, 0x18, 0x00,
    0x08, 0x01, 0x80, 0x00, 0x08, 0x1F, 0xF0, 0x07, 0xF8, 0x00, 0xC0, 0x14, 0x00, 0x03, 0x00, 0x50,
    0x00, 0x0C, 0x01, 0x40, 0x00, 0x30, 0x05, 0x00, 0x00, 0xC0, 0x14, 0x00, 0x03, 0x00, 0x50, 0x00,
    0x0C, 0x01, 0x40, 0x00, 0x30, 0x05, 0x00, 0x00, 0xC0, 0x14, 0x02, 0xFF, 0x00, 0x7F, 0xD8, 0x00,
    0x00, 0x01, 0x60, 0x00, 0x00, 0x05, 0xBF, 0xFF, 0xFF, 0xF4, 0x00, 0x02, 0x00, 0x00, 0x00, 0x3A,
    0x00, 0x00, 0x03, 0x06, 0x00, 0x00, 0x30, 0x06, 0x00, 0x07, 0xFF, 0xFE, 0x00, 0x60, 0x00, 0x06,
    0x03, 0xFC, 0x01, 0xFE, 0x00, 0x30, 0x05, 0x00, 0x00, 0xC0, 0x14, 0x00, 0x03, 0x00, 0x50, 0x00,
    0x0C, 0x01, 0x40, 0x00, 0x30, 0x05, 0x00, 0x00, 0xC0, 0x14, 0x00, 0x03, 0x00, 0x50, 0x00, 0x0C,
    0x01, 0x40, 0x00, 0x30, 0x05, 0x00, 0xBF, 0xC0, 0x1F, 0xF6, 0x00, 0x00, 0x00, 0x58, 0x00, 0x00,
    0x01, 0x6F, 0xFF, 0xFF, 0xFD, 0x00, 0x00, 0x00, 0x00, 0x00, 0x1C, 0x00, 0x00, 0x01, 0xBC, 0x00,
    0x00, 0x18, 0x8C, 0x00, 0x01, 0x82, 0x08, 0x00, 0x18, 0x08, 0x08, 0x01, 0x80, 0x20, 0x08, 0x1F,
    0xF0, 0x87, 0xF8, 0x00, 0xC2, 0x14, 0x00, 0x03, 0x08, 0x50, 0x00, 0x0C, 0x21, 0x40, 0x00, 0x30,
    0x85, 0x00, 0x00, 0xC2, 0x14, 0x00, 0x03, 0x08, 0x50, 0x00, 0x0C, 0x21, 0x40, 0x00, 0x30, 0x85,
    0x00, 0x00, 0xC2, 0x14, 0x02, 0xFF, 0x08, 0x7F, 0xD8, 0x00, 0x20, 0x01, 0x60, 0x00, 0x80, 0x05,
    0xBF, 0xFF, 0xFF, 0xF4, 0x00, 0x00, 0x00, 0x00, 0x00, 0x1C, 0x00, 0x00, 0x01, 0x8C, 0x00, 0x00,
    0x18, 0x0C, 0x00, 0x01, 0x87, 0x08, 0x00, 0x18, 0x63, 0x08, 0x01, 0x86, 0x03, 0x08, 0x1F, 0xE0,
    0x03, 0xF8, 0x06, 0x00, 0x02, 0x00, 0x60, 0x00, 0x02, 0x07, 0xFC, 0x01, 0xFE, 0x00, 0x30, 0x05,
    0x00, 0x00, 0xC0, 0x14, 0x00, 0x03, 0x00, 0x50, 0x00, 0x0C, 0x01, 0x40, 0x00, 0x30, 0x05, 0x00,
    0x00, 0xC0, 0x14, 0x00, 0x03, 0x00, 0x50, 0x00, 0x0C, 0x01, 0x40, 0x00, 0x30, 0x05, 0x00, 0x00,
    0xC0, 0x14, 0x00, 0x03, 0x00, 0x50, 0x00, 0x0C, 0x01, 0x40, 0x00, 0x3F, 0xFD, 0x00, 0x00, 0x00,
    0x00, 0x00, 0x00, 0x1C, 0x00, 0x00, 0x01, 0x8C, 0x00, 0x00, 0x18, 0x0C, 0x00, 0x01, 0x87, 0x08,
    0x00, 0x18, 0x63, 0x08, 0x01, 0x86, 0x03, 0x08, 0x1F, 0xE0, 0x03, 0xF8, 0x06, 0x00, 0x02, 0x00,
    0x60, 0x00, 0x02, 0x07, 0xFC, 0x01, 0xFE, 0x00, 0x30, 0x05, 0x00, 0x00, 0xC0, 0x14, 0x00, 0x03,
    0x00, 0x50, 0x00, 0x0C, 0x01, 0x40, 0x00, 0x30, 0x05, 0x00, 0x00, 0xC0, 0x14, 0x00, 0x03, 0x00,
    0x50, 0x00, 0x0C, 0x01, 0x40, 0x00, 0x30, 0x05, 0x00, 0xBF, 0xC0, 0x1F, 0xF6, 0x00, 0x00, 0x00,
    0x58, 0x00, 0x00, 0x01, 0x6F, 0xFF, 0xFF, 0xFD, 0xBF, 0x00, 0x00, 0x10, 0x00, 0x20, 0xC0, 0x00,
    0x0A, 0x00, 0x08, 0x30, 0x00, 0x02, 0xA0, 0x02, 0x0C, 0x00, 0x00, 0x86, 0x00, 0x82, 0xFF, 0xFF,
    0xF0, 0x60, 0x20, 0x00, 0x00, 0x00, 0x06, 0x08, 0x00, 0x00, 0x00, 0x00, 0x62, 0x00, 0x00, 0x00,
    0x00, 0x18, 0x80, 0x00, 0x00, 0x00, 0x18, 0x20, 0xBF, 0xFF, 0xFC, 0x18, 0x08, 0x30, 0x00, 0x02,
    0x18, 0x02, 0x0C, 0x00, 0x00, 0x98, 0x00, 0x83, 0x00, 0x00, 0x28, 0x00, 0x2F, 0xC0, 0x00, 0x04,
    0x00, 0x00, 0x15, 0x55, 0x55, 0x55, 0x55, 0x52, 0xFF, 0xFF, 0xFF, 0xFF, 0xFF, 0xCB, 0xFF, 0xFF,
    0xFF, 0xFF, 0xFF, 0x2C, 0x00, 0x00, 0x00, 0x00, 0x00, 0xB0, 0x40, 0x00, 0x00, 0x00, 0x02, 0xC3,
    0xFE, 0xA8, 0x00, 0x00, 0x0B, 0x0F, 0xFF, 0xE0, 0x00, 0x00, 0x2C, 0x2F, 0xD0, 0x00, 0x00, 0x00,
    0xB0, 0xBF, 0xC0, 0x00, 0x00, 0x02, 0xC1, 0xE7, 0xC0, 0x00, 0x00, 0x0B, 0x07, 0x47, 0xC0, 0x00,
    0x00, 0x2C, 0x1C, 0x07, 0xC0, 0x00, 0x00, 0xB0, 0x20, 0x07, 0xC0, 0x00, 0x02, 0xC0, 0x00, 0x07,
    0xC0, 0x00, 0x0B, 0x00, 0x00, 0x07, 0xC0, 0x00, 0x2C, 0x00, 0x00, 0x07, 0xC0, 0x00, 0xB0, 0x00,
    0x00, 0x07, 0xC0, 0x02, 0xC0, 0x00, 0x00, 0x07, 0xC0, 0x0B, 0x00, 0x00, 0x00, 0x07, 0xC0, 0x2C,
    0x00, 0x00, 0x00, 0x07, 0xC0, 0xB0, 0x00, 0x00, 0x00, 0x07, 0x42, 0xC0, 0x00, 0x00, 0x00, 0x04,
    0x05, 0x00, 0x00, 0x00, 0x00, 0x00, 0x00, 0x00, 0x00, 0x00, 0x00, 0x00, 0xB0, 0x24, 0x00, 0x00,
    0x00, 0x02, 0xC0, 0xF4, 0x00, 0x00, 0x00, 0x0B, 0x01, 0xF4, 0x00, 0x00, 0x00, 0x2C, 0x01, 0xF4,
    0x00, 0x00, 0x00, 0xB0, 0x00, 0xF4, 0x00, 0x00, 0x02, 0xC0, 0x00, 0xF4, 0x00, 0x00, 0x0B, 0x00,
    0x00, 0xF4, 0x00, 0x00, 0x2C, 0x00, 0x00, 0xF4, 0x00, 0x00, 0xB0, 0x00, 0x00, 0xF4, 0x00, 0x02,
    0xC0, 0x00, 0x00, 0xF4, 0x0B, 0x0B, 0x00, 0x00, 0x00, 0xF4, 0x3C, 0x2C, 0x00, 0x00, 0x00, 0xF4,
    0xF0, 0xB0, 0x00, 0x00, 0x00, 0xFB, 0xC2, 0xC0, 0x00, 0x00, 0x00, 0xFF, 0x0B, 0x00, 0x00, 0x00,
    0x6F, 0xFC, 0x2C, 0x00, 0x00, 0x0B, 0xFF, 0xF4, 0xB0, 0x00, 0x00, 0x00, 0x01, 0x82, 0xC0, 0x00,
    0x00, 0x00, 0x00, 0x0B, 0x2F, 0xFF, 0xFF, 0xFF, 0xFF, 0xFC, 0xBF, 0xFF, 0xFF, 0xFF, 0xFF, 0xF0,
    0x00, 0x00, 0x00, 0x00, 0x00, 0x1C, 0x00, 0x00, 0x01, 0x8C, 0x00, 0x00, 0x18, 0x0C, 0x00, 0x01,
    0x80, 0x08, 0x00, 0x18, 0x00, 0x08, 0x01, 0x80, 0x00, 0x08, 0x1F, 0xF0, 0x07, 0xF8, 0x00, 0xC0,
    0x14, 0x00, 0x03, 0x00, 0x50, 0x00, 0x0C, 0x01, 0x40, 0x00, 0x30, 0x05, 0x00, 0x00, 0xC0, 0x14,
    0x00, 0x03, 0x00, 0x50, 0x00, 0x0C, 0x01, 0x40, 0x1F, 0xF0, 0x07, 0xF8, 0x18, 0x00, 0x00, 0x80,
    0x18, 0x00, 0x08, 0x00, 0x18, 0x00, 0x80, 0x00, 0x18, 0x08, 0x00, 0x00, 0x18, 0x80, 0x00, 0x00,
    0x18, 0x00, 0x00, 0x00, 0x00, 0x00, 0x00, 0x00, 0x06, 0xF9, 0x00, 0xB0, 0x00, 0x00, 0x1F, 0xFF,
    0x80, 0x3C, 0x00, 0x00, 0x3E, 0x5B, 0xD0, 0x2F, 0x00, 0x00, 0xB4, 0x01, 0xE0, 0x0F, 0xC0, 0xBF,
    0xFF, 0xFF, 0xFF, 0xFF, 0xF8, 0xBF, 0xFF, 0xFF, 0xFF, 0xFF, 0xFC, 0x15, 0xF9, 0x56, 0xF5, 0x5F,
    0xE0, 0x00, 0x7E, 0x5B, 0xD0, 0x1F, 0x40, 0x00, 0x2F, 0xFF, 0x80, 0x3C, 0x00, 0x00, 0x06, 0xFD,
    0x00, 0xB0, 0x00, 0x00, 0x24, 0x00, 0x01, 0x00, 0x00, 0x1E, 0x00, 0x02, 0xD0, 0x00, 0x07, 0x80,
    0x00, 0xFC, 0x00, 0x01, 0xE0, 0x00, 0xFF, 0x80, 0x00, 0x78, 0x00, 0xFF, 0xF8, 0x00, 0x1E, 0x00,
    0xFE, 0xEF, 0x80, 0x07, 0x80, 0x74, 0xB4, 0xB0, 0x01, 0xE0, 0x00, 0x2D, 0x00, 0x00, 0x78, 0x00,
    0x0B, 0x40, 0x00, 0x1E, 0x00, 0x02, 0xD0, 0x00, 0x07, 0x80, 0x00, 0xB4, 0x00, 0x01, 0xE0, 0x00,
    0x2D, 0x00, 0x00, 0x78, 0x00, 0x0B, 0x40, 0x00, 0x1E, 0x00, 0x02, 0xD0, 0x00, 0x07, 0x80, 0x00,
    0xB4, 0x00, 0x01, 0xE0, 0x00, 0x2D, 0x00, 0x10, 0x78, 0x14, 0x0B, 0x40, 0x0F, 0x5E, 0x3D, 0x02,
    0xD0, 0x01, 0xFF, 0xFE, 0x00, 0xB4, 0x00, 0x1F, 0xFE, 0x00, 0x2D, 0x00, 0x01, 0xFE, 0x00, 0x0B,
    0x40, 0x00, 0x2F, 0x00, 0x02, 0xD0, 0x00, 0x03, 0x40, 0x00, 0xB4, 0x00, 0x00, 0x00, 0x00, 0x00,
    0xB0, 0x00, 0x00, 0x00, 0x00, 0x00, 0x3C, 0x00, 0x00, 0x00, 0x00, 0x00, 0x2F, 0x00, 0x00, 0x00,
    0x00, 0x00, 0x0F, 0xC0, 0xBF, 0xFF, 0xFF, 0xFF, 0xFF, 0xF8, 0xBF, 0xFF, 0xFF, 0xFF, 0xFF, 0xFC,
    0x00, 0x00, 0x00, 0x00, 0x0F, 0xD0, 0x00, 0x00, 0x00, 0x00, 0x2F, 0x00, 0x00, 0x00, 0x00, 0x00,
    0x3C, 0x00, 0x00, 0x00, 0x00, 0x00, 0xB0, 0x00, 0x00, 0x00, 0x00, 0x00, 0xB0, 0x00, 0x00, 0x00,
    0x00, 0x00, 0x3C, 0x00, 0x00, 0x00, 0x00, 0x00, 0x2F, 0x00, 0x00, 0x00, 0x00, 0x00, 0x0F, 0xC0,
    0xBF, 0xFF, 0xFF, 0xFF, 0xFF, 0xF8, 0xBF, 0xFF, 0xFF, 0xFF, 0xFF, 0xFC, 0x00, 0x00, 0x00, 0x00,
    0x0F, 0xD0, 0x00, 0x00, 0x00, 0x00, 0x2F, 0x00, 0x00, 0x00, 0x00, 0x00, 0x3C, 0x00, 0x00, 0x00,
    0x00, 0x00, 0xB0, 0x00, 0x00, 0x00, 0x00, 0x00, 0xB0, 0x00, 0x00, 0x00, 0x00, 0x00, 0x3C, 0x00,
    0x00, 0x00, 0x00, 0x00, 0x2F, 0x00, 0x00, 0x00, 0x00, 0x00, 0x0F, 0xC0, 0xBF, 0xFF, 0xFF, 0xFF,
    0xFF, 0xF8, 0xBF, 0xFF, 0xFF, 0xFF, 0xFF, 0xFC, 0x00, 0x00, 0x00, 0x00, 0x0F, 0xD0, 0x00, 0x00,
    0x00, 0x00, 0x2F, 0x00, 0x00, 0x00, 0x00, 0x00, 0x3C, 0x00, 0x00, 0x00, 0x00, 0x00, 0xB0, 0x00,
    0x00, 0x2C, 0x00, 0xB0, 0x00, 0x00, 0x00, 0xB8, 0x00, 0xB0, 0x00, 0x00, 0x02, 0xF0, 0x00, 0xB0,
    0x00, 0x00, 0x0B, 0xD0, 0x00, 0xB0, 0x00, 0x00, 0x7F, 0xFF, 0xFF, 0xFF, 0xFF, 0xFC, 0x7F, 0xFF,
    0xFF, 0xFF, 0xFF, 0xFC, 0x0F, 0xC0, 0x00, 0xB0, 0x00, 0x00, 0x02, 0xF0, 0x00, 0xB0, 0x00, 0x00,
    0x00, 0xB4, 0x00, 0xB0, 0x00, 0x00, 0x00, 0x2C, 0x00, 0xB0, 0x00, 0x00, 0x00, 0x00, 0x3C, 0x00,
    0xB0, 0x00, 0x00, 0x00, 0x3C, 0x00, 0x3C, 0x00, 0x00, 0x00, 0x3C, 0x00, 0x2F, 0x00, 0x00, 0x00,
    0x3C, 0x00, 0x0F, 0xC0, 0xBF, 0xFF, 0xFF, 0xFF, 0xFF, 0xF8, 0xBF, 0xFF, 0xFF, 0xFF, 0xFF, 0xFC,
    0x00, 0x00, 0x3C, 0x00, 0x0F, 0xD0, 0x00, 0x00, 0x3C, 0x00, 0x2F, 0x00, 0x00, 0x00, 0x3C, 0x00,
    0x3C, 0x00, 0x00, 0x00, 0x3C, 0x00, 0xB0, 0x00, 0x00, 0x2C, 0x00, 0xF0, 0x02, 0xC0, 0x00, 0x0B,
    0x80, 0x0F, 0x00, 0x1F, 0x00, 0x02, 0xF0, 0x00, 0xF0, 0x00, 0xBC, 0x00, 0xBD, 0x00, 0x0F, 0x00,
    0x03, 0xF0, 0x7F, 0xFF, 0xFF, 0xFF, 0xFF, 0xFF, 0xE7, 0xFF, 0xFF, 0xFF, 0xFF, 0xFF, 0xFE, 0x0F,
    0xC0, 0x00, 0xF0, 0x00, 0x3F, 0x40, 0x2F, 0x00, 0x0F, 0x00, 0x0B, 0xC0, 0x00, 0xB4, 0x00, 0xF0,
    0x00, 0xF0, 0x00, 0x02, 0xC0, 0x0F, 0x00, 0x2C, 0x00, 0x00, 0x2C, 0x07, 0x47, 0x80, 0x00, 0x00,
    0xB8, 0x07, 0x47, 0x80, 0x00, 0x02, 0xF0, 0x07, 0x47, 0x80, 0x00, 0x0B, 0xD0, 0x07, 0x47, 0x80,
    0x00, 0x7F, 0xFF, 0xFF, 0xFF, 0xFF, 0xFC, 0x7F, 0xFF, 0xFF, 0xFF, 0xFF, 0xFC, 0x0F, 0xC0, 0x07,
    0x47, 0x80, 0x00, 0x02, 0xF0, 0x07, 0x47, 0x80, 0x00, 0x00, 0xB4, 0x07, 0x47, 0x80, 0x00, 0x00,
    0x2C, 0x07, 0x47, 0x80, 0x00, 0x00, 0x03, 0x83, 0x80, 0xB0, 0x00, 0x00, 0x03, 0x83, 0x80, 0x3C,
    0x00, 0x00, 0x03, 0x83, 0x80, 0x2F, 0x00, 0x00, 0x03, 0x83, 0x80, 0x0F, 0xC0, 0xBF, 0xFF, 0xFF,
    0xFF, 0xFF, 0xF8, 0xBF, 0xFF, 0xFF, 0xFF, 0xFF, 0xFC, 0x00, 0x03, 0x83, 0x80, 0x0F, 0xD0, 0x00,
    0x03, 0x83, 0x80, 0x2F, 0x00, 0x00, 0x03, 0x83, 0x80, 0x3C, 0x00, 0x00, 0x03, 0x83, 0x80, 0xB0,
    0x00, 0x00, 0x2C, 0x0B, 0x0B, 0x42, 0xC0, 0x00, 0x0B, 0x80, 0xB0, 0xB4, 0x1F, 0x00, 0x02, 0xF0,
    0x0B, 0x0B, 0x40, 0xBC, 0x00, 0xBD, 0x00, 0xB0, 0xB4, 0x03, 0xF0, 0x7F, 0xFF, 0xFF, 0xFF, 0xFF,
    0xFF, 0xE7, 0xFF, 0xFF, 0xFF, 0xFF, 0xFF, 0xFE, 0x0F, 0xC0, 0x0B, 0x0B, 0x40, 0x3F, 0x40, 0x2F,
    0x00, 0xB0, 0xB4, 0x0B, 0xC0, 0x00, 0xB4, 0x0B, 0x0B, 0x40, 0xF0, 0x00, 0x02, 0xC0, 0xB0, 0xB4,
    0x2C, 0x00, 0x00, 0x00, 0x00, 0x00, 0x00, 0x00, 0x00, 0x18, 0x00, 0x00, 0x00, 0x00, 0x00, 0xB8,
    0x00, 0x00, 0x00, 0x00, 0x02, 0xF8, 0x00, 0x00, 0x00, 0x00, 0x0F, 0xBD, 0x55, 0x55, 0x55, 0x54,
    0x7E, 0x3F, 0xFF, 0xFF, 0xFF, 0xFC, 0x3F, 0x3F, 0xFF, 0xFF, 0xFF, 0xFC, 0x0B, 0xF8, 0x00, 0x00,
    0x00, 0x00, 0x01, 0xF8, 0x00, 0x00, 0x00, 0x00, 0x00, 0x38, 0x00, 0x00, 0x00, 0x00, 0x00, 0x04,
    0x00, 0x00, 0x00, 0x00, 0x00, 0x00, 0x00, 0x00, 0x00, 0x00, 0x00, 0x00, 0x00, 0x00, 0x60, 0x00,
    0x00, 0x00, 0x00, 0x00, 0x7C, 0x00, 0x00, 0x00, 0x00, 0x00, 0x7F, 0x00, 0x15, 0x55, 0x55, 0x55,
    0xBB, 0xD0, 0xBF, 0xFF, 0xFF, 0xFF, 0xF5, 0xF8, 0xBF, 0xFF, 0xFF, 0xFF, 0xF6, 0xF4, 0x00, 0x00,
    0x00, 0x00, 0x7F, 0xC0, 0x00, 0x00, 0x00, 0x00, 0x7E, 0x00, 0x00, 0x00, 0x00, 0x00, 0x74, 0x00,
    0x00, 0x00, 0x00, 0x00, 0x50, 0x00, 0x00, 0x00, 0x00, 0x00, 0x00, 0x00, 0x00, 0x00, 0x18, 0x00,
    0x00, 0x00, 0x18, 0x00, 0x00, 0xB8, 0x00, 0x00, 0x00, 0x1E, 0x00, 0x02, 0xF8, 0x00, 0x00, 0x00,
    0x1F, 0xC0, 0x0F, 0xBE, 0xAA, 0xAA, 0xAA, 0xBE, 0xF4, 0x7E, 0x3F, 0xFF, 0xFF, 0xFF, 0xFD, 0x7E,
    0x3F, 0x3F, 0xFF, 0xFF, 0xFF, 0xFD, 0xBD, 0x0B, 0xF8, 0x00, 0x00, 0x00, 0x1F, 0xF0, 0x01, 0xF8,
    0x00, 0x00, 0x00, 0x1F, 0x80, 0x00, 0x38, 0x00, 0x00, 0x00, 0x1D, 0x00, 0x00, 0x04, 0x00, 0x00,
    0x00, 0x10, 0x00, 0x64, 0x00, 0x00, 0x06, 0x1F, 0x00, 0x00, 0x07, 0xC3, 0xD0, 0x00, 0x03, 0xE0,
    0xBC, 0x00, 0x00, 0xF4, 0x0F, 0x40, 0x00, 0xBC, 0x03, 0xE5, 0x55, 0x7D, 0x00, 0x7F, 0xFF, 0xFF,
    0x00, 0x0F, 0xFF, 0xFF, 0x80, 0x02, 0xE0, 0x03, 0xD0, 0x00, 0x3C, 0x01, 0xF0, 0x00, 0x0F, 0x40,
    0xB8, 0x00, 0x01, 0xF0, 0x3C, 0x00, 0x00, 0x3C, 0x1E, 0x00, 0x00, 0x0B, 0x4F, 0x40, 0x00, 0x01,
    0xF3, 0xC0, 0x00, 0x00, 0x3E, 0xE0, 0x00, 0x00, 0x07, 0xF0, 0x00, 0x00, 0x00, 0xF8, 0x00, 0x00,
    0x00, 0x14, 0x00, 0x00, 0x07, 0xF4, 0x0B, 0xFF, 0x43, 0xE6, 0xF1, 0xE0, 0x3D, 0xB4, 0x0B, 0x6D,
    0x01, 0xDB, 0x40, 0x02, 0xD0, 0x00, 0xB4, 0x00, 0x2D, 0x00, 0x0B, 0x40, 0x02, 0xD0, 0x00, 0xB4,
    0x07, 0x6D, 0x02, 0xDB, 0x80, 0xF4, 0xF9, 0xBC, 0x2F, 0xFD, 0x02, 0xFD, 0x00, 0x00, 0x50, 0x00,
    0x0B, 0xFE, 0x00, 0x3F, 0xFF, 0xC0, 0x39, 0x0B, 0xE0, 0x00, 0x02, 0xF0, 0x00, 0x00, 0xF4, 0x00,
    0x10, 0xB8, 0x03, 0xEB, 0xBC, 0x0F, 0x00, 0xFC, 0x3C, 0x00, 0x3C, 0x78, 0x00, 0x3C, 0xB4, 0x00,
    0x3C, 0xF4, 0x00, 0x3C, 0xF4, 0x00, 0x7C, 0xB8, 0x00, 0xF8, 0x7C, 0x01, 0xF4, 0x3F, 0x5B, 0xF0,
    0x1F, 0xFF, 0xC0, 0x02, 0xFD, 0x00, 0xBF, 0xFF, 0xFF, 0x2F, 0xFF, 0xFF, 0xC1, 0x55, 0x55, 0xF0,
    0x00, 0x00, 0x3C, 0x00, 0x00, 0x0F, 0x00, 0x00, 0x03, 0xC0, 0x00, 0x00, 0xF0, 0x55, 0x55, 0x7C,
    0x3F, 0xFF, 0xFF, 0x0F, 0xFF, 0xFF, 0xC0, 0x00, 0x00, 0xF0, 0x00, 0x00, 0x3C, 0x00, 0x00, 0x0F,
    0x00, 0x00, 0x03, 0xC0, 0x00, 0x00, 0xF0, 0x55, 0x55, 0x7C, 0xBF, 0xFF, 0xFF, 0x2F, 0xFF, 0xFF,
    0xC0, 0x00, 0x00, 0x00, 0x00, 0x00, 0x38, 0x00, 0x00, 0x1D, 0x02, 0xFF, 0xFF, 0xFC, 0xBF, 0xFF,
    0xFF, 0x05, 0x55, 0xF7, 0xC0, 0x00, 0x34, 0xF0, 0x00, 0x2C, 0x3C, 0x00, 0x0F, 0x0F, 0x00, 0x03,
    0x83, 0xC1, 0x56, 0xE5, 0xF0, 0xFF, 0xFF, 0xFC, 0x3F, 0xFF, 0xFF, 0x00, 0x0E, 0x03, 0xC0, 0x07,
    0x40, 0xF0, 0x02, 0xC0, 0x3C, 0x00, 0xE0, 0x0F, 0x00, 0x34, 0x03, 0xC1, 0x6D, 0x55, 0xF2, 0xFF,
    0xFF, 0xFC, 0xBF, 0xFF, 0xFF, 0x00, 0xD0, 0x00, 0x00, 0x70, 0x00, 0x00, 0x00, 0x00, 0x00, 0x00,
    0x00, 0x00, 0x1F, 0xF9, 0x00, 0x80, 0x0B, 0xFF, 0xFE, 0x0B, 0x40, 0xFF, 0x95, 0xBF, 0x78, 0x0F,
    0xD0, 0x00, 0x2F, 0xC0, 0xBC, 0x00, 0x00, 0x7F, 0x03, 0xC0, 0x00, 0x0B, 0x9E, 0x1E, 0x00, 0x00,
    0xB8, 0x3C, 0xB4, 0x00, 0x0F, 0x40, 0x76, 0xC0, 0x00, 0xF4, 0x00, 0xEB, 0x00, 0x0F, 0x00, 0x03,
    0x9D, 0x01, 0xF0, 0x00, 0x1E, 0x38, 0x1F, 0x00, 0x00, 0xB4, 0xF1, 0xE0, 0x00, 0x07, 0xC0, 0xFE,
    0x00, 0x00, 0x3D, 0x03, 0xF4, 0x00, 0x07, 0xF0, 0x2E, 0xFE, 0x56, 0xFF, 0x01, 0xE0, 0xFF, 0xFF,
    0xE0, 0x01, 0x00, 0x6F, 0xF4, 0x00, 0x00, 0x00, 0x0F, 0x80, 0x00, 0x00, 0x7F, 0x00, 0x00, 0x02,
    0xFC, 0x00, 0x00, 0x0F, 0xB8, 0x00, 0x00, 0x78, 0xF0, 0x00, 0x03, 0xD3, 0xD0, 0x00, 0x0F, 0x0B,
    0x80, 0x00, 0x78, 0x0F, 0x00, 0x03, 0xD0, 0x3D, 0x00, 0x0F, 0x00, 0xB8, 0x00, 0x78, 0x00, 0xF0,
    0x03, 0xD0, 0x03, 0xD0, 0x0F, 0x00, 0x0B, 0x80, 0xB8, 0x00, 0x0F, 0x03, 0xD0, 0x00, 0x3D, 0x0F,
    0x55, 0x55, 0xB8, 0x7F, 0xFF, 0xFF, 0xF2, 0xFF, 0xFF, 0xFF, 0xC0, 0x15, 0x55, 0x55, 0x52, 0xFF,
    0xFF, 0xFF, 0xC7, 0xFF, 0xFF, 0xFF, 0x0F, 0x00, 0x00, 0xB8, 0x2D, 0x00, 0x03, 0xD0, 0x7C, 0x00,
    0x0F, 0x00, 0xF0, 0x00, 0xB8, 0x02, 0xD0, 0x03, 0xD0, 0x07, 0xC0, 0x0F, 0x00, 0x0F, 0x00, 0xB8,
    0x00, 0x2D, 0x03, 0xD0, 0x00, 0x7C, 0x0F, 0x00, 0x00, 0xF0, 0xB8, 0x00, 0x02, 0xD3, 0xD0, 0x00,
    0x07, 0xCF, 0x00, 0x00, 0x0F, 0xB8, 0x00, 0x00, 0x2F, 0xC0, 0x00, 0x00, 0x7F, 0x00, 0x00, 0x00,
    0xF8, 0x00, 0x00, 0x00, 0x6F, 0xFF, 0xFC, 0x03, 0xFF, 0xFF, 0xFC, 0x0F, 0xE9, 0x55, 0x54, 0x3F,
    0x00, 0x00, 0x00, 0x3C, 0x00, 0x00, 0x00, 0xB4, 0x00, 0x00, 0x00, 0xB5, 0x55, 0x55, 0x54, 0xBF,
    0xFF, 0xFF, 0xFC, 0xBF, 0xFF, 0xFF, 0xFC, 0xB0, 0x00, 0x00, 0x00, 0x38, 0x00, 0x00, 0x00, 0x3E,
    0x00, 0x00, 0x00, 0x0F, 0xE5, 0x55, 0x54, 0x03, 0xFF, 0xFF, 0xFC, 0x00, 0x6F, 0xFF, 0xFC, 0x00,
    0x00, 0x00, 0x00, 0x00, 0x00, 0x00, 0xD0, 0x00, 0x00, 0x01, 0xD0, 0x00, 0x00, 0x02, 0xC0, 0x00,
    0x6F, 0xFF, 0xFC, 0x03, 0xFF, 0xFF, 0xFC, 0x0F, 0xE9, 0x5F, 0x54, 0x3F, 0x00, 0x0F, 0x00, 0x3C,
    0x00, 0x1D, 0x00, 0xB4, 0x00, 0x3C, 0x00, 0xB5, 0x55, 0x7D, 0x54, 0xBF, 0xFF, 0xFF, 0xFC, 0xBF,
    0xFF, 0xFF, 0xFC, 0xB4, 0x00, 0xE0, 0x00, 0x38, 0x02, 0xC0, 0x00, 0x3E, 0x03, 0x80, 0x00, 0x0F,
    0xEB, 0x55, 0x54, 0x02, 0xFF, 0xFF, 0xFC, 0x00, 0x2F, 0xFF, 0xFC, 0x00, 0x2C, 0x00, 0x00, 0x00,
    0x3C, 0x00, 0x00, 0x00, 0x14, 0x00, 0x00, 0x00, 0x05, 0x54, 0x07, 0xFF, 0xFE, 0x1F, 0xFF, 0xFE,
    0x3F, 0x40, 0x00, 0x78, 0x00, 0x00, 0xB0, 0x00, 0x00, 0xBF, 0xFF, 0xFE, 0xBF, 0xFF, 0xFE, 0x79,
    0x55, 0x54, 0x3E, 0x55, 0x54, 0x0F, 0xFF, 0xFE, 0x01, 0xFF, 0xFE, 0xBF, 0xFF, 0xE4, 0x00, 0xBF,
    0xFF, 0xFF, 0x40, 0x15, 0x55, 0x6F, 0xE0, 0x00, 0x00, 0x01, 0xF4, 0x00, 0x00, 0x00, 0x78, 0x00,
    0x00, 0x00, 0x3C, 0x15, 0x55, 0x55, 0x7C, 0xBF, 0xFF, 0xFF, 0xFC, 0xBF, 0xFF, 0xFF, 0xFC, 0x00,
    0x00, 0x00, 0x3C, 0x00, 0x00, 0x00, 0x38, 0x00, 0x00, 0x01, 0xF0, 0x15, 0x55, 0x6F, 0xE0, 0xBF,
    0xFF, 0xFF, 0x40, 0xBF, 0xFF, 0xE4, 0x00, 0x00, 0x00, 0x00, 0x00, 0x00, 0x00, 0x28, 0x00, 0x00,
    0x00, 0x38, 0x00, 0x00, 0x00, 0x74, 0x00, 0xBF, 0xFF, 0xF4, 0x00, 0xBF, 0xFF, 0xFF, 0x40, 0x15,
    0x56, 0xFF, 0xE0, 0x00, 0x02, 0xC2, 0xF0, 0x00, 0x03, 0x80, 0xB8, 0x00, 0x07, 0x40, 0x3C, 0x15,
    0x5F, 0x55, 0x7C, 0xBF, 0xFF, 0xFF, 0xFC, 0xBF, 0xFF, 0xFF, 0xFC, 0x00, 0x2C, 0x00, 0x3C, 0x00,
    0x38, 0x00, 0x38, 0x00, 0xB0, 0x01, 0xF4, 0x15, 0xF5, 0x6F, 0xE0, 0xBF, 0xFF, 0xFF, 0x40, 0xBF,
    0xFF, 0xE4, 0x00, 0x03, 0xC0, 0x00, 0x00, 0x07, 0x40, 0x00, 0x00, 0x01, 0x00, 0x00, 0x00, 0x15,
    0x50, 0x00, 0xBF, 0xFF, 0x80, 0xBF, 0xFF, 0xF4, 0x00, 0x01, 0xFC, 0x00, 0x00, 0x3D, 0x00, 0x00,
    0x1E, 0xBF, 0xFF, 0xFE, 0xBF, 0xFF, 0xFE, 0x15, 0x55, 0x6D, 0x15, 0x55, 0xBC, 0xBF, 0xFF, 0xF0,
    0xBF, 0xFE, 0x40, 0xBF, 0xFF, 0xFE, 0xBF, 0xFF, 0xFE, 0xBF, 0xFF, 0xFE, 0xBF, 0xFF, 0xFE, 0xBF,
    0xFF, 0xFE, 0xBF, 0xFF, 0xFE, 0xBF, 0xFF, 0xFE, 0xBF, 0xFF, 0xFE, 0xBF, 0xFF, 0xFE, 0xBF, 0xFF,
    0xFE, 0xBF, 0xFF, 0xFE, 0xBF, 0xFF, 0xFE, 0xBF, 0xFF, 0xFE, 0xBF, 0xFF, 0xFE, 0xBF, 0xFF, 0xFE,
    0xBF, 0xFF, 0xFE, 0xBF, 0xFF, 0xFE, 0x15, 0x55, 0x55, 0x55, 0x55, 0x2F, 0xFF, 0xFF, 0xFF, 0xFF,
    0xE2, 0xFF, 0xFF, 0xFF, 0xFF, 0xD0, 0x2E, 0x00, 0x00, 0x02, 0xE0, 0x0B, 0x80, 0x00, 0x00, 0xB8,
    0x02, 0xE0, 0x00, 0x00, 0x2E, 0x00, 0xB8, 0x00, 0x00, 0x0B, 0x80, 0x2E, 0x00, 0x00, 0x02, 0xE0,
    0x0B, 0x80, 0x00, 0x00, 0xB8, 0x02, 0xE0, 0x00, 0x00, 0x2E, 0x00, 0xB8, 0x00, 0x00, 0x0B, 0x80,
    0x2E, 0x00, 0x00, 0x02, 0xE0, 0x0B, 0x80, 0x00, 0x00, 0xB8, 0x02, 0xE0, 0x00, 0x00, 0x2E, 0x00,
    0xB8, 0x00, 0x00, 0x0B, 0x80, 0x2E, 0x00, 0x00, 0x02, 0xE0, 0x0B, 0x80, 0x00, 0x00, 0xB8, 0x02,
    0xE0, 0x00, 0x00, 0x2E, 0x00, 0xB8, 0x00, 0x00, 0x0B, 0x80, 0x2E, 0x00, 0x00, 0x02, 0xE0, 0x0B,
    0x80, 0x00, 0x00, 0xB8, 0x02, 0xE0, 0x00, 0x00, 0x2E, 0x00, 0xB8, 0x00, 0x00, 0x0B, 0x80, 0x2E,
    0x00, 0x00, 0x02, 0xE0, 0x0B, 0x80, 0x00, 0x00, 0xB8, 0x00, 0x0B, 0x80, 0x00, 0x00, 0xB8, 0x02,
    0xE0, 0x00, 0x00, 0x2E, 0x00, 0xB8, 0x00, 0x00, 0x0B, 0x80, 0x2E, 0x00, 0x00, 0x02, 0xE0, 0x0B,
    0x80, 0x00, 0x00, 0xB8, 0x02, 0xE0, 0x00, 0x00, 0x2E, 0x00, 0xB8, 0x00, 0x00, 0x0B, 0x80, 0x2E,
    0x00, 0x00, 0x02, 0xE0, 0x0B, 0x80, 0x00, 0x00, 0xB8, 0x02, 0xE0, 0x00, 0x00, 0x2E, 0x00, 0xB8,
    0x00, 0x00, 0x0B, 0x80, 0x2E, 0x00, 0x00, 0x02, 0xE0, 0x0B, 0x80, 0x00, 0x00, 0xB8, 0x02, 0xE0,
    0x00, 0x00, 0x2E, 0x00, 0xB8, 0x00, 0x00, 0x0B, 0x80, 0x2E, 0x00, 0x00, 0x02, 0xE0, 0x0B, 0x80,
    0x00, 0x00, 0xB8, 0x02, 0xE0, 0x00, 0x00, 0x2E, 0x00, 0xB8, 0x00, 0x00, 0x0B, 0x80, 0x2E, 0x00,
    0x00, 0x02, 0xE0, 0x0B, 0x80, 0x00, 0x00, 0xB8, 0x02, 0xE5, 0x55, 0x55, 0x7E, 0x07, 0xFF, 0xFF,
    0xFF, 0xFF, 0xF6, 0xFF, 0xFF, 0xFF, 0xFF, 0xFE, 0xBF, 0xFF, 0xFF, 0xFF, 0xF0, 0xBF, 0xFF, 0xFF,
    0xFF, 0xF0, 0x3F, 0x55, 0x55, 0x55, 0x50, 0x0F, 0x40, 0x00, 0x00, 0x00, 0x03, 0xD0, 0x00, 0x00,
    0x00, 0x00, 0xF4, 0x00, 0x00, 0x00, 0x00, 0x7D, 0x00, 0x00, 0x00, 0x00, 0x1F, 0x00, 0x00, 0x00,
    0x00, 0x0B, 0xC0, 0x00, 0x00, 0x00, 0x02, 0xF0, 0x00, 0x00, 0x00, 0x00, 0xBC, 0x00, 0x00, 0x00,
    0x00, 0x3E, 0x00, 0x00, 0x00, 0x00, 0xBC, 0x00, 0x00, 0x00, 0x01, 0xF0, 0x00, 0x00, 0x00, 0x07,
    0xD0, 0x00, 0x00, 0x00, 0x0F, 0x40, 0x00, 0x00, 0x00, 0x3E, 0x00, 0x00, 0x00, 0x00, 0xB8, 0x00,
    0x00, 0x00, 0x02, 0xF0, 0x00, 0x00, 0x00, 0x07, 0xC0, 0x00, 0x00, 0x00, 0x1F, 0x00, 0x00, 0x00,
    0x00, 0x3E, 0x55, 0x55, 0x55, 0x54, 0xBF, 0xFF, 0xFF, 0xFF, 0xFC, 0xBF, 0xFF, 0xFF, 0xFF, 0xFC,
    0x00, 0x00, 0x00, 0x3F, 0xFF, 0xFF, 0xDF, 0xFF, 0xFF, 0xF5, 0xAA, 0xAA, 0xA8, 0x15, 0x55, 0x55,
    0x2F, 0xFF, 0xFF, 0xCB, 0xFF, 0xFF, 0xF0, 0x00, 0xF0, 0x00, 0x00, 0x3C, 0x00, 0x05, 0x5F, 0x55,
    0x4B, 0xFF, 0xFF, 0xF2, 0xFF, 0xFF, 0xFC, 0x00, 0x3C, 0x00, 0x00, 0x0F, 0x00, 0x00, 0x03, 0xC0,
    0x00, 0x00, 0xF0, 0x00, 0x00, 0x2C, 0x00, 0x00, 0x00, 0x3C, 0x00, 0x00, 0x0F, 0x40, 0x00, 0x03,
    0xC0, 0x00, 0x00, 0x00, 0x00, 0x00, 0x3C, 0x00, 0x00, 0x0F, 0x00, 0x00, 0x03, 0xC0, 0x00, 0x00,
    0xF0, 0x00, 0x15, 0x7D, 0x55, 0x2F, 0xFF, 0xFF, 0xCB, 0xFF, 0xFF, 0xF0, 0x00, 0xF0, 0x00, 0x00,
    0x3C, 0x00, 0x00, 0x0F, 0x00, 0x00, 0x03, 0xC0, 0x00, 0x00, 0xB0, 0x00, 0x00, 0x0E, 0x00, 0x1D,
    0x00, 0x2C, 0x00, 0x3C, 0x00, 0x38, 0x00, 0x74, 0x00, 0xB0, 0x00, 0xF0, 0x00, 0xE0, 0x01, 0xD0,
    0x02, 0xC0, 0x03, 0xC0, 0x03, 0x80, 0x07, 0x40, 0x0F, 0x00, 0x0E, 0x00, 0x1D, 0x00, 0x2C, 0x00,
    0x3C, 0x00, 0x38, 0x00, 0x74, 0x00, 0xB0, 0x00, 0xB0, 0x00, 0x74, 0x00, 0x38, 0x00, 0x3C, 0x00,
    0x2C, 0x00, 0x1D, 0x00, 0x0E, 0x00, 0x0F, 0x00, 0x07, 0x40, 0x03, 0x80, 0x03, 0xC0, 0x02, 0xC0,
    0x01, 0xD0, 0x00, 0xE0, 0x00, 0xF0, 0x00, 0xB0, 0x00, 0x74, 0x00, 0x38, 0x00, 0x3C, 0x00, 0x2C,
    0x00, 0x1D, 0x00, 0x0E, 0x00, 0xE0, 0x00, 0x0E, 0x00, 0x78, 0xE7, 0xC2, 0xFF, 0xF4, 0x07, 0xF8,
    0x02, 0xFF, 0xF4, 0x78, 0xE7, 0xC1, 0x0E, 0x00, 0x00, 0xE0, 0x00, 0x0B, 0xE0, 0x3F, 0xF8, 0xB4,
    0x2C, 0xB0, 0x1C, 0xB4, 0x3C, 0x3F, 0xF8, 0x0B, 0xE0, 0x2F, 0x1F, 0xEB, 0xFD, 0xFE, 0x2F, 0x00,
    0x00, 0x00, 0x00, 0x03, 0x80, 0x00, 0x00, 0x02, 0xC0, 0x00, 0x00, 0x00, 0xF0, 0x00, 0x00, 0x00,
    0x78, 0x00, 0x00, 0x00, 0x2C, 0x00, 0x00, 0x00, 0x0F, 0x00, 0x00, 0x00, 0x07, 0x40, 0x00, 0x00,
    0x02, 0xC0, 0x00, 0x00, 0x00, 0xF0, 0x00, 0x00, 0x00, 0x74, 0x00, 0x00, 0x00, 0x2C, 0x00, 0x00,
    0x00, 0x0E, 0x00, 0x00, 0x00, 0x07, 0x40, 0x00, 0x00, 0x03, 0xC0, 0x01, 0x50, 0x00, 0xE0, 0x02,
    0xFC, 0x00, 0xB4, 0x00, 0xBF, 0x40, 0x3C, 0x00, 0x01, 0xE0, 0x0E, 0x00, 0x00, 0x3C, 0x0B, 0x40,
    0x00, 0x0B, 0x43, 0xC0, 0x00, 0x01, 0xE1, 0xE0, 0x00, 0x00, 0x3C, 0xB0, 0x00, 0x00, 0x0B, 0x7C,
    0x00, 0x00, 0x00, 0xFE, 0x00, 0x00, 0x00, 0x3F, 0x00, 0x00, 0x00, 0x0B, 0xC0, 0x00, 0x00, 0x00,
    0x50, 0x00, 0x00, 0x00, 0x00, 0x00, 0x03, 0x80, 0x00, 0x00, 0x02, 0xC0, 0x00, 0x00, 0x00, 0xF0,
    0x00, 0x00, 0x00, 0x78, 0x02, 0xFE, 0x00, 0x2C, 0x00, 0x91, 0xE0, 0x0F, 0x00, 0x00, 0x74, 0x07,
    0x40, 0x03, 0xF8, 0x02, 0xC0, 0x00, 0x0B, 0x40, 0xF0, 0x00, 0x00, 0xF0, 0x74, 0x00, 0x00, 0x3C,
    0x2C, 0x00, 0x14, 0x1E, 0x0E, 0x00, 0x07, 0xFE, 0x07, 0x40, 0x00, 0x00, 0x03, 0xC0, 0x01, 0x50,
    0x00, 0xE0, 0x02, 0xFC, 0x00, 0xB4, 0x00, 0xBF, 0x40, 0x3C, 0x00, 0x01, 0xE0, 0x0E, 0x00, 0x00,
    0x3C, 0x0B, 0x40, 0x00, 0x0B, 0x43, 0xC0, 0x00, 0x01, 0xE1, 0xE0, 0x00, 0x00, 0x3C, 0xB0, 0x00,
    0x00, 0x0B, 0x7C, 0x00, 0x00, 0x00, 0xFE, 0x00, 0x00, 0x00, 0x3F, 0x00, 0x00, 0x00, 0x0B, 0xC0,
    0x00, 0x00, 0x00, 0x50, 0x00, 0x00, 0x00, 0x00, 0x00, 0x03, 0x80, 0x00, 0x00, 0x02, 0xC0, 0x00,
    0x00, 0x00, 0xF0, 0x00, 0x20, 0x00, 0x78, 0x00, 0x3D, 0x00, 0x2C, 0x00, 0x2F, 0x40, 0x0F, 0x00,
    0x1C, 0xD0, 0x07, 0x40, 0x0D, 0x34, 0x02, 0xC0, 0x0E, 0x0D, 0x00, 0xF0, 0x07, 0xFF, 0xE0, 0x74,
    0x00, 0x01, 0xE0, 0x2C, 0x00, 0x00, 0x34, 0x0E, 0x00, 0x00, 0x00, 0x07, 0x40, 0x00, 0x00, 0x03,
    0xC0, 0x01, 0x50, 0x00, 0xE0, 0x02, 0xFC, 0x00, 0xB4, 0x00, 0xBF, 0x40, 0x3C, 0x00, 0x01, 0xE0,
    0x0E, 0x00, 0x00, 0x3C, 0x0B, 0x40, 0x00, 0x0B, 0x43, 0xC0, 0x00, 0x01, 0xE1, 0xE0, 0x00, 0x00,
    0x3C, 0xB0, 0x00, 0x00, 0x0B, 0x7C, 0x00, 0x00, 0x00, 0xFE, 0x00, 0x00, 0x00, 0x3F, 0x00, 0x00,
    0x00, 0x0B, 0xC0, 0x00, 0x00, 0x00, 0x50, 0x00, 0x00, 0x0B, 0x90, 0x18, 0x3F, 0xF8, 0x7C, 0x78,
    0x2D, 0xF0, 0xB0, 0x0B, 0xC0, 0xB0, 0x0B, 0xC0, 0x78, 0x1E, 0xE0, 0x3F, 0xF8, 0xBC, 0x0B, 0xE0,
    0x1C, 0x00, 0x10, 0x00, 0x01, 0x40, 0x01, 0xFF, 0x80, 0x0B, 0xFE, 0x01, 0xFA, 0xBC, 0x0B, 0xFF,
    0xE0, 0xF4, 0x07, 0xC7, 0xD0, 0x7D, 0x78, 0x00, 0xB7, 0xC0, 0x07, 0xAC, 0x00, 0x0F, 0xD0, 0x00,
    0xFB, 0x00, 0x02, 0xF0, 0x00, 0x2E, 0xC0, 0x00, 0x78, 0x00, 0x0B, 0xB0, 0x00, 0x3F, 0x40, 0x03,
    0xDE, 0x00, 0x2E, 0xF0, 0x01, 0xD3, 0xD0, 0x2E, 0x2F, 0x01, 0xF0, 0x3F, 0xFF, 0x03, 0xFF, 0xF4,
    0x02, 0xFD, 0x00, 0x1F, 0xE0, 0x00, 0xB0, 0x00, 0x00, 0x02, 0xC0, 0x00, 0x00, 0x0B, 0x00, 0x00,
    0x00, 0x2C, 0x00, 0x00, 0x00, 0xB0, 0x00, 0x00, 0x02, 0xC0, 0x00, 0x00, 0x0B, 0x00, 0x00, 0x00,
    0x2C, 0x00, 0x00, 0x00, 0xB0, 0x00, 0x00, 0x02, 0xC0, 0x00, 0x00, 0x0B, 0x00, 0x00, 0x00, 0x2D,
    0x55, 0x55, 0x54, 0xBF, 0xFF, 0xFF, 0xF2, 0xFF, 0xFF, 0xFF, 0xC0, 0x00, 0x00, 0x00, 0x00, 0x00,
    0x00, 0x74, 0x00, 0x00, 0x03, 0xC0, 0x00, 0x00, 0x3D, 0x00, 0x00, 0x03, 0xD0, 0x00, 0x00, 0x2E,
    0x00, 0x00, 0x02, 0xE0, 0x00, 0x00, 0x1F, 0x00, 0x00, 0x01, 0xF0, 0x00, 0x00, 0x0F, 0x00, 0x00,
    0x00, 0xF0, 0x00, 0x00, 0x0F, 0x95, 0x55, 0x54, 0xBF, 0xFF, 0xFF, 0xF2, 0xFF, 0xFF, 0xFF, 0xC0,
    0x00, 0x00, 0x00, 0x00, 0x00, 0x00, 0x30, 0x00, 0x00, 0x03, 0xD0, 0x00, 0x10, 0x2E, 0x00, 0x00,
    0xF6, 0xE0, 0x00, 0x01, 0xFF, 0x00, 0x00, 0x02, 0xF4, 0x00, 0x00, 0x1F, 0xF0, 0x00, 0x00, 0xF2,
    0xE0, 0x00, 0x0F, 0x43, 0xC0, 0x00, 0xF4, 0x0B, 0x40, 0x0B, 0x80, 0x0E, 0x00, 0xBF, 0xFF, 0xFF,
    0xF2, 0xFF, 0xFF, 0xFF, 0xC0, 0x00, 0x02, 0xC0, 0x00, 0x00, 0x0F, 0x00, 0x00, 0x00, 0x2C, 0x00,
    0x00, 0x00, 0x00, 0x00, 0x00, 0x00, 0x00, 0x00, 0x03, 0x82, 0xC0, 0x00, 0xFB, 0xF0, 0x00, 0x2F,
    0xD0, 0x00, 0xBF, 0x80, 0x02, 0xF8, 0xE0, 0x07, 0xE0, 0x3C, 0x02, 0xF8, 0x0F, 0x00, 0x1F, 0xE7,
    0x80, 0x00, 0x2F, 0xE0, 0x00, 0x00, 0xBF, 0x80, 0x00, 0x3D, 0xFC, 0x00, 0x0E, 0x06, 0x00, 0x01,
    0x00, 0x00, 0xB2, 0xCB, 0x2C, 0xB2, 0xCB, 0x2C, 0xB2, 0xCB, 0x2C, 0xB2, 0xCB, 0x2C, 0xB2, 0xCB,
    0x2C, 0xB2, 0xC0, 0x01, 0xD0, 0x00, 0x74, 0x00, 0x1D, 0x00, 0x07, 0x40, 0x01, 0xD0, 0x00, 0x74,
    0x00, 0x1D, 0x00, 0x07, 0x5C, 0x01, 0xEF, 0x00, 0x7F, 0x00, 0x1F, 0x00, 0x0F, 0x40, 0x0F, 0xD0,
    0x0F, 0xB4, 0x07, 0x1D, 0x00, 0x07, 0x40, 0x01, 0xD0, 0x00, 0x74, 0x00, 0x1D, 0x00, 0x07, 0x40,
    0x01, 0xD0, 0x00, 0x74, 0x00, 0xB0, 0x3A, 0xC0, 0xEB, 0x03, 0xAC, 0x0E, 0xB0, 0x3A, 0xC0, 0xEB,
    0x03, 0xAC, 0x0E, 0xB0, 0x3A, 0xC0, 0xEB, 0x03, 0xAC, 0x0E, 0xB0, 0x3A, 0xC0, 0xEB, 0x03, 0xAC,
    0x0E, 0xB0, 0x3A, 0xC0, 0xEB, 0x03, 0xAC, 0x0E, 0xB0, 0x3A, 0xC0, 0xE0, 0x02, 0xD0, 0xF0, 0x00,
    0x2D, 0x0F, 0x00, 0x02, 0xD0, 0xF0, 0x00, 0x2D, 0x0F, 0x00, 0x02, 0xD0, 0xF1, 0x40, 0x2D, 0x0F,
    0x7C, 0x02, 0xD0, 0xFF, 0x00, 0x2D, 0x0F, 0xC0, 0x02, 0xD0, 0xF0, 0x00, 0x2D, 0x3F, 0x00, 0x02,
    0xDF, 0xF0, 0x00, 0x2F, 0xDF, 0x00, 0x02, 0xF4, 0xF0, 0x00, 0x2E, 0x0F, 0x00, 0x0B, 0xD0, 0xF0,
    0x02, 0xFD, 0x0F, 0x00, 0x7A, 0xD0, 0xF0, 0x02, 0x2D, 0x0F, 0x00, 0x02, 0xD0, 0xF0, 0x00, 0x2D,
    0x0F, 0x00, 0x02, 0xD0, 0xF0, 0x00, 0x2D, 0x0F, 0x00, 0x00, 0x01, 0x40, 0x00, 0x00, 0x03, 0xC0,
    0x00, 0x00, 0x0B, 0xE0, 0x00, 0x00, 0x0E, 0xF0, 0x00, 0x00, 0x2C, 0x74, 0x00, 0x00, 0x3C, 0x3C,
    0x00, 0x00, 0xB4, 0x1D, 0x00, 0x00, 0xF0, 0x0F, 0x00, 0x02, 0xD0, 0x0B, 0x40, 0x03, 0xC0, 0x03,
    0xC0, 0x0B, 0x40, 0x02, 0xD0, 0x0F, 0x00, 0x00, 0xF0, 0x2E, 0x00, 0x00, 0xB4, 0x3C, 0x00, 0x00,
    0x3C, 0x78, 0x00, 0x00, 0x2D, 0x60, 0x00, 0x00, 0x18, 0x3C, 0x00, 0x00, 0x3C, 0x3D, 0x00, 0x00,
    0x78, 0x1E, 0x00, 0x00, 0xF0, 0x0F, 0x00, 0x01, 0xE0, 0x07, 0x80, 0x03, 0xC0, 0x03, 0xC0, 0x07,
    0x80, 0x01, 0xE0, 0x0F, 0x00, 0x00, 0xF0, 0x0E, 0x00, 0x00, 0x78, 0x2C, 0x00, 0x00, 0x3C, 0x38,
    0x00, 0x00, 0x1D, 0xB0, 0x00, 0x00, 0x0F, 0xF0, 0x00, 0x00, 0x07, 0xD0, 0x00, 0x00, 0x03, 0xC0,
    0x00, 0x00, 0x6F, 0xE4, 0x00, 0x0F, 0xFF, 0xFC, 0x00, 0xFD, 0x01, 0xBC, 0x0B, 0x80, 0x00, 0xB8,
    0x3C, 0x00, 0x00, 0xF1, 0xE0, 0x00, 0x01, 0xDB, 0x40, 0x00, 0x03, 0xAC, 0x00, 0x00, 0x0F, 0xB0,
    0x00, 0x00, 0x3F, 0xC0, 0x00, 0x00, 0xFF, 0x00, 0x00, 0x03, 0xFC, 0x00, 0x00, 0x0F, 0xF0, 0x00,
    0x00, 0x3F, 0xC0, 0x00, 0x00, 0xFF, 0x00, 0x00, 0x03, 0xFC, 0x00, 0x00, 0x0F, 0xB0, 0x00, 0x00,
    0x3C, 0x60, 0x00, 0x00, 0x17, 0xC0, 0x00, 0x00, 0xFF, 0x00, 0x00, 0x03, 0xFC, 0x00, 0x00, 0x0F,
    0xF0, 0x00, 0x00, 0x3F, 0xC0, 0x00, 0x00, 0xFF, 0x00, 0x00, 0x03, 0xFC, 0x00, 0x00, 0x0F, 0xB0,
    0x00, 0x00, 0x3E, 0xC0, 0x00, 0x00, 0xFB, 0x00, 0x00, 0x03, 0x9D, 0x00, 0x00, 0x1E, 0x3C, 0x00,
    0x00, 0xB0, 0xB4, 0x00, 0x07, 0xC0, 0xF8, 0x00, 0xBC, 0x00, 0xFF, 0xFF, 0xD0, 0x00, 0x7F, 0xF8,
    0x00, 0x00, 0x00, 0x00, 0x01, 0x00, 0x00, 0x00, 0x00, 0xBF, 0xD0, 0x00, 0x00, 0x0F, 0xFF, 0x00,
    0x00, 0x00, 0xFD, 0x04, 0x00, 0x00, 0x07, 0xC0, 0x00, 0x00, 0x00, 0x2E, 0x00, 0x00, 0x00, 0x00,
    0xF4, 0x00, 0x00, 0x00, 0x03, 0xC0, 0x00, 0x00, 0x00, 0x1F, 0x00, 0x00, 0x00, 0x00, 0xB8, 0x00,
    0x00, 0x00, 0x03, 0xD0, 0x00, 0x00, 0x00, 0x0F, 0x00, 0x00, 0x00, 0x00, 0x7C, 0x00, 0x00, 0x00,
    0x01, 0xF0, 0x00, 0x00, 0x00, 0x0B, 0x80, 0x00, 0x00, 0x00, 0x3D, 0x00, 0x00, 0x00, 0x00, 0xF0,
    0x00, 0x00, 0x00, 0x03, 0xC0, 0x00, 0x00, 0x00, 0x1F, 0x00, 0x00, 0x00, 0x00, 0xB8, 0x00, 0x00,
    0x00, 0x02, 0xD0, 0x00, 0x00, 0x00, 0x0F, 0x40, 0x00, 0x00, 0x00, 0x3C, 0x00, 0x00, 0x00, 0x02,
    0xF0, 0x00, 0x00, 0x00, 0x0F, 0x40, 0x00, 0x00, 0x00, 0xBC, 0x00, 0x00, 0x02, 0x5B, 0xD0, 0x00,
    0x00, 0x1F, 0xFE, 0x00, 0x00, 0x00, 0x6F, 0xD0, 0x00, 0x00, 0x00, 0x00, 0x00, 0x00, 0x01, 0x00,
    0x00, 0x40, 0x00, 0x00, 0x00, 0x2F, 0xF4, 0x1F, 0xFC, 0x00, 0x00, 0x00, 0xFF, 0xF0, 0xBF, 0xF8,
    0x00, 0x00, 0x03, 0xF4, 0x11, 0xF8, 0x00, 0x00, 0x00, 0x07, 0xC0, 0x03, 0xE0, 0x00, 0x00, 0x00,
    0x0B, 0x80, 0x03, 0xC0, 0x00, 0x00, 0x00, 0x0F, 0x40, 0x0B, 0xC0, 0x00, 0x00, 0x00, 0x0F, 0x00,
    0x0F, 0x40, 0x00, 0x00, 0x00, 0x1F, 0x00, 0x0F, 0x00, 0x00, 0x00, 0x00, 0x2E, 0x00, 0x0F, 0x00,
    0x00, 0x00, 0x00, 0x3D, 0x00, 0x1F, 0x00, 0x00, 0x00, 0x00, 0x3C, 0x00, 0x2E, 0x00, 0x00, 0x00,
    0x00, 0x7C, 0x00, 0x3D, 0x00, 0x00, 0x00, 0x00, 0x7C, 0x00, 0x3C, 0x00, 0x00, 0x00, 0x00, 0xB8,
    0x00, 0x3C, 0x00, 0x00, 0x00, 0x00, 0xF4, 0x00, 0x7C, 0x00, 0x00, 0x00, 0x00, 0xF0, 0x00, 0xB8,
    0x00, 0x00, 0x00, 0x00, 0xF0, 0x00, 0xB8, 0x00, 0x00, 0x00, 0x01, 0xF0, 0x00, 0xF4, 0x00, 0x00,
    0x00, 0x02, 0xE0, 0x00, 0xF0, 0x00, 0x00, 0x00, 0x02, 0xD0, 0x01, 0xF0, 0x00, 0x00, 0x00, 0x03,
    0xD0, 0x01, 0xE0, 0x00, 0x00, 0x00, 0x03, 0xC0, 0x03, 0xE0, 0x00, 0x00, 0x00, 0x0B, 0xC0, 0x03,
    0xC0, 0x00, 0x00, 0x00, 0x0F, 0x40, 0x0B, 0xC0, 0x00, 0x00, 0x00, 0x2F, 0x00, 0x0F, 0x40, 0x00,
    0x00, 0x25, 0xBD, 0x15, 0xBF, 0x00, 0x00, 0x00, 0x7F, 0xF8, 0x3F, 0xFC, 0x00, 0x00, 0x00, 0x6F,
    0xD0, 0x2F, 0xE0, 0x00, 0x00, 0x00, 0x00, 0x00, 0x00, 0x01, 0x00, 0x00, 0x40, 0x00, 0x40, 0x00,
    0x00, 0x00, 0x2F, 0xF4, 0x1F, 0xFC, 0x0B, 0xFD, 0x00, 0x00, 0x00, 0xFF, 0xF0, 0xBF, 0xF8, 0x3F,
    0xFC, 0x00, 0x00, 0x03, 0xF4, 0x11, 0xF8, 0x00, 0xFD, 0x04, 0x00, 0x00, 0x07, 0xC0, 0x03, 0xE0,
    0x01, 0xF0, 0x00, 0x00, 0x00, 0x0B, 0x80, 0x03, 0xC0, 0x02, 0xE0, 0x00, 0x00, 0x00, 0x0F, 0x40,
    0x0B, 0xC0, 0x03, 0xD0, 0x00, 0x00, 0x00, 0x0F, 0x00, 0x0F, 0x40, 0x07, 0xC0, 0x00, 0x00, 0x00,
    0x1F, 0x00, 0x0F, 0x00, 0x0B, 0x80, 0x00, 0x00, 0x00, 0x2E, 0x00, 0x0F, 0x00, 0x0B, 0x40, 0x00,
    0x00, 0x00, 0x3D, 0x00, 0x1F, 0x00, 0x0F, 0x40, 0x00, 0x00, 0x00, 0x3C, 0x00, 0x2E, 0x00, 0x0F,
    0x00, 0x00, 0x00, 0x00, 0x7C, 0x00, 0x3D, 0x00, 0x1F, 0x00, 0x00, 0x00, 0x00, 0x7C, 0x00, 0x3C,
    0x00, 0x1E, 0x00, 0x00, 0x00, 0x00, 0xB8, 0x00, 0x3C, 0x00, 0x2E, 0x00, 0x00, 0x00, 0x00, 0xF4,
    0x00, 0x7C, 0x00, 0x3D, 0x00, 0x00, 0x00, 0x00, 0xF0, 0x00, 0xB8, 0x00, 0x3C, 0x00, 0x00, 0x00,
    0x00, 0xF0, 0x00, 0xB8, 0x00, 0x3C, 0x00, 0x00, 0x00, 0x01, 0xF0, 0x00, 0xF4, 0x00, 0x7C, 0x00,
    0x00, 0x00, 0x02, 0xE0, 0x00, 0xF0, 0x00, 0xB8, 0x00, 0x00, 0x00, 0x02, 0xD0, 0x01, 0xF0, 0x00,
    0xF4, 0x00, 0x00, 0x00, 0x03, 0xD0, 0x01, 0xE0, 0x00, 0xF0, 0x00, 0x00, 0x00, 0x03, 0xC0, 0x03,
    0xE0, 0x01, 0xF0, 0x00, 0x00, 0x00, 0x0B, 0xC0, 0x03, 0xC0, 0x02, 0xE0, 0x00, 0x00, 0x00, 0x0F,
    0x40, 0x0B, 0xC0, 0x03, 0xD0, 0x00, 0x00, 0x00, 0x2F, 0x00, 0x0F, 0x40, 0x0B, 0xC0, 0x00, 0x00,
    0x25, 0xBD, 0x15, 0xBF, 0x09, 0x6F, 0x40, 0x00, 0x00, 0x7F, 0xF8, 0x3F, 0xFC, 0x1F, 0xFE, 0x00,
    0x00, 0x00, 0x6F, 0xD0, 0x2F, 0xE0, 0x1B, 0xF4, 0x00, 0x00, 0x00, 0x00, 0x00, 0x00, 0x01, 0x00,
    0x00, 0x00, 0x00, 0xBF, 0xD0, 0x00, 0x00, 0x0F, 0xFF, 0x00, 0x00, 0x00, 0xFD, 0x04, 0x00, 0x00,
    0x07, 0xC0, 0x00, 0x00, 0x00, 0x2E, 0x00, 0x00, 0x00, 0x00, 0xF4, 0x00, 0x00, 0x00, 0x03, 0xC0,
    0x00, 0x00, 0x00, 0x1F, 0x00, 0x00, 0x00, 0x00, 0xB8, 0x00, 0x00, 0x00, 0x2F, 0xF0, 0x00, 0x00,
    0x07, 0xFF, 0xF4, 0x00, 0x00, 0x7D, 0x7E, 0xF0, 0x00, 0x03, 0xC1, 0xF1, 0xE0, 0x00, 0x0F, 0x0B,
    0x83, 0xC0, 0x00, 0x38, 0x3D, 0x0F, 0x00, 0x00, 0xF0, 0xF0, 0x38, 0x00, 0x01, 0xF7, 0xC7, 0xD0,
    0x00, 0x02, 0xFF, 0xFD, 0x00, 0x00, 0x01, 0xFF, 0x80, 0x00, 0x00, 0x02, 0xD0, 0x00, 0x00, 0x00,
    0x0F, 0x40, 0x00, 0x00, 0x00, 0x3C, 0x00, 0x00, 0x00, 0x02, 0xF0, 0x00, 0x00, 0x00, 0x0F, 0x40,
    0x00, 0x00, 0x00, 0xBC, 0x00, 0x00, 0x02, 0x5B, 0xD0, 0x00, 0x00, 0x1F, 0xFE, 0x00, 0x00, 0x00,
    0x6F, 0xD0, 0x00, 0x00, 0x00, 0x00, 0x00, 0x00, 0x01, 0x00, 0x00, 0x40, 0x00, 0x00, 0x00, 0x2F,
    0xF4, 0x1F, 0xFC, 0x00, 0x00, 0x00, 0xFF, 0xF0, 0xBF, 0xF8, 0x00, 0x00, 0x03, 0xF4, 0x11, 0xF8,
    0x00, 0x00, 0x00, 0x07, 0xC0, 0x03, 0xE0, 0x00, 0x00, 0x00, 0x0B, 0x80, 0x03, 0xC0, 0x00, 0x00,
    0x00, 0x0F, 0x40, 0x0B, 0xC0, 0x00, 0x00, 0x00, 0x0F, 0x00, 0x0F, 0x40, 0x00, 0x00, 0x00, 0x1F,
    0x00, 0x0F, 0x00, 0x00, 0x00, 0x00, 0x3F, 0xFF, 0xBF, 0x00, 0x00, 0x00, 0x03, 0xFF, 0xFF, 0xFF,
    0x40, 0x00, 0x00, 0x0F, 0xFC, 0x00, 0x3F, 0xE0, 0x00, 0x00, 0x3D, 0x7C, 0x00, 0x3E, 0xF0, 0x00,
    0x00, 0x38, 0x7C, 0x00, 0x3C, 0x78, 0x00, 0x00, 0x78, 0xB8, 0x00, 0x3C, 0x38, 0x00, 0x00, 0x38,
    0xF4, 0x00, 0x7C, 0x78, 0x00, 0x00, 0x3E, 0xF0, 0x00, 0xB8, 0xF0, 0x00, 0x00, 0x0F, 0xF4, 0x00,
    0xFF, 0xD0, 0x00, 0x00, 0x03, 0xFF, 0xFF, 0xFF, 0x40, 0x00, 0x00, 0x02, 0xFA, 0xFF, 0xF4, 0x00,
    0x00, 0x00, 0x02, 0xD0, 0x01, 0xF0, 0x00, 0x00, 0x00, 0x03, 0xD0, 0x01, 0xE0, 0x00, 0x00, 0x00,
    0x03, 0xC0, 0x03, 0xE0, 0x00, 0x00, 0x00, 0x0B, 0xC0, 0x03, 0xC0, 0x00, 0x00, 0x00, 0x0F, 0x40,
    0x0B, 0xC0, 0x00, 0x00, 0x00, 0x2F, 0x00, 0x0F, 0x40, 0x00, 0x00, 0x25, 0xBD, 0x15, 0xBF, 0x00,
    0x00, 0x00, 0x7F, 0xF8, 0x3F, 0xFC, 0x00, 0x00, 0x00, 0x6F, 0xD0, 0x2F, 0xE0, 0x00, 0x00, 0x00,
    0x00, 0x00, 0x00, 0x01, 0x00, 0x00, 0x40, 0x00, 0x40, 0x00, 0x00, 0x00, 0x2F, 0xF4, 0x1F, 0xFC,
    0x0B, 0xFD, 0x00, 0x00, 0x00, 0xFF, 0xF0, 0xBF, 0xF8, 0x3F, 0xFC, 0x00, 0x00, 0x03, 0xF4, 0x11,
    0xF8, 0x00, 0xFD, 0x04, 0x00, 0x00, 0x07, 0xC0, 0x03, 0xE0, 0x01, 0xF0, 0x00, 0x00, 0x00, 0x0B,
    0x80, 0x03, 0xC0, 0x02, 0xE0, 0x00, 0x00, 0x00, 0x0F, 0x40, 0x0B, 0xC0, 0x03, 0xD0, 0x00, 0x00,
    0x00, 0x0F, 0x00, 0x0F, 0x40, 0x07, 0xC0, 0x00, 0x00, 0x00, 0x1F, 0x00, 0x0F, 0x00, 0x0B, 0x80,
    0x00, 0x00, 0x00, 0x3F, 0xFF, 0xFF, 0xFF, 0x9F, 0x40, 0x00, 0x00, 0x01, 0xFF, 0xFF, 0xFF, 0xFF,
    0xFF, 0x40, 0x00, 0x00, 0x07, 0xFD, 0x00, 0x2E, 0x00, 0x7F, 0xD0, 0x00, 0x00, 0x0F, 0xBC, 0x00,
    0x3D, 0x00, 0x1F, 0xF0, 0x00, 0x00, 0x2D, 0x7C, 0x00, 0x3C, 0x00, 0x1E, 0xB4, 0x00, 0x00, 0x2C,
    0xB8, 0x00, 0x3C, 0x00, 0x2E, 0x74, 0x00, 0x00, 0x2D, 0xF4, 0x00, 0x7C, 0x00, 0x3D, 0xB4, 0x00,
    0x00, 0x0F, 0xF0, 0x00, 0xB8, 0x00, 0x3F, 0xF0, 0x00, 0x00, 0x07, 0xFD, 0x40, 0xB8, 0x01, 0xBF,
    0xD0, 0x00, 0x00, 0x02, 0xFF, 0xFF, 0xFF, 0xFF, 0xFE, 0x00, 0x00, 0x00, 0x02, 0xF6, 0xBF, 0xFF,
    0xFE, 0xF8, 0x00, 0x00, 0x00, 0x02, 0xD0, 0x01, 0xF0, 0x00, 0xF4, 0x00, 0x00, 0x00, 0x03, 0xD0,
    0x01, 0xE0, 0x00, 0xF0, 0x00, 0x00, 0x00, 0x03, 0xC0, 0x03, 0xE0, 0x01, 0xF0, 0x00, 0x00, 0x00,
    0x0B, 0xC0, 0x03, 0xC0, 0x02, 0xE0, 0x00, 0x00, 0x00, 0x0F, 0x40, 0x0B, 0xC0, 0x03, 0xD0, 0x00,
    0x00, 0x00, 0x2F, 0x00, 0x0F, 0x40, 0x0B, 0xC0, 0x00, 0x00, 0x25, 0xBD, 0x15, 0xBF, 0x09, 0x6F,
    0x40, 0x00, 0x00, 0x7F, 0xF8, 0x3F, 0xFC, 0x1F, 0xFE, 0x00, 0x00, 0x00, 0x6F, 0xD0, 0x2F, 0xE0,
    0x1B, 0xF4, 0x00, 0x00, 0x00, 0x00, 0x00, 0x00, 0x01, 0x00, 0x00, 0x00, 0x00, 0xBF, 0xD0, 0x00,
    0x00, 0x0F, 0xFF, 0x00, 0x00, 0x00, 0xFD, 0x04, 0x00, 0x00, 0x07, 0xC0, 0x00, 0x00, 0x00, 0x2E,
    0x00, 0x00, 0x00, 0x00, 0xF4, 0x00, 0x00, 0x00, 0x03, 0xC0, 0x00, 0x00, 0x00, 0x1F, 0x00, 0x00,
    0x00, 0x00, 0xB8, 0x00, 0x00, 0x00, 0x03, 0xD0, 0x00, 0x00, 0x00, 0xBF, 0x80, 0x00, 0x00, 0x1F,
    0xFF, 0xD0, 0x00, 0x01, 0xF6, 0xF7, 0xC0, 0x00, 0x0F, 0x0B, 0x87, 0xE0, 0x00, 0x38, 0x3D, 0x2F,
    0x40, 0x00, 0x00, 0xF0, 0x1C, 0x00, 0x00, 0x03, 0xC0, 0x00, 0x00, 0x00, 0x1F, 0x00, 0x00, 0x00,
    0x00, 0xB8, 0x00, 0x00, 0x00, 0x02, 0xD0, 0x00, 0x00, 0x00, 0x0F, 0x40, 0x00, 0x00, 0x00, 0x3C,
    0x00, 0x00, 0x00, 0x02, 0xF0, 0x00, 0x00, 0x00, 0x0F, 0x40, 0x00, 0x00, 0x00, 0xBC, 0x00, 0x00,
    0x02, 0x5B, 0xD0, 0x00, 0x00, 0x1F, 0xFE, 0x00, 0x00, 0x00, 0x6F, 0xD0, 0x00, 0x00, 0x00, 0x00,
    0x00, 0x00, 0x01, 0x00, 0x00, 0x00, 0x00, 0xBF, 0xD0, 0x00, 0x00, 0x0F, 0xFF, 0x00, 0x00, 0x00,
    0xFD, 0x04, 0x00, 0x00, 0x07, 0xC0, 0x00, 0x00, 0x00, 0x2E, 0x00, 0x00, 0x00, 0x00, 0xF4, 0x00,
    0x00, 0x00, 0x03, 0xC0, 0x00, 0x00, 0x00, 0x1F, 0x00, 0x00, 0x00, 0x00, 0xB8, 0x00, 0x00, 0x00,
    0x2F, 0xF0, 0x00, 0x00, 0x07, 0xFF, 0xF4, 0x00, 0x00, 0x7D, 0x7E, 0xF0, 0x00, 0x03, 0xC1, 0xF1,
    0xF8, 0x00, 0x0F, 0x0B, 0x8F, 0xD0, 0x00, 0x38, 0x3D, 0x0F, 0x00, 0x00, 0xF0, 0xF0, 0x38, 0x00,
    0x01, 0xF7, 0xC7, 0xD0, 0x00, 0x02, 0xFF, 0xFD, 0x00, 0x00, 0x01, 0xFF, 0x80, 0x00, 0x00, 0x02,
    0xD0, 0x00, 0x00, 0x00, 0x0F, 0x40, 0x00, 0x00, 0x00, 0x3C, 0x00, 0x00, 0x00, 0x02, 0xF0, 0x00,
    0x00, 0x00, 0x0F, 0x40, 0x00, 0x00, 0x00, 0xBC, 0x00, 0x00, 0x02, 0x5B, 0xD0, 0x00, 0x00, 0x1F,
    0xFE, 0x00, 0x00, 0x00, 0x6F, 0xD0, 0x00, 0x00, 0x00, 0x00, 0x00, 0x00, 0x01, 0x00, 0x00, 0x00,
    0x00, 0xBF, 0xD0, 0x00, 0x00, 0x0F, 0xFF, 0x00, 0x00, 0x00, 0xFD, 0x04, 0x00, 0x00, 0x07, 0xC0,
    0x00, 0x00, 0x00, 0x2E, 0x00, 0x00, 0x00, 0x00, 0xF4, 0x00, 0x00, 0x00, 0x03, 0xC0, 0x00, 0x00,
    0x00, 0x1F, 0x00, 0x00, 0x00, 0x00, 0xB8, 0x00, 0x00, 0x00, 0x2F, 0xF0, 0x00, 0x00, 0x07, 0xFF,
    0xF4, 0x00, 0x00, 0x7D, 0x7E, 0xF0, 0x00, 0x03, 0xC1, 0xF1, 0xE0, 0x00, 0x0F, 0x0B, 0x87, 0xE0,
    0x00, 0x38, 0x3D, 0x2F, 0x00, 0x00, 0xF0, 0xF0, 0x38, 0x00, 0x01, 0xF7, 0xC7, 0xD0, 0x00, 0x02,
    0xFF, 0xFD, 0x00, 0x00, 0x01, 0xFF, 0x80, 0x00, 0x00, 0x02, 0xD0, 0x00, 0x00, 0x00, 0x0F, 0x40,
    0x00, 0x00, 0x00, 0x3C, 0x00, 0x00, 0x00, 0x02, 0xF0, 0x00, 0x00, 0x00, 0x0F, 0x40, 0x00, 0x00,
    0x00, 0xBC, 0x00, 0x00, 0x02, 0x5B, 0xD0, 0x00, 0x00, 0x1F, 0xFE, 0x00, 0x00, 0x00, 0x6F, 0xD0,
    0x00, 0x00, 0x00, 0x00, 0x3C, 0x00, 0x00, 0x1F, 0x80, 0x00, 0x03, 0xC0, 0x00, 0x00, 0x00, 0x00,
    0x00, 0x00, 0x00, 0x00, 0x00, 0x00, 0x00, 0x00, 0x00, 0x00, 0x00, 0x00, 0x00, 0x00, 0x00, 0x00,
    0x1F, 0x00, 0x07, 0x8B, 0xC0, 0x03, 0xF1, 0xF0, 0x00, 0x78, 0x7C, 0x00, 0x1E, 0x2F, 0x00, 0x0F,
    0xC7, 0xC0, 0x01, 0xE0, 0x00, 0x00, 0x00, 0x00, 0x00, 0x00, 0x00, 0x00, 0x00, 0x00, 0x00, 0x00,
    0x00, 0x00, 0x00, 0x00, 0x00, 0x00, 0x00, 0x00, 0x0F, 0x00, 0x00, 0x07, 0xE0, 0x00, 0x00, 0xF0,
    0x00, 0x7C, 0xBC, 0x7C, 0x00, 0x00, 0x00, 0x00, 0x00, 0x00, 0x7C, 0xBC, 0x7C, 0x7C, 0x00, 0x1E,
    0x2F, 0x00, 0x0F, 0xC7, 0xC0, 0x01, 0xE0, 0x00, 0x00, 0x00, 0x00, 0x00, 0x00, 0x00, 0x00, 0x00,
    0x00, 0x00, 0x00, 0x00, 0x00, 0x00, 0x00, 0x00, 0x00, 0x00, 0x1F, 0x00, 0x07, 0x8B, 0xC0, 0x03,
    0xF1, 0xF0, 0x00, 0x78, 0x00, 0x3C, 0x00, 0x00, 0x1F, 0x80, 0x00, 0x03, 0xC0, 0x00, 0x00, 0x00,
    0x00, 0x15, 0x55, 0x55, 0x2F, 0xFF, 0xFF, 0xCB, 0xFF, 0xFF, 0xF0, 0x00, 0x00, 0x07, 0x80, 0x00,
    0x00, 0xFC, 0x15, 0x55, 0x42, 0x4B, 0xFF, 0xFC, 0x00, 0xBF, 0xFF, 0xC0, 0x00, 0x00, 0x00, 0x78,
    0x00, 0x00, 0x0F, 0xC0, 0x00, 0x00, 0x78, 0x7C, 0x00, 0x1E, 0x2F, 0x00, 0x0F, 0xC7, 0x80, 0x01,
    0xE0, 0x00, 0x00, 0x00, 0x00, 0x00, 0x00, 0x2F, 0xFF, 0xFF, 0xCB, 0xFF, 0xFF, 0xF0, 0x55, 0x55,
    0x54, 0x00, 0x00, 0x00, 0x1E, 0x00, 0x07, 0x8B, 0xC0, 0x03, 0xF1, 0xF0, 0x00, 0x78, 0x00, 0x3C,
    0x00, 0x00, 0x1F, 0x80, 0x00, 0x03, 0xC0, 0x00, 0x04, 0x00, 0x00, 0x7F, 0xF9, 0x07, 0x2F, 0xFF,
    0xFF, 0xC9, 0x02, 0xFF, 0xE0, 0x00, 0x01, 0x40, 0x00, 0x3C, 0x00, 0x00, 0x1F, 0x80, 0x00, 0x03,
    0xC0, 0x00, 0x01, 0x00, 0x00, 0x1F, 0xFF, 0x96, 0xCB, 0xFF, 0xFF, 0xF2, 0x40, 0x6F, 0xF4, 0x00,
    0x00, 0x50, 0x29, 0x5B, 0xFF, 0x8B, 0xFF, 0xFF, 0xF0, 0xBF, 0x90, 0x18, 0x0B, 0xE0, 0x02, 0x80,
    0x3F, 0xFC, 0x02, 0xF4, 0x78, 0x2E, 0x00, 0x7C, 0xB0, 0x0B, 0x40, 0x2C, 0xB0, 0x03, 0xC0, 0x2C,
    0x78, 0x01, 0xF0, 0x3C, 0x3F, 0x00, 0x7F, 0xF4, 0x0B, 0x00, 0x1F, 0xD0, 0x0B, 0x90, 0x00, 0x00,
    0xFF, 0xE0, 0x00, 0x07, 0x82, 0xC0, 0x00, 0x2C, 0x03, 0x80, 0x00, 0xB0, 0x0E, 0x00, 0x02, 0xC0,
    0x3C, 0x00, 0x0B, 0x00, 0xB0, 0x00, 0x00, 0x01, 0xD0, 0x0D, 0x00, 0x07, 0x40, 0x74, 0x00, 0x0E,
    0x01, 0xD0, 0x00, 0x3C, 0x07, 0x40, 0x00, 0xB4, 0x3C, 0x00, 0x00, 0xFF, 0xE0, 0x00, 0x00, 0xFE,
    0x00, 0x64, 0x3C, 0x1E, 0x0F, 0x1E, 0x2E, 0x3C, 0x7C, 0xB4, 0xB4, 0xB4, 0x78, 0x2D, 0x00, 0x00,
    0x00, 0x00, 0x00, 0xB0, 0x00, 0x00, 0x38, 0x00, 0x04, 0x3C, 0x00, 0x7F, 0xFE, 0x5B, 0x2F, 0xFF,
    0xFF, 0xC9, 0x07, 0xFF, 0xD0, 0x03, 0xC0, 0x00, 0x01, 0xD0, 0x00, 0x00, 0x60, 0x00, 0x00, 0xBF,
    0xFF, 0xFF, 0x2F, 0xFF, 0xFF, 0xC1, 0x55, 0x55, 0x50, 0x04, 0x00, 0x00, 0x7F, 0xFE, 0x5B, 0x2F,
    0xFF, 0xFF, 0xC9, 0x01, 0xBF, 0xD0, 0x2F, 0xE0, 0x01, 0x2F, 0xFF, 0x97, 0xCB, 0x5B, 0xFF, 0xF1,
    0x00, 0x1F, 0xE0, 0x15, 0x55, 0x55, 0x2F, 0xFF, 0xFF, 0xCB, 0xFF, 0xFF, 0xF0, 0x00, 0x00, 0x80,
    0x00, 0x00, 0xB4, 0x00, 0x00, 0x3C, 0x00, 0xBF, 0x9E, 0x04, 0xBF, 0xFF, 0x9F, 0x2D, 0x6F, 0xFF,
    0xC4, 0x01, 0xFF, 0x80, 0x55, 0xF5, 0x54, 0xBF, 0xFF, 0xFF, 0x2F, 0xFF, 0xFF, 0xC0, 0x0F, 0x00,
    0x00, 0x03, 0x80, 0x00, 0x02, 0xC0, 0x00, 0x00, 0xF0, 0x00, 0x00, 0x00, 0x00, 0x00, 0x2F, 0xE0,
    0x01, 0x2F, 0xFF, 0x97, 0xCB, 0x5B, 0xFF, 0xF1, 0x00, 0x1F, 0xE0, 0x00, 0x00, 0x00, 0x2F, 0xFF,
    0xFF, 0xCB, 0xFF, 0xFF, 0xF0, 0x55, 0x55, 0x54, 0x15, 0x55, 0x55, 0x2F, 0xFF, 0xFF, 0xCB, 0xFF,
    0xFF, 0xF0, 0x2F, 0xE0, 0x01, 0x2F, 0xFF, 0x97, 0xCB, 0x5B, 0xFF, 0xF1, 0x00, 0x1F, 0xE0, 0x00,
    0x02, 0x00, 0x2F, 0xFF, 0xFF, 0xCB, 0xFF, 0xFF, 0xF0, 0x55, 0xB9, 0x54, 0x15, 0x7D, 0x55, 0x2F,
    0xFF, 0xFF, 0xCB, 0xFF, 0xFF, 0xF0, 0x07, 0x40, 0x00, 0x03, 0xC0, 0x00, 0x00, 0x90, 0x00, 0x00,
    0x00, 0x00, 0x00, 0x00, 0x00, 0x28, 0x00, 0x00, 0x0E, 0x00, 0xBF, 0x8B, 0x44, 0xBF, 0xFF, 0xDF,
    0x2D, 0x6F, 0xFF, 0xC4, 0x00, 0xBF, 0x80, 0x00, 0x3C, 0x00, 0xBF, 0xFF, 0xFF, 0x2F, 0xFF, 0xFF,
    0xC1, 0x57, 0xD5, 0x50, 0x56, 0xD5, 0x54, 0xBF, 0xFF, 0xFF, 0x2F, 0xFF, 0xFF, 0xC0, 0x2C, 0x00,
    0x00, 0x0F, 0x00, 0x00, 0x02, 0x40, 0x00, 0x00, 0x2F, 0xE4, 0x02, 0x2F, 0xFF, 0xFF, 0xC9, 0x01,
    0xBF, 0xD0, 0x00, 0x00, 0x00, 0x2F, 0xE4, 0x02, 0x2F, 0xFF, 0xFF, 0xC9, 0x01, 0xBF, 0xD0, 0x00,
    0x00, 0xA0, 0x00, 0x00, 0x38, 0x00, 0x10, 0x2D, 0x01, 0xFF, 0xEF, 0x1C, 0xBF, 0xFF, 0xFF, 0x28,
    0x0B, 0xFF, 0x80, 0x01, 0xE5, 0x00, 0x04, 0xF0, 0x00, 0x7F, 0xFE, 0x5B, 0x2F, 0xFF, 0xFF, 0xC9,
    0x0F, 0xBF, 0xD0, 0x0B, 0x00, 0x00, 0x03, 0x80, 0x00, 0x00, 0x40, 0x00, 0x00, 0x2F, 0xE0, 0x01,
    0x2F, 0xFF, 0x97, 0xCB, 0x5B, 0xFF, 0xF1, 0x00, 0x1F, 0xE0, 0x2F, 0xE0, 0x01, 0x2F, 0xFF, 0x97,
    0xCB, 0x5B, 0xFF, 0xF1, 0x00, 0x1F, 0xE0, 0x15, 0x55, 0x55, 0x2F, 0xFF, 0xFF, 0xCB, 0xFF, 0xFF,
    0xF0, 0x01, 0x00, 0x00, 0x1F, 0xFE, 0x41, 0xCB, 0xFF, 0xFF, 0xF2, 0x40, 0xBF, 0xF8, 0x01, 0x00,
    0x50, 0x1F, 0xFE, 0x41, 0xCB, 0xFF, 0xFF, 0xF2, 0x40, 0xBF, 0xF8, 0x01, 0x00, 0x50, 0x1F, 0xFF,
    0x96, 0xCB, 0xFF, 0xFF, 0xF2, 0x40, 0x6F, 0xF4, 0x40, 0x07, 0xF8, 0x2D, 0x6F, 0xFF, 0xCB, 0xFF,
    0xE5, 0xF0, 0x7F, 0x80, 0x04, 0x00, 0x00, 0x00, 0x2F, 0xFF, 0xFF, 0xCB, 0xFF, 0xFF, 0xF0, 0x55,
    0x55, 0x54, 0x15, 0x55, 0x55, 0x2F, 0xFF, 0xFF, 0xCB, 0xFF, 0xFF, 0xF0, 0x00, 0x00, 0x00, 0x1E,
    0x40, 0x1B, 0x87, 0xFF, 0xFF, 0xD0, 0x1F, 0xFF, 0x80, 0x00, 0x69, 0x00, 0x01, 0xFF, 0xF8, 0x07,
    0xFF, 0xFF, 0xD1, 0xE4, 0x01, 0xB8, 0x00, 0x00, 0x00, 0x00, 0x00, 0x14, 0x00, 0x00, 0x3F, 0xD0,
    0x00, 0x3F, 0xFC, 0x00, 0x1F, 0x0B, 0x80, 0x07, 0x80, 0xE0, 0x2F, 0xD0, 0x3F, 0xCB, 0xF4, 0x0F,
    0xF0, 0x54, 0x01, 0x54, 0x00, 0x00, 0x00, 0x00, 0x00, 0x00, 0x0B, 0xF4, 0x0F, 0xF2, 0xFD, 0x03,
    0xFC, 0x1B, 0xD7, 0xF5, 0x00, 0xFF, 0xF4, 0x00, 0x1B, 0xF4, 0x00, 0x00, 0xBF, 0x40, 0x00, 0xFF,
    0xF4, 0x00, 0x7D, 0x7E, 0x02, 0xFD, 0x03, 0xFC, 0xBF, 0x40, 0xFF, 0x05, 0x40, 0x15, 0x40, 0x00,
    0x00, 0x00, 0x55, 0x55, 0x54, 0xBF, 0xFF, 0xFF, 0x2F, 0xFF, 0xFF, 0xC0, 0x00, 0x3C, 0x00, 0x00,
    0x1F, 0x80, 0x00, 0x03, 0xC0, 0x00, 0x00, 0x00, 0x00, 0x00, 0x00, 0x00, 0x2F, 0xFF, 0xFF, 0xCB,
    0xFF, 0xFF, 0xF0, 0x55, 0x55, 0x54, 0x00, 0x00, 0x00, 0x05, 0x55, 0x55, 0x4B, 0xFF, 0xFF, 0xF2,
    0xFF, 0xFF, 0xFC, 0x00, 0x3C, 0x00, 0x00, 0x1F, 0x80, 0x00, 0x03, 0xC0, 0x00, 0x00, 0x00, 0x00,
    0xBF, 0xFF, 0xFF, 0x2F, 0xFF, 0xFF, 0xC1, 0x55, 0x55, 0x50, 0x00, 0x00, 0x00, 0x00, 0x00, 0x00,
    0x2F, 0xFF, 0xFF, 0xCB, 0xFF, 0xFF, 0xF0, 0x55, 0x55, 0x54, 0x00, 0x00, 0x00, 0x00, 0x0F, 0x00,
    0x00, 0x07, 0xE0, 0x00, 0x00, 0xF0, 0x00, 0x7C, 0x00, 0x00, 0x2F, 0x00, 0x00, 0x07, 0x80, 0x00,
    0x00, 0x00, 0x00, 0x00, 0xBF, 0xFF, 0xFF, 0x2F, 0xFF, 0xFF, 0xC1, 0x55, 0x55, 0x50, 0x00, 0x00,
    0x00, 0x00, 0x00, 0x00, 0x2F, 0xFF, 0xFF, 0xCB, 0xFF, 0xFF, 0xF0, 0x55, 0x55, 0x54, 0x00, 0x00,
    0x00, 0x00, 0x00, 0x07, 0x80, 0x00, 0x03, 0xF0, 0x00, 0x00, 0xB8, 0x00, 0x00, 0x1E, 0x00, 0x00,
    0x0F, 0xC0, 0x00, 0x01, 0xE0, 0x00, 0x00, 0x00, 0xBF, 0xFF, 0xFF, 0x2F, 0xFF, 0xFF, 0xC1, 0x55,
    0x55, 0x50, 0x00, 0x00, 0x00, 0x00, 0x00, 0x00, 0x2F, 0xFF, 0xFF, 0xCB, 0xFF, 0xFF, 0xF0, 0x55,
    0x55, 0x54, 0x00, 0x00, 0x00, 0x1E, 0x00, 0x00, 0x0B, 0xC0, 0x00, 0x01, 0xF0, 0x00, 0x00, 0x7C,
    0x00, 0x00, 0x02, 0xF1, 0xFF, 0xFF, 0xF7, 0xC7, 0xFF, 0xFF, 0xC0, 0x00, 0x00, 0x00, 0x00, 0x15,
    0x55, 0x55, 0xF1, 0xFF, 0xFF, 0xFB, 0xC7, 0xFF, 0xFF, 0xDE, 0x00, 0x00, 0x00, 0x00, 0x00, 0x00,
    0xB6, 0xFF, 0xFF, 0xE3, 0xFB, 0xFF, 0xFF, 0x8B, 0x40, 0x00, 0x00, 0x00, 0x15, 0x55, 0x50, 0x12,
    0xFF, 0xFF, 0xE3, 0xEB, 0xFF, 0xFF, 0x8F, 0xC0, 0x00, 0x00, 0x2D, 0xBF, 0xFF, 0xFF, 0x2F, 0xFF,
    0xFF, 0xC1, 0x7D, 0x7D, 0x50, 0x0E, 0x07, 0x00, 0x17, 0xD7, 0xD5, 0x2F, 0xFF, 0xFF, 0xCB, 0xFF,
    0xFF, 0xF0, 0x00, 0x7E, 0x00, 0x00, 0x75, 0xE0, 0x00, 0x38, 0x1C, 0x00, 0x0E, 0x03, 0x00, 0x02,
    0xC2, 0xC0, 0x00, 0x2F, 0xC0, 0x00, 0x00, 0x00, 0x02, 0xFF, 0xFF, 0xFC, 0xBF, 0xFF, 0xFF, 0x05,
    0x55, 0x55, 0x40, 0x00, 0x00, 0x00, 0x55, 0x55, 0x54, 0xBF, 0xFF, 0xFF, 0x2F, 0xFF, 0xFF, 0xC0,
    0x00, 0x14, 0x00, 0x01, 0xFF, 0xF8, 0x02, 0xFF, 0xFF, 0xC1, 0xF4, 0x01, 0xB8, 0x10, 0x00, 0x00,
    0x00, 0x00, 0x00, 0x0B, 0xFF, 0xFF, 0xF2, 0xFF, 0xFF, 0xFC, 0x15, 0x55, 0x55, 0x00, 0x00, 0x00,
    0x01, 0x55, 0x55, 0x52, 0xFF, 0xFF, 0xFC, 0xBF, 0xFF, 0xFF, 0x00, 0x00, 0x18, 0x00, 0x00, 0x1F,
    0x80, 0x00, 0x0F, 0xF0, 0x00, 0x07, 0x9E, 0x00, 0x03, 0xC3, 0xC0, 0x01, 0xE0, 0x78, 0x00, 0xF0,
    0x0F, 0x00, 0x24, 0x00, 0x90, 0x00, 0x00, 0x00, 0x2F, 0xFF, 0xFF, 0xCB, 0xFF, 0xFF, 0xF0, 0x55,
    0x55, 0x54, 0x00, 0x00, 0x00, 0x05, 0x55, 0x55, 0x4B, 0xFF, 0xFF, 0xF2, 0xFF, 0xFF, 0xFC, 0x09,
    0x00, 0x24, 0x03, 0xC0, 0x3C, 0x00, 0x78, 0x1E, 0x00, 0x0F, 0x0F, 0x00, 0x01, 0xE3, 0x80, 0x00,
    0x3F, 0xC0, 0x00, 0x07, 0xE0, 0x00, 0x00, 0x60, 0x00, 0x00, 0x00, 0x00, 0x2F, 0xFF, 0xFF, 0xCB,
    0xFF, 0xFF, 0xF0, 0x55, 0x55, 0x54, 0x00, 0x00, 0x00, 0x05, 0x55, 0x55, 0x4B, 0xFF, 0xFF, 0xF2,
    0xFF, 0xFF, 0xFC, 0x00, 0x00, 0x00, 0x00, 0x06, 0x00, 0x00, 0x02, 0xC0, 0x00, 0x1A, 0xFA, 0x80,
    0x03, 0xFF, 0xD0, 0x00, 0x3F, 0xC0, 0x00, 0x0F, 0xF4, 0x00, 0x07, 0x0A, 0x00, 0x01, 0x00, 0x00,
    0x00, 0x00, 0x00, 0x0B, 0xFF, 0xFF, 0xF2, 0xFF, 0xFF, 0xFC, 0x15, 0x55, 0x55, 0x00, 0x00, 0x00,
    0x01, 0x55, 0x55, 0x52, 0xFF, 0xFF, 0xFC, 0xBF, 0xFF, 0xFF, 0x00, 0x00, 0x18, 0x00, 0x00, 0x0F,
    0x40, 0x00, 0x0B, 0xF0, 0x00, 0x03, 0x8D, 0x00, 0x02, 0xC2, 0xC0, 0x00, 0xD0, 0x34, 0x00, 0xBF,
    0xFF, 0x00, 0x00, 0x00, 0x00, 0x00, 0x00, 0x00, 0x2F, 0xFF, 0xFF, 0xCB, 0xFF, 0xFF, 0xF0, 0x55,
    0x55, 0x54, 0x00, 0x00, 0x00, 0x05, 0x55, 0x55, 0x4B, 0xFF, 0xFF, 0xF2, 0xFF, 0xFF, 0xFC, 0x03,
    0x40, 0x0F, 0x00, 0xD0, 0x06, 0x03, 0xF5, 0xF3, 0xE2, 0x8D, 0xC9, 0x60, 0x93, 0x7F, 0x98, 0x28,
    0xDC, 0x06, 0x03, 0xC1, 0xF0, 0x00, 0x00, 0x00, 0x00, 0xBF, 0xFF, 0xFF, 0x2F, 0xFF, 0xFF, 0xC1,
    0x55, 0x55, 0x50, 0x00, 0x00, 0x00, 0x15, 0x55, 0x55, 0x2F, 0xFF, 0xFF, 0xCB, 0xFF, 0xFF, 0xF0,
    0x03, 0xBB, 0xC0, 0x00, 0xD7, 0x34, 0x00, 0x31, 0x8D, 0x00, 0x0C, 0x63, 0x40, 0x00, 0x00, 0x00,
    0x00, 0x00, 0x00, 0x0B, 0xFF, 0xFF, 0xF2, 0xFF, 0xFF, 0xFC, 0x15, 0x55, 0x55, 0x00, 0x00, 0x00,
    0x01, 0x55, 0x55, 0x52, 0xFF, 0xFF, 0xFC, 0xBF, 0xFF, 0xFF, 0x00, 0x00, 0x7E, 0x00, 0x00, 0x25,
    0xC0, 0x00, 0x00, 0xC0, 0x00, 0x00, 0x50, 0x00, 0x00, 0x18, 0x00, 0x00, 0x00, 0x00, 0x00, 0x00,
    0x00, 0x02, 0xFF, 0xFF, 0xFC, 0xBF, 0xFF, 0xFF, 0x05, 0x55, 0x55, 0x40, 0x00, 0x00, 0x00, 0x55,
    0x55, 0x54, 0xBF, 0xFF, 0xFF, 0x2F, 0xFF, 0xFF, 0xC0, 0x00, 0x00, 0x00, 0x00, 0x00, 0x70, 0x00,
    0x00, 0x3C, 0x00, 0x00, 0x0E, 0x00, 0xBF, 0xFF, 0xFF, 0x2F, 0xFF, 0xFF, 0xC1, 0x56, 0xE5, 0x50,
    0x00, 0xB0, 0x00, 0x15, 0x79, 0x55, 0x2F, 0xFF, 0xFF, 0xCB, 0xFF, 0xFF, 0xF0, 0x03, 0x80, 0x00,
    0x02, 0xC0, 0x00, 0x00, 0xE0, 0x00, 0x00, 0x00, 0x00, 0x00, 0x15, 0x55, 0x55, 0x2F, 0xFF, 0xFF,
    0xCB, 0xFF, 0xFF, 0xF0, 0x00, 0x00, 0x00, 0x00, 0x00, 0x00, 0x05, 0x55, 0x55, 0x4B, 0xFF, 0xFF,
    0xF2, 0xFF, 0xFF, 0xFC, 0x00, 0x00, 0x00, 0x05, 0x55, 0x55, 0x4B, 0xFF, 0xFF, 0xF2, 0xFF, 0xFF,
    0xFC, 0x00, 0x00, 0x90, 0x00, 0x00, 0x78, 0x01, 0x55, 0x6D, 0x52, 0xFF, 0xFF, 0xFC, 0xBF, 0xFF,
    0xFF, 0x00, 0x02, 0xC0, 0x00, 0x00, 0xF0, 0x00, 0x55, 0xB9, 0x54, 0xBF, 0xFF, 0xFF, 0x2F, 0xFF,
    0xFF, 0xC0, 0x07, 0x40, 0x00, 0x57, 0xD5, 0x54, 0xBF, 0xFF, 0xFF, 0x2F, 0xFF, 0xFF, 0xC0, 0x3C,
    0x00, 0x00, 0x1D, 0x00, 0x00, 0x01, 0x00, 0x00, 0x00, 0xBF, 0xFF, 0xFF, 0x2F, 0xFF, 0xFF, 0xC1,
    0x55, 0x55, 0x50, 0x55, 0x55, 0x54, 0xBF, 0xFF, 0xFF, 0x2F, 0xFF, 0xFF, 0xC0, 0x00, 0x00, 0x00,
    0x00, 0x00, 0x00, 0x15, 0x55, 0x55, 0x2F, 0xFF, 0xFF, 0xCB, 0xFF, 0xFF, 0xF0, 0x00, 0x00, 0x00,
    0x15, 0x55, 0x55, 0x2F, 0xFF, 0xFF, 0xCB, 0xFF, 0xFF, 0xF0, 0x00, 0x00, 0x00, 0x00, 0x00, 0x02,
    0xC0, 0x00, 0x0B, 0xF0, 0x00, 0x2F, 0xD0, 0x00, 0xBE, 0x40, 0x02, 0xF8, 0x00, 0x07, 0xE0, 0x00,
    0x02, 0xF8, 0x00, 0x00, 0x1F, 0xE4, 0x00, 0x00, 0x2F, 0xD0, 0x00, 0x00, 0xBF, 0x80, 0x00, 0x01,
    0xFC, 0x00, 0x00, 0x06, 0x05, 0x55, 0x55, 0x4B, 0xFF, 0xFF, 0xF2, 0xFF, 0xFF, 0xFC, 0x00, 0x00,
    0x00, 0x28, 0x00, 0x00, 0x0B, 0xE0, 0x00, 0x00, 0x2F, 0x80, 0x00, 0x00, 0xBE, 0x00, 0x00, 0x02,
    0xF8, 0x00, 0x00, 0x07, 0xE0, 0x00, 0x01, 0xFC, 0x00, 0x0B, 0xF4, 0x00, 0x7F, 0xD0, 0x02, 0xFE,
    0x00, 0x02, 0xF8, 0x00, 0x00, 0x90, 0x00, 0x00, 0x05, 0x55, 0x55, 0x4B, 0xFF, 0xFF, 0xF2, 0xFF,
    0xFF, 0xFC, 0x00, 0x00, 0x01, 0x00, 0x00, 0x0B, 0xC0, 0x00, 0x7F, 0xD0, 0x07, 0xFE, 0x00, 0x6F,
    0xE0, 0x00, 0x2F, 0x80, 0x00, 0x01, 0xFF, 0x40, 0x00, 0x02, 0xFF, 0x40, 0x00, 0x02, 0xFF, 0x00,
    0x00, 0x06, 0xC0, 0x00, 0x00, 0x02, 0xFF, 0xFF, 0xFC, 0xBF, 0xFF, 0xFF, 0x05, 0x55, 0x55, 0x41,
    0x55, 0x55, 0x52, 0xFF, 0xFF, 0xFC, 0xBF, 0xFF, 0xFF, 0x00, 0x40, 0x00, 0x00, 0x2E, 0x40, 0x00,
    0x06, 0xFE, 0x00, 0x00, 0x07, 0xFE, 0x00, 0x00, 0x07, 0xFD, 0x00, 0x00, 0x1F, 0xC0, 0x01, 0xBF,
    0x80, 0x1B, 0xF9, 0x00, 0xBF, 0x90, 0x00, 0x2D, 0x00, 0x00, 0x00, 0x00, 0x00, 0x02, 0xFF, 0xFF,
    0xFC, 0xBF, 0xFF, 0xFF, 0x05, 0x55, 0x55, 0x41, 0x55, 0x55, 0x52, 0xFF, 0xFF, 0xFC, 0xBF, 0xFF,
    0xFF, 0x00, 0x00, 0x00, 0x01, 0x00, 0x00, 0x0B, 0xC0, 0x00, 0x7F, 0xD0, 0x07, 0xFE, 0x00, 0x6F,
    0xE0, 0x00, 0x2F, 0x80, 0x00, 0x01, 0xFF, 0x40, 0x00, 0x02, 0xFF, 0x40, 0x00, 0x02, 0xFF, 0x00,
    0x00, 0x46, 0xC0, 0x00, 0x74, 0x02, 0xFF, 0xFF, 0xFC, 0xBF, 0xFF, 0xFF, 0x05, 0x5B, 0x55, 0x41,
    0x57, 0xD5, 0x52, 0xFF, 0xFF, 0xFC, 0xBF, 0xFF, 0xFF, 0x00, 0x74, 0x00, 0x00, 0x3C, 0x00, 0x00,
    0x01, 0x00, 0x00, 0x40, 0x00, 0x00, 0x2E, 0x40, 0x00, 0x06, 0xFE, 0x00, 0x00, 0x07, 0xFE, 0x00,
    0x00, 0x07, 0xFD, 0x00, 0x00, 0x1F, 0xC0, 0x01, 0xBF, 0x80, 0x1B, 0xF9, 0x00, 0xBF, 0x90, 0x00,
    0x2D, 0x00, 0x40, 0x00, 0x00, 0x74, 0x02, 0xFF, 0xFF, 0xFC, 0xBF, 0xFF, 0xFF, 0x05, 0x5B, 0x55,
    0x41, 0x57, 0xD5, 0x52, 0xFF, 0xFF, 0xFC, 0xBF, 0xFF, 0xFF, 0x00, 0x74, 0x00, 0x00, 0x3C, 0x00,
    0x00, 0x00, 0x00, 0x00, 0x00, 0x00, 0x00, 0x00, 0x00, 0x00, 0x00, 0x01, 0xC0, 0x01, 0xC0, 0x00,
    0x07, 0xF0, 0x07, 0xF0, 0x00, 0x1F, 0xD0, 0x1F, 0xD0, 0x00, 0x7F, 0x40, 0x7F, 0x40, 0x01, 0xFE,
    0x01, 0xFE, 0x00, 0x03, 0xF8, 0x03, 0xF8, 0x00, 0x00, 0xFD, 0x00, 0xFD, 0x00, 0x00, 0x0B, 0xF4,
    0x0B, 0xF4, 0x00, 0x00, 0x2F, 0xC0, 0x2F, 0xC0, 0x00, 0x00, 0xBE, 0x00, 0xBE, 0x00, 0x00, 0x02,
    0xF8, 0x02, 0xF8, 0x00, 0x00, 0x0B, 0x00, 0x0B, 0x00, 0x00, 0x00, 0x40, 0x00, 0x40, 0x00, 0x00,
    0x00, 0x00, 0x00, 0x0D, 0x00, 0x0D, 0x00, 0x00, 0x03, 0xF4, 0x03, 0xF4, 0x00, 0x00, 0x2F, 0xD0,
    0x2F, 0xD0, 0x00, 0x00, 0xBF, 0x40, 0xBF, 0x40, 0x00, 0x02, 0xFD, 0x02, 0xFD, 0x00, 0x00, 0x0B,
    0xF0, 0x0B, 0xF0, 0x00, 0x01, 0xFC, 0x01, 0xFC, 0x00, 0x07, 0xF8, 0x07, 0xF8, 0x00, 0x1F, 0xE0,
    0x1F, 0xE0, 0x00, 0x7F, 0x80, 0x7F, 0x80, 0x00, 0xFE, 0x00, 0xFE, 0x00, 0x00, 0x38, 0x00, 0x38,
    0x00, 0x00, 0x00, 0x00, 0x00, 0x00, 0x00, 0x00, 0x78, 0xF0, 0x7F, 0x00, 0xF4, 0x03, 0xF0, 0x2E,
    0xD0, 0xE3, 0xC7, 0x4B, 0x2C, 0x1C, 0xB0, 0x76, 0xC1, 0xDB, 0x07, 0x6C, 0x1D, 0x74, 0xB0, 0xE3,
    0xC3, 0xDD, 0x07, 0xF0, 0x0F, 0x40, 0x7F, 0x03, 0x8F, 0x00, 0x00, 0x00, 0x00, 0x00, 0x00, 0x3C,
    0x00, 0x00, 0x1E, 0x00, 0x40, 0x0F, 0x10, 0x7E, 0x57, 0xFF, 0x0B, 0xFF, 0xFE, 0x00, 0x2F, 0xF4,
    0x00, 0x00, 0x74, 0x00, 0x00, 0x3C, 0x00, 0x02, 0xFF, 0xF9, 0x07, 0xFF, 0xAF, 0xF0, 0x87, 0x80,
    0x24, 0x03, 0xC0, 0x00, 0x00, 0xE0, 0x00, 0x00, 0x10, 0x00, 0x00, 0x00, 0x00, 0x00, 0x00, 0x00,
    0x34, 0x00, 0x00, 0x1C, 0x00, 0x00, 0x0B, 0x00, 0x00, 0x03, 0x80, 0x00, 0x01, 0xD0, 0x00, 0x00,
    0xB0, 0xB0, 0x00, 0x3E, 0xFC, 0x00, 0x0F, 0xF4, 0x00, 0x2F, 0xD0, 0x00, 0xBF, 0xC0, 0x01, 0xF8,
    0xF0, 0x00, 0xBE, 0x38, 0x00, 0x07, 0xFE, 0x00, 0x00, 0x0F, 0xF4, 0x00, 0x03, 0xEF, 0xE0, 0x00,
    0xE0, 0x7F, 0x00, 0x74, 0x01, 0x80, 0x2C, 0x00, 0x00, 0x0E, 0x00, 0x00, 0x03, 0x40, 0x00, 0x00,
    0x00, 0x00, 0x00, 0x00, 0x00, 0x00, 0x00, 0x00, 0xF0, 0x00, 0x00, 0x38, 0x00, 0x00, 0x1D, 0x00,
    0x00, 0x0B, 0x00, 0x28, 0x03, 0x80, 0x0B, 0xE0, 0xD0, 0x00, 0x2F, 0xF0, 0x00, 0x00, 0xBF, 0x00,
    0x00, 0x0F, 0xF8, 0x00, 0x03, 0x47, 0xE0, 0x01, 0xC1, 0xFC, 0x00, 0xFB, 0xF4, 0x00, 0x7F, 0xD0,
    0x02, 0xFF, 0x00, 0x02, 0xFF, 0x00, 0x00, 0x93, 0xC0, 0x00, 0x00, 0xE0, 0x00, 0x00, 0x74, 0x00,
    0x00, 0x2C, 0x00, 0x00, 0x0F, 0x00, 0x00, 0x00, 0x00, 0x00, 0x00, 0x00, 0x00, 0x00, 0x00, 0x00,
    0x74, 0x00, 0x00, 0x2C, 0x00, 0x00, 0x0E, 0x2C, 0x00, 0x03, 0xFF, 0x00, 0x03, 0xFD, 0x00, 0x0B,
    0xF4, 0x00, 0x2F, 0xB8, 0x00, 0x7E, 0x0D, 0x00, 0x2F, 0x87, 0x00, 0x01, 0xFF, 0xC0, 0x00, 0x02,
    0xFD, 0x00, 0x00, 0x7F, 0xF8, 0x00, 0x2C, 0x1F, 0xC0, 0x0F, 0x00, 0x60, 0x57, 0xD5, 0x54, 0xBF,
    0xFF, 0xFF, 0x2F, 0xFF, 0xFF, 0xC0, 0x3C, 0x00, 0x00, 0x0E, 0x00, 0x00, 0x07, 0x40, 0x00, 0x00,
    0x00, 0x00, 0x00, 0x00, 0x00, 0x00, 0x00, 0x00, 0xF0, 0x00, 0x00, 0x38, 0x00, 0x00, 0x1D, 0x00,
    0xA0, 0x0B, 0x00, 0x2F, 0x83, 0x80, 0x00, 0xBF, 0xD0, 0x00, 0x02, 0xFC, 0x00, 0x00, 0x3F, 0xE0,
    0x00, 0x0E, 0x1F, 0x80, 0x03, 0x47, 0xF0, 0x01, 0xFF, 0xD0, 0x01, 0xFF, 0x40, 0x0B, 0xFC, 0x00,
    0x0B, 0xFD, 0x00, 0x02, 0x4B, 0x00, 0x00, 0x17, 0xD5, 0x55, 0x2F, 0xFF, 0xFF, 0xCB, 0xFF, 0xFF,
    0xF0, 0x2C, 0x00, 0x00, 0x0F, 0x00, 0x00, 0x00, 0x00, 0x00, 0x00, 0x00, 0x00, 0x00, 0x00, 0x00,
    0x06, 0xC0, 0x00, 0x2F, 0xF0, 0x01, 0xFF, 0x40, 0x1B, 0xF8, 0x00, 0x2F, 0x80, 0x00, 0x07, 0xFD,
    0x00, 0x00, 0x07, 0xFD, 0x00, 0x00, 0x0B, 0xFD, 0x00, 0x00, 0x1B, 0xC0, 0x00, 0x00, 0x10, 0x04,
    0x00, 0x00, 0x7F, 0xFE, 0x5B, 0x2F, 0xFF, 0xFF, 0xC9, 0x01, 0xBF, 0xD0, 0x00, 0x00, 0x00, 0x00,
    0x00, 0x00, 0x29, 0x00, 0x00, 0x0B, 0xF9, 0x00, 0x00, 0x1B, 0xF8, 0x00, 0x00, 0x1B, 0xF4, 0x00,
    0x00, 0x1F, 0xC0, 0x00, 0x6F, 0xE0, 0x06, 0xFE, 0x00, 0x6F, 0xE4, 0x00, 0x2F, 0x40, 0x00, 0x04,
    0x00, 0x00, 0x00, 0x04, 0x00, 0x00, 0x7F, 0xFE, 0x5B, 0x2F, 0xFF, 0xFF, 0xC9, 0x01, 0xBF, 0xD0,
    0x00, 0x00, 0x00, 0x00, 0x00, 0x00, 0x00, 0x00, 0x2C, 0x00, 0x00, 0x0F, 0x00, 0x00, 0x03, 0x40,
    0x00, 0x01, 0xDB, 0x00, 0x00, 0xFF, 0xC0, 0x07, 0xFD, 0x00, 0x6F, 0xED, 0x00, 0xBE, 0x07, 0x00,
    0x1F, 0xF7, 0xC0, 0x00, 0x1F, 0xF4, 0x00, 0x00, 0x7F, 0xF4, 0x00, 0x2C, 0x6F, 0x00, 0x0F, 0x00,
    0x40, 0x17, 0x80, 0x01, 0xFF, 0xF9, 0x6C, 0xBF, 0xFF, 0xFF, 0x24, 0x3E, 0xFF, 0x40, 0x0E, 0x00,
    0x00, 0x07, 0x40, 0x00, 0x02, 0xC0, 0x00, 0x00, 0x00, 0x00, 0x00, 0x00, 0x00, 0x00, 0x00, 0x00,
    0xF0, 0x00, 0x00, 0x38, 0x00, 0x00, 0x1D, 0x00, 0xA4, 0x0B, 0x00, 0x2F, 0xE7, 0x80, 0x00, 0x6F,
    0xF0, 0x00, 0x00, 0xFF, 0xD0, 0x00, 0x2C, 0x7F, 0x00, 0x0F, 0xBF, 0x80, 0x1F, 0xF8, 0x01, 0xBF,
    0xD0, 0x00, 0xBD, 0xF0, 0x00, 0x10, 0x38, 0x00, 0x00, 0x2D, 0x00, 0x01, 0xFF, 0xF9, 0x6C, 0xBF,
    0xFF, 0xFF, 0x24, 0xF6, 0xFF, 0x40, 0x74, 0x00, 0x00, 0x2C, 0x00, 0x00, 0x0F, 0x00, 0x00, 0x00,
    0x00, 0x00, 0x00, 0x00, 0x00, 0x02, 0x00, 0x00, 0x1F, 0xC0, 0x01, 0xBF, 0x90, 0x1B, 0xF9, 0x00,
    0x7F, 0x90, 0x00, 0x2F, 0x90, 0x00, 0x00, 0xBF, 0x90, 0x00, 0x01, 0xBF, 0x90, 0xA0, 0x01, 0xBF,
    0x2F, 0xD0, 0x01, 0xC1, 0xBF, 0x90, 0x00, 0x01, 0xBF, 0x90, 0x00, 0x01, 0xBF, 0x00, 0x00, 0x7F,
    0x80, 0x07, 0xFD, 0x00, 0x7F, 0xE0, 0x00, 0xBE, 0x40, 0x00, 0x14, 0x00, 0x00, 0x00, 0x50, 0x00,
    0x00, 0x2F, 0x80, 0x00, 0x02, 0xFF, 0x40, 0x00, 0x02, 0xFE, 0x40, 0x00, 0x02, 0xFE, 0x00, 0x00,
    0x2F, 0xC0, 0x02, 0xFE, 0x40, 0x2F, 0xF4, 0x00, 0xBF, 0x40, 0x07, 0x28, 0x00, 0x6F, 0xC0, 0x02,
    0xFE, 0x40, 0x2F, 0xE4, 0x00, 0xBF, 0x40, 0x00, 0x1F, 0xE0, 0x00, 0x00, 0x6F, 0xE0, 0x00, 0x00,
    0x7F, 0xE0, 0x00, 0x00, 0xBF, 0x00, 0x00, 0x00, 0x80, 0x00, 0x00, 0x00, 0x00, 0x00, 0x2C, 0x00,
    0x00, 0x0F, 0x20, 0x00, 0x07, 0xFC, 0x00, 0x1B, 0xF9, 0x01, 0xBF, 0xF0, 0x07, 0xF9, 0x38, 0x02,
    0xF9, 0x0D, 0x00, 0x0B, 0xFF, 0x00, 0x00, 0x1B, 0xF9, 0x0A, 0x00, 0xFB, 0xF2, 0xFD, 0x74, 0x1C,
    0x1B, 0xFD, 0x00, 0x00, 0x1F, 0xF9, 0x00, 0x03, 0x9B, 0xF0, 0x01, 0xD7, 0xF8, 0x00, 0xFF, 0xD0,
    0x07, 0xFE, 0x00, 0x0B, 0xEE, 0x00, 0x01, 0x47, 0x40, 0x00, 0x02, 0xC0, 0x00, 0x00, 0x00, 0x00,
    0x00, 0x00, 0x00, 0x00, 0x00, 0x00, 0x74, 0x05, 0x00, 0x2C, 0x02, 0xF8, 0x0F, 0x00, 0x2F, 0xFB,
    0x80, 0x00, 0x2F, 0xF4, 0x00, 0x00, 0xFF, 0xE0, 0x00, 0x3E, 0xFC, 0x00, 0x2F, 0xE4, 0x02, 0xFF,
    0x80, 0x0B, 0xF7, 0xC0, 0x72, 0x80, 0xF6, 0xFC, 0x00, 0x7F, 0xE4, 0x02, 0xFF, 0x40, 0x0B, 0xFF,
    0x00, 0x01, 0xFF, 0xC0, 0x00, 0x07, 0xFE, 0x00, 0x00, 0x7B, 0xFE, 0x00, 0x2C, 0x0B, 0xF0, 0x0E,
    0x00, 0x08, 0x03, 0x40, 0x00, 0x00, 0x00, 0x00, 0x00, 0x00, 0x00, 0x00, 0x00, 0x00, 0x0D, 0x00,
    0x00, 0x7C, 0x00, 0x02, 0xF4, 0x00, 0x2F, 0x80, 0x02, 0xFD, 0x00, 0x7F, 0x90, 0x00, 0xBF, 0x80,
    0x00, 0x06, 0xF8, 0x00, 0x00, 0x2F, 0x80, 0x00, 0x03, 0xF0, 0x00, 0x00, 0x7C, 0x00, 0x00, 0x0D,
    0x00, 0x00, 0x00, 0x00, 0x00, 0x00, 0x90, 0x00, 0x00, 0xB8, 0x00, 0x00, 0x2F, 0x40, 0x00, 0x07,
    0xE4, 0x00, 0x00, 0xBF, 0x40, 0x00, 0x0B, 0xF8, 0x00, 0x07, 0xFC, 0x00, 0x7F, 0x80, 0x03, 0xF8,
    0x00, 0x1F, 0x80, 0x00, 0xBC, 0x00, 0x00, 0xA0, 0x00, 0x00, 0x00, 0x00, 0x00, 0x00, 0x00, 0x00,
    0x00, 0x00, 0x0D, 0x00, 0x00, 0x7C, 0x00, 0x07, 0xF4, 0x01, 0xBF, 0x40, 0x6F, 0xF4, 0x00, 0xBF,
    0xD0, 0x00, 0x02, 0xFE, 0x00, 0x00, 0x1B, 0xE0, 0x40, 0x00, 0xBC, 0xBE, 0x00, 0x1D, 0x6F, 0xE0,
    0x00, 0x01, 0xFE, 0x00, 0x00, 0x0B, 0xD0, 0x00, 0x01, 0xF8, 0x00, 0x00, 0x2D, 0x00, 0x00, 0x09,
    0x00, 0x00, 0x00, 0x00, 0x00, 0x00, 0x90, 0x00, 0x00, 0xB8, 0x00, 0x00, 0x2F, 0x80, 0x00, 0x07,
    0xF9, 0x00, 0x00, 0x6F, 0xF8, 0x00, 0x1B, 0xFC, 0x01, 0xFF, 0x40, 0x0F, 0xE0, 0x00, 0x7E, 0x00,
    0x04, 0xB0, 0x01, 0xBD, 0x40, 0x1F, 0xF8, 0x01, 0xFE, 0x00, 0x0B, 0xD0, 0x00, 0x3E, 0x00, 0x00,
    0xB4, 0x00, 0x00, 0x90, 0x00, 0x00, 0x00, 0x00, 0x00, 0x00, 0x00, 0x02, 0x00, 0x00, 0x02, 0xC0,
    0x00, 0x0B, 0xE0, 0x00, 0x6F, 0xC0, 0x06, 0xFE, 0x40, 0x2F, 0xF4, 0x00, 0x01, 0xBF, 0xD0, 0x00,
    0x01, 0xBF, 0x40, 0x00, 0x01, 0xFD, 0x00, 0x00, 0x07, 0xC0, 0x00, 0x00, 0x30, 0x04, 0x00, 0x00,
    0x7F, 0xFE, 0x5B, 0x2F, 0xFF, 0xFF, 0xC9, 0x01, 0xBF, 0xD0, 0x00, 0x00, 0x00, 0x40, 0x00, 0x00,
    0x2C, 0x00, 0x00, 0x07, 0xE0, 0x00, 0x00, 0x2F, 0xD0, 0x00, 0x00, 0xBF, 0xE4, 0x00, 0x00, 0xBF,
    0xC0, 0x02, 0xFF, 0x90, 0x1F, 0xE4, 0x00, 0x2F, 0x80, 0x00, 0x2E, 0x00, 0x00, 0x09, 0x00, 0x00,
    0x00, 0x04, 0x00, 0x00, 0x7F, 0xFE, 0x5B, 0x2F, 0xFF, 0xFF, 0xC9, 0x01, 0xBF, 0xD0, 0x00, 0x00,
    0x00, 0x00, 0x00, 0x00, 0x00, 0x01, 0xD0, 0x00, 0x02, 0xC0, 0x00, 0x03, 0xC9, 0x00, 0x03, 0xFD,
    0x00, 0x07, 0xF4, 0x00, 0x1F, 0x80, 0x02, 0xFF, 0x00, 0x7F, 0xEE, 0x00, 0xBF, 0xAD, 0x00, 0x07,
    0xFC, 0x00, 0x00, 0x3F, 0x80, 0x00, 0x3B, 0xF0, 0x00, 0x74, 0x7C, 0x00, 0xB0, 0x0D, 0x00, 0xF0,
    0x00, 0x00, 0x00, 0x00, 0x00, 0x00, 0x00, 0x00, 0x0F, 0x00, 0x00, 0x0E, 0x00, 0x90, 0x1D, 0x00,
    0xB8, 0x2C, 0x00, 0x2F, 0x7C, 0x00, 0x07, 0xF8, 0x00, 0x00, 0xBF, 0x40, 0x00, 0xBB, 0xF8, 0x00,
    0xF7, 0xFC, 0x00, 0xFF, 0x80, 0x03, 0xF4, 0x00, 0x1F, 0xC0, 0x00, 0xBF, 0xC0, 0x00, 0xA3, 0x80,
    0x00, 0x07, 0x40, 0x00, 0x00, 0x00, 0x00, 0x00, 0x6F, 0xFF, 0xFC, 0x03, 0xFF, 0xFF, 0xFC, 0x0F,
    0xE5, 0x55, 0x54, 0x3E, 0x00, 0x00, 0x00, 0x7C, 0x00, 0x00, 0x00, 0xB4, 0x00, 0x00, 0x00, 0xB0,
    0x00, 0x00, 0x00, 0xB0, 0x00, 0x00, 0x00, 0xB0, 0x00, 0x00, 0x00, 0xB4, 0x00, 0x00, 0x00, 0x7C,
    0x00, 0x00, 0x00, 0x3E, 0x00, 0x00, 0x00, 0x0F, 0xE5, 0x55, 0x54, 0x03, 0xFF, 0xFF, 0xFC, 0x00,
    0x6F, 0xFF, 0xFC, 0xBF, 0xFF, 0xF8, 0x00, 0xBF, 0xFF, 0xFF, 0x80, 0x15, 0x55, 0x6F, 0xE0, 0x00,
    0x00, 0x01, 0xF4, 0x00, 0x00, 0x00, 0x78, 0x00, 0x00, 0x00, 0x3C, 0x00, 0x00, 0x00, 0x2C, 0x00,
    0x00, 0x00, 0x2C, 0x00, 0x00, 0x00, 0x2C, 0x00, 0x00, 0x00, 0x3C, 0x00, 0x00, 0x00, 0x78, 0x00,
    0x00, 0x01, 0xF4, 0x15, 0x55, 0x6F, 0xE0, 0xBF, 0xFF, 0xFF, 0x80, 0xBF, 0xFF, 0xF8, 0x00, 0x00,
    0x00, 0x00, 0x70, 0x00, 0x00, 0x00, 0xB0, 0x00, 0x00, 0x00, 0xE0, 0x00, 0x6F, 0xFF, 0xFC, 0x03,
    0xFF, 0xFF, 0xFC, 0x0F, 0xE5, 0x57, 0xD4, 0x3E, 0x00, 0x07, 0x40, 0x7C, 0x00, 0x0F, 0x00, 0xB4,
    0x00, 0x1E, 0x00, 0xB0, 0x00, 0x2C, 0x00, 0xB0, 0x00, 0x38, 0x00, 0xB0, 0x00, 0x74, 0x00, 0xB4,
    0x00, 0xF0, 0x00, 0x3C, 0x01, 0xD0, 0x00, 0x3E, 0x02, 0xC0, 0x00, 0x0F, 0xEB, 0xD5, 0x54, 0x03,
    0xFF, 0xFF, 0xFC, 0x00, 0x6F, 0xFF, 0xFC, 0x00, 0x0E, 0x00, 0x00, 0x00, 0x1D, 0x00, 0x00, 0x00,
    0x1C, 0x00, 0x00, 0x00, 0x00, 0x60, 0x00, 0x00, 0x00, 0xF0, 0x00, 0x00, 0x01, 0xE0, 0x00, 0xBF,
    0xFF, 0xF4, 0x00, 0xBF, 0xFF, 0xFF, 0x80, 0x15, 0x5B, 0xAF, 0xE0, 0x00, 0x0B, 0x01, 0xF4, 0x00,
    0x0F, 0x00, 0x78, 0x00, 0x1D, 0x00, 0x3C, 0x00, 0x3C, 0x00, 0x2C, 0x00, 0x38, 0x00, 0x2C, 0x00,
    0xB0, 0x00, 0x2C, 0x00, 0xE0, 0x00, 0x3C, 0x01, 0xD0, 0x00, 0x78, 0x03, 0xC0, 0x01, 0xF4, 0x17,
    0x95, 0x6F, 0xE0, 0xBF, 0xFF, 0xFF, 0x80, 0xBF, 0xFF, 0xF8, 0x00, 0x0E, 0x00, 0x00, 0x00, 0x2C,
    0x00, 0x00, 0x00, 0x28, 0x00, 0x00, 0x00, 0x00, 0x01, 0x55, 0x54, 0x00, 0xBF, 0xFF, 0xFC, 0x07,
    0xFF, 0xFF, 0xFC, 0x1F, 0xD0, 0x00, 0x00, 0x3D, 0x00, 0x00, 0x00, 0x78, 0x00, 0x00, 0x00, 0xB4,
    0x00, 0x00, 0x00, 0xB0, 0x00, 0x00, 0x00, 0xB0, 0x00, 0x00, 0x00, 0xB0, 0x00, 0x00, 0x00, 0x74,
    0x00, 0x00, 0x00, 0x3C, 0x00, 0x00, 0x00, 0x3E, 0x00, 0x00, 0x00, 0x0F, 0xE5, 0x55, 0x54, 0x03,
    0xFF, 0xFF, 0xFC, 0x00, 0x6F, 0xFF, 0xFC, 0x05, 0x55, 0x55, 0x54, 0x2F, 0xFF, 0xFF, 0xFC, 0x2F,
    0xFF, 0xFF, 0xFC, 0x15, 0x55, 0x00, 0x00, 0xBF, 0xFF, 0xFD, 0x00, 0xBF, 0xFF, 0xFF, 0xC0, 0x00,
    0x00, 0x1B, 0xF0, 0x00, 0x00, 0x00, 0xF4, 0x00, 0x00, 0x00, 0x3C, 0x00, 0x00, 0x00, 0x3C, 0x00,
    0x00, 0x00, 0x2C, 0x00, 0x00, 0x00, 0x2C, 0x00, 0x00, 0x00, 0x2C, 0x00, 0x00, 0x00, 0x3C, 0x00,
    0x00, 0x00, 0x78, 0x00, 0x00, 0x01, 0xF4, 0x15, 0x55, 0x6F, 0xE0, 0xBF, 0xFF, 0xFF, 0x80, 0xBF,
    0xFF, 0xF8, 0x00, 0x15, 0x55, 0x55, 0x50, 0xBF, 0xFF, 0xFF, 0xF0, 0xBF, 0xFF, 0xFF, 0xF0, 0x00,
    0x00, 0x00, 0x00, 0x00, 0x00, 0x01, 0xD0, 0x00, 0x00, 0x02, 0xC0, 0x00, 0x01, 0x57, 0xD4, 0x00,
    0xBF, 0xFF, 0xFC, 0x07, 0xFF, 0xFF, 0xFC, 0x1F, 0xD0, 0x0F, 0x00, 0x3D, 0x00, 0x1D, 0x00, 0x78,
    0x00, 0x3C, 0x00, 0xB4, 0x00, 0x38, 0x00, 0xB0, 0x00, 0xB0, 0x00, 0xB0, 0x00, 0xF0, 0x00, 0xB0,
    0x01, 0xD0, 0x00, 0x74, 0x03, 0xC0, 0x00, 0x3C, 0x03, 0x80, 0x00, 0x3E, 0x0B, 0x00, 0x00, 0x0F,
    0xEF, 0x55, 0x54, 0x03, 0xFF, 0xFF, 0xFC, 0x00, 0x7F, 0xFF, 0xFC, 0x05, 0x7D, 0x55, 0x54, 0x2F,
    0xFF, 0xFF, 0xFC, 0x2F, 0xFF, 0xFF, 0xFC, 0x00, 0xE0, 0x00, 0x00, 0x01, 0xC0, 0x00, 0x00, 0x00,
    0x00, 0x00, 0x00, 0x00, 0x00, 0x00, 0x00, 0x00, 0x00, 0x0B, 0x00, 0x00, 0x00, 0x0E, 0x00, 0x15,
    0x55, 0x2D, 0x00, 0xBF, 0xFF, 0xFD, 0x00, 0xBF, 0xFF, 0xFF, 0x80, 0x00, 0x00, 0x7B, 0xE0, 0x00,
    0x00, 0xF0, 0xF4, 0x00, 0x00, 0xE0, 0x3C, 0x00, 0x02, 0xC0, 0x3C, 0x00, 0x03, 0x80, 0x2C, 0x00,
    0x07, 0x40, 0x2C, 0x00, 0x0F, 0x00, 0x2C, 0x00, 0x0E, 0x00, 0x3C, 0x00, 0x2C, 0x00, 0x78, 0x00,
    0x3C, 0x01, 0xF4, 0x15, 0xB9, 0x6F, 0xE0, 0xBF, 0xFF, 0xFF, 0x80, 0xBF, 0xFF, 0xF8, 0x00, 0x16,
    0xE5, 0x55, 0x50, 0xBF, 0xFF, 0xFF, 0xF0, 0xBF, 0xFF, 0xFF, 0xF0, 0x0B, 0x00, 0x00, 0x00, 0x0E,
    0x00, 0x00, 0x00, 0x00, 0x00, 0x00, 0x00, 0x00, 0x01, 0x55, 0x54, 0x00, 0xBF, 0xFF, 0xFC, 0x07,
    0xFF, 0xFF, 0xFC, 0x1F, 0xD0, 0x00, 0x00, 0x3D, 0x00, 0x00, 0x00, 0x78, 0x00, 0x00, 0x00, 0xB4,
    0x00, 0x00, 0x00, 0xB0, 0x00, 0x00, 0x00, 0xB0, 0x00, 0x00, 0x00, 0xB0, 0x00, 0x00, 0x00, 0x74,
    0x00, 0x00, 0x00, 0x3C, 0x00, 0x00, 0x00, 0x3E, 0x00, 0x00, 0x00, 0x0F, 0xE5, 0x55, 0x54, 0x03,
    0xFF, 0xFF, 0xFC, 0x00, 0x6F, 0xFF, 0xFC, 0x05, 0x56, 0x95, 0x54, 0x2F, 0xFF, 0xFF, 0xFC, 0x2F,
    0xFF, 0xFF, 0xFC, 0x00, 0x0F, 0x00, 0x00, 0x00, 0x0D, 0x00, 0x00, 0x00, 0x00, 0x00, 0x00, 0x15,
    0x55, 0x00, 0x00, 0xBF, 0xFF, 0xFD, 0x00, 0xBF, 0xFF, 0xFF, 0xC0, 0x00, 0x00, 0x1B, 0xF0, 0x00,
    0x00, 0x00, 0xF4, 0x00, 0x00, 0x00, 0x3C, 0x00, 0x00, 0x00, 0x3C, 0x00, 0x00, 0x00, 0x2C, 0x00,
    0x00, 0x00, 0x2C, 0x00, 0x00, 0x00, 0x2C, 0x00, 0x00, 0x00, 0x3C, 0x00, 0x00, 0x00, 0x78, 0x00,
    0x00, 0x01, 0xF4, 0x15, 0x55, 0x6F, 0xE0, 0xBF, 0xFF, 0xFF, 0x80, 0xBF, 0xFF, 0xF8, 0x00, 0x15,
    0x5A, 0x55, 0x50, 0xBF, 0xFF, 0xFF, 0xF0, 0xBF, 0xFF, 0xFF, 0xF0, 0x00, 0x74, 0x00, 0x00, 0x00,
    0xB0, 0x00, 0x00, 0x00, 0x00, 0x00, 0x00, 0x60, 0x00, 0x00, 0x5B, 0x00, 0x00, 0x0F, 0xB0, 0x00,
    0x00, 0xFB, 0x00, 0x00, 0x0F, 0xB0, 0x00, 0x00, 0xFB, 0x00, 0x00, 0x0F, 0xB0, 0x04, 0x00, 0xFB,
    0x02, 0x80, 0x0F, 0xB0, 0x7F, 0xF0, 0xFB, 0x0B, 0xFF, 0x0F, 0xB0, 0x3D, 0x50, 0xFB, 0x00, 0x80,
    0x0F, 0xB4, 0x00, 0x00, 0xE7, 0x80, 0x00, 0x2D, 0x3D, 0x00, 0x07, 0xC2, 0xFD, 0x56, 0xF8, 0x0B,
    0xFF, 0xFE, 0x00, 0x1B, 0xFE, 0x40, 0x60, 0x00, 0x00, 0x5B, 0x00, 0x00, 0x0F, 0xB0, 0x00, 0x00,
    0xFB, 0x00, 0x00, 0x0F, 0xB0, 0x00, 0x00, 0xFB, 0x00, 0x00, 0x0F, 0xB0, 0x00, 0x00, 0xFB, 0x01,
    0xF4, 0x0F, 0xB0, 0x3F, 0xC0, 0xFB, 0x03, 0xFC, 0x0F, 0xB0, 0x1F, 0x40, 0xFB, 0x00, 0x00, 0x0F,
    0xB4, 0x00, 0x00, 0xE7, 0x80, 0x00, 0x2D, 0x3D, 0x00, 0x07, 0xC2, 0xFD, 0x56, 0xF8, 0x0B, 0xFF,
    0xFE, 0x00, 0x1B, 0xFE, 0x40, 0x60, 0x00, 0x00, 0x5B, 0x00, 0x00, 0x0F, 0xB0, 0x00, 0x00, 0xFB,
    0x00, 0x00, 0x0F, 0xB0, 0x00, 0x00, 0xFB, 0x00, 0x00, 0x0F, 0xB0, 0x00, 0x00, 0xFB, 0x00, 0xA0,
    0x0F, 0xB0, 0x0A, 0x00, 0xFB, 0x0B, 0xFE, 0x0F, 0xB0, 0x0B, 0x00, 0xFB, 0x00, 0xA0, 0x0F, 0xB4,
    0x00, 0x00, 0xE7, 0x80, 0x00, 0x2D, 0x3D, 0x00, 0x07, 0xC2, 0xFD, 0x56, 0xF8, 0x0B, 0xFF, 0xFE,
    0x00, 0x1B, 0xFE, 0x40, 0xBF, 0xFF, 0xFF, 0x2F, 0xFF, 0xFF, 0xCB, 0x55, 0x55, 0x52, 0xC0, 0x00,
    0x00, 0xB0, 0x00, 0x00, 0x2C, 0x00, 0x00, 0x0B, 0x00, 0x00, 0x02, 0xC0, 0x00, 0x00, 0xB0, 0x00,
    0x00, 0x2C, 0x00, 0x00, 0x0B, 0x00, 0x00, 0x02, 0xD5, 0x55, 0x54, 0xBF, 0xFF, 0xFF, 0x2F, 0xFF,
    0xFF, 0xC0, 0xBF, 0xFF, 0xFF, 0x2F, 0xFF, 0xFF, 0xC1, 0x55, 0x55, 0xF0, 0x00, 0x00, 0x3C, 0x00,
    0x00, 0x0F, 0x00, 0x00, 0x03, 0xC0, 0x00, 0x00, 0xF0, 0x00, 0x00, 0x3C, 0x00, 0x00, 0x0F, 0x00,
    0x00, 0x03, 0xC0, 0x00, 0x00, 0xF0, 0x55, 0x55, 0x7C, 0xBF, 0xFF, 0xFF, 0x2F, 0xFF, 0xFF, 0xC0,
    0xBF, 0xFF, 0xFF, 0x2F, 0xFF, 0xFF, 0xCB, 0x55, 0x55, 0x52, 0xC0, 0x00, 0x00, 0xB0, 0x00, 0x00,
    0x2C, 0x00, 0x00, 0x0B, 0x00, 0x00, 0x02, 0xC0, 0x00, 0x00, 0xB0, 0x00, 0x00, 0x2C, 0x00, 0x00,
    0x0B, 0x00, 0x00, 0x02, 0xC0, 0x00, 0x00, 0xBF, 0xFF, 0xFF, 0x2F, 0xFF, 0xFF, 0xC1, 0x55, 0x55,
    0x50, 0x55, 0x55, 0x54, 0xBF, 0xFF, 0xFF, 0x2F, 0xFF, 0xFF, 0xC0, 0xBF, 0xFF, 0xFF, 0x2F, 0xFF,
    0xFF, 0xC1, 0x55, 0x55, 0xF0, 0x00, 0x00, 0x3C, 0x00, 0x00, 0x0F, 0x00, 0x00, 0x03, 0xC0, 0x00,
    0x00, 0xF0, 0x00, 0x00, 0x3C, 0x00, 0x00, 0x0F, 0x00, 0x00, 0x03, 0xC0, 0x00, 0x00, 0xF0, 0x00,
    0x00, 0x3C, 0xBF, 0xFF, 0xFF, 0x2F, 0xFF, 0xFF, 0xC1, 0x55, 0x55, 0x50, 0x55, 0x55, 0x54, 0xBF,
    0xFF, 0xFF, 0x2F, 0xFF, 0xFF, 0xC0, 0x15, 0x55, 0x55, 0x5B, 0xFF, 0xFF, 0xFF, 0xBF, 0xFF, 0xFF,
    0xFB, 0x00, 0x00, 0x0F, 0xB0, 0x00, 0x00, 0xFB, 0x00, 0x00, 0x0F, 0xB0, 0x00, 0x00, 0xFB, 0x00,
    0x00, 0x0F, 0xB0, 0x00, 0x00, 0xFB, 0x00, 0x00, 0x0F, 0xB0, 0x00, 0x00, 0xFB, 0x00, 0x00, 0x0F,
    0xB0, 0x00, 0x00, 0xFB, 0x00, 0x00, 0x0F, 0xB0, 0x00, 0x00, 0xF0, 0x60, 0x00, 0x00, 0x5B, 0x00,
    0x00, 0x0F, 0xB0, 0x00, 0x00, 0xFB, 0x00, 0x00, 0x0F, 0xB0, 0x00, 0x00, 0xFB, 0x00, 0x00, 0x0F,
    0xB0, 0x00, 0x00, 0xFB, 0x00, 0x00, 0x0F, 0xB0, 0x00, 0x00, 0xFB, 0x00, 0x00, 0x0F, 0xB0, 0x00,
    0x00, 0xFB, 0x55, 0x55, 0x5F, 0xBF, 0xFF, 0xFF, 0xFB, 0xFF, 0xFF, 0xFF, 0x00, 0x07, 0xFE, 0x40,
    0x00, 0x02, 0xFF, 0xFF, 0xD0, 0x00, 0x2F, 0x47, 0x47, 0xE0, 0x02, 0xE0, 0x1D, 0x02, 0xE0, 0x1E,
    0x00, 0x74, 0x03, 0xD0, 0xF0, 0x01, 0xD0, 0x03, 0xC7, 0x80, 0x07, 0x40, 0x0B, 0x2D, 0x00, 0x1D,
    0x00, 0x1D, 0xBF, 0xFF, 0xFF, 0xFF, 0xFA, 0xFF, 0xFF, 0xFF, 0xFF, 0xEB, 0x00, 0x07, 0x40, 0x07,
    0x9D, 0x00, 0x1D, 0x00, 0x2D, 0x3C, 0x00, 0x74, 0x00, 0xF0, 0xB4, 0x01, 0xD0, 0x0B, 0x80, 0xF4,
    0x07, 0x40, 0x7C, 0x01, 0xF4, 0x1D, 0x0B, 0xC0, 0x01, 0xFE, 0xBA, 0xFC, 0x00, 0x00, 0xBF, 0xFF,
    0x40, 0x00, 0x00, 0x15, 0x40, 0x00, 0x00, 0x00, 0x07, 0xFE, 0x40, 0x00, 0x02, 0xFF, 0xFF, 0xD0,
    0x00, 0x3F, 0xE5, 0x6F, 0xE0, 0x02, 0xF4, 0x00, 0x07, 0xE0, 0x1F, 0x00, 0x00, 0x03, 0xD0, 0xF0,
    0x00, 0x00, 0x03, 0xC7, 0x80, 0x00, 0x00, 0x0B, 0x2D, 0x00, 0x00, 0x00, 0x1D, 0xBF, 0xFF, 0xFF,
    0xFF, 0xFA, 0xFF, 0xFF, 0xFF, 0xFF, 0xEB, 0x40, 0x00, 0x00, 0x07, 0x5E, 0x00, 0x00, 0x00, 0x2C,
    0x3C, 0x00, 0x00, 0x01, 0xF0, 0x7C, 0x00, 0x00, 0x0F, 0x40, 0xFD, 0x00, 0x01, 0xF8, 0x00, 0xFF,
    0x95, 0xBF, 0x80, 0x00, 0xBF, 0xFF, 0xF4, 0x00, 0x00, 0x2F, 0xFD, 0x00, 0x00, 0x00, 0x07, 0xFE,
    0x40, 0x00, 0x02, 0xFF, 0xFF, 0xD0, 0x00, 0x3F, 0xE5, 0x6F, 0xE0, 0x02, 0xF8, 0x00, 0x0B, 0xE0,
    0x1F, 0xD0, 0x00, 0x2F, 0xD0, 0xF6, 0xE0, 0x02, 0xE7, 0xC7, 0x82, 0xE0, 0x2E, 0x0F, 0x2D, 0x01,
    0xE3, 0xD0, 0x1D, 0xB0, 0x01, 0xFD, 0x00, 0x3A, 0xC0, 0x03, 0xF0, 0x00, 0xEB, 0x40, 0x7D, 0xF0,
    0x07, 0x5E, 0x07, 0xC0, 0xF4, 0x2C, 0x3C, 0x78, 0x00, 0xF5, 0xF0, 0x7F, 0x80, 0x00, 0xBF, 0x40,
    0xFD, 0x00, 0x01, 0xF8, 0x00, 0xFF, 0x95, 0xBF, 0x80, 0x00, 0xBF, 0xFF, 0xF4, 0x00, 0x00, 0x2F,
    0xFD, 0x00, 0x00, 0x00, 0x07, 0xFE, 0x40, 0x00, 0x02, 0xFF, 0xFF, 0xD0, 0x00, 0x3F, 0xE5, 0x6F,
    0xE0, 0x02, 0xF4, 0x00, 0x0B, 0xE0, 0x1F, 0x00, 0x00, 0x2F, 0xD0, 0xF0, 0x00, 0x02, 0xE7, 0xC7,
    0x80, 0x00, 0x2D, 0x0F, 0x2D, 0x00, 0x03, 0xD0, 0x1D, 0xB0, 0x00, 0x3D, 0x00, 0x3A, 0xC0, 0x03,
    0xC0, 0x00, 0xEB, 0x40, 0x7C, 0x00, 0x07, 0x5E, 0x07, 0xC0, 0x00, 0x2C, 0x3C, 0x78, 0x00, 0x01,
    0xF0, 0x7F, 0x80, 0x00, 0x0F, 0x40, 0xBD, 0x00, 0x01, 0xF8, 0x00, 0xFF, 0x95, 0xBF, 0x80, 0x00,
    0xBF, 0xFF, 0xF4, 0x00, 0x00, 0x1F, 0xFD, 0x00, 0x00, 0x00, 0x07, 0xFE, 0x40, 0x00, 0x02, 0xFF,
    0xFF, 0xD0, 0x00, 0x3F, 0xE5, 0x6F, 0xE0, 0x02, 0xF4, 0x00, 0x07, 0xE0, 0x1F, 0x00, 0x00, 0x03,
    0xD0, 0xF0, 0x00, 0x00, 0x07, 0xC7, 0x80, 0x00, 0x00, 0x0B, 0x2D, 0x00, 0x2E, 0x00, 0x1D, 0xB0,
    0x01, 0xFC, 0x00, 0x3A, 0xC0, 0x07, 0xF0, 0x00, 0xEB, 0x40, 0x0B, 0x80, 0x07, 0x5E, 0x00, 0x00,
    0x00, 0x2C, 0x3C, 0x00, 0x00, 0x01, 0xF0, 0x7C, 0x00, 0x00, 0x0F, 0x40, 0xFD, 0x00, 0x01, 0xF8,
    0x00, 0xFF, 0x95, 0xBF, 0x80, 0x00, 0xBF, 0xFF, 0xF4, 0x00, 0x00, 0x2F, 0xFD, 0x00, 0x00, 0x00,
    0x07, 0xFE, 0x40, 0x00, 0x02, 0xFF, 0xFF, 0xD0, 0x00, 0x3F, 0xE5, 0x6F, 0xE0, 0x02, 0xF4, 0x00,
    0x07, 0xE0, 0x1F, 0x00, 0x00, 0x03, 0xD0, 0xF0, 0x00, 0x00, 0x07, 0xC7, 0x80, 0x1F, 0xC0, 0x0B,
    0x2D, 0x00, 0xE2, 0xC0, 0x1D, 0xB0, 0x0B, 0x03, 0x80, 0x3A, 0xC0, 0x2C, 0x0E, 0x00, 0xEB, 0x40,
    0x74, 0x70, 0x07, 0x5E, 0x00, 0x7F, 0x40, 0x2C, 0x3C, 0x00, 0x00, 0x01, 0xF0, 0x7C, 0x00, 0x00,
    0x0F, 0x40, 0xFD, 0x00, 0x01, 0xF8, 0x00, 0xFF, 0x95, 0xBF, 0x80, 0x00, 0xBF, 0xFF, 0xF4, 0x00,
    0x00, 0x2F, 0xFD, 0x00, 0x00, 0x00, 0x07, 0xFE, 0x40, 0x00, 0x02, 0xFF, 0xFF, 0xD0, 0x00, 0x3F,
    0xE5, 0x6F, 0xE0, 0x02, 0xF4, 0x00, 0x07, 0xE0, 0x1F, 0x00, 0x00, 0x03, 0xD0, 0xF0, 0x01, 0xD0,
    0x07, 0xC7, 0x80, 0x47, 0x44, 0x0B, 0x2D, 0x0B, 0xED, 0xF8, 0x1D, 0xB0, 0x07, 0xFF, 0x40, 0x3A,
    0xC0, 0x1F, 0xF8, 0x00, 0xEB, 0x42, 0xFB, 0xBE, 0x07, 0x5E, 0x05, 0x1D, 0x20, 0x2C, 0x3C, 0x00,
    0x74, 0x01, 0xF0, 0x7C, 0x00, 0x00, 0x0F, 0x40, 0xFD, 0x00, 0x01, 0xF8, 0x00, 0xFF, 0x95, 0xBF,
    0x80, 0x00, 0xBF, 0xFF, 0xF4, 0x00, 0x00, 0x2F, 0xFD, 0x00, 0x00, 0x00, 0x07, 0xFE, 0x40, 0x00,
    0x02, 0xFF, 0xFF, 0xD0, 0x00, 0x3F, 0xE5, 0x6F, 0xE0, 0x02, 0xF4, 0x00, 0x07, 0xE0, 0x1F, 0x00,
    0x00, 0x03, 0xD0, 0xF0, 0x55, 0x55, 0x47, 0xC7, 0x87, 0xFF, 0xFF, 0x4B, 0x2D, 0x1F, 0xFF, 0xFD,
    0x1D, 0xB0, 0x00, 0x00, 0x00, 0x3A, 0xC0, 0x00, 0x00, 0x00, 0xEB, 0x47, 0xFF, 0xFF, 0x47, 0x5E,
    0x1F, 0xFF, 0xFD, 0x2C, 0x3C, 0x15, 0x55, 0x51, 0xF0, 0x7C, 0x00, 0x00, 0x0F, 0x40, 0xFD, 0x00,
    0x01, 0xF8, 0x00, 0xFF, 0x95, 0xBF, 0x80, 0x00, 0xBF, 0xFF, 0xF4, 0x00, 0x00, 0x2F, 0xFD, 0x00,
    0x00, 0x00, 0x07, 0xFE, 0x40, 0x00, 0x02, 0xFF, 0xFF, 0xD0, 0x00, 0x3F, 0xE5, 0x6F, 0xE0, 0x02,
    0xF4, 0x00, 0x07, 0xE0, 0x1F, 0x00, 0x00, 0x03, 0xD0, 0xF0, 0x00, 0x00, 0x07, 0xC7, 0x80, 0x00,
    0x00, 0x0B, 0x2D, 0x05, 0x55, 0x54, 0x1D, 0xB0, 0x7F, 0xFF, 0xF4, 0x3A, 0xC1, 0xFF, 0xFF, 0xD0,
    0xEB, 0x40, 0x00, 0x00, 0x07, 0x5E, 0x00, 0x00, 0x00, 0x2C, 0x3C, 0x00, 0x00, 0x01, 0xF0, 0x7C,
    0x00, 0x00, 0x0F, 0x40, 0xFD, 0x00, 0x01, 0xF8, 0x00, 0xFF, 0x95, 0xBF, 0x80, 0x00, 0xBF, 0xFF,
    0xF4, 0x00, 0x00, 0x2F, 0xFD, 0x00, 0x00, 0xBF, 0xFF, 0xFF, 0xFF, 0xAF, 0xFF, 0xFF, 0xFF, 0xEB,
    0x55, 0x6E, 0x55, 0x7A, 0xC0, 0x07, 0x40, 0x0E, 0xB0, 0x01, 0xD0, 0x03, 0xAC, 0x00, 0x74, 0x00,
    0xEB, 0x55, 0x6E, 0x55, 0x7A, 0xFF, 0xFF, 0xFF, 0xFE, 0xBF, 0xFF, 0xFF, 0xFF, 0xAC, 0x00, 0x74,
    0x00, 0xEB, 0x00, 0x1D, 0x00, 0x3A, 0xC0, 0x07, 0x40, 0x0E, 0xB0, 0x01, 0xD0, 0x03, 0xAD, 0x55,
    0xB9, 0x55, 0xEB, 0xFF, 0xFF, 0xFF, 0xFA, 0xFF, 0xFF, 0xFF, 0xFE, 0xBF, 0xFF, 0xFF, 0xFF, 0xAF,
    0xFF, 0xFF, 0xFF, 0xEB, 0x55, 0x55, 0x55, 0x7A, 0xC0, 0x00, 0x00, 0x0E, 0xB0, 0x00, 0x00, 0x03,
    0xAC, 0x00, 0x00, 0x00, 0xEB, 0x55, 0x55, 0x55, 0x7A, 0xFF, 0xFF, 0xFF, 0xFE, 0xBF, 0xFF, 0xFF,
    0xFF, 0xAC, 0x00, 0x00, 0x00, 0xEB, 0x00, 0x00, 0x00, 0x3A, 0xC0, 0x00, 0x00, 0x0E, 0xB0, 0x00,
    0x00, 0x03, 0xAD, 0x55, 0x55, 0x55, 0xEB, 0xFF, 0xFF, 0xFF, 0xFA, 0xFF, 0xFF, 0xFF, 0xFE, 0xBF,
    0xFF, 0xFF, 0xFF, 0xAF, 0xFF, 0xFF, 0xFF, 0xEB, 0xE5, 0x55, 0x57, 0xFA, 0xFD, 0x00, 0x02, 0xFE,
    0xB3, 0xD0, 0x02, 0xE3, 0xAC, 0x2D, 0x02, 0xE0, 0xEB, 0x02, 0xD2, 0xD0, 0x3A, 0xC0, 0x1F, 0xD0,
    0x0E, 0xB0, 0x07, 0xF4, 0x03, 0xAC, 0x07, 0xDF, 0x40, 0xEB, 0x0B, 0xC0, 0xF4, 0x3A, 0xCB, 0x80,
    0x0F, 0x8E, 0xBF, 0x80, 0x00, 0xBF, 0xAF, 0xD5, 0x55, 0x5F, 0xEB, 0xFF, 0xFF, 0xFF, 0xFA, 0xFF,
    0xFF, 0xFF, 0xFE, 0xBF, 0xFF, 0xFF, 0xFF, 0xAF, 0xFF, 0xFF, 0xFF, 0xEB, 0x55, 0x55, 0x55, 0x7A,
    0xC0, 0x00, 0x00, 0x0E, 0xB0, 0x00, 0x00, 0x03, 0xAC, 0x00, 0x00, 0x00, 0xEB, 0x00, 0x2E, 0x00,
    0x3A, 0xC0, 0x1F, 0xD0, 0x0E, 0xB0, 0x07, 0xF4, 0x03, 0xAC, 0x00, 0xB8, 0x00, 0xEB, 0x00, 0x00,
    0x00, 0x3A, 0xC0, 0x00, 0x00, 0x0E, 0xB0, 0x00, 0x00, 0x03, 0xAD, 0x55, 0x55, 0x55, 0xEB, 0xFF,
    0xFF, 0xFF, 0xFA, 0xFF, 0xFF, 0xFF, 0xFE, 0xB0, 0x00, 0x00, 0x00, 0x2C, 0x00, 0x00, 0x00, 0x0B,
    0x00, 0x00, 0x00, 0x02, 0xC0, 0x00, 0x00, 0x00, 0xB0, 0x00, 0x00, 0x00, 0x2C, 0x00, 0x00, 0x00,
    0x0B, 0x55, 0x55, 0x55, 0x52, 0xFF, 0xFF, 0xFF, 0xFE, 0xBF, 0xFF, 0xFF, 0xFF, 0xAC, 0x00, 0x00,
    0x00, 0x0B, 0x00, 0x00, 0x00, 0x02, 0xC0, 0x00, 0x00, 0x00, 0xB0, 0x00, 0x00, 0x00, 0x2C, 0x00,
    0x00, 0x00, 0x0B, 0x00, 0x00, 0x00, 0x02, 0xC0, 0x00, 0x00, 0x00, 0x50, 0x00, 0x00, 0x00, 0x00,
    0x00, 0x00, 0x00, 0x03, 0x80, 0x00, 0x00, 0x00, 0xE0, 0x00, 0x00, 0x00, 0x38, 0x00, 0x00, 0x00,
    0x0E, 0x00, 0x00, 0x00, 0x03, 0x80, 0x00, 0x00, 0x00, 0xE1, 0x55, 0x55, 0x55, 0x7A, 0xFF, 0xFF,
    0xFF, 0xFE, 0xBF, 0xFF, 0xFF, 0xFF, 0x80, 0x00, 0x00, 0x00, 0xE0, 0x00, 0x00, 0x00, 0x38, 0x00,
    0x00, 0x00, 0x0E, 0x00, 0x00, 0x00, 0x03, 0x80, 0x00, 0x00, 0x00, 0xE0, 0x00, 0x00, 0x00, 0x38,
    0x00, 0x00, 0x00, 0x0E, 0x00, 0x00, 0x00, 0x01, 0x40, 0x15, 0x55, 0x55, 0x55, 0x2F, 0xFF, 0xFF,
    0xFF, 0xEB, 0xFF, 0xFF, 0xFF, 0xF8, 0x00, 0x07, 0x40, 0x00, 0x00, 0x01, 0xD0, 0x00, 0x00, 0x00,
    0x74, 0x00, 0x00, 0x00, 0x1D, 0x00, 0x00, 0x00, 0x07, 0x40, 0x00, 0x00, 0x01, 0xD0, 0x00, 0x00,
    0x00, 0x74, 0x00, 0x00, 0x00, 0x1D, 0x00, 0x00, 0x00, 0x07, 0x40, 0x00, 0x00, 0x01, 0xD0, 0x00,
    0x00, 0x00, 0x74, 0x00, 0x00, 0x00, 0x1D, 0x00, 0x00, 0x00, 0x07, 0x40, 0x00, 0x00, 0x01, 0xD0,
    0x00, 0x00, 0x00, 0x10, 0x00, 0x00, 0x00, 0x00, 0x80, 0x00, 0x00, 0x00, 0x74, 0x00, 0x00, 0x00,
    0x1D, 0x00, 0x00, 0x00, 0x07, 0x40, 0x00, 0x00, 0x01, 0xD0, 0x00, 0x00, 0x00, 0x74, 0x00, 0x00,
    0x00, 0x1D, 0x00, 0x00, 0x00, 0x07, 0x40, 0x00, 0x00, 0x01, 0xD0, 0x00, 0x00, 0x00, 0x74, 0x00,
    0x00, 0x00, 0x1D, 0x00, 0x00, 0x00, 0x07, 0x40, 0x00, 0x00, 0x01, 0xD0, 0x00, 0x00, 0x00, 0x74,
    0x00, 0x01, 0x55, 0x6E, 0x55, 0x52, 0xFF, 0xFF, 0xFF, 0xFE, 0xBF, 0xFF, 0xFF, 0xFF, 0x80, 0xB0,
    0x00, 0x0B, 0x00, 0x00, 0xB0, 0x00, 0x0B, 0x00, 0x00, 0xB0, 0x00, 0x0B, 0x00, 0x00, 0xB5, 0x55,
    0x4B, 0xFF, 0xFD, 0xBF, 0xFF, 0xDB, 0x00, 0x00, 0xB0, 0x00, 0x0B, 0x00, 0x00, 0xB0, 0x00, 0x0B,
    0x00, 0x00, 0xB0, 0x00, 0x0B, 0x00, 0x00, 0x50, 0x00, 0x00, 0xB0, 0x00, 0x0B, 0x00, 0x00, 0xB0,
    0x00, 0x0B, 0x00, 0x00, 0xBF, 0xFF, 0xDB, 0xFF, 0xFD, 0xB5, 0x55, 0x4B, 0x00, 0x00, 0xB0, 0x00,
    0x0B, 0x55, 0x54, 0xBF, 0xFF, 0xDB, 0xFF, 0xFD, 0xB0, 0x00, 0x0B, 0x00, 0x00, 0xB0, 0x00, 0x0B,
    0x00, 0x00, 0x50, 0x00, 0x00, 0xB0, 0x00, 0x00, 0x00, 0x2C, 0x00, 0x00, 0x00, 0x0B, 0x00, 0x00,
    0x00, 0x02, 0xC0, 0x00, 0x00, 0x00, 0xBF, 0xFF, 0xFF, 0xFF, 0xAF, 0xFF, 0xFF, 0xFF, 0xEB, 0x55,
    0x55, 0x55, 0x52, 0xC0, 0x00, 0x00, 0x00, 0xB0, 0x00, 0x00, 0x00, 0x2D, 0x55, 0x55, 0x55, 0x4B,
    0xFF, 0xFF, 0xFF, 0xFA, 0xFF, 0xFF, 0xFF, 0xFE, 0xB0, 0x00, 0x00, 0x00, 0x2C, 0x00, 0x00, 0x00,
    0x0B, 0x00, 0x00, 0x00, 0x02, 0xC0, 0x00, 0x00, 0x00, 0x50, 0x00, 0x00, 0x00, 0x00, 0xB0, 0x3C,
    0x00, 0x00, 0x02, 0xC0, 0xF0, 0x00, 0x00, 0x0B, 0x03, 0xC0, 0x00, 0x00, 0x2C, 0x0F, 0x00, 0x00,
    0x00, 0xB0, 0x3C, 0x00, 0x00, 0x02, 0xC0, 0xF0, 0x00, 0x00, 0x0B, 0x03, 0xD5, 0x55, 0x55, 0x2C,
    0x0F, 0xFF, 0xFF, 0xFE, 0xB0, 0x3F, 0xFF, 0xFF, 0xFA, 0xC0, 0xF0, 0x00, 0x00, 0x0B, 0x03, 0xC0,
    0x00, 0x00, 0x2C, 0x0F, 0x00, 0x00, 0x00, 0xB0, 0x3C, 0x00, 0x00, 0x02, 0xC0, 0xF0, 0x00, 0x00,
    0x0B, 0x03, 0xC0, 0x00, 0x00, 0x2C, 0x0F, 0x00, 0x00, 0x00, 0x50, 0x14, 0x00, 0x00, 0x00, 0xB0,
    0x3C, 0x0E, 0x00, 0x02, 0xC0, 0xF0, 0x38, 0x00, 0x0B, 0x03, 0xC0, 0xE0, 0x00, 0x2C, 0x0F, 0x03,
    0x80, 0x00, 0xB0, 0x3C, 0x0E, 0x00, 0x02, 0xC0, 0xF0, 0x38, 0x00, 0x0B, 0x03, 0xC0, 0xE5, 0x55,
    0x6C, 0x0F, 0x03, 0xFF, 0xFF, 0xB0, 0x3C, 0x0F, 0xFF, 0xFE, 0xC0, 0xF0, 0x38, 0x00, 0x0B, 0x03,
    0xC0, 0xE0, 0x00, 0x2C, 0x0F, 0x03, 0x80, 0x00, 0xB0, 0x3C, 0x0E, 0x00, 0x02, 0xC0, 0xF0, 0x38,
    0x00, 0x0B, 0x03, 0xC0, 0xE0, 0x00, 0x2C, 0x0F, 0x03, 0x80, 0x00, 0x50, 0x14, 0x05, 0x00, 0x00,
    0xB0, 0x3C, 0x00, 0x00, 0x02, 0xC0, 0xF0, 0x00, 0x00, 0x0B, 0x03, 0xC0, 0x00, 0x00, 0x2C, 0x0F,
    0x00, 0x00, 0x00, 0xB0, 0x3F, 0xFF, 0xFF, 0xFA, 0xC0, 0xFF, 0xFF, 0xFF, 0xEB, 0x03, 0xD5, 0x55,
    0x55, 0x2C, 0x0F, 0x00, 0x00, 0x00, 0xB0, 0x3C, 0x00, 0x00, 0x02, 0xC0, 0xF5, 0x55, 0x55, 0x4B,
    0x03, 0xFF, 0xFF, 0xFF, 0xAC, 0x0F, 0xFF, 0xFF, 0xFE, 0xB0, 0x3C, 0x00, 0x00, 0x02, 0xC0, 0xF0,
    0x00, 0x00, 0x0B, 0x03, 0xC0, 0x00, 0x00, 0x2C, 0x0F, 0x00, 0x00, 0x00, 0x50, 0x14, 0x00, 0x00,
    0x00, 0x00, 0x00, 0x02, 0x40, 0x2C, 0x00, 0x00, 0xE0, 0x0B, 0x00, 0x00, 0xB0, 0x02, 0xC0, 0x00,
    0x38, 0x00, 0xB0, 0x00, 0x2D, 0x00, 0x2C, 0x00, 0x0F, 0x00, 0x0B, 0x00, 0x07, 0x40, 0x02, 0xD5,
    0x57, 0xD5, 0x54, 0xBF, 0xFF, 0xFF, 0xFF, 0xAF, 0xFF, 0xFF, 0xFF, 0xEB, 0x00, 0x2C, 0x00, 0x02,
    0xC0, 0x0E, 0x00, 0x00, 0xB0, 0x07, 0x40, 0x00, 0x2C, 0x03, 0xC0, 0x00, 0x0B, 0x00, 0xE0, 0x00,
    0x02, 0xC0, 0xB0, 0x00, 0x00, 0xB0, 0x3C, 0x00, 0x00, 0x14, 0x1D, 0x00, 0x00, 0x00, 0x00, 0x00,
    0x00, 0x00, 0x00, 0x00, 0x02, 0x40, 0x2C, 0x00, 0x00, 0xE0, 0x0B, 0x00, 0x00, 0xB0, 0x02, 0xC0,
    0x00, 0x38, 0x00, 0xB0, 0x00, 0x1D, 0x00, 0x2F, 0xFF, 0xFF, 0xFF, 0xEB, 0xFF, 0xFF, 0xFF, 0xFA,
    0xD5, 0x56, 0xD5, 0x54, 0xB0, 0x00, 0xF0, 0x00, 0x2C, 0x00, 0x74, 0x00, 0x0B, 0x55, 0x7D, 0x55,
    0x52, 0xFF, 0xFF, 0xFF, 0xFE, 0xBF, 0xFF, 0xFF, 0xFF, 0xAC, 0x03, 0xC0, 0x00, 0x0B, 0x00, 0xE0,
    0x00, 0x02, 0xC0, 0xB0, 0x00, 0x00, 0xB0, 0x3C, 0x00, 0x00, 0x14, 0x1D, 0x00, 0x00, 0x00, 0x00,
    0x00, 0x00, 0x00, 0x00, 0x00, 0x00, 0x02, 0x42, 0xC0, 0xF0, 0x00, 0x1D, 0x0B, 0x03, 0xC0, 0x00,
    0xF0, 0x2C, 0x0F, 0x00, 0x03, 0x80, 0xB0, 0x3C, 0x00, 0x2C, 0x02, 0xC0, 0xF0, 0x00, 0xE0, 0x0B,
    0x03, 0xC0, 0x07, 0x40, 0x2C, 0x0F, 0x55, 0x7D, 0x54, 0xB0, 0x3F, 0xFF, 0xFF, 0xFA, 0xC0, 0xFF,
    0xFF, 0xFF, 0xEB, 0x03, 0xC0, 0x3C, 0x00, 0x2C, 0x0F, 0x00, 0xE0, 0x00, 0xB0, 0x3C, 0x0B, 0x00,
    0x02, 0xC0, 0xF0, 0x3C, 0x00, 0x0B, 0x03, 0xC1, 0xD0, 0x00, 0x2C, 0x0F, 0x0B, 0x00, 0x00, 0xB0,
    0x3C, 0x38, 0x00, 0x01, 0x40, 0x51, 0xD0, 0x00, 0x00, 0x00, 0x00, 0x00, 0x00, 0x00, 0x00, 0x00,
    0x00, 0x02, 0x42, 0xC0, 0xF0, 0x00, 0x0E, 0x0B, 0x03, 0xC0, 0x00, 0xB0, 0x2C, 0x0F, 0x00, 0x03,
    0x80, 0xB0, 0x3C, 0x00, 0x1D, 0x02, 0xC0, 0xFF, 0xFF, 0xFF, 0xEB, 0x03, 0xFF, 0xFF, 0xFF, 0xAC,
    0x0F, 0x55, 0x6D, 0x54, 0xB0, 0x3C, 0x00, 0xF0, 0x02, 0xC0, 0xF0, 0x07, 0x40, 0x0B, 0x03, 0xD5,
    0x7D, 0x55, 0x2C, 0x0F, 0xFF, 0xFF, 0xFE, 0xB0, 0x3F, 0xFF, 0xFF, 0xFA, 0xC0, 0xF0, 0x3C, 0x00,
    0x0B, 0x03, 0xC0, 0xE0, 0x00, 0x2C, 0x0F, 0x0B, 0x00, 0x00, 0xB0, 0x3C, 0x3C, 0x00, 0x01, 0x40,
    0x51, 0xD0, 0x00, 0x00, 0x00, 0x00, 0x00, 0x00, 0x00, 0x00, 0x01, 0xF8, 0x00, 0x07, 0xFE, 0x00,
    0x0B, 0x0F, 0x00, 0x00, 0x0F, 0x00, 0x00, 0x3D, 0x00, 0x1B, 0xF4, 0x6F, 0xFE, 0x40, 0x6F, 0xFE,
    0x40, 0x00, 0x1B, 0xF4, 0x00, 0x00, 0x7D, 0x00, 0x00, 0x0F, 0x00, 0x0B, 0x0F, 0x00, 0x07, 0xFE,
    0x00, 0x02, 0xF8, 0x2F, 0x80, 0x00, 0x7F, 0xE0, 0x00, 0xB0, 0xB0, 0x00, 0xB0, 0x00, 0x00, 0x3D,
    0x00, 0x00, 0x1F, 0xE4, 0x00, 0x01, 0xBF, 0xF9, 0x01, 0xBF, 0xFA, 0x0F, 0xE4, 0x00, 0x3D, 0x00,
    0x00, 0xB0, 0x00, 0x00, 0xB0, 0xA0, 0x00, 0x7F, 0xE0, 0x00, 0x1F, 0x80, 0x00, 0x00, 0x00, 0x02,
    0x00, 0x00, 0x1F, 0xC0, 0x01, 0xBF, 0xF0, 0x0B, 0xF8, 0x2C, 0x7F, 0x90, 0x0B, 0x1F, 0xE0, 0x02,
    0xC0, 0x6F, 0xE0, 0xB0, 0x00, 0x6F, 0xFC, 0x00, 0x00, 0x7F, 0x00, 0x00, 0x00, 0x80, 0x40, 0x00,
    0x00, 0x2F, 0x40, 0x00, 0x0B, 0xFE, 0x40, 0x02, 0xC2, 0xFE, 0x40, 0xB0, 0x02, 0xFE, 0x2C, 0x00,
    0x6F, 0x8B, 0x06, 0xFD, 0x02, 0xEF, 0xE0, 0x00, 0xBE, 0x00, 0x00, 0x14, 0x00, 0x00, 0x00, 0x00,
    0x00, 0x07, 0x00, 0x00, 0x6F, 0xC0, 0x02, 0xFE, 0xF0, 0x1F, 0xE4, 0x2C, 0xBF, 0x40, 0x0B, 0x0B,
    0xF4, 0x02, 0xC0, 0x1B, 0xF4, 0xB0, 0x00, 0x1F, 0xFC, 0x00, 0x00, 0x2F, 0x00, 0x00, 0x00, 0x41,
    0x55, 0x55, 0x52, 0xFF, 0xFF, 0xFC, 0xBF, 0xFF, 0xFF, 0x00, 0xA0, 0x00, 0x00, 0x2F, 0xD0, 0x00,
    0x0B, 0xBF, 0x90, 0x02, 0xC0, 0xBF, 0x80, 0xB0, 0x01, 0xBF, 0x2C, 0x01, 0xBF, 0x4B, 0x1B, 0xF4,
    0x02, 0xFF, 0x80, 0x00, 0xB9, 0x00, 0x00, 0x10, 0x00, 0x00, 0x01, 0x55, 0x55, 0x52, 0xFF, 0xFF,
    0xFC, 0xBF, 0xFF, 0xFF, 0x00, 0x0B, 0xD0, 0x00, 0x01, 0xF8, 0x0F, 0xFD, 0x00, 0x01, 0xFF, 0xCB,
    0x43, 0xC0, 0x00, 0xFF, 0xF6, 0xC0, 0xBF, 0xFF, 0xFF, 0xFE, 0xB4, 0x3F, 0xFF, 0xFF, 0xFF, 0x4F,
    0xFE, 0x00, 0x03, 0xFF, 0xC0, 0xFE, 0x00, 0x00, 0x2F, 0x80, 0x0B, 0xD0, 0x00, 0x01, 0xF8, 0x0F,
    0xFD, 0x00, 0x01, 0xFF, 0xCB, 0xFF, 0xC0, 0x00, 0xE0, 0x76, 0xFF, 0xFF, 0xFF, 0xF4, 0x0E, 0xBF,
    0xFF, 0xFF, 0xFE, 0x07, 0x4F, 0xFE, 0x00, 0x03, 0xFF, 0xC0, 0xFE, 0x00, 0x00, 0x2F, 0x80, 0x00,
    0x00, 0x00, 0x7E, 0x00, 0x00, 0x00, 0x1F, 0xFC, 0x00, 0x00, 0x03, 0x81, 0xDB, 0xFF, 0xFF, 0xF4,
    0x0E, 0xBF, 0xFF, 0xFF, 0x81, 0xD0, 0x00, 0x00, 0x3F, 0xFC, 0x00, 0x00, 0x00, 0xBE, 0x00, 0x00,
    0x3C, 0x00, 0x00, 0x0F, 0x00, 0x00, 0x03, 0xC0, 0x00, 0x00, 0xF0, 0x00, 0x15, 0x00, 0x55, 0x2F,
    0xC0, 0x3F, 0xCB, 0xF0, 0x0F, 0xF0, 0x00, 0x00, 0x00, 0x00, 0x3C, 0x00, 0x00, 0x0F, 0x00, 0x00,
    0x03, 0xC0, 0x00, 0x00, 0xF0, 0x00, 0x15, 0x55, 0x54, 0xBF, 0xFF, 0xFE, 0xBF, 0xFF, 0xFE, 0x00,
    0x3C, 0x00, 0x00, 0x3C, 0x00, 0x00, 0x3C, 0x00, 0x00, 0x3C, 0x00, 0x00, 0x3C, 0x00, 0x00, 0x3C,
    0x00, 0x00, 0x3C, 0x00, 0x00, 0x3C, 0x00, 0x00, 0x3C, 0x00, 0x00, 0x3C, 0x00, 0x00, 0x3C, 0x00,
    0x00, 0x3C, 0x00, 0x00, 0x3C, 0x00, 0x00, 0x3C, 0x00, 0x00, 0x14, 0x00, 0x60, 0x00, 0x05, 0x0E,
    0x00, 0x07, 0x82, 0xC0, 0x03, 0xC0, 0x78, 0x01, 0xE0, 0x0F, 0x00, 0xF0, 0x01, 0xE0, 0x78, 0x00,
    0x3C, 0x3C, 0x00, 0x07, 0x8E, 0x00, 0x00, 0xFF, 0x00, 0x00, 0x1F, 0x80, 0x00, 0x03, 0xC0, 0x00,
    0x00, 0x10, 0x00, 0x15, 0x55, 0x55, 0x2F, 0xFF, 0xFF, 0xCB, 0xFF, 0xFF, 0xF0, 0x15, 0x55, 0x55,
    0x2F, 0xFF, 0xFF, 0xCB, 0xFF, 0xFF, 0xF0, 0x00, 0x00, 0x00, 0x00, 0x00, 0x00, 0x00, 0x0B, 0x00,
    0x00, 0x03, 0xE0, 0x00, 0x02, 0xFC, 0x00, 0x00, 0xE7, 0x80, 0x00, 0xB0, 0xF0, 0x00, 0x38, 0x1E,
    0x00, 0x2C, 0x03, 0xC0, 0x0E, 0x00, 0x78, 0x0B, 0x00, 0x0F, 0x03, 0x80, 0x01, 0xE1, 0x40, 0x00,
    0x14, 0x15, 0x55, 0x55, 0x2F, 0xFF, 0xFF, 0xCB, 0xFF, 0xFF, 0xF0, 0x00, 0x00, 0x00, 0x10, 0x00,
    0x05, 0x1E, 0x00, 0x07, 0x83, 0xC0, 0x03, 0xC0, 0x78, 0x01, 0xE0, 0x0F, 0x00, 0xF0, 0x01, 0xE0,
    0x38, 0x00, 0x3C, 0x2C, 0x00, 0x07, 0x8E, 0x00, 0x00, 0xFB, 0x00, 0x00, 0x1F, 0x80, 0x00, 0x03,
    0xC0, 0x00, 0x00, 0x10, 0x00, 0xB0, 0x00, 0x00, 0x02, 0xC0, 0x00, 0x00, 0x0B, 0x00, 0x00, 0x00,
    0x2C, 0x00, 0x00, 0x00, 0xB0, 0x00, 0x00, 0x02, 0xD4, 0x00, 0x00, 0x0B, 0xFD, 0x00, 0x00, 0x2C,
    0x6E, 0x00, 0x00, 0xB0, 0x1E, 0x00, 0x02, 0xC0, 0x2C, 0x00, 0x0B, 0x00, 0x34, 0x00, 0x2D, 0x55,
    0xE5, 0x54, 0xBF, 0xFF, 0xFF, 0xF2, 0xFF, 0xFF, 0xFF, 0xC0, 0x00, 0x00, 0x00, 0x00, 0x00, 0x00,
    0x00, 0x09, 0x00, 0x00, 0x00, 0x2D, 0x00, 0x00, 0x00, 0xBD, 0x00, 0x00, 0x02, 0xFD, 0x00, 0x00,
    0x0B, 0x9D, 0x00, 0x00, 0x2E, 0x1D, 0x00, 0x00, 0xB8, 0x1D, 0x00, 0x01, 0xE0, 0x1D, 0x00, 0x07,
    0x80, 0x1D, 0x00, 0x1E, 0x00, 0x1D, 0x00, 0x78, 0x00, 0x1D, 0x01, 0xE0, 0x00, 0x1D, 0x07, 0xD5,
    0x55, 0x6D, 0x1F, 0xFF, 0xFF, 0xFD, 0x7F, 0xFF, 0xFF, 0xFD, 0x00, 0x00, 0x1D, 0x00, 0x00, 0x00,
    0x00, 0x0F, 0xC0, 0x00, 0x00, 0x00, 0x03, 0xF0, 0x00, 0x00, 0x00, 0x02, 0xEE, 0x00, 0x00, 0x00,
    0x00, 0xF3, 0xC0, 0x00, 0x00, 0x00, 0x78, 0xB4, 0x00, 0x00, 0x00, 0x3C, 0x0F, 0x00, 0x00, 0x00,
    0x0E, 0x02, 0xC0, 0x00, 0x00, 0x0B, 0x40, 0x78, 0x00, 0x00, 0x03, 0xC0, 0x0F, 0x00, 0x00, 0x01,
    0xE0, 0x02, 0xD0, 0x00, 0x00, 0xF0, 0x00, 0x3C, 0x00, 0x00, 0x38, 0x00, 0x0B, 0x00, 0x00, 0x2D,
    0x00, 0x01, 0xE0, 0x00, 0x0F, 0x00, 0x00, 0x3C, 0x00, 0x07, 0x80, 0x00, 0x0B, 0x40, 0x03, 0xC0,
    0x00, 0x00, 0xF0, 0x00, 0xF0, 0x00, 0x00, 0x3C, 0x00, 0xB4, 0x00, 0x00, 0x07, 0x80, 0x3C, 0x00,
    0x00, 0x00, 0xF0, 0x1E, 0x00, 0x00, 0x00, 0x2D, 0x0B, 0x00, 0x00, 0x00, 0x03, 0x83, 0xC0, 0x00,
    0x00, 0x00, 0xF2, 0xD0, 0x00, 0x00, 0x00, 0x1E, 0xB4, 0x00, 0x00, 0x00, 0x07, 0x8F, 0x00, 0x00,
    0x00, 0x03, 0xC2, 0xC0, 0x00, 0x00, 0x00, 0xE0, 0x78, 0x00, 0x00, 0x00, 0xB4, 0x0F, 0x00, 0x00,
    0x00, 0x3C, 0x02, 0xD0, 0x00, 0x00, 0x1E, 0x00, 0x38, 0x00, 0x00, 0x0B, 0x00, 0x0F, 0x00, 0x00,
    0x03, 0xC0, 0x01, 0xE0, 0x00, 0x02, 0xD0, 0x00, 0x3C, 0x00, 0x00, 0xF0, 0x00, 0x0B, 0x40, 0x00,
    0x78, 0x00, 0x00, 0xE0, 0x00, 0x2C, 0x00, 0x00, 0x3C, 0x00, 0x0F, 0x00, 0x00, 0x07, 0x40, 0x07,
    0x40, 0x00, 0x00, 0xF0, 0x03, 0xC0, 0x00, 0x00, 0x2D, 0x01, 0xE0, 0x00, 0x00, 0x03, 0x80, 0xB0,
    0x00, 0x00, 0x00, 0xF0, 0x3C, 0x00, 0x00, 0x00, 0x1D, 0x1D, 0x00, 0x00, 0x00, 0x03, 0xCF, 0x00,
    0x00, 0x00, 0x00, 0xB7, 0x80, 0x00, 0x00, 0x00, 0x0F, 0xC0, 0x00, 0x00, 0x00, 0x03, 0xF0, 0x00,
    0x00, 0x00, 0x00, 0x74, 0x00, 0x00, 0x00, 0x00, 0x40, 0x00, 0x00, 0x1F, 0xFF, 0xE0, 0x00, 0x3F,
    0xFF, 0xFF, 0x40, 0x3F, 0x90, 0x07, 0xF0, 0x2F, 0x00, 0x00, 0x2F, 0x0F, 0x00, 0x00, 0x03, 0xD7,
    0x80, 0x00, 0x00, 0x7A, 0xD0, 0x00, 0x00, 0x0F, 0xB0, 0x00, 0x00, 0x03, 0xEC, 0x00, 0x00, 0x00,
    0xFB, 0x00, 0x00, 0x00, 0x3E, 0xC0, 0x00, 0x00, 0x0F, 0xB0, 0x00, 0x00, 0x03, 0xEC, 0x00, 0x00,
    0x00, 0xFB, 0x00, 0x00, 0x00, 0x3E, 0xC0, 0x00, 0x00, 0x0F, 0xB0, 0x00, 0x00, 0x03, 0xEC, 0x00,
    0x00, 0x00, 0xFB, 0x00, 0x00, 0x00, 0x3E, 0xC0, 0x00, 0x00, 0x0F, 0xB0, 0x00, 0x00, 0x03, 0xEC,
    0x00, 0x00, 0x00, 0xFB, 0x00, 0x00, 0x00, 0x3E, 0xC0, 0x00, 0x00, 0x0F, 0xB0, 0x00, 0x00, 0x03,
    0xC0, 0xB0, 0x00, 0x00, 0x03, 0xEC, 0x00, 0x00, 0x00, 0xFB, 0x00, 0x00, 0x00, 0x3E, 0xC0, 0x00,
    0x00, 0x0F, 0xB0, 0x00, 0x00, 0x03, 0xEC, 0x00, 0x00, 0x00, 0xFB, 0x00, 0x00, 0x00, 0x3E, 0xC0,
    0x00, 0x00, 0x0F, 0xB0, 0x00, 0x00, 0x03, 0xEC, 0x00, 0x00, 0x00, 0xFB, 0x00, 0x00, 0x00, 0x3E,
    0xC0, 0x00, 0x00, 0x0F, 0xB0, 0x00, 0x00, 0x03, 0xEC, 0x00, 0x00, 0x00, 0xFB, 0x00, 0x00, 0x00,
    0x3E, 0xC0, 0x00, 0x00, 0x0F, 0xB0, 0x00, 0x00, 0x03, 0xED, 0x00, 0x00, 0x00, 0xF7, 0x80, 0x00,
    0x00, 0x78, 0xF4, 0x00, 0x00, 0x3D, 0x2F, 0x40, 0x00, 0x3E, 0x03, 0xFE, 0x56, 0xFF, 0x00, 0x2F,
    0xFF, 0xFE, 0x00, 0x00, 0xBF, 0xF8, 0x00, 0x00, 0x00, 0x00, 0x00, 0x03, 0x00, 0x00, 0x03, 0xF0,
    0x00, 0x03, 0xEF, 0x00, 0x03, 0xD2, 0xF0, 0x03, 0xD0, 0x2F, 0x03, 0xD0, 0x02, 0xF1, 0xF4, 0x00,
    0x7C, 0x1F, 0x40, 0x7C, 0x01, 0xF4, 0x7C, 0x00, 0x1F, 0xBC, 0x00, 0x01, 0xFC, 0x00, 0x00, 0x1C,
    0x00, 0x00, 0x00, 0x00, 0x00, 0x78, 0xBC, 0x7C, 0x00, 0x00, 0x00, 0x04, 0x00, 0x00, 0xA0, 0x00,
    0x0F, 0x00, 0x3F, 0xFF, 0xC0, 0xBF, 0xE0, 0x03, 0xFC, 0x00, 0x7B, 0xC0, 0x09, 0x09, 0x00, 0x00,
    0x00, 0x00, 0x3C, 0x00, 0x0A, 0x1F, 0x83, 0x03, 0xD3, 0xD3, 0xD0, 0x3D, 0x03, 0xD0, 0x07, 0xC3,
    0xE0, 0x00, 0x7F, 0xE0, 0x0B, 0xFF, 0xFF, 0xF2, 0xFF, 0xFF, 0xFC, 0x16, 0xFF, 0xD5, 0x02, 0xF0,
    0xBC, 0x03, 0xF3, 0xDB, 0xD0, 0xA1, 0xF8, 0x70, 0x00, 0x3D, 0x00, 0x00, 0x00, 0x00, 0x00, 0x00,
    0x2C, 0x00, 0x00, 0x02, 0xCB, 0xC0, 0x00, 0x02, 0xF2, 0xFC, 0x00, 0x02, 0xFC, 0xBB, 0xC0, 0x02,
    0xFF, 0x2C, 0xBC, 0x02, 0xF2, 0xCB, 0x0B, 0xC2, 0xF0, 0xB2, 0xC0, 0xBE, 0xF0, 0x2C, 0xB0, 0x0B,
    0xF0, 0x0B, 0x2C, 0x02, 0xFC, 0x02, 0xCB, 0x02, 0xFB, 0xC0, 0xB2, 0xC2, 0xF0, 0xBC, 0x2C, 0xB2,
    0xF0, 0x0B, 0xCB, 0x2E, 0xF0, 0x00, 0xBF, 0xCB, 0xF0, 0x00, 0x0B, 0xF2, 0xF0, 0x00, 0x00, 0xBC,
    0xB0, 0x00, 0x00, 0x0B, 0x00, 0x00, 0x00, 0x00, 0x00, 0x00, 0x00, 0x00, 0x00, 0x2C, 0x00, 0x00,
    0x01, 0x4B, 0xC0, 0x00, 0x01, 0xF2, 0xFC, 0x00, 0x02, 0xF0, 0xBB, 0xC0, 0x02, 0xF0, 0x2C, 0xBC,
    0x02, 0xF0, 0x0B, 0x0B, 0xC2, 0xF0, 0x02, 0xC0, 0xBE, 0xF0, 0x00, 0xB0, 0x0B, 0xF0, 0x00, 0x2C,
    0x02, 0xFC, 0x00, 0x0B, 0x02, 0xFB, 0xC0, 0x02, 0xC2, 0xF0, 0xBC, 0x00, 0xB2, 0xF0, 0x0B, 0xC0,
    0x2E, 0xF0, 0x00, 0xBC, 0x0B, 0xF0, 0x00, 0x0B, 0xC2, 0xF0, 0x00, 0x00, 0xBC, 0xB0, 0x00, 0x00,
    0x09, 0x00, 0x00, 0x00, 0x00, 0x00, 0x00, 0x00, 0x00, 0x00, 0x08, 0x00, 0x00, 0x01, 0xC7, 0xC0,
    0x00, 0x01, 0xF0, 0xBC, 0x00, 0x01, 0xFC, 0x0B, 0xC0, 0x01, 0xFF, 0x00, 0xBC, 0x01, 0xF2, 0xC0,
    0x0B, 0xC1, 0xF0, 0xB0, 0x00, 0xBE, 0xF0, 0x2C, 0x00, 0x0B, 0xF0, 0x0B, 0x00, 0x02, 0xFC, 0x02,
    0xC0, 0x02, 0xFB, 0xC0, 0xB0, 0x02, 0xF0, 0xBC, 0x2C, 0x02, 0xF0, 0x0B, 0xCB, 0x02, 0xF0, 0x00,
    0xBF, 0xC1, 0xF0, 0x00, 0x0B, 0xF1, 0xF0, 0x00, 0x00, 0xBC, 0x30, 0x00, 0x00, 0x0B, 0x00, 0x00,
    0x00, 0x00, 0x00, 0x20, 0x00, 0x00, 0x00, 0x1F, 0x00, 0x00, 0x00, 0x02, 0xF0, 0x00, 0x00, 0x00,
    0x2F, 0x00, 0x00, 0x00, 0x02, 0xF0, 0x00, 0x00, 0x00, 0x2F, 0x00, 0x00, 0x00, 0x02, 0xF0, 0x00,
    0x00, 0x00, 0x2F, 0x00, 0x00, 0x00, 0x0B, 0xF0, 0x00, 0x00, 0x0B, 0xEF, 0x00, 0x00, 0x0B, 0xC2,
    0xF0, 0x00, 0x0B, 0xC0, 0x2F, 0x00, 0x0B, 0xC0, 0x02, 0xF0, 0x07, 0xC0, 0x00, 0x2F, 0x07, 0xC0,
    0x00, 0x02, 0xF0, 0xC0, 0x00, 0x00, 0x24, 0x00, 0x00, 0x00, 0x00, 0x00, 0x00, 0x00, 0x00, 0x05,
    0x00, 0x00, 0x00, 0x07, 0xC0, 0x00, 0x00, 0x07, 0xC0, 0x00, 0x00, 0x07, 0xC0, 0x00, 0x00, 0x07,
    0xC0, 0x00, 0x00, 0x07, 0xC0, 0x00, 0x00, 0x07, 0xC0, 0x00, 0x00, 0x07, 0xC0, 0x00, 0x00, 0x07,
    0xF0, 0x00, 0x00, 0x07, 0xEF, 0x00, 0x00, 0x07, 0xC2, 0xF0, 0x00, 0x07, 0xC0, 0x2F, 0x00, 0x07,
    0xC0, 0x02, 0xF0, 0x07, 0xC0, 0x00, 0x2F, 0x07, 0xC0, 0x00, 0x02, 0xF0, 0xC0, 0x00, 0x00, 0x24,
    0x00, 0x00, 0x00, 0x00, 0x00, 0x40, 0x07, 0xF8, 0x2D, 0x6F, 0xFF, 0xCB, 0xFF, 0xE5, 0xF0, 0x7F,
    0x80, 0x04, 0x15, 0x55, 0x55, 0x2F, 0xFF, 0xFF, 0xCB, 0xFF, 0xFF, 0xF0, 0x7C, 0x00, 0x00, 0x2E,
    0x1E, 0x00, 0x00, 0x78, 0x0B, 0x00, 0x00, 0xF0, 0x03, 0xC0, 0x02, 0xD0, 0x01, 0xD0, 0x03, 0x80,
    0x00, 0xF0, 0x0F, 0x00, 0x00, 0x74, 0x0E, 0x00, 0x00, 0x3C, 0x2C, 0x00, 0x00, 0x1D, 0x38, 0x00,
    0x00, 0x0F, 0xB0, 0x00, 0x00, 0x0B, 0xF0, 0x00, 0x00, 0x03, 0xD0, 0x00, 0x00, 0x03, 0xC0, 0x00,
    0x00, 0x02, 0xC0, 0x00, 0x00, 0x02, 0xC0, 0x00, 0x00, 0x03, 0xC0, 0x00, 0x00, 0x03, 0xD0, 0x00,
    0x00, 0x0B, 0xF0, 0x00, 0x00, 0x0F, 0xB0, 0x00, 0x00, 0x1D, 0x38, 0x00, 0x00, 0x3C, 0x3C, 0x00,
    0x00, 0x78, 0x1E, 0x00, 0x00, 0xF0, 0x0F, 0x00, 0x01, 0xD0, 0x03, 0x80, 0x03, 0xC0, 0x02, 0xD0,
    0x0B, 0x40, 0x00, 0xF0, 0x1E, 0x00, 0x00, 0x78, 0x7C, 0x00, 0x00, 0x2E, 0x00, 0x2F, 0xFF, 0xFC,
    0x02, 0xFF, 0xFF, 0xFC, 0x0F, 0xF9, 0x55, 0x54, 0x2F, 0x00, 0x55, 0x54, 0x3C, 0x2F, 0xFF, 0xFC,
    0x74, 0xBF, 0xFF, 0xFC, 0xB0, 0xF4, 0x00, 0x00, 0xB1, 0xE0, 0x00, 0x00, 0xB0, 0xE0, 0x00, 0x00,
    0xB4, 0xF9, 0x55, 0x54, 0x3C, 0x7F, 0xFF, 0xFC, 0x3F, 0x1B, 0xFF, 0xFC, 0x0F, 0xF9, 0x55, 0x54,
    0x03, 0xFF, 0xFF, 0xFC, 0x00, 0x6F, 0xFF, 0xFC, 0xBF, 0xFF, 0xE4, 0x00, 0xBF, 0xFF, 0xFF, 0x40,
    0x15, 0x55, 0x6F, 0xD0, 0x15, 0x55, 0x02, 0xF0, 0xBF, 0xFF, 0xF0, 0x78, 0xBF, 0xFF, 0xFC, 0x3C,
    0x00, 0x00, 0x7E, 0x2C, 0x00, 0x00, 0x0E, 0x2C, 0x00, 0x00, 0x1E, 0x2C, 0x15, 0x55, 0xBD, 0x3C,
    0xBF, 0xFF, 0xFC, 0x78, 0xBF, 0xFF, 0xD2, 0xF0, 0x15, 0x55, 0x6F, 0xE0, 0xBF, 0xFF, 0xFF, 0x40,
    0xBF, 0xFF, 0xE4, 0x00, 0x00, 0x01, 0x00, 0x00, 0x02, 0xFF, 0xF4, 0x00, 0x7F, 0xFF, 0xF8, 0x03,
    0xE5, 0x56, 0xF4, 0x3E, 0x3F, 0xF1, 0xF0, 0xF2, 0xFF, 0xE3, 0xD7, 0x4F, 0x47, 0xC7, 0xAC, 0x38,
    0x0B, 0x4E, 0xB1, 0xE0, 0x1D, 0x3E, 0xC7, 0x40, 0x74, 0xFB, 0x1D, 0x01, 0xD3, 0xEC, 0x74, 0x07,
    0x4F, 0xB1, 0xD0, 0x1D, 0x3E, 0xC7, 0x40, 0x74, 0xFB, 0x1D, 0x01, 0xD3, 0xD4, 0x10, 0x01, 0x05,
    0xB1, 0xD0, 0x1D, 0x3E, 0xC7, 0x40, 0x74, 0xFB, 0x1D, 0x01, 0xD3, 0xEC, 0x74, 0x07, 0x4F, 0xB1,
    0xD0, 0x1D, 0x3E, 0xC7, 0x40, 0x74, 0xFB, 0x1D, 0x01, 0xD3, 0xEC, 0x78, 0x07, 0x4F, 0xB4, 0xF0,
    0x2D, 0x39, 0xE3, 0xE6, 0xF1, 0xD3, 0xC7, 0xFF, 0x4F, 0x0B, 0xC7, 0xF4, 0xFC, 0x0F, 0xE5, 0x6F,
    0xC0, 0x0F, 0xFF, 0xFD, 0x00, 0x06, 0xFF, 0x40, 0x00, 0x00, 0x02, 0x00, 0x00, 0x00, 0x1D, 0x00,
    0x00, 0x00, 0x74, 0x00, 0x00, 0x01, 0xD0, 0x00, 0x00, 0x7F, 0xF4, 0x00, 0x1F, 0xFF, 0xFD, 0x00,
    0xF8, 0x74, 0xBC, 0x0B, 0x41, 0xD0, 0x7C, 0x3C, 0x07, 0x40, 0xF1, 0xD0, 0x1D, 0x01, 0xDB, 0x00,
    0x74, 0x03, 0xAC, 0x01, 0xD0, 0x0E, 0xB0, 0x07, 0x40, 0x3E, 0xC0, 0x1D, 0x00, 0xFB, 0x00, 0x74,
    0x03, 0xEC, 0x01, 0xD0, 0x0F, 0xB0, 0x07, 0x40, 0x3E, 0xC0, 0x1D, 0x00, 0xF0, 0x03, 0x81, 0xD0,
    0x00, 0xE0, 0x74, 0x00, 0x38, 0x1D, 0x00, 0x0E, 0x07, 0x40, 0x03, 0x81, 0xD0, 0x00, 0xE0, 0x74,
    0x00, 0x38, 0x1D, 0x02, 0xFF, 0xFF, 0xFC, 0xBF, 0xFF, 0xFF, 0x00, 0xE0, 0x74, 0x00, 0x38, 0x1D,
    0x00, 0x0E, 0x07, 0x40, 0xBF, 0xFF, 0xFF, 0x2F, 0xFF, 0xFF, 0xC0, 0x38, 0x1D, 0x00, 0x0E, 0x07,
    0x40, 0x03, 0x81, 0xD0, 0x00, 0xE0, 0x74, 0x00, 0x38, 0x1D, 0x00, 0x0E, 0x07, 0x40, 0x03, 0x81,
    0xD0, 0x00, 0xE0, 0x74, 0x00, 0x00, 0x00, 0x04, 0x00, 0x00, 0x7C, 0x00, 0x07, 0xF8, 0x00, 0x7F,
    0x80, 0x07, 0xF8, 0x00, 0x3F, 0x80, 0xF0, 0xBD, 0x01, 0xF4, 0x3F, 0x80, 0xF0, 0x07, 0xF8, 0x00,
    0x00, 0x7F, 0x80, 0x00, 0x07, 0xF8, 0x00, 0x00, 0x7C, 0x00, 0x00, 0x04, 0x40, 0x00, 0x00, 0xB8,
    0x00, 0x00, 0x7F, 0x40, 0x00, 0x07, 0xF4, 0x00, 0x00, 0x7F, 0x40, 0x2D, 0x0B, 0xF4, 0x3E, 0x00,
    0xFC, 0x2D, 0x0B, 0xF4, 0x00, 0x7F, 0x40, 0x07, 0xF4, 0x00, 0x7F, 0x40, 0x00, 0xB8, 0x00, 0x00,
    0x40, 0x00, 0x00, 0x00, 0x00, 0x00, 0x00, 0x00, 0x00, 0x00, 0x00, 0x00, 0xA0, 0x00, 0x90, 0x00,
    0x90, 0x00, 0x1F, 0x80, 0x1F, 0x80, 0x1F, 0x40, 0x07, 0xF4, 0x07, 0xF4, 0x07, 0xF4, 0x01, 0xFD,
    0x01, 0xFD, 0x01, 0xFD, 0x00, 0x3F, 0x80, 0x3F, 0x80, 0x7F, 0x80, 0x0B, 0xE0, 0x0B, 0xE0, 0x0B,
    0xE0, 0x00, 0x2F, 0x80, 0x2F, 0x80, 0x2F, 0x40, 0x00, 0x1F, 0xD0, 0x1F, 0xD0, 0x1F, 0xD0, 0x00,
    0x07, 0xF4, 0x07, 0xF4, 0x07, 0xF4, 0x00, 0x01, 0xFD, 0x01, 0xFD, 0x02, 0xFD, 0x00, 0x00, 0xBD,
    0x00, 0xBD, 0x00, 0xBD, 0x00, 0x00, 0x28, 0x00, 0x28, 0x00, 0x24, 0x00, 0x00, 0x00, 0x00, 0x00,
    0x00, 0x00, 0x00, 0x00, 0x00, 0x00, 0x00, 0x00, 0x02, 0x40, 0x02, 0x40, 0x02, 0x40, 0x00, 0x0B,
    0xD0, 0x0B, 0xD0, 0x0F, 0xD0, 0x00, 0x07, 0xF4, 0x0B, 0xF4, 0x0B, 0xF4, 0x00, 0x02, 0xFC, 0x02,
    0xF8, 0x02, 0xF8, 0x00, 0x00, 0xBE, 0x00, 0xBE, 0x00, 0xBE, 0x00, 0x00, 0x2F, 0x40, 0x2F, 0x40,
    0x2F, 0x40, 0x00, 0xBD, 0x00, 0xBD, 0x00, 0xBD, 0x00, 0x2F, 0xC0, 0x2F, 0xC0, 0x2F, 0x80, 0x07,
    0xF4, 0x07, 0xF4, 0x0B, 0xF4, 0x01, 0xFD, 0x01, 0xFD, 0x01, 0xFD, 0x00, 0x2F, 0x40, 0x2F, 0x40,
    0x2F, 0x40, 0x00, 0xA0, 0x00, 0xA0, 0x00, 0xA0, 0x00, 0x00, 0x00, 0x00, 0x00, 0x00, 0x00, 0x00,
    0x00, 0x00, 0x00, 0x07, 0x00, 0x00, 0x6F, 0xC0, 0x06, 0xFE, 0x40, 0x2F, 0xE4, 0x00, 0xBE, 0x40,
    0x00, 0x1F, 0xE4, 0x00, 0x00, 0x6F, 0xE4, 0x00, 0x00, 0x7F, 0xE4, 0x00, 0x00, 0x7F, 0x00, 0x00,
    0x00, 0x81, 0x55, 0x55, 0x52, 0xFF, 0xFF, 0xFC, 0xBF, 0xFF, 0xFF, 0x00, 0x00, 0x00, 0x0A, 0x40,
    0x00, 0x02, 0xFE, 0x00, 0x00, 0x0B, 0xFD, 0x00, 0x00, 0x0B, 0xF9, 0x00, 0x00, 0x0B, 0xF0, 0x00,
    0x1B, 0xF8, 0x00, 0xBF, 0x90, 0x0B, 0xFD, 0x00, 0x0B, 0xD0, 0x00, 0x01, 0x00, 0x00, 0x00, 0xA0,
    0x00, 0x00, 0x2F, 0xD0, 0x00, 0x01, 0xBF, 0x90, 0x00, 0x01, 0xBF, 0x90, 0x00, 0x01, 0xBF, 0x00,
    0x00, 0x7F, 0x80, 0x07, 0xFD, 0x00, 0x7F, 0xE0, 0x00, 0xBE, 0x00, 0x00, 0x14, 0x00, 0x00, 0x01,
    0x55, 0x55, 0x52, 0xFF, 0xFF, 0xFC, 0xBF, 0xFF, 0xFF, 0x00, 0x00, 0x00, 0x00, 0x00, 0x00, 0xB0,
    0x00, 0x07, 0xFC, 0x00, 0x6F, 0xE4, 0x06, 0xFE, 0x40, 0x0B, 0xE4, 0x00, 0x01, 0xFE, 0x40, 0x00,
    0x02, 0xFE, 0x40, 0x00, 0x06, 0xFE, 0x40, 0x00, 0x06, 0xF0, 0x00, 0x00, 0x04, 0x15, 0x55, 0x55,
    0x2F, 0xFF, 0xFF, 0xCB, 0xFF, 0xFF, 0xF0, 0x00, 0x00, 0x00, 0x00, 0x00, 0x02, 0x00, 0x00, 0x0B,
    0xC0, 0x00, 0x2F, 0xD0, 0x01, 0xBF, 0x40, 0x07, 0xF8, 0x00, 0x1F, 0xE0, 0x00, 0x0B, 0xD0, 0x00,
    0x00, 0xBF, 0x40, 0x00, 0x01, 0xFE, 0x00, 0x00, 0x07, 0xF8, 0x00, 0x00, 0x1F, 0xE0, 0x00, 0x00,
    0x7C, 0x00, 0x00, 0x01, 0x00, 0x15, 0x55, 0x55, 0x2F, 0xFF, 0xFF, 0xCB, 0xFF, 0xFF, 0xF0, 0x00,
    0x00, 0x00, 0x40, 0x00, 0x00, 0x2F, 0x40, 0x00, 0x02, 0xFD, 0x00, 0x00, 0x0B, 0xF4, 0x00, 0x00,
    0x2F, 0xD0, 0x00, 0x00, 0x7F, 0x80, 0x00, 0x07, 0xF0, 0x00, 0x1F, 0xE0, 0x00, 0x7F, 0x80, 0x01,
    0xFE, 0x00, 0x07, 0xF8, 0x00, 0x02, 0xD0, 0x00, 0x00, 0x00, 0x00, 0x00, 0x00, 0x00, 0x00, 0x00,
    0x00, 0x00, 0x09, 0x00, 0x00, 0x2D, 0x00, 0x00, 0xF8, 0x00, 0x0B, 0xD0, 0x00, 0xBE, 0x00, 0x2F,
    0xF4, 0x00, 0xBE, 0x00, 0x1D, 0x40, 0x00, 0xBC, 0x00, 0x0B, 0xE0, 0x01, 0xFF, 0x40, 0xBF, 0xE0,
    0x00, 0x7F, 0xE4, 0x00, 0x01, 0xBF, 0x40, 0x00, 0x07, 0xF0, 0x00, 0x00, 0x7C, 0x00, 0x00, 0x0D,
    0x00, 0x00, 0x00, 0x00, 0x00, 0x00, 0x80, 0x00, 0x00, 0xB4, 0x00, 0x00, 0x3E, 0x00, 0x00, 0x0B,
    0xD0, 0x00, 0x01, 0xFD, 0x00, 0x40, 0x2F, 0xE4, 0xB0, 0x01, 0xFD, 0x7D, 0x00, 0x04, 0x1F, 0xD0,
    0x00, 0x02, 0xFE, 0x40, 0x00, 0x1B, 0xFC, 0x00, 0x2F, 0xF8, 0x02, 0xFE, 0x00, 0x2F, 0x90, 0x00,
    0xBC, 0x00, 0x00, 0x90, 0x00, 0x00, 0x00, 0x00, 0x00, 0x00, 0x00, 0x00, 0x00, 0x00, 0x74, 0x00,
    0x00, 0xB0, 0x00, 0x00, 0xE0, 0x00, 0x00, 0xED, 0x00, 0x01, 0xFC, 0x00, 0x07, 0xF4, 0x01, 0xBF,
    0xC0, 0x6F, 0xFB, 0x40, 0xBF, 0xDB, 0x00, 0x02, 0xFF, 0x00, 0x00, 0x1F, 0xE0, 0x40, 0x1E, 0xBC,
    0xBE, 0x2C, 0x1D, 0x6F, 0xFC, 0x00, 0x01, 0xFE, 0x00, 0x00, 0x7F, 0xD0, 0x00, 0xB1, 0xF8, 0x00,
    0xF0, 0x2D, 0x00, 0xE0, 0x09, 0x01, 0xD0, 0x00, 0x00, 0x00, 0x00, 0x00, 0x00, 0x00, 0x00, 0x00,
    0xE0, 0x00, 0x00, 0xD0, 0x00, 0x02, 0xC0, 0x90, 0x03, 0xC0, 0xB8, 0x03, 0x80, 0x2F, 0x87, 0x40,
    0x07, 0xFF, 0x00, 0x00, 0x6F, 0xF8, 0x00, 0x1F, 0xFC, 0x01, 0xFF, 0x40, 0x0F, 0xFC, 0x00, 0x7E,
    0x3C, 0x04, 0xB0, 0x39, 0xBD, 0x40, 0x7F, 0xF8, 0x01, 0xFE, 0x00, 0x0B, 0xF0, 0x00, 0x3F, 0xE0,
    0x00, 0xB5, 0xC0, 0x00, 0x92, 0xC0, 0x00, 0x03, 0x80, 0x00, 0x00, 0x00, 0x00, 0x00, 0x00, 0x04,
    0x00, 0x00, 0x03, 0xC0, 0x00, 0x01, 0xD0, 0x00, 0x00, 0xF0, 0xBF, 0xFF, 0xFF, 0x2F, 0xFF, 0xFF,
    0xCB, 0x55, 0x5F, 0x52, 0xC0, 0x03, 0x80, 0xB0, 0x02, 0xC0, 0x2C, 0x00, 0xF0, 0x0B, 0x00, 0x74,
    0x02, 0xC0, 0x2C, 0x00, 0xB0, 0x0E, 0x00, 0x2C, 0x0B, 0x00, 0x0B, 0x03, 0xC0, 0x02, 0xC1, 0xD0,
    0x00, 0xBF, 0xFF, 0xFF, 0x2F, 0xFF, 0xFF, 0xC1, 0x6E, 0x55, 0x50, 0x5F, 0x55, 0x54, 0xBF, 0xFF,
    0xFF, 0x2F, 0xFF, 0xFF, 0xC0, 0xF0, 0x00, 0x00, 0x34, 0x00, 0x00, 0x00, 0x00, 0x00, 0x00, 0x00,
    0x00, 0x04, 0x00, 0x00, 0x03, 0xC0, 0x00, 0x01, 0xD0, 0x00, 0x00, 0xF0, 0xBF, 0xFF, 0xFF, 0x2F,
    0xFF, 0xFF, 0xC1, 0x55, 0x5F, 0xF0, 0x00, 0x03, 0xBC, 0x00, 0x02, 0xCF, 0x00, 0x00, 0xF3, 0xC0,
    0x00, 0x74, 0xF0, 0x00, 0x2C, 0x3C, 0x00, 0x0E, 0x0F, 0x00, 0x0B, 0x03, 0xC0, 0x03, 0xC0, 0xF0,
    0x01, 0xD0, 0x3C, 0xBF, 0xFF, 0xFF, 0x2F, 0xFF, 0xFF, 0xC1, 0x6E, 0x55, 0x50, 0x5F, 0x55, 0x54,
    0xBF, 0xFF, 0xFF, 0x2F, 0xFF, 0xFF, 0xC0, 0xF0, 0x00, 0x00, 0x34, 0x00, 0x00, 0x00, 0x00, 0x00,
    0x00, 0xBF, 0xFF, 0xFF, 0x2F, 0xFF, 0xFF, 0xCB, 0x55, 0x55, 0x52, 0xC0, 0x00, 0x00, 0xB0, 0x00,
    0x00, 0x2C, 0x00, 0x00, 0x0B, 0x00, 0x00, 0x02, 0xC0, 0x00, 0x00, 0xB0, 0x00, 0x00, 0x2C, 0x00,
    0x00, 0x0B, 0x00, 0x00, 0x02, 0xC0, 0x00, 0x00, 0xBF, 0xFF, 0xFF, 0x2F, 0xFF, 0xFF, 0xC1, 0x55,
    0x55, 0x50, 0x55, 0xB5, 0x54, 0xBF, 0xFF, 0xFF, 0x2F, 0xFF, 0xFF, 0xC0, 0x0F, 0x00, 0x00, 0x03,
    0x40, 0x00, 0x00, 0x00, 0x00, 0x00, 0xBF, 0xFF, 0xFF, 0x2F, 0xFF, 0xFF, 0xC1, 0x55, 0x55, 0xF0,
    0x00, 0x00, 0x3C, 0x00, 0x00, 0x0F, 0x00, 0x00, 0x03, 0xC0, 0x00, 0x00, 0xF0, 0x00, 0x00, 0x3C,
    0x00, 0x00, 0x0F, 0x00, 0x00, 0x03, 0xC0, 0x00, 0x00, 0xF0, 0x00, 0x00, 0x3C, 0xBF, 0xFF, 0xFF,
    0x2F, 0xFF, 0xFF, 0xC1, 0x55, 0x55, 0x50, 0x55, 0xB5, 0x54, 0xBF, 0xFF, 0xFF, 0x2F, 0xFF, 0xFF,
    0xC0, 0x0F, 0x00, 0x00, 0x03, 0x40, 0x00, 0x00, 0x00, 0x00, 0x00, 0x00, 0x00, 0x00, 0x00, 0x00,
    0x06, 0xC0, 0x00, 0x2F, 0xF0, 0x01, 0xFF, 0x80, 0x1B, 0xF8, 0x00, 0x2F, 0x80, 0x00, 0x07, 0xFD,
    0x00, 0x00, 0x07, 0xFD, 0x00, 0x00, 0x0B, 0xFD, 0x00, 0x00, 0x1B, 0xC0, 0x00, 0xA0, 0x10, 0x04,
    0x38, 0x00, 0x7F, 0xFE, 0x5B, 0x2F, 0xFF, 0xFF, 0xC9, 0x07, 0xFF, 0xD0, 0x03, 0xC0, 0x00, 0x00,
    0x10, 0x00, 0x00, 0x00, 0x00, 0x00, 0x29, 0x00, 0x00, 0x0B, 0xF9, 0x00, 0x00, 0x1B, 0xF8, 0x00,
    0x00, 0x1B, 0xF4, 0x00, 0x00, 0x1F, 0xC0, 0x00, 0x6F, 0xE0, 0x06, 0xFE, 0x00, 0x6F, 0xE4, 0x00,
    0x2F, 0x40, 0x00, 0x04, 0x00, 0xA0, 0x00, 0x04, 0x38, 0x00, 0x7F, 0xFE, 0x5B, 0x2F, 0xFF, 0xFF,
    0xC9, 0x07, 0xFF, 0xD0, 0x03, 0xC0, 0x00, 0x00, 0x10, 0x00, 0x00, 0x00, 0x00, 0x02, 0x00, 0x00,
    0x02, 0xC0, 0x00, 0x0B, 0xE0, 0x00, 0x6F, 0xC0, 0x06, 0xFE, 0x40, 0x2F, 0xF4, 0x00, 0x01, 0xBF,
    0xD0, 0x00, 0x00, 0xBF, 0x40, 0x00, 0x01, 0xFD, 0x00, 0x00, 0x07, 0xC0, 0x00, 0xA0, 0x30, 0x04,
    0x38, 0x00, 0x7F, 0xFE, 0x5B, 0x2F, 0xFF, 0xFF, 0xC9, 0x07, 0xFF, 0xD0, 0x03, 0xC0, 0x00, 0x00,
    0x10, 0x00, 0x00, 0x40, 0x00, 0x00, 0x2C, 0x00, 0x00, 0x07, 0xE0, 0x00, 0x00, 0x2F, 0xD0, 0x00,
    0x00, 0xBF, 0xE4, 0x00, 0x00, 0xBF, 0xC0, 0x02, 0xFF, 0x90, 0x1F, 0xE4, 0x00, 0x2F, 0x80, 0x00,
    0x2E, 0x00, 0x00, 0x09, 0x00, 0xA0, 0x00, 0x04, 0x38, 0x00, 0x7F, 0xFE, 0x5B, 0x2F, 0xFF, 0xFF,
    0xC9, 0x07, 0xFF, 0xD0, 0x03, 0xC0, 0x00, 0x00, 0x10, 0x00, 0x00, 0x00, 0x00, 0x00, 0x00, 0x00,
    0x03, 0x40, 0x00, 0x02, 0xC0, 0x00, 0x00, 0xF0, 0x00, 0x00, 0x75, 0x00, 0x00, 0x2F, 0xC0, 0x00,
    0xBF, 0xF0, 0x07, 0xFF, 0x6C, 0x6F, 0x93, 0xCB, 0x2F, 0xD1, 0xE2, 0xC0, 0x7F, 0xF0, 0xB0, 0x00,
    0xBF, 0xBC, 0x00, 0x1E, 0xBF, 0x00, 0x0F, 0x01, 0x80, 0x03, 0x80, 0x00, 0x01, 0xC0, 0x00, 0x00,
    0x00, 0x00, 0x00, 0x00, 0x02, 0x00, 0x00, 0x01, 0xD0, 0x00, 0x00, 0xB0, 0x01, 0x00, 0x38, 0x00,
    0xBD, 0x1D, 0x00, 0x2F, 0xFF, 0x00, 0x0B, 0x0B, 0xF9, 0x02, 0xC2, 0xDB, 0xF8, 0xB0, 0xF1, 0xBE,
    0x2C, 0x7F, 0xF4, 0x0B, 0xBF, 0x40, 0x02, 0xFE, 0x00, 0x00, 0x5B, 0x00, 0x00, 0x03, 0xC0, 0x00,
    0x01, 0xD0, 0x00, 0x00, 0x20, 0x00, 0x00, 0x00, 0x00, 0x20, 0x00, 0x00, 0x2C, 0x00, 0x00, 0x0F,
    0x00, 0x00, 0x03, 0x80, 0x00, 0x01, 0xD7, 0x00, 0x00, 0xBF, 0xC0, 0x02, 0xFE, 0xF0, 0x1F, 0xEE,
    0x2C, 0xBF, 0x47, 0x4B, 0x0B, 0xF6, 0xC2, 0xC0, 0x1B, 0xF4, 0xB0, 0x00, 0x3F, 0xFC, 0x00, 0x1D,
    0x2F, 0x00, 0x0B, 0x00, 0x41, 0x57, 0xD5, 0x52, 0xFF, 0xFF, 0xFC, 0xBF, 0xFF, 0xFF, 0x00, 0x2C,
    0x00, 0x00, 0x0F, 0x00, 0x00, 0x03, 0x80, 0x00, 0x01, 0xD0, 0x00, 0x00, 0x00, 0x00, 0x00, 0x00,
    0x09, 0x00, 0x00, 0x03, 0x80, 0x00, 0x01, 0xD0, 0x00, 0x00, 0xB0, 0x00, 0xA0, 0x3C, 0x00, 0x2F,
    0xDE, 0x00, 0x0B, 0xBF, 0xD0, 0x02, 0xC2, 0xFF, 0x80, 0xB0, 0xF1, 0xBF, 0x2C, 0x39, 0xBF, 0x4B,
    0x2F, 0xF4, 0x02, 0xFF, 0x80, 0x00, 0xBB, 0xC0, 0x00, 0x10, 0xE0, 0x00, 0x01, 0xB9, 0x55, 0x52,
    0xFF, 0xFF, 0xFC, 0xBF, 0xFF, 0xFF, 0x03, 0x80, 0x00, 0x01, 0xD0, 0x00, 0x00, 0xB0, 0x00, 0x00,
    0x3C, 0x00, 0x00, 0x00, 0x00, 0x00, 0x00, 0x7C, 0xBC, 0x78, 0x00, 0x00, 0x00, 0x00, 0x78, 0xBC,
    0x7C, 0x00, 0x00, 0x00, 0x00, 0x00, 0x78, 0xBC, 0x7C, 0x78, 0x00, 0xB4, 0x00, 0xF2, 0xF0, 0x03,
    0xF0, 0x07, 0xD7, 0xC0, 0x0B, 0x40, 0x0F, 0x00, 0x00, 0x00, 0x00, 0x00, 0xF0, 0x00, 0x00, 0x00,
    0x07, 0xE0, 0x00, 0x00, 0x00, 0x0F, 0x00, 0x00, 0x00, 0x00, 0x00, 0x00, 0x00, 0x00, 0x00, 0x00,
    0x00, 0x00, 0x00, 0x00, 0x00, 0x00, 0x00, 0x00, 0x00, 0x00, 0x00, 0x2D, 0x00, 0x00, 0x00, 0x00,
    0xFC, 0x00, 0x00, 0x00, 0x02, 0xD0, 0x00, 0x00, 0x00, 0x00, 0x00, 0x00, 0x00, 0x00, 0x00, 0x00,
    0x00, 0x00, 0x00, 0x00, 0x00, 0x00, 0x00, 0x00, 0x00, 0x00, 0x00, 0x00, 0x00, 0x00, 0x00, 0x1E,
    0x00, 0x00, 0x00, 0x00, 0xBC, 0x00, 0x00, 0x00, 0x01, 0xF0, 0x00, 0x00, 0x00, 0x00, 0x7C, 0x00,
    0x00, 0x00, 0x02, 0xF0, 0x00, 0x00, 0x00, 0x07, 0x80, 0x00, 0x00, 0x00, 0x00, 0x00, 0x00, 0x00,
    0x00, 0x00, 0x00, 0x00, 0x00, 0x00, 0x00, 0x00, 0x00, 0x00, 0x00, 0x00, 0x00, 0x00, 0x00, 0x00,
    0x00, 0x2D, 0x00, 0x00, 0x00, 0x00, 0xFC, 0x00, 0x00, 0x00, 0x02, 0xD0, 0x00, 0x00, 0x00, 0x00,
    0x00, 0x00, 0x00, 0x00, 0x00, 0x00, 0x00, 0x00, 0x00, 0x00, 0x00, 0x00, 0x00, 0x00, 0x00, 0x00,
    0x00, 0x00, 0x00, 0x00, 0x00, 0x00, 0x00, 0x00, 0x00, 0x3C, 0x00, 0x00, 0x00, 0x01, 0xF8, 0x00,
    0x00, 0x00, 0x03, 0xC0, 0x00, 0x01, 0xBF, 0xFF, 0xF0, 0x00, 0x3F, 0xFF, 0xFF, 0xC0, 0x03, 0xF9,
    0x55, 0x55, 0x00, 0x3F, 0x00, 0x00, 0x00, 0x01, 0xF0, 0x00, 0x00, 0x00, 0x0B, 0x40, 0x00, 0x00,
    0x01, 0x7D, 0x55, 0x55, 0x55, 0x2F, 0xFF, 0xFF, 0xFF, 0xFC, 0xBF, 0xFF, 0xFF, 0xFF, 0xF0, 0x0B,
    0x00, 0x00, 0x00, 0x00, 0x1E, 0x00, 0x00, 0x00, 0x00, 0x3E, 0x00, 0x00, 0x00, 0x00, 0x7F, 0x95,
    0x55, 0x50, 0x00, 0x7F, 0xFF, 0xFF, 0xC0, 0x00, 0x1B, 0xFF, 0xFF, 0x00, 0x00, 0x6F, 0xFF, 0xFC,
    0x03, 0xFF, 0xFF, 0xFC, 0x0F, 0xE9, 0x55, 0x54, 0x3F, 0x00, 0x00, 0x00, 0x3C, 0x00, 0x00, 0x1C,
    0xB4, 0x00, 0x00, 0x2C, 0xB5, 0x55, 0x55, 0x6C, 0xBF, 0xFF, 0xFF, 0xFC, 0xBF, 0xFF, 0xFF, 0xFC,
    0xB0, 0x00, 0x00, 0x2C, 0x38, 0x00, 0x00, 0x2C, 0x3E, 0x00, 0x00, 0x00, 0x0F, 0xE5, 0x55, 0x54,
    0x03, 0xFF, 0xFF, 0xFC, 0x00, 0x6F, 0xFF, 0xFC, 0x00, 0x05, 0x54, 0x07, 0xFF, 0xFE, 0x1F, 0xFF,
    0xFE, 0x3E, 0x40, 0x00, 0x78, 0x00, 0x0E, 0xB4, 0x00, 0x0E, 0xBF, 0xFF, 0xFE, 0xBF, 0xFF, 0xFE,
    0x79, 0x55, 0x5E, 0x3E, 0x55, 0x54, 0x0F, 0xFF, 0xFE, 0x01, 0xFF, 0xFE, 0x00, 0x00, 0x78, 0x00,
    0x00, 0x00, 0xFC, 0x00, 0x00, 0x00, 0x78, 0x00, 0x00, 0x00, 0x00, 0x00, 0x00, 0x6F, 0xFF, 0xFC,
    0x03, 0xFF, 0xFF, 0xFC, 0x0F, 0xE9, 0x55, 0x54, 0x3F, 0x00, 0x00, 0x00, 0x3C, 0x00, 0x00, 0x00,
    0xB4, 0x00, 0x00, 0x00, 0xB5, 0x55, 0x55, 0x54, 0xBF, 0xFF, 0xFF, 0xFC, 0xBF, 0xFF, 0xFF, 0xFC,
    0xB0, 0x00, 0x00, 0x00, 0x38, 0x00, 0x00, 0x00, 0x3E, 0x00, 0x00, 0x00, 0x0F, 0xE5, 0x55, 0x54,
    0x03, 0xFF, 0xFF, 0xFC, 0x00, 0x6F, 0xFF, 0xFC, 0x2F, 0xFF, 0xFF, 0xFC, 0x2F, 0xFF, 0xFF, 0xFC,
    0x05, 0x55, 0x55, 0x54, 0x00, 0x00, 0x00, 0x00, 0x00, 0x6F, 0xFF, 0xFC, 0x03, 0xFF, 0xFF, 0xFC,
    0x0F, 0xE9, 0x55, 0x54, 0x3F, 0x00, 0x00, 0x00, 0x3C, 0x00, 0x00, 0x00, 0xB4, 0x00, 0x00, 0x00,
    0xB5, 0x55, 0x55, 0x54, 0xBF, 0xFF, 0xFF, 0xFC, 0xBF, 0xFF, 0xFF, 0xFC, 0xB0, 0x00, 0x00, 0x00,
    0x38, 0x00, 0x00, 0x00, 0x3E, 0x00, 0x00, 0x00, 0x0F, 0xE5, 0x55, 0x54, 0x03, 0xFF, 0xFF, 0xFC,
    0x00, 0x6F, 0xFF, 0xFC, 0x1F, 0xFF, 0xFE, 0x1F, 0xFF, 0xFE, 0x00, 0x00, 0x00, 0x00, 0x05, 0x54,
    0x07, 0xFF, 0xFE, 0x1F, 0xFF, 0xFE, 0x3E, 0x40, 0x00, 0x78, 0x00, 0x00, 0xB4, 0x00, 0x00, 0xBF,
    0xFF, 0xFE, 0xBF, 0xFF, 0xFE, 0x79, 0x55, 0x54, 0x3E, 0x55, 0x54, 0x0F, 0xFF, 0xFE, 0x01, 0xFF,
    0xFE, 0x00, 0x2F, 0xFF, 0xFC, 0x03, 0xFF, 0xFF, 0xFC, 0x0F, 0xE9, 0x55, 0x54, 0x2F, 0x00, 0x00,
    0x00, 0x3C, 0x00, 0x00, 0x00, 0x74, 0x00, 0x00, 0x00, 0xB5, 0x55, 0x55, 0x54, 0xBF, 0xFF, 0xFF,
    0xFC, 0xBF, 0xFF, 0xFF, 0xFC, 0xB0, 0x00, 0x00, 0x00, 0x78, 0x00, 0x00, 0x00, 0x3D, 0x00, 0x00,
    0x00, 0x1F, 0xD0, 0x00, 0x00, 0x07, 0xFF, 0xFF, 0xFC, 0x00, 0xBF, 0xFF, 0xFC, 0x00, 0x00, 0x55,
    0x54, 0x05, 0x55, 0x55, 0x54, 0x2F, 0xFF, 0xFF, 0xFC, 0x2F, 0xFF, 0xFF, 0xFC, 0x00, 0x6F, 0xFF,
    0xFC, 0x03, 0xFF, 0xFF, 0xFC, 0x0F, 0xF9, 0x55, 0x54, 0x3F, 0x40, 0x00, 0x00, 0x3C, 0x00, 0x00,
    0x00, 0xBF, 0xFF, 0xFF, 0xFC, 0xBF, 0xFF, 0xFF, 0xFC, 0xB5, 0x55, 0x55, 0x54, 0xB5, 0x55, 0x55,
    0x54, 0xBF, 0xFF, 0xFF, 0xFC, 0x3F, 0xFF, 0xFF, 0xFC, 0x3D, 0x00, 0x00, 0x00, 0x0F, 0xE5, 0x55,
    0x54, 0x03, 0xFF, 0xFF, 0xFC, 0x00, 0x6F, 0xFF, 0xFC, 0xBF, 0xFF, 0xE4, 0x00, 0x02, 0xFF, 0xFF,
    0xFD, 0x00, 0x01, 0x55, 0x56, 0xFE, 0x00, 0x00, 0x00, 0x00, 0x7C, 0x00, 0x00, 0x00, 0x00, 0x78,
    0x00, 0x00, 0x00, 0x00, 0xF0, 0x01, 0x55, 0x55, 0x57, 0xD5, 0x2F, 0xFF, 0xFF, 0xFF, 0xFC, 0xBF,
    0xFF, 0xFF, 0xFF, 0xF0, 0x00, 0x00, 0x00, 0xF0, 0x00, 0x00, 0x00, 0x03, 0xC0, 0x00, 0x00, 0x00,
    0x7D, 0x00, 0x15, 0x55, 0x6F, 0xE0, 0x02, 0xFF, 0xFF, 0xFE, 0x00, 0x0B, 0xFF, 0xFE, 0x40, 0x00,
    0x00, 0xBF, 0xFF, 0xE4, 0x00, 0xBF, 0xFF, 0xFF, 0x40, 0x15, 0x55, 0x6F, 0xE0, 0x00, 0x00, 0x01,
    0xF4, 0xB0, 0x00, 0x00, 0x78, 0xB0, 0x00, 0x00, 0x3C, 0xB5, 0x55, 0x55, 0x7C, 0xBF, 0xFF, 0xFF,
    0xFC, 0xBF, 0xFF, 0xFF, 0xFC, 0xB0, 0x00, 0x00, 0x3C, 0xB0, 0x00, 0x00, 0x38, 0x00, 0x00, 0x01,
    0xF0, 0x15, 0x55, 0x6F, 0xE0, 0xBF, 0xFF, 0xFF, 0x40, 0xBF, 0xFF, 0xE4, 0x00, 0x15, 0x50, 0x00,
    0xBF, 0xFF, 0x80, 0xBF, 0xFF, 0xF4, 0x00, 0x01, 0xFC, 0xB0, 0x00, 0x3D, 0xB0, 0x00, 0x1E, 0xBF,
    0xFF, 0xFE, 0xBF, 0xFF, 0xFE, 0xB5, 0x55, 0x6D, 0x15, 0x55, 0xBC, 0xBF, 0xFF, 0xF0, 0xBF, 0xFE,
    0x40, 0xBF, 0xFF, 0xFF, 0xF0, 0xBF, 0xFF, 0xFF, 0xF0, 0x15, 0x55, 0x55, 0x50, 0x00, 0x00, 0x00,
    0x00, 0xBF, 0xFF, 0xE4, 0x00, 0xBF, 0xFF, 0xFF, 0x40, 0x15, 0x55, 0x6F, 0xE0, 0x00, 0x00, 0x01,
    0xF4, 0x00, 0x00, 0x00, 0x78, 0x00, 0x00, 0x00, 0x3C, 0x15, 0x55, 0x55, 0x7C, 0xBF, 0xFF, 0xFF,
    0xFC, 0xBF, 0xFF, 0xFF, 0xFC, 0x00, 0x00, 0x00, 0x3C, 0x00, 0x00, 0x00, 0x38, 0x00, 0x00, 0x01,
    0xF0, 0x15, 0x55, 0x6F, 0xE0, 0xBF, 0xFF, 0xFF, 0x40, 0xBF, 0xFF, 0xE4, 0x00, 0xBF, 0xFF, 0xF4,
    0xBF, 0xFF, 0xF4, 0x00, 0x00, 0x00, 0x15, 0x50, 0x00, 0xBF, 0xFF, 0x80, 0xBF, 0xFF, 0xF4, 0x00,
    0x01, 0xFC, 0x00, 0x00, 0x3D, 0x00, 0x00, 0x1E, 0xBF, 0xFF, 0xFE, 0xBF, 0xFF, 0xFE, 0x15, 0x55,
    0x6D, 0x15, 0x55, 0xBC, 0xBF, 0xFF, 0xF0, 0xBF, 0xFE, 0x40, 0xBF, 0xFF, 0xFF, 0xFE, 0xFF, 0xFF,
    0xFF, 0xFB, 0x55, 0x55, 0x55, 0x6C, 0x00, 0x00, 0x00, 0xB0, 0x00, 0x00, 0x02, 0xC0, 0x00, 0x00,
    0x0B, 0x55, 0x55, 0x55, 0x6F, 0xFF, 0xFF, 0xFF, 0xBF, 0xFF, 0xFF, 0xFE, 0xC0, 0x00, 0x00, 0x0B,
    0x00, 0x00, 0x00, 0x2C, 0x00, 0x00, 0x00, 0xB5, 0x55, 0x55, 0x56, 0xFF, 0xFF, 0xFF, 0xFB, 0xFF,
    0xFF, 0xFF, 0xC0, 0x00, 0x18, 0x00, 0x3C, 0x00, 0xB4, 0x00, 0xF0, 0x02, 0xD0, 0x03, 0xC0, 0x07,
    0x80, 0x0F, 0x00, 0x1E, 0x00, 0x3C, 0x00, 0x78, 0x00, 0xF4, 0x00, 0xB4, 0x00, 0x7C, 0x00, 0x3D,
    0x00, 0x1E, 0x00, 0x0F, 0x00, 0x07, 0x80, 0x03, 0xC0, 0x01, 0xE0, 0x00, 0xF0, 0x00, 0xB4, 0x00,
    0x3C, 0x00, 0x2D, 0x14, 0x00, 0x0B, 0x40, 0x00, 0xF0, 0x00, 0x2D, 0x00, 0x07, 0xC0, 0x00, 0xF0,
    0x00, 0x1E, 0x00, 0x03, 0xC0, 0x00, 0x78, 0x00, 0x0F, 0x00, 0x01, 0xE0, 0x00, 0x3C, 0x00, 0x0F,
    0x00, 0x0B, 0x80, 0x03, 0xC0, 0x01, 0xE0, 0x00, 0xF0, 0x00, 0x78, 0x00, 0x3C, 0x00, 0x1E, 0x00,
    0x0F, 0x00, 0x03, 0xC0, 0x02, 0xD0, 0x00, 0xF0, 0x00, 0x00, 0x00, 0x00, 0x00, 0x00, 0x00, 0xB0,
    0x00, 0x00, 0x00, 0x00, 0x00, 0x16, 0x40, 0x00, 0x00, 0x00, 0x00, 0x01, 0x28, 0x00, 0x00, 0x00,
    0x00, 0x00, 0x51, 0xC0, 0x00, 0x00, 0x00, 0x00, 0x08, 0x0E, 0x00, 0x00, 0x00, 0x00, 0x00, 0x80,
    0xF0, 0x00, 0x00, 0x00, 0x00, 0x08, 0x0B, 0x80, 0x00, 0x00, 0x03, 0xF4, 0x80, 0x7C, 0x00, 0x00,
    0x00, 0x3D, 0x18, 0x03, 0xE0, 0x00, 0x00, 0x00, 0xD0, 0xA0, 0x2F, 0x00, 0x40, 0x00, 0x03, 0x08,
    0x11, 0xF8, 0x05, 0x00, 0x00, 0x0C, 0x80, 0x8F, 0xC0, 0x50, 0x1F, 0x00, 0x1D, 0x02, 0xBE, 0x01,
    0x00, 0xFD, 0x00, 0x30, 0x0F, 0xF0, 0x10, 0x07, 0xF0, 0x02, 0x14, 0x3F, 0x81, 0x00, 0x1D, 0x00,
    0x50, 0x0A, 0xFD, 0x50, 0x00, 0x20, 0x05, 0x00, 0x0B, 0xF4, 0x00, 0x00, 0x55, 0x40, 0x00, 0x14,
    0x00, 0x00, 0x00, 0x00, 0x06, 0xF8, 0x02, 0xF8, 0x00, 0xBE, 0x00, 0x2E, 0x0C, 0x03, 0xE0, 0x00,
    0xF8, 0x0C, 0x0F, 0x40, 0x07, 0xD0, 0x18, 0x3D, 0x00, 0x2F, 0x40, 0x30, 0xB4, 0x00, 0xFE, 0x00,
    0x80, 0xE0, 0x02, 0xF8, 0x01, 0x00, 0xD0, 0x0B, 0xF0, 0x00, 0x00, 0xC0, 0x2F, 0xC0, 0x40, 0x00,
    0x40, 0x7F, 0x45, 0x00, 0x00, 0x00, 0xFC, 0x93, 0xF0, 0x00, 0x02, 0xF8, 0x1D, 0x08, 0x00, 0x03,
    0xF0, 0x30, 0x04, 0x00, 0x03, 0xF0, 0x20, 0x04, 0x00, 0x03, 0xE0, 0x00, 0x04, 0x00, 0x01, 0xF0,
    0x00, 0x60, 0x00, 0x00, 0xB8, 0x06, 0x80, 0x00, 0x00, 0x1B, 0xF8, 0x00, 0x00, 0x00, 0x00, 0xBF,
    0xF4, 0x00, 0x00, 0x0B, 0x90, 0x06, 0x40, 0x00, 0xB8, 0x00, 0x00, 0x64, 0x02, 0xD0, 0x00, 0x00,
    0xE4, 0x0B, 0x40, 0x01, 0x02, 0x88, 0x0F, 0x00, 0x01, 0x0B, 0x05, 0x2D, 0x00, 0x05, 0x0E, 0x02,
    0x3C, 0x00, 0x0C, 0x3D, 0x02, 0x38, 0x00, 0x24, 0x7C, 0x02, 0x3C, 0x00, 0x60, 0xF8, 0x02, 0x1D,
    0x06, 0x81, 0xF4, 0x02, 0x07, 0xF9, 0x03, 0xF0, 0x05, 0x00, 0x00, 0x07, 0xD0, 0x08, 0x00, 0x00,
    0x0F, 0xC0, 0x08, 0x00, 0x00, 0x2F, 0x00, 0x20, 0x2F, 0xE0, 0x7C, 0x00, 0x90, 0x20, 0x1B, 0xF0,
    0x02, 0x40, 0x1B, 0xF9, 0x2F, 0xA4, 0x00, 0x00, 0x28, 0x00, 0x7F, 0xC0, 0x2C, 0x00, 0xBF, 0x42,
    0x0B, 0x00, 0x3F, 0x80, 0x21, 0xC0, 0x0F, 0xE0, 0x01, 0x38, 0x03, 0xF8, 0x00, 0x43, 0x00, 0x7F,
    0x00, 0x10, 0x30, 0x0B, 0xC0, 0x04, 0x02, 0x40, 0xB8, 0x05, 0x00, 0x09, 0x0B, 0x05, 0x00, 0x80,
    0x05, 0x74, 0x00, 0x38, 0x00, 0x01, 0x80, 0x2F, 0x40, 0x00, 0x01, 0x53, 0xF0, 0x00, 0xF4, 0x00,
    0x7E, 0x00, 0x3F, 0x80, 0x0F, 0xD0, 0x03, 0xE0, 0x01, 0xFC, 0x00, 0x30, 0x00, 0x3F, 0x00, 0x01,
    0x00, 0x0F, 0xC0, 0x00, 0x05, 0x5B, 0x80, 0x00, 0x00, 0x00, 0x00, 0x00, 0x6E, 0x40, 0x00, 0x00,
    0x01, 0xF4, 0x00, 0x00, 0x00, 0x02, 0xE0, 0x20, 0x00, 0x00, 0x00, 0xF0, 0x0C, 0x00, 0x00, 0x00,
    0x3C, 0x02, 0x80, 0x00, 0x00, 0x0F, 0x00, 0x70, 0x00, 0x00, 0x02, 0xC0, 0x0E, 0x00, 0x00, 0x00,
    0x34, 0x02, 0xC0, 0x00, 0x00, 0x03, 0x00, 0x7C, 0x00, 0x00, 0x00, 0x24, 0x0F, 0x40, 0x00, 0x00,
    0x00, 0xB9, 0xE0, 0x00, 0x00, 0x00, 0x00, 0x3C, 0x00, 0x00, 0x00, 0x00, 0x0B, 0xF4, 0x00, 0x00,
    0x00, 0x00, 0xF4, 0x80, 0x00, 0x00, 0x00, 0x3F, 0x01, 0x00, 0x00, 0x14, 0x0B, 0xC0, 0x00, 0x00,
    0x08, 0x01, 0xF4, 0x00, 0x00, 0x03, 0x00, 0x3E, 0x14, 0x00, 0x00, 0x90, 0x0F, 0x80, 0x00, 0x00,
    0x0C, 0x03, 0xD0, 0x00, 0x00, 0x00, 0xC1, 0xF0, 0x00, 0x00, 0x00, 0x07, 0xF4, 0x00, 0x00, 0x00,
    0x00, 0x00, 0x00, 0x00, 0x00, 0x00, 0x00, 0x18, 0x00, 0x00, 0x00, 0x00, 0x14, 0x00, 0x90, 0x00,
    0x00, 0x19, 0x00, 0x60, 0x03, 0x40, 0x00, 0x01, 0x4F, 0x02, 0xC0, 0x0E, 0x00, 0x00, 0x04, 0x2D,
    0x0B, 0x80, 0x3C, 0x00, 0x00, 0x20, 0x3C, 0x9F, 0x00, 0xB4, 0x00, 0x00, 0x40, 0x3E, 0x2F, 0x01,
    0xE0, 0x00, 0x00, 0x00, 0x00, 0x3D, 0x03, 0xC0, 0x00, 0x00, 0x00, 0x00, 0xBC, 0x0A, 0x00, 0x00,
    0x00, 0x00, 0x00, 0xFD, 0xF4, 0x00, 0x00, 0x00, 0x00, 0x02, 0xF4, 0x38, 0x00, 0x00, 0x00, 0x00,
    0x03, 0xF0, 0x3C, 0x00, 0x50, 0x00, 0x00, 0x0B, 0xD0, 0x7C, 0x01, 0x00, 0x2F, 0x00, 0x0F, 0xC0,
    0xFC, 0x04, 0x00, 0x7F, 0x00, 0x3F, 0x01, 0xFC, 0x10, 0x00, 0x70, 0x00, 0xBC, 0x02, 0xF4, 0x90,
    0x00, 0x20, 0x02, 0xF0, 0x02, 0xFF, 0x40, 0x00, 0x05, 0x6A, 0x00, 0x00, 0xF8, 0x00, 0x00, 0x00,
    0x00, 0x00, 0x00, 0x18, 0x00, 0x00, 0x00, 0x00, 0x00, 0x07, 0x40, 0x00, 0x00, 0x00, 0x00, 0x00,
    0xB4, 0x00, 0x00, 0x00, 0x00, 0x00, 0x1B, 0x00, 0x1D, 0x00, 0x00, 0x00, 0x04, 0xF0, 0x03, 0x80,
    0x00, 0x00, 0x00, 0x4F, 0x00, 0x80, 0x00, 0x00, 0x00, 0x20, 0xF0, 0x04, 0x00, 0x00, 0x00, 0x01,
    0x1F, 0x02, 0x00, 0x00, 0x00, 0x00, 0x81, 0xF0, 0x10, 0x00, 0x00, 0x00, 0x04, 0x2F, 0x08, 0x00,
    0x00, 0x00, 0x02, 0x02, 0xF4, 0x80, 0x00, 0x00, 0x00, 0x10, 0x2F, 0x50, 0x00, 0x0A, 0x00, 0x08,
    0x01, 0xF6, 0x00, 0x03, 0xF0, 0x01, 0x00, 0x1F, 0xD0, 0x00, 0x7F, 0x00, 0x50, 0x01, 0xFC, 0x00,
    0x07, 0x40, 0x04, 0x00, 0x0F, 0xC0, 0x00, 0x20, 0x05, 0x00, 0x00, 0xFC, 0x00, 0x01, 0x55, 0x00,
    0x00, 0x0E, 0x00, 0x00, 0x00, 0x00, 0x00, 0x00, 0x00, 0x00, 0x00, 0x00, 0x00, 0x01, 0xBF, 0x80,
    0x00, 0x02, 0xF4, 0x05, 0x00, 0x01, 0xF8, 0xBC, 0x00, 0x00, 0xBD, 0x74, 0x50, 0x00, 0x3F, 0x1C,
    0x02, 0x00, 0x0F, 0xD3, 0x00, 0x60, 0x03, 0xF8, 0x80, 0x09, 0x00, 0xBF, 0x18, 0x00, 0xC0, 0x1F,
    0xC2, 0x00, 0x28, 0x03, 0xF8, 0x50, 0x03, 0x00, 0x7F, 0x08, 0x00, 0xA0, 0x0F, 0xE0, 0x80, 0x1C,
    0x00, 0xFC, 0x10, 0x03, 0x00, 0x0F, 0xC2, 0x00, 0xD0, 0x00, 0xF8, 0x10, 0x34, 0x00, 0x0B, 0x40,
    0x0D, 0x00, 0x00, 0x3C, 0x0B, 0x00, 0x00, 0x00, 0xBF, 0x40, 0x00, 0x00, 0x00, 0x00, 0x01, 0x55,
    0x55, 0x54, 0x00, 0x00, 0x14, 0x00, 0x01, 0xA0, 0x00, 0x01, 0x00, 0x40, 0x28, 0x38, 0x00, 0x04,
    0x00, 0x80, 0xB0, 0x3C, 0x00, 0x10, 0x01, 0x82, 0xC0, 0x3C, 0x00, 0x40, 0x03, 0x47, 0x80, 0xBC,
    0x00, 0x40, 0x0B, 0x0F, 0x40, 0xF4, 0x00, 0x00, 0x2D, 0x2F, 0x03, 0xD0, 0x00, 0x81, 0xF8, 0x7E,
    0x1F, 0x00, 0x00, 0x2F, 0x90, 0xFE, 0x90, 0x00, 0x00, 0x00, 0x16, 0xFC, 0x00, 0x00, 0x00, 0x00,
    0x02, 0xF4, 0x00, 0x00, 0x09, 0x00, 0x03, 0xF0, 0x00, 0x00, 0x3F, 0x00, 0x0B, 0xC0, 0x00, 0x00,
    0x7F, 0x00, 0x1F, 0x40, 0x00, 0x00, 0x70, 0x00, 0x3D, 0x00, 0x00, 0x00, 0x20, 0x01, 0xF0, 0x00,
    0x00, 0x00, 0x05, 0x5A, 0x40, 0x00, 0x00, 0x00, 0x00, 0x00, 0x02, 0xFF, 0x40, 0x00, 0x00, 0x2D,
    0x03, 0xF0, 0x00, 0x01, 0xD0, 0x00, 0xF4, 0x00, 0x0A, 0x01, 0x00, 0xFC, 0x00, 0x24, 0x02, 0x41,
    0xFC, 0x00, 0x50, 0x03, 0x42, 0xFC, 0x00, 0x40, 0x03, 0x43, 0xF4, 0x01, 0x00, 0x0F, 0x07, 0xF0,
    0x01, 0x00, 0x2E, 0x0F, 0xD0, 0x02, 0x00, 0x7C, 0x1F, 0x80, 0x01, 0x42, 0xF4, 0x3E, 0x00, 0x00,
    0xBF, 0x80, 0xF8, 0x00, 0x00, 0x00, 0x02, 0xD0, 0x01, 0x00, 0x00, 0x0B, 0x40, 0x08, 0x0B, 0xF9,
    0x28, 0x00, 0x60, 0x10, 0x6F, 0xF4, 0x02, 0x40, 0x50, 0x1A, 0xFF, 0xFD, 0x00, 0x2F, 0x90, 0x2F,
    0xE0, 0x00, 0x00, 0x00, 0x01, 0xA5, 0x41, 0x58, 0x00, 0x00, 0x1E, 0x00, 0x0D, 0x05, 0x00, 0x00,
    0xB4, 0x00, 0x34, 0x06, 0x00, 0x02, 0xC0, 0x00, 0xE0, 0x09, 0x00, 0x03, 0x80, 0x03, 0xC0, 0x0C,
    0x00, 0x0B, 0x00, 0x0B, 0x80, 0x30, 0x00, 0x0B, 0x00, 0x0F, 0x40, 0x90, 0x00, 0x07, 0x00, 0x2F,
    0x02, 0x00, 0x00, 0x03, 0x00, 0x3E, 0x04, 0x00, 0x00, 0x00, 0x80, 0xBD, 0x40, 0x00, 0x00, 0x00,
    0x15, 0xFC, 0x00, 0x00, 0x00, 0x00, 0x02, 0xF8, 0x00, 0x00, 0x0A, 0x00, 0x03, 0xF0, 0x00, 0x00,
    0x3F, 0x40, 0x0B, 0xD0, 0x00, 0x00, 0x7E, 0x00, 0x0F, 0x80, 0x00, 0x00, 0x20, 0x00, 0x3E, 0x00,
    0x00, 0x00, 0x20, 0x00, 0xF4, 0x00, 0x00, 0x00, 0x05, 0x5A, 0x40, 0x00, 0x00, 0x00, 0x00, 0x00,
    0x01, 0xBF, 0xFF, 0xF8, 0x00, 0x00, 0x19, 0x00, 0x6B, 0xF8, 0x00, 0x00, 0x81, 0x00, 0x10, 0x00,
    0x00, 0x01, 0x01, 0x40, 0x60, 0x00, 0x00, 0x04, 0x02, 0x41, 0xD0, 0x00, 0x00, 0x10, 0x03, 0x43,
    0xC0, 0x00, 0x00, 0x10, 0x0B, 0x0B, 0x80, 0x00, 0x00, 0x10, 0x1E, 0x0F, 0x80, 0x00, 0x00, 0x20,
    0xB8, 0x2F, 0x40, 0x00, 0x00, 0x0F, 0xD0, 0x3F, 0x00, 0x00, 0x00, 0x00, 0x00, 0xBE, 0x00, 0x00,
    0x04, 0x00, 0x00, 0xFD, 0x00, 0x00, 0x2F, 0x00, 0x02, 0xFC, 0x00, 0x00, 0x3F, 0x00, 0x03, 0xF4,
    0x00, 0x00, 0x74, 0x00, 0x0F, 0xE0, 0x00, 0x00, 0x30, 0x00, 0x3F, 0x80, 0x00, 0x00, 0x19, 0x02,
    0xFD, 0x00, 0x00, 0x00, 0x02, 0xFF, 0x90, 0x00, 0x00, 0x00, 0x00, 0x00, 0x56, 0x90, 0x00, 0x00,
    0x00, 0x00, 0x50, 0x03, 0x80, 0x00, 0xFC, 0x00, 0x10, 0x00, 0x1C, 0x00, 0x2F, 0x40, 0x04, 0x08,
    0x01, 0xD0, 0x07, 0xF0, 0x01, 0x00, 0x80, 0x3D, 0x00, 0xFD, 0x00, 0x40, 0x0C, 0x03, 0xD0, 0x1F,
    0x80, 0x04, 0x01, 0xC0, 0xFC, 0x03, 0xF0, 0x01, 0x00, 0x2C, 0x2F, 0x40, 0xBE, 0x00, 0x10, 0x07,
    0x87, 0xF0, 0x0F, 0xC0, 0x01, 0x00, 0xF0, 0xFD, 0x03, 0xF4, 0x00, 0x30, 0x7C, 0x2F, 0x80, 0x7F,
    0x00, 0x01, 0xFE, 0x07, 0xF0, 0x0F, 0xC0, 0x00, 0x00, 0x00, 0xFC, 0x02, 0xF8, 0x00, 0x00, 0x00,
    0x2F, 0x80, 0x7F, 0x00, 0x00, 0x00, 0x03, 0xF0, 0x0B, 0xD0, 0x10, 0x00, 0x00, 0x3D, 0x02, 0x7C,
    0x08, 0x00, 0x00, 0x02, 0xC0, 0x87, 0x82, 0x00, 0x00, 0x00, 0x0A, 0x50, 0x2D, 0x40, 0x00, 0x00,
    0x00, 0x00, 0x20, 0x01, 0x40, 0x2E, 0x00, 0x70, 0x01, 0x40, 0x65, 0xC0, 0xB4, 0x00, 0x40, 0x60,
    0xD1, 0xAC, 0x00, 0x80, 0x50, 0xE7, 0x8E, 0x00, 0x40, 0x00, 0x2E, 0x0F, 0x00, 0x10, 0x00, 0x00,
    0x07, 0xC0, 0x20, 0x00, 0x00, 0x03, 0xE0, 0x14, 0x00, 0x00, 0x01, 0xF0, 0x08, 0x00, 0x00, 0x00,
    0xBC, 0x04, 0x00, 0x00, 0x00, 0x3E, 0x01, 0x00, 0x00, 0x00, 0x1F, 0x02, 0x00, 0x00, 0x00, 0x0B,
    0xC2, 0x00, 0x00, 0x00, 0x03, 0xD2, 0x00, 0x00, 0x00, 0x00, 0xE2, 0x00, 0x00, 0x00, 0x00, 0x32,
    0x00, 0x00, 0x00, 0x00, 0x29, 0x00, 0x00, 0x00, 0x00, 0x0C, 0x00, 0x00, 0x00, 0x00, 0x00, 0x00,
    0x6F, 0xD0, 0x00, 0x01, 0x40, 0x00, 0x01, 0xE0, 0x2E, 0x00, 0x01, 0xC0, 0x00, 0x02, 0x80, 0x03,
    0xC0, 0x01, 0xD0, 0x00, 0x02, 0x41, 0x00, 0xF8, 0x00, 0xF0, 0x00, 0x02, 0x00, 0x50, 0x3E, 0x00,
    0xF8, 0x00, 0x42, 0x00, 0x24, 0x0F, 0x80, 0xAC, 0x01, 0x41, 0x40, 0x0D, 0x0B, 0xC0, 0x9E, 0x01,
    0x40, 0x40, 0x0B, 0x03, 0xF0, 0x9F, 0x41, 0x40, 0x10, 0x07, 0xC2, 0xF0, 0x9B, 0xC0, 0x80, 0x04,
    0x07, 0xC0, 0xF8, 0x93, 0xD0, 0x80, 0x02, 0x0B, 0xD0, 0xF8, 0x92, 0xF0, 0x80, 0x00, 0x2F, 0x80,
    0xB8, 0x80, 0xF8, 0x40, 0x00, 0x00, 0x00, 0x78, 0x80, 0x7D, 0x20, 0x00, 0x00, 0x00, 0x78, 0x80,
    0x2F, 0x20, 0x00, 0x00, 0x00, 0x39, 0x40, 0x0F, 0xA4, 0x00, 0x00, 0x00, 0x39, 0x00, 0x03, 0xE8,
    0x00, 0x00, 0x00, 0x39, 0x00, 0x00, 0xBC, 0x00, 0x00, 0x00, 0x34, 0x00, 0x00, 0x0D, 0x00, 0x00,
    0x00, 0x00, 0x00, 0x0B, 0xF8, 0x00, 0x00, 0x00, 0x00, 0x74, 0x0F, 0x00, 0xBC, 0x00, 0x02, 0x80,
    0x07, 0x82, 0xBE, 0x00, 0x09, 0x02, 0x03, 0xC4, 0x3C, 0x00, 0x24, 0x03, 0x07, 0xC4, 0x00, 0x00,
    0x50, 0x07, 0x0B, 0xE0, 0x00, 0x00, 0x80, 0x0E, 0x0F, 0xC0, 0x00, 0x01, 0x00, 0x1D, 0x1F, 0x80,
    0x00, 0x01, 0x00, 0x3C, 0x3F, 0x00, 0x00, 0x01, 0x00, 0xB4, 0x7E, 0x00, 0x00, 0x01, 0x42, 0xD0,
    0xFC, 0x00, 0x10, 0x00, 0xBF, 0x42, 0xF8, 0x00, 0x80, 0x00, 0x00, 0x07, 0xE0, 0x02, 0x00, 0x1F,
    0x00, 0x1F, 0x90, 0x08, 0x00, 0x3F, 0x80, 0x3E, 0x10, 0x20, 0x00, 0x5B, 0x01, 0xF4, 0x40, 0x80,
    0x00, 0x24, 0x1B, 0xC0, 0x53, 0x00, 0x00, 0x0B, 0xF9, 0x00, 0x3C, 0x00, 0x00, 0x00, 0x02, 0xFE,
    0x00, 0x00, 0x20, 0x00, 0x74, 0x0E, 0x00, 0x03, 0x80, 0x09, 0x00, 0x2C, 0x00, 0x38, 0x00, 0x80,
    0x40, 0xF0, 0x02, 0xC0, 0x04, 0x06, 0x0B, 0xC0, 0x2D, 0x00, 0x40, 0x34, 0x7D, 0x02, 0xF0, 0x01,
    0x02, 0xC3, 0xF0, 0x1F, 0x40, 0x08, 0x3C, 0x2F, 0x00, 0xFC, 0x00, 0x2F, 0x80, 0xF4, 0x0B, 0xE0,
    0x00, 0x00, 0x07, 0xC0, 0x7F, 0x00, 0x00, 0x00, 0x0D, 0x15, 0xF8, 0x00, 0x00, 0x00, 0x19, 0x0F,
    0xD0, 0x00, 0x01, 0x80, 0x00, 0x7F, 0x00, 0x00, 0x1F, 0xC0, 0x03, 0xF0, 0x00, 0x00, 0xFD, 0x00,
    0x2F, 0x40, 0x00, 0x02, 0x40, 0x01, 0xF4, 0x00, 0x00, 0x02, 0x00, 0x1F, 0x00, 0x00, 0x00, 0x02,
    0x56, 0x90, 0x00, 0x00, 0x00, 0x00, 0x02, 0xFE, 0x00, 0x0B, 0x00, 0x1F, 0xFF, 0xD0, 0x15, 0x00,
    0x30, 0x0B, 0xF4, 0x21, 0x00, 0x80, 0x00, 0xFD, 0x54, 0x00, 0x40, 0x00, 0x16, 0x80, 0x01, 0x00,
    0x00, 0x00, 0x40, 0x01, 0x00, 0x00, 0x01, 0x00, 0x01, 0x00, 0x00, 0x04, 0x00, 0x00, 0x00, 0x00,
    0x04, 0x00, 0x00, 0x00, 0x00, 0x20, 0x00, 0x00, 0x02, 0xF8, 0x80, 0x01, 0x00, 0x09, 0x07, 0x00,
    0x00, 0x00, 0x04, 0x2A, 0xC0, 0x00, 0x00, 0x0F, 0x82, 0xE0, 0x00, 0x00, 0x00, 0x03, 0xF1, 0x00,
    0x00, 0x00, 0x03, 0xF4, 0x00, 0x00, 0x00, 0x0B, 0xD0, 0x00, 0x00, 0x06, 0xEF, 0xC0, 0x00, 0x00,
    0xA4, 0x2F, 0x40, 0x00, 0x06, 0x00, 0x7E, 0x00, 0x00, 0x24, 0x00, 0xFC, 0x00, 0x00, 0x40, 0x02,
    0xF0, 0x00, 0x00, 0x80, 0x0B, 0xC0, 0x00, 0x00, 0x80, 0x2E, 0x00, 0x00, 0x00, 0x81, 0xF4, 0x00,
    0x00, 0x00, 0x3F, 0x40, 0x00, 0x00, 0x00, 0x00, 0x0B, 0xFC, 0x00, 0x00, 0x00, 0xFF, 0xD0, 0x00,
    0x00, 0x1F, 0x4E, 0x00, 0x00, 0x02, 0xF8, 0xB0, 0x00, 0x00, 0x39, 0xC3, 0x40, 0x00, 0x07, 0x0D,
    0x2C, 0x00, 0x00, 0xF0, 0xB1, 0xC0, 0x00, 0x0D, 0x03, 0x4E, 0x00, 0x01, 0xC0, 0x38, 0xB0, 0x00,
    0x38, 0x01, 0xC3, 0x40, 0x03, 0x00, 0x0E, 0x28, 0x00, 0xBF, 0xFF, 0xF1, 0xC0, 0x0F, 0xFF, 0xFF,
    0x4D, 0x01, 0xD0, 0x00, 0x38, 0xB0, 0x2C, 0x00, 0x02, 0xC3, 0x03, 0x80, 0x00, 0x0E, 0x28, 0x70,
    0x00, 0x00, 0xFF, 0xCA, 0x00, 0x00, 0x07, 0xFD, 0x3F, 0xFF, 0xFE, 0x40, 0xFF, 0xFF, 0xFF, 0x43,
    0x4D, 0x02, 0xCF, 0x0D, 0x34, 0x0B, 0x0D, 0x34, 0xD0, 0x2C, 0x34, 0xD3, 0x40, 0xB0, 0xD3, 0x4D,
    0x02, 0xCF, 0x0D, 0x3F, 0xFF, 0xF0, 0x34, 0xFF, 0xFF, 0x80, 0xD3, 0x40, 0xB7, 0x83, 0x4D, 0x02,
    0xC7, 0x0D, 0x34, 0x0B, 0x0D, 0x34, 0xD0, 0x2C, 0x34, 0xD3, 0x40, 0xB0, 0xD3, 0x4D, 0x02, 0xC7,
    0x0D, 0x34, 0x0B, 0x7C, 0x3F, 0xFF, 0xFF, 0xC0, 0xFF, 0xFF, 0xF8, 0x00, 0x3F, 0xFF, 0xF8, 0x00,
    0x0F, 0xFF, 0xFF, 0xE0, 0x03, 0x4D, 0x00, 0xBE, 0x00, 0xD3, 0x40, 0x0F, 0xE0, 0x34, 0xD0, 0x03,
    0x6C, 0x0D, 0x34, 0x00, 0xD3, 0x83, 0x4D, 0x00, 0x34, 0xB0, 0xD3, 0x40, 0x0D, 0x1C, 0x34, 0xD0,
    0x03, 0x47, 0x0D, 0x34, 0x00, 0xD1, 0xC3, 0x4D, 0x00, 0x34, 0x70, 0xD3, 0x40, 0x0D, 0x2C, 0x34,
    0xD0, 0x03, 0x4E, 0x0D, 0x34, 0x00, 0xD7, 0x03, 0x4D, 0x00, 0x3B, 0x80, 0xD3, 0x40, 0x1F, 0xC0,
    0x3F, 0xFF, 0xFF, 0x80, 0x0F, 0xFF, 0xFE, 0x00, 0x00, 0x3F, 0xFF, 0xFF, 0x3F, 0xFF, 0xFE, 0x34,
    0xD0, 0x00, 0x34, 0xD0, 0x00, 0x34, 0xD0, 0x00, 0x34, 0xD0, 0x00, 0x34, 0xD0, 0x00, 0x34, 0xFF,
    0xF8, 0x34, 0xFF, 0xFC, 0x34, 0xD0, 0x00, 0x34, 0xD0, 0x00, 0x34, 0xD0, 0x00, 0x34, 0xD0, 0x00,
    0x34, 0xD0, 0x00, 0x34, 0xD0, 0x00, 0x34, 0xD0, 0x00, 0x3F, 0xFF, 0xFE, 0x3F, 0xFF, 0xFF, 0x3F,
    0xFF, 0xFF, 0x3F, 0xFF, 0xFE, 0x34, 0xD0, 0x00, 0x34, 0xD0, 0x00, 0x34, 0xD0, 0x00, 0x34, 0xD0,
    0x00, 0x34, 0xD0, 0x00, 0x34, 0xFF, 0xF0, 0x34, 0xFF, 0xF4, 0x34, 0xD0, 0x00, 0x34, 0xD0, 0x00,
    0x34, 0xD0, 0x00, 0x34, 0xD0, 0x00, 0x34, 0xD0, 0x00, 0x34, 0xD0, 0x00, 0x34, 0xD0, 0x00, 0x3F,
    0xD0, 0x00, 0x3F, 0xD0, 0x00, 0x00, 0x1B, 0xFE, 0x40, 0x00, 0xFF, 0xFF, 0xF8, 0x07, 0xE0, 0x00,
    0x64, 0x0F, 0xC0, 0x00, 0x00, 0x2D, 0xC0, 0x00, 0x00, 0x35, 0xC0, 0x00, 0x00, 0x71, 0xC0, 0x00,
    0x00, 0xB1, 0xC0, 0x00, 0x00, 0xA1, 0xC0, 0xFF, 0xFC, 0xA1, 0xC0, 0xBF, 0xFC, 0xB1, 0xC0, 0x07,
    0x1C, 0xB1, 0xC0, 0x07, 0x1C, 0x75, 0xC0, 0x07, 0x1C, 0x3D, 0xC0, 0x07, 0x1C, 0x1F, 0xC0, 0x07,
    0x1C, 0x0B, 0xD0, 0x07, 0x6C, 0x02, 0xFF, 0xFF, 0xFC, 0x00, 0x1B, 0xFF, 0x90, 0x3F, 0xD3, 0xFD,
    0x34, 0xD3, 0x4D, 0x34, 0xD3, 0x4D, 0x34, 0xD3, 0x4D, 0x34, 0xD3, 0x4D, 0x34, 0xD3, 0x4D, 0x34,
    0xD3, 0x4D, 0x34, 0xD3, 0x4D, 0x3F, 0xD3, 0xFD, 0x00, 0xBF, 0x80, 0x2F, 0xE0, 0x0A, 0x28, 0x02,
    0x8A, 0x00, 0xA2, 0x80, 0x28, 0xA0, 0x0A, 0x28, 0x02, 0x8A, 0x00, 0xA2, 0x80, 0x28, 0xA0, 0x0A,
    0x28, 0x02, 0x8A, 0x00, 0xA3, 0x80, 0x28, 0xD0, 0x0A, 0x75, 0x02, 0xFC, 0xFF, 0xFD, 0x1B, 0xF8,
    0x00, 0x3F, 0xD0, 0x00, 0xF0, 0x39, 0xD0, 0x03, 0xC0, 0x34, 0xD0, 0x0F, 0x00, 0x34, 0xD0, 0x3C,
    0x00, 0x34, 0xD0, 0xF0, 0x00, 0x34, 0xD3, 0xC0, 0x00, 0x34, 0xDF, 0x40, 0x00, 0x34, 0xFE, 0xC0,
    0x00, 0x34, 0xF4, 0xE0, 0x00, 0x34, 0xF8, 0x70, 0x00, 0x34, 0xDD, 0x2C, 0x00, 0x34, 0xDB, 0x0D,
    0x00, 0x34, 0xD3, 0x87, 0x00, 0x34, 0xD1, 0xC3, 0x80, 0x34, 0xD0, 0xB1, 0xD0, 0x34, 0xD0, 0x34,
    0xB0, 0x39, 0xD0, 0x2D, 0x74, 0x3F, 0xD0, 0x0F, 0xFC, 0x3F, 0xD0, 0x00, 0x3F, 0xD0, 0x00, 0x34,
    0xD0, 0x00, 0x34, 0xD0, 0x00, 0x34, 0xD0, 0x00, 0x34, 0xD0, 0x00, 0x34, 0xD0, 0x00, 0x34, 0xD0,
    0x00, 0x34, 0xD0, 0x00, 0x34, 0xD0, 0x00, 0x34, 0xD0, 0x00, 0x34, 0xD0, 0x00, 0x34, 0xD0, 0x00,
    0x34, 0xD0, 0x00, 0x34, 0xD0, 0x00, 0x34, 0xD0, 0x00, 0x3F, 0xFF, 0xFE, 0x3F, 0xFF, 0xFF, 0x3F,
    0xF0, 0x00, 0x02, 0xFF, 0x3F, 0xF0, 0x00, 0x03, 0xFF, 0x3C, 0x38, 0x00, 0x03, 0xC7, 0x3E, 0x2C,
    0x00, 0x0B, 0xC7, 0x3B, 0x1D, 0x00, 0x0F, 0xC7, 0x37, 0x4E, 0x00, 0x1E, 0xC7, 0x36, 0xC7, 0x00,
    0x2D, 0xC7, 0x35, 0xC3, 0x80, 0x39, 0xC7, 0x34, 0xE2, 0xC0, 0x75, 0xC7, 0x34, 0xB0, 0xD0, 0xB1,
    0xC7, 0x34, 0x34, 0xE0, 0xE1, 0xC7, 0x34, 0x3C, 0x71, 0xC1, 0xC7, 0x34, 0x1D, 0x36, 0xC1, 0xC7,
    0x34, 0x0E, 0x2F, 0x81, 0xC7, 0x34, 0x0B, 0xFF, 0x01, 0xC7, 0x34, 0x03, 0xFF, 0x01, 0xC7, 0x34,
    0x00, 0x00, 0x01, 0xFF, 0x34, 0x00, 0x00, 0x01, 0xFF, 0x00, 0x2F, 0xFE, 0x00, 0x00, 0x79, 0x01,
    0xB4, 0x00, 0xBC, 0x00, 0x0F, 0x80, 0x77, 0x00, 0x03, 0x74, 0x38, 0xC0, 0x00, 0xCB, 0x0C, 0x30,
    0x00, 0x30, 0xCB, 0x0C, 0x00, 0x0C, 0x36, 0x83, 0x00, 0x03, 0x0A, 0xA0, 0xC0, 0x00, 0xC2, 0xA8,
    0x30, 0x00, 0x30, 0xAA, 0x0C, 0x00, 0x0C, 0x29, 0xC3, 0x00, 0x03, 0x0D, 0x30, 0xC0, 0x00, 0xC3,
    0x0D, 0x30, 0x00, 0x32, 0xC1, 0xDC, 0x00, 0x0D, 0xD0, 0x2F, 0x00, 0x03, 0xE0, 0x01, 0xE4, 0x02,
    0xE0, 0x00, 0x0B, 0xFF, 0x80, 0x00, 0x01, 0xBF, 0xE0, 0x02, 0xFF, 0xFF, 0x41, 0xFB, 0x01, 0x90,
    0xF1, 0xC0, 0x00, 0x34, 0x70, 0x00, 0x0D, 0x1C, 0x00, 0x02, 0xC7, 0x00, 0x00, 0x2E, 0xC0, 0x00,
    0x01, 0xF9, 0x00, 0x00, 0x01, 0xF8, 0x00, 0x00, 0x3A, 0xC0, 0x00, 0x0E, 0x28, 0x00, 0x03, 0x87,
    0x00, 0x00, 0xE1, 0xC0, 0x00, 0x38, 0xB0, 0x90, 0x0E, 0xF4, 0x3F, 0xFF, 0xF8, 0x02, 0xFF, 0xE0,
    0x00, 0xFF, 0xFF, 0xFF, 0xFB, 0xFF, 0xFF, 0xFF, 0xE0, 0x03, 0x8E, 0x00, 0x00, 0x0E, 0x38, 0x00,
    0x00, 0x38, 0xE0, 0x00, 0x00, 0xE3, 0x80, 0x00, 0x03, 0x8E, 0x00, 0x00, 0x0E, 0x38, 0x00, 0x00,
    0x38, 0xE0, 0x00, 0x00, 0xE3, 0x80, 0x00, 0x03, 0x8E, 0x00, 0x00, 0x0E, 0x38, 0x00, 0x00, 0x38,
    0xE0, 0x00, 0x00, 0xE3, 0x80, 0x00, 0x03, 0x8E, 0x00, 0x00, 0x0E, 0x38, 0x00, 0x00, 0x3F, 0xE0,
    0x00, 0x00, 0xFF, 0x80, 0x00, 0x7F, 0xC0, 0x00, 0xA7, 0xFC, 0x00, 0x0A, 0x71, 0xC0, 0x00, 0xA7,
    0x1C, 0x00, 0x0A, 0x71, 0xC0, 0x00, 0xA7, 0x1C, 0x00, 0x0A, 0x71, 0xC0, 0x00, 0xA7, 0x1C, 0x00,
    0x0A, 0x71, 0xC0, 0x00, 0xA7, 0x1C, 0x00, 0x0A, 0x71, 0xC0, 0x00, 0xA3, 0x1C, 0x00, 0x0A, 0x31,
    0xC0, 0x00, 0xE3, 0x5C, 0x00, 0x0D, 0x39, 0xC0, 0x02, 0xC2, 0xEC, 0x00, 0xB8, 0x0F, 0xFF, 0xFF,
    0x00, 0x1B, 0xFE, 0x40, 0xBF, 0xC0, 0x00, 0x03, 0x5F, 0xF4, 0x00, 0x01, 0xC3, 0x4E, 0x00, 0x00,
    0xB0, 0xA2, 0xC0, 0x00, 0x34, 0x1C, 0x34, 0x00, 0x1C, 0x03, 0x4E, 0x00, 0x0B, 0x00, 0xB1, 0xC0,
    0x03, 0x40, 0x0C, 0x34, 0x01, 0xC0, 0x03, 0x8B, 0x00, 0xB0, 0x00, 0x71, 0xC0, 0x38, 0x00, 0x0D,
    0x38, 0x1C, 0x00, 0x03, 0x8B, 0x0B, 0x00, 0x00, 0x70, 0xD3, 0x80, 0x00, 0x0D, 0x39, 0xC0, 0x00,
    0x02, 0xC7, 0xB0, 0x00, 0x00, 0x70, 0xF8, 0x00, 0x00, 0x0F, 0xFD, 0x00, 0x00, 0x02, 0xFF, 0x00,
    0x00, 0xFF, 0x80, 0x00, 0x00, 0x00, 0x1C, 0xBF, 0xC0, 0x03, 0xFD, 0x00, 0x2C, 0x71, 0xC0, 0x07,
    0xFE, 0x00, 0x38, 0x30, 0xD0, 0x0B, 0x8B, 0x00, 0x34, 0x34, 0xE0, 0x0F, 0xC7, 0x00, 0x70, 0x28,
    0xB0, 0x0E, 0xC7, 0x00, 0xA0, 0x1C, 0x70, 0x1C, 0xD3, 0x40, 0xD0, 0x0C, 0x34, 0x2C, 0xE3, 0x80,
    0xC0, 0x0D, 0x38, 0x38, 0xB2, 0xC1, 0xC0, 0x0A, 0x28, 0x34, 0x71, 0xC2, 0x80, 0x07, 0x1C, 0x70,
    0x30, 0xD3, 0x40, 0x07, 0x0C, 0xB0, 0x34, 0xD7, 0x00, 0x03, 0x4D, 0xE0, 0x38, 0xAB, 0x00, 0x03,
    0x8A, 0xD0, 0x2C, 0x7E, 0x00, 0x02, 0xC7, 0xC0, 0x1C, 0x3D, 0x00, 0x01, 0xC3, 0xC0, 0x0D, 0x3C,
    0x00, 0x00, 0xFF, 0x80, 0x0F, 0xFC, 0x00, 0x00, 0xFF, 0x40, 0x0B, 0xF8, 0x00, 0x3F, 0xF0, 0x00,
    0x0D, 0x0B, 0x5D, 0x00, 0x0E, 0x00, 0xE1, 0xC0, 0x0B, 0x00, 0x1C, 0x38, 0x07, 0x40, 0x02, 0xC3,
    0x43, 0x80, 0x00, 0x34, 0xB2, 0xC0, 0x00, 0x0B, 0x0E, 0xD0, 0x00, 0x00, 0xE1, 0xE0, 0x00, 0x00,
    0x1D, 0x2C, 0x00, 0x00, 0x02, 0xC3, 0x40, 0x00, 0x00, 0x78, 0x70, 0x00, 0x00, 0x3F, 0x0E, 0x00,
    0x00, 0x2C, 0xF0, 0xD0, 0x00, 0x1D, 0x0D, 0x2C, 0x00, 0x0E, 0x02, 0xC3, 0x80, 0x0B, 0x00, 0x38,
    0x70, 0x07, 0x00, 0x07, 0x5F, 0x03, 0x80, 0x00, 0xBF, 0xD0, 0xBF, 0xD0, 0x00, 0x0E, 0x3F, 0xF0,
    0x00, 0x2C, 0x28, 0x74, 0x00, 0x34, 0x0D, 0x3C, 0x00, 0xF0, 0x07, 0x0D, 0x01, 0xC0, 0x03, 0x4B,
    0x03, 0x80, 0x01, 0xC3, 0x8B, 0x00, 0x00, 0xE1, 0xDD, 0x00, 0x00, 0x70, 0xF8, 0x00, 0x00, 0x2C,
    0x70, 0x00, 0x00, 0x0C, 0x30, 0x00, 0x00, 0x0C, 0x30, 0x00, 0x00, 0x0C, 0x30, 0x00, 0x00, 0x0C,
    0x30, 0x00, 0x00, 0x0C, 0x30, 0x00, 0x00, 0x0C, 0x30, 0x00, 0x00, 0x0F, 0xF0, 0x00, 0x00, 0x0F,
    0xF0, 0x00,
};

static const EpdGlyph notosans_12_boldGlyphs[] = {
    { 0, 0, 0, 0, 0, 0, 0 }, //  
    { 0, 0, 7, 0, 0, 0, 0 }, // 
    { 0, 0, 7, 0, 0, 0, 0 }, //  
    { 5, 19, 7, 1, 18, 24, 0 }, // !
    { 10, 7, 12, 1, 18, 18, 24 }, // "
    { 16, 18, 16, 0, 18, 72, 42 }, // #
    { 13, 21, 14, 1, 19, 69, 114 }, // $
    { 22, 20, 23, 0, 19, 110, 183 }, // %
    { 18, 20, 19, 1, 19, 90, 293 }, // &
    { 5, 7, 7, 1, 18, 9, 383 }, // '
    { 7, 22, 8, 1, 18, 39, 392 }, // (
    { 8, 22, 8, 0, 18, 44, 431 }, // )
    { 13, 12, 14, 0, 19, 39, 475 }, // *
    { 13, 13, 14, 1, 15, 43, 514 }, // +
    { 6, 7, 7, 0, 3, 11, 557 }, // ,
    { 8, 4, 8, 0, 9, 8, 568 }, // -
    { 5, 5, 7, 1, 4, 7, 576 }, // .
    { 11, 19, 10, 0, 18, 53, 583 }, // /
    { 14, 20, 14, 0, 19, 70, 636 }, // 0
    { 10, 18, 14, 1, 18, 45, 706 }, // 1
    { 14, 19, 14, 0, 19, 67, 751 }, // 2
    { 14, 20, 14, 0, 19, 70, 818 }, // 3
    { 14, 18, 14, 0, 18, 63, 888 }, // 4
    { 13, 19, 14, 1, 18, 62, 951 }, // 5
    { 14, 20, 14, 0, 19, 70, 1013 }, // 6
    { 14, 18, 14, 0, 18, 63, 1083 }, // 7
    { 14, 20, 14, 0, 19, 70, 1146 }, // 8
    { 14, 20, 14, 0, 19, 70, 1216 }, // 9
    { 5, 15, 7, 1, 14, 19, 1286 }, // :
    { 6, 18, 7, 0, 14, 27, 1305 }, // ;
    { 13, 14, 14, 1, 16, 46, 1332 }, // <
    { 13, 8, 14, 1, 13, 26, 1378 }, // =
    { 13, 14, 14, 1, 16, 46, 1404 }, // >
    { 12, 20, 12, 0, 19, 60, 1450 }, // ?
    { 21, 20, 22, 1, 18, 105, 1510 }, // @
    { 18, 18, 17, 0, 18, 81, 1615 }, // A
    { 14, 18, 17, 2, 18, 63, 1696 }, // B
    { 15, 20, 16, 1, 19, 75, 1759 }, // C
    { 15, 18, 18, 2, 18, 68, 1834 }, // D
    { 11, 18, 14, 2, 18, 50, 1902 }, // E
    { 11, 18, 14, 2, 18, 50, 1952 }, // F
    { 16, 20, 18, 1, 19, 80, 2002 }, // G
    { 15, 18, 19, 2, 18, 68, 2082 }, // H
    { 9, 18, 10, 0, 18, 41, 2150 }, // I
    { 9, 24, 8, -2, 18, 54, 2191 }, // J
    { 15, 18, 17, 2, 18, 68, 2245 }, // K
    { 12, 18, 14, 2, 18, 54, 2313 }, // L
    { 20, 18, 24, 2, 18, 90, 2367 }, // M
    { 17, 18, 20, 2, 18, 77, 2457 }, // N
    { 18, 20, 20, 1, 19, 90, 2534 }, // O
    { 13, 18, 16, 2, 18, 59, 2624 }, // P
    { 18, 24, 20, 1, 19, 108, 2683 }, // Q
    { 15, 18, 16, 2, 18, 68, 2791 }, // R
    { 12, 20, 14, 1, 19, 60, 2859 }, // S
    { 14, 18, 14, 0, 18, 63, 2919 }, // T
    { 15, 19, 19, 2, 18, 72, 2982 }, // U
    { 17, 18, 16, 0, 18, 77, 3054 }, // V
    { 25, 18, 24, 0, 18, 113, 3131 }, // W
    { 17, 18, 17, 0, 18, 77, 3244 }, // X
    { 16, 18, 16, 0, 18, 72, 3321 }, // Y
    { 14, 18, 14, 0, 18, 63, 3393 }, // Z
    { 7, 22, 8, 1, 18, 39, 3456 }, // [
    { 11, 19, 10, 0, 18, 53, 3495 }, // <backslash>
    { 7, 22, 8, 0, 18, 39, 3548 }, // ]
    { 14, 12, 14, 0, 18, 42, 3587 }, // ^
    { 12, 2, 10, -1, -2, 6, 3629 }, // _
    { 8, 5, 9, 1, 20, 10, 3635 }, // `
    { 13, 15, 15, 1, 14, 49, 3645 }, // a
    { 14, 20, 16, 1, 19, 70, 3694 }, // b
    { 12, 15, 13, 1, 14, 45, 3764 }, // c
    { 13, 20, 16, 1, 19, 65, 3809 }, // d
    { 13, 15, 15, 1, 14, 49, 3874 }, // e
    { 11, 20, 10, 0, 20, 55, 3923 }, // f
    { 13, 20, 16, 1, 14, 65, 3978 }, // g
    { 14, 19, 16, 1, 19, 67, 4043 }, // h
    { 5, 20, 7, 1, 20, 25, 4110 }, // i
    { 8, 26, 7, -2, 20, 52, 4135 }, // j
    { 15, 19, 16, 1, 19, 72, 4187 }, // k
    { 5, 19, 7, 1, 19, 24, 4259 }, // l
    { 22, 14, 24, 1, 14, 77, 4283 }, // m
    { 14, 14, 16, 1, 14, 49, 4360 }, // n
    { 14, 15, 16, 1, 14, 53, 4409 }, // o
    { 14, 20, 16, 1, 14, 70, 4462 }, // p
    { 13, 20, 16, 1, 14, 65, 4532 }, // q
    { 10, 14, 11, 1, 14, 35, 4597 }, // r
    { 11, 15, 13, 1, 14, 42, 4632 }, // s
    { 11, 18, 11, 0, 17, 50, 4674 }, // t
    { 14, 15, 16, 1, 14, 53, 4724 }, // u
    { 15, 14, 14, 0, 14, 53, 4777 }, // v
    { 22, 14, 21, 0, 14, 77, 4830 }, // w
    { 15, 14, 14, 0, 14, 53, 4907 }, // x
    { 15, 20, 14, 0, 14, 75, 4960 }, // y
    { 12, 14, 12, 0, 14, 42, 5035 }, // z
    { 9, 22, 10, 0, 18, 50, 5077 }, // {
    { 4, 25, 14, 5, 19, 25, 5127 }, // |
    { 9, 22, 10, 1, 18, 50, 5152 }, // }
    { 13, 5, 14, 1, 11, 17, 5202 }, // ~
    { 0, 0, 7, 0, 0, 0, 5219 }, //  
    { 5, 19, 7, 1, 14, 24, 5219 }, // ¡
    { 12, 20, 14, 1, 19, 60, 5243 }, // ¢
    { 13, 19, 14, 1, 19, 62, 5303 }, // £
    { 12, 12, 14, 1, 15, 36, 5365 }, // ¤
    { 15, 18, 14, 0, 18, 68, 5401 }, // ¥
    { 4, 25, 14, 5, 19, 25, 5469 }, // ¦
    { 10, 21, 12, 1, 20, 53, 5494 }, // §
    { 9, 4, 15, 3, 19, 9, 5547 }, // ¨
    { 19, 20, 21, 1, 19, 95, 5556 }, // ©
    { 9, 10, 10, 0, 19, 23, 5651 }, // ª
    { 15, 12, 15, 0, 13, 45, 5674 }, // «
    { 13, 8, 14, 1, 11, 26, 5719 }, // ¬
    { 8, 4, 8, 0, 9, 8, 5745 }, // ­
    { 19, 20, 21, 1, 19, 95, 5753 }, // ®
    { 14, 3, 13, -1, 22, 11, 5848 }, // ¯
    { 9, 10, 11, 1, 19, 23, 5859 }, // °
    { 13, 16, 14, 1, 16, 52, 5882 }, // ±
    { 9, 12, 9, 0, 22, 27, 5934 }, // ²
    { 9, 12, 10, 0, 22, 27, 5961 }, // ³
    { 8, 5, 9, 1, 20, 10, 5988 }, // ´
    { 14, 20, 16, 1, 14, 70, 5998 }, // µ
    { 14, 23, 16, 1, 19, 81, 6068 }, // ¶
    { 5, 5, 7, 1, 11, 7, 6149 }, // ·
    { 7, 6, 7, 0, 0, 11, 6156 }, // ¸
    { 7, 12, 10, 0, 22, 21, 6167 }, // ¹
    { 9, 10, 10, 0, 19, 23, 6188 }, // º
    { 15, 12, 15, 0, 13, 45, 6211 }, // »
    { 21, 18, 21, 0, 18, 95, 6256 }, // ¼
    { 21, 18, 22, 0, 18, 95, 6351 }, // ½
    { 20, 19, 21, 1, 19, 95, 6446 }, // ¾
    { 12, 19, 12, 0, 14, 57, 6541 }, // ¿
    { 18, 24, 17, 0, 24, 108, 6598 }, // À
    { 18, 24, 17, 0, 24, 108, 6706 }, // Á
    { 18, 24, 17, 0, 24, 108, 6814 }, // Â
    { 18, 23, 17, 0, 23, 104, 6922 }, // Ã
    { 18, 23, 17, 0, 23, 104, 7026 }, // Ä
    { 18, 22, 17, 0, 22, 99, 7130 }, // Å
    { 23, 18, 24, 0, 18, 104, 7229 }, // Æ
    { 15, 25, 16, 1, 19, 94, 7333 }, // Ç
    { 11, 24, 14, 2, 24, 66, 7427 }, // È
    { 11, 24, 14, 2, 24, 66, 7493 }, // É
    { 11, 24, 14, 2, 24, 66, 7559 }, // Ê
    { 11, 23, 14, 2, 23, 64, 7625 }, // Ë
    { 9, 24, 10, 0, 24, 54, 7689 }, // Ì
    { 10, 24, 10, 0, 24, 60, 7743 }, // Í
    { 11, 24, 10, -1, 24, 66, 7803 }, // Î
    { 10, 23, 10, 0, 23, 58, 7869 }, // Ï
    { 17, 18, 18, 0, 18, 77, 7927 }, // Ð
    { 17, 23, 20, 2, 23, 98, 8004 }, // Ñ
    { 18, 25, 20, 1, 24, 113, 8102 }, // Ò
    { 18, 25, 20, 1, 24, 113, 8215 }, // Ó
    { 18, 25, 20, 1, 24, 113, 8328 }, // Ô
    { 18, 24, 20, 1, 23, 108, 8441 }, // Õ
    { 18, 24, 20, 1, 23, 108, 8549 }, // Ö
    { 12, 12, 14, 1, 15, 36, 8657 }, // ×
    { 18, 21, 20, 1, 19, 95, 8693 }, // Ø
    { 15, 25, 19, 2, 24, 94, 8788 }, // Ù
    { 15, 25, 19, 2, 24, 94, 8882 }, // Ú
    { 15, 25, 19, 2, 24, 94, 8976 }, // Û
    { 15, 24, 19, 2, 23, 90, 9070 }, // Ü
    { 16, 24, 16, 0, 24, 96, 9160 }, // Ý
    { 13, 18, 16, 2, 18, 59, 9256 }, // Þ
    { 16, 21, 18, 1, 20, 84, 9315 }, // ß
    { 13, 21, 15, 1, 20, 69, 9399 }, // à
    { 13, 21, 15, 1, 20, 69, 9468 }, // á
    { 13, 21, 15, 1, 20, 69, 9537 }, // â
    { 13, 20, 15, 1, 19, 65, 9606 }, // ã
    { 13, 20, 15, 1, 19, 65, 9671 }, // ä
    { 13, 22, 15, 1, 21, 72, 9736 }, // å
    { 21, 15, 23, 1, 14, 79, 9808 }, // æ
    { 12, 20, 13, 1, 14, 60, 9887 }, // ç
    { 13, 21, 15, 1, 20, 69, 9947 }, // è
    { 13, 21, 15, 1, 20, 69, 10016 }, // é
    { 13, 21, 15, 1, 20, 69, 10085 }, // ê
    { 13, 20, 15, 1, 19, 65, 10154 }, // ë
    { 9, 20, 7, -1, 20, 45, 10219 }, // ì
    { 8, 20, 7, 1, 20, 40, 10264 }, // í
    { 11, 20, 7, -2, 20, 55, 10304 }, // î
    { 10, 19, 7, -1, 19, 48, 10359 }, // ï
    { 14, 21, 16, 1, 20, 74, 10407 }, // ð
    { 14, 19, 16, 1, 19, 67, 10481 }, // ñ
    { 14, 21, 16, 1, 20, 74, 10548 }, // ò
    { 14, 21, 16, 1, 20, 74, 10622 }, // ó
    { 14, 21, 16, 1, 20, 74, 10696 }, // ô
    { 14, 20, 16, 1, 19, 70, 10770 }, // õ
    { 14, 20, 16, 1, 19, 70, 10840 }, // ö
    { 13, 13, 14, 1, 15, 43, 10910 }, // ÷
    { 14, 16, 15, 1, 15, 56, 10953 }, // ø
    { 14, 21, 16, 1, 20, 74, 11009 }, // ù
    { 14, 21, 16, 1, 20, 74, 11083 }, // ú
    { 14, 21, 16, 1, 20, 74, 11157 }, // û
    { 14, 20, 16, 1, 19, 70, 11231 }, // ü
    { 15, 26, 14, 0, 20, 98, 11301 }, // ý
    { 14, 25, 16, 1, 19, 88, 11399 }, // þ
    { 15, 25, 14, 0, 19, 94, 11487 }, // ÿ
    { 18, 22, 17, 0, 22, 99, 11581 }, // Ā
    { 13, 19, 15, 1, 18, 62, 11680 }, // ā
    { 18, 24, 17, 0, 24, 108, 11742 }, // Ă
    { 13, 21, 15, 1, 20, 69, 11850 }, // ă
    { 18, 24, 17, 0, 18, 108, 11919 }, // Ą
    { 13, 20, 15, 1, 14, 65, 12027 }, // ą
    { 15, 25, 16, 1, 24, 94, 12092 }, // Ć
    { 12, 21, 13, 1, 20, 63, 12186 }, // ć
    { 15, 25, 16, 1, 24, 94, 12249 }, // Ĉ
    { 12, 21, 13, 1, 20, 63, 12343 }, // ĉ
    { 15, 25, 16, 1, 24, 94, 12406 }, // Ċ
    { 12, 21, 13, 1, 20, 63, 12500 }, // ċ
    { 15, 25, 16, 1, 24, 94, 12563 }, // Č
    { 12, 21, 13, 1, 20, 63, 12657 }, // č
    { 15, 24, 18, 2, 24, 90, 12720 }, // Ď
    { 19, 20, 16, 1, 19, 95, 12810 }, // ď
    { 17, 18, 18, 0, 18, 77, 12905 }, // Đ
    { 15, 20, 16, 1, 19, 75, 12982 }, // đ
    { 11, 22, 14, 2, 22, 61, 13057 }, // Ē
    { 13, 19, 15, 1, 18, 62, 13118 }, // ē
    { 11, 24, 14, 2, 24, 66, 13180 }, // Ĕ
    { 13, 21, 15, 1, 20, 69, 13246 }, // ĕ
    { 11, 24, 14, 2, 24, 66, 13315 }, // Ė
    { 13, 21, 15, 1, 20, 69, 13381 }, // ė
    { 11, 24, 14, 2, 18, 66, 13450 }, // Ę
    { 13, 20, 15, 1, 14, 65, 13516 }, // ę
    { 11, 24, 14, 2, 24, 66, 13581 }, // Ě
    { 13, 21, 15, 1, 20, 69, 13647 }, // ě
    { 16, 25, 18, 1, 24, 100, 13716 }, // Ĝ
    { 13, 26, 16, 1, 20, 85, 13816 }, // ĝ
    { 16, 25, 18, 1, 24, 100, 13901 }, // Ğ
    { 13, 26, 16, 1, 20, 85, 14001 }, // ğ
    { 16, 25, 18, 1, 24, 100, 14086 }, // Ġ
    { 13, 26, 16, 1, 20, 85, 14186 }, // ġ
    { 16, 25, 18, 1, 19, 100, 14271 }, // Ģ
    { 13, 26, 16, 1, 20, 85, 14371 }, // ģ
    { 15, 24, 19, 2, 24, 90, 14456 }, // Ĥ
    { 17, 25, 16, -2, 25, 107, 14546 }, // ĥ
    { 20, 18, 19, 0, 18, 90, 14653 }, // Ħ
    { 15, 19, 16, 0, 19, 72, 14743 }, // ħ
    { 11, 23, 10, -1, 23, 64, 14815 }, // Ĩ
    { 11, 19, 7, -2, 19, 53, 14879 }, // ĩ
    { 9, 22, 10, 0, 22, 50, 14932 }, // Ī
    { 9, 18, 7, -1, 18, 41, 14982 }, // ī
    { 10, 24, 10, 0, 24, 60, 15023 }, // Ĭ
    { 10, 20, 7, -1, 20, 50, 15083 }, // ĭ
    { 9, 24, 10, 0, 18, 54, 15133 }, // Į
    { 5, 26, 7, 1, 20, 33, 15187 }, // į
    { 9, 24, 10, 0, 24, 54, 15220 }, // İ
    { 5, 14, 7, 1, 14, 18, 15274 }, // ı
    { 17, 24, 18, 0, 18, 102, 15292 }, // Ĳ
    { 13, 26, 15, 1, 20, 85, 15394 }, // ĳ
    { 12, 30, 8, -2, 24, 90, 15479 }, // Ĵ
    { 11, 26, 7, -2, 20, 72, 15569 }, // ĵ
    { 15, 24, 17, 2, 18, 90, 15641 }, // Ķ
    { 15, 25, 16, 1, 19, 94, 15731 }, // ķ
    { 15, 14, 16, 1, 14, 53, 15825 }, // ĸ
    { 13, 24, 14, 1, 24, 78, 15878 }, // Ĺ
    { 8, 25, 7, 1, 25, 50, 15956 }, // ĺ
    { 12, 24, 14, 2, 18, 72, 16006 }, // Ļ
    { 5, 25, 7, 1, 19, 32, 16078 }, // ļ
    { 12, 18, 14, 2, 18, 54, 16110 }, // Ľ
    { 10, 19, 7, 1, 19, 48, 16164 }, // ľ
    { 12, 18, 14, 2, 18, 54, 16212 }, // Ŀ
    { 10, 19, 9, 1, 19, 48, 16266 }, // ŀ
    { 14, 18, 14, 0, 18, 63, 16314 }, // Ł
    { 9, 19, 8, -1, 19, 43, 16377 }, // ł
    { 17, 24, 20, 2, 24, 102, 16420 }, // Ń
    { 14, 20, 16, 1, 20, 70, 16522 }, // ń
    { 17, 24, 20, 2, 18, 102, 16592 }, // Ņ
    { 14, 20, 16, 1, 14, 70, 16694 }, // ņ
    { 17, 24, 20, 2, 24, 102, 16764 }, // Ň
    { 14, 20, 16, 1, 20, 70, 16866 }, // ň
    { 19, 18, 19, -1, 18, 86, 16936 }, // ŉ
    { 17, 24, 20, 2, 18, 102, 17022 }, // Ŋ
    { 14, 20, 16, 1, 14, 70, 17124 }, // ŋ
    { 18, 23, 20, 1, 22, 104, 17194 }, // Ō
    { 14, 19, 16, 1, 18, 67, 17298 }, // ō
    { 18, 25, 20, 1, 24, 113, 17365 }, // Ŏ
    { 14, 21, 16, 1, 20, 74, 17478 }, // ŏ
    { 18, 25, 20, 1, 24, 113, 17552 }, // Ő
    { 14, 21, 16, 1, 20, 74, 17665 }, // ő
    { 22, 20, 24, 1, 19, 110, 17739 }, // Œ
    { 23, 15, 24, 1, 14, 87, 17849 }, // œ
    { 15, 24, 16, 2, 24, 90, 17936 }, // Ŕ
    { 11, 20, 11, 1, 20, 55, 18026 }, // ŕ
    { 15, 24, 16, 2, 18, 90, 18081 }, // Ŗ
    { 10, 20, 11, 1, 14, 50, 18171 }, // ŗ
    { 15, 24, 16, 2, 24, 90, 18221 }, // Ř
    { 11, 20, 11, 1, 20, 55, 18311 }, // ř
    { 12, 25, 14, 1, 24, 75, 18366 }, // Ś
    { 11, 21, 13, 1, 20, 58, 18441 }, // ś
    { 12, 25, 14, 1, 24, 75, 18499 }, // Ŝ
    { 11, 21, 13, 1, 20, 58, 18574 }, // ŝ
    { 12, 25, 14, 1, 19, 75, 18632 }, // Ş
    { 11, 20, 13, 1, 14, 55, 18707 }, // ş
    { 12, 25, 14, 1, 24, 75, 18762 }, // Š
    { 11, 21, 13, 1, 20, 58, 18837 }, // š
    { 14, 24, 14, 0, 18, 84, 18895 }, // Ţ
    { 11, 23, 11, 0, 17, 64, 18979 }, // ţ
    { 14, 24, 14, 0, 24, 84, 19043 }, // Ť
    { 15, 20, 11, 0, 19, 75, 19127 }, // ť
    { 14, 18, 14, 0, 18, 63, 19202 }, // Ŧ
    { 11, 18, 11, 0, 17, 50, 19265 }, // ŧ
    { 15, 24, 19, 2, 23, 90, 19315 }, // Ũ
    { 14, 20, 16, 1, 19, 70, 19405 }, // ũ
    { 15, 23, 19, 2, 22, 87, 19475 }, // Ū
    { 14, 19, 16, 1, 18, 67, 19562 }, // ū
    { 15, 25, 19, 2, 24, 94, 19629 }, // Ŭ
    { 14, 21, 16, 1, 20, 74, 19723 }, // ŭ
    { 15, 26, 19, 2, 25, 98, 19797 }, // Ů
    { 14, 22, 16, 1, 21, 77, 19895 }, // ů
    { 15, 25, 19, 2, 24, 94, 19972 }, // Ű
    { 14, 21, 16, 1, 20, 74, 20066 }, // ű
    { 15, 24, 19, 2, 18, 90, 20140 }, // Ų
    { 14, 20, 16, 1, 14, 70, 20230 }, // ų
    { 25, 24, 24, 0, 24, 150, 20300 }, // Ŵ
    { 22, 20, 21, 0, 20, 110, 20450 }, // ŵ
    { 16, 24, 16, 0, 24, 96, 20560 }, // Ŷ
    { 15, 26, 14, 0, 20, 98, 20656 }, // ŷ
    { 16, 23, 16, 0, 23, 92, 20754 }, // Ÿ
    { 14, 24, 14, 0, 24, 84, 20846 }, // Ź
    { 12, 20, 12, 0, 20, 60, 20930 }, // ź
    { 14, 24, 14, 0, 24, 84, 20990 }, // Ż
    { 12, 20, 12, 0, 20, 60, 21074 }, // ż
    { 14, 24, 14, 0, 24, 84, 21134 }, // Ž
    { 12, 20, 12, 0, 20, 60, 21218 }, // ž
    { 10, 20, 10, 1, 20, 50, 21278 }, // ſ
    { 8, 5, 0, -14, 20, 10, 21328 }, // ̀
    { 9, 5, 0, -10, 20, 12, 21338 }, // ́
    { 11, 5, 0, -6, 20, 14, 21350 }, // ̂
    { 11, 4, 0, -14, 19, 11, 21364 }, // ̃
    { 10, 3, 0, -5, 18, 8, 21375 }, // ̄
    { 12, 4, 0, -6, 22, 12, 21383 }, // ̅
    { 11, 5, 0, -5, 20, 14, 21395 }, // ̆
    { 6, 5, 0, -3, 20, 8, 21409 }, // ̇
    { 10, 4, 0, -5, 19, 10, 21417 }, // ̈
    { 7, 7, 0, -11, 21, 13, 21427 }, // ̉
    { 7, 6, 0, -4, 21, 11, 21440 }, // ̊
    { 11, 5, 0, -4, 20, 14, 21451 }, // ̋
    { 12, 5, 0, -6, 20, 15, 21465 }, // ̌
    { 4, 6, 0, -2, 20, 6, 21480 }, // ̍
    { 8, 6, 0, -4, 20, 12, 21486 }, // ̎
    { 12, 5, 0, -15, 20, 15, 21498 }, // ̏
    { 10, 7, 0, -5, 22, 18, 21513 }, // ̐
    { 10, 5, 0, -5, 20, 13, 21531 }, // ̑
    { 6, 7, 0, -3, 18, 11, 21544 }, // ̒
    { 6, 7, 0, -3, 18, 11, 21555 }, // ̓
    { 6, 7, 0, -3, 18, 11, 21566 }, // ̔
    { 6, 7, 0, -3, 18, 11, 21577 }, // ̕
    { 9, 5, 0, -5, 0, 12, 21588 }, // ̖
    { 8, 5, 0, -4, 0, 10, 21600 }, // ̗
    { 6, 6, 0, -3, 0, 9, 21610 }, // ̘
    { 6, 6, 0, -3, 0, 9, 21619 }, // ̙
    { 7, 6, 8, 0, 19, 11, 21628 }, // ̚
    { 7, 6, 0, -3, 19, 11, 21639 }, // ̛
    { 4, 6, 0, -2, 0, 6, 21650 }, // ̜
    { 6, 5, 0, -3, -1, 8, 21656 }, // ̝
    { 6, 5, 0, -3, -1, 8, 21664 }, // ̞
    { 6, 6, 0, -3, 0, 9, 21672 }, // ̟
    { 6, 3, 0, -3, -2, 5, 21681 }, // ̠
    { 6, 8, 0, -6, 2, 12, 21686 }, // ̡
    { 6, 8, 0, 0, 2, 12, 21698 }, // ̢
    { 5, 5, 0, -11, -1, 7, 21710 }, // ̣
    { 10, 4, 0, -5, -1, 10, 21717 }, // ̤
    { 7, 6, 0, -4, 0, 11, 21727 }, // ̥
    { 6, 5, 0, -3, -1, 8, 21738 }, // ̦
    { 6, 6, 0, -3, 0, 9, 21746 }, // ̧
    { 6, 7, 0, -3, 1, 11, 21755 }, // ̨
    { 4, 6, 0, -2, 0, 6, 21766 }, // ̩
    { 10, 5, 0, -5, -1, 13, 21772 }, // ̪
    { 10, 4, 0, -5, -1, 10, 21785 }, // ̫
    { 11, 5, 0, -5, 0, 14, 21795 }, // ̬
    { 11, 5, 0, -6, 0, 14, 21809 }, // ̭
    { 10, 5, 0, -5, 0, 13, 21823 }, // ̮
    { 10, 5, 0, -5, -1, 13, 21836 }, // ̯
    { 12, 4, 0, -6, -1, 12, 21849 }, // ̰
    { 10, 3, 0, -5, -2, 8, 21861 }, // ̱
    { 12, 2, 0, -6, -2, 6, 21869 }, // ̲
    { 11, 6, 0, -6, 0, 17, 21875 }, // ̳
    { 11, 4, 0, -5, 9, 11, 21892 }, // ̴
    { 12, 4, 0, -6, 9, 12, 21903 }, // ̵
    { 20, 4, 0, -10, 9, 20, 21915 }, // ̶
    { 10, 8, 0, -5, 11, 20, 21935 }, // ̷
    { 12, 21, 0, -6, 19, 63, 21955 }, // ̸
    { 4, 6, 0, -2, 0, 6, 22018 }, // ̹
    { 10, 5, 0, -5, -1, 13, 22024 }, // ̺
    { 10, 6, 0, -5, 0, 15, 22037 }, // ̻
    { 10, 4, 0, -5, -1, 10, 22052 }, // ̼
    { 6, 6, 0, -3, 20, 9, 22062 }, // ̽
    { 4, 8, 0, -2, 22, 8, 22071 }, // ̾
    { 11, 6, 0, -6, 25, 17, 22079 }, // ̿
    { 8, 5, 0, -6, 20, 10, 22096 }, // ̀
    { 8, 5, 0, -2, 20, 10, 22106 }, // ́
    { 11, 4, 0, -5, 19, 11, 22116 }, // ͂
    { 5, 6, 0, -3, 20, 8, 22127 }, // ̓
    { 14, 5, 0, -6, 20, 18, 22135 }, // ̈́
    { 5, 5, 0, -1, -1, 7, 22153 }, // ͅ
    { 12, 6, 0, -6, 20, 18, 22160 }, // ͆
    { 11, 6, 0, -6, 0, 17, 22178 }, // ͇
    { 8, 6, 0, -4, 0, 12, 22195 }, // ͈
    { 6, 5, 0, -3, -1, 8, 22207 }, // ͉
    { 10, 6, 0, -5, 20, 15, 22215 }, // ͊
    { 10, 11, 0, -5, 24, 28, 22230 }, // ͋
    { 10, 7, 0, -5, 22, 18, 22258 }, // ͌
    { 10, 6, 0, -5, 0, 15, 22276 }, // ͍
    { 6, 6, 0, -3, 0, 9, 22291 }, // ͎
    { 18, 18, 0, -9, 18, 81, 22300 }, // ͏
    { 5, 6, 0, -3, 20, 8, 22381 }, // ͐
    { 4, 7, 0, -2, 21, 7, 22389 }, // ͑
    { 10, 7, 0, -5, 22, 18, 22396 }, // ͒
    { 6, 6, 0, -3, 0, 9, 22414 }, // ͓
    { 5, 5, 0, -3, -1, 7, 22423 }, // ͔
    { 5, 5, 0, -3, -1, 7, 22430 }, // ͕
    { 10, 5, 0, -5, -1, 13, 22437 }, // ͖
    { 4, 7, 0, -2, 21, 7, 22450 }, // ͗
    { 5, 5, 0, 2, 20, 7, 22457 }, // ͘
    { 6, 6, 0, -3, 0, 9, 22464 }, // ͙
    { 10, 6, 0, -5, 0, 15, 22473 }, // ͚
    { 6, 6, 0, -3, 20, 9, 22488 }, // ͛
    { 20, 5, 0, -10, -1, 25, 22497 }, // ͜
    { 20, 5, 0, -10, 20, 25, 22522 }, // ͝
    { 16, 2, 0, -8, 17, 8, 22547 }, // ͞
    { 16, 2, 0, -8, -2, 8, 22555 }, // ͟
    { 20, 4, 0, -10, 19, 20, 22563 }, // ͠
    { 20, 6, 0, -10, 22, 30, 22583 }, // ͡
    { 21, 6, 0, -10, 0, 32, 22613 }, // ͢
    { 6, 7, 0, -3, 22, 11, 22645 }, // ͣ
    { 7, 7, 0, -3, 22, 13, 22656 }, // ͤ
    { 3, 9, 0, -1, 24, 7, 22669 }, // ͥ
    { 7, 7, 0, -3, 22, 13, 22676 }, // ͦ
    { 7, 6, 0, -3, 21, 11, 22689 }, // ͧ
    { 6, 7, 0, -3, 22, 11, 22700 }, // ͨ
    { 6, 9, 0, -3, 24, 14, 22711 }, // ͩ
    { 7, 9, 0, -3, 24, 16, 22725 }, // ͪ
    { 10, 7, 0, -5, 22, 18, 22741 }, // ͫ
    { 5, 7, 0, -2, 22, 9, 22759 }, // ͬ
    { 5, 8, 0, -2, 23, 10, 22768 }, // ͭ
    { 7, 6, 0, -3, 21, 11, 22778 }, // ͮ
    { 8, 6, 0, -4, 21, 12, 22789 }, // ͯ
    { 10, 18, 12, 2, 18, 45, 22801 }, // Ͱ
    { 9, 14, 11, 1, 14, 32, 22846 }, // ͱ
    { 17, 18, 19, 1, 18, 77, 22878 }, // Ͳ
    { 15, 19, 17, 1, 19, 72, 22955 }, // ͳ
    { 6, 6, 6, 1, 20, 9, 23027 }, // ʹ
    { 7, 5, 6, -1, 1, 9, 23036 }, // ͵
    { 17, 18, 21, 2, 18, 77, 23045 }, // Ͷ
    { 16, 14, 18, 1, 14, 56, 23122 }, // ͷ
    { 6, 5, 7, 1, -1, 8, 23178 }, // ͺ
    { 12, 15, 13, 0, 14, 45, 23186 }, // ͻ
    { 12, 15, 13, 1, 14, 45, 23231 }, // ͼ
    { 12, 15, 13, 0, 14, 45, 23276 }, // ͽ
    { 6, 18, 7, 0, 14, 27, 23321 }, // ;
    { 9, 24, 8, -2, 18, 54, 23348 }, // Ϳ
    { 6, 5, 7, 1, 20, 8, 23402 }, // ΄
    { 14, 5, 20, 3, 20, 18, 23410 }, // ΅
    { 20, 18, 20, 0, 18, 90, 23428 }, // Ά
    { 5, 5, 7, 1, 14, 7, 23518 }, // ·
    { 19, 18, 20, 0, 18, 86, 23525 }, // Έ
    { 23, 18, 25, 0, 18, 104, 23611 }, // Ή
    { 15, 18, 16, 0, 18, 68, 23715 }, // Ί
    { 23, 20, 24, 0, 19, 115, 23783 }, // Ό
    { 23, 18, 22, 0, 18, 104, 23898 }, // Ύ
    { 23, 19, 23, 0, 19, 110, 24002 }, // Ώ
    { 14, 21, 10, -2, 20, 74, 24112 }, // ΐ
    { 18, 18, 17, 0, 18, 81, 24186 }, // Α
    { 14, 18, 17, 2, 18, 63, 24267 }, // Β
    { 10, 18, 13, 2, 18, 45, 24330 }, // Γ
    { 17, 18, 17, 0, 18, 77, 24375 }, // Δ
    { 11, 18, 14, 2, 18, 50, 24452 }, // Ε
    { 14, 18, 14, 0, 18, 63, 24502 }, // Ζ
    { 15, 18, 19, 2, 18, 68, 24565 }, // Η
    { 18, 20, 20, 1, 19, 90, 24633 }, // Θ
    { 9, 18, 10, 0, 18, 41, 24723 }, // Ι
    { 15, 18, 17, 2, 18, 68, 24764 }, // Κ
    { 17, 18, 17, 0, 18, 77, 24832 }, // Λ
    { 20, 18, 24, 2, 18, 90, 24909 }, // Μ
    { 17, 18, 20, 2, 18, 77, 24999 }, // Ν
    { 14, 18, 16, 1, 18, 63, 25076 }, // Ξ
    { 18, 20, 20, 1, 19, 90, 25139 }, // Ο
    { 15, 18, 19, 2, 18, 68, 25229 }, // Π
    { 13, 18, 16, 2, 18, 59, 25297 }, // Ρ
    { 14, 18, 14, 0, 18, 63, 25356 }, // Σ
    { 14, 18, 14, 0, 18, 63, 25419 }, // Τ
    { 16, 18, 16, 0, 18, 72, 25482 }, // Υ
    { 21, 19, 23, 1, 18, 100, 25554 }, // Φ
    { 17, 18, 17, 0, 18, 77, 25654 }, // Χ
    { 18, 18, 22, 2, 18, 81, 25731 }, // Ψ
    { 19, 19, 19, 0, 19, 91, 25812 }, // Ω
    { 10, 23, 10, 0, 23, 58, 25903 }, // Ϊ
    { 16, 23, 16, 0, 23, 92, 25961 }, // Ϋ
    { 15, 21, 16, 1, 20, 79, 26053 }, // ά
    { 12, 21, 13, 0, 20, 63, 26132 }, // έ
    { 14, 26, 16, 1, 20, 91, 26195 }, // ή
    { 9, 21, 10, 1, 20, 48, 26286 }, // ί
    { 15, 21, 16, 1, 20, 79, 26334 }, // ΰ
    { 15, 15, 16, 1, 14, 57, 26413 }, // α
    { 14, 26, 16, 1, 20, 91, 26470 }, // β
    { 14, 20, 14, 0, 14, 70, 26561 }, // γ
    { 15, 21, 15, 0, 20, 79, 26631 }, // δ
    { 12, 15, 13, 0, 14, 45, 26710 }, // ε
    { 12, 25, 12, 1, 19, 75, 26755 }, // ζ
    { 14, 20, 16, 1, 14, 70, 26830 }, // η
    { 14, 21, 15, 1, 20, 74, 26900 }, // θ
    { 9, 15, 10, 1, 14, 34, 26974 }, // ι
    { 15, 14, 16, 1, 14, 53, 27008 }, // κ
    { 15, 21, 14, 0, 20, 79, 27061 }, // λ
    { 16, 20, 17, 1, 14, 80, 27140 }, // μ
    { 14, 14, 14, 0, 14, 49, 27220 }, // ν
    { 12, 25, 13, 1, 19, 75, 27269 }, // ξ
    { 14, 15, 16, 1, 14, 53, 27344 }, // ο
    { 18, 15, 19, 0, 14, 68, 27397 }, // π
    { 14, 20, 15, 1, 14, 70, 27465 }, // ρ
    { 12, 20, 13, 1, 14, 60, 27535 }, // ς
    { 15, 15, 16, 1, 14, 57, 27595 }, // σ
    { 13, 15, 14, 0, 14, 49, 27652 }, // τ
    { 14, 15, 16, 1, 14, 53, 27701 }, // υ
    { 19, 25, 20, 1, 19, 119, 27754 }, // φ
    { 16, 21, 16, 0, 14, 84, 27873 }, // χ
    { 19, 25, 21, 1, 19, 119, 27957 }, // ψ
    { 20, 15, 22, 1, 14, 75, 28076 }, // ω
    { 11, 20, 10, -1, 19, 55, 28151 }, // ϊ
    { 14, 20, 16, 1, 19, 70, 28206 }, // ϋ
    { 14, 21, 16, 1, 20, 74, 28276 }, // ό
    { 14, 21, 16, 1, 20, 74, 28350 }, // ύ
    { 20, 21, 22, 1, 20, 105, 28424 }, // ώ
    { 15, 24, 17, 2, 18, 90, 28529 }, // Ϗ
    { 15, 21, 16, 1, 20, 79, 28619 }, // ϐ
    { 18, 21, 18, 0, 20, 95, 28698 }, // ϑ
    { 16, 18, 16, 0, 18, 72, 28793 }, // ϒ
    { 23, 18, 23, 0, 18, 104, 28865 }, // ϓ
    { 16, 23, 16, 0, 23, 92, 28969 }, // ϔ
    { 19, 25, 20, 1, 19, 119, 29061 }, // ϕ
    { 25, 15, 25, 0, 14, 94, 29180 }, // ϖ
    { 15, 19, 16, 1, 14, 72, 29274 }, // ϗ
    { 18, 19, 20, 1, 19, 86, 29346 }, // Ϙ
    { 14, 20, 16, 1, 14, 70, 29432 }, // ϙ
    { 15, 19, 16, 1, 19, 72, 29502 }, // Ϛ
    { 12, 20, 13, 1, 14, 60, 29574 }, // ϛ
    { 11, 18, 14, 2, 18, 50, 29634 }, // Ϝ
    { 11, 20, 14, 2, 14, 55, 29684 }, // ϝ
    { 14, 20, 13, -1, 19, 70, 29739 }, // Ϟ
    { 12, 26, 14, 1, 20, 78, 29809 }, // ϟ
    { 15, 19, 15, -1, 19, 72, 29887 }, // Ϡ
    { 15, 26, 13, -3, 20, 98, 29959 }, // ϡ
    { 17, 15, 17, 0, 14, 64, 30057 }, // ϰ
    { 14, 20, 15, 1, 14, 70, 30121 }, // ϱ
    { 12, 15, 13, 1, 14, 45, 30191 }, // ϲ
    { 8, 26, 7, -2, 20, 52, 30236 }, // ϳ
    { 18, 20, 20, 1, 19, 90, 30288 }, // ϴ
    { 12, 15, 13, 1, 14, 45, 30378 }, // ϵ
    { 12, 15, 13, 0, 14, 45, 30423 }, // ϶
    { 13, 18, 16, 2, 18, 59, 30468 }, // Ϸ
    { 14, 25, 16, 1, 19, 88, 30527 }, // ϸ
    { 15, 20, 16, 1, 19, 75, 30615 }, // Ϲ
    { 20, 18, 24, 2, 18, 90, 30690 }, // Ϻ
    { 18, 20, 21, 1, 14, 90, 30780 }, // ϻ
    { 16, 20, 16, -1, 14, 80, 30870 }, // ϼ
    { 15, 20, 16, 0, 19, 75, 30950 }, // Ͻ
    { 15, 20, 16, 1, 19, 75, 31025 }, // Ͼ
    { 15, 20, 16, 0, 19, 75, 31100 }, // Ͽ
    { 11, 24, 14, 2, 24, 66, 31175 }, // Ѐ
    { 11, 23, 14, 2, 23, 64, 31241 }, // Ё
    { 19, 19, 19, 0, 18, 91, 31305 }, // Ђ
    { 12, 24, 14, 2, 24, 72, 31396 }, // Ѓ
    { 15, 20, 16, 1, 19, 75, 31468 }, // Є
    { 12, 20, 14, 1, 19, 60, 31543 }, // Ѕ
    { 4, 18, 8, 2, 18, 18, 31603 }, // І
    { 8, 24, 8, 0, 24, 48, 31621 }, // Ї
    { 9, 24, 8, -2, 18, 54, 31669 }, // Ј
    { 25, 19, 26, 0, 18, 119, 31723 }, // Љ
    { 24, 18, 27, 2, 18, 108, 31842 }, // Њ
    { 18, 18, 19, 0, 18, 81, 31950 }, // Ћ
    { 16, 24, 17, 2, 24, 96, 32031 }, // Ќ
    { 16, 24, 20, 2, 24, 96, 32127 }, // Ѝ
    { 17, 25, 16, 0, 24, 107, 32223 }, // Ў
    { 15, 22, 19, 2, 18, 83, 32330 }, // Џ
    { 18, 18, 17, 0, 18, 81, 32413 }, // А
    { 14, 18, 16, 2, 18, 63, 32494 }, // Б
    { 14, 18, 17, 2, 18, 63, 32557 }, // В
    { 12, 18, 14, 2, 18, 54, 32620 }, // Г
    { 20, 22, 19, 0, 18, 110, 32674 }, // Д
    { 11, 18, 14, 2, 18, 50, 32784 }, // Е
    { 25, 18, 25, 0, 18, 113, 32834 }, // Ж
    { 13, 20, 15, 1, 19, 65, 32947 }, // З
    { 16, 18, 20, 2, 18, 72, 33012 }, // И
    { 16, 24, 20, 2, 24, 96, 33084 }, // Й
    { 16, 18, 17, 2, 18, 72, 33180 }, // К
    { 17, 19, 18, 0, 18, 81, 33252 }, // Л
    { 20, 18, 24, 2, 18, 90, 33333 }, // М
    { 15, 18, 19, 2, 18, 68, 33423 }, // Н
    { 18, 20, 19, 1, 19, 90, 33491 }, // О
    { 15, 18, 19, 2, 18, 68, 33581 }, // П
    { 13, 18, 16, 2, 18, 59, 33649 }, // Р
    { 15, 20, 16, 1, 19, 75, 33708 }, // С
    { 14, 18, 14, 0, 18, 63, 33783 }, // Т
    { 17, 19, 16, 0, 18, 81, 33846 }, // У
    { 21, 20, 23, 1, 19, 105, 33927 }, // Ф
    { 17, 18, 17, 0, 18, 77, 34032 }, // Х
    { 18, 22, 19, 2, 18, 99, 34109 }, // Ц
    { 15, 18, 18, 1, 18, 68, 34208 }, // Ч
    { 23, 18, 27, 2, 18, 104, 34276 }, // Ш
    { 25, 22, 27, 2, 18, 138, 34380 }, // Щ
    { 18, 18, 19, 0, 18, 81, 34518 }, // Ъ
    { 19, 18, 23, 2, 18, 86, 34599 }, // Ы
    { 13, 18, 16, 2, 18, 59, 34685 }, // Ь
    { 14, 20, 16, 1, 19, 70, 34744 }, // Э
    { 23, 20, 25, 2, 19, 115, 34814 }, // Ю
    { 15, 18, 17, 0, 18, 68, 34929 }, // Я
    { 14, 15, 15, 0, 14, 53, 34997 }, // а
    { 14, 21, 16, 1, 20, 74, 35050 }, // б
    { 13, 14, 15, 1, 14, 46, 35124 }, // в
    { 10, 14, 12, 2, 14, 35, 35170 }, // г
    { 16, 18, 16, 0, 14, 72, 35205 }, // д
    { 13, 15, 15, 1, 14, 49, 35277 }, // е
    { 22, 14, 22, 0, 14, 77, 35326 }, // ж
    { 12, 15, 13, 0, 14, 45, 35403 }, // з
    { 13, 14, 17, 2, 14, 46, 35448 }, // и
    { 13, 20, 17, 2, 20, 65, 35494 }, // й
    { 14, 14, 15, 2, 14, 49, 35559 }, // к
    { 14, 15, 16, 0, 14, 53, 35608 }, // л
    { 17, 14, 21, 2, 14, 60, 35661 }, // м
    { 13, 14, 16, 2, 14, 46, 35721 }, // н
    { 14, 15, 16, 1, 14, 53, 35767 }, // о
    { 13, 14, 16, 2, 14, 46, 35820 }, // п
    { 13, 20, 16, 2, 14, 65, 35866 }, // р
    { 12, 15, 13, 1, 14, 45, 35931 }, // с
    { 13, 14, 13, 0, 14, 46, 35976 }, // т
    { 16, 20, 14, -1, 14, 80, 36022 }, // у
    { 19, 25, 20, 1, 19, 119, 36102 }, // ф
    { 15, 14, 14, 0, 14, 53, 36221 }, // х
    { 15, 18, 16, 1, 14, 68, 36274 }, // ц
    { 13, 14, 16, 1, 14, 46, 36342 }, // ч
    { 20, 14, 24, 2, 14, 70, 36388 }, // ш
    { 22, 18, 24, 2, 14, 99, 36458 }, // щ
    { 16, 14, 17, 0, 14, 56, 36557 }, // ъ
    { 18, 14, 21, 2, 14, 63, 36613 }, // ы
    { 12, 14, 15, 2, 14, 42, 36676 }, // ь
    { 13, 15, 13, 0, 14, 49, 36718 }, // э
    { 19, 15, 21, 2, 14, 72, 36767 }, // ю
    { 14, 14, 15, 0, 14, 49, 36839 }, // я
    { 13, 21, 15, 1, 20, 69, 36888 }, // ѐ
    { 13, 20, 15, 1, 19, 65, 36957 }, // ё
    { 15, 25, 16, 0, 19, 94, 37022 }, // ђ
    { 10, 20, 12, 2, 20, 50, 37116 }, // ѓ
    { 12, 15, 13, 1, 14, 45, 37166 }, // є
    { 11, 15, 12, 1, 14, 42, 37211 }, // ѕ
    { 5, 19, 8, 1, 19, 24, 37253 }, // і
    { 8, 19, 7, 0, 19, 38, 37277 }, // ї
    { 8, 26, 7, -2, 20, 52, 37315 }, // ј
    { 22, 15, 22, 0, 14, 83, 37367 }, // љ
    { 21, 14, 23, 2, 14, 74, 37450 }, // њ
    { 15, 19, 16, 0, 19, 72, 37524 }, // ћ
    { 14, 20, 15, 2, 20, 70, 37596 }, // ќ
    { 13, 20, 17, 2, 20, 65, 37666 }, // ѝ
    { 16, 26, 14, -1, 20, 104, 37731 }, // ў
    { 13, 18, 16, 2, 14, 59, 37835 }, // џ
    { 24, 18, 24, 0, 18, 108, 37894 }, // Ѡ
    { 22, 14, 22, 0, 14, 77, 38002 }, // ѡ
    { 16, 18, 17, 0, 18, 72, 38079 }, // Ѣ
    { 16, 17, 17, 0, 17, 68, 38151 }, // ѣ
    { 21, 20, 24, 2, 19, 105, 38219 }, // Ѥ
    { 19, 15, 20, 1, 14, 72, 38324 }, // ѥ
    { 19, 18, 18, 0, 18, 86, 38396 }, // Ѧ
    { 16, 14, 16, 0, 14, 56, 38482 }, // ѧ
    { 24, 18, 25, 2, 18, 108, 38538 }, // Ѩ
    { 22, 14, 23, 1, 14, 77, 38646 }, // ѩ
    { 20, 18, 20, 0, 18, 90, 38723 }, // Ѫ
    { 16, 14, 16, 0, 14, 56, 38813 }, // ѫ
    { 25, 18, 27, 2, 18, 113, 38869 }, // Ѭ
    { 21, 14, 22, 1, 14, 74, 38982 }, // ѭ
    { 15, 28, 16, 0, 22, 105, 39056 }, // Ѯ
    { 13, 23, 14, 0, 17, 75, 39161 }, // ѯ
    { 18, 18, 22, 2, 18, 81, 39236 }, // Ѱ
    { 19, 25, 21, 1, 19, 119, 39317 }, // ѱ
    { 18, 20, 20, 1, 19, 90, 39436 }, // Ѳ
    { 14, 15, 15, 1, 14, 53, 39526 }, // ѳ
    { 18, 18, 18, 0, 18, 81, 39579 }, // Ѵ
    { 16, 14, 15, 0, 14, 56, 39660 }, // ѵ
    { 18, 24, 18, 0, 24, 108, 39716 }, // Ѷ
    { 16, 20, 15, 0, 20, 80, 39824 }, // ѷ
    { 32, 25, 33, 1, 19, 200, 39904 }, // Ѹ
    { 29, 20, 29, 1, 14, 145, 40104 }, // ѹ
    { 19, 22, 21, 1, 20, 105, 40249 }, // Ѻ
    { 15, 18, 17, 1, 16, 68, 40354 }, // ѻ
    { 25, 28, 27, 1, 27, 175, 40422 }, // Ѽ
    { 22, 24, 24, 1, 23, 132, 40597 }, // ѽ
    { 24, 23, 24, 0, 23, 138, 40729 }, // Ѿ
    { 22, 19, 22, 0, 19, 105, 40867 }, // ѿ
    { 16, 25, 17, 1, 19, 100, 40972 }, // Ҁ
    { 12, 20, 13, 1, 14, 60, 41072 }, // ҁ
    { 13, 17, 15, 1, 16, 56, 41132 }, // ҂
    { 10, 5, 0, -12, 19, 13, 41188 }, // ҃
    { 11, 4, 0, -12, 19, 11, 41201 }, // ҄
    { 5, 6, 0, -9, 20, 8, 41212 }, // ҅
    { 5, 6, 0, -9, 20, 8, 41220 }, // ҆
    { 10, 4, 0, -5, 23, 10, 41228 }, // ҇
    { 30, 27, 0, -15, 20, 203, 41238 }, // ҈
    { 28, 28, 0, -14, 21, 196, 41441 }, // ҉
    { 21, 30, 23, 2, 24, 158, 41637 }, // Ҋ
    { 19, 25, 20, 1, 20, 119, 41795 }, // ҋ
    { 15, 18, 16, 0, 18, 68, 41914 }, // Ҍ
    { 15, 19, 15, 0, 19, 72, 41982 }, // ҍ
    { 13, 18, 16, 2, 18, 59, 42054 }, // Ҏ
    { 14, 20, 16, 1, 14, 70, 42113 }, // ҏ
    { 12, 22, 14, 2, 22, 66, 42183 }, // Ґ
    { 11, 18, 13, 1, 18, 50, 42249 }, // ґ
    { 14, 18, 14, 0, 18, 63, 42299 }, // Ғ
    { 12, 14, 12, 0, 14, 42, 42362 }, // ғ
    { 16, 25, 18, 2, 18, 100, 42404 }, // Ҕ
    { 14, 21, 15, 1, 14, 74, 42504 }, // ҕ
    { 26, 24, 26, 0, 18, 156, 42578 }, // Җ
    { 25, 19, 23, -1, 14, 119, 42734 }, // җ
    { 13, 25, 15, 1, 19, 82, 42853 }, // Ҙ
    { 12, 20, 13, 0, 14, 60, 42935 }, // ҙ
    { 17, 24, 19, 2, 18, 102, 42995 }, // Қ
    { 16, 19, 16, 1, 14, 76, 43097 }, // қ
    { 15, 18, 17, 2, 18, 68, 43173 }, // Ҝ
    { 15, 14, 15, 1, 14, 53, 43241 }, // ҝ
    { 17, 18, 17, 1, 18, 77, 43294 }, // Ҟ
    { 16, 19, 16, 0, 19, 76, 43371 }, // ҟ
    { 19, 18, 18, 0, 18, 86, 43447 }, // Ҡ
    { 18, 14, 17, 0, 14, 63, 43533 }, // ҡ
    { 19, 24, 21, 2, 18, 114, 43596 }, // Ң
    { 17, 19, 19, 1, 14, 81, 43710 }, // ң
    { 19, 18, 21, 2, 18, 86, 43791 }, // Ҥ
    { 18, 14, 19, 1, 14, 63, 43877 }, // ҥ
    { 25, 25, 28, 2, 18, 157, 43940 }, // Ҧ
    { 21, 21, 22, 1, 14, 111, 44097 }, // ҧ
    { 18, 21, 19, 1, 19, 95, 44208 }, // Ҩ
    { 15, 15, 16, 1, 14, 57, 44303 }, // ҩ
    { 15, 25, 16, 1, 19, 94, 44360 }, // Ҫ
    { 12, 20, 13, 1, 14, 60, 44454 }, // ҫ
    { 14, 24, 14, 0, 18, 84, 44514 }, // Ҭ
    { 14, 19, 14, 0, 14, 67, 44598 }, // ҭ
    { 16, 18, 16, 0, 18, 72, 44665 }, // Ү
    { 15, 20, 14, 0, 14, 75, 44737 }, // ү
    { 16, 18, 16, 0, 18, 72, 44812 }, // Ұ
    { 15, 20, 14, 0, 14, 75, 44884 }, // ұ
    { 19, 24, 19, 0, 18, 114, 44959 }, // Ҳ
    { 16, 19, 16, 0, 14, 76, 45073 }, // ҳ
    { 23, 24, 23, 0, 18, 138, 45149 }, // Ҵ
    { 20, 19, 20, 0, 14, 95, 45287 }, // ҵ
    { 19, 24, 20, 1, 18, 114, 45382 }, // Ҷ
    { 17, 19, 18, 1, 14, 81, 45496 }, // ҷ
    { 16, 18, 18, 1, 18, 72, 45577 }, // Ҹ
    { 14, 14, 16, 1, 14, 49, 45649 }, // ҹ
    { 15, 18, 18, 2, 18, 68, 45698 }, // Һ
    { 14, 19, 16, 1, 19, 67, 45766 }, // һ
    { 22, 20, 24, 0, 19, 110, 45833 }, // Ҽ
    { 18, 15, 18, -1, 14, 68, 45943 }, // ҽ
    { 22, 25, 24, 0, 19, 138, 46011 }, // Ҿ
    { 18, 19, 18, -1, 14, 86, 46149 }, // ҿ
    { 9, 18, 10, 0, 18, 41, 46235 }, // Ӏ
    { 25, 24, 25, 0, 24, 150, 46276 }, // Ӂ
    { 22, 20, 22, 0, 20, 110, 46426 }, // ӂ
    { 16, 25, 19, 2, 18, 100, 46536 }, // Ӄ
    { 15, 21, 16, 1, 14, 79, 46636 }, // ӄ
    { 21, 24, 21, 0, 18, 126, 46715 }, // Ӆ
    { 18, 19, 18, 0, 14, 86, 46841 }, // ӆ
    { 15, 25, 19, 2, 18, 94, 46927 }, // Ӈ
    { 14, 21, 17, 1, 14, 74, 47021 }, // ӈ
    { 19, 24, 21, 2, 18, 114, 47095 }, // Ӊ
    { 18, 19, 19, 1, 14, 86, 47209 }, // ӊ
    { 16, 24, 18, 1, 18, 96, 47295 }, // Ӌ
    { 14, 19, 16, 1, 14, 67, 47391 }, // ӌ
    { 24, 24, 26, 2, 18, 144, 47458 }, // Ӎ
    { 22, 19, 23, 1, 14, 105, 47602 }, // ӎ
    { 9, 18, 10, 0, 18, 41, 47707 }, // ӏ
    { 18, 24, 17, 0, 24, 108, 47748 }, // Ӑ
    { 13, 21, 15, 1, 20, 69, 47856 }, // ӑ
    { 18, 23, 17, 0, 23, 104, 47925 }, // Ӓ
    { 13, 20, 15, 1, 19, 65, 48029 }, // ӓ
    { 23, 18, 24, 0, 18, 104, 48094 }, // Ӕ
    { 21, 15, 23, 1, 14, 79, 48198 }, // ӕ
    { 11, 24, 14, 2, 24, 66, 48277 }, // Ӗ
    { 13, 21, 15, 1, 20, 69, 48343 }, // ӗ
    { 17, 20, 20, 2, 19, 85, 48412 }, // Ә
    { 13, 15, 15, 1, 14, 49, 48497 }, // ә
    { 17, 24, 20, 2, 23, 102, 48546 }, // Ӛ
    { 13, 20, 15, 1, 19, 65, 48648 }, // ӛ
    { 25, 23, 25, 0, 23, 144, 48713 }, // Ӝ
    { 22, 19, 22, 0, 19, 105, 48857 }, // ӝ
    { 13, 24, 15, 1, 23, 78, 48962 }, // Ӟ
    { 12, 20, 13, 0, 19, 60, 49040 }, // ӟ
    { 14, 19, 15, 0, 18, 67, 49100 }, // Ӡ
    { 14, 20, 15, 0, 14, 70, 49167 }, // ӡ
    { 16, 22, 20, 2, 22, 88, 49237 }, // Ӣ
    { 13, 18, 17, 2, 18, 59, 49325 }, // ӣ
    { 16, 23, 20, 2, 23, 92, 49384 }, // Ӥ
    { 13, 19, 17, 2, 19, 62, 49476 }, // ӥ
    { 18, 24, 20, 1, 23, 108, 49538 }, // Ӧ
    { 14, 20, 16, 1, 19, 70, 49646 }, // ӧ
    { 18, 20, 20, 1, 19, 90, 49716 }, // Ө
    { 14, 15, 15, 1, 14, 53, 49806 }, // ө
    { 18, 24, 20, 1, 23, 108, 49859 }, // Ӫ
    { 14, 20, 15, 1, 19, 70, 49967 }, // ӫ
    { 14, 24, 16, 1, 23, 84, 50037 }, // Ӭ
    { 13, 20, 13, 0, 19, 65, 50121 }, // ӭ
    { 17, 23, 16, 0, 22, 98, 50186 }, // Ӯ
    { 16, 24, 14, -1, 18, 96, 50284 }, // ӯ
    { 17, 24, 16, 0, 23, 102, 50380 }, // Ӱ
    { 16, 25, 14, -1, 19, 100, 50482 }, // ӱ
    { 17, 25, 16, 0, 24, 107, 50582 }, // Ӳ
    { 15, 26, 14, 0, 20, 98, 50689 }, // ӳ
    { 15, 23, 18, 1, 23, 87, 50787 }, // Ӵ
    { 13, 19, 16, 1, 19, 62, 50874 }, // ӵ
    { 12, 24, 14, 2, 18, 72, 50936 }, // Ӷ
    { 11, 19, 12, 1, 14, 53, 51008 }, // ӷ
    { 19, 23, 23, 2, 23, 110, 51061 }, // Ӹ
    { 18, 19, 21, 2, 19, 86, 51171 }, // ӹ
    { 14, 25, 14, 0, 18, 88, 51257 }, // Ӻ
    { 12, 20, 12, 0, 14, 60, 51345 }, // ӻ
    { 18, 25, 18, 0, 18, 113, 51405 }, // Ӽ
    { 16, 20, 16, 0, 14, 80, 51518 }, // ӽ
    { 17, 18, 17, 0, 18, 77, 51598 }, // Ӿ
    { 15, 14, 14, 0, 14, 53, 51675 }, // ӿ
    { 0, 0, 13, 0, 0, 0, 51728 }, //  
    { 0, 0, 25, 0, 0, 0, 51728 }, //  
    { 0, 0, 13, 0, 0, 0, 51728 }, //  
    { 0, 0, 25, 0, 0, 0, 51728 }, //  
    { 0, 0, 8, 0, 0, 0, 51728 }, //  
    { 0, 0, 6, 0, 0, 0, 51728 }, //  
    { 0, 0, 4, 0, 0, 0, 51728 }, //  
    { 0, 0, 14, 0, 0, 0, 51728 }, //  
    { 0, 0, 7, 0, 0, 0, 51728 }, //  
    { 0, 0, 4, 0, 0, 0, 51728 }, //  
    { 0, 0, 3, 0, 0, 0, 51728 }, //  
    { 0, 0, 0, 0, 0, 0, 51728 }, // ​
    { 0, 0, 0, 0, 0, 0, 51728 }, // ‌
    { 0, 0, 0, 0, 0, 0, 51728 }, // ‍
    { 7, 22, 0, -1, 18, 39, 51728 }, // ‎
    { 7, 22, 0, -6, 18, 39, 51767 }, // ‏
    { 8, 4, 8, 0, 9, 8, 51806 }, // ‐
    { 8, 4, 8, 0, 9, 8, 51814 }, // ‑
    { 13, 4, 14, 1, 11, 13, 51822 }, // ‒
    { 12, 4, 13, 0, 9, 12, 51835 }, // –
    { 25, 4, 25, 0, 9, 25, 51847 }, // —
    { 25, 4, 25, 0, 9, 25, 51872 }, // ―
    { 10, 25, 14, 2, 19, 63, 51897 }, // ‖
    { 12, 6, 10, -1, 0, 18, 51960 }, // ‗
    { 6, 7, 5, 0, 18, 11, 51978 }, // ‘
    { 6, 7, 5, 0, 18, 11, 51989 }, // ’
    { 6, 7, 7, 0, 4, 11, 52000 }, // ‚
    { 6, 7, 5, 0, 18, 11, 52011 }, // ‛
    { 11, 7, 11, 0, 18, 20, 52022 }, // “
    { 11, 7, 11, 0, 18, 20, 52042 }, // ”
    { 12, 7, 13, 0, 3, 21, 52062 }, // „
    { 11, 7, 11, 0, 18, 20, 52083 }, // ‟
    { 11, 19, 13, 1, 19, 53, 52103 }, // †
    { 11, 19, 13, 1, 19, 53, 52156 }, // ‡
    { 8, 8, 9, 1, 13, 16, 52209 }, // •
    { 9, 10, 9, 1, 14, 23, 52225 }, // ‣
    { 5, 5, 13, 4, 4, 7, 52248 }, // ․
    { 13, 5, 14, 1, 4, 17, 52255 }, // ‥
    { 19, 5, 21, 1, 4, 24, 52272 }, // …
    { 5, 5, 7, 1, 9, 7, 52296 }, // ‧
    { 0, 0, 15, 0, 0, 0, 52303 }, //  
    { 0, 0, 15, 0, 0, 0, 52303 }, //  
    { 7, 20, 0, -1, 16, 35, 52303 }, // ‪
    { 7, 20, 0, -6, 16, 35, 52338 }, // ‫
    { 6, 22, 0, -3, 18, 33, 52373 }, // ‬
    { 6, 22, 0, -3, 18, 33, 52406 }, // ‭
    { 6, 22, 0, -3, 18, 33, 52439 }, // ‮
    { 0, 0, 4, 0, 0, 0, 52472 }, //  
    { 32, 20, 32, 0, 19, 160, 52472 }, // ‰
    { 41, 20, 42, 0, 19, 205, 52632 }, // ‱
    { 7, 7, 8, 1, 18, 13, 52837 }, // ′
    { 13, 7, 13, 1, 18, 23, 52850 }, // ″
    { 18, 7, 19, 1, 18, 32, 52873 }, // ‴
    { 7, 7, 11, 1, 18, 13, 52905 }, // ‵
    { 13, 7, 16, 1, 18, 23, 52918 }, // ‶
    { 18, 7, 22, 1, 18, 32, 52941 }, // ‷
    { 10, 9, 10, 0, 3, 23, 52973 }, // ‸
    { 9, 12, 9, 0, 13, 27, 52996 }, // ‹
    { 9, 12, 9, 0, 13, 27, 53023 }, // ›
    { 19, 20, 21, 1, 19, 95, 53050 }, // ※
    { 12, 19, 14, 1, 18, 57, 53145 }, // ‼
    { 12, 20, 12, 0, 19, 60, 53202 }, // ‽
    { 14, 3, 13, -1, 22, 11, 53262 }, // ‾
    { 15, 6, 15, 0, 0, 23, 53273 }, // ‿
    { 15, 6, 15, 0, 20, 23, 53296 }, // ⁀
    { 11, 17, 11, 0, 11, 47, 53319 }, // ⁁
    { 28, 23, 28, 0, 19, 161, 53366 }, // ⁂
    { 7, 4, 8, 1, 9, 7, 53527 }, // ⁃
    { 14, 18, 3, -5, 18, 63, 53534 }, // ⁄
    { 7, 22, 8, 1, 18, 39, 53597 }, // ⁅
    { 7, 22, 8, 0, 18, 39, 53636 }, // ⁆
    { 24, 20, 24, 0, 19, 120, 53675 }, // ⁇
    { 18, 20, 19, 0, 19, 90, 53795 }, // ⁈
    { 18, 20, 19, 1, 19, 90, 53885 }, // ⁉
    { 13, 14, 15, 1, 14, 46, 53975 }, // ⁊
    { 14, 23, 16, 1, 19, 81, 54021 }, // ⁋
    { 14, 13, 16, 1, 14, 46, 54102 }, // ⁌
    { 14, 13, 16, 2, 14, 46, 54148 }, // ⁍
    { 13, 12, 14, 0, 7, 39, 54194 }, // ⁎
    { 6, 18, 7, 1, 14, 27, 54233 }, // ⁏
    { 15, 26, 15, 0, 20, 98, 54260 }, // ⁐
    { 13, 25, 14, 0, 19, 82, 54358 }, // ⁑
    { 11, 20, 11, 0, 19, 55, 54440 }, // ⁒
    { 24, 5, 25, 1, 10, 30, 54495 }, // ⁓
    { 15, 6, 15, 0, 0, 23, 54525 }, // ⁔
    { 14, 13, 14, 0, 13, 46, 54548 }, // ⁕
    { 13, 20, 14, 1, 19, 65, 54594 }, // ⁖
    { 23, 7, 23, 1, 18, 41, 54659 }, // ⁗
    { 20, 20, 22, 1, 19, 100, 54700 }, // ⁘
    { 20, 20, 22, 1, 19, 100, 54800 }, // ⁙
    { 5, 20, 7, 1, 19, 25, 54900 }, // ⁚
    { 15, 21, 17, 1, 20, 79, 54925 }, // ⁛
    { 21, 20, 21, 0, 19, 105, 55004 }, // ⁜
    { 5, 20, 7, 1, 19, 25, 55109 }, // ⁝
    { 5, 20, 7, 1, 19, 25, 55134 }, // ⁞
    { 0, 0, 6, 0, 0, 0, 55159 }, //  
    { 0, 0, 15, 0, 0, 0, 55159 }, // ⁠
    { 0, 0, 15, 0, 0, 0, 55159 }, // ⁡
    { 0, 0, 15, 0, 0, 0, 55159 }, // ⁢
    { 0, 0, 15, 0, 0, 0, 55159 }, // ⁣
    { 0, 0, 15, 0, 0, 0, 55159 }, // ⁤
    { 0, 0, 0, 0, 0, 0, 55159 }, // ⁦
    { 0, 0, 0, 0, 0, 0, 55159 }, // ⁧
    { 0, 0, 0, 0, 0, 0, 55159 }, // ⁨
    { 0, 0, 0, 0, 0, 0, 55159 }, // ⁩
    { 6, 22, 0, -3, 18, 33, 55159 }, // ⁪
    { 6, 22, 0, -3, 18, 33, 55192 }, // ⁫
    { 6, 22, 0, -3, 18, 33, 55225 }, // ⁬
    { 6, 22, 0, -3, 18, 33, 55258 }, // ⁭
    { 6, 22, 0, -3, 18, 33, 55291 }, // ⁮
    { 6, 22, 0, -3, 18, 33, 55324 }, // ⁯
    { 14, 19, 14, 0, 19, 67, 55357 }, // ₠
    { 15, 21, 15, 0, 19, 79, 55424 }, // ₡
    { 14, 20, 14, 0, 19, 70, 55503 }, // ₢
    { 13, 18, 14, 0, 18, 59, 55573 }, // ₣
    { 13, 19, 14, 1, 19, 62, 55632 }, // ₤
    { 22, 20, 24, 1, 17, 110, 55694 }, // ₥
    { 15, 18, 14, 0, 18, 68, 55804 }, // ₦
    { 21, 19, 22, 1, 18, 100, 55872 }, // ₧
    { 22, 19, 23, 1, 18, 105, 55972 }, // ₨
    { 19, 18, 18, 0, 18, 86, 56077 }, // ₩
    { 19, 18, 23, 2, 18, 86, 56163 }, // ₪
    { 15, 23, 16, 1, 19, 87, 56249 }, // ₫
    { 15, 19, 14, 0, 18, 72, 56336 }, // €
    { 15, 18, 14, 0, 18, 68, 56408 }, // ₭
    { 14, 18, 14, 0, 18, 63, 56476 }, // ₮
    { 25, 25, 25, 0, 19, 157, 56539 }, // ₯
    { 14, 25, 15, 0, 19, 88, 56696 }, // ₰
    { 15, 18, 14, 0, 18, 68, 56784 }, // ₱
    { 16, 21, 18, 1, 19, 84, 56852 }, // ₲
    { 17, 18, 16, 0, 18, 77, 56936 }, // ₳
    { 15, 20, 14, 0, 19, 75, 57013 }, // ₴
    { 15, 21, 16, 1, 19, 79, 57088 }, // ₵
    { 17, 18, 17, 0, 17, 77, 57167 }, // ₶
    { 18, 21, 18, 0, 19, 95, 57244 }, // ₷
    { 14, 18, 14, 0, 18, 63, 57339 }, // ₸
    { 12, 18, 14, 1, 18, 54, 57402 }, // ₹
    { 14, 19, 14, 0, 18, 67, 57456 }, // ₺
    { 20, 20, 20, 0, 19, 100, 57523 }, // ₻
    { 20, 18, 22, 1, 18, 90, 57623 }, // ₼
    { 15, 18, 15, 0, 18, 68, 57713 }, // ₽
    { 18, 20, 20, 1, 20, 90, 57781 }, // ₾
    { 12, 24, 14, 2, 21, 72, 57871 }, // ₿
    { 12, 19, 13, 1, 14, 57, 57943 }, // ⃀
    { 13, 20, 13, 0, 19, 65, 58000 }, // ℓ
    { 16, 18, 18, 2, 18, 72, 58065 }, // ℝ
    { 24, 10, 25, 1, 12, 60, 58137 }, // ←
    { 11, 23, 13, 1, 19, 64, 58197 }, // ↑
    { 24, 10, 25, 1, 12, 60, 58261 }, // →
    { 11, 23, 13, 1, 19, 64, 58321 }, // ↓
    { 26, 10, 28, 1, 12, 65, 58385 }, // ↔
    { 11, 26, 13, 1, 20, 72, 58450 }, // ↕
    { 18, 18, 20, 1, 16, 81, 58522 }, // ↖
    { 18, 18, 20, 1, 16, 81, 58603 }, // ↗
    { 18, 18, 20, 1, 16, 81, 58684 }, // ↘
    { 18, 18, 20, 1, 16, 81, 58765 }, // ↙
    { 24, 10, 25, 1, 12, 60, 58846 }, // ↚
    { 24, 10, 25, 1, 12, 60, 58906 }, // ↛
    { 24, 10, 25, 1, 14, 60, 58966 }, // ↜
    { 24, 10, 25, 1, 14, 60, 59026 }, // ↝
    { 24, 10, 25, 1, 12, 60, 59086 }, // ↞
    { 11, 23, 13, 1, 19, 64, 59146 }, // ↟
    { 24, 10, 25, 1, 12, 60, 59210 }, // ↠
    { 11, 23, 13, 1, 19, 64, 59270 }, // ↡
    { 24, 10, 25, 1, 12, 60, 59334 }, // ↢
    { 24, 10, 25, 1, 12, 60, 59394 }, // ↣
    { 24, 10, 25, 1, 12, 60, 59454 }, // ↤
    { 11, 23, 13, 1, 19, 64, 59514 }, // ↥
    { 24, 10, 25, 1, 12, 60, 59578 }, // ↦
    { 11, 24, 13, 1, 20, 66, 59638 }, // ↧
    { 11, 26, 13, 1, 21, 72, 59704 }, // ↨
    { 24, 12, 26, 1, 14, 72, 59776 }, // ↩
    { 24, 12, 26, 1, 14, 72, 59848 }, // ↪
    { 26, 12, 27, 1, 14, 78, 59920 }, // ↫
    { 26, 12, 27, 1, 14, 78, 59998 }, // ↬
    { 29, 10, 31, 1, 12, 73, 60076 }, // ↭
    { 26, 10, 28, 1, 12, 65, 60149 }, // ↮
    { 14, 24, 15, 1, 19, 84, 60214 }, // ↯
    { 14, 23, 18, 2, 19, 81, 60298 }, // ↰
    { 14, 23, 18, 2, 19, 81, 60379 }, // ↱
    { 14, 23, 18, 2, 19, 81, 60460 }, // ↲
    { 14, 23, 18, 2, 19, 81, 60541 }, // ↳
    { 17, 14, 21, 2, 11, 60, 60622 }, // ↴
    { 14, 15, 18, 2, 14, 53, 60682 }, // ↵
    { 26, 14, 31, 3, 14, 91, 60735 }, // ↶
    { 26, 14, 31, 3, 14, 91, 60826 }, // ↷
    { 18, 21, 20, 1, 19, 95, 60917 }, // ↸
    { 24, 20, 25, 1, 17, 120, 61012 }, // ↹
    { 24, 22, 30, 3, 18, 132, 61132 }, // ↺
    { 24, 22, 30, 3, 18, 132, 61264 }, // ↻
    { 24, 6, 25, 1, 12, 36, 61396 }, // ↼
    { 24, 7, 25, 1, 9, 42, 61432 }, // ↽
    { 7, 23, 12, 4, 19, 41, 61474 }, // ↾
    { 7, 23, 12, 1, 19, 41, 61515 }, // ↿
    { 24, 6, 25, 1, 12, 36, 61556 }, // ⇀
    { 24, 7, 25, 1, 9, 42, 61592 }, // ⇁
    { 7, 23, 12, 4, 19, 41, 61634 }, // ⇂
    { 7, 23, 12, 1, 19, 41, 61675 }, // ⇃
    { 24, 20, 25, 1, 17, 120, 61716 }, // ⇄
    { 21, 23, 23, 1, 19, 121, 61836 }, // ⇅
    { 24, 20, 25, 1, 17, 120, 61957 }, // ⇆
    { 24, 20, 25, 1, 17, 120, 62077 }, // ⇇
    { 21, 23, 23, 1, 19, 121, 62197 }, // ⇈
    { 24, 20, 25, 1, 17, 120, 62318 }, // ⇉
    { 21, 23, 23, 1, 19, 121, 62438 }, // ⇊
    { 24, 16, 25, 1, 15, 96, 62559 }, // ⇋
    { 24, 15, 25, 1, 14, 90, 62655 }, // ⇌
    { 24, 16, 25, 1, 15, 96, 62745 }, // ⇍
    { 30, 16, 32, 1, 15, 120, 62841 }, // ⇎
    { 24, 16, 25, 1, 15, 96, 62961 }, // ⇏
    { 24, 16, 25, 1, 15, 96, 63057 }, // ⇐
    { 17, 23, 19, 1, 19, 98, 63153 }, // ⇑
    { 24, 16, 25, 1, 15, 96, 63251 }, // ⇒
    { 17, 23, 19, 1, 19, 98, 63347 }, // ⇓
    { 30, 16, 32, 1, 15, 120, 63445 }, // ⇔
    { 17, 29, 19, 1, 22, 124, 63565 }, // ⇕
    { 20, 20, 21, 1, 17, 100, 63689 }, // ⇖
    { 20, 20, 21, 1, 17, 100, 63789 }, // ⇗
    { 20, 20, 21, 1, 17, 100, 63889 }, // ⇘
    { 20, 19, 21, 1, 17, 95, 63989 }, // ⇙
    { 24, 20, 25, 1, 17, 120, 64084 }, // ⇚
    { 24, 20, 25, 1, 17, 120, 64204 }, // ⇛
    { 26, 10, 28, 1, 12, 65, 64324 }, // ⇜
    { 26, 10, 28, 1, 12, 65, 64389 }, // ⇝
    { 9, 19, 11, 1, 18, 43, 64454 }, // ⇞
    { 9, 19, 11, 1, 18, 43, 64497 }, // ⇟
    { 24, 10, 25, 1, 12, 60, 64540 }, // ⇠
    { 11, 23, 13, 1, 21, 64, 64600 }, // ⇡
    { 24, 10, 25, 1, 12, 60, 64664 }, // ⇢
    { 11, 23, 13, 1, 18, 64, 64724 }, // ⇣
    { 24, 10, 25, 1, 12, 60, 64788 }, // ⇤
    { 24, 10, 25, 1, 12, 60, 64848 }, // ⇥
    { 19, 15, 20, 1, 16, 72, 64908 }, // ⇦
    { 15, 19, 17, 1, 18, 72, 64980 }, // ⇧
    { 19, 15, 20, 1, 16, 72, 65052 }, // ⇨
    { 15, 19, 17, 1, 17, 72, 65124 }, // ⇩
    { 15, 21, 17, 1, 18, 79, 65196 }, // ⇪
    { 15, 21, 17, 1, 18, 79, 65275 }, // ⇫
    { 15, 20, 17, 1, 17, 75, 65354 }, // ⇬
    { 15, 21, 17, 1, 18, 79, 65429 }, // ⇭
    { 15, 24, 17, 1, 21, 90, 65508 }, // ⇮
    { 15, 24, 17, 1, 21, 90, 65598 }, // ⇯
    { 21, 14, 23, 1, 15, 74, 65688 }, // ⇰
    { 23, 23, 24, 1, 20, 133, 65762 }, // ⇱
    { 23, 21, 24, 1, 17, 121, 65895 }, // ⇲
    { 15, 23, 17, 1, 20, 87, 66016 }, // ⇳
    { 24, 10, 25, 1, 12, 60, 66103 }, // ⇴
    { 21, 23, 23, 1, 19, 121, 66163 }, // ⇵
    { 24, 30, 25, 1, 22, 180, 66284 }, // ⇶
    { 24, 10, 25, 1, 12, 60, 66464 }, // ⇷
    { 24, 10, 25, 1, 12, 60, 66524 }, // ⇸
    { 26, 10, 28, 1, 12, 65, 66584 }, // ⇹
    { 24, 10, 25, 1, 12, 60, 66649 }, // ⇺
    { 24, 10, 25, 1, 12, 60, 66709 }, // ⇻
    { 26, 10, 28, 1, 12, 65, 66769 }, // ⇼
    { 24, 11, 25, 1, 13, 66, 66834 }, // ⇽
    { 24, 11, 25, 1, 13, 66, 66900 }, // ⇾
    { 28, 11, 30, 1, 13, 77, 66966 }, // ⇿
    { 17, 19, 19, 1, 18, 81, 67043 }, // ∀
    { 9, 18, 11, 1, 18, 41, 67124 }, // ∁
    { 12, 19, 13, 1, 19, 57, 67165 }, // ∂
    { 13, 18, 14, 1, 18, 59, 67222 }, // ∃
    { 13, 23, 14, 1, 21, 75, 67281 }, // ∄
    { 19, 19, 21, 1, 19, 91, 67356 }, // ∅
    { 15, 18, 15, 0, 18, 68, 67447 }, // ∆
    { 15, 19, 15, 0, 19, 72, 67515 }, // ∇
    { 16, 15, 17, 1, 15, 60, 67587 }, // ∈
    { 16, 22, 17, 1, 19, 88, 67647 }, // ∉
    { 12, 12, 14, 1, 13, 36, 67735 }, // ∊
    { 16, 15, 17, 1, 15, 60, 67771 }, // ∋
    { 16, 22, 17, 1, 19, 88, 67831 }, // ∌
    { 12, 12, 14, 1, 13, 36, 67919 }, // ∍
    { 12, 17, 14, 1, 17, 51, 67955 }, // ∎
    { 21, 25, 23, 1, 19, 132, 68006 }, // ∏
    { 21, 24, 23, 1, 18, 126, 68138 }, // ∐
    { 20, 24, 21, 1, 18, 120, 68264 }, // ∑
    { 13, 4, 15, 1, 11, 13, 68384 }, // −
    { 13, 13, 14, 1, 14, 43, 68397 }, // ∓
    { 13, 16, 14, 1, 17, 52, 68440 }, // ∔
    { 8, 22, 10, 1, 18, 44, 68492 }, // ∕
    { 8, 22, 10, 1, 18, 44, 68536 }, // ∖
    { 10, 9, 11, 1, 11, 23, 68580 }, // ∗
    { 8, 7, 10, 1, 10, 14, 68603 }, // ∘
    { 5, 5, 7, 1, 10, 7, 68617 }, // ∙
    { 17, 27, 17, 1, 27, 115, 68624 }, // √
    { 17, 27, 17, 1, 27, 115, 68739 }, // ∛
    { 17, 27, 17, 1, 27, 115, 68854 }, // ∜
    { 12, 8, 14, 1, 11, 24, 68969 }, // ∝
    { 21, 13, 23, 1, 13, 69, 68993 }, // ∞
    { 15, 14, 16, 1, 14, 53, 69062 }, // ∟
    { 15, 14, 16, 1, 14, 53, 69115 }, // ∠
    { 15, 18, 16, 1, 14, 68, 69168 }, // ∡
    { 13, 14, 14, 1, 14, 46, 69236 }, // ∢
    { 3, 22, 4, 1, 18, 17, 69282 }, // ∣
    { 9, 22, 11, 1, 18, 50, 69299 }, // ∤
    { 7, 22, 9, 1, 18, 39, 69349 }, // ∥
    { 14, 22, 15, 1, 18, 77, 69388 }, // ∦
    { 16, 15, 18, 1, 15, 60, 69465 }, // ∧
    { 16, 15, 18, 1, 15, 60, 69525 }, // ∨
    { 15, 17, 17, 1, 17, 64, 69585 }, // ∩
    { 15, 17, 17, 1, 17, 64, 69649 }, // ∪
    { 19, 29, 21, 1, 23, 138, 69713 }, // ∫
    { 28, 29, 29, 1, 23, 203, 69851 }, // ∬
    { 36, 29, 38, 1, 23, 261, 70054 }, // ∭
    { 19, 29, 21, 1, 23, 138, 70315 }, // ∮
    { 28, 29, 29, 1, 23, 203, 70453 }, // ∯
    { 36, 29, 38, 1, 23, 261, 70656 }, // ∰
    { 19, 29, 21, 1, 23, 138, 70917 }, // ∱
    { 19, 29, 21, 1, 23, 138, 71055 }, // ∲
    { 19, 29, 21, 1, 23, 138, 71193 }, // ∳
    { 13, 12, 14, 1, 13, 39, 71331 }, // ∴
    { 13, 12, 14, 1, 13, 39, 71370 }, // ∵
    { 4, 12, 6, 1, 13, 12, 71409 }, // ∶
    { 13, 12, 14, 1, 13, 39, 71421 }, // ∷
    { 13, 7, 14, 1, 13, 23, 71460 }, // ∸
    { 14, 8, 15, 1, 11, 28, 71483 }, // ∹
    { 13, 12, 14, 1, 13, 39, 71511 }, // ∺
    { 13, 11, 14, 1, 12, 36, 71550 }, // ∻
    { 13, 4, 14, 1, 9, 13, 71586 }, // ∼
    { 13, 4, 14, 1, 9, 13, 71599 }, // ∽
    { 16, 8, 17, 1, 11, 32, 71612 }, // ∾
    { 15, 14, 17, 1, 14, 53, 71644 }, // ∿
    { 4, 13, 6, 1, 14, 13, 71697 }, // ≀
    { 13, 10, 14, 1, 12, 33, 71710 }, // ≁
    { 13, 7, 14, 1, 11, 23, 71743 }, // ≂
    { 13, 7, 14, 1, 11, 23, 71766 }, // ≃
    { 13, 15, 14, 1, 14, 49, 71789 }, // ≄
    { 13, 11, 14, 1, 13, 36, 71838 }, // ≅
    { 13, 14, 14, 1, 13, 46, 71874 }, // ≆
    { 13, 17, 14, 1, 16, 56, 71920 }, // ≇
    { 13, 7, 14, 1, 10, 23, 71976 }, // ≈
    { 13, 14, 14, 1, 14, 46, 71999 }, // ≉
    { 13, 11, 14, 1, 13, 36, 72045 }, // ≊
    { 13, 12, 14, 1, 13, 39, 72081 }, // ≋
    { 13, 11, 14, 1, 13, 36, 72120 }, // ≌
    { 13, 9, 14, 1, 11, 30, 72156 }, // ≍
    { 13, 15, 14, 1, 15, 49, 72186 }, // ≎
    { 13, 10, 14, 1, 14, 33, 72235 }, // ≏
    { 13, 12, 14, 1, 16, 39, 72268 }, // ≐
    { 13, 16, 14, 1, 15, 52, 72307 }, // ≑
    { 13, 16, 14, 1, 15, 52, 72359 }, // ≒
    { 13, 16, 14, 1, 15, 52, 72411 }, // ≓
    { 15, 8, 17, 1, 11, 30, 72463 }, // ≔
    { 15, 8, 17, 1, 11, 30, 72493 }, // ≕
    { 13, 7, 14, 1, 11, 23, 72523 }, // ≖
    { 13, 14, 14, 1, 18, 46, 72546 }, // ≗
    { 13, 13, 14, 1, 17, 43, 72592 }, // ≘
    { 13, 16, 14, 1, 20, 52, 72635 }, // ≙
    { 13, 16, 14, 1, 17, 52, 72687 }, // ≚
    { 13, 17, 14, 1, 21, 56, 72739 }, // ≛
    { 13, 16, 14, 1, 20, 52, 72795 }, // ≜
    { 13, 15, 14, 1, 19, 49, 72847 }, // ≝
    { 13, 13, 14, 1, 17, 43, 72896 }, // ≞
    { 13, 14, 14, 1, 18, 46, 72939 }, // ≟
    { 13, 15, 14, 1, 15, 49, 72985 }, // ≠
    { 13, 12, 14, 1, 14, 39, 73034 }, // ≡
    { 13, 17, 14, 1, 16, 56, 73073 }, // ≢
    { 13, 15, 14, 1, 15, 49, 73129 }, // ≣
    { 13, 16, 14, 1, 15, 52, 73178 }, // ≤
    { 13, 16, 14, 1, 15, 52, 73230 }, // ≥
    { 13, 17, 14, 1, 16, 56, 73282 }, // ≦
    { 13, 17, 14, 1, 16, 56, 73338 }, // ≧
    { 13, 20, 14, 1, 16, 65, 73394 }, // ≨
    { 13, 20, 14, 1, 16, 65, 73459 }, // ≩
    { 21, 14, 21, 0, 14, 74, 73524 }, // ≪
    { 21, 14, 21, 0, 14, 74, 73598 }, // ≫
    { 7, 19, 9, 1, 16, 34, 73672 }, // ≬
    { 13, 15, 14, 1, 15, 49, 73706 }, // ≭
    { 13, 22, 14, 1, 19, 72, 73755 }, // ≮
    { 13, 22, 14, 1, 18, 72, 73827 }, // ≯
    { 13, 22, 14, 1, 17, 72, 73899 }, // ≰
    { 13, 22, 14, 1, 18, 72, 73971 }, // ≱
    { 13, 16, 14, 1, 15, 52, 74043 }, // ≲
    { 13, 16, 14, 1, 15, 52, 74095 }, // ≳
    { 13, 22, 14, 1, 18, 72, 74147 }, // ≴
    { 13, 22, 14, 1, 18, 72, 74219 }, // ≵
    { 13, 18, 14, 1, 16, 59, 74291 }, // ≶
    { 13, 18, 14, 1, 16, 59, 74350 }, // ≷
    { 13, 22, 14, 1, 18, 72, 74409 }, // ≸
    { 13, 22, 14, 1, 18, 72, 74481 }, // ≹
    { 12, 14, 14, 1, 14, 42, 74553 }, // ≺
    { 12, 14, 14, 1, 14, 42, 74595 }, // ≻
    { 12, 18, 14, 1, 16, 54, 74637 }, // ≼
    { 12, 18, 14, 1, 16, 54, 74691 }, // ≽
    { 13, 16, 14, 1, 15, 52, 74745 }, // ≾
    { 13, 16, 14, 1, 14, 52, 74797 }, // ≿
    { 12, 17, 14, 1, 16, 51, 74849 }, // ⊀
    { 12, 17, 14, 1, 16, 51, 74900 }, // ⊁
    { 16, 15, 17, 1, 15, 60, 74951 }, // ⊂
    { 16, 15, 17, 1, 15, 60, 75011 }, // ⊃
    { 16, 21, 17, 1, 18, 84, 75071 }, // ⊄
    { 16, 21, 17, 1, 18, 84, 75155 }, // ⊅
    { 16, 19, 17, 1, 17, 76, 75239 }, // ⊆
    { 16, 19, 17, 1, 17, 76, 75315 }, // ⊇
    { 16, 25, 17, 1, 20, 100, 75391 }, // ⊈
    { 16, 25, 17, 1, 20, 100, 75491 }, // ⊉
    { 16, 22, 17, 1, 17, 88, 75591 }, // ⊊
    { 16, 22, 17, 1, 17, 88, 75679 }, // ⊋
    { 14, 18, 16, 1, 18, 63, 75767 }, // ⊌
    { 14, 18, 16, 1, 18, 63, 75830 }, // ⊍
    { 14, 18, 16, 1, 18, 63, 75893 }, // ⊎
    { 13, 14, 14, 1, 14, 46, 75956 }, // ⊏
    { 13, 14, 14, 1, 14, 46, 76002 }, // ⊐
    { 13, 18, 14, 1, 16, 59, 76048 }, // ⊑
    { 13, 18, 14, 1, 16, 59, 76107 }, // ⊒
    { 14, 15, 16, 1, 15, 53, 76166 }, // ⊓
    { 14, 14, 16, 1, 14, 49, 76219 }, // ⊔
    { 19, 19, 21, 1, 16, 91, 76268 }, // ⊕
    { 19, 18, 21, 1, 16, 86, 76359 }, // ⊖
    { 19, 18, 21, 1, 16, 86, 76445 }, // ⊗
    { 19, 18, 21, 1, 16, 86, 76531 }, // ⊘
    { 19, 18, 21, 1, 16, 86, 76617 }, // ⊙
    { 19, 18, 21, 1, 16, 86, 76703 }, // ⊚
    { 19, 18, 21, 1, 16, 86, 76789 }, // ⊛
    { 19, 18, 21, 1, 16, 86, 76875 }, // ⊜
    { 19, 18, 21, 1, 16, 86, 76961 }, // ⊝
    { 17, 16, 19, 1, 15, 68, 77047 }, // ⊞
    { 17, 16, 19, 1, 15, 68, 77115 }, // ⊟
    { 17, 16, 19, 1, 15, 68, 77183 }, // ⊠
    { 17, 16, 19, 1, 15, 68, 77251 }, // ⊡
    { 17, 17, 19, 1, 16, 73, 77319 }, // ⊢
    { 17, 17, 19, 1, 16, 73, 77392 }, // ⊣
    { 17, 18, 19, 1, 18, 77, 77465 }, // ⊤
    { 17, 17, 19, 1, 17, 73, 77542 }, // ⊥
    { 10, 17, 12, 1, 16, 43, 77615 }, // ⊦
    { 10, 17, 12, 1, 15, 43, 77658 }, // ⊧
    { 17, 17, 19, 1, 16, 73, 77701 }, // ⊨
    { 19, 17, 21, 1, 16, 81, 77774 }, // ⊩
    { 19, 17, 21, 1, 16, 81, 77855 }, // ⊪
    { 19, 17, 21, 1, 16, 81, 77936 }, // ⊫
    { 17, 19, 19, 1, 17, 81, 78017 }, // ⊬
    { 17, 19, 19, 1, 17, 81, 78098 }, // ⊭
    { 19, 19, 21, 1, 17, 91, 78179 }, // ⊮
    { 19, 19, 21, 1, 17, 91, 78270 }, // ⊯
    { 12, 14, 14, 1, 14, 42, 78361 }, // ⊰
    { 12, 14, 14, 1, 14, 42, 78403 }, // ⊱
    { 13, 10, 14, 1, 12, 33, 78445 }, // ⊲
    { 13, 10, 14, 1, 12, 33, 78478 }, // ⊳
    { 13, 13, 14, 1, 14, 43, 78511 }, // ⊴
    { 13, 13, 14, 1, 14, 43, 78554 }, // ⊵
    { 21, 7, 23, 1, 11, 37, 78597 }, // ⊶
    { 21, 7, 23, 1, 11, 37, 78634 }, // ⊷
    { 18, 7, 20, 1, 10, 32, 78671 }, // ⊸
    { 13, 12, 14, 1, 13, 39, 78703 }, // ⊹
    { 12, 18, 14, 1, 18, 54, 78742 }, // ⊺
    { 13, 15, 14, 1, 15, 49, 78796 }, // ⊻
    { 13, 16, 14, 1, 16, 52, 78845 }, // ⊼
    { 13, 16, 14, 1, 16, 52, 78897 }, // ⊽
    { 15, 14, 16, 1, 14, 53, 78949 }, // ⊾
    { 16, 16, 18, 1, 16, 64, 79002 }, // ⊿
    { 21, 24, 23, 1, 18, 126, 79066 }, // ⋀
    { 21, 24, 23, 1, 18, 126, 79192 }, // ⋁
    { 17, 25, 19, 1, 19, 107, 79318 }, // ⋂
    { 17, 24, 19, 1, 18, 102, 79425 }, // ⋃
    { 13, 14, 15, 1, 14, 46, 79527 }, // ⋄
    { 4, 3, 6, 1, 8, 3, 79573 }, // ⋅
    { 10, 10, 12, 1, 12, 25, 79576 }, // ⋆
    { 13, 13, 14, 1, 14, 43, 79601 }, // ⋇
    { 17, 18, 18, 1, 16, 77, 79644 }, // ⋈
    { 17, 18, 18, 1, 16, 77, 79721 }, // ⋉
    { 17, 18, 18, 1, 16, 77, 79798 }, // ⋊
    { 17, 17, 18, 1, 15, 73, 79875 }, // ⋋
    { 17, 17, 18, 1, 15, 73, 79948 }, // ⋌
    { 13, 7, 14, 1, 11, 23, 80021 }, // ⋍
    { 16, 14, 18, 1, 14, 56, 80044 }, // ⋎
    { 16, 14, 18, 1, 14, 56, 80100 }, // ⋏
    { 16, 15, 17, 1, 15, 60, 80156 }, // ⋐
    { 16, 15, 17, 1, 15, 60, 80216 }, // ⋑
    { 15, 16, 17, 1, 15, 60, 80276 }, // ⋒
    { 15, 15, 17, 1, 15, 57, 80336 }, // ⋓
    { 15, 18, 17, 1, 16, 68, 80393 }, // ⋔
    { 13, 22, 14, 1, 18, 72, 80461 }, // ⋕
    { 12, 13, 13, 1, 13, 39, 80533 }, // ⋖
    { 12, 13, 13, 1, 13, 39, 80572 }, // ⋗
    { 27, 14, 29, 1, 14, 95, 80611 }, // ⋘
    { 27, 14, 29, 1, 14, 95, 80706 }, // ⋙
    { 13, 24, 14, 1, 19, 78, 80801 }, // ⋚
    { 13, 24, 14, 1, 19, 78, 80879 }, // ⋛
    { 13, 17, 14, 1, 16, 56, 80957 }, // ⋜
    { 13, 17, 14, 1, 16, 56, 81013 }, // ⋝
    { 12, 18, 14, 1, 16, 54, 81069 }, // ⋞
    { 12, 18, 14, 1, 16, 54, 81123 }, // ⋟
    { 12, 22, 14, 1, 19, 66, 81177 }, // ⋠
    { 12, 22, 14, 1, 19, 66, 81243 }, // ⋡
    { 13, 25, 14, 1, 20, 82, 81309 }, // ⋢
    { 13, 25, 14, 1, 20, 82, 81391 }, // ⋣
    { 13, 21, 14, 1, 16, 69, 81473 }, // ⋤
    { 13, 21, 14, 1, 16, 69, 81542 }, // ⋥
    { 13, 17, 14, 1, 14, 56, 81611 }, // ⋦
    { 13, 17, 14, 1, 15, 56, 81667 }, // ⋧
    { 13, 17, 14, 1, 15, 56, 81723 }, // ⋨
    { 13, 17, 14, 1, 14, 56, 81779 }, // ⋩
    { 13, 17, 14, 1, 16, 56, 81835 }, // ⋪
    { 13, 16, 14, 1, 15, 52, 81891 }, // ⋫
    { 13, 22, 14, 1, 18, 72, 81943 }, // ⋬
    { 13, 22, 14, 1, 18, 72, 82015 }, // ⋭
    { 4, 18, 6, 1, 16, 18, 82087 }, // ⋮
    { 19, 3, 21, 1, 8, 15, 82105 }, // ⋯
    { 19, 18, 21, 1, 16, 86, 82120 }, // ⋰
    { 19, 18, 21, 1, 16, 86, 82206 }, // ⋱
    { 19, 15, 20, 1, 15, 72, 82292 }, // ⋲
    { 16, 15, 17, 1, 15, 60, 82364 }, // ⋳
    { 12, 12, 14, 1, 13, 36, 82424 }, // ⋴
    { 16, 19, 17, 1, 19, 76, 82460 }, // ⋵
    { 16, 19, 17, 1, 19, 76, 82536 }, // ⋶
    { 12, 15, 14, 1, 16, 45, 82612 }, // ⋷
    { 16, 19, 17, 1, 15, 76, 82657 }, // ⋸
    { 16, 15, 17, 1, 15, 60, 82733 }, // ⋹
    { 19, 15, 20, 1, 15, 72, 82793 }, // ⋺
    { 16, 15, 17, 1, 15, 60, 82865 }, // ⋻
    { 12, 12, 14, 1, 13, 36, 82925 }, // ⋼
    { 16, 19, 17, 1, 19, 76, 82961 }, // ⋽
    { 12, 15, 14, 1, 16, 45, 83037 }, // ⋾
    { 15, 15, 17, 1, 15, 57, 83082 }, // ⋿
    { 8, 24, 10, 2, 20, 48, 83139 }, // ⟨
    { 9, 24, 10, 0, 20, 54, 83187 }, // ⟩
    { 27, 18, 25, -1, 18, 122, 83241 }, // 𝒜
    { 20, 18, 21, 1, 18, 90, 83363 }, // 𝒞
    { 20, 18, 21, 0, 18, 90, 83453 }, // 𝒟
    { 18, 18, 19, 0, 18, 81, 83543 }, // 𝒢
    { 22, 22, 21, 0, 18, 121, 83624 }, // 𝒥
    { 28, 18, 28, 0, 18, 126, 83745 }, // 𝒦
    { 26, 19, 26, 0, 18, 124, 83871 }, // 𝒩
    { 18, 18, 19, 1, 18, 81, 83995 }, // 𝒪
    { 24, 18, 24, 0, 18, 108, 84076 }, // 𝒫
    { 20, 18, 20, 0, 18, 90, 84184 }, // 𝒬
    { 24, 18, 24, 0, 18, 108, 84274 }, // 𝒮
    { 24, 18, 23, 0, 18, 108, 84382 }, // 𝒯
    { 26, 18, 26, 0, 18, 117, 84490 }, // 𝒰
    { 21, 18, 20, 0, 18, 95, 84607 }, // 𝒱
    { 29, 18, 29, 0, 18, 131, 84702 }, // 𝒲
    { 24, 18, 24, 0, 18, 108, 84833 }, // 𝒳
    { 23, 18, 22, 0, 18, 104, 84941 }, // 𝒴
    { 20, 26, 19, -2, 18, 130, 85045 }, // 𝒵
    { 18, 18, 18, 0, 18, 81, 85175 }, // 𝔸
    { 15, 18, 17, 1, 18, 68, 85256 }, // 𝔹
    { 17, 18, 18, 1, 18, 77, 85324 }, // 𝔻
    { 12, 18, 14, 1, 18, 54, 85401 }, // 𝔼
    { 12, 18, 13, 1, 18, 54, 85455 }, // 𝔽
    { 16, 18, 18, 1, 18, 72, 85509 }, // 𝔾
    { 6, 18, 8, 1, 18, 27, 85581 }, // 𝕀
    { 9, 18, 10, 0, 18, 41, 85608 }, // 𝕁
    { 16, 18, 17, 1, 18, 72, 85649 }, // 𝕂
    { 12, 18, 13, 1, 18, 54, 85721 }, // 𝕃
    { 20, 18, 23, 1, 18, 90, 85775 }, // 𝕄
    { 17, 18, 19, 1, 18, 77, 85865 }, // 𝕆
    { 13, 18, 13, 0, 18, 59, 85942 }, // 𝕊
    { 15, 18, 15, 0, 18, 68, 86001 }, // 𝕋
    { 14, 18, 16, 1, 18, 63, 86069 }, // 𝕌
    { 17, 18, 17, 0, 18, 77, 86132 }, // 𝕍
    { 24, 18, 23, 0, 18, 108, 86209 }, // 𝕎
    { 17, 18, 17, 0, 18, 77, 86317 }, // 𝕏
    { 16, 18, 16, 0, 18, 72, 86394 }, // 𝕐
};

static const EpdUnicodeInterval notosans_12_boldIntervals[] = {
    { 0x0, 0x0, 0x0 },
    { 0xD, 0xD, 0x1 },
    { 0x20, 0x7E, 0x2 },
    { 0xA0, 0xFF, 0x61 },
    { 0x100, 0x17F, 0xC1 },
    { 0x300, 0x36F, 0x141 },
    { 0x370, 0x377, 0x1B1 },
    { 0x37A, 0x37F, 0x1B9 },
    { 0x384, 0x38A, 0x1BF },
    { 0x38C, 0x38C, 0x1C6 },
    { 0x38E, 0x3A1, 0x1C7 },
    { 0x3A3, 0x3E1, 0x1DB },
    { 0x3F0, 0x3FF, 0x21A },
    { 0x400, 0x4FF, 0x22A },
    { 0x2000, 0x2064, 0x32A },
    { 0x2066, 0x206F, 0x38F },
    { 0x20A0, 0x20C0, 0x399 },
    { 0x2113, 0x2113, 0x3BA },
    { 0x211D, 0x211D, 0x3BB },
    { 0x2190, 0x21FF, 0x3BC },
    { 0x2200, 0x22FF, 0x42C },
    { 0x27E8, 0x27E9, 0x52C },
    { 0x1D49C, 0x1D49C, 0x52E },
    { 0x1D49E, 0x1D49F, 0x52F },
    { 0x1D4A2, 0x1D4A2, 0x531 },
    { 0x1D4A5, 0x1D4A6, 0x532 },
    { 0x1D4A9, 0x1D4AC, 0x534 },
    { 0x1D4AE, 0x1D4B5, 0x538 },
    { 0x1D538, 0x1D539, 0x540 },
    { 0x1D53B, 0x1D53E, 0x542 },
    { 0x1D540, 0x1D544, 0x546 },
    { 0x1D546, 0x1D546, 0x54B },
    { 0x1D54A, 0x1D550, 0x54C },
};

static const EpdFontData notosans_12_bold = {
    notosans_12_boldBitmaps,
    notosans_12_boldGlyphs,
    notosans_12_boldIntervals,
    33,
    34,
    27,
    -8,
    true,
};
