/**
 * generated by fontconvert.py
 * name: notosans_16_bold
 * size: 16
 * mode: 2-bit
 */
#pragma once
#include "EpdFontData.h"

static const uint8_t notosans_16_boldBitmaps[150271] = {
    0x3F, 0xF4, 0xFF, 0xD3, 0xFF, 0x4F, 0xFD, 0x3F, 0xF4, 0xFF, 0xD3, 0xFF, 0x0F, 0xFC, 0x2F, 0xF0,
    0xBF, 0xC2, 0xFF, 0x0B, 0xFC, 0x1F, 0xF0, 0x7F, 0xC1, 0xFF, 0x07, 0xF8, 0x05, 0x40, 0x00, 0x00,
    0x00, 0x07, 0xF8, 0x3F, 0xF4, 0xFF, 0xE3, 0xFF, 0x4B, 0xFC, 0x01, 0x40, 0xFF, 0x82, 0xFE, 0xFF,
    0x83, 0xFF, 0xFF, 0x82, 0xFE, 0xBF, 0x82, 0xFE, 0xBF, 0x82, 0xFE, 0xBF, 0x41, 0xFD, 0x7F, 0x41,
    0xFD, 0x7F, 0x41, 0xFD, 0x7F, 0x00, 0xFC, 0x00, 0x00, 0xFD, 0x07, 0xF0, 0x00, 0x00, 0x7F, 0x02,
    0xFC, 0x00, 0x00, 0x2F, 0xC0, 0xFE, 0x00, 0x00, 0x0F, 0xF0, 0x3F, 0x80, 0x00, 0x03, 0xF8, 0x0F,
    0xD0, 0x00, 0x00, 0xFD, 0x07, 0xF0, 0x00, 0x00, 0x7F, 0x42, 0xFC, 0x00, 0x3F, 0xFF, 0xFF, 0xFF,
    0xFF, 0x0F, 0xFF, 0xFF, 0xFF, 0xFF, 0xC3, 0xFF, 0xFF, 0xFF, 0xFF, 0xF0, 0x55, 0xFE, 0x5B, 0xF5,
    0x50, 0x00, 0x7F, 0x42, 0xFC, 0x00, 0x00, 0x1F, 0xC0, 0xBF, 0x00, 0x00, 0x0B, 0xF0, 0x3F, 0x80,
    0x07, 0xFF, 0xFF, 0xFF, 0xFF, 0xE1, 0xFF, 0xFF, 0xFF, 0xFF, 0xF8, 0x7F, 0xFF, 0xFF, 0xFF, 0xFE,
    0x05, 0x6F, 0xD5, 0xFF, 0x55, 0x40, 0x0B, 0xF0, 0x3F, 0x80, 0x00, 0x03, 0xF8, 0x0F, 0xD0, 0x00,
    0x00, 0xFE, 0x07, 0xF4, 0x00, 0x00, 0x3F, 0x41, 0xFC, 0x00, 0x00, 0x1F, 0xC0, 0xBF, 0x00, 0x00,
    0x0B, 0xF0, 0x3F, 0x80, 0x00, 0x00, 0x00, 0x40, 0x00, 0x00, 0x00, 0xB8, 0x00, 0x00, 0x00, 0x2E,
    0x00, 0x00, 0x00, 0x6F, 0xFA, 0x40, 0x02, 0xFF, 0xFF, 0xFE, 0x03, 0xFF, 0xFF, 0xFF, 0xC3, 0xFF,
    0xFF, 0xFF, 0xE1, 0xFF, 0xDB, 0x96, 0xF0, 0xBF, 0xD2, 0xE0, 0x04, 0x2F, 0xF4, 0xB8, 0x00, 0x07,
    0xFF, 0x6E, 0x00, 0x00, 0xFF, 0xFF, 0x80, 0x00, 0x1F, 0xFF, 0xF9, 0x00, 0x01, 0xFF, 0xFF, 0xF4,
    0x00, 0x0B, 0xFF, 0xFF, 0x80, 0x00, 0x1F, 0xFF, 0xFC, 0x00, 0x02, 0xFF, 0xFF, 0x40, 0x00, 0xB8,
    0xFF, 0xE0, 0x00, 0x2E, 0x0F, 0xFD, 0x80, 0x0B, 0x87, 0xFE, 0xBF, 0x96, 0xFB, 0xFF, 0x6F, 0xFF,
    0xFF, 0xFF, 0xCB, 0xFF, 0xFF, 0xFF, 0xC0, 0xBF, 0xFF, 0xFF, 0x80, 0x00, 0x6B, 0xF5, 0x00, 0x00,
    0x00, 0xB8, 0x00, 0x00, 0x00, 0x2E, 0x00, 0x00, 0x00, 0x0B, 0x80, 0x00, 0x00, 0x00, 0x00, 0x00,
    0x00, 0x00, 0x00, 0x00, 0xFF, 0xD0, 0x00, 0x02, 0xFD, 0x00, 0x01, 0xFF, 0xFD, 0x00, 0x00, 0xFF,
    0x00, 0x00, 0xFF, 0xFF, 0xC0, 0x00, 0xBF, 0x40, 0x00, 0x7F, 0xCB, 0xF8, 0x00, 0x3F, 0x80, 0x00,
    0x2F, 0xD0, 0xFF, 0x00, 0x3F, 0xC0, 0x00, 0x0F, 0xF0, 0x2F, 0xC0, 0x1F, 0xE0, 0x00, 0x03, 0xFC,
    0x0B, 0xF4, 0x0F, 0xF0, 0x00, 0x00, 0xFF, 0x02, 0xFD, 0x07, 0xF8, 0x00, 0x00, 0x3F, 0xC0, 0xBF,
    0x43, 0xFC, 0x00, 0x00, 0x0F, 0xF0, 0x3F, 0xC2, 0xFD, 0x06, 0xA0, 0x02, 0xFD, 0x0F, 0xF0, 0xFF,
    0x0F, 0xFF, 0x80, 0x3F, 0xDB, 0xF8, 0xBF, 0x4F, 0xFF, 0xF8, 0x0B, 0xFF, 0xFC, 0x3F, 0x8B, 0xFE,
    0xFF, 0x00, 0xFF, 0xFD, 0x3F, 0xC3, 0xFC, 0x1F, 0xE0, 0x06, 0xE8, 0x1F, 0xE0, 0xFF, 0x03, 0xFC,
    0x00, 0x00, 0x0F, 0xF0, 0x3F, 0x80, 0xFF, 0x00, 0x00, 0x07, 0xF8, 0x1F, 0xE0, 0x3F, 0xC0, 0x00,
    0x03, 0xFC, 0x03, 0xF8, 0x0F, 0xF0, 0x00, 0x02, 0xFD, 0x00, 0xFE, 0x03, 0xFC, 0x00, 0x00, 0xFF,
    0x00, 0x3F, 0xC0, 0xFF, 0x00, 0x00, 0xBF, 0x40, 0x0B, 0xF4, 0xBF, 0x80, 0x00, 0x3F, 0x80, 0x01,
    0xFF, 0xFF, 0xC0, 0x00, 0x3F, 0xC0, 0x00, 0x2F, 0xFF, 0xD0, 0x00, 0x1F, 0xE0, 0x00, 0x01, 0xFF,
    0xD0, 0x00, 0x00, 0x00, 0x00, 0x00, 0x01, 0x00, 0x00, 0x00, 0x00, 0x00, 0x00, 0x00, 0x00, 0x00,
    0x1B, 0xFF, 0x80, 0x00, 0x00, 0x00, 0xFF, 0xFF, 0xF4, 0x00, 0x00, 0x03, 0xFF, 0xFF, 0xFD, 0x00,
    0x00, 0x07, 0xFF, 0xEF, 0xFF, 0x00, 0x00, 0x0B, 0xFD, 0x03, 0xFF, 0x00, 0x00, 0x0B, 0xFC, 0x02,
    0xFF, 0x00, 0x00, 0x0B, 0xFC, 0x03, 0xFF, 0x00, 0x00, 0x07, 0xFE, 0x0B, 0xFE, 0x00, 0x00, 0x03,
    0xFF, 0x6F, 0xFC, 0x00, 0x00, 0x01, 0xFF, 0xFF, 0xF0, 0x00, 0x00, 0x00, 0xBF, 0xFF, 0xC0, 0x00,
    0x00, 0x01, 0xFF, 0xFE, 0x00, 0x0F, 0xF8, 0x0B, 0xFF, 0xFF, 0x00, 0x2F, 0xF8, 0x1F, 0xFF, 0xFF,
    0xC0, 0x3F, 0xF4, 0x3F, 0xF8, 0xBF, 0xF0, 0x7F, 0xF0, 0x7F, 0xF0, 0x2F, 0xFD, 0xFF, 0xD0, 0xBF,
    0xE0, 0x0B, 0xFF, 0xFF, 0xC0, 0xBF, 0xE0, 0x02, 0xFF, 0xFF, 0x40, 0xBF, 0xF0, 0x00, 0xBF, 0xFE,
    0x00, 0x7F, 0xFC, 0x00, 0xBF, 0xFD, 0x00, 0x3F, 0xFF, 0xFF, 0xFF, 0xFF, 0x40, 0x1F, 0xFF, 0xFF,
    0xFF, 0xFF, 0xD0, 0x07, 0xFF, 0xFF, 0xFD, 0xBF, 0xF4, 0x00, 0xBF, 0xFF, 0xD0, 0x2F, 0xFD, 0x00,
    0x00, 0x50, 0x00, 0x00, 0x00, 0xFF, 0xBF, 0xEF, 0xFA, 0xFE, 0xBF, 0xAF, 0xD7, 0xF5, 0xFD, 0x7F,
    0x00, 0x00, 0x3F, 0xC0, 0x0B, 0xF4, 0x01, 0xFF, 0x00, 0x3F, 0xD0, 0x07, 0xFC, 0x00, 0xFF, 0x40,
    0x1F, 0xF0, 0x02, 0xFE, 0x00, 0x3F, 0xD0, 0x03, 0xFC, 0x00, 0x7F, 0xC0, 0x07, 0xFC, 0x00, 0xBF,
    0xC0, 0x0B, 0xF8, 0x00, 0xBF, 0x80, 0x0B, 0xF8, 0x00, 0xBF, 0x80, 0x0B, 0xFC, 0x00, 0x7F, 0xC0,
    0x07, 0xFC, 0x00, 0x3F, 0xD0, 0x03, 0xFE, 0x00, 0x2F, 0xF0, 0x00, 0xFF, 0x00, 0x0F, 0xF8, 0x00,
    0x7F, 0xC0, 0x02, 0xFE, 0x00, 0x0F, 0xF0, 0x00, 0x7F, 0x80, 0x00, 0x54, 0xBF, 0x40, 0x0F, 0xF0,
    0x02, 0xFE, 0x00, 0x3F, 0xD0, 0x0B, 0xFC, 0x00, 0xFF, 0x00, 0x3F, 0xE0, 0x07, 0xFC, 0x00, 0xFF,
    0x00, 0x3F, 0xD0, 0x0F, 0xF8, 0x02, 0xFF, 0x00, 0x7F, 0xC0, 0x1F, 0xF0, 0x07, 0xFC, 0x01, 0xFF,
    0x00, 0x7F, 0xC0, 0x2F, 0xF0, 0x0B, 0xF8, 0x03, 0xFE, 0x00, 0xFF, 0x40, 0x7F, 0xC0, 0x2F, 0xF0,
    0x0F, 0xF4, 0x07, 0xFC, 0x03, 0xFE, 0x01, 0xFF, 0x00, 0xFF, 0x40, 0x7F, 0x80, 0x05, 0x40, 0x00,
    0x00, 0x01, 0x54, 0x00, 0x00, 0x00, 0x3F, 0xC0, 0x00, 0x00, 0x03, 0xFC, 0x00, 0x00, 0x00, 0x3F,
    0xC0, 0x00, 0x00, 0x02, 0xF8, 0x00, 0x01, 0xD0, 0x2F, 0x80, 0x68, 0x2F, 0xFA, 0xFA, 0xFF, 0x83,
    0xFF, 0xFF, 0xFF, 0xFC, 0x3F, 0xFF, 0xFF, 0xFF, 0xC0, 0x15, 0xFF, 0xF5, 0x40, 0x00, 0x1F, 0xFF,
    0x40, 0x00, 0x03, 0xFF, 0xFC, 0x00, 0x00, 0xFF, 0x5F, 0xF0, 0x00, 0x2F, 0xF0, 0xFF, 0x80, 0x02,
    0xFE, 0x07, 0xF8, 0x00, 0x02, 0xC0, 0x38, 0x00, 0x00, 0x00, 0x00, 0x00, 0x00, 0x00, 0x03, 0xF4,
    0x00, 0x00, 0x01, 0xFD, 0x00, 0x00, 0x00, 0x7F, 0x40, 0x00, 0x00, 0x1F, 0xD0, 0x00, 0x00, 0x07,
    0xF4, 0x00, 0x00, 0x01, 0xFD, 0x00, 0x06, 0xAA, 0xBF, 0xAA, 0xA6, 0xFF, 0xFF, 0xFF, 0xFE, 0xBF,
    0xFF, 0xFF, 0xFF, 0xAF, 0xFF, 0xFF, 0xFF, 0xE0, 0x00, 0x7F, 0x40, 0x00, 0x00, 0x1F, 0xD0, 0x00,
    0x00, 0x07, 0xF4, 0x00, 0x00, 0x01, 0xFD, 0x00, 0x00, 0x00, 0x7F, 0x40, 0x00, 0x00, 0x1F, 0xD0,
    0x00, 0x00, 0x01, 0x50, 0x00, 0x00, 0x1F, 0xF4, 0xBF, 0xC2, 0xFF, 0x0F, 0xF8, 0x3F, 0xC1, 0xFF,
    0x0B, 0xF4, 0x3F, 0xC0, 0x54, 0x00, 0x3F, 0xFF, 0xE3, 0xFF, 0xFE, 0x3F, 0xFF, 0xE3, 0xFF, 0xFE,
    0x00, 0x00, 0x00, 0x00, 0x00, 0x7F, 0x83, 0xFF, 0x4F, 0xFE, 0x3F, 0xF4, 0xBF, 0xC0, 0x14, 0x00,
    0x00, 0x00, 0x3F, 0xD0, 0x00, 0x07, 0xFC, 0x00, 0x00, 0xFF, 0xC0, 0x00, 0x0F, 0xF4, 0x00, 0x02,
    0xFF, 0x00, 0x00, 0x3F, 0xE0, 0x00, 0x07, 0xFD, 0x00, 0x00, 0xBF, 0xC0, 0x00, 0x0F, 0xF8, 0x00,
    0x01, 0xFF, 0x00, 0x00, 0x3F, 0xF0, 0x00, 0x03, 0xFD, 0x00, 0x00, 0x7F, 0xC0, 0x00, 0x0F, 0xF8,
    0x00, 0x00, 0xFF, 0x40, 0x00, 0x2F, 0xF0, 0x00, 0x03, 0xFE, 0x00, 0x00, 0x7F, 0xD0, 0x00, 0x0B,
    0xFC, 0x00, 0x00, 0xFF, 0x80, 0x00, 0x1F, 0xF0, 0x00, 0x03, 0xFF, 0x00, 0x00, 0x3F, 0xD0, 0x00,
    0x0B, 0xFC, 0x00, 0x00, 0x00, 0x00, 0x00, 0x00, 0x00, 0x00, 0x00, 0x00, 0x00, 0x1B, 0xFF, 0x80,
    0x00, 0x2F, 0xFF, 0xFD, 0x00, 0x2F, 0xFF, 0xFF, 0xD0, 0x0F, 0xFF, 0xFF, 0xFC, 0x0B, 0xFF, 0x03,
    0xFF, 0x83, 0xFF, 0x00, 0x3F, 0xF1, 0xFF, 0x80, 0x0B, 0xFC, 0x7F, 0xE0, 0x02, 0xFF, 0x6F, 0xF4,
    0x00, 0x7F, 0xEB, 0xFD, 0x00, 0x1F, 0xFB, 0xFF, 0x00, 0x03, 0xFF, 0xFF, 0xC0, 0x00, 0xFF, 0xFF,
    0xF0, 0x00, 0x3F, 0xFF, 0xFC, 0x00, 0x0F, 0xFE, 0xFF, 0x40, 0x07, 0xFE, 0xBF, 0xD0, 0x01, 0xFF,
    0x9F, 0xF4, 0x00, 0x7F, 0xE3, 0xFE, 0x00, 0x2F, 0xF4, 0xFF, 0xC0, 0x0F, 0xFC, 0x2F, 0xF8, 0x0B,
    0xFE, 0x03, 0xFF, 0xFF, 0xFF, 0x40, 0x7F, 0xFF, 0xFF, 0x80, 0x0B, 0xFF, 0xFF, 0x80, 0x00, 0x7F,
    0xFF, 0x40, 0x00, 0x00, 0x54, 0x00, 0x00, 0x00, 0x00, 0xBF, 0x80, 0x00, 0xFF, 0xF0, 0x01, 0xFF,
    0xFC, 0x02, 0xFF, 0xFF, 0x02, 0xFF, 0xFF, 0xC3, 0xFF, 0xFF, 0xF3, 0xFF, 0xDF, 0xFC, 0x3F, 0x83,
    0xFF, 0x07, 0x40, 0xFF, 0xC0, 0x00, 0x7F, 0xF0, 0x00, 0x1F, 0xFC, 0x00, 0x07, 0xFF, 0x00, 0x01,
    0xFF, 0xC0, 0x00, 0x7F, 0xF0, 0x00, 0x1F, 0xFC, 0x00, 0x07, 0xFF, 0x00, 0x01, 0xFF, 0xC0, 0x00,
    0x7F, 0xF0, 0x00, 0x1F, 0xFC, 0x00, 0x07, 0xFF, 0x00, 0x01, 0xFF, 0xC0, 0x00, 0x7F, 0xF0, 0x00,
    0x1F, 0xFC, 0x00, 0x07, 0xFF, 0x00, 0x00, 0x00, 0x00, 0x00, 0x1B, 0xFF, 0xD0, 0x00, 0x7F, 0xFF,
    0xFF, 0x00, 0xBF, 0xFF, 0xFF, 0xF0, 0x7F, 0xFF, 0xFF, 0xFE, 0x0B, 0xFD, 0x03, 0xFF, 0xC0, 0xF4,
    0x00, 0x3F, 0xF0, 0x00, 0x00, 0x0B, 0xFD, 0x00, 0x00, 0x03, 0xFF, 0x00, 0x00, 0x00, 0xFF, 0xC0,
    0x00, 0x00, 0x7F, 0xE0, 0x00, 0x00, 0x3F, 0xF0, 0x00, 0x00, 0x3F, 0xF8, 0x00, 0x00, 0x3F, 0xFC,
    0x00, 0x00, 0x2F, 0xFC, 0x00, 0x00, 0x2F, 0xFC, 0x00, 0x00, 0x2F, 0xFC, 0x00, 0x00, 0x2F, 0xFC,
    0x00, 0x00, 0x2F, 0xF8, 0x00, 0x00, 0x2F, 0xF8, 0x00, 0x00, 0x2F, 0xFC, 0x00, 0x00, 0x2F, 0xFF,
    0xFF, 0xFF, 0xFB, 0xFF, 0xFF, 0xFF, 0xFE, 0xFF, 0xFF, 0xFF, 0xFF, 0xBF, 0xFF, 0xFF, 0xFF, 0xC0,
    0x00, 0x00, 0x00, 0x00, 0x00, 0x6F, 0xFF, 0x90, 0x02, 0xFF, 0xFF, 0xFF, 0x01, 0xFF, 0xFF, 0xFF,
    0xF0, 0x3F, 0xFF, 0xFF, 0xFE, 0x03, 0xE4, 0x03, 0xFF, 0xC0, 0x40, 0x00, 0x3F, 0xF0, 0x00, 0x00,
    0x0F, 0xFC, 0x00, 0x00, 0x03, 0xFE, 0x00, 0x00, 0x02, 0xFF, 0x40, 0x00, 0x17, 0xFF, 0x40, 0x03,
    0xFF, 0xFF, 0x40, 0x00, 0xFF, 0xFE, 0x00, 0x00, 0x3F, 0xFF, 0xFD, 0x00, 0x0A, 0xBF, 0xFF, 0xD0,
    0x00, 0x00, 0x2F, 0xFC, 0x00, 0x00, 0x03, 0xFF, 0x80, 0x00, 0x00, 0xBF, 0xE0, 0x00, 0x00, 0x2F,
    0xF8, 0x00, 0x00, 0x0F, 0xFE, 0xA4, 0x00, 0x0B, 0xFF, 0x6F, 0xFA, 0xBF, 0xFF, 0xCB, 0xFF, 0xFF,
    0xFF, 0xC2, 0xFF, 0xFF, 0xFF, 0xC0, 0x1F, 0xFF, 0xFF, 0x40, 0x00, 0x05, 0x50, 0x00, 0x00, 0x00,
    0x00, 0x03, 0xFE, 0x00, 0x00, 0x00, 0x3F, 0xF8, 0x00, 0x00, 0x02, 0xFF, 0xE0, 0x00, 0x00, 0x0F,
    0xFF, 0x80, 0x00, 0x00, 0xFF, 0xFE, 0x00, 0x00, 0x0B, 0xFF, 0xF8, 0x00, 0x00, 0x7F, 0xBF, 0xE0,
    0x00, 0x03, 0xFD, 0xFF, 0x80, 0x00, 0x2F, 0xD3, 0xFE, 0x00, 0x01, 0xFE, 0x0F, 0xF8, 0x00, 0x0F,
    0xF0, 0x7F, 0xE0, 0x00, 0xBF, 0x41, 0xFF, 0x80, 0x07, 0xFC, 0x07, 0xFE, 0x00, 0x3F, 0xC0, 0x1F,
    0xF8, 0x02, 0xFD, 0x00, 0x7F, 0xE0, 0x1F, 0xFF, 0xFF, 0xFF, 0xFD, 0x7F, 0xFF, 0xFF, 0xFF, 0xF9,
    0xFF, 0xFF, 0xFF, 0xFF, 0xE7, 0xFF, 0xFF, 0xFF, 0xFF, 0x80, 0x00, 0x01, 0xFF, 0x80, 0x00, 0x00,
    0x07, 0xFE, 0x00, 0x00, 0x00, 0x1F, 0xF8, 0x00, 0x00, 0x00, 0x7F, 0xE0, 0x00, 0x00, 0x01, 0xFF,
    0x80, 0x0F, 0xFF, 0xFF, 0xF8, 0x03, 0xFF, 0xFF, 0xFF, 0x00, 0xFF, 0xFF, 0xFF, 0xC0, 0x3F, 0xFF,
    0xFF, 0xF0, 0x1F, 0xF9, 0x55, 0x54, 0x07, 0xFD, 0x00, 0x00, 0x01, 0xFF, 0x00, 0x00, 0x00, 0xBF,
    0xC0, 0x00, 0x00, 0x2F, 0xF0, 0x00, 0x00, 0x0B, 0xFF, 0xFF, 0xE0, 0x03, 0xFF, 0xFF, 0xFF, 0x00,
    0xFF, 0xFF, 0xFF, 0xF0, 0x2F, 0xFF, 0xFF, 0xFF, 0x00, 0x40, 0x07, 0xFF, 0xC0, 0x00, 0x00, 0x3F,
    0xF4, 0x00, 0x00, 0x0B, 0xFE, 0x00, 0x00, 0x02, 0xFF, 0x80, 0x00, 0x00, 0xBF, 0xD0, 0x00, 0x00,
    0x3F, 0xF1, 0xE4, 0x00, 0x3F, 0xFC, 0x7F, 0xFF, 0xFF, 0xFD, 0x1F, 0xFF, 0xFF, 0xFE, 0x07, 0xFF,
    0xFF, 0xFE, 0x00, 0x7F, 0xFF, 0xF8, 0x00, 0x00, 0x15, 0x40, 0x00, 0x00, 0x00, 0x00, 0x00, 0x00,
    0x00, 0x00, 0x6F, 0xFF, 0x40, 0x02, 0xFF, 0xFF, 0xD0, 0x03, 0xFF, 0xFF, 0xF4, 0x03, 0xFF, 0xFF,
    0xFD, 0x02, 0xFF, 0xE0, 0x00, 0x00, 0xFF, 0xC0, 0x00, 0x00, 0xBF, 0xC0, 0x00, 0x00, 0x3F, 0xE0,
    0x00, 0x00, 0x1F, 0xF0, 0x15, 0x40, 0x07, 0xFC, 0x7F, 0xFE, 0x02, 0xFF, 0x7F, 0xFF, 0xF0, 0xBF,
    0xFF, 0xFF, 0xFF, 0x3F, 0xFF, 0x97, 0xFF, 0xDF, 0xFF, 0x00, 0x2F, 0xFB, 0xFF, 0x40, 0x03, 0xFF,
    0xFF, 0xC0, 0x00, 0xFF, 0xEF, 0xF0, 0x00, 0x3F, 0xF7, 0xFD, 0x00, 0x0F, 0xFC, 0xFF, 0xC0, 0x07,
    0xFE, 0x3F, 0xF8, 0x03, 0xFF, 0x47, 0xFF, 0xEF, 0xFF, 0xC0, 0xBF, 0xFF, 0xFF, 0xD0, 0x0B, 0xFF,
    0xFF, 0xD0, 0x00, 0x2F, 0xFF, 0x80, 0x00, 0x00, 0x14, 0x00, 0x00, 0x3F, 0xFF, 0xFF, 0xFF, 0xF3,
    0xFF, 0xFF, 0xFF, 0xFF, 0x3F, 0xFF, 0xFF, 0xFF, 0xF3, 0xFF, 0xFF, 0xFF, 0xFF, 0x15, 0x55, 0x55,
    0xBF, 0xD0, 0x00, 0x00, 0x0F, 0xFC, 0x00, 0x00, 0x01, 0xFF, 0x80, 0x00, 0x00, 0x3F, 0xF0, 0x00,
    0x00, 0x03, 0xFE, 0x00, 0x00, 0x00, 0xBF, 0xD0, 0x00, 0x00, 0x0F, 0xFC, 0x00, 0x00, 0x02, 0xFF,
    0x40, 0x00, 0x00, 0x3F, 0xF0, 0x00, 0x00, 0x0B, 0xFE, 0x00, 0x00, 0x00, 0xFF, 0xC0, 0x00, 0x00,
    0x1F, 0xF8, 0x00, 0x00, 0x03, 0xFF, 0x00, 0x00, 0x00, 0x7F, 0xF0, 0x00, 0x00, 0x0F, 0xFD, 0x00,
    0x00, 0x00, 0xFF, 0xC0, 0x00, 0x00, 0x2F, 0xF4, 0x00, 0x00, 0x03, 0xFF, 0x00, 0x00, 0x00, 0xBF,
    0xE0, 0x00, 0x00, 0x0F, 0xFC, 0x00, 0x00, 0x00, 0x00, 0x00, 0x00, 0x00, 0x1B, 0xFF, 0x90, 0x00,
    0x3F, 0xFF, 0xFF, 0x00, 0x3F, 0xFF, 0xFF, 0xF0, 0x2F, 0xFE, 0xAF, 0xFE, 0x0F, 0xFC, 0x00, 0xFF,
    0xC3, 0xFE, 0x00, 0x2F, 0xF0, 0xFF, 0x80, 0x0B, 0xFC, 0x3F, 0xF0, 0x03, 0xFF, 0x07, 0xFF, 0x43,
    0xFF, 0x40, 0xBF, 0xFF, 0xFF, 0x80, 0x0B, 0xFF, 0xFF, 0x40, 0x00, 0xBF, 0xFF, 0x40, 0x00, 0xBF,
    0xFF, 0xF8, 0x00, 0xFF, 0xFF, 0xFF, 0xC0, 0xFF, 0xE0, 0x7F, 0xF8, 0x7F, 0xE0, 0x03, 0xFF, 0x6F,
    0xF0, 0x00, 0x3F, 0xEF, 0xFC, 0x00, 0x0F, 0xFF, 0xFF, 0x00, 0x03, 0xFF, 0xBF, 0xE0, 0x01, 0xFF,
    0x9F, 0xFE, 0x56, 0xFF, 0xD2, 0xFF, 0xFF, 0xFF, 0xE0, 0x2F, 0xFF, 0xFF, 0xE0, 0x01, 0xBF, 0xFF,
    0x80, 0x00, 0x00, 0x54, 0x00, 0x00, 0x00, 0x00, 0x00, 0x00, 0x00, 0x1B, 0xFF, 0x40, 0x00, 0x3F,
    0xFF, 0xFD, 0x00, 0x3F, 0xFF, 0xFF, 0xD0, 0x3F, 0xFF, 0xFF, 0xFC, 0x1F, 0xFD, 0x03, 0xFF, 0x8B,
    0xFE, 0x00, 0x3F, 0xF3, 0xFF, 0x00, 0x0B, 0xFD, 0xFF, 0xC0, 0x01, 0xFF, 0xBF, 0xF0, 0x00, 0x3F,
    0xFF, 0xFC, 0x00, 0x1F, 0xFE, 0xFF, 0x80, 0x0F, 0xFF, 0x7F, 0xF8, 0x1F, 0xFF, 0xCF, 0xFF, 0xFF,
    0xFF, 0xF1, 0xFF, 0xFF, 0xEF, 0xF8, 0x1F, 0xFF, 0xE3, 0xFE, 0x00, 0x6A, 0x90, 0xFF, 0x40, 0x00,
    0x00, 0x7F, 0xC0, 0x00, 0x00, 0x3F, 0xF0, 0x00, 0x00, 0x2F, 0xF4, 0x00, 0x00, 0x3F, 0xFC, 0x03,
    0xAA, 0xFF, 0xFC, 0x01, 0xFF, 0xFF, 0xFD, 0x00, 0x7F, 0xFF, 0xFC, 0x00, 0x1F, 0xFF, 0xE4, 0x00,
    0x00, 0x55, 0x00, 0x00, 0x00, 0x06, 0x40, 0xBF, 0xC3, 0xFF, 0x4F, 0xFE, 0x3F, 0xF4, 0x3F, 0x40,
    0x00, 0x00, 0x00, 0x00, 0x00, 0x00, 0x00, 0x00, 0x00, 0x00, 0x00, 0x00, 0x00, 0x01, 0xFE, 0x0F,
    0xFD, 0x3F, 0xF8, 0xFF, 0xD2, 0xFF, 0x00, 0x50, 0x06, 0x40, 0xBF, 0xC3, 0xFF, 0x8F, 0xFE, 0x3F,
    0xF4, 0x3F, 0x80, 0x00, 0x00, 0x00, 0x00, 0x00, 0x00, 0x00, 0x00, 0x00, 0x00, 0x00, 0x00, 0x00,
    0x00, 0x00, 0x07, 0xFD, 0x2F, 0xF0, 0xBF, 0xC3, 0xFE, 0x0F, 0xF0, 0x7F, 0xC2, 0xFD, 0x0F, 0xF0,
    0x15, 0x00, 0x00, 0x00, 0x00, 0x01, 0x40, 0x00, 0x00, 0x07, 0xE0, 0x00, 0x00, 0x1F, 0xF8, 0x00,
    0x00, 0x7F, 0xFE, 0x00, 0x01, 0xFF, 0xFE, 0x00, 0x07, 0xFF, 0xF8, 0x00, 0x1F, 0xFF, 0xD0, 0x00,
    0x7F, 0xFF, 0x40, 0x00, 0xBF, 0xFD, 0x00, 0x00, 0x2F, 0xFD, 0x00, 0x00, 0x07, 0xFF, 0xF8, 0x00,
    0x00, 0x1F, 0xFF, 0xE4, 0x00, 0x00, 0x7F, 0xFF, 0xD0, 0x00, 0x00, 0xBF, 0xFF, 0x80, 0x00, 0x02,
    0xFF, 0xF8, 0x00, 0x00, 0x07, 0xFE, 0x00, 0x00, 0x00, 0x1F, 0x80, 0x00, 0x00, 0x00, 0x10, 0x6A,
    0xAA, 0xAA, 0xAA, 0x6F, 0xFF, 0xFF, 0xFF, 0xEB, 0xFF, 0xFF, 0xFF, 0xF9, 0xFF, 0xFF, 0xFF, 0xFE,
    0x00, 0x00, 0x00, 0x00, 0x00, 0x00, 0x00, 0x00, 0x01, 0x55, 0x55, 0x55, 0x52, 0xFF, 0xFF, 0xFF,
    0xFE, 0xBF, 0xFF, 0xFF, 0xFF, 0xAF, 0xFF, 0xFF, 0xFF, 0xE0, 0x00, 0x00, 0x00, 0x00, 0x50, 0x00,
    0x00, 0x00, 0x2F, 0x40, 0x00, 0x00, 0x0B, 0xFD, 0x00, 0x00, 0x02, 0xFF, 0xF4, 0x00, 0x00, 0x2F,
    0xFF, 0xD0, 0x00, 0x00, 0x7F, 0xFF, 0x40, 0x00, 0x01, 0xFF, 0xFD, 0x00, 0x00, 0x07, 0xFF, 0xF4,
    0x00, 0x00, 0x1B, 0xFF, 0x80, 0x00, 0x01, 0xFF, 0xE0, 0x00, 0x0B, 0xFF, 0xF4, 0x00, 0x6F, 0xFF,
    0xD0, 0x01, 0xFF, 0xFF, 0x40, 0x0B, 0xFF, 0xF9, 0x00, 0x0B, 0xFF, 0xE0, 0x00, 0x02, 0xFF, 0x40,
    0x00, 0x00, 0xBD, 0x00, 0x00, 0x00, 0x10, 0x00, 0x00, 0x00, 0x00, 0x00, 0x00, 0x00, 0x00, 0x02,
    0xFF, 0xFE, 0x00, 0x7F, 0xFF, 0xFF, 0xD0, 0xBF, 0xFF, 0xFF, 0xF0, 0x3F, 0xFF, 0xFF, 0xFC, 0x2F,
    0x40, 0x1F, 0xFC, 0x04, 0x00, 0x0B, 0xFC, 0x00, 0x00, 0x0B, 0xFC, 0x00, 0x00, 0x0F, 0xFC, 0x00,
    0x00, 0x2F, 0xF8, 0x00, 0x00, 0xBF, 0xF0, 0x00, 0x03, 0xFF, 0xC0, 0x00, 0x0F, 0xFF, 0x00, 0x00,
    0x3F, 0xF8, 0x00, 0x00, 0x3F, 0xD0, 0x00, 0x00, 0x3F, 0xC0, 0x00, 0x00, 0x7F, 0x80, 0x00, 0x00,
    0x15, 0x00, 0x00, 0x00, 0x00, 0x00, 0x00, 0x00, 0x00, 0x00, 0x00, 0x00, 0x3F, 0x80, 0x00, 0x00,
    0xFF, 0xE0, 0x00, 0x00, 0xFF, 0xE0, 0x00, 0x00, 0xFF, 0xE0, 0x00, 0x00, 0x7F, 0xC0, 0x00, 0x00,
    0x05, 0x00, 0x00, 0x00, 0x00, 0x06, 0xFF, 0xF9, 0x00, 0x00, 0x00, 0x00, 0xBF, 0xFF, 0xFF, 0xD0,
    0x00, 0x00, 0x0B, 0xFF, 0xFF, 0xFF, 0xFC, 0x00, 0x00, 0x3F, 0xFE, 0x40, 0x1B, 0xFF, 0x00, 0x00,
    0xFF, 0xD0, 0x00, 0x00, 0xBF, 0xC0, 0x02, 0xFE, 0x00, 0x00, 0x00, 0x2F, 0xE0, 0x07, 0xF8, 0x00,
    0xAF, 0xA4, 0x0B, 0xF4, 0x0F, 0xF0, 0x0B, 0xFF, 0xFF, 0x43, 0xF8, 0x1F, 0xD0, 0x3F, 0xFF, 0xFF,
    0x42, 0xFC, 0x2F, 0xC0, 0xBF, 0xD0, 0xBF, 0x41, 0xFC, 0x3F, 0x81, 0xFF, 0x00, 0x7F, 0x41, 0xFD,
    0x3F, 0x42, 0xFD, 0x00, 0x7F, 0x00, 0xFD, 0x7F, 0x43, 0xFC, 0x00, 0xBF, 0x00, 0xFD, 0x7F, 0x03,
    0xFC, 0x00, 0xBF, 0x01, 0xFC, 0x7F, 0x03, 0xFC, 0x00, 0xFF, 0x01, 0xFC, 0x7F, 0x43, 0xFC, 0x00,
    0xFF, 0x03, 0xFC, 0x7F, 0x42, 0xFE, 0x02, 0xFF, 0x47, 0xF4, 0x3F, 0x80, 0xFF, 0xEF, 0xFF, 0xEF,
    0xF0, 0x3F, 0xC0, 0x7F, 0xFF, 0xCF, 0xFF, 0xC0, 0x2F, 0xD0, 0x1F, 0xFE, 0x03, 0xFF, 0x00, 0x0F,
    0xF0, 0x00, 0x00, 0x00, 0x10, 0x00, 0x0B, 0xFC, 0x00, 0x00, 0x00, 0x00, 0x00, 0x03, 0xFF, 0x80,
    0x00, 0x01, 0x90, 0x00, 0x00, 0xFF, 0xFE, 0x56, 0xBF, 0xD0, 0x00, 0x00, 0x2F, 0xFF, 0xFF, 0xFF,
    0xD0, 0x00, 0x00, 0x02, 0xFF, 0xFF, 0xFF, 0x80, 0x00, 0x00, 0x00, 0x06, 0xAA, 0x90, 0x00, 0x00,
    0x00, 0x00, 0xBF, 0xF8, 0x00, 0x00, 0x00, 0x00, 0xFF, 0xFC, 0x00, 0x00, 0x00, 0x01, 0xFF, 0xFD,
    0x00, 0x00, 0x00, 0x03, 0xFF, 0xFF, 0x00, 0x00, 0x00, 0x03, 0xFE, 0xFF, 0x00, 0x00, 0x00, 0x0B,
    0xFC, 0xFF, 0x80, 0x00, 0x00, 0x0F, 0xFC, 0xFF, 0xC0, 0x00, 0x00, 0x0F, 0xF8, 0xBF, 0xC0, 0x00,
    0x00, 0x2F, 0xF4, 0x3F, 0xE0, 0x00, 0x00, 0x3F, 0xF0, 0x3F, 0xF0, 0x00, 0x00, 0x7F, 0xE0, 0x2F,
    0xF4, 0x00, 0x00, 0xBF, 0xD0, 0x1F, 0xF8, 0x00, 0x00, 0xFF, 0xC0, 0x0F, 0xFC, 0x00, 0x01, 0xFF,
    0x80, 0x0B, 0xFD, 0x00, 0x02, 0xFF, 0xFF, 0xFF, 0xFE, 0x00, 0x03, 0xFF, 0xFF, 0xFF, 0xFF, 0x00,
    0x07, 0xFF, 0xFF, 0xFF, 0xFF, 0x40, 0x0B, 0xFF, 0xFF, 0xFF, 0xFF, 0xC0, 0x0F, 0xFE, 0x55, 0x56,
    0xFF, 0xC0, 0x1F, 0xFC, 0x00, 0x00, 0xFF, 0xD0, 0x3F, 0xF8, 0x00, 0x00, 0xBF, 0xF0, 0x3F, 0xF4,
    0x00, 0x00, 0x7F, 0xF0, 0x7F, 0xF0, 0x00, 0x00, 0x3F, 0xF8, 0xFF, 0xE0, 0x00, 0x00, 0x2F, 0xFC,
    0x3F, 0xFF, 0xFA, 0x40, 0x00, 0xFF, 0xFF, 0xFF, 0xF4, 0x03, 0xFF, 0xFF, 0xFF, 0xF8, 0x0F, 0xFF,
    0xFF, 0xFF, 0xF4, 0x3F, 0xF0, 0x06, 0xFF, 0xE0, 0xFF, 0xC0, 0x02, 0xFF, 0xC3, 0xFF, 0x00, 0x07,
    0xFF, 0x0F, 0xFC, 0x00, 0x1F, 0xF8, 0x3F, 0xF0, 0x00, 0xFF, 0xD0, 0xFF, 0xD5, 0x5F, 0xFF, 0x03,
    0xFF, 0xFF, 0xFF, 0xE0, 0x0F, 0xFF, 0xFF, 0xFD, 0x00, 0x3F, 0xFF, 0xFF, 0xFF, 0x40, 0xFF, 0xEA,
    0xAF, 0xFF, 0x43, 0xFF, 0x00, 0x0B, 0xFF, 0x0F, 0xFC, 0x00, 0x0F, 0xFD, 0x3F, 0xF0, 0x00, 0x3F,
    0xF4, 0xFF, 0xC0, 0x00, 0xFF, 0xD3, 0xFF, 0x00, 0x07, 0xFF, 0x4F, 0xFC, 0x00, 0x7F, 0xFC, 0x3F,
    0xFF, 0xFF, 0xFF, 0xE0, 0xFF, 0xFF, 0xFF, 0xFF, 0x03, 0xFF, 0xFF, 0xFF, 0xE0, 0x0F, 0xFF, 0xFF,
    0xE4, 0x00, 0x00, 0x00, 0x00, 0x00, 0x00, 0x00, 0x01, 0xBF, 0xFF, 0x90, 0x00, 0x0F, 0xFF, 0xFF,
    0xFC, 0x00, 0x7F, 0xFF, 0xFF, 0xFC, 0x01, 0xFF, 0xFF, 0xFF, 0xF8, 0x03, 0xFF, 0xF4, 0x06, 0xF0,
    0x0B, 0xFF, 0x40, 0x00, 0x10, 0x0F, 0xFE, 0x00, 0x00, 0x00, 0x2F, 0xFC, 0x00, 0x00, 0x00, 0x3F,
    0xF8, 0x00, 0x00, 0x00, 0x3F, 0xF4, 0x00, 0x00, 0x00, 0x3F, 0xF0, 0x00, 0x00, 0x00, 0x3F, 0xF0,
    0x00, 0x00, 0x00, 0x3F, 0xF0, 0x00, 0x00, 0x00, 0x3F, 0xF0, 0x00, 0x00, 0x00, 0x3F, 0xF4, 0x00,
    0x00, 0x00, 0x3F, 0xF8, 0x00, 0x00, 0x00, 0x2F, 0xFC, 0x00, 0x00, 0x00, 0x1F, 0xFD, 0x00, 0x00,
    0x00, 0x0F, 0xFF, 0x00, 0x00, 0x00, 0x0B, 0xFF, 0xE0, 0x01, 0xB4, 0x03, 0xFF, 0xFF, 0xFF, 0xF4,
    0x00, 0xFF, 0xFF, 0xFF, 0xF4, 0x00, 0x2F, 0xFF, 0xFF, 0xF4, 0x00, 0x06, 0xFF, 0xFF, 0xD0, 0x00,
    0x00, 0x05, 0x50, 0x00, 0x3F, 0xFF, 0xFA, 0x40, 0x00, 0x0F, 0xFF, 0xFF, 0xFF, 0x40, 0x03, 0xFF,
    0xFF, 0xFF, 0xF8, 0x00, 0xFF, 0xFF, 0xFF, 0xFF, 0xC0, 0x3F, 0xF5, 0x5B, 0xFF, 0xF8, 0x0F, 0xFC,
    0x00, 0x1F, 0xFF, 0x03, 0xFF, 0x00, 0x00, 0xFF, 0xE0, 0xFF, 0xC0, 0x00, 0x2F, 0xFC, 0x3F, 0xF0,
    0x00, 0x03, 0xFF, 0x4F, 0xFC, 0x00, 0x00, 0xFF, 0xD3, 0xFF, 0x00, 0x00, 0x3F, 0xF8, 0xFF, 0xC0,
    0x00, 0x0F, 0xFE, 0x3F, 0xF0, 0x00, 0x03, 0xFF, 0x8F, 0xFC, 0x00, 0x00, 0xFF, 0xE3, 0xFF, 0x00,
    0x00, 0x3F, 0xF4, 0xFF, 0xC0, 0x00, 0x0F, 0xFC, 0x3F, 0xF0, 0x00, 0x0B, 0xFF, 0x0F, 0xFC, 0x00,
    0x07, 0xFF, 0x83, 0xFF, 0x00, 0x07, 0xFF, 0xC0, 0xFF, 0xC0, 0x5F, 0xFF, 0xD0, 0x3F, 0xFF, 0xFF,
    0xFF, 0xE0, 0x0F, 0xFF, 0xFF, 0xFF, 0xE0, 0x03, 0xFF, 0xFF, 0xFF, 0x80, 0x00, 0xFF, 0xFF, 0xF9,
    0x00, 0x00, 0xFF, 0xFF, 0xFF, 0xEF, 0xFF, 0xFF, 0xFE, 0xFF, 0xFF, 0xFF, 0xEF, 0xFF, 0xFF, 0xFE,
    0xFF, 0xD5, 0x55, 0x4F, 0xFC, 0x00, 0x00, 0xFF, 0xC0, 0x00, 0x0F, 0xFC, 0x00, 0x00, 0xFF, 0xC0,
    0x00, 0x0F, 0xFD, 0x55, 0x54, 0xFF, 0xFF, 0xFF, 0xCF, 0xFF, 0xFF, 0xFC, 0xFF, 0xFF, 0xFF, 0xCF,
    0xFE, 0xAA, 0xA8, 0xFF, 0xC0, 0x00, 0x0F, 0xFC, 0x00, 0x00, 0xFF, 0xC0, 0x00, 0x0F, 0xFC, 0x00,
    0x00, 0xFF, 0xC0, 0x00, 0x0F, 0xFC, 0x00, 0x00, 0xFF, 0xFF, 0xFF, 0xEF, 0xFF, 0xFF, 0xFE, 0xFF,
    0xFF, 0xFF, 0xEF, 0xFF, 0xFF, 0xFE, 0xFF, 0xFF, 0xFF, 0xEF, 0xFF, 0xFF, 0xFE, 0xFF, 0xFF, 0xFF,
    0xEF, 0xFF, 0xFF, 0xFE, 0xFF, 0xD5, 0x55, 0x4F, 0xFC, 0x00, 0x00, 0xFF, 0xC0, 0x00, 0x0F, 0xFC,
    0x00, 0x00, 0xFF, 0xC0, 0x00, 0x0F, 0xFC, 0x00, 0x00, 0xFF, 0xEA, 0xAA, 0x8F, 0xFF, 0xFF, 0xFC,
    0xFF, 0xFF, 0xFF, 0xCF, 0xFF, 0xFF, 0xFC, 0xFF, 0xEA, 0xAA, 0x8F, 0xFC, 0x00, 0x00, 0xFF, 0xC0,
    0x00, 0x0F, 0xFC, 0x00, 0x00, 0xFF, 0xC0, 0x00, 0x0F, 0xFC, 0x00, 0x00, 0xFF, 0xC0, 0x00, 0x0F,
    0xFC, 0x00, 0x00, 0xFF, 0xC0, 0x00, 0x0F, 0xFC, 0x00, 0x00, 0x00, 0x00, 0x00, 0x00, 0x00, 0x00,
    0x00, 0x1B, 0xFF, 0xF9, 0x00, 0x00, 0xBF, 0xFF, 0xFF, 0xF0, 0x00, 0xFF, 0xFF, 0xFF, 0xFC, 0x00,
    0xFF, 0xFF, 0xFF, 0xFE, 0x00, 0xFF, 0xFE, 0x40, 0x6F, 0x00, 0xBF, 0xFC, 0x00, 0x00, 0x00, 0x3F,
    0xFC, 0x00, 0x00, 0x00, 0x1F, 0xFC, 0x00, 0x00, 0x00, 0x0B, 0xFF, 0x00, 0x00, 0x00, 0x03, 0xFF,
    0x40, 0x00, 0x00, 0x00, 0xFF, 0xD0, 0x05, 0x55, 0x54, 0x3F, 0xF0, 0x03, 0xFF, 0xFF, 0x4F, 0xFC,
    0x00, 0xFF, 0xFF, 0xD3, 0xFF, 0x00, 0x3F, 0xFF, 0xF4, 0xFF, 0xD0, 0x0F, 0xFF, 0xFD, 0x3F, 0xF8,
    0x00, 0x01, 0xFF, 0x4B, 0xFF, 0x00, 0x00, 0x7F, 0xD1, 0xFF, 0xD0, 0x00, 0x1F, 0xF4, 0x3F, 0xFC,
    0x00, 0x07, 0xFD, 0x07, 0xFF, 0xD0, 0x02, 0xFF, 0x40, 0xBF, 0xFF, 0xFF, 0xFF, 0xD0, 0x0F, 0xFF,
    0xFF, 0xFF, 0xF4, 0x00, 0xBF, 0xFF, 0xFF, 0xFD, 0x00, 0x02, 0xFF, 0xFF, 0xF9, 0x00, 0x00, 0x01,
    0x54, 0x00, 0x00, 0xFF, 0xC0, 0x00, 0x07, 0xFD, 0xFF, 0xC0, 0x00, 0x0B, 0xFE, 0xFF, 0xC0, 0x00,
    0x0B, 0xFE, 0xFF, 0xC0, 0x00, 0x0B, 0xFE, 0xFF, 0xC0, 0x00, 0x0B, 0xFE, 0xFF, 0xC0, 0x00, 0x0B,
    0xFE, 0xFF, 0xC0, 0x00, 0x0B, 0xFE, 0xFF, 0xC0, 0x00, 0x0B, 0xFE, 0xFF, 0xC0, 0x00, 0x0B, 0xFE,
    0xFF, 0xD5, 0x55, 0x5F, 0xFE, 0xFF, 0xFF, 0xFF, 0xFF, 0xFE, 0xFF, 0xFF, 0xFF, 0xFF, 0xFE, 0xFF,
    0xFF, 0xFF, 0xFF, 0xFE, 0xFF, 0xEA, 0xAA, 0xAF, 0xFE, 0xFF, 0xC0, 0x00, 0x0B, 0xFE, 0xFF, 0xC0,
    0x00, 0x0B, 0xFE, 0xFF, 0xC0, 0x00, 0x0B, 0xFE, 0xFF, 0xC0, 0x00, 0x0B, 0xFE, 0xFF, 0xC0, 0x00,
    0x0B, 0xFE, 0xFF, 0xC0, 0x00, 0x0B, 0xFE, 0xFF, 0xC0, 0x00, 0x0B, 0xFE, 0xFF, 0xC0, 0x00, 0x0B,
    0xFE, 0xFF, 0xC0, 0x00, 0x0B, 0xFE, 0xFF, 0xC0, 0x00, 0x0B, 0xFE, 0xBF, 0xFF, 0xFB, 0xFF, 0xFF,
    0xFF, 0xFF, 0xFF, 0xDB, 0xFF, 0xF8, 0x03, 0xFF, 0x00, 0x0F, 0xFC, 0x00, 0x3F, 0xF0, 0x00, 0xFF,
    0xC0, 0x03, 0xFF, 0x00, 0x0F, 0xFC, 0x00, 0x3F, 0xF0, 0x00, 0xFF, 0xC0, 0x03, 0xFF, 0x00, 0x0F,
    0xFC, 0x00, 0x3F, 0xF0, 0x00, 0xFF, 0xC0, 0x03, 0xFF, 0x00, 0x0F, 0xFC, 0x00, 0x3F, 0xF0, 0x00,
    0xFF, 0xC0, 0x2F, 0xFF, 0xE3, 0xFF, 0xFF, 0xFF, 0xFF, 0xFF, 0xFF, 0xFF, 0xFF, 0x00, 0x0F, 0xFC,
    0x00, 0x0F, 0xFC, 0x00, 0x0F, 0xFC, 0x00, 0x0F, 0xFC, 0x00, 0x0F, 0xFC, 0x00, 0x0F, 0xFC, 0x00,
    0x0F, 0xFC, 0x00, 0x0F, 0xFC, 0x00, 0x0F, 0xFC, 0x00, 0x0F, 0xFC, 0x00, 0x0F, 0xFC, 0x00, 0x0F,
    0xFC, 0x00, 0x0F, 0xFC, 0x00, 0x0F, 0xFC, 0x00, 0x0F, 0xFC, 0x00, 0x0F, 0xFC, 0x00, 0x0F, 0xFC,
    0x00, 0x0F, 0xFC, 0x00, 0x0F, 0xFC, 0x00, 0x0F, 0xFC, 0x00, 0x0F, 0xFC, 0x00, 0x0F, 0xFC, 0x00,
    0x0F, 0xFC, 0x00, 0x0F, 0xFC, 0x00, 0x0F, 0xFC, 0x00, 0x2F, 0xF8, 0x15, 0xBF, 0xF4, 0x7F, 0xFF,
    0xF0, 0x7F, 0xFF, 0xD0, 0x7F, 0xFF, 0x40, 0x7F, 0xF8, 0x00, 0xFF, 0xC0, 0x00, 0x2F, 0xF8, 0xFF,
    0xC0, 0x00, 0xBF, 0xF0, 0xFF, 0xC0, 0x01, 0xFF, 0xD0, 0xFF, 0xC0, 0x03, 0xFF, 0x40, 0xFF, 0xC0,
    0x0F, 0xFE, 0x00, 0xFF, 0xC0, 0x2F, 0xFC, 0x00, 0xFF, 0xC0, 0xBF, 0xF0, 0x00, 0xFF, 0xC1, 0xFF,
    0xD0, 0x00, 0xFF, 0xC3, 0xFF, 0x80, 0x00, 0xFF, 0xCF, 0xFE, 0x00, 0x00, 0xFF, 0xEF, 0xFC, 0x00,
    0x00, 0xFF, 0xFF, 0xFD, 0x00, 0x00, 0xFF, 0xFF, 0xFF, 0x00, 0x00, 0xFF, 0xFF, 0xFF, 0x80, 0x00,
    0xFF, 0xF6, 0xFF, 0xC0, 0x00, 0xFF, 0xC0, 0xFF, 0xF0, 0x00, 0xFF, 0xC0, 0x7F, 0xF4, 0x00, 0xFF,
    0xC0, 0x2F, 0xFC, 0x00, 0xFF, 0xC0, 0x0F, 0xFE, 0x00, 0xFF, 0xC0, 0x07, 0xFF, 0x40, 0xFF, 0xC0,
    0x03, 0xFF, 0xC0, 0xFF, 0xC0, 0x00, 0xFF, 0xE0, 0xFF, 0xC0, 0x00, 0xBF, 0xF0, 0xFF, 0xC0, 0x00,
    0x3F, 0xFC, 0x3F, 0xE0, 0x00, 0x00, 0x3F, 0xF0, 0x00, 0x00, 0x3F, 0xF0, 0x00, 0x00, 0x3F, 0xF0,
    0x00, 0x00, 0x3F, 0xF0, 0x00, 0x00, 0x3F, 0xF0, 0x00, 0x00, 0x3F, 0xF0, 0x00, 0x00, 0x3F, 0xF0,
    0x00, 0x00, 0x3F, 0xF0, 0x00, 0x00, 0x3F, 0xF0, 0x00, 0x00, 0x3F, 0xF0, 0x00, 0x00, 0x3F, 0xF0,
    0x00, 0x00, 0x3F, 0xF0, 0x00, 0x00, 0x3F, 0xF0, 0x00, 0x00, 0x3F, 0xF0, 0x00, 0x00, 0x3F, 0xF0,
    0x00, 0x00, 0x3F, 0xF0, 0x00, 0x00, 0x3F, 0xF0, 0x00, 0x00, 0x3F, 0xF0, 0x00, 0x00, 0x3F, 0xF0,
    0x00, 0x00, 0x3F, 0xFF, 0xFF, 0xFE, 0x3F, 0xFF, 0xFF, 0xFE, 0x3F, 0xFF, 0xFF, 0xFE, 0x3F, 0xFF,
    0xFF, 0xFE, 0xFF, 0xFC, 0x00, 0x00, 0x07, 0xFF, 0xDF, 0xFF, 0xD0, 0x00, 0x00, 0xFF, 0xFD, 0xFF,
    0xFE, 0x00, 0x00, 0x0F, 0xFF, 0xDF, 0xFF, 0xF0, 0x00, 0x02, 0xFF, 0xFD, 0xFF, 0xFF, 0x00, 0x00,
    0x3F, 0xFF, 0xDF, 0xFF, 0xF8, 0x00, 0x03, 0xFF, 0xFD, 0xFF, 0xBF, 0xC0, 0x00, 0xBF, 0xBF, 0xDF,
    0xF7, 0xFC, 0x00, 0x0F, 0xF7, 0xFD, 0xFF, 0x6F, 0xD0, 0x00, 0xFF, 0x3F, 0xDF, 0xF5, 0xFE, 0x00,
    0x1F, 0xD3, 0xFD, 0xFF, 0x4F, 0xF0, 0x03, 0xFC, 0x3F, 0xDF, 0xF4, 0xFF, 0x40, 0x3F, 0xC7, 0xFD,
    0xFF, 0x47, 0xF8, 0x07, 0xF4, 0x7F, 0xDF, 0xF8, 0x3F, 0xC0, 0xFF, 0x07, 0xFD, 0xFF, 0x83, 0xFD,
    0x0F, 0xF0, 0x7F, 0xDF, 0xF8, 0x2F, 0xE1, 0xFE, 0x07, 0xFD, 0xFF, 0x80, 0xFF, 0x3F, 0xC0, 0x7F,
    0xDF, 0xF8, 0x0F, 0xF7, 0xFC, 0x07, 0xFD, 0xFF, 0x80, 0xBF, 0xFF, 0x80, 0x7F, 0xDF, 0xF8, 0x07,
    0xFF, 0xF0, 0x07, 0xFD, 0xFF, 0x80, 0x3F, 0xFF, 0x00, 0x7F, 0xDF, 0xF8, 0x02, 0xFF, 0xE0, 0x07,
    0xFD, 0xFF, 0x80, 0x1F, 0xFC, 0x00, 0x7F, 0xDF, 0xF8, 0x00, 0xFF, 0xC0, 0x07, 0xFD, 0xFF, 0xF4,
    0x00, 0x00, 0x7F, 0xCF, 0xFF, 0xC0, 0x00, 0x07, 0xFC, 0xFF, 0xFE, 0x00, 0x00, 0x7F, 0xCF, 0xFF,
    0xF4, 0x00, 0x07, 0xFC, 0xFF, 0xFF, 0xC0, 0x00, 0x7F, 0xCF, 0xFF, 0xFD, 0x00, 0x07, 0xFC, 0xFF,
    0xBF, 0xF0, 0x00, 0x7F, 0xCF, 0xF7, 0xFF, 0x80, 0x07, 0xFC, 0xFF, 0x4F, 0xFC, 0x00, 0x7F, 0xCF,
    0xF4, 0xBF, 0xF0, 0x07, 0xFC, 0xFF, 0x43, 0xFF, 0x40, 0x7F, 0xCF, 0xF4, 0x2F, 0xFC, 0x07, 0xFC,
    0xFF, 0x40, 0xFF, 0xD0, 0x7F, 0xCF, 0xF8, 0x07, 0xFF, 0x07, 0xFC, 0xFF, 0x80, 0x3F, 0xF8, 0x7F,
    0xCF, 0xF8, 0x00, 0xFF, 0xC7, 0xFC, 0xFF, 0x80, 0x0B, 0xFF, 0x7F, 0xCF, 0xF8, 0x00, 0x3F, 0xFB,
    0xFC, 0xFF, 0x80, 0x01, 0xFF, 0xFF, 0xCF, 0xF8, 0x00, 0x0F, 0xFF, 0xFC, 0xFF, 0x80, 0x00, 0x7F,
    0xFF, 0xCF, 0xF8, 0x00, 0x02, 0xFF, 0xFC, 0xFF, 0x80, 0x00, 0x0F, 0xFF, 0xCF, 0xF8, 0x00, 0x00,
    0xBF, 0xFC, 0x00, 0x00, 0x00, 0x00, 0x00, 0x00, 0x00, 0x01, 0xBF, 0xFF, 0x80, 0x00, 0x00, 0x1F,
    0xFF, 0xFF, 0xF8, 0x00, 0x00, 0xBF, 0xFF, 0xFF, 0xFF, 0x00, 0x02, 0xFF, 0xFF, 0xFF, 0xFF, 0xC0,
    0x07, 0xFF, 0xE4, 0x07, 0xFF, 0xE0, 0x0F, 0xFF, 0x40, 0x00, 0xFF, 0xF0, 0x1F, 0xFD, 0x00, 0x00,
    0x3F, 0xF8, 0x2F, 0xFC, 0x00, 0x00, 0x2F, 0xFC, 0x3F, 0xF8, 0x00, 0x00, 0x1F, 0xFC, 0x3F, 0xF4,
    0x00, 0x00, 0x0F, 0xFD, 0x3F, 0xF4, 0x00, 0x00, 0x0F, 0xFD, 0x3F, 0xF0, 0x00, 0x00, 0x0F, 0xFD,
    0x3F, 0xF0, 0x00, 0x00, 0x0F, 0xFD, 0x3F, 0xF4, 0x00, 0x00, 0x0F, 0xFD, 0x3F, 0xF4, 0x00, 0x00,
    0x0F, 0xFD, 0x3F, 0xF8, 0x00, 0x00, 0x0F, 0xFC, 0x2F, 0xFC, 0x00, 0x00, 0x2F, 0xFC, 0x1F, 0xFD,
    0x00, 0x00, 0x3F, 0xF8, 0x0F, 0xFF, 0x00, 0x00, 0xBF, 0xF4, 0x07, 0xFF, 0xE0, 0x07, 0xFF, 0xF0,
    0x03, 0xFF, 0xFF, 0xFF, 0xFF, 0xC0, 0x00, 0xFF, 0xFF, 0xFF, 0xFF, 0x40, 0x00, 0x2F, 0xFF, 0xFF,
    0xFC, 0x00, 0x00, 0x02, 0xFF, 0xFF, 0x90, 0x00, 0x00, 0x00, 0x01, 0x50, 0x00, 0x00, 0x3F, 0xFF,
    0xFA, 0x00, 0x03, 0xFF, 0xFF, 0xFF, 0x40, 0x3F, 0xFF, 0xFF, 0xFD, 0x03, 0xFF, 0xFF, 0xFF, 0xF4,
    0x3F, 0xF5, 0x6F, 0xFF, 0xC3, 0xFF, 0x00, 0x2F, 0xFC, 0x3F, 0xF0, 0x00, 0xFF, 0xC3, 0xFF, 0x00,
    0x0F, 0xFD, 0x3F, 0xF0, 0x00, 0xFF, 0xC3, 0xFF, 0x00, 0x0F, 0xFC, 0x3F, 0xF0, 0x03, 0xFF, 0xC3,
    0xFF, 0xAB, 0xFF, 0xF4, 0x3F, 0xFF, 0xFF, 0xFF, 0x03, 0xFF, 0xFF, 0xFF, 0xC0, 0x3F, 0xFF, 0xFF,
    0xD0, 0x03, 0xFF, 0xAA, 0x40, 0x00, 0x3F, 0xF0, 0x00, 0x00, 0x03, 0xFF, 0x00, 0x00, 0x00, 0x3F,
    0xF0, 0x00, 0x00, 0x03, 0xFF, 0x00, 0x00, 0x00, 0x3F, 0xF0, 0x00, 0x00, 0x03, 0xFF, 0x00, 0x00,
    0x00, 0x3F, 0xF0, 0x00, 0x00, 0x03, 0xFF, 0x00, 0x00, 0x00, 0x00, 0x00, 0x00, 0x00, 0x00, 0x00,
    0x00, 0x01, 0xBF, 0xFF, 0x80, 0x00, 0x00, 0x1F, 0xFF, 0xFF, 0xF8, 0x00, 0x00, 0xBF, 0xFF, 0xFF,
    0xFF, 0x00, 0x02, 0xFF, 0xFF, 0xFF, 0xFF, 0xC0, 0x07, 0xFF, 0xE4, 0x07, 0xFF, 0xE0, 0x0F, 0xFF,
    0x40, 0x00, 0xFF, 0xF0, 0x1F, 0xFD, 0x00, 0x00, 0x3F, 0xF8, 0x2F, 0xFC, 0x00, 0x00, 0x2F, 0xFC,
    0x3F, 0xF8, 0x00, 0x00, 0x1F, 0xFC, 0x3F, 0xF4, 0x00, 0x00, 0x0F, 0xFD, 0x3F, 0xF4, 0x00, 0x00,
    0x0F, 0xFD, 0x3F, 0xF0, 0x00, 0x00, 0x0F, 0xFD, 0x3F, 0xF0, 0x00, 0x00, 0x0F, 0xFD, 0x3F, 0xF4,
    0x00, 0x00, 0x0F, 0xFD, 0x3F, 0xF4, 0x00, 0x00, 0x0F, 0xFD, 0x3F, 0xF8, 0x00, 0x00, 0x0F, 0xFC,
    0x2F, 0xFC, 0x00, 0x00, 0x2F, 0xFC, 0x1F, 0xFD, 0x00, 0x00, 0x3F, 0xF8, 0x0F, 0xFF, 0x00, 0x00,
    0xBF, 0xF4, 0x07, 0xFF, 0xE0, 0x07, 0xFF, 0xF0, 0x03, 0xFF, 0xFF, 0xFF, 0xFF, 0xC0, 0x00, 0xFF,
    0xFF, 0xFF, 0xFF, 0x40, 0x00, 0x2F, 0xFF, 0xFF, 0xFC, 0x00, 0x00, 0x02, 0xFF, 0xFF, 0xF0, 0x00,
    0x00, 0x00, 0x01, 0x7F, 0xF8, 0x00, 0x00, 0x00, 0x00, 0x1F, 0xFE, 0x00, 0x00, 0x00, 0x00, 0x0B,
    0xFF, 0x80, 0x00, 0x00, 0x00, 0x03, 0xFF, 0xD0, 0x00, 0x00, 0x00, 0x00, 0xFF, 0xF4, 0x00, 0x00,
    0x00, 0x00, 0x6A, 0xA8, 0x3F, 0xFF, 0xFA, 0x40, 0x00, 0x3F, 0xFF, 0xFF, 0xF4, 0x00, 0x3F, 0xFF,
    0xFF, 0xFE, 0x00, 0x3F, 0xFF, 0xFF, 0xFF, 0x80, 0x3F, 0xF0, 0x1B, 0xFF, 0xC0, 0x3F, 0xF0, 0x01,
    0xFF, 0xD0, 0x3F, 0xF0, 0x00, 0xFF, 0xD0, 0x3F, 0xF0, 0x00, 0xFF, 0xD0, 0x3F, 0xF0, 0x00, 0xFF,
    0xD0, 0x3F, 0xF0, 0x01, 0xFF, 0xC0, 0x3F, 0xF0, 0x0B, 0xFF, 0x80, 0x3F, 0xFF, 0xFF, 0xFF, 0x00,
    0x3F, 0xFF, 0xFF, 0xF8, 0x00, 0x3F, 0xFF, 0xFF, 0xD0, 0x00, 0x3F, 0xFF, 0xFF, 0xF0, 0x00, 0x3F,
    0xF0, 0x3F, 0xF4, 0x00, 0x3F, 0xF0, 0x1F, 0xFC, 0x00, 0x3F, 0xF0, 0x0B, 0xFE, 0x00, 0x3F, 0xF0,
    0x03, 0xFF, 0x40, 0x3F, 0xF0, 0x02, 0xFF, 0xC0, 0x3F, 0xF0, 0x00, 0xFF, 0xE0, 0x3F, 0xF0, 0x00,
    0x7F, 0xF4, 0x3F, 0xF0, 0x00, 0x3F, 0xFC, 0x3F, 0xF0, 0x00, 0x0F, 0xFE, 0x00, 0x00, 0x00, 0x00,
    0x00, 0x1B, 0xFF, 0xE4, 0x00, 0x2F, 0xFF, 0xFF, 0xE0, 0x3F, 0xFF, 0xFF, 0xF8, 0x1F, 0xFF, 0xFF,
    0xFC, 0x0F, 0xFF, 0x00, 0x7E, 0x03, 0xFF, 0x00, 0x00, 0x00, 0xFF, 0xC0, 0x00, 0x00, 0x3F, 0xF0,
    0x00, 0x00, 0x0F, 0xFF, 0x00, 0x00, 0x02, 0xFF, 0xF8, 0x00, 0x00, 0x3F, 0xFF, 0xE0, 0x00, 0x03,
    0xFF, 0xFF, 0x40, 0x00, 0x2F, 0xFF, 0xFC, 0x00, 0x00, 0xFF, 0xFF, 0xC0, 0x00, 0x03, 0xFF, 0xF4,
    0x00, 0x00, 0x1F, 0xFF, 0x00, 0x00, 0x01, 0xFF, 0xC0, 0x00, 0x00, 0x3F, 0xF1, 0x40, 0x00, 0x0F,
    0xFC, 0x7E, 0x40, 0x0B, 0xFE, 0x1F, 0xFF, 0xFF, 0xFF, 0x47, 0xFF, 0xFF, 0xFF, 0x81, 0xFF, 0xFF,
    0xFF, 0x80, 0x1B, 0xFF, 0xFE, 0x00, 0x00, 0x01, 0x50, 0x00, 0x00, 0x7F, 0xFF, 0xFF, 0xFF, 0xF5,
    0xFF, 0xFF, 0xFF, 0xFF, 0xE7, 0xFF, 0xFF, 0xFF, 0xFF, 0x9F, 0xFF, 0xFF, 0xFF, 0xFE, 0x15, 0x57,
    0xFF, 0x95, 0x54, 0x00, 0x0F, 0xFC, 0x00, 0x00, 0x00, 0x3F, 0xF0, 0x00, 0x00, 0x00, 0xFF, 0xC0,
    0x00, 0x00, 0x03, 0xFF, 0x00, 0x00, 0x00, 0x0F, 0xFC, 0x00, 0x00, 0x00, 0x3F, 0xF0, 0x00, 0x00,
    0x00, 0xFF, 0xC0, 0x00, 0x00, 0x03, 0xFF, 0x00, 0x00, 0x00, 0x0F, 0xFC, 0x00, 0x00, 0x00, 0x3F,
    0xF0, 0x00, 0x00, 0x00, 0xFF, 0xC0, 0x00, 0x00, 0x03, 0xFF, 0x00, 0x00, 0x00, 0x0F, 0xFC, 0x00,
    0x00, 0x00, 0x3F, 0xF0, 0x00, 0x00, 0x00, 0xFF, 0xC0, 0x00, 0x00, 0x03, 0xFF, 0x00, 0x00, 0x00,
    0x0F, 0xFC, 0x00, 0x00, 0x00, 0x3F, 0xF0, 0x00, 0x00, 0x00, 0xFF, 0xC0, 0x00, 0x3F, 0xE0, 0x00,
    0x02, 0xFF, 0x4F, 0xFC, 0x00, 0x00, 0xBF, 0xD3, 0xFF, 0x00, 0x00, 0x2F, 0xF4, 0xFF, 0xC0, 0x00,
    0x0B, 0xFD, 0x3F, 0xF0, 0x00, 0x02, 0xFF, 0x4F, 0xFC, 0x00, 0x00, 0xBF, 0xD3, 0xFF, 0x00, 0x00,
    0x2F, 0xF4, 0xFF, 0xC0, 0x00, 0x0B, 0xFD, 0x3F, 0xF0, 0x00, 0x02, 0xFF, 0x4F, 0xFC, 0x00, 0x00,
    0xBF, 0xD3, 0xFF, 0x00, 0x00, 0x2F, 0xF4, 0xFF, 0xC0, 0x00, 0x0B, 0xFD, 0x3F, 0xF0, 0x00, 0x02,
    0xFF, 0x4F, 0xFC, 0x00, 0x00, 0xBF, 0xD3, 0xFF, 0x00, 0x00, 0x2F, 0xF4, 0xFF, 0xC0, 0x00, 0x0B,
    0xFD, 0x3F, 0xF0, 0x00, 0x03, 0xFF, 0x4F, 0xFD, 0x00, 0x00, 0xFF, 0xC3, 0xFF, 0x80, 0x00, 0xBF,
    0xF0, 0x7F, 0xF8, 0x00, 0xBF, 0xF8, 0x0F, 0xFF, 0xFF, 0xFF, 0xFC, 0x00, 0xFF, 0xFF, 0xFF, 0xFD,
    0x00, 0x0F, 0xFF, 0xFF, 0xFC, 0x00, 0x00, 0x7F, 0xFF, 0xF4, 0x00, 0x00, 0x00, 0x15, 0x00, 0x00,
    0x00, 0xBF, 0xC0, 0x00, 0x00, 0x7F, 0xDB, 0xFE, 0x00, 0x00, 0x0F, 0xFC, 0x3F, 0xF0, 0x00, 0x00,
    0xFF, 0xC3, 0xFF, 0x00, 0x00, 0x1F, 0xF8, 0x2F, 0xF4, 0x00, 0x03, 0xFF, 0x00, 0xFF, 0xC0, 0x00,
    0x3F, 0xF0, 0x0F, 0xFC, 0x00, 0x07, 0xFE, 0x00, 0xBF, 0xD0, 0x00, 0xFF, 0xC0, 0x03, 0xFE, 0x00,
    0x0F, 0xFC, 0x00, 0x3F, 0xF0, 0x01, 0xFF, 0x40, 0x02, 0xFF, 0x40, 0x2F, 0xF0, 0x00, 0x0F, 0xF8,
    0x03, 0xFF, 0x00, 0x00, 0xFF, 0xC0, 0x7F, 0xD0, 0x00, 0x07, 0xFD, 0x0B, 0xFC, 0x00, 0x00, 0x3F,
    0xE0, 0xFF, 0xC0, 0x00, 0x03, 0xFF, 0x0F, 0xF4, 0x00, 0x00, 0x1F, 0xF2, 0xFF, 0x00, 0x00, 0x00,
    0xFF, 0x6F, 0xF0, 0x00, 0x00, 0x0F, 0xFB, 0xFD, 0x00, 0x00, 0x00, 0x7F, 0xFF, 0xC0, 0x00, 0x00,
    0x03, 0xFF, 0xFC, 0x00, 0x00, 0x00, 0x3F, 0xFF, 0x40, 0x00, 0x00, 0x01, 0xFF, 0xF0, 0x00, 0x00,
    0x00, 0x0F, 0xFE, 0x00, 0x00, 0xBF, 0xC0, 0x00, 0x1F, 0xF4, 0x00, 0x02, 0xFF, 0x2F, 0xF4, 0x00,
    0x0B, 0xFF, 0x00, 0x00, 0xFF, 0xC7, 0xFE, 0x00, 0x03, 0xFF, 0xC0, 0x00, 0x7F, 0xE0, 0xFF, 0x80,
    0x00, 0xFF, 0xF4, 0x00, 0x2F, 0xF4, 0x3F, 0xF0, 0x00, 0x7F, 0xFE, 0x00, 0x0B, 0xFC, 0x0B, 0xFC,
    0x00, 0x2F, 0xFF, 0xC0, 0x03, 0xFF, 0x01, 0xFF, 0x40, 0x0F, 0xFF, 0xF0, 0x00, 0xFF, 0x80, 0x3F,
    0xE0, 0x03, 0xFE, 0xFD, 0x00, 0x7F, 0xD0, 0x0F, 0xFC, 0x01, 0xFE, 0x7F, 0x80, 0x2F, 0xF0, 0x02,
    0xFF, 0x00, 0xBF, 0x4F, 0xF0, 0x0F, 0xFC, 0x00, 0x7F, 0xD0, 0x3F, 0xC3, 0xFC, 0x03, 0xFE, 0x00,
    0x0F, 0xF8, 0x0F, 0xF0, 0xFF, 0x41, 0xFF, 0x40, 0x03, 0xFF, 0x07, 0xFC, 0x2F, 0xE0, 0xBF, 0xC0,
    0x00, 0xBF, 0xC2, 0xFD, 0x07, 0xFC, 0x3F, 0xF0, 0x00, 0x1F, 0xF4, 0xFF, 0x00, 0xFF, 0x0F, 0xF8,
    0x00, 0x03, 0xFD, 0x3F, 0xC0, 0x3F, 0xD7, 0xFD, 0x00, 0x00, 0xFF, 0x9F, 0xE0, 0x0B, 0xF9, 0xFF,
    0x00, 0x00, 0x2F, 0xFB, 0xF4, 0x00, 0xFF, 0xBF, 0xC0, 0x00, 0x07, 0xFF, 0xFC, 0x00, 0x3F, 0xFF,
    0xE0, 0x00, 0x00, 0xFF, 0xFF, 0x00, 0x0B, 0xFF, 0xF4, 0x00, 0x00, 0x3F, 0xFF, 0x80, 0x01, 0xFF,
    0xFC, 0x00, 0x00, 0x0B, 0xFF, 0xD0, 0x00, 0x3F, 0xFF, 0x00, 0x00, 0x01, 0xFF, 0xF0, 0x00, 0x0F,
    0xFF, 0x80, 0x00, 0x00, 0x3F, 0xFC, 0x00, 0x02, 0xFF, 0xD0, 0x00, 0x3F, 0xF4, 0x00, 0x00, 0xFF,
    0xD0, 0xBF, 0xF0, 0x00, 0x0F, 0xFF, 0x00, 0xFF, 0xE0, 0x00, 0x7F, 0xF0, 0x01, 0xFF, 0xC0, 0x03,
    0xFF, 0x80, 0x02, 0xFF, 0xC0, 0x2F, 0xFC, 0x00, 0x03, 0xFF, 0x40, 0xFF, 0xD0, 0x00, 0x07, 0xFF,
    0x0F, 0xFE, 0x00, 0x00, 0x0B, 0xFE, 0x7F, 0xF0, 0x00, 0x00, 0x0F, 0xFF, 0xFF, 0x40, 0x00, 0x00,
    0x1F, 0xFF, 0xFC, 0x00, 0x00, 0x00, 0x3F, 0xFF, 0xC0, 0x00, 0x00, 0x00, 0x3F, 0xFE, 0x00, 0x00,
    0x00, 0x01, 0xFF, 0xF4, 0x00, 0x00, 0x00, 0x0F, 0xFF, 0xF0, 0x00, 0x00, 0x00, 0xFF, 0xFF, 0xF0,
    0x00, 0x00, 0x07, 0xFF, 0xFF, 0xE0, 0x00, 0x00, 0x3F, 0xF5, 0xFF, 0xC0, 0x00, 0x02, 0xFF, 0xC2,
    0xFF, 0xC0, 0x00, 0x1F, 0xFC, 0x03, 0xFF, 0x80, 0x00, 0xFF, 0xE0, 0x07, 0xFF, 0x00, 0x0B, 0xFF,
    0x00, 0x0F, 0xFF, 0x00, 0x7F, 0xF4, 0x00, 0x0F, 0xFE, 0x03, 0xFF, 0x80, 0x00, 0x2F, 0xFC, 0x2F,
    0xFC, 0x00, 0x00, 0x3F, 0xFC, 0xBF, 0xE0, 0x00, 0x02, 0xFF, 0x9F, 0xFC, 0x00, 0x01, 0xFF, 0xC3,
    0xFF, 0x80, 0x00, 0xFF, 0xE0, 0x3F, 0xF0, 0x00, 0x7F, 0xF0, 0x0B, 0xFE, 0x00, 0x3F, 0xF8, 0x00,
    0xFF, 0xC0, 0x1F, 0xFC, 0x00, 0x2F, 0xF8, 0x0F, 0xFD, 0x00, 0x03, 0xFF, 0x07, 0xFF, 0x00, 0x00,
    0xBF, 0xE2, 0xFF, 0x40, 0x00, 0x0F, 0xFD, 0xFF, 0xC0, 0x00, 0x01, 0xFF, 0xFF, 0xD0, 0x00, 0x00,
    0x3F, 0xFF, 0xF0, 0x00, 0x00, 0x07, 0xFF, 0xF0, 0x00, 0x00, 0x00, 0xFF, 0xF8, 0x00, 0x00, 0x00,
    0x1F, 0xFC, 0x00, 0x00, 0x00, 0x03, 0xFF, 0x00, 0x00, 0x00, 0x00, 0xFF, 0xC0, 0x00, 0x00, 0x00,
    0x3F, 0xF0, 0x00, 0x00, 0x00, 0x0F, 0xFC, 0x00, 0x00, 0x00, 0x03, 0xFF, 0x00, 0x00, 0x00, 0x00,
    0xFF, 0xC0, 0x00, 0x00, 0x00, 0x3F, 0xF0, 0x00, 0x00, 0x00, 0x0F, 0xFC, 0x00, 0x00, 0x00, 0x03,
    0xFF, 0x00, 0x00, 0x2F, 0xFF, 0xFF, 0xFF, 0xF0, 0xFF, 0xFF, 0xFF, 0xFF, 0xC3, 0xFF, 0xFF, 0xFF,
    0xFF, 0x0F, 0xFF, 0xFF, 0xFF, 0xFC, 0x15, 0x55, 0x55, 0xFF, 0xD0, 0x00, 0x00, 0x0B, 0xFF, 0x00,
    0x00, 0x00, 0x7F, 0xF0, 0x00, 0x00, 0x03, 0xFF, 0x40, 0x00, 0x00, 0x2F, 0xF8, 0x00, 0x00, 0x01,
    0xFF, 0xC0, 0x00, 0x00, 0x0F, 0xFD, 0x00, 0x00, 0x00, 0xFF, 0xE0, 0x00, 0x00, 0x07, 0xFF, 0x00,
    0x00, 0x00, 0x3F, 0xF0, 0x00, 0x00, 0x03, 0xFF, 0x80, 0x00, 0x00, 0x2F, 0xFC, 0x00, 0x00, 0x01,
    0xFF, 0xC0, 0x00, 0x00, 0x0F, 0xFD, 0x00, 0x00, 0x00, 0xBF, 0xE0, 0x00, 0x00, 0x07, 0xFF, 0x40,
    0x00, 0x00, 0x3F, 0xFF, 0xFF, 0xFF, 0xF8, 0xFF, 0xFF, 0xFF, 0xFF, 0xE3, 0xFF, 0xFF, 0xFF, 0xFF,
    0x8F, 0xFF, 0xFF, 0xFF, 0xFE, 0xBF, 0xFF, 0x2F, 0xFF, 0xCB, 0xFF, 0xF2, 0xFF, 0xA8, 0xBF, 0x80,
    0x2F, 0xE0, 0x0B, 0xF8, 0x02, 0xFE, 0x00, 0xBF, 0x80, 0x2F, 0xE0, 0x0B, 0xF8, 0x02, 0xFE, 0x00,
    0xBF, 0x80, 0x2F, 0xE0, 0x0B, 0xF8, 0x02, 0xFE, 0x00, 0xBF, 0x80, 0x2F, 0xE0, 0x0B, 0xF8, 0x02,
    0xFE, 0x00, 0xBF, 0x80, 0x2F, 0xE0, 0x0B, 0xF8, 0x02, 0xFE, 0x00, 0xBF, 0x80, 0x2F, 0xE0, 0x0B,
    0xFF, 0xF2, 0xFF, 0xFC, 0xBF, 0xFF, 0x05, 0x55, 0x40, 0xBF, 0xC0, 0x00, 0x07, 0xFD, 0x00, 0x00,
    0x3F, 0xE0, 0x00, 0x02, 0xFF, 0x00, 0x00, 0x0F, 0xF4, 0x00, 0x00, 0xFF, 0xC0, 0x00, 0x07, 0xFC,
    0x00, 0x00, 0x3F, 0xD0, 0x00, 0x02, 0xFF, 0x00, 0x00, 0x1F, 0xF0, 0x00, 0x00, 0xFF, 0x80, 0x00,
    0x0B, 0xFC, 0x00, 0x00, 0x3F, 0xD0, 0x00, 0x03, 0xFE, 0x00, 0x00, 0x1F, 0xF0, 0x00, 0x00, 0xFF,
    0x40, 0x00, 0x0F, 0xFC, 0x00, 0x00, 0x7F, 0xC0, 0x00, 0x03, 0xFE, 0x00, 0x00, 0x2F, 0xF0, 0x00,
    0x01, 0xFF, 0x40, 0x00, 0x0F, 0xF8, 0x00, 0x00, 0xBF, 0xC0, 0x00, 0x03, 0xFD, 0x00, 0x00, 0x00,
    0x00, 0x3F, 0xFF, 0x8F, 0xFF, 0xE3, 0xFF, 0xF8, 0xAB, 0xFE, 0x00, 0xBF, 0x80, 0x2F, 0xE0, 0x0B,
    0xF8, 0x02, 0xFE, 0x00, 0xBF, 0x80, 0x2F, 0xE0, 0x0B, 0xF8, 0x02, 0xFE, 0x00, 0xBF, 0x80, 0x2F,
    0xE0, 0x0B, 0xF8, 0x02, 0xFE, 0x00, 0xBF, 0x80, 0x2F, 0xE0, 0x0B, 0xF8, 0x02, 0xFE, 0x00, 0xBF,
    0x80, 0x2F, 0xE0, 0x0B, 0xF8, 0x02, 0xFE, 0x00, 0xBF, 0x80, 0x2F, 0xE3, 0xFF, 0xF8, 0xFF, 0xFE,
    0x3F, 0xFF, 0x85, 0x55, 0x40, 0x00, 0x01, 0xF4, 0x00, 0x00, 0x00, 0x0F, 0xF0, 0x00, 0x00, 0x00,
    0x3F, 0xD0, 0x00, 0x00, 0x02, 0xFF, 0xC0, 0x00, 0x00, 0x0F, 0xFF, 0x80, 0x00, 0x00, 0xBF, 0xBF,
    0x00, 0x00, 0x03, 0xF8, 0xFE, 0x00, 0x00, 0x2F, 0xC2, 0xFC, 0x00, 0x00, 0xFE, 0x03, 0xF8, 0x00,
    0x07, 0xF0, 0x0B, 0xF0, 0x00, 0x3F, 0xC0, 0x0F, 0xE0, 0x01, 0xFD, 0x00, 0x2F, 0xC0, 0x0F, 0xF0,
    0x00, 0x3F, 0x80, 0x7F, 0x40, 0x00, 0xBF, 0x03, 0xFC, 0x00, 0x00, 0xFF, 0x0A, 0x90, 0x00, 0x01,
    0xA8, 0x3F, 0xFF, 0xFF, 0xFC, 0xFF, 0xFF, 0xFF, 0xF1, 0x55, 0x55, 0x55, 0x00, 0x6A, 0xA0, 0x03,
    0xFF, 0x80, 0x0B, 0xFD, 0x00, 0x2F, 0xF4, 0x00, 0x7F, 0xC0, 0x00, 0xBE, 0x00, 0x05, 0x65, 0x00,
    0x00, 0x7F, 0xFF, 0xFC, 0x00, 0xBF, 0xFF, 0xFF, 0xC0, 0x0F, 0xFF, 0xFF, 0xFC, 0x02, 0xF5, 0x0B,
    0xFF, 0x40, 0x00, 0x00, 0xBF, 0xD0, 0x00, 0x00, 0x1F, 0xF8, 0x00, 0x01, 0x5B, 0xFE, 0x01, 0xBF,
    0xFF, 0xFF, 0x82, 0xFF, 0xFF, 0xFF, 0xE3, 0xFF, 0xFE, 0xBF, 0xF9, 0xFF, 0xD0, 0x07, 0xFE, 0xBF,
    0xE0, 0x01, 0xFF, 0xAF, 0xF4, 0x00, 0xBF, 0xEB, 0xFE, 0x00, 0x7F, 0xF9, 0xFF, 0xE5, 0xBF, 0xFE,
    0x3F, 0xFF, 0xFF, 0xFF, 0x87, 0xFF, 0xFF, 0x1F, 0xE0, 0x7F, 0xFE, 0x03, 0xF8, 0x00, 0x50, 0x00,
    0x00, 0x15, 0x40, 0x00, 0x00, 0x0B, 0xFD, 0x00, 0x00, 0x00, 0xBF, 0xD0, 0x00, 0x00, 0x0B, 0xFD,
    0x00, 0x00, 0x00, 0xBF, 0xD0, 0x00, 0x00, 0x0B, 0xFD, 0x00, 0x00, 0x00, 0xBF, 0xD0, 0x00, 0x00,
    0x0B, 0xFD, 0x01, 0x94, 0x00, 0xBF, 0xD3, 0xFF, 0xF0, 0x0B, 0xFD, 0xFF, 0xFF, 0xD0, 0xBF, 0xFF,
    0xFF, 0xFF, 0x0B, 0xFF, 0xEA, 0xFF, 0xF8, 0xBF, 0xF4, 0x02, 0xFF, 0xCB, 0xFF, 0x00, 0x0F, 0xFC,
    0xBF, 0xE0, 0x00, 0xFF, 0xDB, 0xFE, 0x00, 0x0B, 0xFD, 0xBF, 0xD0, 0x00, 0xBF, 0xDB, 0xFD, 0x00,
    0x0B, 0xFD, 0xBF, 0xE0, 0x00, 0xFF, 0xDB, 0xFE, 0x00, 0x0F, 0xFD, 0xBF, 0xF0, 0x01, 0xFF, 0xCB,
    0xFF, 0x80, 0x3F, 0xFC, 0xBF, 0xFF, 0xFF, 0xFF, 0x4B, 0xFF, 0xFF, 0xFF, 0xF0, 0xBF, 0xCF, 0xFF,
    0xFC, 0x0B, 0xF8, 0x2F, 0xFE, 0x00, 0x00, 0x00, 0x15, 0x00, 0x00, 0x00, 0x01, 0x69, 0x00, 0x00,
    0x6F, 0xFF, 0xF8, 0x02, 0xFF, 0xFF, 0xFC, 0x0B, 0xFF, 0xFF, 0xF8, 0x0F, 0xFF, 0xAA, 0xF0, 0x2F,
    0xFC, 0x00, 0x10, 0x3F, 0xF4, 0x00, 0x00, 0x3F, 0xF0, 0x00, 0x00, 0x7F, 0xF0, 0x00, 0x00, 0x7F,
    0xE0, 0x00, 0x00, 0x7F, 0xE0, 0x00, 0x00, 0x7F, 0xF0, 0x00, 0x00, 0x3F, 0xF0, 0x00, 0x00, 0x3F,
    0xF4, 0x00, 0x00, 0x2F, 0xFD, 0x00, 0x28, 0x0F, 0xFF, 0xEF, 0xFC, 0x0B, 0xFF, 0xFF, 0xFC, 0x02,
    0xFF, 0xFF, 0xFC, 0x00, 0x2F, 0xFF, 0xE0, 0x00, 0x00, 0x54, 0x00, 0x00, 0x00, 0x00, 0x15, 0x40,
    0x00, 0x00, 0x07, 0xFE, 0x00, 0x00, 0x00, 0x7F, 0xE0, 0x00, 0x00, 0x07, 0xFE, 0x00, 0x00, 0x00,
    0x7F, 0xE0, 0x00, 0x00, 0x07, 0xFE, 0x00, 0x00, 0x00, 0x7F, 0xE0, 0x00, 0x65, 0x07, 0xFE, 0x00,
    0xFF, 0xFC, 0x7F, 0xE0, 0x3F, 0xFF, 0xF7, 0xFE, 0x0F, 0xFF, 0xFF, 0xFF, 0xE1, 0xFF, 0xFA, 0xBF,
    0xFE, 0x3F, 0xFC, 0x01, 0xFF, 0xE3, 0xFF, 0x40, 0x0B, 0xFE, 0x7F, 0xF0, 0x00, 0x7F, 0xE7, 0xFF,
    0x00, 0x03, 0xFE, 0x7F, 0xE0, 0x00, 0x3F, 0xE7, 0xFE, 0x00, 0x03, 0xFE, 0x7F, 0xF0, 0x00, 0x3F,
    0xE7, 0xFF, 0x00, 0x07, 0xFE, 0x3F, 0xF4, 0x00, 0xBF, 0xE3, 0xFF, 0xC0, 0x1F, 0xFE, 0x1F, 0xFF,
    0xEF, 0xFF, 0xE0, 0xFF, 0xFF, 0xFF, 0xFE, 0x03, 0xFF, 0xFF, 0x3F, 0xE0, 0x0B, 0xFF, 0x81, 0xFE,
    0x00, 0x05, 0x00, 0x00, 0x00, 0x00, 0x01, 0xA5, 0x00, 0x00, 0x07, 0xFF, 0xFE, 0x00, 0x02, 0xFF,
    0xFF, 0xFC, 0x00, 0xBF, 0xFF, 0xFF, 0xF0, 0x0F, 0xFE, 0x03, 0xFF, 0x42, 0xFF, 0x80, 0x0F, 0xFC,
    0x3F, 0xF0, 0x00, 0x7F, 0xC3, 0xFF, 0x00, 0x07, 0xFD, 0x7F, 0xFF, 0xFF, 0xFF, 0xD7, 0xFF, 0xFF,
    0xFF, 0xFD, 0x7F, 0xFF, 0xFF, 0xFF, 0xD7, 0xFF, 0x00, 0x00, 0x00, 0x3F, 0xF0, 0x00, 0x00, 0x03,
    0xFF, 0x40, 0x00, 0x00, 0x2F, 0xFC, 0x00, 0x01, 0x00, 0xFF, 0xF9, 0x5B, 0xF4, 0x07, 0xFF, 0xFF,
    0xFF, 0x40, 0x1F, 0xFF, 0xFF, 0xF4, 0x00, 0x2F, 0xFF, 0xFD, 0x00, 0x00, 0x01, 0x50, 0x00, 0x00,
    0x01, 0x55, 0x40, 0x00, 0x7F, 0xFF, 0xC0, 0x0B, 0xFF, 0xFF, 0x00, 0x3F, 0xFF, 0xF8, 0x01, 0xFF,
    0xE6, 0x90, 0x0B, 0xFE, 0x00, 0x00, 0x2F, 0xF4, 0x00, 0x00, 0xBF, 0xD0, 0x00, 0x1F, 0xFF, 0xFF,
    0x81, 0xFF, 0xFF, 0xFE, 0x07, 0xFF, 0xFF, 0xF8, 0x0A, 0xFF, 0xEA, 0x90, 0x02, 0xFF, 0x40, 0x00,
    0x0B, 0xFD, 0x00, 0x00, 0x2F, 0xF4, 0x00, 0x00, 0xBF, 0xD0, 0x00, 0x02, 0xFF, 0x40, 0x00, 0x0B,
    0xFD, 0x00, 0x00, 0x2F, 0xF4, 0x00, 0x00, 0xBF, 0xD0, 0x00, 0x02, 0xFF, 0x40, 0x00, 0x0B, 0xFD,
    0x00, 0x00, 0x2F, 0xF4, 0x00, 0x00, 0xBF, 0xD0, 0x00, 0x02, 0xFF, 0x40, 0x00, 0x0B, 0xFD, 0x00,
    0x00, 0x00, 0x06, 0x50, 0x00, 0x00, 0x0F, 0xFF, 0xD3, 0xFE, 0x03, 0xFF, 0xFF, 0x7F, 0xE0, 0xFF,
    0xFF, 0xFF, 0xFE, 0x1F, 0xFF, 0x9B, 0xFF, 0xE3, 0xFF, 0xC0, 0x0F, 0xFE, 0x3F, 0xF4, 0x00, 0xBF,
    0xE7, 0xFF, 0x00, 0x07, 0xFE, 0x7F, 0xF0, 0x00, 0x3F, 0xE7, 0xFE, 0x00, 0x03, 0xFE, 0x7F, 0xE0,
    0x00, 0x3F, 0xE7, 0xFF, 0x00, 0x03, 0xFE, 0x7F, 0xF0, 0x00, 0x3F, 0xE3, 0xFF, 0x40, 0x0B, 0xFE,
    0x3F, 0xFC, 0x01, 0xFF, 0xE1, 0xFF, 0xFA, 0xFF, 0xFE, 0x0F, 0xFF, 0xFF, 0xFF, 0xE0, 0x3F, 0xFF,
    0xF7, 0xFE, 0x00, 0xBF, 0xF8, 0x7F, 0xE0, 0x00, 0x54, 0x07, 0xFE, 0x00, 0x00, 0x00, 0xBF, 0xE0,
    0x00, 0x00, 0x0F, 0xFD, 0x1E, 0x40, 0x07, 0xFF, 0xC1, 0xFF, 0xFF, 0xFF, 0xF8, 0x1F, 0xFF, 0xFF,
    0xFF, 0x01, 0xFF, 0xFF, 0xFF, 0x80, 0x02, 0xBF, 0xFE, 0x80, 0x00, 0x15, 0x40, 0x00, 0x00, 0x0B,
    0xFD, 0x00, 0x00, 0x00, 0xBF, 0xD0, 0x00, 0x00, 0x0B, 0xFD, 0x00, 0x00, 0x00, 0xBF, 0xD0, 0x00,
    0x00, 0x0B, 0xFD, 0x00, 0x00, 0x00, 0xBF, 0xD0, 0x00, 0x00, 0x0B, 0xFD, 0x01, 0x94, 0x00, 0xBF,
    0xD3, 0xFF, 0xF8, 0x0B, 0xFD, 0xFF, 0xFF, 0xF0, 0xBF, 0xFF, 0xFF, 0xFF, 0x8B, 0xFF, 0xF9, 0xBF,
    0xFC, 0xBF, 0xF8, 0x01, 0xFF, 0xCB, 0xFF, 0x00, 0x0F, 0xFD, 0xBF, 0xF0, 0x00, 0xFF, 0xDB, 0xFE,
    0x00, 0x0B, 0xFD, 0xBF, 0xE0, 0x00, 0xBF, 0xDB, 0xFD, 0x00, 0x0B, 0xFD, 0xBF, 0xD0, 0x00, 0xBF,
    0xDB, 0xFD, 0x00, 0x0B, 0xFD, 0xBF, 0xD0, 0x00, 0xBF, 0xDB, 0xFD, 0x00, 0x0B, 0xFD, 0xBF, 0xD0,
    0x00, 0xBF, 0xDB, 0xFD, 0x00, 0x0B, 0xFD, 0xBF, 0xD0, 0x00, 0xBF, 0xDB, 0xFD, 0x00, 0x0B, 0xFD,
    0x05, 0x07, 0xFD, 0xBF, 0xEB, 0xFE, 0x7F, 0xD0, 0x50, 0x00, 0x00, 0x00, 0xBF, 0xEB, 0xFE, 0xBF,
    0xEB, 0xFE, 0xBF, 0xEB, 0xFE, 0xBF, 0xEB, 0xFE, 0xBF, 0xEB, 0xFE, 0xBF, 0xEB, 0xFE, 0xBF, 0xEB,
    0xFE, 0xBF, 0xEB, 0xFE, 0xBF, 0xEB, 0xFE, 0x00, 0x05, 0x00, 0x07, 0xFD, 0x00, 0xBF, 0xE0, 0x0B,
    0xFE, 0x00, 0x7F, 0xD0, 0x00, 0x50, 0x00, 0x00, 0x00, 0x00, 0x00, 0x00, 0xBF, 0xD0, 0x0B, 0xFD,
    0x00, 0xBF, 0xD0, 0x0B, 0xFD, 0x00, 0xBF, 0xD0, 0x0B, 0xFD, 0x00, 0xBF, 0xD0, 0x0B, 0xFD, 0x00,
    0xBF, 0xD0, 0x0B, 0xFD, 0x00, 0xBF, 0xD0, 0x0B, 0xFD, 0x00, 0xBF, 0xD0, 0x0B, 0xFD, 0x00, 0xBF,
    0xD0, 0x0B, 0xFD, 0x00, 0xBF, 0xD0, 0x0B, 0xFD, 0x00, 0xBF, 0xD0, 0x0B, 0xFD, 0x00, 0xBF, 0xD0,
    0x1F, 0xFD, 0xFF, 0xFF, 0xCF, 0xFF, 0xF8, 0xFF, 0xFE, 0x0B, 0xFE, 0x40, 0x15, 0x40, 0x00, 0x00,
    0x01, 0xFF, 0x80, 0x00, 0x00, 0x07, 0xFE, 0x00, 0x00, 0x00, 0x1F, 0xF8, 0x00, 0x00, 0x00, 0x7F,
    0xE0, 0x00, 0x00, 0x01, 0xFF, 0x80, 0x00, 0x00, 0x07, 0xFE, 0x00, 0x00, 0x00, 0x1F, 0xF8, 0x00,
    0x00, 0x00, 0x7F, 0xE0, 0x00, 0xFF, 0xE1, 0xFF, 0x80, 0x0F, 0xFE, 0x07, 0xFE, 0x00, 0xFF, 0xE0,
    0x1F, 0xF8, 0x0F, 0xFF, 0x00, 0x7F, 0xE0, 0xBF, 0xF0, 0x01, 0xFF, 0x8B, 0xFF, 0x00, 0x07, 0xFD,
    0x7F, 0xF0, 0x00, 0x1F, 0xFB, 0xFF, 0x40, 0x00, 0x7F, 0xFF, 0xFE, 0x00, 0x01, 0xFF, 0xFF, 0xFD,
    0x00, 0x07, 0xFF, 0xFF, 0xFC, 0x00, 0x1F, 0xFE, 0x2F, 0xFC, 0x00, 0x7F, 0xE0, 0x3F, 0xF8, 0x01,
    0xFF, 0x80, 0x7F, 0xF4, 0x07, 0xFE, 0x00, 0xBF, 0xF0, 0x1F, 0xF8, 0x00, 0xFF, 0xF0, 0x7F, 0xE0,
    0x00, 0xFF, 0xE1, 0xFF, 0x80, 0x01, 0xFF, 0xD0, 0x15, 0x4B, 0xFD, 0xBF, 0xDB, 0xFD, 0xBF, 0xDB,
    0xFD, 0xBF, 0xDB, 0xFD, 0xBF, 0xDB, 0xFD, 0xBF, 0xDB, 0xFD, 0xBF, 0xDB, 0xFD, 0xBF, 0xDB, 0xFD,
    0xBF, 0xDB, 0xFD, 0xBF, 0xDB, 0xFD, 0xBF, 0xDB, 0xFD, 0xBF, 0xDB, 0xFD, 0xBF, 0xDB, 0xFD, 0x00,
    0x00, 0x19, 0x40, 0x00, 0x69, 0x00, 0x2F, 0xE1, 0xFF, 0xFE, 0x03, 0xFF, 0xF8, 0x0B, 0xFD, 0xFF,
    0xFF, 0xE3, 0xFF, 0xFF, 0xC2, 0xFF, 0xFF, 0xFF, 0xFF, 0xFF, 0xFF, 0xF4, 0xBF, 0xFF, 0xAF, 0xFF,
    0xFE, 0x6F, 0xFF, 0x2F, 0xFE, 0x00, 0xFF, 0xFC, 0x02, 0xFF, 0xCB, 0xFF, 0x00, 0x1F, 0xFD, 0x00,
    0x3F, 0xF2, 0xFF, 0x80, 0x07, 0xFF, 0x00, 0x0F, 0xFC, 0xBF, 0xE0, 0x00, 0xFF, 0xC0, 0x03, 0xFF,
    0x2F, 0xF4, 0x00, 0x3F, 0xF0, 0x00, 0xFF, 0xCB, 0xFD, 0x00, 0x0F, 0xFC, 0x00, 0x3F, 0xF2, 0xFF,
    0x40, 0x03, 0xFF, 0x00, 0x0F, 0xFC, 0xBF, 0xD0, 0x00, 0xFF, 0xC0, 0x03, 0xFF, 0x2F, 0xF4, 0x00,
    0x3F, 0xF0, 0x00, 0xFF, 0xCB, 0xFD, 0x00, 0x0F, 0xFC, 0x00, 0x3F, 0xF2, 0xFF, 0x40, 0x03, 0xFF,
    0x00, 0x0F, 0xFC, 0xBF, 0xD0, 0x00, 0xFF, 0xC0, 0x03, 0xFF, 0x2F, 0xF4, 0x00, 0x3F, 0xF0, 0x00,
    0xFF, 0xCB, 0xFD, 0x00, 0x0F, 0xFC, 0x00, 0x3F, 0xF0, 0x00, 0x00, 0x1A, 0x40, 0x0B, 0xF8, 0x3F,
    0xFF, 0x80, 0xBF, 0xCF, 0xFF, 0xFF, 0x0B, 0xFF, 0xFF, 0xFF, 0xF8, 0xBF, 0xFF, 0x9B, 0xFF, 0xCB,
    0xFF, 0x80, 0x1F, 0xFC, 0xBF, 0xF0, 0x00, 0xFF, 0xDB, 0xFF, 0x00, 0x0F, 0xFD, 0xBF, 0xE0, 0x00,
    0xBF, 0xDB, 0xFD, 0x00, 0x0B, 0xFD, 0xBF, 0xD0, 0x00, 0xBF, 0xDB, 0xFD, 0x00, 0x0B, 0xFD, 0xBF,
    0xD0, 0x00, 0xBF, 0xDB, 0xFD, 0x00, 0x0B, 0xFD, 0xBF, 0xD0, 0x00, 0xBF, 0xDB, 0xFD, 0x00, 0x0B,
    0xFD, 0xBF, 0xD0, 0x00, 0xBF, 0xDB, 0xFD, 0x00, 0x0B, 0xFD, 0xBF, 0xD0, 0x00, 0xBF, 0xD0, 0x00,
    0x01, 0x65, 0x00, 0x00, 0x01, 0xFF, 0xFF, 0x80, 0x00, 0x2F, 0xFF, 0xFF, 0xD0, 0x02, 0xFF, 0xFF,
    0xFF, 0xD0, 0x0F, 0xFF, 0x57, 0xFF, 0xC0, 0xBF, 0xF0, 0x03, 0xFF, 0x43, 0xFF, 0x00, 0x07, 0xFF,
    0x0F, 0xFC, 0x00, 0x0F, 0xFC, 0x7F, 0xF0, 0x00, 0x3F, 0xF1, 0xFF, 0x80, 0x00, 0xFF, 0xC7, 0xFE,
    0x00, 0x03, 0xFF, 0x1F, 0xFC, 0x00, 0x0F, 0xFC, 0x3F, 0xF0, 0x00, 0x3F, 0xF0, 0xFF, 0xD0, 0x02,
    0xFF, 0x82, 0xFF, 0xC0, 0x0F, 0xFD, 0x03, 0xFF, 0xEA, 0xFF, 0xF0, 0x07, 0xFF, 0xFF, 0xFF, 0x00,
    0x07, 0xFF, 0xFF, 0xF0, 0x00, 0x02, 0xFF, 0xFE, 0x00, 0x00, 0x00, 0x15, 0x00, 0x00, 0x00, 0x00,
    0x19, 0x40, 0x0B, 0xF8, 0x3F, 0xFF, 0x40, 0xBF, 0xCF, 0xFF, 0xFD, 0x0B, 0xFF, 0xFF, 0xFF, 0xF0,
    0xBF, 0xFE, 0xAF, 0xFF, 0x8B, 0xFF, 0x40, 0x2F, 0xFC, 0xBF, 0xF0, 0x00, 0xFF, 0xCB, 0xFE, 0x00,
    0x0F, 0xFD, 0xBF, 0xE0, 0x00, 0xBF, 0xDB, 0xFD, 0x00, 0x0B, 0xFD, 0xBF, 0xD0, 0x00, 0xBF, 0xDB,
    0xFE, 0x00, 0x0F, 0xFD, 0xBF, 0xE0, 0x00, 0xFF, 0xDB, 0xFF, 0x00, 0x1F, 0xFC, 0xBF, 0xF8, 0x03,
    0xFF, 0xCB, 0xFF, 0xFF, 0xFF, 0xF4, 0xBF, 0xFF, 0xFF, 0xFF, 0x0B, 0xFD, 0xFF, 0xFF, 0xC0, 0xBF,
    0xD2, 0xFF, 0xE0, 0x0B, 0xFD, 0x01, 0x50, 0x00, 0xBF, 0xD0, 0x00, 0x00, 0x0B, 0xFD, 0x00, 0x00,
    0x00, 0xBF, 0xD0, 0x00, 0x00, 0x0B, 0xFD, 0x00, 0x00, 0x00, 0xBF, 0xD0, 0x00, 0x00, 0x0B, 0xFD,
    0x00, 0x00, 0x00, 0xBF, 0xD0, 0x00, 0x00, 0x00, 0x00, 0x06, 0x50, 0x00, 0x00, 0x0F, 0xFF, 0xC3,
    0xFE, 0x03, 0xFF, 0xFF, 0x7F, 0xE0, 0xFF, 0xFF, 0xFF, 0xFE, 0x1F, 0xFF, 0x5B, 0xFF, 0xE3, 0xFF,
    0xC0, 0x0F, 0xFE, 0x3F, 0xF4, 0x00, 0xBF, 0xE7, 0xFF, 0x00, 0x07, 0xFE, 0x7F, 0xF0, 0x00, 0x3F,
    0xE7, 0xFE, 0x00, 0x03, 0xFE, 0x7F, 0xE0, 0x00, 0x3F, 0xE7, 0xFF, 0x00, 0x03, 0xFE, 0x7F, 0xF0,
    0x00, 0x7F, 0xE3, 0xFF, 0x40, 0x0B, 0xFE, 0x3F, 0xFC, 0x01, 0xFF, 0xE1, 0xFF, 0xFA, 0xFF, 0xFE,
    0x0F, 0xFF, 0xFF, 0xFF, 0xE0, 0x3F, 0xFF, 0xF7, 0xFE, 0x00, 0xBF, 0xF8, 0x7F, 0xE0, 0x00, 0x54,
    0x07, 0xFE, 0x00, 0x00, 0x00, 0x7F, 0xE0, 0x00, 0x00, 0x07, 0xFE, 0x00, 0x00, 0x00, 0x7F, 0xE0,
    0x00, 0x00, 0x07, 0xFE, 0x00, 0x00, 0x00, 0x7F, 0xE0, 0x00, 0x00, 0x07, 0xFE, 0x00, 0x00, 0x00,
    0x7F, 0xE0, 0x00, 0x00, 0x19, 0x2F, 0xD0, 0xBF, 0xDB, 0xF8, 0xBF, 0xF6, 0xFF, 0xBF, 0xFC, 0xBF,
    0xFF, 0xFF, 0x2F, 0xFF, 0xD0, 0x4B, 0xFF, 0x80, 0x02, 0xFF, 0xC0, 0x00, 0xBF, 0xE0, 0x00, 0x2F,
    0xF4, 0x00, 0x0B, 0xFD, 0x00, 0x02, 0xFF, 0x40, 0x00, 0xBF, 0xD0, 0x00, 0x2F, 0xF4, 0x00, 0x0B,
    0xFD, 0x00, 0x02, 0xFF, 0x40, 0x00, 0xBF, 0xD0, 0x00, 0x2F, 0xF4, 0x00, 0x0B, 0xFD, 0x00, 0x00,
    0x00, 0x16, 0x94, 0x00, 0x0B, 0xFF, 0xFE, 0x41, 0xFF, 0xFF, 0xFF, 0x0F, 0xFF, 0xFF, 0xF4, 0x7F,
    0xE0, 0x0B, 0xC1, 0xFF, 0x40, 0x00, 0x07, 0xFF, 0x40, 0x00, 0x0F, 0xFF, 0xD0, 0x00, 0x2F, 0xFF,
    0xF8, 0x00, 0x2F, 0xFF, 0xFD, 0x00, 0x1F, 0xFF, 0xFD, 0x00, 0x02, 0xFF, 0xFC, 0x00, 0x00, 0xBF,
    0xF0, 0x00, 0x00, 0xBF, 0xD6, 0x00, 0x02, 0xFF, 0x5F, 0xE5, 0x6F, 0xFC, 0x7F, 0xFF, 0xFF, 0xE1,
    0xFF, 0xFF, 0xFE, 0x02, 0xFF, 0xFF, 0xD0, 0x00, 0x05, 0x40, 0x00, 0x00, 0x00, 0x00, 0x00, 0x07,
    0xF0, 0x00, 0x00, 0xBF, 0x00, 0x00, 0x0F, 0xF0, 0x00, 0x01, 0xFF, 0x40, 0x00, 0xBF, 0xFF, 0xFC,
    0x3F, 0xFF, 0xFF, 0xC3, 0xFF, 0xFF, 0xFC, 0x2B, 0xFF, 0xAA, 0x80, 0x3F, 0xF0, 0x00, 0x03, 0xFF,
    0x00, 0x00, 0x3F, 0xF0, 0x00, 0x03, 0xFF, 0x00, 0x00, 0x3F, 0xF0, 0x00, 0x03, 0xFF, 0x00, 0x00,
    0x3F, 0xF0, 0x00, 0x03, 0xFF, 0x00, 0x00, 0x3F, 0xF0, 0x00, 0x03, 0xFF, 0x40, 0x00, 0x2F, 0xFF,
    0xAD, 0x01, 0xFF, 0xFF, 0xD0, 0x0B, 0xFF, 0xFD, 0x00, 0x2F, 0xFF, 0xC0, 0x00, 0x05, 0x00, 0x00,
    0x00, 0x00, 0x00, 0x0B, 0xFD, 0x00, 0x0F, 0xFC, 0xBF, 0xD0, 0x00, 0xFF, 0xCB, 0xFD, 0x00, 0x0F,
    0xFC, 0xBF, 0xD0, 0x00, 0xFF, 0xCB, 0xFD, 0x00, 0x0F, 0xFC, 0xBF, 0xD0, 0x00, 0xFF, 0xCB, 0xFD,
    0x00, 0x0F, 0xFC, 0xBF, 0xD0, 0x00, 0xFF, 0xCB, 0xFD, 0x00, 0x0F, 0xFC, 0xBF, 0xD0, 0x00, 0xFF,
    0xCB, 0xFD, 0x00, 0x0F, 0xFC, 0xBF, 0xD0, 0x00, 0xFF, 0xCB, 0xFE, 0x00, 0x2F, 0xFC, 0xBF, 0xF4,
    0x07, 0xFF, 0xC7, 0xFF, 0xFB, 0xFF, 0xFC, 0x3F, 0xFF, 0xFF, 0xFF, 0xC0, 0xFF, 0xFF, 0xE3, 0xFC,
    0x02, 0xFF, 0xF4, 0x3F, 0xC0, 0x00, 0x50, 0x00, 0x00, 0x00, 0x00, 0x00, 0x00, 0x00, 0xBF, 0xD0,
    0x00, 0x1F, 0xFC, 0x7F, 0xF0, 0x00, 0x3F, 0xF4, 0x3F, 0xF0, 0x00, 0x3F, 0xF0, 0x2F, 0xF4, 0x00,
    0x7F, 0xE0, 0x0F, 0xFC, 0x00, 0xFF, 0xC0, 0x0F, 0xFC, 0x00, 0xFF, 0xC0, 0x07, 0xFD, 0x01, 0xFF,
    0x40, 0x03, 0xFE, 0x02, 0xFF, 0x00, 0x02, 0xFF, 0x03, 0xFE, 0x00, 0x01, 0xFF, 0x47, 0xFD, 0x00,
    0x00, 0xFF, 0x8B, 0xFC, 0x00, 0x00, 0xBF, 0xCF, 0xF8, 0x00, 0x00, 0x3F, 0xEF, 0xF0, 0x00, 0x00,
    0x3F, 0xFF, 0xF0, 0x00, 0x00, 0x1F, 0xFF, 0xD0, 0x00, 0x00, 0x0F, 0xFF, 0xC0, 0x00, 0x00, 0x0B,
    0xFF, 0x80, 0x00, 0x00, 0x07, 0xFF, 0x40, 0x00, 0x00, 0x00, 0x00, 0x00, 0x00, 0x00, 0x00, 0x1F,
    0xF4, 0x00, 0xBF, 0xF0, 0x00, 0xFF, 0xC3, 0xFE, 0x00, 0x3F, 0xFD, 0x00, 0x3F, 0xE0, 0xFF, 0xC0,
    0x0F, 0xFF, 0x80, 0x1F, 0xF4, 0x2F, 0xF0, 0x07, 0xFF, 0xF0, 0x0B, 0xFC, 0x07, 0xFD, 0x02, 0xFE,
    0xFC, 0x03, 0xFF, 0x00, 0xFF, 0x80, 0xFE, 0x7F, 0x40, 0xFF, 0x80, 0x3F, 0xF0, 0x3F, 0x8F, 0xE0,
    0x7F, 0xD0, 0x07, 0xFD, 0x1F, 0xD3, 0xFC, 0x2F, 0xF0, 0x00, 0xFF, 0x8B, 0xF0, 0xBF, 0x0F, 0xF8,
    0x00, 0x3F, 0xE3, 0xFC, 0x1F, 0xD3, 0xFD, 0x00, 0x0B, 0xFC, 0xFE, 0x03, 0xF9, 0xFF, 0x00, 0x01,
    0xFF, 0x3F, 0x40, 0xFE, 0xBF, 0xC0, 0x00, 0x3F, 0xEF, 0xC0, 0x2F, 0xEF, 0xE0, 0x00, 0x0F, 0xFF,
    0xF0, 0x07, 0xFF, 0xF4, 0x00, 0x01, 0xFF, 0xF8, 0x00, 0xFF, 0xFC, 0x00, 0x00, 0x3F, 0xFD, 0x00,
    0x3F, 0xFE, 0x00, 0x00, 0x0F, 0xFF, 0x00, 0x0F, 0xFF, 0x40, 0x00, 0x02, 0xFF, 0xC0, 0x02, 0xFF,
    0xC0, 0x00, 0x00, 0x00, 0x00, 0x00, 0x00, 0x3F, 0xF8, 0x00, 0x3F, 0xF4, 0x1F, 0xFC, 0x00, 0xFF,
    0xE0, 0x0F, 0xFE, 0x01, 0xFF, 0xC0, 0x03, 0xFF, 0x43, 0xFF, 0x40, 0x01, 0xFF, 0xCB, 0xFE, 0x00,
    0x00, 0xFF, 0xFF, 0xFC, 0x00, 0x00, 0x3F, 0xFF, 0xF4, 0x00, 0x00, 0x1F, 0xFF, 0xE0, 0x00, 0x00,
    0x0F, 0xFF, 0xC0, 0x00, 0x00, 0x0F, 0xFF, 0xD0, 0x00, 0x00, 0x3F, 0xFF, 0xF0, 0x00, 0x00, 0xBF,
    0xFF, 0xFC, 0x00, 0x00, 0xFF, 0xCF, 0xFD, 0x00, 0x03, 0xFF, 0x87, 0xFF, 0x00, 0x0B, 0xFF, 0x02,
    0xFF, 0xC0, 0x0F, 0xFD, 0x00, 0xFF, 0xD0, 0x3F, 0xF8, 0x00, 0x7F, 0xF0, 0xBF, 0xF0, 0x00, 0x3F,
    0xFC, 0x00, 0x00, 0x00, 0x00, 0x00, 0xBF, 0xE0, 0x00, 0x1F, 0xFC, 0x7F, 0xF0, 0x00, 0x2F, 0xF4,
    0x3F, 0xF0, 0x00, 0x3F, 0xF0, 0x2F, 0xF8, 0x00, 0x7F, 0xE0, 0x0F, 0xFC, 0x00, 0xBF, 0xD0, 0x0B,
    0xFC, 0x00, 0xFF, 0xC0, 0x07, 0xFE, 0x01, 0xFF, 0x80, 0x03, 0xFF, 0x02, 0xFF, 0x00, 0x02, 0xFF,
    0x03, 0xFF, 0x00, 0x00, 0xFF, 0x87, 0xFD, 0x00, 0x00, 0xBF, 0xCB, 0xFC, 0x00, 0x00, 0x7F, 0xCF,
    0xF8, 0x00, 0x00, 0x3F, 0xEF, 0xF4, 0x00, 0x00, 0x2F, 0xFF, 0xF0, 0x00, 0x00, 0x0F, 0xFF, 0xE0,
    0x00, 0x00, 0x0B, 0xFF, 0xC0, 0x00, 0x00, 0x07, 0xFF, 0xC0, 0x00, 0x00, 0x03, 0xFF, 0x40, 0x00,
    0x00, 0x03, 0xFF, 0x00, 0x00, 0x00, 0x07, 0xFE, 0x00, 0x00, 0x00, 0x0F, 0xFC, 0x00, 0x00, 0x00,
    0x7F, 0xFC, 0x00, 0x00, 0x3F, 0xFF, 0xF0, 0x00, 0x00, 0x3F, 0xFF, 0xE0, 0x00, 0x00, 0x3F, 0xFF,
    0x40, 0x00, 0x00, 0x2F, 0xF8, 0x00, 0x00, 0x00, 0x00, 0x00, 0x00, 0x02, 0xFF, 0xFF, 0xFF, 0xCB,
    0xFF, 0xFF, 0xFF, 0x2F, 0xFF, 0xFF, 0xFC, 0x6A, 0xAA, 0xFF, 0xE0, 0x00, 0x03, 0xFF, 0x00, 0x00,
    0x3F, 0xF4, 0x00, 0x02, 0xFF, 0x80, 0x00, 0x1F, 0xFC, 0x00, 0x00, 0xFF, 0xC0, 0x00, 0x0F, 0xFD,
    0x00, 0x00, 0xBF, 0xE0, 0x00, 0x07, 0xFF, 0x00, 0x00, 0x3F, 0xF0, 0x00, 0x03, 0xFF, 0x40, 0x00,
    0x2F, 0xFF, 0xFF, 0xFD, 0xFF, 0xFF, 0xFF, 0xF7, 0xFF, 0xFF, 0xFF, 0xDF, 0xFF, 0xFF, 0xFF, 0x40,
    0x00, 0x01, 0xAE, 0x00, 0x0F, 0xFF, 0x00, 0x3F, 0xFF, 0x00, 0x3F, 0xFE, 0x00, 0x7F, 0xE0, 0x00,
    0x7F, 0xC0, 0x00, 0x7F, 0xC0, 0x00, 0x7F, 0xC0, 0x00, 0x7F, 0xC0, 0x00, 0x7F, 0xC0, 0x00, 0x7F,
    0xC0, 0x00, 0xFF, 0xC0, 0x17, 0xFF, 0x80, 0xBF, 0xFF, 0x00, 0xBF, 0xE4, 0x00, 0xBF, 0xFD, 0x00,
    0x7F, 0xFF, 0x40, 0x01, 0xFF, 0xC0, 0x00, 0xBF, 0xC0, 0x00, 0x7F, 0xC0, 0x00, 0x7F, 0xC0, 0x00,
    0x7F, 0xC0, 0x00, 0x7F, 0xC0, 0x00, 0x7F, 0xC0, 0x00, 0x7F, 0xC0, 0x00, 0x7F, 0xF9, 0x00, 0x3F,
    0xFF, 0x00, 0x2F, 0xFF, 0x00, 0x07, 0xFF, 0x00, 0x00, 0x00, 0x00, 0xBF, 0xBF, 0xBF, 0xBF, 0xBF,
    0xBF, 0xBF, 0xBF, 0xBF, 0xBF, 0xBF, 0xBF, 0xBF, 0xBF, 0xBF, 0xBF, 0xBF, 0xBF, 0xBF, 0xBF, 0xBF,
    0xBF, 0xBF, 0xBF, 0xBF, 0xBF, 0xBF, 0xBF, 0xBF, 0xBF, 0xBF, 0xBF, 0x6A, 0xBA, 0x40, 0x00, 0xBF,
    0xF4, 0x00, 0xBF, 0xFC, 0x00, 0xBF, 0xFD, 0x00, 0x07, 0xFD, 0x00, 0x03, 0xFD, 0x00, 0x03, 0xFD,
    0x00, 0x03, 0xFD, 0x00, 0x03, 0xFD, 0x00, 0x03, 0xFD, 0x00, 0x03, 0xFE, 0x00, 0x03, 0xFF, 0x00,
    0x02, 0xFF, 0xD4, 0x00, 0xBF, 0xFE, 0x00, 0x1B, 0xFE, 0x00, 0x7F, 0xFE, 0x01, 0xFF, 0xFD, 0x02,
    0xFF, 0x40, 0x03, 0xFE, 0x00, 0x03, 0xFD, 0x00, 0x03, 0xFD, 0x00, 0x03, 0xFD, 0x00, 0x03, 0xFD,
    0x00, 0x03, 0xFD, 0x00, 0x03, 0xFD, 0x00, 0x6F, 0xFD, 0x00, 0xBF, 0xFC, 0x00, 0xBF, 0xF8, 0x00,
    0xBF, 0xD0, 0x00, 0x00, 0x00, 0x00, 0x01, 0x54, 0x00, 0x00, 0x0B, 0xFF, 0xE4, 0x00, 0xAB, 0xFF,
    0xFF, 0xEA, 0xFA, 0xFF, 0xFF, 0xFF, 0xFE, 0xB8, 0x07, 0xFF, 0xFF, 0x50, 0x00, 0x0B, 0xFE, 0x00,
    0x00, 0x00, 0x00, 0x00, 0x00, 0x00, 0x7F, 0x83, 0xFF, 0x4F, 0xFE, 0x3F, 0xF4, 0x7F, 0xC0, 0x10,
    0x00, 0x00, 0x00, 0x00, 0x7F, 0x81, 0xFF, 0x07, 0xFC, 0x1F, 0xF0, 0x7F, 0xC2, 0xFF, 0x0B, 0xFC,
    0x2F, 0xF0, 0xBF, 0xC3, 0xFF, 0x0F, 0xFC, 0x3F, 0xF4, 0xFF, 0xD3, 0xFF, 0x4F, 0xFD, 0x3F, 0xF8,
    0x00, 0x00, 0x00, 0x00, 0x00, 0x0F, 0xC0, 0x00, 0x00, 0x3F, 0x00, 0x00, 0x01, 0xFE, 0x40, 0x00,
    0xBF, 0xFF, 0xF8, 0x0F, 0xFF, 0xFF, 0xE0, 0xFF, 0xFF, 0xFF, 0x0B, 0xFF, 0xD6, 0xFC, 0x3F, 0xF8,
    0x00, 0x01, 0xFF, 0xC0, 0x00, 0x0B, 0xFE, 0x00, 0x00, 0x2F, 0xF4, 0x00, 0x00, 0xBF, 0xD0, 0x00,
    0x02, 0xFF, 0x40, 0x00, 0x0B, 0xFE, 0x00, 0x00, 0x1F, 0xF8, 0x00, 0x00, 0x7F, 0xF0, 0x00, 0x00,
    0xFF, 0xF0, 0x01, 0x91, 0xFF, 0xFF, 0xFF, 0x43, 0xFF, 0xFF, 0xFD, 0x02, 0xFF, 0xFF, 0xF4, 0x01,
    0xBF, 0xFF, 0x80, 0x00, 0x3F, 0x40, 0x00, 0x00, 0xFC, 0x00, 0x00, 0x03, 0xF0, 0x00, 0x00, 0x05,
    0x40, 0x00, 0x00, 0x00, 0x00, 0x00, 0x00, 0x00, 0x6F, 0xFF, 0x90, 0x00, 0x2F, 0xFF, 0xFF, 0x80,
    0x0B, 0xFF, 0xFF, 0xF0, 0x00, 0xFF, 0xFF, 0xFF, 0x00, 0x1F, 0xFC, 0x01, 0x90, 0x02, 0xFF, 0x40,
    0x00, 0x00, 0x2F, 0xF0, 0x00, 0x00, 0x02, 0xFF, 0x00, 0x00, 0x00, 0x2F, 0xF0, 0x00, 0x00, 0x03,
    0xFF, 0x40, 0x00, 0x0B, 0xFF, 0xFF, 0xFF, 0x40, 0xBF, 0xFF, 0xFF, 0xF4, 0x0B, 0xFF, 0xFF, 0xFF,
    0x40, 0x57, 0xFF, 0x95, 0x50, 0x00, 0x2F, 0xF0, 0x00, 0x00, 0x02, 0xFF, 0x00, 0x00, 0x00, 0x3F,
    0xF0, 0x00, 0x00, 0x03, 0xFF, 0x00, 0x00, 0x00, 0xBF, 0xD0, 0x00, 0x00, 0x2F, 0xF8, 0x00, 0x00,
    0x0B, 0xFF, 0xFF, 0xFF, 0xFD, 0xBF, 0xFF, 0xFF, 0xFF, 0xDB, 0xFF, 0xFF, 0xFF, 0xFD, 0xBF, 0xFF,
    0xFF, 0xFF, 0xD0, 0x00, 0x00, 0x00, 0x00, 0x03, 0xC0, 0x00, 0x1E, 0x02, 0xFE, 0xFF, 0xEF, 0xE0,
    0xBF, 0xFF, 0xFF, 0xF8, 0x0B, 0xFF, 0xFF, 0xF8, 0x01, 0xFF, 0x47, 0xFC, 0x00, 0xFF, 0x00, 0x3F,
    0x80, 0x3F, 0x40, 0x0B, 0xF0, 0x0F, 0xD0, 0x02, 0xFC, 0x03, 0xF8, 0x00, 0xFE, 0x00, 0xBF, 0x40,
    0xBF, 0x40, 0x1F, 0xFF, 0xFF, 0xC0, 0x1F, 0xFF, 0xFF, 0xFC, 0x0F, 0xFF, 0xFF, 0xFF, 0xC0, 0xF8,
    0x6A, 0x4B, 0xC0, 0x04, 0x00, 0x00, 0x80, 0xBF, 0xD0, 0x00, 0x1F, 0xF9, 0xFF, 0xC0, 0x00, 0xFF,
    0xC3, 0xFF, 0x00, 0x03, 0xFE, 0x03, 0xFE, 0x00, 0x2F, 0xF0, 0x0B, 0xFC, 0x00, 0xFF, 0x80, 0x0F,
    0xF8, 0x0B, 0xFC, 0x00, 0x2F, 0xF0, 0x3F, 0xE0, 0x00, 0x3F, 0xD1, 0xFF, 0x00, 0x00, 0xBF, 0xCF,
    0xF8, 0x00, 0x00, 0xFF, 0xBF, 0xC0, 0x00, 0x02, 0xFF, 0xFE, 0x00, 0x00, 0x03, 0xFF, 0xF0, 0x00,
    0x02, 0xAF, 0xFF, 0xEA, 0x00, 0x0F, 0xFF, 0xFF, 0xFC, 0x00, 0x3F, 0xFF, 0xFF, 0xF0, 0x00, 0x15,
    0xFF, 0xD5, 0x00, 0x00, 0x03, 0xFF, 0x00, 0x00, 0x06, 0xAF, 0xFE, 0xA4, 0x00, 0x3F, 0xFF, 0xFF,
    0xF0, 0x00, 0xFF, 0xFF, 0xFF, 0xC0, 0x01, 0x57, 0xFF, 0x55, 0x00, 0x00, 0x0F, 0xFC, 0x00, 0x00,
    0x00, 0x3F, 0xF0, 0x00, 0x00, 0x00, 0xFF, 0xC0, 0x00, 0x00, 0xBF, 0xBF, 0xBF, 0xBF, 0xBF, 0xBF,
    0xBF, 0xBF, 0xBF, 0xBF, 0xBF, 0xBF, 0xBF, 0x00, 0x00, 0x00, 0x00, 0x00, 0x00, 0x6A, 0xBF, 0xBF,
    0xBF, 0xBF, 0xBF, 0xBF, 0xBF, 0xBF, 0xBF, 0xBF, 0xBF, 0xBF, 0x6A, 0x00, 0x15, 0x50, 0x00, 0x2F,
    0xFF, 0xF8, 0x0F, 0xFF, 0xFF, 0xC2, 0xFF, 0xAB, 0xFC, 0x3F, 0xC0, 0x06, 0x43, 0xFC, 0x00, 0x00,
    0x3F, 0xE0, 0x00, 0x01, 0xFF, 0xE0, 0x00, 0x07, 0xFF, 0xE0, 0x00, 0xBF, 0xFF, 0xE0, 0x1F, 0xEB,
    0xFF, 0x83, 0xFC, 0x07, 0xFC, 0x3F, 0x80, 0x1F, 0xD3, 0xFC, 0x00, 0xFE, 0x3F, 0xE0, 0x1F, 0xD1,
    0xFF, 0xD3, 0xFC, 0x07, 0xFF, 0xFF, 0x80, 0x0F, 0xFF, 0xF0, 0x00, 0x1B, 0xFF, 0x80, 0x00, 0x0B,
    0xFD, 0x00, 0x00, 0x2F, 0xE0, 0x00, 0x01, 0xFE, 0x78, 0x00, 0x3F, 0xD7, 0xFF, 0xBF, 0xFC, 0x7F,
    0xFF, 0xFF, 0x01, 0xFF, 0xFF, 0x80, 0x00, 0x15, 0x00, 0x00, 0x00, 0x00, 0x00, 0x3F, 0x00, 0xFD,
    0xBF, 0x82, 0xFF, 0xFF, 0x82, 0xFF, 0x7F, 0x40, 0xFD, 0x04, 0x00, 0x10, 0x00, 0x00, 0x00, 0x00,
    0x00, 0x00, 0x00, 0x00, 0x06, 0xFF, 0xF9, 0x00, 0x00, 0x00, 0x07, 0xFF, 0xFF, 0xFD, 0x00, 0x00,
    0x02, 0xFE, 0x00, 0x1B, 0xF8, 0x00, 0x00, 0xFD, 0x00, 0x00, 0x0B, 0xE0, 0x00, 0x3F, 0x00, 0x16,
    0x50, 0x2F, 0x80, 0x07, 0xC0, 0x1F, 0xFF, 0xD0, 0xBD, 0x00, 0xF4, 0x07, 0xFF, 0xFC, 0x03, 0xF0,
    0x1F, 0x00, 0xFD, 0x00, 0x40, 0x1F, 0x43, 0xE0, 0x2F, 0x40, 0x00, 0x00, 0xF8, 0x3C, 0x03, 0xF0,
    0x00, 0x00, 0x0B, 0xC7, 0xC0, 0x7E, 0x00, 0x00, 0x00, 0x7C, 0x7C, 0x07, 0xD0, 0x00, 0x00, 0x07,
    0xC7, 0xC0, 0x7D, 0x00, 0x00, 0x00, 0x7C, 0x7C, 0x07, 0xD0, 0x00, 0x00, 0x07, 0xC3, 0xC0, 0x3E,
    0x00, 0x00, 0x00, 0xBC, 0x3D, 0x03, 0xF0, 0x00, 0x00, 0x0F, 0x82, 0xF0, 0x1F, 0x80, 0x00, 0x00,
    0xF4, 0x0F, 0x40, 0xFF, 0xAB, 0xC0, 0x2F, 0x00, 0xBC, 0x02, 0xFF, 0xFC, 0x07, 0xD0, 0x03, 0xF0,
    0x02, 0xA9, 0x01, 0xFC, 0x00, 0x1F, 0xC0, 0x00, 0x00, 0xBF, 0x00, 0x00, 0x7F, 0x90, 0x00, 0x7F,
    0xC0, 0x00, 0x00, 0xBF, 0xFF, 0xFF, 0xE0, 0x00, 0x00, 0x00, 0xBF, 0xFF, 0xE0, 0x00, 0x00, 0x00,
    0x00, 0x15, 0x00, 0x00, 0x00, 0x00, 0x00, 0x00, 0x06, 0xFF, 0xD0, 0x0F, 0xFF, 0xF4, 0x0F, 0xAB,
    0xFC, 0x00, 0x00, 0xFC, 0x00, 0x6A, 0xFD, 0x0B, 0xFF, 0xFD, 0x2F, 0xE5, 0xFD, 0x3F, 0x40, 0xFD,
    0x3F, 0x42, 0xFD, 0x3F, 0xEF, 0xFD, 0x1F, 0xFF, 0x7D, 0x06, 0xE4, 0x28, 0x00, 0x08, 0x00, 0x09,
    0x00, 0x00, 0xBE, 0x00, 0x7E, 0x00, 0x0B, 0xFE, 0x07, 0xFF, 0x00, 0x7F, 0xF0, 0x3F, 0xF0, 0x03,
    0xFF, 0x03, 0xFF, 0x40, 0x3F, 0xF4, 0x2F, 0xF8, 0x03, 0xFF, 0x42, 0xFF, 0xC0, 0x2F, 0xF8, 0x1F,
    0xFC, 0x00, 0x7F, 0xF0, 0x3F, 0xF0, 0x00, 0xBF, 0xE0, 0x7F, 0xF0, 0x00, 0xFF, 0xD0, 0x7F, 0xF0,
    0x00, 0xFF, 0xD0, 0xBF, 0xE0, 0x00, 0xFF, 0xC0, 0xFF, 0xD0, 0x01, 0xFF, 0x80, 0xFF, 0xC0, 0x01,
    0xF4, 0x00, 0xF4, 0x00, 0x01, 0x00, 0x00, 0x00, 0x6A, 0xAA, 0xAA, 0xAA, 0x6F, 0xFF, 0xFF, 0xFF,
    0xEB, 0xFF, 0xFF, 0xFF, 0xFA, 0xFF, 0xFF, 0xFF, 0xFE, 0x00, 0x00, 0x00, 0x3F, 0x80, 0x00, 0x00,
    0x0F, 0xE0, 0x00, 0x00, 0x03, 0xF8, 0x00, 0x00, 0x00, 0xFE, 0x00, 0x00, 0x00, 0x3F, 0x80, 0x00,
    0x00, 0x0F, 0xE0, 0x3F, 0xFF, 0xE3, 0xFF, 0xFE, 0x3F, 0xFF, 0xE3, 0xFF, 0xFE, 0x00, 0x00, 0x00,
    0x00, 0x00, 0x00, 0x00, 0x00, 0x00, 0x00, 0x00, 0x06, 0xFF, 0xF9, 0x00, 0x00, 0x00, 0x07, 0xFF,
    0xFF, 0xFD, 0x00, 0x00, 0x02, 0xFE, 0x00, 0x1B, 0xF8, 0x00, 0x00, 0xFD, 0x00, 0x00, 0x0B, 0xE0,
    0x00, 0x3F, 0x05, 0x55, 0x00, 0x2F, 0x80, 0x07, 0xC0, 0xFF, 0xFF, 0x00, 0xBD, 0x00, 0xF4, 0x0F,
    0xFF, 0xFC, 0x03, 0xF0, 0x1F, 0x00, 0xFC, 0x0B, 0xE0, 0x1F, 0x43, 0xE0, 0x0F, 0xC0, 0x3F, 0x00,
    0xF8, 0x3C, 0x00, 0xFC, 0x03, 0xF0, 0x0B, 0xC7, 0xC0, 0x0F, 0xC0, 0x7E, 0x00, 0x7C, 0x7C, 0x00,
    0xFD, 0x6F, 0xC0, 0x07, 0xC7, 0xC0, 0x0F, 0xFF, 0xF0, 0x00, 0x7C, 0x7C, 0x00, 0xFF, 0xFE, 0x00,
    0x07, 0xC3, 0xC0, 0x0F, 0xC2, 0xF0, 0x00, 0xBC, 0x3D, 0x00, 0xFC, 0x0F, 0xC0, 0x0F, 0x82, 0xF0,
    0x0F, 0xC0, 0xBD, 0x00, 0xF4, 0x0F, 0x40, 0xFC, 0x03, 0xF0, 0x2F, 0x00, 0xBC, 0x0F, 0xC0, 0x1F,
    0x87, 0xD0, 0x03, 0xF0, 0x54, 0x00, 0x55, 0xFC, 0x00, 0x1F, 0xC0, 0x00, 0x00, 0xBF, 0x00, 0x00,
    0x7F, 0x90, 0x00, 0x7F, 0xC0, 0x00, 0x00, 0xBF, 0xFF, 0xFF, 0xE0, 0x00, 0x00, 0x00, 0xBF, 0xFF,
    0xE0, 0x00, 0x00, 0x00, 0x00, 0x15, 0x00, 0x00, 0x00, 0x2A, 0xAA, 0xAA, 0xAA, 0x93, 0xFF, 0xFF,
    0xFF, 0xFF, 0x3F, 0xFF, 0xFF, 0xFF, 0xF2, 0xAA, 0xAA, 0xAA, 0xAA, 0x00, 0x00, 0x00, 0x02, 0xFF,
    0x80, 0x0F, 0xFF, 0xF0, 0x3F, 0xFF, 0xFC, 0x7F, 0x41, 0xFD, 0xBE, 0x00, 0xBE, 0xBE, 0x00, 0x7F,
    0xBE, 0x00, 0xBE, 0x7F, 0x41, 0xFD, 0x3F, 0xFF, 0xFC, 0x0F, 0xFF, 0xF4, 0x02, 0xFF, 0x80, 0x00,
    0x00, 0x00, 0x00, 0x03, 0xF4, 0x00, 0x00, 0x01, 0xFD, 0x00, 0x00, 0x00, 0x7F, 0x40, 0x00, 0x00,
    0x1F, 0xD0, 0x00, 0x00, 0x07, 0xF4, 0x00, 0x00, 0x01, 0xFD, 0x00, 0x06, 0xAA, 0xBF, 0xAA, 0xA6,
    0xFF, 0xFF, 0xFF, 0xFE, 0xBF, 0xFF, 0xFF, 0xFF, 0xAF, 0xFF, 0xFF, 0xFF, 0xE0, 0x00, 0x7F, 0x40,
    0x00, 0x00, 0x1F, 0xD0, 0x00, 0x00, 0x07, 0xF4, 0x00, 0x00, 0x01, 0xFD, 0x00, 0x00, 0x00, 0x7F,
    0x40, 0x00, 0x00, 0x1F, 0xD0, 0x00, 0x00, 0x01, 0x50, 0x00, 0x1A, 0xAA, 0xAA, 0xAA, 0x9B, 0xFF,
    0xFF, 0xFF, 0xFA, 0xFF, 0xFF, 0xFF, 0xFE, 0xBF, 0xFF, 0xFF, 0xFF, 0x80, 0x00, 0x55, 0x00, 0x0B,
    0xFF, 0xE0, 0x3F, 0xFF, 0xF4, 0x2F, 0xEF, 0xFC, 0x0A, 0x03, 0xFC, 0x00, 0x03, 0xFC, 0x00, 0x07,
    0xF8, 0x00, 0x0F, 0xF0, 0x00, 0x3F, 0xD0, 0x00, 0xFF, 0x40, 0x03, 0xFD, 0x00, 0x0F, 0xF4, 0x00,
    0x3F, 0xFF, 0xFD, 0x3F, 0xFF, 0xFD, 0x3F, 0xFF, 0xFD, 0x00, 0x00, 0x00, 0x00, 0x55, 0x00, 0x0B,
    0xFF, 0xE0, 0x3F, 0xFF, 0xF8, 0x1F, 0x9B, 0xFC, 0x04, 0x01, 0xFC, 0x00, 0x02, 0xFC, 0x00, 0x5B,
    0xF4, 0x02, 0xFF, 0xC0, 0x02, 0xFF, 0xF4, 0x00, 0x06, 0xFD, 0x00, 0x00, 0xFE, 0x10, 0x00, 0xFE,
    0x3F, 0xAB, 0xFD, 0x3F, 0xFF, 0xFC, 0x2F, 0xFF, 0xE0, 0x00, 0x55, 0x00, 0x00, 0xAA, 0x90, 0x2F,
    0xFC, 0x07, 0xFF, 0x00, 0xFF, 0x80, 0x3F, 0xD0, 0x07, 0xF0, 0x00, 0x00, 0x00, 0x00, 0x00, 0x0B,
    0xFD, 0x00, 0x0B, 0xFD, 0xBF, 0xD0, 0x00, 0xBF, 0xDB, 0xFD, 0x00, 0x0B, 0xFD, 0xBF, 0xD0, 0x00,
    0xBF, 0xDB, 0xFD, 0x00, 0x0B, 0xFD, 0xBF, 0xD0, 0x00, 0xBF, 0xDB, 0xFD, 0x00, 0x0B, 0xFD, 0xBF,
    0xD0, 0x00, 0xBF, 0xDB, 0xFD, 0x00, 0x0B, 0xFD, 0xBF, 0xD0, 0x00, 0xFF, 0xDB, 0xFD, 0x00, 0x0F,
    0xFD, 0xBF, 0xE0, 0x00, 0xFF, 0xDB, 0xFF, 0x00, 0x1F, 0xFD, 0xBF, 0xF4, 0x03, 0xFF, 0xDB, 0xFF,
    0xFB, 0xFF, 0xFD, 0xBF, 0xFF, 0xFF, 0xFF, 0xDB, 0xFF, 0xFF, 0xF3, 0xFD, 0xBF, 0xEF, 0xFC, 0x2F,
    0xDB, 0xFD, 0x14, 0x00, 0x00, 0xBF, 0xD0, 0x00, 0x00, 0x0B, 0xFD, 0x00, 0x00, 0x00, 0xBF, 0xD0,
    0x00, 0x00, 0x0B, 0xFD, 0x00, 0x00, 0x00, 0xBF, 0xD0, 0x00, 0x00, 0x0B, 0xFD, 0x00, 0x00, 0x00,
    0xBF, 0xD0, 0x00, 0x00, 0x00, 0x00, 0x01, 0x55, 0x55, 0x50, 0x0B, 0xFF, 0xFF, 0xFF, 0x07, 0xFF,
    0xFF, 0xFF, 0xF0, 0xFF, 0xFF, 0xFE, 0xBF, 0x2F, 0xFF, 0xFF, 0x42, 0xF3, 0xFF, 0xFF, 0xF4, 0x2F,
    0x3F, 0xFF, 0xFF, 0x42, 0xF3, 0xFF, 0xFF, 0xF4, 0x2F, 0x7F, 0xFF, 0xFF, 0x42, 0xF7, 0xFF, 0xFF,
    0xF4, 0x2F, 0x3F, 0xFF, 0xFF, 0x42, 0xF3, 0xFF, 0xFF, 0xF4, 0x2F, 0x3F, 0xFF, 0xFF, 0x42, 0xF2,
    0xFF, 0xFF, 0xF4, 0x2F, 0x0F, 0xFF, 0xFF, 0x42, 0xF0, 0x7F, 0xFF, 0xF4, 0x2F, 0x00, 0xBF, 0xFF,
    0x42, 0xF0, 0x00, 0x01, 0xF4, 0x2F, 0x00, 0x00, 0x1F, 0x42, 0xF0, 0x00, 0x01, 0xF4, 0x2F, 0x00,
    0x00, 0x1F, 0x42, 0xF0, 0x00, 0x01, 0xF4, 0x2F, 0x00, 0x00, 0x1F, 0x42, 0xF0, 0x00, 0x01, 0xF4,
    0x2F, 0x00, 0x00, 0x1F, 0x42, 0xF0, 0x00, 0x01, 0xF4, 0x2F, 0x00, 0x00, 0x1F, 0x42, 0xF0, 0x00,
    0x01, 0xF4, 0x2F, 0x00, 0x00, 0x1F, 0x42, 0xF0, 0x00, 0x01, 0xF4, 0x2F, 0x00, 0x00, 0x00, 0x00,
    0x00, 0x00, 0x00, 0x7F, 0x83, 0xFF, 0x4F, 0xFE, 0x3F, 0xF4, 0xBF, 0xC0, 0x14, 0x00, 0x07, 0xD0,
    0x02, 0xF8, 0x00, 0xBF, 0xD0, 0x03, 0xFC, 0x00, 0xBF, 0x1F, 0xFF, 0xC7, 0xFF, 0xD0, 0xFF, 0x90,
    0x00, 0x00, 0x00, 0x2F, 0xC0, 0x3F, 0xF0, 0x7F, 0xFC, 0xBF, 0xFF, 0x1F, 0xEF, 0xC2, 0x87, 0xF0,
    0x01, 0xFC, 0x00, 0xBF, 0x00, 0x2F, 0xC0, 0x0B, 0xF0, 0x02, 0xFC, 0x00, 0xBF, 0x00, 0x2F, 0xC0,
    0x0B, 0xF0, 0x00, 0x00, 0x00, 0x00, 0x00, 0x01, 0xFF, 0x80, 0x0B, 0xFF, 0xF4, 0x1F, 0xFB, 0xFC,
    0x3F, 0xC0, 0xFE, 0x3F, 0x40, 0xBF, 0x3F, 0x40, 0x7F, 0x3F, 0x40, 0x7F, 0x3F, 0x40, 0xBF, 0x2F,
    0xC0, 0xFE, 0x0F, 0xFF, 0xFC, 0x07, 0xFF, 0xF0, 0x00, 0x6E, 0x40, 0x02, 0x00, 0x01, 0x40, 0x00,
    0x7F, 0x00, 0x7F, 0x00, 0x07, 0xFE, 0x03, 0xFF, 0x00, 0x0B, 0xFE, 0x07, 0xFF, 0x00, 0x0F, 0xFD,
    0x0B, 0xFE, 0x00, 0x0F, 0xFC, 0x0F, 0xFD, 0x00, 0x1F, 0xFC, 0x0F, 0xFD, 0x00, 0x2F, 0xF8, 0x1F,
    0xFC, 0x00, 0xBF, 0xE0, 0x7F, 0xF0, 0x0B, 0xFE, 0x07, 0xFF, 0x00, 0x7F, 0xF0, 0x3F, 0xF4, 0x03,
    0xFF, 0x03, 0xFF, 0x40, 0x3F, 0xF4, 0x2F, 0xF8, 0x01, 0xFF, 0x40, 0xFF, 0xC0, 0x00, 0xB8, 0x00,
    0xBC, 0x00, 0x00, 0x40, 0x00, 0x00, 0x00, 0x00, 0x2F, 0x80, 0x00, 0x0B, 0xF0, 0x00, 0x00, 0xFF,
    0x80, 0x00, 0x1F, 0xE0, 0x00, 0x07, 0xFF, 0x80, 0x00, 0x3F, 0xC0, 0x00, 0x2F, 0xFF, 0x80, 0x00,
    0x7F, 0x40, 0x00, 0x3F, 0x7F, 0x80, 0x00, 0xFF, 0x00, 0x00, 0x0D, 0x3F, 0x80, 0x02, 0xFD, 0x00,
    0x00, 0x00, 0x3F, 0x80, 0x03, 0xFC, 0x00, 0x00, 0x00, 0x3F, 0x80, 0x0B, 0xF0, 0x00, 0x00, 0x00,
    0x3F, 0x80, 0x0F, 0xE0, 0x00, 0x00, 0x00, 0x3F, 0x80, 0x3F, 0xC0, 0x05, 0x40, 0x00, 0x3F, 0x80,
    0x7F, 0x80, 0x3F, 0xD0, 0x00, 0x3F, 0x80, 0xFF, 0x00, 0xBF, 0xD0, 0x00, 0x3F, 0x81, 0xFD, 0x01,
    0xFF, 0xD0, 0x00, 0x3F, 0x83, 0xFC, 0x03, 0xFF, 0xD0, 0x00, 0x15, 0x4B, 0xF4, 0x0B, 0xEF, 0xD0,
    0x00, 0x00, 0x0F, 0xF0, 0x1F, 0x6F, 0xD0, 0x00, 0x00, 0x2F, 0xD0, 0x3F, 0x2F, 0xD0, 0x00, 0x00,
    0x3F, 0x80, 0xBC, 0x2F, 0xD0, 0x00, 0x00, 0xFF, 0x01, 0xF8, 0x2F, 0xD0, 0x00, 0x01, 0xFE, 0x03,
    0xFF, 0xFF, 0xFD, 0x00, 0x03, 0xFC, 0x03, 0xFF, 0xFF, 0xFD, 0x00, 0x07, 0xF4, 0x01, 0xAA, 0xBF,
    0xE8, 0x00, 0x0F, 0xF0, 0x00, 0x00, 0x2F, 0xD0, 0x00, 0x2F, 0xD0, 0x00, 0x00, 0x2F, 0xD0, 0x00,
    0x2F, 0x80, 0x00, 0x0B, 0xF0, 0x00, 0x00, 0xFF, 0x80, 0x00, 0x1F, 0xE0, 0x00, 0x07, 0xFF, 0x80,
    0x00, 0x3F, 0xC0, 0x00, 0x2F, 0xFF, 0x80, 0x00, 0x7F, 0x40, 0x00, 0x3F, 0x7F, 0x80, 0x00, 0xFF,
    0x00, 0x00, 0x0D, 0x3F, 0x80, 0x02, 0xFD, 0x00, 0x00, 0x00, 0x3F, 0x80, 0x03, 0xFC, 0x00, 0x00,
    0x00, 0x3F, 0x80, 0x0B, 0xF0, 0x00, 0x00, 0x00, 0x3F, 0x80, 0x0F, 0xE0, 0x00, 0x00, 0x00, 0x3F,
    0x80, 0x3F, 0xC0, 0x6A, 0x40, 0x00, 0x3F, 0x80, 0x7F, 0x87, 0xFF, 0xF4, 0x00, 0x3F, 0x80, 0xFF,
    0x1F, 0xFF, 0xFC, 0x00, 0x3F, 0x81, 0xFD, 0x0F, 0xEB, 0xFD, 0x00, 0x3F, 0x83, 0xFC, 0x02, 0x01,
    0xFE, 0x00, 0x15, 0x4B, 0xF4, 0x00, 0x01, 0xFD, 0x00, 0x00, 0x0F, 0xF0, 0x00, 0x03, 0xFC, 0x00,
    0x00, 0x2F, 0xD0, 0x00, 0x0B, 0xF4, 0x00, 0x00, 0x3F, 0x80, 0x00, 0x2F, 0xE0, 0x00, 0x00, 0xFF,
    0x00, 0x00, 0xBF, 0x80, 0x00, 0x01, 0xFE, 0x00, 0x03, 0xFE, 0x00, 0x00, 0x03, 0xFC, 0x00, 0x0F,
    0xF9, 0x54, 0x00, 0x07, 0xF4, 0x00, 0x2F, 0xFF, 0xFF, 0x00, 0x0F, 0xF0, 0x00, 0x2F, 0xFF, 0xFF,
    0x00, 0x2F, 0xD0, 0x00, 0x2F, 0xFF, 0xFF, 0x00, 0x00, 0x00, 0x00, 0x00, 0x00, 0x00, 0x1F, 0xFD,
    0x00, 0x00, 0x2F, 0xC0, 0x03, 0xFF, 0xFE, 0x00, 0x00, 0xFF, 0x00, 0x0F, 0xFB, 0xFC, 0x00, 0x0B,
    0xF0, 0x00, 0x08, 0x07, 0xF4, 0x00, 0x7F, 0x80, 0x00, 0x00, 0x0F, 0xC0, 0x03, 0xFC, 0x00, 0x00,
    0x00, 0xFE, 0x00, 0x1F, 0xE0, 0x00, 0x01, 0xFF, 0xE0, 0x00, 0xFF, 0x00, 0x00, 0x07, 0xFF, 0x80,
    0x07, 0xF4, 0x00, 0x00, 0x0A, 0xBF, 0xC0, 0x3F, 0xC0, 0x00, 0x00, 0x00, 0x3F, 0x82, 0xFD, 0x01,
    0x54, 0x00, 0x00, 0xFF, 0x0F, 0xF0, 0x2F, 0xF0, 0xB8, 0x07, 0xF8, 0xBF, 0x00, 0xFF, 0xC2, 0xFF,
    0xFF, 0xD7, 0xF8, 0x0F, 0xFF, 0x07, 0xFF, 0xFD, 0x3F, 0xC0, 0xBF, 0xFC, 0x01, 0xAA, 0x41, 0xFE,
    0x03, 0xDF, 0xF0, 0x00, 0x00, 0x0F, 0xF0, 0x3F, 0x3F, 0xC0, 0x00, 0x00, 0x7F, 0x42, 0xF4, 0xFF,
    0x00, 0x00, 0x03, 0xFC, 0x0F, 0x83, 0xFC, 0x00, 0x00, 0x2F, 0xD0, 0xFD, 0x0F, 0xF0, 0x00, 0x00,
    0xFF, 0x07, 0xFF, 0xFF, 0xFC, 0x00, 0x0B, 0xF0, 0x1F, 0xFF, 0xFF, 0xF0, 0x00, 0x7F, 0x80, 0x2A,
    0xAB, 0xFE, 0x40, 0x03, 0xFC, 0x00, 0x00, 0x0F, 0xF0, 0x00, 0x1F, 0xE0, 0x00, 0x00, 0x3F, 0xC0,
    0x00, 0x00, 0x50, 0x00, 0x00, 0x07, 0xFD, 0x00, 0x00, 0x0F, 0xFF, 0x00, 0x00, 0x0F, 0xFF, 0x00,
    0x00, 0x0B, 0xFE, 0x00, 0x00, 0x02, 0xF8, 0x00, 0x00, 0x00, 0x00, 0x00, 0x00, 0x00, 0x00, 0x00,
    0x00, 0x01, 0x54, 0x00, 0x00, 0x03, 0xFC, 0x00, 0x00, 0x03, 0xFC, 0x00, 0x00, 0x0B, 0xFC, 0x00,
    0x00, 0x3F, 0xF8, 0x00, 0x01, 0xFF, 0xF0, 0x00, 0x07, 0xFF, 0xC0, 0x00, 0x0F, 0xFE, 0x00, 0x00,
    0x3F, 0xF4, 0x00, 0x00, 0x3F, 0xE0, 0x00, 0x00, 0x7F, 0xD0, 0x00, 0x00, 0x7F, 0xE0, 0x00, 0x10,
    0x3F, 0xF4, 0x06, 0xF8, 0x3F, 0xFF, 0xFF, 0xFC, 0x1F, 0xFF, 0xFF, 0xFE, 0x07, 0xFF, 0xFF, 0xF8,
    0x00, 0x6F, 0xFE, 0x40, 0x00, 0x06, 0xAA, 0x00, 0x00, 0x00, 0x00, 0x03, 0xFF, 0xC0, 0x00, 0x00,
    0x00, 0x00, 0xBF, 0xE0, 0x00, 0x00, 0x00, 0x00, 0x2F, 0xF4, 0x00, 0x00, 0x00, 0x00, 0x07, 0xFC,
    0x00, 0x00, 0x00, 0x00, 0x00, 0xBE, 0x00, 0x00, 0x00, 0x00, 0x00, 0x00, 0x00, 0x00, 0x00, 0x00,
    0x00, 0x00, 0x00, 0x00, 0x00, 0x00, 0xBF, 0xF8, 0x00, 0x00, 0x00, 0x00, 0xFF, 0xFC, 0x00, 0x00,
    0x00, 0x01, 0xFF, 0xFD, 0x00, 0x00, 0x00, 0x03, 0xFF, 0xFF, 0x00, 0x00, 0x00, 0x03, 0xFE, 0xFF,
    0x00, 0x00, 0x00, 0x0B, 0xFC, 0xFF, 0x80, 0x00, 0x00, 0x0F, 0xFC, 0xFF, 0xC0, 0x00, 0x00, 0x0F,
    0xF8, 0xBF, 0xC0, 0x00, 0x00, 0x2F, 0xF4, 0x3F, 0xE0, 0x00, 0x00, 0x3F, 0xF0, 0x3F, 0xF0, 0x00,
    0x00, 0x7F, 0xE0, 0x2F, 0xF4, 0x00, 0x00, 0xBF, 0xD0, 0x1F, 0xF8, 0x00, 0x00, 0xFF, 0xC0, 0x0F,
    0xFC, 0x00, 0x01, 0xFF, 0x80, 0x0B, 0xFD, 0x00, 0x02, 0xFF, 0xFF, 0xFF, 0xFE, 0x00, 0x03, 0xFF,
    0xFF, 0xFF, 0xFF, 0x00, 0x07, 0xFF, 0xFF, 0xFF, 0xFF, 0x40, 0x0B, 0xFF, 0xFF, 0xFF, 0xFF, 0xC0,
    0x0F, 0xFE, 0x55, 0x56, 0xFF, 0xC0, 0x1F, 0xFC, 0x00, 0x00, 0xFF, 0xD0, 0x3F, 0xF8, 0x00, 0x00,
    0xBF, 0xF0, 0x3F, 0xF4, 0x00, 0x00, 0x7F, 0xF0, 0x7F, 0xF0, 0x00, 0x00, 0x3F, 0xF8, 0xFF, 0xE0,
    0x00, 0x00, 0x2F, 0xFC, 0x00, 0x00, 0x00, 0x6A, 0xA0, 0x00, 0x00, 0x00, 0x00, 0xFF, 0xE0, 0x00,
    0x00, 0x00, 0x03, 0xFF, 0x40, 0x00, 0x00, 0x00, 0x0B, 0xFD, 0x00, 0x00, 0x00, 0x00, 0x1F, 0xF0,
    0x00, 0x00, 0x00, 0x00, 0x3F, 0x80, 0x00, 0x00, 0x00, 0x00, 0x00, 0x00, 0x00, 0x00, 0x00, 0x00,
    0x00, 0x00, 0x00, 0x00, 0x00, 0x00, 0xBF, 0xF8, 0x00, 0x00, 0x00, 0x00, 0xFF, 0xFC, 0x00, 0x00,
    0x00, 0x01, 0xFF, 0xFD, 0x00, 0x00, 0x00, 0x03, 0xFF, 0xFF, 0x00, 0x00, 0x00, 0x03, 0xFE, 0xFF,
    0x00, 0x00, 0x00, 0x0B, 0xFC, 0xFF, 0x80, 0x00, 0x00, 0x0F, 0xFC, 0xFF, 0xC0, 0x00, 0x00, 0x0F,
    0xF8, 0xBF, 0xC0, 0x00, 0x00, 0x2F, 0xF4, 0x3F, 0xE0, 0x00, 0x00, 0x3F, 0xF0, 0x3F, 0xF0, 0x00,
    0x00, 0x7F, 0xE0, 0x2F, 0xF4, 0x00, 0x00, 0xBF, 0xD0, 0x1F, 0xF8, 0x00, 0x00, 0xFF, 0xC0, 0x0F,
    0xFC, 0x00, 0x01, 0xFF, 0x80, 0x0B, 0xFD, 0x00, 0x02, 0xFF, 0xFF, 0xFF, 0xFE, 0x00, 0x03, 0xFF,
    0xFF, 0xFF, 0xFF, 0x00, 0x07, 0xFF, 0xFF, 0xFF, 0xFF, 0x40, 0x0B, 0xFF, 0xFF, 0xFF, 0xFF, 0xC0,
    0x0F, 0xFE, 0x55, 0x56, 0xFF, 0xC0, 0x1F, 0xFC, 0x00, 0x00, 0xFF, 0xD0, 0x3F, 0xF8, 0x00, 0x00,
    0xBF, 0xF0, 0x3F, 0xF4, 0x00, 0x00, 0x7F, 0xF0, 0x7F, 0xF0, 0x00, 0x00, 0x3F, 0xF8, 0xFF, 0xE0,
    0x00, 0x00, 0x2F, 0xFC, 0x00, 0x00, 0x2A, 0xA0, 0x00, 0x00, 0x00, 0x00, 0xBF, 0xFC, 0x00, 0x00,
    0x00, 0x02, 0xFF, 0xFE, 0x00, 0x00, 0x00, 0x07, 0xFD, 0xFF, 0x40, 0x00, 0x00, 0x1F, 0xF0, 0x3F,
    0xD0, 0x00, 0x00, 0x3F, 0x80, 0x0B, 0xF0, 0x00, 0x00, 0x00, 0x00, 0x00, 0x00, 0x00, 0x00, 0x00,
    0x00, 0x00, 0x00, 0x00, 0x00, 0x00, 0xBF, 0xF8, 0x00, 0x00, 0x00, 0x00, 0xFF, 0xFC, 0x00, 0x00,
    0x00, 0x01, 0xFF, 0xFD, 0x00, 0x00, 0x00, 0x03, 0xFF, 0xFF, 0x00, 0x00, 0x00, 0x03, 0xFE, 0xFF,
    0x00, 0x00, 0x00, 0x0B, 0xFC, 0xFF, 0x80, 0x00, 0x00, 0x0F, 0xFC, 0xFF, 0xC0, 0x00, 0x00, 0x0F,
    0xF8, 0xBF, 0xC0, 0x00, 0x00, 0x2F, 0xF4, 0x3F, 0xE0, 0x00, 0x00, 0x3F, 0xF0, 0x3F, 0xF0, 0x00,
    0x00, 0x7F, 0xE0, 0x2F, 0xF4, 0x00, 0x00, 0xBF, 0xD0, 0x1F, 0xF8, 0x00, 0x00, 0xFF, 0xC0, 0x0F,
    0xFC, 0x00, 0x01, 0xFF, 0x80, 0x0B, 0xFD, 0x00, 0x02, 0xFF, 0xFF, 0xFF, 0xFE, 0x00, 0x03, 0xFF,
    0xFF, 0xFF, 0xFF, 0x00, 0x07, 0xFF, 0xFF, 0xFF, 0xFF, 0x40, 0x0B, 0xFF, 0xFF, 0xFF, 0xFF, 0xC0,
    0x0F, 0xFE, 0x55, 0x56, 0xFF, 0xC0, 0x1F, 0xFC, 0x00, 0x00, 0xFF, 0xD0, 0x3F, 0xF8, 0x00, 0x00,
    0xBF, 0xF0, 0x3F, 0xF4, 0x00, 0x00, 0x7F, 0xF0, 0x7F, 0xF0, 0x00, 0x00, 0x3F, 0xF8, 0xFF, 0xE0,
    0x00, 0x00, 0x2F, 0xFC, 0x00, 0x00, 0x00, 0x00, 0x00, 0x00, 0x00, 0x03, 0xFE, 0x01, 0xF4, 0x00,
    0x00, 0x0F, 0xFF, 0xEB, 0xF0, 0x00, 0x00, 0x2F, 0xFF, 0xFF, 0xF0, 0x00, 0x00, 0x3F, 0x47, 0xFF,
    0xC0, 0x00, 0x00, 0x3D, 0x00, 0x6E, 0x00, 0x00, 0x00, 0x00, 0x00, 0x00, 0x00, 0x00, 0x00, 0x00,
    0x00, 0x00, 0x00, 0x00, 0x00, 0x00, 0xBF, 0xF8, 0x00, 0x00, 0x00, 0x00, 0xFF, 0xFC, 0x00, 0x00,
    0x00, 0x01, 0xFF, 0xFD, 0x00, 0x00, 0x00, 0x03, 0xFF, 0xFF, 0x00, 0x00, 0x00, 0x03, 0xFE, 0xFF,
    0x00, 0x00, 0x00, 0x0B, 0xFC, 0xFF, 0x80, 0x00, 0x00, 0x0F, 0xFC, 0xFF, 0xC0, 0x00, 0x00, 0x0F,
    0xF8, 0xBF, 0xC0, 0x00, 0x00, 0x2F, 0xF4, 0x3F, 0xE0, 0x00, 0x00, 0x3F, 0xF0, 0x3F, 0xF0, 0x00,
    0x00, 0x7F, 0xE0, 0x2F, 0xF4, 0x00, 0x00, 0xBF, 0xD0, 0x1F, 0xF8, 0x00, 0x00, 0xFF, 0xC0, 0x0F,
    0xFC, 0x00, 0x01, 0xFF, 0x80, 0x0B, 0xFD, 0x00, 0x02, 0xFF, 0xFF, 0xFF, 0xFE, 0x00, 0x03, 0xFF,
    0xFF, 0xFF, 0xFF, 0x00, 0x07, 0xFF, 0xFF, 0xFF, 0xFF, 0x40, 0x0B, 0xFF, 0xFF, 0xFF, 0xFF, 0xC0,
    0x0F, 0xFE, 0x55, 0x56, 0xFF, 0xC0, 0x1F, 0xFC, 0x00, 0x00, 0xFF, 0xD0, 0x3F, 0xF8, 0x00, 0x00,
    0xBF, 0xF0, 0x3F, 0xF4, 0x00, 0x00, 0x7F, 0xF0, 0x7F, 0xF0, 0x00, 0x00, 0x3F, 0xF8, 0xFF, 0xE0,
    0x00, 0x00, 0x2F, 0xFC, 0x00, 0x00, 0x00, 0x00, 0x00, 0x00, 0x00, 0x0B, 0xE0, 0x2F, 0x80, 0x00,
    0x00, 0x1F, 0xF0, 0x3F, 0xD0, 0x00, 0x00, 0x1F, 0xF0, 0x3F, 0xD0, 0x00, 0x00, 0x0F, 0xF0, 0x2F,
    0xC0, 0x00, 0x00, 0x01, 0x00, 0x01, 0x00, 0x00, 0x00, 0x00, 0x00, 0x00, 0x00, 0x00, 0x00, 0x00,
    0x00, 0x00, 0x00, 0x00, 0x00, 0x00, 0xBF, 0xF8, 0x00, 0x00, 0x00, 0x00, 0xFF, 0xFC, 0x00, 0x00,
    0x00, 0x01, 0xFF, 0xFD, 0x00, 0x00, 0x00, 0x03, 0xFF, 0xFF, 0x00, 0x00, 0x00, 0x03, 0xFE, 0xFF,
    0x00, 0x00, 0x00, 0x0B, 0xFC, 0xFF, 0x80, 0x00, 0x00, 0x0F, 0xFC, 0xFF, 0xC0, 0x00, 0x00, 0x0F,
    0xF8, 0xBF, 0xC0, 0x00, 0x00, 0x2F, 0xF4, 0x3F, 0xE0, 0x00, 0x00, 0x3F, 0xF0, 0x3F, 0xF0, 0x00,
    0x00, 0x7F, 0xE0, 0x2F, 0xF4, 0x00, 0x00, 0xBF, 0xD0, 0x1F, 0xF8, 0x00, 0x00, 0xFF, 0xC0, 0x0F,
    0xFC, 0x00, 0x01, 0xFF, 0x80, 0x0B, 0xFD, 0x00, 0x02, 0xFF, 0xFF, 0xFF, 0xFE, 0x00, 0x03, 0xFF,
    0xFF, 0xFF, 0xFF, 0x00, 0x07, 0xFF, 0xFF, 0xFF, 0xFF, 0x40, 0x0B, 0xFF, 0xFF, 0xFF, 0xFF, 0xC0,
    0x0F, 0xFE, 0x55, 0x56, 0xFF, 0xC0, 0x1F, 0xFC, 0x00, 0x00, 0xFF, 0xD0, 0x3F, 0xF8, 0x00, 0x00,
    0xBF, 0xF0, 0x3F, 0xF4, 0x00, 0x00, 0x7F, 0xF0, 0x7F, 0xF0, 0x00, 0x00, 0x3F, 0xF8, 0xFF, 0xE0,
    0x00, 0x00, 0x2F, 0xFC, 0x00, 0x00, 0x2F, 0xD0, 0x00, 0x00, 0x00, 0x00, 0xFF, 0xF8, 0x00, 0x00,
    0x00, 0x01, 0xF9, 0xFD, 0x00, 0x00, 0x00, 0x02, 0xF0, 0x3E, 0x00, 0x00, 0x00, 0x02, 0xF0, 0x3E,
    0x00, 0x00, 0x00, 0x01, 0xFF, 0xFD, 0x00, 0x00, 0x00, 0x00, 0xFF, 0xFC, 0x00, 0x00, 0x00, 0x01,
    0xFF, 0xFD, 0x00, 0x00, 0x00, 0x03, 0xFF, 0xFF, 0x00, 0x00, 0x00, 0x03, 0xFE, 0xFF, 0x00, 0x00,
    0x00, 0x0B, 0xFC, 0xFF, 0x80, 0x00, 0x00, 0x0F, 0xFC, 0xFF, 0xC0, 0x00, 0x00, 0x0F, 0xF8, 0xBF,
    0xC0, 0x00, 0x00, 0x2F, 0xF4, 0x3F, 0xE0, 0x00, 0x00, 0x3F, 0xF0, 0x3F, 0xF0, 0x00, 0x00, 0x7F,
    0xE0, 0x2F, 0xF4, 0x00, 0x00, 0xBF, 0xD0, 0x1F, 0xF8, 0x00, 0x00, 0xFF, 0xC0, 0x0F, 0xFC, 0x00,
    0x01, 0xFF, 0x80, 0x0B, 0xFD, 0x00, 0x02, 0xFF, 0xFF, 0xFF, 0xFE, 0x00, 0x03, 0xFF, 0xFF, 0xFF,
    0xFF, 0x00, 0x07, 0xFF, 0xFF, 0xFF, 0xFF, 0x40, 0x0B, 0xFF, 0xFF, 0xFF, 0xFF, 0xC0, 0x0F, 0xFE,
    0x55, 0x56, 0xFF, 0xC0, 0x1F, 0xFC, 0x00, 0x00, 0xFF, 0xD0, 0x3F, 0xF8, 0x00, 0x00, 0xBF, 0xF0,
    0x3F, 0xF4, 0x00, 0x00, 0x7F, 0xF0, 0x7F, 0xF0, 0x00, 0x00, 0x3F, 0xF8, 0xFF, 0xE0, 0x00, 0x00,
    0x2F, 0xFC, 0x00, 0x00, 0x07, 0xFF, 0xFF, 0xFF, 0xFF, 0xE0, 0x00, 0x00, 0xFF, 0xFF, 0xFF, 0xFF,
    0xFF, 0x00, 0x00, 0x1F, 0xFF, 0xFF, 0xFF, 0xFF, 0xF0, 0x00, 0x03, 0xFF, 0xFF, 0xFF, 0xFF, 0xFF,
    0x00, 0x00, 0x7F, 0xEA, 0xFF, 0x95, 0x55, 0x50, 0x00, 0x0B, 0xFC, 0x1F, 0xF8, 0x00, 0x00, 0x00,
    0x00, 0xFF, 0x81, 0xFF, 0x80, 0x00, 0x00, 0x00, 0x2F, 0xF0, 0x1F, 0xF8, 0x00, 0x00, 0x00, 0x03,
    0xFF, 0x01, 0xFF, 0x80, 0x00, 0x00, 0x00, 0x7F, 0xD0, 0x1F, 0xFD, 0x55, 0x54, 0x00, 0x0F, 0xFC,
    0x01, 0xFF, 0xFF, 0xFF, 0xC0, 0x01, 0xFF, 0x80, 0x1F, 0xFF, 0xFF, 0xFC, 0x00, 0x3F, 0xF0, 0x01,
    0xFF, 0xFF, 0xFF, 0xC0, 0x07, 0xFE, 0x00, 0x1F, 0xFE, 0xAA, 0xA8, 0x00, 0xBF, 0xFF, 0xFF, 0xFF,
    0x80, 0x00, 0x00, 0x0F, 0xFF, 0xFF, 0xFF, 0xF8, 0x00, 0x00, 0x02, 0xFF, 0xFF, 0xFF, 0xFF, 0x80,
    0x00, 0x00, 0x3F, 0xFF, 0xFF, 0xFF, 0xF8, 0x00, 0x00, 0x0B, 0xFE, 0x55, 0x56, 0xFF, 0x80, 0x00,
    0x00, 0xFF, 0xC0, 0x00, 0x1F, 0xF8, 0x00, 0x00, 0x1F, 0xF8, 0x00, 0x01, 0xFF, 0xFF, 0xFF, 0xF3,
    0xFF, 0x00, 0x00, 0x1F, 0xFF, 0xFF, 0xFF, 0x7F, 0xF0, 0x00, 0x01, 0xFF, 0xFF, 0xFF, 0xFF, 0xFD,
    0x00, 0x00, 0x1F, 0xFF, 0xFF, 0xFF, 0x00, 0x00, 0x00, 0x00, 0x00, 0x00, 0x01, 0xBF, 0xFF, 0x90,
    0x00, 0x0F, 0xFF, 0xFF, 0xFC, 0x00, 0x7F, 0xFF, 0xFF, 0xFC, 0x01, 0xFF, 0xFF, 0xFF, 0xF8, 0x03,
    0xFF, 0xF4, 0x06, 0xF0, 0x0B, 0xFF, 0x40, 0x00, 0x10, 0x0F, 0xFE, 0x00, 0x00, 0x00, 0x2F, 0xFC,
    0x00, 0x00, 0x00, 0x3F, 0xF8, 0x00, 0x00, 0x00, 0x3F, 0xF4, 0x00, 0x00, 0x00, 0x3F, 0xF0, 0x00,
    0x00, 0x00, 0x3F, 0xF0, 0x00, 0x00, 0x00, 0x3F, 0xF0, 0x00, 0x00, 0x00, 0x3F, 0xF0, 0x00, 0x00,
    0x00, 0x3F, 0xF4, 0x00, 0x00, 0x00, 0x3F, 0xF8, 0x00, 0x00, 0x00, 0x2F, 0xFC, 0x00, 0x00, 0x00,
    0x1F, 0xFD, 0x00, 0x00, 0x00, 0x0F, 0xFF, 0x00, 0x00, 0x00, 0x0B, 0xFF, 0xE0, 0x01, 0xB4, 0x03,
    0xFF, 0xFF, 0xFF, 0xF4, 0x00, 0xFF, 0xFF, 0xFF, 0xF4, 0x00, 0x2F, 0xFF, 0xFF, 0xF4, 0x00, 0x06,
    0xFF, 0xFF, 0xD0, 0x00, 0x00, 0x1F, 0x90, 0x00, 0x00, 0x00, 0x2F, 0x80, 0x00, 0x00, 0x00, 0x2F,
    0xF8, 0x00, 0x00, 0x00, 0x03, 0xFC, 0x00, 0x00, 0x00, 0x02, 0xFC, 0x00, 0x00, 0x01, 0xEF, 0xFC,
    0x00, 0x00, 0x01, 0xFF, 0xF4, 0x00, 0x00, 0x00, 0xFF, 0x90, 0x00, 0x2A, 0xA4, 0x00, 0x01, 0xFF,
    0xD0, 0x00, 0x07, 0xFF, 0x00, 0x00, 0x0F, 0xFC, 0x00, 0x00, 0x2F, 0xE0, 0x00, 0x00, 0x7F, 0x40,
    0x00, 0x00, 0x00, 0x00, 0x00, 0x00, 0x00, 0xFF, 0xFF, 0xFF, 0xEF, 0xFF, 0xFF, 0xFE, 0xFF, 0xFF,
    0xFF, 0xEF, 0xFF, 0xFF, 0xFE, 0xFF, 0xD5, 0x55, 0x4F, 0xFC, 0x00, 0x00, 0xFF, 0xC0, 0x00, 0x0F,
    0xFC, 0x00, 0x00, 0xFF, 0xC0, 0x00, 0x0F, 0xFD, 0x55, 0x54, 0xFF, 0xFF, 0xFF, 0xCF, 0xFF, 0xFF,
    0xFC, 0xFF, 0xFF, 0xFF, 0xCF, 0xFE, 0xAA, 0xA8, 0xFF, 0xC0, 0x00, 0x0F, 0xFC, 0x00, 0x00, 0xFF,
    0xC0, 0x00, 0x0F, 0xFC, 0x00, 0x00, 0xFF, 0xC0, 0x00, 0x0F, 0xFC, 0x00, 0x00, 0xFF, 0xFF, 0xFF,
    0xEF, 0xFF, 0xFF, 0xFE, 0xFF, 0xFF, 0xFF, 0xEF, 0xFF, 0xFF, 0xFE, 0x00, 0x01, 0xAA, 0x80, 0x00,
    0x7F, 0xF4, 0x00, 0x0F, 0xFC, 0x00, 0x03, 0xFF, 0x00, 0x00, 0xFF, 0x80, 0x00, 0x1F, 0xD0, 0x00,
    0x00, 0x00, 0x00, 0x00, 0x00, 0x00, 0x00, 0xFF, 0xFF, 0xFF, 0xEF, 0xFF, 0xFF, 0xFE, 0xFF, 0xFF,
    0xFF, 0xEF, 0xFF, 0xFF, 0xFE, 0xFF, 0xD5, 0x55, 0x4F, 0xFC, 0x00, 0x00, 0xFF, 0xC0, 0x00, 0x0F,
    0xFC, 0x00, 0x00, 0xFF, 0xC0, 0x00, 0x0F, 0xFD, 0x55, 0x54, 0xFF, 0xFF, 0xFF, 0xCF, 0xFF, 0xFF,
    0xFC, 0xFF, 0xFF, 0xFF, 0xCF, 0xFE, 0xAA, 0xA8, 0xFF, 0xC0, 0x00, 0x0F, 0xFC, 0x00, 0x00, 0xFF,
    0xC0, 0x00, 0x0F, 0xFC, 0x00, 0x00, 0xFF, 0xC0, 0x00, 0x0F, 0xFC, 0x00, 0x00, 0xFF, 0xFF, 0xFF,
    0xEF, 0xFF, 0xFF, 0xFE, 0xFF, 0xFF, 0xFF, 0xEF, 0xFF, 0xFF, 0xFE, 0x00, 0x6A, 0x90, 0x00, 0x1F,
    0xFF, 0x00, 0x03, 0xFF, 0xFC, 0x00, 0xFF, 0x6F, 0xF0, 0x3F, 0xD0, 0xBF, 0x8B, 0xE0, 0x01, 0xFD,
    0x00, 0x00, 0x00, 0x00, 0x00, 0x00, 0x00, 0xFF, 0xFF, 0xFF, 0xEF, 0xFF, 0xFF, 0xFE, 0xFF, 0xFF,
    0xFF, 0xEF, 0xFF, 0xFF, 0xFE, 0xFF, 0xD5, 0x55, 0x4F, 0xFC, 0x00, 0x00, 0xFF, 0xC0, 0x00, 0x0F,
    0xFC, 0x00, 0x00, 0xFF, 0xC0, 0x00, 0x0F, 0xFD, 0x55, 0x54, 0xFF, 0xFF, 0xFF, 0xCF, 0xFF, 0xFF,
    0xFC, 0xFF, 0xFF, 0xFF, 0xCF, 0xFE, 0xAA, 0xA8, 0xFF, 0xC0, 0x00, 0x0F, 0xFC, 0x00, 0x00, 0xFF,
    0xC0, 0x00, 0x0F, 0xFC, 0x00, 0x00, 0xFF, 0xC0, 0x00, 0x0F, 0xFC, 0x00, 0x00, 0xFF, 0xFF, 0xFF,
    0xEF, 0xFF, 0xFF, 0xFE, 0xFF, 0xFF, 0xFF, 0xEF, 0xFF, 0xFF, 0xFE, 0x00, 0x00, 0x00, 0x01, 0xFC,
    0x03, 0xF4, 0x3F, 0xE0, 0xBF, 0xC3, 0xFE, 0x0B, 0xFC, 0x1F, 0xC0, 0x7F, 0x40, 0x10, 0x00, 0x40,
    0x00, 0x00, 0x00, 0x00, 0x00, 0x00, 0x00, 0xFF, 0xFF, 0xFF, 0xEF, 0xFF, 0xFF, 0xFE, 0xFF, 0xFF,
    0xFF, 0xEF, 0xFF, 0xFF, 0xFE, 0xFF, 0xD5, 0x55, 0x4F, 0xFC, 0x00, 0x00, 0xFF, 0xC0, 0x00, 0x0F,
    0xFC, 0x00, 0x00, 0xFF, 0xC0, 0x00, 0x0F, 0xFD, 0x55, 0x54, 0xFF, 0xFF, 0xFF, 0xCF, 0xFF, 0xFF,
    0xFC, 0xFF, 0xFF, 0xFF, 0xCF, 0xFE, 0xAA, 0xA8, 0xFF, 0xC0, 0x00, 0x0F, 0xFC, 0x00, 0x00, 0xFF,
    0xC0, 0x00, 0x0F, 0xFC, 0x00, 0x00, 0xFF, 0xC0, 0x00, 0x0F, 0xFC, 0x00, 0x00, 0xFF, 0xFF, 0xFF,
    0xEF, 0xFF, 0xFF, 0xFE, 0xFF, 0xFF, 0xFF, 0xEF, 0xFF, 0xFF, 0xFE, 0x6A, 0xA0, 0x00, 0x3F, 0xF8,
    0x00, 0x0B, 0xFD, 0x00, 0x02, 0xFF, 0x40, 0x00, 0x7F, 0xC0, 0x00, 0x0B, 0xE0, 0x00, 0x00, 0x00,
    0x00, 0x00, 0x00, 0x2F, 0xFF, 0xFE, 0x3F, 0xFF, 0xFF, 0x3F, 0xFF, 0xFF, 0x1B, 0xFF, 0xF8, 0x00,
    0xFF, 0xC0, 0x00, 0xFF, 0xC0, 0x00, 0xFF, 0xC0, 0x00, 0xFF, 0xC0, 0x00, 0xFF, 0xC0, 0x00, 0xFF,
    0xC0, 0x00, 0xFF, 0xC0, 0x00, 0xFF, 0xC0, 0x00, 0xFF, 0xC0, 0x00, 0xFF, 0xC0, 0x00, 0xFF, 0xC0,
    0x00, 0xFF, 0xC0, 0x00, 0xFF, 0xC0, 0x00, 0xFF, 0xC0, 0x00, 0xFF, 0xC0, 0x00, 0xFF, 0xC0, 0x0B,
    0xFF, 0xF8, 0x3F, 0xFF, 0xFF, 0x3F, 0xFF, 0xFF, 0x3F, 0xFF, 0xFF, 0x00, 0x0A, 0xA8, 0x00, 0x3F,
    0xF8, 0x00, 0xBF, 0xE0, 0x01, 0xFF, 0x40, 0x07, 0xFC, 0x00, 0x0F, 0xE0, 0x00, 0x00, 0x00, 0x00,
    0x00, 0x00, 0x00, 0xBF, 0xFF, 0xF8, 0xFF, 0xFF, 0xFC, 0xFF, 0xFF, 0xFC, 0x6F, 0xFF, 0xE0, 0x03,
    0xFF, 0x00, 0x03, 0xFF, 0x00, 0x03, 0xFF, 0x00, 0x03, 0xFF, 0x00, 0x03, 0xFF, 0x00, 0x03, 0xFF,
    0x00, 0x03, 0xFF, 0x00, 0x03, 0xFF, 0x00, 0x03, 0xFF, 0x00, 0x03, 0xFF, 0x00, 0x03, 0xFF, 0x00,
    0x03, 0xFF, 0x00, 0x03, 0xFF, 0x00, 0x03, 0xFF, 0x00, 0x03, 0xFF, 0x00, 0x03, 0xFF, 0x00, 0x2F,
    0xFF, 0xE0, 0xFF, 0xFF, 0xFC, 0xFF, 0xFF, 0xFC, 0xFF, 0xFF, 0xFC, 0x00, 0x2A, 0xA0, 0x00, 0x03,
    0xFF, 0xE0, 0x00, 0x2F, 0xFF, 0xD0, 0x02, 0xFF, 0x7F, 0xD0, 0x1F, 0xE0, 0x3F, 0xD0, 0xFD, 0x00,
    0x2F, 0xC0, 0x00, 0x00, 0x00, 0x00, 0x00, 0x00, 0x00, 0x0B, 0xFF, 0xFF, 0x80, 0x3F, 0xFF, 0xFF,
    0x00, 0xFF, 0xFF, 0xFC, 0x01, 0xBF, 0xFF, 0x80, 0x00, 0x3F, 0xF0, 0x00, 0x00, 0xFF, 0xC0, 0x00,
    0x03, 0xFF, 0x00, 0x00, 0x0F, 0xFC, 0x00, 0x00, 0x3F, 0xF0, 0x00, 0x00, 0xFF, 0xC0, 0x00, 0x03,
    0xFF, 0x00, 0x00, 0x0F, 0xFC, 0x00, 0x00, 0x3F, 0xF0, 0x00, 0x00, 0xFF, 0xC0, 0x00, 0x03, 0xFF,
    0x00, 0x00, 0x0F, 0xFC, 0x00, 0x00, 0x3F, 0xF0, 0x00, 0x00, 0xFF, 0xC0, 0x00, 0x03, 0xFF, 0x00,
    0x00, 0x0F, 0xFC, 0x00, 0x02, 0xFF, 0xFE, 0x00, 0x3F, 0xFF, 0xFF, 0x00, 0xFF, 0xFF, 0xFC, 0x03,
    0xFF, 0xFF, 0xF0, 0x00, 0x00, 0x00, 0x0B, 0xD0, 0x2F, 0x87, 0xFC, 0x0F, 0xF5, 0xFF, 0x03, 0xFD,
    0x3F, 0x80, 0xFF, 0x01, 0x00, 0x00, 0x00, 0x00, 0x00, 0x00, 0x00, 0x00, 0x00, 0x2F, 0xFF, 0xFE,
    0x0F, 0xFF, 0xFF, 0xC3, 0xFF, 0xFF, 0xF0, 0x6F, 0xFF, 0xE0, 0x00, 0xFF, 0xC0, 0x00, 0x3F, 0xF0,
    0x00, 0x0F, 0xFC, 0x00, 0x03, 0xFF, 0x00, 0x00, 0xFF, 0xC0, 0x00, 0x3F, 0xF0, 0x00, 0x0F, 0xFC,
    0x00, 0x03, 0xFF, 0x00, 0x00, 0xFF, 0xC0, 0x00, 0x3F, 0xF0, 0x00, 0x0F, 0xFC, 0x00, 0x03, 0xFF,
    0x00, 0x00, 0xFF, 0xC0, 0x00, 0x3F, 0xF0, 0x00, 0x0F, 0xFC, 0x00, 0x03, 0xFF, 0x00, 0x0B, 0xFF,
    0xF8, 0x0F, 0xFF, 0xFF, 0xC3, 0xFF, 0xFF, 0xF0, 0xFF, 0xFF, 0xFC, 0x03, 0xFF, 0xFF, 0xA4, 0x00,
    0x00, 0x0F, 0xFF, 0xFF, 0xFE, 0x40, 0x00, 0x3F, 0xFF, 0xFF, 0xFF, 0x80, 0x00, 0xFF, 0xFF, 0xFF,
    0xFF, 0x80, 0x03, 0xFF, 0x55, 0xBF, 0xFF, 0x80, 0x0F, 0xFC, 0x00, 0x1F, 0xFF, 0x00, 0x3F, 0xF0,
    0x00, 0x1F, 0xFE, 0x00, 0xFF, 0xC0, 0x00, 0x2F, 0xFC, 0x03, 0xFF, 0x00, 0x00, 0x3F, 0xF4, 0x0F,
    0xFC, 0x00, 0x00, 0xFF, 0xD7, 0xFF, 0xFF, 0xF4, 0x03, 0xFF, 0x9F, 0xFF, 0xFF, 0xD0, 0x0F, 0xFE,
    0x7F, 0xFF, 0xFF, 0x40, 0x3F, 0xF9, 0xFF, 0xFF, 0xFD, 0x00, 0xFF, 0xE1, 0x7F, 0xF5, 0x50, 0x03,
    0xFF, 0x40, 0xFF, 0xC0, 0x00, 0x0F, 0xFC, 0x03, 0xFF, 0x00, 0x00, 0xBF, 0xF0, 0x0F, 0xFC, 0x00,
    0x07, 0xFF, 0x80, 0x3F, 0xF0, 0x00, 0x7F, 0xFC, 0x00, 0xFF, 0xC0, 0x5F, 0xFF, 0xD0, 0x03, 0xFF,
    0xFF, 0xFF, 0xFE, 0x00, 0x0F, 0xFF, 0xFF, 0xFF, 0xE0, 0x00, 0x3F, 0xFF, 0xFF, 0xF8, 0x00, 0x00,
    0xFF, 0xFF, 0xF9, 0x00, 0x00, 0x00, 0x00, 0x00, 0x00, 0x00, 0x00, 0x00, 0xFF, 0x80, 0x7D, 0x00,
    0x00, 0x3F, 0xFF, 0xAF, 0xC0, 0x00, 0x0B, 0xFF, 0xFF, 0xF8, 0x00, 0x00, 0xFC, 0x2F, 0xFF, 0x00,
    0x00, 0x0F, 0x40, 0x1E, 0x40, 0x00, 0x00, 0x00, 0x00, 0x00, 0x00, 0x00, 0x00, 0x00, 0x00, 0x00,
    0x00, 0xFF, 0xF4, 0x00, 0x00, 0x7F, 0xCF, 0xFF, 0xC0, 0x00, 0x07, 0xFC, 0xFF, 0xFE, 0x00, 0x00,
    0x7F, 0xCF, 0xFF, 0xF4, 0x00, 0x07, 0xFC, 0xFF, 0xFF, 0xC0, 0x00, 0x7F, 0xCF, 0xFF, 0xFD, 0x00,
    0x07, 0xFC, 0xFF, 0xBF, 0xF0, 0x00, 0x7F, 0xCF, 0xF7, 0xFF, 0x80, 0x07, 0xFC, 0xFF, 0x4F, 0xFC,
    0x00, 0x7F, 0xCF, 0xF4, 0xBF, 0xF0, 0x07, 0xFC, 0xFF, 0x43, 0xFF, 0x40, 0x7F, 0xCF, 0xF4, 0x2F,
    0xFC, 0x07, 0xFC, 0xFF, 0x40, 0xFF, 0xD0, 0x7F, 0xCF, 0xF8, 0x07, 0xFF, 0x07, 0xFC, 0xFF, 0x80,
    0x3F, 0xF8, 0x7F, 0xCF, 0xF8, 0x00, 0xFF, 0xC7, 0xFC, 0xFF, 0x80, 0x0B, 0xFF, 0x7F, 0xCF, 0xF8,
    0x00, 0x3F, 0xFB, 0xFC, 0xFF, 0x80, 0x01, 0xFF, 0xFF, 0xCF, 0xF8, 0x00, 0x0F, 0xFF, 0xFC, 0xFF,
    0x80, 0x00, 0x7F, 0xFF, 0xCF, 0xF8, 0x00, 0x02, 0xFF, 0xFC, 0xFF, 0x80, 0x00, 0x0F, 0xFF, 0xCF,
    0xF8, 0x00, 0x00, 0xBF, 0xFC, 0x00, 0x01, 0xAA, 0x40, 0x00, 0x00, 0x00, 0x01, 0xFF, 0xD0, 0x00,
    0x00, 0x00, 0x00, 0x3F, 0xF0, 0x00, 0x00, 0x00, 0x00, 0x0F, 0xFC, 0x00, 0x00, 0x00, 0x00, 0x02,
    0xFF, 0x00, 0x00, 0x00, 0x00, 0x00, 0x7F, 0x40, 0x00, 0x00, 0x00, 0x00, 0x00, 0x00, 0x00, 0x00,
    0x00, 0x00, 0x00, 0x00, 0x00, 0x00, 0x01, 0xBF, 0xFF, 0x80, 0x00, 0x00, 0x1F, 0xFF, 0xFF, 0xF8,
    0x00, 0x00, 0xBF, 0xFF, 0xFF, 0xFF, 0x00, 0x02, 0xFF, 0xFF, 0xFF, 0xFF, 0xC0, 0x07, 0xFF, 0xE4,
    0x07, 0xFF, 0xE0, 0x0F, 0xFF, 0x40, 0x00, 0xFF, 0xF0, 0x1F, 0xFD, 0x00, 0x00, 0x3F, 0xF8, 0x2F,
    0xFC, 0x00, 0x00, 0x2F, 0xFC, 0x3F, 0xF8, 0x00, 0x00, 0x1F, 0xFC, 0x3F, 0xF4, 0x00, 0x00, 0x0F,
    0xFD, 0x3F, 0xF4, 0x00, 0x00, 0x0F, 0xFD, 0x3F, 0xF0, 0x00, 0x00, 0x0F, 0xFD, 0x3F, 0xF0, 0x00,
    0x00, 0x0F, 0xFD, 0x3F, 0xF4, 0x00, 0x00, 0x0F, 0xFD, 0x3F, 0xF4, 0x00, 0x00, 0x0F, 0xFD, 0x3F,
    0xF8, 0x00, 0x00, 0x0F, 0xFC, 0x2F, 0xFC, 0x00, 0x00, 0x2F, 0xFC, 0x1F, 0xFD, 0x00, 0x00, 0x3F,
    0xF8, 0x0F, 0xFF, 0x00, 0x00, 0xBF, 0xF4, 0x07, 0xFF, 0xE0, 0x07, 0xFF, 0xF0, 0x03, 0xFF, 0xFF,
    0xFF, 0xFF, 0xC0, 0x00, 0xFF, 0xFF, 0xFF, 0xFF, 0x40, 0x00, 0x2F, 0xFF, 0xFF, 0xFC, 0x00, 0x00,
    0x02, 0xFF, 0xFF, 0x90, 0x00, 0x00, 0x00, 0x01, 0x50, 0x00, 0x00, 0x00, 0x00, 0x00, 0x1A, 0xA8,
    0x00, 0x00, 0x00, 0x00, 0x7F, 0xF4, 0x00, 0x00, 0x00, 0x00, 0xFF, 0xC0, 0x00, 0x00, 0x00, 0x03,
    0xFF, 0x00, 0x00, 0x00, 0x00, 0x0F, 0xF8, 0x00, 0x00, 0x00, 0x00, 0x1F, 0xD0, 0x00, 0x00, 0x00,
    0x00, 0x00, 0x00, 0x00, 0x00, 0x00, 0x00, 0x00, 0x00, 0x00, 0x00, 0x00, 0x01, 0xBF, 0xFF, 0x80,
    0x00, 0x00, 0x1F, 0xFF, 0xFF, 0xF8, 0x00, 0x00, 0xBF, 0xFF, 0xFF, 0xFF, 0x00, 0x02, 0xFF, 0xFF,
    0xFF, 0xFF, 0xC0, 0x07, 0xFF, 0xE4, 0x07, 0xFF, 0xE0, 0x0F, 0xFF, 0x40, 0x00, 0xFF, 0xF0, 0x1F,
    0xFD, 0x00, 0x00, 0x3F, 0xF8, 0x2F, 0xFC, 0x00, 0x00, 0x2F, 0xFC, 0x3F, 0xF8, 0x00, 0x00, 0x1F,
    0xFC, 0x3F, 0xF4, 0x00, 0x00, 0x0F, 0xFD, 0x3F, 0xF4, 0x00, 0x00, 0x0F, 0xFD, 0x3F, 0xF0, 0x00,
    0x00, 0x0F, 0xFD, 0x3F, 0xF0, 0x00, 0x00, 0x0F, 0xFD, 0x3F, 0xF4, 0x00, 0x00, 0x0F, 0xFD, 0x3F,
    0xF4, 0x00, 0x00, 0x0F, 0xFD, 0x3F, 0xF8, 0x00, 0x00, 0x0F, 0xFC, 0x2F, 0xFC, 0x00, 0x00, 0x2F,
    0xFC, 0x1F, 0xFD, 0x00, 0x00, 0x3F, 0xF8, 0x0F, 0xFF, 0x00, 0x00, 0xBF, 0xF4, 0x07, 0xFF, 0xE0,
    0x07, 0xFF, 0xF0, 0x03, 0xFF, 0xFF, 0xFF, 0xFF, 0xC0, 0x00, 0xFF, 0xFF, 0xFF, 0xFF, 0x40, 0x00,
    0x2F, 0xFF, 0xFF, 0xFC, 0x00, 0x00, 0x02, 0xFF, 0xFF, 0x90, 0x00, 0x00, 0x00, 0x01, 0x50, 0x00,
    0x00, 0x00, 0x00, 0x1A, 0xA4, 0x00, 0x00, 0x00, 0x00, 0x3F, 0xFD, 0x00, 0x00, 0x00, 0x00, 0xFF,
    0xFF, 0x40, 0x00, 0x00, 0x02, 0xFE, 0x7F, 0xC0, 0x00, 0x00, 0x0B, 0xF8, 0x1F, 0xF0, 0x00, 0x00,
    0x1F, 0xD0, 0x02, 0xF8, 0x00, 0x00, 0x00, 0x00, 0x00, 0x00, 0x00, 0x00, 0x00, 0x00, 0x00, 0x00,
    0x00, 0x00, 0x01, 0xBF, 0xFF, 0x80, 0x00, 0x00, 0x1F, 0xFF, 0xFF, 0xF8, 0x00, 0x00, 0xBF, 0xFF,
    0xFF, 0xFF, 0x00, 0x02, 0xFF, 0xFF, 0xFF, 0xFF, 0xC0, 0x07, 0xFF, 0xE4, 0x07, 0xFF, 0xE0, 0x0F,
    0xFF, 0x40, 0x00, 0xFF, 0xF0, 0x1F, 0xFD, 0x00, 0x00, 0x3F, 0xF8, 0x2F, 0xFC, 0x00, 0x00, 0x2F,
    0xFC, 0x3F, 0xF8, 0x00, 0x00, 0x1F, 0xFC, 0x3F, 0xF4, 0x00, 0x00, 0x0F, 0xFD, 0x3F, 0xF4, 0x00,
    0x00, 0x0F, 0xFD, 0x3F, 0xF0, 0x00, 0x00, 0x0F, 0xFD, 0x3F, 0xF0, 0x00, 0x00, 0x0F, 0xFD, 0x3F,
    0xF4, 0x00, 0x00, 0x0F, 0xFD, 0x3F, 0xF4, 0x00, 0x00, 0x0F, 0xFD, 0x3F, 0xF8, 0x00, 0x00, 0x0F,
    0xFC, 0x2F, 0xFC, 0x00, 0x00, 0x2F, 0xFC, 0x1F, 0xFD, 0x00, 0x00, 0x3F, 0xF8, 0x0F, 0xFF, 0x00,
    0x00, 0xBF, 0xF4, 0x07, 0xFF, 0xE0, 0x07, 0xFF, 0xF0, 0x03, 0xFF, 0xFF, 0xFF, 0xFF, 0xC0, 0x00,
    0xFF, 0xFF, 0xFF, 0xFF, 0x40, 0x00, 0x2F, 0xFF, 0xFF, 0xFC, 0x00, 0x00, 0x02, 0xFF, 0xFF, 0x90,
    0x00, 0x00, 0x00, 0x01, 0x50, 0x00, 0x00, 0x00, 0x00, 0x00, 0x00, 0x00, 0x00, 0x00, 0x01, 0xFF,
    0x40, 0xBC, 0x00, 0x00, 0x07, 0xFF, 0xFA, 0xFC, 0x00, 0x00, 0x0F, 0xFF, 0xFF, 0xF4, 0x00, 0x00,
    0x0F, 0xC6, 0xFF, 0xE0, 0x00, 0x00, 0x1F, 0x00, 0x2E, 0x40, 0x00, 0x00, 0x00, 0x00, 0x00, 0x00,
    0x00, 0x00, 0x00, 0x00, 0x00, 0x00, 0x00, 0x00, 0x01, 0xBF, 0xFF, 0x80, 0x00, 0x00, 0x1F, 0xFF,
    0xFF, 0xF8, 0x00, 0x00, 0xBF, 0xFF, 0xFF, 0xFF, 0x00, 0x02, 0xFF, 0xFF, 0xFF, 0xFF, 0xC0, 0x07,
    0xFF, 0xE4, 0x07, 0xFF, 0xE0, 0x0F, 0xFF, 0x40, 0x00, 0xFF, 0xF0, 0x1F, 0xFD, 0x00, 0x00, 0x3F,
    0xF8, 0x2F, 0xFC, 0x00, 0x00, 0x2F, 0xFC, 0x3F, 0xF8, 0x00, 0x00, 0x1F, 0xFC, 0x3F, 0xF4, 0x00,
    0x00, 0x0F, 0xFD, 0x3F, 0xF4, 0x00, 0x00, 0x0F, 0xFD, 0x3F, 0xF0, 0x00, 0x00, 0x0F, 0xFD, 0x3F,
    0xF0, 0x00, 0x00, 0x0F, 0xFD, 0x3F, 0xF4, 0x00, 0x00, 0x0F, 0xFD, 0x3F, 0xF4, 0x00, 0x00, 0x0F,
    0xFD, 0x3F, 0xF8, 0x00, 0x00, 0x0F, 0xFC, 0x2F, 0xFC, 0x00, 0x00, 0x2F, 0xFC, 0x1F, 0xFD, 0x00,
    0x00, 0x3F, 0xF8, 0x0F, 0xFF, 0x00, 0x00, 0xBF, 0xF4, 0x07, 0xFF, 0xE0, 0x07, 0xFF, 0xF0, 0x03,
    0xFF, 0xFF, 0xFF, 0xFF, 0xC0, 0x00, 0xFF, 0xFF, 0xFF, 0xFF, 0x40, 0x00, 0x2F, 0xFF, 0xFF, 0xFC,
    0x00, 0x00, 0x02, 0xFF, 0xFF, 0x90, 0x00, 0x00, 0x00, 0x01, 0x50, 0x00, 0x00, 0x00, 0x00, 0x00,
    0x00, 0x00, 0x00, 0x00, 0x03, 0xF4, 0x0F, 0xD0, 0x00, 0x00, 0x0B, 0xFC, 0x1F, 0xF0, 0x00, 0x00,
    0x0B, 0xFC, 0x1F, 0xF0, 0x00, 0x00, 0x07, 0xF4, 0x0F, 0xE0, 0x00, 0x00, 0x00, 0x40, 0x01, 0x00,
    0x00, 0x00, 0x00, 0x00, 0x00, 0x00, 0x00, 0x00, 0x00, 0x00, 0x00, 0x00, 0x00, 0x00, 0x01, 0xBF,
    0xFF, 0x80, 0x00, 0x00, 0x1F, 0xFF, 0xFF, 0xF8, 0x00, 0x00, 0xBF, 0xFF, 0xFF, 0xFF, 0x00, 0x02,
    0xFF, 0xFF, 0xFF, 0xFF, 0xC0, 0x07, 0xFF, 0xE4, 0x07, 0xFF, 0xE0, 0x0F, 0xFF, 0x40, 0x00, 0xFF,
    0xF0, 0x1F, 0xFD, 0x00, 0x00, 0x3F, 0xF8, 0x2F, 0xFC, 0x00, 0x00, 0x2F, 0xFC, 0x3F, 0xF8, 0x00,
    0x00, 0x1F, 0xFC, 0x3F, 0xF4, 0x00, 0x00, 0x0F, 0xFD, 0x3F, 0xF4, 0x00, 0x00, 0x0F, 0xFD, 0x3F,
    0xF0, 0x00, 0x00, 0x0F, 0xFD, 0x3F, 0xF0, 0x00, 0x00, 0x0F, 0xFD, 0x3F, 0xF4, 0x00, 0x00, 0x0F,
    0xFD, 0x3F, 0xF4, 0x00, 0x00, 0x0F, 0xFD, 0x3F, 0xF8, 0x00, 0x00, 0x0F, 0xFC, 0x2F, 0xFC, 0x00,
    0x00, 0x2F, 0xFC, 0x1F, 0xFD, 0x00, 0x00, 0x3F, 0xF8, 0x0F, 0xFF, 0x00, 0x00, 0xBF, 0xF4, 0x07,
    0xFF, 0xE0, 0x07, 0xFF, 0xF0, 0x03, 0xFF, 0xFF, 0xFF, 0xFF, 0xC0, 0x00, 0xFF, 0xFF, 0xFF, 0xFF,
    0x40, 0x00, 0x2F, 0xFF, 0xFF, 0xFC, 0x00, 0x00, 0x02, 0xFF, 0xFF, 0x90, 0x00, 0x00, 0x00, 0x01,
    0x50, 0x00, 0x00, 0x00, 0x00, 0x00, 0x00, 0x34, 0x00, 0x07, 0x03, 0xF4, 0x00, 0x7F, 0x2F, 0xF4,
    0x07, 0xFE, 0x2F, 0xF4, 0x7F, 0xE0, 0x2F, 0xFB, 0xFE, 0x00, 0x2F, 0xFF, 0xE0, 0x00, 0x2F, 0xFE,
    0x00, 0x00, 0x7F, 0xF4, 0x00, 0x07, 0xFF, 0xF4, 0x00, 0x7F, 0xFF, 0xF4, 0x07, 0xFE, 0x2F, 0xF0,
    0x7F, 0xE0, 0x2F, 0xF1, 0xFE, 0x00, 0x2F, 0xE2, 0xE0, 0x00, 0x2E, 0x01, 0x00, 0x00, 0x10, 0x00,
    0x00, 0x00, 0x00, 0x00, 0x00, 0x00, 0x00, 0x00, 0x00, 0x03, 0x00, 0x00, 0x01, 0xBF, 0xFF, 0x8F,
    0xD0, 0x00, 0x1F, 0xFF, 0xFF, 0xFF, 0xC0, 0x00, 0xBF, 0xFF, 0xFF, 0xFF, 0x80, 0x02, 0xFF, 0xFF,
    0xFF, 0xFF, 0xC0, 0x07, 0xFF, 0xE4, 0x07, 0xFF, 0xE0, 0x0F, 0xFF, 0x40, 0x03, 0xFF, 0xF0, 0x1F,
    0xFD, 0x00, 0x0F, 0xFF, 0xF8, 0x2F, 0xFC, 0x00, 0x2F, 0xFF, 0xFC, 0x3F, 0xF8, 0x00, 0x3F, 0x9F,
    0xFC, 0x3F, 0xF4, 0x00, 0xFF, 0x0F, 0xFD, 0x3F, 0xF4, 0x02, 0xFC, 0x0F, 0xFD, 0x3F, 0xF0, 0x03,
    0xF8, 0x0F, 0xFD, 0x3F, 0xF0, 0x0F, 0xF0, 0x0F, 0xFD, 0x3F, 0xF4, 0x2F, 0xC0, 0x0F, 0xFD, 0x3F,
    0xF4, 0x3F, 0x80, 0x0F, 0xFD, 0x3F, 0xF8, 0xFF, 0x00, 0x0F, 0xFC, 0x2F, 0xFE, 0xFC, 0x00, 0x2F,
    0xFC, 0x1F, 0xFF, 0xF8, 0x00, 0x3F, 0xF8, 0x0F, 0xFF, 0xF0, 0x00, 0xBF, 0xF4, 0x07, 0xFF, 0xE0,
    0x07, 0xFF, 0xF0, 0x03, 0xFF, 0xFF, 0xFF, 0xFF, 0xC0, 0x00, 0xFF, 0xFF, 0xFF, 0xFF, 0x40, 0x02,
    0xFF, 0xFF, 0xFF, 0xFC, 0x00, 0x03, 0xFA, 0xFF, 0xFF, 0x90, 0x00, 0x01, 0xF0, 0x01, 0x50, 0x00,
    0x00, 0x00, 0x00, 0x00, 0x00, 0x00, 0x00, 0x00, 0x6A, 0xA0, 0x00, 0x00, 0x00, 0x0B, 0xFF, 0x00,
    0x00, 0x00, 0x00, 0xBF, 0xE0, 0x00, 0x00, 0x00, 0x07, 0xFD, 0x00, 0x00, 0x00, 0x00, 0x7F, 0xC0,
    0x00, 0x00, 0x00, 0x02, 0xF8, 0x00, 0x00, 0x00, 0x00, 0x00, 0x00, 0x00, 0x00, 0x00, 0x00, 0x00,
    0x00, 0x3F, 0xE0, 0x00, 0x02, 0xFF, 0x4F, 0xFC, 0x00, 0x00, 0xBF, 0xD3, 0xFF, 0x00, 0x00, 0x2F,
    0xF4, 0xFF, 0xC0, 0x00, 0x0B, 0xFD, 0x3F, 0xF0, 0x00, 0x02, 0xFF, 0x4F, 0xFC, 0x00, 0x00, 0xBF,
    0xD3, 0xFF, 0x00, 0x00, 0x2F, 0xF4, 0xFF, 0xC0, 0x00, 0x0B, 0xFD, 0x3F, 0xF0, 0x00, 0x02, 0xFF,
    0x4F, 0xFC, 0x00, 0x00, 0xBF, 0xD3, 0xFF, 0x00, 0x00, 0x2F, 0xF4, 0xFF, 0xC0, 0x00, 0x0B, 0xFD,
    0x3F, 0xF0, 0x00, 0x02, 0xFF, 0x4F, 0xFC, 0x00, 0x00, 0xBF, 0xD3, 0xFF, 0x00, 0x00, 0x2F, 0xF4,
    0xFF, 0xC0, 0x00, 0x0B, 0xFD, 0x3F, 0xF0, 0x00, 0x03, 0xFF, 0x4F, 0xFD, 0x00, 0x00, 0xFF, 0xC3,
    0xFF, 0x80, 0x00, 0xBF, 0xF0, 0x7F, 0xF8, 0x00, 0xBF, 0xF8, 0x0F, 0xFF, 0xFF, 0xFF, 0xFC, 0x00,
    0xFF, 0xFF, 0xFF, 0xFD, 0x00, 0x0F, 0xFF, 0xFF, 0xFC, 0x00, 0x00, 0x7F, 0xFF, 0xF4, 0x00, 0x00,
    0x00, 0x15, 0x00, 0x00, 0x00, 0x00, 0x00, 0x02, 0xAA, 0x40, 0x00, 0x00, 0x03, 0xFF, 0x80, 0x00,
    0x00, 0x02, 0xFF, 0x80, 0x00, 0x00, 0x01, 0xFF, 0x40, 0x00, 0x00, 0x00, 0xFF, 0x40, 0x00, 0x00,
    0x00, 0xBE, 0x00, 0x00, 0x00, 0x00, 0x00, 0x00, 0x00, 0x00, 0x00, 0x00, 0x00, 0x00, 0x00, 0x3F,
    0xE0, 0x00, 0x02, 0xFF, 0x4F, 0xFC, 0x00, 0x00, 0xBF, 0xD3, 0xFF, 0x00, 0x00, 0x2F, 0xF4, 0xFF,
    0xC0, 0x00, 0x0B, 0xFD, 0x3F, 0xF0, 0x00, 0x02, 0xFF, 0x4F, 0xFC, 0x00, 0x00, 0xBF, 0xD3, 0xFF,
    0x00, 0x00, 0x2F, 0xF4, 0xFF, 0xC0, 0x00, 0x0B, 0xFD, 0x3F, 0xF0, 0x00, 0x02, 0xFF, 0x4F, 0xFC,
    0x00, 0x00, 0xBF, 0xD3, 0xFF, 0x00, 0x00, 0x2F, 0xF4, 0xFF, 0xC0, 0x00, 0x0B, 0xFD, 0x3F, 0xF0,
    0x00, 0x02, 0xFF, 0x4F, 0xFC, 0x00, 0x00, 0xBF, 0xD3, 0xFF, 0x00, 0x00, 0x2F, 0xF4, 0xFF, 0xC0,
    0x00, 0x0B, 0xFD, 0x3F, 0xF0, 0x00, 0x03, 0xFF, 0x4F, 0xFD, 0x00, 0x00, 0xFF, 0xC3, 0xFF, 0x80,
    0x00, 0xBF, 0xF0, 0x7F, 0xF8, 0x00, 0xBF, 0xF8, 0x0F, 0xFF, 0xFF, 0xFF, 0xFC, 0x00, 0xFF, 0xFF,
    0xFF, 0xFD, 0x00, 0x0F, 0xFF, 0xFF, 0xFC, 0x00, 0x00, 0x7F, 0xFF, 0xF4, 0x00, 0x00, 0x00, 0x15,
    0x00, 0x00, 0x00, 0x00, 0x00, 0xAA, 0x80, 0x00, 0x00, 0x00, 0xFF, 0xF8, 0x00, 0x00, 0x00, 0xBF,
    0xFF, 0x80, 0x00, 0x00, 0x7F, 0xDF, 0xF4, 0x00, 0x00, 0x7F, 0xC0, 0xFF, 0x40, 0x00, 0x3F, 0x80,
    0x0B, 0xF0, 0x00, 0x00, 0x00, 0x00, 0x00, 0x00, 0x00, 0x00, 0x00, 0x00, 0x00, 0x3F, 0xE0, 0x00,
    0x02, 0xFF, 0x4F, 0xFC, 0x00, 0x00, 0xBF, 0xD3, 0xFF, 0x00, 0x00, 0x2F, 0xF4, 0xFF, 0xC0, 0x00,
    0x0B, 0xFD, 0x3F, 0xF0, 0x00, 0x02, 0xFF, 0x4F, 0xFC, 0x00, 0x00, 0xBF, 0xD3, 0xFF, 0x00, 0x00,
    0x2F, 0xF4, 0xFF, 0xC0, 0x00, 0x0B, 0xFD, 0x3F, 0xF0, 0x00, 0x02, 0xFF, 0x4F, 0xFC, 0x00, 0x00,
    0xBF, 0xD3, 0xFF, 0x00, 0x00, 0x2F, 0xF4, 0xFF, 0xC0, 0x00, 0x0B, 0xFD, 0x3F, 0xF0, 0x00, 0x02,
    0xFF, 0x4F, 0xFC, 0x00, 0x00, 0xBF, 0xD3, 0xFF, 0x00, 0x00, 0x2F, 0xF4, 0xFF, 0xC0, 0x00, 0x0B,
    0xFD, 0x3F, 0xF0, 0x00, 0x03, 0xFF, 0x4F, 0xFD, 0x00, 0x00, 0xFF, 0xC3, 0xFF, 0x80, 0x00, 0xBF,
    0xF0, 0x7F, 0xF8, 0x00, 0xBF, 0xF8, 0x0F, 0xFF, 0xFF, 0xFF, 0xFC, 0x00, 0xFF, 0xFF, 0xFF, 0xFD,
    0x00, 0x0F, 0xFF, 0xFF, 0xFC, 0x00, 0x00, 0x7F, 0xFF, 0xF4, 0x00, 0x00, 0x00, 0x15, 0x00, 0x00,
    0x00, 0x00, 0x00, 0x00, 0x00, 0x00, 0x00, 0x0B, 0xE0, 0x2F, 0x80, 0x00, 0x07, 0xFC, 0x0F, 0xF4,
    0x00, 0x01, 0xFF, 0x03, 0xFD, 0x00, 0x00, 0x3F, 0xC0, 0xBF, 0x00, 0x00, 0x01, 0x00, 0x01, 0x00,
    0x00, 0x00, 0x00, 0x00, 0x00, 0x00, 0x00, 0x00, 0x00, 0x00, 0x00, 0x3F, 0xE0, 0x00, 0x02, 0xFF,
    0x4F, 0xFC, 0x00, 0x00, 0xBF, 0xD3, 0xFF, 0x00, 0x00, 0x2F, 0xF4, 0xFF, 0xC0, 0x00, 0x0B, 0xFD,
    0x3F, 0xF0, 0x00, 0x02, 0xFF, 0x4F, 0xFC, 0x00, 0x00, 0xBF, 0xD3, 0xFF, 0x00, 0x00, 0x2F, 0xF4,
    0xFF, 0xC0, 0x00, 0x0B, 0xFD, 0x3F, 0xF0, 0x00, 0x02, 0xFF, 0x4F, 0xFC, 0x00, 0x00, 0xBF, 0xD3,
    0xFF, 0x00, 0x00, 0x2F, 0xF4, 0xFF, 0xC0, 0x00, 0x0B, 0xFD, 0x3F, 0xF0, 0x00, 0x02, 0xFF, 0x4F,
    0xFC, 0x00, 0x00, 0xBF, 0xD3, 0xFF, 0x00, 0x00, 0x2F, 0xF4, 0xFF, 0xC0, 0x00, 0x0B, 0xFD, 0x3F,
    0xF0, 0x00, 0x03, 0xFF, 0x4F, 0xFD, 0x00, 0x00, 0xFF, 0xC3, 0xFF, 0x80, 0x00, 0xBF, 0xF0, 0x7F,
    0xF8, 0x00, 0xBF, 0xF8, 0x0F, 0xFF, 0xFF, 0xFF, 0xFC, 0x00, 0xFF, 0xFF, 0xFF, 0xFD, 0x00, 0x0F,
    0xFF, 0xFF, 0xFC, 0x00, 0x00, 0x7F, 0xFF, 0xF4, 0x00, 0x00, 0x00, 0x15, 0x00, 0x00, 0x00, 0x00,
    0x00, 0x01, 0xAA, 0x80, 0x00, 0x00, 0x00, 0xFF, 0xD0, 0x00, 0x00, 0x00, 0xFF, 0xD0, 0x00, 0x00,
    0x00, 0xBF, 0xC0, 0x00, 0x00, 0x00, 0xBF, 0x80, 0x00, 0x00, 0x00, 0x3F, 0x40, 0x00, 0x00, 0x00,
    0x00, 0x00, 0x00, 0x00, 0x00, 0x00, 0x00, 0x00, 0x00, 0xBF, 0xE0, 0x00, 0x02, 0xFF, 0x9F, 0xFC,
    0x00, 0x01, 0xFF, 0xC3, 0xFF, 0x80, 0x00, 0xFF, 0xE0, 0x3F, 0xF0, 0x00, 0x7F, 0xF0, 0x0B, 0xFE,
    0x00, 0x3F, 0xF8, 0x00, 0xFF, 0xC0, 0x1F, 0xFC, 0x00, 0x2F, 0xF8, 0x0F, 0xFD, 0x00, 0x03, 0xFF,
    0x07, 0xFF, 0x00, 0x00, 0xBF, 0xE2, 0xFF, 0x40, 0x00, 0x0F, 0xFD, 0xFF, 0xC0, 0x00, 0x01, 0xFF,
    0xFF, 0xD0, 0x00, 0x00, 0x3F, 0xFF, 0xF0, 0x00, 0x00, 0x07, 0xFF, 0xF0, 0x00, 0x00, 0x00, 0xFF,
    0xF8, 0x00, 0x00, 0x00, 0x1F, 0xFC, 0x00, 0x00, 0x00, 0x03, 0xFF, 0x00, 0x00, 0x00, 0x00, 0xFF,
    0xC0, 0x00, 0x00, 0x00, 0x3F, 0xF0, 0x00, 0x00, 0x00, 0x0F, 0xFC, 0x00, 0x00, 0x00, 0x03, 0xFF,
    0x00, 0x00, 0x00, 0x00, 0xFF, 0xC0, 0x00, 0x00, 0x00, 0x3F, 0xF0, 0x00, 0x00, 0x00, 0x0F, 0xFC,
    0x00, 0x00, 0x00, 0x03, 0xFF, 0x00, 0x00, 0xFF, 0xC0, 0x00, 0x00, 0x3F, 0xF0, 0x00, 0x00, 0x0F,
    0xFC, 0x00, 0x00, 0x03, 0xFF, 0x00, 0x00, 0x00, 0xFF, 0xFF, 0xFE, 0x40, 0x3F, 0xFF, 0xFF, 0xF8,
    0x0F, 0xFF, 0xFF, 0xFF, 0xC3, 0xFF, 0xFF, 0xFF, 0xF8, 0xFF, 0xC0, 0x1F, 0xFF, 0x3F, 0xF0, 0x00,
    0xFF, 0xCF, 0xFC, 0x00, 0x3F, 0xF7, 0xFF, 0x00, 0x0B, 0xFD, 0xFF, 0xC0, 0x03, 0xFF, 0x7F, 0xF0,
    0x00, 0xFF, 0xCF, 0xFC, 0x01, 0xFF, 0xF3, 0xFF, 0xFF, 0xFF, 0xF4, 0xFF, 0xFF, 0xFF, 0xFC, 0x3F,
    0xFF, 0xFF, 0xF8, 0x0F, 0xFF, 0xFF, 0xE4, 0x03, 0xFF, 0x40, 0x00, 0x00, 0xFF, 0xC0, 0x00, 0x00,
    0x3F, 0xF0, 0x00, 0x00, 0x0F, 0xFC, 0x00, 0x00, 0x03, 0xFF, 0x00, 0x00, 0x00, 0x00, 0x01, 0x55,
    0x00, 0x00, 0x00, 0x2F, 0xFF, 0xFE, 0x00, 0x00, 0x7F, 0xFF, 0xFF, 0xF4, 0x00, 0x7F, 0xFF, 0xFF,
    0xFF, 0x40, 0x3F, 0xFF, 0x9B, 0xFF, 0xF0, 0x1F, 0xFD, 0x00, 0x2F, 0xFC, 0x0B, 0xFE, 0x00, 0x03,
    0xFF, 0x02, 0xFF, 0x40, 0x00, 0xFF, 0xC0, 0xBF, 0xD0, 0x00, 0xFF, 0xD0, 0x2F, 0xF4, 0x00, 0xFF,
    0xE0, 0x0B, 0xFD, 0x01, 0xFF, 0xE0, 0x02, 0xFF, 0x40, 0xFF, 0xD0, 0x00, 0xBF, 0xD0, 0xBF, 0xE0,
    0x00, 0x2F, 0xF4, 0x2F, 0xFC, 0x00, 0x0B, 0xFD, 0x07, 0xFF, 0xE0, 0x02, 0xFF, 0x40, 0xBF, 0xFF,
    0x00, 0xBF, 0xD0, 0x0B, 0xFF, 0xF4, 0x2F, 0xF4, 0x00, 0x7F, 0xFF, 0x4B, 0xFD, 0x00, 0x02, 0xFF,
    0xF2, 0xFF, 0x40, 0x00, 0x1F, 0xFC, 0xBF, 0xD0, 0x00, 0x03, 0xFF, 0x6F, 0xF4, 0x00, 0x00, 0xFF,
    0xCB, 0xFD, 0x0F, 0x95, 0xFF, 0xF2, 0xFF, 0x43, 0xFF, 0xFF, 0xF8, 0xBF, 0xD0, 0xFF, 0xFF, 0xFC,
    0x2F, 0xF4, 0x2F, 0xFF, 0xF4, 0x00, 0x00, 0x00, 0x15, 0x40, 0x00, 0x00, 0xAA, 0x90, 0x00, 0x00,
    0x1F, 0xFC, 0x00, 0x00, 0x01, 0xFF, 0xC0, 0x00, 0x00, 0x0F, 0xFC, 0x00, 0x00, 0x00, 0xBF, 0x80,
    0x00, 0x00, 0x07, 0xF0, 0x00, 0x00, 0x00, 0x00, 0x00, 0x00, 0x15, 0x94, 0x00, 0x01, 0xFF, 0xFF,
    0xF0, 0x02, 0xFF, 0xFF, 0xFF, 0x00, 0x3F, 0xFF, 0xFF, 0xF0, 0x0B, 0xD4, 0x2F, 0xFD, 0x00, 0x00,
    0x02, 0xFF, 0x40, 0x00, 0x00, 0x7F, 0xE0, 0x00, 0x05, 0x6F, 0xF8, 0x06, 0xFF, 0xFF, 0xFE, 0x0B,
    0xFF, 0xFF, 0xFF, 0x8F, 0xFF, 0xFA, 0xFF, 0xE7, 0xFF, 0x40, 0x1F, 0xFA, 0xFF, 0x80, 0x07, 0xFE,
    0xBF, 0xD0, 0x02, 0xFF, 0xAF, 0xF8, 0x01, 0xFF, 0xE7, 0xFF, 0x96, 0xFF, 0xF8, 0xFF, 0xFF, 0xFF,
    0xFE, 0x1F, 0xFF, 0xFC, 0x7F, 0x81, 0xFF, 0xF8, 0x0F, 0xE0, 0x01, 0x40, 0x00, 0x00, 0x00, 0x00,
    0x0A, 0xA9, 0x00, 0x00, 0x0B, 0xFF, 0x00, 0x00, 0x07, 0xFF, 0x00, 0x00, 0x03, 0xFE, 0x00, 0x00,
    0x03, 0xFD, 0x00, 0x00, 0x02, 0xFC, 0x00, 0x00, 0x00, 0x00, 0x00, 0x00, 0x00, 0x15, 0x94, 0x00,
    0x01, 0xFF, 0xFF, 0xF0, 0x02, 0xFF, 0xFF, 0xFF, 0x00, 0x3F, 0xFF, 0xFF, 0xF0, 0x0B, 0xD4, 0x2F,
    0xFD, 0x00, 0x00, 0x02, 0xFF, 0x40, 0x00, 0x00, 0x7F, 0xE0, 0x00, 0x05, 0x6F, 0xF8, 0x06, 0xFF,
    0xFF, 0xFE, 0x0B, 0xFF, 0xFF, 0xFF, 0x8F, 0xFF, 0xFA, 0xFF, 0xE7, 0xFF, 0x40, 0x1F, 0xFA, 0xFF,
    0x80, 0x07, 0xFE, 0xBF, 0xD0, 0x02, 0xFF, 0xAF, 0xF8, 0x01, 0xFF, 0xE7, 0xFF, 0x96, 0xFF, 0xF8,
    0xFF, 0xFF, 0xFF, 0xFE, 0x1F, 0xFF, 0xFC, 0x7F, 0x81, 0xFF, 0xF8, 0x0F, 0xE0, 0x01, 0x40, 0x00,
    0x00, 0x00, 0x06, 0xA9, 0x00, 0x00, 0x07, 0xFF, 0xD0, 0x00, 0x03, 0xFF, 0xFC, 0x00, 0x03, 0xFE,
    0xBF, 0xC0, 0x03, 0xFD, 0x07, 0xFC, 0x01, 0xFC, 0x00, 0x3F, 0x40, 0x00, 0x00, 0x00, 0x00, 0x00,
    0x15, 0x94, 0x00, 0x01, 0xFF, 0xFF, 0xF0, 0x02, 0xFF, 0xFF, 0xFF, 0x00, 0x3F, 0xFF, 0xFF, 0xF0,
    0x0B, 0xD4, 0x2F, 0xFD, 0x00, 0x00, 0x02, 0xFF, 0x40, 0x00, 0x00, 0x7F, 0xE0, 0x00, 0x05, 0x6F,
    0xF8, 0x06, 0xFF, 0xFF, 0xFE, 0x0B, 0xFF, 0xFF, 0xFF, 0x8F, 0xFF, 0xFA, 0xFF, 0xE7, 0xFF, 0x40,
    0x1F, 0xFA, 0xFF, 0x80, 0x07, 0xFE, 0xBF, 0xD0, 0x02, 0xFF, 0xAF, 0xF8, 0x01, 0xFF, 0xE7, 0xFF,
    0x96, 0xFF, 0xF8, 0xFF, 0xFF, 0xFF, 0xFE, 0x1F, 0xFF, 0xFC, 0x7F, 0x81, 0xFF, 0xF8, 0x0F, 0xE0,
    0x01, 0x40, 0x00, 0x00, 0x00, 0x00, 0x00, 0x00, 0x00, 0x1F, 0xF4, 0x0F, 0xC0, 0x1F, 0xFF, 0xEB,
    0xE0, 0x0F, 0xFF, 0xFF, 0xF0, 0x07, 0xE1, 0xBF, 0xF4, 0x01, 0xF0, 0x02, 0xE4, 0x00, 0x00, 0x00,
    0x00, 0x00, 0x00, 0x15, 0x94, 0x00, 0x01, 0xFF, 0xFF, 0xF0, 0x02, 0xFF, 0xFF, 0xFF, 0x00, 0x3F,
    0xFF, 0xFF, 0xF0, 0x0B, 0xD4, 0x2F, 0xFD, 0x00, 0x00, 0x02, 0xFF, 0x40, 0x00, 0x00, 0x7F, 0xE0,
    0x00, 0x05, 0x6F, 0xF8, 0x06, 0xFF, 0xFF, 0xFE, 0x0B, 0xFF, 0xFF, 0xFF, 0x8F, 0xFF, 0xFA, 0xFF,
    0xE7, 0xFF, 0x40, 0x1F, 0xFA, 0xFF, 0x80, 0x07, 0xFE, 0xBF, 0xD0, 0x02, 0xFF, 0xAF, 0xF8, 0x01,
    0xFF, 0xE7, 0xFF, 0x96, 0xFF, 0xF8, 0xFF, 0xFF, 0xFF, 0xFE, 0x1F, 0xFF, 0xFC, 0x7F, 0x81, 0xFF,
    0xF8, 0x0F, 0xE0, 0x01, 0x40, 0x00, 0x00, 0x00, 0x00, 0x00, 0x00, 0x00, 0x7F, 0x00, 0xFD, 0x00,
    0x3F, 0xE0, 0xBF, 0xC0, 0x0F, 0xF8, 0x2F, 0xF0, 0x01, 0xFD, 0x07, 0xF4, 0x00, 0x04, 0x00, 0x10,
    0x00, 0x00, 0x00, 0x00, 0x00, 0x00, 0x15, 0x94, 0x00, 0x01, 0xFF, 0xFF, 0xF0, 0x02, 0xFF, 0xFF,
    0xFF, 0x00, 0x3F, 0xFF, 0xFF, 0xF0, 0x0B, 0xD4, 0x2F, 0xFD, 0x00, 0x00, 0x02, 0xFF, 0x40, 0x00,
    0x00, 0x7F, 0xE0, 0x00, 0x05, 0x6F, 0xF8, 0x06, 0xFF, 0xFF, 0xFE, 0x0B, 0xFF, 0xFF, 0xFF, 0x8F,
    0xFF, 0xFA, 0xFF, 0xE7, 0xFF, 0x40, 0x1F, 0xFA, 0xFF, 0x80, 0x07, 0xFE, 0xBF, 0xD0, 0x02, 0xFF,
    0xAF, 0xF8, 0x01, 0xFF, 0xE7, 0xFF, 0x96, 0xFF, 0xF8, 0xFF, 0xFF, 0xFF, 0xFE, 0x1F, 0xFF, 0xFC,
    0x7F, 0x81, 0xFF, 0xF8, 0x0F, 0xE0, 0x01, 0x40, 0x00, 0x00, 0x00, 0x06, 0xF8, 0x00, 0x00, 0x07,
    0xFF, 0xD0, 0x00, 0x03, 0xF6, 0xFC, 0x00, 0x00, 0xF4, 0x2F, 0x00, 0x00, 0x3D, 0x0B, 0xC0, 0x00,
    0x0F, 0xEB, 0xF0, 0x00, 0x01, 0xFF, 0xF0, 0x00, 0x00, 0x0B, 0xE0, 0x00, 0x00, 0x00, 0x00, 0x00,
    0x00, 0x01, 0x59, 0x40, 0x00, 0x1F, 0xFF, 0xFF, 0x00, 0x2F, 0xFF, 0xFF, 0xF0, 0x03, 0xFF, 0xFF,
    0xFF, 0x00, 0xBD, 0x42, 0xFF, 0xD0, 0x00, 0x00, 0x2F, 0xF4, 0x00, 0x00, 0x07, 0xFE, 0x00, 0x00,
    0x56, 0xFF, 0x80, 0x6F, 0xFF, 0xFF, 0xE0, 0xBF, 0xFF, 0xFF, 0xF8, 0xFF, 0xFF, 0xAF, 0xFE, 0x7F,
    0xF4, 0x01, 0xFF, 0xAF, 0xF8, 0x00, 0x7F, 0xEB, 0xFD, 0x00, 0x2F, 0xFA, 0xFF, 0x80, 0x1F, 0xFE,
    0x7F, 0xF9, 0x6F, 0xFF, 0x8F, 0xFF, 0xFF, 0xFF, 0xE1, 0xFF, 0xFF, 0xC7, 0xF8, 0x1F, 0xFF, 0x80,
    0xFE, 0x00, 0x14, 0x00, 0x00, 0x00, 0x00, 0x05, 0xA4, 0x00, 0x05, 0x94, 0x00, 0x00, 0xBF, 0xFF,
    0xF4, 0x3F, 0xFF, 0xD0, 0x00, 0xBF, 0xFF, 0xFF, 0xBF, 0xFF, 0xFF, 0x00, 0x0F, 0xFF, 0xFF, 0xFF,
    0xFF, 0xFF, 0xE0, 0x02, 0xE4, 0x0B, 0xFF, 0xF4, 0x1F, 0xFD, 0x00, 0x00, 0x00, 0xFF, 0xF0, 0x00,
    0xFF, 0x80, 0x00, 0x00, 0x2F, 0xF8, 0x00, 0x2F, 0xF0, 0x00, 0x00, 0x5F, 0xFE, 0x00, 0x0B, 0xFC,
    0x01, 0xBF, 0xFF, 0xFF, 0xFF, 0xFF, 0xFF, 0x03, 0xFF, 0xFF, 0xFF, 0xFF, 0xFF, 0xFF, 0xC3, 0xFF,
    0xFA, 0xBF, 0xFF, 0xFF, 0xFF, 0xF1, 0xFF, 0xD0, 0x0B, 0xFD, 0x00, 0x00, 0x00, 0xBF, 0xE0, 0x02,
    0xFF, 0x80, 0x00, 0x00, 0x2F, 0xF8, 0x00, 0xFF, 0xF0, 0x00, 0x00, 0x0B, 0xFE, 0x00, 0x7F, 0xFE,
    0x00, 0x00, 0x81, 0xFF, 0xE5, 0xBF, 0xFF, 0xF9, 0x5B, 0xF0, 0x3F, 0xFF, 0xFF, 0xDF, 0xFF, 0xFF,
    0xFC, 0x07, 0xFF, 0xFF, 0xC0, 0xFF, 0xFF, 0xFF, 0x00, 0x3F, 0xFF, 0x80, 0x07, 0xFF, 0xFE, 0x40,
    0x00, 0x54, 0x00, 0x00, 0x05, 0x50, 0x00, 0x00, 0x01, 0x69, 0x00, 0x00, 0x6F, 0xFF, 0xF8, 0x02,
    0xFF, 0xFF, 0xFC, 0x0B, 0xFF, 0xFF, 0xF8, 0x0F, 0xFF, 0xAA, 0xF0, 0x2F, 0xFC, 0x00, 0x10, 0x3F,
    0xF4, 0x00, 0x00, 0x3F, 0xF0, 0x00, 0x00, 0x7F, 0xF0, 0x00, 0x00, 0x7F, 0xE0, 0x00, 0x00, 0x7F,
    0xE0, 0x00, 0x00, 0x7F, 0xF0, 0x00, 0x00, 0x3F, 0xF0, 0x00, 0x00, 0x3F, 0xF4, 0x00, 0x00, 0x2F,
    0xFD, 0x00, 0x28, 0x0F, 0xFF, 0xEF, 0xFC, 0x0B, 0xFF, 0xFF, 0xFC, 0x02, 0xFF, 0xFF, 0xFC, 0x00,
    0x2F, 0xFF, 0xE0, 0x00, 0x02, 0xF4, 0x00, 0x00, 0x03, 0xF4, 0x00, 0x00, 0x07, 0xFF, 0x00, 0x00,
    0x00, 0x7F, 0x80, 0x00, 0x00, 0x3F, 0x80, 0x00, 0x2F, 0xFF, 0x80, 0x00, 0x3F, 0xFF, 0x00, 0x00,
    0x2F, 0xF8, 0x00, 0x00, 0xAA, 0x90, 0x00, 0x00, 0x07, 0xFF, 0x00, 0x00, 0x00, 0x1F, 0xFC, 0x00,
    0x00, 0x00, 0x3F, 0xF0, 0x00, 0x00, 0x00, 0xBF, 0x80, 0x00, 0x00, 0x01, 0xFC, 0x00, 0x00, 0x00,
    0x00, 0x00, 0x00, 0x00, 0x1A, 0x50, 0x00, 0x00, 0x7F, 0xFF, 0xE0, 0x00, 0x2F, 0xFF, 0xFF, 0xC0,
    0x0B, 0xFF, 0xFF, 0xFF, 0x00, 0xFF, 0xE0, 0x3F, 0xF4, 0x2F, 0xF8, 0x00, 0xFF, 0xC3, 0xFF, 0x00,
    0x07, 0xFC, 0x3F, 0xF0, 0x00, 0x7F, 0xD7, 0xFF, 0xFF, 0xFF, 0xFD, 0x7F, 0xFF, 0xFF, 0xFF, 0xD7,
    0xFF, 0xFF, 0xFF, 0xFD, 0x7F, 0xF0, 0x00, 0x00, 0x03, 0xFF, 0x00, 0x00, 0x00, 0x3F, 0xF4, 0x00,
    0x00, 0x02, 0xFF, 0xC0, 0x00, 0x10, 0x0F, 0xFF, 0x95, 0xBF, 0x40, 0x7F, 0xFF, 0xFF, 0xF4, 0x01,
    0xFF, 0xFF, 0xFF, 0x40, 0x02, 0xFF, 0xFF, 0xD0, 0x00, 0x00, 0x15, 0x00, 0x00, 0x00, 0x00, 0x0A,
    0xA9, 0x00, 0x00, 0x02, 0xFF, 0xC0, 0x00, 0x00, 0x7F, 0xF0, 0x00, 0x00, 0x0F, 0xF8, 0x00, 0x00,
    0x03, 0xFD, 0x00, 0x00, 0x00, 0xBF, 0x00, 0x00, 0x00, 0x00, 0x00, 0x00, 0x00, 0x00, 0x1A, 0x50,
    0x00, 0x00, 0x7F, 0xFF, 0xE0, 0x00, 0x2F, 0xFF, 0xFF, 0xC0, 0x0B, 0xFF, 0xFF, 0xFF, 0x00, 0xFF,
    0xE0, 0x3F, 0xF4, 0x2F, 0xF8, 0x00, 0xFF, 0xC3, 0xFF, 0x00, 0x07, 0xFC, 0x3F, 0xF0, 0x00, 0x7F,
    0xD7, 0xFF, 0xFF, 0xFF, 0xFD, 0x7F, 0xFF, 0xFF, 0xFF, 0xD7, 0xFF, 0xFF, 0xFF, 0xFD, 0x7F, 0xF0,
    0x00, 0x00, 0x03, 0xFF, 0x00, 0x00, 0x00, 0x3F, 0xF4, 0x00, 0x00, 0x02, 0xFF, 0xC0, 0x00, 0x10,
    0x0F, 0xFF, 0x95, 0xBF, 0x40, 0x7F, 0xFF, 0xFF, 0xF4, 0x01, 0xFF, 0xFF, 0xFF, 0x40, 0x02, 0xFF,
    0xFF, 0xD0, 0x00, 0x00, 0x15, 0x00, 0x00, 0x00, 0x06, 0xA9, 0x00, 0x00, 0x01, 0xFF, 0xF4, 0x00,
    0x00, 0x3F, 0xFF, 0xC0, 0x00, 0x0F, 0xFA, 0xFF, 0x00, 0x03, 0xFD, 0x07, 0xFC, 0x00, 0x7F, 0x00,
    0x0F, 0xD0, 0x00, 0x00, 0x00, 0x00, 0x00, 0x00, 0x1A, 0x50, 0x00, 0x00, 0x7F, 0xFF, 0xE0, 0x00,
    0x2F, 0xFF, 0xFF, 0xC0, 0x0B, 0xFF, 0xFF, 0xFF, 0x00, 0xFF, 0xE0, 0x3F, 0xF4, 0x2F, 0xF8, 0x00,
    0xFF, 0xC3, 0xFF, 0x00, 0x07, 0xFC, 0x3F, 0xF0, 0x00, 0x7F, 0xD7, 0xFF, 0xFF, 0xFF, 0xFD, 0x7F,
    0xFF, 0xFF, 0xFF, 0xD7, 0xFF, 0xFF, 0xFF, 0xFD, 0x7F, 0xF0, 0x00, 0x00, 0x03, 0xFF, 0x00, 0x00,
    0x00, 0x3F, 0xF4, 0x00, 0x00, 0x02, 0xFF, 0xC0, 0x00, 0x10, 0x0F, 0xFF, 0x95, 0xBF, 0x40, 0x7F,
    0xFF, 0xFF, 0xF4, 0x01, 0xFF, 0xFF, 0xFF, 0x40, 0x02, 0xFF, 0xFF, 0xD0, 0x00, 0x00, 0x15, 0x00,
    0x00, 0x00, 0x00, 0x00, 0x00, 0x00, 0x1F, 0xC0, 0x3F, 0x40, 0x03, 0xFE, 0x0B, 0xFC, 0x00, 0x3F,
    0xE0, 0xBF, 0xC0, 0x01, 0xFD, 0x07, 0xF4, 0x00, 0x01, 0x00, 0x04, 0x00, 0x00, 0x00, 0x00, 0x00,
    0x00, 0x00, 0x1A, 0x50, 0x00, 0x00, 0x7F, 0xFF, 0xE0, 0x00, 0x2F, 0xFF, 0xFF, 0xC0, 0x0B, 0xFF,
    0xFF, 0xFF, 0x00, 0xFF, 0xE0, 0x3F, 0xF4, 0x2F, 0xF8, 0x00, 0xFF, 0xC3, 0xFF, 0x00, 0x07, 0xFC,
    0x3F, 0xF0, 0x00, 0x7F, 0xD7, 0xFF, 0xFF, 0xFF, 0xFD, 0x7F, 0xFF, 0xFF, 0xFF, 0xD7, 0xFF, 0xFF,
    0xFF, 0xFD, 0x7F, 0xF0, 0x00, 0x00, 0x03, 0xFF, 0x00, 0x00, 0x00, 0x3F, 0xF4, 0x00, 0x00, 0x02,
    0xFF, 0xC0, 0x00, 0x10, 0x0F, 0xFF, 0x95, 0xBF, 0x40, 0x7F, 0xFF, 0xFF, 0xF4, 0x01, 0xFF, 0xFF,
    0xFF, 0x40, 0x02, 0xFF, 0xFF, 0xD0, 0x00, 0x00, 0x15, 0x00, 0x00, 0x2A, 0xA4, 0x00, 0x7F, 0xF0,
    0x00, 0x7F, 0xF0, 0x00, 0x3F, 0xF0, 0x00, 0x2F, 0xE0, 0x00, 0x1F, 0xC0, 0x00, 0x00, 0x00, 0x00,
    0x00, 0x02, 0xFF, 0x80, 0x0B, 0xFE, 0x00, 0x2F, 0xF8, 0x00, 0xBF, 0xE0, 0x02, 0xFF, 0x80, 0x0B,
    0xFE, 0x00, 0x2F, 0xF8, 0x00, 0xBF, 0xE0, 0x02, 0xFF, 0x80, 0x0B, 0xFE, 0x00, 0x2F, 0xF8, 0x00,
    0xBF, 0xE0, 0x02, 0xFF, 0x80, 0x0B, 0xFE, 0x00, 0x2F, 0xF8, 0x00, 0xBF, 0xE0, 0x02, 0xFF, 0x80,
    0x0B, 0xFE, 0x00, 0x00, 0xAA, 0x90, 0x2F, 0xFC, 0x07, 0xFF, 0x00, 0xFF, 0x80, 0x3F, 0xD0, 0x0B,
    0xF0, 0x00, 0x00, 0x00, 0x00, 0x00, 0x00, 0xBF, 0xE0, 0x0B, 0xFE, 0x00, 0xBF, 0xE0, 0x0B, 0xFE,
    0x00, 0xBF, 0xE0, 0x0B, 0xFE, 0x00, 0xBF, 0xE0, 0x0B, 0xFE, 0x00, 0xBF, 0xE0, 0x0B, 0xFE, 0x00,
    0xBF, 0xE0, 0x0B, 0xFE, 0x00, 0xBF, 0xE0, 0x0B, 0xFE, 0x00, 0xBF, 0xE0, 0x0B, 0xFE, 0x00, 0xBF,
    0xE0, 0x0B, 0xFE, 0x00, 0x00, 0x6A, 0x90, 0x00, 0x1F, 0xFF, 0x40, 0x03, 0xFF, 0xFC, 0x00, 0xFF,
    0xAF, 0xF0, 0x3F, 0xD0, 0x7F, 0xC7, 0xF0, 0x00, 0xFD, 0x00, 0x00, 0x00, 0x00, 0x00, 0x00, 0x00,
    0x00, 0xBF, 0xE0, 0x00, 0x0B, 0xFE, 0x00, 0x00, 0xBF, 0xE0, 0x00, 0x0B, 0xFE, 0x00, 0x00, 0xBF,
    0xE0, 0x00, 0x0B, 0xFE, 0x00, 0x00, 0xBF, 0xE0, 0x00, 0x0B, 0xFE, 0x00, 0x00, 0xBF, 0xE0, 0x00,
    0x0B, 0xFE, 0x00, 0x00, 0xBF, 0xE0, 0x00, 0x0B, 0xFE, 0x00, 0x00, 0xBF, 0xE0, 0x00, 0x0B, 0xFE,
    0x00, 0x00, 0xBF, 0xE0, 0x00, 0x0B, 0xFE, 0x00, 0x00, 0xBF, 0xE0, 0x00, 0x0B, 0xFE, 0x00, 0x00,
    0x00, 0x00, 0x7F, 0x00, 0xFD, 0xFF, 0x82, 0xFF, 0xFF, 0x82, 0xFF, 0x7F, 0x41, 0xFD, 0x04, 0x00,
    0x10, 0x00, 0x00, 0x00, 0x00, 0x00, 0x00, 0x02, 0xFF, 0x80, 0x02, 0xFF, 0x80, 0x02, 0xFF, 0x80,
    0x02, 0xFF, 0x80, 0x02, 0xFF, 0x80, 0x02, 0xFF, 0x80, 0x02, 0xFF, 0x80, 0x02, 0xFF, 0x80, 0x02,
    0xFF, 0x80, 0x02, 0xFF, 0x80, 0x02, 0xFF, 0x80, 0x02, 0xFF, 0x80, 0x02, 0xFF, 0x80, 0x02, 0xFF,
    0x80, 0x02, 0xFF, 0x80, 0x02, 0xFF, 0x80, 0x02, 0xFF, 0x80, 0x02, 0xFF, 0x80, 0x00, 0x04, 0x00,
    0x00, 0x00, 0x00, 0x3E, 0x01, 0xF0, 0x00, 0x02, 0xFF, 0xAF, 0xE0, 0x00, 0x07, 0xFF, 0xFF, 0x40,
    0x00, 0x02, 0xFF, 0xE0, 0x00, 0x00, 0x2F, 0xFF, 0xC0, 0x00, 0x03, 0xFF, 0xFF, 0xC0, 0x00, 0x07,
    0xE1, 0xFF, 0x80, 0x00, 0x09, 0x02, 0xFF, 0x40, 0x00, 0x00, 0x03, 0xFF, 0x00, 0x06, 0xFF, 0xE7,
    0xFC, 0x00, 0xBF, 0xFF, 0xFF, 0xF8, 0x0B, 0xFF, 0xFF, 0xFF, 0xF0, 0x7F, 0xFE, 0xAF, 0xFF, 0xC3,
    0xFF, 0x80, 0x0F, 0xFF, 0x0F, 0xFC, 0x00, 0x1F, 0xFC, 0x7F, 0xF0, 0x00, 0x3F, 0xF1, 0xFF, 0xC0,
    0x00, 0xFF, 0xC7, 0xFF, 0x00, 0x03, 0xFF, 0x1F, 0xFC, 0x00, 0x0F, 0xFC, 0x3F, 0xF0, 0x00, 0x7F,
    0xE0, 0xFF, 0xE0, 0x03, 0xFF, 0x41, 0xFF, 0xF5, 0x7F, 0xFC, 0x02, 0xFF, 0xFF, 0xFF, 0xC0, 0x02,
    0xFF, 0xFF, 0xFC, 0x00, 0x00, 0xBF, 0xFF, 0x40, 0x00, 0x00, 0x05, 0x40, 0x00, 0x00, 0x00, 0x00,
    0x00, 0x00, 0x00, 0x0B, 0xF8, 0x03, 0xE0, 0x02, 0xFF, 0xFE, 0xFD, 0x00, 0x3F, 0xFF, 0xFF, 0xC0,
    0x0B, 0xD1, 0xFF, 0xF4, 0x00, 0xB8, 0x01, 0xB8, 0x00, 0x00, 0x00, 0x00, 0x00, 0x00, 0x00, 0x01,
    0xA4, 0x00, 0xBF, 0x83, 0xFF, 0xF8, 0x0B, 0xFC, 0xFF, 0xFF, 0xF0, 0xBF, 0xFF, 0xFF, 0xFF, 0x8B,
    0xFF, 0xF9, 0xBF, 0xFC, 0xBF, 0xF8, 0x01, 0xFF, 0xCB, 0xFF, 0x00, 0x0F, 0xFD, 0xBF, 0xF0, 0x00,
    0xFF, 0xDB, 0xFE, 0x00, 0x0B, 0xFD, 0xBF, 0xD0, 0x00, 0xBF, 0xDB, 0xFD, 0x00, 0x0B, 0xFD, 0xBF,
    0xD0, 0x00, 0xBF, 0xDB, 0xFD, 0x00, 0x0B, 0xFD, 0xBF, 0xD0, 0x00, 0xBF, 0xDB, 0xFD, 0x00, 0x0B,
    0xFD, 0xBF, 0xD0, 0x00, 0xBF, 0xDB, 0xFD, 0x00, 0x0B, 0xFD, 0xBF, 0xD0, 0x00, 0xBF, 0xDB, 0xFD,
    0x00, 0x0B, 0xFD, 0x00, 0x6A, 0xA0, 0x00, 0x00, 0x00, 0xFF, 0xE0, 0x00, 0x00, 0x00, 0xBF, 0xD0,
    0x00, 0x00, 0x00, 0xBF, 0xD0, 0x00, 0x00, 0x00, 0x7F, 0xC0, 0x00, 0x00, 0x00, 0x2F, 0x80, 0x00,
    0x00, 0x00, 0x00, 0x00, 0x00, 0x00, 0x59, 0x40, 0x00, 0x00, 0x7F, 0xFF, 0xE0, 0x00, 0x0B, 0xFF,
    0xFF, 0xF4, 0x00, 0xBF, 0xFF, 0xFF, 0xF4, 0x03, 0xFF, 0xD5, 0xFF, 0xF0, 0x2F, 0xFC, 0x00, 0xFF,
    0xD0, 0xFF, 0xC0, 0x01, 0xFF, 0xC3, 0xFF, 0x00, 0x03, 0xFF, 0x1F, 0xFC, 0x00, 0x0F, 0xFC, 0x7F,
    0xE0, 0x00, 0x3F, 0xF1, 0xFF, 0x80, 0x00, 0xFF, 0xC7, 0xFF, 0x00, 0x03, 0xFF, 0x0F, 0xFC, 0x00,
    0x0F, 0xFC, 0x3F, 0xF4, 0x00, 0xBF, 0xE0, 0xBF, 0xF0, 0x03, 0xFF, 0x40, 0xFF, 0xFA, 0xBF, 0xFC,
    0x01, 0xFF, 0xFF, 0xFF, 0xC0, 0x01, 0xFF, 0xFF, 0xFC, 0x00, 0x00, 0xBF, 0xFF, 0x80, 0x00, 0x00,
    0x05, 0x40, 0x00, 0x00, 0x00, 0x00, 0x06, 0xAA, 0x00, 0x00, 0x00, 0x3F, 0xF4, 0x00, 0x00, 0x03,
    0xFF, 0x40, 0x00, 0x00, 0x2F, 0xF0, 0x00, 0x00, 0x02, 0xFE, 0x00, 0x00, 0x00, 0x0F, 0xD0, 0x00,
    0x00, 0x00, 0x00, 0x00, 0x00, 0x00, 0x00, 0x59, 0x40, 0x00, 0x00, 0x7F, 0xFF, 0xE0, 0x00, 0x0B,
    0xFF, 0xFF, 0xF4, 0x00, 0xBF, 0xFF, 0xFF, 0xF4, 0x03, 0xFF, 0xD5, 0xFF, 0xF0, 0x2F, 0xFC, 0x00,
    0xFF, 0xD0, 0xFF, 0xC0, 0x01, 0xFF, 0xC3, 0xFF, 0x00, 0x03, 0xFF, 0x1F, 0xFC, 0x00, 0x0F, 0xFC,
    0x7F, 0xE0, 0x00, 0x3F, 0xF1, 0xFF, 0x80, 0x00, 0xFF, 0xC7, 0xFF, 0x00, 0x03, 0xFF, 0x0F, 0xFC,
    0x00, 0x0F, 0xFC, 0x3F, 0xF4, 0x00, 0xBF, 0xE0, 0xBF, 0xF0, 0x03, 0xFF, 0x40, 0xFF, 0xFA, 0xBF,
    0xFC, 0x01, 0xFF, 0xFF, 0xFF, 0xC0, 0x01, 0xFF, 0xFF, 0xFC, 0x00, 0x00, 0xBF, 0xFF, 0x80, 0x00,
    0x00, 0x05, 0x40, 0x00, 0x00, 0x00, 0x02, 0xAA, 0x00, 0x00, 0x00, 0x3F, 0xFE, 0x00, 0x00, 0x02,
    0xFF, 0xFE, 0x00, 0x00, 0x2F, 0xF7, 0xFD, 0x00, 0x01, 0xFF, 0x03, 0xFD, 0x00, 0x0F, 0xE0, 0x02,
    0xFC, 0x00, 0x00, 0x00, 0x00, 0x00, 0x00, 0x00, 0x59, 0x40, 0x00, 0x00, 0x7F, 0xFF, 0xE0, 0x00,
    0x0B, 0xFF, 0xFF, 0xF4, 0x00, 0xBF, 0xFF, 0xFF, 0xF4, 0x03, 0xFF, 0xD5, 0xFF, 0xF0, 0x2F, 0xFC,
    0x00, 0xFF, 0xD0, 0xFF, 0xC0, 0x01, 0xFF, 0xC3, 0xFF, 0x00, 0x03, 0xFF, 0x1F, 0xFC, 0x00, 0x0F,
    0xFC, 0x7F, 0xE0, 0x00, 0x3F, 0xF1, 0xFF, 0x80, 0x00, 0xFF, 0xC7, 0xFF, 0x00, 0x03, 0xFF, 0x0F,
    0xFC, 0x00, 0x0F, 0xFC, 0x3F, 0xF4, 0x00, 0xBF, 0xE0, 0xBF, 0xF0, 0x03, 0xFF, 0x40, 0xFF, 0xFA,
    0xBF, 0xFC, 0x01, 0xFF, 0xFF, 0xFF, 0xC0, 0x01, 0xFF, 0xFF, 0xFC, 0x00, 0x00, 0xBF, 0xFF, 0x80,
    0x00, 0x00, 0x05, 0x40, 0x00, 0x00, 0x00, 0x00, 0x00, 0x00, 0x00, 0x00, 0xFF, 0x80, 0x7D, 0x00,
    0x0F, 0xFF, 0xEB, 0xF0, 0x00, 0xBF, 0xFF, 0xFF, 0x80, 0x03, 0xF0, 0xBF, 0xFC, 0x00, 0x0F, 0x40,
    0x1E, 0x40, 0x00, 0x00, 0x00, 0x00, 0x00, 0x00, 0x00, 0x59, 0x40, 0x00, 0x00, 0x7F, 0xFF, 0xE0,
    0x00, 0x0B, 0xFF, 0xFF, 0xF4, 0x00, 0xBF, 0xFF, 0xFF, 0xF4, 0x03, 0xFF, 0xD5, 0xFF, 0xF0, 0x2F,
    0xFC, 0x00, 0xFF, 0xD0, 0xFF, 0xC0, 0x01, 0xFF, 0xC3, 0xFF, 0x00, 0x03, 0xFF, 0x1F, 0xFC, 0x00,
    0x0F, 0xFC, 0x7F, 0xE0, 0x00, 0x3F, 0xF1, 0xFF, 0x80, 0x00, 0xFF, 0xC7, 0xFF, 0x00, 0x03, 0xFF,
    0x0F, 0xFC, 0x00, 0x0F, 0xFC, 0x3F, 0xF4, 0x00, 0xBF, 0xE0, 0xBF, 0xF0, 0x03, 0xFF, 0x40, 0xFF,
    0xFA, 0xBF, 0xFC, 0x01, 0xFF, 0xFF, 0xFF, 0xC0, 0x01, 0xFF, 0xFF, 0xFC, 0x00, 0x00, 0xBF, 0xFF,
    0x80, 0x00, 0x00, 0x05, 0x40, 0x00, 0x00, 0x00, 0x00, 0x00, 0x00, 0x00, 0x02, 0xF4, 0x0B, 0xE0,
    0x00, 0x1F, 0xF0, 0x3F, 0xC0, 0x00, 0x7F, 0xC0, 0xFF, 0x40, 0x00, 0xFE, 0x03, 0xFC, 0x00, 0x00,
    0x40, 0x00, 0x00, 0x00, 0x00, 0x00, 0x00, 0x00, 0x00, 0x00, 0x59, 0x40, 0x00, 0x00, 0x7F, 0xFF,
    0xE0, 0x00, 0x0B, 0xFF, 0xFF, 0xF4, 0x00, 0xBF, 0xFF, 0xFF, 0xF4, 0x03, 0xFF, 0xD5, 0xFF, 0xF0,
    0x2F, 0xFC, 0x00, 0xFF, 0xD0, 0xFF, 0xC0, 0x01, 0xFF, 0xC3, 0xFF, 0x00, 0x03, 0xFF, 0x1F, 0xFC,
    0x00, 0x0F, 0xFC, 0x7F, 0xE0, 0x00, 0x3F, 0xF1, 0xFF, 0x80, 0x00, 0xFF, 0xC7, 0xFF, 0x00, 0x03,
    0xFF, 0x0F, 0xFC, 0x00, 0x0F, 0xFC, 0x3F, 0xF4, 0x00, 0xBF, 0xE0, 0xBF, 0xF0, 0x03, 0xFF, 0x40,
    0xFF, 0xFA, 0xBF, 0xFC, 0x01, 0xFF, 0xFF, 0xFF, 0xC0, 0x01, 0xFF, 0xFF, 0xFC, 0x00, 0x00, 0xBF,
    0xFF, 0x80, 0x00, 0x00, 0x05, 0x40, 0x00, 0x00, 0x00, 0x02, 0xE0, 0x00, 0x00, 0x02, 0xFE, 0x00,
    0x00, 0x00, 0xFF, 0xC0, 0x00, 0x00, 0x2F, 0xE0, 0x00, 0x00, 0x03, 0xF0, 0x00, 0x00, 0x00, 0x00,
    0x00, 0x06, 0xAA, 0xAA, 0xAA, 0xA6, 0xFF, 0xFF, 0xFF, 0xFE, 0xBF, 0xFF, 0xFF, 0xFF, 0xAF, 0xFF,
    0xFF, 0xFF, 0xE0, 0x00, 0x00, 0x00, 0x00, 0x00, 0x06, 0x40, 0x00, 0x00, 0x07, 0xF4, 0x00, 0x00,
    0x02, 0xFE, 0x00, 0x00, 0x00, 0xBF, 0x80, 0x00, 0x00, 0x1F, 0xD0, 0x00, 0x00, 0x00, 0x40, 0x00,
    0x00, 0x00, 0x00, 0x00, 0x00, 0x00, 0x00, 0x05, 0x94, 0x30, 0x00, 0x07, 0xFF, 0xFF, 0xF4, 0x00,
    0xBF, 0xFF, 0xFF, 0xD0, 0x0B, 0xFF, 0xFF, 0xFF, 0x00, 0x7F, 0xFE, 0x6F, 0xFF, 0x03, 0xFF, 0x80,
    0x7F, 0xFD, 0x0F, 0xFC, 0x03, 0xFF, 0xF8, 0x7F, 0xF0, 0x3F, 0xFF, 0xF1, 0xFF, 0x81, 0xFD, 0xFF,
    0xC7, 0xFE, 0x0F, 0xE3, 0xFF, 0x1F, 0xF8, 0xFF, 0x0F, 0xFC, 0x7F, 0xE7, 0xF0, 0x3F, 0xF0, 0xFF,
    0xFF, 0x80, 0xFF, 0xC3, 0xFF, 0xFC, 0x0B, 0xFE, 0x0B, 0xFF, 0xC0, 0x7F, 0xF4, 0x0F, 0xFF, 0xAF,
    0xFF, 0xC0, 0x1F, 0xFF, 0xFF, 0xFC, 0x00, 0x7F, 0xFF, 0xFF, 0xC0, 0x03, 0xFF, 0xFF, 0xF4, 0x00,
    0x02, 0xC0, 0x54, 0x00, 0x00, 0x00, 0x00, 0x00, 0x00, 0x00, 0x00, 0xAA, 0x90, 0x00, 0x00, 0x0B,
    0xFF, 0x00, 0x00, 0x00, 0x1F, 0xFC, 0x00, 0x00, 0x00, 0x7F, 0xE0, 0x00, 0x00, 0x00, 0xFF, 0x40,
    0x00, 0x00, 0x02, 0xFC, 0x00, 0x00, 0x00, 0x00, 0x00, 0x00, 0x00, 0x00, 0x00, 0x00, 0xBF, 0xD0,
    0x00, 0xFF, 0xCB, 0xFD, 0x00, 0x0F, 0xFC, 0xBF, 0xD0, 0x00, 0xFF, 0xCB, 0xFD, 0x00, 0x0F, 0xFC,
    0xBF, 0xD0, 0x00, 0xFF, 0xCB, 0xFD, 0x00, 0x0F, 0xFC, 0xBF, 0xD0, 0x00, 0xFF, 0xCB, 0xFD, 0x00,
    0x0F, 0xFC, 0xBF, 0xD0, 0x00, 0xFF, 0xCB, 0xFD, 0x00, 0x0F, 0xFC, 0xBF, 0xD0, 0x00, 0xFF, 0xCB,
    0xFD, 0x00, 0x0F, 0xFC, 0xBF, 0xE0, 0x02, 0xFF, 0xCB, 0xFF, 0x40, 0x7F, 0xFC, 0x7F, 0xFF, 0xBF,
    0xFF, 0xC3, 0xFF, 0xFF, 0xFF, 0xFC, 0x0F, 0xFF, 0xFE, 0x3F, 0xC0, 0x2F, 0xFF, 0x43, 0xFC, 0x00,
    0x05, 0x00, 0x00, 0x00, 0x00, 0x00, 0x0A, 0xA9, 0x00, 0x00, 0x02, 0xFF, 0xC0, 0x00, 0x00, 0xBF,
    0xE0, 0x00, 0x00, 0x1F, 0xF8, 0x00, 0x00, 0x03, 0xFD, 0x00, 0x00, 0x00, 0xBE, 0x00, 0x00, 0x00,
    0x00, 0x00, 0x00, 0x00, 0x00, 0x00, 0x00, 0x00, 0xBF, 0xD0, 0x00, 0xFF, 0xCB, 0xFD, 0x00, 0x0F,
    0xFC, 0xBF, 0xD0, 0x00, 0xFF, 0xCB, 0xFD, 0x00, 0x0F, 0xFC, 0xBF, 0xD0, 0x00, 0xFF, 0xCB, 0xFD,
    0x00, 0x0F, 0xFC, 0xBF, 0xD0, 0x00, 0xFF, 0xCB, 0xFD, 0x00, 0x0F, 0xFC, 0xBF, 0xD0, 0x00, 0xFF,
    0xCB, 0xFD, 0x00, 0x0F, 0xFC, 0xBF, 0xD0, 0x00, 0xFF, 0xCB, 0xFD, 0x00, 0x0F, 0xFC, 0xBF, 0xE0,
    0x02, 0xFF, 0xCB, 0xFF, 0x40, 0x7F, 0xFC, 0x7F, 0xFF, 0xBF, 0xFF, 0xC3, 0xFF, 0xFF, 0xFF, 0xFC,
    0x0F, 0xFF, 0xFE, 0x3F, 0xC0, 0x2F, 0xFF, 0x43, 0xFC, 0x00, 0x05, 0x00, 0x00, 0x00, 0x00, 0x06,
    0xA9, 0x00, 0x00, 0x01, 0xFF, 0xF0, 0x00, 0x00, 0x7F, 0xFF, 0xC0, 0x00, 0x0F, 0xF6, 0xFE, 0x00,
    0x03, 0xFD, 0x0B, 0xF8, 0x00, 0xBE, 0x00, 0x1F, 0xD0, 0x00, 0x00, 0x00, 0x00, 0x00, 0x00, 0x00,
    0x00, 0x00, 0xBF, 0xD0, 0x00, 0xFF, 0xCB, 0xFD, 0x00, 0x0F, 0xFC, 0xBF, 0xD0, 0x00, 0xFF, 0xCB,
    0xFD, 0x00, 0x0F, 0xFC, 0xBF, 0xD0, 0x00, 0xFF, 0xCB, 0xFD, 0x00, 0x0F, 0xFC, 0xBF, 0xD0, 0x00,
    0xFF, 0xCB, 0xFD, 0x00, 0x0F, 0xFC, 0xBF, 0xD0, 0x00, 0xFF, 0xCB, 0xFD, 0x00, 0x0F, 0xFC, 0xBF,
    0xD0, 0x00, 0xFF, 0xCB, 0xFD, 0x00, 0x0F, 0xFC, 0xBF, 0xE0, 0x02, 0xFF, 0xCB, 0xFF, 0x40, 0x7F,
    0xFC, 0x7F, 0xFF, 0xBF, 0xFF, 0xC3, 0xFF, 0xFF, 0xFF, 0xFC, 0x0F, 0xFF, 0xFE, 0x3F, 0xC0, 0x2F,
    0xFF, 0x43, 0xFC, 0x00, 0x05, 0x00, 0x00, 0x00, 0x00, 0x00, 0x00, 0x00, 0x00, 0x1F, 0xC0, 0x7F,
    0x00, 0x03, 0xFD, 0x0F, 0xF8, 0x00, 0x3F, 0xD0, 0xFF, 0x80, 0x02, 0xFC, 0x07, 0xF4, 0x00, 0x01,
    0x00, 0x04, 0x00, 0x00, 0x00, 0x00, 0x00, 0x00, 0x00, 0x00, 0x00, 0x00, 0xBF, 0xD0, 0x00, 0xFF,
    0xCB, 0xFD, 0x00, 0x0F, 0xFC, 0xBF, 0xD0, 0x00, 0xFF, 0xCB, 0xFD, 0x00, 0x0F, 0xFC, 0xBF, 0xD0,
    0x00, 0xFF, 0xCB, 0xFD, 0x00, 0x0F, 0xFC, 0xBF, 0xD0, 0x00, 0xFF, 0xCB, 0xFD, 0x00, 0x0F, 0xFC,
    0xBF, 0xD0, 0x00, 0xFF, 0xCB, 0xFD, 0x00, 0x0F, 0xFC, 0xBF, 0xD0, 0x00, 0xFF, 0xCB, 0xFD, 0x00,
    0x0F, 0xFC, 0xBF, 0xE0, 0x02, 0xFF, 0xCB, 0xFF, 0x40, 0x7F, 0xFC, 0x7F, 0xFF, 0xBF, 0xFF, 0xC3,
    0xFF, 0xFF, 0xFF, 0xFC, 0x0F, 0xFF, 0xFE, 0x3F, 0xC0, 0x2F, 0xFF, 0x43, 0xFC, 0x00, 0x05, 0x00,
    0x00, 0x00, 0x00, 0x00, 0x06, 0xAA, 0x00, 0x00, 0x00, 0x0F, 0xFE, 0x00, 0x00, 0x00, 0x3F, 0xF4,
    0x00, 0x00, 0x00, 0xBF, 0xD0, 0x00, 0x00, 0x01, 0xFF, 0x00, 0x00, 0x00, 0x03, 0xF8, 0x00, 0x00,
    0x00, 0x00, 0x00, 0x00, 0x00, 0x00, 0x00, 0x00, 0x00, 0x00, 0xBF, 0xE0, 0x00, 0x1F, 0xFC, 0x7F,
    0xF0, 0x00, 0x2F, 0xF4, 0x3F, 0xF0, 0x00, 0x3F, 0xF0, 0x2F, 0xF8, 0x00, 0x7F, 0xE0, 0x0F, 0xFC,
    0x00, 0xBF, 0xD0, 0x0B, 0xFC, 0x00, 0xFF, 0xC0, 0x07, 0xFE, 0x01, 0xFF, 0x80, 0x03, 0xFF, 0x02,
    0xFF, 0x00, 0x02, 0xFF, 0x03, 0xFF, 0x00, 0x00, 0xFF, 0x87, 0xFD, 0x00, 0x00, 0xBF, 0xCB, 0xFC,
    0x00, 0x00, 0x7F, 0xCF, 0xF8, 0x00, 0x00, 0x3F, 0xEF, 0xF4, 0x00, 0x00, 0x2F, 0xFF, 0xF0, 0x00,
    0x00, 0x0F, 0xFF, 0xE0, 0x00, 0x00, 0x0B, 0xFF, 0xC0, 0x00, 0x00, 0x07, 0xFF, 0xC0, 0x00, 0x00,
    0x03, 0xFF, 0x40, 0x00, 0x00, 0x03, 0xFF, 0x00, 0x00, 0x00, 0x07, 0xFE, 0x00, 0x00, 0x00, 0x0F,
    0xFC, 0x00, 0x00, 0x00, 0x7F, 0xFC, 0x00, 0x00, 0x3F, 0xFF, 0xF0, 0x00, 0x00, 0x3F, 0xFF, 0xE0,
    0x00, 0x00, 0x3F, 0xFF, 0x40, 0x00, 0x00, 0x2F, 0xF8, 0x00, 0x00, 0x00, 0x15, 0x40, 0x00, 0x00,
    0x0B, 0xFD, 0x00, 0x00, 0x00, 0xBF, 0xD0, 0x00, 0x00, 0x0B, 0xFD, 0x00, 0x00, 0x00, 0xBF, 0xD0,
    0x00, 0x00, 0x0B, 0xFD, 0x00, 0x00, 0x00, 0xBF, 0xD0, 0x00, 0x00, 0x0B, 0xFD, 0x01, 0x94, 0x00,
    0xBF, 0xD3, 0xFF, 0xF0, 0x0B, 0xFD, 0xFF, 0xFF, 0xD0, 0xBF, 0xFF, 0xFF, 0xFF, 0x0B, 0xFF, 0xEA,
    0xFF, 0xF8, 0xBF, 0xF4, 0x02, 0xFF, 0xCB, 0xFF, 0x00, 0x0F, 0xFC, 0xBF, 0xE0, 0x00, 0xFF, 0xDB,
    0xFE, 0x00, 0x0B, 0xFD, 0xBF, 0xD0, 0x00, 0xBF, 0xDB, 0xFD, 0x00, 0x0B, 0xFD, 0xBF, 0xE0, 0x00,
    0xBF, 0xDB, 0xFE, 0x00, 0x0F, 0xFD, 0xBF, 0xF0, 0x00, 0xFF, 0xCB, 0xFF, 0x80, 0x3F, 0xFC, 0xBF,
    0xFF, 0xFF, 0xFF, 0x4B, 0xFF, 0xFF, 0xFF, 0xF0, 0xBF, 0xDF, 0xFF, 0xFC, 0x0B, 0xFD, 0x2F, 0xFE,
    0x00, 0xBF, 0xD0, 0x15, 0x00, 0x0B, 0xFD, 0x00, 0x00, 0x00, 0xBF, 0xD0, 0x00, 0x00, 0x0B, 0xFD,
    0x00, 0x00, 0x00, 0xBF, 0xD0, 0x00, 0x00, 0x0B, 0xFD, 0x00, 0x00, 0x00, 0xBF, 0xD0, 0x00, 0x00,
    0x0B, 0xFD, 0x00, 0x00, 0x00, 0x00, 0x00, 0x00, 0x00, 0x00, 0x00, 0xBE, 0x02, 0xF8, 0x00, 0x01,
    0xFF, 0x03, 0xFD, 0x00, 0x01, 0xFF, 0x03, 0xFD, 0x00, 0x00, 0xFF, 0x02, 0xFC, 0x00, 0x00, 0x10,
    0x00, 0x10, 0x00, 0x00, 0x00, 0x00, 0x00, 0x00, 0x00, 0x00, 0x00, 0x00, 0x00, 0xBF, 0xE0, 0x00,
    0x1F, 0xFC, 0x7F, 0xF0, 0x00, 0x2F, 0xF4, 0x3F, 0xF0, 0x00, 0x3F, 0xF0, 0x2F, 0xF8, 0x00, 0x7F,
    0xE0, 0x0F, 0xFC, 0x00, 0xBF, 0xD0, 0x0B, 0xFC, 0x00, 0xFF, 0xC0, 0x07, 0xFE, 0x01, 0xFF, 0x80,
    0x03, 0xFF, 0x02, 0xFF, 0x00, 0x02, 0xFF, 0x03, 0xFF, 0x00, 0x00, 0xFF, 0x87, 0xFD, 0x00, 0x00,
    0xBF, 0xCB, 0xFC, 0x00, 0x00, 0x7F, 0xCF, 0xF8, 0x00, 0x00, 0x3F, 0xEF, 0xF4, 0x00, 0x00, 0x2F,
    0xFF, 0xF0, 0x00, 0x00, 0x0F, 0xFF, 0xE0, 0x00, 0x00, 0x0B, 0xFF, 0xC0, 0x00, 0x00, 0x07, 0xFF,
    0xC0, 0x00, 0x00, 0x03, 0xFF, 0x40, 0x00, 0x00, 0x03, 0xFF, 0x00, 0x00, 0x00, 0x07, 0xFE, 0x00,
    0x00, 0x00, 0x0F, 0xFC, 0x00, 0x00, 0x00, 0x7F, 0xFC, 0x00, 0x00, 0x3F, 0xFF, 0xF0, 0x00, 0x00,
    0x3F, 0xFF, 0xE0, 0x00, 0x00, 0x3F, 0xFF, 0x40, 0x00, 0x00, 0x2F, 0xF8, 0x00, 0x00, 0x00, 0x00,
    0x05, 0x55, 0x55, 0x40, 0x00, 0x00, 0x0F, 0xFF, 0xFF, 0xC0, 0x00, 0x00, 0x0F, 0xFF, 0xFF, 0xC0,
    0x00, 0x00, 0x0F, 0xFF, 0xFF, 0xC0, 0x00, 0x00, 0x00, 0x00, 0x00, 0x00, 0x00, 0x00, 0x00, 0x00,
    0x00, 0x00, 0x00, 0x00, 0x00, 0xBF, 0xF8, 0x00, 0x00, 0x00, 0x00, 0xFF, 0xFC, 0x00, 0x00, 0x00,
    0x01, 0xFF, 0xFD, 0x00, 0x00, 0x00, 0x03, 0xFF, 0xFF, 0x00, 0x00, 0x00, 0x03, 0xFE, 0xFF, 0x00,
    0x00, 0x00, 0x0B, 0xFC, 0xFF, 0x80, 0x00, 0x00, 0x0F, 0xFC, 0xFF, 0xC0, 0x00, 0x00, 0x0F, 0xF8,
    0xBF, 0xC0, 0x00, 0x00, 0x2F, 0xF4, 0x3F, 0xE0, 0x00, 0x00, 0x3F, 0xF0, 0x3F, 0xF0, 0x00, 0x00,
    0x7F, 0xE0, 0x2F, 0xF4, 0x00, 0x00, 0xBF, 0xD0, 0x1F, 0xF8, 0x00, 0x00, 0xFF, 0xC0, 0x0F, 0xFC,
    0x00, 0x01, 0xFF, 0x80, 0x0B, 0xFD, 0x00, 0x02, 0xFF, 0xFF, 0xFF, 0xFE, 0x00, 0x03, 0xFF, 0xFF,
    0xFF, 0xFF, 0x00, 0x07, 0xFF, 0xFF, 0xFF, 0xFF, 0x40, 0x0B, 0xFF, 0xFF, 0xFF, 0xFF, 0xC0, 0x0F,
    0xFE, 0x55, 0x56, 0xFF, 0xC0, 0x1F, 0xFC, 0x00, 0x00, 0xFF, 0xD0, 0x3F, 0xF8, 0x00, 0x00, 0xBF,
    0xF0, 0x3F, 0xF4, 0x00, 0x00, 0x7F, 0xF0, 0x7F, 0xF0, 0x00, 0x00, 0x3F, 0xF8, 0xFF, 0xE0, 0x00,
    0x00, 0x2F, 0xFC, 0x01, 0x55, 0x55, 0x54, 0x00, 0xBF, 0xFF, 0xFE, 0x00, 0x2F, 0xFF, 0xFF, 0x80,
    0x07, 0xFF, 0xFF, 0xD0, 0x00, 0x00, 0x00, 0x00, 0x00, 0x01, 0x59, 0x40, 0x00, 0x1F, 0xFF, 0xFF,
    0x00, 0x2F, 0xFF, 0xFF, 0xF0, 0x03, 0xFF, 0xFF, 0xFF, 0x00, 0xBD, 0x42, 0xFF, 0xD0, 0x00, 0x00,
    0x2F, 0xF4, 0x00, 0x00, 0x07, 0xFE, 0x00, 0x00, 0x56, 0xFF, 0x80, 0x6F, 0xFF, 0xFF, 0xE0, 0xBF,
    0xFF, 0xFF, 0xF8, 0xFF, 0xFF, 0xAF, 0xFE, 0x7F, 0xF4, 0x01, 0xFF, 0xAF, 0xF8, 0x00, 0x7F, 0xEB,
    0xFD, 0x00, 0x2F, 0xFA, 0xFF, 0x80, 0x1F, 0xFE, 0x7F, 0xF9, 0x6F, 0xFF, 0x8F, 0xFF, 0xFF, 0xFF,
    0xE1, 0xFF, 0xFF, 0xC7, 0xF8, 0x1F, 0xFF, 0x80, 0xFE, 0x00, 0x14, 0x00, 0x00, 0x00, 0x00, 0x1A,
    0x00, 0x01, 0xA0, 0x00, 0x00, 0x1F, 0x80, 0x07, 0xF0, 0x00, 0x00, 0x0F, 0xFA, 0xBF, 0xE0, 0x00,
    0x00, 0x07, 0xFF, 0xFF, 0xC0, 0x00, 0x00, 0x01, 0xFF, 0xFF, 0x00, 0x00, 0x00, 0x00, 0x1B, 0xE4,
    0x00, 0x00, 0x00, 0x00, 0x00, 0x00, 0x00, 0x00, 0x00, 0x00, 0x00, 0x00, 0x00, 0x00, 0x00, 0x00,
    0xBF, 0xF8, 0x00, 0x00, 0x00, 0x00, 0xFF, 0xFC, 0x00, 0x00, 0x00, 0x01, 0xFF, 0xFD, 0x00, 0x00,
    0x00, 0x03, 0xFF, 0xFF, 0x00, 0x00, 0x00, 0x03, 0xFE, 0xFF, 0x00, 0x00, 0x00, 0x0B, 0xFC, 0xFF,
    0x80, 0x00, 0x00, 0x0F, 0xFC, 0xFF, 0xC0, 0x00, 0x00, 0x0F, 0xF8, 0xBF, 0xC0, 0x00, 0x00, 0x2F,
    0xF4, 0x3F, 0xE0, 0x00, 0x00, 0x3F, 0xF0, 0x3F, 0xF0, 0x00, 0x00, 0x7F, 0xE0, 0x2F, 0xF4, 0x00,
    0x00, 0xBF, 0xD0, 0x1F, 0xF8, 0x00, 0x00, 0xFF, 0xC0, 0x0F, 0xFC, 0x00, 0x01, 0xFF, 0x80, 0x0B,
    0xFD, 0x00, 0x02, 0xFF, 0xFF, 0xFF, 0xFE, 0x00, 0x03, 0xFF, 0xFF, 0xFF, 0xFF, 0x00, 0x07, 0xFF,
    0xFF, 0xFF, 0xFF, 0x40, 0x0B, 0xFF, 0xFF, 0xFF, 0xFF, 0xC0, 0x0F, 0xFE, 0x55, 0x56, 0xFF, 0xC0,
    0x1F, 0xFC, 0x00, 0x00, 0xFF, 0xD0, 0x3F, 0xF8, 0x00, 0x00, 0xBF, 0xF0, 0x3F, 0xF4, 0x00, 0x00,
    0x7F, 0xF0, 0x7F, 0xF0, 0x00, 0x00, 0x3F, 0xF8, 0xFF, 0xE0, 0x00, 0x00, 0x2F, 0xFC, 0x02, 0xA0,
    0x00, 0x29, 0x00, 0xFC, 0x00, 0x2F, 0x80, 0x2F, 0xFA, 0xFF, 0xC0, 0x03, 0xFF, 0xFF, 0xD0, 0x00,
    0x3F, 0xFF, 0xD0, 0x00, 0x01, 0xBE, 0x40, 0x00, 0x00, 0x00, 0x00, 0x00, 0x00, 0x15, 0x94, 0x00,
    0x01, 0xFF, 0xFF, 0xF0, 0x02, 0xFF, 0xFF, 0xFF, 0x00, 0x3F, 0xFF, 0xFF, 0xF0, 0x0B, 0xD4, 0x2F,
    0xFD, 0x00, 0x00, 0x02, 0xFF, 0x40, 0x00, 0x00, 0x7F, 0xE0, 0x00, 0x05, 0x6F, 0xF8, 0x06, 0xFF,
    0xFF, 0xFE, 0x0B, 0xFF, 0xFF, 0xFF, 0x8F, 0xFF, 0xFA, 0xFF, 0xE7, 0xFF, 0x40, 0x1F, 0xFA, 0xFF,
    0x80, 0x07, 0xFE, 0xBF, 0xD0, 0x02, 0xFF, 0xAF, 0xF8, 0x01, 0xFF, 0xE7, 0xFF, 0x96, 0xFF, 0xF8,
    0xFF, 0xFF, 0xFF, 0xFE, 0x1F, 0xFF, 0xFC, 0x7F, 0x81, 0xFF, 0xF8, 0x0F, 0xE0, 0x01, 0x40, 0x00,
    0x00, 0x00, 0x00, 0xBF, 0xF8, 0x00, 0x00, 0x00, 0x00, 0xFF, 0xFC, 0x00, 0x00, 0x00, 0x01, 0xFF,
    0xFD, 0x00, 0x00, 0x00, 0x03, 0xFF, 0xFF, 0x00, 0x00, 0x00, 0x03, 0xFE, 0xFF, 0x00, 0x00, 0x00,
    0x0B, 0xFC, 0xFF, 0x80, 0x00, 0x00, 0x0F, 0xFC, 0xFF, 0xC0, 0x00, 0x00, 0x0F, 0xF8, 0xBF, 0xC0,
    0x00, 0x00, 0x2F, 0xF4, 0x3F, 0xE0, 0x00, 0x00, 0x3F, 0xF0, 0x3F, 0xF0, 0x00, 0x00, 0x7F, 0xE0,
    0x2F, 0xF4, 0x00, 0x00, 0xBF, 0xD0, 0x1F, 0xF8, 0x00, 0x00, 0xFF, 0xC0, 0x0F, 0xFC, 0x00, 0x01,
    0xFF, 0x80, 0x0B, 0xFD, 0x00, 0x02, 0xFF, 0xFF, 0xFF, 0xFE, 0x00, 0x03, 0xFF, 0xFF, 0xFF, 0xFF,
    0x00, 0x07, 0xFF, 0xFF, 0xFF, 0xFF, 0x40, 0x0B, 0xFF, 0xFF, 0xFF, 0xFF, 0xC0, 0x0F, 0xFE, 0x55,
    0x56, 0xFF, 0xC0, 0x1F, 0xFC, 0x00, 0x00, 0xFF, 0xD0, 0x3F, 0xF8, 0x00, 0x00, 0xBF, 0xF0, 0x3F,
    0xF4, 0x00, 0x00, 0x7F, 0xF0, 0x7F, 0xF0, 0x00, 0x00, 0x3F, 0xF8, 0xFF, 0xE0, 0x00, 0x00, 0x2F,
    0xFC, 0x00, 0x00, 0x00, 0x00, 0x0F, 0xD0, 0x00, 0x00, 0x00, 0x00, 0x3F, 0x40, 0x00, 0x00, 0x00,
    0x00, 0x7F, 0x00, 0x00, 0x00, 0x00, 0x00, 0xFE, 0x00, 0x00, 0x00, 0x00, 0x00, 0xFF, 0x54, 0x00,
    0x00, 0x00, 0x00, 0xBF, 0xF8, 0x00, 0x00, 0x00, 0x00, 0x3F, 0xF8, 0x00, 0x00, 0x00, 0x00, 0x06,
    0xA4, 0x00, 0x05, 0x65, 0x00, 0x00, 0x7F, 0xFF, 0xFC, 0x00, 0xBF, 0xFF, 0xFF, 0xC0, 0x0F, 0xFF,
    0xFF, 0xFC, 0x02, 0xF5, 0x0B, 0xFF, 0x40, 0x00, 0x00, 0xBF, 0xD0, 0x00, 0x00, 0x1F, 0xF8, 0x00,
    0x01, 0x5B, 0xFE, 0x01, 0xBF, 0xFF, 0xFF, 0x82, 0xFF, 0xFF, 0xFF, 0xE3, 0xFF, 0xFE, 0xBF, 0xF9,
    0xFF, 0xD0, 0x07, 0xFE, 0xBF, 0xE0, 0x01, 0xFF, 0xAF, 0xF4, 0x00, 0xBF, 0xEB, 0xFE, 0x00, 0x7F,
    0xF9, 0xFF, 0xE5, 0xBF, 0xFE, 0x3F, 0xFF, 0xFF, 0xFF, 0x87, 0xFF, 0xFF, 0x1F, 0xE0, 0x7F, 0xFE,
    0x03, 0xF8, 0x00, 0x50, 0x02, 0xF8, 0x00, 0x00, 0x02, 0xF8, 0x00, 0x00, 0x00, 0xFC, 0x00, 0x00,
    0x00, 0xBF, 0x00, 0x00, 0x00, 0x2F, 0xD5, 0x00, 0x00, 0x07, 0xFF, 0xC0, 0x00, 0x00, 0xFF, 0xF0,
    0x00, 0x00, 0x06, 0xA4, 0x00, 0x00, 0x00, 0x6A, 0xA0, 0x00, 0x00, 0x00, 0xFF, 0xD0, 0x00, 0x00,
    0x03, 0xFF, 0x40, 0x00, 0x00, 0x0F, 0xFC, 0x00, 0x00, 0x00, 0x2F, 0xE0, 0x00, 0x00, 0x00, 0x3F,
    0x40, 0x00, 0x00, 0x00, 0x00, 0x00, 0x00, 0x00, 0x00, 0x00, 0x00, 0x00, 0x00, 0x01, 0xBF, 0xFF,
    0x90, 0x00, 0x0F, 0xFF, 0xFF, 0xFC, 0x00, 0x7F, 0xFF, 0xFF, 0xFC, 0x01, 0xFF, 0xFF, 0xFF, 0xF8,
    0x03, 0xFF, 0xF4, 0x06, 0xF0, 0x0B, 0xFF, 0x40, 0x00, 0x10, 0x0F, 0xFE, 0x00, 0x00, 0x00, 0x2F,
    0xFC, 0x00, 0x00, 0x00, 0x3F, 0xF8, 0x00, 0x00, 0x00, 0x3F, 0xF4, 0x00, 0x00, 0x00, 0x3F, 0xF0,
    0x00, 0x00, 0x00, 0x3F, 0xF0, 0x00, 0x00, 0x00, 0x3F, 0xF0, 0x00, 0x00, 0x00, 0x3F, 0xF0, 0x00,
    0x00, 0x00, 0x3F, 0xF4, 0x00, 0x00, 0x00, 0x3F, 0xF8, 0x00, 0x00, 0x00, 0x2F, 0xFC, 0x00, 0x00,
    0x00, 0x1F, 0xFD, 0x00, 0x00, 0x00, 0x0F, 0xFF, 0x00, 0x00, 0x00, 0x0B, 0xFF, 0xE0, 0x01, 0xB4,
    0x03, 0xFF, 0xFF, 0xFF, 0xF4, 0x00, 0xFF, 0xFF, 0xFF, 0xF4, 0x00, 0x2F, 0xFF, 0xFF, 0xF4, 0x00,
    0x06, 0xFF, 0xFF, 0xD0, 0x00, 0x00, 0x05, 0x50, 0x00, 0x00, 0x00, 0x0A, 0xA8, 0x00, 0x00, 0x3F,
    0xF8, 0x00, 0x00, 0xBF, 0xE0, 0x00, 0x02, 0xFF, 0x40, 0x00, 0x07, 0xFC, 0x00, 0x00, 0x0F, 0xE0,
    0x00, 0x00, 0x00, 0x00, 0x00, 0x00, 0x01, 0x69, 0x00, 0x00, 0x6F, 0xFF, 0xF8, 0x02, 0xFF, 0xFF,
    0xFC, 0x0B, 0xFF, 0xFF, 0xF8, 0x0F, 0xFF, 0xAA, 0xF0, 0x2F, 0xFC, 0x00, 0x10, 0x3F, 0xF4, 0x00,
    0x00, 0x3F, 0xF0, 0x00, 0x00, 0x7F, 0xF0, 0x00, 0x00, 0x7F, 0xE0, 0x00, 0x00, 0x7F, 0xE0, 0x00,
    0x00, 0x7F, 0xF0, 0x00, 0x00, 0x3F, 0xF0, 0x00, 0x00, 0x3F, 0xF4, 0x00, 0x00, 0x2F, 0xFD, 0x00,
    0x28, 0x0F, 0xFF, 0xEF, 0xFC, 0x0B, 0xFF, 0xFF, 0xFC, 0x02, 0xFF, 0xFF, 0xFC, 0x00, 0x2F, 0xFF,
    0xE0, 0x00, 0x00, 0x54, 0x00, 0x00, 0x00, 0x2A, 0xA0, 0x00, 0x00, 0x00, 0xFF, 0xF8, 0x00, 0x00,
    0x02, 0xFF, 0xFD, 0x00, 0x00, 0x0B, 0xFD, 0xFF, 0x40, 0x00, 0x1F, 0xE0, 0x3F, 0xD0, 0x00, 0x3F,
    0x40, 0x0B, 0xF0, 0x00, 0x00, 0x00, 0x00, 0x00, 0x00, 0x00, 0x00, 0x00, 0x00, 0x00, 0x01, 0xBF,
    0xFF, 0x90, 0x00, 0x0F, 0xFF, 0xFF, 0xFC, 0x00, 0x7F, 0xFF, 0xFF, 0xFC, 0x01, 0xFF, 0xFF, 0xFF,
    0xF8, 0x03, 0xFF, 0xF4, 0x06, 0xF0, 0x0B, 0xFF, 0x40, 0x00, 0x10, 0x0F, 0xFE, 0x00, 0x00, 0x00,
    0x2F, 0xFC, 0x00, 0x00, 0x00, 0x3F, 0xF8, 0x00, 0x00, 0x00, 0x3F, 0xF4, 0x00, 0x00, 0x00, 0x3F,
    0xF0, 0x00, 0x00, 0x00, 0x3F, 0xF0, 0x00, 0x00, 0x00, 0x3F, 0xF0, 0x00, 0x00, 0x00, 0x3F, 0xF0,
    0x00, 0x00, 0x00, 0x3F, 0xF4, 0x00, 0x00, 0x00, 0x3F, 0xF8, 0x00, 0x00, 0x00, 0x2F, 0xFC, 0x00,
    0x00, 0x00, 0x1F, 0xFD, 0x00, 0x00, 0x00, 0x0F, 0xFF, 0x00, 0x00, 0x00, 0x0B, 0xFF, 0xE0, 0x01,
    0xB4, 0x03, 0xFF, 0xFF, 0xFF, 0xF4, 0x00, 0xFF, 0xFF, 0xFF, 0xF4, 0x00, 0x2F, 0xFF, 0xFF, 0xF4,
    0x00, 0x06, 0xFF, 0xFF, 0xD0, 0x00, 0x00, 0x05, 0x50, 0x00, 0x00, 0x0A, 0xA8, 0x00, 0x00, 0x2F,
    0xFF, 0x00, 0x00, 0x7F, 0xFF, 0x80, 0x01, 0xFF, 0x7F, 0xE0, 0x03, 0xFC, 0x0B, 0xF8, 0x0B, 0xE0,
    0x01, 0xFC, 0x00, 0x00, 0x00, 0x00, 0x00, 0x01, 0x69, 0x00, 0x00, 0x6F, 0xFF, 0xF8, 0x02, 0xFF,
    0xFF, 0xFC, 0x0B, 0xFF, 0xFF, 0xF8, 0x0F, 0xFF, 0xAA, 0xF0, 0x2F, 0xFC, 0x00, 0x10, 0x3F, 0xF4,
    0x00, 0x00, 0x3F, 0xF0, 0x00, 0x00, 0x7F, 0xF0, 0x00, 0x00, 0x7F, 0xE0, 0x00, 0x00, 0x7F, 0xE0,
    0x00, 0x00, 0x7F, 0xF0, 0x00, 0x00, 0x3F, 0xF0, 0x00, 0x00, 0x3F, 0xF4, 0x00, 0x00, 0x2F, 0xFD,
    0x00, 0x28, 0x0F, 0xFF, 0xEF, 0xFC, 0x0B, 0xFF, 0xFF, 0xFC, 0x02, 0xFF, 0xFF, 0xFC, 0x00, 0x2F,
    0xFF, 0xE0, 0x00, 0x00, 0x54, 0x00, 0x00, 0x00, 0x05, 0x00, 0x00, 0x00, 0x00, 0x3F, 0xE0, 0x00,
    0x00, 0x00, 0x7F, 0xF0, 0x00, 0x00, 0x00, 0x7F, 0xF0, 0x00, 0x00, 0x00, 0x3F, 0xE0, 0x00, 0x00,
    0x00, 0x06, 0x40, 0x00, 0x00, 0x00, 0x00, 0x00, 0x00, 0x00, 0x00, 0x00, 0x00, 0x00, 0x00, 0x01,
    0xBF, 0xFF, 0x90, 0x00, 0x0F, 0xFF, 0xFF, 0xFC, 0x00, 0x7F, 0xFF, 0xFF, 0xFC, 0x01, 0xFF, 0xFF,
    0xFF, 0xF8, 0x03, 0xFF, 0xF4, 0x06, 0xF0, 0x0B, 0xFF, 0x40, 0x00, 0x10, 0x0F, 0xFE, 0x00, 0x00,
    0x00, 0x2F, 0xFC, 0x00, 0x00, 0x00, 0x3F, 0xF8, 0x00, 0x00, 0x00, 0x3F, 0xF4, 0x00, 0x00, 0x00,
    0x3F, 0xF0, 0x00, 0x00, 0x00, 0x3F, 0xF0, 0x00, 0x00, 0x00, 0x3F, 0xF0, 0x00, 0x00, 0x00, 0x3F,
    0xF0, 0x00, 0x00, 0x00, 0x3F, 0xF4, 0x00, 0x00, 0x00, 0x3F, 0xF8, 0x00, 0x00, 0x00, 0x2F, 0xFC,
    0x00, 0x00, 0x00, 0x1F, 0xFD, 0x00, 0x00, 0x00, 0x0F, 0xFF, 0x00, 0x00, 0x00, 0x0B, 0xFF, 0xE0,
    0x01, 0xB4, 0x03, 0xFF, 0xFF, 0xFF, 0xF4, 0x00, 0xFF, 0xFF, 0xFF, 0xF4, 0x00, 0x2F, 0xFF, 0xFF,
    0xF4, 0x00, 0x06, 0xFF, 0xFF, 0xD0, 0x00, 0x00, 0x05, 0x50, 0x00, 0x00, 0x00, 0x50, 0x00, 0x00,
    0x0B, 0xFC, 0x00, 0x00, 0x0F, 0xFD, 0x00, 0x00, 0x0F, 0xFD, 0x00, 0x00, 0x0B, 0xFC, 0x00, 0x00,
    0x01, 0x90, 0x00, 0x00, 0x00, 0x00, 0x00, 0x00, 0x01, 0x69, 0x00, 0x00, 0x6F, 0xFF, 0xF8, 0x02,
    0xFF, 0xFF, 0xFC, 0x0B, 0xFF, 0xFF, 0xF8, 0x0F, 0xFF, 0xAA, 0xF0, 0x2F, 0xFC, 0x00, 0x10, 0x3F,
    0xF4, 0x00, 0x00, 0x3F, 0xF0, 0x00, 0x00, 0x7F, 0xF0, 0x00, 0x00, 0x7F, 0xE0, 0x00, 0x00, 0x7F,
    0xE0, 0x00, 0x00, 0x7F, 0xF0, 0x00, 0x00, 0x3F, 0xF0, 0x00, 0x00, 0x3F, 0xF4, 0x00, 0x00, 0x2F,
    0xFD, 0x00, 0x28, 0x0F, 0xFF, 0xEF, 0xFC, 0x0B, 0xFF, 0xFF, 0xFC, 0x02, 0xFF, 0xFF, 0xFC, 0x00,
    0x2F, 0xFF, 0xE0, 0x00, 0x00, 0x54, 0x00, 0x00, 0x2A, 0x00, 0x01, 0xA4, 0x00, 0x2F, 0xE0, 0x0F,
    0xF4, 0x00, 0x0F, 0xF8, 0x7F, 0xD0, 0x00, 0x03, 0xFF, 0xFF, 0x40, 0x00, 0x00, 0xFF, 0xFE, 0x00,
    0x00, 0x00, 0x7F, 0xF8, 0x00, 0x00, 0x00, 0x00, 0x00, 0x00, 0x00, 0x00, 0x00, 0x00, 0x00, 0x00,
    0x01, 0xBF, 0xFF, 0x90, 0x00, 0x0F, 0xFF, 0xFF, 0xFC, 0x00, 0x7F, 0xFF, 0xFF, 0xFC, 0x01, 0xFF,
    0xFF, 0xFF, 0xF8, 0x03, 0xFF, 0xF4, 0x06, 0xF0, 0x0B, 0xFF, 0x40, 0x00, 0x10, 0x0F, 0xFE, 0x00,
    0x00, 0x00, 0x2F, 0xFC, 0x00, 0x00, 0x00, 0x3F, 0xF8, 0x00, 0x00, 0x00, 0x3F, 0xF4, 0x00, 0x00,
    0x00, 0x3F, 0xF0, 0x00, 0x00, 0x00, 0x3F, 0xF0, 0x00, 0x00, 0x00, 0x3F, 0xF0, 0x00, 0x00, 0x00,
    0x3F, 0xF0, 0x00, 0x00, 0x00, 0x3F, 0xF4, 0x00, 0x00, 0x00, 0x3F, 0xF8, 0x00, 0x00, 0x00, 0x2F,
    0xFC, 0x00, 0x00, 0x00, 0x1F, 0xFD, 0x00, 0x00, 0x00, 0x0F, 0xFF, 0x00, 0x00, 0x00, 0x0B, 0xFF,
    0xE0, 0x01, 0xB4, 0x03, 0xFF, 0xFF, 0xFF, 0xF4, 0x00, 0xFF, 0xFF, 0xFF, 0xF4, 0x00, 0x2F, 0xFF,
    0xFF, 0xF4, 0x00, 0x06, 0xFF, 0xFF, 0xD0, 0x00, 0x00, 0x05, 0x50, 0x00, 0x0A, 0x90, 0x00, 0x6A,
    0x01, 0xFE, 0x00, 0xBF, 0x80, 0x2F, 0xF0, 0xFF, 0x80, 0x02, 0xFF, 0xFF, 0x80, 0x00, 0x3F, 0xFF,
    0xC0, 0x00, 0x03, 0xFF, 0xC0, 0x00, 0x00, 0x00, 0x00, 0x00, 0x00, 0x05, 0xA4, 0x00, 0x00, 0x6F,
    0xFF, 0xF8, 0x00, 0xBF, 0xFF, 0xFF, 0x00, 0xBF, 0xFF, 0xFF, 0x80, 0x3F, 0xFE, 0xAB, 0xC0, 0x2F,
    0xFC, 0x00, 0x10, 0x0F, 0xFD, 0x00, 0x00, 0x03, 0xFF, 0x00, 0x00, 0x01, 0xFF, 0xC0, 0x00, 0x00,
    0x7F, 0xE0, 0x00, 0x00, 0x1F, 0xF8, 0x00, 0x00, 0x07, 0xFF, 0x00, 0x00, 0x00, 0xFF, 0xC0, 0x00,
    0x00, 0x3F, 0xF4, 0x00, 0x00, 0x0B, 0xFF, 0x40, 0x0A, 0x00, 0xFF, 0xFE, 0xFF, 0xC0, 0x2F, 0xFF,
    0xFF, 0xF0, 0x02, 0xFF, 0xFF, 0xFC, 0x00, 0x0B, 0xFF, 0xF8, 0x00, 0x00, 0x05, 0x40, 0x00, 0x01,
    0xA8, 0x00, 0x0A, 0x90, 0x00, 0x3F, 0xD0, 0x1F, 0xF0, 0x00, 0x03, 0xFE, 0x2F, 0xF0, 0x00, 0x00,
    0x3F, 0xFF, 0xF0, 0x00, 0x00, 0x07, 0xFF, 0xF4, 0x00, 0x00, 0x00, 0xBF, 0xF8, 0x00, 0x00, 0x00,
    0x00, 0x00, 0x00, 0x00, 0x00, 0x00, 0x00, 0x00, 0x00, 0x3F, 0xFF, 0xFA, 0x40, 0x00, 0x0F, 0xFF,
    0xFF, 0xFF, 0x40, 0x03, 0xFF, 0xFF, 0xFF, 0xF8, 0x00, 0xFF, 0xFF, 0xFF, 0xFF, 0xC0, 0x3F, 0xF5,
    0x5B, 0xFF, 0xF8, 0x0F, 0xFC, 0x00, 0x1F, 0xFF, 0x03, 0xFF, 0x00, 0x00, 0xFF, 0xE0, 0xFF, 0xC0,
    0x00, 0x2F, 0xFC, 0x3F, 0xF0, 0x00, 0x03, 0xFF, 0x4F, 0xFC, 0x00, 0x00, 0xFF, 0xD3, 0xFF, 0x00,
    0x00, 0x3F, 0xF8, 0xFF, 0xC0, 0x00, 0x0F, 0xFE, 0x3F, 0xF0, 0x00, 0x03, 0xFF, 0x8F, 0xFC, 0x00,
    0x00, 0xFF, 0xE3, 0xFF, 0x00, 0x00, 0x3F, 0xF4, 0xFF, 0xC0, 0x00, 0x0F, 0xFC, 0x3F, 0xF0, 0x00,
    0x0B, 0xFF, 0x0F, 0xFC, 0x00, 0x07, 0xFF, 0x83, 0xFF, 0x00, 0x07, 0xFF, 0xC0, 0xFF, 0xC0, 0x5F,
    0xFF, 0xD0, 0x3F, 0xFF, 0xFF, 0xFF, 0xE0, 0x0F, 0xFF, 0xFF, 0xFF, 0xE0, 0x03, 0xFF, 0xFF, 0xFF,
    0x80, 0x00, 0xFF, 0xFF, 0xF9, 0x00, 0x00, 0x00, 0x00, 0x00, 0x15, 0x40, 0x55, 0x40, 0x00, 0x00,
    0x1F, 0xF8, 0x3F, 0xE0, 0x00, 0x00, 0x07, 0xFE, 0x0F, 0xF0, 0x00, 0x00, 0x01, 0xFF, 0x87, 0xF8,
    0x00, 0x00, 0x00, 0x7F, 0xE2, 0xFC, 0x00, 0x00, 0x00, 0x1F, 0xF8, 0xFD, 0x00, 0x00, 0x00, 0x07,
    0xFE, 0x00, 0x00, 0x00, 0x19, 0x41, 0xFF, 0x80, 0x00, 0x00, 0xFF, 0xFC, 0x7F, 0xE0, 0x00, 0x00,
    0xFF, 0xFF, 0xDF, 0xF8, 0x00, 0x00, 0xFF, 0xFF, 0xFF, 0xFE, 0x00, 0x00, 0x7F, 0xFE, 0xAF, 0xFF,
    0x80, 0x00, 0x3F, 0xFC, 0x01, 0xFF, 0xE0, 0x00, 0x0F, 0xFD, 0x00, 0x2F, 0xF8, 0x00, 0x07, 0xFF,
    0x00, 0x07, 0xFE, 0x00, 0x01, 0xFF, 0xC0, 0x00, 0xFF, 0x80, 0x00, 0x7F, 0xE0, 0x00, 0x3F, 0xE0,
    0x00, 0x1F, 0xF8, 0x00, 0x0F, 0xF8, 0x00, 0x07, 0xFF, 0x00, 0x03, 0xFE, 0x00, 0x01, 0xFF, 0xC0,
    0x01, 0xFF, 0x80, 0x00, 0x3F, 0xF4, 0x00, 0xBF, 0xE0, 0x00, 0x0F, 0xFF, 0x00, 0x7F, 0xF8, 0x00,
    0x01, 0xFF, 0xFE, 0xFF, 0xFE, 0x00, 0x00, 0x3F, 0xFF, 0xFF, 0xFF, 0x80, 0x00, 0x03, 0xFF, 0xFF,
    0x3F, 0xE0, 0x00, 0x00, 0x2F, 0xFE, 0x07, 0xF8, 0x00, 0x00, 0x00, 0x50, 0x00, 0x00, 0x00, 0x00,
    0x03, 0xFF, 0xFF, 0xA4, 0x00, 0x00, 0x0F, 0xFF, 0xFF, 0xFE, 0x40, 0x00, 0x3F, 0xFF, 0xFF, 0xFF,
    0x80, 0x00, 0xFF, 0xFF, 0xFF, 0xFF, 0x80, 0x03, 0xFF, 0x55, 0xBF, 0xFF, 0x80, 0x0F, 0xFC, 0x00,
    0x1F, 0xFF, 0x00, 0x3F, 0xF0, 0x00, 0x1F, 0xFE, 0x00, 0xFF, 0xC0, 0x00, 0x2F, 0xFC, 0x03, 0xFF,
    0x00, 0x00, 0x3F, 0xF4, 0x0F, 0xFC, 0x00, 0x00, 0xFF, 0xD7, 0xFF, 0xFF, 0xF4, 0x03, 0xFF, 0x9F,
    0xFF, 0xFF, 0xD0, 0x0F, 0xFE, 0x7F, 0xFF, 0xFF, 0x40, 0x3F, 0xF9, 0xFF, 0xFF, 0xFD, 0x00, 0xFF,
    0xE1, 0x7F, 0xF5, 0x50, 0x03, 0xFF, 0x40, 0xFF, 0xC0, 0x00, 0x0F, 0xFC, 0x03, 0xFF, 0x00, 0x00,
    0xBF, 0xF0, 0x0F, 0xFC, 0x00, 0x07, 0xFF, 0x80, 0x3F, 0xF0, 0x00, 0x7F, 0xFC, 0x00, 0xFF, 0xC0,
    0x5F, 0xFF, 0xD0, 0x03, 0xFF, 0xFF, 0xFF, 0xFE, 0x00, 0x0F, 0xFF, 0xFF, 0xFF, 0xE0, 0x00, 0x3F,
    0xFF, 0xFF, 0xF8, 0x00, 0x00, 0xFF, 0xFF, 0xF9, 0x00, 0x00, 0x00, 0x00, 0x00, 0x15, 0x40, 0x00,
    0x00, 0x00, 0x1F, 0xF8, 0x00, 0x00, 0x00, 0x07, 0xFE, 0x00, 0x00, 0x06, 0xAB, 0xFF, 0xE8, 0x00,
    0x02, 0xFF, 0xFF, 0xFF, 0x00, 0x00, 0xBF, 0xFF, 0xFF, 0xC0, 0x00, 0x1A, 0xAB, 0xFF, 0xA0, 0x00,
    0x00, 0x01, 0xFF, 0x80, 0x00, 0x05, 0x50, 0x7F, 0xE0, 0x00, 0x3F, 0xFF, 0x1F, 0xF8, 0x00, 0x7F,
    0xFF, 0xF7, 0xFE, 0x00, 0x3F, 0xFF, 0xFF, 0xFF, 0x80, 0x2F, 0xFF, 0xAB, 0xFF, 0xE0, 0x0F, 0xFF,
    0x00, 0x7F, 0xF8, 0x03, 0xFF, 0x80, 0x0B, 0xFE, 0x01, 0xFF, 0xC0, 0x01, 0xFF, 0x80, 0x7F, 0xF0,
    0x00, 0x3F, 0xE0, 0x1F, 0xFC, 0x00, 0x0F, 0xF8, 0x07, 0xFF, 0x00, 0x03, 0xFE, 0x01, 0xFF, 0xD0,
    0x00, 0xFF, 0x80, 0x3F, 0xF8, 0x00, 0xBF, 0xE0, 0x0F, 0xFF, 0x40, 0x3F, 0xF8, 0x02, 0xFF, 0xFE,
    0xFF, 0xFE, 0x00, 0x3F, 0xFF, 0xFF, 0xFF, 0x80, 0x03, 0xFF, 0xFE, 0x3F, 0xE0, 0x00, 0x2F, 0xFD,
    0x0B, 0xF8, 0x00, 0x00, 0x50, 0x00, 0x00, 0x00, 0x15, 0x55, 0x55, 0x42, 0xFF, 0xFF, 0xF8, 0x2F,
    0xFF, 0xFF, 0x81, 0xFF, 0xFF, 0xF4, 0x00, 0x00, 0x00, 0x00, 0x00, 0x00, 0x00, 0xFF, 0xFF, 0xFF,
    0xEF, 0xFF, 0xFF, 0xFE, 0xFF, 0xFF, 0xFF, 0xEF, 0xFF, 0xFF, 0xFE, 0xFF, 0xD5, 0x55, 0x4F, 0xFC,
    0x00, 0x00, 0xFF, 0xC0, 0x00, 0x0F, 0xFC, 0x00, 0x00, 0xFF, 0xC0, 0x00, 0x0F, 0xFD, 0x55, 0x54,
    0xFF, 0xFF, 0xFF, 0xCF, 0xFF, 0xFF, 0xFC, 0xFF, 0xFF, 0xFF, 0xCF, 0xFE, 0xAA, 0xA8, 0xFF, 0xC0,
    0x00, 0x0F, 0xFC, 0x00, 0x00, 0xFF, 0xC0, 0x00, 0x0F, 0xFC, 0x00, 0x00, 0xFF, 0xC0, 0x00, 0x0F,
    0xFC, 0x00, 0x00, 0xFF, 0xFF, 0xFF, 0xEF, 0xFF, 0xFF, 0xFE, 0xFF, 0xFF, 0xFF, 0xEF, 0xFF, 0xFF,
    0xFE, 0x01, 0x55, 0x55, 0x54, 0x00, 0x2F, 0xFF, 0xFF, 0x80, 0x02, 0xFF, 0xFF, 0xF8, 0x00, 0x1F,
    0xFF, 0xFF, 0x40, 0x00, 0x00, 0x00, 0x00, 0x00, 0x00, 0x1A, 0x50, 0x00, 0x00, 0x7F, 0xFF, 0xE0,
    0x00, 0x2F, 0xFF, 0xFF, 0xC0, 0x0B, 0xFF, 0xFF, 0xFF, 0x00, 0xFF, 0xE0, 0x3F, 0xF4, 0x2F, 0xF8,
    0x00, 0xFF, 0xC3, 0xFF, 0x00, 0x07, 0xFC, 0x3F, 0xF0, 0x00, 0x7F, 0xD7, 0xFF, 0xFF, 0xFF, 0xFD,
    0x7F, 0xFF, 0xFF, 0xFF, 0xD7, 0xFF, 0xFF, 0xFF, 0xFD, 0x7F, 0xF0, 0x00, 0x00, 0x03, 0xFF, 0x00,
    0x00, 0x00, 0x3F, 0xF4, 0x00, 0x00, 0x02, 0xFF, 0xC0, 0x00, 0x10, 0x0F, 0xFF, 0x95, 0xBF, 0x40,
    0x7F, 0xFF, 0xFF, 0xF4, 0x01, 0xFF, 0xFF, 0xFF, 0x40, 0x02, 0xFF, 0xFF, 0xD0, 0x00, 0x00, 0x15,
    0x00, 0x00, 0x2A, 0x00, 0x02, 0x93, 0xF0, 0x00, 0xBD, 0x2F, 0xFA, 0xFF, 0xC0, 0xFF, 0xFF, 0xF4,
    0x03, 0xFF, 0xFD, 0x00, 0x06, 0xF9, 0x00, 0x00, 0x00, 0x00, 0x00, 0x00, 0x00, 0x00, 0xFF, 0xFF,
    0xFF, 0xEF, 0xFF, 0xFF, 0xFE, 0xFF, 0xFF, 0xFF, 0xEF, 0xFF, 0xFF, 0xFE, 0xFF, 0xD5, 0x55, 0x4F,
    0xFC, 0x00, 0x00, 0xFF, 0xC0, 0x00, 0x0F, 0xFC, 0x00, 0x00, 0xFF, 0xC0, 0x00, 0x0F, 0xFD, 0x55,
    0x54, 0xFF, 0xFF, 0xFF, 0xCF, 0xFF, 0xFF, 0xFC, 0xFF, 0xFF, 0xFF, 0xCF, 0xFE, 0xAA, 0xA8, 0xFF,
    0xC0, 0x00, 0x0F, 0xFC, 0x00, 0x00, 0xFF, 0xC0, 0x00, 0x0F, 0xFC, 0x00, 0x00, 0xFF, 0xC0, 0x00,
    0x0F, 0xFC, 0x00, 0x00, 0xFF, 0xFF, 0xFF, 0xEF, 0xFF, 0xFF, 0xFE, 0xFF, 0xFF, 0xFF, 0xEF, 0xFF,
    0xFF, 0xFE, 0x02, 0xA0, 0x00, 0x29, 0x00, 0x3F, 0x00, 0x0B, 0xE0, 0x02, 0xFF, 0xAF, 0xFC, 0x00,
    0x0F, 0xFF, 0xFF, 0x40, 0x00, 0x3F, 0xFF, 0xD0, 0x00, 0x00, 0x6F, 0x90, 0x00, 0x00, 0x00, 0x00,
    0x00, 0x00, 0x00, 0x1A, 0x50, 0x00, 0x00, 0x7F, 0xFF, 0xE0, 0x00, 0x2F, 0xFF, 0xFF, 0xC0, 0x0B,
    0xFF, 0xFF, 0xFF, 0x00, 0xFF, 0xE0, 0x3F, 0xF4, 0x2F, 0xF8, 0x00, 0xFF, 0xC3, 0xFF, 0x00, 0x07,
    0xFC, 0x3F, 0xF0, 0x00, 0x7F, 0xD7, 0xFF, 0xFF, 0xFF, 0xFD, 0x7F, 0xFF, 0xFF, 0xFF, 0xD7, 0xFF,
    0xFF, 0xFF, 0xFD, 0x7F, 0xF0, 0x00, 0x00, 0x03, 0xFF, 0x00, 0x00, 0x00, 0x3F, 0xF4, 0x00, 0x00,
    0x02, 0xFF, 0xC0, 0x00, 0x10, 0x0F, 0xFF, 0x95, 0xBF, 0x40, 0x7F, 0xFF, 0xFF, 0xF4, 0x01, 0xFF,
    0xFF, 0xFF, 0x40, 0x02, 0xFF, 0xFF, 0xD0, 0x00, 0x00, 0x15, 0x00, 0x00, 0x00, 0x05, 0x00, 0x00,
    0x03, 0xFD, 0x00, 0x00, 0xBF, 0xE0, 0x00, 0x0B, 0xFF, 0x00, 0x00, 0x7F, 0xD0, 0x00, 0x00, 0x50,
    0x00, 0x00, 0x00, 0x00, 0x00, 0x00, 0x00, 0x00, 0xFF, 0xFF, 0xFF, 0xEF, 0xFF, 0xFF, 0xFE, 0xFF,
    0xFF, 0xFF, 0xEF, 0xFF, 0xFF, 0xFE, 0xFF, 0xD5, 0x55, 0x4F, 0xFC, 0x00, 0x00, 0xFF, 0xC0, 0x00,
    0x0F, 0xFC, 0x00, 0x00, 0xFF, 0xC0, 0x00, 0x0F, 0xFD, 0x55, 0x54, 0xFF, 0xFF, 0xFF, 0xCF, 0xFF,
    0xFF, 0xFC, 0xFF, 0xFF, 0xFF, 0xCF, 0xFE, 0xAA, 0xA8, 0xFF, 0xC0, 0x00, 0x0F, 0xFC, 0x00, 0x00,
    0xFF, 0xC0, 0x00, 0x0F, 0xFC, 0x00, 0x00, 0xFF, 0xC0, 0x00, 0x0F, 0xFC, 0x00, 0x00, 0xFF, 0xFF,
    0xFF, 0xEF, 0xFF, 0xFF, 0xFE, 0xFF, 0xFF, 0xFF, 0xEF, 0xFF, 0xFF, 0xFE, 0x00, 0x00, 0x50, 0x00,
    0x00, 0x00, 0x7F, 0xD0, 0x00, 0x00, 0x0B, 0xFE, 0x00, 0x00, 0x00, 0xBF, 0xE0, 0x00, 0x00, 0x07,
    0xFD, 0x00, 0x00, 0x00, 0x05, 0x00, 0x00, 0x00, 0x00, 0x00, 0x00, 0x00, 0x00, 0x1A, 0x50, 0x00,
    0x00, 0x7F, 0xFF, 0xE0, 0x00, 0x2F, 0xFF, 0xFF, 0xC0, 0x0B, 0xFF, 0xFF, 0xFF, 0x00, 0xFF, 0xE0,
    0x3F, 0xF4, 0x2F, 0xF8, 0x00, 0xFF, 0xC3, 0xFF, 0x00, 0x07, 0xFC, 0x3F, 0xF0, 0x00, 0x7F, 0xD7,
    0xFF, 0xFF, 0xFF, 0xFD, 0x7F, 0xFF, 0xFF, 0xFF, 0xD7, 0xFF, 0xFF, 0xFF, 0xFD, 0x7F, 0xF0, 0x00,
    0x00, 0x03, 0xFF, 0x00, 0x00, 0x00, 0x3F, 0xF4, 0x00, 0x00, 0x02, 0xFF, 0xC0, 0x00, 0x10, 0x0F,
    0xFF, 0x95, 0xBF, 0x40, 0x7F, 0xFF, 0xFF, 0xF4, 0x01, 0xFF, 0xFF, 0xFF, 0x40, 0x02, 0xFF, 0xFF,
    0xD0, 0x00, 0x00, 0x15, 0x00, 0x00, 0xFF, 0xFF, 0xFF, 0xEF, 0xFF, 0xFF, 0xFE, 0xFF, 0xFF, 0xFF,
    0xEF, 0xFF, 0xFF, 0xFE, 0xFF, 0xD5, 0x55, 0x4F, 0xFC, 0x00, 0x00, 0xFF, 0xC0, 0x00, 0x0F, 0xFC,
    0x00, 0x00, 0xFF, 0xC0, 0x00, 0x0F, 0xFD, 0x55, 0x54, 0xFF, 0xFF, 0xFF, 0xCF, 0xFF, 0xFF, 0xFC,
    0xFF, 0xFF, 0xFF, 0xCF, 0xFE, 0xAA, 0xA8, 0xFF, 0xC0, 0x00, 0x0F, 0xFC, 0x00, 0x00, 0xFF, 0xC0,
    0x00, 0x0F, 0xFC, 0x00, 0x00, 0xFF, 0xC0, 0x00, 0x0F, 0xFC, 0x00, 0x00, 0xFF, 0xFF, 0xFF, 0xEF,
    0xFF, 0xFF, 0xFE, 0xFF, 0xFF, 0xFF, 0xEF, 0xFF, 0xFF, 0xFE, 0x00, 0x00, 0x3F, 0x40, 0x00, 0x0F,
    0xD0, 0x00, 0x01, 0xFC, 0x00, 0x00, 0x3F, 0x80, 0x00, 0x03, 0xFD, 0x50, 0x00, 0x2F, 0xFE, 0x00,
    0x00, 0xFF, 0xE0, 0x00, 0x01, 0xA9, 0x00, 0x01, 0xA5, 0x00, 0x00, 0x07, 0xFF, 0xFE, 0x00, 0x02,
    0xFF, 0xFF, 0xFC, 0x00, 0xBF, 0xFF, 0xFF, 0xF0, 0x0F, 0xFE, 0x03, 0xFF, 0x42, 0xFF, 0x80, 0x0F,
    0xFC, 0x3F, 0xF0, 0x00, 0xBF, 0xC3, 0xFF, 0x00, 0x07, 0xFD, 0x7F, 0xFF, 0xFF, 0xFF, 0xD7, 0xFF,
    0xFF, 0xFF, 0xFD, 0x7F, 0xFF, 0xFF, 0xFF, 0xD7, 0xFF, 0x00, 0x00, 0x00, 0x3F, 0xF0, 0x00, 0x00,
    0x03, 0xFF, 0x40, 0x00, 0x00, 0x2F, 0xFC, 0x00, 0x01, 0x00, 0xFF, 0xF9, 0x5B, 0xF4, 0x07, 0xFF,
    0xFF, 0xFF, 0x40, 0x1F, 0xFF, 0xFF, 0xF4, 0x00, 0x2F, 0xFF, 0xFE, 0x00, 0x00, 0x05, 0x7F, 0x80,
    0x00, 0x00, 0x0B, 0xE0, 0x00, 0x00, 0x00, 0xFC, 0x00, 0x00, 0x00, 0x2F, 0xC0, 0x00, 0x00, 0x02,
    0xFC, 0x00, 0x00, 0x00, 0x1F, 0xFF, 0x00, 0x00, 0x00, 0xFF, 0xF0, 0x00, 0x00, 0x02, 0xFE, 0x00,
    0x69, 0x00, 0x02, 0xA1, 0xFF, 0x00, 0xBF, 0x81, 0xFF, 0x4F, 0xF8, 0x01, 0xFF, 0xFF, 0xC0, 0x02,
    0xFF, 0xFC, 0x00, 0x02, 0xFF, 0xD0, 0x00, 0x00, 0x00, 0x00, 0x00, 0x00, 0x00, 0x00, 0xFF, 0xFF,
    0xFF, 0xE3, 0xFF, 0xFF, 0xFF, 0x8F, 0xFF, 0xFF, 0xFE, 0x3F, 0xFF, 0xFF, 0xF8, 0xFF, 0xD5, 0x55,
    0x43, 0xFF, 0x00, 0x00, 0x0F, 0xFC, 0x00, 0x00, 0x3F, 0xF0, 0x00, 0x00, 0xFF, 0xC0, 0x00, 0x03,
    0xFF, 0x55, 0x55, 0x0F, 0xFF, 0xFF, 0xFC, 0x3F, 0xFF, 0xFF, 0xF0, 0xFF, 0xFF, 0xFF, 0xC3, 0xFF,
    0xAA, 0xAA, 0x0F, 0xFC, 0x00, 0x00, 0x3F, 0xF0, 0x00, 0x00, 0xFF, 0xC0, 0x00, 0x03, 0xFF, 0x00,
    0x00, 0x0F, 0xFC, 0x00, 0x00, 0x3F, 0xF0, 0x00, 0x00, 0xFF, 0xFF, 0xFF, 0xE3, 0xFF, 0xFF, 0xFF,
    0x8F, 0xFF, 0xFF, 0xFE, 0x3F, 0xFF, 0xFF, 0xF8, 0x06, 0x90, 0x00, 0x2A, 0x00, 0x3F, 0xD0, 0x1F,
    0xF0, 0x00, 0xFF, 0x4B, 0xFC, 0x00, 0x07, 0xFF, 0xFF, 0x00, 0x00, 0x1F, 0xFF, 0xC0, 0x00, 0x00,
    0xBF, 0xF4, 0x00, 0x00, 0x00, 0x00, 0x00, 0x00, 0x00, 0x1A, 0x50, 0x00, 0x00, 0x7F, 0xFF, 0xE0,
    0x00, 0x2F, 0xFF, 0xFF, 0xC0, 0x0B, 0xFF, 0xFF, 0xFF, 0x00, 0xFF, 0xE0, 0x3F, 0xF4, 0x2F, 0xF8,
    0x00, 0xFF, 0xC3, 0xFF, 0x00, 0x07, 0xFC, 0x3F, 0xF0, 0x00, 0x7F, 0xD7, 0xFF, 0xFF, 0xFF, 0xFD,
    0x7F, 0xFF, 0xFF, 0xFF, 0xD7, 0xFF, 0xFF, 0xFF, 0xFD, 0x7F, 0xF0, 0x00, 0x00, 0x03, 0xFF, 0x00,
    0x00, 0x00, 0x3F, 0xF4, 0x00, 0x00, 0x02, 0xFF, 0xC0, 0x00, 0x10, 0x0F, 0xFF, 0x95, 0xBF, 0x40,
    0x7F, 0xFF, 0xFF, 0xF4, 0x01, 0xFF, 0xFF, 0xFF, 0x40, 0x02, 0xFF, 0xFF, 0xD0, 0x00, 0x00, 0x15,
    0x00, 0x00, 0x00, 0x00, 0x1A, 0xA4, 0x00, 0x00, 0x00, 0x0F, 0xFF, 0x40, 0x00, 0x00, 0x0F, 0xFF,
    0xF4, 0x00, 0x00, 0x0B, 0xF9, 0xFF, 0x00, 0x00, 0x0B, 0xF8, 0x1F, 0xF0, 0x00, 0x07, 0xF4, 0x00,
    0xBE, 0x00, 0x00, 0x00, 0x00, 0x00, 0x00, 0x00, 0x00, 0x00, 0x00, 0x00, 0x00, 0x00, 0x6F, 0xFF,
    0xE4, 0x00, 0x02, 0xFF, 0xFF, 0xFF, 0xC0, 0x03, 0xFF, 0xFF, 0xFF, 0xF0, 0x03, 0xFF, 0xFF, 0xFF,
    0xF8, 0x03, 0xFF, 0xF9, 0x01, 0xBC, 0x02, 0xFF, 0xF0, 0x00, 0x00, 0x00, 0xFF, 0xF0, 0x00, 0x00,
    0x00, 0x7F, 0xF0, 0x00, 0x00, 0x00, 0x2F, 0xFC, 0x00, 0x00, 0x00, 0x0F, 0xFD, 0x00, 0x00, 0x00,
    0x03, 0xFF, 0x40, 0x15, 0x55, 0x50, 0xFF, 0xC0, 0x0F, 0xFF, 0xFD, 0x3F, 0xF0, 0x03, 0xFF, 0xFF,
    0x4F, 0xFC, 0x00, 0xFF, 0xFF, 0xD3, 0xFF, 0x40, 0x3F, 0xFF, 0xF4, 0xFF, 0xE0, 0x00, 0x07, 0xFD,
    0x2F, 0xFC, 0x00, 0x01, 0xFF, 0x47, 0xFF, 0x40, 0x00, 0x7F, 0xD0, 0xFF, 0xF0, 0x00, 0x1F, 0xF4,
    0x1F, 0xFF, 0x40, 0x0B, 0xFD, 0x02, 0xFF, 0xFF, 0xFF, 0xFF, 0x40, 0x3F, 0xFF, 0xFF, 0xFF, 0xD0,
    0x02, 0xFF, 0xFF, 0xFF, 0xF4, 0x00, 0x0B, 0xFF, 0xFF, 0xE4, 0x00, 0x00, 0x05, 0x50, 0x00, 0x00,
    0x00, 0x02, 0xA9, 0x00, 0x00, 0x00, 0xFF, 0xF8, 0x00, 0x00, 0x3F, 0xFF, 0xD0, 0x00, 0x0B, 0xFD,
    0xFF, 0x00, 0x02, 0xFE, 0x07, 0xFC, 0x00, 0x7F, 0x40, 0x0B, 0xE0, 0x00, 0x00, 0x00, 0x00, 0x00,
    0x00, 0x65, 0x00, 0x00, 0x00, 0xFF, 0xFD, 0x3F, 0xE0, 0x3F, 0xFF, 0xF7, 0xFE, 0x0F, 0xFF, 0xFF,
    0xFF, 0xE1, 0xFF, 0xF9, 0xBF, 0xFE, 0x3F, 0xFC, 0x00, 0xFF, 0xE3, 0xFF, 0x40, 0x0B, 0xFE, 0x7F,
    0xF0, 0x00, 0x7F, 0xE7, 0xFF, 0x00, 0x03, 0xFE, 0x7F, 0xE0, 0x00, 0x3F, 0xE7, 0xFE, 0x00, 0x03,
    0xFE, 0x7F, 0xF0, 0x00, 0x3F, 0xE7, 0xFF, 0x00, 0x03, 0xFE, 0x3F, 0xF4, 0x00, 0xBF, 0xE3, 0xFF,
    0xC0, 0x1F, 0xFE, 0x1F, 0xFF, 0xAF, 0xFF, 0xE0, 0xFF, 0xFF, 0xFF, 0xFE, 0x03, 0xFF, 0xFF, 0x7F,
    0xE0, 0x0B, 0xFF, 0x87, 0xFE, 0x00, 0x05, 0x40, 0x7F, 0xE0, 0x00, 0x00, 0x0B, 0xFE, 0x00, 0x00,
    0x00, 0xFF, 0xD1, 0xE4, 0x00, 0x7F, 0xFC, 0x1F, 0xFF, 0xFF, 0xFF, 0x81, 0xFF, 0xFF, 0xFF, 0xF0,
    0x1F, 0xFF, 0xFF, 0xF8, 0x00, 0x2B, 0xFF, 0xE8, 0x00, 0x00, 0x0A, 0x80, 0x00, 0xA8, 0x00, 0x02,
    0xF4, 0x00, 0x7F, 0x00, 0x00, 0x7F, 0xEA, 0xFF, 0x40, 0x00, 0x0B, 0xFF, 0xFF, 0xC0, 0x00, 0x00,
    0xBF, 0xFF, 0x80, 0x00, 0x00, 0x02, 0xBA, 0x00, 0x00, 0x00, 0x00, 0x00, 0x00, 0x00, 0x00, 0x00,
    0x00, 0x00, 0x00, 0x00, 0x00, 0x6F, 0xFF, 0xE4, 0x00, 0x02, 0xFF, 0xFF, 0xFF, 0xC0, 0x03, 0xFF,
    0xFF, 0xFF, 0xF0, 0x03, 0xFF, 0xFF, 0xFF, 0xF8, 0x03, 0xFF, 0xF9, 0x01, 0xBC, 0x02, 0xFF, 0xF0,
    0x00, 0x00, 0x00, 0xFF, 0xF0, 0x00, 0x00, 0x00, 0x7F, 0xF0, 0x00, 0x00, 0x00, 0x2F, 0xFC, 0x00,
    0x00, 0x00, 0x0F, 0xFD, 0x00, 0x00, 0x00, 0x03, 0xFF, 0x40, 0x15, 0x55, 0x50, 0xFF, 0xC0, 0x0F,
    0xFF, 0xFD, 0x3F, 0xF0, 0x03, 0xFF, 0xFF, 0x4F, 0xFC, 0x00, 0xFF, 0xFF, 0xD3, 0xFF, 0x40, 0x3F,
    0xFF, 0xF4, 0xFF, 0xE0, 0x00, 0x07, 0xFD, 0x2F, 0xFC, 0x00, 0x01, 0xFF, 0x47, 0xFF, 0x40, 0x00,
    0x7F, 0xD0, 0xFF, 0xF0, 0x00, 0x1F, 0xF4, 0x1F, 0xFF, 0x40, 0x0B, 0xFD, 0x02, 0xFF, 0xFF, 0xFF,
    0xFF, 0x40, 0x3F, 0xFF, 0xFF, 0xFF, 0xD0, 0x02, 0xFF, 0xFF, 0xFF, 0xF4, 0x00, 0x0B, 0xFF, 0xFF,
    0xE4, 0x00, 0x00, 0x05, 0x50, 0x00, 0x00, 0x02, 0xA0, 0x00, 0x2A, 0x00, 0x2F, 0x40, 0x07, 0xF0,
    0x01, 0xFF, 0xAB, 0xFD, 0x00, 0x0B, 0xFF, 0xFF, 0xC0, 0x00, 0x2F, 0xFF, 0xE0, 0x00, 0x00, 0x2B,
    0xA0, 0x00, 0x00, 0x00, 0x00, 0x00, 0x00, 0x00, 0x65, 0x00, 0x00, 0x00, 0xFF, 0xFD, 0x3F, 0xE0,
    0x3F, 0xFF, 0xF7, 0xFE, 0x0F, 0xFF, 0xFF, 0xFF, 0xE1, 0xFF, 0xF9, 0xBF, 0xFE, 0x3F, 0xFC, 0x00,
    0xFF, 0xE3, 0xFF, 0x40, 0x0B, 0xFE, 0x7F, 0xF0, 0x00, 0x7F, 0xE7, 0xFF, 0x00, 0x03, 0xFE, 0x7F,
    0xE0, 0x00, 0x3F, 0xE7, 0xFE, 0x00, 0x03, 0xFE, 0x7F, 0xF0, 0x00, 0x3F, 0xE7, 0xFF, 0x00, 0x03,
    0xFE, 0x3F, 0xF4, 0x00, 0xBF, 0xE3, 0xFF, 0xC0, 0x1F, 0xFE, 0x1F, 0xFF, 0xAF, 0xFF, 0xE0, 0xFF,
    0xFF, 0xFF, 0xFE, 0x03, 0xFF, 0xFF, 0x7F, 0xE0, 0x0B, 0xFF, 0x87, 0xFE, 0x00, 0x05, 0x40, 0x7F,
    0xE0, 0x00, 0x00, 0x0B, 0xFE, 0x00, 0x00, 0x00, 0xFF, 0xD1, 0xE4, 0x00, 0x7F, 0xFC, 0x1F, 0xFF,
    0xFF, 0xFF, 0x81, 0xFF, 0xFF, 0xFF, 0xF0, 0x1F, 0xFF, 0xFF, 0xF8, 0x00, 0x2B, 0xFF, 0xE8, 0x00,
    0x00, 0x00, 0x01, 0x40, 0x00, 0x00, 0x00, 0x03, 0xFE, 0x00, 0x00, 0x00, 0x01, 0xFF, 0xC0, 0x00,
    0x00, 0x00, 0x7F, 0xF0, 0x00, 0x00, 0x00, 0x0F, 0xF8, 0x00, 0x00, 0x00, 0x00, 0x64, 0x00, 0x00,
    0x00, 0x00, 0x00, 0x00, 0x00, 0x00, 0x00, 0x00, 0x00, 0x00, 0x00, 0x00, 0x6F, 0xFF, 0xE4, 0x00,
    0x02, 0xFF, 0xFF, 0xFF, 0xC0, 0x03, 0xFF, 0xFF, 0xFF, 0xF0, 0x03, 0xFF, 0xFF, 0xFF, 0xF8, 0x03,
    0xFF, 0xF9, 0x01, 0xBC, 0x02, 0xFF, 0xF0, 0x00, 0x00, 0x00, 0xFF, 0xF0, 0x00, 0x00, 0x00, 0x7F,
    0xF0, 0x00, 0x00, 0x00, 0x2F, 0xFC, 0x00, 0x00, 0x00, 0x0F, 0xFD, 0x00, 0x00, 0x00, 0x03, 0xFF,
    0x40, 0x15, 0x55, 0x50, 0xFF, 0xC0, 0x0F, 0xFF, 0xFD, 0x3F, 0xF0, 0x03, 0xFF, 0xFF, 0x4F, 0xFC,
    0x00, 0xFF, 0xFF, 0xD3, 0xFF, 0x40, 0x3F, 0xFF, 0xF4, 0xFF, 0xE0, 0x00, 0x07, 0xFD, 0x2F, 0xFC,
    0x00, 0x01, 0xFF, 0x47, 0xFF, 0x40, 0x00, 0x7F, 0xD0, 0xFF, 0xF0, 0x00, 0x1F, 0xF4, 0x1F, 0xFF,
    0x40, 0x0B, 0xFD, 0x02, 0xFF, 0xFF, 0xFF, 0xFF, 0x40, 0x3F, 0xFF, 0xFF, 0xFF, 0xD0, 0x02, 0xFF,
    0xFF, 0xFF, 0xF4, 0x00, 0x0B, 0xFF, 0xFF, 0xE4, 0x00, 0x00, 0x05, 0x50, 0x00, 0x00, 0x00, 0x00,
    0x50, 0x00, 0x00, 0x00, 0x3F, 0xD0, 0x00, 0x00, 0x07, 0xFF, 0x00, 0x00, 0x00, 0x7F, 0xF0, 0x00,
    0x00, 0x03, 0xFE, 0x00, 0x00, 0x00, 0x06, 0x40, 0x00, 0x00, 0x00, 0x00, 0x00, 0x00, 0x00, 0x65,
    0x00, 0x00, 0x00, 0xFF, 0xFD, 0x3F, 0xE0, 0x3F, 0xFF, 0xF7, 0xFE, 0x0F, 0xFF, 0xFF, 0xFF, 0xE1,
    0xFF, 0xF9, 0xBF, 0xFE, 0x3F, 0xFC, 0x00, 0xFF, 0xE3, 0xFF, 0x40, 0x0B, 0xFE, 0x7F, 0xF0, 0x00,
    0x7F, 0xE7, 0xFF, 0x00, 0x03, 0xFE, 0x7F, 0xE0, 0x00, 0x3F, 0xE7, 0xFE, 0x00, 0x03, 0xFE, 0x7F,
    0xF0, 0x00, 0x3F, 0xE7, 0xFF, 0x00, 0x03, 0xFE, 0x3F, 0xF4, 0x00, 0xBF, 0xE3, 0xFF, 0xC0, 0x1F,
    0xFE, 0x1F, 0xFF, 0xAF, 0xFF, 0xE0, 0xFF, 0xFF, 0xFF, 0xFE, 0x03, 0xFF, 0xFF, 0x7F, 0xE0, 0x0B,
    0xFF, 0x87, 0xFE, 0x00, 0x05, 0x40, 0x7F, 0xE0, 0x00, 0x00, 0x0B, 0xFE, 0x00, 0x00, 0x00, 0xFF,
    0xD1, 0xE4, 0x00, 0x7F, 0xFC, 0x1F, 0xFF, 0xFF, 0xFF, 0x81, 0xFF, 0xFF, 0xFF, 0xF0, 0x1F, 0xFF,
    0xFF, 0xF8, 0x00, 0x2B, 0xFF, 0xE8, 0x00, 0x00, 0x00, 0x00, 0x00, 0x00, 0x00, 0x00, 0x1B, 0xFF,
    0xF9, 0x00, 0x00, 0xBF, 0xFF, 0xFF, 0xF0, 0x00, 0xFF, 0xFF, 0xFF, 0xFC, 0x00, 0xFF, 0xFF, 0xFF,
    0xFE, 0x00, 0xFF, 0xFE, 0x40, 0x6F, 0x00, 0xBF, 0xFC, 0x00, 0x00, 0x00, 0x3F, 0xFC, 0x00, 0x00,
    0x00, 0x1F, 0xFC, 0x00, 0x00, 0x00, 0x0B, 0xFF, 0x00, 0x00, 0x00, 0x03, 0xFF, 0x40, 0x00, 0x00,
    0x00, 0xFF, 0xD0, 0x05, 0x55, 0x54, 0x3F, 0xF0, 0x03, 0xFF, 0xFF, 0x4F, 0xFC, 0x00, 0xFF, 0xFF,
    0xD3, 0xFF, 0x00, 0x3F, 0xFF, 0xF4, 0xFF, 0xD0, 0x0F, 0xFF, 0xFD, 0x3F, 0xF8, 0x00, 0x01, 0xFF,
    0x4B, 0xFF, 0x00, 0x00, 0x7F, 0xD1, 0xFF, 0xD0, 0x00, 0x1F, 0xF4, 0x3F, 0xFC, 0x00, 0x07, 0xFD,
    0x07, 0xFF, 0xD0, 0x02, 0xFF, 0x40, 0xBF, 0xFF, 0xFF, 0xFF, 0xD0, 0x0F, 0xFF, 0xFF, 0xFF, 0xF4,
    0x00, 0xBF, 0xFF, 0xFF, 0xFD, 0x00, 0x02, 0xFF, 0xFF, 0xF9, 0x00, 0x00, 0x01, 0x54, 0x00, 0x00,
    0x00, 0x00, 0x00, 0x00, 0x00, 0x00, 0x00, 0x3F, 0xF0, 0x00, 0x00, 0x00, 0x0F, 0xF4, 0x00, 0x00,
    0x00, 0x03, 0xFC, 0x00, 0x00, 0x00, 0x01, 0xFD, 0x00, 0x00, 0x00, 0x00, 0xBF, 0x00, 0x00, 0x00,
    0x00, 0x15, 0x00, 0x00, 0x00, 0x00, 0x00, 0x1A, 0x00, 0x00, 0x00, 0x03, 0xF0, 0x00, 0x00, 0x00,
    0xBF, 0x00, 0x00, 0x00, 0x0F, 0xF0, 0x00, 0x00, 0x02, 0xFE, 0x00, 0x00, 0x00, 0x3F, 0xD0, 0x00,
    0x00, 0x00, 0x00, 0x00, 0x00, 0x00, 0x65, 0x00, 0x00, 0x00, 0xFF, 0xFC, 0x3F, 0xE0, 0x3F, 0xFF,
    0xF7, 0xFE, 0x0F, 0xFF, 0xFF, 0xFF, 0xE1, 0xFF, 0xF9, 0xBF, 0xFE, 0x3F, 0xFC, 0x00, 0xFF, 0xE3,
    0xFF, 0x40, 0x0B, 0xFE, 0x7F, 0xF0, 0x00, 0x7F, 0xE7, 0xFF, 0x00, 0x03, 0xFE, 0x7F, 0xE0, 0x00,
    0x3F, 0xE7, 0xFE, 0x00, 0x03, 0xFE, 0x7F, 0xF0, 0x00, 0x3F, 0xE7, 0xFF, 0x00, 0x03, 0xFE, 0x3F,
    0xF4, 0x00, 0xBF, 0xE3, 0xFF, 0xC0, 0x1F, 0xFE, 0x1F, 0xFF, 0xAF, 0xFF, 0xE0, 0xFF, 0xFF, 0xFF,
    0xFE, 0x03, 0xFF, 0xFF, 0x7F, 0xE0, 0x0B, 0xFF, 0x87, 0xFE, 0x00, 0x05, 0x40, 0x7F, 0xE0, 0x00,
    0x00, 0x0B, 0xFE, 0x00, 0x00, 0x00, 0xFF, 0xD1, 0xE4, 0x00, 0x7F, 0xFC, 0x1F, 0xFF, 0xFF, 0xFF,
    0x81, 0xFF, 0xFF, 0xFF, 0xF0, 0x1F, 0xFF, 0xFF, 0xF8, 0x00, 0x2B, 0xFF, 0xE8, 0x00, 0x00, 0x02,
    0xAA, 0x00, 0x00, 0x00, 0x0B, 0xFF, 0xC0, 0x00, 0x00, 0x1F, 0xFF, 0xE0, 0x00, 0x00, 0x7F, 0xDF,
    0xF8, 0x00, 0x01, 0xFF, 0x03, 0xFD, 0x00, 0x03, 0xF8, 0x00, 0x7F, 0x00, 0x00, 0x00, 0x00, 0x00,
    0x00, 0x00, 0x00, 0x00, 0x00, 0x00, 0xFF, 0xC0, 0x00, 0x07, 0xFD, 0xFF, 0xC0, 0x00, 0x0B, 0xFE,
    0xFF, 0xC0, 0x00, 0x0B, 0xFE, 0xFF, 0xC0, 0x00, 0x0B, 0xFE, 0xFF, 0xC0, 0x00, 0x0B, 0xFE, 0xFF,
    0xC0, 0x00, 0x0B, 0xFE, 0xFF, 0xC0, 0x00, 0x0B, 0xFE, 0xFF, 0xC0, 0x00, 0x0B, 0xFE, 0xFF, 0xC0,
    0x00, 0x0B, 0xFE, 0xFF, 0xD5, 0x55, 0x5F, 0xFE, 0xFF, 0xFF, 0xFF, 0xFF, 0xFE, 0xFF, 0xFF, 0xFF,
    0xFF, 0xFE, 0xFF, 0xFF, 0xFF, 0xFF, 0xFE, 0xFF, 0xEA, 0xAA, 0xAF, 0xFE, 0xFF, 0xC0, 0x00, 0x0B,
    0xFE, 0xFF, 0xC0, 0x00, 0x0B, 0xFE, 0xFF, 0xC0, 0x00, 0x0B, 0xFE, 0xFF, 0xC0, 0x00, 0x0B, 0xFE,
    0xFF, 0xC0, 0x00, 0x0B, 0xFE, 0xFF, 0xC0, 0x00, 0x0B, 0xFE, 0xFF, 0xC0, 0x00, 0x0B, 0xFE, 0xFF,
    0xC0, 0x00, 0x0B, 0xFE, 0xFF, 0xC0, 0x00, 0x0B, 0xFE, 0xFF, 0xC0, 0x00, 0x0B, 0xFE, 0x00, 0x6A,
    0x90, 0x00, 0x00, 0x00, 0x0F, 0xFF, 0x40, 0x00, 0x00, 0x03, 0xFF, 0xFC, 0x00, 0x00, 0x00, 0xFF,
    0xAF, 0xF0, 0x00, 0x00, 0x3F, 0xD0, 0x7F, 0xC0, 0x00, 0x07, 0xF0, 0x00, 0xFE, 0x00, 0x00, 0x00,
    0x00, 0x00, 0x00, 0x00, 0x00, 0x01, 0x54, 0x00, 0x00, 0x00, 0x00, 0xBF, 0xD0, 0x00, 0x00, 0x00,
    0x0B, 0xFD, 0x00, 0x00, 0x00, 0x00, 0xBF, 0xD0, 0x00, 0x00, 0x00, 0x0B, 0xFD, 0x00, 0x00, 0x00,
    0x00, 0xBF, 0xD0, 0x00, 0x00, 0x00, 0x0B, 0xFD, 0x00, 0x00, 0x00, 0x00, 0xBF, 0xD0, 0x19, 0x40,
    0x00, 0x0B, 0xFD, 0x3F, 0xFF, 0x80, 0x00, 0xBF, 0xDF, 0xFF, 0xFF, 0x00, 0x0B, 0xFF, 0xFF, 0xFF,
    0xF8, 0x00, 0xBF, 0xFF, 0x9B, 0xFF, 0xC0, 0x0B, 0xFF, 0x80, 0x1F, 0xFC, 0x00, 0xBF, 0xF0, 0x00,
    0xFF, 0xD0, 0x0B, 0xFF, 0x00, 0x0F, 0xFD, 0x00, 0xBF, 0xE0, 0x00, 0xBF, 0xD0, 0x0B, 0xFE, 0x00,
    0x0B, 0xFD, 0x00, 0xBF, 0xD0, 0x00, 0xBF, 0xD0, 0x0B, 0xFD, 0x00, 0x0B, 0xFD, 0x00, 0xBF, 0xD0,
    0x00, 0xBF, 0xD0, 0x0B, 0xFD, 0x00, 0x0B, 0xFD, 0x00, 0xBF, 0xD0, 0x00, 0xBF, 0xD0, 0x0B, 0xFD,
    0x00, 0x0B, 0xFD, 0x00, 0xBF, 0xD0, 0x00, 0xBF, 0xD0, 0x0B, 0xFD, 0x00, 0x0B, 0xFD, 0x00, 0xBF,
    0xD0, 0x00, 0xBF, 0xD0, 0x03, 0xFF, 0x00, 0x00, 0x1F, 0xF4, 0x00, 0x3F, 0xF0, 0x00, 0x02, 0xFF,
    0x80, 0x03, 0xFF, 0x00, 0x00, 0x2F, 0xF8, 0x0A, 0xBF, 0xFA, 0xAA, 0xAB, 0xFF, 0xE9, 0xFF, 0xFF,
    0xFF, 0xFF, 0xFF, 0xFF, 0xEF, 0xFF, 0xFF, 0xFF, 0xFF, 0xFF, 0xFE, 0xAB, 0xFF, 0xAA, 0xAA, 0xBF,
    0xFE, 0x90, 0x3F, 0xF0, 0x00, 0x02, 0xFF, 0x80, 0x03, 0xFF, 0x00, 0x00, 0x2F, 0xF8, 0x00, 0x3F,
    0xFA, 0xAA, 0xAB, 0xFF, 0x80, 0x03, 0xFF, 0xFF, 0xFF, 0xFF, 0xF8, 0x00, 0x3F, 0xFF, 0xFF, 0xFF,
    0xFF, 0x80, 0x03, 0xFF, 0xFF, 0xFF, 0xFF, 0xF8, 0x00, 0x3F, 0xFF, 0xFF, 0xFF, 0xFF, 0x80, 0x03,
    0xFF, 0x00, 0x00, 0x2F, 0xF8, 0x00, 0x3F, 0xF0, 0x00, 0x02, 0xFF, 0x80, 0x03, 0xFF, 0x00, 0x00,
    0x2F, 0xF8, 0x00, 0x3F, 0xF0, 0x00, 0x02, 0xFF, 0x80, 0x03, 0xFF, 0x00, 0x00, 0x2F, 0xF8, 0x00,
    0x3F, 0xF0, 0x00, 0x02, 0xFF, 0x80, 0x03, 0xFF, 0x00, 0x00, 0x2F, 0xF8, 0x00, 0x3F, 0xF0, 0x00,
    0x02, 0xFF, 0x80, 0x03, 0xFF, 0x00, 0x00, 0x2F, 0xF8, 0x00, 0x3F, 0xF0, 0x00, 0x02, 0xFF, 0x80,
    0x01, 0x54, 0x00, 0x00, 0x00, 0x07, 0xFE, 0x00, 0x00, 0x00, 0x07, 0xFE, 0x00, 0x00, 0x00, 0xAF,
    0xFF, 0xAA, 0x40, 0x00, 0xFF, 0xFF, 0xFF, 0x80, 0x00, 0xFF, 0xFF, 0xFF, 0x80, 0x00, 0xAB, 0xFF,
    0xAA, 0x40, 0x00, 0x07, 0xFE, 0x00, 0x00, 0x00, 0x07, 0xFE, 0x01, 0xA4, 0x00, 0x07, 0xFD, 0x2F,
    0xFF, 0x80, 0x07, 0xFD, 0xFF, 0xFF, 0xF0, 0x07, 0xFF, 0xFF, 0xFF, 0xF8, 0x07, 0xFF, 0xF9, 0xBF,
    0xFC, 0x07, 0xFF, 0xC0, 0x1F, 0xFD, 0x07, 0xFF, 0x00, 0x0F, 0xFD, 0x07, 0xFF, 0x00, 0x0B, 0xFD,
    0x07, 0xFE, 0x00, 0x0B, 0xFD, 0x07, 0xFE, 0x00, 0x0B, 0xFD, 0x07, 0xFE, 0x00, 0x0B, 0xFD, 0x07,
    0xFE, 0x00, 0x0B, 0xFD, 0x07, 0xFE, 0x00, 0x0B, 0xFD, 0x07, 0xFE, 0x00, 0x0B, 0xFD, 0x07, 0xFE,
    0x00, 0x0B, 0xFD, 0x07, 0xFE, 0x00, 0x0B, 0xFD, 0x07, 0xFE, 0x00, 0x0B, 0xFD, 0x07, 0xFE, 0x00,
    0x0B, 0xFD, 0x00, 0x00, 0x00, 0x00, 0x0F, 0xF8, 0x07, 0xD0, 0xFF, 0xFE, 0xBF, 0x0B, 0xFF, 0xFF,
    0xF8, 0x3F, 0x0B, 0xFF, 0xC0, 0xF4, 0x01, 0xE4, 0x00, 0x00, 0x00, 0x00, 0x00, 0x00, 0x00, 0x00,
    0x02, 0xFF, 0xFF, 0xE0, 0x0F, 0xFF, 0xFF, 0xC0, 0x3F, 0xFF, 0xFF, 0x00, 0x6F, 0xFF, 0xE0, 0x00,
    0x0F, 0xFC, 0x00, 0x00, 0x3F, 0xF0, 0x00, 0x00, 0xFF, 0xC0, 0x00, 0x03, 0xFF, 0x00, 0x00, 0x0F,
    0xFC, 0x00, 0x00, 0x3F, 0xF0, 0x00, 0x00, 0xFF, 0xC0, 0x00, 0x03, 0xFF, 0x00, 0x00, 0x0F, 0xFC,
    0x00, 0x00, 0x3F, 0xF0, 0x00, 0x00, 0xFF, 0xC0, 0x00, 0x03, 0xFF, 0x00, 0x00, 0x0F, 0xFC, 0x00,
    0x00, 0x3F, 0xF0, 0x00, 0x00, 0xFF, 0xC0, 0x00, 0x03, 0xFF, 0x00, 0x00, 0xBF, 0xFF, 0x80, 0x0F,
    0xFF, 0xFF, 0xC0, 0x3F, 0xFF, 0xFF, 0x00, 0xFF, 0xFF, 0xFC, 0x00, 0x00, 0x00, 0x00, 0x7F, 0xD0,
    0x3F, 0x1F, 0xFF, 0xEB, 0xE3, 0xFF, 0xFF, 0xFC, 0x7E, 0x1B, 0xFF, 0x47, 0xC0, 0x0B, 0x90, 0x00,
    0x00, 0x00, 0x00, 0x00, 0x00, 0x00, 0x00, 0xBF, 0xE0, 0x00, 0x0B, 0xFE, 0x00, 0x00, 0xBF, 0xE0,
    0x00, 0x0B, 0xFE, 0x00, 0x00, 0xBF, 0xE0, 0x00, 0x0B, 0xFE, 0x00, 0x00, 0xBF, 0xE0, 0x00, 0x0B,
    0xFE, 0x00, 0x00, 0xBF, 0xE0, 0x00, 0x0B, 0xFE, 0x00, 0x00, 0xBF, 0xE0, 0x00, 0x0B, 0xFE, 0x00,
    0x00, 0xBF, 0xE0, 0x00, 0x0B, 0xFE, 0x00, 0x00, 0xBF, 0xE0, 0x00, 0x0B, 0xFE, 0x00, 0x00, 0xBF,
    0xE0, 0x00, 0x0B, 0xFE, 0x00, 0x15, 0x55, 0x55, 0x3F, 0xFF, 0xFF, 0x3F, 0xFF, 0xFF, 0x3F, 0xFF,
    0xFF, 0x00, 0x00, 0x00, 0x00, 0x00, 0x00, 0x2F, 0xFF, 0xFE, 0x3F, 0xFF, 0xFF, 0x3F, 0xFF, 0xFF,
    0x1B, 0xFF, 0xF8, 0x00, 0xFF, 0xC0, 0x00, 0xFF, 0xC0, 0x00, 0xFF, 0xC0, 0x00, 0xFF, 0xC0, 0x00,
    0xFF, 0xC0, 0x00, 0xFF, 0xC0, 0x00, 0xFF, 0xC0, 0x00, 0xFF, 0xC0, 0x00, 0xFF, 0xC0, 0x00, 0xFF,
    0xC0, 0x00, 0xFF, 0xC0, 0x00, 0xFF, 0xC0, 0x00, 0xFF, 0xC0, 0x00, 0xFF, 0xC0, 0x00, 0xFF, 0xC0,
    0x00, 0xFF, 0xC0, 0x0B, 0xFF, 0xF8, 0x3F, 0xFF, 0xFF, 0x3F, 0xFF, 0xFF, 0x3F, 0xFF, 0xFF, 0x55,
    0x55, 0x55, 0xBF, 0xFF, 0xFE, 0xBF, 0xFF, 0xFE, 0x7F, 0xFF, 0xFD, 0x00, 0x00, 0x00, 0x00, 0x00,
    0x00, 0x02, 0xFF, 0x80, 0x02, 0xFF, 0x80, 0x02, 0xFF, 0x80, 0x02, 0xFF, 0x80, 0x02, 0xFF, 0x80,
    0x02, 0xFF, 0x80, 0x02, 0xFF, 0x80, 0x02, 0xFF, 0x80, 0x02, 0xFF, 0x80, 0x02, 0xFF, 0x80, 0x02,
    0xFF, 0x80, 0x02, 0xFF, 0x80, 0x02, 0xFF, 0x80, 0x02, 0xFF, 0x80, 0x02, 0xFF, 0x80, 0x02, 0xFF,
    0x80, 0x02, 0xFF, 0x80, 0x02, 0xFF, 0x80, 0x68, 0x00, 0x0A, 0x87, 0xE0, 0x01, 0xFC, 0x3F, 0xEA,
    0xFF, 0x82, 0xFF, 0xFF, 0xF0, 0x0B, 0xFF, 0xFC, 0x00, 0x0A, 0xF9, 0x00, 0x00, 0x00, 0x00, 0x00,
    0x00, 0x00, 0x00, 0x2F, 0xFF, 0xFE, 0x03, 0xFF, 0xFF, 0xF0, 0x3F, 0xFF, 0xFF, 0x01, 0xBF, 0xFF,
    0x80, 0x00, 0xFF, 0xC0, 0x00, 0x0F, 0xFC, 0x00, 0x00, 0xFF, 0xC0, 0x00, 0x0F, 0xFC, 0x00, 0x00,
    0xFF, 0xC0, 0x00, 0x0F, 0xFC, 0x00, 0x00, 0xFF, 0xC0, 0x00, 0x0F, 0xFC, 0x00, 0x00, 0xFF, 0xC0,
    0x00, 0x0F, 0xFC, 0x00, 0x00, 0xFF, 0xC0, 0x00, 0x0F, 0xFC, 0x00, 0x00, 0xFF, 0xC0, 0x00, 0x0F,
    0xFC, 0x00, 0x00, 0xFF, 0xC0, 0x00, 0x0F, 0xFC, 0x00, 0x0B, 0xFF, 0xF8, 0x03, 0xFF, 0xFF, 0xF0,
    0x3F, 0xFF, 0xFF, 0x03, 0xFF, 0xFF, 0xF0, 0x2A, 0x00, 0x02, 0x93, 0xF0, 0x00, 0xBE, 0x2F, 0xFA,
    0xFF, 0xC0, 0xFF, 0xFF, 0xF4, 0x03, 0xFF, 0xFD, 0x00, 0x06, 0xF9, 0x00, 0x00, 0x00, 0x00, 0x00,
    0x00, 0x00, 0x00, 0x00, 0xBF, 0xE0, 0x00, 0x0B, 0xFE, 0x00, 0x00, 0xBF, 0xE0, 0x00, 0x0B, 0xFE,
    0x00, 0x00, 0xBF, 0xE0, 0x00, 0x0B, 0xFE, 0x00, 0x00, 0xBF, 0xE0, 0x00, 0x0B, 0xFE, 0x00, 0x00,
    0xBF, 0xE0, 0x00, 0x0B, 0xFE, 0x00, 0x00, 0xBF, 0xE0, 0x00, 0x0B, 0xFE, 0x00, 0x00, 0xBF, 0xE0,
    0x00, 0x0B, 0xFE, 0x00, 0x00, 0xBF, 0xE0, 0x00, 0x0B, 0xFE, 0x00, 0x00, 0xBF, 0xE0, 0x00, 0x0B,
    0xFE, 0x00, 0xBF, 0xFF, 0xFB, 0xFF, 0xFF, 0xFF, 0xFF, 0xFF, 0xDB, 0xFF, 0xF8, 0x03, 0xFF, 0x00,
    0x0F, 0xFC, 0x00, 0x3F, 0xF0, 0x00, 0xFF, 0xC0, 0x03, 0xFF, 0x00, 0x0F, 0xFC, 0x00, 0x3F, 0xF0,
    0x00, 0xFF, 0xC0, 0x03, 0xFF, 0x00, 0x0F, 0xFC, 0x00, 0x3F, 0xF0, 0x00, 0xFF, 0xC0, 0x03, 0xFF,
    0x00, 0x0F, 0xFC, 0x00, 0x3F, 0xF0, 0x00, 0xFF, 0xC0, 0x2F, 0xFF, 0xE3, 0xFF, 0xFF, 0xFF, 0xFF,
    0xFF, 0xFF, 0xFF, 0xFF, 0x00, 0x0F, 0xD0, 0x00, 0xFD, 0x00, 0x07, 0xF0, 0x00, 0x3F, 0x80, 0x00,
    0xFF, 0x54, 0x02, 0xFF, 0xE0, 0x03, 0xFF, 0x80, 0x01, 0xA9, 0x01, 0x40, 0x7F, 0xD2, 0xFF, 0x8B,
    0xFE, 0x1F, 0xF4, 0x05, 0x00, 0x00, 0x00, 0x00, 0x2F, 0xF8, 0xBF, 0xE2, 0xFF, 0x8B, 0xFE, 0x2F,
    0xF8, 0xBF, 0xE2, 0xFF, 0x8B, 0xFE, 0x2F, 0xF8, 0xBF, 0xE2, 0xFF, 0x8B, 0xFE, 0x2F, 0xF8, 0xBF,
    0xE2, 0xFF, 0x8B, 0xFE, 0x2F, 0xF8, 0xBF, 0xE0, 0xBE, 0x0B, 0xE0, 0x3F, 0x02, 0xFC, 0x0B, 0xF5,
    0x5F, 0xFF, 0x3F, 0xFC, 0x1A, 0x90, 0x00, 0x10, 0x00, 0x0B, 0xF8, 0x00, 0x3F, 0xF0, 0x00, 0xFF,
    0xC0, 0x03, 0xFF, 0x00, 0x01, 0x90, 0x00, 0x00, 0x00, 0x00, 0x00, 0x00, 0xBF, 0xFF, 0xFB, 0xFF,
    0xFF, 0xFF, 0xFF, 0xFF, 0xDB, 0xFF, 0xF8, 0x03, 0xFF, 0x00, 0x0F, 0xFC, 0x00, 0x3F, 0xF0, 0x00,
    0xFF, 0xC0, 0x03, 0xFF, 0x00, 0x0F, 0xFC, 0x00, 0x3F, 0xF0, 0x00, 0xFF, 0xC0, 0x03, 0xFF, 0x00,
    0x0F, 0xFC, 0x00, 0x3F, 0xF0, 0x00, 0xFF, 0xC0, 0x03, 0xFF, 0x00, 0x0F, 0xFC, 0x00, 0x3F, 0xF0,
    0x00, 0xFF, 0xC0, 0x2F, 0xFF, 0xE3, 0xFF, 0xFF, 0xFF, 0xFF, 0xFF, 0xFF, 0xFF, 0xFF, 0x00, 0x0B,
    0xFE, 0xBF, 0xEB, 0xFE, 0xBF, 0xEB, 0xFE, 0xBF, 0xEB, 0xFE, 0xBF, 0xEB, 0xFE, 0xBF, 0xEB, 0xFE,
    0xBF, 0xEB, 0xFE, 0xBF, 0xEB, 0xFE, 0xBF, 0xEB, 0xFE, 0xBF, 0xE0, 0xBF, 0xFF, 0xF8, 0x02, 0xFF,
    0x7F, 0xFF, 0xFF, 0x00, 0xBF, 0xDF, 0xFF, 0xFF, 0xC0, 0x2F, 0xF5, 0xBF, 0xFF, 0x80, 0x0B, 0xFD,
    0x03, 0xFF, 0x00, 0x02, 0xFF, 0x40, 0xFF, 0xC0, 0x00, 0xBF, 0xD0, 0x3F, 0xF0, 0x00, 0x2F, 0xF4,
    0x0F, 0xFC, 0x00, 0x0B, 0xFD, 0x03, 0xFF, 0x00, 0x02, 0xFF, 0x40, 0xFF, 0xC0, 0x00, 0xBF, 0xD0,
    0x3F, 0xF0, 0x00, 0x2F, 0xF4, 0x0F, 0xFC, 0x00, 0x0B, 0xFD, 0x03, 0xFF, 0x00, 0x02, 0xFF, 0x40,
    0xFF, 0xC0, 0x00, 0xBF, 0xD0, 0x3F, 0xF0, 0x00, 0x2F, 0xF4, 0x0F, 0xFC, 0x00, 0x0B, 0xFD, 0x03,
    0xFF, 0x00, 0x02, 0xFF, 0x40, 0xFF, 0xC0, 0x00, 0xBF, 0xD0, 0x3F, 0xF0, 0x00, 0x2F, 0xF4, 0x0F,
    0xFC, 0x00, 0x0B, 0xFD, 0x2F, 0xFF, 0xE0, 0x02, 0xFF, 0x7F, 0xFF, 0xFF, 0x00, 0xBF, 0xDF, 0xFF,
    0xFF, 0xC0, 0x2F, 0xF7, 0xFF, 0xFF, 0xF0, 0x0B, 0xFD, 0x00, 0x00, 0x00, 0x03, 0xFF, 0x40, 0x00,
    0x00, 0x00, 0xFF, 0xC0, 0x00, 0x00, 0x55, 0xFF, 0xF0, 0x00, 0x00, 0x3F, 0xFF, 0xF4, 0x00, 0x00,
    0x0F, 0xFF, 0xF8, 0x00, 0x00, 0x03, 0xFF, 0xF8, 0x00, 0x00, 0x00, 0xFF, 0xE4, 0x00, 0x05, 0x00,
    0x00, 0x50, 0x7F, 0xD0, 0x03, 0xFD, 0xBF, 0xE0, 0x07, 0xFF, 0xBF, 0xE0, 0x0B, 0xFF, 0x7F, 0xD0,
    0x03, 0xFE, 0x05, 0x00, 0x00, 0x64, 0x00, 0x00, 0x00, 0x00, 0x00, 0x00, 0x00, 0x00, 0xBF, 0xE0,
    0x07, 0xFE, 0xBF, 0xE0, 0x07, 0xFE, 0xBF, 0xE0, 0x07, 0xFE, 0xBF, 0xE0, 0x07, 0xFE, 0xBF, 0xE0,
    0x07, 0xFE, 0xBF, 0xE0, 0x07, 0xFE, 0xBF, 0xE0, 0x07, 0xFE, 0xBF, 0xE0, 0x07, 0xFE, 0xBF, 0xE0,
    0x07, 0xFE, 0xBF, 0xE0, 0x07, 0xFE, 0xBF, 0xE0, 0x07, 0xFE, 0xBF, 0xE0, 0x07, 0xFE, 0xBF, 0xE0,
    0x07, 0xFE, 0xBF, 0xE0, 0x07, 0xFE, 0xBF, 0xE0, 0x07, 0xFE, 0xBF, 0xE0, 0x07, 0xFE, 0xBF, 0xE0,
    0x07, 0xFE, 0xBF, 0xE0, 0x07, 0xFE, 0x00, 0x00, 0x07, 0xFE, 0x00, 0x00, 0x07, 0xFE, 0x00, 0x00,
    0x0B, 0xFE, 0x00, 0x00, 0x1F, 0xFD, 0x00, 0x0B, 0xFF, 0xFC, 0x00, 0x0B, 0xFF, 0xFC, 0x00, 0x0B,
    0xFF, 0xF0, 0x00, 0x07, 0xFF, 0x40, 0x00, 0x0A, 0xA8, 0x00, 0x00, 0x3F, 0xFE, 0x00, 0x00, 0xBF,
    0xFF, 0x40, 0x02, 0xFF, 0x7F, 0xD0, 0x07, 0xF8, 0x0F, 0xF4, 0x0F, 0xD0, 0x02, 0xFC, 0x00, 0x00,
    0x00, 0x00, 0x00, 0x00, 0x00, 0x00, 0x00, 0x0F, 0xFC, 0x00, 0x00, 0x0F, 0xFC, 0x00, 0x00, 0x0F,
    0xFC, 0x00, 0x00, 0x0F, 0xFC, 0x00, 0x00, 0x0F, 0xFC, 0x00, 0x00, 0x0F, 0xFC, 0x00, 0x00, 0x0F,
    0xFC, 0x00, 0x00, 0x0F, 0xFC, 0x00, 0x00, 0x0F, 0xFC, 0x00, 0x00, 0x0F, 0xFC, 0x00, 0x00, 0x0F,
    0xFC, 0x00, 0x00, 0x0F, 0xFC, 0x00, 0x00, 0x0F, 0xFC, 0x00, 0x00, 0x0F, 0xFC, 0x00, 0x00, 0x0F,
    0xFC, 0x00, 0x00, 0x0F, 0xFC, 0x00, 0x00, 0x0F, 0xFC, 0x00, 0x00, 0x0F, 0xFC, 0x00, 0x00, 0x0F,
    0xFC, 0x00, 0x00, 0x0F, 0xFC, 0x00, 0x00, 0x0F, 0xFC, 0x00, 0x00, 0x0F, 0xFC, 0x00, 0x00, 0x0F,
    0xFC, 0x00, 0x00, 0x0F, 0xFC, 0x00, 0x00, 0x0F, 0xFC, 0x00, 0x00, 0x2F, 0xF8, 0x00, 0x15, 0xBF,
    0xF4, 0x00, 0x7F, 0xFF, 0xF0, 0x00, 0x7F, 0xFF, 0xD0, 0x00, 0x7F, 0xFF, 0x40, 0x00, 0x7F, 0xF8,
    0x00, 0x00, 0x00, 0x6A, 0x90, 0x00, 0x1F, 0xFF, 0x00, 0x03, 0xFF, 0xFC, 0x00, 0xFF, 0xAF, 0xF0,
    0x3F, 0xD0, 0xBF, 0xCB, 0xE0, 0x01, 0xFD, 0x00, 0x00, 0x00, 0x00, 0x00, 0x00, 0x00, 0x00, 0xBF,
    0xD0, 0x00, 0x0B, 0xFD, 0x00, 0x00, 0xBF, 0xD0, 0x00, 0x0B, 0xFD, 0x00, 0x00, 0xBF, 0xD0, 0x00,
    0x0B, 0xFD, 0x00, 0x00, 0xBF, 0xD0, 0x00, 0x0B, 0xFD, 0x00, 0x00, 0xBF, 0xD0, 0x00, 0x0B, 0xFD,
    0x00, 0x00, 0xBF, 0xD0, 0x00, 0x0B, 0xFD, 0x00, 0x00, 0xBF, 0xD0, 0x00, 0x0B, 0xFD, 0x00, 0x00,
    0xBF, 0xD0, 0x00, 0x0B, 0xFD, 0x00, 0x00, 0xBF, 0xD0, 0x00, 0x0B, 0xFD, 0x00, 0x00, 0xBF, 0xD0,
    0x00, 0x0B, 0xFD, 0x00, 0x00, 0xBF, 0xD0, 0x00, 0x1F, 0xFD, 0x00, 0xFF, 0xFF, 0xC0, 0x0F, 0xFF,
    0xF8, 0x00, 0xFF, 0xFE, 0x00, 0x0B, 0xFE, 0x40, 0x00, 0xFF, 0xC0, 0x00, 0x2F, 0xF8, 0xFF, 0xC0,
    0x00, 0xBF, 0xF0, 0xFF, 0xC0, 0x01, 0xFF, 0xD0, 0xFF, 0xC0, 0x03, 0xFF, 0x40, 0xFF, 0xC0, 0x0F,
    0xFE, 0x00, 0xFF, 0xC0, 0x2F, 0xFC, 0x00, 0xFF, 0xC0, 0xBF, 0xF0, 0x00, 0xFF, 0xC1, 0xFF, 0xD0,
    0x00, 0xFF, 0xC3, 0xFF, 0x80, 0x00, 0xFF, 0xCF, 0xFE, 0x00, 0x00, 0xFF, 0xEF, 0xFC, 0x00, 0x00,
    0xFF, 0xFF, 0xFD, 0x00, 0x00, 0xFF, 0xFF, 0xFF, 0x00, 0x00, 0xFF, 0xFF, 0xFF, 0x80, 0x00, 0xFF,
    0xF6, 0xFF, 0xC0, 0x00, 0xFF, 0xC0, 0xFF, 0xF0, 0x00, 0xFF, 0xC0, 0x7F, 0xF4, 0x00, 0xFF, 0xC0,
    0x2F, 0xFC, 0x00, 0xFF, 0xC0, 0x0F, 0xFE, 0x00, 0xFF, 0xC0, 0x07, 0xFF, 0x40, 0xFF, 0xC0, 0x03,
    0xFF, 0xC0, 0xFF, 0xC0, 0x00, 0xFF, 0xE0, 0xFF, 0xC0, 0x00, 0xBF, 0xF0, 0xFF, 0xC0, 0x00, 0x3F,
    0xFC, 0x00, 0x00, 0x00, 0x00, 0x00, 0x00, 0x00, 0x00, 0x00, 0x00, 0x00, 0x03, 0xFD, 0x00, 0x00,
    0x00, 0x07, 0xFC, 0x00, 0x00, 0x00, 0x0B, 0xF8, 0x00, 0x00, 0x00, 0x0F, 0xF0, 0x00, 0x00, 0x00,
    0x0F, 0xD0, 0x00, 0x00, 0x00, 0x05, 0x40, 0x00, 0x00, 0x15, 0x40, 0x00, 0x00, 0x01, 0xFF, 0x80,
    0x00, 0x00, 0x07, 0xFE, 0x00, 0x00, 0x00, 0x1F, 0xF8, 0x00, 0x00, 0x00, 0x7F, 0xE0, 0x00, 0x00,
    0x01, 0xFF, 0x80, 0x00, 0x00, 0x07, 0xFE, 0x00, 0x00, 0x00, 0x1F, 0xF8, 0x00, 0x00, 0x00, 0x7F,
    0xE0, 0x00, 0xFF, 0xE1, 0xFF, 0x80, 0x0F, 0xFE, 0x07, 0xFE, 0x00, 0xFF, 0xE0, 0x1F, 0xF8, 0x0F,
    0xFF, 0x00, 0x7F, 0xE0, 0xBF, 0xF0, 0x01, 0xFF, 0x8B, 0xFF, 0x00, 0x07, 0xFD, 0x7F, 0xF0, 0x00,
    0x1F, 0xFB, 0xFF, 0x40, 0x00, 0x7F, 0xFF, 0xFE, 0x00, 0x01, 0xFF, 0xFF, 0xFD, 0x00, 0x07, 0xFF,
    0xFF, 0xFC, 0x00, 0x1F, 0xFE, 0x2F, 0xFC, 0x00, 0x7F, 0xE0, 0x3F, 0xF8, 0x01, 0xFF, 0x80, 0x7F,
    0xF4, 0x07, 0xFE, 0x00, 0xBF, 0xF0, 0x1F, 0xF8, 0x00, 0xFF, 0xF0, 0x7F, 0xE0, 0x00, 0xFF, 0xE1,
    0xFF, 0x80, 0x01, 0xFF, 0xD0, 0x00, 0x00, 0x00, 0x00, 0x00, 0x00, 0x00, 0x00, 0x00, 0x00, 0x07,
    0xFC, 0x00, 0x00, 0x00, 0x2F, 0xF0, 0x00, 0x00, 0x00, 0xFF, 0x40, 0x00, 0x00, 0x03, 0xFC, 0x00,
    0x00, 0x00, 0x1F, 0xC0, 0x00, 0x00, 0x00, 0x14, 0x00, 0x00, 0x00, 0x00, 0x00, 0x00, 0x00, 0x01,
    0xFF, 0x80, 0x02, 0xFF, 0x87, 0xFE, 0x00, 0x2F, 0xF8, 0x1F, 0xF8, 0x01, 0xFF, 0xC0, 0x7F, 0xE0,
    0x1F, 0xFC, 0x01, 0xFF, 0x80, 0xFF, 0xC0, 0x07, 0xFE, 0x0F, 0xFD, 0x00, 0x1F, 0xF8, 0xFF, 0xD0,
    0x00, 0x7F, 0xEB, 0xFE, 0x00, 0x01, 0xFF, 0xFF, 0xF4, 0x00, 0x07, 0xFF, 0xFF, 0xF0, 0x00, 0x1F,
    0xFF, 0xFF, 0xF0, 0x00, 0x7F, 0xFD, 0xFF, 0xE0, 0x01, 0xFF, 0x80, 0xFF, 0xD0, 0x07, 0xFE, 0x01,
    0xFF, 0xC0, 0x1F, 0xF8, 0x02, 0xFF, 0xC0, 0x7F, 0xE0, 0x03, 0xFF, 0x81, 0xFF, 0x80, 0x03, 0xFF,
    0x87, 0xFE, 0x00, 0x07, 0xFF, 0x40, 0x00, 0x6A, 0xA0, 0x00, 0x01, 0xFF, 0xD0, 0x00, 0x03, 0xFF,
    0x00, 0x00, 0x0F, 0xFC, 0x00, 0x00, 0x2F, 0xE0, 0x00, 0x00, 0x7F, 0x40, 0x00, 0x00, 0x00, 0x00,
    0x00, 0x00, 0x00, 0x00, 0x00, 0x00, 0x3F, 0xE0, 0x00, 0x00, 0x3F, 0xF0, 0x00, 0x00, 0x3F, 0xF0,
    0x00, 0x00, 0x3F, 0xF0, 0x00, 0x00, 0x3F, 0xF0, 0x00, 0x00, 0x3F, 0xF0, 0x00, 0x00, 0x3F, 0xF0,
    0x00, 0x00, 0x3F, 0xF0, 0x00, 0x00, 0x3F, 0xF0, 0x00, 0x00, 0x3F, 0xF0, 0x00, 0x00, 0x3F, 0xF0,
    0x00, 0x00, 0x3F, 0xF0, 0x00, 0x00, 0x3F, 0xF0, 0x00, 0x00, 0x3F, 0xF0, 0x00, 0x00, 0x3F, 0xF0,
    0x00, 0x00, 0x3F, 0xF0, 0x00, 0x00, 0x3F, 0xF0, 0x00, 0x00, 0x3F, 0xF0, 0x00, 0x00, 0x3F, 0xF0,
    0x00, 0x00, 0x3F, 0xF0, 0x00, 0x00, 0x3F, 0xFF, 0xFF, 0xFE, 0x3F, 0xFF, 0xFF, 0xFE, 0x3F, 0xFF,
    0xFF, 0xFE, 0x3F, 0xFF, 0xFF, 0xFE, 0x00, 0xAA, 0x90, 0x2F, 0xFC, 0x07, 0xFF, 0x00, 0xFF, 0x80,
    0x3F, 0xD0, 0x0B, 0xE0, 0x00, 0x00, 0x00, 0x01, 0x54, 0x00, 0xBF, 0xD0, 0x0B, 0xFD, 0x00, 0xBF,
    0xD0, 0x0B, 0xFD, 0x00, 0xBF, 0xD0, 0x0B, 0xFD, 0x00, 0xBF, 0xD0, 0x0B, 0xFD, 0x00, 0xBF, 0xD0,
    0x0B, 0xFD, 0x00, 0xBF, 0xD0, 0x0B, 0xFD, 0x00, 0xBF, 0xD0, 0x0B, 0xFD, 0x00, 0xBF, 0xD0, 0x0B,
    0xFD, 0x00, 0xBF, 0xD0, 0x0B, 0xFD, 0x00, 0xBF, 0xD0, 0x0B, 0xFD, 0x00, 0xBF, 0xD0, 0x0B, 0xFD,
    0x00, 0xBF, 0xD0, 0x0B, 0xFD, 0x00, 0xBF, 0xD0, 0x00, 0x3F, 0xE0, 0x00, 0x00, 0x3F, 0xF0, 0x00,
    0x00, 0x3F, 0xF0, 0x00, 0x00, 0x3F, 0xF0, 0x00, 0x00, 0x3F, 0xF0, 0x00, 0x00, 0x3F, 0xF0, 0x00,
    0x00, 0x3F, 0xF0, 0x00, 0x00, 0x3F, 0xF0, 0x00, 0x00, 0x3F, 0xF0, 0x00, 0x00, 0x3F, 0xF0, 0x00,
    0x00, 0x3F, 0xF0, 0x00, 0x00, 0x3F, 0xF0, 0x00, 0x00, 0x3F, 0xF0, 0x00, 0x00, 0x3F, 0xF0, 0x00,
    0x00, 0x3F, 0xF0, 0x00, 0x00, 0x3F, 0xF0, 0x00, 0x00, 0x3F, 0xF0, 0x00, 0x00, 0x3F, 0xF0, 0x00,
    0x00, 0x3F, 0xF0, 0x00, 0x00, 0x3F, 0xF0, 0x00, 0x00, 0x3F, 0xFF, 0xFF, 0xFE, 0x3F, 0xFF, 0xFF,
    0xFE, 0x3F, 0xFF, 0xFF, 0xFE, 0x3F, 0xFF, 0xFF, 0xFE, 0x00, 0x00, 0x00, 0x00, 0x00, 0x00, 0x00,
    0x00, 0x00, 0x0B, 0xFC, 0x00, 0x00, 0x0F, 0xF8, 0x00, 0x00, 0x0F, 0xF0, 0x00, 0x00, 0x1F, 0xE0,
    0x00, 0x00, 0x2F, 0xC0, 0x00, 0x00, 0x05, 0x00, 0x00, 0x15, 0x4B, 0xFD, 0xBF, 0xDB, 0xFD, 0xBF,
    0xDB, 0xFD, 0xBF, 0xDB, 0xFD, 0xBF, 0xDB, 0xFD, 0xBF, 0xDB, 0xFD, 0xBF, 0xDB, 0xFD, 0xBF, 0xDB,
    0xFD, 0xBF, 0xDB, 0xFD, 0xBF, 0xDB, 0xFD, 0xBF, 0xDB, 0xFD, 0xBF, 0xDB, 0xFD, 0xBF, 0xDB, 0xFD,
    0x00, 0x00, 0x00, 0x3F, 0xE3, 0xFD, 0x3F, 0xC7, 0xF4, 0xBE, 0x05, 0x40, 0x3F, 0xE0, 0x00, 0xFF,
    0x4F, 0xFC, 0x00, 0x7F, 0xC3, 0xFF, 0x00, 0x2F, 0xD0, 0xFF, 0xC0, 0x0B, 0xF0, 0x3F, 0xF0, 0x03,
    0xF4, 0x0F, 0xFC, 0x00, 0xA4, 0x03, 0xFF, 0x00, 0x00, 0x00, 0xFF, 0xC0, 0x00, 0x00, 0x3F, 0xF0,
    0x00, 0x00, 0x0F, 0xFC, 0x00, 0x00, 0x03, 0xFF, 0x00, 0x00, 0x00, 0xFF, 0xC0, 0x00, 0x00, 0x3F,
    0xF0, 0x00, 0x00, 0x0F, 0xFC, 0x00, 0x00, 0x03, 0xFF, 0x00, 0x00, 0x00, 0xFF, 0xC0, 0x00, 0x00,
    0x3F, 0xF0, 0x00, 0x00, 0x0F, 0xFC, 0x00, 0x00, 0x03, 0xFF, 0x00, 0x00, 0x00, 0xFF, 0xC0, 0x00,
    0x00, 0x3F, 0xFF, 0xFF, 0xFE, 0x0F, 0xFF, 0xFF, 0xFF, 0x83, 0xFF, 0xFF, 0xFF, 0xE0, 0xFF, 0xFF,
    0xFF, 0xF8, 0x15, 0x40, 0x55, 0x2F, 0xF4, 0x3F, 0xDB, 0xFD, 0x1F, 0xF2, 0xFF, 0x4B, 0xF4, 0xBF,
    0xD2, 0xFC, 0x2F, 0xF4, 0xFC, 0x0B, 0xFD, 0x00, 0x02, 0xFF, 0x40, 0x00, 0xBF, 0xD0, 0x00, 0x2F,
    0xF4, 0x00, 0x0B, 0xFD, 0x00, 0x02, 0xFF, 0x40, 0x00, 0xBF, 0xD0, 0x00, 0x2F, 0xF4, 0x00, 0x0B,
    0xFD, 0x00, 0x02, 0xFF, 0x40, 0x00, 0xBF, 0xD0, 0x00, 0x2F, 0xF4, 0x00, 0x0B, 0xFD, 0x00, 0x02,
    0xFF, 0x40, 0x00, 0xBF, 0xD0, 0x00, 0x2F, 0xF4, 0x00, 0x0B, 0xFD, 0x00, 0x02, 0xFF, 0x40, 0x00,
    0xBF, 0xD0, 0x00, 0x2F, 0xF4, 0x00, 0x00, 0x3F, 0xE0, 0x00, 0x00, 0x3F, 0xF0, 0x00, 0x00, 0x3F,
    0xF0, 0x00, 0x00, 0x3F, 0xF0, 0x00, 0x00, 0x3F, 0xF0, 0x00, 0x00, 0x3F, 0xF0, 0x00, 0x00, 0x3F,
    0xF0, 0x00, 0x00, 0x3F, 0xF0, 0x00, 0x00, 0x3F, 0xF0, 0x01, 0x40, 0x3F, 0xF0, 0x0F, 0xF4, 0x3F,
    0xF0, 0x2F, 0xF8, 0x3F, 0xF0, 0x2F, 0xFC, 0x3F, 0xF0, 0x1F, 0xF4, 0x3F, 0xF0, 0x01, 0x40, 0x3F,
    0xF0, 0x00, 0x00, 0x3F, 0xF0, 0x00, 0x00, 0x3F, 0xF0, 0x00, 0x00, 0x3F, 0xF0, 0x00, 0x00, 0x3F,
    0xF0, 0x00, 0x00, 0x3F, 0xF0, 0x00, 0x00, 0x3F, 0xFF, 0xFF, 0xFE, 0x3F, 0xFF, 0xFF, 0xFE, 0x3F,
    0xFF, 0xFF, 0xFE, 0x3F, 0xFF, 0xFF, 0xFE, 0x15, 0x40, 0x00, 0xBF, 0xD0, 0x00, 0xBF, 0xD0, 0x00,
    0xBF, 0xD0, 0x00, 0xBF, 0xD0, 0x00, 0xBF, 0xD0, 0x00, 0xBF, 0xD0, 0x00, 0xBF, 0xD0, 0x00, 0xBF,
    0xD0, 0x00, 0xBF, 0xD0, 0x00, 0xBF, 0xD0, 0x50, 0xBF, 0xD3, 0xFD, 0xBF, 0xDB, 0xFF, 0xBF, 0xDB,
    0xFF, 0xBF, 0xD7, 0xFD, 0xBF, 0xD0, 0x60, 0xBF, 0xD0, 0x00, 0xBF, 0xD0, 0x00, 0xBF, 0xD0, 0x00,
    0xBF, 0xD0, 0x00, 0xBF, 0xD0, 0x00, 0xBF, 0xD0, 0x00, 0xBF, 0xD0, 0x00, 0xBF, 0xD0, 0x00, 0xBF,
    0xD0, 0x00, 0xBF, 0xD0, 0x00, 0x03, 0xFF, 0x00, 0x00, 0x00, 0x3F, 0xF0, 0x00, 0x00, 0x03, 0xFF,
    0x00, 0x00, 0x00, 0x3F, 0xF0, 0x00, 0x00, 0x03, 0xFF, 0x00, 0x00, 0x00, 0x3F, 0xF0, 0x00, 0x00,
    0x03, 0xFF, 0x00, 0x00, 0x00, 0x3F, 0xF1, 0x40, 0x00, 0x03, 0xFF, 0xBC, 0x00, 0x00, 0x3F, 0xFF,
    0xE0, 0x00, 0x03, 0xFF, 0xFF, 0x00, 0x00, 0x3F, 0xFF, 0x40, 0x00, 0x1F, 0xFF, 0x80, 0x00, 0x0B,
    0xFF, 0xF0, 0x00, 0x00, 0x7F, 0xFF, 0x00, 0x00, 0x03, 0xFF, 0xF0, 0x00, 0x00, 0x07, 0xFF, 0x00,
    0x00, 0x00, 0x3F, 0xF0, 0x00, 0x00, 0x03, 0xFF, 0x00, 0x00, 0x00, 0x3F, 0xF0, 0x00, 0x00, 0x03,
    0xFF, 0xFF, 0xFF, 0xE0, 0x3F, 0xFF, 0xFF, 0xFE, 0x03, 0xFF, 0xFF, 0xFF, 0xE0, 0x3F, 0xFF, 0xFF,
    0xFE, 0x00, 0x55, 0x00, 0x01, 0xFF, 0x80, 0x01, 0xFF, 0x80, 0x01, 0xFF, 0x80, 0x01, 0xFF, 0x80,
    0x01, 0xFF, 0x80, 0x01, 0xFF, 0x80, 0x01, 0xFF, 0x80, 0x01, 0xFF, 0x80, 0x01, 0xFF, 0x80, 0x01,
    0xFF, 0xA0, 0x01, 0xFF, 0xF4, 0x01, 0xFF, 0xFC, 0x01, 0xFF, 0xFD, 0x07, 0xFF, 0xE0, 0x3F, 0xFF,
    0x80, 0x3F, 0xFF, 0x80, 0x1F, 0xFF, 0x80, 0x0A, 0xFF, 0x80, 0x01, 0xFF, 0x80, 0x01, 0xFF, 0x80,
    0x01, 0xFF, 0x80, 0x01, 0xFF, 0x80, 0x01, 0xFF, 0x80, 0x01, 0xFF, 0x80, 0x01, 0xFF, 0x80, 0x00,
    0x00, 0x01, 0xAA, 0x80, 0x00, 0x00, 0x00, 0x3F, 0xF4, 0x00, 0x00, 0x00, 0x0F, 0xFD, 0x00, 0x00,
    0x00, 0x02, 0xFF, 0x00, 0x00, 0x00, 0x00, 0xBF, 0x80, 0x00, 0x00, 0x00, 0x0F, 0xD0, 0x00, 0x00,
    0x00, 0x00, 0x00, 0x00, 0x00, 0x00, 0x00, 0x00, 0x00, 0x00, 0x00, 0xFF, 0xF4, 0x00, 0x00, 0x7F,
    0xCF, 0xFF, 0xC0, 0x00, 0x07, 0xFC, 0xFF, 0xFE, 0x00, 0x00, 0x7F, 0xCF, 0xFF, 0xF4, 0x00, 0x07,
    0xFC, 0xFF, 0xFF, 0xC0, 0x00, 0x7F, 0xCF, 0xFF, 0xFD, 0x00, 0x07, 0xFC, 0xFF, 0xBF, 0xF0, 0x00,
    0x7F, 0xCF, 0xF7, 0xFF, 0x80, 0x07, 0xFC, 0xFF, 0x4F, 0xFC, 0x00, 0x7F, 0xCF, 0xF4, 0xBF, 0xF0,
    0x07, 0xFC, 0xFF, 0x43, 0xFF, 0x40, 0x7F, 0xCF, 0xF4, 0x2F, 0xFC, 0x07, 0xFC, 0xFF, 0x40, 0xFF,
    0xD0, 0x7F, 0xCF, 0xF8, 0x07, 0xFF, 0x07, 0xFC, 0xFF, 0x80, 0x3F, 0xF8, 0x7F, 0xCF, 0xF8, 0x00,
    0xFF, 0xC7, 0xFC, 0xFF, 0x80, 0x0B, 0xFF, 0x7F, 0xCF, 0xF8, 0x00, 0x3F, 0xFB, 0xFC, 0xFF, 0x80,
    0x01, 0xFF, 0xFF, 0xCF, 0xF8, 0x00, 0x0F, 0xFF, 0xFC, 0xFF, 0x80, 0x00, 0x7F, 0xFF, 0xCF, 0xF8,
    0x00, 0x02, 0xFF, 0xFC, 0xFF, 0x80, 0x00, 0x0F, 0xFF, 0xCF, 0xF8, 0x00, 0x00, 0xBF, 0xFC, 0x00,
    0x00, 0x0A, 0xA9, 0x00, 0x00, 0x02, 0xFF, 0xC0, 0x00, 0x00, 0xBF, 0xE0, 0x00, 0x00, 0x1F, 0xF8,
    0x00, 0x00, 0x03, 0xFD, 0x00, 0x00, 0x00, 0xBE, 0x00, 0x00, 0x00, 0x00, 0x00, 0x00, 0x00, 0x00,
    0x01, 0xA4, 0x00, 0xBF, 0x83, 0xFF, 0xF8, 0x0B, 0xFC, 0xFF, 0xFF, 0xF0, 0xBF, 0xFF, 0xFF, 0xFF,
    0x8B, 0xFF, 0xF9, 0xBF, 0xFC, 0xBF, 0xF8, 0x01, 0xFF, 0xCB, 0xFF, 0x00, 0x0F, 0xFD, 0xBF, 0xF0,
    0x00, 0xFF, 0xDB, 0xFE, 0x00, 0x0B, 0xFD, 0xBF, 0xD0, 0x00, 0xBF, 0xDB, 0xFD, 0x00, 0x0B, 0xFD,
    0xBF, 0xD0, 0x00, 0xBF, 0xDB, 0xFD, 0x00, 0x0B, 0xFD, 0xBF, 0xD0, 0x00, 0xBF, 0xDB, 0xFD, 0x00,
    0x0B, 0xFD, 0xBF, 0xD0, 0x00, 0xBF, 0xDB, 0xFD, 0x00, 0x0B, 0xFD, 0xBF, 0xD0, 0x00, 0xBF, 0xDB,
    0xFD, 0x00, 0x0B, 0xFD, 0xFF, 0xF4, 0x00, 0x00, 0x7F, 0xCF, 0xFF, 0xC0, 0x00, 0x07, 0xFC, 0xFF,
    0xFE, 0x00, 0x00, 0x7F, 0xCF, 0xFF, 0xF4, 0x00, 0x07, 0xFC, 0xFF, 0xFF, 0xC0, 0x00, 0x7F, 0xCF,
    0xFF, 0xFD, 0x00, 0x07, 0xFC, 0xFF, 0xBF, 0xF0, 0x00, 0x7F, 0xCF, 0xF7, 0xFF, 0x80, 0x07, 0xFC,
    0xFF, 0x4F, 0xFC, 0x00, 0x7F, 0xCF, 0xF4, 0xBF, 0xF0, 0x07, 0xFC, 0xFF, 0x43, 0xFF, 0x40, 0x7F,
    0xCF, 0xF4, 0x2F, 0xFC, 0x07, 0xFC, 0xFF, 0x40, 0xFF, 0xD0, 0x7F, 0xCF, 0xF8, 0x07, 0xFF, 0x07,
    0xFC, 0xFF, 0x80, 0x3F, 0xF8, 0x7F, 0xCF, 0xF8, 0x00, 0xFF, 0xC7, 0xFC, 0xFF, 0x80, 0x0B, 0xFF,
    0x7F, 0xCF, 0xF8, 0x00, 0x3F, 0xFB, 0xFC, 0xFF, 0x80, 0x01, 0xFF, 0xFF, 0xCF, 0xF8, 0x00, 0x0F,
    0xFF, 0xFC, 0xFF, 0x80, 0x00, 0x7F, 0xFF, 0xCF, 0xF8, 0x00, 0x02, 0xFF, 0xFC, 0xFF, 0x80, 0x00,
    0x0F, 0xFF, 0xCF, 0xF8, 0x00, 0x00, 0xBF, 0xFC, 0x00, 0x00, 0x00, 0x00, 0x00, 0x00, 0x00, 0x00,
    0x00, 0x00, 0x00, 0x00, 0x00, 0x7F, 0xC0, 0x00, 0x00, 0x00, 0x0B, 0xFC, 0x00, 0x00, 0x00, 0x00,
    0xFF, 0x40, 0x00, 0x00, 0x00, 0x0F, 0xF0, 0x00, 0x00, 0x00, 0x01, 0xFC, 0x00, 0x00, 0x00, 0x00,
    0x05, 0x00, 0x00, 0x00, 0x00, 0x00, 0x1A, 0x40, 0x0B, 0xF8, 0x3F, 0xFF, 0x80, 0xBF, 0xCF, 0xFF,
    0xFF, 0x0B, 0xFF, 0xFF, 0xFF, 0xF8, 0xBF, 0xFF, 0x9B, 0xFF, 0xCB, 0xFF, 0x80, 0x1F, 0xFC, 0xBF,
    0xF0, 0x00, 0xFF, 0xDB, 0xFF, 0x00, 0x0F, 0xFD, 0xBF, 0xE0, 0x00, 0xBF, 0xDB, 0xFD, 0x00, 0x0B,
    0xFD, 0xBF, 0xD0, 0x00, 0xBF, 0xDB, 0xFD, 0x00, 0x0B, 0xFD, 0xBF, 0xD0, 0x00, 0xBF, 0xDB, 0xFD,
    0x00, 0x0B, 0xFD, 0xBF, 0xD0, 0x00, 0xBF, 0xDB, 0xFD, 0x00, 0x0B, 0xFD, 0xBF, 0xD0, 0x00, 0xBF,
    0xDB, 0xFD, 0x00, 0x0B, 0xFD, 0xBF, 0xD0, 0x00, 0xBF, 0xD0, 0x00, 0x00, 0x00, 0x00, 0x00, 0x00,
    0x00, 0x00, 0x00, 0x00, 0x3F, 0xE0, 0x00, 0x00, 0x03, 0xFC, 0x00, 0x00, 0x00, 0x7F, 0x80, 0x00,
    0x00, 0x0B, 0xF0, 0x00, 0x00, 0x00, 0xFE, 0x00, 0x00, 0x00, 0x05, 0x40, 0x00, 0x00, 0x00, 0xA8,
    0x00, 0x06, 0x90, 0x00, 0x0B, 0xF8, 0x03, 0xFD, 0x00, 0x00, 0x2F, 0xF1, 0xFF, 0x40, 0x00, 0x00,
    0xFF, 0xFF, 0xD0, 0x00, 0x00, 0x03, 0xFF, 0xF8, 0x00, 0x00, 0x00, 0x1F, 0xFE, 0x00, 0x00, 0x00,
    0x00, 0x00, 0x00, 0x00, 0x00, 0x00, 0x00, 0x00, 0x00, 0x00, 0xFF, 0xF4, 0x00, 0x00, 0x7F, 0xCF,
    0xFF, 0xC0, 0x00, 0x07, 0xFC, 0xFF, 0xFE, 0x00, 0x00, 0x7F, 0xCF, 0xFF, 0xF4, 0x00, 0x07, 0xFC,
    0xFF, 0xFF, 0xC0, 0x00, 0x7F, 0xCF, 0xFF, 0xFD, 0x00, 0x07, 0xFC, 0xFF, 0xBF, 0xF0, 0x00, 0x7F,
    0xCF, 0xF7, 0xFF, 0x80, 0x07, 0xFC, 0xFF, 0x4F, 0xFC, 0x00, 0x7F, 0xCF, 0xF4, 0xBF, 0xF0, 0x07,
    0xFC, 0xFF, 0x43, 0xFF, 0x40, 0x7F, 0xCF, 0xF4, 0x2F, 0xFC, 0x07, 0xFC, 0xFF, 0x40, 0xFF, 0xD0,
    0x7F, 0xCF, 0xF8, 0x07, 0xFF, 0x07, 0xFC, 0xFF, 0x80, 0x3F, 0xF8, 0x7F, 0xCF, 0xF8, 0x00, 0xFF,
    0xC7, 0xFC, 0xFF, 0x80, 0x0B, 0xFF, 0x7F, 0xCF, 0xF8, 0x00, 0x3F, 0xFB, 0xFC, 0xFF, 0x80, 0x01,
    0xFF, 0xFF, 0xCF, 0xF8, 0x00, 0x0F, 0xFF, 0xFC, 0xFF, 0x80, 0x00, 0x7F, 0xFF, 0xCF, 0xF8, 0x00,
    0x02, 0xFF, 0xFC, 0xFF, 0x80, 0x00, 0x0F, 0xFF, 0xCF, 0xF8, 0x00, 0x00, 0xBF, 0xFC, 0x06, 0x90,
    0x00, 0x2A, 0x00, 0x7F, 0xC0, 0x2F, 0xE0, 0x01, 0xFF, 0x4F, 0xF8, 0x00, 0x07, 0xFF, 0xFF, 0x00,
    0x00, 0x2F, 0xFF, 0xC0, 0x00, 0x00, 0xBF, 0xF4, 0x00, 0x00, 0x00, 0x00, 0x00, 0x00, 0x00, 0x01,
    0xA4, 0x00, 0xBF, 0x83, 0xFF, 0xF8, 0x0B, 0xFC, 0xFF, 0xFF, 0xF0, 0xBF, 0xFF, 0xFF, 0xFF, 0x8B,
    0xFF, 0xF9, 0xBF, 0xFC, 0xBF, 0xF8, 0x01, 0xFF, 0xCB, 0xFF, 0x00, 0x0F, 0xFD, 0xBF, 0xF0, 0x00,
    0xFF, 0xDB, 0xFE, 0x00, 0x0B, 0xFD, 0xBF, 0xD0, 0x00, 0xBF, 0xDB, 0xFD, 0x00, 0x0B, 0xFD, 0xBF,
    0xD0, 0x00, 0xBF, 0xDB, 0xFD, 0x00, 0x0B, 0xFD, 0xBF, 0xD0, 0x00, 0xBF, 0xDB, 0xFD, 0x00, 0x0B,
    0xFD, 0xBF, 0xD0, 0x00, 0xBF, 0xDB, 0xFD, 0x00, 0x0B, 0xFD, 0xBF, 0xD0, 0x00, 0xBF, 0xDB, 0xFD,
    0x00, 0x0B, 0xFD, 0x07, 0xFC, 0x00, 0x00, 0x00, 0x00, 0x02, 0xFF, 0x00, 0x00, 0x00, 0x00, 0x00,
    0xFF, 0xC0, 0x00, 0x00, 0x00, 0x00, 0x3F, 0xD0, 0x00, 0x00, 0x00, 0x00, 0x1F, 0xF0, 0x00, 0x00,
    0x00, 0x00, 0x07, 0xF8, 0x00, 0x00, 0x1A, 0x40, 0x02, 0xFD, 0x1F, 0xE0, 0xBF, 0xFF, 0x00, 0xFF,
    0x07, 0xFC, 0xFF, 0xFF, 0xF0, 0x15, 0x01, 0xFF, 0xFF, 0xFF, 0xFF, 0x00, 0x00, 0x7F, 0xFF, 0x9B,
    0xFF, 0xC0, 0x00, 0x1F, 0xFF, 0x00, 0x7F, 0xF4, 0x00, 0x07, 0xFF, 0x00, 0x0F, 0xFD, 0x00, 0x01,
    0xFF, 0xC0, 0x02, 0xFF, 0x40, 0x00, 0x7F, 0xF0, 0x00, 0xBF, 0xD0, 0x00, 0x1F, 0xF8, 0x00, 0x2F,
    0xF4, 0x00, 0x07, 0xFE, 0x00, 0x0B, 0xFD, 0x00, 0x01, 0xFF, 0x80, 0x02, 0xFF, 0x40, 0x00, 0x7F,
    0xE0, 0x00, 0xBF, 0xD0, 0x00, 0x1F, 0xF8, 0x00, 0x2F, 0xF4, 0x00, 0x07, 0xFE, 0x00, 0x0B, 0xFD,
    0x00, 0x01, 0xFF, 0x80, 0x02, 0xFF, 0x40, 0x00, 0x7F, 0xE0, 0x00, 0xBF, 0xD0, 0x00, 0x1F, 0xF8,
    0x00, 0x2F, 0xF4, 0x00, 0x07, 0xFE, 0x00, 0x0B, 0xFD, 0xFF, 0xF8, 0x00, 0x00, 0x7F, 0xCF, 0xFF,
    0xD0, 0x00, 0x07, 0xFC, 0xFF, 0xFF, 0x00, 0x00, 0x7F, 0xCF, 0xFF, 0xF8, 0x00, 0x07, 0xFC, 0xFF,
    0xFF, 0xD0, 0x00, 0x7F, 0xCF, 0xFF, 0xFF, 0x00, 0x07, 0xFC, 0xFF, 0xBF, 0xFC, 0x00, 0x7F, 0xCF,
    0xF6, 0xFF, 0xE0, 0x07, 0xFC, 0xFF, 0x4F, 0xFF, 0x00, 0x7F, 0xCF, 0xF4, 0x7F, 0xFC, 0x07, 0xFC,
    0xFF, 0x42, 0xFF, 0xE0, 0x7F, 0xCF, 0xF4, 0x0F, 0xFF, 0x47, 0xFC, 0xFF, 0x80, 0x3F, 0xFC, 0x7F,
    0xCF, 0xF8, 0x01, 0xFF, 0xE7, 0xFC, 0xFF, 0x80, 0x0F, 0xFF, 0xBF, 0xCF, 0xF8, 0x00, 0x3F, 0xFF,
    0xFC, 0xFF, 0x80, 0x01, 0xFF, 0xFF, 0xCF, 0xF8, 0x00, 0x0B, 0xFF, 0xFC, 0xFF, 0x80, 0x00, 0x3F,
    0xFF, 0xCF, 0xF8, 0x00, 0x01, 0xFF, 0xFC, 0xFF, 0x80, 0x00, 0x0B, 0xFF, 0xCF, 0xF8, 0x00, 0x00,
    0x3F, 0xFC, 0xFF, 0x80, 0x00, 0x01, 0xFF, 0xCF, 0xF8, 0x00, 0x00, 0x0B, 0xFC, 0x00, 0x00, 0x00,
    0x00, 0x7F, 0xC0, 0x00, 0x00, 0x00, 0x0B, 0xFC, 0x00, 0x00, 0x00, 0x02, 0xFF, 0xC0, 0x00, 0x00,
    0xBF, 0xFF, 0xF4, 0x00, 0x00, 0x0B, 0xFF, 0xFE, 0x00, 0x00, 0x00, 0xBF, 0xFF, 0x80, 0x00, 0x00,
    0x07, 0xFF, 0x80, 0x00, 0x00, 0x00, 0x19, 0x40, 0x0B, 0xF8, 0x3F, 0xFF, 0x80, 0xBF, 0xDF, 0xFF,
    0xFF, 0x0B, 0xFF, 0xFF, 0xFF, 0xF8, 0xBF, 0xFF, 0x9B, 0xFF, 0xCB, 0xFF, 0x80, 0x1F, 0xFC, 0xBF,
    0xF0, 0x00, 0xFF, 0xDB, 0xFF, 0x00, 0x0F, 0xFD, 0xBF, 0xE0, 0x00, 0xBF, 0xDB, 0xFD, 0x00, 0x0B,
    0xFD, 0xBF, 0xD0, 0x00, 0xBF, 0xDB, 0xFD, 0x00, 0x0B, 0xFD, 0xBF, 0xD0, 0x00, 0xBF, 0xDB, 0xFD,
    0x00, 0x0B, 0xFD, 0xBF, 0xD0, 0x00, 0xBF, 0xDB, 0xFD, 0x00, 0x0B, 0xFD, 0xBF, 0xD0, 0x00, 0xBF,
    0xDB, 0xFD, 0x00, 0x0B, 0xFD, 0xBF, 0xD0, 0x00, 0xBF, 0xD0, 0x00, 0x00, 0x0B, 0xFD, 0x00, 0x00,
    0x00, 0xBF, 0xD0, 0x00, 0x00, 0x0F, 0xFD, 0x00, 0x00, 0x02, 0xFF, 0xC0, 0x00, 0x0B, 0xFF, 0xFC,
    0x00, 0x00, 0xBF, 0xFF, 0x40, 0x00, 0x0B, 0xFF, 0xE0, 0x00, 0x00, 0x7F, 0xE4, 0x00, 0x00, 0x01,
    0x55, 0x55, 0x50, 0x00, 0x00, 0x07, 0xFF, 0xFF, 0xE0, 0x00, 0x00, 0x07, 0xFF, 0xFF, 0xE0, 0x00,
    0x00, 0x07, 0xFF, 0xFF, 0xE0, 0x00, 0x00, 0x00, 0x00, 0x00, 0x00, 0x00, 0x00, 0x00, 0x00, 0x00,
    0x00, 0x00, 0x00, 0x01, 0xBF, 0xFF, 0x80, 0x00, 0x00, 0x1F, 0xFF, 0xFF, 0xF8, 0x00, 0x00, 0xBF,
    0xFF, 0xFF, 0xFF, 0x00, 0x02, 0xFF, 0xFF, 0xFF, 0xFF, 0xC0, 0x07, 0xFF, 0xE4, 0x07, 0xFF, 0xE0,
    0x0F, 0xFF, 0x40, 0x00, 0xFF, 0xF0, 0x1F, 0xFD, 0x00, 0x00, 0x3F, 0xF8, 0x2F, 0xFC, 0x00, 0x00,
    0x2F, 0xFC, 0x3F, 0xF8, 0x00, 0x00, 0x1F, 0xFC, 0x3F, 0xF4, 0x00, 0x00, 0x0F, 0xFD, 0x3F, 0xF4,
    0x00, 0x00, 0x0F, 0xFD, 0x3F, 0xF0, 0x00, 0x00, 0x0F, 0xFD, 0x3F, 0xF0, 0x00, 0x00, 0x0F, 0xFD,
    0x3F, 0xF4, 0x00, 0x00, 0x0F, 0xFD, 0x3F, 0xF4, 0x00, 0x00, 0x0F, 0xFD, 0x3F, 0xF8, 0x00, 0x00,
    0x0F, 0xFC, 0x2F, 0xFC, 0x00, 0x00, 0x2F, 0xFC, 0x1F, 0xFD, 0x00, 0x00, 0x3F, 0xF8, 0x0F, 0xFF,
    0x00, 0x00, 0xBF, 0xF4, 0x07, 0xFF, 0xE0, 0x07, 0xFF, 0xF0, 0x03, 0xFF, 0xFF, 0xFF, 0xFF, 0xC0,
    0x00, 0xFF, 0xFF, 0xFF, 0xFF, 0x40, 0x00, 0x2F, 0xFF, 0xFF, 0xFC, 0x00, 0x00, 0x02, 0xFF, 0xFF,
    0x90, 0x00, 0x00, 0x00, 0x01, 0x50, 0x00, 0x00, 0x00, 0x55, 0x55, 0x54, 0x00, 0x03, 0xFF, 0xFF,
    0xF0, 0x00, 0x0F, 0xFF, 0xFF, 0xC0, 0x00, 0x3F, 0xFF, 0xFF, 0x00, 0x00, 0x00, 0x00, 0x00, 0x00,
    0x00, 0x05, 0x94, 0x00, 0x00, 0x07, 0xFF, 0xFE, 0x00, 0x00, 0xBF, 0xFF, 0xFF, 0x40, 0x0B, 0xFF,
    0xFF, 0xFF, 0x40, 0x3F, 0xFD, 0x5F, 0xFF, 0x02, 0xFF, 0xC0, 0x0F, 0xFD, 0x0F, 0xFC, 0x00, 0x1F,
    0xFC, 0x3F, 0xF0, 0x00, 0x3F, 0xF1, 0xFF, 0xC0, 0x00, 0xFF, 0xC7, 0xFE, 0x00, 0x03, 0xFF, 0x1F,
    0xF8, 0x00, 0x0F, 0xFC, 0x7F, 0xF0, 0x00, 0x3F, 0xF0, 0xFF, 0xC0, 0x00, 0xFF, 0xC3, 0xFF, 0x40,
    0x0B, 0xFE, 0x0B, 0xFF, 0x00, 0x3F, 0xF4, 0x0F, 0xFF, 0xAB, 0xFF, 0xC0, 0x1F, 0xFF, 0xFF, 0xFC,
    0x00, 0x1F, 0xFF, 0xFF, 0xC0, 0x00, 0x0B, 0xFF, 0xF8, 0x00, 0x00, 0x00, 0x54, 0x00, 0x00, 0x00,
    0x0A, 0x80, 0x00, 0xA8, 0x00, 0x00, 0x0B, 0xD0, 0x02, 0xF8, 0x00, 0x00, 0x07, 0xFE, 0xAF, 0xF4,
    0x00, 0x00, 0x03, 0xFF, 0xFF, 0xE0, 0x00, 0x00, 0x00, 0xBF, 0xFF, 0x80, 0x00, 0x00, 0x00, 0x1A,
    0xE8, 0x00, 0x00, 0x00, 0x00, 0x00, 0x00, 0x00, 0x00, 0x00, 0x00, 0x00, 0x00, 0x00, 0x00, 0x00,
    0x01, 0xBF, 0xFF, 0x80, 0x00, 0x00, 0x1F, 0xFF, 0xFF, 0xF8, 0x00, 0x00, 0xBF, 0xFF, 0xFF, 0xFF,
    0x00, 0x02, 0xFF, 0xFF, 0xFF, 0xFF, 0xC0, 0x07, 0xFF, 0xE4, 0x07, 0xFF, 0xE0, 0x0F, 0xFF, 0x40,
    0x00, 0xFF, 0xF0, 0x1F, 0xFD, 0x00, 0x00, 0x3F, 0xF8, 0x2F, 0xFC, 0x00, 0x00, 0x2F, 0xFC, 0x3F,
    0xF8, 0x00, 0x00, 0x1F, 0xFC, 0x3F, 0xF4, 0x00, 0x00, 0x0F, 0xFD, 0x3F, 0xF4, 0x00, 0x00, 0x0F,
    0xFD, 0x3F, 0xF0, 0x00, 0x00, 0x0F, 0xFD, 0x3F, 0xF0, 0x00, 0x00, 0x0F, 0xFD, 0x3F, 0xF4, 0x00,
    0x00, 0x0F, 0xFD, 0x3F, 0xF4, 0x00, 0x00, 0x0F, 0xFD, 0x3F, 0xF8, 0x00, 0x00, 0x0F, 0xFC, 0x2F,
    0xFC, 0x00, 0x00, 0x2F, 0xFC, 0x1F, 0xFD, 0x00, 0x00, 0x3F, 0xF8, 0x0F, 0xFF, 0x00, 0x00, 0xBF,
    0xF4, 0x07, 0xFF, 0xE0, 0x07, 0xFF, 0xF0, 0x03, 0xFF, 0xFF, 0xFF, 0xFF, 0xC0, 0x00, 0xFF, 0xFF,
    0xFF, 0xFF, 0x40, 0x00, 0x2F, 0xFF, 0xFF, 0xFC, 0x00, 0x00, 0x02, 0xFF, 0xFF, 0x90, 0x00, 0x00,
    0x00, 0x01, 0x50, 0x00, 0x00, 0x01, 0xA0, 0x00, 0x2A, 0x00, 0x07, 0xE0, 0x01, 0xFC, 0x00, 0x0F,
    0xFA, 0xBF, 0xE0, 0x00, 0x2F, 0xFF, 0xFF, 0x00, 0x00, 0x2F, 0xFF, 0xF0, 0x00, 0x00, 0x0A, 0xF9,
    0x00, 0x00, 0x00, 0x00, 0x00, 0x00, 0x00, 0x00, 0x59, 0x40, 0x00, 0x00, 0x7F, 0xFF, 0xE0, 0x00,
    0x0B, 0xFF, 0xFF, 0xF4, 0x00, 0xBF, 0xFF, 0xFF, 0xF4, 0x03, 0xFF, 0xD5, 0xFF, 0xF0, 0x2F, 0xFC,
    0x00, 0xFF, 0xD0, 0xFF, 0xC0, 0x01, 0xFF, 0xC3, 0xFF, 0x00, 0x03, 0xFF, 0x1F, 0xFC, 0x00, 0x0F,
    0xFC, 0x7F, 0xE0, 0x00, 0x3F, 0xF1, 0xFF, 0x80, 0x00, 0xFF, 0xC7, 0xFF, 0x00, 0x03, 0xFF, 0x0F,
    0xFC, 0x00, 0x0F, 0xFC, 0x3F, 0xF4, 0x00, 0xBF, 0xE0, 0xBF, 0xF0, 0x03, 0xFF, 0x40, 0xFF, 0xFA,
    0xBF, 0xFC, 0x01, 0xFF, 0xFF, 0xFF, 0xC0, 0x01, 0xFF, 0xFF, 0xFC, 0x00, 0x00, 0xBF, 0xFF, 0x80,
    0x00, 0x00, 0x05, 0x40, 0x00, 0x00, 0x00, 0x00, 0xAA, 0x46, 0xA8, 0x00, 0x00, 0x03, 0xFF, 0x1F,
    0xF8, 0x00, 0x00, 0x07, 0xFD, 0x3F, 0xE0, 0x00, 0x00, 0x0F, 0xF0, 0xBF, 0x80, 0x00, 0x00, 0x2F,
    0xC1, 0xFD, 0x00, 0x00, 0x00, 0x3E, 0x02, 0xF0, 0x00, 0x00, 0x00, 0x00, 0x00, 0x00, 0x00, 0x00,
    0x00, 0x00, 0x00, 0x00, 0x00, 0x00, 0x00, 0x01, 0xBF, 0xFF, 0x80, 0x00, 0x00, 0x1F, 0xFF, 0xFF,
    0xF8, 0x00, 0x00, 0xBF, 0xFF, 0xFF, 0xFF, 0x00, 0x02, 0xFF, 0xFF, 0xFF, 0xFF, 0xC0, 0x07, 0xFF,
    0xE4, 0x07, 0xFF, 0xE0, 0x0F, 0xFF, 0x40, 0x00, 0xFF, 0xF0, 0x1F, 0xFD, 0x00, 0x00, 0x3F, 0xF8,
    0x2F, 0xFC, 0x00, 0x00, 0x2F, 0xFC, 0x3F, 0xF8, 0x00, 0x00, 0x1F, 0xFC, 0x3F, 0xF4, 0x00, 0x00,
    0x0F, 0xFD, 0x3F, 0xF4, 0x00, 0x00, 0x0F, 0xFD, 0x3F, 0xF0, 0x00, 0x00, 0x0F, 0xFD, 0x3F, 0xF0,
    0x00, 0x00, 0x0F, 0xFD, 0x3F, 0xF4, 0x00, 0x00, 0x0F, 0xFD, 0x3F, 0xF4, 0x00, 0x00, 0x0F, 0xFD,
    0x3F, 0xF8, 0x00, 0x00, 0x0F, 0xFC, 0x2F, 0xFC, 0x00, 0x00, 0x2F, 0xFC, 0x1F, 0xFD, 0x00, 0x00,
    0x3F, 0xF8, 0x0F, 0xFF, 0x00, 0x00, 0xBF, 0xF4, 0x07, 0xFF, 0xE0, 0x07, 0xFF, 0xF0, 0x03, 0xFF,
    0xFF, 0xFF, 0xFF, 0xC0, 0x00, 0xFF, 0xFF, 0xFF, 0xFF, 0x40, 0x00, 0x2F, 0xFF, 0xFF, 0xFC, 0x00,
    0x00, 0x02, 0xFF, 0xFF, 0x90, 0x00, 0x00, 0x00, 0x01, 0x50, 0x00, 0x00, 0x00, 0x2A, 0xA1, 0xAA,
    0x00, 0x02, 0xFF, 0x4F, 0xFC, 0x00, 0x0F, 0xF4, 0xBF, 0xC0, 0x00, 0xFF, 0x47, 0xFC, 0x00, 0x07,
    0xF4, 0x3F, 0x80, 0x00, 0x3E, 0x01, 0xF4, 0x00, 0x00, 0x00, 0x00, 0x00, 0x00, 0x00, 0x00, 0x59,
    0x40, 0x00, 0x00, 0x7F, 0xFF, 0xE0, 0x00, 0x0B, 0xFF, 0xFF, 0xF4, 0x00, 0xBF, 0xFF, 0xFF, 0xF4,
    0x03, 0xFF, 0xD5, 0xFF, 0xF0, 0x2F, 0xFC, 0x00, 0xFF, 0xD0, 0xFF, 0xC0, 0x01, 0xFF, 0xC3, 0xFF,
    0x00, 0x03, 0xFF, 0x1F, 0xFC, 0x00, 0x0F, 0xFC, 0x7F, 0xE0, 0x00, 0x3F, 0xF1, 0xFF, 0x80, 0x00,
    0xFF, 0xC7, 0xFF, 0x00, 0x03, 0xFF, 0x0F, 0xFC, 0x00, 0x0F, 0xFC, 0x3F, 0xF4, 0x00, 0xBF, 0xE0,
    0xBF, 0xF0, 0x03, 0xFF, 0x40, 0xFF, 0xFA, 0xBF, 0xFC, 0x01, 0xFF, 0xFF, 0xFF, 0xC0, 0x01, 0xFF,
    0xFF, 0xFC, 0x00, 0x00, 0xBF, 0xFF, 0x80, 0x00, 0x00, 0x05, 0x40, 0x00, 0x00, 0x00, 0x00, 0x00,
    0x00, 0x00, 0x00, 0x00, 0x00, 0x00, 0x2F, 0xFF, 0xFF, 0xFF, 0xFF, 0xFD, 0x00, 0x2F, 0xFF, 0xFF,
    0xFF, 0xFF, 0xFF, 0xD0, 0x0F, 0xFF, 0xFF, 0xFF, 0xFF, 0xFF, 0xFD, 0x02, 0xFF, 0xFF, 0xFF, 0xFF,
    0xFF, 0xFF, 0xD0, 0x7F, 0xFD, 0x00, 0x7F, 0xF9, 0x55, 0x54, 0x0F, 0xFF, 0x00, 0x02, 0xFF, 0x40,
    0x00, 0x00, 0xFF, 0xD0, 0x00, 0x2F, 0xF4, 0x00, 0x00, 0x2F, 0xFC, 0x00, 0x02, 0xFF, 0x40, 0x00,
    0x03, 0xFF, 0x80, 0x00, 0x2F, 0xF4, 0x00, 0x00, 0x3F, 0xF4, 0x00, 0x02, 0xFF, 0x95, 0x55, 0x43,
    0xFF, 0x00, 0x00, 0x2F, 0xFF, 0xFF, 0xFC, 0x3F, 0xF0, 0x00, 0x02, 0xFF, 0xFF, 0xFF, 0xC3, 0xFF,
    0x00, 0x00, 0x2F, 0xFF, 0xFF, 0xFC, 0x3F, 0xF0, 0x00, 0x02, 0xFF, 0xEA, 0xAA, 0x83, 0xFF, 0x40,
    0x00, 0x2F, 0xF4, 0x00, 0x00, 0x3F, 0xF4, 0x00, 0x02, 0xFF, 0x40, 0x00, 0x02, 0xFF, 0xC0, 0x00,
    0x2F, 0xF4, 0x00, 0x00, 0x1F, 0xFC, 0x00, 0x02, 0xFF, 0x40, 0x00, 0x00, 0xFF, 0xF0, 0x00, 0x2F,
    0xF4, 0x00, 0x00, 0x07, 0xFF, 0xD0, 0x07, 0xFF, 0x40, 0x00, 0x00, 0x3F, 0xFF, 0xFF, 0xFF, 0xFF,
    0xFF, 0xFD, 0x00, 0xFF, 0xFF, 0xFF, 0xFF, 0xFF, 0xFF, 0xD0, 0x02, 0xFF, 0xFF, 0xFF, 0xFF, 0xFF,
    0xFD, 0x00, 0x06, 0xFF, 0xFF, 0xFF, 0xFF, 0xFF, 0xD0, 0x00, 0x00, 0x54, 0x00, 0x00, 0x00, 0x00,
    0x00, 0x01, 0xA5, 0x00, 0x01, 0x65, 0x00, 0x00, 0x01, 0xFF, 0xFF, 0x80, 0xBF, 0xFF, 0xD0, 0x00,
    0x2F, 0xFF, 0xFF, 0xDF, 0xFF, 0xFF, 0xE0, 0x02, 0xFF, 0xFF, 0xFF, 0xFF, 0xFF, 0xFF, 0xE0, 0x1F,
    0xFF, 0x9B, 0xFF, 0xFF, 0x41, 0xFF, 0xD0, 0xFF, 0xE0, 0x03, 0xFF, 0xF0, 0x00, 0xFF, 0x83, 0xFF,
    0x00, 0x07, 0xFF, 0x40, 0x02, 0xFF, 0x1F, 0xFC, 0x00, 0x0F, 0xFD, 0x00, 0x0B, 0xFC, 0x7F, 0xE0,
    0x00, 0x3F, 0xFF, 0xFF, 0xFF, 0xF1, 0xFF, 0x80, 0x00, 0xFF, 0xFF, 0xFF, 0xFF, 0xC7, 0xFE, 0x00,
    0x03, 0xFF, 0xFF, 0xFF, 0xFF, 0x1F, 0xF8, 0x00, 0x0F, 0xFC, 0x00, 0x00, 0x00, 0x7F, 0xF0, 0x00,
    0x3F, 0xF0, 0x00, 0x00, 0x00, 0xFF, 0xC0, 0x02, 0xFF, 0xE0, 0x00, 0x00, 0x02, 0xFF, 0xC0, 0x1F,
    0xFF, 0xD0, 0x00, 0x08, 0x03, 0xFF, 0xFB, 0xFF, 0xFF, 0xF5, 0x5B, 0xF0, 0x07, 0xFF, 0xFF, 0xFF,
    0xFF, 0xFF, 0xFF, 0xC0, 0x07, 0xFF, 0xFF, 0xF1, 0xFF, 0xFF, 0xFF, 0x00, 0x02, 0xFF, 0xFD, 0x00,
    0xBF, 0xFF, 0xE4, 0x00, 0x00, 0x15, 0x00, 0x00, 0x05, 0x50, 0x00, 0x00, 0x00, 0x0A, 0xA9, 0x00,
    0x00, 0x00, 0x2F, 0xFC, 0x00, 0x00, 0x00, 0x7F, 0xF0, 0x00, 0x00, 0x00, 0xFF, 0x80, 0x00, 0x00,
    0x03, 0xFD, 0x00, 0x00, 0x00, 0x0B, 0xE0, 0x00, 0x00, 0x00, 0x00, 0x00, 0x00, 0x00, 0x00, 0x00,
    0x00, 0x00, 0x00, 0x3F, 0xFF, 0xFA, 0x40, 0x00, 0x3F, 0xFF, 0xFF, 0xF4, 0x00, 0x3F, 0xFF, 0xFF,
    0xFE, 0x00, 0x3F, 0xFF, 0xFF, 0xFF, 0x80, 0x3F, 0xF0, 0x1B, 0xFF, 0xC0, 0x3F, 0xF0, 0x01, 0xFF,
    0xD0, 0x3F, 0xF0, 0x00, 0xFF, 0xD0, 0x3F, 0xF0, 0x00, 0xFF, 0xD0, 0x3F, 0xF0, 0x00, 0xFF, 0xD0,
    0x3F, 0xF0, 0x01, 0xFF, 0xC0, 0x3F, 0xF0, 0x0B, 0xFF, 0x80, 0x3F, 0xFF, 0xFF, 0xFF, 0x00, 0x3F,
    0xFF, 0xFF, 0xF8, 0x00, 0x3F, 0xFF, 0xFF, 0xD0, 0x00, 0x3F, 0xFF, 0xFF, 0xF0, 0x00, 0x3F, 0xF0,
    0x3F, 0xF4, 0x00, 0x3F, 0xF0, 0x1F, 0xFC, 0x00, 0x3F, 0xF0, 0x0B, 0xFE, 0x00, 0x3F, 0xF0, 0x03,
    0xFF, 0x40, 0x3F, 0xF0, 0x02, 0xFF, 0xC0, 0x3F, 0xF0, 0x00, 0xFF, 0xE0, 0x3F, 0xF0, 0x00, 0x7F,
    0xF4, 0x3F, 0xF0, 0x00, 0x3F, 0xFC, 0x3F, 0xF0, 0x00, 0x0F, 0xFE, 0x00, 0x01, 0xAA, 0x80, 0x00,
    0x7F, 0xF4, 0x00, 0x0F, 0xFC, 0x00, 0x03, 0xFF, 0x00, 0x00, 0xBF, 0x80, 0x00, 0x1F, 0xD0, 0x00,
    0x00, 0x00, 0x00, 0x00, 0x00, 0x01, 0x90, 0xBF, 0x42, 0xFF, 0x4B, 0xF8, 0xBF, 0xF4, 0xBF, 0xEF,
    0xFF, 0x0B, 0xFF, 0xFF, 0xF0, 0xBF, 0xFF, 0x41, 0x0B, 0xFF, 0x80, 0x00, 0xBF, 0xF0, 0x00, 0x0B,
    0xFE, 0x00, 0x00, 0xBF, 0xD0, 0x00, 0x0B, 0xFD, 0x00, 0x00, 0xBF, 0xD0, 0x00, 0x0B, 0xFD, 0x00,
    0x00, 0xBF, 0xD0, 0x00, 0x0B, 0xFD, 0x00, 0x00, 0xBF, 0xD0, 0x00, 0x0B, 0xFD, 0x00, 0x00, 0xBF,
    0xD0, 0x00, 0x0B, 0xFD, 0x00, 0x00, 0x3F, 0xFF, 0xFA, 0x40, 0x00, 0x3F, 0xFF, 0xFF, 0xF4, 0x00,
    0x3F, 0xFF, 0xFF, 0xFE, 0x00, 0x3F, 0xFF, 0xFF, 0xFF, 0x80, 0x3F, 0xF0, 0x1B, 0xFF, 0xC0, 0x3F,
    0xF0, 0x01, 0xFF, 0xD0, 0x3F, 0xF0, 0x00, 0xFF, 0xD0, 0x3F, 0xF0, 0x00, 0xFF, 0xD0, 0x3F, 0xF0,
    0x00, 0xFF, 0xD0, 0x3F, 0xF0, 0x01, 0xFF, 0xC0, 0x3F, 0xF0, 0x0B, 0xFF, 0x80, 0x3F, 0xFF, 0xFF,
    0xFF, 0x00, 0x3F, 0xFF, 0xFF, 0xF8, 0x00, 0x3F, 0xFF, 0xFF, 0xD0, 0x00, 0x3F, 0xFF, 0xFF, 0xF0,
    0x00, 0x3F, 0xF0, 0x3F, 0xF4, 0x00, 0x3F, 0xF0, 0x1F, 0xFC, 0x00, 0x3F, 0xF0, 0x0B, 0xFE, 0x00,
    0x3F, 0xF0, 0x03, 0xFF, 0x40, 0x3F, 0xF0, 0x02, 0xFF, 0xC0, 0x3F, 0xF0, 0x00, 0xFF, 0xE0, 0x3F,
    0xF0, 0x00, 0x7F, 0xF4, 0x3F, 0xF0, 0x00, 0x3F, 0xFC, 0x3F, 0xF0, 0x00, 0x0F, 0xFE, 0x00, 0x00,
    0x00, 0x00, 0x00, 0x00, 0x00, 0x00, 0x00, 0x00, 0x00, 0x01, 0xFF, 0x00, 0x00, 0x00, 0x02, 0xFF,
    0x00, 0x00, 0x00, 0x03, 0xFD, 0x00, 0x00, 0x00, 0x03, 0xFC, 0x00, 0x00, 0x00, 0x07, 0xF0, 0x00,
    0x00, 0x00, 0x01, 0x50, 0x00, 0x00, 0x00, 0x00, 0x19, 0x2F, 0xD0, 0xBF, 0xDB, 0xF8, 0xBF, 0xF6,
    0xFF, 0xBF, 0xFC, 0xBF, 0xFF, 0xFF, 0x2F, 0xFF, 0xD0, 0x4B, 0xFF, 0x80, 0x02, 0xFF, 0xC0, 0x00,
    0xBF, 0xE0, 0x00, 0x2F, 0xF4, 0x00, 0x0B, 0xFD, 0x00, 0x02, 0xFF, 0x40, 0x00, 0xBF, 0xD0, 0x00,
    0x2F, 0xF4, 0x00, 0x0B, 0xFD, 0x00, 0x02, 0xFF, 0x40, 0x00, 0xBF, 0xD0, 0x00, 0x2F, 0xF4, 0x00,
    0x0B, 0xFD, 0x00, 0x00, 0x00, 0x00, 0x00, 0x00, 0x00, 0x00, 0x0F, 0xF8, 0x00, 0x03, 0xFD, 0x00,
    0x00, 0xFF, 0x00, 0x00, 0x7F, 0x40, 0x00, 0x2F, 0x80, 0x00, 0x05, 0x40, 0x00, 0x00, 0x06, 0x90,
    0x00, 0x2A, 0x00, 0x03, 0xFC, 0x02, 0xFE, 0x00, 0x01, 0xFF, 0x4F, 0xFC, 0x00, 0x00, 0x7F, 0xFF,
    0xF0, 0x00, 0x00, 0x2F, 0xFF, 0xC0, 0x00, 0x00, 0x0B, 0xFF, 0x40, 0x00, 0x00, 0x00, 0x00, 0x00,
    0x00, 0x00, 0x00, 0x00, 0x00, 0x00, 0x3F, 0xFF, 0xFA, 0x40, 0x00, 0x3F, 0xFF, 0xFF, 0xF4, 0x00,
    0x3F, 0xFF, 0xFF, 0xFE, 0x00, 0x3F, 0xFF, 0xFF, 0xFF, 0x80, 0x3F, 0xF0, 0x1B, 0xFF, 0xC0, 0x3F,
    0xF0, 0x01, 0xFF, 0xD0, 0x3F, 0xF0, 0x00, 0xFF, 0xD0, 0x3F, 0xF0, 0x00, 0xFF, 0xD0, 0x3F, 0xF0,
    0x00, 0xFF, 0xD0, 0x3F, 0xF0, 0x01, 0xFF, 0xC0, 0x3F, 0xF0, 0x0B, 0xFF, 0x80, 0x3F, 0xFF, 0xFF,
    0xFF, 0x00, 0x3F, 0xFF, 0xFF, 0xF8, 0x00, 0x3F, 0xFF, 0xFF, 0xD0, 0x00, 0x3F, 0xFF, 0xFF, 0xF0,
    0x00, 0x3F, 0xF0, 0x3F, 0xF4, 0x00, 0x3F, 0xF0, 0x1F, 0xFC, 0x00, 0x3F, 0xF0, 0x0B, 0xFE, 0x00,
    0x3F, 0xF0, 0x03, 0xFF, 0x40, 0x3F, 0xF0, 0x02, 0xFF, 0xC0, 0x3F, 0xF0, 0x00, 0xFF, 0xE0, 0x3F,
    0xF0, 0x00, 0x7F, 0xF4, 0x3F, 0xF0, 0x00, 0x3F, 0xFC, 0x3F, 0xF0, 0x00, 0x0F, 0xFE, 0x2A, 0x00,
    0x01, 0xA4, 0xFF, 0x40, 0x7F, 0xC0, 0xFF, 0x8B, 0xFC, 0x00, 0xFF, 0xFF, 0xD0, 0x00, 0xFF, 0xFD,
    0x00, 0x01, 0xFF, 0xE0, 0x00, 0x00, 0x00, 0x00, 0x00, 0x00, 0x01, 0x90, 0x2F, 0xD0, 0xBF, 0xD0,
    0xBF, 0x8B, 0xFF, 0x42, 0xFF, 0xBF, 0xFC, 0x0B, 0xFF, 0xFF, 0xF0, 0x2F, 0xFF, 0xD0, 0x40, 0xBF,
    0xF8, 0x00, 0x02, 0xFF, 0xC0, 0x00, 0x0B, 0xFE, 0x00, 0x00, 0x2F, 0xF4, 0x00, 0x00, 0xBF, 0xD0,
    0x00, 0x02, 0xFF, 0x40, 0x00, 0x0B, 0xFD, 0x00, 0x00, 0x2F, 0xF4, 0x00, 0x00, 0xBF, 0xD0, 0x00,
    0x02, 0xFF, 0x40, 0x00, 0x0B, 0xFD, 0x00, 0x00, 0x2F, 0xF4, 0x00, 0x00, 0xBF, 0xD0, 0x00, 0x00,
    0x00, 0x00, 0x2A, 0xA0, 0x00, 0x00, 0x3F, 0xF8, 0x00, 0x00, 0x2F, 0xF8, 0x00, 0x00, 0x2F, 0xF4,
    0x00, 0x00, 0x1F, 0xF0, 0x00, 0x00, 0x0F, 0xE0, 0x00, 0x00, 0x00, 0x00, 0x00, 0x00, 0x00, 0x00,
    0x00, 0x00, 0x00, 0x6F, 0xFF, 0x90, 0x00, 0xBF, 0xFF, 0xFF, 0x80, 0xFF, 0xFF, 0xFF, 0xE0, 0x7F,
    0xFF, 0xFF, 0xF0, 0x3F, 0xFC, 0x01, 0xF8, 0x0F, 0xFC, 0x00, 0x00, 0x03, 0xFF, 0x00, 0x00, 0x00,
    0xFF, 0xC0, 0x00, 0x00, 0x3F, 0xFC, 0x00, 0x00, 0x0B, 0xFF, 0xE0, 0x00, 0x00, 0xFF, 0xFF, 0x80,
    0x00, 0x0F, 0xFF, 0xFD, 0x00, 0x00, 0xBF, 0xFF, 0xF0, 0x00, 0x03, 0xFF, 0xFF, 0x00, 0x00, 0x0F,
    0xFF, 0xD0, 0x00, 0x00, 0x7F, 0xFC, 0x00, 0x00, 0x07, 0xFF, 0x00, 0x00, 0x00, 0xFF, 0xC5, 0x00,
    0x00, 0x3F, 0xF1, 0xF9, 0x00, 0x2F, 0xF8, 0x7F, 0xFF, 0xFF, 0xFD, 0x1F, 0xFF, 0xFF, 0xFE, 0x07,
    0xFF, 0xFF, 0xFE, 0x00, 0x6F, 0xFF, 0xF8, 0x00, 0x00, 0x05, 0x40, 0x00, 0x00, 0x00, 0x00, 0x6A,
    0xA0, 0x00, 0x07, 0xFF, 0x40, 0x00, 0x3F, 0xF0, 0x00, 0x03, 0xFF, 0x00, 0x00, 0x2F, 0xE0, 0x00,
    0x01, 0xFD, 0x00, 0x00, 0x00, 0x00, 0x00, 0x00, 0x05, 0xA5, 0x00, 0x02, 0xFF, 0xFF, 0x90, 0x7F,
    0xFF, 0xFF, 0xC3, 0xFF, 0xFF, 0xFD, 0x1F, 0xF8, 0x02, 0xF0, 0x7F, 0xD0, 0x00, 0x01, 0xFF, 0xD0,
    0x00, 0x03, 0xFF, 0xF4, 0x00, 0x0B, 0xFF, 0xFE, 0x00, 0x0B, 0xFF, 0xFF, 0x40, 0x07, 0xFF, 0xFF,
    0x40, 0x00, 0xBF, 0xFF, 0x00, 0x00, 0x2F, 0xFC, 0x00, 0x00, 0x2F, 0xF5, 0x80, 0x00, 0xBF, 0xD7,
    0xF9, 0x5B, 0xFF, 0x1F, 0xFF, 0xFF, 0xF8, 0x7F, 0xFF, 0xFF, 0x80, 0xBF, 0xFF, 0xF4, 0x00, 0x01,
    0x50, 0x00, 0x00, 0x00, 0x0A, 0xA8, 0x00, 0x00, 0x0F, 0xFF, 0x80, 0x00, 0x0B, 0xFF, 0xF4, 0x00,
    0x0B, 0xFD, 0xFF, 0x40, 0x0B, 0xF8, 0x0F, 0xF0, 0x03, 0xF4, 0x00, 0xBE, 0x00, 0x00, 0x00, 0x00,
    0x00, 0x00, 0x00, 0x00, 0x00, 0x00, 0x6F, 0xFF, 0x90, 0x00, 0xBF, 0xFF, 0xFF, 0x80, 0xFF, 0xFF,
    0xFF, 0xE0, 0x7F, 0xFF, 0xFF, 0xF0, 0x3F, 0xFC, 0x01, 0xF8, 0x0F, 0xFC, 0x00, 0x00, 0x03, 0xFF,
    0x00, 0x00, 0x00, 0xFF, 0xC0, 0x00, 0x00, 0x3F, 0xFC, 0x00, 0x00, 0x0B, 0xFF, 0xE0, 0x00, 0x00,
    0xFF, 0xFF, 0x80, 0x00, 0x0F, 0xFF, 0xFD, 0x00, 0x00, 0xBF, 0xFF, 0xF0, 0x00, 0x03, 0xFF, 0xFF,
    0x00, 0x00, 0x0F, 0xFF, 0xD0, 0x00, 0x00, 0x7F, 0xFC, 0x00, 0x00, 0x07, 0xFF, 0x00, 0x00, 0x00,
    0xFF, 0xC5, 0x00, 0x00, 0x3F, 0xF1, 0xF9, 0x00, 0x2F, 0xF8, 0x7F, 0xFF, 0xFF, 0xFD, 0x1F, 0xFF,
    0xFF, 0xFE, 0x07, 0xFF, 0xFF, 0xFE, 0x00, 0x6F, 0xFF, 0xF8, 0x00, 0x00, 0x05, 0x40, 0x00, 0x00,
    0x00, 0x2A, 0x90, 0x00, 0x03, 0xFF, 0xD0, 0x00, 0x3F, 0xFF, 0xD0, 0x02, 0xFE, 0x7F, 0xC0, 0x2F,
    0xE0, 0x7F, 0xC1, 0xFD, 0x00, 0x2F, 0x80, 0x00, 0x00, 0x00, 0x00, 0x05, 0xA5, 0x00, 0x02, 0xFF,
    0xFF, 0x90, 0x7F, 0xFF, 0xFF, 0xC3, 0xFF, 0xFF, 0xFD, 0x1F, 0xF8, 0x02, 0xF0, 0x7F, 0xD0, 0x00,
    0x01, 0xFF, 0xD0, 0x00, 0x03, 0xFF, 0xF4, 0x00, 0x0B, 0xFF, 0xFE, 0x00, 0x0B, 0xFF, 0xFF, 0x40,
    0x07, 0xFF, 0xFF, 0x40, 0x00, 0xBF, 0xFF, 0x00, 0x00, 0x2F, 0xFC, 0x00, 0x00, 0x2F, 0xF5, 0x80,
    0x00, 0xBF, 0xD7, 0xF9, 0x5B, 0xFF, 0x1F, 0xFF, 0xFF, 0xF8, 0x7F, 0xFF, 0xFF, 0x80, 0xBF, 0xFF,
    0xF4, 0x00, 0x01, 0x50, 0x00, 0x00, 0x00, 0x00, 0x00, 0x00, 0x00, 0x1B, 0xFF, 0xE4, 0x00, 0x2F,
    0xFF, 0xFF, 0xE0, 0x3F, 0xFF, 0xFF, 0xF8, 0x1F, 0xFF, 0xFF, 0xFC, 0x0F, 0xFF, 0x00, 0x7E, 0x03,
    0xFF, 0x00, 0x00, 0x00, 0xFF, 0xC0, 0x00, 0x00, 0x3F, 0xF0, 0x00, 0x00, 0x0F, 0xFF, 0x00, 0x00,
    0x02, 0xFF, 0xF8, 0x00, 0x00, 0x3F, 0xFF, 0xE0, 0x00, 0x03, 0xFF, 0xFF, 0x40, 0x00, 0x2F, 0xFF,
    0xFC, 0x00, 0x00, 0xFF, 0xFF, 0xC0, 0x00, 0x03, 0xFF, 0xF4, 0x00, 0x00, 0x1F, 0xFF, 0x00, 0x00,
    0x01, 0xFF, 0xC0, 0x00, 0x00, 0x3F, 0xF1, 0x40, 0x00, 0x0F, 0xFC, 0x7E, 0x40, 0x0B, 0xFE, 0x1F,
    0xFF, 0xFF, 0xFF, 0x47, 0xFF, 0xFF, 0xFF, 0x81, 0xFF, 0xFF, 0xFF, 0x80, 0x1B, 0xFF, 0xFE, 0x00,
    0x00, 0x03, 0xF0, 0x00, 0x00, 0x00, 0xFD, 0x00, 0x00, 0x00, 0x7F, 0xF0, 0x00, 0x00, 0x01, 0xFE,
    0x00, 0x00, 0x00, 0x3F, 0x80, 0x00, 0x0B, 0xFF, 0xD0, 0x00, 0x03, 0xFF, 0xF0, 0x00, 0x00, 0xBF,
    0xE0, 0x00, 0x00, 0x00, 0x16, 0x94, 0x00, 0x0B, 0xFF, 0xFE, 0x41, 0xFF, 0xFF, 0xFF, 0x0F, 0xFF,
    0xFF, 0xF4, 0x7F, 0xE0, 0x0B, 0xC1, 0xFF, 0x40, 0x00, 0x07, 0xFF, 0x40, 0x00, 0x0F, 0xFF, 0xD0,
    0x00, 0x2F, 0xFF, 0xF8, 0x00, 0x2F, 0xFF, 0xFD, 0x00, 0x1F, 0xFF, 0xFD, 0x00, 0x02, 0xFF, 0xFC,
    0x00, 0x00, 0xBF, 0xF0, 0x00, 0x00, 0xBF, 0xD6, 0x00, 0x02, 0xFF, 0x5F, 0xE5, 0x6F, 0xFC, 0x7F,
    0xFF, 0xFF, 0xE1, 0xFF, 0xFF, 0xFE, 0x02, 0xFF, 0xFF, 0xD0, 0x00, 0x0B, 0xD0, 0x00, 0x00, 0x3F,
    0x80, 0x00, 0x00, 0xBF, 0xD0, 0x00, 0x00, 0x3F, 0xC0, 0x00, 0x00, 0xFF, 0x00, 0x02, 0xEF, 0xFC,
    0x00, 0x0B, 0xFF, 0xC0, 0x00, 0x1F, 0xF8, 0x00, 0x00, 0x0A, 0x80, 0x00, 0x69, 0x03, 0xFD, 0x01,
    0xFF, 0x00, 0x3F, 0xE1, 0xFF, 0x00, 0x03, 0xFF, 0xFF, 0x40, 0x00, 0x3F, 0xFF, 0x40, 0x00, 0x07,
    0xFF, 0x80, 0x00, 0x00, 0x00, 0x00, 0x00, 0x00, 0x00, 0x00, 0x00, 0x00, 0x6F, 0xFF, 0x90, 0x00,
    0xBF, 0xFF, 0xFF, 0x80, 0xFF, 0xFF, 0xFF, 0xE0, 0x7F, 0xFF, 0xFF, 0xF0, 0x3F, 0xFC, 0x01, 0xF8,
    0x0F, 0xFC, 0x00, 0x00, 0x03, 0xFF, 0x00, 0x00, 0x00, 0xFF, 0xC0, 0x00, 0x00, 0x3F, 0xFC, 0x00,
    0x00, 0x0B, 0xFF, 0xE0, 0x00, 0x00, 0xFF, 0xFF, 0x80, 0x00, 0x0F, 0xFF, 0xFD, 0x00, 0x00, 0xBF,
    0xFF, 0xF0, 0x00, 0x03, 0xFF, 0xFF, 0x00, 0x00, 0x0F, 0xFF, 0xD0, 0x00, 0x00, 0x7F, 0xFC, 0x00,
    0x00, 0x07, 0xFF, 0x00, 0x00, 0x00, 0xFF, 0xC5, 0x00, 0x00, 0x3F, 0xF1, 0xF9, 0x00, 0x2F, 0xF8,
    0x7F, 0xFF, 0xFF, 0xFD, 0x1F, 0xFF, 0xFF, 0xFE, 0x07, 0xFF, 0xFF, 0xFE, 0x00, 0x6F, 0xFF, 0xF8,
    0x00, 0x00, 0x05, 0x40, 0x00, 0x00, 0x2A, 0x00, 0x01, 0xA4, 0xFF, 0x40, 0x7F, 0xC0, 0xFF, 0x8B,
    0xFC, 0x00, 0xFF, 0xFF, 0xD0, 0x00, 0xFF, 0xFD, 0x00, 0x01, 0xFF, 0xE0, 0x00, 0x00, 0x00, 0x00,
    0x00, 0x05, 0xA5, 0x00, 0x02, 0xFF, 0xFF, 0x90, 0x7F, 0xFF, 0xFF, 0xC3, 0xFF, 0xFF, 0xFD, 0x1F,
    0xF8, 0x02, 0xF0, 0x7F, 0xD0, 0x00, 0x01, 0xFF, 0xD0, 0x00, 0x03, 0xFF, 0xF4, 0x00, 0x0B, 0xFF,
    0xFE, 0x00, 0x0B, 0xFF, 0xFF, 0x40, 0x07, 0xFF, 0xFF, 0x40, 0x00, 0xBF, 0xFF, 0x00, 0x00, 0x2F,
    0xFC, 0x00, 0x00, 0x2F, 0xF5, 0x80, 0x00, 0xBF, 0xD7, 0xF9, 0x5B, 0xFF, 0x1F, 0xFF, 0xFF, 0xF8,
    0x7F, 0xFF, 0xFF, 0x80, 0xBF, 0xFF, 0xF4, 0x00, 0x01, 0x50, 0x00, 0x00, 0x7F, 0xFF, 0xFF, 0xFF,
    0xF5, 0xFF, 0xFF, 0xFF, 0xFF, 0xE7, 0xFF, 0xFF, 0xFF, 0xFF, 0x9F, 0xFF, 0xFF, 0xFF, 0xFE, 0x15,
    0x57, 0xFF, 0x95, 0x54, 0x00, 0x0F, 0xFC, 0x00, 0x00, 0x00, 0x3F, 0xF0, 0x00, 0x00, 0x00, 0xFF,
    0xC0, 0x00, 0x00, 0x03, 0xFF, 0x00, 0x00, 0x00, 0x0F, 0xFC, 0x00, 0x00, 0x00, 0x3F, 0xF0, 0x00,
    0x00, 0x00, 0xFF, 0xC0, 0x00, 0x00, 0x03, 0xFF, 0x00, 0x00, 0x00, 0x0F, 0xFC, 0x00, 0x00, 0x00,
    0x3F, 0xF0, 0x00, 0x00, 0x00, 0xFF, 0xC0, 0x00, 0x00, 0x03, 0xFF, 0x00, 0x00, 0x00, 0x0F, 0xFC,
    0x00, 0x00, 0x00, 0x3F, 0xF0, 0x00, 0x00, 0x00, 0xFF, 0xC0, 0x00, 0x00, 0x03, 0xFF, 0x00, 0x00,
    0x00, 0x0F, 0xFC, 0x00, 0x00, 0x00, 0x3F, 0xF0, 0x00, 0x00, 0x00, 0xFF, 0xC0, 0x00, 0x00, 0x00,
    0xF8, 0x00, 0x00, 0x00, 0x0B, 0xE4, 0x00, 0x00, 0x00, 0x2F, 0xF8, 0x00, 0x00, 0x00, 0x0B, 0xF0,
    0x00, 0x00, 0x00, 0x2F, 0xD0, 0x00, 0x00, 0x3F, 0xFF, 0x00, 0x00, 0x00, 0xFF, 0xF8, 0x00, 0x00,
    0x03, 0xFF, 0x40, 0x00, 0x00, 0x00, 0x00, 0x00, 0x07, 0xF0, 0x00, 0x00, 0xBF, 0x00, 0x00, 0x0F,
    0xF0, 0x00, 0x01, 0xFF, 0x40, 0x00, 0xBF, 0xFF, 0xFC, 0x3F, 0xFF, 0xFF, 0xC3, 0xFF, 0xFF, 0xFC,
    0x2B, 0xFF, 0xAA, 0x80, 0x3F, 0xF0, 0x00, 0x03, 0xFF, 0x00, 0x00, 0x3F, 0xF0, 0x00, 0x03, 0xFF,
    0x00, 0x00, 0x3F, 0xF0, 0x00, 0x03, 0xFF, 0x00, 0x00, 0x3F, 0xF0, 0x00, 0x03, 0xFF, 0x00, 0x00,
    0x3F, 0xF0, 0x00, 0x03, 0xFF, 0x40, 0x00, 0x2F, 0xFF, 0xAD, 0x01, 0xFF, 0xFF, 0xD0, 0x0B, 0xFF,
    0xFD, 0x00, 0x2F, 0xFF, 0xC0, 0x00, 0x1F, 0x80, 0x00, 0x02, 0xF9, 0x00, 0x00, 0x2F, 0xF8, 0x00,
    0x00, 0x2F, 0xC0, 0x00, 0x02, 0xFC, 0x00, 0x1E, 0xFF, 0xC0, 0x01, 0xFF, 0xF4, 0x00, 0x0F, 0xF9,
    0x00, 0x02, 0xA4, 0x00, 0x1A, 0x80, 0x07, 0xF8, 0x02, 0xFD, 0x00, 0x0B, 0xFC, 0x3F, 0xE0, 0x00,
    0x0B, 0xFF, 0xFE, 0x00, 0x00, 0x0F, 0xFF, 0xF0, 0x00, 0x00, 0x0F, 0xFF, 0x00, 0x00, 0x00, 0x00,
    0x00, 0x00, 0x00, 0x00, 0x00, 0x00, 0x00, 0x7F, 0xFF, 0xFF, 0xFF, 0xF5, 0xFF, 0xFF, 0xFF, 0xFF,
    0xE7, 0xFF, 0xFF, 0xFF, 0xFF, 0x9F, 0xFF, 0xFF, 0xFF, 0xFE, 0x15, 0x57, 0xFF, 0x95, 0x54, 0x00,
    0x0F, 0xFC, 0x00, 0x00, 0x00, 0x3F, 0xF0, 0x00, 0x00, 0x00, 0xFF, 0xC0, 0x00, 0x00, 0x03, 0xFF,
    0x00, 0x00, 0x00, 0x0F, 0xFC, 0x00, 0x00, 0x00, 0x3F, 0xF0, 0x00, 0x00, 0x00, 0xFF, 0xC0, 0x00,
    0x00, 0x03, 0xFF, 0x00, 0x00, 0x00, 0x0F, 0xFC, 0x00, 0x00, 0x00, 0x3F, 0xF0, 0x00, 0x00, 0x00,
    0xFF, 0xC0, 0x00, 0x00, 0x03, 0xFF, 0x00, 0x00, 0x00, 0x0F, 0xFC, 0x00, 0x00, 0x00, 0x3F, 0xF0,
    0x00, 0x00, 0x00, 0xFF, 0xC0, 0x00, 0x00, 0x03, 0xFF, 0x00, 0x00, 0x00, 0x0F, 0xFC, 0x00, 0x00,
    0x00, 0x3F, 0xF0, 0x00, 0x00, 0x00, 0xFF, 0xC0, 0x00, 0x00, 0x00, 0x00, 0x01, 0x54, 0x00, 0x00,
    0x00, 0x2F, 0xF0, 0x00, 0x00, 0x00, 0xFF, 0x40, 0x00, 0x00, 0x03, 0xFC, 0x00, 0x7F, 0x00, 0x1F,
    0xC0, 0x02, 0xFC, 0x00, 0xBE, 0x00, 0x0F, 0xF0, 0x00, 0x00, 0x00, 0x7F, 0xD0, 0x00, 0x00, 0x0B,
    0xFF, 0xFF, 0xC0, 0x00, 0xFF, 0xFF, 0xFF, 0x00, 0x03, 0xFF, 0xFF, 0xFC, 0x00, 0x0A, 0xFF, 0xEA,
    0xA0, 0x00, 0x03, 0xFF, 0x00, 0x00, 0x00, 0x0F, 0xFC, 0x00, 0x00, 0x00, 0x3F, 0xF0, 0x00, 0x00,
    0x00, 0xFF, 0xC0, 0x00, 0x00, 0x03, 0xFF, 0x00, 0x00, 0x00, 0x0F, 0xFC, 0x00, 0x00, 0x00, 0x3F,
    0xF0, 0x00, 0x00, 0x00, 0xFF, 0xC0, 0x00, 0x00, 0x03, 0xFF, 0x00, 0x00, 0x00, 0x0F, 0xFD, 0x00,
    0x00, 0x00, 0x2F, 0xFF, 0xAD, 0x00, 0x00, 0x7F, 0xFF, 0xF4, 0x00, 0x00, 0xBF, 0xFF, 0xD0, 0x00,
    0x00, 0xBF, 0xFF, 0x00, 0x00, 0x00, 0x05, 0x00, 0x00, 0x00, 0x7F, 0xFF, 0xFF, 0xFF, 0xF5, 0xFF,
    0xFF, 0xFF, 0xFF, 0xE7, 0xFF, 0xFF, 0xFF, 0xFF, 0x9F, 0xFF, 0xFF, 0xFF, 0xFE, 0x15, 0x57, 0xFF,
    0x95, 0x54, 0x00, 0x0F, 0xFC, 0x00, 0x00, 0x00, 0x3F, 0xF0, 0x00, 0x00, 0x00, 0xFF, 0xC0, 0x00,
    0x00, 0x03, 0xFF, 0x00, 0x00, 0x00, 0x0F, 0xFC, 0x00, 0x00, 0x3F, 0xFF, 0xFF, 0xF0, 0x00, 0xFF,
    0xFF, 0xFF, 0xC0, 0x03, 0xFF, 0xFF, 0xFF, 0x00, 0x0F, 0xFF, 0xFF, 0xFC, 0x00, 0x15, 0x7F, 0xF5,
    0x50, 0x00, 0x00, 0xFF, 0xC0, 0x00, 0x00, 0x03, 0xFF, 0x00, 0x00, 0x00, 0x0F, 0xFC, 0x00, 0x00,
    0x00, 0x3F, 0xF0, 0x00, 0x00, 0x00, 0xFF, 0xC0, 0x00, 0x00, 0x03, 0xFF, 0x00, 0x00, 0x00, 0x0F,
    0xFC, 0x00, 0x00, 0x00, 0x3F, 0xF0, 0x00, 0x00, 0x00, 0xFF, 0xC0, 0x00, 0x00, 0x00, 0x00, 0x00,
    0x07, 0xF0, 0x00, 0x00, 0xBF, 0x00, 0x00, 0x0F, 0xF0, 0x00, 0x01, 0xFF, 0x40, 0x00, 0xBF, 0xFF,
    0xFC, 0x3F, 0xFF, 0xFF, 0xC3, 0xFF, 0xFF, 0xFC, 0x2B, 0xFF, 0xAA, 0x80, 0x3F, 0xF0, 0x00, 0x03,
    0xFF, 0x00, 0x01, 0x7F, 0xF5, 0x50, 0x3F, 0xFF, 0xFF, 0x43, 0xFF, 0xFF, 0xF4, 0x3F, 0xFF, 0xFF,
    0x40, 0x3F, 0xF0, 0x00, 0x03, 0xFF, 0x00, 0x00, 0x3F, 0xF0, 0x00, 0x03, 0xFF, 0x40, 0x00, 0x2F,
    0xFF, 0xAD, 0x01, 0xFF, 0xFF, 0xD0, 0x0B, 0xFF, 0xFD, 0x00, 0x2F, 0xFF, 0xC0, 0x00, 0x05, 0x00,
    0x00, 0x00, 0x00, 0x00, 0x00, 0x00, 0x0F, 0xF8, 0x07, 0xD0, 0x00, 0x0F, 0xFF, 0xEB, 0xF0, 0x00,
    0x0B, 0xFF, 0xFF, 0xFC, 0x00, 0x03, 0xF4, 0x7F, 0xFC, 0x00, 0x00, 0xF4, 0x01, 0xB8, 0x00, 0x00,
    0x00, 0x00, 0x00, 0x00, 0x00, 0x00, 0x00, 0x00, 0x00, 0x00, 0x3F, 0xE0, 0x00, 0x02, 0xFF, 0x4F,
    0xFC, 0x00, 0x00, 0xBF, 0xD3, 0xFF, 0x00, 0x00, 0x2F, 0xF4, 0xFF, 0xC0, 0x00, 0x0B, 0xFD, 0x3F,
    0xF0, 0x00, 0x02, 0xFF, 0x4F, 0xFC, 0x00, 0x00, 0xBF, 0xD3, 0xFF, 0x00, 0x00, 0x2F, 0xF4, 0xFF,
    0xC0, 0x00, 0x0B, 0xFD, 0x3F, 0xF0, 0x00, 0x02, 0xFF, 0x4F, 0xFC, 0x00, 0x00, 0xBF, 0xD3, 0xFF,
    0x00, 0x00, 0x2F, 0xF4, 0xFF, 0xC0, 0x00, 0x0B, 0xFD, 0x3F, 0xF0, 0x00, 0x02, 0xFF, 0x4F, 0xFC,
    0x00, 0x00, 0xBF, 0xD3, 0xFF, 0x00, 0x00, 0x2F, 0xF4, 0xFF, 0xC0, 0x00, 0x0B, 0xFD, 0x3F, 0xF0,
    0x00, 0x03, 0xFF, 0x4F, 0xFD, 0x00, 0x00, 0xFF, 0xC3, 0xFF, 0x80, 0x00, 0xBF, 0xF0, 0x7F, 0xF8,
    0x00, 0xBF, 0xF8, 0x0F, 0xFF, 0xFF, 0xFF, 0xFC, 0x00, 0xFF, 0xFF, 0xFF, 0xFD, 0x00, 0x0F, 0xFF,
    0xFF, 0xFC, 0x00, 0x00, 0x7F, 0xFF, 0xF4, 0x00, 0x00, 0x00, 0x15, 0x00, 0x00, 0x00, 0x00, 0x00,
    0x00, 0x00, 0x00, 0x0B, 0xF8, 0x03, 0xE0, 0x02, 0xFF, 0xFE, 0xFD, 0x00, 0x3F, 0xFF, 0xFF, 0xC0,
    0x0B, 0xD1, 0xFF, 0xF4, 0x00, 0xB8, 0x01, 0xB8, 0x00, 0x00, 0x00, 0x00, 0x00, 0x00, 0x00, 0x00,
    0x00, 0x00, 0xBF, 0xD0, 0x00, 0xFF, 0xCB, 0xFD, 0x00, 0x0F, 0xFC, 0xBF, 0xD0, 0x00, 0xFF, 0xCB,
    0xFD, 0x00, 0x0F, 0xFC, 0xBF, 0xD0, 0x00, 0xFF, 0xCB, 0xFD, 0x00, 0x0F, 0xFC, 0xBF, 0xD0, 0x00,
    0xFF, 0xCB, 0xFD, 0x00, 0x0F, 0xFC, 0xBF, 0xD0, 0x00, 0xFF, 0xCB, 0xFD, 0x00, 0x0F, 0xFC, 0xBF,
    0xD0, 0x00, 0xFF, 0xCB, 0xFD, 0x00, 0x0F, 0xFC, 0xBF, 0xE0, 0x02, 0xFF, 0xCB, 0xFF, 0x40, 0x7F,
    0xFC, 0x7F, 0xFF, 0xBF, 0xFF, 0xC3, 0xFF, 0xFF, 0xFF, 0xFC, 0x0F, 0xFF, 0xFE, 0x3F, 0xC0, 0x2F,
    0xFF, 0x43, 0xFC, 0x00, 0x05, 0x00, 0x00, 0x00, 0x00, 0x15, 0x55, 0x55, 0x00, 0x00, 0x0F, 0xFF,
    0xFF, 0xC0, 0x00, 0x03, 0xFF, 0xFF, 0xF0, 0x00, 0x00, 0xFF, 0xFF, 0xFC, 0x00, 0x00, 0x00, 0x00,
    0x00, 0x00, 0x00, 0x00, 0x00, 0x00, 0x00, 0x03, 0xFE, 0x00, 0x00, 0x2F, 0xF4, 0xFF, 0xC0, 0x00,
    0x0B, 0xFD, 0x3F, 0xF0, 0x00, 0x02, 0xFF, 0x4F, 0xFC, 0x00, 0x00, 0xBF, 0xD3, 0xFF, 0x00, 0x00,
    0x2F, 0xF4, 0xFF, 0xC0, 0x00, 0x0B, 0xFD, 0x3F, 0xF0, 0x00, 0x02, 0xFF, 0x4F, 0xFC, 0x00, 0x00,
    0xBF, 0xD3, 0xFF, 0x00, 0x00, 0x2F, 0xF4, 0xFF, 0xC0, 0x00, 0x0B, 0xFD, 0x3F, 0xF0, 0x00, 0x02,
    0xFF, 0x4F, 0xFC, 0x00, 0x00, 0xBF, 0xD3, 0xFF, 0x00, 0x00, 0x2F, 0xF4, 0xFF, 0xC0, 0x00, 0x0B,
    0xFD, 0x3F, 0xF0, 0x00, 0x02, 0xFF, 0x4F, 0xFC, 0x00, 0x00, 0xBF, 0xD3, 0xFF, 0x00, 0x00, 0x3F,
    0xF4, 0xFF, 0xD0, 0x00, 0x0F, 0xFC, 0x3F, 0xF8, 0x00, 0x0B, 0xFF, 0x07, 0xFF, 0x80, 0x0B, 0xFF,
    0x80, 0xFF, 0xFF, 0xFF, 0xFF, 0xC0, 0x0F, 0xFF, 0xFF, 0xFF, 0xD0, 0x00, 0xFF, 0xFF, 0xFF, 0xC0,
    0x00, 0x07, 0xFF, 0xFF, 0x40, 0x00, 0x00, 0x01, 0x50, 0x00, 0x00, 0x01, 0x55, 0x55, 0x50, 0x00,
    0x2F, 0xFF, 0xFF, 0x40, 0x02, 0xFF, 0xFF, 0xF4, 0x00, 0x2F, 0xFF, 0xFF, 0x40, 0x00, 0x00, 0x00,
    0x00, 0x00, 0x00, 0x00, 0x00, 0x00, 0xBF, 0xD0, 0x00, 0xFF, 0xCB, 0xFD, 0x00, 0x0F, 0xFC, 0xBF,
    0xD0, 0x00, 0xFF, 0xCB, 0xFD, 0x00, 0x0F, 0xFC, 0xBF, 0xD0, 0x00, 0xFF, 0xCB, 0xFD, 0x00, 0x0F,
    0xFC, 0xBF, 0xD0, 0x00, 0xFF, 0xCB, 0xFD, 0x00, 0x0F, 0xFC, 0xBF, 0xD0, 0x00, 0xFF, 0xCB, 0xFD,
    0x00, 0x0F, 0xFC, 0xBF, 0xD0, 0x00, 0xFF, 0xCB, 0xFD, 0x00, 0x0F, 0xFC, 0xBF, 0xE0, 0x02, 0xFF,
    0xCB, 0xFF, 0x40, 0x7F, 0xFC, 0x7F, 0xFF, 0xBF, 0xFF, 0xC3, 0xFF, 0xFF, 0xFF, 0xFC, 0x0F, 0xFF,
    0xFE, 0x3F, 0xC0, 0x2F, 0xFF, 0x43, 0xFC, 0x00, 0x05, 0x00, 0x00, 0x00, 0x00, 0x68, 0x00, 0x06,
    0x80, 0x00, 0x1F, 0x80, 0x07, 0xF0, 0x00, 0x03, 0xFE, 0xAF, 0xF8, 0x00, 0x00, 0x7F, 0xFF, 0xFC,
    0x00, 0x00, 0x07, 0xFF, 0xFC, 0x00, 0x00, 0x00, 0x1B, 0xE4, 0x00, 0x00, 0x00, 0x00, 0x00, 0x00,
    0x00, 0x00, 0x00, 0x00, 0x00, 0x00, 0x3F, 0xE0, 0x00, 0x02, 0xFF, 0x4F, 0xFC, 0x00, 0x00, 0xBF,
    0xD3, 0xFF, 0x00, 0x00, 0x2F, 0xF4, 0xFF, 0xC0, 0x00, 0x0B, 0xFD, 0x3F, 0xF0, 0x00, 0x02, 0xFF,
    0x4F, 0xFC, 0x00, 0x00, 0xBF, 0xD3, 0xFF, 0x00, 0x00, 0x2F, 0xF4, 0xFF, 0xC0, 0x00, 0x0B, 0xFD,
    0x3F, 0xF0, 0x00, 0x02, 0xFF, 0x4F, 0xFC, 0x00, 0x00, 0xBF, 0xD3, 0xFF, 0x00, 0x00, 0x2F, 0xF4,
    0xFF, 0xC0, 0x00, 0x0B, 0xFD, 0x3F, 0xF0, 0x00, 0x02, 0xFF, 0x4F, 0xFC, 0x00, 0x00, 0xBF, 0xD3,
    0xFF, 0x00, 0x00, 0x2F, 0xF4, 0xFF, 0xC0, 0x00, 0x0B, 0xFD, 0x3F, 0xF0, 0x00, 0x03, 0xFF, 0x4F,
    0xFD, 0x00, 0x00, 0xFF, 0xC3, 0xFF, 0x80, 0x00, 0xBF, 0xF0, 0x7F, 0xF8, 0x00, 0xBF, 0xF8, 0x0F,
    0xFF, 0xFF, 0xFF, 0xFC, 0x00, 0xFF, 0xFF, 0xFF, 0xFD, 0x00, 0x0F, 0xFF, 0xFF, 0xFC, 0x00, 0x00,
    0x7F, 0xFF, 0xF4, 0x00, 0x00, 0x00, 0x15, 0x00, 0x00, 0x00, 0x02, 0x90, 0x00, 0x29, 0x00, 0x3F,
    0x00, 0x0F, 0xD0, 0x02, 0xFF, 0xAF, 0xFC, 0x00, 0x0F, 0xFF, 0xFF, 0x40, 0x00, 0x3F, 0xFF, 0xD0,
    0x00, 0x00, 0x6F, 0x90, 0x00, 0x00, 0x00, 0x00, 0x00, 0x00, 0x00, 0x00, 0x00, 0x00, 0xBF, 0xD0,
    0x00, 0xFF, 0xCB, 0xFD, 0x00, 0x0F, 0xFC, 0xBF, 0xD0, 0x00, 0xFF, 0xCB, 0xFD, 0x00, 0x0F, 0xFC,
    0xBF, 0xD0, 0x00, 0xFF, 0xCB, 0xFD, 0x00, 0x0F, 0xFC, 0xBF, 0xD0, 0x00, 0xFF, 0xCB, 0xFD, 0x00,
    0x0F, 0xFC, 0xBF, 0xD0, 0x00, 0xFF, 0xCB, 0xFD, 0x00, 0x0F, 0xFC, 0xBF, 0xD0, 0x00, 0xFF, 0xCB,
    0xFD, 0x00, 0x0F, 0xFC, 0xBF, 0xE0, 0x02, 0xFF, 0xCB, 0xFF, 0x40, 0x7F, 0xFC, 0x7F, 0xFF, 0xBF,
    0xFF, 0xC3, 0xFF, 0xFF, 0xFF, 0xFC, 0x0F, 0xFF, 0xFE, 0x3F, 0xC0, 0x2F, 0xFF, 0x43, 0xFC, 0x00,
    0x05, 0x00, 0x00, 0x00, 0x00, 0x00, 0xBE, 0x40, 0x00, 0x00, 0x00, 0xFF, 0xF4, 0x00, 0x00, 0x00,
    0xBE, 0x7F, 0x00, 0x00, 0x00, 0x3E, 0x07, 0xD0, 0x00, 0x00, 0x0F, 0x81, 0xF4, 0x00, 0x00, 0x02,
    0xFA, 0xFC, 0x00, 0x00, 0x00, 0x3F, 0xFD, 0x00, 0x00, 0x00, 0x02, 0xF8, 0x00, 0x00, 0x00, 0x00,
    0x00, 0x00, 0x00, 0x00, 0x00, 0x00, 0x00, 0x00, 0x03, 0xFE, 0x00, 0x00, 0x2F, 0xF4, 0xFF, 0xC0,
    0x00, 0x0B, 0xFD, 0x3F, 0xF0, 0x00, 0x02, 0xFF, 0x4F, 0xFC, 0x00, 0x00, 0xBF, 0xD3, 0xFF, 0x00,
    0x00, 0x2F, 0xF4, 0xFF, 0xC0, 0x00, 0x0B, 0xFD, 0x3F, 0xF0, 0x00, 0x02, 0xFF, 0x4F, 0xFC, 0x00,
    0x00, 0xBF, 0xD3, 0xFF, 0x00, 0x00, 0x2F, 0xF4, 0xFF, 0xC0, 0x00, 0x0B, 0xFD, 0x3F, 0xF0, 0x00,
    0x02, 0xFF, 0x4F, 0xFC, 0x00, 0x00, 0xBF, 0xD3, 0xFF, 0x00, 0x00, 0x2F, 0xF4, 0xFF, 0xC0, 0x00,
    0x0B, 0xFD, 0x3F, 0xF0, 0x00, 0x02, 0xFF, 0x4F, 0xFC, 0x00, 0x00, 0xBF, 0xD3, 0xFF, 0x00, 0x00,
    0x3F, 0xF4, 0xFF, 0xD0, 0x00, 0x0F, 0xFC, 0x3F, 0xF8, 0x00, 0x0B, 0xFF, 0x07, 0xFF, 0x80, 0x0B,
    0xFF, 0x80, 0xFF, 0xFF, 0xFF, 0xFF, 0xC0, 0x0F, 0xFF, 0xFF, 0xFF, 0xD0, 0x00, 0xFF, 0xFF, 0xFF,
    0xC0, 0x00, 0x07, 0xFF, 0xFF, 0x40, 0x00, 0x00, 0x01, 0x50, 0x00, 0x00, 0x00, 0x07, 0xF8, 0x00,
    0x00, 0x01, 0xFF, 0xF0, 0x00, 0x00, 0x3F, 0x6F, 0x80, 0x00, 0x03, 0xD0, 0xFC, 0x00, 0x00, 0x3D,
    0x0F, 0xC0, 0x00, 0x03, 0xFA, 0xF8, 0x00, 0x00, 0x1F, 0xFF, 0x00, 0x00, 0x00, 0x6F, 0x80, 0x00,
    0x00, 0x00, 0x00, 0x00, 0x00, 0x00, 0x00, 0x00, 0x00, 0xBF, 0xD0, 0x00, 0xFF, 0xCB, 0xFD, 0x00,
    0x0F, 0xFC, 0xBF, 0xD0, 0x00, 0xFF, 0xCB, 0xFD, 0x00, 0x0F, 0xFC, 0xBF, 0xD0, 0x00, 0xFF, 0xCB,
    0xFD, 0x00, 0x0F, 0xFC, 0xBF, 0xD0, 0x00, 0xFF, 0xCB, 0xFD, 0x00, 0x0F, 0xFC, 0xBF, 0xD0, 0x00,
    0xFF, 0xCB, 0xFD, 0x00, 0x0F, 0xFC, 0xBF, 0xD0, 0x00, 0xFF, 0xCB, 0xFD, 0x00, 0x0F, 0xFC, 0xBF,
    0xE0, 0x02, 0xFF, 0xCB, 0xFF, 0x40, 0x7F, 0xFC, 0x7F, 0xFF, 0xBF, 0xFF, 0xC3, 0xFF, 0xFF, 0xFF,
    0xFC, 0x0F, 0xFF, 0xFE, 0x3F, 0xC0, 0x2F, 0xFF, 0x43, 0xFC, 0x00, 0x05, 0x00, 0x00, 0x00, 0x00,
    0x06, 0xA8, 0x6A, 0x90, 0x00, 0x07, 0xFE, 0x3F, 0xF0, 0x00, 0x03, 0xFE, 0x2F, 0xF0, 0x00, 0x02,
    0xFE, 0x0F, 0xF0, 0x00, 0x01, 0xFD, 0x0F, 0xE0, 0x00, 0x00, 0xBC, 0x07, 0xE0, 0x00, 0x00, 0x00,
    0x00, 0x00, 0x00, 0x00, 0x00, 0x00, 0x00, 0x00, 0x00, 0x3F, 0xE0, 0x00, 0x02, 0xFF, 0x4F, 0xFC,
    0x00, 0x00, 0xBF, 0xD3, 0xFF, 0x00, 0x00, 0x2F, 0xF4, 0xFF, 0xC0, 0x00, 0x0B, 0xFD, 0x3F, 0xF0,
    0x00, 0x02, 0xFF, 0x4F, 0xFC, 0x00, 0x00, 0xBF, 0xD3, 0xFF, 0x00, 0x00, 0x2F, 0xF4, 0xFF, 0xC0,
    0x00, 0x0B, 0xFD, 0x3F, 0xF0, 0x00, 0x02, 0xFF, 0x4F, 0xFC, 0x00, 0x00, 0xBF, 0xD3, 0xFF, 0x00,
    0x00, 0x2F, 0xF4, 0xFF, 0xC0, 0x00, 0x0B, 0xFD, 0x3F, 0xF0, 0x00, 0x02, 0xFF, 0x4F, 0xFC, 0x00,
    0x00, 0xBF, 0xD3, 0xFF, 0x00, 0x00, 0x2F, 0xF4, 0xFF, 0xC0, 0x00, 0x0B, 0xFD, 0x3F, 0xF0, 0x00,
    0x03, 0xFF, 0x4F, 0xFD, 0x00, 0x00, 0xFF, 0xC3, 0xFF, 0x80, 0x00, 0xBF, 0xF0, 0x7F, 0xF8, 0x00,
    0xBF, 0xF8, 0x0F, 0xFF, 0xFF, 0xFF, 0xFC, 0x00, 0xFF, 0xFF, 0xFF, 0xFD, 0x00, 0x0F, 0xFF, 0xFF,
    0xFC, 0x00, 0x00, 0x7F, 0xFF, 0xF4, 0x00, 0x00, 0x00, 0x15, 0x00, 0x00, 0x00, 0x00, 0x6A, 0x82,
    0xA9, 0x00, 0x0F, 0xFC, 0xBF, 0xD0, 0x03, 0xFF, 0x1F, 0xF4, 0x00, 0x7F, 0x83, 0xFD, 0x00, 0x0F,
    0xE0, 0xBF, 0x00, 0x02, 0xF4, 0x0F, 0x80, 0x00, 0x00, 0x00, 0x00, 0x00, 0x00, 0x00, 0x00, 0x00,
    0x00, 0xBF, 0xD0, 0x00, 0xFF, 0xCB, 0xFD, 0x00, 0x0F, 0xFC, 0xBF, 0xD0, 0x00, 0xFF, 0xCB, 0xFD,
    0x00, 0x0F, 0xFC, 0xBF, 0xD0, 0x00, 0xFF, 0xCB, 0xFD, 0x00, 0x0F, 0xFC, 0xBF, 0xD0, 0x00, 0xFF,
    0xCB, 0xFD, 0x00, 0x0F, 0xFC, 0xBF, 0xD0, 0x00, 0xFF, 0xCB, 0xFD, 0x00, 0x0F, 0xFC, 0xBF, 0xD0,
    0x00, 0xFF, 0xCB, 0xFD, 0x00, 0x0F, 0xFC, 0xBF, 0xE0, 0x02, 0xFF, 0xCB, 0xFF, 0x40, 0x7F, 0xFC,
    0x7F, 0xFF, 0xBF, 0xFF, 0xC3, 0xFF, 0xFF, 0xFF, 0xFC, 0x0F, 0xFF, 0xFE, 0x3F, 0xC0, 0x2F, 0xFF,
    0x43, 0xFC, 0x00, 0x05, 0x00, 0x00, 0x00, 0x3F, 0xE0, 0x00, 0x02, 0xFF, 0x4F, 0xFC, 0x00, 0x00,
    0xBF, 0xD3, 0xFF, 0x00, 0x00, 0x2F, 0xF4, 0xFF, 0xC0, 0x00, 0x0B, 0xFD, 0x3F, 0xF0, 0x00, 0x02,
    0xFF, 0x4F, 0xFC, 0x00, 0x00, 0xBF, 0xD3, 0xFF, 0x00, 0x00, 0x2F, 0xF4, 0xFF, 0xC0, 0x00, 0x0B,
    0xFD, 0x3F, 0xF0, 0x00, 0x02, 0xFF, 0x4F, 0xFC, 0x00, 0x00, 0xBF, 0xD3, 0xFF, 0x00, 0x00, 0x2F,
    0xF4, 0xFF, 0xC0, 0x00, 0x0B, 0xFD, 0x3F, 0xF0, 0x00, 0x02, 0xFF, 0x4F, 0xFC, 0x00, 0x00, 0xBF,
    0xD3, 0xFF, 0x00, 0x00, 0x2F, 0xF4, 0xFF, 0xC0, 0x00, 0x0B, 0xFD, 0x3F, 0xF0, 0x00, 0x03, 0xFF,
    0x4F, 0xFD, 0x00, 0x00, 0xFF, 0xC3, 0xFF, 0x80, 0x00, 0xBF, 0xF0, 0x7F, 0xF8, 0x00, 0xBF, 0xF8,
    0x0F, 0xFF, 0xFF, 0xFF, 0xFC, 0x00, 0xFF, 0xFF, 0xFF, 0xFD, 0x00, 0x0F, 0xFF, 0xFF, 0xFC, 0x00,
    0x00, 0x7F, 0xFF, 0xFC, 0x00, 0x00, 0x00, 0x15, 0xFD, 0x00, 0x00, 0x00, 0x00, 0xBE, 0x00, 0x00,
    0x00, 0x00, 0x3F, 0x40, 0x00, 0x00, 0x00, 0x0F, 0xC0, 0x00, 0x00, 0x00, 0x03, 0xF8, 0x00, 0x00,
    0x00, 0x00, 0xFF, 0xF4, 0x00, 0x00, 0x00, 0x2F, 0xFD, 0x00, 0x00, 0x00, 0x01, 0xFF, 0x00, 0x00,
    0x00, 0x00, 0x00, 0x0B, 0xFD, 0x00, 0x0F, 0xFC, 0xBF, 0xD0, 0x00, 0xFF, 0xCB, 0xFD, 0x00, 0x0F,
    0xFC, 0xBF, 0xD0, 0x00, 0xFF, 0xCB, 0xFD, 0x00, 0x0F, 0xFC, 0xBF, 0xD0, 0x00, 0xFF, 0xCB, 0xFD,
    0x00, 0x0F, 0xFC, 0xBF, 0xD0, 0x00, 0xFF, 0xCB, 0xFD, 0x00, 0x0F, 0xFC, 0xBF, 0xD0, 0x00, 0xFF,
    0xCB, 0xFD, 0x00, 0x0F, 0xFC, 0xBF, 0xD0, 0x00, 0xFF, 0xCB, 0xFE, 0x00, 0x2F, 0xFC, 0xBF, 0xF4,
    0x07, 0xFF, 0xC7, 0xFF, 0xFB, 0xFF, 0xFC, 0x3F, 0xFF, 0xFF, 0xFF, 0xC0, 0xFF, 0xFF, 0xE3, 0xFC,
    0x02, 0xFF, 0xF4, 0x3F, 0xC0, 0x00, 0x50, 0x07, 0xE0, 0x00, 0x00, 0x01, 0xFC, 0x00, 0x00, 0x00,
    0x3F, 0x00, 0x00, 0x00, 0x07, 0xF0, 0x00, 0x00, 0x00, 0x7F, 0x94, 0x00, 0x00, 0x03, 0xFF, 0xC0,
    0x00, 0x00, 0x2F, 0xFC, 0x00, 0x00, 0x00, 0x6A, 0x80, 0x00, 0x00, 0x00, 0x1A, 0xA4, 0x00, 0x00,
    0x00, 0x00, 0x00, 0x00, 0x1F, 0xFF, 0x40, 0x00, 0x00, 0x00, 0x00, 0x00, 0x0F, 0xFF, 0xF0, 0x00,
    0x00, 0x00, 0x00, 0x00, 0x0F, 0xFA, 0xFF, 0x00, 0x00, 0x00, 0x00, 0x00, 0x0F, 0xF4, 0x1F, 0xF0,
    0x00, 0x00, 0x00, 0x00, 0x07, 0xF0, 0x00, 0xFD, 0x00, 0x00, 0x00, 0x00, 0x00, 0x00, 0x00, 0x00,
    0x00, 0x00, 0x00, 0x00, 0x00, 0x00, 0x00, 0x00, 0x00, 0x00, 0x00, 0xBF, 0xC0, 0x00, 0x1F, 0xF4,
    0x00, 0x02, 0xFF, 0x2F, 0xF4, 0x00, 0x0B, 0xFF, 0x00, 0x00, 0xFF, 0xC7, 0xFE, 0x00, 0x03, 0xFF,
    0xC0, 0x00, 0x7F, 0xE0, 0xFF, 0x80, 0x00, 0xFF, 0xF4, 0x00, 0x2F, 0xF4, 0x3F, 0xF0, 0x00, 0x7F,
    0xFE, 0x00, 0x0B, 0xFC, 0x0B, 0xFC, 0x00, 0x2F, 0xFF, 0xC0, 0x03, 0xFF, 0x01, 0xFF, 0x40, 0x0F,
    0xFF, 0xF0, 0x00, 0xFF, 0x80, 0x3F, 0xE0, 0x03, 0xFE, 0xFD, 0x00, 0x7F, 0xD0, 0x0F, 0xFC, 0x01,
    0xFE, 0x7F, 0x80, 0x2F, 0xF0, 0x02, 0xFF, 0x00, 0xBF, 0x4F, 0xF0, 0x0F, 0xFC, 0x00, 0x7F, 0xD0,
    0x3F, 0xC3, 0xFC, 0x03, 0xFE, 0x00, 0x0F, 0xF8, 0x0F, 0xF0, 0xFF, 0x41, 0xFF, 0x40, 0x03, 0xFF,
    0x07, 0xFC, 0x2F, 0xE0, 0xBF, 0xC0, 0x00, 0xBF, 0xC2, 0xFD, 0x07, 0xFC, 0x3F, 0xF0, 0x00, 0x1F,
    0xF4, 0xFF, 0x00, 0xFF, 0x0F, 0xF8, 0x00, 0x03, 0xFD, 0x3F, 0xC0, 0x3F, 0xD7, 0xFD, 0x00, 0x00,
    0xFF, 0x9F, 0xE0, 0x0B, 0xF9, 0xFF, 0x00, 0x00, 0x2F, 0xFB, 0xF4, 0x00, 0xFF, 0xBF, 0xC0, 0x00,
    0x07, 0xFF, 0xFC, 0x00, 0x3F, 0xFF, 0xE0, 0x00, 0x00, 0xFF, 0xFF, 0x00, 0x0B, 0xFF, 0xF4, 0x00,
    0x00, 0x3F, 0xFF, 0x80, 0x01, 0xFF, 0xFC, 0x00, 0x00, 0x0B, 0xFF, 0xD0, 0x00, 0x3F, 0xFF, 0x00,
    0x00, 0x01, 0xFF, 0xF0, 0x00, 0x0F, 0xFF, 0x80, 0x00, 0x00, 0x3F, 0xFC, 0x00, 0x02, 0xFF, 0xD0,
    0x00, 0x00, 0x00, 0x00, 0xAA, 0x80, 0x00, 0x00, 0x00, 0x00, 0x00, 0xFF, 0xF8, 0x00, 0x00, 0x00,
    0x00, 0x00, 0xBF, 0xFF, 0x40, 0x00, 0x00, 0x00, 0x00, 0xBF, 0xDF, 0xF4, 0x00, 0x00, 0x00, 0x00,
    0x7F, 0x80, 0xFF, 0x40, 0x00, 0x00, 0x00, 0x3F, 0x40, 0x0B, 0xF0, 0x00, 0x00, 0x00, 0x00, 0x00,
    0x00, 0x00, 0x00, 0x00, 0x00, 0x00, 0x00, 0x00, 0x00, 0x00, 0x00, 0x7F, 0xD0, 0x02, 0xFF, 0xC0,
    0x03, 0xFF, 0x0F, 0xF8, 0x00, 0xFF, 0xF4, 0x00, 0xFF, 0x83, 0xFF, 0x00, 0x3F, 0xFE, 0x00, 0x7F,
    0xD0, 0xBF, 0xC0, 0x1F, 0xFF, 0xC0, 0x2F, 0xF0, 0x1F, 0xF4, 0x0B, 0xFB, 0xF0, 0x0F, 0xFC, 0x03,
    0xFE, 0x03, 0xF9, 0xFD, 0x03, 0xFE, 0x00, 0xFF, 0xC0, 0xFE, 0x3F, 0x81, 0xFF, 0x40, 0x1F, 0xF4,
    0x7F, 0x4F, 0xF0, 0xBF, 0xC0, 0x03, 0xFE, 0x2F, 0xC2, 0xFC, 0x3F, 0xE0, 0x00, 0xFF, 0x8F, 0xF0,
    0x7F, 0x4F, 0xF4, 0x00, 0x2F, 0xF3, 0xF8, 0x0F, 0xE7, 0xFC, 0x00, 0x07, 0xFC, 0xFD, 0x03, 0xFA,
    0xFF, 0x00, 0x00, 0xFF, 0xBF, 0x00, 0xBF, 0xBF, 0x80, 0x00, 0x3F, 0xFF, 0xC0, 0x1F, 0xFF, 0xD0,
    0x00, 0x07, 0xFF, 0xE0, 0x03, 0xFF, 0xF0, 0x00, 0x00, 0xFF, 0xF4, 0x00, 0xFF, 0xF8, 0x00, 0x00,
    0x3F, 0xFC, 0x00, 0x3F, 0xFD, 0x00, 0x00, 0x0B, 0xFF, 0x00, 0x0B, 0xFF, 0x00, 0x00, 0x00, 0x00,
    0xAA, 0x80, 0x00, 0x00, 0x00, 0xFF, 0xF8, 0x00, 0x00, 0x00, 0xBF, 0xFF, 0x80, 0x00, 0x00, 0xBF,
    0xDF, 0xF4, 0x00, 0x00, 0x7F, 0xC0, 0xFF, 0x40, 0x00, 0x3F, 0x80, 0x0B, 0xF0, 0x00, 0x00, 0x00,
    0x00, 0x00, 0x00, 0x00, 0x00, 0x00, 0x00, 0x00, 0xBF, 0xE0, 0x00, 0x02, 0xFF, 0x9F, 0xFC, 0x00,
    0x01, 0xFF, 0xC3, 0xFF, 0x80, 0x00, 0xFF, 0xE0, 0x3F, 0xF0, 0x00, 0x7F, 0xF0, 0x0B, 0xFE, 0x00,
    0x3F, 0xF8, 0x00, 0xFF, 0xC0, 0x1F, 0xFC, 0x00, 0x2F, 0xF8, 0x0F, 0xFD, 0x00, 0x03, 0xFF, 0x07,
    0xFF, 0x00, 0x00, 0xBF, 0xE2, 0xFF, 0x40, 0x00, 0x0F, 0xFD, 0xFF, 0xC0, 0x00, 0x01, 0xFF, 0xFF,
    0xD0, 0x00, 0x00, 0x3F, 0xFF, 0xF0, 0x00, 0x00, 0x07, 0xFF, 0xF0, 0x00, 0x00, 0x00, 0xFF, 0xF8,
    0x00, 0x00, 0x00, 0x1F, 0xFC, 0x00, 0x00, 0x00, 0x03, 0xFF, 0x00, 0x00, 0x00, 0x00, 0xFF, 0xC0,
    0x00, 0x00, 0x00, 0x3F, 0xF0, 0x00, 0x00, 0x00, 0x0F, 0xFC, 0x00, 0x00, 0x00, 0x03, 0xFF, 0x00,
    0x00, 0x00, 0x00, 0xFF, 0xC0, 0x00, 0x00, 0x00, 0x3F, 0xF0, 0x00, 0x00, 0x00, 0x0F, 0xFC, 0x00,
    0x00, 0x00, 0x03, 0xFF, 0x00, 0x00, 0x00, 0x02, 0xAA, 0x00, 0x00, 0x00, 0x0B, 0xFF, 0xC0, 0x00,
    0x00, 0x2F, 0xFF, 0xE0, 0x00, 0x00, 0x7F, 0xDF, 0xF4, 0x00, 0x01, 0xFF, 0x03, 0xFD, 0x00, 0x03,
    0xF8, 0x00, 0xBF, 0x00, 0x00, 0x00, 0x00, 0x00, 0x00, 0x00, 0x00, 0x00, 0x00, 0x00, 0xBF, 0xE0,
    0x00, 0x1F, 0xFC, 0x7F, 0xF0, 0x00, 0x2F, 0xF4, 0x3F, 0xF0, 0x00, 0x3F, 0xF0, 0x2F, 0xF8, 0x00,
    0x7F, 0xE0, 0x0F, 0xFC, 0x00, 0xBF, 0xD0, 0x0B, 0xFC, 0x00, 0xFF, 0xC0, 0x07, 0xFE, 0x01, 0xFF,
    0x80, 0x03, 0xFF, 0x02, 0xFF, 0x00, 0x02, 0xFF, 0x03, 0xFF, 0x00, 0x00, 0xFF, 0x87, 0xFD, 0x00,
    0x00, 0xBF, 0xCB, 0xFC, 0x00, 0x00, 0x7F, 0xCF, 0xF8, 0x00, 0x00, 0x3F, 0xEF, 0xF4, 0x00, 0x00,
    0x2F, 0xFF, 0xF0, 0x00, 0x00, 0x0F, 0xFF, 0xE0, 0x00, 0x00, 0x0B, 0xFF, 0xC0, 0x00, 0x00, 0x07,
    0xFF, 0xC0, 0x00, 0x00, 0x03, 0xFF, 0x40, 0x00, 0x00, 0x03, 0xFF, 0x00, 0x00, 0x00, 0x07, 0xFE,
    0x00, 0x00, 0x00, 0x0F, 0xFC, 0x00, 0x00, 0x00, 0x7F, 0xFC, 0x00, 0x00, 0x3F, 0xFF, 0xF0, 0x00,
    0x00, 0x3F, 0xFF, 0xE0, 0x00, 0x00, 0x3F, 0xFF, 0x40, 0x00, 0x00, 0x2F, 0xF8, 0x00, 0x00, 0x00,
    0x00, 0x00, 0x00, 0x00, 0x00, 0x00, 0x0B, 0xD0, 0x2F, 0x80, 0x00, 0x07, 0xFC, 0x0F, 0xF0, 0x00,
    0x01, 0xFF, 0x03, 0xFD, 0x00, 0x00, 0x3F, 0x80, 0xFF, 0x00, 0x00, 0x01, 0x00, 0x00, 0x00, 0x00,
    0x00, 0x00, 0x00, 0x00, 0x00, 0x00, 0x00, 0x00, 0x00, 0x00, 0xBF, 0xE0, 0x00, 0x02, 0xFF, 0x9F,
    0xFC, 0x00, 0x01, 0xFF, 0xC3, 0xFF, 0x80, 0x00, 0xFF, 0xE0, 0x3F, 0xF0, 0x00, 0x7F, 0xF0, 0x0B,
    0xFE, 0x00, 0x3F, 0xF8, 0x00, 0xFF, 0xC0, 0x1F, 0xFC, 0x00, 0x2F, 0xF8, 0x0F, 0xFD, 0x00, 0x03,
    0xFF, 0x07, 0xFF, 0x00, 0x00, 0xBF, 0xE2, 0xFF, 0x40, 0x00, 0x0F, 0xFD, 0xFF, 0xC0, 0x00, 0x01,
    0xFF, 0xFF, 0xD0, 0x00, 0x00, 0x3F, 0xFF, 0xF0, 0x00, 0x00, 0x07, 0xFF, 0xF0, 0x00, 0x00, 0x00,
    0xFF, 0xF8, 0x00, 0x00, 0x00, 0x1F, 0xFC, 0x00, 0x00, 0x00, 0x03, 0xFF, 0x00, 0x00, 0x00, 0x00,
    0xFF, 0xC0, 0x00, 0x00, 0x00, 0x3F, 0xF0, 0x00, 0x00, 0x00, 0x0F, 0xFC, 0x00, 0x00, 0x00, 0x03,
    0xFF, 0x00, 0x00, 0x00, 0x00, 0xFF, 0xC0, 0x00, 0x00, 0x00, 0x3F, 0xF0, 0x00, 0x00, 0x00, 0x0F,
    0xFC, 0x00, 0x00, 0x00, 0x03, 0xFF, 0x00, 0x00, 0x00, 0x00, 0x0A, 0xA9, 0x00, 0x00, 0x00, 0xBF,
    0xF0, 0x00, 0x00, 0x07, 0xFF, 0x00, 0x00, 0x00, 0x3F, 0xE0, 0x00, 0x00, 0x03, 0xFD, 0x00, 0x00,
    0x00, 0x2F, 0xC0, 0x00, 0x00, 0x00, 0x00, 0x00, 0x00, 0x00, 0x00, 0x00, 0x00, 0x00, 0x2F, 0xFF,
    0xFF, 0xFF, 0xF0, 0xFF, 0xFF, 0xFF, 0xFF, 0xC3, 0xFF, 0xFF, 0xFF, 0xFF, 0x0F, 0xFF, 0xFF, 0xFF,
    0xFC, 0x15, 0x55, 0x55, 0xFF, 0xD0, 0x00, 0x00, 0x0B, 0xFF, 0x00, 0x00, 0x00, 0x7F, 0xF0, 0x00,
    0x00, 0x03, 0xFF, 0x40, 0x00, 0x00, 0x2F, 0xF8, 0x00, 0x00, 0x01, 0xFF, 0xC0, 0x00, 0x00, 0x0F,
    0xFD, 0x00, 0x00, 0x00, 0xFF, 0xE0, 0x00, 0x00, 0x07, 0xFF, 0x00, 0x00, 0x00, 0x3F, 0xF0, 0x00,
    0x00, 0x03, 0xFF, 0x80, 0x00, 0x00, 0x2F, 0xFC, 0x00, 0x00, 0x01, 0xFF, 0xC0, 0x00, 0x00, 0x0F,
    0xFD, 0x00, 0x00, 0x00, 0xBF, 0xE0, 0x00, 0x00, 0x07, 0xFF, 0x40, 0x00, 0x00, 0x3F, 0xFF, 0xFF,
    0xFF, 0xF8, 0xFF, 0xFF, 0xFF, 0xFF, 0xE3, 0xFF, 0xFF, 0xFF, 0xFF, 0x8F, 0xFF, 0xFF, 0xFF, 0xFE,
    0x00, 0x00, 0x6A, 0xA0, 0x00, 0x07, 0xFF, 0x40, 0x00, 0x3F, 0xF0, 0x00, 0x03, 0xFF, 0x00, 0x00,
    0x2F, 0xE0, 0x00, 0x01, 0xFD, 0x00, 0x00, 0x00, 0x00, 0x00, 0x00, 0x00, 0x00, 0x00, 0xBF, 0xFF,
    0xFF, 0xF2, 0xFF, 0xFF, 0xFF, 0xCB, 0xFF, 0xFF, 0xFF, 0x1A, 0xAA, 0xBF, 0xF8, 0x00, 0x00, 0xFF,
    0xC0, 0x00, 0x0F, 0xFD, 0x00, 0x00, 0xBF, 0xE0, 0x00, 0x07, 0xFF, 0x00, 0x00, 0x3F, 0xF0, 0x00,
    0x03, 0xFF, 0x40, 0x00, 0x2F, 0xF8, 0x00, 0x01, 0xFF, 0xC0, 0x00, 0x0F, 0xFC, 0x00, 0x00, 0xFF,
    0xD0, 0x00, 0x0B, 0xFF, 0xFF, 0xFF, 0x7F, 0xFF, 0xFF, 0xFD, 0xFF, 0xFF, 0xFF, 0xF7, 0xFF, 0xFF,
    0xFF, 0xD0, 0x00, 0x00, 0x14, 0x00, 0x00, 0x00, 0x07, 0xFC, 0x00, 0x00, 0x00, 0x3F, 0xF8, 0x00,
    0x00, 0x00, 0xFF, 0xE0, 0x00, 0x00, 0x01, 0xFF, 0x00, 0x00, 0x00, 0x01, 0x90, 0x00, 0x00, 0x00,
    0x00, 0x00, 0x00, 0x00, 0x00, 0x00, 0x00, 0x00, 0x2F, 0xFF, 0xFF, 0xFF, 0xF0, 0xFF, 0xFF, 0xFF,
    0xFF, 0xC3, 0xFF, 0xFF, 0xFF, 0xFF, 0x0F, 0xFF, 0xFF, 0xFF, 0xFC, 0x15, 0x55, 0x55, 0xFF, 0xD0,
    0x00, 0x00, 0x0B, 0xFF, 0x00, 0x00, 0x00, 0x7F, 0xF0, 0x00, 0x00, 0x03, 0xFF, 0x40, 0x00, 0x00,
    0x2F, 0xF8, 0x00, 0x00, 0x01, 0xFF, 0xC0, 0x00, 0x00, 0x0F, 0xFD, 0x00, 0x00, 0x00, 0xFF, 0xE0,
    0x00, 0x00, 0x07, 0xFF, 0x00, 0x00, 0x00, 0x3F, 0xF0, 0x00, 0x00, 0x03, 0xFF, 0x80, 0x00, 0x00,
    0x2F, 0xFC, 0x00, 0x00, 0x01, 0xFF, 0xC0, 0x00, 0x00, 0x0F, 0xFD, 0x00, 0x00, 0x00, 0xBF, 0xE0,
    0x00, 0x00, 0x07, 0xFF, 0x40, 0x00, 0x00, 0x3F, 0xFF, 0xFF, 0xFF, 0xF8, 0xFF, 0xFF, 0xFF, 0xFF,
    0xE3, 0xFF, 0xFF, 0xFF, 0xFF, 0x8F, 0xFF, 0xFF, 0xFF, 0xFE, 0x00, 0x05, 0x00, 0x00, 0x00, 0xFF,
    0x40, 0x00, 0x07, 0xFF, 0x00, 0x00, 0x1F, 0xFC, 0x00, 0x00, 0x3F, 0xE0, 0x00, 0x00, 0x19, 0x00,
    0x00, 0x00, 0x00, 0x00, 0x00, 0x00, 0x00, 0x00, 0xBF, 0xFF, 0xFF, 0xF2, 0xFF, 0xFF, 0xFF, 0xCB,
    0xFF, 0xFF, 0xFF, 0x1A, 0xAA, 0xBF, 0xF8, 0x00, 0x00, 0xFF, 0xC0, 0x00, 0x0F, 0xFD, 0x00, 0x00,
    0xBF, 0xE0, 0x00, 0x07, 0xFF, 0x00, 0x00, 0x3F, 0xF0, 0x00, 0x03, 0xFF, 0x40, 0x00, 0x2F, 0xF8,
    0x00, 0x01, 0xFF, 0xC0, 0x00, 0x0F, 0xFC, 0x00, 0x00, 0xFF, 0xD0, 0x00, 0x0B, 0xFF, 0xFF, 0xFF,
    0x7F, 0xFF, 0xFF, 0xFD, 0xFF, 0xFF, 0xFF, 0xF7, 0xFF, 0xFF, 0xFF, 0xD0, 0x02, 0xA4, 0x00, 0x1A,
    0x80, 0x07, 0xF8, 0x02, 0xFE, 0x00, 0x0B, 0xFC, 0x3F, 0xE0, 0x00, 0x0B, 0xFF, 0xFE, 0x00, 0x00,
    0x0F, 0xFF, 0xF0, 0x00, 0x00, 0x0F, 0xFF, 0x00, 0x00, 0x00, 0x00, 0x00, 0x00, 0x00, 0x00, 0x00,
    0x00, 0x00, 0x2F, 0xFF, 0xFF, 0xFF, 0xF0, 0xFF, 0xFF, 0xFF, 0xFF, 0xC3, 0xFF, 0xFF, 0xFF, 0xFF,
    0x0F, 0xFF, 0xFF, 0xFF, 0xFC, 0x15, 0x55, 0x55, 0xFF, 0xD0, 0x00, 0x00, 0x0B, 0xFF, 0x00, 0x00,
    0x00, 0x7F, 0xF0, 0x00, 0x00, 0x03, 0xFF, 0x40, 0x00, 0x00, 0x2F, 0xF8, 0x00, 0x00, 0x01, 0xFF,
    0xC0, 0x00, 0x00, 0x0F, 0xFD, 0x00, 0x00, 0x00, 0xFF, 0xE0, 0x00, 0x00, 0x07, 0xFF, 0x00, 0x00,
    0x00, 0x3F, 0xF0, 0x00, 0x00, 0x03, 0xFF, 0x80, 0x00, 0x00, 0x2F, 0xFC, 0x00, 0x00, 0x01, 0xFF,
    0xC0, 0x00, 0x00, 0x0F, 0xFD, 0x00, 0x00, 0x00, 0xBF, 0xE0, 0x00, 0x00, 0x07, 0xFF, 0x40, 0x00,
    0x00, 0x3F, 0xFF, 0xFF, 0xFF, 0xF8, 0xFF, 0xFF, 0xFF, 0xFF, 0xE3, 0xFF, 0xFF, 0xFF, 0xFF, 0x8F,
    0xFF, 0xFF, 0xFF, 0xFE, 0x2A, 0x00, 0x01, 0xA4, 0xFF, 0x40, 0x7F, 0xC0, 0xFF, 0x8B, 0xFC, 0x00,
    0xFF, 0xFF, 0xD0, 0x00, 0xFF, 0xFD, 0x00, 0x01, 0xFF, 0xE0, 0x00, 0x00, 0x00, 0x00, 0x00, 0x00,
    0x00, 0x00, 0xBF, 0xFF, 0xFF, 0xF2, 0xFF, 0xFF, 0xFF, 0xCB, 0xFF, 0xFF, 0xFF, 0x1A, 0xAA, 0xBF,
    0xF8, 0x00, 0x00, 0xFF, 0xC0, 0x00, 0x0F, 0xFD, 0x00, 0x00, 0xBF, 0xE0, 0x00, 0x07, 0xFF, 0x00,
    0x00, 0x3F, 0xF0, 0x00, 0x03, 0xFF, 0x40, 0x00, 0x2F, 0xF8, 0x00, 0x01, 0xFF, 0xC0, 0x00, 0x0F,
    0xFC, 0x00, 0x00, 0xFF, 0xD0, 0x00, 0x0B, 0xFF, 0xFF, 0xFF, 0x7F, 0xFF, 0xFF, 0xFD, 0xFF, 0xFF,
    0xFF, 0xF7, 0xFF, 0xFF, 0xFF, 0xD0, 0x00, 0x15, 0x50, 0x07, 0xFF, 0xFD, 0x1F, 0xFF, 0xFC, 0x3F,
    0xFF, 0xFC, 0x3F, 0xF9, 0x64, 0x7F, 0xF0, 0x00, 0x7F, 0xE0, 0x00, 0x7F, 0xE0, 0x00, 0x7F, 0xE0,
    0x00, 0x7F, 0xE0, 0x00, 0x7F, 0xE0, 0x00, 0x7F, 0xE0, 0x00, 0x7F, 0xE0, 0x00, 0x7F, 0xE0, 0x00,
    0x7F, 0xE0, 0x00, 0x7F, 0xE0, 0x00, 0x7F, 0xE0, 0x00, 0x7F, 0xE0, 0x00, 0x7F, 0xE0, 0x00, 0x7F,
    0xE0, 0x00, 0x7F, 0xE0, 0x00, 0x7F, 0xE0, 0x00, 0x7F, 0xE0, 0x00, 0x7F, 0xE0, 0x00, 0x7F, 0xE0,
    0x00, 0x7F, 0xE0, 0x00, 0x6A, 0xA0, 0x03, 0xFF, 0x80, 0x0F, 0xFD, 0x00, 0x2F, 0xF0, 0x00, 0x7F,
    0xC0, 0x00, 0xFE, 0x00, 0x2A, 0xA0, 0x03, 0xFF, 0x80, 0x3F, 0xF4, 0x02, 0xFF, 0x40, 0x1F, 0xF0,
    0x00, 0xFE, 0x00, 0x00, 0x00, 0x6A, 0x90, 0x00, 0x1F, 0xFF, 0x00, 0x03, 0xFF, 0xFC, 0x00, 0xFF,
    0x6F, 0xF0, 0x3F, 0xD0, 0xBF, 0x8B, 0xE0, 0x01, 0xFD, 0x00, 0x00, 0x00, 0x00, 0x0F, 0xF8, 0x07,
    0xD0, 0xFF, 0xFE, 0xBF, 0x0B, 0xFF, 0xFF, 0xF8, 0x3F, 0x4B, 0xFF, 0xC0, 0xF4, 0x01, 0xB4, 0x00,
    0x55, 0x55, 0x55, 0xBF, 0xFF, 0xFE, 0xBF, 0xFF, 0xFE, 0x7F, 0xFF, 0xFD, 0x00, 0x00, 0x00, 0x0F,
    0xFF, 0xFF, 0xFF, 0xFF, 0xFF, 0xFF, 0xFF, 0xFF, 0xFF, 0xFF, 0x55, 0x55, 0x55, 0x50, 0x2A, 0x00,
    0x02, 0xA3, 0xF0, 0x00, 0xBE, 0x2F, 0xFA, 0xFF, 0xC0, 0xFF, 0xFF, 0xF8, 0x03, 0xFF, 0xFE, 0x00,
    0x06, 0xFA, 0x00, 0x05, 0x07, 0xFD, 0xBF, 0xEB, 0xFE, 0x7F, 0xD0, 0x50, 0x00, 0x00, 0x00, 0x7F,
    0x00, 0xFD, 0xFF, 0x82, 0xFF, 0xFF, 0x82, 0xFF, 0x7F, 0x01, 0xFD, 0x04, 0x00, 0x10, 0x6A, 0x80,
    0xFF, 0xF8, 0xFF, 0xFC, 0x42, 0xFD, 0x01, 0xFD, 0x07, 0xFC, 0x1F, 0xE0, 0x1F, 0x80, 0x00, 0x00,
    0x07, 0xF8, 0x0B, 0xFF, 0xC3, 0xF6, 0xF9, 0xF0, 0x3F, 0x7C, 0x0F, 0xCF, 0xDB, 0xE2, 0xFF, 0xF0,
    0x1B, 0xD0, 0x00, 0xAA, 0x46, 0xA8, 0x03, 0xFF, 0x1F, 0xF8, 0x07, 0xFD, 0x3F, 0xE0, 0x0F, 0xF0,
    0xBF, 0x80, 0x2F, 0xC1, 0xFD, 0x00, 0x3E, 0x02, 0xF0, 0x00, 0x69, 0x00, 0x02, 0xA0, 0xFF, 0x00,
    0xBF, 0x81, 0xFF, 0x4F, 0xFC, 0x01, 0xFF, 0xFF, 0xC0, 0x02, 0xFF, 0xFC, 0x00, 0x02, 0xFF, 0xD0,
    0x00, 0x69, 0xBE, 0xBE, 0xBE, 0xBE, 0xBE, 0x00, 0x6A, 0x0A, 0x9B, 0xF0, 0xFE, 0xBF, 0x0F, 0xEB,
    0xF0, 0xFE, 0xBF, 0x0F, 0xEB, 0xF0, 0xFE, 0x00, 0x00, 0x00, 0xAA, 0x46, 0xA8, 0x0B, 0xFC, 0x3F,
    0xE0, 0x2F, 0xE0, 0xFF, 0x00, 0xBF, 0x47, 0xFC, 0x02, 0xFC, 0x0F, 0xD0, 0x0B, 0xD0, 0x3E, 0x00,
    0x14, 0x00, 0x00, 0xFF, 0x00, 0x00, 0xFF, 0x00, 0xA4, 0xFF, 0x1A, 0xBC, 0x28, 0x3E, 0x7E, 0x00,
    0xFD, 0x3F, 0xFF, 0xFC, 0x0F, 0xFF, 0xF0, 0x01, 0xBE, 0x40, 0x00, 0x6A, 0x90, 0x00, 0x3F, 0xFF,
    0xD0, 0x0F, 0xFF, 0xFF, 0x42, 0xFF, 0xFF, 0xFC, 0x3F, 0x40, 0x0F, 0xC7, 0xD0, 0x00, 0x7D, 0x01,
    0xFC, 0x03, 0xFC, 0x07, 0xF8, 0x0B, 0xF8, 0x0F, 0xF4, 0x1F, 0xF0, 0x3F, 0xF0, 0x3F, 0xE0, 0x15,
    0x40, 0x0B, 0xFC, 0x0F, 0xFC, 0x0F, 0xF8, 0x0F, 0xF4, 0x1F, 0xF0, 0x2F, 0xE0, 0x3F, 0xC0, 0x3F,
    0xC0, 0x15, 0x00, 0x3F, 0xE0, 0x3F, 0xF0, 0x2F, 0xF0, 0x1F, 0xF0, 0x0F, 0xF4, 0x0B, 0xF8, 0x03,
    0xFC, 0x02, 0xFC, 0x00, 0x54, 0x0B, 0xFC, 0x0F, 0xFC, 0x0F, 0xF8, 0x0F, 0xF4, 0x1F, 0xF0, 0x2F,
    0xE0, 0x3F, 0xC0, 0x3F, 0xC0, 0x15, 0x00, 0x2A, 0xA0, 0x00, 0xBF, 0xF0, 0x00, 0xBF, 0xE0, 0x00,
    0x7F, 0xE0, 0x00, 0x3F, 0xD0, 0x00, 0x2F, 0xC0, 0x00, 0xAA, 0x90, 0x2F, 0xFC, 0x07, 0xFF, 0x00,
    0xFF, 0x80, 0x3F, 0xD0, 0x07, 0xF0, 0x00, 0x00, 0x00, 0x1F, 0x01, 0xFF, 0xFF, 0xFF, 0xF0, 0x1F,
    0x01, 0xF0, 0x05, 0x00, 0x0F, 0x40, 0xF4, 0x0F, 0xFF, 0xFF, 0xFF, 0x40, 0xF4, 0x05, 0x00, 0x15,
    0x55, 0x2F, 0xFF, 0xE6, 0xAA, 0xF8, 0x00, 0x2E, 0x00, 0x0B, 0x80, 0x02, 0xE0, 0x00, 0xB8, 0x00,
    0x2E, 0x00, 0x06, 0x40, 0x00, 0x55, 0x40, 0x3F, 0xF0, 0x1F, 0xF8, 0x0B, 0xFD, 0x0B, 0xFF, 0x0F,
    0xFF, 0x03, 0xFE, 0x00, 0xF8, 0x00, 0x00, 0x00, 0x00, 0x01, 0x43, 0xF2, 0xFC, 0xF8, 0x3D, 0x0F,
    0xD1, 0xFC, 0x1F, 0x01, 0x40, 0x03, 0xC0, 0x03, 0xC0, 0x03, 0xC0, 0xBF, 0xFE, 0x7F, 0xFD, 0x15,
    0x54, 0xBF, 0xFE, 0x6B, 0xE9, 0x03, 0xC0, 0x03, 0xC0, 0x03, 0xC0, 0x00, 0x00, 0x03, 0xC0, 0x03,
    0xC0, 0x6F, 0xF9, 0xBF, 0xFE, 0x17, 0xD4, 0x03, 0xC0, 0x02, 0x80, 0x00, 0x00, 0xBF, 0xFD, 0xBF,
    0xFD, 0x00, 0xAA, 0x00, 0xFF, 0x00, 0xFF, 0x00, 0xFF, 0x00, 0xFF, 0x01, 0xFF, 0x6B, 0xFF, 0x7F,
    0xFD, 0x7F, 0xFC, 0x7F, 0xE0, 0xAA, 0x00, 0xFF, 0x00, 0xFF, 0x00, 0xFF, 0x00, 0xFF, 0x00, 0xFF,
    0x40, 0xFF, 0xE9, 0xBF, 0xFD, 0x3F, 0xFD, 0x0B, 0xFD, 0x0B, 0x90, 0xFF, 0xC3, 0xFF, 0x4F, 0xFD,
    0x1F, 0xE0, 0x00, 0x00, 0x00, 0x00, 0x00, 0x7F, 0x00, 0xFD, 0xFF, 0x82, 0xFF, 0xFF, 0x82, 0xFF,
    0x7F, 0x01, 0xFD, 0x04, 0x00, 0x10, 0x07, 0xF8, 0x0B, 0xFF, 0xC3, 0xF6, 0xF9, 0xF0, 0x3F, 0x7C,
    0x0F, 0xCF, 0xDB, 0xE2, 0xFF, 0xF0, 0x1B, 0xD0, 0x3F, 0xF3, 0xFD, 0x3F, 0xC7, 0xF4, 0xBF, 0x05,
    0x40, 0x0B, 0xC0, 0x0F, 0xD0, 0x1B, 0xFC, 0x00, 0xFE, 0x00, 0xFE, 0xBF, 0xFE, 0xBF, 0xFC, 0xBF,
    0xE0, 0x00, 0x90, 0x07, 0xF0, 0x0F, 0xC0, 0x3F, 0x40, 0x3F, 0x00, 0x7F, 0x94, 0x3F, 0xFD, 0x1F,
    0xFD, 0x02, 0xA8, 0x69, 0xBE, 0xBE, 0xBE, 0xBE, 0xBE, 0x00, 0x55, 0x55, 0x55, 0xFF, 0xFF, 0xFF,
    0xFA, 0xAA, 0xAF, 0xF4, 0x00, 0x1F, 0xF4, 0x00, 0x1F, 0xF4, 0x00, 0x1F, 0x50, 0x00, 0x05, 0x78,
    0x0F, 0x01, 0xD3, 0xC0, 0xF0, 0x3C, 0x2F, 0xFF, 0xFF, 0x80, 0x7E, 0x0B, 0xD0, 0x69, 0x00, 0x02,
    0xA0, 0xFF, 0x40, 0x7F, 0xC0, 0xFF, 0x4B, 0xFC, 0x01, 0xFF, 0xFF, 0xC0, 0x01, 0xFF, 0xFC, 0x00,
    0x02, 0xFF, 0xD0, 0x00, 0x00, 0x6A, 0x90, 0x00, 0x1F, 0xFF, 0x00, 0x03, 0xFF, 0xFC, 0x00, 0xFF,
    0xAF, 0xF0, 0x3F, 0xD0, 0xBF, 0xCB, 0xE0, 0x01, 0xFD, 0x29, 0x00, 0x06, 0x93, 0xF0, 0x00, 0xFC,
    0x3F, 0xFA, 0xFF, 0xC1, 0xFF, 0xFF, 0xF4, 0x07, 0xFF, 0xFD, 0x00, 0x06, 0xF9, 0x00, 0x00, 0x6A,
    0x90, 0x00, 0x3F, 0xFF, 0xD0, 0x0F, 0xFF, 0xFF, 0x42, 0xFF, 0xFF, 0xFC, 0x3F, 0x40, 0x0F, 0xC7,
    0xD0, 0x00, 0x7D, 0x00, 0x00, 0x00, 0x00, 0xBF, 0x80, 0x3E, 0x2F, 0xFF, 0xEF, 0xD3, 0xFF, 0xFF,
    0xFC, 0xBD, 0x1F, 0xFF, 0x4B, 0x80, 0x1B, 0x80, 0x55, 0x55, 0x55, 0xBF, 0xFF, 0xFE, 0xBF, 0xFF,
    0xFE, 0x7F, 0xFF, 0xFD, 0xFF, 0xFF, 0xFF, 0xFF, 0xFF, 0xFF, 0xFF, 0xFF, 0x15, 0x55, 0x55, 0x54,
    0x15, 0x55, 0x55, 0x53, 0xFF, 0xFF, 0xFF, 0xCF, 0xFF, 0xFF, 0xFF, 0x00, 0x00, 0x00, 0x00, 0x00,
    0x00, 0x00, 0x02, 0xAA, 0xAA, 0xAA, 0x8F, 0xFF, 0xFF, 0xFF, 0x1A, 0xAA, 0xAA, 0xA8, 0x00, 0x00,
    0x00, 0x00, 0x1F, 0xF4, 0x0B, 0xC1, 0xFF, 0xFE, 0xBE, 0x0F, 0xFF, 0xFF, 0xF4, 0x7E, 0x1B, 0xFF,
    0x81, 0xF0, 0x02, 0xE4, 0x00, 0x00, 0x00, 0x00, 0x0F, 0xFF, 0xFF, 0xFF, 0xFF, 0xFF, 0xFF, 0xFF,
    0xFF, 0xFF, 0xFF, 0x55, 0x55, 0x55, 0x50, 0x3F, 0xFF, 0xFF, 0xFF, 0xFF, 0xFF, 0xC3, 0xFF, 0xFF,
    0xFF, 0xFF, 0xFF, 0xFC, 0x3F, 0xFF, 0xFF, 0xFF, 0xFF, 0xFF, 0xC2, 0xAA, 0xAA, 0xAA, 0xAA, 0xAA,
    0xA8, 0x00, 0x00, 0x14, 0x00, 0x00, 0xFC, 0x00, 0x0B, 0xFD, 0x00, 0x7F, 0xFD, 0x03, 0xFF, 0xE0,
    0x2F, 0xFF, 0x00, 0xBF, 0xF4, 0x00, 0x3F, 0x80, 0x00, 0x1C, 0x00, 0x00, 0x00, 0x00, 0x00, 0x00,
    0x00, 0x01, 0x50, 0x00, 0x00, 0xBE, 0x00, 0x00, 0x0F, 0xD0, 0x00, 0x01, 0xFC, 0x00, 0x00, 0x2F,
    0x40, 0x00, 0x03, 0xF0, 0x00, 0x00, 0xBE, 0x00, 0x00, 0x0F, 0xD0, 0x00, 0x01, 0xFC, 0x00, 0x00,
    0x2F, 0x80, 0x00, 0x03, 0xF0, 0x00, 0x00, 0x7E, 0x00, 0x00, 0x0F, 0xD0, 0x00, 0x01, 0xFC, 0x00,
    0x00, 0x2F, 0x80, 0x00, 0x03, 0xF0, 0x00, 0x00, 0x7F, 0x00, 0x00, 0x0F, 0xD0, 0x00, 0x00, 0xFC,
    0x00, 0x00, 0x2F, 0x80, 0x00, 0x03, 0xF0, 0x00, 0x00, 0x7F, 0x00, 0x00, 0x0F, 0xD0, 0x00, 0x00,
    0xFC, 0x00, 0x00, 0x2F, 0x80, 0x00, 0x03, 0xF0, 0x00, 0x00, 0x7F, 0x00, 0x00, 0x0B, 0xD0, 0x00,
    0x00, 0x90, 0x3F, 0x0F, 0xE0, 0xBC, 0x1F, 0x1F, 0xCF, 0xD3, 0xD0, 0x50, 0x00, 0x05, 0xF4, 0x00,
    0x1F, 0xF4, 0x00, 0x1F, 0xF4, 0x00, 0x1F, 0xFE, 0xAA, 0xBF, 0xFF, 0xFF, 0xFF, 0x55, 0x55, 0x55,
    0x00, 0x00, 0x00, 0x07, 0xFF, 0xFF, 0xFD, 0x7E, 0xAA, 0xAB, 0xD7, 0x80, 0x00, 0x2D, 0x78, 0x00,
    0x02, 0xD7, 0x80, 0x00, 0x2D, 0x7F, 0xFF, 0xFF, 0xD2, 0xAA, 0xAA, 0xA8, 0x0B, 0xF5, 0xFE, 0x02,
    0xFB, 0xFE, 0xF8, 0x3C, 0x0F, 0x03, 0xC7, 0x40, 0xB0, 0x1D, 0x14, 0x14, 0x3D, 0x7C, 0x2F, 0xF4,
    0x0B, 0xE0, 0x1F, 0xF4, 0x3D, 0xBC, 0x14, 0x24, 0x06, 0xC2, 0xFC, 0x3D, 0x03, 0xD0, 0x2F, 0x00,
    0xF8, 0x07, 0xC0, 0xBC, 0x3F, 0x43, 0x80, 0x15, 0x55, 0x55, 0x5F, 0xFF, 0xFF, 0xFF, 0xFF, 0xFF,
    0xFF, 0xF0, 0x00, 0x00, 0x00, 0x00, 0x00, 0x00, 0x0A, 0xAA, 0xAA, 0xAA, 0xFF, 0xFF, 0xFF, 0xF6,
    0xAA, 0xAA, 0xAA, 0x2A, 0xA4, 0x00, 0xBF, 0xF0, 0x00, 0x7F, 0xF0, 0x00, 0x7F, 0xE0, 0x00, 0x3F,
    0xD0, 0x00, 0x2F, 0xC0, 0x00, 0xAA, 0x90, 0x3F, 0xF8, 0x0B, 0xFE, 0x01, 0xFF, 0x40, 0x3F, 0xD0,
    0x0B, 0xE0, 0x00, 0x00, 0x00, 0x00, 0x00, 0x7F, 0xD0, 0x3F, 0x1F, 0xFF, 0xEB, 0xE3, 0xFF, 0xFF,
    0xFC, 0x7E, 0x1B, 0xFF, 0x47, 0xC0, 0x0B, 0x90, 0x3F, 0xD0, 0xFF, 0xC2, 0xFF, 0x40, 0xFC, 0x0B,
    0xE0, 0x1E, 0x00, 0x00, 0x00, 0x00, 0x03, 0xFF, 0x40, 0x07, 0xF0, 0x7F, 0xF2, 0xF8, 0xFF, 0x8B,
    0xFC, 0x3F, 0xCF, 0xF8, 0xFF, 0x83, 0xFD, 0x7F, 0x0F, 0xF0, 0x3F, 0xC0, 0x40, 0xFC, 0x00, 0x00,
    0x15, 0x01, 0xFE, 0x07, 0xF8, 0x1F, 0xF0, 0x7F, 0xF8, 0xFF, 0xE1, 0xFF, 0x40, 0x15, 0x55, 0x55,
    0x54, 0x7F, 0xFF, 0xFF, 0xFD, 0x7E, 0xAA, 0xAA, 0xBD, 0x7C, 0x00, 0x00, 0x3D, 0x7C, 0x00, 0x00,
    0x3D, 0x7C, 0x00, 0x00, 0x3D, 0x14, 0x00, 0x00, 0x14, 0x15, 0x55, 0x55, 0x5F, 0xFF, 0xFF, 0xFF,
    0xFF, 0xFF, 0xFF, 0xF0, 0x00, 0x00, 0x00, 0x00, 0x00, 0x00, 0x0A, 0xAA, 0xAA, 0xAA, 0xFF, 0xFF,
    0xFF, 0xF6, 0xAA, 0xAA, 0xAA, 0x6A, 0x0A, 0x9B, 0xF0, 0xFE, 0xBF, 0x0F, 0xEB, 0xF0, 0xFE, 0xBF,
    0x0F, 0xEB, 0xF0, 0xFE, 0x00, 0x00, 0x00, 0x3F, 0xFC, 0x3F, 0xFC, 0x00, 0x3C, 0x00, 0x3C, 0x00,
    0x3C, 0x00, 0x3C, 0x00, 0x00, 0x40, 0x00, 0x15, 0x3D, 0x18, 0x0B, 0xFF, 0x87, 0xC1, 0xFF, 0xFE,
    0xF8, 0x3D, 0x2F, 0xFF, 0x03, 0xC7, 0xDA, 0x80, 0x00, 0x34, 0x00, 0x00, 0x00, 0x00, 0x00, 0x00,
    0x05, 0x00, 0x00, 0x03, 0xFC, 0x00, 0x00, 0x3F, 0xC0, 0x00, 0x03, 0xFC, 0x00, 0x00, 0x4A, 0x01,
    0x40, 0xBF, 0x90, 0x7C, 0x2F, 0xFF, 0xEF, 0x83, 0xFB, 0xFF, 0xF4, 0x3D, 0x07, 0xFE, 0x01, 0x40,
    0xA4, 0x00, 0x00, 0x3F, 0xC0, 0x00, 0x03, 0xFC, 0x00, 0x00, 0x3F, 0xC0, 0x00, 0x00, 0x50, 0x00,
    0x06, 0x90, 0x09, 0x3F, 0xFD, 0x7E, 0x7F, 0xFF, 0xFC, 0xB8, 0x1F, 0xF4, 0x00, 0x00, 0x00, 0x0F,
    0xE0, 0x1E, 0x3F, 0xFE, 0xBD, 0x7D, 0xBF, 0xFC, 0xB4, 0x07, 0xE0, 0x00, 0x00, 0x00, 0x07, 0x41,
    0xD0, 0x2F, 0xFF, 0xF8, 0x7F, 0xFF, 0xFD, 0x0F, 0x41, 0xF0, 0x02, 0x41, 0x80, 0x00, 0x00, 0x00,
    0x00, 0x00, 0x02, 0x80, 0x0B, 0xE0, 0x2F, 0xF8, 0x03, 0xC0, 0x03, 0xC0, 0x03, 0xC0, 0x03, 0xC0,
    0xBF, 0xC0, 0x2F, 0xF8, 0x03, 0xFE, 0xFF, 0xD0, 0x2F, 0xF8, 0x07, 0xFF, 0xF0, 0x00, 0x00, 0x00,
    0x00, 0x0F, 0xF0, 0x00, 0x00, 0x00, 0x00, 0x0F, 0xF0, 0x00, 0x53, 0xC5, 0x00, 0x0F, 0x50, 0x00,
    0xB2, 0x8E, 0x00, 0x05, 0x00, 0x0E, 0x00, 0x00, 0xB0, 0x00, 0x00, 0x09, 0x00, 0x00, 0x60, 0x00,
    0x00, 0x20, 0x00, 0x00, 0x09, 0x00, 0x50, 0x70, 0x00, 0x00, 0x0E, 0x05, 0xF0, 0x00, 0x00, 0x00,
    0x00, 0x0F, 0xF0, 0x90, 0x00, 0x00, 0x03, 0x0F, 0xF0, 0xD0, 0x00, 0x00, 0x07, 0x0F, 0xF0, 0x00,
    0x00, 0x00, 0x00, 0x0F, 0xA0, 0x70, 0x00, 0x00, 0x0E, 0x0A, 0x00, 0x70, 0x00, 0x00, 0x0D, 0x00,
    0x00, 0x09, 0x00, 0x00, 0x60, 0x00, 0x00, 0x0E, 0x00, 0x00, 0xB0, 0x00, 0x00, 0x00, 0xB1, 0x4E,
    0x00, 0x00, 0xF0, 0x00, 0x63, 0xC9, 0x00, 0x0F, 0xF0, 0x00, 0x00, 0x00, 0x00, 0x0F, 0xF0, 0x00,
    0x00, 0x00, 0x00, 0x0F, 0xFF, 0xC0, 0x2F, 0xF8, 0x03, 0xFF, 0xFF, 0xD0, 0x2F, 0xF8, 0x07, 0xFF,
    0x00, 0x0F, 0x40, 0x7F, 0x80, 0xBE, 0x0B, 0xE7, 0xF8, 0xF4, 0x00, 0x00, 0x06, 0x0F, 0xD7, 0xF2,
    0xF0, 0xBC, 0x1F, 0xC3, 0xF4, 0x1D, 0x00, 0x15, 0x00, 0x07, 0xFF, 0xE0, 0x2F, 0xFF, 0xF8, 0x3F,
    0x96, 0xFD, 0xBD, 0x00, 0x3E, 0xFC, 0xBE, 0x2F, 0x00, 0xFF, 0x00, 0x00, 0xFF, 0x00, 0x00, 0x29,
    0x00, 0x08, 0x20, 0x3E, 0xFC, 0x0F, 0xF4, 0x0F, 0xF0, 0x3F, 0xF8, 0x1D, 0x38, 0x00, 0x00, 0x00,
    0x50, 0x7E, 0x7F, 0x8F, 0xC0, 0xBF, 0x40, 0xBE, 0x00, 0xA0, 0x40, 0x0F, 0x90, 0x3F, 0xD0, 0x7E,
    0x1F, 0xEB, 0xE0, 0xA0, 0x00, 0x20, 0x00, 0x00, 0x03, 0xE0, 0x03, 0xE0, 0x1F, 0xE0, 0xBF, 0x00,
    0x2F, 0x4F, 0xF0, 0x0B, 0xF5, 0xE7, 0x83, 0xF4, 0x2C, 0x3C, 0x34, 0x03, 0x81, 0xD0, 0xA4, 0x2F,
    0x47, 0xF0, 0x7D, 0x1F, 0x5F, 0xCB, 0xD2, 0x90, 0x05, 0x07, 0xFC, 0xFF, 0xEF, 0xFE, 0x7F, 0xD1,
    0x90, 0x02, 0x80, 0x13, 0xC4, 0x3F, 0xFC, 0x7F, 0xFD, 0x0B, 0xE0, 0x2E, 0xB8, 0x08, 0x20, 0x00,
    0x00, 0x00, 0x00, 0xBF, 0x5F, 0xE0, 0x3F, 0xBF, 0xEF, 0xC7, 0x80, 0xF0, 0x2C, 0x74, 0x0F, 0x01,
    0xD7, 0x80, 0xF0, 0x2C, 0x3F, 0xBF, 0xEF, 0xC0, 0xBF, 0x0F, 0xE0, 0x00, 0x00, 0x0E, 0x00, 0x1C,
    0x00, 0x3F, 0xFC, 0x3F, 0xFC, 0x00, 0x38, 0x00, 0x70, 0x00, 0x00, 0x2A, 0x40, 0x00, 0x00, 0x00,
    0x01, 0xA8, 0x2F, 0xD0, 0x00, 0x00, 0x00, 0x07, 0xF8, 0x0F, 0xFD, 0x00, 0x00, 0x00, 0x7F, 0xF0,
    0x03, 0xFF, 0xF9, 0x55, 0x6B, 0xFF, 0xC0, 0x00, 0xBF, 0xFF, 0xFF, 0xFF, 0xFE, 0x00, 0x00, 0x1B,
    0xFF, 0xFF, 0xFF, 0xE0, 0x00, 0x00, 0x00, 0x6F, 0xFF, 0xF9, 0x00, 0x00, 0x2A, 0x40, 0x00, 0x00,
    0x00, 0x01, 0xA8, 0x2F, 0xD0, 0x00, 0x00, 0x00, 0x07, 0xF8, 0x0F, 0xFD, 0x00, 0x00, 0x00, 0x7F,
    0xF0, 0x03, 0xFF, 0xF9, 0x55, 0x6B, 0xFF, 0xC0, 0x00, 0xBF, 0xFF, 0xFF, 0xFF, 0xFE, 0x00, 0x00,
    0x1B, 0xFF, 0xFF, 0xFF, 0xE0, 0x00, 0x00, 0x00, 0x6F, 0xFF, 0xF9, 0x00, 0x00, 0xAA, 0xAA, 0xAA,
    0xAA, 0xAA, 0xFF, 0xFF, 0xFF, 0xFF, 0xFF, 0xAA, 0xAA, 0xAA, 0xAA, 0xAA, 0xAA, 0xAA, 0xAA, 0xAA,
    0xAA, 0xFF, 0xFF, 0xFF, 0xFF, 0xFF, 0xAA, 0xAA, 0xAA, 0xAA, 0xAA, 0x00, 0x05, 0x40, 0x00, 0x00,
    0x00, 0x14, 0x02, 0xFF, 0xFF, 0xE5, 0x00, 0x00, 0xFC, 0x0F, 0xFF, 0xFF, 0xFF, 0xFE, 0xAB, 0xF8,
    0x2F, 0xFF, 0xFF, 0xFF, 0xFF, 0xFF, 0xF0, 0x3F, 0x40, 0x05, 0xBF, 0xFF, 0xFF, 0xD0, 0x3D, 0x00,
    0x00, 0x00, 0x5A, 0xA9, 0x00, 0x00, 0x00, 0x00, 0x00, 0x00, 0x00, 0x00, 0x00, 0x00, 0x6F, 0xFF,
    0xF9, 0x00, 0x00, 0x00, 0x1F, 0xFF, 0xFF, 0xFF, 0xF4, 0x00, 0x00, 0xBF, 0xFF, 0xFF, 0xFF, 0xFF,
    0x00, 0x03, 0xFF, 0xE5, 0x01, 0x5B, 0xFF, 0xC0, 0x0F, 0xF8, 0x00, 0x00, 0x00, 0x6F, 0xF0, 0x2F,
    0xD0, 0x00, 0x00, 0x00, 0x07, 0xF8, 0x1A, 0x00, 0x00, 0x00, 0x00, 0x00, 0xA4, 0x00, 0x00, 0x00,
    0x00, 0x00, 0x00, 0x00, 0x00, 0x00, 0x00, 0x00, 0x00, 0x34, 0x00, 0x00, 0x00, 0x00, 0x00, 0x00,
    0xF8, 0x1F, 0xFF, 0xFF, 0xFF, 0xFF, 0xFF, 0xFC, 0xBF, 0xFF, 0xFF, 0xFF, 0xFF, 0xFF, 0xF4, 0x55,
    0x55, 0x55, 0x55, 0x55, 0x7F, 0x00, 0x00, 0x00, 0x00, 0x00, 0x00, 0xE0, 0x00, 0x00, 0x00, 0x00,
    0x00, 0x01, 0x00, 0x00, 0x00, 0x1F, 0xF8, 0x19, 0x7E, 0x00, 0x2F, 0x2F, 0xFF, 0x7C, 0x1F, 0xBC,
    0x3F, 0x3F, 0xEF, 0x05, 0x05, 0x00, 0x00, 0x02, 0xFE, 0x03, 0xE6, 0xE1, 0xF0, 0x3C, 0x7F, 0xFF,
    0x1F, 0x00, 0x03, 0xE0, 0x10, 0x7F, 0xF8, 0x01, 0x54, 0x00, 0x77, 0xD0, 0x2D, 0xF7, 0xDF, 0x7D,
    0xF7, 0xD5, 0x00, 0x00, 0x00, 0x02, 0xFE, 0x03, 0xEB, 0xE1, 0xF0, 0x3C, 0xB8, 0x0F, 0x6F, 0x03,
    0xC3, 0xD2, 0xF0, 0x7F, 0xF0, 0x01, 0x50, 0x00, 0x78, 0x0F, 0x2F, 0x03, 0xCB, 0xC0, 0xF2, 0xF0,
    0x3C, 0xBC, 0x1F, 0x1F, 0x4F, 0xC3, 0xFF, 0xF0, 0x15, 0x04, 0x00, 0x00, 0x7F, 0xD7, 0xEA, 0x6E,
    0x00, 0xF4, 0x03, 0xE0, 0x0B, 0xD1, 0x4B, 0xFE, 0x01, 0x50, 0x00, 0x0F, 0x00, 0x1F, 0x00, 0x1F,
    0x1F, 0xEF, 0x3E, 0xBF, 0xBC, 0x1F, 0xB8, 0x0F, 0xB8, 0x0F, 0x7D, 0x2F, 0x3F, 0xEF, 0x05, 0x45,
    0x78, 0x00, 0x1F, 0x00, 0x07, 0xC0, 0x01, 0xFB, 0xF4, 0x7F, 0xBF, 0x1F, 0x03, 0xC7, 0xC0, 0xF1,
    0xF0, 0x3C, 0x7C, 0x0F, 0x1F, 0x03, 0xC1, 0x40, 0x50, 0x00, 0x00, 0x00, 0x3D, 0xFE, 0x7F, 0x8F,
    0xEB, 0xFA, 0xF7, 0xE0, 0xF8, 0x2E, 0xF4, 0x3D, 0x0B, 0xBD, 0x0F, 0x42, 0xEF, 0x43, 0xD0, 0xBB,
    0xD0, 0xF4, 0x2E, 0x50, 0x14, 0x01, 0x00, 0x00, 0x0F, 0x3D, 0xFF, 0xDF, 0x80, 0xF4, 0x0F, 0x40,
    0xF4, 0x0F, 0x40, 0x50, 0x00, 0x05, 0x00, 0x3C, 0x03, 0xFF, 0x1B, 0xE8, 0x1F, 0x00, 0x7C, 0x01,
    0xF0, 0x07, 0xC0, 0x0F, 0xF0, 0x05, 0x40, 0xB8, 0x0F, 0x5F, 0x07, 0xC3, 0xD2, 0xE0, 0x78, 0xF0,
    0x0F, 0x78, 0x02, 0xFD, 0x00, 0x3F, 0x00, 0x05, 0x00, 0x2F, 0x07, 0xC0, 0xF8, 0xF4, 0x03, 0xFE,
    0x00, 0x1F, 0xC0, 0x03, 0xFD, 0x00, 0xBD, 0xF0, 0x1F, 0x0B, 0xC1, 0x40, 0x14, 0x3F, 0xE0, 0x00,
    0x0F, 0xFC, 0x00, 0x03, 0xFF, 0x00, 0x00, 0xFF, 0xC0, 0x00, 0x3F, 0xF0, 0x00, 0x0F, 0xFC, 0x00,
    0x03, 0xFF, 0x00, 0x00, 0xFF, 0xC0, 0x00, 0x3F, 0xF0, 0x00, 0x0F, 0xFE, 0xAA, 0x93, 0xFF, 0xFF,
    0xFC, 0xFF, 0xFF, 0xFF, 0x3F, 0xFF, 0xFF, 0xCF, 0xFE, 0xAA, 0xA3, 0xFF, 0x00, 0x00, 0xFF, 0xC0,
    0x00, 0x3F, 0xF0, 0x00, 0x0F, 0xFC, 0x00, 0x03, 0xFF, 0x00, 0x00, 0xFF, 0xC0, 0x00, 0x3F, 0xF0,
    0x00, 0x0F, 0xFC, 0x00, 0x03, 0xFF, 0x00, 0x00, 0xFF, 0xC0, 0x00, 0x00, 0x00, 0x00, 0xBF, 0xD0,
    0x00, 0xBF, 0xD0, 0x00, 0xBF, 0xD0, 0x00, 0xBF, 0xD0, 0x00, 0xBF, 0xD0, 0x00, 0xBF, 0xD0, 0x00,
    0xBF, 0xE5, 0x54, 0xBF, 0xFF, 0xFC, 0xBF, 0xFF, 0xFC, 0xBF, 0xFF, 0xFC, 0xBF, 0xFA, 0xA8, 0xBF,
    0xD0, 0x00, 0xBF, 0xD0, 0x00, 0xBF, 0xD0, 0x00, 0xBF, 0xD0, 0x00, 0xBF, 0xD0, 0x00, 0xBF, 0xD0,
    0x00, 0xBF, 0xD0, 0x00, 0x3F, 0xFF, 0xFF, 0xFF, 0xFF, 0xF8, 0xFF, 0xFF, 0xFF, 0xFF, 0xFF, 0xF3,
    0xFF, 0xFF, 0xFF, 0xFF, 0xFF, 0xCF, 0xFF, 0xFF, 0xFF, 0xFF, 0xFF, 0x3F, 0xE5, 0x7F, 0xF9, 0x5F,
    0xFC, 0xFF, 0x80, 0xBF, 0xD0, 0x2F, 0xF3, 0xFE, 0x02, 0xFF, 0x40, 0xBF, 0xCF, 0xF8, 0x0B, 0xFD,
    0x02, 0xFF, 0x3F, 0xE0, 0x2F, 0xF4, 0x0B, 0xFC, 0xFF, 0x80, 0xBF, 0xD0, 0x2F, 0xF3, 0xFE, 0x02,
    0xFF, 0x40, 0xBF, 0xCF, 0xF8, 0x0B, 0xFD, 0x02, 0xFF, 0x3F, 0xE0, 0x2F, 0xF4, 0x0B, 0xFC, 0x55,
    0x00, 0xBF, 0xD0, 0x05, 0x40, 0x00, 0x02, 0xFF, 0x40, 0x00, 0x00, 0x00, 0x0B, 0xFD, 0x00, 0x00,
    0x00, 0x00, 0x2F, 0xF4, 0x00, 0x00, 0x00, 0x00, 0xBF, 0xD0, 0x00, 0x00, 0x00, 0x02, 0xFF, 0x40,
    0x00, 0x00, 0x00, 0x0B, 0xFD, 0x00, 0x00, 0x00, 0x00, 0x2F, 0xF4, 0x00, 0x00, 0x00, 0x00, 0xBF,
    0xD0, 0x00, 0x00, 0x00, 0x02, 0xFF, 0x40, 0x00, 0x00, 0x00, 0x0B, 0xFD, 0x00, 0x00, 0x15, 0x55,
    0x55, 0x55, 0x51, 0xFF, 0xFF, 0xFF, 0xFF, 0xD7, 0xFF, 0xFF, 0xFF, 0xFF, 0x5F, 0xFF, 0xFF, 0xFF,
    0xFD, 0x7F, 0xEB, 0xFF, 0xAF, 0xF5, 0xFF, 0x0F, 0xFC, 0x2F, 0xD7, 0xFC, 0x3F, 0xF0, 0xBF, 0x5F,
    0xF0, 0xFF, 0xC2, 0xFD, 0x7F, 0xC3, 0xFF, 0x0B, 0xF4, 0xA9, 0x0F, 0xFC, 0x1A, 0x80, 0x00, 0x3F,
    0xF0, 0x00, 0x00, 0x00, 0xFF, 0xC0, 0x00, 0x00, 0x03, 0xFF, 0x00, 0x00, 0x00, 0x0F, 0xFC, 0x00,
    0x00, 0x00, 0x3F, 0xF0, 0x00, 0x00, 0x00, 0xFF, 0xC0, 0x00, 0x00, 0x03, 0xFF, 0x00, 0x00, 0x00,
    0x0F, 0xFC, 0x00, 0x00, 0x00, 0x3F, 0xF0, 0x00, 0x00, 0x00, 0xFF, 0xC0, 0x00, 0x00, 0x03, 0xFF,
    0x00, 0x00, 0x00, 0x0F, 0xFC, 0x00, 0x00, 0x00, 0x3F, 0xF0, 0x00, 0x00, 0x00, 0xFF, 0xC0, 0x00,
    0x00, 0x03, 0xFF, 0x00, 0x00, 0x00, 0x0F, 0xFC, 0x00, 0x00, 0x06, 0xA9, 0x0F, 0xFD, 0x1F, 0xF8,
    0x2F, 0xF0, 0x3F, 0xD0, 0x3F, 0x80, 0x7F, 0x00, 0x00, 0xFF, 0x01, 0xFE, 0x03, 0xFD, 0x0B, 0xFC,
    0x1F, 0xFC, 0x3F, 0xF8, 0x15, 0x50, 0xFF, 0x40, 0x00, 0x02, 0xFF, 0xDF, 0xF8, 0x00, 0x00, 0x7F,
    0xFD, 0xFF, 0x80, 0x00, 0x0F, 0xFF, 0xDF, 0xF8, 0x00, 0x02, 0xFF, 0xFD, 0xFF, 0x80, 0x00, 0x3F,
    0xFF, 0xDF, 0xF8, 0x00, 0x0F, 0xFF, 0xFD, 0xFF, 0x80, 0x01, 0xFF, 0xBF, 0xDF, 0xF8, 0x00, 0x3F,
    0xF3, 0xFD, 0xFF, 0x80, 0x0B, 0xFD, 0x3F, 0xDF, 0xF8, 0x01, 0xFF, 0xC3, 0xFD, 0xFF, 0x80, 0x3F,
    0xF0, 0x3F, 0xDF, 0xF8, 0x07, 0xFE, 0x03, 0xFD, 0xFF, 0x80, 0xFF, 0xC0, 0x3F, 0xDF, 0xF8, 0x2F,
    0xF4, 0x03, 0xFD, 0xFF, 0x47, 0xFF, 0x00, 0x3F, 0xDF, 0xF4, 0xFF, 0xC0, 0x03, 0xFD, 0xFF, 0x6F,
    0xF8, 0x00, 0x3F, 0xDF, 0xFB, 0xFF, 0x00, 0x03, 0xFD, 0xFF, 0xFF, 0xD0, 0x00, 0x3F, 0xDF, 0xFF,
    0xFC, 0x00, 0x03, 0xFD, 0xFF, 0xFF, 0x00, 0x00, 0x3F, 0xDF, 0xFF, 0xE0, 0x00, 0x03, 0xFD, 0xFF,
    0xFC, 0x00, 0x00, 0x3F, 0xDF, 0xFF, 0x40, 0x00, 0x03, 0xFD, 0x00, 0x00, 0x00, 0x00, 0x00, 0x7F,
    0xD0, 0x00, 0x3F, 0xFD, 0x7F, 0xD0, 0x00, 0xBF, 0xFD, 0x7F, 0xD0, 0x01, 0xFF, 0xFD, 0x7F, 0xD0,
    0x03, 0xFF, 0xFD, 0x7F, 0xD0, 0x0B, 0xFF, 0xFD, 0x7F, 0xD0, 0x1F, 0xFF, 0xFD, 0x7F, 0xD0, 0x3F,
    0xF7, 0xFD, 0x7F, 0xD0, 0xBF, 0xD3, 0xFD, 0x7F, 0xD1, 0xFF, 0xC7, 0xFD, 0x7F, 0xD3, 0xFF, 0x07,
    0xFD, 0x7F, 0xCB, 0xFD, 0x07, 0xFD, 0x7F, 0xDF, 0xFC, 0x07, 0xFD, 0x7F, 0xFF, 0xF0, 0x07, 0xFD,
    0x7F, 0xFF, 0xE0, 0x07, 0xFD, 0x7F, 0xFF, 0xC0, 0x07, 0xFD, 0x7F, 0xFF, 0x00, 0x07, 0xFD, 0x7F,
    0xFE, 0x00, 0x07, 0xFD, 0x7F, 0xFC, 0x00, 0x07, 0xFD, 0x15, 0x01, 0xFE, 0x07, 0xF8, 0x1F, 0xE0,
    0x7F, 0xF8, 0xFF, 0xE1, 0xFF, 0x40, 0x00, 0x5A, 0x50, 0x00, 0x2F, 0xFF, 0xFE, 0x00, 0x2F, 0xFF,
    0xFF, 0xC0, 0x1F, 0xFF, 0xFF, 0xF0, 0x0F, 0xEA, 0xFF, 0xF4, 0x04, 0x00, 0x3F, 0xFC, 0x00, 0x00,
    0x1F, 0xFC, 0x00, 0x00, 0x0F, 0xFD, 0x00, 0x00, 0x0F, 0xFD, 0x00, 0x00, 0x0B, 0xFD, 0x00, 0x00,
    0x0F, 0xFD, 0x00, 0x00, 0x0F, 0xFD, 0x00, 0x00, 0x0F, 0xFC, 0x00, 0x00, 0x2F, 0xFC, 0x29, 0x00,
    0xBF, 0xF8, 0x2F, 0xFF, 0xFF, 0xF0, 0x2F, 0xFF, 0xFF, 0xD0, 0x2F, 0xFF, 0xFF, 0x40, 0x0B, 0xFF,
    0xF8, 0x00, 0x00, 0x15, 0x00, 0x00, 0x00, 0x01, 0x69, 0x00, 0x00, 0x6F, 0xFF, 0xF8, 0x02, 0xFF,
    0xFF, 0xFC, 0x0B, 0xFF, 0xFF, 0xF8, 0x0F, 0xFF, 0xAA, 0xF0, 0x2F, 0xFC, 0x00, 0x10, 0x3F, 0xF4,
    0x00, 0x00, 0x3F, 0xF0, 0x05, 0x00, 0x7F, 0xF0, 0x7F, 0xC0, 0x7F, 0xE0, 0xFF, 0xD0, 0x7F, 0xE0,
    0xFF, 0xD0, 0x7F, 0xF0, 0xBF, 0xC0, 0x3F, 0xF0, 0x19, 0x00, 0x3F, 0xF4, 0x00, 0x00, 0x2F, 0xFD,
    0x00, 0x28, 0x0F, 0xFF, 0xEF, 0xFC, 0x0B, 0xFF, 0xFF, 0xFC, 0x02, 0xFF, 0xFF, 0xFC, 0x00, 0x2F,
    0xFF, 0xE0, 0x00, 0x00, 0x54, 0x00, 0x00, 0x5A, 0x50, 0x00, 0x2F, 0xFF, 0xFE, 0x00, 0x2F, 0xFF,
    0xFF, 0xC0, 0x1F, 0xFF, 0xFF, 0xF0, 0x0F, 0xEA, 0xFF, 0xF4, 0x04, 0x00, 0x3F, 0xFC, 0x00, 0x00,
    0x1F, 0xFC, 0x00, 0x50, 0x0F, 0xFD, 0x03, 0xFD, 0x0F, 0xFD, 0x07, 0xFF, 0x0B, 0xFD, 0x07, 0xFF,
    0x0F, 0xFD, 0x03, 0xFE, 0x0F, 0xFD, 0x00, 0x64, 0x0F, 0xFC, 0x00, 0x00, 0x2F, 0xFC, 0x29, 0x00,
    0xBF, 0xF8, 0x2F, 0xFF, 0xFF, 0xF0, 0x2F, 0xFF, 0xFF, 0xD0, 0x2F, 0xFF, 0xFF, 0x40, 0x0B, 0xFF,
    0xF8, 0x00, 0x00, 0x15, 0x00, 0x00, 0x06, 0x40, 0xBF, 0xC3, 0xFF, 0x8F, 0xFE, 0x3F, 0xF4, 0x3F,
    0x80, 0x00, 0x00, 0x00, 0x00, 0x00, 0x00, 0x00, 0x00, 0x00, 0x00, 0x00, 0x00, 0x00, 0x00, 0x00,
    0x07, 0xFD, 0x2F, 0xF0, 0xBF, 0xC3, 0xFE, 0x0F, 0xF0, 0x7F, 0xC2, 0xFD, 0x0F, 0xF0, 0x15, 0x00,
    0x00, 0x0F, 0xFC, 0x00, 0x0F, 0xFC, 0x00, 0x0F, 0xFC, 0x00, 0x0F, 0xFC, 0x00, 0x0F, 0xFC, 0x00,
    0x0F, 0xFC, 0x00, 0x0F, 0xFC, 0x00, 0x0F, 0xFC, 0x00, 0x0F, 0xFC, 0x00, 0x0F, 0xFC, 0x00, 0x0F,
    0xFC, 0x00, 0x0F, 0xFC, 0x00, 0x0F, 0xFC, 0x00, 0x0F, 0xFC, 0x00, 0x0F, 0xFC, 0x00, 0x0F, 0xFC,
    0x00, 0x0F, 0xFC, 0x00, 0x0F, 0xFC, 0x00, 0x0F, 0xFC, 0x00, 0x0F, 0xFC, 0x00, 0x0F, 0xFC, 0x00,
    0x0F, 0xFC, 0x00, 0x0F, 0xFC, 0x00, 0x0F, 0xFC, 0x00, 0x0F, 0xFC, 0x00, 0x2F, 0xF8, 0x15, 0xBF,
    0xF4, 0x7F, 0xFF, 0xF0, 0x7F, 0xFF, 0xD0, 0x7F, 0xFF, 0x40, 0x7F, 0xF8, 0x00, 0x0F, 0xFC, 0x2F,
    0xF8, 0x3F, 0xF0, 0x3F, 0xC0, 0x7F, 0x40, 0xBE, 0x00, 0x00, 0x02, 0xFF, 0x80, 0x02, 0xF4, 0x3F,
    0xF4, 0xFC, 0x7F, 0xC3, 0xFE, 0x2F, 0xE7, 0xFC, 0x7F, 0xC3, 0xFF, 0x3F, 0x8B, 0xF4, 0x1F, 0xD0,
    0x40, 0xBE, 0x00, 0x10, 0x0F, 0xFC, 0x01, 0xFF, 0xF0, 0x00, 0x00, 0xBF, 0xE0, 0x0B, 0xFF, 0xE0,
    0x00, 0x03, 0xFF, 0x00, 0x3F, 0xFF, 0xC0, 0x00, 0x0F, 0xF0, 0x01, 0xFF, 0xFF, 0x40, 0x00, 0x7F,
    0x40, 0x0B, 0xFF, 0xFE, 0x00, 0x02, 0xF8, 0x00, 0x3F, 0xEB, 0xFC, 0x00, 0x00, 0x00, 0x01, 0xFF,
    0x5F, 0xF4, 0x00, 0x00, 0x00, 0x0F, 0xFC, 0x3F, 0xE0, 0x00, 0x00, 0x00, 0x3F, 0xF0, 0xFF, 0xC0,
    0x00, 0x00, 0x01, 0xFF, 0x81, 0xFF, 0x40, 0x00, 0x00, 0x0F, 0xFC, 0x03, 0xFF, 0x00, 0x00, 0x00,
    0x3F, 0xF0, 0x0F, 0xFC, 0x00, 0x00, 0x02, 0xFF, 0x80, 0x2F, 0xF4, 0x00, 0x00, 0x0F, 0xFC, 0x00,
    0x3F, 0xF0, 0x00, 0x00, 0x3F, 0xFF, 0xFF, 0xFF, 0xC0, 0x00, 0x02, 0xFF, 0xFF, 0xFF, 0xFF, 0x80,
    0x00, 0x0F, 0xFF, 0xFF, 0xFF, 0xFF, 0x00, 0x00, 0x7F, 0xFF, 0xFF, 0xFF, 0xFC, 0x00, 0x02, 0xFF,
    0xD5, 0x55, 0x7F, 0xF8, 0x00, 0x0F, 0xFD, 0x00, 0x00, 0x7F, 0xF0, 0x00, 0x7F, 0xF0, 0x00, 0x00,
    0xFF, 0xD0, 0x02, 0xFF, 0xC0, 0x00, 0x03, 0xFF, 0x80, 0x0F, 0xFD, 0x00, 0x00, 0x07, 0xFF, 0x00,
    0x7F, 0xF0, 0x00, 0x00, 0x0F, 0xFD, 0x00, 0x00, 0x7F, 0x83, 0xFF, 0x4F, 0xFE, 0x3F, 0xF4, 0xBF,
    0xC0, 0x14, 0x00, 0x0F, 0xFC, 0x07, 0xFF, 0xFF, 0xFF, 0x0B, 0xFE, 0x02, 0xFF, 0xFF, 0xFF, 0xC3,
    0xFF, 0x00, 0xBF, 0xFF, 0xFF, 0xF0, 0xFF, 0x00, 0x2F, 0xFF, 0xFF, 0xFC, 0x7F, 0x40, 0x0B, 0xFE,
    0x55, 0x55, 0x2F, 0x80, 0x02, 0xFF, 0x80, 0x00, 0x00, 0x00, 0x00, 0xBF, 0xE0, 0x00, 0x00, 0x00,
    0x00, 0x2F, 0xF8, 0x00, 0x00, 0x00, 0x00, 0x0B, 0xFE, 0x00, 0x00, 0x00, 0x00, 0x02, 0xFF, 0x95,
    0x55, 0x00, 0x00, 0x00, 0xBF, 0xFF, 0xFF, 0xE0, 0x00, 0x00, 0x2F, 0xFF, 0xFF, 0xF8, 0x00, 0x00,
    0x0B, 0xFF, 0xFF, 0xFE, 0x00, 0x00, 0x02, 0xFF, 0xEA, 0xAA, 0x40, 0x00, 0x00, 0xBF, 0xE0, 0x00,
    0x00, 0x00, 0x00, 0x2F, 0xF8, 0x00, 0x00, 0x00, 0x00, 0x0B, 0xFE, 0x00, 0x00, 0x00, 0x00, 0x02,
    0xFF, 0x80, 0x00, 0x00, 0x00, 0x00, 0xBF, 0xE0, 0x00, 0x00, 0x00, 0x00, 0x2F, 0xF8, 0x00, 0x00,
    0x00, 0x00, 0x0B, 0xFF, 0xFF, 0xFF, 0x00, 0x00, 0x02, 0xFF, 0xFF, 0xFF, 0xC0, 0x00, 0x00, 0xBF,
    0xFF, 0xFF, 0xF0, 0x00, 0x00, 0x2F, 0xFF, 0xFF, 0xFC, 0x0F, 0xFC, 0x07, 0xFD, 0x00, 0x00, 0x3F,
    0xF2, 0xFF, 0x80, 0xBF, 0xE0, 0x00, 0x03, 0xFF, 0x3F, 0xF0, 0x0B, 0xFE, 0x00, 0x00, 0x3F, 0xF3,
    0xFC, 0x00, 0xBF, 0xE0, 0x00, 0x03, 0xFF, 0x7F, 0x40, 0x0B, 0xFE, 0x00, 0x00, 0x3F, 0xFB, 0xE0,
    0x00, 0xBF, 0xE0, 0x00, 0x03, 0xFF, 0x00, 0x00, 0x0B, 0xFE, 0x00, 0x00, 0x3F, 0xF0, 0x00, 0x00,
    0xBF, 0xE0, 0x00, 0x03, 0xFF, 0x00, 0x00, 0x0B, 0xFE, 0x00, 0x00, 0x3F, 0xF0, 0x00, 0x00, 0xBF,
    0xE5, 0x55, 0x5B, 0xFF, 0x00, 0x00, 0x0B, 0xFF, 0xFF, 0xFF, 0xFF, 0xF0, 0x00, 0x00, 0xBF, 0xFF,
    0xFF, 0xFF, 0xFF, 0x00, 0x00, 0x0B, 0xFF, 0xFF, 0xFF, 0xFF, 0xF0, 0x00, 0x00, 0xBF, 0xFA, 0xAA,
    0xAF, 0xFF, 0x00, 0x00, 0x0B, 0xFE, 0x00, 0x00, 0x3F, 0xF0, 0x00, 0x00, 0xBF, 0xE0, 0x00, 0x03,
    0xFF, 0x00, 0x00, 0x0B, 0xFE, 0x00, 0x00, 0x3F, 0xF0, 0x00, 0x00, 0xBF, 0xE0, 0x00, 0x03, 0xFF,
    0x00, 0x00, 0x0B, 0xFE, 0x00, 0x00, 0x3F, 0xF0, 0x00, 0x00, 0xBF, 0xE0, 0x00, 0x03, 0xFF, 0x00,
    0x00, 0x0B, 0xFE, 0x00, 0x00, 0x3F, 0xF0, 0x00, 0x00, 0xBF, 0xE0, 0x00, 0x03, 0xFF, 0x00, 0x00,
    0x0B, 0xFE, 0x00, 0x00, 0x3F, 0xF0, 0x00, 0x00, 0xBF, 0xE0, 0x00, 0x03, 0xFF, 0x0F, 0xFC, 0x2F,
    0xFF, 0xFE, 0x2F, 0xF8, 0x3F, 0xFF, 0xFF, 0x3F, 0xF0, 0x3F, 0xFF, 0xFF, 0x3F, 0xC0, 0x1B, 0xFF,
    0xF8, 0x7F, 0x40, 0x00, 0xFF, 0xC0, 0xBE, 0x00, 0x00, 0xFF, 0xC0, 0x00, 0x00, 0x00, 0xFF, 0xC0,
    0x00, 0x00, 0x00, 0xFF, 0xC0, 0x00, 0x00, 0x00, 0xFF, 0xC0, 0x00, 0x00, 0x00, 0xFF, 0xC0, 0x00,
    0x00, 0x00, 0xFF, 0xC0, 0x00, 0x00, 0x00, 0xFF, 0xC0, 0x00, 0x00, 0x00, 0xFF, 0xC0, 0x00, 0x00,
    0x00, 0xFF, 0xC0, 0x00, 0x00, 0x00, 0xFF, 0xC0, 0x00, 0x00, 0x00, 0xFF, 0xC0, 0x00, 0x00, 0x00,
    0xFF, 0xC0, 0x00, 0x00, 0x00, 0xFF, 0xC0, 0x00, 0x00, 0x00, 0xFF, 0xC0, 0x00, 0x00, 0x00, 0xFF,
    0xC0, 0x00, 0x00, 0x0B, 0xFF, 0xF8, 0x00, 0x00, 0x3F, 0xFF, 0xFF, 0x00, 0x00, 0x3F, 0xFF, 0xFF,
    0x00, 0x00, 0x3F, 0xFF, 0xFF, 0x00, 0x00, 0x00, 0x00, 0x00, 0x00, 0x00, 0x00, 0x3F, 0xF0, 0x00,
    0x2F, 0xFF, 0xF4, 0x00, 0x02, 0xFF, 0x80, 0x0B, 0xFF, 0xFF, 0xFE, 0x00, 0x0F, 0xFC, 0x00, 0xFF,
    0xFF, 0xFF, 0xFF, 0x00, 0x3F, 0xC0, 0x0F, 0xFF, 0xFF, 0xFF, 0xFF, 0x01, 0xFD, 0x00, 0xBF, 0xFE,
    0x00, 0xBF, 0xFE, 0x0B, 0xE0, 0x03, 0xFF, 0xC0, 0x00, 0x3F, 0xFC, 0x00, 0x00, 0x2F, 0xFC, 0x00,
    0x00, 0x7F, 0xF4, 0x00, 0x00, 0xFF, 0xE0, 0x00, 0x00, 0xFF, 0xE0, 0x00, 0x03, 0xFF, 0x40, 0x00,
    0x01, 0xFF, 0xC0, 0x00, 0x0F, 0xFC, 0x00, 0x00, 0x07, 0xFF, 0x00, 0x00, 0x7F, 0xF0, 0x00, 0x00,
    0x0F, 0xFC, 0x00, 0x01, 0xFF, 0xC0, 0x00, 0x00, 0x3F, 0xF4, 0x00, 0x07, 0xFF, 0x00, 0x00, 0x00,
    0xFF, 0xD0, 0x00, 0x1F, 0xFC, 0x00, 0x00, 0x03, 0xFF, 0x00, 0x00, 0x3F, 0xF0, 0x00, 0x00, 0x1F,
    0xFC, 0x00, 0x00, 0xFF, 0xD0, 0x00, 0x00, 0x7F, 0xF0, 0x00, 0x03, 0xFF, 0x80, 0x00, 0x02, 0xFF,
    0xC0, 0x00, 0x0B, 0xFF, 0x00, 0x00, 0x0F, 0xFD, 0x00, 0x00, 0x0F, 0xFF, 0x00, 0x00, 0xFF, 0xF0,
    0x00, 0x00, 0x2F, 0xFF, 0x40, 0x1F, 0xFF, 0x80, 0x00, 0x00, 0x3F, 0xFF, 0xFF, 0xFF, 0xFC, 0x00,
    0x00, 0x00, 0x3F, 0xFF, 0xFF, 0xFF, 0xC0, 0x00, 0x00, 0x00, 0x2F, 0xFF, 0xFF, 0xF8, 0x00, 0x00,
    0x00, 0x00, 0x1B, 0xFF, 0xFE, 0x00, 0x00, 0x00, 0x00, 0x00, 0x00, 0x55, 0x00, 0x00, 0x00, 0x0F,
    0xFC, 0x2F, 0xF8, 0x00, 0x00, 0xBF, 0xE2, 0xFF, 0x81, 0xFF, 0xC0, 0x00, 0x1F, 0xFC, 0x3F, 0xF0,
    0x0F, 0xFE, 0x00, 0x03, 0xFF, 0x83, 0xFC, 0x00, 0x3F, 0xF0, 0x00, 0x7F, 0xF0, 0x7F, 0x40, 0x02,
    0xFF, 0x80, 0x0F, 0xFE, 0x0B, 0xE0, 0x00, 0x0F, 0xFC, 0x01, 0xFF, 0xC0, 0x00, 0x00, 0x00, 0xBF,
    0xE0, 0x3F, 0xF4, 0x00, 0x00, 0x00, 0x03, 0xFF, 0x07, 0xFF, 0x00, 0x00, 0x00, 0x00, 0x2F, 0xF8,
    0xBF, 0xD0, 0x00, 0x00, 0x00, 0x00, 0xFF, 0xDF, 0xFC, 0x00, 0x00, 0x00, 0x00, 0x07, 0xFF, 0xFF,
    0x40, 0x00, 0x00, 0x00, 0x00, 0x3F, 0xFF, 0xF0, 0x00, 0x00, 0x00, 0x00, 0x01, 0xFF, 0xFC, 0x00,
    0x00, 0x00, 0x00, 0x00, 0x0F, 0xFF, 0x80, 0x00, 0x00, 0x00, 0x00, 0x00, 0x7F, 0xF0, 0x00, 0x00,
    0x00, 0x00, 0x00, 0x03, 0xFF, 0x00, 0x00, 0x00, 0x00, 0x00, 0x00, 0x3F, 0xF0, 0x00, 0x00, 0x00,
    0x00, 0x00, 0x03, 0xFF, 0x00, 0x00, 0x00, 0x00, 0x00, 0x00, 0x3F, 0xF0, 0x00, 0x00, 0x00, 0x00,
    0x00, 0x03, 0xFF, 0x00, 0x00, 0x00, 0x00, 0x00, 0x00, 0x3F, 0xF0, 0x00, 0x00, 0x00, 0x00, 0x00,
    0x03, 0xFF, 0x00, 0x00, 0x00, 0x00, 0x00, 0x00, 0x3F, 0xF0, 0x00, 0x00, 0x00, 0x00, 0x00, 0x03,
    0xFF, 0x00, 0x00, 0x00, 0x00, 0x00, 0x00, 0x00, 0x00, 0x00, 0x00, 0x3F, 0xF0, 0x00, 0x2F, 0xFF,
    0xE4, 0x00, 0x02, 0xFF, 0x80, 0x0B, 0xFF, 0xFF, 0xFC, 0x00, 0x0F, 0xFC, 0x01, 0xFF, 0xFF, 0xFF,
    0xFD, 0x00, 0x3F, 0xC0, 0x0F, 0xFF, 0xFF, 0xFF, 0xFD, 0x01, 0xFD, 0x00, 0xFF, 0xFD, 0x01, 0xBF,
    0xFC, 0x0B, 0xE0, 0x0B, 0xFF, 0x80, 0x00, 0x7F, 0xF8, 0x00, 0x00, 0x3F, 0xF8, 0x00, 0x00, 0xBF,
    0xF0, 0x00, 0x01, 0xFF, 0xC0, 0x00, 0x00, 0xFF, 0xD0, 0x00, 0x0B, 0xFF, 0x00, 0x00, 0x02, 0xFF,
    0x80, 0x00, 0x2F, 0xF8, 0x00, 0x00, 0x07, 0xFF, 0x00, 0x00, 0xBF, 0xE0, 0x00, 0x00, 0x1F, 0xFC,
    0x00, 0x02, 0xFF, 0x80, 0x00, 0x00, 0x7F, 0xF0, 0x00, 0x0B, 0xFE, 0x00, 0x00, 0x01, 0xFF, 0xC0,
    0x00, 0x1F, 0xFC, 0x00, 0x00, 0x0B, 0xFE, 0x00, 0x00, 0x3F, 0xF0, 0x00, 0x00, 0x3F, 0xF4, 0x00,
    0x00, 0xBF, 0xD0, 0x00, 0x00, 0xFF, 0xC0, 0x00, 0x00, 0xFF, 0xC0, 0x00, 0x0B, 0xFD, 0x00, 0x00,
    0x02, 0xFF, 0x80, 0x00, 0x7F, 0xE0, 0x00, 0x00, 0x02, 0xFF, 0x80, 0x07, 0xFE, 0x00, 0x00, 0x00,
    0x02, 0xFF, 0x80, 0xBF, 0xE0, 0x00, 0x00, 0x0F, 0xFF, 0xFF, 0x02, 0xFF, 0xFF, 0xC0, 0x00, 0x3F,
    0xFF, 0xFC, 0x0B, 0xFF, 0xFF, 0x00, 0x00, 0xFF, 0xFF, 0xF0, 0x2F, 0xFF, 0xFC, 0x00, 0x03, 0xFF,
    0xFF, 0xC0, 0xBF, 0xFF, 0xF0, 0x00, 0x03, 0xFF, 0x80, 0x03, 0xF0, 0x3F, 0xF1, 0xFC, 0xBF, 0xC7,
    0xFD, 0x3F, 0xDB, 0xFC, 0xBF, 0xC3, 0xFE, 0x7F, 0x4F, 0xF0, 0x2F, 0xC0, 0x40, 0xFD, 0x00, 0x10,
    0x00, 0x00, 0x00, 0x00, 0x00, 0x00, 0x00, 0x00, 0x00, 0x00, 0x7F, 0xE0, 0x00, 0x00, 0x07, 0xFE,
    0x00, 0x00, 0x00, 0x7F, 0xE0, 0x00, 0x00, 0x07, 0xFE, 0x00, 0x00, 0x00, 0x7F, 0xE0, 0x00, 0x00,
    0x07, 0xFE, 0x00, 0x00, 0x00, 0x7F, 0xE0, 0x00, 0x00, 0x07, 0xFE, 0x00, 0x00, 0x00, 0x7F, 0xE0,
    0x00, 0x00, 0x07, 0xFE, 0x00, 0x00, 0x00, 0x7F, 0xE0, 0x00, 0x00, 0x07, 0xFE, 0x00, 0x00, 0x00,
    0x7F, 0xE0, 0x00, 0x00, 0x07, 0xFF, 0x00, 0x00, 0x00, 0x3F, 0xFE, 0xB4, 0x00, 0x02, 0xFF, 0xFF,
    0x40, 0x00, 0x0F, 0xFF, 0xF4, 0x00, 0x00, 0x2F, 0xFF, 0x40, 0x00, 0x00, 0x05, 0x00, 0x00, 0x00,
    0x00, 0xBF, 0xF8, 0x00, 0x00, 0x00, 0x00, 0xFF, 0xFC, 0x00, 0x00, 0x00, 0x01, 0xFF, 0xFD, 0x00,
    0x00, 0x00, 0x03, 0xFF, 0xFF, 0x00, 0x00, 0x00, 0x03, 0xFE, 0xFF, 0x00, 0x00, 0x00, 0x0B, 0xFC,
    0xFF, 0x80, 0x00, 0x00, 0x0F, 0xFC, 0xFF, 0xC0, 0x00, 0x00, 0x0F, 0xF8, 0xBF, 0xC0, 0x00, 0x00,
    0x2F, 0xF4, 0x3F, 0xE0, 0x00, 0x00, 0x3F, 0xF0, 0x3F, 0xF0, 0x00, 0x00, 0x7F, 0xE0, 0x2F, 0xF4,
    0x00, 0x00, 0xBF, 0xD0, 0x1F, 0xF8, 0x00, 0x00, 0xFF, 0xC0, 0x0F, 0xFC, 0x00, 0x01, 0xFF, 0x80,
    0x0B, 0xFD, 0x00, 0x02, 0xFF, 0xFF, 0xFF, 0xFE, 0x00, 0x03, 0xFF, 0xFF, 0xFF, 0xFF, 0x00, 0x07,
    0xFF, 0xFF, 0xFF, 0xFF, 0x40, 0x0B, 0xFF, 0xFF, 0xFF, 0xFF, 0xC0, 0x0F, 0xFE, 0x55, 0x56, 0xFF,
    0xC0, 0x1F, 0xFC, 0x00, 0x00, 0xFF, 0xD0, 0x3F, 0xF8, 0x00, 0x00, 0xBF, 0xF0, 0x3F, 0xF4, 0x00,
    0x00, 0x7F, 0xF0, 0x7F, 0xF0, 0x00, 0x00, 0x3F, 0xF8, 0xFF, 0xE0, 0x00, 0x00, 0x2F, 0xFC, 0x3F,
    0xFF, 0xFA, 0x40, 0x00, 0xFF, 0xFF, 0xFF, 0xF4, 0x03, 0xFF, 0xFF, 0xFF, 0xF8, 0x0F, 0xFF, 0xFF,
    0xFF, 0xF4, 0x3F, 0xF0, 0x06, 0xFF, 0xE0, 0xFF, 0xC0, 0x02, 0xFF, 0xC3, 0xFF, 0x00, 0x07, 0xFF,
    0x0F, 0xFC, 0x00, 0x1F, 0xF8, 0x3F, 0xF0, 0x00, 0xFF, 0xD0, 0xFF, 0xD5, 0x5F, 0xFF, 0x03, 0xFF,
    0xFF, 0xFF, 0xE0, 0x0F, 0xFF, 0xFF, 0xFD, 0x00, 0x3F, 0xFF, 0xFF, 0xFF, 0x40, 0xFF, 0xEA, 0xAF,
    0xFF, 0x43, 0xFF, 0x00, 0x0B, 0xFF, 0x0F, 0xFC, 0x00, 0x0F, 0xFD, 0x3F, 0xF0, 0x00, 0x3F, 0xF4,
    0xFF, 0xC0, 0x00, 0xFF, 0xD3, 0xFF, 0x00, 0x07, 0xFF, 0x4F, 0xFC, 0x00, 0x7F, 0xFC, 0x3F, 0xFF,
    0xFF, 0xFF, 0xE0, 0xFF, 0xFF, 0xFF, 0xFF, 0x03, 0xFF, 0xFF, 0xFF, 0xE0, 0x0F, 0xFF, 0xFF, 0xE4,
    0x00, 0xFF, 0xFF, 0xFF, 0xFF, 0xFF, 0xFF, 0xFF, 0xFF, 0xFF, 0xFF, 0xFF, 0xFF, 0xFF, 0xFF, 0xD5,
    0x55, 0x7F, 0xF0, 0x00, 0x0F, 0xFC, 0x00, 0x03, 0xFF, 0x00, 0x00, 0xFF, 0xC0, 0x00, 0x3F, 0xF0,
    0x00, 0x0F, 0xFC, 0x00, 0x03, 0xFF, 0x00, 0x00, 0xFF, 0xC0, 0x00, 0x3F, 0xF0, 0x00, 0x0F, 0xFC,
    0x00, 0x03, 0xFF, 0x00, 0x00, 0xFF, 0xC0, 0x00, 0x3F, 0xF0, 0x00, 0x0F, 0xFC, 0x00, 0x03, 0xFF,
    0x00, 0x00, 0xFF, 0xC0, 0x00, 0x3F, 0xF0, 0x00, 0x0F, 0xFC, 0x00, 0x03, 0xFF, 0x00, 0x00, 0x00,
    0x00, 0xFF, 0xF4, 0x00, 0x00, 0x00, 0x07, 0xFF, 0xE0, 0x00, 0x00, 0x00, 0x3F, 0xFF, 0xC0, 0x00,
    0x00, 0x00, 0xFF, 0xFF, 0x40, 0x00, 0x00, 0x0B, 0xFE, 0xFF, 0x00, 0x00, 0x00, 0x3F, 0xE7, 0xFC,
    0x00, 0x00, 0x01, 0xFF, 0x4F, 0xF8, 0x00, 0x00, 0x0B, 0xFC, 0x2F, 0xF0, 0x00, 0x00, 0x3F, 0xF0,
    0x7F, 0xD0, 0x00, 0x01, 0xFF, 0x40, 0xFF, 0x80, 0x00, 0x0B, 0xFC, 0x03, 0xFF, 0x00, 0x00, 0x3F,
    0xF0, 0x07, 0xFD, 0x00, 0x01, 0xFF, 0x40, 0x0F, 0xFC, 0x00, 0x0F, 0xFC, 0x00, 0x3F, 0xF0, 0x00,
    0x3F, 0xF0, 0x00, 0x7F, 0xE0, 0x02, 0xFF, 0x80, 0x00, 0xFF, 0xC0, 0x0F, 0xFC, 0x00, 0x03, 0xFF,
    0x40, 0x7F, 0xF0, 0x00, 0x0B, 0xFE, 0x02, 0xFF, 0x80, 0x00, 0x0F, 0xFC, 0x0F, 0xFD, 0x00, 0x00,
    0x3F, 0xF4, 0x7F, 0xFF, 0xFF, 0xFF, 0xFF, 0xE2, 0xFF, 0xFF, 0xFF, 0xFF, 0xFF, 0xCB, 0xFF, 0xFF,
    0xFF, 0xFF, 0xFF, 0x2F, 0xFF, 0xFF, 0xFF, 0xFF, 0xFC, 0xFF, 0xFF, 0xFF, 0xEF, 0xFF, 0xFF, 0xFE,
    0xFF, 0xFF, 0xFF, 0xEF, 0xFF, 0xFF, 0xFE, 0xFF, 0xD5, 0x55, 0x4F, 0xFC, 0x00, 0x00, 0xFF, 0xC0,
    0x00, 0x0F, 0xFC, 0x00, 0x00, 0xFF, 0xC0, 0x00, 0x0F, 0xFD, 0x55, 0x54, 0xFF, 0xFF, 0xFF, 0xCF,
    0xFF, 0xFF, 0xFC, 0xFF, 0xFF, 0xFF, 0xCF, 0xFE, 0xAA, 0xA8, 0xFF, 0xC0, 0x00, 0x0F, 0xFC, 0x00,
    0x00, 0xFF, 0xC0, 0x00, 0x0F, 0xFC, 0x00, 0x00, 0xFF, 0xC0, 0x00, 0x0F, 0xFC, 0x00, 0x00, 0xFF,
    0xFF, 0xFF, 0xEF, 0xFF, 0xFF, 0xFE, 0xFF, 0xFF, 0xFF, 0xEF, 0xFF, 0xFF, 0xFE, 0x2F, 0xFF, 0xFF,
    0xFF, 0xF0, 0xFF, 0xFF, 0xFF, 0xFF, 0xC3, 0xFF, 0xFF, 0xFF, 0xFF, 0x0F, 0xFF, 0xFF, 0xFF, 0xFC,
    0x15, 0x55, 0x55, 0xFF, 0xD0, 0x00, 0x00, 0x0B, 0xFF, 0x00, 0x00, 0x00, 0x7F, 0xF0, 0x00, 0x00,
    0x03, 0xFF, 0x40, 0x00, 0x00, 0x2F, 0xF8, 0x00, 0x00, 0x01, 0xFF, 0xC0, 0x00, 0x00, 0x0F, 0xFD,
    0x00, 0x00, 0x00, 0xFF, 0xE0, 0x00, 0x00, 0x07, 0xFF, 0x00, 0x00, 0x00, 0x3F, 0xF0, 0x00, 0x00,
    0x03, 0xFF, 0x80, 0x00, 0x00, 0x2F, 0xFC, 0x00, 0x00, 0x01, 0xFF, 0xC0, 0x00, 0x00, 0x0F, 0xFD,
    0x00, 0x00, 0x00, 0xBF, 0xE0, 0x00, 0x00, 0x07, 0xFF, 0x40, 0x00, 0x00, 0x3F, 0xFF, 0xFF, 0xFF,
    0xF8, 0xFF, 0xFF, 0xFF, 0xFF, 0xE3, 0xFF, 0xFF, 0xFF, 0xFF, 0x8F, 0xFF, 0xFF, 0xFF, 0xFE, 0xFF,
    0xC0, 0x00, 0x07, 0xFD, 0xFF, 0xC0, 0x00, 0x0B, 0xFE, 0xFF, 0xC0, 0x00, 0x0B, 0xFE, 0xFF, 0xC0,
    0x00, 0x0B, 0xFE, 0xFF, 0xC0, 0x00, 0x0B, 0xFE, 0xFF, 0xC0, 0x00, 0x0B, 0xFE, 0xFF, 0xC0, 0x00,
    0x0B, 0xFE, 0xFF, 0xC0, 0x00, 0x0B, 0xFE, 0xFF, 0xC0, 0x00, 0x0B, 0xFE, 0xFF, 0xD5, 0x55, 0x5F,
    0xFE, 0xFF, 0xFF, 0xFF, 0xFF, 0xFE, 0xFF, 0xFF, 0xFF, 0xFF, 0xFE, 0xFF, 0xFF, 0xFF, 0xFF, 0xFE,
    0xFF, 0xEA, 0xAA, 0xAF, 0xFE, 0xFF, 0xC0, 0x00, 0x0B, 0xFE, 0xFF, 0xC0, 0x00, 0x0B, 0xFE, 0xFF,
    0xC0, 0x00, 0x0B, 0xFE, 0xFF, 0xC0, 0x00, 0x0B, 0xFE, 0xFF, 0xC0, 0x00, 0x0B, 0xFE, 0xFF, 0xC0,
    0x00, 0x0B, 0xFE, 0xFF, 0xC0, 0x00, 0x0B, 0xFE, 0xFF, 0xC0, 0x00, 0x0B, 0xFE, 0xFF, 0xC0, 0x00,
    0x0B, 0xFE, 0xFF, 0xC0, 0x00, 0x0B, 0xFE, 0x00, 0x00, 0x00, 0x00, 0x00, 0x00, 0x00, 0x01, 0xBF,
    0xFF, 0x80, 0x00, 0x00, 0x1F, 0xFF, 0xFF, 0xF8, 0x00, 0x00, 0xBF, 0xFF, 0xFF, 0xFF, 0x00, 0x02,
    0xFF, 0xFF, 0xFF, 0xFF, 0xC0, 0x07, 0xFF, 0xE4, 0x07, 0xFF, 0xE0, 0x0F, 0xFF, 0x40, 0x00, 0xFF,
    0xF0, 0x1F, 0xFD, 0x00, 0x00, 0x3F, 0xF8, 0x2F, 0xFC, 0x00, 0x00, 0x2F, 0xFC, 0x3F, 0xF8, 0x00,
    0x00, 0x1F, 0xFC, 0x3F, 0xF4, 0x00, 0x00, 0x0F, 0xFD, 0x3F, 0xF4, 0xFF, 0xFF, 0x0F, 0xFD, 0x3F,
    0xF0, 0xFF, 0xFF, 0x0F, 0xFD, 0x3F, 0xF0, 0xFF, 0xFF, 0x0F, 0xFD, 0x3F, 0xF4, 0xFF, 0xFF, 0x0F,
    0xFD, 0x3F, 0xF4, 0x00, 0x00, 0x0F, 0xFD, 0x3F, 0xF8, 0x00, 0x00, 0x0F, 0xFC, 0x2F, 0xFC, 0x00,
    0x00, 0x2F, 0xFC, 0x1F, 0xFD, 0x00, 0x00, 0x3F, 0xF8, 0x0F, 0xFF, 0x00, 0x00, 0xBF, 0xF4, 0x07,
    0xFF, 0xE0, 0x07, 0xFF, 0xF0, 0x03, 0xFF, 0xFF, 0xFF, 0xFF, 0xC0, 0x00, 0xFF, 0xFF, 0xFF, 0xFF,
    0x40, 0x00, 0x2F, 0xFF, 0xFF, 0xFC, 0x00, 0x00, 0x02, 0xFF, 0xFF, 0x90, 0x00, 0x00, 0x00, 0x01,
    0x50, 0x00, 0x00, 0xBF, 0xFF, 0xFB, 0xFF, 0xFF, 0xFF, 0xFF, 0xFF, 0xDB, 0xFF, 0xF8, 0x03, 0xFF,
    0x00, 0x0F, 0xFC, 0x00, 0x3F, 0xF0, 0x00, 0xFF, 0xC0, 0x03, 0xFF, 0x00, 0x0F, 0xFC, 0x00, 0x3F,
    0xF0, 0x00, 0xFF, 0xC0, 0x03, 0xFF, 0x00, 0x0F, 0xFC, 0x00, 0x3F, 0xF0, 0x00, 0xFF, 0xC0, 0x03,
    0xFF, 0x00, 0x0F, 0xFC, 0x00, 0x3F, 0xF0, 0x00, 0xFF, 0xC0, 0x2F, 0xFF, 0xE3, 0xFF, 0xFF, 0xFF,
    0xFF, 0xFF, 0xFF, 0xFF, 0xFF, 0xFF, 0xC0, 0x00, 0x2F, 0xF8, 0xFF, 0xC0, 0x00, 0xBF, 0xF0, 0xFF,
    0xC0, 0x01, 0xFF, 0xD0, 0xFF, 0xC0, 0x03, 0xFF, 0x40, 0xFF, 0xC0, 0x0F, 0xFE, 0x00, 0xFF, 0xC0,
    0x2F, 0xFC, 0x00, 0xFF, 0xC0, 0xBF, 0xF0, 0x00, 0xFF, 0xC1, 0xFF, 0xD0, 0x00, 0xFF, 0xC3, 0xFF,
    0x80, 0x00, 0xFF, 0xCF, 0xFE, 0x00, 0x00, 0xFF, 0xEF, 0xFC, 0x00, 0x00, 0xFF, 0xFF, 0xFD, 0x00,
    0x00, 0xFF, 0xFF, 0xFF, 0x00, 0x00, 0xFF, 0xFF, 0xFF, 0x80, 0x00, 0xFF, 0xF6, 0xFF, 0xC0, 0x00,
    0xFF, 0xC0, 0xFF, 0xF0, 0x00, 0xFF, 0xC0, 0x7F, 0xF4, 0x00, 0xFF, 0xC0, 0x2F, 0xFC, 0x00, 0xFF,
    0xC0, 0x0F, 0xFE, 0x00, 0xFF, 0xC0, 0x07, 0xFF, 0x40, 0xFF, 0xC0, 0x03, 0xFF, 0xC0, 0xFF, 0xC0,
    0x00, 0xFF, 0xE0, 0xFF, 0xC0, 0x00, 0xBF, 0xF0, 0xFF, 0xC0, 0x00, 0x3F, 0xFC, 0x00, 0x00, 0xFF,
    0xF4, 0x00, 0x00, 0x00, 0x07, 0xFF, 0xE0, 0x00, 0x00, 0x00, 0x3F, 0xFF, 0xC0, 0x00, 0x00, 0x00,
    0xFF, 0xFF, 0x40, 0x00, 0x00, 0x07, 0xFE, 0xFE, 0x00, 0x00, 0x00, 0x3F, 0xE7, 0xFC, 0x00, 0x00,
    0x00, 0xFF, 0x8F, 0xF4, 0x00, 0x00, 0x07, 0xFD, 0x3F, 0xE0, 0x00, 0x00, 0x3F, 0xF0, 0xBF, 0xC0,
    0x00, 0x00, 0xFF, 0x81, 0xFF, 0x40, 0x00, 0x07, 0xFD, 0x03, 0xFE, 0x00, 0x00, 0x3F, 0xF0, 0x0F,
    0xFC, 0x00, 0x00, 0xFF, 0xC0, 0x2F, 0xF4, 0x00, 0x0B, 0xFE, 0x00, 0x7F, 0xE0, 0x00, 0x3F, 0xF4,
    0x00, 0xFF, 0xC0, 0x00, 0xFF, 0xC0, 0x02, 0xFF, 0x40, 0x0B, 0xFE, 0x00, 0x07, 0xFE, 0x00, 0x3F,
    0xF4, 0x00, 0x0F, 0xFC, 0x00, 0xFF, 0xC0, 0x00, 0x3F, 0xF4, 0x0B, 0xFF, 0x00, 0x00, 0xBF, 0xF0,
    0x3F, 0xF8, 0x00, 0x00, 0xFF, 0xC0, 0xFF, 0xC0, 0x00, 0x03, 0xFF, 0x4B, 0xFF, 0x00, 0x00, 0x0B,
    0xFF, 0x3F, 0xF8, 0x00, 0x00, 0x1F, 0xFC, 0xFF, 0xFC, 0x00, 0x00, 0x07, 0xFF, 0xDF, 0xFF, 0xD0,
    0x00, 0x00, 0xFF, 0xFD, 0xFF, 0xFE, 0x00, 0x00, 0x0F, 0xFF, 0xDF, 0xFF, 0xF0, 0x00, 0x02, 0xFF,
    0xFD, 0xFF, 0xFF, 0x00, 0x00, 0x3F, 0xFF, 0xDF, 0xFF, 0xF8, 0x00, 0x03, 0xFF, 0xFD, 0xFF, 0xBF,
    0xC0, 0x00, 0xBF, 0xBF, 0xDF, 0xF7, 0xFC, 0x00, 0x0F, 0xF7, 0xFD, 0xFF, 0x6F, 0xD0, 0x00, 0xFF,
    0x3F, 0xDF, 0xF5, 0xFE, 0x00, 0x1F, 0xD3, 0xFD, 0xFF, 0x4F, 0xF0, 0x03, 0xFC, 0x3F, 0xDF, 0xF4,
    0xFF, 0x40, 0x3F, 0xC7, 0xFD, 0xFF, 0x47, 0xF8, 0x07, 0xF4, 0x7F, 0xDF, 0xF8, 0x3F, 0xC0, 0xFF,
    0x07, 0xFD, 0xFF, 0x83, 0xFD, 0x0F, 0xF0, 0x7F, 0xDF, 0xF8, 0x2F, 0xE1, 0xFE, 0x07, 0xFD, 0xFF,
    0x80, 0xFF, 0x3F, 0xC0, 0x7F, 0xDF, 0xF8, 0x0F, 0xF7, 0xFC, 0x07, 0xFD, 0xFF, 0x80, 0xBF, 0xFF,
    0x80, 0x7F, 0xDF, 0xF8, 0x07, 0xFF, 0xF0, 0x07, 0xFD, 0xFF, 0x80, 0x3F, 0xFF, 0x00, 0x7F, 0xDF,
    0xF8, 0x02, 0xFF, 0xE0, 0x07, 0xFD, 0xFF, 0x80, 0x1F, 0xFC, 0x00, 0x7F, 0xDF, 0xF8, 0x00, 0xFF,
    0xC0, 0x07, 0xFD, 0xFF, 0xF4, 0x00, 0x00, 0x7F, 0xCF, 0xFF, 0xC0, 0x00, 0x07, 0xFC, 0xFF, 0xFE,
    0x00, 0x00, 0x7F, 0xCF, 0xFF, 0xF4, 0x00, 0x07, 0xFC, 0xFF, 0xFF, 0xC0, 0x00, 0x7F, 0xCF, 0xFF,
    0xFD, 0x00, 0x07, 0xFC, 0xFF, 0xBF, 0xF0, 0x00, 0x7F, 0xCF, 0xF7, 0xFF, 0x80, 0x07, 0xFC, 0xFF,
    0x4F, 0xFC, 0x00, 0x7F, 0xCF, 0xF4, 0xBF, 0xF0, 0x07, 0xFC, 0xFF, 0x43, 0xFF, 0x40, 0x7F, 0xCF,
    0xF4, 0x2F, 0xFC, 0x07, 0xFC, 0xFF, 0x40, 0xFF, 0xD0, 0x7F, 0xCF, 0xF8, 0x07, 0xFF, 0x07, 0xFC,
    0xFF, 0x80, 0x3F, 0xF8, 0x7F, 0xCF, 0xF8, 0x00, 0xFF, 0xC7, 0xFC, 0xFF, 0x80, 0x0B, 0xFF, 0x7F,
    0xCF, 0xF8, 0x00, 0x3F, 0xFB, 0xFC, 0xFF, 0x80, 0x01, 0xFF, 0xFF, 0xCF, 0xF8, 0x00, 0x0F, 0xFF,
    0xFC, 0xFF, 0x80, 0x00, 0x7F, 0xFF, 0xCF, 0xF8, 0x00, 0x02, 0xFF, 0xFC, 0xFF, 0x80, 0x00, 0x0F,
    0xFF, 0xCF, 0xF8, 0x00, 0x00, 0xBF, 0xFC, 0x1F, 0xFF, 0xFF, 0xFF, 0xC1, 0xFF, 0xFF, 0xFF, 0xFC,
    0x1F, 0xFF, 0xFF, 0xFF, 0xC1, 0xFF, 0xFF, 0xFF, 0xFC, 0x05, 0x55, 0x55, 0x55, 0x40, 0x00, 0x00,
    0x00, 0x00, 0x00, 0x00, 0x00, 0x00, 0x00, 0x00, 0x00, 0x00, 0x00, 0x00, 0x00, 0x00, 0x00, 0x00,
    0x2A, 0xAA, 0xAA, 0x90, 0x03, 0xFF, 0xFF, 0xFF, 0x00, 0x3F, 0xFF, 0xFF, 0xF0, 0x03, 0xFF, 0xFF,
    0xFF, 0x00, 0x2A, 0xAA, 0xAA, 0xA0, 0x00, 0x00, 0x00, 0x00, 0x00, 0x00, 0x00, 0x00, 0x00, 0x00,
    0x00, 0x00, 0x00, 0x00, 0x00, 0x00, 0x00, 0x00, 0x00, 0x00, 0x00, 0x00, 0x00, 0x00, 0x00, 0x00,
    0x00, 0x3F, 0xFF, 0xFF, 0xFF, 0xF3, 0xFF, 0xFF, 0xFF, 0xFF, 0x3F, 0xFF, 0xFF, 0xFF, 0xF3, 0xFF,
    0xFF, 0xFF, 0xFF, 0x00, 0x00, 0x00, 0x00, 0x00, 0x00, 0x00, 0x01, 0xBF, 0xFF, 0x80, 0x00, 0x00,
    0x1F, 0xFF, 0xFF, 0xF8, 0x00, 0x00, 0xBF, 0xFF, 0xFF, 0xFF, 0x00, 0x02, 0xFF, 0xFF, 0xFF, 0xFF,
    0xC0, 0x07, 0xFF, 0xE4, 0x07, 0xFF, 0xE0, 0x0F, 0xFF, 0x40, 0x00, 0xFF, 0xF0, 0x1F, 0xFD, 0x00,
    0x00, 0x3F, 0xF8, 0x2F, 0xFC, 0x00, 0x00, 0x2F, 0xFC, 0x3F, 0xF8, 0x00, 0x00, 0x1F, 0xFC, 0x3F,
    0xF4, 0x00, 0x00, 0x0F, 0xFD, 0x3F, 0xF4, 0x00, 0x00, 0x0F, 0xFD, 0x3F, 0xF0, 0x00, 0x00, 0x0F,
    0xFD, 0x3F, 0xF0, 0x00, 0x00, 0x0F, 0xFD, 0x3F, 0xF4, 0x00, 0x00, 0x0F, 0xFD, 0x3F, 0xF4, 0x00,
    0x00, 0x0F, 0xFD, 0x3F, 0xF8, 0x00, 0x00, 0x0F, 0xFC, 0x2F, 0xFC, 0x00, 0x00, 0x2F, 0xFC, 0x1F,
    0xFD, 0x00, 0x00, 0x3F, 0xF8, 0x0F, 0xFF, 0x00, 0x00, 0xBF, 0xF4, 0x07, 0xFF, 0xE0, 0x07, 0xFF,
    0xF0, 0x03, 0xFF, 0xFF, 0xFF, 0xFF, 0xC0, 0x00, 0xFF, 0xFF, 0xFF, 0xFF, 0x40, 0x00, 0x2F, 0xFF,
    0xFF, 0xFC, 0x00, 0x00, 0x02, 0xFF, 0xFF, 0x90, 0x00, 0x00, 0x00, 0x01, 0x50, 0x00, 0x00, 0xFF,
    0xFF, 0xFF, 0xFF, 0xFC, 0xFF, 0xFF, 0xFF, 0xFF, 0xFC, 0xFF, 0xFF, 0xFF, 0xFF, 0xFC, 0xFF, 0xFF,
    0xFF, 0xFF, 0xFC, 0xFF, 0xD5, 0x55, 0x5F, 0xFC, 0xFF, 0xC0, 0x00, 0x0F, 0xFC, 0xFF, 0xC0, 0x00,
    0x0F, 0xFC, 0xFF, 0xC0, 0x00, 0x0F, 0xFC, 0xFF, 0xC0, 0x00, 0x0F, 0xFC, 0xFF, 0xC0, 0x00, 0x0F,
    0xFC, 0xFF, 0xC0, 0x00, 0x0F, 0xFC, 0xFF, 0xC0, 0x00, 0x0F, 0xFC, 0xFF, 0xC0, 0x00, 0x0F, 0xFC,
    0xFF, 0xC0, 0x00, 0x0F, 0xFC, 0xFF, 0xC0, 0x00, 0x0F, 0xFC, 0xFF, 0xC0, 0x00, 0x0F, 0xFC, 0xFF,
    0xC0, 0x00, 0x0F, 0xFC, 0xFF, 0xC0, 0x00, 0x0F, 0xFC, 0xFF, 0xC0, 0x00, 0x0F, 0xFC, 0xFF, 0xC0,
    0x00, 0x0F, 0xFC, 0xFF, 0xC0, 0x00, 0x0F, 0xFC, 0xFF, 0xC0, 0x00, 0x0F, 0xFC, 0xFF, 0xC0, 0x00,
    0x0F, 0xFC, 0xFF, 0xC0, 0x00, 0x0F, 0xFC, 0x3F, 0xFF, 0xFA, 0x00, 0x03, 0xFF, 0xFF, 0xFF, 0x40,
    0x3F, 0xFF, 0xFF, 0xFD, 0x03, 0xFF, 0xFF, 0xFF, 0xF4, 0x3F, 0xF5, 0x6F, 0xFF, 0xC3, 0xFF, 0x00,
    0x2F, 0xFC, 0x3F, 0xF0, 0x00, 0xFF, 0xC3, 0xFF, 0x00, 0x0F, 0xFD, 0x3F, 0xF0, 0x00, 0xFF, 0xC3,
    0xFF, 0x00, 0x0F, 0xFC, 0x3F, 0xF0, 0x03, 0xFF, 0xC3, 0xFF, 0xAB, 0xFF, 0xF4, 0x3F, 0xFF, 0xFF,
    0xFF, 0x03, 0xFF, 0xFF, 0xFF, 0xC0, 0x3F, 0xFF, 0xFF, 0xD0, 0x03, 0xFF, 0xAA, 0x40, 0x00, 0x3F,
    0xF0, 0x00, 0x00, 0x03, 0xFF, 0x00, 0x00, 0x00, 0x3F, 0xF0, 0x00, 0x00, 0x03, 0xFF, 0x00, 0x00,
    0x00, 0x3F, 0xF0, 0x00, 0x00, 0x03, 0xFF, 0x00, 0x00, 0x00, 0x3F, 0xF0, 0x00, 0x00, 0x03, 0xFF,
    0x00, 0x00, 0x00, 0x2F, 0xFF, 0xFF, 0xFF, 0xF0, 0xFF, 0xFF, 0xFF, 0xFF, 0xC3, 0xFF, 0xFF, 0xFF,
    0xFF, 0x0F, 0xFF, 0xFF, 0xFF, 0xFC, 0x1F, 0xFE, 0x55, 0x55, 0x50, 0x1F, 0xFD, 0x00, 0x00, 0x00,
    0x2F, 0xFD, 0x00, 0x00, 0x00, 0x2F, 0xFC, 0x00, 0x00, 0x00, 0x2F, 0xFC, 0x00, 0x00, 0x00, 0x2F,
    0xFC, 0x00, 0x00, 0x00, 0x3F, 0xFC, 0x00, 0x00, 0x00, 0x3F, 0xF0, 0x00, 0x00, 0x02, 0xFF, 0x80,
    0x00, 0x00, 0x2F, 0xFC, 0x00, 0x00, 0x01, 0xFF, 0xC0, 0x00, 0x00, 0x1F, 0xFC, 0x00, 0x00, 0x00,
    0xFF, 0xC0, 0x00, 0x00, 0x0F, 0xFD, 0x00, 0x00, 0x00, 0xFF, 0xD0, 0x00, 0x00, 0x0B, 0xFE, 0x00,
    0x00, 0x00, 0x3F, 0xFF, 0xFF, 0xFF, 0xF8, 0xFF, 0xFF, 0xFF, 0xFF, 0xE3, 0xFF, 0xFF, 0xFF, 0xFF,
    0x8F, 0xFF, 0xFF, 0xFF, 0xFE, 0x7F, 0xFF, 0xFF, 0xFF, 0xF5, 0xFF, 0xFF, 0xFF, 0xFF, 0xE7, 0xFF,
    0xFF, 0xFF, 0xFF, 0x9F, 0xFF, 0xFF, 0xFF, 0xFE, 0x15, 0x57, 0xFF, 0x95, 0x54, 0x00, 0x0F, 0xFC,
    0x00, 0x00, 0x00, 0x3F, 0xF0, 0x00, 0x00, 0x00, 0xFF, 0xC0, 0x00, 0x00, 0x03, 0xFF, 0x00, 0x00,
    0x00, 0x0F, 0xFC, 0x00, 0x00, 0x00, 0x3F, 0xF0, 0x00, 0x00, 0x00, 0xFF, 0xC0, 0x00, 0x00, 0x03,
    0xFF, 0x00, 0x00, 0x00, 0x0F, 0xFC, 0x00, 0x00, 0x00, 0x3F, 0xF0, 0x00, 0x00, 0x00, 0xFF, 0xC0,
    0x00, 0x00, 0x03, 0xFF, 0x00, 0x00, 0x00, 0x0F, 0xFC, 0x00, 0x00, 0x00, 0x3F, 0xF0, 0x00, 0x00,
    0x00, 0xFF, 0xC0, 0x00, 0x00, 0x03, 0xFF, 0x00, 0x00, 0x00, 0x0F, 0xFC, 0x00, 0x00, 0x00, 0x3F,
    0xF0, 0x00, 0x00, 0x00, 0xFF, 0xC0, 0x00, 0xBF, 0xE0, 0x00, 0x02, 0xFF, 0x9F, 0xFC, 0x00, 0x01,
    0xFF, 0xC3, 0xFF, 0x80, 0x00, 0xFF, 0xE0, 0x3F, 0xF0, 0x00, 0x7F, 0xF0, 0x0B, 0xFE, 0x00, 0x3F,
    0xF8, 0x00, 0xFF, 0xC0, 0x1F, 0xFC, 0x00, 0x2F, 0xF8, 0x0F, 0xFD, 0x00, 0x03, 0xFF, 0x07, 0xFF,
    0x00, 0x00, 0xBF, 0xE2, 0xFF, 0x40, 0x00, 0x0F, 0xFD, 0xFF, 0xC0, 0x00, 0x01, 0xFF, 0xFF, 0xD0,
    0x00, 0x00, 0x3F, 0xFF, 0xF0, 0x00, 0x00, 0x07, 0xFF, 0xF0, 0x00, 0x00, 0x00, 0xFF, 0xF8, 0x00,
    0x00, 0x00, 0x1F, 0xFC, 0x00, 0x00, 0x00, 0x03, 0xFF, 0x00, 0x00, 0x00, 0x00, 0xFF, 0xC0, 0x00,
    0x00, 0x00, 0x3F, 0xF0, 0x00, 0x00, 0x00, 0x0F, 0xFC, 0x00, 0x00, 0x00, 0x03, 0xFF, 0x00, 0x00,
    0x00, 0x00, 0xFF, 0xC0, 0x00, 0x00, 0x00, 0x3F, 0xF0, 0x00, 0x00, 0x00, 0x0F, 0xFC, 0x00, 0x00,
    0x00, 0x03, 0xFF, 0x00, 0x00, 0x00, 0x00, 0x01, 0xFF, 0x80, 0x00, 0x00, 0x00, 0x00, 0x01, 0xFF,
    0x80, 0x00, 0x00, 0x00, 0x00, 0x5A, 0xFF, 0xE5, 0x00, 0x00, 0x00, 0x1F, 0xFF, 0xFF, 0xFF, 0xF4,
    0x00, 0x00, 0xFF, 0xFF, 0xFF, 0xFF, 0xFF, 0x40, 0x07, 0xFF, 0xFF, 0xFF, 0xFF, 0xFF, 0xD0, 0x0F,
    0xFF, 0xE6, 0xFF, 0x9B, 0xFF, 0xF0, 0x2F, 0xFD, 0x01, 0xFF, 0x80, 0x7F, 0xF8, 0x3F, 0xF4, 0x01,
    0xFF, 0x80, 0x1F, 0xFC, 0x7F, 0xF0, 0x01, 0xFF, 0x80, 0x0F, 0xFD, 0x7F, 0xE0, 0x01, 0xFF, 0x80,
    0x0B, 0xFE, 0x7F, 0xE0, 0x01, 0xFF, 0x80, 0x07, 0xFE, 0x7F, 0xE0, 0x01, 0xFF, 0x80, 0x07, 0xFE,
    0x7F, 0xE0, 0x01, 0xFF, 0x80, 0x0B, 0xFD, 0x3F, 0xF0, 0x01, 0xFF, 0x80, 0x0F, 0xFC, 0x3F, 0xFC,
    0x01, 0xFF, 0x80, 0x2F, 0xFC, 0x1F, 0xFF, 0x41, 0xFF, 0x81, 0xFF, 0xF4, 0x0B, 0xFF, 0xFF, 0xFF,
    0xFF, 0xFF, 0xE0, 0x02, 0xFF, 0xFF, 0xFF, 0xFF, 0xFF, 0x80, 0x00, 0x7F, 0xFF, 0xFF, 0xFF, 0xFD,
    0x00, 0x00, 0x06, 0xFF, 0xFF, 0xFF, 0x90, 0x00, 0x00, 0x00, 0x01, 0xFF, 0x80, 0x00, 0x00, 0x00,
    0x00, 0x01, 0xFF, 0x80, 0x00, 0x00, 0x00, 0x00, 0x01, 0xFF, 0x80, 0x00, 0x00, 0x00, 0x00, 0x00,
    0x00, 0x00, 0x00, 0x00, 0x3F, 0xF4, 0x00, 0x00, 0xFF, 0xD0, 0xBF, 0xF0, 0x00, 0x0F, 0xFF, 0x00,
    0xFF, 0xE0, 0x00, 0x7F, 0xF0, 0x01, 0xFF, 0xC0, 0x03, 0xFF, 0x80, 0x02, 0xFF, 0xC0, 0x2F, 0xFC,
    0x00, 0x03, 0xFF, 0x40, 0xFF, 0xD0, 0x00, 0x07, 0xFF, 0x0F, 0xFE, 0x00, 0x00, 0x0B, 0xFE, 0x7F,
    0xF0, 0x00, 0x00, 0x0F, 0xFF, 0xFF, 0x40, 0x00, 0x00, 0x1F, 0xFF, 0xFC, 0x00, 0x00, 0x00, 0x3F,
    0xFF, 0xC0, 0x00, 0x00, 0x00, 0x3F, 0xFE, 0x00, 0x00, 0x00, 0x01, 0xFF, 0xF4, 0x00, 0x00, 0x00,
    0x0F, 0xFF, 0xF0, 0x00, 0x00, 0x00, 0xFF, 0xFF, 0xF0, 0x00, 0x00, 0x07, 0xFF, 0xFF, 0xE0, 0x00,
    0x00, 0x3F, 0xF5, 0xFF, 0xC0, 0x00, 0x02, 0xFF, 0xC2, 0xFF, 0xC0, 0x00, 0x1F, 0xFC, 0x03, 0xFF,
    0x80, 0x00, 0xFF, 0xE0, 0x07, 0xFF, 0x00, 0x0B, 0xFF, 0x00, 0x0F, 0xFF, 0x00, 0x7F, 0xF4, 0x00,
    0x0F, 0xFE, 0x03, 0xFF, 0x80, 0x00, 0x2F, 0xFC, 0x2F, 0xFC, 0x00, 0x00, 0x3F, 0xFC, 0x3F, 0xD0,
    0x07, 0xF8, 0x00, 0xFF, 0x4F, 0xF8, 0x02, 0xFF, 0x00, 0x3F, 0xE3, 0xFE, 0x00, 0xBF, 0xC0, 0x0F,
    0xF8, 0xFF, 0x80, 0x2F, 0xF0, 0x03, 0xFE, 0x3F, 0xE0, 0x0B, 0xFC, 0x00, 0xFF, 0x8F, 0xF8, 0x02,
    0xFF, 0x00, 0x3F, 0xE3, 0xFE, 0x00, 0xBF, 0xC0, 0x0F, 0xF8, 0xFF, 0x80, 0x2F, 0xF0, 0x03, 0xFE,
    0x3F, 0xE0, 0x0B, 0xFC, 0x00, 0xFF, 0x4F, 0xF8, 0x02, 0xFF, 0x00, 0x7F, 0xD3, 0xFE, 0x00, 0xBF,
    0xC0, 0x1F, 0xF4, 0xFF, 0xC0, 0x2F, 0xF0, 0x0F, 0xFC, 0x1F, 0xF8, 0x0B, 0xFC, 0x07, 0xFF, 0x03,
    0xFF, 0xD2, 0xFF, 0x1B, 0xFF, 0x40, 0x7F, 0xFF, 0xFF, 0xFF, 0xFF, 0x80, 0x0B, 0xFF, 0xFF, 0xFF,
    0xFF, 0xC0, 0x00, 0x7F, 0xFF, 0xFF, 0xFF, 0x80, 0x00, 0x01, 0xBF, 0xFF, 0xF9, 0x00, 0x00, 0x00,
    0x00, 0xBF, 0xC0, 0x00, 0x00, 0x00, 0x00, 0x2F, 0xF0, 0x00, 0x00, 0x00, 0x00, 0x0B, 0xFC, 0x00,
    0x00, 0x00, 0x00, 0x02, 0xFF, 0x00, 0x00, 0x00, 0x00, 0x00, 0xBF, 0xC0, 0x00, 0x00, 0x00, 0x00,
    0x2F, 0xF0, 0x00, 0x00, 0x00, 0x00, 0x00, 0x00, 0x00, 0x00, 0x00, 0x02, 0xFF, 0xFE, 0x40, 0x00,
    0x00, 0x2F, 0xFF, 0xFF, 0xF0, 0x00, 0x01, 0xFF, 0xFF, 0xFF, 0xFD, 0x00, 0x03, 0xFF, 0xFF, 0xFF,
    0xFF, 0x40, 0x0F, 0xFF, 0xD0, 0x1B, 0xFF, 0xC0, 0x2F, 0xFE, 0x00, 0x01, 0xFF, 0xE0, 0x3F, 0xF8,
    0x00, 0x00, 0xBF, 0xF0, 0x7F, 0xF0, 0x00, 0x00, 0x3F, 0xF4, 0xBF, 0xF0, 0x00, 0x00, 0x2F, 0xF8,
    0xBF, 0xE0, 0x00, 0x00, 0x1F, 0xFC, 0xBF, 0xE0, 0x00, 0x00, 0x1F, 0xFC, 0xBF, 0xE0, 0x00, 0x00,
    0x1F, 0xFC, 0xBF, 0xE0, 0x00, 0x00, 0x1F, 0xFC, 0x7F, 0xF0, 0x00, 0x00, 0x2F, 0xF8, 0x3F, 0xF0,
    0x00, 0x00, 0x3F, 0xF4, 0x2F, 0xF4, 0x00, 0x00, 0x3F, 0xF0, 0x0F, 0xFC, 0x00, 0x00, 0xBF, 0xD0,
    0x0B, 0xFE, 0x00, 0x01, 0xFF, 0x80, 0x02, 0xFF, 0x80, 0x07, 0xFE, 0x00, 0x00, 0xBF, 0xE0, 0x2F,
    0xF8, 0x00, 0xFF, 0xFF, 0xF0, 0x2F, 0xFF, 0xFC, 0xFF, 0xFF, 0xF0, 0x2F, 0xFF, 0xFC, 0xFF, 0xFF,
    0xF0, 0x2F, 0xFF, 0xFC, 0xFF, 0xFF, 0xF0, 0x2F, 0xFF, 0xFC, 0x00, 0x00, 0x00, 0x0B, 0xD0, 0x2F,
    0x87, 0xFC, 0x0F, 0xF5, 0xFF, 0x03, 0xFD, 0x3F, 0x80, 0xFF, 0x01, 0x00, 0x00, 0x00, 0x00, 0x00,
    0x00, 0x00, 0x00, 0x00, 0x2F, 0xFF, 0xFE, 0x0F, 0xFF, 0xFF, 0xC3, 0xFF, 0xFF, 0xF0, 0x6F, 0xFF,
    0xE0, 0x00, 0xFF, 0xC0, 0x00, 0x3F, 0xF0, 0x00, 0x0F, 0xFC, 0x00, 0x03, 0xFF, 0x00, 0x00, 0xFF,
    0xC0, 0x00, 0x3F, 0xF0, 0x00, 0x0F, 0xFC, 0x00, 0x03, 0xFF, 0x00, 0x00, 0xFF, 0xC0, 0x00, 0x3F,
    0xF0, 0x00, 0x0F, 0xFC, 0x00, 0x03, 0xFF, 0x00, 0x00, 0xFF, 0xC0, 0x00, 0x3F, 0xF0, 0x00, 0x0F,
    0xFC, 0x00, 0x03, 0xFF, 0x00, 0x0B, 0xFF, 0xF8, 0x0F, 0xFF, 0xFF, 0xC3, 0xFF, 0xFF, 0xF0, 0xFF,
    0xFF, 0xFC, 0x00, 0x00, 0x00, 0x00, 0x00, 0x00, 0x0B, 0xD0, 0x2F, 0x80, 0x00, 0x07, 0xFC, 0x0F,
    0xF0, 0x00, 0x01, 0xFF, 0x03, 0xFD, 0x00, 0x00, 0x3F, 0x80, 0xFF, 0x00, 0x00, 0x01, 0x00, 0x00,
    0x00, 0x00, 0x00, 0x00, 0x00, 0x00, 0x00, 0x00, 0x00, 0x00, 0x00, 0x00, 0xBF, 0xE0, 0x00, 0x02,
    0xFF, 0x9F, 0xFC, 0x00, 0x01, 0xFF, 0xC3, 0xFF, 0x80, 0x00, 0xFF, 0xE0, 0x3F, 0xF0, 0x00, 0x7F,
    0xF0, 0x0B, 0xFE, 0x00, 0x3F, 0xF8, 0x00, 0xFF, 0xC0, 0x1F, 0xFC, 0x00, 0x2F, 0xF8, 0x0F, 0xFD,
    0x00, 0x03, 0xFF, 0x07, 0xFF, 0x00, 0x00, 0xBF, 0xE2, 0xFF, 0x40, 0x00, 0x0F, 0xFD, 0xFF, 0xC0,
    0x00, 0x01, 0xFF, 0xFF, 0xD0, 0x00, 0x00, 0x3F, 0xFF, 0xF0, 0x00, 0x00, 0x07, 0xFF, 0xF0, 0x00,
    0x00, 0x00, 0xFF, 0xF8, 0x00, 0x00, 0x00, 0x1F, 0xFC, 0x00, 0x00, 0x00, 0x03, 0xFF, 0x00, 0x00,
    0x00, 0x00, 0xFF, 0xC0, 0x00, 0x00, 0x00, 0x3F, 0xF0, 0x00, 0x00, 0x00, 0x0F, 0xFC, 0x00, 0x00,
    0x00, 0x03, 0xFF, 0x00, 0x00, 0x00, 0x00, 0xFF, 0xC0, 0x00, 0x00, 0x00, 0x3F, 0xF0, 0x00, 0x00,
    0x00, 0x0F, 0xFC, 0x00, 0x00, 0x00, 0x03, 0xFF, 0x00, 0x00, 0x00, 0x00, 0x2F, 0xF8, 0x00, 0x00,
    0x00, 0x3F, 0xF0, 0x00, 0x00, 0x00, 0x3F, 0xD0, 0x00, 0x00, 0x00, 0x7F, 0x80, 0x00, 0x00, 0x00,
    0xFF, 0x00, 0x00, 0x00, 0x00, 0xFD, 0x00, 0x00, 0x00, 0x00, 0x00, 0x00, 0x00, 0x00, 0x05, 0x50,
    0x00, 0x00, 0x00, 0xFF, 0xFC, 0x3F, 0xE0, 0x03, 0xFF, 0xFF, 0x7F, 0xE0, 0x0F, 0xFF, 0xFF, 0xFF,
    0xE0, 0x1F, 0xFF, 0x5B, 0xFF, 0xE0, 0x3F, 0xFC, 0x00, 0xFF, 0xE0, 0x3F, 0xF0, 0x00, 0xBF, 0xE0,
    0x7F, 0xF0, 0x00, 0x7F, 0xE0, 0x7F, 0xF0, 0x00, 0x3F, 0xE0, 0x7F, 0xE0, 0x00, 0x3F, 0xE0, 0x7F,
    0xE0, 0x00, 0x3F, 0xE0, 0x7F, 0xF0, 0x00, 0x3F, 0xE0, 0x7F, 0xF0, 0x00, 0x7F, 0xE0, 0x3F, 0xF4,
    0x00, 0xBF, 0xE0, 0x3F, 0xFC, 0x01, 0xFF, 0xF0, 0x1F, 0xFF, 0xAF, 0xFF, 0xFE, 0x0F, 0xFF, 0xFF,
    0xFF, 0xFF, 0x03, 0xFF, 0xFF, 0x4F, 0xFF, 0x00, 0xBF, 0xF8, 0x07, 0xFF, 0x00, 0x05, 0x40, 0x00,
    0x14, 0x00, 0x00, 0xBF, 0xE0, 0x00, 0x03, 0xFF, 0x00, 0x00, 0x0F, 0xF4, 0x00, 0x00, 0xBF, 0x80,
    0x00, 0x03, 0xFC, 0x00, 0x00, 0x0F, 0xD0, 0x00, 0x00, 0x00, 0x00, 0x00, 0x05, 0xA5, 0x00, 0x02,
    0xFF, 0xFF, 0xE0, 0x3F, 0xFF, 0xFF, 0xE2, 0xFF, 0xFF, 0xFF, 0x0F, 0xFE, 0x01, 0xBC, 0x3F, 0xF0,
    0x00, 0x00, 0xFF, 0xC0, 0x00, 0x02, 0xFF, 0x40, 0x00, 0x02, 0xFF, 0xFF, 0x40, 0x01, 0xFF, 0xFD,
    0x00, 0x3F, 0xFF, 0xF4, 0x03, 0xFF, 0xEA, 0x80, 0x2F, 0xF8, 0x00, 0x00, 0xFF, 0xD0, 0x00, 0x03,
    0xFF, 0x80, 0x00, 0x8B, 0xFF, 0x95, 0x6F, 0x0F, 0xFF, 0xFF, 0xFC, 0x1F, 0xFF, 0xFF, 0xF0, 0x0B,
    0xFF, 0xFE, 0x40, 0x00, 0x15, 0x00, 0x00, 0x00, 0x02, 0xFF, 0x80, 0x00, 0x00, 0x3F, 0xF0, 0x00,
    0x00, 0x03, 0xFD, 0x00, 0x00, 0x00, 0xBF, 0x80, 0x00, 0x00, 0x0F, 0xF0, 0x00, 0x00, 0x00, 0xFD,
    0x00, 0x00, 0x00, 0x00, 0x00, 0x00, 0x00, 0x00, 0x01, 0x94, 0x00, 0xBF, 0x87, 0xFF, 0xF8, 0x0B,
    0xFD, 0xFF, 0xFF, 0xE0, 0xBF, 0xFF, 0xFF, 0xFF, 0x4B, 0xFF, 0xF9, 0xFF, 0xF8, 0xBF, 0xF8, 0x02,
    0xFF, 0xCB, 0xFF, 0x00, 0x0F, 0xFC, 0xBF, 0xF0, 0x00, 0xFF, 0xCB, 0xFE, 0x00, 0x0F, 0xFC, 0xBF,
    0xD0, 0x00, 0xFF, 0xCB, 0xFD, 0x00, 0x0F, 0xFC, 0xBF, 0xD0, 0x00, 0xFF, 0xCB, 0xFD, 0x00, 0x0F,
    0xFC, 0xBF, 0xD0, 0x00, 0xFF, 0xCB, 0xFD, 0x00, 0x0F, 0xFC, 0xBF, 0xD0, 0x00, 0xFF, 0xCB, 0xFD,
    0x00, 0x0F, 0xFC, 0xBF, 0xD0, 0x00, 0xFF, 0xCB, 0xFD, 0x00, 0x0F, 0xFC, 0x00, 0x00, 0x00, 0xFF,
    0xC0, 0x00, 0x00, 0x0F, 0xFC, 0x00, 0x00, 0x00, 0xFF, 0xC0, 0x00, 0x00, 0x0F, 0xFC, 0x00, 0x00,
    0x00, 0xFF, 0xC0, 0x00, 0x00, 0x0F, 0xFC, 0x00, 0x00, 0x00, 0xFF, 0xC0, 0x00, 0x00, 0x0F, 0xFC,
    0x02, 0xFF, 0x80, 0x0F, 0xFC, 0x00, 0x7F, 0xD0, 0x02, 0xFE, 0x00, 0x0F, 0xF0, 0x00, 0x3F, 0x00,
    0x00, 0x00, 0x00, 0x00, 0x00, 0x00, 0x7F, 0xE0, 0x01, 0xFF, 0x80, 0x07, 0xFE, 0x00, 0x1F, 0xF8,
    0x00, 0x7F, 0xE0, 0x01, 0xFF, 0x80, 0x07, 0xFE, 0x00, 0x1F, 0xF8, 0x00, 0x7F, 0xE0, 0x01, 0xFF,
    0x80, 0x07, 0xFE, 0x00, 0x1F, 0xF8, 0x00, 0x7F, 0xE0, 0x01, 0xFF, 0xC0, 0x03, 0xFF, 0xEB, 0x4B,
    0xFF, 0xFD, 0x0F, 0xFF, 0xF4, 0x0B, 0xFF, 0xD0, 0x00, 0x50, 0x00, 0x00, 0x00, 0xBF, 0xE0, 0x00,
    0x2F, 0x43, 0xFF, 0x4F, 0xC1, 0xFF, 0x0F, 0xF8, 0xBF, 0x87, 0xFC, 0x7F, 0xC3, 0xFF, 0x0F, 0xE2,
    0xFD, 0x07, 0xF4, 0x04, 0x0B, 0xE0, 0x01, 0x00, 0x00, 0x00, 0x00, 0x00, 0x00, 0x00, 0x00, 0x00,
    0x00, 0xBF, 0xD0, 0x02, 0xFF, 0x42, 0xFF, 0x40, 0x0B, 0xFE, 0x0B, 0xFD, 0x00, 0x1F, 0xF8, 0x2F,
    0xF4, 0x00, 0x3F, 0xF0, 0xBF, 0xD0, 0x00, 0xFF, 0xC2, 0xFF, 0x40, 0x03, 0xFF, 0x0B, 0xFD, 0x00,
    0x0F, 0xFC, 0x2F, 0xF4, 0x00, 0x2F, 0xF0, 0xBF, 0xD0, 0x00, 0xBF, 0xC2, 0xFF, 0x40, 0x03, 0xFF,
    0x07, 0xFD, 0x00, 0x0F, 0xFC, 0x1F, 0xF8, 0x00, 0x3F, 0xF0, 0x7F, 0xE0, 0x01, 0xFF, 0x80, 0xFF,
    0xD0, 0x0F, 0xFD, 0x02, 0xFF, 0xFB, 0xFF, 0xF0, 0x03, 0xFF, 0xFF, 0xFF, 0x40, 0x07, 0xFF, 0xFF,
    0xF4, 0x00, 0x02, 0xFF, 0xFE, 0x00, 0x00, 0x00, 0x14, 0x00, 0x00, 0x00, 0x00, 0x05, 0x50, 0x00,
    0x00, 0x00, 0xFF, 0xFC, 0x3F, 0xE0, 0x03, 0xFF, 0xFF, 0x7F, 0xE0, 0x0F, 0xFF, 0xFF, 0xFF, 0xE0,
    0x1F, 0xFF, 0x5B, 0xFF, 0xE0, 0x3F, 0xFC, 0x00, 0xFF, 0xE0, 0x3F, 0xF0, 0x00, 0xBF, 0xE0, 0x7F,
    0xF0, 0x00, 0x7F, 0xE0, 0x7F, 0xF0, 0x00, 0x3F, 0xE0, 0x7F, 0xE0, 0x00, 0x3F, 0xE0, 0x7F, 0xE0,
    0x00, 0x3F, 0xE0, 0x7F, 0xF0, 0x00, 0x3F, 0xE0, 0x7F, 0xF0, 0x00, 0x7F, 0xE0, 0x3F, 0xF4, 0x00,
    0xBF, 0xE0, 0x3F, 0xFC, 0x01, 0xFF, 0xF0, 0x1F, 0xFF, 0xAF, 0xFF, 0xFE, 0x0F, 0xFF, 0xFF, 0xFF,
    0xFF, 0x03, 0xFF, 0xFF, 0x4F, 0xFF, 0x00, 0xBF, 0xF8, 0x07, 0xFF, 0x00, 0x05, 0x40, 0x00, 0x14,
    0x00, 0x05, 0x54, 0x00, 0x00, 0x0B, 0xFF, 0xFD, 0x00, 0x07, 0xFF, 0xFF, 0xF4, 0x00, 0xFF, 0xFF,
    0xFF, 0xD0, 0x3F, 0xFD, 0x6F, 0xFE, 0x03, 0xFF, 0x00, 0x7F, 0xF0, 0x7F, 0xE0, 0x03, 0xFF, 0x0B,
    0xFD, 0x00, 0x3F, 0xF0, 0xBF, 0xD0, 0x03, 0xFF, 0x0B, 0xFD, 0x00, 0x7F, 0xE0, 0xBF, 0xD0, 0x1F,
    0xFC, 0x0B, 0xFD, 0x3F, 0xFE, 0x00, 0xBF, 0xD3, 0xFF, 0x40, 0x0B, 0xFD, 0x3F, 0xFF, 0x40, 0xBF,
    0xD2, 0xBF, 0xFF, 0x0B, 0xFD, 0x00, 0x3F, 0xF8, 0xBF, 0xD0, 0x00, 0xFF, 0xCB, 0xFD, 0x00, 0x0B,
    0xFD, 0xBF, 0xD0, 0x00, 0xBF, 0xDB, 0xFD, 0x00, 0x0B, 0xFD, 0xBF, 0xD0, 0x00, 0xFF, 0xDB, 0xFF,
    0x00, 0x3F, 0xFC, 0xBF, 0xFF, 0xAF, 0xFF, 0x8B, 0xFF, 0xFF, 0xFF, 0xF0, 0xBF, 0xFF, 0xFF, 0xFC,
    0x0B, 0xFE, 0xBF, 0xFE, 0x00, 0xBF, 0xD0, 0x54, 0x00, 0x0B, 0xFD, 0x00, 0x00, 0x00, 0xBF, 0xD0,
    0x00, 0x00, 0x0B, 0xFD, 0x00, 0x00, 0x00, 0xBF, 0xD0, 0x00, 0x00, 0x0B, 0xFD, 0x00, 0x00, 0x00,
    0xBF, 0xD0, 0x00, 0x00, 0x0B, 0xFD, 0x00, 0x00, 0x00, 0x00, 0x00, 0x00, 0x00, 0x0F, 0xFD, 0x00,
    0x03, 0xFF, 0x7F, 0xE0, 0x00, 0x7F, 0xE3, 0xFF, 0x00, 0x07, 0xFE, 0x2F, 0xF4, 0x00, 0x7F, 0xE1,
    0xFF, 0x80, 0x07, 0xFD, 0x0F, 0xFC, 0x00, 0xBF, 0xD0, 0xBF, 0xC0, 0x0B, 0xFC, 0x07, 0xFE, 0x00,
    0xFF, 0xC0, 0x3F, 0xF0, 0x0F, 0xF8, 0x02, 0xFF, 0x01, 0xFF, 0x40, 0x0F, 0xF4, 0x3F, 0xF0, 0x00,
    0xFF, 0xC7, 0xFE, 0x00, 0x07, 0xFC, 0xFF, 0xC0, 0x00, 0x3F, 0xFF, 0xF4, 0x00, 0x03, 0xFF, 0xFF,
    0x00, 0x00, 0x1F, 0xFF, 0xC0, 0x00, 0x00, 0xFF, 0xF4, 0x00, 0x00, 0x0B, 0xFD, 0x00, 0x00, 0x00,
    0xBF, 0xD0, 0x00, 0x00, 0x0B, 0xFD, 0x00, 0x00, 0x00, 0xBF, 0xD0, 0x00, 0x00, 0x0B, 0xFD, 0x00,
    0x00, 0x00, 0xBF, 0xD0, 0x00, 0x00, 0x0B, 0xFD, 0x00, 0x00, 0x00, 0xBF, 0xD0, 0x00, 0x00, 0x00,
    0x55, 0x40, 0x00, 0x02, 0xFF, 0xFF, 0x80, 0x00, 0xFF, 0xFF, 0xFF, 0x80, 0x2F, 0xFF, 0xFF, 0xFC,
    0x03, 0xFF, 0x41, 0xBF, 0x40, 0x3F, 0xE0, 0x00, 0xA0, 0x03, 0xFE, 0x00, 0x00, 0x00, 0x3F, 0xF4,
    0x00, 0x00, 0x02, 0xFF, 0xF0, 0x00, 0x00, 0x0B, 0xFF, 0xE0, 0x00, 0x00, 0x2F, 0xFF, 0xE0, 0x00,
    0x0B, 0xFF, 0xFF, 0xC0, 0x07, 0xFF, 0xFF, 0xFF, 0x00, 0xFF, 0xE0, 0xBF, 0xF8, 0x3F, 0xF4, 0x01,
    0xFF, 0xC7, 0xFF, 0x00, 0x0F, 0xFD, 0xBF, 0xD0, 0x00, 0x7F, 0xEF, 0xFC, 0x00, 0x03, 0xFF, 0xFF,
    0xC0, 0x00, 0x3F, 0xFF, 0xFD, 0x00, 0x07, 0xFE, 0xBF, 0xE0, 0x00, 0xFF, 0xE7, 0xFF, 0x80, 0x2F,
    0xFC, 0x3F, 0xFF, 0xAF, 0xFF, 0xC0, 0xFF, 0xFF, 0xFF, 0xF0, 0x03, 0xFF, 0xFF, 0xFC, 0x00, 0x07,
    0xFF, 0xFD, 0x00, 0x00, 0x00, 0x50, 0x00, 0x00, 0x00, 0x16, 0x94, 0x00, 0x0B, 0xFF, 0xFF, 0x80,
    0xFF, 0xFF, 0xFF, 0x8B, 0xFF, 0xFF, 0xFC, 0x3F, 0xF8, 0x06, 0xF0, 0xFF, 0xC0, 0x00, 0x03, 0xFF,
    0x00, 0x00, 0x0B, 0xFD, 0x00, 0x00, 0x0B, 0xFF, 0xFD, 0x00, 0x07, 0xFF, 0xF4, 0x00, 0xFF, 0xFF,
    0xD0, 0x0F, 0xFF, 0xAA, 0x00, 0xBF, 0xE0, 0x00, 0x03, 0xFF, 0x40, 0x00, 0x0F, 0xFE, 0x00, 0x02,
    0x2F, 0xFE, 0x55, 0xBC, 0x3F, 0xFF, 0xFF, 0xF0, 0x7F, 0xFF, 0xFF, 0xC0, 0x2F, 0xFF, 0xF9, 0x00,
    0x00, 0x54, 0x00, 0x15, 0x55, 0x55, 0x54, 0x3F, 0xFF, 0xFF, 0xFC, 0x3F, 0xFF, 0xFF, 0xFC, 0x3F,
    0xFF, 0xFF, 0xFC, 0x15, 0x55, 0x7F, 0xF8, 0x00, 0x00, 0xBF, 0xE0, 0x00, 0x01, 0xFF, 0xC0, 0x00,
    0x03, 0xFF, 0x00, 0x00, 0x0F, 0xFD, 0x00, 0x00, 0x3F, 0xF8, 0x00, 0x00, 0xBF, 0xF0, 0x00, 0x01,
    0xFF, 0xC0, 0x00, 0x03, 0xFF, 0x40, 0x00, 0x0B, 0xFE, 0x00, 0x00, 0x1F, 0xFC, 0x00, 0x00, 0x2F,
    0xF4, 0x00, 0x00, 0x3F, 0xF0, 0x00, 0x00, 0x7F, 0xE0, 0x00, 0x00, 0x7F, 0xE0, 0x00, 0x00, 0x7F,
    0xE0, 0x00, 0x00, 0x7F, 0xF0, 0x00, 0x00, 0x3F, 0xFE, 0x00, 0x00, 0x3F, 0xFF, 0xF9, 0x00, 0x0F,
    0xFF, 0xFF, 0xD0, 0x03, 0xFF, 0xFF, 0xF4, 0x00, 0x6F, 0xFF, 0xFC, 0x00, 0x01, 0xBF, 0xFC, 0x00,
    0x00, 0x0F, 0xFC, 0x00, 0x00, 0x0F, 0xFC, 0x00, 0x00, 0x0F, 0xF8, 0x00, 0x00, 0x1F, 0xF4, 0x00,
    0x00, 0x2F, 0xF0, 0x00, 0x00, 0x2A, 0x90, 0x00, 0x00, 0x19, 0x40, 0x0B, 0xF8, 0x7F, 0xFF, 0x80,
    0xBF, 0xDF, 0xFF, 0xFE, 0x0B, 0xFF, 0xFF, 0xFF, 0xF4, 0xBF, 0xFF, 0x9F, 0xFF, 0x8B, 0xFF, 0x80,
    0x2F, 0xFC, 0xBF, 0xF0, 0x00, 0xFF, 0xCB, 0xFF, 0x00, 0x0F, 0xFC, 0xBF, 0xE0, 0x00, 0xFF, 0xCB,
    0xFD, 0x00, 0x0F, 0xFC, 0xBF, 0xD0, 0x00, 0xFF, 0xCB, 0xFD, 0x00, 0x0F, 0xFC, 0xBF, 0xD0, 0x00,
    0xFF, 0xCB, 0xFD, 0x00, 0x0F, 0xFC, 0xBF, 0xD0, 0x00, 0xFF, 0xCB, 0xFD, 0x00, 0x0F, 0xFC, 0xBF,
    0xD0, 0x00, 0xFF, 0xCB, 0xFD, 0x00, 0x0F, 0xFC, 0xBF, 0xD0, 0x00, 0xFF, 0xC0, 0x00, 0x00, 0x0F,
    0xFC, 0x00, 0x00, 0x00, 0xFF, 0xC0, 0x00, 0x00, 0x0F, 0xFC, 0x00, 0x00, 0x00, 0xFF, 0xC0, 0x00,
    0x00, 0x0F, 0xFC, 0x00, 0x00, 0x00, 0xFF, 0xC0, 0x00, 0x00, 0x0F, 0xFC, 0x00, 0x00, 0x00, 0xFF,
    0xC0, 0x00, 0x01, 0x54, 0x00, 0x00, 0x03, 0xFF, 0xFD, 0x00, 0x01, 0xFF, 0xFF, 0xF8, 0x00, 0x3F,
    0xFF, 0xFF, 0xD0, 0x0F, 0xFE, 0x07, 0xFF, 0x01, 0xFF, 0xC0, 0x1F, 0xF8, 0x2F, 0xF4, 0x00, 0xFF,
    0xC3, 0xFF, 0x00, 0x0B, 0xFD, 0x3F, 0xF0, 0x00, 0x7F, 0xD3, 0xFE, 0x00, 0x03, 0xFE, 0x7F, 0xE0,
    0x00, 0x3F, 0xF7, 0xFF, 0xAA, 0xAB, 0xFF, 0x7F, 0xFF, 0xFF, 0xFF, 0xF7, 0xFF, 0xFF, 0xFF, 0xFF,
    0x7F, 0xFF, 0xFF, 0xFF, 0xF7, 0xFE, 0x00, 0x07, 0xFF, 0x7F, 0xE0, 0x00, 0x3F, 0xE3, 0xFE, 0x00,
    0x03, 0xFE, 0x3F, 0xF0, 0x00, 0x7F, 0xD2, 0xFF, 0x00, 0x0B, 0xFC, 0x1F, 0xF4, 0x00, 0xFF, 0xC0,
    0xFF, 0xC0, 0x1F, 0xF8, 0x0B, 0xFF, 0x5B, 0xFF, 0x00, 0x3F, 0xFF, 0xFF, 0xD0, 0x00, 0xFF, 0xFF,
    0xF8, 0x00, 0x02, 0xFF, 0xFD, 0x00, 0x00, 0x00, 0x54, 0x00, 0x00, 0x00, 0x00, 0x01, 0xFF, 0x80,
    0x07, 0xFE, 0x00, 0x1F, 0xF8, 0x00, 0x7F, 0xE0, 0x01, 0xFF, 0x80, 0x07, 0xFE, 0x00, 0x1F, 0xF8,
    0x00, 0x7F, 0xE0, 0x01, 0xFF, 0x80, 0x07, 0xFE, 0x00, 0x1F, 0xF8, 0x00, 0x7F, 0xE0, 0x01, 0xFF,
    0x80, 0x07, 0xFF, 0x00, 0x0F, 0xFF, 0xAD, 0x2F, 0xFF, 0xF4, 0x3F, 0xFF, 0xD0, 0x2F, 0xFF, 0x40,
    0x01, 0x40, 0x00, 0x00, 0x00, 0x00, 0x01, 0xFF, 0x80, 0x02, 0xFF, 0x87, 0xFE, 0x00, 0x2F, 0xF8,
    0x1F, 0xF8, 0x01, 0xFF, 0xC0, 0x7F, 0xE0, 0x1F, 0xFC, 0x01, 0xFF, 0x80, 0xFF, 0xC0, 0x07, 0xFE,
    0x0F, 0xFD, 0x00, 0x1F, 0xF8, 0xFF, 0xD0, 0x00, 0x7F, 0xEB, 0xFE, 0x00, 0x01, 0xFF, 0xFF, 0xF4,
    0x00, 0x07, 0xFF, 0xFF, 0xF0, 0x00, 0x1F, 0xFF, 0xFF, 0xF0, 0x00, 0x7F, 0xFD, 0xFF, 0xE0, 0x01,
    0xFF, 0x80, 0xFF, 0xD0, 0x07, 0xFE, 0x01, 0xFF, 0xC0, 0x1F, 0xF8, 0x02, 0xFF, 0xC0, 0x7F, 0xE0,
    0x03, 0xFF, 0x81, 0xFF, 0x80, 0x03, 0xFF, 0x87, 0xFE, 0x00, 0x07, 0xFF, 0x40, 0x15, 0x50, 0x00,
    0x00, 0x00, 0x7F, 0xFE, 0x00, 0x00, 0x00, 0x7F, 0xFF, 0xC0, 0x00, 0x00, 0x7F, 0xFF, 0xE0, 0x00,
    0x00, 0x6A, 0xFF, 0xF0, 0x00, 0x00, 0x00, 0x2F, 0xF8, 0x00, 0x00, 0x00, 0x0F, 0xFC, 0x00, 0x00,
    0x00, 0x0B, 0xFD, 0x00, 0x00, 0x00, 0x0B, 0xFE, 0x00, 0x00, 0x00, 0x0F, 0xFF, 0x00, 0x00, 0x00,
    0x1F, 0xFF, 0x40, 0x00, 0x00, 0x2F, 0xFF, 0xC0, 0x00, 0x00, 0x3F, 0xFF, 0xC0, 0x00, 0x00, 0x7F,
    0xBF, 0xE0, 0x00, 0x00, 0xFF, 0xBF, 0xF0, 0x00, 0x00, 0xFF, 0x5F, 0xF4, 0x00, 0x02, 0xFF, 0x0F,
    0xF8, 0x00, 0x03, 0xFF, 0x0F, 0xFC, 0x00, 0x07, 0xFE, 0x07, 0xFD, 0x00, 0x0B, 0xFD, 0x03, 0xFF,
    0x00, 0x0F, 0xFC, 0x03, 0xFF, 0x40, 0x1F, 0xF8, 0x02, 0xFF, 0xC0, 0x2F, 0xF4, 0x00, 0xFF, 0xFC,
    0x3F, 0xF0, 0x00, 0xFF, 0xFC, 0x7F, 0xF0, 0x00, 0x7F, 0xFC, 0xFF, 0xE0, 0x00, 0x1F, 0xFC, 0x00,
    0x00, 0x00, 0x01, 0x40, 0x00, 0x00, 0x00, 0x00, 0x00, 0xBF, 0xD0, 0x00, 0xFF, 0xC0, 0xBF, 0xD0,
    0x00, 0xFF, 0xC0, 0xBF, 0xD0, 0x00, 0xFF, 0xC0, 0xBF, 0xD0, 0x00, 0xFF, 0xC0, 0xBF, 0xD0, 0x00,
    0xFF, 0xC0, 0xBF, 0xD0, 0x00, 0xFF, 0xC0, 0xBF, 0xD0, 0x00, 0xFF, 0xC0, 0xBF, 0xD0, 0x00, 0xFF,
    0xC0, 0xBF, 0xD0, 0x00, 0xFF, 0xC0, 0xBF, 0xD0, 0x00, 0xFF, 0xC0, 0xBF, 0xD0, 0x00, 0xFF, 0xC0,
    0xBF, 0xE0, 0x00, 0xFF, 0xC0, 0xBF, 0xF0, 0x02, 0xFF, 0xC0, 0xBF, 0xF4, 0x07, 0xFF, 0xD0, 0xBF,
    0xFF, 0xBF, 0xFF, 0xF9, 0xBF, 0xFF, 0xFF, 0xFF, 0xFD, 0xBF, 0xFF, 0xFF, 0x2F, 0xFD, 0xBF, 0xEF,
    0xFC, 0x0B, 0xFD, 0xBF, 0xD0, 0x40, 0x00, 0x50, 0xBF, 0xD0, 0x00, 0x00, 0x00, 0xBF, 0xD0, 0x00,
    0x00, 0x00, 0xBF, 0xD0, 0x00, 0x00, 0x00, 0xBF, 0xD0, 0x00, 0x00, 0x00, 0xBF, 0xD0, 0x00, 0x00,
    0x00, 0xBF, 0xD0, 0x00, 0x00, 0x00, 0xBF, 0xD0, 0x00, 0x00, 0x00, 0x00, 0x00, 0x00, 0x00, 0x0F,
    0xFD, 0x00, 0x03, 0xFF, 0x7F, 0xE0, 0x00, 0x7F, 0xE3, 0xFF, 0x00, 0x07, 0xFE, 0x2F, 0xF4, 0x00,
    0x7F, 0xE1, 0xFF, 0x80, 0x07, 0xFD, 0x0F, 0xFC, 0x00, 0xBF, 0xD0, 0xBF, 0xC0, 0x0B, 0xFC, 0x07,
    0xFE, 0x00, 0xFF, 0xC0, 0x3F, 0xF0, 0x0F, 0xF8, 0x02, 0xFF, 0x01, 0xFF, 0x40, 0x0F, 0xF4, 0x3F,
    0xF0, 0x00, 0xFF, 0xC7, 0xFE, 0x00, 0x07, 0xFC, 0xFF, 0xC0, 0x00, 0x3F, 0xFF, 0xF4, 0x00, 0x03,
    0xFF, 0xFF, 0x00, 0x00, 0x1F, 0xFF, 0xC0, 0x00, 0x00, 0xFF, 0xF4, 0x00, 0x00, 0x0B, 0xFD, 0x00,
    0x00, 0x05, 0x55, 0x55, 0x54, 0x1F, 0xFF, 0xFF, 0xFD, 0x1F, 0xFF, 0xFF, 0xFD, 0x1F, 0xFF, 0xFF,
    0xFD, 0x05, 0xBF, 0xE5, 0x00, 0x03, 0xFD, 0x00, 0x00, 0x0F, 0xF8, 0x00, 0x00, 0x1F, 0xF4, 0x00,
    0x00, 0x1F, 0xF8, 0x00, 0x00, 0x1F, 0xFC, 0x00, 0x00, 0x0F, 0xFF, 0x40, 0x00, 0x03, 0xFF, 0xFF,
    0xF8, 0x00, 0x7F, 0xFF, 0xF8, 0x01, 0xFF, 0xFF, 0xF8, 0x0B, 0xFF, 0xFA, 0xA4, 0x2F, 0xFD, 0x00,
    0x00, 0x3F, 0xF0, 0x00, 0x00, 0x7F, 0xE0, 0x00, 0x00, 0x7F, 0xE0, 0x00, 0x00, 0x7F, 0xE0, 0x00,
    0x00, 0x7F, 0xF0, 0x00, 0x00, 0x3F, 0xFD, 0x00, 0x00, 0x2F, 0xFF, 0xF9, 0x00, 0x0F, 0xFF, 0xFF,
    0xE0, 0x02, 0xFF, 0xFF, 0xF8, 0x00, 0x2F, 0xFF, 0xFC, 0x00, 0x00, 0x7F, 0xFD, 0x00, 0x00, 0x0B,
    0xFD, 0x00, 0x00, 0x0B, 0xFC, 0x00, 0x00, 0x0B, 0xFC, 0x00, 0x00, 0x0F, 0xF8, 0x00, 0x00, 0x1F,
    0xF4, 0x00, 0x00, 0x2A, 0xA0, 0x00, 0x01, 0x65, 0x00, 0x00, 0x01, 0xFF, 0xFF, 0x80, 0x00, 0x2F,
    0xFF, 0xFF, 0xD0, 0x02, 0xFF, 0xFF, 0xFF, 0xD0, 0x0F, 0xFF, 0x57, 0xFF, 0xC0, 0xBF, 0xF0, 0x03,
    0xFF, 0x43, 0xFF, 0x00, 0x07, 0xFF, 0x0F, 0xFC, 0x00, 0x0F, 0xFC, 0x7F, 0xF0, 0x00, 0x3F, 0xF1,
    0xFF, 0x80, 0x00, 0xFF, 0xC7, 0xFE, 0x00, 0x03, 0xFF, 0x1F, 0xFC, 0x00, 0x0F, 0xFC, 0x3F, 0xF0,
    0x00, 0x3F, 0xF0, 0xFF, 0xD0, 0x02, 0xFF, 0x82, 0xFF, 0xC0, 0x0F, 0xFD, 0x03, 0xFF, 0xEA, 0xFF,
    0xF0, 0x07, 0xFF, 0xFF, 0xFF, 0x00, 0x07, 0xFF, 0xFF, 0xF0, 0x00, 0x02, 0xFF, 0xFE, 0x00, 0x00,
    0x00, 0x15, 0x00, 0x00, 0x00, 0x00, 0x00, 0x00, 0x00, 0x00, 0x7F, 0xFF, 0xFF, 0xFF, 0xFF, 0xFF,
    0x7F, 0xFF, 0xFF, 0xFF, 0xFF, 0xFF, 0x7F, 0xFF, 0xFF, 0xFF, 0xFF, 0xFF, 0x2A, 0xFF, 0xFA, 0xAB,
    0xFF, 0xA9, 0x00, 0x7F, 0xE0, 0x03, 0xFF, 0x00, 0x00, 0x7F, 0xE0, 0x03, 0xFF, 0x00, 0x00, 0x7F,
    0xE0, 0x03, 0xFF, 0x00, 0x00, 0x7F, 0xE0, 0x03, 0xFF, 0x00, 0x00, 0x7F, 0xE0, 0x03, 0xFF, 0x00,
    0x00, 0x7F, 0xE0, 0x03, 0xFF, 0x00, 0x00, 0x7F, 0xE0, 0x03, 0xFF, 0x00, 0x00, 0x7F, 0xE0, 0x03,
    0xFF, 0x00, 0x00, 0x7F, 0xE0, 0x03, 0xFF, 0x00, 0x00, 0x7F, 0xE0, 0x03, 0xFF, 0x40, 0x00, 0x7F,
    0xE0, 0x03, 0xFF, 0xEE, 0x00, 0x7F, 0xE0, 0x02, 0xFF, 0xFE, 0x00, 0x7F, 0xE0, 0x00, 0xFF, 0xFE,
    0x00, 0x7F, 0xE0, 0x00, 0x7F, 0xFD, 0x00, 0x00, 0x00, 0x00, 0x01, 0x40, 0x00, 0x01, 0x65, 0x00,
    0x00, 0x03, 0xFF, 0xFE, 0x00, 0x01, 0xFF, 0xFF, 0xFD, 0x00, 0x7F, 0xFF, 0xFF, 0xF0, 0x0F, 0xFF,
    0x5B, 0xFF, 0xC1, 0xFF, 0xC0, 0x0F, 0xFD, 0x2F, 0xF4, 0x00, 0xBF, 0xE3, 0xFF, 0x00, 0x07, 0xFF,
    0x3F, 0xF0, 0x00, 0x3F, 0xF3, 0xFF, 0x00, 0x03, 0xFF, 0x3F, 0xF0, 0x00, 0x3F, 0xF3, 0xFF, 0x00,
    0x03, 0xFF, 0x3F, 0xF0, 0x00, 0x7F, 0xF3, 0xFF, 0x00, 0x0B, 0xFE, 0x3F, 0xF8, 0x01, 0xFF, 0xC3,
    0xFF, 0xFA, 0xBF, 0xFC, 0x3F, 0xFF, 0xFF, 0xFF, 0x03, 0xFF, 0xFF, 0xFF, 0xD0, 0x3F, 0xF7, 0xFF,
    0xE0, 0x03, 0xFF, 0x01, 0x40, 0x00, 0x3F, 0xF0, 0x00, 0x00, 0x03, 0xFF, 0x00, 0x00, 0x00, 0x3F,
    0xF0, 0x00, 0x00, 0x03, 0xFF, 0x00, 0x00, 0x00, 0x3F, 0xF0, 0x00, 0x00, 0x03, 0xFF, 0x00, 0x00,
    0x00, 0x3F, 0xF0, 0x00, 0x00, 0x00, 0x00, 0x01, 0x65, 0x00, 0x00, 0x7F, 0xFF, 0xF8, 0x02, 0xFF,
    0xFF, 0xFC, 0x0B, 0xFF, 0xFF, 0xF4, 0x0F, 0xFF, 0x9B, 0xF0, 0x2F, 0xFC, 0x00, 0x10, 0x3F, 0xF0,
    0x00, 0x00, 0x7F, 0xF0, 0x00, 0x00, 0x7F, 0xE0, 0x00, 0x00, 0x7F, 0xE0, 0x00, 0x00, 0x7F, 0xE0,
    0x00, 0x00, 0x7F, 0xE0, 0x00, 0x00, 0x7F, 0xF0, 0x00, 0x00, 0x3F, 0xF8, 0x00, 0x00, 0x3F, 0xFE,
    0x00, 0x00, 0x1F, 0xFF, 0xF9, 0x00, 0x0B, 0xFF, 0xFF, 0xD0, 0x01, 0xFF, 0xFF, 0xF4, 0x00, 0x2F,
    0xFF, 0xFC, 0x00, 0x01, 0xBF, 0xFC, 0x00, 0x00, 0x0F, 0xFC, 0x00, 0x00, 0x0F, 0xFC, 0x00, 0x00,
    0x0F, 0xF8, 0x00, 0x00, 0x1F, 0xF4, 0x00, 0x00, 0x2F, 0xF0, 0x00, 0x00, 0x2A, 0x90, 0x00, 0x00,
    0x00, 0x00, 0x00, 0x00, 0x1F, 0xFF, 0xFF, 0xFD, 0x01, 0xFF, 0xFF, 0xFF, 0xFD, 0x07, 0xFF, 0xFF,
    0xFF, 0xFD, 0x0F, 0xFF, 0xEB, 0xFF, 0xA8, 0x2F, 0xFC, 0x00, 0xFF, 0x00, 0x3F, 0xF4, 0x00, 0xFF,
    0xC0, 0x7F, 0xF0, 0x00, 0xBF, 0xD0, 0x7F, 0xE0, 0x00, 0x7F, 0xE0, 0x7F, 0xE0, 0x00, 0x7F, 0xE0,
    0x7F, 0xE0, 0x00, 0x7F, 0xF0, 0x7F, 0xE0, 0x00, 0x7F, 0xE0, 0x7F, 0xF0, 0x00, 0xBF, 0xE0, 0x3F,
    0xF0, 0x00, 0xFF, 0xD0, 0x2F, 0xFC, 0x02, 0xFF, 0xC0, 0x0F, 0xFF, 0xAF, 0xFF, 0x40, 0x07, 0xFF,
    0xFF, 0xFE, 0x00, 0x01, 0xFF, 0xFF, 0xF8, 0x00, 0x00, 0x2F, 0xFF, 0x90, 0x00, 0x00, 0x00, 0x50,
    0x00, 0x00, 0x00, 0x00, 0x00, 0x00, 0x0F, 0xFF, 0xFF, 0xFF, 0xF3, 0xFF, 0xFF, 0xFF, 0xFC, 0xFF,
    0xFF, 0xFF, 0xFF, 0x2A, 0xBF, 0xFA, 0xAA, 0x40, 0x0B, 0xFD, 0x00, 0x00, 0x02, 0xFF, 0x40, 0x00,
    0x00, 0xBF, 0xD0, 0x00, 0x00, 0x2F, 0xF4, 0x00, 0x00, 0x0B, 0xFD, 0x00, 0x00, 0x02, 0xFF, 0x40,
    0x00, 0x00, 0xBF, 0xD0, 0x00, 0x00, 0x2F, 0xF4, 0x00, 0x00, 0x0B, 0xFD, 0x00, 0x00, 0x02, 0xFF,
    0x80, 0x00, 0x00, 0x7F, 0xFE, 0xB8, 0x00, 0x0F, 0xFF, 0xFE, 0x00, 0x01, 0xFF, 0xFF, 0x80, 0x00,
    0x1F, 0xFF, 0xD0, 0x00, 0x00, 0x15, 0x00, 0x00, 0x00, 0x00, 0x00, 0x0B, 0xFD, 0x00, 0x2F, 0xF4,
    0xBF, 0xD0, 0x02, 0xFF, 0x8B, 0xFD, 0x00, 0x1F, 0xF8, 0xBF, 0xD0, 0x00, 0xFF, 0xCB, 0xFD, 0x00,
    0x0F, 0xFC, 0xBF, 0xD0, 0x00, 0xFF, 0xCB, 0xFD, 0x00, 0x0F, 0xFC, 0xBF, 0xD0, 0x00, 0xBF, 0xCB,
    0xFD, 0x00, 0x0B, 0xFC, 0xBF, 0xD0, 0x00, 0xFF, 0xC7, 0xFD, 0x00, 0x0F, 0xFC, 0x7F, 0xE0, 0x00,
    0xFF, 0xC7, 0xFE, 0x00, 0x1F, 0xF8, 0x3F, 0xF4, 0x03, 0xFF, 0x42, 0xFF, 0xFB, 0xFF, 0xF0, 0x0F,
    0xFF, 0xFF, 0xFD, 0x00, 0x7F, 0xFF, 0xFF, 0x40, 0x00, 0xBF, 0xFF, 0x80, 0x00, 0x00, 0x14, 0x00,
    0x00, 0x00, 0x00, 0x01, 0x54, 0x00, 0x00, 0x00, 0x00, 0x02, 0xFF, 0x00, 0x00, 0x00, 0x00, 0x00,
    0xBF, 0xC0, 0x00, 0x00, 0x00, 0x00, 0x2F, 0xF0, 0x00, 0x00, 0x00, 0x00, 0x0B, 0xFC, 0x00, 0x00,
    0x00, 0x00, 0x02, 0xFF, 0x00, 0x00, 0x00, 0x00, 0x00, 0xBF, 0xC0, 0x00, 0x00, 0x00, 0x00, 0x3F,
    0xF0, 0x00, 0x00, 0x00, 0x0B, 0xFF, 0xFF, 0xF8, 0x00, 0x00, 0x2F, 0xFF, 0xFF, 0xFF, 0xE0, 0x00,
    0x3F, 0xFF, 0xFF, 0xFF, 0xFF, 0x00, 0x3F, 0xFF, 0x7F, 0xF7, 0xFF, 0xF0, 0x2F, 0xFD, 0x0B, 0xFC,
    0x1F, 0xFE, 0x0F, 0xFE, 0x02, 0xFF, 0x01, 0xFF, 0xC3, 0xFF, 0x00, 0xBF, 0xC0, 0x3F, 0xF5, 0xFF,
    0x80, 0x2F, 0xF0, 0x0B, 0xFE, 0x7F, 0xE0, 0x0B, 0xFC, 0x01, 0xFF, 0x9F, 0xF8, 0x02, 0xFF, 0x00,
    0xBF, 0xE7, 0xFF, 0x00, 0xBF, 0xC0, 0x2F, 0xF8, 0xFF, 0xC0, 0x2F, 0xF0, 0x0F, 0xFD, 0x3F, 0xF8,
    0x0B, 0xFC, 0x07, 0xFF, 0x07, 0xFF, 0x82, 0xFF, 0x07, 0xFF, 0x80, 0xBF, 0xFE, 0xFF, 0xEF, 0xFF,
    0xC0, 0x0B, 0xFF, 0xFF, 0xFF, 0xFF, 0xC0, 0x00, 0x7F, 0xFF, 0xFF, 0xFF, 0x80, 0x00, 0x01, 0xBF,
    0xFF, 0xF9, 0x00, 0x00, 0x00, 0x00, 0xBF, 0xC0, 0x00, 0x00, 0x00, 0x00, 0x2F, 0xF0, 0x00, 0x00,
    0x00, 0x00, 0x0B, 0xFC, 0x00, 0x00, 0x00, 0x00, 0x02, 0xFF, 0x00, 0x00, 0x00, 0x00, 0x00, 0xBF,
    0xC0, 0x00, 0x00, 0x00, 0x00, 0x2F, 0xF0, 0x00, 0x00, 0x00, 0x00, 0x0B, 0xFC, 0x00, 0x00, 0x00,
    0x00, 0x02, 0xFF, 0x00, 0x00, 0x00, 0x15, 0x40, 0x00, 0x00, 0x00, 0x3F, 0xFC, 0x00, 0x00, 0x7F,
    0xDF, 0xFF, 0xC0, 0x00, 0x3F, 0xF3, 0xFF, 0xF8, 0x00, 0x2F, 0xF4, 0xFF, 0xFF, 0x40, 0x0F, 0xFC,
    0x00, 0x7F, 0xF0, 0x0B, 0xFC, 0x00, 0x0B, 0xFD, 0x03, 0xFE, 0x00, 0x00, 0xFF, 0xC2, 0xFF, 0x00,
    0x00, 0x2F, 0xF4, 0xFF, 0x40, 0x00, 0x03, 0xFF, 0xBF, 0xC0, 0x00, 0x00, 0xBF, 0xFF, 0xD0, 0x00,
    0x00, 0x0F, 0xFF, 0xE0, 0x00, 0x00, 0x02, 0xFF, 0xF0, 0x00, 0x00, 0x00, 0x3F, 0xF8, 0x00, 0x00,
    0x00, 0x0F, 0xFD, 0x00, 0x00, 0x00, 0x0B, 0xFF, 0xC0, 0x00, 0x00, 0x07, 0xFF, 0xF4, 0x00, 0x00,
    0x03, 0xFF, 0xFF, 0x00, 0x00, 0x01, 0xFF, 0xBF, 0xD0, 0x00, 0x00, 0xFF, 0x8F, 0xFC, 0x00, 0x00,
    0xBF, 0xC2, 0xFF, 0x40, 0x00, 0x7F, 0xD0, 0x3F, 0xF0, 0x00, 0x3F, 0xF0, 0x0B, 0xFF, 0x44, 0x2F,
    0xF4, 0x00, 0xFF, 0xFF, 0x0F, 0xFC, 0x00, 0x1F, 0xFF, 0xCB, 0xFC, 0x00, 0x03, 0xFF, 0xF7, 0xFE,
    0x00, 0x00, 0x2F, 0xF8, 0x00, 0x00, 0x00, 0x00, 0x00, 0x00, 0x00, 0x05, 0x50, 0x00, 0x00, 0x00,
    0x00, 0x2F, 0xF0, 0x00, 0x00, 0x00, 0x00, 0x2F, 0xF0, 0x00, 0x00, 0x00, 0x00, 0x2F, 0xF0, 0x00,
    0x00, 0x00, 0x00, 0x2F, 0xF0, 0x00, 0x00, 0x00, 0x00, 0x2F, 0xF0, 0x00, 0x00, 0x00, 0x00, 0x2F,
    0xF0, 0x00, 0x00, 0x00, 0x00, 0x2F, 0xF0, 0x00, 0x00, 0xBF, 0xC0, 0x2F, 0xF0, 0x1F, 0xF8, 0xBF,
    0xC0, 0x2F, 0xF0, 0x0F, 0xFC, 0xBF, 0xC0, 0x2F, 0xF0, 0x0F, 0xFC, 0xBF, 0xC0, 0x2F, 0xF0, 0x0B,
    0xFC, 0xBF, 0xC0, 0x2F, 0xF0, 0x0B, 0xFD, 0xBF, 0xC0, 0x2F, 0xF0, 0x07, 0xFD, 0xBF, 0xC0, 0x2F,
    0xF0, 0x07, 0xFE, 0xBF, 0xC0, 0x2F, 0xF0, 0x07, 0xFE, 0xBF, 0xC0, 0x2F, 0xF0, 0x03, 0xFE, 0xBF,
    0xC0, 0x2F, 0xF0, 0x07, 0xFE, 0xBF, 0xC0, 0x2F, 0xF0, 0x07, 0xFE, 0xBF, 0xD0, 0x2F, 0xF0, 0x0B,
    0xFD, 0x7F, 0xF0, 0x2F, 0xF0, 0x0F, 0xFC, 0x3F, 0xF8, 0x2F, 0xF0, 0x7F, 0xF8, 0x2F, 0xFF, 0xFF,
    0xFF, 0xFF, 0xF0, 0x0F, 0xFF, 0xFF, 0xFF, 0xFF, 0xD0, 0x02, 0xFF, 0xFF, 0xFF, 0xFF, 0x40, 0x00,
    0x6F, 0xFF, 0xFF, 0xE4, 0x00, 0x00, 0x00, 0x2F, 0xF4, 0x00, 0x00, 0x00, 0x00, 0x2F, 0xF0, 0x00,
    0x00, 0x00, 0x00, 0x2F, 0xF0, 0x00, 0x00, 0x00, 0x00, 0x2F, 0xF0, 0x00, 0x00, 0x00, 0x00, 0x2F,
    0xF0, 0x00, 0x00, 0x00, 0x00, 0x2F, 0xF0, 0x00, 0x00, 0x00, 0x00, 0x2F, 0xF0, 0x00, 0x00, 0x00,
    0x00, 0x2F, 0xF0, 0x00, 0x00, 0x00, 0x00, 0x00, 0x00, 0x00, 0x00, 0x00, 0x0B, 0xFC, 0x00, 0x00,
    0x0F, 0xF4, 0x00, 0x7F, 0xC0, 0x00, 0x00, 0x1F, 0xF0, 0x03, 0xFE, 0x00, 0x00, 0x00, 0x3F, 0xF0,
    0x0F, 0xF4, 0x00, 0x00, 0x00, 0x7F, 0xC0, 0xBF, 0xC0, 0x00, 0x00, 0x00, 0xFF, 0x43, 0xFE, 0x00,
    0x15, 0x50, 0x03, 0xFE, 0x0F, 0xF8, 0x00, 0xFF, 0x80, 0x0B, 0xFC, 0x3F, 0xD0, 0x03, 0xFE, 0x00,
    0x2F, 0xF0, 0xFF, 0x40, 0x0F, 0xF8, 0x00, 0xBF, 0xC3, 0xFD, 0x00, 0x3F, 0xE0, 0x02, 0xFF, 0x0F,
    0xF8, 0x00, 0xFF, 0x80, 0x0B, 0xFC, 0x3F, 0xE0, 0x03, 0xFF, 0x00, 0x3F, 0xF0, 0xFF, 0xC0, 0x0F,
    0xFC, 0x00, 0xFF, 0x81, 0xFF, 0x80, 0x7F, 0xF4, 0x0B, 0xFD, 0x03, 0xFF, 0xEB, 0xFF, 0xFA, 0xFF,
    0xF0, 0x07, 0xFF, 0xFF, 0xCF, 0xFF, 0xFF, 0x40, 0x0B, 0xFF, 0xFD, 0x1F, 0xFF, 0xF8, 0x00, 0x07,
    0xFF, 0xD0, 0x1F, 0xFF, 0x40, 0x00, 0x00, 0x50, 0x00, 0x01, 0x40, 0x00, 0x00, 0x00, 0x00, 0x03,
    0xF0, 0x0F, 0xD0, 0xBF, 0x82, 0xFF, 0x0F, 0xF8, 0x2F, 0xF0, 0x7F, 0x40, 0xFD, 0x00, 0x40, 0x01,
    0x00, 0x00, 0x00, 0x00, 0x00, 0x00, 0x00, 0x00, 0x01, 0xFF, 0x80, 0x00, 0x1F, 0xF8, 0x00, 0x01,
    0xFF, 0x80, 0x00, 0x1F, 0xF8, 0x00, 0x01, 0xFF, 0x80, 0x00, 0x1F, 0xF8, 0x00, 0x01, 0xFF, 0x80,
    0x00, 0x1F, 0xF8, 0x00, 0x01, 0xFF, 0x80, 0x00, 0x1F, 0xF8, 0x00, 0x01, 0xFF, 0x80, 0x00, 0x1F,
    0xF8, 0x00, 0x01, 0xFF, 0x80, 0x00, 0x1F, 0xFC, 0x00, 0x00, 0xFF, 0xFA, 0xD0, 0x0B, 0xFF, 0xFD,
    0x00, 0x3F, 0xFF, 0xD0, 0x00, 0xBF, 0xFD, 0x00, 0x00, 0x14, 0x00, 0x00, 0x00, 0x00, 0x00, 0x00,
    0x3F, 0x40, 0xBE, 0x00, 0x0B, 0xFC, 0x1F, 0xF0, 0x00, 0xBF, 0xC1, 0xFF, 0x00, 0x03, 0xF8, 0x0F,
    0xE0, 0x00, 0x04, 0x00, 0x10, 0x00, 0x00, 0x00, 0x00, 0x00, 0x00, 0x00, 0x00, 0x00, 0x00, 0xBF,
    0xD0, 0x02, 0xFF, 0x4B, 0xFD, 0x00, 0x2F, 0xF8, 0xBF, 0xD0, 0x01, 0xFF, 0x8B, 0xFD, 0x00, 0x0F,
    0xFC, 0xBF, 0xD0, 0x00, 0xFF, 0xCB, 0xFD, 0x00, 0x0F, 0xFC, 0xBF, 0xD0, 0x00, 0xFF, 0xCB, 0xFD,
    0x00, 0x0B, 0xFC, 0xBF, 0xD0, 0x00, 0xBF, 0xCB, 0xFD, 0x00, 0x0F, 0xFC, 0x7F, 0xD0, 0x00, 0xFF,
    0xC7, 0xFE, 0x00, 0x0F, 0xFC, 0x7F, 0xE0, 0x01, 0xFF, 0x83, 0xFF, 0x40, 0x3F, 0xF4, 0x2F, 0xFF,
    0xBF, 0xFF, 0x00, 0xFF, 0xFF, 0xFF, 0xD0, 0x07, 0xFF, 0xFF, 0xF4, 0x00, 0x0B, 0xFF, 0xF8, 0x00,
    0x00, 0x01, 0x40, 0x00, 0x00, 0x00, 0x00, 0x1F, 0xFC, 0x00, 0x00, 0x00, 0xBF, 0xD0, 0x00, 0x00,
    0x03, 0xFE, 0x00, 0x00, 0x00, 0x0F, 0xF0, 0x00, 0x00, 0x00, 0xBF, 0x40, 0x00, 0x00, 0x02, 0xF4,
    0x00, 0x00, 0x00, 0x00, 0x00, 0x00, 0x00, 0x00, 0x59, 0x40, 0x00, 0x00, 0x7F, 0xFF, 0xE0, 0x00,
    0x0B, 0xFF, 0xFF, 0xF4, 0x00, 0xBF, 0xFF, 0xFF, 0xF4, 0x03, 0xFF, 0xD5, 0xFF, 0xF0, 0x2F, 0xFC,
    0x00, 0xFF, 0xD0, 0xFF, 0xC0, 0x01, 0xFF, 0xC3, 0xFF, 0x00, 0x03, 0xFF, 0x1F, 0xFC, 0x00, 0x0F,
    0xFC, 0x7F, 0xE0, 0x00, 0x3F, 0xF1, 0xFF, 0x80, 0x00, 0xFF, 0xC7, 0xFF, 0x00, 0x03, 0xFF, 0x0F,
    0xFC, 0x00, 0x0F, 0xFC, 0x3F, 0xF4, 0x00, 0xBF, 0xE0, 0xBF, 0xF0, 0x03, 0xFF, 0x40, 0xFF, 0xFA,
    0xBF, 0xFC, 0x01, 0xFF, 0xFF, 0xFF, 0xC0, 0x01, 0xFF, 0xFF, 0xFC, 0x00, 0x00, 0xBF, 0xFF, 0x80,
    0x00, 0x00, 0x05, 0x40, 0x00, 0x00, 0x00, 0x00, 0x7F, 0xF0, 0x00, 0x00, 0x0F, 0xFD, 0x00, 0x00,
    0x00, 0xFF, 0x80, 0x00, 0x00, 0x1F, 0xF0, 0x00, 0x00, 0x02, 0xFC, 0x00, 0x00, 0x00, 0x3F, 0x40,
    0x00, 0x00, 0x00, 0x00, 0x00, 0x00, 0x00, 0x00, 0x00, 0x00, 0xBF, 0xD0, 0x02, 0xFF, 0x4B, 0xFD,
    0x00, 0x2F, 0xF8, 0xBF, 0xD0, 0x01, 0xFF, 0x8B, 0xFD, 0x00, 0x0F, 0xFC, 0xBF, 0xD0, 0x00, 0xFF,
    0xCB, 0xFD, 0x00, 0x0F, 0xFC, 0xBF, 0xD0, 0x00, 0xFF, 0xCB, 0xFD, 0x00, 0x0B, 0xFC, 0xBF, 0xD0,
    0x00, 0xBF, 0xCB, 0xFD, 0x00, 0x0F, 0xFC, 0x7F, 0xD0, 0x00, 0xFF, 0xC7, 0xFE, 0x00, 0x0F, 0xFC,
    0x7F, 0xE0, 0x01, 0xFF, 0x83, 0xFF, 0x40, 0x3F, 0xF4, 0x2F, 0xFF, 0xBF, 0xFF, 0x00, 0xFF, 0xFF,
    0xFF, 0xD0, 0x07, 0xFF, 0xFF, 0xF4, 0x00, 0x0B, 0xFF, 0xF8, 0x00, 0x00, 0x01, 0x40, 0x00, 0x00,
    0x00, 0x00, 0x00, 0x0F, 0xFC, 0x00, 0x00, 0x00, 0x00, 0x00, 0xBF, 0xE0, 0x00, 0x00, 0x00, 0x00,
    0x03, 0xFF, 0x00, 0x00, 0x00, 0x00, 0x00, 0x0F, 0xF0, 0x00, 0x00, 0x00, 0x00, 0x00, 0x7F, 0x40,
    0x00, 0x00, 0x00, 0x00, 0x02, 0xF8, 0x00, 0x00, 0x00, 0x00, 0x00, 0x00, 0x00, 0x00, 0x00, 0x00,
    0x00, 0x00, 0x00, 0x00, 0x00, 0x00, 0x02, 0xFF, 0x00, 0x00, 0x03, 0xFD, 0x00, 0x1F, 0xF0, 0x00,
    0x00, 0x07, 0xFC, 0x00, 0xFF, 0x80, 0x00, 0x00, 0x0F, 0xFC, 0x03, 0xFD, 0x00, 0x00, 0x00, 0x1F,
    0xF0, 0x2F, 0xF0, 0x00, 0x00, 0x00, 0x3F, 0xD0, 0xFF, 0x80, 0x05, 0x54, 0x00, 0xFF, 0x83, 0xFE,
    0x00, 0x3F, 0xE0, 0x02, 0xFF, 0x0F, 0xF4, 0x00, 0xFF, 0x80, 0x0B, 0xFC, 0x3F, 0xD0, 0x03, 0xFE,
    0x00, 0x2F, 0xF0, 0xFF, 0x40, 0x0F, 0xF8, 0x00, 0xBF, 0xC3, 0xFE, 0x00, 0x3F, 0xE0, 0x02, 0xFF,
    0x0F, 0xF8, 0x00, 0xFF, 0xC0, 0x0F, 0xFC, 0x3F, 0xF0, 0x03, 0xFF, 0x00, 0x3F, 0xE0, 0x7F, 0xE0,
    0x1F, 0xFD, 0x02, 0xFF, 0x40, 0xFF, 0xFA, 0xFF, 0xFE, 0xBF, 0xFC, 0x01, 0xFF, 0xFF, 0xF3, 0xFF,
    0xFF, 0xD0, 0x02, 0xFF, 0xFF, 0x47, 0xFF, 0xFE, 0x00, 0x01, 0xFF, 0xF4, 0x07, 0xFF, 0xD0, 0x00,
    0x00, 0x14, 0x00, 0x00, 0x50, 0x00, 0x00, 0x3F, 0xE0, 0x00, 0x0B, 0xFE, 0x3F, 0xF0, 0x00, 0x2F,
    0xFC, 0x3F, 0xF0, 0x00, 0x7F, 0xF0, 0x3F, 0xF0, 0x01, 0xFF, 0xD0, 0x3F, 0xF0, 0x03, 0xFF, 0x80,
    0x3F, 0xF0, 0x0F, 0xFF, 0x00, 0x3F, 0xF0, 0x2F, 0xFC, 0x00, 0x3F, 0xF0, 0x7F, 0xF4, 0x00, 0x3F,
    0xF0, 0xFF, 0xD0, 0x00, 0x3F, 0xF3, 0xFF, 0x80, 0x00, 0x3F, 0xFB, 0xFF, 0x00, 0x00, 0x3F, 0xFF,
    0xFF, 0x00, 0x00, 0x3F, 0xFF, 0xFF, 0xC0, 0x00, 0x3F, 0xFF, 0xFF, 0xD0, 0x00, 0x3F, 0xFD, 0xBF,
    0xF0, 0x00, 0x3F, 0xF0, 0x3F, 0xF8, 0x00, 0x3F, 0xF0, 0x1F, 0xFD, 0x00, 0x3F, 0xF0, 0x0F, 0xFF,
    0x00, 0x3F, 0xF0, 0x03, 0xFF, 0x80, 0x3F, 0xF0, 0x02, 0xFF, 0xC0, 0x3F, 0xF0, 0x00, 0xFF, 0xF0,
    0x3F, 0xF0, 0x00, 0x7F, 0xF4, 0x3F, 0xF0, 0x00, 0x2F, 0xFC, 0x3F, 0xF0, 0x00, 0x0F, 0xFE, 0x00,
    0x00, 0x00, 0x0F, 0xFF, 0x00, 0x00, 0x00, 0x1F, 0xFE, 0x10, 0x00, 0x00, 0xBF, 0xFC, 0x3F, 0x95,
    0x5B, 0xFF, 0xF8, 0x3F, 0xFF, 0xFF, 0xFF, 0xF0, 0x3F, 0xFF, 0xFF, 0xFF, 0x80, 0x2F, 0xFF, 0xFF,
    0xFD, 0x00, 0x01, 0xAF, 0xFF, 0x90, 0x00, 0x00, 0x00, 0x15, 0x40, 0x00, 0x00, 0x2F, 0xFF, 0xE0,
    0x00, 0x03, 0xFF, 0xFF, 0xF0, 0x00, 0x3F, 0xFE, 0xBF, 0xD0, 0x03, 0xFF, 0x40, 0x3F, 0x40, 0x2F,
    0xFC, 0x01, 0xFD, 0x00, 0xFF, 0xFF, 0xBF, 0xF0, 0x07, 0xFF, 0xFF, 0xFF, 0x40, 0x2F, 0xFB, 0xFF,
    0xF4, 0x00, 0xFF, 0xC0, 0x10, 0x00, 0x03, 0xFF, 0x00, 0x54, 0x00, 0x1F, 0xF8, 0x7F, 0xFF, 0x00,
    0x7F, 0xEB, 0xFF, 0xFF, 0x41, 0xFF, 0xFF, 0xFF, 0xFF, 0x47, 0xFF, 0xF5, 0x6F, 0xFF, 0x1F, 0xFE,
    0x00, 0x1F, 0xFC, 0x7F, 0xE0, 0x00, 0x3F, 0xF4, 0xFF, 0x80, 0x00, 0xBF, 0xD3, 0xFF, 0x00, 0x02,
    0xFF, 0x4F, 0xFC, 0x00, 0x0F, 0xFD, 0x2F, 0xF4, 0x00, 0x3F, 0xF0, 0x3F, 0xF0, 0x03, 0xFF, 0x80,
    0xFF, 0xFA, 0xBF, 0xFC, 0x00, 0xFF, 0xFF, 0xFF, 0xE0, 0x00, 0xFF, 0xFF, 0xFE, 0x00, 0x00, 0xBF,
    0xFF, 0x80, 0x00, 0x00, 0x05, 0x40, 0x00, 0x00, 0x00, 0x00, 0x15, 0x50, 0x00, 0x00, 0x00, 0x02,
    0xFF, 0xFF, 0x40, 0x00, 0x00, 0x0B, 0xFF, 0xFF, 0xE0, 0x00, 0x00, 0x1F, 0xFF, 0xFF, 0xF8, 0x00,
    0x00, 0x3F, 0xF9, 0x6F, 0xFD, 0x00, 0x00, 0x3F, 0xF0, 0x0B, 0xFF, 0x00, 0x00, 0x3F, 0xF0, 0x03,
    0xFF, 0x00, 0x00, 0x3F, 0xF0, 0x01, 0xFF, 0x80, 0x00, 0x2F, 0xFC, 0x00, 0xFF, 0xC0, 0x00, 0x0F,
    0xFF, 0x90, 0xFF, 0xC0, 0x00, 0x07, 0xFF, 0xFF, 0xFF, 0xFD, 0x00, 0x01, 0xFF, 0xFF, 0xFF, 0xFD,
    0x00, 0x50, 0x1F, 0xFF, 0xFF, 0xFD, 0x1F, 0xFE, 0x00, 0x5A, 0xFF, 0xE8, 0x3F, 0xFF, 0x40, 0x00,
    0xBF, 0xD0, 0x2F, 0xFF, 0x80, 0x00, 0xBF, 0xD0, 0x1A, 0xFF, 0x80, 0x00, 0xFF, 0xD0, 0x00, 0xFF,
    0x80, 0x00, 0xFF, 0xC0, 0x00, 0xFF, 0x80, 0x00, 0xFF, 0xC0, 0x00, 0xFF, 0x40, 0x01, 0xFF, 0xC0,
    0x00, 0xFF, 0x80, 0x03, 0xFF, 0x40, 0x00, 0xFF, 0xC0, 0x0B, 0xFF, 0x00, 0x00, 0xBF, 0xFA, 0xBF,
    0xFD, 0x00, 0x00, 0x7F, 0xFF, 0xFF, 0xF8, 0x00, 0x00, 0x2F, 0xFF, 0xFF, 0xE0, 0x00, 0x00, 0x07,
    0xFF, 0xFE, 0x00, 0x00, 0x00, 0x00, 0x05, 0x00, 0x00, 0x00, 0xBF, 0xE0, 0x00, 0x00, 0xBF, 0xC7,
    0xFF, 0x00, 0x00, 0x3F, 0xFC, 0x3F, 0xF8, 0x00, 0x0B, 0xFF, 0xC0, 0xFF, 0xC0, 0x00, 0xFF, 0xFC,
    0x0B, 0xFE, 0x00, 0x2F, 0xF8, 0x00, 0x3F, 0xF0, 0x03, 0xFF, 0x00, 0x02, 0xFF, 0x80, 0xBF, 0xD0,
    0x00, 0x0F, 0xFC, 0x0F, 0xFC, 0x00, 0x00, 0xBF, 0xE2, 0xFF, 0x40, 0x00, 0x03, 0xFF, 0x7F, 0xF0,
    0x00, 0x00, 0x1F, 0xFF, 0xFD, 0x00, 0x00, 0x00, 0xFF, 0xFF, 0x80, 0x00, 0x00, 0x07, 0xFF, 0xF0,
    0x00, 0x00, 0x00, 0x3F, 0xFE, 0x00, 0x00, 0x00, 0x01, 0xFF, 0xC0, 0x00, 0x00, 0x00, 0x0F, 0xFC,
    0x00, 0x00, 0x00, 0x00, 0xFF, 0xC0, 0x00, 0x00, 0x00, 0x0F, 0xFC, 0x00, 0x00, 0x00, 0x00, 0xFF,
    0xC0, 0x00, 0x00, 0x00, 0x0F, 0xFC, 0x00, 0x00, 0x00, 0x00, 0xFF, 0xC0, 0x00, 0x00, 0x00, 0x0F,
    0xFC, 0x00, 0x00, 0x00, 0x00, 0xFF, 0xC0, 0x00, 0x00, 0x00, 0x0F, 0xFC, 0x00, 0x00, 0x0F, 0xFC,
    0x2F, 0xF8, 0x00, 0x00, 0x2F, 0xF0, 0xBF, 0xE0, 0x7F, 0xF0, 0x00, 0x03, 0xFF, 0xC3, 0xFF, 0x00,
    0xFF, 0xE0, 0x00, 0x2F, 0xFF, 0x0F, 0xF0, 0x00, 0xFF, 0xC0, 0x00, 0xFF, 0xFC, 0x7F, 0x40, 0x02,
    0xFF, 0x80, 0x0B, 0xFE, 0x02, 0xF8, 0x00, 0x03, 0xFF, 0x00, 0x3F, 0xF0, 0x00, 0x00, 0x00, 0x0B,
    0xFE, 0x02, 0xFF, 0x40, 0x00, 0x00, 0x00, 0x0F, 0xFC, 0x0F, 0xFC, 0x00, 0x00, 0x00, 0x00, 0x2F,
    0xF8, 0xBF, 0xD0, 0x00, 0x00, 0x00, 0x00, 0x3F, 0xF7, 0xFF, 0x00, 0x00, 0x00, 0x00, 0x00, 0x7F,
    0xFF, 0xF4, 0x00, 0x00, 0x00, 0x00, 0x00, 0xFF, 0xFF, 0x80, 0x00, 0x00, 0x00, 0x00, 0x01, 0xFF,
    0xFC, 0x00, 0x00, 0x00, 0x00, 0x00, 0x03, 0xFF, 0xE0, 0x00, 0x00, 0x00, 0x00, 0x00, 0x07, 0xFF,
    0x00, 0x00, 0x00, 0x00, 0x00, 0x00, 0x0F, 0xFC, 0x00, 0x00, 0x00, 0x00, 0x00, 0x00, 0x3F, 0xF0,
    0x00, 0x00, 0x00, 0x00, 0x00, 0x00, 0xFF, 0xC0, 0x00, 0x00, 0x00, 0x00, 0x00, 0x03, 0xFF, 0x00,
    0x00, 0x00, 0x00, 0x00, 0x00, 0x0F, 0xFC, 0x00, 0x00, 0x00, 0x00, 0x00, 0x00, 0x3F, 0xF0, 0x00,
    0x00, 0x00, 0x00, 0x00, 0x00, 0xFF, 0xC0, 0x00, 0x00, 0x00, 0x00, 0x00, 0x03, 0xFF, 0x00, 0x00,
    0x00, 0x00, 0x00, 0x00, 0x0F, 0xFC, 0x00, 0x00, 0x00, 0x00, 0x00, 0x00, 0x00, 0x00, 0x02, 0xF8,
    0x07, 0xE0, 0x00, 0x00, 0x3F, 0xC0, 0xFF, 0x40, 0x00, 0x07, 0xFC, 0x0F, 0xF4, 0x00, 0x00, 0x3F,
    0xC0, 0xBF, 0x00, 0x00, 0x00, 0x00, 0x00, 0x40, 0x00, 0x00, 0x00, 0x00, 0x00, 0x00, 0x00, 0x00,
    0x00, 0x00, 0x00, 0x00, 0xBF, 0xE0, 0x00, 0x00, 0xBF, 0xC7, 0xFF, 0x00, 0x00, 0x3F, 0xFC, 0x3F,
    0xF8, 0x00, 0x0B, 0xFF, 0xC0, 0xFF, 0xC0, 0x00, 0xFF, 0xFC, 0x0B, 0xFE, 0x00, 0x2F, 0xF8, 0x00,
    0x3F, 0xF0, 0x03, 0xFF, 0x00, 0x02, 0xFF, 0x80, 0xBF, 0xD0, 0x00, 0x0F, 0xFC, 0x0F, 0xFC, 0x00,
    0x00, 0xBF, 0xE2, 0xFF, 0x40, 0x00, 0x03, 0xFF, 0x7F, 0xF0, 0x00, 0x00, 0x1F, 0xFF, 0xFD, 0x00,
    0x00, 0x00, 0xFF, 0xFF, 0x80, 0x00, 0x00, 0x07, 0xFF, 0xF0, 0x00, 0x00, 0x00, 0x3F, 0xFE, 0x00,
    0x00, 0x00, 0x01, 0xFF, 0xC0, 0x00, 0x00, 0x00, 0x0F, 0xFC, 0x00, 0x00, 0x00, 0x00, 0xFF, 0xC0,
    0x00, 0x00, 0x00, 0x0F, 0xFC, 0x00, 0x00, 0x00, 0x00, 0xFF, 0xC0, 0x00, 0x00, 0x00, 0x0F, 0xFC,
    0x00, 0x00, 0x00, 0x00, 0xFF, 0xC0, 0x00, 0x00, 0x00, 0x0F, 0xFC, 0x00, 0x00, 0x00, 0x00, 0xFF,
    0xC0, 0x00, 0x00, 0x00, 0x0F, 0xFC, 0x00, 0x00, 0x00, 0x00, 0x01, 0x54, 0x00, 0x00, 0x00, 0x00,
    0x02, 0xFF, 0x00, 0x00, 0x00, 0x00, 0x00, 0xBF, 0xC0, 0x00, 0x00, 0x00, 0x00, 0x2F, 0xF0, 0x00,
    0x00, 0x00, 0x00, 0x0B, 0xFC, 0x00, 0x00, 0x00, 0x00, 0x02, 0xFF, 0x00, 0x00, 0x00, 0x00, 0x00,
    0xBF, 0xC0, 0x00, 0x00, 0x00, 0x00, 0x3F, 0xF0, 0x00, 0x00, 0x00, 0x0B, 0xFF, 0xFF, 0xF8, 0x00,
    0x00, 0x2F, 0xFF, 0xFF, 0xFF, 0xE0, 0x00, 0x3F, 0xFF, 0xFF, 0xFF, 0xFF, 0x00, 0x3F, 0xFF, 0x7F,
    0xF7, 0xFF, 0xF0, 0x2F, 0xFD, 0x0B, 0xFC, 0x1F, 0xFE, 0x0F, 0xFE, 0x02, 0xFF, 0x01, 0xFF, 0xC3,
    0xFF, 0x00, 0xBF, 0xC0, 0x3F, 0xF5, 0xFF, 0x80, 0x2F, 0xF0, 0x0B, 0xFE, 0x7F, 0xE0, 0x0B, 0xFC,
    0x01, 0xFF, 0x9F, 0xF8, 0x02, 0xFF, 0x00, 0xBF, 0xE7, 0xFF, 0x00, 0xBF, 0xC0, 0x2F, 0xF8, 0xFF,
    0xC0, 0x2F, 0xF0, 0x0F, 0xFD, 0x3F, 0xF8, 0x0B, 0xFC, 0x07, 0xFF, 0x07, 0xFF, 0x82, 0xFF, 0x07,
    0xFF, 0x80, 0xBF, 0xFE, 0xFF, 0xEF, 0xFF, 0xC0, 0x0B, 0xFF, 0xFF, 0xFF, 0xFF, 0xC0, 0x00, 0x7F,
    0xFF, 0xFF, 0xFF, 0x80, 0x00, 0x01, 0xBF, 0xFF, 0xF9, 0x00, 0x00, 0x00, 0x00, 0xBF, 0xC0, 0x00,
    0x00, 0x00, 0x00, 0x2F, 0xF0, 0x00, 0x00, 0x00, 0x00, 0x0B, 0xFC, 0x00, 0x00, 0x00, 0x00, 0x02,
    0xFF, 0x00, 0x00, 0x00, 0x00, 0x00, 0xBF, 0xC0, 0x00, 0x00, 0x00, 0x00, 0x2F, 0xF0, 0x00, 0x00,
    0x00, 0x00, 0x0B, 0xFC, 0x00, 0x00, 0x00, 0x00, 0x02, 0xFF, 0x00, 0x00, 0x00, 0x00, 0x00, 0x00,
    0x00, 0x00, 0x00, 0x00, 0x00, 0xFF, 0xFF, 0xFF, 0xFF, 0xFF, 0xFF, 0xFF, 0xFE, 0xFF, 0xFF, 0xFF,
    0xFF, 0xFF, 0xFF, 0xFF, 0xFE, 0xFF, 0xFF, 0xFF, 0xFF, 0xFF, 0xFF, 0xFF, 0xFE, 0xAA, 0xFF, 0xEA,
    0xAA, 0xAA, 0xAB, 0xFF, 0xA9, 0x00, 0xFF, 0x40, 0x00, 0x00, 0x02, 0xFF, 0x00, 0x01, 0xFF, 0x00,
    0x00, 0x00, 0x01, 0xFF, 0x00, 0x02, 0xFF, 0x00, 0x1A, 0xA0, 0x00, 0xFF, 0x40, 0x02, 0xFF, 0x00,
    0x1F, 0xF0, 0x00, 0xFF, 0x40, 0x02, 0xFF, 0x00, 0x1F, 0xF0, 0x00, 0xFF, 0x40, 0x02, 0xFF, 0x00,
    0x1F, 0xF0, 0x00, 0xFF, 0x40, 0x02, 0xFF, 0x00, 0x1F, 0xF0, 0x00, 0xFF, 0x40, 0x02, 0xFF, 0x00,
    0x1F, 0xF0, 0x01, 0xFF, 0x40, 0x01, 0xFF, 0x40, 0x2F, 0xF4, 0x02, 0xFF, 0x00, 0x00, 0xFF, 0xC0,
    0x3F, 0xFC, 0x03, 0xFF, 0x00, 0x00, 0xBF, 0xFA, 0xFF, 0xFF, 0xAF, 0xFD, 0x00, 0x00, 0x3F, 0xFF,
    0xFD, 0xBF, 0xFF, 0xFC, 0x00, 0x00, 0x1F, 0xFF, 0xFC, 0x3F, 0xFF, 0xF0, 0x00, 0x00, 0x02, 0xFF,
    0xE0, 0x0F, 0xFF, 0x80, 0x00, 0x00, 0x00, 0x15, 0x00, 0x00, 0x50, 0x00, 0x00, 0x00, 0x00, 0x00,
    0x00, 0x01, 0xFF, 0x80, 0x02, 0xFF, 0x87, 0xFE, 0x00, 0x2F, 0xF8, 0x1F, 0xF8, 0x01, 0xFF, 0xC0,
    0x7F, 0xE0, 0x1F, 0xFC, 0x01, 0xFF, 0x80, 0xFF, 0xC0, 0x07, 0xFE, 0x0F, 0xFD, 0x00, 0x1F, 0xF8,
    0xFF, 0xD0, 0x00, 0x7F, 0xEB, 0xFE, 0x00, 0x01, 0xFF, 0xFF, 0xF4, 0x00, 0x07, 0xFF, 0xFF, 0xF0,
    0x00, 0x1F, 0xFF, 0xFF, 0xF0, 0x00, 0x7F, 0xFD, 0xFF, 0xE0, 0x01, 0xFF, 0x80, 0xFF, 0xD0, 0x07,
    0xFE, 0x01, 0xFF, 0xC0, 0x1F, 0xF8, 0x02, 0xFF, 0xC0, 0x7F, 0xE0, 0x03, 0xFF, 0xC1, 0xFF, 0x80,
    0x03, 0xFF, 0x87, 0xFE, 0x00, 0x07, 0xFF, 0x40, 0x00, 0x00, 0x0F, 0xFE, 0x00, 0x00, 0x00, 0xBF,
    0xF4, 0xE4, 0x00, 0x1F, 0xFF, 0x83, 0xFF, 0xFF, 0xFF, 0xF8, 0x0F, 0xFF, 0xFF, 0xFF, 0x80, 0x1F,
    0xFF, 0xFF, 0xE0, 0x00, 0x01, 0x5A, 0x50, 0x00, 0x00, 0x00, 0x00, 0x00, 0x00, 0x00, 0x00, 0x00,
    0x02, 0xFF, 0xFF, 0x90, 0x00, 0x00, 0x2F, 0xFF, 0xFF, 0xFD, 0x00, 0x01, 0xFF, 0xFF, 0xFF, 0xFF,
    0x80, 0x03, 0xFF, 0xFF, 0xFF, 0xFF, 0xE0, 0x0F, 0xFF, 0xD0, 0x06, 0xFF, 0xF0, 0x1F, 0xFE, 0x00,
    0x00, 0x7F, 0xF8, 0x2F, 0xFC, 0x00, 0x00, 0x2F, 0xFC, 0x3F, 0xF8, 0x00, 0x00, 0x0F, 0xFD, 0x3F,
    0xF4, 0x00, 0x00, 0x0F, 0xFD, 0x3F, 0xF0, 0x00, 0x00, 0x0F, 0xFD, 0x3F, 0xF0, 0x00, 0x00, 0x0F,
    0xFD, 0x3F, 0xF4, 0x00, 0x00, 0x0F, 0xFD, 0x3F, 0xF8, 0x00, 0x00, 0x1F, 0xFC, 0x2F, 0xFD, 0x00,
    0x00, 0x3F, 0xFC, 0x0F, 0xFF, 0x40, 0x00, 0xFF, 0xF4, 0x0B, 0xFF, 0xFA, 0xAF, 0xFF, 0xF0, 0x03,
    0xFF, 0xFF, 0xFF, 0xFF, 0xC0, 0x00, 0xBF, 0xFF, 0xFF, 0xFF, 0x00, 0x00, 0x1F, 0xFF, 0xFF, 0xF4,
    0x00, 0x00, 0x00, 0x6F, 0xFD, 0x00, 0x00, 0x00, 0x00, 0x1F, 0xF8, 0x00, 0x00, 0x00, 0x00, 0x1F,
    0xF8, 0x00, 0x00, 0x00, 0x00, 0x1F, 0xF8, 0x00, 0x00, 0x00, 0x00, 0x1F, 0xF8, 0x00, 0x00, 0x00,
    0x01, 0x65, 0x00, 0x00, 0x01, 0xFF, 0xFF, 0x80, 0x00, 0x2F, 0xFF, 0xFF, 0xD0, 0x02, 0xFF, 0xFF,
    0xFF, 0xD0, 0x0F, 0xFF, 0x57, 0xFF, 0xC0, 0xBF, 0xE0, 0x03, 0xFF, 0x43, 0xFF, 0x00, 0x07, 0xFF,
    0x0F, 0xFC, 0x00, 0x0F, 0xFC, 0x7F, 0xF0, 0x00, 0x3F, 0xF1, 0xFF, 0x80, 0x00, 0xFF, 0xC7, 0xFE,
    0x00, 0x03, 0xFF, 0x1F, 0xFC, 0x00, 0x0F, 0xFC, 0x3F, 0xF0, 0x00, 0x3F, 0xF0, 0xFF, 0xD0, 0x01,
    0xFF, 0x82, 0xFF, 0xC0, 0x0F, 0xFD, 0x03, 0xFF, 0xEA, 0xFF, 0xF0, 0x07, 0xFF, 0xFF, 0xFF, 0x00,
    0x07, 0xFF, 0xFF, 0xF0, 0x00, 0x02, 0xFF, 0xFD, 0x00, 0x00, 0x00, 0xFF, 0xC0, 0x00, 0x00, 0x03,
    0xFF, 0x00, 0x00, 0x00, 0x0F, 0xFC, 0x00, 0x00, 0x00, 0x3F, 0xF0, 0x00, 0x00, 0x00, 0xFF, 0xC0,
    0x00, 0x00, 0x03, 0xFF, 0x00, 0x00, 0x00, 0x0F, 0xFC, 0x00, 0x00, 0x00, 0x3F, 0xF0, 0x00, 0x00,
    0x00, 0x00, 0x00, 0x00, 0x00, 0x00, 0x01, 0xBF, 0xFF, 0x90, 0x00, 0x2F, 0xFF, 0xFF, 0xFC, 0x00,
    0xFF, 0xFF, 0xFF, 0xFC, 0x03, 0xFF, 0xFF, 0xFF, 0xF8, 0x0F, 0xFF, 0xE4, 0x06, 0xF0, 0x1F, 0xFE,
    0x00, 0x00, 0x10, 0x2F, 0xFC, 0x00, 0x00, 0x00, 0x3F, 0xF4, 0x00, 0x00, 0x00, 0x3F, 0xF0, 0x00,
    0x00, 0x00, 0x3F, 0xF0, 0x00, 0x00, 0x00, 0x3F, 0xF0, 0x00, 0x00, 0x00, 0x3F, 0xF4, 0x00, 0x00,
    0x00, 0x3F, 0xF8, 0x00, 0x00, 0x00, 0x2F, 0xFD, 0x00, 0x00, 0x00, 0x0F, 0xFF, 0x40, 0x00, 0x00,
    0x0B, 0xFF, 0xFA, 0xA0, 0x00, 0x02, 0xFF, 0xFF, 0xF4, 0x00, 0x00, 0xBF, 0xFF, 0xF4, 0x00, 0x00,
    0x0B, 0xFF, 0xF4, 0x00, 0x00, 0x00, 0x7F, 0xF4, 0x00, 0x00, 0x00, 0x2F, 0xF4, 0x00, 0x00, 0x00,
    0x2F, 0xF4, 0x00, 0x00, 0x00, 0x2F, 0xF4, 0x00, 0x00, 0x00, 0x2F, 0xF4, 0x00, 0x00, 0x01, 0x65,
    0x00, 0x00, 0x7F, 0xFF, 0xF8, 0x02, 0xFF, 0xFF, 0xFC, 0x0B, 0xFF, 0xFF, 0xF4, 0x0F, 0xFF, 0x9B,
    0xF0, 0x2F, 0xFC, 0x00, 0x10, 0x3F, 0xF0, 0x00, 0x00, 0x7F, 0xF0, 0x00, 0x00, 0x7F, 0xE0, 0x00,
    0x00, 0x7F, 0xE0, 0x00, 0x00, 0x7F, 0xE0, 0x00, 0x00, 0x7F, 0xE0, 0x00, 0x00, 0x7F, 0xF0, 0x00,
    0x00, 0x3F, 0xF8, 0x00, 0x00, 0x2F, 0xFE, 0x00, 0x00, 0x0F, 0xFF, 0xF9, 0x00, 0x07, 0xFF, 0xFF,
    0xC0, 0x00, 0xFF, 0xFF, 0xF0, 0x00, 0x1B, 0xFF, 0xF8, 0x00, 0x00, 0x7F, 0xFC, 0x00, 0x00, 0x0F,
    0xFC, 0x00, 0x00, 0x0F, 0xFC, 0x00, 0xFF, 0xFF, 0xF8, 0x00, 0xFF, 0xFF, 0xF0, 0x00, 0xFF, 0xFF,
    0xC0, 0x00, 0xAF, 0xE8, 0x00, 0xFF, 0xFF, 0xFF, 0xEF, 0xFF, 0xFF, 0xFF, 0xFF, 0xFF, 0xFF, 0xFF,
    0xFF, 0xFF, 0xFF, 0xFF, 0xD5, 0x55, 0x5F, 0xFC, 0x00, 0x00, 0xFF, 0xC0, 0x00, 0x0F, 0xFC, 0x00,
    0x00, 0xFF, 0xC0, 0x00, 0x0F, 0xFC, 0x00, 0x00, 0xFF, 0xEA, 0xAA, 0x8F, 0xFF, 0xFF, 0xFC, 0xFF,
    0xFF, 0xFF, 0xCF, 0xFF, 0xFF, 0xFC, 0xFF, 0xEA, 0xBF, 0xCF, 0xFC, 0x03, 0xFC, 0xFF, 0xC0, 0x3F,
    0xCF, 0xFC, 0x03, 0xFC, 0xFF, 0xC0, 0x2A, 0x8F, 0xFC, 0x00, 0x00, 0xFF, 0xC0, 0x00, 0x0F, 0xFC,
    0x00, 0x00, 0xFF, 0xC0, 0x00, 0x0F, 0xFC, 0x00, 0x00, 0x00, 0x00, 0x00, 0x0F, 0xFF, 0xFF, 0xFE,
    0xFF, 0xFF, 0xFF, 0xEF, 0xFF, 0xFF, 0xFE, 0xFF, 0xFF, 0xFF, 0xEF, 0xFC, 0x00, 0x00, 0xFF, 0xC0,
    0x00, 0x0F, 0xFC, 0x00, 0x00, 0xFF, 0xC0, 0x00, 0x0F, 0xFC, 0x00, 0x00, 0xFF, 0xFF, 0xFF, 0x8F,
    0xFF, 0xFF, 0xFC, 0xFF, 0xFF, 0xFF, 0xCF, 0xFF, 0xFF, 0xFC, 0xFF, 0xD5, 0x7F, 0xCF, 0xFC, 0x03,
    0xFC, 0xFF, 0xC0, 0x3F, 0xCF, 0xFC, 0x03, 0xFC, 0xFF, 0xC0, 0x00, 0x0F, 0xFC, 0x00, 0x00, 0xFF,
    0xC0, 0x00, 0x0F, 0xFC, 0x00, 0x00, 0xFF, 0xC0, 0x00, 0x0F, 0xFC, 0x00, 0x00, 0xFF, 0xC0, 0x00,
    0x0F, 0xFC, 0x00, 0x00, 0xFF, 0xC0, 0x00, 0x00, 0x00, 0x00, 0x00, 0x00, 0x03, 0xFF, 0x80, 0x00,
    0x00, 0x3F, 0xFF, 0x00, 0x00, 0x02, 0xFF, 0xF8, 0x00, 0x00, 0x1A, 0xFF, 0xC0, 0x00, 0x00, 0x0B,
    0xFC, 0x00, 0x00, 0x00, 0xFF, 0xC0, 0x00, 0x00, 0x0F, 0xF8, 0x00, 0x00, 0x01, 0xFF, 0x40, 0x00,
    0x00, 0x2F, 0xF0, 0x00, 0x00, 0x03, 0xFF, 0x55, 0x55, 0x40, 0x7F, 0xFF, 0xFF, 0xF8, 0x0B, 0xFF,
    0xFF, 0xFF, 0x40, 0xFF, 0xFF, 0xFF, 0xF0, 0x0A, 0xAA, 0xAB, 0xFF, 0x00, 0x00, 0x00, 0x3F, 0xE0,
    0x00, 0x00, 0x0B, 0xFC, 0x00, 0x00, 0x00, 0xFF, 0xC0, 0x00, 0x00, 0x0F, 0xF8, 0x00, 0x00, 0x01,
    0xFF, 0x40, 0x00, 0x00, 0x1F, 0xF0, 0x00, 0x00, 0x02, 0xFF, 0x94, 0x00, 0x00, 0x1F, 0xFF, 0xC0,
    0x00, 0x00, 0xFF, 0xFC, 0x00, 0x00, 0x02, 0xFF, 0xC0, 0x00, 0x00, 0x01, 0x40, 0x06, 0x90, 0x00,
    0x00, 0x3F, 0xFE, 0x00, 0x00, 0x2F, 0xFF, 0x80, 0x00, 0x1F, 0xFF, 0xC0, 0x00, 0x00, 0xBF, 0xC0,
    0x00, 0x00, 0x7F, 0xC0, 0x00, 0x00, 0xBF, 0xC0, 0x00, 0x00, 0xFF, 0x80, 0x00, 0x01, 0xFF, 0x00,
    0x00, 0x02, 0xFF, 0x00, 0x00, 0x03, 0xFD, 0x00, 0x00, 0x0B, 0xFC, 0x00, 0x00, 0x0F, 0xF8, 0x00,
    0x00, 0x1F, 0xF4, 0x01, 0x6F, 0x2F, 0xF5, 0xBF, 0xFF, 0x3F, 0xFF, 0xFF, 0xFF, 0x7F, 0xFF, 0xFF,
    0xFE, 0xBF, 0xFF, 0xFF, 0xFC, 0xBF, 0xF9, 0x0F, 0xFC, 0x64, 0x00, 0x0F, 0xF4, 0x00, 0x00, 0x2F,
    0xF0, 0x00, 0x00, 0x3F, 0xE0, 0x00, 0x00, 0x7F, 0xD0, 0x00, 0x00, 0xBF, 0xC0, 0x00, 0x00, 0xFF,
    0x80, 0x00, 0x01, 0xFF, 0x00, 0x00, 0x02, 0xFF, 0x00, 0x00, 0x03, 0xFE, 0x00, 0x00, 0x07, 0xFD,
    0x00, 0x00, 0x07, 0xFE, 0x00, 0x00, 0x07, 0xFF, 0xA8, 0x00, 0x03, 0xFF, 0xFC, 0x00, 0x02, 0xFF,
    0xFC, 0x00, 0x00, 0x6F, 0xF8, 0x00, 0x00, 0x00, 0x00, 0x00, 0x0B, 0xFF, 0xF9, 0x00, 0x02, 0xFF,
    0xFF, 0xFE, 0x00, 0x0F, 0xFF, 0xFF, 0xFF, 0x00, 0x2F, 0xFF, 0xFF, 0xFF, 0x00, 0x3D, 0x00, 0x7F,
    0xFE, 0x00, 0x00, 0x01, 0xFF, 0xFC, 0x00, 0x00, 0x7F, 0xFF, 0xF8, 0x00, 0x0B, 0xFF, 0xBF, 0xF0,
    0x01, 0xFF, 0xD0, 0xFF, 0xC0, 0x03, 0xF8, 0x02, 0xFF, 0x40, 0x06, 0x00, 0x0F, 0xFE, 0x00, 0x00,
    0x02, 0xFF, 0xF8, 0x00, 0x00, 0xBF, 0xFF, 0xF0, 0x00, 0x1F, 0xFE, 0xFF, 0xC0, 0x00, 0x3F, 0x83,
    0xFF, 0x00, 0x00, 0xB4, 0x1F, 0xF8, 0x00, 0x00, 0x00, 0x7F, 0xE0, 0x00, 0x00, 0x01, 0xFF, 0x40,
    0x00, 0x00, 0x0B, 0xFD, 0x00, 0x00, 0x00, 0x3F, 0xF0, 0x00, 0x00, 0x00, 0xFF, 0xC0, 0x00, 0x00,
    0x07, 0xFE, 0x00, 0x00, 0x00, 0x3F, 0xF4, 0x00, 0x00, 0x00, 0xFF, 0xC0, 0x04, 0x00, 0x00, 0x00,
    0x00, 0x2F, 0xD0, 0x00, 0x00, 0x00, 0x3F, 0xFE, 0x00, 0x00, 0x00, 0x3F, 0xFF, 0xE0, 0x00, 0x00,
    0x3F, 0xFF, 0xFD, 0x00, 0x00, 0x01, 0xFF, 0xFF, 0x40, 0x00, 0x00, 0x1F, 0xFF, 0xD0, 0x00, 0x00,
    0x01, 0xFF, 0xF4, 0x00, 0x00, 0x00, 0x7F, 0xFC, 0x00, 0x00, 0x00, 0x0F, 0xFF, 0x00, 0x00, 0x00,
    0x1F, 0xFF, 0x40, 0x00, 0x07, 0xFF, 0xFF, 0xC0, 0x00, 0x3F, 0xFF, 0xFF, 0xD0, 0x00, 0x1F, 0xE4,
    0x7F, 0xF0, 0x00, 0x09, 0x00, 0x3F, 0xF0, 0x00, 0x00, 0x00, 0x2F, 0xF8, 0x00, 0x00, 0x00, 0x2F,
    0xF8, 0x00, 0x00, 0x1B, 0xFF, 0xFC, 0x00, 0x02, 0xFF, 0xFF, 0xFC, 0x00, 0x02, 0xFF, 0xDF, 0xFC,
    0x00, 0x01, 0xF4, 0x0F, 0xFD, 0x00, 0x00, 0x00, 0x0B, 0xFD, 0x00, 0x00, 0x00, 0x0B, 0xFD, 0x00,
    0x00, 0x00, 0x0B, 0xFD, 0x00, 0x00, 0x00, 0x0F, 0xFC, 0x00, 0x00, 0x00, 0x0F, 0xFC, 0x00, 0x00,
    0x00, 0x0F, 0xFC, 0x00, 0x00, 0x00, 0x0F, 0xFC, 0x00, 0x00, 0x00, 0x1F, 0xF8, 0x00, 0x00, 0x00,
    0x2F, 0xF4, 0x00, 0x00, 0x00, 0x3F, 0xF0, 0x00, 0x00, 0x00, 0x7F, 0xE0, 0x00, 0x00, 0x00, 0xFF,
    0xD0, 0x00, 0x00, 0x00, 0xFF, 0xC0, 0x00, 0x00, 0x00, 0x00, 0x00, 0x0B, 0xFF, 0x40, 0x00, 0x0F,
    0xF8, 0xBF, 0xFD, 0x00, 0x03, 0xFF, 0x07, 0xFF, 0xF0, 0x00, 0xBF, 0xE0, 0x27, 0xFF, 0x40, 0x1F,
    0xFD, 0x00, 0x0F, 0xF8, 0x07, 0xFF, 0xC0, 0x00, 0xBF, 0xC0, 0xFF, 0xF8, 0x00, 0x0B, 0xFC, 0x3F,
    0xFF, 0x40, 0x00, 0x7F, 0xCF, 0xFF, 0xF0, 0x00, 0x0B, 0xFA, 0xFF, 0xFF, 0x00, 0x00, 0xBF, 0xFF,
    0xDF, 0xF0, 0x00, 0x0B, 0xFF, 0xF5, 0xFE, 0x00, 0x00, 0xFF, 0xFD, 0x2F, 0xF0, 0x00, 0x0F, 0xFF,
    0x82, 0xFF, 0x00, 0x01, 0xFF, 0xF0, 0x1F, 0xF0, 0x00, 0x2F, 0xFC, 0x00, 0xFF, 0xD5, 0x03, 0xFF,
    0x40, 0x0F, 0xFF, 0xF0, 0x7F, 0xD0, 0x00, 0x3F, 0xFF, 0x0F, 0xF8, 0x00, 0x00, 0xBF, 0xF0, 0x00,
    0x00, 0x00, 0x00, 0x50, 0x00, 0x05, 0x94, 0x00, 0x00, 0x0B, 0xFF, 0xF8, 0x00, 0x07, 0xFF, 0xFF,
    0xF4, 0x00, 0xFF, 0xFF, 0xFF, 0xD0, 0x3F, 0xFE, 0x6F, 0xFF, 0x03, 0xFF, 0x00, 0x3F, 0xF4, 0xBF,
    0xE0, 0x02, 0xFF, 0x8B, 0xFD, 0x00, 0x0F, 0xFC, 0xFF, 0xC0, 0x00, 0xFF, 0xCF, 0xFC, 0x00, 0x0F,
    0xFC, 0xFF, 0xC0, 0x00, 0xFF, 0xCF, 0xFC, 0x00, 0x0F, 0xFC, 0xFF, 0xC0, 0x01, 0xFF, 0xCF, 0xFD,
    0x00, 0x3F, 0xF8, 0xFF, 0xFD, 0x5F, 0xFF, 0x0F, 0xFF, 0xFF, 0xFF, 0xE0, 0xFF, 0xFF, 0xFF, 0xFC,
    0x0F, 0xFE, 0xFF, 0xFE, 0x00, 0xFF, 0xC1, 0xA9, 0x00, 0x0B, 0xFD, 0x00, 0x00, 0x00, 0x7F, 0xF9,
    0x00, 0x00, 0x03, 0xFF, 0xFF, 0xF8, 0x00, 0x1F, 0xFF, 0xFF, 0xF4, 0x00, 0x7F, 0xFF, 0xFF, 0xC0,
    0x00, 0x6B, 0xFF, 0xFC, 0x00, 0x00, 0x00, 0xFF, 0xC0, 0x00, 0x00, 0x0F, 0xFC, 0x00, 0x00, 0x01,
    0x69, 0x00, 0x00, 0x6F, 0xFF, 0xF8, 0x02, 0xFF, 0xFF, 0xFC, 0x0B, 0xFF, 0xFF, 0xF8, 0x0F, 0xFF,
    0xAA, 0xF0, 0x2F, 0xFC, 0x00, 0x10, 0x3F, 0xF4, 0x00, 0x00, 0x3F, 0xF0, 0x00, 0x00, 0x7F, 0xF0,
    0x00, 0x00, 0x7F, 0xE0, 0x00, 0x00, 0x7F, 0xE0, 0x00, 0x00, 0x7F, 0xF0, 0x00, 0x00, 0x3F, 0xF0,
    0x00, 0x00, 0x3F, 0xF4, 0x00, 0x00, 0x2F, 0xFD, 0x00, 0x28, 0x0F, 0xFF, 0xEF, 0xFC, 0x0B, 0xFF,
    0xFF, 0xFC, 0x02, 0xFF, 0xFF, 0xFC, 0x00, 0x2F, 0xFF, 0xE0, 0x00, 0x00, 0x54, 0x00, 0x00, 0x05,
    0x00, 0x07, 0xFD, 0x00, 0xBF, 0xE0, 0x0B, 0xFE, 0x00, 0x7F, 0xD0, 0x00, 0x50, 0x00, 0x00, 0x00,
    0x00, 0x00, 0x00, 0xBF, 0xD0, 0x0B, 0xFD, 0x00, 0xBF, 0xD0, 0x0B, 0xFD, 0x00, 0xBF, 0xD0, 0x0B,
    0xFD, 0x00, 0xBF, 0xD0, 0x0B, 0xFD, 0x00, 0xBF, 0xD0, 0x0B, 0xFD, 0x00, 0xBF, 0xD0, 0x0B, 0xFD,
    0x00, 0xBF, 0xD0, 0x0B, 0xFD, 0x00, 0xBF, 0xD0, 0x0B, 0xFD, 0x00, 0xBF, 0xD0, 0x0B, 0xFD, 0x00,
    0xBF, 0xD0, 0x0B, 0xFD, 0x00, 0xBF, 0xD0, 0x1F, 0xFD, 0xFF, 0xFF, 0xCF, 0xFF, 0xF8, 0xFF, 0xFE,
    0x0B, 0xFE, 0x40, 0x00, 0x00, 0x00, 0x00, 0x00, 0x00, 0x00, 0x01, 0xBF, 0xFF, 0x80, 0x00, 0x00,
    0x1F, 0xFF, 0xFF, 0xF8, 0x00, 0x00, 0xBF, 0xFF, 0xFF, 0xFF, 0x00, 0x02, 0xFF, 0xFF, 0xFF, 0xFF,
    0xC0, 0x07, 0xFF, 0xD0, 0x02, 0xFF, 0xE0, 0x0F, 0xFE, 0x00, 0x00, 0x7F, 0xF0, 0x1F, 0xFC, 0x00,
    0x00, 0x2F, 0xF8, 0x2F, 0xF4, 0x00, 0x00, 0x0F, 0xFC, 0x3F, 0xF0, 0x00, 0x00, 0x0F, 0xFC, 0x3F,
    0xF0, 0x00, 0x00, 0x0B, 0xFD, 0x3F, 0xFF, 0xFF, 0xFF, 0xFF, 0xFD, 0x3F, 0xFF, 0xFF, 0xFF, 0xFF,
    0xFD, 0x3F, 0xFF, 0xFF, 0xFF, 0xFF, 0xFD, 0x3F, 0xFF, 0xFF, 0xFF, 0xFF, 0xFD, 0x3F, 0xF0, 0x00,
    0x00, 0x0B, 0xFD, 0x3F, 0xF0, 0x00, 0x00, 0x0F, 0xFC, 0x2F, 0xF4, 0x00, 0x00, 0x0F, 0xFC, 0x1F,
    0xFC, 0x00, 0x00, 0x1F, 0xF8, 0x0F, 0xFE, 0x00, 0x00, 0x3F, 0xF4, 0x07, 0xFF, 0x80, 0x01, 0xFF,
    0xF0, 0x03, 0xFF, 0xFF, 0xFF, 0xFF, 0xC0, 0x00, 0xFF, 0xFF, 0xFF, 0xFF, 0x40, 0x00, 0x2F, 0xFF,
    0xFF, 0xFC, 0x00, 0x00, 0x02, 0xFF, 0xFF, 0x90, 0x00, 0x00, 0x00, 0x01, 0x50, 0x00, 0x00, 0x00,
    0x01, 0x69, 0x00, 0x00, 0x7F, 0xFF, 0xF8, 0x02, 0xFF, 0xFF, 0xFC, 0x0B, 0xFF, 0xFF, 0xF8, 0x0F,
    0xFE, 0x45, 0xB4, 0x2F, 0xF8, 0x00, 0x00, 0x3F, 0xF0, 0x00, 0x00, 0x3F, 0xF0, 0x00, 0x00, 0x7F,
    0xFF, 0xFF, 0x80, 0x7F, 0xFF, 0xFF, 0xC0, 0x7F, 0xFF, 0xFF, 0xC0, 0x7F, 0xFA, 0xAA, 0x40, 0x3F,
    0xF0, 0x00, 0x00, 0x3F, 0xF0, 0x00, 0x00, 0x2F, 0xFC, 0x00, 0x04, 0x0F, 0xFF, 0x96, 0xFC, 0x0B,
    0xFF, 0xFF, 0xFC, 0x02, 0xFF, 0xFF, 0xFC, 0x00, 0x2F, 0xFF, 0xF4, 0x00, 0x00, 0x54, 0x00, 0x01,
    0x69, 0x40, 0x01, 0xBF, 0xFF, 0xE0, 0x07, 0xFF, 0xFF, 0xF0, 0x0F, 0xFF, 0xFF, 0xF0, 0x2E, 0x41,
    0xFF, 0xE0, 0x00, 0x01, 0xFF, 0xC0, 0x00, 0x03, 0xFF, 0x40, 0x00, 0x0B, 0xFD, 0x07, 0xFF, 0xFF,
    0xF8, 0x1F, 0xFF, 0xFF, 0xE0, 0x7F, 0xFF, 0xFF, 0x80, 0x55, 0x5F, 0xFD, 0x00, 0x00, 0x2F, 0xF4,
    0x00, 0x00, 0xFF, 0xC4, 0x00, 0x0B, 0xFF, 0x3F, 0x95, 0xFF, 0xF4, 0xFF, 0xFF, 0xFF, 0x83, 0xFF,
    0xFF, 0xF8, 0x06, 0xFF, 0xFE, 0x40, 0x00, 0x15, 0x00, 0x00, 0xFF, 0xC0, 0x00, 0x00, 0x3F, 0xF0,
    0x00, 0x00, 0x0F, 0xFC, 0x00, 0x00, 0x03, 0xFF, 0x00, 0x00, 0x00, 0xFF, 0xFF, 0xFE, 0x40, 0x3F,
    0xFF, 0xFF, 0xF8, 0x0F, 0xFF, 0xFF, 0xFF, 0xC3, 0xFF, 0xFF, 0xFF, 0xF8, 0xFF, 0xC0, 0x1F, 0xFF,
    0x3F, 0xF0, 0x00, 0xFF, 0xCF, 0xFC, 0x00, 0x3F, 0xF7, 0xFF, 0x00, 0x0B, 0xFD, 0xFF, 0xC0, 0x03,
    0xFF, 0x7F, 0xF0, 0x00, 0xFF, 0xCF, 0xFC, 0x01, 0xFF, 0xF3, 0xFF, 0xFF, 0xFF, 0xF4, 0xFF, 0xFF,
    0xFF, 0xFC, 0x3F, 0xFF, 0xFF, 0xF8, 0x0F, 0xFF, 0xFF, 0xE4, 0x03, 0xFF, 0x40, 0x00, 0x00, 0xFF,
    0xC0, 0x00, 0x00, 0x3F, 0xF0, 0x00, 0x00, 0x0F, 0xFC, 0x00, 0x00, 0x03, 0xFF, 0x00, 0x00, 0x00,
    0x15, 0x40, 0x00, 0x00, 0x0B, 0xFD, 0x00, 0x00, 0x00, 0xBF, 0xD0, 0x00, 0x00, 0x0B, 0xFD, 0x00,
    0x00, 0x00, 0xBF, 0xD0, 0x00, 0x00, 0x0B, 0xFD, 0x00, 0x00, 0x00, 0xBF, 0xD0, 0x00, 0x00, 0x0B,
    0xFD, 0x01, 0x94, 0x00, 0xBF, 0xD3, 0xFF, 0xF0, 0x0B, 0xFD, 0xFF, 0xFF, 0xD0, 0xBF, 0xFF, 0xFF,
    0xFF, 0x0B, 0xFF, 0xEA, 0xFF, 0xF8, 0xBF, 0xF4, 0x02, 0xFF, 0xCB, 0xFF, 0x00, 0x0F, 0xFC, 0xBF,
    0xE0, 0x00, 0xFF, 0xDB, 0xFE, 0x00, 0x0B, 0xFD, 0xBF, 0xD0, 0x00, 0xBF, 0xDB, 0xFD, 0x00, 0x0B,
    0xFD, 0xBF, 0xE0, 0x00, 0xBF, 0xDB, 0xFE, 0x00, 0x0F, 0xFD, 0xBF, 0xF0, 0x00, 0xFF, 0xCB, 0xFF,
    0x80, 0x3F, 0xFC, 0xBF, 0xFF, 0xFF, 0xFF, 0x4B, 0xFF, 0xFF, 0xFF, 0xF0, 0xBF, 0xDF, 0xFF, 0xFC,
    0x0B, 0xFD, 0x2F, 0xFE, 0x00, 0xBF, 0xD0, 0x15, 0x00, 0x0B, 0xFD, 0x00, 0x00, 0x00, 0xBF, 0xD0,
    0x00, 0x00, 0x0B, 0xFD, 0x00, 0x00, 0x00, 0xBF, 0xD0, 0x00, 0x00, 0x0B, 0xFD, 0x00, 0x00, 0x00,
    0xBF, 0xD0, 0x00, 0x00, 0x0B, 0xFD, 0x00, 0x00, 0x00, 0x00, 0x00, 0x00, 0x00, 0x00, 0x00, 0x01,
    0xBF, 0xFF, 0x90, 0x00, 0x0F, 0xFF, 0xFF, 0xFC, 0x00, 0x7F, 0xFF, 0xFF, 0xFC, 0x01, 0xFF, 0xFF,
    0xFF, 0xF8, 0x03, 0xFF, 0xF4, 0x06, 0xF0, 0x0B, 0xFF, 0x40, 0x00, 0x10, 0x0F, 0xFE, 0x00, 0x00,
    0x00, 0x2F, 0xFC, 0x00, 0x00, 0x00, 0x3F, 0xF8, 0x00, 0x00, 0x00, 0x3F, 0xF4, 0x00, 0x00, 0x00,
    0x3F, 0xF0, 0x00, 0x00, 0x00, 0x3F, 0xF0, 0x00, 0x00, 0x00, 0x3F, 0xF0, 0x00, 0x00, 0x00, 0x3F,
    0xF0, 0x00, 0x00, 0x00, 0x3F, 0xF4, 0x00, 0x00, 0x00, 0x3F, 0xF8, 0x00, 0x00, 0x00, 0x2F, 0xFC,
    0x00, 0x00, 0x00, 0x1F, 0xFD, 0x00, 0x00, 0x00, 0x0F, 0xFF, 0x00, 0x00, 0x00, 0x0B, 0xFF, 0xE0,
    0x01, 0xB4, 0x03, 0xFF, 0xFF, 0xFF, 0xF4, 0x00, 0xFF, 0xFF, 0xFF, 0xF4, 0x00, 0x2F, 0xFF, 0xFF,
    0xF4, 0x00, 0x06, 0xFF, 0xFF, 0xD0, 0x00, 0x00, 0x05, 0x50, 0x00, 0xFF, 0xF4, 0x00, 0x00, 0x03,
    0xFF, 0xDF, 0xFF, 0xC0, 0x00, 0x00, 0xBF, 0xFD, 0xFF, 0xFE, 0x00, 0x00, 0x0F, 0xFF, 0xDF, 0xFF,
    0xF0, 0x00, 0x03, 0xFF, 0xFD, 0xFF, 0xFF, 0x80, 0x00, 0x7F, 0xFF, 0xDF, 0xFB, 0xFC, 0x00, 0x0F,
    0xFB, 0xFD, 0xFF, 0x7F, 0xE0, 0x02, 0xFF, 0x3F, 0xDF, 0xF5, 0xFF, 0x00, 0x3F, 0xD3, 0xFD, 0xFF,
    0x4F, 0xFC, 0x0B, 0xFC, 0x3F, 0xDF, 0xF4, 0x3F, 0xD0, 0xFF, 0x03, 0xFD, 0xFF, 0x42, 0xFF, 0x3F,
    0xE0, 0x3F, 0xDF, 0xF4, 0x0F, 0xFB, 0xFC, 0x07, 0xFD, 0xFF, 0x80, 0xBF, 0xFF, 0x80, 0x7F, 0xDF,
    0xF8, 0x03, 0xFF, 0xF0, 0x07, 0xFD, 0xFF, 0x80, 0x2F, 0xFD, 0x00, 0x7F, 0xDF, 0xF8, 0x00, 0xFF,
    0xC0, 0x07, 0xFD, 0xFF, 0x80, 0x00, 0x00, 0x00, 0x7F, 0xDF, 0xF8, 0x00, 0x00, 0x00, 0x07, 0xFD,
    0xFF, 0x80, 0x00, 0x00, 0x00, 0x7F, 0xDF, 0xF8, 0x00, 0x00, 0x00, 0x07, 0xFD, 0xFF, 0x80, 0x00,
    0x00, 0x00, 0x7F, 0xDF, 0xF8, 0x00, 0x00, 0x00, 0x07, 0xFD, 0xFF, 0x80, 0x00, 0x00, 0x00, 0x7F,
    0xDF, 0xF8, 0x00, 0x00, 0x00, 0x07, 0xFD, 0x00, 0x00, 0x00, 0x00, 0x00, 0x01, 0xFF, 0xFC, 0x00,
    0x07, 0xFF, 0xF7, 0xFF, 0xF4, 0x00, 0x3F, 0xFF, 0xDF, 0xFF, 0xF0, 0x02, 0xFF, 0xFF, 0x7F, 0xFF,
    0xE0, 0x0F, 0xFF, 0xFD, 0xFF, 0xBF, 0xD0, 0xFF, 0xBF, 0xF7, 0xFC, 0xBF, 0xC7, 0xFC, 0xFF, 0xDF,
    0xF0, 0xFF, 0xBF, 0xE3, 0xFF, 0x7F, 0xC2, 0xFF, 0xFF, 0x0F, 0xFD, 0xFF, 0x03, 0xFF, 0xF4, 0x3F,
    0xF7, 0xFC, 0x07, 0xFF, 0x80, 0xFF, 0xDF, 0xF0, 0x0B, 0xFC, 0x03, 0xFF, 0x7F, 0xC0, 0x0A, 0x90,
    0x0F, 0xFD, 0xFF, 0x00, 0x00, 0x00, 0x3F, 0xF7, 0xFC, 0x00, 0x00, 0x00, 0xFF, 0xDF, 0xF0, 0x00,
    0x00, 0x03, 0xFF, 0x7F, 0xC0, 0x00, 0x00, 0x0F, 0xFD, 0xFF, 0x00, 0x00, 0x00, 0x3F, 0xF7, 0xFC,
    0x00, 0x00, 0x00, 0xFF, 0xDF, 0xF0, 0x00, 0x00, 0x00, 0x00, 0x7F, 0xC0, 0x00, 0x00, 0x00, 0x01,
    0xFF, 0x00, 0x00, 0x00, 0x00, 0x07, 0xFC, 0x00, 0x00, 0x00, 0x00, 0x1F, 0xF0, 0x00, 0x00, 0x00,
    0x00, 0x7F, 0xC0, 0x00, 0x00, 0x00, 0x01, 0xFF, 0x00, 0x00, 0x00, 0x00, 0x07, 0xFC, 0x00, 0x00,
    0x00, 0x00, 0x00, 0x00, 0x00, 0x16, 0x50, 0x00, 0x00, 0x03, 0xFF, 0xFE, 0x00, 0x00, 0x1F, 0xFF,
    0xFF, 0xD0, 0x00, 0x7F, 0xFF, 0xFF, 0xF0, 0x00, 0xFF, 0xF5, 0xBF, 0xFC, 0x01, 0xFF, 0xC0, 0x0F,
    0xFD, 0x02, 0xFF, 0x40, 0x0B, 0xFE, 0x03, 0xFF, 0x00, 0x07, 0xFF, 0x03, 0xFF, 0x00, 0x03, 0xFF,
    0x03, 0xFF, 0x00, 0x03, 0xFF, 0x03, 0xFF, 0x00, 0x03, 0xFF, 0x03, 0xFF, 0x00, 0x03, 0xFF, 0x03,
    0xFF, 0x00, 0x07, 0xFF, 0x03, 0xFF, 0x00, 0x0B, 0xFE, 0x03, 0xFF, 0x80, 0x1F, 0xFC, 0x03, 0xFF,
    0xFA, 0xBF, 0xFC, 0x03, 0xFF, 0xFF, 0xFF, 0xF0, 0x03, 0xFF, 0xFF, 0xFF, 0xD0, 0x03, 0xFF, 0x7F,
    0xFE, 0x00, 0x03, 0xFF, 0x01, 0x40, 0x00, 0x03, 0xFF, 0x00, 0x00, 0x00, 0x03, 0xFF, 0x00, 0x00,
    0x00, 0x3F, 0xFF, 0xFF, 0xD0, 0x00, 0x3F, 0xFF, 0xFF, 0xD0, 0x00, 0x3F, 0xFF, 0xFF, 0xD0, 0x00,
    0x03, 0xFF, 0x00, 0x00, 0x00, 0x03, 0xFF, 0x00, 0x00, 0x00, 0x00, 0x00, 0x00, 0x00, 0x00, 0x1B,
    0xFF, 0xF8, 0x00, 0x0B, 0xFF, 0xFF, 0xFF, 0x00, 0x2F, 0xFF, 0xFF, 0xFF, 0x40, 0x3F, 0xFF, 0xFF,
    0xFF, 0x00, 0xF9, 0x01, 0xBF, 0xFF, 0x00, 0x00, 0x00, 0x3F, 0xFD, 0x00, 0x00, 0x00, 0x3F, 0xF8,
    0x00, 0x00, 0x00, 0xBF, 0xF0, 0x00, 0x00, 0x00, 0xFF, 0xD0, 0x00, 0x00, 0x03, 0xFF, 0x40, 0x00,
    0x00, 0x0F, 0xFE, 0x00, 0x00, 0x00, 0x2F, 0xF8, 0x00, 0x00, 0x00, 0xBF, 0xE0, 0x00, 0x00, 0x02,
    0xFF, 0x40, 0x00, 0x00, 0x0F, 0xFD, 0x00, 0x00, 0x00, 0x3F, 0xF0, 0x00, 0x00, 0x01, 0xFF, 0xC0,
    0x00, 0x00, 0x0F, 0xFE, 0x00, 0x00, 0x00, 0xFF, 0xF0, 0x39, 0x00, 0x1F, 0xFF, 0x80, 0xFF, 0xFF,
    0xFF, 0xFC, 0x03, 0xFF, 0xFF, 0xFF, 0xC0, 0x0F, 0xFF, 0xFF, 0xF8, 0x00, 0x1B, 0xFF, 0xFE, 0x00,
    0x00, 0x00, 0x55, 0x00, 0x00, 0x00, 0x00, 0x00, 0x00, 0x00, 0x00, 0x00, 0x01, 0xBF, 0xFF, 0x90,
    0x00, 0x0F, 0xFF, 0xFF, 0xFC, 0x00, 0x7F, 0xFF, 0xFF, 0xFC, 0x01, 0xFF, 0xFF, 0xFF, 0xF8, 0x03,
    0xFF, 0xF4, 0x06, 0xF0, 0x0B, 0xFF, 0x40, 0x00, 0x10, 0x0F, 0xFE, 0x00, 0x00, 0x00, 0x2F, 0xFC,
    0x00, 0x00, 0x00, 0x3F, 0xF8, 0x00, 0x00, 0x00, 0x3F, 0xF4, 0x00, 0x00, 0x00, 0x3F, 0xF0, 0x02,
    0xFD, 0x00, 0x3F, 0xF0, 0x07, 0xFF, 0x00, 0x3F, 0xF0, 0x0B, 0xFF, 0x00, 0x3F, 0xF0, 0x0B, 0xFF,
    0x00, 0x3F, 0xF4, 0x03, 0xFE, 0x00, 0x3F, 0xF8, 0x00, 0x50, 0x00, 0x2F, 0xFC, 0x00, 0x00, 0x00,
    0x1F, 0xFD, 0x00, 0x00, 0x00, 0x0F, 0xFF, 0x00, 0x00, 0x00, 0x0B, 0xFF, 0xE0, 0x01, 0xB4, 0x03,
    0xFF, 0xFF, 0xFF, 0xF4, 0x00, 0xFF, 0xFF, 0xFF, 0xF4, 0x00, 0x2F, 0xFF, 0xFF, 0xF4, 0x00, 0x06,
    0xFF, 0xFF, 0xD0, 0x00, 0x00, 0x05, 0x50, 0x00, 0x00, 0x00, 0x00, 0x00, 0x00, 0x1B, 0xFF, 0xF8,
    0x00, 0x0B, 0xFF, 0xFF, 0xFF, 0x00, 0x2F, 0xFF, 0xFF, 0xFF, 0x40, 0x3F, 0xFF, 0xFF, 0xFF, 0x00,
    0xF9, 0x01, 0xBF, 0xFF, 0x00, 0x00, 0x00, 0x3F, 0xFD, 0x00, 0x00, 0x00, 0x3F, 0xF8, 0x00, 0x00,
    0x00, 0xBF, 0xF0, 0x00, 0x00, 0x00, 0xFF, 0xD0, 0x00, 0x00, 0x03, 0xFF, 0x40, 0x1F, 0xE0, 0x0F,
    0xFE, 0x00, 0xFF, 0xD0, 0x2F, 0xF8, 0x03, 0xFF, 0x80, 0xBF, 0xE0, 0x0F, 0xFD, 0x02, 0xFF, 0x40,
    0x2F, 0xF0, 0x0F, 0xFD, 0x00, 0x05, 0x00, 0x3F, 0xF0, 0x00, 0x00, 0x01, 0xFF, 0xC0, 0x00, 0x00,
    0x0F, 0xFE, 0x00, 0x00, 0x00, 0xFF, 0xF0, 0x39, 0x00, 0x1F, 0xFF, 0x80, 0xFF, 0xFF, 0xFF, 0xFC,
    0x03, 0xFF, 0xFF, 0xFF, 0xC0, 0x0F, 0xFF, 0xFF, 0xF8, 0x00, 0x1B, 0xFF, 0xFE, 0x00, 0x00, 0x00,
    0x55, 0x00, 0x00, 0x00, 0x06, 0xA9, 0x00, 0x00, 0x0F, 0xFD, 0x00, 0x00, 0x0F, 0xFC, 0x00, 0x00,
    0x0F, 0xFC, 0x00, 0x00, 0x0B, 0xF8, 0x00, 0x00, 0x0B, 0xF0, 0x00, 0x00, 0x00, 0x00, 0x00, 0x00,
    0x00, 0x00, 0x3F, 0xFF, 0xFF, 0xF8, 0xFF, 0xFF, 0xFF, 0xF3, 0xFF, 0xFF, 0xFF, 0xCF, 0xFF, 0xFF,
    0xFF, 0x3F, 0xF5, 0x55, 0x54, 0xFF, 0xC0, 0x00, 0x03, 0xFF, 0x00, 0x00, 0x0F, 0xFC, 0x00, 0x00,
    0x3F, 0xF0, 0x00, 0x00, 0xFF, 0xD5, 0x55, 0x43, 0xFF, 0xFF, 0xFF, 0x4F, 0xFF, 0xFF, 0xFD, 0x3F,
    0xFF, 0xFF, 0xF4, 0xFF, 0xEA, 0xAA, 0x83, 0xFF, 0x00, 0x00, 0x0F, 0xFC, 0x00, 0x00, 0x3F, 0xF0,
    0x00, 0x00, 0xFF, 0xC0, 0x00, 0x03, 0xFF, 0x00, 0x00, 0x0F, 0xFC, 0x00, 0x00, 0x3F, 0xFF, 0xFF,
    0xFC, 0xFF, 0xFF, 0xFF, 0xF3, 0xFF, 0xFF, 0xFF, 0xCF, 0xFF, 0xFF, 0xFF, 0x00, 0x00, 0x00, 0x00,
    0x0F, 0xC0, 0x3F, 0x00, 0xFF, 0x83, 0xFE, 0x03, 0xFE, 0x0F, 0xF8, 0x0B, 0xF8, 0x2F, 0xE0, 0x0A,
    0x40, 0x29, 0x00, 0x00, 0x00, 0x00, 0x00, 0x00, 0x00, 0x00, 0x3F, 0xFF, 0xFF, 0xF8, 0xFF, 0xFF,
    0xFF, 0xF3, 0xFF, 0xFF, 0xFF, 0xCF, 0xFF, 0xFF, 0xFF, 0x3F, 0xF5, 0x55, 0x54, 0xFF, 0xC0, 0x00,
    0x03, 0xFF, 0x00, 0x00, 0x0F, 0xFC, 0x00, 0x00, 0x3F, 0xF0, 0x00, 0x00, 0xFF, 0xD5, 0x55, 0x43,
    0xFF, 0xFF, 0xFF, 0x4F, 0xFF, 0xFF, 0xFD, 0x3F, 0xFF, 0xFF, 0xF4, 0xFF, 0xEA, 0xAA, 0x83, 0xFF,
    0x00, 0x00, 0x0F, 0xFC, 0x00, 0x00, 0x3F, 0xF0, 0x00, 0x00, 0xFF, 0xC0, 0x00, 0x03, 0xFF, 0x00,
    0x00, 0x0F, 0xFC, 0x00, 0x00, 0x3F, 0xFF, 0xFF, 0xFC, 0xFF, 0xFF, 0xFF, 0xF3, 0xFF, 0xFF, 0xFF,
    0xCF, 0xFF, 0xFF, 0xFF, 0x7F, 0xFF, 0xFF, 0xFF, 0xF4, 0x00, 0x1F, 0xFF, 0xFF, 0xFF, 0xFD, 0x00,
    0x07, 0xFF, 0xFF, 0xFF, 0xFF, 0x40, 0x01, 0xFF, 0xFF, 0xFF, 0xFF, 0xD0, 0x00, 0x15, 0x5F, 0xFE,
    0x55, 0x50, 0x00, 0x00, 0x02, 0xFF, 0x40, 0x00, 0x00, 0x00, 0x00, 0xBF, 0xD0, 0x00, 0x00, 0x00,
    0x00, 0x2F, 0xF4, 0x00, 0x00, 0x00, 0x00, 0x0B, 0xFD, 0x00, 0x00, 0x00, 0x00, 0x02, 0xFF, 0x5A,
    0xF9, 0x00, 0x00, 0x00, 0xBF, 0xFF, 0xFF, 0xFC, 0x00, 0x00, 0x2F, 0xFF, 0xFF, 0xFF, 0xC0, 0x00,
    0x0B, 0xFF, 0xFF, 0xFF, 0xFC, 0x00, 0x02, 0xFF, 0xE5, 0x6F, 0xFF, 0x40, 0x00, 0xBF, 0xD0, 0x00,
    0xFF, 0xE0, 0x00, 0x2F, 0xF4, 0x00, 0x1F, 0xFC, 0x00, 0x0B, 0xFD, 0x00, 0x03, 0xFF, 0x00, 0x02,
    0xFF, 0x40, 0x00, 0xFF, 0xC0, 0x00, 0xBF, 0xD0, 0x00, 0x7F, 0xF0, 0x00, 0x2F, 0xF4, 0x00, 0x3F,
    0xF8, 0x00, 0x0B, 0xFD, 0x0E, 0xFF, 0xFD, 0x00, 0x02, 0xFF, 0x43, 0xFF, 0xFF, 0x00, 0x00, 0xBF,
    0xD0, 0xFF, 0xFF, 0x00, 0x00, 0x2F, 0xF4, 0x3F, 0xFE, 0x00, 0x00, 0x00, 0x00, 0x01, 0x54, 0x00,
    0x00, 0x00, 0x00, 0x6A, 0xA0, 0x00, 0x03, 0xFF, 0x40, 0x00, 0x3F, 0xF4, 0x00, 0x02, 0xFF, 0x00,
    0x00, 0x0F, 0xF0, 0x00, 0x00, 0xBE, 0x00, 0x00, 0x00, 0x00, 0x00, 0x00, 0x00, 0x00, 0x00, 0xFF,
    0xFF, 0xFF, 0xFB, 0xFF, 0xFF, 0xFF, 0xEF, 0xFF, 0xFF, 0xFF, 0xBF, 0xFF, 0xFF, 0xFE, 0xFF, 0xD5,
    0x55, 0x57, 0xFF, 0x00, 0x00, 0x0F, 0xFC, 0x00, 0x00, 0x3F, 0xF0, 0x00, 0x00, 0xFF, 0xC0, 0x00,
    0x03, 0xFF, 0x00, 0x00, 0x0F, 0xFC, 0x00, 0x00, 0x3F, 0xF0, 0x00, 0x00, 0xFF, 0xC0, 0x00, 0x03,
    0xFF, 0x00, 0x00, 0x0F, 0xFC, 0x00, 0x00, 0x3F, 0xF0, 0x00, 0x00, 0xFF, 0xC0, 0x00, 0x03, 0xFF,
    0x00, 0x00, 0x0F, 0xFC, 0x00, 0x00, 0x3F, 0xF0, 0x00, 0x00, 0xFF, 0xC0, 0x00, 0x03, 0xFF, 0x00,
    0x00, 0x0F, 0xFC, 0x00, 0x00, 0x3F, 0xF0, 0x00, 0x00, 0x00, 0x00, 0x00, 0x00, 0x00, 0x00, 0x01,
    0xBF, 0xFF, 0x90, 0x00, 0x1F, 0xFF, 0xFF, 0xFD, 0x00, 0x7F, 0xFF, 0xFF, 0xFC, 0x01, 0xFF, 0xFF,
    0xFF, 0xF8, 0x03, 0xFF, 0xF4, 0x06, 0xF0, 0x0F, 0xFF, 0x40, 0x00, 0x10, 0x1F, 0xFD, 0x00, 0x00,
    0x00, 0x2F, 0xFC, 0x00, 0x00, 0x00, 0x3F, 0xF4, 0x00, 0x00, 0x00, 0x3F, 0xF4, 0x00, 0x00, 0x00,
    0x3F, 0xFF, 0xFF, 0xFF, 0x40, 0x7F, 0xFF, 0xFF, 0xFF, 0x40, 0x7F, 0xFF, 0xFF, 0xFF, 0x40, 0x3F,
    0xFF, 0xFF, 0xFF, 0x40, 0x3F, 0xF0, 0x00, 0x00, 0x00, 0x3F, 0xF4, 0x00, 0x00, 0x00, 0x3F, 0xF8,
    0x00, 0x00, 0x00, 0x1F, 0xFC, 0x00, 0x00, 0x00, 0x0F, 0xFF, 0x00, 0x00, 0x00, 0x0B, 0xFF, 0xE0,
    0x00, 0x78, 0x03, 0xFF, 0xFF, 0xFF, 0xF8, 0x00, 0xFF, 0xFF, 0xFF, 0xF8, 0x00, 0x2F, 0xFF, 0xFF,
    0xF8, 0x00, 0x02, 0xFF, 0xFF, 0xD0, 0x00, 0x00, 0x05, 0x50, 0x00, 0x00, 0x00, 0x00, 0x00, 0x00,
    0x6F, 0xFF, 0x90, 0x03, 0xFF, 0xFF, 0xFD, 0x0F, 0xFF, 0xFF, 0xFD, 0x2F, 0xFF, 0xFF, 0xFC, 0x3F,
    0xF8, 0x06, 0xF8, 0x3F, 0xF0, 0x00, 0x00, 0x7F, 0xE0, 0x00, 0x00, 0x7F, 0xF0, 0x00, 0x00, 0x3F,
    0xF8, 0x00, 0x00, 0x2F, 0xFF, 0x80, 0x00, 0x0F, 0xFF, 0xF8, 0x00, 0x07, 0xFF, 0xFF, 0x40, 0x00,
    0xFF, 0xFF, 0xE0, 0x00, 0x1F, 0xFF, 0xF8, 0x00, 0x01, 0xFF, 0xFD, 0x00, 0x00, 0x1F, 0xFE, 0x00,
    0x00, 0x07, 0xFF, 0x00, 0x00, 0x03, 0xFF, 0x50, 0x00, 0x03, 0xFF, 0xBD, 0x00, 0x0F, 0xFE, 0xBF,
    0xFF, 0xFF, 0xFC, 0xBF, 0xFF, 0xFF, 0xF8, 0xBF, 0xFF, 0xFF, 0xE0, 0x1B, 0xFF, 0xFE, 0x00, 0x00,
    0x05, 0x40, 0x00, 0x3F, 0xE3, 0xFF, 0x3F, 0xF3, 0xFF, 0x3F, 0xF3, 0xFF, 0x3F, 0xF3, 0xFF, 0x3F,
    0xF3, 0xFF, 0x3F, 0xF3, 0xFF, 0x3F, 0xF3, 0xFF, 0x3F, 0xF3, 0xFF, 0x3F, 0xF3, 0xFF, 0x3F, 0xF3,
    0xFF, 0x3F, 0xF3, 0xFF, 0x3F, 0xF3, 0xFF, 0x00, 0x00, 0x00, 0xBD, 0x1F, 0x87, 0xFC, 0xFF, 0x5F,
    0xF3, 0xFD, 0x3F, 0xCB, 0xF0, 0x68, 0x0A, 0x40, 0x00, 0x00, 0x00, 0x00, 0x00, 0x03, 0xFF, 0x00,
    0x0F, 0xFC, 0x00, 0x3F, 0xF0, 0x00, 0xFF, 0xC0, 0x03, 0xFF, 0x00, 0x0F, 0xFC, 0x00, 0x3F, 0xF0,
    0x00, 0xFF, 0xC0, 0x03, 0xFF, 0x00, 0x0F, 0xFC, 0x00, 0x3F, 0xF0, 0x00, 0xFF, 0xC0, 0x03, 0xFF,
    0x00, 0x0F, 0xFC, 0x00, 0x3F, 0xF0, 0x00, 0xFF, 0xC0, 0x03, 0xFF, 0x00, 0x0F, 0xFC, 0x00, 0x3F,
    0xF0, 0x00, 0xFF, 0xC0, 0x03, 0xFF, 0x00, 0x0F, 0xFC, 0x00, 0x3F, 0xF0, 0x00, 0xFF, 0xC0, 0x00,
    0x0F, 0xFC, 0x00, 0x0F, 0xFC, 0x00, 0x0F, 0xFC, 0x00, 0x0F, 0xFC, 0x00, 0x0F, 0xFC, 0x00, 0x0F,
    0xFC, 0x00, 0x0F, 0xFC, 0x00, 0x0F, 0xFC, 0x00, 0x0F, 0xFC, 0x00, 0x0F, 0xFC, 0x00, 0x0F, 0xFC,
    0x00, 0x0F, 0xFC, 0x00, 0x0F, 0xFC, 0x00, 0x0F, 0xFC, 0x00, 0x0F, 0xFC, 0x00, 0x0F, 0xFC, 0x00,
    0x0F, 0xFC, 0x00, 0x0F, 0xFC, 0x00, 0x0F, 0xFC, 0x00, 0x0F, 0xFC, 0x00, 0x0F, 0xFC, 0x00, 0x0F,
    0xFC, 0x00, 0x0F, 0xFC, 0x00, 0x0F, 0xFC, 0x00, 0x0F, 0xFC, 0x00, 0x2F, 0xF8, 0x15, 0xBF, 0xF4,
    0x7F, 0xFF, 0xF0, 0x7F, 0xFF, 0xD0, 0x7F, 0xFF, 0x40, 0x7F, 0xF8, 0x00, 0x00, 0x1F, 0xFF, 0xFF,
    0xFF, 0xC0, 0x00, 0x00, 0x00, 0x07, 0xFF, 0xFF, 0xFF, 0xF0, 0x00, 0x00, 0x00, 0x02, 0xFF, 0xFF,
    0xFF, 0xFC, 0x00, 0x00, 0x00, 0x00, 0xBF, 0xFF, 0xFF, 0xFF, 0x00, 0x00, 0x00, 0x00, 0x2F, 0xF5,
    0x55, 0xFF, 0xC0, 0x00, 0x00, 0x00, 0x0B, 0xFC, 0x00, 0x3F, 0xF0, 0x00, 0x00, 0x00, 0x02, 0xFF,
    0x00, 0x0F, 0xFC, 0x00, 0x00, 0x00, 0x00, 0xFF, 0xC0, 0x03, 0xFF, 0x00, 0x00, 0x00, 0x00, 0x3F,
    0xF0, 0x00, 0xFF, 0xEA, 0xA4, 0x00, 0x00, 0x0F, 0xF8, 0x00, 0x3F, 0xFF, 0xFF, 0xF4, 0x00, 0x03,
    0xFE, 0x00, 0x0F, 0xFF, 0xFF, 0xFF, 0x80, 0x00, 0xFF, 0x80, 0x03, 0xFF, 0xFF, 0xFF, 0xF8, 0x00,
    0x3F, 0xE0, 0x00, 0xFF, 0xEA, 0xBF, 0xFF, 0x00, 0x0F, 0xF4, 0x00, 0x3F, 0xF0, 0x01, 0xFF, 0xE0,
    0x03, 0xFD, 0x00, 0x0F, 0xFC, 0x00, 0x2F, 0xFC, 0x01, 0xFF, 0x40, 0x03, 0xFF, 0x00, 0x07, 0xFF,
    0x00, 0x7F, 0xC0, 0x00, 0xFF, 0xC0, 0x00, 0xFF, 0xC0, 0x2F, 0xF0, 0x00, 0x3F, 0xF0, 0x00, 0x7F,
    0xF0, 0x0F, 0xFC, 0x00, 0x0F, 0xFC, 0x00, 0x3F, 0xF8, 0x0B, 0xFF, 0x00, 0x03, 0xFF, 0x40, 0x7F,
    0xFD, 0xFF, 0xFF, 0x40, 0x00, 0xFF, 0xFF, 0xFF, 0xFF, 0x3F, 0xFF, 0xC0, 0x00, 0x3F, 0xFF, 0xFF,
    0xFF, 0x0F, 0xFF, 0xD0, 0x00, 0x0F, 0xFF, 0xFF, 0xFF, 0x03, 0xFF, 0xD0, 0x00, 0x03, 0xFF, 0xFF,
    0xF8, 0x00, 0x05, 0x00, 0x00, 0x00, 0x00, 0x00, 0x00, 0x00, 0x00, 0xFF, 0xC0, 0x00, 0x0F, 0xFC,
    0x00, 0x00, 0x03, 0xFF, 0x00, 0x00, 0x3F, 0xF0, 0x00, 0x00, 0x0F, 0xFC, 0x00, 0x00, 0xFF, 0xC0,
    0x00, 0x00, 0x3F, 0xF0, 0x00, 0x03, 0xFF, 0x00, 0x00, 0x00, 0xFF, 0xC0, 0x00, 0x0F, 0xFC, 0x00,
    0x00, 0x03, 0xFF, 0x00, 0x00, 0x3F, 0xF0, 0x00, 0x00, 0x0F, 0xFC, 0x00, 0x00, 0xFF, 0xC0, 0x00,
    0x00, 0x3F, 0xF0, 0x00, 0x03, 0xFF, 0x00, 0x00, 0x00, 0xFF, 0xC0, 0x00, 0x0F, 0xFC, 0x00, 0x00,
    0x03, 0xFF, 0xFF, 0xFF, 0xFF, 0xFF, 0xFA, 0x40, 0x0F, 0xFF, 0xFF, 0xFF, 0xFF, 0xFF, 0xFF, 0xE0,
    0x3F, 0xFF, 0xFF, 0xFF, 0xFF, 0xFF, 0xFF, 0xF0, 0xFF, 0xFF, 0xFF, 0xFF, 0xFF, 0xFF, 0xFF, 0xF3,
    0xFF, 0x55, 0x55, 0x7F, 0xF5, 0x5B, 0xFF, 0xDF, 0xFC, 0x00, 0x00, 0xFF, 0xC0, 0x03, 0xFF, 0xBF,
    0xF0, 0x00, 0x03, 0xFF, 0x00, 0x07, 0xFF, 0xFF, 0xC0, 0x00, 0x0F, 0xFC, 0x00, 0x0F, 0xFF, 0xFF,
    0x00, 0x00, 0x3F, 0xF0, 0x00, 0x7F, 0xFF, 0xFC, 0x00, 0x00, 0xFF, 0xC0, 0x03, 0xFF, 0xBF, 0xF0,
    0x00, 0x03, 0xFF, 0x01, 0x7F, 0xFD, 0xFF, 0xC0, 0x00, 0x0F, 0xFF, 0xFF, 0xFF, 0xF3, 0xFF, 0x00,
    0x00, 0x3F, 0xFF, 0xFF, 0xFF, 0x4F, 0xFC, 0x00, 0x00, 0xFF, 0xFF, 0xFF, 0xF0, 0x3F, 0xF0, 0x00,
    0x03, 0xFF, 0xFF, 0xF9, 0x00, 0x7F, 0xFF, 0xFF, 0xFF, 0xF4, 0x00, 0x7F, 0xFF, 0xFF, 0xFF, 0xF4,
    0x00, 0x7F, 0xFF, 0xFF, 0xFF, 0xF4, 0x00, 0x7F, 0xFF, 0xFF, 0xFF, 0xF4, 0x00, 0x15, 0x5F, 0xFE,
    0x55, 0x50, 0x00, 0x00, 0x0B, 0xFD, 0x00, 0x00, 0x00, 0x00, 0x0B, 0xFD, 0x00, 0x00, 0x00, 0x00,
    0x0B, 0xFD, 0x00, 0x00, 0x00, 0x00, 0x0B, 0xFD, 0x00, 0x00, 0x00, 0x00, 0x0B, 0xFD, 0x1A, 0xA4,
    0x00, 0x00, 0x0B, 0xFF, 0xFF, 0xFF, 0x80, 0x00, 0x0B, 0xFF, 0xFF, 0xFF, 0xF0, 0x00, 0x0B, 0xFF,
    0xFF, 0xFF, 0xFC, 0x00, 0x0B, 0xFF, 0xEA, 0xBF, 0xFD, 0x00, 0x0B, 0xFD, 0x00, 0x0F, 0xFE, 0x00,
    0x0B, 0xFD, 0x00, 0x0B, 0xFE, 0x00, 0x0B, 0xFD, 0x00, 0x07, 0xFF, 0x00, 0x0B, 0xFD, 0x00, 0x07,
    0xFF, 0x00, 0x0B, 0xFD, 0x00, 0x07, 0xFF, 0x00, 0x0B, 0xFD, 0x00, 0x07, 0xFF, 0x00, 0x0B, 0xFD,
    0x00, 0x07, 0xFF, 0x00, 0x0B, 0xFD, 0x00, 0x07, 0xFF, 0x00, 0x0B, 0xFD, 0x00, 0x07, 0xFE, 0x00,
    0x0B, 0xFD, 0x00, 0x07, 0xFE, 0x00, 0x00, 0x1A, 0xA8, 0x00, 0x00, 0x00, 0x7F, 0xF4, 0x00, 0x00,
    0x00, 0xFF, 0xC0, 0x00, 0x00, 0x02, 0xFF, 0x00, 0x00, 0x00, 0x07, 0xFC, 0x00, 0x00, 0x00, 0x0B,
    0xE0, 0x00, 0x00, 0x00, 0x00, 0x00, 0x00, 0x00, 0x00, 0x00, 0x00, 0x00, 0x00, 0xFF, 0xC0, 0x00,
    0x1F, 0xF8, 0xFF, 0xC0, 0x00, 0x3F, 0xF0, 0xFF, 0xC0, 0x00, 0xFF, 0xE0, 0xFF, 0xC0, 0x01, 0xFF,
    0xC0, 0xFF, 0xC0, 0x03, 0xFF, 0x00, 0xFF, 0xC0, 0x0F, 0xFD, 0x00, 0xFF, 0xC0, 0x1F, 0xFC, 0x00,
    0xFF, 0xC0, 0x3F, 0xF0, 0x00, 0xFF, 0xC0, 0xFF, 0xD0, 0x00, 0xFF, 0xD6, 0xFF, 0xC0, 0x00, 0xFF,
    0xFF, 0xFF, 0x00, 0x00, 0xFF, 0xFF, 0xFE, 0x00, 0x00, 0xFF, 0xFF, 0xFF, 0x00, 0x00, 0xFF, 0xEB,
    0xFF, 0xC0, 0x00, 0xFF, 0xC0, 0xFF, 0xE0, 0x00, 0xFF, 0xC0, 0x7F, 0xF0, 0x00, 0xFF, 0xC0, 0x3F,
    0xFC, 0x00, 0xFF, 0xC0, 0x0F, 0xFE, 0x00, 0xFF, 0xC0, 0x0B, 0xFF, 0x40, 0xFF, 0xC0, 0x03, 0xFF,
    0xC0, 0xFF, 0xC0, 0x00, 0xFF, 0xE0, 0xFF, 0xC0, 0x00, 0xBF, 0xF4, 0xFF, 0xC0, 0x00, 0x3F, 0xFC,
    0xFF, 0xC0, 0x00, 0x0F, 0xFE, 0x00, 0x2A, 0xA4, 0x00, 0x00, 0x00, 0x07, 0xFF, 0x00, 0x00, 0x00,
    0x00, 0x7F, 0xF0, 0x00, 0x00, 0x00, 0x03, 0xFE, 0x00, 0x00, 0x00, 0x00, 0x3F, 0xD0, 0x00, 0x00,
    0x00, 0x02, 0xF8, 0x00, 0x00, 0x00, 0x00, 0x00, 0x00, 0x00, 0x00, 0x00, 0x00, 0x00, 0x00, 0xFF,
    0xC0, 0x00, 0x0F, 0xFF, 0x3F, 0xF0, 0x00, 0x0B, 0xFF, 0xCF, 0xFC, 0x00, 0x03, 0xFF, 0xF3, 0xFF,
    0x00, 0x02, 0xFF, 0xFC, 0xFF, 0xC0, 0x00, 0xFF, 0xFF, 0x3F, 0xF0, 0x00, 0xBF, 0xFF, 0xCF, 0xFC,
    0x00, 0x3F, 0xFF, 0xF3, 0xFF, 0x00, 0x3F, 0xEB, 0xFC, 0xFF, 0xC0, 0x1F, 0xF2, 0xFF, 0x3F, 0xF0,
    0x0F, 0xF8, 0xBF, 0xCF, 0xFC, 0x07, 0xFC, 0x3F, 0xF3, 0xFF, 0x03, 0xFE, 0x0F, 0xFC, 0xFF, 0xC1,
    0xFF, 0x03, 0xFF, 0x3F, 0xF0, 0xFF, 0x80, 0xFF, 0xCF, 0xFC, 0x7F, 0xC0, 0x3F, 0xF3, 0xFF, 0x3F,
    0xE0, 0x0F, 0xFC, 0xFF, 0xDF, 0xF0, 0x03, 0xFF, 0x3F, 0xFF, 0xF8, 0x00, 0xFF, 0xCF, 0xFF, 0xFC,
    0x00, 0x3F, 0xF3, 0xFF, 0xFE, 0x00, 0x0F, 0xFC, 0xFF, 0xFF, 0x00, 0x03, 0xFF, 0x3F, 0xFF, 0x80,
    0x00, 0xFF, 0xCF, 0xFF, 0xC0, 0x00, 0x3F, 0xF3, 0xFF, 0xE0, 0x00, 0x0F, 0xFC, 0x00, 0x00, 0x00,
    0x00, 0x00, 0x00, 0x07, 0xFC, 0x01, 0xFF, 0x00, 0x00, 0x3F, 0xE0, 0x3F, 0xE0, 0x00, 0x02, 0xFF,
    0xEF, 0xFC, 0x00, 0x00, 0x0F, 0xFF, 0xFF, 0x40, 0x00, 0x00, 0x1F, 0xFF, 0x80, 0x00, 0x00, 0x00,
    0x00, 0x00, 0x00, 0x00, 0x00, 0x00, 0x00, 0x00, 0x00, 0x7F, 0xE0, 0x00, 0x00, 0xBF, 0xD3, 0xFF,
    0x40, 0x00, 0x0F, 0xFC, 0x2F, 0xF8, 0x00, 0x01, 0xFF, 0x80, 0xFF, 0xC0, 0x00, 0x3F, 0xF0, 0x0B,
    0xFD, 0x00, 0x03, 0xFE, 0x00, 0x7F, 0xF0, 0x00, 0xBF, 0xC0, 0x03, 0xFF, 0x40, 0x0F, 0xFC, 0x00,
    0x1F, 0xF8, 0x01, 0xFF, 0x40, 0x00, 0xFF, 0xC0, 0x3F, 0xF0, 0x00, 0x07, 0xFD, 0x03, 0xFE, 0x00,
    0x00, 0x3F, 0xF0, 0xBF, 0xC0, 0x00, 0x01, 0xFF, 0x4F, 0xF8, 0x00, 0x00, 0x0F, 0xFD, 0xFF, 0x40,
    0x00, 0x00, 0xBF, 0xFF, 0xF0, 0x00, 0x00, 0x03, 0xFF, 0xFD, 0x00, 0x00, 0x00, 0x2F, 0xFF, 0xC0,
    0x00, 0x00, 0x00, 0xFF, 0xF8, 0x00, 0x00, 0x00, 0x0B, 0xFF, 0x00, 0x00, 0x00, 0x00, 0xFF, 0xE0,
    0x00, 0x00, 0x00, 0x7F, 0xFC, 0x00, 0x00, 0x0F, 0xFF, 0xFF, 0x40, 0x00, 0x00, 0xFF, 0xFF, 0xE0,
    0x00, 0x00, 0x0F, 0xFF, 0xF8, 0x00, 0x00, 0x00, 0xFF, 0xFD, 0x00, 0x00, 0x00, 0x00, 0x54, 0x00,
    0x00, 0x00, 0x00, 0xFF, 0xC0, 0x00, 0x07, 0xFD, 0xFF, 0xC0, 0x00, 0x0B, 0xFE, 0xFF, 0xC0, 0x00,
    0x0B, 0xFE, 0xFF, 0xC0, 0x00, 0x0B, 0xFE, 0xFF, 0xC0, 0x00, 0x0B, 0xFE, 0xFF, 0xC0, 0x00, 0x0B,
    0xFE, 0xFF, 0xC0, 0x00, 0x0B, 0xFE, 0xFF, 0xC0, 0x00, 0x0B, 0xFE, 0xFF, 0xC0, 0x00, 0x0B, 0xFE,
    0xFF, 0xC0, 0x00, 0x0B, 0xFE, 0xFF, 0xC0, 0x00, 0x0B, 0xFE, 0xFF, 0xC0, 0x00, 0x0B, 0xFE, 0xFF,
    0xC0, 0x00, 0x0B, 0xFE, 0xFF, 0xC0, 0x00, 0x0B, 0xFE, 0xFF, 0xC0, 0x00, 0x0B, 0xFE, 0xFF, 0xC0,
    0x00, 0x0B, 0xFE, 0xFF, 0xC0, 0x00, 0x0B, 0xFE, 0xFF, 0xC0, 0x00, 0x0B, 0xFE, 0xFF, 0xC0, 0x00,
    0x0B, 0xFE, 0xFF, 0xC0, 0x00, 0x0B, 0xFE, 0xFF, 0xFF, 0xFF, 0xFF, 0xFE, 0xFF, 0xFF, 0xFF, 0xFF,
    0xFE, 0xFF, 0xFF, 0xFF, 0xFF, 0xFE, 0xFF, 0xFF, 0xFF, 0xFF, 0xFE, 0x00, 0x02, 0xFF, 0x00, 0x00,
    0x00, 0x02, 0xFF, 0x00, 0x00, 0x00, 0x02, 0xFF, 0x00, 0x00, 0x00, 0x02, 0xFF, 0x00, 0x00, 0x00,
    0x02, 0xFF, 0x00, 0x00, 0x00, 0x00, 0xBF, 0xF8, 0x00, 0x00, 0x00, 0x00, 0xFF, 0xFC, 0x00, 0x00,
    0x00, 0x01, 0xFF, 0xFD, 0x00, 0x00, 0x00, 0x03, 0xFF, 0xFF, 0x00, 0x00, 0x00, 0x03, 0xFE, 0xFF,
    0x00, 0x00, 0x00, 0x0B, 0xFC, 0xFF, 0x80, 0x00, 0x00, 0x0F, 0xFC, 0xFF, 0xC0, 0x00, 0x00, 0x0F,
    0xF8, 0xBF, 0xC0, 0x00, 0x00, 0x2F, 0xF4, 0x3F, 0xE0, 0x00, 0x00, 0x3F, 0xF0, 0x3F, 0xF0, 0x00,
    0x00, 0x7F, 0xE0, 0x2F, 0xF4, 0x00, 0x00, 0xBF, 0xD0, 0x1F, 0xF8, 0x00, 0x00, 0xFF, 0xC0, 0x0F,
    0xFC, 0x00, 0x01, 0xFF, 0x80, 0x0B, 0xFD, 0x00, 0x02, 0xFF, 0xFF, 0xFF, 0xFE, 0x00, 0x03, 0xFF,
    0xFF, 0xFF, 0xFF, 0x00, 0x07, 0xFF, 0xFF, 0xFF, 0xFF, 0x40, 0x0B, 0xFF, 0xFF, 0xFF, 0xFF, 0xC0,
    0x0F, 0xFE, 0x55, 0x56, 0xFF, 0xC0, 0x1F, 0xFC, 0x00, 0x00, 0xFF, 0xD0, 0x3F, 0xF8, 0x00, 0x00,
    0xBF, 0xF0, 0x3F, 0xF4, 0x00, 0x00, 0x7F, 0xF0, 0x7F, 0xF0, 0x00, 0x00, 0x3F, 0xF8, 0xFF, 0xE0,
    0x00, 0x00, 0x2F, 0xFC, 0xFF, 0xFF, 0xFF, 0xFD, 0x0F, 0xFF, 0xFF, 0xFF, 0xD0, 0xFF, 0xFF, 0xFF,
    0xFD, 0x0F, 0xFF, 0xFF, 0xFF, 0xD0, 0xFF, 0xD5, 0x55, 0x54, 0x0F, 0xFC, 0x00, 0x00, 0x00, 0xFF,
    0xC0, 0x00, 0x00, 0x0F, 0xFC, 0x00, 0x00, 0x00, 0xFF, 0xC0, 0x00, 0x00, 0x0F, 0xFE, 0xAA, 0x90,
    0x00, 0xFF, 0xFF, 0xFF, 0xE0, 0x0F, 0xFF, 0xFF, 0xFF, 0xC0, 0xFF, 0xFF, 0xFF, 0xFF, 0x0F, 0xFD,
    0x5A, 0xFF, 0xF4, 0xFF, 0xC0, 0x03, 0xFF, 0xCF, 0xFC, 0x00, 0x1F, 0xFC, 0xFF, 0xC0, 0x00, 0xFF,
    0xCF, 0xFC, 0x00, 0x1F, 0xFC, 0xFF, 0xC0, 0x02, 0xFF, 0xCF, 0xFC, 0x01, 0xFF, 0xF8, 0xFF, 0xFF,
    0xFF, 0xFF, 0x0F, 0xFF, 0xFF, 0xFF, 0xD0, 0xFF, 0xFF, 0xFF, 0xF0, 0x0F, 0xFF, 0xFF, 0xE4, 0x00,
    0x3F, 0xFF, 0xFA, 0x50, 0x00, 0xFF, 0xFF, 0xFF, 0xF4, 0x03, 0xFF, 0xFF, 0xFF, 0xF8, 0x0F, 0xFF,
    0xFF, 0xFF, 0xF4, 0x3F, 0xF0, 0x06, 0xFF, 0xF0, 0xFF, 0xC0, 0x02, 0xFF, 0xC3, 0xFF, 0x00, 0x07,
    0xFF, 0x0F, 0xFC, 0x00, 0x1F, 0xFC, 0x3F, 0xF0, 0x00, 0xFF, 0xE0, 0xFF, 0xD5, 0x5F, 0xFF, 0x03,
    0xFF, 0xFF, 0xFF, 0xE0, 0x0F, 0xFF, 0xFF, 0xFE, 0x00, 0x3F, 0xFF, 0xFF, 0xFF, 0x40, 0xFF, 0xEA,
    0xAF, 0xFF, 0x43, 0xFF, 0x00, 0x0B, 0xFF, 0x0F, 0xFC, 0x00, 0x0F, 0xFD, 0x3F, 0xF0, 0x00, 0x3F,
    0xF8, 0xFF, 0xC0, 0x00, 0xFF, 0xE3, 0xFF, 0x00, 0x03, 0xFF, 0x4F, 0xFC, 0x00, 0x7F, 0xFC, 0x3F,
    0xFF, 0xFF, 0xFF, 0xE0, 0xFF, 0xFF, 0xFF, 0xFF, 0x03, 0xFF, 0xFF, 0xFF, 0xE0, 0x0F, 0xFF, 0xFF,
    0xE8, 0x00, 0xFF, 0xFF, 0xFF, 0xFB, 0xFF, 0xFF, 0xFF, 0xEF, 0xFF, 0xFF, 0xFF, 0xBF, 0xFF, 0xFF,
    0xFE, 0xFF, 0xD5, 0x55, 0x57, 0xFF, 0x00, 0x00, 0x0F, 0xFC, 0x00, 0x00, 0x3F, 0xF0, 0x00, 0x00,
    0xFF, 0xC0, 0x00, 0x03, 0xFF, 0x00, 0x00, 0x0F, 0xFC, 0x00, 0x00, 0x3F, 0xF0, 0x00, 0x00, 0xFF,
    0xC0, 0x00, 0x03, 0xFF, 0x00, 0x00, 0x0F, 0xFC, 0x00, 0x00, 0x3F, 0xF0, 0x00, 0x00, 0xFF, 0xC0,
    0x00, 0x03, 0xFF, 0x00, 0x00, 0x0F, 0xFC, 0x00, 0x00, 0x3F, 0xF0, 0x00, 0x00, 0xFF, 0xC0, 0x00,
    0x03, 0xFF, 0x00, 0x00, 0x0F, 0xFC, 0x00, 0x00, 0x3F, 0xF0, 0x00, 0x00, 0x00, 0x0B, 0xFF, 0xFF,
    0xFF, 0xF4, 0x00, 0x00, 0xFF, 0xFF, 0xFF, 0xFF, 0x40, 0x00, 0x0F, 0xFF, 0xFF, 0xFF, 0xF4, 0x00,
    0x00, 0xFF, 0xFF, 0xFF, 0xFF, 0x40, 0x00, 0x0F, 0xFD, 0x55, 0x7F, 0xF4, 0x00, 0x00, 0xFF, 0x80,
    0x02, 0xFF, 0x40, 0x00, 0x0F, 0xF8, 0x00, 0x2F, 0xF4, 0x00, 0x00, 0xFF, 0x80, 0x02, 0xFF, 0x40,
    0x00, 0x0F, 0xF8, 0x00, 0x2F, 0xF4, 0x00, 0x00, 0xFF, 0x40, 0x02, 0xFF, 0x40, 0x00, 0x0F, 0xF4,
    0x00, 0x2F, 0xF4, 0x00, 0x01, 0xFF, 0x40, 0x02, 0xFF, 0x40, 0x00, 0x1F, 0xF0, 0x00, 0x2F, 0xF4,
    0x00, 0x02, 0xFF, 0x00, 0x02, 0xFF, 0x40, 0x00, 0x2F, 0xF0, 0x00, 0x2F, 0xF4, 0x00, 0x03, 0xFF,
    0x00, 0x02, 0xFF, 0x40, 0x00, 0x3F, 0xE0, 0x00, 0x2F, 0xF4, 0x00, 0x0B, 0xFD, 0x00, 0x02, 0xFF,
    0x40, 0x00, 0xFF, 0xC0, 0x00, 0x2F, 0xF4, 0x00, 0x3F, 0xF8, 0x00, 0x03, 0xFF, 0x40, 0xBF, 0xFF,
    0xFF, 0xFF, 0xFF, 0xFF, 0xEB, 0xFF, 0xFF, 0xFF, 0xFF, 0xFF, 0xFE, 0xBF, 0xFF, 0xFF, 0xFF, 0xFF,
    0xFF, 0xEB, 0xFF, 0xFF, 0xFF, 0xFF, 0xFF, 0xFE, 0xBF, 0xC0, 0x00, 0x00, 0x00, 0x7F, 0xEB, 0xFC,
    0x00, 0x00, 0x00, 0x07, 0xFE, 0xBF, 0xC0, 0x00, 0x00, 0x00, 0x7F, 0xEB, 0xFC, 0x00, 0x00, 0x00,
    0x07, 0xFE, 0xBF, 0xC0, 0x00, 0x00, 0x00, 0x7F, 0xE0, 0x3F, 0xFF, 0xFF, 0xF8, 0xFF, 0xFF, 0xFF,
    0xF3, 0xFF, 0xFF, 0xFF, 0xCF, 0xFF, 0xFF, 0xFF, 0x3F, 0xF5, 0x55, 0x54, 0xFF, 0xC0, 0x00, 0x03,
    0xFF, 0x00, 0x00, 0x0F, 0xFC, 0x00, 0x00, 0x3F, 0xF0, 0x00, 0x00, 0xFF, 0xD5, 0x55, 0x43, 0xFF,
    0xFF, 0xFF, 0x4F, 0xFF, 0xFF, 0xFD, 0x3F, 0xFF, 0xFF, 0xF4, 0xFF, 0xEA, 0xAA, 0x83, 0xFF, 0x00,
    0x00, 0x0F, 0xFC, 0x00, 0x00, 0x3F, 0xF0, 0x00, 0x00, 0xFF, 0xC0, 0x00, 0x03, 0xFF, 0x00, 0x00,
    0x0F, 0xFC, 0x00, 0x00, 0x3F, 0xFF, 0xFF, 0xFC, 0xFF, 0xFF, 0xFF, 0xF3, 0xFF, 0xFF, 0xFF, 0xCF,
    0xFF, 0xFF, 0xFF, 0x2F, 0xF4, 0x00, 0x0B, 0xFC, 0x00, 0x07, 0xFE, 0x03, 0xFF, 0x00, 0x03, 0xFF,
    0x00, 0x03, 0xFF, 0x40, 0x7F, 0xF0, 0x00, 0xFF, 0xC0, 0x02, 0xFF, 0x80, 0x0F, 0xFD, 0x00, 0x3F,
    0xF0, 0x00, 0xFF, 0xC0, 0x00, 0xFF, 0xC0, 0x0F, 0xFC, 0x00, 0xFF, 0xD0, 0x00, 0x1F, 0xF8, 0x03,
    0xFF, 0x00, 0xBF, 0xE0, 0x00, 0x03, 0xFF, 0x40, 0xFF, 0xC0, 0x3F, 0xF0, 0x00, 0x00, 0x3F, 0xF0,
    0x3F, 0xF0, 0x3F, 0xF4, 0x00, 0x00, 0x0B, 0xFE, 0x0F, 0xFC, 0x1F, 0xF8, 0x00, 0x00, 0x00, 0xFF,
    0xE7, 0xFF, 0x9F, 0xFC, 0x00, 0x00, 0x00, 0x0F, 0xFF, 0xFF, 0xFF, 0xFD, 0x00, 0x00, 0x00, 0x03,
    0xFF, 0xFF, 0xFF, 0xFF, 0x00, 0x00, 0x00, 0x01, 0xFF, 0xFF, 0xFF, 0xFF, 0xE0, 0x00, 0x00, 0x00,
    0xFF, 0xFB, 0xFF, 0xFF, 0xFC, 0x00, 0x00, 0x00, 0xBF, 0xF0, 0xFF, 0xC3, 0xFF, 0xC0, 0x00, 0x00,
    0x7F, 0xF4, 0x3F, 0xF0, 0x3F, 0xF8, 0x00, 0x00, 0x3F, 0xF8, 0x0F, 0xFC, 0x0B, 0xFF, 0x00, 0x00,
    0x2F, 0xFC, 0x03, 0xFF, 0x00, 0xFF, 0xF0, 0x00, 0x0F, 0xFD, 0x00, 0xFF, 0xC0, 0x1F, 0xFD, 0x00,
    0x0F, 0xFF, 0x00, 0x3F, 0xF0, 0x02, 0xFF, 0xC0, 0x07, 0xFF, 0x00, 0x0F, 0xFC, 0x00, 0x3F, 0xF8,
    0x03, 0xFF, 0x80, 0x03, 0xFF, 0x00, 0x07, 0xFF, 0x43, 0xFF, 0xC0, 0x00, 0xFF, 0xC0, 0x00, 0xBF,
    0xF1, 0xFF, 0xD0, 0x00, 0x3F, 0xF0, 0x00, 0x0F, 0xFE, 0x00, 0x00, 0x00, 0x00, 0x01, 0xBF, 0xFF,
    0x90, 0x07, 0xFF, 0xFF, 0xFF, 0x01, 0xFF, 0xFF, 0xFF, 0xF0, 0x3F, 0xFF, 0xFF, 0xFF, 0x0B, 0xD0,
    0x07, 0xFF, 0xC0, 0x00, 0x00, 0x3F, 0xF4, 0x00, 0x00, 0x0B, 0xFD, 0x00, 0x00, 0x02, 0xFF, 0x00,
    0x00, 0x01, 0xFF, 0xC0, 0x05, 0x56, 0xFF, 0xC0, 0x0B, 0xFF, 0xFF, 0xC0, 0x02, 0xFF, 0xFF, 0x40,
    0x00, 0xBF, 0xFF, 0xFD, 0x00, 0x1A, 0xBF, 0xFF, 0xE0, 0x00, 0x00, 0x2F, 0xFD, 0x00, 0x00, 0x02,
    0xFF, 0xC0, 0x00, 0x00, 0x3F, 0xF0, 0x00, 0x00, 0x0F, 0xFC, 0x00, 0x00, 0x0B, 0xFF, 0x75, 0x00,
    0x0B, 0xFF, 0x9F, 0xFF, 0xFF, 0xFF, 0xC7, 0xFF, 0xFF, 0xFF, 0xD1, 0xFF, 0xFF, 0xFF, 0xD0, 0x1F,
    0xFF, 0xFF, 0x40, 0x00, 0x01, 0x50, 0x00, 0x00, 0xFF, 0xC0, 0x00, 0x0F, 0xFF, 0x3F, 0xF0, 0x00,
    0x0B, 0xFF, 0xCF, 0xFC, 0x00, 0x03, 0xFF, 0xF3, 0xFF, 0x00, 0x02, 0xFF, 0xFC, 0xFF, 0xC0, 0x00,
    0xFF, 0xFF, 0x3F, 0xF0, 0x00, 0xBF, 0xFF, 0xCF, 0xFC, 0x00, 0x3F, 0xFF, 0xF3, 0xFF, 0x00, 0x3F,
    0xEB, 0xFC, 0xFF, 0xC0, 0x1F, 0xF2, 0xFF, 0x3F, 0xF0, 0x0F, 0xF8, 0xBF, 0xCF, 0xFC, 0x07, 0xFC,
    0x3F, 0xF3, 0xFF, 0x03, 0xFE, 0x0F, 0xFC, 0xFF, 0xC1, 0xFF, 0x03, 0xFF, 0x3F, 0xF0, 0xFF, 0x80,
    0xFF, 0xCF, 0xFC, 0x7F, 0xC0, 0x3F, 0xF3, 0xFF, 0x3F, 0xE0, 0x0F, 0xFC, 0xFF, 0xDF, 0xF0, 0x03,
    0xFF, 0x3F, 0xFF, 0xF8, 0x00, 0xFF, 0xCF, 0xFF, 0xFC, 0x00, 0x3F, 0xF3, 0xFF, 0xFE, 0x00, 0x0F,
    0xFC, 0xFF, 0xFF, 0x00, 0x03, 0xFF, 0x3F, 0xFF, 0x80, 0x00, 0xFF, 0xCF, 0xFF, 0xC0, 0x00, 0x3F,
    0xF3, 0xFF, 0xE0, 0x00, 0x0F, 0xFC, 0x00, 0x00, 0x00, 0x00, 0x00, 0x00, 0x7F, 0xC0, 0x2F, 0xE0,
    0x00, 0x0F, 0xF4, 0x0F, 0xF4, 0x00, 0x02, 0xFF, 0xEF, 0xFC, 0x00, 0x00, 0x3F, 0xFF, 0xFD, 0x00,
    0x00, 0x02, 0xFF, 0xF8, 0x00, 0x00, 0x00, 0x00, 0x00, 0x00, 0x00, 0x00, 0x00, 0x00, 0x00, 0x00,
    0xFF, 0xC0, 0x00, 0x0F, 0xFF, 0x3F, 0xF0, 0x00, 0x0B, 0xFF, 0xCF, 0xFC, 0x00, 0x03, 0xFF, 0xF3,
    0xFF, 0x00, 0x02, 0xFF, 0xFC, 0xFF, 0xC0, 0x00, 0xFF, 0xFF, 0x3F, 0xF0, 0x00, 0xBF, 0xFF, 0xCF,
    0xFC, 0x00, 0x3F, 0xFF, 0xF3, 0xFF, 0x00, 0x3F, 0xEB, 0xFC, 0xFF, 0xC0, 0x1F, 0xF2, 0xFF, 0x3F,
    0xF0, 0x0F, 0xF8, 0xBF, 0xCF, 0xFC, 0x07, 0xFC, 0x3F, 0xF3, 0xFF, 0x03, 0xFE, 0x0F, 0xFC, 0xFF,
    0xC1, 0xFF, 0x03, 0xFF, 0x3F, 0xF0, 0xFF, 0x80, 0xFF, 0xCF, 0xFC, 0x7F, 0xC0, 0x3F, 0xF3, 0xFF,
    0x3F, 0xE0, 0x0F, 0xFC, 0xFF, 0xDF, 0xF0, 0x03, 0xFF, 0x3F, 0xFF, 0xF8, 0x00, 0xFF, 0xCF, 0xFF,
    0xFC, 0x00, 0x3F, 0xF3, 0xFF, 0xFE, 0x00, 0x0F, 0xFC, 0xFF, 0xFF, 0x00, 0x03, 0xFF, 0x3F, 0xFF,
    0x80, 0x00, 0xFF, 0xCF, 0xFF, 0xC0, 0x00, 0x3F, 0xF3, 0xFF, 0xE0, 0x00, 0x0F, 0xFC, 0xFF, 0xC0,
    0x00, 0x1F, 0xF8, 0xFF, 0xC0, 0x00, 0x3F, 0xF0, 0xFF, 0xC0, 0x00, 0xFF, 0xE0, 0xFF, 0xC0, 0x01,
    0xFF, 0xC0, 0xFF, 0xC0, 0x03, 0xFF, 0x00, 0xFF, 0xC0, 0x0F, 0xFD, 0x00, 0xFF, 0xC0, 0x1F, 0xFC,
    0x00, 0xFF, 0xC0, 0x3F, 0xF0, 0x00, 0xFF, 0xC0, 0xFF, 0xD0, 0x00, 0xFF, 0xD6, 0xFF, 0xC0, 0x00,
    0xFF, 0xFF, 0xFF, 0x00, 0x00, 0xFF, 0xFF, 0xFE, 0x00, 0x00, 0xFF, 0xFF, 0xFF, 0x00, 0x00, 0xFF,
    0xEB, 0xFF, 0xC0, 0x00, 0xFF, 0xC0, 0xFF, 0xE0, 0x00, 0xFF, 0xC0, 0x7F, 0xF0, 0x00, 0xFF, 0xC0,
    0x3F, 0xFC, 0x00, 0xFF, 0xC0, 0x0F, 0xFE, 0x00, 0xFF, 0xC0, 0x0B, 0xFF, 0x40, 0xFF, 0xC0, 0x03,
    0xFF, 0xC0, 0xFF, 0xC0, 0x00, 0xFF, 0xE0, 0xFF, 0xC0, 0x00, 0xBF, 0xF4, 0xFF, 0xC0, 0x00, 0x3F,
    0xFC, 0xFF, 0xC0, 0x00, 0x0F, 0xFE, 0x00, 0x1F, 0xFF, 0xFF, 0xFF, 0xE0, 0x02, 0xFF, 0xFF, 0xFF,
    0xFE, 0x00, 0x2F, 0xFF, 0xFF, 0xFF, 0xE0, 0x02, 0xFF, 0xFF, 0xFF, 0xFE, 0x00, 0x3F, 0xF5, 0x55,
    0xBF, 0xE0, 0x03, 0xFF, 0x00, 0x0B, 0xFE, 0x00, 0x3F, 0xF0, 0x00, 0xBF, 0xE0, 0x03, 0xFF, 0x00,
    0x0B, 0xFE, 0x00, 0x3F, 0xE0, 0x00, 0xBF, 0xE0, 0x03, 0xFE, 0x00, 0x0B, 0xFE, 0x00, 0x3F, 0xE0,
    0x00, 0xBF, 0xE0, 0x03, 0xFE, 0x00, 0x0B, 0xFE, 0x00, 0x3F, 0xE0, 0x00, 0xBF, 0xE0, 0x07, 0xFD,
    0x00, 0x0B, 0xFE, 0x00, 0x7F, 0xD0, 0x00, 0xBF, 0xE0, 0x07, 0xFD, 0x00, 0x0B, 0xFE, 0x00, 0xBF,
    0xC0, 0x00, 0xBF, 0xE0, 0x0B, 0xFC, 0x00, 0x0B, 0xFE, 0x00, 0xFF, 0xC0, 0x00, 0xBF, 0xE0, 0x2F,
    0xF8, 0x00, 0x0B, 0xFE, 0xFF, 0xFF, 0x40, 0x00, 0xBF, 0xEF, 0xFF, 0xF0, 0x00, 0x0B, 0xFE, 0xFF,
    0xFD, 0x00, 0x00, 0xBF, 0xEF, 0xFF, 0x40, 0x00, 0x0B, 0xFE, 0x05, 0x00, 0x00, 0x00, 0x00, 0x00,
    0xFF, 0xFC, 0x00, 0x00, 0x07, 0xFF, 0xDF, 0xFF, 0xD0, 0x00, 0x00, 0xFF, 0xFD, 0xFF, 0xFE, 0x00,
    0x00, 0x0F, 0xFF, 0xDF, 0xFF, 0xF0, 0x00, 0x02, 0xFF, 0xFD, 0xFF, 0xFF, 0x00, 0x00, 0x3F, 0xFF,
    0xDF, 0xFF, 0xF8, 0x00, 0x03, 0xFF, 0xFD, 0xFF, 0xBF, 0xC0, 0x00, 0xBF, 0xBF, 0xDF, 0xF7, 0xFC,
    0x00, 0x0F, 0xF7, 0xFD, 0xFF, 0x6F, 0xD0, 0x00, 0xFF, 0x3F, 0xDF, 0xF5, 0xFE, 0x00, 0x1F, 0xD3,
    0xFD, 0xFF, 0x4F, 0xF0, 0x03, 0xFC, 0x3F, 0xDF, 0xF4, 0xFF, 0x40, 0x3F, 0xC7, 0xFD, 0xFF, 0x47,
    0xF8, 0x07, 0xF4, 0x7F, 0xDF, 0xF8, 0x3F, 0xC0, 0xFF, 0x07, 0xFD, 0xFF, 0x83, 0xFD, 0x0F, 0xF0,
    0x7F, 0xDF, 0xF8, 0x2F, 0xE1, 0xFE, 0x07, 0xFD, 0xFF, 0x80, 0xFF, 0x3F, 0xC0, 0x7F, 0xDF, 0xF8,
    0x0F, 0xF7, 0xFC, 0x07, 0xFD, 0xFF, 0x80, 0xBF, 0xFF, 0x80, 0x7F, 0xDF, 0xF8, 0x07, 0xFF, 0xF0,
    0x07, 0xFD, 0xFF, 0x80, 0x3F, 0xFF, 0x00, 0x7F, 0xDF, 0xF8, 0x02, 0xFF, 0xE0, 0x07, 0xFD, 0xFF,
    0x80, 0x1F, 0xFC, 0x00, 0x7F, 0xDF, 0xF8, 0x00, 0xFF, 0xC0, 0x07, 0xFD, 0xFF, 0xC0, 0x00, 0x07,
    0xFE, 0xFF, 0xC0, 0x00, 0x07, 0xFE, 0xFF, 0xC0, 0x00, 0x07, 0xFE, 0xFF, 0xC0, 0x00, 0x07, 0xFE,
    0xFF, 0xC0, 0x00, 0x07, 0xFE, 0xFF, 0xC0, 0x00, 0x07, 0xFE, 0xFF, 0xC0, 0x00, 0x07, 0xFE, 0xFF,
    0xC0, 0x00, 0x07, 0xFE, 0xFF, 0xC0, 0x00, 0x07, 0xFE, 0xFF, 0xD5, 0x55, 0x5B, 0xFE, 0xFF, 0xFF,
    0xFF, 0xFF, 0xFE, 0xFF, 0xFF, 0xFF, 0xFF, 0xFE, 0xFF, 0xFF, 0xFF, 0xFF, 0xFE, 0xFF, 0xEA, 0xAA,
    0xAF, 0xFE, 0xFF, 0xC0, 0x00, 0x07, 0xFE, 0xFF, 0xC0, 0x00, 0x07, 0xFE, 0xFF, 0xC0, 0x00, 0x07,
    0xFE, 0xFF, 0xC0, 0x00, 0x07, 0xFE, 0xFF, 0xC0, 0x00, 0x07, 0xFE, 0xFF, 0xC0, 0x00, 0x07, 0xFE,
    0xFF, 0xC0, 0x00, 0x07, 0xFE, 0xFF, 0xC0, 0x00, 0x07, 0xFE, 0xFF, 0xC0, 0x00, 0x07, 0xFE, 0xFF,
    0xC0, 0x00, 0x07, 0xFE, 0x00, 0x00, 0x00, 0x00, 0x00, 0x00, 0x00, 0x01, 0xBF, 0xFF, 0x40, 0x00,
    0x00, 0x1F, 0xFF, 0xFF, 0xF4, 0x00, 0x00, 0xBF, 0xFF, 0xFF, 0xFE, 0x00, 0x02, 0xFF, 0xFF, 0xFF,
    0xFF, 0x80, 0x07, 0xFF, 0xE4, 0x0B, 0xFF, 0xD0, 0x0F, 0xFF, 0x00, 0x00, 0xFF, 0xF0, 0x1F, 0xFD,
    0x00, 0x00, 0x7F, 0xF4, 0x2F, 0xFC, 0x00, 0x00, 0x3F, 0xF8, 0x3F, 0xF4, 0x00, 0x00, 0x2F, 0xFC,
    0x3F, 0xF0, 0x00, 0x00, 0x1F, 0xFC, 0x3F, 0xF0, 0x00, 0x00, 0x0F, 0xFC, 0x7F, 0xF0, 0x00, 0x00,
    0x0F, 0xFC, 0x7F, 0xF0, 0x00, 0x00, 0x0F, 0xFC, 0x3F, 0xF0, 0x00, 0x00, 0x0F, 0xFC, 0x3F, 0xF0,
    0x00, 0x00, 0x1F, 0xFC, 0x3F, 0xF4, 0x00, 0x00, 0x2F, 0xFC, 0x2F, 0xFC, 0x00, 0x00, 0x3F, 0xF8,
    0x1F, 0xFC, 0x00, 0x00, 0x7F, 0xF4, 0x0F, 0xFF, 0x00, 0x00, 0xFF, 0xF0, 0x07, 0xFF, 0xD0, 0x07,
    0xFF, 0xD0, 0x03, 0xFF, 0xFF, 0xFF, 0xFF, 0x80, 0x00, 0xFF, 0xFF, 0xFF, 0xFF, 0x00, 0x00, 0x2F,
    0xFF, 0xFF, 0xF8, 0x00, 0x00, 0x02, 0xFF, 0xFF, 0x80, 0x00, 0x00, 0x00, 0x01, 0x40, 0x00, 0x00,
    0xFF, 0xFF, 0xFF, 0xFF, 0xFD, 0xFF, 0xFF, 0xFF, 0xFF, 0xFD, 0xFF, 0xFF, 0xFF, 0xFF, 0xFD, 0xFF,
    0xFF, 0xFF, 0xFF, 0xFD, 0xFF, 0xD5, 0x55, 0x5F, 0xFD, 0xFF, 0xC0, 0x00, 0x0B, 0xFD, 0xFF, 0xC0,
    0x00, 0x0B, 0xFD, 0xFF, 0xC0, 0x00, 0x0B, 0xFD, 0xFF, 0xC0, 0x00, 0x0B, 0xFD, 0xFF, 0xC0, 0x00,
    0x0B, 0xFD, 0xFF, 0xC0, 0x00, 0x0B, 0xFD, 0xFF, 0xC0, 0x00, 0x0B, 0xFD, 0xFF, 0xC0, 0x00, 0x0B,
    0xFD, 0xFF, 0xC0, 0x00, 0x0B, 0xFD, 0xFF, 0xC0, 0x00, 0x0B, 0xFD, 0xFF, 0xC0, 0x00, 0x0B, 0xFD,
    0xFF, 0xC0, 0x00, 0x0B, 0xFD, 0xFF, 0xC0, 0x00, 0x0B, 0xFD, 0xFF, 0xC0, 0x00, 0x0B, 0xFD, 0xFF,
    0xC0, 0x00, 0x0B, 0xFD, 0xFF, 0xC0, 0x00, 0x0B, 0xFD, 0xFF, 0xC0, 0x00, 0x0B, 0xFD, 0xFF, 0xC0,
    0x00, 0x0B, 0xFD, 0xFF, 0xC0, 0x00, 0x0B, 0xFD, 0x3F, 0xFF, 0xF9, 0x00, 0x03, 0xFF, 0xFF, 0xFF,
    0x40, 0x3F, 0xFF, 0xFF, 0xFD, 0x03, 0xFF, 0xFF, 0xFF, 0xF4, 0x3F, 0xF5, 0x6F, 0xFF, 0x83, 0xFF,
    0x00, 0x2F, 0xFC, 0x3F, 0xF0, 0x00, 0xFF, 0xC3, 0xFF, 0x00, 0x0F, 0xFD, 0x3F, 0xF0, 0x00, 0xFF,
    0xD3, 0xFF, 0x00, 0x0F, 0xFC, 0x3F, 0xF0, 0x03, 0xFF, 0xC3, 0xFF, 0xAA, 0xFF, 0xF4, 0x3F, 0xFF,
    0xFF, 0xFF, 0x03, 0xFF, 0xFF, 0xFF, 0xC0, 0x3F, 0xFF, 0xFF, 0xE0, 0x03, 0xFF, 0xAA, 0x90, 0x00,
    0x3F, 0xF0, 0x00, 0x00, 0x03, 0xFF, 0x00, 0x00, 0x00, 0x3F, 0xF0, 0x00, 0x00, 0x03, 0xFF, 0x00,
    0x00, 0x00, 0x3F, 0xF0, 0x00, 0x00, 0x03, 0xFF, 0x00, 0x00, 0x00, 0x3F, 0xF0, 0x00, 0x00, 0x03,
    0xFF, 0x00, 0x00, 0x00, 0x00, 0x00, 0x00, 0x00, 0x00, 0x00, 0x01, 0xBF, 0xFF, 0x90, 0x00, 0x1F,
    0xFF, 0xFF, 0xFC, 0x00, 0xBF, 0xFF, 0xFF, 0xFC, 0x02, 0xFF, 0xFF, 0xFF, 0xF4, 0x07, 0xFF, 0xF4,
    0x06, 0xF0, 0x0F, 0xFF, 0x40, 0x00, 0x00, 0x1F, 0xFE, 0x00, 0x00, 0x00, 0x2F, 0xFC, 0x00, 0x00,
    0x00, 0x3F, 0xF8, 0x00, 0x00, 0x00, 0x3F, 0xF4, 0x00, 0x00, 0x00, 0x3F, 0xF0, 0x00, 0x00, 0x00,
    0x7F, 0xF0, 0x00, 0x00, 0x00, 0x7F, 0xF0, 0x00, 0x00, 0x00, 0x3F, 0xF0, 0x00, 0x00, 0x00, 0x3F,
    0xF0, 0x00, 0x00, 0x00, 0x3F, 0xF4, 0x00, 0x00, 0x00, 0x3F, 0xFC, 0x00, 0x00, 0x00, 0x1F, 0xFD,
    0x00, 0x00, 0x00, 0x0F, 0xFF, 0x40, 0x00, 0x00, 0x0B, 0xFF, 0xE4, 0x00, 0xB4, 0x03, 0xFF, 0xFF,
    0xFF, 0xF4, 0x00, 0xFF, 0xFF, 0xFF, 0xF4, 0x00, 0x2F, 0xFF, 0xFF, 0xF4, 0x00, 0x02, 0xFF, 0xFF,
    0xD0, 0x00, 0x00, 0x05, 0x50, 0x00, 0x7F, 0xFF, 0xFF, 0xFF, 0xF5, 0xFF, 0xFF, 0xFF, 0xFF, 0xE7,
    0xFF, 0xFF, 0xFF, 0xFF, 0x9F, 0xFF, 0xFF, 0xFF, 0xFE, 0x15, 0x57, 0xFF, 0x95, 0x54, 0x00, 0x0F,
    0xFC, 0x00, 0x00, 0x00, 0x3F, 0xF0, 0x00, 0x00, 0x00, 0xFF, 0xC0, 0x00, 0x00, 0x03, 0xFF, 0x00,
    0x00, 0x00, 0x0F, 0xFC, 0x00, 0x00, 0x00, 0x3F, 0xF0, 0x00, 0x00, 0x00, 0xFF, 0xC0, 0x00, 0x00,
    0x03, 0xFF, 0x00, 0x00, 0x00, 0x0F, 0xFC, 0x00, 0x00, 0x00, 0x3F, 0xF0, 0x00, 0x00, 0x00, 0xFF,
    0xC0, 0x00, 0x00, 0x03, 0xFF, 0x00, 0x00, 0x00, 0x0F, 0xFC, 0x00, 0x00, 0x00, 0x3F, 0xF0, 0x00,
    0x00, 0x00, 0xFF, 0xC0, 0x00, 0x00, 0x03, 0xFF, 0x00, 0x00, 0x00, 0x0F, 0xFC, 0x00, 0x00, 0x00,
    0x3F, 0xF0, 0x00, 0x00, 0x00, 0xFF, 0xC0, 0x00, 0x7F, 0xE0, 0x00, 0x00, 0xBF, 0xD3, 0xFF, 0x40,
    0x00, 0x0F, 0xFC, 0x2F, 0xF8, 0x00, 0x01, 0xFF, 0x80, 0xFF, 0xC0, 0x00, 0x3F, 0xF0, 0x0B, 0xFD,
    0x00, 0x03, 0xFE, 0x00, 0x7F, 0xF0, 0x00, 0xBF, 0xC0, 0x03, 0xFF, 0x40, 0x0F, 0xFC, 0x00, 0x1F,
    0xF8, 0x01, 0xFF, 0x40, 0x00, 0xFF, 0xC0, 0x3F, 0xF0, 0x00, 0x07, 0xFD, 0x03, 0xFE, 0x00, 0x00,
    0x3F, 0xF0, 0xBF, 0xC0, 0x00, 0x01, 0xFF, 0x4F, 0xF8, 0x00, 0x00, 0x0F, 0xFD, 0xFF, 0x40, 0x00,
    0x00, 0xBF, 0xFF, 0xF0, 0x00, 0x00, 0x03, 0xFF, 0xFD, 0x00, 0x00, 0x00, 0x2F, 0xFF, 0xC0, 0x00,
    0x00, 0x00, 0xFF, 0xF8, 0x00, 0x00, 0x00, 0x0B, 0xFF, 0x00, 0x00, 0x00, 0x00, 0xFF, 0xE0, 0x00,
    0x00, 0x00, 0x7F, 0xFC, 0x00, 0x00, 0x0F, 0xFF, 0xFF, 0x40, 0x00, 0x00, 0xFF, 0xFF, 0xE0, 0x00,
    0x00, 0x0F, 0xFF, 0xF8, 0x00, 0x00, 0x00, 0xFF, 0xFD, 0x00, 0x00, 0x00, 0x00, 0x54, 0x00, 0x00,
    0x00, 0x00, 0x00, 0x00, 0x00, 0x00, 0x00, 0x00, 0x00, 0x00, 0x00, 0x01, 0xFF, 0x40, 0x00, 0x00,
    0x00, 0x00, 0x01, 0xFF, 0x40, 0x00, 0x00, 0x00, 0x00, 0x06, 0xFF, 0x90, 0x00, 0x00, 0x00, 0x07,
    0xFF, 0xFF, 0xFF, 0xD0, 0x00, 0x00, 0x7F, 0xFF, 0xFF, 0xFF, 0xFD, 0x00, 0x02, 0xFF, 0xFF, 0xFF,
    0xFF, 0xFF, 0x80, 0x0B, 0xFF, 0xFA, 0xFF, 0xAF, 0xFF, 0xE0, 0x0F, 0xFF, 0x41, 0xFF, 0x40, 0xFF,
    0xF0, 0x2F, 0xFC, 0x01, 0xFF, 0x40, 0x3F, 0xF8, 0x3F, 0xF4, 0x01, 0xFF, 0x40, 0x0F, 0xFC, 0x3F,
    0xF0, 0x01, 0xFF, 0x40, 0x0F, 0xFC, 0x3F, 0xF0, 0x01, 0xFF, 0x40, 0x0F, 0xFC, 0x3F, 0xF0, 0x01,
    0xFF, 0x40, 0x0F, 0xFC, 0x3F, 0xF0, 0x01, 0xFF, 0x40, 0x0F, 0xFC, 0x3F, 0xF4, 0x01, 0xFF, 0x40,
    0x1F, 0xFC, 0x2F, 0xFC, 0x01, 0xFF, 0x40, 0x3F, 0xF8, 0x0F, 0xFF, 0x41, 0xFF, 0x41, 0xFF, 0xF0,
    0x07, 0xFF, 0xFB, 0xFF, 0xFF, 0xFF, 0xE0, 0x02, 0xFF, 0xFF, 0xFF, 0xFF, 0xFF, 0x80, 0x00, 0x7F,
    0xFF, 0xFF, 0xFF, 0xFD, 0x00, 0x00, 0x06, 0xFF, 0xFF, 0xFF, 0x90, 0x00, 0x00, 0x00, 0x02, 0xFF,
    0x80, 0x00, 0x00, 0x00, 0x00, 0x01, 0xFF, 0x40, 0x00, 0x00, 0x00, 0x00, 0x01, 0xFF, 0x40, 0x00,
    0x00, 0x00, 0x00, 0x00, 0x55, 0x00, 0x00, 0x00, 0x3F, 0xF0, 0x00, 0x00, 0xFF, 0xD0, 0xBF, 0xF0,
    0x00, 0x0B, 0xFF, 0x00, 0xFF, 0xD0, 0x00, 0x3F, 0xF0, 0x01, 0xFF, 0xC0, 0x02, 0xFF, 0x80, 0x02,
    0xFF, 0x80, 0x1F, 0xFC, 0x00, 0x03, 0xFF, 0x00, 0xFF, 0xD0, 0x00, 0x07, 0xFF, 0x07, 0xFE, 0x00,
    0x00, 0x0F, 0xFD, 0x3F, 0xF0, 0x00, 0x00, 0x0F, 0xFE, 0xFF, 0x40, 0x00, 0x00, 0x2F, 0xFF, 0xFC,
    0x00, 0x00, 0x00, 0x3F, 0xFF, 0xC0, 0x00, 0x00, 0x00, 0x7F, 0xFE, 0x00, 0x00, 0x00, 0x02, 0xFF,
    0xF8, 0x00, 0x00, 0x00, 0x0F, 0xFF, 0xF0, 0x00, 0x00, 0x00, 0xFF, 0xFF, 0xF0, 0x00, 0x00, 0x0B,
    0xFE, 0xFF, 0xE0, 0x00, 0x00, 0x3F, 0xF0, 0xFF, 0xC0, 0x00, 0x03, 0xFF, 0x42, 0xFF, 0xC0, 0x00,
    0x1F, 0xFC, 0x03, 0xFF, 0x80, 0x00, 0xFF, 0xC0, 0x07, 0xFF, 0x00, 0x0B, 0xFE, 0x00, 0x0B, 0xFF,
    0x00, 0x7F, 0xF0, 0x00, 0x0F, 0xFE, 0x03, 0xFF, 0x40, 0x00, 0x1F, 0xFC, 0x2F, 0xF8, 0x00, 0x00,
    0x3F, 0xFC, 0xFF, 0xC0, 0x00, 0x0B, 0xFD, 0x03, 0xFF, 0x00, 0x00, 0x2F, 0xF4, 0x0F, 0xFC, 0x00,
    0x00, 0xBF, 0xD0, 0x3F, 0xF0, 0x00, 0x02, 0xFF, 0x40, 0xFF, 0xC0, 0x00, 0x0B, 0xFD, 0x03, 0xFF,
    0x00, 0x00, 0x2F, 0xF4, 0x0F, 0xFC, 0x00, 0x00, 0xBF, 0xD0, 0x3F, 0xF0, 0x00, 0x02, 0xFF, 0x40,
    0xFF, 0xC0, 0x00, 0x0B, 0xFD, 0x03, 0xFF, 0x00, 0x00, 0x2F, 0xF4, 0x0F, 0xFC, 0x00, 0x00, 0xBF,
    0xD0, 0x3F, 0xF0, 0x00, 0x02, 0xFF, 0x40, 0xFF, 0xC0, 0x00, 0x0B, 0xFD, 0x03, 0xFF, 0x00, 0x00,
    0x2F, 0xF4, 0x0F, 0xFC, 0x00, 0x00, 0xBF, 0xD0, 0x3F, 0xF0, 0x00, 0x02, 0xFF, 0x40, 0xFF, 0xC0,
    0x00, 0x0B, 0xFD, 0x03, 0xFF, 0x00, 0x00, 0x2F, 0xF4, 0x0F, 0xFC, 0x00, 0x00, 0xBF, 0xD0, 0x3F,
    0xF0, 0x00, 0x03, 0xFF, 0x40, 0xFF, 0xFF, 0xFF, 0xFF, 0xFF, 0xFB, 0xFF, 0xFF, 0xFF, 0xFF, 0xFF,
    0xEF, 0xFF, 0xFF, 0xFF, 0xFF, 0xFF, 0xBF, 0xFF, 0xFF, 0xFF, 0xFF, 0xFE, 0x00, 0x00, 0x00, 0x00,
    0x1F, 0xF8, 0x00, 0x00, 0x00, 0x00, 0x7F, 0xE0, 0x00, 0x00, 0x00, 0x01, 0xFF, 0x80, 0x00, 0x00,
    0x00, 0x07, 0xFE, 0x00, 0x00, 0x00, 0x00, 0x1F, 0xF8, 0xBF, 0xD0, 0x00, 0x0F, 0xFE, 0xFF, 0x40,
    0x00, 0x3F, 0xFB, 0xFD, 0x00, 0x00, 0xFF, 0xEF, 0xF4, 0x00, 0x03, 0xFF, 0xBF, 0xD0, 0x00, 0x0F,
    0xFE, 0xFF, 0x40, 0x00, 0x3F, 0xFB, 0xFD, 0x00, 0x00, 0xFF, 0xEF, 0xF4, 0x00, 0x03, 0xFF, 0xBF,
    0xD0, 0x00, 0x0F, 0xFE, 0xFF, 0x80, 0x00, 0x3F, 0xF7, 0xFF, 0x40, 0x00, 0xFF, 0xCF, 0xFF, 0xA5,
    0xBF, 0xFF, 0x2F, 0xFF, 0xFF, 0xFF, 0xFC, 0x3F, 0xFF, 0xFF, 0xFF, 0xF0, 0x2F, 0xFF, 0xFF, 0xFF,
    0xC0, 0x06, 0xAA, 0x43, 0xFF, 0x00, 0x00, 0x00, 0x0F, 0xFC, 0x00, 0x00, 0x00, 0x3F, 0xF0, 0x00,
    0x00, 0x00, 0xFF, 0xC0, 0x00, 0x00, 0x03, 0xFF, 0x00, 0x00, 0x00, 0x0F, 0xFC, 0x00, 0x00, 0x00,
    0x3F, 0xF0, 0x00, 0x00, 0x00, 0xFF, 0xC0, 0x00, 0x00, 0x03, 0xFF, 0x3F, 0xE0, 0x00, 0x2F, 0xF0,
    0x00, 0x1F, 0xF8, 0xFF, 0xC0, 0x00, 0xBF, 0xD0, 0x00, 0x7F, 0xF3, 0xFF, 0x00, 0x02, 0xFF, 0x40,
    0x01, 0xFF, 0xCF, 0xFC, 0x00, 0x0B, 0xFD, 0x00, 0x07, 0xFF, 0x3F, 0xF0, 0x00, 0x2F, 0xF4, 0x00,
    0x1F, 0xFC, 0xFF, 0xC0, 0x00, 0xBF, 0xD0, 0x00, 0x7F, 0xF3, 0xFF, 0x00, 0x02, 0xFF, 0x40, 0x01,
    0xFF, 0xCF, 0xFC, 0x00, 0x0B, 0xFD, 0x00, 0x07, 0xFF, 0x3F, 0xF0, 0x00, 0x2F, 0xF4, 0x00, 0x1F,
    0xFC, 0xFF, 0xC0, 0x00, 0xBF, 0xD0, 0x00, 0x7F, 0xF3, 0xFF, 0x00, 0x02, 0xFF, 0x40, 0x01, 0xFF,
    0xCF, 0xFC, 0x00, 0x0B, 0xFD, 0x00, 0x07, 0xFF, 0x3F, 0xF0, 0x00, 0x2F, 0xF4, 0x00, 0x1F, 0xFC,
    0xFF, 0xC0, 0x00, 0xBF, 0xD0, 0x00, 0x7F, 0xF3, 0xFF, 0x00, 0x02, 0xFF, 0x40, 0x01, 0xFF, 0xCF,
    0xFC, 0x00, 0x0B, 0xFD, 0x00, 0x07, 0xFF, 0x3F, 0xF0, 0x00, 0x2F, 0xF4, 0x00, 0x1F, 0xFC, 0xFF,
    0xC0, 0x00, 0xBF, 0xD0, 0x00, 0x7F, 0xF3, 0xFF, 0x00, 0x02, 0xFF, 0x40, 0x01, 0xFF, 0xCF, 0xFD,
    0x55, 0x5F, 0xFD, 0x55, 0x5B, 0xFF, 0x3F, 0xFF, 0xFF, 0xFF, 0xFF, 0xFF, 0xFF, 0xFC, 0xFF, 0xFF,
    0xFF, 0xFF, 0xFF, 0xFF, 0xFF, 0xF3, 0xFF, 0xFF, 0xFF, 0xFF, 0xFF, 0xFF, 0xFF, 0xCF, 0xFF, 0xFF,
    0xFF, 0xFF, 0xFF, 0xFF, 0xFF, 0x3F, 0xE0, 0x00, 0x2F, 0xF0, 0x00, 0x2F, 0xF4, 0x03, 0xFF, 0x00,
    0x03, 0xFF, 0x00, 0x02, 0xFF, 0x40, 0x3F, 0xF0, 0x00, 0x3F, 0xF0, 0x00, 0x2F, 0xF4, 0x03, 0xFF,
    0x00, 0x03, 0xFF, 0x00, 0x02, 0xFF, 0x40, 0x3F, 0xF0, 0x00, 0x3F, 0xF0, 0x00, 0x2F, 0xF4, 0x03,
    0xFF, 0x00, 0x03, 0xFF, 0x00, 0x02, 0xFF, 0x40, 0x3F, 0xF0, 0x00, 0x3F, 0xF0, 0x00, 0x2F, 0xF4,
    0x03, 0xFF, 0x00, 0x03, 0xFF, 0x00, 0x02, 0xFF, 0x40, 0x3F, 0xF0, 0x00, 0x3F, 0xF0, 0x00, 0x2F,
    0xF4, 0x03, 0xFF, 0x00, 0x03, 0xFF, 0x00, 0x02, 0xFF, 0x40, 0x3F, 0xF0, 0x00, 0x3F, 0xF0, 0x00,
    0x2F, 0xF4, 0x03, 0xFF, 0x00, 0x03, 0xFF, 0x00, 0x02, 0xFF, 0x40, 0x3F, 0xF0, 0x00, 0x3F, 0xF0,
    0x00, 0x2F, 0xF4, 0x03, 0xFF, 0x00, 0x03, 0xFF, 0x00, 0x02, 0xFF, 0x40, 0x3F, 0xF0, 0x00, 0x3F,
    0xF0, 0x00, 0x2F, 0xF4, 0x03, 0xFF, 0x00, 0x03, 0xFF, 0x00, 0x02, 0xFF, 0x40, 0x3F, 0xF0, 0x00,
    0x3F, 0xF0, 0x00, 0x2F, 0xF4, 0x03, 0xFF, 0x00, 0x03, 0xFF, 0x00, 0x02, 0xFF, 0x40, 0x3F, 0xF0,
    0x00, 0x3F, 0xF0, 0x00, 0x2F, 0xF4, 0x03, 0xFF, 0x00, 0x03, 0xFF, 0x40, 0x03, 0xFF, 0x80, 0x3F,
    0xFF, 0xFF, 0xFF, 0xFF, 0xFF, 0xFF, 0xFF, 0xE3, 0xFF, 0xFF, 0xFF, 0xFF, 0xFF, 0xFF, 0xFF, 0xFE,
    0x3F, 0xFF, 0xFF, 0xFF, 0xFF, 0xFF, 0xFF, 0xFF, 0xE3, 0xFF, 0xFF, 0xFF, 0xFF, 0xFF, 0xFF, 0xFF,
    0xFE, 0x00, 0x00, 0x00, 0x00, 0x00, 0x00, 0x00, 0x7F, 0xE0, 0x00, 0x00, 0x00, 0x00, 0x00, 0x00,
    0x07, 0xFE, 0x00, 0x00, 0x00, 0x00, 0x00, 0x00, 0x00, 0x7F, 0xE0, 0x00, 0x00, 0x00, 0x00, 0x00,
    0x00, 0x07, 0xFE, 0x00, 0x00, 0x00, 0x00, 0x00, 0x00, 0x00, 0x7F, 0xE0, 0x00, 0x00, 0x00, 0x00,
    0x00, 0x00, 0x01, 0x54, 0x7F, 0xFF, 0xFE, 0x00, 0x00, 0x00, 0x7F, 0xFF, 0xFE, 0x00, 0x00, 0x00,
    0x7F, 0xFF, 0xFE, 0x00, 0x00, 0x00, 0x7F, 0xFF, 0xFE, 0x00, 0x00, 0x00, 0x15, 0x5B, 0xFE, 0x00,
    0x00, 0x00, 0x00, 0x07, 0xFE, 0x00, 0x00, 0x00, 0x00, 0x07, 0xFE, 0x00, 0x00, 0x00, 0x00, 0x07,
    0xFE, 0x00, 0x00, 0x00, 0x00, 0x07, 0xFF, 0x55, 0x40, 0x00, 0x00, 0x07, 0xFF, 0xFF, 0xFE, 0x00,
    0x00, 0x07, 0xFF, 0xFF, 0xFF, 0xD0, 0x00, 0x07, 0xFF, 0xFF, 0xFF, 0xF0, 0x00, 0x07, 0xFF, 0xAB,
    0xFF, 0xFC, 0x00, 0x07, 0xFE, 0x00, 0x2F, 0xFC, 0x00, 0x07, 0xFE, 0x00, 0x0F, 0xFD, 0x00, 0x07,
    0xFE, 0x00, 0x0B, 0xFE, 0x00, 0x07, 0xFE, 0x00, 0x0B, 0xFE, 0x00, 0x07, 0xFE, 0x00, 0x0B, 0xFE,
    0x00, 0x07, 0xFE, 0x00, 0x0F, 0xFD, 0x00, 0x07, 0xFE, 0x01, 0xBF, 0xFC, 0x00, 0x07, 0xFF, 0xFF,
    0xFF, 0xF8, 0x00, 0x07, 0xFF, 0xFF, 0xFF, 0xF0, 0x00, 0x07, 0xFF, 0xFF, 0xFF, 0x80, 0x00, 0x07,
    0xFF, 0xFF, 0xE4, 0x00, 0xFF, 0xC0, 0x00, 0x00, 0x01, 0xFF, 0xBF, 0xF0, 0x00, 0x00, 0x00, 0x7F,
    0xEF, 0xFC, 0x00, 0x00, 0x00, 0x1F, 0xFB, 0xFF, 0x00, 0x00, 0x00, 0x07, 0xFE, 0xFF, 0xC0, 0x00,
    0x00, 0x01, 0xFF, 0xBF, 0xF0, 0x00, 0x00, 0x00, 0x7F, 0xEF, 0xFC, 0x00, 0x00, 0x00, 0x1F, 0xFB,
    0xFF, 0x00, 0x00, 0x00, 0x07, 0xFE, 0xFF, 0xEA, 0x94, 0x00, 0x01, 0xFF, 0xBF, 0xFF, 0xFF, 0xF4,
    0x00, 0x7F, 0xEF, 0xFF, 0xFF, 0xFF, 0x80, 0x1F, 0xFB, 0xFF, 0xFF, 0xFF, 0xF8, 0x07, 0xFE, 0xFF,
    0xEA, 0xBF, 0xFF, 0x01, 0xFF, 0xBF, 0xF0, 0x01, 0xFF, 0xD0, 0x7F, 0xEF, 0xFC, 0x00, 0x2F, 0xF8,
    0x1F, 0xFB, 0xFF, 0x00, 0x07, 0xFF, 0x07, 0xFE, 0xFF, 0xC0, 0x01, 0xFF, 0xC1, 0xFF, 0xBF, 0xF0,
    0x00, 0xBF, 0xF0, 0x7F, 0xEF, 0xFC, 0x00, 0x3F, 0xF8, 0x1F, 0xFB, 0xFF, 0x01, 0xBF, 0xFD, 0x07,
    0xFE, 0xFF, 0xFF, 0xFF, 0xFF, 0x01, 0xFF, 0xBF, 0xFF, 0xFF, 0xFF, 0x00, 0x7F, 0xEF, 0xFF, 0xFF,
    0xFE, 0x00, 0x1F, 0xFB, 0xFF, 0xFF, 0xF8, 0x00, 0x07, 0xFE, 0xAA, 0x80, 0x00, 0x00, 0x3F, 0xF0,
    0x00, 0x00, 0x0F, 0xFC, 0x00, 0x00, 0x03, 0xFF, 0x00, 0x00, 0x00, 0xFF, 0xC0, 0x00, 0x00, 0x3F,
    0xF0, 0x00, 0x00, 0x0F, 0xFC, 0x00, 0x00, 0x03, 0xFF, 0x00, 0x00, 0x00, 0xFF, 0xD5, 0x54, 0x00,
    0x3F, 0xFF, 0xFF, 0xE4, 0x0F, 0xFF, 0xFF, 0xFF, 0x83, 0xFF, 0xFF, 0xFF, 0xF8, 0xFF, 0xEA, 0xFF,
    0xFF, 0x3F, 0xF0, 0x01, 0xFF, 0xEF, 0xFC, 0x00, 0x2F, 0xFF, 0xFF, 0x00, 0x03, 0xFF, 0xFF, 0xC0,
    0x00, 0xFF, 0xFF, 0xF0, 0x00, 0x7F, 0xFF, 0xFC, 0x00, 0x3F, 0xFF, 0xFF, 0x00, 0x7F, 0xFD, 0xFF,
    0xFF, 0xFF, 0xFF, 0x3F, 0xFF, 0xFF, 0xFF, 0x0F, 0xFF, 0xFF, 0xFF, 0x03, 0xFF, 0xFF, 0xF9, 0x00,
    0x00, 0x00, 0x00, 0x00, 0x00, 0x0B, 0xFF, 0xF9, 0x00, 0x07, 0xFF, 0xFF, 0xFF, 0x40, 0x1F, 0xFF,
    0xFF, 0xFF, 0x40, 0x3F, 0xFF, 0xFF, 0xFF, 0x40, 0x7E, 0x40, 0x6F, 0xFF, 0x00, 0x40, 0x00, 0x0F,
    0xFE, 0x00, 0x00, 0x00, 0x1F, 0xFC, 0x00, 0x00, 0x00, 0x3F, 0xF4, 0x00, 0x00, 0x00, 0x7F, 0xE0,
    0x05, 0x55, 0x55, 0xFF, 0xC0, 0xBF, 0xFF, 0xFF, 0xFF, 0x02, 0xFF, 0xFF, 0xFF, 0xFC, 0x0B, 0xFF,
    0xFF, 0xFF, 0xF0, 0x2F, 0xFF, 0xFF, 0xFF, 0xC0, 0x00, 0x00, 0x07, 0xFF, 0x00, 0x00, 0x00, 0x2F,
    0xF8, 0x00, 0x00, 0x00, 0xFF, 0xD0, 0x00, 0x00, 0x07, 0xFF, 0x00, 0x00, 0x00, 0x3F, 0xFC, 0x39,
    0x00, 0x0B, 0xFF, 0xD0, 0xFF, 0xFF, 0xFF, 0xFE, 0x03, 0xFF, 0xFF, 0xFF, 0xE0, 0x0F, 0xFF, 0xFF,
    0xFD, 0x00, 0x1B, 0xFF, 0xFF, 0x80, 0x00, 0x00, 0x15, 0x00, 0x00, 0x00, 0x00, 0x00, 0x00, 0x00,
    0x00, 0x00, 0x00, 0x0F, 0xFC, 0x00, 0x00, 0x7F, 0xFF, 0x80, 0x00, 0xFF, 0xC0, 0x00, 0x7F, 0xFF,
    0xFF, 0x80, 0x0F, 0xFC, 0x00, 0x2F, 0xFF, 0xFF, 0xFF, 0x00, 0xFF, 0xC0, 0x07, 0xFF, 0xFF, 0xFF,
    0xF8, 0x0F, 0xFC, 0x00, 0xFF, 0xF4, 0x07, 0xFF, 0xD0, 0xFF, 0xC0, 0x2F, 0xFC, 0x00, 0x0F, 0xFF,
    0x0F, 0xFC, 0x03, 0xFF, 0x00, 0x00, 0x3F, 0xF0, 0xFF, 0xC0, 0x7F, 0xF0, 0x00, 0x03, 0xFF, 0x8F,
    0xFC, 0x0B, 0xFD, 0x00, 0x00, 0x1F, 0xF8, 0xFF, 0xD5, 0xFF, 0xD0, 0x00, 0x01, 0xFF, 0xCF, 0xFF,
    0xFF, 0xFC, 0x00, 0x00, 0x0F, 0xFC, 0xFF, 0xFF, 0xFF, 0xC0, 0x00, 0x00, 0xFF, 0xCF, 0xFF, 0xFF,
    0xFC, 0x00, 0x00, 0x0F, 0xFC, 0xFF, 0xEA, 0xFF, 0xC0, 0x00, 0x00, 0xFF, 0xCF, 0xFC, 0x0B, 0xFD,
    0x00, 0x00, 0x1F, 0xFC, 0xFF, 0xC0, 0xBF, 0xD0, 0x00, 0x01, 0xFF, 0xCF, 0xFC, 0x07, 0xFE, 0x00,
    0x00, 0x2F, 0xF8, 0xFF, 0xC0, 0x3F, 0xF0, 0x00, 0x03, 0xFF, 0x4F, 0xFC, 0x02, 0xFF, 0xC0, 0x00,
    0xFF, 0xF0, 0xFF, 0xC0, 0x0F, 0xFF, 0x00, 0x3F, 0xFD, 0x0F, 0xFC, 0x00, 0xBF, 0xFF, 0xFF, 0xFF,
    0xC0, 0xFF, 0xC0, 0x02, 0xFF, 0xFF, 0xFF, 0xF0, 0x0F, 0xFC, 0x00, 0x0B, 0xFF, 0xFF, 0xF8, 0x00,
    0xFF, 0xC0, 0x00, 0x0B, 0xFF, 0xF9, 0x00, 0x00, 0x00, 0x00, 0x00, 0x01, 0x50, 0x00, 0x00, 0x00,
    0x00, 0x6B, 0xFF, 0xFE, 0x00, 0x1F, 0xFF, 0xFF, 0xFE, 0x00, 0x7F, 0xFF, 0xFF, 0xFE, 0x01, 0xFF,
    0xFF, 0xFF, 0xFE, 0x03, 0xFF, 0xF5, 0x5B, 0xFE, 0x03, 0xFF, 0x80, 0x07, 0xFE, 0x07, 0xFF, 0x00,
    0x07, 0xFE, 0x07, 0xFF, 0x00, 0x07, 0xFE, 0x03, 0xFF, 0x00, 0x07, 0xFE, 0x03, 0xFF, 0x40, 0x07,
    0xFE, 0x02, 0xFF, 0xD0, 0x07, 0xFE, 0x00, 0xFF, 0xFF, 0xFF, 0xFE, 0x00, 0x7F, 0xFF, 0xFF, 0xFE,
    0x00, 0x0B, 0xFF, 0xFF, 0xFE, 0x00, 0x03, 0xFF, 0xFF, 0xFE, 0x00, 0x0F, 0xFE, 0x07, 0xFE, 0x00,
    0x1F, 0xFC, 0x07, 0xFE, 0x00, 0x3F, 0xF4, 0x07, 0xFE, 0x00, 0xBF, 0xF0, 0x07, 0xFE, 0x01, 0xFF,
    0xC0, 0x07, 0xFE, 0x03, 0xFF, 0x80, 0x07, 0xFE, 0x0B, 0xFF, 0x00, 0x07, 0xFE, 0x1F, 0xFD, 0x00,
    0x07, 0xFE, 0x3F, 0xF8, 0x00, 0x07, 0xFE, 0x00, 0x05, 0xA5, 0x00, 0x01, 0xFF, 0xFF, 0xF8, 0x01,
    0xFF, 0xFF, 0xFF, 0xC0, 0x3F, 0xFF, 0xFF, 0xF8, 0x07, 0xE4, 0x1B, 0xFF, 0x00, 0x00, 0x00, 0xFF,
    0xD0, 0x00, 0x00, 0x2F, 0xF4, 0x00, 0x01, 0x5B, 0xFE, 0x01, 0xBF, 0xFF, 0xFF, 0x82, 0xFF, 0xFF,
    0xFF, 0xE2, 0xFF, 0xFE, 0xBF, 0xF9, 0xFF, 0xD0, 0x07, 0xFE, 0xBF, 0xE0, 0x01, 0xFF, 0xAF, 0xF4,
    0x00, 0xBF, 0xEB, 0xFE, 0x00, 0x7F, 0xF9, 0xFF, 0xE5, 0xBF, 0xFE, 0x3F, 0xFF, 0xFF, 0xFF, 0x87,
    0xFF, 0xFF, 0x2F, 0xE0, 0x7F, 0xFE, 0x03, 0xF8, 0x00, 0x50, 0x00, 0x00, 0x00, 0x00, 0x00, 0x5A,
    0x40, 0x00, 0x02, 0xFF, 0xFD, 0x00, 0x01, 0xFF, 0xFF, 0xF8, 0x00, 0x2F, 0xFF, 0xFF, 0xE0, 0x02,
    0xFF, 0xFF, 0xFF, 0x80, 0x1F, 0xFF, 0xE4, 0x00, 0x00, 0xFF, 0xE0, 0x00, 0x00, 0x07, 0xFE, 0x00,
    0x00, 0x00, 0x2F, 0xF0, 0x05, 0x40, 0x00, 0xFF, 0x87, 0xFF, 0xE0, 0x03, 0xFD, 0xBF, 0xFF, 0xF0,
    0x1F, 0xFB, 0xFF, 0xFF, 0xF0, 0x7F, 0xFF, 0xAB, 0xFF, 0xD1, 0xFF, 0xF0, 0x03, 0xFF, 0xC7, 0xFF,
    0x40, 0x03, 0xFF, 0x1F, 0xFC, 0x00, 0x0F, 0xFD, 0x7F, 0xF0, 0x00, 0x2F, 0xF5, 0xFF, 0xC0, 0x00,
    0xBF, 0xD3, 0xFF, 0x00, 0x02, 0xFF, 0x4F, 0xFC, 0x00, 0x0F, 0xFC, 0x2F, 0xF4, 0x00, 0x3F, 0xF0,
    0x7F, 0xF0, 0x03, 0xFF, 0x80, 0xFF, 0xFA, 0xBF, 0xFC, 0x00, 0xFF, 0xFF, 0xFF, 0xD0, 0x01, 0xFF,
    0xFF, 0xFD, 0x00, 0x00, 0xBF, 0xFF, 0x80, 0x00, 0x00, 0x05, 0x40, 0x00, 0x00, 0x00, 0x00, 0x00,
    0x00, 0x2F, 0xFF, 0xFF, 0xE4, 0x0B, 0xFF, 0xFF, 0xFF, 0xC2, 0xFF, 0xFF, 0xFF, 0xF8, 0xBF, 0xE5,
    0x5F, 0xFF, 0x2F, 0xF4, 0x00, 0xFF, 0xCB, 0xFD, 0x00, 0x3F, 0xF2, 0xFF, 0x80, 0x2F, 0xF4, 0xBF,
    0xFF, 0xFF, 0xF8, 0x2F, 0xFF, 0xFF, 0xF4, 0x0B, 0xFF, 0xFF, 0xFF, 0xC2, 0xFF, 0x95, 0x6F, 0xFC,
    0xBF, 0xD0, 0x03, 0xFF, 0x6F, 0xF4, 0x00, 0xBF, 0xEB, 0xFD, 0x00, 0x3F, 0xF6, 0xFF, 0x95, 0xBF,
    0xFC, 0xBF, 0xFF, 0xFF, 0xFE, 0x2F, 0xFF, 0xFF, 0xFE, 0x0B, 0xFF, 0xFF, 0xF8, 0x00, 0x00, 0x00,
    0x00, 0x07, 0xFF, 0xFF, 0xFC, 0x7F, 0xFF, 0xFF, 0xC7, 0xFF, 0xFF, 0xFC, 0x7F, 0xFA, 0xAA, 0x87,
    0xFE, 0x00, 0x00, 0x7F, 0xE0, 0x00, 0x07, 0xFE, 0x00, 0x00, 0x7F, 0xE0, 0x00, 0x07, 0xFE, 0x00,
    0x00, 0x7F, 0xE0, 0x00, 0x07, 0xFE, 0x00, 0x00, 0x7F, 0xE0, 0x00, 0x07, 0xFE, 0x00, 0x00, 0x7F,
    0xE0, 0x00, 0x07, 0xFE, 0x00, 0x00, 0x7F, 0xE0, 0x00, 0x07, 0xFE, 0x00, 0x00, 0x7F, 0xE0, 0x00,
    0x00, 0x00, 0x00, 0x00, 0x00, 0x00, 0x00, 0x2F, 0xFF, 0xFF, 0xFD, 0x00, 0x0B, 0xFF, 0xFF, 0xFF,
    0x40, 0x02, 0xFF, 0xFF, 0xFF, 0xD0, 0x00, 0xBF, 0xEA, 0xBF, 0xF4, 0x00, 0x2F, 0xF0, 0x0B, 0xFD,
    0x00, 0x0B, 0xF8, 0x02, 0xFF, 0x40, 0x03, 0xFE, 0x00, 0xBF, 0xD0, 0x00, 0xFF, 0x80, 0x2F, 0xF4,
    0x00, 0x3F, 0xE0, 0x0B, 0xFD, 0x00, 0x0F, 0xF4, 0x02, 0xFF, 0x40, 0x03, 0xFD, 0x00, 0xBF, 0xD0,
    0x01, 0xFF, 0x00, 0x2F, 0xF4, 0x00, 0xFF, 0xC0, 0x0B, 0xFD, 0x00, 0x7F, 0xD0, 0x02, 0xFF, 0x42,
    0xFF, 0xFF, 0xFF, 0xFF, 0xFE, 0xFF, 0xFF, 0xFF, 0xFF, 0xFF, 0xFF, 0xFF, 0xFF, 0xFF, 0xFF, 0xFF,
    0xFF, 0xFF, 0xFF, 0xFF, 0xFF, 0xFF, 0x00, 0x00, 0x02, 0xFF, 0xFF, 0xC0, 0x00, 0x00, 0xBF, 0xFF,
    0xF0, 0x00, 0x00, 0x2F, 0xFF, 0xFC, 0x00, 0x00, 0x0B, 0xFE, 0xAA, 0x00, 0x00, 0x01, 0xAA, 0x00,
    0x01, 0xA5, 0x00, 0x00, 0x07, 0xFF, 0xFE, 0x00, 0x02, 0xFF, 0xFF, 0xFC, 0x00, 0xBF, 0xFF, 0xFF,
    0xF0, 0x1F, 0xFD, 0x07, 0xFF, 0x43, 0xFF, 0x40, 0x0F, 0xF8, 0x3F, 0xF0, 0x00, 0xBF, 0xC7, 0xFF,
    0x00, 0x0B, 0xFC, 0xBF, 0xFF, 0xFF, 0xFF, 0xCB, 0xFF, 0xFF, 0xFF, 0xFC, 0xBF, 0xFF, 0xFF, 0xFF,
    0xCB, 0xFE, 0x00, 0x00, 0x00, 0x7F, 0xE0, 0x00, 0x00, 0x03, 0xFF, 0x00, 0x00, 0x00, 0x3F, 0xFC,
    0x00, 0x06, 0x00, 0xFF, 0xFE, 0xAB, 0xF0, 0x07, 0xFF, 0xFF, 0xFF, 0x00, 0x1F, 0xFF, 0xFF, 0xF0,
    0x00, 0x2F, 0xFF, 0xF9, 0x00, 0x00, 0x05, 0x50, 0x00, 0x00, 0x00, 0x00, 0x00, 0x00, 0x00, 0x00,
    0x0B, 0xFD, 0x00, 0x3F, 0xE0, 0x01, 0xFF, 0x80, 0xFF, 0xC0, 0x0F, 0xF8, 0x00, 0xFF, 0xC0, 0x1F,
    0xF8, 0x03, 0xFE, 0x00, 0xFF, 0xC0, 0x02, 0xFF, 0x40, 0xFF, 0x80, 0x7F, 0xE0, 0x00, 0x3F, 0xF0,
    0x3F, 0xE0, 0x3F, 0xF0, 0x00, 0x07, 0xFE, 0x0F, 0xF8, 0x3F, 0xF0, 0x00, 0x00, 0xBF, 0xD3, 0xFF,
    0x2F, 0xF4, 0x00, 0x00, 0x0F, 0xFF, 0xFF, 0xFF, 0xFC, 0x00, 0x00, 0x01, 0xFF, 0xFF, 0xFF, 0xFD,
    0x00, 0x00, 0x00, 0xFF, 0xFF, 0xFF, 0xFF, 0xC0, 0x00, 0x00, 0xBF, 0xFB, 0xFF, 0xBF, 0xF8, 0x00,
    0x00, 0x7F, 0xF0, 0xFF, 0x83, 0xFF, 0x40, 0x00, 0x3F, 0xF4, 0x3F, 0xE0, 0xBF, 0xF0, 0x00, 0x2F,
    0xFC, 0x0F, 0xF8, 0x0F, 0xFE, 0x00, 0x1F, 0xFC, 0x03, 0xFE, 0x01, 0xFF, 0xD0, 0x0F, 0xFD, 0x00,
    0xFF, 0x80, 0x2F, 0xFC, 0x0F, 0xFF, 0x00, 0x3F, 0xE0, 0x03, 0xFF, 0x87, 0xFF, 0x00, 0x0F, 0xF8,
    0x00, 0x7F, 0xF4, 0x00, 0x5A, 0x50, 0x01, 0xBF, 0xFF, 0xFC, 0x0B, 0xFF, 0xFF, 0xFD, 0x0F, 0xFF,
    0xFF, 0xFC, 0x3E, 0x40, 0x7F, 0xF4, 0x00, 0x00, 0xBF, 0xD0, 0x00, 0x02, 0xFF, 0x00, 0x00, 0x2F,
    0xF8, 0x03, 0xFF, 0xFF, 0x80, 0x0F, 0xFF, 0xF4, 0x00, 0x3F, 0xFF, 0xFD, 0x00, 0x55, 0x6F, 0xFC,
    0x00, 0x00, 0x1F, 0xF8, 0x00, 0x00, 0x3F, 0xF4, 0x00, 0x02, 0xFF, 0xEF, 0xAA, 0xBF, 0xFE, 0xBF,
    0xFF, 0xFF, 0xF2, 0xFF, 0xFF, 0xFF, 0x46, 0xFF, 0xFF, 0xE0, 0x00, 0x05, 0x40, 0x00, 0x00, 0x00,
    0x00, 0x00, 0x07, 0xFE, 0x00, 0x1F, 0xFF, 0x7F, 0xE0, 0x03, 0xFF, 0xF7, 0xFE, 0x00, 0x7F, 0xFF,
    0x7F, 0xE0, 0x0F, 0xFF, 0xF7, 0xFE, 0x01, 0xFF, 0xFF, 0x7F, 0xE0, 0x3F, 0xFF, 0xF7, 0xFE, 0x07,
    0xFB, 0xFF, 0x7F, 0xD0, 0xFF, 0x3F, 0xF7, 0xFD, 0x2F, 0xD3, 0xFF, 0x7F, 0xD3, 0xFC, 0x3F, 0xF7,
    0xFD, 0xBF, 0x43, 0xFF, 0x7F, 0xDF, 0xF0, 0x3F, 0xF7, 0xFF, 0xFD, 0x03, 0xFF, 0x7F, 0xFF, 0x80,
    0x3F, 0xF7, 0xFF, 0xF0, 0x03, 0xFF, 0x7F, 0xFE, 0x00, 0x3F, 0xF7, 0xFF, 0xC0, 0x03, 0xFF, 0x7F,
    0xF8, 0x00, 0x3F, 0xF0, 0x02, 0xA8, 0x02, 0xA9, 0x00, 0x3F, 0xD0, 0x3F, 0xD0, 0x02, 0xFF, 0x4B,
    0xFC, 0x00, 0x0F, 0xFF, 0xFF, 0x80, 0x00, 0x7F, 0xFF, 0xE0, 0x00, 0x00, 0x6F, 0xA0, 0x00, 0x00,
    0x00, 0x00, 0x00, 0x00, 0x00, 0x00, 0x00, 0x00, 0x7F, 0xE0, 0x01, 0xFF, 0xF7, 0xFE, 0x00, 0x3F,
    0xFF, 0x7F, 0xE0, 0x07, 0xFF, 0xF7, 0xFE, 0x00, 0xFF, 0xFF, 0x7F, 0xE0, 0x1F, 0xFF, 0xF7, 0xFE,
    0x03, 0xFF, 0xFF, 0x7F, 0xE0, 0x7F, 0xBF, 0xF7, 0xFD, 0x0F, 0xF3, 0xFF, 0x7F, 0xD2, 0xFD, 0x3F,
    0xF7, 0xFD, 0x3F, 0xC3, 0xFF, 0x7F, 0xDB, 0xF4, 0x3F, 0xF7, 0xFD, 0xFF, 0x03, 0xFF, 0x7F, 0xFF,
    0xD0, 0x3F, 0xF7, 0xFF, 0xF8, 0x03, 0xFF, 0x7F, 0xFF, 0x00, 0x3F, 0xF7, 0xFF, 0xE0, 0x03, 0xFF,
    0x7F, 0xFC, 0x00, 0x3F, 0xF7, 0xFF, 0x80, 0x03, 0xFF, 0x00, 0x00, 0x00, 0x00, 0x01, 0xFF, 0x80,
    0x03, 0xFF, 0x47, 0xFE, 0x00, 0x2F, 0xF8, 0x1F, 0xF8, 0x00, 0xFF, 0xC0, 0x7F, 0xE0, 0x0F, 0xFC,
    0x01, 0xFF, 0x80, 0xBF, 0xD0, 0x07, 0xFE, 0x07, 0xFE, 0x00, 0x1F, 0xF8, 0x7F, 0xF0, 0x00, 0x7F,
    0xFF, 0xFF, 0x40, 0x01, 0xFF, 0xFF, 0xFC, 0x00, 0x07, 0xFF, 0xFF, 0xF4, 0x00, 0x1F, 0xFE, 0xFF,
    0xF0, 0x00, 0x7F, 0xE0, 0xFF, 0xF0, 0x01, 0xFF, 0x80, 0xFF, 0xE0, 0x07, 0xFE, 0x01, 0xFF, 0xC0,
    0x1F, 0xF8, 0x03, 0xFF, 0xC0, 0x7F, 0xE0, 0x03, 0xFF, 0x81, 0xFF, 0x80, 0x07, 0xFF, 0x47, 0xFE,
    0x00, 0x0B, 0xFF, 0x00, 0x00, 0x00, 0x00, 0x00, 0x00, 0x03, 0xFF, 0xFF, 0xFF, 0xD0, 0x0F, 0xFF,
    0xFF, 0xFF, 0x40, 0x3F, 0xFF, 0xFF, 0xFD, 0x00, 0xFF, 0xEA, 0xBF, 0xF4, 0x03, 0xFD, 0x00, 0xBF,
    0xD0, 0x0F, 0xF4, 0x02, 0xFF, 0x40, 0x3F, 0xD0, 0x0B, 0xFD, 0x00, 0xFF, 0x40, 0x2F, 0xF4, 0x07,
    0xFC, 0x00, 0xBF, 0xD0, 0x1F, 0xF0, 0x02, 0xFF, 0x40, 0x7F, 0xC0, 0x0B, 0xFD, 0x02, 0xFF, 0x00,
    0x2F, 0xF4, 0x0F, 0xFC, 0x00, 0xBF, 0xD0, 0x7F, 0xE0, 0x02, 0xFF, 0x7F, 0xFF, 0x40, 0x0B, 0xFD,
    0xFF, 0xFC, 0x00, 0x2F, 0xF7, 0xFF, 0xE0, 0x00, 0xBF, 0xDF, 0xFD, 0x00, 0x02, 0xFF, 0x40, 0x00,
    0x00, 0x00, 0x00, 0x00, 0x00, 0x00, 0x00, 0x00, 0x00, 0x7F, 0xFF, 0x00, 0x00, 0xFF, 0xFC, 0x7F,
    0xFF, 0x40, 0x00, 0xFF, 0xFC, 0x7F, 0xFF, 0x80, 0x02, 0xFF, 0xFC, 0x7F, 0xFF, 0xC0, 0x03, 0xFF,
    0xFC, 0x7F, 0xFF, 0xD0, 0x03, 0xFF, 0xFC, 0x7F, 0xEF, 0xE0, 0x0B, 0xFB, 0xFC, 0x7F, 0xDF, 0xF0,
    0x0F, 0xF7, 0xFC, 0x7F, 0xDB, 0xF4, 0x1F, 0xE7, 0xFC, 0x7F, 0xD3, 0xFC, 0x2F, 0xC7, 0xFC, 0x7F,
    0xD3, 0xFC, 0x3F, 0xC7, 0xFC, 0x7F, 0xD2, 0xFD, 0x7F, 0x47, 0xFC, 0x7F, 0xD0, 0xFF, 0xBF, 0x07,
    0xFC, 0x7F, 0xD0, 0xFF, 0xFF, 0x07, 0xFC, 0x7F, 0xD0, 0x7F, 0xFD, 0x07, 0xFC, 0x7F, 0xD0, 0x3F,
    0xFC, 0x07, 0xFC, 0x7F, 0xD0, 0x3F, 0xF8, 0x07, 0xFC, 0x7F, 0xD0, 0x1F, 0xF4, 0x07, 0xFC, 0x7F,
    0xD0, 0x0F, 0xF0, 0x07, 0xFC, 0x00, 0x00, 0x00, 0x00, 0x07, 0xFE, 0x00, 0x0F, 0xFC, 0x7F, 0xE0,
    0x00, 0xFF, 0xC7, 0xFE, 0x00, 0x0F, 0xFC, 0x7F, 0xE0, 0x00, 0xFF, 0xC7, 0xFE, 0x00, 0x0F, 0xFC,
    0x7F, 0xE0, 0x00, 0xFF, 0xC7, 0xFE, 0x00, 0x0F, 0xFC, 0x7F, 0xFF, 0xFF, 0xFF, 0xC7, 0xFF, 0xFF,
    0xFF, 0xFC, 0x7F, 0xFF, 0xFF, 0xFF, 0xC7, 0xFF, 0xAA, 0xAF, 0xFC, 0x7F, 0xE0, 0x00, 0xFF, 0xC7,
    0xFE, 0x00, 0x0F, 0xFC, 0x7F, 0xE0, 0x00, 0xFF, 0xC7, 0xFE, 0x00, 0x0F, 0xFC, 0x7F, 0xE0, 0x00,
    0xFF, 0xC7, 0xFE, 0x00, 0x0F, 0xFC, 0x7F, 0xE0, 0x00, 0xFF, 0xC0, 0x00, 0x01, 0x65, 0x00, 0x00,
    0x01, 0xFF, 0xFF, 0x80, 0x00, 0x2F, 0xFF, 0xFF, 0xD0, 0x02, 0xFF, 0xFF, 0xFF, 0xD0, 0x1F, 0xFE,
    0x57, 0xFF, 0xC0, 0xFF, 0xE0, 0x03, 0xFF, 0x43, 0xFF, 0x00, 0x07, 0xFF, 0x1F, 0xF8, 0x00, 0x0F,
    0xFC, 0x7F, 0xE0, 0x00, 0x3F, 0xF2, 0xFF, 0x80, 0x00, 0xFF, 0xDB, 0xFE, 0x00, 0x03, 0xFF, 0x1F,
    0xF8, 0x00, 0x0F, 0xFC, 0x7F, 0xF0, 0x00, 0x3F, 0xF0, 0xFF, 0xC0, 0x01, 0xFF, 0x82, 0xFF, 0x80,
    0x0F, 0xFD, 0x03, 0xFF, 0xE6, 0xFF, 0xF0, 0x07, 0xFF, 0xFF, 0xFF, 0x00, 0x07, 0xFF, 0xFF, 0xF0,
    0x00, 0x02, 0xFF, 0xFD, 0x00, 0x00, 0x00, 0x15, 0x00, 0x00, 0x00, 0x00, 0x00, 0x00, 0x1F, 0xFF,
    0xFF, 0xFF, 0xF7, 0xFF, 0xFF, 0xFF, 0xFD, 0xFF, 0xFF, 0xFF, 0xFF, 0x7F, 0xFA, 0xAA, 0xFF, 0xDF,
    0xF8, 0x00, 0x3F, 0xF7, 0xFE, 0x00, 0x0F, 0xFD, 0xFF, 0x80, 0x03, 0xFF, 0x7F, 0xE0, 0x00, 0xFF,
    0xDF, 0xF8, 0x00, 0x3F, 0xF7, 0xFE, 0x00, 0x0F, 0xFD, 0xFF, 0x80, 0x03, 0xFF, 0x7F, 0xE0, 0x00,
    0xFF, 0xDF, 0xF8, 0x00, 0x3F, 0xF7, 0xFE, 0x00, 0x0F, 0xFD, 0xFF, 0x80, 0x03, 0xFF, 0x7F, 0xE0,
    0x00, 0xFF, 0xDF, 0xF8, 0x00, 0x3F, 0xF7, 0xFE, 0x00, 0x0F, 0xFC, 0x00, 0x00, 0x19, 0x40, 0x07,
    0xFC, 0x2F, 0xFF, 0x40, 0x7F, 0xCF, 0xFF, 0xFD, 0x07, 0xFF, 0xFF, 0xFF, 0xF0, 0x7F, 0xFF, 0x5B,
    0xFF, 0x87, 0xFF, 0x80, 0x1F, 0xFC, 0x7F, 0xF0, 0x00, 0xFF, 0xD7, 0xFF, 0x00, 0x0B, 0xFE, 0x7F,
    0xE0, 0x00, 0x7F, 0xE7, 0xFE, 0x00, 0x07, 0xFE, 0x7F, 0xE0, 0x00, 0x7F, 0xE7, 0xFE, 0x00, 0x0B,
    0xFE, 0x7F, 0xF0, 0x00, 0xBF, 0xD7, 0xFF, 0x00, 0x0F, 0xFD, 0x7F, 0xFC, 0x02, 0xFF, 0xC7, 0xFF,
    0xFE, 0xFF, 0xF8, 0x7F, 0xFF, 0xFF, 0xFF, 0x07, 0xFE, 0xFF, 0xFF, 0xC0, 0x7F, 0xE2, 0xFF, 0xE0,
    0x07, 0xFE, 0x00, 0x50, 0x00, 0x7F, 0xE0, 0x00, 0x00, 0x07, 0xFE, 0x00, 0x00, 0x00, 0x7F, 0xE0,
    0x00, 0x00, 0x07, 0xFE, 0x00, 0x00, 0x00, 0x7F, 0xE0, 0x00, 0x00, 0x07, 0xFE, 0x00, 0x00, 0x00,
    0x7F, 0xE0, 0x00, 0x00, 0x00, 0x00, 0x01, 0x69, 0x40, 0x00, 0x7F, 0xFF, 0xF8, 0x02, 0xFF, 0xFF,
    0xFC, 0x0B, 0xFF, 0xFF, 0xF8, 0x1F, 0xFF, 0x96, 0xF0, 0x3F, 0xFC, 0x00, 0x00, 0x3F, 0xF4, 0x00,
    0x00, 0x7F, 0xF0, 0x00, 0x00, 0xBF, 0xE0, 0x00, 0x00, 0xBF, 0xE0, 0x00, 0x00, 0xBF, 0xE0, 0x00,
    0x00, 0xBF, 0xE0, 0x00, 0x00, 0x7F, 0xF0, 0x00, 0x00, 0x3F, 0xF4, 0x00, 0x00, 0x3F, 0xFD, 0x00,
    0x04, 0x1F, 0xFF, 0xFB, 0xF8, 0x0B, 0xFF, 0xFF, 0xF8, 0x02, 0xFF, 0xFF, 0xF8, 0x00, 0x2F, 0xFF,
    0xE4, 0x00, 0x00, 0x54, 0x00, 0x00, 0x00, 0x00, 0x00, 0x2F, 0xFF, 0xFF, 0xFF, 0xEB, 0xFF, 0xFF,
    0xFF, 0xFA, 0xFF, 0xFF, 0xFF, 0xFE, 0x6A, 0xAF, 0xFE, 0xAA, 0x40, 0x03, 0xFF, 0x00, 0x00, 0x00,
    0xFF, 0xC0, 0x00, 0x00, 0x3F, 0xF0, 0x00, 0x00, 0x0F, 0xFC, 0x00, 0x00, 0x03, 0xFF, 0x00, 0x00,
    0x00, 0xFF, 0xC0, 0x00, 0x00, 0x3F, 0xF0, 0x00, 0x00, 0x0F, 0xFC, 0x00, 0x00, 0x03, 0xFF, 0x00,
    0x00, 0x00, 0xFF, 0xC0, 0x00, 0x00, 0x3F, 0xF0, 0x00, 0x00, 0x0F, 0xFC, 0x00, 0x00, 0x03, 0xFF,
    0x00, 0x00, 0x00, 0xFF, 0xC0, 0x00, 0x00, 0x00, 0x00, 0x00, 0x00, 0x0F, 0xFE, 0x00, 0x01, 0xFF,
    0xC1, 0xFF, 0xC0, 0x00, 0xBF, 0xD0, 0x3F, 0xF4, 0x00, 0x3F, 0xF0, 0x0B, 0xFE, 0x00, 0x1F, 0xF8,
    0x00, 0xFF, 0xC0, 0x0B, 0xFD, 0x00, 0x2F, 0xF4, 0x03, 0xFF, 0x00, 0x07, 0xFE, 0x01, 0xFF, 0x80,
    0x00, 0xFF, 0xC0, 0xBF, 0xC0, 0x00, 0x2F, 0xF0, 0x3F, 0xF0, 0x00, 0x03, 0xFE, 0x1F, 0xF4, 0x00,
    0x00, 0xBF, 0xCB, 0xFC, 0x00, 0x00, 0x1F, 0xF3, 0xFE, 0x00, 0x00, 0x03, 0xFE, 0xFF, 0x40, 0x00,
    0x00, 0xBF, 0xFF, 0xC0, 0x00, 0x00, 0x0F, 0xFF, 0xE0, 0x00, 0x00, 0x02, 0xFF, 0xF0, 0x00, 0x00,
    0x00, 0x7F, 0xFC, 0x00, 0x00, 0x00, 0x0F, 0xFD, 0x00, 0x00, 0x00, 0x03, 0xFF, 0x00, 0x00, 0x00,
    0x01, 0xFF, 0x80, 0x00, 0x00, 0x00, 0xFF, 0xC0, 0x00, 0x00, 0x41, 0xFF, 0xF0, 0x00, 0x00, 0x3F,
    0xFF, 0xF0, 0x00, 0x00, 0x0F, 0xFF, 0xF4, 0x00, 0x00, 0x03, 0xFF, 0xF4, 0x00, 0x00, 0x00, 0xBF,
    0xE0, 0x00, 0x00, 0x00, 0x00, 0x00, 0x05, 0x54, 0x00, 0x00, 0x00, 0x00, 0x03, 0xFF, 0x00, 0x00,
    0x00, 0x00, 0x00, 0xFF, 0xC0, 0x00, 0x00, 0x00, 0x00, 0x3F, 0xF0, 0x00, 0x00, 0x00, 0x00, 0x0F,
    0xFC, 0x00, 0x00, 0x00, 0x00, 0x03, 0xFF, 0x00, 0x00, 0x00, 0x00, 0x00, 0xFF, 0xC0, 0x00, 0x00,
    0x00, 0x01, 0x7F, 0xF5, 0x00, 0x00, 0x00, 0x1F, 0xFF, 0xFF, 0xFD, 0x00, 0x00, 0x7F, 0xFF, 0xFF,
    0xFF, 0xF4, 0x00, 0x7F, 0xFF, 0xFF, 0xFF, 0xFF, 0x40, 0x3F, 0xFD, 0x3F, 0xF1, 0xFF, 0xF0, 0x2F,
    0xFC, 0x0F, 0xFC, 0x0F, 0xFE, 0x0F, 0xFC, 0x03, 0xFF, 0x00, 0xFF, 0xC7, 0xFE, 0x00, 0xFF, 0xC0,
    0x2F, 0xF5, 0xFF, 0x80, 0x3F, 0xF0, 0x0B, 0xFD, 0xBF, 0xD0, 0x0F, 0xFC, 0x01, 0xFF, 0xAF, 0xF4,
    0x03, 0xFF, 0x00, 0x7F, 0xE7, 0xFE, 0x00, 0xFF, 0xC0, 0x2F, 0xF5, 0xFF, 0xC0, 0x3F, 0xF0, 0x0F,
    0xFD, 0x3F, 0xF4, 0x0F, 0xFC, 0x07, 0xFF, 0x0B, 0xFF, 0x03, 0xFF, 0x03, 0xFF, 0x80, 0xFF, 0xF9,
    0xFF, 0xDB, 0xFF, 0xC0, 0x0F, 0xFF, 0xFF, 0xFF, 0xFF, 0xC0, 0x00, 0xBF, 0xFF, 0xFF, 0xFF, 0x80,
    0x00, 0x02, 0xFF, 0xFF, 0xFE, 0x40, 0x00, 0x00, 0x00, 0xFF, 0xC0, 0x00, 0x00, 0x00, 0x00, 0x3F,
    0xF0, 0x00, 0x00, 0x00, 0x00, 0x0F, 0xFC, 0x00, 0x00, 0x00, 0x00, 0x03, 0xFF, 0x00, 0x00, 0x00,
    0x00, 0x00, 0xFF, 0xC0, 0x00, 0x00, 0x00, 0x00, 0x3F, 0xF0, 0x00, 0x00, 0x00, 0x00, 0x0F, 0xFC,
    0x00, 0x00, 0x00, 0x00, 0x03, 0xFF, 0x00, 0x00, 0x00, 0x00, 0x00, 0x00, 0x00, 0x00, 0x3F, 0xF4,
    0x00, 0x3F, 0xF4, 0x1F, 0xFC, 0x00, 0xFF, 0xE0, 0x0F, 0xFE, 0x01, 0xFF, 0xC0, 0x03, 0xFF, 0x43,
    0xFF, 0x40, 0x01, 0xFF, 0xCB, 0xFE, 0x00, 0x00, 0xFF, 0xEF, 0xFC, 0x00, 0x00, 0x3F, 0xFF, 0xF4,
    0x00, 0x00, 0x2F, 0xFF, 0xE0, 0x00, 0x00, 0x0F, 0xFF, 0xC0, 0x00, 0x00, 0x0F, 0xFF, 0xD0, 0x00,
    0x00, 0x3F, 0xFF, 0xF0, 0x00, 0x00, 0xBF, 0xFF, 0xFC, 0x00, 0x00, 0xFF, 0xCF, 0xFD, 0x00, 0x03,
    0xFF, 0x43, 0xFF, 0x00, 0x0B, 0xFF, 0x02, 0xFF, 0xC0, 0x0F, 0xFC, 0x00, 0xFF, 0xD0, 0x3F, 0xF8,
    0x00, 0x7F, 0xF0, 0xBF, 0xF0, 0x00, 0x2F, 0xFC, 0x00, 0x00, 0x00, 0x00, 0x00, 0xBF, 0xE0, 0x01,
    0xFF, 0xC0, 0xBF, 0xE0, 0x01, 0xFF, 0xC0, 0xBF, 0xE0, 0x01, 0xFF, 0xC0, 0xBF, 0xE0, 0x01, 0xFF,
    0xC0, 0xBF, 0xE0, 0x01, 0xFF, 0xC0, 0xBF, 0xE0, 0x01, 0xFF, 0xC0, 0xBF, 0xE0, 0x01, 0xFF, 0xC0,
    0xBF, 0xE0, 0x01, 0xFF, 0xC0, 0xBF, 0xE0, 0x01, 0xFF, 0xC0, 0xBF, 0xE0, 0x01, 0xFF, 0xC0, 0xBF,
    0xE0, 0x01, 0xFF, 0xC0, 0xBF, 0xE0, 0x01, 0xFF, 0xC0, 0xBF, 0xE0, 0x01, 0xFF, 0xC0, 0xBF, 0xE0,
    0x01, 0xFF, 0xC0, 0xBF, 0xFF, 0xFF, 0xFF, 0xFD, 0xBF, 0xFF, 0xFF, 0xFF, 0xFD, 0xBF, 0xFF, 0xFF,
    0xFF, 0xFD, 0xBF, 0xFF, 0xFF, 0xFF, 0xFD, 0x00, 0x00, 0x00, 0x07, 0xFD, 0x00, 0x00, 0x00, 0x07,
    0xFD, 0x00, 0x00, 0x00, 0x07, 0xFD, 0x00, 0x00, 0x00, 0x07, 0xFD, 0x00, 0x00, 0x00, 0x06, 0xA8,
    0x00, 0x00, 0x00, 0x00, 0x3F, 0xF0, 0x00, 0x7F, 0xEF, 0xFC, 0x00, 0x1F, 0xFB, 0xFF, 0x00, 0x07,
    0xFE, 0xFF, 0xC0, 0x01, 0xFF, 0xBF, 0xF0, 0x00, 0x7F, 0xEF, 0xFC, 0x00, 0x1F, 0xFB, 0xFF, 0x00,
    0x07, 0xFE, 0xFF, 0xF0, 0x02, 0xFF, 0xAF, 0xFF, 0xFF, 0xFF, 0xE3, 0xFF, 0xFF, 0xFF, 0xF8, 0x7F,
    0xFF, 0xFF, 0xFE, 0x02, 0xFF, 0xFA, 0xFF, 0x80, 0x00, 0x00, 0x7F, 0xE0, 0x00, 0x00, 0x1F, 0xF8,
    0x00, 0x00, 0x07, 0xFE, 0x00, 0x00, 0x01, 0xFF, 0x80, 0x00, 0x00, 0x7F, 0xE0, 0x00, 0x00, 0x1F,
    0xF8, 0x00, 0x00, 0x00, 0x00, 0x00, 0x00, 0x00, 0x7F, 0xE0, 0x02, 0xFF, 0x40, 0x0F, 0xFC, 0x7F,
    0xE0, 0x02, 0xFF, 0x40, 0x0F, 0xFC, 0x7F, 0xE0, 0x02, 0xFF, 0x40, 0x0F, 0xFC, 0x7F, 0xE0, 0x02,
    0xFF, 0x40, 0x0F, 0xFC, 0x7F, 0xE0, 0x02, 0xFF, 0x40, 0x0F, 0xFC, 0x7F, 0xE0, 0x02, 0xFF, 0x40,
    0x0F, 0xFC, 0x7F, 0xE0, 0x02, 0xFF, 0x40, 0x0F, 0xFC, 0x7F, 0xE0, 0x02, 0xFF, 0x40, 0x0F, 0xFC,
    0x7F, 0xE0, 0x02, 0xFF, 0x40, 0x0F, 0xFC, 0x7F, 0xE0, 0x02, 0xFF, 0x40, 0x0F, 0xFC, 0x7F, 0xE0,
    0x02, 0xFF, 0x40, 0x0F, 0xFC, 0x7F, 0xE0, 0x02, 0xFF, 0x40, 0x0F, 0xFC, 0x7F, 0xE0, 0x02, 0xFF,
    0x40, 0x0F, 0xFC, 0x7F, 0xE0, 0x02, 0xFF, 0x40, 0x0F, 0xFC, 0x7F, 0xFF, 0xFF, 0xFF, 0xFF, 0xFF,
    0xFC, 0x7F, 0xFF, 0xFF, 0xFF, 0xFF, 0xFF, 0xFC, 0x7F, 0xFF, 0xFF, 0xFF, 0xFF, 0xFF, 0xFC, 0x7F,
    0xFF, 0xFF, 0xFF, 0xFF, 0xFF, 0xFC, 0x00, 0x00, 0x00, 0x00, 0x00, 0x00, 0x00, 0x07, 0xFE, 0x00,
    0x2F, 0xF4, 0x00, 0xFF, 0xC0, 0x7F, 0xE0, 0x02, 0xFF, 0x40, 0x0F, 0xFC, 0x07, 0xFE, 0x00, 0x2F,
    0xF4, 0x00, 0xFF, 0xC0, 0x7F, 0xE0, 0x02, 0xFF, 0x40, 0x0F, 0xFC, 0x07, 0xFE, 0x00, 0x2F, 0xF4,
    0x00, 0xFF, 0xC0, 0x7F, 0xE0, 0x02, 0xFF, 0x40, 0x0F, 0xFC, 0x07, 0xFE, 0x00, 0x2F, 0xF4, 0x00,
    0xFF, 0xC0, 0x7F, 0xE0, 0x02, 0xFF, 0x40, 0x0F, 0xFC, 0x07, 0xFE, 0x00, 0x2F, 0xF4, 0x00, 0xFF,
    0xC0, 0x7F, 0xE0, 0x02, 0xFF, 0x40, 0x0F, 0xFC, 0x07, 0xFE, 0x00, 0x2F, 0xF4, 0x00, 0xFF, 0xC0,
    0x7F, 0xE0, 0x02, 0xFF, 0x40, 0x0F, 0xFC, 0x07, 0xFE, 0x00, 0x2F, 0xF4, 0x00, 0xFF, 0xC0, 0x7F,
    0xE0, 0x02, 0xFF, 0x40, 0x0F, 0xFC, 0x07, 0xFF, 0xFF, 0xFF, 0xFF, 0xFF, 0xFF, 0xFD, 0x7F, 0xFF,
    0xFF, 0xFF, 0xFF, 0xFF, 0xFF, 0xD7, 0xFF, 0xFF, 0xFF, 0xFF, 0xFF, 0xFF, 0xFD, 0x7F, 0xFF, 0xFF,
    0xFF, 0xFF, 0xFF, 0xFF, 0xD0, 0x00, 0x00, 0x00, 0x00, 0x00, 0x03, 0xFD, 0x00, 0x00, 0x00, 0x00,
    0x00, 0x00, 0x3F, 0xD0, 0x00, 0x00, 0x00, 0x00, 0x00, 0x03, 0xFD, 0x00, 0x00, 0x00, 0x00, 0x00,
    0x00, 0x3F, 0xD0, 0x00, 0x00, 0x00, 0x00, 0x00, 0x02, 0xA9, 0x00, 0x00, 0x00, 0x00, 0x00, 0x0B,
    0xFF, 0xFF, 0x40, 0x00, 0x00, 0xBF, 0xFF, 0xF4, 0x00, 0x00, 0x0B, 0xFF, 0xFF, 0x40, 0x00, 0x00,
    0x6A, 0xBF, 0xF4, 0x00, 0x00, 0x00, 0x02, 0xFF, 0x40, 0x00, 0x00, 0x00, 0x2F, 0xF9, 0x54, 0x00,
    0x00, 0x02, 0xFF, 0xFF, 0xFE, 0x00, 0x00, 0x2F, 0xFF, 0xFF, 0xFD, 0x00, 0x02, 0xFF, 0xFF, 0xFF,
    0xF0, 0x00, 0x2F, 0xF9, 0x6B, 0xFF, 0x80, 0x02, 0xFF, 0x40, 0x1F, 0xFC, 0x00, 0x2F, 0xF4, 0x00,
    0xFF, 0xC0, 0x02, 0xFF, 0x40, 0x0F, 0xFC, 0x00, 0x2F, 0xF4, 0x02, 0xFF, 0xC0, 0x02, 0xFF, 0xEB,
    0xFF, 0xF4, 0x00, 0x2F, 0xFF, 0xFF, 0xFF, 0x00, 0x02, 0xFF, 0xFF, 0xFF, 0xC0, 0x00, 0x2F, 0xFF,
    0xFF, 0x90, 0x00, 0x00, 0x00, 0x00, 0x00, 0x00, 0x00, 0x7F, 0xE0, 0x00, 0x00, 0x03, 0xFF, 0x7F,
    0xE0, 0x00, 0x00, 0x03, 0xFF, 0x7F, 0xE0, 0x00, 0x00, 0x03, 0xFF, 0x7F, 0xE0, 0x00, 0x00, 0x03,
    0xFF, 0x7F, 0xE0, 0x00, 0x00, 0x03, 0xFF, 0x7F, 0xF5, 0x54, 0x00, 0x03, 0xFF, 0x7F, 0xFF, 0xFF,
    0xD0, 0x03, 0xFF, 0x7F, 0xFF, 0xFF, 0xF8, 0x03, 0xFF, 0x7F, 0xFF, 0xFF, 0xFD, 0x03, 0xFF, 0x7F,
    0xE5, 0x6F, 0xFF, 0x03, 0xFF, 0x7F, 0xE0, 0x03, 0xFF, 0x03, 0xFF, 0x7F, 0xE0, 0x03, 0xFF, 0x03,
    0xFF, 0x7F, 0xE0, 0x03, 0xFF, 0x03, 0xFF, 0x7F, 0xE0, 0x0B, 0xFF, 0x03, 0xFF, 0x7F, 0xFA, 0xFF,
    0xFE, 0x03, 0xFF, 0x7F, 0xFF, 0xFF, 0xFC, 0x03, 0xFF, 0x7F, 0xFF, 0xFF, 0xF0, 0x03, 0xFF, 0x7F,
    0xFF, 0xFE, 0x40, 0x03, 0xFF, 0x00, 0x00, 0x00, 0x00, 0x1F, 0xF8, 0x00, 0x00, 0x07, 0xFE, 0x00,
    0x00, 0x01, 0xFF, 0x80, 0x00, 0x00, 0x7F, 0xE0, 0x00, 0x00, 0x1F, 0xF8, 0x00, 0x00, 0x07, 0xFF,
    0x55, 0x00, 0x01, 0xFF, 0xFF, 0xFF, 0x40, 0x7F, 0xFF, 0xFF, 0xF8, 0x1F, 0xFF, 0xFF, 0xFF, 0x87,
    0xFF, 0x56, 0xFF, 0xF1, 0xFF, 0x80, 0x0F, 0xFD, 0x7F, 0xE0, 0x02, 0xFF, 0x5F, 0xF8, 0x00, 0xFF,
    0xD7, 0xFE, 0x00, 0x7F, 0xF1, 0xFF, 0xEB, 0xFF, 0xFC, 0x7F, 0xFF, 0xFF, 0xFC, 0x1F, 0xFF, 0xFF,
    0xFD, 0x07, 0xFF, 0xFF, 0xE4, 0x00, 0x01, 0x69, 0x40, 0x00, 0x7F, 0xFF, 0xF8, 0x00, 0xBF, 0xFF,
    0xFF, 0x40, 0x3F, 0xFF, 0xFF, 0xD0, 0x2E, 0x56, 0xFF, 0xF0, 0x00, 0x00, 0x7F, 0xF4, 0x00, 0x00,
    0x2F, 0xF8, 0x00, 0x00, 0x0F, 0xFC, 0x03, 0xFF, 0xFF, 0xFC, 0x03, 0xFF, 0xFF, 0xFC, 0x03, 0xFF,
    0xFF, 0xFC, 0x01, 0x55, 0x5F, 0xFC, 0x00, 0x00, 0x1F, 0xFC, 0x00, 0x00, 0x3F, 0xF8, 0x40, 0x00,
    0xBF, 0xF0, 0xBF, 0xAB, 0xFF, 0xE0, 0xBF, 0xFF, 0xFF, 0xC0, 0xBF, 0xFF, 0xFF, 0x00, 0x6F, 0xFF,
    0xF4, 0x00, 0x00, 0x54, 0x00, 0x00, 0x00, 0x00, 0x00, 0x05, 0x94, 0x00, 0x1F, 0xF8, 0x00, 0x2F,
    0xFF, 0xE0, 0x07, 0xFE, 0x00, 0x3F, 0xFF, 0xFF, 0x01, 0xFF, 0x80, 0x3F, 0xFF, 0xFF, 0xF0, 0x7F,
    0xE0, 0x2F, 0xFE, 0x6F, 0xFE, 0x1F, 0xF8, 0x0F, 0xFC, 0x00, 0xFF, 0xC7, 0xFE, 0x07, 0xFE, 0x00,
    0x2F, 0xF9, 0xFF, 0x82, 0xFF, 0x40, 0x07, 0xFE, 0x7F, 0xFF, 0xFF, 0xC0, 0x00, 0xFF, 0xDF, 0xFF,
    0xFF, 0xF0, 0x00, 0x3F, 0xF7, 0xFF, 0xFF, 0xFC, 0x00, 0x0F, 0xFD, 0xFF, 0xEB, 0xFF, 0x00, 0x03,
    0xFF, 0x7F, 0xE0, 0xBF, 0xD0, 0x01, 0xFF, 0x9F, 0xF8, 0x1F, 0xF8, 0x00, 0xBF, 0xD7, 0xFE, 0x03,
    0xFF, 0x40, 0x7F, 0xF1, 0xFF, 0x80, 0xBF, 0xFE, 0xFF, 0xF8, 0x7F, 0xE0, 0x0F, 0xFF, 0xFF, 0xFC,
    0x1F, 0xF8, 0x00, 0xFF, 0xFF, 0xFC, 0x07, 0xFE, 0x00, 0x07, 0xFF, 0xF4, 0x00, 0x00, 0x00, 0x00,
    0x05, 0x40, 0x00, 0x00, 0x00, 0x00, 0x00, 0x00, 0x02, 0xFF, 0xFF, 0xFE, 0x02, 0xFF, 0xFF, 0xFF,
    0xE0, 0x7F, 0xFF, 0xFF, 0xFE, 0x0F, 0xFF, 0x55, 0x7F, 0xE0, 0xFF, 0xC0, 0x07, 0xFE, 0x0F, 0xFC,
    0x00, 0x7F, 0xE0, 0xFF, 0xC0, 0x07, 0xFE, 0x0F, 0xFF, 0x40, 0x7F, 0xE0, 0x7F, 0xFF, 0xFF, 0xFE,
    0x02, 0xFF, 0xFF, 0xFF, 0xE0, 0x07, 0xFF, 0xFF, 0xFE, 0x00, 0x3F, 0xF5, 0xBF, 0xE0, 0x0F, 0xFE,
    0x07, 0xFE, 0x01, 0xFF, 0xC0, 0x7F, 0xE0, 0x3F, 0xF4, 0x07, 0xFE, 0x0F, 0xFE, 0x00, 0x7F, 0xE2,
    0xFF, 0xC0, 0x07, 0xFE, 0x7F, 0xF4, 0x00, 0x7F, 0xE0, 0x01, 0xAA, 0x80, 0x00, 0x00, 0x0F, 0xFE,
    0x00, 0x00, 0x00, 0x3F, 0xF4, 0x00, 0x00, 0x00, 0xBF, 0xC0, 0x00, 0x00, 0x02, 0xFE, 0x00, 0x00,
    0x00, 0x07, 0xF0, 0x00, 0x00, 0x00, 0x00, 0x00, 0x00, 0x00, 0x1A, 0x50, 0x00, 0x00, 0x7F, 0xFF,
    0xE0, 0x00, 0x2F, 0xFF, 0xFF, 0xC0, 0x0B, 0xFF, 0xFF, 0xFF, 0x01, 0xFF, 0xD0, 0x7F, 0xF4, 0x3F,
    0xF4, 0x00, 0xFF, 0x83, 0xFF, 0x00, 0x0B, 0xFC, 0x7F, 0xF0, 0x00, 0xBF, 0xCB, 0xFF, 0xFF, 0xFF,
    0xFC, 0xBF, 0xFF, 0xFF, 0xFF, 0xCB, 0xFF, 0xFF, 0xFF, 0xFC, 0xBF, 0xE0, 0x00, 0x00, 0x07, 0xFE,
    0x00, 0x00, 0x00, 0x3F, 0xF0, 0x00, 0x00, 0x03, 0xFF, 0xC0, 0x00, 0x60, 0x0F, 0xFF, 0xEA, 0xBF,
    0x00, 0x7F, 0xFF, 0xFF, 0xF0, 0x01, 0xFF, 0xFF, 0xFF, 0x00, 0x02, 0xFF, 0xFF, 0x90, 0x00, 0x00,
    0x55, 0x00, 0x00, 0x00, 0xB8, 0x02, 0xE0, 0x00, 0x2F, 0xE0, 0xBF, 0x80, 0x02, 0xFF, 0x0F, 0xFC,
    0x00, 0x1F, 0xE0, 0xBF, 0x80, 0x00, 0x68, 0x01, 0x90, 0x00, 0x00, 0x00, 0x00, 0x00, 0x00, 0x01,
    0xA5, 0x00, 0x00, 0x07, 0xFF, 0xFE, 0x00, 0x02, 0xFF, 0xFF, 0xFC, 0x00, 0xBF, 0xFF, 0xFF, 0xF0,
    0x1F, 0xFD, 0x07, 0xFF, 0x43, 0xFF, 0x40, 0x0F, 0xF8, 0x3F, 0xF0, 0x00, 0xBF, 0xC7, 0xFF, 0x00,
    0x0B, 0xFC, 0xBF, 0xFF, 0xFF, 0xFF, 0xCB, 0xFF, 0xFF, 0xFF, 0xFC, 0xBF, 0xFF, 0xFF, 0xFF, 0xCB,
    0xFE, 0x00, 0x00, 0x00, 0x7F, 0xE0, 0x00, 0x00, 0x03, 0xFF, 0x00, 0x00, 0x00, 0x3F, 0xFC, 0x00,
    0x06, 0x00, 0xFF, 0xFE, 0xAB, 0xF0, 0x07, 0xFF, 0xFF, 0xFF, 0x00, 0x1F, 0xFF, 0xFF, 0xF0, 0x00,
    0x2F, 0xFF, 0xF9, 0x00, 0x00, 0x05, 0x50, 0x00, 0x01, 0x54, 0x00, 0x00, 0x00, 0x07, 0xFE, 0x00,
    0x00, 0x00, 0x07, 0xFE, 0x00, 0x00, 0x00, 0xFF, 0xFF, 0xFF, 0xD0, 0x00, 0xFF, 0xFF, 0xFF, 0xD0,
    0x00, 0xFF, 0xFF, 0xFF, 0xD0, 0x00, 0xAB, 0xFF, 0xAA, 0x80, 0x00, 0x07, 0xFE, 0x00, 0x00, 0x00,
    0x07, 0xFE, 0x00, 0x50, 0x00, 0x07, 0xFE, 0x1F, 0xFF, 0x80, 0x07, 0xFD, 0xBF, 0xFF, 0xE0, 0x07,
    0xFF, 0xFF, 0xFF, 0xF4, 0x07, 0xFF, 0xFA, 0xFF, 0xFC, 0x07, 0xFF, 0xC0, 0x2F, 0xFC, 0x07, 0xFF,
    0x40, 0x0F, 0xFC, 0x07, 0xFF, 0x00, 0x0F, 0xFD, 0x07, 0xFF, 0x00, 0x0B, 0xFD, 0x07, 0xFE, 0x00,
    0x0B, 0xFD, 0x07, 0xFE, 0x00, 0x0B, 0xFD, 0x07, 0xFE, 0x00, 0x0B, 0xFD, 0x07, 0xFE, 0x00, 0x0B,
    0xFD, 0x07, 0xFE, 0x00, 0x0B, 0xFD, 0x07, 0xFE, 0x00, 0x0B, 0xFD, 0x07, 0xFE, 0x00, 0x0B, 0xFD,
    0x07, 0xFE, 0x00, 0x0B, 0xFD, 0x07, 0xFE, 0x00, 0x0B, 0xFD, 0x00, 0x00, 0x00, 0x0B, 0xFD, 0x00,
    0x00, 0x00, 0x0F, 0xFC, 0x00, 0x00, 0x00, 0x0F, 0xFC, 0x00, 0x00, 0x00, 0x2F, 0xFC, 0x00, 0x00,
    0x3F, 0xFF, 0xF8, 0x00, 0x00, 0x3F, 0xFF, 0xF0, 0x00, 0x00, 0x3F, 0xFF, 0xD0, 0x00, 0x00, 0x1F,
    0xFD, 0x00, 0x00, 0x00, 0x6A, 0x90, 0x00, 0x1F, 0xFC, 0x00, 0x03, 0xFF, 0x00, 0x00, 0xFF, 0x80,
    0x00, 0x2F, 0xE0, 0x00, 0x03, 0xF4, 0x00, 0x00, 0x00, 0x00, 0x00, 0x00, 0x00, 0x00, 0x7F, 0xFF,
    0xFF, 0xC7, 0xFF, 0xFF, 0xFC, 0x7F, 0xFF, 0xFF, 0xC7, 0xFF, 0xAA, 0xA8, 0x7F, 0xE0, 0x00, 0x07,
    0xFE, 0x00, 0x00, 0x7F, 0xE0, 0x00, 0x07, 0xFE, 0x00, 0x00, 0x7F, 0xE0, 0x00, 0x07, 0xFE, 0x00,
    0x00, 0x7F, 0xE0, 0x00, 0x07, 0xFE, 0x00, 0x00, 0x7F, 0xE0, 0x00, 0x07, 0xFE, 0x00, 0x00, 0x7F,
    0xE0, 0x00, 0x07, 0xFE, 0x00, 0x00, 0x7F, 0xE0, 0x00, 0x07, 0xFE, 0x00, 0x00, 0x00, 0x01, 0xA9,
    0x40, 0x00, 0x7F, 0xFF, 0xF8, 0x02, 0xFF, 0xFF, 0xFC, 0x0B, 0xFF, 0xFF, 0xF8, 0x1F, 0xFF, 0x95,
    0xB0, 0x3F, 0xF8, 0x00, 0x00, 0x3F, 0xF0, 0x00, 0x00, 0x7F, 0xE0, 0x00, 0x00, 0xBF, 0xFF, 0xFF,
    0x80, 0xBF, 0xFF, 0xFF, 0x80, 0xBF, 0xFF, 0xFF, 0x80, 0xBF, 0xE5, 0x55, 0x40, 0x7F, 0xE0, 0x00,
    0x00, 0x3F, 0xF0, 0x00, 0x00, 0x3F, 0xFC, 0x00, 0x04, 0x1F, 0xFF, 0xEA, 0xF8, 0x0B, 0xFF, 0xFF,
    0xF8, 0x02, 0xFF, 0xFF, 0xF8, 0x00, 0x2F, 0xFF, 0xE4, 0x00, 0x00, 0x54, 0x00, 0x00, 0x16, 0x94,
    0x00, 0x1F, 0xFF, 0xFE, 0x41, 0xFF, 0xFF, 0xFE, 0x0F, 0xFF, 0xFF, 0xF4, 0x7F, 0xE0, 0x1B, 0xC2,
    0xFF, 0x00, 0x00, 0x0B, 0xFF, 0x00, 0x00, 0x1F, 0xFF, 0x90, 0x00, 0x2F, 0xFF, 0xF4, 0x00, 0x2F,
    0xFF, 0xFD, 0x00, 0x1F, 0xFF, 0xFD, 0x00, 0x06, 0xFF, 0xFC, 0x00, 0x00, 0xBF, 0xF0, 0x00, 0x00,
    0xBF, 0xC5, 0x00, 0x02, 0xFF, 0x2F, 0xE9, 0xBF, 0xFC, 0xBF, 0xFF, 0xFF, 0xD2, 0xFF, 0xFF, 0xFE,
    0x02, 0xFF, 0xFF, 0xD0, 0x00, 0x05, 0x40, 0x00, 0x01, 0x03, 0xFD, 0x7F, 0xFB, 0xFF, 0x3F, 0xD0,
    0xA4, 0x00, 0x00, 0x00, 0x7F, 0xE7, 0xFE, 0x7F, 0xE7, 0xFE, 0x7F, 0xE7, 0xFE, 0x7F, 0xE7, 0xFE,
    0x7F, 0xE7, 0xFE, 0x7F, 0xE7, 0xFE, 0x7F, 0xE7, 0xFE, 0x7F, 0xE7, 0xFE, 0x7F, 0xE7, 0xFE, 0x04,
    0x01, 0x03, 0xF4, 0xFC, 0x3F, 0x9F, 0xE3, 0xF9, 0xFE, 0x3F, 0x4F, 0xD0, 0x90, 0x24, 0x00, 0x00,
    0x00, 0x00, 0x00, 0x07, 0xFE, 0x00, 0x7F, 0xE0, 0x07, 0xFE, 0x00, 0x7F, 0xE0, 0x07, 0xFE, 0x00,
    0x7F, 0xE0, 0x07, 0xFE, 0x00, 0x7F, 0xE0, 0x07, 0xFE, 0x00, 0x7F, 0xE0, 0x07, 0xFE, 0x00, 0x7F,
    0xE0, 0x07, 0xFE, 0x00, 0x7F, 0xE0, 0x07, 0xFE, 0x00, 0x7F, 0xE0, 0x07, 0xFE, 0x00, 0x7F, 0xE0,
    0x00, 0x05, 0x00, 0x07, 0xFD, 0x00, 0xBF, 0xE0, 0x0B, 0xFE, 0x00, 0x7F, 0xD0, 0x00, 0x50, 0x00,
    0x00, 0x00, 0x00, 0x00, 0x00, 0xBF, 0xD0, 0x0B, 0xFD, 0x00, 0xBF, 0xD0, 0x0B, 0xFD, 0x00, 0xBF,
    0xD0, 0x0B, 0xFD, 0x00, 0xBF, 0xD0, 0x0B, 0xFD, 0x00, 0xBF, 0xD0, 0x0B, 0xFD, 0x00, 0xBF, 0xD0,
    0x0B, 0xFD, 0x00, 0xBF, 0xD0, 0x0B, 0xFD, 0x00, 0xBF, 0xD0, 0x0B, 0xFD, 0x00, 0xBF, 0xD0, 0x0B,
    0xFD, 0x00, 0xBF, 0xD0, 0x0B, 0xFD, 0x00, 0xBF, 0xD0, 0x1F, 0xFD, 0xFF, 0xFF, 0xCF, 0xFF, 0xF8,
    0xFF, 0xFE, 0x0B, 0xFE, 0x40, 0x00, 0x00, 0x00, 0x00, 0x00, 0x00, 0x00, 0x00, 0x2F, 0xFF, 0xFF,
    0xFC, 0x00, 0x00, 0x00, 0x0B, 0xFF, 0xFF, 0xFF, 0x00, 0x00, 0x00, 0x02, 0xFF, 0xFF, 0xFF, 0xC0,
    0x00, 0x00, 0x00, 0xBF, 0xEA, 0xBF, 0xF0, 0x00, 0x00, 0x00, 0x3F, 0xE0, 0x0F, 0xFC, 0x00, 0x00,
    0x00, 0x0F, 0xF8, 0x03, 0xFF, 0x55, 0x40, 0x00, 0x03, 0xFE, 0x00, 0xFF, 0xFF, 0xFF, 0x80, 0x00,
    0xFF, 0x80, 0x3F, 0xFF, 0xFF, 0xFC, 0x00, 0x3F, 0xD0, 0x0F, 0xFF, 0xFF, 0xFF, 0xC0, 0x0F, 0xF4,
    0x03, 0xFF, 0x55, 0xFF, 0xF0, 0x03, 0xFD, 0x00, 0xFF, 0xC0, 0x0F, 0xFD, 0x00, 0xFF, 0x40, 0x3F,
    0xF0, 0x02, 0xFF, 0x80, 0x7F, 0xC0, 0x0F, 0xFC, 0x00, 0xBF, 0xE0, 0x3F, 0xF0, 0x03, 0xFF, 0x00,
    0x7F, 0xF7, 0xFF, 0xFC, 0x00, 0xFF, 0xEB, 0xFF, 0xFC, 0xFF, 0xFD, 0x00, 0x3F, 0xFF, 0xFF, 0xFD,
    0x3F, 0xFF, 0x00, 0x0F, 0xFF, 0xFF, 0xFD, 0x0F, 0xFE, 0x00, 0x03, 0xFF, 0xFF, 0xE4, 0x00, 0x00,
    0x00, 0x00, 0x00, 0x00, 0x00, 0x00, 0x00, 0x00, 0x00, 0x00, 0x00, 0x00, 0x00, 0x7F, 0xE0, 0x00,
    0xFF, 0xC0, 0x00, 0x00, 0x7F, 0xE0, 0x00, 0xFF, 0xC0, 0x00, 0x00, 0x7F, 0xE0, 0x00, 0xFF, 0xC0,
    0x00, 0x00, 0x7F, 0xE0, 0x00, 0xFF, 0xC0, 0x00, 0x00, 0x7F, 0xE0, 0x00, 0xFF, 0xC0, 0x00, 0x00,
    0x7F, 0xE0, 0x00, 0xFF, 0xC0, 0x00, 0x00, 0x7F, 0xFA, 0xAB, 0xFF, 0xEA, 0xA5, 0x00, 0x7F, 0xFF,
    0xFF, 0xFF, 0xFF, 0xFF, 0xD0, 0x7F, 0xFF, 0xFF, 0xFF, 0xFF, 0xFF, 0xF4, 0x7F, 0xFF, 0xFF, 0xFF,
    0xFF, 0xFF, 0xFC, 0x7F, 0xE0, 0x00, 0xFF, 0xC0, 0x1F, 0xFD, 0x7F, 0xE0, 0x00, 0xFF, 0xC0, 0x0B,
    0xFE, 0x7F, 0xE0, 0x00, 0xFF, 0xC0, 0x0B, 0xFE, 0x7F, 0xE0, 0x00, 0xFF, 0xC0, 0x0F, 0xFD, 0x7F,
    0xE0, 0x00, 0xFF, 0xEA, 0xFF, 0xFC, 0x7F, 0xE0, 0x00, 0xFF, 0xFF, 0xFF, 0xF8, 0x7F, 0xE0, 0x00,
    0xFF, 0xFF, 0xFF, 0xE0, 0x7F, 0xE0, 0x00, 0xFF, 0xFF, 0xFE, 0x00, 0x01, 0x54, 0x00, 0x00, 0x00,
    0x07, 0xFE, 0x00, 0x00, 0x00, 0x07, 0xFE, 0x00, 0x00, 0x00, 0xFF, 0xFF, 0xFF, 0xD0, 0x00, 0xFF,
    0xFF, 0xFF, 0xD0, 0x00, 0xFF, 0xFF, 0xFF, 0xD0, 0x00, 0xAB, 0xFF, 0xAA, 0x80, 0x00, 0x07, 0xFE,
    0x00, 0x00, 0x00, 0x07, 0xFE, 0x00, 0x50, 0x00, 0x07, 0xFE, 0x1F, 0xFF, 0x80, 0x07, 0xFD, 0xBF,
    0xFF, 0xE0, 0x07, 0xFF, 0xFF, 0xFF, 0xF4, 0x07, 0xFF, 0xFA, 0xFF, 0xFC, 0x07, 0xFF, 0xC0, 0x2F,
    0xFC, 0x07, 0xFF, 0x40, 0x0F, 0xFC, 0x07, 0xFF, 0x00, 0x0F, 0xFD, 0x07, 0xFF, 0x00, 0x0B, 0xFD,
    0x07, 0xFE, 0x00, 0x0B, 0xFD, 0x07, 0xFE, 0x00, 0x0B, 0xFD, 0x07, 0xFE, 0x00, 0x0B, 0xFD, 0x07,
    0xFE, 0x00, 0x0B, 0xFD, 0x07, 0xFE, 0x00, 0x0B, 0xFD, 0x07, 0xFE, 0x00, 0x0B, 0xFD, 0x07, 0xFE,
    0x00, 0x0B, 0xFD, 0x07, 0xFE, 0x00, 0x0B, 0xFD, 0x07, 0xFE, 0x00, 0x0B, 0xFD, 0x00, 0x00, 0x06,
    0xA9, 0x00, 0x00, 0x00, 0x7F, 0xF0, 0x00, 0x00, 0x03, 0xFF, 0x00, 0x00, 0x00, 0x3F, 0xF0, 0x00,
    0x00, 0x02, 0xFE, 0x00, 0x00, 0x00, 0x0F, 0xE0, 0x00, 0x00, 0x00, 0x00, 0x00, 0x00, 0x00, 0x00,
    0x00, 0x00, 0x00, 0x7F, 0xE0, 0x00, 0xFF, 0xD1, 0xFF, 0x80, 0x0B, 0xFE, 0x07, 0xFE, 0x00, 0x3F,
    0xF0, 0x1F, 0xF8, 0x03, 0xFF, 0x00, 0x7F, 0xE0, 0x2F, 0xF4, 0x01, 0xFF, 0x81, 0xFF, 0x80, 0x07,
    0xFE, 0x1F, 0xFC, 0x00, 0x1F, 0xFF, 0xFF, 0xD0, 0x00, 0x7F, 0xFF, 0xFF, 0x00, 0x01, 0xFF, 0xFF,
    0xFD, 0x00, 0x07, 0xFF, 0xBF, 0xFC, 0x00, 0x1F, 0xF8, 0x3F, 0xFC, 0x00, 0x7F, 0xE0, 0x3F, 0xF8,
    0x01, 0xFF, 0x80, 0x7F, 0xF0, 0x07, 0xFE, 0x00, 0xFF, 0xF0, 0x1F, 0xF8, 0x00, 0xFF, 0xE0, 0x7F,
    0xE0, 0x01, 0xFF, 0xD1, 0xFF, 0x80, 0x02, 0xFF, 0xC0, 0x01, 0xAA, 0x80, 0x00, 0x00, 0x0F, 0xFE,
    0x00, 0x00, 0x00, 0x2F, 0xF4, 0x00, 0x00, 0x00, 0xBF, 0xC0, 0x00, 0x00, 0x01, 0xFF, 0x00, 0x00,
    0x00, 0x07, 0xF4, 0x00, 0x00, 0x00, 0x00, 0x00, 0x00, 0x00, 0x00, 0x00, 0x00, 0x7F, 0xE0, 0x01,
    0xFF, 0xF7, 0xFE, 0x00, 0x3F, 0xFF, 0x7F, 0xE0, 0x07, 0xFF, 0xF7, 0xFE, 0x00, 0xFF, 0xFF, 0x7F,
    0xE0, 0x1F, 0xFF, 0xF7, 0xFE, 0x03, 0xFF, 0xFF, 0x7F, 0xE0, 0x7F, 0xBF, 0xF7, 0xFD, 0x0F, 0xF3,
    0xFF, 0x7F, 0xD2, 0xFD, 0x3F, 0xF7, 0xFD, 0x3F, 0xC3, 0xFF, 0x7F, 0xDB, 0xF4, 0x3F, 0xF7, 0xFD,
    0xFF, 0x03, 0xFF, 0x7F, 0xFF, 0xD0, 0x3F, 0xF7, 0xFF, 0xF8, 0x03, 0xFF, 0x7F, 0xFF, 0x00, 0x3F,
    0xF7, 0xFF, 0xE0, 0x03, 0xFF, 0x7F, 0xFC, 0x00, 0x3F, 0xF7, 0xFF, 0x80, 0x03, 0xFF, 0x00, 0x6A,
    0x80, 0x2A, 0x90, 0x00, 0x0F, 0xF0, 0x0F, 0xF4, 0x00, 0x03, 0xFF, 0x0B, 0xFC, 0x00, 0x00, 0x7F,
    0xFF, 0xFD, 0x00, 0x00, 0x07, 0xFF, 0xFD, 0x00, 0x00, 0x00, 0x1B, 0xE4, 0x00, 0x00, 0x00, 0x00,
    0x00, 0x00, 0x00, 0x00, 0x00, 0x00, 0x00, 0x00, 0x3F, 0xF8, 0x00, 0x07, 0xFF, 0x07, 0xFF, 0x00,
    0x02, 0xFF, 0x40, 0xFF, 0xD0, 0x00, 0xFF, 0xC0, 0x2F, 0xF8, 0x00, 0x7F, 0xE0, 0x03, 0xFF, 0x00,
    0x2F, 0xF4, 0x00, 0xBF, 0xD0, 0x0F, 0xFC, 0x00, 0x1F, 0xF8, 0x07, 0xFE, 0x00, 0x03, 0xFF, 0x02,
    0xFF, 0x00, 0x00, 0xBF, 0xC0, 0xFF, 0xC0, 0x00, 0x0F, 0xF8, 0x7F, 0xD0, 0x00, 0x02, 0xFF, 0x2F,
    0xF0, 0x00, 0x00, 0x7F, 0xCF, 0xF8, 0x00, 0x00, 0x0F, 0xFB, 0xFD, 0x00, 0x00, 0x02, 0xFF, 0xFF,
    0x00, 0x00, 0x00, 0x3F, 0xFF, 0x80, 0x00, 0x00, 0x0B, 0xFF, 0xC0, 0x00, 0x00, 0x01, 0xFF, 0xF0,
    0x00, 0x00, 0x00, 0x3F, 0xF4, 0x00, 0x00, 0x00, 0x0F, 0xFC, 0x00, 0x00, 0x00, 0x07, 0xFE, 0x00,
    0x00, 0x00, 0x03, 0xFF, 0x00, 0x00, 0x01, 0x07, 0xFF, 0xC0, 0x00, 0x00, 0xFF, 0xFF, 0xC0, 0x00,
    0x00, 0x3F, 0xFF, 0xD0, 0x00, 0x00, 0x0F, 0xFF, 0xD0, 0x00, 0x00, 0x02, 0xFF, 0x80, 0x00, 0x00,
    0x00, 0x00, 0x00, 0x00, 0x00, 0x1F, 0xF8, 0x00, 0x3F, 0xF7, 0xFE, 0x00, 0x0F, 0xFD, 0xFF, 0x80,
    0x03, 0xFF, 0x7F, 0xE0, 0x00, 0xFF, 0xDF, 0xF8, 0x00, 0x3F, 0xF7, 0xFE, 0x00, 0x0F, 0xFD, 0xFF,
    0x80, 0x03, 0xFF, 0x7F, 0xE0, 0x00, 0xFF, 0xDF, 0xF8, 0x00, 0x3F, 0xF7, 0xFE, 0x00, 0x0F, 0xFD,
    0xFF, 0x80, 0x03, 0xFF, 0x7F, 0xE0, 0x00, 0xFF, 0xDF, 0xF8, 0x00, 0x3F, 0xF7, 0xFE, 0x00, 0x0F,
    0xFD, 0xFF, 0xFF, 0xFF, 0xFF, 0x7F, 0xFF, 0xFF, 0xFF, 0xDF, 0xFF, 0xFF, 0xFF, 0xF7, 0xFF, 0xFF,
    0xFF, 0xFC, 0x00, 0x2F, 0xF0, 0x00, 0x00, 0x0B, 0xFC, 0x00, 0x00, 0x02, 0xFF, 0x00, 0x00, 0x00,
    0xBF, 0xC0, 0x00, 0x00, 0x1A, 0xA0, 0x00, 0x3F, 0xF0, 0x00, 0x3F, 0xF0, 0x00, 0x0F, 0xFC, 0x7F,
    0xF0, 0x00, 0x3F, 0xF0, 0x00, 0x0F, 0xFC, 0x3F, 0xF0, 0x00, 0x3F, 0xF4, 0x00, 0x0F, 0xFC, 0x3F,
    0xF0, 0x00, 0x3F, 0xF4, 0x00, 0x0F, 0xFC, 0x3F, 0xF4, 0x00, 0x3F, 0xF8, 0x00, 0x1F, 0xFC, 0x3F,
    0xF4, 0x00, 0x2F, 0xF8, 0x00, 0x1F, 0xFC, 0x3F, 0xF8, 0x00, 0x1F, 0xFC, 0x00, 0x1F, 0xF8, 0x2F,
    0xFC, 0x00, 0x1F, 0xFC, 0x00, 0x2F, 0xF8, 0x1F, 0xFC, 0x00, 0x3F, 0xFC, 0x00, 0x2F, 0xF4, 0x0F,
    0xFC, 0x00, 0x3F, 0xFD, 0x00, 0x3F, 0xF4, 0x0F, 0xFD, 0x00, 0x7F, 0xFE, 0x00, 0x3F, 0xF0, 0x0B,
    0xFE, 0x00, 0xFF, 0xFF, 0x00, 0x3F, 0xF0, 0x07, 0xFF, 0x00, 0xFF, 0xFF, 0x00, 0x7F, 0xE0, 0x03,
    0xFF, 0x01, 0xFF, 0xFF, 0x40, 0xBF, 0xD0, 0x02, 0xFF, 0x43, 0xFF, 0xFF, 0x80, 0xFF, 0xC0, 0x01,
    0xFF, 0xC3, 0xFD, 0xFF, 0xC0, 0xFF, 0xC0, 0x00, 0xFF, 0xC7, 0xFC, 0xFF, 0xD1, 0xFF, 0x80, 0x00,
    0xBF, 0xEB, 0xF8, 0x7F, 0xE2, 0xFF, 0x00, 0x00, 0x3F, 0xFB, 0xF4, 0x3F, 0xF7, 0xFE, 0x00, 0x00,
    0x2F, 0xFF, 0xF0, 0x1F, 0xFF, 0xFD, 0x00, 0x00, 0x0F, 0xFF, 0xE0, 0x0F, 0xFF, 0xFC, 0x00, 0x00,
    0x0B, 0xFF, 0xD0, 0x07, 0xFF, 0xF4, 0x00, 0x00, 0x03, 0xFF, 0xC0, 0x03, 0xFF, 0xE0, 0x00, 0x00,
    0x02, 0xFF, 0xC0, 0x01, 0xFF, 0xC0, 0x00, 0x00, 0x00, 0x00, 0x00, 0x00, 0x00, 0x00, 0x1F, 0xF8,
    0x00, 0x3F, 0xF0, 0x00, 0xFF, 0xC7, 0xFE, 0x00, 0x0F, 0xFC, 0x00, 0x3F, 0xF0, 0xFF, 0xC0, 0x03,
    0xFF, 0x00, 0x0F, 0xFC, 0x3F, 0xF0, 0x00, 0xFF, 0xD0, 0x03, 0xFF, 0x0F, 0xFC, 0x00, 0x2F, 0xF4,
    0x01, 0xFF, 0x82, 0xFF, 0x40, 0x07, 0xFE, 0x00, 0x7F, 0xE0, 0x7F, 0xE0, 0x01, 0xFF, 0xC0, 0x2F,
    0xF4, 0x0F, 0xFC, 0x00, 0xBF, 0xF0, 0x0F, 0xFC, 0x03, 0xFF, 0x00, 0x3F, 0xFD, 0x03, 0xFE, 0x00,
    0x7F, 0xD0, 0x2F, 0xFF, 0x81, 0xFF, 0x40, 0x0F, 0xF8, 0x0F, 0xFF, 0xF0, 0xBF, 0xC0, 0x02, 0xFF,
    0x0F, 0xFF, 0xFC, 0x3F, 0xE0, 0x00, 0x7F, 0xD7, 0xFC, 0xFF, 0x5F, 0xF0, 0x00, 0x0F, 0xFB, 0xFD,
    0x2F, 0xEF, 0xFC, 0x00, 0x01, 0xFF, 0xFF, 0x03, 0xFF, 0xFD, 0x00, 0x00, 0x3F, 0xFF, 0x40, 0xBF,
    0xFE, 0x00, 0x00, 0x07, 0xFF, 0xC0, 0x0F, 0xFF, 0x00, 0x00, 0x00, 0xBF, 0xD0, 0x01, 0xFF, 0x80,
    0x00, 0x00, 0xBF, 0xC0, 0x00, 0x00, 0x00, 0x3F, 0xF0, 0x00, 0x00, 0x00, 0x0F, 0xFC, 0x00, 0x00,
    0x02, 0xAB, 0xFF, 0xAA, 0xA0, 0x00, 0xFF, 0xFF, 0xFF, 0xFD, 0x00, 0x3F, 0xFF, 0xFF, 0xFF, 0x40,
    0x0F, 0xFF, 0xFF, 0xFF, 0xD0, 0x00, 0x03, 0xFF, 0x40, 0x00, 0x00, 0x00, 0xFF, 0xC0, 0x00, 0x00,
    0x00, 0x3F, 0xFA, 0xA9, 0x00, 0x00, 0x0F, 0xFF, 0xFF, 0xFD, 0x00, 0x03, 0xFF, 0xFF, 0xFF, 0xE0,
    0x00, 0xFF, 0xFF, 0xFF, 0xFE, 0x00, 0x3F, 0xF9, 0x6F, 0xFF, 0xD0, 0x0F, 0xFC, 0x00, 0x3F, 0xF8,
    0x03, 0xFF, 0x00, 0x07, 0xFF, 0x00, 0xFF, 0xC0, 0x00, 0xFF, 0xC0, 0x3F, 0xF0, 0x00, 0x7F, 0xF0,
    0x0F, 0xFC, 0x00, 0x3F, 0xF8, 0x03, 0xFF, 0x40, 0x7F, 0xFD, 0x00, 0xFF, 0xFF, 0xFF, 0xFF, 0x00,
    0x3F, 0xFF, 0xFF, 0xFF, 0x00, 0x0F, 0xFF, 0xFF, 0xFE, 0x00, 0x03, 0xFF, 0xFF, 0xE8, 0x00, 0x00,
    0xFF, 0xC0, 0x00, 0x00, 0x00, 0x3F, 0xF0, 0x00, 0x00, 0x00, 0x0F, 0xFC, 0x00, 0x00, 0x00, 0x03,
    0xFF, 0x40, 0x00, 0x00, 0xFF, 0xFF, 0xFF, 0xFC, 0x00, 0x3F, 0xFF, 0xFF, 0xFF, 0x00, 0x0F, 0xFF,
    0xFF, 0xFF, 0xC0, 0x00, 0x57, 0xFF, 0x55, 0x50, 0x00, 0x00, 0xFF, 0xC0, 0x00, 0x00, 0x00, 0x3F,
    0xF0, 0x00, 0x00, 0x00, 0x0F, 0xFD, 0x00, 0x00, 0x00, 0x03, 0xFF, 0xFF, 0xFF, 0x40, 0x00, 0xFF,
    0xFF, 0xFF, 0xFD, 0x00, 0x3F, 0xFF, 0xFF, 0xFF, 0xC0, 0x0F, 0xFD, 0x55, 0xBF, 0xF8, 0x03, 0xFF,
    0x00, 0x07, 0xFF, 0x00, 0xFF, 0xC0, 0x00, 0xFF, 0xC0, 0x3F, 0xF0, 0x00, 0xBF, 0xE0, 0x0F, 0xFE,
    0x56, 0xFF, 0xF4, 0x03, 0xFF, 0xFF, 0xFF, 0xFC, 0x00, 0xFF, 0xFF, 0xFF, 0xFC, 0x00, 0x3F, 0xFF,
    0xFF, 0xE4, 0x00, 0x00, 0x00, 0x00, 0x00, 0x00, 0x00, 0x00, 0xFF, 0xC0, 0x00, 0x01, 0xBF, 0xFF,
    0x80, 0xFF, 0xC0, 0x00, 0x1F, 0xFF, 0xFF, 0xFC, 0xFF, 0xC0, 0x00, 0xBF, 0xFF, 0xFF, 0xFC, 0xFF,
    0xC0, 0x02, 0xFF, 0xFF, 0xFF, 0xF8, 0xFF, 0xC0, 0x0B, 0xFF, 0xD0, 0x06, 0xF4, 0xFF, 0xC0, 0x0F,
    0xFE, 0x00, 0x00, 0x10, 0xFF, 0xC0, 0x2F, 0xFC, 0x00, 0x00, 0x00, 0xFF, 0xC0, 0x3F, 0xF4, 0x00,
    0x00, 0x00, 0xFF, 0xC0, 0x7F, 0xF0, 0x00, 0x00, 0x00, 0xFF, 0xD5, 0xBF, 0xF5, 0x55, 0x55, 0x00,
    0xFF, 0xFF, 0xFF, 0xFF, 0xFF, 0xFE, 0x00, 0xFF, 0xFF, 0xFF, 0xFF, 0xFF, 0xFE, 0x00, 0xFF, 0xFF,
    0xFF, 0xFF, 0xFF, 0xFE, 0x00, 0xFF, 0xEA, 0xFF, 0xFA, 0xAA, 0xA9, 0x00, 0xFF, 0xC0, 0xBF, 0xF0,
    0x00, 0x00, 0x00, 0xFF, 0xC0, 0x7F, 0xF0, 0x00, 0x00, 0x00, 0xFF, 0xC0, 0x3F, 0xF4, 0x00, 0x00,
    0x00, 0xFF, 0xC0, 0x3F, 0xFC, 0x00, 0x00, 0x00, 0xFF, 0xC0, 0x1F, 0xFE, 0x00, 0x00, 0x00, 0xFF,
    0xC0, 0x0F, 0xFF, 0xD0, 0x01, 0xB8, 0xFF, 0xC0, 0x07, 0xFF, 0xFF, 0xFF, 0xF8, 0xFF, 0xC0, 0x01,
    0xFF, 0xFF, 0xFF, 0xF8, 0xFF, 0xC0, 0x00, 0x7F, 0xFF, 0xFF, 0xF8, 0xFF, 0xC0, 0x00, 0x07, 0xFF,
    0xFF, 0xD0, 0x00, 0x00, 0x00, 0x00, 0x05, 0x50, 0x00, 0x00, 0x00, 0x00, 0x01, 0x69, 0x40, 0xBF,
    0xD0, 0x00, 0x2F, 0xFF, 0xFD, 0xBF, 0xD0, 0x01, 0xFF, 0xFF, 0xFD, 0xBF, 0xD0, 0x07, 0xFF, 0xFF,
    0xFC, 0xBF, 0xD0, 0x0F, 0xFF, 0x41, 0xB8, 0xBF, 0xD0, 0x1F, 0xFC, 0x00, 0x00, 0xBF, 0xD0, 0x2F,
    0xF4, 0x00, 0x00, 0xBF, 0xE0, 0x3F, 0xF4, 0x00, 0x00, 0xBF, 0xFF, 0xFF, 0xFF, 0xFF, 0xC0, 0xBF,
    0xFF, 0xFF, 0xFF, 0xFF, 0xC0, 0xBF, 0xFF, 0xFF, 0xFF, 0xFF, 0xC0, 0xBF, 0xFA, 0xBF, 0xFA, 0xAA,
    0x80, 0xBF, 0xD0, 0x3F, 0xF0, 0x00, 0x00, 0xBF, 0xD0, 0x2F, 0xF4, 0x00, 0x00, 0xBF, 0xD0, 0x1F,
    0xFC, 0x00, 0x04, 0xBF, 0xD0, 0x0F, 0xFF, 0x96, 0xBC, 0xBF, 0xD0, 0x03, 0xFF, 0xFF, 0xFC, 0xBF,
    0xD0, 0x01, 0xFF, 0xFF, 0xFC, 0xBF, 0xD0, 0x00, 0x1F, 0xFF, 0xF4, 0x00, 0x00, 0x00, 0x00, 0x14,
    0x00, 0x00, 0x00, 0x3F, 0xFD, 0x00, 0x00, 0x00, 0x00, 0x1F, 0xFF, 0xC0, 0x00, 0x00, 0x00, 0x0F,
    0xFF, 0xF0, 0x00, 0x00, 0x00, 0x03, 0xFF, 0xFE, 0x00, 0x00, 0x00, 0x02, 0xFE, 0x7F, 0xC0, 0x00,
    0x00, 0x00, 0xFF, 0x4F, 0xF4, 0x00, 0x00, 0x00, 0x7F, 0xC2, 0xFE, 0x00, 0x00, 0x00, 0x2F, 0xE0,
    0x3F, 0xC0, 0x00, 0x00, 0x0F, 0xF0, 0x0F, 0xF4, 0x00, 0x00, 0x0B, 0xFC, 0x02, 0xFF, 0x00, 0x00,
    0x03, 0xFF, 0xFF, 0xFF, 0xC0, 0x00, 0x01, 0xFF, 0xFF, 0xFF, 0xF8, 0x00, 0x00, 0xBF, 0xFF, 0xFF,
    0xFF, 0x00, 0x00, 0x3F, 0xFB, 0xFF, 0xBF, 0xD0, 0x00, 0x1F, 0xF0, 0xFF, 0x4B, 0xF8, 0x00, 0x0F,
    0xF8, 0x3F, 0xD1, 0xFF, 0x00, 0x03, 0xFD, 0x0F, 0xF4, 0x3F, 0xD0, 0x02, 0xFF, 0x03, 0xFD, 0x0B,
    0xFC, 0x00, 0xFF, 0x80, 0xFF, 0x41, 0xFF, 0x00, 0x7F, 0xD0, 0x3F, 0xD0, 0x3F, 0xE0, 0x2F, 0xF0,
    0x0F, 0xF4, 0x0B, 0xFC, 0x0F, 0xFC, 0x03, 0xFD, 0x01, 0xFF, 0x47, 0xFD, 0x00, 0xFF, 0x40, 0x3F,
    0xF3, 0xFF, 0x00, 0x3F, 0xD0, 0x0B, 0xFC, 0x00, 0x00, 0x00, 0x00, 0x00, 0x00, 0x00, 0x2F, 0xFF,
    0x00, 0x00, 0x00, 0x03, 0xFF, 0xF4, 0x00, 0x00, 0x00, 0x7F, 0xFF, 0xC0, 0x00, 0x00, 0x0F, 0xF7,
    0xFC, 0x00, 0x00, 0x01, 0xFF, 0x2F, 0xE0, 0x00, 0x00, 0x2F, 0xD0, 0xFF, 0x00, 0x00, 0x03, 0xFC,
    0x0B, 0xF4, 0x00, 0x00, 0xBF, 0x80, 0x7F, 0xC0, 0x00, 0x0F, 0xFF, 0xFF, 0xFD, 0x00, 0x01, 0xFF,
    0xFF, 0xFF, 0xE0, 0x00, 0x3F, 0xFF, 0xFF, 0xFF, 0x00, 0x07, 0xFC, 0xBF, 0xCF, 0xF8, 0x00, 0xBF,
    0x87, 0xFC, 0x7F, 0xC0, 0x0F, 0xF4, 0x7F, 0xC3, 0xFD, 0x02, 0xFF, 0x07, 0xFC, 0x2F, 0xF0, 0x3F,
    0xE0, 0x7F, 0xC1, 0xFF, 0x47, 0xFD, 0x07, 0xFC, 0x0F, 0xF8, 0xFF, 0xC0, 0x7F, 0xC0, 0xBF, 0xC0,
    0xFF, 0xC0, 0x00, 0x03, 0xFF, 0xE0, 0x00, 0x03, 0xFF, 0x00, 0x00, 0x1F, 0xFF, 0xC0, 0x00, 0x0F,
    0xFC, 0x00, 0x00, 0xBF, 0xFF, 0x40, 0x00, 0x3F, 0xF0, 0x00, 0x03, 0xFF, 0xFE, 0x00, 0x00, 0xFF,
    0xC0, 0x00, 0x1F, 0xF3, 0xFC, 0x00, 0x03, 0xFF, 0x00, 0x00, 0xFF, 0x8F, 0xF4, 0x00, 0x0F, 0xFC,
    0x00, 0x03, 0xFC, 0x1F, 0xF0, 0x00, 0x3F, 0xF0, 0x00, 0x2F, 0xE0, 0x3F, 0xC0, 0x00, 0xFF, 0xC0,
    0x00, 0xFF, 0x40, 0xBF, 0x80, 0x03, 0xFF, 0x55, 0x5B, 0xFC, 0x01, 0xFF, 0x00, 0x0F, 0xFF, 0xFF,
    0xFF, 0xFF, 0xFF, 0xFD, 0x00, 0x3F, 0xFF, 0xFF, 0xFF, 0xFF, 0xFF, 0xF8, 0x00, 0xFF, 0xFF, 0xFF,
    0xFF, 0xFF, 0xFF, 0xF0, 0x03, 0xFF, 0xAA, 0xBF, 0xFB, 0xFF, 0xBF, 0xE0, 0x0F, 0xFC, 0x00, 0xFF,
    0x0F, 0xF8, 0xBF, 0xC0, 0x3F, 0xF0, 0x0B, 0xFC, 0x3F, 0xE0, 0xFF, 0x40, 0xFF, 0xC0, 0x3F, 0xE0,
    0xFF, 0x83, 0xFE, 0x03, 0xFF, 0x01, 0xFF, 0x03, 0xFE, 0x0B, 0xFC, 0x0F, 0xFC, 0x0F, 0xFC, 0x0F,
    0xF8, 0x0F, 0xF4, 0x3F, 0xF0, 0x3F, 0xE0, 0x3F, 0xE0, 0x3F, 0xF0, 0xFF, 0xC2, 0xFF, 0x00, 0xFF,
    0x80, 0xBF, 0xC3, 0xFF, 0x0F, 0xFC, 0x03, 0xFE, 0x00, 0xFF, 0x8F, 0xFC, 0x7F, 0xE0, 0x0F, 0xF8,
    0x03, 0xFF, 0x3F, 0xF2, 0xFF, 0x40, 0x3F, 0xE0, 0x0B, 0xFD, 0x00, 0x00, 0x00, 0x00, 0x00, 0x00,
    0x00, 0x1F, 0xF0, 0x00, 0x03, 0xFF, 0xE0, 0x00, 0x07, 0xFC, 0x00, 0x01, 0xFF, 0xFC, 0x00, 0x01,
    0xFF, 0x00, 0x00, 0xFF, 0xFF, 0x80, 0x00, 0x7F, 0xC0, 0x00, 0x3F, 0xDF, 0xF0, 0x00, 0x1F, 0xF0,
    0x00, 0x2F, 0xE3, 0xFD, 0x00, 0x07, 0xFC, 0x00, 0x0F, 0xF0, 0x7F, 0xC0, 0x01, 0xFF, 0x00, 0x0B,
    0xFC, 0x0F, 0xF0, 0x00, 0x7F, 0xFF, 0xFF, 0xFF, 0xFF, 0xFE, 0x00, 0x1F, 0xFF, 0xFF, 0xFF, 0xFF,
    0xFF, 0xC0, 0x07, 0xFF, 0xFF, 0xFF, 0xFF, 0xFF, 0xF4, 0x01, 0xFF, 0xAA, 0xBF, 0xEF, 0xFE, 0xFF,
    0x00, 0x7F, 0xC0, 0x2F, 0xF2, 0xFE, 0x3F, 0xD0, 0x1F, 0xF0, 0x0F, 0xF4, 0xBF, 0x8B, 0xF8, 0x07,
    0xFC, 0x07, 0xFC, 0x2F, 0xE1, 0xFF, 0x01, 0xFF, 0x03, 0xFF, 0x0B, 0xF8, 0x3F, 0xE0, 0x7F, 0xC0,
    0xFF, 0x42, 0xFE, 0x0B, 0xFC, 0x1F, 0xF0, 0xBF, 0xC0, 0xBF, 0x80, 0xFF, 0x47, 0xFC, 0x3F, 0xE0,
    0x2F, 0xE0, 0x3F, 0xF0, 0x03, 0xFF, 0xFF, 0xFF, 0xFF, 0xFF, 0x00, 0x0F, 0xFF, 0xFF, 0xFF, 0xFF,
    0xFC, 0x00, 0x3F, 0xFF, 0xFF, 0xFF, 0xFF, 0xF0, 0x00, 0x7F, 0xFF, 0xFF, 0xFF, 0xFF, 0x00, 0x00,
    0xBF, 0xE5, 0x55, 0x7F, 0xF4, 0x00, 0x00, 0xBF, 0xC0, 0x01, 0xFF, 0x80, 0x00, 0x00, 0xFF, 0xC0,
    0x0F, 0xF8, 0x00, 0x00, 0x00, 0xFF, 0xC0, 0xFF, 0xC0, 0x00, 0x00, 0x01, 0xFF, 0x8F, 0xFC, 0x00,
    0x00, 0x00, 0x02, 0xFF, 0xFF, 0xD0, 0x00, 0x00, 0x00, 0x1B, 0xFF, 0xFF, 0x80, 0x00, 0x00, 0x02,
    0xFF, 0xFF, 0xFF, 0xE0, 0x00, 0x00, 0x3F, 0xFF, 0xFF, 0xFF, 0xE0, 0x00, 0x01, 0xFF, 0xFF, 0xFF,
    0xFF, 0xD0, 0x00, 0x0F, 0xFE, 0x3F, 0xF2, 0xFF, 0xC0, 0x00, 0x7F, 0xE0, 0xFF, 0xC3, 0xFF, 0x00,
    0x03, 0xFF, 0x03, 0xFF, 0x07, 0xFE, 0x00, 0x0F, 0xFC, 0x0F, 0xFC, 0x0F, 0xFC, 0x00, 0x7F, 0xD0,
    0x3F, 0xF0, 0x2F, 0xF4, 0x03, 0xFF, 0x00, 0xFF, 0xC0, 0x7F, 0xE0, 0x0F, 0xFC, 0x03, 0xFF, 0x00,
    0xFF, 0xC0, 0x7F, 0xE0, 0x0F, 0xFC, 0x02, 0xFF, 0x43, 0xFF, 0x00, 0x3F, 0xF0, 0x07, 0xFE, 0x0F,
    0xFC, 0x00, 0xFF, 0xC0, 0x0F, 0xFC, 0x00, 0x00, 0x00, 0x00, 0x00, 0x07, 0xFF, 0xFF, 0xFF, 0xFF,
    0x00, 0xFF, 0xFF, 0xFF, 0xFF, 0xC0, 0x2F, 0xFF, 0xFF, 0xFF, 0xD0, 0x02, 0xFF, 0x00, 0x3F, 0xE0,
    0x00, 0x3F, 0xE0, 0x2F, 0xF0, 0x00, 0x03, 0xFD, 0x2F, 0xF0, 0x00, 0x00, 0x7F, 0xDF, 0xF4, 0x00,
    0x00, 0x0F, 0xFF, 0xFC, 0x00, 0x00, 0x1F, 0xFF, 0xFF, 0xC0, 0x00, 0x1F, 0xFF, 0xFF, 0xFC, 0x00,
    0x0F, 0xFF, 0xFF, 0xFF, 0x80, 0x07, 0xFC, 0xBF, 0x8F, 0xF0, 0x03, 0xFD, 0x2F, 0xE2, 0xFE, 0x00,
    0xFF, 0x0B, 0xF8, 0x3F, 0xC0, 0x7F, 0x82, 0xFE, 0x0F, 0xF4, 0x3F, 0xD0, 0xBF, 0x82, 0xFE, 0x0F,
    0xF0, 0x2F, 0xE0, 0x3F, 0xCB, 0xF8, 0x0B, 0xF8, 0x0F, 0xF4, 0xFF, 0xC0, 0x3F, 0xFF, 0xFF, 0xFF,
    0xFF, 0xF0, 0x3F, 0xF0, 0x0F, 0xFF, 0xFF, 0xFF, 0xFF, 0xFC, 0x0F, 0xFC, 0x03, 0xFF, 0xFF, 0xFF,
    0xFF, 0xFF, 0x03, 0xFF, 0x00, 0x7F, 0xFF, 0xFF, 0xFF, 0xFF, 0x00, 0xFF, 0xC0, 0x0B, 0xFE, 0x55,
    0x57, 0xFF, 0x40, 0x3F, 0xF0, 0x00, 0xBF, 0xC0, 0x01, 0xFF, 0x80, 0x0F, 0xFC, 0x00, 0x0F, 0xFC,
    0x00, 0xFF, 0x80, 0x03, 0xFF, 0x00, 0x00, 0xFF, 0x80, 0xFF, 0xC0, 0x00, 0xFF, 0xC0, 0x00, 0x1F,
    0xF8, 0xFF, 0xC0, 0x00, 0x3F, 0xF5, 0x55, 0x57, 0xFF, 0xFF, 0xD0, 0x00, 0x0F, 0xFF, 0xFF, 0xFF,
    0xFF, 0xFF, 0xF8, 0x00, 0x03, 0xFF, 0xFF, 0xFF, 0xFF, 0xFF, 0xFF, 0xE0, 0x00, 0xFF, 0xFF, 0xFF,
    0xFF, 0xFF, 0xFF, 0xFE, 0x00, 0x3F, 0xFA, 0xAB, 0xFF, 0xFF, 0xFF, 0xFF, 0xC0, 0x0F, 0xFC, 0x00,
    0xFF, 0xE3, 0xFF, 0x2F, 0xFC, 0x03, 0xFF, 0x00, 0x7F, 0xE0, 0xFF, 0xC3, 0xFF, 0x00, 0xFF, 0xC0,
    0x3F, 0xF0, 0x3F, 0xF0, 0x7F, 0xE0, 0x3F, 0xF0, 0x0F, 0xFC, 0x0F, 0xFC, 0x0F, 0xFC, 0x0F, 0xFC,
    0x0B, 0xFD, 0x03, 0xFF, 0x02, 0xFF, 0x43, 0xFF, 0x03, 0xFF, 0x00, 0xFF, 0xC0, 0x7F, 0xE0, 0xFF,
    0xC0, 0xFF, 0xC0, 0x3F, 0xF0, 0x0F, 0xFC, 0x3F, 0xF0, 0xBF, 0xE0, 0x0F, 0xFC, 0x03, 0xFF, 0x4F,
    0xFC, 0x3F, 0xF0, 0x03, 0xFF, 0x00, 0x7F, 0xE3, 0xFF, 0x0F, 0xFC, 0x00, 0xFF, 0xC0, 0x0F, 0xFC,
    0x00, 0x00, 0x00, 0x00, 0x00, 0x00, 0x01, 0xFF, 0x02, 0xFF, 0xFF, 0xFF, 0xFF, 0xC7, 0xFC, 0x0B,
    0xFF, 0xFF, 0xFF, 0xFE, 0x1F, 0xF0, 0x0F, 0xFF, 0xFF, 0xFF, 0xF0, 0x7F, 0xC0, 0x0F, 0xF4, 0x02,
    0xFF, 0x01, 0xFF, 0x00, 0x1F, 0xF0, 0x0F, 0xF4, 0x07, 0xFC, 0x00, 0x2F, 0xF0, 0xFF, 0x80, 0x1F,
    0xF0, 0x00, 0x3F, 0xEF, 0xFC, 0x00, 0x7F, 0xFF, 0xFF, 0xFF, 0xFF, 0xD0, 0x01, 0xFF, 0xFF, 0xFF,
    0xFF, 0xFF, 0xE0, 0x07, 0xFF, 0xFF, 0xFF, 0xFF, 0xFF, 0xE0, 0x1F, 0xFA, 0xAB, 0xFF, 0xFF, 0xFF,
    0xD0, 0x7F, 0xC0, 0x3F, 0xD3, 0xFC, 0xBF, 0xC1, 0xFF, 0x00, 0xFF, 0x0F, 0xF0, 0xFF, 0x07, 0xFC,
    0x0B, 0xF8, 0x3F, 0xC2, 0xFD, 0x1F, 0xF0, 0x3F, 0xC0, 0xFF, 0x07, 0xFC, 0x7F, 0xC1, 0xFF, 0x03,
    0xFC, 0x0F, 0xF1, 0xFF, 0x0B, 0xF8, 0x0F, 0xF0, 0x2F, 0xD7, 0xFC, 0x3F, 0xD0, 0x3F, 0xC0, 0x7F,
    0xC0, 0x00, 0x54, 0x00, 0x1B, 0xD0, 0x00, 0xFF, 0x00, 0xBF, 0xE0, 0x00, 0x3F, 0xC2, 0xFF, 0xA0,
    0x00, 0x0F, 0xFB, 0xF4, 0x00, 0x00, 0x03, 0xFF, 0xE0, 0x00, 0x00, 0x6F, 0xFF, 0xF8, 0x00, 0x07,
    0xFF, 0xFF, 0xFF, 0x80, 0x2F, 0xFF, 0xFF, 0xFF, 0xE0, 0x1F, 0xFF, 0xFF, 0xFF, 0xF4, 0x0B, 0xE4,
    0x00, 0x7F, 0xF8, 0x02, 0x00, 0x00, 0x1F, 0xFC, 0x00, 0x00, 0x00, 0x0F, 0xFC, 0x00, 0x00, 0x00,
    0x0F, 0xF8, 0x00, 0x00, 0x00, 0x3F, 0xF0, 0x00, 0x15, 0x5B, 0xFF, 0xD0, 0x00, 0x3F, 0xFF, 0xFF,
    0x40, 0x00, 0x3F, 0xFF, 0xF4, 0x00, 0x00, 0x3F, 0xFF, 0xFF, 0x80, 0x00, 0x2A, 0xAF, 0xFF, 0xF0,
    0x00, 0x00, 0x00, 0x7F, 0xFC, 0x00, 0x00, 0x00, 0x0F, 0xFD, 0x00, 0x00, 0x00, 0x07, 0xFE, 0x00,
    0x00, 0x00, 0x07, 0xFE, 0x00, 0x00, 0x00, 0x0F, 0xFD, 0x00, 0x00, 0x00, 0x2F, 0xFC, 0x00, 0x16,
    0xAF, 0xFF, 0xF8, 0x02, 0xFF, 0xFF, 0xFF, 0xF0, 0x1F, 0xFF, 0xFF, 0xFF, 0x80, 0x3F, 0xFF, 0xFF,
    0xF8, 0x00, 0x3F, 0xF9, 0x54, 0x00, 0x00, 0x7F, 0xE0, 0x00, 0x00, 0x00, 0x7F, 0xF0, 0x00, 0x00,
    0x00, 0x3F, 0xFE, 0xAB, 0xFE, 0x00, 0x2F, 0xFF, 0xFF, 0xFF, 0x40, 0x0B, 0xFF, 0xFF, 0xFF, 0x40,
    0x01, 0xBF, 0xFF, 0xFF, 0x40, 0x00, 0x00, 0x00, 0x00, 0x00, 0x00, 0x00, 0x00, 0x15, 0x00, 0x7F,
    0x40, 0x1F, 0xF8, 0x01, 0xFE, 0x07, 0xFF, 0x80, 0x0B, 0xF9, 0xFE, 0x00, 0x00, 0x3F, 0xFF, 0xC0,
    0x00, 0xBF, 0xFF, 0xFF, 0x40, 0x1F, 0xFF, 0xFF, 0xFE, 0x00, 0xFF, 0xFF, 0xFF, 0xF4, 0x07, 0x94,
    0x06, 0xFF, 0x80, 0x00, 0x00, 0x0F, 0xF8, 0x00, 0x00, 0x00, 0xFF, 0x80, 0x00, 0x01, 0x7F, 0xF0,
    0x00, 0x2F, 0xFF, 0xFC, 0x00, 0x02, 0xFF, 0xFE, 0x00, 0x00, 0x2F, 0xFF, 0xFE, 0x00, 0x00, 0x05,
    0xBF, 0xF8, 0x00, 0x00, 0x00, 0xFF, 0xC0, 0x00, 0x00, 0x0B, 0xFC, 0x00, 0x00, 0x00, 0xFF, 0xC0,
    0x01, 0x5A, 0xFF, 0xFC, 0x03, 0xFF, 0xFF, 0xFF, 0x41, 0xFF, 0xFF, 0xFF, 0xD0, 0x3F, 0xFF, 0xFF,
    0xE0, 0x07, 0xFE, 0x55, 0x00, 0x00, 0x7F, 0xC0, 0x00, 0x00, 0x07, 0xFC, 0x00, 0x00, 0x00, 0x7F,
    0xFA, 0xAF, 0xE4, 0x03, 0xFF, 0xFF, 0xFF, 0xC0, 0x1F, 0xFF, 0xFF, 0xFC, 0x00, 0x2F, 0xFF, 0xFF,
    0xC0, 0x00, 0x00, 0x00, 0x04, 0x00, 0x3F, 0xD0, 0x07, 0xF8, 0x00, 0xFF, 0x4F, 0xF8, 0x02, 0xFF,
    0x00, 0x3F, 0xE3, 0xFE, 0x00, 0xBF, 0xC0, 0x0F, 0xF8, 0xFF, 0x80, 0x2F, 0xF0, 0x03, 0xFE, 0x3F,
    0xE0, 0x0B, 0xFC, 0x00, 0xFF, 0x8F, 0xF8, 0x02, 0xFF, 0x00, 0x3F, 0xE3, 0xFE, 0x00, 0xBF, 0xC0,
    0x0F, 0xF8, 0xFF, 0x80, 0x2F, 0xF0, 0x03, 0xFE, 0x3F, 0xE0, 0x0B, 0xFC, 0x00, 0xFF, 0x4F, 0xF8,
    0x02, 0xFF, 0x00, 0x7F, 0xD3, 0xFE, 0x00, 0xBF, 0xC0, 0x1F, 0xF4, 0xFF, 0xC0, 0x2F, 0xF0, 0x0F,
    0xFC, 0x1F, 0xF8, 0x0B, 0xFC, 0x07, 0xFF, 0x03, 0xFF, 0xD2, 0xFF, 0x1B, 0xFF, 0x40, 0x7F, 0xFF,
    0xFF, 0xFF, 0xFF, 0x80, 0x0B, 0xFF, 0xFF, 0xFF, 0xFF, 0xC0, 0x00, 0x7F, 0xFF, 0xFF, 0xFF, 0x80,
    0x00, 0x01, 0xBF, 0xFF, 0xF9, 0x00, 0x00, 0x00, 0x00, 0xBF, 0xC0, 0x00, 0x00, 0x00, 0x00, 0x2F,
    0xF0, 0x00, 0x00, 0x00, 0x00, 0x0B, 0xFC, 0x00, 0x00, 0x00, 0x00, 0x02, 0xFF, 0x00, 0x00, 0x00,
    0x00, 0x00, 0xBF, 0xC0, 0x00, 0x00, 0x00, 0x00, 0x2F, 0xF0, 0x00, 0x00, 0x00, 0x00, 0x05, 0x50,
    0x00, 0x00, 0x00, 0x00, 0x2F, 0xF0, 0x00, 0x00, 0x00, 0x00, 0x2F, 0xF0, 0x00, 0x00, 0x00, 0x00,
    0x2F, 0xF0, 0x00, 0x00, 0x00, 0x00, 0x2F, 0xF0, 0x00, 0x00, 0x00, 0x00, 0x2F, 0xF0, 0x00, 0x00,
    0x00, 0x00, 0x2F, 0xF0, 0x00, 0x00, 0x00, 0x00, 0x2F, 0xF0, 0x00, 0x00, 0xBF, 0xC0, 0x2F, 0xF0,
    0x1F, 0xF8, 0xBF, 0xC0, 0x2F, 0xF0, 0x0F, 0xFC, 0xBF, 0xC0, 0x2F, 0xF0, 0x0F, 0xFC, 0xBF, 0xC0,
    0x2F, 0xF0, 0x0B, 0xFC, 0xBF, 0xC0, 0x2F, 0xF0, 0x0B, 0xFD, 0xBF, 0xC0, 0x2F, 0xF0, 0x07, 0xFD,
    0xBF, 0xC0, 0x2F, 0xF0, 0x07, 0xFE, 0xBF, 0xC0, 0x2F, 0xF0, 0x07, 0xFE, 0xBF, 0xC0, 0x2F, 0xF0,
    0x03, 0xFE, 0xBF, 0xC0, 0x2F, 0xF0, 0x07, 0xFE, 0xBF, 0xC0, 0x2F, 0xF0, 0x07, 0xFE, 0xBF, 0xD0,
    0x2F, 0xF0, 0x0B, 0xFD, 0x7F, 0xF0, 0x2F, 0xF0, 0x0F, 0xFC, 0x3F, 0xF8, 0x2F, 0xF0, 0x7F, 0xF8,
    0x2F, 0xFF, 0xFF, 0xFF, 0xFF, 0xF0, 0x0F, 0xFF, 0xFF, 0xFF, 0xFF, 0xD0, 0x02, 0xFF, 0xFF, 0xFF,
    0xFF, 0x40, 0x00, 0x6F, 0xFF, 0xFF, 0xE4, 0x00, 0x00, 0x00, 0x2F, 0xF4, 0x00, 0x00, 0x00, 0x00,
    0x2F, 0xF0, 0x00, 0x00, 0x00, 0x00, 0x2F, 0xF0, 0x00, 0x00, 0x00, 0x00, 0x2F, 0xF0, 0x00, 0x00,
    0x00, 0x00, 0x2F, 0xF0, 0x00, 0x00, 0x00, 0x00, 0x2F, 0xF0, 0x00, 0x00, 0x00, 0x00, 0x2F, 0xF0,
    0x00, 0x00, 0x00, 0x00, 0x2F, 0xF0, 0x00, 0x00, 0x00, 0x00, 0x00, 0x00, 0x00, 0x00, 0x00, 0x01,
    0xBF, 0xFF, 0x80, 0x00, 0x00, 0x1F, 0xFF, 0xFF, 0xF8, 0x00, 0x00, 0xBF, 0xFF, 0xFF, 0xFF, 0x00,
    0x02, 0xFF, 0xFF, 0xFF, 0xFF, 0xC0, 0x07, 0xFF, 0xD0, 0x02, 0xFF, 0xE0, 0x0F, 0xFE, 0x00, 0x00,
    0x7F, 0xF0, 0x1F, 0xFC, 0x00, 0x00, 0x2F, 0xF8, 0x2F, 0xF4, 0x00, 0x00, 0x0F, 0xFC, 0x3F, 0xF0,
    0x00, 0x00, 0x0F, 0xFC, 0x3F, 0xF0, 0x00, 0x00, 0x0B, 0xFD, 0x3F, 0xFF, 0xFF, 0xFF, 0xFF, 0xFD,
    0x3F, 0xFF, 0xFF, 0xFF, 0xFF, 0xFD, 0x3F, 0xFF, 0xFF, 0xFF, 0xFF, 0xFD, 0x3F, 0xFF, 0xFF, 0xFF,
    0xFF, 0xFD, 0x3F, 0xF0, 0x00, 0x00, 0x0B, 0xFD, 0x3F, 0xF0, 0x00, 0x00, 0x0F, 0xFC, 0x2F, 0xF4,
    0x00, 0x00, 0x0F, 0xFC, 0x1F, 0xFC, 0x00, 0x00, 0x1F, 0xF8, 0x0F, 0xFE, 0x00, 0x00, 0x3F, 0xF4,
    0x07, 0xFF, 0x80, 0x01, 0xFF, 0xF0, 0x03, 0xFF, 0xFF, 0xFF, 0xFF, 0xC0, 0x00, 0xFF, 0xFF, 0xFF,
    0xFF, 0x40, 0x00, 0x2F, 0xFF, 0xFF, 0xFC, 0x00, 0x00, 0x02, 0xFF, 0xFF, 0x90, 0x00, 0x00, 0x00,
    0x01, 0x50, 0x00, 0x00, 0x00, 0x01, 0x65, 0x00, 0x00, 0x01, 0xFF, 0xFF, 0x80, 0x00, 0x2F, 0xFF,
    0xFF, 0xD0, 0x02, 0xFF, 0xFF, 0xFF, 0xC0, 0x1F, 0xFF, 0x9B, 0xFF, 0xC0, 0xFF, 0xE0, 0x03, 0xFF,
    0x43, 0xFF, 0x00, 0x07, 0xFE, 0x1F, 0xFC, 0x00, 0x0F, 0xFC, 0x7F, 0xFF, 0xFF, 0xFF, 0xF1, 0xFF,
    0xFF, 0xFF, 0xFF, 0xC7, 0xFF, 0xFF, 0xFF, 0xFF, 0x1F, 0xFE, 0xAA, 0xAF, 0xFC, 0x7F, 0xF0, 0x00,
    0x3F, 0xF0, 0xFF, 0xC0, 0x02, 0xFF, 0x82, 0xFF, 0xC0, 0x1F, 0xFD, 0x03, 0xFF, 0xFB, 0xFF, 0xF0,
    0x07, 0xFF, 0xFF, 0xFF, 0x00, 0x07, 0xFF, 0xFF, 0xF0, 0x00, 0x02, 0xFF, 0xFD, 0x00, 0x00, 0x00,
    0x15, 0x00, 0x00, 0xBF, 0xC0, 0x00, 0x00, 0x0B, 0xF9, 0xBF, 0xE0, 0x00, 0x00, 0x3F, 0xFE, 0x3F,
    0xF0, 0x00, 0x00, 0xBF, 0xFE, 0x3F, 0xF0, 0x00, 0x00, 0xFF, 0xFE, 0x2F, 0xF4, 0x00, 0x01, 0xFF,
    0xD4, 0x0F, 0xFC, 0x00, 0x03, 0xFF, 0x00, 0x0F, 0xFC, 0x00, 0x03, 0xFE, 0x00, 0x0B, 0xFD, 0x00,
    0x0B, 0xFD, 0x00, 0x03, 0xFE, 0x00, 0x0F, 0xFC, 0x00, 0x03, 0xFF, 0x00, 0x0F, 0xF8, 0x00, 0x02,
    0xFF, 0x40, 0x2F, 0xF4, 0x00, 0x00, 0xFF, 0x80, 0x3F, 0xF0, 0x00, 0x00, 0xFF, 0xC0, 0x3F, 0xE0,
    0x00, 0x00, 0x7F, 0xD0, 0xBF, 0xC0, 0x00, 0x00, 0x3F, 0xE0, 0xFF, 0xC0, 0x00, 0x00, 0x3F, 0xF0,
    0xFF, 0x80, 0x00, 0x00, 0x1F, 0xF1, 0xFF, 0x00, 0x00, 0x00, 0x0F, 0xF6, 0xFF, 0x00, 0x00, 0x00,
    0x0F, 0xFB, 0xFD, 0x00, 0x00, 0x00, 0x07, 0xFF, 0xFC, 0x00, 0x00, 0x00, 0x03, 0xFF, 0xFC, 0x00,
    0x00, 0x00, 0x03, 0xFF, 0xF4, 0x00, 0x00, 0x00, 0x01, 0xFF, 0xF0, 0x00, 0x00, 0x00, 0x00, 0xFF,
    0xE0, 0x00, 0x00, 0x00, 0x00, 0x00, 0x00, 0x14, 0x2F, 0xF4, 0x00, 0x01, 0xFF, 0xC7, 0xFF, 0x00,
    0x00, 0xFF, 0xF0, 0xFF, 0xC0, 0x00, 0xBF, 0xFC, 0x2F, 0xF4, 0x00, 0x3F, 0xFB, 0x03, 0xFE, 0x00,
    0x2F, 0xF4, 0x00, 0xFF, 0xC0, 0x0F, 0xFC, 0x00, 0x1F, 0xF4, 0x03, 0xFE, 0x00, 0x03, 0xFE, 0x02,
    0xFF, 0x00, 0x00, 0xBF, 0xC0, 0xFF, 0xC0, 0x00, 0x1F, 0xF4, 0x7F, 0xD0, 0x00, 0x03, 0xFE, 0x2F,
    0xF0, 0x00, 0x00, 0xBF, 0xCF, 0xF8, 0x00, 0x00, 0x0F, 0xF7, 0xFC, 0x00, 0x00, 0x03, 0xFF, 0xFF,
    0x00, 0x00, 0x00, 0x7F, 0xFF, 0x40, 0x00, 0x00, 0x0F, 0xFF, 0xC0, 0x00, 0x00, 0x02, 0xFF, 0xE0,
    0x00, 0x00, 0x00, 0x3F, 0xF0, 0x00, 0x00, 0x06, 0xA8, 0x2A, 0x90, 0x00, 0x00, 0x07, 0xFD, 0x3F,
    0xF0, 0x00, 0x00, 0x01, 0xFF, 0x0F, 0xF4, 0x00, 0x00, 0x00, 0x7F, 0x83, 0xFC, 0x00, 0x00, 0x00,
    0x1F, 0xC0, 0xFE, 0x00, 0x00, 0x00, 0x07, 0xE0, 0x2F, 0x00, 0x00, 0x00, 0x00, 0x00, 0x00, 0x00,
    0x00, 0x00, 0x00, 0x00, 0x00, 0x00, 0x00, 0xBF, 0xC0, 0x00, 0x00, 0x0B, 0xF9, 0xBF, 0xE0, 0x00,
    0x00, 0x3F, 0xFE, 0x3F, 0xF0, 0x00, 0x00, 0xBF, 0xFE, 0x3F, 0xF0, 0x00, 0x00, 0xFF, 0xFE, 0x2F,
    0xF4, 0x00, 0x01, 0xFF, 0xD4, 0x0F, 0xFC, 0x00, 0x03, 0xFF, 0x00, 0x0F, 0xFC, 0x00, 0x03, 0xFE,
    0x00, 0x0B, 0xFD, 0x00, 0x0B, 0xFD, 0x00, 0x03, 0xFE, 0x00, 0x0F, 0xFC, 0x00, 0x03, 0xFF, 0x00,
    0x0F, 0xF8, 0x00, 0x02, 0xFF, 0x40, 0x2F, 0xF4, 0x00, 0x00, 0xFF, 0x80, 0x3F, 0xF0, 0x00, 0x00,
    0xFF, 0xC0, 0x3F, 0xE0, 0x00, 0x00, 0x7F, 0xD0, 0xBF, 0xC0, 0x00, 0x00, 0x3F, 0xE0, 0xFF, 0xC0,
    0x00, 0x00, 0x3F, 0xF0, 0xFF, 0x80, 0x00, 0x00, 0x1F, 0xF1, 0xFF, 0x00, 0x00, 0x00, 0x0F, 0xF6,
    0xFF, 0x00, 0x00, 0x00, 0x0F, 0xFB, 0xFD, 0x00, 0x00, 0x00, 0x07, 0xFF, 0xFC, 0x00, 0x00, 0x00,
    0x03, 0xFF, 0xFC, 0x00, 0x00, 0x00, 0x03, 0xFF, 0xF4, 0x00, 0x00, 0x00, 0x01, 0xFF, 0xF0, 0x00,
    0x00, 0x00, 0x00, 0xFF, 0xE0, 0x00, 0x00, 0x2A, 0x91, 0xAA, 0x00, 0x00, 0x0B, 0xFC, 0x3F, 0xE0,
    0x00, 0x00, 0xBF, 0x83, 0xFC, 0x00, 0x00, 0x0B, 0xF0, 0x7F, 0x80, 0x00, 0x00, 0xBF, 0x07, 0xF4,
    0x00, 0x00, 0x0B, 0xD0, 0x3E, 0x00, 0x00, 0x00, 0x00, 0x00, 0x00, 0x00, 0x00, 0x00, 0x00, 0x00,
    0x50, 0xBF, 0xD0, 0x00, 0x07, 0xFF, 0x1F, 0xFC, 0x00, 0x03, 0xFF, 0xC3, 0xFF, 0x00, 0x02, 0xFF,
    0xF0, 0xBF, 0xD0, 0x00, 0xFF, 0xEC, 0x0F, 0xF8, 0x00, 0xBF, 0xD0, 0x03, 0xFF, 0x00, 0x3F, 0xF0,
    0x00, 0x7F, 0xD0, 0x0F, 0xF8, 0x00, 0x0F, 0xF8, 0x0B, 0xFC, 0x00, 0x02, 0xFF, 0x03, 0xFF, 0x00,
    0x00, 0x7F, 0xD1, 0xFF, 0x40, 0x00, 0x0F, 0xF8, 0xBF, 0xC0, 0x00, 0x02, 0xFF, 0x3F, 0xE0, 0x00,
    0x00, 0x3F, 0xDF, 0xF0, 0x00, 0x00, 0x0F, 0xFF, 0xFC, 0x00, 0x00, 0x01, 0xFF, 0xFD, 0x00, 0x00,
    0x00, 0x3F, 0xFF, 0x00, 0x00, 0x00, 0x0B, 0xFF, 0x80, 0x00, 0x00, 0x00, 0xFF, 0xC0, 0x00, 0x00,
    0x00, 0x00, 0x00, 0x00, 0x00, 0x00, 0x00, 0x00, 0x00, 0x00, 0x00, 0x00, 0x0B, 0xFF, 0xF9, 0x00,
    0x00, 0x00, 0x00, 0x00, 0x00, 0x00, 0x02, 0xFF, 0xFF, 0xFF, 0x00, 0x00, 0x00, 0x00, 0x00, 0x00,
    0x00, 0x3F, 0xFF, 0xFF, 0xFF, 0x00, 0x00, 0x00, 0x00, 0x00, 0x00, 0x03, 0xFF, 0xFF, 0xFF, 0xFF,
    0x00, 0x00, 0x00, 0x00, 0x00, 0x00, 0x1F, 0xFF, 0x40, 0x6F, 0xFE, 0x00, 0x00, 0x00, 0x00, 0x00,
    0x00, 0xFF, 0xF0, 0x00, 0x2F, 0xFC, 0x00, 0x00, 0x00, 0x00, 0x00, 0x07, 0xFF, 0x00, 0x00, 0x3F,
    0xF4, 0x2F, 0xF8, 0x00, 0x0B, 0xFE, 0x2F, 0xF8, 0x00, 0x00, 0xBF, 0xF0, 0x7F, 0xF0, 0x00, 0x3F,
    0xF4, 0xFF, 0xD0, 0x00, 0x01, 0xFF, 0xC0, 0xFF, 0xD0, 0x01, 0xFF, 0xC3, 0xFF, 0x40, 0x00, 0x03,
    0xFF, 0x02, 0xFF, 0x80, 0x0B, 0xFE, 0x0F, 0xFC, 0x00, 0x00, 0x0F, 0xFC, 0x03, 0xFF, 0x00, 0x3F,
    0xF0, 0x3F, 0xF0, 0x00, 0x00, 0x3F, 0xF4, 0x0B, 0xFD, 0x00, 0xFF, 0xC0, 0xFF, 0xC0, 0x00, 0x00,
    0xFF, 0xD0, 0x1F, 0xF8, 0x0B, 0xFD, 0x03, 0xFF, 0x00, 0x00, 0x03, 0xFF, 0x00, 0x3F, 0xF0, 0x3F,
    0xF0, 0x0F, 0xFD, 0x00, 0x00, 0x0F, 0xFC, 0x00, 0xBF, 0xD0, 0xFF, 0x80, 0x3F, 0xF4, 0x00, 0x00,
    0x3F, 0xF0, 0x00, 0xFF, 0x8B, 0xFD, 0x00, 0xBF, 0xE0, 0x00, 0x01, 0xFF, 0xC0, 0x02, 0xFF, 0x3F,
    0xF0, 0x01, 0xFF, 0xC0, 0x00, 0x0F, 0xFE, 0x00, 0x07, 0xFD, 0xFF, 0x80, 0x03, 0xFF, 0x80, 0x00,
    0x7F, 0xF0, 0x00, 0x0F, 0xFB, 0xFC, 0x00, 0x0B, 0xFF, 0xD0, 0x0B, 0xFF, 0x80, 0x00, 0x2F, 0xFF,
    0xF0, 0x00, 0x0F, 0xFF, 0xFF, 0xFF, 0xFC, 0x00, 0x00, 0x3F, 0xFF, 0x40, 0x00, 0x0F, 0xFF, 0xFF,
    0xFF, 0xD0, 0x00, 0x00, 0xBF, 0xFC, 0x00, 0x00, 0x0F, 0xFF, 0xFF, 0xFD, 0x00, 0x00, 0x01, 0xFF,
    0xE0, 0x00, 0x00, 0x06, 0xFF, 0xFF, 0x40, 0x00, 0x00, 0x03, 0xFF, 0x40, 0x00, 0x00, 0x00, 0x15,
    0x00, 0x00, 0x00, 0x00, 0x0F, 0xFC, 0x00, 0x00, 0x00, 0x00, 0x00, 0x00, 0x00, 0x00, 0x00, 0x7F,
    0xE0, 0x00, 0x00, 0x00, 0x00, 0x00, 0x00, 0x00, 0x00, 0x03, 0xFF, 0x00, 0x00, 0x00, 0x00, 0x00,
    0x00, 0x00, 0x00, 0x00, 0x7F, 0xF8, 0x00, 0x00, 0x00, 0x00, 0x00, 0x00, 0x00, 0x00, 0xFF, 0xFF,
    0xC0, 0x00, 0x00, 0x00, 0x00, 0x00, 0x00, 0x00, 0x03, 0xFF, 0xFD, 0x00, 0x00, 0x00, 0x00, 0x00,
    0x00, 0x00, 0x00, 0x0F, 0xFF, 0xD0, 0x00, 0x00, 0x00, 0x00, 0x00, 0x00, 0x00, 0x00, 0x2F, 0xF8,
    0x00, 0x00, 0x00, 0x00, 0x01, 0x65, 0x00, 0x00, 0x00, 0x00, 0x00, 0x00, 0x00, 0x01, 0xFF, 0xFF,
    0x80, 0x0B, 0xFE, 0x00, 0x00, 0xFF, 0xC0, 0x2F, 0xFF, 0xFF, 0xD0, 0x0F, 0xFC, 0x00, 0x0B, 0xFE,
    0x02, 0xFF, 0xFF, 0xFF, 0xD0, 0x3F, 0xF4, 0x00, 0x3F, 0xF0, 0x0F, 0xFF, 0x57, 0xFF, 0xC0, 0x7F,
    0xE0, 0x00, 0xFF, 0xC0, 0xBF, 0xF0, 0x03, 0xFF, 0x40, 0xFF, 0xC0, 0x0B, 0xFD, 0x03, 0xFF, 0x00,
    0x07, 0xFF, 0x02, 0xFF, 0x40, 0x3F, 0xF0, 0x0F, 0xFC, 0x00, 0x0F, 0xFC, 0x03, 0xFE, 0x00, 0xFF,
    0x80, 0x7F, 0xF0, 0x00, 0x3F, 0xF0, 0x0F, 0xFC, 0x0B, 0xFD, 0x01, 0xFF, 0x80, 0x00, 0xFF, 0xC0,
    0x1F, 0xF4, 0x3F, 0xF0, 0x07, 0xFE, 0x00, 0x03, 0xFF, 0x00, 0x3F, 0xE0, 0xFF, 0x80, 0x1F, 0xFC,
    0x00, 0x0F, 0xFC, 0x00, 0xBF, 0xC7, 0xFC, 0x00, 0x3F, 0xF0, 0x00, 0x3F, 0xF0, 0x00, 0xFF, 0x7F,
    0xF0, 0x00, 0xFF, 0xD0, 0x02, 0xFF, 0x80, 0x03, 0xFE, 0xFF, 0x40, 0x02, 0xFF, 0xC0, 0x0F, 0xFD,
    0x00, 0x07, 0xFF, 0xFC, 0x00, 0x03, 0xFF, 0xEA, 0xFF, 0xF0, 0x00, 0x0F, 0xFF, 0xE0, 0x00, 0x07,
    0xFF, 0xFF, 0xFF, 0x00, 0x00, 0x2F, 0xFF, 0x40, 0x00, 0x07, 0xFF, 0xFF, 0xF0, 0x00, 0x00, 0x3F,
    0xFC, 0x00, 0x00, 0x02, 0xFF, 0xFE, 0x00, 0x00, 0x00, 0xFF, 0xE0, 0x00, 0x00, 0x00, 0x15, 0x00,
    0x00, 0x00, 0x03, 0xFF, 0x00, 0x00, 0x00, 0x00, 0x00, 0x00, 0x00, 0x00, 0x1F, 0xFC, 0x00, 0x00,
    0x00, 0x00, 0x00, 0x00, 0x00, 0x00, 0xFF, 0xD0, 0x00, 0x00, 0x00, 0x00, 0x00, 0x00, 0x00, 0x0F,
    0xFF, 0x00, 0x00, 0x00, 0x00, 0x00, 0x00, 0x00, 0x2F, 0xFF, 0xF4, 0x00, 0x00, 0x00, 0x00, 0x00,
    0x00, 0x00, 0xBF, 0xFF, 0x80, 0x00, 0x00, 0x00, 0x00, 0x00, 0x00, 0x02, 0xFF, 0xF8, 0x00, 0x00,
    0x00, 0x00, 0x00, 0x00, 0x00, 0x0B, 0xFE, 0x00, 0x00, 0x00, 0x00, 0x00, 0x00, 0x01, 0xE4, 0x00,
    0x00, 0x00, 0x00, 0x01, 0xFF, 0x00, 0x00, 0x00, 0x00, 0x1B, 0xFF, 0xFE, 0x00, 0x00, 0x00, 0x7F,
    0xFF, 0xFF, 0xF8, 0x00, 0x00, 0x7F, 0xFF, 0xFF, 0xFF, 0xC0, 0x00, 0x7F, 0xFF, 0xFF, 0xFF, 0xFC,
    0x00, 0x3F, 0xFF, 0xBF, 0xEF, 0xFF, 0xC0, 0x3F, 0xFE, 0x0B, 0xD0, 0xFF, 0xF4, 0x0F, 0xFE, 0x00,
    0x00, 0x0F, 0xFF, 0x0B, 0xFF, 0x00, 0x00, 0x01, 0xFF, 0xC3, 0xFF, 0x80, 0x00, 0x00, 0x3F, 0xF4,
    0xFF, 0xD0, 0x00, 0x00, 0x0F, 0xFE, 0x3F, 0xF4, 0x00, 0x00, 0x02, 0xFF, 0xCF, 0xFC, 0x00, 0x00,
    0x00, 0xBF, 0xF3, 0xFF, 0x00, 0x00, 0x00, 0x2F, 0xFC, 0xFF, 0xC0, 0x00, 0x00, 0x0B, 0xFF, 0x3F,
    0xF4, 0x00, 0x00, 0x02, 0xFF, 0x8F, 0xFE, 0x00, 0x00, 0x00, 0xFF, 0xE2, 0xFF, 0xC0, 0x00, 0x00,
    0x7F, 0xF4, 0x7F, 0xF8, 0x00, 0x00, 0x3F, 0xFC, 0x0F, 0xFF, 0x41, 0xA0, 0x2F, 0xFE, 0x01, 0xFF,
    0xFA, 0xFF, 0x7F, 0xFF, 0x00, 0x2F, 0xFF, 0xFF, 0xFF, 0xFF, 0x40, 0x02, 0xFF, 0xFF, 0xFF, 0xFF,
    0x40, 0x00, 0x1F, 0xFF, 0xFF, 0xFF, 0x00, 0x00, 0x00, 0x6F, 0xFF, 0xF9, 0x00, 0x00, 0x00, 0x00,
    0x7F, 0xC0, 0x00, 0x00, 0x00, 0x00, 0x0B, 0xD0, 0x00, 0x00, 0x00, 0x00, 0x00, 0x00, 0x00, 0x00,
    0x00, 0x00, 0x00, 0x00, 0x00, 0x00, 0x00, 0x00, 0x0F, 0xC0, 0x00, 0x00, 0x00, 0x0F, 0xF8, 0x00,
    0x00, 0x00, 0x7F, 0xFF, 0xF4, 0x00, 0x01, 0xFF, 0xFF, 0xFF, 0xC0, 0x01, 0xFF, 0xFF, 0xFF, 0xFC,
    0x00, 0xFF, 0xFF, 0xFF, 0xFF, 0xC0, 0xBF, 0xF1, 0xFC, 0x3F, 0xF4, 0x3F, 0xF4, 0x00, 0x0B, 0xFF,
    0x0F, 0xFC, 0x00, 0x00, 0xFF, 0xC7, 0xFF, 0x00, 0x00, 0x3F, 0xF1, 0xFF, 0x80, 0x00, 0x0F, 0xFC,
    0x7F, 0xE0, 0x00, 0x03, 0xFF, 0x1F, 0xFC, 0x00, 0x00, 0xFF, 0xC3, 0xFF, 0x00, 0x00, 0x3F, 0xF0,
    0xFF, 0xD0, 0x50, 0x2F, 0xF8, 0x1F, 0xFC, 0x7F, 0x5F, 0xFD, 0x03, 0xFF, 0xFF, 0xFF, 0xFE, 0x00,
    0x3F, 0xFF, 0xFF, 0xFF, 0x00, 0x02, 0xFF, 0xFF, 0xFE, 0x00, 0x00, 0x0B, 0xFF, 0xF8, 0x00, 0x00,
    0x00, 0x2F, 0xD0, 0x00, 0x00, 0x00, 0x02, 0xE0, 0x00, 0x00, 0x00, 0x00, 0x00, 0x1A, 0x90, 0x00,
    0x00, 0x00, 0x00, 0x00, 0x00, 0x0F, 0xFF, 0xE0, 0x00, 0x00, 0x00, 0x00, 0x00, 0x02, 0xFF, 0xFF,
    0xFA, 0x00, 0x00, 0x00, 0x00, 0x00, 0x3F, 0xFF, 0xFF, 0xF0, 0x00, 0x00, 0x00, 0x00, 0x03, 0xF4,
    0x0B, 0xFF, 0x00, 0x00, 0x00, 0x00, 0x00, 0x2A, 0x2F, 0x41, 0x50, 0x00, 0x00, 0x00, 0x00, 0x00,
    0x0B, 0xFC, 0x00, 0x00, 0x00, 0x00, 0x00, 0x00, 0x00, 0x7F, 0xD0, 0x00, 0x00, 0x00, 0x00, 0x00,
    0x00, 0x00, 0xFD, 0x00, 0x00, 0x00, 0x00, 0x00, 0x00, 0x00, 0x0F, 0xC0, 0x00, 0x00, 0x00, 0x00,
    0x00, 0x00, 0x07, 0xE0, 0x00, 0x00, 0x00, 0x00, 0x00, 0x00, 0x00, 0x60, 0x00, 0x00, 0x00, 0x00,
    0x00, 0x07, 0xFF, 0x90, 0x00, 0x2F, 0xFE, 0x00, 0x00, 0x03, 0xFF, 0xFF, 0xC0, 0x2F, 0xFF, 0xFD,
    0x00, 0x01, 0xFF, 0xFF, 0xFC, 0x02, 0xFF, 0xFF, 0xF8, 0x00, 0x3F, 0xFF, 0xFF, 0x40, 0x0F, 0xFF,
    0xFF, 0xD0, 0x0B, 0xFF, 0x40, 0xB0, 0x00, 0xA0, 0x1F, 0xFF, 0x00, 0xFF, 0xD0, 0x00, 0x00, 0x00,
    0x00, 0x3F, 0xF4, 0x1F, 0xFC, 0x00, 0x00, 0x00, 0x00, 0x02, 0xFF, 0x82, 0xFF, 0x40, 0x00, 0x00,
    0x00, 0x00, 0x0F, 0xFC, 0x3F, 0xF0, 0x00, 0x00, 0x00, 0x00, 0x00, 0xFF, 0xC3, 0xFF, 0x00, 0x00,
    0x00, 0x00, 0x00, 0x0F, 0xFC, 0x3F, 0xF0, 0x00, 0x00, 0x00, 0x00, 0x00, 0xBF, 0xD3, 0xFF, 0x00,
    0x00, 0x00, 0x00, 0x00, 0x0B, 0xFD, 0x3F, 0xF0, 0x00, 0x06, 0xA9, 0x00, 0x00, 0xBF, 0xD3, 0xFF,
    0x00, 0x00, 0x7F, 0xE0, 0x00, 0x0F, 0xFC, 0x3F, 0xF0, 0x00, 0x07, 0xFE, 0x00, 0x00, 0xFF, 0xC2,
    0xFF, 0x40, 0x00, 0x7F, 0xE0, 0x00, 0x0F, 0xFC, 0x1F, 0xF8, 0x00, 0x07, 0xFE, 0x00, 0x01, 0xFF,
    0x80, 0xFF, 0xD0, 0x00, 0x7F, 0xE0, 0x00, 0x3F, 0xF4, 0x0F, 0xFF, 0x00, 0x0B, 0xFE, 0x00, 0x0B,
    0xFF, 0x00, 0x7F, 0xFE, 0x02, 0xFF, 0xF8, 0x07, 0xFF, 0xE0, 0x02, 0xFF, 0xFF, 0xFF, 0xFF, 0xFF,
    0xFF, 0xFC, 0x00, 0x0F, 0xFF, 0xFF, 0xFF, 0xFF, 0xFF, 0xFF, 0x00, 0x00, 0x2F, 0xFF, 0xFF, 0x5F,
    0xFF, 0xFF, 0xC0, 0x00, 0x00, 0x7F, 0xFF, 0x80, 0x2F, 0xFF, 0xD0, 0x00, 0x00, 0x00, 0x05, 0x00,
    0x00, 0x05, 0x00, 0x00, 0x00, 0x00, 0x00, 0x05, 0x50, 0x00, 0x00, 0x00, 0x00, 0x00, 0x0F, 0xFF,
    0xD0, 0x00, 0x00, 0x00, 0x00, 0x0B, 0xFF, 0xFF, 0xE4, 0x00, 0x00, 0x00, 0x03, 0xFF, 0xFF, 0xFF,
    0x00, 0x00, 0x00, 0x00, 0xFD, 0x07, 0xFF, 0xC0, 0x00, 0x00, 0x00, 0x2A, 0x2E, 0x06, 0xA0, 0x00,
    0x00, 0x00, 0x00, 0x2F, 0xF0, 0x00, 0x00, 0x00, 0x00, 0x00, 0x07, 0xFD, 0x00, 0x00, 0x00, 0x00,
    0x00, 0x00, 0x3F, 0x40, 0x00, 0x00, 0x00, 0x00, 0x00, 0x0F, 0xC0, 0x00, 0x00, 0x00, 0x00, 0x00,
    0x1F, 0xC0, 0x00, 0x00, 0x00, 0x00, 0x00, 0x0A, 0x40, 0x00, 0x00, 0x00, 0x00, 0x05, 0xA4, 0x00,
    0x05, 0xA4, 0x00, 0x00, 0x2F, 0xFF, 0xE0, 0x1F, 0xFF, 0xF0, 0x00, 0x3F, 0xFF, 0xF8, 0x07, 0xFF,
    0xFF, 0x40, 0x2F, 0xFF, 0xFC, 0x00, 0xFF, 0xFF, 0xF0, 0x1F, 0xFF, 0xAE, 0x00, 0x0E, 0x6F, 0xFE,
    0x0B, 0xFF, 0x00, 0x00, 0x00, 0x01, 0xFF, 0xC3, 0xFF, 0x40, 0x00, 0x00, 0x00, 0x3F, 0xF4, 0xFF,
    0xC0, 0x00, 0x00, 0x00, 0x0B, 0xFE, 0x7F, 0xF0, 0x00, 0x00, 0x00, 0x01, 0xFF, 0x9F, 0xFC, 0x00,
    0x2A, 0xA0, 0x00, 0x7F, 0xE7, 0xFF, 0x00, 0x0F, 0xFC, 0x00, 0x1F, 0xF9, 0xFF, 0xC0, 0x03, 0xFF,
    0x00, 0x0B, 0xFE, 0x3F, 0xF0, 0x00, 0xFF, 0xC0, 0x02, 0xFF, 0x8F, 0xFD, 0x00, 0x3F, 0xF0, 0x00,
    0xFF, 0xD2, 0xFF, 0xC0, 0x2F, 0xFF, 0x00, 0xBF, 0xF0, 0x7F, 0xFF, 0xFF, 0xFF, 0xFF, 0xFF, 0xF8,
    0x0B, 0xFF, 0xFF, 0xFB, 0xFF, 0xFF, 0xFC, 0x00, 0xBF, 0xFF, 0xF8, 0x7F, 0xFF, 0xFC, 0x00, 0x07,
    0xFF, 0xF4, 0x02, 0xFF, 0xF8, 0x00, 0x00, 0x01, 0x40, 0x00, 0x01, 0x40, 0x00, 0x00, 0x00, 0x00,
    0x00, 0x00, 0x00, 0x00, 0x00, 0x00, 0x00, 0x3F, 0xFF, 0xFF, 0xF8, 0x00, 0x00, 0x00, 0x00, 0x3F,
    0xFF, 0xFF, 0xF8, 0x00, 0x00, 0x00, 0x00, 0x1F, 0x5B, 0xD6, 0xF0, 0x00, 0x00, 0x00, 0x00, 0x0E,
    0x03, 0x80, 0xE0, 0x00, 0x00, 0x00, 0x00, 0x00, 0x00, 0x00, 0x00, 0x00, 0x00, 0x00, 0x00, 0x00,
    0x00, 0x00, 0x00, 0x00, 0x00, 0x3F, 0xF0, 0x00, 0x3F, 0xF0, 0x00, 0x0F, 0xFC, 0x7F, 0xF0, 0x00,
    0x3F, 0xF0, 0x00, 0x0F, 0xFC, 0x3F, 0xF0, 0x00, 0x3F, 0xF4, 0x00, 0x0F, 0xFC, 0x3F, 0xF0, 0x00,
    0x3F, 0xF4, 0x00, 0x0F, 0xFC, 0x3F, 0xF4, 0x00, 0x3F, 0xF8, 0x00, 0x1F, 0xFC, 0x3F, 0xF4, 0x00,
    0x2F, 0xF8, 0x00, 0x1F, 0xFC, 0x3F, 0xF8, 0x00, 0x1F, 0xFC, 0x00, 0x1F, 0xF8, 0x2F, 0xFC, 0x00,
    0x1F, 0xFC, 0x00, 0x2F, 0xF8, 0x1F, 0xFC, 0x00, 0x3F, 0xFC, 0x00, 0x2F, 0xF4, 0x0F, 0xFC, 0x00,
    0x3F, 0xFD, 0x00, 0x3F, 0xF4, 0x0F, 0xFD, 0x00, 0x7F, 0xFE, 0x00, 0x3F, 0xF0, 0x0B, 0xFE, 0x00,
    0xFF, 0xFF, 0x00, 0x3F, 0xF0, 0x07, 0xFF, 0x00, 0xFF, 0xFF, 0x00, 0x7F, 0xE0, 0x03, 0xFF, 0x01,
    0xFF, 0xFF, 0x40, 0xBF, 0xD0, 0x02, 0xFF, 0x43, 0xFF, 0xFF, 0x80, 0xFF, 0xC0, 0x01, 0xFF, 0xC3,
    0xFD, 0xFF, 0xC0, 0xFF, 0xC0, 0x00, 0xFF, 0xC7, 0xFC, 0xFF, 0xD1, 0xFF, 0x80, 0x00, 0xBF, 0xEB,
    0xF8, 0x7F, 0xE2, 0xFF, 0x00, 0x00, 0x3F, 0xFB, 0xF4, 0x3F, 0xF7, 0xFE, 0x00, 0x00, 0x2F, 0xFF,
    0xF0, 0x1F, 0xFF, 0xFD, 0x00, 0x00, 0x0F, 0xFF, 0xE0, 0x0F, 0xFF, 0xFC, 0x00, 0x00, 0x0B, 0xFF,
    0xD0, 0x07, 0xFF, 0xF4, 0x00, 0x00, 0x03, 0xFF, 0xC0, 0x03, 0xFF, 0xE0, 0x00, 0x00, 0x02, 0xFF,
    0xC0, 0x01, 0xFF, 0xC0, 0x00, 0x00, 0x01, 0xAA, 0xAA, 0xAA, 0x80, 0x00, 0x00, 0x00, 0xBF, 0xFF,
    0xFF, 0xF0, 0x00, 0x00, 0x00, 0x1F, 0xFF, 0xFF, 0xF8, 0x00, 0x00, 0x00, 0x03, 0xD0, 0xF4, 0x3C,
    0x00, 0x00, 0x00, 0x00, 0x60, 0x18, 0x06, 0x00, 0x00, 0x00, 0x00, 0x00, 0x00, 0x00, 0x00, 0x00,
    0x00, 0x00, 0x00, 0x00, 0x00, 0x00, 0x00, 0x01, 0xFF, 0x80, 0x03, 0xFF, 0x00, 0x0F, 0xFC, 0x7F,
    0xE0, 0x00, 0xFF, 0xC0, 0x03, 0xFF, 0x0F, 0xFC, 0x00, 0x3F, 0xF0, 0x00, 0xFF, 0xC3, 0xFF, 0x00,
    0x0F, 0xFD, 0x00, 0x3F, 0xF0, 0xFF, 0xC0, 0x02, 0xFF, 0x40, 0x1F, 0xF8, 0x2F, 0xF4, 0x00, 0x7F,
    0xE0, 0x07, 0xFE, 0x07, 0xFE, 0x00, 0x1F, 0xFC, 0x02, 0xFF, 0x40, 0xFF, 0xC0, 0x0B, 0xFF, 0x00,
    0xFF, 0xC0, 0x3F, 0xF0, 0x03, 0xFF, 0xD0, 0x3F, 0xE0, 0x07, 0xFD, 0x02, 0xFF, 0xF8, 0x1F, 0xF4,
    0x00, 0xFF, 0x80, 0xFF, 0xFF, 0x0B, 0xFC, 0x00, 0x2F, 0xF0, 0xFF, 0xFF, 0xC3, 0xFE, 0x00, 0x07,
    0xFD, 0x7F, 0xCF, 0xF5, 0xFF, 0x00, 0x00, 0xFF, 0xBF, 0xD2, 0xFE, 0xFF, 0xC0, 0x00, 0x1F, 0xFF,
    0xF0, 0x3F, 0xFF, 0xD0, 0x00, 0x03, 0xFF, 0xF4, 0x0B, 0xFF, 0xE0, 0x00, 0x00, 0x7F, 0xFC, 0x00,
    0xFF, 0xF0, 0x00, 0x00, 0x0B, 0xFD, 0x00, 0x1F, 0xF8, 0x00, 0x00, 0x00, 0x00, 0x00, 0x00, 0x00,
    0x00, 0x00, 0x1B, 0xFF, 0xE4, 0x00, 0x00, 0xBF, 0xFF, 0xFF, 0xF0, 0x00, 0xFF, 0xFF, 0xFF, 0xFC,
    0x00, 0xFF, 0xFF, 0xFF, 0xFE, 0x00, 0xFF, 0xFD, 0x00, 0x7F, 0x00, 0xBF, 0xF8, 0x00, 0x00, 0x40,
    0x3F, 0xF8, 0x00, 0x00, 0x00, 0x1F, 0xFC, 0x00, 0x00, 0x00, 0x0B, 0xFE, 0x00, 0x00, 0x00, 0x03,
    0xFF, 0x40, 0x00, 0x00, 0x00, 0xFF, 0xC0, 0x00, 0x00, 0x00, 0x3F, 0xF0, 0x00, 0x00, 0x00, 0x0F,
    0xFC, 0x00, 0x00, 0x00, 0x03, 0xFF, 0x00, 0x00, 0x00, 0x00, 0xFF, 0xD0, 0x00, 0x00, 0x00, 0x3F,
    0xF8, 0x00, 0x00, 0x00, 0x0B, 0xFF, 0x00, 0x00, 0x00, 0x00, 0xFF, 0xD0, 0x00, 0x00, 0x00, 0x3F,
    0xFC, 0x00, 0x00, 0x00, 0x07, 0xFF, 0xE0, 0x00, 0x10, 0x00, 0xBF, 0xFF, 0xFF, 0xFC, 0x00, 0x0B,
    0xFF, 0xFF, 0xFF, 0x00, 0x00, 0x7F, 0xFF, 0xFF, 0xC0, 0x00, 0x01, 0xFF, 0xFF, 0xF0, 0x00, 0x00,
    0x00, 0x5F, 0xFC, 0x00, 0x00, 0x00, 0x03, 0xFF, 0x00, 0x00, 0x00, 0x00, 0xFF, 0xC0, 0x00, 0x00,
    0x00, 0x3F, 0xF0, 0x00, 0x00, 0x00, 0x0F, 0xFC, 0x00, 0x00, 0x00, 0x03, 0xFF, 0x00, 0x00, 0x00,
    0x00, 0xFF, 0xC0, 0x00, 0x00, 0x00, 0x3F, 0xF0, 0x00, 0x00, 0x01, 0x65, 0x00, 0x00, 0xBF, 0xFF,
    0xF8, 0x03, 0xFF, 0xFF, 0xFC, 0x0F, 0xFF, 0xFF, 0xF8, 0x1F, 0xFF, 0x9A, 0xF4, 0x3F, 0xFC, 0x00,
    0x10, 0x3F, 0xF0, 0x00, 0x00, 0x7F, 0xF0, 0x00, 0x00, 0x7F, 0xE0, 0x00, 0x00, 0x7F, 0xE0, 0x00,
    0x00, 0x7F, 0xE0, 0x00, 0x00, 0x7F, 0xE0, 0x00, 0x00, 0x7F, 0xF0, 0x00, 0x00, 0x3F, 0xF4, 0x00,
    0x00, 0x2F, 0xFD, 0x00, 0x00, 0x0F, 0xFF, 0xEB, 0xF0, 0x07, 0xFF, 0xFF, 0xF0, 0x01, 0xFF, 0xFF,
    0xF0, 0x00, 0x2F, 0xFF, 0xF0, 0x00, 0x00, 0x7F, 0xF0, 0x00, 0x00, 0x3F, 0xF0, 0x00, 0x00, 0x3F,
    0xF0, 0x00, 0x00, 0x3F, 0xF0, 0x00, 0x00, 0x3F, 0xF0, 0x00, 0x00, 0x3F, 0xF0, 0x00, 0x00, 0x3F,
    0xF0, 0x00, 0x00, 0x3F, 0xF0, 0x00, 0x00, 0x00, 0x18, 0x00, 0x00, 0x00, 0x03, 0xE0, 0x00, 0x04,
    0x00, 0xBC, 0x00, 0x01, 0xF4, 0x0F, 0x80, 0x00, 0x2F, 0xE3, 0xF0, 0x00, 0x00, 0x7F, 0xFD, 0x00,
    0x00, 0x00, 0x7F, 0xD0, 0x00, 0x00, 0x01, 0xFF, 0xC0, 0x00, 0x00, 0x3F, 0xBF, 0x80, 0x00, 0x0B,
    0xC1, 0xFD, 0x18, 0x00, 0xF8, 0x01, 0x83, 0xF4, 0x3F, 0x00, 0x00, 0x2F, 0xFB, 0xD0, 0x00, 0x00,
    0x2F, 0xFC, 0x00, 0x00, 0x00, 0x7F, 0xD0, 0x00, 0x00, 0x03, 0xFF, 0xD0, 0x00, 0x00, 0xBC, 0xBF,
    0x80, 0x00, 0x1F, 0x80, 0xF8, 0x00, 0x03, 0xF0, 0x01, 0x00, 0x00, 0x7D, 0x00, 0x00, 0x00, 0x02,
    0xC0, 0x00, 0x00, 0x00, 0x00, 0x00, 0x00, 0x00, 0x00, 0x00, 0x00, 0x00, 0x00, 0x00, 0xFC, 0x2A,
    0xAA, 0xBF, 0xCB, 0xFF, 0xFF, 0xFC, 0xBF, 0xFF, 0xFF, 0x47, 0xE0, 0x00, 0x00, 0x04, 0x00, 0x00,
    0x00, 0x00, 0x00, 0x50, 0x00, 0x01, 0xFF, 0xF4, 0x16, 0xFF, 0xFF, 0xC7, 0xFF, 0xFF, 0xFD, 0x7F,
    0xFD, 0x0F, 0xE3, 0xA4, 0x00, 0x7E, 0x05, 0x43, 0xFD, 0x7F, 0xE7, 0xF4, 0x3F, 0x02, 0xFD, 0x07,
    0xE0, 0x00, 0x05, 0x03, 0xFC, 0x7F, 0xE1, 0xFE, 0x0B, 0xD2, 0xFC, 0x7D, 0x00, 0x00, 0x01, 0x54,
    0x00, 0x01, 0xFF, 0xF9, 0x00, 0x3F, 0xFF, 0xFE, 0x97, 0xFF, 0xFF, 0xFD, 0x7F, 0x02, 0xFF, 0xD6,
    0x90, 0x00, 0x69, 0x00, 0x00, 0x00, 0x00, 0x00, 0x00, 0x00, 0x00, 0x00, 0x00, 0x00, 0x00, 0x00,
    0x0B, 0xF8, 0x00, 0x00, 0x00, 0x00, 0x00, 0x00, 0x00, 0x02, 0xFF, 0xF0, 0x00, 0x00, 0x00, 0x00,
    0x00, 0x00, 0x00, 0x38, 0x07, 0x80, 0x00, 0x00, 0x00, 0x00, 0x00, 0x00, 0x03, 0x00, 0x28, 0x00,
    0x00, 0x00, 0x00, 0x00, 0x00, 0x00, 0x00, 0x00, 0x00, 0x00, 0x00, 0x00, 0x00, 0x05, 0x40, 0x00,
    0x00, 0x00, 0x00, 0x55, 0x00, 0x00, 0x07, 0xFF, 0x40, 0x00, 0x00, 0x00, 0x3F, 0xFC, 0x00, 0x00,
    0xFA, 0xBC, 0x00, 0x00, 0x00, 0x0B, 0xEB, 0xE0, 0x00, 0x1C, 0x00, 0xE0, 0x00, 0x00, 0x00, 0xE0,
    0x0B, 0x00, 0x00, 0x40, 0x04, 0x00, 0x00, 0x00, 0x04, 0x00, 0x10, 0x00, 0x00, 0x00, 0x00, 0x00,
    0x00, 0x00, 0x00, 0x00, 0x00, 0x00, 0x00, 0x00, 0x00, 0x00, 0x00, 0x00, 0x00, 0x00, 0x00, 0x00,
    0x00, 0x00, 0x00, 0x00, 0x00, 0x00, 0x00, 0x00, 0x00, 0x00, 0x00, 0x00, 0x00, 0x00, 0x00, 0x00,
    0x00, 0x00, 0x00, 0x00, 0x00, 0x00, 0x00, 0x00, 0x00, 0x00, 0x00, 0x1B, 0xF4, 0x00, 0x00, 0x00,
    0x00, 0x00, 0x01, 0xFE, 0x03, 0xFF, 0xD0, 0x00, 0x00, 0x00, 0x00, 0x00, 0xBF, 0xFC, 0xB4, 0x1F,
    0x00, 0x00, 0x00, 0x00, 0x00, 0x0F, 0x41, 0xED, 0x00, 0x70, 0x00, 0x00, 0x00, 0x00, 0x00, 0xD0,
    0x0B, 0x00, 0x00, 0x00, 0x00, 0x00, 0x00, 0x00, 0x00, 0x00, 0x00, 0x00, 0x00, 0x00, 0x00, 0x00,
    0x00, 0x00, 0x00, 0x00, 0x00, 0x00, 0x00, 0x00, 0x00, 0x00, 0x00, 0x00, 0x00, 0x00, 0x00, 0x00,
    0x00, 0x00, 0x00, 0x00, 0x00, 0x00, 0x00, 0x00, 0x00, 0x00, 0x00, 0x00, 0x00, 0x00, 0x00, 0x00,
    0x00, 0x00, 0x00, 0x00, 0x00, 0x00, 0x00, 0x00, 0x00, 0x00, 0x00, 0x3F, 0xF0, 0x00, 0x00, 0x00,
    0x02, 0xFF, 0x80, 0x00, 0x0F, 0xFF, 0xC0, 0x00, 0x00, 0x00, 0x7F, 0xFE, 0x00, 0x01, 0xD0, 0x1E,
    0x00, 0x00, 0x00, 0x0F, 0x00, 0xF0, 0x00, 0x18, 0x00, 0x90, 0x00, 0x00, 0x00, 0x90, 0x02, 0x00,
    0x00, 0x00, 0x00, 0x00, 0x00, 0x00, 0x00, 0x00, 0x00, 0x00, 0x00, 0x00, 0x00, 0x06, 0xE4, 0x00,
    0x00, 0x00, 0x00, 0x00, 0x00, 0x00, 0x01, 0xFF, 0xF0, 0x00, 0x00, 0x00, 0x00, 0x00, 0x00, 0x00,
    0x3D, 0x5B, 0x80, 0x00, 0x00, 0x00, 0x00, 0x00, 0x00, 0x03, 0x40, 0x3C, 0x00, 0x00, 0x00, 0x00,
    0x00, 0x00, 0x00, 0x00, 0x00, 0x00, 0x00, 0x00, 0x00, 0x00, 0x00, 0x00, 0x00, 0x01, 0x40, 0x00,
    0x00, 0x00, 0x00, 0x00, 0x00, 0x00, 0x00, 0x3C, 0x00, 0x00, 0x00, 0x00, 0x00, 0x00, 0x00, 0x00,
    0x07, 0x80, 0x00, 0x00, 0x00, 0x00, 0x00, 0x00, 0x00, 0x00, 0xF8, 0x00, 0x00, 0x00, 0x00, 0x00,
    0x00, 0x00, 0x00, 0x1F, 0x40, 0x00, 0x00, 0x00, 0x00, 0x00, 0x20, 0x00, 0x02, 0xF0, 0x00, 0x00,
    0x00, 0x00, 0x00, 0x0B, 0x80, 0x00, 0x3F, 0x00, 0x00, 0x00, 0x00, 0x00, 0x00, 0x7C, 0x00, 0x02,
    0x90, 0x00, 0x01, 0xBC, 0x00, 0x00, 0x03, 0xF0, 0x00, 0x00, 0x00, 0x01, 0xFF, 0x80, 0x00, 0x00,
    0x1F, 0x40, 0x00, 0x00, 0x00, 0xFF, 0xC0, 0x00, 0x00, 0x00, 0xFC, 0x00, 0x00, 0x00, 0x0B, 0xE0,
    0x00, 0x00, 0x00, 0x07, 0x80, 0x00, 0x00, 0x00, 0x20, 0x00, 0x00, 0x00, 0x00, 0x20, 0x00, 0x00,
    0x00, 0x00, 0x00, 0x00, 0x00, 0x00, 0x00, 0x00, 0x00, 0x00, 0x00, 0x00, 0x00, 0x00, 0x00, 0x00,
    0x00, 0x00, 0x00, 0x00, 0x00, 0x00, 0x00, 0x00, 0x00, 0x00, 0x00, 0x00, 0x00, 0x00, 0x00, 0x00,
    0x00, 0x00, 0x00, 0x00, 0x00, 0x00, 0x00, 0x00, 0x00, 0x00, 0x07, 0xA4, 0x00, 0x00, 0x00, 0x00,
    0x00, 0x00, 0xB9, 0x00, 0x7F, 0xFD, 0x00, 0x00, 0x00, 0x00, 0x00, 0x0B, 0xFE, 0x00, 0xBF, 0xE0,
    0x00, 0x00, 0x00, 0x00, 0x00, 0x7F, 0xFD, 0x00, 0x6E, 0x00, 0x00, 0x00, 0x00, 0x00, 0x00, 0x1A,
    0xD0, 0x00, 0x00, 0x00, 0x00, 0x00, 0x00, 0x00, 0x00, 0x00, 0x00, 0x00, 0x00, 0x00, 0x00, 0x00,
    0x00, 0x00, 0x00, 0x00, 0x00, 0x00, 0x00, 0x00, 0x00, 0x00, 0x00, 0x00, 0x00, 0x00, 0x00, 0x00,
    0x00, 0x00, 0x00, 0x00, 0x00, 0x00, 0x00, 0x00, 0x00, 0x00, 0x00, 0x00, 0x00, 0x00, 0x00, 0x00,
    0x00, 0x00, 0x00, 0x00, 0x00, 0x00, 0x00, 0x80, 0x00, 0x00, 0x00, 0x01, 0x80, 0x00, 0x00, 0x00,
    0x3D, 0x00, 0x00, 0x00, 0x00, 0xBF, 0x00, 0x00, 0x00, 0x03, 0xF0, 0x00, 0x00, 0x00, 0x7F, 0xE0,
    0x00, 0x00, 0x00, 0x1F, 0x40, 0x00, 0x00, 0x2F, 0xE0, 0x00, 0x06, 0x80, 0x00, 0xFC, 0x00, 0x00,
    0x03, 0xE0, 0x00, 0x00, 0xFC, 0x00, 0x03, 0xD0, 0x00, 0x00, 0x00, 0x00, 0x00, 0x0F, 0x80, 0x00,
    0x1E, 0x00, 0x00, 0x00, 0x00, 0x00, 0x01, 0xF4, 0x00, 0x00, 0x80, 0x00, 0x00, 0x00, 0x00, 0x00,
    0x2F, 0x00, 0x00, 0x00, 0x00, 0x00, 0x00, 0x00, 0x00, 0x02, 0xE0, 0x00, 0x00, 0x00, 0x00, 0x00,
    0x00, 0x00, 0x00, 0x3C, 0x00, 0x00, 0x00, 0x00, 0x00, 0x00, 0x00, 0x00, 0x01, 0x40, 0x00, 0x00,
    0x00, 0x00, 0x02, 0xA8, 0x00, 0x06, 0xA4, 0x00, 0x00, 0x0F, 0xF4, 0x00, 0x3F, 0xD0, 0x00, 0x00,
    0x3F, 0xF0, 0x02, 0xFF, 0x00, 0x00, 0x00, 0x7F, 0xFA, 0xBF, 0xF8, 0x00, 0x00, 0x00, 0xBF, 0xFF,
    0xFF, 0x80, 0x00, 0x00, 0x00, 0x7F, 0xFF, 0xF4, 0x00, 0x00, 0x00, 0x00, 0x01, 0x50, 0x00, 0x00,
    0x00, 0x00, 0x00, 0x00, 0x00, 0x00, 0x00, 0x00, 0xFF, 0x40, 0x00, 0x02, 0xFF, 0xD0, 0x03, 0xFE,
    0x00, 0x00, 0x1F, 0xFF, 0x40, 0x0F, 0xF8, 0x00, 0x00, 0xFF, 0xFD, 0x00, 0x3F, 0xE0, 0x00, 0x0B,
    0xFF, 0xF4, 0x00, 0xFF, 0x80, 0x00, 0x3F, 0xFF, 0xD0, 0x03, 0xFE, 0x00, 0x03, 0xFF, 0xFF, 0x40,
    0x0F, 0xF8, 0x00, 0x1F, 0xFB, 0xFD, 0x00, 0x3F, 0xE0, 0x00, 0xFF, 0xCF, 0xF4, 0x00, 0xFF, 0x80,
    0x0B, 0xFD, 0x3F, 0xD0, 0x03, 0xFE, 0x00, 0x7F, 0xF0, 0xFF, 0x40, 0x0F, 0xF8, 0x03, 0xFF, 0x03,
    0xFD, 0x00, 0x3F, 0xE0, 0x1F, 0xF8, 0x0F, 0xF4, 0x00, 0xFF, 0x80, 0xFF, 0xC0, 0x3F, 0xD0, 0x03,
    0xFE, 0x0B, 0xFD, 0x00, 0xFF, 0x40, 0x0F, 0xF8, 0x7F, 0xF0, 0x03, 0xFD, 0x00, 0x3F, 0xD3, 0xFF,
    0x00, 0x0F, 0xF4, 0x00, 0xFF, 0x6F, 0xF8, 0x00, 0x3F, 0xD0, 0x03, 0xFE, 0xFF, 0xC0, 0x00, 0xFF,
    0x40, 0x0F, 0xFF, 0xFD, 0x00, 0x03, 0xFD, 0x00, 0x3F, 0xFF, 0xF0, 0x00, 0x0F, 0xF9, 0x55, 0xFF,
    0xFF, 0x00, 0x00, 0x3F, 0xFF, 0xFB, 0xFF, 0xF8, 0x00, 0x00, 0xFF, 0xFF, 0xDF, 0xFF, 0xC0, 0x00,
    0x03, 0xFF, 0xFF, 0x3F, 0xFD, 0x00, 0x00, 0x0F, 0xFF, 0xFC, 0x00, 0x00, 0x00, 0x00, 0x00, 0x3F,
    0xE0, 0x00, 0x00, 0x00, 0x00, 0x00, 0xFF, 0x40, 0x00, 0x00, 0x00, 0x00, 0x0B, 0xFC, 0x00, 0x00,
    0x00, 0x00, 0x00, 0x3F, 0xF0, 0x00, 0x00, 0x00, 0x00, 0x02, 0xFF, 0x80, 0x00, 0x00, 0x00, 0x00,
    0x0F, 0xFD, 0x00, 0x00, 0x00, 0x00, 0x00, 0x7F, 0xF0, 0x00, 0x00, 0x00, 0x00, 0x00, 0x00, 0x00,
    0x03, 0xFE, 0x00, 0x0B, 0xFC, 0x00, 0x00, 0xBF, 0xC0, 0x03, 0xFE, 0x00, 0x00, 0x1F, 0xF8, 0x03,
    0xFF, 0x00, 0x00, 0x02, 0xFF, 0xFF, 0xFF, 0x80, 0x00, 0x00, 0x2F, 0xFF, 0xFF, 0x40, 0x00, 0x00,
    0x00, 0x6B, 0xE9, 0x00, 0x00, 0x00, 0x00, 0x00, 0x00, 0x00, 0x00, 0x00, 0x00, 0x00, 0x00, 0x00,
    0x00, 0x00, 0x1F, 0xF4, 0x00, 0x0F, 0xFF, 0x40, 0x07, 0xFD, 0x00, 0x0B, 0xFF, 0xD0, 0x01, 0xFF,
    0x40, 0x07, 0xFF, 0xF4, 0x00, 0x7F, 0xD0, 0x03, 0xFF, 0xFD, 0x00, 0x1F, 0xF4, 0x02, 0xFF, 0xFF,
    0x40, 0x07, 0xFD, 0x01, 0xFF, 0xFF, 0xD0, 0x01, 0xFF, 0x40, 0xFF, 0xDF, 0xF4, 0x00, 0x7F, 0xD0,
    0xBF, 0xD7, 0xFD, 0x00, 0x1F, 0xF4, 0x7F, 0xF1, 0xFF, 0x40, 0x07, 0xFD, 0x3F, 0xF0, 0x7F, 0xD0,
    0x01, 0xFF, 0x2F, 0xF4, 0x1F, 0xF4, 0x00, 0x7F, 0xDF, 0xFC, 0x07, 0xFD, 0x00, 0x1F, 0xFF, 0xFC,
    0x01, 0xFF, 0x40, 0x07, 0xFF, 0xFE, 0x00, 0x7F, 0xD0, 0x01, 0xFF, 0xFF, 0x00, 0x1F, 0xFE, 0xA8,
    0x7F, 0xFF, 0x00, 0x07, 0xFF, 0xFF, 0x1F, 0xFF, 0x80, 0x01, 0xFF, 0xFF, 0xC7, 0xFF, 0xC0, 0x00,
    0x7F, 0xFF, 0xE0, 0x00, 0x00, 0x00, 0x00, 0x0F, 0xF4, 0x00, 0x00, 0x00, 0x00, 0x03, 0xFC, 0x00,
    0x00, 0x00, 0x00, 0x01, 0xFF, 0x00, 0x00, 0x00, 0x00, 0x00, 0xFF, 0x80, 0x00, 0x00, 0x00, 0x00,
    0x3F, 0xD0, 0x00, 0x00, 0x00, 0x00, 0x1F, 0xF0, 0x00, 0x00, 0x00, 0x00, 0x06, 0xA8, 0x00, 0x03,
    0xFF, 0x00, 0x00, 0x00, 0x03, 0xFF, 0x00, 0x00, 0x00, 0x17, 0xFF, 0x55, 0x40, 0x00, 0x3F, 0xFF,
    0xFF, 0xC0, 0x00, 0x3F, 0xFF, 0xFF, 0xC0, 0x00, 0x3F, 0xFF, 0xFF, 0xC0, 0x00, 0x3F, 0xFF, 0xFF,
    0x80, 0x00, 0x03, 0xFF, 0x00, 0x00, 0x00, 0x03, 0xFF, 0x00, 0x00, 0x00, 0x03, 0xFF, 0xAA, 0x90,
    0x00, 0x03, 0xFF, 0xFF, 0xFE, 0x00, 0x03, 0xFF, 0xFF, 0xFF, 0xE0, 0x03, 0xFF, 0xFF, 0xFF, 0xF4,
    0x03, 0xFF, 0x5A, 0xFF, 0xFC, 0x03, 0xFF, 0x00, 0x1F, 0xFD, 0x03, 0xFF, 0x00, 0x0B, 0xFE, 0x03,
    0xFF, 0x00, 0x07, 0xFF, 0x03, 0xFF, 0x00, 0x07, 0xFE, 0x03, 0xFF, 0x00, 0x0F, 0xFE, 0x03, 0xFF,
    0x01, 0xBF, 0xFC, 0x03, 0xFF, 0xFF, 0xFF, 0xF8, 0x03, 0xFF, 0xFF, 0xFF, 0xF0, 0x03, 0xFF, 0xFF,
    0xFF, 0x80, 0x03, 0xFF, 0xFF, 0xE4, 0x00, 0x01, 0x54, 0x00, 0x00, 0x00, 0x07, 0xFE, 0x00, 0x00,
    0x00, 0x07, 0xFE, 0x00, 0x00, 0x00, 0x07, 0xFE, 0x00, 0x00, 0x00, 0xAF, 0xFF, 0xAA, 0x90, 0x00,
    0xFF, 0xFF, 0xFF, 0xE0, 0x00, 0xFF, 0xFF, 0xFF, 0xE0, 0x00, 0xAB, 0xFF, 0xAA, 0x90, 0x00, 0x07,
    0xFE, 0x00, 0x00, 0x00, 0x07, 0xFE, 0x00, 0x00, 0x00, 0x07, 0xFE, 0x00, 0x00, 0x00, 0x07, 0xFE,
    0x00, 0x00, 0x00, 0x07, 0xFE, 0x00, 0x00, 0x00, 0x07, 0xFE, 0x00, 0x00, 0x00, 0x07, 0xFE, 0x00,
    0x00, 0x00, 0x07, 0xFF, 0xFF, 0xFE, 0x40, 0x07, 0xFF, 0xFF, 0xFF, 0xE0, 0x07, 0xFF, 0xFF, 0xFF,
    0xF8, 0x07, 0xFE, 0x55, 0x7F, 0xFC, 0x07, 0xFE, 0x00, 0x0F, 0xFC, 0x07, 0xFE, 0x00, 0x0B, 0xFD,
    0x07, 0xFE, 0x00, 0x0F, 0xFC, 0x07, 0xFF, 0x55, 0xBF, 0xFC, 0x07, 0xFF, 0xFF, 0xFF, 0xF4, 0x07,
    0xFF, 0xFF, 0xFF, 0xD0, 0x07, 0xFF, 0xFF, 0xF9, 0x00, 0xFF, 0xFF, 0xE9, 0x00, 0x3F, 0xFF, 0xFF,
    0xF4, 0x0F, 0xFF, 0xFF, 0xFF, 0x83, 0xFF, 0xFF, 0xFF, 0xF4, 0xFF, 0xD5, 0x6F, 0xFF, 0x3F, 0xF0,
    0x01, 0xFF, 0xCF, 0xFC, 0x00, 0x3F, 0xF7, 0xFF, 0x00, 0x0B, 0xFD, 0xFF, 0xC0, 0xE2, 0xFF, 0x7F,
    0xF0, 0xFD, 0xFF, 0xCF, 0xFC, 0x3F, 0xFF, 0xF3, 0xFF, 0xAB, 0xFF, 0xF8, 0xFF, 0xFF, 0xFF, 0xFC,
    0x3F, 0xFF, 0xFF, 0xFC, 0x0F, 0xFF, 0xFF, 0xFE, 0x03, 0xFF, 0xA9, 0x5F, 0xD0, 0xFF, 0xC0, 0x02,
    0xF4, 0x3F, 0xF0, 0x00, 0x20, 0x0F, 0xFC, 0x00, 0x00, 0x03, 0xFF, 0x00, 0x00, 0x00, 0xFF, 0xC0,
    0x00, 0x00, 0x3F, 0xF0, 0x00, 0x00, 0x0F, 0xFC, 0x00, 0x00, 0x03, 0xFF, 0x00, 0x00, 0x00, 0x00,
    0x00, 0x19, 0x40, 0x07, 0xFC, 0x2F, 0xFF, 0x40, 0x7F, 0xCF, 0xFF, 0xFD, 0x07, 0xFF, 0xFF, 0xFF,
    0xF0, 0x7F, 0xFF, 0x5B, 0xFF, 0x87, 0xFF, 0x80, 0x2F, 0xFC, 0x7F, 0xF0, 0x00, 0xFF, 0xD7, 0xFE,
    0x00, 0x0B, 0xFD, 0x7F, 0xE0, 0x00, 0xBF, 0xE7, 0xFE, 0x00, 0x07, 0xFE, 0x7F, 0xE0, 0x00, 0x7F,
    0xE7, 0xFE, 0x02, 0xCB, 0xFE, 0x7F, 0xF0, 0xFF, 0xFF, 0xD7, 0xFF, 0x0B, 0xFF, 0xFC, 0x7F, 0xFC,
    0x3F, 0xFF, 0xC7, 0xFF, 0xFF, 0xFF, 0xF4, 0x7F, 0xFF, 0xFF, 0xFF, 0x07, 0xFD, 0xFF, 0xFF, 0xD0,
    0x7F, 0xD2, 0xFF, 0xFF, 0x07, 0xFE, 0x01, 0x57, 0xF4, 0x7F, 0xE0, 0x00, 0x1D, 0x07, 0xFE, 0x00,
    0x00, 0x00, 0x7F, 0xE0, 0x00, 0x00, 0x07, 0xFE, 0x00, 0x00, 0x00, 0x7F, 0xE0, 0x00, 0x00, 0x07,
    0xFE, 0x00, 0x00, 0x00, 0x7F, 0xE0, 0x00, 0x00, 0x00, 0x00, 0x00, 0x00, 0xFF, 0x40, 0x00, 0x00,
    0x3F, 0xE0, 0x00, 0x00, 0x0F, 0xF8, 0x00, 0x00, 0x03, 0xFE, 0x00, 0x00, 0x00, 0xFF, 0x8F, 0xFF,
    0xFF, 0xFF, 0xE3, 0xFF, 0xFF, 0xFF, 0xF8, 0xFF, 0xFF, 0xFF, 0xFE, 0x3F, 0xFF, 0xFF, 0xFF, 0x8F,
    0xFD, 0x55, 0x55, 0x43, 0xFF, 0x00, 0x00, 0x00, 0xFF, 0xC0, 0x00, 0x00, 0x3F, 0xF0, 0x00, 0x00,
    0x0F, 0xFC, 0x00, 0x00, 0x03, 0xFF, 0x00, 0x00, 0x00, 0xFF, 0xC0, 0x00, 0x00, 0x3F, 0xF0, 0x00,
    0x00, 0x0F, 0xFC, 0x00, 0x00, 0x03, 0xFF, 0x00, 0x00, 0x00, 0xFF, 0xC0, 0x00, 0x00, 0x3F, 0xF0,
    0x00, 0x00, 0x0F, 0xFC, 0x00, 0x00, 0x03, 0xFF, 0x00, 0x00, 0x00, 0xFF, 0xC0, 0x00, 0x00, 0x3F,
    0xF0, 0x00, 0x00, 0x0F, 0xFC, 0x00, 0x00, 0x03, 0xFF, 0x00, 0x00, 0x00, 0xFF, 0xC0, 0x00, 0x00,
    0x3F, 0xF0, 0x00, 0x00, 0x00, 0x00, 0x00, 0x00, 0x00, 0x00, 0x02, 0xFF, 0x00, 0x00, 0x2F, 0xF0,
    0x00, 0x02, 0xFF, 0x00, 0x00, 0x2F, 0xF0, 0x00, 0x02, 0xFF, 0x7F, 0xFF, 0xFF, 0xF7, 0xFF, 0xFF,
    0xFF, 0x7F, 0xFF, 0xFF, 0xF7, 0xFF, 0xAA, 0xA9, 0x7F, 0xE0, 0x00, 0x07, 0xFE, 0x00, 0x00, 0x7F,
    0xE0, 0x00, 0x07, 0xFE, 0x00, 0x00, 0x7F, 0xE0, 0x00, 0x07, 0xFE, 0x00, 0x00, 0x7F, 0xE0, 0x00,
    0x07, 0xFE, 0x00, 0x00, 0x7F, 0xE0, 0x00, 0x07, 0xFE, 0x00, 0x00, 0x7F, 0xE0, 0x00, 0x07, 0xFE,
    0x00, 0x00, 0x7F, 0xE0, 0x00, 0x07, 0xFE, 0x00, 0x00, 0x03, 0xFF, 0xFF, 0xFF, 0xF0, 0x3F, 0xFF,
    0xFF, 0xFF, 0x03, 0xFF, 0xFF, 0xFF, 0xF0, 0x3F, 0xFF, 0xFF, 0xFF, 0x03, 0xFF, 0x55, 0x55, 0x50,
    0x3F, 0xF0, 0x00, 0x00, 0x03, 0xFF, 0x00, 0x00, 0x00, 0x3F, 0xF0, 0x00, 0x00, 0x03, 0xFF, 0x00,
    0x00, 0x00, 0x3F, 0xF0, 0x00, 0x00, 0x3F, 0xFF, 0xFF, 0xF4, 0x03, 0xFF, 0xFF, 0xFF, 0x80, 0x3F,
    0xFF, 0xFF, 0xF8, 0x03, 0xFF, 0xFF, 0xFF, 0x80, 0x17, 0xFF, 0x55, 0x50, 0x00, 0x3F, 0xF0, 0x00,
    0x00, 0x03, 0xFF, 0x00, 0x00, 0x00, 0x3F, 0xF0, 0x00, 0x00, 0x03, 0xFF, 0x00, 0x00, 0x00, 0x3F,
    0xF0, 0x00, 0x00, 0x03, 0xFF, 0x00, 0x00, 0x00, 0x3F, 0xF0, 0x00, 0x00, 0x03, 0xFF, 0x00, 0x00,
    0x00, 0x3F, 0xF0, 0x00, 0x00, 0x00, 0x00, 0x00, 0x00, 0x0B, 0xFF, 0xFF, 0xFE, 0x0B, 0xFF, 0xFF,
    0xFE, 0x0B, 0xFF, 0xFF, 0xFE, 0x0B, 0xFF, 0xFF, 0xFD, 0x0B, 0xFD, 0x00, 0x00, 0x0B, 0xFD, 0x00,
    0x00, 0x0B, 0xFD, 0x00, 0x00, 0xAF, 0xFE, 0xAA, 0x40, 0xFF, 0xFF, 0xFF, 0x80, 0xFF, 0xFF, 0xFF,
    0x80, 0xFF, 0xFF, 0xFF, 0x80, 0x0F, 0xFD, 0x00, 0x00, 0x0B, 0xFD, 0x00, 0x00, 0x0B, 0xFD, 0x00,
    0x00, 0x0B, 0xFD, 0x00, 0x00, 0x0B, 0xFD, 0x00, 0x00, 0x0B, 0xFD, 0x00, 0x00, 0x0B, 0xFD, 0x00,
    0x00, 0xFF, 0xFF, 0xFF, 0xFC, 0x00, 0xFF, 0xFF, 0xFF, 0xFC, 0x00, 0xFF, 0xFF, 0xFF, 0xFC, 0x00,
    0xFF, 0xFF, 0xFF, 0xFC, 0x00, 0xFF, 0xD5, 0x55, 0x54, 0x00, 0xFF, 0xC0, 0x00, 0x00, 0x00, 0xFF,
    0xC0, 0x00, 0x00, 0x00, 0xFF, 0xC0, 0x00, 0x00, 0x00, 0xFF, 0xC0, 0x00, 0x00, 0x00, 0xFF, 0xC0,
    0x00, 0x00, 0x00, 0xFF, 0xC1, 0x54, 0x00, 0x00, 0xFF, 0xFF, 0xFF, 0xE0, 0x00, 0xFF, 0xFF, 0xFF,
    0xFE, 0x00, 0xFF, 0xFF, 0xFF, 0xFF, 0x80, 0xFF, 0xFF, 0xFF, 0xFF, 0xE0, 0xFF, 0xD5, 0x5B, 0xFF,
    0xF4, 0xFF, 0xC0, 0x00, 0xBF, 0xFC, 0xFF, 0xC0, 0x00, 0x1F, 0xFC, 0xFF, 0xC0, 0x00, 0x0F, 0xFD,
    0xFF, 0xC0, 0x00, 0x07, 0xFE, 0xFF, 0xC0, 0x00, 0x03, 0xFE, 0xFF, 0xC0, 0x00, 0x03, 0xFF, 0xFF,
    0xC0, 0x00, 0x03, 0xFF, 0xFF, 0xC0, 0x00, 0x07, 0xFE, 0x00, 0x00, 0x00, 0x0B, 0xFE, 0x00, 0x00,
    0x00, 0x0F, 0xFD, 0x00, 0x00, 0x00, 0x2F, 0xFC, 0x00, 0x09, 0x01, 0xFF, 0xF8, 0x00, 0x1F, 0xFF,
    0xFF, 0xF0, 0x00, 0x1F, 0xFF, 0xFF, 0xD0, 0x00, 0x1F, 0xFF, 0xFF, 0x40, 0x00, 0x0F, 0xFF, 0xF8,
    0x00, 0x00, 0x00, 0x15, 0x00, 0x00, 0x00, 0x00, 0x00, 0x00, 0x1F, 0xFF, 0xFF, 0xFC, 0x07, 0xFF,
    0xFF, 0xFF, 0x01, 0xFF, 0xFF, 0xFF, 0xC0, 0x7F, 0xFF, 0xFF, 0xE0, 0x1F, 0xF8, 0x00, 0x00, 0x07,
    0xFE, 0x00, 0x00, 0x01, 0xFF, 0x80, 0x00, 0x00, 0x7F, 0xE5, 0x50, 0x00, 0x1F, 0xFF, 0xFF, 0xD0,
    0x07, 0xFF, 0xFF, 0xFE, 0x01, 0xFF, 0xFF, 0xFF, 0xE0, 0x7F, 0xFF, 0xFF, 0xFE, 0x1F, 0xF8, 0x07,
    0xFF, 0xC7, 0xFE, 0x00, 0x3F, 0xF5, 0xFF, 0x80, 0x07, 0xFE, 0x7F, 0xE0, 0x00, 0xFF, 0xDF, 0xF8,
    0x00, 0x3F, 0xF7, 0xFE, 0x00, 0x0F, 0xFC, 0x00, 0x00, 0x03, 0xFF, 0x00, 0x00, 0x01, 0xFF, 0x80,
    0x00, 0x00, 0xFF, 0xD0, 0x06, 0x41, 0xFF, 0xF0, 0x01, 0xFF, 0xFF, 0xF8, 0x00, 0x7F, 0xFF, 0xFC,
    0x00, 0x1F, 0xFF, 0xFC, 0x00, 0x02, 0xFF, 0xF4, 0x00, 0x00, 0x00, 0x00, 0x00, 0x3F, 0xE0, 0x00,
    0x2F, 0xF0, 0x00, 0x1F, 0xF8, 0x02, 0xFF, 0x80, 0x02, 0xFF, 0x00, 0x03, 0xFF, 0x00, 0x0F, 0xFC,
    0x00, 0x2F, 0xF0, 0x00, 0xFF, 0xD0, 0x00, 0x3F, 0xF0, 0x02, 0xFF, 0x00, 0x1F, 0xF8, 0x00, 0x02,
    0xFF, 0x80, 0x2F, 0xF0, 0x03, 0xFF, 0x00, 0x00, 0x0F, 0xFC, 0x02, 0xFF, 0x00, 0xFF, 0xD0, 0x00,
    0x00, 0x3F, 0xF0, 0x2F, 0xF0, 0x1F, 0xF8, 0x00, 0x00, 0x01, 0xFF, 0x82, 0xFF, 0x03, 0xFF, 0x00,
    0x00, 0x00, 0x0B, 0xFC, 0x2F, 0xF0, 0xFF, 0xC0, 0x00, 0x00, 0x00, 0x3F, 0xF2, 0xFF, 0x1F, 0xF4,
    0x00, 0x00, 0x00, 0x01, 0xFF, 0xAF, 0xF3, 0xFF, 0x00, 0x00, 0x00, 0x00, 0x0B, 0xFF, 0xFF, 0xFF,
    0xC0, 0x00, 0x00, 0x00, 0x00, 0xFF, 0xEF, 0xFB, 0xFE, 0x00, 0x00, 0x00, 0x00, 0x3F, 0xF6, 0xFF,
    0x3F, 0xF4, 0x00, 0x00, 0x00, 0x07, 0xFE, 0x2F, 0xF0, 0xFF, 0xC0, 0x00, 0x00, 0x00, 0xFF, 0xC2,
    0xFF, 0x0B, 0xFE, 0x00, 0x00, 0x00, 0x3F, 0xF4, 0x2F, 0xF0, 0x3F, 0xF4, 0x00, 0x00, 0x0B, 0xFE,
    0x02, 0xFF, 0x01, 0xFF, 0xC0, 0x00, 0x00, 0xFF, 0xC0, 0x2F, 0xF0, 0x0B, 0xFE, 0x00, 0x00, 0x3F,
    0xF4, 0x02, 0xFF, 0x00, 0x3F, 0xF5, 0x54, 0x0B, 0xFE, 0x00, 0x2F, 0xF0, 0x01, 0xFF, 0xFF, 0xE1,
    0xFF, 0xC0, 0x02, 0xFF, 0x00, 0x0B, 0xFF, 0xFE, 0x3F, 0xF4, 0x00, 0x2F, 0xF0, 0x00, 0x3F, 0xFF,
    0xEB, 0xFE, 0x00, 0x02, 0xFF, 0x00, 0x01, 0xFF, 0xFE, 0x00, 0x00, 0x00, 0x00, 0x00, 0x00, 0x00,
    0x3F, 0xE0, 0x00, 0x00, 0x00, 0x00, 0x00, 0x00, 0x03, 0xFE, 0x00, 0x00, 0x00, 0x00, 0x00, 0x00,
    0x00, 0x3F, 0xE0, 0x00, 0x00, 0x00, 0x00, 0x00, 0x00, 0x03, 0xFE, 0x00, 0x00, 0x00, 0x00, 0x00,
    0x00, 0x00, 0x3F, 0xE0, 0x00, 0x00, 0x00, 0x00, 0x00, 0x00, 0x03, 0xFE, 0x00, 0x00, 0x00, 0x00,
    0x00, 0x00, 0x00, 0x3F, 0xE0, 0x00, 0x00, 0x00, 0x00, 0x00, 0x00, 0x00, 0x00, 0x0F, 0xFD, 0x00,
    0x2F, 0xF0, 0x00, 0xFF, 0xD0, 0x03, 0xFF, 0x00, 0x2F, 0xF0, 0x02, 0xFF, 0x80, 0x01, 0xFF, 0xC0,
    0x2F, 0xF0, 0x07, 0xFF, 0x00, 0x00, 0xBF, 0xE0, 0x2F, 0xF0, 0x0F, 0xFC, 0x00, 0x00, 0x3F, 0xF4,
    0x2F, 0xF0, 0x3F, 0xF4, 0x00, 0x00, 0x0F, 0xFC, 0x2F, 0xF0, 0xBF, 0xE0, 0x00, 0x00, 0x07, 0xFF,
    0x2F, 0xF1, 0xFF, 0x80, 0x00, 0x00, 0x02, 0xFF, 0x6F, 0xF3, 0xFF, 0x00, 0x00, 0x00, 0x00, 0xFF,
    0xFF, 0xFF, 0xFD, 0x00, 0x00, 0x00, 0x02, 0xFF, 0xAF, 0xF7, 0xFF, 0x00, 0x00, 0x00, 0x07, 0xFF,
    0x2F, 0xF2, 0xFF, 0xC0, 0x00, 0x00, 0x0F, 0xFD, 0x2F, 0xF0, 0xFF, 0xE0, 0x00, 0x00, 0x3F, 0xF8,
    0x2F, 0xF0, 0x3F, 0xF4, 0x00, 0x00, 0xBF, 0xF0, 0x2F, 0xF0, 0x1F, 0xFC, 0x00, 0x01, 0xFF, 0xC0,
    0x2F, 0xF0, 0x0B, 0xFF, 0xFE, 0x03, 0xFF, 0x40, 0x2F, 0xF0, 0x03, 0xFF, 0xFF, 0x0F, 0xFE, 0x00,
    0x2F, 0xF0, 0x00, 0xFF, 0xFF, 0x2F, 0xFC, 0x00, 0x2F, 0xF0, 0x00, 0x7F, 0xFF, 0x00, 0x00, 0x00,
    0x00, 0x00, 0x00, 0x02, 0xFF, 0x00, 0x00, 0x00, 0x00, 0x00, 0x00, 0x02, 0xFF, 0x00, 0x00, 0x00,
    0x00, 0x00, 0x00, 0x02, 0xFF, 0x00, 0x00, 0x00, 0x00, 0x00, 0x00, 0x02, 0xFF, 0x00, 0x00, 0x00,
    0x00, 0x00, 0x00, 0x02, 0xFF, 0x00, 0x00, 0x00, 0x00, 0x00, 0x00, 0x02, 0xFF, 0x00, 0x00, 0x00,
    0x00, 0x00, 0x00, 0x01, 0xA9, 0x00, 0x00, 0x00, 0x00, 0x01, 0xBF, 0xFF, 0x90, 0x07, 0xFF, 0xFF,
    0xFF, 0x01, 0xFF, 0xFF, 0xFF, 0xF0, 0x3F, 0xFF, 0xFF, 0xFF, 0x0B, 0xD0, 0x07, 0xFF, 0xC0, 0x00,
    0x00, 0x3F, 0xF4, 0x00, 0x00, 0x0B, 0xFD, 0x00, 0x00, 0x02, 0xFF, 0x00, 0x00, 0x01, 0xFF, 0xC0,
    0x05, 0x56, 0xFF, 0xC0, 0x0B, 0xFF, 0xFF, 0xC0, 0x02, 0xFF, 0xFF, 0x40, 0x00, 0xBF, 0xFF, 0xFD,
    0x00, 0x1A, 0xBF, 0xFF, 0xE0, 0x00, 0x00, 0x2F, 0xFD, 0x00, 0x00, 0x02, 0xFF, 0xC0, 0x00, 0x00,
    0x3F, 0xF0, 0x00, 0x00, 0x0F, 0xFC, 0x00, 0x00, 0x0B, 0xFF, 0x75, 0x00, 0x0B, 0xFF, 0x9F, 0xFF,
    0xFF, 0xFF, 0xC7, 0xFF, 0xFF, 0xFF, 0xD1, 0xFF, 0xFF, 0xFF, 0xD0, 0x1F, 0xFF, 0xFF, 0x40, 0x00,
    0x01, 0xBD, 0x00, 0x00, 0x00, 0x0F, 0xD0, 0x00, 0x00, 0x00, 0xFC, 0x00, 0x00, 0x00, 0x3F, 0x40,
    0x00, 0x01, 0x6F, 0xD0, 0x00, 0x00, 0xFF, 0xF4, 0x00, 0x00, 0x3F, 0xF8, 0x00, 0x00, 0x0A, 0xA4,
    0x00, 0x00, 0x00, 0x5A, 0x50, 0x01, 0xBF, 0xFF, 0xFC, 0x0B, 0xFF, 0xFF, 0xFD, 0x0F, 0xFF, 0xFF,
    0xFC, 0x3E, 0x40, 0x7F, 0xF4, 0x00, 0x00, 0xBF, 0xD0, 0x00, 0x02, 0xFF, 0x00, 0x00, 0x2F, 0xF8,
    0x03, 0xFF, 0xFF, 0x80, 0x0F, 0xFF, 0xF4, 0x00, 0x3F, 0xFF, 0xFD, 0x00, 0x55, 0x6F, 0xFC, 0x00,
    0x00, 0x1F, 0xF8, 0x00, 0x00, 0x3F, 0xF4, 0x00, 0x02, 0xFF, 0xEF, 0xAA, 0xBF, 0xFE, 0xBF, 0xFF,
    0xFF, 0xF2, 0xFF, 0xFF, 0xFF, 0x46, 0xFF, 0xFF, 0xE0, 0x00, 0x07, 0xF0, 0x00, 0x00, 0x03, 0xF0,
    0x00, 0x00, 0x0B, 0xE0, 0x00, 0x00, 0x1F, 0xC0, 0x00, 0x05, 0xFF, 0x00, 0x00, 0x7F, 0xFC, 0x00,
    0x01, 0xFF, 0xC0, 0x00, 0x02, 0xA8, 0x00, 0x00, 0xFF, 0xC0, 0x00, 0x2F, 0xF8, 0x0F, 0xFC, 0x00,
    0x07, 0xFF, 0x00, 0xFF, 0xC0, 0x00, 0xFF, 0xC0, 0x0F, 0xFC, 0x00, 0x3F, 0xF4, 0x00, 0xFF, 0xC0,
    0x0B, 0xFE, 0x00, 0x0F, 0xFC, 0x01, 0xFF, 0xC0, 0x00, 0xFF, 0xC0, 0x3F, 0xF0, 0x00, 0x0F, 0xFC,
    0x0F, 0xFD, 0x00, 0x00, 0xFF, 0xC2, 0xFF, 0x80, 0x00, 0x0F, 0xFC, 0x7F, 0xF0, 0x00, 0x00, 0xFF,
    0xCF, 0xFC, 0x00, 0x00, 0x0F, 0xFF, 0xFF, 0x40, 0x00, 0x00, 0xFF, 0xEF, 0xFC, 0x00, 0x00, 0x0F,
    0xFC, 0xFF, 0xE0, 0x00, 0x00, 0xFF, 0xC3, 0xFF, 0x40, 0x00, 0x0F, 0xFC, 0x1F, 0xFC, 0x00, 0x00,
    0xFF, 0xC0, 0xBF, 0xF0, 0x00, 0x0F, 0xFC, 0x03, 0xFF, 0x80, 0x00, 0xFF, 0xC0, 0x1F, 0xFD, 0x00,
    0x0F, 0xFC, 0x00, 0xBF, 0xF5, 0x54, 0xFF, 0xC0, 0x03, 0xFF, 0xFF, 0xEF, 0xFC, 0x00, 0x0F, 0xFF,
    0xFE, 0xFF, 0xC0, 0x00, 0x7F, 0xFF, 0xEF, 0xFC, 0x00, 0x02, 0xFF, 0xFE, 0x00, 0x00, 0x00, 0x00,
    0x7F, 0xE0, 0x00, 0x00, 0x00, 0x07, 0xFE, 0x00, 0x00, 0x00, 0x00, 0x7F, 0xE0, 0x00, 0x00, 0x00,
    0x07, 0xFE, 0x00, 0x00, 0x00, 0x00, 0x7F, 0xE0, 0x00, 0x00, 0x00, 0x07, 0xFE, 0x00, 0x00, 0x00,
    0x00, 0x7F, 0xE0, 0x00, 0x00, 0x00, 0x00, 0x00, 0xBF, 0xD0, 0x00, 0xFF, 0xD0, 0xBF, 0xD0, 0x03,
    0xFF, 0x80, 0xBF, 0xD0, 0x0B, 0xFE, 0x00, 0xBF, 0xD0, 0x1F, 0xFC, 0x00, 0xBF, 0xD0, 0x7F, 0xF0,
    0x00, 0xBF, 0xD0, 0xFF, 0xD0, 0x00, 0xBF, 0xD3, 0xFF, 0x40, 0x00, 0xBF, 0xDB, 0xFE, 0x00, 0x00,
    0xBF, 0xFF, 0xFC, 0x00, 0x00, 0xBF, 0xEF, 0xFE, 0x00, 0x00, 0xBF, 0xD3, 0xFF, 0x40, 0x00, 0xBF,
    0xD1, 0xFF, 0xD0, 0x00, 0xBF, 0xD0, 0xBF, 0xF0, 0x00, 0xBF, 0xD0, 0x3F, 0xFC, 0x00, 0xBF, 0xD0,
    0x0F, 0xFF, 0xFD, 0xBF, 0xD0, 0x03, 0xFF, 0xFE, 0xBF, 0xD0, 0x01, 0xFF, 0xFE, 0xBF, 0xD0, 0x00,
    0xBF, 0xFE, 0x00, 0x00, 0x00, 0x03, 0xFE, 0x00, 0x00, 0x00, 0x03, 0xFE, 0x00, 0x00, 0x00, 0x03,
    0xFE, 0x00, 0x00, 0x00, 0x03, 0xFE, 0x00, 0x00, 0x00, 0x03, 0xFE, 0x00, 0x00, 0x00, 0x03, 0xFE,
    0x00, 0x00, 0x00, 0x02, 0xA9, 0x3F, 0xE0, 0x00, 0x0F, 0xFD, 0x0F, 0xFC, 0x00, 0x0B, 0xFF, 0x03,
    0xFF, 0x0A, 0x07, 0xFF, 0x00, 0xFF, 0xC3, 0xC3, 0xFF, 0x40, 0x3F, 0xF0, 0xF7, 0xFF, 0x80, 0x0F,
    0xFC, 0x3F, 0xFF, 0xC0, 0x03, 0xFF, 0x0F, 0xFF, 0xC0, 0x00, 0xFF, 0xC3, 0xFF, 0xD0, 0x00, 0x3F,
    0xF0, 0xFF, 0xE0, 0x00, 0x0F, 0xFC, 0x7F, 0xF0, 0x00, 0x03, 0xFF, 0x3F, 0xF0, 0x00, 0x00, 0xFF,
    0xFF, 0xF8, 0x00, 0x00, 0x3F, 0xFB, 0xFF, 0x00, 0x00, 0x0F, 0xFC, 0xFF, 0xE0, 0x00, 0x03, 0xFF,
    0x1F, 0xFD, 0x00, 0x00, 0xFF, 0xC3, 0xFF, 0xC0, 0x00, 0x3F, 0xF0, 0xFF, 0xFC, 0x00, 0x0F, 0xFC,
    0x3F, 0xFF, 0x80, 0x03, 0xFF, 0x0F, 0xBF, 0xF4, 0x00, 0xFF, 0xC3, 0xCB, 0xFF, 0x00, 0x3F, 0xF0,
    0xF0, 0xFF, 0xE0, 0x0F, 0xFC, 0x00, 0x1F, 0xFD, 0x03, 0xFF, 0x00, 0x02, 0xFF, 0xC0, 0xFF, 0xC0,
    0x00, 0x3F, 0xFC, 0x00, 0x00, 0x00, 0x00, 0x02, 0xFF, 0x40, 0x03, 0xFF, 0x4B, 0xFD, 0x29, 0x3F,
    0xF8, 0x2F, 0xF4, 0xF6, 0xFF, 0x80, 0xBF, 0xD3, 0xFF, 0xFC, 0x02, 0xFF, 0x4F, 0xFF, 0xC0, 0x0B,
    0xFD, 0x3F, 0xFD, 0x00, 0x2F, 0xF4, 0xFF, 0xD0, 0x00, 0xBF, 0xDB, 0xFE, 0x00, 0x02, 0xFF, 0xFF,
    0xF0, 0x00, 0x0B, 0xFE, 0xFF, 0xE0, 0x00, 0x2F, 0xF4, 0xFF, 0xD0, 0x00, 0xBF, 0xD3, 0xFF, 0xC0,
    0x02, 0xFF, 0x4F, 0xFF, 0xC0, 0x0B, 0xFD, 0x3F, 0xFF, 0xC0, 0x2F, 0xF4, 0xFB, 0xFF, 0x80, 0xBF,
    0xD3, 0xD3, 0xFF, 0x42, 0xFF, 0x45, 0x07, 0xFF, 0x4B, 0xFD, 0x00, 0x0B, 0xFF, 0x00, 0x0F, 0xFC,
    0x00, 0x01, 0xFF, 0x80, 0xFF, 0xC0, 0x00, 0x3F, 0xF0, 0x6F, 0xFE, 0xA0, 0x0F, 0xFE, 0x0B, 0xFF,
    0xFF, 0x01, 0xFF, 0xC0, 0xBF, 0xFF, 0xF0, 0x3F, 0xF0, 0x0B, 0xFF, 0xFF, 0x0F, 0xFD, 0x00, 0x6F,
    0xFE, 0x91, 0xFF, 0xC0, 0x00, 0xFF, 0xC0, 0x3F, 0xF0, 0x00, 0x0F, 0xFC, 0x0F, 0xFD, 0x00, 0x00,
    0xFF, 0xD6, 0xFF, 0xC0, 0x00, 0x0F, 0xFF, 0xFF, 0xF0, 0x00, 0x00, 0xFF, 0xFF, 0xFE, 0x00, 0x00,
    0x0F, 0xFF, 0xFF, 0xF0, 0x00, 0x00, 0xFF, 0xEB, 0xFF, 0xC0, 0x00, 0x0F, 0xFC, 0x0F, 0xFE, 0x00,
    0x00, 0xFF, 0xC0, 0x7F, 0xF0, 0x00, 0x0F, 0xFC, 0x03, 0xFF, 0xC0, 0x00, 0xFF, 0xC0, 0x0F, 0xFE,
    0x00, 0x0F, 0xFC, 0x00, 0xBF, 0xF4, 0x00, 0xFF, 0xC0, 0x03, 0xFF, 0xC0, 0x0F, 0xFC, 0x00, 0x0F,
    0xFE, 0x00, 0xFF, 0xC0, 0x00, 0xBF, 0xF4, 0x0F, 0xFC, 0x00, 0x03, 0xFF, 0xC0, 0xFF, 0xC0, 0x00,
    0x0F, 0xFE, 0x01, 0x54, 0x00, 0x00, 0x00, 0x01, 0xFF, 0x80, 0x00, 0x00, 0x00, 0x7F, 0xE0, 0x00,
    0x00, 0x02, 0xBF, 0xFE, 0xA9, 0x00, 0x00, 0xFF, 0xFF, 0xFF, 0x40, 0x00, 0x3F, 0xFF, 0xFF, 0xD0,
    0x00, 0x06, 0xBF, 0xFA, 0xA0, 0x00, 0x00, 0x1F, 0xF8, 0x00, 0x00, 0x00, 0x07, 0xFE, 0x00, 0x0F,
    0xFE, 0x01, 0xFF, 0x80, 0x0B, 0xFE, 0x00, 0x7F, 0xE0, 0x0B, 0xFF, 0x00, 0x1F, 0xF8, 0x07, 0xFF,
    0x00, 0x07, 0xFE, 0x03, 0xFF, 0x40, 0x01, 0xFF, 0x83, 0xFF, 0x40, 0x00, 0x7F, 0xE2, 0xFF, 0x80,
    0x00, 0x1F, 0xF9, 0xFF, 0xC0, 0x00, 0x07, 0xFF, 0xFF, 0xC0, 0x00, 0x01, 0xFF, 0xAF, 0xFC, 0x00,
    0x00, 0x7F, 0xE3, 0xFF, 0x80, 0x00, 0x1F, 0xF8, 0x3F, 0xF4, 0x00, 0x07, 0xFE, 0x07, 0xFF, 0x40,
    0x01, 0xFF, 0x80, 0xBF, 0xF0, 0x00, 0x7F, 0xE0, 0x0F, 0xFF, 0x00, 0x1F, 0xF8, 0x00, 0xFF, 0xE0,
    0x07, 0xFE, 0x00, 0x0F, 0xFE, 0x01, 0xFF, 0x80, 0x01, 0xFF, 0xD0, 0xFF, 0xFF, 0xF4, 0x00, 0x07,
    0xFE, 0x3F, 0xFF, 0xFD, 0x00, 0x03, 0xFF, 0x4F, 0xFF, 0xFF, 0x40, 0x03, 0xFF, 0x43, 0xFF, 0xFF,
    0xD0, 0x02, 0xFF, 0x80, 0x55, 0x7F, 0xF4, 0x01, 0xFF, 0xC0, 0x00, 0x0B, 0xFD, 0x00, 0xFF, 0xC0,
    0x00, 0x02, 0xFF, 0x40, 0xFF, 0xD0, 0x00, 0x00, 0xBF, 0xD0, 0xBF, 0xE0, 0x00, 0x00, 0x2F, 0xF4,
    0x7F, 0xF0, 0x00, 0x00, 0x0B, 0xFD, 0x3F, 0xF0, 0x00, 0x00, 0x02, 0xFF, 0x7F, 0xF4, 0x00, 0x00,
    0x00, 0xBF, 0xFF, 0xFC, 0x00, 0x00, 0x00, 0x2F, 0xFB, 0xFF, 0x00, 0x00, 0x00, 0x0B, 0xFD, 0xBF,
    0xF0, 0x00, 0x00, 0x02, 0xFF, 0x4F, 0xFE, 0x00, 0x00, 0x00, 0xBF, 0xD0, 0xFF, 0xD0, 0x00, 0x00,
    0x2F, 0xF4, 0x1F, 0xFC, 0x00, 0x00, 0x0B, 0xFD, 0x02, 0xFF, 0xC0, 0x00, 0x02, 0xFF, 0x40, 0x3F,
    0xF8, 0x00, 0x00, 0xBF, 0xD0, 0x07, 0xFF, 0x40, 0x00, 0x2F, 0xF4, 0x00, 0xBF, 0xF0, 0x00, 0x0B,
    0xFD, 0x00, 0x0F, 0xFF, 0x00, 0x02, 0xFF, 0x40, 0x00, 0xFF, 0xE0, 0x00, 0xBF, 0xD0, 0x00, 0x1F,
    0xFD, 0x00, 0x00, 0x00, 0x00, 0x00, 0x00, 0xFF, 0xFF, 0xF4, 0x00, 0x3F, 0xF0, 0xFF, 0xFF, 0xF4,
    0x00, 0xFF, 0xC0, 0xFF, 0xFF, 0xF4, 0x02, 0xFF, 0x40, 0xAA, 0xAF, 0xF4, 0x0B, 0xFD, 0x00, 0x00,
    0x0F, 0xF4, 0x1F, 0xF8, 0x00, 0x00, 0x0F, 0xF4, 0x3F, 0xF0, 0x00, 0x00, 0x0F, 0xF4, 0xFF, 0xC0,
    0x00, 0x00, 0x0F, 0xF6, 0xFF, 0x00, 0x00, 0x00, 0x0F, 0xFF, 0xFE, 0x00, 0x00, 0x00, 0x0F, 0xFB,
    0xFF, 0x00, 0x00, 0x00, 0x0F, 0xF4, 0xFF, 0xC0, 0x00, 0x00, 0x0F, 0xF4, 0x7F, 0xF0, 0x00, 0x00,
    0x0F, 0xF4, 0x2F, 0xF8, 0x00, 0x00, 0x0F, 0xF4, 0x0B, 0xFD, 0x00, 0x00, 0x0F, 0xF4, 0x03, 0xFF,
    0x40, 0x00, 0x0F, 0xF4, 0x00, 0xFF, 0xC0, 0x00, 0x0F, 0xF4, 0x00, 0x7F, 0xF0, 0x00, 0x0F, 0xF4,
    0x00, 0x2F, 0xF8, 0xFF, 0xC0, 0x00, 0x07, 0xFD, 0x00, 0x3F, 0xF0, 0x00, 0x02, 0xFF, 0x80, 0x0F,
    0xFC, 0x00, 0x00, 0xBF, 0xE0, 0x03, 0xFF, 0x00, 0x00, 0x2F, 0xF8, 0x00, 0xFF, 0xC0, 0x00, 0x0B,
    0xFE, 0x00, 0x3F, 0xF0, 0x00, 0x02, 0xFF, 0x80, 0x0F, 0xFC, 0x00, 0x00, 0xBF, 0xE0, 0x03, 0xFF,
    0x00, 0x00, 0x2F, 0xF8, 0x00, 0xFF, 0xC0, 0x00, 0x0B, 0xFE, 0x00, 0x3F, 0xF5, 0x55, 0x57, 0xFF,
    0x80, 0x0F, 0xFF, 0xFF, 0xFF, 0xFF, 0xE0, 0x03, 0xFF, 0xFF, 0xFF, 0xFF, 0xF8, 0x00, 0xFF, 0xFF,
    0xFF, 0xFF, 0xFE, 0x00, 0x3F, 0xFA, 0xAA, 0xAB, 0xFF, 0x80, 0x0F, 0xFC, 0x00, 0x00, 0xBF, 0xE0,
    0x03, 0xFF, 0x00, 0x00, 0x2F, 0xF8, 0x00, 0xFF, 0xC0, 0x00, 0x0B, 0xFE, 0x00, 0x3F, 0xF0, 0x00,
    0x02, 0xFF, 0x80, 0x0F, 0xFC, 0x00, 0x00, 0xBF, 0xE0, 0x03, 0xFF, 0x00, 0x00, 0x2F, 0xF9, 0x54,
    0xFF, 0xC0, 0x00, 0x0B, 0xFF, 0xFF, 0x7F, 0xF0, 0x00, 0x02, 0xFF, 0xFF, 0xDF, 0xFC, 0x00, 0x00,
    0xBF, 0xFF, 0xF7, 0xFF, 0x00, 0x00, 0x2F, 0xFF, 0xFD, 0x00, 0x00, 0x00, 0x00, 0x02, 0xFF, 0x40,
    0x00, 0x00, 0x00, 0x00, 0xBF, 0xD0, 0x00, 0x00, 0x00, 0x00, 0x2F, 0xF4, 0x00, 0x00, 0x00, 0x00,
    0x0B, 0xFD, 0x00, 0x00, 0x00, 0x00, 0x02, 0xFF, 0x40, 0x00, 0x00, 0x00, 0x00, 0xBF, 0xD0, 0x00,
    0x00, 0x00, 0x00, 0x1F, 0xF4, 0x00, 0x00, 0x00, 0x00, 0x00, 0x07, 0xFE, 0x00, 0x0B, 0xFD, 0x00,
    0x7F, 0xE0, 0x00, 0xBF, 0xD0, 0x07, 0xFE, 0x00, 0x0B, 0xFD, 0x00, 0x7F, 0xE0, 0x00, 0xBF, 0xD0,
    0x07, 0xFE, 0x00, 0x0B, 0xFD, 0x00, 0x7F, 0xE0, 0x00, 0xBF, 0xD0, 0x07, 0xFE, 0x00, 0x0B, 0xFD,
    0x00, 0x7F, 0xFF, 0xFF, 0xFF, 0xD0, 0x07, 0xFF, 0xFF, 0xFF, 0xFD, 0x00, 0x7F, 0xFF, 0xFF, 0xFF,
    0xD0, 0x07, 0xFF, 0xAA, 0xAF, 0xFD, 0x00, 0x7F, 0xE0, 0x00, 0xBF, 0xD0, 0x07, 0xFE, 0x00, 0x0B,
    0xFD, 0x00, 0x7F, 0xE0, 0x00, 0xBF, 0xD0, 0x07, 0xFE, 0x00, 0x0B, 0xFF, 0xAA, 0x7F, 0xE0, 0x00,
    0xBF, 0xFF, 0xF7, 0xFE, 0x00, 0x0B, 0xFF, 0xFF, 0x7F, 0xE0, 0x00, 0xBF, 0xFF, 0xF0, 0x00, 0x00,
    0x00, 0x02, 0xFF, 0x00, 0x00, 0x00, 0x00, 0x2F, 0xF0, 0x00, 0x00, 0x00, 0x02, 0xFF, 0x00, 0x00,
    0x00, 0x00, 0x2F, 0xF0, 0x00, 0x00, 0x00, 0x02, 0xFF, 0x00, 0x00, 0x00, 0x00, 0x2F, 0xF0, 0x00,
    0x00, 0x00, 0x01, 0xAA, 0xFF, 0xC0, 0x00, 0x07, 0xFF, 0xFF, 0xBF, 0xF0, 0x00, 0x02, 0xFF, 0xFF,
    0xFF, 0xFC, 0x00, 0x00, 0xBF, 0xFF, 0xFF, 0xFF, 0x00, 0x00, 0x2F, 0xFF, 0xFF, 0xFF, 0xC0, 0x00,
    0x0B, 0xFE, 0x55, 0x7F, 0xF0, 0x00, 0x02, 0xFF, 0x80, 0x0F, 0xFC, 0x00, 0x00, 0xBF, 0xE0, 0x03,
    0xFF, 0x00, 0x00, 0x2F, 0xF8, 0x00, 0xFF, 0xC0, 0x00, 0x0B, 0xFE, 0x00, 0x3F, 0xF5, 0x55, 0x57,
    0xFF, 0x80, 0x0F, 0xFF, 0xFF, 0xFF, 0xFF, 0xE0, 0x03, 0xFF, 0xFF, 0xFF, 0xFF, 0xF8, 0x00, 0xFF,
    0xFF, 0xFF, 0xFF, 0xFE, 0x00, 0x3F, 0xFA, 0xAA, 0xAB, 0xFF, 0x80, 0x0F, 0xFC, 0x00, 0x00, 0xBF,
    0xE0, 0x03, 0xFF, 0x00, 0x00, 0x2F, 0xF8, 0x00, 0xFF, 0xC0, 0x00, 0x0B, 0xFE, 0x00, 0x3F, 0xF0,
    0x00, 0x02, 0xFF, 0x80, 0x0F, 0xFC, 0x00, 0x00, 0xBF, 0xE0, 0x03, 0xFF, 0x00, 0x00, 0x2F, 0xF8,
    0x00, 0xFF, 0xC0, 0x00, 0x0B, 0xFE, 0x00, 0x3F, 0xF0, 0x00, 0x02, 0xFF, 0x80, 0x0F, 0xFC, 0x00,
    0x00, 0xBF, 0xE0, 0x03, 0xFF, 0x00, 0x00, 0x2F, 0xF8, 0x00, 0x00, 0x00, 0x00, 0x00, 0x00, 0x00,
    0x7F, 0xE0, 0x00, 0xBF, 0xFF, 0xFD, 0x7F, 0xE0, 0x00, 0xBF, 0xFF, 0xFD, 0x7F, 0xE0, 0x00, 0xBF,
    0xFF, 0xFD, 0x7F, 0xE0, 0x00, 0xBF, 0xFA, 0xA8, 0x7F, 0xE0, 0x00, 0xBF, 0xD0, 0x00, 0x7F, 0xE0,
    0x00, 0xBF, 0xD0, 0x00, 0x7F, 0xE0, 0x00, 0xBF, 0xD0, 0x00, 0x7F, 0xFF, 0xFF, 0xFF, 0xD0, 0x00,
    0x7F, 0xFF, 0xFF, 0xFF, 0xD0, 0x00, 0x7F, 0xFF, 0xFF, 0xFF, 0xD0, 0x00, 0x7F, 0xFA, 0xAA, 0xFF,
    0xD0, 0x00, 0x7F, 0xE0, 0x00, 0xBF, 0xD0, 0x00, 0x7F, 0xE0, 0x00, 0xBF, 0xD0, 0x00, 0x7F, 0xE0,
    0x00, 0xBF, 0xD0, 0x00, 0x7F, 0xE0, 0x00, 0xBF, 0xD0, 0x00, 0x7F, 0xE0, 0x00, 0xBF, 0xD0, 0x00,
    0x7F, 0xE0, 0x00, 0xBF, 0xD0, 0x00, 0x7F, 0xE0, 0x00, 0xBF, 0xD0, 0x00, 0xFF, 0xFF, 0xFF, 0xFF,
    0xF0, 0x00, 0x00, 0x00, 0x3F, 0xFF, 0xFF, 0xFF, 0xFC, 0x00, 0x00, 0x00, 0x0F, 0xFF, 0xFF, 0xFF,
    0xFF, 0x00, 0x00, 0x00, 0x03, 0xFF, 0xFF, 0xFF, 0xFF, 0xC0, 0x00, 0x00, 0x00, 0xFF, 0xD5, 0x55,
    0x7F, 0xF0, 0x00, 0x00, 0x00, 0x3F, 0xF0, 0x00, 0x0F, 0xFC, 0x00, 0x00, 0x00, 0x0F, 0xFC, 0x00,
    0x03, 0xFF, 0x00, 0x00, 0x00, 0x03, 0xFF, 0x00, 0x00, 0xFF, 0xC0, 0x00, 0x00, 0x00, 0xFF, 0xC0,
    0x00, 0x3F, 0xF0, 0x00, 0x00, 0x00, 0x3F, 0xF0, 0x00, 0x0F, 0xFC, 0x00, 0x00, 0x00, 0x0F, 0xFC,
    0x00, 0x03, 0xFF, 0x45, 0x50, 0x00, 0x03, 0xFF, 0x00, 0x00, 0xFF, 0xFF, 0xFF, 0xE4, 0x00, 0xFF,
    0xC0, 0x00, 0x3F, 0xFF, 0xFF, 0xFF, 0x80, 0x3F, 0xF0, 0x00, 0x0F, 0xFF, 0xFF, 0xFF, 0xFC, 0x0F,
    0xFC, 0x00, 0x03, 0xFF, 0xFF, 0xFF, 0xFF, 0xC3, 0xFF, 0x00, 0x00, 0xFF, 0xE5, 0x5B, 0xFF, 0xF4,
    0xFF, 0xC0, 0x00, 0x3F, 0xF0, 0x00, 0x1F, 0xFF, 0x3F, 0xF0, 0x00, 0x0F, 0xFC, 0x00, 0x01, 0xFF,
    0xDF, 0xFC, 0x00, 0x03, 0xFF, 0x00, 0x00, 0x2F, 0xFB, 0xFF, 0x00, 0x00, 0xFF, 0xC0, 0x00, 0x07,
    0xFE, 0xFF, 0xC0, 0x00, 0x3F, 0xF0, 0x00, 0x00, 0xFF, 0xFF, 0xF0, 0x00, 0x0F, 0xFC, 0x00, 0x00,
    0x3F, 0xFF, 0xFC, 0x00, 0x03, 0xFF, 0x00, 0x00, 0x0F, 0xFF, 0xFF, 0x00, 0x00, 0xFF, 0xC0, 0x00,
    0x07, 0xFE, 0x00, 0x00, 0x00, 0x00, 0x00, 0x00, 0x02, 0xFF, 0x80, 0x00, 0x00, 0x00, 0x00, 0x00,
    0x00, 0xFF, 0xD0, 0x00, 0x00, 0x00, 0x00, 0x00, 0x00, 0xFF, 0xF0, 0x00, 0x00, 0x00, 0x00, 0x09,
    0x01, 0xFF, 0xF8, 0x00, 0x00, 0x00, 0x00, 0x07, 0xFF, 0xFF, 0xFC, 0x00, 0x00, 0x00, 0x00, 0x01,
    0xFF, 0xFF, 0xFD, 0x00, 0x00, 0x00, 0x00, 0x00, 0x7F, 0xFF, 0xFD, 0x00, 0x00, 0x00, 0x00, 0x00,
    0x0F, 0xFF, 0xF8, 0x00, 0x00, 0x00, 0x00, 0x00, 0x00, 0x05, 0x40, 0x00, 0x00, 0x00, 0x00, 0x00,
    0x00, 0x00, 0x00, 0x01, 0xFF, 0xFF, 0xFF, 0xFE, 0x00, 0x00, 0x07, 0xFF, 0xFF, 0xFF, 0xF8, 0x00,
    0x00, 0x1F, 0xFF, 0xFF, 0xFF, 0xE0, 0x00, 0x00, 0x7F, 0xFA, 0xAA, 0xFF, 0x80, 0x00, 0x01, 0xFF,
    0x80, 0x07, 0xFE, 0x00, 0x00, 0x07, 0xFE, 0x00, 0x1F, 0xF8, 0x00, 0x00, 0x1F, 0xF8, 0x00, 0x7F,
    0xE0, 0x00, 0x00, 0x7F, 0xE0, 0x01, 0xFF, 0xD5, 0x00, 0x01, 0xFF, 0x80, 0x07, 0xFF, 0xFF, 0x80,
    0x07, 0xFE, 0x00, 0x1F, 0xFF, 0xFF, 0xD0, 0x1F, 0xF8, 0x00, 0x7F, 0xFF, 0xFF, 0xD0, 0x7F, 0xE0,
    0x01, 0xFF, 0xFF, 0xFF, 0xC1, 0xFF, 0x80, 0x07, 0xFE, 0x07, 0xFF, 0x87, 0xFE, 0x00, 0x1F, 0xF8,
    0x03, 0xFF, 0x1F, 0xF8, 0x00, 0x7F, 0xE0, 0x0B, 0xFD, 0x7F, 0xE0, 0x01, 0xFF, 0x80, 0x1F, 0xF5,
    0xFF, 0x80, 0x07, 0xFE, 0x00, 0x7F, 0xD7, 0xFE, 0x00, 0x1F, 0xF8, 0x01, 0xFF, 0x40, 0x00, 0x00,
    0x00, 0x00, 0x07, 0xFD, 0x00, 0x00, 0x00, 0x00, 0x00, 0x2F, 0xF0, 0x00, 0x00, 0x00, 0x00, 0x01,
    0xFF, 0xC0, 0x00, 0x00, 0x00, 0x90, 0x1F, 0xFE, 0x00, 0x00, 0x00, 0x02, 0xFF, 0xFF, 0xF0, 0x00,
    0x00, 0x00, 0x0B, 0xFF, 0xFF, 0x40, 0x00, 0x00, 0x00, 0x2F, 0xFF, 0xF4, 0x00, 0x00, 0x00, 0x00,
    0x7F, 0xFE, 0x00, 0x00, 0x00, 0x00, 0x00, 0x00, 0x00, 0x00, 0x00, 0x00, 0x00, 0x00, 0x00, 0x00,
    0x00, 0x02, 0xFF, 0xFC, 0x00, 0x00, 0x00, 0x2F, 0xFF, 0xFC, 0x00, 0x00, 0x00, 0xFF, 0xFF, 0xFC,
    0x00, 0x00, 0x03, 0xFF, 0xFF, 0xF4, 0x00, 0x00, 0x07, 0xFF, 0xD0, 0x10, 0x00, 0x00, 0x0F, 0xFF,
    0x00, 0x01, 0x50, 0x00, 0x0F, 0xFC, 0x00, 0x3F, 0xFF, 0x40, 0x2F, 0xF8, 0x00, 0xFF, 0xFF, 0xD0,
    0x2F, 0xF4, 0x02, 0xFF, 0xFF, 0xF0, 0x3F, 0xF0, 0x03, 0xFF, 0x6F, 0xF8, 0x3F, 0xF0, 0x07, 0xFD,
    0x0B, 0xFC, 0x3F, 0xF0, 0x0B, 0xFC, 0x07, 0xFC, 0x3F, 0xF0, 0x0B, 0xFC, 0x07, 0xFC, 0x3F, 0xF0,
    0x0B, 0xFC, 0x07, 0xFC, 0x3F, 0xF0, 0x07, 0xFC, 0x07, 0xFC, 0x3F, 0xF4, 0x07, 0xFC, 0x0B, 0xFC,
    0x2F, 0xFC, 0x03, 0xFD, 0x0F, 0xF8, 0x1F, 0xFD, 0x02, 0xFF, 0x2F, 0xF4, 0x0F, 0xFF, 0x01, 0xFF,
    0xBF, 0xF0, 0x07, 0xFF, 0xE0, 0xBF, 0xFF, 0xC0, 0x02, 0xFF, 0xFF, 0xFF, 0xFF, 0x40, 0x00, 0xFF,
    0xFF, 0xFF, 0xFF, 0xAB, 0x00, 0x2F, 0xFF, 0xFF, 0xFF, 0xFF, 0x00, 0x02, 0xFF, 0xFF, 0xFF, 0xFF,
    0x00, 0x00, 0x05, 0x40, 0x2F, 0xFF, 0x00, 0x00, 0x00, 0x00, 0x00, 0x54, 0x00, 0x01, 0xA4, 0x00,
    0x00, 0x00, 0x7F, 0xFF, 0x40, 0x00, 0x03, 0xFF, 0xFF, 0x00, 0x00, 0x0B, 0xFF, 0xFE, 0x00, 0x00,
    0x1F, 0xFF, 0x59, 0x00, 0x00, 0x3F, 0xF8, 0x02, 0xFF, 0x40, 0x3F, 0xF0, 0x0F, 0xFF, 0xE0, 0x7F,
    0xE0, 0x3F, 0xFF, 0xF8, 0x7F, 0xE0, 0x3F, 0xEF, 0xFC, 0x7F, 0xE0, 0x7F, 0x83, 0xFC, 0x7F, 0xE0,
    0x7F, 0x42, 0xFD, 0x7F, 0xE0, 0x7F, 0x42, 0xFC, 0x7F, 0xF0, 0x7F, 0x83, 0xFC, 0x3F, 0xF0, 0x3F,
    0xCB, 0xFC, 0x2F, 0xFC, 0x2F, 0xFF, 0xF4, 0x0F, 0xFF, 0xBF, 0xFF, 0xE0, 0x07, 0xFF, 0xFF, 0xFF,
    0xD5, 0x01, 0xFF, 0xFF, 0xFF, 0xFE, 0x00, 0x2F, 0xFF, 0xFF, 0xFE, 0x00, 0x00, 0x50, 0x0B, 0xFE,
    0x00, 0x00, 0x00, 0x00, 0x00, 0x00, 0x00, 0x00, 0x00, 0x00, 0x00, 0x01, 0xBF, 0xFF, 0x90, 0x00,
    0x0F, 0xFF, 0xFF, 0xFC, 0x00, 0x7F, 0xFF, 0xFF, 0xFC, 0x01, 0xFF, 0xFF, 0xFF, 0xF8, 0x03, 0xFF,
    0xF4, 0x06, 0xF0, 0x0B, 0xFF, 0x40, 0x00, 0x10, 0x0F, 0xFE, 0x00, 0x00, 0x00, 0x2F, 0xFC, 0x00,
    0x00, 0x00, 0x3F, 0xF8, 0x00, 0x00, 0x00, 0x3F, 0xF4, 0x00, 0x00, 0x00, 0x3F, 0xF0, 0x00, 0x00,
    0x00, 0x3F, 0xF0, 0x00, 0x00, 0x00, 0x3F, 0xF0, 0x00, 0x00, 0x00, 0x3F, 0xF0, 0x00, 0x00, 0x00,
    0x3F, 0xF4, 0x00, 0x00, 0x00, 0x3F, 0xF8, 0x00, 0x00, 0x00, 0x2F, 0xFC, 0x00, 0x00, 0x00, 0x1F,
    0xFD, 0x00, 0x00, 0x00, 0x0F, 0xFF, 0x00, 0x00, 0x00, 0x0B, 0xFF, 0xE0, 0x01, 0xB4, 0x03, 0xFF,
    0xFF, 0xFF, 0xF4, 0x00, 0xFF, 0xFF, 0xFF, 0xF4, 0x00, 0x2F, 0xFF, 0xFF, 0xF4, 0x00, 0x06, 0xFF,
    0xFF, 0xD0, 0x00, 0x00, 0x1F, 0xD0, 0x00, 0x00, 0x00, 0x0B, 0xE0, 0x00, 0x00, 0x00, 0x03, 0xF4,
    0x00, 0x00, 0x00, 0x03, 0xF8, 0x00, 0x00, 0x00, 0x57, 0xF8, 0x00, 0x00, 0x00, 0xFF, 0xF8, 0x00,
    0x00, 0x00, 0xFF, 0xF0, 0x00, 0x00, 0x00, 0x6A, 0x40, 0x00, 0x00, 0x01, 0x69, 0x00, 0x00, 0x6F,
    0xFF, 0xF8, 0x02, 0xFF, 0xFF, 0xFC, 0x0B, 0xFF, 0xFF, 0xF8, 0x0F, 0xFF, 0xAA, 0xF0, 0x2F, 0xFC,
    0x00, 0x10, 0x3F, 0xF4, 0x00, 0x00, 0x3F, 0xF0, 0x00, 0x00, 0x7F, 0xF0, 0x00, 0x00, 0x7F, 0xE0,
    0x00, 0x00, 0x7F, 0xE0, 0x00, 0x00, 0x7F, 0xF0, 0x00, 0x00, 0x3F, 0xF0, 0x00, 0x00, 0x3F, 0xF4,
    0x00, 0x00, 0x2F, 0xFD, 0x00, 0x28, 0x0F, 0xFF, 0xEF, 0xFC, 0x0B, 0xFF, 0xFF, 0xFC, 0x02, 0xFF,
    0xFF, 0xFC, 0x00, 0x2F, 0xFF, 0xE0, 0x00, 0x02, 0xF8, 0x00, 0x00, 0x00, 0xFD, 0x00, 0x00, 0x00,
    0x3F, 0x00, 0x00, 0x00, 0x3F, 0x40, 0x00, 0x05, 0xBF, 0x40, 0x00, 0x0F, 0xFF, 0x00, 0x00, 0x0F,
    0xFE, 0x00, 0x00, 0x0A, 0xA4, 0x00, 0x7F, 0xFF, 0xFF, 0xFF, 0xF9, 0xFF, 0xFF, 0xFF, 0xFF, 0xE7,
    0xFF, 0xFF, 0xFF, 0xFF, 0x9F, 0xFF, 0xFF, 0xFF, 0xFE, 0x15, 0x57, 0xFF, 0x95, 0x54, 0x00, 0x0F,
    0xFC, 0x00, 0x00, 0x00, 0x3F, 0xF0, 0x00, 0x00, 0x00, 0xFF, 0xC0, 0x00, 0x00, 0x03, 0xFF, 0x00,
    0x00, 0x00, 0x0F, 0xFC, 0x00, 0x00, 0x00, 0x3F, 0xF0, 0x00, 0x00, 0x00, 0xFF, 0xC0, 0x00, 0x00,
    0x03, 0xFF, 0x00, 0x00, 0x00, 0x0F, 0xFC, 0x00, 0x00, 0x00, 0x3F, 0xF0, 0x00, 0x00, 0x00, 0xFF,
    0xC0, 0x00, 0x00, 0x03, 0xFF, 0x00, 0x00, 0x00, 0x0F, 0xFC, 0x00, 0x00, 0x00, 0x3F, 0xF0, 0x00,
    0x00, 0x00, 0xFF, 0xD5, 0x50, 0x00, 0x03, 0xFF, 0xFF, 0xC0, 0x00, 0x0F, 0xFF, 0xFF, 0x00, 0x00,
    0x3F, 0xFF, 0xFC, 0x00, 0x00, 0xFF, 0xFF, 0xF0, 0x00, 0x00, 0x00, 0xFF, 0xC0, 0x00, 0x00, 0x03,
    0xFF, 0x00, 0x00, 0x00, 0x0F, 0xFC, 0x00, 0x00, 0x00, 0x3F, 0xF0, 0x00, 0x00, 0x00, 0xFF, 0xC0,
    0x00, 0x00, 0x03, 0xFF, 0x00, 0x00, 0x00, 0x0F, 0xFC, 0x00, 0x00, 0x00, 0x00, 0x00, 0x03, 0xFF,
    0xFF, 0xFF, 0xFE, 0x3F, 0xFF, 0xFF, 0xFF, 0xE3, 0xFF, 0xFF, 0xFF, 0xFE, 0x2A, 0xAB, 0xFF, 0xAA,
    0x90, 0x00, 0x7F, 0xE0, 0x00, 0x00, 0x07, 0xFE, 0x00, 0x00, 0x00, 0x7F, 0xE0, 0x00, 0x00, 0x07,
    0xFE, 0x00, 0x00, 0x00, 0x7F, 0xE0, 0x00, 0x00, 0x07, 0xFE, 0x00, 0x00, 0x00, 0x7F, 0xE0, 0x00,
    0x00, 0x07, 0xFE, 0x00, 0x00, 0x00, 0x7F, 0xE0, 0x00, 0x00, 0x07, 0xFE, 0x00, 0x00, 0x00, 0x7F,
    0xFA, 0xA0, 0x00, 0x07, 0xFF, 0xFF, 0x00, 0x00, 0x7F, 0xFF, 0xF0, 0x00, 0x07, 0xFF, 0xFF, 0x00,
    0x00, 0x00, 0x1F, 0xF0, 0x00, 0x00, 0x01, 0xFF, 0x00, 0x00, 0x00, 0x1F, 0xF0, 0x00, 0x00, 0x01,
    0xFF, 0x00, 0x00, 0x00, 0x1F, 0xF0, 0x00, 0x00, 0x01, 0xFF, 0x00, 0x00, 0x00, 0x0A, 0xA0, 0xBF,
    0xE0, 0x00, 0x02, 0xFF, 0x9F, 0xFC, 0x00, 0x01, 0xFF, 0xC3, 0xFF, 0x80, 0x00, 0xFF, 0xE0, 0x3F,
    0xF0, 0x00, 0x7F, 0xF0, 0x0B, 0xFE, 0x00, 0x3F, 0xF8, 0x00, 0xFF, 0xC0, 0x1F, 0xFC, 0x00, 0x2F,
    0xF8, 0x0F, 0xFD, 0x00, 0x03, 0xFF, 0x07, 0xFF, 0x00, 0x00, 0xBF, 0xE2, 0xFF, 0x40, 0x00, 0x0F,
    0xFD, 0xFF, 0xC0, 0x00, 0x01, 0xFF, 0xFF, 0xD0, 0x00, 0x00, 0x3F, 0xFF, 0xF0, 0x00, 0x00, 0x07,
    0xFF, 0xF0, 0x00, 0x00, 0x00, 0xFF, 0xF8, 0x00, 0x00, 0x00, 0x1F, 0xFC, 0x00, 0x00, 0x00, 0x03,
    0xFF, 0x00, 0x00, 0x00, 0x00, 0xFF, 0xC0, 0x00, 0x00, 0x00, 0x3F, 0xF0, 0x00, 0x00, 0x00, 0x0F,
    0xFC, 0x00, 0x00, 0x00, 0x03, 0xFF, 0x00, 0x00, 0x00, 0x00, 0xFF, 0xC0, 0x00, 0x00, 0x00, 0x3F,
    0xF0, 0x00, 0x00, 0x00, 0x0F, 0xFC, 0x00, 0x00, 0x00, 0x03, 0xFF, 0x00, 0x00, 0x00, 0x00, 0x00,
    0x00, 0x00, 0xBF, 0xE0, 0x00, 0x2F, 0xFC, 0x7F, 0xF0, 0x00, 0x3F, 0xF4, 0x3F, 0xF4, 0x00, 0x7F,
    0xF0, 0x2F, 0xFC, 0x00, 0xBF, 0xE0, 0x0F, 0xFC, 0x00, 0xFF, 0xD0, 0x0F, 0xFD, 0x01, 0xFF, 0xC0,
    0x07, 0xFF, 0x02, 0xFF, 0x80, 0x03, 0xFF, 0x03, 0xFF, 0x00, 0x02, 0xFF, 0x87, 0xFF, 0x00, 0x00,
    0xFF, 0xCB, 0xFD, 0x00, 0x00, 0xFF, 0xCF, 0xFC, 0x00, 0x00, 0x7F, 0xDF, 0xF8, 0x00, 0x00, 0x3F,
    0xFF, 0xF0, 0x00, 0x00, 0x2F, 0xFF, 0xF0, 0x00, 0x00, 0x1F, 0xFF, 0xD0, 0x00, 0x00, 0x0F, 0xFF,
    0xC0, 0x00, 0x00, 0x0B, 0xFF, 0x80, 0x00, 0x00, 0x03, 0xFF, 0x40, 0x00, 0x00, 0x03, 0xFF, 0x00,
    0x00, 0x00, 0x03, 0xFF, 0x00, 0x00, 0x00, 0x03, 0xFF, 0x00, 0x00, 0x00, 0x03, 0xFF, 0x00, 0x00,
    0x00, 0x03, 0xFF, 0x00, 0x00, 0x00, 0x03, 0xFF, 0x00, 0x00, 0x00, 0x03, 0xFF, 0x00, 0x00, 0x00,
    0x03, 0xFF, 0x00, 0x00, 0xBF, 0xE0, 0x00, 0x02, 0xFF, 0x9F, 0xFC, 0x00, 0x01, 0xFF, 0xC3, 0xFF,
    0x80, 0x00, 0xFF, 0xE0, 0x3F, 0xF0, 0x00, 0x7F, 0xF0, 0x0B, 0xFE, 0x00, 0x3F, 0xF8, 0x00, 0xFF,
    0xC0, 0x1F, 0xFC, 0x00, 0x2F, 0xF8, 0x0F, 0xFD, 0x00, 0x03, 0xFF, 0x07, 0xFF, 0x00, 0x00, 0xBF,
    0xE2, 0xFF, 0x40, 0x00, 0x0F, 0xFD, 0xFF, 0xC0, 0x00, 0x01, 0xFF, 0xFF, 0xD0, 0x00, 0x00, 0x3F,
    0xFF, 0xF0, 0x00, 0x00, 0x07, 0xFF, 0xF0, 0x00, 0x00, 0x00, 0xFF, 0xF8, 0x00, 0x00, 0x00, 0x1F,
    0xFC, 0x00, 0x00, 0x0A, 0xAB, 0xFF, 0xAA, 0x80, 0x07, 0xFF, 0xFF, 0xFF, 0xF0, 0x01, 0xFF, 0xFF,
    0xFF, 0xFC, 0x00, 0x7F, 0xFF, 0xFF, 0xFF, 0x00, 0x0A, 0xAB, 0xFF, 0xAA, 0x80, 0x00, 0x00, 0xFF,
    0xC0, 0x00, 0x00, 0x00, 0x3F, 0xF0, 0x00, 0x00, 0x00, 0x0F, 0xFC, 0x00, 0x00, 0x00, 0x03, 0xFF,
    0x00, 0x00, 0x00, 0x00, 0x00, 0x00, 0x00, 0xBF, 0xE0, 0x00, 0x2F, 0xFC, 0x7F, 0xF0, 0x00, 0x3F,
    0xF4, 0x3F, 0xF4, 0x00, 0x7F, 0xF0, 0x2F, 0xFC, 0x00, 0xBF, 0xE0, 0x0F, 0xFC, 0x00, 0xFF, 0xD0,
    0x0F, 0xFD, 0x01, 0xFF, 0xC0, 0x07, 0xFF, 0x02, 0xFF, 0x80, 0x03, 0xFF, 0x03, 0xFF, 0x00, 0x02,
    0xFF, 0x87, 0xFF, 0x00, 0x00, 0xFF, 0xCB, 0xFD, 0x00, 0x00, 0xFF, 0xCF, 0xFC, 0x00, 0x00, 0x7F,
    0xDF, 0xF8, 0x00, 0x00, 0x3F, 0xFF, 0xF0, 0x00, 0x00, 0x2F, 0xFF, 0xF0, 0x00, 0x00, 0x1F, 0xFF,
    0xD0, 0x00, 0x00, 0x0F, 0xFF, 0xC0, 0x00, 0x00, 0x0B, 0xFF, 0x80, 0x00, 0x00, 0x03, 0xFF, 0x40,
    0x00, 0x0B, 0xFF, 0xFF, 0xFF, 0xC0, 0x0B, 0xFF, 0xFF, 0xFF, 0xC0, 0x0B, 0xFF, 0xFF, 0xFF, 0xC0,
    0x06, 0xAB, 0xFF, 0xEA, 0x80, 0x00, 0x03, 0xFF, 0x00, 0x00, 0x00, 0x03, 0xFF, 0x00, 0x00, 0x00,
    0x03, 0xFF, 0x00, 0x00, 0x00, 0x03, 0xFF, 0x00, 0x00, 0x3F, 0xF0, 0x00, 0x00, 0xFF, 0xD0, 0x0B,
    0xFF, 0x00, 0x00, 0xBF, 0xF0, 0x00, 0xFF, 0xD0, 0x00, 0x3F, 0xF0, 0x00, 0x1F, 0xFC, 0x00, 0x2F,
    0xF8, 0x00, 0x02, 0xFF, 0x80, 0x1F, 0xFC, 0x00, 0x00, 0x3F, 0xF0, 0x0F, 0xFD, 0x00, 0x00, 0x07,
    0xFF, 0x07, 0xFE, 0x00, 0x00, 0x00, 0xFF, 0xD3, 0xFF, 0x00, 0x00, 0x00, 0x0F, 0xFE, 0xFF, 0x40,
    0x00, 0x00, 0x02, 0xFF, 0xFF, 0xC0, 0x00, 0x00, 0x00, 0x3F, 0xFF, 0xC0, 0x00, 0x00, 0x00, 0x07,
    0xFF, 0xE0, 0x00, 0x00, 0x00, 0x02, 0xFF, 0xF8, 0x00, 0x00, 0x00, 0x00, 0xFF, 0xFF, 0x00, 0x00,
    0x00, 0x00, 0xFF, 0xFF, 0xF0, 0x00, 0x00, 0x00, 0xBF, 0xEB, 0xFE, 0x00, 0x00, 0x00, 0x3F, 0xF0,
    0xFF, 0xC0, 0x00, 0x00, 0x3F, 0xF4, 0x2F, 0xFC, 0x00, 0x00, 0x1F, 0xFC, 0x03, 0xFF, 0x80, 0x00,
    0x0F, 0xFC, 0x00, 0x7F, 0xF5, 0x54, 0x0B, 0xFE, 0x00, 0x0B, 0xFF, 0xFF, 0x07, 0xFF, 0x00, 0x00,
    0xFF, 0xFF, 0xC3, 0xFF, 0x40, 0x00, 0x1F, 0xFF, 0xF2, 0xFF, 0x80, 0x00, 0x03, 0xFF, 0xFC, 0x00,
    0x00, 0x00, 0x00, 0x03, 0xFF, 0x00, 0x00, 0x00, 0x00, 0x00, 0xFF, 0xC0, 0x00, 0x00, 0x00, 0x00,
    0x3F, 0xF0, 0x00, 0x00, 0x00, 0x00, 0x0F, 0xFC, 0x00, 0x00, 0x00, 0x00, 0x03, 0xFF, 0x00, 0x00,
    0x00, 0x00, 0x00, 0xFF, 0xC0, 0x00, 0x00, 0x00, 0x00, 0x2F, 0xF0, 0x00, 0x00, 0x00, 0x00, 0x00,
    0x0F, 0xFF, 0x00, 0x0F, 0xFE, 0x00, 0xFF, 0xD0, 0x0B, 0xFF, 0x00, 0x2F, 0xFC, 0x07, 0xFF, 0x40,
    0x03, 0xFF, 0x83, 0xFF, 0x80, 0x00, 0x7F, 0xF2, 0xFF, 0xC0, 0x00, 0x0B, 0xFF, 0xFF, 0xD0, 0x00,
    0x00, 0xFF, 0xFF, 0xE0, 0x00, 0x00, 0x1F, 0xFF, 0xF0, 0x00, 0x00, 0x02, 0xFF, 0xF4, 0x00, 0x00,
    0x00, 0xFF, 0xFE, 0x00, 0x00, 0x00, 0xBF, 0xFF, 0xD0, 0x00, 0x00, 0x7F, 0xFF, 0xFC, 0x00, 0x00,
    0x3F, 0xF6, 0xFF, 0x80, 0x00, 0x2F, 0xFC, 0x3F, 0xF4, 0x00, 0x1F, 0xFC, 0x0B, 0xFF, 0xFE, 0x0F,
    0xFE, 0x00, 0xFF, 0xFF, 0x8B, 0xFF, 0x00, 0x1F, 0xFF, 0xE7, 0xFF, 0x40, 0x02, 0xFF, 0xF8, 0x00,
    0x00, 0x00, 0x03, 0xFE, 0x00, 0x00, 0x00, 0x00, 0xFF, 0x80, 0x00, 0x00, 0x00, 0x3F, 0xE0, 0x00,
    0x00, 0x00, 0x0F, 0xF8, 0x00, 0x00, 0x00, 0x03, 0xFE, 0x00, 0x00, 0x00, 0x00, 0xFF, 0x80, 0x00,
    0x00, 0x00, 0x1A, 0x90, 0x7F, 0xFF, 0xFF, 0xFF, 0xF0, 0x7F, 0xD0, 0x01, 0xFF, 0xFF, 0xFF, 0xFF,
    0xD2, 0xFF, 0x40, 0x07, 0xFF, 0xFF, 0xFF, 0xFF, 0x4B, 0xFD, 0x00, 0x1F, 0xFF, 0xFF, 0xFF, 0xFD,
    0x2F, 0xF4, 0x00, 0x15, 0x5B, 0xFF, 0x55, 0x50, 0xBF, 0xD0, 0x00, 0x00, 0x1F, 0xF8, 0x00, 0x02,
    0xFF, 0x40, 0x00, 0x00, 0x7F, 0xE0, 0x00, 0x0B, 0xFD, 0x00, 0x00, 0x01, 0xFF, 0x80, 0x00, 0x2F,
    0xF4, 0x00, 0x00, 0x07, 0xFE, 0x00, 0x00, 0xBF, 0xD0, 0x00, 0x00, 0x1F, 0xF8, 0x00, 0x02, 0xFF,
    0x40, 0x00, 0x00, 0x7F, 0xE0, 0x00, 0x0B, 0xFD, 0x00, 0x00, 0x01, 0xFF, 0x80, 0x00, 0x2F, 0xF4,
    0x00, 0x00, 0x07, 0xFE, 0x00, 0x00, 0xBF, 0xD0, 0x00, 0x00, 0x1F, 0xF8, 0x00, 0x02, 0xFF, 0x40,
    0x00, 0x00, 0x7F, 0xE0, 0x00, 0x0B, 0xFD, 0x00, 0x00, 0x01, 0xFF, 0x80, 0x00, 0x2F, 0xF4, 0x00,
    0x00, 0x07, 0xFE, 0x00, 0x00, 0xBF, 0xD0, 0x00, 0x00, 0x1F, 0xF8, 0x00, 0x02, 0xFF, 0x40, 0x00,
    0x00, 0x7F, 0xE0, 0x00, 0x0B, 0xFD, 0x00, 0x00, 0x01, 0xFF, 0x80, 0x00, 0x2F, 0xF9, 0x54, 0x00,
    0x07, 0xFF, 0xFF, 0xFF, 0xFF, 0xFF, 0xF4, 0x00, 0x1F, 0xFF, 0xFF, 0xFF, 0xFF, 0xFF, 0xD0, 0x00,
    0x7F, 0xFF, 0xFF, 0xFF, 0xFF, 0xFF, 0x40, 0x01, 0xFF, 0xFF, 0xFF, 0xFF, 0xFF, 0xFD, 0x00, 0x00,
    0x00, 0x00, 0x00, 0x00, 0x2F, 0xF4, 0x00, 0x00, 0x00, 0x00, 0x00, 0x00, 0xBF, 0xD0, 0x00, 0x00,
    0x00, 0x00, 0x00, 0x02, 0xFF, 0x40, 0x00, 0x00, 0x00, 0x00, 0x00, 0x0B, 0xFD, 0x00, 0x00, 0x00,
    0x00, 0x00, 0x00, 0x2F, 0xF4, 0x00, 0x00, 0x00, 0x00, 0x00, 0x00, 0xBF, 0xD0, 0x00, 0x00, 0x00,
    0x00, 0x00, 0x02, 0xFF, 0x40, 0x00, 0x00, 0x00, 0x00, 0x00, 0x00, 0x03, 0xFF, 0xFF, 0xFF, 0x8B,
    0xFD, 0x00, 0x3F, 0xFF, 0xFF, 0xF8, 0xBF, 0xD0, 0x03, 0xFF, 0xFF, 0xFF, 0x8B, 0xFD, 0x00, 0x2A,
    0xBF, 0xFA, 0xA4, 0xBF, 0xD0, 0x00, 0x03, 0xFF, 0x00, 0x0B, 0xFD, 0x00, 0x00, 0x3F, 0xF0, 0x00,
    0xBF, 0xD0, 0x00, 0x03, 0xFF, 0x00, 0x0B, 0xFD, 0x00, 0x00, 0x3F, 0xF0, 0x00, 0xBF, 0xD0, 0x00,
    0x03, 0xFF, 0x00, 0x0B, 0xFD, 0x00, 0x00, 0x3F, 0xF0, 0x00, 0xBF, 0xD0, 0x00, 0x03, 0xFF, 0x00,
    0x0B, 0xFD, 0x00, 0x00, 0x3F, 0xF0, 0x00, 0xBF, 0xD0, 0x00, 0x03, 0xFF, 0x00, 0x0B, 0xFD, 0x00,
    0x00, 0x3F, 0xF0, 0x00, 0xBF, 0xD0, 0x00, 0x03, 0xFF, 0xAA, 0xAF, 0xFF, 0xAA, 0x00, 0x3F, 0xFF,
    0xFF, 0xFF, 0xFF, 0xF0, 0x03, 0xFF, 0xFF, 0xFF, 0xFF, 0xFF, 0x00, 0x3F, 0xFF, 0xFF, 0xFF, 0xFF,
    0xF0, 0x00, 0x00, 0x00, 0x00, 0x02, 0xFF, 0x00, 0x00, 0x00, 0x00, 0x00, 0x2F, 0xF0, 0x00, 0x00,
    0x00, 0x00, 0x02, 0xFF, 0x00, 0x00, 0x00, 0x00, 0x00, 0x2F, 0xF0, 0x00, 0x00, 0x00, 0x00, 0x02,
    0xFF, 0x00, 0x00, 0x00, 0x00, 0x00, 0x2F, 0xF0, 0x00, 0x00, 0x00, 0x00, 0x01, 0xA9, 0x3F, 0xE0,
    0x00, 0x02, 0xFF, 0x00, 0x03, 0xFF, 0x00, 0x00, 0x3F, 0xF4, 0x00, 0x3F, 0xF0, 0x00, 0x03, 0xFF,
    0x40, 0x03, 0xFF, 0x00, 0x00, 0x3F, 0xF4, 0x00, 0x3F, 0xF0, 0x00, 0x03, 0xFF, 0x40, 0x03, 0xFF,
    0x00, 0x00, 0x3F, 0xF4, 0x00, 0x3F, 0xF0, 0x00, 0x03, 0xFF, 0x40, 0x03, 0xFF, 0x00, 0x00, 0x3F,
    0xF4, 0x00, 0x3F, 0xF0, 0x00, 0x03, 0xFF, 0x40, 0x03, 0xFF, 0x00, 0x00, 0x3F, 0xF4, 0x00, 0x3F,
    0xF0, 0x00, 0x03, 0xFF, 0x40, 0x03, 0xFF, 0xC0, 0x06, 0xFF, 0xF4, 0x00, 0x3F, 0xFF, 0xFF, 0xFF,
    0xFF, 0x40, 0x01, 0xFF, 0xFF, 0xFF, 0xFF, 0xF4, 0x00, 0x07, 0xFF, 0xFF, 0xFF, 0xFF, 0x40, 0x00,
    0x0B, 0xFF, 0xF9, 0x3F, 0xF4, 0x00, 0x00, 0x01, 0x40, 0x03, 0xFF, 0x40, 0x00, 0x00, 0x00, 0x00,
    0x3F, 0xF4, 0x00, 0x00, 0x00, 0x00, 0x03, 0xFF, 0x40, 0x00, 0x00, 0x00, 0x00, 0x3F, 0xF9, 0x54,
    0x00, 0x00, 0x00, 0x03, 0xFF, 0xFF, 0xC0, 0x00, 0x00, 0x00, 0x3F, 0xFF, 0xFC, 0x00, 0x00, 0x00,
    0x03, 0xFF, 0xFF, 0xC0, 0x00, 0x00, 0x00, 0x3F, 0xFF, 0xFC, 0x00, 0x00, 0x00, 0x00, 0x00, 0xBF,
    0xC0, 0x00, 0x00, 0x00, 0x00, 0x0B, 0xFC, 0x00, 0x00, 0x00, 0x00, 0x00, 0xBF, 0xC0, 0x00, 0x00,
    0x00, 0x00, 0x0B, 0xFC, 0x00, 0x00, 0x00, 0x00, 0x00, 0xBF, 0xC0, 0x00, 0x00, 0x00, 0x00, 0x0B,
    0xFC, 0x00, 0x00, 0x00, 0x00, 0x00, 0xBF, 0xC0, 0x00, 0x00, 0x00, 0x00, 0x00, 0x0F, 0xFC, 0x00,
    0x0B, 0xFD, 0x00, 0xFF, 0xC0, 0x00, 0xBF, 0xD0, 0x0F, 0xFC, 0x00, 0x0B, 0xFD, 0x00, 0xFF, 0xC0,
    0x00, 0xBF, 0xD0, 0x0F, 0xFC, 0x00, 0x0B, 0xFD, 0x00, 0xFF, 0xC0, 0x00, 0xBF, 0xD0, 0x0F, 0xFC,
    0x00, 0x0B, 0xFD, 0x00, 0xFF, 0xC0, 0x00, 0xFF, 0xD0, 0x0F, 0xFF, 0x45, 0xBF, 0xFD, 0x00, 0x7F,
    0xFF, 0xFF, 0xFF, 0xD0, 0x02, 0xFF, 0xFF, 0xFF, 0xFD, 0x00, 0x0B, 0xFF, 0xF8, 0xBF, 0xD0, 0x00,
    0x05, 0x50, 0x0B, 0xFD, 0x00, 0x00, 0x00, 0x00, 0xBF, 0xD0, 0x00, 0x00, 0x00, 0x0B, 0xFE, 0xA9,
    0x00, 0x00, 0x00, 0xBF, 0xFF, 0xE0, 0x00, 0x00, 0x0B, 0xFF, 0xFE, 0x00, 0x00, 0x00, 0xBF, 0xFF,
    0xE0, 0x00, 0x00, 0x00, 0x02, 0xFE, 0x00, 0x00, 0x00, 0x00, 0x2F, 0xE0, 0x00, 0x00, 0x00, 0x02,
    0xFE, 0x00, 0x00, 0x00, 0x00, 0x2F, 0xE0, 0x00, 0x00, 0x00, 0x02, 0xFE, 0x00, 0x00, 0x00, 0x00,
    0x2F, 0xE0, 0x00, 0x00, 0x00, 0x01, 0xA9, 0xBF, 0xC0, 0x00, 0x07, 0xFE, 0xFF, 0xC0, 0x00, 0x07,
    0xFE, 0xFF, 0xC0, 0x00, 0x07, 0xFE, 0xFF, 0xC0, 0x00, 0x07, 0xFE, 0xFF, 0xC0, 0x00, 0x07, 0xFE,
    0xFF, 0xC0, 0x00, 0x07, 0xFE, 0xFF, 0xC0, 0x14, 0x07, 0xFE, 0xFF, 0xC0, 0x7C, 0x07, 0xFE, 0xFF,
    0xC0, 0x7C, 0x07, 0xFE, 0xFF, 0xD0, 0x7C, 0x07, 0xFE, 0xFF, 0xE0, 0x7C, 0x07, 0xFE, 0xFF, 0xF4,
    0x7C, 0x6F, 0xFE, 0xBF, 0xFF, 0xFF, 0xFF, 0xFE, 0x3F, 0xFF, 0xFF, 0xFF, 0xFE, 0x0F, 0xFF, 0xFF,
    0xFF, 0xFE, 0x01, 0xFF, 0xFF, 0x87, 0xFE, 0x00, 0x00, 0xBC, 0x07, 0xFE, 0x00, 0x00, 0x7C, 0x07,
    0xFE, 0x00, 0x00, 0x7C, 0x07, 0xFE, 0x00, 0x00, 0x7C, 0x07, 0xFE, 0x00, 0x00, 0x7C, 0x07, 0xFE,
    0x00, 0x00, 0x14, 0x07, 0xFE, 0x00, 0x00, 0x00, 0x07, 0xFE, 0x00, 0x00, 0x00, 0x07, 0xFE, 0x00,
    0x00, 0x00, 0x00, 0x00, 0xFF, 0xC0, 0x00, 0xBF, 0xE3, 0xFF, 0x00, 0x02, 0xFF, 0x8F, 0xFC, 0x00,
    0x0B, 0xFE, 0x3F, 0xF0, 0x00, 0x2F, 0xF8, 0xFF, 0xC0, 0x40, 0xBF, 0xE3, 0xFF, 0x0B, 0x82, 0xFF,
    0x8F, 0xFC, 0x2E, 0x0B, 0xFE, 0x3F, 0xF0, 0xB8, 0x3F, 0xF8, 0xFF, 0xF7, 0xFF, 0xFF, 0xE2, 0xFF,
    0xFF, 0xFF, 0xFF, 0x83, 0xFF, 0xFF, 0xFF, 0xFE, 0x02, 0xFF, 0xFE, 0x6F, 0xF8, 0x00, 0x57, 0xE0,
    0xBF, 0xE0, 0x00, 0x0B, 0x82, 0xFF, 0x80, 0x00, 0x2E, 0x0B, 0xFE, 0x00, 0x00, 0xB8, 0x2F, 0xF8,
    0x00, 0x00, 0x00, 0xBF, 0xE0, 0x00, 0x00, 0x02, 0xFF, 0x80, 0x3F, 0xE0, 0x00, 0x00, 0x00, 0x0F,
    0xFC, 0x00, 0x00, 0x00, 0x03, 0xFF, 0x00, 0x00, 0x00, 0x00, 0xFF, 0xC0, 0x00, 0x00, 0x00, 0x3F,
    0xF0, 0x00, 0x00, 0x00, 0x0F, 0xFC, 0x00, 0x00, 0x00, 0x03, 0xFF, 0x00, 0x00, 0x00, 0x00, 0xFF,
    0xC0, 0x00, 0x00, 0x00, 0x3F, 0xF0, 0x6F, 0xFF, 0x80, 0x0F, 0xFF, 0xFF, 0xFF, 0xFD, 0x03, 0xFF,
    0xFF, 0xFF, 0xFF, 0xD0, 0xFF, 0xFF, 0xFF, 0xFF, 0xFC, 0x3F, 0xFF, 0x94, 0x1F, 0xFF, 0x0F, 0xFC,
    0x00, 0x00, 0xFF, 0xD3, 0xFF, 0x00, 0x00, 0x3F, 0xF4, 0xFF, 0xC0, 0x00, 0x0B, 0xFD, 0x3F, 0xF0,
    0x00, 0x02, 0xFF, 0x4F, 0xFC, 0x00, 0x00, 0xBF, 0xD3, 0xFF, 0x00, 0x00, 0x2F, 0xF4, 0xFF, 0xC0,
    0x00, 0x0B, 0xFD, 0x3F, 0xF0, 0x00, 0x02, 0xFF, 0x4F, 0xFC, 0x00, 0x00, 0xBF, 0xD3, 0xFF, 0x00,
    0x00, 0x2F, 0xF4, 0xFF, 0xC0, 0x00, 0x0B, 0xFD, 0x15, 0x40, 0x00, 0x00, 0x0B, 0xFD, 0x00, 0x00,
    0x00, 0xBF, 0xD0, 0x00, 0x00, 0x0B, 0xFD, 0x00, 0x00, 0x00, 0xBF, 0xD0, 0x00, 0x00, 0x0B, 0xFD,
    0x00, 0x00, 0x00, 0xBF, 0xD0, 0x00, 0x00, 0x0B, 0xFD, 0x01, 0x94, 0x00, 0xBF, 0xD3, 0xFF, 0xF8,
    0x0B, 0xFD, 0xFF, 0xFF, 0xF0, 0xBF, 0xFF, 0xFF, 0xFF, 0x8B, 0xFF, 0xF9, 0xBF, 0xFC, 0xBF, 0xF8,
    0x01, 0xFF, 0xCB, 0xFF, 0x00, 0x0F, 0xFD, 0xBF, 0xF0, 0x00, 0xFF, 0xDB, 0xFE, 0x00, 0x0B, 0xFD,
    0xBF, 0xE0, 0x00, 0xBF, 0xDB, 0xFD, 0x00, 0x0B, 0xFD, 0xBF, 0xD0, 0x00, 0xBF, 0xDB, 0xFD, 0x00,
    0x0B, 0xFD, 0xBF, 0xD0, 0x00, 0xBF, 0xDB, 0xFD, 0x00, 0x0B, 0xFD, 0xBF, 0xD0, 0x00, 0xBF, 0xDB,
    0xFD, 0x00, 0x0B, 0xFD, 0xBF, 0xD0, 0x00, 0xBF, 0xDB, 0xFD, 0x00, 0x0B, 0xFD, 0x00, 0x00, 0x00,
    0x00, 0x00, 0x00, 0x00, 0x00, 0x00, 0x00, 0x0B, 0xFF, 0xF9, 0x00, 0x00, 0x00, 0x00, 0x2F, 0xFF,
    0xFF, 0xF4, 0x00, 0x00, 0x00, 0x3F, 0xFF, 0xFF, 0xFF, 0x80, 0x00, 0x00, 0x3F, 0xFF, 0xFF, 0xFF,
    0xF4, 0x00, 0x00, 0x3F, 0xFF, 0x40, 0x1F, 0xFF, 0x00, 0x00, 0x1F, 0xFD, 0x00, 0x00, 0xBF, 0xE1,
    0xFD, 0x0F, 0xFE, 0x00, 0x00, 0x0F, 0xFC, 0xBF, 0x43, 0xFF, 0x00, 0x00, 0x02, 0xFF, 0x7F, 0xD1,
    0xFF, 0xC0, 0x00, 0x00, 0x7F, 0xEF, 0xFE, 0xBF, 0xF5, 0x55, 0x55, 0x6F, 0xFB, 0xFF, 0xFF, 0xFF,
    0xFF, 0xFF, 0xFF, 0xFF, 0xBF, 0xFF, 0xFF, 0xFF, 0xFF, 0xFF, 0xFF, 0xCB, 0xFF, 0xFF, 0xFF, 0xFF,
    0xFF, 0xFF, 0xF0, 0x6A, 0xFF, 0xFA, 0xAA, 0xAA, 0xAA, 0xA8, 0x00, 0x2F, 0xF8, 0x00, 0x00, 0x00,
    0x00, 0x00, 0x07, 0xFF, 0x00, 0x00, 0x00, 0x00, 0x00, 0x00, 0xFF, 0xC0, 0x00, 0x00, 0x00, 0x00,
    0x00, 0x3F, 0xF8, 0x00, 0x00, 0x00, 0x00, 0x00, 0x07, 0xFF, 0x80, 0x00, 0x00, 0x78, 0x00, 0x00,
    0xFF, 0xFD, 0x00, 0x06, 0xFE, 0x00, 0x00, 0x0F, 0xFF, 0xFF, 0xFF, 0xFF, 0x80, 0x00, 0x00, 0xFF,
    0xFF, 0xFF, 0xFF, 0xE0, 0x00, 0x00, 0x0B, 0xFF, 0xFF, 0xFF, 0xE0, 0x00, 0x00, 0x00, 0x2F, 0xFF,
    0xFF, 0x40, 0x00, 0x00, 0x00, 0x00, 0x05, 0x40, 0x00, 0x00, 0x00, 0x00, 0x00, 0x5A, 0x40, 0x00,
    0x00, 0x00, 0x0B, 0xFF, 0xFD, 0x00, 0x00, 0x00, 0x3F, 0xFF, 0xFF, 0x80, 0x00, 0x00, 0xFF, 0xFF,
    0xFF, 0xE0, 0x00, 0x02, 0xFF, 0xD0, 0x7F, 0xF0, 0x2F, 0xC3, 0xFF, 0x00, 0x0F, 0xF8, 0x3F, 0x87,
    0xFE, 0x00, 0x0F, 0xFC, 0x3F, 0xDB, 0xFE, 0x00, 0x0B, 0xFC, 0x3F, 0xFF, 0xFF, 0xFF, 0xFF, 0xFC,
    0x2F, 0xFF, 0xFF, 0xFF, 0xFF, 0xFC, 0x07, 0xFF, 0xFF, 0xFF, 0xFF, 0xFC, 0x00, 0x0B, 0xFD, 0x00,
    0x00, 0x00, 0x00, 0x0B, 0xFE, 0x00, 0x00, 0x00, 0x00, 0x07, 0xFF, 0x00, 0x00, 0x00, 0x00, 0x03,
    0xFF, 0x80, 0x00, 0x20, 0x00, 0x01, 0xFF, 0xF9, 0x5B, 0xF0, 0x00, 0x00, 0xBF, 0xFF, 0xFF, 0xF0,
    0x00, 0x00, 0x2F, 0xFF, 0xFF, 0xF0, 0x00, 0x00, 0x02, 0xFF, 0xFF, 0x90, 0x00, 0x00, 0x00, 0x05,
    0x50, 0x00, 0x00, 0x00, 0x00, 0x00, 0x00, 0x00, 0x00, 0x00, 0x00, 0x00, 0x0B, 0xFF, 0xF9, 0x00,
    0x00, 0x00, 0x00, 0x2F, 0xFF, 0xFF, 0xF4, 0x00, 0x00, 0x00, 0x3F, 0xFF, 0xFF, 0xFF, 0x80, 0x00,
    0x00, 0x3F, 0xFF, 0xFF, 0xFF, 0xF4, 0x00, 0x00, 0x3F, 0xFF, 0x40, 0x1F, 0xFF, 0x00, 0x00, 0x1F,
    0xFD, 0x00, 0x00, 0xBF, 0xE1, 0xFD, 0x0F, 0xFE, 0x00, 0x00, 0x0F, 0xFC, 0xBF, 0x43, 0xFF, 0x00,
    0x00, 0x02, 0xFF, 0x7F, 0xD1, 0xFF, 0xC0, 0x00, 0x00, 0x7F, 0xEF, 0xFE, 0xBF, 0xF5, 0x55, 0x55,
    0x6F, 0xFB, 0xFF, 0xFF, 0xFF, 0xFF, 0xFF, 0xFF, 0xFF, 0xBF, 0xFF, 0xFF, 0xFF, 0xFF, 0xFF, 0xFF,
    0xCB, 0xFF, 0xFF, 0xFF, 0xFF, 0xFF, 0xFF, 0xF0, 0x6A, 0xFF, 0xFA, 0xAA, 0xAA, 0xAA, 0xA8, 0x00,
    0x2F, 0xF8, 0x00, 0x00, 0x00, 0x00, 0x00, 0x07, 0xFF, 0x00, 0x00, 0x00, 0x00, 0x00, 0x00, 0xFF,
    0xC0, 0x00, 0x00, 0x00, 0x00, 0x00, 0x3F, 0xF8, 0x00, 0x00, 0x00, 0x00, 0x00, 0x07, 0xFF, 0x80,
    0x00, 0x00, 0x78, 0x00, 0x00, 0xFF, 0xFD, 0x00, 0x06, 0xFE, 0x00, 0x00, 0x0F, 0xFF, 0xFF, 0xFF,
    0xFF, 0x80, 0x00, 0x00, 0xFF, 0xFF, 0xFF, 0xFF, 0xE0, 0x00, 0x00, 0x0B, 0xFF, 0xFF, 0xFF, 0xE0,
    0x00, 0x00, 0x00, 0x2F, 0xFF, 0xFF, 0x40, 0x00, 0x00, 0x00, 0x00, 0x7F, 0xE0, 0x00, 0x00, 0x00,
    0x00, 0x00, 0x1F, 0xF4, 0x00, 0x00, 0x00, 0x00, 0x00, 0x07, 0xFD, 0x00, 0x00, 0x00, 0x00, 0x00,
    0x01, 0xFF, 0x40, 0x00, 0x00, 0x00, 0x00, 0x00, 0x7F, 0xD0, 0x00, 0x00, 0x00, 0x00, 0x00, 0x1F,
    0xF4, 0x00, 0x00, 0x00, 0x00, 0x00, 0x07, 0xFD, 0x00, 0x00, 0x00, 0x00, 0x00, 0x5A, 0x40, 0x00,
    0x00, 0x00, 0x0B, 0xFF, 0xFD, 0x00, 0x00, 0x00, 0x3F, 0xFF, 0xFF, 0x80, 0x00, 0x00, 0xFF, 0xFF,
    0xFF, 0xE0, 0x00, 0x02, 0xFF, 0xD0, 0x7F, 0xF0, 0x2F, 0xC3, 0xFF, 0x00, 0x0F, 0xF8, 0x3F, 0x87,
    0xFE, 0x00, 0x0F, 0xFC, 0x3F, 0xDB, 0xFE, 0x00, 0x0B, 0xFC, 0x3F, 0xFF, 0xFF, 0xFF, 0xFF, 0xFC,
    0x2F, 0xFF, 0xFF, 0xFF, 0xFF, 0xFC, 0x07, 0xFF, 0xFF, 0xFF, 0xFF, 0xFC, 0x00, 0x0B, 0xFD, 0x00,
    0x00, 0x00, 0x00, 0x0B, 0xFE, 0x00, 0x00, 0x00, 0x00, 0x07, 0xFF, 0x00, 0x00, 0x00, 0x00, 0x03,
    0xFF, 0x80, 0x00, 0x20, 0x00, 0x01, 0xFF, 0xF9, 0x5B, 0xF0, 0x00, 0x00, 0xBF, 0xFF, 0xFF, 0xF0,
    0x00, 0x00, 0x2F, 0xFF, 0xFF, 0xF0, 0x00, 0x00, 0x02, 0xFF, 0xFF, 0x90, 0x00, 0x00, 0x00, 0x3F,
    0xD0, 0x00, 0x00, 0x00, 0x00, 0x3F, 0xD0, 0x00, 0x00, 0x00, 0x00, 0x3F, 0xD0, 0x00, 0x00, 0x00,
    0x00, 0x3F, 0xD0, 0x00, 0x00, 0x00, 0x00, 0x3F, 0xD0, 0x00, 0x00, 0x00, 0x00, 0x3F, 0xD0, 0x00,
    0x00, 0x00, 0x00, 0x2A, 0x80, 0x00, 0xBF, 0xFF, 0xFB, 0xFF, 0xFF, 0xFF, 0xFF, 0xFF, 0xDB, 0xFF,
    0xF8, 0x03, 0xFF, 0x00, 0x0F, 0xFC, 0x00, 0x3F, 0xF0, 0x00, 0xFF, 0xC0, 0x03, 0xFF, 0x00, 0x0F,
    0xFC, 0x00, 0x3F, 0xF0, 0x00, 0xFF, 0xC0, 0x03, 0xFF, 0x00, 0x0F, 0xFC, 0x00, 0x3F, 0xF0, 0x00,
    0xFF, 0xC0, 0x03, 0xFF, 0x00, 0x0F, 0xFC, 0x00, 0x3F, 0xF0, 0x00, 0xFF, 0xC0, 0x2F, 0xFF, 0xE3,
    0xFF, 0xFF, 0xFF, 0xFF, 0xFF, 0xFF, 0xFF, 0xFF, 0x00, 0x00, 0x00, 0x00, 0x00, 0x00, 0x00, 0x00,
    0x00, 0x00, 0x02, 0xFF, 0x00, 0xBF, 0x80, 0x00, 0x00, 0x00, 0x00, 0x7F, 0xD0, 0x3F, 0xD0, 0x00,
    0x00, 0x00, 0x00, 0x0F, 0xFE, 0xBF, 0xF0, 0x00, 0x00, 0x00, 0x00, 0x00, 0xFF, 0xFF, 0xF0, 0x00,
    0x00, 0x00, 0x00, 0x00, 0x0B, 0xFF, 0xE0, 0x00, 0x00, 0x00, 0x00, 0x00, 0x00, 0x00, 0x00, 0x00,
    0x00, 0x00, 0x00, 0x00, 0x00, 0x00, 0x00, 0x00, 0x00, 0x00, 0x2F, 0xF4, 0x00, 0x0B, 0xFC, 0x00,
    0x07, 0xFE, 0x03, 0xFF, 0x00, 0x03, 0xFF, 0x00, 0x03, 0xFF, 0x40, 0x7F, 0xF0, 0x00, 0xFF, 0xC0,
    0x02, 0xFF, 0x80, 0x0F, 0xFD, 0x00, 0x3F, 0xF0, 0x00, 0xFF, 0xC0, 0x00, 0xFF, 0xC0, 0x0F, 0xFC,
    0x00, 0xFF, 0xD0, 0x00, 0x1F, 0xF8, 0x03, 0xFF, 0x00, 0xBF, 0xE0, 0x00, 0x03, 0xFF, 0x40, 0xFF,
    0xC0, 0x3F, 0xF0, 0x00, 0x00, 0x3F, 0xF0, 0x3F, 0xF0, 0x3F, 0xF4, 0x00, 0x00, 0x0B, 0xFE, 0x0F,
    0xFC, 0x1F, 0xF8, 0x00, 0x00, 0x00, 0xFF, 0xE7, 0xFF, 0x9F, 0xFC, 0x00, 0x00, 0x00, 0x0F, 0xFF,
    0xFF, 0xFF, 0xFD, 0x00, 0x00, 0x00, 0x03, 0xFF, 0xFF, 0xFF, 0xFF, 0x00, 0x00, 0x00, 0x01, 0xFF,
    0xFF, 0xFF, 0xFF, 0xE0, 0x00, 0x00, 0x00, 0xFF, 0xFB, 0xFF, 0xFF, 0xFC, 0x00, 0x00, 0x00, 0xBF,
    0xF0, 0xFF, 0xC3, 0xFF, 0xC0, 0x00, 0x00, 0x7F, 0xF4, 0x3F, 0xF0, 0x3F, 0xF8, 0x00, 0x00, 0x3F,
    0xF8, 0x0F, 0xFC, 0x0B, 0xFF, 0x00, 0x00, 0x2F, 0xFC, 0x03, 0xFF, 0x00, 0xFF, 0xF0, 0x00, 0x0F,
    0xFD, 0x00, 0xFF, 0xC0, 0x1F, 0xFD, 0x00, 0x0F, 0xFF, 0x00, 0x3F, 0xF0, 0x02, 0xFF, 0xC0, 0x07,
    0xFF, 0x00, 0x0F, 0xFC, 0x00, 0x3F, 0xF8, 0x03, 0xFF, 0x80, 0x03, 0xFF, 0x00, 0x07, 0xFF, 0x43,
    0xFF, 0xC0, 0x00, 0xFF, 0xC0, 0x00, 0xBF, 0xF1, 0xFF, 0xD0, 0x00, 0x3F, 0xF0, 0x00, 0x0F, 0xFE,
    0x00, 0x00, 0xAA, 0x40, 0x6A, 0x80, 0x00, 0x00, 0x00, 0x3F, 0xE0, 0x2F, 0xE0, 0x00, 0x00, 0x00,
    0x0B, 0xFD, 0x1F, 0xF4, 0x00, 0x00, 0x00, 0x00, 0xFF, 0xFF, 0xFC, 0x00, 0x00, 0x00, 0x00, 0x0F,
    0xFF, 0xF8, 0x00, 0x00, 0x00, 0x00, 0x00, 0x6F, 0xA4, 0x00, 0x00, 0x00, 0x00, 0x00, 0x00, 0x00,
    0x00, 0x00, 0x00, 0x00, 0x00, 0x00, 0x00, 0x00, 0x00, 0x00, 0x2F, 0xF4, 0x00, 0xFF, 0x80, 0x07,
    0xFE, 0x03, 0xFF, 0x00, 0x3F, 0xE0, 0x03, 0xFF, 0x00, 0x7F, 0xE0, 0x0F, 0xF8, 0x03, 0xFF, 0x00,
    0x0B, 0xFD, 0x03, 0xFE, 0x01, 0xFF, 0x80, 0x00, 0xFF, 0xC0, 0xFF, 0x80, 0xFF, 0xC0, 0x00, 0x1F,
    0xF8, 0x3F, 0xE0, 0xFF, 0xC0, 0x00, 0x02, 0xFF, 0x4F, 0xFC, 0xBF, 0xD0, 0x00, 0x00, 0x3F, 0xFF,
    0xFF, 0xFF, 0xF0, 0x00, 0x00, 0x07, 0xFF, 0xFF, 0xFF, 0xF4, 0x00, 0x00, 0x03, 0xFF, 0xFF, 0xFF,
    0xFF, 0x00, 0x00, 0x02, 0xFF, 0xEF, 0xFE, 0xFF, 0xE0, 0x00, 0x01, 0xFF, 0xC3, 0xFE, 0x0F, 0xFD,
    0x00, 0x00, 0xFF, 0xD0, 0xFF, 0x82, 0xFF, 0xC0, 0x00, 0xBF, 0xF0, 0x3F, 0xE0, 0x3F, 0xF8, 0x00,
    0x7F, 0xF0, 0x0F, 0xF8, 0x07, 0xFF, 0x40, 0x3F, 0xF4, 0x03, 0xFE, 0x00, 0xBF, 0xF0, 0x3F, 0xFC,
    0x00, 0xFF, 0x80, 0x0F, 0xFE, 0x1F, 0xFC, 0x00, 0x3F, 0xE0, 0x01, 0xFF, 0xD0, 0xFF, 0xC0, 0x00,
    0x1F, 0xFC, 0x3F, 0xF0, 0x00, 0x0F, 0xFD, 0x0F, 0xFC, 0x00, 0x0F, 0xFD, 0x03, 0xFF, 0x00, 0x0F,
    0xFE, 0x00, 0xFF, 0xC0, 0x0B, 0xFF, 0x00, 0x3F, 0xF0, 0x07, 0xFF, 0x00, 0x0F, 0xFC, 0x03, 0xFF,
    0x00, 0x03, 0xFF, 0x03, 0xFF, 0x40, 0x00, 0xFF, 0xC2, 0xFF, 0x40, 0x00, 0x3F, 0xF1, 0xFF, 0x80,
    0x00, 0x0F, 0xFC, 0xFF, 0xC0, 0x00, 0x03, 0xFF, 0xFF, 0xE9, 0x00, 0x00, 0xFF, 0xFF, 0xFF, 0xFD,
    0x00, 0x3F, 0xFF, 0xFF, 0xFF, 0xF0, 0x0F, 0xFF, 0xFF, 0xFF, 0xFF, 0x43, 0xFF, 0x95, 0x5B, 0xFF,
    0xF0, 0xFF, 0xC0, 0x00, 0x2F, 0xFE, 0x3F, 0xF0, 0x00, 0x02, 0xFF, 0xCF, 0xFC, 0x00, 0x00, 0x3F,
    0xF7, 0xFF, 0x00, 0x00, 0x0B, 0xFE, 0xFF, 0xC0, 0x00, 0x01, 0xFF, 0xBF, 0xF0, 0x00, 0x00, 0x7F,
    0xEF, 0xFC, 0x00, 0x00, 0x1F, 0xFB, 0xFF, 0x00, 0x00, 0x07, 0xFE, 0x00, 0x00, 0x00, 0x02, 0xFF,
    0x40, 0x00, 0x00, 0x00, 0xFF, 0xC0, 0x00, 0x00, 0x00, 0xFF, 0xF0, 0x00, 0x19, 0x01, 0xFF, 0xF4,
    0x00, 0x07, 0xFF, 0xFF, 0xFC, 0x00, 0x01, 0xFF, 0xFF, 0xFC, 0x00, 0x00, 0x7F, 0xFF, 0xFC, 0x00,
    0x00, 0x1F, 0xFF, 0xF4, 0x00, 0x00, 0x00, 0x05, 0x40, 0x00, 0x00, 0x00, 0x00, 0x00, 0x00, 0x01,
    0xFF, 0x80, 0x03, 0xFF, 0x87, 0xFE, 0x00, 0x3F, 0xFC, 0x1F, 0xF8, 0x03, 0xFF, 0xC0, 0x7F, 0xE0,
    0x2F, 0xFC, 0x01, 0xFF, 0x82, 0xFF, 0xC0, 0x07, 0xFE, 0x1F, 0xFC, 0x00, 0x1F, 0xF9, 0xFF, 0xC0,
    0x00, 0x7F, 0xFF, 0xFC, 0x00, 0x01, 0xFF, 0xFF, 0xFE, 0x40, 0x07, 0xFF, 0xFF, 0xFF, 0xD0, 0x1F,
    0xFF, 0xFF, 0xFF, 0xD0, 0x7F, 0xFE, 0xAF, 0xFF, 0xC1, 0xFF, 0x80, 0x07, 0xFF, 0x87, 0xFE, 0x00,
    0x07, 0xFF, 0x1F, 0xF8, 0x00, 0x0F, 0xFC, 0x7F, 0xE0, 0x00, 0x2F, 0xF5, 0xFF, 0x80, 0x00, 0x7F,
    0xD7, 0xFE, 0x00, 0x01, 0xFF, 0x40, 0x00, 0x00, 0x0B, 0xFD, 0x00, 0x00, 0x00, 0x3F, 0xF0, 0x00,
    0x00, 0x01, 0xFF, 0xC0, 0x00, 0x50, 0x2F, 0xFD, 0x00, 0x02, 0xFF, 0xFF, 0xF0, 0x00, 0x0B, 0xFF,
    0xFF, 0x00, 0x00, 0x2F, 0xFF, 0xF4, 0x00, 0x00, 0x7F, 0xFE, 0x00, 0x00, 0x00, 0x00, 0x00, 0x00,
    0x00, 0x03, 0xFF, 0xFF, 0xFF, 0xE0, 0x00, 0x00, 0x07, 0xFF, 0xFF, 0xFF, 0xF0, 0x00, 0x00, 0x07,
    0xFF, 0xFF, 0xFF, 0xF0, 0x00, 0x00, 0x0B, 0xFF, 0xFF, 0xFF, 0xF0, 0x00, 0x00, 0x0F, 0xFD, 0x55,
    0xBF, 0xF0, 0x00, 0x00, 0x0F, 0xFC, 0x00, 0x3F, 0xF0, 0x00, 0x00, 0x0F, 0xF8, 0x00, 0x3F, 0xF0,
    0x00, 0x00, 0x0F, 0xF8, 0x00, 0x3F, 0xF0, 0x00, 0x00, 0x1F, 0xF4, 0x00, 0x3F, 0xF0, 0x00, 0x00,
    0x1F, 0xF4, 0x00, 0x3F, 0xF0, 0x00, 0x00, 0x2F, 0xF0, 0x00, 0x3F, 0xF0, 0x00, 0x00, 0x3F, 0xF0,
    0x00, 0x3F, 0xF0, 0x00, 0x00, 0x3F, 0xF0, 0x00, 0x3F, 0xF0, 0x00, 0x00, 0x3F, 0xF0, 0x00, 0x3F,
    0xF0, 0x00, 0x00, 0x7F, 0xE0, 0x00, 0x3F, 0xF0, 0x00, 0x00, 0x7F, 0xD0, 0x00, 0x3F, 0xF0, 0x00,
    0x00, 0xBF, 0xD0, 0x00, 0x3F, 0xF0, 0x00, 0x00, 0xFF, 0xC0, 0x00, 0x3F, 0xF0, 0x00, 0x00, 0xFF,
    0xC0, 0x00, 0x3F, 0xF0, 0x00, 0x02, 0xFF, 0x80, 0x00, 0x3F, 0xF5, 0x54, 0xBF, 0xFF, 0x00, 0x00,
    0x3F, 0xFF, 0xFC, 0xBF, 0xFF, 0x00, 0x00, 0x3F, 0xFF, 0xFC, 0xBF, 0xFC, 0x00, 0x00, 0x3F, 0xFF,
    0xF8, 0xBF, 0xF0, 0x00, 0x00, 0x3F, 0xFF, 0xF4, 0x05, 0x00, 0x00, 0x00, 0x00, 0x1F, 0xF0, 0x00,
    0x00, 0x00, 0x00, 0x00, 0x3F, 0xF0, 0x00, 0x00, 0x00, 0x00, 0x00, 0x7F, 0xE0, 0x00, 0x00, 0x00,
    0x00, 0x00, 0xBF, 0xD0, 0x00, 0x00, 0x00, 0x00, 0x00, 0xFF, 0xC0, 0x00, 0x00, 0x00, 0x00, 0x02,
    0xFF, 0x80, 0x00, 0x00, 0x00, 0x00, 0x03, 0xFF, 0x40, 0x00, 0x00, 0x00, 0x00, 0x00, 0x00, 0x00,
    0x3F, 0xFF, 0xFF, 0xFC, 0x00, 0x00, 0x3F, 0xFF, 0xFF, 0xFC, 0x00, 0x00, 0x3F, 0xFF, 0xFF, 0xFC,
    0x00, 0x00, 0x3F, 0xEA, 0xAF, 0xFC, 0x00, 0x00, 0x3F, 0xD0, 0x0F, 0xFC, 0x00, 0x00, 0x7F, 0xC0,
    0x0F, 0xFC, 0x00, 0x00, 0x7F, 0xC0, 0x0F, 0xFC, 0x00, 0x00, 0xBF, 0xC0, 0x0F, 0xFC, 0x00, 0x00,
    0xFF, 0xC0, 0x0F, 0xFC, 0x00, 0x00, 0xFF, 0x80, 0x0F, 0xFC, 0x00, 0x00, 0xFF, 0x80, 0x0F, 0xFC,
    0x00, 0x01, 0xFF, 0x40, 0x0F, 0xFC, 0x00, 0x02, 0xFF, 0x00, 0x0F, 0xFC, 0x00, 0x07, 0xFF, 0x00,
    0x0F, 0xFC, 0x00, 0xFF, 0xFE, 0x00, 0x0F, 0xFE, 0xA9, 0xFF, 0xFC, 0x00, 0x0F, 0xFF, 0xFE, 0xFF,
    0xF4, 0x00, 0x0F, 0xFF, 0xFD, 0xFF, 0xE0, 0x00, 0x0F, 0xFF, 0xFC, 0x05, 0x00, 0x00, 0x00, 0x07,
    0xFC, 0x00, 0x00, 0x00, 0x00, 0x0B, 0xF8, 0x00, 0x00, 0x00, 0x00, 0x0F, 0xF4, 0x00, 0x00, 0x00,
    0x00, 0x1F, 0xF0, 0x00, 0x00, 0x00, 0x00, 0x2F, 0xF0, 0x00, 0x00, 0x00, 0x00, 0x3F, 0xE0, 0x00,
    0x00, 0x00, 0x00, 0x2A, 0x80, 0xFF, 0xC0, 0x00, 0x07, 0xFD, 0xFF, 0xC0, 0x00, 0x0B, 0xFE, 0xFF,
    0xC0, 0x00, 0x0B, 0xFE, 0xFF, 0xC0, 0x00, 0x0B, 0xFE, 0xFF, 0xC0, 0x00, 0x0B, 0xFE, 0xFF, 0xC0,
    0x00, 0x0B, 0xFE, 0xFF, 0xC0, 0x00, 0x0B, 0xFE, 0xFF, 0xC0, 0x00, 0x0B, 0xFE, 0xFF, 0xC0, 0x00,
    0x0B, 0xFE, 0xFF, 0xD5, 0x55, 0x5F, 0xFE, 0xFF, 0xFF, 0xFF, 0xFF, 0xFE, 0xFF, 0xFF, 0xFF, 0xFF,
    0xFE, 0xFF, 0xFF, 0xFF, 0xFF, 0xFE, 0xFF, 0xEA, 0xAA, 0xAF, 0xFE, 0xFF, 0xC0, 0x00, 0x0B, 0xFE,
    0xFF, 0xC0, 0x00, 0x0B, 0xFE, 0xFF, 0xC0, 0x00, 0x0B, 0xFE, 0xFF, 0xC0, 0x00, 0x0B, 0xFE, 0xFF,
    0xC0, 0x00, 0x0B, 0xFE, 0xFF, 0xC0, 0x00, 0x0B, 0xFE, 0xFF, 0xC0, 0x00, 0x0B, 0xFE, 0xFF, 0xC0,
    0x00, 0x0B, 0xFE, 0xFF, 0xC0, 0x00, 0x0B, 0xFD, 0xFF, 0xC0, 0x00, 0x0B, 0xFD, 0x00, 0x00, 0x00,
    0x0F, 0xFD, 0x00, 0x00, 0x00, 0x0F, 0xFC, 0x00, 0x00, 0x00, 0x3F, 0xFC, 0x00, 0x19, 0x01, 0xFF,
    0xF4, 0x00, 0x2F, 0xFF, 0xFF, 0xF0, 0x00, 0x2F, 0xFF, 0xFF, 0xC0, 0x00, 0x2F, 0xFF, 0xFF, 0x00,
    0x00, 0x1F, 0xFF, 0xF8, 0x00, 0x00, 0x00, 0x15, 0x00, 0x00, 0x00, 0x00, 0x00, 0x00, 0x07, 0xFE,
    0x00, 0x0B, 0xFD, 0x7F, 0xE0, 0x00, 0xBF, 0xD7, 0xFE, 0x00, 0x0B, 0xFD, 0x7F, 0xE0, 0x00, 0xBF,
    0xD7, 0xFE, 0x00, 0x0B, 0xFD, 0x7F, 0xE0, 0x00, 0xBF, 0xD7, 0xFE, 0x00, 0x0B, 0xFD, 0x7F, 0xFF,
    0xFF, 0xFF, 0xD7, 0xFF, 0xFF, 0xFF, 0xFD, 0x7F, 0xFF, 0xFF, 0xFF, 0xD7, 0xFF, 0xAA, 0xAF, 0xFD,
    0x7F, 0xE0, 0x00, 0xBF, 0xD7, 0xFE, 0x00, 0x0B, 0xFD, 0x7F, 0xE0, 0x00, 0xBF, 0xD7, 0xFE, 0x00,
    0x0B, 0xFD, 0x7F, 0xE0, 0x00, 0xBF, 0xD7, 0xFE, 0x00, 0x0B, 0xFD, 0x7F, 0xE0, 0x00, 0xBF, 0xD0,
    0x00, 0x00, 0x0B, 0xFD, 0x00, 0x00, 0x00, 0xFF, 0xD0, 0x00, 0x00, 0x1F, 0xFC, 0x00, 0x24, 0x07,
    0xFF, 0xC0, 0x03, 0xFF, 0xFF, 0xF4, 0x00, 0x3F, 0xFF, 0xFE, 0x00, 0x03, 0xFF, 0xFF, 0x80, 0x00,
    0x1F, 0xFF, 0x80, 0x00, 0x00, 0x00, 0x00, 0x00, 0xFF, 0xC0, 0x00, 0x07, 0xFD, 0x00, 0x3F, 0xF0,
    0x00, 0x02, 0xFF, 0x80, 0x0F, 0xFC, 0x00, 0x00, 0xBF, 0xE0, 0x03, 0xFF, 0x00, 0x00, 0x2F, 0xF8,
    0x00, 0xFF, 0xC0, 0x00, 0x0B, 0xFE, 0x00, 0x3F, 0xF0, 0x00, 0x02, 0xFF, 0x80, 0x0F, 0xFC, 0x00,
    0x00, 0xBF, 0xE0, 0x03, 0xFF, 0x00, 0x00, 0x2F, 0xF8, 0x00, 0xFF, 0xC0, 0x00, 0x0B, 0xFE, 0x00,
    0x3F, 0xF5, 0x55, 0x57, 0xFF, 0x80, 0x0F, 0xFF, 0xFF, 0xFF, 0xFF, 0xE0, 0x03, 0xFF, 0xFF, 0xFF,
    0xFF, 0xF8, 0x00, 0xFF, 0xFF, 0xFF, 0xFF, 0xFE, 0x00, 0x3F, 0xFA, 0xAA, 0xAB, 0xFF, 0x80, 0x0F,
    0xFC, 0x00, 0x00, 0xBF, 0xE0, 0x03, 0xFF, 0x00, 0x00, 0x2F, 0xF8, 0x00, 0xFF, 0xC0, 0x00, 0x0B,
    0xFE, 0x00, 0x3F, 0xF0, 0x00, 0x02, 0xFF, 0x80, 0x0F, 0xFC, 0x00, 0x00, 0xBF, 0xE0, 0x03, 0xFF,
    0x00, 0x00, 0x2F, 0xF9, 0x55, 0xFF, 0xC0, 0x00, 0x0B, 0xFF, 0xFF, 0xBF, 0xF0, 0x00, 0x02, 0xFF,
    0xFF, 0xDF, 0xFC, 0x00, 0x00, 0xBF, 0xFF, 0xF3, 0xFF, 0x00, 0x00, 0x2F, 0xFF, 0xFC, 0x00, 0x00,
    0x00, 0x00, 0x02, 0xFE, 0x00, 0x00, 0x00, 0x00, 0x00, 0xFF, 0x40, 0x00, 0x00, 0x00, 0x00, 0xBF,
    0xC0, 0x00, 0x00, 0x00, 0x00, 0x3F, 0xF0, 0x00, 0x00, 0x00, 0x00, 0x1F, 0xF8, 0x00, 0x00, 0x00,
    0x00, 0x0F, 0xFD, 0x00, 0x00, 0x00, 0x00, 0x07, 0xFF, 0x00, 0x00, 0x00, 0x00, 0x00, 0x00, 0x01,
    0xFF, 0x80, 0x02, 0xFF, 0x40, 0x07, 0xFE, 0x00, 0x0B, 0xFD, 0x00, 0x1F, 0xF8, 0x00, 0x2F, 0xF4,
    0x00, 0x7F, 0xE0, 0x00, 0xBF, 0xD0, 0x01, 0xFF, 0x80, 0x02, 0xFF, 0x40, 0x07, 0xFE, 0x00, 0x0B,
    0xFD, 0x00, 0x1F, 0xF8, 0x00, 0x2F, 0xF4, 0x00, 0x7F, 0xFF, 0xFF, 0xFF, 0xD0, 0x01, 0xFF, 0xFF,
    0xFF, 0xFF, 0x40, 0x07, 0xFF, 0xFF, 0xFF, 0xFD, 0x00, 0x1F, 0xFE, 0xAA, 0xBF, 0xF4, 0x00, 0x7F,
    0xE0, 0x00, 0xBF, 0xD0, 0x01, 0xFF, 0x80, 0x02, 0xFF, 0x40, 0x07, 0xFE, 0x00, 0x0B, 0xFD, 0x00,
    0x1F, 0xF8, 0x00, 0x2F, 0xFE, 0xA8, 0x7F, 0xE0, 0x00, 0xBF, 0xFF, 0xF1, 0xFF, 0x80, 0x02, 0xFF,
    0xFF, 0xC7, 0xFE, 0x00, 0x0B, 0xFF, 0xFE, 0x00, 0x00, 0x00, 0x00, 0x0B, 0xF4, 0x00, 0x00, 0x00,
    0x00, 0x3F, 0xC0, 0x00, 0x00, 0x00, 0x01, 0xFF, 0x00, 0x00, 0x00, 0x00, 0x0B, 0xF8, 0x00, 0x00,
    0x00, 0x00, 0x3F, 0xD0, 0x00, 0x00, 0x00, 0x01, 0xFF, 0x00, 0x00, 0x00, 0x00, 0x06, 0xA8, 0x00,
    0xBF, 0xC0, 0x00, 0x07, 0xFE, 0xFF, 0xC0, 0x00, 0x07, 0xFE, 0xFF, 0xC0, 0x00, 0x07, 0xFE, 0xFF,
    0xC0, 0x00, 0x07, 0xFE, 0xFF, 0xC0, 0x00, 0x07, 0xFE, 0xFF, 0xC0, 0x00, 0x07, 0xFE, 0xFF, 0xC0,
    0x00, 0x07, 0xFE, 0xFF, 0xC0, 0x00, 0x07, 0xFE, 0xFF, 0xC0, 0x00, 0x07, 0xFE, 0xFF, 0xD0, 0x00,
    0x07, 0xFE, 0xFF, 0xE0, 0x00, 0x07, 0xFE, 0xFF, 0xF4, 0x01, 0xBF, 0xFE, 0x7F, 0xFF, 0xFF, 0xFF,
    0xFE, 0x3F, 0xFF, 0xFF, 0xFF, 0xFE, 0x0F, 0xFF, 0xFF, 0xFF, 0xFE, 0x02, 0xFF, 0xFE, 0x47, 0xFE,
    0x00, 0x01, 0x00, 0x07, 0xFE, 0x00, 0x00, 0x00, 0x07, 0xFE, 0x00, 0x00, 0x00, 0x07, 0xFE, 0x00,
    0x00, 0x01, 0x5B, 0xFE, 0x00, 0x00, 0x0B, 0xFF, 0xFE, 0x00, 0x00, 0x0B, 0xFF, 0xFE, 0x00, 0x00,
    0x0B, 0xFF, 0xFE, 0x00, 0x00, 0x0B, 0xFF, 0xFE, 0x00, 0x00, 0x0B, 0xFD, 0x00, 0x00, 0x00, 0x0B,
    0xFD, 0x00, 0x00, 0x00, 0x0B, 0xFD, 0x00, 0x00, 0x00, 0x0B, 0xFD, 0x00, 0x00, 0x00, 0x0B, 0xFD,
    0x00, 0x00, 0x00, 0x0B, 0xFD, 0x00, 0x00, 0x00, 0x0B, 0xFD, 0x00, 0x00, 0x00, 0x00, 0x00, 0x0F,
    0xFC, 0x00, 0x0B, 0xFD, 0xFF, 0xC0, 0x00, 0xBF, 0xDF, 0xFC, 0x00, 0x0B, 0xFD, 0xFF, 0xC0, 0x00,
    0xBF, 0xDF, 0xFC, 0x00, 0x0B, 0xFD, 0xFF, 0xC0, 0x00, 0xBF, 0xDF, 0xFC, 0x00, 0x0B, 0xFD, 0xFF,
    0xC0, 0x00, 0xFF, 0xDF, 0xFF, 0x45, 0xBF, 0xFD, 0x7F, 0xFF, 0xFF, 0xFF, 0xD2, 0xFF, 0xFF, 0xFF,
    0xFD, 0x0B, 0xFF, 0xF8, 0xBF, 0xD0, 0x05, 0x50, 0x0B, 0xFD, 0x00, 0x00, 0x00, 0xBF, 0xD0, 0x00,
    0x06, 0xAF, 0xFD, 0x00, 0x00, 0x7F, 0xFF, 0xD0, 0x00, 0x07, 0xFF, 0xFD, 0x00, 0x00, 0x7F, 0xFF,
    0xD0, 0x00, 0x07, 0xFC, 0x00, 0x00, 0x00, 0x7F, 0xC0, 0x00, 0x00, 0x07, 0xFC, 0x00, 0x00, 0x00,
    0x7F, 0xC0, 0x00, 0x00, 0x07, 0xFC, 0x00, 0x00, 0x00, 0x7F, 0xC0, 0x00, 0x00, 0x02, 0xA8, 0x00,
    0xFF, 0xFC, 0x00, 0x00, 0x07, 0xFF, 0xD0, 0x03, 0xFF, 0xF4, 0x00, 0x00, 0x3F, 0xFF, 0x40, 0x0F,
    0xFF, 0xE0, 0x00, 0x00, 0xFF, 0xFD, 0x00, 0x3F, 0xFF, 0xC0, 0x00, 0x0B, 0xFF, 0xF4, 0x00, 0xFF,
    0xFF, 0x00, 0x00, 0x3F, 0xFF, 0xD0, 0x03, 0xFF, 0xFE, 0x00, 0x00, 0xFF, 0xFF, 0x40, 0x0F, 0xFB,
    0xFC, 0x00, 0x0B, 0xFB, 0xFD, 0x00, 0x3F, 0xDF, 0xF0, 0x00, 0x3F, 0xDF, 0xF4, 0x00, 0xFF, 0x6F,
    0xD0, 0x00, 0xFF, 0x3F, 0xD0, 0x03, 0xFD, 0x7F, 0x80, 0x07, 0xF4, 0xFF, 0x40, 0x0F, 0xF4, 0xFF,
    0x00, 0x3F, 0xC3, 0xFD, 0x00, 0x3F, 0xD3, 0xFD, 0x00, 0xFF, 0x0F, 0xF4, 0x00, 0xFF, 0x47, 0xF8,
    0x07, 0xF4, 0x7F, 0xD0, 0x03, 0xFE, 0x0F, 0xF0, 0x3F, 0xC1, 0xFF, 0x40, 0x0F, 0xF8, 0x3F, 0xD0,
    0xFF, 0x07, 0xFD, 0x00, 0x3F, 0xE0, 0xBF, 0x87, 0xF8, 0x1F, 0xF4, 0x00, 0xFF, 0x80, 0xFF, 0x3F,
    0xC0, 0x7F, 0xD0, 0x03, 0xFE, 0x03, 0xFD, 0xFF, 0x01, 0xFF, 0x40, 0x0F, 0xF8, 0x0B, 0xFF, 0xF8,
    0x07, 0xFD, 0x00, 0x3F, 0xE0, 0x1F, 0xFF, 0xC0, 0x1F, 0xF9, 0x55, 0xFF, 0x80, 0x3F, 0xFF, 0x00,
    0x7F, 0xFF, 0xFB, 0xFE, 0x00, 0xBF, 0xF8, 0x01, 0xFF, 0xFF, 0xDF, 0xF8, 0x01, 0xFF, 0xC0, 0x07,
    0xFF, 0xFF, 0x3F, 0xE0, 0x03, 0xFF, 0x00, 0x1F, 0xFF, 0xFC, 0x00, 0x00, 0x00, 0x00, 0x00, 0x00,
    0x3F, 0xE0, 0x00, 0x00, 0x00, 0x00, 0x00, 0x00, 0xFF, 0x40, 0x00, 0x00, 0x00, 0x00, 0x00, 0x0B,
    0xFC, 0x00, 0x00, 0x00, 0x00, 0x00, 0x00, 0x3F, 0xF0, 0x00, 0x00, 0x00, 0x00, 0x00, 0x02, 0xFF,
    0x80, 0x00, 0x00, 0x00, 0x00, 0x00, 0x0F, 0xFD, 0x00, 0x00, 0x00, 0x00, 0x00, 0x00, 0x7F, 0xF0,
    0x00, 0x00, 0x00, 0x00, 0x00, 0x00, 0x00, 0x00, 0x1F, 0xFF, 0xC0, 0x00, 0x2F, 0xFF, 0x80, 0x07,
    0xFF, 0xF4, 0x00, 0x0F, 0xFF, 0xE0, 0x01, 0xFF, 0xFE, 0x00, 0x03, 0xFF, 0xF8, 0x00, 0x7F, 0xFF,
    0xC0, 0x02, 0xFF, 0xFE, 0x00, 0x1F, 0xFF, 0xF4, 0x00, 0xFF, 0xFF, 0x80, 0x07, 0xFD, 0xFE, 0x00,
    0x7F, 0xBF, 0xE0, 0x01, 0xFF, 0x3F, 0xC0, 0x2F, 0xCF, 0xF8, 0x00, 0x7F, 0xCB, 0xF4, 0x0F, 0xF3,
    0xFE, 0x00, 0x1F, 0xF1, 0xFF, 0x07, 0xF4, 0xFF, 0x80, 0x07, 0xFC, 0x3F, 0xC3, 0xFC, 0x3F, 0xE0,
    0x01, 0xFF, 0x0B, 0xF8, 0xFE, 0x0F, 0xF8, 0x00, 0x7F, 0xC0, 0xFF, 0xBF, 0x43, 0xFE, 0x00, 0x1F,
    0xF0, 0x3F, 0xFF, 0xC0, 0xFF, 0x80, 0x07, 0xFC, 0x07, 0xFF, 0xE0, 0x3F, 0xE0, 0x01, 0xFF, 0x00,
    0xFF, 0xF0, 0x0F, 0xFE, 0xA8, 0x7F, 0xC0, 0x2F, 0xFC, 0x03, 0xFF, 0xFF, 0x1F, 0xF0, 0x07, 0xFE,
    0x00, 0xFF, 0xFF, 0xC7, 0xFC, 0x00, 0xFF, 0x00, 0x3F, 0xFF, 0xE0, 0x00, 0x00, 0x00, 0x00, 0x00,
    0x0B, 0xF4, 0x00, 0x00, 0x00, 0x00, 0x00, 0x03, 0xFC, 0x00, 0x00, 0x00, 0x00, 0x00, 0x01, 0xFF,
    0x00, 0x00, 0x00, 0x00, 0x00, 0x00, 0xBF, 0x80, 0x00, 0x00, 0x00, 0x00, 0x00, 0x3F, 0xE0, 0x00,
    0x00, 0x00, 0x00, 0x00, 0x1F, 0xF4, 0x00, 0x00, 0x00, 0x00, 0x00, 0x06, 0xA8, 0x00, 0xBF, 0xFF,
    0xFB, 0xFF, 0xFF, 0xFF, 0xFF, 0xFF, 0xDB, 0xFF, 0xF8, 0x03, 0xFF, 0x00, 0x0F, 0xFC, 0x00, 0x3F,
    0xF0, 0x00, 0xFF, 0xC0, 0x03, 0xFF, 0x00, 0x0F, 0xFC, 0x00, 0x3F, 0xF0, 0x00, 0xFF, 0xC0, 0x03,
    0xFF, 0x00, 0x0F, 0xFC, 0x00, 0x3F, 0xF0, 0x00, 0xFF, 0xC0, 0x03, 0xFF, 0x00, 0x0F, 0xFC, 0x00,
    0x3F, 0xF0, 0x00, 0xFF, 0xC0, 0x2F, 0xFF, 0xE3, 0xFF, 0xFF, 0xFF, 0xFF, 0xFF, 0xFF, 0xFF, 0xFF,
    0x00, 0x00, 0x00, 0x00, 0x00, 0x00, 0x00, 0x2F, 0xE0, 0x0F, 0xF4, 0x00, 0x00, 0x1F, 0xF0, 0x1F,
    0xF0, 0x00, 0x00, 0x0F, 0xFE, 0xBF, 0xE0, 0x00, 0x00, 0x03, 0xFF, 0xFF, 0xC0, 0x00, 0x00, 0x00,
    0xBF, 0xFE, 0x00, 0x00, 0x00, 0x00, 0x00, 0x00, 0x00, 0x00, 0x00, 0x00, 0x00, 0x00, 0x00, 0x00,
    0x00, 0x00, 0xBF, 0xF8, 0x00, 0x00, 0x00, 0x00, 0xFF, 0xFC, 0x00, 0x00, 0x00, 0x01, 0xFF, 0xFD,
    0x00, 0x00, 0x00, 0x03, 0xFF, 0xFF, 0x00, 0x00, 0x00, 0x03, 0xFE, 0xFF, 0x00, 0x00, 0x00, 0x0B,
    0xFC, 0xFF, 0x80, 0x00, 0x00, 0x0F, 0xFC, 0xFF, 0xC0, 0x00, 0x00, 0x0F, 0xF8, 0xBF, 0xC0, 0x00,
    0x00, 0x2F, 0xF4, 0x3F, 0xE0, 0x00, 0x00, 0x3F, 0xF0, 0x3F, 0xF0, 0x00, 0x00, 0x7F, 0xE0, 0x2F,
    0xF4, 0x00, 0x00, 0xBF, 0xD0, 0x1F, 0xF8, 0x00, 0x00, 0xFF, 0xC0, 0x0F, 0xFC, 0x00, 0x01, 0xFF,
    0x80, 0x0B, 0xFD, 0x00, 0x02, 0xFF, 0xFF, 0xFF, 0xFE, 0x00, 0x03, 0xFF, 0xFF, 0xFF, 0xFF, 0x00,
    0x07, 0xFF, 0xFF, 0xFF, 0xFF, 0x40, 0x0B, 0xFF, 0xFF, 0xFF, 0xFF, 0xC0, 0x0F, 0xFE, 0x55, 0x56,
    0xFF, 0xC0, 0x1F, 0xFC, 0x00, 0x00, 0xFF, 0xD0, 0x3F, 0xF8, 0x00, 0x00, 0xBF, 0xF0, 0x3F, 0xF4,
    0x00, 0x00, 0x7F, 0xF0, 0x7F, 0xF0, 0x00, 0x00, 0x3F, 0xF8, 0xFF, 0xE0, 0x00, 0x00, 0x2F, 0xFC,
    0x02, 0xA9, 0x00, 0xAA, 0x00, 0xBF, 0xC0, 0x7F, 0xC0, 0x0F, 0xF8, 0x7F, 0xE0, 0x02, 0xFF, 0xFF,
    0xF0, 0x00, 0x2F, 0xFF, 0xF0, 0x00, 0x01, 0xAF, 0x90, 0x00, 0x00, 0x00, 0x00, 0x00, 0x00, 0x15,
    0x94, 0x00, 0x01, 0xFF, 0xFF, 0xF0, 0x02, 0xFF, 0xFF, 0xFF, 0x00, 0x3F, 0xFF, 0xFF, 0xF0, 0x0B,
    0xD4, 0x2F, 0xFD, 0x00, 0x00, 0x02, 0xFF, 0x40, 0x00, 0x00, 0x7F, 0xE0, 0x00, 0x05, 0x6F, 0xF8,
    0x06, 0xFF, 0xFF, 0xFE, 0x0B, 0xFF, 0xFF, 0xFF, 0x8F, 0xFF, 0xFA, 0xFF, 0xE7, 0xFF, 0x40, 0x1F,
    0xFA, 0xFF, 0x80, 0x07, 0xFE, 0xBF, 0xD0, 0x02, 0xFF, 0xAF, 0xF8, 0x01, 0xFF, 0xE7, 0xFF, 0x96,
    0xFF, 0xF8, 0xFF, 0xFF, 0xFF, 0xFE, 0x1F, 0xFF, 0xFC, 0x7F, 0x81, 0xFF, 0xF8, 0x0F, 0xE0, 0x01,
    0x40, 0x00, 0x00, 0x00, 0x00, 0x00, 0x00, 0x00, 0x00, 0x00, 0x0B, 0xE0, 0x2F, 0x80, 0x00, 0x00,
    0x1F, 0xF0, 0x3F, 0xD0, 0x00, 0x00, 0x1F, 0xF0, 0x3F, 0xD0, 0x00, 0x00, 0x0F, 0xE0, 0x2F, 0xC0,
    0x00, 0x00, 0x01, 0x00, 0x01, 0x00, 0x00, 0x00, 0x00, 0x00, 0x00, 0x00, 0x00, 0x00, 0x00, 0x00,
    0x00, 0x00, 0x00, 0x00, 0x00, 0xBF, 0xF8, 0x00, 0x00, 0x00, 0x00, 0xFF, 0xFC, 0x00, 0x00, 0x00,
    0x01, 0xFF, 0xFD, 0x00, 0x00, 0x00, 0x03, 0xFF, 0xFF, 0x00, 0x00, 0x00, 0x03, 0xFE, 0xFF, 0x00,
    0x00, 0x00, 0x0B, 0xFC, 0xFF, 0x80, 0x00, 0x00, 0x0F, 0xFC, 0xFF, 0xC0, 0x00, 0x00, 0x0F, 0xF8,
    0xBF, 0xC0, 0x00, 0x00, 0x2F, 0xF4, 0x3F, 0xE0, 0x00, 0x00, 0x3F, 0xF0, 0x3F, 0xF0, 0x00, 0x00,
    0x7F, 0xE0, 0x2F, 0xF4, 0x00, 0x00, 0xBF, 0xD0, 0x1F, 0xF8, 0x00, 0x00, 0xFF, 0xC0, 0x0F, 0xFC,
    0x00, 0x01, 0xFF, 0x80, 0x0B, 0xFD, 0x00, 0x02, 0xFF, 0xFF, 0xFF, 0xFE, 0x00, 0x03, 0xFF, 0xFF,
    0xFF, 0xFF, 0x00, 0x07, 0xFF, 0xFF, 0xFF, 0xFF, 0x40, 0x0B, 0xFF, 0xFF, 0xFF, 0xFF, 0xC0, 0x0F,
    0xFE, 0x55, 0x56, 0xFF, 0xC0, 0x1F, 0xFC, 0x00, 0x00, 0xFF, 0xD0, 0x3F, 0xF8, 0x00, 0x00, 0xBF,
    0xF0, 0x3F, 0xF4, 0x00, 0x00, 0x7F, 0xF0, 0x7F, 0xF0, 0x00, 0x00, 0x3F, 0xF8, 0xFF, 0xE0, 0x00,
    0x00, 0x2F, 0xFC, 0x00, 0x00, 0x00, 0x00, 0x00, 0x7F, 0x00, 0xFD, 0x00, 0x3F, 0xE0, 0xBF, 0xC0,
    0x0F, 0xF8, 0x2F, 0xF0, 0x01, 0xFD, 0x07, 0xF4, 0x00, 0x04, 0x00, 0x10, 0x00, 0x00, 0x00, 0x00,
    0x00, 0x00, 0x15, 0x94, 0x00, 0x01, 0xFF, 0xFF, 0xF0, 0x02, 0xFF, 0xFF, 0xFF, 0x00, 0x3F, 0xFF,
    0xFF, 0xF0, 0x0B, 0xD4, 0x2F, 0xFD, 0x00, 0x00, 0x02, 0xFF, 0x40, 0x00, 0x00, 0x7F, 0xE0, 0x00,
    0x05, 0x6F, 0xF8, 0x06, 0xFF, 0xFF, 0xFE, 0x0B, 0xFF, 0xFF, 0xFF, 0x8F, 0xFF, 0xFA, 0xFF, 0xE7,
    0xFF, 0x40, 0x1F, 0xFA, 0xFF, 0x80, 0x07, 0xFE, 0xBF, 0xD0, 0x02, 0xFF, 0xAF, 0xF8, 0x01, 0xFF,
    0xE7, 0xFF, 0x96, 0xFF, 0xF8, 0xFF, 0xFF, 0xFF, 0xFE, 0x1F, 0xFF, 0xFC, 0x7F, 0x81, 0xFF, 0xF8,
    0x0F, 0xE0, 0x01, 0x40, 0x00, 0x00, 0x00, 0x00, 0x07, 0xFF, 0xFF, 0xFF, 0xFF, 0xE0, 0x00, 0x00,
    0xFF, 0xFF, 0xFF, 0xFF, 0xFF, 0x00, 0x00, 0x1F, 0xFF, 0xFF, 0xFF, 0xFF, 0xF0, 0x00, 0x03, 0xFF,
    0xFF, 0xFF, 0xFF, 0xFF, 0x00, 0x00, 0x7F, 0xEA, 0xFF, 0x95, 0x55, 0x50, 0x00, 0x0B, 0xFC, 0x1F,
    0xF8, 0x00, 0x00, 0x00, 0x00, 0xFF, 0x81, 0xFF, 0x80, 0x00, 0x00, 0x00, 0x2F, 0xF0, 0x1F, 0xF8,
    0x00, 0x00, 0x00, 0x03, 0xFF, 0x01, 0xFF, 0x80, 0x00, 0x00, 0x00, 0x7F, 0xD0, 0x1F, 0xFD, 0x55,
    0x54, 0x00, 0x0F, 0xFC, 0x01, 0xFF, 0xFF, 0xFF, 0xC0, 0x01, 0xFF, 0x80, 0x1F, 0xFF, 0xFF, 0xFC,
    0x00, 0x3F, 0xF0, 0x01, 0xFF, 0xFF, 0xFF, 0xC0, 0x07, 0xFE, 0x00, 0x1F, 0xFE, 0xAA, 0xA8, 0x00,
    0xBF, 0xFF, 0xFF, 0xFF, 0x80, 0x00, 0x00, 0x0F, 0xFF, 0xFF, 0xFF, 0xF8, 0x00, 0x00, 0x02, 0xFF,
    0xFF, 0xFF, 0xFF, 0x80, 0x00, 0x00, 0x3F, 0xFF, 0xFF, 0xFF, 0xF8, 0x00, 0x00, 0x0B, 0xFE, 0x55,
    0x56, 0xFF, 0x80, 0x00, 0x00, 0xFF, 0xC0, 0x00, 0x1F, 0xF8, 0x00, 0x00, 0x1F, 0xF8, 0x00, 0x01,
    0xFF, 0xFF, 0xFF, 0xF3, 0xFF, 0x00, 0x00, 0x1F, 0xFF, 0xFF, 0xFF, 0x7F, 0xF0, 0x00, 0x01, 0xFF,
    0xFF, 0xFF, 0xFF, 0xFD, 0x00, 0x00, 0x1F, 0xFF, 0xFF, 0xFF, 0x00, 0x05, 0xA4, 0x00, 0x05, 0x94,
    0x00, 0x00, 0xBF, 0xFF, 0xF4, 0x3F, 0xFF, 0xD0, 0x00, 0xBF, 0xFF, 0xFF, 0xBF, 0xFF, 0xFF, 0x00,
    0x0F, 0xFF, 0xFF, 0xFF, 0xFF, 0xFF, 0xE0, 0x02, 0xE4, 0x0B, 0xFF, 0xF4, 0x1F, 0xFD, 0x00, 0x00,
    0x00, 0xFF, 0xF0, 0x00, 0xFF, 0x80, 0x00, 0x00, 0x2F, 0xF8, 0x00, 0x2F, 0xF0, 0x00, 0x00, 0x5F,
    0xFE, 0x00, 0x0B, 0xFC, 0x01, 0xBF, 0xFF, 0xFF, 0xFF, 0xFF, 0xFF, 0x03, 0xFF, 0xFF, 0xFF, 0xFF,
    0xFF, 0xFF, 0xC3, 0xFF, 0xFA, 0xBF, 0xFF, 0xFF, 0xFF, 0xF1, 0xFF, 0xD0, 0x0B, 0xFD, 0x00, 0x00,
    0x00, 0xBF, 0xE0, 0x02, 0xFF, 0x80, 0x00, 0x00, 0x2F, 0xF8, 0x00, 0xFF, 0xF0, 0x00, 0x00, 0x0B,
    0xFE, 0x00, 0x7F, 0xFE, 0x00, 0x00, 0x81, 0xFF, 0xE5, 0xBF, 0xFF, 0xF9, 0x5B, 0xF0, 0x3F, 0xFF,
    0xFF, 0xDF, 0xFF, 0xFF, 0xFC, 0x07, 0xFF, 0xFF, 0xC0, 0xFF, 0xFF, 0xFF, 0x00, 0x3F, 0xFF, 0x80,
    0x07, 0xFF, 0xFE, 0x40, 0x00, 0x54, 0x00, 0x00, 0x05, 0x50, 0x00, 0x00, 0x00, 0x00, 0x0B, 0xF8,
    0x03, 0xFD, 0x7F, 0xC0, 0x7F, 0xC3, 0xFF, 0xBF, 0xF8, 0x1F, 0xFF, 0xFF, 0x00, 0x2F, 0xFF, 0x40,
    0x00, 0x00, 0x00, 0x00, 0x00, 0x00, 0x00, 0xFF, 0xFF, 0xFF, 0xEF, 0xFF, 0xFF, 0xFE, 0xFF, 0xFF,
    0xFF, 0xEF, 0xFF, 0xFF, 0xFE, 0xFF, 0xD5, 0x55, 0x4F, 0xFC, 0x00, 0x00, 0xFF, 0xC0, 0x00, 0x0F,
    0xFC, 0x00, 0x00, 0xFF, 0xC0, 0x00, 0x0F, 0xFD, 0x55, 0x54, 0xFF, 0xFF, 0xFF, 0xCF, 0xFF, 0xFF,
    0xFC, 0xFF, 0xFF, 0xFF, 0xCF, 0xFE, 0xAA, 0xA8, 0xFF, 0xC0, 0x00, 0x0F, 0xFC, 0x00, 0x00, 0xFF,
    0xC0, 0x00, 0x0F, 0xFC, 0x00, 0x00, 0xFF, 0xC0, 0x00, 0x0F, 0xFC, 0x00, 0x00, 0xFF, 0xFF, 0xFF,
    0xEF, 0xFF, 0xFF, 0xFE, 0xFF, 0xFF, 0xFF, 0xEF, 0xFF, 0xFF, 0xFE, 0x02, 0xA9, 0x01, 0xAA, 0x00,
    0x2F, 0xE0, 0x2F, 0xF0, 0x01, 0xFF, 0x47, 0xFD, 0x00, 0x0F, 0xFF, 0xFF, 0xC0, 0x00, 0x3F, 0xFF,
    0xF0, 0x00, 0x00, 0x6F, 0xA4, 0x00, 0x00, 0x00, 0x00, 0x00, 0x00, 0x00, 0x1A, 0x50, 0x00, 0x00,
    0x7F, 0xFF, 0xE0, 0x00, 0x2F, 0xFF, 0xFF, 0xC0, 0x0B, 0xFF, 0xFF, 0xFF, 0x00, 0xFF, 0xE0, 0x3F,
    0xF4, 0x2F, 0xF8, 0x00, 0xFF, 0xC3, 0xFF, 0x00, 0x07, 0xFC, 0x3F, 0xF0, 0x00, 0x7F, 0xD7, 0xFF,
    0xFF, 0xFF, 0xFD, 0x7F, 0xFF, 0xFF, 0xFF, 0xD7, 0xFF, 0xFF, 0xFF, 0xFD, 0x7F, 0xF0, 0x00, 0x00,
    0x03, 0xFF, 0x00, 0x00, 0x00, 0x3F, 0xF4, 0x00, 0x00, 0x02, 0xFF, 0xC0, 0x00, 0x10, 0x0F, 0xFF,
    0x95, 0xBF, 0x40, 0x7F, 0xFF, 0xFF, 0xF4, 0x01, 0xFF, 0xFF, 0xFF, 0x40, 0x02, 0xFF, 0xFF, 0xD0,
    0x00, 0x00, 0x15, 0x00, 0x00, 0x00, 0x00, 0x00, 0x00, 0x00, 0x00, 0x00, 0x1B, 0xFF, 0xFE, 0x40,
    0x00, 0x02, 0xFF, 0xFF, 0xFF, 0xF4, 0x00, 0x0F, 0xFF, 0xFF, 0xFF, 0xFD, 0x00, 0x0F, 0xFF, 0xFF,
    0xFF, 0xFF, 0x40, 0x0F, 0xF9, 0x40, 0x1B, 0xFF, 0xD0, 0x0F, 0x40, 0x00, 0x00, 0xFF, 0xF0, 0x04,
    0x00, 0x00, 0x00, 0x3F, 0xF4, 0x00, 0x00, 0x00, 0x00, 0x2F, 0xF8, 0x00, 0x00, 0x00, 0x00, 0x1F,
    0xFC, 0x00, 0x00, 0x00, 0x00, 0x0F, 0xFC, 0x2A, 0xAA, 0xAA, 0xAA, 0xAF, 0xFC, 0x7F, 0xFF, 0xFF,
    0xFF, 0xFF, 0xFD, 0x7F, 0xFF, 0xFF, 0xFF, 0xFF, 0xFD, 0x7F, 0xFF, 0xFF, 0xFF, 0xFF, 0xFC, 0x3F,
    0xFA, 0xAA, 0xAA, 0xAF, 0xFC, 0x3F, 0xF0, 0x00, 0x00, 0x0F, 0xFC, 0x3F, 0xF0, 0x00, 0x00, 0x1F,
    0xFC, 0x1F, 0xF4, 0x00, 0x00, 0x3F, 0xF4, 0x0F, 0xFC, 0x00, 0x00, 0xBF, 0xF0, 0x0B, 0xFF, 0x40,
    0x07, 0xFF, 0xE0, 0x03, 0xFF, 0xFF, 0xFF, 0xFF, 0xC0, 0x00, 0xFF, 0xFF, 0xFF, 0xFF, 0x00, 0x00,
    0x3F, 0xFF, 0xFF, 0xF8, 0x00, 0x00, 0x06, 0xFF, 0xFF, 0x80, 0x00, 0x00, 0x00, 0x05, 0x40, 0x00,
    0x00, 0x00, 0x16, 0x94, 0x00, 0x00, 0xBF, 0xFF, 0xF8, 0x00, 0x1F, 0xFF, 0xFF, 0xF4, 0x01, 0xFF,
    0xFF, 0xFF, 0xD0, 0x1F, 0x90, 0x6F, 0xFF, 0x00, 0x00, 0x00, 0x3F, 0xF8, 0x00, 0x00, 0x00, 0xFF,
    0xC0, 0x00, 0x00, 0x0F, 0xFC, 0x15, 0x55, 0x55, 0xFF, 0xD7, 0xFF, 0xFF, 0xFF, 0xFD, 0x7F, 0xFF,
    0xFF, 0xFF, 0xD7, 0xFF, 0xFF, 0xFF, 0xFC, 0x7F, 0xD0, 0x00, 0xFF, 0xC3, 0xFD, 0x00, 0x0F, 0xFC,
    0x3F, 0xF0, 0x03, 0xFF, 0x81, 0xFF, 0xD5, 0xFF, 0xF0, 0x0F, 0xFF, 0xFF, 0xFD, 0x00, 0x3F, 0xFF,
    0xFF, 0x40, 0x00, 0x7F, 0xFF, 0x80, 0x00, 0x00, 0x15, 0x00, 0x00, 0x00, 0x00, 0x00, 0x00, 0x00,
    0x00, 0x00, 0x0B, 0xE0, 0x1F, 0xC0, 0x00, 0x00, 0x0F, 0xF4, 0x3F, 0xE0, 0x00, 0x00, 0x0F, 0xF4,
    0x3F, 0xE0, 0x00, 0x00, 0x0B, 0xF0, 0x2F, 0xC0, 0x00, 0x00, 0x00, 0x40, 0x01, 0x00, 0x00, 0x00,
    0x00, 0x00, 0x00, 0x00, 0x00, 0x00, 0x00, 0x00, 0x00, 0x00, 0x00, 0x00, 0x1B, 0xFF, 0xFE, 0x40,
    0x00, 0x02, 0xFF, 0xFF, 0xFF, 0xF4, 0x00, 0x0F, 0xFF, 0xFF, 0xFF, 0xFD, 0x00, 0x0F, 0xFF, 0xFF,
    0xFF, 0xFF, 0x40, 0x0F, 0xF9, 0x40, 0x1B, 0xFF, 0xD0, 0x0F, 0x40, 0x00, 0x00, 0xFF, 0xF0, 0x04,
    0x00, 0x00, 0x00, 0x3F, 0xF4, 0x00, 0x00, 0x00, 0x00, 0x2F, 0xF8, 0x00, 0x00, 0x00, 0x00, 0x1F,
    0xFC, 0x00, 0x00, 0x00, 0x00, 0x0F, 0xFC, 0x2A, 0xAA, 0xAA, 0xAA, 0xAF, 0xFC, 0x7F, 0xFF, 0xFF,
    0xFF, 0xFF, 0xFD, 0x7F, 0xFF, 0xFF, 0xFF, 0xFF, 0xFD, 0x7F, 0xFF, 0xFF, 0xFF, 0xFF, 0xFC, 0x3F,
    0xFA, 0xAA, 0xAA, 0xAF, 0xFC, 0x3F, 0xF0, 0x00, 0x00, 0x0F, 0xFC, 0x3F, 0xF0, 0x00, 0x00, 0x1F,
    0xFC, 0x1F, 0xF4, 0x00, 0x00, 0x3F, 0xF4, 0x0F, 0xFC, 0x00, 0x00, 0xBF, 0xF0, 0x0B, 0xFF, 0x40,
    0x07, 0xFF, 0xE0, 0x03, 0xFF, 0xFF, 0xFF, 0xFF, 0xC0, 0x00, 0xFF, 0xFF, 0xFF, 0xFF, 0x00, 0x00,
    0x3F, 0xFF, 0xFF, 0xF8, 0x00, 0x00, 0x06, 0xFF, 0xFF, 0x80, 0x00, 0x00, 0x00, 0x05, 0x40, 0x00,
    0x00, 0x00, 0x00, 0x00, 0x00, 0x00, 0x2F, 0x80, 0x7F, 0x00, 0x03, 0xFD, 0x0F, 0xF8, 0x00, 0x3F,
    0xD0, 0xFF, 0x80, 0x02, 0xFC, 0x0B, 0xF0, 0x00, 0x01, 0x00, 0x04, 0x00, 0x00, 0x00, 0x00, 0x00,
    0x00, 0x01, 0x69, 0x40, 0x00, 0x0B, 0xFF, 0xFF, 0x80, 0x01, 0xFF, 0xFF, 0xFF, 0x40, 0x1F, 0xFF,
    0xFF, 0xFD, 0x01, 0xF9, 0x06, 0xFF, 0xF0, 0x00, 0x00, 0x03, 0xFF, 0x80, 0x00, 0x00, 0x0F, 0xFC,
    0x00, 0x00, 0x00, 0xFF, 0xC1, 0x55, 0x55, 0x5F, 0xFD, 0x7F, 0xFF, 0xFF, 0xFF, 0xD7, 0xFF, 0xFF,
    0xFF, 0xFD, 0x7F, 0xFF, 0xFF, 0xFF, 0xC7, 0xFD, 0x00, 0x0F, 0xFC, 0x3F, 0xD0, 0x00, 0xFF, 0xC3,
    0xFF, 0x00, 0x3F, 0xF8, 0x1F, 0xFD, 0x5F, 0xFF, 0x00, 0xFF, 0xFF, 0xFF, 0xD0, 0x03, 0xFF, 0xFF,
    0xF4, 0x00, 0x07, 0xFF, 0xF8, 0x00, 0x00, 0x01, 0x50, 0x00, 0x00, 0x00, 0x00, 0x00, 0x00, 0x00,
    0x00, 0x00, 0x00, 0x00, 0x00, 0x00, 0xBE, 0x01, 0xFC, 0x00, 0x00, 0x00, 0x00, 0x00, 0x3F, 0xC0,
    0xFF, 0x40, 0x00, 0x00, 0x00, 0x00, 0x0F, 0xF4, 0x3F, 0xD0, 0x00, 0x00, 0x00, 0x00, 0x03, 0xFC,
    0x0B, 0xF0, 0x00, 0x00, 0x00, 0x00, 0x00, 0x00, 0x00, 0x10, 0x00, 0x00, 0x00, 0x00, 0x00, 0x00,
    0x00, 0x00, 0x00, 0x00, 0x00, 0x00, 0x00, 0x00, 0x00, 0x00, 0x00, 0x00, 0x00, 0x2F, 0xF4, 0x00,
    0x0B, 0xFC, 0x00, 0x07, 0xFE, 0x03, 0xFF, 0x00, 0x03, 0xFF, 0x00, 0x03, 0xFF, 0x40, 0x7F, 0xF0,
    0x00, 0xFF, 0xC0, 0x02, 0xFF, 0x80, 0x0F, 0xFD, 0x00, 0x3F, 0xF0, 0x00, 0xFF, 0xC0, 0x00, 0xFF,
    0xC0, 0x0F, 0xFC, 0x00, 0xFF, 0xD0, 0x00, 0x1F, 0xF8, 0x03, 0xFF, 0x00, 0xBF, 0xE0, 0x00, 0x03,
    0xFF, 0x40, 0xFF, 0xC0, 0x3F, 0xF0, 0x00, 0x00, 0x3F, 0xF0, 0x3F, 0xF0, 0x3F, 0xF4, 0x00, 0x00,
    0x0B, 0xFE, 0x0F, 0xFC, 0x1F, 0xF8, 0x00, 0x00, 0x00, 0xFF, 0xE7, 0xFF, 0x9F, 0xFC, 0x00, 0x00,
    0x00, 0x0F, 0xFF, 0xFF, 0xFF, 0xFD, 0x00, 0x00, 0x00, 0x03, 0xFF, 0xFF, 0xFF, 0xFF, 0x00, 0x00,
    0x00, 0x01, 0xFF, 0xFF, 0xFF, 0xFF, 0xE0, 0x00, 0x00, 0x00, 0xFF, 0xFB, 0xFF, 0xFF, 0xFC, 0x00,
    0x00, 0x00, 0xBF, 0xF0, 0xFF, 0xC3, 0xFF, 0xC0, 0x00, 0x00, 0x7F, 0xF4, 0x3F, 0xF0, 0x3F, 0xF8,
    0x00, 0x00, 0x3F, 0xF8, 0x0F, 0xFC, 0x0B, 0xFF, 0x00, 0x00, 0x2F, 0xFC, 0x03, 0xFF, 0x00, 0xFF,
    0xF0, 0x00, 0x0F, 0xFD, 0x00, 0xFF, 0xC0, 0x1F, 0xFD, 0x00, 0x0F, 0xFF, 0x00, 0x3F, 0xF0, 0x02,
    0xFF, 0xC0, 0x07, 0xFF, 0x00, 0x0F, 0xFC, 0x00, 0x3F, 0xF8, 0x03, 0xFF, 0x80, 0x03, 0xFF, 0x00,
    0x07, 0xFF, 0x43, 0xFF, 0xC0, 0x00, 0xFF, 0xC0, 0x00, 0xBF, 0xF1, 0xFF, 0xD0, 0x00, 0x3F, 0xF0,
    0x00, 0x0F, 0xFE, 0x00, 0x00, 0x00, 0x00, 0x00, 0x00, 0x00, 0x00, 0x00, 0x0F, 0xD0, 0x2F, 0x80,
    0x00, 0x00, 0x00, 0x07, 0xFC, 0x0F, 0xF0, 0x00, 0x00, 0x00, 0x01, 0xFF, 0x07, 0xFD, 0x00, 0x00,
    0x00, 0x00, 0x3F, 0x80, 0xFF, 0x00, 0x00, 0x00, 0x00, 0x01, 0x00, 0x00, 0x00, 0x00, 0x00, 0x00,
    0x00, 0x00, 0x00, 0x00, 0x00, 0x00, 0x00, 0x00, 0x00, 0x00, 0x00, 0x00, 0x00, 0x2F, 0xF4, 0x00,
    0xFF, 0x80, 0x07, 0xFE, 0x03, 0xFF, 0x00, 0x3F, 0xE0, 0x03, 0xFF, 0x00, 0x7F, 0xE0, 0x0F, 0xF8,
    0x03, 0xFF, 0x00, 0x0B, 0xFD, 0x03, 0xFE, 0x01, 0xFF, 0x80, 0x00, 0xFF, 0xC0, 0xFF, 0x80, 0xFF,
    0xC0, 0x00, 0x1F, 0xF8, 0x3F, 0xE0, 0xFF, 0xC0, 0x00, 0x02, 0xFF, 0x4F, 0xFC, 0xBF, 0xD0, 0x00,
    0x00, 0x3F, 0xFF, 0xFF, 0xFF, 0xF0, 0x00, 0x00, 0x07, 0xFF, 0xFF, 0xFF, 0xF4, 0x00, 0x00, 0x03,
    0xFF, 0xFF, 0xFF, 0xFF, 0x00, 0x00, 0x02, 0xFF, 0xEF, 0xFE, 0xFF, 0xE0, 0x00, 0x01, 0xFF, 0xC3,
    0xFE, 0x0F, 0xFD, 0x00, 0x00, 0xFF, 0xD0, 0xFF, 0x82, 0xFF, 0xC0, 0x00, 0xBF, 0xF0, 0x3F, 0xE0,
    0x3F, 0xF8, 0x00, 0x7F, 0xF0, 0x0F, 0xF8, 0x07, 0xFF, 0x40, 0x3F, 0xF4, 0x03, 0xFE, 0x00, 0xBF,
    0xF0, 0x3F, 0xFC, 0x00, 0xFF, 0x80, 0x0F, 0xFE, 0x1F, 0xFC, 0x00, 0x3F, 0xE0, 0x01, 0xFF, 0xD0,
    0x00, 0x00, 0x00, 0x00, 0x00, 0xBE, 0x01, 0xF8, 0x00, 0x3F, 0xC0, 0xFF, 0x40, 0x1F, 0xF0, 0x3F,
    0xD0, 0x03, 0xFC, 0x0B, 0xF0, 0x00, 0x00, 0x00, 0x10, 0x00, 0x00, 0x00, 0x00, 0x00, 0x00, 0x00,
    0x00, 0x00, 0x06, 0xFF, 0xFE, 0x40, 0x1F, 0xFF, 0xFF, 0xFC, 0x07, 0xFF, 0xFF, 0xFF, 0xC0, 0xFF,
    0xFF, 0xFF, 0xFC, 0x2F, 0x40, 0x1F, 0xFF, 0x00, 0x00, 0x00, 0xFF, 0xD0, 0x00, 0x00, 0x2F, 0xF4,
    0x00, 0x00, 0x0B, 0xFC, 0x00, 0x00, 0x07, 0xFF, 0x00, 0x15, 0x5B, 0xFF, 0x00, 0x2F, 0xFF, 0xFF,
    0x00, 0x0B, 0xFF, 0xFD, 0x00, 0x02, 0xFF, 0xFF, 0xF4, 0x00, 0x6A, 0xFF, 0xFF, 0x80, 0x00, 0x00,
    0xBF, 0xF4, 0x00, 0x00, 0x0B, 0xFF, 0x00, 0x00, 0x00, 0xFF, 0xC0, 0x00, 0x00, 0x3F, 0xF0, 0x00,
    0x00, 0x2F, 0xFD, 0xD4, 0x00, 0x2F, 0xFE, 0x7F, 0xFF, 0xFF, 0xFF, 0x1F, 0xFF, 0xFF, 0xFF, 0x47,
    0xFF, 0xFF, 0xFF, 0x40, 0x7F, 0xFF, 0xFD, 0x00, 0x00, 0x05, 0x40, 0x00, 0x00, 0x00, 0x00, 0x00,
    0x00, 0x3F, 0x40, 0xBE, 0x01, 0xFF, 0x07, 0xFC, 0x07, 0xFC, 0x1F, 0xF0, 0x0F, 0xE0, 0x3F, 0xC0,
    0x04, 0x00, 0x00, 0x00, 0x00, 0x00, 0x00, 0x00, 0x16, 0x94, 0x00, 0x6F, 0xFF, 0xFF, 0x02, 0xFF,
    0xFF, 0xFF, 0x43, 0xFF, 0xFF, 0xFF, 0x0F, 0x90, 0x1F, 0xFD, 0x00, 0x00, 0x2F, 0xF4, 0x00, 0x00,
    0xBF, 0xC0, 0x00, 0x0B, 0xFE, 0x00, 0xFF, 0xFF, 0xE0, 0x03, 0xFF, 0xFD, 0x00, 0x0F, 0xFF, 0xFF,
    0x40, 0x15, 0x5B, 0xFF, 0x00, 0x00, 0x07, 0xFE, 0x00, 0x00, 0x0F, 0xFD, 0x00, 0x00, 0xBF, 0xFB,
    0xEA, 0xAF, 0xFF, 0xAF, 0xFF, 0xFF, 0xFC, 0xBF, 0xFF, 0xFF, 0xD1, 0xBF, 0xFF, 0xF8, 0x00, 0x01,
    0x50, 0x00, 0x00, 0x0F, 0xFF, 0xFF, 0xFF, 0xD0, 0x7F, 0xFF, 0xFF, 0xFF, 0x41, 0xFF, 0xFF, 0xFF,
    0xFD, 0x07, 0xFF, 0xFF, 0xFF, 0xF0, 0x05, 0x55, 0x5F, 0xFF, 0x40, 0x00, 0x00, 0xBF, 0xF0, 0x00,
    0x00, 0x0B, 0xFF, 0x00, 0x00, 0x00, 0xBF, 0xF0, 0x00, 0x00, 0x0F, 0xFF, 0x00, 0x00, 0x00, 0xFF,
    0xF0, 0x00, 0x00, 0x07, 0xFF, 0xF9, 0x00, 0x00, 0x1F, 0xFF, 0xFF, 0x80, 0x00, 0x7F, 0xFF, 0xFF,
    0x80, 0x00, 0xAA, 0xBF, 0xFF, 0x40, 0x00, 0x00, 0x1F, 0xFF, 0x00, 0x00, 0x00, 0x0F, 0xFC, 0x00,
    0x00, 0x00, 0x2F, 0xF4, 0x00, 0x00, 0x00, 0xBF, 0xD0, 0x00, 0x00, 0x03, 0xFF, 0x0E, 0x40, 0x00,
    0x7F, 0xFC, 0x3F, 0xFE, 0xBF, 0xFF, 0xD0, 0xFF, 0xFF, 0xFF, 0xFE, 0x03, 0xFF, 0xFF, 0xFF, 0xE0,
    0x02, 0xFF, 0xFF, 0xF8, 0x00, 0x00, 0x05, 0x50, 0x00, 0x00, 0x00, 0x00, 0x00, 0x00, 0x00, 0x7F,
    0xFF, 0xFF, 0xFF, 0x41, 0xFF, 0xFF, 0xFF, 0xFD, 0x07, 0xFF, 0xFF, 0xFF, 0xF4, 0x0A, 0xAA, 0xAB,
    0xFF, 0xC0, 0x00, 0x00, 0x2F, 0xF8, 0x00, 0x00, 0x03, 0xFF, 0x80, 0x00, 0x00, 0x3F, 0xF8, 0x00,
    0x00, 0x03, 0xFF, 0x80, 0x00, 0x00, 0x3F, 0xF4, 0x00, 0x00, 0x03, 0xFF, 0x80, 0x00, 0x00, 0x1F,
    0xFF, 0xF4, 0x00, 0x00, 0x7F, 0xFF, 0xFC, 0x00, 0x01, 0xFF, 0xFF, 0xFC, 0x00, 0x01, 0x56, 0xFF,
    0xFC, 0x00, 0x00, 0x00, 0xBF, 0xF4, 0x00, 0x00, 0x00, 0xBF, 0xF0, 0x00, 0x00, 0x00, 0xFF, 0xC0,
    0x00, 0x00, 0x03, 0xFF, 0x00, 0x00, 0x00, 0x0F, 0xFC, 0x00, 0x00, 0x00, 0x7F, 0xF0, 0x40, 0x00,
    0x03, 0xFF, 0x83, 0xE4, 0x00, 0x7F, 0xFD, 0x0F, 0xFF, 0xFF, 0xFF, 0xE0, 0x3F, 0xFF, 0xFF, 0xFF,
    0x00, 0xFF, 0xFF, 0xFF, 0xE0, 0x00, 0x1B, 0xFF, 0xE4, 0x00, 0x00, 0x00, 0x15, 0x55, 0x55, 0x00,
    0x00, 0x1F, 0xFF, 0xFF, 0x80, 0x00, 0x07, 0xFF, 0xFF, 0xE0, 0x00, 0x01, 0xFF, 0xFF, 0xF8, 0x00,
    0x00, 0x00, 0x00, 0x00, 0x00, 0x00, 0x00, 0x00, 0x00, 0x00, 0x0F, 0xFC, 0x00, 0x00, 0xFF, 0xF3,
    0xFF, 0x00, 0x00, 0xBF, 0xFC, 0xFF, 0xC0, 0x00, 0x3F, 0xFF, 0x3F, 0xF0, 0x00, 0x2F, 0xFF, 0xCF,
    0xFC, 0x00, 0x0F, 0xFF, 0xF3, 0xFF, 0x00, 0x0B, 0xFF, 0xFC, 0xFF, 0xC0, 0x03, 0xFF, 0xFF, 0x3F,
    0xF0, 0x03, 0xFE, 0xBF, 0xCF, 0xFC, 0x01, 0xFF, 0x2F, 0xF3, 0xFF, 0x00, 0xFF, 0x8B, 0xFC, 0xFF,
    0xC0, 0x7F, 0xC3, 0xFF, 0x3F, 0xF0, 0x3F, 0xE0, 0xFF, 0xCF, 0xFC, 0x1F, 0xF0, 0x3F, 0xF3, 0xFF,
    0x0F, 0xF8, 0x0F, 0xFC, 0xFF, 0xC7, 0xFC, 0x03, 0xFF, 0x3F, 0xF3, 0xFE, 0x00, 0xFF, 0xCF, 0xFD,
    0xFF, 0x00, 0x3F, 0xF3, 0xFF, 0xFF, 0x80, 0x0F, 0xFC, 0xFF, 0xFF, 0xC0, 0x03, 0xFF, 0x3F, 0xFF,
    0xE0, 0x00, 0xFF, 0xCF, 0xFF, 0xF0, 0x00, 0x3F, 0xF3, 0xFF, 0xF8, 0x00, 0x0F, 0xFC, 0xFF, 0xFC,
    0x00, 0x03, 0xFF, 0x3F, 0xFE, 0x00, 0x00, 0xFF, 0xC0, 0x00, 0x55, 0x55, 0x54, 0x00, 0x1F, 0xFF,
    0xFF, 0xC0, 0x01, 0xFF, 0xFF, 0xFC, 0x00, 0x0F, 0xFF, 0xFF, 0x80, 0x00, 0x00, 0x00, 0x00, 0x00,
    0x00, 0x00, 0x00, 0x00, 0x7F, 0xE0, 0x01, 0xFF, 0xF7, 0xFE, 0x00, 0x3F, 0xFF, 0x7F, 0xE0, 0x07,
    0xFF, 0xF7, 0xFE, 0x00, 0xFF, 0xFF, 0x7F, 0xE0, 0x1F, 0xFF, 0xF7, 0xFE, 0x03, 0xFF, 0xFF, 0x7F,
    0xE0, 0x7F, 0xBF, 0xF7, 0xFD, 0x0F, 0xF3, 0xFF, 0x7F, 0xD2, 0xFD, 0x3F, 0xF7, 0xFD, 0x3F, 0xC3,
    0xFF, 0x7F, 0xDB, 0xF4, 0x3F, 0xF7, 0xFD, 0xFF, 0x03, 0xFF, 0x7F, 0xFF, 0xD0, 0x3F, 0xF7, 0xFF,
    0xF8, 0x03, 0xFF, 0x7F, 0xFF, 0x00, 0x3F, 0xF7, 0xFF, 0xE0, 0x03, 0xFF, 0x7F, 0xFC, 0x00, 0x3F,
    0xF7, 0xFF, 0x80, 0x03, 0xFF, 0x00, 0x00, 0x00, 0x00, 0x00, 0x00, 0x0F, 0xC0, 0x3F, 0x40, 0x00,
    0x0B, 0xF8, 0x2F, 0xF0, 0x00, 0x03, 0xFE, 0x0B, 0xFC, 0x00, 0x00, 0x7F, 0x40, 0xFD, 0x00, 0x00,
    0x01, 0x00, 0x04, 0x00, 0x00, 0x00, 0x00, 0x00, 0x00, 0x00, 0x00, 0x00, 0x00, 0x00, 0x00, 0xFF,
    0xC0, 0x00, 0x0F, 0xFF, 0x3F, 0xF0, 0x00, 0x0B, 0xFF, 0xCF, 0xFC, 0x00, 0x03, 0xFF, 0xF3, 0xFF,
    0x00, 0x02, 0xFF, 0xFC, 0xFF, 0xC0, 0x00, 0xFF, 0xFF, 0x3F, 0xF0, 0x00, 0xBF, 0xFF, 0xCF, 0xFC,
    0x00, 0x3F, 0xFF, 0xF3, 0xFF, 0x00, 0x3F, 0xEB, 0xFC, 0xFF, 0xC0, 0x1F, 0xF2, 0xFF, 0x3F, 0xF0,
    0x0F, 0xF8, 0xBF, 0xCF, 0xFC, 0x07, 0xFC, 0x3F, 0xF3, 0xFF, 0x03, 0xFE, 0x0F, 0xFC, 0xFF, 0xC1,
    0xFF, 0x03, 0xFF, 0x3F, 0xF0, 0xFF, 0x80, 0xFF, 0xCF, 0xFC, 0x7F, 0xC0, 0x3F, 0xF3, 0xFF, 0x3F,
    0xE0, 0x0F, 0xFC, 0xFF, 0xDF, 0xF0, 0x03, 0xFF, 0x3F, 0xFF, 0xF8, 0x00, 0xFF, 0xCF, 0xFF, 0xFC,
    0x00, 0x3F, 0xF3, 0xFF, 0xFE, 0x00, 0x0F, 0xFC, 0xFF, 0xFF, 0x00, 0x03, 0xFF, 0x3F, 0xFF, 0x80,
    0x00, 0xFF, 0xCF, 0xFF, 0xC0, 0x00, 0x3F, 0xF3, 0xFF, 0xE0, 0x00, 0x0F, 0xFC, 0x00, 0x00, 0x00,
    0x00, 0x00, 0x0F, 0xD0, 0x3F, 0x40, 0x02, 0xFF, 0x07, 0xFC, 0x00, 0x2F, 0xF0, 0x7F, 0xC0, 0x01,
    0xFD, 0x03, 0xF8, 0x00, 0x01, 0x00, 0x04, 0x00, 0x00, 0x00, 0x00, 0x00, 0x00, 0x00, 0x00, 0x00,
    0x00, 0x7F, 0xE0, 0x01, 0xFF, 0xF7, 0xFE, 0x00, 0x3F, 0xFF, 0x7F, 0xE0, 0x07, 0xFF, 0xF7, 0xFE,
    0x00, 0xFF, 0xFF, 0x7F, 0xE0, 0x1F, 0xFF, 0xF7, 0xFE, 0x03, 0xFF, 0xFF, 0x7F, 0xE0, 0x7F, 0xBF,
    0xF7, 0xFD, 0x0F, 0xF3, 0xFF, 0x7F, 0xD2, 0xFD, 0x3F, 0xF7, 0xFD, 0x3F, 0xC3, 0xFF, 0x7F, 0xDB,
    0xF4, 0x3F, 0xF7, 0xFD, 0xFF, 0x03, 0xFF, 0x7F, 0xFF, 0xD0, 0x3F, 0xF7, 0xFF, 0xF8, 0x03, 0xFF,
    0x7F, 0xFF, 0x00, 0x3F, 0xF7, 0xFF, 0xE0, 0x03, 0xFF, 0x7F, 0xFC, 0x00, 0x3F, 0xF7, 0xFF, 0x80,
    0x03, 0xFF, 0x00, 0x00, 0x00, 0x00, 0x00, 0x00, 0x00, 0x03, 0xF4, 0x0F, 0xD0, 0x00, 0x00, 0x0B,
    0xFC, 0x1F, 0xF0, 0x00, 0x00, 0x0B, 0xFC, 0x1F, 0xF0, 0x00, 0x00, 0x07, 0xF4, 0x0F, 0xE0, 0x00,
    0x00, 0x00, 0x40, 0x01, 0x00, 0x00, 0x00, 0x00, 0x00, 0x00, 0x00, 0x00, 0x00, 0x00, 0x00, 0x00,
    0x00, 0x00, 0x00, 0x01, 0xBF, 0xFF, 0x80, 0x00, 0x00, 0x1F, 0xFF, 0xFF, 0xF8, 0x00, 0x00, 0xBF,
    0xFF, 0xFF, 0xFF, 0x00, 0x02, 0xFF, 0xFF, 0xFF, 0xFF, 0xC0, 0x07, 0xFF, 0xE4, 0x07, 0xFF, 0xE0,
    0x0F, 0xFF, 0x40, 0x00, 0xFF, 0xF0, 0x1F, 0xFD, 0x00, 0x00, 0x3F, 0xF8, 0x2F, 0xFC, 0x00, 0x00,
    0x2F, 0xFC, 0x3F, 0xF8, 0x00, 0x00, 0x1F, 0xFC, 0x3F, 0xF4, 0x00, 0x00, 0x0F, 0xFD, 0x3F, 0xF4,
    0x00, 0x00, 0x0F, 0xFD, 0x3F, 0xF0, 0x00, 0x00, 0x0F, 0xFD, 0x3F, 0xF0, 0x00, 0x00, 0x0F, 0xFD,
    0x3F, 0xF4, 0x00, 0x00, 0x0F, 0xFD, 0x3F, 0xF4, 0x00, 0x00, 0x0F, 0xFD, 0x3F, 0xF8, 0x00, 0x00,
    0x0F, 0xFC, 0x2F, 0xFC, 0x00, 0x00, 0x2F, 0xFC, 0x1F, 0xFD, 0x00, 0x00, 0x3F, 0xF8, 0x0F, 0xFF,
    0x00, 0x00, 0xBF, 0xF4, 0x07, 0xFF, 0xE0, 0x07, 0xFF, 0xF0, 0x03, 0xFF, 0xFF, 0xFF, 0xFF, 0xC0,
    0x00, 0xFF, 0xFF, 0xFF, 0xFF, 0x40, 0x00, 0x2F, 0xFF, 0xFF, 0xFC, 0x00, 0x00, 0x02, 0xFF, 0xFF,
    0x90, 0x00, 0x00, 0x00, 0x01, 0x50, 0x00, 0x00, 0x00, 0x00, 0x00, 0x00, 0x00, 0x02, 0xF4, 0x0B,
    0xE0, 0x00, 0x1F, 0xF0, 0x3F, 0xC0, 0x00, 0x7F, 0xC0, 0xFF, 0x40, 0x00, 0xFE, 0x03, 0xFC, 0x00,
    0x00, 0x40, 0x00, 0x00, 0x00, 0x00, 0x00, 0x00, 0x00, 0x00, 0x00, 0x59, 0x40, 0x00, 0x00, 0x7F,
    0xFF, 0xE0, 0x00, 0x0B, 0xFF, 0xFF, 0xF4, 0x00, 0xBF, 0xFF, 0xFF, 0xF4, 0x03, 0xFF, 0xD5, 0xFF,
    0xF0, 0x2F, 0xFC, 0x00, 0xFF, 0xD0, 0xFF, 0xC0, 0x01, 0xFF, 0xC3, 0xFF, 0x00, 0x03, 0xFF, 0x1F,
    0xFC, 0x00, 0x0F, 0xFC, 0x7F, 0xE0, 0x00, 0x3F, 0xF1, 0xFF, 0x80, 0x00, 0xFF, 0xC7, 0xFF, 0x00,
    0x03, 0xFF, 0x0F, 0xFC, 0x00, 0x0F, 0xFC, 0x3F, 0xF4, 0x00, 0xBF, 0xE0, 0xBF, 0xF0, 0x03, 0xFF,
    0x40, 0xFF, 0xFA, 0xBF, 0xFC, 0x01, 0xFF, 0xFF, 0xFF, 0xC0, 0x01, 0xFF, 0xFF, 0xFC, 0x00, 0x00,
    0xBF, 0xFF, 0x80, 0x00, 0x00, 0x05, 0x40, 0x00, 0x00, 0x00, 0x00, 0x00, 0x00, 0x00, 0x00, 0x00,
    0x01, 0xBF, 0xFF, 0x80, 0x00, 0x00, 0x1F, 0xFF, 0xFF, 0xF8, 0x00, 0x00, 0xBF, 0xFF, 0xFF, 0xFF,
    0x00, 0x02, 0xFF, 0xFF, 0xFF, 0xFF, 0xC0, 0x07, 0xFF, 0xD0, 0x02, 0xFF, 0xE0, 0x0F, 0xFE, 0x00,
    0x00, 0x7F, 0xF0, 0x1F, 0xFC, 0x00, 0x00, 0x2F, 0xF8, 0x2F, 0xF4, 0x00, 0x00, 0x0F, 0xFC, 0x3F,
    0xF0, 0x00, 0x00, 0x0F, 0xFC, 0x3F, 0xF0, 0x00, 0x00, 0x0B, 0xFD, 0x3F, 0xFF, 0xFF, 0xFF, 0xFF,
    0xFD, 0x3F, 0xFF, 0xFF, 0xFF, 0xFF, 0xFD, 0x3F, 0xFF, 0xFF, 0xFF, 0xFF, 0xFD, 0x3F, 0xFF, 0xFF,
    0xFF, 0xFF, 0xFD, 0x3F, 0xF0, 0x00, 0x00, 0x0B, 0xFD, 0x3F, 0xF0, 0x00, 0x00, 0x0F, 0xFC, 0x2F,
    0xF4, 0x00, 0x00, 0x0F, 0xFC, 0x1F, 0xFC, 0x00, 0x00, 0x1F, 0xF8, 0x0F, 0xFE, 0x00, 0x00, 0x3F,
    0xF4, 0x07, 0xFF, 0x80, 0x01, 0xFF, 0xF0, 0x03, 0xFF, 0xFF, 0xFF, 0xFF, 0xC0, 0x00, 0xFF, 0xFF,
    0xFF, 0xFF, 0x40, 0x00, 0x2F, 0xFF, 0xFF, 0xFC, 0x00, 0x00, 0x02, 0xFF, 0xFF, 0x90, 0x00, 0x00,
    0x00, 0x01, 0x50, 0x00, 0x00, 0x00, 0x01, 0x65, 0x00, 0x00, 0x01, 0xFF, 0xFF, 0x80, 0x00, 0x2F,
    0xFF, 0xFF, 0xD0, 0x02, 0xFF, 0xFF, 0xFF, 0xC0, 0x1F, 0xFF, 0x9B, 0xFF, 0xC0, 0xFF, 0xE0, 0x03,
    0xFF, 0x43, 0xFF, 0x00, 0x07, 0xFE, 0x1F, 0xFC, 0x00, 0x0F, 0xFC, 0x7F, 0xFF, 0xFF, 0xFF, 0xF1,
    0xFF, 0xFF, 0xFF, 0xFF, 0xC7, 0xFF, 0xFF, 0xFF, 0xFF, 0x1F, 0xFE, 0xAA, 0xAF, 0xFC, 0x7F, 0xF0,
    0x00, 0x3F, 0xF0, 0xFF, 0xC0, 0x02, 0xFF, 0x82, 0xFF, 0xC0, 0x1F, 0xFD, 0x03, 0xFF, 0xFB, 0xFF,
    0xF0, 0x07, 0xFF, 0xFF, 0xFF, 0x00, 0x07, 0xFF, 0xFF, 0xF0, 0x00, 0x02, 0xFF, 0xFD, 0x00, 0x00,
    0x00, 0x15, 0x00, 0x00, 0x00, 0x00, 0x00, 0x00, 0x00, 0x00, 0x00, 0x03, 0xF4, 0x0F, 0xD0, 0x00,
    0x00, 0x0B, 0xFC, 0x1F, 0xF0, 0x00, 0x00, 0x0B, 0xFC, 0x2F, 0xF0, 0x00, 0x00, 0x07, 0xF4, 0x0F,
    0xE0, 0x00, 0x00, 0x00, 0x40, 0x01, 0x00, 0x00, 0x00, 0x00, 0x00, 0x00, 0x00, 0x00, 0x00, 0x00,
    0x00, 0x00, 0x00, 0x00, 0x00, 0x01, 0xBF, 0xFF, 0x80, 0x00, 0x00, 0x1F, 0xFF, 0xFF, 0xF8, 0x00,
    0x00, 0xBF, 0xFF, 0xFF, 0xFF, 0x00, 0x02, 0xFF, 0xFF, 0xFF, 0xFF, 0xC0, 0x07, 0xFF, 0xD0, 0x02,
    0xFF, 0xE0, 0x0F, 0xFE, 0x00, 0x00, 0x7F, 0xF0, 0x1F, 0xFC, 0x00, 0x00, 0x2F, 0xF8, 0x2F, 0xF4,
    0x00, 0x00, 0x0F, 0xFC, 0x3F, 0xF0, 0x00, 0x00, 0x0F, 0xFC, 0x3F, 0xF0, 0x00, 0x00, 0x0B, 0xFD,
    0x3F, 0xFF, 0xFF, 0xFF, 0xFF, 0xFD, 0x3F, 0xFF, 0xFF, 0xFF, 0xFF, 0xFD, 0x3F, 0xFF, 0xFF, 0xFF,
    0xFF, 0xFD, 0x3F, 0xFF, 0xFF, 0xFF, 0xFF, 0xFD, 0x3F, 0xF0, 0x00, 0x00, 0x0B, 0xFD, 0x3F, 0xF0,
    0x00, 0x00, 0x0F, 0xFC, 0x2F, 0xF4, 0x00, 0x00, 0x0F, 0xFC, 0x1F, 0xFC, 0x00, 0x00, 0x1F, 0xF8,
    0x0F, 0xFE, 0x00, 0x00, 0x3F, 0xF4, 0x07, 0xFF, 0x80, 0x01, 0xFF, 0xF0, 0x03, 0xFF, 0xFF, 0xFF,
    0xFF, 0xC0, 0x00, 0xFF, 0xFF, 0xFF, 0xFF, 0x40, 0x00, 0x2F, 0xFF, 0xFF, 0xFC, 0x00, 0x00, 0x02,
    0xFF, 0xFF, 0x90, 0x00, 0x00, 0x00, 0x01, 0x50, 0x00, 0x00, 0x00, 0x00, 0x00, 0x00, 0x00, 0x03,
    0xF4, 0x0B, 0xE0, 0x00, 0x1F, 0xF0, 0x3F, 0xC0, 0x00, 0x7F, 0xC1, 0xFF, 0x40, 0x00, 0xFE, 0x03,
    0xFC, 0x00, 0x00, 0x40, 0x00, 0x00, 0x00, 0x00, 0x00, 0x00, 0x00, 0x00, 0x00, 0x59, 0x40, 0x00,
    0x00, 0x7F, 0xFF, 0xE0, 0x00, 0x0B, 0xFF, 0xFF, 0xF4, 0x00, 0xBF, 0xFF, 0xFF, 0xF0, 0x07, 0xFF,
    0xE6, 0xFF, 0xF0, 0x3F, 0xF8, 0x00, 0xFF, 0xD0, 0xFF, 0xC0, 0x01, 0xFF, 0x87, 0xFF, 0x00, 0x03,
    0xFF, 0x1F, 0xFF, 0xFF, 0xFF, 0xFC, 0x7F, 0xFF, 0xFF, 0xFF, 0xF1, 0xFF, 0xFF, 0xFF, 0xFF, 0xC7,
    0xFF, 0xAA, 0xAB, 0xFF, 0x1F, 0xFC, 0x00, 0x0F, 0xFC, 0x3F, 0xF0, 0x00, 0xBF, 0xE0, 0xBF, 0xF0,
    0x07, 0xFF, 0x40, 0xFF, 0xFE, 0xFF, 0xFC, 0x01, 0xFF, 0xFF, 0xFF, 0xC0, 0x01, 0xFF, 0xFF, 0xFC,
    0x00, 0x00, 0xBF, 0xFF, 0x40, 0x00, 0x00, 0x05, 0x40, 0x00, 0x00, 0x00, 0x00, 0x00, 0x00, 0x00,
    0x0F, 0xC0, 0x3F, 0x40, 0x00, 0xBF, 0x81, 0xFF, 0x00, 0x02, 0xFF, 0x0B, 0xFC, 0x00, 0x07, 0xF4,
    0x0F, 0xE0, 0x00, 0x01, 0x00, 0x04, 0x00, 0x00, 0x00, 0x00, 0x00, 0x00, 0x00, 0x00, 0x00, 0x00,
    0x00, 0x02, 0xFF, 0xFE, 0x40, 0x01, 0xFF, 0xFF, 0xFF, 0xD0, 0x07, 0xFF, 0xFF, 0xFF, 0xD0, 0x0F,
    0xFF, 0xFF, 0xFF, 0xD0, 0x1F, 0x90, 0x1B, 0xFF, 0xC0, 0x10, 0x00, 0x03, 0xFF, 0x80, 0x00, 0x00,
    0x07, 0xFF, 0x00, 0x00, 0x00, 0x0F, 0xFD, 0x00, 0x00, 0x00, 0x1F, 0xF8, 0x01, 0x55, 0x55, 0x7F,
    0xF0, 0x2F, 0xFF, 0xFF, 0xFF, 0xC0, 0xBF, 0xFF, 0xFF, 0xFF, 0x02, 0xFF, 0xFF, 0xFF, 0xFC, 0x0B,
    0xFF, 0xFF, 0xFF, 0xF0, 0x00, 0x00, 0x01, 0xFF, 0xC0, 0x00, 0x00, 0x0B, 0xFE, 0x00, 0x00, 0x00,
    0x3F, 0xF4, 0x00, 0x00, 0x01, 0xFF, 0xC0, 0x00, 0x00, 0x0F, 0xFF, 0x0E, 0x40, 0x02, 0xFF, 0xF4,
    0x3F, 0xFF, 0xFF, 0xFF, 0x80, 0xFF, 0xFF, 0xFF, 0xF8, 0x03, 0xFF, 0xFF, 0xFF, 0x40, 0x06, 0xFF,
    0xFF, 0xE0, 0x00, 0x00, 0x05, 0x40, 0x00, 0x00, 0x00, 0x00, 0x00, 0x00, 0x1F, 0xC0, 0x7F, 0x00,
    0x3F, 0xD0, 0xFF, 0x80, 0x3F, 0xD0, 0xFF, 0x80, 0x2F, 0xC0, 0x7F, 0x40, 0x01, 0x00, 0x04, 0x00,
    0x00, 0x00, 0x00, 0x00, 0x01, 0x69, 0x40, 0x00, 0x7F, 0xFF, 0xF8, 0x00, 0xBF, 0xFF, 0xFF, 0x40,
    0x3F, 0xFF, 0xFF, 0xD0, 0x2E, 0x56, 0xFF, 0xF0, 0x00, 0x00, 0x7F, 0xF4, 0x00, 0x00, 0x2F, 0xF8,
    0x00, 0x00, 0x0F, 0xFC, 0x03, 0xFF, 0xFF, 0xFC, 0x03, 0xFF, 0xFF, 0xFC, 0x03, 0xFF, 0xFF, 0xFC,
    0x01, 0x55, 0x5F, 0xFC, 0x00, 0x00, 0x1F, 0xFC, 0x00, 0x00, 0x3F, 0xF8, 0x40, 0x00, 0xBF, 0xF0,
    0xBF, 0xAB, 0xFF, 0xE0, 0xBF, 0xFF, 0xFF, 0xC0, 0xBF, 0xFF, 0xFF, 0x00, 0x6F, 0xFF, 0xF4, 0x00,
    0x00, 0x54, 0x00, 0x00, 0x00, 0x15, 0x55, 0x55, 0x00, 0x00, 0x02, 0xFF, 0xFF, 0xF4, 0x00, 0x00,
    0x2F, 0xFF, 0xFF, 0x40, 0x00, 0x02, 0xFF, 0xFF, 0xF4, 0x00, 0x00, 0x00, 0x00, 0x00, 0x00, 0x00,
    0x00, 0x00, 0x00, 0x00, 0x00, 0x7F, 0xE0, 0x00, 0x00, 0xBF, 0xD3, 0xFF, 0x40, 0x00, 0x0F, 0xFC,
    0x2F, 0xF8, 0x00, 0x01, 0xFF, 0x80, 0xFF, 0xC0, 0x00, 0x3F, 0xF0, 0x0B, 0xFD, 0x00, 0x03, 0xFE,
    0x00, 0x7F, 0xF0, 0x00, 0xBF, 0xC0, 0x03, 0xFF, 0x40, 0x0F, 0xFC, 0x00, 0x1F, 0xF8, 0x01, 0xFF,
    0x40, 0x00, 0xFF, 0xC0, 0x3F, 0xF0, 0x00, 0x07, 0xFD, 0x03, 0xFE, 0x00, 0x00, 0x3F, 0xF0, 0xBF,
    0xC0, 0x00, 0x01, 0xFF, 0x4F, 0xF8, 0x00, 0x00, 0x0F, 0xFD, 0xFF, 0x40, 0x00, 0x00, 0xBF, 0xFF,
    0xF0, 0x00, 0x00, 0x03, 0xFF, 0xFD, 0x00, 0x00, 0x00, 0x2F, 0xFF, 0xC0, 0x00, 0x00, 0x00, 0xFF,
    0xF8, 0x00, 0x00, 0x00, 0x0B, 0xFF, 0x00, 0x00, 0x00, 0x00, 0xFF, 0xE0, 0x00, 0x00, 0x00, 0x7F,
    0xFC, 0x00, 0x00, 0x0F, 0xFF, 0xFF, 0x40, 0x00, 0x00, 0xFF, 0xFF, 0xE0, 0x00, 0x00, 0x0F, 0xFF,
    0xF8, 0x00, 0x00, 0x00, 0xFF, 0xFD, 0x00, 0x00, 0x00, 0x00, 0x54, 0x00, 0x00, 0x00, 0x00, 0x00,
    0x15, 0x55, 0x55, 0x00, 0x00, 0x0F, 0xFF, 0xFF, 0xC0, 0x00, 0x03, 0xFF, 0xFF, 0xF0, 0x00, 0x00,
    0xFF, 0xFF, 0xFC, 0x00, 0x00, 0x00, 0x00, 0x00, 0x00, 0x00, 0x00, 0x00, 0x00, 0x00, 0x03, 0xFF,
    0x80, 0x00, 0x7F, 0xF0, 0x7F, 0xF0, 0x00, 0x2F, 0xF4, 0x0F, 0xFD, 0x00, 0x0F, 0xFC, 0x02, 0xFF,
    0x80, 0x07, 0xFE, 0x00, 0x3F, 0xF0, 0x02, 0xFF, 0x40, 0x0B, 0xFD, 0x00, 0xFF, 0xC0, 0x01, 0xFF,
    0x80, 0x7F, 0xE0, 0x00, 0x3F, 0xF0, 0x2F, 0xF0, 0x00, 0x0B, 0xFC, 0x0F, 0xFC, 0x00, 0x00, 0xFF,
    0x87, 0xFD, 0x00, 0x00, 0x2F, 0xF2, 0xFF, 0x00, 0x00, 0x07, 0xFC, 0xFF, 0x80, 0x00, 0x00, 0xFF,
    0xBF, 0xD0, 0x00, 0x00, 0x2F, 0xFF, 0xF0, 0x00, 0x00, 0x03, 0xFF, 0xF8, 0x00, 0x00, 0x00, 0xBF,
    0xFC, 0x00, 0x00, 0x00, 0x1F, 0xFF, 0x00, 0x00, 0x00, 0x03, 0xFF, 0x40, 0x00, 0x00, 0x00, 0xFF,
    0xC0, 0x00, 0x00, 0x00, 0x7F, 0xE0, 0x00, 0x00, 0x00, 0x3F, 0xF0, 0x00, 0x00, 0x10, 0x7F, 0xFC,
    0x00, 0x00, 0x0F, 0xFF, 0xFC, 0x00, 0x00, 0x03, 0xFF, 0xFD, 0x00, 0x00, 0x00, 0xFF, 0xFD, 0x00,
    0x00, 0x00, 0x2F, 0xF8, 0x00, 0x00, 0x00, 0x00, 0x00, 0x00, 0x00, 0x00, 0x00, 0x01, 0xFC, 0x07,
    0xF0, 0x00, 0x00, 0x3F, 0xD0, 0xFF, 0x80, 0x00, 0x03, 0xFD, 0x0F, 0xF8, 0x00, 0x00, 0x2F, 0xC0,
    0x7F, 0x40, 0x00, 0x00, 0x10, 0x00, 0x40, 0x00, 0x00, 0x00, 0x00, 0x00, 0x00, 0x00, 0x00, 0x00,
    0x00, 0x00, 0x00, 0x7F, 0xE0, 0x00, 0x00, 0xBF, 0xD3, 0xFF, 0x40, 0x00, 0x0F, 0xFC, 0x2F, 0xF8,
    0x00, 0x01, 0xFF, 0x80, 0xFF, 0xC0, 0x00, 0x3F, 0xF0, 0x0B, 0xFD, 0x00, 0x03, 0xFE, 0x00, 0x7F,
    0xF0, 0x00, 0xBF, 0xC0, 0x03, 0xFF, 0x40, 0x0F, 0xFC, 0x00, 0x1F, 0xF8, 0x01, 0xFF, 0x40, 0x00,
    0xFF, 0xC0, 0x3F, 0xF0, 0x00, 0x07, 0xFD, 0x03, 0xFE, 0x00, 0x00, 0x3F, 0xF0, 0xBF, 0xC0, 0x00,
    0x01, 0xFF, 0x4F, 0xF8, 0x00, 0x00, 0x0F, 0xFD, 0xFF, 0x40, 0x00, 0x00, 0xBF, 0xFF, 0xF0, 0x00,
    0x00, 0x03, 0xFF, 0xFD, 0x00, 0x00, 0x00, 0x2F, 0xFF, 0xC0, 0x00, 0x00, 0x00, 0xFF, 0xF8, 0x00,
    0x00, 0x00, 0x0B, 0xFF, 0x00, 0x00, 0x00, 0x00, 0xFF, 0xE0, 0x00, 0x00, 0x00, 0x7F, 0xFC, 0x00,
    0x00, 0x0F, 0xFF, 0xFF, 0x40, 0x00, 0x00, 0xFF, 0xFF, 0xE0, 0x00, 0x00, 0x0F, 0xFF, 0xF8, 0x00,
    0x00, 0x00, 0xFF, 0xFD, 0x00, 0x00, 0x00, 0x00, 0x54, 0x00, 0x00, 0x00, 0x00, 0x00, 0x00, 0x00,
    0x00, 0x00, 0x00, 0x0B, 0xE0, 0x2F, 0x80, 0x00, 0x07, 0xFC, 0x0F, 0xF4, 0x00, 0x01, 0xFF, 0x03,
    0xFD, 0x00, 0x00, 0x3F, 0x80, 0xBF, 0x00, 0x00, 0x01, 0x00, 0x01, 0x00, 0x00, 0x00, 0x00, 0x00,
    0x00, 0x00, 0x00, 0x00, 0x00, 0x00, 0x00, 0x3F, 0xF8, 0x00, 0x07, 0xFF, 0x07, 0xFF, 0x00, 0x02,
    0xFF, 0x40, 0xFF, 0xD0, 0x00, 0xFF, 0xC0, 0x2F, 0xF8, 0x00, 0x7F, 0xE0, 0x03, 0xFF, 0x00, 0x2F,
    0xF4, 0x00, 0xBF, 0xD0, 0x0F, 0xFC, 0x00, 0x1F, 0xF8, 0x07, 0xFE, 0x00, 0x03, 0xFF, 0x02, 0xFF,
    0x00, 0x00, 0xBF, 0xC0, 0xFF, 0xC0, 0x00, 0x0F, 0xF8, 0x7F, 0xD0, 0x00, 0x02, 0xFF, 0x2F, 0xF0,
    0x00, 0x00, 0x7F, 0xCF, 0xF8, 0x00, 0x00, 0x0F, 0xFB, 0xFD, 0x00, 0x00, 0x02, 0xFF, 0xFF, 0x00,
    0x00, 0x00, 0x3F, 0xFF, 0x80, 0x00, 0x00, 0x0B, 0xFF, 0xC0, 0x00, 0x00, 0x01, 0xFF, 0xF0, 0x00,
    0x00, 0x00, 0x3F, 0xF4, 0x00, 0x00, 0x00, 0x0F, 0xFC, 0x00, 0x00, 0x00, 0x07, 0xFE, 0x00, 0x00,
    0x00, 0x03, 0xFF, 0x00, 0x00, 0x01, 0x07, 0xFF, 0xC0, 0x00, 0x00, 0xFF, 0xFF, 0xC0, 0x00, 0x00,
    0x3F, 0xFF, 0xD0, 0x00, 0x00, 0x0F, 0xFF, 0xD0, 0x00, 0x00, 0x02, 0xFF, 0x80, 0x00, 0x00, 0x00,
    0x00, 0x00, 0x1A, 0xA4, 0xAA, 0x80, 0x00, 0x03, 0xFF, 0x1F, 0xF4, 0x00, 0x00, 0xBF, 0xC3, 0xFE,
    0x00, 0x00, 0x0F, 0xF0, 0xBF, 0x40, 0x00, 0x03, 0xF8, 0x1F, 0xD0, 0x00, 0x00, 0x7E, 0x03, 0xE0,
    0x00, 0x00, 0x00, 0x00, 0x00, 0x00, 0x00, 0x00, 0x00, 0x00, 0x00, 0x00, 0x7F, 0xE0, 0x00, 0x00,
    0xBF, 0xD3, 0xFF, 0x40, 0x00, 0x0F, 0xFC, 0x2F, 0xF8, 0x00, 0x01, 0xFF, 0x80, 0xFF, 0xC0, 0x00,
    0x3F, 0xF0, 0x0B, 0xFD, 0x00, 0x03, 0xFE, 0x00, 0x7F, 0xF0, 0x00, 0xBF, 0xC0, 0x03, 0xFF, 0x40,
    0x0F, 0xFC, 0x00, 0x1F, 0xF8, 0x01, 0xFF, 0x40, 0x00, 0xFF, 0xC0, 0x3F, 0xF0, 0x00, 0x07, 0xFD,
    0x03, 0xFE, 0x00, 0x00, 0x3F, 0xF0, 0xBF, 0xC0, 0x00, 0x01, 0xFF, 0x4F, 0xF8, 0x00, 0x00, 0x0F,
    0xFD, 0xFF, 0x40, 0x00, 0x00, 0xBF, 0xFF, 0xF0, 0x00, 0x00, 0x03, 0xFF, 0xFD, 0x00, 0x00, 0x00,
    0x2F, 0xFF, 0xC0, 0x00, 0x00, 0x00, 0xFF, 0xF8, 0x00, 0x00, 0x00, 0x0B, 0xFF, 0x00, 0x00, 0x00,
    0x00, 0xFF, 0xE0, 0x00, 0x00, 0x00, 0x7F, 0xFC, 0x00, 0x00, 0x0F, 0xFF, 0xFF, 0x40, 0x00, 0x00,
    0xFF, 0xFF, 0xE0, 0x00, 0x00, 0x0F, 0xFF, 0xF8, 0x00, 0x00, 0x00, 0xFF, 0xFD, 0x00, 0x00, 0x00,
    0x00, 0x54, 0x00, 0x00, 0x00, 0x00, 0x00, 0x02, 0xAA, 0x1A, 0xA0, 0x00, 0x0B, 0xFD, 0x3F, 0xF0,
    0x00, 0x0F, 0xF4, 0xBF, 0xC0, 0x00, 0x3F, 0xD1, 0xFF, 0x00, 0x00, 0x7F, 0x43, 0xF8, 0x00, 0x00,
    0xF8, 0x07, 0xD0, 0x00, 0x00, 0x00, 0x00, 0x00, 0x00, 0x00, 0x00, 0x00, 0x00, 0x00, 0xBF, 0xE0,
    0x00, 0x1F, 0xFC, 0x7F, 0xF0, 0x00, 0x2F, 0xF4, 0x3F, 0xF0, 0x00, 0x3F, 0xF0, 0x2F, 0xF8, 0x00,
    0x7F, 0xE0, 0x0F, 0xFC, 0x00, 0xBF, 0xD0, 0x0B, 0xFC, 0x00, 0xFF, 0xC0, 0x07, 0xFE, 0x01, 0xFF,
    0x80, 0x03, 0xFF, 0x02, 0xFF, 0x00, 0x02, 0xFF, 0x03, 0xFF, 0x00, 0x00, 0xFF, 0x87, 0xFD, 0x00,
    0x00, 0xBF, 0xCB, 0xFC, 0x00, 0x00, 0x7F, 0xCF, 0xF8, 0x00, 0x00, 0x3F, 0xEF, 0xF4, 0x00, 0x00,
    0x2F, 0xFF, 0xF0, 0x00, 0x00, 0x0F, 0xFF, 0xE0, 0x00, 0x00, 0x0B, 0xFF, 0xC0, 0x00, 0x00, 0x07,
    0xFF, 0xC0, 0x00, 0x00, 0x03, 0xFF, 0x40, 0x00, 0x00, 0x03, 0xFF, 0x00, 0x00, 0x00, 0x07, 0xFE,
    0x00, 0x00, 0x00, 0x0F, 0xFC, 0x00, 0x00, 0x00, 0x7F, 0xFC, 0x00, 0x00, 0x3F, 0xFF, 0xF0, 0x00,
    0x00, 0x3F, 0xFF, 0xE0, 0x00, 0x00, 0x3F, 0xFF, 0x40, 0x00, 0x00, 0x2F, 0xF8, 0x00, 0x00, 0x00,
    0x00, 0x00, 0x00, 0x00, 0x00, 0x02, 0xF8, 0x07, 0xF0, 0x00, 0x0F, 0xF4, 0x3F, 0xE0, 0x00, 0x3F,
    0xD0, 0xFF, 0x80, 0x00, 0xBF, 0x02, 0xFC, 0x00, 0x00, 0x10, 0x00, 0x40, 0x00, 0x00, 0x00, 0x00,
    0x00, 0x00, 0x00, 0x00, 0x00, 0x00, 0xBF, 0xD0, 0x00, 0x0F, 0xFE, 0xFF, 0x40, 0x00, 0x3F, 0xFB,
    0xFD, 0x00, 0x00, 0xFF, 0xEF, 0xF4, 0x00, 0x03, 0xFF, 0xBF, 0xD0, 0x00, 0x0F, 0xFE, 0xFF, 0x40,
    0x00, 0x3F, 0xFB, 0xFD, 0x00, 0x00, 0xFF, 0xEF, 0xF4, 0x00, 0x03, 0xFF, 0xBF, 0xD0, 0x00, 0x0F,
    0xFE, 0xFF, 0x80, 0x00, 0x3F, 0xF7, 0xFF, 0x40, 0x00, 0xFF, 0xCF, 0xFF, 0xA5, 0xBF, 0xFF, 0x2F,
    0xFF, 0xFF, 0xFF, 0xFC, 0x3F, 0xFF, 0xFF, 0xFF, 0xF0, 0x2F, 0xFF, 0xFF, 0xFF, 0xC0, 0x06, 0xAA,
    0x43, 0xFF, 0x00, 0x00, 0x00, 0x0F, 0xFC, 0x00, 0x00, 0x00, 0x3F, 0xF0, 0x00, 0x00, 0x00, 0xFF,
    0xC0, 0x00, 0x00, 0x03, 0xFF, 0x00, 0x00, 0x00, 0x0F, 0xFC, 0x00, 0x00, 0x00, 0x3F, 0xF0, 0x00,
    0x00, 0x00, 0xFF, 0xC0, 0x00, 0x00, 0x03, 0xFF, 0x00, 0x00, 0x00, 0x00, 0x00, 0xFD, 0x02, 0xF4,
    0x00, 0xBF, 0xC1, 0xFF, 0x00, 0x2F, 0xF0, 0x7F, 0xC0, 0x03, 0xF4, 0x0F, 0xE0, 0x00, 0x10, 0x00,
    0x40, 0x00, 0x00, 0x00, 0x00, 0x00, 0x00, 0x00, 0x00, 0x00, 0xFF, 0xC0, 0x01, 0xFF, 0xBF, 0xF0,
    0x00, 0x7F, 0xEF, 0xFC, 0x00, 0x1F, 0xFB, 0xFF, 0x00, 0x07, 0xFE, 0xFF, 0xC0, 0x01, 0xFF, 0xBF,
    0xF0, 0x00, 0x7F, 0xEF, 0xFC, 0x00, 0x1F, 0xFB, 0xFF, 0xC0, 0x0B, 0xFE, 0xBF, 0xFF, 0xFF, 0xFF,
    0x8F, 0xFF, 0xFF, 0xFF, 0xE1, 0xFF, 0xFF, 0xFF, 0xF8, 0x0B, 0xFF, 0xEB, 0xFE, 0x00, 0x00, 0x01,
    0xFF, 0x80, 0x00, 0x00, 0x7F, 0xE0, 0x00, 0x00, 0x1F, 0xF8, 0x00, 0x00, 0x07, 0xFE, 0x00, 0x00,
    0x01, 0xFF, 0x80, 0x00, 0x00, 0x7F, 0xE0, 0xFF, 0xFF, 0xFF, 0xFC, 0xFF, 0xFF, 0xFF, 0xFC, 0xFF,
    0xFF, 0xFF, 0xFC, 0xFF, 0xFF, 0xFF, 0xFC, 0xFF, 0xD5, 0x55, 0x54, 0xFF, 0xC0, 0x00, 0x00, 0xFF,
    0xC0, 0x00, 0x00, 0xFF, 0xC0, 0x00, 0x00, 0xFF, 0xC0, 0x00, 0x00, 0xFF, 0xC0, 0x00, 0x00, 0xFF,
    0xC0, 0x00, 0x00, 0xFF, 0xC0, 0x00, 0x00, 0xFF, 0xC0, 0x00, 0x00, 0xFF, 0xC0, 0x00, 0x00, 0xFF,
    0xC0, 0x00, 0x00, 0xFF, 0xC0, 0x00, 0x00, 0xFF, 0xC0, 0x00, 0x00, 0xFF, 0xC0, 0x00, 0x00, 0xFF,
    0xC0, 0x00, 0x00, 0xFF, 0xD5, 0x50, 0x00, 0xFF, 0xFF, 0xF0, 0x00, 0xFF, 0xFF, 0xF0, 0x00, 0xFF,
    0xFF, 0xF0, 0x00, 0xFF, 0xFF, 0xF0, 0x00, 0x00, 0x3F, 0xF0, 0x00, 0x00, 0x3F, 0xF0, 0x00, 0x00,
    0x3F, 0xF0, 0x00, 0x00, 0x3F, 0xF0, 0x00, 0x00, 0x3F, 0xF0, 0x00, 0x00, 0x3F, 0xF0, 0x00, 0x00,
    0x3F, 0xF0, 0x00, 0x00, 0x00, 0x00, 0x07, 0xFF, 0xFF, 0xFC, 0x7F, 0xFF, 0xFF, 0xC7, 0xFF, 0xFF,
    0xFC, 0x7F, 0xFA, 0xAA, 0x87, 0xFE, 0x00, 0x00, 0x7F, 0xE0, 0x00, 0x07, 0xFE, 0x00, 0x00, 0x7F,
    0xE0, 0x00, 0x07, 0xFE, 0x00, 0x00, 0x7F, 0xE0, 0x00, 0x07, 0xFE, 0x00, 0x00, 0x7F, 0xE0, 0x00,
    0x07, 0xFE, 0x00, 0x00, 0x7F, 0xE0, 0x00, 0x07, 0xFF, 0xAA, 0x00, 0x7F, 0xFF, 0xF0, 0x07, 0xFF,
    0xFF, 0x00, 0x7F, 0xFF, 0xF0, 0x00, 0x01, 0xFF, 0x00, 0x00, 0x1F, 0xF0, 0x00, 0x01, 0xFF, 0x00,
    0x00, 0x1F, 0xF0, 0x00, 0x01, 0xFF, 0x00, 0x00, 0x1F, 0xF0, 0x00, 0x00, 0xAA, 0x00, 0x00, 0x00,
    0x00, 0x00, 0x00, 0x00, 0x00, 0x00, 0xFD, 0x02, 0xF8, 0x00, 0x00, 0x00, 0xBF, 0xC1, 0xFF, 0x00,
    0x00, 0x00, 0x2F, 0xF0, 0x7F, 0xC0, 0x00, 0x00, 0x03, 0xF8, 0x0F, 0xE0, 0x00, 0x00, 0x00, 0x10,
    0x00, 0x40, 0x00, 0x00, 0x00, 0x00, 0x00, 0x00, 0x00, 0x00, 0x00, 0x00, 0x00, 0x00, 0x00, 0x00,
    0xFF, 0xC0, 0x00, 0x00, 0x01, 0xFF, 0xBF, 0xF0, 0x00, 0x00, 0x00, 0x7F, 0xEF, 0xFC, 0x00, 0x00,
    0x00, 0x1F, 0xFB, 0xFF, 0x00, 0x00, 0x00, 0x07, 0xFE, 0xFF, 0xC0, 0x00, 0x00, 0x01, 0xFF, 0xBF,
    0xF0, 0x00, 0x00, 0x00, 0x7F, 0xEF, 0xFC, 0x00, 0x00, 0x00, 0x1F, 0xFB, 0xFF, 0x00, 0x00, 0x00,
    0x07, 0xFE, 0xFF, 0xEA, 0x94, 0x00, 0x01, 0xFF, 0xBF, 0xFF, 0xFF, 0xF4, 0x00, 0x7F, 0xEF, 0xFF,
    0xFF, 0xFF, 0x80, 0x1F, 0xFB, 0xFF, 0xFF, 0xFF, 0xF8, 0x07, 0xFE, 0xFF, 0xEA, 0xBF, 0xFF, 0x01,
    0xFF, 0xBF, 0xF0, 0x01, 0xFF, 0xD0, 0x7F, 0xEF, 0xFC, 0x00, 0x2F, 0xF8, 0x1F, 0xFB, 0xFF, 0x00,
    0x07, 0xFF, 0x07, 0xFE, 0xFF, 0xC0, 0x01, 0xFF, 0xC1, 0xFF, 0xBF, 0xF0, 0x00, 0xBF, 0xF0, 0x7F,
    0xEF, 0xFC, 0x00, 0x3F, 0xF8, 0x1F, 0xFB, 0xFF, 0x01, 0xBF, 0xFD, 0x07, 0xFE, 0xFF, 0xFF, 0xFF,
    0xFF, 0x01, 0xFF, 0xBF, 0xFF, 0xFF, 0xFF, 0x00, 0x7F, 0xEF, 0xFF, 0xFF, 0xFE, 0x00, 0x1F, 0xFB,
    0xFF, 0xFF, 0xF8, 0x00, 0x07, 0xFE, 0x00, 0x00, 0x00, 0x00, 0x00, 0x00, 0x00, 0x03, 0xF4, 0x0F,
    0xD0, 0x00, 0x00, 0x0B, 0xFC, 0x1F, 0xF0, 0x00, 0x00, 0x0B, 0xFC, 0x1F, 0xF0, 0x00, 0x00, 0x07,
    0xF4, 0x0F, 0xE0, 0x00, 0x00, 0x00, 0x40, 0x01, 0x00, 0x00, 0x00, 0x00, 0x00, 0x00, 0x00, 0x00,
    0x00, 0x00, 0x00, 0x00, 0x00, 0x00, 0x7F, 0xE0, 0x00, 0x00, 0x03, 0xFF, 0x7F, 0xE0, 0x00, 0x00,
    0x03, 0xFF, 0x7F, 0xE0, 0x00, 0x00, 0x03, 0xFF, 0x7F, 0xE0, 0x00, 0x00, 0x03, 0xFF, 0x7F, 0xE0,
    0x00, 0x00, 0x03, 0xFF, 0x7F, 0xF5, 0x54, 0x00, 0x03, 0xFF, 0x7F, 0xFF, 0xFF, 0xD0, 0x03, 0xFF,
    0x7F, 0xFF, 0xFF, 0xF8, 0x03, 0xFF, 0x7F, 0xFF, 0xFF, 0xFD, 0x03, 0xFF, 0x7F, 0xE5, 0x6F, 0xFF,
    0x03, 0xFF, 0x7F, 0xE0, 0x03, 0xFF, 0x03, 0xFF, 0x7F, 0xE0, 0x03, 0xFF, 0x03, 0xFF, 0x7F, 0xE0,
    0x03, 0xFF, 0x03, 0xFF, 0x7F, 0xE0, 0x0B, 0xFF, 0x03, 0xFF, 0x7F, 0xFA, 0xFF, 0xFE, 0x03, 0xFF,
    0x7F, 0xFF, 0xFF, 0xFC, 0x03, 0xFF, 0x7F, 0xFF, 0xFF, 0xF0, 0x03, 0xFF, 0x7F, 0xFF, 0xFE, 0x40,
    0x03, 0xFF, 0x03, 0xFF, 0xFF, 0xFF, 0xF0, 0x3F, 0xFF, 0xFF, 0xFF, 0x03, 0xFF, 0xFF, 0xFF, 0xF0,
    0x3F, 0xFF, 0xFF, 0xFF, 0x03, 0xFF, 0x55, 0x55, 0x50, 0x3F, 0xF0, 0x00, 0x00, 0x03, 0xFF, 0x00,
    0x00, 0x00, 0x3F, 0xF0, 0x00, 0x00, 0x03, 0xFF, 0x00, 0x00, 0x00, 0x3F, 0xF0, 0x00, 0x00, 0x3F,
    0xFF, 0xFF, 0xF4, 0x03, 0xFF, 0xFF, 0xFF, 0x80, 0x3F, 0xFF, 0xFF, 0xF8, 0x03, 0xFF, 0xFF, 0xFF,
    0x80, 0x17, 0xFF, 0x55, 0x50, 0x00, 0x3F, 0xF0, 0x00, 0x00, 0x03, 0xFF, 0x00, 0x00, 0x00, 0x3F,
    0xF0, 0x00, 0x00, 0x03, 0xFF, 0x00, 0x00, 0x00, 0x3F, 0xF0, 0x00, 0x00, 0x03, 0xFF, 0xFF, 0xC0,
    0x00, 0x3F, 0xFF, 0xFC, 0x00, 0x03, 0xFF, 0xFF, 0xC0, 0x00, 0x3F, 0xFF, 0xFC, 0x00, 0x00, 0x00,
    0xFF, 0xC0, 0x00, 0x00, 0x0F, 0xFC, 0x00, 0x00, 0x00, 0xFF, 0xC0, 0x00, 0x00, 0x1F, 0xFC, 0x00,
    0x00, 0xBF, 0xFF, 0x80, 0x00, 0x0B, 0xFF, 0xF4, 0x00, 0x00, 0xBF, 0xFE, 0x00, 0x00, 0x0B, 0xFF,
    0x40, 0x00, 0x00, 0x00, 0x00, 0x00, 0x00, 0x00, 0x00, 0x00, 0x00, 0x0B, 0xFF, 0xFF, 0xFE, 0x0B,
    0xFF, 0xFF, 0xFE, 0x0B, 0xFF, 0xFF, 0xFE, 0x0B, 0xFF, 0xFF, 0xFD, 0x0B, 0xFD, 0x00, 0x00, 0x0B,
    0xFD, 0x00, 0x00, 0x0B, 0xFD, 0x00, 0x00, 0xAF, 0xFE, 0xAA, 0x40, 0xFF, 0xFF, 0xFF, 0x80, 0xFF,
    0xFF, 0xFF, 0x80, 0xFF, 0xFF, 0xFF, 0x80, 0x0F, 0xFD, 0x00, 0x00, 0x0B, 0xFD, 0x00, 0x00, 0x0B,
    0xFD, 0x00, 0x00, 0x0B, 0xFE, 0xA8, 0x00, 0x0B, 0xFF, 0xFD, 0x00, 0x0B, 0xFF, 0xFD, 0x00, 0x0B,
    0xFF, 0xFD, 0x00, 0x00, 0x02, 0xFD, 0x00, 0x00, 0x02, 0xFD, 0x00, 0x00, 0x03, 0xFD, 0x00, 0x00,
    0x03, 0xFD, 0x00, 0x00, 0xFF, 0xFC, 0x00, 0x00, 0xFF, 0xF8, 0x00, 0x00, 0xFF, 0xF0, 0x00, 0x00,
    0x6A, 0x40, 0x00, 0x3F, 0xF4, 0x00, 0x00, 0xFF, 0xD0, 0x2F, 0xFC, 0x00, 0x03, 0xFF, 0xC0, 0x0F,
    0xFE, 0x00, 0x07, 0xFF, 0x00, 0x07, 0xFF, 0x00, 0x0F, 0xFE, 0x00, 0x02, 0xFF, 0xC0, 0x2F, 0xFC,
    0x00, 0x00, 0xFF, 0xD0, 0x3F, 0xF4, 0x00, 0x00, 0x7F, 0xF0, 0xFF, 0xE0, 0x00, 0x00, 0x2F, 0xF9,
    0xFF, 0xC0, 0x00, 0x00, 0x0F, 0xFF, 0xFF, 0x40, 0x00, 0x00, 0x07, 0xFF, 0xFF, 0x00, 0x00, 0x00,
    0x03, 0xFF, 0xFC, 0x00, 0x00, 0x00, 0x00, 0xFF, 0xF8, 0x00, 0x00, 0x00, 0x01, 0xFF, 0xF4, 0x00,
    0x00, 0x00, 0x03, 0xFF, 0xFC, 0x00, 0x00, 0x00, 0x0F, 0xFF, 0xFF, 0x00, 0x00, 0x00, 0x1F, 0xFF,
    0xFF, 0x40, 0x00, 0x00, 0x3F, 0xF5, 0xFF, 0xC0, 0x00, 0x00, 0xBF, 0xF0, 0xBF, 0xF0, 0x00, 0x01,
    0xFF, 0xC0, 0x3F, 0xF4, 0x00, 0x03, 0xFF, 0x80, 0x1F, 0xFD, 0x54, 0x0B, 0xFF, 0x00, 0x0F, 0xFF,
    0xFE, 0x1F, 0xFD, 0x00, 0x03, 0xFF, 0xFE, 0x3F, 0xF8, 0x00, 0x02, 0xFF, 0xFE, 0xBF, 0xF0, 0x00,
    0x00, 0xFF, 0xFE, 0x00, 0x00, 0x00, 0x00, 0x03, 0xFE, 0x00, 0x00, 0x00, 0x00, 0x03, 0xFE, 0x00,
    0x00, 0x00, 0x00, 0x07, 0xFE, 0x00, 0x00, 0x00, 0x00, 0x0F, 0xFD, 0x00, 0x00, 0x00, 0x03, 0xFF,
    0xFC, 0x00, 0x00, 0x00, 0x03, 0xFF, 0xFC, 0x00, 0x00, 0x00, 0x03, 0xFF, 0xF0, 0x00, 0x00, 0x00,
    0x03, 0xFF, 0x80, 0x00, 0x00, 0x00, 0x00, 0x00, 0x00, 0x00, 0x00, 0x00, 0x00, 0x00, 0x0F, 0xFE,
    0x00, 0x0F, 0xFD, 0x01, 0xFF, 0xC0, 0x0F, 0xFE, 0x00, 0x3F, 0xF8, 0x07, 0xFF, 0x00, 0x03, 0xFF,
    0x43, 0xFF, 0x40, 0x00, 0x7F, 0xF2, 0xFF, 0x80, 0x00, 0x0F, 0xFF, 0xFF, 0xC0, 0x00, 0x00, 0xFF,
    0xFF, 0xD0, 0x00, 0x00, 0x1F, 0xFF, 0xE0, 0x00, 0x00, 0x03, 0xFF, 0xF0, 0x00, 0x00, 0x00, 0xFF,
    0xFD, 0x00, 0x00, 0x00, 0xFF, 0xFF, 0xC0, 0x00, 0x00, 0xBF, 0xFF, 0xF8, 0x00, 0x00, 0x3F, 0xF3,
    0xFF, 0x40, 0x00, 0x3F, 0xF8, 0x7F, 0xF0, 0x00, 0x2F, 0xFC, 0x0B, 0xFF, 0xA8, 0x0F, 0xFD, 0x00,
    0xFF, 0xFF, 0x4F, 0xFE, 0x00, 0x1F, 0xFF, 0xDB, 0xFF, 0x00, 0x03, 0xFF, 0xF4, 0x00, 0x00, 0x00,
    0x03, 0xFD, 0x00, 0x00, 0x00, 0x00, 0xFF, 0x40, 0x00, 0x00, 0x00, 0x3F, 0xD0, 0x00, 0x00, 0x00,
    0x0F, 0xF4, 0x00, 0x00, 0x00, 0xFF, 0xFC, 0x00, 0x00, 0x00, 0x3F, 0xFE, 0x00, 0x00, 0x00, 0x0F,
    0xFF, 0x00, 0x00, 0x00, 0x01, 0xA9, 0x00, 0x3F, 0xF4, 0x00, 0x00, 0xFF, 0xD0, 0xBF, 0xF0, 0x00,
    0x0F, 0xFF, 0x00, 0xFF, 0xE0, 0x00, 0x7F, 0xF0, 0x01, 0xFF, 0xC0, 0x03, 0xFF, 0x80, 0x02, 0xFF,
    0xC0, 0x2F, 0xFC, 0x00, 0x03, 0xFF, 0x40, 0xFF, 0xD0, 0x00, 0x07, 0xFF, 0x0F, 0xFE, 0x00, 0x00,
    0x0B, 0xFE, 0x7F, 0xF0, 0x00, 0x00, 0x0F, 0xFF, 0xFF, 0x40, 0x00, 0x00, 0x2F, 0xFF, 0xFC, 0x00,
    0x00, 0xFF, 0xFF, 0xFF, 0xFF, 0xF4, 0x03, 0xFF, 0xFF, 0xFF, 0xFF, 0xD0, 0x0F, 0xFF, 0xFF, 0xFF,
    0xFF, 0x40, 0x3F, 0xFF, 0xFF, 0xFF, 0xFD, 0x00, 0x00, 0xFF, 0xFF, 0xF0, 0x00, 0x00, 0x07, 0xFF,
    0xFF, 0xE0, 0x00, 0x00, 0x3F, 0xF5, 0xFF, 0xC0, 0x00, 0x02, 0xFF, 0xC2, 0xFF, 0xC0, 0x00, 0x1F,
    0xFC, 0x03, 0xFF, 0x80, 0x00, 0xFF, 0xE0, 0x07, 0xFF, 0x00, 0x0B, 0xFF, 0x00, 0x0F, 0xFF, 0x00,
    0x7F, 0xF4, 0x00, 0x0F, 0xFE, 0x03, 0xFF, 0x80, 0x00, 0x2F, 0xFC, 0x2F, 0xFC, 0x00, 0x00, 0x3F,
    0xFC, 0x00, 0x00, 0x00, 0x00, 0x00, 0x3F, 0xF8, 0x00, 0x3F, 0xF4, 0x1F, 0xFC, 0x00, 0xFF, 0xE0,
    0x0B, 0xFE, 0x01, 0xFF, 0xC0, 0x03, 0xFF, 0x43, 0xFF, 0x40, 0x01, 0xFF, 0xCB, 0xFE, 0x00, 0x00,
    0xFF, 0xFF, 0xFC, 0x00, 0x00, 0x3F, 0xFF, 0xF4, 0x00, 0x1F, 0xFF, 0xFF, 0xFF, 0xE0, 0x1F, 0xFF,
    0xFF, 0xFF, 0xE0, 0x1F, 0xFF, 0xFF, 0xFF, 0xE0, 0x0A, 0xBF, 0xFF, 0xFE, 0x90, 0x00, 0xBF, 0xFF,
    0xFC, 0x00, 0x00, 0xFF, 0xCF, 0xFD, 0x00, 0x03, 0xFF, 0x87, 0xFF, 0x00, 0x0B, 0xFF, 0x02, 0xFF,
    0xC0, 0x0F, 0xFD, 0x00, 0xFF, 0xD0, 0x3F, 0xF8, 0x00, 0x7F, 0xF0, 0xBF, 0xF0, 0x00, 0x3F, 0xFC,
    0x00, 0xC0, 0x00, 0x3C, 0x00, 0x03, 0xC2, 0xFF, 0xFC, 0xB0, 0x3C, 0x28, 0x2C, 0x0A, 0x0C, 0x02,
    0x80, 0x00, 0xA0, 0x00, 0x28, 0x00, 0x0A, 0x00, 0x02, 0x80, 0x00, 0xA0, 0x00, 0x28, 0x00, 0x0A,
    0x00, 0x02, 0x80, 0x00, 0xA0, 0x00, 0x28, 0x00, 0x0A, 0x00, 0x02, 0x80, 0x00, 0xA0, 0x00, 0x28,
    0x00, 0x0A, 0x00, 0x02, 0x80, 0x00, 0xA0, 0x00, 0x28, 0x00, 0x0A, 0x00, 0x01, 0x40, 0x00, 0x00,
    0xC0, 0x00, 0xE0, 0x00, 0xF0, 0x00, 0xFF, 0xFE, 0x0E, 0x03, 0x80, 0xE0, 0xA0, 0x0C, 0x28, 0x00,
    0x0A, 0x00, 0x02, 0x80, 0x00, 0xA0, 0x00, 0x28, 0x00, 0x0A, 0x00, 0x02, 0x80, 0x00, 0xA0, 0x00,
    0x28, 0x00, 0x0A, 0x00, 0x02, 0x80, 0x00, 0xA0, 0x00, 0x28, 0x00, 0x0A, 0x00, 0x02, 0x80, 0x00,
    0xA0, 0x00, 0x28, 0x00, 0x0A, 0x00, 0x02, 0x80, 0x00, 0xA0, 0x00, 0x28, 0x00, 0x05, 0x3F, 0xFF,
    0xE3, 0xFF, 0xFE, 0x3F, 0xFF, 0xE3, 0xFF, 0xFE, 0x00, 0x00, 0x00, 0x3F, 0xFF, 0xE3, 0xFF, 0xFE,
    0x3F, 0xFF, 0xE3, 0xFF, 0xFE, 0x00, 0x00, 0x00, 0x6A, 0xAA, 0xAA, 0xAA, 0xAF, 0xFF, 0xFF, 0xFF,
    0xFB, 0xFF, 0xFF, 0xFF, 0xFE, 0xFF, 0xFF, 0xFF, 0xFF, 0x00, 0x00, 0x00, 0x00, 0x00, 0xBF, 0xFF,
    0xFF, 0xF6, 0xFF, 0xFF, 0xFF, 0xDB, 0xFF, 0xFF, 0xFF, 0x6F, 0xFF, 0xFF, 0xFD, 0xBF, 0xFF, 0xFF,
    0xFF, 0xFF, 0xFF, 0xFF, 0xFC, 0xBF, 0xFF, 0xFF, 0xFF, 0xFF, 0xFF, 0xFF, 0xFC, 0xBF, 0xFF, 0xFF,
    0xFF, 0xFF, 0xFF, 0xFF, 0xFC, 0xBF, 0xFF, 0xFF, 0xFF, 0xFF, 0xFF, 0xFF, 0xFC, 0xBF, 0xFF, 0xFF,
    0xFF, 0xFF, 0xFF, 0xFF, 0xFC, 0xBF, 0xFF, 0xFF, 0xFF, 0xFF, 0xFF, 0xFF, 0xFC, 0xBF, 0xFF, 0xFF,
    0xFF, 0xFF, 0xFF, 0xFF, 0xFC, 0xBF, 0xFF, 0xFF, 0xFF, 0xFF, 0xFF, 0xFF, 0xFC, 0x00, 0x00, 0x00,
    0x3F, 0x80, 0x1F, 0xDF, 0xE0, 0x07, 0xF7, 0xF8, 0x01, 0xFD, 0xFE, 0x00, 0x7F, 0x7F, 0x80, 0x1F,
    0xDF, 0xE0, 0x07, 0xF7, 0xF8, 0x01, 0xFD, 0xFE, 0x00, 0x7F, 0x7F, 0x80, 0x1F, 0xDF, 0xE0, 0x07,
    0xF7, 0xF8, 0x01, 0xFD, 0xFE, 0x00, 0x7F, 0x7F, 0x80, 0x1F, 0xDF, 0xE0, 0x07, 0xF7, 0xF8, 0x01,
    0xFD, 0xFE, 0x00, 0x7F, 0x7F, 0x80, 0x1F, 0xDF, 0xE0, 0x07, 0xF7, 0xF8, 0x01, 0xFD, 0xFE, 0x00,
    0x7F, 0x7F, 0x80, 0x1F, 0xDF, 0xE0, 0x07, 0xF7, 0xF8, 0x01, 0xFD, 0xFE, 0x00, 0x7F, 0x7F, 0x80,
    0x1F, 0xDF, 0xE0, 0x07, 0xF7, 0xF8, 0x01, 0xFD, 0xFE, 0x00, 0x7F, 0x7F, 0x80, 0x1F, 0xDF, 0xE0,
    0x07, 0xF7, 0xF8, 0x01, 0xFD, 0xFE, 0x00, 0x7F, 0x6A, 0x40, 0x0A, 0x80, 0x15, 0x55, 0x55, 0x50,
    0xFF, 0xFF, 0xFF, 0xF3, 0xFF, 0xFF, 0xFF, 0xC0, 0x00, 0x00, 0x00, 0x00, 0x00, 0x00, 0x00, 0xAA,
    0xAA, 0xAA, 0xA3, 0xFF, 0xFF, 0xFF, 0xCA, 0xAA, 0xAA, 0xA9, 0x02, 0xF8, 0x1F, 0xE0, 0xBF, 0x43,
    0xFC, 0x1F, 0xF0, 0xFF, 0x83, 0xFE, 0x1F, 0xF4, 0x15, 0x40, 0x0F, 0xF8, 0x3F, 0xE1, 0xFF, 0x4B,
    0xFC, 0x3F, 0xE0, 0xFF, 0x03, 0xFC, 0x1F, 0xD0, 0x15, 0x00, 0x07, 0xFC, 0x0B, 0xFC, 0x0F, 0xF8,
    0x0F, 0xF4, 0x1F, 0xF0, 0x2F, 0xE0, 0x2F, 0xC0, 0x3F, 0xC0, 0x15, 0x00, 0x7F, 0xC1, 0xFF, 0x43,
    0xFE, 0x0B, 0xFC, 0x1F, 0xF0, 0x3F, 0xC0, 0xBF, 0x40, 0xFE, 0x01, 0x54, 0x02, 0xF8, 0x07, 0xF4,
    0x1F, 0xE0, 0x2F, 0xC0, 0xBF, 0x40, 0xFF, 0x03, 0xFC, 0x0B, 0xF8, 0x1F, 0xF0, 0x3F, 0xD0, 0xFF,
    0x80, 0xFF, 0x43, 0xFE, 0x0B, 0xFC, 0x1F, 0xF4, 0x3F, 0xF0, 0x15, 0x40, 0x55, 0x40, 0x0F, 0xF8,
    0x1F, 0xF4, 0x3F, 0xE0, 0xBF, 0xC1, 0xFF, 0x43, 0xFF, 0x0B, 0xFC, 0x0F, 0xF8, 0x3F, 0xE0, 0x3F,
    0xC0, 0xFF, 0x01, 0xFF, 0x03, 0xFC, 0x0B, 0xF4, 0x1F, 0xD0, 0x3F, 0xC0, 0x15, 0x00, 0x54, 0x00,
    0x1F, 0xF4, 0x2F, 0xF0, 0xBF, 0xC0, 0xFF, 0xC2, 0xFF, 0x03, 0xFD, 0x0F, 0xF8, 0x1F, 0xF0, 0x3F,
    0xC0, 0xBF, 0xC1, 0xFF, 0x02, 0xFD, 0x0B, 0xF4, 0x0F, 0xF0, 0x3F, 0xC0, 0x3F, 0x80, 0x55, 0x00,
    0x54, 0x00, 0x7F, 0xC0, 0xBF, 0x81, 0xFF, 0x42, 0xFF, 0x03, 0xFE, 0x07, 0xFC, 0x0B, 0xFC, 0x0F,
    0xF4, 0x1F, 0xF0, 0x2F, 0xE0, 0x3F, 0xC0, 0x7F, 0xC0, 0xBF, 0x40, 0xFF, 0x00, 0xFE, 0x02, 0xFC,
    0x01, 0x54, 0x01, 0x50, 0x00, 0x15, 0x40, 0x00, 0x00, 0xFF, 0x80, 0x00, 0x02, 0xFD, 0x00, 0x00,
    0x0B, 0xF4, 0x00, 0x00, 0x1F, 0xC0, 0x00, 0x00, 0x7F, 0x00, 0x00, 0x00, 0xFC, 0x00, 0x0F, 0xEB,
    0xFA, 0xFC, 0x3F, 0xFF, 0xFF, 0xF0, 0xFF, 0xFF, 0xFF, 0xC3, 0xEA, 0xFE, 0xAF, 0x00, 0x03, 0xF0,
    0x00, 0x00, 0x0F, 0xC0, 0x00, 0x00, 0x3F, 0x00, 0x00, 0x00, 0xFC, 0x00, 0x00, 0x07, 0xF0, 0x00,
    0x00, 0x1F, 0xC0, 0x00, 0x00, 0x7F, 0x00, 0x00, 0x01, 0xFC, 0x00, 0x00, 0x0B, 0xF4, 0x00, 0x00,
    0x2F, 0xD0, 0x00, 0x00, 0xBF, 0x40, 0x00, 0x02, 0xFD, 0x00, 0x00, 0x0F, 0xF8, 0x00, 0x00, 0x3F,
    0xE0, 0x00, 0x00, 0xFF, 0x80, 0x00, 0x00, 0x05, 0x50, 0x00, 0x00, 0xBF, 0xC0, 0x00, 0x01, 0xFE,
    0x00, 0x00, 0x03, 0xF8, 0x00, 0x00, 0x0F, 0xD0, 0x00, 0x00, 0x3F, 0x00, 0x02, 0x95, 0xFD, 0x5A,
    0x4F, 0xFF, 0xFF, 0xFD, 0x3F, 0xFF, 0xFF, 0xF4, 0xFF, 0xFF, 0xFF, 0xD0, 0x00, 0xFC, 0x00, 0x00,
    0x03, 0xF4, 0x00, 0x00, 0x1F, 0xE0, 0x00, 0x00, 0x7F, 0x80, 0x00, 0x00, 0xFE, 0x00, 0x00, 0x03,
    0xF4, 0x00, 0x25, 0x4F, 0xD1, 0x64, 0xFF, 0xFF, 0xFF, 0xD3, 0xFF, 0xFF, 0xFF, 0x4F, 0xFF, 0xFF,
    0xFD, 0x10, 0x0F, 0xC0, 0x10, 0x00, 0x3F, 0x40, 0x00, 0x00, 0xFD, 0x00, 0x00, 0x07, 0xF8, 0x00,
    0x00, 0x1F, 0xE0, 0x00, 0x00, 0xBF, 0xC0, 0x00, 0x00, 0x50, 0x00, 0xBF, 0xF0, 0x2F, 0xFF, 0xC3,
    0xFF, 0xFE, 0x7F, 0xFF, 0xF7, 0xFF, 0xFF, 0x7F, 0xFF, 0xF3, 0xFF, 0xFF, 0x3F, 0xFF, 0xD1, 0xFF,
    0xFC, 0x02, 0xFE, 0x00, 0x00, 0x00, 0x00, 0x38, 0x00, 0x00, 0x3F, 0x40, 0x00, 0x3F, 0xF0, 0x00,
    0x3F, 0xFE, 0x00, 0x3F, 0xFF, 0xD0, 0x3F, 0xFF, 0xF8, 0x3F, 0xFF, 0xE0, 0x3F, 0xFF, 0x00, 0x3F,
    0xF4, 0x00, 0x3F, 0x80, 0x00, 0x3C, 0x00, 0x00, 0x10, 0x00, 0x00, 0x00, 0x00, 0xBF, 0x47, 0xFF,
    0x2F, 0xFC, 0x7F, 0xF0, 0xFF, 0x80, 0x50, 0x00, 0x00, 0x00, 0x00, 0x00, 0x07, 0xF8, 0x00, 0x7F,
    0x43, 0xFF, 0x40, 0x3F, 0xF0, 0xFF, 0xE0, 0x1F, 0xFD, 0x3F, 0xF4, 0x07, 0xFF, 0x4B, 0xFC, 0x00,
    0xBF, 0xC0, 0x14, 0x00, 0x05, 0x40, 0x00, 0x00, 0x00, 0x00, 0x00, 0x00, 0x01, 0xFE, 0x00, 0x2F,
    0xD0, 0x07, 0xF8, 0x3F, 0xF4, 0x0B, 0xFF, 0x00, 0xFF, 0xD3, 0xFF, 0x80, 0xBF, 0xF0, 0x0F, 0xFE,
    0x3F, 0xF4, 0x0B, 0xFF, 0x00, 0xFF, 0xD2, 0xFF, 0x00, 0x3F, 0xD0, 0x0B, 0xFC, 0x01, 0x40, 0x00,
    0x50, 0x00, 0x05, 0x00, 0x00, 0x00, 0x7F, 0x83, 0xFF, 0x4F, 0xFE, 0x3F, 0xF4, 0xBF, 0xC0, 0x14,
    0x00, 0x00, 0x00, 0x2F, 0xFF, 0xCB, 0x00, 0x02, 0x80, 0x00, 0xA0, 0x00, 0x28, 0x00, 0x0A, 0x00,
    0x02, 0x80, 0x00, 0xA0, 0x00, 0x28, 0x00, 0x0A, 0x00, 0x02, 0x80, 0x00, 0xA0, 0x00, 0x28, 0x00,
    0x0A, 0x00, 0x02, 0x80, 0x00, 0xA0, 0x00, 0x28, 0x00, 0x0A, 0x00, 0x02, 0x80, 0x00, 0xA0, 0x00,
    0x28, 0x00, 0x0A, 0x00, 0x02, 0x80, 0x00, 0xA0, 0x00, 0x14, 0x00, 0x00, 0x00, 0x00, 0x0F, 0xFF,
    0xE0, 0x00, 0x38, 0x00, 0x0A, 0x00, 0x02, 0x80, 0x00, 0xA0, 0x00, 0x28, 0x00, 0x0A, 0x00, 0x02,
    0x80, 0x00, 0xA0, 0x00, 0x28, 0x00, 0x0A, 0x00, 0x02, 0x80, 0x00, 0xA0, 0x00, 0x28, 0x00, 0x0A,
    0x00, 0x02, 0x80, 0x00, 0xA0, 0x00, 0x28, 0x00, 0x0A, 0x00, 0x02, 0x80, 0x00, 0xA0, 0x00, 0x28,
    0x00, 0x0A, 0x00, 0x02, 0x80, 0x00, 0x50, 0xFF, 0xFF, 0xFF, 0xFF, 0xFF, 0xFF, 0xFF, 0xFF, 0xFF,
    0xFF, 0xFF, 0xFF, 0xFF, 0xFF, 0x02, 0x80, 0x02, 0x80, 0x02, 0x80, 0x02, 0x80, 0x02, 0x80, 0x02,
    0x80, 0x02, 0x80, 0x02, 0x80, 0x02, 0x80, 0x02, 0x80, 0x02, 0x80, 0x02, 0x80, 0x02, 0x80, 0x02,
    0x80, 0x02, 0x80, 0x02, 0x80, 0x02, 0x80, 0x02, 0x80, 0x02, 0x80, 0x02, 0x80, 0x01, 0x40, 0xFF,
    0xFF, 0xE5, 0x55, 0xD0, 0x00, 0xD0, 0x00, 0xD0, 0x00, 0xE0, 0x00, 0xFF, 0xFF, 0x02, 0x80, 0x02,
    0x80, 0x02, 0x80, 0x02, 0x80, 0x02, 0x80, 0x02, 0x80, 0x02, 0x80, 0x02, 0x80, 0x02, 0x80, 0x02,
    0x80, 0x02, 0x80, 0x02, 0x80, 0x02, 0x80, 0x02, 0x80, 0x02, 0x80, 0x02, 0x80, 0x02, 0x80, 0x02,
    0x80, 0x02, 0x80, 0x02, 0x80, 0x01, 0x40, 0xFF, 0xFF, 0x55, 0x5B, 0x00, 0x07, 0x00, 0x07, 0x00,
    0x07, 0x00, 0x0B, 0xFF, 0xFF, 0x02, 0x80, 0x02, 0x80, 0x02, 0x80, 0x02, 0x80, 0x02, 0x80, 0x02,
    0x80, 0x02, 0x80, 0x02, 0x80, 0x02, 0x80, 0x02, 0x80, 0x02, 0x80, 0x02, 0x80, 0x02, 0x80, 0x02,
    0x80, 0x02, 0x80, 0x02, 0x80, 0x02, 0x80, 0x02, 0x80, 0x02, 0x80, 0x02, 0x80, 0x01, 0x40, 0x00,
    0x00, 0x00, 0x00, 0x00, 0x00, 0x00, 0x00, 0x00, 0x00, 0x00, 0xFF, 0xD0, 0x00, 0x02, 0xFD, 0x00,
    0x00, 0x00, 0x00, 0x01, 0xFF, 0xFD, 0x00, 0x00, 0xFF, 0x00, 0x00, 0x00, 0x00, 0x00, 0xFF, 0xFF,
    0xC0, 0x00, 0xBF, 0x40, 0x00, 0x00, 0x00, 0x00, 0x7F, 0xCB, 0xF8, 0x00, 0x3F, 0x80, 0x00, 0x00,
    0x00, 0x00, 0x2F, 0xD0, 0xFF, 0x00, 0x3F, 0xC0, 0x00, 0x00, 0x00, 0x00, 0x0F, 0xF0, 0x2F, 0xC0,
    0x1F, 0xE0, 0x00, 0x00, 0x00, 0x00, 0x03, 0xFC, 0x0B, 0xF4, 0x0F, 0xF0, 0x00, 0x00, 0x00, 0x00,
    0x00, 0xFF, 0x02, 0xFD, 0x07, 0xF8, 0x00, 0x00, 0x00, 0x00, 0x00, 0x3F, 0xC0, 0xBF, 0x43, 0xFC,
    0x00, 0x00, 0x00, 0x00, 0x00, 0x0F, 0xF0, 0x3F, 0xC2, 0xFD, 0x06, 0xA0, 0x00, 0x01, 0xA4, 0x02,
    0xFD, 0x0F, 0xF0, 0xFF, 0x0F, 0xFF, 0x80, 0x07, 0xFF, 0xD0, 0x3F, 0xDB, 0xF8, 0xBF, 0x4F, 0xFF,
    0xF8, 0x07, 0xFF, 0xFD, 0x0B, 0xFF, 0xFC, 0x3F, 0x8B, 0xFE, 0xFF, 0x03, 0xFE, 0xFF, 0xC0, 0xFF,
    0xFD, 0x3F, 0xC3, 0xFC, 0x1F, 0xE1, 0xFF, 0x0F, 0xF0, 0x06, 0xE8, 0x1F, 0xE0, 0xFF, 0x03, 0xFC,
    0x7F, 0x41, 0xFD, 0x00, 0x00, 0x0F, 0xF0, 0x3F, 0x80, 0xFF, 0x2F, 0xD0, 0x7F, 0x80, 0x00, 0x07,
    0xF8, 0x1F, 0xE0, 0x3F, 0xCB, 0xF4, 0x1F, 0xE0, 0x00, 0x03, 0xFC, 0x03, 0xF8, 0x0F, 0xF2, 0xFD,
    0x07, 0xF8, 0x00, 0x02, 0xFD, 0x00, 0xFE, 0x03, 0xFC, 0xBF, 0x41, 0xFE, 0x00, 0x00, 0xFF, 0x00,
    0x3F, 0xC0, 0xFF, 0x1F, 0xE0, 0xBF, 0x40, 0x00, 0xBF, 0x40, 0x0B, 0xF4, 0xBF, 0x83, 0xFC, 0x3F,
    0xC0, 0x00, 0x3F, 0x80, 0x01, 0xFF, 0xFF, 0xC0, 0xBF, 0xFF, 0xE0, 0x00, 0x3F, 0xC0, 0x00, 0x2F,
    0xFF, 0xD0, 0x0F, 0xFF, 0xF0, 0x00, 0x1F, 0xE0, 0x00, 0x01, 0xFF, 0xD0, 0x00, 0xBF, 0xF0, 0x00,
    0x00, 0x00, 0x00, 0x00, 0x01, 0x00, 0x00, 0x01, 0x40, 0x00, 0x00, 0x00, 0x00, 0x00, 0x00, 0x00,
    0x00, 0x00, 0x00, 0x00, 0x00, 0x00, 0x00, 0x00, 0x07, 0xFF, 0x40, 0x00, 0x07, 0xF4, 0x00, 0x00,
    0x00, 0x00, 0x00, 0x00, 0x00, 0x00, 0x7F, 0xFF, 0x80, 0x00, 0x3F, 0xC0, 0x00, 0x00, 0x00, 0x00,
    0x00, 0x00, 0x00, 0x03, 0xFF, 0xFF, 0x40, 0x02, 0xFD, 0x00, 0x00, 0x00, 0x00, 0x00, 0x00, 0x00,
    0x00, 0x1F, 0xF2, 0xFF, 0x00, 0x0F, 0xF0, 0x00, 0x00, 0x00, 0x00, 0x00, 0x00, 0x00, 0x00, 0xBF,
    0x43, 0xFC, 0x00, 0xBF, 0x00, 0x00, 0x00, 0x00, 0x00, 0x00, 0x00, 0x00, 0x03, 0xFC, 0x0B, 0xF4,
    0x03, 0xF8, 0x00, 0x00, 0x00, 0x00, 0x00, 0x00, 0x00, 0x00, 0x0F, 0xF0, 0x2F, 0xD0, 0x3F, 0xC0,
    0x00, 0x00, 0x00, 0x00, 0x00, 0x00, 0x00, 0x00, 0x3F, 0xC0, 0xBF, 0x41, 0xFE, 0x00, 0x00, 0x00,
    0x00, 0x00, 0x00, 0x00, 0x00, 0x00, 0xFF, 0x02, 0xFD, 0x0F, 0xF0, 0x00, 0x00, 0x00, 0x00, 0x00,
    0x00, 0x00, 0x00, 0x03, 0xFC, 0x0F, 0xF0, 0x7F, 0x41, 0xA9, 0x00, 0x00, 0x69, 0x00, 0x00, 0x1A,
    0x40, 0x0B, 0xF4, 0x3F, 0xC3, 0xFC, 0x3F, 0xFF, 0x00, 0x1F, 0xFF, 0x80, 0x0B, 0xFF, 0xC0, 0x1F,
    0xF7, 0xFE, 0x2F, 0xD3, 0xFF, 0xFF, 0x00, 0xFF, 0xFF, 0x40, 0xBF, 0xFF, 0xC0, 0x2F, 0xFF, 0xF0,
    0xFF, 0x1F, 0xFB, 0xFD, 0x0B, 0xFE, 0xFF, 0x03, 0xFF, 0xFF, 0x80, 0x3F, 0xFF, 0x4B, 0xF4, 0xFF,
    0x47, 0xFC, 0x3F, 0xC2, 0xFD, 0x1F, 0xE0, 0xFF, 0x00, 0x1B, 0xA0, 0x3F, 0x83, 0xFC, 0x0F, 0xF1,
    0xFE, 0x07, 0xF8, 0xBF, 0x42, 0xFD, 0x00, 0x00, 0x03, 0xFC, 0x0F, 0xF0, 0x3F, 0xC7, 0xF8, 0x0F,
    0xF3, 0xFC, 0x07, 0xF8, 0x00, 0x00, 0x1F, 0xE0, 0x3F, 0xC0, 0xBF, 0x5F, 0xE0, 0x3F, 0xCF, 0xF0,
    0x1F, 0xE0, 0x00, 0x00, 0xFF, 0x00, 0xFF, 0x03, 0xFC, 0x7F, 0x80, 0xFF, 0x3F, 0xC0, 0x7F, 0x80,
    0x00, 0x07, 0xF4, 0x03, 0xFC, 0x0F, 0xF1, 0xFE, 0x03, 0xFC, 0xBF, 0x42, 0xFD, 0x00, 0x00, 0x3F,
    0xC0, 0x0F, 0xF0, 0x3F, 0xC3, 0xFC, 0x1F, 0xE2, 0xFD, 0x0B, 0xF4, 0x00, 0x02, 0xFD, 0x00, 0x2F,
    0xE1, 0xFE, 0x0F, 0xF0, 0xFF, 0x43, 0xFC, 0x3F, 0xC0, 0x00, 0x0F, 0xF0, 0x00, 0x3F, 0xFF, 0xF4,
    0x1F, 0xFF, 0xFC, 0x0F, 0xFF, 0xFE, 0x00, 0x00, 0xBF, 0x40, 0x00, 0x7F, 0xFF, 0x80, 0x3F, 0xFF,
    0xD0, 0x0F, 0xFF, 0xF0, 0x00, 0x03, 0xF8, 0x00, 0x00, 0x7F, 0xF8, 0x00, 0x2F, 0xFD, 0x00, 0x0F,
    0xFE, 0x00, 0x00, 0x00, 0x00, 0x00, 0x00, 0x04, 0x00, 0x00, 0x05, 0x00, 0x00, 0x01, 0x40, 0x00,
    0x00, 0x7F, 0xC0, 0x0F, 0xF8, 0x01, 0xFF, 0x00, 0x3F, 0xC0, 0x07, 0xF8, 0x00, 0xFF, 0x00, 0x1F,
    0xC0, 0x03, 0xF8, 0x00, 0x3E, 0x00, 0x00, 0x00, 0x7F, 0xC0, 0xFF, 0x40, 0x3F, 0xE0, 0x7F, 0xC0,
    0x1F, 0xF0, 0x3F, 0xC0, 0x0F, 0xF0, 0x1F, 0xE0, 0x07, 0xF8, 0x0F, 0xF0, 0x03, 0xFC, 0x07, 0xF4,
    0x01, 0xFC, 0x03, 0xF8, 0x00, 0xFE, 0x01, 0xFC, 0x00, 0x3E, 0x00, 0xBD, 0x00, 0x00, 0x00, 0x7F,
    0xC0, 0xFF, 0x42, 0xFE, 0x00, 0x3F, 0xE0, 0x7F, 0xC0, 0xFF, 0x00, 0x1F, 0xF0, 0x3F, 0xC0, 0xBF,
    0x80, 0x0F, 0xF0, 0x1F, 0xE0, 0x3F, 0xC0, 0x07, 0xF8, 0x0F, 0xF0, 0x2F, 0xD0, 0x03, 0xFC, 0x07,
    0xF4, 0x0F, 0xE0, 0x01, 0xFC, 0x03, 0xF8, 0x0B, 0xF0, 0x00, 0xFE, 0x01, 0xFC, 0x03, 0xF4, 0x00,
    0x3E, 0x00, 0xBD, 0x01, 0xF8, 0x00, 0x00, 0x3F, 0xD0, 0x01, 0xFF, 0x00, 0x0F, 0xF4, 0x00, 0x3F,
    0xC0, 0x01, 0xFD, 0x00, 0x0F, 0xF0, 0x00, 0x3F, 0x40, 0x02, 0xFC, 0x00, 0x0B, 0xD0, 0x3F, 0xD0,
    0xBF, 0x80, 0x07, 0xFC, 0x0F, 0xF0, 0x00, 0xFF, 0x41, 0xFE, 0x00, 0x0F, 0xF0, 0x3F, 0xC0, 0x01,
    0xFD, 0x03, 0xF8, 0x00, 0x3F, 0xC0, 0x7F, 0x00, 0x03, 0xF4, 0x0F, 0xE0, 0x00, 0xBF, 0x00, 0xFC,
    0x00, 0x0B, 0xD0, 0x1F, 0x80, 0x3F, 0xD0, 0xBF, 0x80, 0xFF, 0x00, 0x07, 0xFC, 0x0F, 0xF0, 0x2F,
    0xE0, 0x00, 0xFF, 0x41, 0xFE, 0x03, 0xFC, 0x00, 0x0F, 0xF0, 0x3F, 0xC0, 0x7F, 0x80, 0x01, 0xFD,
    0x03, 0xF8, 0x0B, 0xF0, 0x00, 0x3F, 0xC0, 0x7F, 0x00, 0xFE, 0x00, 0x03, 0xF4, 0x0F, 0xE0, 0x1F,
    0xC0, 0x00, 0xBF, 0x00, 0xFC, 0x03, 0xF8, 0x00, 0x0B, 0xD0, 0x1F, 0x80, 0x3F, 0x00, 0x00, 0x1D,
    0x00, 0x00, 0x0F, 0xC0, 0x00, 0x07, 0xF8, 0x00, 0x03, 0xFF, 0x00, 0x01, 0xF7, 0xE0, 0x00, 0xFC,
    0xBC, 0x00, 0x7D, 0x0F, 0x80, 0x2F, 0x02, 0xF0, 0x0F, 0x80, 0x3E, 0x0B, 0xC0, 0x0B, 0xC3, 0xE0,
    0x00, 0xF8, 0x00, 0x08, 0x00, 0x02, 0xF8, 0x00, 0xBF, 0xE0, 0x1F, 0xFC, 0x03, 0xFF, 0x00, 0xFF,
    0xD0, 0x3F, 0xF4, 0x0B, 0xFE, 0x00, 0x7F, 0xF0, 0x02, 0xFF, 0x80, 0x0F, 0xFD, 0x00, 0x3F, 0xF4,
    0x00, 0xFF, 0xC0, 0x07, 0xFE, 0x00, 0x1F, 0x40, 0x00, 0x40, 0x02, 0x00, 0x01, 0xFC, 0x00, 0x7F,
    0xE0, 0x02, 0xFF, 0x80, 0x0F, 0xFD, 0x00, 0x3F, 0xF0, 0x01, 0xFF, 0xC0, 0x0B, 0xFE, 0x00, 0xBF,
    0xE0, 0x2F, 0xF8, 0x07, 0xFF, 0x00, 0xFF, 0xC0, 0x3F, 0xF4, 0x07, 0xFD, 0x00, 0x0B, 0x80, 0x00,
    0x10, 0x00, 0x00, 0x00, 0x00, 0x00, 0x00, 0x00, 0x00, 0x10, 0x00, 0x2F, 0xC0, 0x00, 0x40, 0x07,
    0xC0, 0x03, 0xFE, 0x00, 0x2E, 0x01, 0xFF, 0x00, 0x7F, 0xE0, 0x0B, 0xF8, 0x0F, 0xFC, 0x03, 0xFD,
    0x02, 0xFF, 0x40, 0x3F, 0xF0, 0x1F, 0x80, 0xBF, 0xD0, 0x00, 0xFF, 0xC0, 0x00, 0x2F, 0xF4, 0x00,
    0x03, 0xFF, 0x00, 0x0B, 0xFD, 0x00, 0x00, 0x0F, 0xFC, 0x02, 0xFF, 0x40, 0x00, 0x00, 0x3F, 0xF0,
    0xBF, 0xD0, 0x00, 0x00, 0x00, 0xFF, 0xEF, 0xF4, 0x00, 0x02, 0xFC, 0x03, 0xFF, 0xFD, 0x03, 0xFC,
    0x3F, 0xE0, 0x0F, 0xFF, 0x40, 0x7F, 0xE7, 0xFF, 0x00, 0xBF, 0xF0, 0x07, 0xFE, 0x3F, 0xE0, 0x2F,
    0xFF, 0xC0, 0x3F, 0xD0, 0xA4, 0x0B, 0xFF, 0xFF, 0x01, 0xA4, 0x00, 0x02, 0xFF, 0x4F, 0xFC, 0x00,
    0x00, 0x00, 0xBF, 0xD0, 0x3F, 0xF0, 0x00, 0x00, 0x2F, 0xF4, 0x00, 0xFF, 0xC0, 0x00, 0x0B, 0xFD,
    0x00, 0x03, 0xFF, 0x00, 0x02, 0xFF, 0x40, 0x50, 0x0F, 0xFC, 0x00, 0xBF, 0xD0, 0x3F, 0xC0, 0x3F,
    0xF0, 0x1F, 0xF4, 0x07, 0xFE, 0x00, 0xFF, 0x80, 0xBD, 0x00, 0x7F, 0xE0, 0x03, 0xF0, 0x02, 0x40,
    0x03, 0xFD, 0x00, 0x0C, 0x00, 0x00, 0x00, 0x1A, 0x40, 0x00, 0x00, 0x3F, 0xF4, 0x07, 0xFF, 0x0F,
    0xFD, 0x02, 0xFF, 0xC3, 0xFF, 0x40, 0xBF, 0xF0, 0xFF, 0xD0, 0x1F, 0xFC, 0x3F, 0xF4, 0x07, 0xFF,
    0x0F, 0xFD, 0x01, 0xFF, 0xC3, 0xFF, 0x00, 0x7F, 0xE0, 0xFF, 0xC0, 0x1F, 0xF8, 0x2F, 0xF0, 0x03,
    0xFE, 0x0B, 0xFC, 0x00, 0xFF, 0x82, 0xFF, 0x00, 0x3F, 0xE0, 0xBF, 0xC0, 0x0F, 0xF4, 0x1F, 0xF0,
    0x03, 0xFD, 0x07, 0xFC, 0x00, 0xFF, 0x41, 0xFF, 0x00, 0x3F, 0xD0, 0x7F, 0x80, 0x0F, 0xF0, 0x05,
    0x40, 0x00, 0x54, 0x00, 0x00, 0x00, 0x00, 0x00, 0x00, 0x00, 0x00, 0x00, 0x7F, 0x80, 0x0B, 0xF0,
    0x3F, 0xF4, 0x0B, 0xFF, 0x0F, 0xFE, 0x02, 0xFF, 0xC3, 0xFF, 0x40, 0xBF, 0xF0, 0xBF, 0xC0, 0x0F,
    0xF4, 0x01, 0x40, 0x00, 0x50, 0x00, 0x00, 0x00, 0x00, 0x00, 0x02, 0xFF, 0xFD, 0x00, 0x7F, 0xFF,
    0xFF, 0xC0, 0xBF, 0xFF, 0xFF, 0xF0, 0x3F, 0xFF, 0xFF, 0xF8, 0x2F, 0xFF, 0x0F, 0xFC, 0x00, 0xFF,
    0x07, 0xFC, 0x00, 0xFF, 0x07, 0xFC, 0x00, 0xFF, 0x0B, 0xFC, 0x00, 0xFF, 0x1F, 0xF4, 0x00, 0xFF,
    0xBF, 0xF0, 0x00, 0xFF, 0xFF, 0x80, 0x00, 0xFF, 0xFE, 0x00, 0x00, 0xBF, 0xF4, 0x00, 0x00, 0xBF,
    0xD0, 0x00, 0x00, 0xBF, 0xC0, 0x00, 0x00, 0xBF, 0xC0, 0x00, 0x00, 0x00, 0x00, 0x00, 0x00, 0x00,
    0x00, 0x00, 0x00, 0x00, 0x00, 0x00, 0x00, 0x3F, 0x80, 0x00, 0x00, 0xFF, 0xD0, 0x00, 0x00, 0xFF,
    0xE0, 0x00, 0x00, 0xFF, 0xE0, 0x00, 0x00, 0x7F, 0xC0, 0x00, 0x00, 0x05, 0x00, 0x00, 0x2A, 0xAA,
    0xAA, 0xAA, 0x93, 0xFF, 0xFF, 0xFF, 0xFF, 0x3F, 0xFF, 0xFF, 0xFF, 0xF2, 0xAA, 0xAA, 0xAA, 0xAA,
    0x00, 0x00, 0x00, 0x00, 0x00, 0x34, 0x00, 0x00, 0x00, 0x0D, 0x3C, 0x00, 0x00, 0x00, 0x3C, 0x1F,
    0x00, 0x00, 0x00, 0xB8, 0x07, 0xD0, 0x00, 0x03, 0xF0, 0x01, 0xFE, 0x41, 0x7F, 0xC0, 0x00, 0x7F,
    0xFF, 0xFE, 0x00, 0x00, 0x06, 0xFF, 0x90, 0x00, 0x00, 0x00, 0x55, 0x00, 0x00, 0x00, 0x1F, 0xFF,
    0xF4, 0x00, 0x00, 0xBF, 0xFF, 0xFF, 0x00, 0x03, 0xF4, 0x00, 0x1F, 0xD0, 0x0F, 0x80, 0x00, 0x01,
    0xF0, 0x2E, 0x00, 0x00, 0x00, 0x7C, 0x3C, 0x00, 0x00, 0x00, 0x2D, 0x10, 0x00, 0x00, 0x00, 0x08,
    0x00, 0x00, 0x01, 0x40, 0x00, 0x00, 0xBC, 0x00, 0x00, 0x0F, 0x80, 0x00, 0x02, 0xF0, 0x00, 0x00,
    0x3E, 0x00, 0x00, 0x07, 0xC0, 0x00, 0x00, 0xF8, 0x00, 0x00, 0x1F, 0x00, 0x00, 0x03, 0xE0, 0x00,
    0x00, 0x7D, 0x00, 0x00, 0x0F, 0xC0, 0x00, 0x01, 0xF4, 0x00, 0x00, 0x3F, 0x00, 0x00, 0x03, 0xF8,
    0x00, 0x00, 0xBF, 0xC0, 0x00, 0x0F, 0x7D, 0x00, 0x02, 0xF1, 0xF0, 0x00, 0x3D, 0x0F, 0x40, 0x0B,
    0xC0, 0xBC, 0x00, 0xF8, 0x03, 0xD0, 0x2F, 0x00, 0x2F, 0x03, 0xE0, 0x00, 0xF4, 0x00, 0x00, 0x00,
    0x00, 0x15, 0x00, 0x00, 0x00, 0x00, 0x00, 0x00, 0x00, 0x00, 0x2F, 0xE0, 0x00, 0x00, 0x00, 0x00,
    0x00, 0x00, 0x00, 0x07, 0xF4, 0x00, 0x00, 0x00, 0x00, 0x00, 0x00, 0x00, 0x01, 0xFD, 0x00, 0x00,
    0x00, 0x00, 0x00, 0x00, 0x00, 0x00, 0x3F, 0x00, 0x00, 0x00, 0x00, 0x00, 0x00, 0x00, 0xE4, 0x0F,
    0xC0, 0x6C, 0x00, 0x00, 0x00, 0x00, 0x00, 0x3F, 0xF7, 0xFB, 0xFF, 0x00, 0x00, 0x00, 0x00, 0x00,
    0x1F, 0xFF, 0xFF, 0xFF, 0xD0, 0x00, 0x00, 0x00, 0x00, 0x07, 0xFF, 0xFF, 0xFF, 0xF8, 0x00, 0x00,
    0x00, 0x00, 0x00, 0x05, 0xBF, 0xF9, 0x50, 0x00, 0x00, 0x00, 0x00, 0x00, 0x00, 0x3F, 0xFF, 0x00,
    0x00, 0x00, 0x00, 0x00, 0x00, 0x00, 0x2F, 0xEF, 0xE0, 0x00, 0x00, 0x00, 0x00, 0x00, 0x00, 0x1F,
    0xF3, 0xFD, 0x00, 0x00, 0x00, 0x00, 0x00, 0x00, 0x0F, 0xF4, 0x7F, 0xC0, 0x00, 0x00, 0x00, 0x00,
    0x00, 0x07, 0xFC, 0x0F, 0xF4, 0x00, 0x00, 0x00, 0x00, 0x2A, 0x80, 0x1E, 0x01, 0xD0, 0x0A, 0xA0,
    0x00, 0x00, 0x0F, 0xF0, 0x00, 0x00, 0x00, 0x07, 0xFC, 0x00, 0x00, 0x03, 0xFC, 0x00, 0x00, 0x00,
    0x00, 0xFE, 0x00, 0x00, 0x00, 0xBF, 0x00, 0x00, 0x00, 0x00, 0x3F, 0x80, 0x00, 0x00, 0x2F, 0xC0,
    0x00, 0x00, 0x00, 0x0F, 0xD0, 0x00, 0x7E, 0x47, 0xE0, 0x6F, 0x00, 0x3E, 0x43, 0xF4, 0x6F, 0x6F,
    0xFF, 0xFF, 0xFF, 0xC0, 0x0F, 0xFF, 0xFF, 0xFF, 0xEB, 0xFF, 0xFF, 0xFF, 0xF0, 0x03, 0xFF, 0xFF,
    0xFF, 0xFA, 0xFF, 0xFF, 0xFF, 0xFC, 0x00, 0xFF, 0xFF, 0xFF, 0xFE, 0x00, 0x3F, 0xFC, 0x00, 0x00,
    0x00, 0x0F, 0xFE, 0x00, 0x00, 0x1F, 0xFF, 0x80, 0x00, 0x00, 0x0B, 0xFF, 0xD0, 0x00, 0x0F, 0xFB,
    0xF4, 0x00, 0x00, 0x07, 0xFB, 0xFC, 0x00, 0x0F, 0xF4, 0xFF, 0x00, 0x00, 0x07, 0xFC, 0x7F, 0xC0,
    0x0B, 0xFC, 0x2F, 0xF0, 0x00, 0x03, 0xFE, 0x0F, 0xF8, 0x01, 0xFE, 0x03, 0xF4, 0x00, 0x00, 0x7F,
    0x01, 0xFD, 0x00, 0x07, 0x00, 0xA0, 0x00, 0x00, 0x01, 0x80, 0x34, 0x00, 0x7F, 0xFF, 0xD7, 0xFF,
    0xFD, 0x7F, 0xFF, 0xD7, 0xFF, 0xFD, 0x00, 0x00, 0x00, 0x00, 0x00, 0x00, 0x1F, 0xD0, 0x00, 0x00,
    0x03, 0xFC, 0x00, 0x00, 0x00, 0x7F, 0x40, 0x00, 0x00, 0x0F, 0xF0, 0x00, 0x00, 0x02, 0xFD, 0x00,
    0x00, 0x00, 0x3F, 0xC0, 0x00, 0x00, 0x0B, 0xF0, 0x00, 0x00, 0x01, 0xFE, 0x00, 0x00, 0x00, 0x3F,
    0xC0, 0x00, 0x00, 0x07, 0xF8, 0x00, 0x00, 0x00, 0xFF, 0x00, 0x00, 0x00, 0x1F, 0xD0, 0x00, 0x00,
    0x03, 0xFC, 0x00, 0x00, 0x00, 0xBF, 0x40, 0x00, 0x00, 0x0F, 0xF0, 0x00, 0x00, 0x02, 0xFC, 0x00,
    0x00, 0x00, 0x3F, 0x80, 0x00, 0x00, 0x0F, 0xF0, 0x00, 0x00, 0x01, 0xFE, 0x00, 0x00, 0x00, 0x3F,
    0xC0, 0x00, 0x00, 0x07, 0xF4, 0x00, 0x00, 0x00, 0xFF, 0x00, 0x00, 0x00, 0x2F, 0xD0, 0x00, 0x00,
    0x03, 0xFC, 0x00, 0x00, 0x00, 0xBF, 0xFF, 0x2F, 0xFF, 0xCB, 0xFF, 0xF2, 0xFF, 0xA8, 0xBF, 0x80,
    0x2F, 0xE0, 0x0B, 0xF8, 0x02, 0xFE, 0x00, 0xBF, 0x80, 0x2F, 0xE0, 0x0B, 0xF8, 0x02, 0xFE, 0x00,
    0xBF, 0x80, 0x2F, 0xFF, 0xCB, 0xFF, 0xF2, 0xFF, 0xFC, 0xBF, 0xD5, 0x2F, 0xE0, 0x0B, 0xF8, 0x02,
    0xFE, 0x00, 0xBF, 0x80, 0x2F, 0xE0, 0x0B, 0xF8, 0x02, 0xFE, 0x00, 0xBF, 0x80, 0x2F, 0xE0, 0x0B,
    0xFF, 0xF2, 0xFF, 0xFC, 0xBF, 0xFF, 0x05, 0x55, 0x40, 0x3F, 0xFF, 0x8F, 0xFF, 0xE3, 0xFF, 0xF8,
    0xAB, 0xFE, 0x00, 0xBF, 0x80, 0x2F, 0xE0, 0x0B, 0xF8, 0x02, 0xFE, 0x00, 0xBF, 0x80, 0x2F, 0xE0,
    0x0B, 0xF8, 0x02, 0xFE, 0x00, 0xBF, 0x8F, 0xFF, 0xE3, 0xFF, 0xF8, 0xFF, 0xFE, 0x15, 0xBF, 0x80,
    0x2F, 0xE0, 0x0B, 0xF8, 0x02, 0xFE, 0x00, 0xBF, 0x80, 0x2F, 0xE0, 0x0B, 0xF8, 0x02, 0xFE, 0x00,
    0xBF, 0x80, 0x2F, 0xE3, 0xFF, 0xF8, 0xFF, 0xFE, 0x3F, 0xFF, 0x85, 0x55, 0x40, 0x00, 0x00, 0x00,
    0x00, 0x00, 0x00, 0x00, 0x00, 0x0B, 0xFF, 0xF8, 0x00, 0x1B, 0xFF, 0xF4, 0x07, 0xFF, 0xFF, 0xFD,
    0x07, 0xFF, 0xFF, 0xFC, 0x2F, 0xFF, 0xFF, 0xFC, 0x3F, 0xFF, 0xFF, 0xFC, 0x3F, 0xFF, 0xFF, 0xFC,
    0x7F, 0xFF, 0xFF, 0xF8, 0xBD, 0x00, 0x7F, 0xF0, 0xF9, 0x00, 0xBF, 0xF0, 0x40, 0x00, 0xBF, 0xC0,
    0x00, 0x00, 0xFF, 0xC0, 0x00, 0x02, 0xFF, 0x00, 0x00, 0x03, 0xFF, 0x00, 0x00, 0x0F, 0xFC, 0x00,
    0x00, 0x0F, 0xF8, 0x00, 0x00, 0xBF, 0xE0, 0x00, 0x00, 0xFF, 0xD0, 0x00, 0x0B, 0xFF, 0x00, 0x00,
    0x0F, 0xFE, 0x00, 0x00, 0xFF, 0xF0, 0x00, 0x01, 0xFF, 0xF0, 0x00, 0x0F, 0xFF, 0x00, 0x00, 0x1F,
    0xFE, 0x00, 0x00, 0xFF, 0xE0, 0x00, 0x00, 0xFF, 0xD0, 0x00, 0x03, 0xFD, 0x00, 0x00, 0x07, 0xFD,
    0x00, 0x00, 0x0F, 0xF0, 0x00, 0x00, 0x1F, 0xE0, 0x00, 0x00, 0x7F, 0x80, 0x00, 0x00, 0xBF, 0x40,
    0x00, 0x00, 0x54, 0x00, 0x00, 0x00, 0x54, 0x00, 0x00, 0x00, 0x00, 0x00, 0x00, 0x00, 0x00, 0x00,
    0x00, 0x00, 0x00, 0x00, 0x00, 0x00, 0x00, 0x00, 0x00, 0x3F, 0x80, 0x00, 0x00, 0x7F, 0x80, 0x00,
    0x03, 0xFF, 0x80, 0x00, 0x03, 0xFF, 0x40, 0x00, 0x0F, 0xFE, 0x00, 0x00, 0x0F, 0xFD, 0x00, 0x00,
    0x3F, 0xF8, 0x00, 0x00, 0x3F, 0xF4, 0x00, 0x00, 0x7F, 0xC0, 0x00, 0x00, 0xBF, 0xC0, 0x00, 0x00,
    0x14, 0x00, 0x00, 0x00, 0x14, 0x00, 0x00, 0x00, 0x00, 0x00, 0x00, 0x00, 0x00, 0x02, 0xFF, 0xFE,
    0x00, 0x0F, 0xFD, 0x7F, 0xFF, 0xFF, 0xD0, 0x0F, 0xFD, 0xBF, 0xFF, 0xFF, 0xF0, 0x0F, 0xFD, 0x3F,
    0xFF, 0xFF, 0xFC, 0x0F, 0xFD, 0x2F, 0x40, 0x1F, 0xFC, 0x0F, 0xFC, 0x04, 0x00, 0x0B, 0xFC, 0x0F,
    0xFC, 0x00, 0x00, 0x0B, 0xFC, 0x0F, 0xFC, 0x00, 0x00, 0x0F, 0xFC, 0x0F, 0xFC, 0x00, 0x00, 0x2F,
    0xF8, 0x0F, 0xFC, 0x00, 0x00, 0xBF, 0xF0, 0x0F, 0xFC, 0x00, 0x03, 0xFF, 0xC0, 0x0B, 0xFC, 0x00,
    0x0F, 0xFF, 0x00, 0x0B, 0xFC, 0x00, 0x3F, 0xF8, 0x00, 0x0B, 0xFC, 0x00, 0x3F, 0xD0, 0x00, 0x0B,
    0xF8, 0x00, 0x3F, 0xC0, 0x00, 0x0B, 0xF8, 0x00, 0x7F, 0x80, 0x00, 0x07, 0xF8, 0x00, 0x15, 0x00,
    0x00, 0x01, 0x50, 0x00, 0x00, 0x00, 0x00, 0x00, 0x00, 0x00, 0x00, 0x00, 0x00, 0x00, 0x00, 0x00,
    0x3F, 0x80, 0x00, 0x07, 0xF8, 0x00, 0xFF, 0xE0, 0x00, 0x0F, 0xFD, 0x00, 0xFF, 0xE0, 0x00, 0x1F,
    0xFD, 0x00, 0xFF, 0xE0, 0x00, 0x0F, 0xFD, 0x00, 0x7F, 0xC0, 0x00, 0x0B, 0xFC, 0x00, 0x05, 0x00,
    0x00, 0x01, 0x50, 0x00, 0x00, 0x00, 0x00, 0x00, 0x00, 0x3F, 0xF4, 0x01, 0xBF, 0xFE, 0x40, 0x3F,
    0xF4, 0x2F, 0xFF, 0xFF, 0xE0, 0x3F, 0xF4, 0x3F, 0xFF, 0xFF, 0xF8, 0x3F, 0xF4, 0x2F, 0xFF, 0xFF,
    0xFD, 0x3F, 0xF4, 0x0F, 0x90, 0x0F, 0xFE, 0x3F, 0xF4, 0x04, 0x00, 0x03, 0xFE, 0x3F, 0xF0, 0x00,
    0x00, 0x03, 0xFE, 0x3F, 0xF0, 0x00, 0x00, 0x07, 0xFE, 0x2F, 0xF0, 0x00, 0x00, 0x0F, 0xFC, 0x2F,
    0xF0, 0x00, 0x00, 0x7F, 0xF8, 0x2F, 0xF0, 0x00, 0x02, 0xFF, 0xE0, 0x2F, 0xF0, 0x00, 0x0B, 0xFF,
    0x40, 0x1F, 0xF0, 0x00, 0x0F, 0xFD, 0x00, 0x1F, 0xF0, 0x00, 0x2F, 0xF0, 0x00, 0x1F, 0xF0, 0x00,
    0x2F, 0xD0, 0x00, 0x1F, 0xE0, 0x00, 0x2F, 0xC0, 0x00, 0x05, 0x40, 0x00, 0x05, 0x40, 0x00, 0x00,
    0x00, 0x00, 0x00, 0x00, 0x00, 0x00, 0x00, 0x00, 0x00, 0x00, 0x00, 0x1F, 0xE0, 0x00, 0x2F, 0xD0,
    0x00, 0x3F, 0xF4, 0x00, 0x7F, 0xF0, 0x00, 0x3F, 0xF8, 0x00, 0x7F, 0xF4, 0x00, 0x3F, 0xF4, 0x00,
    0x7F, 0xF0, 0x00, 0x2F, 0xF0, 0x00, 0x3F, 0xE0, 0x00, 0x01, 0x40, 0x00, 0x05, 0x40, 0x00, 0x00,
    0x00, 0x00, 0x00, 0x2F, 0xFF, 0xFF, 0xFF, 0xEB, 0xFF, 0xFF, 0xFF, 0xFA, 0xFF, 0xFF, 0xFF, 0xFD,
    0x15, 0x55, 0x56, 0xFF, 0x00, 0x00, 0x00, 0xFF, 0x40, 0x00, 0x00, 0xBF, 0xC0, 0x00, 0x00, 0x3F,
    0xC0, 0x00, 0x00, 0x3F, 0xE0, 0x00, 0x00, 0x1F, 0xF0, 0x00, 0x00, 0x0F, 0xF4, 0x00, 0x00, 0x0B,
    0xFC, 0x00, 0x00, 0x07, 0xFD, 0x00, 0x00, 0x03, 0xFE, 0x00, 0x00, 0x01, 0xFF, 0x00, 0x00, 0x00,
    0xFF, 0x80, 0x00, 0x00, 0xBF, 0xC0, 0x00, 0x00, 0x7F, 0xD0, 0x00, 0x00, 0x3F, 0xF0, 0x00, 0x00,
    0x15, 0x55, 0x55, 0x00, 0x07, 0xFF, 0xFF, 0xFF, 0x40, 0x7F, 0xFF, 0xFF, 0xFE, 0x07, 0xEA, 0xFF,
    0xFF, 0xF4, 0x7C, 0x0F, 0xFF, 0xFF, 0xC7, 0xC0, 0xFF, 0xFF, 0xFD, 0x7C, 0x0F, 0xFF, 0xFF, 0xE7,
    0xC0, 0xFF, 0xFF, 0xFE, 0x7C, 0x0F, 0xFF, 0xFF, 0xE7, 0xC0, 0xFF, 0xFF, 0xFE, 0x7C, 0x0F, 0xFF,
    0xFF, 0xE7, 0xC0, 0xFF, 0xFF, 0xFE, 0x7C, 0x0F, 0xFF, 0xFF, 0xD7, 0xC0, 0xFF, 0xFF, 0xFC, 0x7C,
    0x0F, 0xFF, 0xFF, 0x87, 0xC0, 0xFF, 0xFF, 0xE0, 0x7C, 0x0F, 0xFF, 0xF4, 0x07, 0xC0, 0xF8, 0x00,
    0x00, 0x7C, 0x0F, 0x80, 0x00, 0x07, 0xC0, 0xF8, 0x00, 0x00, 0x7C, 0x0F, 0x80, 0x00, 0x07, 0xC0,
    0xF8, 0x00, 0x00, 0x7C, 0x0F, 0x80, 0x00, 0x07, 0xC0, 0xF8, 0x00, 0x00, 0x7C, 0x0F, 0x80, 0x00,
    0x07, 0xC0, 0xF8, 0x00, 0x00, 0x7C, 0x0F, 0x80, 0x00, 0x07, 0xC0, 0xF8, 0x00, 0x00, 0x7C, 0x0F,
    0x80, 0x00, 0x07, 0xC0, 0xF8, 0x00, 0x00, 0x00, 0x00, 0x00, 0x00, 0x00, 0x00, 0x00, 0x00, 0x00,
    0x00, 0x0B, 0xFF, 0xFF, 0xFF, 0x03, 0xFF, 0xFF, 0xFF, 0xF0, 0xFF, 0xFF, 0xFF, 0xFF, 0x1F, 0xFF,
    0xFF, 0x82, 0xF3, 0xFF, 0xFF, 0xF8, 0x2F, 0x3F, 0xFF, 0xFF, 0x82, 0xF3, 0xFF, 0xFF, 0xF8, 0x2F,
    0x3F, 0xFF, 0xFF, 0x82, 0xF3, 0xFF, 0xFF, 0xF8, 0x2F, 0x3F, 0xFF, 0xFF, 0x82, 0xF3, 0xFF, 0xFF,
    0xF8, 0x2F, 0x3F, 0xFF, 0xFF, 0x82, 0xF2, 0xFF, 0xFF, 0xF8, 0x2F, 0x0F, 0xFF, 0xFF, 0xEB, 0xF0,
    0x7F, 0xFF, 0xFF, 0xFF, 0x01, 0xFF, 0xFF, 0xFF, 0xF0, 0x00, 0x6A, 0xAA, 0xAA, 0x00, 0x00, 0x00,
    0x00, 0x00, 0xFF, 0xFF, 0xFF, 0xD0, 0x03, 0xFF, 0xFF, 0xFF, 0xF0, 0x0F, 0xFF, 0xFF, 0xFF, 0xF0,
    0x3E, 0x0F, 0xFF, 0xFF, 0xD0, 0xF8, 0x3F, 0xFF, 0xFF, 0x83, 0xE0, 0xFF, 0xFF, 0xFF, 0x0F, 0x83,
    0xFF, 0xFF, 0xFC, 0x3E, 0x0F, 0xFF, 0xFF, 0xF0, 0xF8, 0x3F, 0xFF, 0xFF, 0xC3, 0xE0, 0xFF, 0xFF,
    0xFF, 0x0F, 0x83, 0xFF, 0xFF, 0xFC, 0x3E, 0x0F, 0xFF, 0xFF, 0xE0, 0xF8, 0x3F, 0xFF, 0xFF, 0x43,
    0xFA, 0xFF, 0xFF, 0xFC, 0x0F, 0xFF, 0xFF, 0xFF, 0xD0, 0x3F, 0xFF, 0xFF, 0xFC, 0x00, 0xAA, 0xAA,
    0xA5, 0x00, 0x00, 0x00, 0x01, 0x54, 0x00, 0x00, 0x00, 0x3F, 0xC0, 0x00, 0x00, 0x03, 0xFC, 0x00,
    0x00, 0x00, 0x3F, 0xC0, 0x00, 0x00, 0x02, 0xF8, 0x00, 0x01, 0xD0, 0x2F, 0x80, 0x68, 0x2F, 0xFA,
    0xFA, 0xFF, 0x83, 0xFF, 0xFF, 0xFF, 0xFC, 0x3F, 0xFF, 0xFF, 0xFF, 0xC0, 0x15, 0xFF, 0xF5, 0x40,
    0x00, 0x1F, 0xFF, 0x40, 0x00, 0x03, 0xFF, 0xFC, 0x00, 0x00, 0xFF, 0x5F, 0xF0, 0x00, 0x2F, 0xF0,
    0xFF, 0x80, 0x02, 0xFE, 0x07, 0xF8, 0x00, 0x02, 0xC0, 0x38, 0x00, 0x00, 0x00, 0x00, 0x00, 0x00,
    0x06, 0x40, 0x2F, 0xF0, 0x3F, 0xF8, 0x3F, 0xF8, 0x3F, 0xF4, 0x0F, 0xE0, 0x00, 0x00, 0x00, 0x00,
    0x00, 0x00, 0x00, 0x00, 0x00, 0x00, 0x00, 0x00, 0x00, 0x00, 0x00, 0x00, 0x00, 0x00, 0x3F, 0xF0,
    0x2F, 0xF0, 0x1F, 0xF0, 0x0F, 0xF4, 0x0B, 0xF8, 0x07, 0xFC, 0x03, 0xFC, 0x01, 0xFD, 0x00, 0x54,
    0x00, 0x00, 0x55, 0x00, 0x00, 0x00, 0x1F, 0xFF, 0xF4, 0x00, 0x00, 0xBF, 0xFF, 0xFF, 0x00, 0x03,
    0xF4, 0x00, 0x1F, 0xD0, 0x0F, 0x80, 0x00, 0x01, 0xF0, 0x2E, 0x00, 0x00, 0x00, 0x7C, 0x3C, 0x00,
    0x00, 0x00, 0x2D, 0x10, 0x00, 0x00, 0x00, 0x08, 0x00, 0x00, 0x00, 0x00, 0x00, 0x00, 0x00, 0x00,
    0x00, 0x00, 0x00, 0x00, 0x00, 0x00, 0x00, 0x00, 0x00, 0x00, 0x00, 0x00, 0x00, 0x00, 0x00, 0x00,
    0x00, 0x00, 0x00, 0x00, 0x00, 0x00, 0x00, 0x00, 0x00, 0x00, 0x00, 0x00, 0x00, 0x00, 0x00, 0x00,
    0x00, 0x00, 0x00, 0x00, 0x00, 0x00, 0x00, 0x00, 0x00, 0x00, 0x00, 0x00, 0x00, 0x00, 0x00, 0x00,
    0x00, 0x00, 0x00, 0x00, 0x00, 0x00, 0x00, 0x00, 0x00, 0x00, 0x00, 0x00, 0x00, 0x00, 0x00, 0x00,
    0x00, 0x00, 0x00, 0x00, 0x00, 0x00, 0x00, 0x00, 0x00, 0x00, 0x00, 0x00, 0x00, 0x00, 0x00, 0x00,
    0x00, 0x00, 0x00, 0x00, 0x00, 0x00, 0x00, 0x00, 0x00, 0x00, 0x00, 0x00, 0x34, 0x00, 0x00, 0x00,
    0x0D, 0x3C, 0x00, 0x00, 0x00, 0x3C, 0x1F, 0x00, 0x00, 0x00, 0xB8, 0x07, 0xD0, 0x00, 0x03, 0xF0,
    0x01, 0xFE, 0x41, 0x7F, 0xC0, 0x00, 0x7F, 0xFF, 0xFE, 0x00, 0x00, 0x06, 0xFF, 0x90, 0x00, 0x00,
    0x01, 0x54, 0x00, 0x00, 0x00, 0x3F, 0xC0, 0x00, 0x00, 0x03, 0xFC, 0x00, 0x00, 0x00, 0x3F, 0xC0,
    0x00, 0x00, 0x02, 0xF8, 0x00, 0x01, 0xD0, 0x2F, 0x80, 0x68, 0x2F, 0xFA, 0xFA, 0xFF, 0x83, 0xFF,
    0xFF, 0xFF, 0xFC, 0x3F, 0xFF, 0xFF, 0xFF, 0xC0, 0x15, 0xFF, 0xF5, 0x40, 0x00, 0x1F, 0xFF, 0x40,
    0x00, 0x03, 0xFF, 0xFC, 0x00, 0x00, 0xFF, 0x5F, 0xF0, 0x00, 0x2F, 0xF0, 0xFF, 0x80, 0x02, 0xFE,
    0x07, 0xF8, 0x00, 0x02, 0xC0, 0x38, 0x00, 0x00, 0x00, 0x00, 0x00, 0x00, 0x00, 0x15, 0x40, 0x00,
    0x00, 0x03, 0xFC, 0x00, 0x00, 0x00, 0x3F, 0xC0, 0x00, 0x00, 0x03, 0xFC, 0x00, 0x00, 0x00, 0x2F,
    0x80, 0x00, 0x1D, 0x02, 0xF8, 0x06, 0x82, 0xFF, 0xAF, 0xAF, 0xF8, 0x3F, 0xFF, 0xFF, 0xFF, 0xC3,
    0xFF, 0xFF, 0xFF, 0xFC, 0x01, 0x5F, 0xFF, 0x54, 0x00, 0x01, 0xFF, 0xF4, 0x00, 0x00, 0x3F, 0xFF,
    0xC0, 0x00, 0x0F, 0xF5, 0xFF, 0x00, 0x02, 0xFF, 0x0F, 0xF8, 0x00, 0x2F, 0xE0, 0x7F, 0x80, 0x00,
    0x2C, 0x03, 0x80, 0x00, 0x00, 0x00, 0x00, 0x00, 0x00, 0x00, 0x00, 0x03, 0xFC, 0x00, 0xFE, 0xBF,
    0xE0, 0x2F, 0xDF, 0xFE, 0x03, 0xFC, 0xBF, 0xE0, 0x7F, 0x83, 0xFC, 0x0F, 0xF0, 0x00, 0x00, 0xFF,
    0x00, 0x00, 0x2F, 0xD0, 0x00, 0x03, 0xFC, 0x00, 0x00, 0x7F, 0x80, 0x00, 0x0F, 0xF0, 0x00, 0x01,
    0xFE, 0x00, 0x00, 0x2F, 0xD0, 0x00, 0x03, 0xFC, 0x00, 0x00, 0xBF, 0x40, 0x00, 0x0F, 0xF0, 0x00,
    0x01, 0xFE, 0x00, 0x00, 0x3F, 0xC0, 0x00, 0x03, 0xFC, 0x00, 0x00, 0xBF, 0x40, 0x00, 0x0F, 0xF0,
    0x2F, 0xC1, 0xFE, 0x07, 0xFF, 0x3F, 0xC0, 0xBF, 0xF7, 0xF8, 0x0B, 0xFF, 0xBF, 0x40, 0x3F, 0xD0,
    0x00, 0x00, 0x50, 0x00, 0x05, 0x54, 0x00, 0x00, 0x00, 0x00, 0x00, 0x01, 0xFF, 0xFF, 0xF9, 0x40,
    0x00, 0x00, 0xBC, 0x0B, 0xFF, 0xFF, 0xFF, 0xFE, 0x90, 0x07, 0xF8, 0x2F, 0xFF, 0xFF, 0xFF, 0xFF,
    0xFF, 0xFF, 0xF0, 0x3F, 0x40, 0x01, 0xAF, 0xFF, 0xFF, 0xFF, 0xC0, 0xBC, 0x00, 0x00, 0x00, 0x5B,
    0xFF, 0xFD, 0x00, 0x00, 0x00, 0x00, 0x00, 0x00, 0x00, 0x00, 0x00, 0x00, 0x00, 0x14, 0x00, 0x00,
    0x00, 0x1B, 0xFF, 0xF4, 0x00, 0x00, 0xBF, 0xFF, 0xFF, 0x00, 0x03, 0xF8, 0x00, 0x1F, 0xC0, 0x0B,
    0x80, 0x00, 0x02, 0xF0, 0x1E, 0x00, 0x00, 0x00, 0x7C, 0x3C, 0x00, 0x00, 0x00, 0x2D, 0x14, 0x00,
    0x00, 0x00, 0x08, 0x00, 0x02, 0xA0, 0x00, 0x00, 0x00, 0xFC, 0x00, 0x00, 0x70, 0x3F, 0x0B, 0x00,
    0x7F, 0x0F, 0xCB, 0xF0, 0x0F, 0xF7, 0xFB, 0xF8, 0x00, 0xFF, 0xFF, 0xF8, 0x00, 0x0F, 0xFF, 0xF8,
    0x03, 0xFF, 0xFF, 0xFF, 0xFE, 0xFF, 0xFF, 0xFF, 0xFF, 0xBF, 0xFF, 0xFF, 0xFF, 0xE0, 0x0B, 0xFF,
    0xF4, 0x00, 0x0B, 0xFF, 0xFF, 0x00, 0x0B, 0xFB, 0xFF, 0xF0, 0x07, 0xF8, 0xFC, 0xFF, 0x00, 0xB8,
    0x3F, 0x0F, 0x40, 0x04, 0x0F, 0xC0, 0x00, 0x00, 0x03, 0xF0, 0x00, 0x00, 0x00, 0x00, 0x00, 0x54,
    0x00, 0x00, 0x00, 0xFF, 0xC0, 0x00, 0x00, 0x3F, 0xF4, 0x00, 0x00, 0x1F, 0xFD, 0x00, 0x00, 0x03,
    0xFF, 0x00, 0x00, 0x00, 0x2A, 0x00, 0x00, 0x00, 0x00, 0x00, 0x00, 0x00, 0x00, 0x00, 0x00, 0x00,
    0x00, 0x00, 0x00, 0x00, 0x00, 0x00, 0x00, 0x14, 0x00, 0x00, 0x00, 0xBF, 0xC0, 0x00, 0x00, 0x3F,
    0xF8, 0x00, 0x00, 0x0F, 0xFE, 0x00, 0x00, 0x03, 0xFF, 0x40, 0x00, 0x00, 0x2A, 0x40, 0x00, 0x00,
    0x00, 0x00, 0x00, 0x00, 0x00, 0x00, 0x00, 0x00, 0x00, 0x00, 0x00, 0x00, 0x00, 0x00, 0x00, 0x00,
    0x00, 0x00, 0x00, 0x00, 0x54, 0x00, 0x00, 0x00, 0xFF, 0xC0, 0x00, 0x00, 0x3F, 0xF4, 0x00, 0x00,
    0x1F, 0xFD, 0x00, 0x00, 0x03, 0xFF, 0x00, 0x00, 0x00, 0x2E, 0x00, 0x00, 0x7F, 0xC1, 0xFF, 0x03,
    0xFC, 0x0F, 0xF0, 0x03, 0xFE, 0x0F, 0xF8, 0x3F, 0xE0, 0xFF, 0x80, 0x1F, 0xF0, 0x7F, 0xC1, 0xFF,
    0x07, 0xFC, 0x00, 0xFF, 0x03, 0xFC, 0x0F, 0xF4, 0x3F, 0xD0, 0x07, 0xF8, 0x1F, 0xE0, 0x7F, 0x81,
    0xFE, 0x00, 0x3F, 0xC0, 0xFF, 0x03, 0xFC, 0x0F, 0xF0, 0x01, 0xFC, 0x07, 0xF4, 0x1F, 0xD0, 0x7F,
    0x40, 0x0F, 0xE0, 0x3F, 0x80, 0xFE, 0x03, 0xF8, 0x00, 0x3E, 0x00, 0xFC, 0x03, 0xF0, 0x0F, 0xC0,
    0x00, 0x00, 0x00, 0x00, 0x54, 0x00, 0x00, 0x00, 0x00, 0x00, 0x0F, 0xFC, 0x00, 0x00, 0x00, 0x00,
    0x00, 0x3F, 0xF4, 0x00, 0x00, 0x00, 0x00, 0x01, 0xFF, 0xD0, 0x00, 0x00, 0x00, 0x00, 0x03, 0xFF,
    0x00, 0x00, 0x00, 0x00, 0x00, 0x02, 0xA0, 0x00, 0x00, 0x00, 0x00, 0x00, 0x00, 0x00, 0x00, 0x00,
    0x00, 0x00, 0x00, 0x00, 0x00, 0x00, 0x00, 0x00, 0x00, 0x00, 0x00, 0x00, 0x00, 0x00, 0x00, 0x00,
    0x00, 0x00, 0x00, 0x00, 0x00, 0x14, 0x00, 0x00, 0x00, 0x00, 0x54, 0x0B, 0xFC, 0x00, 0x00, 0x00,
    0x0F, 0xF8, 0x3F, 0xF8, 0x00, 0x00, 0x00, 0x7F, 0xF0, 0xFF, 0xE0, 0x00, 0x00, 0x01, 0xFF, 0xC3,
    0xFF, 0x40, 0x00, 0x00, 0x03, 0xFF, 0x02, 0xA4, 0x00, 0x00, 0x00, 0x06, 0xE0, 0x00, 0x00, 0x00,
    0x00, 0x00, 0x00, 0x00, 0x00, 0x00, 0x00, 0x00, 0x00, 0x00, 0x00, 0x00, 0x00, 0x00, 0x00, 0x00,
    0x00, 0x00, 0x00, 0x00, 0x00, 0x00, 0x00, 0x00, 0x00, 0x00, 0x00, 0x54, 0x00, 0x00, 0x00, 0x00,
    0x00, 0x0F, 0xFC, 0x00, 0x00, 0x00, 0x00, 0x00, 0x3F, 0xF4, 0x00, 0x00, 0x00, 0x00, 0x01, 0xFF,
    0xD0, 0x00, 0x00, 0x00, 0x00, 0x03, 0xFF, 0x00, 0x00, 0x00, 0x00, 0x00, 0x02, 0xE0, 0x00, 0x00,
    0x00, 0x05, 0x40, 0x00, 0x00, 0x00, 0x05, 0x40, 0xBF, 0xC0, 0x00, 0x00, 0x00, 0xFF, 0x83, 0xFF,
    0x80, 0x00, 0x00, 0x07, 0xFF, 0x0F, 0xFE, 0x00, 0x00, 0x00, 0x1F, 0xFC, 0x3F, 0xF4, 0x00, 0x00,
    0x00, 0x3F, 0xF0, 0x2A, 0x40, 0x00, 0x00, 0x00, 0x2A, 0x00, 0x00, 0x00, 0x00, 0x00, 0x00, 0x00,
    0x00, 0x00, 0x00, 0x00, 0x00, 0x00, 0x00, 0x00, 0x00, 0x00, 0x00, 0x00, 0x00, 0x00, 0x00, 0x00,
    0x00, 0x00, 0x00, 0x00, 0x00, 0x00, 0x00, 0x05, 0x40, 0x00, 0x00, 0x00, 0x00, 0x00, 0xFF, 0xC0,
    0x00, 0x00, 0x00, 0x00, 0x03, 0xFF, 0x40, 0x00, 0x00, 0x00, 0x00, 0x1F, 0xFD, 0x00, 0x00, 0x00,
    0x00, 0x00, 0x3F, 0xF0, 0x00, 0x00, 0x00, 0x00, 0x00, 0x2A, 0x00, 0x00, 0x00, 0x00, 0x00, 0x00,
    0x00, 0x00, 0x00, 0x00, 0x00, 0x00, 0x00, 0x00, 0x00, 0x00, 0x00, 0x00, 0x00, 0x00, 0x00, 0x00,
    0x00, 0x00, 0x00, 0x00, 0x00, 0x00, 0x00, 0x00, 0x01, 0x40, 0x00, 0x00, 0x00, 0x05, 0x00, 0xBF,
    0xC0, 0x00, 0x00, 0x00, 0xFF, 0x83, 0xFF, 0x80, 0x00, 0x00, 0x07, 0xFF, 0x0F, 0xFE, 0x00, 0x00,
    0x00, 0x1F, 0xFC, 0x3F, 0xF4, 0x00, 0x00, 0x00, 0x3F, 0xF0, 0x2E, 0x40, 0x00, 0x00, 0x00, 0x6E,
    0x00, 0x00, 0x00, 0x7F, 0x83, 0xFF, 0x4F, 0xFE, 0x3F, 0xF4, 0x7F, 0xC0, 0x14, 0x00, 0x00, 0x00,
    0x00, 0x00, 0x00, 0x00, 0x00, 0x00, 0x00, 0x00, 0x00, 0x00, 0x00, 0x00, 0x00, 0x00, 0x00, 0x00,
    0x00, 0x00, 0x00, 0x00, 0x1F, 0xE0, 0xFF, 0xD3, 0xFF, 0x8F, 0xFD, 0x1F, 0xF0, 0x05, 0x00, 0x00,
    0x00, 0x00, 0x00, 0x00, 0x00, 0x00, 0x1F, 0xE0, 0x00, 0x00, 0x00, 0x0F, 0xFC, 0x00, 0x00, 0x00,
    0x07, 0xFF, 0x40, 0x00, 0x00, 0x00, 0xFF, 0xD0, 0x00, 0x00, 0x00, 0x2F, 0xE0, 0x00, 0x00, 0x00,
    0x00, 0x40, 0x00, 0x00, 0x00, 0x00, 0x00, 0x00, 0x00, 0x00, 0x00, 0x00, 0x00, 0x00, 0x00, 0x00,
    0x00, 0x00, 0x00, 0x00, 0x00, 0x00, 0x00, 0x00, 0x00, 0x1A, 0x00, 0x00, 0x02, 0x90, 0x2F, 0xF0,
    0x00, 0x03, 0xFF, 0x0F, 0xFE, 0x00, 0x01, 0xFF, 0xC3, 0xFF, 0x80, 0x00, 0x7F, 0xF0, 0xFF, 0xD0,
    0x00, 0x0F, 0xFC, 0x0B, 0xD0, 0x00, 0x01, 0xF8, 0x00, 0x00, 0x00, 0x00, 0x00, 0x00, 0x00, 0x00,
    0x00, 0x00, 0x00, 0x00, 0x00, 0x00, 0x00, 0x00, 0x00, 0x00, 0x00, 0x00, 0x00, 0x00, 0x00, 0x00,
    0x00, 0x00, 0x00, 0x00, 0x07, 0xF8, 0x00, 0x00, 0x00, 0x03, 0xFF, 0x00, 0x00, 0x00, 0x01, 0xFF,
    0xD0, 0x00, 0x00, 0x00, 0x3F, 0xF4, 0x00, 0x00, 0x00, 0x0B, 0xF8, 0x00, 0x00, 0x00, 0x00, 0x14,
    0x00, 0x00, 0x00, 0x00, 0x02, 0xFC, 0x00, 0x00, 0x00, 0x00, 0x00, 0x0B, 0xF0, 0x00, 0x00, 0x00,
    0x2F, 0x80, 0x2F, 0xC0, 0x1F, 0x80, 0x01, 0xFF, 0x80, 0xBF, 0x00, 0xFF, 0xC0, 0x0B, 0xFF, 0x02,
    0xFC, 0x07, 0xFF, 0x00, 0x2F, 0xFC, 0x0B, 0xF0, 0x1F, 0xFC, 0x00, 0x7F, 0xD0, 0x2F, 0xC0, 0x3F,
    0xF0, 0x00, 0x29, 0x00, 0xBF, 0x00, 0x29, 0x00, 0x00, 0x00, 0x02, 0xFC, 0x00, 0x00, 0x00, 0x00,
    0x00, 0x0B, 0xF0, 0x00, 0x00, 0x00, 0x00, 0x00, 0x2F, 0xC0, 0x00, 0x00, 0x2F, 0xFF, 0xFF, 0xFF,
    0xFF, 0xFF, 0xFC, 0xFF, 0xFF, 0xFF, 0xFF, 0xFF, 0xFF, 0xF3, 0xFF, 0xFF, 0xFF, 0xFF, 0xFF, 0xFF,
    0xCB, 0xFF, 0xFF, 0xFF, 0xFF, 0xFF, 0xFF, 0x00, 0x00, 0x00, 0xBF, 0x00, 0x00, 0x00, 0x00, 0x00,
    0x02, 0xFC, 0x00, 0x00, 0x00, 0x00, 0x00, 0x0B, 0xF0, 0x00, 0x00, 0x00, 0x05, 0x00, 0x2F, 0xC0,
    0x05, 0x40, 0x01, 0xFF, 0x40, 0xBF, 0x00, 0xFF, 0x80, 0x0B, 0xFF, 0x02, 0xFC, 0x07, 0xFF, 0x00,
    0x2F, 0xFC, 0x0B, 0xF0, 0x1F, 0xFC, 0x00, 0xBF, 0xE0, 0x2F, 0xC0, 0x7F, 0xF0, 0x00, 0xBE, 0x00,
    0xBF, 0x00, 0xBF, 0x40, 0x00, 0x00, 0x02, 0xFC, 0x00, 0x00, 0x00, 0x00, 0x00, 0x0B, 0xF0, 0x00,
    0x00, 0x00, 0x00, 0x00, 0x00, 0x00, 0x00, 0x00, 0x00, 0x00, 0x00, 0x7F, 0xC3, 0xFF, 0x8F, 0xFE,
    0x3F, 0xF8, 0x7F, 0xC0, 0x00, 0x00, 0x00, 0x00, 0x00, 0x00, 0x00, 0x00, 0x03, 0xF8, 0x3F, 0xF8,
    0xFF, 0xE3, 0xFF, 0x87, 0xFC, 0x01, 0x40, 0x00, 0x00, 0x00, 0x00, 0x00, 0x00, 0x00, 0x2F, 0x43,
    0xFF, 0x4F, 0xFE, 0x3F, 0xF8, 0xBF, 0xD0, 0x68, 0x00, 0x05, 0x40, 0xBF, 0xC3, 0xFF, 0x8F, 0xFE,
    0x2F, 0xF0, 0x2A, 0x40, 0x00, 0x02, 0xE4, 0x3F, 0xF4, 0xFF, 0xE3, 0xFF, 0x8B, 0xFC, 0x01, 0x40,
    0x00, 0x01, 0xFE, 0x0F, 0xFD, 0x3F, 0xF8, 0xFF, 0xD1, 0xFE, 0x00, 0x00, 0x01, 0x40, 0xBF, 0xC3,
    0xFF, 0x8F, 0xFE, 0x3F, 0xF4, 0x2E, 0x40, 0xFF, 0xFF, 0x57, 0xD5, 0x02, 0x80, 0x02, 0x80, 0x02,
    0x80, 0x03, 0xC0, 0xFF, 0xFF, 0x02, 0x80, 0x02, 0x80, 0x02, 0x80, 0x02, 0x80, 0x02, 0x80, 0x02,
    0x80, 0x02, 0x80, 0x02, 0x80, 0x02, 0x80, 0x02, 0x80, 0x02, 0x80, 0x02, 0x80, 0x02, 0x80, 0x02,
    0x80, 0x02, 0x80, 0x02, 0x80, 0x02, 0x80, 0x02, 0x80, 0x02, 0x80, 0x02, 0x80, 0x01, 0x40, 0xFF,
    0xFF, 0xE5, 0x5B, 0xD0, 0x07, 0xD0, 0x07, 0xD0, 0x07, 0xE0, 0x0B, 0xFF, 0xFF, 0x02, 0x80, 0x02,
    0x80, 0x02, 0x80, 0x02, 0x80, 0x02, 0x80, 0x02, 0x80, 0x02, 0x80, 0x02, 0x80, 0x02, 0x80, 0x02,
    0x80, 0x02, 0x80, 0x02, 0x80, 0x02, 0x80, 0x02, 0x80, 0x02, 0x80, 0x02, 0x80, 0x02, 0x80, 0x02,
    0x80, 0x02, 0x80, 0x02, 0x80, 0x01, 0x40, 0xBF, 0xFE, 0x3F, 0xFC, 0x2F, 0xF8, 0x0F, 0xF0, 0x0B,
    0xE0, 0x03, 0xC0, 0x02, 0x80, 0x02, 0x80, 0x02, 0x80, 0x02, 0x80, 0x02, 0x80, 0x02, 0x80, 0x02,
    0x80, 0x02, 0x80, 0x02, 0x80, 0x02, 0x80, 0x02, 0x80, 0x02, 0x80, 0x02, 0x80, 0x02, 0x80, 0x02,
    0x80, 0x02, 0x80, 0x02, 0x80, 0x02, 0x80, 0x02, 0x80, 0x02, 0x80, 0x02, 0x80, 0x01, 0x40, 0x00,
    0x00, 0x01, 0x40, 0x03, 0xC0, 0x07, 0xD0, 0x0F, 0xF0, 0x1F, 0xF4, 0x3F, 0xFC, 0xBF, 0xFE, 0x02,
    0x80, 0x02, 0x80, 0x02, 0x80, 0x02, 0x80, 0x02, 0x80, 0x02, 0x80, 0x02, 0x80, 0x02, 0x80, 0x02,
    0x80, 0x02, 0x80, 0x02, 0x80, 0x02, 0x80, 0x02, 0x80, 0x02, 0x80, 0x02, 0x80, 0x02, 0x80, 0x02,
    0x80, 0x02, 0x80, 0x02, 0x80, 0x02, 0x80, 0x01, 0x40, 0x02, 0x80, 0x0B, 0xE0, 0x2C, 0x38, 0xB0,
    0x0E, 0x3C, 0x3C, 0x0F, 0xF0, 0x03, 0xC0, 0x02, 0x80, 0x02, 0x80, 0x02, 0x80, 0x02, 0x80, 0x02,
    0x80, 0x02, 0x80, 0x02, 0x80, 0x02, 0x80, 0x02, 0x80, 0x02, 0x80, 0x02, 0x80, 0x02, 0x80, 0x02,
    0x80, 0x02, 0x80, 0x02, 0x80, 0x02, 0x80, 0x02, 0x80, 0x02, 0x80, 0x02, 0x80, 0x02, 0x80, 0x01,
    0x40, 0xFF, 0x80, 0x57, 0x80, 0x02, 0x80, 0x02, 0x80, 0x02, 0x80, 0x03, 0xC0, 0xFF, 0xFF, 0x02,
    0x80, 0x02, 0x80, 0x02, 0x80, 0x02, 0x80, 0x02, 0x80, 0x02, 0x80, 0x02, 0x80, 0x02, 0x80, 0x02,
    0x80, 0x02, 0x80, 0x02, 0x80, 0x02, 0x80, 0x02, 0x80, 0x02, 0x80, 0x02, 0x80, 0x02, 0x80, 0x02,
    0x80, 0x02, 0x80, 0x02, 0x80, 0x02, 0x80, 0x01, 0x40, 0x00, 0x00, 0x00, 0x00, 0x00, 0x00, 0xBF,
    0xFE, 0x00, 0x00, 0x1F, 0xFF, 0xFD, 0x00, 0x01, 0xFF, 0xFF, 0xF0, 0x00, 0x0F, 0xFF, 0xFF, 0x80,
    0x00, 0xBF, 0xF0, 0x05, 0x00, 0x03, 0xFF, 0x00, 0x00, 0x00, 0x0F, 0xF8, 0x00, 0x00, 0x00, 0x3F,
    0xD0, 0x2A, 0xAA, 0xA1, 0xFF, 0x41, 0xFF, 0xFF, 0xD7, 0xFD, 0x07, 0xFF, 0xFF, 0x4F, 0xF4, 0x1F,
    0xFF, 0xFD, 0x3F, 0xE0, 0x7F, 0xC0, 0x00, 0xFF, 0xC1, 0xFF, 0x00, 0x01, 0xFF, 0xEB, 0xFD, 0x55,
    0x03, 0xFF, 0xFF, 0xFF, 0xFC, 0x03, 0xFF, 0xFF, 0xFF, 0xF0, 0x02, 0xFF, 0xFF, 0xFF, 0xC0, 0x00,
    0x1B, 0xFD, 0x55, 0x00, 0x00, 0x1F, 0xF0, 0x00, 0x00, 0x00, 0x7F, 0xC0, 0x00, 0x00, 0x01, 0xFF,
    0xFF, 0xC0, 0x00, 0x07, 0xFF, 0xFF, 0x40, 0x00, 0x1F, 0xFF, 0xFD, 0x00, 0x00, 0x7F, 0xFF, 0xF4,
    0x00, 0x00, 0x05, 0x01, 0x40, 0x00, 0x00, 0x3D, 0x1F, 0x00, 0x00, 0x01, 0xF0, 0xBC, 0x00, 0x00,
    0x6F, 0xFF, 0xE0, 0x00, 0x2F, 0xFF, 0xFF, 0xF4, 0x03, 0xFF, 0xFF, 0xFF, 0xD0, 0x3F, 0xFF, 0xFF,
    0xFF, 0x03, 0xFF, 0xFF, 0x0B, 0xF8, 0x2F, 0xFD, 0xBC, 0x3E, 0x00, 0xFF, 0xD3, 0xE0, 0xF4, 0x07,
    0xFF, 0x0F, 0x43, 0xC0, 0x2F, 0xF4, 0x3C, 0x1F, 0x00, 0xFF, 0xD1, 0xF0, 0xBC, 0x03, 0xFF, 0x0B,
    0xC3, 0xE0, 0x0F, 0xFC, 0x3E, 0x0F, 0x40, 0x3F, 0xF0, 0xF4, 0x3C, 0x00, 0xBF, 0xD3, 0xC1, 0xF0,
    0x02, 0xFF, 0x9F, 0x0B, 0xC0, 0x07, 0xFF, 0xBC, 0x3E, 0x00, 0x0F, 0xFF, 0xE0, 0xF4, 0x00, 0x1F,
    0xFF, 0x83, 0xC1, 0x90, 0x3F, 0xFF, 0xFF, 0xFF, 0x40, 0x3F, 0xFF, 0xFF, 0xFD, 0x00, 0x2F, 0xFF,
    0xFF, 0xF4, 0x00, 0x3F, 0xFF, 0xFF, 0x40, 0x00, 0xF4, 0x7D, 0x00, 0x00, 0x03, 0xC1, 0xF0, 0x00,
    0x00, 0x1F, 0x0B, 0x80, 0x00, 0x00, 0x00, 0x00, 0x00, 0x00, 0x00, 0x6F, 0xFF, 0x90, 0x00, 0x3F,
    0xFF, 0xFF, 0xC0, 0x1F, 0xFF, 0xFF, 0xFC, 0x03, 0xFF, 0xFF, 0xFF, 0x40, 0xFF, 0xF8, 0x01, 0xB0,
    0x1F, 0xFD, 0x00, 0x00, 0x03, 0xFF, 0x80, 0x00, 0x00, 0x3F, 0xF0, 0x00, 0x00, 0x07, 0xFE, 0x00,
    0x00, 0x00, 0xBF, 0xD0, 0x29, 0x0A, 0x8B, 0xFD, 0x07, 0xF3, 0xFC, 0xFF, 0xC0, 0x7F, 0xBF, 0xCF,
    0xFC, 0x07, 0xFF, 0xFC, 0xFF, 0xD0, 0x7F, 0xF9, 0x4B, 0xFD, 0x07, 0xFE, 0x00, 0xBF, 0xE0, 0x7F,
    0xC0, 0x07, 0xFF, 0x07, 0xFC, 0x00, 0x3F, 0xF0, 0x7F, 0xC0, 0x03, 0xFF, 0xC7, 0xFC, 0x00, 0x1F,
    0xFE, 0xBF, 0xC1, 0x40, 0xFF, 0xFF, 0xFF, 0xF8, 0x03, 0xFF, 0xFF, 0xFF, 0x80, 0x0F, 0xFF, 0xFF,
    0xF8, 0x00, 0x1F, 0xFF, 0xFE, 0x00, 0x00, 0x01, 0x50, 0x00, 0x03, 0xFF, 0xFF, 0xFF, 0xC0, 0x3F,
    0xFF, 0xFF, 0xFD, 0x03, 0xFF, 0xFF, 0xFF, 0xD0, 0x3F, 0xFF, 0xFF, 0xFD, 0x03, 0xFF, 0x55, 0x55,
    0x40, 0x3F, 0xF0, 0x00, 0x00, 0x03, 0xFF, 0x00, 0x00, 0x00, 0x3F, 0xF0, 0x00, 0x00, 0x03, 0xFF,
    0x00, 0x00, 0x00, 0x3F, 0xF0, 0x00, 0x00, 0x03, 0xFF, 0xFF, 0xFF, 0x80, 0x3F, 0xFF, 0xFF, 0xF8,
    0x03, 0xFF, 0xFF, 0xFF, 0x80, 0x3F, 0xFF, 0xFF, 0xF8, 0x03, 0xFF, 0x00, 0x00, 0x00, 0x3F, 0xF0,
    0x00, 0x00, 0x03, 0xFF, 0x00, 0x00, 0x07, 0xFF, 0xFF, 0xFC, 0x00, 0x7F, 0xFF, 0xFF, 0xC0, 0x06,
    0xBF, 0xFA, 0xA8, 0x00, 0x03, 0xFF, 0x00, 0x00, 0x00, 0x3F, 0xF0, 0x00, 0x00, 0x03, 0xFF, 0x00,
    0x00, 0x00, 0x3F, 0xF0, 0x00, 0x00, 0x00, 0x00, 0x00, 0x00, 0x00, 0x00, 0x6F, 0xFF, 0x90, 0x00,
    0x2F, 0xFF, 0xFF, 0x80, 0x0B, 0xFF, 0xFF, 0xF0, 0x00, 0xFF, 0xFF, 0xFF, 0x00, 0x2F, 0xFC, 0x01,
    0x90, 0x02, 0xFF, 0x40, 0x00, 0x00, 0x2F, 0xF0, 0x00, 0x00, 0x02, 0xFF, 0x00, 0x00, 0x05, 0x7F,
    0xF9, 0x55, 0x00, 0xBF, 0xFF, 0xFF, 0xF0, 0x0B, 0xFF, 0xFF, 0xFF, 0x00, 0x57, 0xFF, 0x95, 0x50,
    0x00, 0x2F, 0xF0, 0x00, 0x00, 0x6B, 0xFF, 0xEA, 0xA0, 0x0B, 0xFF, 0xFF, 0xFF, 0x00, 0xBF, 0xFF,
    0xFF, 0xF0, 0x00, 0x3F, 0xF0, 0x00, 0x00, 0x03, 0xFF, 0x00, 0x00, 0x00, 0xBF, 0xD0, 0x00, 0x00,
    0x2F, 0xF8, 0x00, 0x00, 0x0B, 0xFF, 0xFF, 0xFF, 0xFD, 0xBF, 0xFF, 0xFF, 0xFF, 0xDB, 0xFF, 0xFF,
    0xFF, 0xFD, 0xBF, 0xFF, 0xFF, 0xFF, 0xD0, 0x00, 0x00, 0x00, 0x00, 0x00, 0x00, 0x00, 0x00, 0x00,
    0x00, 0x00, 0x03, 0xF0, 0x00, 0x00, 0x00, 0x00, 0x00, 0x02, 0xF8, 0x00, 0x00, 0x00, 0x00, 0x00,
    0x00, 0xFC, 0x00, 0x00, 0x00, 0x00, 0x19, 0x40, 0xBF, 0x69, 0x00, 0x2F, 0xE1, 0xFF, 0xFE, 0x3F,
    0xFF, 0xF8, 0x0B, 0xFD, 0xFF, 0xFF, 0xFF, 0xFF, 0xFF, 0xC2, 0xFF, 0xFF, 0xFF, 0xFF, 0xFF, 0xFF,
    0xF4, 0xBF, 0xFF, 0xAF, 0xFF, 0xFE, 0x6F, 0xFF, 0x2F, 0xFE, 0x00, 0xFF, 0xFC, 0x02, 0xFF, 0xCB,
    0xFF, 0x00, 0x1F, 0xFD, 0x00, 0x3F, 0xF2, 0xFF, 0x80, 0x07, 0xFF, 0x00, 0x0F, 0xFC, 0xBF, 0xE0,
    0x00, 0xFF, 0xC0, 0x03, 0xFF, 0x2F, 0xF4, 0x00, 0x3F, 0xF0, 0x00, 0xFF, 0xCB, 0xFD, 0x00, 0x1F,
    0xFC, 0x00, 0x3F, 0xF2, 0xFF, 0x40, 0x0B, 0xFF, 0x00, 0x0F, 0xFC, 0xBF, 0xD0, 0x03, 0xFF, 0xC0,
    0x03, 0xFF, 0x2F, 0xF4, 0x02, 0xFF, 0xF0, 0x00, 0xFF, 0xCB, 0xFD, 0x00, 0xFF, 0xFC, 0x00, 0x3F,
    0xF2, 0xFF, 0x40, 0xBF, 0xFF, 0x00, 0x0F, 0xFC, 0xBF, 0xD0, 0x3F, 0xFF, 0xC0, 0x03, 0xFF, 0x2F,
    0xF4, 0x2F, 0xFF, 0xF0, 0x00, 0xFF, 0xCB, 0xFD, 0x0F, 0xEF, 0xFC, 0x00, 0x3F, 0xF0, 0x00, 0x07,
    0xF0, 0x00, 0x00, 0x00, 0x00, 0x00, 0x03, 0xF4, 0x00, 0x00, 0x00, 0x00, 0x00, 0x01, 0xFC, 0x00,
    0x00, 0x00, 0x00, 0x00, 0x00, 0xA9, 0x00, 0x00, 0x00, 0x00, 0x00, 0x0B, 0xFD, 0x00, 0x2F, 0x80,
    0x2F, 0xFC, 0x00, 0xFF, 0x00, 0xBF, 0xF0, 0x03, 0xFC, 0x02, 0xFF, 0xE0, 0x0F, 0xF0, 0x0B, 0xFF,
    0xC0, 0x3F, 0xC0, 0x2F, 0xBF, 0x00, 0xFF, 0x00, 0xBE, 0xBD, 0x03, 0xFC, 0x02, 0xFD, 0xFC, 0x0F,
    0xF0, 0x6F, 0xFB, 0xFA, 0xBF, 0xE6, 0xFF, 0xFF, 0xFF, 0xFF, 0xEB, 0xFF, 0xFF, 0xFF, 0xFF, 0x82,
    0xFC, 0x7F, 0x0F, 0xF0, 0x0B, 0xF0, 0xFD, 0x3F, 0xC1, 0xBF, 0xEB, 0xFE, 0xFF, 0xAB, 0xFF, 0xFF,
    0xFF, 0xFF, 0xAF, 0xFF, 0xFF, 0xFF, 0xFE, 0x0B, 0xF0, 0x2F, 0x6F, 0xC0, 0x2F, 0xC0, 0x7E, 0xBF,
    0x00, 0xBF, 0x00, 0xFE, 0xFC, 0x02, 0xFC, 0x03, 0xFF, 0xF0, 0x0B, 0xF0, 0x0B, 0xFF, 0xC0, 0x2F,
    0xC0, 0x0F, 0xFF, 0x00, 0xBF, 0x00, 0x3F, 0xFC, 0x02, 0xFC, 0x00, 0xBF, 0xF0, 0x7F, 0xFF, 0xA4,
    0x00, 0x00, 0x00, 0x01, 0xFF, 0xFF, 0xFD, 0x00, 0x00, 0x00, 0x07, 0xFF, 0xFF, 0xFE, 0x00, 0x00,
    0x00, 0x1F, 0xFF, 0xFF, 0xFD, 0x00, 0x00, 0x00, 0x7F, 0xE5, 0xBF, 0xFC, 0x00, 0x00, 0x01, 0xFF,
    0x40, 0x3F, 0xF4, 0x00, 0x00, 0x07, 0xFD, 0x00, 0xBF, 0xD0, 0x2A, 0x00, 0x1F, 0xF4, 0x01, 0xFF,
    0x80, 0xFC, 0x00, 0x7F, 0xD0, 0x07, 0xFD, 0x0B, 0xF0, 0x01, 0xFF, 0x40, 0x2F, 0xF4, 0x3F, 0xC0,
    0x07, 0xFD, 0x01, 0xFF, 0xC2, 0xFF, 0xFF, 0x1F, 0xFA, 0xBF, 0xFE, 0x7F, 0xFF, 0xFD, 0x7F, 0xFF,
    0xFF, 0xF3, 0xFF, 0xFF, 0xF5, 0xFF, 0xFF, 0xFF, 0x4A, 0xFF, 0xEA, 0x87, 0xFF, 0xFF, 0xE0, 0x02,
    0xFF, 0x00, 0x1F, 0xFA, 0x94, 0x00, 0x0B, 0xFC, 0x00, 0x7F, 0xD0, 0x00, 0x00, 0x2F, 0xF0, 0x01,
    0xFF, 0x40, 0x00, 0x00, 0xBF, 0xC0, 0x07, 0xFD, 0x00, 0x00, 0x02, 0xFF, 0x00, 0x1F, 0xF4, 0x00,
    0x00, 0x07, 0xFC, 0x00, 0x7F, 0xD0, 0x00, 0x00, 0x1F, 0xFD, 0x65, 0xFF, 0x40, 0x00, 0x00, 0x3F,
    0xFF, 0xD7, 0xFD, 0x00, 0x00, 0x00, 0xBF, 0xFF, 0x5F, 0xF4, 0x00, 0x00, 0x00, 0xBF, 0xFD, 0x00,
    0x00, 0x00, 0x00, 0x00, 0x05, 0x00, 0x7F, 0xFF, 0xA0, 0x00, 0x00, 0x00, 0x00, 0xBF, 0xFF, 0xFF,
    0x00, 0x00, 0x00, 0x00, 0xBF, 0xFF, 0xFF, 0xC0, 0x00, 0x00, 0x00, 0xBF, 0xFF, 0xFF, 0xE0, 0x00,
    0x00, 0x00, 0xBF, 0xD5, 0xFF, 0xF0, 0x00, 0x00, 0x00, 0xBF, 0xC0, 0x3F, 0xF0, 0x00, 0x69, 0x40,
    0xBF, 0xC0, 0x2F, 0xF4, 0x0F, 0xFF, 0xF8, 0xBF, 0xC0, 0x1F, 0xF4, 0x3F, 0xFF, 0xFC, 0xBF, 0xC0,
    0x2F, 0xF0, 0xBF, 0xFF, 0xF8, 0xBF, 0xC0, 0x3F, 0xF0, 0xFF, 0xC1, 0xB4, 0xBF, 0xD1, 0xFF, 0xE0,
    0xFF, 0x40, 0x00, 0xBF, 0xFF, 0xFF, 0xC0, 0xFF, 0xC0, 0x00, 0xBF, 0xFF, 0xFF, 0x00, 0xFF, 0xF4,
    0x00, 0xBF, 0xFF, 0xFC, 0x00, 0x7F, 0xFF, 0x00, 0xBF, 0xFF, 0xFD, 0x00, 0x1F, 0xFF, 0xE0, 0xBF,
    0xC3, 0xFF, 0x00, 0x03, 0xFF, 0xF8, 0xBF, 0xC2, 0xFF, 0x40, 0x00, 0x7F, 0xFC, 0xBF, 0xC0, 0xFF,
    0xC0, 0x00, 0x0F, 0xFD, 0xBF, 0xC0, 0xFF, 0xC0, 0x00, 0x03, 0xFD, 0xBF, 0xC0, 0x7F, 0xE0, 0x40,
    0x03, 0xFD, 0xBF, 0xC0, 0x3F, 0xF0, 0xF9, 0x1B, 0xFC, 0xBF, 0xC0, 0x2F, 0xF8, 0xFF, 0xFF, 0xFC,
    0xBF, 0xC0, 0x0F, 0xFC, 0xFF, 0xFF, 0xF0, 0xBF, 0xC0, 0x0B, 0xFE, 0xBF, 0xFF, 0x80, 0x00, 0x00,
    0x00, 0x00, 0x01, 0x50, 0x00, 0x3F, 0x80, 0x0F, 0xF4, 0x00, 0xFE, 0x0F, 0xF0, 0x03, 0xFE, 0x00,
    0x3F, 0x83, 0xFC, 0x01, 0xFF, 0xC0, 0x1F, 0xE0, 0xFF, 0x00, 0x7F, 0xF0, 0x07, 0xF4, 0x2F, 0xC0,
    0x2F, 0xFC, 0x02, 0xFC, 0x0B, 0xF4, 0x0B, 0xEF, 0x40, 0xFF, 0x01, 0xFD, 0x03, 0xF7, 0xD0, 0x3F,
    0xC0, 0x3F, 0x80, 0xFD, 0xF8, 0x0F, 0xE0, 0x0F, 0xE0, 0x3E, 0x3F, 0x03, 0xF8, 0x03, 0xFC, 0x1F,
    0x8F, 0xC1, 0xFD, 0x00, 0xFF, 0x0B, 0xE3, 0xF4, 0xBF, 0x42, 0xFF, 0xFF, 0xFF, 0xFF, 0xFF, 0xFD,
    0xBF, 0xFF, 0xFF, 0xFF, 0xFF, 0xFF, 0x45, 0xFE, 0x7F, 0x5B, 0xF7, 0xFD, 0x40, 0x3F, 0x4F, 0xC1,
    0xFC, 0xFE, 0x00, 0x0F, 0xE7, 0xF0, 0x3F, 0x3F, 0x40, 0x02, 0xFA, 0xF8, 0x0F, 0xDF, 0xD0, 0x00,
    0xBF, 0xBD, 0x03, 0xFB, 0xF0, 0x00, 0x1F, 0xFF, 0x40, 0xBF, 0xFC, 0x00, 0x03, 0xFF, 0xC0, 0x2F,
    0xFE, 0x00, 0x00, 0xFF, 0xF0, 0x07, 0xFF, 0x80, 0x00, 0x3F, 0xF8, 0x00, 0xFF, 0xD0, 0x00, 0x0B,
    0xFE, 0x00, 0x3F, 0xF0, 0x00, 0x02, 0xFF, 0x40, 0x0F, 0xFC, 0x00, 0x3F, 0xFF, 0xFF, 0x90, 0x00,
    0x1F, 0xE3, 0xFF, 0xFF, 0xFF, 0xE0, 0x02, 0xFF, 0x3F, 0xFF, 0xFF, 0xFF, 0xC0, 0x2F, 0xF3, 0xFF,
    0xFF, 0xFF, 0xFE, 0x02, 0xFF, 0x3F, 0xC0, 0x00, 0x7F, 0xF0, 0x2F, 0xF3, 0xFC, 0x00, 0x01, 0xFF,
    0x42, 0xFF, 0x3F, 0xC0, 0xAA, 0x0F, 0xF8, 0x2F, 0xF3, 0xFC, 0x1F, 0xF0, 0xBF, 0xC2, 0xFF, 0x3F,
    0xC1, 0xFF, 0x07, 0xFC, 0x2F, 0xF3, 0xFC, 0x1F, 0xF0, 0x7F, 0xC2, 0xFF, 0x3F, 0xC1, 0xFF, 0x07,
    0xFC, 0x2F, 0xF3, 0xFC, 0x1F, 0xF0, 0x7F, 0xC2, 0xFF, 0x3F, 0xC1, 0xFF, 0x07, 0xFC, 0x2F, 0xF3,
    0xFC, 0x1F, 0xF0, 0x7F, 0xC2, 0xFF, 0x3F, 0xC1, 0xFF, 0x07, 0xFC, 0x2F, 0xF3, 0xFC, 0x1F, 0xF0,
    0x7F, 0xC2, 0xFF, 0x3F, 0xC1, 0xFF, 0x07, 0xFC, 0x2F, 0xE3, 0xFC, 0x1F, 0xF0, 0x7F, 0xC3, 0xFE,
    0x3F, 0xC1, 0xFF, 0x00, 0x00, 0x7F, 0xD3, 0xFC, 0x1F, 0xF0, 0x00, 0x0F, 0xFC, 0x3F, 0xC1, 0xFF,
    0xAA, 0xAF, 0xFF, 0x83, 0xFC, 0x1F, 0xFF, 0xFF, 0xFF, 0xF0, 0x3F, 0xC1, 0xFF, 0xFF, 0xFF, 0xF8,
    0x03, 0xFC, 0x1F, 0xFF, 0xFF, 0xF8, 0x00, 0x00, 0x00, 0x00, 0x15, 0x40, 0x00, 0x00, 0x00, 0x1F,
    0xF8, 0x00, 0x00, 0x00, 0x07, 0xFE, 0x00, 0x00, 0x06, 0xAB, 0xFF, 0xE8, 0x00, 0x02, 0xFF, 0xFF,
    0xFF, 0x00, 0x00, 0xBF, 0xFF, 0xFF, 0xC0, 0x00, 0x1A, 0xAB, 0xFF, 0xA0, 0x00, 0x00, 0x01, 0xFF,
    0x80, 0x00, 0x05, 0x50, 0x7F, 0xE0, 0x00, 0x3F, 0xFF, 0x1F, 0xF8, 0x00, 0x7F, 0xFF, 0xF7, 0xFE,
    0x00, 0x3F, 0xFF, 0xFF, 0xFF, 0x80, 0x2F, 0xFF, 0xAB, 0xFF, 0xE0, 0x0F, 0xFF, 0x00, 0x7F, 0xF8,
    0x03, 0xFF, 0x80, 0x0B, 0xFE, 0x01, 0xFF, 0xC0, 0x01, 0xFF, 0x80, 0x7F, 0xF0, 0x00, 0x3F, 0xE0,
    0x1F, 0xFC, 0x00, 0x0F, 0xF8, 0x07, 0xFF, 0x00, 0x03, 0xFE, 0x01, 0xFF, 0xD0, 0x01, 0xFF, 0x80,
    0x3F, 0xF8, 0x00, 0xBF, 0xE0, 0x0F, 0xFF, 0x40, 0x7F, 0xF8, 0x02, 0xFF, 0xFE, 0xFF, 0xFE, 0x00,
    0x3F, 0xFF, 0xFF, 0xFF, 0x80, 0x03, 0xFF, 0xFE, 0x3F, 0xE0, 0x00, 0x2F, 0xFD, 0x0B, 0xF8, 0x00,
    0x00, 0x50, 0x00, 0x00, 0x00, 0x00, 0x00, 0x00, 0x00, 0x00, 0x00, 0x00, 0x00, 0x00, 0x00, 0x00,
    0xFF, 0xFF, 0xFF, 0xE0, 0x00, 0x3F, 0xFF, 0xFF, 0xF8, 0x00, 0x05, 0x55, 0x55, 0x54, 0x00, 0x00,
    0x00, 0x6F, 0xFE, 0x00, 0x00, 0x7F, 0xFF, 0xFE, 0x00, 0x2F, 0xFF, 0xFF, 0xD0, 0x0B, 0xFF, 0xFF,
    0xFC, 0x01, 0xFF, 0xE4, 0x07, 0x40, 0x3F, 0xF8, 0x00, 0x00, 0x03, 0xFF, 0x00, 0x00, 0x00, 0xBF,
    0xD0, 0x00, 0x00, 0x5F, 0xFE, 0x55, 0x50, 0x0F, 0xFF, 0xFF, 0xFE, 0x00, 0xFF, 0xFF, 0xFF, 0xE0,
    0x05, 0xFF, 0xD5, 0x55, 0x00, 0x0F, 0xFC, 0x00, 0x00, 0x0A, 0xFF, 0xEA, 0xA4, 0x00, 0xFF, 0xFF,
    0xFF, 0x80, 0x0F, 0xFF, 0xFF, 0xF8, 0x00, 0x0B, 0xFD, 0x00, 0x00, 0x00, 0x7F, 0xE0, 0x00, 0x00,
    0x03, 0xFF, 0x40, 0x00, 0x00, 0x2F, 0xFE, 0x00, 0x18, 0x00, 0xFF, 0xFF, 0xFF, 0xC0, 0x03, 0xFF,
    0xFF, 0xFC, 0x00, 0x0F, 0xFF, 0xFF, 0xC0, 0x00, 0x1F, 0xFF, 0xF4, 0x00, 0x00, 0x01, 0x50, 0x00,
    0x0B, 0xFD, 0x00, 0x1F, 0xF8, 0x0B, 0xFD, 0x00, 0x3F, 0xF0, 0x0B, 0xFD, 0x00, 0x7F, 0xE0, 0x0B,
    0xFD, 0x00, 0xFF, 0xC0, 0x0B, 0xFD, 0x02, 0xFF, 0x40, 0x0B, 0xFD, 0x03, 0xFE, 0x00, 0x0B, 0xFD,
    0x0F, 0xFC, 0x00, 0x0B, 0xFD, 0x1F, 0xF4, 0x00, 0x0B, 0xFD, 0x3F, 0xF0, 0x00, 0x0B, 0xFD, 0xBF,
    0xC0, 0x00, 0x1F, 0xFE, 0xFF, 0xD5, 0x40, 0xBF, 0xFF, 0xFF, 0xFF, 0xE0, 0xBF, 0xFF, 0xFF, 0xFF,
    0xE0, 0xBF, 0xFF, 0xFF, 0xFF, 0xE0, 0x0B, 0xFF, 0x7F, 0xE0, 0x00, 0x0B, 0xFD, 0x2F, 0xF0, 0x00,
    0x0B, 0xFD, 0x0F, 0xFC, 0x00, 0x0B, 0xFD, 0x0B, 0xFD, 0x00, 0x0B, 0xFD, 0x03, 0xFF, 0x00, 0x0B,
    0xFD, 0x02, 0xFF, 0x80, 0x0B, 0xFD, 0x00, 0xFF, 0xC0, 0x0B, 0xFD, 0x00, 0xBF, 0xE0, 0x0B, 0xFD,
    0x00, 0x3F, 0xF0, 0x0B, 0xFD, 0x00, 0x2F, 0xFC, 0x7F, 0xFF, 0xFF, 0xFF, 0xF5, 0xFF, 0xFF, 0xFF,
    0xFF, 0xD7, 0xFF, 0xFF, 0xFF, 0xFF, 0x5F, 0xFF, 0xFF, 0xFF, 0xFD, 0x15, 0x57, 0xFF, 0x55, 0x50,
    0x00, 0x0F, 0xFC, 0x00, 0x00, 0x00, 0x3F, 0xF1, 0xE0, 0x00, 0x00, 0xFF, 0xEF, 0xC0, 0x00, 0x03,
    0xFF, 0xFC, 0x00, 0x00, 0x0F, 0xFF, 0x80, 0x00, 0x00, 0x3F, 0xF4, 0x00, 0x00, 0x02, 0xFF, 0xC0,
    0x00, 0x00, 0x3F, 0xFF, 0x1E, 0x00, 0x0B, 0xFF, 0xFF, 0xFC, 0x00, 0x3F, 0x7F, 0xFF, 0xC0, 0x00,
    0x20, 0xFF, 0xF8, 0x00, 0x00, 0x03, 0xFF, 0x00, 0x00, 0x00, 0x2F, 0xFC, 0x00, 0x00, 0x07, 0xFF,
    0xF0, 0x00, 0x00, 0xBF, 0xFF, 0xC0, 0x00, 0x02, 0xF7, 0xFF, 0x00, 0x00, 0x02, 0x0F, 0xFC, 0x00,
    0x00, 0x00, 0x3F, 0xF0, 0x00, 0x00, 0x00, 0xFF, 0xC0, 0x00, 0x00, 0x00, 0x00, 0x00, 0x00, 0x00,
    0x00, 0x00, 0x01, 0xBF, 0xFF, 0xE4, 0x00, 0x00, 0x00, 0x00, 0x03, 0xFF, 0xFF, 0xFF, 0xD0, 0x00,
    0x00, 0x00, 0x00, 0xFF, 0xFF, 0xFF, 0xFE, 0x00, 0x00, 0x00, 0x00, 0x1F, 0xFF, 0xFF, 0xFF, 0xE0,
    0x00, 0x00, 0x00, 0x03, 0x90, 0x00, 0xBF, 0xFD, 0x00, 0x00, 0x00, 0x00, 0x00, 0x00, 0x03, 0xFF,
    0xC0, 0x00, 0x00, 0x00, 0x01, 0xFF, 0x40, 0x3F, 0xF0, 0x00, 0x00, 0x00, 0x00, 0xBF, 0xC0, 0x0B,
    0xFD, 0x00, 0x00, 0x00, 0x00, 0x3F, 0xF0, 0x01, 0xFF, 0x80, 0x00, 0x00, 0x00, 0x0F, 0xF8, 0x00,
    0x3F, 0xE0, 0x00, 0x00, 0x00, 0x07, 0xFD, 0x00, 0x0F, 0xFC, 0x00, 0x00, 0x00, 0x02, 0xFF, 0x40,
    0x03, 0xFE, 0x00, 0x00, 0x00, 0x00, 0xFF, 0xC0, 0x01, 0xFF, 0x80, 0x05, 0x40, 0x00, 0x3F, 0xF0,
    0x00, 0xBF, 0xD0, 0x2F, 0xFF, 0x40, 0x0F, 0xF8, 0x00, 0x3F, 0xF0, 0x3F, 0xFF, 0xF8, 0x07, 0xFD,
    0x00, 0x1F, 0xFC, 0x3F, 0xFB, 0xFF, 0x02, 0xFF, 0x00, 0x0F, 0xFE, 0x1F, 0xF0, 0x2F, 0xD0, 0xFF,
    0xC0, 0x0B, 0xFF, 0x0F, 0xF4, 0x03, 0xF8, 0x3F, 0xF0, 0x0B, 0xFF, 0x43, 0xFC, 0x00, 0xFE, 0x0F,
    0xF8, 0x2F, 0xFF, 0x81, 0xFF, 0x00, 0x7F, 0x47, 0xFF, 0xFF, 0xFF, 0xC0, 0xBF, 0xC0, 0x3F, 0xC2,
    0xFF, 0xFF, 0xFF, 0x80, 0x3F, 0xFE, 0xBF, 0xE0, 0xFF, 0xFF, 0xFF, 0x40, 0x0F, 0xFF, 0xFF, 0xF0,
    0x3F, 0xFF, 0xE4, 0x00, 0x03, 0xFE, 0xFF, 0xE0, 0x00, 0x00, 0x00, 0x00, 0x01, 0xFF, 0x05, 0x00,
    0x00, 0x00, 0x00, 0x00, 0x00, 0xBF, 0x80, 0x00, 0x00, 0x00, 0x00, 0x00, 0x00, 0x3F, 0xD0, 0x00,
    0x00, 0x00, 0x00, 0x00, 0x00, 0x0F, 0xF0, 0x00, 0x00, 0x00, 0x00, 0x00, 0x00, 0x03, 0xFC, 0x00,
    0x00, 0x00, 0x00, 0x00, 0x00, 0x01, 0xFE, 0x00, 0x00, 0x00, 0x00, 0x00, 0x00, 0x00, 0xBF, 0x80,
    0x00, 0x00, 0x00, 0x00, 0x00, 0x00, 0x3F, 0xD0, 0x00, 0x00, 0x00, 0x00, 0x00, 0x00, 0x00, 0x00,
    0x00, 0x00, 0xBF, 0xF8, 0x00, 0x00, 0x0F, 0xFF, 0xFC, 0x00, 0x00, 0xFF, 0xFF, 0xF8, 0x00, 0x07,
    0xFF, 0xBF, 0xF0, 0x00, 0x2F, 0xF4, 0x3F, 0xC0, 0x00, 0xFF, 0xC0, 0xFF, 0x40, 0x03, 0xFF, 0x03,
    0xFD, 0x00, 0x0B, 0xFC, 0x0F, 0xF0, 0x00, 0x2F, 0xF4, 0x7F, 0xC0, 0x00, 0x7F, 0xF2, 0xFF, 0x00,
    0x00, 0xFF, 0xDF, 0xF4, 0x00, 0x01, 0xFF, 0xFF, 0xC0, 0x00, 0x03, 0xFF, 0xFD, 0x00, 0x00, 0x0B,
    0xFF, 0xF0, 0x00, 0x00, 0x0F, 0xFF, 0x00, 0x00, 0x70, 0x1F, 0xFC, 0x00, 0x03, 0xD0, 0x7F, 0xF8,
    0x00, 0x1F, 0xC3, 0xFF, 0xF0, 0x00, 0xFF, 0x6F, 0xFF, 0xE0, 0x0B, 0xFF, 0xFE, 0xFF, 0xC0, 0x3F,
    0xFF, 0xE3, 0xFF, 0x42, 0xFD, 0xFF, 0x07, 0xFE, 0x0F, 0xC2, 0xF4, 0x0F, 0xFC, 0xBE, 0x03, 0xC0,
    0x3F, 0xF0, 0x00, 0x04, 0x00, 0xBF, 0xD0, 0x00, 0x00, 0x01, 0xFF, 0x40, 0x00, 0x00, 0x07, 0xFD,
    0x00, 0x00, 0x00, 0x3F, 0xF4, 0x00, 0x00, 0x3F, 0xFF, 0xC0, 0x00, 0x00, 0xFF, 0xFE, 0x00, 0x00,
    0x03, 0xFF, 0xF0, 0x00, 0x00, 0x0F, 0xF9, 0x00, 0x0B, 0xFF, 0xFA, 0x40, 0x00, 0x3F, 0xFF, 0xFF,
    0xD0, 0x00, 0xFF, 0xFF, 0xFF, 0xE0, 0x03, 0xFF, 0xFF, 0xFF, 0xC0, 0x0F, 0xFC, 0x03, 0xFF, 0x81,
    0xBF, 0xFA, 0xAB, 0xFF, 0x9F, 0xFF, 0xFF, 0xFF, 0xFF, 0xEB, 0xFF, 0xEA, 0xBF, 0xFE, 0x0F, 0xFC,
    0x00, 0xBF, 0xD0, 0x3F, 0xF0, 0x02, 0xFF, 0x4F, 0xFF, 0xFF, 0xFF, 0xFF, 0xFF, 0xFF, 0xFF, 0xFF,
    0xFF, 0x1F, 0xFD, 0x56, 0xFF, 0x90, 0x3F, 0xF0, 0x1F, 0xFD, 0x00, 0xFF, 0xFF, 0xFF, 0xE0, 0x03,
    0xFF, 0xFF, 0xFF, 0x00, 0x0F, 0xFF, 0xFF, 0xE0, 0x00, 0x3F, 0xFA, 0x94, 0x00, 0x00, 0xFF, 0xC0,
    0x00, 0x00, 0x03, 0xFF, 0x00, 0x00, 0x00, 0x0F, 0xFC, 0x00, 0x00, 0x00, 0x3F, 0xF0, 0x00, 0x00,
    0x00, 0xFF, 0xC0, 0x00, 0x00, 0x03, 0xFF, 0x00, 0x00, 0x00, 0x00, 0x00, 0x01, 0x40, 0x00, 0x00,
    0x00, 0x01, 0xF8, 0x00, 0x00, 0x00, 0x06, 0xFF, 0xFE, 0x40, 0x00, 0x2F, 0xFF, 0xFF, 0xFC, 0x00,
    0x3F, 0xFF, 0xFF, 0xFF, 0x00, 0x3F, 0xFF, 0xFF, 0xFF, 0x80, 0x3F, 0xFF, 0xFE, 0x1B, 0xC0, 0x2F,
    0xFF, 0x1F, 0x80, 0x00, 0x0F, 0xFF, 0x07, 0xE0, 0x00, 0x07, 0xFF, 0x01, 0xF8, 0x00, 0x02, 0xFF,
    0xC0, 0x7E, 0x00, 0x00, 0xFF, 0xD0, 0x1F, 0x80, 0x00, 0x3F, 0xF4, 0x07, 0xE5, 0x55, 0x0F, 0xFC,
    0x01, 0xFF, 0xFF, 0xD3, 0xFF, 0x00, 0x7F, 0xFF, 0xF4, 0xFF, 0xC0, 0x1F, 0xFF, 0xFD, 0x3F, 0xF4,
    0x07, 0xFF, 0xFF, 0x4F, 0xFE, 0x01, 0xF8, 0x7F, 0xD2, 0xFF, 0xC0, 0x7E, 0x1F, 0xF4, 0x7F, 0xF4,
    0x1F, 0x87, 0xFD, 0x0F, 0xFF, 0x07, 0xE1, 0xFF, 0x41, 0xFF, 0xF5, 0xF8, 0xBF, 0xD0, 0x2F, 0xFF,
    0xFF, 0xFF, 0xF4, 0x03, 0xFF, 0xFF, 0xFF, 0xFD, 0x00, 0x2F, 0xFF, 0xFF, 0xFF, 0x40, 0x00, 0xBF,
    0xFF, 0xFE, 0x40, 0x00, 0x00, 0xBE, 0x00, 0x00, 0x00, 0x00, 0x1F, 0x80, 0x00, 0x00, 0x00, 0x06,
    0x90, 0x00, 0x00, 0x00, 0x00, 0xFF, 0xE0, 0x00, 0x00, 0x00, 0x1F, 0xFF, 0x00, 0x00, 0x00, 0x02,
    0xFF, 0xF4, 0x00, 0x00, 0x00, 0x3F, 0xFF, 0x80, 0x00, 0x00, 0x07, 0xFF, 0xFC, 0x00, 0x00, 0x00,
    0xBF, 0xBF, 0xD0, 0x00, 0x00, 0x0F, 0xF6, 0xFE, 0x00, 0x00, 0x01, 0xFF, 0x1F, 0xF0, 0x00, 0x00,
    0x3F, 0xF0, 0xFF, 0x40, 0x0B, 0xFF, 0xFF, 0xFF, 0xFF, 0xFD, 0xBF, 0xFF, 0xFF, 0xFF, 0xFF, 0xD6,
    0xAF, 0xFE, 0xAB, 0xFF, 0xA8, 0x00, 0xFF, 0x80, 0x3F, 0xE0, 0x00, 0x1F, 0xF4, 0x02, 0xFF, 0x00,
    0xBF, 0xFF, 0xFF, 0xFF, 0xFF, 0xDB, 0xFF, 0xFF, 0xFF, 0xFF, 0xFD, 0x5B, 0xFE, 0x55, 0x5F, 0xFE,
    0x40, 0xFF, 0xC0, 0x00, 0x7F, 0xD0, 0x0F, 0xFC, 0x00, 0x03, 0xFF, 0x01, 0xFF, 0x40, 0x00, 0x3F,
    0xF0, 0x3F, 0xF0, 0x00, 0x01, 0xFF, 0x43, 0xFF, 0x00, 0x00, 0x0F, 0xFC, 0x7F, 0xE0, 0x00, 0x00,
    0xFF, 0xCF, 0xFC, 0x00, 0x00, 0x0B, 0xFD, 0x00, 0x00, 0x00, 0x00, 0x00, 0x01, 0xBF, 0xFF, 0x40,
    0x00, 0xBF, 0xFF, 0xFF, 0xC0, 0x02, 0xFF, 0xFF, 0xFF, 0xC0, 0x03, 0xFF, 0xFF, 0xFF, 0x80, 0x0F,
    0xD4, 0x0B, 0xFF, 0x00, 0x00, 0x00, 0x0F, 0xFC, 0x00, 0x00, 0x00, 0x2F, 0xF4, 0x00, 0x00, 0x00,
    0xFF, 0xC1, 0xAA, 0xAA, 0xAB, 0xFF, 0x9B, 0xFF, 0xFF, 0xFF, 0xFF, 0xAF, 0xFF, 0xFF, 0xFF, 0xFE,
    0x00, 0x2F, 0xFF, 0xFC, 0x00, 0x03, 0xFF, 0xFF, 0x40, 0x06, 0xBF, 0xFF, 0xFA, 0xAA, 0x6F, 0xFF,
    0xFF, 0xFF, 0xFE, 0xBF, 0xFF, 0xFF, 0xFF, 0xF8, 0x3F, 0xF0, 0x00, 0x00, 0x01, 0xFF, 0x80, 0x00,
    0x00, 0x03, 0xFF, 0x00, 0x00, 0x00, 0x0F, 0xFE, 0x00, 0x07, 0xC0, 0x2F, 0xFF, 0xFF, 0xFF, 0x00,
    0x3F, 0xFF, 0xFF, 0xFC, 0x00, 0x7F, 0xFF, 0xFF, 0xF0, 0x00, 0x2F, 0xFF, 0xFD, 0x00, 0x00, 0x01,
    0x54, 0x00, 0x00, 0x00, 0x00, 0x01, 0x40, 0x00, 0x00, 0x00, 0x07, 0xE0, 0x00, 0x00, 0x01, 0xBF,
    0xFE, 0x40, 0x00, 0x0F, 0xFF, 0xFF, 0xF8, 0x00, 0x7F, 0xFF, 0xFF, 0xF8, 0x01, 0xFF, 0xFF, 0xFF,
    0xF4, 0x03, 0xFF, 0xEB, 0xE7, 0xF0, 0x0B, 0xFF, 0x47, 0xE0, 0x10, 0x0F, 0xFE, 0x07, 0xE0, 0x00,
    0x1F, 0xFC, 0x07, 0xE0, 0x00, 0x2F, 0xF8, 0x07, 0xE0, 0x00, 0x3F, 0xF4, 0x07, 0xE0, 0x00, 0x3F,
    0xF4, 0x07, 0xE0, 0x00, 0x3F, 0xF0, 0x07, 0xE0, 0x00, 0x3F, 0xF0, 0x07, 0xE0, 0x00, 0x3F, 0xF0,
    0x07, 0xE0, 0x00, 0x3F, 0xF4, 0x07, 0xE0, 0x00, 0x3F, 0xF8, 0x07, 0xE0, 0x00, 0x2F, 0xFC, 0x07,
    0xE0, 0x00, 0x1F, 0xFC, 0x07, 0xE0, 0x00, 0x0F, 0xFF, 0x07, 0xE0, 0x00, 0x07, 0xFF, 0xD7, 0xE1,
    0xB0, 0x03, 0xFF, 0xFF, 0xFF, 0xF0, 0x00, 0xFF, 0xFF, 0xFF, 0xF0, 0x00, 0x2F, 0xFF, 0xFF, 0xF0,
    0x00, 0x06, 0xFF, 0xFF, 0x90, 0x00, 0x00, 0x0B, 0xE0, 0x00, 0x00, 0x00, 0x07, 0xE0, 0x00, 0x00,
    0x00, 0x06, 0x90, 0x00, 0x00, 0x00, 0x00, 0x00, 0x00, 0x00, 0x01, 0xFC, 0x00, 0xBF, 0x00, 0x00,
    0x0B, 0xF0, 0x03, 0xFC, 0x00, 0x00, 0x3F, 0xC0, 0x1F, 0xF0, 0x00, 0x01, 0xFF, 0x40, 0xBF, 0xC0,
    0x00, 0x2F, 0xFF, 0xFF, 0xFF, 0xFF, 0xC3, 0xFF, 0xFF, 0xFF, 0xFF, 0xFF, 0x0F, 0xFF, 0xFF, 0xFF,
    0xFF, 0xFC, 0x2B, 0xFF, 0xAA, 0xFF, 0xEA, 0xA0, 0x0F, 0xFC, 0x03, 0xFF, 0x00, 0x00, 0x3F, 0xF0,
    0x0F, 0xFC, 0x00, 0x00, 0xFF, 0xC0, 0x3F, 0xF0, 0x00, 0x03, 0xFF, 0x00, 0xFF, 0xC0, 0x00, 0x0F,
    0xFC, 0x03, 0xFF, 0x00, 0x00, 0x3F, 0xF0, 0x0F, 0xFC, 0x00, 0x00, 0xFF, 0xC0, 0x3F, 0xF0, 0x00,
    0x03, 0xFF, 0x00, 0xFF, 0xC0, 0x00, 0x0F, 0xFC, 0x03, 0xFF, 0x00, 0x00, 0x3F, 0xF0, 0x0F, 0xFC,
    0x00, 0x00, 0xFF, 0xC0, 0x3F, 0xFE, 0xBC, 0x03, 0xFF, 0x00, 0xBF, 0xFF, 0xF0, 0x0F, 0xFC, 0x00,
    0xFF, 0xFF, 0xC0, 0x3F, 0xF0, 0x00, 0xBF, 0xFE, 0x00, 0x00, 0x00, 0x00, 0x15, 0x00, 0x00, 0x00,
    0x00, 0x00, 0x00, 0x00, 0x00, 0x00, 0x01, 0xBF, 0xFE, 0x40, 0x00, 0x00, 0x0B, 0xFF, 0xFF, 0xF8,
    0x00, 0x00, 0x3F, 0xFF, 0xFF, 0xF8, 0x00, 0x00, 0x7F, 0xFF, 0xFF, 0xF0, 0x00, 0x00, 0xFF, 0xF0,
    0x07, 0xE0, 0x00, 0x00, 0xFF, 0xC0, 0x00, 0x00, 0x00, 0x00, 0xFF, 0xC0, 0x00, 0x00, 0x00, 0x00,
    0xFF, 0xC0, 0x00, 0x00, 0x00, 0x00, 0xFF, 0xF0, 0x00, 0x00, 0x00, 0x00, 0xBF, 0xFE, 0x00, 0x00,
    0x00, 0x00, 0x3F, 0xFF, 0xE0, 0x00, 0x00, 0x00, 0x0F, 0xFF, 0xFD, 0x00, 0x00, 0x00, 0x02, 0xFF,
    0xFF, 0xC0, 0x00, 0x00, 0x00, 0x7F, 0xFF, 0xF0, 0x00, 0x00, 0x00, 0x02, 0xFF, 0xF4, 0x00, 0x00,
    0x00, 0x00, 0x7F, 0xFC, 0x0A, 0x42, 0xA4, 0x6A, 0x0F, 0xFC, 0x3F, 0xEF, 0xFE, 0xFF, 0xC7, 0xFC,
    0x7A, 0xFD, 0x7F, 0x8B, 0xC7, 0xFC, 0x39, 0xF4, 0x2F, 0x03, 0xD7, 0xF8, 0x2F, 0xF4, 0x2F, 0x03,
    0xEF, 0xF4, 0x0B, 0xFF, 0xBF, 0x07, 0xFF, 0xE0, 0x01, 0xFF, 0xFF, 0xFF, 0xFF, 0x80, 0x00, 0xFA,
    0xFF, 0xFF, 0xF8, 0x00, 0x00, 0xF4, 0x2F, 0x57, 0xD0, 0x00, 0x00, 0xF4, 0x2F, 0x03, 0xD0, 0x00,
    0x00, 0xA0, 0x19, 0x02, 0x80, 0x00, 0x3F, 0xFF, 0xFF, 0xFF, 0xF5, 0xFF, 0xFF, 0xFF, 0xFF, 0xD7,
    0xFF, 0xFF, 0xFF, 0xFF, 0x5F, 0xFF, 0xFF, 0xFF, 0xFD, 0x15, 0x55, 0x55, 0x55, 0x50, 0x00, 0x00,
    0x00, 0x00, 0x00, 0x00, 0x00, 0x00, 0x00, 0x1F, 0xFF, 0xFF, 0xFF, 0xFD, 0x7F, 0xFF, 0xFF, 0xFF,
    0xF5, 0xFF, 0xFF, 0xFF, 0xFF, 0xD7, 0xFF, 0xFF, 0xFF, 0xFF, 0x40, 0x00, 0xFF, 0xC0, 0x00, 0x00,
    0x03, 0xFF, 0x00, 0x00, 0x00, 0x0F, 0xFC, 0x00, 0x00, 0x00, 0x3F, 0xF0, 0x00, 0x00, 0x00, 0xFF,
    0xC0, 0x00, 0x00, 0x03, 0xFF, 0x00, 0x00, 0x00, 0x0F, 0xFC, 0x00, 0x00, 0x00, 0x3F, 0xF0, 0x00,
    0x00, 0x00, 0xFF, 0xC0, 0x00, 0x00, 0x03, 0xFF, 0x00, 0x00, 0x00, 0x0F, 0xFC, 0x00, 0x00, 0x00,
    0x3F, 0xF0, 0x00, 0x00, 0x00, 0xFF, 0xC0, 0x00, 0xBF, 0xFF, 0xFF, 0xFC, 0xFF, 0xFF, 0xFF, 0xFC,
    0xAA, 0xFF, 0xFA, 0xA8, 0x00, 0x2F, 0xF8, 0x00, 0x00, 0x0F, 0xFC, 0x00, 0x55, 0x5B, 0xFE, 0x54,
    0xFF, 0xFF, 0xFF, 0xFC, 0xFF, 0xFF, 0xFF, 0xFC, 0x00, 0x0B, 0xFD, 0x00, 0x00, 0x0F, 0xFC, 0x00,
    0x00, 0x7F, 0xF8, 0x00, 0xFF, 0xFF, 0xF0, 0x00, 0xFF, 0xFF, 0x80, 0x00, 0xFF, 0xF8, 0x00, 0x00,
    0x7F, 0xF0, 0x00, 0x00, 0x2F, 0xF8, 0x00, 0x00, 0x0F, 0xFD, 0x00, 0x00, 0x0B, 0xFF, 0x00, 0x00,
    0x03, 0xFF, 0x80, 0x00, 0x01, 0xFF, 0xC0, 0x00, 0x00, 0xFF, 0xF0, 0x00, 0x00, 0x7F, 0xF4, 0x00,
    0x00, 0x2F, 0xFC, 0x00, 0x00, 0x0F, 0xFF, 0x00, 0x01, 0xFF, 0x00, 0x00, 0x00, 0x0B, 0xFD, 0x00,
    0x00, 0x00, 0x2F, 0xF4, 0x00, 0x00, 0x00, 0xBF, 0xD2, 0xF4, 0x00, 0x02, 0xFF, 0xFF, 0xD0, 0x00,
    0x0B, 0xFF, 0xFE, 0x00, 0x01, 0xFF, 0xFE, 0x40, 0x00, 0x3F, 0xFF, 0xD0, 0x00, 0x00, 0xFF, 0xFF,
    0x4B, 0xD0, 0x02, 0x4B, 0xFF, 0xFF, 0x40, 0x00, 0x2F, 0xFF, 0xF8, 0x00, 0x07, 0xFF, 0xF9, 0x00,
    0x00, 0xFF, 0xFF, 0x40, 0x0A, 0xA3, 0xFF, 0xFD, 0x00, 0x7F, 0xC9, 0x2F, 0xF4, 0x01, 0xFF, 0x00,
    0xBF, 0xD0, 0x0B, 0xFC, 0x02, 0xFF, 0x40, 0x3F, 0xE0, 0x0B, 0xFD, 0x01, 0xFF, 0x40, 0x2F, 0xF4,
    0x0F, 0xFC, 0x00, 0xBF, 0xD1, 0xFF, 0xD0, 0x02, 0xFF, 0xFF, 0xFF, 0x00, 0x0B, 0xFF, 0xFF, 0xF0,
    0x00, 0x2F, 0xFF, 0xFE, 0x00, 0x00, 0xBF, 0xFF, 0x80, 0x00, 0x00, 0x15, 0x00, 0x00, 0x00, 0x00,
    0x00, 0x00, 0x00, 0x00, 0x00, 0x00, 0x1F, 0xF8, 0x00, 0x00, 0x00, 0x00, 0x02, 0xFA, 0xFC, 0x00,
    0x00, 0x00, 0x00, 0x0F, 0x02, 0xF4, 0x00, 0x00, 0x00, 0x00, 0xB8, 0x03, 0xF0, 0x00, 0x00, 0x00,
    0x02, 0xF0, 0x0F, 0xC0, 0x00, 0x00, 0x00, 0x0B, 0xFA, 0xBF, 0xAA, 0xAA, 0xA5, 0x00, 0x1F, 0xFF,
    0xFF, 0xFF, 0xFF, 0xFF, 0x80, 0x3F, 0xFF, 0xFF, 0xFF, 0xFF, 0xFF, 0xC0, 0x3F, 0xFF, 0xFF, 0xFF,
    0xFF, 0xFF, 0x80, 0x1B, 0xFF, 0xFF, 0xFF, 0xFF, 0xFF, 0x00, 0x00, 0xFC, 0x00, 0x00, 0x01, 0xFD,
    0x00, 0x03, 0xF0, 0x04, 0x00, 0x00, 0xF4, 0x00, 0x0F, 0xC1, 0xF4, 0x78, 0x03, 0xD0, 0x00, 0x3F,
    0x2F, 0xFB, 0xF8, 0x0F, 0x00, 0x00, 0xFF, 0xFB, 0xFF, 0xFD, 0xFC, 0x00, 0x03, 0xFF, 0x07, 0xF6,
    0xFF, 0xD0, 0x00, 0x0F, 0xF0, 0x07, 0x01, 0xB8, 0x00, 0x00, 0xFF, 0xC0, 0x00, 0x00, 0x00, 0x00,
    0x1F, 0xFF, 0xC0, 0x00, 0x00, 0x00, 0x00, 0x7C, 0xBF, 0xE4, 0x01, 0x90, 0x00, 0x00, 0x00, 0xFF,
    0xFF, 0xFF, 0x80, 0x00, 0x00, 0x01, 0xFF, 0xFF, 0xFE, 0x00, 0x00, 0x00, 0x00, 0xFF, 0xFF, 0xF8,
    0x00, 0x00, 0x00, 0x00, 0x7F, 0xFF, 0xD0, 0x00, 0x00, 0x00, 0x00, 0x01, 0x40, 0x00, 0x00, 0x00,
    0x00, 0x02, 0xFE, 0x00, 0x00, 0x00, 0x00, 0x00, 0x0B, 0xFC, 0x00, 0x00, 0x00, 0x00, 0x00, 0x2F,
    0xF0, 0x00, 0x00, 0x00, 0x00, 0x00, 0xBF, 0xC0, 0x00, 0x00, 0x00, 0x00, 0x02, 0xFF, 0x00, 0x00,
    0x00, 0x00, 0x00, 0x0B, 0xFC, 0x00, 0x00, 0x00, 0x00, 0x00, 0x7F, 0xF4, 0x00, 0x00, 0x00, 0x01,
    0xBF, 0xFF, 0xFF, 0xE0, 0x00, 0x00, 0x3F, 0xFF, 0xFF, 0xFF, 0xF8, 0x00, 0x07, 0xFF, 0xFF, 0xFF,
    0xFF, 0xF8, 0x00, 0x3F, 0xFF, 0xFF, 0xFF, 0xFF, 0xF8, 0x03, 0xFF, 0xD0, 0xBF, 0xC0, 0xBF, 0xF0,
    0x1F, 0xFC, 0x02, 0xFF, 0x00, 0xBF, 0xE0, 0xBF, 0xC0, 0x0B, 0xFC, 0x00, 0xFF, 0xC3, 0xFF, 0x00,
    0x2F, 0xF0, 0x02, 0xFF, 0x0F, 0xF8, 0x00, 0xBF, 0xC0, 0x07, 0xFD, 0x3F, 0xE0, 0x02, 0xFF, 0x00,
    0x1F, 0xF5, 0xFF, 0x40, 0x0B, 0xFC, 0x00, 0x7F, 0xD7, 0xFD, 0x00, 0x05, 0x50, 0x01, 0xFF, 0x5F,
    0xF4, 0x00, 0x00, 0x00, 0x07, 0xFD, 0x7F, 0xD0, 0x00, 0x00, 0x00, 0x1F, 0xF5, 0xFF, 0x40, 0x00,
    0x00, 0x00, 0x7F, 0xD7, 0xFD, 0x00, 0x00, 0x00, 0x01, 0xFF, 0x5F, 0xF4, 0x00, 0x00, 0x00, 0x07,
    0xFD, 0x03, 0xFF, 0xFF, 0xA4, 0x00, 0x03, 0xFF, 0xFF, 0xFF, 0x80, 0x03, 0xFF, 0xFF, 0xFF, 0xE0,
    0x03, 0xFF, 0xFF, 0xFF, 0xF4, 0x03, 0xFF, 0x55, 0xBF, 0xFC, 0x03, 0xFF, 0x00, 0x1F, 0xFD, 0x03,
    0xFF, 0x00, 0x0F, 0xFD, 0x03, 0xFF, 0x00, 0x0B, 0xFD, 0x03, 0xFF, 0x00, 0x0F, 0xFD, 0x03, 0xFF,
    0x00, 0x2F, 0xFC, 0x6B, 0xFF, 0xAA, 0xFF, 0xF8, 0xBF, 0xFF, 0xFF, 0xFF, 0xF0, 0xBF, 0xFF, 0xFF,
    0xFF, 0xD0, 0xBF, 0xFF, 0xFF, 0xFE, 0x00, 0x6B, 0xFF, 0xAA, 0x50, 0x00, 0x03, 0xFF, 0x00, 0x00,
    0x00, 0x03, 0xFF, 0x00, 0x00, 0x00, 0xBF, 0xFF, 0xFF, 0xC0, 0x00, 0xBF, 0xFF, 0xFF, 0xC0, 0x00,
    0xBF, 0xFF, 0xFF, 0xC0, 0x00, 0x57, 0xFF, 0x55, 0x40, 0x00, 0x03, 0xFF, 0x00, 0x00, 0x00, 0x03,
    0xFF, 0x00, 0x00, 0x00, 0x03, 0xFF, 0x00, 0x00, 0x00, 0x00, 0x00, 0x28, 0x29, 0x00, 0x00, 0x00,
    0x00, 0x3D, 0x3E, 0x00, 0x00, 0x00, 0x00, 0x7E, 0xBE, 0x00, 0x00, 0x00, 0x07, 0xFF, 0xFF, 0xE0,
    0x00, 0x00, 0x3F, 0xFF, 0xFF, 0xFD, 0x00, 0x00, 0xFF, 0xFF, 0xFF, 0xFF, 0x80, 0x03, 0xFF, 0xFD,
    0x3F, 0xFF, 0xD0, 0x0B, 0xFF, 0x7D, 0x3E, 0xBF, 0xF0, 0x0F, 0xFC, 0x3D, 0x3E, 0x3F, 0xF8, 0x2F,
    0xF8, 0x3D, 0x3E, 0x1F, 0xFC, 0x3F, 0xF4, 0x3D, 0x3E, 0x0F, 0xFC, 0x3F, 0xF0, 0x3D, 0x3E, 0x0F,
    0xFD, 0x3F, 0xF0, 0x3D, 0x3E, 0x0B, 0xFD, 0x3F, 0xF0, 0x3D, 0x3E, 0x0B, 0xFE, 0x3F, 0xF0, 0x14,
    0x14, 0x01, 0x54, 0x3F, 0xF0, 0x00, 0x00, 0x00, 0x00, 0x2F, 0xF4, 0x00, 0x00, 0x00, 0x00, 0x1F,
    0xF8, 0x00, 0x00, 0x00, 0x00, 0x0F, 0xFC, 0x00, 0x00, 0x00, 0x00, 0x07, 0xFF, 0x00, 0x00, 0x00,
    0x00, 0x02, 0xFF, 0xC0, 0x00, 0x00, 0x00, 0x00, 0x7F, 0xF9, 0x00, 0x00, 0x00, 0x06, 0xFF, 0xFF,
    0xFF, 0xFF, 0xF0, 0x0F, 0xFF, 0xFF, 0xFF, 0xFF, 0xF0, 0x0F, 0xFF, 0xFF, 0xFF, 0xFF, 0xF0, 0x0F,
    0xFF, 0xFF, 0xFF, 0xFF, 0xF0, 0x00, 0x00, 0x00, 0x00, 0x0B, 0x83, 0xC0, 0x00, 0x2E, 0x0F, 0x00,
    0x00, 0xB8, 0x3C, 0x00, 0xFF, 0xFF, 0xF4, 0x03, 0xFF, 0xFF, 0xFC, 0x0F, 0xFF, 0xFF, 0xFD, 0x3F,
    0xFF, 0xFF, 0xFC, 0xFF, 0xD6, 0xFF, 0xF3, 0xFF, 0x00, 0xFF, 0xDF, 0xFC, 0x03, 0xFF, 0x7F, 0xF0,
    0x0F, 0xFD, 0xFF, 0xC0, 0x3F, 0xF3, 0xFF, 0x57, 0xFF, 0x8F, 0xFF, 0xFF, 0xFC, 0x3F, 0xFF, 0xFF,
    0xC0, 0xFF, 0xFF, 0xFF, 0xD3, 0xFF, 0xAB, 0xFF, 0xCF, 0xFC, 0x03, 0xFF, 0xBF, 0xF0, 0x07, 0xFF,
    0xFF, 0xC0, 0x1F, 0xFF, 0xFF, 0x00, 0x7F, 0xFF, 0xFC, 0x02, 0xFF, 0xFF, 0xF0, 0x2F, 0xFE, 0xFF,
    0xFF, 0xFF, 0xF3, 0xFF, 0xFF, 0xFF, 0x8F, 0xFF, 0xFF, 0xF4, 0x3F, 0xFF, 0xFE, 0x00, 0x02, 0xE0,
    0xF0, 0x00, 0x0B, 0x83, 0xC0, 0x00, 0x2E, 0x0F, 0x00, 0x00, 0x10, 0x14, 0x00, 0x00, 0x01, 0x65,
    0x00, 0x00, 0x7F, 0xFF, 0xF8, 0x02, 0xFF, 0xFF, 0xFC, 0x0B, 0xFF, 0xFF, 0xF4, 0x1F, 0xFF, 0xAB,
    0xF0, 0x3F, 0xFC, 0x00, 0x10, 0x3F, 0xF0, 0x00, 0x00, 0x7F, 0xF0, 0x00, 0x00, 0xBF, 0xE0, 0x00,
    0x00, 0xBF, 0xE0, 0x00, 0x00, 0xBF, 0xE0, 0x00, 0x00, 0xBF, 0xE0, 0x00, 0x00, 0x7F, 0xF0, 0x00,
    0x00, 0x3F, 0xF4, 0x00, 0x00, 0x3F, 0xFD, 0x00, 0x28, 0x1F, 0xFF, 0xEF, 0xF8, 0x0B, 0xFF, 0xFF,
    0xF8, 0x02, 0xFF, 0xFF, 0xF8, 0x00, 0x6F, 0xFF, 0xE0, 0x00, 0x00, 0x54, 0x00, 0x00, 0x00, 0x00,
    0x00, 0x15, 0x55, 0x55, 0x54, 0x7F, 0xFF, 0xFF, 0xFC, 0x7F, 0xFF, 0xFF, 0xFC, 0x7F, 0xFF, 0xFF,
    0xFC, 0x00, 0x00, 0x00, 0x00, 0x00, 0x02, 0xFF, 0xE0, 0x00, 0x03, 0xFF, 0xFF, 0x40, 0x02, 0xFF,
    0xFF, 0xF0, 0x00, 0xFF, 0xC3, 0xFD, 0x00, 0x7F, 0xD0, 0xBF, 0x80, 0x1F, 0xF4, 0x2F, 0xE0, 0x07,
    0xFD, 0x0B, 0xF8, 0x01, 0xFF, 0x43, 0xFD, 0x00, 0x7F, 0xD1, 0xFF, 0x00, 0x1F, 0xF4, 0xFF, 0x40,
    0x07, 0xFE, 0xFF, 0x80, 0x01, 0xFF, 0xFF, 0x80, 0x00, 0xBF, 0xFF, 0x40, 0x07, 0xFF, 0xFE, 0x00,
    0x01, 0xFF, 0xFD, 0x00, 0x00, 0x7F, 0xFF, 0x40, 0x00, 0x00, 0x7F, 0xD0, 0x00, 0x00, 0x1F, 0xF4,
    0x01, 0x50, 0x07, 0xFD, 0x01, 0xFC, 0x00, 0xFF, 0x80, 0xBF, 0x00, 0x3F, 0xF4, 0x7F, 0x80, 0x0B,
    0xFF, 0xFF, 0xD0, 0x00, 0xBF, 0xFF, 0xE0, 0x00, 0x07, 0xFF, 0xD0, 0x00, 0x00, 0x05, 0x00, 0x00,
    0xBF, 0xFF, 0xFA, 0x40, 0x00, 0x3F, 0xFF, 0xFF, 0xFE, 0x00, 0x0F, 0x0F, 0x00, 0x7B, 0xE0, 0x03,
    0xC3, 0xC0, 0x1D, 0x2D, 0x00, 0xF0, 0xF0, 0x07, 0x43, 0xC0, 0x3C, 0x3C, 0x01, 0xD0, 0xF0, 0x0F,
    0x0F, 0x00, 0x74, 0x3C, 0x03, 0xC3, 0xC0, 0x1D, 0x0F, 0x00, 0xF0, 0xF0, 0x07, 0x43, 0xC0, 0x3C,
    0x3C, 0x01, 0xD2, 0xD0, 0x0F, 0x0F, 0x00, 0x76, 0xF0, 0x03, 0xC3, 0xD5, 0x6F, 0xE0, 0x00, 0xF0,
    0xFF, 0xFF, 0xD0, 0x00, 0x3C, 0x3D, 0xB8, 0x74, 0x00, 0x0F, 0x0F, 0x0F, 0x0F, 0x00, 0x03, 0xC3,
    0xC1, 0xE0, 0xE0, 0x00, 0xF0, 0xF0, 0x2C, 0x2D, 0x00, 0x3C, 0x3C, 0x03, 0xC3, 0xC0, 0x0F, 0x0F,
    0x00, 0xB4, 0x38, 0x03, 0xC3, 0xC0, 0x0F, 0x0B, 0x40, 0xF0, 0xF0, 0x01, 0xE0, 0xF0, 0x3C, 0x3C,
    0x00, 0x2C, 0x1E, 0x0F, 0xFF, 0x00, 0x03, 0xEB, 0xD3, 0xFF, 0xC0, 0x00, 0xBF, 0xFC, 0x00, 0x00,
    0x90, 0x00, 0x00, 0x00, 0x00, 0x00, 0x00, 0x0F, 0x40, 0x00, 0x00, 0x00, 0x00, 0x00, 0x00, 0xFC,
    0x00, 0x00, 0x00, 0x00, 0x00, 0x00, 0x0F, 0xC0, 0x00, 0x00, 0x00, 0x00, 0x00, 0x01, 0xFE, 0x00,
    0x00, 0x00, 0x00, 0x00, 0x00, 0x2F, 0xF5, 0x55, 0x55, 0x55, 0x55, 0x55, 0x43, 0xFF, 0xFF, 0xFF,
    0xFF, 0xFF, 0xFF, 0xFF, 0x8F, 0xFF, 0xFF, 0xFF, 0xFF, 0xFF, 0xFF, 0xFE, 0x07, 0xFC, 0x00, 0x00,
    0x00, 0x00, 0x00, 0x00, 0x03, 0xF8, 0x00, 0x00, 0x00, 0x00, 0x00, 0x00, 0x03, 0xF4, 0x00, 0x00,
    0x00, 0x00, 0x00, 0x00, 0x03, 0xF0, 0x00, 0x00, 0x00, 0x00, 0x00, 0x00, 0x03, 0xD0, 0x00, 0x00,
    0x00, 0x00, 0x00, 0x00, 0x01, 0x40, 0x00, 0x00, 0x00, 0x00, 0x00, 0x00, 0x0D, 0x00, 0x00, 0x02,
    0xF0, 0x00, 0x00, 0x3F, 0x80, 0x00, 0x0F, 0xFD, 0x00, 0x02, 0xFF, 0xF0, 0x00, 0xBF, 0xFF, 0xC0,
    0x2F, 0xEF, 0xFF, 0x07, 0xF1, 0xF1, 0xFC, 0xB4, 0x1F, 0x02, 0xC0, 0x01, 0xF0, 0x00, 0x00, 0x1F,
    0x00, 0x00, 0x01, 0xF0, 0x00, 0x00, 0x1F, 0x00, 0x00, 0x01, 0xF0, 0x00, 0x00, 0x1F, 0x00, 0x00,
    0x01, 0xF0, 0x00, 0x00, 0x1F, 0x00, 0x00, 0x01, 0xF0, 0x00, 0x00, 0x1F, 0x00, 0x00, 0x01, 0xF0,
    0x00, 0x00, 0x1F, 0x00, 0x00, 0x01, 0xF0, 0x00, 0x00, 0x1F, 0x00, 0x00, 0x01, 0xF0, 0x00, 0x00,
    0x1F, 0x00, 0x00, 0x01, 0xF0, 0x00, 0x00, 0x1F, 0x00, 0x00, 0x01, 0xF0, 0x00, 0x00, 0x1F, 0x00,
    0x00, 0x01, 0xF0, 0x00, 0x00, 0x00, 0x00, 0x00, 0x00, 0x09, 0x00, 0x00, 0x00, 0x00, 0x00, 0x00,
    0x00, 0x3D, 0x00, 0x00, 0x00, 0x00, 0x00, 0x00, 0x00, 0x7D, 0x00, 0x00, 0x00, 0x00, 0x00, 0x00,
    0x00, 0xFD, 0x00, 0x00, 0x00, 0x00, 0x00, 0x00, 0x00, 0xFE, 0x00, 0x55, 0x55, 0x55, 0x55, 0x55,
    0x56, 0xFF, 0x47, 0xFF, 0xFF, 0xFF, 0xFF, 0xFF, 0xFF, 0xFF, 0x9F, 0xFF, 0xFF, 0xFF, 0xFF, 0xFF,
    0xFF, 0xFD, 0x00, 0x00, 0x00, 0x00, 0x00, 0x00, 0xBF, 0x80, 0x00, 0x00, 0x00, 0x00, 0x00, 0x07,
    0xF4, 0x00, 0x00, 0x00, 0x00, 0x00, 0x00, 0x3F, 0x40, 0x00, 0x00, 0x00, 0x00, 0x00, 0x01, 0xF4,
    0x00, 0x00, 0x00, 0x00, 0x00, 0x00, 0x0F, 0x40, 0x00, 0x00, 0x00, 0x00, 0x00, 0x00, 0x14, 0x00,
    0x00, 0x00, 0x1F, 0x00, 0x00, 0x01, 0xF0, 0x00, 0x00, 0x1F, 0x00, 0x00, 0x01, 0xF0, 0x00, 0x00,
    0x1F, 0x00, 0x00, 0x01, 0xF0, 0x00, 0x00, 0x1F, 0x00, 0x00, 0x01, 0xF0, 0x00, 0x00, 0x1F, 0x00,
    0x00, 0x01, 0xF0, 0x00, 0x00, 0x1F, 0x00, 0x00, 0x01, 0xF0, 0x00, 0x00, 0x1F, 0x00, 0x00, 0x01,
    0xF0, 0x00, 0x00, 0x1F, 0x00, 0x00, 0x01, 0xF0, 0x00, 0x00, 0x1F, 0x00, 0x00, 0x01, 0xF0, 0x00,
    0x00, 0x1F, 0x00, 0x00, 0x01, 0xF0, 0x00, 0x00, 0x1F, 0x00, 0x09, 0x01, 0xF0, 0x08, 0xBD, 0x1F,
    0x0B, 0xC3, 0xF9, 0xF7, 0xF4, 0x0F, 0xFF, 0xFD, 0x00, 0x3F, 0xFF, 0x40, 0x00, 0xFF, 0xE0, 0x00,
    0x07, 0xFC, 0x00, 0x00, 0x2F, 0x00, 0x00, 0x00, 0xE0, 0x00, 0x00, 0x00, 0x90, 0x00, 0x00, 0x00,
    0x09, 0x00, 0x00, 0x00, 0x0F, 0x40, 0x00, 0x00, 0x00, 0x3D, 0x00, 0x00, 0x00, 0xFC, 0x00, 0x00,
    0x00, 0x00, 0xBD, 0x00, 0x00, 0x0F, 0xC0, 0x00, 0x00, 0x00, 0x00, 0xFD, 0x00, 0x01, 0xFE, 0x00,
    0x00, 0x00, 0x00, 0x01, 0xFE, 0x00, 0x2F, 0xF5, 0x55, 0x55, 0x55, 0x55, 0x57, 0xFF, 0x43, 0xFF,
    0xFF, 0xFF, 0xFF, 0xFF, 0xFF, 0xFF, 0xFF, 0x4F, 0xFF, 0xFF, 0xFF, 0xFF, 0xFF, 0xFF, 0xFF, 0xFD,
    0x07, 0xFC, 0x00, 0x00, 0x00, 0x00, 0x00, 0xBF, 0x80, 0x03, 0xF8, 0x00, 0x00, 0x00, 0x00, 0x07,
    0xF4, 0x00, 0x03, 0xF4, 0x00, 0x00, 0x00, 0x00, 0x3F, 0x00, 0x00, 0x03, 0xF0, 0x00, 0x00, 0x00,
    0x02, 0xF0, 0x00, 0x00, 0x03, 0xD0, 0x00, 0x00, 0x00, 0x0F, 0x40, 0x00, 0x00, 0x01, 0x40, 0x00,
    0x00, 0x00, 0x14, 0x00, 0x00, 0x00, 0x0D, 0x00, 0x00, 0x02, 0xF0, 0x00, 0x00, 0x7F, 0x80, 0x00,
    0x0F, 0xFD, 0x00, 0x03, 0xFF, 0xF4, 0x00, 0xBF, 0xFF, 0xD0, 0x2F, 0xEF, 0xBF, 0x4B, 0xE1, 0xF1,
    0xFC, 0xA0, 0x1F, 0x01, 0xC0, 0x01, 0xF0, 0x00, 0x00, 0x1F, 0x00, 0x00, 0x01, 0xF0, 0x00, 0x00,
    0x1F, 0x00, 0x00, 0x01, 0xF0, 0x00, 0x00, 0x1F, 0x00, 0x00, 0x01, 0xF0, 0x00, 0x00, 0x1F, 0x00,
    0x00, 0x01, 0xF0, 0x00, 0x00, 0x1F, 0x00, 0x00, 0x01, 0xF0, 0x00, 0x00, 0x1F, 0x00, 0x00, 0x01,
    0xF0, 0x00, 0x00, 0x1F, 0x00, 0x00, 0x01, 0xF0, 0x00, 0x00, 0x1F, 0x00, 0x0A, 0x01, 0xF0, 0x1C,
    0xBD, 0x1F, 0x0B, 0xC3, 0xFE, 0xF7, 0xF4, 0x0F, 0xFF, 0xFD, 0x00, 0x3F, 0xFF, 0x40, 0x00, 0xFF,
    0xE0, 0x00, 0x07, 0xFC, 0x00, 0x00, 0x2F, 0x00, 0x00, 0x00, 0xD0, 0x00, 0x24, 0x00, 0x00, 0x00,
    0x00, 0x00, 0x3F, 0xFA, 0xA8, 0x00, 0x00, 0x00, 0x3F, 0xFF, 0xFE, 0x00, 0x00, 0x00, 0x2F, 0xFF,
    0x90, 0x00, 0x00, 0x00, 0x2F, 0xF8, 0x00, 0x00, 0x00, 0x00, 0x1F, 0xFE, 0x00, 0x00, 0x00, 0x00,
    0x1F, 0x7F, 0x80, 0x00, 0x00, 0x00, 0x1F, 0x0F, 0xE0, 0x00, 0x00, 0x00, 0x1F, 0x03, 0xF8, 0x00,
    0x00, 0x00, 0x1E, 0x00, 0xFE, 0x00, 0x00, 0x00, 0x0D, 0x00, 0x3F, 0x80, 0x00, 0x00, 0x04, 0x00,
    0x0F, 0xE0, 0x00, 0x00, 0x00, 0x00, 0x03, 0xF8, 0x00, 0x00, 0x00, 0x00, 0x00, 0xFE, 0x00, 0x00,
    0x00, 0x00, 0x00, 0x3F, 0x80, 0x00, 0x00, 0x00, 0x00, 0x0F, 0xE0, 0x00, 0x00, 0x00, 0x00, 0x03,
    0xF8, 0x00, 0x00, 0x00, 0x00, 0x00, 0xFE, 0x00, 0x00, 0x00, 0x00, 0x00, 0x3F, 0x80, 0x00, 0x00,
    0x00, 0x00, 0x0F, 0xE0, 0x00, 0x00, 0x00, 0x00, 0x03, 0xF8, 0x00, 0x00, 0x00, 0x00, 0x00, 0xF8,
    0x00, 0x00, 0x00, 0x00, 0x00, 0x10, 0x00, 0x00, 0x00, 0x00, 0x00, 0x14, 0x00, 0x00, 0x00, 0x2A,
    0xAF, 0xFC, 0x00, 0x00, 0x00, 0xFF, 0xFF, 0xF8, 0x00, 0x00, 0x00, 0x06, 0xFF, 0xF4, 0x00, 0x00,
    0x00, 0x00, 0x2F, 0xF4, 0x00, 0x00, 0x00, 0x00, 0xBF, 0xF0, 0x00, 0x00, 0x00, 0x02, 0xFA, 0xF0,
    0x00, 0x00, 0x00, 0x0B, 0xE1, 0xF0, 0x00, 0x00, 0x00, 0x2F, 0x80, 0xF0, 0x00, 0x00, 0x00, 0xBE,
    0x00, 0xF0, 0x00, 0x00, 0x02, 0xF8, 0x00, 0xB0, 0x00, 0x00, 0x0B, 0xE0, 0x00, 0x00, 0x00, 0x00,
    0x2F, 0x80, 0x00, 0x00, 0x00, 0x00, 0xBE, 0x00, 0x00, 0x00, 0x00, 0x02, 0xF8, 0x00, 0x00, 0x00,
    0x00, 0x0B, 0xE0, 0x00, 0x00, 0x00, 0x00, 0x2F, 0x80, 0x00, 0x00, 0x00, 0x00, 0xBE, 0x00, 0x00,
    0x00, 0x00, 0x02, 0xF8, 0x00, 0x00, 0x00, 0x00, 0x0B, 0xE0, 0x00, 0x00, 0x00, 0x00, 0x2F, 0x80,
    0x00, 0x00, 0x00, 0x00, 0x3E, 0x00, 0x00, 0x00, 0x00, 0x00, 0x04, 0x00, 0x00, 0x00, 0x00, 0x00,
    0x04, 0x00, 0x00, 0x00, 0x00, 0x00, 0x3E, 0x00, 0x00, 0x00, 0x00, 0x00, 0x2F, 0x80, 0x00, 0x00,
    0x00, 0x00, 0x0B, 0xE0, 0x00, 0x00, 0x00, 0x00, 0x02, 0xF8, 0x00, 0x00, 0x00, 0x00, 0x00, 0xBE,
    0x00, 0x00, 0x00, 0x00, 0x00, 0x2F, 0x80, 0x00, 0x00, 0x00, 0x00, 0x0B, 0xE0, 0x00, 0x00, 0x00,
    0x00, 0x02, 0xF8, 0x00, 0x00, 0x00, 0x00, 0x00, 0xBE, 0x00, 0x00, 0x00, 0x00, 0x00, 0x2F, 0x80,
    0x00, 0x00, 0x00, 0x00, 0x0B, 0xE0, 0x00, 0x00, 0x00, 0x00, 0x02, 0xF8, 0x00, 0xB0, 0x00, 0x00,
    0x00, 0xBE, 0x00, 0xF0, 0x00, 0x00, 0x00, 0x2F, 0x80, 0xF0, 0x00, 0x00, 0x00, 0x0B, 0xE1, 0xF0,
    0x00, 0x00, 0x00, 0x02, 0xFA, 0xF0, 0x00, 0x00, 0x00, 0x00, 0xBF, 0xF0, 0x00, 0x00, 0x00, 0x00,
    0x2F, 0xF4, 0x00, 0x00, 0x00, 0x06, 0xFF, 0xF4, 0x00, 0x00, 0x00, 0xFF, 0xFF, 0xF8, 0x00, 0x00,
    0x00, 0x2A, 0xBF, 0xFC, 0x00, 0x00, 0x00, 0x00, 0x00, 0x14, 0x00, 0x00, 0x00, 0x00, 0x00, 0x10,
    0x00, 0x00, 0x00, 0x00, 0x00, 0xF8, 0x00, 0x00, 0x00, 0x00, 0x03, 0xF8, 0x00, 0x00, 0x00, 0x00,
    0x0F, 0xE0, 0x00, 0x00, 0x00, 0x00, 0x3F, 0x80, 0x00, 0x00, 0x00, 0x00, 0xFE, 0x00, 0x00, 0x00,
    0x00, 0x03, 0xF8, 0x00, 0x00, 0x00, 0x00, 0x0F, 0xE0, 0x00, 0x00, 0x00, 0x00, 0x3F, 0x80, 0x00,
    0x00, 0x00, 0x00, 0xFE, 0x00, 0x00, 0x00, 0x00, 0x03, 0xF8, 0x00, 0x00, 0x04, 0x00, 0x0F, 0xE0,
    0x00, 0x00, 0x0D, 0x00, 0x3F, 0x80, 0x00, 0x00, 0x1E, 0x00, 0xFE, 0x00, 0x00, 0x00, 0x1F, 0x03,
    0xF8, 0x00, 0x00, 0x00, 0x1F, 0x0F, 0xE0, 0x00, 0x00, 0x00, 0x1F, 0x7F, 0x80, 0x00, 0x00, 0x00,
    0x1F, 0xFE, 0x00, 0x00, 0x00, 0x00, 0x2F, 0xF8, 0x00, 0x00, 0x00, 0x00, 0x2F, 0xFF, 0x90, 0x00,
    0x00, 0x00, 0x3F, 0xFF, 0xFE, 0x00, 0x00, 0x00, 0x3F, 0xFA, 0xA8, 0x00, 0x00, 0x00, 0x24, 0x00,
    0x00, 0x00, 0x00, 0x00, 0x00, 0x00, 0x90, 0x00, 0x00, 0x64, 0x00, 0x00, 0x00, 0x0F, 0x40, 0x00,
    0x07, 0xD0, 0x00, 0x00, 0x00, 0xFC, 0x00, 0x00, 0x3F, 0x00, 0x00, 0x00, 0x0F, 0xC0, 0x00, 0x01,
    0xF4, 0x00, 0x00, 0x01, 0xFE, 0x00, 0x00, 0x0F, 0xC0, 0x00, 0x00, 0x2F, 0xF5, 0x55, 0x55, 0xBE,
    0x55, 0x55, 0x43, 0xFF, 0xFF, 0xFF, 0xFF, 0xFF, 0xFF, 0xFF, 0x8F, 0xFF, 0xFF, 0xFF, 0xFF, 0xFF,
    0xFF, 0xFE, 0x07, 0xFC, 0x00, 0x00, 0xF8, 0x00, 0x00, 0x00, 0x03, 0xF8, 0x00, 0x0B, 0xC0, 0x00,
    0x00, 0x00, 0x03, 0xF4, 0x00, 0x3E, 0x00, 0x00, 0x00, 0x00, 0x03, 0xF0, 0x02, 0xF0, 0x00, 0x00,
    0x00, 0x00, 0x03, 0xD0, 0x0F, 0x80, 0x00, 0x00, 0x00, 0x00, 0x01, 0x40, 0x14, 0x00, 0x00, 0x00,
    0x00, 0x00, 0x00, 0x00, 0x02, 0x80, 0x09, 0x00, 0x00, 0x00, 0x00, 0x00, 0x3F, 0x00, 0x3D, 0x00,
    0x00, 0x00, 0x00, 0x01, 0xF0, 0x00, 0x7D, 0x00, 0x00, 0x00, 0x00, 0x0F, 0x80, 0x00, 0xFD, 0x00,
    0x00, 0x00, 0x00, 0xBC, 0x00, 0x00, 0xFE, 0x00, 0x55, 0x55, 0x57, 0xF5, 0x55, 0x56, 0xFF, 0x47,
    0xFF, 0xFF, 0xFF, 0xFF, 0xFF, 0xFF, 0xFF, 0x9F, 0xFF, 0xFF, 0xFF, 0xFF, 0xFF, 0xFF, 0xFD, 0x00,
    0x00, 0x0B, 0xC0, 0x00, 0x00, 0xBF, 0x80, 0x00, 0x00, 0x3D, 0x00, 0x00, 0x07, 0xF4, 0x00, 0x00,
    0x02, 0xF0, 0x00, 0x00, 0x3F, 0x40, 0x00, 0x00, 0x0F, 0x40, 0x00, 0x01, 0xF4, 0x00, 0x00, 0x00,
    0xBC, 0x00, 0x00, 0x0F, 0x40, 0x00, 0x00, 0x01, 0x50, 0x00, 0x00, 0x14, 0x00, 0x00, 0x10, 0x00,
    0x00, 0x00, 0x00, 0x00, 0x00, 0x00, 0xF9, 0x00, 0x00, 0x00, 0x00, 0x00, 0x00, 0x03, 0xFF, 0xFF,
    0xC0, 0x00, 0x00, 0x00, 0x00, 0x0F, 0xFF, 0xFF, 0x80, 0x00, 0x05, 0x00, 0x00, 0x3F, 0xFA, 0x40,
    0x00, 0x03, 0xFF, 0x80, 0x00, 0xFF, 0xE0, 0x00, 0x00, 0x7F, 0xFF, 0xC0, 0x03, 0xFF, 0xE0, 0x00,
    0x0B, 0xF4, 0x1F, 0xC0, 0x0F, 0xCF, 0xE0, 0x00, 0xBF, 0x00, 0x1F, 0xC0, 0x3E, 0x0F, 0xE0, 0x0F,
    0xE0, 0x00, 0x0F, 0xC0, 0xF0, 0x0B, 0xF6, 0xFD, 0x00, 0x00, 0x0F, 0xC3, 0xC0, 0x0B, 0xFF, 0xD0,
    0x00, 0x00, 0x0F, 0x45, 0x00, 0x07, 0xF8, 0x00, 0x00, 0x00, 0x04, 0x00, 0x00, 0x00, 0x00, 0x00,
    0x00, 0x00, 0x10, 0x00, 0x00, 0x00, 0x00, 0x00, 0x00, 0x1B, 0xE0, 0x00, 0x00, 0x00, 0x00, 0x07,
    0xFF, 0xFF, 0x80, 0x00, 0x05, 0x00, 0x00, 0x3F, 0xFF, 0xFD, 0x00, 0x07, 0xFF, 0x40, 0x00, 0x05,
    0xBF, 0xF0, 0x00, 0xBF, 0xFF, 0x80, 0x00, 0x01, 0xFF, 0xC0, 0x0B, 0xE0, 0x2F, 0xC0, 0x00, 0x1F,
    0xFF, 0x00, 0xBE, 0x00, 0x1F, 0xD0, 0x01, 0xFD, 0x7C, 0x0B, 0xE0, 0x00, 0x1F, 0xD0, 0x1F, 0xC0,
    0xF0, 0xBE, 0x00, 0x00, 0x0F, 0xE6, 0xFC, 0x03, 0xD3, 0xE0, 0x00, 0x00, 0x0B, 0xFF, 0xC0, 0x07,
    0x41, 0x00, 0x00, 0x00, 0x07, 0xF8, 0x00, 0x08, 0x00, 0x00, 0x90, 0x06, 0x00, 0x00, 0x00, 0x00,
    0x00, 0x0F, 0x40, 0x7C, 0x00, 0x00, 0x00, 0x00, 0x00, 0xFC, 0x07, 0xD0, 0x00, 0x00, 0x00, 0x00,
    0x0F, 0xC0, 0x7F, 0x00, 0x00, 0x00, 0x00, 0x01, 0xFE, 0x0B, 0xF0, 0x00, 0x00, 0x00, 0x00, 0x2F,
    0xF5, 0xFF, 0x95, 0x55, 0x55, 0x55, 0x43, 0xFF, 0xFF, 0xFF, 0xFF, 0xFF, 0xFF, 0xFF, 0x8F, 0xFF,
    0xFF, 0xFF, 0xFF, 0xFF, 0xFF, 0xFE, 0x07, 0xFC, 0x2F, 0xE0, 0x00, 0x00, 0x00, 0x00, 0x03, 0xF8,
    0x1F, 0xD0, 0x00, 0x00, 0x00, 0x00, 0x03, 0xF4, 0x1F, 0xC0, 0x00, 0x00, 0x00, 0x00, 0x03, 0xF0,
    0x1F, 0x40, 0x00, 0x00, 0x00, 0x00, 0x03, 0xD0, 0x1F, 0x00, 0x00, 0x00, 0x00, 0x00, 0x01, 0x40,
    0x14, 0x00, 0x00, 0x00, 0x00, 0x00, 0x0D, 0x00, 0x00, 0x02, 0xF0, 0x00, 0x00, 0x3F, 0x80, 0x00,
    0x0F, 0xFD, 0x00, 0x02, 0xFF, 0xF0, 0x00, 0xBF, 0xFF, 0xC0, 0x2F, 0xEF, 0xFF, 0x0B, 0xF1, 0xF1,
    0xFC, 0xB4, 0x2F, 0x02, 0xC0, 0x07, 0xFC, 0x00, 0x00, 0xFF, 0xE0, 0x00, 0x3F, 0xFF, 0x40, 0x0F,
    0xFF, 0xFD, 0x03, 0xF9, 0xF7, 0xF8, 0xBD, 0x1F, 0x0B, 0xC9, 0x01, 0xF0, 0x08, 0x00, 0x1F, 0x00,
    0x00, 0x01, 0xF0, 0x00, 0x00, 0x1F, 0x00, 0x00, 0x01, 0xF0, 0x00, 0x00, 0x1F, 0x00, 0x00, 0x01,
    0xF0, 0x00, 0x00, 0x1F, 0x00, 0x00, 0x01, 0xF0, 0x00, 0x00, 0x1F, 0x00, 0x00, 0x01, 0xF0, 0x00,
    0x00, 0x1F, 0x00, 0x00, 0x01, 0xF0, 0x00, 0x00, 0x1F, 0x00, 0x00, 0x01, 0xF0, 0x00, 0x00, 0x00,
    0x00, 0x01, 0x40, 0x09, 0x00, 0x00, 0x00, 0x00, 0x00, 0x0B, 0x80, 0x3D, 0x00, 0x00, 0x00, 0x00,
    0x00, 0x0F, 0x80, 0x7D, 0x00, 0x00, 0x00, 0x00, 0x00, 0x1F, 0xC0, 0xFD, 0x00, 0x00, 0x00, 0x00,
    0x00, 0x3F, 0xC0, 0xFE, 0x00, 0x55, 0x55, 0x55, 0x55, 0x7F, 0xE6, 0xFF, 0x47, 0xFF, 0xFF, 0xFF,
    0xFF, 0xFF, 0xFF, 0xFF, 0x9F, 0xFF, 0xFF, 0xFF, 0xFF, 0xFF, 0xFF, 0xFD, 0x00, 0x00, 0x00, 0x00,
    0x1F, 0xF4, 0xBF, 0x80, 0x00, 0x00, 0x00, 0x00, 0xFF, 0x07, 0xF4, 0x00, 0x00, 0x00, 0x00, 0x0B,
    0xE0, 0x3F, 0x40, 0x00, 0x00, 0x00, 0x00, 0x3E, 0x01, 0xF4, 0x00, 0x00, 0x00, 0x00, 0x02, 0xE0,
    0x0F, 0x40, 0x00, 0x00, 0x00, 0x00, 0x05, 0x00, 0x14, 0x00, 0x00, 0x00, 0x1F, 0x00, 0x00, 0x01,
    0xF0, 0x00, 0x00, 0x1F, 0x00, 0x00, 0x01, 0xF0, 0x00, 0x00, 0x1F, 0x00, 0x00, 0x01, 0xF0, 0x00,
    0x00, 0x1F, 0x00, 0x00, 0x01, 0xF0, 0x00, 0x00, 0x1F, 0x00, 0x00, 0x01, 0xF0, 0x00, 0x00, 0x1F,
    0x00, 0x00, 0x01, 0xF0, 0x00, 0x00, 0x1F, 0x00, 0x00, 0x01, 0xF0, 0x00, 0x00, 0x1F, 0x00, 0x0B,
    0x41, 0xF0, 0x2C, 0x7F, 0x1F, 0x2F, 0xC1, 0xFF, 0xFF, 0xF0, 0x07, 0xFF, 0xFC, 0x00, 0x2F, 0xFF,
    0x00, 0x00, 0xBF, 0xC0, 0x09, 0x03, 0xF4, 0x08, 0xBD, 0x1F, 0x0B, 0xC3, 0xF9, 0xF7, 0xF4, 0x0F,
    0xFF, 0xFD, 0x00, 0x3F, 0xFF, 0x40, 0x00, 0xFF, 0xE0, 0x00, 0x07, 0xFC, 0x00, 0x00, 0x2F, 0x00,
    0x00, 0x00, 0xE0, 0x00, 0x00, 0x00, 0x90, 0x00, 0x00, 0x00, 0x00, 0xA4, 0x00, 0x0F, 0x40, 0x00,
    0x00, 0x00, 0x0F, 0xC0, 0x00, 0xFC, 0x00, 0x00, 0x00, 0x00, 0xBC, 0x00, 0x0F, 0xC0, 0x00, 0x00,
    0x00, 0x0B, 0xD0, 0x01, 0xFE, 0x00, 0x00, 0x00, 0x00, 0x7D, 0x00, 0x2F, 0xF5, 0x55, 0x55, 0x55,
    0x57, 0xE0, 0x03, 0xFF, 0xFF, 0xFF, 0xFF, 0xFF, 0xFF, 0x00, 0x0F, 0xFF, 0xFF, 0xFF, 0xFF, 0xFF,
    0xFC, 0x00, 0x07, 0xFC, 0x00, 0x00, 0x00, 0x00, 0xFC, 0x00, 0x03, 0xF8, 0x00, 0x00, 0x00, 0x00,
    0xF8, 0x00, 0x03, 0xF4, 0x00, 0x00, 0x00, 0x01, 0xF4, 0x00, 0x03, 0xF0, 0x00, 0x00, 0x00, 0x02,
    0xF0, 0x00, 0x03, 0xD0, 0x00, 0x00, 0x00, 0x03, 0xF0, 0x00, 0x01, 0x40, 0x00, 0x00, 0x00, 0x01,
    0x50, 0x19, 0x00, 0x00, 0x00, 0x00, 0x09, 0x00, 0x00, 0x7D, 0x00, 0x00, 0x00, 0x00, 0x3D, 0x00,
    0x00, 0xBC, 0x00, 0x00, 0x00, 0x00, 0x7D, 0x00, 0x00, 0xFC, 0x00, 0x00, 0x00, 0x00, 0xFD, 0x00,
    0x00, 0xF8, 0x00, 0x00, 0x00, 0x00, 0xFE, 0x00, 0x01, 0xF9, 0x55, 0x55, 0x55, 0x56, 0xFF, 0x40,
    0x01, 0xFF, 0xFF, 0xFF, 0xFF, 0xFF, 0xFF, 0x80, 0x0B, 0xFF, 0xFF, 0xFF, 0xFF, 0xFF, 0xFD, 0x00,
    0x7D, 0x00, 0x00, 0x00, 0x00, 0xBF, 0x80, 0x03, 0xE0, 0x00, 0x00, 0x00, 0x07, 0xF4, 0x00, 0x3F,
    0x00, 0x00, 0x00, 0x00, 0x3F, 0x40, 0x02, 0xF0, 0x00, 0x00, 0x00, 0x01, 0xF4, 0x00, 0x2F, 0x00,
    0x00, 0x00, 0x00, 0x0F, 0x40, 0x00, 0x54, 0x00, 0x00, 0x00, 0x00, 0x14, 0x00, 0x00, 0x00, 0x00,
    0x90, 0x00, 0x00, 0x00, 0x00, 0xB8, 0x00, 0x0F, 0x40, 0x00, 0x00, 0x00, 0x02, 0xE0, 0x00, 0xFC,
    0x00, 0x00, 0x00, 0x00, 0x0B, 0x80, 0x0F, 0xC0, 0x00, 0x00, 0x00, 0x00, 0x2E, 0x01, 0xFE, 0x00,
    0x00, 0x00, 0x00, 0x00, 0xB8, 0x2F, 0xF5, 0x55, 0x55, 0x55, 0x55, 0x57, 0xF3, 0xFF, 0xFF, 0xFF,
    0xFF, 0xFF, 0xFF, 0xFF, 0xCF, 0xFF, 0xFF, 0xFF, 0xFF, 0xFF, 0xFF, 0xFF, 0x07, 0xFC, 0x00, 0x00,
    0x00, 0x00, 0x00, 0xB8, 0x03, 0xF8, 0x00, 0x00, 0x00, 0x00, 0x02, 0xE0, 0x03, 0xF4, 0x00, 0x00,
    0x00, 0x00, 0x0B, 0x80, 0x03, 0xF0, 0x00, 0x00, 0x00, 0x00, 0x2E, 0x00, 0x03, 0xD0, 0x00, 0x00,
    0x00, 0x00, 0xB8, 0x00, 0x01, 0x40, 0x00, 0x00, 0x00, 0x00, 0x00, 0x00, 0x0D, 0x00, 0x00, 0x02,
    0xF0, 0x00, 0x00, 0x3F, 0x80, 0x00, 0x0F, 0xFD, 0x00, 0x02, 0xFF, 0xF4, 0x00, 0xBF, 0xFF, 0xC0,
    0x2F, 0xEF, 0xBF, 0x0B, 0xF1, 0xF1, 0xFC, 0xB4, 0x1F, 0x02, 0xC0, 0x01, 0xF0, 0x00, 0x00, 0x1F,
    0x00, 0x00, 0x01, 0xF0, 0x00, 0x00, 0x1F, 0x00, 0x00, 0x01, 0xF0, 0x00, 0x00, 0x1F, 0x00, 0x00,
    0x01, 0xF0, 0x00, 0x00, 0x1F, 0x00, 0x00, 0x01, 0xF0, 0x00, 0x00, 0x1F, 0x00, 0x00, 0x01, 0xF0,
    0x00, 0x00, 0x1F, 0x00, 0x00, 0x01, 0xF0, 0x00, 0x00, 0x1F, 0x00, 0x00, 0x01, 0xF0, 0x00, 0x00,
    0x1F, 0x00, 0x00, 0x01, 0xF0, 0x00, 0x00, 0x1F, 0x00, 0x01, 0x56, 0xF5, 0x54, 0xBF, 0xFF, 0xFF,
    0xCB, 0xFF, 0xFF, 0xFC, 0x28, 0x00, 0x00, 0x00, 0x00, 0x09, 0x00, 0x01, 0xF0, 0x00, 0x00, 0x00,
    0x00, 0x3D, 0x00, 0x07, 0xC0, 0x00, 0x00, 0x00, 0x00, 0x7D, 0x00, 0x1F, 0x00, 0x00, 0x00, 0x00,
    0x00, 0xFD, 0x00, 0x7C, 0x00, 0x00, 0x00, 0x00, 0x00, 0xFE, 0x01, 0xF5, 0x55, 0x55, 0x55, 0x55,
    0x56, 0xFF, 0x47, 0xFF, 0xFF, 0xFF, 0xFF, 0xFF, 0xFF, 0xFF, 0x9F, 0xFF, 0xFF, 0xFF, 0xFF, 0xFF,
    0xFF, 0xFD, 0x7C, 0x00, 0x00, 0x00, 0x00, 0x00, 0xBF, 0x81, 0xF0, 0x00, 0x00, 0x00, 0x00, 0x07,
    0xF4, 0x07, 0xC0, 0x00, 0x00, 0x00, 0x00, 0x3F, 0x40, 0x1F, 0x00, 0x00, 0x00, 0x00, 0x01, 0xF4,
    0x00, 0x7C, 0x00, 0x00, 0x00, 0x00, 0x0F, 0x40, 0x00, 0x50, 0x00, 0x00, 0x00, 0x00, 0x14, 0x00,
    0x00, 0x15, 0x55, 0x55, 0x4B, 0xFF, 0xFF, 0xFC, 0xBF, 0xFF, 0xFF, 0xC0, 0x01, 0xF0, 0x00, 0x00,
    0x1F, 0x00, 0x00, 0x01, 0xF0, 0x00, 0x00, 0x1F, 0x00, 0x00, 0x01, 0xF0, 0x00, 0x00, 0x1F, 0x00,
    0x00, 0x01, 0xF0, 0x00, 0x00, 0x1F, 0x00, 0x00, 0x01, 0xF0, 0x00, 0x00, 0x1F, 0x00, 0x00, 0x01,
    0xF0, 0x00, 0x00, 0x1F, 0x00, 0x00, 0x01, 0xF0, 0x00, 0x00, 0x1F, 0x00, 0x00, 0x01, 0xF0, 0x00,
    0x00, 0x1F, 0x00, 0x00, 0x01, 0xF0, 0x00, 0x00, 0x1F, 0x00, 0x00, 0x01, 0xF0, 0x00, 0xB4, 0x1F,
    0x02, 0xC7, 0xF1, 0xF2, 0xFC, 0x1F, 0xFF, 0xFF, 0x00, 0x7F, 0xFF, 0xC0, 0x01, 0xFF, 0xF0, 0x00,
    0x0B, 0xFC, 0x00, 0x00, 0x3F, 0x40, 0x00, 0x01, 0xF0, 0x00, 0x00, 0x04, 0x00, 0x00, 0x00, 0x0E,
    0x00, 0x00, 0x02, 0xF0, 0x00, 0x00, 0x3F, 0xC0, 0x00, 0x0F, 0xFE, 0x00, 0x02, 0xFF, 0xF4, 0x00,
    0xBF, 0xFF, 0xD0, 0x2F, 0xEF, 0x7F, 0x4B, 0xE1, 0xF0, 0xFC, 0xA0, 0x1F, 0x01, 0xD0, 0x01, 0xF0,
    0x00, 0x00, 0x1F, 0x00, 0x00, 0x01, 0xF0, 0x00, 0x00, 0x1F, 0x00, 0x00, 0x01, 0xF0, 0x00, 0x00,
    0x1F, 0x00, 0x00, 0x01, 0xF0, 0x00, 0x00, 0x1F, 0x00, 0x00, 0x01, 0xF0, 0x00, 0x00, 0x1F, 0x00,
    0x00, 0x01, 0xF0, 0x00, 0x00, 0x1F, 0x00, 0x00, 0x01, 0xF0, 0x00, 0x00, 0x1F, 0x00, 0x0B, 0x41,
    0xF0, 0x2C, 0x7F, 0x1F, 0x1F, 0xC2, 0xFF, 0xFF, 0xF0, 0x07, 0xFF, 0xFC, 0x00, 0x2F, 0xFF, 0x00,
    0x00, 0xFF, 0xD0, 0x00, 0x03, 0xF8, 0x00, 0x00, 0x1F, 0x00, 0x01, 0x55, 0xE5, 0x54, 0xBF, 0xFF,
    0xFF, 0xCB, 0xFF, 0xFF, 0xFC, 0x00, 0x00, 0x00, 0x00, 0x00, 0x3F, 0xFF, 0x80, 0x00, 0x00, 0x00,
    0x00, 0x00, 0x3F, 0xFF, 0xF4, 0x00, 0x00, 0x00, 0x00, 0x00, 0x15, 0x56, 0xFC, 0x00, 0x00, 0x90,
    0x00, 0x00, 0x00, 0x00, 0x3E, 0x00, 0x03, 0xD0, 0x00, 0x00, 0x00, 0x00, 0x2F, 0x00, 0x0F, 0xC0,
    0x00, 0x00, 0x00, 0x00, 0x2F, 0x00, 0x3F, 0x00, 0x00, 0x00, 0x00, 0x00, 0x2E, 0x01, 0xFE, 0x00,
    0x00, 0x00, 0x00, 0x00, 0x3E, 0x0B, 0xFD, 0x55, 0x55, 0x55, 0x55, 0x56, 0xFC, 0x3F, 0xFF, 0xFF,
    0xFF, 0xFF, 0xFF, 0xFF, 0xF4, 0x3F, 0xFF, 0xFF, 0xFF, 0xFF, 0xFF, 0xFF, 0x80, 0x07, 0xFC, 0x00,
    0x00, 0x00, 0x00, 0x00, 0x00, 0x00, 0xFE, 0x00, 0x00, 0x00, 0x00, 0x00, 0x00, 0x00, 0x3F, 0x40,
    0x00, 0x00, 0x00, 0x00, 0x00, 0x00, 0x0F, 0xC0, 0x00, 0x00, 0x00, 0x00, 0x00, 0x00, 0x03, 0xD0,
    0x00, 0x00, 0x00, 0x00, 0x00, 0x00, 0x00, 0x50, 0x00, 0x00, 0x00, 0x00, 0x00, 0x01, 0xBF, 0xFD,
    0x00, 0x00, 0x00, 0x00, 0x00, 0x0B, 0xFF, 0xFD, 0x00, 0x00, 0x00, 0x00, 0x00, 0x2F, 0xE5, 0x54,
    0x00, 0x00, 0x00, 0x00, 0x00, 0x3E, 0x00, 0x00, 0x00, 0x00, 0x02, 0x40, 0x00, 0x3C, 0x00, 0x00,
    0x00, 0x00, 0x03, 0xE0, 0x00, 0x7C, 0x00, 0x00, 0x00, 0x00, 0x01, 0xF8, 0x00, 0x3C, 0x00, 0x00,
    0x00, 0x00, 0x00, 0xBE, 0x00, 0x3E, 0x00, 0x00, 0x00, 0x00, 0x00, 0x3F, 0xC0, 0x2F, 0xE5, 0x55,
    0x55, 0x55, 0x55, 0x6F, 0xF4, 0x0B, 0xFF, 0xFF, 0xFF, 0xFF, 0xFF, 0xFF, 0xFE, 0x01, 0xBF, 0xFF,
    0xFF, 0xFF, 0xFF, 0xFF, 0xFD, 0x00, 0x00, 0x00, 0x00, 0x00, 0x00, 0x2F, 0xF0, 0x00, 0x00, 0x00,
    0x00, 0x00, 0x00, 0x3F, 0x80, 0x00, 0x00, 0x00, 0x00, 0x00, 0x00, 0xFD, 0x00, 0x00, 0x00, 0x00,
    0x00, 0x00, 0x01, 0xF4, 0x00, 0x00, 0x00, 0x00, 0x00, 0x00, 0x03, 0xD0, 0x00, 0x00, 0x00, 0x00,
    0x00, 0x00, 0x01, 0x40, 0x00, 0x00, 0x00, 0x00, 0x00, 0x00, 0x00, 0x1F, 0xF8, 0x00, 0x00, 0x00,
    0x00, 0x00, 0x00, 0x0F, 0xFF, 0xF0, 0x00, 0x00, 0x00, 0x00, 0x00, 0x02, 0xF9, 0x5F, 0xC0, 0x00,
    0x09, 0x00, 0x00, 0x00, 0x3E, 0x00, 0x3D, 0x00, 0x03, 0xD0, 0x00, 0x00, 0x07, 0xC0, 0x03, 0xD0,
    0x00, 0xFC, 0x00, 0x00, 0x00, 0xB8, 0x00, 0x3E, 0x00, 0x3F, 0x00, 0x00, 0x00, 0x0F, 0x80, 0x03,
    0xD0, 0x1F, 0xE0, 0x00, 0x00, 0x00, 0xF4, 0x00, 0xBC, 0x0B, 0xFD, 0x55, 0x55, 0x55, 0x5F, 0x95,
    0xBF, 0x83, 0xFF, 0xFF, 0xFF, 0xFF, 0xFF, 0xFF, 0xFF, 0xE0, 0x3F, 0xFF, 0xFF, 0xFF, 0xFF, 0xFF,
    0xFF, 0xE0, 0x00, 0x7F, 0xC0, 0x00, 0x00, 0x00, 0xF4, 0x00, 0x00, 0x00, 0xFE, 0x00, 0x00, 0x00,
    0x0F, 0x40, 0x00, 0x00, 0x03, 0xF4, 0x00, 0x00, 0x00, 0xF4, 0x00, 0x00, 0x00, 0x0F, 0xC0, 0x00,
    0x00, 0x0F, 0x40, 0x00, 0x00, 0x00, 0x3D, 0x00, 0x00, 0x00, 0xF4, 0x00, 0x00, 0x00, 0x00, 0x50,
    0x00, 0x00, 0x05, 0x00, 0x00, 0x00, 0x02, 0xFF, 0x80, 0x00, 0x00, 0x00, 0x00, 0x00, 0x00, 0xFF,
    0xFF, 0x00, 0x00, 0x00, 0x00, 0x00, 0x00, 0x2F, 0x96, 0xFC, 0x00, 0x00, 0x00, 0x00, 0x00, 0x03,
    0xD0, 0x07, 0xD0, 0x00, 0x00, 0x06, 0x40, 0x00, 0x7C, 0x00, 0x3E, 0x00, 0x00, 0x00, 0x3D, 0x00,
    0x07, 0xC0, 0x01, 0xF0, 0x00, 0x00, 0x02, 0xF4, 0x00, 0x3D, 0x00, 0x1F, 0x00, 0x00, 0x00, 0x0F,
    0xD0, 0x03, 0xF0, 0x00, 0xF0, 0x00, 0x00, 0x00, 0x7F, 0x80, 0x1F, 0xE5, 0x5F, 0x55, 0x55, 0x55,
    0x57, 0xFF, 0x00, 0x7F, 0xFF, 0xFF, 0xFF, 0xFF, 0xFF, 0xFF, 0xFD, 0x00, 0xBF, 0xFF, 0xFF, 0xFF,
    0xFF, 0xFF, 0xFF, 0xD0, 0x00, 0x00, 0xF0, 0x00, 0x00, 0x00, 0x3F, 0xE0, 0x00, 0x00, 0x0F, 0x00,
    0x00, 0x00, 0x0B, 0xF4, 0x00, 0x00, 0x00, 0xF0, 0x00, 0x00, 0x00, 0xFC, 0x00, 0x00, 0x00, 0x0F,
    0x00, 0x00, 0x00, 0x2F, 0x00, 0x00, 0x00, 0x00, 0xF0, 0x00, 0x00, 0x03, 0xC0, 0x00, 0x00, 0x00,
    0x05, 0x00, 0x00, 0x00, 0x10, 0x00, 0x00, 0x00, 0x00, 0x90, 0x00, 0x00, 0x00, 0x00, 0x24, 0x00,
    0x00, 0x00, 0x3D, 0x00, 0x00, 0x00, 0x00, 0x03, 0xD0, 0x00, 0x00, 0x0F, 0xC0, 0x00, 0x00, 0x00,
    0x00, 0x2F, 0x00, 0x00, 0x03, 0xF4, 0x00, 0x03, 0xFD, 0x00, 0x00, 0xFD, 0x00, 0x00, 0xFE, 0x00,
    0x00, 0xFF, 0xF0, 0x00, 0x07, 0xF4, 0x00, 0x7F, 0xC0, 0x00, 0x1F, 0x4F, 0x80, 0x00, 0x2F, 0xE0,
    0x3F, 0xFF, 0xF8, 0x02, 0xE0, 0x7C, 0x01, 0xFF, 0xFF, 0xD3, 0xFF, 0xFF, 0xC0, 0x3C, 0x03, 0xD0,
    0x2F, 0xFF, 0xFD, 0x0B, 0xFD, 0x7D, 0x0B, 0x80, 0x1F, 0x03, 0xE7, 0xFF, 0x40, 0x1F, 0xE2, 0xF5,
    0xF4, 0x00, 0xF9, 0xBC, 0x7F, 0x80, 0x00, 0x3F, 0x0F, 0xFE, 0x00, 0x07, 0xFF, 0x4F, 0xD0, 0x00,
    0x00, 0xFC, 0x2F, 0x80, 0x00, 0x1F, 0xD2, 0xF4, 0x00, 0x00, 0x03, 0xD0, 0x00, 0x00, 0x00, 0x00,
    0x3D, 0x00, 0x00, 0x00, 0x05, 0x00, 0x00, 0x00, 0x00, 0x01, 0x40, 0x00, 0x00, 0x00, 0x90, 0x00,
    0x00, 0xA0, 0x09, 0x00, 0x00, 0x00, 0x0F, 0x40, 0x00, 0x0F, 0xC0, 0x3D, 0x00, 0x00, 0x00, 0xFC,
    0x00, 0x00, 0x7D, 0x00, 0xBD, 0x00, 0x00, 0x0F, 0xC0, 0x00, 0x03, 0xF0, 0x00, 0xFD, 0x00, 0x01,
    0xFE, 0x00, 0x00, 0x1F, 0x40, 0x01, 0xFE, 0x00, 0x2F, 0xF5, 0x55, 0x55, 0xFD, 0x55, 0x57, 0xFF,
    0x43, 0xFF, 0xFF, 0xFF, 0xFF, 0xFF, 0xFF, 0xFF, 0xFF, 0x4F, 0xFF, 0xFF, 0xFF, 0xFF, 0xFF, 0xFF,
    0xFF, 0xFD, 0x07, 0xFC, 0x00, 0x02, 0xF0, 0x00, 0x00, 0xBF, 0x80, 0x03, 0xF8, 0x00, 0x0F, 0x80,
    0x00, 0x07, 0xF4, 0x00, 0x03, 0xF4, 0x00, 0xBC, 0x00, 0x00, 0x3F, 0x00, 0x00, 0x03, 0xF0, 0x03,
    0xE0, 0x00, 0x02, 0xF0, 0x00, 0x00, 0x03, 0xD0, 0x2F, 0x00, 0x00, 0x0F, 0x40, 0x00, 0x00, 0x01,
    0x40, 0x54, 0x00, 0x00, 0x14, 0x00, 0x00, 0x00, 0x00, 0x00, 0x00, 0x00, 0x00, 0xB4, 0x00, 0x00,
    0x00, 0x0F, 0x80, 0x00, 0x00, 0x01, 0xF0, 0x00, 0x00, 0x00, 0x2F, 0x00, 0x00, 0x00, 0x03, 0xE0,
    0x00, 0x00, 0x00, 0x7C, 0x00, 0x00, 0x00, 0x0B, 0xC0, 0x00, 0x00, 0x00, 0xF8, 0x00, 0x00, 0x10,
    0x0F, 0x40, 0x00, 0x2C, 0x02, 0xF0, 0x00, 0x2F, 0xC0, 0x3E, 0x00, 0x7F, 0xF4, 0x03, 0xD0, 0x7F,
    0xFF, 0x00, 0x7C, 0x7F, 0xFF, 0xE0, 0x0F, 0xFF, 0xF8, 0xBC, 0x00, 0xFF, 0xF8, 0x0F, 0x80, 0x1F,
    0xF8, 0x01, 0xF4, 0x02, 0xF8, 0x00, 0x2F, 0x00, 0x34, 0x00, 0x03, 0xD0, 0x00, 0x00, 0x00, 0xBC,
    0x00, 0x00, 0x40, 0x0F, 0x80, 0x00, 0x0B, 0x01, 0xF0, 0x00, 0x00, 0xB8, 0x3F, 0x00, 0x00, 0x03,
    0xD3, 0xD0, 0x00, 0x00, 0x3F, 0xBC, 0x00, 0x00, 0x01, 0xFF, 0xAB, 0xF0, 0x00, 0x0F, 0xFF, 0xFE,
    0x00, 0x00, 0xFF, 0xFD, 0x00, 0x00, 0x0B, 0xFD, 0x00, 0x00, 0x00, 0x7E, 0x00, 0x00, 0x00, 0x03,
    0x40, 0x00, 0x00, 0x00, 0x00, 0x50, 0x00, 0x00, 0x00, 0x3D, 0x00, 0x00, 0x00, 0x0F, 0xC0, 0x00,
    0x00, 0x03, 0xF4, 0x00, 0x00, 0x01, 0xFE, 0x00, 0x00, 0x00, 0xBF, 0xD5, 0x55, 0x54, 0x3F, 0xFF,
    0xFF, 0xFF, 0xC2, 0xFF, 0xFF, 0xFF, 0xFC, 0x07, 0xFC, 0x00, 0x07, 0xC0, 0x0F, 0xF0, 0x00, 0x7C,
    0x00, 0x2F, 0x80, 0x07, 0xC0, 0x00, 0xBC, 0x00, 0x7C, 0x00, 0x02, 0xE0, 0x07, 0xC0, 0x00, 0x04,
    0x00, 0x7C, 0x00, 0x00, 0x00, 0x07, 0xC0, 0x00, 0x00, 0x00, 0x7C, 0x00, 0x00, 0x00, 0x07, 0xC0,
    0x00, 0x00, 0x00, 0x7C, 0x00, 0x00, 0x00, 0x07, 0xC0, 0x00, 0x00, 0x00, 0x7C, 0x00, 0x00, 0x00,
    0x07, 0xC0, 0x00, 0x00, 0x00, 0x7C, 0x00, 0x00, 0x00, 0x07, 0xC0, 0x00, 0x00, 0x00, 0x7C, 0x00,
    0x00, 0x00, 0x07, 0xC0, 0x00, 0x00, 0x00, 0x7C, 0x00, 0x00, 0x00, 0x07, 0xC0, 0x00, 0x00, 0x00,
    0x7C, 0x00, 0x00, 0x00, 0x07, 0xC0, 0x00, 0x00, 0x00, 0x7C, 0x00, 0x00, 0x00, 0x01, 0x40, 0x00,
    0x00, 0x50, 0x00, 0x00, 0x00, 0x0B, 0x80, 0x00, 0x00, 0x00, 0x3E, 0x00, 0x00, 0x00, 0x02, 0xF8,
    0x00, 0x00, 0x00, 0x0F, 0xF0, 0x01, 0x55, 0x55, 0x7F, 0xE0, 0x3F, 0xFF, 0xFF, 0xFF, 0xC3, 0xFF,
    0xFF, 0xFF, 0xF8, 0x3C, 0x00, 0x07, 0xFC, 0x03, 0xC0, 0x00, 0xFE, 0x00, 0x3C, 0x00, 0x2F, 0x80,
    0x03, 0xC0, 0x03, 0xD0, 0x00, 0x3C, 0x00, 0xB4, 0x00, 0x03, 0xC0, 0x04, 0x00, 0x00, 0x3C, 0x00,
    0x00, 0x00, 0x03, 0xC0, 0x00, 0x00, 0x00, 0x3C, 0x00, 0x00, 0x00, 0x03, 0xC0, 0x00, 0x00, 0x00,
    0x3C, 0x00, 0x00, 0x00, 0x03, 0xC0, 0x00, 0x00, 0x00, 0x3C, 0x00, 0x00, 0x00, 0x03, 0xC0, 0x00,
    0x00, 0x00, 0x3C, 0x00, 0x00, 0x00, 0x03, 0xC0, 0x00, 0x00, 0x00, 0x3C, 0x00, 0x00, 0x00, 0x03,
    0xC0, 0x00, 0x00, 0x00, 0x3C, 0x00, 0x00, 0x00, 0x03, 0xC0, 0x00, 0x00, 0x00, 0x3C, 0x00, 0x00,
    0x00, 0x03, 0xC0, 0x00, 0x00, 0x00, 0x14, 0x00, 0x00, 0x00, 0x00, 0x00, 0x00, 0x00, 0x07, 0xC0,
    0x00, 0x00, 0x00, 0x7C, 0x00, 0x00, 0x00, 0x07, 0xC0, 0x00, 0x00, 0x00, 0x7C, 0x00, 0x00, 0x00,
    0x07, 0xC0, 0x00, 0x00, 0x00, 0x7C, 0x00, 0x00, 0x00, 0x07, 0xC0, 0x00, 0x00, 0x00, 0x7C, 0x00,
    0x00, 0x00, 0x07, 0xC0, 0x00, 0x00, 0x00, 0x7C, 0x00, 0x00, 0x00, 0x07, 0xC0, 0x00, 0x00, 0x00,
    0x7C, 0x00, 0x00, 0x00, 0x07, 0xC0, 0x00, 0x00, 0x00, 0x7C, 0x00, 0x00, 0x00, 0x07, 0xC0, 0x00,
    0x00, 0x00, 0x7C, 0x00, 0x00, 0x00, 0x07, 0xC0, 0x00, 0x05, 0x00, 0x7C, 0x00, 0x03, 0xD0, 0x07,
    0xC0, 0x00, 0xFC, 0x00, 0x7C, 0x00, 0x3F, 0x40, 0x07, 0xC0, 0x1F, 0xE0, 0x00, 0x7C, 0x0B, 0xFD,
    0x55, 0x5B, 0xC3, 0xFF, 0xFF, 0xFF, 0xFC, 0x2F, 0xFF, 0xFF, 0xFF, 0xC0, 0x7F, 0xC0, 0x00, 0x00,
    0x00, 0xBF, 0x00, 0x00, 0x00, 0x01, 0xF8, 0x00, 0x00, 0x00, 0x07, 0xC0, 0x00, 0x00, 0x00, 0x1E,
    0x00, 0x00, 0x3C, 0x00, 0x00, 0x00, 0x03, 0xC0, 0x00, 0x00, 0x00, 0x3C, 0x00, 0x00, 0x00, 0x03,
    0xC0, 0x00, 0x00, 0x00, 0x3C, 0x00, 0x00, 0x00, 0x03, 0xC0, 0x00, 0x00, 0x00, 0x3C, 0x00, 0x00,
    0x00, 0x03, 0xC0, 0x00, 0x00, 0x00, 0x3C, 0x00, 0x00, 0x00, 0x03, 0xC0, 0x00, 0x00, 0x00, 0x3C,
    0x00, 0x00, 0x00, 0x03, 0xC0, 0x00, 0x00, 0x00, 0x3C, 0x00, 0x00, 0x00, 0x03, 0xC0, 0x00, 0x00,
    0x00, 0x3C, 0x00, 0x00, 0x00, 0x03, 0xC0, 0x00, 0x00, 0x00, 0x3C, 0x00, 0x00, 0x00, 0x03, 0xC0,
    0x05, 0x00, 0x00, 0x3C, 0x00, 0xB8, 0x00, 0x03, 0xC0, 0x03, 0xE0, 0x00, 0x3C, 0x00, 0x2F, 0xC0,
    0x03, 0xC0, 0x00, 0xFF, 0x00, 0x3D, 0x55, 0x57, 0xFE, 0x03, 0xFF, 0xFF, 0xFF, 0xFC, 0x3F, 0xFF,
    0xFF, 0xFF, 0x80, 0x00, 0x00, 0x7F, 0xC0, 0x00, 0x00, 0x0F, 0xE0, 0x00, 0x00, 0x03, 0xF4, 0x00,
    0x00, 0x00, 0x7D, 0x00, 0x00, 0x00, 0x0F, 0x40, 0x00, 0x15, 0x55, 0x55, 0x54, 0x00, 0x0F, 0xFF,
    0xFF, 0xFF, 0x80, 0x03, 0xFF, 0xFF, 0xFF, 0xE0, 0x00, 0x00, 0x00, 0x00, 0xB8, 0x00, 0x00, 0x00,
    0x00, 0x2E, 0x00, 0x00, 0x00, 0x00, 0x0B, 0x80, 0x00, 0x00, 0x00, 0x02, 0xE0, 0x00, 0x00, 0x00,
    0x00, 0xB8, 0x00, 0x00, 0x00, 0xD0, 0x2E, 0x01, 0xC0, 0x00, 0x3F, 0x4B, 0x87, 0xF0, 0x00, 0x03,
    0xFB, 0xEB, 0xF0, 0x00, 0x00, 0x3F, 0xFF, 0xF0, 0x00, 0x00, 0x03, 0xFF, 0xF0, 0x00, 0x00, 0x00,
    0x7F, 0xF0, 0x00, 0x00, 0x00, 0x0B, 0xF4, 0x00, 0x00, 0x00, 0x00, 0xFC, 0x00, 0x00, 0x00, 0x00,
    0x1C, 0x00, 0x00, 0x00, 0x00, 0x00, 0x07, 0xC0, 0x00, 0x00, 0x00, 0x7C, 0x00, 0x00, 0x00, 0x07,
    0xC0, 0x00, 0x00, 0x00, 0x7C, 0x00, 0x00, 0x00, 0x07, 0xC0, 0x00, 0x00, 0x00, 0x7C, 0x00, 0x00,
    0x00, 0x07, 0xC0, 0x00, 0x05, 0x00, 0x7C, 0x00, 0x03, 0xD0, 0x07, 0xC0, 0x00, 0xFC, 0x00, 0x7C,
    0x00, 0x3F, 0x40, 0x07, 0xC0, 0x1F, 0xE0, 0x00, 0x7C, 0x0B, 0xFD, 0x55, 0x5B, 0xC3, 0xFF, 0xFF,
    0xFF, 0xFC, 0x2F, 0xFF, 0xFF, 0xFF, 0xC0, 0x7F, 0xC0, 0x00, 0x00, 0x00, 0xBF, 0x00, 0x00, 0x00,
    0x01, 0xF8, 0x00, 0x00, 0x00, 0x07, 0xC0, 0x00, 0x00, 0x00, 0x1E, 0x00, 0x00, 0x00, 0x00, 0x00,
    0x00, 0x15, 0x00, 0x00, 0x00, 0x00, 0x00, 0x00, 0x01, 0xBF, 0xFF, 0xE0, 0x00, 0x00, 0x00, 0x00,
    0x00, 0xFF, 0xFF, 0xFF, 0xE0, 0x00, 0x00, 0x00, 0x00, 0xBF, 0xD0, 0x01, 0xBF, 0xD0, 0x00, 0x00,
    0x00, 0x2F, 0xD0, 0x00, 0x00, 0xBF, 0x40, 0x00, 0x00, 0x0B, 0xE0, 0x00, 0x00, 0x00, 0xFD, 0x00,
    0x00, 0x02, 0xF8, 0x00, 0x00, 0x00, 0x03, 0xF0, 0x07, 0x40, 0x3E, 0x00, 0x00, 0x00, 0x00, 0x0F,
    0xC0, 0x7D, 0x0F, 0xC0, 0x00, 0x00, 0x00, 0x00, 0x3D, 0x02, 0xF5, 0xF4, 0x18, 0x00, 0x00, 0x00,
    0x02, 0xF0, 0x0F, 0xFF, 0x6F, 0xC0, 0x00, 0x00, 0x00, 0x0F, 0x40, 0x7F, 0xFF, 0xF4, 0x00, 0x00,
    0x00, 0x00, 0xF8, 0x03, 0xFF, 0xF8, 0x00, 0x00, 0x00, 0x00, 0x0B, 0xC0, 0x1F, 0xFD, 0x00, 0x00,
    0x00, 0x00, 0x00, 0x7C, 0x00, 0xFF, 0x00, 0x00, 0x00, 0x00, 0x00, 0x07, 0xC0, 0x0B, 0xC0, 0x00,
    0x00, 0x00, 0x00, 0x00, 0x00, 0x00, 0x60, 0x00, 0x00, 0x00, 0x00, 0x00, 0x00, 0x00, 0x00, 0x00,
    0x00, 0x15, 0x00, 0x00, 0x00, 0x00, 0x00, 0x00, 0x01, 0xBF, 0xFF, 0xD0, 0x00, 0x00, 0x00, 0x00,
    0x01, 0xFF, 0xFF, 0xFF, 0xD0, 0x00, 0x00, 0x00, 0x00, 0xBF, 0xD0, 0x01, 0xBF, 0xC0, 0x00, 0x00,
    0x00, 0x3F, 0xC0, 0x00, 0x00, 0xBF, 0x00, 0x00, 0x00, 0x0F, 0xD0, 0x00, 0x00, 0x01, 0xFD, 0x00,
    0x00, 0x02, 0xF4, 0x00, 0x00, 0x00, 0x03, 0xF0, 0x00, 0x40, 0x7D, 0x00, 0x00, 0x00, 0x00, 0x0F,
    0x80, 0x2C, 0x0F, 0x80, 0x00, 0x00, 0x00, 0x00, 0x7D, 0x0F, 0xC1, 0xF0, 0x00, 0x00, 0x00, 0x09,
    0x03, 0xE3, 0xF0, 0x3E, 0x00, 0x00, 0x00, 0x00, 0xBF, 0x6F, 0xBE, 0x03, 0xD0, 0x00, 0x00, 0x00,
    0x02, 0xFF, 0xFF, 0xC0, 0x7C, 0x00, 0x00, 0x00, 0x00, 0x07, 0xFF, 0xF4, 0x07, 0xC0, 0x00, 0x00,
    0x00, 0x00, 0x0B, 0xFF, 0x00, 0xBC, 0x00, 0x00, 0x00, 0x00, 0x00, 0x1F, 0xE0, 0x00, 0x00, 0x00,
    0x00, 0x00, 0x00, 0x00, 0x7C, 0x00, 0x00, 0x00, 0x00, 0x00, 0x00, 0x00, 0x01, 0x80, 0x00, 0x15,
    0x55, 0x55, 0x55, 0x55, 0x40, 0x7F, 0xFF, 0xFF, 0xFF, 0xFF, 0xC0, 0x7F, 0xFF, 0xFF, 0xFF, 0xFF,
    0xC0, 0x00, 0x00, 0x00, 0x00, 0x00, 0x00, 0x3E, 0x50, 0x00, 0x00, 0x00, 0x00, 0x3F, 0xFF, 0xFD,
    0x00, 0x00, 0x00, 0x3F, 0xFF, 0xF8, 0x00, 0x00, 0x00, 0x2F, 0xF9, 0x00, 0x00, 0x00, 0x00, 0x1F,
    0xFC, 0x00, 0x00, 0x00, 0x00, 0x1F, 0xBF, 0x00, 0x00, 0x00, 0x00, 0x1F, 0x1F, 0xC0, 0x00, 0x00,
    0x00, 0x1F, 0x07, 0xF0, 0x00, 0x00, 0x00, 0x1F, 0x01, 0xFC, 0x00, 0x00, 0x00, 0x1D, 0x00, 0x7F,
    0x00, 0x00, 0x00, 0x08, 0x00, 0x1F, 0xC0, 0x00, 0x00, 0x00, 0x00, 0x07, 0xF0, 0x00, 0x00, 0x00,
    0x00, 0x01, 0xFC, 0x00, 0x00, 0x00, 0x00, 0x00, 0x7F, 0x00, 0x00, 0x00, 0x00, 0x00, 0x1F, 0xC0,
    0x00, 0x00, 0x00, 0x00, 0x07, 0xF0, 0x00, 0x00, 0x00, 0x00, 0x01, 0xFC, 0x00, 0x00, 0x00, 0x00,
    0x00, 0x7F, 0x00, 0x00, 0x00, 0x00, 0x00, 0x1F, 0xC0, 0x00, 0x00, 0x00, 0x00, 0x07, 0xF0, 0x00,
    0x00, 0x00, 0x00, 0x01, 0xFC, 0x00, 0x00, 0x00, 0x00, 0x00, 0x70, 0x00, 0x00, 0x00, 0x00, 0x00,
    0x00, 0x28, 0x00, 0x05, 0x00, 0x00, 0x00, 0x00, 0x01, 0xF0, 0x00, 0xB8, 0x00, 0x00, 0x00, 0x00,
    0x07, 0xC0, 0x0B, 0xC0, 0x00, 0x00, 0x00, 0x00, 0x1F, 0x00, 0xBE, 0x00, 0x00, 0x00, 0x00, 0x00,
    0x7C, 0x0F, 0xF0, 0x00, 0x00, 0x00, 0x00, 0x01, 0xF1, 0xFF, 0x95, 0x55, 0x55, 0x55, 0x55, 0x47,
    0xFF, 0xFF, 0xFF, 0xFF, 0xFF, 0xFF, 0xFF, 0x9F, 0xBF, 0xFF, 0xFF, 0xFF, 0xFF, 0xFF, 0xFE, 0x7C,
    0x3F, 0xD0, 0x00, 0x00, 0x00, 0x00, 0x01, 0xF0, 0x2F, 0xC0, 0x00, 0x00, 0x00, 0x00, 0x07, 0xC0,
    0x2F, 0x80, 0x00, 0x00, 0x00, 0x00, 0x1F, 0x00, 0x2F, 0x00, 0x00, 0x00, 0x00, 0x00, 0x7C, 0x00,
    0x2E, 0x00, 0x01, 0x80, 0x00, 0x64, 0x50, 0x00, 0x14, 0x00, 0x07, 0xC0, 0x02, 0xE0, 0x00, 0x00,
    0x00, 0x00, 0x0F, 0xC0, 0x0B, 0x80, 0x00, 0x00, 0x00, 0x00, 0x0F, 0xC0, 0x2E, 0x00, 0x00, 0x00,
    0x00, 0x00, 0x2F, 0xD0, 0xB8, 0x55, 0x55, 0x55, 0x55, 0x55, 0x7F, 0xE2, 0xE7, 0xFF, 0xFF, 0xFF,
    0xFF, 0xFF, 0xFF, 0xFF, 0x9F, 0xFF, 0xFF, 0xFF, 0xFF, 0xFF, 0xFF, 0xFE, 0x00, 0x00, 0x00, 0x00,
    0x00, 0x0F, 0xF4, 0xB8, 0x00, 0x00, 0x00, 0x00, 0x00, 0xBF, 0x02, 0xE0, 0x00, 0x00, 0x00, 0x00,
    0x07, 0xF0, 0x0B, 0x80, 0x00, 0x00, 0x00, 0x00, 0x3F, 0x00, 0x2E, 0x00, 0x00, 0x00, 0x00, 0x01,
    0xF0, 0x00, 0xB8, 0x00, 0x00, 0x00, 0x00, 0x05, 0x00, 0x01, 0x50, 0x00, 0x00, 0x00, 0x00, 0x00,
    0x00, 0x00, 0x00, 0x00, 0x00, 0x00, 0x00, 0x07, 0x90, 0x00, 0x00, 0x00, 0x00, 0x00, 0x00, 0x1F,
    0xFF, 0xA9, 0x00, 0x01, 0x00, 0x00, 0x00, 0x3F, 0xFF, 0xFD, 0x00, 0x3D, 0x00, 0x00, 0x00, 0xFF,
    0xFE, 0x90, 0x03, 0xF8, 0x00, 0x00, 0x03, 0xFF, 0x00, 0x00, 0x2F, 0x80, 0x00, 0x00, 0x0F, 0xFF,
    0x00, 0x01, 0xF8, 0x00, 0x00, 0x00, 0x3E, 0x7E, 0x00, 0x0F, 0xC0, 0x00, 0x00, 0x00, 0xF4, 0xBC,
    0x00, 0x7C, 0x00, 0x00, 0x00, 0x03, 0xC0, 0xF8, 0x03, 0xF0, 0x00, 0x00, 0x00, 0x1E, 0x01, 0xF0,
    0x0F, 0x40, 0x00, 0x00, 0x00, 0x30, 0x03, 0xD0, 0x7C, 0x00, 0x00, 0x00, 0x00, 0x00, 0x0F, 0x81,
    0xF0, 0x00, 0x00, 0x00, 0x00, 0x00, 0x2E, 0x0B, 0xC0, 0x00, 0x00, 0x00, 0x00, 0x00, 0xBC, 0x2F,
    0x00, 0x00, 0x00, 0x00, 0x00, 0x02, 0xF0, 0x7C, 0x00, 0x00, 0x00, 0x00, 0x00, 0x0B, 0x81, 0xF0,
    0x00, 0x00, 0x00, 0x00, 0x00, 0x3E, 0x03, 0xD0, 0x00, 0x00, 0x00, 0x00, 0x00, 0xF4, 0x0F, 0x80,
    0x00, 0x00, 0x00, 0x00, 0x07, 0xC0, 0x1F, 0x00, 0x00, 0x00, 0x00, 0x00, 0x3E, 0x00, 0x3F, 0x00,
    0x00, 0x00, 0x00, 0x02, 0xF0, 0x00, 0x7E, 0x00, 0x00, 0x00, 0x00, 0x1F, 0x80, 0x00, 0xBE, 0x00,
    0x00, 0x00, 0x01, 0xFC, 0x00, 0x00, 0xBE, 0x00, 0x00, 0x00, 0x2F, 0xC0, 0x00, 0x00, 0xBF, 0x80,
    0x00, 0x07, 0xFC, 0x00, 0x00, 0x00, 0x7F, 0xF9, 0x5A, 0xFF, 0x80, 0x00, 0x00, 0x00, 0x2F, 0xFF,
    0xFF, 0xE0, 0x00, 0x00, 0x00, 0x00, 0x06, 0xFF, 0xE4, 0x00, 0x00, 0x00, 0x00, 0x00, 0x00, 0x00,
    0x00, 0x00, 0x00, 0x00, 0x00, 0x01, 0xB4, 0x00, 0x00, 0x00, 0x00, 0x01, 0xAB, 0xFF, 0xD0, 0x00,
    0x00, 0x00, 0x00, 0x0F, 0xFF, 0xFF, 0x40, 0x00, 0x00, 0x10, 0x00, 0x1A, 0xFF, 0xFC, 0x00, 0x00,
    0x00, 0xF0, 0x00, 0x00, 0x3F, 0xF0, 0x00, 0x00, 0x07, 0xF0, 0x00, 0x02, 0xFF, 0xC0, 0x00, 0x00,
    0x07, 0xE0, 0x00, 0x1F, 0x5F, 0x00, 0x00, 0x00, 0x07, 0xD0, 0x00, 0xF8, 0x3C, 0x00, 0x00, 0x00,
    0x0B, 0xC0, 0x0B, 0xC0, 0xF4, 0x00, 0x00, 0x00, 0x0F, 0x80, 0x3E, 0x01, 0xD0, 0x00, 0x00, 0x00,
    0x2F, 0x00, 0xF0, 0x03, 0x00, 0x00, 0x00, 0x00, 0x3C, 0x07, 0xC0, 0x00, 0x00, 0x00, 0x00, 0x00,
    0xF4, 0x2F, 0x00, 0x00, 0x00, 0x00, 0x00, 0x02, 0xE0, 0xB8, 0x00, 0x00, 0x00, 0x00, 0x00, 0x0B,
    0x82, 0xE0, 0x00, 0x00, 0x00, 0x00, 0x00, 0x2E, 0x0B, 0xC0, 0x00, 0x00, 0x00, 0x00, 0x00, 0xF8,
    0x1F, 0x00, 0x00, 0x00, 0x00, 0x00, 0x03, 0xD0, 0x3D, 0x00, 0x00, 0x00, 0x00, 0x00, 0x0F, 0x40,
    0xF8, 0x00, 0x00, 0x00, 0x00, 0x00, 0xBC, 0x01, 0xF0, 0x00, 0x00, 0x00, 0x00, 0x03, 0xE0, 0x03,
    0xE0, 0x00, 0x00, 0x00, 0x00, 0x2F, 0x00, 0x07, 0xE0, 0x00, 0x00, 0x00, 0x01, 0xF4, 0x00, 0x0B,
    0xD0, 0x00, 0x00, 0x00, 0x1F, 0x80, 0x00, 0x0F, 0xE0, 0x00, 0x00, 0x02, 0xFC, 0x00, 0x00, 0x0B,
    0xF4, 0x00, 0x00, 0x7F, 0x80, 0x00, 0x00, 0x0B, 0xFF, 0x95, 0xBF, 0xF8, 0x00, 0x00, 0x00, 0x02,
    0xFF, 0xFF, 0xFE, 0x00, 0x00, 0x00, 0x00, 0x00, 0x6F, 0xFE, 0x40, 0x00, 0x00, 0x00, 0x00, 0x90,
    0x00, 0x00, 0x00, 0x00, 0x00, 0x00, 0x0F, 0x40, 0x00, 0x00, 0x00, 0x00, 0x00, 0x00, 0xFC, 0x00,
    0x00, 0x00, 0x00, 0x00, 0x00, 0x0F, 0xC0, 0x00, 0x00, 0x00, 0x00, 0x00, 0x01, 0xFE, 0x00, 0x00,
    0x00, 0x00, 0x00, 0x00, 0x2F, 0xF5, 0x55, 0x55, 0x55, 0x55, 0x55, 0x43, 0xFF, 0xFF, 0xFF, 0xFF,
    0xFF, 0xFF, 0xFF, 0x9F, 0xFF, 0xFF, 0xFF, 0xFF, 0xFF, 0xFF, 0xFE, 0x15, 0x55, 0x55, 0x55, 0x55,
    0x55, 0x55, 0x51, 0xFF, 0xFF, 0xFF, 0xFF, 0xFF, 0xFF, 0xFF, 0xE3, 0xFF, 0xFF, 0xFF, 0xFF, 0xFF,
    0xFF, 0xFF, 0x81, 0xFF, 0x00, 0x00, 0x00, 0x00, 0x00, 0x00, 0x00, 0xFE, 0x00, 0x00, 0x00, 0x00,
    0x00, 0x00, 0x00, 0xFD, 0x00, 0x00, 0x00, 0x00, 0x00, 0x00, 0x00, 0xFC, 0x00, 0x00, 0x00, 0x00,
    0x00, 0x00, 0x00, 0xF4, 0x00, 0x00, 0x00, 0x00, 0x00, 0x00, 0x00, 0x50, 0x00, 0x00, 0x00, 0x00,
    0x00, 0xB0, 0x00, 0xBC, 0x00, 0xBD, 0x00, 0xBF, 0x00, 0xBF, 0xC0, 0xBF, 0xF0, 0xBF, 0xFC, 0xB8,
    0xBE, 0xB8, 0x0F, 0xB8, 0x00, 0xB8, 0x00, 0xB8, 0x00, 0xB8, 0x00, 0xB8, 0x00, 0xB8, 0x00, 0xB8,
    0x00, 0xB8, 0x00, 0xB8, 0x00, 0xB8, 0x00, 0xB8, 0x00, 0xB8, 0x00, 0xB8, 0x00, 0xB8, 0x00, 0xB8,
    0x00, 0xB8, 0x00, 0xB8, 0x00, 0xB8, 0x00, 0xB8, 0x00, 0xB8, 0x00, 0xB8, 0x00, 0x00, 0x0F, 0x00,
    0x2F, 0x00, 0x3F, 0x00, 0xFF, 0x02, 0xFF, 0x0B, 0xFF, 0x2F, 0xEF, 0x7F, 0x1F, 0xB4, 0x1F, 0x00,
    0x1F, 0x00, 0x1F, 0x00, 0x1F, 0x00, 0x1F, 0x00, 0x1F, 0x00, 0x1F, 0x00, 0x1F, 0x00, 0x1F, 0x00,
    0x1F, 0x00, 0x1F, 0x00, 0x1F, 0x00, 0x1F, 0x00, 0x1F, 0x00, 0x1F, 0x00, 0x1F, 0x00, 0x1F, 0x00,
    0x1F, 0x00, 0x1F, 0x00, 0x1F, 0x00, 0x1F, 0x00, 0x1F, 0x00, 0x00, 0x00, 0x00, 0x00, 0x09, 0x00,
    0x00, 0x00, 0x00, 0x00, 0x00, 0x00, 0x3D, 0x00, 0x00, 0x00, 0x00, 0x00, 0x00, 0x00, 0x7D, 0x00,
    0x00, 0x00, 0x00, 0x00, 0x00, 0x00, 0xFE, 0x00, 0x00, 0x00, 0x00, 0x00, 0x00, 0x00, 0xFE, 0x00,
    0x55, 0x55, 0x55, 0x55, 0x55, 0x56, 0xFF, 0x47, 0xFF, 0xFF, 0xFF, 0xFF, 0xFF, 0xFF, 0xFF, 0x9F,
    0xFF, 0xFF, 0xFF, 0xFF, 0xFF, 0xFF, 0xFE, 0x15, 0x55, 0x55, 0x55, 0x55, 0x55, 0x55, 0x51, 0xFF,
    0xFF, 0xFF, 0xFF, 0xFF, 0xFF, 0xFF, 0xE7, 0xFF, 0xFF, 0xFF, 0xFF, 0xFF, 0xFF, 0xFF, 0x40, 0x00,
    0x00, 0x00, 0x00, 0x00, 0x2F, 0xE0, 0x00, 0x00, 0x00, 0x00, 0x00, 0x01, 0xFD, 0x00, 0x00, 0x00,
    0x00, 0x00, 0x00, 0x0F, 0xD0, 0x00, 0x00, 0x00, 0x00, 0x00, 0x00, 0x7D, 0x00, 0x00, 0x00, 0x00,
    0x00, 0x00, 0x03, 0xD0, 0x00, 0x00, 0x00, 0x00, 0x00, 0x00, 0x05, 0x00, 0x00, 0xB8, 0x00, 0xB8,
    0x00, 0xB8, 0x00, 0xB8, 0x00, 0xB8, 0x00, 0xB8, 0x00, 0xB8, 0x00, 0xB8, 0x00, 0xB8, 0x00, 0xB8,
    0x00, 0xB8, 0x00, 0xB8, 0x00, 0xB8, 0x00, 0xB8, 0x00, 0xB8, 0x00, 0xB8, 0x00, 0xB8, 0x00, 0xB8,
    0x00, 0xB8, 0x00, 0xB8, 0x00, 0xB8, 0x00, 0xB8, 0x06, 0xB8, 0x3F, 0xBA, 0xFD, 0xBF, 0xF0, 0xBF,
    0xC0, 0xBF, 0x40, 0xBE, 0x00, 0xBC, 0x00, 0xB4, 0x00, 0x00, 0x1F, 0x00, 0x1F, 0x00, 0x1F, 0x00,
    0x1F, 0x00, 0x1F, 0x00, 0x1F, 0x00, 0x1F, 0x00, 0x1F, 0x00, 0x1F, 0x00, 0x1F, 0x00, 0x1F, 0x00,
    0x1F, 0x00, 0x1F, 0x00, 0x1F, 0x00, 0x1F, 0x00, 0x1F, 0x00, 0x1F, 0x00, 0x1F, 0x00, 0x1F, 0x00,
    0x1F, 0x00, 0x1F, 0x90, 0x1F, 0xBD, 0x1F, 0x3F, 0x9F, 0x0F, 0xFF, 0x03, 0xFF, 0x00, 0xFF, 0x00,
    0x7F, 0x00, 0x2F, 0x00, 0x0F, 0x00, 0x00, 0x00, 0x00, 0x00, 0x09, 0x00, 0x00, 0x00, 0x00, 0x00,
    0x00, 0x00, 0x3D, 0x00, 0x00, 0x00, 0x00, 0x00, 0x00, 0x00, 0x7D, 0x00, 0x00, 0x00, 0x00, 0x00,
    0x00, 0x00, 0xFD, 0x00, 0x00, 0x00, 0x00, 0x00, 0x00, 0x00, 0xFE, 0x00, 0x55, 0x55, 0x55, 0x55,
    0x55, 0x56, 0xFF, 0x47, 0xFF, 0xFF, 0xFF, 0xFF, 0xFF, 0xFF, 0xFF, 0x9F, 0xFF, 0xFF, 0xFF, 0xFF,
    0xFF, 0xFF, 0xFD, 0x00, 0x00, 0x00, 0x00, 0x00, 0x00, 0xBF, 0x80, 0x00, 0x00, 0x00, 0x00, 0x00,
    0x07, 0xF4, 0x00, 0x00, 0x00, 0x00, 0x00, 0x00, 0x3F, 0x40, 0x00, 0x00, 0x00, 0x00, 0x00, 0x01,
    0xF4, 0x00, 0x00, 0x00, 0x90, 0x00, 0x00, 0x0F, 0x40, 0x00, 0x00, 0x0F, 0x40, 0x00, 0x00, 0x14,
    0x00, 0x00, 0x00, 0xFC, 0x00, 0x00, 0x00, 0x00, 0x00, 0x00, 0x0F, 0xC0, 0x00, 0x00, 0x00, 0x00,
    0x00, 0x01, 0xFE, 0x00, 0x00, 0x00, 0x00, 0x00, 0x00, 0x2F, 0xF5, 0x55, 0x55, 0x55, 0x55, 0x55,
    0x43, 0xFF, 0xFF, 0xFF, 0xFF, 0xFF, 0xFF, 0xFF, 0x8F, 0xFF, 0xFF, 0xFF, 0xFF, 0xFF, 0xFF, 0xFE,
    0x07, 0xFC, 0x00, 0x00, 0x00, 0x00, 0x00, 0x00, 0x03, 0xF8, 0x00, 0x00, 0x00, 0x00, 0x00, 0x00,
    0x03, 0xF4, 0x00, 0x00, 0x00, 0x00, 0x00, 0x00, 0x03, 0xF0, 0x00, 0x00, 0x00, 0x00, 0x00, 0x00,
    0x03, 0xD0, 0x00, 0x00, 0x00, 0x00, 0x00, 0x00, 0x01, 0x40, 0x00, 0x00, 0x00, 0x00, 0x00, 0x00,
    0x0D, 0x00, 0x00, 0x0B, 0xC0, 0x00, 0x00, 0xBC, 0x00, 0x00, 0x2F, 0x00, 0x00, 0x03, 0xF8, 0x00,
    0x00, 0xBC, 0x00, 0x00, 0x3F, 0xF4, 0x00, 0x02, 0xF0, 0x00, 0x02, 0xFF, 0xF0, 0x00, 0x0B, 0xC0,
    0x00, 0x2F, 0xFF, 0xF0, 0x00, 0x2F, 0x00, 0x02, 0xFE, 0xFF, 0xF0, 0x00, 0xBC, 0x00, 0x1F, 0xC7,
    0xC7, 0xF0, 0x02, 0xF0, 0x00, 0xB4, 0x1F, 0x02, 0xC0, 0x0B, 0xC0, 0x00, 0x00, 0x7C, 0x00, 0x00,
    0x2F, 0x00, 0x00, 0x01, 0xF0, 0x00, 0x00, 0xBC, 0x00, 0x00, 0x07, 0xC0, 0x00, 0x02, 0xF0, 0x00,
    0x00, 0x1F, 0x00, 0x00, 0x0B, 0xC0, 0x00, 0x00, 0x7C, 0x00, 0x00, 0x2F, 0x00, 0x00, 0x01, 0xF0,
    0x00, 0x00, 0xBC, 0x00, 0x00, 0x07, 0xC0, 0x00, 0x02, 0xF0, 0x00, 0x00, 0x1F, 0x00, 0x00, 0x0B,
    0xC0, 0x00, 0x00, 0x7C, 0x00, 0x00, 0x2F, 0x00, 0x00, 0x01, 0xF0, 0x00, 0x00, 0xBC, 0x00, 0x00,
    0x07, 0xC0, 0x00, 0x02, 0xF0, 0x00, 0x00, 0x1F, 0x00, 0x00, 0x0B, 0xC0, 0x00, 0x00, 0x7C, 0x00,
    0x90, 0x2F, 0x00, 0x80, 0x01, 0xF0, 0x03, 0xF4, 0xBC, 0x2F, 0x00, 0x07, 0xC0, 0x03, 0xFA, 0xF7,
    0xF4, 0x00, 0x1F, 0x00, 0x03, 0xFF, 0xFF, 0x40, 0x00, 0x7C, 0x00, 0x03, 0xFF, 0xF4, 0x00, 0x01,
    0xF0, 0x00, 0x03, 0xFF, 0x40, 0x00, 0x07, 0xC0, 0x00, 0x07, 0xF8, 0x00, 0x00, 0x1F, 0x00, 0x00,
    0x0B, 0xC0, 0x00, 0x00, 0x7C, 0x00, 0x00, 0x0D, 0x00, 0x00, 0x00, 0x00, 0x90, 0x00, 0x00, 0x00,
    0x00, 0x00, 0x00, 0x0F, 0x40, 0x00, 0x00, 0x00, 0x00, 0x00, 0x00, 0xFC, 0x00, 0x00, 0x00, 0x00,
    0x00, 0x00, 0x0F, 0xC0, 0x00, 0x00, 0x00, 0x00, 0x00, 0x01, 0xFE, 0x00, 0x00, 0x00, 0x00, 0x00,
    0x00, 0x2F, 0xF5, 0x55, 0x55, 0x55, 0x55, 0x55, 0x43, 0xFF, 0xFF, 0xFF, 0xFF, 0xFF, 0xFF, 0xFF,
    0x8F, 0xFF, 0xFF, 0xFF, 0xFF, 0xFF, 0xFF, 0xFE, 0x07, 0xFC, 0x00, 0x00, 0x00, 0x00, 0x00, 0x00,
    0x03, 0xF8, 0x00, 0x00, 0x00, 0x00, 0x00, 0x00, 0x03, 0xF4, 0x00, 0x00, 0x00, 0x00, 0x00, 0x00,
    0x02, 0xF0, 0x00, 0x00, 0x00, 0x00, 0x00, 0x00, 0x03, 0xD0, 0x00, 0x00, 0x00, 0x00, 0x00, 0x00,
    0x01, 0x40, 0x00, 0x00, 0x24, 0x00, 0x00, 0x00, 0x00, 0x00, 0x00, 0x00, 0xF8, 0x00, 0x00, 0x00,
    0x00, 0x00, 0x00, 0x01, 0xF4, 0x00, 0x00, 0x00, 0x00, 0x00, 0x00, 0x03, 0xF8, 0x00, 0x00, 0x00,
    0x00, 0x00, 0x00, 0x03, 0xF8, 0x01, 0x55, 0x55, 0x55, 0x55, 0x55, 0x5B, 0xFD, 0x1F, 0xFF, 0xFF,
    0xFF, 0xFF, 0xFF, 0xFF, 0xFE, 0x7F, 0xFF, 0xFF, 0xFF, 0xFF, 0xFF, 0xFF, 0xF4, 0x00, 0x00, 0x00,
    0x00, 0x00, 0x02, 0xFE, 0x00, 0x00, 0x00, 0x00, 0x00, 0x00, 0x1F, 0xD0, 0x00, 0x00, 0x00, 0x00,
    0x00, 0x00, 0xFD, 0x00, 0x00, 0x00, 0x00, 0x00, 0x00, 0x07, 0xD0, 0x00, 0x00, 0x00, 0x00, 0x00,
    0x00, 0x3D, 0x00, 0x00, 0x00, 0x00, 0x00, 0x00, 0x00, 0x50, 0x00, 0x00, 0x00, 0x00, 0x90, 0x00,
    0x00, 0x00, 0x00, 0x00, 0x00, 0x0F, 0x40, 0x00, 0x00, 0x00, 0x00, 0x00, 0x00, 0xFC, 0x00, 0x00,
    0x00, 0x00, 0x00, 0x00, 0x0F, 0xC0, 0x00, 0x00, 0x00, 0x00, 0x00, 0x01, 0xFE, 0x00, 0x00, 0x00,
    0x00, 0x00, 0x00, 0x2F, 0xF5, 0x55, 0x55, 0x55, 0x55, 0x55, 0x43, 0xFF, 0xFF, 0xFF, 0xFF, 0xFF,
    0xFF, 0xFF, 0x8F, 0xFF, 0xFF, 0xFF, 0xFF, 0xFF, 0xFF, 0xFE, 0x07, 0xFC, 0x00, 0x00, 0x00, 0x00,
    0x00, 0x00, 0x03, 0xF8, 0x00, 0x00, 0x00, 0x00, 0x00, 0x00, 0x03, 0xF4, 0x00, 0x00, 0x00, 0x00,
    0x00, 0x00, 0x02, 0xF0, 0x00, 0x00, 0x00, 0x00, 0x00, 0x00, 0x03, 0xD0, 0x00, 0x00, 0x00, 0x00,
    0x00, 0x00, 0x07, 0x80, 0x00, 0x00, 0x00, 0x00, 0x00, 0x00, 0x3D, 0x00, 0x00, 0x00, 0x00, 0x00,
    0x00, 0x03, 0xF0, 0x00, 0x00, 0x00, 0x00, 0x00, 0x00, 0x3F, 0x00, 0x00, 0x00, 0x00, 0x00, 0x00,
    0x07, 0xF8, 0x00, 0x00, 0x00, 0x00, 0x00, 0x00, 0xBF, 0xD5, 0x55, 0x55, 0x55, 0x55, 0x55, 0x0F,
    0xFF, 0xFF, 0xFF, 0xFF, 0xFF, 0xFF, 0xFE, 0x3F, 0xFF, 0xFF, 0xFF, 0xFF, 0xFF, 0xFF, 0xF8, 0x1F,
    0xF0, 0x00, 0x00, 0x00, 0x00, 0x00, 0x00, 0x0F, 0xE0, 0x00, 0x00, 0x00, 0x00, 0x00, 0x00, 0x0F,
    0xD0, 0x00, 0x00, 0x00, 0x00, 0x00, 0x00, 0x0F, 0xC0, 0x00, 0x00, 0x00, 0x00, 0x00, 0x00, 0x0F,
    0x40, 0x00, 0x00, 0x00, 0x00, 0x00, 0x00, 0x05, 0x00, 0x00, 0x00, 0x00, 0x00, 0x00, 0x00, 0x0D,
    0x00, 0x00, 0x03, 0x40, 0x00, 0x00, 0xBC, 0x00, 0x00, 0x2F, 0x00, 0x00, 0x03, 0xF8, 0x00, 0x01,
    0xFE, 0x00, 0x00, 0x3F, 0xF4, 0x00, 0x0F, 0xFD, 0x00, 0x02, 0xFF, 0xF0, 0x00, 0xFF, 0xFC, 0x00,
    0x2F, 0xFF, 0xF0, 0x0B, 0xFF, 0xFC, 0x02, 0xFE, 0xFF, 0xF0, 0xBF, 0xFF, 0xFC, 0x1F, 0xC7, 0xC7,
    0xFB, 0xE2, 0xF2, 0xFC, 0xB4, 0x1F, 0x02, 0xFD, 0x0B, 0xC0, 0xB0, 0x00, 0x7C, 0x00, 0x40, 0x2F,
    0x00, 0x00, 0x01, 0xF0, 0x00, 0x00, 0xBC, 0x00, 0x00, 0x07, 0xC0, 0x00, 0x02, 0xF0, 0x00, 0x00,
    0x1F, 0x00, 0x00, 0x0B, 0xC0, 0x00, 0x00, 0x7C, 0x00, 0x00, 0x2F, 0x00, 0x00, 0x01, 0xF0, 0x00,
    0x00, 0xBC, 0x00, 0x00, 0x07, 0xC0, 0x00, 0x02, 0xF0, 0x00, 0x00, 0x1F, 0x00, 0x00, 0x0B, 0xC0,
    0x00, 0x00, 0x7C, 0x00, 0x00, 0x2F, 0x00, 0x00, 0x01, 0xF0, 0x00, 0x00, 0xBC, 0x00, 0x00, 0x07,
    0xC0, 0x00, 0x02, 0xF0, 0x00, 0x00, 0x1F, 0x00, 0x00, 0x0B, 0xC0, 0x00, 0x00, 0x7C, 0x00, 0x00,
    0x2F, 0x00, 0x00, 0x01, 0xF0, 0x00, 0x00, 0xBC, 0x00, 0x00, 0x07, 0xC0, 0x00, 0x02, 0xF0, 0x00,
    0x00, 0x1F, 0x00, 0x00, 0x0B, 0xC0, 0x00, 0x00, 0x7C, 0x00, 0x00, 0x2F, 0x00, 0x00, 0x01, 0xF0,
    0x00, 0x00, 0xBC, 0x00, 0x00, 0x07, 0xC0, 0x00, 0x02, 0xF0, 0x00, 0x00, 0x1F, 0x00, 0x00, 0x0B,
    0xC0, 0x00, 0x00, 0x7C, 0x00, 0x00, 0x2F, 0x00, 0x00, 0x00, 0x00, 0x00, 0x00, 0x00, 0x09, 0x00,
    0x00, 0x00, 0x00, 0x00, 0x00, 0x00, 0x3D, 0x00, 0x00, 0x00, 0x00, 0x00, 0x00, 0x00, 0x7D, 0x00,
    0x00, 0x00, 0x00, 0x00, 0x00, 0x00, 0xFD, 0x00, 0x00, 0x00, 0x00, 0x00, 0x00, 0x00, 0xFE, 0x00,
    0x55, 0x55, 0x55, 0x55, 0x55, 0x56, 0xFF, 0x47, 0xFF, 0xFF, 0xFF, 0xFF, 0xFF, 0xFF, 0xFF, 0x9F,
    0xFF, 0xFF, 0xFF, 0xFF, 0xFF, 0xFF, 0xFD, 0x00, 0x00, 0x00, 0x00, 0x00, 0x00, 0xBF, 0x80, 0x00,
    0x00, 0x00, 0x00, 0x00, 0x07, 0xF4, 0x00, 0x00, 0x00, 0x00, 0x00, 0x00, 0x3F, 0x40, 0x00, 0x00,
    0x00, 0x00, 0x00, 0x01, 0xF4, 0x00, 0x00, 0x00, 0x00, 0x00, 0x00, 0x0F, 0x40, 0x00, 0x00, 0x00,
    0x00, 0x00, 0x00, 0x3D, 0x00, 0x00, 0x00, 0x00, 0x00, 0x00, 0x00, 0x7D, 0x00, 0x00, 0x00, 0x00,
    0x00, 0x00, 0x00, 0xFD, 0x00, 0x00, 0x00, 0x00, 0x00, 0x00, 0x00, 0xFE, 0x00, 0x55, 0x55, 0x55,
    0x55, 0x55, 0x56, 0xFF, 0x47, 0xFF, 0xFF, 0xFF, 0xFF, 0xFF, 0xFF, 0xFF, 0x9F, 0xFF, 0xFF, 0xFF,
    0xFF, 0xFF, 0xFF, 0xFD, 0x00, 0x00, 0x00, 0x00, 0x00, 0x00, 0xBF, 0x80, 0x00, 0x00, 0x00, 0x00,
    0x00, 0x07, 0xF4, 0x00, 0x00, 0x00, 0x00, 0x00, 0x00, 0x3F, 0x40, 0x00, 0x00, 0x00, 0x00, 0x00,
    0x01, 0xF4, 0x00, 0x00, 0x00, 0x00, 0x00, 0x00, 0x0F, 0x40, 0x00, 0x00, 0x00, 0x00, 0x00, 0x00,
    0x14, 0x00, 0x00, 0x00, 0x1F, 0x00, 0x00, 0x0B, 0xC0, 0x00, 0x00, 0x7C, 0x00, 0x00, 0x2F, 0x00,
    0x00, 0x01, 0xF0, 0x00, 0x00, 0xBC, 0x00, 0x00, 0x07, 0xC0, 0x00, 0x02, 0xF0, 0x00, 0x00, 0x1F,
    0x00, 0x00, 0x0B, 0xC0, 0x00, 0x00, 0x7C, 0x00, 0x00, 0x2F, 0x00, 0x00, 0x01, 0xF0, 0x00, 0x00,
    0xBC, 0x00, 0x00, 0x07, 0xC0, 0x00, 0x02, 0xF0, 0x00, 0x00, 0x1F, 0x00, 0x00, 0x0B, 0xC0, 0x00,
    0x00, 0x7C, 0x00, 0x00, 0x2F, 0x00, 0x00, 0x01, 0xF0, 0x00, 0x00, 0xBC, 0x00, 0x00, 0x07, 0xC0,
    0x00, 0x02, 0xF0, 0x00, 0x00, 0x1F, 0x00, 0x00, 0x0B, 0xC0, 0x00, 0x00, 0x7C, 0x00, 0x00, 0x2F,
    0x00, 0x00, 0x01, 0xF0, 0x00, 0x00, 0xBC, 0x00, 0x00, 0x07, 0xC0, 0x00, 0x02, 0xF0, 0x00, 0x00,
    0x1F, 0x00, 0x00, 0x0B, 0xC0, 0x00, 0x00, 0x7C, 0x00, 0x00, 0x2F, 0x00, 0x00, 0x01, 0xF0, 0x00,
    0x00, 0xBC, 0x00, 0x00, 0x07, 0xC0, 0x00, 0x02, 0xF0, 0x00, 0x00, 0x1F, 0x00, 0x00, 0x0B, 0xC0,
    0x02, 0x40, 0x7C, 0x02, 0xD0, 0x2F, 0x00, 0x8B, 0xD1, 0xF0, 0xBF, 0xF4, 0xBC, 0x2F, 0x0F, 0xE7,
    0xDF, 0xD3, 0xFA, 0xF7, 0xF4, 0x0F, 0xFF, 0xFD, 0x03, 0xFF, 0xFF, 0x40, 0x0F, 0xFF, 0xD0, 0x03,
    0xFF, 0xF4, 0x00, 0x0F, 0xFD, 0x00, 0x03, 0xFF, 0x40, 0x00, 0x1F, 0xE0, 0x00, 0x07, 0xF8, 0x00,
    0x00, 0x2F, 0x00, 0x00, 0x0B, 0xC0, 0x00, 0x00, 0x34, 0x00, 0x00, 0x0D, 0x00, 0x00, 0x00, 0x00,
    0x90, 0x00, 0x00, 0x00, 0x00, 0x00, 0x00, 0x0F, 0x40, 0x00, 0x00, 0x00, 0x00, 0x00, 0x00, 0xFC,
    0x00, 0x00, 0x00, 0x00, 0x00, 0x00, 0x0F, 0xC0, 0x00, 0x00, 0x00, 0x00, 0x00, 0x01, 0xFE, 0x00,
    0x00, 0x00, 0x00, 0x00, 0x00, 0x2F, 0xF5, 0x55, 0x55, 0x55, 0x55, 0x55, 0x43, 0xFF, 0xFF, 0xFF,
    0xFF, 0xFF, 0xFF, 0xFF, 0x9F, 0xFF, 0xFF, 0xFF, 0xFF, 0xFF, 0xFF, 0xFE, 0x00, 0x00, 0x00, 0x00,
    0x00, 0x00, 0x00, 0x00, 0x00, 0x00, 0x00, 0x00, 0x00, 0x00, 0x00, 0x00, 0x00, 0x00, 0x00, 0x00,
    0x00, 0x00, 0x00, 0x00, 0x00, 0x00, 0x00, 0x00, 0x00, 0x00, 0x00, 0x00, 0x00, 0x00, 0x00, 0x00,
    0x00, 0x00, 0x00, 0x55, 0x55, 0x55, 0x55, 0x55, 0x55, 0x55, 0x47, 0xFF, 0xFF, 0xFF, 0xFF, 0xFF,
    0xFF, 0xFF, 0x9F, 0xFF, 0xFF, 0xFF, 0xFF, 0xFF, 0xFF, 0xFD, 0x00, 0x00, 0x00, 0x00, 0x00, 0x00,
    0xBF, 0x80, 0x00, 0x00, 0x00, 0x00, 0x00, 0x07, 0xF4, 0x00, 0x00, 0x00, 0x00, 0x00, 0x00, 0x3F,
    0x40, 0x00, 0x00, 0x00, 0x00, 0x00, 0x01, 0xF4, 0x00, 0x00, 0x00, 0x00, 0x00, 0x00, 0x0F, 0x40,
    0x00, 0x00, 0x00, 0x00, 0x00, 0x00, 0x14, 0x00, 0x00, 0x00, 0x00, 0x00, 0x00, 0x00, 0x0F, 0x00,
    0x00, 0x00, 0x00, 0x00, 0x00, 0x00, 0x2E, 0x00, 0x00, 0x00, 0x00, 0x00, 0x00, 0x00, 0x3E, 0x00,
    0x00, 0x00, 0x00, 0x00, 0x00, 0x00, 0xBE, 0x00, 0x00, 0x00, 0x00, 0x00, 0x00, 0x00, 0xFF, 0x00,
    0x55, 0x55, 0x55, 0x55, 0x55, 0x56, 0xFF, 0x47, 0xFF, 0xFF, 0xFF, 0xFF, 0xFF, 0xFF, 0xFF, 0x9F,
    0xFF, 0xFF, 0xFF, 0xFF, 0xFF, 0xFF, 0xFE, 0x00, 0x00, 0x00, 0x00, 0x00, 0x00, 0x00, 0x00, 0x00,
    0x00, 0x00, 0x00, 0x00, 0x00, 0x00, 0x00, 0x00, 0x00, 0x00, 0x00, 0x00, 0x00, 0x00, 0x00, 0x00,
    0x00, 0x00, 0x00, 0x00, 0x00, 0x00, 0x15, 0x55, 0x55, 0x55, 0x55, 0x55, 0x55, 0x51, 0xFF, 0xFF,
    0xFF, 0xFF, 0xFF, 0xFF, 0xFF, 0xE3, 0xFF, 0xFF, 0xFF, 0xFF, 0xFF, 0xFF, 0xFF, 0x81, 0xFF, 0x00,
    0x00, 0x00, 0x00, 0x00, 0x00, 0x00, 0xFE, 0x00, 0x00, 0x00, 0x00, 0x00, 0x00, 0x00, 0xFD, 0x00,
    0x00, 0x00, 0x00, 0x00, 0x00, 0x00, 0xFC, 0x00, 0x00, 0x00, 0x00, 0x00, 0x00, 0x00, 0xF4, 0x00,
    0x00, 0x00, 0x00, 0x00, 0x00, 0x00, 0x50, 0x00, 0x00, 0x00, 0x00, 0x00, 0x00, 0x00, 0x05, 0x00,
    0x00, 0x00, 0x00, 0x00, 0x00, 0x00, 0xF4, 0x00, 0x00, 0x00, 0x00, 0x00, 0x00, 0x0B, 0xC0, 0x00,
    0x00, 0x00, 0x00, 0x00, 0x00, 0xBD, 0x00, 0x00, 0x00, 0x00, 0x00, 0x00, 0x0B, 0xE0, 0x00, 0x00,
    0x06, 0x40, 0x00, 0x00, 0x7F, 0x00, 0x00, 0x00, 0x7C, 0x00, 0x00, 0x07, 0xF9, 0x55, 0x55, 0x57,
    0xF5, 0x55, 0x00, 0x7F, 0xFF, 0xFF, 0xFF, 0xFF, 0xFF, 0xFE, 0x07, 0xFF, 0xFF, 0xFF, 0xFF, 0xFF,
    0xFF, 0xF8, 0x7F, 0xC0, 0x00, 0x00, 0x0B, 0xC0, 0x00, 0x03, 0xFD, 0x00, 0x00, 0x00, 0x3D, 0x00,
    0x00, 0x0F, 0xF8, 0x00, 0x00, 0x03, 0xF0, 0x00, 0x00, 0x0F, 0xF9, 0x55, 0x55, 0x5F, 0x95, 0x55,
    0x50, 0x0F, 0xFF, 0xFF, 0xFF, 0xFF, 0xFF, 0xFF, 0xE0, 0x0F, 0xFF, 0xFF, 0xFF, 0xFF, 0xFF, 0xFF,
    0x80, 0x0F, 0xE0, 0x00, 0x3E, 0x00, 0x00, 0x00, 0x00, 0x0F, 0xD0, 0x01, 0xF0, 0x00, 0x00, 0x00,
    0x00, 0x0F, 0xC0, 0x00, 0x00, 0x00, 0x00, 0x00, 0x00, 0x0F, 0x80, 0x00, 0x00, 0x00, 0x00, 0x00,
    0x00, 0x1F, 0x00, 0x00, 0x00, 0x00, 0x00, 0x00, 0x00, 0x1E, 0x00, 0x00, 0x00, 0x00, 0x00, 0x00,
    0x00, 0x05, 0x00, 0x00, 0x00, 0x00, 0x90, 0x00, 0x00, 0x00, 0x00, 0xF4, 0x00, 0x00, 0x00, 0x03,
    0xD0, 0x00, 0x00, 0x00, 0x0B, 0xC0, 0x00, 0x00, 0x00, 0x03, 0xD0, 0x00, 0x00, 0x00, 0xBD, 0x00,
    0x00, 0x00, 0x00, 0x0B, 0xD0, 0x00, 0x00, 0x0B, 0xE0, 0x00, 0x00, 0x0A, 0x00, 0x0F, 0xC0, 0x00,
    0x00, 0x7F, 0x00, 0x00, 0x00, 0xBC, 0x00, 0x1F, 0xC0, 0x00, 0x07, 0xF9, 0x55, 0x55, 0x57, 0xF5,
    0x55, 0x7F, 0xC0, 0x00, 0x7F, 0xFF, 0xFF, 0xFF, 0xFF, 0xFF, 0xFF, 0xFF, 0xC0, 0x07, 0xFF, 0xFF,
    0xFF, 0xFF, 0xFF, 0xFF, 0xFF, 0xFF, 0xC0, 0x7F, 0xC0, 0x00, 0x00, 0x0F, 0xC0, 0x00, 0x00, 0xBF,
    0xC3, 0xFD, 0x00, 0x00, 0x00, 0x7D, 0x00, 0x00, 0x00, 0xBF, 0xCF, 0xF8, 0x00, 0x00, 0x03, 0xF0,
    0x00, 0x00, 0x03, 0xFE, 0x0F, 0xF9, 0x55, 0x55, 0x6F, 0x95, 0x55, 0x55, 0x7F, 0xE0, 0x0F, 0xFF,
    0xFF, 0xFF, 0xFF, 0xFF, 0xFF, 0xFF, 0xFE, 0x00, 0x0F, 0xFF, 0xFF, 0xFF, 0xFF, 0xFF, 0xFF, 0xFF,
    0xE0, 0x00, 0x0F, 0xE0, 0x00, 0x3E, 0x00, 0x00, 0x00, 0xFE, 0x00, 0x00, 0x0F, 0xD0, 0x02, 0xF0,
    0x00, 0x00, 0x0B, 0xE0, 0x00, 0x00, 0x0F, 0xC0, 0x00, 0x00, 0x00, 0x00, 0x7E, 0x00, 0x00, 0x00,
    0x0F, 0x80, 0x00, 0x00, 0x00, 0x03, 0xF0, 0x00, 0x00, 0x00, 0x1F, 0x00, 0x00, 0x00, 0x00, 0x1F,
    0x00, 0x00, 0x00, 0x00, 0x1E, 0x00, 0x00, 0x00, 0x00, 0xF0, 0x00, 0x00, 0x00, 0x00, 0x00, 0x00,
    0x00, 0x90, 0x00, 0x00, 0x00, 0x00, 0x00, 0x00, 0x03, 0xC0, 0x00, 0x00, 0x00, 0x00, 0x00, 0x00,
    0x07, 0xC0, 0x00, 0x00, 0x00, 0x00, 0x00, 0x00, 0x0F, 0xC0, 0x00, 0x00, 0x00, 0x00, 0x19, 0x00,
    0x1F, 0xC0, 0x00, 0x00, 0x00, 0x00, 0xF8, 0x00, 0x2F, 0xC0, 0x01, 0x55, 0x55, 0x5B, 0xD5, 0x55,
    0x7F, 0xC0, 0x1F, 0xFF, 0xFF, 0xFF, 0xFF, 0xFF, 0xFF, 0x80, 0x7F, 0xFF, 0xFF, 0xFF, 0xFF, 0xFF,
    0xFF, 0x80, 0x00, 0x00, 0x0F, 0x40, 0x00, 0x00, 0xFF, 0x80, 0x00, 0x00, 0xBC, 0x00, 0x00, 0x00,
    0xFF, 0x80, 0x00, 0x07, 0xD0, 0x00, 0x00, 0x07, 0xFD, 0x15, 0x55, 0x7F, 0x55, 0x55, 0x55, 0x7F,
    0xD1, 0xFF, 0xFF, 0xFF, 0xFF, 0xFF, 0xFF, 0xFD, 0x07, 0xFF, 0xFF, 0xFF, 0xFF, 0xFF, 0xFF, 0xD0,
    0x00, 0x00, 0x7C, 0x00, 0x00, 0x01, 0xFD, 0x00, 0x00, 0x03, 0xE0, 0x00, 0x00, 0x0F, 0xD0, 0x00,
    0x00, 0x00, 0x00, 0x00, 0x00, 0xBE, 0x00, 0x00, 0x00, 0x00, 0x00, 0x00, 0x03, 0xE0, 0x00, 0x00,
    0x00, 0x00, 0x00, 0x00, 0x2E, 0x00, 0x00, 0x00, 0x00, 0x00, 0x00, 0x01, 0xE0, 0x00, 0x00, 0x00,
    0x00, 0x05, 0x00, 0x00, 0x00, 0x00, 0x00, 0x00, 0x00, 0xF4, 0x00, 0x00, 0x00, 0x00, 0x00, 0x00,
    0x0B, 0xC0, 0x00, 0x00, 0x00, 0x00, 0x00, 0x00, 0xBD, 0x00, 0x00, 0x00, 0x00, 0x00, 0x00, 0x0B,
    0xE0, 0x00, 0x00, 0x00, 0x00, 0x00, 0x00, 0x7F, 0x00, 0x00, 0x00, 0x00, 0x00, 0x00, 0x07, 0xF9,
    0x55, 0x55, 0x55, 0x55, 0x55, 0x00, 0x7F, 0xFF, 0xFF, 0xFF, 0xFF, 0xFF, 0xFE, 0x07, 0xFF, 0xFF,
    0xFF, 0xFF, 0xFF, 0xFF, 0xF8, 0x7F, 0xC0, 0x00, 0x00, 0x00, 0x00, 0x00, 0x03, 0xFD, 0x00, 0x00,
    0x00, 0x00, 0x00, 0x00, 0x0F, 0xF8, 0x00, 0x00, 0x00, 0x00, 0x00, 0x00, 0x0F, 0xF9, 0x55, 0x55,
    0x55, 0x55, 0x55, 0x50, 0x0F, 0xFF, 0xFF, 0xFF, 0xFF, 0xFF, 0xFF, 0xE0, 0x0F, 0xFF, 0xFF, 0xFF,
    0xFF, 0xFF, 0xFF, 0x80, 0x0F, 0xE0, 0x00, 0x00, 0x00, 0x00, 0x00, 0x00, 0x0F, 0xD0, 0x00, 0x00,
    0x00, 0x00, 0x00, 0x00, 0x0F, 0xC0, 0x00, 0x00, 0x00, 0x00, 0x00, 0x00, 0x0F, 0x80, 0x00, 0x00,
    0x00, 0x00, 0x00, 0x00, 0x1F, 0x00, 0x00, 0x00, 0x00, 0x00, 0x00, 0x00, 0x1E, 0x00, 0x00, 0x00,
    0x00, 0x00, 0x00, 0x00, 0x1E, 0x00, 0x00, 0x00, 0x00, 0x1F, 0xD0, 0x00, 0x00, 0x00, 0x0F, 0xFD,
    0x00, 0x00, 0x00, 0x0F, 0xFF, 0xD0, 0x00, 0x00, 0x0F, 0xFF, 0xFD, 0x00, 0x00, 0x0F, 0xF8, 0x7F,
    0xD0, 0x00, 0x1F, 0xF8, 0x0B, 0xFD, 0x00, 0x1F, 0xFE, 0x01, 0xFF, 0xE0, 0x1F, 0xEB, 0x80, 0x7D,
    0xFE, 0x1F, 0xC2, 0xE0, 0x1F, 0x0B, 0xEB, 0x40, 0xB8, 0x07, 0xC0, 0x3D, 0x00, 0x2E, 0x01, 0xF0,
    0x01, 0x00, 0x0B, 0x80, 0x7C, 0x00, 0x00, 0x02, 0xE0, 0x1F, 0x00, 0x00, 0x00, 0xB8, 0x07, 0xC0,
    0x00, 0x00, 0x2E, 0x01, 0xF0, 0x00, 0x00, 0x0B, 0x80, 0x7C, 0x00, 0x00, 0x02, 0xE0, 0x1F, 0x00,
    0x00, 0x00, 0xB8, 0x07, 0xC0, 0x00, 0x00, 0x2E, 0x01, 0xF0, 0x00, 0x00, 0x0B, 0x80, 0x7C, 0x00,
    0x00, 0x02, 0xE0, 0x1F, 0x00, 0x00, 0x00, 0xB8, 0x07, 0xC0, 0x00, 0x00, 0x2E, 0x01, 0xF0, 0x00,
    0x00, 0x0B, 0x80, 0x7C, 0x00, 0x00, 0x02, 0xE0, 0x1F, 0x00, 0x00, 0x00, 0xB8, 0x07, 0xC0, 0x00,
    0x00, 0x2E, 0x01, 0xF0, 0x00, 0x00, 0x0B, 0x80, 0x7C, 0x00, 0x00, 0x02, 0xE0, 0x1F, 0x00, 0x00,
    0x00, 0x00, 0x00, 0x00, 0x00, 0x90, 0x00, 0x00, 0x00, 0x00, 0x00, 0x00, 0x03, 0xC0, 0x00, 0x00,
    0x00, 0x00, 0x00, 0x00, 0x07, 0xC0, 0x00, 0x00, 0x00, 0x00, 0x00, 0x00, 0x0F, 0xC0, 0x00, 0x00,
    0x00, 0x00, 0x00, 0x00, 0x1F, 0xC0, 0x00, 0x00, 0x00, 0x00, 0x00, 0x00, 0x2F, 0xC0, 0x01, 0x55,
    0x55, 0x55, 0x55, 0x55, 0x7F, 0xC0, 0x1F, 0xFF, 0xFF, 0xFF, 0xFF, 0xFF, 0xFF, 0x80, 0x7F, 0xFF,
    0xFF, 0xFF, 0xFF, 0xFF, 0xFF, 0x80, 0x00, 0x00, 0x00, 0x00, 0x00, 0x00, 0xFF, 0x80, 0x00, 0x00,
    0x00, 0x00, 0x00, 0x00, 0xFF, 0x80, 0x00, 0x00, 0x00, 0x00, 0x00, 0x07, 0xFD, 0x15, 0x55, 0x55,
    0x55, 0x55, 0x55, 0x7F, 0xD1, 0xFF, 0xFF, 0xFF, 0xFF, 0xFF, 0xFF, 0xFD, 0x07, 0xFF, 0xFF, 0xFF,
    0xFF, 0xFF, 0xFF, 0xD0, 0x00, 0x00, 0x00, 0x00, 0x00, 0x01, 0xFD, 0x00, 0x00, 0x00, 0x00, 0x00,
    0x00, 0x0F, 0xD0, 0x00, 0x00, 0x00, 0x00, 0x00, 0x00, 0xBE, 0x00, 0x00, 0x00, 0x00, 0x00, 0x00,
    0x03, 0xE0, 0x00, 0x00, 0x00, 0x00, 0x00, 0x00, 0x2E, 0x00, 0x00, 0x00, 0x00, 0x00, 0x00, 0x01,
    0xE0, 0x00, 0x00, 0x00, 0x0B, 0x80, 0x7C, 0x00, 0x00, 0x02, 0xE0, 0x1F, 0x00, 0x00, 0x00, 0xB8,
    0x07, 0xC0, 0x00, 0x00, 0x2E, 0x01, 0xF0, 0x00, 0x00, 0x0B, 0x80, 0x7C, 0x00, 0x00, 0x02, 0xE0,
    0x1F, 0x00, 0x00, 0x00, 0xB8, 0x07, 0xC0, 0x00, 0x00, 0x2E, 0x01, 0xF0, 0x00, 0x00, 0x0B, 0x80,
    0x7C, 0x00, 0x00, 0x02, 0xE0, 0x1F, 0x00, 0x00, 0x00, 0xB8, 0x07, 0xC0, 0x00, 0x00, 0x2E, 0x01,
    0xF0, 0x00, 0x00, 0x0B, 0x80, 0x7C, 0x00, 0x00, 0x02, 0xE0, 0x1F, 0x00, 0x00, 0x00, 0xB8, 0x07,
    0xC0, 0x00, 0x00, 0x2E, 0x01, 0xF0, 0x00, 0x00, 0x0B, 0x80, 0x7C, 0x00, 0x00, 0x02, 0xE0, 0x1F,
    0x00, 0x00, 0x00, 0xB8, 0x07, 0xC0, 0x02, 0x40, 0x2E, 0x01, 0xF0, 0x07, 0xBD, 0x0B, 0x80, 0x7C,
    0x0F, 0xCF, 0xE2, 0xE0, 0x1F, 0x2F, 0xC0, 0xBF, 0xF8, 0x07, 0xFF, 0xC0, 0x0B, 0xFE, 0x01, 0xFF,
    0xC0, 0x00, 0x7F, 0xC0, 0xFF, 0x80, 0x00, 0x07, 0xFE, 0xFF, 0x80, 0x00, 0x00, 0x7F, 0xFF, 0x80,
    0x00, 0x00, 0x07, 0xFF, 0x80, 0x00, 0x00, 0x00, 0x7F, 0x80, 0x00, 0x00, 0x00, 0x07, 0x80, 0x00,
    0x00, 0x00, 0x00, 0x05, 0x00, 0x00, 0x00, 0x00, 0x90, 0x00, 0x00, 0x00, 0x00, 0xF4, 0x00, 0x00,
    0x00, 0x03, 0xD0, 0x00, 0x00, 0x00, 0x0B, 0xC0, 0x00, 0x00, 0x00, 0x03, 0xD0, 0x00, 0x00, 0x00,
    0xBD, 0x00, 0x00, 0x00, 0x00, 0x0B, 0xD0, 0x00, 0x00, 0x0B, 0xE0, 0x00, 0x00, 0x00, 0x00, 0x0F,
    0xC0, 0x00, 0x00, 0x7F, 0x00, 0x00, 0x00, 0x00, 0x00, 0x1F, 0xC0, 0x00, 0x07, 0xF9, 0x55, 0x55,
    0x55, 0x55, 0x55, 0x7F, 0xC0, 0x00, 0x7F, 0xFF, 0xFF, 0xFF, 0xFF, 0xFF, 0xFF, 0xFF, 0xC0, 0x07,
    0xFF, 0xFF, 0xFF, 0xFF, 0xFF, 0xFF, 0xFF, 0xFF, 0xC0, 0x7F, 0xC0, 0x00, 0x00, 0x00, 0x00, 0x00,
    0x00, 0xBF, 0xC3, 0xFD, 0x00, 0x00, 0x00, 0x00, 0x00, 0x00, 0x00, 0xBF, 0xCF, 0xF8, 0x00, 0x00,
    0x00, 0x00, 0x00, 0x00, 0x03, 0xFE, 0x0F, 0xF9, 0x55, 0x55, 0x55, 0x55, 0x55, 0x55, 0x7F, 0xE0,
    0x0F, 0xFF, 0xFF, 0xFF, 0xFF, 0xFF, 0xFF, 0xFF, 0xFE, 0x00, 0x0F, 0xFF, 0xFF, 0xFF, 0xFF, 0xFF,
    0xFF, 0xFF, 0xE0, 0x00, 0x0F, 0xE0, 0x00, 0x00, 0x00, 0x00, 0x00, 0xFE, 0x00, 0x00, 0x0F, 0xD0,
    0x00, 0x00, 0x00, 0x00, 0x0B, 0xE0, 0x00, 0x00, 0x0F, 0xC0, 0x00, 0x00, 0x00, 0x00, 0x7E, 0x00,
    0x00, 0x00, 0x0F, 0x80, 0x00, 0x00, 0x00, 0x03, 0xF0, 0x00, 0x00, 0x00, 0x1F, 0x00, 0x00, 0x00,
    0x00, 0x1F, 0x00, 0x00, 0x00, 0x00, 0x1E, 0x00, 0x00, 0x00, 0x00, 0xF0, 0x00, 0x00, 0x00, 0x00,
    0x04, 0x00, 0x00, 0x00, 0x00, 0x0F, 0xC0, 0x00, 0x00, 0x00, 0x0B, 0xFC, 0x00, 0x00, 0x00, 0x0B,
    0xFF, 0xC0, 0x00, 0x00, 0x0B, 0xFF, 0xFC, 0x00, 0x00, 0x0B, 0xFD, 0xFF, 0xC0, 0x00, 0x0B, 0xFC,
    0x0B, 0xFC, 0x00, 0x0F, 0xFE, 0x01, 0xFF, 0xC0, 0x0F, 0xFF, 0x80, 0x7F, 0xFC, 0x0F, 0xE2, 0xE0,
    0x1F, 0x1F, 0xDB, 0xC0, 0xB8, 0x07, 0xC0, 0xBE, 0x40, 0x2E, 0x01, 0xF0, 0x02, 0x00, 0x0B, 0x80,
    0x7C, 0x00, 0x00, 0x02, 0xE0, 0x1F, 0x00, 0x00, 0x00, 0xB8, 0x07, 0xC0, 0x00, 0x00, 0x2E, 0x01,
    0xF0, 0x00, 0x00, 0x0B, 0x80, 0x7C, 0x00, 0x00, 0x02, 0xE0, 0x1F, 0x00, 0x00, 0x00, 0xB8, 0x07,
    0xC0, 0x00, 0x00, 0x2E, 0x01, 0xF0, 0x00, 0x00, 0x0B, 0x80, 0x7C, 0x00, 0x00, 0x02, 0xE0, 0x1F,
    0x00, 0x00, 0x00, 0xB8, 0x07, 0xC0, 0x00, 0x00, 0x2E, 0x01, 0xF0, 0x00, 0x00, 0x0B, 0x80, 0x7C,
    0x00, 0x00, 0x02, 0xE0, 0x1F, 0x00, 0x00, 0x00, 0xB8, 0x07, 0xC0, 0x00, 0x00, 0x2E, 0x01, 0xF0,
    0x00, 0xA0, 0x0B, 0x80, 0x7C, 0x01, 0xEF, 0x42, 0xE0, 0x1F, 0x07, 0xF2, 0xFC, 0xB8, 0x07, 0xCB,
    0xF0, 0x2F, 0xFE, 0x01, 0xFF, 0xF0, 0x01, 0xFF, 0x80, 0x7F, 0xE0, 0x00, 0x1F, 0xF4, 0x3F, 0xE0,
    0x00, 0x01, 0xFF, 0xBF, 0xE0, 0x00, 0x00, 0x1F, 0xFF, 0xE0, 0x00, 0x00, 0x01, 0xFF, 0xE0, 0x00,
    0x00, 0x00, 0x1F, 0xE0, 0x00, 0x00, 0x00, 0x01, 0xE0, 0x00, 0x00, 0x00, 0x00, 0x00, 0x04, 0x00,
    0x00, 0x03, 0xFF, 0xFF, 0xFF, 0xF0, 0x00, 0x00, 0x3F, 0xFF, 0xFF, 0xF9, 0x00, 0x00, 0x03, 0xFF,
    0xFF, 0x90, 0x00, 0x00, 0x00, 0x3F, 0x93, 0xF8, 0x00, 0x00, 0x00, 0x03, 0xF4, 0x0F, 0xE0, 0x00,
    0x00, 0x00, 0x3F, 0x00, 0x3F, 0x80, 0x00, 0x00, 0x03, 0xF8, 0x00, 0xFE, 0x00, 0x00, 0x00, 0x3F,
    0xE0, 0x03, 0xF8, 0x00, 0x00, 0x03, 0xFF, 0x80, 0x0F, 0xE0, 0x00, 0x00, 0x3E, 0xBE, 0x00, 0x3F,
    0x80, 0x00, 0x03, 0xD2, 0xF8, 0x00, 0xFE, 0x00, 0x00, 0x3C, 0x0B, 0xE0, 0x02, 0xF8, 0x00, 0x03,
    0xC0, 0x2F, 0x80, 0x0B, 0xE0, 0x00, 0x78, 0x00, 0xBE, 0x00, 0x2F, 0x80, 0x03, 0x40, 0x02, 0xF8,
    0x00, 0xBE, 0x00, 0x00, 0x00, 0x0B, 0xE0, 0x02, 0xF8, 0x00, 0x00, 0x00, 0x2F, 0x80, 0x0B, 0xE0,
    0x00, 0x00, 0x00, 0xBE, 0x00, 0x2F, 0x80, 0x00, 0x00, 0x02, 0xF8, 0x00, 0xBD, 0x00, 0x00, 0x00,
    0x0B, 0xE0, 0x02, 0x80, 0x00, 0x00, 0x00, 0x2F, 0x80, 0x00, 0x00, 0x00, 0x00, 0x00, 0xBE, 0x00,
    0x00, 0x00, 0x00, 0x00, 0x02, 0xFC, 0x00, 0x00, 0x00, 0x00, 0x00, 0x0B, 0x80, 0x00, 0x00, 0x00,
    0x00, 0x00, 0x10, 0x00, 0x00, 0x00, 0x01, 0x00, 0x00, 0x00, 0x00, 0x00, 0x00, 0xFF, 0xFF, 0xFF,
    0xFC, 0x00, 0x00, 0x06, 0xFF, 0xFF, 0xFF, 0xC0, 0x00, 0x00, 0x00, 0x6F, 0xFF, 0xFC, 0x00, 0x00,
    0x00, 0x01, 0xFD, 0x5F, 0xC0, 0x00, 0x00, 0x00, 0x7F, 0x00, 0xFC, 0x00, 0x00, 0x00, 0x1F, 0xC0,
    0x0F, 0xC0, 0x00, 0x00, 0x07, 0xF0, 0x02, 0xFC, 0x00, 0x00, 0x01, 0xFC, 0x00, 0xBF, 0xC0, 0x00,
    0x00, 0x7F, 0x00, 0x2F, 0xFD, 0x00, 0x00, 0x1F, 0xC0, 0x0B, 0xE7, 0xD0, 0x00, 0x07, 0xF0, 0x02,
    0xF8, 0x3D, 0x00, 0x01, 0xFC, 0x00, 0xBE, 0x03, 0xD0, 0x00, 0x7F, 0x00, 0x2F, 0x80, 0x2D, 0x00,
    0x1F, 0xC0, 0x0B, 0xE0, 0x01, 0xE0, 0x07, 0xF0, 0x02, 0xF8, 0x00, 0x0D, 0x01, 0xFC, 0x00, 0xBE,
    0x00, 0x00, 0x00, 0x7F, 0x00, 0x2F, 0x80, 0x00, 0x00, 0x1F, 0xC0, 0x0B, 0xE0, 0x00, 0x00, 0x03,
    0xF0, 0x02, 0xF8, 0x00, 0x00, 0x00, 0x1C, 0x00, 0xBE, 0x00, 0x00, 0x00, 0x00, 0x00, 0x2F, 0x80,
    0x00, 0x00, 0x00, 0x00, 0x0B, 0xE0, 0x00, 0x00, 0x00, 0x00, 0x02, 0xF8, 0x00, 0x00, 0x00, 0x00,
    0x00, 0x1E, 0x00, 0x00, 0x00, 0x00, 0x00, 0x00, 0x40, 0x00, 0x00, 0x00, 0x00, 0x00, 0x04, 0x00,
    0x00, 0x00, 0x00, 0x00, 0x01, 0xE0, 0x00, 0x00, 0x00, 0x00, 0x00, 0x2F, 0x80, 0x00, 0x00, 0x00,
    0x00, 0x00, 0xBE, 0x00, 0x00, 0x00, 0x00, 0x00, 0x02, 0xF8, 0x00, 0x00, 0x00, 0x01, 0xC0, 0x0B,
    0xE0, 0x00, 0x00, 0x00, 0x3F, 0x00, 0x2F, 0x80, 0x00, 0x00, 0x01, 0xFC, 0x00, 0xBE, 0x00, 0x00,
    0x00, 0x07, 0xF0, 0x02, 0xF8, 0x00, 0x00, 0x00, 0x1F, 0xC0, 0x0B, 0xE0, 0x00, 0x00, 0x00, 0x7F,
    0x00, 0x2F, 0x80, 0x00, 0xD0, 0x01, 0xFC, 0x00, 0xBE, 0x00, 0x1E, 0x00, 0x07, 0xF0, 0x02, 0xF8,
    0x02, 0xD0, 0x00, 0x1F, 0xC0, 0x0B, 0xE0, 0x3D, 0x00, 0x00, 0x7F, 0x00, 0x2F, 0x83, 0xD0, 0x00,
    0x01, 0xFC, 0x00, 0xBE, 0x7D, 0x00, 0x00, 0x07, 0xF0, 0x02, 0xFF, 0xD0, 0x00, 0x00, 0x1F, 0xC0,
    0x0B, 0xFD, 0x00, 0x00, 0x00, 0x7F, 0x00, 0x2F, 0xC0, 0x00, 0x00, 0x01, 0xFC, 0x00, 0xFC, 0x00,
    0x00, 0x00, 0x07, 0xF0, 0x0F, 0xC0, 0x00, 0x00, 0x00, 0x1F, 0xD5, 0xFC, 0x00, 0x00, 0x00, 0x05,
    0xFF, 0xFF, 0xC0, 0x00, 0x00, 0x6F, 0xFF, 0xFF, 0xFC, 0x00, 0x00, 0x0F, 0xFF, 0xFF, 0xFF, 0xC0,
    0x00, 0x00, 0x10, 0x00, 0x00, 0x00, 0x00, 0x00, 0x00, 0x00, 0x01, 0x00, 0x00, 0x00, 0x00, 0x00,
    0x00, 0xB8, 0x00, 0x00, 0x00, 0x00, 0x00, 0x2F, 0x80, 0x00, 0x00, 0x00, 0x00, 0x0B, 0xE0, 0x00,
    0x00, 0x00, 0x00, 0x02, 0xF8, 0x00, 0x00, 0x00, 0x00, 0x00, 0xBE, 0x00, 0x38, 0x00, 0x00, 0x00,
    0x2F, 0x80, 0x0F, 0xD0, 0x00, 0x00, 0x0B, 0xE0, 0x03, 0xF4, 0x00, 0x00, 0x02, 0xF8, 0x00, 0xFD,
    0x00, 0x00, 0x00, 0xBE, 0x00, 0x3F, 0x40, 0x34, 0x00, 0x2F, 0x80, 0x0F, 0xD0, 0x07, 0x80, 0x0B,
    0xE0, 0x03, 0xF4, 0x00, 0x3C, 0x02, 0xF8, 0x00, 0xFD, 0x00, 0x03, 0xC0, 0xBE, 0x00, 0x3F, 0x40,
    0x00, 0x3D, 0x2F, 0x80, 0x0F, 0xD0, 0x00, 0x03, 0xEB, 0xE0, 0x03, 0xF4, 0x00, 0x00, 0x3F, 0xF8,
    0x00, 0xFD, 0x00, 0x00, 0x03, 0xFE, 0x00, 0x3F, 0x40, 0x00, 0x00, 0x3F, 0x80, 0x0F, 0xD0, 0x00,
    0x00, 0x03, 0xF0, 0x03, 0xF4, 0x00, 0x00, 0x00, 0x3F, 0x40, 0xFD, 0x00, 0x00, 0x00, 0x03, 0xF9,
    0x7F, 0x40, 0x00, 0x00, 0x00, 0x3F, 0xFF, 0xF9, 0x40, 0x00, 0x00, 0x03, 0xFF, 0xFF, 0xFF, 0xE0,
    0x00, 0x00, 0x2F, 0xFF, 0xFF, 0xFE, 0x00, 0x00, 0x00, 0x00, 0x00, 0x0F, 0x00, 0x00, 0x00, 0x00,
    0x00, 0x00, 0x00, 0xF8, 0x00, 0x00, 0x00, 0x00, 0x00, 0x00, 0x0B, 0xC0, 0x00, 0x00, 0x00, 0x00,
    0x00, 0x00, 0x7E, 0x00, 0x00, 0x00, 0x00, 0x00, 0x00, 0x03, 0xF0, 0x00, 0x00, 0x00, 0x00, 0x00,
    0x00, 0x3F, 0x80, 0x00, 0x00, 0x00, 0x00, 0x00, 0x02, 0xFF, 0xFF, 0xFF, 0xFF, 0xFF, 0xFF, 0x80,
    0x1F, 0xFF, 0xFF, 0xFF, 0xFF, 0xFF, 0xFE, 0x01, 0xFF, 0x55, 0x55, 0x55, 0x55, 0x55, 0x50, 0x0F,
    0xF4, 0x00, 0x00, 0x00, 0x00, 0x00, 0x00, 0xFF, 0x80, 0x00, 0x00, 0x00, 0x00, 0x00, 0x0B, 0xFD,
    0x55, 0x55, 0x55, 0x55, 0x55, 0x54, 0x3F, 0xFF, 0xFF, 0xFF, 0xFF, 0xFF, 0xFF, 0xF8, 0xFF, 0xFF,
    0xFF, 0xFF, 0xFF, 0xFF, 0xFF, 0xE1, 0xFF, 0x40, 0x00, 0x00, 0x00, 0x00, 0x00, 0x02, 0xFF, 0x00,
    0x00, 0x00, 0x00, 0x00, 0x00, 0x02, 0xFD, 0x00, 0x00, 0x00, 0x00, 0x00, 0x00, 0x03, 0xFD, 0x55,
    0x55, 0x55, 0x55, 0x55, 0x40, 0x03, 0xFF, 0xFF, 0xFF, 0xFF, 0xFF, 0xFF, 0x80, 0x07, 0xFF, 0xFF,
    0xFF, 0xFF, 0xFF, 0xFE, 0x00, 0x0B, 0xE0, 0x00, 0x00, 0x00, 0x00, 0x00, 0x00, 0x0F, 0xC0, 0x00,
    0x00, 0x00, 0x00, 0x00, 0x00, 0x0F, 0x80, 0x00, 0x00, 0x00, 0x00, 0x00, 0x00, 0x1F, 0x00, 0x00,
    0x00, 0x00, 0x00, 0x00, 0x00, 0x2E, 0x00, 0x00, 0x00, 0x00, 0x00, 0x00, 0x00, 0x14, 0x00, 0x00,
    0x00, 0x00, 0x00, 0x00, 0x00, 0x00, 0x00, 0x02, 0xE0, 0x00, 0x00, 0x00, 0x00, 0x00, 0x00, 0x03,
    0xD0, 0x00, 0x00, 0x00, 0x00, 0x00, 0x00, 0x0B, 0xC0, 0x00, 0x00, 0x00, 0x00, 0x00, 0x00, 0x0F,
    0xC0, 0x00, 0x00, 0x00, 0x00, 0x00, 0x00, 0x3F, 0x80, 0x00, 0x00, 0x00, 0x00, 0x00, 0x00, 0x7F,
    0x40, 0x07, 0xFF, 0xFF, 0xFF, 0xFF, 0xFF, 0xFF, 0x00, 0x1F, 0xFF, 0xFF, 0xFF, 0xFF, 0xFF, 0xFF,
    0x00, 0x15, 0x55, 0x55, 0x55, 0x55, 0x56, 0xFE, 0x00, 0x00, 0x00, 0x00, 0x00, 0x00, 0x03, 0xFD,
    0x00, 0x00, 0x00, 0x00, 0x00, 0x00, 0x07, 0xFC, 0x05, 0x55, 0x55, 0x55, 0x55, 0x55, 0x5F, 0xFC,
    0x7F, 0xFF, 0xFF, 0xFF, 0xFF, 0xFF, 0xFF, 0xF9, 0xFF, 0xFF, 0xFF, 0xFF, 0xFF, 0xFF, 0xFF, 0xD0,
    0x00, 0x00, 0x00, 0x00, 0x00, 0x03, 0xFE, 0x00, 0x00, 0x00, 0x00, 0x00, 0x00, 0x1F, 0xF0, 0x00,
    0x00, 0x00, 0x00, 0x00, 0x00, 0xFF, 0x00, 0x55, 0x55, 0x55, 0x55, 0x55, 0x5B, 0xF4, 0x07, 0xFF,
    0xFF, 0xFF, 0xFF, 0xFF, 0xFF, 0x80, 0x1F, 0xFF, 0xFF, 0xFF, 0xFF, 0xFF, 0xF8, 0x00, 0x00, 0x00,
    0x00, 0x00, 0x00, 0x1F, 0xC0, 0x00, 0x00, 0x00, 0x00, 0x00, 0x00, 0xFD, 0x00, 0x00, 0x00, 0x00,
    0x00, 0x00, 0x07, 0xD0, 0x00, 0x00, 0x00, 0x00, 0x00, 0x00, 0x3E, 0x00, 0x00, 0x00, 0x00, 0x00,
    0x00, 0x01, 0xF0, 0x00, 0x00, 0x00, 0x00, 0x00, 0x00, 0x05, 0x00, 0x00, 0x00, 0x00, 0x00, 0x90,
    0x00, 0x00, 0x00, 0x00, 0x00, 0x00, 0x00, 0x3D, 0x00, 0x00, 0x00, 0x00, 0x00, 0x00, 0x00, 0x0F,
    0xC0, 0x00, 0x00, 0x00, 0x00, 0x00, 0x00, 0x03, 0xF0, 0x00, 0x20, 0x02, 0x00, 0x14, 0x00, 0x01,
    0xFE, 0x00, 0x07, 0x40, 0x38, 0x03, 0xD0, 0x00, 0xBF, 0xD5, 0x40, 0xFC, 0x0B, 0xD0, 0xBF, 0x55,
    0x3F, 0xFF, 0xFC, 0x2F, 0xE1, 0xFF, 0x0F, 0x7F, 0xF2, 0xFF, 0xFF, 0xF7, 0xCF, 0x7C, 0xBA, 0xD1,
    0xFF, 0x07, 0xFC, 0x0F, 0xF0, 0x3F, 0x83, 0xFC, 0x00, 0x00, 0x0B, 0xF0, 0x3E, 0x02, 0xF0, 0x1F,
    0x00, 0x00, 0x00, 0x2F, 0x41, 0xC0, 0x0D, 0x00, 0xA0, 0x00, 0x00, 0x00, 0xBC, 0x00, 0x00, 0x00,
    0x00, 0x00, 0x00, 0x00, 0x02, 0xE0, 0x00, 0x00, 0x00, 0x00, 0x00, 0x00, 0x00, 0x00, 0x00, 0x00,
    0x00, 0x00, 0x24, 0x00, 0x00, 0x00, 0x00, 0x00, 0x00, 0x00, 0x03, 0xE0, 0x00, 0x00, 0x00, 0x00,
    0x00, 0x00, 0x00, 0x1F, 0x80, 0x00, 0x00, 0x80, 0x08, 0x00, 0x50, 0x00, 0xBE, 0x00, 0x00, 0x3D,
    0x00, 0xE0, 0x0F, 0x00, 0x03, 0xFC, 0x01, 0x5F, 0xF0, 0x3F, 0x02, 0xF8, 0x05, 0x6F, 0xF4, 0x7F,
    0xEB, 0x87, 0xF8, 0x3F, 0xC2, 0xFF, 0xFF, 0xE7, 0xF8, 0x3C, 0xF2, 0xDF, 0x5E, 0x7F, 0xFF, 0xFD,
    0x00, 0x01, 0xFD, 0x0F, 0xE0, 0xFF, 0x42, 0xFE, 0x00, 0x00, 0x0B, 0xC0, 0xBC, 0x03, 0xE0, 0x7F,
    0x40, 0x00, 0x00, 0x30, 0x03, 0x40, 0x2C, 0x0F, 0xC0, 0x00, 0x00, 0x00, 0x00, 0x00, 0x00, 0x42,
    0xF0, 0x00, 0x00, 0x00, 0x00, 0x00, 0x00, 0x00, 0x3C, 0x00, 0x00, 0x00, 0x10, 0x00, 0x02, 0xC0,
    0x00, 0x1F, 0x80, 0x00, 0xFF, 0x40, 0x0F, 0xFF, 0x40, 0xFF, 0xEF, 0x4B, 0x8B, 0x1F, 0x10, 0x2C,
    0x04, 0x00, 0xB0, 0x00, 0x02, 0xC0, 0x00, 0x0B, 0x00, 0x2F, 0xFF, 0xFC, 0xBF, 0xFF, 0xF0, 0x02,
    0xC0, 0x00, 0x0B, 0x00, 0x2F, 0xFF, 0xFC, 0xBF, 0xFF, 0xF0, 0x02, 0xC0, 0x00, 0x0B, 0x00, 0x00,
    0x2C, 0x00, 0x00, 0xB0, 0x00, 0x02, 0xC0, 0x00, 0x0B, 0x00, 0x00, 0x14, 0x00, 0x00, 0x60, 0x00,
    0x02, 0xC0, 0x00, 0x0B, 0x00, 0x00, 0x2C, 0x00, 0x00, 0xB0, 0x00, 0x02, 0xC0, 0x00, 0x0B, 0x00,
    0x2F, 0xFF, 0xFC, 0xBF, 0xFF, 0xF0, 0x02, 0xC0, 0x00, 0x0B, 0x00, 0x2F, 0xFF, 0xFC, 0xBF, 0xFF,
    0xF0, 0x02, 0xC0, 0x00, 0x0B, 0x00, 0x00, 0x2C, 0x00, 0x00, 0xB0, 0x02, 0xD2, 0xC2, 0xC3, 0xEF,
    0x7E, 0x03, 0xFF, 0xD0, 0x03, 0xFE, 0x00, 0x07, 0xF0, 0x00, 0x0B, 0x00, 0x00, 0x04, 0x00, 0x00,
    0x00, 0x90, 0x00, 0x00, 0x00, 0x00, 0x00, 0x00, 0x0F, 0x40, 0x00, 0x00, 0x00, 0x00, 0x00, 0x00,
    0xFC, 0x00, 0x00, 0x00, 0x00, 0x00, 0x00, 0x0F, 0xC0, 0x00, 0x00, 0x00, 0x00, 0x00, 0x01, 0xFE,
    0x00, 0x00, 0x00, 0x00, 0x00, 0x00, 0x2F, 0xF5, 0x54, 0x15, 0x41, 0x54, 0x15, 0x43, 0xFF, 0xFF,
    0xE1, 0xFF, 0x0F, 0xF4, 0xFF, 0x8F, 0xFF, 0xFF, 0x87, 0xFC, 0x3F, 0xD3, 0xFE, 0x07, 0xFC, 0x00,
    0x00, 0x00, 0x00, 0x00, 0x00, 0x03, 0xF8, 0x00, 0x00, 0x00, 0x00, 0x00, 0x00, 0x03, 0xF4, 0x00,
    0x00, 0x00, 0x00, 0x00, 0x00, 0x03, 0xF0, 0x00, 0x00, 0x00, 0x00, 0x00, 0x00, 0x03, 0xD0, 0x00,
    0x00, 0x00, 0x00, 0x00, 0x00, 0x01, 0x40, 0x00, 0x00, 0x00, 0x00, 0x00, 0x00, 0x0D, 0x00, 0x00,
    0x02, 0xF0, 0x00, 0x00, 0x7F, 0x80, 0x00, 0x0F, 0xFE, 0x00, 0x03, 0xFF, 0xF4, 0x00, 0xFF, 0xFF,
    0xD0, 0x3F, 0xEF, 0x7F, 0x4B, 0xD1, 0xF0, 0xFC, 0xA0, 0x1F, 0x01, 0xC0, 0x01, 0xF0, 0x00, 0x00,
    0x1F, 0x00, 0x00, 0x00, 0x00, 0x00, 0x00, 0x00, 0x00, 0x00, 0x01, 0xF0, 0x00, 0x00, 0x1F, 0x00,
    0x00, 0x01, 0xF0, 0x00, 0x00, 0x1F, 0x00, 0x00, 0x01, 0xA0, 0x00, 0x00, 0x00, 0x00, 0x00, 0x01,
    0xF0, 0x00, 0x00, 0x1F, 0x00, 0x00, 0x01, 0xF0, 0x00, 0x00, 0x1F, 0x00, 0x00, 0x00, 0x50, 0x00,
    0x00, 0x00, 0x00, 0x00, 0x01, 0xA0, 0x00, 0x00, 0x1F, 0x00, 0x00, 0x01, 0xF0, 0x00, 0x00, 0x1F,
    0x00, 0x00, 0x01, 0xF0, 0x00, 0x00, 0x00, 0x00, 0x00, 0x00, 0x09, 0x00, 0x00, 0x00, 0x00, 0x00,
    0x00, 0x00, 0x3D, 0x00, 0x00, 0x00, 0x00, 0x00, 0x00, 0x00, 0x7D, 0x00, 0x00, 0x00, 0x00, 0x00,
    0x00, 0x00, 0xFD, 0x00, 0x00, 0x00, 0x00, 0x00, 0x00, 0x00, 0xFE, 0x00, 0x55, 0x05, 0x50, 0x55,
    0x41, 0x56, 0xFF, 0x47, 0xFD, 0x3F, 0xD3, 0xFF, 0x1F, 0xFF, 0xFF, 0x9F, 0xF4, 0xFF, 0x4F, 0xFC,
    0x7F, 0xFF, 0xFD, 0x00, 0x00, 0x00, 0x00, 0x00, 0x00, 0xBF, 0x80, 0x00, 0x00, 0x00, 0x00, 0x00,
    0x07, 0xF4, 0x00, 0x00, 0x00, 0x00, 0x00, 0x00, 0x3F, 0x40, 0x00, 0x00, 0x00, 0x00, 0x00, 0x01,
    0xF4, 0x00, 0x00, 0x00, 0x00, 0x00, 0x00, 0x0F, 0x40, 0x00, 0x00, 0x00, 0x00, 0x00, 0x00, 0x14,
    0x00, 0x00, 0x00, 0x1F, 0x00, 0x00, 0x01, 0xF0, 0x00, 0x00, 0x1F, 0x00, 0x00, 0x01, 0xF0, 0x00,
    0x00, 0x1A, 0x00, 0x00, 0x00, 0x00, 0x00, 0x00, 0x1F, 0x00, 0x00, 0x01, 0xF0, 0x00, 0x00, 0x1F,
    0x00, 0x00, 0x01, 0xF0, 0x00, 0x00, 0x05, 0x00, 0x00, 0x00, 0x00, 0x00, 0x00, 0x1A, 0x00, 0x00,
    0x01, 0xF0, 0x00, 0x00, 0x1F, 0x00, 0x00, 0x01, 0xF0, 0x00, 0x00, 0x1F, 0x00, 0x00, 0x00, 0x00,
    0x00, 0x00, 0x00, 0x00, 0x00, 0x01, 0xF0, 0x00, 0x00, 0x1F, 0x00, 0x0A, 0x01, 0xF0, 0x1C, 0xBD,
    0x1F, 0x0F, 0xC3, 0xFE, 0xF7, 0xF4, 0x0F, 0xFF, 0xFD, 0x00, 0x3F, 0xFF, 0x40, 0x00, 0xFF, 0xE0,
    0x00, 0x07, 0xF8, 0x00, 0x00, 0x2F, 0x00, 0x00, 0x00, 0xD0, 0x00, 0x28, 0x00, 0x05, 0x00, 0x00,
    0x00, 0x00, 0x01, 0xF0, 0x00, 0xB8, 0x00, 0x00, 0x00, 0x00, 0x07, 0xC0, 0x0B, 0xC0, 0x00, 0x00,
    0x00, 0x00, 0x1F, 0x00, 0xBE, 0x00, 0x00, 0x00, 0x00, 0x00, 0x7C, 0x0F, 0xF0, 0x00, 0x00, 0x00,
    0x00, 0x01, 0xF1, 0xFF, 0x95, 0x55, 0x55, 0x55, 0x55, 0x47, 0xFF, 0xFF, 0xFF, 0xFF, 0xFF, 0xFF,
    0xFF, 0x9F, 0xBF, 0xFF, 0xFF, 0xFF, 0xFF, 0xFF, 0xFE, 0x7C, 0x3F, 0xD0, 0x00, 0x00, 0x00, 0x00,
    0x01, 0xF0, 0x2F, 0xC0, 0x00, 0x00, 0x00, 0x00, 0x07, 0xC0, 0x2F, 0x80, 0x00, 0x00, 0x00, 0x00,
    0x1F, 0x00, 0x2F, 0x00, 0x00, 0x00, 0x00, 0x00, 0x7C, 0x00, 0x2E, 0x00, 0x00, 0x00, 0x00, 0x00,
    0x50, 0x00, 0x14, 0x00, 0x00, 0x00, 0x00, 0x00, 0x00, 0x00, 0x00, 0x00, 0x01, 0x80, 0x00, 0x64,
    0x00, 0x00, 0x00, 0x00, 0x07, 0xC0, 0x02, 0xE0, 0x00, 0x00, 0x00, 0x00, 0x0F, 0xC0, 0x0B, 0x80,
    0x00, 0x00, 0x00, 0x00, 0x0F, 0xC0, 0x2E, 0x00, 0x00, 0x00, 0x00, 0x00, 0x2F, 0xD0, 0xB8, 0x55,
    0x55, 0x55, 0x55, 0x55, 0x7F, 0xE2, 0xE7, 0xFF, 0xFF, 0xFF, 0xFF, 0xFF, 0xFF, 0xFF, 0x9F, 0xFF,
    0xFF, 0xFF, 0xFF, 0xFF, 0xFF, 0xFE, 0x00, 0x00, 0x00, 0x00, 0x00, 0x0F, 0xF4, 0xB8, 0x00, 0x00,
    0x00, 0x00, 0x00, 0xBF, 0x02, 0xE0, 0x00, 0x00, 0x00, 0x00, 0x07, 0xF0, 0x0B, 0x80, 0x00, 0x00,
    0x00, 0x00, 0x3F, 0x00, 0x2E, 0x00, 0x00, 0x00, 0x00, 0x01, 0xF0, 0x00, 0xB8, 0x00, 0x00, 0x00,
    0x00, 0x05, 0x00, 0x01, 0x50, 0x00, 0x00, 0x00, 0x00, 0x00, 0x00, 0x00, 0x00, 0x08, 0x00, 0x00,
    0x00, 0x00, 0x00, 0x0B, 0x00, 0x00, 0x00, 0x00, 0x00, 0x0B, 0xC0, 0x00, 0x00, 0x00, 0x00, 0x0A,
    0x30, 0x00, 0x00, 0x00, 0x00, 0x0A, 0x0C, 0x00, 0x00, 0x00, 0x00, 0x0A, 0x03, 0xFF, 0xFF, 0xFF,
    0xF0, 0x0A, 0x00, 0x00, 0x00, 0x00, 0x0C, 0x0A, 0x00, 0x00, 0x00, 0x00, 0x03, 0x0E, 0x00, 0x00,
    0x00, 0x00, 0x00, 0xC3, 0x80, 0x00, 0x00, 0x00, 0x00, 0x30, 0x28, 0x00, 0x00, 0x00, 0x00, 0x0C,
    0x02, 0x80, 0x00, 0x00, 0x00, 0x03, 0x00, 0x28, 0x0F, 0xFF, 0xFF, 0xFF, 0xC0, 0x02, 0x83, 0x00,
    0x00, 0x00, 0x00, 0x00, 0x28, 0xC0, 0x00, 0x00, 0x00, 0x00, 0x02, 0xF0, 0x00, 0x00, 0x00, 0x00,
    0x00, 0x2C, 0x00, 0x00, 0x00, 0x00, 0x00, 0x02, 0x00, 0x00, 0x00, 0x00, 0x00, 0x00, 0x00, 0x00,
    0x00, 0x00, 0x00, 0x00, 0x00, 0x00, 0x00, 0x00, 0x00, 0x38, 0x00, 0x00, 0x00, 0x00, 0xEA, 0x00,
    0x00, 0x00, 0x03, 0x82, 0x80, 0x00, 0x00, 0x0E, 0x00, 0xA0, 0x00, 0x00, 0x38, 0x00, 0x28, 0x00,
    0x00, 0xE0, 0x00, 0x0A, 0x00, 0x03, 0x80, 0x00, 0x02, 0x80, 0x0E, 0x00, 0x00, 0x00, 0xA0, 0x3F,
    0xF8, 0x00, 0x3F, 0xF8, 0x00, 0x18, 0x00, 0x30, 0x00, 0x00, 0x18, 0x00, 0x30, 0x00, 0x00, 0x18,
    0x00, 0x30, 0x00, 0x00, 0x18, 0x00, 0x30, 0x00, 0x00, 0x18, 0x00, 0x30, 0x00, 0x00, 0x18, 0x00,
    0x30, 0x00, 0x00, 0x18, 0x00, 0x30, 0x00, 0x00, 0x18, 0x00, 0x30, 0x00, 0x00, 0x18, 0x00, 0x30,
    0x00, 0x00, 0x18, 0x00, 0x30, 0x00, 0x00, 0x18, 0x00, 0x30, 0x00, 0x00, 0x18, 0x00, 0x30, 0x00,
    0x00, 0x18, 0x00, 0x30, 0x00, 0x00, 0x1F, 0xFF, 0xF0, 0x00, 0x00, 0x00, 0x00, 0x00, 0x00, 0x00,
    0x00, 0x00, 0x00, 0x00, 0x80, 0x00, 0x00, 0x00, 0x00, 0x00, 0x38, 0x00, 0x00, 0x00, 0x00, 0x00,
    0x0F, 0x80, 0x00, 0x00, 0x00, 0x00, 0x03, 0x38, 0x00, 0x00, 0x00, 0x00, 0x00, 0xC3, 0x80, 0x07,
    0xFF, 0xFF, 0xFF, 0xF0, 0x38, 0x01, 0x80, 0x00, 0x00, 0x00, 0x02, 0x80, 0x60, 0x00, 0x00, 0x00,
    0x00, 0x28, 0x18, 0x00, 0x00, 0x00, 0x00, 0x02, 0x86, 0x00, 0x00, 0x00, 0x00, 0x00, 0xA1, 0x80,
    0x00, 0x00, 0x00, 0x00, 0xA0, 0x60, 0x00, 0x00, 0x00, 0x00, 0xA0, 0x1F, 0xFF, 0xFF, 0xFF, 0xC0,
    0xE0, 0x00, 0x00, 0x00, 0x00, 0x30, 0xE0, 0x00, 0x00, 0x00, 0x00, 0x0C, 0xE0, 0x00, 0x00, 0x00,
    0x00, 0x03, 0xE0, 0x00, 0x00, 0x00, 0x00, 0x00, 0xE0, 0x00, 0x00, 0x00, 0x00, 0x00, 0x20, 0x00,
    0x00, 0x00, 0x00, 0x00, 0x00, 0x00, 0x00, 0x00, 0x1F, 0xFF, 0xF0, 0x00, 0x00, 0x18, 0x00, 0x30,
    0x00, 0x00, 0x18, 0x00, 0x30, 0x00, 0x00, 0x18, 0x00, 0x30, 0x00, 0x00, 0x18, 0x00, 0x30, 0x00,
    0x00, 0x18, 0x00, 0x30, 0x00, 0x00, 0x18, 0x00, 0x30, 0x00, 0x00, 0x18, 0x00, 0x30, 0x00, 0x00,
    0x18, 0x00, 0x30, 0x00, 0x00, 0x18, 0x00, 0x30, 0x00, 0x00, 0x18, 0x00, 0x30, 0x00, 0x00, 0x18,
    0x00, 0x30, 0x00, 0x00, 0x18, 0x00, 0x30, 0x00, 0x00, 0x18, 0x00, 0x30, 0x00, 0x3F, 0xF8, 0x00,
    0x3F, 0xF8, 0x0E, 0x00, 0x00, 0x00, 0xA0, 0x03, 0x80, 0x00, 0x02, 0x80, 0x00, 0xE0, 0x00, 0x0A,
    0x00, 0x00, 0x38, 0x00, 0x28, 0x00, 0x00, 0x0E, 0x00, 0xA0, 0x00, 0x00, 0x03, 0x82, 0x80, 0x00,
    0x00, 0x00, 0xEA, 0x00, 0x00, 0x00, 0x00, 0x38, 0x00, 0x00, 0x00, 0x00, 0x00, 0x00, 0x00, 0x00,
    0x00, 0x00, 0x00, 0x00, 0x00, 0x00, 0x38, 0x00, 0x00, 0x00, 0x00, 0xEA, 0x00, 0x00, 0x00, 0x03,
    0x82, 0x80, 0x00, 0x00, 0x0E, 0x00, 0xA0, 0x00, 0x00, 0x38, 0x00, 0x28, 0x00, 0x00, 0xE0, 0x00,
    0x0A, 0x00, 0x03, 0x80, 0x00, 0x02, 0x80, 0x0E, 0x00, 0x00, 0x00, 0xA0, 0x3F, 0xF8, 0x00, 0x3F,
    0xF8, 0x00, 0x18, 0x00, 0x30, 0x00, 0x00, 0x18, 0x00, 0x30, 0x00, 0x00, 0x18, 0x00, 0x30, 0x00,
    0x00, 0x18, 0x00, 0x30, 0x00, 0x00, 0x18, 0x00, 0x30, 0x00, 0x00, 0x18, 0x00, 0x30, 0x00, 0x00,
    0x18, 0x00, 0x30, 0x00, 0x00, 0x18, 0x00, 0x30, 0x00, 0x00, 0x18, 0x00, 0x30, 0x00, 0x00, 0x1F,
    0xFF, 0xF0, 0x00, 0x00, 0x00, 0x00, 0x00, 0x00, 0x00, 0x00, 0x00, 0x00, 0x00, 0x00, 0x1F, 0xFF,
    0xF0, 0x00, 0x00, 0x18, 0x00, 0x30, 0x00, 0x00, 0x18, 0x00, 0x30, 0x00, 0x00, 0x18, 0x00, 0x30,
    0x00, 0x00, 0x1F, 0xFF, 0xF0, 0x00, 0x00, 0x00, 0x00, 0x00, 0x00, 0x00, 0x00, 0x38, 0x00, 0x00,
    0x00, 0x00, 0xEA, 0x00, 0x00, 0x00, 0x03, 0x82, 0x80, 0x00, 0x00, 0x0E, 0x00, 0xA0, 0x00, 0x00,
    0x38, 0x00, 0x28, 0x00, 0x00, 0xE0, 0x00, 0x0A, 0x00, 0x03, 0x80, 0x00, 0x02, 0x80, 0x0E, 0x00,
    0x00, 0x00, 0xA0, 0x3F, 0xF8, 0x00, 0x3F, 0xF8, 0x00, 0x18, 0x00, 0x30, 0x00, 0x00, 0x18, 0x00,
    0x30, 0x00, 0x00, 0x18, 0x00, 0x30, 0x00, 0x00, 0x18, 0x00, 0x30, 0x00, 0x00, 0x18, 0x00, 0x30,
    0x00, 0x00, 0x18, 0x00, 0x30, 0x00, 0x00, 0x18, 0x00, 0x30, 0x00, 0x00, 0x18, 0x00, 0x30, 0x00,
    0x00, 0x18, 0x00, 0x30, 0x00, 0x00, 0x18, 0x00, 0x30, 0x00, 0x00, 0x18, 0x00, 0x30, 0x00, 0x00,
    0x18, 0x00, 0x30, 0x00, 0x7F, 0xF8, 0x00, 0x3F, 0xFC, 0x60, 0x00, 0x00, 0x00, 0x0C, 0x60, 0x00,
    0x00, 0x00, 0x0C, 0x60, 0x00, 0x00, 0x00, 0x0C, 0x7F, 0xFF, 0xFF, 0xFF, 0xFC, 0x00, 0x00, 0x00,
    0x00, 0x00, 0x00, 0x00, 0x28, 0x00, 0x00, 0x00, 0x00, 0xAE, 0x00, 0x00, 0x00, 0x02, 0x83, 0x80,
    0x00, 0x00, 0x0A, 0x00, 0xE0, 0x00, 0x00, 0x28, 0x00, 0x38, 0x00, 0x00, 0xBF, 0xFF, 0xFE, 0x00,
    0x03, 0x80, 0x00, 0x03, 0x80, 0x0E, 0x00, 0x00, 0x00, 0xA0, 0x3F, 0xF8, 0x00, 0x3F, 0xF8, 0x00,
    0x18, 0x00, 0x30, 0x00, 0x00, 0x18, 0x00, 0x30, 0x00, 0x00, 0x18, 0x00, 0x30, 0x00, 0x00, 0x18,
    0x00, 0x30, 0x00, 0x00, 0x18, 0x00, 0x30, 0x00, 0x00, 0x18, 0x00, 0x30, 0x00, 0x00, 0x18, 0x00,
    0x30, 0x00, 0x00, 0x18, 0x00, 0x30, 0x00, 0x00, 0x18, 0x00, 0x30, 0x00, 0x00, 0x18, 0x00, 0x30,
    0x00, 0x00, 0x18, 0x00, 0x30, 0x00, 0x00, 0x18, 0x00, 0x30, 0x00, 0x7F, 0xF8, 0x00, 0x3F, 0xFC,
    0x60, 0x00, 0x00, 0x00, 0x0C, 0x60, 0x00, 0x00, 0x00, 0x0C, 0x60, 0x00, 0x00, 0x00, 0x0C, 0x7F,
    0xFF, 0xFF, 0xFF, 0xFC, 0x00, 0x00, 0x00, 0x00, 0x00, 0x00, 0x00, 0x38, 0x00, 0x00, 0x00, 0x00,
    0xFE, 0x00, 0x00, 0x00, 0x03, 0xA6, 0x80, 0x00, 0x00, 0x0E, 0x24, 0xA0, 0x00, 0x00, 0x38, 0x24,
    0x28, 0x00, 0x00, 0xE0, 0x24, 0x0A, 0x00, 0x03, 0x80, 0x24, 0x02, 0x80, 0x0E, 0x00, 0x24, 0x00,
    0xA0, 0x3F, 0xF8, 0x24, 0x3F, 0xF8, 0x00, 0x18, 0x24, 0x30, 0x00, 0x00, 0x18, 0x24, 0x30, 0x00,
    0x00, 0x18, 0x24, 0x30, 0x00, 0x00, 0x18, 0x24, 0x30, 0x00, 0x00, 0x18, 0x24, 0x30, 0x00, 0x00,
    0x18, 0x24, 0x30, 0x00, 0x00, 0x18, 0x24, 0x30, 0x00, 0x00, 0x18, 0x24, 0x30, 0x00, 0x00, 0x18,
    0x24, 0x30, 0x00, 0x00, 0x18, 0x24, 0x30, 0x00, 0x00, 0x18, 0x24, 0x30, 0x00, 0x00, 0x18, 0x24,
    0x30, 0x00, 0x7F, 0xF8, 0x24, 0x3F, 0xFC, 0x60, 0x00, 0x24, 0x00, 0x0C, 0x60, 0x00, 0x24, 0x00,
    0x0C, 0x60, 0x00, 0x24, 0x00, 0x0C, 0x7F, 0xFF, 0xFF, 0xFF, 0xFC, 0x00, 0x00, 0x00, 0x00, 0x00,
    0x00, 0x00, 0x38, 0x00, 0x00, 0x00, 0x00, 0xEA, 0x00, 0x00, 0x00, 0x03, 0x82, 0x80, 0x00, 0x00,
    0x0E, 0x00, 0xA0, 0x00, 0x00, 0x38, 0x38, 0x28, 0x00, 0x00, 0xE0, 0xEA, 0x0A, 0x00, 0x03, 0x83,
    0x82, 0x82, 0x80, 0x0E, 0x0E, 0x00, 0xA0, 0xA0, 0x3F, 0xF8, 0x00, 0x2F, 0xF8, 0x00, 0xE0, 0x00,
    0x0A, 0x00, 0x03, 0x80, 0x00, 0x02, 0x80, 0x0E, 0x00, 0x00, 0x00, 0xA0, 0x3F, 0xF8, 0x00, 0x3F,
    0xF8, 0x00, 0x18, 0x00, 0x30, 0x00, 0x00, 0x18, 0x00, 0x30, 0x00, 0x00, 0x18, 0x00, 0x30, 0x00,
    0x00, 0x18, 0x00, 0x30, 0x00, 0x00, 0x18, 0x00, 0x30, 0x00, 0x00, 0x18, 0x00, 0x30, 0x00, 0x00,
    0x18, 0x00, 0x30, 0x00, 0x00, 0x18, 0x00, 0x30, 0x00, 0x00, 0x18, 0x00, 0x30, 0x00, 0x00, 0x18,
    0x00, 0x30, 0x00, 0x00, 0x18, 0x00, 0x30, 0x00, 0x00, 0x18, 0x00, 0x30, 0x00, 0x00, 0x18, 0x00,
    0x30, 0x00, 0x00, 0x18, 0x00, 0x30, 0x00, 0x00, 0x18, 0x00, 0x30, 0x00, 0x00, 0x18, 0x00, 0x30,
    0x00, 0x00, 0x1F, 0xFF, 0xF0, 0x00, 0x00, 0x00, 0x00, 0x00, 0x00, 0x00, 0x00, 0x38, 0x00, 0x00,
    0x00, 0x00, 0xEA, 0x00, 0x00, 0x00, 0x03, 0x82, 0x80, 0x00, 0x00, 0x0E, 0x00, 0xA0, 0x00, 0x00,
    0x38, 0x38, 0x28, 0x00, 0x00, 0xE0, 0xEA, 0x0A, 0x00, 0x03, 0x83, 0x82, 0x82, 0x80, 0x0E, 0x0E,
    0x00, 0xA0, 0xA0, 0x3F, 0xF8, 0x00, 0x2F, 0xF8, 0x00, 0xE0, 0x00, 0x0A, 0x00, 0x03, 0x80, 0x00,
    0x02, 0x80, 0x0E, 0x00, 0x00, 0x00, 0xA0, 0x3F, 0xF8, 0x00, 0x3F, 0xF8, 0x00, 0x18, 0x00, 0x30,
    0x00, 0x00, 0x18, 0x00, 0x30, 0x00, 0x00, 0x18, 0x00, 0x30, 0x00, 0x00, 0x18, 0x00, 0x30, 0x00,
    0x00, 0x18, 0x00, 0x30, 0x00, 0x00, 0x18, 0x00, 0x30, 0x00, 0x00, 0x18, 0x00, 0x30, 0x00, 0x00,
    0x18, 0x00, 0x30, 0x00, 0x00, 0x18, 0x00, 0x30, 0x00, 0x00, 0x18, 0x00, 0x30, 0x00, 0x00, 0x18,
    0x00, 0x30, 0x00, 0x00, 0x18, 0x00, 0x30, 0x00, 0x7F, 0xF8, 0x00, 0x3F, 0xFC, 0x60, 0x00, 0x00,
    0x00, 0x0C, 0x60, 0x00, 0x00, 0x00, 0x0C, 0x60, 0x00, 0x00, 0x00, 0x0C, 0x7F, 0xFF, 0xFF, 0xFF,
    0xFC, 0x7F, 0xE0, 0x00, 0x00, 0x04, 0x00, 0x00, 0x60, 0x60, 0x00, 0x00, 0x0D, 0x00, 0x00, 0x60,
    0x60, 0x00, 0x00, 0x0F, 0x00, 0x00, 0x60, 0x60, 0x00, 0x00, 0x0D, 0xC0, 0x00, 0x60, 0x60, 0x00,
    0x00, 0x0C, 0xB0, 0x00, 0x60, 0x60, 0x00, 0x00, 0x0C, 0x2C, 0x00, 0x60, 0x7F, 0xFF, 0xFF, 0xFC,
    0x0B, 0x00, 0x60, 0x00, 0x00, 0x00, 0x00, 0x02, 0x80, 0x60, 0x00, 0x00, 0x00, 0x00, 0x00, 0xA0,
    0x60, 0x00, 0x00, 0x00, 0x00, 0x00, 0x38, 0x60, 0x00, 0x00, 0x00, 0x00, 0x00, 0x38, 0x60, 0x00,
    0x00, 0x00, 0x00, 0x00, 0xE0, 0x60, 0x00, 0x00, 0x00, 0x00, 0x03, 0x80, 0x60, 0x7F, 0xFF, 0xFF,
    0xFC, 0x0D, 0x00, 0x60, 0x60, 0x00, 0x00, 0x0C, 0x34, 0x00, 0x60, 0x60, 0x00, 0x00, 0x0C, 0xD0,
    0x00, 0x60, 0x60, 0x00, 0x00, 0x0F, 0x40, 0x00, 0x60, 0x60, 0x00, 0x00, 0x0D, 0x00, 0x00, 0x7F,
    0xE0, 0x00, 0x00, 0x04, 0x00, 0x00, 0x15, 0x55, 0x55, 0x55, 0x55, 0x55, 0x55, 0x47, 0xFF, 0xFF,
    0xFF, 0xFF, 0xFF, 0xFF, 0xFD, 0x7F, 0xFF, 0xFF, 0xFF, 0xFF, 0xFF, 0xFF, 0xD7, 0xC0, 0x00, 0x00,
    0x00, 0x00, 0x00, 0x00, 0x7C, 0x00, 0x00, 0x00, 0x00, 0x00, 0x00, 0x07, 0xC1, 0xE4, 0x00, 0x00,
    0x00, 0x00, 0x00, 0x7C, 0x1F, 0xFF, 0xFF, 0x00, 0x00, 0x00, 0x07, 0xC0, 0xFF, 0xFF, 0xE0, 0x00,
    0x00, 0x00, 0x7C, 0x0F, 0xFE, 0x40, 0x00, 0x00, 0x00, 0x07, 0xC0, 0xFF, 0xE0, 0x00, 0x00, 0x00,
    0x00, 0x7C, 0x0B, 0xFF, 0x80, 0x00, 0x00, 0x00, 0x07, 0xC0, 0xBC, 0xFE, 0x00, 0x00, 0x00, 0x00,
    0x7C, 0x0B, 0xC3, 0xF8, 0x00, 0x00, 0x00, 0x07, 0xC0, 0xB8, 0x0F, 0xE0, 0x00, 0x00, 0x00, 0x7C,
    0x0B, 0x00, 0x2F, 0x80, 0x00, 0x00, 0x07, 0xC0, 0x70, 0x00, 0xBE, 0x00, 0x00, 0x00, 0x7C, 0x00,
    0x00, 0x02, 0xF8, 0x00, 0x00, 0x07, 0xC0, 0x00, 0x00, 0x0B, 0xE0, 0x00, 0x00, 0x7C, 0x00, 0x00,
    0x00, 0x2F, 0x80, 0x00, 0x07, 0xC0, 0x00, 0x00, 0x00, 0xBE, 0x00, 0x00, 0x7C, 0x00, 0x00, 0x00,
    0x02, 0xF8, 0x00, 0x07, 0xC0, 0x00, 0x00, 0x00, 0x0B, 0xE0, 0x00, 0x7C, 0x00, 0x00, 0x00, 0x00,
    0x2F, 0x80, 0x07, 0xC0, 0x00, 0x00, 0x00, 0x00, 0xBE, 0x00, 0x7C, 0x00, 0x00, 0x00, 0x00, 0x02,
    0xF8, 0x07, 0xC0, 0x00, 0x00, 0x00, 0x00, 0x0B, 0xE0, 0x7C, 0x00, 0x00, 0x00, 0x00, 0x00, 0x2C,
    0x07, 0xC0, 0x00, 0x00, 0x00, 0x00, 0x00, 0x00, 0x14, 0x00, 0x00, 0x00, 0x00, 0x00, 0x00, 0x00,
    0x00, 0x00, 0x00, 0x00, 0x00, 0x00, 0x03, 0xD0, 0x00, 0x00, 0x00, 0x00, 0x00, 0x00, 0x3D, 0x03,
    0xC0, 0x00, 0x00, 0x00, 0x00, 0x03, 0xD0, 0x7F, 0x00, 0x00, 0x00, 0x00, 0x00, 0x3D, 0x01, 0xFC,
    0x00, 0x00, 0x00, 0x00, 0x03, 0xD0, 0x07, 0xF0, 0x00, 0x00, 0x00, 0x00, 0x3D, 0x00, 0x1F, 0xC0,
    0x00, 0x00, 0x00, 0x03, 0xD0, 0x00, 0x7F, 0x00, 0x00, 0x00, 0x00, 0x3D, 0x00, 0x01, 0xFC, 0x00,
    0x00, 0x00, 0x03, 0xD0, 0x00, 0x07, 0xF0, 0x00, 0x00, 0x00, 0x3D, 0x00, 0x00, 0x1F, 0xC0, 0x00,
    0x00, 0x03, 0xD0, 0x00, 0x00, 0x7F, 0x00, 0x00, 0x00, 0x3D, 0x00, 0x00, 0x01, 0xFC, 0x00, 0x00,
    0x03, 0xD0, 0x00, 0x00, 0x07, 0xF0, 0x00, 0xE0, 0x3D, 0x00, 0x00, 0x00, 0x1F, 0xC0, 0x0F, 0x03,
    0xD0, 0x00, 0x00, 0x00, 0x3F, 0x01, 0xF0, 0x3D, 0x00, 0x00, 0x00, 0x00, 0xFC, 0x2F, 0x03, 0xD0,
    0x00, 0x00, 0x00, 0x03, 0xF3, 0xF0, 0x3D, 0x00, 0x00, 0x00, 0x00, 0x0F, 0xFF, 0x03, 0xD0, 0x00,
    0x00, 0x00, 0x00, 0x3F, 0xF0, 0x3D, 0x00, 0x00, 0x00, 0x01, 0xBF, 0xFF, 0x03, 0xD0, 0x00, 0x00,
    0x00, 0xFF, 0xFF, 0xF4, 0x3D, 0x00, 0x00, 0x00, 0x0B, 0xAB, 0xFF, 0x83, 0xD0, 0x00, 0x00, 0x00,
    0x00, 0x00, 0x64, 0x3D, 0x00, 0x00, 0x00, 0x00, 0x00, 0x00, 0x03, 0xD1, 0x55, 0x55, 0x55, 0x55,
    0x55, 0x55, 0x7D, 0x7F, 0xFF, 0xFF, 0xFF, 0xFF, 0xFF, 0xFF, 0xD7, 0xFF, 0xFF, 0xFF, 0xFF, 0xFF,
    0xFF, 0xFD, 0x00, 0x00, 0x00, 0x00, 0x00, 0x00, 0x00, 0x38, 0x00, 0x00, 0x00, 0x00, 0xEA, 0x00,
    0x00, 0x00, 0x03, 0x82, 0x80, 0x00, 0x00, 0x0E, 0x00, 0xA0, 0x00, 0x00, 0x38, 0x00, 0x28, 0x00,
    0x00, 0xE0, 0x00, 0x0A, 0x00, 0x03, 0x80, 0x00, 0x02, 0x80, 0x0E, 0x00, 0x00, 0x00, 0xA0, 0x3F,
    0xF8, 0x00, 0x3F, 0xF8, 0x00, 0x18, 0x00, 0x30, 0x00, 0x00, 0x18, 0x00, 0x30, 0x00, 0x00, 0x18,
    0x00, 0x30, 0x00, 0x00, 0x18, 0x00, 0x30, 0x00, 0x00, 0x18, 0x00, 0x30, 0x00, 0x00, 0x18, 0x00,
    0x30, 0x00, 0x00, 0x18, 0x00, 0x30, 0x00, 0x00, 0x18, 0x00, 0x30, 0x00, 0x00, 0x18, 0x00, 0x30,
    0x00, 0x00, 0x18, 0x00, 0x30, 0x00, 0x3F, 0xF8, 0x00, 0x3F, 0xF8, 0x0E, 0x00, 0x00, 0x00, 0xA0,
    0x03, 0x80, 0x00, 0x02, 0x80, 0x00, 0xE0, 0x00, 0x0A, 0x00, 0x00, 0x38, 0x00, 0x28, 0x00, 0x00,
    0x0E, 0x00, 0xA0, 0x00, 0x00, 0x03, 0x82, 0x80, 0x00, 0x00, 0x00, 0xEA, 0x00, 0x00, 0x00, 0x00,
    0x38, 0x00, 0x00, 0x00, 0x00, 0x00, 0x00, 0x00, 0x00, 0x00, 0x1B, 0xF8, 0x00, 0x0F, 0x00, 0x00,
    0x00, 0x02, 0xFF, 0xFD, 0x00, 0x3E, 0x00, 0x00, 0x00, 0x2F, 0xD6, 0xFC, 0x00, 0x7E, 0x00, 0x00,
    0x01, 0xF8, 0x00, 0xFC, 0x00, 0xBE, 0x00, 0x00, 0x0B, 0xC0, 0x01, 0xF0, 0x00, 0xFF, 0x00, 0x55,
    0x7E, 0x55, 0x57, 0xE5, 0x56, 0xFF, 0x47, 0xFF, 0xFF, 0xFF, 0xFF, 0xFF, 0xFF, 0xFF, 0x9F, 0xFF,
    0xFF, 0xFF, 0xFF, 0xFF, 0xFF, 0xFD, 0x00, 0x0F, 0x80, 0x00, 0xF4, 0x00, 0xBF, 0x80, 0x00, 0x2F,
    0x40, 0x0F, 0xC0, 0x07, 0xF4, 0x00, 0x00, 0x3F, 0x96, 0xFD, 0x00, 0x3F, 0x00, 0x00, 0x00, 0x3F,
    0xFF, 0xD0, 0x02, 0xF0, 0x00, 0x00, 0x00, 0x1B, 0xF8, 0x00, 0x0F, 0x00, 0x00, 0x00, 0x1F, 0x00,
    0x00, 0x03, 0x40, 0x00, 0x00, 0x7C, 0x00, 0x00, 0x2F, 0x00, 0x00, 0x01, 0xF0, 0x00, 0x01, 0xFE,
    0x00, 0x00, 0x07, 0xC0, 0x00, 0x0F, 0xFD, 0x00, 0x00, 0x1F, 0x00, 0x00, 0xFF, 0xFC, 0x00, 0x00,
    0x7C, 0x00, 0x0B, 0xFF, 0xFC, 0x00, 0x01, 0xF0, 0x00, 0xBF, 0xFF, 0xFC, 0x00, 0x07, 0xC0, 0x0B,
    0xE2, 0xF2, 0xFC, 0x00, 0x1F, 0x00, 0x3D, 0x0B, 0xC0, 0xB0, 0x00, 0x7C, 0x00, 0x00, 0x2F, 0x00,
    0x00, 0x01, 0xF0, 0x00, 0x00, 0xBC, 0x00, 0x00, 0x07, 0xC0, 0x00, 0x02, 0xF0, 0x00, 0x00, 0x1F,
    0x00, 0x00, 0x0B, 0xC0, 0x00, 0x00, 0x7C, 0x00, 0x00, 0x2F, 0x00, 0x00, 0x01, 0xF0, 0x00, 0x00,
    0xBC, 0x00, 0x00, 0x07, 0xC0, 0x00, 0x02, 0xF0, 0x00, 0x00, 0x1F, 0x00, 0x00, 0x0B, 0xC0, 0x00,
    0x00, 0x7C, 0x00, 0x00, 0x2F, 0x00, 0x00, 0x01, 0xF0, 0x00, 0x00, 0xBC, 0x00, 0x00, 0x07, 0xC0,
    0x00, 0x02, 0xF0, 0x00, 0x00, 0x1F, 0x00, 0x00, 0x0B, 0xC0, 0x02, 0x40, 0x7C, 0x02, 0x00, 0x2F,
    0x00, 0x0B, 0xD1, 0xF0, 0xBC, 0x00, 0xBC, 0x00, 0x0F, 0xE7, 0xDF, 0xD0, 0x02, 0xF0, 0x00, 0x0F,
    0xFF, 0xFD, 0x00, 0x0B, 0xC0, 0x00, 0x0F, 0xFF, 0xD0, 0x00, 0x2F, 0x00, 0x00, 0x0F, 0xFE, 0x00,
    0x00, 0xBC, 0x00, 0x00, 0x1F, 0xF0, 0x00, 0x02, 0xF0, 0x00, 0x00, 0x2F, 0x00, 0x00, 0x0B, 0xC0,
    0x00, 0x00, 0x38, 0x00, 0x00, 0x2F, 0x00, 0x00, 0x00, 0x00, 0x00, 0x00, 0x00, 0x09, 0x00, 0x00,
    0x00, 0x00, 0x00, 0x00, 0x00, 0x3D, 0x00, 0x00, 0x00, 0x00, 0x00, 0x00, 0x00, 0x7D, 0x00, 0x00,
    0x00, 0x00, 0x00, 0x00, 0x00, 0xFD, 0x00, 0x00, 0x00, 0x00, 0x00, 0x00, 0x00, 0xFE, 0x00, 0x55,
    0x55, 0x55, 0x55, 0x55, 0x56, 0xFF, 0x47, 0xFF, 0xFF, 0xFF, 0xFF, 0xFF, 0xFF, 0xFF, 0x9F, 0xFF,
    0xFF, 0xFF, 0xFF, 0xFF, 0xFF, 0xFD, 0x00, 0x00, 0x00, 0x00, 0x00, 0x00, 0xBF, 0x80, 0x00, 0x00,
    0x00, 0x00, 0x00, 0x07, 0xF4, 0x00, 0x00, 0x00, 0x00, 0x00, 0x00, 0x3F, 0x40, 0x00, 0x00, 0x00,
    0x00, 0x00, 0x01, 0xF4, 0x00, 0x00, 0x00, 0x00, 0x00, 0x00, 0x0F, 0x40, 0x00, 0x00, 0x00, 0x00,
    0x00, 0x00, 0x78, 0x00, 0x00, 0x00, 0x00, 0x00, 0x00, 0x00, 0xF4, 0x00, 0x00, 0x00, 0x00, 0x00,
    0x00, 0x01, 0xF4, 0x00, 0x00, 0x00, 0x00, 0x00, 0x00, 0x03, 0xF4, 0x00, 0x00, 0x00, 0x00, 0x00,
    0x00, 0x03, 0xF8, 0x01, 0x55, 0x55, 0x55, 0x55, 0x55, 0x5B, 0xFD, 0x1F, 0xFF, 0xFF, 0xFF, 0xFF,
    0xFF, 0xFF, 0xFE, 0x7F, 0xFF, 0xFF, 0xFF, 0xFF, 0xFF, 0xFF, 0xF4, 0x00, 0x00, 0x00, 0x00, 0x00,
    0x02, 0xFE, 0x00, 0x00, 0x00, 0x00, 0x00, 0x00, 0x1F, 0xD0, 0x00, 0x00, 0x00, 0x00, 0x00, 0x00,
    0xFD, 0x00, 0x00, 0x00, 0x00, 0x00, 0x00, 0x07, 0xD0, 0x00, 0x00, 0x00, 0x00, 0x00, 0x00, 0x3D,
    0x00, 0x00, 0x00, 0x00, 0x00, 0x00, 0x01, 0xE0, 0x00, 0x00, 0x00, 0x00, 0x00, 0x00, 0x03, 0xD0,
    0x00, 0x00, 0x00, 0x00, 0x00, 0x00, 0x07, 0xD0, 0x00, 0x00, 0x00, 0x00, 0x00, 0x00, 0x0F, 0xD0,
    0x00, 0x00, 0x00, 0x00, 0x00, 0x00, 0x0F, 0xE0, 0x05, 0x55, 0x55, 0x55, 0x55, 0x55, 0x6F, 0xF4,
    0x7F, 0xFF, 0xFF, 0xFF, 0xFF, 0xFF, 0xFF, 0xF9, 0xFF, 0xFF, 0xFF, 0xFF, 0xFF, 0xFF, 0xFF, 0xD0,
    0x00, 0x00, 0x00, 0x00, 0x00, 0x0B, 0xF8, 0x00, 0x00, 0x00, 0x00, 0x00, 0x00, 0x7F, 0x40, 0x00,
    0x00, 0x00, 0x00, 0x00, 0x03, 0xF4, 0x00, 0x00, 0x00, 0x00, 0x00, 0x00, 0x1F, 0x40, 0x00, 0x00,
    0x00, 0x00, 0x00, 0x00, 0xF4, 0x00, 0x00, 0x00, 0x00, 0x00, 0x00, 0x01, 0x40, 0x00, 0x00, 0x00,
    0x90, 0x00, 0x7C, 0x00, 0x00, 0x00, 0x00, 0x0F, 0x40, 0x01, 0xF0, 0x00, 0x00, 0x00, 0x00, 0xFC,
    0x00, 0x07, 0xC0, 0x00, 0x00, 0x00, 0x0F, 0xC0, 0x00, 0x1F, 0x00, 0x00, 0x00, 0x01, 0xFE, 0x00,
    0x00, 0x7C, 0x00, 0x00, 0x00, 0x2F, 0xF5, 0x55, 0x56, 0xF5, 0x55, 0x55, 0x43, 0xFF, 0xFF, 0xFF,
    0xFF, 0xFF, 0xFF, 0xFF, 0x8F, 0xFF, 0xFF, 0xFF, 0xFF, 0xFF, 0xFF, 0xFE, 0x07, 0xFC, 0x00, 0x00,
    0x7C, 0x00, 0x00, 0x00, 0x03, 0xF8, 0x00, 0x01, 0xF0, 0x00, 0x00, 0x00, 0x03, 0xF4, 0x00, 0x07,
    0xC0, 0x00, 0x00, 0x00, 0x03, 0xF0, 0x00, 0x1F, 0x00, 0x00, 0x00, 0x00, 0x03, 0xD0, 0x00, 0x7C,
    0x00, 0x00, 0x00, 0x00, 0x01, 0x40, 0x00, 0x00, 0x00, 0x00, 0x00, 0x00, 0x00, 0x00, 0x64, 0x00,
    0x09, 0x00, 0x00, 0x00, 0x00, 0x02, 0xE0, 0x00, 0x3D, 0x00, 0x00, 0x00, 0x00, 0x0B, 0x80, 0x00,
    0x7D, 0x00, 0x00, 0x00, 0x00, 0x2E, 0x00, 0x00, 0xFD, 0x00, 0x00, 0x00, 0x00, 0xB8, 0x00, 0x00,
    0xFE, 0x00, 0x55, 0x55, 0x57, 0xF5, 0x55, 0x56, 0xFF, 0x47, 0xFF, 0xFF, 0xFF, 0xFF, 0xFF, 0xFF,
    0xFF, 0x9F, 0xFF, 0xFF, 0xFF, 0xFF, 0xFF, 0xFF, 0xFD, 0x00, 0x00, 0x00, 0xB8, 0x00, 0x00, 0xBF,
    0x80, 0x00, 0x00, 0x02, 0xE0, 0x00, 0x07, 0xF4, 0x00, 0x00, 0x00, 0x0B, 0x80, 0x00, 0x3F, 0x40,
    0x00, 0x00, 0x00, 0x2E, 0x00, 0x01, 0xF4, 0x00, 0x00, 0x00, 0x00, 0xB8, 0x00, 0x0F, 0x40, 0x00,
    0x00, 0x00, 0x01, 0x50, 0x00, 0x14, 0x00, 0x00, 0x00, 0x00, 0x90, 0x00, 0xBC, 0x00, 0x09, 0x00,
    0x00, 0x00, 0x0F, 0x40, 0x02, 0xF0, 0x00, 0x3D, 0x00, 0x00, 0x00, 0xFC, 0x00, 0x0B, 0xC0, 0x00,
    0xBD, 0x00, 0x00, 0x0F, 0xC0, 0x00, 0x2F, 0x00, 0x00, 0xFD, 0x00, 0x01, 0xFE, 0x00, 0x00, 0xBC,
    0x00, 0x01, 0xFE, 0x00, 0x2F, 0xF5, 0x55, 0x57, 0xF5, 0x55, 0x57, 0xFF, 0x43, 0xFF, 0xFF, 0xFF,
    0xFF, 0xFF, 0xFF, 0xFF, 0xFF, 0x4F, 0xFF, 0xFF, 0xFF, 0xFF, 0xFF, 0xFF, 0xFF, 0xFD, 0x07, 0xFC,
    0x00, 0x00, 0xBC, 0x00, 0x00, 0xBF, 0x80, 0x03, 0xF8, 0x00, 0x02, 0xF0, 0x00, 0x07, 0xF4, 0x00,
    0x03, 0xF4, 0x00, 0x0B, 0xC0, 0x00, 0x3F, 0x00, 0x00, 0x03, 0xF0, 0x00, 0x2F, 0x00, 0x02, 0xF0,
    0x00, 0x00, 0x03, 0xD0, 0x00, 0xBC, 0x00, 0x0F, 0x40, 0x00, 0x00, 0x01, 0x40, 0x00, 0x00, 0x00,
    0x14, 0x00, 0x00, 0x00, 0x00, 0x90, 0x0B, 0xC0, 0xF0, 0x00, 0x00, 0x00, 0x0F, 0x40, 0x2F, 0x03,
    0xC0, 0x00, 0x00, 0x00, 0xFC, 0x00, 0xBC, 0x0F, 0x00, 0x00, 0x00, 0x0F, 0xC0, 0x02, 0xF0, 0x3C,
    0x00, 0x00, 0x01, 0xFE, 0x00, 0x0B, 0xC0, 0xF0, 0x00, 0x00, 0x2F, 0xF5, 0x55, 0x7F, 0x5B, 0xD5,
    0x55, 0x43, 0xFF, 0xFF, 0xFF, 0xFF, 0xFF, 0xFF, 0xFF, 0x8F, 0xFF, 0xFF, 0xFF, 0xFF, 0xFF, 0xFF,
    0xFE, 0x07, 0xFC, 0x00, 0x0B, 0xC0, 0xF0, 0x00, 0x00, 0x03, 0xF8, 0x00, 0x2F, 0x03, 0xC0, 0x00,
    0x00, 0x03, 0xF4, 0x00, 0xBC, 0x0F, 0x00, 0x00, 0x00, 0x03, 0xF0, 0x02, 0xF0, 0x3C, 0x00, 0x00,
    0x00, 0x03, 0xD0, 0x0B, 0xC0, 0xF0, 0x00, 0x00, 0x00, 0x01, 0x40, 0x00, 0x00, 0x00, 0x00, 0x00,
    0x00, 0x00, 0x19, 0x02, 0x40, 0x09, 0x00, 0x00, 0x00, 0x00, 0xB8, 0x1F, 0x00, 0x3D, 0x00, 0x00,
    0x00, 0x02, 0xE0, 0x7C, 0x00, 0x7D, 0x00, 0x00, 0x00, 0x0B, 0x81, 0xF0, 0x00, 0xFD, 0x00, 0x00,
    0x00, 0x2E, 0x07, 0xC0, 0x00, 0xFE, 0x00, 0x55, 0x55, 0xF9, 0x6F, 0x55, 0x56, 0xFF, 0x47, 0xFF,
    0xFF, 0xFF, 0xFF, 0xFF, 0xFF, 0xFF, 0x9F, 0xFF, 0xFF, 0xFF, 0xFF, 0xFF, 0xFF, 0xFD, 0x00, 0x00,
    0x2E, 0x07, 0xC0, 0x00, 0xBF, 0x80, 0x00, 0x00, 0xB8, 0x1F, 0x00, 0x07, 0xF4, 0x00, 0x00, 0x02,
    0xE0, 0x7C, 0x00, 0x3F, 0x40, 0x00, 0x00, 0x0B, 0x81, 0xF0, 0x01, 0xF4, 0x00, 0x00, 0x00, 0x2E,
    0x07, 0xC0, 0x0F, 0x40, 0x00, 0x00, 0x00, 0x54, 0x05, 0x00, 0x14, 0x00, 0x00, 0x00, 0x00, 0x90,
    0x0F, 0x42, 0xF0, 0x09, 0x00, 0x00, 0x00, 0x0F, 0x40, 0x3D, 0x0B, 0xC0, 0x3D, 0x00, 0x00, 0x00,
    0xFC, 0x00, 0xF4, 0x2F, 0x00, 0xBD, 0x00, 0x00, 0x0F, 0xC0, 0x03, 0xD0, 0xBC, 0x00, 0xFD, 0x00,
    0x01, 0xFE, 0x00, 0x0F, 0x42, 0xF0, 0x01, 0xFE, 0x00, 0x2F, 0xF5, 0x55, 0x7F, 0x5F, 0xD5, 0x57,
    0xFF, 0x43, 0xFF, 0xFF, 0xFF, 0xFF, 0xFF, 0xFF, 0xFF, 0xFF, 0x4F, 0xFF, 0xFF, 0xFF, 0xFF, 0xFF,
    0xFF, 0xFF, 0xFD, 0x07, 0xFC, 0x00, 0x0F, 0x42, 0xF0, 0x00, 0xBF, 0x80, 0x03, 0xF8, 0x00, 0x3D,
    0x0B, 0xC0, 0x07, 0xF4, 0x00, 0x03, 0xF4, 0x00, 0xF4, 0x2F, 0x00, 0x3F, 0x00, 0x00, 0x03, 0xF0,
    0x03, 0xD0, 0xBC, 0x02, 0xF0, 0x00, 0x00, 0x03, 0xD0, 0x0F, 0x42, 0xF0, 0x0F, 0x40, 0x00, 0x00,
    0x01, 0x40, 0x00, 0x00, 0x00, 0x14, 0x00, 0x00, 0x00, 0x00, 0x00, 0x00, 0x00, 0x00, 0x00, 0x00,
    0x00, 0x07, 0x00, 0x00, 0x00, 0x00, 0x00, 0x00, 0x00, 0xBC, 0x00, 0x00, 0x00, 0x00, 0x00, 0x00,
    0x0F, 0xF0, 0x00, 0x00, 0x00, 0x00, 0x00, 0x01, 0xFF, 0xC0, 0x00, 0x00, 0x00, 0x00, 0x00, 0x2F,
    0xEF, 0x55, 0x55, 0x55, 0x55, 0x55, 0x53, 0xFC, 0x3F, 0xFF, 0xFF, 0xFF, 0xFF, 0xFF, 0x87, 0xF4,
    0xFF, 0xFF, 0xFF, 0xFF, 0xFF, 0xFE, 0x03, 0xFF, 0xC0, 0x00, 0x00, 0x00, 0x00, 0x00, 0x02, 0xFF,
    0x00, 0x00, 0x00, 0x00, 0x00, 0x00, 0x01, 0xFC, 0x00, 0x00, 0x00, 0x00, 0x00, 0x00, 0x00, 0xF0,
    0x00, 0x00, 0x00, 0x00, 0x00, 0x00, 0x00, 0x80, 0x00, 0x00, 0x00, 0x00, 0x00, 0x00, 0x00, 0x00,
    0x00, 0x00, 0x00, 0x00, 0x00, 0x00, 0x00, 0x00, 0x00, 0x00, 0x04, 0x00, 0x00, 0x00, 0x00, 0x00,
    0x00, 0x00, 0x38, 0x00, 0x00, 0x00, 0x00, 0x00, 0x00, 0x00, 0xFC, 0x00, 0x00, 0x00, 0x00, 0x00,
    0x00, 0x03, 0xFD, 0x00, 0x00, 0x00, 0x00, 0x00, 0x00, 0x0F, 0xFE, 0x00, 0x55, 0x55, 0x55, 0x55,
    0x55, 0x7E, 0xFF, 0x07, 0xFF, 0xFF, 0xFF, 0xFF, 0xFF, 0xF8, 0xBF, 0x5F, 0xFF, 0xFF, 0xFF, 0xFF,
    0xFF, 0xE3, 0xF8, 0x00, 0x00, 0x00, 0x00, 0x00, 0x0F, 0xFF, 0x40, 0x00, 0x00, 0x00, 0x00, 0x00,
    0x3F, 0xF4, 0x00, 0x00, 0x00, 0x00, 0x00, 0x00, 0xFF, 0x00, 0x00, 0x00, 0x00, 0x00, 0x00, 0x03,
    0xE0, 0x00, 0x00, 0x00, 0x00, 0x00, 0x00, 0x09, 0x00, 0x00, 0x00, 0x00, 0x00, 0x00, 0x00, 0x00,
    0x00, 0x00, 0x00, 0x00, 0x00, 0x00, 0x00, 0x00, 0x00, 0x00, 0x00, 0x00, 0x00, 0x1C, 0x00, 0x00,
    0x00, 0x00, 0x03, 0x40, 0x00, 0x00, 0x0B, 0xC0, 0x00, 0x00, 0x00, 0x00, 0x3E, 0x00, 0x00, 0x03,
    0xFC, 0x00, 0x00, 0x00, 0x00, 0x03, 0xFC, 0x00, 0x01, 0xFF, 0xC0, 0x00, 0x00, 0x00, 0x00, 0x3F,
    0xF4, 0x00, 0xBF, 0xBF, 0xFF, 0xFF, 0xFF, 0xFF, 0xFF, 0xDF, 0xE0, 0x3F, 0xC3, 0xFF, 0xFF, 0xFF,
    0xFF, 0xFF, 0xFC, 0x3F, 0x81, 0xFD, 0x3F, 0xFF, 0xFF, 0xFF, 0xFF, 0xFF, 0xCB, 0xF4, 0x03, 0xFF,
    0xC0, 0x00, 0x00, 0x00, 0x00, 0x3F, 0xFC, 0x00, 0x0B, 0xFC, 0x00, 0x00, 0x00, 0x00, 0x03, 0xFE,
    0x00, 0x00, 0x1F, 0xC0, 0x00, 0x00, 0x00, 0x00, 0x3F, 0x40, 0x00, 0x00, 0x3C, 0x00, 0x00, 0x00,
    0x00, 0x03, 0xC0, 0x00, 0x00, 0x00, 0x80, 0x00, 0x00, 0x00, 0x00, 0x20, 0x00, 0x00, 0x00, 0x00,
    0x00, 0x00, 0x00, 0x00, 0x00, 0x00, 0x00, 0x3F, 0x00, 0x00, 0x00, 0x07, 0xF0, 0xBD, 0x00, 0x00,
    0x00, 0x2F, 0x41, 0xFC, 0x00, 0x00, 0x00, 0xFC, 0x03, 0xF0, 0x00, 0x00, 0x07, 0xE0, 0x0B, 0xE0,
    0x00, 0x00, 0x3F, 0x40, 0x0F, 0xC0, 0x00, 0x01, 0xFC, 0x00, 0x2F, 0x40, 0x00, 0x0B, 0xD0, 0x00,
    0x7F, 0xAA, 0xAA, 0xBF, 0x00, 0x00, 0xFF, 0xFF, 0xFF, 0xF8, 0x00, 0x02, 0xFF, 0xFF, 0xFF, 0xD0,
    0x00, 0x03, 0xF0, 0x00, 0x3F, 0x00, 0x00, 0x0F, 0xC0, 0x01, 0xF4, 0x00, 0x00, 0x1F, 0x80, 0x0F,
    0xC0, 0x00, 0x00, 0x3F, 0x00, 0x3E, 0x00, 0x00, 0x00, 0xBC, 0x02, 0xF4, 0x00, 0x00, 0x00, 0xF8,
    0x0F, 0xC0, 0x00, 0x00, 0x03, 0xF0, 0x7D, 0x00, 0x00, 0x00, 0x07, 0xD2, 0xF0, 0x00, 0x00, 0x00,
    0x0F, 0x8F, 0x80, 0x00, 0x00, 0x00, 0x2F, 0x7D, 0x00, 0x00, 0x00, 0x00, 0x3F, 0xF0, 0x00, 0x00,
    0x00, 0x00, 0xFF, 0x40, 0x00, 0x00, 0x00, 0x01, 0xFC, 0x00, 0x00, 0x00, 0x00, 0x01, 0x50, 0x00,
    0x00, 0x00, 0x15, 0x00, 0x02, 0xFF, 0xD0, 0x0F, 0xFF, 0xF0, 0x1F, 0x81, 0xFC, 0x3F, 0x00, 0xBC,
    0x3E, 0x00, 0x7D, 0x3D, 0x00, 0x3D, 0x7D, 0x00, 0x3E, 0x7D, 0x00, 0x00, 0x7D, 0x00, 0x00, 0x7D,
    0x00, 0x00, 0x7D, 0x00, 0x00, 0x7D, 0x00, 0x00, 0x7D, 0x00, 0x00, 0x7D, 0x00, 0x00, 0x7D, 0x00,
    0x00, 0x7D, 0x00, 0x00, 0x7D, 0x00, 0x29, 0x7D, 0x00, 0x3D, 0x3E, 0x00, 0x3D, 0x3F, 0x00, 0x7C,
    0x2F, 0x40, 0xFC, 0x1F, 0xEB, 0xF4, 0x0B, 0xFF, 0xE0, 0x01, 0xFF, 0x40, 0x00, 0xBF, 0xD0, 0x00,
    0x0B, 0xFF, 0xFC, 0x00, 0x2F, 0xEA, 0xFF, 0x00, 0x1E, 0x00, 0x3F, 0xC0, 0x04, 0x00, 0x0F, 0xD0,
    0x00, 0x00, 0x07, 0xF0, 0x00, 0x00, 0x03, 0xF0, 0x00, 0x01, 0x42, 0xF4, 0x00, 0x7F, 0xF9, 0xF8,
    0x02, 0xFE, 0xBF, 0xFC, 0x0B, 0xE0, 0x07, 0xFC, 0x1F, 0x80, 0x01, 0xFC, 0x3F, 0x00, 0x00, 0xFC,
    0x3F, 0x00, 0x00, 0xFC, 0x7E, 0x00, 0x00, 0xFC, 0x7D, 0x00, 0x00, 0xFC, 0x7D, 0x00, 0x00, 0xFC,
    0x7E, 0x00, 0x01, 0xF8, 0x3E, 0x00, 0x02, 0xF4, 0x3F, 0x00, 0x07, 0xF0, 0x1F, 0x80, 0x0F, 0xD0,
    0x0F, 0xF9, 0xBF, 0x80, 0x03, 0xFF, 0xFE, 0x00, 0x00, 0x7F, 0xE0, 0x00, 0x2A, 0xAA, 0xAA, 0xAA,
    0x0F, 0xFF, 0xFF, 0xFF, 0xD3, 0xFF, 0xFF, 0xFF, 0xF4, 0x00, 0x00, 0x00, 0x7D, 0x00, 0x00, 0x00,
    0x1F, 0x40, 0x00, 0x00, 0x07, 0xD0, 0x00, 0x00, 0x01, 0xF4, 0x00, 0x00, 0x00, 0x7D, 0x00, 0x00,
    0x00, 0x1F, 0x40, 0x00, 0x00, 0x07, 0xD0, 0xAA, 0xAA, 0xAB, 0xF4, 0x7F, 0xFF, 0xFF, 0xFD, 0x1F,
    0xFF, 0xFF, 0xFF, 0x40, 0x00, 0x00, 0x07, 0xD0, 0x00, 0x00, 0x01, 0xF4, 0x00, 0x00, 0x00, 0x7D,
    0x00, 0x00, 0x00, 0x1F, 0x40, 0x00, 0x00, 0x07, 0xD0, 0x00, 0x00, 0x01, 0xF4, 0x00, 0x00, 0x00,
    0x7D, 0x00, 0x00, 0x00, 0x1F, 0x4A, 0xAA, 0xAA, 0xAF, 0xD7, 0xFF, 0xFF, 0xFF, 0xF5, 0xFF, 0xFF,
    0xFF, 0xFD, 0x00, 0x00, 0x01, 0x00, 0x00, 0x00, 0x00, 0xF0, 0x00, 0x00, 0x00, 0x7C, 0x00, 0xAA,
    0xAA, 0xBF, 0xA8, 0x3F, 0xFF, 0xFF, 0xFF, 0x4F, 0xFF, 0xFF, 0xFF, 0xD0, 0x00, 0x01, 0xE1, 0xF4,
    0x00, 0x00, 0xB4, 0x7D, 0x00, 0x00, 0x3C, 0x1F, 0x40, 0x00, 0x1F, 0x07, 0xD0, 0x00, 0x0B, 0x81,
    0xF4, 0x00, 0x03, 0xD0, 0x7D, 0x00, 0x00, 0xF0, 0x1F, 0x42, 0xAA, 0xBE, 0xAF, 0xD1, 0xFF, 0xFF,
    0xFF, 0xF4, 0x7F, 0xFF, 0xFF, 0xFD, 0x00, 0x03, 0xC0, 0x1F, 0x40, 0x01, 0xF0, 0x07, 0xD0, 0x00,
    0xB8, 0x01, 0xF4, 0x00, 0x3D, 0x00, 0x7D, 0x00, 0x0F, 0x00, 0x1F, 0x40, 0x07, 0xC0, 0x07, 0xD0,
    0x02, 0xE0, 0x01, 0xF4, 0x00, 0xF4, 0x00, 0x7D, 0x2A, 0xBE, 0xAA, 0xBF, 0x5F, 0xFF, 0xFF, 0xFF,
    0xD7, 0xFF, 0xFF, 0xFF, 0xF4, 0x03, 0xC0, 0x00, 0x00, 0x01, 0xF0, 0x00, 0x00, 0x00, 0x14, 0x00,
    0x00, 0x00, 0x00, 0x00, 0x00, 0x50, 0x00, 0x00, 0x00, 0x00, 0x2F, 0xFF, 0xE4, 0x01, 0xD0, 0x00,
    0xBF, 0xFF, 0xFF, 0xC1, 0xF8, 0x00, 0xFF, 0x90, 0x07, 0xFE, 0xF8, 0x00, 0xFE, 0x00, 0x00, 0x1F,
    0xF8, 0x00, 0xFD, 0x00, 0x00, 0x01, 0xFD, 0x00, 0x7D, 0x00, 0x00, 0x01, 0xFF, 0xC0, 0x3E, 0x00,
    0x00, 0x01, 0xF8, 0xF8, 0x1F, 0x00, 0x00, 0x01, 0xF8, 0x2F, 0x0F, 0x80, 0x00, 0x01, 0xF8, 0x03,
    0xD3, 0xD0, 0x00, 0x01, 0xF8, 0x00, 0xF8, 0xF0, 0x00, 0x01, 0xF8, 0x00, 0x2F, 0x3C, 0x00, 0x01,
    0xF8, 0x00, 0x07, 0xCF, 0x00, 0x01, 0xF8, 0x00, 0x01, 0xF3, 0xC0, 0x01, 0xF8, 0x00, 0x00, 0xBC,
    0xF4, 0x01, 0xF8, 0x00, 0x00, 0x3E, 0x2F, 0x01, 0xF8, 0x00, 0x00, 0x0F, 0x47, 0xD1, 0xF8, 0x00,
    0x00, 0x0B, 0xC0, 0xFD, 0xF8, 0x00, 0x00, 0x07, 0xE0, 0x1F, 0xF8, 0x00, 0x00, 0x03, 0xF0, 0x02,
    0xFC, 0x00, 0x00, 0x03, 0xF0, 0x01, 0xFF, 0xD0, 0x00, 0x0B, 0xF4, 0x01, 0xF9, 0xFF, 0x95, 0xBF,
    0xF0, 0x00, 0xF8, 0x0B, 0xFF, 0xFF, 0xE0, 0x00, 0x18, 0x00, 0x2F, 0xFE, 0x40, 0x00, 0x00, 0x00,
    0x00, 0x00, 0x00, 0x00, 0x00, 0x00, 0x00, 0x68, 0x00, 0x00, 0x00, 0x07, 0xF4, 0x00, 0x00, 0x00,
    0x2F, 0xE0, 0x00, 0x00, 0x00, 0xFF, 0xC0, 0x00, 0x00, 0x07, 0xEF, 0x40, 0x00, 0x00, 0x2F, 0x3F,
    0x00, 0x00, 0x00, 0xFC, 0xFC, 0x00, 0x00, 0x07, 0xE1, 0xF4, 0x00, 0x00, 0x2F, 0x03, 0xF0, 0x00,
    0x00, 0xFC, 0x0F, 0xC0, 0x00, 0x07, 0xE0, 0x1F, 0x40, 0x00, 0x2F, 0x00, 0x3F, 0x00, 0x00, 0xFC,
    0x00, 0xFC, 0x00, 0x07, 0xE0, 0x01, 0xF8, 0x00, 0x2F, 0x00, 0x03, 0xF0, 0x00, 0xFC, 0x00, 0x0F,
    0xC0, 0x07, 0xE0, 0x00, 0x1F, 0x80, 0x2F, 0x00, 0x00, 0x3F, 0x00, 0xFC, 0x00, 0x00, 0xBC, 0x07,
    0xD0, 0x00, 0x01, 0xF8, 0x3F, 0x00, 0x00, 0x03, 0xF0, 0xFE, 0xAA, 0xAA, 0xAF, 0xD7, 0xFF, 0xFF,
    0xFF, 0xFF, 0x9F, 0xFF, 0xFF, 0xFF, 0xFE, 0x2A, 0xAA, 0xAA, 0xAA, 0xA5, 0xFF, 0xFF, 0xFF, 0xFF,
    0xE3, 0xFF, 0xFF, 0xFF, 0xFF, 0x4F, 0xC0, 0x00, 0x00, 0xFC, 0x2F, 0x40, 0x00, 0x03, 0xE0, 0x3F,
    0x00, 0x00, 0x2F, 0x40, 0xFC, 0x00, 0x00, 0xFC, 0x02, 0xF4, 0x00, 0x03, 0xE0, 0x03, 0xF0, 0x00,
    0x2F, 0x40, 0x0F, 0xC0, 0x00, 0xFC, 0x00, 0x1F, 0x40, 0x03, 0xE0, 0x00, 0x3F, 0x00, 0x2F, 0x40,
    0x00, 0xFC, 0x00, 0xFC, 0x00, 0x01, 0xF4, 0x03, 0xE0, 0x00, 0x03, 0xF0, 0x2F, 0x40, 0x00, 0x0F,
    0xC0, 0xFC, 0x00, 0x00, 0x1F, 0x43, 0xE0, 0x00, 0x00, 0x3F, 0x1F, 0x40, 0x00, 0x00, 0xFC, 0xFC,
    0x00, 0x00, 0x01, 0xF7, 0xE0, 0x00, 0x00, 0x03, 0xFF, 0x40, 0x00, 0x00, 0x0B, 0xFC, 0x00, 0x00,
    0x00, 0x1F, 0xE0, 0x00, 0x00, 0x00, 0x3F, 0x40, 0x00, 0x00, 0x00, 0x01, 0x55, 0x55, 0x00, 0x01,
    0xFF, 0xFF, 0xFF, 0xD0, 0x07, 0xFF, 0xFF, 0xFF, 0xF4, 0x0B, 0xF9, 0x00, 0x00, 0x00, 0x0B, 0xE0,
    0x00, 0x00, 0x00, 0x03, 0xE0, 0x00, 0x00, 0x00, 0x02, 0xF0, 0x00, 0x00, 0x00, 0x00, 0xF4, 0x00,
    0x00, 0x00, 0x00, 0x3C, 0x00, 0x00, 0x00, 0x00, 0x0F, 0xFF, 0xFF, 0xFF, 0xFF, 0xD7, 0xFF, 0xFF,
    0xFF, 0xFF, 0xF4, 0xF5, 0x55, 0x55, 0x55, 0x54, 0x3D, 0x00, 0x00, 0x00, 0x00, 0x0F, 0x80, 0x00,
    0x00, 0x00, 0x02, 0xF0, 0x00, 0x00, 0x00, 0x00, 0x3F, 0x00, 0x00, 0x00, 0x00, 0x07, 0xF4, 0x00,
    0x00, 0x00, 0x00, 0x7F, 0xE5, 0x55, 0x55, 0x40, 0x02, 0xFF, 0xFF, 0xFF, 0xF4, 0x00, 0x06, 0xFF,
    0xFF, 0xFD, 0x00, 0x00, 0x00, 0x00, 0x00, 0x00, 0x00, 0x00, 0x00, 0x2D, 0x00, 0x00, 0x00, 0x00,
    0x0F, 0x00, 0x00, 0x00, 0x00, 0x07, 0xC0, 0x00, 0x00, 0x01, 0x57, 0xE5, 0x00, 0x01, 0xFF, 0xFF,
    0xFF, 0xD0, 0x07, 0xFF, 0xFF, 0xFF, 0xF4, 0x0B, 0xF9, 0x00, 0x3D, 0x00, 0x0B, 0xE0, 0x00, 0x1F,
    0x00, 0x03, 0xE0, 0x00, 0x0F, 0x80, 0x02, 0xF0, 0x00, 0x03, 0xC0, 0x00, 0xF4, 0x00, 0x02, 0xF0,
    0x00, 0x3C, 0x00, 0x00, 0xF4, 0x00, 0x0F, 0xFF, 0xFF, 0xFF, 0xFF, 0xD7, 0xFF, 0xFF, 0xFF, 0xFF,
    0xF4, 0xF5, 0x55, 0x5F, 0x55, 0x54, 0x3D, 0x00, 0x07, 0xC0, 0x00, 0x0F, 0x80, 0x03, 0xE0, 0x00,
    0x02, 0xF0, 0x00, 0xF0, 0x00, 0x00, 0x3F, 0x00, 0xBC, 0x00, 0x00, 0x07, 0xF4, 0x3D, 0x00, 0x00,
    0x00, 0x7F, 0xEF, 0x55, 0x55, 0x40, 0x02, 0xFF, 0xFF, 0xFF, 0xF4, 0x00, 0x0B, 0xFF, 0xFF, 0xFD,
    0x00, 0x01, 0xF0, 0x00, 0x00, 0x00, 0x00, 0xB8, 0x00, 0x00, 0x00, 0x00, 0x3C, 0x00, 0x00, 0x00,
    0x00, 0x01, 0x00, 0x00, 0x00, 0x00, 0x00, 0x55, 0x54, 0x00, 0x7F, 0xFF, 0xFE, 0x03, 0xFF, 0xFF,
    0xFE, 0x0F, 0xE4, 0x00, 0x00, 0x2F, 0x00, 0x00, 0x00, 0x3D, 0x00, 0x00, 0x00, 0x3D, 0x55, 0x55,
    0x54, 0x7F, 0xFF, 0xFF, 0xFE, 0x7F, 0xFF, 0xFF, 0xFE, 0x3C, 0x00, 0x00, 0x00, 0x3E, 0x00, 0x00,
    0x00, 0x1F, 0x40, 0x00, 0x00, 0x0B, 0xF9, 0x55, 0x54, 0x02, 0xFF, 0xFF, 0xFE, 0x00, 0x2B, 0xFF,
    0xFE, 0x15, 0x55, 0x50, 0x00, 0x00, 0x1F, 0xFF, 0xFF, 0xFD, 0x00, 0x07, 0xFF, 0xFF, 0xFF, 0xF8,
    0x00, 0x00, 0x00, 0x01, 0xBF, 0xC0, 0x00, 0x00, 0x00, 0x02, 0xF8, 0x00, 0x00, 0x00, 0x00, 0x2F,
    0x40, 0x00, 0x00, 0x00, 0x03, 0xF0, 0x00, 0x00, 0x00, 0x00, 0x7C, 0x00, 0x00, 0x00, 0x00, 0x0F,
    0x1F, 0xFF, 0xFF, 0xFF, 0xFF, 0xD7, 0xFF, 0xFF, 0xFF, 0xFF, 0xF4, 0x55, 0x55, 0x55, 0x55, 0x7D,
    0x00, 0x00, 0x00, 0x00, 0x1F, 0x00, 0x00, 0x00, 0x00, 0x0B, 0xC0, 0x00, 0x00, 0x00, 0x03, 0xE0,
    0x00, 0x00, 0x00, 0x03, 0xF0, 0x00, 0x00, 0x00, 0x07, 0xF4, 0x05, 0x55, 0x55, 0x6F, 0xF4, 0x07,
    0xFF, 0xFF, 0xFF, 0xF0, 0x01, 0xFF, 0xFF, 0xFE, 0x40, 0x00, 0x00, 0x00, 0x00, 0x00, 0x00, 0x00,
    0x00, 0x00, 0x1D, 0x00, 0x00, 0x00, 0x00, 0x0B, 0x80, 0x00, 0x00, 0x00, 0x03, 0xD0, 0x00, 0x00,
    0x00, 0x01, 0xF0, 0x00, 0x1F, 0xFF, 0xFF, 0xFC, 0x00, 0x07, 0xFF, 0xFF, 0xFF, 0xF4, 0x00, 0x55,
    0x55, 0x6F, 0xFF, 0x80, 0x00, 0x00, 0x0F, 0x43, 0xF8, 0x00, 0x00, 0x03, 0xC0, 0x2F, 0x00, 0x00,
    0x02, 0xE0, 0x03, 0xE0, 0x00, 0x00, 0xF4, 0x00, 0x7C, 0x00, 0x00, 0x7C, 0x00, 0x0F, 0x1F, 0xFF,
    0xFF, 0xFF, 0xFF, 0xD7, 0xFF, 0xFF, 0xFF, 0xFF, 0xF4, 0x55, 0x5B, 0xD5, 0x55, 0x7D, 0x00, 0x03,
    0xD0, 0x00, 0x1F, 0x00, 0x00, 0xF0, 0x00, 0x0B, 0xC0, 0x00, 0x7C, 0x00, 0x03, 0xE0, 0x00, 0x3D,
    0x00, 0x03, 0xF0, 0x00, 0x0F, 0x00, 0x07, 0xF8, 0x05, 0x5B, 0xD5, 0x6F, 0xF8, 0x07, 0xFF, 0xFF,
    0xFF, 0xF0, 0x01, 0xFF, 0xFF, 0xFE, 0x40, 0x00, 0x00, 0xB8, 0x00, 0x00, 0x00, 0x00, 0x3D, 0x00,
    0x00, 0x00, 0x00, 0x0F, 0x00, 0x00, 0x00, 0x00, 0x00, 0x40, 0x00, 0x00, 0x00, 0x15, 0x55, 0x40,
    0x00, 0x7F, 0xFF, 0xFE, 0x00, 0x7F, 0xFF, 0xFF, 0xD0, 0x00, 0x00, 0x07, 0xF4, 0x00, 0x00, 0x00,
    0xFC, 0x00, 0x00, 0x00, 0x3D, 0x15, 0x55, 0x55, 0x7E, 0x7F, 0xFF, 0xFF, 0xFE, 0x7F, 0xFF, 0xFF,
    0xFE, 0x00, 0x00, 0x00, 0x3E, 0x00, 0x00, 0x00, 0x7C, 0x00, 0x00, 0x01, 0xFC, 0x15, 0x55, 0x6F,
    0xF0, 0x7F, 0xFF, 0xFF, 0xC0, 0x7F, 0xFF, 0xF9, 0x00, 0x7F, 0xFF, 0xFF, 0xFE, 0x7F, 0xFF, 0xFF,
    0xFE, 0x7F, 0xFF, 0xFF, 0xFE, 0x7F, 0xFF, 0xFF, 0xFE, 0x7F, 0xFF, 0xFF, 0xFE, 0x7F, 0xFF, 0xFF,
    0xFE, 0x7F, 0xFF, 0xFF, 0xFE, 0x7F, 0xFF, 0xFF, 0xFE, 0x7F, 0xFF, 0xFF, 0xFE, 0x7F, 0xFF, 0xFF,
    0xFE, 0x7F, 0xFF, 0xFF, 0xFE, 0x7F, 0xFF, 0xFF, 0xFE, 0x7F, 0xFF, 0xFF, 0xFE, 0x7F, 0xFF, 0xFF,
    0xFE, 0x7F, 0xFF, 0xFF, 0xFE, 0x7F, 0xFF, 0xFF, 0xFE, 0x7F, 0xFF, 0xFF, 0xFE, 0x7F, 0xFF, 0xFF,
    0xFE, 0x7F, 0xFF, 0xFF, 0xFE, 0x7F, 0xFF, 0xFF, 0xFE, 0x7F, 0xFF, 0xFF, 0xFE, 0x7F, 0xFF, 0xFF,
    0xFE, 0x2A, 0xAA, 0xAA, 0xAA, 0xAA, 0xAA, 0xA9, 0x7F, 0xFF, 0xFF, 0xFF, 0xFF, 0xFF, 0xFE, 0x17,
    0xFF, 0xFF, 0xFF, 0xFF, 0xFF, 0xE4, 0x02, 0xF4, 0x00, 0x00, 0x00, 0x0F, 0xC0, 0x02, 0xF4, 0x00,
    0x00, 0x00, 0x0F, 0xC0, 0x02, 0xF4, 0x00, 0x00, 0x00, 0x0F, 0xC0, 0x02, 0xF4, 0x00, 0x00, 0x00,
    0x0F, 0xC0, 0x02, 0xF4, 0x00, 0x00, 0x00, 0x0F, 0xC0, 0x02, 0xF4, 0x00, 0x00, 0x00, 0x0F, 0xC0,
    0x02, 0xF4, 0x00, 0x00, 0x00, 0x0F, 0xC0, 0x02, 0xF4, 0x00, 0x00, 0x00, 0x0F, 0xC0, 0x02, 0xF4,
    0x00, 0x00, 0x00, 0x0F, 0xC0, 0x02, 0xF4, 0x00, 0x00, 0x00, 0x0F, 0xC0, 0x02, 0xF4, 0x00, 0x00,
    0x00, 0x0F, 0xC0, 0x02, 0xF4, 0x00, 0x00, 0x00, 0x0F, 0xC0, 0x02, 0xF4, 0x00, 0x00, 0x00, 0x0F,
    0xC0, 0x02, 0xF4, 0x00, 0x00, 0x00, 0x0F, 0xC0, 0x02, 0xF4, 0x00, 0x00, 0x00, 0x0F, 0xC0, 0x02,
    0xF4, 0x00, 0x00, 0x00, 0x0F, 0xC0, 0x02, 0xF4, 0x00, 0x00, 0x00, 0x0F, 0xC0, 0x02, 0xF4, 0x00,
    0x00, 0x00, 0x0F, 0xC0, 0x02, 0xF4, 0x00, 0x00, 0x00, 0x0F, 0xC0, 0x02, 0xF4, 0x00, 0x00, 0x00,
    0x0F, 0xC0, 0x02, 0xF4, 0x00, 0x00, 0x00, 0x0F, 0xC0, 0x02, 0xF4, 0x00, 0x00, 0x00, 0x0F, 0xC0,
    0x02, 0xF4, 0x00, 0x00, 0x00, 0x0F, 0xC0, 0x02, 0xF4, 0x00, 0x00, 0x00, 0x0F, 0xC0, 0x02, 0xF4,
    0x00, 0x00, 0x00, 0x0F, 0xC0, 0x02, 0xF4, 0x00, 0x00, 0x00, 0x0F, 0xC0, 0x02, 0xF4, 0x00, 0x00,
    0x00, 0x0F, 0xC0, 0x02, 0xF4, 0x00, 0x00, 0x00, 0x0F, 0xC0, 0x02, 0xF4, 0x00, 0x00, 0x00, 0x0F,
    0xC0, 0x01, 0xA0, 0x00, 0x00, 0x00, 0x0A, 0x40, 0x02, 0xF4, 0x00, 0x00, 0x00, 0x0F, 0xC0, 0x02,
    0xF4, 0x00, 0x00, 0x00, 0x0F, 0xC0, 0x02, 0xF4, 0x00, 0x00, 0x00, 0x0F, 0xC0, 0x02, 0xF4, 0x00,
    0x00, 0x00, 0x0F, 0xC0, 0x02, 0xF4, 0x00, 0x00, 0x00, 0x0F, 0xC0, 0x02, 0xF4, 0x00, 0x00, 0x00,
    0x0F, 0xC0, 0x02, 0xF4, 0x00, 0x00, 0x00, 0x0F, 0xC0, 0x02, 0xF4, 0x00, 0x00, 0x00, 0x0F, 0xC0,
    0x02, 0xF4, 0x00, 0x00, 0x00, 0x0F, 0xC0, 0x02, 0xF4, 0x00, 0x00, 0x00, 0x0F, 0xC0, 0x02, 0xF4,
    0x00, 0x00, 0x00, 0x0F, 0xC0, 0x02, 0xF4, 0x00, 0x00, 0x00, 0x0F, 0xC0, 0x02, 0xF4, 0x00, 0x00,
    0x00, 0x0F, 0xC0, 0x02, 0xF4, 0x00, 0x00, 0x00, 0x0F, 0xC0, 0x02, 0xF4, 0x00, 0x00, 0x00, 0x0F,
    0xC0, 0x02, 0xF4, 0x00, 0x00, 0x00, 0x0F, 0xC0, 0x02, 0xF4, 0x00, 0x00, 0x00, 0x0F, 0xC0, 0x02,
    0xF4, 0x00, 0x00, 0x00, 0x0F, 0xC0, 0x02, 0xF4, 0x00, 0x00, 0x00, 0x0F, 0xC0, 0x02, 0xF4, 0x00,
    0x00, 0x00, 0x0F, 0xC0, 0x02, 0xF4, 0x00, 0x00, 0x00, 0x0F, 0xC0, 0x02, 0xF4, 0x00, 0x00, 0x00,
    0x0F, 0xC0, 0x02, 0xF4, 0x00, 0x00, 0x00, 0x0F, 0xC0, 0x02, 0xF4, 0x00, 0x00, 0x00, 0x0F, 0xC0,
    0x02, 0xF4, 0x00, 0x00, 0x00, 0x0F, 0xC0, 0x02, 0xF4, 0x00, 0x00, 0x00, 0x0F, 0xC0, 0x02, 0xF4,
    0x00, 0x00, 0x00, 0x0F, 0xC0, 0x02, 0xF4, 0x00, 0x00, 0x00, 0x0F, 0xC0, 0x02, 0xFE, 0xAA, 0xAA,
    0xAA, 0xAF, 0xC0, 0x3F, 0xFF, 0xFF, 0xFF, 0xFF, 0xFF, 0xFD, 0x7F, 0xFF, 0xFF, 0xFF, 0xFF, 0xFF,
    0xFE, 0x2A, 0xAA, 0xAA, 0xAA, 0xAA, 0xAA, 0x03, 0xFF, 0xFF, 0xFF, 0xFF, 0xFF, 0xF4, 0x3F, 0xFF,
    0xFF, 0xFF, 0xFF, 0xFF, 0x40, 0xFD, 0x00, 0x00, 0x00, 0x00, 0x00, 0x03, 0xF0, 0x00, 0x00, 0x00,
    0x00, 0x00, 0x1F, 0xC0, 0x00, 0x00, 0x00, 0x00, 0x00, 0x7F, 0x00, 0x00, 0x00, 0x00, 0x00, 0x02,
    0xFC, 0x00, 0x00, 0x00, 0x00, 0x00, 0x0B, 0xE0, 0x00, 0x00, 0x00, 0x00, 0x00, 0x3F, 0x80, 0x00,
    0x00, 0x00, 0x00, 0x00, 0xFE, 0x00, 0x00, 0x00, 0x00, 0x00, 0x03, 0xF4, 0x00, 0x00, 0x00, 0x00,
    0x00, 0x0F, 0xD0, 0x00, 0x00, 0x00, 0x00, 0x00, 0x7F, 0x40, 0x00, 0x00, 0x00, 0x00, 0x01, 0xFC,
    0x00, 0x00, 0x00, 0x00, 0x00, 0x0B, 0xE0, 0x00, 0x00, 0x00, 0x00, 0x01, 0xFC, 0x00, 0x00, 0x00,
    0x00, 0x00, 0x3F, 0x00, 0x00, 0x00, 0x00, 0x00, 0x0F, 0xD0, 0x00, 0x00, 0x00, 0x00, 0x03, 0xF8,
    0x00, 0x00, 0x00, 0x00, 0x00, 0xBE, 0x00, 0x00, 0x00, 0x00, 0x00, 0x1F, 0xC0, 0x00, 0x00, 0x00,
    0x00, 0x03, 0xF0, 0x00, 0x00, 0x00, 0x00, 0x00, 0xFD, 0x00, 0x00, 0x00, 0x00, 0x00, 0x3F, 0x40,
    0x00, 0x00, 0x00, 0x00, 0x0B, 0xE0, 0x00, 0x00, 0x00, 0x00, 0x01, 0xFC, 0x00, 0x00, 0x00, 0x00,
    0x00, 0x3F, 0x00, 0x00, 0x00, 0x00, 0x00, 0x0F, 0xC0, 0x00, 0x00, 0x00, 0x00, 0x03, 0xFE, 0xAA,
    0xAA, 0xAA, 0xAA, 0xA8, 0x7F, 0xFF, 0xFF, 0xFF, 0xFF, 0xFF, 0xD7, 0xFF, 0xFF, 0xFF, 0xFF, 0xFF,
    0xFD, 0x2A, 0xAA, 0xAA, 0xAA, 0x5F, 0xFF, 0xFF, 0xFF, 0xE7, 0xFF, 0xFF, 0xFF, 0xF9, 0xFF, 0xFF,
    0xFF, 0xFE, 0x00, 0x00, 0x00, 0x00, 0x00, 0x7F, 0xFF, 0xFF, 0xFF, 0x1F, 0xFF, 0xFF, 0xFF, 0xC1,
    0x55, 0x7F, 0x55, 0x50, 0x00, 0x0F, 0x80, 0x00, 0x00, 0x03, 0xE0, 0x00, 0x00, 0x00, 0xF8, 0x00,
    0x01, 0x55, 0x7F, 0x55, 0x51, 0xFF, 0xFF, 0xFF, 0xFC, 0x7F, 0xFF, 0xFF, 0xFF, 0x00, 0x00, 0xF8,
    0x00, 0x00, 0x00, 0x3E, 0x00, 0x00, 0x00, 0x0F, 0x80, 0x00, 0x00, 0x03, 0xE0, 0x00, 0x00, 0x00,
    0xF8, 0x00, 0x00, 0x00, 0x3E, 0x00, 0x00, 0x00, 0x0B, 0x80, 0x00, 0x00, 0x02, 0xE0, 0x00, 0x00,
    0x01, 0xFC, 0x00, 0x00, 0x00, 0x7F, 0x00, 0x00, 0x00, 0x0B, 0x80, 0x00, 0x00, 0x00, 0x00, 0x00,
    0x00, 0x00, 0x64, 0x00, 0x00, 0x00, 0x3E, 0x00, 0x00, 0x00, 0x0F, 0x80, 0x00, 0x00, 0x03, 0xE0,
    0x00, 0x00, 0x00, 0xF8, 0x00, 0x00, 0x00, 0x3E, 0x00, 0x00, 0x00, 0x0F, 0x80, 0x00, 0x15, 0x57,
    0xF5, 0x55, 0x1F, 0xFF, 0xFF, 0xFF, 0xC7, 0xFF, 0xFF, 0xFF, 0xF0, 0x00, 0x0F, 0x80, 0x00, 0x00,
    0x03, 0xE0, 0x00, 0x00, 0x00, 0xF8, 0x00, 0x00, 0x00, 0x3E, 0x00, 0x00, 0x00, 0x0F, 0x80, 0x00,
    0x00, 0x03, 0xE0, 0x00, 0x00, 0x00, 0xB8, 0x00, 0x00, 0x00, 0x00, 0xF4, 0x00, 0x03, 0xC0, 0x00,
    0x1F, 0x00, 0x00, 0xB8, 0x00, 0x03, 0xD0, 0x00, 0x0F, 0x00, 0x00, 0x7C, 0x00, 0x02, 0xE0, 0x00,
    0x0F, 0x40, 0x00, 0x3C, 0x00, 0x01, 0xF0, 0x00, 0x0B, 0x80, 0x00, 0x3D, 0x00, 0x01, 0xF0, 0x00,
    0x0B, 0xC0, 0x00, 0x3E, 0x00, 0x00, 0xF4, 0x00, 0x07, 0xC0, 0x00, 0x2F, 0x00, 0x00, 0xF8, 0x00,
    0x03, 0xD0, 0x00, 0x1F, 0x00, 0x00, 0xB8, 0x00, 0x03, 0xD0, 0x00, 0x0F, 0x00, 0x00, 0x7C, 0x00,
    0x02, 0xE0, 0x00, 0x0F, 0x40, 0x00, 0x3C, 0x00, 0x00, 0x3C, 0x00, 0x00, 0xF4, 0x00, 0x02, 0xE0,
    0x00, 0x07, 0xC0, 0x00, 0x0F, 0x00, 0x00, 0x3D, 0x00, 0x00, 0xB8, 0x00, 0x01, 0xF0, 0x00, 0x03,
    0xD0, 0x00, 0x0F, 0x80, 0x00, 0x2F, 0x00, 0x00, 0x7C, 0x00, 0x00, 0xF4, 0x00, 0x03, 0xE0, 0x00,
    0x0B, 0xC0, 0x00, 0x1F, 0x00, 0x00, 0x3D, 0x00, 0x00, 0xB8, 0x00, 0x01, 0xF0, 0x00, 0x03, 0xC0,
    0x00, 0x0F, 0x40, 0x00, 0x2E, 0x00, 0x00, 0x7C, 0x00, 0x00, 0xF0, 0x00, 0x03, 0xD0, 0x00, 0x0B,
    0x80, 0x00, 0x1F, 0x00, 0x00, 0x3C, 0x00, 0x00, 0xF4, 0x00, 0x2E, 0x00, 0x00, 0x0B, 0x80, 0x01,
    0x82, 0xE0, 0x90, 0xFD, 0xB9, 0xFC, 0x1F, 0xFF, 0xFD, 0x00, 0xBF, 0xF8, 0x00, 0x1F, 0xFD, 0x00,
    0x7F, 0xFF, 0xF4, 0x3F, 0x6E, 0x7F, 0x06, 0x0B, 0x82, 0x40, 0x02, 0xE0, 0x00, 0x00, 0xB8, 0x00,
    0x00, 0x00, 0x00, 0x2F, 0xE0, 0x0F, 0xFF, 0xC3, 0xF0, 0x7D, 0x3C, 0x01, 0xF7, 0xC0, 0x0F, 0x3C,
    0x02, 0xF3, 0xF4, 0x7D, 0x0F, 0xFF, 0x80, 0x2F, 0xD0, 0x00, 0x00, 0x3F, 0x83, 0xFF, 0x8F, 0xFF,
    0x3F, 0xFC, 0xFF, 0xD0, 0xBD, 0x00, 0x00, 0x00, 0x00, 0x00, 0x00, 0x60, 0x00, 0x00, 0x00, 0x00,
    0x07, 0xC0, 0x00, 0x00, 0x00, 0x00, 0x2E, 0x00, 0x00, 0x00, 0x00, 0x00, 0xF4, 0x00, 0x00, 0x00,
    0x00, 0x07, 0xC0, 0x00, 0x00, 0x00, 0x00, 0x2E, 0x00, 0x00, 0x00, 0x00, 0x00, 0xF4, 0x00, 0x00,
    0x00, 0x00, 0x07, 0xC0, 0x00, 0x00, 0x00, 0x00, 0x2E, 0x00, 0x00, 0x00, 0x00, 0x00, 0xF4, 0x00,
    0x00, 0x00, 0x00, 0x07, 0xC0, 0x00, 0x00, 0x00, 0x00, 0x3E, 0x00, 0x00, 0x00, 0x00, 0x00, 0xF0,
    0x00, 0x00, 0x00, 0x00, 0x0B, 0xC0, 0x00, 0x00, 0x00, 0x00, 0x3E, 0x00, 0x00, 0x00, 0x00, 0x00,
    0xF0, 0x00, 0x00, 0x00, 0x00, 0x0B, 0xC0, 0x00, 0x00, 0x00, 0x00, 0x3D, 0x00, 0x00, 0x00, 0x00,
    0x01, 0xF0, 0x00, 0x00, 0x00, 0x00, 0x0B, 0xC0, 0x00, 0x15, 0x40, 0x00, 0x3D, 0x00, 0x01, 0xFF,
    0x80, 0x01, 0xF0, 0x00, 0x07, 0xFF, 0x00, 0x0B, 0x80, 0x00, 0x00, 0x3D, 0x00, 0x3D, 0x00, 0x00,
    0x00, 0xF8, 0x01, 0xF0, 0x00, 0x00, 0x02, 0xF0, 0x0B, 0x80, 0x00, 0x00, 0x03, 0xD0, 0x3D, 0x00,
    0x00, 0x00, 0x0F, 0x81, 0xF0, 0x00, 0x00, 0x00, 0x1F, 0x0F, 0x80, 0x00, 0x00, 0x00, 0x3D, 0x3D,
    0x00, 0x00, 0x00, 0x00, 0xBE, 0xF0, 0x00, 0x00, 0x00, 0x01, 0xFF, 0x80, 0x00, 0x00, 0x00, 0x03,
    0xFC, 0x00, 0x00, 0x00, 0x00, 0x0B, 0xF0, 0x00, 0x00, 0x00, 0x00, 0x1F, 0x80, 0x00, 0x00, 0x00,
    0x00, 0x14, 0x00, 0x00, 0x00, 0x00, 0x00, 0x00, 0x00, 0x00, 0x60, 0x00, 0x00, 0x00, 0x00, 0x07,
    0xC0, 0x00, 0x00, 0x00, 0x00, 0x2E, 0x00, 0x00, 0x00, 0x00, 0x00, 0xF4, 0x00, 0x00, 0x00, 0x00,
    0x07, 0xC0, 0x00, 0x6A, 0x80, 0x00, 0x2E, 0x00, 0x0F, 0xFF, 0xC0, 0x00, 0xF4, 0x00, 0x28, 0x0F,
    0x80, 0x07, 0xC0, 0x00, 0x00, 0x1E, 0x00, 0x2E, 0x00, 0x00, 0x00, 0xF4, 0x00, 0xF4, 0x00, 0x01,
    0xFF, 0x80, 0x07, 0xC0, 0x00, 0x0B, 0xFE, 0x00, 0x3E, 0x00, 0x00, 0x00, 0x2E, 0x00, 0xF0, 0x00,
    0x00, 0x00, 0x3C, 0x0B, 0xC0, 0x00, 0x00, 0x00, 0xF0, 0x3E, 0x00, 0x00, 0x64, 0x0F, 0xC0, 0xF0,
    0x00, 0x01, 0xFF, 0xFC, 0x0B, 0xC0, 0x00, 0x01, 0xAE, 0x40, 0x3D, 0x00, 0x00, 0x00, 0x00, 0x01,
    0xF0, 0x00, 0x00, 0x00, 0x00, 0x0B, 0xC0, 0x00, 0x15, 0x40, 0x00, 0x3D, 0x00, 0x01, 0xFF, 0x80,
    0x01, 0xF0, 0x00, 0x07, 0xFF, 0x00, 0x0B, 0x80, 0x00, 0x00, 0x3D, 0x00, 0x3D, 0x00, 0x00, 0x00,
    0xF8, 0x01, 0xF0, 0x00, 0x00, 0x02, 0xF0, 0x0B, 0x80, 0x00, 0x00, 0x03, 0xD0, 0x3D, 0x00, 0x00,
    0x00, 0x0F, 0x81, 0xF0, 0x00, 0x00, 0x00, 0x1F, 0x0F, 0x80, 0x00, 0x00, 0x00, 0x3D, 0x3D, 0x00,
    0x00, 0x00, 0x00, 0xBE, 0xF0, 0x00, 0x00, 0x00, 0x01, 0xFF, 0x80, 0x00, 0x00, 0x00, 0x03, 0xFC,
    0x00, 0x00, 0x00, 0x00, 0x0B, 0xF0, 0x00, 0x00, 0x00, 0x00, 0x1F, 0x80, 0x00, 0x00, 0x00, 0x00,
    0x14, 0x00, 0x00, 0x00, 0x00, 0x00, 0x00, 0x00, 0x00, 0x60, 0x00, 0x00, 0x00, 0x00, 0x07, 0xC0,
    0x00, 0x00, 0x00, 0x00, 0x2E, 0x00, 0x00, 0x00, 0x00, 0x00, 0xF4, 0x00, 0x00, 0x00, 0x00, 0x07,
    0xC0, 0x00, 0x01, 0x80, 0x00, 0x2E, 0x00, 0x00, 0x2F, 0x00, 0x00, 0xF4, 0x00, 0x01, 0xFC, 0x00,
    0x07, 0xC0, 0x00, 0x0E, 0xF0, 0x00, 0x2E, 0x00, 0x00, 0xF3, 0xC0, 0x00, 0xF4, 0x00, 0x07, 0x4F,
    0x00, 0x07, 0xC0, 0x00, 0x38, 0x3C, 0x00, 0x3E, 0x00, 0x03, 0xC0, 0xF0, 0x00, 0xF0, 0x00, 0x1F,
    0xFF, 0xFC, 0x0B, 0xC0, 0x00, 0x7F, 0xFF, 0xE0, 0x3E, 0x00, 0x00, 0x00, 0x3C, 0x00, 0xF0, 0x00,
    0x00, 0x00, 0xF0, 0x0B, 0xC0, 0x00, 0x00, 0x01, 0x40, 0x3D, 0x00, 0x00, 0x00, 0x00, 0x01, 0xF0,
    0x00, 0x00, 0x00, 0x00, 0x0B, 0xC0, 0x00, 0x15, 0x40, 0x00, 0x3D, 0x00, 0x01, 0xFF, 0x80, 0x01,
    0xF0, 0x00, 0x07, 0xFF, 0x00, 0x0B, 0x80, 0x00, 0x00, 0x3D, 0x00, 0x3D, 0x00, 0x00, 0x00, 0xF8,
    0x01, 0xF0, 0x00, 0x00, 0x02, 0xF0, 0x0B, 0x80, 0x00, 0x00, 0x03, 0xD0, 0x3D, 0x00, 0x00, 0x00,
    0x0F, 0x81, 0xF0, 0x00, 0x00, 0x00, 0x1F, 0x0F, 0x80, 0x00, 0x00, 0x00, 0x3D, 0x3D, 0x00, 0x00,
    0x00, 0x00, 0xBE, 0xF0, 0x00, 0x00, 0x00, 0x01, 0xFF, 0x80, 0x00, 0x00, 0x00, 0x03, 0xFC, 0x00,
    0x00, 0x00, 0x00, 0x0B, 0xF0, 0x00, 0x00, 0x00, 0x00, 0x1F, 0x80, 0x00, 0x00, 0x00, 0x00, 0x14,
    0x00, 0x00, 0x00, 0x00, 0x00, 0x00, 0x00, 0x02, 0xFE, 0x00, 0x2C, 0x0F, 0xFF, 0xC1, 0xFC, 0x2F,
    0x42, 0xF3, 0xE0, 0x3C, 0x00, 0xBF, 0x80, 0x7C, 0x00, 0x3F, 0x00, 0x7C, 0x00, 0x3F, 0x00, 0x3D,
    0x00, 0xFF, 0x80, 0x2F, 0x47, 0xE3, 0xE0, 0x0F, 0xFF, 0xC0, 0xFC, 0x02, 0xFD, 0x00, 0x2C, 0x00,
    0x6F, 0xE0, 0x00, 0x06, 0xFE, 0x00, 0x02, 0xFF, 0xFD, 0x00, 0x3F, 0xFF, 0xD0, 0x0B, 0xE4, 0x7F,
    0x80, 0xFE, 0x5B, 0xF4, 0x0F, 0x80, 0x0B, 0xD1, 0xF4, 0x00, 0xFC, 0x2F, 0x00, 0x03, 0xF3, 0xE0,
    0x00, 0x3D, 0x3D, 0x00, 0x00, 0xFF, 0xC0, 0x00, 0x2E, 0x3C, 0x00, 0x00, 0xBF, 0x40, 0x00, 0x1F,
    0x7C, 0x00, 0x00, 0x3F, 0x00, 0x00, 0x0F, 0x7C, 0x00, 0x00, 0x3E, 0x00, 0x00, 0x0F, 0x3C, 0x00,
    0x00, 0x7F, 0x00, 0x00, 0x1F, 0x3D, 0x00, 0x00, 0xFF, 0x80, 0x00, 0x2E, 0x2E, 0x00, 0x02, 0xF7,
    0xD0, 0x00, 0x3D, 0x1F, 0x40, 0x0B, 0xD3, 0xF0, 0x00, 0xFC, 0x0B, 0xE4, 0x7F, 0x80, 0xFE, 0x47,
    0xF4, 0x02, 0xFF, 0xFE, 0x00, 0x3F, 0xFF, 0xD0, 0x00, 0x6F, 0xE0, 0x00, 0x07, 0xFE, 0x00, 0x7C,
    0x00, 0x00, 0x00, 0x01, 0xF0, 0x00, 0x00, 0x00, 0x07, 0xC0, 0x00, 0x00, 0x00, 0x1F, 0x00, 0x00,
    0x00, 0x00, 0x7C, 0x00, 0x00, 0x00, 0x01, 0xF0, 0x00, 0x00, 0x00, 0x07, 0xC0, 0x00, 0x00, 0x00,
    0x1F, 0x00, 0x00, 0x00, 0x00, 0x7C, 0x00, 0x00, 0x00, 0x01, 0xF0, 0x00, 0x00, 0x00, 0x07, 0xC0,
    0x00, 0x00, 0x00, 0x1F, 0x00, 0x00, 0x00, 0x00, 0x7C, 0x00, 0x00, 0x00, 0x01, 0xF0, 0x00, 0x00,
    0x00, 0x07, 0xC0, 0x00, 0x00, 0x00, 0x1F, 0x55, 0x55, 0x55, 0x55, 0x7F, 0xFF, 0xFF, 0xFF, 0xFD,
    0xFF, 0xFF, 0xFF, 0xFF, 0xF0, 0x00, 0x00, 0x00, 0x08, 0x00, 0x00, 0x00, 0x00, 0xF8, 0x00, 0x00,
    0x00, 0x0F, 0xC0, 0x00, 0x00, 0x00, 0xFD, 0x00, 0x00, 0x00, 0x0B, 0xD0, 0x00, 0x00, 0x00, 0xBE,
    0x00, 0x00, 0x00, 0x0B, 0xE0, 0x00, 0x00, 0x00, 0x7E, 0x00, 0x00, 0x00, 0x07, 0xF0, 0x00, 0x00,
    0x00, 0x3F, 0x00, 0x00, 0x00, 0x03, 0xF0, 0x00, 0x00, 0x00, 0x3F, 0x40, 0x00, 0x00, 0x03, 0xF4,
    0x00, 0x00, 0x00, 0x2F, 0x40, 0x00, 0x00, 0x02, 0xFD, 0x55, 0x55, 0x55, 0x5F, 0xFF, 0xFF, 0xFF,
    0xFF, 0x7F, 0xFF, 0xFF, 0xFF, 0xFC, 0x00, 0x00, 0x00, 0x08, 0x00, 0x00, 0x00, 0x00, 0xF8, 0x00,
    0x00, 0x00, 0x0F, 0xC0, 0x00, 0x02, 0x00, 0xFD, 0x00, 0x00, 0x2F, 0x4B, 0xD0, 0x00, 0x00, 0x7F,
    0xFE, 0x00, 0x00, 0x00, 0x3F, 0xE0, 0x00, 0x00, 0x00, 0x7F, 0x40, 0x00, 0x00, 0x07, 0xFF, 0x00,
    0x00, 0x00, 0x3F, 0x7E, 0x00, 0x00, 0x03, 0xF0, 0x7C, 0x00, 0x00, 0x3F, 0x40, 0xF8, 0x00, 0x03,
    0xF4, 0x01, 0xF0, 0x00, 0x2F, 0x40, 0x03, 0xD0, 0x02, 0xFD, 0x55, 0x5F, 0x95, 0x5F, 0xFF, 0xFF,
    0xFF, 0xFF, 0x7F, 0xFF, 0xFF, 0xFF, 0xFC, 0x00, 0x00, 0x01, 0xF0, 0x00, 0x00, 0x00, 0x07, 0xC0,
    0x00, 0x00, 0x00, 0x2F, 0x00, 0x00, 0x00, 0x00, 0x68, 0x00, 0x00, 0x00, 0x00, 0x00, 0x00, 0x00,
    0x00, 0x20, 0x01, 0x00, 0x00, 0x3D, 0x07, 0xC0, 0x00, 0x0B, 0x9F, 0xF0, 0x00, 0x00, 0xFF, 0xE4,
    0x00, 0x01, 0xFF, 0x80, 0x00, 0x07, 0xFF, 0x80, 0x00, 0x1F, 0xFA, 0xE0, 0x00, 0x7F, 0xE0, 0x7C,
    0x00, 0x7F, 0x40, 0x1F, 0x00, 0x1F, 0xF4, 0x07, 0xC0, 0x00, 0xBF, 0xE1, 0xF0, 0x00, 0x01, 0xFF,
    0xF8, 0x00, 0x00, 0x07, 0xFF, 0x80, 0x00, 0x00, 0x1F, 0xFE, 0x00, 0x00, 0x07, 0xEF, 0xF0, 0x00,
    0x02, 0xE0, 0x7C, 0x00, 0x00, 0xF0, 0x01, 0x00, 0x00, 0x00, 0x00, 0x00, 0x7C, 0x7C, 0x7C, 0x7C,
    0x7C, 0x7C, 0x7C, 0x7C, 0x7C, 0x7C, 0x7C, 0x7C, 0x7C, 0x7C, 0x7C, 0x7C, 0x7C, 0x7C, 0x7C, 0x7C,
    0x7C, 0x7C, 0x7C, 0x7C, 0x7C, 0x7C, 0x7C, 0x7C, 0x7C, 0x00, 0x3D, 0x00, 0x00, 0x3D, 0x00, 0x00,
    0x3D, 0x00, 0x00, 0x3D, 0x00, 0x00, 0x3D, 0x00, 0x00, 0x3D, 0x00, 0x00, 0x3D, 0x00, 0x00, 0x3D,
    0x00, 0x00, 0x3D, 0x00, 0x00, 0x3D, 0x14, 0x00, 0x3D, 0x7D, 0x00, 0x3E, 0xF8, 0x00, 0x3F, 0xE0,
    0x00, 0x3F, 0x80, 0x00, 0x3E, 0x00, 0x00, 0xFD, 0x00, 0x03, 0xFD, 0x00, 0x0F, 0xFD, 0x00, 0x3F,
    0x3D, 0x00, 0x2C, 0x3D, 0x00, 0x00, 0x3D, 0x00, 0x00, 0x3D, 0x00, 0x00, 0x3D, 0x00, 0x00, 0x3D,
    0x00, 0x00, 0x3D, 0x00, 0x00, 0x3D, 0x00, 0x00, 0x3D, 0x00, 0x00, 0x3D, 0x00, 0x00, 0x3D, 0x00,
    0x7C, 0x03, 0xC7, 0xC0, 0x3C, 0x7C, 0x03, 0xC7, 0xC0, 0x3C, 0x7C, 0x03, 0xC7, 0xC0, 0x3C, 0x7C,
    0x03, 0xC7, 0xC0, 0x3C, 0x7C, 0x03, 0xC7, 0xC0, 0x3C, 0x7C, 0x03, 0xC7, 0xC0, 0x3C, 0x7C, 0x03,
    0xC7, 0xC0, 0x3C, 0x7C, 0x03, 0xC7, 0xC0, 0x3C, 0x7C, 0x03, 0xC7, 0xC0, 0x3C, 0x7C, 0x03, 0xC7,
    0xC0, 0x3C, 0x7C, 0x03, 0xC7, 0xC0, 0x3C, 0x7C, 0x03, 0xC7, 0xC0, 0x3C, 0x7C, 0x03, 0xC7, 0xC0,
    0x3C, 0x7C, 0x03, 0xC7, 0xC0, 0x3C, 0x7C, 0x03, 0xC0, 0x00, 0x3D, 0x03, 0xD0, 0x00, 0x03, 0xD0,
    0x3D, 0x00, 0x00, 0x3D, 0x03, 0xD0, 0x00, 0x03, 0xD0, 0x3D, 0x00, 0x00, 0x3D, 0x03, 0xD0, 0x00,
    0x03, 0xD0, 0x3D, 0x00, 0x00, 0x3D, 0x03, 0xD1, 0xC0, 0x03, 0xD0, 0x3D, 0x7D, 0x00, 0x3D, 0x03,
    0xEF, 0x80, 0x03, 0xD0, 0x3F, 0xE0, 0x00, 0x3D, 0x03, 0xF8, 0x00, 0x03, 0xD0, 0x3E, 0x00, 0x00,
    0x3D, 0x0F, 0xD0, 0x00, 0x03, 0xD3, 0xFD, 0x00, 0x00, 0x3D, 0xFF, 0xD0, 0x00, 0x03, 0xFF, 0x3D,
    0x00, 0x00, 0x3F, 0xC3, 0xD0, 0x00, 0x03, 0xF0, 0x3D, 0x00, 0x00, 0xFD, 0x03, 0xD0, 0x00, 0x3F,
    0xD0, 0x3D, 0x00, 0x0B, 0xFD, 0x03, 0xD0, 0x02, 0xF7, 0xD0, 0x3D, 0x00, 0x3D, 0x3D, 0x03, 0xD0,
    0x00, 0x43, 0xD0, 0x3D, 0x00, 0x00, 0x3D, 0x03, 0xD0, 0x00, 0x03, 0xD0, 0x3D, 0x00, 0x00, 0x3D,
    0x03, 0xD0, 0x00, 0x03, 0xD0, 0x3D, 0x00, 0x00, 0x3D, 0x03, 0xD0, 0x00, 0x00, 0x00, 0x1F, 0x00,
    0x00, 0x00, 0x00, 0x0F, 0xD0, 0x00, 0x00, 0x00, 0x07, 0xFC, 0x00, 0x00, 0x00, 0x03, 0xFF, 0x40,
    0x00, 0x00, 0x00, 0xF6, 0xF0, 0x00, 0x00, 0x00, 0xBC, 0x7D, 0x00, 0x00, 0x00, 0x3D, 0x0F, 0xC0,
    0x00, 0x00, 0x2F, 0x01, 0xF4, 0x00, 0x00, 0x0F, 0x40, 0x3F, 0x00, 0x00, 0x0B, 0xC0, 0x07, 0xC0,
    0x00, 0x03, 0xD0, 0x00, 0xF8, 0x00, 0x02, 0xF0, 0x00, 0x1F, 0x00, 0x00, 0xF8, 0x00, 0x03, 0xE0,
    0x00, 0xBC, 0x00, 0x00, 0x7C, 0x00, 0x3E, 0x00, 0x00, 0x0F, 0x80, 0x2F, 0x00, 0x00, 0x02, 0xF0,
    0x0F, 0x80, 0x00, 0x00, 0x3E, 0x0B, 0xC0, 0x00, 0x00, 0x0B, 0xC3, 0xE0, 0x00, 0x00, 0x00, 0xF8,
    0x3E, 0x00, 0x00, 0x00, 0x0F, 0x8B, 0xC0, 0x00, 0x00, 0x0B, 0xC0, 0xF8, 0x00, 0x00, 0x03, 0xE0,
    0x2F, 0x00, 0x00, 0x02, 0xF0, 0x03, 0xE0, 0x00, 0x00, 0xF8, 0x00, 0xBC, 0x00, 0x00, 0x7C, 0x00,
    0x0F, 0x40, 0x00, 0x3E, 0x00, 0x02, 0xF0, 0x00, 0x1F, 0x00, 0x00, 0x3D, 0x00, 0x0F, 0x80, 0x00,
    0x0B, 0xC0, 0x07, 0xC0, 0x00, 0x00, 0xF4, 0x03, 0xF0, 0x00, 0x00, 0x2F, 0x01, 0xF4, 0x00, 0x00,
    0x03, 0xD0, 0xBC, 0x00, 0x00, 0x00, 0xBC, 0x3D, 0x00, 0x00, 0x00, 0x0F, 0x2F, 0x00, 0x00, 0x00,
    0x03, 0xFF, 0x40, 0x00, 0x00, 0x00, 0x7F, 0xC0, 0x00, 0x00, 0x00, 0x0F, 0xD0, 0x00, 0x00, 0x00,
    0x01, 0xF0, 0x00, 0x00, 0x00, 0x00, 0x00, 0x00, 0x00, 0x00, 0x0B, 0xFF, 0xF4, 0x00, 0x00, 0xBF,
    0xFF, 0xFF, 0x40, 0x02, 0xFD, 0x00, 0x6F, 0xD0, 0x07, 0xE0, 0x00, 0x03, 0xF0, 0x0F, 0x80, 0x00,
    0x00, 0xF8, 0x1F, 0x00, 0x00, 0x00, 0x7C, 0x3E, 0x00, 0x00, 0x00, 0x3D, 0x3D, 0x00, 0x00, 0x00,
    0x3E, 0x3C, 0x00, 0x00, 0x00, 0x2F, 0x7C, 0x00, 0x00, 0x00, 0x2F, 0x7C, 0x00, 0x00, 0x00, 0x1F,
    0x7C, 0x00, 0x00, 0x00, 0x1F, 0x7C, 0x00, 0x00, 0x00, 0x1F, 0x7C, 0x00, 0x00, 0x00, 0x1F, 0x7C,
    0x00, 0x00, 0x00, 0x1F, 0x7C, 0x00, 0x00, 0x00, 0x1F, 0x7C, 0x00, 0x00, 0x00, 0x1F, 0x7C, 0x00,
    0x00, 0x00, 0x1F, 0x7C, 0x00, 0x00, 0x00, 0x1F, 0x7C, 0x00, 0x00, 0x00, 0x1F, 0x7C, 0x00, 0x00,
    0x00, 0x1F, 0x14, 0x00, 0x00, 0x00, 0x05, 0x7C, 0x00, 0x00, 0x00, 0x1F, 0x7C, 0x00, 0x00, 0x00,
    0x1F, 0x7C, 0x00, 0x00, 0x00, 0x1F, 0x7C, 0x00, 0x00, 0x00, 0x1F, 0x7C, 0x00, 0x00, 0x00, 0x1F,
    0x7C, 0x00, 0x00, 0x00, 0x1F, 0x7C, 0x00, 0x00, 0x00, 0x1F, 0x7C, 0x00, 0x00, 0x00, 0x1F, 0x7C,
    0x00, 0x00, 0x00, 0x1F, 0x7C, 0x00, 0x00, 0x00, 0x1F, 0x7C, 0x00, 0x00, 0x00, 0x1F, 0x7C, 0x00,
    0x00, 0x00, 0x1F, 0x3C, 0x00, 0x00, 0x00, 0x2F, 0x3D, 0x00, 0x00, 0x00, 0x2E, 0x3D, 0x00, 0x00,
    0x00, 0x3E, 0x2F, 0x00, 0x00, 0x00, 0x3D, 0x1F, 0x00, 0x00, 0x00, 0xBC, 0x0F, 0xC0, 0x00, 0x01,
    0xF4, 0x07, 0xF0, 0x00, 0x07, 0xF0, 0x01, 0xFE, 0x55, 0xBF, 0xC0, 0x00, 0x7F, 0xFF, 0xFE, 0x00,
    0x00, 0x06, 0xFF, 0xE0, 0x00, 0x00, 0x00, 0x00, 0x00, 0x07, 0xFE, 0x00, 0x00, 0x00, 0x00, 0x0F,
    0xFF, 0xE0, 0x00, 0x00, 0x00, 0x0F, 0xFE, 0xF0, 0x00, 0x00, 0x00, 0x0B, 0xE0, 0x00, 0x00, 0x00,
    0x00, 0x07, 0xF0, 0x00, 0x00, 0x00, 0x00, 0x02, 0xF4, 0x00, 0x00, 0x00, 0x00, 0x00, 0xFC, 0x00,
    0x00, 0x00, 0x00, 0x00, 0x7E, 0x00, 0x00, 0x00, 0x00, 0x00, 0x2F, 0x00, 0x00, 0x00, 0x00, 0x00,
    0x0F, 0xC0, 0x00, 0x00, 0x00, 0x00, 0x03, 0xE0, 0x00, 0x00, 0x00, 0x00, 0x01, 0xF4, 0x00, 0x00,
    0x00, 0x00, 0x00, 0xBD, 0x00, 0x00, 0x00, 0x00, 0x00, 0x2F, 0x00, 0x00, 0x00, 0x00, 0x00, 0x0F,
    0xC0, 0x00, 0x00, 0x00, 0x00, 0x03, 0xE0, 0x00, 0x00, 0x00, 0x00, 0x01, 0xF8, 0x00, 0x00, 0x00,
    0x00, 0x00, 0x7D, 0x00, 0x00, 0x00, 0x00, 0x00, 0x2F, 0x00, 0x00, 0x00, 0x00, 0x00, 0x0F, 0xC0,
    0x00, 0x00, 0x00, 0x00, 0x03, 0xF0, 0x00, 0x00, 0x00, 0x00, 0x00, 0xF8, 0x00, 0x00, 0x00, 0x00,
    0x00, 0x7D, 0x00, 0x00, 0x00, 0x00, 0x00, 0x2F, 0x40, 0x00, 0x00, 0x00, 0x00, 0x0B, 0xC0, 0x00,
    0x00, 0x00, 0x00, 0x03, 0xF0, 0x00, 0x00, 0x00, 0x00, 0x00, 0xF8, 0x00, 0x00, 0x00, 0x00, 0x00,
    0x7D, 0x00, 0x00, 0x00, 0x00, 0x00, 0x2F, 0x00, 0x00, 0x00, 0x00, 0x00, 0x0F, 0xC0, 0x00, 0x00,
    0x00, 0x00, 0x07, 0xE0, 0x00, 0x00, 0x00, 0x00, 0x02, 0xF4, 0x00, 0x00, 0x00, 0x00, 0x01, 0xFC,
    0x00, 0x00, 0x00, 0x00, 0x01, 0xFD, 0x00, 0x00, 0x00, 0x02, 0xEB, 0xFE, 0x00, 0x00, 0x00, 0x00,
    0xFF, 0xFE, 0x00, 0x00, 0x00, 0x00, 0x1B, 0xF8, 0x00, 0x00, 0x00, 0x00, 0x00, 0x00, 0x00, 0x00,
    0x00, 0x07, 0xFE, 0x00, 0x1B, 0xF9, 0x00, 0x00, 0x00, 0x00, 0x0F, 0xFF, 0xE0, 0x2F, 0xFF, 0xC0,
    0x00, 0x00, 0x00, 0x0F, 0xFE, 0xF0, 0x3F, 0xFB, 0xD0, 0x00, 0x00, 0x00, 0x0B, 0xE0, 0x00, 0x2F,
    0xC0, 0x00, 0x00, 0x00, 0x00, 0x07, 0xF0, 0x00, 0x0F, 0xC0, 0x00, 0x00, 0x00, 0x00, 0x02, 0xF4,
    0x00, 0x0B, 0xD0, 0x00, 0x00, 0x00, 0x00, 0x00, 0xFC, 0x00, 0x03, 0xF0, 0x00, 0x00, 0x00, 0x00,
    0x00, 0x7E, 0x00, 0x00, 0xF8, 0x00, 0x00, 0x00, 0x00, 0x00, 0x2F, 0x00, 0x00, 0x7D, 0x00, 0x00,
    0x00, 0x00, 0x00, 0x0F, 0xC0, 0x00, 0x2F, 0x00, 0x00, 0x00, 0x00, 0x00, 0x03, 0xE0, 0x00, 0x0F,
    0xC0, 0x00, 0x00, 0x00, 0x00, 0x01, 0xF4, 0x00, 0x03, 0xE0, 0x00, 0x00, 0x00, 0x00, 0x00, 0xBD,
    0x00, 0x01, 0xF4, 0x00, 0x00, 0x00, 0x00, 0x00, 0x2F, 0x00, 0x00, 0xBD, 0x00, 0x00, 0x00, 0x00,
    0x00, 0x0F, 0xC0, 0x00, 0x2F, 0x00, 0x00, 0x00, 0x00, 0x00, 0x03, 0xE0, 0x00, 0x0F, 0xC0, 0x00,
    0x00, 0x00, 0x00, 0x01, 0xF8, 0x00, 0x03, 0xE0, 0x00, 0x00, 0x00, 0x00, 0x00, 0x7D, 0x00, 0x01,
    0xF8, 0x00, 0x00, 0x00, 0x00, 0x00, 0x2F, 0x00, 0x00, 0x7D, 0x00, 0x00, 0x00, 0x00, 0x00, 0x0F,
    0xC0, 0x00, 0x2F, 0x00, 0x00, 0x00, 0x00, 0x00, 0x03, 0xF0, 0x00, 0x0F, 0xC0, 0x00, 0x00, 0x00,
    0x00, 0x00, 0xF8, 0x00, 0x03, 0xF0, 0x00, 0x00, 0x00, 0x00, 0x00, 0x7D, 0x00, 0x00, 0xF8, 0x00,
    0x00, 0x00, 0x00, 0x00, 0x2F, 0x40, 0x00, 0x7D, 0x00, 0x00, 0x00, 0x00, 0x00, 0x0B, 0xC0, 0x00,
    0x2F, 0x40, 0x00, 0x00, 0x00, 0x00, 0x03, 0xF0, 0x00, 0x0B, 0xC0, 0x00, 0x00, 0x00, 0x00, 0x00,
    0xF8, 0x00, 0x03, 0xF0, 0x00, 0x00, 0x00, 0x00, 0x00, 0x7D, 0x00, 0x00, 0xF8, 0x00, 0x00, 0x00,
    0x00, 0x00, 0x2F, 0x00, 0x00, 0x7D, 0x00, 0x00, 0x00, 0x00, 0x00, 0x0F, 0xC0, 0x00, 0x2F, 0x00,
    0x00, 0x00, 0x00, 0x00, 0x07, 0xE0, 0x00, 0x0F, 0xC0, 0x00, 0x00, 0x00, 0x00, 0x02, 0xF4, 0x00,
    0x0B, 0xD0, 0x00, 0x00, 0x00, 0x00, 0x01, 0xFC, 0x00, 0x03, 0xF0, 0x00, 0x00, 0x00, 0x00, 0x01,
    0xFD, 0x00, 0x03, 0xF4, 0x00, 0x00, 0x00, 0x02, 0xEB, 0xFE, 0x07, 0xAF, 0xFC, 0x00, 0x00, 0x00,
    0x00, 0xFF, 0xFE, 0x03, 0xFF, 0xF8, 0x00, 0x00, 0x00, 0x00, 0x1B, 0xF8, 0x00, 0x6F, 0xE4, 0x00,
    0x00, 0x00, 0x00, 0x00, 0x00, 0x00, 0x00, 0x00, 0x07, 0xFE, 0x00, 0x1B, 0xF9, 0x00, 0x2F, 0xE4,
    0x00, 0x00, 0x00, 0x00, 0x3F, 0xFF, 0x80, 0xBF, 0xFF, 0x02, 0xFF, 0xFC, 0x00, 0x00, 0x00, 0x00,
    0xFF, 0xEF, 0x03, 0xFF, 0xBD, 0x0B, 0xFE, 0xF8, 0x00, 0x00, 0x00, 0x02, 0xF8, 0x00, 0x0B, 0xF0,
    0x00, 0x1F, 0xD0, 0x00, 0x00, 0x00, 0x00, 0x07, 0xF0, 0x00, 0x0F, 0xC0, 0x00, 0x3F, 0x00, 0x00,
    0x00, 0x00, 0x00, 0x0B, 0xD0, 0x00, 0x2F, 0x40, 0x00, 0x7E, 0x00, 0x00, 0x00, 0x00, 0x00, 0x0F,
    0xC0, 0x00, 0x3F, 0x00, 0x00, 0xBD, 0x00, 0x00, 0x00, 0x00, 0x00, 0x1F, 0x80, 0x00, 0x3E, 0x00,
    0x00, 0xFC, 0x00, 0x00, 0x00, 0x00, 0x00, 0x2F, 0x00, 0x00, 0x7D, 0x00, 0x01, 0xF8, 0x00, 0x00,
    0x00, 0x00, 0x00, 0x3F, 0x00, 0x00, 0xBC, 0x00, 0x02, 0xF4, 0x00, 0x00, 0x00, 0x00, 0x00, 0x3E,
    0x00, 0x00, 0xFC, 0x00, 0x03, 0xF0, 0x00, 0x00, 0x00, 0x00, 0x00, 0x7D, 0x00, 0x00, 0xF8, 0x00,
    0x03, 0xF0, 0x00, 0x00, 0x00, 0x00, 0x00, 0xBD, 0x00, 0x01, 0xF4, 0x00, 0x03, 0xE0, 0x00, 0x00,
    0x00, 0x00, 0x00, 0xBC, 0x00, 0x02, 0xF4, 0x00, 0x07, 0xD0, 0x00, 0x00, 0x00, 0x00, 0x00, 0xFC,
    0x00, 0x02, 0xF0, 0x00, 0x0B, 0xD0, 0x00, 0x00, 0x00, 0x00, 0x00, 0xF8, 0x00, 0x03, 0xF0, 0x00,
    0x0B, 0xC0, 0x00, 0x00, 0x00, 0x00, 0x01, 0xF8, 0x00, 0x03, 0xE0, 0x00, 0x0F, 0xC0, 0x00, 0x00,
    0x00, 0x00, 0x01, 0xF4, 0x00, 0x07, 0xE0, 0x00, 0x0F, 0x80, 0x00, 0x00, 0x00, 0x00, 0x02, 0xF0,
    0x00, 0x07, 0xD0, 0x00, 0x1F, 0x80, 0x00, 0x00, 0x00, 0x00, 0x03, 0xF0, 0x00, 0x0B, 0xC0, 0x00,
    0x1F, 0x40, 0x00, 0x00, 0x00, 0x00, 0x03, 0xF0, 0x00, 0x0F, 0xC0, 0x00, 0x2F, 0x00, 0x00, 0x00,
    0x00, 0x00, 0x03, 0xE0, 0x00, 0x0F, 0xC0, 0x00, 0x3F, 0x00, 0x00, 0x00, 0x00, 0x00, 0x07, 0xD0,
    0x00, 0x0F, 0x80, 0x00, 0x3F, 0x00, 0x00, 0x00, 0x00, 0x00, 0x0B, 0xD0, 0x00, 0x1F, 0x40, 0x00,
    0x3E, 0x00, 0x00, 0x00, 0x00, 0x00, 0x0B, 0xC0, 0x00, 0x2F, 0x40, 0x00, 0x7D, 0x00, 0x00, 0x00,
    0x00, 0x00, 0x0F, 0xC0, 0x00, 0x2F, 0x00, 0x00, 0xBD, 0x00, 0x00, 0x00, 0x00, 0x00, 0x0F, 0x80,
    0x00, 0x3F, 0x00, 0x00, 0xFC, 0x00, 0x00, 0x00, 0x00, 0x00, 0x1F, 0x40, 0x00, 0x3E, 0x00, 0x00,
    0xFC, 0x00, 0x00, 0x00, 0x00, 0x00, 0x2F, 0x00, 0x00, 0x7D, 0x00, 0x01, 0xF8, 0x00, 0x00, 0x00,
    0x00, 0x00, 0x3F, 0x00, 0x00, 0xBC, 0x00, 0x02, 0xF4, 0x00, 0x00, 0x00, 0x00, 0x00, 0x7E, 0x00,
    0x00, 0xFC, 0x00, 0x03, 0xF0, 0x00, 0x00, 0x00, 0x00, 0x00, 0xBD, 0x00, 0x02, 0xF4, 0x00, 0x07,
    0xE0, 0x00, 0x00, 0x00, 0x00, 0x01, 0xFC, 0x00, 0x03, 0xF0, 0x00, 0x0F, 0xC0, 0x00, 0x00, 0x00,
    0x00, 0x07, 0xF4, 0x00, 0x0F, 0xD0, 0x00, 0x2F, 0x80, 0x00, 0x00, 0x00, 0x2E, 0xBF, 0xE0, 0x7A,
    0xFF, 0xC0, 0xFB, 0xFF, 0x00, 0x00, 0x00, 0x00, 0x3F, 0xFF, 0x80, 0xFF, 0xFE, 0x02, 0xFF, 0xFC,
    0x00, 0x00, 0x00, 0x00, 0x1B, 0xF8, 0x00, 0x6F, 0xE4, 0x01, 0xBF, 0xD0, 0x00, 0x00, 0x00, 0x00,
    0x00, 0x00, 0x00, 0x00, 0x07, 0xFE, 0x00, 0x00, 0x00, 0x00, 0x0F, 0xFF, 0xE0, 0x00, 0x00, 0x00,
    0x0F, 0xFE, 0xF0, 0x00, 0x00, 0x00, 0x0B, 0xE0, 0x00, 0x00, 0x00, 0x00, 0x07, 0xF0, 0x00, 0x00,
    0x00, 0x00, 0x02, 0xF4, 0x00, 0x00, 0x00, 0x00, 0x00, 0xFC, 0x00, 0x00, 0x00, 0x00, 0x00, 0x7E,
    0x00, 0x00, 0x00, 0x00, 0x00, 0x2F, 0x00, 0x00, 0x00, 0x00, 0x00, 0x0F, 0xC0, 0x00, 0x00, 0x00,
    0x00, 0x03, 0xE0, 0x00, 0x00, 0x00, 0x00, 0x01, 0xF4, 0x00, 0x00, 0x00, 0x00, 0x1B, 0xFF, 0x00,
    0x00, 0x00, 0x00, 0x3F, 0xFF, 0xF8, 0x00, 0x00, 0x00, 0x3F, 0xEF, 0xFF, 0x80, 0x00, 0x00, 0x3F,
    0x43, 0xE2, 0xF4, 0x00, 0x00, 0x0F, 0x41, 0xF8, 0x3F, 0x00, 0x00, 0x07, 0xC0, 0x7D, 0x07, 0xC0,
    0x00, 0x02, 0xF0, 0x2F, 0x01, 0xF0, 0x00, 0x00, 0x7C, 0x0F, 0xC0, 0x7C, 0x00, 0x00, 0x0F, 0x43,
    0xF0, 0x3F, 0x00, 0x00, 0x03, 0xF4, 0xF8, 0x2F, 0x40, 0x00, 0x00, 0x3F, 0xFF, 0xBF, 0x80, 0x00,
    0x00, 0x03, 0xFF, 0xFF, 0x80, 0x00, 0x00, 0x00, 0x1F, 0xFE, 0x00, 0x00, 0x00, 0x00, 0x03, 0xF0,
    0x00, 0x00, 0x00, 0x00, 0x00, 0xF8, 0x00, 0x00, 0x00, 0x00, 0x00, 0x7D, 0x00, 0x00, 0x00, 0x00,
    0x00, 0x2F, 0x00, 0x00, 0x00, 0x00, 0x00, 0x0F, 0xC0, 0x00, 0x00, 0x00, 0x00, 0x07, 0xE0, 0x00,
    0x00, 0x00, 0x00, 0x02, 0xF4, 0x00, 0x00, 0x00, 0x00, 0x01, 0xFC, 0x00, 0x00, 0x00, 0x00, 0x01,
    0xFD, 0x00, 0x00, 0x00, 0x02, 0xEB, 0xFE, 0x00, 0x00, 0x00, 0x00, 0xFF, 0xFE, 0x00, 0x00, 0x00,
    0x00, 0x1B, 0xF8, 0x00, 0x00, 0x00, 0x00, 0x00, 0x00, 0x00, 0x00, 0x00, 0x07, 0xFE, 0x00, 0x1B,
    0xF9, 0x00, 0x00, 0x00, 0x00, 0x0F, 0xFF, 0xE0, 0x2F, 0xFF, 0xC0, 0x00, 0x00, 0x00, 0x0F, 0xFE,
    0xF0, 0x3F, 0xFB, 0xD0, 0x00, 0x00, 0x00, 0x0B, 0xE0, 0x00, 0x2F, 0xC0, 0x00, 0x00, 0x00, 0x00,
    0x07, 0xF0, 0x00, 0x0F, 0xC0, 0x00, 0x00, 0x00, 0x00, 0x02, 0xF4, 0x00, 0x0B, 0xD0, 0x00, 0x00,
    0x00, 0x00, 0x00, 0xFC, 0x00, 0x03, 0xF0, 0x00, 0x00, 0x00, 0x00, 0x00, 0x7E, 0x00, 0x00, 0xF8,
    0x00, 0x00, 0x00, 0x00, 0x00, 0x2F, 0x00, 0x00, 0x7D, 0x00, 0x00, 0x00, 0x00, 0x00, 0x0F, 0xC0,
    0x00, 0x2F, 0x00, 0x00, 0x00, 0x00, 0x00, 0x03, 0xE0, 0x00, 0x0F, 0xC0, 0x00, 0x00, 0x00, 0x00,
    0x02, 0xFF, 0xFF, 0xEB, 0xE0, 0x00, 0x00, 0x00, 0x00, 0x0B, 0xFF, 0xFF, 0xFF, 0xFC, 0x00, 0x00,
    0x00, 0x00, 0x1F, 0xFF, 0x95, 0x6A, 0xFF, 0xC0, 0x00, 0x00, 0x00, 0x1F, 0xEF, 0xC0, 0x00, 0x2F,
    0xFC, 0x00, 0x00, 0x00, 0x0F, 0xC3, 0xE0, 0x00, 0x0F, 0xCF, 0xC0, 0x00, 0x00, 0x07, 0xC1, 0xF8,
    0x00, 0x03, 0xE1, 0xF0, 0x00, 0x00, 0x01, 0xF0, 0x7D, 0x00, 0x01, 0xF8, 0x3C, 0x00, 0x00, 0x00,
    0x7C, 0x2F, 0x00, 0x00, 0x7D, 0x0F, 0x00, 0x00, 0x00, 0x0F, 0x8F, 0xC0, 0x00, 0x2F, 0x0B, 0xC0,
    0x00, 0x00, 0x02, 0xFB, 0xF0, 0x00, 0x0F, 0xCF, 0xD0, 0x00, 0x00, 0x00, 0x3F, 0xFD, 0x00, 0x03,
    0xFF, 0xE0, 0x00, 0x00, 0x00, 0x02, 0xFF, 0xFF, 0xFF, 0xFF, 0xD0, 0x00, 0x00, 0x00, 0x00, 0x2F,
    0xFF, 0xFF, 0xFF, 0x40, 0x00, 0x00, 0x00, 0x00, 0x0B, 0xC1, 0x55, 0x7F, 0x40, 0x00, 0x00, 0x00,
    0x00, 0x03, 0xF0, 0x00, 0x0B, 0xC0, 0x00, 0x00, 0x00, 0x00, 0x00, 0xF8, 0x00, 0x03, 0xF0, 0x00,
    0x00, 0x00, 0x00, 0x00, 0x7D, 0x00, 0x00, 0xF8, 0x00, 0x00, 0x00, 0x00, 0x00, 0x2F, 0x00, 0x00,
    0x7D, 0x00, 0x00, 0x00, 0x00, 0x00, 0x0F, 0xC0, 0x00, 0x2F, 0x00, 0x00, 0x00, 0x00, 0x00, 0x07,
    0xE0, 0x00, 0x0F, 0xC0, 0x00, 0x00, 0x00, 0x00, 0x02, 0xF4, 0x00, 0x0B, 0xD0, 0x00, 0x00, 0x00,
    0x00, 0x01, 0xFC, 0x00, 0x03, 0xF0, 0x00, 0x00, 0x00, 0x00, 0x01, 0xFD, 0x00, 0x03, 0xF4, 0x00,
    0x00, 0x00, 0x02, 0xEB, 0xFE, 0x07, 0xAF, 0xFC, 0x00, 0x00, 0x00, 0x00, 0xFF, 0xFE, 0x03, 0xFF,
    0xF8, 0x00, 0x00, 0x00, 0x00, 0x1B, 0xF8, 0x00, 0x6F, 0xE4, 0x00, 0x00, 0x00, 0x00, 0x00, 0x00,
    0x00, 0x00, 0x00, 0x07, 0xFE, 0x00, 0x1B, 0xF9, 0x00, 0x2F, 0xE4, 0x00, 0x00, 0x00, 0x00, 0x3F,
    0xFF, 0x80, 0xBF, 0xFF, 0x02, 0xFF, 0xFC, 0x00, 0x00, 0x00, 0x00, 0xFF, 0xEF, 0x03, 0xFF, 0xBD,
    0x0B, 0xFE, 0xF8, 0x00, 0x00, 0x00, 0x02, 0xF8, 0x00, 0x0B, 0xF0, 0x00, 0x1F, 0xD0, 0x00, 0x00,
    0x00, 0x00, 0x07, 0xF0, 0x00, 0x0F, 0xC0, 0x00, 0x3F, 0x00, 0x00, 0x00, 0x00, 0x00, 0x0B, 0xD0,
    0x00, 0x2F, 0x40, 0x00, 0x7E, 0x00, 0x00, 0x00, 0x00, 0x00, 0x0F, 0xC0, 0x00, 0x3F, 0x00, 0x00,
    0xBD, 0x00, 0x00, 0x00, 0x00, 0x00, 0x1F, 0x80, 0x00, 0x3E, 0x00, 0x00, 0xFC, 0x00, 0x00, 0x00,
    0x00, 0x00, 0x2F, 0x00, 0x00, 0x7D, 0x00, 0x01, 0xF8, 0x00, 0x00, 0x00, 0x00, 0x00, 0x3F, 0x00,
    0x00, 0xBC, 0x00, 0x02, 0xF4, 0x00, 0x00, 0x00, 0x00, 0x00, 0x3E, 0x00, 0x00, 0xFC, 0x00, 0x03,
    0xF0, 0x00, 0x00, 0x00, 0x00, 0x00, 0x7E, 0x15, 0x56, 0xFD, 0x54, 0x03, 0xF0, 0x00, 0x00, 0x00,
    0x00, 0x00, 0xFF, 0xFF, 0xFF, 0xFF, 0xFF, 0xFF, 0xE0, 0x00, 0x00, 0x00, 0x00, 0x07, 0xFF, 0xFF,
    0xFF, 0xFF, 0xFF, 0xFF, 0xF0, 0x00, 0x00, 0x00, 0x00, 0x3F, 0xFE, 0x50, 0x02, 0xF0, 0x05, 0xAF,
    0xFC, 0x00, 0x00, 0x00, 0x00, 0xFF, 0xF8, 0x00, 0x03, 0xF0, 0x00, 0x0F, 0xFF, 0x00, 0x00, 0x00,
    0x01, 0xF9, 0xF8, 0x00, 0x03, 0xE0, 0x00, 0x0F, 0xEF, 0x40, 0x00, 0x00, 0x02, 0xF1, 0xF4, 0x00,
    0x07, 0xE0, 0x00, 0x0F, 0x8F, 0x80, 0x00, 0x00, 0x02, 0xE2, 0xF0, 0x00, 0x07, 0xD0, 0x00, 0x1F,
    0x8F, 0x80, 0x00, 0x00, 0x02, 0xF3, 0xF0, 0x00, 0x0B, 0xC0, 0x00, 0x1F, 0x4F, 0x40, 0x00, 0x00,
    0x00, 0xFF, 0xF0, 0x00, 0x0F, 0xC0, 0x00, 0x2F, 0x7F, 0x00, 0x00, 0x00, 0x00, 0xBF, 0xF0, 0x00,
    0x0F, 0xC0, 0x00, 0x3F, 0xFD, 0x00, 0x00, 0x00, 0x00, 0x1F, 0xFF, 0xE9, 0x6F, 0xD5, 0xAB, 0xFF,
    0xF4, 0x00, 0x00, 0x00, 0x00, 0x0B, 0xFF, 0xFF, 0xFF, 0xFF, 0xFF, 0xFF, 0x80, 0x00, 0x00, 0x00,
    0x00, 0x0B, 0xD6, 0xFF, 0xFF, 0xFF, 0xFF, 0xFD, 0x00, 0x00, 0x00, 0x00, 0x00, 0x0F, 0xC0, 0x00,
    0x2F, 0x00, 0x00, 0xBD, 0x00, 0x00, 0x00, 0x00, 0x00, 0x0F, 0x80, 0x00, 0x3F, 0x00, 0x00, 0xFC,
    0x00, 0x00, 0x00, 0x00, 0x00, 0x1F, 0x40, 0x00, 0x3E, 0x00, 0x00, 0xFC, 0x00, 0x00, 0x00, 0x00,
    0x00, 0x2F, 0x00, 0x00, 0x7D, 0x00, 0x01, 0xF8, 0x00, 0x00, 0x00, 0x00, 0x00, 0x3F, 0x00, 0x00,
    0xBC, 0x00, 0x02, 0xF4, 0x00, 0x00, 0x00, 0x00, 0x00, 0x7E, 0x00, 0x00, 0xFC, 0x00, 0x03, 0xF0,
    0x00, 0x00, 0x00, 0x00, 0x00, 0xBD, 0x00, 0x02, 0xF4, 0x00, 0x07, 0xE0, 0x00, 0x00, 0x00, 0x00,
    0x01, 0xFC, 0x00, 0x03, 0xF0, 0x00, 0x0F, 0xC0, 0x00, 0x00, 0x00, 0x00, 0x07, 0xF4, 0x00, 0x0F,
    0xD0, 0x00, 0x2F, 0x80, 0x00, 0x00, 0x00, 0x2E, 0xBF, 0xE0, 0x7A, 0xFF, 0xC0, 0xFB, 0xFF, 0x00,
    0x00, 0x00, 0x00, 0x3F, 0xFF, 0x80, 0xFF, 0xFE, 0x02, 0xFF, 0xFC, 0x00, 0x00, 0x00, 0x00, 0x1B,
    0xF8, 0x00, 0x6F, 0xE4, 0x01, 0xBF, 0xD0, 0x00, 0x00, 0x00, 0x00, 0x00, 0x00, 0x00, 0x00, 0x07,
    0xFE, 0x00, 0x00, 0x00, 0x00, 0x0F, 0xFF, 0xE0, 0x00, 0x00, 0x00, 0x0F, 0xFE, 0xF0, 0x00, 0x00,
    0x00, 0x0B, 0xE0, 0x00, 0x00, 0x00, 0x00, 0x07, 0xF0, 0x00, 0x00, 0x00, 0x00, 0x02, 0xF4, 0x00,
    0x00, 0x00, 0x00, 0x00, 0xFC, 0x00, 0x00, 0x00, 0x00, 0x00, 0x7E, 0x00, 0x00, 0x00, 0x00, 0x00,
    0x2F, 0x00, 0x00, 0x00, 0x00, 0x00, 0x0F, 0xC0, 0x00, 0x00, 0x00, 0x00, 0x03, 0xE0, 0x00, 0x00,
    0x00, 0x00, 0x01, 0xF4, 0x00, 0x00, 0x00, 0x00, 0x00, 0xBD, 0x00, 0x00, 0x00, 0x00, 0x0B, 0xFF,
    0xD0, 0x00, 0x00, 0x00, 0x1F, 0xFF, 0xFE, 0x00, 0x00, 0x00, 0x1F, 0xD7, 0xFB, 0xF0, 0x00, 0x00,
    0x0F, 0xC1, 0xF8, 0x7E, 0x80, 0x00, 0x07, 0xC0, 0x7D, 0x2F, 0xF0, 0x00, 0x01, 0xF0, 0x2F, 0x07,
    0xF4, 0x00, 0x00, 0x00, 0x0F, 0xC0, 0x3C, 0x00, 0x00, 0x00, 0x03, 0xF0, 0x00, 0x00, 0x00, 0x00,
    0x00, 0xF8, 0x00, 0x00, 0x00, 0x00, 0x00, 0x7D, 0x00, 0x00, 0x00, 0x00, 0x00, 0x2F, 0x40, 0x00,
    0x00, 0x00, 0x00, 0x0B, 0xC0, 0x00, 0x00, 0x00, 0x00, 0x03, 0xF0, 0x00, 0x00, 0x00, 0x00, 0x00,
    0xF8, 0x00, 0x00, 0x00, 0x00, 0x00, 0x7D, 0x00, 0x00, 0x00, 0x00, 0x00, 0x2F, 0x00, 0x00, 0x00,
    0x00, 0x00, 0x0F, 0xC0, 0x00, 0x00, 0x00, 0x00, 0x07, 0xE0, 0x00, 0x00, 0x00, 0x00, 0x02, 0xF4,
    0x00, 0x00, 0x00, 0x00, 0x01, 0xFC, 0x00, 0x00, 0x00, 0x00, 0x01, 0xFD, 0x00, 0x00, 0x00, 0x02,
    0xEB, 0xFE, 0x00, 0x00, 0x00, 0x00, 0xFF, 0xFE, 0x00, 0x00, 0x00, 0x00, 0x1B, 0xF8, 0x00, 0x00,
    0x00, 0x00, 0x00, 0x00, 0x00, 0x00, 0x00, 0x07, 0xFE, 0x00, 0x00, 0x00, 0x00, 0x0F, 0xFF, 0xE0,
    0x00, 0x00, 0x00, 0x0F, 0xFE, 0xF0, 0x00, 0x00, 0x00, 0x0B, 0xE0, 0x00, 0x00, 0x00, 0x00, 0x07,
    0xF0, 0x00, 0x00, 0x00, 0x00, 0x02, 0xF4, 0x00, 0x00, 0x00, 0x00, 0x00, 0xFC, 0x00, 0x00, 0x00,
    0x00, 0x00, 0x7E, 0x00, 0x00, 0x00, 0x00, 0x00, 0x2F, 0x00, 0x00, 0x00, 0x00, 0x00, 0x0F, 0xC0,
    0x00, 0x00, 0x00, 0x00, 0x03, 0xE0, 0x00, 0x00, 0x00, 0x00, 0x01, 0xF4, 0x00, 0x00, 0x00, 0x00,
    0x1B, 0xFF, 0x00, 0x00, 0x00, 0x00, 0x3F, 0xFF, 0xF8, 0x00, 0x00, 0x00, 0x3F, 0xEF, 0xFF, 0x80,
    0x00, 0x00, 0x3F, 0x43, 0xE2, 0xF4, 0x00, 0x00, 0x0F, 0x41, 0xF8, 0x3F, 0xC0, 0x00, 0x07, 0xC0,
    0x7D, 0x3F, 0xE0, 0x00, 0x02, 0xF0, 0x2F, 0x02, 0xF0, 0x00, 0x00, 0x7C, 0x0F, 0xC0, 0x7C, 0x00,
    0x00, 0x0F, 0x43, 0xF0, 0x3F, 0x00, 0x00, 0x03, 0xF4, 0xF8, 0x2F, 0x40, 0x00, 0x00, 0x3F, 0xFF,
    0xBF, 0x80, 0x00, 0x00, 0x03, 0xFF, 0xFF, 0x80, 0x00, 0x00, 0x00, 0x1F, 0xFE, 0x00, 0x00, 0x00,
    0x00, 0x03, 0xF0, 0x00, 0x00, 0x00, 0x00, 0x00, 0xF8, 0x00, 0x00, 0x00, 0x00, 0x00, 0x7D, 0x00,
    0x00, 0x00, 0x00, 0x00, 0x2F, 0x00, 0x00, 0x00, 0x00, 0x00, 0x0F, 0xC0, 0x00, 0x00, 0x00, 0x00,
    0x07, 0xE0, 0x00, 0x00, 0x00, 0x00, 0x02, 0xF4, 0x00, 0x00, 0x00, 0x00, 0x01, 0xFC, 0x00, 0x00,
    0x00, 0x00, 0x01, 0xFD, 0x00, 0x00, 0x00, 0x02, 0xEB, 0xFE, 0x00, 0x00, 0x00, 0x00, 0xFF, 0xFE,
    0x00, 0x00, 0x00, 0x00, 0x1B, 0xF8, 0x00, 0x00, 0x00, 0x00, 0x00, 0x00, 0x00, 0x00, 0x00, 0x07,
    0xFE, 0x00, 0x00, 0x00, 0x00, 0x0F, 0xFF, 0xE0, 0x00, 0x00, 0x00, 0x0F, 0xFE, 0xF0, 0x00, 0x00,
    0x00, 0x0B, 0xE0, 0x00, 0x00, 0x00, 0x00, 0x07, 0xF0, 0x00, 0x00, 0x00, 0x00, 0x02, 0xF4, 0x00,
    0x00, 0x00, 0x00, 0x00, 0xFC, 0x00, 0x00, 0x00, 0x00, 0x00, 0x7E, 0x00, 0x00, 0x00, 0x00, 0x00,
    0x2F, 0x00, 0x00, 0x00, 0x00, 0x00, 0x0F, 0xC0, 0x00, 0x00, 0x00, 0x00, 0x03, 0xE0, 0x00, 0x00,
    0x00, 0x00, 0x01, 0xF4, 0x00, 0x00, 0x00, 0x00, 0x1B, 0xFF, 0x00, 0x00, 0x00, 0x00, 0x3F, 0xFF,
    0xF8, 0x00, 0x00, 0x00, 0x3F, 0xEF, 0xFF, 0x80, 0x00, 0x00, 0x3F, 0x43, 0xE2, 0xF4, 0x00, 0x00,
    0x0F, 0x41, 0xF8, 0x3F, 0x00, 0x00, 0x07, 0xC0, 0x7D, 0x0F, 0xF0, 0x00, 0x02, 0xF0, 0x2F, 0x07,
    0xF8, 0x00, 0x00, 0x7C, 0x0F, 0xC1, 0xBC, 0x00, 0x00, 0x0F, 0x43, 0xF0, 0x3F, 0x00, 0x00, 0x03,
    0xF4, 0xF8, 0x2F, 0x40, 0x00, 0x00, 0x3F, 0xFF, 0xBF, 0x80, 0x00, 0x00, 0x03, 0xFF, 0xFF, 0x80,
    0x00, 0x00, 0x00, 0x1F, 0xFE, 0x00, 0x00, 0x00, 0x00, 0x03, 0xF0, 0x00, 0x00, 0x00, 0x00, 0x00,
    0xF8, 0x00, 0x00, 0x00, 0x00, 0x00, 0x7D, 0x00, 0x00, 0x00, 0x00, 0x00, 0x2F, 0x00, 0x00, 0x00,
    0x00, 0x00, 0x0F, 0xC0, 0x00, 0x00, 0x00, 0x00, 0x07, 0xE0, 0x00, 0x00, 0x00, 0x00, 0x02, 0xF4,
    0x00, 0x00, 0x00, 0x00, 0x01, 0xFC, 0x00, 0x00, 0x00, 0x00, 0x01, 0xFD, 0x00, 0x00, 0x00, 0x02,
    0xEB, 0xFE, 0x00, 0x00, 0x00, 0x00, 0xFF, 0xFE, 0x00, 0x00, 0x00, 0x00, 0x1B, 0xF8, 0x00, 0x00,
    0x00, 0x00, 0x00, 0x00, 0x02, 0xE0, 0x00, 0x00, 0x01, 0xFD, 0x00, 0x00, 0x00, 0x7F, 0x40, 0x00,
    0x00, 0x0B, 0x80, 0x00, 0x00, 0x00, 0x00, 0x00, 0x00, 0x00, 0x00, 0x00, 0x00, 0x00, 0x00, 0x00,
    0x00, 0x00, 0x00, 0x00, 0x00, 0x00, 0x00, 0x00, 0x00, 0x00, 0x00, 0x00, 0x00, 0x00, 0x00, 0x00,
    0x00, 0x00, 0xB8, 0x00, 0x00, 0xF4, 0x3F, 0x80, 0x00, 0xBF, 0x0F, 0xE0, 0x00, 0x2F, 0xC2, 0xF0,
    0x00, 0x03, 0xD0, 0x2F, 0x00, 0x00, 0x3D, 0x0F, 0xE0, 0x00, 0x2F, 0xC3, 0xF8, 0x00, 0x0B, 0xF0,
    0xB8, 0x00, 0x00, 0xF4, 0x00, 0x00, 0x00, 0x00, 0x00, 0x00, 0x00, 0x00, 0x00, 0x00, 0x00, 0x00,
    0x00, 0x00, 0x00, 0x00, 0x00, 0x00, 0x00, 0x00, 0x00, 0x00, 0x00, 0x00, 0x00, 0x00, 0x00, 0x00,
    0x00, 0x00, 0x00, 0x0B, 0x80, 0x00, 0x00, 0x07, 0xF4, 0x00, 0x00, 0x01, 0xFD, 0x00, 0x00, 0x00,
    0x2E, 0x00, 0x00, 0x2F, 0x0F, 0xE3, 0xF8, 0xB8, 0x00, 0x00, 0x00, 0x00, 0x00, 0x00, 0x00, 0x00,
    0x00, 0xB8, 0x3F, 0x8F, 0xE2, 0xF0, 0x2F, 0x00, 0x00, 0x3D, 0x0F, 0xE0, 0x00, 0x2F, 0xC3, 0xF8,
    0x00, 0x0B, 0xF0, 0xB8, 0x00, 0x00, 0xF4, 0x00, 0x00, 0x00, 0x00, 0x00, 0x00, 0x00, 0x00, 0x00,
    0x00, 0x00, 0x00, 0x00, 0x00, 0x00, 0x00, 0x00, 0x00, 0x00, 0x00, 0x00, 0x00, 0x00, 0x00, 0x00,
    0x00, 0x00, 0x00, 0x00, 0x00, 0xB8, 0x00, 0x00, 0xF4, 0x3F, 0x80, 0x00, 0xBF, 0x0F, 0xE0, 0x00,
    0x2F, 0xC2, 0xF0, 0x00, 0x03, 0xD0, 0x00, 0x02, 0xE0, 0x00, 0x00, 0x01, 0xFD, 0x00, 0x00, 0x00,
    0x7F, 0x40, 0x00, 0x00, 0x0B, 0x80, 0x00, 0x00, 0x00, 0x00, 0x00, 0x00, 0x00, 0x00, 0x00, 0x01,
    0x55, 0x55, 0x55, 0x51, 0xFF, 0xFF, 0xFF, 0xFC, 0x7F, 0xFF, 0xFF, 0xFF, 0x00, 0x00, 0x00, 0x00,
    0x07, 0x80, 0x00, 0x00, 0x00, 0xFE, 0x00, 0x00, 0x00, 0x0F, 0xE0, 0x00, 0x00, 0x00, 0xBC, 0x15,
    0x55, 0x55, 0x00, 0x07, 0xFF, 0xFF, 0xF0, 0x00, 0x7F, 0xFF, 0xFF, 0x00, 0x00, 0x00, 0x00, 0x00,
    0x78, 0x00, 0x00, 0x00, 0x0F, 0xE0, 0x00, 0x00, 0x00, 0xFE, 0x00, 0x00, 0x00, 0x0B, 0xC0, 0x2F,
    0x00, 0x00, 0x3D, 0x0F, 0xE0, 0x00, 0x2F, 0xC3, 0xF8, 0x00, 0x0B, 0xF0, 0xB8, 0x00, 0x00, 0xF4,
    0x00, 0x00, 0x00, 0x00, 0x00, 0x00, 0x00, 0x00, 0x07, 0xFF, 0xFF, 0xFF, 0xF1, 0xFF, 0xFF, 0xFF,
    0xFC, 0x15, 0x55, 0x55, 0x55, 0x00, 0x00, 0x00, 0x00, 0x00, 0x00, 0x00, 0x00, 0x00, 0xB8, 0x00,
    0x00, 0xF4, 0x3F, 0x80, 0x00, 0xBF, 0x0F, 0xE0, 0x00, 0x2F, 0xC2, 0xF0, 0x00, 0x03, 0xD0, 0x00,
    0x02, 0xE0, 0x00, 0x00, 0x01, 0xFD, 0x00, 0x00, 0x00, 0x7F, 0x40, 0x00, 0x00, 0x0B, 0x80, 0x00,
    0x00, 0x00, 0x00, 0x00, 0x00, 0x14, 0x00, 0x00, 0x01, 0xFF, 0xF4, 0x00, 0x20, 0xFF, 0xFF, 0xE5,
    0xBC, 0x78, 0x07, 0xFF, 0xFF, 0x14, 0x00, 0x0B, 0xFD, 0x00, 0x00, 0x00, 0x00, 0x00, 0x00, 0x0B,
    0x80, 0x00, 0x00, 0x07, 0xF4, 0x00, 0x00, 0x01, 0xFD, 0x00, 0x00, 0x00, 0x2E, 0x00, 0x00, 0x00,
    0x50, 0x00, 0x00, 0x07, 0xFF, 0xD0, 0x00, 0x83, 0xFF, 0xFF, 0x96, 0xF1, 0xE0, 0x1F, 0xFF, 0xFC,
    0x50, 0x00, 0x2F, 0xF4, 0x00, 0x00, 0x00, 0x01, 0x40, 0x18, 0x00, 0x2F, 0xFF, 0x07, 0xE5, 0xFF,
    0xFF, 0xF0, 0xFF, 0xFF, 0x90, 0x2C, 0x0B, 0xFE, 0x00, 0x01, 0x00, 0x00, 0x00, 0x00, 0x00, 0x00,
    0x00, 0xBF, 0x80, 0x00, 0xB8, 0x00, 0xFF, 0xFC, 0x00, 0x2F, 0xC0, 0xFD, 0x0B, 0xC0, 0x01, 0xF8,
    0x3D, 0x00, 0xF8, 0x00, 0x1F, 0x1F, 0x00, 0x0F, 0x40, 0x03, 0xC3, 0xC0, 0x01, 0xF0, 0x00, 0xF0,
    0xF4, 0x00, 0x2F, 0x00, 0x7C, 0x2F, 0x40, 0x03, 0xF4, 0x7E, 0x03, 0xF8, 0x00, 0x3F, 0xFF, 0x00,
    0x2E, 0x00, 0x01, 0xFE, 0x00, 0x02, 0xFE, 0x00, 0x00, 0x00, 0x0F, 0xFF, 0xC0, 0x00, 0x00, 0x3F,
    0x57, 0xE0, 0x00, 0x00, 0x3D, 0x01, 0xF0, 0x00, 0x00, 0x7C, 0x00, 0xF4, 0x00, 0x00, 0x7C, 0x00,
    0xB8, 0x00, 0x00, 0x7C, 0x00, 0xB8, 0x00, 0x00, 0x7C, 0x00, 0x7C, 0x00, 0x00, 0x7C, 0x00, 0x3C,
    0x00, 0x00, 0x00, 0x00, 0x3C, 0x00, 0x3D, 0x00, 0x00, 0x3D, 0x00, 0x3D, 0x00, 0x00, 0x2E, 0x00,
    0x3D, 0x00, 0x00, 0x1E, 0x00, 0x3D, 0x00, 0x00, 0x1F, 0x00, 0x3D, 0x00, 0x00, 0x0F, 0x40, 0x7C,
    0x00, 0x00, 0x0B, 0xD5, 0xFC, 0x00, 0x00, 0x03, 0xFF, 0xF0, 0x00, 0x00, 0x00, 0xBF, 0x80, 0x19,
    0x01, 0xF4, 0x0F, 0xC0, 0x7C, 0x03, 0xD0, 0x7D, 0x0B, 0xC0, 0xFC, 0x1F, 0x82, 0xF0, 0x3E, 0x03,
    0xD0, 0x7D, 0x03, 0xD0, 0x3E, 0x02, 0xF0, 0x0F, 0xC0, 0x00, 0x00, 0x00, 0x00, 0x00, 0x00, 0x03,
    0xC0, 0x00, 0x00, 0x01, 0xF0, 0x00, 0x00, 0x00, 0xF4, 0x00, 0x00, 0x50, 0x7C, 0x00, 0x07, 0xFF,
    0xFD, 0x00, 0x83, 0xFF, 0xFF, 0xE6, 0xF1, 0xE0, 0x2F, 0xFF, 0xFC, 0x50, 0x0B, 0xAF, 0xF4, 0x00,
    0x03, 0xC0, 0x00, 0x00, 0x03, 0xE0, 0x00, 0x00, 0x01, 0xF0, 0x00, 0x00, 0x00, 0x14, 0x00, 0x00,
    0x00, 0x7F, 0xFF, 0xFF, 0xFF, 0x1F, 0xFF, 0xFF, 0xFF, 0xC1, 0x55, 0x55, 0x55, 0x50, 0x00, 0x00,
    0x00, 0x00, 0x00, 0x50, 0x00, 0x00, 0x07, 0xFF, 0xD0, 0x00, 0x83, 0xFF, 0xFF, 0xA6, 0xF1, 0xE0,
    0x1F, 0xFF, 0xFC, 0x50, 0x00, 0x2F, 0xF4, 0x00, 0x0B, 0xFD, 0x00, 0x01, 0x0F, 0xFF, 0xF9, 0x02,
    0xC7, 0xE6, 0xBF, 0xFF, 0xF1, 0x80, 0x02, 0xFF, 0xF0, 0x00, 0x00, 0x01, 0x40, 0x00, 0x00, 0x00,
    0x00, 0x01, 0x55, 0x55, 0x55, 0x51, 0xFF, 0xFF, 0xFF, 0xFC, 0x7F, 0xFF, 0xFF, 0xFF, 0x00, 0x00,
    0x00, 0x01, 0x00, 0x00, 0x00, 0x02, 0xE0, 0x00, 0x00, 0x00, 0xF4, 0x00, 0x00, 0x00, 0x7C, 0x00,
    0x0B, 0xFD, 0x3E, 0x01, 0x0F, 0xFF, 0xFF, 0x42, 0xC7, 0xE6, 0xBF, 0xFF, 0xF1, 0x80, 0x03, 0xFF,
    0xF0, 0x00, 0x01, 0xF1, 0x40, 0x00, 0x00, 0xB8, 0x00, 0x01, 0x55, 0x7E, 0x55, 0x51, 0xFF, 0xFF,
    0xFF, 0xFC, 0x7F, 0xFF, 0xFF, 0xFF, 0x00, 0x03, 0xC0, 0x00, 0x00, 0x01, 0xF0, 0x00, 0x00, 0x00,
    0xF4, 0x00, 0x00, 0x00, 0x7C, 0x00, 0x00, 0x00, 0x2E, 0x00, 0x00, 0x00, 0x01, 0x00, 0x00, 0x00,
    0x0B, 0xFD, 0x00, 0x01, 0x0F, 0xFF, 0xF9, 0x02, 0xC7, 0xE6, 0xBF, 0xFF, 0xF1, 0x80, 0x02, 0xFF,
    0xF0, 0x00, 0x00, 0x01, 0x40, 0x00, 0x00, 0x00, 0x00, 0x01, 0x55, 0x55, 0x55, 0x51, 0xFF, 0xFF,
    0xFF, 0xFC, 0x7F, 0xFF, 0xFF, 0xFF, 0x00, 0x00, 0x00, 0x00, 0x00, 0x00, 0x00, 0x00, 0x00, 0x55,
    0x55, 0x55, 0x54, 0x7F, 0xFF, 0xFF, 0xFF, 0x1F, 0xFF, 0xFF, 0xFF, 0xC0, 0x0B, 0xFD, 0x00, 0x01,
    0x0F, 0xFF, 0xF9, 0x02, 0xC7, 0xE6, 0xBF, 0xFF, 0xF1, 0x80, 0x02, 0xFF, 0xF0, 0x00, 0x00, 0x01,
    0x40, 0x00, 0x00, 0x06, 0x00, 0x01, 0x55, 0x57, 0xE5, 0x51, 0xFF, 0xFF, 0xFF, 0xFC, 0x7F, 0xFF,
    0xFF, 0xFF, 0x00, 0x00, 0x7C, 0x00, 0x00, 0x00, 0x3E, 0x00, 0x00, 0x55, 0x6F, 0x55, 0x54, 0x7F,
    0xFF, 0xFF, 0xFF, 0x1F, 0xFF, 0xFF, 0xFF, 0xC0, 0x03, 0xE0, 0x00, 0x00, 0x01, 0xF0, 0x00, 0x00,
    0x00, 0xF8, 0x00, 0x00, 0x00, 0x18, 0x00, 0x00, 0x00, 0x00, 0x00, 0x01, 0x40, 0x00, 0x00, 0x00,
    0xF4, 0x00, 0x00, 0x00, 0x7C, 0x00, 0x2F, 0xF4, 0x3E, 0x04, 0x3F, 0xFF, 0xEF, 0x0B, 0x1F, 0x9A,
    0xFF, 0xFF, 0xC6, 0x00, 0x0B, 0xFF, 0xC0, 0x00, 0x01, 0xF5, 0x00, 0x00, 0x00, 0xB8, 0x00, 0x05,
    0x55, 0x7E, 0x55, 0x47, 0xFF, 0xFF, 0xFF, 0xF1, 0xFF, 0xFF, 0xFF, 0xFC, 0x00, 0x03, 0xC0, 0x00,
    0x00, 0x02, 0xF0, 0x00, 0x01, 0x55, 0xF9, 0x55, 0x51, 0xFF, 0xFF, 0xFF, 0xFC, 0x7F, 0xFF, 0xFF,
    0xFF, 0x00, 0x0F, 0x00, 0x00, 0x00, 0x0B, 0xC0, 0x00, 0x00, 0x03, 0xD0, 0x00, 0x00, 0x00, 0x70,
    0x00, 0x00, 0x00, 0x01, 0x50, 0x00, 0x00, 0x07, 0xFF, 0xE0, 0x00, 0x83, 0xFF, 0xFF, 0xA6, 0xF1,
    0xE0, 0x1F, 0xFF, 0xFC, 0x50, 0x00, 0x2F, 0xF4, 0x00, 0x00, 0x00, 0x00, 0x00, 0x15, 0x00, 0x00,
    0x00, 0x7F, 0xFE, 0x00, 0x08, 0x3F, 0xFF, 0xFA, 0x6F, 0x1E, 0x01, 0xFF, 0xFF, 0xC5, 0x00, 0x02,
    0xFF, 0x40, 0x00, 0x00, 0x00, 0x00, 0x00, 0x00, 0x00, 0xF4, 0x00, 0x00, 0x00, 0x3C, 0x00, 0x00,
    0x00, 0x2E, 0x00, 0x0B, 0xFE, 0x0F, 0x41, 0x0F, 0xFF, 0xFF, 0xC2, 0xC7, 0xE6, 0xBF, 0xFF, 0xF1,
    0x80, 0x03, 0xFF, 0xF0, 0x00, 0x00, 0xF9, 0x40, 0x00, 0x00, 0x7C, 0x00, 0x00, 0x05, 0x3E, 0x00,
    0x00, 0x7F, 0xFF, 0x00, 0x08, 0x3F, 0xFF, 0xF9, 0x6F, 0x1E, 0x07, 0xFF, 0xFF, 0xC5, 0x03, 0xE2,
    0xFF, 0x40, 0x00, 0xF0, 0x00, 0x00, 0x00, 0xB8, 0x00, 0x00, 0x00, 0x3D, 0x00, 0x00, 0x00, 0x01,
    0x00, 0x00, 0x00, 0x0B, 0xFD, 0x00, 0x01, 0x0F, 0xFF, 0xF9, 0x02, 0xC7, 0xE6, 0xBF, 0xFF, 0xF1,
    0x80, 0x02, 0xFF, 0xF0, 0x00, 0x00, 0x01, 0x40, 0x00, 0x14, 0x00, 0x00, 0x02, 0xFF, 0xF9, 0x00,
    0x71, 0xFF, 0xFF, 0xFF, 0xFC, 0x74, 0x06, 0xFF, 0xFE, 0x00, 0x00, 0x00, 0x50, 0x00, 0x00, 0x00,
    0x00, 0x00, 0x55, 0x55, 0x55, 0x54, 0x7F, 0xFF, 0xFF, 0xFF, 0x1F, 0xFF, 0xFF, 0xFF, 0xC0, 0x0B,
    0xFD, 0x00, 0x01, 0x0F, 0xFF, 0xF9, 0x02, 0xC7, 0xE6, 0xFF, 0xFF, 0xF1, 0x80, 0x02, 0xFF, 0xF0,
    0x00, 0x00, 0x01, 0x40, 0x00, 0x14, 0x00, 0x00, 0x01, 0xFF, 0xF4, 0x00, 0x20, 0xFF, 0xFF, 0xE9,
    0xBC, 0x78, 0x07, 0xFF, 0xFF, 0x14, 0x00, 0x0B, 0xFD, 0x00, 0x05, 0x00, 0x00, 0x00, 0x7F, 0xFD,
    0x00, 0x08, 0x3F, 0xFF, 0xFA, 0x6F, 0x1E, 0x01, 0xFF, 0xFF, 0xC5, 0x00, 0x02, 0xFF, 0x40, 0x50,
    0x00, 0x2F, 0xF4, 0x1E, 0x01, 0xFF, 0xFF, 0xC3, 0xFF, 0xFF, 0x96, 0xF0, 0x7F, 0xFD, 0x00, 0x08,
    0x00, 0x50, 0x00, 0x00, 0x00, 0x00, 0x00, 0x00, 0x01, 0x55, 0x55, 0x55, 0x51, 0xFF, 0xFF, 0xFF,
    0xFC, 0x7F, 0xFF, 0xFF, 0xFF, 0x00, 0x00, 0x00, 0x00, 0x00, 0x00, 0x00, 0x00, 0x00, 0x55, 0x55,
    0x55, 0x54, 0x7F, 0xFF, 0xFF, 0xFF, 0x1F, 0xFF, 0xFF, 0xFF, 0xC0, 0x14, 0x00, 0x00, 0x08, 0x0F,
    0xE4, 0x00, 0x6F, 0xC2, 0xFF, 0xFF, 0xFF, 0xD0, 0x07, 0xFF, 0xFE, 0x40, 0x00, 0x01, 0x50, 0x00,
    0x00, 0x00, 0x00, 0x00, 0x00, 0x00, 0x15, 0x00, 0x00, 0x07, 0xFF, 0xFE, 0x40, 0x2F, 0xFF, 0xFF,
    0xFD, 0x0F, 0xE4, 0x00, 0x6F, 0xC1, 0x40, 0x00, 0x00, 0x80, 0x00, 0x00, 0x40, 0x00, 0x00, 0x07,
    0xFF, 0x40, 0x00, 0x07, 0xFF, 0xF4, 0x00, 0x03, 0xF0, 0x7F, 0x00, 0x00, 0xF4, 0x07, 0xC0, 0x05,
    0xBC, 0x01, 0xF5, 0x47, 0xFF, 0x00, 0x7F, 0xF1, 0xFF, 0xC0, 0x1F, 0xFC, 0x00, 0x00, 0x00, 0x00,
    0x00, 0x00, 0x00, 0x00, 0x00, 0x00, 0x00, 0x00, 0x00, 0x00, 0x00, 0x00, 0x00, 0x7F, 0xF0, 0x07,
    0xFF, 0x1F, 0xFC, 0x01, 0xFF, 0xC1, 0x6F, 0x00, 0x7D, 0x50, 0x03, 0xD0, 0x2F, 0x00, 0x00, 0xFE,
    0x6F, 0xC0, 0x00, 0x1F, 0xFF, 0xC0, 0x00, 0x00, 0xBF, 0x80, 0x00, 0x00, 0x01, 0x50, 0x00, 0x00,
    0x0B, 0xFF, 0x80, 0x00, 0x0B, 0xFF, 0xF8, 0x00, 0x03, 0xF0, 0x7F, 0x00, 0x00, 0xF4, 0x07, 0xC0,
    0x1F, 0xFC, 0x01, 0xFF, 0xC7, 0xFF, 0x00, 0x7F, 0xF0, 0x55, 0x40, 0x05, 0x54, 0x00, 0x00, 0x00,
    0x00, 0x00, 0x00, 0x00, 0x00, 0x00, 0x00, 0x00, 0x00, 0x00, 0x55, 0x55, 0x55, 0x54, 0x7F, 0xFF,
    0xFF, 0xFF, 0x1F, 0xFF, 0xFF, 0xFF, 0xC0, 0x00, 0x02, 0xE0, 0x00, 0x00, 0x01, 0xFD, 0x00, 0x00,
    0x00, 0x7F, 0x40, 0x00, 0x00, 0x0B, 0x80, 0x00, 0x00, 0x00, 0x00, 0x00, 0x00, 0x00, 0x00, 0x00,
    0x07, 0xFF, 0xFF, 0xFF, 0xF1, 0xFF, 0xFF, 0xFF, 0xFC, 0x15, 0x55, 0x55, 0x55, 0x00, 0x00, 0x00,
    0x00, 0x00, 0x00, 0x00, 0x00, 0x00, 0x00, 0x00, 0x00, 0x00, 0x15, 0x55, 0x55, 0x55, 0x1F, 0xFF,
    0xFF, 0xFF, 0xC7, 0xFF, 0xFF, 0xFF, 0xF0, 0x00, 0x02, 0xE0, 0x00, 0x00, 0x01, 0xFD, 0x00, 0x00,
    0x00, 0x7F, 0x40, 0x00, 0x00, 0x0B, 0x80, 0x00, 0x00, 0x00, 0x00, 0x00, 0x00, 0x00, 0x00, 0x00,
    0x01, 0x55, 0x55, 0x55, 0x51, 0xFF, 0xFF, 0xFF, 0xFC, 0x7F, 0xFF, 0xFF, 0xFF, 0x00, 0x00, 0x00,
    0x00, 0x00, 0x00, 0x00, 0x00, 0x00, 0x00, 0x00, 0x00, 0x00, 0x00, 0x00, 0x00, 0x00, 0x1F, 0xFF,
    0xFF, 0xFF, 0xC7, 0xFF, 0xFF, 0xFF, 0xF0, 0x55, 0x55, 0x55, 0x54, 0x00, 0x00, 0x00, 0x00, 0x00,
    0x00, 0x00, 0x00, 0x00, 0x00, 0x2E, 0x00, 0x00, 0x00, 0x1F, 0xD0, 0x00, 0x00, 0x07, 0xF4, 0x00,
    0x00, 0x00, 0xB8, 0x00, 0x00, 0x2E, 0x00, 0x00, 0x00, 0x0F, 0xE0, 0x00, 0x00, 0x03, 0xF8, 0x00,
    0x00, 0x00, 0xBC, 0x00, 0x00, 0x00, 0x00, 0x00, 0x00, 0x00, 0x00, 0x00, 0x00, 0x00, 0x01, 0x55,
    0x55, 0x55, 0x51, 0xFF, 0xFF, 0xFF, 0xFC, 0x7F, 0xFF, 0xFF, 0xFF, 0x00, 0x00, 0x00, 0x00, 0x00,
    0x00, 0x00, 0x00, 0x00, 0x00, 0x00, 0x00, 0x00, 0x00, 0x00, 0x00, 0x00, 0x1F, 0xFF, 0xFF, 0xFF,
    0xC7, 0xFF, 0xFF, 0xFF, 0xF0, 0x55, 0x55, 0x55, 0x54, 0x00, 0x00, 0x00, 0x00, 0x00, 0x00, 0x00,
    0x00, 0x00, 0x00, 0x00, 0x03, 0xD0, 0x00, 0x00, 0x02, 0xFC, 0x00, 0x00, 0x00, 0xBF, 0x00, 0x00,
    0x00, 0x0F, 0x40, 0x00, 0x00, 0x00, 0x3D, 0x00, 0x00, 0x00, 0x2F, 0xC0, 0x00, 0x00, 0x0B, 0xF0,
    0x00, 0x00, 0x00, 0xF4, 0x00, 0x00, 0x00, 0x00, 0x00, 0x00, 0x00, 0x00, 0x01, 0x55, 0x55, 0x55,
    0x51, 0xFF, 0xFF, 0xFF, 0xFC, 0x7F, 0xFF, 0xFF, 0xFF, 0x00, 0x00, 0x00, 0x00, 0x00, 0x00, 0x00,
    0x00, 0x00, 0x00, 0x00, 0x00, 0x00, 0x00, 0x00, 0x00, 0x00, 0x1F, 0xFF, 0xFF, 0xFF, 0xC7, 0xFF,
    0xFF, 0xFF, 0xF0, 0x55, 0x55, 0x55, 0x54, 0x00, 0x00, 0x00, 0x00, 0x00, 0x00, 0x00, 0x00, 0x02,
    0xE0, 0x00, 0x00, 0x00, 0xFE, 0x00, 0x00, 0x00, 0x3F, 0x80, 0x00, 0x00, 0x0B, 0xC0, 0x00, 0x00,
    0x00, 0x2E, 0x00, 0x00, 0x00, 0x00, 0x3F, 0x8B, 0xFF, 0xFF, 0xFF, 0x3F, 0x8B, 0xFF, 0xFF, 0xFF,
    0x2F, 0x01, 0x55, 0x55, 0x55, 0x00, 0x00, 0x00, 0x00, 0x00, 0x00, 0x00, 0x00, 0x00, 0x00, 0x00,
    0x00, 0x00, 0x00, 0x00, 0x2E, 0x00, 0x00, 0x00, 0x00, 0x3F, 0x8B, 0xFF, 0xFF, 0xFF, 0x3F, 0x8B,
    0xFF, 0xFF, 0xFF, 0x2F, 0x01, 0x55, 0x55, 0x55, 0x00, 0x00, 0x00, 0x00, 0x7C, 0x7F, 0xFF, 0xFF,
    0xF0, 0xFF, 0x7F, 0xFF, 0xFF, 0xF0, 0xFF, 0x15, 0x55, 0x55, 0x50, 0x7D, 0x00, 0x00, 0x00, 0x00,
    0x00, 0x00, 0x00, 0x00, 0x00, 0x00, 0x00, 0x00, 0x00, 0x00, 0x00, 0x00, 0x00, 0x00, 0x00, 0x7C,
    0x7F, 0xFF, 0xFF, 0xF0, 0xFF, 0x7F, 0xFF, 0xFF, 0xF0, 0xFF, 0x15, 0x55, 0x55, 0x50, 0x7D, 0x7F,
    0xFF, 0xFF, 0xFF, 0x1F, 0xFF, 0xFF, 0xFF, 0xC1, 0x57, 0xE6, 0xF5, 0x50, 0x02, 0xE0, 0x3C, 0x00,
    0x00, 0xB4, 0x0B, 0x40, 0x00, 0x2E, 0x03, 0xC0, 0x01, 0x57, 0xE6, 0xF5, 0x51, 0xFF, 0xFF, 0xFF,
    0xFC, 0x7F, 0xFF, 0xFF, 0xFF, 0x00, 0x00, 0x06, 0xE4, 0x00, 0x00, 0x0B, 0xFF, 0x40, 0x00, 0x03,
    0xD1, 0xF0, 0x00, 0x01, 0xD0, 0x1D, 0x00, 0x00, 0xB4, 0x07, 0x40, 0x00, 0x1F, 0x03, 0xC0, 0x00,
    0x02, 0xFF, 0xE0, 0x00, 0x00, 0x1F, 0xD0, 0x00, 0x00, 0x00, 0x00, 0x00, 0x00, 0x00, 0x00, 0x00,
    0x07, 0xFF, 0xFF, 0xFF, 0xF1, 0xFF, 0xFF, 0xFF, 0xFC, 0x15, 0x55, 0x55, 0x55, 0x00, 0x00, 0x00,
    0x00, 0x00, 0x00, 0x00, 0x00, 0x00, 0x00, 0x00, 0x00, 0x00, 0x15, 0x55, 0x55, 0x55, 0x1F, 0xFF,
    0xFF, 0xFF, 0xC7, 0xFF, 0xFF, 0xFF, 0xF0, 0x00, 0x6F, 0xFE, 0x40, 0x01, 0xFF, 0xFF, 0xFD, 0x03,
    0xFE, 0x95, 0xBF, 0xE0, 0xB8, 0x00, 0x00, 0xB4, 0x00, 0x00, 0x00, 0x00, 0x00, 0x00, 0x00, 0x00,
    0x00, 0x00, 0x00, 0x00, 0x01, 0xFF, 0xFF, 0xFF, 0xFC, 0x7F, 0xFF, 0xFF, 0xFF, 0x05, 0x55, 0x55,
    0x55, 0x40, 0x00, 0x00, 0x00, 0x00, 0x00, 0x00, 0x00, 0x00, 0x00, 0x00, 0x00, 0x00, 0x05, 0x55,
    0x55, 0x55, 0x47, 0xFF, 0xFF, 0xFF, 0xF1, 0xFF, 0xFF, 0xFF, 0xFC, 0x00, 0x03, 0xF0, 0x00, 0x00,
    0x02, 0xFD, 0x00, 0x00, 0x00, 0xFF, 0xC0, 0x00, 0x00, 0xBC, 0xF8, 0x00, 0x00, 0x3D, 0x1F, 0x00,
    0x00, 0x2F, 0x03, 0xE0, 0x00, 0x0F, 0x40, 0x7C, 0x00, 0x0F, 0xC0, 0x0F, 0x80, 0x07, 0xD0, 0x01,
    0xF0, 0x00, 0x00, 0x00, 0x00, 0x00, 0x00, 0x00, 0x00, 0x01, 0xFF, 0xFF, 0xFF, 0xFC, 0x7F, 0xFF,
    0xFF, 0xFF, 0x05, 0x55, 0x55, 0x55, 0x40, 0x00, 0x00, 0x00, 0x00, 0x00, 0x00, 0x00, 0x00, 0x00,
    0x00, 0x00, 0x00, 0x05, 0x55, 0x55, 0x55, 0x47, 0xFF, 0xFF, 0xFF, 0xF1, 0xFF, 0xFF, 0xFF, 0xFC,
    0x07, 0xD0, 0x01, 0xF0, 0x00, 0xFC, 0x00, 0xF8, 0x00, 0x0F, 0x40, 0x7C, 0x00, 0x02, 0xF0, 0x3E,
    0x00, 0x00, 0x3D, 0x1F, 0x00, 0x00, 0x0B, 0xCF, 0x80, 0x00, 0x00, 0xFB, 0xC0, 0x00, 0x00, 0x2F,
    0xD0, 0x00, 0x00, 0x03, 0xF0, 0x00, 0x00, 0x00, 0x00, 0x00, 0x00, 0x00, 0x00, 0x00, 0x01, 0xFF,
    0xFF, 0xFF, 0xFC, 0x7F, 0xFF, 0xFF, 0xFF, 0x05, 0x55, 0x55, 0x55, 0x40, 0x00, 0x00, 0x00, 0x00,
    0x00, 0x00, 0x00, 0x00, 0x00, 0x00, 0x00, 0x00, 0x05, 0x55, 0x55, 0x55, 0x47, 0xFF, 0xFF, 0xFF,
    0xF1, 0xFF, 0xFF, 0xFF, 0xFC, 0x00, 0x00, 0x00, 0x00, 0x00, 0x00, 0x20, 0x00, 0x00, 0x00, 0x0C,
    0x00, 0x00, 0x00, 0x0B, 0x40, 0x00, 0x00, 0x03, 0xE0, 0x00, 0x00, 0xFF, 0xFF, 0xFC, 0x00, 0x0B,
    0xFF, 0xF4, 0x00, 0x00, 0x7F, 0xF0, 0x00, 0x00, 0x0F, 0xFC, 0x00, 0x00, 0x07, 0xEF, 0x40, 0x00,
    0x03, 0xC0, 0xE0, 0x00, 0x00, 0x80, 0x08, 0x00, 0x00, 0x00, 0x00, 0x00, 0x00, 0x00, 0x00, 0x00,
    0x07, 0xFF, 0xFF, 0xFF, 0xF1, 0xFF, 0xFF, 0xFF, 0xFC, 0x15, 0x55, 0x55, 0x55, 0x00, 0x00, 0x00,
    0x00, 0x00, 0x00, 0x00, 0x00, 0x00, 0x00, 0x00, 0x00, 0x00, 0x15, 0x55, 0x55, 0x55, 0x1F, 0xFF,
    0xFF, 0xFF, 0xC7, 0xFF, 0xFF, 0xFF, 0xF0, 0x00, 0x00, 0x40, 0x00, 0x00, 0x00, 0x74, 0x00, 0x00,
    0x00, 0x3F, 0x00, 0x00, 0x00, 0x1F, 0xD0, 0x00, 0x00, 0x0F, 0x7C, 0x00, 0x00, 0x07, 0x8B, 0x40,
    0x00, 0x03, 0xC0, 0xF0, 0x00, 0x01, 0xE0, 0x2D, 0x00, 0x00, 0xF0, 0x07, 0xC0, 0x00, 0xBF, 0xFF,
    0xF4, 0x00, 0x2F, 0xFF, 0xFD, 0x00, 0x00, 0x00, 0x00, 0x00, 0x00, 0x00, 0x00, 0x00, 0x1F, 0xFF,
    0xFF, 0xFF, 0xC7, 0xFF, 0xFF, 0xFF, 0xF0, 0x55, 0x55, 0x55, 0x54, 0x00, 0x00, 0x00, 0x00, 0x00,
    0x00, 0x00, 0x00, 0x00, 0x00, 0x00, 0x00, 0x00, 0x55, 0x55, 0x55, 0x54, 0x7F, 0xFF, 0xFF, 0xFF,
    0x1F, 0xFF, 0xFF, 0xFF, 0xC0, 0x00, 0x00, 0x00, 0x00, 0x00, 0x04, 0x00, 0x07, 0xC0, 0x07, 0x00,
    0x03, 0x90, 0x01, 0xC0, 0x00, 0xD0, 0x1F, 0xF0, 0xF8, 0xFE, 0x0E, 0x3C, 0xE7, 0x5D, 0x03, 0x0B,
    0x7F, 0xE3, 0x41, 0xC2, 0xDD, 0x00, 0xD0, 0x34, 0xF3, 0x81, 0x34, 0x07, 0xFC, 0x7F, 0x4D, 0x00,
    0x00, 0x00, 0x00, 0x00, 0x00, 0x00, 0x00, 0x00, 0x7F, 0xFF, 0xFF, 0xFF, 0x1F, 0xFF, 0xFF, 0xFF,
    0xC1, 0x55, 0x55, 0x55, 0x50, 0x00, 0x00, 0x00, 0x00, 0x00, 0x00, 0x00, 0x00, 0x00, 0x00, 0x00,
    0x00, 0x01, 0x55, 0x55, 0x55, 0x51, 0xFF, 0xFF, 0xFF, 0xFC, 0x7F, 0xFF, 0xFF, 0xFF, 0x00, 0x00,
    0x00, 0x00, 0x00, 0x00, 0x2B, 0xEB, 0xC0, 0x00, 0x0B, 0x6E, 0x74, 0x00, 0x02, 0xC7, 0x0E, 0x00,
    0x00, 0xA1, 0xC3, 0x80, 0x00, 0x28, 0x70, 0xE0, 0x00, 0x0A, 0x0C, 0x38, 0x00, 0x00, 0x00, 0x00,
    0x00, 0x00, 0x00, 0x00, 0x00, 0x1F, 0xFF, 0xFF, 0xFF, 0xC7, 0xFF, 0xFF, 0xFF, 0xF0, 0x55, 0x55,
    0x55, 0x54, 0x00, 0x00, 0x00, 0x00, 0x00, 0x00, 0x00, 0x00, 0x00, 0x00, 0x00, 0x00, 0x00, 0x55,
    0x55, 0x55, 0x54, 0x7F, 0xFF, 0xFF, 0xFF, 0x1F, 0xFF, 0xFF, 0xFF, 0xC0, 0x00, 0x00, 0x00, 0x00,
    0x00, 0x01, 0xFC, 0x00, 0x00, 0x00, 0xE7, 0xC0, 0x00, 0x00, 0x10, 0xF0, 0x00, 0x00, 0x00, 0xB4,
    0x00, 0x00, 0x00, 0x38, 0x00, 0x00, 0x00, 0x1C, 0x00, 0x00, 0x00, 0x01, 0x00, 0x00, 0x00, 0x01,
    0xC0, 0x00, 0x00, 0x00, 0x10, 0x00, 0x00, 0x00, 0x00, 0x00, 0x01, 0xFF, 0xFF, 0xFF, 0xFC, 0x7F,
    0xFF, 0xFF, 0xFF, 0x05, 0x55, 0x55, 0x55, 0x40, 0x00, 0x00, 0x00, 0x00, 0x00, 0x00, 0x00, 0x00,
    0x00, 0x00, 0x00, 0x00, 0x05, 0x55, 0x55, 0x55, 0x47, 0xFF, 0xFF, 0xFF, 0xF1, 0xFF, 0xFF, 0xFF,
    0xFC, 0x00, 0x00, 0x00, 0x00, 0x00, 0x00, 0x02, 0xE0, 0x00, 0x00, 0x00, 0xF4, 0x00, 0x00, 0x00,
    0x7C, 0x00, 0x00, 0x00, 0x3E, 0x00, 0x1F, 0xFF, 0xFF, 0xFF, 0xC7, 0xFF, 0xFF, 0xFF, 0xF0, 0x55,
    0x57, 0xE5, 0x54, 0x00, 0x01, 0xF0, 0x00, 0x00, 0x00, 0xB8, 0x00, 0x00, 0x00, 0x3C, 0x00, 0x00,
    0x55, 0x6F, 0x55, 0x54, 0x7F, 0xFF, 0xFF, 0xFF, 0x1F, 0xFF, 0xFF, 0xFF, 0xC0, 0x02, 0xE0, 0x00,
    0x00, 0x00, 0xF4, 0x00, 0x00, 0x00, 0x7C, 0x00, 0x00, 0x00, 0x2D, 0x00, 0x00, 0x00, 0x00, 0x00,
    0x00, 0x00, 0x7F, 0xFF, 0xFF, 0xFF, 0x1F, 0xFF, 0xFF, 0xFF, 0xC1, 0x55, 0x55, 0x55, 0x50, 0x00,
    0x00, 0x00, 0x00, 0x00, 0x00, 0x00, 0x00, 0x00, 0x00, 0x00, 0x00, 0x07, 0xFF, 0xFF, 0xFF, 0xF1,
    0xFF, 0xFF, 0xFF, 0xFC, 0x15, 0x55, 0x55, 0x55, 0x00, 0x00, 0x00, 0x00, 0x00, 0x00, 0x00, 0x00,
    0x00, 0x55, 0x55, 0x55, 0x54, 0x7F, 0xFF, 0xFF, 0xFF, 0x1F, 0xFF, 0xFF, 0xFF, 0xC0, 0x00, 0x00,
    0x00, 0x00, 0x00, 0x00, 0x00, 0xF0, 0x00, 0x00, 0x00, 0x7C, 0x00, 0x00, 0x00, 0x3D, 0x00, 0x7F,
    0xFF, 0xFF, 0xFF, 0x1F, 0xFF, 0xFF, 0xFF, 0xC1, 0x55, 0x57, 0xE5, 0x50, 0x00, 0x01, 0xF0, 0x00,
    0x00, 0x00, 0xB8, 0x00, 0x00, 0x00, 0x3C, 0x00, 0x07, 0xFF, 0xFF, 0xFF, 0xF1, 0xFF, 0xFF, 0xFF,
    0xFC, 0x15, 0x5B, 0xD5, 0x55, 0x00, 0x02, 0xE0, 0x00, 0x00, 0x00, 0xF4, 0x00, 0x00, 0x55, 0xBD,
    0x55, 0x54, 0x7F, 0xFF, 0xFF, 0xFF, 0x1F, 0xFF, 0xFF, 0xFF, 0xC0, 0x0B, 0x80, 0x00, 0x00, 0x03,
    0xD0, 0x00, 0x00, 0x00, 0xF0, 0x00, 0x00, 0x00, 0x00, 0x00, 0x00, 0x00, 0x15, 0x55, 0x55, 0x55,
    0x1F, 0xFF, 0xFF, 0xFF, 0xC7, 0xFF, 0xFF, 0xFF, 0xF0, 0x00, 0x00, 0x00, 0x00, 0x00, 0x00, 0x00,
    0x00, 0x00, 0x00, 0x00, 0x00, 0x07, 0xFF, 0xFF, 0xFF, 0xF1, 0xFF, 0xFF, 0xFF, 0xFC, 0x15, 0x55,
    0x55, 0x55, 0x00, 0x00, 0x00, 0x00, 0x00, 0x00, 0x00, 0x00, 0x00, 0x00, 0x00, 0x00, 0x00, 0x7F,
    0xFF, 0xFF, 0xFF, 0x1F, 0xFF, 0xFF, 0xFF, 0xC1, 0x55, 0x55, 0x55, 0x50, 0x00, 0x00, 0x00, 0x00,
    0x00, 0x00, 0x00, 0x00, 0x05, 0x55, 0x55, 0x55, 0x47, 0xFF, 0xFF, 0xFF, 0xF1, 0xFF, 0xFF, 0xFF,
    0xFC, 0x00, 0x00, 0x00, 0x01, 0x00, 0x00, 0x00, 0x07, 0xC0, 0x00, 0x00, 0x1F, 0xF0, 0x00, 0x00,
    0x7F, 0xF4, 0x00, 0x01, 0xFF, 0x80, 0x00, 0x07, 0xFE, 0x00, 0x00, 0x1F, 0xF8, 0x00, 0x00, 0x7F,
    0xE0, 0x00, 0x00, 0x7F, 0x40, 0x00, 0x00, 0x1F, 0xF4, 0x00, 0x00, 0x00, 0xBF, 0xE0, 0x00, 0x00,
    0x01, 0xFF, 0xD0, 0x00, 0x00, 0x07, 0xFF, 0x80, 0x00, 0x00, 0x0B, 0xFE, 0x40, 0x00, 0x00, 0x2F,
    0xF0, 0x00, 0x00, 0x00, 0x7C, 0x00, 0x00, 0x00, 0x01, 0x05, 0x55, 0x55, 0x55, 0x47, 0xFF, 0xFF,
    0xFF, 0xF1, 0xFF, 0xFF, 0xFF, 0xFC, 0x00, 0x00, 0x00, 0x00, 0x1E, 0x00, 0x00, 0x00, 0x07, 0xF8,
    0x00, 0x00, 0x00, 0x7F, 0xE0, 0x00, 0x00, 0x01, 0xFF, 0x80, 0x00, 0x00, 0x02, 0xFE, 0x00, 0x00,
    0x00, 0x0B, 0xF8, 0x00, 0x00, 0x00, 0x2F, 0xE0, 0x00, 0x00, 0x00, 0xBF, 0x00, 0x00, 0x00, 0x7F,
    0xC0, 0x00, 0x02, 0xFF, 0x80, 0x00, 0x1F, 0xFD, 0x00, 0x00, 0xBF, 0xE4, 0x00, 0x06, 0xFF, 0x80,
    0x00, 0x07, 0xFD, 0x00, 0x00, 0x01, 0xF4, 0x00, 0x00, 0x00, 0x10, 0x00, 0x00, 0x00, 0x05, 0x55,
    0x55, 0x55, 0x47, 0xFF, 0xFF, 0xFF, 0xF1, 0xFF, 0xFF, 0xFF, 0xFC, 0x00, 0x00, 0x00, 0x00, 0x00,
    0x00, 0x00, 0x02, 0xC0, 0x00, 0x00, 0x1F, 0xF0, 0x00, 0x01, 0xFF, 0xF4, 0x00, 0x1B, 0xFF, 0x40,
    0x00, 0xBF, 0xF4, 0x00, 0x03, 0xFF, 0x40, 0x00, 0x01, 0xFF, 0x40, 0x00, 0x00, 0x1B, 0xFE, 0x40,
    0x00, 0x00, 0x1F, 0xFE, 0x40, 0x00, 0x00, 0x2F, 0xFE, 0x40, 0x00, 0x00, 0x6F, 0xFC, 0x00, 0x00,
    0x00, 0x6F, 0x00, 0x00, 0x00, 0x00, 0x41, 0x55, 0x55, 0x55, 0x51, 0xFF, 0xFF, 0xFF, 0xFC, 0x7F,
    0xFF, 0xFF, 0xFF, 0x00, 0x00, 0x00, 0x00, 0x00, 0x00, 0x00, 0x00, 0x00, 0x55, 0x55, 0x55, 0x54,
    0x7F, 0xFF, 0xFF, 0xFF, 0x1F, 0xFF, 0xFF, 0xFF, 0xC0, 0x00, 0x00, 0x00, 0x00, 0x1E, 0x00, 0x00,
    0x00, 0x07, 0xFD, 0x00, 0x00, 0x00, 0x7F, 0xF9, 0x00, 0x00, 0x00, 0xBF, 0xF9, 0x00, 0x00, 0x00,
    0xBF, 0xF8, 0x00, 0x00, 0x00, 0xBF, 0xF0, 0x00, 0x00, 0x07, 0xFC, 0x00, 0x00, 0x6F, 0xF9, 0x00,
    0x06, 0xFF, 0xD0, 0x00, 0x6F, 0xFD, 0x00, 0x01, 0xFF, 0xE0, 0x00, 0x00, 0x7E, 0x40, 0x00, 0x00,
    0x04, 0x00, 0x00, 0x00, 0x01, 0x55, 0x55, 0x55, 0x51, 0xFF, 0xFF, 0xFF, 0xFC, 0x7F, 0xFF, 0xFF,
    0xFF, 0x00, 0x00, 0x00, 0x00, 0x00, 0x00, 0x00, 0x00, 0x00, 0x55, 0x55, 0x55, 0x54, 0x7F, 0xFF,
    0xFF, 0xFF, 0x1F, 0xFF, 0xFF, 0xFF, 0xC0, 0x00, 0x00, 0x00, 0x00, 0x00, 0x00, 0x00, 0x02, 0xC0,
    0x00, 0x00, 0x1F, 0xF0, 0x00, 0x01, 0xFF, 0xF4, 0x00, 0x1B, 0xFF, 0x40, 0x00, 0xBF, 0xF4, 0x00,
    0x03, 0xFF, 0x40, 0x00, 0x01, 0xFF, 0x40, 0x00, 0x00, 0x1B, 0xFE, 0x40, 0x00, 0x00, 0x1F, 0xFE,
    0x40, 0x00, 0x00, 0x2F, 0xFE, 0x40, 0x00, 0x00, 0x6F, 0xFC, 0x00, 0x00, 0x00, 0x6F, 0x00, 0x00,
    0x0B, 0x40, 0x41, 0x55, 0x57, 0xE5, 0x51, 0xFF, 0xFF, 0xFF, 0xFC, 0x7F, 0xFF, 0xFF, 0xFF, 0x00,
    0x00, 0x7C, 0x00, 0x00, 0x00, 0x3D, 0x00, 0x00, 0x55, 0x6F, 0x55, 0x54, 0x7F, 0xFF, 0xFF, 0xFF,
    0x1F, 0xFF, 0xFF, 0xFF, 0xC0, 0x03, 0xD0, 0x00, 0x00, 0x01, 0xF0, 0x00, 0x00, 0x00, 0x78, 0x00,
    0x00, 0x00, 0x00, 0x00, 0x00, 0x00, 0x00, 0x00, 0x00, 0x00, 0x1E, 0x00, 0x00, 0x00, 0x07, 0xFD,
    0x00, 0x00, 0x00, 0x7F, 0xF9, 0x00, 0x00, 0x00, 0xBF, 0xF9, 0x00, 0x00, 0x00, 0xBF, 0xF8, 0x00,
    0x00, 0x00, 0xBF, 0xF0, 0x00, 0x00, 0x07, 0xFC, 0x00, 0x00, 0x6F, 0xF9, 0x00, 0x06, 0xFF, 0xD0,
    0x00, 0x6F, 0xFD, 0x00, 0x01, 0xFF, 0xE0, 0x00, 0x00, 0x7E, 0x40, 0x00, 0x00, 0x04, 0x00, 0x0B,
    0x40, 0x01, 0x55, 0x57, 0xE5, 0x51, 0xFF, 0xFF, 0xFF, 0xFC, 0x7F, 0xFF, 0xFF, 0xFF, 0x00, 0x00,
    0x7C, 0x00, 0x00, 0x00, 0x3D, 0x00, 0x00, 0x55, 0x6F, 0x55, 0x54, 0x7F, 0xFF, 0xFF, 0xFF, 0x1F,
    0xFF, 0xFF, 0xFF, 0xC0, 0x03, 0xD0, 0x00, 0x00, 0x01, 0xF0, 0x00, 0x00, 0x00, 0x74, 0x00, 0x00,
    0x00, 0x00, 0x00, 0x00, 0x00, 0x00, 0x00, 0x00, 0x04, 0x00, 0x00, 0x00, 0x00, 0x00, 0x07, 0xC0,
    0x00, 0x2D, 0x00, 0x00, 0x07, 0xFC, 0x00, 0x1F, 0xD0, 0x00, 0x03, 0xFF, 0x40, 0x1F, 0xF8, 0x00,
    0x02, 0xFF, 0x40, 0x1F, 0xF8, 0x00, 0x02, 0xFF, 0x40, 0x1F, 0xF8, 0x00, 0x02, 0xFF, 0x40, 0x1F,
    0xF8, 0x00, 0x02, 0xFF, 0x40, 0x1F, 0xF8, 0x00, 0x00, 0xFF, 0x40, 0x07, 0xF8, 0x00, 0x00, 0x0F,
    0xF8, 0x00, 0x7F, 0xD0, 0x00, 0x00, 0x2F, 0xF8, 0x00, 0xBF, 0xD0, 0x00, 0x00, 0x2F, 0xF4, 0x00,
    0xFF, 0xD0, 0x00, 0x00, 0x2F, 0xF4, 0x01, 0xFF, 0xC0, 0x00, 0x00, 0x2F, 0xF4, 0x01, 0xFF, 0x80,
    0x00, 0x00, 0x2F, 0xF4, 0x01, 0xFF, 0x80, 0x00, 0x00, 0x2F, 0xC0, 0x01, 0xFD, 0x00, 0x00, 0x00,
    0x2C, 0x00, 0x01, 0xD0, 0x00, 0x00, 0x00, 0x00, 0x00, 0x00, 0x40, 0x00, 0x00, 0x00, 0x00, 0x00,
    0x0F, 0x00, 0x00, 0x78, 0x00, 0x00, 0x00, 0xFE, 0x00, 0x07, 0xF8, 0x00, 0x00, 0x07, 0xFE, 0x00,
    0x2F, 0xF4, 0x00, 0x00, 0x07, 0xFE, 0x00, 0x2F, 0xF4, 0x00, 0x00, 0x07, 0xFE, 0x00, 0x2F, 0xF4,
    0x00, 0x00, 0x07, 0xFE, 0x00, 0x2F, 0xF4, 0x00, 0x00, 0x07, 0xFE, 0x00, 0x2F, 0xF4, 0x00, 0x00,
    0x07, 0xFC, 0x00, 0x2F, 0xD0, 0x00, 0x00, 0xBF, 0xC0, 0x07, 0xFD, 0x00, 0x00, 0xBF, 0xD0, 0x07,
    0xFF, 0x00, 0x00, 0xBF, 0xD0, 0x03, 0xFF, 0x40, 0x00, 0xBF, 0xE0, 0x02, 0xFF, 0x40, 0x00, 0x7F,
    0xE0, 0x02, 0xFF, 0x40, 0x00, 0x7F, 0xE0, 0x02, 0xFF, 0x40, 0x00, 0x0F, 0xE0, 0x00, 0x7F, 0x40,
    0x00, 0x00, 0xE0, 0x00, 0x07, 0x40, 0x00, 0x00, 0x00, 0x00, 0x00, 0x00, 0x00, 0x00, 0x00, 0x3E,
    0x1F, 0x43, 0xEF, 0x40, 0x7F, 0x80, 0x0B, 0xC0, 0x03, 0xF8, 0x02, 0xFF, 0x00, 0xF7, 0xE0, 0x7C,
    0x7C, 0x3E, 0x0F, 0x0F, 0x43, 0xD3, 0xC0, 0xB8, 0xF0, 0x2E, 0x7C, 0x07, 0xDF, 0x01, 0xE3, 0xC0,
    0xB8, 0xF0, 0x2E, 0x3D, 0x0F, 0x4B, 0x83, 0xC1, 0xF2, 0xE0, 0x3D, 0xF4, 0x07, 0xFC, 0x00, 0xFD,
    0x00, 0x3F, 0x40, 0x3F, 0xF4, 0x2F, 0x1F, 0x40, 0x00, 0x00, 0x01, 0x40, 0x00, 0x00, 0x00, 0xF4,
    0x00, 0x00, 0x00, 0x7C, 0x00, 0x00, 0x00, 0x3E, 0x00, 0x1D, 0x00, 0x1F, 0x1D, 0x0F, 0xF9, 0x5F,
    0xFF, 0xC1, 0xFF, 0xFF, 0xFF, 0x80, 0x02, 0xBF, 0xFE, 0x00, 0x00, 0x00, 0xF4, 0x00, 0x00, 0x00,
    0xBC, 0x00, 0x00, 0x00, 0x7E, 0x00, 0x00, 0x0B, 0xFF, 0xFF, 0x40, 0x2F, 0xFF, 0xFF, 0xFE, 0x0F,
    0xEB, 0xC0, 0x6F, 0xC1, 0x43, 0xE0, 0x00, 0x80, 0x01, 0xF0, 0x00, 0x00, 0x00, 0xF8, 0x00, 0x00,
    0x00, 0x3C, 0x00, 0x00, 0x00, 0x01, 0x00, 0x00, 0x00, 0x00, 0x00, 0x00, 0x00, 0x00, 0x00, 0x01,
    0xE0, 0x00, 0x00, 0x00, 0xB8, 0x00, 0x00, 0x00, 0x3D, 0x00, 0x00, 0x00, 0x0F, 0x00, 0x00, 0x00,
    0x07, 0xC0, 0x00, 0x00, 0x02, 0xE0, 0x00, 0x00, 0x00, 0xF4, 0x04, 0x00, 0x00, 0x3C, 0x1F, 0x00,
    0x00, 0x1F, 0x7F, 0xC0, 0x00, 0x0B, 0xFF, 0xD0, 0x00, 0x07, 0xFE, 0x00, 0x00, 0x1F, 0xF8, 0x00,
    0x00, 0x7F, 0xFC, 0x00, 0x01, 0xFF, 0xBE, 0x00, 0x01, 0xFD, 0x0F, 0x40, 0x00, 0x7F, 0xD7, 0xC0,
    0x00, 0x02, 0xFF, 0xF0, 0x00, 0x00, 0x07, 0xFF, 0x40, 0x00, 0x00, 0x3F, 0xFD, 0x00, 0x00, 0x0F,
    0x2F, 0xF8, 0x00, 0x0B, 0x80, 0xBF, 0xC0, 0x03, 0xD0, 0x01, 0xF0, 0x00, 0xF0, 0x00, 0x04, 0x00,
    0x7C, 0x00, 0x00, 0x00, 0x2E, 0x00, 0x00, 0x00, 0x0F, 0x40, 0x00, 0x00, 0x02, 0xC0, 0x00, 0x00,
    0x00, 0x00, 0x00, 0x00, 0x00, 0x00, 0x00, 0x00, 0x00, 0x00, 0x00, 0x03, 0xC0, 0x00, 0x00, 0x01,
    0xF0, 0x00, 0x00, 0x00, 0xB8, 0x00, 0x00, 0x00, 0x3D, 0x00, 0x00, 0x00, 0x0F, 0x00, 0x07, 0x80,
    0x07, 0x80, 0x01, 0xFE, 0x02, 0xD0, 0x00, 0x1F, 0xF8, 0xF0, 0x00, 0x00, 0x7F, 0xFC, 0x00, 0x00,
    0x00, 0xBF, 0x80, 0x00, 0x00, 0x0F, 0xFE, 0x00, 0x00, 0x03, 0xDB, 0xF8, 0x00, 0x01, 0xF0, 0x2F,
    0xC0, 0x00, 0xB8, 0x1F, 0xF0, 0x00, 0x3E, 0xBF, 0xE0, 0x00, 0x0F, 0xFF, 0x40, 0x00, 0x2F, 0xF9,
    0x00, 0x01, 0xBF, 0xF0, 0x00, 0x01, 0xFF, 0xF4, 0x00, 0x00, 0x7D, 0x3C, 0x00, 0x00, 0x04, 0x1F,
    0x00, 0x00, 0x00, 0x0B, 0x80, 0x00, 0x00, 0x03, 0xD0, 0x00, 0x00, 0x00, 0xF0, 0x00, 0x00, 0x00,
    0x7C, 0x00, 0x00, 0x00, 0x2D, 0x00, 0x00, 0x00, 0x0B, 0x00, 0x00, 0x00, 0x00, 0x00, 0x00, 0x00,
    0x00, 0x00, 0x00, 0x00, 0x00, 0x00, 0x00, 0x02, 0xD0, 0x00, 0x00, 0x00, 0xF4, 0x00, 0x00, 0x00,
    0x3C, 0x00, 0x00, 0x00, 0x1F, 0x01, 0x00, 0x00, 0x0B, 0x87, 0xC0, 0x00, 0x03, 0xEF, 0xF0, 0x00,
    0x00, 0xFF, 0xF4, 0x00, 0x01, 0xFF, 0x80, 0x00, 0x07, 0xFF, 0x00, 0x00, 0x1F, 0xFF, 0x40, 0x00,
    0x7F, 0xE7, 0xC0, 0x00, 0x7F, 0x41, 0xF0, 0x00, 0x1F, 0xF4, 0xB8, 0x00, 0x00, 0xBF, 0xFD, 0x00,
    0x00, 0x01, 0xFF, 0xD0, 0x00, 0x00, 0x0F, 0xFF, 0x80, 0x00, 0x02, 0xEB, 0xFE, 0x40, 0x00, 0xF0,
    0x2F, 0xF0, 0x00, 0x3C, 0x00, 0x7C, 0x00, 0x2E, 0x00, 0x01, 0x05, 0x5F, 0xD5, 0x55, 0x47, 0xFF,
    0xFF, 0xFF, 0xF1, 0xFF, 0xFF, 0xFF, 0xFC, 0x00, 0xB8, 0x00, 0x00, 0x00, 0x3D, 0x00, 0x00, 0x00,
    0x0F, 0x00, 0x00, 0x00, 0x03, 0xC0, 0x00, 0x00, 0x00, 0x00, 0x00, 0x00, 0x00, 0x00, 0x00, 0x00,
    0x00, 0x00, 0x00, 0x03, 0xC0, 0x00, 0x00, 0x01, 0xF0, 0x00, 0x00, 0x00, 0xB8, 0x00, 0x00, 0x00,
    0x3D, 0x00, 0x1E, 0x00, 0x0F, 0x00, 0x07, 0xF8, 0x07, 0x80, 0x00, 0x7F, 0xE2, 0xD0, 0x00, 0x01,
    0xFF, 0xF0, 0x00, 0x00, 0x02, 0xFE, 0x00, 0x00, 0x00, 0x2F, 0xF8, 0x00, 0x00, 0x0F, 0xAF, 0xE0,
    0x00, 0x03, 0xC0, 0xBF, 0x00, 0x01, 0xF0, 0x7F, 0xC0, 0x00, 0xBE, 0xFF, 0x80, 0x00, 0x3F, 0xFD,
    0x00, 0x00, 0xBF, 0xE4, 0x00, 0x06, 0xFF, 0xC0, 0x00, 0x07, 0xFF, 0xE0, 0x00, 0x01, 0xF4, 0xF4,
    0x00, 0x00, 0x10, 0x3C, 0x00, 0x00, 0x05, 0x6F, 0x55, 0x55, 0x47, 0xFF, 0xFF, 0xFF, 0xF1, 0xFF,
    0xFF, 0xFF, 0xFC, 0x00, 0xF0, 0x00, 0x00, 0x00, 0x7C, 0x00, 0x00, 0x00, 0x2D, 0x00, 0x00, 0x00,
    0x0B, 0x00, 0x00, 0x00, 0x00, 0x00, 0x00, 0x00, 0x00, 0x00, 0x00, 0x00, 0x01, 0x00, 0x00, 0x00,
    0x1B, 0xC0, 0x00, 0x01, 0xBF, 0xF0, 0x00, 0x0B, 0xFF, 0x90, 0x00, 0x7F, 0xF9, 0x00, 0x06, 0xFF,
    0x90, 0x00, 0x07, 0xFD, 0x00, 0x00, 0x00, 0xFF, 0xD0, 0x00, 0x00, 0x02, 0xFF, 0xD0, 0x00, 0x00,
    0x06, 0xFF, 0xD0, 0x00, 0x00, 0x07, 0xFF, 0xD0, 0x00, 0x00, 0x07, 0xFC, 0x00, 0x00, 0x00, 0x0B,
    0x00, 0x00, 0x00, 0x00, 0x00, 0x04, 0x00, 0x00, 0x00, 0x7F, 0xFD, 0x00, 0x08, 0x3F, 0xFF, 0xF9,
    0x6F, 0x1E, 0x01, 0xFF, 0xFF, 0xC5, 0x00, 0x01, 0xFF, 0x40, 0x00, 0x00, 0x00, 0x00, 0x10, 0x00,
    0x00, 0x00, 0x1F, 0x90, 0x00, 0x00, 0x03, 0xFF, 0x80, 0x00, 0x00, 0x1B, 0xFF, 0x40, 0x00, 0x00,
    0x1B, 0xFF, 0x40, 0x00, 0x00, 0x1B, 0xFE, 0x40, 0x00, 0x00, 0x1F, 0xF0, 0x00, 0x00, 0x2F, 0xFC,
    0x00, 0x02, 0xFF, 0xE0, 0x00, 0x2F, 0xFE, 0x40, 0x02, 0xFF, 0xE4, 0x00, 0x01, 0xFF, 0x40, 0x00,
    0x00, 0x78, 0x00, 0x00, 0x00, 0x00, 0x00, 0x00, 0x00, 0x00, 0x04, 0x00, 0x00, 0x00, 0x7F, 0xFD,
    0x00, 0x08, 0x3F, 0xFF, 0xF9, 0x6F, 0x1E, 0x01, 0xFF, 0xFF, 0xC5, 0x00, 0x01, 0xFF, 0x40, 0x00,
    0x00, 0x00, 0x00, 0x00, 0x00, 0x00, 0x00, 0x00, 0x00, 0x00, 0xB4, 0x00, 0x00, 0x00, 0x3D, 0x00,
    0x00, 0x00, 0x0F, 0x00, 0x00, 0x00, 0x07, 0xC1, 0x00, 0x00, 0x02, 0xFB, 0xC0, 0x00, 0x01, 0xFF,
    0xF0, 0x00, 0x0B, 0xFF, 0x90, 0x00, 0x7F, 0xFF, 0x00, 0x06, 0xFF, 0x9B, 0x80, 0x07, 0xFD, 0x03,
    0xD0, 0x00, 0xFF, 0xD0, 0xF0, 0x00, 0x02, 0xFF, 0xFC, 0x00, 0x00, 0x06, 0xFF, 0xD0, 0x00, 0x00,
    0x0F, 0xFF, 0xD0, 0x00, 0x03, 0xC7, 0xFC, 0x00, 0x01, 0xE0, 0x0B, 0x00, 0x00, 0xB4, 0x00, 0x00,
    0x04, 0x3C, 0x00, 0x00, 0x7F, 0xFF, 0x00, 0x08, 0x3F, 0xFF, 0xF9, 0x6F, 0x1E, 0x03, 0xFF, 0xFF,
    0xC5, 0x00, 0xF5, 0xFF, 0x40, 0x00, 0x7C, 0x00, 0x00, 0x00, 0x2E, 0x00, 0x00, 0x00, 0x0F, 0x40,
    0x00, 0x00, 0x03, 0xC0, 0x00, 0x00, 0x00, 0xF0, 0x00, 0x00, 0x00, 0x00, 0x00, 0x00, 0x00, 0x00,
    0x00, 0x00, 0x00, 0x00, 0x00, 0x03, 0xC0, 0x00, 0x00, 0x01, 0xF0, 0x00, 0x00, 0x00, 0xB8, 0x00,
    0x00, 0x00, 0x3D, 0x00, 0x04, 0x00, 0x0F, 0x00, 0x07, 0xE4, 0x07, 0x80, 0x00, 0xFF, 0xE2, 0xD0,
    0x00, 0x06, 0xFF, 0xF4, 0x00, 0x00, 0x06, 0xFF, 0xD0, 0x00, 0x00, 0x2F, 0xFF, 0x90, 0x00, 0x0F,
    0x47, 0xFC, 0x00, 0x03, 0xDB, 0xFF, 0x00, 0x02, 0xFF, 0xF8, 0x00, 0x0B, 0xFF, 0x90, 0x00, 0xBF,
    0xFE, 0x00, 0x00, 0x7F, 0xEF, 0x00, 0x00, 0x1E, 0x07, 0xC0, 0x00, 0x00, 0x02, 0xE0, 0x00, 0x00,
    0x01, 0xF4, 0x00, 0x00, 0x1F, 0xFF, 0x40, 0x02, 0x0F, 0xFF, 0xFE, 0x5B, 0xC7, 0x8B, 0xFF, 0xFF,
    0xF1, 0x43, 0xD0, 0x7F, 0xD0, 0x00, 0xF0, 0x00, 0x00, 0x00, 0x7C, 0x00, 0x00, 0x00, 0x2D, 0x00,
    0x00, 0x00, 0x0B, 0x00, 0x00, 0x00, 0x00, 0x00, 0x00, 0x00, 0x00, 0x00, 0x00, 0x00, 0x01, 0x00,
    0x00, 0x00, 0x1F, 0xC0, 0x00, 0x01, 0xBF, 0xF0, 0x00, 0x0B, 0xFF, 0x80, 0x00, 0xBF, 0xF8, 0x00,
    0x07, 0xFF, 0x80, 0x00, 0x07, 0xFD, 0x00, 0x00, 0x00, 0xFF, 0xE0, 0x00, 0x00, 0x02, 0xFF, 0xE0,
    0x00, 0x00, 0x02, 0xFF, 0xE0, 0x00, 0x00, 0x06, 0xFF, 0xE1, 0xF4, 0x00, 0x07, 0xFC, 0x7F, 0xF4,
    0x00, 0x07, 0x02, 0xFF, 0xE4, 0x00, 0x00, 0x02, 0xFF, 0xE0, 0x00, 0x00, 0x02, 0xFF, 0xE0, 0x00,
    0x00, 0x02, 0xFF, 0x00, 0x00, 0x01, 0xBF, 0xC0, 0x00, 0x1B, 0xFE, 0x40, 0x01, 0xBF, 0xF4, 0x00,
    0x1B, 0xFF, 0x80, 0x00, 0x1F, 0xF9, 0x00, 0x00, 0x07, 0x90, 0x00, 0x00, 0x00, 0x00, 0x00, 0x00,
    0x00, 0x10, 0x00, 0x00, 0x00, 0x1F, 0x90, 0x00, 0x00, 0x03, 0xFF, 0x90, 0x00, 0x00, 0x1B, 0xFF,
    0x80, 0x00, 0x00, 0x1B, 0xFF, 0x40, 0x00, 0x00, 0x1B, 0xFF, 0x40, 0x00, 0x00, 0x1F, 0xF0, 0x00,
    0x00, 0x6F, 0xFC, 0x00, 0x06, 0xFF, 0xD0, 0x00, 0x6F, 0xFE, 0x00, 0x02, 0xFF, 0xE4, 0x00, 0x01,
    0xFE, 0x40, 0x00, 0xBC, 0x74, 0x00, 0x07, 0xFF, 0x00, 0x00, 0x6F, 0xFD, 0x00, 0x06, 0xFF, 0xE0,
    0x00, 0x2F, 0xFE, 0x00, 0x00, 0x7F, 0xE0, 0x00, 0x00, 0x1F, 0xF9, 0x00, 0x00, 0x00, 0x7F, 0xF9,
    0x00, 0x00, 0x00, 0xBF, 0xF9, 0x00, 0x00, 0x00, 0xBF, 0xF9, 0x00, 0x00, 0x01, 0xBF, 0xC0, 0x00,
    0x00, 0x01, 0xB0, 0x00, 0x00, 0x00, 0x00, 0x00, 0x00, 0x00, 0x00, 0x00, 0x00, 0x00, 0xB4, 0x00,
    0x00, 0x00, 0x3D, 0x10, 0x00, 0x00, 0x0F, 0xFC, 0x00, 0x00, 0x1F, 0xFF, 0x00, 0x00, 0xBF, 0xF8,
    0x00, 0x0B, 0xFF, 0xF4, 0x00, 0x7F, 0xF8, 0x3C, 0x00, 0x7F, 0xD0, 0x1F, 0x00, 0x0F, 0xFE, 0x0B,
    0x80, 0x00, 0x2F, 0xFF, 0xD0, 0x00, 0x00, 0x2F, 0xFE, 0x00, 0x00, 0x00, 0xBF, 0xFE, 0x1F, 0x40,
    0x2E, 0x7F, 0xC7, 0xFF, 0x4F, 0x00, 0x70, 0x2F, 0xFF, 0xC0, 0x00, 0x00, 0x2F, 0xFE, 0x00, 0x00,
    0x00, 0xFF, 0xFE, 0x00, 0x00, 0x3C, 0x2F, 0xF0, 0x00, 0x1F, 0x1B, 0xFC, 0x00, 0x0B, 0xFF, 0xE4,
    0x00, 0x1B, 0xFF, 0x40, 0x01, 0xBF, 0xF8, 0x00, 0x01, 0xFF, 0xFC, 0x00, 0x00, 0x79, 0x2E, 0x00,
    0x00, 0x00, 0x0F, 0x40, 0x00, 0x00, 0x03, 0xC0, 0x00, 0x00, 0x00, 0xF0, 0x00, 0x00, 0x00, 0x00,
    0x00, 0x00, 0x00, 0x00, 0x00, 0x00, 0x00, 0x00, 0x00, 0x01, 0xE0, 0x01, 0x00, 0x00, 0xB8, 0x01,
    0xF9, 0x00, 0x3D, 0x00, 0x3F, 0xF9, 0x0F, 0x00, 0x01, 0xBF, 0xFF, 0xC0, 0x00, 0x01, 0xBF, 0xF4,
    0x00, 0x00, 0x01, 0xFF, 0xF4, 0x00, 0x00, 0x3D, 0xFF, 0x00, 0x00, 0x1F, 0xFF, 0xC0, 0x00, 0x6F,
    0xFD, 0x00, 0x06, 0xFF, 0xF0, 0x00, 0x2F, 0xFF, 0xF0, 0x00, 0x1F, 0xE4, 0xB8, 0x0B, 0xC7, 0x40,
    0x3E, 0x7F, 0xF0, 0x00, 0x0F, 0xFF, 0xD0, 0x00, 0x6F, 0xFE, 0x00, 0x02, 0xFF, 0xF0, 0x00, 0x07,
    0xFE, 0xF4, 0x00, 0x01, 0xFF, 0xBC, 0x00, 0x00, 0x07, 0xFF, 0x90, 0x00, 0x00, 0x0F, 0xFF, 0x90,
    0x00, 0x03, 0xEB, 0xFF, 0x90, 0x00, 0xF0, 0x1B, 0xFC, 0x00, 0x7C, 0x00, 0x1B, 0x00, 0x2E, 0x00,
    0x00, 0x00, 0x0F, 0x40, 0x00, 0x00, 0x02, 0xC0, 0x00, 0x00, 0x00, 0x00, 0x00, 0x00, 0x00, 0x00,
    0x00, 0x00, 0x00, 0x00, 0x00, 0x00, 0x1C, 0x00, 0x00, 0x00, 0xBC, 0x00, 0x00, 0x07, 0xF8, 0x00,
    0x00, 0x2F, 0xD0, 0x00, 0x02, 0xFF, 0x00, 0x00, 0x2F, 0xF4, 0x00, 0x07, 0xFF, 0x40, 0x00, 0x7F,
    0xF4, 0x00, 0x00, 0x3F, 0xF8, 0x00, 0x00, 0x01, 0xFF, 0x80, 0x00, 0x00, 0x0B, 0xF8, 0x00, 0x00,
    0x00, 0xBF, 0x40, 0x00, 0x00, 0x1F, 0xF0, 0x00, 0x00, 0x02, 0xFC, 0x00, 0x00, 0x00, 0x3C, 0x00,
    0x00, 0x00, 0x0C, 0x00, 0x00, 0x00, 0x00, 0x00, 0x00, 0x00, 0x00, 0x70, 0x00, 0x00, 0x00, 0x7D,
    0x00, 0x00, 0x00, 0x3F, 0x80, 0x00, 0x00, 0x0B, 0xF8, 0x00, 0x00, 0x01, 0xFF, 0x40, 0x00, 0x00,
    0x2F, 0xF4, 0x00, 0x00, 0x02, 0xFF, 0x90, 0x00, 0x00, 0x1F, 0xFC, 0x00, 0x00, 0x2F, 0xFC, 0x00,
    0x02, 0xFF, 0x80, 0x00, 0x2F, 0xF4, 0x00, 0x01, 0xFF, 0x40, 0x00, 0x0F, 0xF4, 0x00, 0x00, 0x3F,
    0x80, 0x00, 0x00, 0x7D, 0x00, 0x00, 0x00, 0x70, 0x00, 0x00, 0x00, 0x00, 0x00, 0x00, 0x00, 0x00,
    0x00, 0x00, 0x00, 0x00, 0x00, 0x00, 0x0C, 0x00, 0x00, 0x00, 0x7C, 0x00, 0x00, 0x02, 0xFC, 0x00,
    0x00, 0x2F, 0xE0, 0x00, 0x06, 0xFF, 0x40, 0x01, 0xFF, 0xF4, 0x00, 0x7F, 0xF9, 0x00, 0x00, 0x3F,
    0xFE, 0x00, 0x00, 0x01, 0xBF, 0xF4, 0x00, 0x00, 0x07, 0xFF, 0x40, 0x00, 0x00, 0x2F, 0xE0, 0x10,
    0x00, 0x02, 0xFC, 0x7F, 0x80, 0x00, 0x7C, 0x7F, 0xF9, 0x00, 0x0C, 0x02, 0xFF, 0xC0, 0x00, 0x00,
    0x1B, 0xF8, 0x00, 0x00, 0x00, 0xFF, 0x40, 0x00, 0x00, 0x1F, 0xE0, 0x00, 0x00, 0x02, 0xF8, 0x00,
    0x00, 0x00, 0x7C, 0x00, 0x00, 0x00, 0x0C, 0x00, 0x00, 0x00, 0x00, 0x00, 0x00, 0x00, 0x00, 0x60,
    0x00, 0x00, 0x00, 0x7C, 0x00, 0x00, 0x00, 0x3F, 0x40, 0x00, 0x00, 0x0F, 0xF4, 0x00, 0x00, 0x01,
    0xFF, 0x90, 0x00, 0x00, 0x2F, 0xFE, 0x40, 0x00, 0x01, 0xBF, 0xFC, 0x00, 0x00, 0xBF, 0xFC, 0x00,
    0x1F, 0xFE, 0x40, 0x01, 0xFF, 0xD0, 0x00, 0x0B, 0xF8, 0x00, 0x00, 0x3F, 0x80, 0x00, 0x04, 0x7D,
    0x00, 0x01, 0xFC, 0x70, 0x00, 0x2F, 0xFC, 0x00, 0x03, 0xFF, 0x80, 0x00, 0x2F, 0xE4, 0x00, 0x01,
    0xFE, 0x00, 0x00, 0x0B, 0xF4, 0x00, 0x00, 0x2F, 0x80, 0x00, 0x00, 0x7D, 0x00, 0x00, 0x00, 0x70,
    0x00, 0x00, 0x00, 0x40, 0x00, 0x00, 0x00, 0x00, 0x00, 0x00, 0x00, 0x00, 0x00, 0x00, 0x00, 0x00,
    0x00, 0x00, 0x01, 0xC0, 0x00, 0x00, 0x02, 0xF0, 0x00, 0x00, 0x0B, 0xF8, 0x00, 0x00, 0x6F, 0xF4,
    0x00, 0x06, 0xFF, 0xD0, 0x01, 0xBF, 0xFE, 0x40, 0x01, 0xFF, 0xE0, 0x00, 0x00, 0x2F, 0xFF, 0x90,
    0x00, 0x00, 0x1B, 0xFF, 0x80, 0x00, 0x00, 0x0B, 0xFE, 0x00, 0x00, 0x00, 0x1F, 0xF4, 0x00, 0x00,
    0x00, 0x7F, 0x00, 0x00, 0x00, 0x02, 0xC0, 0x00, 0x00, 0x00, 0x20, 0x01, 0x00, 0x00, 0x00, 0x1F,
    0xFF, 0x40, 0x02, 0x0F, 0xFF, 0xFE, 0x5B, 0xC7, 0x80, 0x7F, 0xFF, 0xF1, 0x40, 0x00, 0x7F, 0xD0,
    0x00, 0x00, 0x00, 0x00, 0x00, 0x00, 0x00, 0x00, 0x00, 0x1C, 0x00, 0x00, 0x00, 0x07, 0xE0, 0x00,
    0x00, 0x00, 0xBF, 0x40, 0x00, 0x00, 0x07, 0xFE, 0x00, 0x00, 0x00, 0x1F, 0xFE, 0x00, 0x00, 0x00,
    0x6F, 0xFE, 0x40, 0x00, 0x00, 0x7F, 0xFC, 0x00, 0x01, 0xBF, 0xFE, 0x00, 0x0B, 0xFF, 0x90, 0x00,
    0x2F, 0xF8, 0x00, 0x00, 0x7F, 0xD0, 0x00, 0x00, 0x7F, 0x40, 0x00, 0x00, 0x1E, 0x00, 0x00, 0x00,
    0x06, 0x00, 0x00, 0x00, 0x00, 0x01, 0x40, 0x00, 0x00, 0x1F, 0xFF, 0x40, 0x02, 0x0F, 0xFF, 0xFE,
    0x5B, 0xC7, 0x80, 0x6F, 0xFF, 0xF1, 0x40, 0x00, 0xBF, 0xD0, 0x00, 0x00, 0x00, 0x00, 0x00, 0x00,
    0x00, 0x00, 0x00, 0x00, 0x00, 0x07, 0x80, 0x00, 0x00, 0x0B, 0x80, 0x00, 0x00, 0x0F, 0x40, 0x00,
    0x00, 0x0F, 0x1C, 0x00, 0x00, 0x1F, 0x7C, 0x00, 0x00, 0x2F, 0xFC, 0x00, 0x00, 0x3F, 0xE0, 0x00,
    0x01, 0xFF, 0x00, 0x00, 0x2F, 0xFC, 0x00, 0x06, 0xFF, 0xF4, 0x00, 0x7F, 0xF4, 0xF0, 0x00, 0x3F,
    0xF9, 0xF0, 0x00, 0x06, 0xFF, 0xE0, 0x00, 0x00, 0x1F, 0xF8, 0x00, 0x00, 0x03, 0xFF, 0x40, 0x00,
    0x07, 0xDF, 0xE0, 0x00, 0x0B, 0x82, 0xFC, 0x00, 0x0F, 0x40, 0x7C, 0x00, 0x0F, 0x00, 0x0C, 0x00,
    0x1F, 0x00, 0x00, 0x00, 0x00, 0x00, 0x00, 0x00, 0x00, 0x00, 0x00, 0x00, 0x00, 0x78, 0x00, 0x00,
    0x00, 0xB8, 0x00, 0x00, 0x00, 0xF4, 0x00, 0x70, 0x00, 0xF0, 0x00, 0x7D, 0x01, 0xF0, 0x00, 0x3F,
    0x82, 0xE0, 0x00, 0x0B, 0xF7, 0xD0, 0x00, 0x01, 0xFF, 0xC0, 0x00, 0x00, 0x2F, 0xF4, 0x00, 0x00,
    0x0B, 0xFF, 0x90, 0x00, 0x0F, 0x5F, 0xFC, 0x00, 0x0F, 0x6F, 0xFC, 0x00, 0x1F, 0xFF, 0x80, 0x00,
    0x3F, 0xF4, 0x00, 0x01, 0xFF, 0x40, 0x00, 0x0B, 0xFC, 0x00, 0x00, 0x3F, 0xFC, 0x00, 0x00, 0x7C,
    0xF8, 0x00, 0x00, 0x70, 0xF4, 0x00, 0x00, 0x00, 0xF0, 0x00, 0x00, 0x00, 0x00, 0x00, 0x00, 0x00,
    0x00, 0x05, 0x55, 0x55, 0x00, 0x02, 0xFF, 0xFF, 0xFF, 0xD0, 0x0B, 0xFF, 0xFF, 0xFF, 0xF4, 0x0F,
    0xF9, 0x00, 0x00, 0x00, 0x0B, 0xE0, 0x00, 0x00, 0x00, 0x07, 0xD0, 0x00, 0x00, 0x00, 0x02, 0xF0,
    0x00, 0x00, 0x00, 0x00, 0xF4, 0x00, 0x00, 0x00, 0x00, 0x3C, 0x00, 0x00, 0x00, 0x00, 0x1F, 0x00,
    0x00, 0x00, 0x00, 0x07, 0xC0, 0x00, 0x00, 0x00, 0x00, 0xF0, 0x00, 0x00, 0x00, 0x00, 0x3D, 0x00,
    0x00, 0x00, 0x00, 0x0F, 0x80, 0x00, 0x00, 0x00, 0x02, 0xF0, 0x00, 0x00, 0x00, 0x00, 0x3E, 0x00,
    0x00, 0x00, 0x00, 0x07, 0xF0, 0x00, 0x00, 0x00, 0x00, 0xBF, 0xE5, 0x55, 0x55, 0x40, 0x07, 0xFF,
    0xFF, 0xFF, 0xF4, 0x00, 0x1A, 0xFF, 0xFF, 0xFD, 0x15, 0x55, 0x54, 0x00, 0x00, 0x1F, 0xFF, 0xFF,
    0xFE, 0x00, 0x07, 0xFF, 0xFF, 0xFF, 0xF8, 0x00, 0x00, 0x00, 0x01, 0xBF, 0xC0, 0x00, 0x00, 0x00,
    0x01, 0xFC, 0x00, 0x00, 0x00, 0x00, 0x1F, 0x40, 0x00, 0x00, 0x00, 0x03, 0xF0, 0x00, 0x00, 0x00,
    0x00, 0x7C, 0x00, 0x00, 0x00, 0x00, 0x0F, 0x00, 0x00, 0x00, 0x00, 0x03, 0xD0, 0x00, 0x00, 0x00,
    0x00, 0xF4, 0x00, 0x00, 0x00, 0x00, 0x3D, 0x00, 0x00, 0x00, 0x00, 0x0F, 0x00, 0x00, 0x00, 0x00,
    0x07, 0xC0, 0x00, 0x00, 0x00, 0x03, 0xE0, 0x00, 0x00, 0x00, 0x02, 0xF0, 0x00, 0x00, 0x00, 0x02,
    0xF8, 0x05, 0x55, 0x55, 0x6F, 0xF8, 0x07, 0xFF, 0xFF, 0xFF, 0xF4, 0x01, 0xFF, 0xFF, 0xFF, 0x90,
    0x00, 0x00, 0x00, 0x00, 0x00, 0x00, 0x00, 0x00, 0x00, 0x00, 0x0F, 0x00, 0x00, 0x00, 0x00, 0x07,
    0xC0, 0x00, 0x00, 0x00, 0x03, 0xE0, 0x00, 0x00, 0x05, 0x55, 0xF9, 0x00, 0x02, 0xFF, 0xFF, 0xFF,
    0xD0, 0x0B, 0xFF, 0xFF, 0xFF, 0xF4, 0x0F, 0xF9, 0x00, 0x1F, 0x00, 0x0B, 0xE0, 0x00, 0x0B, 0x80,
    0x07, 0xD0, 0x00, 0x03, 0xD0, 0x02, 0xF0, 0x00, 0x01, 0xF0, 0x00, 0xF4, 0x00, 0x00, 0xF8, 0x00,
    0x3C, 0x00, 0x00, 0x3C, 0x00, 0x1F, 0x00, 0x00, 0x2F, 0x00, 0x07, 0xC0, 0x00, 0x0F, 0x40, 0x00,
    0xF0, 0x00, 0x07, 0xC0, 0x00, 0x3D, 0x00, 0x02, 0xE0, 0x00, 0x0F, 0x80, 0x00, 0xF4, 0x00, 0x02,
    0xF0, 0x00, 0x7C, 0x00, 0x00, 0x3E, 0x00, 0x3E, 0x00, 0x00, 0x0B, 0xF0, 0x0F, 0x00, 0x00, 0x00,
    0xBF, 0xEB, 0xD5, 0x55, 0x40, 0x07, 0xFF, 0xFF, 0xFF, 0xF4, 0x00, 0x1B, 0xFF, 0xFF, 0xFD, 0x00,
    0x00, 0xF8, 0x00, 0x00, 0x00, 0x00, 0x3C, 0x00, 0x00, 0x00, 0x00, 0x2F, 0x00, 0x00, 0x00, 0x00,
    0x06, 0x40, 0x00, 0x00, 0x00, 0x00, 0x00, 0x00, 0x00, 0x00, 0x00, 0x00, 0x74, 0x00, 0x00, 0x00,
    0x00, 0x3D, 0x00, 0x00, 0x00, 0x00, 0x1F, 0x00, 0x00, 0x15, 0x55, 0x5B, 0x80, 0x00, 0x1F, 0xFF,
    0xFF, 0xFE, 0x00, 0x07, 0xFF, 0xFF, 0xFF, 0xF8, 0x00, 0x00, 0x00, 0xF9, 0xBF, 0xC0, 0x00, 0x00,
    0x3C, 0x02, 0xFC, 0x00, 0x00, 0x2F, 0x00, 0x2F, 0x40, 0x00, 0x0F, 0x40, 0x03, 0xF0, 0x00, 0x07,
    0xC0, 0x00, 0x7C, 0x00, 0x02, 0xE0, 0x00, 0x0F, 0x40, 0x00, 0xF4, 0x00, 0x03, 0xD0, 0x00, 0x7C,
    0x00, 0x00, 0xF4, 0x00, 0x3E, 0x00, 0x00, 0x3D, 0x00, 0x0F, 0x00, 0x00, 0x0F, 0x00, 0x0B, 0xC0,
    0x00, 0x07, 0xC0, 0x03, 0xD0, 0x00, 0x03, 0xE0, 0x01, 0xF0, 0x00, 0x02, 0xF0, 0x00, 0xB8, 0x00,
    0x02, 0xF8, 0x05, 0x7E, 0x55, 0x6F, 0xF8, 0x07, 0xFF, 0xFF, 0xFF, 0xF4, 0x01, 0xFF, 0xFF, 0xFF,
    0x90, 0x00, 0x07, 0xC0, 0x00, 0x00, 0x00, 0x02, 0xE0, 0x00, 0x00, 0x00, 0x00, 0xF4, 0x00, 0x00,
    0x00, 0x00, 0x1C, 0x00, 0x00, 0x00, 0x00, 0x00, 0x06, 0xBF, 0xFF, 0xFF, 0x40, 0x1F, 0xFF, 0xFF,
    0xFF, 0xD0, 0x2F, 0xF9, 0x55, 0x55, 0x50, 0x1F, 0xD0, 0x00, 0x00, 0x00, 0x0F, 0x80, 0x00, 0x00,
    0x00, 0x0B, 0xC0, 0x00, 0x00, 0x00, 0x03, 0xE0, 0x00, 0x00, 0x00, 0x00, 0xF4, 0x00, 0x00, 0x00,
    0x00, 0x3C, 0x00, 0x00, 0x00, 0x00, 0x1F, 0x00, 0x00, 0x00, 0x00, 0x07, 0xC0, 0x00, 0x00, 0x00,
    0x00, 0xF0, 0x00, 0x00, 0x00, 0x00, 0x3D, 0x00, 0x00, 0x00, 0x00, 0x0B, 0xC0, 0x00, 0x00, 0x00,
    0x01, 0xF4, 0x00, 0x00, 0x00, 0x00, 0x2F, 0x80, 0x00, 0x00, 0x00, 0x03, 0xFE, 0x40, 0x00, 0x00,
    0x00, 0x2F, 0xFF, 0xFF, 0xFF, 0xD0, 0x00, 0xBF, 0xFF, 0xFF, 0xF4, 0x00, 0x00, 0x15, 0x55, 0x54,
    0x00, 0x00, 0x00, 0x00, 0x00, 0x01, 0x55, 0x55, 0x55, 0x55, 0x40, 0xFF, 0xFF, 0xFF, 0xFF, 0xF4,
    0x3F, 0xFF, 0xFF, 0xFF, 0xFD, 0x7F, 0xFF, 0xFF, 0xE4, 0x00, 0x1F, 0xFF, 0xFF, 0xFF, 0xD0, 0x01,
    0x55, 0x55, 0x5B, 0xFE, 0x00, 0x00, 0x00, 0x00, 0x0F, 0xE0, 0x00, 0x00, 0x00, 0x00, 0xBC, 0x00,
    0x00, 0x00, 0x00, 0x0F, 0x80, 0x00, 0x00, 0x00, 0x01, 0xF0, 0x00, 0x00, 0x00, 0x00, 0x3C, 0x00,
    0x00, 0x00, 0x00, 0x0F, 0x40, 0x00, 0x00, 0x00, 0x03, 0xD0, 0x00, 0x00, 0x00, 0x00, 0xF4, 0x00,
    0x00, 0x00, 0x00, 0x3C, 0x00, 0x00, 0x00, 0x00, 0x1F, 0x00, 0x00, 0x00, 0x00, 0x0F, 0xC0, 0x00,
    0x00, 0x00, 0x07, 0xD0, 0x00, 0x00, 0x00, 0x07, 0xF0, 0x00, 0x00, 0x00, 0x6F, 0xF0, 0x1F, 0xFF,
    0xFF, 0xFF, 0xE0, 0x07, 0xFF, 0xFF, 0xFF, 0x80, 0x00, 0x55, 0x55, 0x50, 0x00, 0x00, 0x00, 0x00,
    0x00, 0x00, 0x00, 0x05, 0x55, 0x55, 0x55, 0x55, 0x07, 0xFF, 0xFF, 0xFF, 0xFF, 0xC1, 0xFF, 0xFF,
    0xFF, 0xFF, 0xF0, 0x00, 0x00, 0x00, 0x00, 0x90, 0x00, 0x00, 0x00, 0x00, 0x7C, 0x00, 0x00, 0x00,
    0x00, 0x2E, 0x00, 0x00, 0x00, 0x00, 0x0F, 0x40, 0x00, 0x06, 0xBF, 0xFF, 0xFF, 0x40, 0x1F, 0xFF,
    0xFF, 0xFF, 0xD0, 0x2F, 0xF9, 0x56, 0xF5, 0x50, 0x1F, 0xD0, 0x00, 0xB8, 0x00, 0x0F, 0x80, 0x00,
    0x3D, 0x00, 0x0B, 0xC0, 0x00, 0x1F, 0x00, 0x03, 0xE0, 0x00, 0x0F, 0x80, 0x00, 0xF4, 0x00, 0x03,
    0xC0, 0x00, 0x3C, 0x00, 0x02, 0xF0, 0x00, 0x1F, 0x00, 0x00, 0xF4, 0x00, 0x07, 0xC0, 0x00, 0x7C,
    0x00, 0x00, 0xF0, 0x00, 0x2E, 0x00, 0x00, 0x3D, 0x00, 0x0F, 0x40, 0x00, 0x0B, 0xC0, 0x07, 0xC0,
    0x00, 0x01, 0xF4, 0x03, 0xE0, 0x00, 0x00, 0x3F, 0x80, 0xF0, 0x00, 0x00, 0x03, 0xFE, 0xBC, 0x00,
    0x00, 0x00, 0x2F, 0xFF, 0xFF, 0xFF, 0xD0, 0x00, 0xBF, 0xFF, 0xFF, 0xF4, 0x00, 0x0B, 0x95, 0x55,
    0x54, 0x00, 0x03, 0xC0, 0x00, 0x00, 0x01, 0x56, 0xF5, 0x55, 0x55, 0x40, 0xFF, 0xFF, 0xFF, 0xFF,
    0xF4, 0x3F, 0xFF, 0xFF, 0xFF, 0xFD, 0x00, 0x2E, 0x00, 0x00, 0x00, 0x00, 0x0F, 0x40, 0x00, 0x00,
    0x00, 0x01, 0x80, 0x00, 0x00, 0x00, 0x00, 0x00, 0x00, 0x09, 0x00, 0x00, 0x00, 0x00, 0x07, 0xC0,
    0x00, 0x00, 0x00, 0x02, 0xE0, 0x00, 0x00, 0x00, 0x00, 0xF4, 0x00, 0x7F, 0xFF, 0xFF, 0xFC, 0x00,
    0x1F, 0xFF, 0xFF, 0xFF, 0xD0, 0x01, 0x55, 0x55, 0x6F, 0xFE, 0x00, 0x00, 0x00, 0x0B, 0xDF, 0xE0,
    0x00, 0x00, 0x03, 0xD0, 0xFC, 0x00, 0x00, 0x01, 0xF0, 0x0F, 0x80, 0x00, 0x00, 0xB8, 0x02, 0xF0,
    0x00, 0x00, 0x3D, 0x00, 0x3C, 0x00, 0x00, 0x1F, 0x00, 0x0F, 0x40, 0x00, 0x0F, 0x80, 0x03, 0xD0,
    0x00, 0x03, 0xC0, 0x00, 0xF4, 0x00, 0x02, 0xF0, 0x00, 0x3C, 0x00, 0x00, 0xF4, 0x00, 0x1F, 0x00,
    0x00, 0x7C, 0x00, 0x0F, 0xC0, 0x00, 0x2E, 0x00, 0x07, 0xD0, 0x00, 0x0F, 0x00, 0x07, 0xF0, 0x00,
    0x0B, 0xC0, 0x6F, 0xF0, 0x1F, 0xFF, 0xFF, 0xFF, 0xE0, 0x07, 0xFF, 0xFF, 0xFF, 0x80, 0x00, 0x55,
    0xFD, 0x50, 0x00, 0x00, 0x00, 0x3D, 0x00, 0x00, 0x00, 0x05, 0x6F, 0x55, 0x55, 0x55, 0x07, 0xFF,
    0xFF, 0xFF, 0xFF, 0xC1, 0xFF, 0xFF, 0xFF, 0xFF, 0xF0, 0x02, 0xF0, 0x00, 0x00, 0x00, 0x00, 0xF4,
    0x00, 0x00, 0x00, 0x00, 0x18, 0x00, 0x00, 0x00, 0x00, 0x00, 0x06, 0xBF, 0xFF, 0xFF, 0x40, 0x1F,
    0xFF, 0xFF, 0xFF, 0xD0, 0x2F, 0xF9, 0x55, 0x55, 0x50, 0x1F, 0xD0, 0x00, 0x00, 0x00, 0x0F, 0x80,
    0x00, 0x00, 0x00, 0x0B, 0xC0, 0x00, 0x00, 0x00, 0x03, 0xE0, 0x00, 0x00, 0x00, 0x00, 0xF4, 0x00,
    0x00, 0x00, 0x00, 0x3C, 0x00, 0x00, 0x00, 0x00, 0x1F, 0x00, 0x00, 0x00, 0x00, 0x07, 0xC0, 0x00,
    0x00, 0x00, 0x00, 0xF0, 0x00, 0x00, 0x00, 0x00, 0x3D, 0x00, 0x00, 0x00, 0x00, 0x0B, 0xC0, 0x00,
    0x00, 0x00, 0x01, 0xF4, 0x00, 0x00, 0x00, 0x00, 0x2F, 0x80, 0x00, 0x00, 0x00, 0x03, 0xFE, 0x40,
    0x00, 0x00, 0x00, 0x2F, 0xFF, 0xFF, 0xFF, 0xD0, 0x00, 0xBF, 0xFF, 0xFF, 0xF4, 0x00, 0x00, 0x15,
    0x55, 0x54, 0x00, 0x00, 0x0A, 0x00, 0x00, 0x01, 0x55, 0x57, 0xE5, 0x55, 0x40, 0xFF, 0xFF, 0xFF,
    0xFF, 0xF4, 0x3F, 0xFF, 0xFF, 0xFF, 0xFD, 0x00, 0x00, 0xB8, 0x00, 0x00, 0x00, 0x00, 0x3C, 0x00,
    0x00, 0x00, 0x00, 0x06, 0x00, 0x00, 0x00, 0x7F, 0xFF, 0xFF, 0xE4, 0x00, 0x1F, 0xFF, 0xFF, 0xFF,
    0xD0, 0x01, 0x55, 0x55, 0x5B, 0xFE, 0x00, 0x00, 0x00, 0x00, 0x0F, 0xE0, 0x00, 0x00, 0x00, 0x00,
    0xBC, 0x00, 0x00, 0x00, 0x00, 0x0F, 0x80, 0x00, 0x00, 0x00, 0x01, 0xF0, 0x00, 0x00, 0x00, 0x00,
    0x3C, 0x00, 0x00, 0x00, 0x00, 0x0F, 0x40, 0x00, 0x00, 0x00, 0x03, 0xD0, 0x00, 0x00, 0x00, 0x00,
    0xF4, 0x00, 0x00, 0x00, 0x00, 0x3C, 0x00, 0x00, 0x00, 0x00, 0x1F, 0x00, 0x00, 0x00, 0x00, 0x0F,
    0xC0, 0x00, 0x00, 0x00, 0x07, 0xD0, 0x00, 0x00, 0x00, 0x07, 0xF0, 0x00, 0x00, 0x00, 0x6F, 0xF0,
    0x1F, 0xFF, 0xFF, 0xFF, 0xE0, 0x07, 0xFF, 0xFF, 0xFF, 0x80, 0x00, 0x55, 0x55, 0x50, 0x00, 0x00,
    0x00, 0x00, 0x60, 0x00, 0x00, 0x05, 0x55, 0x7E, 0x55, 0x55, 0x07, 0xFF, 0xFF, 0xFF, 0xFF, 0xC1,
    0xFF, 0xFF, 0xFF, 0xFF, 0xF0, 0x00, 0x0B, 0xC0, 0x00, 0x00, 0x00, 0x03, 0xD0, 0x00, 0x00, 0x00,
    0x00, 0x20, 0x00, 0x00, 0x00, 0x7C, 0x00, 0x00, 0x00, 0xF9, 0xF0, 0x00, 0x00, 0x03, 0xE7, 0xC0,
    0x00, 0x00, 0x0F, 0x9F, 0x00, 0x00, 0x00, 0x3E, 0x7C, 0x00, 0x00, 0x00, 0xF9, 0xF0, 0x00, 0x00,
    0x03, 0xE7, 0xC0, 0x00, 0x00, 0x0F, 0x9F, 0x00, 0x00, 0x00, 0x3E, 0x7C, 0x00, 0x80, 0x00, 0xF9,
    0xF0, 0x0B, 0x00, 0x03, 0xE7, 0xC0, 0x7E, 0xA9, 0x0F, 0x9F, 0x03, 0xFF, 0xFC, 0x3E, 0x7C, 0x0F,
    0xFF, 0xF0, 0xF9, 0xF0, 0x0F, 0x00, 0x03, 0xE3, 0xC0, 0x0C, 0x00, 0x0F, 0x4F, 0x00, 0x00, 0x00,
    0x3D, 0x3D, 0x00, 0x00, 0x00, 0xF0, 0xF8, 0x00, 0x00, 0x07, 0xC1, 0xF4, 0x00, 0x00, 0x3E, 0x03,
    0xF4, 0x00, 0x03, 0xF0, 0x03, 0xFE, 0x56, 0xFF, 0x40, 0x03, 0xFF, 0xFF, 0xF4, 0x00, 0x01, 0xBF,
    0xF9, 0x00, 0x00, 0x7C, 0x00, 0x00, 0x00, 0xF9, 0xF0, 0x00, 0x00, 0x03, 0xE7, 0xC0, 0x00, 0x00,
    0x0F, 0x9F, 0x00, 0x00, 0x00, 0x3E, 0x7C, 0x00, 0x00, 0x00, 0xF9, 0xF0, 0x00, 0x00, 0x03, 0xE7,
    0xC0, 0x00, 0x00, 0x0F, 0x9F, 0x00, 0x00, 0x00, 0x3E, 0x7C, 0x00, 0x00, 0x00, 0xF9, 0xF0, 0x02,
    0xF0, 0x03, 0xE7, 0xC0, 0x3F, 0xF0, 0x0F, 0x9F, 0x00, 0xFF, 0xD0, 0x3E, 0x7C, 0x03, 0xFF, 0x40,
    0xF9, 0xF0, 0x0B, 0xFC, 0x03, 0xE3, 0xC0, 0x0B, 0x80, 0x0F, 0x4F, 0x00, 0x00, 0x00, 0x3D, 0x3D,
    0x00, 0x00, 0x00, 0xF0, 0xF8, 0x00, 0x00, 0x07, 0xC1, 0xF4, 0x00, 0x00, 0x3E, 0x03, 0xF4, 0x00,
    0x03, 0xF0, 0x03, 0xFE, 0x56, 0xFF, 0x40, 0x03, 0xFF, 0xFF, 0xF4, 0x00, 0x01, 0xBF, 0xF9, 0x00,
    0x00, 0x7C, 0x00, 0x00, 0x00, 0xF9, 0xF0, 0x00, 0x00, 0x03, 0xE7, 0xC0, 0x00, 0x00, 0x0F, 0x9F,
    0x00, 0x00, 0x00, 0x3E, 0x7C, 0x00, 0x00, 0x00, 0xF9, 0xF0, 0x00, 0x00, 0x03, 0xE7, 0xC0, 0x00,
    0x00, 0x0F, 0x9F, 0x00, 0x00, 0x00, 0x3E, 0x7C, 0x00, 0x38, 0x00, 0xF9, 0xF0, 0x00, 0xE0, 0x03,
    0xE7, 0xC0, 0x03, 0x80, 0x0F, 0x9F, 0x03, 0xFF, 0xF0, 0x3E, 0x7C, 0x0A, 0xBE, 0x80, 0xF9, 0xF0,
    0x00, 0xE0, 0x03, 0xE3, 0xC0, 0x03, 0x80, 0x0F, 0x4F, 0x00, 0x00, 0x00, 0x3D, 0x3D, 0x00, 0x00,
    0x00, 0xF0, 0xF8, 0x00, 0x00, 0x07, 0xC1, 0xF4, 0x00, 0x00, 0x3E, 0x03, 0xF4, 0x00, 0x03, 0xF0,
    0x03, 0xFE, 0x56, 0xFF, 0x40, 0x03, 0xFF, 0xFF, 0xF4, 0x00, 0x01, 0xBF, 0xF9, 0x00, 0x00, 0x7F,
    0xFF, 0xFF, 0xFF, 0x1F, 0xFF, 0xFF, 0xFF, 0xC7, 0xD5, 0x55, 0x55, 0x51, 0xF0, 0x00, 0x00, 0x00,
    0x7C, 0x00, 0x00, 0x00, 0x1F, 0x00, 0x00, 0x00, 0x07, 0xC0, 0x00, 0x00, 0x01, 0xF0, 0x00, 0x00,
    0x00, 0x7C, 0x00, 0x00, 0x00, 0x1F, 0x00, 0x00, 0x00, 0x07, 0xC0, 0x00, 0x00, 0x01, 0xF0, 0x00,
    0x00, 0x00, 0x7C, 0x00, 0x00, 0x00, 0x1F, 0x00, 0x00, 0x00, 0x07, 0xC0, 0x00, 0x00, 0x01, 0xF5,
    0x55, 0x55, 0x54, 0x7F, 0xFF, 0xFF, 0xFF, 0x1F, 0xFF, 0xFF, 0xFF, 0xC0, 0x7F, 0xFF, 0xFF, 0xFF,
    0x1F, 0xFF, 0xFF, 0xFF, 0xC1, 0x55, 0x55, 0x55, 0xF0, 0x00, 0x00, 0x00, 0x3C, 0x00, 0x00, 0x00,
    0x0F, 0x00, 0x00, 0x00, 0x03, 0xC0, 0x00, 0x00, 0x00, 0xF0, 0x00, 0x00, 0x00, 0x3C, 0x00, 0x00,
    0x00, 0x0F, 0x00, 0x00, 0x00, 0x03, 0xC0, 0x00, 0x00, 0x00, 0xF0, 0x00, 0x00, 0x00, 0x3C, 0x00,
    0x00, 0x00, 0x0F, 0x00, 0x00, 0x00, 0x03, 0xC0, 0x00, 0x00, 0x00, 0xF0, 0x55, 0x55, 0x55, 0x7C,
    0x7F, 0xFF, 0xFF, 0xFF, 0x1F, 0xFF, 0xFF, 0xFF, 0xC0, 0x7F, 0xFF, 0xFF, 0xFF, 0x1F, 0xFF, 0xFF,
    0xFF, 0xC7, 0xD5, 0x55, 0x55, 0x51, 0xF0, 0x00, 0x00, 0x00, 0x7C, 0x00, 0x00, 0x00, 0x1F, 0x00,
    0x00, 0x00, 0x07, 0xC0, 0x00, 0x00, 0x01, 0xF0, 0x00, 0x00, 0x00, 0x7C, 0x00, 0x00, 0x00, 0x1F,
    0x00, 0x00, 0x00, 0x07, 0xC0, 0x00, 0x00, 0x01, 0xF0, 0x00, 0x00, 0x00, 0x7C, 0x00, 0x00, 0x00,
    0x1F, 0x00, 0x00, 0x00, 0x07, 0xC0, 0x00, 0x00, 0x01, 0xF5, 0x55, 0x55, 0x54, 0x7F, 0xFF, 0xFF,
    0xFF, 0x1F, 0xFF, 0xFF, 0xFF, 0xC0, 0x00, 0x00, 0x00, 0x00, 0x00, 0x00, 0x00, 0x00, 0x15, 0x55,
    0x55, 0x55, 0x1F, 0xFF, 0xFF, 0xFF, 0xC7, 0xFF, 0xFF, 0xFF, 0xF0, 0x7F, 0xFF, 0xFF, 0xFF, 0x1F,
    0xFF, 0xFF, 0xFF, 0xC1, 0x55, 0x55, 0x55, 0xF0, 0x00, 0x00, 0x00, 0x3C, 0x00, 0x00, 0x00, 0x0F,
    0x00, 0x00, 0x00, 0x03, 0xC0, 0x00, 0x00, 0x00, 0xF0, 0x00, 0x00, 0x00, 0x3C, 0x00, 0x00, 0x00,
    0x0F, 0x00, 0x00, 0x00, 0x03, 0xC0, 0x00, 0x00, 0x00, 0xF0, 0x00, 0x00, 0x00, 0x3C, 0x00, 0x00,
    0x00, 0x0F, 0x00, 0x00, 0x00, 0x03, 0xC0, 0x00, 0x00, 0x00, 0xF0, 0x55, 0x55, 0x55, 0x7C, 0x7F,
    0xFF, 0xFF, 0xFF, 0x1F, 0xFF, 0xFF, 0xFF, 0xC0, 0x00, 0x00, 0x00, 0x00, 0x00, 0x00, 0x00, 0x00,
    0x15, 0x55, 0x55, 0x55, 0x1F, 0xFF, 0xFF, 0xFF, 0xC7, 0xFF, 0xFF, 0xFF, 0xF0, 0x15, 0x55, 0x55,
    0x55, 0x51, 0xFF, 0xFF, 0xFF, 0xFF, 0xE7, 0xFF, 0xFF, 0xFF, 0xFF, 0x9F, 0x00, 0x00, 0x00, 0x3E,
    0x7C, 0x00, 0x00, 0x00, 0xF9, 0xF0, 0x00, 0x00, 0x03, 0xE7, 0xC0, 0x00, 0x00, 0x0F, 0x9F, 0x00,
    0x00, 0x00, 0x3E, 0x7C, 0x00, 0x00, 0x00, 0xF9, 0xF0, 0x00, 0x00, 0x03, 0xE7, 0xC0, 0x00, 0x00,
    0x0F, 0x9F, 0x00, 0x00, 0x00, 0x3E, 0x7C, 0x00, 0x00, 0x00, 0xF9, 0xF0, 0x00, 0x00, 0x03, 0xE7,
    0xC0, 0x00, 0x00, 0x0F, 0x9F, 0x00, 0x00, 0x00, 0x3E, 0x7C, 0x00, 0x00, 0x00, 0xF9, 0xF0, 0x00,
    0x00, 0x03, 0xE1, 0x40, 0x00, 0x00, 0x05, 0x40, 0x7C, 0x00, 0x00, 0x00, 0xF9, 0xF0, 0x00, 0x00,
    0x03, 0xE7, 0xC0, 0x00, 0x00, 0x0F, 0x9F, 0x00, 0x00, 0x00, 0x3E, 0x7C, 0x00, 0x00, 0x00, 0xF9,
    0xF0, 0x00, 0x00, 0x03, 0xE7, 0xC0, 0x00, 0x00, 0x0F, 0x9F, 0x00, 0x00, 0x00, 0x3E, 0x7C, 0x00,
    0x00, 0x00, 0xF9, 0xF0, 0x00, 0x00, 0x03, 0xE7, 0xC0, 0x00, 0x00, 0x0F, 0x9F, 0x00, 0x00, 0x00,
    0x3E, 0x7C, 0x00, 0x00, 0x00, 0xF9, 0xF0, 0x00, 0x00, 0x03, 0xE7, 0xC0, 0x00, 0x00, 0x0F, 0x9F,
    0x55, 0x55, 0x55, 0x7E, 0x7F, 0xFF, 0xFF, 0xFF, 0xF9, 0xFF, 0xFF, 0xFF, 0xFF, 0xE0, 0x00, 0x00,
    0x1F, 0xFE, 0x40, 0x00, 0x00, 0x00, 0xFF, 0xFF, 0xFE, 0x00, 0x00, 0x02, 0xFF, 0xAF, 0xBF, 0xF0,
    0x00, 0x02, 0xFD, 0x03, 0xC0, 0xBF, 0x40, 0x02, 0xF8, 0x00, 0xF0, 0x07, 0xF0, 0x01, 0xF8, 0x00,
    0x3C, 0x00, 0x3F, 0x00, 0xFC, 0x00, 0x0F, 0x00, 0x07, 0xE0, 0x7C, 0x00, 0x03, 0xC0, 0x00, 0xBC,
    0x2F, 0x00, 0x00, 0xF0, 0x00, 0x0F, 0x4F, 0x40, 0x00, 0x3C, 0x00, 0x03, 0xE3, 0xD0, 0x00, 0x1F,
    0x00, 0x00, 0xBD, 0xFF, 0xFF, 0xFF, 0xFF, 0xFF, 0xFF, 0x7F, 0xFF, 0xFF, 0xFF, 0xFF, 0xFF, 0xCF,
    0x00, 0x00, 0x7C, 0x00, 0x02, 0xF3, 0xD0, 0x00, 0x1F, 0x00, 0x00, 0xF8, 0xBC, 0x00, 0x07, 0xC0,
    0x00, 0x3D, 0x1F, 0x00, 0x01, 0xF0, 0x00, 0x2F, 0x03, 0xF0, 0x00, 0x7C, 0x00, 0x1F, 0x80, 0x7E,
    0x00, 0x1F, 0x00, 0x0F, 0xC0, 0x0B, 0xE0, 0x07, 0xC0, 0x1F, 0xC0, 0x00, 0xBF, 0x41, 0xF0, 0x2F,
    0xD0, 0x00, 0x0B, 0xFE, 0xBE, 0xFF, 0xC0, 0x00, 0x00, 0x3F, 0xFF, 0xFF, 0x80, 0x00, 0x00, 0x00,
    0x7F, 0xF9, 0x00, 0x00, 0x00, 0x00, 0x00, 0x50, 0x00, 0x00, 0x00, 0x00, 0x2F, 0xFF, 0xE4, 0x00,
    0x00, 0x00, 0xBF, 0xFF, 0xFF, 0xD0, 0x00, 0x00, 0xFF, 0x90, 0x07, 0xFE, 0x00, 0x00, 0xFE, 0x00,
    0x00, 0x1F, 0xE0, 0x00, 0xFD, 0x00, 0x00, 0x00, 0xFD, 0x00, 0xBD, 0x00, 0x00, 0x00, 0x0F, 0xC0,
    0x3E, 0x00, 0x00, 0x00, 0x00, 0xF8, 0x2F, 0x00, 0x00, 0x00, 0x00, 0x2F, 0x0F, 0x80, 0x00, 0x00,
    0x00, 0x03, 0xD3, 0xD0, 0x00, 0x00, 0x00, 0x00, 0xF8, 0xF4, 0x00, 0x00, 0x00, 0x00, 0x2F, 0x7F,
    0xFF, 0xFF, 0xFF, 0xFF, 0xFF, 0xCF, 0xFF, 0xFF, 0xFF, 0xFF, 0xFF, 0xF3, 0xC0, 0x00, 0x00, 0x00,
    0x00, 0xB8, 0xF4, 0x00, 0x00, 0x00, 0x00, 0x3E, 0x2F, 0x00, 0x00, 0x00, 0x00, 0x0F, 0x47, 0xC0,
    0x00, 0x00, 0x00, 0x0B, 0xC0, 0xFC, 0x00, 0x00, 0x00, 0x07, 0xD0, 0x1F, 0x80, 0x00, 0x00, 0x03,
    0xF0, 0x02, 0xF8, 0x00, 0x00, 0x07, 0xF0, 0x00, 0x2F, 0xD0, 0x00, 0x0B, 0xF4, 0x00, 0x02, 0xFF,
    0x95, 0xBF, 0xF0, 0x00, 0x00, 0x0B, 0xFF, 0xFF, 0xD0, 0x00, 0x00, 0x00, 0x2F, 0xFE, 0x40, 0x00,
    0x00, 0x00, 0x00, 0x00, 0x50, 0x00, 0x00, 0x00, 0x00, 0x2F, 0xFF, 0xE4, 0x00, 0x00, 0x00, 0xBF,
    0xFF, 0xFF, 0xD0, 0x00, 0x00, 0xFF, 0x90, 0x07, 0xFE, 0x00, 0x00, 0xFE, 0x00, 0x00, 0x1F, 0xE0,
    0x00, 0xFF, 0x00, 0x00, 0x01, 0xFD, 0x00, 0xBF, 0xF0, 0x00, 0x01, 0xFF, 0xC0, 0x3E, 0x3F, 0x00,
    0x01, 0xF8, 0xF8, 0x2F, 0x03, 0xF0, 0x01, 0xF8, 0x2F, 0x0F, 0x80, 0x3F, 0x01, 0xF8, 0x03, 0xD3,
    0xD0, 0x03, 0xF1, 0xF8, 0x00, 0xF8, 0xF0, 0x00, 0x3F, 0xF8, 0x00, 0x2F, 0x7C, 0x00, 0x03, 0xF8,
    0x00, 0x0B, 0xCF, 0x00, 0x01, 0xFF, 0x00, 0x02, 0xF3, 0xC0, 0x01, 0xFB, 0xF0, 0x00, 0xB8, 0xF4,
    0x01, 0xF8, 0x3F, 0x00, 0x3E, 0x2F, 0x01, 0xF8, 0x03, 0xF0, 0x0F, 0x47, 0xC1, 0xF8, 0x00, 0x3F,
    0x0B, 0xC0, 0xFD, 0xF8, 0x00, 0x03, 0xF7, 0xD0, 0x1F, 0xF8, 0x00, 0x00, 0x3F, 0xF0, 0x02, 0xFC,
    0x00, 0x00, 0x07, 0xF0, 0x00, 0x2F, 0xD0, 0x00, 0x0B, 0xF4, 0x00, 0x02, 0xFF, 0x95, 0xBF, 0xF0,
    0x00, 0x00, 0x0B, 0xFF, 0xFF, 0xD0, 0x00, 0x00, 0x00, 0x2F, 0xFE, 0x40, 0x00, 0x00, 0x00, 0x00,
    0x00, 0x50, 0x00, 0x00, 0x00, 0x00, 0x2F, 0xFF, 0xE4, 0x00, 0x00, 0x00, 0xBF, 0xFF, 0xFF, 0xD0,
    0x00, 0x00, 0xFF, 0x90, 0x07, 0xFE, 0x00, 0x00, 0xFE, 0x00, 0x00, 0x1F, 0xE0, 0x00, 0xFD, 0x00,
    0x00, 0x01, 0xFD, 0x00, 0xBD, 0x00, 0x00, 0x01, 0xFF, 0xC0, 0x3E, 0x00, 0x00, 0x01, 0xF8, 0xF8,
    0x2F, 0x00, 0x00, 0x01, 0xF8, 0x2F, 0x0F, 0x80, 0x00, 0x01, 0xF8, 0x03, 0xD3, 0xD0, 0x00, 0x01,
    0xF8, 0x00, 0xF8, 0xF0, 0x00, 0x01, 0xF8, 0x00, 0x2F, 0x7C, 0x00, 0x01, 0xF8, 0x00, 0x0B, 0xCF,
    0x00, 0x01, 0xF8, 0x00, 0x02, 0xF3, 0xC0, 0x01, 0xF8, 0x00, 0x00, 0xB8, 0xF4, 0x01, 0xF8, 0x00,
    0x00, 0x3E, 0x2F, 0x01, 0xF8, 0x00, 0x00, 0x0F, 0x47, 0xC1, 0xF8, 0x00, 0x00, 0x0B, 0xC0, 0xFD,
    0xF8, 0x00, 0x00, 0x07, 0xD0, 0x1F, 0xF8, 0x00, 0x00, 0x03, 0xF0, 0x02, 0xFC, 0x00, 0x00, 0x07,
    0xF0, 0x00, 0x2F, 0xD0, 0x00, 0x0B, 0xF4, 0x00, 0x01, 0xFF, 0x95, 0xBF, 0xF0, 0x00, 0x00, 0x0B,
    0xFF, 0xFF, 0xE0, 0x00, 0x00, 0x00, 0x1F, 0xFE, 0x40, 0x00, 0x00, 0x00, 0x00, 0x00, 0x50, 0x00,
    0x00, 0x00, 0x00, 0x2F, 0xFF, 0xE4, 0x00, 0x00, 0x00, 0xBF, 0xFF, 0xFF, 0xD0, 0x00, 0x00, 0xFF,
    0x90, 0x07, 0xFE, 0x00, 0x00, 0xFE, 0x00, 0x00, 0x1F, 0xE0, 0x00, 0xFD, 0x00, 0x00, 0x00, 0xBD,
    0x00, 0xBD, 0x00, 0x00, 0x00, 0x0F, 0xC0, 0x3E, 0x00, 0x00, 0x00, 0x00, 0xF8, 0x2F, 0x00, 0x00,
    0x00, 0x00, 0x2F, 0x0F, 0x80, 0x00, 0x00, 0x00, 0x03, 0xD3, 0xD0, 0x00, 0x1F, 0x00, 0x00, 0xF8,
    0xF0, 0x00, 0x1F, 0xF0, 0x00, 0x2F, 0x7C, 0x00, 0x0B, 0xFC, 0x00, 0x0B, 0xCF, 0x00, 0x01, 0xFF,
    0x00, 0x02, 0xF3, 0xC0, 0x00, 0x2F, 0x40, 0x00, 0xB8, 0xF4, 0x00, 0x00, 0x00, 0x00, 0x3E, 0x2F,
    0x00, 0x00, 0x00, 0x00, 0x0F, 0x47, 0xD0, 0x00, 0x00, 0x00, 0x0B, 0xC0, 0xFC, 0x00, 0x00, 0x00,
    0x07, 0xD0, 0x1F, 0x80, 0x00, 0x00, 0x03, 0xF0, 0x02, 0xF8, 0x00, 0x00, 0x07, 0xF0, 0x00, 0x2F,
    0xD0, 0x00, 0x0B, 0xF4, 0x00, 0x02, 0xFF, 0xA5, 0xBF, 0xF0, 0x00, 0x00, 0x0B, 0xFF, 0xFF, 0xD0,
    0x00, 0x00, 0x00, 0x2F, 0xFE, 0x40, 0x00, 0x00, 0x00, 0x00, 0x00, 0x50, 0x00, 0x00, 0x00, 0x00,
    0x2F, 0xFF, 0xE4, 0x00, 0x00, 0x00, 0xBF, 0xFF, 0xFF, 0xD0, 0x00, 0x00, 0xFF, 0x90, 0x07, 0xFE,
    0x00, 0x00, 0xFE, 0x00, 0x00, 0x1F, 0xE0, 0x00, 0xFD, 0x00, 0x00, 0x00, 0xBD, 0x00, 0xBD, 0x00,
    0x00, 0x00, 0x0F, 0xC0, 0x3E, 0x00, 0x00, 0x00, 0x00, 0xF8, 0x2F, 0x00, 0x00, 0x00, 0x00, 0x2F,
    0x0F, 0x80, 0x01, 0xFE, 0x00, 0x03, 0xD3, 0xD0, 0x01, 0xFF, 0xF0, 0x00, 0xF8, 0xF0, 0x00, 0xF4,
    0x2E, 0x00, 0x2F, 0x7C, 0x00, 0x78, 0x03, 0xC0, 0x0B, 0xCF, 0x00, 0x1E, 0x00, 0xF0, 0x02, 0xF3,
    0xC0, 0x03, 0xD0, 0xB8, 0x00, 0xB8, 0xF4, 0x00, 0x7F, 0xFC, 0x00, 0x3E, 0x2F, 0x00, 0x07, 0xF8,
    0x00, 0x0F, 0x47, 0xD0, 0x00, 0x00, 0x00, 0x0B, 0xC0, 0xFC, 0x00, 0x00, 0x00, 0x07, 0xD0, 0x1F,
    0x80, 0x00, 0x00, 0x03, 0xF0, 0x02, 0xF8, 0x00, 0x00, 0x07, 0xF0, 0x00, 0x2F, 0xD0, 0x00, 0x0B,
    0xF4, 0x00, 0x02, 0xFF, 0xA5, 0xBF, 0xF0, 0x00, 0x00, 0x0B, 0xFF, 0xFF, 0xD0, 0x00, 0x00, 0x00,
    0x2F, 0xFE, 0x40, 0x00, 0x00, 0x00, 0x00, 0x00, 0x50, 0x00, 0x00, 0x00, 0x00, 0x2F, 0xFF, 0xE4,
    0x00, 0x00, 0x00, 0xBF, 0xFF, 0xFF, 0xD0, 0x00, 0x00, 0xFF, 0x90, 0x07, 0xFE, 0x00, 0x00, 0xFE,
    0x00, 0x00, 0x1F, 0xE0, 0x00, 0xFD, 0x00, 0x00, 0x00, 0xBD, 0x00, 0xBD, 0x00, 0x05, 0x00, 0x0F,
    0xC0, 0x3E, 0x00, 0x07, 0xC0, 0x00, 0xF8, 0x2F, 0x00, 0x01, 0xF0, 0x00, 0x2F, 0x0F, 0x80, 0x74,
    0x7C, 0x2C, 0x03, 0xD3, 0xD0, 0x3F, 0x9F, 0x7F, 0x40, 0xF8, 0xF0, 0x02, 0xFF, 0xFF, 0x40, 0x2F,
    0x7C, 0x00, 0x0F, 0xFE, 0x00, 0x0B, 0xCF, 0x00, 0x07, 0xFF, 0xC0, 0x02, 0xF3, 0xC0, 0x1F, 0xFF,
    0xFE, 0x00, 0xB8, 0xF4, 0x0B, 0xD7, 0xCB, 0xD0, 0x3E, 0x2F, 0x00, 0x81, 0xF0, 0x60, 0x0F, 0x47,
    0xD0, 0x00, 0x7C, 0x00, 0x0B, 0xC0, 0xFC, 0x00, 0x1F, 0x00, 0x07, 0xD0, 0x1F, 0x80, 0x00, 0x00,
    0x03, 0xF0, 0x02, 0xF8, 0x00, 0x00, 0x07, 0xF0, 0x00, 0x2F, 0xD0, 0x00, 0x0B, 0xF4, 0x00, 0x02,
    0xFF, 0xA5, 0xBF, 0xF0, 0x00, 0x00, 0x0B, 0xFF, 0xFF, 0xD0, 0x00, 0x00, 0x00, 0x2F, 0xFE, 0x40,
    0x00, 0x00, 0x00, 0x00, 0x00, 0x50, 0x00, 0x00, 0x00, 0x00, 0x2F, 0xFF, 0xE4, 0x00, 0x00, 0x00,
    0xBF, 0xFF, 0xFF, 0xD0, 0x00, 0x00, 0xFF, 0x90, 0x07, 0xFE, 0x00, 0x00, 0xFE, 0x00, 0x00, 0x1F,
    0xE0, 0x00, 0xFD, 0x00, 0x00, 0x00, 0xBD, 0x00, 0xBD, 0x00, 0x00, 0x00, 0x0F, 0xC0, 0x3E, 0x00,
    0x00, 0x00, 0x00, 0xF8, 0x2F, 0x00, 0x00, 0x00, 0x00, 0x2F, 0x0F, 0x82, 0xFF, 0xFF, 0xFF, 0x03,
    0xD3, 0xD0, 0xBF, 0xFF, 0xFF, 0xC0, 0xF8, 0xF0, 0x05, 0x55, 0x55, 0x50, 0x2F, 0x7C, 0x00, 0x00,
    0x00, 0x00, 0x0B, 0xCF, 0x00, 0x00, 0x00, 0x00, 0x02, 0xF3, 0xC0, 0x15, 0x55, 0x55, 0x40, 0xB8,
    0xF4, 0x2F, 0xFF, 0xFF, 0xF0, 0x3E, 0x2F, 0x0B, 0xFF, 0xFF, 0xFC, 0x0F, 0x47, 0xD0, 0x00, 0x00,
    0x00, 0x0B, 0xC0, 0xFC, 0x00, 0x00, 0x00, 0x07, 0xD0, 0x1F, 0x80, 0x00, 0x00, 0x03, 0xF0, 0x02,
    0xF8, 0x00, 0x00, 0x07, 0xF0, 0x00, 0x2F, 0xD0, 0x00, 0x0B, 0xF4, 0x00, 0x02, 0xFF, 0xA5, 0xBF,
    0xF0, 0x00, 0x00, 0x0B, 0xFF, 0xFF, 0xD0, 0x00, 0x00, 0x00, 0x2F, 0xFE, 0x40, 0x00, 0x00, 0x00,
    0x00, 0x00, 0x50, 0x00, 0x00, 0x00, 0x00, 0x2F, 0xFF, 0xE4, 0x00, 0x00, 0x00, 0xBF, 0xFF, 0xFF,
    0xD0, 0x00, 0x00, 0xFF, 0x90, 0x07, 0xFE, 0x00, 0x00, 0xFE, 0x00, 0x00, 0x1F, 0xE0, 0x00, 0xFD,
    0x00, 0x00, 0x00, 0xBD, 0x00, 0xBD, 0x00, 0x00, 0x00, 0x0F, 0xC0, 0x3E, 0x00, 0x00, 0x00, 0x00,
    0xF8, 0x2F, 0x00, 0x00, 0x00, 0x00, 0x2F, 0x0F, 0x80, 0x00, 0x00, 0x00, 0x03, 0xD3, 0xD0, 0x00,
    0x00, 0x00, 0x00, 0xF8, 0xF0, 0x05, 0x55, 0x55, 0x50, 0x2F, 0x7C, 0x0B, 0xFF, 0xFF, 0xFC, 0x0B,
    0xCF, 0x02, 0xFF, 0xFF, 0xFF, 0x02, 0xF3, 0xC0, 0x00, 0x00, 0x00, 0x00, 0xB8, 0xF4, 0x00, 0x00,
    0x00, 0x00, 0x3E, 0x2F, 0x00, 0x00, 0x00, 0x00, 0x0F, 0x47, 0xD0, 0x00, 0x00, 0x00, 0x0B, 0xC0,
    0xFC, 0x00, 0x00, 0x00, 0x07, 0xD0, 0x1F, 0x80, 0x00, 0x00, 0x03, 0xF0, 0x02, 0xF8, 0x00, 0x00,
    0x07, 0xF0, 0x00, 0x2F, 0xD0, 0x00, 0x0B, 0xF4, 0x00, 0x02, 0xFF, 0xA5, 0xBF, 0xF0, 0x00, 0x00,
    0x0B, 0xFF, 0xFF, 0xD0, 0x00, 0x00, 0x00, 0x2F, 0xFE, 0x40, 0x00, 0x00, 0x15, 0x55, 0x55, 0x55,
    0x55, 0x51, 0xFF, 0xFF, 0xFF, 0xFF, 0xFF, 0xD7, 0xFF, 0xFF, 0xFF, 0xFF, 0xFF, 0x5F, 0x00, 0x02,
    0xE0, 0x00, 0x3D, 0x7C, 0x00, 0x0B, 0x80, 0x00, 0xF5, 0xF0, 0x00, 0x2E, 0x00, 0x03, 0xD7, 0xC0,
    0x00, 0xB8, 0x00, 0x0F, 0x5F, 0x00, 0x02, 0xE0, 0x00, 0x3D, 0x7C, 0x00, 0x0B, 0x80, 0x00, 0xF5,
    0xF0, 0x00, 0x2E, 0x00, 0x03, 0xD7, 0xFF, 0xFF, 0xFF, 0xFF, 0xFF, 0x5F, 0xFF, 0xFF, 0xFF, 0xFF,
    0xFD, 0x7D, 0x55, 0x5F, 0x95, 0x55, 0xF5, 0xF0, 0x00, 0x2E, 0x00, 0x03, 0xD7, 0xC0, 0x00, 0xB8,
    0x00, 0x0F, 0x5F, 0x00, 0x02, 0xE0, 0x00, 0x3D, 0x7C, 0x00, 0x0B, 0x80, 0x00, 0xF5, 0xF0, 0x00,
    0x2E, 0x00, 0x03, 0xD7, 0xC0, 0x00, 0xB8, 0x00, 0x0F, 0x5F, 0x55, 0x57, 0xE5, 0x55, 0x7D, 0x7F,
    0xFF, 0xFF, 0xFF, 0xFF, 0xF5, 0xFF, 0xFF, 0xFF, 0xFF, 0xFF, 0xD0, 0x15, 0x55, 0x55, 0x55, 0x55,
    0x51, 0xFF, 0xFF, 0xFF, 0xFF, 0xFF, 0xD7, 0xFF, 0xFF, 0xFF, 0xFF, 0xFF, 0x5F, 0x00, 0x00, 0x00,
    0x00, 0x3D, 0x7C, 0x00, 0x00, 0x00, 0x00, 0xF5, 0xF0, 0x00, 0x00, 0x00, 0x03, 0xD7, 0xC0, 0x00,
    0x00, 0x00, 0x0F, 0x5F, 0x00, 0x00, 0x00, 0x00, 0x3D, 0x7C, 0x00, 0x00, 0x00, 0x00, 0xF5, 0xF0,
    0x00, 0x00, 0x00, 0x03, 0xD7, 0xFF, 0xFF, 0xFF, 0xFF, 0xFF, 0x5F, 0xFF, 0xFF, 0xFF, 0xFF, 0xFD,
    0x7D, 0x55, 0x55, 0x55, 0x55, 0xF5, 0xF0, 0x00, 0x00, 0x00, 0x03, 0xD7, 0xC0, 0x00, 0x00, 0x00,
    0x0F, 0x5F, 0x00, 0x00, 0x00, 0x00, 0x3D, 0x7C, 0x00, 0x00, 0x00, 0x00, 0xF5, 0xF0, 0x00, 0x00,
    0x00, 0x03, 0xD7, 0xC0, 0x00, 0x00, 0x00, 0x0F, 0x5F, 0x55, 0x55, 0x55, 0x55, 0x7D, 0x7F, 0xFF,
    0xFF, 0xFF, 0xFF, 0xF5, 0xFF, 0xFF, 0xFF, 0xFF, 0xFF, 0xD0, 0x15, 0x55, 0x55, 0x55, 0x55, 0x51,
    0xFF, 0xFF, 0xFF, 0xFF, 0xFF, 0xD7, 0xFF, 0xFF, 0xFF, 0xFF, 0xFF, 0x5F, 0xF0, 0x00, 0x00, 0x07,
    0xFD, 0x7F, 0xF0, 0x00, 0x00, 0x7F, 0xF5, 0xF3, 0xF0, 0x00, 0x07, 0xF3, 0xD7, 0xC3, 0xF0, 0x00,
    0x7F, 0x0F, 0x5F, 0x03, 0xF0, 0x07, 0xF0, 0x3D, 0x7C, 0x03, 0xF0, 0x7F, 0x00, 0xF5, 0xF0, 0x03,
    0xF7, 0xF0, 0x03, 0xD7, 0xC0, 0x03, 0xFF, 0x00, 0x0F, 0x5F, 0x00, 0x07, 0xF4, 0x00, 0x3D, 0x7C,
    0x00, 0x7F, 0xF4, 0x00, 0xF5, 0xF0, 0x07, 0xF3, 0xF4, 0x03, 0xD7, 0xC0, 0x7F, 0x03, 0xF4, 0x0F,
    0x5F, 0x07, 0xF0, 0x03, 0xF4, 0x3D, 0x7C, 0x7F, 0x00, 0x03, 0xF4, 0xF5, 0xF7, 0xF0, 0x00, 0x03,
    0xF7, 0xD7, 0xFF, 0x00, 0x00, 0x03, 0xFF, 0x5F, 0xF5, 0x55, 0x55, 0x57, 0xFD, 0x7F, 0xFF, 0xFF,
    0xFF, 0xFF, 0xF5, 0xFF, 0xFF, 0xFF, 0xFF, 0xFF, 0xD0, 0x15, 0x55, 0x55, 0x55, 0x55, 0x51, 0xFF,
    0xFF, 0xFF, 0xFF, 0xFF, 0xD7, 0xFF, 0xFF, 0xFF, 0xFF, 0xFF, 0x5F, 0x00, 0x00, 0x00, 0x00, 0x3D,
    0x7C, 0x00, 0x00, 0x00, 0x00, 0xF5, 0xF0, 0x00, 0x00, 0x00, 0x03, 0xD7, 0xC0, 0x00, 0x00, 0x00,
    0x0F, 0x5F, 0x00, 0x00, 0x00, 0x00, 0x3D, 0x7C, 0x00, 0x00, 0x00, 0x00, 0xF5, 0xF0, 0x00, 0x7F,
    0x00, 0x03, 0xD7, 0xC0, 0x03, 0xFF, 0x00, 0x0F, 0x5F, 0x00, 0x0F, 0xFC, 0x00, 0x3D, 0x7C, 0x00,
    0x3F, 0xF0, 0x00, 0xF5, 0xF0, 0x00, 0x3E, 0x00, 0x03, 0xD7, 0xC0, 0x00, 0x00, 0x00, 0x0F, 0x5F,
    0x00, 0x00, 0x00, 0x00, 0x3D, 0x7C, 0x00, 0x00, 0x00, 0x00, 0xF5, 0xF0, 0x00, 0x00, 0x00, 0x03,
    0xD7, 0xC0, 0x00, 0x00, 0x00, 0x0F, 0x5F, 0x55, 0x55, 0x55, 0x55, 0x7D, 0x7F, 0xFF, 0xFF, 0xFF,
    0xFF, 0xF5, 0xFF, 0xFF, 0xFF, 0xFF, 0xFF, 0xD0, 0x7C, 0x00, 0x00, 0x00, 0x00, 0x01, 0xF0, 0x00,
    0x00, 0x00, 0x00, 0x07, 0xC0, 0x00, 0x00, 0x00, 0x00, 0x1F, 0x00, 0x00, 0x00, 0x00, 0x00, 0x7C,
    0x00, 0x00, 0x00, 0x00, 0x01, 0xF0, 0x00, 0x00, 0x00, 0x00, 0x07, 0xC0, 0x00, 0x00, 0x00, 0x00,
    0x1F, 0x00, 0x00, 0x00, 0x00, 0x00, 0x7C, 0x00, 0x00, 0x00, 0x00, 0x01, 0xF5, 0x55, 0x55, 0x55,
    0x55, 0x47, 0xFF, 0xFF, 0xFF, 0xFF, 0xFF, 0x5F, 0xFF, 0xFF, 0xFF, 0xFF, 0xFD, 0x7C, 0x00, 0x00,
    0x00, 0x00, 0x01, 0xF0, 0x00, 0x00, 0x00, 0x00, 0x07, 0xC0, 0x00, 0x00, 0x00, 0x00, 0x1F, 0x00,
    0x00, 0x00, 0x00, 0x00, 0x7C, 0x00, 0x00, 0x00, 0x00, 0x01, 0xF0, 0x00, 0x00, 0x00, 0x00, 0x07,
    0xC0, 0x00, 0x00, 0x00, 0x00, 0x1F, 0x00, 0x00, 0x00, 0x00, 0x00, 0x7C, 0x00, 0x00, 0x00, 0x00,
    0x00, 0x50, 0x00, 0x00, 0x00, 0x00, 0x00, 0x00, 0x00, 0x00, 0x00, 0x00, 0xF4, 0x00, 0x00, 0x00,
    0x00, 0x03, 0xD0, 0x00, 0x00, 0x00, 0x00, 0x0F, 0x40, 0x00, 0x00, 0x00, 0x00, 0x3D, 0x00, 0x00,
    0x00, 0x00, 0x00, 0xF4, 0x00, 0x00, 0x00, 0x00, 0x03, 0xD0, 0x00, 0x00, 0x00, 0x00, 0x0F, 0x40,
    0x00, 0x00, 0x00, 0x00, 0x3D, 0x00, 0x00, 0x00, 0x00, 0x00, 0xF4, 0x55, 0x55, 0x55, 0x55, 0x57,
    0xD7, 0xFF, 0xFF, 0xFF, 0xFF, 0xFF, 0x5F, 0xFF, 0xFF, 0xFF, 0xFF, 0xFD, 0x00, 0x00, 0x00, 0x00,
    0x00, 0xF4, 0x00, 0x00, 0x00, 0x00, 0x03, 0xD0, 0x00, 0x00, 0x00, 0x00, 0x0F, 0x40, 0x00, 0x00,
    0x00, 0x00, 0x3D, 0x00, 0x00, 0x00, 0x00, 0x00, 0xF4, 0x00, 0x00, 0x00, 0x00, 0x03, 0xD0, 0x00,
    0x00, 0x00, 0x00, 0x0F, 0x40, 0x00, 0x00, 0x00, 0x00, 0x3D, 0x00, 0x00, 0x00, 0x00, 0x00, 0xF4,
    0x00, 0x00, 0x00, 0x00, 0x01, 0x40, 0x15, 0x55, 0x55, 0x55, 0x55, 0x51, 0xFF, 0xFF, 0xFF, 0xFF,
    0xFF, 0xD7, 0xFF, 0xFF, 0xFF, 0xFF, 0xFF, 0x40, 0x00, 0x02, 0xE0, 0x00, 0x00, 0x00, 0x00, 0x0B,
    0x80, 0x00, 0x00, 0x00, 0x00, 0x2E, 0x00, 0x00, 0x00, 0x00, 0x00, 0xB8, 0x00, 0x00, 0x00, 0x00,
    0x02, 0xE0, 0x00, 0x00, 0x00, 0x00, 0x0B, 0x80, 0x00, 0x00, 0x00, 0x00, 0x2E, 0x00, 0x00, 0x00,
    0x00, 0x00, 0xB8, 0x00, 0x00, 0x00, 0x00, 0x02, 0xE0, 0x00, 0x00, 0x00, 0x00, 0x0B, 0x80, 0x00,
    0x00, 0x00, 0x00, 0x2E, 0x00, 0x00, 0x00, 0x00, 0x00, 0xB8, 0x00, 0x00, 0x00, 0x00, 0x02, 0xE0,
    0x00, 0x00, 0x00, 0x00, 0x0B, 0x80, 0x00, 0x00, 0x00, 0x00, 0x2E, 0x00, 0x00, 0x00, 0x00, 0x00,
    0xB8, 0x00, 0x00, 0x00, 0x00, 0x02, 0xE0, 0x00, 0x00, 0x00, 0x00, 0x0B, 0x80, 0x00, 0x00, 0x00,
    0x00, 0x2E, 0x00, 0x00, 0x00, 0x00, 0x00, 0x06, 0x40, 0x00, 0x00, 0x00, 0x00, 0x2E, 0x00, 0x00,
    0x00, 0x00, 0x00, 0xB8, 0x00, 0x00, 0x00, 0x00, 0x02, 0xE0, 0x00, 0x00, 0x00, 0x00, 0x0B, 0x80,
    0x00, 0x00, 0x00, 0x00, 0x2E, 0x00, 0x00, 0x00, 0x00, 0x00, 0xB8, 0x00, 0x00, 0x00, 0x00, 0x02,
    0xE0, 0x00, 0x00, 0x00, 0x00, 0x0B, 0x80, 0x00, 0x00, 0x00, 0x00, 0x2E, 0x00, 0x00, 0x00, 0x00,
    0x00, 0xB8, 0x00, 0x00, 0x00, 0x00, 0x02, 0xE0, 0x00, 0x00, 0x00, 0x00, 0x0B, 0x80, 0x00, 0x00,
    0x00, 0x00, 0x2E, 0x00, 0x00, 0x00, 0x00, 0x00, 0xB8, 0x00, 0x00, 0x00, 0x00, 0x02, 0xE0, 0x00,
    0x00, 0x00, 0x00, 0x0B, 0x80, 0x00, 0x00, 0x00, 0x00, 0x2E, 0x00, 0x00, 0x00, 0x00, 0x00, 0xB8,
    0x00, 0x00, 0x05, 0x55, 0x57, 0xF5, 0x55, 0x54, 0x7F, 0xFF, 0xFF, 0xFF, 0xFF, 0xF5, 0xFF, 0xFF,
    0xFF, 0xFF, 0xFF, 0xD0, 0x7C, 0x00, 0x00, 0x1F, 0x00, 0x00, 0x07, 0xC0, 0x00, 0x01, 0xF0, 0x00,
    0x00, 0x7C, 0x00, 0x00, 0x1F, 0x00, 0x00, 0x07, 0xC0, 0x00, 0x01, 0xF0, 0x00, 0x00, 0x7C, 0x00,
    0x00, 0x1F, 0x55, 0x55, 0x47, 0xFF, 0xFF, 0xF9, 0xFF, 0xFF, 0xFE, 0x7C, 0x00, 0x00, 0x1F, 0x00,
    0x00, 0x07, 0xC0, 0x00, 0x01, 0xF0, 0x00, 0x00, 0x7C, 0x00, 0x00, 0x1F, 0x00, 0x00, 0x07, 0xC0,
    0x00, 0x01, 0xF0, 0x00, 0x00, 0x7C, 0x00, 0x00, 0x05, 0x00, 0x00, 0x00, 0x7C, 0x00, 0x00, 0x1F,
    0x00, 0x00, 0x07, 0xC0, 0x00, 0x01, 0xF0, 0x00, 0x00, 0x7C, 0x00, 0x00, 0x1F, 0x00, 0x00, 0x07,
    0xFF, 0xFF, 0xFD, 0xFF, 0xFF, 0xFF, 0x7D, 0x55, 0x55, 0x5F, 0x00, 0x00, 0x07, 0xC0, 0x00, 0x01,
    0xF0, 0x00, 0x00, 0x7C, 0x00, 0x00, 0x1F, 0x55, 0x55, 0x57, 0xFF, 0xFF, 0xFD, 0xFF, 0xFF, 0xFF,
    0x7C, 0x00, 0x00, 0x1F, 0x00, 0x00, 0x07, 0xC0, 0x00, 0x01, 0xF0, 0x00, 0x00, 0x7C, 0x00, 0x00,
    0x1F, 0x00, 0x00, 0x00, 0x7C, 0x00, 0x00, 0x00, 0x00, 0x01, 0xF0, 0x00, 0x00, 0x00, 0x00, 0x07,
    0xC0, 0x00, 0x00, 0x00, 0x00, 0x1F, 0x00, 0x00, 0x00, 0x00, 0x00, 0x7C, 0x00, 0x00, 0x00, 0x00,
    0x01, 0xF0, 0x00, 0x00, 0x00, 0x00, 0x07, 0xFF, 0xFF, 0xFF, 0xFF, 0xFF, 0x5F, 0xFF, 0xFF, 0xFF,
    0xFF, 0xFD, 0x7D, 0x55, 0x55, 0x55, 0x55, 0x51, 0xF0, 0x00, 0x00, 0x00, 0x00, 0x07, 0xC0, 0x00,
    0x00, 0x00, 0x00, 0x1F, 0x00, 0x00, 0x00, 0x00, 0x00, 0x7C, 0x00, 0x00, 0x00, 0x00, 0x01, 0xF5,
    0x55, 0x55, 0x55, 0x55, 0x47, 0xFF, 0xFF, 0xFF, 0xFF, 0xFF, 0x5F, 0xFF, 0xFF, 0xFF, 0xFF, 0xFD,
    0x7C, 0x00, 0x00, 0x00, 0x00, 0x01, 0xF0, 0x00, 0x00, 0x00, 0x00, 0x07, 0xC0, 0x00, 0x00, 0x00,
    0x00, 0x1F, 0x00, 0x00, 0x00, 0x00, 0x00, 0x7C, 0x00, 0x00, 0x00, 0x00, 0x01, 0xF0, 0x00, 0x00,
    0x00, 0x00, 0x00, 0x7C, 0x03, 0xD0, 0x00, 0x00, 0x00, 0x1F, 0x00, 0xF4, 0x00, 0x00, 0x00, 0x07,
    0xC0, 0x3D, 0x00, 0x00, 0x00, 0x01, 0xF0, 0x0F, 0x40, 0x00, 0x00, 0x00, 0x7C, 0x03, 0xD0, 0x00,
    0x00, 0x00, 0x1F, 0x00, 0xF4, 0x00, 0x00, 0x00, 0x07, 0xC0, 0x3D, 0x00, 0x00, 0x00, 0x01, 0xF0,
    0x0F, 0x40, 0x00, 0x00, 0x00, 0x7C, 0x03, 0xD0, 0x00, 0x00, 0x00, 0x1F, 0x00, 0xF9, 0x55, 0x55,
    0x55, 0x57, 0xC0, 0x3F, 0xFF, 0xFF, 0xFF, 0xFD, 0xF0, 0x0F, 0xFF, 0xFF, 0xFF, 0xFF, 0x7C, 0x03,
    0xD0, 0x00, 0x00, 0x00, 0x1F, 0x00, 0xF4, 0x00, 0x00, 0x00, 0x07, 0xC0, 0x3D, 0x00, 0x00, 0x00,
    0x01, 0xF0, 0x0F, 0x40, 0x00, 0x00, 0x00, 0x7C, 0x03, 0xD0, 0x00, 0x00, 0x00, 0x1F, 0x00, 0xF4,
    0x00, 0x00, 0x00, 0x07, 0xC0, 0x3D, 0x00, 0x00, 0x00, 0x01, 0xF0, 0x0F, 0x40, 0x00, 0x00, 0x00,
    0x7C, 0x03, 0xD0, 0x00, 0x00, 0x00, 0x05, 0x00, 0x50, 0x00, 0x00, 0x00, 0x00, 0x7C, 0x03, 0xD0,
    0x3E, 0x00, 0x00, 0x07, 0xC0, 0x3D, 0x03, 0xE0, 0x00, 0x00, 0x7C, 0x03, 0xD0, 0x3E, 0x00, 0x00,
    0x07, 0xC0, 0x3D, 0x03, 0xE0, 0x00, 0x00, 0x7C, 0x03, 0xD0, 0x3E, 0x00, 0x00, 0x07, 0xC0, 0x3D,
    0x03, 0xE0, 0x00, 0x00, 0x7C, 0x03, 0xD0, 0x3E, 0x00, 0x00, 0x07, 0xC0, 0x3D, 0x03, 0xE0, 0x00,
    0x00, 0x7C, 0x03, 0xD0, 0x3E, 0x00, 0x00, 0x07, 0xC0, 0x3D, 0x03, 0xE5, 0x55, 0x54, 0x7C, 0x03,
    0xD0, 0x3F, 0xFF, 0xFF, 0xC7, 0xC0, 0x3D, 0x03, 0xFF, 0xFF, 0xFC, 0x7C, 0x03, 0xD0, 0x3E, 0x00,
    0x00, 0x07, 0xC0, 0x3D, 0x03, 0xE0, 0x00, 0x00, 0x7C, 0x03, 0xD0, 0x3E, 0x00, 0x00, 0x07, 0xC0,
    0x3D, 0x03, 0xE0, 0x00, 0x00, 0x7C, 0x03, 0xD0, 0x3E, 0x00, 0x00, 0x07, 0xC0, 0x3D, 0x03, 0xE0,
    0x00, 0x00, 0x7C, 0x03, 0xD0, 0x3E, 0x00, 0x00, 0x07, 0xC0, 0x3D, 0x03, 0xE0, 0x00, 0x00, 0x7C,
    0x03, 0xD0, 0x3E, 0x00, 0x00, 0x01, 0x40, 0x14, 0x01, 0x50, 0x00, 0x00, 0x7C, 0x03, 0xD0, 0x00,
    0x00, 0x00, 0x1F, 0x00, 0xF4, 0x00, 0x00, 0x00, 0x07, 0xC0, 0x3D, 0x00, 0x00, 0x00, 0x01, 0xF0,
    0x0F, 0x40, 0x00, 0x00, 0x00, 0x7C, 0x03, 0xD0, 0x00, 0x00, 0x00, 0x1F, 0x00, 0xF4, 0x00, 0x00,
    0x00, 0x07, 0xC0, 0x3F, 0xFF, 0xFF, 0xFF, 0xFD, 0xF0, 0x0F, 0xFF, 0xFF, 0xFF, 0xFF, 0x7C, 0x03,
    0xE5, 0x55, 0x55, 0x55, 0x5F, 0x00, 0xF4, 0x00, 0x00, 0x00, 0x07, 0xC0, 0x3D, 0x00, 0x00, 0x00,
    0x01, 0xF0, 0x0F, 0x40, 0x00, 0x00, 0x00, 0x7C, 0x03, 0xD0, 0x00, 0x00, 0x00, 0x1F, 0x00, 0xF9,
    0x55, 0x55, 0x55, 0x57, 0xC0, 0x3F, 0xFF, 0xFF, 0xFF, 0xFD, 0xF0, 0x0F, 0xFF, 0xFF, 0xFF, 0xFF,
    0x7C, 0x03, 0xD0, 0x00, 0x00, 0x00, 0x1F, 0x00, 0xF4, 0x00, 0x00, 0x00, 0x07, 0xC0, 0x3D, 0x00,
    0x00, 0x00, 0x01, 0xF0, 0x0F, 0x40, 0x00, 0x00, 0x00, 0x7C, 0x03, 0xD0, 0x00, 0x00, 0x00, 0x1F,
    0x00, 0xF4, 0x00, 0x00, 0x00, 0x00, 0x00, 0x00, 0x00, 0x00, 0x00, 0x00, 0x00, 0x00, 0x00, 0x0E,
    0x00, 0x07, 0xC0, 0x00, 0x00, 0x7C, 0x00, 0x1F, 0x00, 0x00, 0x02, 0xE0, 0x00, 0x7C, 0x00, 0x00,
    0x0F, 0x00, 0x01, 0xF0, 0x00, 0x00, 0xBC, 0x00, 0x07, 0xC0, 0x00, 0x03, 0xD0, 0x00, 0x1F, 0x00,
    0x00, 0x1F, 0x00, 0x00, 0x7C, 0x00, 0x00, 0xB8, 0x00, 0x01, 0xF0, 0x00, 0x03, 0xD0, 0x00, 0x07,
    0xC0, 0x00, 0x1F, 0x00, 0x00, 0x1F, 0x55, 0x55, 0xF9, 0x55, 0x54, 0x7F, 0xFF, 0xFF, 0xFF, 0xFF,
    0xF5, 0xFF, 0xFF, 0xFF, 0xFF, 0xFF, 0xD7, 0xC0, 0x00, 0xF4, 0x00, 0x00, 0x1F, 0x00, 0x07, 0xC0,
    0x00, 0x00, 0x7C, 0x00, 0x3E, 0x00, 0x00, 0x01, 0xF0, 0x00, 0xF0, 0x00, 0x00, 0x07, 0xC0, 0x0B,
    0xC0, 0x00, 0x00, 0x1F, 0x00, 0x3D, 0x00, 0x00, 0x00, 0x7C, 0x01, 0xF0, 0x00, 0x00, 0x01, 0xF0,
    0x0F, 0x80, 0x00, 0x00, 0x07, 0xC0, 0x3C, 0x00, 0x00, 0x00, 0x05, 0x02, 0xF0, 0x00, 0x00, 0x00,
    0x00, 0x01, 0x40, 0x00, 0x00, 0x00, 0x00, 0x00, 0x00, 0x00, 0x00, 0x00, 0x00, 0x00, 0x00, 0x0E,
    0x00, 0x07, 0xC0, 0x00, 0x00, 0x7C, 0x00, 0x1F, 0x00, 0x00, 0x02, 0xE0, 0x00, 0x7C, 0x00, 0x00,
    0x0F, 0x40, 0x01, 0xF0, 0x00, 0x00, 0x7C, 0x00, 0x07, 0xC0, 0x00, 0x03, 0xE0, 0x00, 0x1F, 0x00,
    0x00, 0x0F, 0x00, 0x00, 0x7F, 0xFF, 0xFF, 0xFF, 0xFF, 0xF5, 0xFF, 0xFF, 0xFF, 0xFF, 0xFF, 0xD7,
    0xD5, 0x55, 0x6F, 0x55, 0x55, 0x1F, 0x00, 0x00, 0xF8, 0x00, 0x00, 0x7C, 0x00, 0x03, 0xC0, 0x00,
    0x01, 0xF0, 0x00, 0x2F, 0x00, 0x00, 0x07, 0xC0, 0x00, 0xF4, 0x00, 0x00, 0x1F, 0x55, 0x5B, 0xD5,
    0x55, 0x54, 0x7F, 0xFF, 0xFF, 0xFF, 0xFF, 0xF5, 0xFF, 0xFF, 0xFF, 0xFF, 0xFF, 0xD7, 0xC0, 0x07,
    0xC0, 0x00, 0x00, 0x1F, 0x00, 0x3D, 0x00, 0x00, 0x00, 0x7C, 0x00, 0xF0, 0x00, 0x00, 0x01, 0xF0,
    0x0B, 0x80, 0x00, 0x00, 0x07, 0xC0, 0x3D, 0x00, 0x00, 0x00, 0x1F, 0x01, 0xF0, 0x00, 0x00, 0x00,
    0x00, 0x07, 0x80, 0x00, 0x00, 0x00, 0x00, 0x00, 0x00, 0x00, 0x00, 0x00, 0x00, 0x00, 0x00, 0x00,
    0x00, 0x00, 0x00, 0x00, 0x00, 0x00, 0x00, 0x3C, 0x07, 0xC0, 0x3D, 0x00, 0x00, 0x0F, 0x01, 0xF0,
    0x0F, 0x40, 0x00, 0x0B, 0x80, 0x7C, 0x03, 0xD0, 0x00, 0x03, 0xD0, 0x1F, 0x00, 0xF4, 0x00, 0x01,
    0xF0, 0x07, 0xC0, 0x3D, 0x00, 0x00, 0xF8, 0x01, 0xF0, 0x0F, 0x40, 0x00, 0x3C, 0x00, 0x7C, 0x03,
    0xD0, 0x00, 0x2F, 0x00, 0x1F, 0x00, 0xF4, 0x00, 0x0F, 0x40, 0x07, 0xC0, 0x3D, 0x00, 0x07, 0xC0,
    0x01, 0xF0, 0x0F, 0x95, 0x57, 0xF5, 0x55, 0x7C, 0x03, 0xFF, 0xFF, 0xFF, 0xFF, 0xDF, 0x00, 0xFF,
    0xFF, 0xFF, 0xFF, 0xF7, 0xC0, 0x3D, 0x00, 0x3D, 0x00, 0x01, 0xF0, 0x0F, 0x40, 0x1F, 0x00, 0x00,
    0x7C, 0x03, 0xD0, 0x0B, 0x80, 0x00, 0x1F, 0x00, 0xF4, 0x03, 0xD0, 0x00, 0x07, 0xC0, 0x3D, 0x01,
    0xF0, 0x00, 0x01, 0xF0, 0x0F, 0x40, 0xF4, 0x00, 0x00, 0x7C, 0x03, 0xD0, 0x7C, 0x00, 0x00, 0x1F,
    0x00, 0xF4, 0x2E, 0x00, 0x00, 0x07, 0xC0, 0x3D, 0x0F, 0x40, 0x00, 0x00, 0x50, 0x05, 0x07, 0xC0,
    0x00, 0x00, 0x00, 0x00, 0x00, 0x10, 0x00, 0x00, 0x00, 0x00, 0x00, 0x00, 0x00, 0x00, 0x00, 0x00,
    0x00, 0x00, 0x00, 0x00, 0x2C, 0x07, 0xC0, 0x3D, 0x00, 0x00, 0x0F, 0x41, 0xF0, 0x0F, 0x40, 0x00,
    0x07, 0xC0, 0x7C, 0x03, 0xD0, 0x00, 0x03, 0xE0, 0x1F, 0x00, 0xF4, 0x00, 0x00, 0xF0, 0x07, 0xC0,
    0x3D, 0x00, 0x00, 0xBC, 0x01, 0xF0, 0x0F, 0x40, 0x00, 0x3D, 0x00, 0x7C, 0x03, 0xFF, 0xFF, 0xFF,
    0xFF, 0xDF, 0x00, 0xFF, 0xFF, 0xFF, 0xFF, 0xF7, 0xC0, 0x3E, 0x55, 0x57, 0xD5, 0x55, 0xF0, 0x0F,
    0x40, 0x02, 0xF0, 0x00, 0x7C, 0x03, 0xD0, 0x00, 0xF4, 0x00, 0x1F, 0x00, 0xF4, 0x00, 0x7C, 0x00,
    0x07, 0xC0, 0x3D, 0x00, 0x2E, 0x00, 0x01, 0xF0, 0x0F, 0x95, 0x5F, 0x95, 0x55, 0x7C, 0x03, 0xFF,
    0xFF, 0xFF, 0xFF, 0xDF, 0x00, 0xFF, 0xFF, 0xFF, 0xFF, 0xF7, 0xC0, 0x3D, 0x00, 0xF0, 0x00, 0x01,
    0xF0, 0x0F, 0x40, 0xBC, 0x00, 0x00, 0x7C, 0x03, 0xD0, 0x3D, 0x00, 0x00, 0x1F, 0x00, 0xF4, 0x1F,
    0x00, 0x00, 0x07, 0xC0, 0x3D, 0x0B, 0x80, 0x00, 0x01, 0xF0, 0x0F, 0x43, 0xD0, 0x00, 0x00, 0x00,
    0x00, 0x00, 0xB0, 0x00, 0x00, 0x00, 0x00, 0x00, 0x00, 0x00, 0x00, 0x00, 0x00, 0x00, 0x07, 0xF4,
    0x00, 0x00, 0x0B, 0xFF, 0x40, 0x00, 0x07, 0xD7, 0xF0, 0x00, 0x00, 0xE0, 0x7C, 0x00, 0x00, 0x00,
    0x1F, 0x00, 0x00, 0x00, 0x0F, 0x80, 0x00, 0x00, 0x2F, 0xC0, 0x00, 0x06, 0xFF, 0xC0, 0x06, 0xBF,
    0xFF, 0x40, 0x1F, 0xFF, 0xF4, 0x00, 0x01, 0xAF, 0xFF, 0xE4, 0x00, 0x00, 0x16, 0xFF, 0x80, 0x00,
    0x00, 0x06, 0xFC, 0x00, 0x00, 0x00, 0x1F, 0x80, 0x00, 0x00, 0x01, 0xF0, 0x00, 0x00, 0x90, 0x7C,
    0x00, 0x00, 0x7D, 0x7F, 0x00, 0x00, 0x0F, 0xFF, 0x40, 0x00, 0x00, 0xBF, 0x40, 0x0B, 0xF4, 0x00,
    0x00, 0x0B, 0xFF, 0x40, 0x00, 0x03, 0xE6, 0xF0, 0x00, 0x01, 0xF0, 0x38, 0x00, 0x00, 0x3C, 0x00,
    0x00, 0x00, 0x0F, 0xC0, 0x00, 0x00, 0x01, 0xFD, 0x00, 0x00, 0x00, 0x1F, 0xF9, 0x00, 0x00, 0x00,
    0xBF, 0xFF, 0xA4, 0x00, 0x00, 0xBF, 0xFF, 0xC0, 0x06, 0xFF, 0xFE, 0x90, 0x1F, 0xFE, 0x40, 0x00,
    0x1F, 0xE0, 0x00, 0x00, 0x0F, 0xC0, 0x00, 0x00, 0x03, 0xC0, 0x00, 0x00, 0x01, 0xF0, 0x24, 0x00,
    0x00, 0x3E, 0x6F, 0x00, 0x00, 0x0B, 0xFF, 0x40, 0x00, 0x00, 0x7F, 0x40, 0x00, 0x00, 0x00, 0x00,
    0x00, 0x00, 0x00, 0x00, 0x00, 0x07, 0xC0, 0x00, 0x00, 0x6F, 0xF0, 0x00, 0x06, 0xFF, 0xFC, 0x00,
    0x2F, 0xFD, 0x0F, 0x01, 0xFF, 0xD0, 0x03, 0xC7, 0xFE, 0x00, 0x00, 0xF0, 0xBF, 0xE0, 0x00, 0x3C,
    0x01, 0xBF, 0xE0, 0x0F, 0x00, 0x01, 0xFF, 0xE3, 0xC0, 0x00, 0x02, 0xFF, 0xF0, 0x00, 0x00, 0x06,
    0xFC, 0x00, 0x00, 0x00, 0x07, 0x00, 0x00, 0x00, 0x00, 0x00, 0x1E, 0x40, 0x00, 0x00, 0x07, 0xFE,
    0x00, 0x00, 0x01, 0xFF, 0xFE, 0x00, 0x00, 0x7C, 0x2F, 0xFD, 0x00, 0x1F, 0x00, 0x2F, 0xF9, 0x07,
    0xC0, 0x00, 0x6F, 0xF1, 0xF0, 0x00, 0x2F, 0xF8, 0x7C, 0x02, 0xFF, 0xD0, 0x1F, 0x2F, 0xFD, 0x00,
    0x07, 0xFF, 0xE0, 0x00, 0x01, 0xFE, 0x40, 0x00, 0x00, 0x74, 0x00, 0x00, 0x00, 0x00, 0x00, 0x00,
    0x00, 0x00, 0x00, 0x00, 0x00, 0x00, 0x00, 0x00, 0x00, 0x06, 0xC0, 0x00, 0x00, 0x6F, 0xF0, 0x00,
    0x02, 0xFF, 0xFC, 0x00, 0x1F, 0xFE, 0x0F, 0x01, 0xBF, 0xE0, 0x03, 0xC3, 0xFE, 0x00, 0x00, 0xF0,
    0xBF, 0xD0, 0x00, 0x3C, 0x01, 0xFF, 0xD0, 0x0F, 0x00, 0x02, 0xFF, 0xD3, 0xC0, 0x00, 0x06, 0xFF,
    0xF0, 0x00, 0x00, 0x06, 0xFC, 0x00, 0x00, 0x00, 0x07, 0x00, 0x00, 0x00, 0x00, 0x01, 0x55, 0x55,
    0x55, 0x51, 0xFF, 0xFF, 0xFF, 0xFC, 0x7F, 0xFF, 0xFF, 0xFF, 0x00, 0x00, 0x00, 0x00, 0x00, 0x1E,
    0x40, 0x00, 0x00, 0x07, 0xFE, 0x00, 0x00, 0x01, 0xFF, 0xFE, 0x00, 0x00, 0x7C, 0x2F, 0xFD, 0x00,
    0x1F, 0x00, 0x2F, 0xF9, 0x07, 0xC0, 0x00, 0x6F, 0xF1, 0xF0, 0x00, 0x2F, 0xF8, 0x7C, 0x02, 0xFF,
    0xD0, 0x1F, 0x2F, 0xFD, 0x00, 0x07, 0xFF, 0xE0, 0x00, 0x01, 0xFE, 0x40, 0x00, 0x00, 0x74, 0x00,
    0x00, 0x00, 0x00, 0x00, 0x00, 0x00, 0x01, 0x55, 0x55, 0x55, 0x51, 0xFF, 0xFF, 0xFF, 0xFC, 0x7F,
    0xFF, 0xFF, 0xFF, 0x00, 0x02, 0xFD, 0x00, 0x00, 0x00, 0x6F, 0x80, 0x0F, 0xFF, 0x80, 0x00, 0x02,
    0xFF, 0xF4, 0x3F, 0x07, 0xD0, 0x00, 0x03, 0xFF, 0xFC, 0x3C, 0x02, 0xFF, 0xFF, 0xFF, 0xFF, 0xFD,
    0x7C, 0x01, 0xFF, 0xFF, 0xFF, 0xFF, 0xFD, 0x3C, 0x02, 0xD0, 0x00, 0x07, 0xFF, 0xFD, 0x3F, 0x07,
    0xC0, 0x00, 0x03, 0xFF, 0xFC, 0x0F, 0xFF, 0x40, 0x00, 0x00, 0xFF, 0xF4, 0x02, 0xFC, 0x00, 0x00,
    0x00, 0x2F, 0x80, 0x02, 0xFD, 0x00, 0x00, 0x00, 0x6F, 0x80, 0x0F, 0xFF, 0x80, 0x00, 0x01, 0xFF,
    0xF4, 0x3F, 0xFF, 0xD0, 0x00, 0x03, 0xE0, 0xBC, 0x3F, 0xFF, 0xFF, 0xFF, 0xFF, 0xC0, 0x3D, 0x7F,
    0xFF, 0xFF, 0xFF, 0xFF, 0x80, 0x2D, 0x3F, 0xFF, 0xD0, 0x00, 0x07, 0xC0, 0x3D, 0x3F, 0xFF, 0xC0,
    0x00, 0x03, 0xE0, 0xBC, 0x0F, 0xFF, 0x40, 0x00, 0x00, 0xFF, 0xF4, 0x02, 0xFD, 0x00, 0x00, 0x00,
    0x2F, 0x80, 0x00, 0x00, 0x00, 0x00, 0x2F, 0x80, 0x00, 0x00, 0x00, 0x01, 0xFF, 0xF4, 0x00, 0x00,
    0x00, 0x03, 0xE0, 0xBC, 0x7F, 0xFF, 0xFF, 0xFF, 0xC0, 0x3D, 0x7F, 0xFF, 0xFF, 0xFF, 0x80, 0x2E,
    0x00, 0x00, 0x00, 0x03, 0xC0, 0x3D, 0x00, 0x00, 0x00, 0x02, 0xE0, 0xBC, 0x00, 0x00, 0x00, 0x00,
    0xFF, 0xF4, 0x00, 0x00, 0x00, 0x00, 0x2F, 0x90, 0x00, 0x03, 0xE0, 0x00, 0x00, 0x00, 0xF8, 0x00,
    0x00, 0x00, 0x3E, 0x00, 0x00, 0x00, 0x0F, 0x80, 0x00, 0x00, 0x03, 0xE0, 0x00, 0x00, 0x00, 0x00,
    0x00, 0x00, 0x00, 0x00, 0x00, 0x01, 0xFF, 0xC0, 0x0F, 0xFC, 0x7F, 0xF0, 0x03, 0xFF, 0x05, 0x54,
    0x00, 0x55, 0x40, 0x00, 0x00, 0x00, 0x00, 0x00, 0x0F, 0x80, 0x00, 0x00, 0x03, 0xE0, 0x00, 0x00,
    0x00, 0xF8, 0x00, 0x00, 0x00, 0x3E, 0x00, 0x00, 0x00, 0x0F, 0x80, 0x00, 0x15, 0x55, 0x55, 0x54,
    0x7F, 0xFF, 0xFF, 0xFE, 0x7F, 0xFF, 0xFF, 0xFE, 0x00, 0x03, 0xD0, 0x00, 0x00, 0x03, 0xD0, 0x00,
    0x00, 0x03, 0xD0, 0x00, 0x00, 0x03, 0xD0, 0x00, 0x00, 0x03, 0xD0, 0x00, 0x00, 0x03, 0xD0, 0x00,
    0x00, 0x03, 0xD0, 0x00, 0x00, 0x03, 0xD0, 0x00, 0x00, 0x03, 0xD0, 0x00, 0x00, 0x03, 0xD0, 0x00,
    0x00, 0x03, 0xD0, 0x00, 0x00, 0x03, 0xD0, 0x00, 0x00, 0x03, 0xD0, 0x00, 0x00, 0x03, 0xD0, 0x00,
    0x00, 0x03, 0xD0, 0x00, 0x00, 0x03, 0xD0, 0x00, 0x00, 0x03, 0xD0, 0x00, 0x00, 0x03, 0xD0, 0x00,
    0x00, 0x03, 0xD0, 0x00, 0x3D, 0x00, 0x00, 0x2F, 0x0B, 0xC0, 0x00, 0x0F, 0x40, 0xF4, 0x00, 0x0B,
    0xC0, 0x2F, 0x00, 0x03, 0xD0, 0x03, 0xD0, 0x02, 0xF0, 0x00, 0xBC, 0x00, 0xF4, 0x00, 0x0F, 0x40,
    0x7C, 0x00, 0x02, 0xF0, 0x3E, 0x00, 0x00, 0x3D, 0x1F, 0x00, 0x00, 0x0B, 0x8F, 0x80, 0x00, 0x00,
    0xFB, 0xC0, 0x00, 0x00, 0x2F, 0xE0, 0x00, 0x00, 0x03, 0xF0, 0x00, 0x00, 0x00, 0xB8, 0x00, 0x00,
    0x00, 0x08, 0x00, 0x00, 0x00, 0x00, 0x00, 0x00, 0x15, 0x55, 0x55, 0x55, 0x1F, 0xFF, 0xFF, 0xFF,
    0xC7, 0xFF, 0xFF, 0xFF, 0xF0, 0x15, 0x55, 0x55, 0x55, 0x1F, 0xFF, 0xFF, 0xFF, 0xC7, 0xFF, 0xFF,
    0xFF, 0xF0, 0x00, 0x00, 0x00, 0x00, 0x00, 0x00, 0x00, 0x00, 0x00, 0x00, 0x60, 0x00, 0x00, 0x00,
    0x3E, 0x00, 0x00, 0x00, 0x1F, 0xC0, 0x00, 0x00, 0x0F, 0xF8, 0x00, 0x00, 0x03, 0xEF, 0x00, 0x00,
    0x02, 0xF3, 0xE0, 0x00, 0x00, 0xF4, 0x7C, 0x00, 0x00, 0xBC, 0x0F, 0x80, 0x00, 0x3D, 0x01, 0xF0,
    0x00, 0x2F, 0x00, 0x3E, 0x00, 0x0F, 0x40, 0x0B, 0xC0, 0x0B, 0xC0, 0x00, 0xF8, 0x03, 0xD0, 0x00,
    0x2F, 0x02, 0xF0, 0x00, 0x03, 0xD0, 0xF4, 0x00, 0x00, 0xBC, 0x15, 0x55, 0x55, 0x55, 0x1F, 0xFF,
    0xFF, 0xFF, 0xC7, 0xFF, 0xFF, 0xFF, 0xF0, 0x00, 0x00, 0x00, 0x00, 0x00, 0x00, 0x00, 0x00, 0x0A,
    0x40, 0x00, 0x06, 0x82, 0xF0, 0x00, 0x03, 0xE0, 0x3D, 0x00, 0x01, 0xF0, 0x0F, 0xC0, 0x00, 0xF8,
    0x01, 0xF0, 0x00, 0x7C, 0x00, 0x3E, 0x00, 0x3E, 0x00, 0x07, 0xC0, 0x1F, 0x00, 0x00, 0xF8, 0x0B,
    0x80, 0x00, 0x1F, 0x03, 0xC0, 0x00, 0x03, 0xE2, 0xE0, 0x00, 0x00, 0x7C, 0xF4, 0x00, 0x00, 0x0F,
    0xFC, 0x00, 0x00, 0x01, 0xFD, 0x00, 0x00, 0x00, 0x3F, 0x00, 0x00, 0x00, 0x07, 0x40, 0x00, 0x7C,
    0x00, 0x00, 0x00, 0x01, 0xF0, 0x00, 0x00, 0x00, 0x07, 0xC0, 0x00, 0x00, 0x00, 0x1F, 0x00, 0x00,
    0x00, 0x00, 0x7C, 0x00, 0x00, 0x00, 0x01, 0xF0, 0x00, 0x00, 0x00, 0x07, 0xC0, 0x00, 0x00, 0x00,
    0x1F, 0xF8, 0x00, 0x00, 0x00, 0x7F, 0xFE, 0x00, 0x00, 0x01, 0xF1, 0xBF, 0x00, 0x00, 0x07, 0xC0,
    0x3E, 0x00, 0x00, 0x1F, 0x00, 0x3D, 0x00, 0x00, 0x7C, 0x00, 0x7C, 0x00, 0x01, 0xF0, 0x00, 0xF4,
    0x00, 0x07, 0xC0, 0x02, 0xE0, 0x00, 0x1F, 0x55, 0x5B, 0xD5, 0x55, 0x7F, 0xFF, 0xFF, 0xFF, 0xFD,
    0xFF, 0xFF, 0xFF, 0xFF, 0xF0, 0x00, 0x00, 0x00, 0x00, 0x00, 0x40, 0x00, 0x00, 0x00, 0x00, 0xE0,
    0x00, 0x00, 0x00, 0x00, 0xF8, 0x00, 0x00, 0x00, 0x00, 0xFE, 0x00, 0x00, 0x00, 0x00, 0xFF, 0x80,
    0x00, 0x00, 0x00, 0xFF, 0xE0, 0x00, 0x00, 0x00, 0xFC, 0xF8, 0x00, 0x00, 0x00, 0xFC, 0x3E, 0x00,
    0x00, 0x00, 0xFC, 0x0F, 0x80, 0x00, 0x00, 0xFC, 0x03, 0xE0, 0x00, 0x00, 0xFC, 0x00, 0xF8, 0x00,
    0x00, 0xFC, 0x00, 0x3E, 0x00, 0x00, 0xFC, 0x00, 0x0F, 0x80, 0x00, 0xFC, 0x00, 0x03, 0xE0, 0x00,
    0xFC, 0x00, 0x00, 0xF8, 0x00, 0xFC, 0x00, 0x00, 0x3E, 0x00, 0xFC, 0x00, 0x00, 0x0F, 0x80, 0xFE,
    0x55, 0x55, 0x57, 0xE0, 0xFF, 0xFF, 0xFF, 0xFF, 0xF8, 0xFF, 0xFF, 0xFF, 0xFF, 0xFE, 0x00, 0x00,
    0x00, 0x18, 0x00, 0x00, 0x00, 0x00, 0x00, 0x00, 0x3E, 0x00, 0x00, 0x00, 0x00, 0x00, 0x00, 0xBF,
    0x00, 0x00, 0x00, 0x00, 0x00, 0x00, 0xFF, 0x40, 0x00, 0x00, 0x00, 0x00, 0x01, 0xFF, 0xC0, 0x00,
    0x00, 0x00, 0x00, 0x03, 0xE7, 0xC0, 0x00, 0x00, 0x00, 0x00, 0x03, 0xD3, 0xE0, 0x00, 0x00, 0x00,
    0x00, 0x0B, 0xC2, 0xF0, 0x00, 0x00, 0x00, 0x00, 0x0F, 0x80, 0xF4, 0x00, 0x00, 0x00, 0x00, 0x1F,
    0x00, 0xF8, 0x00, 0x00, 0x00, 0x00, 0x3E, 0x00, 0x7C, 0x00, 0x00, 0x00, 0x00, 0x3D, 0x00, 0x3E,
    0x00, 0x00, 0x00, 0x00, 0xBC, 0x00, 0x2F, 0x00, 0x00, 0x00, 0x00, 0xF8, 0x00, 0x0F, 0x40, 0x00,
    0x00, 0x01, 0xF0, 0x00, 0x0F, 0x80, 0x00, 0x00, 0x03, 0xE0, 0x00, 0x07, 0xC0, 0x00, 0x00, 0x03,
    0xD0, 0x00, 0x03, 0xE0, 0x00, 0x00, 0x0B, 0xC0, 0x00, 0x02, 0xF0, 0x00, 0x00, 0x0F, 0x80, 0x00,
    0x00, 0xF4, 0x00, 0x00, 0x1F, 0x00, 0x00, 0x00, 0xF8, 0x00, 0x00, 0x3F, 0x00, 0x00, 0x00, 0x7C,
    0x00, 0x00, 0x3D, 0x00, 0x00, 0x00, 0x3E, 0x00, 0x00, 0xBC, 0x00, 0x00, 0x00, 0x2F, 0x00, 0x00,
    0xF8, 0x00, 0x00, 0x00, 0x0F, 0x40, 0x01, 0xF0, 0x00, 0x00, 0x00, 0x0F, 0x80, 0x02, 0xF0, 0x00,
    0x00, 0x00, 0x07, 0xC0, 0x03, 0xD0, 0x00, 0x00, 0x00, 0x03, 0xD0, 0x0B, 0xC0, 0x00, 0x00, 0x00,
    0x02, 0xF0, 0x0F, 0x80, 0x00, 0x00, 0x00, 0x00, 0xF4, 0x1F, 0x00, 0x00, 0x00, 0x00, 0x00, 0xF8,
    0x2F, 0x00, 0x00, 0x00, 0x00, 0x00, 0x7C, 0x3D, 0x00, 0x00, 0x00, 0x00, 0x00, 0x3D, 0x28, 0x00,
    0x00, 0x00, 0x00, 0x00, 0x19, 0x3E, 0x00, 0x00, 0x00, 0x00, 0x00, 0x3D, 0x2F, 0x00, 0x00, 0x00,
    0x00, 0x00, 0xBC, 0x0F, 0x40, 0x00, 0x00, 0x00, 0x00, 0xF4, 0x0B, 0xC0, 0x00, 0x00, 0x00, 0x01,
    0xF0, 0x07, 0xC0, 0x00, 0x00, 0x00, 0x03, 0xE0, 0x03, 0xE0, 0x00, 0x00, 0x00, 0x03, 0xD0, 0x02,
    0xF0, 0x00, 0x00, 0x00, 0x0B, 0xC0, 0x00, 0xF4, 0x00, 0x00, 0x00, 0x0F, 0x40, 0x00, 0xBC, 0x00,
    0x00, 0x00, 0x1F, 0x00, 0x00, 0x7C, 0x00, 0x00, 0x00, 0x3E, 0x00, 0x00, 0x3E, 0x00, 0x00, 0x00,
    0x3D, 0x00, 0x00, 0x2F, 0x00, 0x00, 0x00, 0xBC, 0x00, 0x00, 0x0F, 0x40, 0x00, 0x00, 0xF8, 0x00,
    0x00, 0x0F, 0x80, 0x00, 0x01, 0xF0, 0x00, 0x00, 0x07, 0xC0, 0x00, 0x03, 0xE0, 0x00, 0x00, 0x03,
    0xE0, 0x00, 0x03, 0xD0, 0x00, 0x00, 0x02, 0xF0, 0x00, 0x0B, 0xC0, 0x00, 0x00, 0x00, 0xF4, 0x00,
    0x0F, 0x80, 0x00, 0x00, 0x00, 0xF8, 0x00, 0x1F, 0x00, 0x00, 0x00, 0x00, 0x7C, 0x00, 0x3E, 0x00,
    0x00, 0x00, 0x00, 0x3E, 0x00, 0x3D, 0x00, 0x00, 0x00, 0x00, 0x2F, 0x00, 0xBC, 0x00, 0x00, 0x00,
    0x00, 0x0F, 0x40, 0xF8, 0x00, 0x00, 0x00, 0x00, 0x0F, 0x81, 0xF0, 0x00, 0x00, 0x00, 0x00, 0x07,
    0xC2, 0xF0, 0x00, 0x00, 0x00, 0x00, 0x03, 0xE3, 0xD0, 0x00, 0x00, 0x00, 0x00, 0x02, 0xFB, 0xC0,
    0x00, 0x00, 0x00, 0x00, 0x00, 0xFF, 0x80, 0x00, 0x00, 0x00, 0x00, 0x00, 0xFF, 0x00, 0x00, 0x00,
    0x00, 0x00, 0x00, 0x7F, 0x00, 0x00, 0x00, 0x00, 0x00, 0x00, 0x3D, 0x00, 0x00, 0x00, 0x00, 0x00,
    0x05, 0x50, 0x00, 0x00, 0x00, 0x1F, 0xFF, 0xFE, 0x00, 0x00, 0x03, 0xFF, 0xFF, 0xFF, 0x80, 0x00,
    0x7F, 0xD0, 0x01, 0xBF, 0x80, 0x07, 0xF4, 0x00, 0x00, 0x2F, 0x80, 0x3F, 0x00, 0x00, 0x00, 0x2F,
    0x41, 0xF4, 0x00, 0x00, 0x00, 0x3F, 0x0B, 0xC0, 0x00, 0x00, 0x00, 0x7C, 0x3D, 0x00, 0x00, 0x00,
    0x00, 0xF4, 0xF0, 0x00, 0x00, 0x00, 0x03, 0xE3, 0xC0, 0x00, 0x00, 0x00, 0x0B, 0x9F, 0x00, 0x00,
    0x00, 0x00, 0x2E, 0x7C, 0x00, 0x00, 0x00, 0x00, 0xB9, 0xF0, 0x00, 0x00, 0x00, 0x02, 0xE7, 0xC0,
    0x00, 0x00, 0x00, 0x0B, 0x9F, 0x00, 0x00, 0x00, 0x00, 0x2E, 0x7C, 0x00, 0x00, 0x00, 0x00, 0xB9,
    0xF0, 0x00, 0x00, 0x00, 0x02, 0xE7, 0xC0, 0x00, 0x00, 0x00, 0x0B, 0x9F, 0x00, 0x00, 0x00, 0x00,
    0x2E, 0x7C, 0x00, 0x00, 0x00, 0x00, 0xB9, 0xF0, 0x00, 0x00, 0x00, 0x02, 0xE7, 0xC0, 0x00, 0x00,
    0x00, 0x0B, 0x9F, 0x00, 0x00, 0x00, 0x00, 0x2E, 0x7C, 0x00, 0x00, 0x00, 0x00, 0xB9, 0xF0, 0x00,
    0x00, 0x00, 0x02, 0xE7, 0xC0, 0x00, 0x00, 0x00, 0x0B, 0x9F, 0x00, 0x00, 0x00, 0x00, 0x2E, 0x7C,
    0x00, 0x00, 0x00, 0x00, 0xB9, 0xF0, 0x00, 0x00, 0x00, 0x02, 0xE7, 0xC0, 0x00, 0x00, 0x00, 0x0B,
    0x9F, 0x00, 0x00, 0x00, 0x00, 0x2E, 0x28, 0x00, 0x00, 0x00, 0x00, 0x65, 0xF0, 0x00, 0x00, 0x00,
    0x02, 0xE7, 0xC0, 0x00, 0x00, 0x00, 0x0B, 0x9F, 0x00, 0x00, 0x00, 0x00, 0x2E, 0x7C, 0x00, 0x00,
    0x00, 0x00, 0xB9, 0xF0, 0x00, 0x00, 0x00, 0x02, 0xE7, 0xC0, 0x00, 0x00, 0x00, 0x0B, 0x9F, 0x00,
    0x00, 0x00, 0x00, 0x2E, 0x7C, 0x00, 0x00, 0x00, 0x00, 0xB9, 0xF0, 0x00, 0x00, 0x00, 0x02, 0xE7,
    0xC0, 0x00, 0x00, 0x00, 0x0B, 0x9F, 0x00, 0x00, 0x00, 0x00, 0x2E, 0x7C, 0x00, 0x00, 0x00, 0x00,
    0xB9, 0xF0, 0x00, 0x00, 0x00, 0x02, 0xE7, 0xC0, 0x00, 0x00, 0x00, 0x0B, 0x9F, 0x00, 0x00, 0x00,
    0x00, 0x2E, 0x7C, 0x00, 0x00, 0x00, 0x00, 0xB9, 0xF0, 0x00, 0x00, 0x00, 0x02, 0xE7, 0xC0, 0x00,
    0x00, 0x00, 0x0B, 0x9F, 0x00, 0x00, 0x00, 0x00, 0x2E, 0x7C, 0x00, 0x00, 0x00, 0x00, 0xB9, 0xF0,
    0x00, 0x00, 0x00, 0x02, 0xE3, 0xC0, 0x00, 0x00, 0x00, 0x0B, 0x8F, 0x40, 0x00, 0x00, 0x00, 0x3E,
    0x3E, 0x00, 0x00, 0x00, 0x00, 0xF4, 0xBC, 0x00, 0x00, 0x00, 0x0B, 0xC0, 0xF8, 0x00, 0x00, 0x00,
    0x3E, 0x02, 0xF4, 0x00, 0x00, 0x03, 0xF0, 0x03, 0xF8, 0x00, 0x00, 0x7F, 0x40, 0x03, 0xFF, 0x95,
    0xAF, 0xF4, 0x00, 0x02, 0xFF, 0xFF, 0xFF, 0x00, 0x00, 0x00, 0x6F, 0xFE, 0x80, 0x00, 0x00, 0x00,
    0x00, 0x00, 0x00, 0x00, 0x34, 0x00, 0x00, 0x00, 0x3F, 0x40, 0x00, 0x00, 0x3F, 0xF4, 0x00, 0x00,
    0x3F, 0x6F, 0x40, 0x00, 0x3F, 0x42, 0xF4, 0x00, 0x3F, 0x40, 0x2F, 0x40, 0x3F, 0x40, 0x02, 0xF4,
    0x3F, 0x40, 0x00, 0x3F, 0x4B, 0xE0, 0x00, 0x0F, 0xC0, 0xBE, 0x00, 0x0F, 0xC0, 0x0B, 0xE0, 0x0F,
    0xC0, 0x00, 0xBE, 0x0F, 0xC0, 0x00, 0x0B, 0xEF, 0xC0, 0x00, 0x00, 0xBF, 0xC0, 0x00, 0x00, 0x0B,
    0xC0, 0x00, 0x00, 0x00, 0x80, 0x00, 0x00, 0x2E, 0x0F, 0xE3, 0xF8, 0xBC, 0x00, 0x00, 0x00, 0x00,
    0x01, 0x00, 0x00, 0x00, 0xD0, 0x00, 0x00, 0x3C, 0x00, 0x00, 0x1F, 0x00, 0x0B, 0xFF, 0xFF, 0xD0,
    0x7F, 0xFF, 0xC0, 0x03, 0xFF, 0x80, 0x00, 0xFF, 0xD0, 0x00, 0x3E, 0xF8, 0x00, 0x1D, 0x0B, 0x00,
    0x08, 0x00, 0x50, 0x00, 0x00, 0x00, 0x00, 0x00, 0x02, 0xE0, 0x00, 0x01, 0x01, 0xFD, 0x05, 0x01,
    0xF0, 0x7F, 0x43, 0xD0, 0x7F, 0x0B, 0x83, 0xF0, 0x07, 0xF0, 0x03, 0xF0, 0x00, 0x7F, 0x03, 0xF4,
    0x00, 0x07, 0xF3, 0xF4, 0x00, 0x55, 0xFF, 0xF9, 0x54, 0x7F, 0xFF, 0xFF, 0xFF, 0x1F, 0xFF, 0xFF,
    0xFF, 0xC0, 0x03, 0xFB, 0xF0, 0x00, 0x03, 0xF4, 0xBF, 0x00, 0x03, 0xF4, 0x07, 0xF0, 0x03, 0xF4,
    0xB8, 0x7F, 0x01, 0xF4, 0x7F, 0x47, 0xD0, 0x14, 0x1F, 0xD0, 0x50, 0x00, 0x02, 0xE0, 0x00, 0x00,
    0x34, 0x00, 0x00, 0x00, 0x01, 0xD7, 0xD0, 0x00, 0x00, 0x00, 0x7E, 0x7F, 0x40, 0x00, 0x00, 0x1F,
    0xE7, 0xFD, 0x00, 0x00, 0x07, 0xFE, 0x7F, 0xF4, 0x00, 0x01, 0xFF, 0xE7, 0xCF, 0xD0, 0x00, 0x7F,
    0x3E, 0x7C, 0x3F, 0x40, 0x1F, 0xC3, 0xE7, 0xC0, 0xFD, 0x07, 0xF0, 0x3E, 0x7C, 0x03, 0xF5, 0xFC,
    0x03, 0xE7, 0xC0, 0x0F, 0xFF, 0x00, 0x3E, 0x7C, 0x00, 0x3F, 0xC0, 0x03, 0xE7, 0xC0, 0x07, 0xFD,
    0x00, 0x3E, 0x7C, 0x01, 0xFF, 0xF4, 0x03, 0xE7, 0xC0, 0x7F, 0x0F, 0xD0, 0x3E, 0x7C, 0x1F, 0xC0,
    0x3F, 0x43, 0xE7, 0xC7, 0xF0, 0x00, 0xFD, 0x3E, 0x7D, 0xFC, 0x00, 0x03, 0xF7, 0xE7, 0xFF, 0x00,
    0x00, 0x0F, 0xFE, 0x7F, 0xC0, 0x00, 0x00, 0x3F, 0xE7, 0xF0, 0x00, 0x00, 0x00, 0xFE, 0x7C, 0x00,
    0x00, 0x00, 0x03, 0xE1, 0x00, 0x00, 0x00, 0x00, 0x04, 0x34, 0x00, 0x00, 0x00, 0x00, 0x07, 0xD0,
    0x00, 0x00, 0x00, 0x3C, 0x7F, 0x40, 0x00, 0x00, 0x0F, 0xC7, 0xFD, 0x00, 0x00, 0x03, 0xF0, 0x7F,
    0xF4, 0x00, 0x00, 0xFC, 0x07, 0xCF, 0xD0, 0x00, 0x3F, 0x00, 0x7C, 0x3F, 0x40, 0x0F, 0xC0, 0x07,
    0xC0, 0xFD, 0x03, 0xF0, 0x00, 0x7C, 0x03, 0xF5, 0xFC, 0x00, 0x07, 0xC0, 0x0F, 0xFF, 0x00, 0x00,
    0x7C, 0x00, 0x3F, 0xC0, 0x00, 0x07, 0xC0, 0x07, 0xFD, 0x00, 0x00, 0x7C, 0x01, 0xFF, 0xF4, 0x00,
    0x07, 0xC0, 0x7F, 0x0F, 0xD0, 0x00, 0x7C, 0x1F, 0xC0, 0x3F, 0x40, 0x07, 0xC7, 0xF0, 0x00, 0xFD,
    0x00, 0x7D, 0xFC, 0x00, 0x03, 0xF4, 0x07, 0xFF, 0x00, 0x00, 0x0F, 0xD0, 0x7F, 0xC0, 0x00, 0x00,
    0x3F, 0x47, 0xF0, 0x00, 0x00, 0x00, 0xFD, 0x7C, 0x00, 0x00, 0x00, 0x03, 0xC1, 0x00, 0x00, 0x00,
    0x00, 0x00, 0x04, 0x00, 0x00, 0x00, 0x00, 0xD3, 0xD0, 0x00, 0x00, 0x00, 0x3E, 0x3F, 0x40, 0x00,
    0x00, 0x0F, 0xE0, 0xFD, 0x00, 0x00, 0x03, 0xFE, 0x03, 0xF4, 0x00, 0x00, 0xFF, 0xE0, 0x0F, 0xD0,
    0x00, 0x3F, 0x7E, 0x00, 0x3F, 0x40, 0x0F, 0xC3, 0xE0, 0x00, 0xFD, 0x03, 0xF0, 0x3E, 0x00, 0x03,
    0xF4, 0xFC, 0x03, 0xE0, 0x00, 0x0F, 0xFF, 0x00, 0x3E, 0x00, 0x00, 0x3F, 0xC0, 0x03, 0xE0, 0x00,
    0x03, 0xFD, 0x00, 0x3E, 0x00, 0x00, 0xFF, 0xF4, 0x03, 0xE0, 0x00, 0x3F, 0x4F, 0xD0, 0x3E, 0x00,
    0x0F, 0xC0, 0x3F, 0x43, 0xE0, 0x03, 0xF0, 0x00, 0xFD, 0x3E, 0x00, 0xFC, 0x00, 0x03, 0xF7, 0xE0,
    0x3F, 0x00, 0x00, 0x0F, 0xFE, 0x0F, 0xC0, 0x00, 0x00, 0x3F, 0xE3, 0xF0, 0x00, 0x00, 0x00, 0xFE,
    0x2C, 0x00, 0x00, 0x00, 0x03, 0xE0, 0x00, 0x00, 0x00, 0x00, 0x08, 0x04, 0x00, 0x00, 0x00, 0x00,
    0x03, 0xD0, 0x00, 0x00, 0x00, 0x00, 0x3F, 0x40, 0x00, 0x00, 0x00, 0x00, 0xFD, 0x00, 0x00, 0x00,
    0x00, 0x03, 0xF4, 0x00, 0x00, 0x00, 0x00, 0x0F, 0xD0, 0x00, 0x00, 0x00, 0x00, 0x3F, 0x40, 0x00,
    0x00, 0x00, 0x00, 0xFD, 0x00, 0x00, 0x00, 0x00, 0x03, 0xF4, 0x00, 0x00, 0x00, 0x00, 0x0F, 0xD0,
    0x00, 0x00, 0x00, 0x00, 0x3F, 0x40, 0x00, 0x00, 0x00, 0x03, 0xFD, 0x00, 0x00, 0x00, 0x00, 0xFF,
    0xF4, 0x00, 0x00, 0x00, 0x3F, 0x4F, 0xD0, 0x00, 0x00, 0x0F, 0xC0, 0x3F, 0x40, 0x00, 0x03, 0xF0,
    0x00, 0xFD, 0x00, 0x00, 0xFC, 0x00, 0x03, 0xF4, 0x00, 0x3F, 0x00, 0x00, 0x0F, 0xD0, 0x0F, 0xC0,
    0x00, 0x00, 0x3F, 0x43, 0xF0, 0x00, 0x00, 0x00, 0xFD, 0x2C, 0x00, 0x00, 0x00, 0x03, 0xC0, 0x00,
    0x00, 0x00, 0x00, 0x00, 0x00, 0x00, 0x00, 0x00, 0x00, 0x00, 0x00, 0x00, 0x00, 0x00, 0x3C, 0x00,
    0x00, 0x00, 0x00, 0x0F, 0xC0, 0x00, 0x00, 0x00, 0x03, 0xF0, 0x00, 0x00, 0x00, 0x00, 0xFC, 0x00,
    0x00, 0x00, 0x00, 0x3F, 0x00, 0x00, 0x00, 0x00, 0x0F, 0xC0, 0x00, 0x00, 0x00, 0x03, 0xF0, 0x00,
    0x00, 0x00, 0x00, 0xFC, 0x00, 0x00, 0x00, 0x00, 0x3F, 0x00, 0x00, 0x00, 0x00, 0x0F, 0xC0, 0x00,
    0x00, 0x00, 0x03, 0xFD, 0x00, 0x00, 0x00, 0x00, 0xFF, 0xF4, 0x00, 0x00, 0x00, 0x3F, 0x0F, 0xD0,
    0x00, 0x00, 0x0F, 0xC0, 0x3F, 0x40, 0x00, 0x03, 0xF0, 0x00, 0xFD, 0x00, 0x00, 0xFC, 0x00, 0x03,
    0xF4, 0x00, 0x3F, 0x00, 0x00, 0x0F, 0xD0, 0x0F, 0xC0, 0x00, 0x00, 0x3F, 0x43, 0xF0, 0x00, 0x00,
    0x00, 0xFD, 0x2C, 0x00, 0x00, 0x00, 0x03, 0xC0, 0x00, 0x00, 0x00, 0x00, 0x00, 0x50, 0x00, 0x2F,
    0xF4, 0x1E, 0x01, 0xFF, 0xFF, 0xC3, 0xFF, 0xFF, 0x96, 0xF0, 0x7F, 0xFD, 0x00, 0x08, 0x00, 0x50,
    0x00, 0x00, 0x00, 0x00, 0x00, 0x00, 0x01, 0x55, 0x55, 0x55, 0x51, 0xFF, 0xFF, 0xFF, 0xFC, 0x7F,
    0xFF, 0xFF, 0xFF, 0x00, 0x19, 0x00, 0x00, 0x00, 0x06, 0x41, 0xF4, 0x00, 0x00, 0x01, 0xF8, 0x0B,
    0xC0, 0x00, 0x00, 0x3E, 0x00, 0x3E, 0x00, 0x00, 0x0B, 0xC0, 0x00, 0xF4, 0x00, 0x01, 0xF4, 0x00,
    0x0B, 0xC0, 0x00, 0x3E, 0x00, 0x00, 0x3E, 0x00, 0x07, 0xC0, 0x00, 0x01, 0xF0, 0x00, 0xF4, 0x00,
    0x00, 0x0F, 0x80, 0x2F, 0x00, 0x00, 0x00, 0x3C, 0x03, 0xD0, 0x00, 0x00, 0x03, 0xE0, 0x7C, 0x00,
    0x00, 0x00, 0x1F, 0x0F, 0x40, 0x00, 0x00, 0x00, 0xF5, 0xF0, 0x00, 0x00, 0x00, 0x07, 0xEE, 0x00,
    0x00, 0x00, 0x00, 0x3F, 0xC0, 0x00, 0x00, 0x00, 0x02, 0xFC, 0x00, 0x00, 0x00, 0x00, 0x1F, 0x40,
    0x00, 0x00, 0x00, 0x00, 0xF0, 0x00, 0x00, 0x00, 0x00, 0x0F, 0x00, 0x00, 0x00, 0x00, 0x00, 0x05,
    0x00, 0x00, 0x00, 0x00, 0x00, 0xF0, 0x00, 0x00, 0x00, 0x00, 0x1F, 0x40, 0x00, 0x00, 0x00, 0x02,
    0xF8, 0x00, 0x00, 0x00, 0x00, 0x3F, 0xC0, 0x00, 0x00, 0x00, 0x07, 0xFD, 0x00, 0x00, 0x00, 0x00,
    0xBA, 0xF0, 0x00, 0x00, 0x00, 0x0F, 0x4F, 0x00, 0x00, 0x00, 0x02, 0xF0, 0xF8, 0x00, 0x00, 0x00,
    0x3D, 0x07, 0xC0, 0x00, 0x00, 0x07, 0xC0, 0x3E, 0x00, 0x00, 0x00, 0xF4, 0x01, 0xF0, 0x00, 0x00,
    0x2F, 0x00, 0x0F, 0x80, 0x00, 0x07, 0xD0, 0x00, 0x3D, 0x00, 0x00, 0xF8, 0x00, 0x02, 0xF0, 0x00,
    0x2F, 0x00, 0x00, 0x0F, 0x80, 0x07, 0xD0, 0x00, 0x00, 0x7D, 0x00, 0xF8, 0x00, 0x00, 0x02, 0xF0,
    0x3F, 0x00, 0x00, 0x00, 0x0F, 0xC0, 0x00, 0x00, 0x01, 0x55, 0x55, 0x00, 0x01, 0xFF, 0xFF, 0xFF,
    0xD0, 0x07, 0xFF, 0xFF, 0xFF, 0xF4, 0x0B, 0xF9, 0x00, 0x00, 0x00, 0x0B, 0xE0, 0x00, 0x00, 0x00,
    0x03, 0xE0, 0x1F, 0xFF, 0xFF, 0xD2, 0xF0, 0x7F, 0xFF, 0xFF, 0xF4, 0xF8, 0x3F, 0x95, 0x55, 0x54,
    0x3C, 0x2F, 0x00, 0x00, 0x00, 0x0F, 0x0B, 0x80, 0x00, 0x00, 0x07, 0xC3, 0xE0, 0x00, 0x00, 0x00,
    0xF0, 0xBC, 0x00, 0x00, 0x00, 0x3D, 0x1F, 0xD0, 0x00, 0x00, 0x0F, 0x82, 0xFF, 0xFF, 0xFF, 0xD2,
    0xF0, 0x1F, 0xFF, 0xFF, 0xF4, 0x3F, 0x00, 0x05, 0x55, 0x54, 0x07, 0xF4, 0x00, 0x00, 0x00, 0x00,
    0x7F, 0xE9, 0x55, 0x55, 0x40, 0x02, 0xFF, 0xFF, 0xFF, 0xF4, 0x00, 0x06, 0xFF, 0xFF, 0xFD, 0x15,
    0x55, 0x50, 0x00, 0x00, 0x1F, 0xFF, 0xFF, 0xF9, 0x00, 0x07, 0xFF, 0xFF, 0xFF, 0xF4, 0x00, 0x00,
    0x00, 0x01, 0xBF, 0x80, 0x00, 0x00, 0x00, 0x02, 0xF8, 0x1F, 0xFF, 0xFF, 0xD0, 0x2F, 0x07, 0xFF,
    0xFF, 0xFF, 0x43, 0xE0, 0x55, 0x55, 0x5B, 0xF0, 0x7C, 0x00, 0x00, 0x00, 0x3E, 0x0F, 0x00, 0x00,
    0x00, 0x0B, 0xC3, 0xD0, 0x00, 0x00, 0x02, 0xF0, 0xF4, 0x00, 0x00, 0x00, 0xF8, 0x3D, 0x00, 0x00,
    0x01, 0xFD, 0x0F, 0x1F, 0xFF, 0xFF, 0xFE, 0x0B, 0xC7, 0xFF, 0xFF, 0xFD, 0x03, 0xE0, 0x55, 0x55,
    0x40, 0x03, 0xF0, 0x00, 0x00, 0x00, 0x07, 0xF4, 0x05, 0x55, 0x55, 0x6F, 0xF4, 0x07, 0xFF, 0xFF,
    0xFF, 0xF0, 0x01, 0xFF, 0xFF, 0xFE, 0x40, 0x00, 0x00, 0x06, 0xFF, 0xE0, 0x00, 0x00, 0x3F, 0xFF,
    0xFE, 0x00, 0x01, 0xFF, 0x95, 0xBF, 0xC0, 0x03, 0xF4, 0x00, 0x0B, 0xF0, 0x0F, 0xC0, 0x14, 0x01,
    0xF4, 0x0F, 0x42, 0xFF, 0xC0, 0xBC, 0x2F, 0x0B, 0xFF, 0xF0, 0x7C, 0x3D, 0x0F, 0x81, 0xF8, 0x3D,
    0x3D, 0x1F, 0x00, 0x7C, 0x2E, 0x3C, 0x2E, 0x00, 0x3C, 0x2F, 0x7C, 0x3E, 0x00, 0x3D, 0x2F, 0x7C,
    0x3E, 0x00, 0x3D, 0x1F, 0x7C, 0x3E, 0x00, 0x3D, 0x1F, 0x7C, 0x3E, 0x00, 0x3D, 0x1F, 0x7C, 0x3E,
    0x00, 0x3D, 0x1F, 0x7C, 0x3E, 0x00, 0x3D, 0x1F, 0x7C, 0x3E, 0x00, 0x3D, 0x1F, 0x7C, 0x3E, 0x00,
    0x3D, 0x1F, 0x7C, 0x3E, 0x00, 0x3D, 0x1F, 0x7C, 0x3E, 0x00, 0x3D, 0x1F, 0x28, 0x19, 0x00, 0x18,
    0x09, 0x7C, 0x3E, 0x00, 0x3D, 0x1F, 0x7C, 0x3E, 0x00, 0x3D, 0x1F, 0x7C, 0x3E, 0x00, 0x3D, 0x1F,
    0x7C, 0x3E, 0x00, 0x3D, 0x1F, 0x7C, 0x3E, 0x00, 0x3D, 0x1F, 0x7C, 0x3E, 0x00, 0x3D, 0x1F, 0x7C,
    0x3E, 0x00, 0x3D, 0x1F, 0x7C, 0x3E, 0x00, 0x3D, 0x1F, 0x7C, 0x3E, 0x00, 0x3D, 0x1F, 0x3C, 0x2E,
    0x00, 0x3D, 0x2F, 0x3D, 0x2F, 0x00, 0x7C, 0x2E, 0x3D, 0x0F, 0x81, 0xF8, 0x3E, 0x2F, 0x0B, 0xFF,
    0xF0, 0x3D, 0x1F, 0x02, 0xFF, 0xD0, 0xBC, 0x0F, 0xC0, 0x14, 0x01, 0xF4, 0x03, 0xF0, 0x00, 0x0B,
    0xF0, 0x01, 0xFF, 0x95, 0xBF, 0xC0, 0x00, 0x7F, 0xFF, 0xFE, 0x00, 0x00, 0x06, 0xFF, 0xE0, 0x00,
    0x00, 0x00, 0x3D, 0x00, 0x00, 0x00, 0x00, 0x3D, 0x00, 0x00, 0x00, 0x00, 0x3D, 0x00, 0x00, 0x00,
    0x00, 0x3D, 0x00, 0x00, 0x00, 0x00, 0x3D, 0x00, 0x00, 0x00, 0x0B, 0xFF, 0xF4, 0x00, 0x00, 0xBF,
    0xFF, 0xFF, 0x40, 0x02, 0xFE, 0x7E, 0x7F, 0xD0, 0x0B, 0xE0, 0x3D, 0x07, 0xF0, 0x0F, 0x80, 0x3D,
    0x00, 0xF8, 0x1F, 0x00, 0x3D, 0x00, 0xBC, 0x3E, 0x00, 0x3D, 0x00, 0x3D, 0x3D, 0x00, 0x3D, 0x00,
    0x3E, 0x3C, 0x00, 0x3D, 0x00, 0x2E, 0x3C, 0x00, 0x3D, 0x00, 0x2F, 0x7C, 0x00, 0x3D, 0x00, 0x2F,
    0x7C, 0x00, 0x3D, 0x00, 0x2F, 0x7C, 0x00, 0x3D, 0x00, 0x2F, 0x7C, 0x00, 0x3D, 0x00, 0x2F, 0x7C,
    0x00, 0x3D, 0x00, 0x2F, 0x7C, 0x00, 0x3D, 0x00, 0x2F, 0x7C, 0x00, 0x3D, 0x00, 0x2F, 0x7C, 0x00,
    0x3D, 0x00, 0x2F, 0x00, 0xF8, 0x0B, 0x80, 0x00, 0x3E, 0x02, 0xE0, 0x00, 0x0F, 0x80, 0xB8, 0x00,
    0x03, 0xE0, 0x2E, 0x00, 0x00, 0xF8, 0x0B, 0x80, 0x00, 0x3E, 0x02, 0xE0, 0x00, 0x0F, 0x80, 0xB8,
    0x00, 0x03, 0xE0, 0x2E, 0x00, 0x00, 0xF8, 0x0B, 0x80, 0x00, 0x3E, 0x02, 0xE0, 0x07, 0xFF, 0xFF,
    0xFF, 0xF1, 0xFF, 0xFF, 0xFF, 0xFC, 0x15, 0xFD, 0x5F, 0xD5, 0x00, 0x3E, 0x02, 0xE0, 0x00, 0x0F,
    0x80, 0xB8, 0x00, 0x03, 0xE0, 0x2E, 0x00, 0x15, 0xFD, 0x5F, 0xD5, 0x1F, 0xFF, 0xFF, 0xFF, 0xC7,
    0xFF, 0xFF, 0xFF, 0xF0, 0x03, 0xE0, 0x2E, 0x00, 0x00, 0xF8, 0x0B, 0x80, 0x00, 0x3E, 0x02, 0xE0,
    0x00, 0x0F, 0x80, 0xB8, 0x00, 0x03, 0xE0, 0x2E, 0x00, 0x00, 0xF8, 0x0B, 0x80, 0x00, 0x3E, 0x02,
    0xE0, 0x00, 0x0F, 0x80, 0xB8, 0x00, 0x03, 0xE0, 0x2E, 0x00, 0x00, 0xF8, 0x0B, 0x80, 0x00, 0x00,
    0x00, 0x00, 0x00, 0x00, 0x00, 0x00, 0x70, 0x00, 0x00, 0x1F, 0xC0, 0x00, 0x07, 0xFE, 0x00, 0x01,
    0xFF, 0x80, 0x00, 0x7F, 0xE0, 0x00, 0x1F, 0xFC, 0x00, 0x02, 0xFF, 0x40, 0xF4, 0x7F, 0xD0, 0x0B,
    0xF1, 0xFF, 0x40, 0x2F, 0xC1, 0xFF, 0xC0, 0x3D, 0x00, 0x7F, 0xE0, 0x00, 0x00, 0x1F, 0xF8, 0x00,
    0x00, 0x07, 0xFE, 0x00, 0x00, 0x01, 0xFF, 0x80, 0x00, 0x00, 0x7F, 0x00, 0x00, 0x00, 0x1C, 0x00,
    0x00, 0x00, 0x00, 0x00, 0x00, 0x00, 0x01, 0x80, 0x00, 0x00, 0x07, 0xE0, 0x00, 0x00, 0x0F, 0xF8,
    0x00, 0x00, 0x07, 0xFE, 0x00, 0x00, 0x01, 0xFF, 0x80, 0x00, 0x00, 0x7F, 0xE0, 0x02, 0xD0, 0x2F,
    0xF8, 0x2F, 0xC0, 0x0B, 0xFC, 0xBF, 0x00, 0x2F, 0xF0, 0xF8, 0x07, 0xFE, 0x00, 0x01, 0xFF, 0x80,
    0x00, 0x7F, 0xE0, 0x00, 0x1F, 0xF8, 0x00, 0x03, 0xFE, 0x00, 0x00, 0x1F, 0x80, 0x00, 0x00, 0x60,
    0x00, 0x00, 0x00, 0x00, 0x00, 0x00, 0x00, 0x00, 0x00, 0x00, 0x00, 0x00, 0x00, 0x00, 0x00, 0x00,
    0x00, 0x00, 0x00, 0x74, 0x00, 0x02, 0xC0, 0x00, 0x1D, 0x00, 0x00, 0x07, 0xF4, 0x00, 0x2F, 0xC0,
    0x01, 0xFD, 0x00, 0x00, 0x2F, 0xE0, 0x01, 0xFF, 0x40, 0x0B, 0xF8, 0x00, 0x02, 0xFF, 0x00, 0x1F,
    0xF4, 0x00, 0xBF, 0xC0, 0x00, 0x2F, 0xF4, 0x01, 0xFF, 0x80, 0x0B, 0xFD, 0x00, 0x02, 0xFF, 0x40,
    0x0F, 0xF8, 0x00, 0x7F, 0xD0, 0x00, 0x1F, 0xF4, 0x00, 0xBF, 0x80, 0x07, 0xFD, 0x00, 0x00, 0x7F,
    0x80, 0x03, 0xFC, 0x00, 0x1F, 0xE0, 0x00, 0x00, 0x3F, 0xD0, 0x02, 0xFE, 0x00, 0x0F, 0xF4, 0x00,
    0x00, 0x0B, 0xFC, 0x00, 0x7F, 0xE0, 0x02, 0xFF, 0x40, 0x00, 0x00, 0xBF, 0x80, 0x07, 0xFD, 0x00,
    0x2F, 0xE0, 0x00, 0x00, 0x0F, 0xF8, 0x00, 0xBF, 0xD0, 0x03, 0xFE, 0x00, 0x00, 0x01, 0xFF, 0x80,
    0x0B, 0xFD, 0x00, 0x7F, 0xE0, 0x00, 0x00, 0x1F, 0xF0, 0x00, 0xBF, 0x80, 0x07, 0xFC, 0x00, 0x00,
    0x01, 0xF4, 0x00, 0x0B, 0xC0, 0x00, 0x7D, 0x00, 0x00, 0x00, 0x20, 0x00, 0x01, 0x80, 0x00, 0x09,
    0x00, 0x00, 0x00, 0x00, 0x00, 0x00, 0x00, 0x00, 0x00, 0x74, 0x00, 0x03, 0x80, 0x00, 0x1D, 0x00,
    0x00, 0x00, 0x7F, 0x00, 0x03, 0xF8, 0x00, 0x1F, 0xD0, 0x00, 0x00, 0x2F, 0xE0, 0x01, 0xFF, 0x40,
    0x0B, 0xF8, 0x00, 0x00, 0x07, 0xFE, 0x00, 0x2F, 0xF4, 0x00, 0xFF, 0x80, 0x00, 0x00, 0x7F, 0xE0,
    0x02, 0xFF, 0x40, 0x1F, 0xF8, 0x00, 0x00, 0x07, 0xFD, 0x00, 0x2F, 0xF0, 0x01, 0xFF, 0x80, 0x00,
    0x00, 0x7F, 0xD0, 0x02, 0xFE, 0x00, 0x1F, 0xF4, 0x00, 0x00, 0x0B, 0xF4, 0x00, 0x7F, 0xC0, 0x02,
    0xFD, 0x00, 0x00, 0x1F, 0xF0, 0x00, 0xBF, 0x80, 0x07, 0xFC, 0x00, 0x01, 0xFF, 0x80, 0x0B, 0xFD,
    0x00, 0x3F, 0xE0, 0x00, 0x0B, 0xF8, 0x00, 0x7F, 0xD0, 0x02, 0xFE, 0x00, 0x00, 0xBF, 0x80, 0x07,
    0xFD, 0x00, 0x2F, 0xF0, 0x00, 0x0B, 0xFD, 0x00, 0x7F, 0xE0, 0x02, 0xFF, 0x40, 0x00, 0x3F, 0xD0,
    0x02, 0xFE, 0x00, 0x0F, 0xF4, 0x00, 0x00, 0x7D, 0x00, 0x03, 0xE0, 0x00, 0x1F, 0x40, 0x00, 0x00,
    0x60, 0x00, 0x02, 0x00, 0x00, 0x08, 0x00, 0x00, 0x00, 0x00, 0x00, 0x00, 0x00, 0x00, 0x00, 0x00,
    0x07, 0xC0, 0x00, 0x00, 0x6F, 0xF0, 0x00, 0x06, 0xFF, 0xE0, 0x00, 0x2F, 0xFE, 0x00, 0x01, 0xFF,
    0xE4, 0x00, 0x07, 0xFE, 0x40, 0x00, 0x01, 0xFF, 0x80, 0x00, 0x00, 0x0B, 0xFF, 0x80, 0x00, 0x00,
    0x0B, 0xFF, 0x80, 0x00, 0x00, 0x1B, 0xFF, 0x80, 0x00, 0x00, 0x1F, 0xFC, 0x00, 0x00, 0x00, 0x1F,
    0x00, 0x00, 0x00, 0x00, 0x01, 0x55, 0x55, 0x55, 0x51, 0xFF, 0xFF, 0xFF, 0xFC, 0x7F, 0xFF, 0xFF,
    0xFF, 0x00, 0x00, 0x00, 0x00, 0x01, 0x00, 0x00, 0x00, 0x01, 0xFD, 0x00, 0x00, 0x00, 0x3F, 0xF9,
    0x00, 0x00, 0x00, 0xBF, 0xF8, 0x00, 0x00, 0x01, 0xBF, 0xF8, 0x00, 0x00, 0x01, 0xBF, 0xF4, 0x00,
    0x00, 0x01, 0xFF, 0x00, 0x00, 0x06, 0xFF, 0x80, 0x00, 0x6F, 0xFD, 0x00, 0x06, 0xFF, 0xE0, 0x00,
    0x2F, 0xFE, 0x00, 0x00, 0x1F, 0xE4, 0x00, 0x00, 0x07, 0x40, 0x00, 0x00, 0x00, 0x00, 0x00, 0x00,
    0x00, 0x00, 0x00, 0x00, 0x00, 0x1E, 0x40, 0x00, 0x00, 0x07, 0xFE, 0x40, 0x00, 0x00, 0x6F, 0xFE,
    0x00, 0x00, 0x00, 0x6F, 0xFD, 0x00, 0x00, 0x00, 0x6F, 0xFD, 0x00, 0x00, 0x00, 0x6F, 0xF0, 0x00,
    0x00, 0x1B, 0xFC, 0x00, 0x01, 0xBF, 0xF4, 0x00, 0x0B, 0xFF, 0x80, 0x00, 0xBF, 0xF9, 0x00, 0x01,
    0xFF, 0x90, 0x00, 0x00, 0x7D, 0x00, 0x00, 0x00, 0x00, 0x00, 0x00, 0x00, 0x01, 0x55, 0x55, 0x55,
    0x51, 0xFF, 0xFF, 0xFF, 0xFC, 0x7F, 0xFF, 0xFF, 0xFF, 0x00, 0x00, 0x00, 0x00, 0x00, 0x00, 0x00,
    0x00, 0x20, 0x00, 0x00, 0x01, 0xFC, 0x00, 0x00, 0x1B, 0xFF, 0x00, 0x01, 0xBF, 0xF8, 0x00, 0x0B,
    0xFF, 0x80, 0x00, 0x7F, 0xF8, 0x00, 0x00, 0x7F, 0xC0, 0x00, 0x00, 0x0F, 0xFE, 0x40, 0x00, 0x00,
    0x1F, 0xFE, 0x40, 0x00, 0x00, 0x2F, 0xFE, 0x40, 0x00, 0x00, 0x6F, 0xFE, 0x00, 0x00, 0x00, 0x6F,
    0xC0, 0x00, 0x00, 0x00, 0x70, 0x00, 0x00, 0x00, 0x00, 0x15, 0x55, 0x55, 0x55, 0x1F, 0xFF, 0xFF,
    0xFF, 0xC7, 0xFF, 0xFF, 0xFF, 0xF0, 0x00, 0x00, 0x00, 0x00, 0x00, 0x00, 0x00, 0x00, 0x00, 0x00,
    0x00, 0x02, 0xC0, 0x00, 0x00, 0x0B, 0xF0, 0x00, 0x00, 0x6F, 0xF4, 0x00, 0x01, 0xFF, 0xD0, 0x00,
    0x07, 0xFF, 0x40, 0x00, 0x1F, 0xF8, 0x00, 0x00, 0x7F, 0xE0, 0x00, 0x00, 0x7F, 0x80, 0x00, 0x00,
    0x0F, 0xF8, 0x00, 0x00, 0x00, 0x7F, 0xE4, 0x00, 0x00, 0x01, 0xFF, 0xD0, 0x00, 0x00, 0x06, 0xFF,
    0x40, 0x00, 0x00, 0x0B, 0xFE, 0x00, 0x00, 0x00, 0x2F, 0xF0, 0x00, 0x00, 0x00, 0xBC, 0x00, 0x00,
    0x00, 0x02, 0x00, 0x15, 0x55, 0x55, 0x55, 0x1F, 0xFF, 0xFF, 0xFF, 0xC7, 0xFF, 0xFF, 0xFF, 0xF0,
    0x00, 0x00, 0x00, 0x00, 0x00, 0x00, 0x00, 0x00, 0x1E, 0x00, 0x00, 0x00, 0x07, 0xF8, 0x00, 0x00,
    0x00, 0xBF, 0xE0, 0x00, 0x00, 0x01, 0xFF, 0x90, 0x00, 0x00, 0x07, 0xFF, 0x40, 0x00, 0x00, 0x1B,
    0xFD, 0x00, 0x00, 0x00, 0x2F, 0xF4, 0x00, 0x00, 0x00, 0xBF, 0x00, 0x00, 0x01, 0xBF, 0xC0, 0x00,
    0x07, 0xFF, 0x40, 0x00, 0x1F, 0xF9, 0x00, 0x00, 0xBF, 0xE0, 0x00, 0x02, 0xFF, 0x80, 0x00, 0x07,
    0xFE, 0x00, 0x00, 0x01, 0xF4, 0x00, 0x00, 0x00, 0x10, 0x00, 0x00, 0x00, 0x00, 0x00, 0x00, 0x00,
    0x00, 0x00, 0x00, 0x00, 0x08, 0x00, 0x00, 0x00, 0x2C, 0x00, 0x00, 0x00, 0xFC, 0x00, 0x00, 0x07,
    0xF4, 0x00, 0x00, 0x2F, 0xC0, 0x00, 0x02, 0xFE, 0x00, 0x00, 0x6F, 0xF0, 0x00, 0x1B, 0xFF, 0x40,
    0x04, 0x7F, 0xE4, 0x00, 0x1C, 0x79, 0x00, 0x00, 0xFC, 0x00, 0x00, 0x0B, 0xF4, 0x00, 0x00, 0xBF,
    0xD0, 0x00, 0x1F, 0xFD, 0x00, 0x1B, 0xFF, 0xD0, 0x00, 0x7F, 0xF8, 0x00, 0x00, 0x2F, 0xFF, 0x80,
    0x00, 0x00, 0x6F, 0xFD, 0x00, 0x00, 0x01, 0xFF, 0x80, 0x00, 0x00, 0x0B, 0xF4, 0x00, 0x00, 0x00,
    0xFC, 0x00, 0x00, 0x00, 0x2C, 0x00, 0x00, 0x00, 0x04, 0x00, 0x00, 0x00, 0x00, 0x00, 0x00, 0x00,
    0x00, 0x50, 0x00, 0x00, 0x00, 0x78, 0x00, 0x00, 0x00, 0x3E, 0x00, 0x00, 0x00, 0x1F, 0xD0, 0x00,
    0x00, 0x07, 0xF8, 0x00, 0x00, 0x00, 0xBF, 0x80, 0x00, 0x00, 0x1F, 0xF8, 0x00, 0x50, 0x01, 0xFF,
    0xE4, 0x74, 0x00, 0x1F, 0xFC, 0x7E, 0x00, 0x00, 0x6C, 0x2F, 0xE0, 0x00, 0x00, 0x07, 0xFE, 0x00,
    0x00, 0x00, 0xBF, 0xE4, 0x00, 0x00, 0x07, 0xFF, 0xA4, 0x00, 0x00, 0x2F, 0xFC, 0x00, 0x06, 0xFF,
    0xF8, 0x00, 0x7F, 0xF9, 0x00, 0x03, 0xFE, 0x40, 0x00, 0x1F, 0xE0, 0x00, 0x00, 0x3F, 0x00, 0x00,
    0x00, 0x74, 0x00, 0x00, 0x00, 0x50, 0x00, 0x00, 0x00, 0x00, 0x00, 0x00, 0x00, 0x00, 0x00, 0x00,
    0x00, 0x00, 0x00, 0x00, 0xF0, 0x00, 0x00, 0x01, 0xE0, 0x00, 0x00, 0x03, 0xD0, 0x00, 0x00, 0x03,
    0xC0, 0x00, 0x00, 0x07, 0xCC, 0x00, 0x00, 0x0B, 0xFC, 0x00, 0x00, 0x0F, 0xFC, 0x00, 0x00, 0x2F,
    0xE0, 0x00, 0x06, 0xFF, 0x40, 0x01, 0xFF, 0xFE, 0x00, 0x7F, 0xF9, 0x3D, 0x00, 0x3F, 0xFE, 0x7C,
    0x00, 0x01, 0xBF, 0xFC, 0x00, 0x00, 0x07, 0xFF, 0x40, 0x00, 0x00, 0xFF, 0xE0, 0x10, 0x00, 0xF2,
    0xFC, 0x7F, 0x81, 0xF0, 0x7C, 0x7F, 0xFB, 0xE0, 0x0C, 0x02, 0xFF, 0xE0, 0x00, 0x00, 0x1F, 0xF8,
    0x00, 0x00, 0x07, 0xFF, 0x40, 0x00, 0x0B, 0x5F, 0xE0, 0x00, 0x0F, 0x02, 0xF8, 0x00, 0x0F, 0x00,
    0x7C, 0x00, 0x2E, 0x00, 0x0C, 0x00, 0x3D, 0x00, 0x00, 0x00, 0x2C, 0x00, 0x00, 0x00, 0x00, 0x00,
    0x00, 0x00, 0x00, 0x00, 0x00, 0x00, 0x00, 0x03, 0xC0, 0x00, 0x00, 0x03, 0xC0, 0x00, 0x00, 0x0B,
    0x80, 0x00, 0x00, 0x0F, 0x40, 0x60, 0x00, 0x0F, 0x00, 0x7C, 0x00, 0x1F, 0x00, 0x3F, 0x40, 0x2E,
    0x00, 0x0F, 0xF4, 0x3D, 0x00, 0x01, 0xFF, 0xBC, 0x00, 0x00, 0x2F, 0xFE, 0x40, 0x00, 0x01, 0xFF,
    0xFC, 0x00, 0x00, 0xFF, 0xFC, 0x00, 0x1F, 0xFE, 0x40, 0x01, 0xFF, 0xF0, 0x00, 0x0B, 0xFB, 0xE0,
    0x00, 0x3F, 0x83, 0xD0, 0x04, 0x7D, 0x03, 0xC1, 0xFC, 0x70, 0x07, 0xEF, 0xFC, 0x00, 0x0F, 0xFF,
    0x80, 0x00, 0x2F, 0xE4, 0x00, 0x01, 0xFF, 0x00, 0x00, 0x0B, 0xFE, 0x00, 0x00, 0x2F, 0xBD, 0x00,
    0x00, 0x7D, 0x3C, 0x00, 0x00, 0x70, 0x7C, 0x00, 0x00, 0x40, 0xB8, 0x00, 0x00, 0x00, 0x74, 0x00,
    0x00, 0x00, 0x00, 0x00, 0x00, 0x00, 0x00, 0x00, 0x04, 0x00, 0x00, 0x00, 0x07, 0xC0, 0x00, 0x00,
    0x03, 0xE0, 0x00, 0x00, 0x00, 0xF0, 0x00, 0x00, 0x00, 0xBC, 0x1F, 0xFF, 0xFF, 0xFF, 0xC7, 0xFF,
    0xFF, 0xFF, 0xF1, 0xF5, 0x55, 0x5F, 0x94, 0x7C, 0x00, 0x03, 0xC0, 0x1F, 0x00, 0x01, 0xF0, 0x07,
    0xC0, 0x00, 0xF4, 0x01, 0xF0, 0x00, 0x7C, 0x00, 0x7C, 0x00, 0x2E, 0x00, 0x1F, 0x00, 0x0F, 0x40,
    0x07, 0xC0, 0x07, 0xC0, 0x01, 0xF0, 0x03, 0xE0, 0x00, 0x7C, 0x00, 0xF0, 0x00, 0x1F, 0x00, 0xBC,
    0x00, 0x07, 0xC0, 0x3D, 0x00, 0x01, 0xF0, 0x1F, 0x00, 0x00, 0x7D, 0x5F, 0xD5, 0x55, 0x1F, 0xFF,
    0xFF, 0xFF, 0xC7, 0xFF, 0xFF, 0xFF, 0xF0, 0x00, 0xF4, 0x00, 0x00, 0x00, 0x7C, 0x00, 0x00, 0x05,
    0x7F, 0x55, 0x55, 0x47, 0xFF, 0xFF, 0xFF, 0xF1, 0xFF, 0xFF, 0xFF, 0xFC, 0x03, 0xD0, 0x00, 0x00,
    0x01, 0xF0, 0x00, 0x00, 0x00, 0x28, 0x00, 0x00, 0x00, 0x00, 0x00, 0x00, 0x00, 0x00, 0x00, 0x00,
    0x04, 0x00, 0x00, 0x00, 0x07, 0xC0, 0x00, 0x00, 0x03, 0xE0, 0x00, 0x00, 0x00, 0xF0, 0x00, 0x00,
    0x00, 0xBC, 0x1F, 0xFF, 0xFF, 0xFF, 0xC7, 0xFF, 0xFF, 0xFF, 0xF0, 0x55, 0x55, 0x5F, 0xFC, 0x00,
    0x00, 0x03, 0xDF, 0x00, 0x00, 0x01, 0xF3, 0xC0, 0x00, 0x00, 0xF4, 0xF0, 0x00, 0x00, 0x7C, 0x3C,
    0x00, 0x00, 0x2E, 0x0F, 0x00, 0x00, 0x0F, 0x43, 0xC0, 0x00, 0x07, 0xC0, 0xF0, 0x00, 0x03, 0xE0,
    0x3C, 0x00, 0x00, 0xF0, 0x0F, 0x00, 0x00, 0xBC, 0x03, 0xC0, 0x00, 0x3D, 0x00, 0xF0, 0x00, 0x1F,
    0x00, 0x3C, 0x15, 0x5F, 0xD5, 0x5F, 0x1F, 0xFF, 0xFF, 0xFF, 0xC7, 0xFF, 0xFF, 0xFF, 0xF0, 0x00,
    0xF4, 0x00, 0x00, 0x00, 0x7C, 0x00, 0x00, 0x05, 0x7F, 0x55, 0x55, 0x47, 0xFF, 0xFF, 0xFF, 0xF1,
    0xFF, 0xFF, 0xFF, 0xFC, 0x03, 0xD0, 0x00, 0x00, 0x01, 0xF0, 0x00, 0x00, 0x00, 0x28, 0x00, 0x00,
    0x00, 0x00, 0x00, 0x00, 0x00, 0x7F, 0xFF, 0xFF, 0xFF, 0x1F, 0xFF, 0xFF, 0xFF, 0xC7, 0xD5, 0x55,
    0x55, 0x51, 0xF0, 0x00, 0x00, 0x00, 0x7C, 0x00, 0x00, 0x00, 0x1F, 0x00, 0x00, 0x00, 0x07, 0xC0,
    0x00, 0x00, 0x01, 0xF0, 0x00, 0x00, 0x00, 0x7C, 0x00, 0x00, 0x00, 0x1F, 0x00, 0x00, 0x00, 0x07,
    0xC0, 0x00, 0x00, 0x01, 0xF0, 0x00, 0x00, 0x00, 0x7C, 0x00, 0x00, 0x00, 0x1F, 0x00, 0x00, 0x00,
    0x07, 0xC0, 0x00, 0x00, 0x01, 0xF5, 0x55, 0x55, 0x54, 0x7F, 0xFF, 0xFF, 0xFF, 0x1F, 0xFF, 0xFF,
    0xFF, 0xC0, 0x00, 0x00, 0x00, 0x00, 0x00, 0x07, 0x80, 0x00, 0x15, 0x57, 0xF5, 0x55, 0x1F, 0xFF,
    0xFF, 0xFF, 0xC7, 0xFF, 0xFF, 0xFF, 0xF0, 0x00, 0x7C, 0x00, 0x00, 0x00, 0x3E, 0x00, 0x00, 0x00,
    0x02, 0x00, 0x00, 0x00, 0x7F, 0xFF, 0xFF, 0xFF, 0x1F, 0xFF, 0xFF, 0xFF, 0xC1, 0x55, 0x55, 0x55,
    0xF0, 0x00, 0x00, 0x00, 0x3C, 0x00, 0x00, 0x00, 0x0F, 0x00, 0x00, 0x00, 0x03, 0xC0, 0x00, 0x00,
    0x00, 0xF0, 0x00, 0x00, 0x00, 0x3C, 0x00, 0x00, 0x00, 0x0F, 0x00, 0x00, 0x00, 0x03, 0xC0, 0x00,
    0x00, 0x00, 0xF0, 0x00, 0x00, 0x00, 0x3C, 0x00, 0x00, 0x00, 0x0F, 0x00, 0x00, 0x00, 0x03, 0xC0,
    0x00, 0x00, 0x00, 0xF0, 0x55, 0x55, 0x55, 0x7C, 0x7F, 0xFF, 0xFF, 0xFF, 0x1F, 0xFF, 0xFF, 0xFF,
    0xC0, 0x00, 0x00, 0x00, 0x00, 0x00, 0x07, 0x80, 0x00, 0x15, 0x57, 0xF5, 0x55, 0x1F, 0xFF, 0xFF,
    0xFF, 0xC7, 0xFF, 0xFF, 0xFF, 0xF0, 0x00, 0x7C, 0x00, 0x00, 0x00, 0x3E, 0x00, 0x00, 0x00, 0x02,
    0x00, 0x00, 0x00, 0x00, 0x00, 0x00, 0x01, 0x00, 0x00, 0x00, 0x1B, 0xC0, 0x00, 0x01, 0xBF, 0xF0,
    0x00, 0x0B, 0xFF, 0x90, 0x00, 0x7F, 0xF9, 0x00, 0x06, 0xFF, 0x90, 0x00, 0x07, 0xFD, 0x00, 0x00,
    0x00, 0xFF, 0xD0, 0x00, 0x00, 0x02, 0xFF, 0xD0, 0x00, 0x00, 0x06, 0xFF, 0xD0, 0x00, 0x00, 0x07,
    0xFF, 0xD0, 0x00, 0x00, 0x07, 0xFC, 0x00, 0x00, 0x10, 0x0B, 0x00, 0x00, 0x1F, 0x00, 0x00, 0x05,
    0x0F, 0x80, 0x00, 0x7F, 0xFF, 0xC0, 0x08, 0x3F, 0xFF, 0xF9, 0x6F, 0x1E, 0x02, 0xFF, 0xFF, 0xC5,
    0x00, 0xBA, 0xFF, 0x40, 0x00, 0x3C, 0x00, 0x00, 0x00, 0x0A, 0x00, 0x00, 0x00, 0x00, 0x00, 0x00,
    0x00, 0x10, 0x00, 0x00, 0x00, 0x1F, 0x90, 0x00, 0x00, 0x03, 0xFF, 0x80, 0x00, 0x00, 0x1B, 0xFF,
    0x40, 0x00, 0x00, 0x1B, 0xFF, 0x40, 0x00, 0x00, 0x1B, 0xFE, 0x40, 0x00, 0x00, 0x1F, 0xF0, 0x00,
    0x00, 0x2F, 0xFC, 0x00, 0x02, 0xFF, 0xE0, 0x00, 0x2F, 0xFE, 0x40, 0x02, 0xFF, 0xE4, 0x00, 0x01,
    0xFF, 0x40, 0x00, 0x00, 0x78, 0x00, 0x10, 0x00, 0x00, 0x00, 0x1F, 0x00, 0x00, 0x05, 0x0F, 0x80,
    0x00, 0x7F, 0xFF, 0xC0, 0x08, 0x3F, 0xFF, 0xF9, 0x6F, 0x1E, 0x02, 0xFF, 0xFF, 0xC5, 0x00, 0xB9,
    0xFF, 0x40, 0x00, 0x3C, 0x00, 0x00, 0x00, 0x0A, 0x00, 0x00, 0x00, 0x00, 0x00, 0x00, 0x00, 0x00,
    0x00, 0x00, 0x00, 0x00, 0x00, 0x00, 0x01, 0xC0, 0x00, 0x00, 0x02, 0xF0, 0x00, 0x00, 0x0B, 0xF8,
    0x00, 0x00, 0x6F, 0xF4, 0x00, 0x06, 0xFF, 0xD0, 0x01, 0xBF, 0xFE, 0x40, 0x01, 0xFF, 0xE0, 0x00,
    0x00, 0x2F, 0xFF, 0x90, 0x00, 0x00, 0x1B, 0xFF, 0x80, 0x00, 0x00, 0x0B, 0xFE, 0x00, 0x00, 0x00,
    0x1F, 0xF4, 0x00, 0x00, 0x00, 0x7F, 0x00, 0x00, 0x08, 0x02, 0xC0, 0x00, 0x07, 0xC0, 0x20, 0x01,
    0x43, 0xE0, 0x00, 0x1F, 0xFF, 0xF0, 0x02, 0x0F, 0xFF, 0xFE, 0x5B, 0xC7, 0x80, 0xBF, 0xFF, 0xF1,
    0x40, 0x2E, 0xBF, 0xD0, 0x00, 0x0F, 0x00, 0x00, 0x00, 0x02, 0x80, 0x00, 0x00, 0x00, 0x00, 0x00,
    0x00, 0x00, 0x00, 0x00, 0x00, 0x1C, 0x00, 0x00, 0x00, 0x07, 0xE0, 0x00, 0x00, 0x00, 0xBF, 0x40,
    0x00, 0x00, 0x07, 0xFE, 0x00, 0x00, 0x00, 0x1F, 0xFE, 0x00, 0x00, 0x00, 0x6F, 0xFE, 0x40, 0x00,
    0x00, 0x7F, 0xFC, 0x00, 0x01, 0xBF, 0xFE, 0x00, 0x0B, 0xFF, 0x90, 0x00, 0x2F, 0xF8, 0x00, 0x00,
    0x7F, 0xD0, 0x00, 0x00, 0x7F, 0x40, 0x00, 0x00, 0x1E, 0x00, 0x04, 0x00, 0x06, 0x00, 0x07, 0xC0,
    0x00, 0x01, 0x43, 0xE0, 0x00, 0x1F, 0xFF, 0xF0, 0x02, 0x0F, 0xFF, 0xFE, 0x5B, 0xC7, 0x80, 0xBF,
    0xFF, 0xF1, 0x40, 0x2E, 0xBF, 0xD0, 0x00, 0x0F, 0x00, 0x00, 0x00, 0x02, 0x80, 0x00, 0x00, 0x00,
    0x00, 0x00, 0x00, 0x00, 0x00, 0x00, 0x00, 0x00, 0x00, 0x00, 0x0B, 0x40, 0x00, 0x00, 0x03, 0xD0,
    0x00, 0x00, 0x01, 0xF0, 0x00, 0x00, 0x00, 0xB8, 0x00, 0x00, 0x00, 0x3C, 0x00, 0x00, 0x00, 0x1F,
    0xB0, 0x00, 0x00, 0x0F, 0xFC, 0x00, 0x00, 0x7F, 0xFF, 0x00, 0x06, 0xFF, 0xE3, 0xC0, 0x6F, 0xF9,
    0xF4, 0xF0, 0xFF, 0x90, 0x7C, 0x3C, 0x3F, 0xE4, 0x3E, 0x0F, 0x00, 0xBF, 0xEF, 0x03, 0xC0, 0x01,
    0xBF, 0xE4, 0xF0, 0x00, 0x03, 0xFF, 0xFC, 0x00, 0x01, 0xF1, 0xFF, 0x00, 0x00, 0xB8, 0x02, 0xC0,
    0x00, 0x3C, 0x00, 0x00, 0x00, 0x1F, 0x00, 0x00, 0x00, 0x0B, 0x40, 0x00, 0x00, 0x00, 0x00, 0x00,
    0x00, 0x00, 0x00, 0x00, 0x00, 0x00, 0x00, 0x0B, 0x80, 0x00, 0x00, 0x03, 0xD0, 0x00, 0x00, 0x01,
    0xF0, 0x00, 0x00, 0x00, 0xF8, 0x00, 0x1E, 0x40, 0x3C, 0x00, 0x07, 0xFE, 0x6F, 0x00, 0x01, 0xFF,
    0xFF, 0x80, 0x00, 0x7C, 0x2F, 0xFD, 0x00, 0x1F, 0x02, 0xFF, 0xF9, 0x07, 0xC0, 0xF4, 0x6F, 0xF1,
    0xF0, 0x7C, 0x2F, 0xF8, 0x7C, 0x3F, 0xFF, 0x90, 0x1F, 0x2F, 0xFD, 0x00, 0x07, 0xFF, 0xE0, 0x00,
    0x01, 0xFF, 0xD0, 0x00, 0x00, 0x65, 0xF0, 0x00, 0x00, 0x00, 0xF8, 0x00, 0x00, 0x00, 0x3C, 0x00,
    0x00, 0x00, 0x2F, 0x00, 0x00, 0x00, 0x07, 0x40, 0x00, 0x00, 0x00, 0x00, 0x00, 0x00, 0x00, 0x00,
    0x00, 0x00, 0x40, 0x00, 0x00, 0x00, 0x7C, 0x00, 0x00, 0x00, 0x2E, 0x00, 0x00, 0x00, 0x0F, 0x40,
    0x00, 0x00, 0x03, 0xC0, 0x00, 0x00, 0x01, 0xF0, 0x00, 0x00, 0x00, 0xB9, 0xB0, 0x00, 0x00, 0x3F,
    0xFC, 0x00, 0x00, 0xBF, 0xFF, 0x00, 0x07, 0xFF, 0xC3, 0xC0, 0x6F, 0xFB, 0xE0, 0xF0, 0xFF, 0x80,
    0xF4, 0x3C, 0x2F, 0xF4, 0x3C, 0x0F, 0x00, 0x7F, 0xFF, 0x03, 0xC0, 0x00, 0xBF, 0xF4, 0xF0, 0x00,
    0x03, 0xFF, 0xFC, 0x00, 0x00, 0xF1, 0xFF, 0x00, 0x00, 0x78, 0x01, 0xC0, 0x00, 0x2D, 0x00, 0x00,
    0x55, 0x5F, 0x95, 0x54, 0x7F, 0xFF, 0xFF, 0xFF, 0x1F, 0xFF, 0xFF, 0xFF, 0xC0, 0x00, 0xF4, 0x00,
    0x00, 0x00, 0x3C, 0x00, 0x00, 0x00, 0x1F, 0x00, 0x00, 0x00, 0x0B, 0x80, 0x00, 0x00, 0x03, 0xD0,
    0x00, 0x00, 0x00, 0x60, 0x00, 0x00, 0x00, 0x00, 0x10, 0x00, 0x00, 0x00, 0x2E, 0x00, 0x00, 0x00,
    0x0F, 0x40, 0x00, 0x00, 0x03, 0xC0, 0x00, 0x00, 0x01, 0xF0, 0x00, 0x00, 0x00, 0xB8, 0x00, 0x07,
    0x90, 0x3D, 0x00, 0x01, 0xFF, 0x9F, 0x00, 0x00, 0x7F, 0xFF, 0xC0, 0x00, 0x1F, 0x0B, 0xFF, 0x40,
    0x07, 0xC0, 0xFB, 0xFE, 0x41, 0xF0, 0x3C, 0x1B, 0xFC, 0x7C, 0x1E, 0x07, 0xFE, 0x1F, 0x0B, 0xFF,
    0xF4, 0x07, 0xCB, 0xFF, 0x80, 0x01, 0xFF, 0xF8, 0x00, 0x00, 0x7F, 0xF8, 0x00, 0x00, 0x1D, 0x3D,
    0x00, 0x00, 0x00, 0x0F, 0x00, 0x00, 0x00, 0x57, 0xD5, 0x55, 0x54, 0x7F, 0xFF, 0xFF, 0xFF, 0x1F,
    0xFF, 0xFF, 0xFF, 0xC0, 0x3C, 0x00, 0x00, 0x00, 0x1F, 0x00, 0x00, 0x00, 0x0B, 0x80, 0x00, 0x00,
    0x03, 0xD0, 0x00, 0x00, 0x00, 0xF0, 0x00, 0x00, 0x00, 0x18, 0x00, 0x00, 0x00, 0x2F, 0x0F, 0xE3,
    0xF8, 0x78, 0x00, 0x00, 0x00, 0x00, 0x00, 0x00, 0x00, 0x02, 0xE0, 0xFE, 0x3F, 0x8B, 0xC0, 0x00,
    0x00, 0x00, 0x00, 0x00, 0x00, 0x00, 0x1E, 0x0F, 0xE3, 0xF8, 0xBC, 0x2E, 0x00, 0x01, 0xE0, 0x00,
    0x1E, 0x0F, 0xE0, 0x00, 0xFE, 0x00, 0x0F, 0xE3, 0xF8, 0x00, 0x3F, 0x80, 0x03, 0xF8, 0xBC, 0x00,
    0x07, 0xC0, 0x00, 0x7C, 0x00, 0x00, 0x00, 0x00, 0x00, 0x1F, 0x00, 0x00, 0x00, 0x00, 0x00, 0x0F,
    0xF0, 0x00, 0x00, 0x00, 0x00, 0x03, 0xFC, 0x00, 0x00, 0x00, 0x00, 0x00, 0x7C, 0x00, 0x00, 0x00,
    0x00, 0x00, 0x00, 0x00, 0x00, 0x00, 0x00, 0x00, 0x00, 0x00, 0x00, 0x00, 0x00, 0x00, 0x00, 0x00,
    0x00, 0x00, 0x00, 0x00, 0x00, 0x00, 0x00, 0x00, 0x00, 0x00, 0x00, 0x00, 0x00, 0x00, 0x00, 0x00,
    0x00, 0x00, 0x00, 0x00, 0x00, 0x1F, 0x00, 0x00, 0x00, 0x00, 0x00, 0x0F, 0xE0, 0x00, 0x00, 0x00,
    0x00, 0x03, 0xF8, 0x00, 0x00, 0x00, 0x00, 0x00, 0x7C, 0x00, 0x00, 0x00, 0x00, 0x00, 0x00, 0x00,
    0x00, 0x00, 0x00, 0x00, 0x00, 0x00, 0x00, 0x00, 0x00, 0x00, 0x00, 0x00, 0x00, 0x00, 0x00, 0x00,
    0x00, 0x00, 0x00, 0x00, 0x00, 0x00, 0x00, 0x00, 0x00, 0x00, 0x00, 0x00, 0x00, 0x00, 0x00, 0x00,
    0x00, 0x1E, 0x00, 0x00, 0x00, 0x00, 0x00, 0x0F, 0xE0, 0x00, 0x00, 0x00, 0x00, 0x03, 0xF8, 0x00,
    0x00, 0x00, 0x00, 0x00, 0xBC, 0x00, 0x00, 0x00, 0x00, 0x00, 0x2F, 0x00, 0x00, 0x00, 0x00, 0x00,
    0x0F, 0xE0, 0x00, 0x00, 0x00, 0x00, 0x03, 0xF8, 0x00, 0x00, 0x00, 0x00, 0x00, 0x78, 0x00, 0x00,
    0x00, 0x00, 0x00, 0x00, 0x00, 0x00, 0x00, 0x00, 0x00, 0x00, 0x00, 0x00, 0x00, 0x00, 0x00, 0x00,
    0x00, 0x00, 0x00, 0x00, 0x00, 0x00, 0x00, 0x00, 0x00, 0x00, 0x00, 0x00, 0x00, 0x00, 0x00, 0x00,
    0x00, 0x00, 0x00, 0x00, 0x00, 0x00, 0x00, 0x00, 0x00, 0x00, 0x00, 0x1E, 0x00, 0x00, 0x00, 0x00,
    0x00, 0x0F, 0xE0, 0x00, 0x00, 0x00, 0x00, 0x03, 0xF8, 0x00, 0x00, 0x00, 0x00, 0x00, 0x7C, 0x00,
    0x00, 0x00, 0x00, 0x00, 0x00, 0x00, 0x00, 0x00, 0x00, 0x00, 0x00, 0x00, 0x00, 0x00, 0x00, 0x00,
    0x00, 0x00, 0x00, 0x00, 0x00, 0x00, 0x00, 0x00, 0x00, 0x00, 0x00, 0x00, 0x00, 0x00, 0x00, 0x00,
    0x00, 0x00, 0x00, 0x00, 0x00, 0x00, 0x00, 0x00, 0x00, 0x00, 0x00, 0x00, 0x1F, 0x00, 0x00, 0x00,
    0x00, 0x00, 0x0F, 0xF0, 0x00, 0x00, 0x00, 0x00, 0x03, 0xFC, 0x00, 0x00, 0x00, 0x00, 0x00, 0x7C,
    0x00, 0x00, 0x00, 0x01, 0x55, 0x55, 0x00, 0x00, 0x02, 0xFF, 0xFF, 0xFF, 0xD0, 0x00, 0x0B, 0xFF,
    0xFF, 0xFF, 0xF4, 0x00, 0x0F, 0xF9, 0x00, 0x00, 0x00, 0x00, 0x0F, 0xE0, 0x00, 0x00, 0x00, 0x00,
    0x07, 0xD0, 0x00, 0x00, 0x00, 0x00, 0x03, 0xF0, 0x00, 0x00, 0x00, 0x00, 0x00, 0xF4, 0x00, 0x00,
    0x00, 0x00, 0x00, 0x7C, 0x00, 0x00, 0x00, 0x00, 0x1F, 0xFF, 0xFF, 0xFF, 0xFF, 0xFF, 0xD7, 0xFF,
    0xFF, 0xFF, 0xFF, 0xFF, 0xF4, 0x56, 0xF5, 0x55, 0x55, 0x55, 0x54, 0x00, 0x3C, 0x00, 0x00, 0x00,
    0x00, 0x00, 0x0F, 0x80, 0x00, 0x00, 0x00, 0x00, 0x02, 0xF0, 0x00, 0x00, 0x00, 0x00, 0x00, 0x3F,
    0x00, 0x00, 0x00, 0x00, 0x00, 0x07, 0xF4, 0x00, 0x00, 0x00, 0x00, 0x00, 0x7F, 0xE5, 0x55, 0x55,
    0x40, 0x00, 0x03, 0xFF, 0xFF, 0xFF, 0xF4, 0x00, 0x00, 0x06, 0xFF, 0xFF, 0xFD, 0x00, 0x00, 0x01,
    0x55, 0x55, 0x00, 0x01, 0xFF, 0xFF, 0xFF, 0xD0, 0x07, 0xFF, 0xFF, 0xFF, 0xF4, 0x0B, 0xF9, 0x00,
    0x00, 0x00, 0x0B, 0xE0, 0x00, 0x00, 0x00, 0x03, 0xE0, 0x00, 0x00, 0x01, 0x42, 0xF0, 0x00, 0x00,
    0x00, 0xF4, 0xF4, 0x00, 0x00, 0x00, 0x3D, 0x3C, 0x00, 0x00, 0x00, 0x0F, 0x4F, 0xFF, 0xFF, 0xFF,
    0xFF, 0xD7, 0xFF, 0xFF, 0xFF, 0xFF, 0xF4, 0xF5, 0x55, 0x55, 0x55, 0x7D, 0x3D, 0x00, 0x00, 0x00,
    0x0F, 0x4F, 0x80, 0x00, 0x00, 0x03, 0xD2, 0xF0, 0x00, 0x00, 0x00, 0xF4, 0x3F, 0x00, 0x00, 0x00,
    0x00, 0x07, 0xF4, 0x00, 0x00, 0x00, 0x00, 0x7F, 0xE5, 0x55, 0x55, 0x40, 0x02, 0xFF, 0xFF, 0xFF,
    0xF4, 0x00, 0x06, 0xFF, 0xFF, 0xFD, 0x00, 0x00, 0x55, 0x54, 0x00, 0x7F, 0xFF, 0xFE, 0x03, 0xFF,
    0xFF, 0xFE, 0x0F, 0xE4, 0x00, 0x00, 0x2F, 0x00, 0x00, 0x09, 0x3D, 0x00, 0x00, 0x1E, 0x3D, 0x55,
    0x55, 0x6E, 0x7F, 0xFF, 0xFF, 0xFE, 0x7F, 0xFF, 0xFF, 0xFE, 0x3C, 0x00, 0x00, 0x1E, 0x3E, 0x00,
    0x00, 0x1E, 0x1F, 0x80, 0x00, 0x00, 0x0B, 0xF9, 0x55, 0x54, 0x02, 0xFF, 0xFF, 0xFE, 0x00, 0x2B,
    0xFF, 0xFE, 0x00, 0x00, 0x00, 0xF4, 0x00, 0x00, 0x00, 0x00, 0xBF, 0x00, 0x00, 0x00, 0x00, 0x3F,
    0xC0, 0x00, 0x00, 0x00, 0x03, 0xD0, 0x00, 0x00, 0x00, 0x00, 0x00, 0x00, 0x00, 0x00, 0x00, 0x55,
    0x55, 0x40, 0x00, 0x7F, 0xFF, 0xFF, 0xF4, 0x01, 0xFF, 0xFF, 0xFF, 0xFD, 0x02, 0xFE, 0x40, 0x00,
    0x00, 0x02, 0xF8, 0x00, 0x00, 0x00, 0x00, 0xF8, 0x00, 0x00, 0x00, 0x00, 0xBC, 0x00, 0x00, 0x00,
    0x00, 0x3D, 0x00, 0x00, 0x00, 0x00, 0x0F, 0x00, 0x00, 0x00, 0x00, 0x03, 0xFF, 0xFF, 0xFF, 0xFF,
    0xF5, 0xFF, 0xFF, 0xFF, 0xFF, 0xFD, 0x3D, 0x55, 0x55, 0x55, 0x55, 0x0F, 0x40, 0x00, 0x00, 0x00,
    0x03, 0xE0, 0x00, 0x00, 0x00, 0x00, 0xBC, 0x00, 0x00, 0x00, 0x00, 0x0F, 0xC0, 0x00, 0x00, 0x00,
    0x01, 0xFD, 0x00, 0x00, 0x00, 0x00, 0x1F, 0xF9, 0x55, 0x55, 0x50, 0x00, 0xBF, 0xFF, 0xFF, 0xFD,
    0x00, 0x01, 0xBF, 0xFF, 0xFF, 0x40, 0x05, 0x55, 0x55, 0x55, 0x55, 0x03, 0xFF, 0xFF, 0xFF, 0xFF,
    0xD0, 0xFF, 0xFF, 0xFF, 0xFF, 0xF4, 0x00, 0x00, 0x00, 0x00, 0x00, 0x00, 0x00, 0x00, 0x00, 0x00,
    0x00, 0x00, 0x00, 0x55, 0x55, 0x40, 0x00, 0x7F, 0xFF, 0xFF, 0xF4, 0x01, 0xFF, 0xFF, 0xFF, 0xFD,
    0x02, 0xFE, 0x40, 0x00, 0x00, 0x02, 0xF8, 0x00, 0x00, 0x00, 0x00, 0xF8, 0x00, 0x00, 0x00, 0x00,
    0xBC, 0x00, 0x00, 0x00, 0x00, 0x3D, 0x00, 0x00, 0x00, 0x00, 0x0F, 0x00, 0x00, 0x00, 0x00, 0x03,
    0xFF, 0xFF, 0xFF, 0xFF, 0xF5, 0xFF, 0xFF, 0xFF, 0xFF, 0xFD, 0x3D, 0x55, 0x55, 0x55, 0x55, 0x0F,
    0x40, 0x00, 0x00, 0x00, 0x03, 0xE0, 0x00, 0x00, 0x00, 0x00, 0xBC, 0x00, 0x00, 0x00, 0x00, 0x0F,
    0xC0, 0x00, 0x00, 0x00, 0x01, 0xFD, 0x00, 0x00, 0x00, 0x00, 0x1F, 0xF9, 0x55, 0x55, 0x50, 0x00,
    0xBF, 0xFF, 0xFF, 0xFD, 0x00, 0x01, 0xBF, 0xFF, 0xFF, 0x40, 0x0B, 0xFF, 0xFF, 0xFE, 0x0B, 0xFF,
    0xFF, 0xFE, 0x00, 0x00, 0x00, 0x00, 0x00, 0x00, 0x00, 0x00, 0x00, 0x00, 0x55, 0x54, 0x00, 0x7F,
    0xFF, 0xFE, 0x03, 0xFF, 0xFF, 0xFE, 0x0F, 0xE4, 0x00, 0x00, 0x2F, 0x00, 0x00, 0x00, 0x3D, 0x00,
    0x00, 0x00, 0x3D, 0x55, 0x55, 0x54, 0x7F, 0xFF, 0xFF, 0xFE, 0x7F, 0xFF, 0xFF, 0xFE, 0x3C, 0x00,
    0x00, 0x00, 0x3E, 0x00, 0x00, 0x00, 0x1F, 0x80, 0x00, 0x00, 0x0B, 0xF9, 0x55, 0x54, 0x02, 0xFF,
    0xFF, 0xFE, 0x00, 0x2B, 0xFF, 0xFE, 0x00, 0x00, 0x05, 0x55, 0x55, 0x00, 0x01, 0xFF, 0xFF, 0xFF,
    0xD0, 0x0B, 0xFF, 0xFF, 0xFF, 0xF4, 0x0F, 0xF9, 0x00, 0x00, 0x00, 0x0B, 0xE0, 0x00, 0x00, 0x00,
    0x03, 0xE0, 0x00, 0x00, 0x00, 0x02, 0xF0, 0x00, 0x00, 0x00, 0x00, 0xF4, 0x00, 0x00, 0x00, 0x00,
    0x3C, 0x00, 0x00, 0x00, 0x00, 0x1F, 0xFF, 0xFF, 0xFF, 0xFF, 0xD7, 0xFF, 0xFF, 0xFF, 0xFF, 0xF4,
    0xF5, 0x55, 0x55, 0x55, 0x54, 0x3D, 0x00, 0x00, 0x00, 0x00, 0x0F, 0x80, 0x00, 0x00, 0x00, 0x02,
    0xF0, 0x00, 0x00, 0x00, 0x00, 0x3F, 0x00, 0x00, 0x00, 0x00, 0x07, 0xF4, 0x00, 0x00, 0x00, 0x00,
    0x7F, 0xE9, 0x55, 0x55, 0x40, 0x02, 0xFF, 0xFF, 0xFF, 0xF4, 0x00, 0x06, 0xFF, 0xFF, 0xFD, 0x00,
    0x00, 0x00, 0x00, 0x00, 0x00, 0x00, 0x00, 0x00, 0x00, 0x00, 0x55, 0x55, 0x55, 0x55, 0x50, 0x3F,
    0xFF, 0xFF, 0xFF, 0xFD, 0x0F, 0xFF, 0xFF, 0xFF, 0xFF, 0x40, 0x00, 0x00, 0x01, 0x55, 0x55, 0x00,
    0x01, 0xFF, 0xFF, 0xFF, 0xD0, 0x07, 0xFF, 0xFF, 0xFF, 0xF4, 0x0B, 0xF9, 0x00, 0x00, 0x00, 0x0B,
    0xF0, 0x00, 0x00, 0x00, 0x03, 0xF0, 0x00, 0x00, 0x00, 0x02, 0xF9, 0x55, 0x55, 0x55, 0x50, 0xFF,
    0xFF, 0xFF, 0xFF, 0xFD, 0x3F, 0xFF, 0xFF, 0xFF, 0xFF, 0x4F, 0x00, 0x00, 0x00, 0x00, 0x07, 0xC0,
    0x00, 0x00, 0x00, 0x00, 0xF0, 0x00, 0x00, 0x00, 0x00, 0x3F, 0xFF, 0xFF, 0xFF, 0xFF, 0x4F, 0xFF,
    0xFF, 0xFF, 0xFF, 0xD2, 0xF9, 0x55, 0x55, 0x55, 0x50, 0x3F, 0x00, 0x00, 0x00, 0x00, 0x07, 0xF4,
    0x00, 0x00, 0x00, 0x00, 0x7F, 0xE5, 0x55, 0x55, 0x40, 0x02, 0xFF, 0xFF, 0xFF, 0xF4, 0x00, 0x06,
    0xFF, 0xFF, 0xFD, 0x15, 0x55, 0x50, 0x00, 0x00, 0x00, 0x1F, 0xFF, 0xFF, 0xFD, 0x00, 0x00, 0x07,
    0xFF, 0xFF, 0xFF, 0xF8, 0x00, 0x00, 0x00, 0x00, 0x01, 0xBF, 0xC0, 0x00, 0x00, 0x00, 0x00, 0x02,
    0xF8, 0x00, 0x00, 0x00, 0x00, 0x00, 0x2F, 0x40, 0x00, 0x00, 0x00, 0x00, 0x03, 0xF0, 0x00, 0x00,
    0x00, 0x00, 0x00, 0x7C, 0x00, 0x00, 0x00, 0x00, 0x00, 0x0F, 0x40, 0x1F, 0xFF, 0xFF, 0xFF, 0xFF,
    0xFF, 0xD7, 0xFF, 0xFF, 0xFF, 0xFF, 0xFF, 0xF4, 0x55, 0x55, 0x55, 0x55, 0x7E, 0x54, 0x00, 0x00,
    0x00, 0x00, 0x1F, 0x00, 0x00, 0x00, 0x00, 0x00, 0x0B, 0xC0, 0x00, 0x00, 0x00, 0x00, 0x03, 0xE0,
    0x00, 0x00, 0x00, 0x00, 0x03, 0xF0, 0x00, 0x00, 0x00, 0x00, 0x07, 0xF4, 0x00, 0x05, 0x55, 0x55,
    0x6F, 0xF4, 0x00, 0x07, 0xFF, 0xFF, 0xFF, 0xE0, 0x00, 0x01, 0xFF, 0xFF, 0xFE, 0x40, 0x00, 0x00,
    0x15, 0x55, 0x50, 0x00, 0x00, 0x1F, 0xFF, 0xFF, 0xFD, 0x00, 0x07, 0xFF, 0xFF, 0xFF, 0xF8, 0x00,
    0x00, 0x00, 0x01, 0xBF, 0xC0, 0x00, 0x00, 0x00, 0x02, 0xF8, 0x05, 0x00, 0x00, 0x00, 0x2F, 0x47,
    0xC0, 0x00, 0x00, 0x03, 0xF1, 0xF0, 0x00, 0x00, 0x00, 0x7C, 0x7C, 0x00, 0x00, 0x00, 0x0F, 0x1F,
    0xFF, 0xFF, 0xFF, 0xFF, 0xD7, 0xFF, 0xFF, 0xFF, 0xFF, 0xF5, 0xF5, 0x55, 0x55, 0x55, 0x7D, 0x7C,
    0x00, 0x00, 0x00, 0x1F, 0x1F, 0x00, 0x00, 0x00, 0x0B, 0xC7, 0xC0, 0x00, 0x00, 0x03, 0xE0, 0x00,
    0x00, 0x00, 0x03, 0xF0, 0x00, 0x00, 0x00, 0x07, 0xF4, 0x05, 0x55, 0x55, 0x6F, 0xF4, 0x07, 0xFF,
    0xFF, 0xFF, 0xF0, 0x01, 0xFF, 0xFF, 0xFE, 0x40, 0x00, 0x15, 0x55, 0x40, 0x00, 0x7F, 0xFF, 0xFE,
    0x00, 0x7F, 0xFF, 0xFF, 0xD0, 0x00, 0x00, 0x07, 0xF4, 0x24, 0x00, 0x00, 0xFC, 0x78, 0x00, 0x00,
    0x3D, 0x7D, 0x55, 0x55, 0x7E, 0x7F, 0xFF, 0xFF, 0xFE, 0x7F, 0xFF, 0xFF, 0xFE, 0x78, 0x00, 0x00,
    0x3E, 0x78, 0x00, 0x00, 0x7C, 0x00, 0x00, 0x01, 0xFC, 0x15, 0x55, 0x6F, 0xF0, 0x7F, 0xFF, 0xFF,
    0xC0, 0x7F, 0xFF, 0xF9, 0x00, 0x15, 0x55, 0x55, 0x55, 0x54, 0x1F, 0xFF, 0xFF, 0xFF, 0xFF, 0x07,
    0xFF, 0xFF, 0xFF, 0xFF, 0xC0, 0x00, 0x00, 0x00, 0x00, 0x00, 0x00, 0x00, 0x00, 0x00, 0x00, 0x05,
    0x55, 0x54, 0x00, 0x00, 0x07, 0xFF, 0xFF, 0xFF, 0x40, 0x01, 0xFF, 0xFF, 0xFF, 0xFE, 0x00, 0x00,
    0x00, 0x00, 0x6F, 0xF0, 0x00, 0x00, 0x00, 0x00, 0xBE, 0x00, 0x00, 0x00, 0x00, 0x0B, 0xD0, 0x00,
    0x00, 0x00, 0x00, 0xFC, 0x00, 0x00, 0x00, 0x00, 0x1F, 0x00, 0x00, 0x00, 0x00, 0x03, 0xC7, 0xFF,
    0xFF, 0xFF, 0xFF, 0xF5, 0xFF, 0xFF, 0xFF, 0xFF, 0xFD, 0x15, 0x55, 0x55, 0x55, 0x5F, 0x40, 0x00,
    0x00, 0x00, 0x07, 0xC0, 0x00, 0x00, 0x00, 0x02, 0xF0, 0x00, 0x00, 0x00, 0x00, 0xF8, 0x00, 0x00,
    0x00, 0x00, 0xFC, 0x00, 0x00, 0x00, 0x01, 0xFD, 0x01, 0x55, 0x55, 0x5B, 0xFD, 0x01, 0xFF, 0xFF,
    0xFF, 0xFC, 0x00, 0x7F, 0xFF, 0xFF, 0x90, 0x00, 0x00, 0x7F, 0xFF, 0xFF, 0xF0, 0x7F, 0xFF, 0xFF,
    0xF0, 0x00, 0x00, 0x00, 0x00, 0x00, 0x00, 0x00, 0x00, 0x15, 0x55, 0x40, 0x00, 0x7F, 0xFF, 0xFE,
    0x00, 0x7F, 0xFF, 0xFF, 0xD0, 0x00, 0x00, 0x07, 0xF4, 0x00, 0x00, 0x00, 0xFC, 0x00, 0x00, 0x00,
    0x3D, 0x15, 0x55, 0x55, 0x7E, 0x7F, 0xFF, 0xFF, 0xFE, 0x7F, 0xFF, 0xFF, 0xFE, 0x00, 0x00, 0x00,
    0x3E, 0x00, 0x00, 0x00, 0x7C, 0x00, 0x00, 0x01, 0xFC, 0x15, 0x55, 0x6F, 0xF0, 0x7F, 0xFF, 0xFF,
    0xC0, 0x7F, 0xFF, 0xF9, 0x00, 0x15, 0x55, 0x55, 0x55, 0x55, 0x1F, 0xFF, 0xFF, 0xFF, 0xFF, 0xC7,
    0xFF, 0xFF, 0xFF, 0xFF, 0xF1, 0xF0, 0x00, 0x00, 0x00, 0x00, 0x7C, 0x00, 0x00, 0x00, 0x00, 0x1F,
    0x00, 0x00, 0x00, 0x00, 0x07, 0xC0, 0x00, 0x00, 0x00, 0x01, 0xF0, 0x00, 0x00, 0x00, 0x00, 0x7C,
    0x00, 0x00, 0x00, 0x00, 0x1F, 0xFF, 0xFF, 0xFF, 0xFF, 0xC7, 0xFF, 0xFF, 0xFF, 0xFF, 0xF1, 0xF5,
    0x55, 0x55, 0x55, 0x54, 0x7C, 0x00, 0x00, 0x00, 0x00, 0x1F, 0x00, 0x00, 0x00, 0x00, 0x07, 0xC0,
    0x00, 0x00, 0x00, 0x01, 0xF0, 0x00, 0x00, 0x00, 0x00, 0x7C, 0x00, 0x00, 0x00, 0x00, 0x1F, 0x55,
    0x55, 0x55, 0x55, 0x47, 0xFF, 0xFF, 0xFF, 0xFF, 0xF1, 0xFF, 0xFF, 0xFF, 0xFF, 0xFC, 0x00, 0x02,
    0xF0, 0x00, 0x0F, 0x80, 0x00, 0x7C, 0x00, 0x03, 0xE0, 0x00, 0x1F, 0x40, 0x00, 0xFC, 0x00, 0x07,
    0xD0, 0x00, 0x3F, 0x00, 0x01, 0xF4, 0x00, 0x0B, 0xC0, 0x00, 0x3D, 0x00, 0x02, 0xF0, 0x00, 0x0F,
    0x80, 0x00, 0xBC, 0x00, 0x03, 0xE0, 0x00, 0x0F, 0x80, 0x00, 0x2F, 0x00, 0x00, 0x3D, 0x00, 0x00,
    0xFC, 0x00, 0x01, 0xF4, 0x00, 0x03, 0xF0, 0x00, 0x07, 0xD0, 0x00, 0x0F, 0xC0, 0x00, 0x1F, 0x40,
    0x00, 0x3E, 0x00, 0x00, 0x7C, 0x00, 0x00, 0xF8, 0x00, 0x02, 0xF0, 0x00, 0x03, 0xE0, 0x00, 0x0B,
    0xC0, 0x00, 0x0F, 0x40, 0x2F, 0x00, 0x00, 0x3E, 0x00, 0x00, 0xBC, 0x00, 0x00, 0xF4, 0x00, 0x02,
    0xF0, 0x00, 0x07, 0xD0, 0x00, 0x0F, 0xC0, 0x00, 0x1F, 0x40, 0x00, 0x3F, 0x00, 0x00, 0x7D, 0x00,
    0x00, 0xF8, 0x00, 0x01, 0xF0, 0x00, 0x03, 0xE0, 0x00, 0x0B, 0xC0, 0x00, 0x0F, 0x80, 0x00, 0x3E,
    0x00, 0x02, 0xF0, 0x00, 0x0F, 0xC0, 0x00, 0x7D, 0x00, 0x03, 0xF0, 0x00, 0x1F, 0x40, 0x00, 0xFC,
    0x00, 0x07, 0xD0, 0x00, 0x2F, 0x00, 0x00, 0xF4, 0x00, 0x0B, 0xC0, 0x00, 0x3E, 0x00, 0x02, 0xF0,
    0x00, 0x0F, 0x80, 0x00, 0x7C, 0x00, 0x03, 0xE0, 0x00, 0x00, 0x00, 0x00, 0x00, 0x00, 0x00, 0x00,
    0x00, 0x00, 0xB0, 0x00, 0x00, 0x00, 0x00, 0x00, 0x00, 0x00, 0x1B, 0x40, 0x00, 0x00, 0x00, 0x00,
    0x00, 0x00, 0x02, 0x1C, 0x00, 0x00, 0x00, 0x00, 0x00, 0x00, 0x00, 0x60, 0xD0, 0x00, 0x00, 0x00,
    0x00, 0x00, 0x00, 0x09, 0x0E, 0x00, 0x00, 0x00, 0x00, 0x00, 0x00, 0x00, 0x80, 0xB0, 0x00, 0x00,
    0x00, 0x00, 0x00, 0x00, 0x08, 0x07, 0x80, 0x00, 0x00, 0x00, 0x00, 0x00, 0x00, 0x80, 0x3C, 0x00,
    0x00, 0x00, 0x00, 0x00, 0x00, 0x08, 0x03, 0xE0, 0x00, 0x00, 0x00, 0x00, 0x00, 0x00, 0x80, 0x1F,
    0x00, 0x00, 0x00, 0x00, 0x03, 0xF8, 0x08, 0x00, 0xF8, 0x00, 0x00, 0x00, 0x00, 0x3F, 0xFC, 0x80,
    0x0F, 0xC0, 0x00, 0x00, 0x00, 0x02, 0xF4, 0x1C, 0x00, 0xBE, 0x00, 0x00, 0x00, 0x00, 0x0B, 0x40,
    0x94, 0x03, 0xF0, 0x00, 0x00, 0x00, 0x00, 0x2C, 0x08, 0x20, 0x3F, 0x80, 0x05, 0x00, 0x00, 0x00,
    0x60, 0x90, 0x81, 0xFC, 0x00, 0x50, 0x00, 0x00, 0x00, 0xC5, 0x01, 0x4F, 0xE0, 0x05, 0x00, 0x7F,
    0x00, 0x01, 0x90, 0x05, 0xBF, 0x00, 0x50, 0x03, 0xFE, 0x00, 0x07, 0x40, 0x1B, 0xFC, 0x05, 0x00,
    0x2F, 0xF4, 0x00, 0x61, 0x80, 0xBF, 0xD0, 0x50, 0x00, 0xBE, 0x00, 0x06, 0x00, 0x93, 0xFF, 0x08,
    0x00, 0x01, 0xC0, 0x00, 0x90, 0x00, 0x2F, 0xFE, 0x40, 0x00, 0x03, 0x00, 0x18, 0x00, 0x00, 0xBF,
    0xC0, 0x00, 0x00, 0x02, 0xAA, 0x40, 0x00, 0x01, 0x40, 0x00, 0x00, 0x00, 0x00, 0x00, 0x1B, 0xF4,
    0x00, 0x7F, 0x80, 0x00, 0x2F, 0x90, 0x00, 0xBD, 0x0E, 0x00, 0x2F, 0x80, 0x00, 0x7F, 0x00, 0xE0,
    0x0F, 0xC0, 0x00, 0x2F, 0xC0, 0x0E, 0x03, 0xE0, 0x00, 0x0F, 0xF0, 0x02, 0xC0, 0xF8, 0x00, 0x07,
    0xFC, 0x00, 0x34, 0x2F, 0x00, 0x01, 0xFF, 0x00, 0x0E, 0x03, 0xC0, 0x00, 0x7F, 0xC0, 0x02, 0x80,
    0x74, 0x00, 0x1F, 0xF4, 0x00, 0x90, 0x0B, 0x00, 0x07, 0xFD, 0x00, 0x24, 0x00, 0xB0, 0x00, 0xFF,
    0x80, 0x08, 0x00, 0x0A, 0x00, 0x3F, 0xF0, 0x00, 0x00, 0x00, 0x30, 0x0B, 0xFD, 0x00, 0x00, 0x00,
    0x02, 0x81, 0xFF, 0x80, 0x00, 0x00, 0x00, 0x06, 0xBF, 0xE0, 0x07, 0xF8, 0x00, 0x00, 0x07, 0xFC,
    0x02, 0xD0, 0x60, 0x00, 0x00, 0xBF, 0x80, 0x70, 0x02, 0x00, 0x00, 0x0B, 0xF0, 0x0D, 0x00, 0x20,
    0x00, 0x00, 0xBF, 0x00, 0xC0, 0x02, 0x00, 0x00, 0x0B, 0xF0, 0x08, 0x00, 0x50, 0x00, 0x00, 0x3F,
    0x00, 0x00, 0x08, 0x00, 0x00, 0x02, 0xF4, 0x00, 0x06, 0x00, 0x00, 0x00, 0x0B, 0xD0, 0x1B, 0x40,
    0x00, 0x00, 0x00, 0x0B, 0xFE, 0x40, 0x00, 0x00, 0x00, 0x00, 0x06, 0xFF, 0xE0, 0x00, 0x00, 0x00,
    0x1B, 0x90, 0x01, 0xA0, 0x00, 0x00, 0x0B, 0x80, 0x00, 0x00, 0x92, 0x40, 0x07, 0xD0, 0x00, 0x00,
    0x03, 0xC0, 0x01, 0xF0, 0x00, 0x00, 0x00, 0xB8, 0x00, 0x7C, 0x00, 0x01, 0x00, 0x2C, 0x30, 0x0F,
    0x40, 0x00, 0x20, 0x07, 0x42, 0x02, 0xF0, 0x00, 0x02, 0x00, 0xF0, 0x18, 0x3D, 0x00, 0x00, 0x30,
    0x3E, 0x00, 0xC7, 0xC0, 0x00, 0x06, 0x0B, 0xC0, 0x0C, 0xB8, 0x00, 0x00, 0xC0, 0xFC, 0x00, 0xCB,
    0x80, 0x00, 0x28, 0x2F, 0x80, 0x0C, 0xB8, 0x00, 0x07, 0x03, 0xF4, 0x00, 0xC3, 0xC0, 0x01, 0xC0,
    0xBF, 0x00, 0x0C, 0x2E, 0x01, 0xE0, 0x0F, 0xE0, 0x00, 0x80, 0x6F, 0xE4, 0x02, 0xFD, 0x00, 0x14,
    0x00, 0x00, 0x00, 0x3F, 0xC0, 0x02, 0x00, 0x00, 0x00, 0x0B, 0xF4, 0x00, 0x20, 0x00, 0x00, 0x01,
    0xFE, 0x00, 0x08, 0x00, 0x00, 0x00, 0x3F, 0xC0, 0x00, 0x80, 0x2F, 0xE4, 0x0F, 0xE0, 0x00, 0x20,
    0x09, 0x00, 0x7E, 0xF4, 0x00, 0x1C, 0x00, 0xA0, 0x01, 0xFF, 0x90, 0x1A, 0x00, 0x01, 0xFF, 0xE4,
    0x1B, 0xFE, 0x00, 0x00, 0x00, 0x0A, 0x40, 0x00, 0xBF, 0xD0, 0x02, 0xD0, 0x00, 0x7F, 0xD0, 0xC0,
    0x3C, 0x00, 0x0B, 0xF8, 0x01, 0x83, 0xC0, 0x00, 0xFF, 0x40, 0x02, 0x2D, 0x00, 0x0F, 0xF4, 0x00,
    0x15, 0xF0, 0x00, 0xFF, 0x80, 0x00, 0x8B, 0x40, 0x0B, 0xF8, 0x00, 0x08, 0x3C, 0x00, 0x3F, 0xC0,
    0x00, 0x90, 0xF0, 0x02, 0xFD, 0x00, 0x09, 0x02, 0xC0, 0x0B, 0xF0, 0x00, 0x90, 0x07, 0x00, 0x2F,
    0x40, 0x18, 0x00, 0x0A, 0x00, 0xBC, 0x06, 0x40, 0x08, 0x07, 0x41, 0xE1, 0x90, 0x01, 0xD0, 0x01,
    0x9B, 0xD0, 0x00, 0x3F, 0x00, 0x00, 0x03, 0x40, 0x0B, 0xF4, 0x00, 0x00, 0x01, 0xA5, 0x5F, 0xC0,
    0x00, 0x68, 0x00, 0x00, 0xFF, 0x00, 0x0B, 0xF8, 0x00, 0x0B, 0xF8, 0x00, 0x3F, 0xE0, 0x00, 0x3F,
    0xC0, 0x00, 0xFE, 0x00, 0x03, 0xFE, 0x00, 0x03, 0x40, 0x00, 0x2F, 0xF0, 0x00, 0x08, 0x00, 0x01,
    0xFF, 0x00, 0x00, 0x08, 0x00, 0x2F, 0xD0, 0x00, 0x00, 0x06, 0x6B, 0xA4, 0x00, 0x00, 0x00, 0x00,
    0x00, 0x00, 0x00, 0x16, 0xF9, 0x00, 0x00, 0x00, 0x00, 0x01, 0xB9, 0x10, 0x00, 0x00, 0x00, 0x00,
    0x0B, 0xD0, 0x20, 0x00, 0x00, 0x00, 0x00, 0x1F, 0x40, 0x34, 0x00, 0x00, 0x00, 0x00, 0x3E, 0x00,
    0x3C, 0x00, 0x00, 0x00, 0x00, 0x3E, 0x00, 0x2D, 0x00, 0x00, 0x00, 0x00, 0x3D, 0x00, 0x1F, 0x00,
    0x00, 0x00, 0x00, 0x2E, 0x00, 0x0F, 0x80, 0x00, 0x00, 0x00, 0x0F, 0x00, 0x0F, 0xC0, 0x00, 0x00,
    0x00, 0x0B, 0x40, 0x07, 0xE0, 0x00, 0x00, 0x00, 0x02, 0xC0, 0x03, 0xF0, 0x00, 0x00, 0x00, 0x00,
    0x70, 0x02, 0xF8, 0x00, 0x00, 0x00, 0x00, 0x0D, 0x00, 0xFD, 0x00, 0x00, 0x00, 0x00, 0x00, 0xFC,
    0xBF, 0x00, 0x00, 0x00, 0x00, 0x00, 0x00, 0x3F, 0x40, 0x00, 0x00, 0x00, 0x00, 0x00, 0x3F, 0xC0,
    0x00, 0x00, 0x00, 0x00, 0x00, 0x1F, 0xD0, 0x00, 0x00, 0x00, 0x00, 0x00, 0x6F, 0xFE, 0x00, 0x00,
    0x00, 0x00, 0x0B, 0x97, 0xF8, 0x70, 0x00, 0x00, 0x00, 0x2D, 0x03, 0xFC, 0x05, 0x00, 0x00, 0x00,
    0xB4, 0x02, 0xFC, 0x01, 0x00, 0x00, 0x00, 0xF0, 0x01, 0xFD, 0x00, 0x40, 0x00, 0x00, 0xF0, 0x00,
    0xFE, 0x01, 0x40, 0x00, 0x00, 0xF0, 0x00, 0xFE, 0x19, 0x00, 0x00, 0x00, 0xB0, 0x00, 0xBE, 0x00,
    0x00, 0x00, 0x00, 0x34, 0x00, 0xBD, 0x00, 0x00, 0x00, 0x00, 0x0C, 0x00, 0xBC, 0x00, 0x00, 0x00,
    0x00, 0x02, 0x81, 0xF4, 0x00, 0x00, 0x00, 0x00, 0x00, 0x2F, 0x90, 0x00, 0x00, 0x00, 0x00, 0x00,
    0x00, 0x00, 0x00, 0x00, 0x00, 0x00, 0x00, 0x00, 0x00, 0x06, 0x00, 0x00, 0x00, 0x00, 0x00, 0x00,
    0x20, 0x00, 0x18, 0x00, 0x00, 0x00, 0x00, 0x00, 0x00, 0x20, 0x00, 0x28, 0x00, 0x00, 0x00, 0x01,
    0xA0, 0x00, 0x30, 0x00, 0x3C, 0x00, 0x00, 0x00, 0x06, 0x2E, 0x00, 0x38, 0x00, 0x3D, 0x00, 0x00,
    0x00, 0x09, 0x0F, 0x80, 0x3C, 0x00, 0x3F, 0x00, 0x00, 0x00, 0x09, 0x0B, 0xC0, 0x3E, 0x00, 0x2F,
    0x00, 0x00, 0x00, 0x09, 0x03, 0xE0, 0x6F, 0x00, 0x0F, 0x80, 0x00, 0x00, 0x05, 0x01, 0xF1, 0x8B,
    0xC0, 0x0F, 0xC0, 0x00, 0x00, 0x01, 0x00, 0x2F, 0x47, 0xE0, 0x07, 0xC0, 0x00, 0x00, 0x00, 0x00,
    0x00, 0x03, 0xF0, 0x03, 0xC0, 0x00, 0x00, 0x00, 0x00, 0x00, 0x02, 0xFC, 0x03, 0x80, 0x00, 0x00,
    0x00, 0x00, 0x00, 0x00, 0xFE, 0x3E, 0x00, 0x00, 0x00, 0x00, 0x00, 0x00, 0x00, 0xBF, 0x01, 0xE0,
    0x00, 0x00, 0x00, 0x00, 0x00, 0x00, 0x3F, 0xC0, 0x7C, 0x00, 0x02, 0x00, 0x00, 0x00, 0x00, 0x2F,
    0xD0, 0x2F, 0x40, 0x02, 0x00, 0x00, 0x00, 0x00, 0x0F, 0xF0, 0x0F, 0xD0, 0x02, 0x00, 0x03, 0xF4,
    0x00, 0x0B, 0xF0, 0x0B, 0xF0, 0x02, 0x00, 0x03, 0xFE, 0x00, 0x03, 0xF8, 0x03, 0xFC, 0x02, 0x00,
    0x00, 0xFF, 0x00, 0x03, 0xFC, 0x02, 0xFE, 0x02, 0x00, 0x00, 0x38, 0x00, 0x02, 0xFC, 0x00, 0xFF,
    0x43, 0x00, 0x00, 0x0C, 0x00, 0x02, 0xF8, 0x00, 0x3F, 0xD7, 0x00, 0x00, 0x00, 0x80, 0x02, 0xF4,
    0x00, 0x07, 0xFF, 0x00, 0x00, 0x00, 0x0A, 0xAB, 0x90, 0x00, 0x00, 0xBE, 0x00, 0x00, 0x00, 0x00,
    0x00, 0x00, 0x00, 0x00, 0x01, 0x80, 0x00, 0x00, 0x00, 0x00, 0x00, 0x00, 0x00, 0x74, 0x00, 0x00,
    0x00, 0x00, 0x00, 0x00, 0x00, 0x1B, 0x40, 0x00, 0x00, 0x00, 0x00, 0x00, 0x00, 0x02, 0xF0, 0x00,
    0x00, 0x00, 0x00, 0x00, 0x00, 0x00, 0x9F, 0x00, 0x01, 0xD0, 0x00, 0x00, 0x00, 0x00, 0x22, 0xF0,
    0x00, 0x7D, 0x00, 0x00, 0x00, 0x00, 0x02, 0x3F, 0x00, 0x0D, 0x00, 0x00, 0x00, 0x00, 0x00, 0x83,
    0xF0, 0x02, 0x40, 0x00, 0x00, 0x00, 0x00, 0x14, 0x3F, 0x00, 0x20, 0x00, 0x00, 0x00, 0x00, 0x02,
    0x07, 0xF0, 0x08, 0x00, 0x00, 0x00, 0x00, 0x00, 0x50, 0x7F, 0x00, 0x80, 0x00, 0x00, 0x00, 0x00,
    0x08, 0x0B, 0xF0, 0x10, 0x00, 0x00, 0x00, 0x00, 0x01, 0x40, 0xBF, 0x02, 0x00, 0x00, 0x00, 0x00,
    0x00, 0x20, 0x0B, 0xF0, 0x50, 0x00, 0x00, 0x00, 0x00, 0x05, 0x00, 0xBF, 0x08, 0x00, 0x00, 0x00,
    0x00, 0x00, 0x80, 0x0B, 0xF4, 0x40, 0x00, 0x02, 0x40, 0x00, 0x14, 0x00, 0xBF, 0x60, 0x00, 0x01,
    0xFD, 0x00, 0x02, 0x00, 0x07, 0xFA, 0x00, 0x00, 0x3F, 0xE0, 0x00, 0x80, 0x00, 0x7F, 0xC0, 0x00,
    0x03, 0xFC, 0x00, 0x20, 0x00, 0x03, 0xFC, 0x00, 0x00, 0x3D, 0x00, 0x05, 0x00, 0x00, 0x3F, 0xC0,
    0x00, 0x03, 0x00, 0x02, 0x40, 0x00, 0x03, 0xFC, 0x00, 0x00, 0x28, 0x00, 0x80, 0x00, 0x00, 0x3F,
    0x80, 0x00, 0x00, 0x6A, 0x90, 0x00, 0x00, 0x03, 0x80, 0x00, 0x00, 0x00, 0x00, 0x00, 0x00, 0x00,
    0x00, 0x00, 0x00, 0x00, 0x00, 0x00, 0x00, 0x01, 0xBF, 0xE0, 0x00, 0x00, 0x00, 0x1F, 0x90, 0x1C,
    0x00, 0x00, 0x01, 0xFC, 0x00, 0x08, 0x00, 0x00, 0x0B, 0xE0, 0x00, 0x04, 0x00, 0x00, 0x7F, 0x40,
    0xBE, 0x00, 0x00, 0x01, 0xFD, 0x03, 0x82, 0x80, 0x00, 0x0B, 0xF8, 0x1D, 0x00, 0xC0, 0x00, 0x2F,
    0xF0, 0x30, 0x00, 0xC0, 0x00, 0xBF, 0xC0, 0xD0, 0x01, 0xC0, 0x01, 0xFF, 0x42, 0x40, 0x02, 0x80,
    0x03, 0xFE, 0x03, 0x00, 0x03, 0x40, 0x0B, 0xFC, 0x0C, 0x00, 0x0B, 0x00, 0x1F, 0xF8, 0x18, 0x00,
    0x0D, 0x00, 0x3F, 0xF0, 0x30, 0x00, 0x2C, 0x00, 0x3F, 0xE0, 0x60, 0x00, 0x74, 0x00, 0x7F, 0xC0,
    0xC0, 0x00, 0xE0, 0x00, 0xBF, 0x80, 0xC0, 0x02, 0xC0, 0x00, 0xBF, 0x01, 0x40, 0x0B, 0x00, 0x00,
    0xBF, 0x02, 0x00, 0x1C, 0x00, 0x00, 0x7E, 0x02, 0x00, 0x70, 0x00, 0x00, 0x3E, 0x00, 0x01, 0xC0,
    0x00, 0x00, 0x2E, 0x00, 0x0A, 0x00, 0x00, 0x00, 0x0F, 0x40, 0xB4, 0x00, 0x00, 0x00, 0x01, 0xFF,
    0x40, 0x00, 0x00, 0x00, 0x00, 0x00, 0x00, 0x00, 0x6A, 0xA5, 0x95, 0xA4, 0x00, 0x00, 0x00, 0xA4,
    0x00, 0x00, 0x6C, 0x00, 0x00, 0x00, 0x64, 0x00, 0x00, 0x0D, 0x2C, 0x00, 0x00, 0x09, 0x00, 0x20,
    0x01, 0xD0, 0x7C, 0x00, 0x00, 0x80, 0x00, 0xC0, 0x1E, 0x01, 0xF4, 0x00, 0x08, 0x00, 0x07, 0x01,
    0xF0, 0x07, 0xD0, 0x00, 0x80, 0x00, 0x38, 0x0F, 0x40, 0x2F, 0x40, 0x04, 0x00, 0x01, 0xD0, 0xFC,
    0x00, 0xFC, 0x00, 0x20, 0x00, 0x0F, 0x0B, 0xE0, 0x0B, 0xE0, 0x00, 0x80, 0x00, 0xF4, 0x7F, 0x00,
    0x7F, 0x00, 0x02, 0x00, 0x1F, 0x83, 0xF8, 0x07, 0xE0, 0x00, 0x05, 0x02, 0xF8, 0x1F, 0xD0, 0xBD,
    0x00, 0x00, 0x06, 0xFE, 0x00, 0xFF, 0xFD, 0x00, 0x00, 0x00, 0x00, 0x01, 0xAF, 0xFC, 0x00, 0x00,
    0x00, 0x00, 0x00, 0x10, 0x3F, 0xD0, 0x00, 0x00, 0x00, 0x00, 0x00, 0x01, 0xFF, 0x00, 0x00, 0x00,
    0x06, 0x80, 0x00, 0x0F, 0xF4, 0x00, 0x00, 0x00, 0x7F, 0x40, 0x00, 0x7F, 0xC0, 0x00, 0x00, 0x03,
    0xFE, 0x00, 0x03, 0xFC, 0x00, 0x00, 0x00, 0x0F, 0xF0, 0x00, 0x2F, 0xD0, 0x00, 0x00, 0x00, 0x38,
    0x00, 0x01, 0xFD, 0x00, 0x00, 0x00, 0x00, 0x90, 0x00, 0x0F, 0xC0, 0x00, 0x00, 0x00, 0x00, 0xD0,
    0x01, 0xF8, 0x00, 0x00, 0x00, 0x00, 0x00, 0x6A, 0xB9, 0x00, 0x00, 0x00, 0x00, 0x00, 0x00, 0x00,
    0x00, 0x02, 0xFF, 0x90, 0x00, 0x00, 0x00, 0x06, 0xD0, 0x1F, 0xC0, 0x00, 0x00, 0x02, 0xD0, 0x00,
    0x7F, 0x00, 0x00, 0x01, 0xD0, 0x00, 0x03, 0xF4, 0x00, 0x00, 0x70, 0x02, 0x00, 0x3F, 0xC0, 0x00,
    0x18, 0x00, 0x30, 0x03, 0xFC, 0x00, 0x06, 0x00, 0x03, 0x40, 0x7F, 0xC0, 0x00, 0xC0, 0x00, 0x74,
    0x0B, 0xF8, 0x00, 0x20, 0x00, 0x0B, 0x40, 0xFF, 0x40, 0x02, 0x00, 0x00, 0xF0, 0x2F, 0xF0, 0x00,
    0x80, 0x00, 0x3F, 0x03, 0xFD, 0x00, 0x08, 0x00, 0x0B, 0xD0, 0xBF, 0xC0, 0x00, 0x80, 0x01, 0xFC,
    0x0F, 0xF0, 0x00, 0x08, 0x00, 0x7F, 0x03, 0xFD, 0x00, 0x00, 0x34, 0x2F, 0x80, 0xBF, 0x40, 0x00,
    0x00, 0xBF, 0x90, 0x1F, 0xD0, 0x00, 0x00, 0x00, 0x00, 0x03, 0xF0, 0x00, 0x10, 0x00, 0x00, 0x00,
    0xFC, 0x00, 0x08, 0x00, 0x00, 0x00, 0x3E, 0x00, 0x02, 0x00, 0x6F, 0xFA, 0x4B, 0x00, 0x00, 0xC0,
    0x24, 0x1B, 0xFF, 0xD0, 0x00, 0x70, 0x02, 0x00, 0x0F, 0xFF, 0xE5, 0x78, 0x00, 0x30, 0x06, 0x9B,
    0xFF, 0xFD, 0x00, 0x01, 0xFF, 0x80, 0x0B, 0xFD, 0x00, 0x00, 0x00, 0x00, 0x00, 0x00, 0x6A, 0x90,
    0x0A, 0xA0, 0x00, 0x00, 0x00, 0x1F, 0x40, 0x00, 0x70, 0x0C, 0x00, 0x00, 0x00, 0xF8, 0x00, 0x02,
    0xC0, 0x0C, 0x00, 0x00, 0x03, 0xD0, 0x00, 0x0B, 0x00, 0x0C, 0x00, 0x00, 0x0F, 0x40, 0x00, 0x2D,
    0x00, 0x1C, 0x00, 0x00, 0x3E, 0x00, 0x00, 0x7C, 0x00, 0x38, 0x00, 0x00, 0x3C, 0x00, 0x00, 0xF4,
    0x00, 0xB0, 0x00, 0x00, 0x78, 0x00, 0x03, 0xF0, 0x01, 0xD0, 0x00, 0x00, 0xB4, 0x00, 0x07, 0xE0,
    0x03, 0x40, 0x00, 0x00, 0xB4, 0x00, 0x0F, 0xC0, 0x0D, 0x00, 0x00, 0x00, 0x74, 0x00, 0x1F, 0xC0,
    0x70, 0x00, 0x00, 0x00, 0x38, 0x00, 0x3F, 0x42, 0x40, 0x00, 0x00, 0x00, 0x0C, 0x00, 0x7F, 0x18,
    0x00, 0x00, 0x00, 0x00, 0x02, 0x40, 0xFF, 0x40, 0x00, 0x00, 0x00, 0x00, 0x00, 0x16, 0xFD, 0x00,
    0x00, 0x00, 0x00, 0x00, 0x00, 0x03, 0xFC, 0x00, 0x00, 0x00, 0x00, 0x00, 0x00, 0x03, 0xF8, 0x00,
    0x00, 0x00, 0x0F, 0xD0, 0x00, 0x0B, 0xF0, 0x00, 0x00, 0x00, 0x3F, 0xE0, 0x00, 0x1F, 0xD0, 0x00,
    0x00, 0x00, 0x3F, 0xC0, 0x00, 0x3F, 0x40, 0x00, 0x00, 0x00, 0x38, 0x00, 0x00, 0xFD, 0x00, 0x00,
    0x00, 0x00, 0x20, 0x00, 0x03, 0xF4, 0x00, 0x00, 0x00, 0x00, 0x08, 0x00, 0x1F, 0x80, 0x00, 0x00,
    0x00, 0x00, 0x01, 0x5A, 0xE4, 0x00, 0x00, 0x00, 0x00, 0x00, 0x00, 0x00, 0x00, 0x00, 0xAF, 0xFE,
    0x90, 0x04, 0x00, 0x00, 0x00, 0x19, 0x00, 0x6F, 0xFF, 0xF8, 0x00, 0x00, 0x01, 0x80, 0x00, 0x01,
    0xFF, 0xE0, 0x00, 0x00, 0x05, 0x01, 0x00, 0x00, 0x05, 0x00, 0x00, 0x00, 0x20, 0x02, 0x00, 0x02,
    0x00, 0x00, 0x00, 0x00, 0x40, 0x02, 0x40, 0x1C, 0x00, 0x00, 0x00, 0x01, 0x40, 0x03, 0x40, 0x3C,
    0x00, 0x00, 0x00, 0x02, 0x00, 0x03, 0x40, 0xF8, 0x00, 0x00, 0x00, 0x05, 0x00, 0x0B, 0x02, 0xF4,
    0x00, 0x00, 0x00, 0x08, 0x00, 0x1F, 0x03, 0xF0, 0x00, 0x00, 0x00, 0x08, 0x00, 0x3D, 0x0B, 0xF0,
    0x00, 0x00, 0x00, 0x08, 0x00, 0xF8, 0x0F, 0xE0, 0x00, 0x00, 0x00, 0x03, 0x07, 0xE0, 0x2F, 0xD0,
    0x00, 0x00, 0x00, 0x00, 0xBE, 0x40, 0x3F, 0xC0, 0x00, 0x00, 0x00, 0x00, 0x00, 0x00, 0xBF, 0xC0,
    0x00, 0x00, 0x00, 0x00, 0x00, 0x00, 0xFF, 0x40, 0x00, 0x00, 0x0B, 0x80, 0x00, 0x02, 0xFF, 0x00,
    0x00, 0x00, 0x2F, 0xE0, 0x00, 0x03, 0xFD, 0x00, 0x00, 0x00, 0x3F, 0xD0, 0x00, 0x0B, 0xFC, 0x00,
    0x00, 0x00, 0x3E, 0x40, 0x00, 0x1F, 0xF0, 0x00, 0x00, 0x00, 0x34, 0x00, 0x00, 0x7F, 0xC0, 0x00,
    0x00, 0x00, 0x18, 0x00, 0x02, 0xFE, 0x00, 0x00, 0x00, 0x00, 0x0B, 0x40, 0x1F, 0xF4, 0x00, 0x00,
    0x00, 0x00, 0x00, 0xBF, 0xF9, 0x00, 0x00, 0x00, 0x00, 0x00, 0x00, 0x00, 0x06, 0xAA, 0x40, 0x00,
    0x00, 0x00, 0x00, 0x00, 0x19, 0x00, 0x38, 0x00, 0x00, 0x1A, 0xD0, 0x00, 0x24, 0x00, 0x07, 0x80,
    0x00, 0x1F, 0xF0, 0x00, 0x60, 0x00, 0x00, 0xF0, 0x00, 0x0F, 0xF0, 0x00, 0x60, 0x08, 0x00, 0x3D,
    0x00, 0x0B, 0xF8, 0x00, 0x60, 0x03, 0x00, 0x1F, 0x40, 0x03, 0xFC, 0x00, 0x20, 0x00, 0xC0, 0x0B,
    0xD0, 0x02, 0xFD, 0x00, 0x20, 0x00, 0x70, 0x07, 0xF0, 0x00, 0xFF, 0x00, 0x20, 0x00, 0x2C, 0x03,
    0xFC, 0x00, 0xFF, 0x40, 0x08, 0x00, 0x0F, 0x02, 0xFD, 0x00, 0x7F, 0x80, 0x05, 0x00, 0x0B, 0x81,
    0xFF, 0x00, 0x3F, 0xC0, 0x02, 0x00, 0x03, 0xC0, 0xFF, 0x00, 0x2F, 0xE0, 0x00, 0x80, 0x03, 0xE0,
    0xBF, 0x80, 0x0F, 0xF0, 0x00, 0x20, 0x02, 0xE0, 0x7F, 0xC0, 0x0F, 0xF4, 0x00, 0x06, 0x07, 0xE0,
    0x3F, 0xD0, 0x07, 0xFC, 0x00, 0x00, 0x7F, 0x90, 0x2F, 0xE0, 0x03, 0xFC, 0x00, 0x00, 0x00, 0x00,
    0x1F, 0xF0, 0x02, 0xFE, 0x00, 0x00, 0x00, 0x00, 0x0F, 0xF0, 0x01, 0xFF, 0x00, 0x00, 0x00, 0x00,
    0x07, 0xF8, 0x00, 0xBF, 0x80, 0x00, 0x00, 0x00, 0x02, 0xFC, 0x00, 0x9F, 0xC0, 0x08, 0x00, 0x00,
    0x00, 0xBD, 0x00, 0x9B, 0xE0, 0x08, 0x00, 0x00, 0x00, 0x1F, 0x00, 0x92, 0xF0, 0x18, 0x00, 0x00,
    0x00, 0x03, 0xC0, 0x90, 0xBC, 0x24, 0x00, 0x00, 0x00, 0x00, 0x3A, 0x80, 0x0B, 0xA0, 0x00, 0x00,
    0x00, 0x00, 0x00, 0x00, 0x14, 0x00, 0x08, 0x00, 0x00, 0x00, 0x00, 0x60, 0x00, 0x20, 0x00, 0x1F,
    0x80, 0x02, 0xC0, 0x00, 0x80, 0x00, 0xA2, 0xC0, 0x0B, 0x40, 0x01, 0x40, 0x02, 0x43, 0xC0, 0x3F,
    0x00, 0x02, 0x00, 0x09, 0x0F, 0x41, 0xED, 0x00, 0x08, 0x00, 0x24, 0x1E, 0x0A, 0x3C, 0x00, 0x14,
    0x00, 0x50, 0x2C, 0x74, 0xB8, 0x00, 0x20, 0x00, 0x00, 0x1F, 0x41, 0xF4, 0x00, 0x80, 0x00, 0x00,
    0x00, 0x03, 0xF0, 0x00, 0x40, 0x00, 0x00, 0x00, 0x07, 0xE0, 0x02, 0x00, 0x00, 0x00, 0x00, 0x0F,
    0xD0, 0x05, 0x00, 0x00, 0x00, 0x00, 0x0F, 0xC0, 0x08, 0x00, 0x00, 0x00, 0x00, 0x2F, 0xC0, 0x20,
    0x00, 0x00, 0x00, 0x00, 0x3F, 0x80, 0x50, 0x00, 0x00, 0x00, 0x00, 0x3F, 0x00, 0x80, 0x00, 0x00,
    0x00, 0x00, 0x7E, 0x02, 0x00, 0x00, 0x00, 0x00, 0x00, 0xBD, 0x08, 0x00, 0x00, 0x00, 0x00, 0x00,
    0xF8, 0x20, 0x00, 0x00, 0x00, 0x00, 0x00, 0xF0, 0x80, 0x00, 0x00, 0x00, 0x00, 0x01, 0xD2, 0x00,
    0x00, 0x00, 0x00, 0x00, 0x02, 0x98, 0x00, 0x00, 0x00, 0x00, 0x00, 0x03, 0x90, 0x00, 0x00, 0x00,
    0x00, 0x00, 0x0A, 0x00, 0x00, 0x00, 0x00, 0x00, 0x00, 0x00, 0x06, 0xFF, 0x40, 0x00, 0x00, 0x08,
    0x00, 0x00, 0x00, 0x07, 0x90, 0x3F, 0x00, 0x00, 0x03, 0xC0, 0x00, 0x00, 0x02, 0x80, 0x00, 0xF8,
    0x00, 0x00, 0xB4, 0x00, 0x00, 0x01, 0xD0, 0x00, 0x0F, 0xC0, 0x00, 0x1F, 0x00, 0x00, 0x00, 0x60,
    0x08, 0x00, 0xBD, 0x00, 0x07, 0xD0, 0x00, 0x00, 0x18, 0x00, 0x80, 0x0F, 0xE0, 0x00, 0xFC, 0x00,
    0x04, 0x06, 0x00, 0x0D, 0x00, 0xFE, 0x00, 0x3B, 0x80, 0x02, 0x00, 0x80, 0x00, 0xD0, 0x1F, 0xD0,
    0x0D, 0xF0, 0x00, 0x80, 0x20, 0x00, 0x1D, 0x02, 0xFC, 0x02, 0x7E, 0x00, 0x20, 0x02, 0x00, 0x03,
    0xD0, 0x3F, 0xC0, 0x9B, 0xD0, 0x08, 0x00, 0x80, 0x00, 0xBC, 0x0B, 0xF4, 0x28, 0xFC, 0x03, 0x00,
    0x08, 0x00, 0x0F, 0x80, 0xFE, 0x06, 0x3F, 0x40, 0x80, 0x00, 0x80, 0x03, 0xF0, 0x2F, 0xC1, 0x87,
    0xF0, 0x24, 0x00, 0x08, 0x00, 0xFC, 0x07, 0xF0, 0x60, 0xFE, 0x06, 0x00, 0x00, 0x20, 0x7F, 0x00,
    0xFD, 0x28, 0x1F, 0xD0, 0xC0, 0x00, 0x00, 0xBF, 0x40, 0x3F, 0x49, 0x03, 0xFC, 0x30, 0x00, 0x00,
    0x00, 0x00, 0x0B, 0xD2, 0x40, 0x3F, 0x8A, 0x00, 0x00, 0x00, 0x00, 0x01, 0xF4, 0x80, 0x07, 0xF0,
    0xC0, 0x00, 0x00, 0x00, 0x00, 0x7D, 0x60, 0x00, 0xBF, 0x34, 0x00, 0x00, 0x00, 0x00, 0x0F, 0x64,
    0x00, 0x0B, 0xE6, 0x00, 0x00, 0x00, 0x00, 0x03, 0xD8, 0x00, 0x00, 0xBD, 0xC0, 0x00, 0x00, 0x00,
    0x00, 0xF9, 0x00, 0x00, 0x0B, 0xE4, 0x00, 0x00, 0x00, 0x00, 0x3E, 0x00, 0x00, 0x00, 0x7F, 0x00,
    0x00, 0x00, 0x00, 0x0E, 0x00, 0x00, 0x00, 0x02, 0xC0, 0x00, 0x00, 0x00, 0x00, 0x00, 0x00, 0x0B,
    0xFD, 0x00, 0x00, 0x00, 0x00, 0x00, 0x00, 0xB4, 0x0B, 0xC0, 0x00, 0x00, 0x00, 0x00, 0x07, 0x40,
    0x02, 0xE0, 0x02, 0xF4, 0x00, 0x00, 0x28, 0x00, 0x01, 0xF0, 0x0B, 0xFC, 0x00, 0x00, 0xA0, 0x04,
    0x01, 0xF4, 0x23, 0xFC, 0x00, 0x02, 0x80, 0x05, 0x01, 0xF4, 0x81, 0xF4, 0x00, 0x06, 0x00, 0x0A,
    0x02, 0xF5, 0x40, 0x00, 0x00, 0x0C, 0x00, 0x0E, 0x03, 0xF6, 0x00, 0x00, 0x00, 0x20, 0x00, 0x0D,
    0x07, 0xF8, 0x00, 0x00, 0x00, 0x20, 0x00, 0x2C, 0x0B, 0xF4, 0x00, 0x00, 0x00, 0x40, 0x00, 0x3C,
    0x0F, 0xF0, 0x00, 0x00, 0x00, 0x80, 0x00, 0xB4, 0x2F, 0xD0, 0x00, 0x00, 0x00, 0x80, 0x01, 0xF0,
    0x3F, 0xC0, 0x00, 0x00, 0x00, 0x80, 0x07, 0xC0, 0xFF, 0x40, 0x00, 0x00, 0x00, 0x30, 0x2F, 0x01,
    0xFF, 0x00, 0x01, 0x80, 0x00, 0x0B, 0xF4, 0x03, 0xFD, 0x00, 0x06, 0x00, 0x00, 0x00, 0x00, 0x0B,
    0xF8, 0x00, 0x18, 0x00, 0x00, 0x00, 0x00, 0x2F, 0xD4, 0x00, 0x60, 0x00, 0x0B, 0xD0, 0x00, 0x7F,
    0x10, 0x01, 0x80, 0x00, 0x3F, 0xF0, 0x01, 0xFC, 0x20, 0x06, 0x00, 0x00, 0x37, 0xD0, 0x07, 0xF0,
    0x20, 0x1C, 0x00, 0x00, 0x30, 0x00, 0x2F, 0x80, 0x50, 0x70, 0x00, 0x00, 0x1D, 0x01, 0xFD, 0x00,
    0x61, 0xC0, 0x00, 0x00, 0x06, 0xFF, 0x80, 0x00, 0x3E, 0x00, 0x00, 0x00, 0x00, 0x00, 0x2F, 0xE4,
    0x00, 0x00, 0x02, 0x40, 0x00, 0xB4, 0x0B, 0x40, 0x00, 0x03, 0xC0, 0x01, 0xC0, 0x00, 0xF0, 0x00,
    0x03, 0xC0, 0x02, 0x40, 0x00, 0x3D, 0x00, 0x03, 0xC0, 0x02, 0x00, 0x80, 0x1F, 0x40, 0x02, 0xC0,
    0x02, 0x00, 0x30, 0x0F, 0xD0, 0x02, 0xE0, 0x02, 0x00, 0x1C, 0x0F, 0xF0, 0x02, 0xF0, 0x00, 0x40,
    0x0E, 0x0B, 0xF4, 0x01, 0xF8, 0x00, 0x80, 0x0B, 0x03, 0xFC, 0x01, 0xFD, 0x00, 0x20, 0x0B, 0x83,
    0xFC, 0x00, 0xFF, 0x00, 0x09, 0x1F, 0x81, 0xFD, 0x00, 0xBF, 0x40, 0x00, 0xBE, 0x40, 0xBF, 0x00,
    0x6F, 0xC0, 0x00, 0x00, 0x00, 0x3F, 0x00, 0x5F, 0xE0, 0x00, 0x00, 0x00, 0x0F, 0x80, 0x4B, 0xF4,
    0x00, 0x00, 0x00, 0x02, 0xD0, 0x83, 0xFC, 0x00, 0x00, 0x00, 0x00, 0x1A, 0x43, 0xFD, 0x00, 0x00,
    0x00, 0x40, 0x00, 0x01, 0xFF, 0x00, 0x00, 0x00, 0xFD, 0x00, 0x00, 0xFF, 0x40, 0x00, 0x00, 0xFF,
    0x80, 0x00, 0x7F, 0x80, 0x00, 0x00, 0x3F, 0xC0, 0x00, 0x3F, 0xC0, 0x00, 0x00, 0x0E, 0x00, 0x00,
    0x3F, 0xC0, 0x00, 0x00, 0x02, 0x40, 0x00, 0x2F, 0x80, 0x00, 0x00, 0x00, 0x24, 0x00, 0x7F, 0x40,
    0x00, 0x00, 0x00, 0x01, 0xAA, 0xF8, 0x00, 0x00, 0x00, 0x00, 0x00, 0x00, 0x0B, 0xFE, 0x00, 0x00,
    0xB4, 0x00, 0x02, 0xFF, 0xFF, 0x40, 0x06, 0x20, 0x00, 0x2E, 0x5B, 0xFF, 0x80, 0x20, 0x40, 0x01,
    0x80, 0x01, 0xFF, 0xC1, 0x48, 0x00, 0x0C, 0x00, 0x00, 0x7F, 0xDA, 0x80, 0x00, 0x80, 0x00, 0x00,
    0x15, 0xA0, 0x00, 0x02, 0x00, 0x00, 0x00, 0x02, 0x00, 0x00, 0x08, 0x00, 0x00, 0x00, 0x08, 0x00,
    0x00, 0x20, 0x00, 0x00, 0x00, 0x80, 0x00, 0x00, 0x80, 0x00, 0x00, 0x05, 0x00, 0x00, 0x01, 0x00,
    0x00, 0x00, 0x20, 0x00, 0x00, 0x00, 0x00, 0x00, 0x02, 0x00, 0x00, 0x00, 0x00, 0x00, 0x00, 0x20,
    0x00, 0x00, 0x00, 0x00, 0x6F, 0xD2, 0x00, 0x00, 0x40, 0x00, 0x0A, 0x00, 0xB4, 0x00, 0x05, 0x00,
    0x00, 0x20, 0x19, 0xB4, 0x00, 0x10, 0x00, 0x00, 0xBE, 0x42, 0xF0, 0x01, 0x00, 0x00, 0x00, 0x00,
    0x0B, 0xD0, 0x50, 0x00, 0x00, 0x00, 0x00, 0x3F, 0x85, 0x00, 0x00, 0x00, 0x00, 0x01, 0xFF, 0x80,
    0x00, 0x00, 0x00, 0x00, 0x0F, 0xF4, 0x00, 0x00, 0x00, 0x00, 0x1B, 0xFF, 0xC0, 0x00, 0x00, 0x00,
    0x1F, 0x93, 0xFD, 0x00, 0x00, 0x00, 0x07, 0x90, 0x1F, 0xE0, 0x00, 0x00, 0x01, 0xE0, 0x00, 0xFF,
    0x00, 0x00, 0x00, 0x18, 0x00, 0x0F, 0xF0, 0x00, 0x00, 0x01, 0x80, 0x00, 0x7F, 0x40, 0x00, 0x00,
    0x08, 0x00, 0x07, 0xF4, 0x00, 0x00, 0x00, 0x50, 0x00, 0x3F, 0x40, 0x00, 0x00, 0x02, 0x00, 0x03,
    0xF0, 0x00, 0x00, 0x00, 0x09, 0x00, 0x3E, 0x00, 0x00, 0x00, 0x00, 0x0C, 0x0B, 0xD0, 0x00, 0x00,
    0x00, 0x00, 0x1F, 0xE4, 0x00, 0x00, 0x00, 0x00, 0x00, 0x00, 0x00, 0xBF, 0xF4, 0x00, 0x00, 0x00,
    0x00, 0xFF, 0xF8, 0x00, 0x00, 0x00, 0x01, 0xFC, 0x3C, 0x00, 0x00, 0x00, 0x02, 0xFC, 0x1D, 0x00,
    0x00, 0x00, 0x03, 0xDE, 0x0F, 0x00, 0x00, 0x00, 0x07, 0x8F, 0x0B, 0x00, 0x00, 0x00, 0x0B, 0x4B,
    0x47, 0x80, 0x00, 0x00, 0x0F, 0x03, 0x83, 0xC0, 0x00, 0x00, 0x1E, 0x03, 0xC2, 0xD0, 0x00, 0x00,
    0x2D, 0x02, 0xD0, 0xE0, 0x00, 0x00, 0x3C, 0x00, 0xF0, 0xF0, 0x00, 0x00, 0x78, 0x00, 0xF0, 0x74,
    0x00, 0x00, 0xF0, 0x00, 0x78, 0x3C, 0x00, 0x00, 0xF0, 0x00, 0x3C, 0x2C, 0x00, 0x01, 0xE0, 0x00,
    0x2D, 0x1E, 0x00, 0x03, 0xFF, 0xFF, 0xFE, 0x0F, 0x00, 0x03, 0xFF, 0xFF, 0xFF, 0x0B, 0x40, 0x0B,
    0x40, 0x00, 0x0B, 0x43, 0x80, 0x0F, 0x00, 0x00, 0x03, 0xC3, 0xC0, 0x1E, 0x00, 0x00, 0x03, 0xC1,
    0xD0, 0x2D, 0x00, 0x00, 0x01, 0xE0, 0xF0, 0x3C, 0x00, 0x00, 0x00, 0xF0, 0xB0, 0x78, 0x00, 0x00,
    0x00, 0xBF, 0xF8, 0xB0, 0x00, 0x00, 0x00, 0x3F, 0xFC, 0x7F, 0xFF, 0xFF, 0xF8, 0x01, 0xFF, 0xFF,
    0xFF, 0xFE, 0x07, 0x4B, 0x40, 0x0E, 0x7D, 0x1D, 0x2D, 0x00, 0x38, 0x3C, 0x74, 0xB4, 0x00, 0xE0,
    0xB1, 0xD2, 0xD0, 0x03, 0x81, 0xD7, 0x4B, 0x40, 0x0E, 0x07, 0x5D, 0x2D, 0x00, 0x38, 0x1C, 0x74,
    0xB4, 0x00, 0xE0, 0xB1, 0xD2, 0xD0, 0x03, 0x83, 0x87, 0x4B, 0x40, 0x0E, 0x7C, 0x1D, 0x2F, 0xFF,
    0xFF, 0x80, 0x74, 0xBF, 0xFF, 0xFE, 0x01, 0xD2, 0xD0, 0x03, 0x9F, 0x07, 0x4B, 0x40, 0x0E, 0x0E,
    0x1D, 0x2D, 0x00, 0x38, 0x2C, 0x74, 0xB4, 0x00, 0xE0, 0xB5, 0xD2, 0xD0, 0x03, 0x81, 0xD7, 0x4B,
    0x40, 0x0E, 0x0B, 0x5D, 0x2D, 0x00, 0x38, 0x2C, 0x74, 0xB4, 0x00, 0xE0, 0xF1, 0xD2, 0xD0, 0x03,
    0x9F, 0x47, 0xFF, 0xFF, 0xFF, 0xF4, 0x1F, 0xFF, 0xFF, 0xFE, 0x00, 0x7F, 0xFF, 0xFF, 0x90, 0x00,
    0x1F, 0xFF, 0xFF, 0xFF, 0x40, 0x07, 0x4B, 0x40, 0x07, 0xF8, 0x01, 0xD2, 0xD0, 0x00, 0x3F, 0x80,
    0x74, 0xB4, 0x00, 0x0F, 0xF4, 0x1D, 0x2D, 0x00, 0x03, 0xCF, 0x07, 0x4B, 0x40, 0x00, 0xF1, 0xE1,
    0xD2, 0xD0, 0x00, 0x3C, 0x3C, 0x74, 0xB4, 0x00, 0x0F, 0x0B, 0x1D, 0x2D, 0x00, 0x03, 0xC2, 0xD7,
    0x4B, 0x40, 0x00, 0xF0, 0x75, 0xD2, 0xD0, 0x00, 0x3C, 0x1D, 0x74, 0xB4, 0x00, 0x0F, 0x07, 0x5D,
    0x2D, 0x00, 0x03, 0xC1, 0xD7, 0x4B, 0x40, 0x00, 0xF0, 0x75, 0xD2, 0xD0, 0x00, 0x3C, 0x2C, 0x74,
    0xB4, 0x00, 0x0F, 0x0F, 0x1D, 0x2D, 0x00, 0x03, 0xC7, 0x87, 0x4B, 0x40, 0x00, 0xF3, 0xC1, 0xD2,
    0xD0, 0x00, 0x3E, 0xE0, 0x74, 0xB4, 0x00, 0x0F, 0xF0, 0x1D, 0x2D, 0x00, 0x1B, 0xF0, 0x07, 0xFF,
    0xFF, 0xFF, 0xD0, 0x01, 0xFF, 0xFF, 0xFE, 0x40, 0x00, 0x7F, 0xFF, 0xFF, 0xFD, 0xFF, 0xFF, 0xFF,
    0xE7, 0x4B, 0x40, 0x00, 0x1D, 0x2D, 0x00, 0x00, 0x74, 0xB4, 0x00, 0x01, 0xD2, 0xD0, 0x00, 0x07,
    0x4B, 0x40, 0x00, 0x1D, 0x2D, 0x00, 0x00, 0x74, 0xB4, 0x00, 0x01, 0xD2, 0xD0, 0x00, 0x07, 0x4B,
    0x40, 0x00, 0x1D, 0x2F, 0xFF, 0xF8, 0x74, 0xBF, 0xFF, 0xD1, 0xD2, 0xD0, 0x00, 0x07, 0x4B, 0x40,
    0x00, 0x1D, 0x2D, 0x00, 0x00, 0x74, 0xB4, 0x00, 0x01, 0xD2, 0xD0, 0x00, 0x07, 0x4B, 0x40, 0x00,
    0x1D, 0x2D, 0x00, 0x00, 0x74, 0xB4, 0x00, 0x01, 0xD2, 0xD0, 0x00, 0x07, 0xFF, 0xFF, 0xFF, 0x9F,
    0xFF, 0xFF, 0xFF, 0x7F, 0xFF, 0xFF, 0xFD, 0xFF, 0xFF, 0xFF, 0xE7, 0x4B, 0x40, 0x00, 0x1D, 0x2D,
    0x00, 0x00, 0x74, 0xB4, 0x00, 0x01, 0xD2, 0xD0, 0x00, 0x07, 0x4B, 0x40, 0x00, 0x1D, 0x2D, 0x00,
    0x00, 0x74, 0xB4, 0x00, 0x01, 0xD2, 0xD0, 0x00, 0x07, 0x4B, 0x40, 0x00, 0x1D, 0x2F, 0xFF, 0xF0,
    0x74, 0xBF, 0xFF, 0xC1, 0xD2, 0xD0, 0x00, 0x07, 0x4B, 0x40, 0x00, 0x1D, 0x2D, 0x00, 0x00, 0x74,
    0xB4, 0x00, 0x01, 0xD2, 0xD0, 0x00, 0x07, 0x4B, 0x40, 0x00, 0x1D, 0x2D, 0x00, 0x00, 0x74, 0xB4,
    0x00, 0x01, 0xD2, 0xD0, 0x00, 0x07, 0xFF, 0x40, 0x00, 0x1F, 0xFD, 0x00, 0x00, 0x00, 0x00, 0x6F,
    0xFF, 0x90, 0x00, 0x02, 0xFF, 0xFF, 0xFF, 0x80, 0x07, 0xF4, 0x00, 0x06, 0xD0, 0x07, 0xF0, 0x00,
    0x00, 0x00, 0x03, 0xFC, 0x00, 0x00, 0x00, 0x02, 0xDF, 0x00, 0x00, 0x00, 0x00, 0xE3, 0xC0, 0x00,
    0x00, 0x00, 0xB4, 0xF0, 0x00, 0x00, 0x00, 0x3C, 0x3C, 0x00, 0x00, 0x00, 0x0E, 0x0F, 0x00, 0x00,
    0x00, 0x07, 0x83, 0xC0, 0x00, 0x00, 0x01, 0xE0, 0xF0, 0x0F, 0xFF, 0xFC, 0x78, 0x3C, 0x03, 0xFF,
    0xFF, 0x0E, 0x0F, 0x00, 0x01, 0xD2, 0xC3, 0x83, 0xC0, 0x00, 0x74, 0xB0, 0xF0, 0xF0, 0x00, 0x1D,
    0x2C, 0x3C, 0x3C, 0x00, 0x07, 0x4B, 0x07, 0x8F, 0x00, 0x01, 0xD2, 0xC0, 0xF3, 0xC0, 0x00, 0x74,
    0xB0, 0x1F, 0xF0, 0x00, 0x1D, 0x2C, 0x02, 0xFC, 0x00, 0x07, 0x4B, 0x00, 0x2F, 0x90, 0x01, 0xD7,
    0xC0, 0x01, 0xFF, 0xFF, 0xFF, 0xF0, 0x00, 0x06, 0xFF, 0xFE, 0x40, 0x7F, 0xF5, 0xFF, 0xD7, 0x4B,
    0x5D, 0x2D, 0x74, 0xB5, 0xD2, 0xD7, 0x4B, 0x5D, 0x2D, 0x74, 0xB5, 0xD2, 0xD7, 0x4B, 0x5D, 0x2D,
    0x74, 0xB5, 0xD2, 0xD7, 0x4B, 0x5D, 0x2D, 0x74, 0xB5, 0xD2, 0xD7, 0x4B, 0x5D, 0x2D, 0x74, 0xB5,
    0xD2, 0xD7, 0xFF, 0x5F, 0xFD, 0x00, 0x1F, 0xFD, 0x00, 0x1F, 0xFD, 0x00, 0x1D, 0x1D, 0x00, 0x1D,
    0x1D, 0x00, 0x1D, 0x1D, 0x00, 0x1D, 0x1D, 0x00, 0x1D, 0x1D, 0x00, 0x1D, 0x1D, 0x00, 0x1D, 0x1D,
    0x00, 0x1D, 0x1D, 0x00, 0x1D, 0x1D, 0x00, 0x1D, 0x1D, 0x00, 0x1D, 0x1D, 0x00, 0x1D, 0x1D, 0x00,
    0x1D, 0x1D, 0x00, 0x1D, 0x1D, 0x00, 0x1D, 0x1D, 0x00, 0x1D, 0x2D, 0x00, 0x1D, 0x2C, 0x00, 0x1D,
    0x3C, 0x00, 0x1D, 0x78, 0x90, 0x1F, 0xF0, 0xFF, 0xFF, 0xD0, 0x6F, 0xFE, 0x00, 0x7F, 0xF4, 0x00,
    0x02, 0xF0, 0x7F, 0xF4, 0x00, 0x0B, 0xC0, 0x74, 0xB4, 0x00, 0x2F, 0x00, 0x74, 0xB4, 0x00, 0xBC,
    0x00, 0x74, 0xB4, 0x02, 0xF0, 0x00, 0x74, 0xB4, 0x0B, 0xC0, 0x00, 0x74, 0xB4, 0x1F, 0x00, 0x00,
    0x74, 0xB4, 0x7C, 0x00, 0x00, 0x74, 0xB5, 0xF4, 0x00, 0x00, 0x74, 0xBB, 0xFC, 0x00, 0x00, 0x74,
    0xBF, 0x1E, 0x00, 0x00, 0x74, 0xBE, 0x0F, 0x00, 0x00, 0x74, 0xBF, 0x07, 0xC0, 0x00, 0x74, 0xB7,
    0xC2, 0xD0, 0x00, 0x74, 0xB6, 0xD0, 0xF0, 0x00, 0x74, 0xB4, 0xF0, 0x78, 0x00, 0x74, 0xB4, 0x78,
    0x3C, 0x00, 0x74, 0xB4, 0x3C, 0x1E, 0x00, 0x74, 0xB4, 0x1E, 0x0B, 0x40, 0x74, 0xB4, 0x0B, 0x43,
    0xC0, 0x74, 0xB4, 0x03, 0xC2, 0xE0, 0x74, 0xB4, 0x01, 0xD0, 0xF0, 0x7F, 0xF4, 0x00, 0xFF, 0xF8,
    0x7F, 0xF4, 0x00, 0x7F, 0xFD, 0x7F, 0xF4, 0x00, 0x01, 0xFF, 0xD0, 0x00, 0x07, 0x4B, 0x40, 0x00,
    0x1D, 0x2D, 0x00, 0x00, 0x74, 0xB4, 0x00, 0x01, 0xD2, 0xD0, 0x00, 0x07, 0x4B, 0x40, 0x00, 0x1D,
    0x2D, 0x00, 0x00, 0x74, 0xB4, 0x00, 0x01, 0xD2, 0xD0, 0x00, 0x07, 0x4B, 0x40, 0x00, 0x1D, 0x2D,
    0x00, 0x00, 0x74, 0xB4, 0x00, 0x01, 0xD2, 0xD0, 0x00, 0x07, 0x4B, 0x40, 0x00, 0x1D, 0x2D, 0x00,
    0x00, 0x74, 0xB4, 0x00, 0x01, 0xD2, 0xD0, 0x00, 0x07, 0x4B, 0x40, 0x00, 0x1D, 0x2D, 0x00, 0x00,
    0x74, 0xB4, 0x00, 0x01, 0xD2, 0xD0, 0x00, 0x07, 0xFF, 0xFF, 0xFF, 0x9F, 0xFF, 0xFF, 0xFF, 0x7F,
    0xFC, 0x00, 0x00, 0x00, 0xFF, 0xE7, 0xFF, 0xD0, 0x00, 0x00, 0x1F, 0xFE, 0x7D, 0x1E, 0x00, 0x00,
    0x03, 0xF0, 0xE7, 0xE0, 0xF0, 0x00, 0x00, 0x3F, 0x0E, 0x7F, 0x0B, 0x40, 0x00, 0x07, 0xF0, 0xE7,
    0xB4, 0x38, 0x00, 0x00, 0xFF, 0x0E, 0x77, 0xC3, 0xC0, 0x00, 0x0E, 0xF0, 0xE7, 0x6C, 0x1D, 0x00,
    0x01, 0xDF, 0x0E, 0x75, 0xE0, 0xF0, 0x00, 0x3C, 0xF0, 0xE7, 0x4F, 0x0B, 0x00, 0x03, 0x8F, 0x0E,
    0x74, 0xB4, 0x78, 0x00, 0x74, 0xF0, 0xE7, 0x43, 0x83, 0xC0, 0x0F, 0x0F, 0x0E, 0x74, 0x3C, 0x2D,
    0x00, 0xE0, 0xF0, 0xE7, 0x41, 0xD1, 0xE0, 0x1D, 0x0F, 0x0E, 0x74, 0x0F, 0x0F, 0x03, 0xC0, 0xF0,
    0xE7, 0x40, 0xF0, 0xB4, 0x3C, 0x0F, 0x0E, 0x74, 0x07, 0x83, 0x87, 0x40, 0xF0, 0xE7, 0x40, 0x3C,
    0x3C, 0xF0, 0x0F, 0x0E, 0x74, 0x02, 0xC1, 0xEF, 0x00, 0xF0, 0xE7, 0x40, 0x1E, 0x0F, 0xD0, 0x0F,
    0x0E, 0x74, 0x00, 0xFF, 0xFC, 0x00, 0xF0, 0xE7, 0x40, 0x07, 0xFF, 0x80, 0x0F, 0x0E, 0x74, 0x00,
    0x00, 0x00, 0x00, 0xFF, 0xE7, 0x40, 0x00, 0x00, 0x00, 0x0F, 0xFE, 0x00, 0x01, 0xBF, 0xF9, 0x00,
    0x00, 0x00, 0x7F, 0xFF, 0xFF, 0x40, 0x00, 0x0B, 0xF4, 0x00, 0x7F, 0xC0, 0x00, 0xBF, 0x00, 0x00,
    0x3F, 0xC0, 0x07, 0xEC, 0x00, 0x00, 0xEF, 0x80, 0x3C, 0xB0, 0x00, 0x03, 0x8F, 0x01, 0xE2, 0xC0,
    0x00, 0x0E, 0x2D, 0x0F, 0x0B, 0x00, 0x00, 0x38, 0x3C, 0x3C, 0x2C, 0x00, 0x00, 0xE0, 0xF0, 0xE0,
    0xB0, 0x00, 0x03, 0x82, 0xC7, 0x82, 0xC0, 0x00, 0x0E, 0x07, 0x5D, 0x0B, 0x00, 0x00, 0x38, 0x1D,
    0x74, 0x2C, 0x00, 0x00, 0xE0, 0x75, 0xE0, 0xB0, 0x00, 0x03, 0x81, 0xD3, 0x82, 0xC0, 0x00, 0x0E,
    0x0B, 0x0F, 0x0B, 0x00, 0x00, 0x38, 0x3C, 0x3C, 0x2C, 0x00, 0x00, 0xE0, 0xF0, 0x74, 0xB0, 0x00,
    0x03, 0x87, 0x40, 0xF2, 0xC0, 0x00, 0x0E, 0x3C, 0x01, 0xFB, 0x00, 0x00, 0x3B, 0xD0, 0x02, 0xFC,
    0x00, 0x00, 0xFF, 0x00, 0x02, 0xF9, 0x00, 0x0B, 0xE0, 0x00, 0x01, 0xFF, 0xFF, 0xFD, 0x00, 0x00,
    0x00, 0x6F, 0xFE, 0x40, 0x00, 0x00, 0x6F, 0xFE, 0x40, 0x1F, 0xFF, 0xFF, 0xC1, 0xFB, 0xC0, 0x1B,
    0x0F, 0x0F, 0x00, 0x00, 0x78, 0x3C, 0x00, 0x02, 0xD0, 0xF0, 0x00, 0x0B, 0x03, 0xC0, 0x00, 0x1D,
    0x0F, 0x00, 0x00, 0x3C, 0x3C, 0x00, 0x00, 0xBC, 0xF0, 0x00, 0x00, 0xBF, 0xC0, 0x00, 0x00, 0x2F,
    0xF4, 0x00, 0x00, 0x06, 0xFE, 0x00, 0x00, 0x02, 0xFF, 0x40, 0x00, 0x0B, 0x1F, 0x00, 0x00, 0x2C,
    0x1E, 0x00, 0x00, 0xB0, 0x3C, 0x00, 0x02, 0xC0, 0xF0, 0x00, 0x0B, 0x03, 0xC0, 0x00, 0x2C, 0x1E,
    0x00, 0x00, 0xB0, 0xF3, 0x90, 0x02, 0xEF, 0x4F, 0xFF, 0xFF, 0xF4, 0x06, 0xFF, 0xF9, 0x00, 0xFF,
    0xFF, 0xFF, 0xFF, 0xFD, 0xBF, 0xFF, 0xFF, 0xFF, 0xFC, 0x00, 0x03, 0x83, 0x80, 0x00, 0x00, 0x03,
    0x83, 0x80, 0x00, 0x00, 0x03, 0x83, 0x80, 0x00, 0x00, 0x03, 0x83, 0x80, 0x00, 0x00, 0x03, 0x83,
    0x80, 0x00, 0x00, 0x03, 0x83, 0x80, 0x00, 0x00, 0x03, 0x83, 0x80, 0x00, 0x00, 0x03, 0x83, 0x80,
    0x00, 0x00, 0x03, 0x83, 0x80, 0x00, 0x00, 0x03, 0x83, 0x80, 0x00, 0x00, 0x03, 0x83, 0x80, 0x00,
    0x00, 0x03, 0x83, 0x80, 0x00, 0x00, 0x03, 0x83, 0x80, 0x00, 0x00, 0x03, 0x83, 0x80, 0x00, 0x00,
    0x03, 0x83, 0x80, 0x00, 0x00, 0x03, 0x83, 0x80, 0x00, 0x00, 0x03, 0x83, 0x80, 0x00, 0x00, 0x03,
    0x83, 0x80, 0x00, 0x00, 0x03, 0x83, 0x80, 0x00, 0x00, 0x03, 0x83, 0x80, 0x00, 0x00, 0x03, 0xFF,
    0x80, 0x00, 0x00, 0x03, 0xFF, 0x80, 0x00, 0xBF, 0xF0, 0x00, 0x01, 0xDB, 0xFF, 0x00, 0x00, 0x1D,
    0xB0, 0xB0, 0x00, 0x01, 0xDB, 0x0B, 0x00, 0x00, 0x1D, 0xB0, 0xB0, 0x00, 0x01, 0xDB, 0x0B, 0x00,
    0x00, 0x1D, 0xB0, 0xB0, 0x00, 0x01, 0xDB, 0x0B, 0x00, 0x00, 0x1D, 0xB0, 0xB0, 0x00, 0x01, 0xDB,
    0x0B, 0x00, 0x00, 0x1D, 0xB0, 0xB0, 0x00, 0x01, 0xDB, 0x0B, 0x00, 0x00, 0x1D, 0xB0, 0xB0, 0x00,
    0x01, 0xDB, 0x0B, 0x00, 0x00, 0x1D, 0xB0, 0xB0, 0x00, 0x01, 0xDB, 0x0B, 0x00, 0x00, 0x1C, 0xB0,
    0xB0, 0x00, 0x02, 0xCB, 0x0B, 0x00, 0x00, 0x2C, 0x74, 0xB0, 0x00, 0x03, 0xC3, 0x8B, 0x00, 0x00,
    0x78, 0x3C, 0xB0, 0x00, 0x0F, 0x01, 0xFF, 0x00, 0x07, 0xE0, 0x07, 0xFF, 0xFF, 0xF4, 0x00, 0x06,
    0xFF, 0xE4, 0x00, 0xBF, 0xF4, 0x00, 0x00, 0x00, 0xE7, 0xFF, 0xC0, 0x00, 0x00, 0x1D, 0x3C, 0x3C,
    0x00, 0x00, 0x03, 0xC2, 0xD1, 0xD0, 0x00, 0x00, 0x3C, 0x1E, 0x0F, 0x00, 0x00, 0x07, 0x40, 0xF0,
    0xB0, 0x00, 0x00, 0xB0, 0x0B, 0x47, 0x80, 0x00, 0x0F, 0x00, 0x38, 0x3C, 0x00, 0x01, 0xD0, 0x03,
    0xC2, 0xC0, 0x00, 0x2C, 0x00, 0x1D, 0x1E, 0x00, 0x03, 0xC0, 0x00, 0xF0, 0xF0, 0x00, 0x78, 0x00,
    0x0F, 0x0B, 0x40, 0x0B, 0x00, 0x00, 0x74, 0x38, 0x00, 0xF0, 0x00, 0x03, 0xC3, 0xC0, 0x1E, 0x00,
    0x00, 0x2C, 0x2D, 0x02, 0xC0, 0x00, 0x01, 0xE0, 0xE0, 0x3C, 0x00, 0x00, 0x0F, 0x0F, 0x07, 0x80,
    0x00, 0x00, 0xB0, 0x74, 0xB4, 0x00, 0x00, 0x07, 0x83, 0x8F, 0x00, 0x00, 0x00, 0x3C, 0x2D, 0xE0,
    0x00, 0x00, 0x02, 0xD1, 0xFD, 0x00, 0x00, 0x00, 0x1E, 0x0F, 0xC0, 0x00, 0x00, 0x00, 0xFF, 0xF8,
    0x00, 0x00, 0x00, 0x0B, 0xFF, 0x40, 0x00, 0xBF, 0xF0, 0x00, 0x00, 0x00, 0x00, 0x00, 0x75, 0xFF,
    0xD0, 0x00, 0x00, 0x00, 0x00, 0x02, 0xC7, 0x47, 0x80, 0x00, 0x00, 0x00, 0x00, 0x0F, 0x0E, 0x0E,
    0x00, 0x03, 0xFF, 0xC0, 0x00, 0x38, 0x3C, 0x3C, 0x00, 0x0F, 0xFF, 0x40, 0x01, 0xD0, 0xB0, 0xB0,
    0x00, 0x7E, 0x0E, 0x00, 0x0B, 0x01, 0xD1, 0xD0, 0x02, 0xFC, 0x3C, 0x00, 0x3C, 0x03, 0x83, 0x80,
    0x0F, 0xB0, 0xB0, 0x00, 0xE0, 0x0F, 0x0F, 0x00, 0x3D, 0xD1, 0xD0, 0x07, 0x40, 0x2C, 0x2C, 0x01,
    0xE3, 0x83, 0x80, 0x2C, 0x00, 0x74, 0x74, 0x0B, 0x4F, 0x0F, 0x00, 0xF0, 0x00, 0xE1, 0xE0, 0x3C,
    0x3C, 0x3C, 0x03, 0x80, 0x03, 0xC3, 0xC0, 0xF0, 0xB0, 0xB4, 0x1D, 0x00, 0x0F, 0x0F, 0x07, 0x81,
    0xD1, 0xD0, 0xB0, 0x00, 0x2C, 0x2C, 0x1D, 0x03, 0x83, 0x83, 0xC0, 0x00, 0x74, 0x74, 0xB0, 0x0F,
    0x0F, 0x0E, 0x00, 0x00, 0xE0, 0xE3, 0xC0, 0x2C, 0x2C, 0x74, 0x00, 0x03, 0xC3, 0xCE, 0x00, 0x74,
    0x76, 0xC0, 0x00, 0x0B, 0x0B, 0xB4, 0x00, 0xE0, 0xEF, 0x00, 0x00, 0x1D, 0x1F, 0xC0, 0x03, 0xC3,
    0xF8, 0x00, 0x00, 0x38, 0x3F, 0x00, 0x0B, 0x0B, 0xD0, 0x00, 0x00, 0xF0, 0xF8, 0x00, 0x1D, 0x1F,
    0x00, 0x00, 0x03, 0xFF, 0xD0, 0x00, 0x7F, 0xFC, 0x00, 0x00, 0x0B, 0xFF, 0x00, 0x00, 0xFF, 0xE0,
    0x00, 0x3F, 0xFE, 0x00, 0x00, 0x0B, 0x40, 0x7F, 0xFD, 0x00, 0x00, 0x7C, 0x00, 0xF4, 0x3C, 0x00,
    0x03, 0xC0, 0x00, 0xF0, 0xB4, 0x00, 0x2D, 0x00, 0x02, 0xD0, 0xF0, 0x01, 0xE0, 0x00, 0x03, 0xC1,
    0xE0, 0x0F, 0x00, 0x00, 0x07, 0x82, 0xD0, 0xF4, 0x00, 0x00, 0x0F, 0x43, 0xC7, 0x80, 0x00, 0x00,
    0x0F, 0x07, 0xBC, 0x00, 0x00, 0x00, 0x2E, 0x0F, 0xD0, 0x00, 0x00, 0x00, 0x3C, 0x0F, 0x00, 0x00,
    0x00, 0x00, 0x7C, 0x2D, 0x00, 0x00, 0x00, 0x00, 0xB4, 0x3C, 0x00, 0x00, 0x00, 0x00, 0xF0, 0x78,
    0x00, 0x00, 0x00, 0x07, 0xE0, 0xF0, 0x00, 0x00, 0x00, 0x3F, 0xC0, 0xF0, 0x00, 0x00, 0x02, 0xD7,
    0xC2, 0xD0, 0x00, 0x00, 0x1E, 0x0B, 0x43, 0xC0, 0x00, 0x00, 0xF0, 0x0F, 0x07, 0x80, 0x00, 0x0F,
    0x40, 0x1E, 0x0B, 0x40, 0x00, 0xB8, 0x00, 0x3D, 0x0F, 0x00, 0x03, 0xC0, 0x00, 0x3C, 0x2E, 0x00,
    0x3C, 0x00, 0x00, 0xBF, 0xFC, 0x02, 0xE0, 0x00, 0x00, 0xFF, 0xFC, 0xBF, 0xFC, 0x00, 0x00, 0x07,
    0xC3, 0xFF, 0xD0, 0x00, 0x00, 0xF0, 0x2D, 0x0F, 0x00, 0x00, 0x2E, 0x00, 0xF0, 0xB4, 0x00, 0x03,
    0xC0, 0x07, 0x83, 0xC0, 0x00, 0xB4, 0x00, 0x3C, 0x1E, 0x00, 0x1E, 0x00, 0x01, 0xE0, 0xF0, 0x03,
    0xC0, 0x00, 0x0F, 0x07, 0x80, 0xB8, 0x00, 0x00, 0x78, 0x3C, 0x0F, 0x00, 0x00, 0x03, 0xC1, 0xE2,
    0xD0, 0x00, 0x00, 0x1E, 0x0B, 0xB8, 0x00, 0x00, 0x00, 0xB4, 0x3F, 0x00, 0x00, 0x00, 0x03, 0xC2,
    0xE0, 0x00, 0x00, 0x00, 0x2D, 0x1D, 0x00, 0x00, 0x00, 0x01, 0xD1, 0xD0, 0x00, 0x00, 0x00, 0x1D,
    0x1D, 0x00, 0x00, 0x00, 0x01, 0xD1, 0xD0, 0x00, 0x00, 0x00, 0x1D, 0x1D, 0x00, 0x00, 0x00, 0x01,
    0xD1, 0xD0, 0x00, 0x00, 0x00, 0x1D, 0x1D, 0x00, 0x00, 0x00, 0x01, 0xD1, 0xD0, 0x00, 0x00, 0x00,
    0x1D, 0x1D, 0x00, 0x00, 0x00, 0x01, 0xFF, 0xD0, 0x00, 0x00, 0x00, 0x1F, 0xFD, 0x00, 0x00,
};

static const EpdGlyph notosans_16_boldGlyphs[] = {
    { 0, 0, 0, 0, 0, 0, 0 }, //  
    { 0, 0, 9, 0, 0, 0, 0 }, // 
    { 0, 0, 9, 0, 0, 0, 0 }, //  
    { 7, 25, 9, 1, 24, 44, 0 }, // !
    { 12, 9, 16, 2, 24, 27, 44 }, // "
    { 21, 24, 22, 0, 24, 126, 71 }, // #
    { 17, 28, 19, 1, 26, 119, 197 }, // $
    { 29, 26, 30, 1, 25, 189, 316 }, // %
    { 24, 26, 25, 1, 25, 156, 505 }, // &
    { 5, 9, 9, 2, 24, 12, 661 }, // '
    { 10, 30, 11, 1, 24, 75, 673 }, // (
    { 9, 30, 11, 1, 24, 68, 748 }, // )
    { 18, 17, 18, 0, 26, 77, 816 }, // *
    { 17, 17, 19, 1, 20, 73, 893 }, // +
    { 7, 9, 10, 1, 4, 16, 966 }, // ,
    { 10, 5, 11, 0, 11, 13, 982 }, // -
    { 7, 7, 9, 1, 6, 13, 995 }, // .
    { 14, 25, 14, 0, 24, 88, 1008 }, // /
    { 17, 26, 19, 1, 25, 111, 1096 }, // 0
    { 13, 24, 19, 1, 24, 78, 1207 }, // 1
    { 17, 25, 19, 1, 25, 107, 1285 }, // 2
    { 17, 26, 19, 1, 25, 111, 1392 }, // 3
    { 19, 24, 19, 0, 24, 114, 1503 }, // 4
    { 17, 25, 19, 1, 24, 107, 1617 }, // 5
    { 17, 26, 19, 1, 25, 111, 1724 }, // 6
    { 18, 24, 19, 0, 24, 108, 1835 }, // 7
    { 17, 26, 19, 1, 25, 111, 1943 }, // 8
    { 17, 26, 19, 1, 25, 111, 2054 }, // 9
    { 7, 20, 9, 1, 19, 35, 2165 }, // :
    { 7, 24, 10, 1, 19, 42, 2200 }, // ;
    { 17, 18, 19, 1, 21, 77, 2242 }, // <
    { 17, 11, 19, 1, 17, 47, 2319 }, // =
    { 17, 18, 19, 1, 21, 77, 2366 }, // >
    { 16, 26, 16, 0, 25, 104, 2443 }, // ?
    { 28, 27, 30, 1, 24, 189, 2547 }, // @
    { 24, 24, 23, 0, 24, 144, 2736 }, // A
    { 19, 24, 22, 2, 24, 114, 2880 }, // B
    { 20, 26, 21, 1, 25, 130, 2994 }, // C
    { 21, 24, 24, 2, 24, 126, 3124 }, // D
    { 14, 24, 19, 3, 24, 84, 3250 }, // E
    { 14, 24, 18, 3, 24, 84, 3334 }, // F
    { 21, 26, 24, 1, 25, 137, 3418 }, // G
    { 20, 24, 26, 3, 24, 120, 3555 }, // H
    { 11, 24, 13, 1, 24, 66, 3675 }, // I
    { 12, 31, 11, -3, 24, 93, 3741 }, // J
    { 20, 24, 22, 3, 24, 120, 3834 }, // K
    { 16, 24, 19, 2, 24, 96, 3954 }, // L
    { 26, 24, 31, 3, 24, 156, 4050 }, // M
    { 22, 24, 27, 3, 24, 132, 4206 }, // N
    { 24, 26, 26, 1, 25, 156, 4338 }, // O
    { 18, 24, 21, 2, 24, 108, 4494 }, // P
    { 24, 31, 26, 1, 25, 186, 4602 }, // Q
    { 20, 24, 22, 2, 24, 120, 4788 }, // R
    { 17, 26, 18, 1, 25, 111, 4908 }, // S
    { 19, 24, 19, 0, 24, 114, 5019 }, // T
    { 21, 25, 25, 2, 24, 132, 5133 }, // U
    { 22, 24, 22, 0, 24, 132, 5265 }, // V
    { 33, 24, 32, 0, 24, 198, 5397 }, // W
    { 23, 24, 22, 0, 24, 138, 5595 }, // X
    { 21, 24, 21, 0, 24, 126, 5733 }, // Y
    { 19, 24, 19, 0, 24, 114, 5859 }, // Z
    { 9, 30, 11, 2, 24, 68, 5973 }, // [
    { 14, 25, 14, 0, 24, 88, 6041 }, // <backslash>
    { 9, 30, 11, 0, 24, 68, 6129 }, // ]
    { 19, 16, 19, 0, 24, 76, 6197 }, // ^
    { 15, 3, 14, -1, -3, 12, 6273 }, // _
    { 10, 6, 12, 1, 26, 15, 6285 }, // `
    { 17, 20, 20, 1, 19, 85, 6300 }, // a
    { 18, 27, 21, 2, 26, 122, 6385 }, // b
    { 16, 20, 17, 1, 19, 80, 6507 }, // c
    { 18, 27, 21, 1, 26, 122, 6587 }, // d
    { 18, 20, 20, 1, 19, 90, 6709 }, // e
    { 15, 26, 13, 0, 26, 98, 6799 }, // f
    { 18, 27, 21, 1, 19, 122, 6897 }, // g
    { 18, 26, 22, 2, 26, 117, 7019 }, // h
    { 6, 26, 10, 2, 26, 39, 7136 }, // i
    { 10, 34, 10, -2, 26, 85, 7175 }, // j
    { 19, 26, 21, 2, 26, 124, 7260 }, // k
    { 6, 26, 10, 2, 26, 39, 7384 }, // l
    { 29, 19, 33, 2, 19, 138, 7423 }, // m
    { 18, 19, 22, 2, 19, 86, 7561 }, // n
    { 19, 20, 21, 1, 19, 95, 7647 }, // o
    { 18, 27, 21, 2, 19, 122, 7742 }, // p
    { 18, 27, 21, 1, 19, 122, 7864 }, // q
    { 13, 19, 15, 2, 19, 62, 7986 }, // r
    { 15, 20, 17, 1, 19, 75, 8048 }, // s
    { 14, 24, 14, 0, 23, 84, 8123 }, // t
    { 18, 20, 22, 2, 19, 90, 8207 }, // u
    { 20, 19, 19, 0, 19, 95, 8297 }, // v
    { 29, 19, 29, 0, 19, 138, 8392 }, // w
    { 20, 19, 19, 0, 19, 95, 8530 }, // x
    { 20, 27, 19, 0, 19, 135, 8625 }, // y
    { 15, 19, 16, 1, 19, 72, 8760 }, // z
    { 12, 30, 13, 0, 24, 90, 8832 }, // {
    { 4, 34, 18, 7, 26, 34, 8922 }, // |
    { 12, 30, 13, 1, 24, 90, 8956 }, // }
    { 17, 7, 19, 1, 15, 30, 9046 }, // ~
    { 0, 0, 9, 0, 0, 0, 9076 }, //  
    { 7, 25, 10, 1, 19, 44, 9076 }, // ¡
    { 15, 26, 19, 2, 25, 98, 9120 }, // ¢
    { 18, 25, 19, 1, 25, 113, 9218 }, // £
    { 17, 16, 19, 1, 20, 68, 9331 }, // ¤
    { 19, 24, 19, 0, 24, 114, 9399 }, // ¥
    { 4, 34, 18, 7, 26, 34, 9513 }, // ¦
    { 14, 27, 16, 1, 26, 95, 9547 }, // §
    { 12, 6, 20, 4, 26, 18, 9642 }, // ¨
    { 26, 26, 28, 1, 25, 169, 9660 }, // ©
    { 12, 13, 13, 0, 25, 39, 9829 }, // ª
    { 19, 16, 20, 1, 17, 76, 9868 }, // «
    { 17, 10, 19, 1, 14, 43, 9944 }, // ¬
    { 10, 5, 11, 0, 11, 13, 9987 }, // ­
    { 26, 26, 28, 1, 25, 169, 10000 }, // ®
    { 18, 4, 17, -1, 29, 18, 10169 }, // ¯
    { 12, 13, 14, 1, 25, 39, 10187 }, // °
    { 17, 21, 19, 1, 21, 90, 10226 }, // ±
    { 12, 16, 13, 0, 29, 48, 10316 }, // ²
    { 12, 16, 13, 0, 29, 48, 10364 }, // ³
    { 10, 6, 12, 1, 26, 15, 10412 }, // ´
    { 18, 27, 22, 2, 19, 122, 10427 }, // µ
    { 18, 31, 22, 1, 26, 140, 10549 }, // ¶
    { 7, 7, 9, 1, 15, 13, 10689 }, // ·
    { 9, 8, 9, 0, 0, 18, 10702 }, // ¸
    { 9, 16, 13, 1, 29, 36, 10720 }, // ¹
    { 12, 13, 13, 0, 25, 39, 10756 }, // º
    { 19, 16, 20, 1, 17, 76, 10795 }, // »
    { 28, 24, 28, 0, 24, 168, 10871 }, // ¼
    { 28, 24, 29, 0, 24, 168, 11039 }, // ½
    { 27, 25, 28, 1, 25, 169, 11207 }, // ¾
    { 16, 25, 16, 0, 19, 100, 11376 }, // ¿
    { 24, 32, 23, 0, 32, 192, 11476 }, // À
    { 24, 32, 23, 0, 32, 192, 11668 }, // Á
    { 24, 32, 23, 0, 32, 192, 11860 }, // Â
    { 24, 32, 23, 0, 32, 192, 12052 }, // Ã
    { 24, 32, 23, 0, 32, 192, 12244 }, // Ä
    { 24, 29, 23, 0, 29, 174, 12436 }, // Å
    { 30, 24, 32, 0, 24, 180, 12610 }, // Æ
    { 20, 33, 21, 1, 25, 165, 12790 }, // Ç
    { 14, 32, 19, 3, 32, 112, 12955 }, // È
    { 14, 32, 19, 3, 32, 112, 13067 }, // É
    { 14, 32, 19, 3, 32, 112, 13179 }, // Ê
    { 14, 32, 19, 3, 32, 112, 13291 }, // Ë
    { 12, 32, 13, 0, 32, 96, 13403 }, // Ì
    { 12, 32, 13, 1, 32, 96, 13499 }, // Í
    { 15, 32, 13, -1, 32, 120, 13595 }, // Î
    { 13, 32, 13, 0, 32, 104, 13715 }, // Ï
    { 23, 24, 24, 0, 24, 138, 13819 }, // Ð
    { 22, 32, 27, 3, 32, 176, 13957 }, // Ñ
    { 24, 33, 26, 1, 32, 198, 14133 }, // Ò
    { 24, 33, 26, 1, 32, 198, 14331 }, // Ó
    { 24, 33, 26, 1, 32, 198, 14529 }, // Ô
    { 24, 33, 26, 1, 32, 198, 14727 }, // Õ
    { 24, 33, 26, 1, 32, 198, 14925 }, // Ö
    { 15, 16, 19, 2, 20, 60, 15123 }, // ×
    { 24, 28, 26, 1, 26, 168, 15183 }, // Ø
    { 21, 33, 25, 2, 32, 174, 15351 }, // Ù
    { 21, 33, 25, 2, 32, 174, 15525 }, // Ú
    { 21, 33, 25, 2, 32, 174, 15699 }, // Û
    { 21, 33, 25, 2, 32, 174, 15873 }, // Ü
    { 21, 32, 21, 0, 32, 168, 16047 }, // Ý
    { 17, 24, 21, 3, 24, 102, 16215 }, // Þ
    { 21, 27, 23, 2, 26, 142, 16317 }, // ß
    { 17, 27, 20, 1, 26, 115, 16459 }, // à
    { 17, 27, 20, 1, 26, 115, 16574 }, // á
    { 17, 27, 20, 1, 26, 115, 16689 }, // â
    { 17, 27, 20, 1, 26, 115, 16804 }, // ã
    { 17, 27, 20, 1, 26, 115, 16919 }, // ä
    { 17, 29, 20, 1, 28, 124, 17034 }, // å
    { 29, 20, 31, 1, 19, 145, 17158 }, // æ
    { 16, 27, 17, 1, 19, 108, 17303 }, // ç
    { 18, 27, 20, 1, 26, 122, 17411 }, // è
    { 18, 27, 20, 1, 26, 122, 17533 }, // é
    { 18, 27, 20, 1, 26, 122, 17655 }, // ê
    { 18, 27, 20, 1, 26, 122, 17777 }, // ë
    { 11, 26, 10, -1, 26, 72, 17899 }, // ì
    { 10, 26, 10, 2, 26, 65, 17971 }, // í
    { 14, 26, 10, -2, 26, 91, 18036 }, // î
    { 12, 26, 10, -1, 26, 78, 18127 }, // ï
    { 19, 27, 21, 1, 26, 129, 18205 }, // ð
    { 18, 26, 22, 2, 26, 117, 18334 }, // ñ
    { 19, 27, 21, 1, 26, 129, 18451 }, // ò
    { 19, 27, 21, 1, 26, 129, 18580 }, // ó
    { 19, 27, 21, 1, 26, 129, 18709 }, // ô
    { 19, 27, 21, 1, 26, 129, 18838 }, // õ
    { 19, 27, 21, 1, 26, 129, 18967 }, // ö
    { 17, 17, 19, 1, 20, 73, 19096 }, // ÷
    { 19, 22, 21, 1, 20, 105, 19169 }, // ø
    { 18, 27, 22, 2, 26, 122, 19274 }, // ù
    { 18, 27, 22, 2, 26, 122, 19396 }, // ú
    { 18, 27, 22, 2, 26, 122, 19518 }, // û
    { 18, 27, 22, 2, 26, 122, 19640 }, // ü
    { 20, 34, 19, 0, 26, 170, 19762 }, // ý
    { 18, 34, 21, 2, 26, 153, 19932 }, // þ
    { 20, 34, 19, 0, 26, 170, 20085 }, // ÿ
    { 24, 30, 23, 0, 30, 180, 20255 }, // Ā
    { 17, 25, 20, 1, 24, 107, 20435 }, // ā
    { 24, 32, 23, 0, 32, 192, 20542 }, // Ă
    { 17, 27, 20, 1, 26, 115, 20734 }, // ă
    { 24, 32, 23, 0, 24, 192, 20849 }, // Ą
    { 17, 27, 20, 1, 19, 115, 21041 }, // ą
    { 20, 33, 21, 1, 32, 165, 21156 }, // Ć
    { 16, 27, 17, 1, 26, 108, 21321 }, // ć
    { 20, 33, 21, 1, 32, 165, 21429 }, // Ĉ
    { 16, 27, 17, 1, 26, 108, 21594 }, // ĉ
    { 20, 33, 21, 1, 32, 165, 21702 }, // Ċ
    { 16, 27, 17, 1, 26, 108, 21867 }, // ċ
    { 20, 33, 21, 1, 32, 165, 21975 }, // Č
    { 17, 27, 17, 1, 26, 115, 22140 }, // č
    { 21, 32, 24, 2, 32, 168, 22255 }, // Ď
    { 25, 27, 21, 1, 26, 169, 22423 }, // ď
    { 23, 24, 24, 0, 24, 138, 22592 }, // Đ
    { 21, 27, 22, 1, 26, 142, 22730 }, // đ
    { 14, 30, 19, 3, 30, 105, 22872 }, // Ē
    { 18, 25, 20, 1, 24, 113, 22977 }, // ē
    { 14, 32, 19, 3, 32, 112, 23090 }, // Ĕ
    { 18, 27, 20, 1, 26, 122, 23202 }, // ĕ
    { 14, 32, 19, 3, 32, 112, 23324 }, // Ė
    { 18, 27, 20, 1, 26, 122, 23436 }, // ė
    { 14, 32, 19, 3, 24, 112, 23558 }, // Ę
    { 18, 27, 20, 1, 19, 122, 23670 }, // ę
    { 15, 32, 19, 3, 32, 120, 23792 }, // Ě
    { 18, 27, 20, 1, 26, 122, 23912 }, // ě
    { 21, 33, 24, 1, 32, 174, 24034 }, // Ĝ
    { 18, 34, 21, 1, 26, 153, 24208 }, // ĝ
    { 21, 33, 24, 1, 32, 174, 24361 }, // Ğ
    { 18, 34, 21, 1, 26, 153, 24535 }, // ğ
    { 21, 33, 24, 1, 32, 174, 24688 }, // Ġ
    { 18, 34, 21, 1, 26, 153, 24862 }, // ġ
    { 21, 33, 24, 1, 25, 174, 25015 }, // Ģ
    { 18, 34, 21, 1, 26, 153, 25189 }, // ģ
    { 20, 32, 26, 3, 32, 160, 25342 }, // Ĥ
    { 22, 33, 22, -2, 33, 182, 25502 }, // ĥ
    { 26, 24, 26, 0, 24, 156, 25684 }, // Ħ
    { 20, 26, 22, 0, 26, 130, 25840 }, // ħ
    { 15, 32, 13, -2, 32, 120, 25970 }, // Ĩ
    { 14, 26, 10, -2, 26, 91, 26090 }, // ĩ
    { 12, 30, 13, 0, 30, 90, 26181 }, // Ī
    { 12, 24, 10, -1, 24, 72, 26271 }, // ī
    { 14, 32, 13, 0, 32, 112, 26343 }, // Ĭ
    { 14, 26, 10, -2, 26, 91, 26455 }, // ĭ
    { 11, 32, 13, 1, 24, 88, 26546 }, // Į
    { 7, 34, 10, 1, 26, 60, 26634 }, // į
    { 11, 32, 13, 1, 32, 88, 26694 }, // İ
    { 6, 19, 10, 2, 19, 29, 26782 }, // ı
    { 21, 31, 24, 1, 24, 163, 26811 }, // Ĳ
    { 16, 34, 20, 2, 26, 136, 26974 }, // ĳ
    { 16, 39, 11, -3, 32, 156, 27110 }, // Ĵ
    { 14, 34, 10, -2, 26, 119, 27266 }, // ĵ
    { 20, 32, 22, 3, 24, 160, 27385 }, // Ķ
    { 19, 34, 21, 2, 26, 162, 27545 }, // ķ
    { 19, 19, 21, 2, 19, 91, 27707 }, // ĸ
    { 16, 32, 19, 2, 32, 128, 27798 }, // Ĺ
    { 10, 33, 10, 2, 33, 83, 27926 }, // ĺ
    { 16, 32, 19, 2, 24, 128, 28009 }, // Ļ
    { 6, 34, 10, 2, 26, 51, 28137 }, // ļ
    { 17, 24, 19, 2, 24, 102, 28188 }, // Ľ
    { 13, 26, 10, 2, 26, 85, 28290 }, // ľ
    { 16, 24, 19, 2, 24, 96, 28375 }, // Ŀ
    { 12, 26, 12, 2, 26, 78, 28471 }, // ŀ
    { 18, 24, 19, 0, 24, 108, 28549 }, // Ł
    { 12, 26, 10, -1, 26, 78, 28657 }, // ł
    { 22, 32, 27, 3, 32, 176, 28735 }, // Ń
    { 18, 26, 22, 2, 26, 117, 28911 }, // ń
    { 22, 32, 27, 3, 24, 176, 29028 }, // Ņ
    { 18, 27, 22, 2, 19, 122, 29204 }, // ņ
    { 22, 32, 27, 3, 32, 176, 29326 }, // Ň
    { 18, 26, 22, 2, 26, 117, 29502 }, // ň
    { 25, 24, 26, -1, 24, 150, 29619 }, // ŉ
    { 22, 31, 27, 3, 24, 171, 29769 }, // Ŋ
    { 18, 27, 22, 2, 19, 122, 29940 }, // ŋ
    { 24, 31, 26, 1, 30, 186, 30062 }, // Ō
    { 19, 25, 21, 1, 24, 119, 30248 }, // ō
    { 24, 33, 26, 1, 32, 198, 30367 }, // Ŏ
    { 19, 27, 21, 1, 26, 129, 30565 }, // ŏ
    { 24, 33, 26, 1, 32, 198, 30694 }, // Ő
    { 19, 27, 21, 1, 26, 129, 30892 }, // ő
    { 30, 26, 32, 1, 25, 195, 31021 }, // Œ
    { 31, 20, 33, 1, 19, 155, 31216 }, // œ
    { 20, 32, 22, 2, 32, 160, 31371 }, // Ŕ
    { 14, 26, 15, 2, 26, 91, 31531 }, // ŕ
    { 20, 32, 22, 2, 24, 160, 31622 }, // Ŗ
    { 13, 27, 15, 2, 19, 88, 31782 }, // ŗ
    { 20, 32, 22, 2, 32, 160, 31870 }, // Ř
    { 15, 26, 15, 1, 26, 98, 32030 }, // ř
    { 17, 33, 18, 1, 32, 141, 32128 }, // Ś
    { 15, 27, 17, 1, 26, 102, 32269 }, // ś
    { 17, 33, 18, 1, 32, 141, 32371 }, // Ŝ
    { 15, 27, 17, 1, 26, 102, 32512 }, // ŝ
    { 17, 33, 18, 1, 25, 141, 32614 }, // Ş
    { 15, 27, 17, 1, 19, 102, 32755 }, // ş
    { 17, 33, 18, 1, 32, 141, 32857 }, // Š
    { 15, 27, 17, 1, 26, 102, 32998 }, // š
    { 19, 32, 19, 0, 24, 152, 33100 }, // Ţ
    { 14, 31, 14, 0, 23, 109, 33252 }, // ţ
    { 19, 32, 19, 0, 32, 152, 33361 }, // Ť
    { 19, 27, 14, 0, 26, 129, 33513 }, // ť
    { 19, 24, 19, 0, 24, 114, 33642 }, // Ŧ
    { 14, 24, 14, 0, 23, 84, 33756 }, // ŧ
    { 21, 33, 25, 2, 32, 174, 33840 }, // Ũ
    { 18, 27, 22, 2, 26, 122, 34014 }, // ũ
    { 21, 31, 25, 2, 30, 163, 34136 }, // Ū
    { 18, 25, 22, 2, 24, 113, 34299 }, // ū
    { 21, 33, 25, 2, 32, 174, 34412 }, // Ŭ
    { 18, 27, 22, 2, 26, 122, 34586 }, // ŭ
    { 21, 35, 25, 2, 34, 184, 34708 }, // Ů
    { 18, 29, 22, 2, 28, 131, 34892 }, // ů
    { 21, 33, 25, 2, 32, 174, 35023 }, // Ű
    { 18, 27, 22, 2, 26, 122, 35197 }, // ű
    { 21, 32, 25, 2, 24, 168, 35319 }, // Ų
    { 18, 27, 22, 2, 19, 122, 35487 }, // ų
    { 33, 32, 32, 0, 32, 264, 35609 }, // Ŵ
    { 29, 26, 29, 0, 26, 189, 35873 }, // ŵ
    { 21, 32, 21, 0, 32, 168, 36062 }, // Ŷ
    { 20, 34, 19, 0, 26, 170, 36230 }, // ŷ
    { 21, 32, 21, 0, 32, 168, 36400 }, // Ÿ
    { 19, 32, 19, 0, 32, 152, 36568 }, // Ź
    { 15, 26, 16, 1, 26, 98, 36720 }, // ź
    { 19, 32, 19, 0, 32, 152, 36818 }, // Ż
    { 15, 26, 16, 1, 26, 98, 36970 }, // ż
    { 19, 32, 19, 0, 32, 152, 37068 }, // Ž
    { 15, 26, 16, 1, 26, 98, 37220 }, // ž
    { 12, 26, 13, 2, 26, 78, 37318 }, // ſ
    { 10, 6, 0, -18, 26, 15, 37396 }, // ̀
    { 11, 6, 0, -13, 26, 17, 37411 }, // ́
    { 14, 6, 0, -7, 26, 21, 37428 }, // ̂
    { 15, 6, 0, -19, 26, 23, 37449 }, // ̃
    { 12, 4, 0, -6, 24, 12, 37472 }, // ̄
    { 14, 5, 0, -7, 29, 18, 37484 }, // ̅
    { 14, 6, 0, -7, 26, 21, 37502 }, // ̆
    { 6, 6, 0, -3, 26, 9, 37523 }, // ̇
    { 12, 6, 0, -6, 26, 18, 37532 }, // ̈
    { 8, 9, 0, -14, 28, 18, 37550 }, // ̉
    { 9, 8, 0, -5, 28, 18, 37568 }, // ̊
    { 16, 6, 0, -6, 26, 24, 37586 }, // ̋
    { 15, 6, 0, -7, 26, 23, 37610 }, // ̌
    { 4, 7, 0, -2, 26, 7, 37633 }, // ̍
    { 10, 7, 0, -5, 26, 18, 37640 }, // ̎
    { 14, 6, 0, -19, 26, 21, 37658 }, // ̏
    { 12, 9, 0, -6, 29, 27, 37679 }, // ̐
    { 14, 6, 0, -7, 26, 21, 37706 }, // ̑
    { 8, 9, 0, -4, 24, 18, 37727 }, // ̒
    { 8, 9, 0, -4, 24, 18, 37745 }, // ̓
    { 8, 9, 0, -4, 24, 18, 37763 }, // ̔
    { 8, 9, 0, -4, 24, 18, 37781 }, // ̕
    { 11, 6, 0, -6, -1, 17, 37799 }, // ̖
    { 10, 6, 0, -5, -1, 15, 37816 }, // ̗
    { 6, 8, 0, -3, 0, 12, 37831 }, // ̘
    { 6, 8, 0, -3, 0, 12, 37843 }, // ̙
    { 9, 9, 10, 0, 26, 21, 37855 }, // ̚
    { 9, 9, 0, -4, 26, 21, 37876 }, // ̛
    { 5, 8, 0, -3, 0, 10, 37897 }, // ̜
    { 8, 6, 0, -4, -1, 12, 37907 }, // ̝
    { 8, 6, 0, -4, -1, 12, 37919 }, // ̞
    { 8, 8, 0, -4, 0, 16, 37931 }, // ̟
    { 8, 3, 0, -4, -3, 6, 37947 }, // ̠
    { 8, 10, 0, -8, 2, 20, 37953 }, // ̡
    { 8, 10, 0, 0, 2, 20, 37973 }, // ̢
    { 7, 6, 0, -15, -2, 11, 37993 }, // ̣
    { 12, 6, 0, -6, -1, 18, 38004 }, // ̤
    { 9, 8, 0, -5, 0, 18, 38022 }, // ̥
    { 6, 6, 0, -3, -2, 9, 38040 }, // ̦
    { 8, 8, 0, -4, 0, 16, 38049 }, // ̧
    { 8, 9, 0, -4, 1, 18, 38065 }, // ̨
    { 4, 7, 0, -2, -1, 7, 38083 }, // ̩
    { 12, 7, 0, -6, -1, 21, 38090 }, // ̪
    { 14, 4, 0, -7, -2, 14, 38111 }, // ̫
    { 15, 6, 0, -7, -1, 23, 38125 }, // ̬
    { 14, 6, 0, -7, -1, 21, 38148 }, // ̭
    { 14, 6, 0, -7, -1, 21, 38169 }, // ̮
    { 14, 6, 0, -7, -1, 21, 38190 }, // ̯
    { 14, 6, 0, -7, -1, 21, 38211 }, // ̰
    { 12, 4, 0, -6, -2, 12, 38232 }, // ̱
    { 16, 3, 0, -8, -3, 12, 38244 }, // ̲
    { 15, 8, 0, -8, 0, 30, 38256 }, // ̳
    { 15, 6, 0, -7, 13, 23, 38286 }, // ̴
    { 14, 5, 0, -7, 12, 18, 38309 }, // ̵
    { 26, 4, 0, -13, 11, 26, 38327 }, // ̶
    { 12, 10, 0, -6, 14, 30, 38353 }, // ̷
    { 14, 28, 0, -7, 26, 98, 38383 }, // ̸
    { 5, 8, 0, -2, 0, 10, 38481 }, // ̹
    { 12, 7, 0, -6, -1, 21, 38491 }, // ̺
    { 14, 8, 0, -7, 0, 28, 38512 }, // ̻
    { 14, 4, 0, -7, -2, 14, 38540 }, // ̼
    { 8, 7, 0, -4, 26, 14, 38554 }, // ̽
    { 6, 10, 0, -3, 29, 15, 38568 }, // ̾
    { 14, 8, 0, -8, 33, 28, 38583 }, // ̿
    { 11, 6, 0, -8, 26, 17, 38611 }, // ̀
    { 10, 6, 0, -2, 26, 15, 38628 }, // ́
    { 14, 6, 0, -7, 26, 21, 38643 }, // ͂
    { 7, 7, 0, -4, 26, 13, 38664 }, // ̓
    { 18, 6, 0, -7, 26, 27, 38677 }, // ̈́
    { 7, 7, 0, -2, -1, 13, 38704 }, // ͅ
    { 16, 7, 0, -8, 26, 28, 38717 }, // ͆
    { 14, 8, 0, -8, 0, 28, 38745 }, // ͇
    { 10, 7, 0, -5, -1, 18, 38773 }, // ͈
    { 8, 6, 0, -4, -2, 12, 38791 }, // ͉
    { 14, 8, 0, -7, 26, 28, 38803 }, // ͊
    { 14, 14, 0, -7, 32, 49, 38831 }, // ͋
    { 12, 9, 0, -6, 29, 27, 38880 }, // ͌
    { 12, 7, 0, -6, -1, 21, 38907 }, // ͍
    { 8, 8, 0, -4, 0, 16, 38928 }, // ͎
    { 24, 24, 0, -12, 24, 144, 38944 }, // ͏
    { 6, 8, 0, -3, 27, 12, 39088 }, // ͐
    { 5, 8, 0, -2, 27, 10, 39100 }, // ͑
    { 12, 9, 0, -6, 29, 27, 39110 }, // ͒
    { 8, 7, 0, -4, -1, 14, 39137 }, // ͓
    { 6, 7, 0, -3, -1, 11, 39151 }, // ͔
    { 6, 7, 0, -3, -1, 11, 39162 }, // ͕
    { 14, 7, 0, -7, -1, 25, 39173 }, // ͖
    { 5, 8, 0, -2, 27, 10, 39198 }, // ͗
    { 6, 6, 0, 3, 26, 9, 39208 }, // ͘
    { 8, 7, 0, -4, -1, 14, 39217 }, // ͙
    { 14, 8, 0, -7, 0, 28, 39231 }, // ͚
    { 8, 8, 0, -4, 27, 16, 39259 }, // ͛
    { 28, 7, 0, -14, -1, 49, 39275 }, // ͜
    { 28, 7, 0, -14, 26, 49, 39324 }, // ͝
    { 20, 3, 0, -10, 23, 15, 39373 }, // ͞
    { 20, 3, 0, -10, -2, 15, 39388 }, // ͟
    { 28, 6, 0, -14, 26, 42, 39403 }, // ͠
    { 28, 8, 0, -14, 30, 56, 39445 }, // ͡
    { 27, 8, 0, -13, 0, 54, 39501 }, // ͢
    { 8, 9, 0, -4, 29, 18, 39555 }, // ͣ
    { 9, 9, 0, -4, 29, 21, 39573 }, // ͤ
    { 3, 11, 0, -1, 31, 9, 39594 }, // ͥ
    { 9, 9, 0, -4, 29, 21, 39603 }, // ͦ
    { 9, 8, 0, -4, 28, 18, 39624 }, // ͧ
    { 7, 9, 0, -3, 29, 16, 39642 }, // ͨ
    { 8, 11, 0, -4, 31, 22, 39658 }, // ͩ
    { 9, 11, 0, -4, 31, 25, 39680 }, // ͪ
    { 13, 9, 0, -6, 29, 30, 39705 }, // ͫ
    { 6, 9, 0, -2, 29, 14, 39735 }, // ͬ
    { 7, 10, 0, -3, 30, 18, 39749 }, // ͭ
    { 9, 8, 0, -4, 28, 18, 39767 }, // ͮ
    { 10, 8, 0, -5, 28, 20, 39785 }, // ͯ
    { 13, 24, 16, 2, 24, 78, 39805 }, // Ͱ
    { 12, 19, 14, 2, 19, 57, 39883 }, // ͱ
    { 23, 24, 26, 1, 24, 138, 39940 }, // Ͳ
    { 19, 26, 23, 2, 26, 124, 40078 }, // ͳ
    { 8, 7, 8, 1, 26, 14, 40202 }, // ʹ
    { 8, 7, 8, -1, 1, 14, 40216 }, // ͵
    { 22, 24, 27, 3, 24, 132, 40230 }, // Ͷ
    { 20, 19, 24, 2, 19, 95, 40362 }, // ͷ
    { 7, 7, 10, 2, -1, 13, 40457 }, // ͺ
    { 16, 20, 17, 0, 19, 80, 40470 }, // ͻ
    { 16, 20, 17, 1, 19, 80, 40550 }, // ͼ
    { 16, 20, 17, 0, 19, 80, 40630 }, // ͽ
    { 7, 24, 10, 1, 19, 42, 40710 }, // ;
    { 12, 31, 11, -3, 24, 93, 40752 }, // Ϳ
    { 8, 6, 10, 1, 26, 12, 40845 }, // ΄
    { 18, 6, 26, 4, 26, 27, 40857 }, // ΅
    { 27, 24, 27, 0, 24, 162, 40884 }, // Ά
    { 7, 7, 9, 1, 19, 13, 41046 }, // ·
    { 25, 24, 26, 0, 24, 150, 41059 }, // Έ
    { 30, 24, 33, 0, 24, 180, 41209 }, // Ή
    { 20, 24, 21, 0, 24, 120, 41389 }, // Ί
    { 31, 26, 32, 0, 25, 202, 41509 }, // Ό
    { 30, 24, 30, 0, 24, 180, 41711 }, // Ύ
    { 31, 25, 31, 0, 25, 194, 41891 }, // Ώ
    { 18, 27, 13, -2, 26, 122, 42085 }, // ΐ
    { 24, 24, 23, 0, 24, 144, 42207 }, // Α
    { 19, 24, 22, 2, 24, 114, 42351 }, // Β
    { 13, 24, 18, 3, 24, 78, 42465 }, // Γ
    { 23, 24, 22, 0, 24, 138, 42543 }, // Δ
    { 14, 24, 19, 3, 24, 84, 42681 }, // Ε
    { 19, 24, 19, 0, 24, 114, 42765 }, // Ζ
    { 20, 24, 26, 3, 24, 120, 42879 }, // Η
    { 24, 26, 26, 1, 25, 156, 42999 }, // Θ
    { 11, 24, 13, 1, 24, 66, 43155 }, // Ι
    { 20, 24, 22, 3, 24, 120, 43221 }, // Κ
    { 23, 24, 22, 0, 24, 138, 43341 }, // Λ
    { 26, 24, 31, 3, 24, 156, 43479 }, // Μ
    { 22, 24, 27, 3, 24, 132, 43635 }, // Ν
    { 18, 24, 21, 1, 24, 108, 43767 }, // Ξ
    { 24, 26, 26, 1, 25, 156, 43875 }, // Ο
    { 20, 24, 25, 3, 24, 120, 44031 }, // Π
    { 18, 24, 21, 2, 24, 108, 44151 }, // Ρ
    { 19, 24, 19, 0, 24, 114, 44259 }, // Σ
    { 19, 24, 19, 0, 24, 114, 44373 }, // Τ
    { 21, 24, 21, 0, 24, 126, 44487 }, // Υ
    { 28, 25, 30, 1, 24, 175, 44613 }, // Φ
    { 23, 24, 22, 0, 24, 138, 44788 }, // Χ
    { 25, 24, 29, 2, 24, 150, 44926 }, // Ψ
    { 24, 25, 25, 1, 25, 150, 45076 }, // Ω
    { 13, 32, 13, 0, 32, 104, 45226 }, // Ϊ
    { 21, 32, 21, 0, 32, 168, 45330 }, // Ϋ
    { 20, 27, 22, 1, 26, 135, 45498 }, // ά
    { 15, 27, 17, 1, 26, 102, 45633 }, // έ
    { 18, 34, 21, 2, 26, 153, 45735 }, // ή
    { 11, 27, 13, 2, 26, 75, 45888 }, // ί
    { 19, 27, 21, 2, 26, 129, 45963 }, // ΰ
    { 20, 20, 22, 1, 19, 100, 46092 }, // α
    { 18, 34, 21, 2, 26, 153, 46192 }, // β
    { 18, 26, 19, 0, 19, 117, 46345 }, // γ
    { 18, 27, 20, 1, 26, 122, 46462 }, // δ
    { 15, 20, 17, 1, 19, 75, 46584 }, // ε
    { 16, 33, 16, 1, 26, 132, 46659 }, // ζ
    { 18, 27, 21, 2, 19, 122, 46791 }, // η
    { 18, 27, 20, 1, 26, 122, 46913 }, // θ
    { 11, 20, 13, 2, 19, 55, 47035 }, // ι
    { 19, 19, 21, 2, 19, 91, 47090 }, // κ
    { 20, 27, 19, 0, 26, 135, 47181 }, // λ
    { 20, 27, 22, 2, 19, 135, 47316 }, // μ
    { 18, 19, 19, 0, 19, 86, 47451 }, // ν
    { 16, 33, 18, 1, 26, 132, 47537 }, // ξ
    { 19, 20, 21, 1, 19, 95, 47669 }, // ο
    { 24, 20, 25, 0, 19, 120, 47764 }, // π
    { 18, 27, 21, 1, 19, 122, 47884 }, // ρ
    { 16, 26, 17, 1, 19, 104, 48006 }, // ς
    { 20, 20, 22, 1, 19, 100, 48110 }, // σ
    { 17, 20, 18, 0, 19, 85, 48210 }, // τ
    { 18, 20, 21, 2, 19, 90, 48295 }, // υ
    { 25, 34, 27, 1, 26, 213, 48385 }, // φ
    { 21, 28, 21, 0, 19, 147, 48598 }, // χ
    { 24, 34, 28, 2, 26, 204, 48745 }, // ψ
    { 27, 20, 29, 1, 19, 135, 48949 }, // ω
    { 14, 27, 13, -1, 26, 95, 49084 }, // ϊ
    { 18, 27, 21, 2, 26, 122, 49179 }, // ϋ
    { 19, 27, 21, 1, 26, 129, 49301 }, // ό
    { 18, 27, 21, 2, 26, 122, 49430 }, // ύ
    { 27, 27, 29, 1, 26, 183, 49552 }, // ώ
    { 20, 32, 22, 2, 24, 160, 49735 }, // Ϗ
    { 19, 27, 22, 2, 26, 129, 49895 }, // ϐ
    { 24, 27, 24, 0, 26, 162, 50024 }, // ϑ
    { 22, 24, 22, 0, 24, 132, 50186 }, // ϒ
    { 31, 24, 31, 0, 24, 186, 50318 }, // ϓ
    { 22, 32, 22, 0, 32, 176, 50504 }, // ϔ
    { 25, 34, 27, 1, 26, 213, 50680 }, // ϕ
    { 32, 20, 34, 1, 19, 160, 50893 }, // ϖ
    { 19, 26, 21, 2, 19, 124, 51053 }, // ϗ
    { 24, 25, 26, 1, 25, 150, 51177 }, // Ϙ
    { 19, 27, 21, 1, 19, 129, 51327 }, // ϙ
    { 20, 25, 21, 1, 25, 125, 51456 }, // Ϛ
    { 16, 26, 17, 1, 19, 104, 51581 }, // ϛ
    { 14, 24, 18, 3, 24, 84, 51685 }, // Ϝ
    { 14, 27, 18, 3, 19, 95, 51769 }, // ϝ
    { 18, 26, 17, -1, 25, 117, 51864 }, // Ϟ
    { 16, 34, 18, 1, 26, 136, 51981 }, // ϟ
    { 19, 25, 20, -1, 25, 119, 52117 }, // Ϡ
    { 20, 34, 17, -4, 26, 170, 52236 }, // ϡ
    { 22, 20, 22, 0, 19, 110, 52406 }, // ϰ
    { 18, 27, 21, 2, 19, 122, 52516 }, // ϱ
    { 16, 20, 17, 1, 19, 80, 52638 }, // ϲ
    { 10, 34, 10, -2, 26, 85, 52718 }, // ϳ
    { 24, 26, 26, 1, 25, 156, 52803 }, // ϴ
    { 16, 20, 17, 1, 19, 80, 52959 }, // ϵ
    { 15, 20, 17, 1, 19, 75, 53039 }, // ϶
    { 17, 24, 21, 3, 24, 102, 53114 }, // Ϸ
    { 18, 34, 21, 2, 26, 153, 53216 }, // ϸ
    { 20, 26, 21, 1, 25, 130, 53369 }, // Ϲ
    { 26, 24, 31, 3, 24, 156, 53499 }, // Ϻ
    { 23, 27, 27, 2, 19, 156, 53655 }, // ϻ
    { 20, 27, 21, -1, 19, 135, 53811 }, // ϼ
    { 19, 26, 21, 1, 25, 124, 53946 }, // Ͻ
    { 20, 26, 21, 1, 25, 130, 54070 }, // Ͼ
    { 19, 26, 21, 1, 25, 124, 54200 }, // Ͽ
    { 15, 32, 19, 2, 32, 120, 54324 }, // Ѐ
    { 15, 32, 19, 2, 32, 120, 54444 }, // Ё
    { 25, 25, 26, 0, 24, 157, 54564 }, // Ђ
    { 15, 32, 19, 3, 32, 120, 54721 }, // Ѓ
    { 20, 26, 22, 1, 25, 130, 54841 }, // Є
    { 16, 26, 18, 1, 25, 104, 54971 }, // Ѕ
    { 6, 24, 11, 2, 24, 36, 55075 }, // І
    { 11, 32, 11, 0, 32, 88, 55111 }, // Ї
    { 12, 31, 11, -3, 24, 93, 55199 }, // Ј
    { 33, 25, 34, 0, 24, 207, 55292 }, // Љ
    { 31, 24, 35, 3, 24, 186, 55499 }, // Њ
    { 24, 24, 26, 0, 24, 144, 55685 }, // Ћ
    { 20, 32, 23, 3, 32, 160, 55829 }, // Ќ
    { 21, 32, 26, 3, 32, 168, 55989 }, // Ѝ
    { 22, 33, 22, 0, 32, 182, 56157 }, // Ў
    { 20, 29, 26, 3, 24, 145, 56339 }, // Џ
    { 24, 24, 23, 0, 24, 144, 56484 }, // А
    { 18, 24, 22, 3, 24, 108, 56628 }, // Б
    { 19, 24, 22, 2, 24, 114, 56736 }, // В
    { 15, 24, 19, 3, 24, 90, 56850 }, // Г
    { 26, 29, 26, 0, 24, 189, 56940 }, // Д
    { 15, 24, 19, 2, 24, 90, 57129 }, // Е
    { 33, 24, 33, 0, 24, 198, 57219 }, // Ж
    { 17, 26, 20, 1, 25, 111, 57417 }, // З
    { 21, 24, 26, 3, 24, 126, 57528 }, // И
    { 21, 32, 26, 3, 32, 168, 57654 }, // Й
    { 20, 24, 23, 3, 24, 120, 57822 }, // К
    { 22, 25, 24, 0, 24, 138, 57942 }, // Л
    { 26, 24, 31, 3, 24, 156, 58080 }, // М
    { 20, 24, 26, 3, 24, 120, 58236 }, // Н
    { 24, 26, 26, 1, 25, 156, 58356 }, // О
    { 20, 24, 25, 3, 24, 120, 58512 }, // П
    { 18, 24, 21, 2, 24, 108, 58632 }, // Р
    { 20, 26, 22, 1, 25, 130, 58740 }, // С
    { 19, 24, 19, 0, 24, 114, 58870 }, // Т
    { 22, 25, 22, 0, 24, 138, 58984 }, // У
    { 28, 26, 30, 1, 25, 182, 59122 }, // Ф
    { 23, 24, 22, 0, 24, 138, 59304 }, // Х
    { 23, 29, 26, 3, 24, 167, 59442 }, // Ц
    { 19, 24, 24, 2, 24, 114, 59609 }, // Ч
    { 31, 24, 36, 2, 24, 186, 59723 }, // Ш
    { 34, 30, 36, 2, 24, 255, 59909 }, // Щ
    { 24, 24, 25, 0, 24, 144, 60164 }, // Ъ
    { 25, 24, 31, 3, 24, 150, 60308 }, // Ы
    { 17, 24, 22, 3, 24, 102, 60458 }, // Ь
    { 19, 26, 22, 1, 25, 124, 60560 }, // Э
    { 30, 26, 34, 3, 25, 195, 60684 }, // Ю
    { 20, 24, 23, 0, 24, 120, 60879 }, // Я
    { 17, 20, 20, 1, 19, 85, 60999 }, // а
    { 19, 27, 21, 1, 26, 129, 61084 }, // б
    { 17, 19, 20, 2, 19, 81, 61213 }, // в
    { 14, 19, 16, 2, 19, 67, 61294 }, // г
    { 21, 24, 21, 0, 19, 126, 61361 }, // д
    { 18, 20, 19, 1, 19, 90, 61487 }, // е
    { 29, 19, 29, 0, 19, 138, 61577 }, // ж
    { 15, 20, 17, 1, 19, 75, 61715 }, // з
    { 18, 19, 22, 2, 19, 86, 61790 }, // и
    { 18, 26, 22, 2, 26, 117, 61876 }, // й
    { 19, 19, 21, 2, 19, 91, 61993 }, // к
    { 19, 20, 21, 0, 19, 95, 62084 }, // л
    { 24, 19, 28, 2, 19, 114, 62179 }, // м
    { 18, 19, 22, 2, 19, 86, 62293 }, // н
    { 19, 20, 21, 1, 19, 95, 62379 }, // о
    { 17, 19, 22, 2, 19, 81, 62474 }, // п
    { 18, 27, 21, 2, 19, 122, 62555 }, // р
    { 16, 20, 17, 1, 19, 80, 62677 }, // с
    { 17, 19, 17, 0, 19, 81, 62757 }, // т
    { 21, 27, 19, -1, 19, 142, 62838 }, // у
    { 25, 34, 27, 1, 26, 213, 62980 }, // ф
    { 20, 19, 19, 0, 19, 95, 63193 }, // х
    { 20, 24, 22, 2, 19, 120, 63288 }, // ц
    { 17, 19, 21, 2, 19, 81, 63408 }, // ч
    { 28, 19, 32, 2, 19, 133, 63489 }, // ш
    { 30, 24, 32, 2, 19, 180, 63622 }, // щ
    { 22, 19, 22, 0, 19, 105, 63802 }, // ъ
    { 24, 19, 28, 2, 19, 114, 63907 }, // ы
    { 17, 19, 20, 2, 19, 81, 64021 }, // ь
    { 16, 20, 17, 1, 19, 80, 64102 }, // э
    { 25, 20, 28, 2, 19, 125, 64182 }, // ю
    { 18, 19, 20, 0, 19, 86, 64307 }, // я
    { 18, 27, 19, 1, 26, 122, 64393 }, // ѐ
    { 18, 26, 19, 1, 25, 117, 64515 }, // ё
    { 20, 34, 22, 0, 26, 170, 64632 }, // ђ
    { 14, 26, 16, 2, 26, 91, 64802 }, // ѓ
    { 16, 20, 17, 1, 19, 80, 64893 }, // є
    { 15, 20, 17, 1, 19, 75, 64973 }, // ѕ
    { 6, 26, 10, 2, 26, 39, 65048 }, // і
    { 10, 26, 10, 0, 26, 65, 65087 }, // ї
    { 10, 34, 10, -2, 26, 85, 65152 }, // ј
    { 29, 20, 30, 0, 19, 145, 65237 }, // љ
    { 28, 19, 31, 2, 19, 133, 65382 }, // њ
    { 20, 26, 22, 0, 26, 130, 65515 }, // ћ
    { 19, 26, 21, 2, 26, 124, 65645 }, // ќ
    { 18, 26, 22, 2, 26, 117, 65769 }, // ѝ
    { 21, 34, 19, -1, 26, 179, 65886 }, // ў
    { 17, 24, 22, 2, 19, 102, 66065 }, // џ
    { 32, 24, 32, 0, 24, 192, 66167 }, // Ѡ
    { 29, 19, 30, 0, 19, 138, 66359 }, // ѡ
    { 21, 24, 22, 0, 24, 126, 66497 }, // Ѣ
    { 21, 22, 22, 0, 22, 116, 66623 }, // ѣ
    { 28, 26, 32, 3, 25, 182, 66739 }, // Ѥ
    { 24, 20, 27, 2, 19, 120, 66921 }, // ѥ
    { 25, 24, 24, 0, 24, 150, 67041 }, // Ѧ
    { 22, 19, 21, 0, 19, 105, 67191 }, // ѧ
    { 31, 24, 34, 3, 24, 186, 67296 }, // Ѩ
    { 29, 19, 30, 2, 19, 138, 67482 }, // ѩ
    { 27, 24, 27, 0, 24, 162, 67620 }, // Ѫ
    { 21, 19, 21, 0, 19, 100, 67782 }, // ѫ
    { 33, 24, 36, 3, 24, 198, 67882 }, // Ѭ
    { 27, 19, 29, 2, 19, 129, 68080 }, // ѭ
    { 20, 37, 21, 0, 29, 185, 68209 }, // Ѯ
    { 18, 31, 19, 0, 23, 140, 68394 }, // ѯ
    { 25, 24, 29, 2, 24, 150, 68534 }, // Ѱ
    { 24, 34, 28, 2, 26, 204, 68684 }, // ѱ
    { 24, 26, 26, 1, 25, 156, 68888 }, // Ѳ
    { 19, 20, 21, 1, 19, 95, 69044 }, // ѳ
    { 24, 24, 24, 0, 24, 144, 69139 }, // Ѵ
    { 21, 19, 20, 0, 19, 100, 69283 }, // ѵ
    { 24, 32, 24, 0, 32, 192, 69383 }, // Ѷ
    { 21, 26, 20, 0, 26, 137, 69575 }, // ѷ
    { 43, 33, 44, 1, 25, 355, 69712 }, // Ѹ
    { 39, 27, 39, 1, 19, 264, 70067 }, // ѹ
    { 25, 29, 28, 1, 26, 182, 70331 }, // Ѻ
    { 21, 23, 23, 1, 21, 121, 70513 }, // ѻ
    { 34, 37, 36, 1, 36, 315, 70634 }, // Ѽ
    { 29, 32, 32, 1, 31, 232, 70949 }, // ѽ
    { 32, 31, 32, 0, 31, 248, 71181 }, // Ѿ
    { 29, 25, 30, 0, 25, 182, 71429 }, // ѿ
    { 21, 33, 23, 1, 25, 174, 71611 }, // Ҁ
    { 16, 27, 17, 1, 19, 108, 71785 }, // ҁ
    { 18, 22, 20, 1, 21, 99, 71893 }, // ҂
    { 14, 7, 0, -16, 25, 25, 71992 }, // ҃
    { 14, 6, 0, -16, 26, 21, 72017 }, // ҄
    { 6, 8, 0, -12, 27, 12, 72038 }, // ҅
    { 6, 8, 0, -12, 27, 12, 72050 }, // ҆
    { 14, 6, 0, -7, 31, 21, 72062 }, // ҇
    { 38, 36, 0, -19, 27, 342, 72083 }, // ҈
    { 38, 38, 0, -19, 28, 361, 72425 }, // ҉
    { 27, 39, 31, 3, 32, 264, 72786 }, // Ҋ
    { 25, 34, 27, 2, 27, 213, 73050 }, // ҋ
    { 20, 24, 21, 0, 24, 120, 73263 }, // Ҍ
    { 20, 26, 20, 0, 26, 130, 73383 }, // ҍ
    { 17, 24, 21, 3, 24, 102, 73513 }, // Ҏ
    { 18, 27, 21, 2, 19, 122, 73615 }, // ҏ
    { 17, 29, 19, 2, 29, 124, 73737 }, // Ґ
    { 14, 24, 17, 2, 24, 84, 73861 }, // ґ
    { 18, 24, 19, 0, 24, 108, 73945 }, // Ғ
    { 16, 19, 16, 0, 19, 76, 74053 }, // ғ
    { 20, 33, 24, 3, 24, 165, 74129 }, // Ҕ
    { 17, 28, 20, 2, 19, 119, 74294 }, // ҕ
    { 34, 31, 34, 0, 24, 264, 74413 }, // Җ
    { 32, 26, 31, -1, 19, 208, 74677 }, // җ
    { 17, 33, 20, 1, 25, 141, 74885 }, // Ҙ
    { 15, 27, 17, 1, 19, 102, 75026 }, // ҙ
    { 22, 31, 25, 3, 24, 171, 75128 }, // Қ
    { 20, 26, 22, 2, 19, 130, 75299 }, // қ
    { 21, 24, 22, 2, 24, 126, 75429 }, // Ҝ
    { 19, 19, 21, 2, 19, 91, 75555 }, // ҝ
    { 22, 24, 23, 1, 24, 132, 75646 }, // Ҟ
    { 21, 26, 21, 0, 26, 137, 75778 }, // ҟ
    { 25, 24, 24, 0, 24, 150, 75915 }, // Ҡ
    { 24, 19, 23, 0, 19, 114, 76065 }, // ҡ
    { 25, 31, 28, 3, 24, 194, 76179 }, // Ң
    { 22, 26, 25, 2, 19, 143, 76373 }, // ң
    { 25, 24, 28, 3, 24, 150, 76516 }, // Ҥ
    { 24, 19, 25, 2, 19, 114, 76666 }, // ҥ
    { 33, 33, 38, 3, 24, 273, 76780 }, // Ҧ
    { 27, 28, 30, 2, 19, 189, 77053 }, // ҧ
    { 24, 27, 26, 1, 25, 162, 77242 }, // Ҩ
    { 20, 21, 22, 1, 19, 105, 77404 }, // ҩ
    { 20, 33, 21, 1, 25, 165, 77509 }, // Ҫ
    { 16, 27, 17, 1, 19, 108, 77674 }, // ҫ
    { 19, 31, 19, 0, 24, 148, 77782 }, // Ҭ
    { 18, 26, 18, 0, 19, 117, 77930 }, // ҭ
    { 21, 24, 21, 0, 24, 126, 78047 }, // Ү
    { 20, 27, 19, 0, 19, 135, 78173 }, // ү
    { 21, 24, 21, 0, 24, 126, 78308 }, // Ұ
    { 20, 27, 19, 0, 19, 135, 78434 }, // ұ
    { 25, 31, 25, 0, 24, 194, 78569 }, // Ҳ
    { 21, 26, 21, 0, 19, 137, 78763 }, // ҳ
    { 31, 31, 31, 0, 24, 241, 78900 }, // Ҵ
    { 26, 26, 26, 0, 19, 169, 79141 }, // ҵ
    { 26, 31, 27, 1, 24, 202, 79310 }, // Ҷ
    { 22, 26, 24, 2, 19, 143, 79512 }, // ҷ
    { 20, 24, 25, 2, 24, 120, 79655 }, // Ҹ
    { 19, 19, 22, 1, 19, 91, 79775 }, // ҹ
    { 21, 24, 25, 2, 24, 126, 79866 }, // Һ
    { 18, 26, 22, 2, 26, 117, 79992 }, // һ
    { 29, 26, 32, 0, 25, 189, 80109 }, // Ҽ
    { 24, 20, 24, -1, 19, 120, 80298 }, // ҽ
    { 29, 32, 32, 0, 25, 232, 80418 }, // Ҿ
    { 24, 26, 24, -1, 19, 156, 80650 }, // ҿ
    { 11, 24, 13, 1, 24, 66, 80806 }, // Ӏ
    { 33, 32, 33, 0, 32, 264, 80872 }, // Ӂ
    { 29, 26, 29, 0, 26, 189, 81136 }, // ӂ
    { 21, 33, 25, 3, 24, 174, 81325 }, // Ӄ
    { 19, 28, 22, 2, 19, 133, 81499 }, // ӄ
    { 28, 31, 28, 0, 24, 217, 81632 }, // Ӆ
    { 24, 26, 24, 0, 19, 156, 81849 }, // ӆ
    { 20, 33, 26, 3, 24, 165, 82005 }, // Ӈ
    { 18, 28, 22, 2, 19, 126, 82170 }, // ӈ
    { 25, 31, 29, 3, 24, 194, 82296 }, // Ӊ
    { 23, 26, 25, 2, 19, 150, 82490 }, // ӊ
    { 20, 31, 25, 2, 24, 155, 82640 }, // Ӌ
    { 18, 26, 22, 2, 19, 117, 82795 }, // ӌ
    { 31, 31, 35, 3, 24, 241, 82912 }, // Ӎ
    { 29, 26, 31, 2, 19, 189, 83153 }, // ӎ
    { 11, 24, 13, 1, 24, 66, 83342 }, // ӏ
    { 24, 32, 23, 0, 32, 192, 83408 }, // Ӑ
    { 17, 27, 20, 1, 26, 115, 83600 }, // ӑ
    { 24, 32, 23, 0, 32, 192, 83715 }, // Ӓ
    { 17, 27, 20, 1, 26, 115, 83907 }, // ӓ
    { 30, 24, 32, 0, 24, 180, 84022 }, // Ӕ
    { 29, 20, 31, 1, 19, 145, 84202 }, // ӕ
    { 14, 32, 19, 3, 32, 112, 84347 }, // Ӗ
    { 18, 27, 20, 1, 26, 122, 84459 }, // ӗ
    { 24, 26, 27, 2, 25, 156, 84581 }, // Ә
    { 18, 20, 20, 1, 19, 90, 84737 }, // ә
    { 24, 33, 27, 2, 32, 198, 84827 }, // Ӛ
    { 18, 27, 20, 1, 26, 122, 85025 }, // ӛ
    { 33, 32, 33, 0, 32, 264, 85147 }, // Ӝ
    { 29, 26, 29, 0, 26, 189, 85411 }, // ӝ
    { 17, 33, 20, 1, 32, 141, 85600 }, // Ӟ
    { 15, 27, 17, 1, 26, 102, 85741 }, // ӟ
    { 19, 25, 20, 0, 24, 119, 85843 }, // Ӡ
    { 19, 27, 19, 0, 19, 129, 85962 }, // ӡ
    { 21, 30, 26, 3, 30, 158, 86091 }, // Ӣ
    { 18, 24, 22, 2, 24, 108, 86249 }, // ӣ
    { 21, 32, 26, 3, 32, 168, 86357 }, // Ӥ
    { 18, 26, 22, 2, 26, 117, 86525 }, // ӥ
    { 24, 33, 26, 1, 32, 198, 86642 }, // Ӧ
    { 19, 27, 21, 1, 26, 129, 86840 }, // ӧ
    { 24, 26, 26, 1, 25, 156, 86969 }, // Ө
    { 19, 20, 21, 1, 19, 95, 87125 }, // ө
    { 24, 33, 26, 1, 32, 198, 87220 }, // Ӫ
    { 19, 27, 21, 1, 26, 129, 87418 }, // ӫ
    { 19, 33, 22, 1, 32, 157, 87547 }, // Ӭ
    { 16, 27, 17, 1, 26, 108, 87704 }, // ӭ
    { 22, 31, 22, 0, 30, 171, 87812 }, // Ӯ
    { 21, 32, 19, -1, 24, 168, 87983 }, // ӯ
    { 22, 33, 22, 0, 32, 182, 88151 }, // Ӱ
    { 21, 34, 19, -1, 26, 179, 88333 }, // ӱ
    { 22, 33, 22, 0, 32, 182, 88512 }, // Ӳ
    { 20, 34, 19, 0, 26, 170, 88694 }, // ӳ
    { 19, 32, 24, 2, 32, 152, 88864 }, // Ӵ
    { 17, 26, 21, 2, 26, 111, 89016 }, // ӵ
    { 16, 31, 19, 3, 24, 124, 89127 }, // Ӷ
    { 14, 26, 16, 2, 19, 91, 89251 }, // ӷ
    { 25, 32, 31, 3, 32, 200, 89342 }, // Ӹ
    { 24, 26, 28, 2, 26, 156, 89542 }, // ӹ
    { 18, 33, 19, 0, 24, 149, 89698 }, // Ӻ
    { 16, 27, 16, 0, 19, 108, 89847 }, // ӻ
    { 24, 33, 24, 0, 24, 198, 89955 }, // Ӽ
    { 21, 27, 22, 0, 19, 142, 90153 }, // ӽ
    { 23, 24, 22, 0, 24, 138, 90295 }, // Ӿ
    { 20, 19, 19, 0, 19, 95, 90433 }, // ӿ
    { 0, 0, 17, 0, 0, 0, 90528 }, //  
    { 0, 0, 33, 0, 0, 0, 90528 }, //  
    { 0, 0, 17, 0, 0, 0, 90528 }, //  
    { 0, 0, 33, 0, 0, 0, 90528 }, //  
    { 0, 0, 11, 0, 0, 0, 90528 }, //  
    { 0, 0, 8, 0, 0, 0, 90528 }, //  
    { 0, 0, 6, 0, 0, 0, 90528 }, //  
    { 0, 0, 19, 0, 0, 0, 90528 }, //  
    { 0, 0, 9, 0, 0, 0, 90528 }, //  
    { 0, 0, 6, 0, 0, 0, 90528 }, //  
    { 0, 0, 3, 0, 0, 0, 90528 }, //  
    { 0, 0, 0, 0, 0, 0, 90528 }, // ​
    { 0, 0, 0, 0, 0, 0, 90528 }, // ‌
    { 0, 0, 0, 0, 0, 0, 90528 }, // ‍
    { 9, 28, 0, -1, 23, 63, 90528 }, // ‎
    { 9, 28, 0, -8, 23, 63, 90591 }, // ‏
    { 10, 5, 11, 0, 11, 13, 90654 }, // ‐
    { 10, 5, 11, 0, 11, 13, 90667 }, // ‑
    { 17, 5, 19, 1, 14, 22, 90680 }, // ‒
    { 15, 4, 17, 1, 11, 15, 90702 }, // –
    { 32, 4, 33, 1, 11, 32, 90717 }, // —
    { 32, 4, 33, 1, 11, 32, 90749 }, // ―
    { 13, 34, 18, 3, 26, 111, 90781 }, // ‖
    { 15, 8, 14, -1, 0, 30, 90892 }, // ‗
    { 7, 9, 7, 0, 24, 16, 90922 }, // ‘
    { 7, 9, 7, 0, 24, 16, 90938 }, // ’
    { 8, 9, 10, 0, 5, 18, 90954 }, // ‚
    { 7, 9, 7, 0, 24, 16, 90972 }, // ‛
    { 15, 9, 15, 0, 24, 34, 90988 }, // “
    { 15, 9, 15, 0, 24, 34, 91022 }, // ”
    { 15, 9, 17, 1, 4, 34, 91056 }, // „
    { 15, 9, 15, 0, 24, 34, 91090 }, // ‟
    { 15, 26, 17, 1, 26, 98, 91124 }, // †
    { 15, 26, 17, 1, 26, 98, 91222 }, // ‡
    { 10, 11, 13, 1, 18, 28, 91320 }, // •
    { 12, 13, 13, 1, 19, 39, 91348 }, // ‣
    { 7, 7, 17, 5, 6, 13, 91387 }, // ․
    { 17, 7, 19, 1, 6, 30, 91400 }, // ‥
    { 26, 7, 29, 1, 6, 46, 91430 }, // …
    { 7, 7, 9, 1, 12, 13, 91476 }, // ‧
    { 0, 0, 20, 0, 0, 0, 91489 }, //  
    { 0, 0, 20, 0, 0, 0, 91489 }, //  
    { 9, 26, 0, -1, 21, 59, 91489 }, // ‪
    { 9, 26, 0, -8, 21, 59, 91548 }, // ‫
    { 8, 28, 0, -4, 23, 56, 91607 }, // ‬
    { 8, 28, 0, -4, 23, 56, 91663 }, // ‭
    { 8, 28, 0, -4, 23, 56, 91719 }, // ‮
    { 0, 0, 6, 0, 0, 0, 91775 }, //  
    { 41, 26, 43, 1, 25, 267, 91775 }, // ‰
    { 55, 26, 56, 0, 25, 358, 92042 }, // ‱
    { 10, 9, 10, 1, 24, 23, 92400 }, // ′
    { 17, 9, 17, 1, 24, 39, 92423 }, // ″
    { 25, 9, 25, 1, 24, 57, 92462 }, // ‴
    { 10, 9, 14, 1, 24, 23, 92519 }, // ‵
    { 17, 9, 21, 1, 24, 39, 92542 }, // ‶
    { 25, 9, 29, 1, 24, 57, 92581 }, // ‷
    { 13, 11, 14, 0, 3, 36, 92638 }, // ‸
    { 10, 16, 12, 1, 17, 40, 92674 }, // ‹
    { 10, 16, 12, 1, 17, 40, 92714 }, // ›
    { 26, 26, 28, 1, 25, 169, 92754 }, // ※
    { 17, 25, 19, 1, 24, 107, 92923 }, // ‼
    { 16, 26, 16, 0, 25, 104, 93030 }, // ‽
    { 18, 4, 17, -1, 29, 18, 93134 }, // ‾
    { 20, 8, 20, 0, 0, 40, 93152 }, // ‿
    { 20, 8, 20, 0, 27, 40, 93192 }, // ⁀
    { 14, 22, 14, 0, 14, 77, 93232 }, // ⁁
    { 37, 31, 37, 0, 26, 287, 93309 }, // ⁂
    { 10, 5, 11, 1, 11, 13, 93596 }, // ⁃
    { 18, 24, 4, -7, 24, 108, 93609 }, // ⁄
    { 9, 30, 11, 2, 24, 68, 93717 }, // ⁅
    { 9, 30, 11, 0, 24, 68, 93785 }, // ⁆
    { 31, 26, 32, 0, 25, 202, 93853 }, // ⁇
    { 24, 26, 25, 0, 25, 156, 94055 }, // ⁈
    { 24, 26, 25, 1, 25, 156, 94211 }, // ⁉
    { 17, 19, 20, 1, 19, 81, 94367 }, // ⁊
    { 18, 31, 22, 2, 26, 140, 94448 }, // ⁋
    { 18, 18, 22, 1, 19, 81, 94588 }, // ⁌
    { 19, 18, 22, 2, 19, 86, 94669 }, // ⁍
    { 18, 17, 18, 0, 9, 77, 94755 }, // ⁎
    { 8, 24, 10, 1, 19, 48, 94832 }, // ⁏
    { 20, 35, 20, 0, 27, 175, 94880 }, // ⁐
    { 18, 34, 18, 0, 26, 153, 95055 }, // ⁑
    { 14, 26, 14, 0, 25, 91, 95208 }, // ⁒
    { 32, 7, 33, 1, 13, 56, 95299 }, // ⁓
    { 20, 8, 20, 0, 0, 40, 95355 }, // ⁔
    { 17, 17, 19, 1, 17, 73, 95395 }, // ⁕
    { 17, 26, 19, 1, 25, 111, 95468 }, // ⁖
    { 31, 9, 31, 1, 24, 70, 95579 }, // ⁗
    { 27, 26, 29, 1, 25, 176, 95649 }, // ⁘
    { 27, 26, 29, 1, 25, 176, 95825 }, // ⁙
    { 7, 26, 10, 1, 25, 46, 96001 }, // ⁚
    { 21, 28, 23, 1, 27, 147, 96047 }, // ⁛
    { 27, 27, 28, 1, 25, 183, 96194 }, // ⁜
    { 7, 27, 9, 1, 26, 48, 96377 }, // ⁝
    { 7, 26, 10, 1, 25, 46, 96425 }, // ⁞
    { 0, 0, 7, 0, 0, 0, 96471 }, //  
    { 0, 0, 20, 0, 0, 0, 96471 }, // ⁠
    { 0, 0, 20, 0, 0, 0, 96471 }, // ⁡
    { 0, 0, 20, 0, 0, 0, 96471 }, // ⁢
    { 0, 0, 20, 0, 0, 0, 96471 }, // ⁣
    { 0, 0, 20, 0, 0, 0, 96471 }, // ⁤
    { 0, 0, 0, 0, 0, 0, 96471 }, // ⁦
    { 0, 0, 0, 0, 0, 0, 96471 }, // ⁧
    { 0, 0, 0, 0, 0, 0, 96471 }, // ⁨
    { 0, 0, 0, 0, 0, 0, 96471 }, // ⁩
    { 8, 28, 0, -4, 23, 56, 96471 }, // ⁪
    { 8, 28, 0, -4, 23, 56, 96527 }, // ⁫
    { 8, 28, 0, -4, 23, 56, 96583 }, // ⁬
    { 8, 29, 0, -4, 24, 58, 96639 }, // ⁭
    { 8, 28, 0, -4, 23, 56, 96697 }, // ⁮
    { 8, 28, 0, -4, 23, 56, 96753 }, // ⁯
    { 19, 25, 19, 0, 25, 119, 96809 }, // ₠
    { 19, 28, 20, 1, 26, 133, 96928 }, // ₡
    { 18, 26, 19, 1, 25, 117, 97061 }, // ₢
    { 18, 24, 19, 0, 24, 108, 97178 }, // ₣
    { 18, 25, 19, 1, 25, 113, 97286 }, // ₤
    { 29, 27, 33, 2, 23, 196, 97399 }, // ₥
    { 19, 24, 19, 0, 24, 114, 97595 }, // ₦
    { 27, 25, 30, 2, 24, 169, 97709 }, // ₧
    { 28, 25, 31, 2, 24, 175, 97878 }, // ₨
    { 25, 24, 25, 0, 24, 150, 98053 }, // ₩
    { 26, 24, 31, 2, 24, 156, 98203 }, // ₪
    { 21, 32, 22, 1, 26, 168, 98359 }, // ₫
    { 18, 25, 19, 1, 24, 113, 98527 }, // €
    { 20, 24, 19, 0, 24, 120, 98640 }, // ₭
    { 19, 24, 19, 0, 24, 114, 98760 }, // ₮
    { 33, 33, 34, 0, 25, 273, 98874 }, // ₯
    { 19, 33, 20, 0, 25, 157, 99147 }, // ₰
    { 19, 24, 19, 0, 24, 114, 99304 }, // ₱
    { 21, 29, 24, 1, 26, 153, 99418 }, // ₲
    { 22, 24, 22, 0, 24, 132, 99571 }, // ₳
    { 19, 26, 19, 0, 25, 124, 99703 }, // ₴
    { 20, 29, 21, 1, 26, 145, 99827 }, // ₵
    { 23, 24, 23, 0, 23, 138, 99972 }, // ₶
    { 24, 28, 24, 0, 25, 168, 100110 }, // ₷
    { 19, 24, 19, 0, 24, 114, 100278 }, // ₸
    { 16, 24, 19, 2, 24, 96, 100392 }, // ₹
    { 19, 25, 19, 0, 24, 119, 100488 }, // ₺
    { 27, 26, 27, 0, 25, 176, 100607 }, // ₻
    { 27, 24, 29, 1, 24, 162, 100783 }, // ₼
    { 20, 24, 20, 0, 24, 120, 100945 }, // ₽
    { 24, 26, 26, 1, 26, 156, 101065 }, // ₾
    { 15, 32, 19, 3, 28, 120, 101221 }, // ₿
    { 16, 25, 17, 1, 19, 100, 101341 }, // ⃀
    { 17, 26, 17, 0, 25, 111, 101441 }, // ℓ
    { 21, 24, 24, 3, 24, 126, 101552 }, // ℝ
    { 31, 14, 33, 1, 16, 109, 101678 }, // ←
    { 14, 30, 17, 2, 24, 105, 101787 }, // ↑
    { 31, 14, 33, 1, 16, 109, 101892 }, // →
    { 14, 30, 17, 2, 24, 105, 102001 }, // ↓
    { 35, 14, 37, 1, 16, 123, 102106 }, // ↔
    { 14, 34, 17, 2, 26, 119, 102229 }, // ↕
    { 24, 23, 26, 1, 21, 138, 102348 }, // ↖
    { 24, 23, 26, 1, 21, 138, 102486 }, // ↗
    { 24, 23, 26, 1, 21, 138, 102624 }, // ↘
    { 24, 23, 26, 1, 21, 138, 102762 }, // ↙
    { 31, 14, 33, 1, 16, 109, 102900 }, // ↚
    { 31, 14, 33, 1, 16, 109, 103009 }, // ↛
    { 31, 12, 33, 1, 17, 93, 103118 }, // ↜
    { 31, 12, 33, 1, 17, 93, 103211 }, // ↝
    { 31, 14, 33, 1, 16, 109, 103304 }, // ↞
    { 14, 30, 17, 2, 24, 105, 103413 }, // ↟
    { 31, 14, 33, 1, 16, 109, 103518 }, // ↠
    { 14, 30, 17, 2, 24, 105, 103627 }, // ↡
    { 31, 14, 33, 1, 16, 109, 103732 }, // ↢
    { 31, 14, 33, 1, 16, 109, 103841 }, // ↣
    { 31, 14, 33, 1, 16, 109, 103950 }, // ↤
    { 14, 30, 17, 2, 24, 105, 104059 }, // ↥
    { 31, 14, 33, 1, 16, 109, 104164 }, // ↦
    { 14, 31, 17, 2, 25, 109, 104273 }, // ↧
    { 14, 34, 18, 2, 28, 119, 104382 }, // ↨
    { 32, 17, 35, 1, 19, 136, 104501 }, // ↩
    { 32, 17, 35, 1, 19, 136, 104637 }, // ↪
    { 34, 17, 36, 1, 19, 145, 104773 }, // ↫
    { 34, 17, 36, 1, 19, 145, 104918 }, // ↬
    { 38, 14, 40, 1, 16, 133, 105063 }, // ↭
    { 35, 14, 37, 1, 16, 123, 105196 }, // ↮
    { 18, 31, 20, 1, 25, 140, 105319 }, // ↯
    { 18, 31, 24, 3, 25, 140, 105459 }, // ↰
    { 18, 31, 24, 3, 25, 140, 105599 }, // ↱
    { 18, 30, 24, 3, 24, 135, 105739 }, // ↲
    { 18, 30, 24, 3, 24, 135, 105874 }, // ↳
    { 21, 17, 28, 3, 14, 90, 106009 }, // ↴
    { 18, 20, 24, 3, 19, 90, 106099 }, // ↵
    { 34, 17, 41, 4, 18, 145, 106189 }, // ↶
    { 34, 17, 41, 4, 18, 145, 106334 }, // ↷
    { 24, 27, 26, 1, 24, 162, 106479 }, // ↸
    { 31, 26, 33, 1, 22, 202, 106641 }, // ↹
    { 31, 29, 39, 4, 24, 225, 106843 }, // ↺
    { 31, 29, 39, 4, 24, 225, 107068 }, // ↻
    { 31, 8, 33, 1, 16, 62, 107293 }, // ↼
    { 31, 9, 33, 1, 11, 70, 107355 }, // ↽
    { 8, 30, 16, 6, 24, 60, 107425 }, // ↾
    { 8, 30, 16, 2, 24, 60, 107485 }, // ↿
    { 31, 8, 33, 1, 16, 62, 107545 }, // ⇀
    { 31, 9, 33, 1, 11, 70, 107607 }, // ⇁
    { 8, 30, 16, 6, 24, 60, 107677 }, // ⇂
    { 8, 30, 16, 2, 24, 60, 107737 }, // ⇃
    { 31, 26, 33, 1, 22, 202, 107797 }, // ⇄
    { 27, 30, 30, 2, 24, 203, 107999 }, // ⇅
    { 31, 27, 33, 1, 23, 210, 108202 }, // ⇆
    { 31, 27, 33, 1, 23, 210, 108412 }, // ⇇
    { 27, 30, 30, 2, 24, 203, 108622 }, // ⇈
    { 31, 26, 33, 1, 22, 202, 108825 }, // ⇉
    { 27, 30, 30, 2, 24, 203, 109027 }, // ⇊
    { 31, 22, 33, 1, 20, 171, 109230 }, // ⇋
    { 31, 21, 33, 1, 19, 163, 109401 }, // ⇌
    { 31, 21, 33, 1, 20, 163, 109564 }, // ⇍
    { 39, 21, 42, 1, 20, 205, 109727 }, // ⇎
    { 31, 21, 33, 1, 20, 163, 109932 }, // ⇏
    { 31, 21, 33, 1, 20, 163, 110095 }, // ⇐
    { 21, 30, 25, 2, 24, 158, 110258 }, // ⇑
    { 31, 21, 33, 1, 20, 163, 110416 }, // ⇒
    { 21, 30, 25, 2, 24, 158, 110579 }, // ⇓
    { 39, 21, 42, 1, 20, 205, 110737 }, // ⇔
    { 21, 39, 25, 2, 29, 205, 110942 }, // ⇕
    { 26, 26, 28, 1, 22, 169, 111147 }, // ⇖
    { 26, 26, 28, 1, 22, 169, 111316 }, // ⇗
    { 26, 26, 28, 1, 22, 169, 111485 }, // ⇘
    { 26, 25, 28, 1, 22, 163, 111654 }, // ⇙
    { 31, 26, 33, 1, 22, 202, 111817 }, // ⇚
    { 31, 26, 33, 1, 22, 202, 112019 }, // ⇛
    { 34, 13, 37, 1, 16, 111, 112221 }, // ⇜
    { 34, 13, 37, 1, 16, 111, 112332 }, // ⇝
    { 11, 24, 14, 2, 24, 66, 112443 }, // ⇞
    { 11, 24, 14, 2, 23, 66, 112509 }, // ⇟
    { 31, 14, 33, 1, 16, 109, 112575 }, // ⇠
    { 14, 30, 17, 2, 27, 105, 112684 }, // ⇡
    { 31, 14, 33, 1, 16, 109, 112789 }, // ⇢
    { 14, 30, 17, 2, 24, 105, 112898 }, // ⇣
    { 31, 14, 33, 1, 16, 109, 113003 }, // ⇤
    { 31, 14, 33, 1, 16, 109, 113112 }, // ⇥
    { 25, 20, 27, 1, 21, 125, 113221 }, // ⇦
    { 20, 24, 22, 1, 23, 120, 113346 }, // ⇧
    { 25, 20, 27, 1, 21, 125, 113466 }, // ⇨
    { 20, 24, 22, 1, 22, 120, 113591 }, // ⇩
    { 20, 27, 22, 1, 23, 135, 113711 }, // ⇪
    { 20, 27, 22, 1, 23, 135, 113846 }, // ⇫
    { 20, 27, 22, 1, 23, 135, 113981 }, // ⇬
    { 20, 27, 22, 1, 23, 135, 114116 }, // ⇭
    { 20, 31, 22, 1, 27, 155, 114251 }, // ⇮
    { 20, 31, 22, 1, 27, 155, 114406 }, // ⇯
    { 28, 19, 30, 1, 21, 133, 114561 }, // ⇰
    { 30, 29, 32, 1, 25, 218, 114694 }, // ⇱
    { 30, 28, 32, 1, 23, 210, 114912 }, // ⇲
    { 20, 30, 22, 1, 26, 150, 115122 }, // ⇳
    { 31, 13, 33, 1, 16, 101, 115272 }, // ⇴
    { 27, 30, 30, 2, 24, 203, 115373 }, // ⇵
    { 31, 40, 33, 1, 29, 310, 115576 }, // ⇶
    { 31, 14, 33, 1, 16, 109, 115886 }, // ⇷
    { 31, 14, 33, 1, 16, 109, 115995 }, // ⇸
    { 35, 14, 37, 1, 16, 123, 116104 }, // ⇹
    { 31, 14, 33, 1, 16, 109, 116227 }, // ⇺
    { 31, 14, 33, 1, 16, 109, 116336 }, // ⇻
    { 35, 14, 37, 1, 16, 123, 116445 }, // ⇼
    { 31, 14, 33, 1, 16, 109, 116568 }, // ⇽
    { 31, 14, 33, 1, 16, 109, 116677 }, // ⇾
    { 38, 14, 40, 1, 16, 133, 116786 }, // ⇿
    { 23, 24, 25, 1, 24, 138, 116919 }, // ∀
    { 12, 25, 14, 1, 25, 75, 117057 }, // ∁
    { 16, 24, 18, 1, 24, 96, 117132 }, // ∂
    { 17, 24, 19, 1, 24, 102, 117228 }, // ∃
    { 17, 30, 19, 1, 27, 128, 117330 }, // ∄
    { 25, 26, 28, 1, 25, 163, 117458 }, // ∅
    { 19, 24, 19, 0, 24, 114, 117621 }, // ∆
    { 19, 24, 19, 0, 24, 114, 117735 }, // ∇
    { 21, 20, 23, 1, 20, 105, 117849 }, // ∈
    { 21, 28, 23, 1, 24, 147, 117954 }, // ∉
    { 16, 15, 18, 1, 17, 60, 118101 }, // ∊
    { 21, 20, 23, 1, 20, 105, 118161 }, // ∋
    { 21, 28, 23, 1, 24, 147, 118266 }, // ∌
    { 16, 15, 18, 1, 17, 60, 118413 }, // ∍
    { 16, 22, 18, 1, 22, 88, 118473 }, // ∎
    { 28, 32, 30, 1, 24, 224, 118561 }, // ∏
    { 28, 32, 30, 1, 24, 224, 118785 }, // ∐
    { 26, 32, 28, 1, 24, 208, 119009 }, // ∑
    { 17, 5, 19, 1, 14, 22, 119217 }, // −
    { 17, 16, 19, 1, 17, 68, 119239 }, // ∓
    { 17, 22, 19, 1, 23, 94, 119307 }, // ∔
    { 11, 29, 13, 1, 24, 80, 119401 }, // ∕
    { 11, 29, 13, 1, 24, 80, 119481 }, // ∖
    { 13, 12, 15, 1, 15, 39, 119561 }, // ∗
    { 10, 10, 13, 1, 15, 25, 119600 }, // ∘
    { 7, 7, 10, 1, 13, 13, 119625 }, // ∙
    { 23, 36, 22, 1, 36, 207, 119638 }, // √
    { 23, 36, 22, 1, 36, 207, 119845 }, // ∛
    { 23, 36, 22, 1, 36, 207, 120052 }, // ∜
    { 16, 11, 18, 1, 15, 44, 120259 }, // ∝
    { 28, 16, 31, 1, 16, 112, 120303 }, // ∞
    { 19, 18, 22, 1, 18, 86, 120415 }, // ∟
    { 19, 17, 22, 1, 17, 81, 120501 }, // ∠
    { 19, 22, 22, 1, 17, 105, 120582 }, // ∡
    { 17, 18, 19, 1, 18, 77, 120687 }, // ∢
    { 4, 29, 6, 1, 24, 29, 120764 }, // ∣
    { 12, 29, 14, 1, 24, 87, 120793 }, // ∤
    { 10, 29, 12, 1, 24, 73, 120880 }, // ∥
    { 18, 29, 20, 1, 24, 131, 120953 }, // ∦
    { 21, 19, 24, 1, 19, 100, 121084 }, // ∧
    { 21, 19, 24, 1, 19, 100, 121184 }, // ∨
    { 20, 23, 23, 1, 23, 115, 121284 }, // ∩
    { 20, 22, 23, 1, 22, 110, 121399 }, // ∪
    { 25, 37, 28, 1, 29, 232, 121509 }, // ∫
    { 37, 37, 39, 1, 29, 343, 121741 }, // ∬
    { 48, 37, 50, 1, 29, 444, 122084 }, // ∭
    { 25, 37, 28, 1, 29, 232, 122528 }, // ∮
    { 37, 37, 39, 1, 29, 343, 122760 }, // ∯
    { 48, 37, 50, 1, 29, 444, 123103 }, // ∰
    { 25, 37, 28, 1, 29, 232, 123547 }, // ∱
    { 25, 37, 28, 1, 29, 232, 123779 }, // ∲
    { 25, 37, 28, 1, 29, 232, 124011 }, // ∳
    { 17, 15, 19, 1, 17, 64, 124243 }, // ∴
    { 17, 15, 19, 1, 17, 64, 124307 }, // ∵
    { 5, 15, 7, 1, 17, 19, 124371 }, // ∶
    { 17, 15, 19, 1, 17, 64, 124390 }, // ∷
    { 17, 9, 19, 1, 17, 39, 124454 }, // ∸
    { 18, 11, 20, 1, 15, 50, 124493 }, // ∹
    { 17, 15, 19, 1, 17, 64, 124543 }, // ∺
    { 17, 15, 19, 1, 17, 64, 124607 }, // ∻
    { 17, 5, 19, 1, 12, 22, 124671 }, // ∼
    { 17, 5, 19, 1, 12, 22, 124693 }, // ∽
    { 21, 11, 23, 1, 15, 58, 124715 }, // ∾
    { 20, 18, 22, 1, 18, 90, 124773 }, // ∿
    { 6, 17, 8, 1, 18, 26, 124863 }, // ≀
    { 17, 13, 19, 1, 16, 56, 124889 }, // ≁
    { 17, 9, 19, 1, 14, 39, 124945 }, // ≂
    { 17, 9, 19, 1, 14, 39, 124984 }, // ≃
    { 17, 19, 19, 1, 18, 81, 125023 }, // ≄
    { 17, 14, 19, 1, 16, 60, 125104 }, // ≅
    { 17, 18, 19, 1, 16, 77, 125164 }, // ≆
    { 17, 21, 19, 1, 19, 90, 125241 }, // ≇
    { 17, 11, 19, 1, 15, 47, 125331 }, // ≈
    { 17, 19, 19, 1, 19, 81, 125378 }, // ≉
    { 17, 14, 19, 1, 16, 60, 125459 }, // ≊
    { 17, 15, 19, 1, 17, 64, 125519 }, // ≋
    { 17, 14, 19, 1, 16, 60, 125583 }, // ≌
    { 17, 11, 19, 1, 15, 47, 125643 }, // ≍
    { 17, 19, 19, 1, 19, 81, 125690 }, // ≎
    { 17, 14, 19, 1, 19, 60, 125771 }, // ≏
    { 17, 15, 19, 1, 20, 64, 125831 }, // ≐
    { 17, 22, 19, 1, 20, 94, 125895 }, // ≑
    { 17, 22, 19, 1, 20, 94, 125989 }, // ≒
    { 17, 22, 19, 1, 20, 94, 126083 }, // ≓
    { 20, 11, 23, 1, 15, 55, 126177 }, // ≔
    { 20, 11, 23, 1, 15, 55, 126232 }, // ≕
    { 17, 9, 19, 1, 14, 39, 126287 }, // ≖
    { 17, 19, 19, 1, 24, 81, 126326 }, // ≗
    { 17, 16, 19, 1, 21, 68, 126407 }, // ≘
    { 17, 20, 19, 1, 25, 85, 126475 }, // ≙
    { 17, 20, 19, 1, 22, 85, 126560 }, // ≚
    { 17, 23, 19, 1, 28, 98, 126645 }, // ≛
    { 17, 22, 19, 1, 27, 94, 126743 }, // ≜
    { 17, 21, 19, 1, 26, 90, 126837 }, // ≝
    { 17, 18, 19, 1, 23, 77, 126927 }, // ≞
    { 17, 20, 19, 1, 25, 85, 127004 }, // ≟
    { 17, 19, 19, 1, 19, 81, 127089 }, // ≠
    { 17, 14, 19, 1, 16, 60, 127170 }, // ≡
    { 17, 22, 19, 1, 20, 94, 127230 }, // ≢
    { 17, 20, 19, 1, 19, 85, 127324 }, // ≣
    { 17, 20, 19, 1, 19, 85, 127409 }, // ≤
    { 17, 20, 19, 1, 19, 85, 127494 }, // ≥
    { 17, 22, 19, 1, 20, 94, 127579 }, // ≦
    { 17, 22, 19, 1, 21, 94, 127673 }, // ≧
    { 17, 26, 19, 1, 20, 111, 127767 }, // ≨
    { 17, 26, 19, 1, 21, 111, 127878 }, // ≩
    { 26, 18, 27, 1, 18, 117, 127989 }, // ≪
    { 26, 18, 27, 1, 18, 117, 128106 }, // ≫
    { 9, 25, 11, 1, 22, 57, 128223 }, // ≬
    { 17, 19, 19, 1, 18, 81, 128280 }, // ≭
    { 17, 29, 19, 1, 25, 124, 128361 }, // ≮
    { 17, 29, 19, 1, 23, 124, 128485 }, // ≯
    { 17, 29, 19, 1, 23, 124, 128609 }, // ≰
    { 17, 29, 19, 1, 23, 124, 128733 }, // ≱
    { 17, 20, 19, 1, 19, 85, 128857 }, // ≲
    { 17, 20, 19, 1, 19, 85, 128942 }, // ≳
    { 17, 29, 19, 1, 23, 124, 129027 }, // ≴
    { 17, 29, 19, 1, 24, 124, 129151 }, // ≵
    { 17, 24, 19, 1, 21, 102, 129275 }, // ≶
    { 17, 24, 19, 1, 21, 102, 129377 }, // ≷
    { 17, 29, 19, 1, 23, 124, 129479 }, // ≸
    { 17, 29, 19, 1, 23, 124, 129603 }, // ≹
    { 16, 18, 18, 1, 18, 72, 129727 }, // ≺
    { 16, 18, 18, 1, 18, 72, 129799 }, // ≻
    { 16, 23, 18, 1, 21, 92, 129871 }, // ≼
    { 16, 24, 18, 1, 21, 96, 129963 }, // ≽
    { 17, 21, 19, 1, 19, 90, 130059 }, // ≾
    { 17, 21, 19, 1, 19, 90, 130149 }, // ≿
    { 16, 22, 18, 1, 21, 88, 130239 }, // ⊀
    { 16, 22, 18, 1, 21, 88, 130327 }, // ⊁
    { 21, 20, 23, 1, 20, 105, 130415 }, // ⊂
    { 21, 20, 23, 1, 20, 105, 130520 }, // ⊃
    { 21, 28, 23, 1, 24, 147, 130625 }, // ⊄
    { 21, 28, 23, 1, 24, 147, 130772 }, // ⊅
    { 21, 24, 23, 1, 21, 126, 130919 }, // ⊆
    { 21, 24, 23, 1, 21, 126, 131045 }, // ⊇
    { 21, 31, 23, 1, 25, 163, 131171 }, // ⊈
    { 21, 31, 23, 1, 25, 163, 131334 }, // ⊉
    { 21, 27, 23, 1, 21, 142, 131497 }, // ⊊
    { 21, 27, 23, 1, 21, 142, 131639 }, // ⊋
    { 19, 23, 21, 1, 23, 110, 131781 }, // ⊌
    { 19, 23, 21, 1, 23, 110, 131891 }, // ⊍
    { 19, 23, 21, 1, 23, 110, 132001 }, // ⊎
    { 17, 18, 19, 1, 18, 77, 132111 }, // ⊏
    { 17, 18, 19, 1, 18, 77, 132188 }, // ⊐
    { 17, 23, 19, 1, 20, 98, 132265 }, // ⊑
    { 17, 23, 19, 1, 20, 98, 132363 }, // ⊒
    { 19, 19, 21, 1, 19, 91, 132461 }, // ⊓
    { 19, 18, 21, 1, 18, 86, 132552 }, // ⊔
    { 25, 24, 28, 1, 21, 150, 132638 }, // ⊕
    { 25, 25, 28, 1, 22, 157, 132788 }, // ⊖
    { 25, 25, 28, 1, 22, 157, 132945 }, // ⊗
    { 25, 25, 28, 1, 22, 157, 133102 }, // ⊘
    { 25, 25, 28, 1, 22, 157, 133259 }, // ⊙
    { 25, 25, 28, 1, 22, 157, 133416 }, // ⊚
    { 25, 25, 28, 1, 22, 157, 133573 }, // ⊛
    { 25, 25, 28, 1, 22, 157, 133730 }, // ⊜
    { 25, 25, 28, 1, 22, 157, 133887 }, // ⊝
    { 23, 22, 25, 1, 20, 127, 134044 }, // ⊞
    { 23, 22, 25, 1, 20, 127, 134171 }, // ⊟
    { 23, 22, 25, 1, 20, 127, 134298 }, // ⊠
    { 23, 22, 25, 1, 20, 127, 134425 }, // ⊡
    { 23, 22, 25, 1, 22, 127, 134552 }, // ⊢
    { 23, 22, 25, 1, 22, 127, 134679 }, // ⊣
    { 23, 22, 25, 1, 22, 127, 134806 }, // ⊤
    { 23, 22, 25, 1, 22, 127, 134933 }, // ⊥
    { 13, 22, 15, 1, 22, 72, 135060 }, // ⊦
    { 13, 22, 15, 1, 20, 72, 135132 }, // ⊧
    { 23, 22, 25, 1, 22, 127, 135204 }, // ⊨
    { 25, 22, 28, 1, 22, 138, 135331 }, // ⊩
    { 26, 22, 28, 1, 22, 143, 135469 }, // ⊪
    { 25, 22, 28, 1, 22, 138, 135612 }, // ⊫
    { 23, 25, 25, 1, 24, 144, 135750 }, // ⊬
    { 23, 26, 25, 1, 24, 150, 135894 }, // ⊭
    { 25, 25, 28, 1, 24, 157, 136044 }, // ⊮
    { 25, 26, 28, 1, 24, 163, 136201 }, // ⊯
    { 17, 19, 19, 1, 19, 81, 136364 }, // ⊰
    { 17, 19, 19, 1, 19, 81, 136445 }, // ⊱
    { 17, 13, 19, 1, 16, 56, 136526 }, // ⊲
    { 17, 14, 19, 1, 16, 60, 136582 }, // ⊳
    { 17, 17, 19, 1, 18, 73, 136642 }, // ⊴
    { 17, 17, 19, 1, 18, 73, 136715 }, // ⊵
    { 28, 9, 30, 1, 14, 63, 136788 }, // ⊶
    { 28, 9, 30, 1, 14, 63, 136851 }, // ⊷
    { 24, 9, 26, 1, 14, 54, 136914 }, // ⊸
    { 17, 16, 19, 1, 17, 68, 136968 }, // ⊹
    { 16, 22, 18, 1, 22, 88, 137036 }, // ⊺
    { 17, 19, 19, 1, 19, 81, 137124 }, // ⊻
    { 17, 20, 19, 1, 20, 85, 137205 }, // ⊼
    { 17, 20, 19, 1, 20, 85, 137290 }, // ⊽
    { 19, 18, 22, 1, 18, 86, 137375 }, // ⊾
    { 21, 20, 23, 1, 20, 105, 137461 }, // ⊿
    { 28, 32, 30, 1, 24, 224, 137566 }, // ⋀
    { 28, 32, 30, 1, 24, 224, 137790 }, // ⋁
    { 23, 32, 25, 1, 24, 184, 138014 }, // ⋂
    { 23, 32, 25, 1, 24, 184, 138198 }, // ⋃
    { 17, 17, 19, 1, 18, 73, 138382 }, // ⋄
    { 5, 4, 7, 1, 11, 5, 138455 }, // ⋅
    { 13, 13, 16, 1, 16, 43, 138460 }, // ⋆
    { 17, 17, 19, 1, 18, 73, 138503 }, // ⋇
    { 22, 22, 24, 1, 20, 121, 138576 }, // ⋈
    { 22, 22, 24, 1, 20, 121, 138697 }, // ⋉
    { 22, 22, 24, 1, 20, 121, 138818 }, // ⋊
    { 22, 22, 24, 1, 20, 121, 138939 }, // ⋋
    { 22, 22, 24, 1, 20, 121, 139060 }, // ⋌
    { 17, 9, 19, 1, 14, 39, 139181 }, // ⋍
    { 22, 19, 24, 1, 19, 105, 139220 }, // ⋎
    { 22, 19, 24, 1, 19, 105, 139325 }, // ⋏
    { 21, 20, 23, 1, 20, 105, 139430 }, // ⋐
    { 21, 20, 23, 1, 20, 105, 139535 }, // ⋑
    { 20, 20, 23, 1, 19, 100, 139640 }, // ⋒
    { 20, 20, 23, 1, 19, 100, 139740 }, // ⋓
    { 20, 23, 23, 1, 20, 115, 139840 }, // ⋔
    { 17, 29, 19, 1, 24, 124, 139955 }, // ⋕
    { 15, 18, 18, 1, 18, 68, 140079 }, // ⋖
    { 15, 18, 18, 1, 18, 68, 140147 }, // ⋗
    { 36, 17, 38, 1, 18, 153, 140215 }, // ⋘
    { 36, 17, 38, 1, 18, 153, 140368 }, // ⋙
    { 17, 32, 19, 1, 25, 136, 140521 }, // ⋚
    { 17, 32, 19, 1, 25, 136, 140657 }, // ⋛
    { 17, 21, 19, 1, 20, 90, 140793 }, // ⋜
    { 17, 21, 19, 1, 20, 90, 140883 }, // ⋝
    { 16, 24, 18, 1, 21, 96, 140973 }, // ⋞
    { 16, 24, 18, 1, 21, 96, 141069 }, // ⋟
    { 16, 29, 18, 1, 25, 116, 141165 }, // ⋠
    { 16, 29, 18, 1, 25, 116, 141281 }, // ⋡
    { 17, 32, 19, 1, 25, 136, 141397 }, // ⋢
    { 17, 32, 19, 1, 25, 136, 141533 }, // ⋣
    { 17, 26, 19, 1, 20, 111, 141669 }, // ⋤
    { 17, 26, 19, 1, 20, 111, 141780 }, // ⋥
    { 17, 22, 19, 1, 18, 94, 141891 }, // ⋦
    { 17, 22, 19, 1, 19, 94, 141985 }, // ⋧
    { 17, 23, 19, 1, 20, 98, 142079 }, // ⋨
    { 17, 23, 19, 1, 19, 98, 142177 }, // ⋩
    { 17, 22, 19, 1, 21, 94, 142275 }, // ⋪
    { 17, 22, 19, 1, 20, 94, 142369 }, // ⋫
    { 17, 28, 19, 1, 23, 119, 142463 }, // ⋬
    { 17, 28, 19, 1, 23, 119, 142582 }, // ⋭
    { 5, 24, 7, 1, 21, 30, 142701 }, // ⋮
    { 25, 4, 27, 1, 11, 25, 142731 }, // ⋯
    { 25, 24, 28, 1, 21, 150, 142756 }, // ⋰
    { 25, 24, 28, 1, 21, 150, 142906 }, // ⋱
    { 25, 20, 27, 1, 20, 125, 143056 }, // ⋲
    { 21, 20, 23, 1, 20, 105, 143181 }, // ⋳
    { 16, 15, 18, 1, 17, 60, 143286 }, // ⋴
    { 21, 25, 23, 1, 25, 132, 143346 }, // ⋵
    { 21, 25, 23, 1, 25, 132, 143478 }, // ⋶
    { 16, 19, 18, 1, 21, 76, 143610 }, // ⋷
    { 21, 25, 23, 1, 19, 132, 143686 }, // ⋸
    { 21, 20, 23, 1, 20, 105, 143818 }, // ⋹
    { 25, 20, 27, 1, 20, 125, 143923 }, // ⋺
    { 21, 20, 23, 1, 20, 105, 144048 }, // ⋻
    { 16, 15, 18, 1, 17, 60, 144153 }, // ⋼
    { 21, 25, 23, 1, 25, 132, 144213 }, // ⋽
    { 16, 19, 18, 1, 21, 76, 144345 }, // ⋾
    { 21, 20, 23, 1, 20, 105, 144421 }, // ⋿
    { 11, 31, 14, 2, 26, 86, 144526 }, // ⟨
    { 11, 31, 14, 0, 26, 86, 144612 }, // ⟩
    { 35, 24, 33, -1, 24, 210, 144698 }, // 𝒜
    { 26, 24, 27, 1, 24, 156, 144908 }, // 𝒞
    { 26, 24, 28, 1, 24, 156, 145064 }, // 𝒟
    { 23, 24, 25, 1, 24, 138, 145220 }, // 𝒢
    { 29, 29, 28, 0, 24, 211, 145358 }, // 𝒥
    { 37, 24, 37, 0, 24, 222, 145569 }, // 𝒦
    { 34, 25, 34, 0, 24, 213, 145791 }, // 𝒩
    { 24, 24, 26, 1, 24, 144, 146004 }, // 𝒪
    { 31, 24, 32, 0, 24, 186, 146148 }, // 𝒫
    { 26, 24, 26, 0, 24, 156, 146334 }, // 𝒬
    { 32, 24, 32, 0, 24, 192, 146490 }, // 𝒮
    { 32, 24, 31, 0, 24, 192, 146682 }, // 𝒯
    { 33, 24, 34, 1, 24, 198, 146874 }, // 𝒰
    { 28, 24, 27, 0, 24, 168, 147072 }, // 𝒱
    { 38, 24, 38, 1, 24, 228, 147240 }, // 𝒲
    { 32, 24, 32, 0, 24, 192, 147468 }, // 𝒳
    { 29, 24, 29, 1, 24, 174, 147660 }, // 𝒴
    { 27, 33, 25, -3, 24, 223, 147834 }, // 𝒵
    { 24, 24, 23, 0, 24, 144, 148057 }, // 𝔸
    { 19, 24, 22, 2, 24, 114, 148201 }, // 𝔹
    { 21, 24, 24, 2, 24, 126, 148315 }, // 𝔻
    { 15, 24, 19, 2, 24, 90, 148441 }, // 𝔼
    { 15, 24, 17, 2, 24, 90, 148531 }, // 𝔽
    { 21, 24, 23, 1, 24, 126, 148621 }, // 𝔾
    { 7, 24, 11, 2, 24, 42, 148747 }, // 𝕀
    { 12, 24, 14, 0, 24, 72, 148789 }, // 𝕁
    { 20, 24, 22, 2, 24, 120, 148861 }, // 𝕂
    { 15, 24, 18, 2, 24, 90, 148981 }, // 𝕃
    { 26, 24, 30, 2, 24, 156, 149071 }, // 𝕄
    { 23, 24, 25, 1, 24, 138, 149227 }, // 𝕆
    { 15, 24, 17, 1, 24, 90, 149365 }, // 𝕊
    { 20, 24, 19, 0, 24, 120, 149455 }, // 𝕋
    { 18, 24, 22, 2, 24, 108, 149575 }, // 𝕌
    { 22, 24, 22, 0, 24, 132, 149683 }, // 𝕍
    { 31, 24, 31, 0, 24, 186, 149815 }, // 𝕎
    { 23, 24, 23, 0, 24, 138, 150001 }, // 𝕏
    { 22, 24, 21, 0, 24, 132, 150139 }, // 𝕐
};

static const EpdUnicodeInterval notosans_16_boldIntervals[] = {
    { 0x0, 0x0, 0x0 },
    { 0xD, 0xD, 0x1 },
    { 0x20, 0x7E, 0x2 },
    { 0xA0, 0xFF, 0x61 },
    { 0x100, 0x17F, 0xC1 },
    { 0x300, 0x36F, 0x141 },
    { 0x370, 0x377, 0x1B1 },
    { 0x37A, 0x37F, 0x1B9 },
    { 0x384, 0x38A, 0x1BF },
    { 0x38C, 0x38C, 0x1C6 },
    { 0x38E, 0x3A1, 0x1C7 },
    { 0x3A3, 0x3E1, 0x1DB },
    { 0x3F0, 0x3FF, 0x21A },
    { 0x400, 0x4FF, 0x22A },
    { 0x2000, 0x2064, 0x32A },
    { 0x2066, 0x206F, 0x38F },
    { 0x20A0, 0x20C0, 0x399 },
    { 0x2113, 0x2113, 0x3BA },
    { 0x211D, 0x211D, 0x3BB },
    { 0x2190, 0x21FF, 0x3BC },
    { 0x2200, 0x22FF, 0x42C },
    { 0x27E8, 0x27E9, 0x52C },
    { 0x1D49C, 0x1D49C, 0x52E },
    { 0x1D49E, 0x1D49F, 0x52F },
    { 0x1D4A2, 0x1D4A2, 0x531 },
    { 0x1D4A5, 0x1D4A6, 0x532 },
    { 0x1D4A9, 0x1D4AC, 0x534 },
    { 0x1D4AE, 0x1D4B5, 0x538 },
    { 0x1D538, 0x1D539, 0x540 },
    { 0x1D53B, 0x1D53E, 0x542 },
    { 0x1D540, 0x1D544, 0x546 },
    { 0x1D546, 0x1D546, 0x54B },
    { 0x1D54A, 0x1D550, 0x54C },
};

static const EpdFontData notosans_16_bold = {
    notosans_16_boldBitmaps,
    notosans_16_boldGlyphs,
    notosans_16_boldIntervals,
    33,
    45,
    36,
    -10,
    true,
};
