/**
 * generated by fontconvert.py
 * name: notosans_12_regular
 * size: 12
 * mode: 2-bit
 */
#pragma once
#include "EpdFontData.h"

static const uint8_t notosans_12_regularBitmaps[81193] = {
    0x3E, 0x3E, 0x3E, 0x3E, 0x3D, 0x2D, 0x2D, 0x2D, 0x2D, 0x2C, 0x1C, 0x1C, 0x1C, 0x00, 0x00, 0x3E,
    0x3F, 0x3E, 0x04, 0x7C, 0x2D, 0x7C, 0x2D, 0x3C, 0x2D, 0x38, 0x2D, 0x38, 0x1C, 0x38, 0x1C, 0x24,
    0x08, 0x00, 0x0B, 0x01, 0xC0, 0x00, 0x0E, 0x02, 0xC0, 0x00, 0x0E, 0x03, 0xC0, 0x00, 0x1D, 0x03,
    0x80, 0x00, 0x2C, 0x03, 0x80, 0x0A, 0xBE, 0xAB, 0xA9, 0x1F, 0xFF, 0xFF, 0xFE, 0x00, 0x78, 0x0F,
    0x00, 0x00, 0x74, 0x0E, 0x00, 0x00, 0xB0, 0x0E, 0x00, 0x00, 0xF0, 0x1D, 0x00, 0x7F, 0xFF, 0xFF,
    0xF8, 0x7F, 0xFF, 0xFF, 0xF8, 0x01, 0xD0, 0x3C, 0x00, 0x02, 0xC0, 0x38, 0x00, 0x02, 0xC0, 0x74,
    0x00, 0x03, 0xC0, 0xB0, 0x00, 0x03, 0x80, 0xF0, 0x00, 0x00, 0x2C, 0x00, 0x00, 0x2C, 0x00, 0x01,
    0xBF, 0x90, 0x1F, 0xFF, 0xFC, 0x3E, 0x6C, 0x68, 0x7C, 0x2C, 0x00, 0x7C, 0x2C, 0x00, 0x7C, 0x2C,
    0x00, 0x3F, 0xBC, 0x00, 0x0B, 0xFE, 0x40, 0x00, 0xBF, 0xF4, 0x00, 0x2D, 0xFD, 0x00, 0x2C, 0x2F,
    0x00, 0x2C, 0x1F, 0x00, 0x2C, 0x2F, 0x79, 0x2D, 0xBD, 0x7F, 0xFF, 0xF4, 0x1A, 0xBE, 0x40, 0x00,
    0x2C, 0x00, 0x00, 0x2C, 0x00, 0x00, 0x14, 0x00, 0x00, 0x00, 0x00, 0x00, 0x00, 0x3F, 0x80, 0x00,
    0xB0, 0x03, 0xEB, 0x80, 0x07, 0x80, 0x1D, 0x0B, 0x00, 0x3C, 0x00, 0xB0, 0x1D, 0x01, 0xD0, 0x02,
    0xC0, 0x38, 0x0F, 0x00, 0x0F, 0x00, 0xE0, 0xB4, 0x00, 0x2C, 0x03, 0x83, 0xC0, 0x00, 0xB0, 0x1D,
    0x2C, 0x2F, 0x81, 0xE0, 0xB1, 0xE3, 0xEF, 0x83, 0xEB, 0xCF, 0x1E, 0x0F, 0x03, 0xF8, 0x78, 0xB0,
    0x1D, 0x00, 0x03, 0xC3, 0xC0, 0x74, 0x00, 0x1D, 0x0F, 0x01, 0xE0, 0x00, 0xF0, 0x3C, 0x07, 0x80,
    0x0B, 0x40, 0xB0, 0x1D, 0x00, 0x3C, 0x01, 0xD0, 0xB0, 0x02, 0xC0, 0x03, 0xDB, 0xC0, 0x1E, 0x00,
    0x07, 0xFC, 0x00, 0x00, 0x00, 0x00, 0x00, 0x00, 0x00, 0x00, 0x00, 0x00, 0x1F, 0xFD, 0x00, 0x00,
    0x07, 0xFB, 0xF4, 0x00, 0x00, 0xF8, 0x0B, 0x80, 0x00, 0x0F, 0x00, 0x7C, 0x00, 0x00, 0xF4, 0x07,
    0xC0, 0x00, 0x0B, 0x80, 0xF8, 0x00, 0x00, 0x3D, 0x3F, 0x00, 0x00, 0x01, 0xFF, 0x80, 0x00, 0x00,
    0x1F, 0xE0, 0x00, 0x00, 0x0F, 0xEF, 0x40, 0x0F, 0x03, 0xF0, 0x7E, 0x01, 0xE0, 0x7C, 0x01, 0xF8,
    0x3D, 0x0B, 0x80, 0x07, 0xE7, 0xC0, 0xB8, 0x00, 0x1F, 0xF4, 0x0B, 0xC0, 0x00, 0xBF, 0x00, 0x3E,
    0x00, 0x2F, 0xF8, 0x02, 0xFF, 0xBF, 0xD7, 0xE0, 0x07, 0xFF, 0xE0, 0x1F, 0x80, 0x00, 0x00, 0x00,
    0x00, 0x7D, 0xF3, 0xCE, 0x38, 0xE2, 0x40, 0x02, 0xD0, 0x7C, 0x0F, 0x41, 0xF0, 0x3D, 0x03, 0xC0,
    0x7C, 0x0B, 0x80, 0xF4, 0x0F, 0x40, 0xF0, 0x0F, 0x00, 0xF4, 0x0F, 0x40, 0xB8, 0x0B, 0xC0, 0x3C,
    0x03, 0xD0, 0x2F, 0x00, 0xF0, 0x07, 0xC0, 0x2D, 0x3C, 0x00, 0x7C, 0x00, 0xF4, 0x01, 0xF0, 0x03,
    0xD0, 0x0B, 0x80, 0x1F, 0x00, 0x3C, 0x00, 0xF4, 0x03, 0xD0, 0x0B, 0x40, 0x2D, 0x00, 0xF4, 0x03,
    0xD0, 0x0F, 0x00, 0x7C, 0x02, 0xE0, 0x0F, 0x40, 0x7C, 0x02, 0xE0, 0x1F, 0x00, 0xF0, 0x00, 0x00,
    0x7C, 0x00, 0x00, 0x3C, 0x00, 0x00, 0x3C, 0x00, 0x40, 0x38, 0x04, 0xFE, 0x79, 0xFE, 0xBF, 0xFF,
    0xFE, 0x00, 0xFD, 0x00, 0x01, 0xEF, 0x00, 0x03, 0xC7, 0xC0, 0x0F, 0x83, 0xE0, 0x0B, 0x01, 0xD0,
    0x00, 0x00, 0x00, 0x00, 0x2C, 0x00, 0x00, 0x3C, 0x00, 0x00, 0x3C, 0x00, 0x00, 0x3C, 0x00, 0x00,
    0x3C, 0x00, 0xAA, 0xBE, 0xAA, 0xFF, 0xFF, 0xFF, 0x00, 0x3C, 0x00, 0x00, 0x3C, 0x00, 0x00, 0x3C,
    0x00, 0x00, 0x3C, 0x00, 0x00, 0x3C, 0x00, 0x00, 0x00, 0x00, 0x2E, 0x3D, 0x3C, 0x7C, 0xB4, 0xF0,
    0x00, 0xAA, 0xA3, 0xFF, 0xC5, 0x55, 0x00, 0x00, 0x3E, 0x3F, 0x3E, 0x04, 0x00, 0x03, 0xC0, 0x00,
    0xB8, 0x00, 0x0F, 0x00, 0x01, 0xF0, 0x00, 0x2D, 0x00, 0x03, 0xC0, 0x00, 0x78, 0x00, 0x0F, 0x40,
    0x00, 0xF0, 0x00, 0x2E, 0x00, 0x03, 0xC0, 0x00, 0x7C, 0x00, 0x0B, 0x40, 0x00, 0xF0, 0x00, 0x1E,
    0x00, 0x03, 0xD0, 0x00, 0x3C, 0x00, 0x0B, 0x80, 0x00, 0x00, 0x00, 0x00, 0x00, 0xBF, 0xE0, 0x00,
    0xFF, 0xFF, 0x00, 0xBC, 0x03, 0xE0, 0x3D, 0x00, 0x3C, 0x1F, 0x00, 0x0B, 0x8B, 0x80, 0x01, 0xF2,
    0xE0, 0x00, 0x7C, 0xB4, 0x00, 0x0F, 0x3D, 0x00, 0x03, 0xCF, 0x40, 0x00, 0xF2, 0xD0, 0x00, 0x3C,
    0xB8, 0x00, 0x1F, 0x1E, 0x00, 0x07, 0xC7, 0xC0, 0x02, 0xE0, 0xF4, 0x00, 0xF4, 0x1F, 0x00, 0xBC,
    0x03, 0xFA, 0xFC, 0x00, 0x2F, 0xFC, 0x00, 0x00, 0x00, 0x00, 0x00, 0x78, 0x0B, 0xF0, 0xFF, 0xDF,
    0x9F, 0x74, 0x7C, 0x01, 0xF0, 0x07, 0xC0, 0x1F, 0x00, 0x7C, 0x01, 0xF0, 0x07, 0xC0, 0x1F, 0x00,
    0x7C, 0x01, 0xF0, 0x07, 0xC0, 0x1F, 0x00, 0x7C, 0x01, 0xF0, 0x00, 0x00, 0x00, 0x06, 0xFF, 0x80,
    0x3F, 0xFF, 0xF0, 0x3D, 0x00, 0xFC, 0x00, 0x00, 0x3C, 0x00, 0x00, 0x3D, 0x00, 0x00, 0x3C, 0x00,
    0x00, 0x7C, 0x00, 0x00, 0xB8, 0x00, 0x01, 0xF0, 0x00, 0x07, 0xD0, 0x00, 0x0F, 0x40, 0x00, 0x3D,
    0x00, 0x00, 0xF4, 0x00, 0x03, 0xD0, 0x00, 0x0F, 0x40, 0x00, 0x3D, 0x00, 0x00, 0xFF, 0xFF, 0xFF,
    0xFF, 0xFF, 0xFF, 0x00, 0x00, 0x00, 0x0B, 0xFF, 0x80, 0x7F, 0xFF, 0xF4, 0x38, 0x00, 0xBC, 0x00,
    0x00, 0x3C, 0x00, 0x00, 0x3D, 0x00, 0x00, 0x3C, 0x00, 0x00, 0xBC, 0x00, 0x07, 0xF0, 0x03, 0xFF,
    0x40, 0x02, 0xBF, 0xF0, 0x00, 0x00, 0xBC, 0x00, 0x00, 0x2E, 0x00, 0x00, 0x1F, 0x00, 0x00, 0x1F,
    0x00, 0x00, 0x3E, 0x80, 0x00, 0xBC, 0xFE, 0xAB, 0xF4, 0x7F, 0xFF, 0x90, 0x00, 0x00, 0x00, 0x00,
    0x00, 0x7C, 0x00, 0x00, 0x0F, 0xC0, 0x00, 0x03, 0xFC, 0x00, 0x00, 0x7B, 0xC0, 0x00, 0x0F, 0x3C,
    0x00, 0x03, 0xC3, 0xC0, 0x00, 0xB8, 0x3C, 0x00, 0x1F, 0x03, 0xC0, 0x03, 0xC0, 0x3C, 0x00, 0xB4,
    0x03, 0xC0, 0x1E, 0x00, 0x3C, 0x03, 0xC0, 0x03, 0xC0, 0x7F, 0xFF, 0xFF, 0xF7, 0xFF, 0xFF, 0xFF,
    0x00, 0x00, 0x3C, 0x00, 0x00, 0x03, 0xC0, 0x00, 0x00, 0x3C, 0x00, 0x00, 0x03, 0xC0, 0x1F, 0xFF,
    0xF8, 0x1F, 0xFF, 0xF8, 0x2E, 0x00, 0x00, 0x2D, 0x00, 0x00, 0x2D, 0x00, 0x00, 0x3D, 0x00, 0x00,
    0x3C, 0x00, 0x00, 0x3F, 0xFF, 0x80, 0x3F, 0xFF, 0xF4, 0x00, 0x01, 0xFC, 0x00, 0x00, 0x3E, 0x00,
    0x00, 0x2F, 0x00, 0x00, 0x1F, 0x00, 0x00, 0x1F, 0x00, 0x00, 0x3E, 0x50, 0x00, 0xBC, 0x7F, 0xAF,
    0xF4, 0x2F, 0xFF, 0x80, 0x00, 0x00, 0x00, 0x00, 0x00, 0x00, 0x00, 0x0B, 0xFE, 0x00, 0x2F, 0xFB,
    0x80, 0x2F, 0x40, 0x00, 0x0F, 0x00, 0x00, 0x0B, 0x80, 0x00, 0x03, 0xC0, 0x00, 0x01, 0xF0, 0x00,
    0x00, 0x78, 0xBF, 0xE0, 0x2E, 0xFA, 0xBF, 0x0B, 0xE0, 0x03, 0xE2, 0xF0, 0x00, 0x7C, 0xB8, 0x00,
    0x0F, 0x1E, 0x00, 0x03, 0xC7, 0xC0, 0x00, 0xF0, 0xF4, 0x00, 0x7C, 0x1F, 0x00, 0x3D, 0x02, 0xFA,
    0xFE, 0x00, 0x1F, 0xFD, 0x00, 0x00, 0x00, 0x00, 0xFF, 0xFF, 0xFF, 0x3F, 0xFF, 0xFF, 0xC0, 0x00,
    0x02, 0xF0, 0x00, 0x00, 0xF4, 0x00, 0x00, 0x7C, 0x00, 0x00, 0x3D, 0x00, 0x00, 0x1F, 0x00, 0x00,
    0x0F, 0x80, 0x00, 0x03, 0xC0, 0x00, 0x02, 0xE0, 0x00, 0x00, 0xF0, 0x00, 0x00, 0xB8, 0x00, 0x00,
    0x3D, 0x00, 0x00, 0x2F, 0x00, 0x00, 0x0F, 0x40, 0x00, 0x07, 0xC0, 0x00, 0x03, 0xE0, 0x00, 0x01,
    0xF0, 0x00, 0x00, 0x00, 0x00, 0x00, 0x00, 0xBF, 0xE4, 0x00, 0xFE, 0xBF, 0x40, 0xF8, 0x01, 0xF0,
    0x3C, 0x00, 0x3D, 0x0F, 0x00, 0x0B, 0x43, 0xD0, 0x03, 0xC0, 0xBC, 0x02, 0xE0, 0x0B, 0xE7, 0xE0,
    0x00, 0xBF, 0xE0, 0x00, 0x7E, 0xFE, 0x00, 0xBC, 0x07, 0xF0, 0x7C, 0x00, 0x3E, 0x2E, 0x00, 0x07,
    0xCF, 0x40, 0x00, 0xF2, 0xE0, 0x00, 0x7C, 0x7C, 0x00, 0x3E, 0x0B, 0xEA, 0xBF, 0x00, 0x7F, 0xFE,
    0x00, 0x00, 0x00, 0x00, 0x00, 0x00, 0x00, 0x02, 0xFF, 0x80, 0x0F, 0xFF, 0xF0, 0x3E, 0x00, 0xF8,
    0x7C, 0x00, 0x3C, 0xB8, 0x00, 0x2E, 0xB4, 0x00, 0x1F, 0xB4, 0x00, 0x0F, 0xB8, 0x00, 0x2F, 0x7C,
    0x00, 0x7F, 0x2F, 0x96, 0xEF, 0x0B, 0xFF, 0x5F, 0x00, 0x50, 0x1E, 0x00, 0x00, 0x2D, 0x00, 0x00,
    0x3C, 0x00, 0x00, 0xB8, 0x00, 0x02, 0xF0, 0x1A, 0xAF, 0xC0, 0x1F, 0xFE, 0x00, 0x00, 0x00, 0x00,
    0x19, 0x3F, 0x3F, 0x18, 0x00, 0x00, 0x00, 0x00, 0x00, 0x00, 0x00, 0x3E, 0x3F, 0x3E, 0x04, 0x0A,
    0x43, 0xF0, 0xFC, 0x18, 0x00, 0x00, 0x00, 0x00, 0x00, 0x00, 0x00, 0x00, 0x00, 0x3D, 0x0F, 0x07,
    0xC2, 0xE0, 0xF0, 0x38, 0x00, 0x00, 0x00, 0x00, 0x00, 0x00, 0x00, 0x01, 0xC0, 0x00, 0x07, 0xF0,
    0x00, 0x1F, 0xD0, 0x00, 0x7F, 0x40, 0x01, 0xFD, 0x00, 0x07, 0xF4, 0x00, 0x02, 0xF4, 0x00, 0x00,
    0x1F, 0xE0, 0x00, 0x00, 0x7F, 0x90, 0x00, 0x00, 0xBF, 0x40, 0x00, 0x02, 0xFC, 0x00, 0x00, 0x07,
    0x00, 0x00, 0x00, 0x00, 0x00, 0x00, 0x00, 0xBF, 0xFF, 0xFF, 0x6A, 0xAA, 0xAA, 0x00, 0x00, 0x00,
    0x00, 0x00, 0x00, 0x00, 0x00, 0x00, 0xBF, 0xFF, 0xFF, 0x6A, 0xAA, 0xA9, 0x00, 0x00, 0x00, 0x28,
    0x00, 0x00, 0x0B, 0xE0, 0x00, 0x00, 0x7F, 0x80, 0x00, 0x01, 0xFE, 0x00, 0x00, 0x02, 0xF8, 0x00,
    0x00, 0x0B, 0xE0, 0x00, 0x01, 0xFC, 0x00, 0x07, 0xF8, 0x00, 0x2F, 0xD0, 0x01, 0xFF, 0x40, 0x02,
    0xF8, 0x00, 0x00, 0xA0, 0x00, 0x00, 0x00, 0x00, 0x00, 0x00, 0x00, 0x00, 0x00, 0x6F, 0xF8, 0x0B,
    0xFF, 0xFD, 0x09, 0x00, 0xBC, 0x00, 0x00, 0xF0, 0x00, 0x03, 0xC0, 0x00, 0x0F, 0x00, 0x00, 0xB8,
    0x00, 0x0B, 0xC0, 0x00, 0xFC, 0x00, 0x0F, 0x80, 0x00, 0x7C, 0x00, 0x01, 0xD0, 0x00, 0x07, 0x40,
    0x00, 0x00, 0x00, 0x00, 0x00, 0x00, 0x02, 0xE0, 0x00, 0x0F, 0xC0, 0x00, 0x3F, 0x00, 0x00, 0x10,
    0x00, 0x00, 0x01, 0xBF, 0xE4, 0x00, 0x00, 0x07, 0xFF, 0xFF, 0xD0, 0x00, 0x0F, 0xD0, 0x00, 0xBD,
    0x00, 0x0F, 0x40, 0x00, 0x03, 0xD0, 0x0B, 0x40, 0x00, 0x00, 0x3C, 0x07, 0x80, 0x2F, 0xF9, 0x07,
    0x42, 0xC0, 0x3F, 0xAF, 0x80, 0xE0, 0xF0, 0x3D, 0x01, 0xD0, 0x3C, 0x74, 0x0F, 0x00, 0x74, 0x0B,
    0x1D, 0x07, 0x80, 0x2D, 0x02, 0xCB, 0x42, 0xD0, 0x0B, 0x40, 0xF2, 0xD0, 0x74, 0x03, 0xD0, 0x38,
    0x74, 0x1F, 0x00, 0xF4, 0x1D, 0x1E, 0x03, 0xE5, 0xEF, 0x5F, 0x03, 0xC0, 0x3F, 0xE0, 0xFF, 0x00,
    0xB4, 0x00, 0x40, 0x04, 0x00, 0x0F, 0x00, 0x00, 0x00, 0x00, 0x01, 0xF4, 0x00, 0x01, 0x00, 0x00,
    0x1F, 0xE9, 0x6B, 0xC0, 0x00, 0x00, 0x7F, 0xFF, 0xD0, 0x00, 0x00, 0x00, 0x00, 0x00, 0x00, 0x00,
    0x00, 0x03, 0xC0, 0x00, 0x00, 0x0B, 0xE0, 0x00, 0x00, 0x0F, 0xF0, 0x00, 0x00, 0x1E, 0xB4, 0x00,
    0x00, 0x3D, 0x78, 0x00, 0x00, 0x3C, 0x3C, 0x00, 0x00, 0xB8, 0x2D, 0x00, 0x00, 0xF4, 0x1F, 0x00,
    0x01, 0xF0, 0x0F, 0x40, 0x02, 0xE0, 0x0B, 0x80, 0x03, 0xEA, 0xAB, 0xC0, 0x07, 0xFF, 0xFF, 0xD0,
    0x0F, 0x95, 0x56, 0xF0, 0x1F, 0x00, 0x00, 0xF0, 0x2E, 0x00, 0x00, 0xB8, 0x3C, 0x00, 0x00, 0x7C,
    0x7C, 0x00, 0x00, 0x3D, 0xF4, 0x00, 0x00, 0x2F, 0x7F, 0xFE, 0x90, 0x2F, 0xFF, 0xFF, 0x0B, 0x80,
    0x0B, 0xF2, 0xE0, 0x00, 0x7C, 0xB8, 0x00, 0x0F, 0x6E, 0x00, 0x03, 0xCB, 0x80, 0x01, 0xF2, 0xF5,
    0x56, 0xF0, 0xBF, 0xFF, 0xE0, 0x2F, 0xAA, 0xBF, 0x4B, 0x80, 0x01, 0xF6, 0xE0, 0x00, 0x2E, 0xB8,
    0x00, 0x0B, 0xEE, 0x00, 0x02, 0xFB, 0x80, 0x00, 0xFA, 0xE0, 0x00, 0xFD, 0xBF, 0xFF, 0xFD, 0x2F,
    0xFF, 0xF8, 0x00, 0x00, 0x00, 0x00, 0x00, 0x00, 0x7F, 0xFE, 0x40, 0x1F, 0xFF, 0xFF, 0x01, 0xFD,
    0x00, 0x24, 0x0F, 0xC0, 0x00, 0x00, 0xBC, 0x00, 0x00, 0x03, 0xE0, 0x00, 0x00, 0x0F, 0x00, 0x00,
    0x00, 0x7C, 0x00, 0x00, 0x01, 0xF0, 0x00, 0x00, 0x07, 0xC0, 0x00, 0x00, 0x1F, 0x00, 0x00, 0x00,
    0x7C, 0x00, 0x00, 0x00, 0xF4, 0x00, 0x00, 0x02, 0xF0, 0x00, 0x00, 0x07, 0xE0, 0x00, 0x00, 0x0B,
    0xE0, 0x00, 0x00, 0x0B, 0xFE, 0xBF, 0x40, 0x06, 0xFF, 0xFC, 0x00, 0x00, 0x00, 0x00, 0x7F, 0xFE,
    0x90, 0x02, 0xFF, 0xFF, 0xF4, 0x0B, 0x80, 0x1B, 0xF4, 0x2E, 0x00, 0x02, 0xF4, 0xB8, 0x00, 0x03,
    0xF2, 0xE0, 0x00, 0x07, 0xCB, 0x80, 0x00, 0x0F, 0x6E, 0x00, 0x00, 0x3E, 0xB8, 0x00, 0x00, 0xBA,
    0xE0, 0x00, 0x02, 0xEB, 0x80, 0x00, 0x0F, 0xAE, 0x00, 0x00, 0x3D, 0xB8, 0x00, 0x01, 0xF2, 0xE0,
    0x00, 0x0F, 0xCB, 0x80, 0x00, 0xBC, 0x2E, 0x00, 0x1F, 0xD0, 0xBF, 0xFF, 0xFD, 0x02, 0xFF, 0xFE,
    0x40, 0x00, 0x7F, 0xFF, 0xF6, 0xFF, 0xFF, 0xDB, 0x80, 0x00, 0x2E, 0x00, 0x00, 0xB8, 0x00, 0x02,
    0xE0, 0x00, 0x0B, 0x80, 0x00, 0x2F, 0x55, 0x54, 0xBF, 0xFF, 0xF2, 0xFA, 0xAA, 0x8B, 0x80, 0x00,
    0x2E, 0x00, 0x00, 0xB8, 0x00, 0x02, 0xE0, 0x00, 0x0B, 0x80, 0x00, 0x2E, 0x00, 0x00, 0xBF, 0xFF,
    0xF6, 0xFF, 0xFF, 0xD0, 0x7F, 0xFF, 0xF6, 0xFF, 0xFF, 0xDB, 0x80, 0x00, 0x2E, 0x00, 0x00, 0xB8,
    0x00, 0x02, 0xE0, 0x00, 0x0B, 0x80, 0x00, 0x2E, 0x00, 0x00, 0xBE, 0xAA, 0xA2, 0xFF, 0xFF, 0xCB,
    0xD5, 0x55, 0x2E, 0x00, 0x00, 0xB8, 0x00, 0x02, 0xE0, 0x00, 0x0B, 0x80, 0x00, 0x2E, 0x00, 0x00,
    0xB8, 0x00, 0x02, 0xE0, 0x00, 0x00, 0x00, 0x00, 0x00, 0x00, 0x00, 0x1B, 0xFF, 0xE4, 0x00, 0xFF,
    0xFF, 0xFC, 0x03, 0xF8, 0x00, 0x64, 0x0F, 0xC0, 0x00, 0x00, 0x2F, 0x00, 0x00, 0x00, 0x3E, 0x00,
    0x00, 0x00, 0x3C, 0x00, 0x00, 0x00, 0x7C, 0x00, 0x00, 0x00, 0x7C, 0x00, 0x15, 0x54, 0x7C, 0x00,
    0x3F, 0xFD, 0x7C, 0x00, 0x1A, 0xBD, 0x7C, 0x00, 0x00, 0x3D, 0x3D, 0x00, 0x00, 0x3D, 0x2F, 0x00,
    0x00, 0x3D, 0x0F, 0x80, 0x00, 0x3D, 0x07, 0xF4, 0x00, 0x3D, 0x01, 0xFF, 0xEB, 0xFD, 0x00, 0x2F,
    0xFF, 0xF8, 0x00, 0x00, 0x00, 0x00, 0x78, 0x00, 0x00, 0xF2, 0xE0, 0x00, 0x03, 0xCB, 0x80, 0x00,
    0x0F, 0x2E, 0x00, 0x00, 0x3C, 0xB8, 0x00, 0x00, 0xF2, 0xE0, 0x00, 0x03, 0xCB, 0x80, 0x00, 0x0F,
    0x2F, 0x55, 0x55, 0x7C, 0xBF, 0xFF, 0xFF, 0xF2, 0xFA, 0xAA, 0xAB, 0xCB, 0x80, 0x00, 0x0F, 0x2E,
    0x00, 0x00, 0x3C, 0xB8, 0x00, 0x00, 0xF2, 0xE0, 0x00, 0x03, 0xCB, 0x80, 0x00, 0x0F, 0x2E, 0x00,
    0x00, 0x3C, 0xB8, 0x00, 0x00, 0xF2, 0xE0, 0x00, 0x03, 0xC0, 0xFF, 0xF6, 0xFF, 0x80, 0xF4, 0x03,
    0xD0, 0x0F, 0x40, 0x3D, 0x00, 0xF4, 0x03, 0xD0, 0x0F, 0x40, 0x3D, 0x00, 0xF4, 0x03, 0xD0, 0x0F,
    0x40, 0x3D, 0x00, 0xF4, 0x03, 0xD0, 0x6F, 0xE3, 0xFF, 0xD0, 0x00, 0xB4, 0x02, 0xE0, 0x0B, 0x80,
    0x2E, 0x00, 0xB8, 0x02, 0xE0, 0x0B, 0x80, 0x2E, 0x00, 0xB8, 0x02, 0xE0, 0x0B, 0x80, 0x2E, 0x00,
    0xB8, 0x02, 0xE0, 0x0B, 0x80, 0x2E, 0x00, 0xB8, 0x02, 0xE0, 0x0B, 0x80, 0x3D, 0x47, 0xF3, 0xFF,
    0x4A, 0xA0, 0x00, 0x78, 0x00, 0x0B, 0x8B, 0x80, 0x02, 0xF0, 0xB8, 0x00, 0xBC, 0x0B, 0x80, 0x1F,
    0x00, 0xB8, 0x07, 0xD0, 0x0B, 0x80, 0xF4, 0x00, 0xB8, 0x3D, 0x00, 0x0B, 0x8F, 0x80, 0x00, 0xBB,
    0xF8, 0x00, 0x0B, 0xFB, 0xD0, 0x00, 0xBD, 0x2F, 0x00, 0x0B, 0x80, 0xF8, 0x00, 0xB8, 0x07, 0xD0,
    0x0B, 0x80, 0x2F, 0x00, 0xB8, 0x00, 0xFC, 0x0B, 0x80, 0x03, 0xE0, 0xB8, 0x00, 0x1F, 0x4B, 0x80,
    0x00, 0xBC, 0x78, 0x00, 0x02, 0xE0, 0x00, 0x0B, 0x80, 0x00, 0x2E, 0x00, 0x00, 0xB8, 0x00, 0x02,
    0xE0, 0x00, 0x0B, 0x80, 0x00, 0x2E, 0x00, 0x00, 0xB8, 0x00, 0x02, 0xE0, 0x00, 0x0B, 0x80, 0x00,
    0x2E, 0x00, 0x00, 0xB8, 0x00, 0x02, 0xE0, 0x00, 0x0B, 0x80, 0x00, 0x2E, 0x00, 0x00, 0xBF, 0xFF,
    0xF6, 0xFF, 0xFF, 0xD0, 0x7F, 0x00, 0x00, 0x03, 0xF2, 0xFD, 0x00, 0x00, 0x2F, 0xDB, 0xF8, 0x00,
    0x00, 0xFF, 0x6E, 0xF0, 0x00, 0x07, 0xBD, 0xB7, 0xD0, 0x00, 0x2D, 0xF6, 0xD7, 0xC0, 0x00, 0xF3,
    0xDB, 0x4F, 0x00, 0x07, 0x8F, 0x6E, 0x2E, 0x00, 0x3C, 0x3D, 0xB8, 0x7C, 0x01, 0xF0, 0xF6, 0xE0,
    0xF4, 0x0B, 0x43, 0xDB, 0x82, 0xE0, 0x3C, 0x0F, 0x6E, 0x03, 0xC1, 0xE0, 0x3D, 0xB8, 0x0F, 0x4F,
    0x40, 0xF6, 0xE0, 0x1F, 0x3C, 0x03, 0xDB, 0x80, 0x3E, 0xD0, 0x0F, 0x6E, 0x00, 0xBF, 0x00, 0x3D,
    0xB8, 0x01, 0xF8, 0x00, 0xF6, 0xE0, 0x03, 0xD0, 0x03, 0xD0, 0x7D, 0x00, 0x00, 0x76, 0xFC, 0x00,
    0x02, 0xEB, 0xF8, 0x00, 0x0B, 0xAE, 0xF0, 0x00, 0x2E, 0xB6, 0xF0, 0x00, 0xBA, 0xD3, 0xD0, 0x02,
    0xEB, 0x47, 0xC0, 0x0B, 0xAD, 0x0F, 0xC0, 0x2E, 0xB8, 0x0F, 0x40, 0xBA, 0xE0, 0x2F, 0x02, 0xEB,
    0x80, 0x3E, 0x0B, 0xAE, 0x00, 0x3D, 0x2E, 0xB8, 0x00, 0xBC, 0x7A, 0xE0, 0x00, 0xF9, 0xEB, 0x80,
    0x01, 0xFB, 0xAE, 0x00, 0x02, 0xFE, 0xB8, 0x00, 0x03, 0xFA, 0xE0, 0x00, 0x07, 0xE0, 0x00, 0x00,
    0x00, 0x00, 0x00, 0x0B, 0xFF, 0xD0, 0x00, 0x1F, 0xFF, 0xFF, 0x00, 0x1F, 0x80, 0x07, 0xF0, 0x0F,
    0x80, 0x00, 0x3E, 0x0B, 0xC0, 0x00, 0x07, 0xC3, 0xD0, 0x00, 0x00, 0xF8, 0xF0, 0x00, 0x00, 0x2F,
    0x7C, 0x00, 0x00, 0x07, 0xDF, 0x00, 0x00, 0x01, 0xF7, 0xC0, 0x00, 0x00, 0x7D, 0xF0, 0x00, 0x00,
    0x1F, 0x7C, 0x00, 0x00, 0x0B, 0xCF, 0x40, 0x00, 0x03, 0xE2, 0xF0, 0x00, 0x01, 0xF0, 0x7D, 0x00,
    0x00, 0xF8, 0x0B, 0xE0, 0x01, 0xFC, 0x00, 0xBF, 0xEB, 0xFC, 0x00, 0x06, 0xFF, 0xF8, 0x00, 0x00,
    0x00, 0x00, 0x00, 0x7F, 0xFE, 0x40, 0xBF, 0xFF, 0xF4, 0xB8, 0x01, 0xFC, 0xB8, 0x00, 0x3E, 0xB8,
    0x00, 0x2F, 0xB8, 0x00, 0x1F, 0xB8, 0x00, 0x2E, 0xB8, 0x00, 0x3D, 0xB8, 0x01, 0xFC, 0xBF, 0xFF,
    0xF0, 0xBF, 0xFE, 0x40, 0xB8, 0x00, 0x00, 0xB8, 0x00, 0x00, 0xB8, 0x00, 0x00, 0xB8, 0x00, 0x00,
    0xB8, 0x00, 0x00, 0xB8, 0x00, 0x00, 0xB8, 0x00, 0x00, 0x00, 0x00, 0x00, 0x00, 0x00, 0x0B, 0xFF,
    0xD0, 0x00, 0x1F, 0xFF, 0xFF, 0x00, 0x1F, 0x80, 0x07, 0xF0, 0x0F, 0x80, 0x00, 0x3E, 0x0B, 0xC0,
    0x00, 0x07, 0xC3, 0xD0, 0x00, 0x00, 0xF8, 0xF0, 0x00, 0x00, 0x2F, 0x7C, 0x00, 0x00, 0x07, 0xDF,
    0x00, 0x00, 0x01, 0xF7, 0xC0, 0x00, 0x00, 0x7D, 0xF0, 0x00, 0x00, 0x1F, 0x7C, 0x00, 0x00, 0x0B,
    0xCF, 0x40, 0x00, 0x03, 0xE2, 0xF0, 0x00, 0x01, 0xF0, 0x7D, 0x00, 0x00, 0xFC, 0x0B, 0xE0, 0x01,
    0xFC, 0x00, 0xBF, 0xEB, 0xFC, 0x00, 0x06, 0xFF, 0xF8, 0x00, 0x00, 0x00, 0x7D, 0x00, 0x00, 0x00,
    0x0B, 0xD0, 0x00, 0x00, 0x00, 0xBD, 0x00, 0x00, 0x00, 0x0F, 0xD0, 0x00, 0x00, 0x00, 0x50, 0x7F,
    0xFE, 0x40, 0x0B, 0xFF, 0xFF, 0x40, 0xB8, 0x01, 0xFC, 0x0B, 0x80, 0x03, 0xE0, 0xB8, 0x00, 0x2F,
    0x0B, 0x80, 0x01, 0xF0, 0xB8, 0x00, 0x2E, 0x0B, 0x80, 0x03, 0xD0, 0xBD, 0x56, 0xF8, 0x0B, 0xFF,
    0xFD, 0x00, 0xBE, 0xAF, 0x80, 0x0B, 0x80, 0x7C, 0x00, 0xB8, 0x02, 0xF0, 0x0B, 0x80, 0x0F, 0x40,
    0xB8, 0x00, 0xBC, 0x0B, 0x80, 0x03, 0xE0, 0xB8, 0x00, 0x1F, 0x4B, 0x80, 0x00, 0xBC, 0x00, 0x00,
    0x00, 0x02, 0xFF, 0xE4, 0x1F, 0xFF, 0xFC, 0x3E, 0x00, 0x14, 0x7C, 0x00, 0x00, 0x7C, 0x00, 0x00,
    0x7C, 0x00, 0x00, 0x3E, 0x00, 0x00, 0x2F, 0xD0, 0x00, 0x07, 0xFE, 0x00, 0x00, 0xBF, 0xE0, 0x00,
    0x07, 0xF8, 0x00, 0x00, 0x7D, 0x00, 0x00, 0x3D, 0x00, 0x00, 0x2E, 0x00, 0x00, 0x3D, 0x50, 0x00,
    0xBC, 0xBF, 0xAF, 0xF4, 0x7F, 0xFF, 0x80, 0x00, 0x00, 0x00, 0xBF, 0xFF, 0xFF, 0xEF, 0xFF, 0xFF,
    0xFE, 0x00, 0x1F, 0x00, 0x00, 0x00, 0xF0, 0x00, 0x00, 0x0F, 0x00, 0x00, 0x00, 0xF0, 0x00, 0x00,
    0x0F, 0x00, 0x00, 0x00, 0xF0, 0x00, 0x00, 0x0F, 0x00, 0x00, 0x00, 0xF0, 0x00, 0x00, 0x0F, 0x00,
    0x00, 0x00, 0xF0, 0x00, 0x00, 0x0F, 0x00, 0x00, 0x00, 0xF0, 0x00, 0x00, 0x0F, 0x00, 0x00, 0x00,
    0xF0, 0x00, 0x00, 0x0F, 0x00, 0x00, 0x00, 0xF0, 0x00, 0xB4, 0x00, 0x00, 0xFF, 0x80, 0x00, 0x0F,
    0xF8, 0x00, 0x00, 0xFF, 0x80, 0x00, 0x0F, 0xF8, 0x00, 0x00, 0xFF, 0x80, 0x00, 0x0F, 0xF8, 0x00,
    0x00, 0xFF, 0x80, 0x00, 0x0F, 0xF8, 0x00, 0x00, 0xFF, 0x80, 0x00, 0x0F, 0xF8, 0x00, 0x00, 0xFF,
    0x80, 0x00, 0x0F, 0xB8, 0x00, 0x01, 0xFB, 0xC0, 0x00, 0x1F, 0x3C, 0x00, 0x03, 0xD2, 0xF4, 0x00,
    0xFC, 0x0F, 0xFA, 0xFF, 0x00, 0x2F, 0xFF, 0x80, 0x00, 0x00, 0x00, 0x00, 0xB4, 0x00, 0x00, 0x7A,
    0xF0, 0x00, 0x03, 0xE3, 0xC0, 0x00, 0x0F, 0x0F, 0x80, 0x00, 0xBC, 0x1F, 0x00, 0x03, 0xD0, 0x3C,
    0x00, 0x1F, 0x00, 0xB8, 0x00, 0xB8, 0x01, 0xF0, 0x03, 0xD0, 0x03, 0xD0, 0x1F, 0x00, 0x0B, 0x80,
    0xB8, 0x00, 0x1F, 0x03, 0xD0, 0x00, 0x3D, 0x1F, 0x00, 0x00, 0xB8, 0xB8, 0x00, 0x00, 0xF3, 0xC0,
    0x00, 0x03, 0xEF, 0x00, 0x00, 0x0B, 0xF8, 0x00, 0x00, 0x0F, 0xC0, 0x00, 0x00, 0x3F, 0x00, 0x00,
    0xB8, 0x00, 0x0B, 0x80, 0x00, 0x79, 0xF0, 0x00, 0x3F, 0x00, 0x03, 0xE3, 0xD0, 0x01, 0xFD, 0x00,
    0x0F, 0x4F, 0x80, 0x0B, 0xB8, 0x00, 0x7C, 0x2F, 0x00, 0x3D, 0xF0, 0x02, 0xF0, 0x7C, 0x00, 0xF3,
    0xD0, 0x0F, 0x80, 0xF4, 0x07, 0x8B, 0x80, 0x3C, 0x03, 0xE0, 0x3D, 0x0F, 0x01, 0xF0, 0x07, 0xC0,
    0xF0, 0x3C, 0x0B, 0x80, 0x0F, 0x07, 0xC0, 0xB8, 0x3D, 0x00, 0x3D, 0x2D, 0x01, 0xF0, 0xF0, 0x00,
    0xB8, 0xF0, 0x03, 0xC7, 0xC0, 0x01, 0xF3, 0xC0, 0x0B, 0x6E, 0x00, 0x03, 0xDE, 0x00, 0x1E, 0xB4,
    0x00, 0x0F, 0xB4, 0x00, 0x3F, 0xC0, 0x00, 0x2F, 0xC0, 0x00, 0xFF, 0x00, 0x00, 0x7E, 0x00, 0x02,
    0xF8, 0x00, 0x00, 0xF4, 0x00, 0x03, 0xD0, 0x00, 0x3C, 0x00, 0x01, 0xE0, 0xBC, 0x00, 0x0F, 0x40,
    0xF4, 0x00, 0xB8, 0x01, 0xF0, 0x07, 0xC0, 0x02, 0xE0, 0x3D, 0x00, 0x03, 0xD2, 0xE0, 0x00, 0x07,
    0xDF, 0x00, 0x00, 0x0F, 0xF4, 0x00, 0x00, 0x0F, 0xC0, 0x00, 0x00, 0x7F, 0x00, 0x00, 0x03, 0xEF,
    0x00, 0x00, 0x3E, 0x3D, 0x00, 0x01, 0xF0, 0x7C, 0x00, 0x0F, 0x40, 0xB8, 0x00, 0xB8, 0x00, 0xF4,
    0x07, 0xC0, 0x02, 0xF0, 0x3D, 0x00, 0x03, 0xE2, 0xF0, 0x00, 0x07, 0xC0, 0xB8, 0x00, 0x01, 0xF1,
    0xF0, 0x00, 0x0F, 0x42, 0xE0, 0x00, 0xBC, 0x03, 0xC0, 0x03, 0xD0, 0x0B, 0x80, 0x2F, 0x00, 0x0F,
    0x40, 0xF0, 0x00, 0x2F, 0x0B, 0x80, 0x00, 0x3D, 0x3C, 0x00, 0x00, 0x7E, 0xE0, 0x00, 0x00, 0xFF,
    0x00, 0x00, 0x01, 0xF8, 0x00, 0x00, 0x03, 0xC0, 0x00, 0x00, 0x0F, 0x00, 0x00, 0x00, 0x3C, 0x00,
    0x00, 0x00, 0xF0, 0x00, 0x00, 0x03, 0xC0, 0x00, 0x00, 0x0F, 0x00, 0x00, 0x00, 0x3C, 0x00, 0x00,
    0x2F, 0xFF, 0xFF, 0xC3, 0xFF, 0xFF, 0xFC, 0x00, 0x00, 0x0F, 0x80, 0x00, 0x02, 0xF0, 0x00, 0x00,
    0x3D, 0x00, 0x00, 0x0F, 0x80, 0x00, 0x02, 0xF0, 0x00, 0x00, 0x3D, 0x00, 0x00, 0x0F, 0x80, 0x00,
    0x02, 0xF0, 0x00, 0x00, 0x3D, 0x00, 0x00, 0x0F, 0x80, 0x00, 0x02, 0xF0, 0x00, 0x00, 0x3D, 0x00,
    0x00, 0x0F, 0x80, 0x00, 0x02, 0xF0, 0x00, 0x00, 0x3F, 0xFF, 0xFF, 0xD3, 0xFF, 0xFF, 0xFD, 0xFF,
    0xEF, 0xFE, 0xF0, 0x0F, 0x00, 0xF0, 0x0F, 0x00, 0xF0, 0x0F, 0x00, 0xF0, 0x0F, 0x00, 0xF0, 0x0F,
    0x00, 0xF0, 0x0F, 0x00, 0xF0, 0x0F, 0x00, 0xF0, 0x0F, 0x00, 0xF0, 0x0F, 0x00, 0xFF, 0xEF, 0xFE,
    0xB4, 0x00, 0x07, 0xC0, 0x00, 0x3D, 0x00, 0x02, 0xE0, 0x00, 0x0F, 0x00, 0x00, 0xF4, 0x00, 0x07,
    0xC0, 0x00, 0x3C, 0x00, 0x02, 0xE0, 0x00, 0x1F, 0x00, 0x00, 0xF4, 0x00, 0x0B, 0x80, 0x00, 0x3C,
    0x00, 0x03, 0xD0, 0x00, 0x1F, 0x00, 0x00, 0xF0, 0x00, 0x0B, 0x80, 0x00, 0x7C, 0x7F, 0xF1, 0xFF,
    0xC0, 0x0F, 0x00, 0x3C, 0x00, 0xF0, 0x03, 0xC0, 0x0F, 0x00, 0x3C, 0x00, 0xF0, 0x03, 0xC0, 0x0F,
    0x00, 0x3C, 0x00, 0xF0, 0x03, 0xC0, 0x0F, 0x00, 0x3C, 0x00, 0xF0, 0x03, 0xC0, 0x0F, 0x00, 0x3C,
    0x7F, 0xF1, 0xFF, 0xC0, 0x00, 0x0E, 0x00, 0x00, 0x01, 0xF4, 0x00, 0x00, 0x3F, 0xC0, 0x00, 0x07,
    0x6D, 0x00, 0x00, 0xF0, 0xF0, 0x00, 0x1E, 0x0B, 0x40, 0x03, 0xC0, 0x3C, 0x00, 0x78, 0x02, 0xD0,
    0x0B, 0x00, 0x0F, 0x00, 0xE0, 0x00, 0xB4, 0x2D, 0x00, 0x03, 0xC1, 0x40, 0x00, 0x04, 0x3F, 0xFF,
    0xFF, 0x0F, 0xFF, 0xFF, 0xC0, 0x00, 0x0B, 0xC0, 0x3E, 0x00, 0xF4, 0x02, 0x80, 0x00, 0x6A, 0x40,
    0x3F, 0xFF, 0xC0, 0xE4, 0x1F, 0x80, 0x00, 0x1F, 0x00, 0x00, 0x3C, 0x00, 0x00, 0xF0, 0x2F, 0xFF,
    0xCB, 0xFA, 0xAF, 0x7D, 0x00, 0x3F, 0xE0, 0x00, 0xFF, 0x40, 0x0B, 0xEF, 0x00, 0x7F, 0x7F, 0xAF,
    0xBC, 0x7F, 0xF4, 0xB0, 0x00, 0x00, 0x00, 0xF4, 0x00, 0x00, 0xF4, 0x00, 0x00, 0xF4, 0x00, 0x00,
    0xF4, 0x00, 0x00, 0xF4, 0x00, 0x00, 0xF4, 0x6A, 0x40, 0xF7, 0xFF, 0xE0, 0xFF, 0x41, 0xFC, 0xFC,
    0x00, 0x3D, 0xF8, 0x00, 0x2E, 0xF4, 0x00, 0x1F, 0xF4, 0x00, 0x1F, 0xF4, 0x00, 0x1F, 0xF4, 0x00,
    0x1F, 0xF8, 0x00, 0x2F, 0xFC, 0x00, 0x3E, 0xFD, 0x00, 0xBC, 0xFB, 0xEB, 0xF4, 0xF1, 0xFF, 0xD0,
    0x00, 0x00, 0x00, 0x00, 0x6A, 0x40, 0x1F, 0xFF, 0xC0, 0xFD, 0x5A, 0x0F, 0x80, 0x00, 0x3C, 0x00,
    0x01, 0xF0, 0x00, 0x0B, 0x80, 0x00, 0x2E, 0x00, 0x00, 0xB8, 0x00, 0x01, 0xF0, 0x00, 0x03, 0xD0,
    0x00, 0x0B, 0xC0, 0x00, 0x0F, 0xFA, 0xF0, 0x0B, 0xFF, 0x80, 0x00, 0x00, 0x00, 0x00, 0x00, 0x0F,
    0x40, 0x00, 0x03, 0xD0, 0x00, 0x00, 0xF4, 0x00, 0x00, 0x3D, 0x00, 0x00, 0x0F, 0x40, 0x1A, 0x43,
    0xD0, 0x7F, 0xFD, 0xF4, 0x7E, 0x47, 0xFD, 0x3E, 0x00, 0x3F, 0x5F, 0x00, 0x07, 0xD7, 0xC0, 0x00,
    0xF6, 0xE0, 0x00, 0x3D, 0xB8, 0x00, 0x0F, 0x6E, 0x00, 0x03, 0xD7, 0xC0, 0x00, 0xF4, 0xF0, 0x00,
    0x7D, 0x3F, 0x00, 0x3F, 0x43, 0xFA, 0xBF, 0xD0, 0x2F, 0xF8, 0xB4, 0x00, 0x00, 0x00, 0x00, 0x6A,
    0x40, 0x07, 0xFF, 0xE0, 0x0F, 0x91, 0xF8, 0x3E, 0x00, 0x3D, 0x3C, 0x00, 0x2E, 0x7C, 0x00, 0x2F,
    0xBF, 0xFF, 0xFF, 0xBE, 0xAA, 0xAA, 0xB8, 0x00, 0x00, 0x7C, 0x00, 0x00, 0x3D, 0x00, 0x00, 0x2F,
    0x40, 0x04, 0x0F, 0xFA, 0xBC, 0x01, 0xFF, 0xF8, 0x00, 0x00, 0x00, 0x00, 0x00, 0x00, 0x07, 0xFD,
    0x01, 0xFE, 0xD0, 0x3D, 0x00, 0x03, 0xC0, 0x00, 0x7C, 0x00, 0x0B, 0xD5, 0x0B, 0xFF, 0xF4, 0x17,
    0xD5, 0x00, 0x7C, 0x00, 0x07, 0xC0, 0x00, 0x7C, 0x00, 0x07, 0xC0, 0x00, 0x7C, 0x00, 0x07, 0xC0,
    0x00, 0x7C, 0x00, 0x07, 0xC0, 0x00, 0x7C, 0x00, 0x07, 0xC0, 0x00, 0x7C, 0x00, 0x00, 0x69, 0x01,
    0x01, 0xFF, 0xF6, 0xD1, 0xF9, 0x1F, 0xF4, 0xF8, 0x00, 0xFD, 0x7C, 0x00, 0x1F, 0x5F, 0x00, 0x03,
    0xDB, 0x80, 0x00, 0xF6, 0xE0, 0x00, 0x3D, 0xB8, 0x00, 0x0F, 0x5F, 0x00, 0x03, 0xD3, 0xC0, 0x01,
    0xF4, 0xFC, 0x00, 0xFD, 0x0F, 0xEA, 0xFF, 0x40, 0xBF, 0xE3, 0xD0, 0x00, 0x00, 0xF0, 0x00, 0x00,
    0x3C, 0x00, 0x00, 0x1F, 0x05, 0x00, 0x1F, 0x82, 0xFF, 0xFF, 0x80, 0x2F, 0xFE, 0x40, 0xF4, 0x00,
    0x00, 0xF4, 0x00, 0x00, 0xF4, 0x00, 0x00, 0xF4, 0x00, 0x00, 0xF4, 0x00, 0x00, 0xF4, 0x2A, 0x40,
    0xF6, 0xFF, 0xF0, 0xFF, 0x51, 0xFC, 0xFC, 0x00, 0x3C, 0xF8, 0x00, 0x3D, 0xF4, 0x00, 0x3D, 0xF4,
    0x00, 0x3D, 0xF4, 0x00, 0x3D, 0xF4, 0x00, 0x3D, 0xF4, 0x00, 0x3D, 0xF4, 0x00, 0x3D, 0xF4, 0x00,
    0x3D, 0xF4, 0x00, 0x3D, 0xF4, 0x00, 0x3D, 0x04, 0x3D, 0x3D, 0x04, 0x00, 0x14, 0x3D, 0x3D, 0x3D,
    0x3D, 0x3D, 0x3D, 0x3D, 0x3D, 0x3D, 0x3D, 0x3D, 0x3D, 0x3D, 0x00, 0x10, 0x03, 0xD0, 0x0F, 0x40,
    0x04, 0x00, 0x00, 0x01, 0x40, 0x0F, 0x40, 0x3D, 0x00, 0xF4, 0x03, 0xD0, 0x0F, 0x40, 0x3D, 0x00,
    0xF4, 0x03, 0xD0, 0x0F, 0x40, 0x3D, 0x00, 0xF4, 0x03, 0xD0, 0x0F, 0x40, 0x3D, 0x00, 0xF4, 0x03,
    0xD0, 0x1F, 0x1F, 0xF8, 0x7F, 0x80, 0xF4, 0x00, 0x00, 0xF4, 0x00, 0x00, 0xF4, 0x00, 0x00, 0xF4,
    0x00, 0x00, 0xF4, 0x00, 0x00, 0xF4, 0x00, 0x50, 0xF4, 0x02, 0xF0, 0xF4, 0x0B, 0xC0, 0xF4, 0x2F,
    0x00, 0xF4, 0xBC, 0x00, 0xF5, 0xF0, 0x00, 0xF7, 0xE0, 0x00, 0xFF, 0xF0, 0x00, 0xFC, 0xBC, 0x00,
    0xF4, 0x3E, 0x00, 0xF4, 0x0F, 0x40, 0xF4, 0x07, 0xC0, 0xF4, 0x02, 0xF0, 0xF4, 0x00, 0xF8, 0xF7,
    0xDF, 0x7D, 0xF7, 0xDF, 0x7D, 0xF7, 0xDF, 0x7D, 0xF7, 0xDF, 0x7D, 0xF7, 0xDF, 0x40, 0x50, 0x6A,
    0x40, 0x1A, 0x40, 0xF3, 0xFF, 0xE2, 0xFF, 0xF0, 0xFF, 0x46, 0xFB, 0x91, 0xFC, 0xFC, 0x00, 0xBE,
    0x00, 0x3C, 0xF8, 0x00, 0x7C, 0x00, 0x3D, 0xF4, 0x00, 0x7C, 0x00, 0x3D, 0xF4, 0x00, 0x7C, 0x00,
    0x3D, 0xF4, 0x00, 0x7C, 0x00, 0x3D, 0xF4, 0x00, 0x7C, 0x00, 0x3D, 0xF4, 0x00, 0x7C, 0x00, 0x3D,
    0xF4, 0x00, 0x7C, 0x00, 0x3D, 0xF4, 0x00, 0x7C, 0x00, 0x3D, 0xF4, 0x00, 0x7C, 0x00, 0x3D, 0xF4,
    0x00, 0x7C, 0x00, 0x3D, 0x50, 0x6A, 0x40, 0xF2, 0xFF, 0xF0, 0xFF, 0x51, 0xFC, 0xFC, 0x00, 0x3C,
    0xF8, 0x00, 0x3D, 0xF4, 0x00, 0x3D, 0xF4, 0x00, 0x3D, 0xF4, 0x00, 0x3D, 0xF4, 0x00, 0x3D, 0xF4,
    0x00, 0x3D, 0xF4, 0x00, 0x3D, 0xF4, 0x00, 0x3D, 0xF4, 0x00, 0x3D, 0xF4, 0x00, 0x3D, 0x00, 0x6A,
    0x40, 0x01, 0xFF, 0xFD, 0x00, 0xF9, 0x1B, 0xD0, 0xF8, 0x00, 0xBC, 0x3C, 0x00, 0x0F, 0x5F, 0x00,
    0x02, 0xEB, 0x80, 0x00, 0xBA, 0xE0, 0x00, 0x2F, 0xB8, 0x00, 0x0B, 0x9F, 0x00, 0x03, 0xE3, 0xD0,
    0x00, 0xF0, 0xBC, 0x00, 0xFC, 0x0F, 0xEA, 0xFC, 0x00, 0x7F, 0xF8, 0x00, 0x00, 0x00, 0x00, 0x50,
    0x6A, 0x40, 0xF3, 0xFF, 0xF0, 0xFF, 0x51, 0xFC, 0xFC, 0x00, 0x7D, 0xF8, 0x00, 0x2E, 0xF4, 0x00,
    0x1F, 0xF4, 0x00, 0x1F, 0xF4, 0x00, 0x1F, 0xF4, 0x00, 0x1F, 0xF8, 0x00, 0x2F, 0xFC, 0x00, 0x3E,
    0xFE, 0x00, 0xBC, 0xFB, 0xEB, 0xF4, 0xF5, 0xFF, 0xD0, 0xF4, 0x00, 0x00, 0xF4, 0x00, 0x00, 0xF4,
    0x00, 0x00, 0xF4, 0x00, 0x00, 0xF4, 0x00, 0x00, 0xF4, 0x00, 0x00, 0x00, 0x69, 0x01, 0x01, 0xFF,
    0xF6, 0xD1, 0xF9, 0x1F, 0xF4, 0xF8, 0x00, 0xFD, 0x7C, 0x00, 0x1F, 0x5F, 0x00, 0x03, 0xDB, 0x80,
    0x00, 0xF6, 0xE0, 0x00, 0x3D, 0xB8, 0x00, 0x0F, 0x5F, 0x00, 0x03, 0xD3, 0xC0, 0x01, 0xF4, 0xFC,
    0x00, 0xFD, 0x0F, 0xEA, 0xFF, 0x40, 0xBF, 0xE3, 0xD0, 0x00, 0x00, 0xF4, 0x00, 0x00, 0x3D, 0x00,
    0x00, 0x0F, 0x40, 0x00, 0x03, 0xD0, 0x00, 0x00, 0xF4, 0x00, 0x00, 0x3D, 0x50, 0x2A, 0xF1, 0xFF,
    0xF7, 0xD5, 0xFE, 0x00, 0xFC, 0x00, 0xF4, 0x00, 0xF4, 0x00, 0xF4, 0x00, 0xF4, 0x00, 0xF4, 0x00,
    0xF4, 0x00, 0xF4, 0x00, 0xF4, 0x00, 0xF4, 0x00, 0x01, 0xA9, 0x02, 0xFF, 0xFD, 0x7D, 0x06, 0xCB,
    0x40, 0x00, 0xB8, 0x00, 0x07, 0xE0, 0x00, 0x1F, 0xF4, 0x00, 0x2F, 0xF4, 0x00, 0x1F, 0xD0, 0x00,
    0x2E, 0x00, 0x01, 0xF4, 0x00, 0x2E, 0xBE, 0xAF, 0xC7, 0xFF, 0xE0, 0x00, 0x00, 0x00, 0x01, 0x00,
    0x00, 0xE0, 0x00, 0x78, 0x00, 0x7E, 0x54, 0xBF, 0xFF, 0x47, 0xE5, 0x40, 0xB8, 0x00, 0x2E, 0x00,
    0x0B, 0x80, 0x02, 0xE0, 0x00, 0xB8, 0x00, 0x2E, 0x00, 0x0B, 0x80, 0x02, 0xE0, 0x00, 0xBC, 0x00,
    0x0F, 0xE9, 0x01, 0xFF, 0x40, 0x00, 0x00, 0x14, 0x00, 0x05, 0x0F, 0x00, 0x03, 0xD3, 0xC0, 0x00,
    0xF4, 0xF0, 0x00, 0x3D, 0x3C, 0x00, 0x0F, 0x4F, 0x00, 0x03, 0xD3, 0xC0, 0x00, 0xF4, 0xF0, 0x00,
    0x3D, 0x3C, 0x00, 0x0F, 0x4F, 0x00, 0x03, 0xD3, 0xD0, 0x01, 0xF4, 0xBC, 0x00, 0xFD, 0x1F, 0xEA,
    0xFF, 0x41, 0xFF, 0xE2, 0xD0, 0x00, 0x00, 0x00, 0x50, 0x00, 0x05, 0x6E, 0x00, 0x03, 0xD7, 0xC0,
    0x01, 0xF0, 0xF4, 0x00, 0xB8, 0x2F, 0x00, 0x3C, 0x03, 0xC0, 0x1F, 0x00, 0xF4, 0x0F, 0x40, 0x1F,
    0x03, 0xC0, 0x03, 0xC1, 0xE0, 0x00, 0xB8, 0xF4, 0x00, 0x1F, 0x3C, 0x00, 0x03, 0xEE, 0x00, 0x00,
    0x7F, 0x00, 0x00, 0x0F, 0xC0, 0x00, 0x54, 0x00, 0x14, 0x00, 0x14, 0x7C, 0x00, 0xBD, 0x00, 0x3C,
    0x3C, 0x00, 0xFE, 0x00, 0x7C, 0x3D, 0x01, 0xEF, 0x00, 0xB8, 0x2E, 0x02, 0xDF, 0x00, 0xF4, 0x1F,
    0x03, 0xC7, 0x80, 0xF0, 0x0F, 0x03, 0xC3, 0xC1, 0xE0, 0x0F, 0x4B, 0x83, 0xC2, 0xD0, 0x0B, 0x8F,
    0x02, 0xD3, 0xC0, 0x07, 0xCF, 0x01, 0xF3, 0xC0, 0x03, 0xDE, 0x00, 0xF7, 0x80, 0x02, 0xFC, 0x00,
    0xBF, 0x40, 0x01, 0xFC, 0x00, 0x7F, 0x00, 0x00, 0xF8, 0x00, 0x3F, 0x00, 0x14, 0x00, 0x05, 0x0B,
    0xC0, 0x0B, 0xC0, 0xF4, 0x03, 0xC0, 0x1F, 0x03, 0xD0, 0x02, 0xF2, 0xF0, 0x00, 0x3E, 0xF0, 0x00,
    0x03, 0xF4, 0x00, 0x00, 0xFC, 0x00, 0x00, 0xBF, 0xC0, 0x00, 0x7C, 0xF8, 0x00, 0x3D, 0x0F, 0x40,
    0x3E, 0x01, 0xF0, 0x1F, 0x00, 0x2E, 0x0F, 0x40, 0x03, 0xD0, 0x50, 0x00, 0x05, 0x6E, 0x00, 0x03,
    0xD3, 0xC0, 0x01, 0xF0, 0xF4, 0x00, 0xB8, 0x1F, 0x00, 0x3D, 0x03, 0xD0, 0x1F, 0x00, 0xB8, 0x0B,
    0x80, 0x0F, 0x03, 0xC0, 0x03, 0xD1, 0xF0, 0x00, 0x78, 0xF4, 0x00, 0x0F, 0x3C, 0x00, 0x02, 0xEE,
    0x00, 0x00, 0x3F, 0x00, 0x00, 0x0F, 0xC0, 0x00, 0x03, 0xD0, 0x00, 0x00, 0xF0, 0x00, 0x00, 0xB8,
    0x00, 0x00, 0x7C, 0x00, 0x0B, 0xFD, 0x00, 0x02, 0xFD, 0x00, 0x00, 0x05, 0x55, 0x50, 0xBF, 0xFF,
    0xE0, 0x55, 0x5F, 0x40, 0x00, 0xB8, 0x00, 0x07, 0xC0, 0x00, 0x3D, 0x00, 0x03, 0xE0, 0x00, 0x1F,
    0x00, 0x00, 0xF0, 0x00, 0x0F, 0x40, 0x00, 0xBC, 0x00, 0x07, 0xC0, 0x00, 0x3F, 0xAA, 0xA8, 0xFF,
    0xFF, 0xF0, 0x00, 0x0A, 0x80, 0x1F, 0xE0, 0x0F, 0x80, 0x03, 0xC0, 0x01, 0xF0, 0x00, 0x7C, 0x00,
    0x1F, 0x00, 0x07, 0xC0, 0x01, 0xF0, 0x00, 0xF8, 0x07, 0xF4, 0x01, 0xFD, 0x00, 0x07, 0xE0, 0x00,
    0x7C, 0x00, 0x1F, 0x00, 0x07, 0xC0, 0x01, 0xF0, 0x00, 0x7C, 0x00, 0x0F, 0x00, 0x03, 0xE0, 0x00,
    0x7F, 0x80, 0x02, 0xE0, 0x3C, 0xF3, 0xCF, 0x3C, 0xF3, 0xCF, 0x3C, 0xF3, 0xCF, 0x3C, 0xF3, 0xCF,
    0x3C, 0xF3, 0xCF, 0x3C, 0xF3, 0xCF, 0x3C, 0x00, 0x39, 0x00, 0x0F, 0xF0, 0x00, 0x7D, 0x00, 0x0B,
    0x80, 0x01, 0xF0, 0x00, 0x7C, 0x00, 0x1F, 0x00, 0x07, 0xC0, 0x01, 0xF0, 0x00, 0x3D, 0x00, 0x02,
    0xF8, 0x00, 0xBF, 0x00, 0xF8, 0x00, 0x7C, 0x00, 0x1F, 0x00, 0x07, 0xC0, 0x01, 0xF0, 0x00, 0x7C,
    0x00, 0x2E, 0x00, 0x1F, 0x40, 0x3F, 0xC0, 0x0F, 0x40, 0x00, 0x05, 0x40, 0x00, 0x1F, 0xFE, 0x41,
    0xCF, 0x5B, 0xFF, 0xF1, 0x00, 0x1B, 0xE0, 0x18, 0x3F, 0x3F, 0x19, 0x00, 0x04, 0x1C, 0x1C, 0x2C,
    0x2C, 0x2D, 0x2D, 0x2D, 0x3D, 0x3D, 0x3E, 0x3E, 0x3E, 0x29, 0x00, 0x00, 0x00, 0x00, 0xF0, 0x00,
    0x03, 0xC0, 0x00, 0xBF, 0xF8, 0x0F, 0xFF, 0xF0, 0xBD, 0x00, 0x03, 0xC0, 0x00, 0x1F, 0x00, 0x00,
    0xB8, 0x00, 0x02, 0xE0, 0x00, 0x0B, 0x80, 0x00, 0x2E, 0x00, 0x00, 0x7C, 0x00, 0x00, 0xF4, 0x00,
    0x02, 0xF8, 0x06, 0x02, 0xFF, 0xFC, 0x01, 0xBF, 0x80, 0x00, 0xF0, 0x00, 0x03, 0xC0, 0x00, 0x00,
    0x00, 0x00, 0x00, 0x00, 0x00, 0x01, 0xFF, 0xE0, 0x00, 0xBF, 0xFF, 0x80, 0x1F, 0x40, 0x10, 0x02,
    0xE0, 0x00, 0x00, 0x2D, 0x00, 0x00, 0x02, 0xD0, 0x00, 0x00, 0x2D, 0x00, 0x00, 0x02, 0xD0, 0x00,
    0x02, 0xBF, 0xAA, 0x40, 0x3F, 0xFF, 0xF8, 0x00, 0x2D, 0x00, 0x00, 0x02, 0xD0, 0x00, 0x00, 0x2D,
    0x00, 0x00, 0x03, 0xD0, 0x00, 0x00, 0x3C, 0x00, 0x00, 0x0F, 0x40, 0x00, 0x03, 0xFF, 0xFF, 0xFD,
    0x3F, 0xFF, 0xFF, 0xD0, 0x00, 0x00, 0x00, 0x38, 0x6A, 0x1D, 0x2F, 0xFF, 0xFC, 0x0F, 0x40, 0xF4,
    0x1D, 0x00, 0x38, 0x2C, 0x00, 0x2C, 0x2C, 0x00, 0x2C, 0x2C, 0x00, 0x3C, 0x0F, 0x00, 0xB4, 0x1F,
    0xEB, 0xF8, 0x3D, 0xBF, 0x6D, 0x10, 0x00, 0x08, 0x78, 0x00, 0x02, 0xE3, 0xD0, 0x00, 0x3C, 0x1F,
    0x00, 0x0B, 0x80, 0xF4, 0x00, 0xF0, 0x07, 0xC0, 0x2E, 0x00, 0x3D, 0x03, 0xC0, 0x01, 0xF0, 0xB8,
    0x00, 0x0F, 0x4F, 0x00, 0x00, 0x3E, 0xD0, 0x00, 0x57, 0xFD, 0x50, 0x0B, 0xFF, 0xFF, 0x00, 0x00,
    0xF4, 0x00, 0x00, 0x0F, 0x00, 0x00, 0xBF, 0xFF, 0xF0, 0x0B, 0xFF, 0xFF, 0x00, 0x00, 0xF0, 0x00,
    0x00, 0x0F, 0x00, 0x00, 0x00, 0xF0, 0x00, 0x3C, 0xF3, 0xCF, 0x3C, 0xF3, 0xCF, 0x3C, 0x90, 0x00,
    0x00, 0x00, 0x09, 0x3C, 0xF3, 0xCF, 0x3C, 0xF3, 0xCF, 0x3C, 0x00, 0x00, 0x00, 0x00, 0x2F, 0xFF,
    0x42, 0xFA, 0xBE, 0x0F, 0x00, 0x00, 0x3C, 0x00, 0x00, 0xFC, 0x00, 0x00, 0xFF, 0x40, 0x03, 0xFF,
    0xD0, 0x3C, 0x0B, 0xE1, 0xE0, 0x03, 0xC7, 0x80, 0x0F, 0x0F, 0x40, 0x3C, 0x1F, 0xD2, 0xE0, 0x0B,
    0xFE, 0x00, 0x01, 0xFD, 0x00, 0x00, 0xBC, 0x00, 0x00, 0xF1, 0x00, 0x07, 0xCB, 0xEA, 0xBD, 0x0B,
    0xFF, 0x90, 0x00, 0x00, 0x00, 0x00, 0x00, 0x3C, 0x1E, 0x3C, 0x1E, 0x00, 0x00, 0x00, 0x00, 0x00,
    0x00, 0x00, 0x00, 0x6F, 0xFE, 0x00, 0x00, 0x0F, 0x94, 0x6F, 0x80, 0x00, 0xF0, 0x00, 0x07, 0xC0,
    0x0E, 0x00, 0x55, 0x03, 0xC0, 0xB0, 0x1F, 0xFE, 0x07, 0x43, 0x40, 0xF4, 0x14, 0x0B, 0x1C, 0x0B,
    0x40, 0x00, 0x1C, 0xB0, 0x3C, 0x00, 0x00, 0x37, 0x80, 0xF0, 0x00, 0x00, 0xEE, 0x03, 0xC0, 0x00,
    0x03, 0xAC, 0x0F, 0x00, 0x00, 0x0D, 0x70, 0x3D, 0x00, 0x00, 0x34, 0xD0, 0x7C, 0x00, 0x02, 0xC2,
    0xC0, 0xBF, 0xF8, 0x0E, 0x03, 0x80, 0x2A, 0x40, 0xF0, 0x07, 0x80, 0x00, 0x0F, 0x00, 0x07, 0xE4,
    0x06, 0xF0, 0x00, 0x01, 0xFF, 0xFD, 0x00, 0x00, 0x00, 0x00, 0x00, 0x00, 0x00, 0x00, 0x1F, 0xF8,
    0x19, 0x6D, 0x00, 0x0E, 0x06, 0xAE, 0x2E, 0x5E, 0x38, 0x0E, 0x38, 0x1E, 0x2F, 0xFE, 0x05, 0x40,
    0x00, 0x80, 0x20, 0x0F, 0x43, 0xD0, 0xB8, 0x2E, 0x0B, 0xC2, 0xF0, 0x7C, 0x1F, 0x03, 0xD0, 0xF4,
    0x03, 0xC1, 0xF0, 0x07, 0xC1, 0xF0, 0x0B, 0xC2, 0xF0, 0x0B, 0x82, 0xD0, 0x04, 0x01, 0x00, 0xAA,
    0xAA, 0xAA, 0xFF, 0xFF, 0xFF, 0x00, 0x00, 0x0F, 0x00, 0x00, 0x0F, 0x00, 0x00, 0x0F, 0x00, 0x00,
    0x0F, 0x00, 0x00, 0x0B, 0xAA, 0xA3, 0xFF, 0xC5, 0x55, 0x00, 0x00, 0x00, 0x00, 0x00, 0x00, 0x00,
    0x6F, 0xFE, 0x00, 0x00, 0x0F, 0x94, 0x6F, 0x80, 0x00, 0xF0, 0x00, 0x07, 0xC0, 0x0E, 0x05, 0x54,
    0x03, 0xC0, 0xB0, 0x3F, 0xFD, 0x07, 0x43, 0x40, 0xF1, 0xBC, 0x0B, 0x1C, 0x03, 0xC0, 0xF0, 0x1C,
    0xB0, 0x0F, 0x03, 0xC0, 0x37, 0x80, 0x3D, 0x6E, 0x00, 0xEE, 0x00, 0xFF, 0xE0, 0x03, 0xAC, 0x03,
    0xC7, 0x80, 0x0D, 0x70, 0x0F, 0x0F, 0x40, 0x34, 0xD0, 0x3C, 0x1F, 0x02, 0xC2, 0xC0, 0xF0, 0x2D,
    0x0E, 0x03, 0x82, 0x40, 0x24, 0xF0, 0x07, 0x80, 0x00, 0x0F, 0x00, 0x07, 0xE4, 0x06, 0xF0, 0x00,
    0x01, 0xFF, 0xFD, 0x00, 0x00, 0x00, 0x00, 0x00, 0x00, 0x2A, 0xAA, 0xAA, 0x93, 0xFF, 0xFF, 0xFE,
    0x00, 0x00, 0x02, 0xFE, 0x03, 0xD6, 0xE1, 0xD0, 0x2C, 0xB0, 0x07, 0x6C, 0x01, 0xD3, 0x80, 0xF0,
    0x7F, 0xF4, 0x01, 0x90, 0x00, 0x00, 0x2C, 0x00, 0x00, 0x0F, 0x00, 0x00, 0x03, 0xC0, 0x00, 0x00,
    0xF0, 0x00, 0x00, 0x3C, 0x00, 0x2F, 0xFF, 0xFF, 0xCF, 0xFF, 0xFF, 0xF0, 0x00, 0xF0, 0x00, 0x00,
    0x3C, 0x00, 0x00, 0x0F, 0x00, 0x00, 0x03, 0xC0, 0x00, 0x00, 0xF0, 0x00, 0x00, 0x00, 0x00, 0x2F,
    0xFF, 0xFF, 0xCF, 0xFF, 0xFF, 0xF0, 0x01, 0x40, 0x2F, 0xF8, 0x38, 0x2D, 0x00, 0x0E, 0x00, 0x0E,
    0x00, 0x2C, 0x00, 0xB4, 0x02, 0xD0, 0x0B, 0x40, 0x2D, 0x00, 0x7F, 0xFE, 0x2A, 0xA9, 0x01, 0x40,
    0x0B, 0xFE, 0x03, 0x42, 0xE0, 0x00, 0x38, 0x00, 0x1D, 0x02, 0xBE, 0x00, 0xBF, 0xC0, 0x00, 0x3C,
    0x00, 0x0F, 0x00, 0x03, 0xCB, 0xEB, 0xD0, 0xAF, 0x80, 0x00, 0x00, 0xF8, 0x2F, 0x07, 0xC0, 0xA0,
    0x00, 0x50, 0x00, 0x14, 0xF4, 0x00, 0x3D, 0xF4, 0x00, 0x3D, 0xF4, 0x00, 0x3D, 0xF4, 0x00, 0x3D,
    0xF4, 0x00, 0x3D, 0xF4, 0x00, 0x3D, 0xF4, 0x00, 0x3D, 0xF4, 0x00, 0x3D, 0xF4, 0x00, 0x3D, 0xF8,
    0x00, 0x3D, 0xFC, 0x00, 0xFD, 0xFF, 0xAB, 0xED, 0xFB, 0xFE, 0x1D, 0xF4, 0x00, 0x00, 0xF4, 0x00,
    0x00, 0xF4, 0x00, 0x00, 0xF4, 0x00, 0x00, 0xF4, 0x00, 0x00, 0xF4, 0x00, 0x00, 0x02, 0xFF, 0xFF,
    0x87, 0xFF, 0xF5, 0xE3, 0xFF, 0xF8, 0x29, 0xFF, 0xFE, 0x0A, 0xBF, 0xFF, 0x82, 0xAF, 0xFF, 0xE0,
    0xAB, 0xFF, 0xF8, 0x2A, 0xFF, 0xFE, 0x0A, 0x7F, 0xFF, 0x82, 0x8F, 0xFF, 0xE0, 0xA2, 0xFF, 0xF8,
    0x28, 0x2F, 0xFE, 0x0A, 0x00, 0x57, 0x82, 0x80, 0x00, 0xA0, 0xA0, 0x00, 0x28, 0x28, 0x00, 0x0A,
    0x0A, 0x00, 0x02, 0x82, 0x80, 0x00, 0xA0, 0xA0, 0x00, 0x28, 0x28, 0x00, 0x0A, 0x0A, 0x00, 0x02,
    0x82, 0x80, 0x00, 0xA0, 0xA0, 0x00, 0x00, 0x00, 0x00, 0x3E, 0x3F, 0x3E, 0x04, 0x0E, 0x01, 0xE0,
    0x07, 0xC0, 0x2D, 0x57, 0xCB, 0xE0, 0x00, 0x00, 0x2F, 0x0F, 0xF3, 0xCB, 0x00, 0xF0, 0x0F, 0x00,
    0xF0, 0x0F, 0x00, 0xF0, 0x0F, 0x00, 0xF0, 0x06, 0x00, 0x00, 0x01, 0xFE, 0x01, 0xE5, 0xF0, 0xE0,
    0x1D, 0x34, 0x03, 0x8D, 0x00, 0xE3, 0x80, 0x34, 0xB0, 0x2C, 0x0F, 0xFD, 0x00, 0x54, 0x00, 0x08,
    0x02, 0x00, 0x2E, 0x0F, 0x80, 0x0F, 0x43, 0xD0, 0x03, 0xD0, 0xF4, 0x01, 0xF0, 0x7C, 0x00, 0xB8,
    0x3E, 0x01, 0xF0, 0x7C, 0x07, 0xC1, 0xF0, 0x0F, 0x43, 0xD0, 0x3D, 0x0F, 0x40, 0x04, 0x01, 0x00,
    0x01, 0xF0, 0x00, 0x0E, 0x00, 0x2F, 0xC0, 0x00, 0xF0, 0x03, 0xDF, 0x00, 0x07, 0x40, 0x04, 0x3C,
    0x00, 0x3C, 0x00, 0x00, 0xF0, 0x02, 0xD0, 0x00, 0x03, 0xC0, 0x0E, 0x00, 0x00, 0x0F, 0x00, 0xF0,
    0x00, 0x00, 0x3C, 0x07, 0x40, 0xE0, 0x00, 0xF0, 0x3C, 0x0F, 0xC0, 0x03, 0xC2, 0xC0, 0xBF, 0x00,
    0x0B, 0x1E, 0x03, 0x7C, 0x00, 0x00, 0xF0, 0x38, 0xF0, 0x00, 0x07, 0x42, 0xC3, 0xC0, 0x00, 0x3C,
    0x1D, 0x0F, 0x00, 0x02, 0xC0, 0xFF, 0xFF, 0x40, 0x1E, 0x02, 0xAA, 0xF8, 0x00, 0xF0, 0x00, 0x03,
    0xC0, 0x0B, 0x40, 0x00, 0x0F, 0x00, 0x02, 0xE0, 0x00, 0x3C, 0x00, 0x3F, 0x80, 0x02, 0xD0, 0x03,
    0xDE, 0x00, 0x0E, 0x00, 0x04, 0x38, 0x00, 0xB0, 0x00, 0x00, 0xE0, 0x07, 0x80, 0x00, 0x03, 0x80,
    0x3C, 0x00, 0x00, 0x0E, 0x02, 0xD0, 0x00, 0x00, 0x38, 0x0E, 0x1F, 0xE0, 0x00, 0xE0, 0xF2, 0xFA,
    0xF0, 0x03, 0x87, 0x41, 0x02, 0xC0, 0x0E, 0x3C, 0x00, 0x0B, 0x00, 0x02, 0xD0, 0x00, 0x3C, 0x00,
    0x0E, 0x00, 0x02, 0xD0, 0x00, 0xF0, 0x00, 0x2D, 0x00, 0x07, 0x40, 0x02, 0xD0, 0x00, 0x3C, 0x00,
    0x2D, 0x00, 0x02, 0xC0, 0x02, 0xFA, 0xA0, 0x1E, 0x00, 0x0F, 0xFF, 0xC0, 0x00, 0x00, 0x00, 0x00,
    0x00, 0x1F, 0xF4, 0x00, 0x03, 0x80, 0x79, 0x7D, 0x00, 0x0B, 0x00, 0x00, 0x0E, 0x00, 0x1E, 0x00,
    0x00, 0x1E, 0x00, 0x3C, 0x00, 0x05, 0xBC, 0x00, 0xB4, 0x00, 0x0F, 0xF8, 0x00, 0xF0, 0x00, 0x00,
    0x2E, 0x02, 0xC0, 0x00, 0x00, 0x0F, 0x07, 0x80, 0xE0, 0x00, 0x0F, 0x0F, 0x03, 0xF0, 0xB9, 0x7D,
    0x2D, 0x0B, 0xF0, 0x7F, 0xF4, 0x38, 0x1D, 0xF0, 0x00, 0x00, 0xF0, 0x38, 0xF0, 0x00, 0x01, 0xD0,
    0xB0, 0xF0, 0x00, 0x03, 0xC1, 0xC0, 0xF0, 0x00, 0x0B, 0x43, 0xFF, 0xFD, 0x00, 0x0E, 0x02, 0xAA,
    0xF8, 0x00, 0x3C, 0x00, 0x00, 0xF0, 0x00, 0x74, 0x00, 0x00, 0xF0, 0x00, 0x18, 0x00, 0x00, 0xFC,
    0x00, 0x03, 0xF0, 0x00, 0x06, 0x40, 0x00, 0x00, 0x00, 0x00, 0x10, 0x00, 0x01, 0xD0, 0x00, 0x0B,
    0x00, 0x00, 0x7C, 0x00, 0x07, 0xD0, 0x00, 0x7D, 0x00, 0x07, 0xD0, 0x00, 0x3D, 0x00, 0x01, 0xF0,
    0x00, 0x07, 0x80, 0x00, 0x1F, 0x00, 0x00, 0x3F, 0x41, 0xB0, 0x7F, 0xFF, 0xD0, 0x2B, 0xE4, 0x00,
    0x00, 0x00, 0x00, 0x00, 0x00, 0x3E, 0x00, 0x00, 0x00, 0x0F, 0x40, 0x00, 0x00, 0x07, 0xC0, 0x00,
    0x00, 0x00, 0xE0, 0x00, 0x00, 0x00, 0x00, 0x00, 0x00, 0x03, 0xC0, 0x00, 0x00, 0x0B, 0xE0, 0x00,
    0x00, 0x0F, 0xF0, 0x00, 0x00, 0x1E, 0xB4, 0x00, 0x00, 0x3D, 0x78, 0x00, 0x00, 0x3C, 0x3C, 0x00,
    0x00, 0xB8, 0x2D, 0x00, 0x00, 0xF4, 0x1F, 0x00, 0x01, 0xF0, 0x0F, 0x40, 0x02, 0xE0, 0x0B, 0x80,
    0x03, 0xEA, 0xAB, 0xC0, 0x07, 0xFF, 0xFF, 0xD0, 0x0F, 0x95, 0x56, 0xF0, 0x1F, 0x00, 0x00, 0xF0,
    0x2E, 0x00, 0x00, 0xB8, 0x3C, 0x00, 0x00, 0x7C, 0x7C, 0x00, 0x00, 0x3D, 0xF4, 0x00, 0x00, 0x2F,
    0x00, 0x00, 0x00, 0x00, 0x00, 0x00, 0x7D, 0x00, 0x00, 0x00, 0xF8, 0x00, 0x00, 0x02, 0xE0, 0x00,
    0x00, 0x03, 0x40, 0x00, 0x00, 0x00, 0x00, 0x00, 0x00, 0x03, 0xC0, 0x00, 0x00, 0x0B, 0xE0, 0x00,
    0x00, 0x0F, 0xF0, 0x00, 0x00, 0x1E, 0xB4, 0x00, 0x00, 0x3D, 0x78, 0x00, 0x00, 0x3C, 0x3C, 0x00,
    0x00, 0xB8, 0x2D, 0x00, 0x00, 0xF4, 0x1F, 0x00, 0x01, 0xF0, 0x0F, 0x40, 0x02, 0xE0, 0x0B, 0x80,
    0x03, 0xEA, 0xAB, 0xC0, 0x07, 0xFF, 0xFF, 0xD0, 0x0F, 0x95, 0x56, 0xF0, 0x1F, 0x00, 0x00, 0xF0,
    0x2E, 0x00, 0x00, 0xB8, 0x3C, 0x00, 0x00, 0x7C, 0x7C, 0x00, 0x00, 0x3D, 0xF4, 0x00, 0x00, 0x2F,
    0x00, 0x00, 0x00, 0x00, 0x00, 0x0B, 0xD0, 0x00, 0x00, 0x1F, 0xF4, 0x00, 0x00, 0x7C, 0x3C, 0x00,
    0x00, 0xE0, 0x0B, 0x00, 0x00, 0x00, 0x00, 0x00, 0x00, 0x03, 0xC0, 0x00, 0x00, 0x0B, 0xE0, 0x00,
    0x00, 0x0F, 0xF0, 0x00, 0x00, 0x1E, 0xB4, 0x00, 0x00, 0x3D, 0x78, 0x00, 0x00, 0x3C, 0x3C, 0x00,
    0x00, 0xB8, 0x2D, 0x00, 0x00, 0xF4, 0x1F, 0x00, 0x01, 0xF0, 0x0F, 0x40, 0x02, 0xE0, 0x0B, 0x80,
    0x03, 0xEA, 0xAB, 0xC0, 0x07, 0xFF, 0xFF, 0xD0, 0x0F, 0x95, 0x56, 0xF0, 0x1F, 0x00, 0x00, 0xF0,
    0x2E, 0x00, 0x00, 0xB8, 0x3C, 0x00, 0x00, 0x7C, 0x7C, 0x00, 0x00, 0x3D, 0xF4, 0x00, 0x00, 0x2F,
    0x00, 0x04, 0x01, 0x00, 0x00, 0xBF, 0x43, 0x40, 0x01, 0xEB, 0xFF, 0x00, 0x01, 0x80, 0x78, 0x00,
    0x00, 0x00, 0x00, 0x00, 0x00, 0x03, 0xC0, 0x00, 0x00, 0x0B, 0xE0, 0x00, 0x00, 0x0F, 0xF0, 0x00,
    0x00, 0x1E, 0xB4, 0x00, 0x00, 0x3D, 0x78, 0x00, 0x00, 0x3C, 0x3C, 0x00, 0x00, 0xB8, 0x2D, 0x00,
    0x00, 0xF4, 0x1F, 0x00, 0x01, 0xF0, 0x0F, 0x40, 0x02, 0xE0, 0x0B, 0x80, 0x03, 0xEA, 0xAB, 0xC0,
    0x07, 0xFF, 0xFF, 0xD0, 0x0F, 0x95, 0x56, 0xF0, 0x1F, 0x00, 0x00, 0xF0, 0x2E, 0x00, 0x00, 0xB8,
    0x3C, 0x00, 0x00, 0x7C, 0x7C, 0x00, 0x00, 0x3D, 0xF4, 0x00, 0x00, 0x2F, 0x00, 0x00, 0x00, 0x00,
    0x00, 0x78, 0x3D, 0x00, 0x00, 0x78, 0x2D, 0x00, 0x00, 0x00, 0x00, 0x00, 0x00, 0x00, 0x00, 0x00,
    0x00, 0x03, 0xC0, 0x00, 0x00, 0x0B, 0xE0, 0x00, 0x00, 0x0F, 0xF0, 0x00, 0x00, 0x1E, 0xB4, 0x00,
    0x00, 0x3D, 0x78, 0x00, 0x00, 0x3C, 0x3C, 0x00, 0x00, 0xB8, 0x2D, 0x00, 0x00, 0xF4, 0x1F, 0x00,
    0x01, 0xF0, 0x0F, 0x40, 0x02, 0xE0, 0x0B, 0x80, 0x03, 0xEA, 0xAB, 0xC0, 0x07, 0xFF, 0xFF, 0xD0,
    0x0F, 0x95, 0x56, 0xF0, 0x1F, 0x00, 0x00, 0xF0, 0x2E, 0x00, 0x00, 0xB8, 0x3C, 0x00, 0x00, 0x7C,
    0x7C, 0x00, 0x00, 0x3D, 0xF4, 0x00, 0x00, 0x2F, 0x00, 0x01, 0x40, 0x00, 0x00, 0x0F, 0xF0, 0x00,
    0x00, 0x28, 0x38, 0x00, 0x00, 0x38, 0x28, 0x00, 0x00, 0x1D, 0xB4, 0x00, 0x00, 0x0B, 0xE0, 0x00,
    0x00, 0x0B, 0xE0, 0x00, 0x00, 0x0F, 0xF0, 0x00, 0x00, 0x1E, 0xB4, 0x00, 0x00, 0x3D, 0x78, 0x00,
    0x00, 0x3C, 0x3C, 0x00, 0x00, 0xB8, 0x2D, 0x00, 0x00, 0xF4, 0x1F, 0x00, 0x01, 0xF0, 0x0F, 0x40,
    0x02, 0xE0, 0x0B, 0x80, 0x03, 0xEA, 0xAB, 0xC0, 0x07, 0xFF, 0xFF, 0xD0, 0x0F, 0x95, 0x56, 0xF0,
    0x1F, 0x00, 0x00, 0xF0, 0x2E, 0x00, 0x00, 0xB8, 0x3C, 0x00, 0x00, 0x7C, 0x7C, 0x00, 0x00, 0x3D,
    0xF4, 0x00, 0x00, 0x2F, 0x00, 0x00, 0x2F, 0xFF, 0xFF, 0xD0, 0x00, 0x03, 0xFF, 0xFF, 0xFE, 0x00,
    0x00, 0xB8, 0xF8, 0x00, 0x00, 0x00, 0x0F, 0x0F, 0x40, 0x00, 0x00, 0x02, 0xE0, 0xF4, 0x00, 0x00,
    0x00, 0x3C, 0x0F, 0x40, 0x00, 0x00, 0x0B, 0x80, 0xF4, 0x00, 0x00, 0x00, 0xF4, 0x0F, 0x95, 0x54,
    0x00, 0x2F, 0x00, 0xFF, 0xFF, 0xC0, 0x03, 0xD0, 0x0F, 0xEA, 0xA8, 0x00, 0x7E, 0xAA, 0xF4, 0x00,
    0x00, 0x0F, 0xFF, 0xFF, 0x40, 0x00, 0x01, 0xF5, 0x55, 0xF4, 0x00, 0x00, 0x3D, 0x00, 0x0F, 0x40,
    0x00, 0x07, 0xC0, 0x00, 0xF4, 0x00, 0x00, 0xF8, 0x00, 0x0F, 0x40, 0x00, 0x1F, 0x00, 0x00, 0xFF,
    0xFF, 0xE3, 0xE0, 0x00, 0x0F, 0xFF, 0xFE, 0x00, 0x00, 0x00, 0x00, 0x00, 0x7F, 0xFE, 0x40, 0x1F,
    0xFF, 0xFF, 0x01, 0xFD, 0x00, 0x24, 0x0F, 0xC0, 0x00, 0x00, 0xBC, 0x00, 0x00, 0x03, 0xE0, 0x00,
    0x00, 0x0F, 0x00, 0x00, 0x00, 0x7C, 0x00, 0x00, 0x01, 0xF0, 0x00, 0x00, 0x07, 0xC0, 0x00, 0x00,
    0x1F, 0x00, 0x00, 0x00, 0x7C, 0x00, 0x00, 0x00, 0xF4, 0x00, 0x00, 0x02, 0xF0, 0x00, 0x00, 0x07,
    0xE0, 0x00, 0x00, 0x0B, 0xE0, 0x00, 0x00, 0x0B, 0xFE, 0xBF, 0x40, 0x06, 0xFF, 0xFC, 0x00, 0x00,
    0xB4, 0x00, 0x00, 0x03, 0xD0, 0x00, 0x00, 0x06, 0xE0, 0x00, 0x00, 0x03, 0xC0, 0x00, 0x01, 0x6E,
    0x00, 0x00, 0x0F, 0xE0, 0x00, 0x00, 0x00, 0x00, 0x1F, 0x40, 0x00, 0x2F, 0x00, 0x00, 0x2E, 0x00,
    0x00, 0x1C, 0x00, 0x00, 0x00, 0x07, 0xFF, 0xFF, 0x6F, 0xFF, 0xFD, 0xB8, 0x00, 0x02, 0xE0, 0x00,
    0x0B, 0x80, 0x00, 0x2E, 0x00, 0x00, 0xB8, 0x00, 0x02, 0xF5, 0x55, 0x4B, 0xFF, 0xFF, 0x2F, 0xAA,
    0xA8, 0xB8, 0x00, 0x02, 0xE0, 0x00, 0x0B, 0x80, 0x00, 0x2E, 0x00, 0x00, 0xB8, 0x00, 0x02, 0xE0,
    0x00, 0x0B, 0xFF, 0xFF, 0x6F, 0xFF, 0xFD, 0x00, 0x00, 0x00, 0x00, 0x2F, 0x00, 0x01, 0xF0, 0x00,
    0x0F, 0x40, 0x00, 0x70, 0x00, 0x00, 0x00, 0x07, 0xFF, 0xFF, 0x6F, 0xFF, 0xFD, 0xB8, 0x00, 0x02,
    0xE0, 0x00, 0x0B, 0x80, 0x00, 0x2E, 0x00, 0x00, 0xB8, 0x00, 0x02, 0xF5, 0x55, 0x4B, 0xFF, 0xFF,
    0x2F, 0xAA, 0xA8, 0xB8, 0x00, 0x02, 0xE0, 0x00, 0x0B, 0x80, 0x00, 0x2E, 0x00, 0x00, 0xB8, 0x00,
    0x02, 0xE0, 0x00, 0x0B, 0xFF, 0xFF, 0x6F, 0xFF, 0xFD, 0x00, 0x00, 0x00, 0x03, 0xF0, 0x00, 0x2F,
    0xF0, 0x02, 0xE1, 0xF0, 0x1D, 0x01, 0xE0, 0x00, 0x00, 0x07, 0xFF, 0xFF, 0x6F, 0xFF, 0xFD, 0xB8,
    0x00, 0x02, 0xE0, 0x00, 0x0B, 0x80, 0x00, 0x2E, 0x00, 0x00, 0xB8, 0x00, 0x02, 0xF5, 0x55, 0x4B,
    0xFF, 0xFF, 0x2F, 0xAA, 0xA8, 0xB8, 0x00, 0x02, 0xE0, 0x00, 0x0B, 0x80, 0x00, 0x2E, 0x00, 0x00,
    0xB8, 0x00, 0x02, 0xE0, 0x00, 0x0B, 0xFF, 0xFF, 0x6F, 0xFF, 0xFD, 0x00, 0x00, 0x00, 0x3D, 0x0F,
    0x00, 0xB4, 0x3C, 0x00, 0x00, 0x00, 0x00, 0x00, 0x01, 0xFF, 0xFF, 0xDB, 0xFF, 0xFF, 0x6E, 0x00,
    0x00, 0xB8, 0x00, 0x02, 0xE0, 0x00, 0x0B, 0x80, 0x00, 0x2E, 0x00, 0x00, 0xBD, 0x55, 0x52, 0xFF,
    0xFF, 0xCB, 0xEA, 0xAA, 0x2E, 0x00, 0x00, 0xB8, 0x00, 0x02, 0xE0, 0x00, 0x0B, 0x80, 0x00, 0x2E,
    0x00, 0x00, 0xB8, 0x00, 0x02, 0xFF, 0xFF, 0xDB, 0xFF, 0xFF, 0x40, 0x00, 0x02, 0xF0, 0x03, 0xE0,
    0x03, 0xD0, 0x02, 0x80, 0x00, 0x0F, 0xFF, 0x6F, 0xF8, 0x0F, 0x40, 0x3D, 0x00, 0xF4, 0x03, 0xD0,
    0x0F, 0x40, 0x3D, 0x00, 0xF4, 0x03, 0xD0, 0x0F, 0x40, 0x3D, 0x00, 0xF4, 0x03, 0xD0, 0x0F, 0x40,
    0x3D, 0x06, 0xFE, 0x3F, 0xFD, 0x00, 0x00, 0x03, 0xE0, 0x2F, 0x01, 0xF0, 0x0E, 0x00, 0x00, 0x0F,
    0xFF, 0x6F, 0xF8, 0x0F, 0x40, 0x3D, 0x00, 0xF4, 0x03, 0xD0, 0x0F, 0x40, 0x3D, 0x00, 0xF4, 0x03,
    0xD0, 0x0F, 0x40, 0x3D, 0x00, 0xF4, 0x03, 0xD0, 0x0F, 0x40, 0x3D, 0x06, 0xFE, 0x3F, 0xFD, 0x00,
    0x00, 0x01, 0xFC, 0x00, 0xFF, 0x80, 0xF4, 0xF4, 0xB0, 0x0B, 0x00, 0x00, 0x03, 0xFF, 0xD0, 0xBF,
    0xE0, 0x03, 0xD0, 0x00, 0xF4, 0x00, 0x3D, 0x00, 0x0F, 0x40, 0x03, 0xD0, 0x00, 0xF4, 0x00, 0x3D,
    0x00, 0x0F, 0x40, 0x03, 0xD0, 0x00, 0xF4, 0x00, 0x3D, 0x00, 0x0F, 0x40, 0x03, 0xD0, 0x00, 0xF4,
    0x01, 0xBF, 0x80, 0xFF, 0xF4, 0x00, 0x00, 0x3C, 0x1E, 0x3C, 0x1E, 0x00, 0x00, 0x00, 0x00, 0x3F,
    0xFD, 0x2F, 0xF8, 0x03, 0xD0, 0x03, 0xD0, 0x03, 0xD0, 0x03, 0xD0, 0x03, 0xD0, 0x03, 0xD0, 0x03,
    0xD0, 0x03, 0xD0, 0x03, 0xD0, 0x03, 0xD0, 0x03, 0xD0, 0x03, 0xD0, 0x03, 0xD0, 0x03, 0xD0, 0x1B,
    0xF8, 0x3F, 0xFD, 0x07, 0xFF, 0xE9, 0x00, 0x01, 0xFF, 0xFF, 0xF4, 0x00, 0x7C, 0x01, 0xBF, 0x40,
    0x1F, 0x00, 0x02, 0xF0, 0x07, 0xC0, 0x00, 0x3F, 0x01, 0xF0, 0x00, 0x07, 0xC0, 0x7C, 0x00, 0x00,
    0xF4, 0x1F, 0x00, 0x00, 0x3E, 0x3F, 0xFF, 0xC0, 0x0B, 0x9F, 0xFF, 0xF4, 0x02, 0xE0, 0xBC, 0x00,
    0x00, 0xF8, 0x1F, 0x00, 0x00, 0x3D, 0x07, 0xC0, 0x00, 0x1F, 0x01, 0xF0, 0x00, 0x0F, 0xC0, 0x7C,
    0x00, 0x0B, 0xC0, 0x1F, 0x00, 0x1F, 0xD0, 0x07, 0xFF, 0xFF, 0xD0, 0x01, 0xFF, 0xFE, 0x40, 0x00,
    0x00, 0x10, 0x01, 0x00, 0x03, 0xFC, 0x2C, 0x00, 0x3D, 0xBF, 0xE0, 0x00, 0xD0, 0x2E, 0x00, 0x00,
    0x00, 0x00, 0x01, 0xF4, 0x00, 0x01, 0xDB, 0xF0, 0x00, 0x0B, 0xAF, 0xE0, 0x00, 0x2E, 0xBB, 0xC0,
    0x00, 0xBA, 0xDB, 0xC0, 0x02, 0xEB, 0x4F, 0x40, 0x0B, 0xAD, 0x1F, 0x00, 0x2E, 0xB4, 0x3F, 0x00,
    0xBA, 0xE0, 0x3D, 0x02, 0xEB, 0x80, 0xBC, 0x0B, 0xAE, 0x00, 0xF8, 0x2E, 0xB8, 0x00, 0xF4, 0xBA,
    0xE0, 0x02, 0xF1, 0xEB, 0x80, 0x03, 0xE7, 0xAE, 0x00, 0x07, 0xEE, 0xB8, 0x00, 0x0B, 0xFA, 0xE0,
    0x00, 0x0F, 0xEB, 0x80, 0x00, 0x1F, 0x80, 0x00, 0x00, 0x00, 0x00, 0x00, 0x03, 0xE0, 0x00, 0x00,
    0x00, 0x7C, 0x00, 0x00, 0x00, 0x07, 0xC0, 0x00, 0x00, 0x00, 0x74, 0x00, 0x00, 0x00, 0x00, 0x00,
    0x00, 0x02, 0xFF, 0xF4, 0x00, 0x07, 0xFF, 0xFF, 0xC0, 0x07, 0xE0, 0x01, 0xFC, 0x03, 0xE0, 0x00,
    0x0F, 0x82, 0xF0, 0x00, 0x01, 0xF0, 0xF4, 0x00, 0x00, 0x3E, 0x3C, 0x00, 0x00, 0x0B, 0xDF, 0x00,
    0x00, 0x01, 0xF7, 0xC0, 0x00, 0x00, 0x7D, 0xF0, 0x00, 0x00, 0x1F, 0x7C, 0x00, 0x00, 0x07, 0xDF,
    0x00, 0x00, 0x02, 0xF3, 0xD0, 0x00, 0x00, 0xF8, 0xBC, 0x00, 0x00, 0x7C, 0x1F, 0x40, 0x00, 0x3E,
    0x02, 0xF8, 0x00, 0x7F, 0x00, 0x2F, 0xFA, 0xFF, 0x00, 0x01, 0xBF, 0xFE, 0x00, 0x00, 0x00, 0x00,
    0x00, 0x00, 0x00, 0x00, 0x00, 0x00, 0x00, 0x00, 0x0B, 0xC0, 0x00, 0x00, 0x03, 0xD0, 0x00, 0x00,
    0x03, 0xD0, 0x00, 0x00, 0x01, 0xD0, 0x00, 0x00, 0x00, 0x00, 0x00, 0x00, 0x02, 0xFF, 0xF4, 0x00,
    0x07, 0xFF, 0xFF, 0xC0, 0x07, 0xE0, 0x01, 0xFC, 0x03, 0xE0, 0x00, 0x0F, 0x82, 0xF0, 0x00, 0x01,
    0xF0, 0xF4, 0x00, 0x00, 0x3E, 0x3C, 0x00, 0x00, 0x0B, 0xDF, 0x00, 0x00, 0x01, 0xF7, 0xC0, 0x00,
    0x00, 0x7D, 0xF0, 0x00, 0x00, 0x1F, 0x7C, 0x00, 0x00, 0x07, 0xDF, 0x00, 0x00, 0x02, 0xF3, 0xD0,
    0x00, 0x00, 0xF8, 0xBC, 0x00, 0x00, 0x7C, 0x1F, 0x40, 0x00, 0x3E, 0x02, 0xF8, 0x00, 0x7F, 0x00,
    0x2F, 0xFA, 0xFF, 0x00, 0x01, 0xBF, 0xFE, 0x00, 0x00, 0x00, 0x00, 0x00, 0x00, 0x00, 0x00, 0x00,
    0x00, 0x00, 0x00, 0xFD, 0x00, 0x00, 0x00, 0xBF, 0xC0, 0x00, 0x00, 0x78, 0x7C, 0x00, 0x00, 0x38,
    0x03, 0x80, 0x00, 0x00, 0x00, 0x00, 0x00, 0x02, 0xFF, 0xF4, 0x00, 0x07, 0xFF, 0xFF, 0xC0, 0x07,
    0xE0, 0x01, 0xFC, 0x03, 0xE0, 0x00, 0x0F, 0x82, 0xF0, 0x00, 0x01, 0xF0, 0xF4, 0x00, 0x00, 0x3E,
    0x3C, 0x00, 0x00, 0x0B, 0xDF, 0x00, 0x00, 0x01, 0xF7, 0xC0, 0x00, 0x00, 0x7D, 0xF0, 0x00, 0x00,
    0x1F, 0x7C, 0x00, 0x00, 0x07, 0xDF, 0x00, 0x00, 0x02, 0xF3, 0xD0, 0x00, 0x00, 0xF8, 0xBC, 0x00,
    0x00, 0x7C, 0x1F, 0x40, 0x00, 0x3E, 0x02, 0xF8, 0x00, 0x7F, 0x00, 0x2F, 0xFA, 0xFF, 0x00, 0x01,
    0xBF, 0xFE, 0x00, 0x00, 0x00, 0x00, 0x00, 0x00, 0x00, 0x05, 0x00, 0x40, 0x00, 0x0F, 0xF4, 0x70,
    0x00, 0x07, 0x6F, 0xFC, 0x00, 0x02, 0x80, 0xB8, 0x00, 0x00, 0x00, 0x00, 0x00, 0x00, 0x0B, 0xFF,
    0xD0, 0x00, 0x1F, 0xFF, 0xFF, 0x00, 0x1F, 0x80, 0x07, 0xF0, 0x0F, 0x80, 0x00, 0x3E, 0x0B, 0xC0,
    0x00, 0x07, 0xC3, 0xD0, 0x00, 0x00, 0xF8, 0xF0, 0x00, 0x00, 0x2F, 0x7C, 0x00, 0x00, 0x07, 0xDF,
    0x00, 0x00, 0x01, 0xF7, 0xC0, 0x00, 0x00, 0x7D, 0xF0, 0x00, 0x00, 0x1F, 0x7C, 0x00, 0x00, 0x0B,
    0xCF, 0x40, 0x00, 0x03, 0xE2, 0xF0, 0x00, 0x01, 0xF0, 0x7D, 0x00, 0x00, 0xF8, 0x0B, 0xE0, 0x01,
    0xFC, 0x00, 0xBF, 0xEB, 0xFC, 0x00, 0x06, 0xFF, 0xF8, 0x00, 0x00, 0x00, 0x00, 0x00, 0x00, 0x00,
    0x00, 0x00, 0x00, 0x0B, 0x83, 0xC0, 0x00, 0x02, 0xD0, 0xF0, 0x00, 0x00, 0x00, 0x00, 0x00, 0x00,
    0x00, 0x00, 0x00, 0x00, 0x0B, 0xFF, 0xD0, 0x00, 0x1F, 0xFF, 0xFF, 0x00, 0x1F, 0x80, 0x07, 0xF0,
    0x0F, 0x80, 0x00, 0x3E, 0x0B, 0xC0, 0x00, 0x07, 0xC3, 0xD0, 0x00, 0x00, 0xF8, 0xF0, 0x00, 0x00,
    0x2F, 0x7C, 0x00, 0x00, 0x07, 0xDF, 0x00, 0x00, 0x01, 0xF7, 0xC0, 0x00, 0x00, 0x7D, 0xF0, 0x00,
    0x00, 0x1F, 0x7C, 0x00, 0x00, 0x0B, 0xCF, 0x40, 0x00, 0x03, 0xE2, 0xF0, 0x00, 0x01, 0xF0, 0x7D,
    0x00, 0x00, 0xF8, 0x0B, 0xE0, 0x01, 0xFC, 0x00, 0xBF, 0xEB, 0xFC, 0x00, 0x06, 0xFF, 0xF8, 0x00,
    0x00, 0x00, 0x00, 0x00, 0x00, 0x00, 0x00, 0x38, 0x00, 0x1D, 0x3E, 0x00, 0x7C, 0x0F, 0x81, 0xF0,
    0x03, 0xE7, 0xC0, 0x00, 0xFF, 0x00, 0x00, 0xBE, 0x00, 0x01, 0xFF, 0x80, 0x07, 0xC3, 0xE0, 0x1F,
    0x00, 0xF8, 0x3C, 0x00, 0x3D, 0x10, 0x00, 0x04, 0x00, 0x00, 0x00, 0x04, 0x00, 0x0B, 0xFF, 0x97,
    0x80, 0x1F, 0xFF, 0xFF, 0xC0, 0x1F, 0x80, 0x07, 0xF0, 0x0F, 0x80, 0x02, 0xFE, 0x0B, 0xC0, 0x00,
    0xF7, 0xC3, 0xD0, 0x00, 0xF4, 0xF8, 0xF0, 0x00, 0xB8, 0x2F, 0x7C, 0x00, 0x7C, 0x07, 0xDF, 0x00,
    0x3C, 0x01, 0xF7, 0xC0, 0x2D, 0x00, 0x7D, 0xF0, 0x1E, 0x00, 0x1F, 0x7C, 0x0F, 0x00, 0x0B, 0xCF,
    0x4F, 0x40, 0x03, 0xE2, 0xFB, 0x80, 0x01, 0xF0, 0x7F, 0xC0, 0x00, 0xF8, 0x0B, 0xE0, 0x01, 0xFC,
    0x02, 0xFF, 0xEB, 0xFC, 0x01, 0xF6, 0xFF, 0xF8, 0x00, 0x10, 0x00, 0x00, 0x00, 0x00, 0x00, 0x00,
    0x00, 0x0F, 0xC0, 0x00, 0x00, 0x3D, 0x00, 0x00, 0x00, 0xF0, 0x00, 0x00, 0x03, 0x80, 0x00, 0x00,
    0x00, 0x00, 0xB4, 0x00, 0x00, 0xFF, 0x80, 0x00, 0x0F, 0xF8, 0x00, 0x00, 0xFF, 0x80, 0x00, 0x0F,
    0xF8, 0x00, 0x00, 0xFF, 0x80, 0x00, 0x0F, 0xF8, 0x00, 0x00, 0xFF, 0x80, 0x00, 0x0F, 0xF8, 0x00,
    0x00, 0xFF, 0x80, 0x00, 0x0F, 0xF8, 0x00, 0x00, 0xFF, 0x80, 0x00, 0x0F, 0xB8, 0x00, 0x01, 0xFB,
    0xC0, 0x00, 0x1F, 0x3C, 0x00, 0x03, 0xD2, 0xF4, 0x00, 0xFC, 0x0F, 0xFA, 0xFF, 0x00, 0x2F, 0xFF,
    0x80, 0x00, 0x00, 0x00, 0x00, 0x00, 0x00, 0x00, 0x00, 0x00, 0x0F, 0x80, 0x00, 0x03, 0xE0, 0x00,
    0x00, 0x78, 0x00, 0x00, 0x0E, 0x00, 0x00, 0x00, 0x00, 0x00, 0xB4, 0x00, 0x00, 0xFF, 0x80, 0x00,
    0x0F, 0xF8, 0x00, 0x00, 0xFF, 0x80, 0x00, 0x0F, 0xF8, 0x00, 0x00, 0xFF, 0x80, 0x00, 0x0F, 0xF8,
    0x00, 0x00, 0xFF, 0x80, 0x00, 0x0F, 0xF8, 0x00, 0x00, 0xFF, 0x80, 0x00, 0x0F, 0xF8, 0x00, 0x00,
    0xFF, 0x80, 0x00, 0x0F, 0xB8, 0x00, 0x01, 0xFB, 0xC0, 0x00, 0x1F, 0x3C, 0x00, 0x03, 0xD2, 0xF4,
    0x00, 0xFC, 0x0F, 0xFA, 0xFF, 0x00, 0x2F, 0xFF, 0x80, 0x00, 0x00, 0x00, 0x00, 0x00, 0x00, 0x00,
    0x00, 0x01, 0xF8, 0x00, 0x00, 0x3F, 0xD0, 0x00, 0x0F, 0x0F, 0x40, 0x02, 0x80, 0x2C, 0x00, 0x00,
    0x00, 0x00, 0xB4, 0x00, 0x00, 0xFF, 0x80, 0x00, 0x0F, 0xF8, 0x00, 0x00, 0xFF, 0x80, 0x00, 0x0F,
    0xF8, 0x00, 0x00, 0xFF, 0x80, 0x00, 0x0F, 0xF8, 0x00, 0x00, 0xFF, 0x80, 0x00, 0x0F, 0xF8, 0x00,
    0x00, 0xFF, 0x80, 0x00, 0x0F, 0xF8, 0x00, 0x00, 0xFF, 0x80, 0x00, 0x0F, 0xB8, 0x00, 0x01, 0xFB,
    0xC0, 0x00, 0x1F, 0x3C, 0x00, 0x03, 0xD2, 0xF4, 0x00, 0xFC, 0x0F, 0xFA, 0xFF, 0x00, 0x2F, 0xFF,
    0x80, 0x00, 0x00, 0x00, 0x00, 0x00, 0x00, 0x00, 0x00, 0x1F, 0x0B, 0x80, 0x00, 0xF0, 0xB8, 0x00,
    0x00, 0x00, 0x00, 0x00, 0x00, 0x00, 0x0B, 0x40, 0x00, 0x0F, 0xF8, 0x00, 0x00, 0xFF, 0x80, 0x00,
    0x0F, 0xF8, 0x00, 0x00, 0xFF, 0x80, 0x00, 0x0F, 0xF8, 0x00, 0x00, 0xFF, 0x80, 0x00, 0x0F, 0xF8,
    0x00, 0x00, 0xFF, 0x80, 0x00, 0x0F, 0xF8, 0x00, 0x00, 0xFF, 0x80, 0x00, 0x0F, 0xF8, 0x00, 0x00,
    0xFB, 0x80, 0x00, 0x1F, 0xBC, 0x00, 0x01, 0xF3, 0xC0, 0x00, 0x3D, 0x2F, 0x40, 0x0F, 0xC0, 0xFF,
    0xAF, 0xF0, 0x02, 0xFF, 0xF8, 0x00, 0x00, 0x00, 0x00, 0x00, 0x00, 0x00, 0x00, 0x00, 0x03, 0xD0,
    0x00, 0x00, 0x3E, 0x00, 0x00, 0x01, 0xE0, 0x00, 0x00, 0x0E, 0x00, 0x00, 0x00, 0x00, 0x00, 0x0B,
    0x80, 0x00, 0x1F, 0x1F, 0x00, 0x00, 0xF4, 0x2E, 0x00, 0x0B, 0xC0, 0x3C, 0x00, 0x3D, 0x00, 0xB8,
    0x02, 0xF0, 0x00, 0xF4, 0x0F, 0x00, 0x02, 0xF0, 0xB8, 0x00, 0x03, 0xD3, 0xC0, 0x00, 0x07, 0xEE,
    0x00, 0x00, 0x0F, 0xF0, 0x00, 0x00, 0x1F, 0x80, 0x00, 0x00, 0x3C, 0x00, 0x00, 0x00, 0xF0, 0x00,
    0x00, 0x03, 0xC0, 0x00, 0x00, 0x0F, 0x00, 0x00, 0x00, 0x3C, 0x00, 0x00, 0x00, 0xF0, 0x00, 0x00,
    0x03, 0xC0, 0x00, 0x78, 0x00, 0x00, 0xB8, 0x00, 0x00, 0xB8, 0x00, 0x00, 0xBF, 0xEA, 0x40, 0xBF,
    0xFF, 0xF0, 0xB8, 0x06, 0xFC, 0xB8, 0x00, 0x3E, 0xB8, 0x00, 0x2F, 0xB8, 0x00, 0x1F, 0xB8, 0x00,
    0x2F, 0xB8, 0x00, 0x3E, 0xB8, 0x00, 0xFC, 0xBF, 0xFF, 0xF4, 0xBF, 0xFF, 0x80, 0xB8, 0x00, 0x00,
    0xB8, 0x00, 0x00, 0xB8, 0x00, 0x00, 0xB8, 0x00, 0x00, 0x00, 0x00, 0x00, 0x02, 0xFF, 0xE0, 0x03,
    0xFE, 0xFF, 0x42, 0xF0, 0x02, 0xF0, 0xF4, 0x00, 0x3C, 0x3D, 0x00, 0x1F, 0x0F, 0x40, 0x0F, 0x43,
    0xD0, 0x1F, 0x40, 0xF4, 0x0F, 0x40, 0x3D, 0x0B, 0x80, 0x0F, 0x41, 0xF0, 0x03, 0xD0, 0x3F, 0x40,
    0xF4, 0x03, 0xF8, 0x3D, 0x00, 0x2F, 0x8F, 0x40, 0x01, 0xF7, 0xD0, 0x00, 0x2E, 0xF4, 0x00, 0x0B,
    0xBD, 0x10, 0x03, 0xDF, 0x4B, 0xAB, 0xF3, 0xD1, 0xFF, 0xF0, 0x00, 0x00, 0x00, 0x00, 0x00, 0x00,
    0x00, 0x0F, 0xC0, 0x00, 0x0F, 0x40, 0x00, 0x0F, 0x00, 0x00, 0x0E, 0x00, 0x00, 0x00, 0x00, 0x06,
    0xA4, 0x03, 0xFF, 0xFC, 0x0E, 0x41, 0xF8, 0x00, 0x01, 0xF0, 0x00, 0x03, 0xC0, 0x00, 0x0F, 0x02,
    0xFF, 0xFC, 0xBF, 0xAA, 0xF7, 0xD0, 0x03, 0xFE, 0x00, 0x0F, 0xF4, 0x00, 0xBE, 0xF0, 0x07, 0xF7,
    0xFA, 0xFB, 0xC7, 0xFF, 0x4B, 0x00, 0x00, 0x00, 0x00, 0x00, 0x00, 0x00, 0x1F, 0x40, 0x00, 0xF8,
    0x00, 0x0B, 0x80, 0x00, 0x38, 0x00, 0x00, 0x00, 0x00, 0x06, 0xA4, 0x03, 0xFF, 0xFC, 0x0E, 0x41,
    0xF8, 0x00, 0x01, 0xF0, 0x00, 0x03, 0xC0, 0x00, 0x0F, 0x02, 0xFF, 0xFC, 0xBF, 0xAA, 0xF7, 0xD0,
    0x03, 0xFE, 0x00, 0x0F, 0xF4, 0x00, 0xBE, 0xF0, 0x07, 0xF7, 0xFA, 0xFB, 0xC7, 0xFF, 0x4B, 0x00,
    0x00, 0x00, 0x00, 0x00, 0x00, 0x02, 0xF8, 0x00, 0x1F, 0xF4, 0x00, 0xF0, 0xF4, 0x0E, 0x00, 0xB0,
    0x00, 0x00, 0x00, 0x06, 0xA4, 0x03, 0xFF, 0xFC, 0x0E, 0x41, 0xF8, 0x00, 0x01, 0xF0, 0x00, 0x03,
    0xC0, 0x00, 0x0F, 0x02, 0xFF, 0xFC, 0xBF, 0xAA, 0xF7, 0xD0, 0x03, 0xFE, 0x00, 0x0F, 0xF4, 0x00,
    0xBE, 0xF0, 0x07, 0xF7, 0xFA, 0xFB, 0xC7, 0xFF, 0x4B, 0x00, 0x00, 0x00, 0x00, 0x40, 0x10, 0x2F,
    0xD0, 0xD0, 0xE7, 0xFF, 0x06, 0x01, 0xE0, 0x00, 0x00, 0x00, 0x01, 0xA9, 0x00, 0xFF, 0xFF, 0x03,
    0x90, 0x7E, 0x00, 0x00, 0x7C, 0x00, 0x00, 0xF0, 0x00, 0x03, 0xC0, 0xBF, 0xFF, 0x2F, 0xEA, 0xBD,
    0xF4, 0x00, 0xFF, 0x80, 0x03, 0xFD, 0x00, 0x2F, 0xBC, 0x01, 0xFD, 0xFE, 0xBE, 0xF1, 0xFF, 0xD2,
    0xC0, 0x00, 0x00, 0x00, 0x00, 0x00, 0x1F, 0x0B, 0x40, 0x78, 0x2D, 0x00, 0x00, 0x00, 0x00, 0x00,
    0x00, 0x01, 0xA9, 0x00, 0xFF, 0xFF, 0x03, 0x90, 0x7E, 0x00, 0x00, 0x7C, 0x00, 0x00, 0xF0, 0x00,
    0x03, 0xC0, 0xBF, 0xFF, 0x2F, 0xEA, 0xBD, 0xF4, 0x00, 0xFF, 0x80, 0x03, 0xFD, 0x00, 0x2F, 0xBC,
    0x01, 0xFD, 0xFE, 0xBE, 0xF1, 0xFF, 0xD2, 0xC0, 0x00, 0x00, 0x00, 0x14, 0x00, 0x03, 0xFC, 0x00,
    0x2C, 0x38, 0x00, 0xA0, 0xB0, 0x01, 0xEB, 0x40, 0x01, 0xF4, 0x00, 0x00, 0x00, 0x00, 0x1A, 0x90,
    0x0F, 0xFF, 0xF0, 0x39, 0x07, 0xE0, 0x00, 0x07, 0xC0, 0x00, 0x0F, 0x00, 0x00, 0x3C, 0x0B, 0xFF,
    0xF2, 0xFE, 0xAB, 0xDF, 0x40, 0x0F, 0xF8, 0x00, 0x3F, 0xD0, 0x02, 0xFB, 0xC0, 0x1F, 0xDF, 0xEB,
    0xEF, 0x1F, 0xFD, 0x2C, 0x00, 0x00, 0x00, 0x01, 0xA9, 0x00, 0x69, 0x00, 0x1F, 0xFF, 0xD3, 0xFF,
    0xD0, 0x1E, 0x46, 0xFF, 0x82, 0xF4, 0x00, 0x00, 0xFE, 0x00, 0xBC, 0x00, 0x00, 0xBC, 0x00, 0x3C,
    0x00, 0x00, 0xBC, 0x00, 0x3D, 0x06, 0xFF, 0xFF, 0xFF, 0xFD, 0x2F, 0xE9, 0xFE, 0xAA, 0xA8, 0x7C,
    0x00, 0xBC, 0x00, 0x00, 0xF8, 0x00, 0xBC, 0x00, 0x00, 0xF4, 0x00, 0xFD, 0x00, 0x00, 0xB8, 0x02,
    0xFF, 0x00, 0x04, 0x7F, 0xAF, 0x8B, 0xFA, 0xF8, 0x1F, 0xFD, 0x02, 0xFF, 0xF4, 0x00, 0x00, 0x00,
    0x00, 0x00, 0x00, 0x6A, 0x40, 0x1F, 0xFF, 0xC0, 0xFD, 0x5A, 0x0F, 0x80, 0x00, 0x3C, 0x00, 0x01,
    0xF0, 0x00, 0x0B, 0x80, 0x00, 0x2E, 0x00, 0x00, 0xB8, 0x00, 0x01, 0xF0, 0x00, 0x03, 0xD0, 0x00,
    0x0B, 0xC0, 0x00, 0x0F, 0xFA, 0xF0, 0x0B, 0xFF, 0x80, 0x03, 0xC0, 0x00, 0x0F, 0x00, 0x00, 0x1F,
    0x40, 0x00, 0x1E, 0x00, 0x05, 0xF4, 0x00, 0x7F, 0x40, 0x00, 0x00, 0x00, 0x03, 0xF0, 0x00, 0x00,
    0xF4, 0x00, 0x00, 0x3C, 0x00, 0x00, 0x0E, 0x00, 0x00, 0x00, 0x00, 0x00, 0x6A, 0x40, 0x07, 0xFF,
    0xE0, 0x0F, 0x91, 0xF8, 0x3E, 0x00, 0x3D, 0x3C, 0x00, 0x2E, 0x7C, 0x00, 0x2F, 0xBF, 0xFF, 0xFF,
    0xBE, 0xAA, 0xAA, 0xB8, 0x00, 0x00, 0x7C, 0x00, 0x00, 0x3D, 0x00, 0x00, 0x2F, 0x40, 0x04, 0x0F,
    0xFA, 0xBC, 0x01, 0xFF, 0xF8, 0x00, 0x00, 0x00, 0x00, 0x00, 0x00, 0x00, 0x03, 0xE0, 0x00, 0x0F,
    0x80, 0x00, 0x1E, 0x00, 0x00, 0x38, 0x00, 0x00, 0x00, 0x00, 0x00, 0x6A, 0x40, 0x07, 0xFF, 0xE0,
    0x0F, 0x91, 0xF8, 0x3E, 0x00, 0x3D, 0x3C, 0x00, 0x2E, 0x7C, 0x00, 0x2F, 0xBF, 0xFF, 0xFF, 0xBE,
    0xAA, 0xAA, 0xB8, 0x00, 0x00, 0x7C, 0x00, 0x00, 0x3D, 0x00, 0x00, 0x2F, 0x40, 0x04, 0x0F, 0xFA,
    0xBC, 0x01, 0xFF, 0xF8, 0x00, 0x00, 0x00, 0x00, 0x00, 0x00, 0x00, 0x7E, 0x00, 0x01, 0xFF, 0x40,
    0x03, 0xC3, 0xD0, 0x0A, 0x00, 0xB0, 0x00, 0x00, 0x00, 0x00, 0x6A, 0x40, 0x07, 0xFF, 0xE0, 0x0F,
    0x91, 0xF8, 0x3E, 0x00, 0x3D, 0x3C, 0x00, 0x2E, 0x7C, 0x00, 0x2F, 0xBF, 0xFF, 0xFF, 0xBE, 0xAA,
    0xAA, 0xB8, 0x00, 0x00, 0x7C, 0x00, 0x00, 0x3D, 0x00, 0x00, 0x2F, 0x40, 0x04, 0x0F, 0xFA, 0xBC,
    0x01, 0xFF, 0xF8, 0x00, 0x00, 0x00, 0x00, 0x00, 0x00, 0x07, 0xC2, 0xE0, 0x03, 0xC2, 0xE0, 0x00,
    0x00, 0x00, 0x00, 0x00, 0x00, 0x00, 0x6A, 0x40, 0x07, 0xFF, 0xE0, 0x0F, 0x91, 0xF8, 0x3E, 0x00,
    0x3D, 0x3C, 0x00, 0x2E, 0x7C, 0x00, 0x2F, 0xBF, 0xFF, 0xFF, 0xBE, 0xAA, 0xAA, 0xB8, 0x00, 0x00,
    0x7C, 0x00, 0x00, 0x3D, 0x00, 0x00, 0x2F, 0x40, 0x04, 0x0F, 0xFA, 0xBC, 0x01, 0xFF, 0xF8, 0x00,
    0x00, 0x00, 0x00, 0x02, 0xF0, 0x0F, 0x80, 0x3C, 0x00, 0xA0, 0x00, 0x01, 0x40, 0x3D, 0x03, 0xD0,
    0x3D, 0x03, 0xD0, 0x3D, 0x03, 0xD0, 0x3D, 0x03, 0xD0, 0x3D, 0x03, 0xD0, 0x3D, 0x03, 0xD0, 0x3D,
    0x00, 0x00, 0x3E, 0x0B, 0xC1, 0xF0, 0x38, 0x00, 0x00, 0x14, 0x03, 0xD0, 0x3D, 0x03, 0xD0, 0x3D,
    0x03, 0xD0, 0x3D, 0x03, 0xD0, 0x3D, 0x03, 0xD0, 0x3D, 0x03, 0xD0, 0x3D, 0x03, 0xD0, 0x00, 0x00,
    0x01, 0xF8, 0x00, 0xFF, 0x80, 0xF4, 0xF4, 0xB0, 0x0B, 0x00, 0x00, 0x00, 0x14, 0x00, 0x0F, 0x40,
    0x03, 0xD0, 0x00, 0xF4, 0x00, 0x3D, 0x00, 0x0F, 0x40, 0x03, 0xD0, 0x00, 0xF4, 0x00, 0x3D, 0x00,
    0x0F, 0x40, 0x03, 0xD0, 0x00, 0xF4, 0x00, 0x3D, 0x00, 0x0F, 0x40, 0x00, 0x00, 0x3C, 0x1E, 0x3C,
    0x1E, 0x00, 0x00, 0x00, 0x00, 0x01, 0x40, 0x03, 0xD0, 0x03, 0xD0, 0x03, 0xD0, 0x03, 0xD0, 0x03,
    0xD0, 0x03, 0xD0, 0x03, 0xD0, 0x03, 0xD0, 0x03, 0xD0, 0x03, 0xD0, 0x03, 0xD0, 0x03, 0xD0, 0x03,
    0xD0, 0x00, 0x00, 0x00, 0x00, 0x38, 0x06, 0x00, 0x0F, 0xDF, 0xC0, 0x00, 0xBF, 0x40, 0x00, 0xBF,
    0xE0, 0x00, 0xFC, 0x3D, 0x00, 0x04, 0x07, 0xC0, 0x00, 0x00, 0xB8, 0x01, 0xBE, 0x4F, 0x02, 0xFF,
    0xFF, 0xD2, 0xF4, 0x07, 0xF8, 0xF0, 0x00, 0x3E, 0x7C, 0x00, 0x0B, 0xEE, 0x00, 0x01, 0xFB, 0x80,
    0x00, 0x7A, 0xE0, 0x00, 0x2E, 0x3C, 0x00, 0x0F, 0x4F, 0x80, 0x0B, 0xC0, 0xFE, 0xAF, 0xC0, 0x0B,
    0xFF, 0x80, 0x00, 0x00, 0x00, 0x00, 0x01, 0x40, 0x10, 0x0F, 0xF4, 0x70, 0x2D, 0xBF, 0xF0, 0x24,
    0x0B, 0x80, 0x00, 0x00, 0x00, 0x50, 0x6A, 0x40, 0xF2, 0xFF, 0xF0, 0xFF, 0x51, 0xFC, 0xFC, 0x00,
    0x3C, 0xF8, 0x00, 0x3D, 0xF4, 0x00, 0x3D, 0xF4, 0x00, 0x3D, 0xF4, 0x00, 0x3D, 0xF4, 0x00, 0x3D,
    0xF4, 0x00, 0x3D, 0xF4, 0x00, 0x3D, 0xF4, 0x00, 0x3D, 0xF4, 0x00, 0x3D, 0xF4, 0x00, 0x3D, 0x00,
    0x00, 0x00, 0x00, 0x7D, 0x00, 0x00, 0x0B, 0xC0, 0x00, 0x00, 0xB8, 0x00, 0x00, 0x0B, 0x00, 0x00,
    0x00, 0x00, 0x00, 0x06, 0xA4, 0x00, 0x1F, 0xFF, 0xD0, 0x0F, 0x91, 0xBD, 0x0F, 0x80, 0x0B, 0xC3,
    0xC0, 0x00, 0xF5, 0xF0, 0x00, 0x2E, 0xB8, 0x00, 0x0B, 0xAE, 0x00, 0x02, 0xFB, 0x80, 0x00, 0xB9,
    0xF0, 0x00, 0x3E, 0x3D, 0x00, 0x0F, 0x0B, 0xC0, 0x0F, 0xC0, 0xFE, 0xAF, 0xC0, 0x07, 0xFF, 0x80,
    0x00, 0x00, 0x00, 0x00, 0x00, 0x00, 0x00, 0x00, 0x00, 0xBC, 0x00, 0x00, 0x7C, 0x00, 0x00, 0x3C,
    0x00, 0x00, 0x2C, 0x00, 0x00, 0x00, 0x00, 0x00, 0x06, 0xA4, 0x00, 0x1F, 0xFF, 0xD0, 0x0F, 0x91,
    0xBD, 0x0F, 0x80, 0x0B, 0xC3, 0xC0, 0x00, 0xF5, 0xF0, 0x00, 0x2E, 0xB8, 0x00, 0x0B, 0xAE, 0x00,
    0x02, 0xFB, 0x80, 0x00, 0xB9, 0xF0, 0x00, 0x3E, 0x3D, 0x00, 0x0F, 0x0B, 0xC0, 0x0F, 0xC0, 0xFE,
    0xAF, 0xC0, 0x07, 0xFF, 0x80, 0x00, 0x00, 0x00, 0x00, 0x00, 0x00, 0x00, 0x00, 0x0F, 0xC0, 0x00,
    0x0F, 0xFC, 0x00, 0x0B, 0x8B, 0x80, 0x07, 0x40, 0x78, 0x00, 0x00, 0x00, 0x00, 0x06, 0xA4, 0x00,
    0x1F, 0xFF, 0xD0, 0x0F, 0x91, 0xBD, 0x0F, 0x80, 0x0B, 0xC3, 0xC0, 0x00, 0xF5, 0xF0, 0x00, 0x2E,
    0xB8, 0x00, 0x0B, 0xAE, 0x00, 0x02, 0xFB, 0x80, 0x00, 0xB9, 0xF0, 0x00, 0x3E, 0x3D, 0x00, 0x0F,
    0x0B, 0xC0, 0x0F, 0xC0, 0xFE, 0xAF, 0xC0, 0x07, 0xFF, 0x80, 0x00, 0x00, 0x00, 0x00, 0x00, 0x40,
    0x04, 0x00, 0xFF, 0x47, 0x00, 0xB6, 0xFF, 0x80, 0x34, 0x0B, 0x80, 0x00, 0x00, 0x00, 0x00, 0x1A,
    0x90, 0x00, 0x7F, 0xFF, 0x40, 0x3E, 0x46, 0xF4, 0x3E, 0x00, 0x2F, 0x0F, 0x00, 0x03, 0xD7, 0xC0,
    0x00, 0xBA, 0xE0, 0x00, 0x2E, 0xB8, 0x00, 0x0B, 0xEE, 0x00, 0x02, 0xE7, 0xC0, 0x00, 0xF8, 0xF4,
    0x00, 0x3C, 0x2F, 0x00, 0x3F, 0x03, 0xFA, 0xBF, 0x00, 0x1F, 0xFE, 0x00, 0x00, 0x00, 0x00, 0x00,
    0x00, 0x00, 0x00, 0xF4, 0x3C, 0x00, 0x3D, 0x0F, 0x00, 0x00, 0x00, 0x00, 0x00, 0x00, 0x00, 0x00,
    0x1A, 0x90, 0x00, 0x7F, 0xFF, 0x40, 0x3E, 0x46, 0xF4, 0x3E, 0x00, 0x2F, 0x0F, 0x00, 0x03, 0xD7,
    0xC0, 0x00, 0xBA, 0xE0, 0x00, 0x2E, 0xB8, 0x00, 0x0B, 0xEE, 0x00, 0x02, 0xE7, 0xC0, 0x00, 0xF8,
    0xF4, 0x00, 0x3C, 0x2F, 0x00, 0x3F, 0x03, 0xFA, 0xBF, 0x00, 0x1F, 0xFE, 0x00, 0x00, 0x00, 0x00,
    0x00, 0x18, 0x00, 0x00, 0x0F, 0x40, 0x00, 0x03, 0xD0, 0x00, 0x00, 0x50, 0x00, 0x00, 0x00, 0x00,
    0x2A, 0xAA, 0xAA, 0x8F, 0xFF, 0xFF, 0xF0, 0x00, 0x00, 0x00, 0x00, 0x00, 0x00, 0x00, 0x0F, 0x00,
    0x00, 0x07, 0xD0, 0x00, 0x00, 0xF0, 0x00, 0x00, 0x00, 0x00, 0x00, 0x1A, 0x92, 0x80, 0x7F, 0xFF,
    0xF0, 0x7E, 0x46, 0xF4, 0x3E, 0x00, 0xBF, 0x0F, 0x00, 0x7B, 0xD7, 0xC0, 0x3C, 0xBA, 0xE0, 0x3D,
    0x2E, 0xB8, 0x2E, 0x0B, 0xEE, 0x1F, 0x02, 0xE7, 0xCF, 0x00, 0xF8, 0xFF, 0x40, 0x3C, 0x2F, 0x80,
    0x3F, 0x03, 0xFA, 0xBF, 0x03, 0xEF, 0xFE, 0x00, 0x50, 0x00, 0x00, 0x00, 0x00, 0x00, 0x00, 0x7D,
    0x00, 0x00, 0x07, 0xC0, 0x00, 0x00, 0x78, 0x00, 0x00, 0x07, 0x40, 0x00, 0x00, 0x00, 0x01, 0x40,
    0x00, 0x50, 0xF0, 0x00, 0x3D, 0x3C, 0x00, 0x0F, 0x4F, 0x00, 0x03, 0xD3, 0xC0, 0x00, 0xF4, 0xF0,
    0x00, 0x3D, 0x3C, 0x00, 0x0F, 0x4F, 0x00, 0x03, 0xD3, 0xC0, 0x00, 0xF4, 0xF0, 0x00, 0x3D, 0x3D,
    0x00, 0x1F, 0x4B, 0xC0, 0x0F, 0xD1, 0xFE, 0xAF, 0xF4, 0x1F, 0xFE, 0x2D, 0x00, 0x00, 0x00, 0x00,
    0x00, 0x00, 0x00, 0x00, 0x00, 0xBC, 0x00, 0x00, 0x3D, 0x00, 0x00, 0x3D, 0x00, 0x00, 0x1D, 0x00,
    0x00, 0x00, 0x00, 0x01, 0x40, 0x00, 0x50, 0xF0, 0x00, 0x3D, 0x3C, 0x00, 0x0F, 0x4F, 0x00, 0x03,
    0xD3, 0xC0, 0x00, 0xF4, 0xF0, 0x00, 0x3D, 0x3C, 0x00, 0x0F, 0x4F, 0x00, 0x03, 0xD3, 0xC0, 0x00,
    0xF4, 0xF0, 0x00, 0x3D, 0x3D, 0x00, 0x1F, 0x4B, 0xC0, 0x0F, 0xD1, 0xFE, 0xAF, 0xF4, 0x1F, 0xFE,
    0x2D, 0x00, 0x00, 0x00, 0x00, 0x00, 0x00, 0x00, 0x00, 0x0F, 0xD0, 0x00, 0x0B, 0xFC, 0x00, 0x0B,
    0x87, 0xC0, 0x07, 0x40, 0x38, 0x00, 0x00, 0x00, 0x01, 0x40, 0x00, 0x50, 0xF0, 0x00, 0x3D, 0x3C,
    0x00, 0x0F, 0x4F, 0x00, 0x03, 0xD3, 0xC0, 0x00, 0xF4, 0xF0, 0x00, 0x3D, 0x3C, 0x00, 0x0F, 0x4F,
    0x00, 0x03, 0xD3, 0xC0, 0x00, 0xF4, 0xF0, 0x00, 0x3D, 0x3D, 0x00, 0x1F, 0x4B, 0xC0, 0x0F, 0xD1,
    0xFE, 0xAF, 0xF4, 0x1F, 0xFE, 0x2D, 0x00, 0x00, 0x00, 0x00, 0x00, 0x00, 0x00, 0x00, 0xB4, 0x3C,
    0x00, 0x2D, 0x0F, 0x00, 0x00, 0x00, 0x00, 0x00, 0x00, 0x00, 0x05, 0x00, 0x01, 0x43, 0xC0, 0x00,
    0xF4, 0xF0, 0x00, 0x3D, 0x3C, 0x00, 0x0F, 0x4F, 0x00, 0x03, 0xD3, 0xC0, 0x00, 0xF4, 0xF0, 0x00,
    0x3D, 0x3C, 0x00, 0x0F, 0x4F, 0x00, 0x03, 0xD3, 0xC0, 0x00, 0xF4, 0xF4, 0x00, 0x7D, 0x2F, 0x00,
    0x3F, 0x47, 0xFA, 0xBF, 0xD0, 0x7F, 0xF8, 0xB4, 0x00, 0x00, 0x00, 0x00, 0x00, 0x00, 0x00, 0x00,
    0xFC, 0x00, 0x00, 0xBC, 0x00, 0x00, 0x3C, 0x00, 0x00, 0x28, 0x00, 0x00, 0x00, 0x00, 0x05, 0x00,
    0x00, 0x56, 0xE0, 0x00, 0x3D, 0x3C, 0x00, 0x1F, 0x0F, 0x40, 0x0B, 0x81, 0xF0, 0x03, 0xD0, 0x3D,
    0x01, 0xF0, 0x0B, 0x80, 0xB8, 0x00, 0xF0, 0x3C, 0x00, 0x3D, 0x1F, 0x00, 0x07, 0x8F, 0x40, 0x00,
    0xF3, 0xC0, 0x00, 0x2E, 0xE0, 0x00, 0x03, 0xF0, 0x00, 0x00, 0xFC, 0x00, 0x00, 0x3D, 0x00, 0x00,
    0x0F, 0x00, 0x00, 0x0B, 0x80, 0x00, 0x07, 0xC0, 0x00, 0xBF, 0xD0, 0x00, 0x2F, 0xD0, 0x00, 0x00,
    0xF4, 0x00, 0x00, 0xF4, 0x00, 0x00, 0xF4, 0x00, 0x00, 0xF4, 0x00, 0x00, 0xF4, 0x00, 0x00, 0xF4,
    0x6A, 0x40, 0xF6, 0xFF, 0xF0, 0xFF, 0x41, 0xFC, 0xFC, 0x00, 0x3D, 0xF8, 0x00, 0x2E, 0xF4, 0x00,
    0x1F, 0xF4, 0x00, 0x1F, 0xF4, 0x00, 0x1F, 0xF4, 0x00, 0x1F, 0xF8, 0x00, 0x2F, 0xFC, 0x00, 0x3E,
    0xFE, 0x00, 0xBC, 0xFB, 0xEB, 0xF4, 0xF5, 0xFF, 0xD0, 0xF4, 0x00, 0x00, 0xF4, 0x00, 0x00, 0xF4,
    0x00, 0x00, 0xF4, 0x00, 0x00, 0xF4, 0x00, 0x00, 0xF4, 0x00, 0x00, 0x00, 0x00, 0x00, 0x00, 0xF0,
    0x7C, 0x00, 0x3C, 0x1F, 0x00, 0x00, 0x00, 0x00, 0x00, 0x00, 0x00, 0x14, 0x00, 0x01, 0x5B, 0x80,
    0x00, 0xF4, 0xF0, 0x00, 0x7C, 0x3D, 0x00, 0x2E, 0x07, 0xC0, 0x0F, 0x40, 0xF4, 0x07, 0xC0, 0x2E,
    0x02, 0xE0, 0x03, 0xC0, 0xF0, 0x00, 0xF4, 0x7C, 0x00, 0x1E, 0x3D, 0x00, 0x03, 0xCF, 0x00, 0x00,
    0xBB, 0x80, 0x00, 0x0F, 0xC0, 0x00, 0x03, 0xF0, 0x00, 0x00, 0xF4, 0x00, 0x00, 0x3C, 0x00, 0x00,
    0x2E, 0x00, 0x00, 0x1F, 0x00, 0x02, 0xFF, 0x40, 0x00, 0xBF, 0x40, 0x00, 0x00, 0x00, 0xBF, 0xFE,
    0x00, 0x00, 0xBF, 0xFE, 0x00, 0x00, 0x00, 0x00, 0x00, 0x00, 0x03, 0xC0, 0x00, 0x00, 0x0B, 0xE0,
    0x00, 0x00, 0x0F, 0xF0, 0x00, 0x00, 0x1E, 0xB4, 0x00, 0x00, 0x3D, 0x78, 0x00, 0x00, 0x3C, 0x3C,
    0x00, 0x00, 0xB8, 0x2D, 0x00, 0x00, 0xF4, 0x1F, 0x00, 0x01, 0xF0, 0x0F, 0x40, 0x02, 0xE0, 0x0B,
    0x80, 0x03, 0xEA, 0xAB, 0xC0, 0x07, 0xFF, 0xFF, 0xD0, 0x0F, 0x95, 0x56, 0xF0, 0x1F, 0x00, 0x00,
    0xF0, 0x2E, 0x00, 0x00, 0xB8, 0x3C, 0x00, 0x00, 0x7C, 0x7C, 0x00, 0x00, 0x3D, 0xF4, 0x00, 0x00,
    0x2F, 0x0B, 0xFF, 0xE0, 0x2F, 0xFF, 0x80, 0x00, 0x00, 0x00, 0x1A, 0x90, 0x0F, 0xFF, 0xF0, 0x39,
    0x07, 0xE0, 0x00, 0x07, 0xC0, 0x00, 0x0F, 0x00, 0x00, 0x3C, 0x0B, 0xFF, 0xF2, 0xFE, 0xAB, 0xDF,
    0x40, 0x0F, 0xF8, 0x00, 0x3F, 0xD0, 0x02, 0xFB, 0xC0, 0x1F, 0xDF, 0xEB, 0xEF, 0x1F, 0xFD, 0x2C,
    0x00, 0x00, 0x00, 0x00, 0x40, 0x05, 0x00, 0x00, 0xF0, 0x0E, 0x00, 0x00, 0x7F, 0xFC, 0x00, 0x00,
    0x0B, 0xE0, 0x00, 0x00, 0x00, 0x00, 0x00, 0x00, 0x03, 0xC0, 0x00, 0x00, 0x0B, 0xE0, 0x00, 0x00,
    0x0F, 0xF0, 0x00, 0x00, 0x1E, 0xB4, 0x00, 0x00, 0x3D, 0x78, 0x00, 0x00, 0x3C, 0x3C, 0x00, 0x00,
    0xB8, 0x2D, 0x00, 0x00, 0xF4, 0x1F, 0x00, 0x01, 0xF0, 0x0F, 0x40, 0x02, 0xE0, 0x0B, 0x80, 0x03,
    0xEA, 0xAB, 0xC0, 0x07, 0xFF, 0xFF, 0xD0, 0x0F, 0x95, 0x56, 0xF0, 0x1F, 0x00, 0x00, 0xF0, 0x2E,
    0x00, 0x00, 0xB8, 0x3C, 0x00, 0x00, 0x7C, 0x7C, 0x00, 0x00, 0x3D, 0xF4, 0x00, 0x00, 0x2F, 0x05,
    0x00, 0x50, 0x2C, 0x03, 0x80, 0x3F, 0xFC, 0x00, 0x2F, 0x80, 0x00, 0x00, 0x00, 0x01, 0xA9, 0x00,
    0xFF, 0xFF, 0x03, 0x90, 0x7E, 0x00, 0x00, 0x7C, 0x00, 0x00, 0xF0, 0x00, 0x03, 0xC0, 0xBF, 0xFF,
    0x2F, 0xEA, 0xBD, 0xF4, 0x00, 0xFF, 0x80, 0x03, 0xFD, 0x00, 0x2F, 0xBC, 0x01, 0xFD, 0xFE, 0xBE,
    0xF1, 0xFF, 0xD2, 0xC0, 0x00, 0x00, 0x00, 0x03, 0xC0, 0x00, 0x00, 0x0B, 0xE0, 0x00, 0x00, 0x0F,
    0xF0, 0x00, 0x00, 0x1E, 0xB4, 0x00, 0x00, 0x3D, 0x78, 0x00, 0x00, 0x3C, 0x3C, 0x00, 0x00, 0xB8,
    0x2D, 0x00, 0x00, 0xF4, 0x1F, 0x00, 0x01, 0xF0, 0x0F, 0x40, 0x02, 0xE0, 0x0B, 0x80, 0x03, 0xEA,
    0xAB, 0xC0, 0x07, 0xFF, 0xFF, 0xD0, 0x0F, 0x95, 0x56, 0xF0, 0x1F, 0x00, 0x00, 0xF0, 0x2E, 0x00,
    0x00, 0xB8, 0x3C, 0x00, 0x00, 0x7C, 0x7C, 0x00, 0x00, 0x3D, 0xF4, 0x00, 0x00, 0x2F, 0x00, 0x00,
    0x00, 0x3C, 0x00, 0x00, 0x00, 0xB0, 0x00, 0x00, 0x00, 0xE0, 0x00, 0x00, 0x00, 0xF0, 0x00, 0x00,
    0x00, 0xFF, 0x00, 0x00, 0x00, 0x15, 0x00, 0x6A, 0x40, 0x0F, 0xFF, 0xF0, 0x0E, 0x41, 0xF8, 0x00,
    0x00, 0x7C, 0x00, 0x00, 0x3C, 0x00, 0x00, 0x3C, 0x02, 0xFF, 0xFC, 0x2F, 0xEA, 0xBC, 0x7D, 0x00,
    0x3C, 0xF8, 0x00, 0x3C, 0xF4, 0x00, 0xBC, 0xBC, 0x01, 0xFC, 0x7F, 0xAF, 0xBC, 0x1F, 0xFD, 0x2C,
    0x00, 0x00, 0x38, 0x00, 0x00, 0xE0, 0x00, 0x01, 0xD0, 0x00, 0x01, 0xE0, 0x00, 0x00, 0xFE, 0x00,
    0x00, 0x14, 0x00, 0x00, 0x00, 0x00, 0x00, 0x00, 0xFC, 0x00, 0x00, 0x07, 0xC0, 0x00, 0x00, 0x3C,
    0x00, 0x00, 0x02, 0xC0, 0x00, 0x00, 0x00, 0x00, 0x00, 0x01, 0xFF, 0xF9, 0x00, 0x7F, 0xFF, 0xFC,
    0x07, 0xF4, 0x00, 0x90, 0x3F, 0x00, 0x00, 0x02, 0xF0, 0x00, 0x00, 0x0F, 0x80, 0x00, 0x00, 0x3C,
    0x00, 0x00, 0x01, 0xF0, 0x00, 0x00, 0x07, 0xC0, 0x00, 0x00, 0x1F, 0x00, 0x00, 0x00, 0x7C, 0x00,
    0x00, 0x01, 0xF0, 0x00, 0x00, 0x03, 0xD0, 0x00, 0x00, 0x0B, 0xC0, 0x00, 0x00, 0x1F, 0x80, 0x00,
    0x00, 0x2F, 0x80, 0x00, 0x00, 0x2F, 0xFA, 0xFD, 0x00, 0x1B, 0xFF, 0xF0, 0x00, 0x00, 0x00, 0x00,
    0x00, 0x00, 0x00, 0x00, 0x0F, 0x80, 0x00, 0xF8, 0x00, 0x07, 0x80, 0x00, 0x38, 0x00, 0x00, 0x00,
    0x00, 0x06, 0xA4, 0x01, 0xFF, 0xFC, 0x0F, 0xD5, 0xA0, 0xF8, 0x00, 0x03, 0xC0, 0x00, 0x1F, 0x00,
    0x00, 0xB8, 0x00, 0x02, 0xE0, 0x00, 0x0B, 0x80, 0x00, 0x1F, 0x00, 0x00, 0x3D, 0x00, 0x00, 0xBC,
    0x00, 0x00, 0xFF, 0xAF, 0x00, 0xBF, 0xF8, 0x00, 0x00, 0x00, 0x00, 0x00, 0x00, 0x00, 0x00, 0x0F,
    0xC0, 0x00, 0x00, 0xFF, 0xC0, 0x00, 0x0B, 0x8B, 0x80, 0x00, 0x74, 0x07, 0x40, 0x00, 0x00, 0x00,
    0x00, 0x01, 0xFF, 0xF9, 0x00, 0x7F, 0xFF, 0xFC, 0x07, 0xF4, 0x00, 0x90, 0x3F, 0x00, 0x00, 0x02,
    0xF0, 0x00, 0x00, 0x0F, 0x80, 0x00, 0x00, 0x3C, 0x00, 0x00, 0x01, 0xF0, 0x00, 0x00, 0x07, 0xC0,
    0x00, 0x00, 0x1F, 0x00, 0x00, 0x00, 0x7C, 0x00, 0x00, 0x01, 0xF0, 0x00, 0x00, 0x03, 0xD0, 0x00,
    0x00, 0x0B, 0xC0, 0x00, 0x00, 0x1F, 0x80, 0x00, 0x00, 0x2F, 0x80, 0x00, 0x00, 0x2F, 0xFA, 0xFD,
    0x00, 0x1B, 0xFF, 0xF0, 0x00, 0x00, 0x00, 0x00, 0x00, 0x00, 0x00, 0x01, 0xF8, 0x00, 0x1F, 0xF4,
    0x00, 0xF0, 0xF4, 0x0E, 0x00, 0xB0, 0x00, 0x00, 0x00, 0x06, 0xA4, 0x01, 0xFF, 0xFC, 0x0F, 0xD5,
    0xA0, 0xF8, 0x00, 0x03, 0xC0, 0x00, 0x1F, 0x00, 0x00, 0xB8, 0x00, 0x02, 0xE0, 0x00, 0x0B, 0x80,
    0x00, 0x1F, 0x00, 0x00, 0x3D, 0x00, 0x00, 0xBC, 0x00, 0x00, 0xFF, 0xAF, 0x00, 0xBF, 0xF8, 0x00,
    0x00, 0x00, 0x00, 0x00, 0x40, 0x00, 0x00, 0x0B, 0x80, 0x00, 0x00, 0x2E, 0x00, 0x00, 0x00, 0x10,
    0x00, 0x00, 0x00, 0x00, 0x00, 0x00, 0x7F, 0xFE, 0x40, 0x1F, 0xFF, 0xFF, 0x01, 0xFD, 0x00, 0x24,
    0x0F, 0xC0, 0x00, 0x00, 0xBC, 0x00, 0x00, 0x03, 0xE0, 0x00, 0x00, 0x0F, 0x00, 0x00, 0x00, 0x7C,
    0x00, 0x00, 0x01, 0xF0, 0x00, 0x00, 0x07, 0xC0, 0x00, 0x00, 0x1F, 0x00, 0x00, 0x00, 0x7C, 0x00,
    0x00, 0x00, 0xF4, 0x00, 0x00, 0x02, 0xF0, 0x00, 0x00, 0x07, 0xE0, 0x00, 0x00, 0x0B, 0xE0, 0x00,
    0x00, 0x0B, 0xFE, 0xBF, 0x40, 0x06, 0xFF, 0xFC, 0x00, 0x00, 0x00, 0x00, 0x00, 0x04, 0x00, 0x00,
    0xF4, 0x00, 0x03, 0xD0, 0x00, 0x01, 0x00, 0x00, 0x00, 0x00, 0x01, 0xA9, 0x00, 0x7F, 0xFF, 0x03,
    0xF5, 0x68, 0x3E, 0x00, 0x00, 0xF0, 0x00, 0x07, 0xC0, 0x00, 0x2E, 0x00, 0x00, 0xB8, 0x00, 0x02,
    0xE0, 0x00, 0x07, 0xC0, 0x00, 0x0F, 0x40, 0x00, 0x2F, 0x00, 0x00, 0x3F, 0xEB, 0xC0, 0x2F, 0xFE,
    0x00, 0x00, 0x00, 0x00, 0x00, 0x00, 0x00, 0x01, 0xE0, 0x2D, 0x00, 0x02, 0xF3, 0xD0, 0x00, 0x02,
    0xFE, 0x00, 0x00, 0x02, 0xE0, 0x00, 0x00, 0x00, 0x00, 0x00, 0x01, 0xFF, 0xF9, 0x00, 0x7F, 0xFF,
    0xFC, 0x07, 0xF4, 0x00, 0x90, 0x3F, 0x00, 0x00, 0x02, 0xF0, 0x00, 0x00, 0x0F, 0x80, 0x00, 0x00,
    0x3C, 0x00, 0x00, 0x01, 0xF0, 0x00, 0x00, 0x07, 0xC0, 0x00, 0x00, 0x1F, 0x00, 0x00, 0x00, 0x7C,
    0x00, 0x00, 0x01, 0xF0, 0x00, 0x00, 0x03, 0xD0, 0x00, 0x00, 0x0B, 0xC0, 0x00, 0x00, 0x1F, 0x80,
    0x00, 0x00, 0x2F, 0x80, 0x00, 0x00, 0x2F, 0xFA, 0xFD, 0x00, 0x1B, 0xFF, 0xF0, 0x00, 0x00, 0x00,
    0x00, 0x00, 0x00, 0x00, 0x3D, 0x03, 0xC0, 0x3D, 0x7C, 0x00, 0x3F, 0xC0, 0x00, 0x7D, 0x00, 0x00,
    0x00, 0x00, 0x06, 0xA4, 0x01, 0xFF, 0xFC, 0x0F, 0xD5, 0xA0, 0xF8, 0x00, 0x03, 0xC0, 0x00, 0x1F,
    0x00, 0x00, 0xB8, 0x00, 0x02, 0xE0, 0x00, 0x0B, 0x80, 0x00, 0x1F, 0x00, 0x00, 0x3D, 0x00, 0x00,
    0xBC, 0x00, 0x00, 0xFF, 0xAF, 0x00, 0xBF, 0xF8, 0x00, 0x00, 0x00, 0x00, 0x00, 0x00, 0x00, 0x0F,
    0x41, 0xF0, 0x00, 0x0F, 0x5F, 0x00, 0x00, 0x0F, 0xF0, 0x00, 0x00, 0x1F, 0x40, 0x00, 0x00, 0x00,
    0x00, 0x07, 0xFF, 0xE9, 0x00, 0x2F, 0xFF, 0xFF, 0x40, 0xB8, 0x01, 0xBF, 0x42, 0xE0, 0x00, 0x2F,
    0x4B, 0x80, 0x00, 0x3F, 0x2E, 0x00, 0x00, 0x7C, 0xB8, 0x00, 0x00, 0xF6, 0xE0, 0x00, 0x03, 0xEB,
    0x80, 0x00, 0x0B, 0xAE, 0x00, 0x00, 0x2E, 0xB8, 0x00, 0x00, 0xFA, 0xE0, 0x00, 0x03, 0xDB, 0x80,
    0x00, 0x1F, 0x2E, 0x00, 0x00, 0xFC, 0xB8, 0x00, 0x0B, 0xC2, 0xE0, 0x01, 0xFD, 0x0B, 0xFF, 0xFF,
    0xD0, 0x2F, 0xFF, 0xE4, 0x00, 0x00, 0x00, 0x0F, 0x4F, 0x00, 0x00, 0x03, 0xD3, 0x80, 0x00, 0x00,
    0xF5, 0xD0, 0x00, 0x00, 0x3D, 0xA0, 0x00, 0x00, 0x0F, 0x40, 0x00, 0x1A, 0x43, 0xD0, 0x00, 0x7F,
    0xFD, 0xF4, 0x00, 0x7E, 0x47, 0xFD, 0x00, 0x3E, 0x00, 0x3F, 0x40, 0x1F, 0x00, 0x07, 0xD0, 0x07,
    0xC0, 0x00, 0xF4, 0x02, 0xE0, 0x00, 0x3D, 0x00, 0xB8, 0x00, 0x0F, 0x40, 0x2E, 0x00, 0x03, 0xD0,
    0x07, 0xC0, 0x00, 0xF4, 0x00, 0xF0, 0x00, 0x7D, 0x00, 0x3F, 0x00, 0x3F, 0x40, 0x03, 0xFA, 0xBF,
    0xD0, 0x00, 0x2F, 0xF8, 0xB4, 0x00, 0x00, 0x00, 0x00, 0x00, 0x07, 0xFF, 0xE9, 0x00, 0x01, 0xFF,
    0xFF, 0xF4, 0x00, 0x7C, 0x01, 0xBF, 0x40, 0x1F, 0x00, 0x02, 0xF0, 0x07, 0xC0, 0x00, 0x3F, 0x01,
    0xF0, 0x00, 0x07, 0xC0, 0x7C, 0x00, 0x00, 0xF4, 0x1F, 0x00, 0x00, 0x3E, 0x3F, 0xFF, 0xC0, 0x0B,
    0x9F, 0xFF, 0xF4, 0x02, 0xE0, 0xBC, 0x00, 0x00, 0xF8, 0x1F, 0x00, 0x00, 0x3D, 0x07, 0xC0, 0x00,
    0x1F, 0x01, 0xF0, 0x00, 0x0F, 0xC0, 0x7C, 0x00, 0x0B, 0xC0, 0x1F, 0x00, 0x1F, 0xD0, 0x07, 0xFF,
    0xFF, 0xD0, 0x01, 0xFF, 0xFE, 0x40, 0x00, 0x00, 0x00, 0x0F, 0x40, 0x00, 0x00, 0x3D, 0x00, 0x03,
    0xFF, 0xFF, 0x00, 0x0F, 0xFF, 0xFC, 0x00, 0x00, 0x0F, 0x40, 0x01, 0xA4, 0x3D, 0x00, 0x7F, 0xFD,
    0xF4, 0x07, 0xE5, 0x7F, 0xD0, 0x3E, 0x00, 0x3F, 0x41, 0xF0, 0x00, 0x7D, 0x07, 0xC0, 0x00, 0xF4,
    0x2E, 0x00, 0x03, 0xD0, 0xB8, 0x00, 0x0F, 0x42, 0xE0, 0x00, 0x3D, 0x07, 0xC0, 0x00, 0xF4, 0x0F,
    0x00, 0x07, 0xD0, 0x3F, 0x00, 0x3F, 0x40, 0x3F, 0xAB, 0xFD, 0x00, 0x2F, 0xF8, 0xB4, 0x00, 0x00,
    0x00, 0x00, 0x0F, 0xFF, 0xD0, 0x3F, 0xFF, 0x40, 0x00, 0x00, 0x1F, 0xFF, 0xFD, 0xBF, 0xFF, 0xF6,
    0xE0, 0x00, 0x0B, 0x80, 0x00, 0x2E, 0x00, 0x00, 0xB8, 0x00, 0x02, 0xE0, 0x00, 0x0B, 0xD5, 0x55,
    0x2F, 0xFF, 0xFC, 0xBE, 0xAA, 0xA2, 0xE0, 0x00, 0x0B, 0x80, 0x00, 0x2E, 0x00, 0x00, 0xB8, 0x00,
    0x02, 0xE0, 0x00, 0x0B, 0x80, 0x00, 0x2F, 0xFF, 0xFD, 0xBF, 0xFF, 0xF4, 0x0B, 0xFF, 0xF0, 0x0B,
    0xFF, 0xE0, 0x00, 0x00, 0x00, 0x00, 0x6A, 0x40, 0x07, 0xFF, 0xE0, 0x0F, 0x91, 0xF8, 0x3E, 0x00,
    0x3D, 0x3C, 0x00, 0x2E, 0x7C, 0x00, 0x2F, 0xBF, 0xFF, 0xFF, 0xBE, 0xAA, 0xAA, 0xB8, 0x00, 0x00,
    0x7C, 0x00, 0x00, 0x3D, 0x00, 0x00, 0x2F, 0x40, 0x04, 0x0F, 0xFA, 0xBC, 0x01, 0xFF, 0xF8, 0x00,
    0x00, 0x00, 0x08, 0x00, 0x40, 0x38, 0x07, 0x40, 0xBF, 0xF8, 0x00, 0x6F, 0x40, 0x00, 0x00, 0x01,
    0xFF, 0xFF, 0xDB, 0xFF, 0xFF, 0x6E, 0x00, 0x00, 0xB8, 0x00, 0x02, 0xE0, 0x00, 0x0B, 0x80, 0x00,
    0x2E, 0x00, 0x00, 0xBD, 0x55, 0x52, 0xFF, 0xFF, 0xCB, 0xEA, 0xAA, 0x2E, 0x00, 0x00, 0xB8, 0x00,
    0x02, 0xE0, 0x00, 0x0B, 0x80, 0x00, 0x2E, 0x00, 0x00, 0xB8, 0x00, 0x02, 0xFF, 0xFF, 0xDB, 0xFF,
    0xFF, 0x40, 0x05, 0x00, 0x10, 0x0B, 0x00, 0xF0, 0x03, 0xFF, 0xC0, 0x00, 0xBE, 0x00, 0x00, 0x00,
    0x00, 0x00, 0x6A, 0x40, 0x07, 0xFF, 0xE0, 0x0F, 0x91, 0xF8, 0x3E, 0x00, 0x3D, 0x3C, 0x00, 0x2E,
    0x7C, 0x00, 0x2F, 0xBF, 0xFF, 0xFF, 0xBE, 0xAA, 0xAA, 0xB8, 0x00, 0x00, 0x7C, 0x00, 0x00, 0x3D,
    0x00, 0x00, 0x2F, 0x40, 0x04, 0x0F, 0xFA, 0xBC, 0x01, 0xFF, 0xF8, 0x00, 0x00, 0x00, 0x00, 0x10,
    0x00, 0x02, 0xF0, 0x00, 0x0B, 0xC0, 0x00, 0x04, 0x00, 0x00, 0x00, 0x01, 0xFF, 0xFF, 0xDB, 0xFF,
    0xFF, 0x6E, 0x00, 0x00, 0xB8, 0x00, 0x02, 0xE0, 0x00, 0x0B, 0x80, 0x00, 0x2E, 0x00, 0x00, 0xBD,
    0x55, 0x52, 0xFF, 0xFF, 0xCB, 0xEA, 0xAA, 0x2E, 0x00, 0x00, 0xB8, 0x00, 0x02, 0xE0, 0x00, 0x0B,
    0x80, 0x00, 0x2E, 0x00, 0x00, 0xB8, 0x00, 0x02, 0xFF, 0xFF, 0xDB, 0xFF, 0xFF, 0x40, 0x00, 0x04,
    0x00, 0x00, 0x3D, 0x00, 0x00, 0x3D, 0x00, 0x00, 0x04, 0x00, 0x00, 0x00, 0x00, 0x00, 0x6A, 0x40,
    0x07, 0xFF, 0xE0, 0x0F, 0x91, 0xF8, 0x3E, 0x00, 0x3D, 0x3C, 0x00, 0x2E, 0x7C, 0x00, 0x2F, 0xBF,
    0xFF, 0xFF, 0xBE, 0xAA, 0xAA, 0xB8, 0x00, 0x00, 0x7C, 0x00, 0x00, 0x3D, 0x00, 0x00, 0x2F, 0x40,
    0x04, 0x0F, 0xFA, 0xBC, 0x01, 0xFF, 0xF8, 0x00, 0x00, 0x00, 0x7F, 0xFF, 0xF6, 0xFF, 0xFF, 0xDB,
    0x80, 0x00, 0x2E, 0x00, 0x00, 0xB8, 0x00, 0x02, 0xE0, 0x00, 0x0B, 0x80, 0x00, 0x2F, 0x55, 0x54,
    0xBF, 0xFF, 0xF2, 0xFA, 0xAA, 0x8B, 0x80, 0x00, 0x2E, 0x00, 0x00, 0xB8, 0x00, 0x02, 0xE0, 0x00,
    0x0B, 0x80, 0x00, 0x2E, 0x00, 0x00, 0xBF, 0xFF, 0xF6, 0xFF, 0xFF, 0xD0, 0x00, 0x2C, 0x00, 0x01,
    0xD0, 0x00, 0x0F, 0x00, 0x00, 0x3C, 0x00, 0x00, 0x7F, 0x40, 0x00, 0x54, 0x00, 0x6A, 0x40, 0x07,
    0xFF, 0xE0, 0x0F, 0x91, 0xF8, 0x3E, 0x00, 0x3D, 0x3C, 0x00, 0x2E, 0x7C, 0x00, 0x2F, 0xBF, 0xFF,
    0xFF, 0xBE, 0xAA, 0xAA, 0xB8, 0x00, 0x00, 0x7C, 0x00, 0x00, 0x3D, 0x00, 0x00, 0x2F, 0x40, 0x04,
    0x0F, 0xFA, 0xBC, 0x01, 0xFF, 0xFC, 0x00, 0x01, 0xF0, 0x00, 0x02, 0xC0, 0x00, 0x03, 0xC0, 0x00,
    0x03, 0xC0, 0x00, 0x02, 0xFC, 0x00, 0x00, 0x54, 0x00, 0x00, 0x00, 0x78, 0x0B, 0x80, 0x7C, 0xB8,
    0x00, 0xBF, 0x80, 0x00, 0xBC, 0x00, 0x00, 0x00, 0x07, 0xFF, 0xFF, 0x6F, 0xFF, 0xFD, 0xB8, 0x00,
    0x02, 0xE0, 0x00, 0x0B, 0x80, 0x00, 0x2E, 0x00, 0x00, 0xB8, 0x00, 0x02, 0xF5, 0x55, 0x4B, 0xFF,
    0xFF, 0x2F, 0xAA, 0xA8, 0xB8, 0x00, 0x02, 0xE0, 0x00, 0x0B, 0x80, 0x00, 0x2E, 0x00, 0x00, 0xB8,
    0x00, 0x02, 0xE0, 0x00, 0x0B, 0xFF, 0xFF, 0x6F, 0xFF, 0xFD, 0x00, 0x00, 0x00, 0x0F, 0x40, 0xF0,
    0x03, 0xD7, 0xC0, 0x00, 0xFF, 0x00, 0x00, 0x7D, 0x00, 0x00, 0x00, 0x00, 0x00, 0x6A, 0x40, 0x07,
    0xFF, 0xE0, 0x0F, 0x91, 0xF8, 0x3E, 0x00, 0x3D, 0x3C, 0x00, 0x2E, 0x7C, 0x00, 0x2F, 0xBF, 0xFF,
    0xFF, 0xBE, 0xAA, 0xAA, 0xB8, 0x00, 0x00, 0x7C, 0x00, 0x00, 0x3D, 0x00, 0x00, 0x2F, 0x40, 0x04,
    0x0F, 0xFA, 0xBC, 0x01, 0xFF, 0xF8, 0x00, 0x00, 0x00, 0x00, 0x00, 0x00, 0x00, 0x00, 0x01, 0xF8,
    0x00, 0x00, 0x07, 0xFD, 0x00, 0x00, 0x0F, 0x0F, 0x40, 0x00, 0x28, 0x02, 0xC0, 0x00, 0x00, 0x00,
    0x00, 0x00, 0x1B, 0xFF, 0xE4, 0x00, 0xFF, 0xFF, 0xFC, 0x03, 0xF8, 0x00, 0x64, 0x0F, 0xC0, 0x00,
    0x00, 0x2F, 0x00, 0x00, 0x00, 0x3E, 0x00, 0x00, 0x00, 0x3C, 0x00, 0x00, 0x00, 0x7C, 0x00, 0x00,
    0x00, 0x7C, 0x00, 0x15, 0x54, 0x7C, 0x00, 0x3F, 0xFD, 0x7C, 0x00, 0x1A, 0xBD, 0x7C, 0x00, 0x00,
    0x3D, 0x3D, 0x00, 0x00, 0x3D, 0x2F, 0x00, 0x00, 0x3D, 0x0F, 0x80, 0x00, 0x3D, 0x07, 0xF4, 0x00,
    0x3D, 0x01, 0xFF, 0xEB, 0xFD, 0x00, 0x2F, 0xFF, 0xF8, 0x00, 0x00, 0x00, 0x00, 0x00, 0x00, 0x00,
    0x00, 0x0F, 0xC0, 0x00, 0x0F, 0xF8, 0x00, 0x0F, 0x4B, 0x80, 0x0B, 0x40, 0x74, 0x00, 0x00, 0x00,
    0x00, 0x06, 0x90, 0x10, 0x1F, 0xFF, 0x6D, 0x1F, 0x91, 0xFF, 0x4F, 0x80, 0x0F, 0xD7, 0xC0, 0x01,
    0xF5, 0xF0, 0x00, 0x3D, 0xB8, 0x00, 0x0F, 0x6E, 0x00, 0x03, 0xDB, 0x80, 0x00, 0xF5, 0xF0, 0x00,
    0x3D, 0x3C, 0x00, 0x1F, 0x4F, 0xC0, 0x0F, 0xD0, 0xFE, 0xAF, 0xF4, 0x0B, 0xFE, 0x3D, 0x00, 0x00,
    0x0F, 0x00, 0x00, 0x03, 0xC0, 0x00, 0x01, 0xF0, 0x50, 0x01, 0xF8, 0x2F, 0xFF, 0xF8, 0x02, 0xFF,
    0xE4, 0x00, 0x00, 0x14, 0x00, 0x40, 0x00, 0x2C, 0x03, 0xC0, 0x00, 0x0F, 0xFF, 0x00, 0x00, 0x02,
    0xF8, 0x00, 0x00, 0x00, 0x00, 0x00, 0x00, 0x1B, 0xFF, 0xE4, 0x00, 0xFF, 0xFF, 0xFC, 0x03, 0xF8,
    0x00, 0x64, 0x0F, 0xC0, 0x00, 0x00, 0x2F, 0x00, 0x00, 0x00, 0x3E, 0x00, 0x00, 0x00, 0x3C, 0x00,
    0x00, 0x00, 0x7C, 0x00, 0x00, 0x00, 0x7C, 0x00, 0x15, 0x54, 0x7C, 0x00, 0x3F, 0xFD, 0x7C, 0x00,
    0x1A, 0xBD, 0x7C, 0x00, 0x00, 0x3D, 0x3D, 0x00, 0x00, 0x3D, 0x2F, 0x00, 0x00, 0x3D, 0x0F, 0x80,
    0x00, 0x3D, 0x07, 0xF4, 0x00, 0x3D, 0x01, 0xFF, 0xEB, 0xFD, 0x00, 0x2F, 0xFF, 0xF8, 0x00, 0x00,
    0x00, 0x00, 0x01, 0x00, 0x20, 0x01, 0xD0, 0x2C, 0x00, 0x3F, 0xFE, 0x00, 0x02, 0xF9, 0x00, 0x00,
    0x00, 0x00, 0x00, 0x1A, 0x40, 0x40, 0x7F, 0xFD, 0xB4, 0x7E, 0x47, 0xFD, 0x3E, 0x00, 0x3F, 0x5F,
    0x00, 0x07, 0xD7, 0xC0, 0x00, 0xF6, 0xE0, 0x00, 0x3D, 0xB8, 0x00, 0x0F, 0x6E, 0x00, 0x03, 0xD7,
    0xC0, 0x00, 0xF4, 0xF0, 0x00, 0x7D, 0x3F, 0x00, 0x3F, 0x43, 0xFA, 0xBF, 0xD0, 0x2F, 0xF8, 0xF4,
    0x00, 0x00, 0x3C, 0x00, 0x00, 0x0F, 0x00, 0x00, 0x07, 0xC1, 0x40, 0x07, 0xE0, 0xBF, 0xFF, 0xE0,
    0x0B, 0xFF, 0x90, 0x00, 0x00, 0x00, 0x10, 0x00, 0x00, 0x00, 0xF4, 0x00, 0x00, 0x00, 0xF4, 0x00,
    0x00, 0x00, 0x10, 0x00, 0x00, 0x00, 0x00, 0x00, 0x00, 0x1B, 0xFF, 0xE4, 0x00, 0xFF, 0xFF, 0xFC,
    0x03, 0xF8, 0x00, 0x64, 0x0F, 0xC0, 0x00, 0x00, 0x2F, 0x00, 0x00, 0x00, 0x3E, 0x00, 0x00, 0x00,
    0x3C, 0x00, 0x00, 0x00, 0x7C, 0x00, 0x00, 0x00, 0x7C, 0x00, 0x15, 0x54, 0x7C, 0x00, 0x3F, 0xFD,
    0x7C, 0x00, 0x1A, 0xBD, 0x7C, 0x00, 0x00, 0x3D, 0x3D, 0x00, 0x00, 0x3D, 0x2F, 0x00, 0x00, 0x3D,
    0x0F, 0x80, 0x00, 0x3D, 0x07, 0xF4, 0x00, 0x3D, 0x01, 0xFF, 0xEB, 0xFD, 0x00, 0x2F, 0xFF, 0xF8,
    0x00, 0x00, 0x00, 0x00, 0x00, 0x04, 0x00, 0x00, 0x0F, 0x80, 0x00, 0x02, 0xE0, 0x00, 0x00, 0x10,
    0x00, 0x00, 0x00, 0x00, 0x00, 0x1A, 0x40, 0x40, 0x7F, 0xFD, 0xB4, 0x7E, 0x47, 0xFD, 0x3E, 0x00,
    0x3F, 0x5F, 0x00, 0x07, 0xD7, 0xC0, 0x00, 0xF6, 0xE0, 0x00, 0x3D, 0xB8, 0x00, 0x0F, 0x6E, 0x00,
    0x03, 0xD7, 0xC0, 0x00, 0xF4, 0xF0, 0x00, 0x7D, 0x3F, 0x00, 0x3F, 0x43, 0xFA, 0xBF, 0xD0, 0x2F,
    0xF8, 0xF4, 0x00, 0x00, 0x3C, 0x00, 0x00, 0x0F, 0x00, 0x00, 0x07, 0xC1, 0x40, 0x07, 0xE0, 0xBF,
    0xFF, 0xE0, 0x0B, 0xFF, 0x90, 0x00, 0x00, 0x00, 0x00, 0x00, 0x00, 0x1B, 0xFF, 0xE4, 0x00, 0xFF,
    0xFF, 0xFC, 0x03, 0xF8, 0x00, 0x64, 0x0F, 0xC0, 0x00, 0x00, 0x2F, 0x00, 0x00, 0x00, 0x3E, 0x00,
    0x00, 0x00, 0x3C, 0x00, 0x00, 0x00, 0x7C, 0x00, 0x00, 0x00, 0x7C, 0x00, 0x15, 0x54, 0x7C, 0x00,
    0x3F, 0xFD, 0x7C, 0x00, 0x1A, 0xBD, 0x7C, 0x00, 0x00, 0x3D, 0x3D, 0x00, 0x00, 0x3D, 0x2F, 0x00,
    0x00, 0x3D, 0x0F, 0x80, 0x00, 0x3D, 0x07, 0xF4, 0x00, 0x3D, 0x01, 0xFF, 0xEB, 0xFD, 0x00, 0x2F,
    0xFF, 0xF8, 0x00, 0x00, 0x00, 0x00, 0x00, 0x00, 0x54, 0x00, 0x00, 0x00, 0xB4, 0x00, 0x00, 0x00,
    0xF0, 0x00, 0x00, 0x01, 0xD0, 0x00, 0x00, 0x01, 0x40, 0x00, 0x00, 0x00, 0x00, 0x00, 0x02, 0xC0,
    0x00, 0x00, 0xE0, 0x00, 0x00, 0xB4, 0x00, 0x00, 0x3C, 0x00, 0x00, 0x00, 0x00, 0x00, 0x06, 0x90,
    0x10, 0x1F, 0xFF, 0x6D, 0x1F, 0x91, 0xFF, 0x4F, 0x80, 0x0F, 0xD7, 0xC0, 0x01, 0xF5, 0xF0, 0x00,
    0x3D, 0xB8, 0x00, 0x0F, 0x6E, 0x00, 0x03, 0xDB, 0x80, 0x00, 0xF5, 0xF0, 0x00, 0x3D, 0x3C, 0x00,
    0x1F, 0x4F, 0xC0, 0x0F, 0xD0, 0xFE, 0xAF, 0xF4, 0x0B, 0xFE, 0x3D, 0x00, 0x00, 0x0F, 0x00, 0x00,
    0x03, 0xC0, 0x00, 0x01, 0xF0, 0x50, 0x01, 0xF8, 0x2F, 0xFF, 0xF8, 0x02, 0xFF, 0xE4, 0x00, 0x00,
    0x00, 0x00, 0x00, 0x00, 0x7F, 0x00, 0x00, 0x03, 0xFE, 0x00, 0x00, 0x3D, 0x3D, 0x00, 0x02, 0xC0,
    0x2D, 0x00, 0x00, 0x00, 0x00, 0x07, 0x80, 0x00, 0x0F, 0x2E, 0x00, 0x00, 0x3C, 0xB8, 0x00, 0x00,
    0xF2, 0xE0, 0x00, 0x03, 0xCB, 0x80, 0x00, 0x0F, 0x2E, 0x00, 0x00, 0x3C, 0xB8, 0x00, 0x00, 0xF2,
    0xF5, 0x55, 0x57, 0xCB, 0xFF, 0xFF, 0xFF, 0x2F, 0xAA, 0xAA, 0xBC, 0xB8, 0x00, 0x00, 0xF2, 0xE0,
    0x00, 0x03, 0xCB, 0x80, 0x00, 0x0F, 0x2E, 0x00, 0x00, 0x3C, 0xB8, 0x00, 0x00, 0xF2, 0xE0, 0x00,
    0x03, 0xCB, 0x80, 0x00, 0x0F, 0x2E, 0x00, 0x00, 0x3C, 0x00, 0x00, 0x00, 0x00, 0x1F, 0xC0, 0x00,
    0x00, 0xFF, 0x80, 0x00, 0x0F, 0x4F, 0x40, 0x00, 0xB0, 0x0B, 0x00, 0x00, 0x00, 0x00, 0x00, 0x00,
    0x00, 0x00, 0x00, 0x00, 0xF4, 0x00, 0x00, 0x03, 0xD0, 0x00, 0x00, 0x0F, 0x40, 0x00, 0x00, 0x3D,
    0x00, 0x00, 0x00, 0xF4, 0x00, 0x00, 0x03, 0xD0, 0xA9, 0x00, 0x0F, 0x6F, 0xFF, 0x00, 0x3F, 0xD4,
    0x7F, 0x00, 0xFC, 0x00, 0x3C, 0x03, 0xE0, 0x00, 0xF4, 0x0F, 0x40, 0x03, 0xD0, 0x3D, 0x00, 0x0F,
    0x40, 0xF4, 0x00, 0x3D, 0x03, 0xD0, 0x00, 0xF4, 0x0F, 0x40, 0x03, 0xD0, 0x3D, 0x00, 0x0F, 0x40,
    0xF4, 0x00, 0x3D, 0x03, 0xD0, 0x00, 0xF4, 0x0F, 0x40, 0x03, 0xD0, 0x07, 0x80, 0x00, 0x0F, 0x00,
    0x2E, 0x00, 0x00, 0x3C, 0x00, 0xB8, 0x00, 0x00, 0xF0, 0x3F, 0xFF, 0xFF, 0xFF, 0xFD, 0xFF, 0xFF,
    0xFF, 0xFF, 0xF4, 0x2E, 0x00, 0x00, 0x3C, 0x00, 0xB8, 0x00, 0x00, 0xF0, 0x02, 0xF5, 0x55, 0x57,
    0xC0, 0x0B, 0xFF, 0xFF, 0xFF, 0x00, 0x2F, 0xAA, 0xAA, 0xBC, 0x00, 0xB8, 0x00, 0x00, 0xF0, 0x02,
    0xE0, 0x00, 0x03, 0xC0, 0x0B, 0x80, 0x00, 0x0F, 0x00, 0x2E, 0x00, 0x00, 0x3C, 0x00, 0xB8, 0x00,
    0x00, 0xF0, 0x02, 0xE0, 0x00, 0x03, 0xC0, 0x0B, 0x80, 0x00, 0x0F, 0x00, 0x2E, 0x00, 0x00, 0x3C,
    0x00, 0x0F, 0x40, 0x00, 0x00, 0xF4, 0x00, 0x00, 0xBF, 0xFF, 0xD0, 0x0B, 0xFF, 0xFE, 0x00, 0x0F,
    0x40, 0x00, 0x00, 0xF4, 0x00, 0x00, 0x0F, 0x5F, 0xFD, 0x00, 0xFB, 0xFB, 0xF8, 0x0F, 0xE0, 0x0B,
    0xC0, 0xFC, 0x00, 0x3D, 0x0F, 0x80, 0x03, 0xD0, 0xF4, 0x00, 0x3D, 0x0F, 0x40, 0x03, 0xD0, 0xF4,
    0x00, 0x3D, 0x0F, 0x40, 0x03, 0xD0, 0xF4, 0x00, 0x3D, 0x0F, 0x40, 0x03, 0xD0, 0xF4, 0x00, 0x3D,
    0x0F, 0x40, 0x03, 0xD0, 0x01, 0x00, 0x11, 0xFE, 0x0E, 0x39, 0xFF, 0xD3, 0x01, 0xB4, 0x00, 0x00,
    0x00, 0xFF, 0xF4, 0x0B, 0xFE, 0x00, 0x0F, 0x40, 0x00, 0xF4, 0x00, 0x0F, 0x40, 0x00, 0xF4, 0x00,
    0x0F, 0x40, 0x00, 0xF4, 0x00, 0x0F, 0x40, 0x00, 0xF4, 0x00, 0x0F, 0x40, 0x00, 0xF4, 0x00, 0x0F,
    0x40, 0x00, 0xF4, 0x00, 0x0F, 0x40, 0x00, 0xF4, 0x00, 0x6F, 0xE0, 0x0F, 0xFF, 0x40, 0x01, 0x00,
    0x11, 0xFE, 0x0E, 0x39, 0xFF, 0xD3, 0x01, 0xB4, 0x00, 0x00, 0x00, 0x05, 0x00, 0x00, 0xF4, 0x00,
    0x0F, 0x40, 0x00, 0xF4, 0x00, 0x0F, 0x40, 0x00, 0xF4, 0x00, 0x0F, 0x40, 0x00, 0xF4, 0x00, 0x0F,
    0x40, 0x00, 0xF4, 0x00, 0x0F, 0x40, 0x00, 0xF4, 0x00, 0x0F, 0x40, 0x00, 0xF4, 0x00, 0x7F, 0xFF,
    0x7F, 0xFF, 0x00, 0x00, 0x3F, 0xFD, 0x2F, 0xF8, 0x03, 0xD0, 0x03, 0xD0, 0x03, 0xD0, 0x03, 0xD0,
    0x03, 0xD0, 0x03, 0xD0, 0x03, 0xD0, 0x03, 0xD0, 0x03, 0xD0, 0x03, 0xD0, 0x03, 0xD0, 0x03, 0xD0,
    0x03, 0xD0, 0x03, 0xD0, 0x1B, 0xF8, 0x3F, 0xFD, 0x7F, 0xFF, 0x7F, 0xFF, 0x00, 0x00, 0x01, 0x40,
    0x03, 0xD0, 0x03, 0xD0, 0x03, 0xD0, 0x03, 0xD0, 0x03, 0xD0, 0x03, 0xD0, 0x03, 0xD0, 0x03, 0xD0,
    0x03, 0xD0, 0x03, 0xD0, 0x03, 0xD0, 0x03, 0xD0, 0x03, 0xD0, 0x50, 0x02, 0x1C, 0x02, 0xC3, 0xFF,
    0xD0, 0x2F, 0x80, 0x00, 0x00, 0x0F, 0xFF, 0x42, 0xFF, 0x80, 0x0F, 0x40, 0x03, 0xD0, 0x00, 0xF4,
    0x00, 0x3D, 0x00, 0x0F, 0x40, 0x03, 0xD0, 0x00, 0xF4, 0x00, 0x3D, 0x00, 0x0F, 0x40, 0x03, 0xD0,
    0x00, 0xF4, 0x00, 0x3D, 0x00, 0x0F, 0x40, 0x03, 0xD0, 0x06, 0xFE, 0x03, 0xFF, 0xD0, 0x50, 0x02,
    0x1C, 0x02, 0xC3, 0xFF, 0xD0, 0x2F, 0x80, 0x00, 0x00, 0x00, 0x50, 0x00, 0x3D, 0x00, 0x0F, 0x40,
    0x03, 0xD0, 0x00, 0xF4, 0x00, 0x3D, 0x00, 0x0F, 0x40, 0x03, 0xD0, 0x00, 0xF4, 0x00, 0x3D, 0x00,
    0x0F, 0x40, 0x03, 0xD0, 0x00, 0xF4, 0x00, 0x3D, 0x00, 0xFF, 0xF6, 0xFF, 0x80, 0xF4, 0x03, 0xD0,
    0x0F, 0x40, 0x3D, 0x00, 0xF4, 0x03, 0xD0, 0x0F, 0x40, 0x3D, 0x00, 0xF4, 0x03, 0xD0, 0x0F, 0x40,
    0x3D, 0x00, 0xF4, 0x03, 0xD0, 0x6F, 0xE3, 0xFF, 0xD0, 0x1D, 0x00, 0xE0, 0x0B, 0x00, 0x2D, 0x00,
    0x7F, 0x40, 0x14, 0x01, 0x03, 0xD0, 0xF4, 0x04, 0x00, 0x01, 0x40, 0xF4, 0x3D, 0x0F, 0x43, 0xD0,
    0xF4, 0x3D, 0x0F, 0x43, 0xD0, 0xF4, 0x3D, 0x0F, 0x43, 0xD0, 0xF4, 0x38, 0x3C, 0x0E, 0x07, 0x80,
    0xFF, 0x05, 0x40, 0x01, 0x00, 0x3D, 0x00, 0xF4, 0x00, 0x40, 0x00, 0x03, 0xFF, 0xDB, 0xFE, 0x03,
    0xD0, 0x0F, 0x40, 0x3D, 0x00, 0xF4, 0x03, 0xD0, 0x0F, 0x40, 0x3D, 0x00, 0xF4, 0x03, 0xD0, 0x0F,
    0x40, 0x3D, 0x00, 0xF4, 0x03, 0xD0, 0x0F, 0x41, 0xBF, 0x8F, 0xFF, 0x40, 0x53, 0xDF, 0x7D, 0xF7,
    0xDF, 0x7D, 0xF7, 0xDF, 0x7D, 0xF7, 0xD0, 0xFF, 0xF4, 0x0F, 0x2F, 0xF8, 0x03, 0xC0, 0xF4, 0x00,
    0xF0, 0x3D, 0x00, 0x3C, 0x0F, 0x40, 0x0F, 0x03, 0xD0, 0x03, 0xC0, 0xF4, 0x00, 0xF0, 0x3D, 0x00,
    0x3C, 0x0F, 0x40, 0x0F, 0x03, 0xD0, 0x03, 0xC0, 0xF4, 0x00, 0xF0, 0x3D, 0x00, 0x3C, 0x0F, 0x40,
    0x0F, 0x03, 0xD0, 0x03, 0xC0, 0xF4, 0x00, 0xF0, 0x3D, 0x00, 0x3C, 0x6F, 0xE0, 0x0F, 0x3F, 0xFD,
    0x03, 0xC0, 0x00, 0x01, 0xF0, 0x00, 0x00, 0xBC, 0x00, 0x04, 0xBD, 0x00, 0x07, 0xFE, 0x00, 0x00,
    0xA9, 0x00, 0x04, 0x00, 0x43, 0xD0, 0x2F, 0x3D, 0x01, 0xF0, 0x40, 0x04, 0x00, 0x00, 0x01, 0x40,
    0x05, 0x3D, 0x01, 0xF3, 0xD0, 0x1F, 0x3D, 0x01, 0xF3, 0xD0, 0x1F, 0x3D, 0x01, 0xF3, 0xD0, 0x1F,
    0x3D, 0x01, 0xF3, 0xD0, 0x1F, 0x3D, 0x01, 0xF3, 0xD0, 0x1F, 0x3D, 0x01, 0xF3, 0xD0, 0x1F, 0x3D,
    0x01, 0xF0, 0x00, 0x1F, 0x00, 0x01, 0xF0, 0x00, 0x1F, 0x00, 0x03, 0xE0, 0x0F, 0xFC, 0x00, 0xFF,
    0x40, 0x00, 0x00, 0x00, 0x0F, 0xC0, 0x03, 0xFE, 0x00, 0xF4, 0xB8, 0x2D, 0x01, 0xD0, 0x00, 0x00,
    0x00, 0xB4, 0x00, 0x0B, 0x80, 0x00, 0xB8, 0x00, 0x0B, 0x80, 0x00, 0xB8, 0x00, 0x0B, 0x80, 0x00,
    0xB8, 0x00, 0x0B, 0x80, 0x00, 0xB8, 0x00, 0x0B, 0x80, 0x00, 0xB8, 0x00, 0x0B, 0x80, 0x00, 0xB8,
    0x00, 0x0B, 0x80, 0x00, 0xB8, 0x00, 0x0B, 0x80, 0x00, 0xB8, 0x00, 0x0B, 0x80, 0x00, 0xB8, 0x00,
    0x0F, 0x40, 0x47, 0xF0, 0x0F, 0xFD, 0x00, 0xAA, 0x00, 0x00, 0x00, 0x00, 0x00, 0x1F, 0x80, 0x03,
    0xFE, 0x00, 0xF4, 0xF4, 0x2C, 0x02, 0xC0, 0x00, 0x00, 0x00, 0x50, 0x00, 0x0F, 0x40, 0x00, 0xF4,
    0x00, 0x0F, 0x40, 0x00, 0xF4, 0x00, 0x0F, 0x40, 0x00, 0xF4, 0x00, 0x0F, 0x40, 0x00, 0xF4, 0x00,
    0x0F, 0x40, 0x00, 0xF4, 0x00, 0x0F, 0x40, 0x00, 0xF4, 0x00, 0x0F, 0x40, 0x00, 0xF4, 0x00, 0x0F,
    0x40, 0x00, 0xF4, 0x00, 0x1F, 0x00, 0x7F, 0xE0, 0x07, 0xF8, 0x00, 0x78, 0x00, 0x0B, 0x8B, 0x80,
    0x02, 0xF0, 0xB8, 0x00, 0xBC, 0x0B, 0x80, 0x1F, 0x00, 0xB8, 0x07, 0xD0, 0x0B, 0x80, 0xF4, 0x00,
    0xB8, 0x3D, 0x00, 0x0B, 0x8F, 0x80, 0x00, 0xBB, 0xF8, 0x00, 0x0B, 0xFB, 0xD0, 0x00, 0xBD, 0x2F,
    0x00, 0x0B, 0x80, 0xF8, 0x00, 0xB8, 0x07, 0xD0, 0x0B, 0x80, 0x2F, 0x00, 0xB8, 0x00, 0xFC, 0x0B,
    0x80, 0x03, 0xE0, 0xB8, 0x00, 0x1F, 0x4B, 0x80, 0x00, 0xBC, 0x00, 0x00, 0x00, 0x00, 0x00, 0x50,
    0x00, 0x00, 0x1E, 0x00, 0x00, 0x03, 0xC0, 0x00, 0x00, 0x38, 0x00, 0x00, 0x02, 0x00, 0x00, 0xF4,
    0x00, 0x00, 0xF4, 0x00, 0x00, 0xF4, 0x00, 0x00, 0xF4, 0x00, 0x00, 0xF4, 0x00, 0x00, 0xF4, 0x00,
    0x50, 0xF4, 0x02, 0xF0, 0xF4, 0x0B, 0xC0, 0xF4, 0x2F, 0x00, 0xF4, 0xBC, 0x00, 0xF5, 0xF0, 0x00,
    0xF7, 0xE0, 0x00, 0xFF, 0xF0, 0x00, 0xFC, 0xBC, 0x00, 0xF4, 0x3E, 0x00, 0xF4, 0x0F, 0x40, 0xF4,
    0x07, 0xC0, 0xF4, 0x02, 0xF0, 0xF4, 0x00, 0xF8, 0x00, 0x00, 0x00, 0x00, 0x50, 0x00, 0x00, 0xF0,
    0x00, 0x01, 0xE0, 0x00, 0x02, 0xC0, 0x00, 0x01, 0x00, 0x00, 0x50, 0x00, 0x50, 0xF4, 0x02, 0xF0,
    0xF4, 0x0B, 0xC0, 0xF4, 0x1F, 0x40, 0xF4, 0x7D, 0x00, 0xF4, 0xF8, 0x00, 0xF7, 0xF0, 0x00, 0xFF,
    0xF4, 0x00, 0xFD, 0xBC, 0x00, 0xF8, 0x3F, 0x00, 0xF4, 0x0F, 0x80, 0xF4, 0x07, 0xD0, 0xF4, 0x02,
    0xF0, 0xF4, 0x00, 0xF8, 0x00, 0x00, 0x00, 0x3F, 0x00, 0x01, 0xF0, 0x00, 0x0F, 0x00, 0x00, 0xB0,
    0x00, 0x00, 0x00, 0x00, 0x07, 0x80, 0x00, 0x2E, 0x00, 0x00, 0xB8, 0x00, 0x02, 0xE0, 0x00, 0x0B,
    0x80, 0x00, 0x2E, 0x00, 0x00, 0xB8, 0x00, 0x02, 0xE0, 0x00, 0x0B, 0x80, 0x00, 0x2E, 0x00, 0x00,
    0xB8, 0x00, 0x02, 0xE0, 0x00, 0x0B, 0x80, 0x00, 0x2E, 0x00, 0x00, 0xB8, 0x00, 0x02, 0xE0, 0x00,
    0x0B, 0xFF, 0xFF, 0x6F, 0xFF, 0xFD, 0x00, 0x00, 0x3E, 0x0B, 0xC1, 0xF0, 0x38, 0x00, 0x00, 0x00,
    0x03, 0xD0, 0x3D, 0x03, 0xD0, 0x3D, 0x03, 0xD0, 0x3D, 0x03, 0xD0, 0x3D, 0x03, 0xD0, 0x3D, 0x03,
    0xD0, 0x3D, 0x03, 0xD0, 0x3D, 0x03, 0xD0, 0x3D, 0x03, 0xD0, 0x3D, 0x03, 0xD0, 0x78, 0x00, 0x02,
    0xE0, 0x00, 0x0B, 0x80, 0x00, 0x2E, 0x00, 0x00, 0xB8, 0x00, 0x02, 0xE0, 0x00, 0x0B, 0x80, 0x00,
    0x2E, 0x00, 0x00, 0xB8, 0x00, 0x02, 0xE0, 0x00, 0x0B, 0x80, 0x00, 0x2E, 0x00, 0x00, 0xB8, 0x00,
    0x02, 0xE0, 0x00, 0x0B, 0x80, 0x00, 0x2E, 0x00, 0x00, 0xBF, 0xFF, 0xF6, 0xFF, 0xFF, 0xD0, 0x00,
    0x00, 0x00, 0x05, 0x00, 0x00, 0x3C, 0x00, 0x02, 0xD0, 0x00, 0x0F, 0x00, 0x00, 0x20, 0x00, 0x3D,
    0x3D, 0x3D, 0x3D, 0x3D, 0x3D, 0x3D, 0x3D, 0x3D, 0x3D, 0x3D, 0x3D, 0x3D, 0x3D, 0x3D, 0x3D, 0x3D,
    0x3D, 0x3D, 0x00, 0x05, 0x2E, 0x3C, 0x38, 0x20, 0x78, 0x00, 0xB6, 0xE0, 0x03, 0xCB, 0x80, 0x0E,
    0x2E, 0x00, 0x70, 0xB8, 0x00, 0x02, 0xE0, 0x00, 0x0B, 0x80, 0x00, 0x2E, 0x00, 0x00, 0xB8, 0x00,
    0x02, 0xE0, 0x00, 0x0B, 0x80, 0x00, 0x2E, 0x00, 0x00, 0xB8, 0x00, 0x02, 0xE0, 0x00, 0x0B, 0x80,
    0x00, 0x2E, 0x00, 0x00, 0xBF, 0xFF, 0xF6, 0xFF, 0xFF, 0xD0, 0xF4, 0xF7, 0xD3, 0xCF, 0x4D, 0x3D,
    0xB0, 0xF4, 0x03, 0xD0, 0x0F, 0x40, 0x3D, 0x00, 0xF4, 0x03, 0xD0, 0x0F, 0x40, 0x3D, 0x00, 0xF4,
    0x03, 0xD0, 0x0F, 0x40, 0x3D, 0x00, 0xF4, 0x03, 0xD0, 0x0F, 0x40, 0x00, 0x78, 0x00, 0x02, 0xE0,
    0x00, 0x0B, 0x80, 0x00, 0x2E, 0x00, 0x00, 0xB8, 0x00, 0x02, 0xE0, 0x00, 0x0B, 0x80, 0x00, 0x2E,
    0x00, 0x40, 0xB8, 0x0B, 0xC2, 0xE0, 0x2F, 0x0B, 0x80, 0x10, 0x2E, 0x00, 0x00, 0xB8, 0x00, 0x02,
    0xE0, 0x00, 0x0B, 0x80, 0x00, 0x2E, 0x00, 0x00, 0xBF, 0xFF, 0xF6, 0xFF, 0xFF, 0xD0, 0xF4, 0x0F,
    0x40, 0xF4, 0x0F, 0x40, 0xF4, 0x0F, 0x40, 0xF4, 0x0F, 0x40, 0xF4, 0x4F, 0x6F, 0xF6, 0xFF, 0x44,
    0xF4, 0x0F, 0x40, 0xF4, 0x0F, 0x40, 0xF4, 0x0F, 0x40, 0xF4, 0x00, 0x07, 0x80, 0x00, 0x02, 0xE0,
    0x00, 0x00, 0xB8, 0x00, 0x00, 0x2E, 0x00, 0x00, 0x0B, 0x80, 0x00, 0x02, 0xE0, 0x00, 0x00, 0xB8,
    0x00, 0x00, 0x2E, 0x2E, 0x00, 0x0B, 0xFF, 0x40, 0x02, 0xFD, 0x00, 0x02, 0xFC, 0x00, 0x01, 0xFE,
    0x00, 0x00, 0x1B, 0x80, 0x00, 0x02, 0xE0, 0x00, 0x00, 0xB8, 0x00, 0x00, 0x2E, 0x00, 0x00, 0x0B,
    0xFF, 0xFF, 0x42, 0xFF, 0xFF, 0xD0, 0x03, 0xC0, 0x03, 0xC0, 0x03, 0xC0, 0x03, 0xC0, 0x03, 0xC0,
    0x03, 0xC0, 0x03, 0xC0, 0x03, 0xC4, 0x03, 0xFD, 0x03, 0xF8, 0x1F, 0xD0, 0x3F, 0xC0, 0x13, 0xC0,
    0x03, 0xC0, 0x03, 0xC0, 0x03, 0xC0, 0x03, 0xC0, 0x03, 0xC0, 0x03, 0xC0, 0x00, 0x00, 0x00, 0x00,
    0x00, 0x03, 0xF0, 0x00, 0x00, 0x1F, 0x00, 0x00, 0x00, 0xF0, 0x00, 0x00, 0x0B, 0x00, 0x00, 0x00,
    0x00, 0x00, 0x07, 0xD0, 0x00, 0x07, 0x6F, 0xC0, 0x00, 0x2E, 0xBF, 0x80, 0x00, 0xBA, 0xEF, 0x00,
    0x02, 0xEB, 0x6F, 0x00, 0x0B, 0xAD, 0x3D, 0x00, 0x2E, 0xB4, 0x7C, 0x00, 0xBA, 0xD0, 0xFC, 0x02,
    0xEB, 0x80, 0xF4, 0x0B, 0xAE, 0x02, 0xF0, 0x2E, 0xB8, 0x03, 0xE0, 0xBA, 0xE0, 0x03, 0xD2, 0xEB,
    0x80, 0x0B, 0xC7, 0xAE, 0x00, 0x0F, 0x9E, 0xB8, 0x00, 0x1F, 0xBA, 0xE0, 0x00, 0x2F, 0xEB, 0x80,
    0x00, 0x3F, 0xAE, 0x00, 0x00, 0x7E, 0x00, 0x00, 0x00, 0x00, 0x0B, 0xC0, 0x00, 0x0F, 0x40, 0x00,
    0x3D, 0x00, 0x00, 0x74, 0x00, 0x00, 0x00, 0x00, 0x50, 0x6A, 0x40, 0xF2, 0xFF, 0xF0, 0xFF, 0x51,
    0xFC, 0xFC, 0x00, 0x3C, 0xF8, 0x00, 0x3D, 0xF4, 0x00, 0x3D, 0xF4, 0x00, 0x3D, 0xF4, 0x00, 0x3D,
    0xF4, 0x00, 0x3D, 0xF4, 0x00, 0x3D, 0xF4, 0x00, 0x3D, 0xF4, 0x00, 0x3D, 0xF4, 0x00, 0x3D, 0xF4,
    0x00, 0x3D, 0x7D, 0x00, 0x00, 0x76, 0xFC, 0x00, 0x02, 0xEB, 0xF8, 0x00, 0x0B, 0xAE, 0xF0, 0x00,
    0x2E, 0xB6, 0xF0, 0x00, 0xBA, 0xD3, 0xD0, 0x02, 0xEB, 0x47, 0xC0, 0x0B, 0xAD, 0x0F, 0xC0, 0x2E,
    0xB8, 0x0F, 0x40, 0xBA, 0xE0, 0x2F, 0x02, 0xEB, 0x80, 0x3E, 0x0B, 0xAE, 0x00, 0x3D, 0x2E, 0xB8,
    0x00, 0xBC, 0x7A, 0xE0, 0x00, 0xF9, 0xEB, 0x80, 0x01, 0xFB, 0xAE, 0x00, 0x02, 0xFE, 0xB8, 0x00,
    0x03, 0xFA, 0xE0, 0x00, 0x07, 0xE0, 0x00, 0x00, 0x00, 0x00, 0x00, 0x50, 0x00, 0x00, 0x03, 0xC0,
    0x00, 0x00, 0x2D, 0x00, 0x00, 0x00, 0xF0, 0x00, 0x00, 0x02, 0x00, 0x00, 0x50, 0x6A, 0x40, 0xF2,
    0xFF, 0xF0, 0xFF, 0x51, 0xFC, 0xFC, 0x00, 0x3C, 0xF8, 0x00, 0x3D, 0xF4, 0x00, 0x3D, 0xF4, 0x00,
    0x3D, 0xF4, 0x00, 0x3D, 0xF4, 0x00, 0x3D, 0xF4, 0x00, 0x3D, 0xF4, 0x00, 0x3D, 0xF4, 0x00, 0x3D,
    0xF4, 0x00, 0x3D, 0xF4, 0x00, 0x3D, 0x00, 0x00, 0x00, 0x00, 0x14, 0x00, 0x00, 0x3C, 0x00, 0x00,
    0x78, 0x00, 0x00, 0xB0, 0x00, 0x00, 0x50, 0x00, 0x00, 0x00, 0x00, 0x00, 0x07, 0x80, 0xB4, 0x00,
    0x0B, 0xCF, 0x40, 0x00, 0x0B, 0xF8, 0x00, 0x00, 0x0B, 0x80, 0x00, 0x00, 0x00, 0x00, 0x07, 0xD0,
    0x00, 0x07, 0x6F, 0xC0, 0x00, 0x2E, 0xBF, 0x80, 0x00, 0xBA, 0xEF, 0x00, 0x02, 0xEB, 0x6F, 0x00,
    0x0B, 0xAD, 0x3D, 0x00, 0x2E, 0xB4, 0x7C, 0x00, 0xBA, 0xD0, 0xFC, 0x02, 0xEB, 0x80, 0xF4, 0x0B,
    0xAE, 0x02, 0xF0, 0x2E, 0xB8, 0x03, 0xE0, 0xBA, 0xE0, 0x03, 0xD2, 0xEB, 0x80, 0x0B, 0xC7, 0xAE,
    0x00, 0x0F, 0x9E, 0xB8, 0x00, 0x1F, 0xBA, 0xE0, 0x00, 0x2F, 0xEB, 0x80, 0x00, 0x3F, 0xAE, 0x00,
    0x00, 0x7E, 0x00, 0x00, 0x00, 0x0F, 0x01, 0xE0, 0x07, 0xCB, 0x80, 0x01, 0xFF, 0x00, 0x00, 0xBC,
    0x00, 0x00, 0x00, 0x00, 0x50, 0x6A, 0x40, 0xF2, 0xFF, 0xF0, 0xFF, 0x51, 0xFC, 0xFC, 0x00, 0x3C,
    0xF8, 0x00, 0x3D, 0xF4, 0x00, 0x3D, 0xF4, 0x00, 0x3D, 0xF4, 0x00, 0x3D, 0xF4, 0x00, 0x3D, 0xF4,
    0x00, 0x3D, 0xF4, 0x00, 0x3D, 0xF4, 0x00, 0x3D, 0xF4, 0x00, 0x3D, 0xF4, 0x00, 0x3D, 0x2E, 0x00,
    0x00, 0x00, 0x3D, 0x00, 0x00, 0x00, 0x3C, 0x00, 0x00, 0x00, 0x7C, 0x00, 0x00, 0x00, 0xB4, 0x50,
    0x6A, 0x40, 0xF0, 0xF3, 0xFF, 0xF0, 0x40, 0xFF, 0x45, 0xF8, 0x00, 0xFC, 0x00, 0x7C, 0x00, 0xF4,
    0x00, 0x3C, 0x00, 0xF0, 0x00, 0x3C, 0x00, 0xF0, 0x00, 0x3C, 0x00, 0xF0, 0x00, 0x3C, 0x00, 0xF0,
    0x00, 0x3C, 0x00, 0xF0, 0x00, 0x3C, 0x00, 0xF0, 0x00, 0x3C, 0x00, 0xF0, 0x00, 0x3C, 0x00, 0xF0,
    0x00, 0x3C, 0x00, 0xF0, 0x00, 0x3C, 0x7D, 0x00, 0x00, 0x76, 0xFC, 0x00, 0x02, 0xEB, 0xF8, 0x00,
    0x0B, 0xAE, 0xF4, 0x00, 0x2E, 0xB6, 0xF0, 0x00, 0xBA, 0xD3, 0xE0, 0x02, 0xEB, 0x47, 0xD0, 0x0B,
    0xAD, 0x0B, 0xC0, 0x2E, 0xB8, 0x0F, 0x80, 0xBA, 0xE0, 0x1F, 0x42, 0xEB, 0x80, 0x2F, 0x0B, 0xAE,
    0x00, 0x3E, 0x1E, 0xB8, 0x00, 0x7D, 0x7A, 0xE0, 0x00, 0xBD, 0xEB, 0x80, 0x00, 0xFF, 0xAE, 0x00,
    0x00, 0xFE, 0xB8, 0x00, 0x02, 0xFA, 0xE0, 0x00, 0x03, 0xE0, 0x00, 0x00, 0x0B, 0x80, 0x00, 0x00,
    0x3D, 0x00, 0x00, 0x46, 0xF0, 0x00, 0x03, 0xFF, 0x40, 0x00, 0x0A, 0xA0, 0x00, 0x50, 0x6A, 0x40,
    0xF2, 0xFF, 0xF0, 0xFF, 0x51, 0xFC, 0xFC, 0x00, 0x3D, 0xF8, 0x00, 0x3D, 0xF4, 0x00, 0x3D, 0xF4,
    0x00, 0x3D, 0xF4, 0x00, 0x3D, 0xF4, 0x00, 0x3D, 0xF4, 0x00, 0x3D, 0xF4, 0x00, 0x3D, 0xF4, 0x00,
    0x3D, 0xF4, 0x00, 0x3D, 0xF4, 0x00, 0x3D, 0x00, 0x00, 0x3D, 0x00, 0x00, 0x3D, 0x00, 0x00, 0x3D,
    0x00, 0x00, 0x3D, 0x00, 0x0F, 0xFC, 0x00, 0x0F, 0xE0, 0x00, 0x3F, 0xFF, 0x40, 0x00, 0x0F, 0xFF,
    0xD0, 0x00, 0x00, 0x00, 0x00, 0x00, 0x00, 0xBF, 0xFD, 0x00, 0x01, 0xFF, 0xFF, 0xF0, 0x01, 0xF8,
    0x00, 0x7F, 0x00, 0xF8, 0x00, 0x03, 0xE0, 0xBC, 0x00, 0x00, 0x7C, 0x3D, 0x00, 0x00, 0x0F, 0x8F,
    0x00, 0x00, 0x02, 0xF7, 0xC0, 0x00, 0x00, 0x7D, 0xF0, 0x00, 0x00, 0x1F, 0x7C, 0x00, 0x00, 0x07,
    0xDF, 0x00, 0x00, 0x01, 0xF7, 0xC0, 0x00, 0x00, 0xBC, 0xF4, 0x00, 0x00, 0x3E, 0x2F, 0x00, 0x00,
    0x1F, 0x07, 0xD0, 0x00, 0x0F, 0x80, 0xBE, 0x00, 0x1F, 0xC0, 0x0B, 0xFE, 0xBF, 0xC0, 0x00, 0x6F,
    0xFF, 0x80, 0x00, 0x00, 0x00, 0x00, 0x00, 0x03, 0xFF, 0xF0, 0x00, 0xFF, 0xFC, 0x00, 0x00, 0x00,
    0x00, 0x01, 0xA9, 0x00, 0x07, 0xFF, 0xF4, 0x03, 0xE4, 0x6F, 0x43, 0xE0, 0x02, 0xF0, 0xF0, 0x00,
    0x3D, 0x7C, 0x00, 0x0B, 0xAE, 0x00, 0x02, 0xEB, 0x80, 0x00, 0xBE, 0xE0, 0x00, 0x2E, 0x7C, 0x00,
    0x0F, 0x8F, 0x40, 0x03, 0xC2, 0xF0, 0x03, 0xF0, 0x3F, 0xAB, 0xF0, 0x01, 0xFF, 0xE0, 0x00, 0x00,
    0x00, 0x00, 0x00, 0x20, 0x01, 0x40, 0x00, 0x0E, 0x01, 0xD0, 0x00, 0x01, 0xFF, 0xF0, 0x00, 0x00,
    0x1B, 0xE0, 0x00, 0x00, 0x00, 0x00, 0x00, 0x00, 0x0B, 0xFF, 0xD0, 0x00, 0x1F, 0xFF, 0xFF, 0x00,
    0x1F, 0x80, 0x07, 0xF0, 0x0F, 0x80, 0x00, 0x3E, 0x0B, 0xC0, 0x00, 0x07, 0xC3, 0xD0, 0x00, 0x00,
    0xF8, 0xF0, 0x00, 0x00, 0x2F, 0x7C, 0x00, 0x00, 0x07, 0xDF, 0x00, 0x00, 0x01, 0xF7, 0xC0, 0x00,
    0x00, 0x7D, 0xF0, 0x00, 0x00, 0x1F, 0x7C, 0x00, 0x00, 0x0B, 0xCF, 0x40, 0x00, 0x03, 0xE2, 0xF0,
    0x00, 0x01, 0xF0, 0x7D, 0x00, 0x00, 0xF8, 0x0B, 0xE0, 0x01, 0xFC, 0x00, 0xBF, 0xEB, 0xFC, 0x00,
    0x06, 0xFF, 0xF8, 0x00, 0x00, 0x00, 0x00, 0x00, 0x02, 0x00, 0x10, 0x00, 0xD0, 0x1C, 0x00, 0x2F,
    0xFE, 0x00, 0x01, 0xBD, 0x00, 0x00, 0x00, 0x00, 0x00, 0x1A, 0x90, 0x00, 0x7F, 0xFF, 0x40, 0x3E,
    0x46, 0xF4, 0x3E, 0x00, 0x2F, 0x0F, 0x00, 0x03, 0xD7, 0xC0, 0x00, 0xBA, 0xE0, 0x00, 0x2E, 0xB8,
    0x00, 0x0B, 0xEE, 0x00, 0x02, 0xE7, 0xC0, 0x00, 0xF8, 0xF4, 0x00, 0x3C, 0x2F, 0x00, 0x3F, 0x03,
    0xFA, 0xBF, 0x00, 0x1F, 0xFE, 0x00, 0x00, 0x00, 0x00, 0x00, 0x00, 0x00, 0x00, 0x00, 0x03, 0xE1,
    0xF0, 0x00, 0x01, 0xF0, 0xF0, 0x00, 0x00, 0xF0, 0xB4, 0x00, 0x00, 0xB0, 0x34, 0x00, 0x00, 0x00,
    0x00, 0x00, 0x00, 0x02, 0xFF, 0xF4, 0x00, 0x07, 0xFF, 0xFF, 0xC0, 0x07, 0xE0, 0x01, 0xFC, 0x03,
    0xE0, 0x00, 0x0F, 0x82, 0xF0, 0x00, 0x01, 0xF0, 0xF4, 0x00, 0x00, 0x3E, 0x3C, 0x00, 0x00, 0x0B,
    0xDF, 0x00, 0x00, 0x01, 0xF7, 0xC0, 0x00, 0x00, 0x7D, 0xF0, 0x00, 0x00, 0x1F, 0x7C, 0x00, 0x00,
    0x07, 0xDF, 0x00, 0x00, 0x02, 0xF3, 0xD0, 0x00, 0x00, 0xF8, 0xBC, 0x00, 0x00, 0x7C, 0x1F, 0x40,
    0x00, 0x3E, 0x02, 0xF8, 0x00, 0x7F, 0x00, 0x2F, 0xFA, 0xFF, 0x00, 0x01, 0xBF, 0xFE, 0x00, 0x00,
    0x00, 0x00, 0x00, 0x00, 0x00, 0x00, 0x00, 0x00, 0x3D, 0x2F, 0x00, 0x2E, 0x0F, 0x00, 0x0E, 0x0F,
    0x00, 0x0A, 0x07, 0x00, 0x00, 0x00, 0x00, 0x00, 0x06, 0xA4, 0x00, 0x1F, 0xFF, 0xD0, 0x0F, 0x91,
    0xBD, 0x0F, 0x80, 0x0B, 0xC3, 0xC0, 0x00, 0xF5, 0xF0, 0x00, 0x2E, 0xB8, 0x00, 0x0B, 0xAE, 0x00,
    0x02, 0xFB, 0x80, 0x00, 0xB9, 0xF0, 0x00, 0x3E, 0x3D, 0x00, 0x0F, 0x0B, 0xC0, 0x0F, 0xC0, 0xFE,
    0xAF, 0xC0, 0x07, 0xFF, 0x80, 0x00, 0x00, 0x00, 0x00, 0x00, 0x00, 0x00, 0x00, 0x00, 0x00, 0x0B,
    0xFF, 0xFF, 0xFF, 0xE0, 0x2F, 0xFF, 0xFF, 0xFF, 0xF8, 0x2F, 0x80, 0x0F, 0x80, 0x00, 0x0F, 0x80,
    0x02, 0xE0, 0x00, 0x0B, 0xC0, 0x00, 0xB8, 0x00, 0x03, 0xD0, 0x00, 0x2E, 0x00, 0x01, 0xF0, 0x00,
    0x0B, 0x80, 0x00, 0x7C, 0x00, 0x02, 0xE5, 0x55, 0x1F, 0x00, 0x00, 0xBF, 0xFF, 0xC7, 0xC0, 0x00,
    0x2F, 0xAA, 0xA1, 0xF0, 0x00, 0x0B, 0x80, 0x00, 0x7C, 0x00, 0x02, 0xE0, 0x00, 0x0F, 0x40, 0x00,
    0xB8, 0x00, 0x02, 0xF0, 0x00, 0x2E, 0x00, 0x00, 0x3D, 0x00, 0x0B, 0x80, 0x00, 0x0B, 0xE0, 0x02,
    0xE0, 0x00, 0x00, 0xBF, 0xEB, 0xFF, 0xFF, 0xE0, 0x06, 0xFF, 0xFF, 0xFF, 0xF8, 0x00, 0x00, 0x00,
    0x00, 0x00, 0x00, 0x6A, 0x40, 0x06, 0x90, 0x00, 0x7F, 0xFF, 0x07, 0xFF, 0xD0, 0x1F, 0x91, 0xFD,
    0xF4, 0x2F, 0x43, 0xE0, 0x02, 0xFD, 0x00, 0xBC, 0x7C, 0x00, 0x0F, 0xC0, 0x03, 0xCB, 0xC0, 0x00,
    0xF8, 0x00, 0x3D, 0xB8, 0x00, 0x0F, 0xFF, 0xFF, 0xDB, 0x80, 0x00, 0xFE, 0xAA, 0xA8, 0xB8, 0x00,
    0x0F, 0x80, 0x00, 0x07, 0xC0, 0x00, 0xF8, 0x00, 0x00, 0x3C, 0x00, 0x1F, 0xC0, 0x00, 0x02, 0xF0,
    0x03, 0xFF, 0x00, 0x04, 0x0F, 0xEA, 0xF8, 0xFE, 0xAF, 0xC0, 0x2F, 0xFD, 0x02, 0xFF, 0xF4, 0x00,
    0x00, 0x00, 0x00, 0x00, 0x00, 0x00, 0x00, 0x00, 0x00, 0x00, 0xBC, 0x00, 0x00, 0x0F, 0x40, 0x00,
    0x03, 0xD0, 0x00, 0x00, 0x74, 0x00, 0x00, 0x00, 0x00, 0x00, 0x7F, 0xFE, 0x40, 0x0B, 0xFF, 0xFF,
    0x40, 0xB8, 0x01, 0xFC, 0x0B, 0x80, 0x03, 0xE0, 0xB8, 0x00, 0x2F, 0x0B, 0x80, 0x01, 0xF0, 0xB8,
    0x00, 0x2E, 0x0B, 0x80, 0x03, 0xD0, 0xBD, 0x56, 0xF8, 0x0B, 0xFF, 0xFD, 0x00, 0xBE, 0xAF, 0x80,
    0x0B, 0x80, 0x7C, 0x00, 0xB8, 0x02, 0xF0, 0x0B, 0x80, 0x0F, 0x40, 0xB8, 0x00, 0xBC, 0x0B, 0x80,
    0x03, 0xE0, 0xB8, 0x00, 0x1F, 0x4B, 0x80, 0x00, 0xBC, 0x00, 0x00, 0x00, 0x7D, 0x00, 0xF8, 0x02,
    0xE0, 0x03, 0x80, 0x00, 0x00, 0x50, 0x2A, 0xF1, 0xFF, 0xF7, 0xD5, 0xFE, 0x00, 0xFC, 0x00, 0xF4,
    0x00, 0xF4, 0x00, 0xF4, 0x00, 0xF4, 0x00, 0xF4, 0x00, 0xF4, 0x00, 0xF4, 0x00, 0xF4, 0x00, 0xF4,
    0x00, 0x7F, 0xFE, 0x40, 0x0B, 0xFF, 0xFF, 0x40, 0xB8, 0x01, 0xFC, 0x0B, 0x80, 0x03, 0xE0, 0xB8,
    0x00, 0x2F, 0x0B, 0x80, 0x01, 0xF0, 0xB8, 0x00, 0x2E, 0x0B, 0x80, 0x03, 0xD0, 0xBD, 0x56, 0xF8,
    0x0B, 0xFF, 0xFD, 0x00, 0xBE, 0xAF, 0x80, 0x0B, 0x80, 0x7C, 0x00, 0xB8, 0x02, 0xF0, 0x0B, 0x80,
    0x0F, 0x40, 0xB8, 0x00, 0xBC, 0x0B, 0x80, 0x03, 0xE0, 0xB8, 0x00, 0x1F, 0x4B, 0x80, 0x00, 0xBC,
    0x00, 0x00, 0x00, 0x00, 0x00, 0x50, 0x00, 0x00, 0x2E, 0x00, 0x00, 0x03, 0xC0, 0x00, 0x00, 0x38,
    0x00, 0x00, 0x02, 0x00, 0x00, 0x14, 0x0A, 0x8F, 0x1F, 0xF3, 0xDF, 0x54, 0xFE, 0x00, 0x3F, 0x00,
    0x0F, 0x40, 0x03, 0xD0, 0x00, 0xF4, 0x00, 0x3D, 0x00, 0x0F, 0x40, 0x03, 0xD0, 0x00, 0xF4, 0x00,
    0x3D, 0x00, 0x0F, 0x40, 0x00, 0x00, 0x00, 0x14, 0x00, 0x2D, 0x00, 0x0F, 0x00, 0x03, 0x40, 0x00,
    0x40, 0x00, 0x00, 0x00, 0x00, 0x00, 0xF0, 0x1E, 0x00, 0x07, 0xCB, 0x80, 0x00, 0x1F, 0xF0, 0x00,
    0x00, 0xBC, 0x00, 0x00, 0x00, 0x00, 0x00, 0x7F, 0xFE, 0x40, 0x0B, 0xFF, 0xFF, 0x40, 0xB8, 0x01,
    0xFC, 0x0B, 0x80, 0x03, 0xE0, 0xB8, 0x00, 0x2F, 0x0B, 0x80, 0x01, 0xF0, 0xB8, 0x00, 0x2E, 0x0B,
    0x80, 0x03, 0xD0, 0xBD, 0x56, 0xF8, 0x0B, 0xFF, 0xFD, 0x00, 0xBE, 0xAF, 0x80, 0x0B, 0x80, 0x7C,
    0x00, 0xB8, 0x02, 0xF0, 0x0B, 0x80, 0x0F, 0x40, 0xB8, 0x00, 0xBC, 0x0B, 0x80, 0x03, 0xE0, 0xB8,
    0x00, 0x1F, 0x4B, 0x80, 0x00, 0xBC, 0x00, 0x00, 0x03, 0xC0, 0x7C, 0x0F, 0x5F, 0x00, 0x3F, 0xC0,
    0x01, 0xF4, 0x00, 0x00, 0x00, 0x14, 0x0A, 0x83, 0xC7, 0xFC, 0x3D, 0xF5, 0x43, 0xF8, 0x00, 0x3F,
    0x00, 0x03, 0xD0, 0x00, 0x3D, 0x00, 0x03, 0xD0, 0x00, 0x3D, 0x00, 0x03, 0xD0, 0x00, 0x3D, 0x00,
    0x03, 0xD0, 0x00, 0x3D, 0x00, 0x03, 0xD0, 0x00, 0x00, 0x00, 0x00, 0x00, 0x03, 0xE0, 0x00, 0x0F,
    0x80, 0x00, 0x1E, 0x00, 0x00, 0x38, 0x00, 0x00, 0x00, 0x00, 0x02, 0xFF, 0xE4, 0x1F, 0xFF, 0xFC,
    0x3E, 0x00, 0x14, 0x7C, 0x00, 0x00, 0x7C, 0x00, 0x00, 0x7C, 0x00, 0x00, 0x3E, 0x00, 0x00, 0x2F,
    0xD0, 0x00, 0x07, 0xFE, 0x00, 0x00, 0xBF, 0xE0, 0x00, 0x07, 0xF8, 0x00, 0x00, 0x7D, 0x00, 0x00,
    0x3D, 0x00, 0x00, 0x2E, 0x00, 0x00, 0x3D, 0x50, 0x00, 0xBC, 0xBF, 0xAF, 0xF4, 0x7F, 0xFF, 0x80,
    0x00, 0x00, 0x00, 0x00, 0x00, 0x00, 0x01, 0xF4, 0x00, 0x3E, 0x00, 0x0B, 0x80, 0x00, 0xE0, 0x00,
    0x00, 0x00, 0x01, 0xA9, 0x02, 0xFF, 0xFD, 0x7D, 0x06, 0xCB, 0x40, 0x00, 0xB8, 0x00, 0x07, 0xE0,
    0x00, 0x1F, 0xF4, 0x00, 0x2F, 0xF4, 0x00, 0x1F, 0xD0, 0x00, 0x2E, 0x00, 0x01, 0xF4, 0x00, 0x2E,
    0xBE, 0xAF, 0xC7, 0xFF, 0xE0, 0x00, 0x00, 0x00, 0x00, 0x00, 0x00, 0x00, 0x7E, 0x00, 0x01, 0xFF,
    0x40, 0x03, 0xC3, 0xD0, 0x0A, 0x00, 0xB0, 0x00, 0x00, 0x00, 0x02, 0xFF, 0xE4, 0x1F, 0xFF, 0xFC,
    0x3E, 0x00, 0x14, 0x7C, 0x00, 0x00, 0x7C, 0x00, 0x00, 0x7C, 0x00, 0x00, 0x3E, 0x00, 0x00, 0x2F,
    0xD0, 0x00, 0x07, 0xFE, 0x00, 0x00, 0xBF, 0xE0, 0x00, 0x07, 0xF8, 0x00, 0x00, 0x7D, 0x00, 0x00,
    0x3D, 0x00, 0x00, 0x2E, 0x00, 0x00, 0x3D, 0x50, 0x00, 0xBC, 0xBF, 0xAF, 0xF4, 0x7F, 0xFF, 0x80,
    0x00, 0x00, 0x00, 0x00, 0x00, 0x00, 0x2F, 0x80, 0x07, 0xFD, 0x01, 0xF0, 0xF0, 0x38, 0x02, 0xC0,
    0x00, 0x00, 0x01, 0xA9, 0x02, 0xFF, 0xFD, 0x7D, 0x06, 0xCB, 0x40, 0x00, 0xB8, 0x00, 0x07, 0xE0,
    0x00, 0x1F, 0xF4, 0x00, 0x2F, 0xF4, 0x00, 0x1F, 0xD0, 0x00, 0x2E, 0x00, 0x01, 0xF4, 0x00, 0x2E,
    0xBE, 0xAF, 0xC7, 0xFF, 0xE0, 0x00, 0x00, 0x00, 0x00, 0x00, 0x00, 0x02, 0xFF, 0xE4, 0x1F, 0xFF,
    0xFC, 0x3E, 0x00, 0x14, 0x7C, 0x00, 0x00, 0x7C, 0x00, 0x00, 0x7C, 0x00, 0x00, 0x3E, 0x00, 0x00,
    0x2F, 0xD0, 0x00, 0x07, 0xFE, 0x00, 0x00, 0xBF, 0xE0, 0x00, 0x07, 0xF8, 0x00, 0x00, 0x7D, 0x00,
    0x00, 0x3D, 0x00, 0x00, 0x2E, 0x00, 0x00, 0x3D, 0x50, 0x00, 0xBC, 0xBF, 0xAF, 0xF4, 0x7F, 0xFF,
    0x80, 0x00, 0xB4, 0x00, 0x00, 0xF4, 0x00, 0x00, 0x6E, 0x00, 0x00, 0x0F, 0x00, 0x01, 0x6E, 0x00,
    0x03, 0xF8, 0x00, 0x01, 0xA9, 0x02, 0xFF, 0xFD, 0x7D, 0x06, 0xCB, 0x40, 0x00, 0xB8, 0x00, 0x07,
    0xE0, 0x00, 0x1F, 0xF4, 0x00, 0x2F, 0xF4, 0x00, 0x1F, 0xD0, 0x00, 0x2E, 0x00, 0x01, 0xF4, 0x00,
    0x2E, 0xBE, 0xAF, 0xC7, 0xFF, 0xE0, 0x00, 0xE0, 0x00, 0x1E, 0x00, 0x00, 0x7C, 0x00, 0x01, 0xD0,
    0x01, 0x7C, 0x00, 0x7F, 0x40, 0x00, 0x00, 0x00, 0x0F, 0x40, 0xF0, 0x03, 0xD7, 0xC0, 0x00, 0xFF,
    0x00, 0x00, 0x7D, 0x00, 0x00, 0x00, 0x00, 0x02, 0xFF, 0xE4, 0x1F, 0xFF, 0xFC, 0x3E, 0x00, 0x14,
    0x7C, 0x00, 0x00, 0x7C, 0x00, 0x00, 0x7C, 0x00, 0x00, 0x3E, 0x00, 0x00, 0x2F, 0xD0, 0x00, 0x07,
    0xFE, 0x00, 0x00, 0xBF, 0xE0, 0x00, 0x07, 0xF8, 0x00, 0x00, 0x7D, 0x00, 0x00, 0x3D, 0x00, 0x00,
    0x2E, 0x00, 0x00, 0x3D, 0x50, 0x00, 0xBC, 0xBF, 0xAF, 0xF4, 0x7F, 0xFF, 0x80, 0x00, 0x00, 0x00,
    0x00, 0x00, 0x03, 0xC0, 0x7C, 0x0F, 0x5F, 0x00, 0x3F, 0xC0, 0x01, 0xF4, 0x00, 0x00, 0x00, 0x01,
    0xA9, 0x02, 0xFF, 0xFD, 0x7D, 0x06, 0xCB, 0x40, 0x00, 0xB8, 0x00, 0x07, 0xE0, 0x00, 0x1F, 0xF4,
    0x00, 0x2F, 0xF4, 0x00, 0x1F, 0xD0, 0x00, 0x2E, 0x00, 0x01, 0xF4, 0x00, 0x2E, 0xBE, 0xAF, 0xC7,
    0xFF, 0xE0, 0x00, 0x00, 0x00, 0xBF, 0xFF, 0xFF, 0xEF, 0xFF, 0xFF, 0xFE, 0x00, 0x1F, 0x00, 0x00,
    0x00, 0xF0, 0x00, 0x00, 0x0F, 0x00, 0x00, 0x00, 0xF0, 0x00, 0x00, 0x0F, 0x00, 0x00, 0x00, 0xF0,
    0x00, 0x00, 0x0F, 0x00, 0x00, 0x00, 0xF0, 0x00, 0x00, 0x0F, 0x00, 0x00, 0x00, 0xF0, 0x00, 0x00,
    0x0F, 0x00, 0x00, 0x00, 0xF0, 0x00, 0x00, 0x0F, 0x00, 0x00, 0x00, 0xF0, 0x00, 0x00, 0x0F, 0x00,
    0x00, 0x00, 0xF0, 0x00, 0x00, 0x0E, 0x00, 0x00, 0x01, 0xE0, 0x00, 0x00, 0x07, 0xC0, 0x00, 0x00,
    0x1D, 0x00, 0x00, 0x17, 0xC0, 0x00, 0x07, 0xF4, 0x00, 0x01, 0x00, 0x00, 0xE0, 0x00, 0x78, 0x00,
    0x7E, 0x54, 0xBF, 0xFF, 0x47, 0xE5, 0x40, 0xB8, 0x00, 0x2E, 0x00, 0x0B, 0x80, 0x02, 0xE0, 0x00,
    0xB8, 0x00, 0x2E, 0x00, 0x0B, 0x80, 0x02, 0xE0, 0x00, 0xBC, 0x00, 0x0F, 0xE9, 0x01, 0xFF, 0x40,
    0x1D, 0x00, 0x0F, 0x40, 0x01, 0xB8, 0x00, 0x0F, 0x00, 0x5B, 0x80, 0x3F, 0x80, 0x00, 0x00, 0x00,
    0x00, 0x3C, 0x07, 0xC0, 0x00, 0xF5, 0xF0, 0x00, 0x03, 0xFC, 0x00, 0x00, 0x1F, 0x40, 0x00, 0x00,
    0x00, 0x00, 0xBF, 0xFF, 0xFF, 0xEF, 0xFF, 0xFF, 0xFE, 0x00, 0x1F, 0x00, 0x00, 0x00, 0xF0, 0x00,
    0x00, 0x0F, 0x00, 0x00, 0x00, 0xF0, 0x00, 0x00, 0x0F, 0x00, 0x00, 0x00, 0xF0, 0x00, 0x00, 0x0F,
    0x00, 0x00, 0x00, 0xF0, 0x00, 0x00, 0x0F, 0x00, 0x00, 0x00, 0xF0, 0x00, 0x00, 0x0F, 0x00, 0x00,
    0x00, 0xF0, 0x00, 0x00, 0x0F, 0x00, 0x00, 0x00, 0xF0, 0x00, 0x00, 0x0F, 0x00, 0x00, 0x00, 0xF0,
    0x00, 0x00, 0x00, 0x1E, 0x00, 0x00, 0x2D, 0x01, 0x00, 0x3C, 0x03, 0x80, 0x34, 0x07, 0x80, 0x00,
    0x1F, 0x95, 0x00, 0xBF, 0xFF, 0x40, 0x1F, 0x95, 0x00, 0x0B, 0x80, 0x00, 0x0B, 0x80, 0x00, 0x0B,
    0x80, 0x00, 0x0B, 0x80, 0x00, 0x0B, 0x80, 0x00, 0x0B, 0x80, 0x00, 0x0B, 0x80, 0x00, 0x0B, 0x80,
    0x00, 0x0B, 0xC0, 0x00, 0x03, 0xFA, 0x40, 0x01, 0xFF, 0x40, 0x00, 0x00, 0x00, 0xBF, 0xFF, 0xFF,
    0xEF, 0xFF, 0xFF, 0xFE, 0x00, 0x1F, 0x00, 0x00, 0x00, 0xF0, 0x00, 0x00, 0x0F, 0x00, 0x00, 0x00,
    0xF0, 0x00, 0x00, 0x0F, 0x00, 0x00, 0x00, 0xF0, 0x00, 0x0F, 0xFF, 0xFE, 0x00, 0xFF, 0xFF, 0xE0,
    0x00, 0x0F, 0x00, 0x00, 0x00, 0xF0, 0x00, 0x00, 0x0F, 0x00, 0x00, 0x00, 0xF0, 0x00, 0x00, 0x0F,
    0x00, 0x00, 0x00, 0xF0, 0x00, 0x00, 0x0F, 0x00, 0x00, 0x00, 0xF0, 0x00, 0x01, 0x00, 0x00, 0xE0,
    0x00, 0x78, 0x00, 0x7E, 0x54, 0xBF, 0xFF, 0x47, 0xE5, 0x40, 0xB8, 0x00, 0x2E, 0x00, 0x6F, 0xEA,
    0x1F, 0xFF, 0xC0, 0xB8, 0x00, 0x2E, 0x00, 0x0B, 0x80, 0x02, 0xE0, 0x00, 0xBC, 0x00, 0x0F, 0xE9,
    0x01, 0xFF, 0x40, 0x00, 0x00, 0x00, 0x10, 0x01, 0x00, 0x2F, 0xE0, 0xE0, 0x03, 0x9F, 0xFC, 0x00,
    0x70, 0x1B, 0x40, 0x00, 0x00, 0x00, 0x0B, 0x40, 0x00, 0x0F, 0xF8, 0x00, 0x00, 0xFF, 0x80, 0x00,
    0x0F, 0xF8, 0x00, 0x00, 0xFF, 0x80, 0x00, 0x0F, 0xF8, 0x00, 0x00, 0xFF, 0x80, 0x00, 0x0F, 0xF8,
    0x00, 0x00, 0xFF, 0x80, 0x00, 0x0F, 0xF8, 0x00, 0x00, 0xFF, 0x80, 0x00, 0x0F, 0xF8, 0x00, 0x00,
    0xFB, 0x80, 0x00, 0x1F, 0xBC, 0x00, 0x01, 0xF3, 0xC0, 0x00, 0x3D, 0x2F, 0x40, 0x0F, 0xC0, 0xFF,
    0xAF, 0xF0, 0x02, 0xFF, 0xF8, 0x00, 0x00, 0x00, 0x00, 0x00, 0x50, 0x04, 0x00, 0xFF, 0x47, 0x00,
    0xB6, 0xFF, 0xC0, 0x24, 0x0B, 0x80, 0x00, 0x00, 0x00, 0x05, 0x00, 0x01, 0x43, 0xC0, 0x00, 0xF4,
    0xF0, 0x00, 0x3D, 0x3C, 0x00, 0x0F, 0x4F, 0x00, 0x03, 0xD3, 0xC0, 0x00, 0xF4, 0xF0, 0x00, 0x3D,
    0x3C, 0x00, 0x0F, 0x4F, 0x00, 0x03, 0xD3, 0xC0, 0x00, 0xF4, 0xF4, 0x00, 0x7D, 0x2F, 0x00, 0x3F,
    0x47, 0xFA, 0xBF, 0xD0, 0x7F, 0xF8, 0xB4, 0x00, 0x00, 0x00, 0x02, 0xFF, 0xFC, 0x00, 0x1F, 0xFF,
    0x80, 0x00, 0x00, 0x00, 0x0B, 0x40, 0x00, 0x0F, 0xF8, 0x00, 0x00, 0xFF, 0x80, 0x00, 0x0F, 0xF8,
    0x00, 0x00, 0xFF, 0x80, 0x00, 0x0F, 0xF8, 0x00, 0x00, 0xFF, 0x80, 0x00, 0x0F, 0xF8, 0x00, 0x00,
    0xFF, 0x80, 0x00, 0x0F, 0xF8, 0x00, 0x00, 0xFF, 0x80, 0x00, 0x0F, 0xF8, 0x00, 0x00, 0xFB, 0x80,
    0x00, 0x1F, 0xBC, 0x00, 0x01, 0xF3, 0xC0, 0x00, 0x3D, 0x2F, 0x40, 0x0F, 0xC0, 0xFF, 0xAF, 0xF0,
    0x02, 0xFF, 0xF8, 0x00, 0x00, 0x00, 0x00, 0x03, 0xFF, 0xF4, 0x00, 0xFF, 0xFD, 0x00, 0x00, 0x00,
    0x00, 0x50, 0x00, 0x14, 0x3C, 0x00, 0x0F, 0x4F, 0x00, 0x03, 0xD3, 0xC0, 0x00, 0xF4, 0xF0, 0x00,
    0x3D, 0x3C, 0x00, 0x0F, 0x4F, 0x00, 0x03, 0xD3, 0xC0, 0x00, 0xF4, 0xF0, 0x00, 0x3D, 0x3C, 0x00,
    0x0F, 0x4F, 0x40, 0x07, 0xD2, 0xF0, 0x03, 0xF4, 0x7F, 0xAB, 0xFD, 0x07, 0xFF, 0x8B, 0x40, 0x00,
    0x00, 0x00, 0x01, 0x40, 0x04, 0x00, 0x2C, 0x03, 0xC0, 0x00, 0xFF, 0xF4, 0x00, 0x02, 0xF8, 0x00,
    0x00, 0x00, 0x00, 0x0B, 0x40, 0x00, 0x0F, 0xF8, 0x00, 0x00, 0xFF, 0x80, 0x00, 0x0F, 0xF8, 0x00,
    0x00, 0xFF, 0x80, 0x00, 0x0F, 0xF8, 0x00, 0x00, 0xFF, 0x80, 0x00, 0x0F, 0xF8, 0x00, 0x00, 0xFF,
    0x80, 0x00, 0x0F, 0xF8, 0x00, 0x00, 0xFF, 0x80, 0x00, 0x0F, 0xF8, 0x00, 0x00, 0xFB, 0x80, 0x00,
    0x1F, 0xBC, 0x00, 0x01, 0xF3, 0xC0, 0x00, 0x3D, 0x2F, 0x40, 0x0F, 0xC0, 0xFF, 0xAF, 0xF0, 0x02,
    0xFF, 0xF8, 0x00, 0x00, 0x00, 0x00, 0x02, 0x00, 0x14, 0x00, 0xE0, 0x1D, 0x00, 0x1F, 0xFF, 0x00,
    0x01, 0xBD, 0x00, 0x00, 0x00, 0x00, 0x05, 0x00, 0x01, 0x43, 0xC0, 0x00, 0xF4, 0xF0, 0x00, 0x3D,
    0x3C, 0x00, 0x0F, 0x4F, 0x00, 0x03, 0xD3, 0xC0, 0x00, 0xF4, 0xF0, 0x00, 0x3D, 0x3C, 0x00, 0x0F,
    0x4F, 0x00, 0x03, 0xD3, 0xC0, 0x00, 0xF4, 0xF4, 0x00, 0x7D, 0x2F, 0x00, 0x3F, 0x47, 0xFA, 0xBF,
    0xD0, 0x7F, 0xF8, 0xB4, 0x00, 0x00, 0x00, 0x00, 0x05, 0x00, 0x00, 0x03, 0xFD, 0x00, 0x00, 0xB0,
    0xB0, 0x00, 0x0B, 0x0B, 0x00, 0x00, 0x79, 0xE0, 0x00, 0x01, 0xF8, 0x00, 0x00, 0x00, 0x00, 0x0B,
    0x40, 0x00, 0x0F, 0xF8, 0x00, 0x00, 0xFF, 0x80, 0x00, 0x0F, 0xF8, 0x00, 0x00, 0xFF, 0x80, 0x00,
    0x0F, 0xF8, 0x00, 0x00, 0xFF, 0x80, 0x00, 0x0F, 0xF8, 0x00, 0x00, 0xFF, 0x80, 0x00, 0x0F, 0xF8,
    0x00, 0x00, 0xFF, 0x80, 0x00, 0x0F, 0xF8, 0x00, 0x00, 0xFB, 0x80, 0x00, 0x1F, 0xBC, 0x00, 0x01,
    0xF3, 0xC0, 0x00, 0x3D, 0x2F, 0x40, 0x0F, 0xC0, 0xFF, 0xAF, 0xF0, 0x02, 0xFF, 0xF8, 0x00, 0x00,
    0x00, 0x00, 0x00, 0x05, 0x00, 0x00, 0x1F, 0xF0, 0x00, 0x0E, 0x0D, 0x00, 0x03, 0x43, 0x40, 0x00,
    0xB6, 0xC0, 0x00, 0x0B, 0x90, 0x00, 0x00, 0x00, 0x00, 0x50, 0x00, 0x14, 0x3C, 0x00, 0x0F, 0x4F,
    0x00, 0x03, 0xD3, 0xC0, 0x00, 0xF4, 0xF0, 0x00, 0x3D, 0x3C, 0x00, 0x0F, 0x4F, 0x00, 0x03, 0xD3,
    0xC0, 0x00, 0xF4, 0xF0, 0x00, 0x3D, 0x3C, 0x00, 0x0F, 0x4F, 0x40, 0x07, 0xD2, 0xF0, 0x03, 0xF4,
    0x7F, 0xAB, 0xFD, 0x07, 0xFF, 0x8B, 0x40, 0x00, 0x00, 0x00, 0x00, 0x00, 0x00, 0x00, 0x0B, 0xC3,
    0xD0, 0x00, 0xF0, 0xB8, 0x00, 0x2D, 0x1E, 0x00, 0x03, 0x42, 0x80, 0x00, 0x00, 0x00, 0x00, 0xB4,
    0x00, 0x00, 0xFF, 0x80, 0x00, 0x0F, 0xF8, 0x00, 0x00, 0xFF, 0x80, 0x00, 0x0F, 0xF8, 0x00, 0x00,
    0xFF, 0x80, 0x00, 0x0F, 0xF8, 0x00, 0x00, 0xFF, 0x80, 0x00, 0x0F, 0xF8, 0x00, 0x00, 0xFF, 0x80,
    0x00, 0x0F, 0xF8, 0x00, 0x00, 0xFF, 0x80, 0x00, 0x0F, 0xB8, 0x00, 0x01, 0xFB, 0xC0, 0x00, 0x1F,
    0x3C, 0x00, 0x03, 0xD2, 0xF4, 0x00, 0xFC, 0x0F, 0xFA, 0xFF, 0x00, 0x2F, 0xFF, 0x80, 0x00, 0x00,
    0x00, 0x00, 0x00, 0x00, 0x00, 0x00, 0x3E, 0x2F, 0x00, 0x1E, 0x0F, 0x00, 0x0F, 0x0B, 0x40, 0x0A,
    0x03, 0x40, 0x00, 0x00, 0x00, 0x01, 0x40, 0x00, 0x50, 0xF0, 0x00, 0x3D, 0x3C, 0x00, 0x0F, 0x4F,
    0x00, 0x03, 0xD3, 0xC0, 0x00, 0xF4, 0xF0, 0x00, 0x3D, 0x3C, 0x00, 0x0F, 0x4F, 0x00, 0x03, 0xD3,
    0xC0, 0x00, 0xF4, 0xF0, 0x00, 0x3D, 0x3D, 0x00, 0x1F, 0x4B, 0xC0, 0x0F, 0xD1, 0xFE, 0xAF, 0xF4,
    0x1F, 0xFE, 0x2D, 0x00, 0x00, 0x00, 0x00, 0xB4, 0x00, 0x00, 0xFF, 0x80, 0x00, 0x0F, 0xF8, 0x00,
    0x00, 0xFF, 0x80, 0x00, 0x0F, 0xF8, 0x00, 0x00, 0xFF, 0x80, 0x00, 0x0F, 0xF8, 0x00, 0x00, 0xFF,
    0x80, 0x00, 0x0F, 0xF8, 0x00, 0x00, 0xFF, 0x80, 0x00, 0x0F, 0xF8, 0x00, 0x00, 0xFF, 0x80, 0x00,
    0x0F, 0xB8, 0x00, 0x01, 0xFB, 0xC0, 0x00, 0x1F, 0x3C, 0x00, 0x03, 0xD2, 0xF4, 0x00, 0xFC, 0x0F,
    0xFA, 0xFF, 0x00, 0x2F, 0xFF, 0xC0, 0x00, 0x00, 0x74, 0x00, 0x00, 0x0F, 0x00, 0x00, 0x00, 0xE0,
    0x00, 0x00, 0x0F, 0x00, 0x00, 0x00, 0xFF, 0x00, 0x00, 0x01, 0x50, 0x14, 0x00, 0x05, 0x0F, 0x00,
    0x03, 0xD3, 0xC0, 0x00, 0xF4, 0xF0, 0x00, 0x3D, 0x3C, 0x00, 0x0F, 0x4F, 0x00, 0x03, 0xD3, 0xC0,
    0x00, 0xF4, 0xF0, 0x00, 0x3D, 0x3C, 0x00, 0x0F, 0x4F, 0x00, 0x03, 0xD3, 0xD0, 0x01, 0xF4, 0xBC,
    0x00, 0xFD, 0x1F, 0xEA, 0xFF, 0x41, 0xFF, 0xE2, 0xD0, 0x00, 0x01, 0xD0, 0x00, 0x00, 0xE0, 0x00,
    0x00, 0xB4, 0x00, 0x00, 0x2D, 0x00, 0x00, 0x03, 0xF8, 0x00, 0x00, 0x14, 0x00, 0x00, 0x00, 0x00,
    0x00, 0x00, 0x00, 0x00, 0x3F, 0x00, 0x00, 0x00, 0x00, 0x02, 0xFF, 0x00, 0x00, 0x00, 0x00, 0x2E,
    0x1F, 0x00, 0x00, 0x00, 0x01, 0xD0, 0x1E, 0x00, 0x00, 0x00, 0x00, 0x00, 0x00, 0x00, 0x0B, 0x80,
    0x00, 0xB8, 0x00, 0x07, 0x9F, 0x00, 0x03, 0xF0, 0x00, 0x3E, 0x3D, 0x00, 0x1F, 0xD0, 0x00, 0xF4,
    0xF8, 0x00, 0xBB, 0x80, 0x07, 0xC2, 0xF0, 0x03, 0xDF, 0x00, 0x2F, 0x07, 0xC0, 0x0F, 0x3D, 0x00,
    0xF8, 0x0F, 0x40, 0x78, 0xB8, 0x03, 0xC0, 0x3E, 0x03, 0xD0, 0xF0, 0x1F, 0x00, 0x7C, 0x0F, 0x03,
    0xC0, 0xB8, 0x00, 0xF0, 0x7C, 0x0B, 0x83, 0xD0, 0x03, 0xD2, 0xD0, 0x1F, 0x0F, 0x00, 0x0B, 0x8F,
    0x00, 0x3C, 0x7C, 0x00, 0x1F, 0x3C, 0x00, 0xB6, 0xE0, 0x00, 0x3D, 0xE0, 0x01, 0xEB, 0x40, 0x00,
    0xFB, 0x40, 0x03, 0xFC, 0x00, 0x02, 0xFC, 0x00, 0x0F, 0xF0, 0x00, 0x07, 0xE0, 0x00, 0x2F, 0x80,
    0x00, 0x0F, 0x40, 0x00, 0x3D, 0x00, 0x00, 0x00, 0x00, 0x00, 0x00, 0x00, 0x00, 0xFD, 0x00, 0x00,
    0x00, 0x02, 0xFF, 0x00, 0x00, 0x00, 0x07, 0xC7, 0xC0, 0x00, 0x00, 0x0E, 0x00, 0xE0, 0x00, 0x00,
    0x00, 0x00, 0x00, 0x00, 0x54, 0x00, 0x14, 0x00, 0x14, 0x7C, 0x00, 0xBD, 0x00, 0x3C, 0x3C, 0x00,
    0xFE, 0x00, 0x7C, 0x3D, 0x01, 0xEF, 0x00, 0xB8, 0x2E, 0x02, 0xDF, 0x00, 0xF4, 0x1F, 0x03, 0xC7,
    0x80, 0xF0, 0x0F, 0x03, 0xC3, 0xC1, 0xE0, 0x0F, 0x4B, 0x83, 0xC2, 0xD0, 0x0B, 0x8F, 0x02, 0xD3,
    0xC0, 0x07, 0xCF, 0x01, 0xF3, 0xC0, 0x03, 0xDE, 0x00, 0xF7, 0x80, 0x02, 0xFC, 0x00, 0xBF, 0x40,
    0x01, 0xFC, 0x00, 0x7F, 0x00, 0x00, 0xF8, 0x00, 0x3F, 0x00, 0x00, 0x00, 0x00, 0x00, 0x00, 0xBE,
    0x00, 0x00, 0x07, 0xFD, 0x00, 0x00, 0x3C, 0x3D, 0x00, 0x03, 0x80, 0x2C, 0x00, 0x00, 0x00, 0x00,
    0x0B, 0x80, 0x00, 0x1F, 0x1F, 0x00, 0x00, 0xF4, 0x2E, 0x00, 0x0B, 0xC0, 0x3C, 0x00, 0x3D, 0x00,
    0xB8, 0x02, 0xF0, 0x00, 0xF4, 0x0F, 0x00, 0x02, 0xF0, 0xB8, 0x00, 0x03, 0xD3, 0xC0, 0x00, 0x07,
    0xEE, 0x00, 0x00, 0x0F, 0xF0, 0x00, 0x00, 0x1F, 0x80, 0x00, 0x00, 0x3C, 0x00, 0x00, 0x00, 0xF0,
    0x00, 0x00, 0x03, 0xC0, 0x00, 0x00, 0x0F, 0x00, 0x00, 0x00, 0x3C, 0x00, 0x00, 0x00, 0xF0, 0x00,
    0x00, 0x03, 0xC0, 0x00, 0x00, 0x00, 0x00, 0x00, 0x0F, 0xC0, 0x00, 0x0F, 0xF8, 0x00, 0x0F, 0x4B,
    0x80, 0x0B, 0x40, 0x74, 0x00, 0x00, 0x00, 0x05, 0x00, 0x00, 0x56, 0xE0, 0x00, 0x3D, 0x3C, 0x00,
    0x1F, 0x0F, 0x40, 0x0B, 0x81, 0xF0, 0x03, 0xD0, 0x3D, 0x01, 0xF0, 0x0B, 0x80, 0xB8, 0x00, 0xF0,
    0x3C, 0x00, 0x3D, 0x1F, 0x00, 0x07, 0x8F, 0x40, 0x00, 0xF3, 0xC0, 0x00, 0x2E, 0xE0, 0x00, 0x03,
    0xF0, 0x00, 0x00, 0xFC, 0x00, 0x00, 0x3D, 0x00, 0x00, 0x0F, 0x00, 0x00, 0x0B, 0x80, 0x00, 0x07,
    0xC0, 0x00, 0xBF, 0xD0, 0x00, 0x2F, 0xD0, 0x00, 0x00, 0x00, 0x00, 0x00, 0x00, 0x07, 0xC2, 0xD0,
    0x00, 0x1F, 0x0B, 0x40, 0x00, 0x00, 0x00, 0x00, 0x00, 0x00, 0x00, 0x02, 0xE0, 0x00, 0x07, 0xC7,
    0xC0, 0x00, 0x3D, 0x0B, 0x80, 0x02, 0xF0, 0x0F, 0x00, 0x0F, 0x40, 0x2E, 0x00, 0xBC, 0x00, 0x3D,
    0x03, 0xC0, 0x00, 0xBC, 0x2E, 0x00, 0x00, 0xF4, 0xF0, 0x00, 0x01, 0xFB, 0x80, 0x00, 0x03, 0xFC,
    0x00, 0x00, 0x07, 0xE0, 0x00, 0x00, 0x0F, 0x00, 0x00, 0x00, 0x3C, 0x00, 0x00, 0x00, 0xF0, 0x00,
    0x00, 0x03, 0xC0, 0x00, 0x00, 0x0F, 0x00, 0x00, 0x00, 0x3C, 0x00, 0x00, 0x00, 0xF0, 0x00, 0x00,
    0x00, 0x00, 0x00, 0x00, 0x00, 0x0F, 0x80, 0x00, 0x02, 0xF0, 0x00, 0x00, 0x7C, 0x00, 0x00, 0x0E,
    0x00, 0x00, 0x00, 0x00, 0x00, 0x2F, 0xFF, 0xFF, 0xC3, 0xFF, 0xFF, 0xFC, 0x00, 0x00, 0x0F, 0x80,
    0x00, 0x02, 0xF0, 0x00, 0x00, 0x3D, 0x00, 0x00, 0x0F, 0x80, 0x00, 0x02, 0xF0, 0x00, 0x00, 0x3D,
    0x00, 0x00, 0x0F, 0x80, 0x00, 0x02, 0xF0, 0x00, 0x00, 0x3D, 0x00, 0x00, 0x0F, 0x80, 0x00, 0x02,
    0xF0, 0x00, 0x00, 0x3D, 0x00, 0x00, 0x0F, 0x80, 0x00, 0x02, 0xF0, 0x00, 0x00, 0x3F, 0xFF, 0xFF,
    0xD3, 0xFF, 0xFF, 0xFD, 0x00, 0x00, 0x00, 0x00, 0x1F, 0x40, 0x00, 0xF4, 0x00, 0x0B, 0x40, 0x00,
    0x74, 0x00, 0x00, 0x00, 0x00, 0x55, 0x55, 0x0B, 0xFF, 0xFE, 0x05, 0x55, 0xF4, 0x00, 0x0B, 0x80,
    0x00, 0x7C, 0x00, 0x03, 0xD0, 0x00, 0x3E, 0x00, 0x01, 0xF0, 0x00, 0x0F, 0x00, 0x00, 0xF4, 0x00,
    0x0B, 0xC0, 0x00, 0x7C, 0x00, 0x03, 0xFA, 0xAA, 0x8F, 0xFF, 0xFF, 0x00, 0x01, 0x00, 0x00, 0x00,
    0xF4, 0x00, 0x00, 0x0F, 0x40, 0x00, 0x00, 0x10, 0x00, 0x00, 0x00, 0x00, 0x02, 0xFF, 0xFF, 0xFC,
    0x3F, 0xFF, 0xFF, 0xC0, 0x00, 0x00, 0xF8, 0x00, 0x00, 0x2F, 0x00, 0x00, 0x03, 0xD0, 0x00, 0x00,
    0xF8, 0x00, 0x00, 0x2F, 0x00, 0x00, 0x03, 0xD0, 0x00, 0x00, 0xF8, 0x00, 0x00, 0x2F, 0x00, 0x00,
    0x03, 0xD0, 0x00, 0x00, 0xF8, 0x00, 0x00, 0x2F, 0x00, 0x00, 0x03, 0xD0, 0x00, 0x00, 0xF8, 0x00,
    0x00, 0x2F, 0x00, 0x00, 0x03, 0xFF, 0xFF, 0xFD, 0x3F, 0xFF, 0xFF, 0xD0, 0x00, 0x10, 0x00, 0x01,
    0xF0, 0x00, 0x07, 0xC0, 0x00, 0x04, 0x00, 0x00, 0x00, 0x00, 0x15, 0x55, 0x42, 0xFF, 0xFF, 0x81,
    0x55, 0x7D, 0x00, 0x02, 0xE0, 0x00, 0x1F, 0x00, 0x00, 0xF4, 0x00, 0x0F, 0x80, 0x00, 0x7C, 0x00,
    0x03, 0xC0, 0x00, 0x3D, 0x00, 0x02, 0xF0, 0x00, 0x1F, 0x00, 0x00, 0xFE, 0xAA, 0xA3, 0xFF, 0xFF,
    0xC0, 0x00, 0x00, 0x00, 0x00, 0x2D, 0x03, 0xC0, 0x00, 0xB8, 0xF4, 0x00, 0x03, 0xFD, 0x00, 0x00,
    0x0F, 0x80, 0x00, 0x00, 0x00, 0x00, 0x2F, 0xFF, 0xFF, 0xC3, 0xFF, 0xFF, 0xFC, 0x00, 0x00, 0x0F,
    0x80, 0x00, 0x02, 0xF0, 0x00, 0x00, 0x3D, 0x00, 0x00, 0x0F, 0x80, 0x00, 0x02, 0xF0, 0x00, 0x00,
    0x3D, 0x00, 0x00, 0x0F, 0x80, 0x00, 0x02, 0xF0, 0x00, 0x00, 0x3D, 0x00, 0x00, 0x0F, 0x80, 0x00,
    0x02, 0xF0, 0x00, 0x00, 0x3D, 0x00, 0x00, 0x0F, 0x80, 0x00, 0x02, 0xF0, 0x00, 0x00, 0x3F, 0xFF,
    0xFF, 0xD3, 0xFF, 0xFF, 0xFD, 0x00, 0x00, 0x00, 0x3C, 0x07, 0x80, 0x3C, 0x7C, 0x00, 0x7F, 0xC0,
    0x00, 0x7C, 0x00, 0x00, 0x00, 0x00, 0x55, 0x55, 0x0B, 0xFF, 0xFE, 0x05, 0x55, 0xF4, 0x00, 0x0B,
    0x80, 0x00, 0x7C, 0x00, 0x03, 0xD0, 0x00, 0x3E, 0x00, 0x01, 0xF0, 0x00, 0x0F, 0x00, 0x00, 0xF4,
    0x00, 0x0B, 0xC0, 0x00, 0x7C, 0x00, 0x03, 0xFA, 0xAA, 0x8F, 0xFF, 0xFF, 0x00, 0x00, 0x0F, 0xFC,
    0x3F, 0xB8, 0xBC, 0x00, 0xF4, 0x00, 0xF4, 0x00, 0xF4, 0x00, 0xF4, 0x00, 0xF4, 0x00, 0xF4, 0x00,
    0xF4, 0x00, 0xF4, 0x00, 0xF4, 0x00, 0xF4, 0x00, 0xF4, 0x00, 0xF4, 0x00, 0xF4, 0x00, 0xF4, 0x00,
    0xF4, 0x00, 0xF4, 0x00, 0x00, 0x03, 0xE0, 0x0F, 0x40, 0x7C, 0x01, 0xD0, 0x00, 0x00, 0x3E, 0x0B,
    0x81, 0xF0, 0x38, 0x00, 0x00, 0x00, 0x00, 0x2F, 0x80, 0x07, 0xFD, 0x00, 0xF0, 0xF4, 0x38, 0x02,
    0xC0, 0x01, 0x00, 0x11, 0xFE, 0x0A, 0x3D, 0xFF, 0xD3, 0x01, 0xB4, 0xBF, 0xFE, 0xBF, 0xFE, 0x00,
    0x00, 0x00, 0x3F, 0xFF, 0xFC, 0x2A, 0xAA, 0xA8, 0x50, 0x05, 0xB0, 0x0E, 0x3F, 0xFC, 0x0B, 0xE0,
    0x14, 0x3C, 0x3C, 0x00, 0x00, 0x00, 0x78, 0x2D, 0x78, 0x2D, 0x00, 0x00, 0x29, 0x07, 0xFC, 0x02,
    0xC0, 0x3C, 0x1F, 0x41, 0xC0, 0x04, 0x00, 0x05, 0x03, 0xFC, 0xB0, 0xEA, 0x0B, 0x7A, 0xD1, 0xF4,
    0x00, 0x00, 0x00, 0x7C, 0x3E, 0x0F, 0x47, 0xC1, 0xE0, 0xF0, 0x34, 0x28, 0x00, 0x00, 0x00, 0x03,
    0xC0, 0x7C, 0x0F, 0x5F, 0x00, 0x3F, 0xC0, 0x01, 0xF4, 0x00, 0xFF, 0xFF, 0x00, 0xF0, 0xFF, 0x0F,
    0xF0, 0xFF, 0x0F, 0x00, 0x00, 0x00, 0x00, 0x0B, 0xC7, 0xC0, 0x3D, 0x2E, 0x00, 0xF0, 0xB4, 0x03,
    0x42, 0xC0, 0x00, 0x00, 0x03, 0xC0, 0x03, 0xD0, 0x52, 0x85, 0xB0, 0x0E, 0x3F, 0xFC, 0x0B, 0xE0,
    0x05, 0x50, 0x2F, 0xFC, 0xB9, 0x5E, 0xA0, 0x06, 0x0E, 0x1D, 0x3D, 0x3C, 0xBC, 0xF8, 0x50, 0x2E,
    0x3E, 0x3C, 0x7C, 0x74, 0xB0, 0x00, 0xF8, 0xBC, 0x7C, 0x3C, 0x2D, 0x0E, 0x00, 0x2E, 0x3E, 0x3D,
    0x3C, 0x78, 0xB0, 0x00, 0x00, 0x03, 0xD0, 0x1F, 0x00, 0x78, 0x01, 0xD0, 0x00, 0x00, 0x7C, 0x0F,
    0x42, 0xD0, 0x74, 0x00, 0x00, 0x40, 0x1C, 0x2B, 0xC3, 0xFC, 0x01, 0xC0, 0x04, 0x10, 0x03, 0x40,
    0x3E, 0x83, 0xFC, 0x34, 0x01, 0x00, 0xBF, 0xFD, 0xAA, 0xF0, 0x03, 0xC0, 0x0F, 0x00, 0x3C, 0x00,
    0xF0, 0x03, 0xE0, 0x3D, 0x0B, 0xC7, 0xF0, 0xB8, 0x00, 0x00, 0x09, 0x3D, 0x70, 0x70, 0x3D, 0x05,
    0x0A, 0x00, 0xF0, 0x1F, 0x4B, 0xFE, 0x00, 0x00, 0xBF, 0xE6, 0xF9, 0x0F, 0x00, 0xF0, 0x00, 0x00,
    0x00, 0x00, 0xF0, 0x6F, 0x9B, 0xFE, 0x0F, 0x00, 0xA0, 0x15, 0x4F, 0xFF, 0x00, 0x00, 0x00, 0x00,
    0xF0, 0x3C, 0x0F, 0x03, 0xC0, 0xF7, 0xF9, 0xF8, 0x00, 0x3C, 0x0F, 0x03, 0xC0, 0xF0, 0x3C, 0x0B,
    0xF4, 0xBD, 0x12, 0xEB, 0x84, 0x00, 0x00, 0x78, 0x2D, 0x78, 0x2D, 0x00, 0x00, 0x05, 0x03, 0xFC,
    0xB0, 0xEA, 0x0B, 0x7A, 0xD1, 0xF4, 0x15, 0x2D, 0x3C, 0x74, 0x50, 0x0A, 0x00, 0xE0, 0x07, 0xC0,
    0x1D, 0x17, 0xC7, 0xF4, 0x01, 0x00, 0xB0, 0x2C, 0x03, 0xC0, 0x3C, 0x02, 0xFC, 0x05, 0x40, 0xFF,
    0xFF, 0x00, 0x7F, 0xFF, 0xD7, 0xEA, 0xBD, 0x70, 0x00, 0xD7, 0x00, 0x0D, 0x10, 0x00, 0x40, 0x50,
    0x50, 0x5B, 0x0F, 0x0E, 0x3F, 0xFF, 0xC0, 0x50, 0x50, 0x00, 0x00, 0x03, 0xD0, 0x7C, 0x0F, 0x5F,
    0x00, 0x3F, 0xC0, 0x01, 0xF4, 0x00, 0x00, 0x00, 0x00, 0x2F, 0x80, 0x07, 0xFD, 0x01, 0xF0, 0xF0,
    0x38, 0x02, 0xC0, 0x40, 0x05, 0xB0, 0x0E, 0x3F, 0xFC, 0x0B, 0xE0, 0x05, 0x50, 0x2F, 0xFC, 0xB9,
    0x5E, 0xA0, 0x06, 0x01, 0x00, 0x42, 0xFD, 0x0D, 0x79, 0xFF, 0xC6, 0x01, 0xE0, 0xBF, 0xFE, 0xBF,
    0xFE, 0x7F, 0xFF, 0xFD, 0xBF, 0xFF, 0xFE, 0x15, 0x55, 0x54, 0x3F, 0xFF, 0xFC, 0x15, 0x55, 0x54,
    0x00, 0x00, 0x00, 0x3F, 0xFF, 0xFC, 0x2A, 0xAA, 0xA8, 0x01, 0x00, 0x12, 0xFE, 0x0E, 0x39, 0xFF,
    0xC7, 0x01, 0xF4, 0x00, 0x00, 0x00, 0x3F, 0xFF, 0xFC, 0x2A, 0xAA, 0xA8, 0xFF, 0xFF, 0xFF, 0xFF,
    0xFF, 0xFF, 0xFF, 0xFF, 0xFF, 0x00, 0x08, 0x00, 0xBD, 0x07, 0xF4, 0x3F, 0x80, 0x78, 0x00, 0x00,
    0x00, 0x00, 0x00, 0xE0, 0x00, 0x2D, 0x00, 0x03, 0xC0, 0x00, 0x78, 0x00, 0x0B, 0x00, 0x00, 0xF0,
    0x00, 0x1D, 0x00, 0x03, 0xC0, 0x00, 0x78, 0x00, 0x0B, 0x00, 0x00, 0xF0, 0x00, 0x1D, 0x00, 0x03,
    0xC0, 0x00, 0x38, 0x00, 0x0B, 0x40, 0x00, 0xF0, 0x00, 0x1E, 0x00, 0x03, 0xC0, 0x00, 0x38, 0x00,
    0x0B, 0x40, 0x00, 0x50, 0x00, 0x00, 0x20, 0x3C, 0x0D, 0x0D, 0x3C, 0x20, 0x70, 0x00, 0xD7, 0x00,
    0x0D, 0x70, 0x00, 0xD7, 0xFF, 0xFD, 0x15, 0x55, 0x40, 0x15, 0x55, 0x4B, 0xFF, 0xFE, 0xA0, 0x00,
    0xAA, 0x00, 0x0A, 0xBA, 0xAA, 0xEA, 0xAA, 0xAA, 0x05, 0x05, 0x03, 0xFF, 0xFC, 0xB0, 0xF0, 0xE5,
    0x05, 0x05, 0x00, 0x07, 0x5D, 0x2F, 0x81, 0xF4, 0x7A, 0xD1, 0x04, 0x09, 0x7D, 0xB0, 0x38, 0x2D,
    0x0E, 0x7C, 0x50, 0x15, 0x55, 0x54, 0x3F, 0xFF, 0xFC, 0x15, 0x55, 0x54, 0x00, 0x00, 0x00, 0x3F,
    0xFF, 0xFC, 0x2A, 0xAA, 0xA8, 0x00, 0x0B, 0xC0, 0x3E, 0x00, 0xF4, 0x02, 0x80, 0x00, 0x00, 0xF8,
    0x2F, 0x07, 0xC0, 0xA0, 0x00, 0x01, 0x00, 0x42, 0xFD, 0x0D, 0x79, 0xFF, 0xC6, 0x01, 0xE0, 0x54,
    0xFD, 0x1E, 0x1D, 0x24, 0x00, 0x54, 0x00, 0x3D, 0x0B, 0x5F, 0x7E, 0xDB, 0x1F, 0x03, 0x80, 0x00,
    0xF0, 0xF0, 0xF9, 0x7E, 0x00, 0x00, 0x00, 0x7F, 0xFF, 0xFD, 0x79, 0x55, 0x6D, 0x70, 0x00, 0x0D,
    0x70, 0x00, 0x0D, 0x00, 0x00, 0x00, 0x15, 0x55, 0x54, 0x3F, 0xFF, 0xFC, 0x15, 0x55, 0x54, 0x00,
    0x00, 0x00, 0x3F, 0xFF, 0xFC, 0x2A, 0xAA, 0xA8, 0xF0, 0xFF, 0x0F, 0xF0, 0xFF, 0x0F, 0x00, 0x00,
    0x2A, 0x87, 0xFD, 0x01, 0xD0, 0x1D, 0x01, 0xD0, 0x00, 0x00, 0x00, 0x13, 0x84, 0x2F, 0xF0, 0xD7,
    0xAF, 0xFC, 0x62, 0xDE, 0x00, 0x14, 0x00, 0x00, 0x00, 0x00, 0x0F, 0x00, 0x00, 0xF0, 0x00, 0x14,
    0x04, 0x2F, 0xD0, 0xD7, 0xAF, 0xFC, 0x60, 0x1E, 0x00, 0x0F, 0x00, 0x00, 0xF0, 0x00, 0x05, 0x00,
    0x05, 0x00, 0x82, 0xFE, 0x6C, 0x38, 0xBF, 0x41, 0x00, 0x40, 0x0F, 0x81, 0xC3, 0xEF, 0xFC, 0x30,
    0x2E, 0x00, 0x00, 0x00, 0x00, 0x20, 0x80, 0x1F, 0xAF, 0x43, 0xFF, 0xFC, 0x0A, 0x0A, 0x00, 0x00,
    0x00, 0x00, 0x00, 0xF0, 0x3F, 0xC0, 0xF0, 0x0F, 0x00, 0xF0, 0xFF, 0x03, 0xFC, 0x0F, 0xFE, 0x90,
    0x1A, 0x40, 0x6B, 0xD0, 0x00, 0x00, 0x00, 0x7D, 0x00, 0x5A, 0x50, 0x07, 0x00, 0x15, 0x05, 0x40,
    0x00, 0x06, 0x00, 0x09, 0x00, 0x01, 0x40, 0x00, 0x14, 0x0D, 0x14, 0x00, 0x01, 0x47, 0xD2, 0x00,
    0x00, 0x08, 0x7D, 0x20, 0x00, 0x00, 0x87, 0xD0, 0x00, 0x00, 0x04, 0x70, 0x28, 0x00, 0x01, 0x80,
    0x00, 0x50, 0x00, 0x50, 0x00, 0x05, 0x40, 0x15, 0x00, 0xD0, 0x09, 0xA6, 0x00, 0x7D, 0x00, 0x00,
    0x00, 0x07, 0xE5, 0x01, 0x54, 0x05, 0xBF, 0xF0, 0x3F, 0xC0, 0xFF, 0x20, 0x0F, 0x80, 0x7C, 0x7F,
    0x38, 0x00, 0x00, 0x05, 0x2D, 0x34, 0x34, 0x2D, 0x05, 0x1F, 0xF4, 0x7F, 0xFD, 0xB0, 0x0E, 0x43,
    0xC1, 0x07, 0xD0, 0x02, 0x80, 0x00, 0x03, 0x5C, 0x2F, 0xC1, 0xF4, 0x3E, 0xC0, 0x04, 0x01, 0xCB,
    0xE3, 0xD0, 0xBE, 0x01, 0xC0, 0x34, 0x0B, 0xD0, 0x7C, 0xBE, 0x34, 0x00, 0xA0, 0x06, 0x07, 0xE0,
    0xF8, 0x0F, 0x8E, 0xC7, 0xE2, 0xCD, 0xA0, 0x34, 0xA0, 0x20, 0x3C, 0x0E, 0x0E, 0x3C, 0x20, 0x12,
    0xFB, 0xC4, 0x00, 0x00, 0xF0, 0x7F, 0xD6, 0xF9, 0x2F, 0x81, 0x54, 0x00, 0x00, 0x03, 0xFF, 0xFC,
    0xB0, 0xF0, 0xEE, 0x0A, 0x0B, 0xB5, 0xF5, 0xE2, 0xF5, 0xF8, 0x14, 0x03, 0x40, 0x3F, 0xC1, 0x6C,
    0x02, 0x80, 0x00, 0x74, 0x00, 0x00, 0x00, 0x1D, 0x2E, 0x00, 0x00, 0x00, 0xB8, 0x0B, 0xE4, 0x00,
    0x1B, 0xE0, 0x01, 0xFF, 0xFF, 0xFF, 0x40, 0x00, 0x06, 0xAA, 0x90, 0x00, 0x74, 0x00, 0x00, 0x00,
    0x1D, 0x2E, 0x00, 0x00, 0x00, 0xB8, 0x0B, 0xE4, 0x00, 0x1B, 0xE0, 0x01, 0xFF, 0xFF, 0xFF, 0x40,
    0x00, 0x06, 0xAA, 0x90, 0x00, 0x7F, 0xFF, 0xFF, 0xFD, 0x15, 0x55, 0x55, 0x54, 0x7F, 0xFF, 0xFF,
    0xFD, 0x15, 0x55, 0x55, 0x54, 0x01, 0x54, 0x00, 0x00, 0x05, 0x1F, 0xFF, 0xE9, 0x00, 0x1D, 0x3D,
    0x56, 0xBF, 0xFF, 0xF8, 0x60, 0x00, 0x01, 0xAF, 0x90, 0x00, 0x00, 0x00, 0x00, 0x00, 0x00, 0x2F,
    0xFF, 0xF8, 0x00, 0x02, 0xFF, 0xAA, 0xFF, 0xC0, 0x0F, 0x80, 0x00, 0x02, 0xF4, 0x3C, 0x00, 0x00,
    0x00, 0x3C, 0x60, 0x00, 0x00, 0x00, 0x09, 0x00, 0x00, 0x00, 0x00, 0x00, 0x00, 0x00, 0x00, 0x00,
    0x08, 0x02, 0xAA, 0xAA, 0xAA, 0xAB, 0xD0, 0xFF, 0xFF, 0xFF, 0xFF, 0xF8, 0x00, 0x00, 0x00, 0x00,
    0x34, 0x00, 0x00, 0x00, 0x00, 0x00, 0x00, 0x1A, 0x80, 0x09, 0x1A, 0xE3, 0x06, 0x70, 0xE1, 0x91,
    0x1A, 0x83, 0x06, 0x7A, 0xF3, 0x00, 0x34, 0x00, 0x68, 0x20, 0x27, 0x77, 0x71, 0x1E, 0x81, 0xC1,
    0xCA, 0x03, 0x18, 0x0C, 0x34, 0xA0, 0x29, 0x00, 0x60, 0x26, 0x03, 0x60, 0x36, 0x07, 0x30, 0xB1,
    0xA1, 0x2F, 0x68, 0x0C, 0x03, 0x40, 0x70, 0x06, 0x80, 0x00, 0x00, 0x03, 0x00, 0x32, 0xEB, 0x70,
    0xB9, 0x03, 0xA0, 0x73, 0x0B, 0x0A, 0x10, 0x00, 0x06, 0x00, 0x60, 0x07, 0xAD, 0x70, 0x76, 0x03,
    0x60, 0x36, 0x03, 0x10, 0x10, 0x2A, 0xDA, 0xC3, 0x07, 0x06, 0x30, 0x30, 0x63, 0x03, 0x06, 0x30,
    0x30, 0x61, 0x01, 0x01, 0x2B, 0x4D, 0x03, 0x00, 0xC0, 0x30, 0x04, 0x00, 0x00, 0x09, 0x07, 0xE0,
    0xD0, 0x34, 0x0D, 0x02, 0x80, 0x28, 0x60, 0x30, 0xC1, 0x82, 0x4C, 0x03, 0x60, 0x0F, 0x40, 0x04,
    0x00, 0x30, 0x50, 0x67, 0x00, 0xB0, 0x03, 0x90, 0x24, 0xC0, 0x40, 0x40, 0x78, 0x00, 0xB8, 0x00,
    0xB8, 0x00, 0xB8, 0x00, 0xB8, 0x00, 0xB8, 0x00, 0xB8, 0x00, 0xBD, 0x55, 0xBF, 0xFF, 0xBE, 0xAA,
    0xB8, 0x00, 0xB8, 0x00, 0xB8, 0x00, 0xB8, 0x00, 0xB8, 0x00, 0xB8, 0x00, 0xB8, 0x00, 0xB8, 0x00,
    0x50, 0x03, 0xD0, 0x0F, 0x40, 0x3D, 0x00, 0xF4, 0x03, 0xD0, 0x0F, 0xFF, 0xBF, 0xFF, 0xF4, 0x03,
    0xD0, 0x0F, 0x40, 0x3D, 0x00, 0xF4, 0x03, 0xD0, 0x00, 0x7F, 0xFF, 0xFF, 0xFB, 0xFF, 0xFF, 0xFF,
    0xB4, 0x0F, 0x40, 0xFB, 0x40, 0xF4, 0x0F, 0xB4, 0x0F, 0x40, 0xFB, 0x40, 0xF4, 0x0F, 0xB4, 0x0F,
    0x40, 0xF6, 0x00, 0xF4, 0x0A, 0x00, 0x0F, 0x40, 0x00, 0x00, 0xF4, 0x00, 0x00, 0x0F, 0x40, 0x00,
    0x00, 0xF4, 0x00, 0x00, 0x0F, 0x40, 0x00, 0x00, 0xF4, 0x00, 0x00, 0x0F, 0x40, 0x00, 0x00, 0xF4,
    0x00, 0x00, 0x0F, 0x40, 0x00, 0x00, 0xF4, 0x00, 0xFF, 0xFF, 0xFF, 0x3F, 0xFF, 0xFF, 0xCF, 0x03,
    0xD0, 0xB3, 0xC0, 0xF4, 0x2C, 0xF0, 0x3D, 0x0B, 0x3C, 0x0F, 0x42, 0xC0, 0x03, 0xD0, 0x00, 0x00,
    0xF4, 0x00, 0x00, 0x3D, 0x00, 0x00, 0x0F, 0x40, 0x00, 0x03, 0xD0, 0x00, 0x00, 0xF4, 0x00, 0x00,
    0x3D, 0x00, 0x00, 0x0F, 0x40, 0x00, 0x03, 0xD0, 0x00, 0x00, 0xF4, 0x00, 0x00, 0x3D, 0x00, 0x00,
    0x0F, 0x40, 0x00, 0x03, 0xD0, 0x00, 0x00, 0x03, 0xE1, 0xF0, 0xB8, 0x3C, 0x09, 0x00, 0x07, 0x03,
    0xC1, 0xE0, 0xF4, 0xBC, 0x00, 0x74, 0x00, 0x00, 0xFA, 0xE0, 0x00, 0x0B, 0xFB, 0x80, 0x00, 0x7F,
    0xEE, 0x00, 0x03, 0xEF, 0xB8, 0x00, 0x2F, 0x3E, 0xE0, 0x01, 0xF0, 0xFB, 0x80, 0x0F, 0x87, 0xEE,
    0x00, 0xBC, 0x1F, 0xB8, 0x07, 0xD0, 0x7E, 0xE0, 0x3E, 0x01, 0xFB, 0x82, 0xF0, 0x07, 0xEE, 0x1F,
    0x40, 0x1F, 0xB8, 0xF8, 0x00, 0x7E, 0xDB, 0xC0, 0x01, 0xFB, 0xBD, 0x00, 0x07, 0xEF, 0xE0, 0x00,
    0x1F, 0xBF, 0x00, 0x00, 0x7E, 0xF4, 0x00, 0x01, 0xF0, 0x50, 0x00, 0x15, 0xF0, 0x00, 0x7F, 0xF0,
    0x00, 0xFF, 0xF0, 0x02, 0xEF, 0xF0, 0x07, 0xCF, 0xF0, 0x0F, 0x4F, 0xF0, 0x2E, 0x0F, 0xF0, 0x3C,
    0x0F, 0xF0, 0xF4, 0x0F, 0xF1, 0xE0, 0x0F, 0xF7, 0xC0, 0x0F, 0xFF, 0x40, 0x0F, 0xFF, 0x00, 0x0F,
    0xFC, 0x00, 0x0F, 0xF0, 0xF0, 0xF9, 0x7D, 0x06, 0xA4, 0x00, 0xFF, 0xFD, 0x02, 0x95, 0xBD, 0x00,
    0x00, 0xBC, 0x00, 0x00, 0xF4, 0x00, 0x03, 0xE0, 0x00, 0x0B, 0x80, 0x00, 0x2E, 0x00, 0x00, 0xF8,
    0x00, 0x03, 0xD0, 0x00, 0x1F, 0x00, 0x00, 0xF8, 0x3E, 0xBF, 0xC0, 0xFF, 0xF4, 0x00, 0x00, 0x00,
    0x00, 0x00, 0x6A, 0x40, 0x1F, 0xFF, 0xC0, 0xFD, 0x5A, 0x0F, 0x80, 0x00, 0x3C, 0x00, 0x01, 0xF0,
    0x10, 0x0B, 0x82, 0xF0, 0x2E, 0x0B, 0xC0, 0xB8, 0x04, 0x01, 0xF0, 0x00, 0x03, 0xD0, 0x00, 0x0B,
    0xC0, 0x00, 0x0F, 0xFA, 0xF0, 0x0B, 0xFF, 0x80, 0x00, 0x00, 0x00, 0x06, 0xA4, 0x00, 0xFF, 0xFD,
    0x02, 0x95, 0xBD, 0x00, 0x00, 0xBC, 0x00, 0x00, 0xF4, 0x01, 0x03, 0xE0, 0x2E, 0x0B, 0x80, 0xB8,
    0x2E, 0x00, 0x40, 0xF8, 0x00, 0x03, 0xD0, 0x00, 0x1F, 0x00, 0x00, 0xF8, 0x3E, 0xBF, 0xC0, 0xFF,
    0xF4, 0x00, 0x00, 0x00, 0x00, 0x0A, 0x43, 0xF0, 0xFC, 0x18, 0x00, 0x00, 0x00, 0x00, 0x00, 0x00,
    0x00, 0x00, 0x00, 0x3D, 0x0F, 0x07, 0xC2, 0xE0, 0xF0, 0x38, 0x00, 0x00, 0x00, 0xB4, 0x02, 0xE0,
    0x0B, 0x80, 0x2E, 0x00, 0xB8, 0x02, 0xE0, 0x0B, 0x80, 0x2E, 0x00, 0xB8, 0x02, 0xE0, 0x0B, 0x80,
    0x2E, 0x00, 0xB8, 0x02, 0xE0, 0x0B, 0x80, 0x2E, 0x00, 0xB8, 0x02, 0xE0, 0x0B, 0x80, 0x3D, 0x47,
    0xF3, 0xFF, 0x4A, 0xA0, 0x00, 0x15, 0x3D, 0x7C, 0xB4, 0xE0, 0x00, 0x14, 0x00, 0x0B, 0xC0, 0x3C,
    0xF7, 0xD3, 0xCE, 0x2D, 0x01, 0xC0, 0x00, 0x15, 0x00, 0x7C, 0x00, 0x03, 0xE0, 0x0F, 0xD0, 0x00,
    0x3C, 0x01, 0xFE, 0x00, 0x07, 0x80, 0x2D, 0xF0, 0x00, 0xB0, 0x03, 0xCB, 0x40, 0x00, 0x00, 0x78,
    0x7C, 0x00, 0x00, 0x0F, 0x43, 0xC0, 0x00, 0x00, 0xF0, 0x2E, 0x00, 0x00, 0x2E, 0x00, 0xF0, 0x00,
    0x03, 0xC0, 0x0F, 0x40, 0x00, 0x7E, 0xAA, 0xFC, 0x00, 0x0F, 0xFF, 0xFF, 0xC0, 0x00, 0xF5, 0x55,
    0x7E, 0x00, 0x2E, 0x00, 0x01, 0xF0, 0x03, 0xD0, 0x00, 0x0F, 0x40, 0x7C, 0x00, 0x00, 0xB8, 0x0B,
    0x80, 0x00, 0x03, 0xC0, 0xF0, 0x00, 0x00, 0x3D, 0x00, 0x3E, 0x3F, 0x3E, 0x04, 0x15, 0x07, 0xFF,
    0xFF, 0x4F, 0x81, 0xFF, 0xFF, 0xE3, 0xC0, 0x7C, 0x00, 0x01, 0xE0, 0x1F, 0x00, 0x00, 0xB0, 0x07,
    0xC0, 0x00, 0x00, 0x01, 0xF0, 0x00, 0x00, 0x00, 0x7C, 0x00, 0x00, 0x00, 0x1F, 0x55, 0x54, 0x00,
    0x07, 0xFF, 0xFF, 0x00, 0x01, 0xFA, 0xAA, 0x80, 0x00, 0x7C, 0x00, 0x00, 0x00, 0x1F, 0x00, 0x00,
    0x00, 0x07, 0xC0, 0x00, 0x00, 0x01, 0xF0, 0x00, 0x00, 0x00, 0x7C, 0x00, 0x00, 0x00, 0x1F, 0x00,
    0x00, 0x00, 0x07, 0xFF, 0xFF, 0x40, 0x01, 0xFF, 0xFF, 0xE0, 0x15, 0x07, 0x80, 0x00, 0x0F, 0x0F,
    0x81, 0xF0, 0x00, 0x03, 0xC3, 0xC0, 0x7C, 0x00, 0x00, 0xF1, 0xE0, 0x1F, 0x00, 0x00, 0x3C, 0xB0,
    0x07, 0xC0, 0x00, 0x0F, 0x00, 0x01, 0xF0, 0x00, 0x03, 0xC0, 0x00, 0x7C, 0x00, 0x00, 0xF0, 0x00,
    0x1F, 0x55, 0x55, 0x7C, 0x00, 0x07, 0xFF, 0xFF, 0xFF, 0x00, 0x01, 0xFA, 0xAA, 0xAB, 0xC0, 0x00,
    0x7C, 0x00, 0x00, 0xF0, 0x00, 0x1F, 0x00, 0x00, 0x3C, 0x00, 0x07, 0xC0, 0x00, 0x0F, 0x00, 0x01,
    0xF0, 0x00, 0x03, 0xC0, 0x00, 0x7C, 0x00, 0x00, 0xF0, 0x00, 0x1F, 0x00, 0x00, 0x3C, 0x00, 0x07,
    0xC0, 0x00, 0x0F, 0x00, 0x01, 0xF0, 0x00, 0x03, 0xC0, 0x15, 0x1F, 0xFF, 0x0F, 0x82, 0xFF, 0x83,
    0xC0, 0x1F, 0x01, 0xE0, 0x07, 0xC0, 0xB0, 0x01, 0xF0, 0x00, 0x00, 0x7C, 0x00, 0x00, 0x1F, 0x00,
    0x00, 0x07, 0xC0, 0x00, 0x01, 0xF0, 0x00, 0x00, 0x7C, 0x00, 0x00, 0x1F, 0x00, 0x00, 0x07, 0xC0,
    0x00, 0x01, 0xF0, 0x00, 0x00, 0x7C, 0x00, 0x00, 0x1F, 0x00, 0x00, 0x07, 0xC0, 0x00, 0x0B, 0xF9,
    0x00, 0x07, 0xFF, 0xC0, 0x00, 0x00, 0x00, 0x00, 0x00, 0x05, 0x40, 0x0B, 0xFF, 0x90, 0x03, 0xE0,
    0x2F, 0xFF, 0xFE, 0x00, 0xF0, 0x2F, 0x80, 0x07, 0xF0, 0x78, 0x1F, 0x40, 0x00, 0x3E, 0x2C, 0x0F,
    0x80, 0x00, 0x07, 0xC0, 0x03, 0xD0, 0x00, 0x00, 0xF4, 0x01, 0xF0, 0x00, 0x00, 0x3E, 0x00, 0xBC,
    0x00, 0x00, 0x0B, 0xC0, 0x2F, 0x00, 0x00, 0x02, 0xF0, 0x0B, 0xC0, 0x00, 0x00, 0xBC, 0x02, 0xF0,
    0x00, 0x00, 0x2F, 0x00, 0x7C, 0x00, 0x00, 0x0F, 0x80, 0x0F, 0x00, 0x00, 0x03, 0xD0, 0x03, 0xE0,
    0x00, 0x01, 0xF0, 0x00, 0x7D, 0x00, 0x00, 0xF8, 0x00, 0x0B, 0xD0, 0x01, 0xFC, 0x00, 0x00, 0xBF,
    0xEF, 0xFC, 0x00, 0x00, 0x07, 0xFF, 0xF4, 0x00, 0x00, 0x00, 0x00, 0x00, 0x00, 0x15, 0x1F, 0x00,
    0x00, 0x3C, 0x3E, 0x0F, 0x80, 0x00, 0xBC, 0x3C, 0x07, 0xC0, 0x00, 0xF0, 0x78, 0x03, 0xE0, 0x02,
    0xE0, 0xB0, 0x01, 0xF0, 0x03, 0xC0, 0x00, 0x00, 0xF8, 0x0F, 0x80, 0x00, 0x00, 0x3C, 0x1F, 0x00,
    0x00, 0x00, 0x2E, 0x3D, 0x00, 0x00, 0x00, 0x0F, 0xBC, 0x00, 0x00, 0x00, 0x0B, 0xF4, 0x00, 0x00,
    0x00, 0x03, 0xF0, 0x00, 0x00, 0x00, 0x02, 0xE0, 0x00, 0x00, 0x00, 0x02, 0xE0, 0x00, 0x00, 0x00,
    0x02, 0xE0, 0x00, 0x00, 0x00, 0x02, 0xE0, 0x00, 0x00, 0x00, 0x02, 0xE0, 0x00, 0x00, 0x00, 0x02,
    0xE0, 0x00, 0x00, 0x00, 0x02, 0xE0, 0x00, 0x00, 0x00, 0x00, 0x00, 0x00, 0x05, 0x40, 0x1F, 0xFF,
    0x80, 0x03, 0xE0, 0x3F, 0xFF, 0xFD, 0x00, 0xF0, 0x3F, 0x40, 0x1F, 0xD0, 0x78, 0x3F, 0x00, 0x00,
    0xBC, 0x2C, 0x1F, 0x00, 0x00, 0x0F, 0x80, 0x0B, 0x80, 0x00, 0x02, 0xF0, 0x03, 0xD0, 0x00, 0x00,
    0x7C, 0x00, 0xF4, 0x00, 0x00, 0x0F, 0x00, 0x3D, 0x00, 0x00, 0x03, 0xC0, 0x0F, 0x40, 0x00, 0x00,
    0xF0, 0x03, 0xD0, 0x00, 0x00, 0x7C, 0x00, 0xB8, 0x00, 0x00, 0x2F, 0x00, 0x0F, 0x00, 0x00, 0x0F,
    0x40, 0x02, 0xE0, 0x00, 0x0B, 0xC0, 0x00, 0x3D, 0x00, 0x07, 0xC0, 0x00, 0x03, 0xE0, 0x07, 0xC0,
    0x00, 0x7F, 0xFD, 0x07, 0xFF, 0xD0, 0x1F, 0xFF, 0x41, 0xFF, 0xF4, 0x00, 0x14, 0x00, 0x0B, 0xC0,
    0x3C, 0xF6, 0xE3, 0xCF, 0x2D, 0x00, 0xD0, 0x00, 0x00, 0x00, 0x01, 0x40, 0x00, 0x3D, 0x00, 0x03,
    0xD0, 0x00, 0x3D, 0x00, 0x03, 0xD0, 0x00, 0x3D, 0x00, 0x03, 0xD0, 0x00, 0x3D, 0x00, 0x03, 0xD0,
    0x00, 0x3D, 0x00, 0x03, 0xD0, 0x00, 0x3D, 0x00, 0x01, 0xFA, 0x80, 0x0B, 0xF8, 0x00, 0x00, 0x00,
    0x00, 0x03, 0xC0, 0x00, 0x00, 0x0B, 0xE0, 0x00, 0x00, 0x0F, 0xF0, 0x00, 0x00, 0x1E, 0xB4, 0x00,
    0x00, 0x3D, 0x78, 0x00, 0x00, 0x3C, 0x3C, 0x00, 0x00, 0xB8, 0x2D, 0x00, 0x00, 0xF4, 0x1F, 0x00,
    0x01, 0xF0, 0x0F, 0x40, 0x02, 0xE0, 0x0B, 0x80, 0x03, 0xEA, 0xAB, 0xC0, 0x07, 0xFF, 0xFF, 0xD0,
    0x0F, 0x95, 0x56, 0xF0, 0x1F, 0x00, 0x00, 0xF0, 0x2E, 0x00, 0x00, 0xB8, 0x3C, 0x00, 0x00, 0x7C,
    0x7C, 0x00, 0x00, 0x3D, 0xF4, 0x00, 0x00, 0x2F, 0x7F, 0xFE, 0x90, 0x2F, 0xFF, 0xFF, 0x0B, 0x80,
    0x0B, 0xF2, 0xE0, 0x00, 0x7C, 0xB8, 0x00, 0x0F, 0x6E, 0x00, 0x03, 0xCB, 0x80, 0x01, 0xF2, 0xF5,
    0x56, 0xF0, 0xBF, 0xFF, 0xE0, 0x2F, 0xAA, 0xBF, 0x4B, 0x80, 0x01, 0xF6, 0xE0, 0x00, 0x2E, 0xB8,
    0x00, 0x0B, 0xEE, 0x00, 0x02, 0xFB, 0x80, 0x00, 0xFA, 0xE0, 0x00, 0xFD, 0xBF, 0xFF, 0xFD, 0x2F,
    0xFF, 0xF8, 0x00, 0x7F, 0xFF, 0xFB, 0xFF, 0xFF, 0xB8, 0x00, 0x0B, 0x80, 0x00, 0xB8, 0x00, 0x0B,
    0x80, 0x00, 0xB8, 0x00, 0x0B, 0x80, 0x00, 0xB8, 0x00, 0x0B, 0x80, 0x00, 0xB8, 0x00, 0x0B, 0x80,
    0x00, 0xB8, 0x00, 0x0B, 0x80, 0x00, 0xB8, 0x00, 0x0B, 0x80, 0x00, 0xB8, 0x00, 0x0B, 0x80, 0x00,
    0x00, 0x03, 0xC0, 0x00, 0x00, 0x0B, 0xE0, 0x00, 0x00, 0x0F, 0xF0, 0x00, 0x00, 0x1E, 0xB4, 0x00,
    0x00, 0x3D, 0x7C, 0x00, 0x00, 0x3C, 0x3C, 0x00, 0x00, 0xB8, 0x2E, 0x00, 0x00, 0xF0, 0x0F, 0x00,
    0x01, 0xF0, 0x0F, 0x40, 0x03, 0xD0, 0x07, 0xC0, 0x03, 0xC0, 0x03, 0xC0, 0x0B, 0x80, 0x02, 0xE0,
    0x0F, 0x00, 0x00, 0xF0, 0x1F, 0x00, 0x00, 0xF4, 0x3D, 0x00, 0x00, 0x7C, 0x3C, 0x00, 0x00, 0x3C,
    0xBF, 0xFF, 0xFF, 0xFE, 0xFF, 0xFF, 0xFF, 0xFE, 0x7F, 0xFF, 0xF6, 0xFF, 0xFF, 0xDB, 0x80, 0x00,
    0x2E, 0x00, 0x00, 0xB8, 0x00, 0x02, 0xE0, 0x00, 0x0B, 0x80, 0x00, 0x2F, 0x55, 0x54, 0xBF, 0xFF,
    0xF2, 0xFA, 0xAA, 0x8B, 0x80, 0x00, 0x2E, 0x00, 0x00, 0xB8, 0x00, 0x02, 0xE0, 0x00, 0x0B, 0x80,
    0x00, 0x2E, 0x00, 0x00, 0xBF, 0xFF, 0xF6, 0xFF, 0xFF, 0xD0, 0x2F, 0xFF, 0xFF, 0xC3, 0xFF, 0xFF,
    0xFC, 0x00, 0x00, 0x0F, 0x80, 0x00, 0x02, 0xF0, 0x00, 0x00, 0x3D, 0x00, 0x00, 0x0F, 0x80, 0x00,
    0x02, 0xF0, 0x00, 0x00, 0x3D, 0x00, 0x00, 0x0F, 0x80, 0x00, 0x02, 0xF0, 0x00, 0x00, 0x3D, 0x00,
    0x00, 0x0F, 0x80, 0x00, 0x02, 0xF0, 0x00, 0x00, 0x3D, 0x00, 0x00, 0x0F, 0x80, 0x00, 0x02, 0xF0,
    0x00, 0x00, 0x3F, 0xFF, 0xFF, 0xD3, 0xFF, 0xFF, 0xFD, 0x78, 0x00, 0x00, 0xF2, 0xE0, 0x00, 0x03,
    0xCB, 0x80, 0x00, 0x0F, 0x2E, 0x00, 0x00, 0x3C, 0xB8, 0x00, 0x00, 0xF2, 0xE0, 0x00, 0x03, 0xCB,
    0x80, 0x00, 0x0F, 0x2F, 0x55, 0x55, 0x7C, 0xBF, 0xFF, 0xFF, 0xF2, 0xFA, 0xAA, 0xAB, 0xCB, 0x80,
    0x00, 0x0F, 0x2E, 0x00, 0x00, 0x3C, 0xB8, 0x00, 0x00, 0xF2, 0xE0, 0x00, 0x03, 0xCB, 0x80, 0x00,
    0x0F, 0x2E, 0x00, 0x00, 0x3C, 0xB8, 0x00, 0x00, 0xF2, 0xE0, 0x00, 0x03, 0xC0, 0x00, 0x00, 0x00,
    0x00, 0x00, 0x0B, 0xFF, 0xD0, 0x00, 0x1F, 0xFF, 0xFF, 0x00, 0x1F, 0x80, 0x07, 0xF0, 0x0F, 0x80,
    0x00, 0x3E, 0x0B, 0xC0, 0x00, 0x07, 0xC3, 0xD0, 0x00, 0x00, 0xF8, 0xF0, 0x00, 0x00, 0x2F, 0x7C,
    0x00, 0x00, 0x07, 0xDF, 0x0F, 0xFF, 0xE1, 0xF7, 0xC3, 0xFF, 0xF4, 0x7D, 0xF0, 0x00, 0x00, 0x1F,
    0x7C, 0x00, 0x00, 0x0B, 0xCF, 0x40, 0x00, 0x03, 0xE2, 0xF0, 0x00, 0x01, 0xF0, 0x7D, 0x00, 0x00,
    0xF8, 0x0B, 0xE0, 0x01, 0xFC, 0x00, 0xBF, 0xEB, 0xFC, 0x00, 0x06, 0xFF, 0xF8, 0x00, 0x00, 0x00,
    0x00, 0x00, 0xFF, 0xF6, 0xFF, 0x80, 0xF4, 0x03, 0xD0, 0x0F, 0x40, 0x3D, 0x00, 0xF4, 0x03, 0xD0,
    0x0F, 0x40, 0x3D, 0x00, 0xF4, 0x03, 0xD0, 0x0F, 0x40, 0x3D, 0x00, 0xF4, 0x03, 0xD0, 0x6F, 0xE3,
    0xFF, 0xD0, 0x78, 0x00, 0x0B, 0x8B, 0x80, 0x02, 0xF0, 0xB8, 0x00, 0xBC, 0x0B, 0x80, 0x1F, 0x00,
    0xB8, 0x07, 0xD0, 0x0B, 0x80, 0xF4, 0x00, 0xB8, 0x3D, 0x00, 0x0B, 0x8F, 0x80, 0x00, 0xBB, 0xF8,
    0x00, 0x0B, 0xFB, 0xD0, 0x00, 0xBD, 0x2F, 0x00, 0x0B, 0x80, 0xF8, 0x00, 0xB8, 0x07, 0xD0, 0x0B,
    0x80, 0x2F, 0x00, 0xB8, 0x00, 0xFC, 0x0B, 0x80, 0x03, 0xE0, 0xB8, 0x00, 0x1F, 0x4B, 0x80, 0x00,
    0xBC, 0x00, 0x0B, 0x80, 0x00, 0x00, 0x0F, 0xC0, 0x00, 0x00, 0x1F, 0xE0, 0x00, 0x00, 0x2D, 0xF0,
    0x00, 0x00, 0x3C, 0xF4, 0x00, 0x00, 0x78, 0x78, 0x00, 0x00, 0xF4, 0x3C, 0x00, 0x00, 0xF0, 0x2D,
    0x00, 0x02, 0xE0, 0x1E, 0x00, 0x03, 0xD0, 0x0F, 0x00, 0x03, 0xC0, 0x0B, 0x40, 0x0B, 0x80, 0x07,
    0xC0, 0x0F, 0x00, 0x03, 0xC0, 0x1F, 0x00, 0x02, 0xE0, 0x2E, 0x00, 0x01, 0xF0, 0x3C, 0x00, 0x00,
    0xF4, 0x7C, 0x00, 0x00, 0xB8, 0xF4, 0x00, 0x00, 0x7C, 0x7F, 0x00, 0x00, 0x03, 0xF2, 0xFD, 0x00,
    0x00, 0x2F, 0xDB, 0xF8, 0x00, 0x00, 0xFF, 0x6E, 0xF0, 0x00, 0x07, 0xBD, 0xB7, 0xD0, 0x00, 0x2D,
    0xF6, 0xD7, 0xC0, 0x00, 0xF3, 0xDB, 0x4F, 0x00, 0x07, 0x8F, 0x6E, 0x2E, 0x00, 0x3C, 0x3D, 0xB8,
    0x7C, 0x01, 0xF0, 0xF6, 0xE0, 0xF4, 0x0B, 0x43, 0xDB, 0x82, 0xE0, 0x3C, 0x0F, 0x6E, 0x03, 0xC1,
    0xE0, 0x3D, 0xB8, 0x0F, 0x4F, 0x40, 0xF6, 0xE0, 0x1F, 0x3C, 0x03, 0xDB, 0x80, 0x3E, 0xD0, 0x0F,
    0x6E, 0x00, 0xBF, 0x00, 0x3D, 0xB8, 0x01, 0xF8, 0x00, 0xF6, 0xE0, 0x03, 0xD0, 0x03, 0xD0, 0x7D,
    0x00, 0x00, 0x76, 0xFC, 0x00, 0x02, 0xEB, 0xF8, 0x00, 0x0B, 0xAE, 0xF0, 0x00, 0x2E, 0xB6, 0xF0,
    0x00, 0xBA, 0xD3, 0xD0, 0x02, 0xEB, 0x47, 0xC0, 0x0B, 0xAD, 0x0F, 0xC0, 0x2E, 0xB8, 0x0F, 0x40,
    0xBA, 0xE0, 0x2F, 0x02, 0xEB, 0x80, 0x3E, 0x0B, 0xAE, 0x00, 0x3D, 0x2E, 0xB8, 0x00, 0xBC, 0x7A,
    0xE0, 0x00, 0xF9, 0xEB, 0x80, 0x01, 0xFB, 0xAE, 0x00, 0x02, 0xFE, 0xB8, 0x00, 0x03, 0xFA, 0xE0,
    0x00, 0x07, 0xE0, 0x3F, 0xFF, 0xFF, 0x83, 0xFF, 0xFF, 0xF8, 0x00, 0x00, 0x00, 0x00, 0x00, 0x00,
    0x00, 0x00, 0x00, 0x00, 0x00, 0x00, 0x00, 0x00, 0x00, 0x00, 0x00, 0x00, 0x55, 0x55, 0x40, 0x0F,
    0xFF, 0xFE, 0x00, 0xAA, 0xAA, 0x90, 0x00, 0x00, 0x00, 0x00, 0x00, 0x00, 0x00, 0x00, 0x00, 0x00,
    0x00, 0x00, 0x00, 0x00, 0x00, 0x00, 0x00, 0x00, 0x00, 0x00, 0x00, 0xBF, 0xFF, 0xFF, 0xCB, 0xFF,
    0xFF, 0xFC, 0x00, 0x00, 0x00, 0x00, 0x00, 0x0B, 0xFF, 0xD0, 0x00, 0x1F, 0xFF, 0xFF, 0x00, 0x1F,
    0x80, 0x07, 0xF0, 0x0F, 0x80, 0x00, 0x3E, 0x0B, 0xC0, 0x00, 0x07, 0xC3, 0xD0, 0x00, 0x00, 0xF8,
    0xF0, 0x00, 0x00, 0x2F, 0x7C, 0x00, 0x00, 0x07, 0xDF, 0x00, 0x00, 0x01, 0xF7, 0xC0, 0x00, 0x00,
    0x7D, 0xF0, 0x00, 0x00, 0x1F, 0x7C, 0x00, 0x00, 0x0B, 0xCF, 0x40, 0x00, 0x03, 0xE2, 0xF0, 0x00,
    0x01, 0xF0, 0x7D, 0x00, 0x00, 0xF8, 0x0B, 0xE0, 0x01, 0xFC, 0x00, 0xBF, 0xEB, 0xFC, 0x00, 0x06,
    0xFF, 0xF8, 0x00, 0x00, 0x00, 0x00, 0x00, 0x7F, 0xFF, 0xFF, 0xEB, 0xFF, 0xFF, 0xFF, 0xB8, 0x00,
    0x01, 0xFB, 0x80, 0x00, 0x1F, 0xB8, 0x00, 0x01, 0xFB, 0x80, 0x00, 0x1F, 0xB8, 0x00, 0x01, 0xFB,
    0x80, 0x00, 0x1F, 0xB8, 0x00, 0x01, 0xFB, 0x80, 0x00, 0x1F, 0xB8, 0x00, 0x01, 0xFB, 0x80, 0x00,
    0x1F, 0xB8, 0x00, 0x01, 0xFB, 0x80, 0x00, 0x1F, 0xB8, 0x00, 0x01, 0xFB, 0x80, 0x00, 0x1F, 0xB8,
    0x00, 0x01, 0xFB, 0x80, 0x00, 0x1F, 0x7F, 0xFE, 0x40, 0xBF, 0xFF, 0xF4, 0xB8, 0x01, 0xFC, 0xB8,
    0x00, 0x3E, 0xB8, 0x00, 0x2F, 0xB8, 0x00, 0x1F, 0xB8, 0x00, 0x2E, 0xB8, 0x00, 0x3D, 0xB8, 0x01,
    0xFC, 0xBF, 0xFF, 0xF0, 0xBF, 0xFE, 0x40, 0xB8, 0x00, 0x00, 0xB8, 0x00, 0x00, 0xB8, 0x00, 0x00,
    0xB8, 0x00, 0x00, 0xB8, 0x00, 0x00, 0xB8, 0x00, 0x00, 0xB8, 0x00, 0x00, 0x2F, 0xFF, 0xFF, 0xC3,
    0xFF, 0xFF, 0xFC, 0x1F, 0x80, 0x00, 0x00, 0xBD, 0x00, 0x00, 0x02, 0xF0, 0x00, 0x00, 0x0F, 0xC0,
    0x00, 0x00, 0x3E, 0x00, 0x00, 0x00, 0xF8, 0x00, 0x00, 0x07, 0xC0, 0x00, 0x00, 0xB8, 0x00, 0x00,
    0x2F, 0x00, 0x00, 0x07, 0xC0, 0x00, 0x00, 0xF4, 0x00, 0x00, 0x3E, 0x00, 0x00, 0x0B, 0x80, 0x00,
    0x02, 0xF0, 0x00, 0x00, 0x3F, 0xFF, 0xFF, 0xD3, 0xFF, 0xFF, 0xFD, 0xBF, 0xFF, 0xFF, 0xEF, 0xFF,
    0xFF, 0xFE, 0x00, 0x1F, 0x00, 0x00, 0x00, 0xF0, 0x00, 0x00, 0x0F, 0x00, 0x00, 0x00, 0xF0, 0x00,
    0x00, 0x0F, 0x00, 0x00, 0x00, 0xF0, 0x00, 0x00, 0x0F, 0x00, 0x00, 0x00, 0xF0, 0x00, 0x00, 0x0F,
    0x00, 0x00, 0x00, 0xF0, 0x00, 0x00, 0x0F, 0x00, 0x00, 0x00, 0xF0, 0x00, 0x00, 0x0F, 0x00, 0x00,
    0x00, 0xF0, 0x00, 0x00, 0x0F, 0x00, 0x00, 0x00, 0xF0, 0x00, 0xB8, 0x00, 0x01, 0xF1, 0xF0, 0x00,
    0x0F, 0x42, 0xE0, 0x00, 0xBC, 0x03, 0xC0, 0x03, 0xD0, 0x0B, 0x80, 0x2F, 0x00, 0x0F, 0x40, 0xF0,
    0x00, 0x2F, 0x0B, 0x80, 0x00, 0x3D, 0x3C, 0x00, 0x00, 0x7E, 0xE0, 0x00, 0x00, 0xFF, 0x00, 0x00,
    0x01, 0xF8, 0x00, 0x00, 0x03, 0xC0, 0x00, 0x00, 0x0F, 0x00, 0x00, 0x00, 0x3C, 0x00, 0x00, 0x00,
    0xF0, 0x00, 0x00, 0x03, 0xC0, 0x00, 0x00, 0x0F, 0x00, 0x00, 0x00, 0x3C, 0x00, 0x00, 0x00, 0x00,
    0x78, 0x00, 0x00, 0x00, 0x02, 0xE0, 0x00, 0x00, 0x0B, 0xFF, 0xFF, 0x80, 0x01, 0xFF, 0xFF, 0xFF,
    0xE0, 0x1F, 0x80, 0xB8, 0x0B, 0xE0, 0xF8, 0x02, 0xE0, 0x07, 0xC7, 0xC0, 0x0B, 0x80, 0x0F, 0x6E,
    0x00, 0x2E, 0x00, 0x2E, 0xB8, 0x00, 0xB8, 0x00, 0x7E, 0xE0, 0x02, 0xE0, 0x02, 0xFB, 0xC0, 0x0B,
    0x80, 0x0B, 0x8F, 0x00, 0x2E, 0x00, 0x3D, 0x2F, 0x00, 0xB8, 0x03, 0xF0, 0x3F, 0x92, 0xE1, 0xBF,
    0x00, 0x2F, 0xFF, 0xFF, 0xE0, 0x00, 0x06, 0xBF, 0xA4, 0x00, 0x00, 0x00, 0xB8, 0x00, 0x00, 0x00,
    0x02, 0xE0, 0x00, 0x00, 0x3C, 0x00, 0x01, 0xE0, 0xBC, 0x00, 0x0F, 0x40, 0xF4, 0x00, 0xB8, 0x01,
    0xF0, 0x07, 0xC0, 0x02, 0xE0, 0x3D, 0x00, 0x03, 0xD2, 0xE0, 0x00, 0x07, 0xDF, 0x00, 0x00, 0x0F,
    0xF4, 0x00, 0x00, 0x0F, 0xC0, 0x00, 0x00, 0x7F, 0x00, 0x00, 0x03, 0xEF, 0x00, 0x00, 0x3E, 0x3D,
    0x00, 0x01, 0xF0, 0x7C, 0x00, 0x0F, 0x40, 0xB8, 0x00, 0xB8, 0x00, 0xF4, 0x07, 0xC0, 0x02, 0xF0,
    0x3D, 0x00, 0x03, 0xE2, 0xF0, 0x00, 0x07, 0xC0, 0xB4, 0x02, 0xD0, 0x0F, 0x3E, 0x00, 0xF4, 0x03,
    0xDF, 0x80, 0x3D, 0x00, 0xF7, 0xE0, 0x0F, 0x40, 0x3D, 0xF8, 0x03, 0xD0, 0x0F, 0x7E, 0x00, 0xF4,
    0x03, 0xDB, 0x80, 0x3D, 0x00, 0xF2, 0xE0, 0x0F, 0x40, 0x3C, 0x7C, 0x03, 0xD0, 0x1F, 0x0F, 0x40,
    0xF4, 0x0F, 0x82, 0xF4, 0x3D, 0x0B, 0xC0, 0x3F, 0xEF, 0xAF, 0xD0, 0x01, 0xFF, 0xFF, 0x80, 0x00,
    0x01, 0xF8, 0x00, 0x00, 0x00, 0x3D, 0x00, 0x00, 0x00, 0x0F, 0x40, 0x00, 0x00, 0x03, 0xD0, 0x00,
    0x00, 0x00, 0xF4, 0x00, 0x00, 0x00, 0x00, 0x00, 0x00, 0x00, 0x02, 0xFF, 0xF4, 0x00, 0x01, 0xFF,
    0xFF, 0xF0, 0x00, 0x7F, 0x40, 0x1F, 0xC0, 0x0F, 0xC0, 0x00, 0x3F, 0x01, 0xF0, 0x00, 0x00, 0xF4,
    0x3E, 0x00, 0x00, 0x0B, 0xC3, 0xD0, 0x00, 0x00, 0x7C, 0x3C, 0x00, 0x00, 0x07, 0xC3, 0xC0, 0x00,
    0x00, 0x3C, 0x3C, 0x00, 0x00, 0x07, 0xC3, 0xD0, 0x00, 0x00, 0x7C, 0x2E, 0x00, 0x00, 0x0B, 0x81,
    0xF0, 0x00, 0x00, 0xF4, 0x0F, 0x80, 0x00, 0x2E, 0x00, 0x3D, 0x00, 0x07, 0xC0, 0x00, 0xF4, 0x01,
    0xF0, 0x07, 0xFF, 0xD0, 0x7F, 0xFD, 0x7F, 0xFD, 0x07, 0xFF, 0xD0, 0x00, 0x00, 0x3C, 0x1E, 0x3C,
    0x1E, 0x00, 0x00, 0x00, 0x00, 0x3F, 0xFD, 0x2F, 0xF8, 0x03, 0xD0, 0x03, 0xD0, 0x03, 0xD0, 0x03,
    0xD0, 0x03, 0xD0, 0x03, 0xD0, 0x03, 0xD0, 0x03, 0xD0, 0x03, 0xD0, 0x03, 0xD0, 0x03, 0xD0, 0x03,
    0xD0, 0x03, 0xD0, 0x03, 0xD0, 0x1B, 0xF8, 0x3F, 0xFD, 0x00, 0x00, 0x00, 0x00, 0x07, 0xC2, 0xD0,
    0x00, 0x1F, 0x0B, 0x40, 0x00, 0x00, 0x00, 0x00, 0x00, 0x00, 0x00, 0x02, 0xE0, 0x00, 0x07, 0xC7,
    0xC0, 0x00, 0x3D, 0x0B, 0x80, 0x02, 0xF0, 0x0F, 0x00, 0x0F, 0x40, 0x2E, 0x00, 0xBC, 0x00, 0x3D,
    0x03, 0xC0, 0x00, 0xBC, 0x2E, 0x00, 0x00, 0xF4, 0xF0, 0x00, 0x01, 0xFB, 0x80, 0x00, 0x03, 0xFC,
    0x00, 0x00, 0x07, 0xE0, 0x00, 0x00, 0x0F, 0x00, 0x00, 0x00, 0x3C, 0x00, 0x00, 0x00, 0xF0, 0x00,
    0x00, 0x03, 0xC0, 0x00, 0x00, 0x0F, 0x00, 0x00, 0x00, 0x3C, 0x00, 0x00, 0x00, 0xF0, 0x00, 0x00,
    0x00, 0x01, 0x40, 0x00, 0x00, 0x1F, 0x00, 0x00, 0x00, 0xB8, 0x00, 0x00, 0x03, 0xC0, 0x00, 0x00,
    0x0D, 0x00, 0x00, 0x00, 0x00, 0x00, 0x00, 0x06, 0x90, 0x10, 0x01, 0xFF, 0xF6, 0xD0, 0x1F, 0x91,
    0xFF, 0x40, 0xF8, 0x00, 0xFD, 0x07, 0xC0, 0x01, 0xF4, 0x1F, 0x00, 0x03, 0xD0, 0xB8, 0x00, 0x0F,
    0x42, 0xE0, 0x00, 0x3D, 0x0B, 0x80, 0x00, 0xF4, 0x1F, 0x00, 0x03, 0xD0, 0x3C, 0x00, 0x1F, 0x40,
    0xBC, 0x00, 0xFD, 0x00, 0xFE, 0xAF, 0xBE, 0x00, 0xBF, 0xE0, 0xFC, 0x00, 0x00, 0x00, 0x00, 0x00,
    0x05, 0x40, 0x00, 0xF4, 0x00, 0x1F, 0x00, 0x02, 0xD0, 0x00, 0x38, 0x00, 0x00, 0x00, 0x01, 0xA9,
    0x01, 0xFF, 0xFE, 0x3E, 0x41, 0xD7, 0xC0, 0x00, 0x7C, 0x00, 0x03, 0xD0, 0x00, 0x0F, 0xFD, 0x01,
    0xFF, 0xD0, 0x7D, 0x00, 0x0F, 0x80, 0x00, 0xF4, 0x00, 0x0B, 0xC0, 0x00, 0x3F, 0xAB, 0xE0, 0xBF,
    0xFD, 0x00, 0x00, 0x00, 0x00, 0x14, 0x00, 0x00, 0x7C, 0x00, 0x00, 0xF4, 0x00, 0x00, 0xF0, 0x00,
    0x01, 0xD0, 0x00, 0x00, 0x00, 0x00, 0x50, 0x6A, 0x40, 0xF3, 0xFF, 0xF0, 0xFF, 0x51, 0xF8, 0xFC,
    0x00, 0x7C, 0xF8, 0x00, 0x3C, 0xF4, 0x00, 0x3C, 0xF4, 0x00, 0x3C, 0xF4, 0x00, 0x3C, 0xF4, 0x00,
    0x3C, 0xF4, 0x00, 0x3C, 0xF4, 0x00, 0x3C, 0xF4, 0x00, 0x3C, 0xF4, 0x00, 0x3C, 0xF4, 0x00, 0x3C,
    0x00, 0x00, 0x3C, 0x00, 0x00, 0x3C, 0x00, 0x00, 0x3C, 0x00, 0x00, 0x3C, 0x00, 0x00, 0x3C, 0x00,
    0x00, 0x3C, 0x05, 0x40, 0xF4, 0x2E, 0x03, 0xC0, 0x34, 0x00, 0x00, 0x50, 0x0F, 0x40, 0xF4, 0x0F,
    0x40, 0xF4, 0x0F, 0x40, 0xF4, 0x0F, 0x40, 0xF4, 0x0F, 0x40, 0xF4, 0x0F, 0x40, 0x7E, 0xA2, 0xFE,
    0x00, 0x00, 0x00, 0x05, 0x40, 0x00, 0x03, 0xE0, 0x00, 0x7C, 0xF3, 0xC0, 0x1F, 0x78, 0xF0, 0x00,
    0x1C, 0x00, 0x00, 0x00, 0x00, 0x01, 0x40, 0x01, 0x40, 0xF0, 0x00, 0xB8, 0x3C, 0x00, 0x1F, 0x0F,
    0x00, 0x03, 0xC3, 0xC0, 0x00, 0xF0, 0xF0, 0x00, 0x3C, 0x3C, 0x00, 0x0F, 0x0F, 0x00, 0x03, 0xC3,
    0xC0, 0x00, 0xF0, 0xF0, 0x00, 0x7C, 0x3D, 0x00, 0x2E, 0x0B, 0xC0, 0x1F, 0x00, 0xFE, 0xBF, 0x40,
    0x1F, 0xFF, 0x40, 0x00, 0x00, 0x00, 0x00, 0x00, 0x69, 0x01, 0x00, 0x1F, 0xFF, 0x6D, 0x01, 0xF9,
    0x1F, 0xF4, 0x0F, 0x80, 0x0F, 0xD0, 0x7C, 0x00, 0x1F, 0x41, 0xF0, 0x00, 0x3D, 0x0B, 0x80, 0x00,
    0xF4, 0x2E, 0x00, 0x03, 0xD0, 0xB8, 0x00, 0x0F, 0x41, 0xF0, 0x00, 0x3D, 0x03, 0xC0, 0x01, 0xF4,
    0x0B, 0xC0, 0x0F, 0xD0, 0x0F, 0xEA, 0xFB, 0xE0, 0x0B, 0xFE, 0x0F, 0xC0, 0x00, 0x00, 0x00, 0x00,
    0x00, 0x00, 0x00, 0x06, 0xFF, 0x80, 0x1F, 0xEF, 0xF0, 0x3D, 0x00, 0xF8, 0xB8, 0x00, 0x7C, 0xF4,
    0x00, 0x3C, 0xF4, 0x00, 0x3C, 0xF4, 0x00, 0x7C, 0xF4, 0x01, 0xF0, 0xF4, 0xFF, 0x80, 0xF4, 0xFF,
    0xD0, 0xF4, 0x00, 0xB8, 0xF4, 0x00, 0x3D, 0xF4, 0x00, 0x1F, 0xF4, 0x00, 0x1F, 0xF4, 0x00, 0x1F,
    0xF4, 0x00, 0x2E, 0xF8, 0x00, 0x7D, 0xFF, 0xAB, 0xF8, 0xFB, 0xFF, 0xD0, 0xF4, 0x00, 0x00, 0xF4,
    0x00, 0x00, 0xF4, 0x00, 0x00, 0xF4, 0x00, 0x00, 0xF4, 0x00, 0x00, 0xF4, 0x00, 0x00, 0x50, 0x00,
    0x05, 0x2E, 0x00, 0x03, 0xC7, 0xC0, 0x00, 0xF0, 0xF4, 0x00, 0x3C, 0x2E, 0x00, 0x1F, 0x07, 0xC0,
    0x07, 0x80, 0xF4, 0x02, 0xD0, 0x2E, 0x00, 0xF0, 0x03, 0xC0, 0x7C, 0x00, 0xF4, 0x3D, 0x00, 0x1E,
    0x1E, 0x00, 0x03, 0xDF, 0x00, 0x00, 0xFF, 0x40, 0x00, 0x1F, 0x80, 0x00, 0x03, 0xC0, 0x00, 0x00,
    0xF0, 0x00, 0x00, 0x3C, 0x00, 0x00, 0x0F, 0x00, 0x00, 0x03, 0xC0, 0x00, 0x00, 0x50, 0x00, 0x00,
    0x00, 0x00, 0x00, 0x2F, 0xFD, 0x00, 0x3F, 0xAF, 0xE0, 0x2F, 0x00, 0x70, 0x0B, 0x40, 0x00, 0x02,
    0xE0, 0x00, 0x00, 0x3E, 0x00, 0x00, 0x07, 0xF4, 0x00, 0x01, 0xFF, 0xC0, 0x02, 0xF4, 0xBD, 0x02,
    0xF0, 0x07, 0xC1, 0xF0, 0x00, 0xBC, 0xB8, 0x00, 0x0F, 0x3D, 0x00, 0x03, 0xDF, 0x40, 0x00, 0xF7,
    0xE0, 0x00, 0x3C, 0xBC, 0x00, 0x1F, 0x0F, 0x80, 0x0F, 0x81, 0xFE, 0xAF, 0x80, 0x0B, 0xFF, 0x40,
    0x00, 0x00, 0x00, 0x00, 0x01, 0xA9, 0x01, 0xFF, 0xFE, 0x3E, 0x41, 0xD7, 0xC0, 0x00, 0x7C, 0x00,
    0x03, 0xD0, 0x00, 0x0F, 0xFD, 0x01, 0xFF, 0xD0, 0x7D, 0x00, 0x0F, 0x80, 0x00, 0xF4, 0x00, 0x0B,
    0xC0, 0x00, 0x3F, 0xAB, 0xE0, 0xBF, 0xFD, 0x00, 0x00, 0x00, 0x3F, 0xFF, 0xF4, 0xAA, 0xAB, 0xD0,
    0x00, 0x3E, 0x00, 0x02, 0xF0, 0x00, 0x1F, 0x00, 0x00, 0xF4, 0x00, 0x0F, 0x80, 0x00, 0xBC, 0x00,
    0x07, 0xC0, 0x00, 0x3D, 0x00, 0x02, 0xF0, 0x00, 0x0F, 0x00, 0x00, 0x7C, 0x00, 0x02, 0xE0, 0x00,
    0x0B, 0x80, 0x00, 0x1F, 0x00, 0x00, 0x3F, 0x40, 0x00, 0x7F, 0xE4, 0x00, 0x2F, 0xFE, 0x00, 0x01,
    0xFC, 0x00, 0x00, 0xF4, 0x00, 0x03, 0xC0, 0x00, 0x0F, 0x00, 0x00, 0xB8, 0x00, 0x00, 0x00, 0x50,
    0x6A, 0x40, 0xF3, 0xFF, 0xF0, 0xFF, 0x51, 0xF8, 0xFC, 0x00, 0x7C, 0xF8, 0x00, 0x3C, 0xF4, 0x00,
    0x3C, 0xF4, 0x00, 0x3C, 0xF4, 0x00, 0x3C, 0xF4, 0x00, 0x3C, 0xF4, 0x00, 0x3C, 0xF4, 0x00, 0x3C,
    0xF4, 0x00, 0x3C, 0xF4, 0x00, 0x3C, 0xF4, 0x00, 0x3C, 0x00, 0x00, 0x3C, 0x00, 0x00, 0x3C, 0x00,
    0x00, 0x3C, 0x00, 0x00, 0x3C, 0x00, 0x00, 0x3C, 0x00, 0x00, 0x3C, 0x00, 0x00, 0x00, 0x00, 0x7F,
    0xF0, 0x00, 0xBF, 0xBF, 0x40, 0x7D, 0x02, 0xF0, 0x2E, 0x00, 0x2E, 0x0F, 0x00, 0x07, 0xC7, 0xC0,
    0x00, 0xF1, 0xF0, 0x00, 0x3D, 0xB8, 0x00, 0x0F, 0x6F, 0xAA, 0xAB, 0xDB, 0xFF, 0xFF, 0xF6, 0xE0,
    0x00, 0x3D, 0xB8, 0x00, 0x0F, 0x5F, 0x00, 0x03, 0xD7, 0xC0, 0x00, 0xF0, 0xF0, 0x00, 0x7C, 0x2D,
    0x00, 0x2E, 0x03, 0xC0, 0x1F, 0x00, 0xBE, 0xBF, 0x40, 0x07, 0xFF, 0x40, 0x00, 0x00, 0x00, 0x00,
    0x50, 0x0F, 0x40, 0xF4, 0x0F, 0x40, 0xF4, 0x0F, 0x40, 0xF4, 0x0F, 0x40, 0xF4, 0x0F, 0x40, 0xF4,
    0x0F, 0x40, 0x7E, 0xA2, 0xFE, 0x00, 0x00, 0x50, 0x00, 0x50, 0xF4, 0x02, 0xF0, 0xF4, 0x0B, 0xC0,
    0xF4, 0x1F, 0x40, 0xF4, 0x7D, 0x00, 0xF4, 0xF8, 0x00, 0xF7, 0xF0, 0x00, 0xFF, 0xF4, 0x00, 0xFD,
    0xBC, 0x00, 0xF8, 0x3F, 0x00, 0xF4, 0x0F, 0x80, 0xF4, 0x07, 0xD0, 0xF4, 0x02, 0xF0, 0xF4, 0x00,
    0xF8, 0x00, 0x00, 0x00, 0x3F, 0xD0, 0x00, 0x0E, 0xFD, 0x00, 0x00, 0x07, 0xC0, 0x00, 0x00, 0xB8,
    0x00, 0x00, 0x1F, 0x00, 0x00, 0x03, 0xD0, 0x00, 0x00, 0xF8, 0x00, 0x00, 0xBF, 0x00, 0x00, 0x3E,
    0xD0, 0x00, 0x1E, 0x7C, 0x00, 0x0B, 0x4F, 0x00, 0x03, 0xC2, 0xE0, 0x01, 0xE0, 0x7C, 0x00, 0xF4,
    0x0F, 0x40, 0x3C, 0x02, 0xE0, 0x2E, 0x00, 0x3C, 0x0F, 0x40, 0x0F, 0x43, 0xC0, 0x01, 0xFA, 0xE0,
    0x00, 0x3F, 0x00, 0x00, 0x00, 0x00, 0x50, 0x00, 0x14, 0x0F, 0x40, 0x03, 0xD0, 0xF4, 0x00, 0x3D,
    0x0F, 0x40, 0x03, 0xD0, 0xF4, 0x00, 0x3D, 0x0F, 0x40, 0x03, 0xD0, 0xF4, 0x00, 0x3D, 0x0F, 0x40,
    0x03, 0xD0, 0xF4, 0x00, 0x3D, 0x0F, 0x40, 0x03, 0xD0, 0xF8, 0x00, 0x7D, 0x0F, 0xC0, 0x0F, 0xD0,
    0xFF, 0xAB, 0xEF, 0x8F, 0xBF, 0xE0, 0xFC, 0xF4, 0x00, 0x00, 0x0F, 0x40, 0x00, 0x00, 0xF4, 0x00,
    0x00, 0x0F, 0x40, 0x00, 0x00, 0xF4, 0x00, 0x00, 0x0F, 0x40, 0x00, 0x00, 0x50, 0x00, 0x05, 0x2E,
    0x00, 0x03, 0xC7, 0xC0, 0x00, 0xF0, 0xF4, 0x00, 0x3C, 0x2E, 0x00, 0x1F, 0x07, 0xC0, 0x07, 0x80,
    0xF4, 0x02, 0xD0, 0x2E, 0x00, 0xF0, 0x03, 0xC0, 0x7C, 0x00, 0xF4, 0x3D, 0x00, 0x1E, 0x1F, 0x00,
    0x03, 0xDF, 0x00, 0x00, 0xFF, 0x40, 0x00, 0x1F, 0x80, 0x00, 0x3F, 0xFF, 0xF4, 0xAB, 0xFA, 0x80,
    0x7C, 0x00, 0x03, 0xC0, 0x00, 0x2D, 0x00, 0x00, 0xF4, 0x00, 0x02, 0xE0, 0x00, 0x03, 0xE0, 0x00,
    0x03, 0xFF, 0xF0, 0x0B, 0xFF, 0xC1, 0xF4, 0x00, 0x0F, 0x40, 0x00, 0x7C, 0x00, 0x02, 0xE0, 0x00,
    0x0B, 0x80, 0x00, 0x1F, 0x00, 0x00, 0x3F, 0x40, 0x00, 0x3F, 0xE4, 0x00, 0x1F, 0xFE, 0x00, 0x01,
    0xFC, 0x00, 0x00, 0xF4, 0x00, 0x03, 0xC0, 0x00, 0x0F, 0x00, 0x00, 0xB8, 0x00, 0x00, 0x00, 0x00,
    0x6A, 0x40, 0x01, 0xFF, 0xFD, 0x00, 0xF9, 0x1B, 0xD0, 0xF8, 0x00, 0xBC, 0x3C, 0x00, 0x0F, 0x5F,
    0x00, 0x02, 0xEB, 0x80, 0x00, 0xBA, 0xE0, 0x00, 0x2F, 0xB8, 0x00, 0x0B, 0x9F, 0x00, 0x03, 0xE3,
    0xD0, 0x00, 0xF0, 0xBC, 0x00, 0xFC, 0x0F, 0xEA, 0xFC, 0x00, 0x7F, 0xF8, 0x00, 0x00, 0x00, 0x00,
    0x15, 0x55, 0x55, 0x55, 0xBF, 0xFF, 0xFF, 0xFF, 0x17, 0xE5, 0x57, 0xD4, 0x03, 0xD0, 0x03, 0xC0,
    0x03, 0xD0, 0x03, 0xC0, 0x03, 0xD0, 0x03, 0xC0, 0x03, 0xD0, 0x03, 0xC0, 0x03, 0xD0, 0x03, 0xC0,
    0x03, 0xD0, 0x03, 0xC0, 0x03, 0xD0, 0x03, 0xC0, 0x03, 0xD0, 0x03, 0xC0, 0x03, 0xD0, 0x03, 0xC0,
    0x03, 0xD0, 0x03, 0xF9, 0x03, 0xD0, 0x01, 0xFD, 0x00, 0x00, 0x00, 0x00, 0x00, 0x6A, 0x40, 0x00,
    0xFF, 0xFD, 0x00, 0xFD, 0x1B, 0xC0, 0xBC, 0x00, 0xBC, 0x3D, 0x00, 0x0F, 0x0F, 0x00, 0x03, 0xD3,
    0xC0, 0x00, 0xB9, 0xF0, 0x00, 0x2E, 0x7C, 0x00, 0x0B, 0x9F, 0x00, 0x03, 0xD7, 0xC0, 0x01, 0xF1,
    0xF4, 0x00, 0xF8, 0x7F, 0xEA, 0xFC, 0x1F, 0x7F, 0xF8, 0x07, 0xC0, 0x00, 0x01, 0xF0, 0x00, 0x00,
    0x7C, 0x00, 0x00, 0x1F, 0x00, 0x00, 0x07, 0xC0, 0x00, 0x01, 0xF0, 0x00, 0x00, 0x00, 0x6A, 0x40,
    0x1F, 0xFF, 0xC1, 0xFD, 0x5A, 0x0F, 0x80, 0x00, 0x3C, 0x00, 0x01, 0xF0, 0x00, 0x0B, 0x80, 0x00,
    0x2E, 0x00, 0x00, 0xBC, 0x00, 0x01, 0xF0, 0x00, 0x03, 0xD0, 0x00, 0x0B, 0xD0, 0x00, 0x0B, 0xF9,
    0x00, 0x07, 0xFF, 0x80, 0x00, 0x7F, 0x00, 0x00, 0x3D, 0x00, 0x00, 0xF0, 0x00, 0x03, 0xC0, 0x00,
    0x2E, 0x00, 0x00, 0x00, 0x00, 0x05, 0x55, 0x40, 0x2F, 0xFF, 0xFE, 0x0F, 0xE5, 0xBD, 0x42, 0xF0,
    0x03, 0xD0, 0x3C, 0x00, 0x1F, 0x07, 0xC0, 0x00, 0xF4, 0xB8, 0x00, 0x0F, 0x4B, 0x80, 0x00, 0xB4,
    0xB8, 0x00, 0x0F, 0x47, 0xC0, 0x00, 0xF4, 0x3C, 0x00, 0x1F, 0x02, 0xF0, 0x03, 0xD0, 0x0F, 0xEA,
    0xF8, 0x00, 0x2F, 0xFD, 0x00, 0x00, 0x00, 0x00, 0x00, 0x15, 0x55, 0x54, 0xBF, 0xFF, 0xFD, 0x15,
    0xF5, 0x54, 0x00, 0xF0, 0x00, 0x00, 0xF0, 0x00, 0x00, 0xF0, 0x00, 0x00, 0xF0, 0x00, 0x00, 0xF0,
    0x00, 0x00, 0xF0, 0x00, 0x00, 0xF0, 0x00, 0x00, 0xF4, 0x00, 0x00, 0xF8, 0x00, 0x00, 0x7E, 0xA8,
    0x00, 0x2F, 0xF8, 0x00, 0x00, 0x40, 0x14, 0x00, 0x14, 0x0F, 0x00, 0x0B, 0x83, 0xC0, 0x01, 0xF0,
    0xF0, 0x00, 0x3C, 0x3C, 0x00, 0x0F, 0x0F, 0x00, 0x03, 0xC3, 0xC0, 0x00, 0xF0, 0xF0, 0x00, 0x3C,
    0x3C, 0x00, 0x0F, 0x0F, 0x00, 0x07, 0xC3, 0xD0, 0x02, 0xE0, 0xBC, 0x01, 0xF0, 0x0F, 0xEB, 0xF4,
    0x01, 0xFF, 0xF4, 0x00, 0x00, 0x00, 0x00, 0x00, 0x03, 0xC0, 0x00, 0x00, 0x03, 0xC0, 0x00, 0x00,
    0x03, 0xC0, 0x00, 0x00, 0x03, 0xC0, 0x00, 0x00, 0x03, 0xC0, 0x00, 0x00, 0x1B, 0xE4, 0x00, 0x02,
    0xFF, 0xFF, 0x80, 0x0F, 0xD7, 0xD7, 0xF0, 0x2F, 0x03, 0xC0, 0xFC, 0x3C, 0x03, 0xC0, 0x3D, 0x7C,
    0x03, 0xC0, 0x2E, 0xB8, 0x03, 0xC0, 0x2E, 0xB8, 0x03, 0xC0, 0x2F, 0xBC, 0x03, 0xC0, 0x2E, 0x7C,
    0x03, 0xC0, 0x3D, 0x3D, 0x03, 0xC0, 0x7C, 0x1F, 0x43, 0xC1, 0xF8, 0x07, 0xFB, 0xEF, 0xE0, 0x00,
    0xBF, 0xFE, 0x40, 0x00, 0x03, 0xD0, 0x00, 0x00, 0x03, 0xC0, 0x00, 0x00, 0x03, 0xC0, 0x00, 0x00,
    0x03, 0xC0, 0x00, 0x00, 0x03, 0xC0, 0x00, 0x00, 0x03, 0xC0, 0x00, 0x14, 0x00, 0x00, 0x51, 0xFC,
    0x00, 0x03, 0xC1, 0xFC, 0x00, 0x3E, 0x00, 0xF4, 0x01, 0xF0, 0x02, 0xE0, 0x0F, 0x40, 0x03, 0xC0,
    0x7C, 0x00, 0x0B, 0x83, 0xC0, 0x00, 0x0F, 0x1E, 0x00, 0x00, 0x2E, 0xF0, 0x00, 0x00, 0x3F, 0x40,
    0x00, 0x00, 0xFC, 0x00, 0x00, 0x03, 0xF0, 0x00, 0x00, 0x3F, 0xE0, 0x00, 0x01, 0xF7, 0xC0, 0x00,
    0x0F, 0x0F, 0x80, 0x00, 0xB8, 0x1F, 0x00, 0x07, 0xC0, 0x3E, 0x00, 0x3D, 0x00, 0x7C, 0x02, 0xE0,
    0x00, 0xFF, 0x8F, 0x00, 0x00, 0xBE, 0x00, 0x03, 0xD0, 0x00, 0x00, 0x03, 0xD0, 0x00, 0x00, 0x03,
    0xD0, 0x00, 0x00, 0x03, 0xD0, 0x00, 0x00, 0x03, 0xD0, 0x00, 0x14, 0x03, 0xD0, 0x14, 0x3C, 0x03,
    0xD0, 0x3D, 0x3C, 0x03, 0xD0, 0x2E, 0x3C, 0x03, 0xD0, 0x1F, 0x3C, 0x03, 0xD0, 0x1F, 0x3C, 0x03,
    0xD0, 0x0F, 0x3C, 0x03, 0xD0, 0x0F, 0x3C, 0x03, 0xD0, 0x0F, 0x3C, 0x03, 0xD0, 0x1F, 0x3D, 0x03,
    0xD0, 0x2E, 0x2E, 0x03, 0xD0, 0x3D, 0x0F, 0x83, 0xD0, 0xFC, 0x07, 0xFB, 0xFF, 0xF0, 0x01, 0xBF,
    0xFF, 0x40, 0x00, 0x03, 0xE0, 0x00, 0x00, 0x03, 0xD0, 0x00, 0x00, 0x03, 0xD0, 0x00, 0x00, 0x03,
    0xD0, 0x00, 0x00, 0x03, 0xD0, 0x00, 0x00, 0x03, 0xD0, 0x00, 0x01, 0x40, 0x00, 0x14, 0x00, 0xF4,
    0x00, 0x01, 0xF0, 0x1F, 0x00, 0x00, 0x0F, 0x43, 0xD0, 0x00, 0x00, 0x7C, 0x3C, 0x00, 0x00, 0x03,
    0xC3, 0xC0, 0x0F, 0x00, 0x3C, 0x7C, 0x00, 0xF0, 0x03, 0xD7, 0xC0, 0x0F, 0x00, 0x3D, 0x7C, 0x00,
    0xF0, 0x03, 0xD3, 0xC0, 0x0F, 0x00, 0x3C, 0x3D, 0x00, 0xF0, 0x07, 0xC2, 0xF0, 0x2F, 0x80, 0xF8,
    0x0F, 0xEF, 0xAF, 0xBF, 0x00, 0x3F, 0xE0, 0xBF, 0xC0, 0x00, 0x00, 0x00, 0x00, 0x00, 0x00, 0x00,
    0x0F, 0x07, 0xC3, 0xC1, 0xE0, 0x00, 0x00, 0x00, 0x00, 0x00, 0x50, 0x00, 0x3D, 0x00, 0x0F, 0x40,
    0x03, 0xD0, 0x00, 0xF4, 0x00, 0x3D, 0x00, 0x0F, 0x40, 0x03, 0xD0, 0x00, 0xF4, 0x00, 0x3D, 0x00,
    0x0F, 0x40, 0x03, 0xD0, 0x00, 0x7E, 0xA0, 0x0B, 0xF8, 0x00, 0x00, 0x00, 0x00, 0x00, 0x01, 0xF0,
    0xB4, 0x00, 0x7C, 0x2D, 0x00, 0x00, 0x00, 0x00, 0x00, 0x00, 0x00, 0x05, 0x00, 0x05, 0x03, 0xC0,
    0x02, 0xE0, 0xF0, 0x00, 0x7C, 0x3C, 0x00, 0x0F, 0x0F, 0x00, 0x03, 0xC3, 0xC0, 0x00, 0xF0, 0xF0,
    0x00, 0x3C, 0x3C, 0x00, 0x0F, 0x0F, 0x00, 0x03, 0xC3, 0xC0, 0x01, 0xF0, 0xF4, 0x00, 0xB8, 0x2F,
    0x00, 0x7C, 0x03, 0xFA, 0xFD, 0x00, 0x7F, 0xFD, 0x00, 0x00, 0x00, 0x00, 0x00, 0x01, 0x50, 0x00,
    0x00, 0xF8, 0x00, 0x00, 0x7C, 0x00, 0x00, 0x2D, 0x00, 0x00, 0x0E, 0x00, 0x00, 0x00, 0x00, 0x00,
    0x06, 0xA4, 0x00, 0x1F, 0xFF, 0xD0, 0x0F, 0x91, 0xBD, 0x0F, 0x80, 0x0B, 0xC3, 0xC0, 0x00, 0xF5,
    0xF0, 0x00, 0x2E, 0xB8, 0x00, 0x0B, 0xAE, 0x00, 0x02, 0xFB, 0x80, 0x00, 0xB9, 0xF0, 0x00, 0x3E,
    0x3D, 0x00, 0x0F, 0x0B, 0xC0, 0x0F, 0xC0, 0xFE, 0xAF, 0xC0, 0x07, 0xFF, 0x80, 0x00, 0x00, 0x00,
    0x00, 0x00, 0x01, 0x40, 0x00, 0x02, 0xF0, 0x00, 0x00, 0xF4, 0x00, 0x00, 0x3C, 0x00, 0x00, 0x1C,
    0x00, 0x00, 0x00, 0x00, 0x01, 0x40, 0x01, 0x40, 0xF0, 0x00, 0xB8, 0x3C, 0x00, 0x1F, 0x0F, 0x00,
    0x03, 0xC3, 0xC0, 0x00, 0xF0, 0xF0, 0x00, 0x3C, 0x3C, 0x00, 0x0F, 0x0F, 0x00, 0x03, 0xC3, 0xC0,
    0x00, 0xF0, 0xF0, 0x00, 0x7C, 0x3D, 0x00, 0x2E, 0x0B, 0xC0, 0x1F, 0x00, 0xFE, 0xBF, 0x40, 0x1F,
    0xFF, 0x40, 0x00, 0x00, 0x00, 0x00, 0x00, 0x00, 0x05, 0x00, 0x00, 0x00, 0x02, 0xF0, 0x00, 0x00,
    0x00, 0x3D, 0x00, 0x00, 0x00, 0x03, 0x80, 0x00, 0x00, 0x00, 0x70, 0x00, 0x00, 0x00, 0x00, 0x00,
    0x00, 0x01, 0x40, 0x00, 0x14, 0x00, 0xF4, 0x00, 0x01, 0xF0, 0x1F, 0x00, 0x00, 0x0F, 0x43, 0xD0,
    0x00, 0x00, 0x7C, 0x3C, 0x00, 0x00, 0x03, 0xC3, 0xC0, 0x0F, 0x00, 0x3C, 0x7C, 0x00, 0xF0, 0x03,
    0xD7, 0xC0, 0x0F, 0x00, 0x3D, 0x7C, 0x00, 0xF0, 0x03, 0xD3, 0xC0, 0x0F, 0x00, 0x3C, 0x3D, 0x00,
    0xF0, 0x07, 0xC2, 0xF0, 0x2F, 0x80, 0xF8, 0x0F, 0xEF, 0xAF, 0xBF, 0x00, 0x3F, 0xE0, 0xBF, 0xC0,
    0x00, 0x00, 0x00, 0x00, 0x00, 0x78, 0x00, 0x0B, 0x8B, 0x80, 0x02, 0xF0, 0xB8, 0x00, 0xBC, 0x0B,
    0x80, 0x1F, 0x00, 0xB8, 0x07, 0xD0, 0x0B, 0x80, 0xF4, 0x00, 0xB8, 0x3D, 0x00, 0x0B, 0x8F, 0x80,
    0x00, 0xBF, 0xF8, 0x00, 0x0B, 0xFB, 0xD0, 0x00, 0xBD, 0x2F, 0x00, 0x0B, 0x80, 0xF8, 0x00, 0xB8,
    0x07, 0xD0, 0x0B, 0x80, 0x2F, 0x00, 0xB8, 0x00, 0xFC, 0x0B, 0x80, 0x03, 0xE0, 0xB8, 0x00, 0x1F,
    0x4B, 0x80, 0x00, 0xBC, 0x00, 0x00, 0x07, 0xD0, 0x00, 0x00, 0xBC, 0x00, 0x00, 0x1F, 0x8A, 0x40,
    0x0B, 0xF0, 0xBF, 0xFF, 0xFC, 0x01, 0xBF, 0xF9, 0x00, 0x00, 0x00, 0x00, 0x00, 0x2F, 0xF8, 0x00,
    0x3F, 0xAF, 0xC0, 0x3E, 0x00, 0xF4, 0x2F, 0x00, 0x2D, 0x0F, 0xF9, 0x6F, 0x07, 0xDF, 0xFF, 0x42,
    0xE0, 0x55, 0x00, 0xB8, 0x05, 0x00, 0x3D, 0x7F, 0xFC, 0x0F, 0xFE, 0x5F, 0xD3, 0xF4, 0x00, 0xBC,
    0xF4, 0x00, 0x0F, 0x7D, 0x00, 0x02, 0xEB, 0x80, 0x00, 0xB9, 0xE0, 0x00, 0x2E, 0x3C, 0x00, 0x0F,
    0x4B, 0x80, 0x0F, 0xC0, 0xFE, 0xAF, 0xC0, 0x0B, 0xFF, 0x80, 0x00, 0x00, 0x00, 0x00, 0x00, 0x00,
    0x00, 0x00, 0x00, 0x7F, 0xE0, 0x00, 0x02, 0xFE, 0xFC, 0x00, 0x03, 0xD0, 0x2F, 0x00, 0x03, 0xC0,
    0x0F, 0x80, 0x03, 0xC0, 0x07, 0xC0, 0x02, 0xE0, 0x03, 0xC0, 0x00, 0xFD, 0x03, 0xD0, 0x00, 0x2F,
    0xFF, 0xFC, 0x15, 0x01, 0xAF, 0xFC, 0xBF, 0x40, 0x02, 0xE0, 0x1B, 0x80, 0x02, 0xE0, 0x07, 0x80,
    0x02, 0xE0, 0x0B, 0x80, 0x02, 0xD0, 0x0B, 0x40, 0x03, 0xD0, 0x0F, 0x40, 0x03, 0xC0, 0x0B, 0x40,
    0x0B, 0x80, 0x0B, 0xC0, 0x1F, 0x00, 0x03, 0xFA, 0xFD, 0x00, 0x00, 0xFF, 0xE0, 0x00, 0x00, 0x00,
    0x00, 0x00, 0xB8, 0x00, 0x00, 0xF5, 0xF0, 0x00, 0x0F, 0xD2, 0xE0, 0x00, 0xBC, 0x03, 0xC0, 0x03,
    0xD0, 0x0B, 0x80, 0x2E, 0x00, 0x0F, 0x40, 0xF0, 0x00, 0x2F, 0x0B, 0x80, 0x00, 0x3D, 0x3C, 0x00,
    0x00, 0x7E, 0xE0, 0x00, 0x00, 0xFF, 0x00, 0x00, 0x01, 0xF8, 0x00, 0x00, 0x03, 0xC0, 0x00, 0x00,
    0x0F, 0x00, 0x00, 0x00, 0x3C, 0x00, 0x00, 0x00, 0xF0, 0x00, 0x00, 0x03, 0xC0, 0x00, 0x00, 0x0F,
    0x00, 0x00, 0x00, 0x3C, 0x00, 0x00, 0x15, 0x1F, 0x00, 0x00, 0x2E, 0x3E, 0x0F, 0x40, 0x00, 0xBE,
    0x3C, 0x07, 0xC0, 0x01, 0xF0, 0x78, 0x03, 0xD0, 0x03, 0xE0, 0xB0, 0x01, 0xF0, 0x07, 0xC0, 0x00,
    0x00, 0xF8, 0x0F, 0x40, 0x00, 0x00, 0x7C, 0x1F, 0x00, 0x00, 0x00, 0x3E, 0x3D, 0x00, 0x00, 0x00,
    0x0F, 0xBC, 0x00, 0x00, 0x00, 0x0B, 0xF4, 0x00, 0x00, 0x00, 0x03, 0xF0, 0x00, 0x00, 0x00, 0x03,
    0xD0, 0x00, 0x00, 0x00, 0x03, 0xD0, 0x00, 0x00, 0x00, 0x03, 0xD0, 0x00, 0x00, 0x00, 0x03, 0xD0,
    0x00, 0x00, 0x00, 0x03, 0xD0, 0x00, 0x00, 0x00, 0x03, 0xD0, 0x00, 0x00, 0x00, 0x03, 0xD0, 0x00,
    0x00, 0x00, 0x00, 0x00, 0x07, 0xC2, 0xE0, 0x00, 0x0F, 0x0B, 0x80, 0x00, 0x00, 0x00, 0x00, 0x00,
    0x00, 0x00, 0x02, 0xE0, 0x00, 0x03, 0xD7, 0xC0, 0x00, 0x3F, 0x4B, 0x80, 0x02, 0xF0, 0x0F, 0x00,
    0x0F, 0x40, 0x2E, 0x00, 0xB8, 0x00, 0x3D, 0x03, 0xC0, 0x00, 0xBC, 0x2E, 0x00, 0x00, 0xF4, 0xF0,
    0x00, 0x01, 0xFB, 0x80, 0x00, 0x03, 0xFC, 0x00, 0x00, 0x07, 0xE0, 0x00, 0x00, 0x0F, 0x00, 0x00,
    0x00, 0x3C, 0x00, 0x00, 0x00, 0xF0, 0x00, 0x00, 0x03, 0xC0, 0x00, 0x00, 0x0F, 0x00, 0x00, 0x00,
    0x3C, 0x00, 0x00, 0x00, 0xF0, 0x00, 0x00, 0x00, 0x03, 0xC0, 0x00, 0x00, 0x03, 0xC0, 0x00, 0x00,
    0x03, 0xC0, 0x00, 0x00, 0x03, 0xC0, 0x00, 0x00, 0x03, 0xC0, 0x00, 0x00, 0x1B, 0xE4, 0x00, 0x02,
    0xFF, 0xFF, 0x80, 0x0F, 0xD7, 0xD7, 0xF0, 0x2F, 0x03, 0xC0, 0xFC, 0x3C, 0x03, 0xC0, 0x3D, 0x7C,
    0x03, 0xC0, 0x2E, 0xB8, 0x03, 0xC0, 0x2E, 0xB8, 0x03, 0xC0, 0x2F, 0xBC, 0x03, 0xC0, 0x2E, 0x7C,
    0x03, 0xC0, 0x3D, 0x3D, 0x03, 0xC0, 0x7C, 0x1F, 0x43, 0xC1, 0xF8, 0x07, 0xFB, 0xEF, 0xE0, 0x00,
    0xBF, 0xFE, 0x40, 0x00, 0x03, 0xD0, 0x00, 0x00, 0x03, 0xC0, 0x00, 0x00, 0x03, 0xC0, 0x00, 0x00,
    0x03, 0xC0, 0x00, 0x00, 0x03, 0xC0, 0x00, 0x00, 0x03, 0xC0, 0x00, 0x15, 0x55, 0x55, 0x55, 0x55,
    0x5F, 0xFF, 0xFF, 0xFF, 0xFF, 0xF1, 0x7E, 0x55, 0x55, 0x5F, 0x94, 0x0F, 0x00, 0x00, 0x02, 0xD0,
    0x07, 0xC0, 0x00, 0x00, 0x7C, 0x02, 0xE0, 0x02, 0x40, 0x0F, 0x00, 0xB8, 0x01, 0xF0, 0x03, 0xC0,
    0x2E, 0x00, 0x7C, 0x00, 0xF0, 0x0B, 0x80, 0x1F, 0x00, 0x3C, 0x01, 0xE0, 0x07, 0xC0, 0x1F, 0x00,
    0x7C, 0x02, 0xF0, 0x0B, 0x80, 0x0F, 0x80, 0xFD, 0x03, 0xD0, 0x01, 0xFE, 0xF7, 0xEB, 0xF0, 0x00,
    0x1F, 0xF4, 0x3F, 0xE0, 0x00, 0x00, 0x00, 0x00, 0x00, 0x00, 0x50, 0x00, 0x50, 0xF4, 0x02, 0xF0,
    0xF4, 0x0B, 0xC0, 0xF4, 0x1F, 0x40, 0xF4, 0x7D, 0x00, 0xF4, 0xF8, 0x00, 0xF7, 0xF0, 0x00, 0xFF,
    0xF4, 0x00, 0xFD, 0xBC, 0x00, 0xF8, 0x3F, 0x00, 0xF4, 0x0F, 0x80, 0xF4, 0x07, 0xD0, 0xF4, 0x02,
    0xF0, 0xF4, 0x00, 0xF8, 0x00, 0x00, 0x7C, 0x00, 0x00, 0xF8, 0x40, 0x02, 0xF0, 0xBF, 0xFF, 0xC0,
    0x1A, 0xF9, 0x00, 0x00, 0x00, 0x00, 0x00, 0x00, 0x1B, 0xFF, 0x90, 0x00, 0x3F, 0xFF, 0xFF, 0x00,
    0x3F, 0x40, 0x07, 0xF0, 0x2F, 0x00, 0x00, 0x3E, 0x0F, 0x80, 0x00, 0x07, 0xC7, 0xC0, 0x00, 0x00,
    0xF5, 0xF0, 0x00, 0x00, 0x3E, 0x7C, 0x00, 0x00, 0x0F, 0x9F, 0x00, 0x00, 0x03, 0xD3, 0xC0, 0x00,
    0x00, 0xF4, 0xF8, 0x00, 0x00, 0xBC, 0x1F, 0x40, 0x00, 0x7D, 0x02, 0xFD, 0x01, 0xBE, 0x00, 0x2F,
    0xFF, 0xFE, 0x00, 0x00, 0x6F, 0xE4, 0x00, 0x00, 0x02, 0xE0, 0x00, 0x00, 0x00, 0xB8, 0x00, 0x00,
    0x00, 0x2E, 0x00, 0x00, 0x00, 0x6A, 0x40, 0x01, 0xFF, 0xFD, 0x01, 0xF9, 0x1B, 0xD0, 0xF8, 0x00,
    0x7C, 0x7C, 0x00, 0x0F, 0x5F, 0x00, 0x02, 0xEB, 0x80, 0x00, 0xBA, 0xE0, 0x00, 0x2F, 0xBC, 0x00,
    0x0B, 0x9F, 0x00, 0x03, 0xE3, 0xD0, 0x00, 0xF0, 0xBC, 0x00, 0xF8, 0x0B, 0xEA, 0xFC, 0x00, 0x7F,
    0xF8, 0x00, 0x02, 0xE0, 0x00, 0x00, 0xB8, 0x00, 0x00, 0x2E, 0x00, 0x00, 0x0B, 0x80, 0x00, 0x02,
    0xE0, 0x00, 0x00, 0xB8, 0x00, 0x00, 0x00, 0x00, 0x00, 0x01, 0xBF, 0xFE, 0x40, 0x2F, 0xFF, 0xFF,
    0x03, 0xF8, 0x00, 0x24, 0x2F, 0x40, 0x00, 0x00, 0xF8, 0x00, 0x00, 0x07, 0xC0, 0x00, 0x00, 0x1F,
    0x00, 0x00, 0x00, 0x7C, 0x00, 0x00, 0x01, 0xF0, 0x00, 0x00, 0x03, 0xD0, 0x00, 0x00, 0x0F, 0xC0,
    0x00, 0x00, 0x0F, 0xD0, 0x00, 0x00, 0x1F, 0xFA, 0x40, 0x00, 0x0B, 0xFF, 0x00, 0x00, 0x00, 0xBC,
    0x00, 0x00, 0x01, 0xF0, 0x00, 0x00, 0x07, 0xC0, 0x00, 0x00, 0x1F, 0x00, 0x00, 0x00, 0x6A, 0x40,
    0x1F, 0xFF, 0xC1, 0xFD, 0x5A, 0x0F, 0x80, 0x00, 0x3C, 0x00, 0x01, 0xF0, 0x00, 0x0B, 0x80, 0x00,
    0x2E, 0x00, 0x00, 0xB8, 0x00, 0x01, 0xF0, 0x00, 0x03, 0xD0, 0x00, 0x0B, 0xE0, 0x00, 0x0B, 0xFE,
    0x00, 0x06, 0xFF, 0x00, 0x00, 0x7F, 0x00, 0x00, 0x3C, 0x00, 0x01, 0xF0, 0x1E, 0xAF, 0x40, 0x3F,
    0xF4, 0x00, 0x00, 0x00, 0x7F, 0xFF, 0xF2, 0xFF, 0xFF, 0xCB, 0x80, 0x00, 0x2E, 0x00, 0x00, 0xB8,
    0x00, 0x02, 0xE0, 0x00, 0x0B, 0x80, 0x00, 0x2E, 0x00, 0x00, 0xBE, 0xAA, 0x92, 0xFF, 0xFF, 0x8B,
    0xD5, 0x7E, 0x2E, 0x00, 0xB8, 0xB8, 0x02, 0xE2, 0xE0, 0x06, 0x4B, 0x80, 0x00, 0x2E, 0x00, 0x00,
    0xB8, 0x00, 0x02, 0xE0, 0x00, 0x00, 0x15, 0x55, 0x52, 0xFF, 0xFF, 0xDB, 0xEA, 0xAA, 0x2E, 0x00,
    0x00, 0xB8, 0x00, 0x02, 0xE0, 0x00, 0x0B, 0x80, 0x00, 0x2F, 0x55, 0x50, 0xBF, 0xFF, 0xE2, 0xFA,
    0xAF, 0x8B, 0x80, 0x2E, 0x2E, 0x00, 0xB8, 0xB8, 0x02, 0xE2, 0xE0, 0x01, 0x0B, 0x80, 0x00, 0x2E,
    0x00, 0x00, 0xB8, 0x00, 0x02, 0xE0, 0x00, 0x0B, 0x80, 0x00, 0x2E, 0x00, 0x00, 0x00, 0x00, 0x00,
    0x0F, 0xE0, 0x00, 0x02, 0xFE, 0x00, 0x00, 0x07, 0xC0, 0x00, 0x01, 0xF0, 0x00, 0x00, 0xB8, 0x00,
    0x00, 0x3D, 0x00, 0x00, 0x0F, 0x00, 0x00, 0x0B, 0xD5, 0x55, 0x03, 0xFF, 0xFF, 0xC0, 0xAA, 0xAB,
    0xF0, 0x00, 0x00, 0xB8, 0x00, 0x00, 0x3D, 0x00, 0x00, 0x0F, 0x00, 0x00, 0x0B, 0xC0, 0x00, 0x02,
    0xE0, 0x00, 0x00, 0xF4, 0x00, 0x00, 0x2F, 0xA0, 0x00, 0x03, 0xFC, 0x00, 0x00, 0x00, 0x00, 0x00,
    0x00, 0x3F, 0x80, 0x00, 0x3B, 0xD0, 0x00, 0x02, 0xE0, 0x00, 0x02, 0xE0, 0x00, 0x03, 0xD0, 0x00,
    0x03, 0xC0, 0x00, 0x0B, 0x80, 0x00, 0x0F, 0x40, 0x00, 0x1F, 0x00, 0x00, 0x2E, 0x00, 0x1A, 0x3D,
    0x6F, 0xFE, 0xBF, 0xFF, 0xFD, 0xFF, 0xA4, 0x3C, 0x50, 0x00, 0xB8, 0x00, 0x00, 0xF4, 0x00, 0x00,
    0xF0, 0x00, 0x02, 0xE0, 0x00, 0x03, 0xC0, 0x00, 0x07, 0xC0, 0x00, 0x0B, 0x80, 0x00, 0x0F, 0x00,
    0x00, 0x0F, 0x00, 0x00, 0x0F, 0x40, 0x00, 0x0F, 0xFC, 0x00, 0x02, 0xFC, 0x00, 0x00, 0x00, 0x00,
    0x2F, 0xFF, 0x40, 0x03, 0xFF, 0xFF, 0xC0, 0x0A, 0x00, 0x2F, 0xC0, 0x00, 0x01, 0xFF, 0x40, 0x00,
    0x3F, 0xEF, 0x00, 0x0B, 0xF4, 0x3D, 0x00, 0x3E, 0x00, 0xB8, 0x00, 0x40, 0x0B, 0xF0, 0x00, 0x01,
    0xFF, 0xC0, 0x00, 0x2F, 0x9F, 0x00, 0x03, 0xF4, 0x7C, 0x00, 0x06, 0x01, 0xF0, 0x00, 0x00, 0x07,
    0xC0, 0x00, 0x00, 0x1F, 0x00, 0x00, 0x00, 0xB8, 0x00, 0x00, 0x03, 0xE0, 0x00, 0x00, 0x0F, 0x00,
    0x00, 0x00, 0xBC, 0x00, 0x00, 0x00, 0x00, 0x00, 0xF8, 0x00, 0x00, 0x03, 0xFE, 0x00, 0x00, 0x01,
    0xBF, 0x80, 0x00, 0x00, 0x2F, 0xC0, 0x00, 0x00, 0x0F, 0xC0, 0x00, 0x00, 0x0F, 0xC0, 0x00, 0x00,
    0x0F, 0x80, 0x00, 0x06, 0xFF, 0x40, 0x02, 0xFF, 0x6F, 0x00, 0x0B, 0x40, 0x3D, 0x00, 0x00, 0x00,
    0xB8, 0x00, 0x00, 0x02, 0xF0, 0x00, 0x01, 0xBF, 0xC0, 0x00, 0xBF, 0xDF, 0x40, 0x03, 0xD0, 0x3D,
    0x00, 0x00, 0x00, 0xB4, 0x00, 0x00, 0x02, 0xD0, 0x00, 0x00, 0x0F, 0x40, 0x00, 0x00, 0x3D, 0x00,
    0x00, 0x00, 0xF0, 0x00, 0x00, 0x03, 0xC0, 0x00, 0x00, 0x1F, 0x00, 0x00, 0x00, 0xF4, 0x00, 0x00,
    0x03, 0xC0, 0x00, 0x00, 0x2E, 0x00, 0x29, 0x00, 0x00, 0x14, 0x1F, 0xF0, 0x00, 0x3E, 0x00, 0x7F,
    0x00, 0x2F, 0x40, 0x03, 0xC0, 0x1F, 0xC0, 0x00, 0xF4, 0x0F, 0xF0, 0x00, 0x3D, 0x0F, 0xF8, 0x00,
    0x0F, 0x4F, 0xBD, 0x00, 0x03, 0xDB, 0x8F, 0x40, 0x00, 0xFB, 0xC3, 0xD0, 0x00, 0x3F, 0xC0, 0xF4,
    0x00, 0x1F, 0xD0, 0x3D, 0x00, 0x0B, 0xE0, 0x0B, 0xC0, 0x03, 0xF0, 0x00, 0xFE, 0x41, 0xF0, 0x00,
    0x1F, 0xE0, 0x00, 0x00, 0x00, 0x00, 0x00, 0x6A, 0x40, 0x00, 0xFF, 0xFD, 0x00, 0xFD, 0x1B, 0xD0,
    0xBC, 0x00, 0xBC, 0x3D, 0x00, 0x0F, 0x0F, 0x00, 0x03, 0xD3, 0xC0, 0x00, 0xB9, 0xF0, 0x00, 0x2E,
    0x7C, 0x00, 0x0F, 0x9F, 0x00, 0x03, 0xD7, 0xC0, 0x02, 0xF1, 0xFD, 0x02, 0xF4, 0x3F, 0xFF, 0xF4,
    0x0F, 0x1A, 0x90, 0x03, 0xC0, 0x00, 0x00, 0xF8, 0x00, 0x00, 0x1F, 0xFA, 0x90, 0x00, 0xBF, 0xFE,
    0x00, 0x00, 0x1B, 0xC0, 0x00, 0x01, 0xE0, 0x00, 0x6A, 0x40, 0x1F, 0xFF, 0xC0, 0xFD, 0x5A, 0x0F,
    0x80, 0x00, 0x3C, 0x00, 0x01, 0xF0, 0x00, 0x0B, 0x80, 0x00, 0x2E, 0x00, 0x00, 0xB8, 0x00, 0x01,
    0xF0, 0x00, 0x03, 0xD0, 0x00, 0x0B, 0xC0, 0x00, 0x0F, 0xFA, 0xF0, 0x0B, 0xFF, 0x80, 0x00, 0x00,
    0x00, 0x00, 0x10, 0x03, 0xD0, 0x0F, 0x40, 0x04, 0x00, 0x00, 0x01, 0x40, 0x0F, 0x40, 0x3D, 0x00,
    0xF4, 0x03, 0xD0, 0x0F, 0x40, 0x3D, 0x00, 0xF4, 0x03, 0xD0, 0x0F, 0x40, 0x3D, 0x00, 0xF4, 0x03,
    0xD0, 0x0F, 0x40, 0x3D, 0x00, 0xF4, 0x03, 0xD0, 0x1F, 0x1F, 0xF8, 0x7F, 0x80, 0x00, 0x00, 0x00,
    0x00, 0x00, 0x0B, 0xFF, 0xD0, 0x00, 0x1F, 0xFF, 0xFF, 0x00, 0x1F, 0x80, 0x07, 0xF0, 0x0F, 0x80,
    0x00, 0x3E, 0x0B, 0xC0, 0x00, 0x07, 0xC3, 0xD0, 0x00, 0x00, 0xF8, 0xF0, 0x00, 0x00, 0x2F, 0x7C,
    0x00, 0x00, 0x0B, 0xDF, 0xFF, 0xFF, 0xFF, 0xF7, 0xFF, 0xFF, 0xFF, 0xFD, 0xF0, 0x00, 0x00, 0x1F,
    0x7C, 0x00, 0x00, 0x0B, 0xCF, 0x40, 0x00, 0x03, 0xE2, 0xF0, 0x00, 0x01, 0xF0, 0x7D, 0x00, 0x00,
    0xF8, 0x0B, 0xE0, 0x01, 0xFC, 0x00, 0xBF, 0xEB, 0xFC, 0x00, 0x06, 0xFF, 0xF8, 0x00, 0x00, 0x00,
    0x00, 0x00, 0x00, 0x6A, 0x90, 0x1F, 0xFF, 0xD0, 0xFD, 0x56, 0x0F, 0x80, 0x00, 0x3C, 0x00, 0x01,
    0xF0, 0x00, 0x0B, 0xFF, 0xFC, 0x2F, 0xFF, 0xF0, 0xB8, 0x00, 0x01, 0xF0, 0x00, 0x03, 0xC0, 0x00,
    0x0B, 0xC0, 0x00, 0x0F, 0xFA, 0xF4, 0x0B, 0xFF, 0xC0, 0x00, 0x00, 0x00, 0x06, 0xA4, 0x00, 0xFF,
    0xFE, 0x02, 0x95, 0xBE, 0x00, 0x00, 0x7D, 0x00, 0x00, 0xB8, 0x00, 0x01, 0xF0, 0xBF, 0xFF, 0xC3,
    0xFF, 0xFF, 0x00, 0x00, 0x7C, 0x00, 0x02, 0xE0, 0x00, 0x0F, 0x40, 0x00, 0xBC, 0x7E, 0xAF, 0xC0,
    0xFF, 0xF8, 0x00, 0x00, 0x00, 0x00, 0x78, 0x00, 0x00, 0xB8, 0x00, 0x00, 0xB8, 0x00, 0x00, 0xBF,
    0xEA, 0x40, 0xBF, 0xFF, 0xF0, 0xB8, 0x06, 0xFC, 0xB8, 0x00, 0x3E, 0xB8, 0x00, 0x2F, 0xB8, 0x00,
    0x1F, 0xB8, 0x00, 0x2F, 0xB8, 0x00, 0x3E, 0xB8, 0x00, 0xFC, 0xBF, 0xFF, 0xF4, 0xBF, 0xFF, 0x80,
    0xB8, 0x00, 0x00, 0xB8, 0x00, 0x00, 0xB8, 0x00, 0x00, 0xB8, 0x00, 0x00, 0xF4, 0x00, 0x00, 0xF4,
    0x00, 0x00, 0xF4, 0x00, 0x00, 0xF4, 0x00, 0x00, 0xF4, 0x00, 0x00, 0xF4, 0x6A, 0x40, 0xF6, 0xFF,
    0xF0, 0xFF, 0x41, 0xFC, 0xFC, 0x00, 0x3D, 0xF8, 0x00, 0x2E, 0xF4, 0x00, 0x1F, 0xF4, 0x00, 0x1F,
    0xF4, 0x00, 0x1F, 0xF4, 0x00, 0x1F, 0xF8, 0x00, 0x2F, 0xFC, 0x00, 0x3E, 0xFE, 0x00, 0xBC, 0xFB,
    0xEB, 0xF4, 0xF5, 0xFF, 0xD0, 0xF4, 0x00, 0x00, 0xF4, 0x00, 0x00, 0xF4, 0x00, 0x00, 0xF4, 0x00,
    0x00, 0xF4, 0x00, 0x00, 0xF4, 0x00, 0x00, 0x00, 0x00, 0x00, 0x00, 0x00, 0x7F, 0xFE, 0x40, 0x1F,
    0xFF, 0xFF, 0x01, 0xFD, 0x00, 0x24, 0x0F, 0xC0, 0x00, 0x00, 0xBC, 0x00, 0x00, 0x03, 0xE0, 0x00,
    0x00, 0x0F, 0x00, 0x00, 0x00, 0x7C, 0x00, 0x00, 0x01, 0xF0, 0x00, 0x00, 0x07, 0xC0, 0x00, 0x00,
    0x1F, 0x00, 0x00, 0x00, 0x7C, 0x00, 0x00, 0x00, 0xF4, 0x00, 0x00, 0x02, 0xF0, 0x00, 0x00, 0x07,
    0xE0, 0x00, 0x00, 0x0B, 0xE0, 0x00, 0x00, 0x0B, 0xFE, 0xBF, 0x40, 0x06, 0xFF, 0xFC, 0x00, 0x00,
    0x00, 0x00, 0x7E, 0x00, 0x00, 0x03, 0xF2, 0xFD, 0x00, 0x00, 0x2F, 0xDB, 0xFC, 0x00, 0x00, 0xFF,
    0x6D, 0xF4, 0x00, 0x0F, 0x7D, 0xB5, 0xF0, 0x00, 0x7C, 0xF6, 0xD2, 0xE0, 0x03, 0xC3, 0xDB, 0x43,
    0xD0, 0x2E, 0x0F, 0x6E, 0x07, 0xC1, 0xF0, 0x3D, 0xB8, 0x0F, 0x8F, 0x40, 0xF6, 0xE0, 0x0F, 0xB8,
    0x03, 0xDB, 0x80, 0x2F, 0xC0, 0x0F, 0x6E, 0x00, 0x3D, 0x00, 0x3D, 0xB8, 0x00, 0x00, 0x00, 0xF6,
    0xE0, 0x00, 0x00, 0x03, 0xDB, 0x80, 0x00, 0x00, 0x0F, 0x6E, 0x00, 0x00, 0x00, 0x3D, 0xB8, 0x00,
    0x00, 0x00, 0xF6, 0xE0, 0x00, 0x00, 0x03, 0xD0, 0x54, 0x00, 0x00, 0x53, 0xF4, 0x00, 0x0F, 0xCF,
    0xF0, 0x00, 0xBF, 0x3F, 0xE0, 0x07, 0xFC, 0xF7, 0xD0, 0x3C, 0xF3, 0xC7, 0xC2, 0xD3, 0xCF, 0x0B,
    0x9F, 0x0F, 0x3C, 0x0F, 0xF0, 0x3C, 0xF0, 0x1F, 0x40, 0xF3, 0xC0, 0x00, 0x03, 0xCF, 0x00, 0x00,
    0x0F, 0x3C, 0x00, 0x00, 0x3C, 0xF0, 0x00, 0x00, 0xF3, 0xC0, 0x00, 0x03, 0xCF, 0x00, 0x00, 0x00,
    0x3C, 0x00, 0x00, 0x00, 0xF0, 0x00, 0x00, 0x03, 0xC0, 0x00, 0x00, 0x0F, 0x00, 0x00, 0x00, 0x3C,
    0x00, 0x00, 0x00, 0x00, 0x1A, 0x90, 0x00, 0x0F, 0xFF, 0xD0, 0x03, 0xF4, 0x6F, 0x00, 0xBC, 0x00,
    0xBC, 0x0F, 0x40, 0x03, 0xC0, 0xF0, 0x00, 0x3D, 0x0F, 0x00, 0x02, 0xE1, 0xF0, 0x00, 0x2E, 0x1F,
    0x00, 0x02, 0xE1, 0xF0, 0x00, 0x3D, 0x1F, 0x00, 0x07, 0xC1, 0xF4, 0x00, 0xF8, 0x1F, 0xFA, 0xBF,
    0x01, 0xF7, 0xFF, 0x80, 0x1F, 0x00, 0x00, 0x01, 0xF0, 0x00, 0x00, 0xFF, 0xFF, 0xC0, 0x0F, 0xFF,
    0xFC, 0x00, 0x1F, 0x00, 0x00, 0x01, 0xF0, 0x00, 0x00, 0x00, 0x00, 0x00, 0x00, 0x6F, 0xFF, 0x80,
    0x03, 0xFF, 0xFF, 0xD0, 0x06, 0x00, 0x1F, 0xD0, 0x00, 0x00, 0x0F, 0xC0, 0x00, 0x00, 0x0F, 0x40,
    0x00, 0x00, 0x2F, 0x00, 0x00, 0x00, 0x7C, 0x00, 0x00, 0x00, 0xF0, 0x00, 0x00, 0x03, 0xD0, 0x00,
    0x00, 0x0F, 0x40, 0x00, 0x00, 0x3C, 0x00, 0x00, 0x01, 0xF0, 0x00, 0x00, 0x0B, 0xC0, 0x00, 0x00,
    0x3D, 0x00, 0x00, 0x03, 0xF0, 0x00, 0x00, 0x7F, 0x40, 0xBF, 0xBF, 0xF4, 0x01, 0xFF, 0xFE, 0x00,
    0x00, 0x00, 0x00, 0x00, 0x00, 0x00, 0x00, 0x00, 0x00, 0x7F, 0xFE, 0x40, 0x1F, 0xFF, 0xFF, 0x01,
    0xFD, 0x00, 0x24, 0x0F, 0xC0, 0x00, 0x00, 0xBC, 0x00, 0x00, 0x03, 0xE0, 0x00, 0x00, 0x0F, 0x00,
    0x00, 0x00, 0x7C, 0x00, 0x00, 0x01, 0xF0, 0x07, 0xC0, 0x07, 0xC0, 0x3F, 0x40, 0x1F, 0x00, 0xBC,
    0x00, 0x7C, 0x00, 0x40, 0x00, 0xF4, 0x00, 0x00, 0x02, 0xF0, 0x00, 0x00, 0x07, 0xE0, 0x00, 0x00,
    0x0B, 0xE0, 0x00, 0x00, 0x0B, 0xFE, 0xBF, 0x40, 0x06, 0xFF, 0xFC, 0x00, 0x00, 0x00, 0x00, 0x00,
    0x00, 0x00, 0x00, 0x6F, 0xFF, 0x80, 0x03, 0xFF, 0xFF, 0xD0, 0x06, 0x00, 0x1F, 0xD0, 0x00, 0x00,
    0x0F, 0xC0, 0x00, 0x00, 0x0F, 0x40, 0x00, 0x00, 0x2F, 0x00, 0x00, 0x00, 0x7C, 0x00, 0x00, 0x00,
    0xF0, 0x00, 0xF0, 0x03, 0xD0, 0x0B, 0xE0, 0x0F, 0x40, 0x1F, 0x40, 0x3C, 0x00, 0x00, 0x01, 0xF0,
    0x00, 0x00, 0x0B, 0xC0, 0x00, 0x00, 0x3D, 0x00, 0x00, 0x03, 0xF0, 0x00, 0x00, 0x7F, 0x40, 0xBF,
    0xBF, 0xF4, 0x01, 0xFF, 0xFE, 0x00, 0x00, 0x00, 0x00, 0x00, 0x00, 0x00, 0x00, 0x1F, 0x40, 0x00,
    0x1F, 0x00, 0x00, 0x1E, 0x00, 0x00, 0x1C, 0x00, 0x00, 0x00, 0x07, 0xFF, 0xFF, 0x6F, 0xFF, 0xFD,
    0xB8, 0x00, 0x02, 0xE0, 0x00, 0x0B, 0x80, 0x00, 0x2E, 0x00, 0x00, 0xB8, 0x00, 0x02, 0xF5, 0x55,
    0x4B, 0xFF, 0xFF, 0x2F, 0xAA, 0xA8, 0xB8, 0x00, 0x02, 0xE0, 0x00, 0x0B, 0x80, 0x00, 0x2E, 0x00,
    0x00, 0xB8, 0x00, 0x02, 0xE0, 0x00, 0x0B, 0xFF, 0xFF, 0x6F, 0xFF, 0xFD, 0x01, 0x01, 0x00, 0x2E,
    0x1F, 0x00, 0xB8, 0x7C, 0x00, 0x40, 0x40, 0x00, 0x00, 0x01, 0xFF, 0xFF, 0xDB, 0xFF, 0xFF, 0x6E,
    0x00, 0x00, 0xB8, 0x00, 0x02, 0xE0, 0x00, 0x0B, 0x80, 0x00, 0x2E, 0x00, 0x00, 0xBD, 0x55, 0x52,
    0xFF, 0xFF, 0xCB, 0xEA, 0xAA, 0x2E, 0x00, 0x00, 0xB8, 0x00, 0x02, 0xE0, 0x00, 0x0B, 0x80, 0x00,
    0x2E, 0x00, 0x00, 0xB8, 0x00, 0x02, 0xFF, 0xFF, 0xDB, 0xFF, 0xFF, 0x40, 0xBF, 0xFF, 0xFF, 0xC0,
    0x3F, 0xFF, 0xFF, 0xF0, 0x00, 0x0B, 0xC0, 0x00, 0x00, 0x01, 0xF0, 0x00, 0x00, 0x00, 0x7C, 0x00,
    0x00, 0x00, 0x1F, 0x00, 0x00, 0x00, 0x07, 0xC0, 0x00, 0x00, 0x01, 0xF6, 0xFE, 0x40, 0x00, 0x7F,
    0xFF, 0xFC, 0x00, 0x1F, 0x40, 0x1F, 0xC0, 0x07, 0xC0, 0x01, 0xF4, 0x01, 0xF0, 0x00, 0x3E, 0x00,
    0x7C, 0x00, 0x0B, 0x80, 0x1F, 0x00, 0x02, 0xE0, 0x07, 0xC0, 0x00, 0xF4, 0x01, 0xF0, 0x00, 0xBC,
    0x00, 0x7C, 0x2A, 0xFD, 0x00, 0x1F, 0x0F, 0xFD, 0x00, 0x00, 0x00, 0x10, 0x00, 0x00, 0x00, 0x00,
    0x00, 0x3E, 0x00, 0x02, 0xF0, 0x00, 0x0F, 0x00, 0x00, 0xB0, 0x00, 0x00, 0x00, 0x07, 0xFF, 0xFF,
    0x2F, 0xFF, 0xFC, 0xB8, 0x00, 0x02, 0xE0, 0x00, 0x0B, 0x80, 0x00, 0x2E, 0x00, 0x00, 0xB8, 0x00,
    0x02, 0xE0, 0x00, 0x0B, 0x80, 0x00, 0x2E, 0x00, 0x00, 0xB8, 0x00, 0x02, 0xE0, 0x00, 0x0B, 0x80,
    0x00, 0x2E, 0x00, 0x00, 0xB8, 0x00, 0x02, 0xE0, 0x00, 0x0B, 0x80, 0x00, 0x2E, 0x00, 0x00, 0x00,
    0x00, 0x00, 0x00, 0x01, 0xFF, 0xF8, 0x01, 0xFF, 0xFF, 0xE0, 0x7F, 0x40, 0x08, 0x0F, 0x80, 0x00,
    0x02, 0xF0, 0x00, 0x00, 0x3D, 0x00, 0x00, 0x03, 0xC0, 0x00, 0x00, 0x7C, 0x00, 0x00, 0x07, 0xFF,
    0xFF, 0xE0, 0x7F, 0xFF, 0xFE, 0x07, 0xC0, 0x00, 0x00, 0x7C, 0x00, 0x00, 0x03, 0xD0, 0x00, 0x00,
    0x3F, 0x00, 0x00, 0x01, 0xF8, 0x00, 0x00, 0x0B, 0xE0, 0x00, 0x50, 0x2F, 0xFE, 0xFE, 0x00, 0x6F,
    0xFF, 0xD0, 0x00, 0x00, 0x00, 0x00, 0x00, 0x00, 0x02, 0xFF, 0xE4, 0x1F, 0xFF, 0xFC, 0x3E, 0x00,
    0x14, 0x7C, 0x00, 0x00, 0x7C, 0x00, 0x00, 0x7C, 0x00, 0x00, 0x3E, 0x00, 0x00, 0x2F, 0xD0, 0x00,
    0x07, 0xFE, 0x00, 0x00, 0xBF, 0xE0, 0x00, 0x07, 0xF8, 0x00, 0x00, 0x7D, 0x00, 0x00, 0x3D, 0x00,
    0x00, 0x2E, 0x00, 0x00, 0x3D, 0x50, 0x00, 0xBC, 0xBF, 0xAF, 0xF4, 0x7F, 0xFF, 0x80, 0x00, 0x00,
    0x00, 0x7A, 0xEB, 0xAE, 0xBA, 0xEB, 0xAE, 0xBA, 0xEB, 0xAE, 0xBA, 0xEB, 0xAE, 0xBA, 0xE0, 0x14,
    0x50, 0xF3, 0xD3, 0xCF, 0x00, 0x00, 0x00, 0x00, 0x1E, 0x00, 0xB8, 0x02, 0xE0, 0x0B, 0x80, 0x2E,
    0x00, 0xB8, 0x02, 0xE0, 0x0B, 0x80, 0x2E, 0x00, 0xB8, 0x02, 0xE0, 0x0B, 0x80, 0x2E, 0x00, 0xB8,
    0x02, 0xE0, 0x0B, 0x80, 0x2E, 0x00, 0xB8, 0x00, 0x00, 0xB4, 0x02, 0xE0, 0x0B, 0x80, 0x2E, 0x00,
    0xB8, 0x02, 0xE0, 0x0B, 0x80, 0x2E, 0x00, 0xB8, 0x02, 0xE0, 0x0B, 0x80, 0x2E, 0x00, 0xB8, 0x02,
    0xE0, 0x0B, 0x80, 0x2E, 0x00, 0xB8, 0x02, 0xE0, 0x0B, 0x80, 0x3D, 0x47, 0xF3, 0xFF, 0x4A, 0xA0,
    0x00, 0x00, 0xBF, 0xFF, 0xF8, 0x00, 0x00, 0x00, 0xBF, 0xFF, 0xFC, 0x00, 0x00, 0x00, 0xF4, 0x00,
    0xBC, 0x00, 0x00, 0x00, 0xF4, 0x00, 0x7C, 0x00, 0x00, 0x00, 0xF4, 0x00, 0x7C, 0x00, 0x00, 0x00,
    0xF0, 0x00, 0x7C, 0x00, 0x00, 0x00, 0xF0, 0x00, 0x7C, 0x00, 0x00, 0x00, 0xF0, 0x00, 0x7F, 0xFE,
    0x40, 0x00, 0xF0, 0x00, 0x7F, 0xFF, 0xF4, 0x00, 0xF0, 0x00, 0x7C, 0x01, 0xFC, 0x00, 0xF0, 0x00,
    0x7C, 0x00, 0x3E, 0x01, 0xF0, 0x00, 0x7C, 0x00, 0x1F, 0x01, 0xE0, 0x00, 0x7C, 0x00, 0x1F, 0x01,
    0xE0, 0x00, 0x7C, 0x00, 0x1F, 0x02, 0xD0, 0x00, 0x7C, 0x00, 0x3E, 0x03, 0xC0, 0x00, 0x7C, 0x00,
    0xFC, 0xFF, 0xC0, 0x00, 0x7F, 0xFF, 0xF4, 0xFF, 0x00, 0x00, 0x7F, 0xFF, 0x80, 0x10, 0x00, 0x00,
    0x00, 0x00, 0x00, 0x78, 0x00, 0x03, 0xC0, 0x00, 0x02, 0xE0, 0x00, 0x0F, 0x00, 0x00, 0x0B, 0x80,
    0x00, 0x3C, 0x00, 0x00, 0x2E, 0x00, 0x00, 0xF0, 0x00, 0x00, 0xB8, 0x00, 0x03, 0xC0, 0x00, 0x02,
    0xE0, 0x00, 0x0F, 0x00, 0x00, 0x0B, 0x80, 0x00, 0x3C, 0x00, 0x00, 0x2F, 0xAA, 0xAA, 0xFA, 0xA9,
    0x00, 0xBF, 0xFF, 0xFF, 0xFF, 0xFF, 0x42, 0xF5, 0x55, 0x5F, 0x55, 0x7F, 0x4B, 0x80, 0x00, 0x3C,
    0x00, 0x2F, 0x2E, 0x00, 0x00, 0xF0, 0x00, 0x3D, 0xB8, 0x00, 0x03, 0xC0, 0x00, 0xF6, 0xE0, 0x00,
    0x0F, 0x00, 0x03, 0xDB, 0x80, 0x00, 0x3C, 0x00, 0x1F, 0x2E, 0x00, 0x00, 0xF0, 0x01, 0xF8, 0xB8,
    0x00, 0x03, 0xFF, 0xFF, 0x82, 0xE0, 0x00, 0x0F, 0xFF, 0xE4, 0x00, 0xBF, 0xFF, 0xFF, 0xC0, 0x3F,
    0xFF, 0xFF, 0xF0, 0x00, 0x0B, 0xC0, 0x00, 0x00, 0x01, 0xF0, 0x00, 0x00, 0x00, 0x7C, 0x00, 0x00,
    0x00, 0x1F, 0x00, 0x00, 0x00, 0x07, 0xC0, 0x00, 0x00, 0x01, 0xF6, 0xFE, 0x40, 0x00, 0x7F, 0xFF,
    0xFC, 0x00, 0x1F, 0x40, 0x1F, 0xC0, 0x07, 0xC0, 0x00, 0xF0, 0x01, 0xF0, 0x00, 0x3D, 0x00, 0x7C,
    0x00, 0x0B, 0x40, 0x1F, 0x00, 0x02, 0xE0, 0x07, 0xC0, 0x00, 0xB8, 0x01, 0xF0, 0x00, 0x2E, 0x00,
    0x7C, 0x00, 0x0B, 0x80, 0x1F, 0x00, 0x02, 0xE0, 0x00, 0x00, 0x00, 0x00, 0x00, 0x3E, 0x00, 0x00,
    0x0F, 0x80, 0x00, 0x01, 0xE0, 0x00, 0x00, 0x38, 0x00, 0x00, 0x00, 0x00, 0x00, 0x78, 0x00, 0x0B,
    0x4B, 0x80, 0x01, 0xF0, 0xB8, 0x00, 0x3D, 0x0B, 0x80, 0x0F, 0x80, 0xB8, 0x02, 0xF0, 0x0B, 0x80,
    0x3C, 0x00, 0xB8, 0x0F, 0x80, 0x0B, 0xD6, 0xF0, 0x00, 0xBF, 0xFD, 0x00, 0x0B, 0xEB, 0xF0, 0x00,
    0xB8, 0x0F, 0x40, 0x0B, 0x80, 0xBC, 0x00, 0xB8, 0x03, 0xE0, 0x0B, 0x80, 0x0F, 0x40, 0xB8, 0x00,
    0xBC, 0x0B, 0x80, 0x03, 0xE0, 0xB8, 0x00, 0x0F, 0x4B, 0x80, 0x00, 0xBC, 0x00, 0x00, 0x00, 0x00,
    0x01, 0xF4, 0x00, 0x00, 0x01, 0xF0, 0x00, 0x00, 0x01, 0xE0, 0x00, 0x00, 0x01, 0xC0, 0x00, 0x00,
    0x00, 0x00, 0x07, 0x80, 0x00, 0x0F, 0x6E, 0x00, 0x00, 0xFD, 0xB8, 0x00, 0x07, 0xF6, 0xE0, 0x00,
    0x3F, 0xDB, 0x80, 0x02, 0xDB, 0x6E, 0x00, 0x1F, 0x2D, 0xB8, 0x00, 0xF0, 0xB6, 0xE0, 0x0B, 0x83,
    0xDB, 0x80, 0x7C, 0x0F, 0x6E, 0x03, 0xD0, 0x3D, 0xB8, 0x2E, 0x00, 0xF6, 0xE0, 0xF0, 0x03, 0xDB,
    0x8F, 0x40, 0x0F, 0x6E, 0x78, 0x00, 0x3D, 0xBB, 0xC0, 0x00, 0xF6, 0xFD, 0x00, 0x03, 0xDB, 0xF0,
    0x00, 0x0F, 0x6F, 0x00, 0x00, 0x3D, 0x00, 0x60, 0x0A, 0x00, 0x00, 0xB8, 0x1F, 0x00, 0x00, 0x3F,
    0xFC, 0x00, 0x00, 0x06, 0x90, 0x00, 0x00, 0x00, 0x00, 0x00, 0xB8, 0x00, 0x00, 0x3C, 0x3D, 0x00,
    0x00, 0xBC, 0x2F, 0x00, 0x00, 0xF4, 0x0F, 0x40, 0x01, 0xF0, 0x0B, 0xC0, 0x03, 0xD0, 0x03, 0xD0,
    0x07, 0xC0, 0x02, 0xF0, 0x0F, 0x80, 0x00, 0xF4, 0x0F, 0x00, 0x00, 0xBC, 0x2E, 0x00, 0x00, 0x3D,
    0x3C, 0x00, 0x00, 0x2F, 0x7C, 0x00, 0x00, 0x0F, 0xF4, 0x00, 0x00, 0x0B, 0xF0, 0x00, 0x00, 0x03,
    0xD0, 0x00, 0x00, 0x0B, 0xC0, 0x00, 0x00, 0x1F, 0x40, 0x00, 0x0F, 0xFE, 0x00, 0x00, 0x0F, 0xF8,
    0x00, 0x00, 0x01, 0x00, 0x00, 0x00, 0x78, 0x00, 0x01, 0xEB, 0x80, 0x00, 0x1F, 0xB8, 0x00, 0x01,
    0xFB, 0x80, 0x00, 0x1F, 0xB8, 0x00, 0x01, 0xFB, 0x80, 0x00, 0x1F, 0xB8, 0x00, 0x01, 0xFB, 0x80,
    0x00, 0x1F, 0xB8, 0x00, 0x01, 0xFB, 0x80, 0x00, 0x1F, 0xB8, 0x00, 0x01, 0xFB, 0x80, 0x00, 0x1F,
    0xB8, 0x00, 0x01, 0xFB, 0x80, 0x00, 0x1F, 0xB8, 0x00, 0x01, 0xFB, 0x80, 0x00, 0x1F, 0xBF, 0xFF,
    0xFF, 0xFB, 0xFF, 0xFF, 0xFF, 0x00, 0x0F, 0x00, 0x00, 0x00, 0xF0, 0x00, 0x00, 0x0F, 0x00, 0x00,
    0x00, 0xF0, 0x00, 0x00, 0x03, 0xC0, 0x00, 0x00, 0x0B, 0xE0, 0x00, 0x00, 0x0F, 0xF0, 0x00, 0x00,
    0x1E, 0xB4, 0x00, 0x00, 0x3D, 0x78, 0x00, 0x00, 0x3C, 0x3C, 0x00, 0x00, 0xB8, 0x2D, 0x00, 0x00,
    0xF4, 0x1F, 0x00, 0x01, 0xF0, 0x0F, 0x40, 0x02, 0xE0, 0x0B, 0x80, 0x03, 0xEA, 0xAB, 0xC0, 0x07,
    0xFF, 0xFF, 0xD0, 0x0F, 0x95, 0x56, 0xF0, 0x1F, 0x00, 0x00, 0xF0, 0x2E, 0x00, 0x00, 0xB8, 0x3C,
    0x00, 0x00, 0x7C, 0x7C, 0x00, 0x00, 0x3D, 0xF4, 0x00, 0x00, 0x2F, 0x7F, 0xFF, 0xFC, 0x2F, 0xFF,
    0xFF, 0x0B, 0x80, 0x00, 0x02, 0xE0, 0x00, 0x00, 0xB8, 0x00, 0x00, 0x2E, 0x00, 0x00, 0x0B, 0x80,
    0x00, 0x02, 0xFF, 0xF9, 0x00, 0xBF, 0xFF, 0xF4, 0x2E, 0x00, 0x7F, 0x4B, 0x80, 0x03, 0xF2, 0xE0,
    0x00, 0x7C, 0xB8, 0x00, 0x0F, 0x2E, 0x00, 0x07, 0xCB, 0x80, 0x02, 0xF2, 0xE0, 0x02, 0xF4, 0xBF,
    0xFF, 0xF4, 0x2F, 0xFF, 0xE0, 0x00, 0x7F, 0xFE, 0x90, 0x2F, 0xFF, 0xFF, 0x0B, 0x80, 0x0B, 0xF2,
    0xE0, 0x00, 0x7C, 0xB8, 0x00, 0x0F, 0x6E, 0x00, 0x03, 0xCB, 0x80, 0x01, 0xF2, 0xF5, 0x56, 0xF0,
    0xBF, 0xFF, 0xE0, 0x2F, 0xAA, 0xBF, 0x4B, 0x80, 0x01, 0xF6, 0xE0, 0x00, 0x2E, 0xB8, 0x00, 0x07,
    0xEE, 0x00, 0x02, 0xFB, 0x80, 0x00, 0xFA, 0xE0, 0x00, 0xBD, 0xBF, 0xFF, 0xFD, 0x2F, 0xFF, 0xF8,
    0x00, 0x7F, 0xFF, 0xF2, 0xFF, 0xFF, 0xCB, 0x80, 0x00, 0x2E, 0x00, 0x00, 0xB8, 0x00, 0x02, 0xE0,
    0x00, 0x0B, 0x80, 0x00, 0x2E, 0x00, 0x00, 0xB8, 0x00, 0x02, 0xE0, 0x00, 0x0B, 0x80, 0x00, 0x2E,
    0x00, 0x00, 0xB8, 0x00, 0x02, 0xE0, 0x00, 0x0B, 0x80, 0x00, 0x2E, 0x00, 0x00, 0xB8, 0x00, 0x02,
    0xE0, 0x00, 0x00, 0x00, 0x3F, 0xFF, 0xFE, 0x00, 0x03, 0xFF, 0xFF, 0xE0, 0x00, 0x3C, 0x00, 0x2E,
    0x00, 0x03, 0xC0, 0x02, 0xE0, 0x00, 0x7C, 0x00, 0x2E, 0x00, 0x07, 0xC0, 0x02, 0xE0, 0x00, 0x78,
    0x00, 0x2E, 0x00, 0x07, 0x80, 0x02, 0xE0, 0x00, 0x78, 0x00, 0x2E, 0x00, 0x0B, 0x80, 0x02, 0xE0,
    0x00, 0xB4, 0x00, 0x2E, 0x00, 0x0F, 0x00, 0x02, 0xE0, 0x00, 0xF0, 0x00, 0x2E, 0x00, 0x2E, 0x00,
    0x02, 0xE0, 0x03, 0xD0, 0x00, 0x2E, 0x00, 0xBC, 0x00, 0x02, 0xE0, 0xBF, 0xFF, 0xFF, 0xFF, 0xFF,
    0xFF, 0xFF, 0xFF, 0xFF, 0xF4, 0x00, 0x00, 0x00, 0xFF, 0x40, 0x00, 0x00, 0x0F, 0xF4, 0x00, 0x00,
    0x00, 0xFB, 0x40, 0x00, 0x00, 0x0F, 0x7F, 0xFF, 0xF6, 0xFF, 0xFF, 0xDB, 0x80, 0x00, 0x2E, 0x00,
    0x00, 0xB8, 0x00, 0x02, 0xE0, 0x00, 0x0B, 0x80, 0x00, 0x2F, 0x55, 0x54, 0xBF, 0xFF, 0xF2, 0xFA,
    0xAA, 0x8B, 0x80, 0x00, 0x2E, 0x00, 0x00, 0xB8, 0x00, 0x02, 0xE0, 0x00, 0x0B, 0x80, 0x00, 0x2E,
    0x00, 0x00, 0xBF, 0xFF, 0xF6, 0xFF, 0xFF, 0xD0, 0x3C, 0x00, 0x0B, 0x40, 0x02, 0xE0, 0xBC, 0x00,
    0x3D, 0x00, 0x0F, 0x00, 0xF4, 0x00, 0xF4, 0x00, 0xF4, 0x01, 0xF0, 0x03, 0xD0, 0x0B, 0xC0, 0x02,
    0xF0, 0x0F, 0x40, 0x3C, 0x00, 0x03, 0xD0, 0x3D, 0x03, 0xE0, 0x00, 0x07, 0xC0, 0xF4, 0x2F, 0x00,
    0x00, 0x0B, 0xD7, 0xE5, 0xF0, 0x00, 0x00, 0x0F, 0xFF, 0xFF, 0x80, 0x00, 0x00, 0xBE, 0xBF, 0xBF,
    0x00, 0x00, 0x03, 0xD0, 0xF4, 0x3E, 0x00, 0x00, 0x3E, 0x03, 0xD0, 0x3D, 0x00, 0x01, 0xF0, 0x0F,
    0x40, 0xBC, 0x00, 0x0F, 0x40, 0x3D, 0x00, 0xF8, 0x00, 0xBC, 0x00, 0xF4, 0x01, 0xF4, 0x07, 0xC0,
    0x03, 0xD0, 0x02, 0xF0, 0x3E, 0x00, 0x0F, 0x40, 0x03, 0xE2, 0xF0, 0x00, 0x3D, 0x00, 0x07, 0xC0,
    0x00, 0x00, 0x00, 0x06, 0xFF, 0xF8, 0x02, 0xFF, 0xFF, 0xD0, 0x20, 0x01, 0xFC, 0x00, 0x00, 0x0F,
    0x40, 0x00, 0x03, 0xD0, 0x00, 0x00, 0xF0, 0x00, 0x00, 0xBC, 0x00, 0x05, 0xFC, 0x00, 0xFF, 0xF8,
    0x00, 0x1A, 0xBF, 0xD0, 0x00, 0x00, 0xBC, 0x00, 0x00, 0x0B, 0x80, 0x00, 0x01, 0xF0, 0x00, 0x00,
    0x7C, 0x00, 0x00, 0x3F, 0x10, 0x00, 0x2F, 0x4F, 0xFA, 0xFF, 0x82, 0xFF, 0xFE, 0x40, 0x00, 0x00,
    0x00, 0x78, 0x00, 0x00, 0xF6, 0xE0, 0x00, 0x0F, 0xDB, 0x80, 0x00, 0x7F, 0x6E, 0x00, 0x03, 0xFD,
    0xB8, 0x00, 0x2D, 0xB6, 0xE0, 0x01, 0xF2, 0xDB, 0x80, 0x0F, 0x0B, 0x6E, 0x00, 0xB8, 0x3D, 0xB8,
    0x07, 0xC0, 0xF6, 0xE0, 0x3D, 0x03, 0xDB, 0x82, 0xE0, 0x0F, 0x6E, 0x0F, 0x00, 0x3D, 0xB8, 0xF4,
    0x00, 0xF6, 0xE7, 0x80, 0x03, 0xDB, 0xBC, 0x00, 0x0F, 0x6F, 0xD0, 0x00, 0x3D, 0xBF, 0x00, 0x00,
    0xF6, 0xF0, 0x00, 0x03, 0xD0, 0x00, 0x90, 0x18, 0x00, 0x03, 0xC0, 0xF0, 0x00, 0x0B, 0xFF, 0x80,
    0x00, 0x06, 0xA4, 0x00, 0x00, 0x00, 0x00, 0x01, 0xE0, 0x00, 0x03, 0xDB, 0x80, 0x00, 0x3F, 0x6E,
    0x00, 0x01, 0xFD, 0xB8, 0x00, 0x0F, 0xF6, 0xE0, 0x00, 0xB6, 0xDB, 0x80, 0x07, 0xCB, 0x6E, 0x00,
    0x3C, 0x2D, 0xB8, 0x02, 0xE0, 0xF6, 0xE0, 0x1F, 0x03, 0xDB, 0x80, 0xF4, 0x0F, 0x6E, 0x0B, 0x80,
    0x3D, 0xB8, 0x3C, 0x00, 0xF6, 0xE3, 0xD0, 0x03, 0xDB, 0x9E, 0x00, 0x0F, 0x6E, 0xF0, 0x00, 0x3D,
    0xBF, 0x40, 0x00, 0xF6, 0xFC, 0x00, 0x03, 0xDB, 0xC0, 0x00, 0x0F, 0x40, 0x78, 0x00, 0x0B, 0x4B,
    0x80, 0x01, 0xF0, 0xB8, 0x00, 0x3D, 0x0B, 0x80, 0x0F, 0x80, 0xB8, 0x02, 0xF0, 0x0B, 0x80, 0x3C,
    0x00, 0xB8, 0x0F, 0x80, 0x0B, 0xD6, 0xF0, 0x00, 0xBF, 0xFD, 0x00, 0x0B, 0xEB, 0xF0, 0x00, 0xB8,
    0x0F, 0x40, 0x0B, 0x80, 0xBC, 0x00, 0xB8, 0x03, 0xE0, 0x0B, 0x80, 0x0F, 0x40, 0xB8, 0x00, 0xBC,
    0x0B, 0x80, 0x03, 0xE0, 0xB8, 0x00, 0x0F, 0x4B, 0x80, 0x00, 0xBC, 0x00, 0xBF, 0xFF, 0xFC, 0x00,
    0xBF, 0xFF, 0xFC, 0x00, 0xF4, 0x00, 0x7C, 0x00, 0xF4, 0x00, 0x3C, 0x00, 0xF4, 0x00, 0x3C, 0x00,
    0xF0, 0x00, 0x3C, 0x00, 0xF0, 0x00, 0x3C, 0x00, 0xF0, 0x00, 0x3C, 0x00, 0xF0, 0x00, 0x3C, 0x00,
    0xF0, 0x00, 0x3C, 0x00, 0xF0, 0x00, 0x3C, 0x01, 0xF0, 0x00, 0x3C, 0x01, 0xE0, 0x00, 0x3C, 0x01,
    0xE0, 0x00, 0x3C, 0x02, 0xD0, 0x00, 0x3C, 0x03, 0xC0, 0x00, 0x3C, 0xFF, 0xC0, 0x00, 0x3C, 0xFF,
    0x00, 0x00, 0x3C, 0x10, 0x00, 0x00, 0x00, 0x7F, 0x00, 0x00, 0x03, 0xF2, 0xFD, 0x00, 0x00, 0x2F,
    0xDB, 0xF8, 0x00, 0x00, 0xFF, 0x6E, 0xF0, 0x00, 0x07, 0xBD, 0xB7, 0xD0, 0x00, 0x2D, 0xF6, 0xD7,
    0xC0, 0x00, 0xF3, 0xDB, 0x4F, 0x00, 0x07, 0x8F, 0x6E, 0x2E, 0x00, 0x3C, 0x3D, 0xB8, 0x7C, 0x01,
    0xF0, 0xF6, 0xE0, 0xF4, 0x0B, 0x43, 0xDB, 0x82, 0xE0, 0x3C, 0x0F, 0x6E, 0x03, 0xC1, 0xE0, 0x3D,
    0xB8, 0x0F, 0x4F, 0x40, 0xF6, 0xE0, 0x1F, 0x3C, 0x03, 0xDB, 0x80, 0x3E, 0xD0, 0x0F, 0x6E, 0x00,
    0xBF, 0x00, 0x3D, 0xB8, 0x01, 0xF8, 0x00, 0xF6, 0xE0, 0x03, 0xD0, 0x03, 0xD0, 0x78, 0x00, 0x00,
    0xF2, 0xE0, 0x00, 0x03, 0xCB, 0x80, 0x00, 0x0F, 0x2E, 0x00, 0x00, 0x3C, 0xB8, 0x00, 0x00, 0xF2,
    0xE0, 0x00, 0x03, 0xCB, 0x80, 0x00, 0x0F, 0x2F, 0x55, 0x55, 0x7C, 0xBF, 0xFF, 0xFF, 0xF2, 0xFA,
    0xAA, 0xAB, 0xCB, 0x80, 0x00, 0x0F, 0x2E, 0x00, 0x00, 0x3C, 0xB8, 0x00, 0x00, 0xF2, 0xE0, 0x00,
    0x03, 0xCB, 0x80, 0x00, 0x0F, 0x2E, 0x00, 0x00, 0x3C, 0xB8, 0x00, 0x00, 0xF2, 0xE0, 0x00, 0x03,
    0xC0, 0x00, 0x00, 0x00, 0x00, 0x00, 0x0B, 0xFF, 0x80, 0x00, 0x1F, 0xFF, 0xFE, 0x00, 0x1F, 0x80,
    0x0B, 0xE0, 0x0F, 0x80, 0x00, 0x7D, 0x0B, 0xC0, 0x00, 0x0F, 0x83, 0xD0, 0x00, 0x01, 0xF1, 0xF0,
    0x00, 0x00, 0x3D, 0x7C, 0x00, 0x00, 0x0F, 0x5F, 0x00, 0x00, 0x03, 0xE7, 0xC0, 0x00, 0x00, 0xF9,
    0xF0, 0x00, 0x00, 0x3D, 0x7C, 0x00, 0x00, 0x0F, 0x4F, 0x40, 0x00, 0x07, 0xC2, 0xF0, 0x00, 0x02,
    0xF0, 0x7D, 0x00, 0x01, 0xF4, 0x0B, 0xE0, 0x01, 0xF8, 0x00, 0xBF, 0xEF, 0xF8, 0x00, 0x06, 0xFF,
    0xF4, 0x00, 0x00, 0x00, 0x00, 0x00, 0x7F, 0xFF, 0xFF, 0xFB, 0xFF, 0xFF, 0xFF, 0xB8, 0x00, 0x01,
    0xFB, 0x80, 0x00, 0x1F, 0xB8, 0x00, 0x01, 0xFB, 0x80, 0x00, 0x1F, 0xB8, 0x00, 0x01, 0xFB, 0x80,
    0x00, 0x1F, 0xB8, 0x00, 0x01, 0xFB, 0x80, 0x00, 0x1F, 0xB8, 0x00, 0x01, 0xFB, 0x80, 0x00, 0x1F,
    0xB8, 0x00, 0x01, 0xFB, 0x80, 0x00, 0x1F, 0xB8, 0x00, 0x01, 0xFB, 0x80, 0x00, 0x1F, 0xB8, 0x00,
    0x01, 0xFB, 0x80, 0x00, 0x1F, 0x7F, 0xFE, 0x40, 0xBF, 0xFF, 0xF4, 0xB8, 0x01, 0xFC, 0xB8, 0x00,
    0x3E, 0xB8, 0x00, 0x2F, 0xB8, 0x00, 0x1F, 0xB8, 0x00, 0x2E, 0xB8, 0x00, 0x3D, 0xB8, 0x01, 0xFC,
    0xBF, 0xFF, 0xF0, 0xBF, 0xFF, 0x40, 0xB8, 0x00, 0x00, 0xB8, 0x00, 0x00, 0xB8, 0x00, 0x00, 0xB8,
    0x00, 0x00, 0xB8, 0x00, 0x00, 0xB8, 0x00, 0x00, 0xB8, 0x00, 0x00, 0x00, 0x00, 0x00, 0x00, 0x01,
    0xFF, 0xF9, 0x01, 0xFF, 0xFF, 0xE0, 0x7F, 0x40, 0x08, 0x0F, 0x80, 0x00, 0x02, 0xF0, 0x00, 0x00,
    0x3D, 0x00, 0x00, 0x03, 0xC0, 0x00, 0x00, 0x7C, 0x00, 0x00, 0x07, 0xC0, 0x00, 0x00, 0x7C, 0x00,
    0x00, 0x07, 0xC0, 0x00, 0x00, 0x7C, 0x00, 0x00, 0x03, 0xD0, 0x00, 0x00, 0x3F, 0x00, 0x00, 0x01,
    0xF8, 0x00, 0x00, 0x0B, 0xE0, 0x00, 0x50, 0x2F, 0xFE, 0xFE, 0x00, 0x6F, 0xFF, 0xD0, 0x00, 0x00,
    0x00, 0xBF, 0xFF, 0xFF, 0xEF, 0xFF, 0xFF, 0xFE, 0x00, 0x1F, 0x00, 0x00, 0x00, 0xF0, 0x00, 0x00,
    0x0F, 0x00, 0x00, 0x00, 0xF0, 0x00, 0x00, 0x0F, 0x00, 0x00, 0x00, 0xF0, 0x00, 0x00, 0x0F, 0x00,
    0x00, 0x00, 0xF0, 0x00, 0x00, 0x0F, 0x00, 0x00, 0x00, 0xF0, 0x00, 0x00, 0x0F, 0x00, 0x00, 0x00,
    0xF0, 0x00, 0x00, 0x0F, 0x00, 0x00, 0x00, 0xF0, 0x00, 0x00, 0x0F, 0x00, 0x00, 0x00, 0xF0, 0x00,
    0xB8, 0x00, 0x00, 0x3C, 0x3D, 0x00, 0x00, 0xBC, 0x2F, 0x00, 0x00, 0xF4, 0x0F, 0x40, 0x01, 0xF0,
    0x0B, 0xC0, 0x03, 0xD0, 0x03, 0xD0, 0x07, 0xC0, 0x02, 0xF0, 0x0F, 0x80, 0x00, 0xF4, 0x0F, 0x00,
    0x00, 0xBC, 0x2E, 0x00, 0x00, 0x3D, 0x3C, 0x00, 0x00, 0x2F, 0x7C, 0x00, 0x00, 0x0F, 0xF4, 0x00,
    0x00, 0x0B, 0xF0, 0x00, 0x00, 0x03, 0xD0, 0x00, 0x00, 0x0B, 0xC0, 0x00, 0x00, 0x1F, 0x40, 0x00,
    0x0F, 0xFE, 0x00, 0x00, 0x0F, 0xF8, 0x00, 0x00, 0x01, 0x00, 0x00, 0x00, 0x00, 0x00, 0x00, 0x00,
    0x00, 0x00, 0x03, 0xD0, 0x00, 0x00, 0x00, 0x0F, 0x40, 0x00, 0x00, 0x1A, 0xFF, 0xE4, 0x00, 0x03,
    0xFF, 0xFF, 0xFD, 0x00, 0x3F, 0x43, 0xD1, 0xBE, 0x03, 0xE0, 0x0F, 0x40, 0x7D, 0x1F, 0x00, 0x3D,
    0x00, 0xBC, 0xB8, 0x00, 0xF4, 0x01, 0xF2, 0xE0, 0x03, 0xD0, 0x03, 0xCB, 0x80, 0x0F, 0x40, 0x0F,
    0x2F, 0x00, 0x3D, 0x00, 0x7C, 0x7C, 0x00, 0xF4, 0x02, 0xE0, 0xFC, 0x03, 0xD0, 0x1F, 0x40, 0xFD,
    0x0F, 0x46, 0xF8, 0x00, 0xFF, 0xFF, 0xFF, 0x40, 0x00, 0x6B, 0xFF, 0x90, 0x00, 0x00, 0x03, 0xD0,
    0x00, 0x00, 0x00, 0x0F, 0x40, 0x00, 0x00, 0x00, 0x14, 0x00, 0x00, 0x3C, 0x00, 0x01, 0xE0, 0xBC,
    0x00, 0x0F, 0x40, 0xF4, 0x00, 0xB8, 0x01, 0xF0, 0x07, 0xC0, 0x02, 0xE0, 0x3D, 0x00, 0x03, 0xD2,
    0xE0, 0x00, 0x07, 0xDF, 0x00, 0x00, 0x0B, 0xF4, 0x00, 0x00, 0x0F, 0xC0, 0x00, 0x00, 0x7F, 0x00,
    0x00, 0x03, 0xEF, 0x00, 0x00, 0x2E, 0x3D, 0x00, 0x01, 0xF0, 0x7C, 0x00, 0x0F, 0x40, 0xB8, 0x00,
    0xB8, 0x00, 0xF4, 0x07, 0xC0, 0x01, 0xF0, 0x3D, 0x00, 0x03, 0xE2, 0xF0, 0x00, 0x07, 0xD0, 0x78,
    0x00, 0x01, 0xE0, 0x2E, 0x00, 0x00, 0x7C, 0x0B, 0x80, 0x00, 0x1F, 0x02, 0xE0, 0x00, 0x07, 0xC0,
    0xB8, 0x00, 0x01, 0xF0, 0x2E, 0x00, 0x00, 0x7C, 0x0B, 0x80, 0x00, 0x1F, 0x02, 0xE0, 0x00, 0x07,
    0xC0, 0xB8, 0x00, 0x01, 0xF0, 0x2E, 0x00, 0x00, 0x7C, 0x0B, 0x80, 0x00, 0x1F, 0x02, 0xE0, 0x00,
    0x07, 0xC0, 0xB8, 0x00, 0x01, 0xF0, 0x2E, 0x00, 0x00, 0x7C, 0x0B, 0x80, 0x00, 0x1F, 0x02, 0xE0,
    0x00, 0x07, 0xC0, 0xBF, 0xFF, 0xFF, 0xFF, 0x2F, 0xFF, 0xFF, 0xFF, 0xD0, 0x00, 0x00, 0x00, 0xF4,
    0x00, 0x00, 0x00, 0x3D, 0x00, 0x00, 0x00, 0x0F, 0x40, 0x00, 0x00, 0x03, 0xC0, 0x3C, 0x00, 0x02,
    0xD3, 0xC0, 0x00, 0x3D, 0x3C, 0x00, 0x03, 0xD3, 0xC0, 0x00, 0x3D, 0x3C, 0x00, 0x03, 0xD3, 0xC0,
    0x00, 0x3D, 0x3C, 0x00, 0x03, 0xD3, 0xD0, 0x00, 0x3D, 0x2F, 0x00, 0x07, 0xD0, 0xFF, 0xAF, 0xFD,
    0x02, 0xFF, 0xFB, 0xD0, 0x00, 0x40, 0x3D, 0x00, 0x00, 0x03, 0xD0, 0x00, 0x00, 0x3D, 0x00, 0x00,
    0x03, 0xD0, 0x00, 0x00, 0x3D, 0x00, 0x00, 0x03, 0xD0, 0x00, 0x00, 0x3D, 0x78, 0x00, 0x0F, 0x00,
    0x02, 0xDB, 0x80, 0x00, 0xF0, 0x00, 0x3D, 0xB8, 0x00, 0x0F, 0x00, 0x03, 0xDB, 0x80, 0x00, 0xF0,
    0x00, 0x3D, 0xB8, 0x00, 0x0F, 0x00, 0x03, 0xDB, 0x80, 0x00, 0xF0, 0x00, 0x3D, 0xB8, 0x00, 0x0F,
    0x00, 0x03, 0xDB, 0x80, 0x00, 0xF0, 0x00, 0x3D, 0xB8, 0x00, 0x0F, 0x00, 0x03, 0xDB, 0x80, 0x00,
    0xF0, 0x00, 0x3D, 0xB8, 0x00, 0x0F, 0x00, 0x03, 0xDB, 0x80, 0x00, 0xF0, 0x00, 0x3D, 0xB8, 0x00,
    0x0F, 0x00, 0x03, 0xDB, 0x80, 0x00, 0xF0, 0x00, 0x3D, 0xB8, 0x00, 0x0F, 0x00, 0x03, 0xDB, 0x80,
    0x00, 0xF0, 0x00, 0x3D, 0xBF, 0xFF, 0xFF, 0xFF, 0xFF, 0xDB, 0xFF, 0xFF, 0xFF, 0xFF, 0xFD, 0x78,
    0x00, 0x1E, 0x00, 0x03, 0xC0, 0xB8, 0x00, 0x1F, 0x00, 0x07, 0xC0, 0xB8, 0x00, 0x1F, 0x00, 0x07,
    0xC0, 0xB8, 0x00, 0x1F, 0x00, 0x07, 0xC0, 0xB8, 0x00, 0x1F, 0x00, 0x07, 0xC0, 0xB8, 0x00, 0x1F,
    0x00, 0x07, 0xC0, 0xB8, 0x00, 0x1F, 0x00, 0x07, 0xC0, 0xB8, 0x00, 0x1F, 0x00, 0x07, 0xC0, 0xB8,
    0x00, 0x1F, 0x00, 0x07, 0xC0, 0xB8, 0x00, 0x1F, 0x00, 0x07, 0xC0, 0xB8, 0x00, 0x1F, 0x00, 0x07,
    0xC0, 0xB8, 0x00, 0x1F, 0x00, 0x07, 0xC0, 0xB8, 0x00, 0x1F, 0x00, 0x07, 0xC0, 0xB8, 0x00, 0x1F,
    0x00, 0x07, 0xC0, 0xB8, 0x00, 0x1F, 0x00, 0x07, 0xC0, 0xB8, 0x00, 0x1F, 0x00, 0x07, 0xC0, 0xBF,
    0xFF, 0xFF, 0xFF, 0xFF, 0xFD, 0xBF, 0xFF, 0xFF, 0xFF, 0xFF, 0xFD, 0x00, 0x00, 0x00, 0x00, 0x00,
    0x3D, 0x00, 0x00, 0x00, 0x00, 0x00, 0x3D, 0x00, 0x00, 0x00, 0x00, 0x00, 0x3D, 0x00, 0x00, 0x00,
    0x00, 0x00, 0x2D, 0xBF, 0xF8, 0x00, 0x00, 0xFF, 0xF8, 0x00, 0x00, 0x00, 0xB8, 0x00, 0x00, 0x00,
    0xB8, 0x00, 0x00, 0x00, 0xB8, 0x00, 0x00, 0x00, 0xB8, 0x00, 0x00, 0x00, 0xB8, 0x00, 0x00, 0x00,
    0xBF, 0xFE, 0x40, 0x00, 0xBF, 0xFF, 0xF4, 0x00, 0xB8, 0x01, 0xFC, 0x00, 0xB8, 0x00, 0x3E, 0x00,
    0xB8, 0x00, 0x2F, 0x00, 0xB8, 0x00, 0x1F, 0x00, 0xB8, 0x00, 0x2F, 0x00, 0xB8, 0x00, 0x3E, 0x00,
    0xB8, 0x01, 0xFC, 0x00, 0xBF, 0xFF, 0xF4, 0x00, 0xBF, 0xFF, 0x40, 0x78, 0x00, 0x00, 0x07, 0xAE,
    0x00, 0x00, 0x01, 0xFB, 0x80, 0x00, 0x00, 0x7E, 0xE0, 0x00, 0x00, 0x1F, 0xB8, 0x00, 0x00, 0x07,
    0xEE, 0x00, 0x00, 0x01, 0xFB, 0x80, 0x00, 0x00, 0x7E, 0xFF, 0xF9, 0x00, 0x1F, 0xBF, 0xFF, 0xF4,
    0x07, 0xEE, 0x00, 0x7F, 0x01, 0xFB, 0x80, 0x03, 0xE0, 0x7E, 0xE0, 0x00, 0xBC, 0x1F, 0xB8, 0x00,
    0x1F, 0x07, 0xEE, 0x00, 0x0B, 0xC1, 0xFB, 0x80, 0x03, 0xE0, 0x7E, 0xE0, 0x07, 0xF0, 0x1F, 0xBF,
    0xFF, 0xF4, 0x07, 0xEF, 0xFF, 0xD0, 0x01, 0xF0, 0x78, 0x00, 0x00, 0xB8, 0x00, 0x00, 0xB8, 0x00,
    0x00, 0xB8, 0x00, 0x00, 0xB8, 0x00, 0x00, 0xB8, 0x00, 0x00, 0xB8, 0x00, 0x00, 0xBF, 0xFE, 0x40,
    0xBF, 0xFF, 0xF4, 0xB8, 0x01, 0xFC, 0xB8, 0x00, 0x3E, 0xB8, 0x00, 0x2F, 0xB8, 0x00, 0x1F, 0xB8,
    0x00, 0x2F, 0xB8, 0x00, 0x3E, 0xB8, 0x01, 0xFC, 0xBF, 0xFF, 0xF4, 0xBF, 0xFF, 0x40, 0x00, 0x00,
    0x00, 0x02, 0xFF, 0xF8, 0x00, 0xBF, 0xFF, 0xF8, 0x02, 0x00, 0x1B, 0xE0, 0x00, 0x00, 0x2F, 0x40,
    0x00, 0x00, 0xFC, 0x00, 0x00, 0x07, 0xC0, 0x00, 0x00, 0x3D, 0x00, 0x00, 0x03, 0xE0, 0x7F, 0xFF,
    0xFE, 0x07, 0xFF, 0xFF, 0xE0, 0x00, 0x00, 0x3E, 0x00, 0x00, 0x03, 0xD0, 0x00, 0x00, 0x3C, 0x00,
    0x00, 0x0B, 0xC0, 0x00, 0x01, 0xF4, 0x40, 0x00, 0xBE, 0x0B, 0xFB, 0xFF, 0x80, 0x7F, 0xFF, 0x90,
    0x00, 0x00, 0x00, 0x00, 0x00, 0x00, 0x00, 0x00, 0x00, 0x07, 0x80, 0x00, 0xBF, 0xF9, 0x00, 0xB8,
    0x00, 0x7F, 0xFF, 0xF8, 0x0B, 0x80, 0x1F, 0x80, 0x0B, 0xE0, 0xB8, 0x03, 0xE0, 0x00, 0x1F, 0x0B,
    0x80, 0x7C, 0x00, 0x00, 0xF8, 0xB8, 0x0B, 0x80, 0x00, 0x07, 0xCB, 0x80, 0xF4, 0x00, 0x00, 0x3D,
    0xBD, 0x5F, 0x00, 0x00, 0x03, 0xDB, 0xFF, 0xF0, 0x00, 0x00, 0x3D, 0xBE, 0xAF, 0x00, 0x00, 0x03,
    0xDB, 0x80, 0xF0, 0x00, 0x00, 0x3D, 0xB8, 0x0F, 0x40, 0x00, 0x03, 0xDB, 0x80, 0xF8, 0x00, 0x00,
    0x7C, 0xB8, 0x07, 0xC0, 0x00, 0x0F, 0x8B, 0x80, 0x3E, 0x00, 0x01, 0xF4, 0xB8, 0x01, 0xF8, 0x00,
    0x7E, 0x0B, 0x80, 0x07, 0xFE, 0xFF, 0x80, 0xB8, 0x00, 0x0B, 0xFF, 0xD0, 0x00, 0x00, 0x00, 0x00,
    0x00, 0x00, 0x00, 0x1B, 0xFF, 0xD0, 0x2F, 0xFF, 0xFE, 0x07, 0xE4, 0x02, 0xE0, 0xF8, 0x00, 0x2E,
    0x0F, 0x00, 0x02, 0xE0, 0xF0, 0x00, 0x2E, 0x0F, 0x40, 0x02, 0xE0, 0xFC, 0x00, 0x2E, 0x03, 0xF5,
    0x03, 0xE0, 0x0F, 0xFF, 0xFE, 0x00, 0x2F, 0xAB, 0xE0, 0x03, 0xD0, 0x2E, 0x00, 0xBC, 0x02, 0xE0,
    0x1F, 0x00, 0x2E, 0x03, 0xE0, 0x02, 0xE0, 0xBC, 0x00, 0x2E, 0x1F, 0x40, 0x02, 0xE3, 0xE0, 0x00,
    0x2E, 0x01, 0xA9, 0x00, 0xBF, 0xFF, 0x81, 0xE4, 0x2F, 0x40, 0x00, 0x2E, 0x00, 0x00, 0x7C, 0x00,
    0x01, 0xF0, 0x6F, 0xFF, 0xCB, 0xFA, 0xAF, 0x7D, 0x00, 0x7F, 0xE0, 0x01, 0xFF, 0x40, 0x0B, 0xEF,
    0x00, 0x7F, 0x7F, 0xAF, 0x7C, 0x7F, 0xF4, 0xF0, 0x00, 0x00, 0x00, 0x00, 0x00, 0x00, 0x00, 0x02,
    0xBF, 0x80, 0x0F, 0xFF, 0xE0, 0x1F, 0xE4, 0x00, 0x0F, 0x40, 0x00, 0x0B, 0x80, 0x00, 0x03, 0xC0,
    0x00, 0x00, 0xF2, 0xFF, 0x80, 0x7B, 0xFB, 0xFC, 0x2F, 0xC0, 0x0F, 0xCB, 0xD0, 0x00, 0xF6, 0xF0,
    0x00, 0x3E, 0xB8, 0x00, 0x0B, 0xAE, 0x00, 0x02, 0xE7, 0xC0, 0x00, 0xB8, 0xF0, 0x00, 0x3D, 0x3D,
    0x00, 0x1F, 0x07, 0xC0, 0x0F, 0x80, 0xBE, 0xAF, 0xC0, 0x0B, 0xFF, 0x80, 0x00, 0x00, 0x00, 0x00,
    0x55, 0x54, 0x03, 0xFF, 0xFF, 0x4F, 0x95, 0xBF, 0x3D, 0x00, 0x3E, 0xF4, 0x00, 0xF7, 0xD0, 0x07,
    0xCF, 0xFF, 0xF8, 0x3F, 0xFF, 0xF4, 0xF4, 0x01, 0xFB, 0xD0, 0x01, 0xFF, 0x40, 0x07, 0xFD, 0x00,
    0x3E, 0xFF, 0xFF, 0xF3, 0xFF, 0xFE, 0x00, 0x55, 0x55, 0x3F, 0xFF, 0xDF, 0x95, 0x53, 0xD0, 0x00,
    0xF4, 0x00, 0x3D, 0x00, 0x0F, 0x40, 0x03, 0xD0, 0x00, 0xF4, 0x00, 0x3D, 0x00, 0x0F, 0x40, 0x03,
    0xD0, 0x00, 0xF4, 0x00, 0x3D, 0x00, 0x00, 0x00, 0x55, 0x55, 0x40, 0x03, 0xFF, 0xFF, 0x00, 0x0F,
    0x55, 0xBC, 0x00, 0x78, 0x01, 0xF0, 0x01, 0xE0, 0x07, 0xC0, 0x07, 0x80, 0x1F, 0x00, 0x1E, 0x00,
    0x7C, 0x00, 0xB4, 0x01, 0xF0, 0x02, 0xD0, 0x07, 0xC0, 0x0F, 0x00, 0x1F, 0x00, 0x7C, 0x00, 0x7C,
    0x03, 0xD0, 0x01, 0xF0, 0xBF, 0xFF, 0xFF, 0xFF, 0xFF, 0xFF, 0xFF, 0xFF, 0x40, 0x00, 0x03, 0xFD,
    0x00, 0x00, 0x0F, 0xF4, 0x00, 0x00, 0x3D, 0x80, 0x00, 0x00, 0x90, 0x00, 0x6A, 0x00, 0x07, 0xFF,
    0xE0, 0x1F, 0x81, 0xF8, 0x3D, 0x00, 0x7C, 0x7C, 0x00, 0x3D, 0xB8, 0x00, 0x2E, 0xFF, 0xFF, 0xFE,
    0xFF, 0xFF, 0xFE, 0xB8, 0x00, 0x00, 0xBC, 0x00, 0x00, 0x7C, 0x00, 0x00, 0x3F, 0x00, 0x04, 0x0F,
    0xFA, 0xFC, 0x02, 0xFF, 0xF8, 0x00, 0x00, 0x00, 0x14, 0x00, 0x10, 0x00, 0x50, 0xF4, 0x02, 0xE0,
    0x07, 0xC0, 0xF0, 0x0B, 0x80, 0x3C, 0x02, 0xF0, 0x2E, 0x03, 0xD0, 0x03, 0xD0, 0xB8, 0x1F, 0x00,
    0x03, 0xC2, 0xE0, 0xF0, 0x00, 0x07, 0xFF, 0xFF, 0x40, 0x00, 0x1F, 0xFF, 0xFD, 0x00, 0x00, 0xF4,
    0xB8, 0x7C, 0x00, 0x0F, 0x82, 0xE0, 0xBC, 0x00, 0x7C, 0x0B, 0x80, 0xF4, 0x03, 0xD0, 0x2E, 0x01,
    0xF0, 0x3E, 0x00, 0xB8, 0x02, 0xF1, 0xF0, 0x02, 0xE0, 0x03, 0xD0, 0x05, 0xA9, 0x00, 0x3F, 0xFF,
    0xD0, 0x29, 0x06, 0xF4, 0x00, 0x00, 0xF8, 0x00, 0x00, 0xB8, 0x00, 0x01, 0xF0, 0x03, 0xFF, 0x80,
    0x03, 0xFF, 0xD0, 0x00, 0x01, 0xF4, 0x00, 0x00, 0x7C, 0x00, 0x00, 0x7C, 0x00, 0x00, 0xFC, 0x3E,
    0xAB, 0xF4, 0x2F, 0xFF, 0x80, 0x00, 0x00, 0x00, 0x50, 0x00, 0x14, 0xF4, 0x00, 0xFD, 0xF4, 0x01,
    0xFD, 0xF4, 0x03, 0xFD, 0xF4, 0x0B, 0x7D, 0xF4, 0x0F, 0x3D, 0xF4, 0x3C, 0x3D, 0xF4, 0x78, 0x3D,
    0xF4, 0xF0, 0x3D, 0xF6, 0xD0, 0x3D, 0xF7, 0xC0, 0x3D, 0xFF, 0x40, 0x3D, 0xFE, 0x00, 0x3D, 0xFC,
    0x00, 0x3D, 0x09, 0x00, 0x90, 0x0F, 0x02, 0xD0, 0x07, 0xEF, 0xC0, 0x00, 0xBE, 0x00, 0x00, 0x00,
    0x00, 0x50, 0x00, 0x14, 0xF4, 0x00, 0xFD, 0xF4, 0x01, 0xFD, 0xF4, 0x03, 0xFD, 0xF4, 0x0B, 0x7D,
    0xF4, 0x0F, 0x3D, 0xF4, 0x3C, 0x3D, 0xF4, 0x78, 0x3D, 0xF4, 0xF0, 0x3D, 0xF6, 0xD0, 0x3D, 0xF7,
    0xC0, 0x3D, 0xFF, 0x40, 0x3D, 0xFE, 0x00, 0x3D, 0xFC, 0x00, 0x3D, 0x50, 0x00, 0x54, 0xF4, 0x00,
    0xF0, 0xF4, 0x03, 0xD0, 0xF4, 0x0B, 0x80, 0xF4, 0x1F, 0x00, 0xF4, 0x3D, 0x00, 0xFF, 0xF8, 0x00,
    0xFF, 0xF8, 0x00, 0xF4, 0x7D, 0x00, 0xF4, 0x1F, 0x00, 0xF4, 0x0F, 0x80, 0xF4, 0x03, 0xD0, 0xF4,
    0x01, 0xF0, 0xF4, 0x00, 0xF8, 0x00, 0x55, 0x55, 0x00, 0xBF, 0xFF, 0xE0, 0x2E, 0x55, 0xF8, 0x0B,
    0x40, 0x2E, 0x02, 0xD0, 0x0B, 0x80, 0xF0, 0x02, 0xE0, 0x3C, 0x00, 0xB8, 0x0F, 0x00, 0x2E, 0x03,
    0xC0, 0x0B, 0x80, 0xF0, 0x02, 0xE0, 0x7C, 0x00, 0xB8, 0x2E, 0x00, 0x2E, 0xFF, 0x00, 0x0B, 0xBF,
    0x40, 0x02, 0xE0, 0x00, 0x00, 0x00, 0x54, 0x00, 0x00, 0x54, 0xFE, 0x00, 0x01, 0xFC, 0xFF, 0x00,
    0x02, 0xFC, 0xFF, 0x40, 0x03, 0xFC, 0xF7, 0x80, 0x0B, 0xBC, 0xF3, 0xC0, 0x0F, 0x3C, 0xF1, 0xE0,
    0x1E, 0x3C, 0xF0, 0xF0, 0x3C, 0x3C, 0xF0, 0xB4, 0x3C, 0x3C, 0xF0, 0x3C, 0xB4, 0x3C, 0xF0, 0x3D,
    0xF0, 0x3C, 0xF0, 0x1F, 0xE0, 0x3C, 0xF0, 0x0F, 0xC0, 0x3C, 0xF0, 0x0B, 0x80, 0x3C, 0x50, 0x00,
    0x14, 0xF4, 0x00, 0x3C, 0xF4, 0x00, 0x3C, 0xF4, 0x00, 0x3C, 0xF4, 0x00, 0x3C, 0xF4, 0x00, 0x3C,
    0xFF, 0xFF, 0xFC, 0xFF, 0xFF, 0xFC, 0xF4, 0x00, 0x3C, 0xF4, 0x00, 0x3C, 0xF4, 0x00, 0x3C, 0xF4,
    0x00, 0x3C, 0xF4, 0x00, 0x3C, 0xF4, 0x00, 0x3C, 0x00, 0x6A, 0x40, 0x01, 0xFF, 0xFC, 0x01, 0xF9,
    0x1B, 0xC0, 0xF8, 0x00, 0xBC, 0x7C, 0x00, 0x0F, 0x2E, 0x00, 0x03, 0xDF, 0x80, 0x00, 0xBB, 0xE0,
    0x00, 0x2E, 0xB8, 0x00, 0x0F, 0xAF, 0x00, 0x03, 0xD3, 0xC0, 0x01, 0xF0, 0xBC, 0x00, 0xF8, 0x0F,
    0xEA, 0xFC, 0x00, 0xBF, 0xF8, 0x00, 0x00, 0x00, 0x00, 0x55, 0x55, 0x54, 0xFF, 0xFF, 0xFC, 0xF9,
    0x55, 0xBC, 0xF4, 0x00, 0x3C, 0xF4, 0x00, 0x3C, 0xF4, 0x00, 0x3C, 0xF4, 0x00, 0x3C, 0xF4, 0x00,
    0x3C, 0xF4, 0x00, 0x3C, 0xF4, 0x00, 0x3C, 0xF4, 0x00, 0x3C, 0xF4, 0x00, 0x3C, 0xF4, 0x00, 0x3C,
    0xF4, 0x00, 0x3C, 0x50, 0x6A, 0x40, 0xF3, 0xFF, 0xF0, 0xFF, 0x51, 0xFC, 0xFC, 0x00, 0x7D, 0xF8,
    0x00, 0x2E, 0xF4, 0x00, 0x1F, 0xF4, 0x00, 0x1F, 0xF4, 0x00, 0x1F, 0xF4, 0x00, 0x1F, 0xF8, 0x00,
    0x2F, 0xFC, 0x00, 0x3E, 0xFE, 0x00, 0xBC, 0xFB, 0xEB, 0xF4, 0xF5, 0xFF, 0xD0, 0xF4, 0x00, 0x00,
    0xF4, 0x00, 0x00, 0xF4, 0x00, 0x00, 0xF4, 0x00, 0x00, 0xF4, 0x00, 0x00, 0xF4, 0x00, 0x00, 0x00,
    0x6A, 0x40, 0x1F, 0xFF, 0xC1, 0xF9, 0x16, 0x0F, 0x80, 0x00, 0x7C, 0x00, 0x02, 0xE0, 0x00, 0x0F,
    0x80, 0x00, 0x3D, 0x00, 0x00, 0xB8, 0x00, 0x02, 0xE0, 0x00, 0x07, 0xC0, 0x00, 0x0F, 0xC0, 0x00,
    0x0F, 0xEA, 0xF0, 0x0B, 0xFF, 0xC0, 0x00, 0x00, 0x00, 0x55, 0x55, 0x54, 0xBF, 0xFF, 0xFD, 0x55,
    0xBD, 0x54, 0x00, 0x7C, 0x00, 0x00, 0x7C, 0x00, 0x00, 0x7C, 0x00, 0x00, 0x7C, 0x00, 0x00, 0x7C,
    0x00, 0x00, 0x7C, 0x00, 0x00, 0x7C, 0x00, 0x00, 0x7C, 0x00, 0x00, 0x7C, 0x00, 0x00, 0x7C, 0x00,
    0x00, 0x7C, 0x00, 0x50, 0x00, 0x05, 0x6E, 0x00, 0x03, 0xD3, 0xC0, 0x01, 0xF0, 0xF4, 0x00, 0xB8,
    0x1F, 0x00, 0x3C, 0x03, 0xC0, 0x1F, 0x00, 0xB8, 0x0F, 0x40, 0x0F, 0x03, 0xC0, 0x03, 0xD1, 0xE0,
    0x00, 0x78, 0xF4, 0x00, 0x0F, 0x3C, 0x00, 0x02, 0xEE, 0x00, 0x00, 0x3F, 0x00, 0x00, 0x0F, 0xC0,
    0x00, 0x03, 0xD0, 0x00, 0x00, 0xF0, 0x00, 0x00, 0xB8, 0x00, 0x00, 0xBC, 0x00, 0x0B, 0xFD, 0x00,
    0x02, 0xFD, 0x00, 0x00, 0x00, 0x03, 0xD0, 0x00, 0x00, 0x00, 0xF4, 0x00, 0x00, 0x00, 0x3D, 0x00,
    0x00, 0x00, 0x0F, 0x40, 0x00, 0x00, 0x03, 0xD0, 0x00, 0x00, 0x06, 0xF9, 0x40, 0x00, 0x2F, 0xFF,
    0xFD, 0x00, 0x3F, 0x9F, 0x5F, 0xD0, 0x3F, 0x03, 0xD0, 0xBC, 0x1F, 0x00, 0xF4, 0x0B, 0x8B, 0xC0,
    0x3D, 0x01, 0xF2, 0xE0, 0x0F, 0x40, 0x3C, 0xF8, 0x03, 0xD0, 0x0F, 0x2E, 0x00, 0xF4, 0x03, 0xCB,
    0xC0, 0x3D, 0x01, 0xF0, 0xF4, 0x0F, 0x40, 0xF8, 0x2F, 0x43, 0xD0, 0xBC, 0x02, 0xFE, 0xFA, 0xFC,
    0x00, 0x1F, 0xFF, 0xF8, 0x00, 0x00, 0x1F, 0x80, 0x00, 0x00, 0x03, 0xD0, 0x00, 0x00, 0x00, 0xF4,
    0x00, 0x00, 0x00, 0x3D, 0x00, 0x00, 0x00, 0x0F, 0x40, 0x00, 0x00, 0x03, 0xD0, 0x00, 0x00, 0x14,
    0x00, 0x05, 0x0F, 0x80, 0x0F, 0x80, 0xF4, 0x07, 0xC0, 0x1F, 0x03, 0xD0, 0x03, 0xE3, 0xE0, 0x00,
    0x3E, 0xF0, 0x00, 0x07, 0xF0, 0x00, 0x00, 0xFC, 0x00, 0x00, 0xFF, 0x80, 0x00, 0xBC, 0xF4, 0x00,
    0x7C, 0x1F, 0x00, 0x3D, 0x02, 0xF0, 0x2E, 0x00, 0x3D, 0x1F, 0x00, 0x07, 0xC0, 0x50, 0x00, 0x14,
    0x0F, 0x40, 0x03, 0xC0, 0xF4, 0x00, 0x3C, 0x0F, 0x40, 0x03, 0xC0, 0xF4, 0x00, 0x3C, 0x0F, 0x40,
    0x03, 0xC0, 0xF4, 0x00, 0x3C, 0x0F, 0x40, 0x03, 0xC0, 0xF4, 0x00, 0x3C, 0x0F, 0x40, 0x03, 0xC0,
    0xF4, 0x00, 0x3C, 0x0F, 0x40, 0x03, 0xC0, 0xFF, 0xFF, 0xFF, 0xCF, 0xFF, 0xFF, 0xFC, 0x00, 0x00,
    0x03, 0xC0, 0x00, 0x00, 0x3C, 0x00, 0x00, 0x03, 0xC0, 0x00, 0x00, 0x28, 0x14, 0x00, 0x04, 0xB8,
    0x00, 0x2E, 0xB8, 0x00, 0x2E, 0xB8, 0x00, 0x2E, 0xB8, 0x00, 0x2E, 0x7C, 0x00, 0x2E, 0x7C, 0x00,
    0x2E, 0x3F, 0x96, 0xFE, 0x0F, 0xFF, 0xFE, 0x00, 0x54, 0x2E, 0x00, 0x00, 0x2E, 0x00, 0x00, 0x2E,
    0x00, 0x00, 0x2E, 0x00, 0x00, 0x2E, 0x50, 0x00, 0x50, 0x00, 0x53, 0xD0, 0x03, 0xD0, 0x03, 0xDF,
    0x40, 0x0F, 0x40, 0x0F, 0x7D, 0x00, 0x3D, 0x00, 0x3D, 0xF4, 0x00, 0xF4, 0x00, 0xF7, 0xD0, 0x03,
    0xD0, 0x03, 0xDF, 0x40, 0x0F, 0x40, 0x0F, 0x7D, 0x00, 0x3D, 0x00, 0x3D, 0xF4, 0x00, 0xF4, 0x00,
    0xF7, 0xD0, 0x03, 0xD0, 0x03, 0xDF, 0x40, 0x0F, 0x40, 0x0F, 0x7D, 0x00, 0x3D, 0x00, 0x3D, 0xFF,
    0xFF, 0xFF, 0xFF, 0xF7, 0xFF, 0xFF, 0xFF, 0xFF, 0xD0, 0x50, 0x00, 0x50, 0x00, 0x50, 0x3D, 0x00,
    0x3C, 0x00, 0x3C, 0x0F, 0x40, 0x0F, 0x00, 0x0F, 0x03, 0xD0, 0x03, 0xC0, 0x03, 0xC0, 0xF4, 0x00,
    0xF0, 0x00, 0xF0, 0x3D, 0x00, 0x3C, 0x00, 0x3C, 0x0F, 0x40, 0x0F, 0x00, 0x0F, 0x03, 0xD0, 0x03,
    0xC0, 0x03, 0xC0, 0xF4, 0x00, 0xF0, 0x00, 0xF0, 0x3D, 0x00, 0x3C, 0x00, 0x3C, 0x0F, 0x40, 0x0F,
    0x00, 0x0F, 0x03, 0xD0, 0x03, 0xC0, 0x03, 0xC0, 0xFF, 0xFF, 0xFF, 0xFF, 0xFF, 0x3F, 0xFF, 0xFF,
    0xFF, 0xFF, 0xC0, 0x00, 0x00, 0x00, 0x00, 0xF0, 0x00, 0x00, 0x00, 0x00, 0x3C, 0x00, 0x00, 0x00,
    0x00, 0x0F, 0x00, 0x00, 0x00, 0x00, 0x01, 0x80, 0x55, 0x50, 0x00, 0x02, 0xFF, 0xD0, 0x00, 0x05,
    0x5F, 0x40, 0x00, 0x00, 0x3D, 0x00, 0x00, 0x00, 0xF4, 0x00, 0x00, 0x03, 0xE5, 0x50, 0x00, 0x0F,
    0xFF, 0xF8, 0x00, 0x3E, 0x56, 0xFC, 0x00, 0xF4, 0x00, 0xF4, 0x03, 0xD0, 0x03, 0xD0, 0x0F, 0x40,
    0x0F, 0x40, 0x3D, 0x00, 0xBC, 0x00, 0xFF, 0xFF, 0xD0, 0x03, 0xFF, 0xF8, 0x00, 0x50, 0x00, 0x00,
    0x17, 0xD0, 0x00, 0x01, 0xFF, 0x40, 0x00, 0x07, 0xFD, 0x00, 0x00, 0x1F, 0xF4, 0x00, 0x00, 0x7F,
    0xEA, 0x90, 0x01, 0xFF, 0xFF, 0xFC, 0x07, 0xFE, 0x55, 0xFC, 0x1F, 0xF4, 0x00, 0xF4, 0x7F, 0xD0,
    0x03, 0xD1, 0xFF, 0x40, 0x0F, 0x47, 0xFD, 0x00, 0xBC, 0x1F, 0xFF, 0xFF, 0xD0, 0x7F, 0xFF, 0xF8,
    0x01, 0xF0, 0x50, 0x00, 0x03, 0xD0, 0x00, 0x0F, 0x40, 0x00, 0x3D, 0x00, 0x00, 0xF4, 0x00, 0x03,
    0xE5, 0x50, 0x0F, 0xFF, 0xFC, 0x3E, 0x56, 0xFC, 0xF4, 0x00, 0xF7, 0xD0, 0x03, 0xDF, 0x40, 0x0F,
    0x7D, 0x00, 0xBC, 0xFF, 0xFF, 0xD3, 0xFF, 0xF8, 0x00, 0x1A, 0x90, 0x03, 0xFF, 0xF8, 0x06, 0x46,
    0xF8, 0x00, 0x00, 0xF4, 0x00, 0x02, 0xF0, 0x00, 0x07, 0xC2, 0xFF, 0xFF, 0x0B, 0xFF, 0xFC, 0x00,
    0x00, 0xF0, 0x00, 0x07, 0xC0, 0x00, 0x2E, 0x00, 0x02, 0xF0, 0xFA, 0xBF, 0x42, 0xFF, 0xF0, 0x00,
    0x00, 0x00, 0x00, 0x50, 0x00, 0x2A, 0x40, 0x3D, 0x00, 0xBF, 0xFD, 0x0F, 0x40, 0xFD, 0x0B, 0xD3,
    0xD0, 0x7C, 0x00, 0x7C, 0xF4, 0x3E, 0x00, 0x0F, 0x7D, 0x0F, 0x40, 0x02, 0xEF, 0xFF, 0xC0, 0x00,
    0xBB, 0xFF, 0xF0, 0x00, 0x2F, 0xF4, 0x3C, 0x00, 0x0B, 0xBD, 0x0F, 0x40, 0x03, 0xEF, 0x42, 0xE0,
    0x00, 0xF7, 0xD0, 0x3D, 0x00, 0xBC, 0xF4, 0x07, 0xFA, 0xFC, 0x3D, 0x00, 0x7F, 0xF8, 0x00, 0x00,
    0x00, 0x00, 0x00, 0x00, 0x15, 0x55, 0x00, 0xFF, 0xFF, 0xD0, 0xFE, 0x55, 0xF4, 0x7C, 0x00, 0x3D,
    0x1F, 0x00, 0x0F, 0x47, 0xC0, 0x03, 0xD0, 0xF8, 0x00, 0xF4, 0x1F, 0xFF, 0xFD, 0x00, 0xBF, 0xFF,
    0x40, 0x3D, 0x03, 0xD0, 0x2F, 0x00, 0xF4, 0x1F, 0x00, 0x3D, 0x0F, 0x40, 0x0F, 0x4F, 0x80, 0x03,
    0xD0, 0x00, 0x00, 0x00, 0x02, 0xF0, 0x00, 0x00, 0xB8, 0x00, 0x00, 0x3D, 0x00, 0x00, 0x0A, 0x00,
    0x00, 0x00, 0x00, 0x00, 0x6A, 0x00, 0x07, 0xFF, 0xE0, 0x1F, 0x81, 0xF8, 0x3D, 0x00, 0x7C, 0x7C,
    0x00, 0x3D, 0xB8, 0x00, 0x2E, 0xFF, 0xFF, 0xFE, 0xFF, 0xFF, 0xFE, 0xB8, 0x00, 0x00, 0xBC, 0x00,
    0x00, 0x7C, 0x00, 0x00, 0x3F, 0x00, 0x04, 0x0F, 0xFA, 0xFC, 0x02, 0xFF, 0xF8, 0x00, 0x00, 0x00,
    0x00, 0x00, 0x00, 0x03, 0xC2, 0xE0, 0x03, 0xC2, 0xE0, 0x01, 0x40, 0x40, 0x00, 0x00, 0x00, 0x00,
    0x6A, 0x00, 0x07, 0xFF, 0xE0, 0x1F, 0x81, 0xF8, 0x3D, 0x00, 0x7C, 0x7C, 0x00, 0x3D, 0xB8, 0x00,
    0x2E, 0xFF, 0xFF, 0xFE, 0xFF, 0xFF, 0xFE, 0xB8, 0x00, 0x00, 0xBC, 0x00, 0x00, 0x7C, 0x00, 0x00,
    0x3F, 0x00, 0x04, 0x0F, 0xFA, 0xFC, 0x02, 0xFF, 0xF8, 0x00, 0x00, 0x00, 0x0F, 0x40, 0x00, 0x00,
    0xF4, 0x00, 0x00, 0xFF, 0xFF, 0xC0, 0x0F, 0xFF, 0xFC, 0x00, 0x0F, 0x40, 0x00, 0x00, 0xF4, 0x00,
    0x00, 0x0F, 0x5F, 0xFD, 0x00, 0xFB, 0xFB, 0xF8, 0x0F, 0xE0, 0x0B, 0xC0, 0xFC, 0x00, 0x3D, 0x0F,
    0x80, 0x03, 0xD0, 0xF4, 0x00, 0x3D, 0x0F, 0x40, 0x03, 0xD0, 0xF4, 0x00, 0x3D, 0x0F, 0x40, 0x03,
    0xD0, 0xF4, 0x00, 0x3D, 0x0F, 0x40, 0x03, 0xD0, 0xF4, 0x00, 0x3D, 0x0F, 0x40, 0x03, 0xD0, 0x00,
    0x00, 0x3D, 0x00, 0x00, 0x03, 0xD0, 0x00, 0x00, 0x3D, 0x00, 0x00, 0x07, 0xC0, 0x00, 0x3F, 0xF8,
    0x00, 0x02, 0xFE, 0x00, 0x00, 0x00, 0x00, 0x0F, 0x80, 0x0B, 0xC0, 0x03, 0xC0, 0x02, 0x80, 0x00,
    0x00, 0x05, 0x55, 0x53, 0xFF, 0xFD, 0xF9, 0x55, 0x3D, 0x00, 0x0F, 0x40, 0x03, 0xD0, 0x00, 0xF4,
    0x00, 0x3D, 0x00, 0x0F, 0x40, 0x03, 0xD0, 0x00, 0xF4, 0x00, 0x3D, 0x00, 0x0F, 0x40, 0x03, 0xD0,
    0x00, 0x00, 0x6A, 0x40, 0x1F, 0xFF, 0xC1, 0xF9, 0x06, 0x0F, 0x80, 0x00, 0x7C, 0x00, 0x02, 0xE0,
    0x00, 0x0F, 0xFF, 0xFC, 0x3F, 0xFF, 0xF0, 0xB8, 0x00, 0x02, 0xE0, 0x00, 0x07, 0xC0, 0x00, 0x0F,
    0xC0, 0x00, 0x0F, 0xEA, 0xF0, 0x0B, 0xFF, 0xC0, 0x00, 0x00, 0x00, 0x02, 0xA9, 0x03, 0xFF, 0xFC,
    0xBD, 0x06, 0xCF, 0x00, 0x00, 0xF4, 0x00, 0x0B, 0xE0, 0x00, 0x2F, 0xE4, 0x00, 0x2F, 0xF0, 0x00,
    0x1F, 0xC0, 0x00, 0x3D, 0x00, 0x02, 0xE4, 0x00, 0x3D, 0xFE, 0xAF, 0xCB, 0xFF, 0xE0, 0x00, 0x00,
    0x00, 0x04, 0x3D, 0x3D, 0x04, 0x00, 0x14, 0x3D, 0x3D, 0x3D, 0x3D, 0x3D, 0x3D, 0x3D, 0x3D, 0x3D,
    0x3D, 0x3D, 0x3D, 0x3D, 0x10, 0x47, 0xDF, 0x7D, 0xF1, 0x04, 0x00, 0x00, 0x50, 0x0F, 0x40, 0xF4,
    0x0F, 0x40, 0xF4, 0x0F, 0x40, 0xF4, 0x0F, 0x40, 0xF4, 0x0F, 0x40, 0xF4, 0x0F, 0x40, 0xF4, 0x0F,
    0x40, 0x00, 0x10, 0x03, 0xD0, 0x0F, 0x40, 0x04, 0x00, 0x00, 0x01, 0x40, 0x0F, 0x40, 0x3D, 0x00,
    0xF4, 0x03, 0xD0, 0x0F, 0x40, 0x3D, 0x00, 0xF4, 0x03, 0xD0, 0x0F, 0x40, 0x3D, 0x00, 0xF4, 0x03,
    0xD0, 0x0F, 0x40, 0x3D, 0x00, 0xF4, 0x03, 0xD0, 0x1F, 0x1F, 0xF8, 0x7F, 0x80, 0x00, 0x55, 0x55,
    0x00, 0x00, 0x00, 0xBF, 0xFF, 0xD0, 0x00, 0x00, 0x2E, 0x55, 0xF4, 0x00, 0x00, 0x0B, 0x40, 0x3D,
    0x00, 0x00, 0x02, 0xD0, 0x0F, 0x40, 0x00, 0x00, 0xF0, 0x03, 0xEA, 0x50, 0x00, 0x3C, 0x00, 0xFF,
    0xFF, 0x80, 0x0F, 0x00, 0x3D, 0x56, 0xFC, 0x03, 0xC0, 0x0F, 0x40, 0x0F, 0x00, 0xF0, 0x03, 0xD0,
    0x03, 0xD0, 0x7C, 0x00, 0xF4, 0x00, 0xF4, 0x2E, 0x00, 0x3D, 0x00, 0xBC, 0xFF, 0x00, 0x0F, 0xFF,
    0xFD, 0x3F, 0x40, 0x03, 0xFF, 0xF8, 0x00, 0x00, 0x00, 0x00, 0x00, 0x00, 0x50, 0x00, 0x14, 0x00,
    0x00, 0xF4, 0x00, 0x3C, 0x00, 0x00, 0xF4, 0x00, 0x3C, 0x00, 0x00, 0xF4, 0x00, 0x3C, 0x00, 0x00,
    0xF4, 0x00, 0x3C, 0x00, 0x00, 0xF4, 0x00, 0x7C, 0x00, 0x00, 0xFF, 0xFF, 0xFF, 0xFF, 0xD0, 0xFE,
    0xAA, 0xFE, 0xAB, 0xF4, 0xF4, 0x00, 0x3C, 0x00, 0xBC, 0xF4, 0x00, 0x3C, 0x00, 0x3C, 0xF4, 0x00,
    0x3C, 0x00, 0x7C, 0xF4, 0x00, 0x3C, 0x00, 0xFC, 0xF4, 0x00, 0x3F, 0xFF, 0xF0, 0xF4, 0x00, 0x3F,
    0xFF, 0x80, 0x0F, 0x40, 0x00, 0x00, 0xF4, 0x00, 0x00, 0xFF, 0xFF, 0xD0, 0x0F, 0xFF, 0xFD, 0x00,
    0x0F, 0x40, 0x00, 0x00, 0xF4, 0x00, 0x00, 0x0F, 0x4B, 0xFE, 0x00, 0xFB, 0xFB, 0xF8, 0x0F, 0xE0,
    0x07, 0xC0, 0xFC, 0x00, 0x3D, 0x0F, 0x80, 0x02, 0xD0, 0xF4, 0x00, 0x2E, 0x0F, 0x40, 0x02, 0xE0,
    0xF4, 0x00, 0x2E, 0x0F, 0x40, 0x02, 0xE0, 0xF4, 0x00, 0x2E, 0x0F, 0x40, 0x02, 0xE0, 0xF4, 0x00,
    0x2E, 0x0F, 0x40, 0x02, 0xE0, 0x00, 0x00, 0x00, 0x00, 0x0F, 0xC0, 0x00, 0x1F, 0x00, 0x00, 0x3C,
    0x00, 0x00, 0xB0, 0x00, 0x00, 0x00, 0x00, 0x50, 0x00, 0x54, 0xF4, 0x00, 0xF0, 0xF4, 0x03, 0xD0,
    0xF4, 0x0B, 0x80, 0xF4, 0x1F, 0x00, 0xF4, 0x3D, 0x00, 0xFF, 0xF8, 0x00, 0xFF, 0xF8, 0x00, 0xF4,
    0x7D, 0x00, 0xF4, 0x1F, 0x00, 0xF4, 0x0F, 0x80, 0xF4, 0x03, 0xD0, 0xF4, 0x01, 0xF0, 0xF4, 0x00,
    0xF8, 0x00, 0x00, 0x00, 0x03, 0xE0, 0x00, 0x00, 0xF0, 0x00, 0x00, 0x7C, 0x00, 0x00, 0x1D, 0x00,
    0x00, 0x00, 0x00, 0x50, 0x00, 0x14, 0xF4, 0x00, 0xFD, 0xF4, 0x01, 0xFD, 0xF4, 0x03, 0xFD, 0xF4,
    0x0B, 0x7D, 0xF4, 0x0F, 0x3D, 0xF4, 0x3C, 0x3D, 0xF4, 0x78, 0x3D, 0xF4, 0xF0, 0x3D, 0xF6, 0xD0,
    0x3D, 0xF7, 0xC0, 0x3D, 0xFF, 0x40, 0x3D, 0xFE, 0x00, 0x3D, 0xFC, 0x00, 0x3D, 0x02, 0x40, 0x60,
    0x00, 0xF0, 0x3C, 0x00, 0x2F, 0xBE, 0x00, 0x01, 0xB9, 0x00, 0x00, 0x00, 0x00, 0x14, 0x00, 0x01,
    0x5B, 0x80, 0x00, 0xF4, 0xF0, 0x00, 0x7C, 0x3D, 0x00, 0x2E, 0x07, 0xC0, 0x0F, 0x00, 0xF0, 0x07,
    0xC0, 0x2E, 0x03, 0xD0, 0x03, 0xC0, 0xF0, 0x00, 0xF4, 0x78, 0x00, 0x1E, 0x3D, 0x00, 0x03, 0xCF,
    0x00, 0x00, 0xBB, 0x80, 0x00, 0x0F, 0xC0, 0x00, 0x03, 0xF0, 0x00, 0x00, 0xF4, 0x00, 0x00, 0x3C,
    0x00, 0x00, 0x2E, 0x00, 0x00, 0x2F, 0x00, 0x02, 0xFF, 0x40, 0x00, 0xBF, 0x40, 0x00, 0x00, 0x50,
    0x00, 0x14, 0xF4, 0x00, 0x3C, 0xF4, 0x00, 0x3C, 0xF4, 0x00, 0x3C, 0xF4, 0x00, 0x3C, 0xF4, 0x00,
    0x3C, 0xF4, 0x00, 0x3C, 0xF4, 0x00, 0x3C, 0xF4, 0x00, 0x3C, 0xF4, 0x00, 0x3C, 0xF4, 0x00, 0x3C,
    0xF4, 0x00, 0x3C, 0xFF, 0xFF, 0xFC, 0xFF, 0xFF, 0xFC, 0x00, 0x78, 0x00, 0x00, 0x78, 0x00, 0x00,
    0x78, 0x00, 0x00, 0x24, 0x00, 0x7C, 0x00, 0x0F, 0x40, 0x00, 0xF5, 0xF0, 0x00, 0x3D, 0x00, 0x03,
    0xD3, 0xC0, 0x00, 0xF8, 0x00, 0x0F, 0x0F, 0x40, 0x02, 0xE0, 0x00, 0x3C, 0x3D, 0x00, 0x0B, 0xC0,
    0x01, 0xF0, 0xB8, 0x00, 0x2F, 0x00, 0x07, 0xC2, 0xF0, 0x00, 0xFD, 0x00, 0x2F, 0x07, 0xC0, 0x03,
    0xF8, 0x00, 0xB8, 0x0F, 0x40, 0x2F, 0xF0, 0x03, 0xD0, 0x2E, 0x00, 0xF7, 0xC0, 0x0F, 0x00, 0x7C,
    0x07, 0xCF, 0x40, 0x7C, 0x00, 0xF4, 0x2D, 0x2F, 0x02, 0xE0, 0x02, 0xE0, 0xF0, 0x3C, 0x0F, 0x00,
    0x07, 0xC7, 0x80, 0xF8, 0x7C, 0x00, 0x0F, 0x6D, 0x01, 0xF3, 0xD0, 0x00, 0x1F, 0xF0, 0x03, 0xEF,
    0x00, 0x00, 0x3F, 0x80, 0x07, 0xF4, 0x00, 0x00, 0x7D, 0x00, 0x0F, 0xC0, 0x00, 0x00, 0x00, 0x00,
    0x00, 0x00, 0x00, 0x14, 0x00, 0x50, 0x00, 0x14, 0x78, 0x00, 0xB8, 0x00, 0x3C, 0x7C, 0x00, 0xB8,
    0x00, 0x3C, 0x7C, 0x00, 0x7C, 0x00, 0x7C, 0x3C, 0x00, 0x3C, 0x00, 0xB8, 0x3D, 0x00, 0x3C, 0x00,
    0xF4, 0x2E, 0x00, 0x7D, 0x00, 0xF0, 0x0F, 0x00, 0xFF, 0x01, 0xF0, 0x0F, 0x41, 0xEF, 0x02, 0xD0,
    0x07, 0x83, 0xCB, 0x43, 0xC0, 0x03, 0xC7, 0x87, 0xCB, 0x80, 0x02, 0xEF, 0x03, 0xDF, 0x00, 0x00,
    0xFE, 0x01, 0xFE, 0x00, 0x00, 0x7C, 0x00, 0xFC, 0x00, 0x00, 0xF4, 0x00, 0x00, 0x00, 0xF4, 0x00,
    0x00, 0x15, 0xF9, 0x54, 0x00, 0xFF, 0xFF, 0xFD, 0x00, 0x6A, 0xFA, 0xA8, 0x00, 0x00, 0xF4, 0x00,
    0x00, 0x00, 0xF4, 0x00, 0x00, 0x00, 0xF9, 0x50, 0x00, 0x00, 0xFF, 0xFF, 0x90, 0x00, 0xFE, 0xAF,
    0xF4, 0x00, 0xF4, 0x00, 0xBC, 0x00, 0xF4, 0x00, 0x3D, 0x00, 0xF4, 0x00, 0x3E, 0x00, 0xF4, 0x00,
    0x3E, 0x00, 0xF4, 0x00, 0x3D, 0x00, 0xF4, 0x01, 0xFC, 0x00, 0xFF, 0xFF, 0xF0, 0x00, 0xFF, 0xFF,
    0x40, 0x00, 0x00, 0x00, 0x00, 0x0F, 0x40, 0x00, 0x00, 0x3D, 0x00, 0x00, 0x15, 0xF9, 0x50, 0x00,
    0xFF, 0xFF, 0xE0, 0x01, 0x5F, 0x95, 0x00, 0x00, 0x3D, 0x00, 0x00, 0x00, 0xF4, 0x00, 0x00, 0x03,
    0xD0, 0x00, 0x00, 0x0F, 0xFF, 0xF9, 0x00, 0x3F, 0xFF, 0xFE, 0x00, 0xF4, 0x00, 0x7D, 0x03, 0xD0,
    0x00, 0xB8, 0x0F, 0x40, 0x02, 0xD0, 0x3D, 0x00, 0x1F, 0x00, 0xFF, 0xFF, 0xF8, 0x03, 0xFF, 0xFE,
    0x40, 0x00, 0x00, 0x00, 0x00, 0x00, 0x1E, 0x00, 0x00, 0x6F, 0xFE, 0x4B, 0x80, 0x00, 0xFF, 0xFF,
    0xF2, 0xE0, 0x00, 0xFD, 0x00, 0x28, 0xB8, 0x00, 0xFC, 0x00, 0x00, 0x2E, 0x00, 0x7C, 0x00, 0x00,
    0x0B, 0x80, 0x2E, 0x00, 0x00, 0x02, 0xE0, 0x0F, 0x40, 0x00, 0x00, 0xBD, 0x57, 0xD5, 0x55, 0x40,
    0x2F, 0xFF, 0xFF, 0xFF, 0xF8, 0x0B, 0xEA, 0xBE, 0xAA, 0xA9, 0x02, 0xE0, 0x0F, 0x00, 0x00, 0x00,
    0xB8, 0x03, 0xD0, 0x00, 0x00, 0x2E, 0x00, 0xF8, 0x00, 0x00, 0x0B, 0x80, 0x1F, 0x00, 0x00, 0x02,
    0xE0, 0x03, 0xF0, 0x00, 0x00, 0xB8, 0x00, 0x7F, 0x40, 0x00, 0x2E, 0x00, 0x07, 0xFF, 0xBF, 0x8B,
    0x80, 0x00, 0x2F, 0xFF, 0xD0, 0x00, 0x00, 0x00, 0x00, 0x00, 0x50, 0x00, 0x06, 0xA4, 0xF4, 0x00,
    0xBF, 0xFE, 0xF4, 0x03, 0xF5, 0x58, 0xF4, 0x0B, 0xC0, 0x00, 0xF4, 0x0F, 0x40, 0x00, 0xF4, 0x0F,
    0x00, 0x00, 0xFF, 0xFF, 0xFF, 0xF4, 0xFF, 0xFF, 0xFF, 0xF4, 0xF4, 0x0F, 0x00, 0x00, 0xF4, 0x0F,
    0x00, 0x00, 0xF4, 0x0F, 0x80, 0x00, 0xF4, 0x07, 0xD0, 0x00, 0xF4, 0x02, 0xFE, 0xBE, 0xF4, 0x00,
    0x7F, 0xFD, 0x00, 0x00, 0x00, 0x00, 0x00, 0x02, 0xE0, 0x00, 0x00, 0x00, 0x3F, 0x00, 0x00, 0x00,
    0x0B, 0xF8, 0x00, 0x00, 0x00, 0xF7, 0xC0, 0x00, 0x00, 0x1F, 0x3D, 0x00, 0x00, 0x03, 0xD1, 0xF0,
    0x00, 0x00, 0x3C, 0x0F, 0x40, 0x00, 0x0B, 0x80, 0xB8, 0x00, 0x00, 0xFF, 0xFF, 0xC0, 0x00, 0x1F,
    0xFF, 0xFE, 0x00, 0x03, 0xD2, 0xE1, 0xF0, 0x00, 0x7C, 0x2E, 0x0F, 0x40, 0x0B, 0x82, 0xE0, 0xBC,
    0x00, 0xF0, 0x2E, 0x03, 0xC0, 0x2F, 0x02, 0xE0, 0x2E, 0x03, 0xD0, 0x2E, 0x01, 0xF0, 0x7C, 0x02,
    0xE0, 0x0F, 0x4F, 0x80, 0x2E, 0x00, 0xBC, 0x00, 0x05, 0x00, 0x00, 0x00, 0xBF, 0x00, 0x00, 0x03,
    0xED, 0x00, 0x00, 0x1E, 0x78, 0x00, 0x00, 0xF0, 0xF0, 0x00, 0x07, 0xC2, 0xE0, 0x00, 0x2F, 0xAF,
    0xC0, 0x00, 0xFF, 0xFF, 0x40, 0x0B, 0x8F, 0x1F, 0x00, 0x3C, 0x3C, 0x3D, 0x01, 0xF0, 0xF0, 0xB8,
    0x0F, 0x43, 0xC0, 0xF0, 0x7C, 0x0F, 0x02, 0xE2, 0xE0, 0x3C, 0x07, 0xC0, 0x78, 0x00, 0x01, 0xF0,
    0x00, 0x0B, 0x80, 0x00, 0x3F, 0x40, 0x00, 0xB8, 0x00, 0x07, 0xFC, 0x00, 0x0B, 0x80, 0x00, 0xF7,
    0xC0, 0x00, 0xB8, 0x00, 0x0F, 0x2E, 0x00, 0x0B, 0x80, 0x02, 0xE0, 0xF0, 0x00, 0xB8, 0x00, 0x3C,
    0x0F, 0x40, 0x0B, 0xD5, 0x5B, 0xD5, 0xBC, 0x00, 0xBF, 0xFF, 0xFF, 0xFF, 0xD0, 0x0B, 0xEA, 0xBF,
    0xBF, 0xBE, 0x00, 0xB8, 0x02, 0xE1, 0xE1, 0xF0, 0x0B, 0x80, 0x3C, 0x1E, 0x0F, 0x80, 0xB8, 0x0B,
    0xC1, 0xE0, 0x7C, 0x0B, 0x80, 0xF4, 0x1E, 0x03, 0xD0, 0xB8, 0x1F, 0x01, 0xE0, 0x2F, 0x0B, 0x83,
    0xE0, 0x1E, 0x00, 0xF0, 0xB8, 0x3C, 0x01, 0xE0, 0x0F, 0x8B, 0x8B, 0xC0, 0x1E, 0x00, 0x7C, 0x50,
    0x00, 0x15, 0x00, 0x0F, 0x40, 0x07, 0xF0, 0x00, 0xF4, 0x00, 0xFB, 0x40, 0x0F, 0x40, 0x1F, 0x3C,
    0x00, 0xF4, 0x02, 0xD3, 0xD0, 0x0F, 0x40, 0x3C, 0x1E, 0x00, 0xFF, 0xFF, 0xFF, 0xF0, 0x0F, 0xFF,
    0xFF, 0xFF, 0x80, 0xF4, 0x1F, 0x2D, 0x3C, 0x0F, 0x43, 0xD2, 0xD3, 0xD0, 0xF4, 0x3C, 0x2D, 0x1F,
    0x0F, 0x4B, 0x82, 0xD0, 0xF4, 0xF4, 0xF0, 0x2D, 0x0B, 0x8F, 0x6E, 0x02, 0xD0, 0x3C, 0x0F, 0xFF,
    0xFF, 0xFF, 0x40, 0xFF, 0xFF, 0xFF, 0xF4, 0x07, 0xC0, 0x00, 0x3E, 0x00, 0x2E, 0x00, 0x0B, 0xC0,
    0x00, 0xF8, 0x01, 0xF0, 0x00, 0x03, 0xD0, 0x3C, 0x00, 0x00, 0x0F, 0x0F, 0x40, 0x00, 0x00, 0x7F,
    0xE0, 0x00, 0x00, 0xBF, 0xFF, 0xE0, 0x00, 0x2F, 0xAF, 0xAF, 0xC0, 0x07, 0xC0, 0xF0, 0x3E, 0x00,
    0xF8, 0x0F, 0x01, 0xF0, 0x0F, 0x40, 0xF0, 0x0F, 0x41, 0xF0, 0x0F, 0x00, 0xB8, 0x2E, 0x00, 0xF0,
    0x07, 0xC3, 0xD0, 0x0F, 0x00, 0x3C, 0x7C, 0x00, 0xF0, 0x03, 0xDB, 0xC0, 0x0F, 0x00, 0x2F, 0x05,
    0x55, 0x55, 0x50, 0x0F, 0xFF, 0xFF, 0xF0, 0x0B, 0xD5, 0x57, 0xE0, 0x02, 0xE0, 0x0B, 0x80, 0x00,
    0xF4, 0x2E, 0x00, 0x00, 0x3D, 0x7C, 0x00, 0x00, 0xBF, 0xFE, 0x00, 0x03, 0xFF, 0xEF, 0xC0, 0x0B,
    0x83, 0xC3, 0xE0, 0x0F, 0x03, 0xC0, 0xF0, 0x2E, 0x03, 0xC0, 0xF4, 0x3D, 0x03, 0xC0, 0x7C, 0x7C,
    0x03, 0xC0, 0x3C, 0xB8, 0x03, 0xC0, 0x2E, 0x78, 0x07, 0xFF, 0xFF, 0xFF, 0x82, 0xE0, 0x2F, 0xFF,
    0xFF, 0xFF, 0x0B, 0x80, 0x3E, 0x00, 0x01, 0xF4, 0x2E, 0x00, 0x3D, 0x00, 0x0F, 0x40, 0xB8, 0x00,
    0x7C, 0x00, 0xF8, 0x02, 0xE0, 0x00, 0x7C, 0x0B, 0x80, 0x0B, 0x80, 0x00, 0xB8, 0x7C, 0x00, 0x2F,
    0x55, 0x55, 0xFB, 0xC0, 0x00, 0xBF, 0xFF, 0xFF, 0xFF, 0xF4, 0x02, 0xFA, 0xAB, 0xFB, 0xFA, 0xF4,
    0x0B, 0x80, 0x2E, 0x0B, 0xC1, 0xF0, 0x2E, 0x00, 0xF0, 0x2F, 0x03, 0xD0, 0xB8, 0x07, 0xC0, 0xBC,
    0x07, 0xC2, 0xE0, 0x3D, 0x02, 0xF0, 0x0F, 0x0B, 0x80, 0xF0, 0x0B, 0xC0, 0x3D, 0x2E, 0x07, 0xC0,
    0x2F, 0x00, 0xB8, 0xB8, 0x2E, 0x00, 0xBC, 0x00, 0xF2, 0xE0, 0xF4, 0x02, 0xF0, 0x03, 0xD0, 0x50,
    0x15, 0x55, 0x55, 0x40, 0xF4, 0x3F, 0xFF, 0xFF, 0xD0, 0xF4, 0x1F, 0x55, 0x5B, 0xC0, 0xF4, 0x07,
    0xC0, 0x1F, 0x00, 0xF4, 0x02, 0xE0, 0x7C, 0x00, 0xF4, 0x00, 0xB9, 0xF0, 0x00, 0xFF, 0xFF, 0xFF,
    0xF8, 0x00, 0xFF, 0xFF, 0xFF, 0xFF, 0x40, 0xF4, 0x1F, 0x0F, 0x4B, 0xC0, 0xF4, 0x3D, 0x0F, 0x43,
    0xD0, 0xF4, 0x3C, 0x0F, 0x41, 0xE0, 0xF4, 0xB8, 0x0F, 0x40, 0xF0, 0xF4, 0xF0, 0x0F, 0x40, 0xB8,
    0xF5, 0xF0, 0x0F, 0x40, 0x7C, 0x00, 0x00, 0x04, 0x00, 0x3D, 0x07, 0xF0, 0x00, 0xF5, 0xF0, 0x00,
    0x03, 0xFC, 0x00, 0x02, 0xFF, 0xF4, 0x02, 0xFF, 0xFF, 0xE0, 0x1E, 0x00, 0x1F, 0x40, 0x00, 0x00,
    0xBC, 0x00, 0x00, 0x07, 0xC0, 0x00, 0x00, 0xBC, 0x00, 0x00, 0x1F, 0x40, 0x00, 0x1B, 0xD0, 0x03,
    0xFF, 0xD0, 0x00, 0x2A, 0xFF, 0xD0, 0x00, 0x00, 0x1F, 0x40, 0x00, 0x00, 0x7C, 0x00, 0x00, 0x03,
    0xD0, 0x00, 0x00, 0x3D, 0x00, 0x00, 0x07, 0xC0, 0x00, 0x01, 0xF8, 0x01, 0xAB, 0xFF, 0x01, 0xFF,
    0xFE, 0x40, 0x3F, 0x40, 0x00, 0x03, 0xC0, 0x00, 0x00, 0x3E, 0x00, 0x00, 0x02, 0xFF, 0xFF, 0xF8,
    0x06, 0xFF, 0xEB, 0xC0, 0x00, 0x00, 0x00, 0x09, 0x00, 0x64, 0x0B, 0x43, 0xF8, 0x02, 0xEF, 0x80,
    0x06, 0xFF, 0x00, 0x3F, 0xFF, 0xE0, 0x19, 0x06, 0xF4, 0x00, 0x00, 0xB8, 0x00, 0x00, 0x78, 0x00,
    0x01, 0xF0, 0x02, 0xFF, 0x80, 0x02, 0xFF, 0xD0, 0x00, 0x01, 0xF8, 0x00, 0x00, 0x3C, 0x00, 0x00,
    0x3C, 0x00, 0x00, 0xBC, 0x01, 0xAB, 0xF4, 0x2F, 0xFF, 0x80, 0x7D, 0x00, 0x00, 0xB4, 0x00, 0x00,
    0xBD, 0x55, 0x50, 0x3F, 0xFF, 0xFC, 0x05, 0x55, 0x58, 0xB4, 0x02, 0xD0, 0x0F, 0x3E, 0x00, 0xF4,
    0x03, 0xDF, 0x80, 0x3D, 0x00, 0xF7, 0xE0, 0x0F, 0x40, 0x3D, 0xF8, 0x03, 0xD0, 0x0F, 0x7E, 0x00,
    0xF4, 0x03, 0xDB, 0x80, 0x3D, 0x00, 0xF2, 0xE0, 0x0F, 0x40, 0x3C, 0x7C, 0x03, 0xD0, 0x1F, 0x0F,
    0x40, 0xF4, 0x0F, 0x82, 0xF4, 0x3D, 0x0B, 0xC0, 0x3F, 0xEF, 0xAF, 0xD0, 0x01, 0xFF, 0xFF, 0x80,
    0x00, 0x01, 0xF8, 0x00, 0x00, 0x00, 0x3D, 0x00, 0x00, 0x00, 0x0F, 0x40, 0x00, 0x00, 0x03, 0xD0,
    0x00, 0x00, 0x00, 0xF4, 0x00, 0x00, 0x00, 0x03, 0xD0, 0x00, 0x00, 0x03, 0xD0, 0x00, 0x00, 0x03,
    0xD0, 0x00, 0x00, 0x03, 0xD0, 0x00, 0x00, 0x03, 0xD0, 0x00, 0x14, 0x03, 0xD0, 0x14, 0x3C, 0x03,
    0xD0, 0x3D, 0x3C, 0x03, 0xD0, 0x2E, 0x3C, 0x03, 0xD0, 0x1F, 0x3C, 0x03, 0xD0, 0x1F, 0x3C, 0x03,
    0xD0, 0x0F, 0x3C, 0x03, 0xD0, 0x0F, 0x3C, 0x03, 0xD0, 0x0F, 0x3C, 0x03, 0xD0, 0x1F, 0x3D, 0x03,
    0xD0, 0x2E, 0x2E, 0x03, 0xD0, 0x3D, 0x0F, 0x83, 0xD0, 0xFC, 0x07, 0xFB, 0xFF, 0xF0, 0x01, 0xBF,
    0xFF, 0x40, 0x00, 0x03, 0xE0, 0x00, 0x00, 0x03, 0xD0, 0x00, 0x00, 0x03, 0xD0, 0x00, 0x00, 0x03,
    0xD0, 0x00, 0x00, 0x03, 0xD0, 0x00, 0x00, 0x03, 0xD0, 0x00, 0x00, 0x00, 0x00, 0x00, 0x00, 0x0B,
    0xFF, 0xD0, 0x00, 0x1F, 0xFF, 0xFF, 0x00, 0x1F, 0x80, 0x07, 0xF0, 0x0F, 0x80, 0x00, 0x3E, 0x0B,
    0xC0, 0x00, 0x07, 0xC3, 0xD0, 0x00, 0x00, 0xF8, 0xF0, 0x00, 0x00, 0x2F, 0x7C, 0x00, 0x00, 0x0B,
    0xDF, 0xFF, 0xFF, 0xFF, 0xF7, 0xFF, 0xFF, 0xFF, 0xFD, 0xF0, 0x00, 0x00, 0x1F, 0x7C, 0x00, 0x00,
    0x0B, 0xCF, 0x40, 0x00, 0x03, 0xE2, 0xF0, 0x00, 0x01, 0xF0, 0x7D, 0x00, 0x00, 0xF8, 0x0B, 0xE0,
    0x01, 0xFC, 0x00, 0xBF, 0xEB, 0xFC, 0x00, 0x06, 0xFF, 0xF8, 0x00, 0x00, 0x00, 0x00, 0x00, 0x00,
    0x6A, 0x40, 0x01, 0xFF, 0xFD, 0x01, 0xF9, 0x1B, 0xD0, 0xF8, 0x00, 0x7C, 0x3C, 0x00, 0x0F, 0x5F,
    0x00, 0x02, 0xEB, 0xFF, 0xFF, 0xFA, 0xFF, 0xFF, 0xFF, 0xB8, 0x00, 0x0B, 0x9F, 0x00, 0x02, 0xE3,
    0xC0, 0x00, 0xF0, 0xBC, 0x00, 0xBC, 0x0F, 0xEA, 0xFC, 0x00, 0x7F, 0xF8, 0x00, 0x00, 0x00, 0x00,
    0xB4, 0x00, 0x00, 0x2F, 0xAF, 0x00, 0x00, 0x2F, 0xE3, 0xC0, 0x00, 0x0F, 0x00, 0xF8, 0x00, 0x0B,
    0x80, 0x1F, 0x00, 0x03, 0xD0, 0x03, 0xD0, 0x01, 0xF0, 0x00, 0xB8, 0x00, 0xB8, 0x00, 0x1F, 0x00,
    0x3D, 0x00, 0x03, 0xD0, 0x0F, 0x00, 0x00, 0xB8, 0x0B, 0x80, 0x00, 0x1F, 0x03, 0xD0, 0x00, 0x03,
    0xD0, 0xF0, 0x00, 0x00, 0xBC, 0x78, 0x00, 0x00, 0x0F, 0x3D, 0x00, 0x00, 0x03, 0xDF, 0x00, 0x00,
    0x00, 0x7F, 0xC0, 0x00, 0x00, 0x0F, 0xD0, 0x00, 0x00, 0x03, 0xF0, 0x00, 0x00, 0x50, 0x00, 0x01,
    0x8B, 0x80, 0x00, 0xFD, 0x7C, 0x00, 0x1F, 0x03, 0xD0, 0x03, 0xD0, 0x2E, 0x00, 0x3C, 0x00, 0xF0,
    0x0B, 0x80, 0x0F, 0x40, 0xF4, 0x00, 0x7C, 0x0F, 0x00, 0x03, 0xC1, 0xE0, 0x00, 0x2D, 0x3D, 0x00,
    0x01, 0xF3, 0xC0, 0x00, 0x0F, 0x78, 0x00, 0x00, 0xBF, 0x40, 0x00, 0x03, 0xF0, 0x00, 0x00, 0x00,
    0x00, 0x00, 0x02, 0xF0, 0xF4, 0x00, 0x00, 0x2D, 0x1F, 0x00, 0x00, 0x03, 0xC1, 0xD0, 0x00, 0x00,
    0x28, 0x1C, 0x00, 0x00, 0x00, 0x00, 0x00, 0x0B, 0x40, 0x00, 0x02, 0xFA, 0xF0, 0x00, 0x02, 0xFE,
    0x3C, 0x00, 0x00, 0xF0, 0x0F, 0x80, 0x00, 0xB8, 0x01, 0xF0, 0x00, 0x3D, 0x00, 0x3D, 0x00, 0x1F,
    0x00, 0x0B, 0x80, 0x0B, 0x80, 0x01, 0xF0, 0x03, 0xD0, 0x00, 0x3D, 0x00, 0xF0, 0x00, 0x0B, 0x80,
    0xB8, 0x00, 0x01, 0xF0, 0x3D, 0x00, 0x00, 0x3D, 0x0F, 0x00, 0x00, 0x0B, 0xC7, 0x80, 0x00, 0x00,
    0xF3, 0xD0, 0x00, 0x00, 0x3D, 0xF0, 0x00, 0x00, 0x07, 0xFC, 0x00, 0x00, 0x00, 0xFD, 0x00, 0x00,
    0x00, 0x3F, 0x00, 0x00, 0x00, 0x00, 0x00, 0x03, 0xE1, 0xF0, 0x00, 0x0F, 0x0B, 0x80, 0x00, 0x3C,
    0x3C, 0x00, 0x01, 0xD0, 0xA0, 0x00, 0x00, 0x00, 0x00, 0x50, 0x00, 0x01, 0x8B, 0x80, 0x00, 0xFD,
    0x7C, 0x00, 0x1F, 0x03, 0xD0, 0x03, 0xD0, 0x2E, 0x00, 0x3C, 0x00, 0xF0, 0x0B, 0x80, 0x0F, 0x40,
    0xF4, 0x00, 0x7C, 0x0F, 0x00, 0x03, 0xC1, 0xE0, 0x00, 0x2D, 0x3D, 0x00, 0x01, 0xF3, 0xC0, 0x00,
    0x0F, 0x78, 0x00, 0x00, 0xBF, 0x40, 0x00, 0x03, 0xF0, 0x00, 0x00, 0x00, 0x00, 0x00, 0x00, 0x00,
    0x00, 0x00, 0x07, 0xFF, 0xD0, 0x00, 0x00, 0x00, 0x00, 0x02, 0xFF, 0xFF, 0xC0, 0x00, 0x00, 0x00,
    0x00, 0xBE, 0x00, 0x7F, 0x00, 0x00, 0x00, 0x00, 0x1F, 0x40, 0x00, 0xF4, 0x00, 0x00, 0x00, 0x02,
    0xE0, 0x00, 0x07, 0xC1, 0x40, 0x00, 0x14, 0x3D, 0x00, 0x00, 0x3D, 0x3D, 0x00, 0x07, 0xC7, 0xC0,
    0x00, 0x03, 0xE2, 0xF0, 0x00, 0xB8, 0x7C, 0x00, 0x00, 0x2E, 0x0F, 0x00, 0x0F, 0x47, 0xC0, 0x00,
    0x02, 0xE0, 0xB8, 0x01, 0xF0, 0x7C, 0x00, 0x00, 0x2E, 0x07, 0xC0, 0x2E, 0x07, 0xC0, 0x00, 0x02,
    0xE0, 0x3D, 0x03, 0xC0, 0x7C, 0x00, 0x00, 0x3E, 0x02, 0xE0, 0x7C, 0x03, 0xD0, 0x00, 0x03, 0xD0,
    0x0F, 0x0B, 0x40, 0x3E, 0x00, 0x00, 0x7C, 0x00, 0xB4, 0xF0, 0x01, 0xF4, 0x00, 0x0F, 0x80, 0x07,
    0xDE, 0x00, 0x0B, 0xD0, 0x03, 0xF0, 0x00, 0x3E, 0xD0, 0x00, 0x3F, 0xEB, 0xFC, 0x00, 0x02, 0xFC,
    0x00, 0x00, 0x7F, 0xFE, 0x00, 0x00, 0x0F, 0x80, 0x00, 0x00, 0x00, 0x00, 0x00, 0x00, 0xF0, 0x00,
    0x00, 0x00, 0x00, 0x00, 0x00, 0x1F, 0x00, 0x00, 0x00, 0x00, 0x00, 0x00, 0x03, 0xD0, 0x00, 0x00,
    0x00, 0x00, 0x00, 0x00, 0xBC, 0x00, 0x00, 0x00, 0x00, 0x00, 0x03, 0xFF, 0x00, 0x00, 0x00, 0x00,
    0x00, 0x00, 0x3F, 0x80, 0x00, 0x00, 0x00, 0x6A, 0x40, 0x05, 0x00, 0x00, 0x50, 0x1F, 0xFF, 0xD0,
    0x3D, 0x00, 0x07, 0xC0, 0xF9, 0x1B, 0xD0, 0xB8, 0x00, 0x2E, 0x0F, 0x80, 0x0B, 0xC0, 0xF0, 0x00,
    0xF4, 0x3C, 0x00, 0x0F, 0x43, 0xD0, 0x07, 0xC1, 0xF0, 0x00, 0x2E, 0x07, 0xC0, 0x3E, 0x0B, 0x80,
    0x00, 0xB8, 0x0F, 0x40, 0xF0, 0x2E, 0x00, 0x02, 0xF0, 0x2E, 0x07, 0xC0, 0xB8, 0x00, 0x0B, 0x80,
    0x3C, 0x3D, 0x01, 0xF0, 0x00, 0x3E, 0x00, 0xF4, 0xF0, 0x03, 0xD0, 0x00, 0xF0, 0x01, 0xE7, 0x80,
    0x0B, 0xC0, 0x0F, 0xC0, 0x03, 0xFC, 0x00, 0x0F, 0xEA, 0xFC, 0x00, 0x0B, 0xF0, 0x00, 0x07, 0xFF,
    0x80, 0x00, 0x0F, 0x40, 0x00, 0x00, 0x00, 0x00, 0x00, 0x3C, 0x00, 0x00, 0x00, 0x00, 0x00, 0x02,
    0xE0, 0x00, 0x00, 0x00, 0x00, 0x00, 0x0F, 0x40, 0x00, 0x00, 0x00, 0x00, 0x00, 0xBC, 0x00, 0x00,
    0x00, 0x00, 0x00, 0xFF, 0xC0, 0x00, 0x00, 0x00, 0x00, 0x03, 0xF8, 0x00, 0x00, 0x00, 0x00, 0x10,
    0x00, 0x00, 0x00, 0x1F, 0xC0, 0x00, 0x00, 0x1B, 0xFF, 0x80, 0x00, 0x1F, 0xFF, 0xFF, 0x80, 0x07,
    0xF5, 0xF8, 0xBE, 0x00, 0xF8, 0x00, 0x01, 0xF8, 0x2F, 0x00, 0x00, 0x07, 0xC3, 0xD0, 0x00, 0x00,
    0x3D, 0x3C, 0x00, 0x00, 0x02, 0xE7, 0xC0, 0x00, 0x00, 0x1F, 0x7C, 0x00, 0x00, 0x01, 0xF7, 0xC0,
    0x00, 0x00, 0x1F, 0x7C, 0x00, 0x00, 0x01, 0xF3, 0xC0, 0x00, 0x00, 0x2F, 0x3D, 0x00, 0x00, 0x03,
    0xE2, 0xF0, 0x00, 0x00, 0x7C, 0x0F, 0x80, 0x00, 0x0F, 0x80, 0x7E, 0x0F, 0x87, 0xF0, 0x01, 0xFF,
    0xFF, 0xF8, 0x00, 0x02, 0xFF, 0xFD, 0x00, 0x00, 0x01, 0xFC, 0x00, 0x00, 0x00, 0x05, 0x00, 0x00,
    0x00, 0x0A, 0x40, 0x00, 0x00, 0xBF, 0x40, 0x00, 0x3F, 0xFF, 0xD0, 0x03, 0xFB, 0xFB, 0xD0, 0x3E,
    0x01, 0x07, 0xC0, 0xF0, 0x00, 0x0B, 0x87, 0xC0, 0x00, 0x1F, 0x2E, 0x00, 0x00, 0x3C, 0xB8, 0x00,
    0x00, 0xF2, 0xE0, 0x00, 0x07, 0xC7, 0xC0, 0x00, 0x1F, 0x0F, 0x40, 0x00, 0xF8, 0x1F, 0x4A, 0x0B,
    0xC0, 0x2F, 0xFF, 0xFC, 0x00, 0x1F, 0xFF, 0x80, 0x00, 0x03, 0xE0, 0x00, 0x00, 0x01, 0x00, 0x00,
    0x00, 0x00, 0x6E, 0x40, 0x00, 0x00, 0x00, 0x01, 0xFF, 0xF9, 0x00, 0x00, 0x00, 0x02, 0xC0, 0x6F,
    0x80, 0x00, 0x00, 0x00, 0x0B, 0x80, 0x00, 0x00, 0x00, 0x00, 0x07, 0xC0, 0x00, 0x00, 0x00, 0x00,
    0x02, 0x80, 0x00, 0x00, 0x00, 0x00, 0x0E, 0x00, 0x00, 0x00, 0x00, 0x00, 0x00, 0x00, 0x00, 0x00,
    0x00, 0xBF, 0xE0, 0x0B, 0xFD, 0x00, 0x03, 0xFF, 0xF4, 0x2F, 0xFF, 0x80, 0x0F, 0xC0, 0x10, 0x04,
    0x07, 0xD0, 0x1F, 0x00, 0x00, 0x00, 0x01, 0xF0, 0x3E, 0x00, 0x00, 0x00, 0x00, 0xF4, 0x3C, 0x00,
    0x00, 0x00, 0x00, 0xBC, 0x7C, 0x00, 0x00, 0x00, 0x00, 0x7C, 0x7C, 0x00, 0x00, 0x00, 0x00, 0x3C,
    0x7C, 0x00, 0x00, 0x00, 0x00, 0x3C, 0x7C, 0x00, 0x00, 0x00, 0x00, 0x3C, 0x7C, 0x00, 0x07, 0xC0,
    0x00, 0x3C, 0x7C, 0x00, 0x07, 0xC0, 0x00, 0x7C, 0x3D, 0x00, 0x07, 0xC0, 0x00, 0xB8, 0x3E, 0x00,
    0x07, 0xC0, 0x00, 0xF4, 0x1F, 0x40, 0x07, 0xC0, 0x02, 0xF0, 0x0F, 0xD0, 0x0B, 0xD0, 0x0B, 0xD0,
    0x03, 0xFF, 0xFF, 0xFF, 0xFF, 0x80, 0x00, 0xBF, 0xF8, 0x2F, 0xFD, 0x00, 0x00, 0x00, 0x00, 0x00,
    0x00, 0x00, 0x00, 0x00, 0x00, 0x00, 0x00, 0x00, 0x00, 0xFE, 0x40, 0x00, 0x00, 0x00, 0xFA, 0xFE,
    0x80, 0x00, 0x00, 0x38, 0x16, 0xF0, 0x00, 0x00, 0x00, 0x3D, 0x00, 0x00, 0x00, 0x00, 0x07, 0x40,
    0x00, 0x00, 0x00, 0x01, 0xC0, 0x00, 0x00, 0x00, 0x01, 0x80, 0x00, 0x00, 0x00, 0x00, 0x00, 0x00,
    0x00, 0x00, 0x2A, 0x40, 0x0A, 0x90, 0x00, 0x7F, 0xF4, 0x0F, 0xFF, 0x00, 0x7E, 0x18, 0x01, 0x47,
    0xF0, 0x3E, 0x00, 0x00, 0x00, 0x3D, 0x0F, 0x00, 0x00, 0x00, 0x07, 0xC7, 0xC0, 0x00, 0x00, 0x01,
    0xF2, 0xE0, 0x00, 0x00, 0x00, 0x3C, 0xB8, 0x00, 0x2D, 0x00, 0x0F, 0x1F, 0x00, 0x0F, 0x40, 0x03,
    0xC7, 0xC0, 0x03, 0xD0, 0x01, 0xF0, 0xF4, 0x00, 0xF4, 0x00, 0xF8, 0x2F, 0x00, 0x7F, 0x00, 0x7C,
    0x03, 0xFA, 0xFE, 0xFA, 0xFE, 0x00, 0x2F, 0xFC, 0x1F, 0xFD, 0x00, 0x00, 0x00, 0x00, 0x00, 0x00,
    0x00, 0x00, 0x00, 0x00, 0x00, 0x00, 0x00, 0x1F, 0xFF, 0xFE, 0x00, 0x00, 0x00, 0x34, 0x34, 0x70,
    0x00, 0x00, 0x00, 0x00, 0x40, 0x40, 0x00, 0x00, 0x00, 0x00, 0x00, 0x00, 0x01, 0xF0, 0x00, 0x3D,
    0x00, 0x03, 0xD7, 0xC0, 0x00, 0xF4, 0x00, 0x0F, 0x4F, 0x00, 0x03, 0xE0, 0x00, 0x3C, 0x3D, 0x00,
    0x0B, 0x80, 0x00, 0xF0, 0xF4, 0x00, 0x2F, 0x00, 0x07, 0xC2, 0xE0, 0x00, 0xBC, 0x00, 0x1F, 0x0B,
    0xC0, 0x03, 0xF4, 0x00, 0xBC, 0x1F, 0x00, 0x0F, 0xE0, 0x02, 0xE0, 0x3D, 0x00, 0xBF, 0xC0, 0x0F,
    0x40, 0xB8, 0x03, 0xDF, 0x00, 0x3C, 0x01, 0xF0, 0x1F, 0x3D, 0x01, 0xF0, 0x03, 0xD0, 0xB4, 0xBC,
    0x0B, 0x80, 0x0B, 0x83, 0xC0, 0xF0, 0x3C, 0x00, 0x1F, 0x1E, 0x03, 0xE1, 0xF0, 0x00, 0x3D, 0xB4,
    0x07, 0xCF, 0x40, 0x00, 0x7F, 0xC0, 0x0F, 0xBC, 0x00, 0x00, 0xFE, 0x00, 0x1F, 0xD0, 0x00, 0x01,
    0xF4, 0x00, 0x3F, 0x00, 0x00, 0x00, 0x00, 0x00, 0x00, 0x00, 0x00, 0x2A, 0xAA, 0xA4, 0x00, 0x00,
    0x3E, 0xBA, 0xB4, 0x00, 0x00, 0x20, 0x20, 0x20, 0x00, 0x00, 0x00, 0x00, 0x00, 0x00, 0x14, 0x00,
    0x50, 0x00, 0x14, 0x78, 0x00, 0xB8, 0x00, 0x3C, 0x7C, 0x00, 0xB8, 0x00, 0x3C, 0x7C, 0x00, 0x7C,
    0x00, 0x7C, 0x3C, 0x00, 0x3C, 0x00, 0xB8, 0x3D, 0x00, 0x3C, 0x00, 0xF4, 0x2E, 0x00, 0x7D, 0x00,
    0xF0, 0x0F, 0x00, 0xFF, 0x01, 0xF0, 0x0F, 0x41, 0xEF, 0x02, 0xD0, 0x07, 0x83, 0xCB, 0x43, 0xC0,
    0x03, 0xC7, 0x87, 0xCB, 0x80, 0x02, 0xEF, 0x03, 0xDF, 0x00, 0x00, 0xFE, 0x01, 0xFE, 0x00, 0x00,
    0x7C, 0x00, 0xFC, 0x00, 0x00, 0x00, 0x00, 0x00, 0x00, 0x6F, 0xFE, 0x40, 0x0F, 0xFF, 0xFF, 0x00,
    0xFD, 0x00, 0x28, 0x0F, 0xC0, 0x00, 0x00, 0xBC, 0x00, 0x00, 0x03, 0xE0, 0x00, 0x00, 0x0F, 0x00,
    0x00, 0x00, 0x7C, 0x00, 0x00, 0x01, 0xF0, 0x00, 0x00, 0x07, 0xC0, 0x00, 0x00, 0x1F, 0x00, 0x00,
    0x00, 0x7C, 0x00, 0x00, 0x00, 0xF4, 0x00, 0x00, 0x02, 0xF0, 0x00, 0x00, 0x07, 0xE0, 0x00, 0x00,
    0x0B, 0xE0, 0x00, 0x00, 0x0B, 0xFF, 0xF4, 0x00, 0x02, 0xFF, 0xD0, 0x00, 0x00, 0x0F, 0x40, 0x00,
    0x00, 0x3D, 0x00, 0x00, 0x00, 0xF4, 0x00, 0x00, 0x03, 0xD0, 0x00, 0x00, 0x0F, 0x40, 0x00, 0x00,
    0x3D, 0x00, 0x00, 0x6A, 0x50, 0x1F, 0xFF, 0xD0, 0xFD, 0x5A, 0x0F, 0x80, 0x00, 0x7C, 0x00, 0x01,
    0xF0, 0x00, 0x0B, 0x80, 0x00, 0x2E, 0x00, 0x00, 0xB8, 0x00, 0x01, 0xF0, 0x00, 0x03, 0xD0, 0x00,
    0x0B, 0xC0, 0x00, 0x0F, 0xFA, 0xC0, 0x0B, 0xFF, 0x00, 0x00, 0x7C, 0x00, 0x00, 0xF0, 0x00, 0x03,
    0xC0, 0x00, 0x0F, 0x00, 0x00, 0x3C, 0x00, 0x00, 0xF0, 0x00, 0x00, 0x04, 0x00, 0x00, 0x0B, 0x40,
    0x08, 0x03, 0xC0, 0x03, 0xE2, 0xD0, 0x00, 0x2F, 0xE0, 0x00, 0x01, 0xFD, 0x00, 0x00, 0x7B, 0xF0,
    0x00, 0x3C, 0x2E, 0x74, 0x2D, 0x00, 0x1F, 0x9F, 0x00, 0x00, 0xBF, 0x40, 0x00, 0x07, 0xF4, 0x00,
    0x03, 0xDF, 0xC0, 0x01, 0xE0, 0x70, 0x00, 0xF0, 0x00, 0x00, 0x24, 0x00, 0x00, 0x00, 0x00, 0x00,
    0x00, 0x00, 0x01, 0xD2, 0xAA, 0xBE, 0x7E, 0xAA, 0x82, 0x40, 0x00, 0x00, 0x05, 0x00, 0x1F, 0xFC,
    0x7F, 0xE5, 0xE6, 0x40, 0x09, 0x14, 0x7C, 0xB4, 0x34, 0x09, 0x14, 0x7D, 0x1D, 0x2C, 0x60, 0x00,
    0x00, 0x02, 0xFE, 0x00, 0x7E, 0xFF, 0x9B, 0x00, 0xBD, 0x00, 0x00, 0x00, 0x19, 0x00, 0x00, 0x00,
    0x00, 0x00, 0x00, 0x0B, 0xFC, 0x00, 0x00, 0x00, 0x00, 0x00, 0x00, 0xD0, 0xB0, 0x00, 0x00, 0x00,
    0x00, 0x00, 0x04, 0x01, 0x00, 0x00, 0x00, 0x00, 0x04, 0x00, 0x00, 0x00, 0x05, 0x00, 0x00, 0x0F,
    0xF8, 0x00, 0x00, 0x03, 0xFE, 0x00, 0x01, 0xD1, 0xD0, 0x00, 0x00, 0xB4, 0x70, 0x00, 0x14, 0x05,
    0x00, 0x00, 0x04, 0x01, 0x00, 0x00, 0x00, 0x00, 0x00, 0x00, 0x00, 0x00, 0x00, 0x00, 0x00, 0x00,
    0x00, 0x00, 0x00, 0x00, 0x00, 0x00, 0x00, 0x00, 0x00, 0x00, 0x00, 0x00, 0x00, 0x00, 0x00, 0x00,
    0x00, 0x00, 0x00, 0x1F, 0xF0, 0x00, 0x00, 0x00, 0x00, 0xFF, 0x43, 0x97, 0x80, 0x00, 0x00, 0x00,
    0x2D, 0x6C, 0x20, 0x08, 0x00, 0x00, 0x00, 0x02, 0x00, 0x80, 0x00, 0x00, 0x00, 0x00, 0x00, 0x00,
    0x00, 0x00, 0x00, 0x00, 0x00, 0x00, 0x00, 0x00, 0x00, 0x00, 0x00, 0x00, 0x00, 0x00, 0x00, 0x00,
    0x00, 0x00, 0x00, 0x00, 0x00, 0x00, 0x00, 0x00, 0x07, 0xE0, 0x00, 0x00, 0x01, 0xF8, 0x00, 0x00,
    0xEB, 0xC0, 0x00, 0x00, 0x7A, 0xF0, 0x00, 0x28, 0x09, 0x00, 0x00, 0x09, 0x03, 0x40, 0x00, 0x00,
    0x00, 0x00, 0x00, 0x00, 0x00, 0x00, 0x00, 0x00, 0x02, 0xF4, 0x00, 0x00, 0x00, 0x00, 0x00, 0x00,
    0xFF, 0xD0, 0x00, 0x00, 0x00, 0x00, 0x00, 0x0C, 0x07, 0x00, 0x00, 0x00, 0x00, 0x00, 0x00, 0x00,
    0x00, 0x00, 0x00, 0x00, 0x00, 0x00, 0x00, 0x05, 0x00, 0x00, 0x00, 0x00, 0x00, 0x00, 0x0D, 0x00,
    0x00, 0x00, 0x00, 0x00, 0x00, 0x2C, 0x00, 0x00, 0x00, 0x00, 0x00, 0x00, 0x3C, 0x00, 0x00, 0x00,
    0x00, 0x70, 0x00, 0x7C, 0x00, 0x00, 0x00, 0x00, 0x78, 0x00, 0x64, 0x00, 0x07, 0x40, 0x00, 0x3C,
    0x00, 0x00, 0x00, 0xBF, 0x00, 0x00, 0x1F, 0x00, 0x00, 0x02, 0xF4, 0x00, 0x00, 0x0F, 0x00, 0x00,
    0x00, 0x80, 0x00, 0x00, 0x00, 0x00, 0x00, 0x00, 0x00, 0x00, 0x00, 0x00, 0x00, 0x00, 0x00, 0x00,
    0x00, 0x00, 0x00, 0x00, 0x00, 0x00, 0x00, 0x00, 0x00, 0x00, 0x00, 0x00, 0x00, 0x00, 0x00, 0xFE,
    0x40, 0x00, 0x00, 0x00, 0x07, 0xD0, 0x2F, 0xD0, 0x00, 0x00, 0x00, 0x07, 0xFE, 0x01, 0x90, 0x00,
    0x00, 0x00, 0x00, 0x1A, 0x00, 0x00, 0x00, 0x00, 0x00, 0x00, 0x00, 0x00, 0x00, 0x00, 0x00, 0x00,
    0x00, 0x00, 0x00, 0x00, 0x00, 0x00, 0x00, 0x00, 0x00, 0x00, 0x00, 0x00, 0x00, 0x00, 0x00, 0x00,
    0x00, 0x02, 0x00, 0x00, 0x00, 0xB0, 0x00, 0x00, 0x1F, 0x80, 0x00, 0x00, 0xF4, 0x00, 0x00, 0xBE,
    0x00, 0x00, 0x00, 0x7C, 0x00, 0x01, 0xE0, 0x00, 0x2D, 0x00, 0x2C, 0x00, 0x00, 0x00, 0x00, 0x3C,
    0x00, 0x0D, 0x00, 0x00, 0x00, 0x00, 0x3C, 0x00, 0x00, 0x00, 0x00, 0x00, 0x00, 0x74, 0x00, 0x00,
    0x00, 0x00, 0x00, 0x00, 0x70, 0x00, 0x00, 0x00, 0x00, 0x00, 0x00, 0x00, 0x00, 0x3C, 0x00, 0xF0,
    0x00, 0x02, 0xE0, 0x1F, 0x00, 0x00, 0x0F, 0xFF, 0xD0, 0x00, 0x00, 0x1A, 0xA0, 0x00, 0x00, 0x00,
    0x00, 0x00, 0x00, 0x74, 0x00, 0x00, 0xF8, 0x0B, 0x80, 0x00, 0x2F, 0xC0, 0xB8, 0x00, 0x07, 0xFC,
    0x0B, 0x80, 0x00, 0xFB, 0xC0, 0xB8, 0x00, 0x2F, 0x3C, 0x0B, 0x80, 0x07, 0xD3, 0xC0, 0xB8, 0x00,
    0xF8, 0x7C, 0x0B, 0x80, 0x2F, 0x07, 0xC0, 0xB8, 0x07, 0xD0, 0x7C, 0x0B, 0x80, 0xF8, 0x07, 0xC0,
    0xB8, 0x2F, 0x00, 0x7C, 0x0B, 0x87, 0xD0, 0x07, 0xC0, 0xB4, 0xF8, 0x00, 0x7C, 0x0B, 0x6F, 0x00,
    0x07, 0xC0, 0xBB, 0xD0, 0x00, 0x7C, 0x0B, 0xF8, 0x00, 0x07, 0xC0, 0xBF, 0x00, 0x00, 0x7F, 0xCB,
    0xD0, 0x00, 0x07, 0xFC, 0x00, 0x00, 0x00, 0x07, 0x80, 0x00, 0x00, 0x00, 0xF4, 0x00, 0x00, 0x00,
    0x1F, 0x00, 0x00, 0x00, 0x02, 0xE0, 0x00, 0x00, 0x00, 0x29, 0x00, 0x1E, 0x00, 0x3C, 0x00, 0x3C,
    0x02, 0xE0, 0x00, 0xBE, 0xBF, 0x00, 0x00, 0x6F, 0xE0, 0x00, 0x00, 0x00, 0x00, 0x01, 0x40, 0x00,
    0x54, 0x0F, 0x00, 0x07, 0xF0, 0x3C, 0x00, 0x3F, 0xC0, 0xF0, 0x02, 0xEF, 0x03, 0xC0, 0x1F, 0x3C,
    0x0F, 0x00, 0xF0, 0xF0, 0x3C, 0x0B, 0x83, 0xC0, 0xF0, 0x3C, 0x0F, 0x03, 0xC3, 0xD0, 0x3C, 0x0F,
    0x1E, 0x00, 0xF0, 0x3D, 0xF0, 0x03, 0xC0, 0xFF, 0x40, 0x0F, 0x03, 0xFC, 0x00, 0x3F, 0xCF, 0xC0,
    0x00, 0xFF, 0x00, 0x00, 0x00, 0x38, 0x00, 0x00, 0x02, 0xD0, 0x00, 0x00, 0x0F, 0x00, 0x00, 0x00,
    0x3C, 0x00, 0x00, 0x01, 0x90, 0x07, 0x80, 0x00, 0x00, 0x2E, 0x00, 0x00, 0x06, 0xFE, 0xA4, 0x00,
    0x1F, 0xFF, 0xF0, 0x00, 0x1B, 0xD5, 0x40, 0x00, 0x2E, 0x00, 0x00, 0x00, 0xB8, 0x00, 0x00, 0x02,
    0xF5, 0x40, 0x00, 0x0B, 0xFF, 0xFD, 0x00, 0x2F, 0xAB, 0xFF, 0x00, 0xB8, 0x00, 0x7E, 0x02, 0xE0,
    0x00, 0xBC, 0x0B, 0x80, 0x01, 0xF0, 0x2E, 0x00, 0x07, 0xC0, 0xB8, 0x00, 0x2F, 0x02, 0xE0, 0x02,
    0xF4, 0x0B, 0xFF, 0xFF, 0x80, 0x2F, 0xFF, 0xE0, 0x00, 0x0F, 0x40, 0x00, 0x00, 0xF4, 0x00, 0x00,
    0x0F, 0x40, 0x00, 0x0F, 0xFF, 0xF0, 0x00, 0xAF, 0xEA, 0x00, 0x00, 0xF4, 0x00, 0x00, 0x0F, 0x40,
    0x00, 0x00, 0xF4, 0x00, 0x00, 0x0F, 0x40, 0x00, 0x00, 0xF4, 0x00, 0x00, 0x0F, 0x40, 0x00, 0x00,
    0xFF, 0xFF, 0x90, 0x0F, 0xFF, 0xFF, 0x80, 0xF4, 0x00, 0x7D, 0x0F, 0x40, 0x03, 0xE0, 0xF4, 0x00,
    0x2D, 0x0F, 0x40, 0x07, 0xC0, 0xFF, 0xFF, 0xF8, 0x0F, 0xFF, 0xF9, 0x00, 0x7F, 0xFE, 0x40, 0x2F,
    0xFF, 0xFD, 0x0B, 0x80, 0x1F, 0xD2, 0xE0, 0x00, 0xF8, 0xB8, 0x00, 0x1F, 0x2E, 0x00, 0x07, 0xCB,
    0x80, 0x41, 0xF2, 0xE0, 0xB8, 0xF8, 0xB8, 0x0F, 0xFC, 0x2F, 0xFF, 0xFD, 0x0B, 0xFF, 0xFE, 0x02,
    0xE0, 0x02, 0xD0, 0xB8, 0x00, 0x30, 0x2E, 0x00, 0x00, 0x0B, 0x80, 0x00, 0x02, 0xE0, 0x00, 0x00,
    0xB8, 0x00, 0x00, 0x2E, 0x00, 0x00, 0x00, 0x50, 0x6A, 0x40, 0xF2, 0xFF, 0xF0, 0xFF, 0x51, 0xFC,
    0xFC, 0x00, 0x3D, 0xF8, 0x00, 0x2E, 0xF4, 0x00, 0x1F, 0xF4, 0x00, 0x1F, 0xF4, 0x00, 0x1F, 0xF4,
    0x00, 0x1F, 0xF8, 0x00, 0x2F, 0xFC, 0x0F, 0x3E, 0xFE, 0x07, 0xFC, 0xFB, 0xEB, 0xF4, 0xF5, 0xFF,
    0xF0, 0xF4, 0x00, 0x7C, 0xF4, 0x00, 0x28, 0xF4, 0x00, 0x00, 0xF4, 0x00, 0x00, 0xF4, 0x00, 0x00,
    0xF4, 0x00, 0x00, 0x00, 0x00, 0x24, 0x00, 0x01, 0xE0, 0x00, 0x07, 0x80, 0x00, 0x1E, 0x7F, 0xFF,
    0xFA, 0xFF, 0xFF, 0xEB, 0x80, 0x00, 0x2E, 0x00, 0x00, 0xB8, 0x00, 0x02, 0xE0, 0x00, 0x0B, 0x80,
    0x00, 0x2E, 0x00, 0x00, 0xB8, 0x00, 0x02, 0xE0, 0x00, 0x0B, 0x80, 0x00, 0x2E, 0x00, 0x00, 0xB8,
    0x00, 0x02, 0xE0, 0x00, 0x0B, 0x80, 0x00, 0x2E, 0x00, 0x00, 0xB8, 0x00, 0x02, 0xE0, 0x00, 0x00,
    0x00, 0x01, 0x00, 0x03, 0xD0, 0x00, 0xF4, 0x00, 0x3D, 0x55, 0x5F, 0x7F, 0xFF, 0xDF, 0x95, 0x53,
    0xD0, 0x00, 0xF4, 0x00, 0x3D, 0x00, 0x0F, 0x40, 0x03, 0xD0, 0x00, 0xF4, 0x00, 0x3D, 0x00, 0x0F,
    0x40, 0x03, 0xD0, 0x00, 0xF4, 0x00, 0x3D, 0x00, 0x00, 0x07, 0xFF, 0xFF, 0x82, 0xFF, 0xFF, 0xE0,
    0xB8, 0x00, 0x00, 0x2E, 0x00, 0x00, 0x0B, 0x80, 0x00, 0x02, 0xE0, 0x00, 0x00, 0xB8, 0x00, 0x00,
    0x2E, 0x00, 0x00, 0x7F, 0xFF, 0xE0, 0x1F, 0xFF, 0xFC, 0x00, 0xB8, 0x00, 0x00, 0x2E, 0x00, 0x00,
    0x0B, 0x80, 0x00, 0x02, 0xE0, 0x00, 0x00, 0xB8, 0x00, 0x00, 0x2E, 0x00, 0x00, 0x0B, 0x80, 0x00,
    0x02, 0xE0, 0x00, 0x00, 0x05, 0x55, 0x50, 0x3F, 0xFF, 0xD0, 0xF9, 0x55, 0x03, 0xD0, 0x00, 0x0F,
    0x40, 0x00, 0x3D, 0x00, 0x06, 0xFA, 0xA4, 0x3F, 0xFF, 0xE0, 0x0F, 0x40, 0x00, 0x3D, 0x00, 0x00,
    0xF4, 0x00, 0x03, 0xD0, 0x00, 0x0F, 0x40, 0x00, 0x3D, 0x00, 0x00, 0x7F, 0xFF, 0xF8, 0x0B, 0xFF,
    0xFF, 0xC0, 0xB8, 0x00, 0x00, 0x0B, 0x80, 0x00, 0x00, 0xB8, 0x00, 0x00, 0x0B, 0x80, 0x00, 0x00,
    0xB8, 0x00, 0x00, 0x0B, 0x80, 0x00, 0x00, 0xBE, 0xFE, 0x40, 0x0B, 0xFF, 0xFF, 0x40, 0xBC, 0x06,
    0xFD, 0x0B, 0x80, 0x02, 0xF0, 0xB8, 0x00, 0x0F, 0x8B, 0x80, 0x00, 0x7C, 0xB8, 0x00, 0x03, 0xCB,
    0x80, 0x00, 0x3D, 0xB8, 0x00, 0x03, 0xDB, 0x80, 0x00, 0x3D, 0x00, 0x00, 0x03, 0xC0, 0x00, 0x00,
    0x7C, 0x00, 0x00, 0x0F, 0x80, 0x00, 0x03, 0xF0, 0x02, 0xFF, 0xFD, 0x00, 0x2F, 0xFE, 0x00, 0x00,
    0x00, 0x00, 0x00, 0x55, 0x55, 0x03, 0xFF, 0xFD, 0x0F, 0x95, 0x50, 0x3D, 0x00, 0x00, 0xF4, 0x00,
    0x03, 0xD0, 0x00, 0x0F, 0xEE, 0x40, 0x3F, 0xFF, 0xD0, 0xF8, 0x1F, 0xD3, 0xD0, 0x0B, 0xCF, 0x40,
    0x0F, 0x7D, 0x00, 0x3D, 0xF4, 0x00, 0xBB, 0xD0, 0x02, 0xE0, 0x00, 0x0B, 0x80, 0x00, 0x3D, 0x00,
    0x00, 0xF0, 0x10, 0x0F, 0x80, 0xFF, 0xFC, 0x01, 0xFF, 0x80, 0x00, 0x00, 0x00, 0x7C, 0x00, 0x1E,
    0x00, 0x0B, 0x80, 0xBC, 0x00, 0x7C, 0x00, 0x7C, 0x00, 0xF8, 0x01, 0xF0, 0x07, 0xC0, 0x00, 0xF4,
    0x07, 0xC0, 0x3D, 0x00, 0x01, 0xF0, 0x1F, 0x03, 0xE0, 0x00, 0x01, 0xF0, 0x7C, 0x2F, 0x00, 0x00,
    0x02, 0xF1, 0xF1, 0xF0, 0x00, 0x00, 0x03, 0xE7, 0xCF, 0x00, 0x00, 0x00, 0x03, 0xFF, 0xF4, 0x00,
    0x00, 0x00, 0x1F, 0xBF, 0xE0, 0x00, 0x00, 0x00, 0xF5, 0xF3, 0xD0, 0x00, 0x00, 0x0F, 0x87, 0xC7,
    0xD0, 0x00, 0x00, 0xBC, 0x1F, 0x0B, 0xC0, 0x00, 0x07, 0xC0, 0x7C, 0x0B, 0xC0, 0x00, 0x3D, 0x01,
    0xF0, 0x0F, 0x80, 0x03, 0xE0, 0x07, 0xC0, 0x0F, 0x40, 0x3E, 0x00, 0x1F, 0x00, 0x1F, 0xF2, 0xF0,
    0x00, 0x7C, 0x00, 0x2F, 0xC0, 0x00, 0x00, 0x00, 0x00, 0x0F, 0x00, 0x00, 0x00, 0x00, 0x00, 0x3C,
    0x00, 0x00, 0x00, 0x00, 0x00, 0xF0, 0x00, 0x00, 0x00, 0x00, 0x03, 0xC0, 0x00, 0x00, 0x00, 0x00,
    0x0A, 0x00, 0x14, 0x00, 0x50, 0x00, 0x50, 0x2E, 0x00, 0xB4, 0x03, 0xD0, 0x0F, 0x40, 0xB4, 0x0F,
    0x80, 0x03, 0xD0, 0xB4, 0x2E, 0x00, 0x00, 0xF0, 0xB4, 0x7C, 0x00, 0x00, 0x7C, 0xB5, 0xF0, 0x00,
    0x00, 0x1F, 0xBB, 0xC0, 0x00, 0x00, 0x1F, 0xFB, 0xC0, 0x00, 0x00, 0x3C, 0xB6, 0xF0, 0x00, 0x00,
    0xF4, 0xB4, 0xB8, 0x00, 0x03, 0xE0, 0xB4, 0x3E, 0x00, 0x0F, 0x80, 0xB4, 0x0F, 0x40, 0x2F, 0x00,
    0xB4, 0x03, 0xFD, 0xBC, 0x00, 0xB4, 0x01, 0xFE, 0x00, 0x00, 0x00, 0x00, 0x2E, 0x00, 0x00, 0x00,
    0x00, 0x2E, 0x00, 0x00, 0x00, 0x00, 0x2E, 0x00, 0x00, 0x00, 0x00, 0x2E, 0x00, 0x00, 0x00, 0x00,
    0x19, 0x00, 0x00, 0x00, 0x06, 0xFF, 0xF8, 0x02, 0xFF, 0xFF, 0xD0, 0x20, 0x01, 0xFC, 0x00, 0x00,
    0x0F, 0x40, 0x00, 0x03, 0xD0, 0x00, 0x00, 0xF0, 0x00, 0x00, 0xBC, 0x00, 0x05, 0xFC, 0x00, 0xFF,
    0xF8, 0x00, 0x1A, 0xBF, 0xD0, 0x00, 0x00, 0xBC, 0x00, 0x00, 0x0B, 0x80, 0x00, 0x01, 0xF0, 0x00,
    0x00, 0x7C, 0x00, 0x00, 0x3F, 0x10, 0x00, 0x2F, 0x4F, 0xFA, 0xFF, 0x82, 0xFF, 0xFE, 0x40, 0x00,
    0x78, 0x00, 0x00, 0x07, 0x40, 0x00, 0x00, 0xE0, 0x00, 0x00, 0x38, 0x00, 0x00, 0xFD, 0x00, 0x00,
    0x14, 0x00, 0x00, 0x05, 0xA9, 0x00, 0x3F, 0xFF, 0xD0, 0x29, 0x06, 0xF4, 0x00, 0x00, 0xF8, 0x00,
    0x00, 0xB8, 0x00, 0x01, 0xF0, 0x03, 0xFF, 0x80, 0x03, 0xFF, 0xD0, 0x00, 0x01, 0xF4, 0x00, 0x00,
    0x7C, 0x00, 0x00, 0x7C, 0x00, 0x00, 0xFC, 0x3E, 0xAB, 0xF4, 0x2F, 0xFF, 0x80, 0x00, 0x78, 0x00,
    0x00, 0x1D, 0x00, 0x00, 0x0E, 0x00, 0x00, 0x0E, 0x00, 0x00, 0xFD, 0x00, 0x00, 0x50, 0x00, 0x78,
    0x00, 0x0B, 0x82, 0xE0, 0x00, 0xBC, 0x0B, 0x80, 0x0B, 0xC0, 0x2E, 0x00, 0xBC, 0x00, 0xB8, 0x07,
    0xC0, 0x02, 0xE0, 0x7D, 0x00, 0x0B, 0x87, 0xD0, 0x00, 0x2E, 0x3E, 0x00, 0x00, 0xBF, 0xE0, 0x00,
    0x02, 0xEF, 0xC0, 0x00, 0x0B, 0x8F, 0xC0, 0x00, 0x2E, 0x0F, 0x80, 0x00, 0xB8, 0x0F, 0x80, 0x02,
    0xE0, 0x1F, 0x40, 0x0B, 0x80, 0x1F, 0x40, 0x2E, 0x00, 0x1F, 0x40, 0xB8, 0x00, 0x2F, 0xF6, 0xE0,
    0x00, 0x2F, 0xD0, 0x00, 0x00, 0x0F, 0x40, 0x00, 0x00, 0x3D, 0x00, 0x00, 0x00, 0xF4, 0x00, 0x00,
    0x03, 0xD0, 0x00, 0x00, 0x0A, 0x40, 0x50, 0x00, 0x50, 0xF4, 0x02, 0xE0, 0xF4, 0x0B, 0x80, 0xF4,
    0x2F, 0x00, 0xF4, 0x7C, 0x00, 0xF5, 0xF0, 0x00, 0xFB, 0xC0, 0x00, 0xFB, 0xC0, 0x00, 0xF6, 0xF0,
    0x00, 0xF4, 0xBC, 0x00, 0xF4, 0x2F, 0x00, 0xF4, 0x0F, 0x80, 0xF4, 0x03, 0xFD, 0xF4, 0x00, 0xFE,
    0x00, 0x00, 0x2E, 0x00, 0x00, 0x2E, 0x00, 0x00, 0x2E, 0x00, 0x00, 0x2E, 0x00, 0x00, 0x19, 0x78,
    0x00, 0x0B, 0x8B, 0x80, 0x02, 0xF0, 0xB8, 0x00, 0xBC, 0x0B, 0x8E, 0x2F, 0x00, 0xB8, 0xE7, 0xC0,
    0x0B, 0x8F, 0xF4, 0x00, 0xB8, 0xFD, 0x00, 0x0B, 0x8F, 0x80, 0x00, 0xBF, 0xF0, 0x00, 0x0B, 0xBF,
    0x00, 0x00, 0xB8, 0xFC, 0x00, 0x0B, 0x8F, 0xE0, 0x00, 0xB8, 0xFF, 0x80, 0x0B, 0x8E, 0x7D, 0x00,
    0xB8, 0x51, 0xF4, 0x0B, 0x80, 0x07, 0xD0, 0xB8, 0x00, 0x2F, 0x0B, 0x80, 0x00, 0xBC, 0x50, 0x00,
    0x53, 0xD1, 0x0B, 0x8F, 0x5D, 0xB8, 0x3D, 0x7F, 0xC0, 0xF5, 0xFC, 0x03, 0xD7, 0xC0, 0x0F, 0xBD,
    0x00, 0x3E, 0xF4, 0x00, 0xF6, 0xF0, 0x03, 0xD7, 0xF0, 0x0F, 0x5F, 0xF0, 0x3D, 0x77, 0xE0, 0xF4,
    0xD3, 0xE3, 0xD0, 0x03, 0xD0, 0x07, 0x80, 0x00, 0xB4, 0x0B, 0x80, 0x01, 0xF0, 0x6F, 0xE8, 0x03,
    0xD0, 0xBF, 0xFC, 0x0F, 0x80, 0x1B, 0xD4, 0x2F, 0x00, 0x0B, 0x80, 0x3C, 0x00, 0x0B, 0x80, 0xF8,
    0x00, 0x0B, 0xD6, 0xF0, 0x00, 0x0B, 0xFF, 0xD0, 0x00, 0x0B, 0xEB, 0xF0, 0x00, 0x0B, 0x80, 0xF4,
    0x00, 0x0B, 0x80, 0xBC, 0x00, 0x0B, 0x80, 0x3E, 0x00, 0x0B, 0x80, 0x0F, 0x40, 0x0B, 0x80, 0x0B,
    0xC0, 0x0B, 0x80, 0x03, 0xE0, 0x0B, 0x80, 0x00, 0xF4, 0x0B, 0x80, 0x00, 0xBC, 0x0F, 0x40, 0x00,
    0x03, 0xD0, 0x00, 0x0B, 0xFF, 0xF8, 0x02, 0xFF, 0xFF, 0x00, 0x0F, 0x40, 0x00, 0x03, 0xD0, 0x01,
    0x40, 0xF4, 0x02, 0xE0, 0x3D, 0x02, 0xE0, 0x0F, 0x42, 0xF0, 0x03, 0xD1, 0xF0, 0x00, 0xF5, 0xF0,
    0x00, 0x3E, 0xF0, 0x00, 0x0F, 0xBC, 0x00, 0x03, 0xDB, 0xC0, 0x00, 0xF4, 0xBC, 0x00, 0x3D, 0x0B,
    0xC0, 0x0F, 0x40, 0xF8, 0x03, 0xD0, 0x0F, 0x80, 0xF4, 0x00, 0xF4, 0xBF, 0xF4, 0x00, 0x0F, 0x4F,
    0xFF, 0x80, 0x03, 0xE0, 0x00, 0xF8, 0x00, 0xBC, 0x00, 0x0B, 0x80, 0x2F, 0x00, 0x00, 0xB8, 0x0B,
    0xC0, 0x00, 0x0B, 0x81, 0xF0, 0x00, 0x00, 0xB8, 0x7D, 0x00, 0x00, 0x0B, 0x9F, 0x40, 0x00, 0x00,
    0xBF, 0xE0, 0x00, 0x00, 0x0B, 0xBF, 0x00, 0x00, 0x00, 0xB8, 0xF8, 0x00, 0x00, 0x0B, 0x83, 0xE0,
    0x00, 0x00, 0xB8, 0x1F, 0x40, 0x00, 0x0B, 0x80, 0x7D, 0x00, 0x00, 0xB8, 0x02, 0xF0, 0x00, 0x0B,
    0x80, 0x0B, 0xC0, 0x00, 0xB8, 0x00, 0x2F, 0x00, 0x0B, 0x80, 0x00, 0xFC, 0x15, 0x54, 0x00, 0x14,
    0xBF, 0xFC, 0x00, 0xF0, 0x15, 0xBC, 0x03, 0xD0, 0x00, 0x7C, 0x0F, 0x40, 0x00, 0x7C, 0x3E, 0x00,
    0x00, 0x7C, 0xB8, 0x00, 0x00, 0x7E, 0xF0, 0x00, 0x00, 0x7F, 0xE0, 0x00, 0x00, 0x7C, 0xF8, 0x00,
    0x00, 0x7C, 0x3D, 0x00, 0x00, 0x7C, 0x0F, 0x40, 0x00, 0x7C, 0x07, 0xD0, 0x00, 0x7C, 0x01, 0xF0,
    0x00, 0x7C, 0x00, 0x7C, 0x78, 0x00, 0x00, 0xF0, 0x2E, 0x00, 0x00, 0x3C, 0x0B, 0x80, 0x00, 0x0F,
    0x02, 0xE0, 0x00, 0x03, 0xC0, 0xB8, 0x00, 0x00, 0xF0, 0x2E, 0x00, 0x00, 0x3C, 0x0B, 0x80, 0x00,
    0x0F, 0x02, 0xF5, 0x55, 0x57, 0xC0, 0xBF, 0xFF, 0xFF, 0xF0, 0x2F, 0xAA, 0xAA, 0xBC, 0x0B, 0x80,
    0x00, 0x0F, 0x02, 0xE0, 0x00, 0x03, 0xC0, 0xB8, 0x00, 0x00, 0xF0, 0x2E, 0x00, 0x00, 0x3C, 0x0B,
    0x80, 0x00, 0x0F, 0x02, 0xE0, 0x00, 0x03, 0xC0, 0xB8, 0x00, 0x00, 0xFF, 0x2E, 0x00, 0x00, 0x3F,
    0xC0, 0x00, 0x00, 0x00, 0xF0, 0x00, 0x00, 0x00, 0x3C, 0x00, 0x00, 0x00, 0x0F, 0x00, 0x00, 0x00,
    0x03, 0xC0, 0x00, 0x00, 0x00, 0xA0, 0x50, 0x00, 0x05, 0x0F, 0x40, 0x01, 0xF0, 0xF4, 0x00, 0x1F,
    0x0F, 0x40, 0x01, 0xF0, 0xF4, 0x00, 0x1F, 0x0F, 0x40, 0x01, 0xF0, 0xFF, 0xFF, 0xFF, 0x0F, 0xFF,
    0xFF, 0xF0, 0xF4, 0x00, 0x1F, 0x0F, 0x40, 0x01, 0xF0, 0xF4, 0x00, 0x1F, 0x0F, 0x40, 0x01, 0xF0,
    0xF4, 0x00, 0x1F, 0xEF, 0x40, 0x01, 0xFF, 0x00, 0x00, 0x01, 0xF0, 0x00, 0x00, 0x1F, 0x00, 0x00,
    0x01, 0xF0, 0x00, 0x00, 0x1F, 0x00, 0x00, 0x01, 0x90, 0x78, 0x00, 0x00, 0xFF, 0xF2, 0xE0, 0x00,
    0x03, 0xFF, 0xCB, 0x80, 0x00, 0x0F, 0x00, 0x2E, 0x00, 0x00, 0x3C, 0x00, 0xB8, 0x00, 0x00, 0xF0,
    0x02, 0xE0, 0x00, 0x03, 0xC0, 0x0B, 0x80, 0x00, 0x0F, 0x00, 0x2F, 0x55, 0x55, 0x7C, 0x00, 0xBF,
    0xFF, 0xFF, 0xF0, 0x02, 0xFA, 0xAA, 0xAB, 0xC0, 0x0B, 0x80, 0x00, 0x0F, 0x00, 0x2E, 0x00, 0x00,
    0x3C, 0x00, 0xB8, 0x00, 0x00, 0xF0, 0x02, 0xE0, 0x00, 0x03, 0xC0, 0x0B, 0x80, 0x00, 0x0F, 0x00,
    0x2E, 0x00, 0x00, 0x3C, 0x00, 0xB8, 0x00, 0x00, 0xF0, 0x02, 0xE0, 0x00, 0x03, 0xC0, 0x00, 0x50,
    0x00, 0x05, 0x55, 0x3D, 0x00, 0x07, 0xFF, 0xCF, 0x40, 0x01, 0xF5, 0x53, 0xD0, 0x00, 0x7C, 0x00,
    0xF4, 0x00, 0x1F, 0x00, 0x3D, 0x00, 0x07, 0xC0, 0x0F, 0xFF, 0xFF, 0xF0, 0x03, 0xFF, 0xFF, 0xFC,
    0x00, 0xF4, 0x00, 0x1F, 0x00, 0x3D, 0x00, 0x07, 0xC0, 0x0F, 0x40, 0x01, 0xF0, 0x03, 0xD0, 0x00,
    0x7C, 0x00, 0xF4, 0x00, 0x1F, 0x00, 0x3D, 0x00, 0x07, 0xC0, 0x00, 0x7F, 0xFF, 0xFF, 0xC0, 0x00,
    0x00, 0xBF, 0xFF, 0xFF, 0xC0, 0x00, 0x00, 0xB8, 0x00, 0x03, 0xC0, 0x00, 0x00, 0xB8, 0x00, 0x03,
    0xC0, 0x00, 0x00, 0xB8, 0x00, 0x03, 0xC0, 0x00, 0x00, 0xB8, 0x00, 0x03, 0xC0, 0x00, 0x00, 0xB8,
    0x00, 0x03, 0xC0, 0x00, 0x00, 0xB8, 0x00, 0x03, 0xC0, 0x00, 0x00, 0xB8, 0x00, 0x03, 0xFF, 0xE4,
    0x00, 0xB8, 0x00, 0x03, 0xFF, 0xFF, 0x40, 0xB8, 0x00, 0x03, 0xD0, 0x1F, 0xE0, 0xB8, 0x00, 0x03,
    0xC0, 0x02, 0xF4, 0xB8, 0x00, 0x03, 0xC0, 0x00, 0xBC, 0xB8, 0x00, 0x03, 0xC0, 0x00, 0x7C, 0xB8,
    0x00, 0x03, 0xC0, 0x00, 0x3D, 0xB8, 0x00, 0x03, 0xC0, 0x00, 0x3D, 0xB8, 0x00, 0x03, 0xC0, 0x00,
    0x3D, 0xB8, 0x00, 0x03, 0xC0, 0x00, 0x3D, 0x00, 0x00, 0x00, 0x00, 0x00, 0x3D, 0x00, 0x00, 0x00,
    0x00, 0x00, 0x7C, 0x00, 0x00, 0x00, 0x00, 0x00, 0xF8, 0x00, 0x00, 0x00, 0x00, 0x03, 0xF0, 0x00,
    0x00, 0x00, 0x2F, 0xFF, 0xD0, 0x00, 0x00, 0x00, 0x1F, 0xFF, 0x00, 0x00, 0x00, 0x00, 0x00, 0x00,
    0x00, 0x55, 0x55, 0x54, 0x00, 0x03, 0xFF, 0xFF, 0xF0, 0x00, 0x0F, 0x95, 0x5B, 0xC0, 0x00, 0x3D,
    0x00, 0x0F, 0x00, 0x00, 0xF4, 0x00, 0x3C, 0x00, 0x03, 0xD0, 0x00, 0xF0, 0x00, 0x0F, 0x40, 0x03,
    0xEE, 0x80, 0x3D, 0x00, 0x0F, 0xFF, 0xE0, 0xF4, 0x00, 0x3D, 0x0B, 0xE3, 0xD0, 0x00, 0xF0, 0x07,
    0xCF, 0x40, 0x03, 0xC0, 0x0F, 0xBD, 0x00, 0x0F, 0x00, 0x2E, 0xF4, 0x00, 0x3C, 0x00, 0x7F, 0xD0,
    0x00, 0xF0, 0x01, 0xF0, 0x00, 0x00, 0x00, 0x07, 0xC0, 0x00, 0x00, 0x00, 0x2E, 0x00, 0x00, 0x00,
    0x00, 0xF4, 0x00, 0x00, 0x04, 0x0B, 0xC0, 0x00, 0x00, 0x3F, 0xFD, 0x00, 0x00, 0x00, 0xBF, 0xD0,
    0x00, 0x00, 0x00, 0x00, 0x00, 0x00, 0x00, 0x00, 0x00, 0x00, 0x06, 0xFF, 0xC0, 0x00, 0x02, 0xFF,
    0xF8, 0x00, 0x00, 0xBE, 0x00, 0x00, 0x00, 0x1F, 0x40, 0x01, 0x90, 0x02, 0xF0, 0x02, 0xFF, 0xC0,
    0x3D, 0x00, 0x7E, 0x7F, 0x03, 0xC0, 0x0F, 0x80, 0xF4, 0x7C, 0x00, 0xF4, 0x0B, 0x87, 0xC0, 0x0F,
    0x00, 0x7C, 0x7C, 0x01, 0xF0, 0x07, 0xC7, 0xC0, 0x0F, 0x00, 0x7C, 0x7C, 0x00, 0xF0, 0x0B, 0xC3,
    0xD0, 0x0F, 0x40, 0xF8, 0x2F, 0x00, 0xBC, 0x0F, 0x01, 0xF4, 0x03, 0xD3, 0xE0, 0x0B, 0xE0, 0x2F,
    0xFC, 0x00, 0x2F, 0xFB, 0xFF, 0x40, 0x00, 0x6F, 0xFF, 0xFF, 0xD0, 0x00, 0x00, 0x06, 0xFD, 0x00,
    0x00, 0x00, 0x00, 0x00, 0x00, 0x6A, 0x00, 0x00, 0x1F, 0xFC, 0x00, 0x01, 0xF9, 0x10, 0x00, 0x0F,
    0x40, 0x1A, 0x40, 0x3C, 0x03, 0xFF, 0x81, 0xF0, 0x2F, 0x1F, 0x4B, 0x80, 0xF4, 0x2E, 0x2E, 0x03,
    0xD0, 0x78, 0xB8, 0x0F, 0x41, 0xE1, 0xF0, 0x3D, 0x0B, 0x83, 0xC0, 0x7C, 0x3C, 0x0B, 0xC0, 0xFB,
    0xD0, 0x0F, 0xEB, 0xFE, 0x00, 0x0B, 0xFF, 0xFF, 0xC0, 0x00, 0x00, 0x6A, 0x00, 0x00, 0x00, 0x00,
    0x00, 0x00, 0x7F, 0xFE, 0x40, 0x1F, 0xFF, 0xFF, 0x01, 0xFD, 0x00, 0x24, 0x0F, 0xC0, 0x00, 0x00,
    0xBC, 0x00, 0x00, 0x03, 0xE0, 0x00, 0x00, 0x0F, 0x00, 0x00, 0x00, 0x7C, 0x00, 0x00, 0x01, 0xF0,
    0x00, 0x00, 0x07, 0xC0, 0x00, 0x00, 0x1F, 0x00, 0x00, 0x00, 0x7C, 0x00, 0x00, 0x00, 0xF4, 0x00,
    0x00, 0x02, 0xF0, 0x00, 0x00, 0x07, 0xE0, 0x00, 0x00, 0x0B, 0xE0, 0x00, 0x00, 0x0B, 0xFE, 0xBF,
    0x40, 0x06, 0xFF, 0xFC, 0x00, 0x00, 0xF4, 0x00, 0x00, 0x00, 0xE0, 0x00, 0x00, 0x02, 0xC0, 0x00,
    0x00, 0x0F, 0x00, 0x00, 0x02, 0xFC, 0x00, 0x00, 0x05, 0x40, 0x00, 0x00, 0x6A, 0x40, 0x1F, 0xFF,
    0xC0, 0xFD, 0x5A, 0x0F, 0x80, 0x00, 0x3C, 0x00, 0x01, 0xF0, 0x00, 0x0B, 0x80, 0x00, 0x2E, 0x00,
    0x00, 0xB8, 0x00, 0x01, 0xF0, 0x00, 0x03, 0xD0, 0x00, 0x0B, 0xC0, 0x00, 0x0F, 0xFA, 0xF0, 0x0B,
    0xFF, 0x80, 0x02, 0xD0, 0x00, 0x03, 0xC0, 0x00, 0x0B, 0x00, 0x00, 0x2C, 0x00, 0x0B, 0xF0, 0x00,
    0x15, 0x00, 0xBF, 0xFF, 0xFF, 0xEF, 0xFF, 0xFF, 0xFE, 0x00, 0x1F, 0x00, 0x00, 0x00, 0xF0, 0x00,
    0x00, 0x0F, 0x00, 0x00, 0x00, 0xF0, 0x00, 0x00, 0x0F, 0x00, 0x00, 0x00, 0xF0, 0x00, 0x00, 0x0F,
    0x00, 0x00, 0x00, 0xF0, 0x00, 0x00, 0x0F, 0x00, 0x00, 0x00, 0xF0, 0x00, 0x00, 0x0F, 0x00, 0x00,
    0x00, 0xF0, 0x00, 0x00, 0x0F, 0x00, 0x00, 0x00, 0xF0, 0x00, 0x00, 0x0F, 0xF0, 0x00, 0x00, 0xFF,
    0x00, 0x00, 0x00, 0xF0, 0x00, 0x00, 0x0F, 0x00, 0x00, 0x00, 0xF0, 0x00, 0x00, 0x0F, 0x00, 0x00,
    0x00, 0xA0, 0x00, 0x15, 0x55, 0x54, 0xBF, 0xFF, 0xFD, 0x15, 0xBD, 0x54, 0x00, 0x3C, 0x00, 0x00,
    0x3C, 0x00, 0x00, 0x3C, 0x00, 0x00, 0x3C, 0x00, 0x00, 0x3C, 0x00, 0x00, 0x3C, 0x00, 0x00, 0x3C,
    0x00, 0x00, 0x3C, 0x00, 0x00, 0x3C, 0x00, 0x00, 0x3F, 0xC0, 0x00, 0x3F, 0xC0, 0x00, 0x03, 0xC0,
    0x00, 0x03, 0xC0, 0x00, 0x03, 0xC0, 0x00, 0x03, 0xC0, 0x00, 0x02, 0x80, 0xB8, 0x00, 0x01, 0xF1,
    0xF0, 0x00, 0x0F, 0x42, 0xE0, 0x00, 0xBC, 0x03, 0xC0, 0x03, 0xD0, 0x0B, 0x80, 0x2F, 0x00, 0x0F,
    0x40, 0xF0, 0x00, 0x2F, 0x0B, 0x80, 0x00, 0x3D, 0x3C, 0x00, 0x00, 0x7E, 0xE0, 0x00, 0x00, 0xFF,
    0x00, 0x00, 0x01, 0xF8, 0x00, 0x00, 0x03, 0xC0, 0x00, 0x00, 0x0F, 0x00, 0x00, 0x00, 0x3C, 0x00,
    0x00, 0x00, 0xF0, 0x00, 0x00, 0x03, 0xC0, 0x00, 0x00, 0x0F, 0x00, 0x00, 0x00, 0x3C, 0x00, 0x00,
    0x50, 0x00, 0x05, 0x6E, 0x00, 0x03, 0xD7, 0xC0, 0x01, 0xF0, 0xF4, 0x00, 0xB8, 0x1F, 0x00, 0x3C,
    0x03, 0xC0, 0x1F, 0x00, 0xB8, 0x0F, 0x40, 0x1F, 0x03, 0xC0, 0x03, 0xD2, 0xE0, 0x00, 0xB8, 0xF0,
    0x00, 0x0F, 0x3C, 0x00, 0x02, 0xED, 0x00, 0x00, 0x7F, 0x00, 0x00, 0x0F, 0x80, 0x00, 0x03, 0xD0,
    0x00, 0x00, 0xF4, 0x00, 0x00, 0x3D, 0x00, 0x00, 0x0F, 0x40, 0x00, 0x03, 0xD0, 0x00, 0x00, 0xF4,
    0x00, 0xB8, 0x00, 0x01, 0xF1, 0xF0, 0x00, 0x0F, 0x42, 0xE0, 0x00, 0xBC, 0x03, 0xC0, 0x03, 0xD0,
    0x0B, 0x80, 0x2F, 0x00, 0x0F, 0x40, 0xF0, 0x00, 0x2F, 0x0B, 0x80, 0x00, 0x3D, 0x3C, 0x00, 0x00,
    0x7E, 0xE0, 0x00, 0x00, 0xFF, 0x00, 0x00, 0x01, 0xF8, 0x00, 0x00, 0x07, 0xD0, 0x00, 0x0F, 0xFF,
    0xFF, 0x00, 0x2F, 0xFF, 0xF8, 0x00, 0x00, 0xF0, 0x00, 0x00, 0x03, 0xC0, 0x00, 0x00, 0x0F, 0x00,
    0x00, 0x00, 0x3C, 0x00, 0x00, 0x50, 0x00, 0x05, 0x6E, 0x00, 0x03, 0xD7, 0xC0, 0x01, 0xF0, 0xF4,
    0x00, 0xB8, 0x1F, 0x00, 0x3C, 0x03, 0xC0, 0x1F, 0x00, 0xB8, 0x0F, 0x40, 0x1F, 0x03, 0xC0, 0x03,
    0xD2, 0xE0, 0x00, 0xB8, 0xF0, 0x00, 0x0F, 0x3C, 0x00, 0x03, 0xFD, 0x00, 0x00, 0x7F, 0x00, 0x00,
    0x0F, 0x80, 0x00, 0xFF, 0xFF, 0xC0, 0x2A, 0xFE, 0xA0, 0x00, 0x3D, 0x00, 0x00, 0x0F, 0x40, 0x00,
    0x03, 0xD0, 0x00, 0x00, 0xF4, 0x00, 0x3C, 0x00, 0x01, 0xE0, 0x2F, 0x00, 0x03, 0xD0, 0x0F, 0x40,
    0x0B, 0x80, 0x07, 0xC0, 0x1F, 0x00, 0x02, 0xE0, 0x3D, 0x00, 0x00, 0xF4, 0xB8, 0x00, 0x00, 0x7D,
    0xF0, 0x00, 0x00, 0x3F, 0xD0, 0x00, 0x00, 0x0F, 0xC0, 0x00, 0x00, 0x1F, 0xC0, 0x00, 0x00, 0x3E,
    0xF0, 0x00, 0x00, 0xF8, 0xF4, 0x00, 0x01, 0xF0, 0x7C, 0x00, 0x03, 0xD0, 0x2E, 0x00, 0x0B, 0x80,
    0x0F, 0x40, 0x1F, 0x00, 0x0B, 0xC0, 0x3D, 0x00, 0x03, 0xFD, 0xBC, 0x00, 0x01, 0xFD, 0x00, 0x00,
    0x00, 0x3D, 0x00, 0x00, 0x00, 0x3D, 0x00, 0x00, 0x00, 0x3D, 0x00, 0x00, 0x00, 0x3D, 0x00, 0x00,
    0x00, 0x29, 0x14, 0x00, 0x05, 0x02, 0xF0, 0x02, 0xF0, 0x0F, 0x40, 0x3C, 0x00, 0x7C, 0x0F, 0x40,
    0x02, 0xF2, 0xF0, 0x00, 0x0F, 0xBC, 0x00, 0x00, 0x3F, 0x40, 0x00, 0x03, 0xF0, 0x00, 0x00, 0xBF,
    0xC0, 0x00, 0x1F, 0x3E, 0x00, 0x03, 0xD0, 0xF4, 0x00, 0xF8, 0x07, 0xC0, 0x1F, 0x00, 0x2F, 0xD3,
    0xD0, 0x00, 0xFD, 0x00, 0x00, 0x02, 0xD0, 0x00, 0x00, 0x2D, 0x00, 0x00, 0x02, 0xD0, 0x00, 0x00,
    0x2D, 0x00, 0x00, 0x01, 0x90, 0xBF, 0xFF, 0xFF, 0xD0, 0x78, 0x3F, 0xFF, 0xFF, 0xF4, 0x2F, 0x00,
    0x02, 0xE0, 0x00, 0x0B, 0xC0, 0x00, 0xB8, 0x00, 0x02, 0xF0, 0x00, 0x2E, 0x00, 0x00, 0xBC, 0x00,
    0x0B, 0x80, 0x00, 0x2F, 0x00, 0x02, 0xE0, 0x00, 0x0B, 0xC0, 0x00, 0xB8, 0x00, 0x02, 0xF0, 0x00,
    0x2E, 0x00, 0x00, 0xBC, 0x00, 0x0B, 0x80, 0x00, 0x2F, 0x00, 0x02, 0xE0, 0x00, 0x0B, 0xC0, 0x00,
    0xB8, 0x00, 0x02, 0xF0, 0x00, 0x2E, 0x00, 0x00, 0xBC, 0x00, 0x0B, 0x80, 0x00, 0x2F, 0x00, 0x02,
    0xE0, 0x00, 0x0B, 0xC0, 0x00, 0xB8, 0x00, 0x02, 0xF0, 0x00, 0x2F, 0xFF, 0xFF, 0xFF, 0xC0, 0x0B,
    0xFF, 0xFF, 0xFF, 0xF0, 0x00, 0x00, 0x00, 0x00, 0x3C, 0x00, 0x00, 0x00, 0x00, 0x0F, 0x00, 0x00,
    0x00, 0x00, 0x03, 0xC0, 0x00, 0x00, 0x00, 0x00, 0xF0, 0x00, 0x00, 0x00, 0x00, 0x28, 0x15, 0x55,
    0x54, 0x05, 0x0B, 0xFF, 0xFF, 0xC2, 0xE0, 0x15, 0xF9, 0x54, 0x2E, 0x00, 0x0B, 0x80, 0x02, 0xE0,
    0x00, 0xB8, 0x00, 0x2E, 0x00, 0x0B, 0x80, 0x02, 0xE0, 0x00, 0xB8, 0x00, 0x2E, 0x00, 0x0B, 0x80,
    0x02, 0xE0, 0x00, 0xB8, 0x00, 0x2E, 0x00, 0x0B, 0x80, 0x02, 0xE0, 0x00, 0xB8, 0x00, 0x2E, 0x00,
    0x0B, 0x80, 0x02, 0xE0, 0x00, 0xBF, 0xFF, 0xFF, 0xE0, 0x0B, 0xFF, 0xFF, 0xFE, 0x00, 0x00, 0x00,
    0x02, 0xE0, 0x00, 0x00, 0x00, 0x2E, 0x00, 0x00, 0x00, 0x02, 0xE0, 0x00, 0x00, 0x00, 0x2E, 0x00,
    0x00, 0x00, 0x01, 0x90, 0xF0, 0x00, 0x03, 0xC0, 0xF4, 0x00, 0x03, 0xC0, 0xF4, 0x00, 0x03, 0xC0,
    0xF4, 0x00, 0x03, 0xC0, 0xF4, 0x00, 0x03, 0xC0, 0xF4, 0x00, 0x03, 0xC0, 0xF4, 0x00, 0x03, 0xC0,
    0xF4, 0x00, 0x03, 0xC0, 0xF8, 0x00, 0x07, 0xC0, 0xBE, 0x41, 0xBF, 0xC0, 0x2F, 0xFF, 0xFF, 0xC0,
    0x06, 0xFA, 0x43, 0xC0, 0x00, 0x00, 0x03, 0xC0, 0x00, 0x00, 0x03, 0xC0, 0x00, 0x00, 0x03, 0xC0,
    0x00, 0x00, 0x03, 0xC0, 0x00, 0x00, 0x03, 0xFC, 0x00, 0x00, 0x03, 0xFC, 0x00, 0x00, 0x00, 0x3C,
    0x00, 0x00, 0x00, 0x3C, 0x00, 0x00, 0x00, 0x3C, 0x00, 0x00, 0x00, 0x3C, 0x00, 0x00, 0x00, 0x28,
    0x14, 0x00, 0x05, 0x00, 0xF0, 0x00, 0x3C, 0x03, 0xC0, 0x00, 0xF0, 0x0F, 0x00, 0x03, 0xC0, 0x3C,
    0x00, 0x0F, 0x00, 0xF0, 0x00, 0x3C, 0x03, 0xD0, 0x01, 0xF0, 0x0B, 0xD1, 0x7F, 0xC0, 0x0F, 0xFF,
    0xDF, 0x00, 0x06, 0x94, 0x3C, 0x00, 0x00, 0x00, 0xF0, 0x00, 0x00, 0x03, 0xC0, 0x00, 0x00, 0x0F,
    0xF0, 0x00, 0x00, 0x3F, 0xC0, 0x00, 0x00, 0x0F, 0x00, 0x00, 0x00, 0x3C, 0x00, 0x00, 0x00, 0xF0,
    0x00, 0x00, 0x03, 0xC0, 0x00, 0x00, 0x0A, 0x00, 0xF0, 0x00, 0x03, 0xCF, 0x40, 0x00, 0x7C, 0xF4,
    0x00, 0x07, 0xCF, 0x40, 0x00, 0x7C, 0xF4, 0x00, 0x07, 0xCF, 0x40, 0x40, 0x7C, 0xF4, 0x1C, 0x07,
    0xCF, 0x41, 0xC0, 0x7C, 0xF8, 0x1C, 0x07, 0xCB, 0xE5, 0xD6, 0xFC, 0x2F, 0xFF, 0xFF, 0xC0, 0x2B,
    0xE4, 0x7C, 0x00, 0x1C, 0x07, 0xC0, 0x01, 0xC0, 0x7C, 0x00, 0x1C, 0x07, 0xC0, 0x00, 0x40, 0x7C,
    0x00, 0x00, 0x07, 0xC0, 0x00, 0x00, 0x7C, 0x14, 0x00, 0x05, 0x3C, 0x00, 0x0F, 0x3C, 0x00, 0x0F,
    0x3C, 0x00, 0x0F, 0x3C, 0x1C, 0x0F, 0x3C, 0x2C, 0x0F, 0x3C, 0x2C, 0x2F, 0x3F, 0x6E, 0xFF, 0x0F,
    0xFF, 0xDF, 0x01, 0xBC, 0x0F, 0x00, 0x2C, 0x0F, 0x00, 0x2C, 0x0F, 0x00, 0x04, 0x0F, 0x00, 0x00,
    0x0F, 0x78, 0x00, 0x00, 0x0B, 0x80, 0x00, 0x00, 0xB8, 0x00, 0x00, 0x0B, 0x80, 0x00, 0x00, 0xB8,
    0x00, 0x00, 0x0B, 0x80, 0x00, 0x00, 0xB8, 0x1A, 0xA4, 0x0B, 0xFF, 0xFF, 0xF0, 0xBF, 0xE5, 0x6F,
    0xCB, 0xC0, 0x00, 0x3D, 0xB8, 0x00, 0x03, 0xDB, 0x80, 0x00, 0x3D, 0xB8, 0x00, 0x03, 0xDB, 0x80,
    0x00, 0x3D, 0xB8, 0x00, 0x03, 0xDB, 0x80, 0x00, 0x3D, 0xB8, 0x00, 0x03, 0xDB, 0x80, 0x00, 0x3D,
    0xF4, 0x00, 0x00, 0xF4, 0x00, 0x00, 0xF4, 0x00, 0x00, 0xF4, 0x00, 0x00, 0xF4, 0x00, 0x00, 0xF4,
    0x2A, 0x40, 0xF6, 0xFF, 0xF0, 0xFF, 0x51, 0xFC, 0xFC, 0x00, 0x3C, 0xF8, 0x00, 0x3D, 0xF4, 0x00,
    0x3D, 0xF4, 0x00, 0x3D, 0xF4, 0x00, 0x3D, 0xF4, 0x00, 0x3D, 0xF4, 0x00, 0x3D, 0xF4, 0x00, 0x3D,
    0xF4, 0x00, 0x3D, 0xF4, 0x00, 0x3D, 0xF4, 0x00, 0x3D, 0x00, 0x00, 0x00, 0x00, 0x00, 0x00, 0x00,
    0x2F, 0xFE, 0x00, 0x00, 0x02, 0xFF, 0xFF, 0xD0, 0x00, 0x0B, 0xE0, 0x03, 0xF0, 0x00, 0x0F, 0x40,
    0x00, 0xF8, 0x00, 0x2E, 0x00, 0x00, 0x7C, 0x28, 0x3C, 0x00, 0x00, 0x3D, 0x78, 0x7C, 0x00, 0x00,
    0x3E, 0x7C, 0xBC, 0x00, 0x00, 0x2E, 0x3F, 0xFF, 0xFF, 0xFF, 0xFE, 0x0B, 0xFF, 0xFF, 0xFF, 0xFE,
    0x00, 0xBC, 0x00, 0x00, 0x00, 0x00, 0x7C, 0x00, 0x00, 0x00, 0x00, 0x3D, 0x00, 0x00, 0x00, 0x00,
    0x3E, 0x00, 0x00, 0x00, 0x00, 0x1F, 0x40, 0x00, 0x00, 0x00, 0x0B, 0xE0, 0x00, 0x14, 0x00, 0x02,
    0xFF, 0xAF, 0xF8, 0x00, 0x00, 0x6F, 0xFF, 0xE4, 0x00, 0x00, 0x00, 0x00, 0x00, 0x00, 0x00, 0x69,
    0x00, 0x00, 0x0B, 0xFF, 0xD0, 0x00, 0x3F, 0x42, 0xF4, 0x24, 0x7C, 0x00, 0xBC, 0x74, 0xB8, 0x00,
    0x3C, 0x78, 0xF4, 0x00, 0x3D, 0x3F, 0xFF, 0xFF, 0xFD, 0x0A, 0xFE, 0xAA, 0xA8, 0x00, 0xF0, 0x00,
    0x00, 0x00, 0xF4, 0x00, 0x00, 0x00, 0xBC, 0x00, 0x00, 0x00, 0x3E, 0x00, 0x04, 0x00, 0x1F, 0xEA,
    0xFC, 0x00, 0x02, 0xFF, 0xF4, 0x00, 0x00, 0x00, 0x00, 0x00, 0x00, 0x00, 0x00, 0x00, 0x00, 0x00,
    0x2F, 0xFE, 0x00, 0x00, 0x02, 0xFF, 0xFF, 0xD0, 0x00, 0x0B, 0xE0, 0x03, 0xF0, 0x00, 0x1F, 0x40,
    0x00, 0xF8, 0x00, 0x3E, 0x00, 0x00, 0x3C, 0x28, 0x3C, 0x00, 0x00, 0x3D, 0x78, 0x7C, 0x00, 0x00,
    0x3E, 0x7C, 0xBC, 0x00, 0x00, 0x2E, 0x3F, 0xFF, 0xFF, 0xFF, 0xFE, 0x0B, 0xFF, 0xFF, 0xFF, 0xFE,
    0x00, 0xBC, 0x00, 0x00, 0x00, 0x00, 0x7C, 0x00, 0x00, 0x00, 0x00, 0x3D, 0x00, 0x00, 0x00, 0x00,
    0x3E, 0x00, 0x00, 0x00, 0x00, 0x1F, 0x40, 0x00, 0x00, 0x00, 0x0B, 0xE0, 0x00, 0x14, 0x00, 0x02,
    0xFF, 0xAF, 0xF8, 0x00, 0x00, 0x6F, 0xFF, 0xE0, 0x00, 0x00, 0x02, 0xE0, 0x00, 0x00, 0x00, 0x02,
    0xE0, 0x00, 0x00, 0x00, 0x02, 0xE0, 0x00, 0x00, 0x00, 0x02, 0xE0, 0x00, 0x00, 0x00, 0x01, 0x90,
    0x00, 0x00, 0x00, 0x69, 0x00, 0x00, 0x0B, 0xFF, 0xD0, 0x00, 0x2F, 0x42, 0xF4, 0x24, 0x7C, 0x00,
    0xBC, 0x74, 0xB8, 0x00, 0x3C, 0x78, 0xF4, 0x00, 0x3D, 0x3F, 0xFF, 0xFF, 0xFD, 0x0A, 0xFE, 0xAA,
    0xA8, 0x00, 0xF0, 0x00, 0x00, 0x00, 0xF4, 0x00, 0x00, 0x00, 0xBC, 0x00, 0x00, 0x00, 0x3E, 0x00,
    0x04, 0x00, 0x1F, 0xEA, 0xFC, 0x00, 0x02, 0xFF, 0xF4, 0x00, 0x00, 0x3C, 0x00, 0x00, 0x00, 0x3C,
    0x00, 0x00, 0x00, 0x3C, 0x00, 0x00, 0x00, 0x3C, 0x00, 0x00, 0x00, 0x28, 0x00, 0xFF, 0xF6, 0xFF,
    0x80, 0xF4, 0x03, 0xD0, 0x0F, 0x40, 0x3D, 0x00, 0xF4, 0x03, 0xD0, 0x0F, 0x40, 0x3D, 0x00, 0xF4,
    0x03, 0xD0, 0x0F, 0x40, 0x3D, 0x00, 0xF4, 0x03, 0xD0, 0x6F, 0xE3, 0xFF, 0xD0, 0x00, 0x01, 0x90,
    0x18, 0x00, 0x00, 0x00, 0x07, 0xC1, 0xF0, 0x00, 0x00, 0x00, 0x0B, 0xFF, 0x40, 0x00, 0x00, 0x00,
    0x06, 0xA0, 0x00, 0x00, 0x00, 0x00, 0x00, 0x00, 0x00, 0x00, 0xF0, 0x00, 0x2D, 0x00, 0x0B, 0x82,
    0xF0, 0x00, 0xF4, 0x00, 0x3C, 0x03, 0xD0, 0x03, 0xD0, 0x03, 0xD0, 0x07, 0xC0, 0x0F, 0x40, 0x2F,
    0x00, 0x0B, 0xC0, 0x3D, 0x00, 0xF0, 0x00, 0x0F, 0x40, 0xF4, 0x0F, 0x80, 0x00, 0x1F, 0x03, 0xD0,
    0xBC, 0x00, 0x00, 0x2F, 0x5F, 0x97, 0xC0, 0x00, 0x00, 0x3F, 0xFF, 0xFE, 0x00, 0x00, 0x02, 0xFA,
    0xFE, 0xFC, 0x00, 0x00, 0x0F, 0x43, 0xD0, 0xF8, 0x00, 0x00, 0xF8, 0x0F, 0x40, 0xF4, 0x00, 0x07,
    0xC0, 0x3D, 0x02, 0xF0, 0x00, 0x3D, 0x00, 0xF4, 0x03, 0xE0, 0x02, 0xF0, 0x03, 0xD0, 0x07, 0xD0,
    0x1F, 0x00, 0x0F, 0x40, 0x0B, 0xC0, 0xF8, 0x00, 0x3D, 0x00, 0x0F, 0x8B, 0xC0, 0x00, 0xF4, 0x00,
    0x1F, 0x00, 0x00, 0x09, 0x01, 0x80, 0x00, 0x00, 0x3C, 0x0F, 0x00, 0x00, 0x00, 0xBE, 0xF8, 0x00,
    0x00, 0x00, 0x6E, 0x40, 0x00, 0x00, 0x00, 0x00, 0x00, 0x00, 0x50, 0x00, 0x40, 0x01, 0x43, 0xD0,
    0x0B, 0x80, 0x1F, 0x03, 0xC0, 0x2E, 0x00, 0xF0, 0x0B, 0xC0, 0xB8, 0x0F, 0x40, 0x0F, 0x42, 0xE0,
    0x7C, 0x00, 0x0F, 0x0B, 0x83, 0xC0, 0x00, 0x1F, 0xFF, 0xFD, 0x00, 0x00, 0x7F, 0xFF, 0xF4, 0x00,
    0x03, 0xD2, 0xE1, 0xF0, 0x00, 0x3E, 0x0B, 0x82, 0xF0, 0x01, 0xF0, 0x2E, 0x03, 0xD0, 0x0F, 0x40,
    0xB8, 0x07, 0xC0, 0xF8, 0x02, 0xE0, 0x0B, 0xC7, 0xC0, 0x0B, 0x80, 0x0F, 0x40, 0x78, 0x00, 0x0B,
    0x82, 0xE0, 0x00, 0xBC, 0x0B, 0x80, 0x0B, 0xC0, 0x2E, 0x00, 0xBC, 0x00, 0xB8, 0x07, 0xC0, 0x02,
    0xE0, 0x7C, 0x00, 0x0B, 0x87, 0xD0, 0x00, 0x2E, 0x3D, 0x00, 0x00, 0xBB, 0xF5, 0x00, 0x02, 0xFF,
    0xFF, 0xE0, 0x0B, 0xE5, 0x6F, 0xF0, 0x2E, 0x00, 0x07, 0xF0, 0xB8, 0x00, 0x07, 0xD2, 0xE0, 0x00,
    0x0B, 0x8B, 0x80, 0x00, 0x1F, 0x2E, 0x00, 0x00, 0x3C, 0xB8, 0x00, 0x00, 0xF2, 0xE0, 0x00, 0x07,
    0xC0, 0x00, 0x00, 0x1F, 0x00, 0x00, 0x00, 0xF8, 0x00, 0x00, 0x07, 0xD0, 0x00, 0x00, 0x7E, 0x00,
    0x0F, 0xFF, 0xF0, 0x00, 0x3F, 0xFE, 0x00, 0x00, 0x00, 0x00, 0x00, 0x50, 0x00, 0x50, 0xF4, 0x02,
    0xE0, 0xF4, 0x0B, 0x80, 0xF4, 0x2F, 0x00, 0xF4, 0x7C, 0x00, 0xF5, 0xF0, 0x00, 0xFB, 0xE4, 0x00,
    0xFF, 0xFF, 0x80, 0xF9, 0x5B, 0xF0, 0xF4, 0x01, 0xF4, 0xF4, 0x00, 0xBC, 0xF4, 0x00, 0x3C, 0xF4,
    0x00, 0x3C, 0xF4, 0x00, 0x3C, 0x00, 0x00, 0x3C, 0x00, 0x00, 0x7C, 0x00, 0x00, 0xB8, 0x00, 0x01,
    0xF0, 0x03, 0xFF, 0xD0, 0x02, 0xFF, 0x40, 0x00, 0x00, 0x00, 0x00, 0x1F, 0xFF, 0xFC, 0x00, 0x02,
    0xFF, 0xFF, 0xD0, 0x00, 0x3D, 0x00, 0x3D, 0x00, 0x03, 0xC0, 0x03, 0xD0, 0x00, 0x3C, 0x00, 0x3D,
    0x00, 0x03, 0xC0, 0x03, 0xD0, 0x00, 0x7C, 0x00, 0x3D, 0x00, 0x07, 0x80, 0x03, 0xD0, 0x00, 0xB8,
    0x00, 0x3D, 0x00, 0x0F, 0x40, 0x03, 0xD0, 0x00, 0xF0, 0x00, 0x3D, 0x00, 0x0F, 0x00, 0x03, 0xD0,
    0x01, 0xF0, 0x00, 0x3D, 0x00, 0x2E, 0x00, 0x03, 0xD0, 0x03, 0xD0, 0x00, 0x3D, 0x00, 0x3C, 0x00,
    0x03, 0xD0, 0xAF, 0x80, 0x00, 0x3F, 0xEF, 0xF0, 0x00, 0x03, 0xFD, 0x10, 0x00, 0x00, 0x03, 0xC0,
    0x00, 0x00, 0x00, 0x7C, 0x00, 0x00, 0x00, 0x0F, 0x40, 0x00, 0x00, 0x00, 0xF0, 0x00, 0x00, 0x00,
    0x1A, 0x00, 0x00, 0x55, 0x55, 0x00, 0x03, 0xFF, 0xFD, 0x00, 0x0F, 0x55, 0xF4, 0x00, 0x3C, 0x03,
    0xD0, 0x00, 0xF0, 0x0F, 0x40, 0x07, 0xC0, 0x3D, 0x00, 0x1E, 0x00, 0xF4, 0x00, 0xB8, 0x03, 0xD0,
    0x02, 0xD0, 0x0F, 0x40, 0x0F, 0x00, 0x3D, 0x00, 0x7C, 0x00, 0xF4, 0x03, 0xE0, 0x03, 0xD0, 0xBF,
    0x00, 0x0F, 0xF7, 0xF0, 0x00, 0x3F, 0xD0, 0x00, 0x00, 0x0F, 0x00, 0x00, 0x00, 0x3C, 0x00, 0x00,
    0x02, 0xE0, 0x00, 0x00, 0x0F, 0x40, 0x00, 0x00, 0x28, 0x00, 0x78, 0x00, 0x00, 0xF2, 0xE0, 0x00,
    0x03, 0xCB, 0x80, 0x00, 0x0F, 0x2E, 0x00, 0x00, 0x3C, 0xB8, 0x00, 0x00, 0xF2, 0xE0, 0x00, 0x03,
    0xCB, 0x80, 0x00, 0x0F, 0x2F, 0x55, 0x55, 0x7C, 0xBF, 0xFF, 0xFF, 0xF2, 0xFA, 0xAA, 0xAB, 0xCB,
    0x80, 0x00, 0x0F, 0x2E, 0x00, 0x00, 0x3C, 0xB8, 0x00, 0x00, 0xF2, 0xE0, 0x00, 0x03, 0xCB, 0x80,
    0x00, 0x0F, 0x2E, 0x00, 0x00, 0x3C, 0xB8, 0x00, 0x00, 0xF2, 0xE0, 0x00, 0x03, 0xC0, 0x00, 0x00,
    0x1F, 0x00, 0x00, 0x00, 0xB8, 0x00, 0x00, 0x03, 0xD0, 0x00, 0x00, 0x7F, 0x00, 0x0F, 0xEF, 0xF0,
    0x00, 0x3F, 0xFE, 0x00, 0x00, 0x00, 0x00, 0x00, 0x50, 0x00, 0x05, 0xF4, 0x00, 0x1F, 0xF4, 0x00,
    0x1F, 0xF4, 0x00, 0x1F, 0xF4, 0x00, 0x1F, 0xF4, 0x00, 0x1F, 0xFF, 0xFF, 0xFF, 0xFF, 0xFF, 0xFF,
    0xF4, 0x00, 0x1F, 0xF4, 0x00, 0x1F, 0xF4, 0x00, 0x1F, 0xF4, 0x00, 0x1F, 0xF4, 0x00, 0x1F, 0xF4,
    0x00, 0x1F, 0x00, 0x00, 0x1F, 0x00, 0x00, 0x2E, 0x00, 0x00, 0x3D, 0x00, 0x40, 0xBC, 0x00, 0xFF,
    0xF4, 0x00, 0xBF, 0xD0, 0x00, 0x00, 0x00, 0x78, 0x00, 0x00, 0xF0, 0x2E, 0x00, 0x00, 0x3C, 0x0B,
    0x80, 0x00, 0x0F, 0x02, 0xE0, 0x00, 0x03, 0xC0, 0xB8, 0x00, 0x00, 0xF0, 0x2E, 0x00, 0x00, 0x3C,
    0x0B, 0x80, 0x00, 0x0F, 0x02, 0xF5, 0x55, 0x57, 0xC0, 0xBF, 0xFF, 0xFF, 0xF0, 0x2F, 0xAA, 0xAA,
    0xBC, 0x0B, 0x80, 0x00, 0x0F, 0x02, 0xE0, 0x00, 0x03, 0xC0, 0xB8, 0x00, 0x00, 0xF0, 0x2E, 0x00,
    0x00, 0x3C, 0x0B, 0x80, 0x00, 0x0F, 0x02, 0xE0, 0x00, 0x03, 0xC0, 0xB8, 0x00, 0x00, 0xFF, 0x6E,
    0x00, 0x00, 0x3F, 0xC0, 0x00, 0x00, 0x00, 0xF0, 0x00, 0x00, 0x00, 0xB8, 0x00, 0x00, 0x00, 0x3D,
    0x00, 0x00, 0x00, 0x1F, 0x00, 0x00, 0x00, 0x0A, 0x80, 0x50, 0x00, 0x05, 0x03, 0xD0, 0x00, 0x7C,
    0x0F, 0x40, 0x01, 0xF0, 0x3D, 0x00, 0x07, 0xC0, 0xF4, 0x00, 0x1F, 0x03, 0xD0, 0x00, 0x7C, 0x0F,
    0xFF, 0xFF, 0xF0, 0x3F, 0xFF, 0xFF, 0xC0, 0xF4, 0x00, 0x1F, 0x03, 0xD0, 0x00, 0x7C, 0x0F, 0x40,
    0x01, 0xF0, 0x3D, 0x00, 0x07, 0xC0, 0xF4, 0x00, 0x1F, 0xF3, 0xD0, 0x00, 0x7F, 0xC0, 0x00, 0x00,
    0x1E, 0x00, 0x00, 0x00, 0xB4, 0x00, 0x00, 0x03, 0xC0, 0x00, 0x00, 0x1F, 0x00, 0x00, 0x00, 0x64,
    0x00, 0xF0, 0x00, 0x03, 0xCF, 0x40, 0x00, 0x3C, 0xF4, 0x00, 0x03, 0xCF, 0x40, 0x00, 0x3C, 0xF4,
    0x00, 0x03, 0xCF, 0x40, 0x00, 0x3C, 0xF4, 0x00, 0x03, 0xCF, 0x40, 0x00, 0x3C, 0xF8, 0x00, 0x07,
    0xCB, 0xE4, 0x1B, 0xFC, 0x2F, 0xFF, 0xFF, 0xC0, 0x6F, 0xA4, 0x3C, 0x00, 0x00, 0x03, 0xC0, 0x00,
    0x00, 0x3C, 0x00, 0x00, 0x03, 0xC0, 0x00, 0x00, 0x3C, 0x00, 0x00, 0x7F, 0xC0, 0x00, 0x07, 0xFC,
    0x00, 0x00, 0x7C, 0x00, 0x00, 0x07, 0xC0, 0x00, 0x00, 0x7C, 0x00, 0x00, 0x07, 0xC0, 0x00, 0x00,
    0x28, 0x00, 0x14, 0x00, 0x05, 0x0F, 0x00, 0x03, 0xC3, 0xC0, 0x00, 0xF0, 0xF0, 0x00, 0x3C, 0x3C,
    0x00, 0x0F, 0x0F, 0x00, 0x03, 0xC3, 0xD0, 0x01, 0xF0, 0xBD, 0x17, 0xFC, 0x0F, 0xFF, 0xDF, 0x00,
    0x69, 0x43, 0xC0, 0x00, 0x00, 0xF0, 0x00, 0x00, 0x3C, 0x00, 0x00, 0xFF, 0x00, 0x00, 0x3F, 0xC0,
    0x00, 0x0F, 0x00, 0x00, 0x03, 0xC0, 0x00, 0x00, 0xF0, 0x00, 0x00, 0x3C, 0x00, 0x00, 0x0A, 0x00,
    0x7F, 0x00, 0x00, 0x03, 0xF0, 0x2F, 0xD0, 0x00, 0x02, 0xFD, 0x0B, 0xF8, 0x00, 0x00, 0xFF, 0x42,
    0xEF, 0x00, 0x00, 0x7B, 0xD0, 0xB7, 0xD0, 0x00, 0x2D, 0xF4, 0x2D, 0x7C, 0x00, 0x0F, 0x3D, 0x0B,
    0x4F, 0x00, 0x07, 0x8F, 0x42, 0xE2, 0xE0, 0x03, 0xC3, 0xD0, 0xB8, 0x7C, 0x00, 0xF0, 0xF4, 0x2E,
    0x0F, 0x40, 0xB4, 0x3D, 0x0B, 0x82, 0xE0, 0x3C, 0x0F, 0x42, 0xE0, 0x3C, 0x1E, 0x03, 0xD0, 0xB8,
    0x0F, 0x4F, 0x40, 0xF4, 0x2E, 0x01, 0xF3, 0xC0, 0x3D, 0x0B, 0x80, 0x3E, 0xD0, 0x0F, 0x42, 0xE0,
    0x0B, 0xF0, 0x03, 0xD0, 0xB8, 0x01, 0xF8, 0x00, 0xFF, 0xAE, 0x00, 0x3D, 0x00, 0x3F, 0xD0, 0x00,
    0x00, 0x00, 0x00, 0xF0, 0x00, 0x00, 0x00, 0x00, 0x78, 0x00, 0x00, 0x00, 0x00, 0x3D, 0x00, 0x00,
    0x00, 0x00, 0x0F, 0x00, 0x00, 0x00, 0x00, 0x06, 0x80, 0x54, 0x00, 0x00, 0x50, 0x3F, 0x40, 0x00,
    0xFE, 0x0F, 0xF0, 0x00, 0x3F, 0x83, 0xFC, 0x00, 0x2F, 0xE0, 0xF7, 0x80, 0x0F, 0xB8, 0x3C, 0xF0,
    0x07, 0x9E, 0x0F, 0x2D, 0x03, 0xD7, 0x83, 0xC3, 0xC0, 0xF1, 0xE0, 0xF0, 0xF0, 0xB4, 0x78, 0x3C,
    0x1E, 0x3C, 0x1E, 0x0F, 0x03, 0xDE, 0x07, 0x83, 0xC0, 0xBF, 0x01, 0xE0, 0xF0, 0x0F, 0xC0, 0x7F,
    0xBC, 0x03, 0xD0, 0x1F, 0xD0, 0x00, 0x00, 0x00, 0xB0, 0x00, 0x00, 0x00, 0x3C, 0x00, 0x00, 0x00,
    0x1E, 0x00, 0x00, 0x00, 0x0B, 0x40, 0x00, 0x00, 0x02, 0x80, 0xFF, 0xF6, 0xFF, 0x80, 0xF4, 0x03,
    0xD0, 0x0F, 0x40, 0x3D, 0x00, 0xF4, 0x03, 0xD0, 0x0F, 0x40, 0x3D, 0x00, 0xF4, 0x03, 0xD0, 0x0F,
    0x40, 0x3D, 0x00, 0xF4, 0x03, 0xD0, 0x6F, 0xE3, 0xFF, 0xD0, 0x00, 0xA0, 0x09, 0x00, 0x00, 0xB4,
    0x2E, 0x00, 0x00, 0x3F, 0xFC, 0x00, 0x00, 0x06, 0x90, 0x00, 0x00, 0x00, 0x00, 0x00, 0x00, 0x03,
    0xC0, 0x00, 0x00, 0x0B, 0xE0, 0x00, 0x00, 0x0F, 0xF0, 0x00, 0x00, 0x1E, 0xB4, 0x00, 0x00, 0x3D,
    0x78, 0x00, 0x00, 0x3C, 0x3C, 0x00, 0x00, 0xB8, 0x2D, 0x00, 0x00, 0xF4, 0x1F, 0x00, 0x01, 0xF0,
    0x0F, 0x40, 0x02, 0xE0, 0x0B, 0x80, 0x03, 0xEA, 0xAB, 0xC0, 0x07, 0xFF, 0xFF, 0xD0, 0x0F, 0x95,
    0x56, 0xF0, 0x1F, 0x00, 0x00, 0xF0, 0x2E, 0x00, 0x00, 0xB8, 0x3C, 0x00, 0x00, 0x7C, 0x7C, 0x00,
    0x00, 0x3D, 0xF4, 0x00, 0x00, 0x2F, 0x06, 0x00, 0x50, 0x1E, 0x07, 0xC0, 0x3E, 0xBD, 0x00, 0x2F,
    0x80, 0x00, 0x00, 0x00, 0x01, 0xA9, 0x00, 0xFF, 0xFF, 0x03, 0x90, 0x7E, 0x00, 0x00, 0x7C, 0x00,
    0x00, 0xF0, 0x00, 0x03, 0xC0, 0xBF, 0xFF, 0x2F, 0xEA, 0xBD, 0xF4, 0x00, 0xFF, 0x80, 0x03, 0xFD,
    0x00, 0x2F, 0xBC, 0x01, 0xFD, 0xFE, 0xBE, 0xF1, 0xFF, 0xD2, 0xC0, 0x00, 0x00, 0x00, 0x00, 0x00,
    0x00, 0x00, 0x78, 0x3D, 0x00, 0x00, 0x78, 0x2D, 0x00, 0x00, 0x00, 0x00, 0x00, 0x00, 0x00, 0x00,
    0x00, 0x00, 0x03, 0xC0, 0x00, 0x00, 0x0B, 0xE0, 0x00, 0x00, 0x0F, 0xF0, 0x00, 0x00, 0x1E, 0xB4,
    0x00, 0x00, 0x3D, 0x78, 0x00, 0x00, 0x3C, 0x3C, 0x00, 0x00, 0xB8, 0x2D, 0x00, 0x00, 0xF4, 0x1F,
    0x00, 0x01, 0xF0, 0x0F, 0x40, 0x02, 0xE0, 0x0B, 0x80, 0x03, 0xEA, 0xAB, 0xC0, 0x07, 0xFF, 0xFF,
    0xD0, 0x0F, 0x95, 0x56, 0xF0, 0x1F, 0x00, 0x00, 0xF0, 0x2E, 0x00, 0x00, 0xB8, 0x3C, 0x00, 0x00,
    0x7C, 0x7C, 0x00, 0x00, 0x3D, 0xF4, 0x00, 0x00, 0x2F, 0x00, 0x00, 0x00, 0x1F, 0x0B, 0x40, 0x78,
    0x2D, 0x00, 0x00, 0x00, 0x00, 0x00, 0x00, 0x01, 0xA9, 0x00, 0xFF, 0xFF, 0x03, 0x90, 0x7E, 0x00,
    0x00, 0x7C, 0x00, 0x00, 0xF0, 0x00, 0x03, 0xC0, 0xBF, 0xFF, 0x2F, 0xEA, 0xBD, 0xF4, 0x00, 0xFF,
    0x80, 0x03, 0xFD, 0x00, 0x2F, 0xBC, 0x01, 0xFD, 0xFE, 0xBE, 0xF1, 0xFF, 0xD2, 0xC0, 0x00, 0x00,
    0x00, 0x00, 0x2F, 0xFF, 0xFF, 0xD0, 0x00, 0x03, 0xFF, 0xFF, 0xFE, 0x00, 0x00, 0xB8, 0xF8, 0x00,
    0x00, 0x00, 0x0F, 0x0F, 0x40, 0x00, 0x00, 0x02, 0xE0, 0xF4, 0x00, 0x00, 0x00, 0x3C, 0x0F, 0x40,
    0x00, 0x00, 0x0B, 0x80, 0xF4, 0x00, 0x00, 0x00, 0xF4, 0x0F, 0x95, 0x54, 0x00, 0x2F, 0x00, 0xFF,
    0xFF, 0xC0, 0x03, 0xD0, 0x0F, 0xEA, 0xA8, 0x00, 0x7E, 0xAA, 0xF4, 0x00, 0x00, 0x0F, 0xFF, 0xFF,
    0x40, 0x00, 0x01, 0xF5, 0x55, 0xF4, 0x00, 0x00, 0x3D, 0x00, 0x0F, 0x40, 0x00, 0x07, 0xC0, 0x00,
    0xF4, 0x00, 0x00, 0xF8, 0x00, 0x0F, 0x40, 0x00, 0x1F, 0x00, 0x00, 0xFF, 0xFF, 0xE3, 0xE0, 0x00,
    0x0F, 0xFF, 0xFE, 0x01, 0xA9, 0x00, 0x69, 0x00, 0x1F, 0xFF, 0xD3, 0xFF, 0xD0, 0x1E, 0x46, 0xFF,
    0x82, 0xF4, 0x00, 0x00, 0xFE, 0x00, 0xBC, 0x00, 0x00, 0xBC, 0x00, 0x3C, 0x00, 0x00, 0xBC, 0x00,
    0x3D, 0x06, 0xFF, 0xFF, 0xFF, 0xFD, 0x2F, 0xE9, 0xFE, 0xAA, 0xA8, 0x7C, 0x00, 0xBC, 0x00, 0x00,
    0xF8, 0x00, 0xBC, 0x00, 0x00, 0xF4, 0x00, 0xFD, 0x00, 0x00, 0xB8, 0x02, 0xFF, 0x00, 0x04, 0x7F,
    0xAF, 0x8B, 0xFA, 0xF8, 0x1F, 0xFD, 0x02, 0xFF, 0xF4, 0x00, 0x00, 0x00, 0x00, 0x00, 0x09, 0x01,
    0x90, 0x3C, 0x0F, 0x40, 0x7F, 0xF8, 0x00, 0x2A, 0x40, 0x00, 0x00, 0x01, 0xFF, 0xFF, 0xDB, 0xFF,
    0xFF, 0x6E, 0x00, 0x00, 0xB8, 0x00, 0x02, 0xE0, 0x00, 0x0B, 0x80, 0x00, 0x2E, 0x00, 0x00, 0xBD,
    0x55, 0x52, 0xFF, 0xFF, 0xCB, 0xEA, 0xAA, 0x2E, 0x00, 0x00, 0xB8, 0x00, 0x02, 0xE0, 0x00, 0x0B,
    0x80, 0x00, 0x2E, 0x00, 0x00, 0xB8, 0x00, 0x02, 0xFF, 0xFF, 0xDB, 0xFF, 0xFF, 0x40, 0x02, 0x00,
    0x60, 0x07, 0x80, 0xF0, 0x02, 0xFB, 0xD0, 0x00, 0x7E, 0x40, 0x00, 0x00, 0x00, 0x00, 0x6A, 0x40,
    0x07, 0xFF, 0xE0, 0x0F, 0x91, 0xF8, 0x3E, 0x00, 0x3D, 0x3C, 0x00, 0x2E, 0x7C, 0x00, 0x2F, 0xBF,
    0xFF, 0xFF, 0xBE, 0xAA, 0xAA, 0xB8, 0x00, 0x00, 0x7C, 0x00, 0x00, 0x3D, 0x00, 0x00, 0x2F, 0x40,
    0x04, 0x0F, 0xFA, 0xBC, 0x01, 0xFF, 0xF8, 0x00, 0x00, 0x00, 0x00, 0x00, 0x00, 0x00, 0x06, 0xFF,
    0xF9, 0x00, 0x1F, 0xFF, 0xFF, 0x80, 0x19, 0x00, 0x0B, 0xF0, 0x00, 0x00, 0x00, 0xF8, 0x00, 0x00,
    0x00, 0x7C, 0x00, 0x00, 0x00, 0x3D, 0x00, 0x00, 0x00, 0x2E, 0x00, 0x00, 0x00, 0x2F, 0x7F, 0xFF,
    0xFF, 0xFF, 0xBF, 0xFF, 0xFF, 0xFF, 0x7C, 0x00, 0x00, 0x2F, 0x7C, 0x00, 0x00, 0x2E, 0x3C, 0x00,
    0x00, 0x3D, 0x3D, 0x00, 0x00, 0x7C, 0x2F, 0x00, 0x00, 0xF8, 0x0F, 0xC0, 0x07, 0xF0, 0x03, 0xFE,
    0xFF, 0xC0, 0x00, 0xBF, 0xFE, 0x00, 0x00, 0x00, 0x00, 0x00, 0x06, 0xA9, 0x00, 0x3F, 0xFF, 0xD0,
    0x39, 0x07, 0xF4, 0x00, 0x00, 0xBC, 0x00, 0x00, 0x3D, 0x00, 0x00, 0x2E, 0x00, 0x00, 0x2E, 0xBF,
    0xFF, 0xFE, 0xBE, 0xAA, 0xBE, 0xB8, 0x00, 0x3D, 0x7C, 0x00, 0x3C, 0x3E, 0x00, 0xB8, 0x1F, 0xEB,
    0xF0, 0x07, 0xFF, 0x80, 0x00, 0x00, 0x00, 0x00, 0x00, 0x00, 0x00, 0x00, 0xB4, 0x3C, 0x00, 0x00,
    0xB4, 0x3C, 0x00, 0x00, 0x00, 0x00, 0x00, 0x00, 0x00, 0x00, 0x00, 0x06, 0xFF, 0xF9, 0x00, 0x1F,
    0xFF, 0xFF, 0x80, 0x19, 0x00, 0x0B, 0xF0, 0x00, 0x00, 0x00, 0xF8, 0x00, 0x00, 0x00, 0x7C, 0x00,
    0x00, 0x00, 0x3D, 0x00, 0x00, 0x00, 0x2E, 0x00, 0x00, 0x00, 0x2F, 0x7F, 0xFF, 0xFF, 0xFF, 0xBF,
    0xFF, 0xFF, 0xFF, 0x7C, 0x00, 0x00, 0x2F, 0x7C, 0x00, 0x00, 0x2E, 0x3C, 0x00, 0x00, 0x3D, 0x3D,
    0x00, 0x00, 0x7C, 0x2F, 0x00, 0x00, 0xF8, 0x0F, 0xC0, 0x07, 0xF0, 0x03, 0xFE, 0xFF, 0xC0, 0x00,
    0xBF, 0xFE, 0x00, 0x00, 0x00, 0x00, 0x00, 0x00, 0x00, 0x00, 0x0B, 0x83, 0xC0, 0x0B, 0x83, 0xC0,
    0x00, 0x00, 0x00, 0x00, 0x00, 0x00, 0x06, 0xA9, 0x00, 0x3F, 0xFF, 0xD0, 0x39, 0x07, 0xF4, 0x00,
    0x00, 0xBC, 0x00, 0x00, 0x3D, 0x00, 0x00, 0x2E, 0x00, 0x00, 0x2E, 0xBF, 0xFF, 0xFE, 0xBE, 0xAA,
    0xBE, 0xB8, 0x00, 0x3D, 0x7C, 0x00, 0x3C, 0x3E, 0x00, 0xB8, 0x1F, 0xEB, 0xF0, 0x07, 0xFF, 0x80,
    0x00, 0x00, 0x00, 0x00, 0x00, 0x00, 0x00, 0x00, 0x00, 0x00, 0x03, 0xC1, 0xE0, 0x00, 0x00, 0x00,
    0x0F, 0x07, 0x80, 0x00, 0x00, 0x00, 0x00, 0x00, 0x00, 0x00, 0x00, 0x00, 0x00, 0x00, 0x00, 0x00,
    0xF0, 0x00, 0x2D, 0x00, 0x0B, 0x82, 0xF0, 0x00, 0xF4, 0x00, 0x3C, 0x03, 0xD0, 0x03, 0xD0, 0x03,
    0xD0, 0x07, 0xC0, 0x0F, 0x40, 0x2F, 0x00, 0x0B, 0xC0, 0x3D, 0x00, 0xF0, 0x00, 0x0F, 0x40, 0xF4,
    0x0F, 0x80, 0x00, 0x1F, 0x03, 0xD0, 0xBC, 0x00, 0x00, 0x2F, 0x5F, 0x97, 0xC0, 0x00, 0x00, 0x3F,
    0xFF, 0xFE, 0x00, 0x00, 0x02, 0xFA, 0xFE, 0xFC, 0x00, 0x00, 0x0F, 0x43, 0xD0, 0xF8, 0x00, 0x00,
    0xF8, 0x0F, 0x40, 0xF4, 0x00, 0x07, 0xC0, 0x3D, 0x02, 0xF0, 0x00, 0x3D, 0x00, 0xF4, 0x03, 0xE0,
    0x02, 0xF0, 0x03, 0xD0, 0x07, 0xD0, 0x1F, 0x00, 0x0F, 0x40, 0x0B, 0xC0, 0xF8, 0x00, 0x3D, 0x00,
    0x0F, 0x8B, 0xC0, 0x00, 0xF4, 0x00, 0x1F, 0x00, 0x00, 0x00, 0x00, 0x00, 0x00, 0x00, 0x3C, 0x0F,
    0x00, 0x00, 0x00, 0xF0, 0x3C, 0x00, 0x00, 0x00, 0x00, 0x00, 0x00, 0x00, 0x00, 0x00, 0x00, 0x00,
    0x50, 0x00, 0x40, 0x01, 0x43, 0xD0, 0x0B, 0x80, 0x1F, 0x03, 0xC0, 0x2E, 0x00, 0xF0, 0x0B, 0xC0,
    0xB8, 0x0F, 0x40, 0x0F, 0x42, 0xE0, 0x7C, 0x00, 0x0F, 0x0B, 0x83, 0xC0, 0x00, 0x1F, 0xFF, 0xFD,
    0x00, 0x00, 0x7F, 0xFF, 0xF4, 0x00, 0x03, 0xD2, 0xE1, 0xF0, 0x00, 0x3E, 0x0B, 0x82, 0xF0, 0x01,
    0xF0, 0x2E, 0x03, 0xD0, 0x0F, 0x40, 0xB8, 0x07, 0xC0, 0xF8, 0x02, 0xE0, 0x0B, 0xC7, 0xC0, 0x0B,
    0x80, 0x0F, 0x40, 0x00, 0x00, 0x00, 0x00, 0xF0, 0x7C, 0x00, 0x3C, 0x1F, 0x00, 0x00, 0x00, 0x00,
    0x00, 0x00, 0x00, 0x06, 0xFF, 0xF8, 0x02, 0xFF, 0xFF, 0xD0, 0x20, 0x01, 0xFC, 0x00, 0x00, 0x0F,
    0x40, 0x00, 0x03, 0xD0, 0x00, 0x00, 0xF0, 0x00, 0x00, 0xBC, 0x00, 0x05, 0xFC, 0x00, 0xFF, 0xF8,
    0x00, 0x1A, 0xBF, 0xD0, 0x00, 0x00, 0xBC, 0x00, 0x00, 0x0B, 0x80, 0x00, 0x01, 0xF0, 0x00, 0x00,
    0x7C, 0x00, 0x00, 0x3F, 0x10, 0x00, 0x2F, 0x4F, 0xFA, 0xFF, 0x82, 0xFF, 0xFE, 0x40, 0x00, 0x00,
    0x00, 0x00, 0x00, 0x00, 0x0B, 0x83, 0xC0, 0x0B, 0x83, 0xC0, 0x00, 0x00, 0x00, 0x00, 0x00, 0x00,
    0x05, 0xA9, 0x00, 0x3F, 0xFF, 0xD0, 0x29, 0x06, 0xF4, 0x00, 0x00, 0xF8, 0x00, 0x00, 0xB8, 0x00,
    0x01, 0xF0, 0x03, 0xFF, 0x80, 0x03, 0xFF, 0xD0, 0x00, 0x01, 0xF4, 0x00, 0x00, 0x7C, 0x00, 0x00,
    0x7C, 0x00, 0x00, 0xFC, 0x3E, 0xAB, 0xF4, 0x2F, 0xFF, 0x80, 0x00, 0x00, 0x00, 0x2F, 0xFF, 0xFF,
    0x42, 0xFF, 0xFF, 0xF4, 0x00, 0x00, 0x3F, 0x00, 0x00, 0x0B, 0xC0, 0x00, 0x03, 0xE0, 0x00, 0x00,
    0xF8, 0x00, 0x00, 0x3E, 0x00, 0x00, 0x0F, 0xC0, 0x00, 0x01, 0xFF, 0xE4, 0x00, 0x0A, 0xBF, 0xE0,
    0x00, 0x00, 0x1F, 0x80, 0x00, 0x00, 0x7C, 0x00, 0x00, 0x03, 0xC0, 0x00, 0x00, 0x3C, 0x00, 0x00,
    0x0B, 0xC2, 0x00, 0x01, 0xF8, 0x3F, 0xAA, 0xFE, 0x02, 0xFF, 0xFF, 0x40, 0x00, 0x00, 0x00, 0x00,
    0x15, 0x55, 0x54, 0x7F, 0xFF, 0xFC, 0x15, 0x55, 0xF8, 0x00, 0x02, 0xE0, 0x00, 0x0B, 0xC0, 0x00,
    0x1F, 0x00, 0x00, 0x7C, 0x00, 0x00, 0xF0, 0x00, 0x03, 0xF9, 0x00, 0x03, 0xFF, 0xD0, 0x00, 0x06,
    0xF4, 0x00, 0x00, 0x7C, 0x00, 0x00, 0x3D, 0x00, 0x00, 0x2E, 0x00, 0x00, 0x2E, 0x00, 0x00, 0x3D,
    0x00, 0x00, 0x7C, 0x50, 0x01, 0xF8, 0xBF, 0xFF, 0xE0, 0x2F, 0xFE, 0x00, 0x00, 0xFF, 0xFC, 0x00,
    0x03, 0xFF, 0xF0, 0x00, 0x00, 0x00, 0x00, 0x1E, 0x00, 0x00, 0x3D, 0xB8, 0x00, 0x03, 0xF6, 0xE0,
    0x00, 0x1F, 0xDB, 0x80, 0x00, 0xFF, 0x6E, 0x00, 0x0B, 0x6D, 0xB8, 0x00, 0x7C, 0xB6, 0xE0, 0x03,
    0xC2, 0xDB, 0x80, 0x2E, 0x0F, 0x6E, 0x01, 0xF0, 0x3D, 0xB8, 0x0F, 0x40, 0xF6, 0xE0, 0xB8, 0x03,
    0xDB, 0x83, 0xC0, 0x0F, 0x6E, 0x3D, 0x00, 0x3D, 0xB9, 0xE0, 0x00, 0xF6, 0xEF, 0x00, 0x03, 0xDB,
    0xF4, 0x00, 0x0F, 0x6F, 0xC0, 0x00, 0x3D, 0xBC, 0x00, 0x00, 0xF4, 0x0F, 0xFF, 0xD0, 0x0F, 0xFF,
    0xD0, 0x00, 0x00, 0x00, 0x50, 0x00, 0x14, 0xF4, 0x00, 0xFD, 0xF4, 0x01, 0xFD, 0xF4, 0x03, 0xFD,
    0xF4, 0x0B, 0x7D, 0xF4, 0x0F, 0x3D, 0xF4, 0x3C, 0x3D, 0xF4, 0x78, 0x3D, 0xF4, 0xF0, 0x3D, 0xF6,
    0xD0, 0x3D, 0xF7, 0xC0, 0x3D, 0xFF, 0x40, 0x3D, 0xFE, 0x00, 0x3D, 0xFC, 0x00, 0x3D, 0x00, 0x00,
    0x00, 0x00, 0x03, 0xC1, 0xF0, 0x00, 0x0F, 0x03, 0xC0, 0x00, 0x00, 0x00, 0x00, 0x00, 0x00, 0x00,
    0x01, 0xE0, 0x00, 0x03, 0xDB, 0x80, 0x00, 0x3F, 0x6E, 0x00, 0x01, 0xFD, 0xB8, 0x00, 0x0F, 0xF6,
    0xE0, 0x00, 0xB6, 0xDB, 0x80, 0x07, 0xCB, 0x6E, 0x00, 0x3C, 0x2D, 0xB8, 0x02, 0xE0, 0xF6, 0xE0,
    0x1F, 0x03, 0xDB, 0x80, 0xF4, 0x0F, 0x6E, 0x0B, 0x80, 0x3D, 0xB8, 0x3C, 0x00, 0xF6, 0xE3, 0xD0,
    0x03, 0xDB, 0x9E, 0x00, 0x0F, 0x6E, 0xF0, 0x00, 0x3D, 0xBF, 0x40, 0x00, 0xF6, 0xFC, 0x00, 0x03,
    0xDB, 0xC0, 0x00, 0x0F, 0x40, 0x00, 0x00, 0x00, 0x0B, 0x83, 0xC0, 0x0B, 0x43, 0xC0, 0x00, 0x00,
    0x00, 0x00, 0x00, 0x00, 0x50, 0x00, 0x14, 0xF4, 0x00, 0xFD, 0xF4, 0x01, 0xFD, 0xF4, 0x03, 0xFD,
    0xF4, 0x0B, 0x7D, 0xF4, 0x0F, 0x3D, 0xF4, 0x3C, 0x3D, 0xF4, 0x78, 0x3D, 0xF4, 0xF0, 0x3D, 0xF6,
    0xD0, 0x3D, 0xF7, 0xC0, 0x3D, 0xFF, 0x40, 0x3D, 0xFE, 0x00, 0x3D, 0xFC, 0x00, 0x3D, 0x00, 0x00,
    0x00, 0x00, 0x00, 0x0B, 0x83, 0xC0, 0x00, 0x02, 0xD0, 0xF0, 0x00, 0x00, 0x00, 0x00, 0x00, 0x00,
    0x00, 0x00, 0x00, 0x00, 0x0B, 0xFF, 0xD0, 0x00, 0x1F, 0xFF, 0xFF, 0x00, 0x1F, 0x80, 0x07, 0xF0,
    0x0F, 0x80, 0x00, 0x3E, 0x0B, 0xC0, 0x00, 0x07, 0xC3, 0xD0, 0x00, 0x00, 0xF8, 0xF0, 0x00, 0x00,
    0x2F, 0x7C, 0x00, 0x00, 0x07, 0xDF, 0x00, 0x00, 0x01, 0xF7, 0xC0, 0x00, 0x00, 0x7D, 0xF0, 0x00,
    0x00, 0x1F, 0x7C, 0x00, 0x00, 0x0B, 0xCF, 0x40, 0x00, 0x03, 0xE2, 0xF0, 0x00, 0x01, 0xF0, 0x7D,
    0x00, 0x00, 0xF8, 0x0B, 0xE0, 0x01, 0xFC, 0x00, 0xBF, 0xEB, 0xFC, 0x00, 0x06, 0xFF, 0xF8, 0x00,
    0x00, 0x00, 0x00, 0x00, 0x00, 0x00, 0x00, 0x00, 0xF4, 0x3C, 0x00, 0x3D, 0x0F, 0x00, 0x00, 0x00,
    0x00, 0x00, 0x00, 0x00, 0x00, 0x1A, 0x90, 0x00, 0x7F, 0xFF, 0x40, 0x3E, 0x46, 0xF4, 0x3E, 0x00,
    0x2F, 0x0F, 0x00, 0x03, 0xD7, 0xC0, 0x00, 0xBA, 0xE0, 0x00, 0x2E, 0xB8, 0x00, 0x0B, 0xEE, 0x00,
    0x02, 0xE7, 0xC0, 0x00, 0xF8, 0xF4, 0x00, 0x3C, 0x2F, 0x00, 0x3F, 0x03, 0xFA, 0xBF, 0x00, 0x1F,
    0xFE, 0x00, 0x00, 0x00, 0x00, 0x00, 0x00, 0x00, 0x00, 0x00, 0x0B, 0xFF, 0xD0, 0x00, 0x1F, 0xFF,
    0xFF, 0x00, 0x1F, 0x80, 0x07, 0xF0, 0x0F, 0x80, 0x00, 0x3E, 0x0B, 0xC0, 0x00, 0x07, 0xC3, 0xD0,
    0x00, 0x00, 0xF8, 0xF0, 0x00, 0x00, 0x2F, 0x7C, 0x00, 0x00, 0x0B, 0xDF, 0xFF, 0xFF, 0xFF, 0xF7,
    0xFF, 0xFF, 0xFF, 0xFD, 0xF0, 0x00, 0x00, 0x1F, 0x7C, 0x00, 0x00, 0x0B, 0xCF, 0x40, 0x00, 0x03,
    0xE2, 0xF0, 0x00, 0x01, 0xF0, 0x7D, 0x00, 0x00, 0xF8, 0x0B, 0xE0, 0x01, 0xFC, 0x00, 0xBF, 0xEB,
    0xFC, 0x00, 0x06, 0xFF, 0xF8, 0x00, 0x00, 0x00, 0x00, 0x00, 0x00, 0x6A, 0x40, 0x01, 0xFF, 0xFD,
    0x01, 0xF9, 0x1B, 0xD0, 0xF8, 0x00, 0x7C, 0x3C, 0x00, 0x0F, 0x5F, 0x00, 0x02, 0xEB, 0xFF, 0xFF,
    0xFA, 0xFF, 0xFF, 0xFF, 0xB8, 0x00, 0x0B, 0x9F, 0x00, 0x02, 0xE3, 0xC0, 0x00, 0xF0, 0xBC, 0x00,
    0xBC, 0x0F, 0xEA, 0xFC, 0x00, 0x7F, 0xF8, 0x00, 0x00, 0x00, 0x00, 0x00, 0x00, 0x00, 0x00, 0x00,
    0x0B, 0x83, 0xC0, 0x00, 0x02, 0xD0, 0xF0, 0x00, 0x00, 0x00, 0x00, 0x00, 0x00, 0x00, 0x00, 0x00,
    0x00, 0x0B, 0xFF, 0xD0, 0x00, 0x1F, 0xFF, 0xFF, 0x00, 0x1F, 0x80, 0x07, 0xF0, 0x0F, 0x80, 0x00,
    0x3E, 0x0B, 0xC0, 0x00, 0x07, 0xC3, 0xD0, 0x00, 0x00, 0xF8, 0xF0, 0x00, 0x00, 0x2F, 0x7C, 0x00,
    0x00, 0x0B, 0xDF, 0xFF, 0xFF, 0xFF, 0xF7, 0xFF, 0xFF, 0xFF, 0xFD, 0xF0, 0x00, 0x00, 0x1F, 0x7C,
    0x00, 0x00, 0x0B, 0xCF, 0x40, 0x00, 0x03, 0xE2, 0xF0, 0x00, 0x01, 0xF0, 0x7D, 0x00, 0x00, 0xF8,
    0x0B, 0xE0, 0x01, 0xFC, 0x00, 0xBF, 0xEB, 0xFC, 0x00, 0x06, 0xFF, 0xF8, 0x00, 0x00, 0x00, 0x00,
    0x00, 0x00, 0x00, 0x00, 0x00, 0xF4, 0x3C, 0x00, 0x3C, 0x0F, 0x00, 0x00, 0x00, 0x00, 0x00, 0x00,
    0x00, 0x00, 0x1A, 0x90, 0x00, 0x7F, 0xFF, 0x40, 0x7E, 0x46, 0xF4, 0x3E, 0x00, 0x1F, 0x0F, 0x00,
    0x03, 0xD7, 0xC0, 0x00, 0xBA, 0xFF, 0xFF, 0xFE, 0xBF, 0xFF, 0xFF, 0xEE, 0x00, 0x02, 0xE7, 0xC0,
    0x00, 0xB8, 0xF0, 0x00, 0x3C, 0x2F, 0x00, 0x2F, 0x03, 0xFA, 0xBF, 0x00, 0x1F, 0xFE, 0x00, 0x00,
    0x00, 0x00, 0x00, 0x00, 0x00, 0x00, 0xF0, 0x7C, 0x00, 0x0F, 0x07, 0xC0, 0x00, 0x00, 0x00, 0x00,
    0x00, 0x00, 0x00, 0x02, 0xFF, 0xF8, 0x00, 0xBF, 0xFF, 0xF8, 0x02, 0x00, 0x1B, 0xE0, 0x00, 0x00,
    0x2F, 0x40, 0x00, 0x00, 0xFC, 0x00, 0x00, 0x07, 0xC0, 0x00, 0x00, 0x3D, 0x00, 0x00, 0x03, 0xE0,
    0x7F, 0xFF, 0xFE, 0x07, 0xFF, 0xFF, 0xE0, 0x00, 0x00, 0x3E, 0x00, 0x00, 0x03, 0xD0, 0x00, 0x00,
    0x3C, 0x00, 0x00, 0x0B, 0xC0, 0x00, 0x01, 0xF4, 0x40, 0x00, 0xBE, 0x0B, 0xFB, 0xFF, 0x80, 0x7F,
    0xFF, 0x90, 0x00, 0x00, 0x00, 0x00, 0x00, 0x00, 0x00, 0xF0, 0x78, 0x03, 0xC1, 0xE0, 0x00, 0x00,
    0x00, 0x00, 0x00, 0x00, 0x6A, 0x40, 0x0F, 0xFF, 0xE0, 0x19, 0x1B, 0xE0, 0x00, 0x03, 0xD0, 0x00,
    0x0B, 0xC0, 0x00, 0x1F, 0x0B, 0xFF, 0xFC, 0x2F, 0xFF, 0xF0, 0x00, 0x03, 0xC0, 0x00, 0x1F, 0x00,
    0x00, 0xB8, 0x00, 0x0B, 0xC3, 0xEA, 0xFD, 0x0B, 0xFF, 0xC0, 0x00, 0x00, 0x00, 0x00, 0xFF, 0xFD,
    0x00, 0x00, 0xFF, 0xFD, 0x00, 0x00, 0x00, 0x00, 0x00, 0xB8, 0x00, 0x00, 0x3C, 0x3D, 0x00, 0x00,
    0xBC, 0x2F, 0x00, 0x00, 0xF4, 0x0F, 0x40, 0x01, 0xF0, 0x0B, 0xC0, 0x03, 0xD0, 0x03, 0xD0, 0x07,
    0xC0, 0x02, 0xF0, 0x0F, 0x80, 0x00, 0xF4, 0x0F, 0x00, 0x00, 0xBC, 0x2E, 0x00, 0x00, 0x3D, 0x3C,
    0x00, 0x00, 0x2F, 0x7C, 0x00, 0x00, 0x0F, 0xF4, 0x00, 0x00, 0x0B, 0xF0, 0x00, 0x00, 0x03, 0xD0,
    0x00, 0x00, 0x0B, 0xC0, 0x00, 0x00, 0x1F, 0x40, 0x00, 0x0F, 0xFE, 0x00, 0x00, 0x0F, 0xF8, 0x00,
    0x00, 0x01, 0x00, 0x00, 0x00, 0x07, 0xFF, 0xF0, 0x01, 0xFF, 0xFC, 0x00, 0x00, 0x00, 0x01, 0x40,
    0x00, 0x15, 0xB8, 0x00, 0x0F, 0x4F, 0x00, 0x07, 0xC3, 0xD0, 0x02, 0xE0, 0x7C, 0x00, 0xF0, 0x0F,
    0x00, 0x7C, 0x02, 0xE0, 0x3D, 0x00, 0x3C, 0x0F, 0x00, 0x0F, 0x47, 0x80, 0x01, 0xE3, 0xD0, 0x00,
    0x3C, 0xF0, 0x00, 0x0B, 0xB8, 0x00, 0x00, 0xFC, 0x00, 0x00, 0x3F, 0x00, 0x00, 0x0F, 0x40, 0x00,
    0x03, 0xC0, 0x00, 0x02, 0xE0, 0x00, 0x02, 0xF0, 0x00, 0x2F, 0xF4, 0x00, 0x0B, 0xF4, 0x00, 0x00,
    0x00, 0x00, 0x00, 0x00, 0x00, 0xB8, 0x3C, 0x00, 0x00, 0xB4, 0x3C, 0x00, 0x00, 0x00, 0x00, 0x00,
    0x00, 0x00, 0x00, 0x00, 0xB8, 0x00, 0x00, 0x3C, 0x3D, 0x00, 0x00, 0xBC, 0x2F, 0x00, 0x00, 0xF4,
    0x0F, 0x40, 0x01, 0xF0, 0x0B, 0xC0, 0x03, 0xD0, 0x03, 0xD0, 0x07, 0xC0, 0x02, 0xF0, 0x0F, 0x80,
    0x00, 0xF4, 0x0F, 0x00, 0x00, 0xBC, 0x2E, 0x00, 0x00, 0x3D, 0x3C, 0x00, 0x00, 0x2F, 0x7C, 0x00,
    0x00, 0x0F, 0xF4, 0x00, 0x00, 0x0B, 0xF0, 0x00, 0x00, 0x03, 0xD0, 0x00, 0x00, 0x0B, 0xC0, 0x00,
    0x00, 0x1F, 0x40, 0x00, 0x0F, 0xFE, 0x00, 0x00, 0x0F, 0xF8, 0x00, 0x00, 0x01, 0x00, 0x00, 0x00,
    0x00, 0x00, 0x00, 0x00, 0xF0, 0x7C, 0x00, 0x3C, 0x1E, 0x00, 0x00, 0x00, 0x00, 0x00, 0x00, 0x00,
    0x14, 0x00, 0x01, 0x5B, 0x80, 0x00, 0xF4, 0xF0, 0x00, 0x7C, 0x3D, 0x00, 0x2E, 0x07, 0xC0, 0x0F,
    0x00, 0xF0, 0x07, 0xC0, 0x2E, 0x03, 0xD0, 0x03, 0xC0, 0xF0, 0x00, 0xF4, 0x78, 0x00, 0x1E, 0x3D,
    0x00, 0x03, 0xCF, 0x00, 0x00, 0xBB, 0x80, 0x00, 0x0F, 0xC0, 0x00, 0x03, 0xF0, 0x00, 0x00, 0xF4,
    0x00, 0x00, 0x3C, 0x00, 0x00, 0x2E, 0x00, 0x00, 0x2F, 0x00, 0x02, 0xFF, 0x40, 0x00, 0xBF, 0x40,
    0x00, 0x00, 0x00, 0x00, 0x00, 0x00, 0x00, 0x03, 0xD2, 0xE0, 0x00, 0x0B, 0x87, 0xC0, 0x00, 0x1E,
    0x0F, 0x00, 0x00, 0x28, 0x1C, 0x00, 0x00, 0x00, 0x00, 0x00, 0xB8, 0x00, 0x00, 0x3C, 0x3D, 0x00,
    0x00, 0xBC, 0x2F, 0x00, 0x00, 0xF4, 0x0F, 0x40, 0x01, 0xF0, 0x0B, 0xC0, 0x03, 0xD0, 0x03, 0xD0,
    0x07, 0xC0, 0x02, 0xF0, 0x0F, 0x80, 0x00, 0xF4, 0x0F, 0x00, 0x00, 0xBC, 0x2E, 0x00, 0x00, 0x3D,
    0x3C, 0x00, 0x00, 0x2F, 0x7C, 0x00, 0x00, 0x0F, 0xF4, 0x00, 0x00, 0x0B, 0xF0, 0x00, 0x00, 0x03,
    0xD0, 0x00, 0x00, 0x0B, 0xC0, 0x00, 0x00, 0x1F, 0x40, 0x00, 0x0F, 0xFE, 0x00, 0x00, 0x0F, 0xF8,
    0x00, 0x00, 0x01, 0x00, 0x00, 0x00, 0x00, 0x00, 0x00, 0x00, 0x0F, 0x87, 0xC0, 0x07, 0xC3, 0xC0,
    0x03, 0xC2, 0xD0, 0x02, 0xC0, 0xD0, 0x00, 0x00, 0x00, 0x05, 0x00, 0x00, 0x56, 0xE0, 0x00, 0x3D,
    0x3C, 0x00, 0x1F, 0x0F, 0x40, 0x0B, 0x81, 0xF0, 0x03, 0xD0, 0x3D, 0x01, 0xF0, 0x0B, 0x80, 0xB8,
    0x00, 0xF0, 0x3C, 0x00, 0x3D, 0x1F, 0x00, 0x07, 0x8F, 0x40, 0x00, 0xF3, 0xC0, 0x00, 0x2E, 0xE0,
    0x00, 0x03, 0xF0, 0x00, 0x00, 0xFC, 0x00, 0x00, 0x3D, 0x00, 0x00, 0x0F, 0x00, 0x00, 0x0B, 0x80,
    0x00, 0x07, 0xC0, 0x00, 0xBF, 0xD0, 0x00, 0x2F, 0xD0, 0x00, 0x00, 0x00, 0x00, 0x00, 0x00, 0x1F,
    0x0B, 0x80, 0x00, 0xF0, 0xB8, 0x00, 0x00, 0x00, 0x00, 0x00, 0x00, 0x00, 0x03, 0xC0, 0x00, 0x2D,
    0x3C, 0x00, 0x03, 0xD3, 0xC0, 0x00, 0x3D, 0x3C, 0x00, 0x03, 0xD3, 0xC0, 0x00, 0x3D, 0x3C, 0x00,
    0x03, 0xD3, 0xC0, 0x00, 0x3D, 0x3D, 0x00, 0x03, 0xD2, 0xF0, 0x00, 0x7D, 0x0F, 0xFA, 0xFF, 0xD0,
    0x2F, 0xFF, 0xBD, 0x00, 0x04, 0x03, 0xD0, 0x00, 0x00, 0x3D, 0x00, 0x00, 0x03, 0xD0, 0x00, 0x00,
    0x3D, 0x00, 0x00, 0x03, 0xD0, 0x00, 0x00, 0x3D, 0x00, 0x00, 0x03, 0xD0, 0x00, 0x00, 0x00, 0x07,
    0xC2, 0xD0, 0x07, 0xC2, 0xD0, 0x00, 0x00, 0x00, 0x00, 0x00, 0x00, 0x14, 0x00, 0x04, 0xB8, 0x00,
    0x2E, 0xB8, 0x00, 0x2E, 0xB8, 0x00, 0x2E, 0xB8, 0x00, 0x2E, 0x7C, 0x00, 0x2E, 0x7C, 0x00, 0x2E,
    0x3F, 0x96, 0xFE, 0x0F, 0xFF, 0xFE, 0x00, 0x54, 0x2E, 0x00, 0x00, 0x2E, 0x00, 0x00, 0x2E, 0x00,
    0x00, 0x2E, 0x00, 0x00, 0x2E, 0x7F, 0xFF, 0xFA, 0xFF, 0xFF, 0xEB, 0x80, 0x00, 0x2E, 0x00, 0x00,
    0xB8, 0x00, 0x02, 0xE0, 0x00, 0x0B, 0x80, 0x00, 0x2E, 0x00, 0x00, 0xB8, 0x00, 0x02, 0xE0, 0x00,
    0x0B, 0x80, 0x00, 0x2E, 0x00, 0x00, 0xB8, 0x00, 0x02, 0xE0, 0x00, 0x0B, 0x80, 0x00, 0x2E, 0x00,
    0x00, 0xBF, 0xC0, 0x02, 0xFF, 0x00, 0x00, 0x7C, 0x00, 0x01, 0xF0, 0x00, 0x07, 0xC0, 0x00, 0x1F,
    0x00, 0x00, 0x28, 0x00, 0x00, 0x55, 0x55, 0x3F, 0xFF, 0xDF, 0x95, 0x53, 0xD0, 0x00, 0xF4, 0x00,
    0x3D, 0x00, 0x0F, 0x40, 0x03, 0xD0, 0x00, 0xF4, 0x00, 0x3D, 0x00, 0x0F, 0x40, 0x03, 0xD0, 0x00,
    0xFF, 0x00, 0x3F, 0xD0, 0x00, 0xF4, 0x00, 0x3D, 0x00, 0x0F, 0x40, 0x03, 0xD0, 0x00, 0xA0, 0x00,
    0x00, 0x00, 0x00, 0x00, 0x00, 0x0F, 0x43, 0xC0, 0x00, 0x03, 0xD0, 0xF0, 0x00, 0x00, 0x00, 0x00,
    0x00, 0x00, 0x00, 0x00, 0x00, 0x1E, 0x00, 0x00, 0x01, 0xEB, 0x80, 0x00, 0x00, 0x7E, 0xE0, 0x00,
    0x00, 0x1F, 0xB8, 0x00, 0x00, 0x07, 0xEE, 0x00, 0x00, 0x01, 0xFB, 0x80, 0x00, 0x00, 0x7E, 0xE0,
    0x00, 0x00, 0x1F, 0xBF, 0xFE, 0x40, 0x07, 0xEF, 0xFF, 0xFD, 0x01, 0xFB, 0x80, 0x1F, 0xC0, 0x7E,
    0xE0, 0x00, 0xF8, 0x1F, 0xB8, 0x00, 0x2F, 0x07, 0xEE, 0x00, 0x07, 0xC1, 0xFB, 0x80, 0x02, 0xF0,
    0x7E, 0xE0, 0x00, 0xF8, 0x1F, 0xB8, 0x01, 0xFC, 0x07, 0xEF, 0xFF, 0xFD, 0x01, 0xFB, 0xFF, 0xF4,
    0x00, 0x7C, 0x00, 0x00, 0x00, 0x00, 0x03, 0xC0, 0xF0, 0x00, 0x0F, 0x03, 0xC0, 0x00, 0x00, 0x00,
    0x00, 0x00, 0x00, 0x00, 0x01, 0x40, 0x00, 0x00, 0x5F, 0x40, 0x00, 0x07, 0xFD, 0x00, 0x00, 0x1F,
    0xF4, 0x00, 0x00, 0x7F, 0xD0, 0x00, 0x01, 0xFF, 0xAA, 0x40, 0x07, 0xFF, 0xFF, 0xF0, 0x1F, 0xF9,
    0x57, 0xF0, 0x7F, 0xD0, 0x03, 0xD1, 0xFF, 0x40, 0x0F, 0x47, 0xFD, 0x00, 0x3D, 0x1F, 0xF4, 0x02,
    0xF0, 0x7F, 0xFF, 0xFF, 0x41, 0xFF, 0xFF, 0xE0, 0x07, 0xC0, 0x07, 0xFF, 0xFF, 0x82, 0xFF, 0xFF,
    0xE0, 0xB8, 0x00, 0x00, 0x2E, 0x00, 0x00, 0x0B, 0x80, 0x00, 0x02, 0xE0, 0x00, 0x00, 0xB8, 0x00,
    0x00, 0x2E, 0x00, 0x00, 0x7F, 0xFF, 0xE0, 0x1F, 0xFF, 0xFC, 0x00, 0xB8, 0x00, 0x00, 0x2E, 0x00,
    0x00, 0x0B, 0x80, 0x00, 0x02, 0xE0, 0x00, 0x00, 0xB8, 0x00, 0x00, 0x2E, 0x00, 0x00, 0x0B, 0xF8,
    0x00, 0x02, 0xFE, 0x00, 0x00, 0x07, 0x80, 0x00, 0x01, 0xE0, 0x00, 0x00, 0xB8, 0x00, 0x03, 0xFD,
    0x00, 0x00, 0xBD, 0x00, 0x00, 0x05, 0x55, 0x50, 0x3F, 0xFF, 0xD0, 0xF9, 0x55, 0x03, 0xD0, 0x00,
    0x0F, 0x40, 0x00, 0x3D, 0x00, 0x06, 0xFA, 0xA4, 0x3F, 0xFF, 0xE0, 0x0F, 0x40, 0x00, 0x3D, 0x00,
    0x00, 0xF4, 0x00, 0x03, 0xD0, 0x00, 0x0F, 0xE0, 0x00, 0x3F, 0xC0, 0x00, 0x0F, 0x00, 0x00, 0x3C,
    0x00, 0x00, 0xF0, 0x00, 0x3F, 0xC0, 0x00, 0xF8, 0x00, 0x00, 0x3C, 0x00, 0x01, 0xE0, 0x2F, 0x00,
    0x03, 0xD0, 0x0F, 0x40, 0x0B, 0x80, 0x07, 0xC0, 0x1F, 0x00, 0x02, 0xE0, 0x3D, 0x00, 0x00, 0xF4,
    0xB8, 0x00, 0x00, 0x7D, 0xF0, 0x00, 0x00, 0x3F, 0xD0, 0x00, 0x00, 0x0F, 0xC0, 0x00, 0x00, 0x1F,
    0xC0, 0x00, 0x00, 0x3E, 0xF0, 0x00, 0x00, 0xF8, 0xF4, 0x00, 0x01, 0xF0, 0x7C, 0x00, 0x03, 0xD0,
    0x2E, 0x00, 0x0B, 0x80, 0x0F, 0x40, 0x1F, 0x00, 0x0B, 0xC0, 0x3D, 0x00, 0x03, 0xFC, 0xBC, 0x00,
    0x01, 0xFC, 0x00, 0x00, 0x00, 0x3C, 0x00, 0x00, 0x00, 0x3C, 0x00, 0x00, 0x00, 0x3C, 0x00, 0x00,
    0x03, 0xFC, 0x00, 0x00, 0x03, 0xE0, 0x14, 0x00, 0x05, 0x02, 0xF0, 0x02, 0xF0, 0x0F, 0x40, 0x3C,
    0x00, 0x7C, 0x0F, 0x40, 0x02, 0xF2, 0xF0, 0x00, 0x0F, 0xBC, 0x00, 0x00, 0x3F, 0x40, 0x00, 0x03,
    0xF0, 0x00, 0x00, 0xBF, 0xC0, 0x00, 0x1F, 0x3E, 0x00, 0x03, 0xD0, 0xF4, 0x00, 0xF8, 0x07, 0xC0,
    0x1F, 0x00, 0x2F, 0x93, 0xD0, 0x00, 0xFD, 0x00, 0x00, 0x02, 0xD0, 0x00, 0x00, 0x2D, 0x00, 0x00,
    0x03, 0xD0, 0x00, 0x03, 0xFC, 0x00, 0x00, 0x3F, 0x40, 0x3C, 0x00, 0x01, 0xE0, 0xBC, 0x00, 0x0F,
    0x40, 0xF4, 0x00, 0xB8, 0x01, 0xF0, 0x07, 0xC0, 0x02, 0xE0, 0x3D, 0x00, 0x03, 0xD2, 0xE0, 0x00,
    0x07, 0xDF, 0x00, 0x01, 0x5F, 0xF9, 0x50, 0x1F, 0xFF, 0xFF, 0xC0, 0x6A, 0xFF, 0xAA, 0x00, 0x03,
    0xEF, 0x00, 0x00, 0x3E, 0x3D, 0x00, 0x01, 0xF0, 0x7C, 0x00, 0x0F, 0x40, 0xB8, 0x00, 0xB8, 0x00,
    0xF4, 0x07, 0xC0, 0x02, 0xF0, 0x3D, 0x00, 0x03, 0xE2, 0xF0, 0x00, 0x07, 0xC0, 0x14, 0x00, 0x05,
    0x0B, 0xC0, 0x0B, 0xC0, 0xF4, 0x03, 0xC0, 0x1F, 0x03, 0xD0, 0x02, 0xF2, 0xE0, 0x00, 0x3E, 0xF0,
    0x01, 0xFF, 0xFF, 0xE0, 0xBF, 0xFF, 0xFC, 0x00, 0xBF, 0xC0, 0x00, 0x7C, 0xF8, 0x00, 0x3D, 0x0F,
    0x40, 0x3E, 0x01, 0xF0, 0x1F, 0x00, 0x2E, 0x0F, 0x40, 0x03, 0xD0, 0x00, 0x00, 0x0D, 0x00, 0x0D,
    0x2F, 0xFC, 0xA0, 0xD2, 0x8C, 0x0A, 0x00, 0x28, 0x00, 0xA0, 0x02, 0x80, 0x0A, 0x00, 0x28, 0x00,
    0xA0, 0x02, 0x80, 0x0A, 0x00, 0x28, 0x00, 0xA0, 0x02, 0x80, 0x0A, 0x00, 0x28, 0x00, 0xA0, 0x00,
    0x00, 0x00, 0x00, 0x00, 0x1C, 0x01, 0xC0, 0x0F, 0xFE, 0x1C, 0x28, 0x1C, 0xA0, 0x02, 0x80, 0x0A,
    0x00, 0x28, 0x00, 0xA0, 0x02, 0x80, 0x0A, 0x00, 0x28, 0x00, 0xA0, 0x02, 0x80, 0x0A, 0x00, 0x28,
    0x00, 0xA0, 0x02, 0x80, 0x0A, 0x00, 0x28, 0x00, 0x00, 0xAA, 0xA3, 0xFF, 0xC5, 0x55, 0x00, 0xAA,
    0xA3, 0xFF, 0xC5, 0x55, 0x00, 0xFF, 0xFF, 0xFF, 0x7F, 0xFF, 0xFF, 0xD0, 0xAA, 0xAA, 0xA7, 0xFF,
    0xFF, 0xE5, 0x55, 0x55, 0x00, 0xAA, 0xAA, 0xAA, 0xAA, 0xAA, 0xAB, 0xFF, 0xFF, 0xFF, 0xFF, 0xFF,
    0xF5, 0x55, 0x55, 0x55, 0x55, 0x55, 0x40, 0xAA, 0xAA, 0xAA, 0xAA, 0xAA, 0xAB, 0xFF, 0xFF, 0xFF,
    0xFF, 0xFF, 0xF5, 0x55, 0x55, 0x55, 0x55, 0x55, 0x40, 0xF0, 0x1E, 0xF0, 0x1E, 0xF0, 0x1E, 0xF0,
    0x1E, 0xF0, 0x1E, 0xF0, 0x1E, 0xF0, 0x1E, 0xF0, 0x1E, 0xF0, 0x1E, 0xF0, 0x1E, 0xF0, 0x1E, 0xF0,
    0x1E, 0xF0, 0x1E, 0xF0, 0x1E, 0xF0, 0x1E, 0xF0, 0x1E, 0xF0, 0x1E, 0xF0, 0x1E, 0xF0, 0x1E, 0xF0,
    0x1E, 0xF0, 0x1E, 0xF0, 0x1E, 0xF0, 0x1E, 0xF0, 0x1E, 0xF0, 0x1E, 0x00, 0x00, 0x15, 0x55, 0x54,
    0x3F, 0xFF, 0xFD, 0x15, 0x55, 0x54, 0x00, 0x00, 0x00, 0x3F, 0xFF, 0xFD, 0x2A, 0xAA, 0xA8, 0x0B,
    0x03, 0xC2, 0xE0, 0xF4, 0x7C, 0x2F, 0x01, 0x00, 0x1F, 0x0B, 0xC3, 0xD0, 0xF0, 0x78, 0x2D, 0x01,
    0x00, 0x0F, 0x43, 0xC1, 0xF0, 0xB8, 0x3C, 0x0E, 0x01, 0x00, 0xBC, 0x1F, 0x03, 0xD0, 0xB4, 0x1E,
    0x03, 0xC0, 0x10, 0x0B, 0x03, 0x43, 0x82, 0xD2, 0xE0, 0xF0, 0xF4, 0x7C, 0x7C, 0x2E, 0x2F, 0x0F,
    0x81, 0x01, 0x40, 0x1F, 0x0F, 0x4B, 0x83, 0xD3, 0xD1, 0xF0, 0xF0, 0x78, 0x78, 0x2D, 0x2C, 0x0F,
    0x01, 0x01, 0x00, 0x0F, 0x47, 0xC0, 0xF0, 0xBC, 0x1F, 0x0F, 0x82, 0xE0, 0xF0, 0x3C, 0x0E, 0x03,
    0x81, 0xD0, 0x10, 0x04, 0x00, 0xB8, 0x3D, 0x1F, 0x0F, 0x83, 0xC1, 0xF0, 0xB4, 0x3C, 0x1E, 0x0B,
    0x43, 0xC1, 0xD0, 0x10, 0x10, 0x00, 0xF4, 0x00, 0x03, 0xD0, 0x00, 0x0B, 0x00, 0x00, 0x2C, 0x00,
    0x00, 0x70, 0x01, 0xFF, 0xFF, 0xC7, 0xAB, 0xAF, 0x00, 0x1C, 0x00, 0x00, 0x70, 0x00, 0x01, 0xC0,
    0x00, 0x0B, 0x00, 0x00, 0x2C, 0x00, 0x00, 0xB0, 0x00, 0x02, 0xD0, 0x00, 0x0B, 0x40, 0x00, 0x3D,
    0x00, 0x00, 0xF4, 0x00, 0x03, 0xD0, 0x00, 0x0F, 0x80, 0x00, 0x00, 0xF8, 0x00, 0x02, 0xD0, 0x00,
    0x0B, 0x40, 0x00, 0x1C, 0x00, 0x69, 0xB5, 0xA2, 0xFF, 0xFF, 0xD1, 0x07, 0x05, 0x00, 0x2D, 0x00,
    0x00, 0xB4, 0x00, 0x03, 0xE0, 0x00, 0x0B, 0x40, 0x00, 0x2C, 0x00, 0x10, 0x70, 0x52, 0xFF, 0xFF,
    0xD6, 0x9B, 0x5A, 0x00, 0x1C, 0x00, 0x00, 0xB4, 0x00, 0x02, 0xD0, 0x00, 0x0F, 0x80, 0x00, 0x00,
    0x00, 0x7F, 0x83, 0xFF, 0x4F, 0xFD, 0x3F, 0xF4, 0xFF, 0xC0, 0xBD, 0x00, 0x60, 0x00, 0x7D, 0x00,
    0x7F, 0xD0, 0x7F, 0xF8, 0x7F, 0xE0, 0x7F, 0x00, 0x74, 0x00, 0x00, 0x00, 0x00, 0x3D, 0x7F, 0x3E,
    0x04, 0x00, 0x00, 0x00, 0xF8, 0x03, 0xD3, 0xF0, 0x1F, 0x8F, 0x80, 0x7D, 0x04, 0x00, 0x10, 0x00,
    0x00, 0x00, 0x00, 0x0F, 0x80, 0x7C, 0x02, 0xE3, 0xF0, 0x2F, 0x40, 0xFC, 0xF8, 0x07, 0xD0, 0x3F,
    0x04, 0x00, 0x40, 0x01, 0x00, 0x00, 0x3E, 0x3F, 0x3E, 0x04, 0x00, 0x02, 0xFF, 0xDA, 0x00, 0x28,
    0x00, 0xA0, 0x02, 0x80, 0x0A, 0x00, 0x28, 0x00, 0xA0, 0x02, 0x80, 0x0A, 0x00, 0x28, 0x00, 0xA0,
    0x02, 0x80, 0x0A, 0x00, 0x28, 0x00, 0xA0, 0x02, 0x80, 0x0A, 0x00, 0x00, 0x00, 0x00, 0x01, 0xFF,
    0xE0, 0x02, 0x80, 0x0A, 0x00, 0x28, 0x00, 0xA0, 0x02, 0x80, 0x0A, 0x00, 0x28, 0x00, 0xA0, 0x02,
    0x80, 0x0A, 0x00, 0x28, 0x00, 0xA0, 0x02, 0x80, 0x0A, 0x00, 0x28, 0x00, 0xA0, 0x02, 0x80, 0x00,
    0x00, 0x0F, 0xFF, 0xFF, 0xFF, 0xFF, 0xFF, 0xFF, 0xFF, 0x0A, 0x00, 0xA0, 0x0A, 0x00, 0xA0, 0x0A,
    0x00, 0xA0, 0x0A, 0x00, 0xA0, 0x0A, 0x00, 0xA0, 0x0A, 0x00, 0xA0, 0x0A, 0x00, 0xA0, 0x0A, 0x00,
    0x00, 0x00, 0x0F, 0xFE, 0xC0, 0x0C, 0x00, 0xC0, 0x0F, 0xFF, 0x0A, 0x00, 0xA0, 0x0A, 0x00, 0xA0,
    0x0A, 0x00, 0xA0, 0x0A, 0x00, 0xA0, 0x0A, 0x00, 0xA0, 0x0A, 0x00, 0xA0, 0x0A, 0x00, 0xA0, 0x0A,
    0x00, 0x00, 0x00, 0x0B, 0xFF, 0x00, 0x30, 0x03, 0x00, 0x3F, 0xFF, 0x0A, 0x00, 0xA0, 0x0A, 0x00,
    0xA0, 0x0A, 0x00, 0xA0, 0x0A, 0x00, 0xA0, 0x0A, 0x00, 0xA0, 0x0A, 0x00, 0xA0, 0x0A, 0x00, 0xA0,
    0x0A, 0x00, 0x00, 0x00, 0x00, 0x00, 0x00, 0x00, 0x00, 0x00, 0x0F, 0xE0, 0x00, 0x2C, 0x00, 0x00,
    0x00, 0x3E, 0xB8, 0x00, 0x78, 0x00, 0x00, 0x00, 0x74, 0x2C, 0x00, 0xF0, 0x00, 0x00, 0x00, 0xB0,
    0x1D, 0x01, 0xD0, 0x00, 0x00, 0x00, 0xB0, 0x0E, 0x03, 0xC0, 0x00, 0x00, 0x00, 0xF0, 0x0E, 0x0B,
    0x40, 0x00, 0x00, 0x00, 0xB0, 0x0E, 0x0F, 0x00, 0x00, 0x00, 0x00, 0xB0, 0x1D, 0x2C, 0x2F, 0x80,
    0x1F, 0xD0, 0x78, 0x2C, 0x78, 0xFB, 0xE0, 0x7E, 0xF0, 0x3E, 0xBC, 0xF1, 0xE0, 0xF0, 0xF0, 0x38,
    0x0F, 0xE1, 0xE2, 0xC0, 0x74, 0xF0, 0x3C, 0x00, 0x03, 0xC3, 0xC0, 0x74, 0xE0, 0x2C, 0x00, 0x07,
    0x43, 0xC0, 0x78, 0xE0, 0x2C, 0x00, 0x0F, 0x03, 0xC0, 0x78, 0xE0, 0x2C, 0x00, 0x2D, 0x02, 0xC0,
    0x74, 0xF0, 0x3C, 0x00, 0x3C, 0x01, 0xD0, 0xB0, 0xF0, 0x3C, 0x00, 0xB0, 0x00, 0xF6, 0xF0, 0x79,
    0xF4, 0x01, 0xE0, 0x00, 0x7F, 0xC0, 0x2F, 0xE0, 0x00, 0x00, 0x00, 0x00, 0x00, 0x00, 0x00, 0x00,
    0x00, 0x00, 0x00, 0x00, 0x00, 0x00, 0x00, 0x00, 0x03, 0xF8, 0x00, 0x0B, 0x00, 0x00, 0x00, 0x00,
    0x00, 0x03, 0xEB, 0xC0, 0x03, 0x80, 0x00, 0x00, 0x00, 0x00, 0x01, 0xE0, 0xB4, 0x03, 0xC0, 0x00,
    0x00, 0x00, 0x00, 0x00, 0xB0, 0x1E, 0x01, 0xE0, 0x00, 0x00, 0x00, 0x00, 0x00, 0x3C, 0x03, 0x80,
    0xF0, 0x00, 0x00, 0x00, 0x00, 0x00, 0x0F, 0x00, 0xE0, 0x74, 0x00, 0x00, 0x00, 0x00, 0x00, 0x03,
    0xC0, 0x78, 0x3C, 0x00, 0x00, 0x00, 0x00, 0x00, 0x00, 0xB0, 0x1E, 0x2D, 0x2F, 0x80, 0x0B, 0xE0,
    0x07, 0xF4, 0x1E, 0x0B, 0x4F, 0x2F, 0xFC, 0x0F, 0xFE, 0x03, 0xFF, 0x43, 0xEB, 0xCB, 0x0F, 0x0B,
    0x47, 0x83, 0xC2, 0xD0, 0xF0, 0x3F, 0x83, 0x87, 0x40, 0xF2, 0xC0, 0x78, 0xF0, 0x2C, 0x00, 0x02,
    0xC2, 0xD0, 0x3C, 0xF0, 0x1E, 0x3C, 0x0B, 0x40, 0x01, 0xE0, 0xB4, 0x0F, 0x3C, 0x03, 0x8F, 0x01,
    0xD0, 0x00, 0xF0, 0x2D, 0x03, 0xCF, 0x01, 0xE3, 0xC0, 0xB4, 0x00, 0x74, 0x07, 0x40, 0xF2, 0xC0,
    0x78, 0xF0, 0x2D, 0x00, 0x3C, 0x00, 0xE0, 0x78, 0x74, 0x2D, 0x3C, 0x0F, 0x00, 0x2D, 0x00, 0x3E,
    0x7C, 0x0F, 0x6F, 0x07, 0xDB, 0x80, 0x0F, 0x00, 0x03, 0xFD, 0x01, 0xFF, 0x00, 0xBF, 0xC0, 0x00,
    0x00, 0x00, 0x00, 0x00, 0x00, 0x00, 0x00, 0x00, 0x00, 0xF0, 0x07, 0x80, 0x3C, 0x01, 0xD0, 0x0E,
    0x00, 0x70, 0x02, 0x40, 0x00, 0x00, 0xF0, 0xB8, 0x07, 0x83, 0xC0, 0x3C, 0x2D, 0x01, 0xD0, 0xF0,
    0x0E, 0x0B, 0x00, 0x70, 0x38, 0x02, 0x41, 0x80, 0x00, 0x00, 0xF0, 0xB4, 0x3C, 0x01, 0xE0, 0xF0,
    0xB4, 0x03, 0xC2, 0xD0, 0xF0, 0x07, 0x43, 0xC2, 0xC0, 0x0E, 0x0B, 0x03, 0x80, 0x1C, 0x0E, 0x0B,
    0x00, 0x24, 0x18, 0x08, 0x00, 0x78, 0x03, 0xD0, 0x0F, 0x00, 0xB4, 0x03, 0xC0, 0x1D, 0x00, 0x50,
    0x78, 0x78, 0x03, 0xD2, 0xD0, 0x0F, 0x0F, 0x00, 0xB4, 0x74, 0x03, 0xC3, 0xC0, 0x1D, 0x0D, 0x00,
    0x50, 0x50, 0x78, 0x78, 0x3C, 0x03, 0xD2, 0xD2, 0xD0, 0x0F, 0x0F, 0x0F, 0x00, 0xB4, 0x74, 0x74,
    0x03, 0xC3, 0xC3, 0xC0, 0x1D, 0x0D, 0x0D, 0x00, 0x50, 0x50, 0x50, 0x00, 0x00, 0x00, 0x0F, 0x00,
    0x01, 0xF4, 0x00, 0x3A, 0xC0, 0x07, 0x0D, 0x00, 0xE0, 0xA0, 0x1D, 0x03, 0x03, 0xC0, 0x38, 0x74,
    0x01, 0xC0, 0x00, 0x80, 0x3D, 0x0B, 0x82, 0xF0, 0x7C, 0x0F, 0x40, 0x3C, 0x01, 0xF0, 0x0B, 0xC0,
    0x2E, 0x00, 0x40, 0x08, 0x00, 0xB8, 0x00, 0xF4, 0x00, 0xF4, 0x01, 0xF0, 0x02, 0xE0, 0x1F, 0x01,
    0xF0, 0x0F, 0x40, 0xF4, 0x00, 0x40, 0x00, 0x00, 0x00, 0x00, 0x00, 0x00, 0x40, 0x02, 0xD0, 0x00,
    0x43, 0xC0, 0x0F, 0x80, 0x0F, 0x07, 0xC0, 0x2D, 0x00, 0xF0, 0x07, 0xC0, 0x00, 0x0F, 0x40, 0x07,
    0xC0, 0x00, 0xF4, 0x00, 0x07, 0xC0, 0x0F, 0x40, 0x00, 0x07, 0xC0, 0xF4, 0x00, 0x10, 0x07, 0xDF,
    0x40, 0x12, 0xF0, 0x07, 0xF4, 0x03, 0xEB, 0xC0, 0x0F, 0xC0, 0x0F, 0x89, 0x00, 0xFB, 0xC0, 0x18,
    0x00, 0x0F, 0x47, 0xC0, 0x00, 0x00, 0xF4, 0x07, 0xC0, 0x00, 0x0F, 0x40, 0x07, 0xC0, 0x00, 0xF4,
    0x00, 0x07, 0xC0, 0x0F, 0x40, 0x60, 0x07, 0xC0, 0xF4, 0x03, 0xE0, 0x07, 0xC2, 0x40, 0x0F, 0x80,
    0x06, 0x00, 0x00, 0x04, 0x00, 0x00, 0x3E, 0x03, 0xD3, 0xE0, 0x3D, 0x3E, 0x03, 0xD3, 0xE0, 0x3D,
    0x3D, 0x03, 0xC2, 0xD0, 0x3C, 0x2D, 0x03, 0xC2, 0xD0, 0x3C, 0x2D, 0x03, 0xC2, 0xC0, 0x3C, 0x1C,
    0x02, 0xC1, 0xC0, 0x2C, 0x1C, 0x02, 0xC0, 0x00, 0x00, 0x00, 0x00, 0x03, 0xE0, 0x3D, 0x3F, 0x07,
    0xE3, 0xE0, 0x7D, 0x04, 0x00, 0x40, 0x00, 0x00, 0x00, 0x6F, 0xFD, 0x07, 0xFE, 0xBD, 0x04, 0xF4,
    0x3C, 0x02, 0xD0, 0xB4, 0x0B, 0x42, 0xD0, 0x2D, 0x0F, 0x00, 0xB4, 0x7C, 0x02, 0xC7, 0xC0, 0x0B,
    0xBC, 0x00, 0x1F, 0xC0, 0x00, 0x7C, 0x00, 0x01, 0xE0, 0x00, 0x07, 0x40, 0x00, 0x00, 0x00, 0x00,
    0x00, 0x00, 0x01, 0xD0, 0x00, 0x0F, 0xC0, 0x00, 0x2F, 0x00, 0x00, 0x10, 0x00, 0x2A, 0xAA, 0xAA,
    0x93, 0xFF, 0xFF, 0xFE, 0x00, 0x00, 0x00, 0x00, 0xC0, 0x00, 0x00, 0xD2, 0x80, 0x00, 0x0B, 0x03,
    0xC0, 0x00, 0xB0, 0x03, 0xE5, 0x6F, 0x00, 0x01, 0xBF, 0xD0, 0x00, 0x00, 0x2B, 0xA4, 0x00, 0x0B,
    0xEA, 0xFC, 0x00, 0xB4, 0x00, 0x3C, 0x0B, 0x00, 0x00, 0x2C, 0x30, 0x00, 0x00, 0x34, 0x00, 0x00,
    0x00, 0x00, 0x00, 0x00, 0x00, 0x00, 0xE0, 0x00, 0x74, 0x00, 0x2C, 0x00, 0x0D, 0x00, 0x0B, 0x00,
    0x03, 0x80, 0x01, 0xC0, 0x00, 0xE0, 0x00, 0x74, 0x00, 0x3E, 0x00, 0x0E, 0xC0, 0x0B, 0x34, 0x03,
    0x4B, 0x02, 0xC0, 0xD0, 0xE0, 0x28, 0x70, 0x07, 0x00, 0x00, 0x00, 0x00, 0x3C, 0x00, 0x00, 0x00,
    0x00, 0x00, 0x00, 0x3C, 0x00, 0x00, 0x00, 0x00, 0x00, 0x00, 0x3C, 0x00, 0x00, 0x00, 0x00, 0x00,
    0x50, 0x3C, 0x04, 0x00, 0x00, 0x00, 0x00, 0xBE, 0x7D, 0xBE, 0x00, 0x00, 0x00, 0x00, 0xBF, 0xFF,
    0xFE, 0x00, 0x00, 0x00, 0x00, 0x00, 0xBE, 0x00, 0x00, 0x00, 0x00, 0x00, 0x01, 0xEF, 0x40, 0x00,
    0x00, 0x00, 0x00, 0x03, 0xC7, 0xC0, 0x00, 0x00, 0x00, 0x00, 0x0F, 0xC3, 0xF0, 0x00, 0x00, 0x00,
    0x00, 0x07, 0x41, 0xD0, 0x00, 0x00, 0x00, 0x29, 0x00, 0x00, 0x00, 0x68, 0x00, 0x00, 0x3D, 0x00,
    0x00, 0x00, 0x78, 0x00, 0x00, 0x3C, 0x00, 0x00, 0x00, 0x78, 0x00, 0x00, 0x2C, 0x00, 0x00, 0x00,
    0x38, 0x00, 0x7D, 0x2C, 0x6F, 0x00, 0xF9, 0x34, 0xBD, 0xBF, 0xFF, 0xFF, 0x00, 0xFF, 0xFF, 0xFD,
    0x01, 0xBF, 0x40, 0x00, 0x05, 0xFD, 0x40, 0x00, 0xFB, 0x40, 0x00, 0x01, 0xEE, 0x00, 0x02, 0xE3,
    0xC0, 0x00, 0x03, 0xCB, 0x80, 0x07, 0xC2, 0xF0, 0x00, 0x0F, 0x83, 0xD0, 0x0B, 0x80, 0xF0, 0x00,
    0x0F, 0x03, 0xD0, 0x00, 0x00, 0x40, 0x00, 0x01, 0x00, 0x00, 0xAA, 0xA3, 0xFF, 0xC5, 0x55, 0x00,
    0x00, 0x00, 0x03, 0x80, 0x00, 0x02, 0xC0, 0x00, 0x01, 0xE0, 0x00, 0x00, 0xF0, 0x00, 0x00, 0xB4,
    0x00, 0x00, 0x38, 0x00, 0x00, 0x2C, 0x00, 0x00, 0x1E, 0x00, 0x00, 0x0F, 0x00, 0x00, 0x0B, 0x40,
    0x00, 0x03, 0x80, 0x00, 0x03, 0xC0, 0x00, 0x01, 0xD0, 0x00, 0x00, 0xF0, 0x00, 0x00, 0xB0, 0x00,
    0x00, 0x78, 0x00, 0x00, 0x3C, 0x00, 0x00, 0x1D, 0x00, 0x00, 0x00, 0x3F, 0xF4, 0xFF, 0xD3, 0xC0,
    0x0F, 0x00, 0x3C, 0x00, 0xF0, 0x03, 0xC0, 0x0F, 0x00, 0x3C, 0x00, 0xF0, 0x03, 0xFF, 0x4F, 0xFD,
    0x3C, 0x00, 0xF0, 0x03, 0xC0, 0x0F, 0x00, 0x3C, 0x00, 0xF0, 0x03, 0xC0, 0x0F, 0x00, 0x3F, 0xF4,
    0xFF, 0xD0, 0x7F, 0xF1, 0xFF, 0xD0, 0x0F, 0x40, 0x3D, 0x00, 0xF4, 0x03, 0xD0, 0x0F, 0x40, 0x3D,
    0x00, 0xF4, 0x03, 0xD7, 0xFF, 0x5F, 0xFD, 0x00, 0xF4, 0x03, 0xD0, 0x0F, 0x40, 0x3D, 0x00, 0xF4,
    0x03, 0xD0, 0x0F, 0x40, 0x3D, 0x7F, 0xF5, 0xFF, 0xC0, 0x00, 0x00, 0x00, 0x00, 0x00, 0x06, 0xFF,
    0x80, 0x2F, 0xFE, 0x0B, 0xFF, 0xFD, 0x3F, 0xFF, 0xF0, 0x90, 0x0B, 0xC5, 0x00, 0x7D, 0x00, 0x00,
    0xF0, 0x00, 0x0B, 0x80, 0x00, 0x3C, 0x00, 0x01, 0xE0, 0x00, 0x0F, 0x00, 0x00, 0xB8, 0x00, 0x0B,
    0x80, 0x00, 0x3C, 0x00, 0x0B, 0xC0, 0x00, 0x7D, 0x00, 0x0F, 0xC0, 0x00, 0x7D, 0x00, 0x0F, 0x80,
    0x00, 0x3D, 0x00, 0x07, 0xC0, 0x00, 0x2D, 0x00, 0x01, 0xD0, 0x00, 0x0F, 0x00, 0x00, 0x74, 0x00,
    0x03, 0xC0, 0x00, 0x00, 0x00, 0x00, 0x00, 0x00, 0x00, 0x00, 0x00, 0x00, 0x00, 0x02, 0xE0, 0x00,
    0x0F, 0x00, 0x00, 0xFC, 0x00, 0x0B, 0xE0, 0x00, 0x3F, 0x00, 0x01, 0xF4, 0x00, 0x01, 0x00, 0x00,
    0x00, 0x00, 0x00, 0x00, 0x00, 0x00, 0x1B, 0xFE, 0x00, 0xBC, 0xBF, 0xFF, 0xD0, 0xBC, 0x24, 0x02,
    0xF0, 0xBC, 0x00, 0x00, 0xF0, 0xBC, 0x00, 0x00, 0xF0, 0xB8, 0x00, 0x00, 0xF0, 0x78, 0x00, 0x02,
    0xE0, 0x78, 0x00, 0x0B, 0xC0, 0x78, 0x00, 0x3F, 0x00, 0x78, 0x00, 0xF8, 0x00, 0x74, 0x01, 0xF0,
    0x00, 0x34, 0x01, 0xD0, 0x00, 0x34, 0x01, 0xD0, 0x00, 0x34, 0x00, 0x00, 0x00, 0x00, 0x00, 0x00,
    0x00, 0x00, 0x02, 0xE0, 0x00, 0xB8, 0x03, 0xF0, 0x00, 0xFC, 0x03, 0xF0, 0x00, 0xFC, 0x00, 0x40,
    0x00, 0x10, 0x00, 0x00, 0x00, 0x00, 0x3E, 0x06, 0xFF, 0xD0, 0x3E, 0x1F, 0xFF, 0xF4, 0x3E, 0x09,
    0x00, 0xBC, 0x3E, 0x00, 0x00, 0x3D, 0x3D, 0x00, 0x00, 0x2D, 0x2D, 0x00, 0x00, 0x3D, 0x2D, 0x00,
    0x00, 0xBC, 0x2D, 0x00, 0x02, 0xF0, 0x2D, 0x00, 0x0B, 0xC0, 0x2C, 0x00, 0x2F, 0x00, 0x1C, 0x00,
    0x3C, 0x00, 0x1C, 0x00, 0x78, 0x00, 0x1C, 0x00, 0x74, 0x00, 0x00, 0x00, 0x00, 0x00, 0x00, 0x00,
    0x00, 0x00, 0x3E, 0x00, 0x7C, 0x00, 0x3F, 0x00, 0xFC, 0x00, 0x3E, 0x00, 0xBC, 0x00, 0x04, 0x00,
    0x10, 0x00, 0x15, 0x55, 0x55, 0x4F, 0xFF, 0xFF, 0xF1, 0x55, 0x55, 0xB8, 0x00, 0x00, 0x3C, 0x00,
    0x00, 0x3D, 0x00, 0x00, 0x1E, 0x00, 0x00, 0x0F, 0x00, 0x00, 0x0B, 0x80, 0x00, 0x07, 0xC0, 0x00,
    0x03, 0xD0, 0x00, 0x02, 0xE0, 0x00, 0x00, 0xF0, 0x00, 0x00, 0xF8, 0x00, 0x00, 0x7C, 0x00, 0x00,
    0xBF, 0xFF, 0xE0, 0x2D, 0x7F, 0xFF, 0x4B, 0x0B, 0xFF, 0xF2, 0xC2, 0xFF, 0xFD, 0xB0, 0xBF, 0xFF,
    0xAC, 0x2F, 0xFF, 0xEB, 0x0B, 0xFF, 0xFA, 0xC2, 0xFF, 0xFE, 0xB0, 0xBF, 0xFF, 0x6C, 0x2F, 0xFF,
    0xCB, 0x0B, 0xFF, 0xE2, 0xC2, 0xFF, 0xE0, 0xB0, 0xB5, 0x40, 0x2C, 0x2C, 0x00, 0x0B, 0x0B, 0x00,
    0x02, 0xC2, 0xC0, 0x00, 0xB0, 0xB0, 0x00, 0x2C, 0x2C, 0x00, 0x0B, 0x0B, 0x00, 0x02, 0xC2, 0xC0,
    0x00, 0xB0, 0xB0, 0x00, 0x2C, 0x2C, 0x00, 0x00, 0x00, 0x00, 0x00, 0x00, 0x55, 0x55, 0x42, 0xFF,
    0xFF, 0xF2, 0xFF, 0xFD, 0x7C, 0xFF, 0xFF, 0x0F, 0x7F, 0xFF, 0xC3, 0xEF, 0xFF, 0xF0, 0xFB, 0xFF,
    0xFC, 0x3E, 0xFF, 0xFF, 0x0F, 0xBF, 0xFF, 0xC3, 0xDF, 0xFF, 0xF0, 0xF3, 0xFF, 0xFC, 0x3C, 0x7F,
    0xFF, 0xAF, 0x06, 0xFF, 0xFF, 0xC0, 0x00, 0x00, 0x00, 0x55, 0x55, 0x40, 0x3F, 0xFF, 0xFE, 0x0F,
    0x5F, 0xFF, 0xE3, 0x83, 0xFF, 0xFC, 0xE0, 0xFF, 0xFF, 0x78, 0x3F, 0xFF, 0xEE, 0x0F, 0xFF, 0xFB,
    0x83, 0xFF, 0xFE, 0xE0, 0xFF, 0xFF, 0xB8, 0x3F, 0xFF, 0xDE, 0x0F, 0xFF, 0xF3, 0xEB, 0xFF, 0xF4,
    0xFF, 0xFF, 0xE0, 0x00, 0x00, 0x00, 0x00, 0x00, 0x7C, 0x00, 0x00, 0x3C, 0x00, 0x00, 0x3C, 0x00,
    0x40, 0x38, 0x04, 0xFE, 0x79, 0xFE, 0xBF, 0xFF, 0xFE, 0x00, 0xFD, 0x00, 0x01, 0xEF, 0x00, 0x03,
    0xC7, 0xC0, 0x0F, 0x83, 0xE0, 0x0B, 0x01, 0xD0, 0x00, 0x00, 0x00, 0x68, 0x3F, 0x0F, 0xC0, 0x90,
    0x00, 0x00, 0x00, 0x00, 0x00, 0x00, 0x00, 0x00, 0x01, 0xF0, 0x7C, 0x0F, 0x42, 0xE0, 0x3C, 0x0F,
    0x00, 0x00, 0x00, 0x2B, 0xA4, 0x00, 0x0B, 0xEA, 0xFC, 0x00, 0xB4, 0x00, 0x3C, 0x0B, 0x00, 0x00,
    0x2C, 0x30, 0x00, 0x00, 0x34, 0x00, 0x00, 0x00, 0x00, 0x00, 0x00, 0x00, 0x00, 0x00, 0x00, 0x00,
    0x00, 0x00, 0x00, 0x00, 0x00, 0x00, 0x00, 0x00, 0x00, 0x00, 0x00, 0x00, 0x00, 0x00, 0x00, 0x00,
    0x00, 0x00, 0x00, 0x00, 0x00, 0x00, 0x00, 0x00, 0x00, 0x00, 0x00, 0x00, 0x00, 0x00, 0x00, 0x00,
    0x00, 0x00, 0x00, 0x00, 0x00, 0x00, 0x00, 0x00, 0x00, 0x00, 0x00, 0x00, 0x00, 0x00, 0x00, 0x00,
    0x00, 0xC0, 0x00, 0x00, 0xD2, 0x80, 0x00, 0x0B, 0x03, 0xC0, 0x00, 0xB0, 0x03, 0xE5, 0x6F, 0x00,
    0x01, 0xBF, 0xD0, 0x00, 0x00, 0x7C, 0x00, 0x00, 0x3C, 0x00, 0x00, 0x3C, 0x00, 0x40, 0x38, 0x04,
    0xFE, 0x79, 0xFE, 0xBF, 0xFF, 0xFE, 0x00, 0xFD, 0x00, 0x01, 0xEF, 0x00, 0x03, 0xC7, 0xC0, 0x0F,
    0x83, 0xE0, 0x0B, 0x01, 0xD0, 0x00, 0x00, 0x00, 0x00, 0x00, 0x00, 0x00, 0x7C, 0x00, 0x00, 0x3C,
    0x00, 0x00, 0x3C, 0x00, 0x40, 0x38, 0x04, 0xFE, 0x79, 0xFE, 0xBF, 0xFF, 0xFE, 0x00, 0xFD, 0x00,
    0x01, 0xEF, 0x00, 0x03, 0xC7, 0xC0, 0x0F, 0x83, 0xE0, 0x0B, 0x01, 0xD0, 0x00, 0x00, 0x00, 0x00,
    0x00, 0x0B, 0xC0, 0x3C, 0xFC, 0x07, 0x87, 0x80, 0xB0, 0x00, 0x0F, 0x00, 0x02, 0xD0, 0x00, 0x3C,
    0x00, 0x07, 0x80, 0x00, 0xB0, 0x00, 0x0F, 0x00, 0x01, 0xD0, 0x00, 0x3C, 0x00, 0x07, 0x80, 0x00,
    0xB4, 0x00, 0x0F, 0x00, 0x01, 0xD0, 0x00, 0x3C, 0x07, 0x83, 0x80, 0xBC, 0xB4, 0x0B, 0xC0, 0x00,
    0x00, 0x00, 0x14, 0x00, 0x00, 0x00, 0x00, 0x1F, 0xFF, 0xE4, 0x00, 0x02, 0xC0, 0xF5, 0x6F, 0xFE,
    0x40, 0x2D, 0x0B, 0x00, 0x01, 0xBF, 0xFF, 0xE0, 0x20, 0x00, 0x00, 0x06, 0xA8, 0x00, 0x00, 0x05,
    0x50, 0x00, 0x07, 0xFF, 0xF4, 0x00, 0x78, 0x00, 0x78, 0x07, 0x40, 0x00, 0x38, 0x34, 0x00, 0x00,
    0x34, 0x80, 0x00, 0x00, 0x40, 0x00, 0x06, 0x00, 0x00, 0x00, 0xB0, 0x00, 0x0B, 0x0B, 0x0B, 0x00,
    0x7C, 0xB2, 0xD0, 0x01, 0xFF, 0xB4, 0x00, 0x07, 0xFE, 0x00, 0x7F, 0xFF, 0xFF, 0xD2, 0xAB, 0xFE,
    0xA8, 0x00, 0xBF, 0xF0, 0x00, 0x2D, 0xB7, 0xC0, 0x0B, 0x4B, 0x1F, 0x00, 0x10, 0xB0, 0x50, 0x00,
    0x0B, 0x00, 0x00, 0x00, 0x00, 0x00, 0x00, 0x00, 0x00, 0x00, 0x03, 0xD0, 0x00, 0x1F, 0x80, 0x00,
    0x28, 0x00, 0x00, 0x00, 0x00, 0x00, 0x00, 0x00, 0x00, 0x00, 0x00, 0x00, 0x10, 0x00, 0x02, 0xF0,
    0x00, 0x0B, 0xC0, 0x00, 0x09, 0x00, 0x00, 0x00, 0x00, 0x00, 0x00, 0x00, 0x00, 0x00, 0x00, 0x00,
    0x00, 0x00, 0x00, 0x00, 0x60, 0x00, 0x03, 0xE0, 0x00, 0x0F, 0x40, 0x00, 0x14, 0x00, 0xF0, 0xB4,
    0x78, 0x3C, 0x01, 0xE0, 0xF0, 0xF0, 0xB4, 0x03, 0xC2, 0xC1, 0xD0, 0xE0, 0x07, 0x43, 0x83, 0xC2,
    0xC0, 0x0E, 0x0B, 0x07, 0x03, 0x40, 0x1C, 0x0D, 0x0E, 0x0B, 0x00, 0x24, 0x18, 0x08, 0x08, 0x00,
    0x00, 0x00, 0x00, 0x00, 0x00, 0x00, 0x03, 0xD0, 0x00, 0x00, 0x00, 0x1F, 0x80, 0x00, 0x00, 0x00,
    0x28, 0x00, 0x00, 0x00, 0x00, 0x00, 0x00, 0x00, 0x00, 0x00, 0x00, 0x00, 0x00, 0x00, 0x00, 0x00,
    0x00, 0x00, 0x00, 0x00, 0x00, 0x00, 0x10, 0x00, 0x00, 0x00, 0x42, 0xF0, 0x00, 0x00, 0x0B, 0xCB,
    0xC0, 0x00, 0x00, 0x2F, 0x09, 0x00, 0x00, 0x00, 0x24, 0x00, 0x00, 0x00, 0x00, 0x00, 0x00, 0x00,
    0x00, 0x00, 0x00, 0x00, 0x00, 0x00, 0x00, 0x00, 0x00, 0x00, 0x00, 0x00, 0x00, 0x00, 0x60, 0x00,
    0x00, 0x00, 0x03, 0xE0, 0x00, 0x00, 0x00, 0x0F, 0x40, 0x00, 0x00, 0x00, 0x14, 0x00, 0x00, 0x00,
    0x00, 0x00, 0x00, 0x01, 0xF0, 0x00, 0x00, 0x07, 0xCB, 0xC0, 0x00, 0x00, 0x1F, 0x4A, 0x00, 0x00,
    0x00, 0x28, 0x00, 0x00, 0x00, 0x00, 0x00, 0x00, 0x00, 0x00, 0x00, 0x00, 0x00, 0x00, 0x00, 0x00,
    0x00, 0x00, 0x00, 0x00, 0x00, 0x00, 0x00, 0x60, 0x00, 0x00, 0x00, 0x03, 0xE0, 0x00, 0x00, 0x00,
    0x0F, 0x80, 0x00, 0x00, 0x00, 0x14, 0x00, 0x00, 0x00, 0x00, 0x00, 0x00, 0x00, 0x00, 0x00, 0x00,
    0x00, 0x00, 0x00, 0x00, 0x00, 0x00, 0x00, 0x00, 0x00, 0x00, 0x00, 0x24, 0x00, 0x00, 0x00, 0x92,
    0xF0, 0x00, 0x00, 0x0B, 0xCB, 0xC0, 0x00, 0x00, 0x2F, 0x04, 0x00, 0x00, 0x00, 0x10, 0x00, 0x7C,
    0xBC, 0x7C, 0x00, 0x00, 0x00, 0x00, 0x00, 0x00, 0x00, 0x00, 0x00, 0x00, 0x00, 0x00, 0x38, 0xBC,
    0x7C, 0x00, 0x00, 0x0A, 0x00, 0x00, 0x00, 0x7D, 0x00, 0x00, 0x00, 0xF4, 0x00, 0x00, 0x00, 0x40,
    0x00, 0x00, 0x00, 0x00, 0x00, 0x00, 0x00, 0x00, 0x00, 0x00, 0x00, 0x00, 0x00, 0x00, 0x00, 0x00,
    0x28, 0x00, 0x01, 0x92, 0xF0, 0x00, 0x0F, 0xCB, 0xC0, 0x00, 0x2F, 0x04, 0x00, 0x00, 0x10, 0x00,
    0x00, 0x00, 0x00, 0x00, 0x00, 0x00, 0x00, 0x00, 0x00, 0x00, 0x00, 0x00, 0x00, 0x00, 0x00, 0x0A,
    0x00, 0x00, 0x00, 0x7D, 0x00, 0x00, 0x00, 0xF4, 0x00, 0x00, 0x00, 0x00, 0x00, 0x00, 0x00, 0x14,
    0x00, 0x00, 0x00, 0x00, 0xF0, 0x00, 0x00, 0x00, 0x03, 0xC0, 0x00, 0x00, 0xF8, 0x0F, 0x02, 0xF0,
    0x03, 0xF0, 0x3C, 0x0F, 0xC0, 0x0B, 0x40, 0xF0, 0x1D, 0x00, 0x00, 0x03, 0xC0, 0x00, 0x00, 0x00,
    0x0F, 0x00, 0x00, 0x00, 0x00, 0x3C, 0x00, 0x00, 0xFF, 0xFF, 0xFF, 0xFF, 0xF3, 0xFF, 0xFF, 0xFF,
    0xFF, 0xC0, 0x00, 0x0F, 0x00, 0x00, 0x00, 0x00, 0x3C, 0x00, 0x00, 0x00, 0x00, 0xF0, 0x00, 0x00,
    0x18, 0x03, 0xC0, 0x60, 0x00, 0xF8, 0x0F, 0x03, 0xE0, 0x03, 0xE0, 0x3C, 0x0F, 0x80, 0x01, 0x00,
    0xF0, 0x04, 0x00, 0x00, 0x03, 0xC0, 0x00, 0x00, 0x00, 0x09, 0x00, 0x00, 0x04, 0x3F, 0x3F, 0x2D,
    0x00, 0x00, 0x00, 0x00, 0x3E, 0x3F, 0x3E, 0x00, 0x00, 0x00, 0x00, 0x3E, 0x3F, 0x3E, 0x04, 0x00,
    0x3E, 0x3F, 0x3E, 0x04, 0x00, 0x3E, 0x3F, 0x3E, 0x04, 0x00, 0x3E, 0x3F, 0x3E, 0x04, 0x00, 0x3E,
    0x3F, 0x3E, 0x04, 0x00, 0x0B, 0xFE, 0x0A, 0x00, 0xA0, 0x0A, 0x0F, 0xFF, 0x0A, 0x00, 0xA0, 0x0A,
    0x00, 0xA0, 0x0A, 0x00, 0xA0, 0x0A, 0x00, 0xA0, 0x0A, 0x00, 0xA0, 0x0A, 0x00, 0xA0, 0x0A, 0x00,
    0xA0, 0x0A, 0x00, 0x00, 0x00, 0x0F, 0xFF, 0xC0, 0x3C, 0x03, 0xC0, 0x3F, 0xFF, 0x0A, 0x00, 0xA0,
    0x0A, 0x00, 0xA0, 0x0A, 0x00, 0xA0, 0x0A, 0x00, 0xA0, 0x0A, 0x00, 0xA0, 0x0A, 0x00, 0xA0, 0x0A,
    0x00, 0xA0, 0x0A, 0x00, 0x00, 0x00, 0x0B, 0xFE, 0x3F, 0xC1, 0xF4, 0x0F, 0x00, 0xA0, 0x0A, 0x00,
    0xA0, 0x0A, 0x00, 0xA0, 0x0A, 0x00, 0xA0, 0x0A, 0x00, 0xA0, 0x0A, 0x00, 0xA0, 0x0A, 0x00, 0xA0,
    0x0A, 0x00, 0xA0, 0x0A, 0x00, 0x00, 0x00, 0x00, 0x50, 0x0F, 0x02, 0xF8, 0x3F, 0xCB, 0xFE, 0x0A,
    0x00, 0xA0, 0x0A, 0x00, 0xA0, 0x0A, 0x00, 0xA0, 0x0A, 0x00, 0xA0, 0x0A, 0x00, 0xA0, 0x0A, 0x00,
    0xA0, 0x0A, 0x00, 0xA0, 0x0A, 0x00, 0x00, 0x00, 0x00, 0xF0, 0x35, 0xCA, 0x0A, 0x2A, 0x80, 0xA0,
    0x0A, 0x00, 0xA0, 0x0A, 0x00, 0xA0, 0x0A, 0x00, 0xA0, 0x0A, 0x00, 0xA0, 0x0A, 0x00, 0xA0, 0x0A,
    0x00, 0xA0, 0x0A, 0x00, 0xA0, 0x0A, 0x00, 0x00, 0x00, 0x0B, 0xE0, 0x0A, 0x00, 0xA0, 0x0A, 0x0F,
    0xFF, 0x0A, 0x00, 0xA0, 0x0A, 0x00, 0xA0, 0x0A, 0x00, 0xA0, 0x0A, 0x00, 0xA0, 0x0A, 0x00, 0xA0,
    0x0A, 0x00, 0xA0, 0x0A, 0x00, 0xA0, 0x0A, 0x00, 0x00, 0x00, 0x00, 0x00, 0x00, 0x1F, 0xFD, 0x00,
    0x0B, 0xEB, 0xC0, 0x01, 0xF0, 0x00, 0x00, 0x2E, 0x00, 0x00, 0x03, 0xD0, 0x00, 0x00, 0x3C, 0x01,
    0x55, 0x43, 0xC0, 0x3F, 0xFD, 0x3C, 0x03, 0xC0, 0x03, 0xD0, 0x3C, 0x00, 0x2F, 0x03, 0xC0, 0x00,
    0xFD, 0x7D, 0x54, 0x02, 0xFF, 0xFF, 0xC0, 0x01, 0x7D, 0x54, 0x00, 0x03, 0xC0, 0x00, 0x00, 0x3C,
    0x00, 0x00, 0x03, 0xC0, 0x00, 0x00, 0x3E, 0xA8, 0x00, 0x03, 0xFF, 0xD0, 0x00, 0x0B, 0x0E, 0x00,
    0x03, 0x83, 0x40, 0x02, 0xFF, 0xE0, 0x0B, 0xFF, 0xFE, 0x0F, 0xFC, 0x3E, 0x0B, 0xCB, 0x0E, 0x03,
    0xD3, 0x83, 0x41, 0xF0, 0xE1, 0xC0, 0xB8, 0x74, 0xB0, 0x2E, 0x1C, 0x38, 0x0B, 0x4B, 0x0E, 0x02,
    0xE3, 0x83, 0x40, 0x7C, 0xE1, 0xC0, 0x0F, 0x74, 0xB0, 0x03, 0xFC, 0x38, 0x00, 0x7F, 0x0E, 0x00,
    0x07, 0xFF, 0xEF, 0x00, 0xFF, 0xFF, 0xC0, 0x74, 0xB0, 0x00, 0x1C, 0x38, 0x00, 0x05, 0x05, 0x00,
    0x00, 0x00, 0x00, 0x00, 0x00, 0x1F, 0xFF, 0x40, 0x3F, 0xFF, 0xF0, 0x2F, 0x40, 0x14, 0x1F, 0x00,
    0x00, 0x0F, 0x80, 0x00, 0x03, 0xC0, 0x00, 0x01, 0xF0, 0x00, 0x00, 0xB8, 0x0E, 0x7F, 0x2E, 0x03,
    0xFF, 0xCB, 0x80, 0xFC, 0x02, 0xE0, 0x3C, 0x00, 0x7C, 0x0F, 0x00, 0x0F, 0x03, 0xC0, 0x03, 0xD0,
    0xF0, 0x00, 0xBC, 0x3C, 0x00, 0x0F, 0xDF, 0x00, 0x00, 0xFF, 0xEF, 0x80, 0x0B, 0xFF, 0xD0, 0x00,
    0x00, 0x00, 0x0B, 0xFF, 0xFF, 0x0F, 0xFF, 0xFF, 0x0F, 0x40, 0x00, 0x0F, 0x40, 0x00, 0x0F, 0x40,
    0x00, 0x0F, 0x40, 0x00, 0x0F, 0x40, 0x00, 0x0F, 0x40, 0x00, 0x0F, 0xEA, 0xA9, 0x0F, 0xFF, 0xFD,
    0x0F, 0x95, 0x54, 0x0F, 0x40, 0x00, 0x0F, 0x40, 0x00, 0xFF, 0xFF, 0x00, 0xBF, 0xFF, 0x00, 0x0F,
    0x40, 0x00, 0x0F, 0x40, 0x00, 0x0F, 0x40, 0x00, 0x00, 0x00, 0x00, 0x00, 0x01, 0xFF, 0xE0, 0x00,
    0xBF, 0xFF, 0x80, 0x0F, 0x40, 0x10, 0x01, 0xE0, 0x00, 0x00, 0x2E, 0x00, 0x00, 0x02, 0xE0, 0x00,
    0x00, 0x2E, 0x00, 0x00, 0x3F, 0xFF, 0xF8, 0x02, 0xBF, 0xAA, 0x40, 0x02, 0xE0, 0x00, 0x01, 0x7E,
    0x55, 0x00, 0x3F, 0xFF, 0xF8, 0x01, 0x7E, 0x55, 0x00, 0x03, 0xD0, 0x00, 0x00, 0x3C, 0x00, 0x00,
    0x0F, 0x40, 0x00, 0x03, 0xFF, 0xFF, 0xFD, 0x3F, 0xFF, 0xFF, 0xD0, 0x00, 0x00, 0x00, 0x60, 0x00,
    0x00, 0x00, 0x00, 0xE0, 0x00, 0x00, 0x00, 0x01, 0xD0, 0x00, 0x50, 0x6A, 0x43, 0xDA, 0x40, 0xF3,
    0xFF, 0xE7, 0xFF, 0xF0, 0xFF, 0x46, 0xFF, 0x91, 0xFC, 0xFC, 0x00, 0xBE, 0x00, 0x3C, 0xF8, 0x00,
    0x7C, 0x00, 0x3D, 0xF4, 0x00, 0x7C, 0x00, 0x3D, 0xF4, 0x00, 0xBC, 0x00, 0x3D, 0xF4, 0x00, 0xFC,
    0x00, 0x3D, 0xF4, 0x02, 0xFC, 0x00, 0x3D, 0xF4, 0x03, 0xFC, 0x00, 0x3D, 0xF4, 0x0B, 0xBC, 0x00,
    0x3D, 0xF4, 0x0E, 0x7C, 0x00, 0x3D, 0xF4, 0x2C, 0x7C, 0x00, 0x3D, 0xF4, 0x3C, 0x7C, 0x00, 0x3D,
    0x00, 0x74, 0x00, 0x00, 0x00, 0x00, 0xF0, 0x00, 0x00, 0x00, 0x00, 0xD0, 0x00, 0x00, 0x00, 0x0B,
    0xC0, 0x0B, 0x00, 0x3F, 0x40, 0x3C, 0x00, 0xFE, 0x00, 0xF0, 0x03, 0xFC, 0x03, 0xC0, 0x0F, 0xB4,
    0x0F, 0x00, 0x3C, 0xF0, 0x3C, 0x0A, 0xFB, 0xEA, 0xFA, 0x2F, 0xFF, 0xFF, 0xFC, 0x0F, 0x0F, 0x0F,
    0x00, 0x3C, 0x2D, 0x3C, 0x0F, 0xFF, 0xFF, 0xFF, 0x1B, 0xEA, 0xFB, 0xE8, 0x0F, 0x02, 0xDF, 0x00,
    0x3C, 0x03, 0xFC, 0x00, 0xF0, 0x0F, 0xF0, 0x03, 0xC0, 0x1F, 0xC0, 0x0F, 0x00, 0x3F, 0x00, 0x3C,
    0x00, 0xBC, 0x00, 0x3F, 0xF9, 0x00, 0x00, 0x03, 0xFF, 0xFC, 0x00, 0x00, 0x3C, 0x07, 0xF0, 0x00,
    0x03, 0xC0, 0x1F, 0x40, 0x00, 0x3C, 0x00, 0xF4, 0x00, 0x03, 0xC0, 0x0B, 0x83, 0x40, 0x3C, 0x00,
    0xF4, 0x74, 0x03, 0xC0, 0x0F, 0x0B, 0x94, 0x3C, 0x07, 0xE7, 0xFF, 0xC3, 0xFF, 0xFC, 0x1F, 0x94,
    0x3F, 0xFD, 0x00, 0xB4, 0x03, 0xC0, 0x00, 0x0B, 0x40, 0x3C, 0x00, 0x00, 0xB4, 0x03, 0xC0, 0x00,
    0x0B, 0x40, 0x3C, 0x00, 0x00, 0xB4, 0x03, 0xC0, 0x00, 0x0B, 0x80, 0x3C, 0x00, 0x00, 0x7E, 0x93,
    0xC0, 0x00, 0x02, 0xFE, 0x00, 0x00, 0x00, 0x00, 0x00, 0xFF, 0xE4, 0x00, 0x00, 0x0F, 0xFF, 0xF0,
    0x00, 0x00, 0xF0, 0x1F, 0x80, 0x00, 0x0F, 0x00, 0x7C, 0x00, 0x00, 0xF0, 0x03, 0xC0, 0x6A, 0x4F,
    0x00, 0x3C, 0x2F, 0xFE, 0xF0, 0x03, 0xC7, 0xD1, 0x8F, 0x00, 0xB8, 0xB8, 0x00, 0xF5, 0x6F, 0x0B,
    0x80, 0x0F, 0xFF, 0xD0, 0x3E, 0x00, 0xFA, 0xF8, 0x02, 0xFD, 0x0F, 0x03, 0xC0, 0x07, 0xF8, 0xF0,
    0x2E, 0x00, 0x0B, 0xDF, 0x01, 0xF0, 0x00, 0x2F, 0xF0, 0x0F, 0x40, 0x01, 0xFF, 0x00, 0x7C, 0x40,
    0x2E, 0xF0, 0x03, 0xDB, 0xAB, 0xDF, 0x00, 0x2E, 0x7F, 0xF4, 0x00, 0x00, 0x00, 0x00, 0x00, 0x74,
    0x02, 0xE0, 0x0B, 0x1E, 0x00, 0xFC, 0x03, 0xC3, 0xC0, 0x3F, 0x00, 0xF0, 0xF0, 0x1E, 0xC0, 0x38,
    0x3C, 0x0B, 0x74, 0x1E, 0x0B, 0x42, 0xCE, 0x0B, 0x41, 0xD0, 0xF3, 0x82, 0xC0, 0x78, 0x38, 0xF0,
    0xF0, 0xBF, 0xFF, 0xFF, 0xFF, 0x6B, 0xEF, 0xEF, 0xFF, 0x90, 0xF2, 0xC1, 0xD3, 0x80, 0x2C, 0xF0,
    0x39, 0xD0, 0x07, 0x7C, 0x0E, 0x70, 0x00, 0xEE, 0x02, 0xEC, 0x00, 0x3F, 0x40, 0xBF, 0x00, 0x0F,
    0xC0, 0x1F, 0xC0, 0x02, 0xF0, 0x03, 0xE0, 0x00, 0xBC, 0x00, 0xF4, 0x00, 0xBF, 0xFE, 0x40, 0x0F,
    0xFF, 0xFF, 0xE0, 0x0F, 0xF0, 0x01, 0xF4, 0x0F, 0xF0, 0x00, 0x7C, 0x0F, 0xF0, 0x10, 0x3C, 0x0F,
    0xF0, 0x78, 0x3C, 0x0F, 0xF0, 0x78, 0x3D, 0x0F, 0xF0, 0x78, 0x3D, 0x0F, 0xF0, 0x78, 0x3D, 0x0F,
    0xF0, 0x78, 0x3D, 0x0F, 0xF0, 0x78, 0x3D, 0x0F, 0xF0, 0x78, 0x3D, 0x0F, 0xF0, 0x78, 0x3D, 0x0F,
    0xF0, 0x78, 0x14, 0x0F, 0xF0, 0x78, 0x00, 0x2E, 0xF0, 0x78, 0x00, 0x7C, 0xF0, 0x7E, 0xAB, 0xF4,
    0xF0, 0x7F, 0xFF, 0x90, 0x00, 0x00, 0x0F, 0x40, 0x00, 0x00, 0x3D, 0x00, 0x03, 0xFF, 0xFF, 0x00,
    0x0F, 0xFF, 0xFC, 0x00, 0x00, 0x0F, 0x40, 0x01, 0xA4, 0x3D, 0x00, 0x7F, 0xFD, 0xF4, 0x07, 0xE5,
    0x7F, 0xD0, 0x3E, 0x00, 0x3F, 0x41, 0xF0, 0x00, 0x7D, 0x07, 0xC0, 0x00, 0xF4, 0x2E, 0x00, 0x03,
    0xD0, 0xB8, 0x00, 0x0F, 0x42, 0xE0, 0x00, 0x3D, 0x07, 0xC0, 0x00, 0xF4, 0x0F, 0x00, 0x07, 0xD0,
    0x3F, 0x00, 0x3F, 0x40, 0x3F, 0xAB, 0xFD, 0x00, 0x2F, 0xF8, 0xB4, 0x00, 0x00, 0x00, 0x00, 0x00,
    0x00, 0x00, 0x00, 0x3F, 0xFF, 0xFF, 0x00, 0xFF, 0xFF, 0xFC, 0x00, 0x00, 0x00, 0x00, 0x00, 0x00,
    0x7F, 0xF8, 0x00, 0x3F, 0xFF, 0xE0, 0x0F, 0xD0, 0x08, 0x01, 0xF0, 0x00, 0x00, 0x3D, 0x00, 0x00,
    0x03, 0xC0, 0x00, 0x01, 0xBD, 0x55, 0x40, 0x7F, 0xFF, 0xFC, 0x01, 0xB9, 0x55, 0x00, 0x0B, 0x80,
    0x00, 0x07, 0xFF, 0xFF, 0x00, 0x7F, 0xFF, 0xF0, 0x00, 0x7C, 0x00, 0x00, 0x03, 0xD0, 0x00, 0x00,
    0x2F, 0x00, 0x00, 0x00, 0xFC, 0x00, 0x00, 0x03, 0xFE, 0xFD, 0x00, 0x0B, 0xFF, 0xC0, 0x00, 0x00,
    0x00, 0x07, 0x80, 0x02, 0xE0, 0x1E, 0x00, 0x1F, 0x00, 0x78, 0x01, 0xF0, 0x01, 0xE0, 0x0F, 0x40,
    0x07, 0x80, 0xF8, 0x00, 0x1E, 0x0B, 0x80, 0x00, 0x78, 0x7C, 0x00, 0x01, 0xE7, 0xC0, 0x00, 0xBF,
    0xFF, 0xFF, 0xC1, 0xBF, 0xFF, 0xAA, 0x00, 0x7D, 0x7C, 0x00, 0x01, 0xE0, 0xB8, 0x00, 0x07, 0x80,
    0xF4, 0x00, 0x1E, 0x01, 0xF0, 0x00, 0x78, 0x02, 0xF0, 0x01, 0xE0, 0x03, 0xE0, 0x07, 0x80, 0x07,
    0xC0, 0x1E, 0x00, 0x0B, 0xC0, 0x7F, 0xFF, 0xFF, 0xEB, 0xFF, 0xFF, 0xFF, 0x00, 0x0F, 0x40, 0x00,
    0x00, 0xF4, 0x00, 0x00, 0x0F, 0x45, 0x00, 0x00, 0xF6, 0xF0, 0x00, 0x0F, 0xF8, 0x00, 0x00, 0xFD,
    0x00, 0x00, 0x7F, 0x40, 0x00, 0x3F, 0xF4, 0xF0, 0x0B, 0x8F, 0xBD, 0x00, 0x00, 0xFF, 0x00, 0x00,
    0x2F, 0x80, 0x00, 0x1F, 0xF4, 0x00, 0x07, 0xDF, 0x40, 0x00, 0x20, 0xF4, 0x00, 0x00, 0x0F, 0x40,
    0x00, 0x00, 0xF4, 0x00, 0x00, 0x00, 0x00, 0x00, 0x00, 0x00, 0x1B, 0xFF, 0x90, 0x00, 0x00, 0x00,
    0x3F, 0xFF, 0xFC, 0x00, 0x00, 0x00, 0x14, 0x00, 0x7F, 0x00, 0x00, 0x00, 0x00, 0x50, 0x0F, 0xC0,
    0x00, 0x00, 0x00, 0xF0, 0x03, 0xD0, 0x00, 0x00, 0x00, 0xF0, 0x02, 0xE0, 0x00, 0x00, 0x01, 0xE0,
    0x01, 0xF0, 0x00, 0x00, 0x02, 0xE0, 0x01, 0xF0, 0x00, 0x00, 0x03, 0xD0, 0x01, 0xF0, 0x00, 0x00,
    0x03, 0xC0, 0x01, 0xF0, 0x01, 0x00, 0x07, 0xC0, 0x02, 0xE0, 0x7F, 0xF0, 0x07, 0x80, 0x03, 0xD0,
    0xF9, 0xFC, 0x0B, 0x40, 0x0B, 0xC3, 0xE0, 0x3D, 0x0F, 0x40, 0x0F, 0x43, 0xC0, 0x3D, 0x0F, 0x00,
    0x7E, 0x07, 0xC0, 0x3C, 0x1F, 0x06, 0xFC, 0x0B, 0x80, 0xBC, 0x2F, 0xFF, 0xE0, 0x0F, 0xEB, 0xF4,
    0x2F, 0xF9, 0x00, 0x0F, 0xBF, 0xD0, 0x00, 0x00, 0x00, 0x0F, 0x00, 0x00, 0x00, 0x00, 0x00, 0x1E,
    0x00, 0x00, 0x00, 0x00, 0x00, 0x2D, 0x00, 0x00, 0x00, 0x00, 0x00, 0x3D, 0x00, 0x00, 0x00, 0x00,
    0x00, 0x3C, 0x00, 0x00, 0x00, 0x00, 0x00, 0x7C, 0x00, 0x00, 0x00, 0x00, 0x00, 0x00, 0x00, 0xBF,
    0x80, 0x00, 0x7E, 0xF4, 0x00, 0x3D, 0x1E, 0x00, 0x0F, 0x03, 0xC0, 0x03, 0xC0, 0xF0, 0x00, 0xF0,
    0x78, 0x00, 0x2D, 0x2D, 0x00, 0x07, 0x8F, 0x00, 0x00, 0xF7, 0x80, 0x00, 0x3F, 0xC0, 0x00, 0x07,
    0xE0, 0x00, 0x00, 0xF0, 0x00, 0xA0, 0xBE, 0x00, 0x7C, 0x3F, 0xC0, 0x3F, 0xBC, 0xB4, 0x1E, 0xBE,
    0x1F, 0x0F, 0x0F, 0x03, 0xC7, 0x82, 0x40, 0xB4, 0x00, 0x00, 0x1E, 0x00, 0x00, 0x03, 0xC0, 0x00,
    0x00, 0xF0, 0x00, 0x00, 0x78, 0x00, 0x0B, 0xFD, 0x00, 0x02, 0xFD, 0x00, 0x07, 0xFF, 0x90, 0x00,
    0x2F, 0xFF, 0xE0, 0x00, 0xB8, 0x07, 0xE0, 0x06, 0xE5, 0x5B, 0xD4, 0xFF, 0xFF, 0xFF, 0xF0, 0x2E,
    0x00, 0x3D, 0x00, 0xB8, 0x00, 0xB4, 0x2B, 0xFA, 0xAB, 0xF8, 0x6F, 0xEA, 0xBF, 0xA0, 0x2E, 0x00,
    0xF8, 0x00, 0xBE, 0xBF, 0xC0, 0x02, 0xFF, 0xF4, 0x00, 0x0B, 0x80, 0x00, 0x00, 0x2E, 0x00, 0x00,
    0x00, 0xB8, 0x00, 0x00, 0x02, 0xE0, 0x00, 0x00, 0x0B, 0x80, 0x00, 0x00, 0x2E, 0x00, 0x00, 0x00,
    0x00, 0x00, 0xB0, 0x00, 0x00, 0x1B, 0xFF, 0xE4, 0x00, 0xFF, 0xFF, 0xFC, 0x03, 0xF8, 0xB0, 0x64,
    0x0F, 0xC0, 0xB0, 0x00, 0x2F, 0x00, 0xB0, 0x00, 0x3E, 0x00, 0xB0, 0x00, 0x3C, 0x00, 0xB0, 0x00,
    0x7C, 0x00, 0xB0, 0x00, 0x7C, 0x00, 0xB5, 0x54, 0x7C, 0x00, 0xBF, 0xFD, 0x7C, 0x00, 0xBA, 0xBD,
    0x7C, 0x00, 0xB0, 0x3D, 0x3D, 0x00, 0xB0, 0x3D, 0x2F, 0x00, 0xB0, 0x3D, 0x0F, 0x80, 0xB0, 0x3D,
    0x07, 0xF4, 0xB0, 0x3D, 0x01, 0xFF, 0xFB, 0xFD, 0x00, 0x2F, 0xFF, 0xF8, 0x00, 0x00, 0xB0, 0x00,
    0x00, 0x00, 0xB0, 0x00, 0x00, 0x0B, 0xC0, 0x00, 0x00, 0x0F, 0xC0, 0x00, 0x00, 0x1F, 0xE0, 0x00,
    0x00, 0x3E, 0xF0, 0x00, 0x00, 0x3C, 0xF4, 0x00, 0x00, 0xB8, 0xB8, 0x00, 0x00, 0xF8, 0x7C, 0x00,
    0xFF, 0xFF, 0xFF, 0xFC, 0x57, 0xF5, 0x6F, 0x54, 0x03, 0xD0, 0x0F, 0x00, 0x6B, 0xEA, 0xAF, 0xA8,
    0xFF, 0xFF, 0xFF, 0xFC, 0x0F, 0x40, 0x03, 0xD0, 0x1F, 0x00, 0x03, 0xE0, 0x2E, 0x00, 0x01, 0xF0,
    0x3C, 0x00, 0x00, 0xF4, 0x7C, 0x00, 0x00, 0xB8, 0xF8, 0x00, 0x00, 0x7C, 0x00, 0x00, 0x00, 0x00,
    0x2F, 0xFF, 0x40, 0x0F, 0xFF, 0xFE, 0x00, 0x60, 0x02, 0xF0, 0x00, 0x00, 0x0F, 0x40, 0x00, 0x00,
    0xF4, 0x00, 0x00, 0x0F, 0x4B, 0xFF, 0xFF, 0xFD, 0x6A, 0xAB, 0xFE, 0x90, 0x01, 0xFE, 0x00, 0x02,
    0xFE, 0x00, 0x0B, 0xFF, 0xFF, 0xFD, 0xBF, 0xFF, 0xFF, 0xD2, 0xE0, 0x00, 0x00, 0x3D, 0x00, 0x00,
    0x02, 0xE0, 0x00, 0x00, 0x1F, 0x40, 0x01, 0x40, 0xFF, 0xEF, 0xF4, 0x02, 0xFF, 0xFE, 0x00, 0x00,
    0x00, 0x00, 0x00, 0x00, 0xE0, 0x00, 0x00, 0x7F, 0xFE, 0x40, 0x1F, 0xFF, 0xFF, 0x01, 0xFD, 0x38,
    0x24, 0x0F, 0xC0, 0xE0, 0x00, 0xBC, 0x03, 0x80, 0x03, 0xE0, 0x0E, 0x00, 0x0F, 0x00, 0x38, 0x00,
    0x7C, 0x00, 0xE0, 0x01, 0xF0, 0x03, 0x80, 0x07, 0xC0, 0x0E, 0x00, 0x1F, 0x00, 0x38, 0x00, 0x7C,
    0x00, 0xE0, 0x00, 0xF4, 0x03, 0x80, 0x02, 0xF0, 0x0E, 0x00, 0x07, 0xE0, 0x38, 0x00, 0x0B, 0xE0,
    0xE0, 0x00, 0x0B, 0xFF, 0xFF, 0x40, 0x06, 0xFF, 0xFC, 0x00, 0x00, 0x38, 0x00, 0x00, 0x00, 0xE0,
    0x00, 0x01, 0x40, 0x14, 0x00, 0x0E, 0x00, 0xE0, 0x00, 0x38, 0x07, 0x80, 0x02, 0xF5, 0x6F, 0x54,
    0x7F, 0xFF, 0xFF, 0xF4, 0x6F, 0x57, 0xE5, 0x40, 0xB8, 0x0B, 0x80, 0x02, 0xE0, 0x2E, 0x00, 0x0B,
    0x80, 0xB8, 0x00, 0x2E, 0x02, 0xE0, 0x00, 0xB8, 0x0B, 0x80, 0x02, 0xE0, 0x2E, 0x00, 0x0B, 0x80,
    0xB8, 0x00, 0x2E, 0x02, 0xE0, 0x00, 0xB8, 0x0B, 0xC0, 0x02, 0xE0, 0x0F, 0xEA, 0x0B, 0x80, 0x1F,
    0xF8, 0x00, 0x00, 0x00, 0x00, 0x00, 0x00, 0x00, 0x00, 0x00, 0x00, 0x1F, 0xFE, 0x40, 0x00, 0x2F,
    0xFF, 0xF4, 0x00, 0x2F, 0x40, 0x18, 0x00, 0x0F, 0x40, 0x00, 0x00, 0x03, 0xC0, 0x00, 0x00, 0x00,
    0xF4, 0x00, 0x00, 0x00, 0x2F, 0x00, 0x00, 0x00, 0x03, 0xF8, 0x00, 0x00, 0x00, 0x3F, 0xF4, 0x00,
    0x00, 0x01, 0xBF, 0xC0, 0x00, 0x00, 0x02, 0xFC, 0x00, 0x00, 0x00, 0x0F, 0x8A, 0x4B, 0x47, 0x81,
    0xF7, 0xBD, 0xBE, 0x78, 0x3D, 0xDD, 0x0F, 0x07, 0x1F, 0x3F, 0x03, 0x81, 0xCF, 0x43, 0xF9, 0xE0,
    0xBF, 0x80, 0x3B, 0xFF, 0xFE, 0x40, 0x0C, 0x0E, 0x0B, 0x00, 0x03, 0x03, 0x81, 0xC0, 0x00, 0x7F,
    0xFF, 0xFF, 0xCB, 0xFF, 0xFF, 0xFC, 0x00, 0x00, 0x00, 0x00, 0x00, 0x00, 0x00, 0xBF, 0xFF, 0xFF,
    0xCB, 0xFF, 0xFF, 0xFC, 0x00, 0x1F, 0x00, 0x00, 0x01, 0xF0, 0x00, 0x00, 0x1F, 0x00, 0x00, 0x01,
    0xF0, 0x00, 0x00, 0x1F, 0x00, 0x00, 0x01, 0xF0, 0x00, 0x00, 0x1F, 0x00, 0x00, 0x01, 0xF0, 0x00,
    0x00, 0x1F, 0x00, 0x00, 0x01, 0xF0, 0x00, 0x00, 0x1F, 0x00, 0x00, 0x01, 0xF0, 0x00, 0x3F, 0xFF,
    0xFD, 0x3F, 0xFF, 0xFC, 0x00, 0x7D, 0x00, 0x00, 0x2F, 0x00, 0x2A, 0xAF, 0xA8, 0x3F, 0xFF, 0xFD,
    0x00, 0x1F, 0x00, 0x00, 0x3E, 0x00, 0x16, 0xFC, 0x00, 0x3F, 0xE0, 0x00, 0x2E, 0x00, 0x00, 0x0F,
    0x40, 0x00, 0x07, 0xC0, 0x00, 0x03, 0xE0, 0x00, 0x01, 0xF0, 0x00, 0x00, 0xB8, 0x00, 0x00, 0x3D,
    0x00, 0x00, 0x2F, 0x00, 0x02, 0xD0, 0x00, 0x00, 0x3D, 0x00, 0x00, 0x03, 0xD0, 0x24, 0x00, 0x3D,
    0xBF, 0x40, 0x03, 0xFF, 0x40, 0x07, 0xFE, 0x00, 0x00, 0xBB, 0xD1, 0xB4, 0x00, 0x3E, 0xFE, 0x00,
    0x0B, 0xF9, 0x00, 0x07, 0xFD, 0x00, 0x1D, 0x53, 0xD0, 0x02, 0xD0, 0x3D, 0x00, 0x3D, 0x03, 0xD0,
    0x03, 0xC0, 0x3D, 0x00, 0xBC, 0x03, 0xD0, 0x1F, 0x40, 0x3D, 0x07, 0xE0, 0x03, 0xFF, 0xF8, 0x00,
    0x3F, 0xF8, 0x00, 0x00, 0x00, 0x00, 0x00, 0x00, 0x00, 0x00, 0x00, 0x00, 0x1F, 0xD0, 0x00, 0x00,
    0x00, 0x39, 0xF4, 0x00, 0x00, 0x00, 0xB0, 0x3C, 0x00, 0x00, 0x00, 0xB0, 0x3C, 0x00, 0x00, 0x00,
    0x7D, 0x7D, 0x55, 0x50, 0x00, 0x2F, 0xFF, 0xFF, 0xFF, 0x80, 0x05, 0xBE, 0xAA, 0xAB, 0xF0, 0x00,
    0x3C, 0x00, 0x00, 0x78, 0x00, 0x3C, 0x00, 0x00, 0x2C, 0x00, 0x3C, 0x34, 0x30, 0x1C, 0x00, 0x3D,
    0xFD, 0xFC, 0x2C, 0x00, 0x2F, 0xCF, 0xDF, 0xB8, 0x00, 0x2F, 0x03, 0x02, 0xE0, 0x00, 0xBE, 0x00,
    0x00, 0x00, 0x02, 0xEF, 0x00, 0x00, 0x00, 0x00, 0x47, 0xC0, 0x00, 0x00, 0x00, 0x02, 0xFE, 0xBD,
    0x00, 0x00, 0x00, 0x7F, 0xFC, 0x00, 0x00, 0x00, 0x00, 0x00, 0x00, 0x00, 0x00, 0xF0, 0x00, 0x00,
    0x00, 0x0F, 0x00, 0x00, 0x00, 0x00, 0xF0, 0x00, 0x00, 0x00, 0x0F, 0x00, 0x00, 0x00, 0x00, 0xF0,
    0x00, 0x00, 0x00, 0x6F, 0x90, 0x00, 0x01, 0xFF, 0xFF, 0xF4, 0x00, 0xBF, 0x9F, 0xAF, 0xE0, 0x1F,
    0x80, 0xF0, 0x2F, 0x43, 0xE0, 0x0F, 0x00, 0xBC, 0x3C, 0x00, 0xF0, 0x03, 0xC7, 0xC0, 0x0F, 0x00,
    0x3D, 0x7C, 0x00, 0xF0, 0x02, 0xEB, 0x80, 0x0F, 0x00, 0x2E, 0xB8, 0x00, 0x00, 0x02, 0xEB, 0x80,
    0x00, 0x00, 0x2E, 0xB8, 0x00, 0x00, 0x02, 0xEB, 0x80, 0x00, 0x00, 0x2E, 0x07, 0xFF, 0xE4, 0x00,
    0xBF, 0xFF, 0xF0, 0x0B, 0x80, 0x1F, 0xC0, 0xB8, 0x00, 0x7D, 0x0B, 0x80, 0x03, 0xE0, 0xB8, 0x00,
    0x3E, 0x0B, 0x80, 0x03, 0xD0, 0xB8, 0x00, 0x7C, 0x0B, 0xD0, 0x6F, 0x8F, 0xFF, 0xFF, 0xE0, 0xBF,
    0xFE, 0x90, 0x00, 0xB8, 0x00, 0x00, 0x0B, 0x80, 0x00, 0x0F, 0xFF, 0xFC, 0x00, 0x6F, 0xEA, 0x40,
    0x00, 0xB8, 0x00, 0x00, 0x0B, 0x80, 0x00, 0x00, 0xB8, 0x00, 0x00, 0x00, 0x00, 0x04, 0x00, 0x00,
    0x03, 0x87, 0x40, 0x00, 0x00, 0xFA, 0xD0, 0x00, 0x02, 0xFF, 0xFF, 0x00, 0x03, 0xFF, 0x1F, 0xF4,
    0x03, 0xF3, 0x87, 0x5F, 0x01, 0xF0, 0xE1, 0xD2, 0xF0, 0xF8, 0x38, 0x74, 0x3C, 0x3C, 0x0E, 0x1D,
    0x0F, 0x5F, 0x03, 0x87, 0x42, 0xE7, 0xC0, 0xE1, 0xD0, 0xB9, 0xF0, 0x10, 0x10, 0x04, 0x3C, 0x00,
    0x00, 0x00, 0x0F, 0x40, 0x00, 0x00, 0x02, 0xE0, 0x00, 0x00, 0x00, 0x3C, 0x00, 0x00, 0x00, 0x07,
    0xC0, 0x00, 0x00, 0x00, 0x7D, 0x00, 0x00, 0x00, 0xBF, 0xFF, 0xFF, 0xE0, 0x3F, 0xFF, 0xFF, 0xF8,
    0x01, 0x05, 0x00, 0x07, 0x4E, 0x00, 0x07, 0x4E, 0x00, 0x7F, 0xFF, 0x00, 0xBF, 0xFF, 0xE0, 0xB8,
    0x06, 0xF4, 0xB8, 0x00, 0xFC, 0xB8, 0x00, 0x7C, 0xB8, 0x00, 0xBC, 0xB8, 0x00, 0xF4, 0xBD, 0x57,
    0xF0, 0xBF, 0xFF, 0x80, 0xBE, 0xAF, 0xF0, 0xB8, 0x00, 0xFC, 0xB8, 0x00, 0x3C, 0xB8, 0x00, 0x3D,
    0xB8, 0x00, 0x3D, 0xB8, 0x00, 0x7C, 0xB8, 0x01, 0xFC, 0xBF, 0xFF, 0xF0, 0xBF, 0xFF, 0x80, 0x07,
    0x4E, 0x00, 0x07, 0x4E, 0x00, 0x01, 0x05, 0x00, 0x00, 0x6A, 0x40, 0x7F, 0xFF, 0x1F, 0x95, 0x93,
    0xE0, 0x00, 0x7C, 0x00, 0x0B, 0x80, 0x00, 0xF8, 0x00, 0x0F, 0x40, 0x00, 0xB8, 0x00, 0x0B, 0x80,
    0x00, 0x7C, 0x00, 0x03, 0xF0, 0x00, 0x0F, 0xEA, 0xF0, 0x2F, 0xFE, 0x00, 0x00, 0x00, 0x00, 0x00,
    0xBF, 0xFF, 0xF6, 0xAA, 0xAA, 0x00, 0x00, 0x00, 0x02, 0xFD, 0x00, 0x3E, 0x7C, 0x00, 0xF0, 0x74,
    0x07, 0xC0, 0xD0, 0x1F, 0x07, 0x40, 0x7C, 0x1C, 0x01, 0xF0, 0xF0, 0x07, 0xCB, 0x40, 0x1F, 0xB8,
    0x00, 0xBF, 0x40, 0x2F, 0xF0, 0x00, 0x57, 0xC0, 0x00, 0x1F, 0x00, 0x00, 0x7C, 0x00, 0x01, 0xF0,
    0x0D, 0x03, 0xC0, 0x70, 0x0B, 0xDB, 0x80, 0x0B, 0xFC, 0x00, 0x00, 0x00, 0x7F, 0xFF, 0xA0, 0x00,
    0xB7, 0xD5, 0xFE, 0x00, 0xB2, 0xC0, 0xE7, 0x80, 0xB2, 0xC0, 0xE2, 0xC0, 0xB2, 0xC0, 0xE1, 0xC0,
    0xB2, 0xC0, 0xE1, 0xC0, 0xB2, 0xC0, 0xE2, 0xC0, 0xB2, 0xC0, 0xE7, 0x40, 0xB2, 0xD5, 0xFE, 0x00,
    0xB2, 0xFF, 0xF0, 0x00, 0xB2, 0xCE, 0x38, 0x00, 0xB2, 0xC7, 0x0C, 0x00, 0xB2, 0xC2, 0x8B, 0x00,
    0xB2, 0xC0, 0xD3, 0x80, 0xB2, 0xC0, 0xB1, 0xC0, 0xB2, 0xC0, 0x38, 0xB0, 0xB6, 0xC0, 0x1D, 0x74,
    0xBF, 0xC0, 0x0B, 0xFC, 0x00, 0x2C, 0x00, 0x00, 0x00, 0x00, 0x00, 0xB8, 0x00, 0x00, 0x00, 0x00,
    0x02, 0xF0, 0x00, 0x00, 0x00, 0x00, 0x0B, 0xD0, 0x00, 0x00, 0x00, 0x00, 0x7F, 0xFF, 0xFF, 0xFF,
    0xFF, 0xFC, 0x7F, 0xFF, 0xFF, 0xFF, 0xFF, 0xFC, 0x0F, 0xC0, 0x00, 0x00, 0x00, 0x00, 0x02, 0xF0,
    0x00, 0x00, 0x00, 0x00, 0x00, 0xB4, 0x00, 0x00, 0x00, 0x00, 0x00, 0x2C, 0x00, 0x00, 0x00, 0x00,
    0x00, 0x10, 0x00, 0x01, 0xE0, 0x00, 0x0F, 0xC0, 0x00, 0xBF, 0xC0, 0x0B, 0xFF, 0xC0, 0xBE, 0xEF,
    0xC3, 0x87, 0x87, 0x40, 0x1E, 0x00, 0x00, 0x78, 0x00, 0x01, 0xE0, 0x00, 0x07, 0x80, 0x00, 0x1E,
    0x00, 0x00, 0x78, 0x00, 0x01, 0xE0, 0x00, 0x07, 0x80, 0x00, 0x1E, 0x00, 0x00, 0x78, 0x00, 0x01,
    0xE0, 0x00, 0x07, 0x80, 0x00, 0x1E, 0x00, 0x00, 0x78, 0x00, 0x01, 0xE0, 0x00, 0x07, 0x80, 0x00,
    0x00, 0x00, 0x00, 0x00, 0xB0, 0x00, 0x00, 0x00, 0x00, 0x00, 0x3C, 0x00, 0x00, 0x00, 0x00, 0x00,
    0x2F, 0x00, 0x00, 0x00, 0x00, 0x00, 0x0F, 0xC0, 0xBF, 0xFF, 0xFF, 0xFF, 0xFF, 0xF8, 0xBF, 0xFF,
    0xFF, 0xFF, 0xFF, 0xFC, 0x00, 0x00, 0x00, 0x00, 0x0F, 0xD0, 0x00, 0x00, 0x00, 0x00, 0x2F, 0x00,
    0x00, 0x00, 0x00, 0x00, 0x3C, 0x00, 0x00, 0x00, 0x00, 0x00, 0xB0, 0x00, 0x00, 0x24, 0x00, 0x01,
    0xE0, 0x00, 0x07, 0x80, 0x00, 0x1E, 0x00, 0x00, 0x78, 0x00, 0x01, 0xE0, 0x00, 0x07, 0x80, 0x00,
    0x1E, 0x00, 0x00, 0x78, 0x00, 0x01, 0xE0, 0x00, 0x07, 0x80, 0x00, 0x1E, 0x00, 0x00, 0x78, 0x00,
    0x01, 0xE0, 0x00, 0x07, 0x80, 0x00, 0x1E, 0x00, 0x10, 0x78, 0x14, 0xF5, 0xE3, 0xD1, 0xFF, 0xFE,
    0x01, 0xFF, 0xE0, 0x01, 0xFE, 0x00, 0x02, 0xF0, 0x00, 0x03, 0x40, 0x00, 0x00, 0x2C, 0x00, 0x00,
    0x02, 0xC0, 0x00, 0x0B, 0x80, 0x00, 0x00, 0x1F, 0x00, 0x02, 0xF0, 0x00, 0x00, 0x00, 0xBC, 0x00,
    0xBD, 0x00, 0x00, 0x00, 0x03, 0xF0, 0x7F, 0xFF, 0xFF, 0xFF, 0xFF, 0xFF, 0xE7, 0xFF, 0xFF, 0xFF,
    0xFF, 0xFF, 0xFE, 0x0F, 0xC0, 0x00, 0x00, 0x00, 0x3F, 0x40, 0x2F, 0x00, 0x00, 0x00, 0x0B, 0xC0,
    0x00, 0xB4, 0x00, 0x00, 0x00, 0xF0, 0x00, 0x02, 0xC0, 0x00, 0x00, 0x2C, 0x00, 0x00, 0x10, 0x00,
    0x01, 0xE0, 0x00, 0x0F, 0xC0, 0x00, 0xBF, 0xC0, 0x0B, 0xFF, 0xC0, 0xBE, 0xEF, 0xC3, 0x87, 0x8B,
    0x40, 0x1E, 0x00, 0x00, 0x78, 0x00, 0x01, 0xE0, 0x00, 0x07, 0x80, 0x00, 0x1E, 0x00, 0x00, 0x78,
    0x00, 0x01, 0xE0, 0x00, 0x07, 0x80, 0x00, 0x1E, 0x00, 0x00, 0x78, 0x00, 0x01, 0xE0, 0x00, 0x07,
    0x80, 0x04, 0x1E, 0x05, 0x3D, 0x78, 0xF4, 0x7F, 0xFF, 0x80, 0x7F, 0xF8, 0x00, 0x7F, 0x80, 0x00,
    0xBC, 0x00, 0x00, 0xD0, 0x00, 0x64, 0x00, 0x00, 0x00, 0x0B, 0xFF, 0xF4, 0x00, 0x00, 0x7F, 0xF9,
    0x00, 0x00, 0x03, 0xFC, 0x00, 0x00, 0x00, 0x3E, 0xF0, 0x00, 0x00, 0x03, 0xCB, 0xC0, 0x00, 0x00,
    0x38, 0x2F, 0x00, 0x00, 0x03, 0x40, 0xBC, 0x00, 0x00, 0x10, 0x02, 0xF0, 0x00, 0x00, 0x00, 0x0B,
    0xC0, 0x00, 0x00, 0x00, 0x2F, 0x00, 0x00, 0x00, 0x00, 0xBC, 0x00, 0x00, 0x00, 0x02, 0xF0, 0x00,
    0x00, 0x00, 0x0B, 0xC0, 0x00, 0x00, 0x00, 0x2F, 0x00, 0x00, 0x00, 0x00, 0xBC, 0x00, 0x00, 0x00,
    0x02, 0x80, 0x00, 0x00, 0x00, 0x00, 0x00, 0x00, 0x00, 0x05, 0x80, 0x00, 0x03, 0xFF, 0xFC, 0x00,
    0x00, 0x0B, 0xFF, 0xC0, 0x00, 0x00, 0x07, 0xF8, 0x00, 0x00, 0x01, 0xFF, 0x80, 0x00, 0x00, 0x7D,
    0x74, 0x00, 0x00, 0x1F, 0x43, 0x40, 0x00, 0x07, 0xD0, 0x38, 0x00, 0x01, 0xF4, 0x01, 0x00, 0x00,
    0x7D, 0x00, 0x00, 0x00, 0x1F, 0x40, 0x00, 0x00, 0x07, 0xD0, 0x00, 0x00, 0x01, 0xF4, 0x00, 0x00,
    0x00, 0x7D, 0x00, 0x00, 0x00, 0x1F, 0x40, 0x00, 0x00, 0x07, 0xD0, 0x00, 0x00, 0x00, 0x34, 0x00,
    0x00, 0x00, 0x00, 0x00, 0x00, 0x00, 0x00, 0x00, 0x00, 0x00, 0x00, 0x03, 0x40, 0x00, 0x00, 0x00,
    0x7D, 0x00, 0x00, 0x00, 0x01, 0xF4, 0x00, 0x00, 0x00, 0x07, 0xD0, 0x00, 0x00, 0x00, 0x1F, 0x40,
    0x00, 0x00, 0x00, 0x7D, 0x00, 0x00, 0x00, 0x01, 0xF4, 0x00, 0x00, 0x00, 0x07, 0xD0, 0x00, 0x00,
    0x00, 0x1F, 0x40, 0x10, 0x00, 0x00, 0x7D, 0x03, 0x80, 0x00, 0x01, 0xF4, 0x34, 0x00, 0x00, 0x07,
    0xD7, 0x40, 0x00, 0x00, 0x1F, 0xF8, 0x00, 0x00, 0x00, 0x7F, 0x80, 0x00, 0x00, 0xBF, 0xFC, 0x00,
    0x00, 0x3F, 0xFF, 0xC0, 0x00, 0x00, 0x00, 0x58, 0x00, 0x00, 0x00, 0x00, 0x00, 0x00, 0x00, 0x00,
    0x28, 0x00, 0x00, 0x00, 0x0B, 0xC0, 0x00, 0x00, 0x02, 0xF0, 0x00, 0x00, 0x00, 0xBC, 0x00, 0x00,
    0x00, 0x2F, 0x00, 0x00, 0x00, 0x0B, 0xC0, 0x00, 0x00, 0x02, 0xF0, 0x00, 0x00, 0x00, 0xBC, 0x00,
    0x01, 0x00, 0x2F, 0x00, 0x00, 0x34, 0x0B, 0xC0, 0x00, 0x03, 0x82, 0xF0, 0x00, 0x00, 0x3C, 0xBC,
    0x00, 0x00, 0x03, 0xEF, 0x00, 0x00, 0x00, 0x3F, 0xC0, 0x00, 0x00, 0x07, 0xFF, 0x90, 0x00, 0x00,
    0xBF, 0xFF, 0x40, 0x00, 0x06, 0x40, 0x00, 0x00, 0x00, 0x00, 0x2C, 0x00, 0x03, 0xC0, 0x00, 0x00,
    0xB8, 0x00, 0x0B, 0x40, 0x00, 0x02, 0xF0, 0x00, 0x0F, 0x00, 0x00, 0x0B, 0xD0, 0x00, 0x2D, 0x00,
    0x00, 0x7F, 0xFF, 0xFF, 0xFF, 0xFF, 0xFC, 0x7F, 0xFF, 0xFF, 0xFF, 0xFF, 0xFC, 0x0F, 0xC0, 0x00,
    0xF0, 0x00, 0x00, 0x02, 0xF0, 0x03, 0xD0, 0x00, 0x00, 0x00, 0xB4, 0x07, 0x80, 0x00, 0x00, 0x00,
    0x2C, 0x0F, 0x00, 0x00, 0x00, 0x00, 0x00, 0x07, 0x80, 0xB0, 0x00, 0x00, 0x00, 0x0F, 0x00, 0x3C,
    0x00, 0x00, 0x00, 0x1E, 0x00, 0x2F, 0x00, 0x00, 0x00, 0x3C, 0x00, 0x0F, 0xC0, 0xBF, 0xFF, 0xFF,
    0xFF, 0xFF, 0xF8, 0xBF, 0xFF, 0xFF, 0xFF, 0xFF, 0xFC, 0x00, 0x01, 0xE0, 0x00, 0x0F, 0xD0, 0x00,
    0x03, 0xC0, 0x00, 0x2F, 0x00, 0x00, 0x0B, 0x40, 0x00, 0x3C, 0x00, 0x00, 0x0F, 0x00, 0x00, 0xB0,
    0x00, 0x00, 0x00, 0x00, 0x00, 0x00, 0x00, 0xB9, 0x00, 0x00, 0x00, 0x00, 0x00, 0xBF, 0xFF, 0x40,
    0x00, 0x40, 0x00, 0x7F, 0xFD, 0x00, 0x0F, 0xF8, 0x00, 0x7F, 0x80, 0x00, 0x7F, 0xFE, 0x00, 0x7F,
    0xD0, 0x01, 0xFC, 0x1F, 0x80, 0x78, 0xF8, 0x07, 0xE0, 0x07, 0xE0, 0x70, 0x3F, 0x6F, 0x80, 0x01,
    0xF8, 0x70, 0x0F, 0xFE, 0x00, 0x00, 0x78, 0x10, 0x02, 0xF4, 0x00, 0x00, 0x10, 0x00, 0x00, 0x00,
    0x00, 0x00, 0x00, 0x00, 0x00, 0x00, 0x00, 0x00, 0x7C, 0x00, 0x05, 0x00, 0x03, 0xFF, 0xFC, 0x00,
    0x7F, 0xD0, 0x01, 0xBF, 0xF8, 0x01, 0xFF, 0xF4, 0x00, 0x07, 0xF8, 0x07, 0xE0, 0xBE, 0x00, 0x0F,
    0xB8, 0x0F, 0x80, 0x2F, 0x80, 0x7D, 0x78, 0x3E, 0x00, 0x07, 0xF6, 0xF4, 0x38, 0x78, 0x00, 0x01,
    0xFF, 0xE0, 0x2C, 0x10, 0x00, 0x00, 0x2F, 0x40, 0x10, 0x00, 0x2C, 0x0B, 0x00, 0x00, 0x00, 0x00,
    0xB8, 0x2E, 0x00, 0x00, 0x00, 0x02, 0xF0, 0xBC, 0x00, 0x00, 0x00, 0x0B, 0xD2, 0xF4, 0x00, 0x00,
    0x00, 0x7F, 0xFF, 0xFF, 0xFF, 0xFF, 0xFC, 0x7F, 0xFF, 0xFF, 0xFF, 0xFF, 0xFC, 0x0F, 0xC3, 0xF0,
    0x00, 0x00, 0x00, 0x02, 0xF0, 0xBC, 0x00, 0x00, 0x00, 0x00, 0xB4, 0x2D, 0x00, 0x00, 0x00, 0x00,
    0x2C, 0x0B, 0x00, 0x00, 0x00, 0x00, 0x10, 0x00, 0x01, 0xE0, 0x00, 0x0F, 0xC0, 0x00, 0xBF, 0xC0,
    0x0B, 0xFF, 0xC0, 0xBE, 0xEF, 0xC3, 0x87, 0x87, 0x40, 0x3F, 0x00, 0x03, 0xFF, 0x00, 0x2F, 0xFF,
    0x02, 0xF7, 0xAF, 0x1D, 0x1E, 0x1E, 0x00, 0x78, 0x00, 0x01, 0xE0, 0x00, 0x07, 0x80, 0x00, 0x1E,
    0x00, 0x00, 0x78, 0x00, 0x01, 0xE0, 0x00, 0x07, 0x80, 0x00, 0x1E, 0x00, 0x00, 0x78, 0x00, 0x01,
    0xE0, 0x00, 0x07, 0x80, 0x00, 0x00, 0x00, 0x02, 0xC0, 0xB0, 0x00, 0x00, 0x00, 0x00, 0xF0, 0x3C,
    0x00, 0x00, 0x00, 0x00, 0xBC, 0x2F, 0x00, 0x00, 0x00, 0x00, 0x3F, 0x0F, 0xC0, 0xBF, 0xFF, 0xFF,
    0xFF, 0xFF, 0xF8, 0xBF, 0xFF, 0xFF, 0xFF, 0xFF, 0xFC, 0x00, 0x00, 0x00, 0x3F, 0x4F, 0xD0, 0x00,
    0x00, 0x00, 0xBC, 0x2F, 0x00, 0x00, 0x00, 0x00, 0xF0, 0x3C, 0x00, 0x00, 0x00, 0x02, 0xC0, 0xB0,
    0x00, 0x00, 0x24, 0x00, 0x01, 0xE0, 0x00, 0x07, 0x80, 0x00, 0x1E, 0x00, 0x00, 0x78, 0x00, 0x01,
    0xE0, 0x00, 0x07, 0x80, 0x00, 0x1E, 0x00, 0x00, 0x78, 0x00, 0x01, 0xE0, 0x00, 0x07, 0x80, 0x04,
    0x1E, 0x05, 0x3D, 0x78, 0xB4, 0x7E, 0xFF, 0x80, 0x7F, 0xF8, 0x00, 0x7F, 0x80, 0x10, 0xBC, 0x14,
    0xF5, 0xE3, 0xD1, 0xFF, 0xFE, 0x01, 0xFF, 0xE0, 0x01, 0xFE, 0x00, 0x02, 0xF0, 0x00, 0x03, 0x40,
    0x00, 0x00, 0x2C, 0x00, 0x00, 0x00, 0x78, 0x00, 0xB8, 0x00, 0x00, 0x00, 0xF0, 0x02, 0xF0, 0x00,
    0x00, 0x03, 0xC0, 0x0B, 0xD0, 0x00, 0x00, 0x0B, 0x40, 0x7F, 0xFF, 0xFF, 0xFF, 0xFE, 0x00, 0x7F,
    0xFF, 0xFF, 0xFF, 0xFD, 0x00, 0x0F, 0xC0, 0x00, 0x00, 0x0F, 0x00, 0x02, 0xF0, 0x00, 0x00, 0x03,
    0xC0, 0x00, 0xB4, 0x00, 0x00, 0x01, 0xF0, 0x00, 0x2C, 0x00, 0x00, 0x00, 0x78, 0x64, 0x00, 0x00,
    0x00, 0x50, 0x00, 0x3D, 0x00, 0x00, 0x00, 0x78, 0x00, 0x0F, 0x00, 0x00, 0x00, 0x3E, 0x00, 0x03,
    0xC0, 0x00, 0x00, 0x0F, 0xC0, 0x01, 0xFF, 0xFF, 0xFF, 0xFF, 0xF8, 0x00, 0xFF, 0xFF, 0xFF, 0xFF,
    0xFC, 0x03, 0xD0, 0x00, 0x00, 0x0F, 0xD0, 0x0B, 0x40, 0x00, 0x00, 0x2F, 0x00, 0x2E, 0x00, 0x00,
    0x00, 0x3C, 0x00, 0x78, 0x00, 0x00, 0x00, 0xB0, 0x00, 0x00, 0x2C, 0x00, 0x00, 0x00, 0x3C, 0x00,
    0xB8, 0x00, 0x00, 0x00, 0x3C, 0x02, 0xF0, 0x00, 0x00, 0x00, 0x3C, 0x0B, 0xD0, 0x00, 0x00, 0x00,
    0x3C, 0x7F, 0xFF, 0xFF, 0xFF, 0xFF, 0xFC, 0x7F, 0xFF, 0xFF, 0xFF, 0xFF, 0xFC, 0x0F, 0xC0, 0x00,
    0x00, 0x00, 0x3C, 0x02, 0xF0, 0x00, 0x00, 0x00, 0x3C, 0x00, 0xB4, 0x00, 0x00, 0x00, 0x3C, 0x00,
    0x2C, 0x00, 0x00, 0x00, 0x3C, 0x00, 0x10, 0x00, 0x01, 0xE0, 0x00, 0x0F, 0xD0, 0x00, 0xFF, 0xC0,
    0x0B, 0xFF, 0xC0, 0xBD, 0xEB, 0xC7, 0x47, 0x87, 0x80, 0x1E, 0x00, 0x00, 0x78, 0x00, 0x01, 0xE0,
    0x00, 0x07, 0x80, 0x00, 0x1E, 0x00, 0x00, 0x78, 0x00, 0x01, 0xE0, 0x00, 0x07, 0x80, 0x00, 0x1E,
    0x00, 0x00, 0x78, 0x00, 0x01, 0xE0, 0x00, 0x07, 0x80, 0x00, 0x1E, 0x00, 0x15, 0x79, 0x51, 0xFF,
    0xFF, 0xE7, 0xFF, 0xFF, 0x80, 0xB0, 0x00, 0x00, 0x00, 0xB0, 0x00, 0xB0, 0x00, 0x00, 0x00, 0x3C,
    0x00, 0xB0, 0x00, 0x00, 0x00, 0x2F, 0x00, 0xB0, 0x00, 0x00, 0x00, 0x0F, 0xC0, 0xBF, 0xFF, 0xFF,
    0xFF, 0xFF, 0xF8, 0xBF, 0xFF, 0xFF, 0xFF, 0xFF, 0xFC, 0xB0, 0x00, 0x00, 0x00, 0x0F, 0xD0, 0xB0,
    0x00, 0x00, 0x00, 0x2F, 0x00, 0xB0, 0x00, 0x00, 0x00, 0x3C, 0x00, 0xB0, 0x00, 0x00, 0x00, 0xB0,
    0x00, 0x15, 0x55, 0x51, 0xFF, 0xFF, 0xE7, 0xFF, 0xFF, 0x80, 0x1E, 0x00, 0x00, 0x78, 0x00, 0x01,
    0xE0, 0x00, 0x07, 0x80, 0x00, 0x1E, 0x00, 0x00, 0x78, 0x00, 0x01, 0xE0, 0x00, 0x07, 0x80, 0x00,
    0x1E, 0x00, 0x00, 0x78, 0x00, 0x01, 0xE0, 0x00, 0x07, 0x80, 0x00, 0x1E, 0x00, 0x00, 0x78, 0x00,
    0x81, 0xE0, 0x53, 0xD7, 0x9F, 0x43, 0xFF, 0xF4, 0x03, 0xFF, 0x40, 0x07, 0xF8, 0x00, 0x0B, 0xC0,
    0x00, 0x0D, 0x00, 0x00, 0x10, 0x00, 0x01, 0xE0, 0x00, 0x0F, 0xD0, 0x00, 0xFF, 0xC0, 0x0B, 0xFF,
    0xC0, 0xFD, 0xEB, 0xC3, 0x47, 0x82, 0x80, 0x1E, 0x00, 0x00, 0x78, 0x00, 0x01, 0xE0, 0x00, 0x07,
    0x80, 0x00, 0x1E, 0x00, 0x00, 0x78, 0x00, 0x01, 0xE0, 0x00, 0x07, 0x80, 0x00, 0x1E, 0x00, 0x00,
    0x78, 0x00, 0x81, 0xE0, 0x93, 0xE7, 0x9F, 0x43, 0xFF, 0xF4, 0x03, 0xFF, 0x40, 0x03, 0xF4, 0x00,
    0x07, 0x80, 0x05, 0x5D, 0x54, 0x7F, 0xFF, 0xF9, 0xFF, 0xFF, 0xE0, 0x00, 0x00, 0x00, 0x01, 0xFF,
    0xE0, 0x00, 0x00, 0x00, 0x00, 0xFF, 0xFC, 0x00, 0x04, 0x00, 0x00, 0x00, 0x2E, 0x00, 0x38, 0x00,
    0x00, 0x00, 0x0F, 0x01, 0xF0, 0x00, 0x00, 0x00, 0x0F, 0x0B, 0xD0, 0x00, 0x00, 0x00, 0x2E, 0x7F,
    0xFF, 0xFF, 0xFF, 0xFF, 0xFC, 0x7F, 0xFF, 0xFF, 0xFF, 0xFF, 0xE0, 0x0F, 0xC0, 0x00, 0x00, 0x00,
    0x00, 0x02, 0xF0, 0x00, 0x00, 0x00, 0x00, 0x00, 0xB4, 0x00, 0x00, 0x00, 0x00, 0x00, 0x2C, 0x00,
    0x00, 0x00, 0x00, 0x0B, 0xFF, 0x40, 0x00, 0x00, 0x00, 0x3F, 0xFF, 0x40, 0x00, 0x00, 0x00, 0x78,
    0x00, 0x00, 0x00, 0x14, 0x00, 0xB0, 0x00, 0x00, 0x00, 0x2D, 0x00, 0xB0, 0x00, 0x00, 0x00, 0x0F,
    0x40, 0x78, 0x00, 0x00, 0x00, 0x07, 0xE0, 0x3F, 0xFF, 0xFF, 0xFF, 0xFF, 0xFD, 0x0B, 0xFF, 0xFF,
    0xFF, 0xFF, 0xFE, 0x00, 0x00, 0x00, 0x00, 0x03, 0xF4, 0x00, 0x00, 0x00, 0x00, 0x0B, 0xC0, 0x00,
    0x00, 0x00, 0x00, 0x1E, 0x00, 0x00, 0x00, 0x00, 0x00, 0x3C, 0x00, 0x00, 0x00, 0x00, 0x00, 0x02,
    0xFD, 0x00, 0x00, 0x00, 0x00, 0x01, 0xFF, 0xF4, 0x00, 0x04, 0x00, 0x00, 0x3D, 0x03, 0xC0, 0x03,
    0x80, 0x00, 0x03, 0x80, 0x2C, 0x01, 0xF0, 0x00, 0x00, 0x74, 0x02, 0xC0, 0xBD, 0x00, 0x00, 0x07,
    0x40, 0x7C, 0x7F, 0xFF, 0xFF, 0xFF, 0xFF, 0xFF, 0x07, 0xFF, 0xFF, 0xFF, 0xFF, 0xFF, 0x80, 0x0F,
    0xC0, 0x00, 0x00, 0xB4, 0x00, 0x00, 0x2F, 0x00, 0x00, 0x0B, 0x40, 0x00, 0x00, 0xB4, 0x00, 0x00,
    0xB4, 0x00, 0x00, 0x02, 0xC0, 0x00, 0x07, 0x40, 0x00, 0x0B, 0xF8, 0x00, 0x00, 0x00, 0x00, 0x03,
    0xFF, 0xE0, 0x00, 0x00, 0x00, 0x00, 0xB8, 0x0F, 0x40, 0x00, 0x05, 0x00, 0x0B, 0x00, 0x38, 0x00,
    0x00, 0x78, 0x00, 0xB0, 0x03, 0xC0, 0x00, 0x02, 0xE0, 0x07, 0xC0, 0x3C, 0x00, 0x00, 0x0F, 0xC0,
    0x2F, 0xFF, 0xFF, 0xFF, 0xFF, 0xFF, 0x80, 0x6F, 0xFF, 0xFF, 0xFF, 0xFF, 0xFC, 0x00, 0x03, 0xC0,
    0x00, 0x00, 0xBD, 0x00, 0x00, 0x3C, 0x00, 0x00, 0x1F, 0x00, 0x00, 0x03, 0xC0, 0x00, 0x03, 0xC0,
    0x00, 0x00, 0x3C, 0x00, 0x00, 0xB0, 0x00, 0x00, 0x04, 0x00, 0x00, 0x00, 0x14, 0x00, 0x00, 0x1E,
    0x00, 0x00, 0x00, 0x03, 0x80, 0x00, 0x1F, 0x00, 0x07, 0xE0, 0x00, 0xBC, 0x00, 0x2F, 0x40, 0x03,
    0xFE, 0x00, 0x0F, 0xD0, 0x7F, 0xFE, 0x02, 0xD3, 0xC0, 0x3F, 0xFE, 0x1F, 0xFF, 0xC0, 0xF0, 0x74,
    0x2F, 0xFF, 0xC0, 0xFC, 0x34, 0xB4, 0x0F, 0x0F, 0x2F, 0x80, 0x0B, 0xCF, 0xFC, 0x01, 0xFF, 0x5F,
    0x40, 0x00, 0xB4, 0xFC, 0x00, 0x1F, 0x4F, 0x00, 0x00, 0x0B, 0x00, 0x00, 0x00, 0x07, 0x00, 0x00,
    0x00, 0x2C, 0x00, 0x0B, 0x42, 0xC0, 0x00, 0x0B, 0x80, 0x00, 0xF0, 0x1F, 0x00, 0x02, 0xF0, 0x00,
    0x2D, 0x00, 0xBC, 0x00, 0xBD, 0x00, 0x03, 0xC0, 0x03, 0xF0, 0x7F, 0xFF, 0xFF, 0xFF, 0xFF, 0xFF,
    0xE7, 0xFF, 0xFF, 0xFF, 0xFF, 0xFF, 0xFE, 0x0F, 0xC0, 0x02, 0xD0, 0x00, 0x3F, 0x40, 0x2F, 0x00,
    0x3C, 0x00, 0x0B, 0xC0, 0x00, 0xB4, 0x0B, 0x40, 0x00, 0xF0, 0x00, 0x02, 0xC0, 0xF0, 0x00, 0x2C,
    0x00, 0x00, 0x00, 0x00, 0x00, 0x0B, 0x40, 0x00, 0x00, 0xF0, 0x00, 0x00, 0x0E, 0x00, 0x00, 0x02,
    0xD0, 0x00, 0x00, 0x3C, 0x00, 0x00, 0x03, 0xC0, 0x00, 0x40, 0x74, 0x00, 0x78, 0x0F, 0x00, 0x7F,
    0x40, 0xF0, 0x7F, 0xF0, 0x1E, 0xBF, 0xFD, 0x02, 0xFF, 0x93, 0xC0, 0x3F, 0x80, 0x78, 0x07, 0x80,
    0x0F, 0x00, 0x40, 0x00, 0xF0, 0x00, 0x00, 0x2D, 0x00, 0x03, 0x43, 0xC0, 0x00, 0x3C, 0x78, 0x00,
    0x01, 0xEF, 0x00, 0x00, 0x0F, 0xFB, 0xF0, 0x00, 0xBF, 0xF8, 0x00, 0x07, 0xF8, 0x00, 0x00, 0x3C,
    0x00, 0x00, 0x01, 0x00, 0x00, 0x00, 0x0E, 0x00, 0x00, 0x03, 0xC0, 0x00, 0x00, 0xF8, 0x00, 0x00,
    0x7F, 0x00, 0x00, 0x2F, 0xFF, 0xFF, 0xC3, 0xFF, 0xFF, 0xFC, 0x07, 0xF0, 0x02, 0xC0, 0x0F, 0x40,
    0x2C, 0x00, 0x3C, 0x02, 0xC0, 0x00, 0xE0, 0x2C, 0x00, 0x00, 0x02, 0xC0, 0x00, 0x00, 0x2C, 0x00,
    0x00, 0x02, 0xC0, 0x00, 0x00, 0x2C, 0x00, 0x00, 0x02, 0xC0, 0x00, 0x00, 0x2C, 0x00, 0x00, 0x02,
    0xC0, 0x00, 0x00, 0x2C, 0x00, 0x00, 0x02, 0xC0, 0x00, 0x00, 0x2C, 0x00, 0x00, 0x02, 0xC0, 0x00,
    0x00, 0x2C, 0x00, 0x00, 0x02, 0xC0, 0x00, 0x0B, 0x00, 0x00, 0x00, 0x3C, 0x00, 0x00, 0x02, 0xF0,
    0x00, 0x00, 0x0F, 0xD0, 0x3F, 0xFF, 0xFF, 0x83, 0xFF, 0xFF, 0xFC, 0x38, 0x00, 0xBD, 0x03, 0x80,
    0x1F, 0x00, 0x38, 0x03, 0xC0, 0x03, 0x80, 0x70, 0x00, 0x38, 0x00, 0x00, 0x03, 0x80, 0x00, 0x00,
    0x38, 0x00, 0x00, 0x03, 0x80, 0x00, 0x00, 0x38, 0x00, 0x00, 0x03, 0x80, 0x00, 0x00, 0x38, 0x00,
    0x00, 0x03, 0x80, 0x00, 0x00, 0x38, 0x00, 0x00, 0x03, 0x80, 0x00, 0x00, 0x38, 0x00, 0x00, 0x03,
    0x80, 0x00, 0x00, 0x38, 0x00, 0x00, 0x00, 0x00, 0x00, 0x02, 0xC0, 0x00, 0x00, 0x2C, 0x00, 0x00,
    0x02, 0xC0, 0x00, 0x00, 0x2C, 0x00, 0x00, 0x02, 0xC0, 0x00, 0x00, 0x2C, 0x00, 0x00, 0x02, 0xC0,
    0x00, 0x00, 0x2C, 0x00, 0x00, 0x02, 0xC0, 0x00, 0x00, 0x2C, 0x00, 0x00, 0x02, 0xC0, 0x00, 0x00,
    0x2C, 0x00, 0x00, 0x02, 0xC0, 0x00, 0x50, 0x2C, 0x00, 0x2D, 0x02, 0xC0, 0x0B, 0x80, 0x2C, 0x03,
    0xF0, 0x02, 0xC2, 0xFF, 0xFF, 0xFC, 0x3F, 0xFF, 0xFF, 0xC0, 0x7F, 0x00, 0x00, 0x00, 0xF4, 0x00,
    0x00, 0x03, 0xC0, 0x00, 0x00, 0x0E, 0x00, 0x00, 0x38, 0x00, 0x00, 0x03, 0x80, 0x00, 0x00, 0x38,
    0x00, 0x00, 0x03, 0x80, 0x00, 0x00, 0x38, 0x00, 0x00, 0x03, 0x80, 0x00, 0x00, 0x38, 0x00, 0x00,
    0x03, 0x80, 0x00, 0x00, 0x38, 0x00, 0x00, 0x03, 0x80, 0x00, 0x00, 0x38, 0x00, 0x00, 0x03, 0x80,
    0x00, 0x00, 0x38, 0x00, 0x00, 0x03, 0x80, 0x50, 0x00, 0x38, 0x03, 0x80, 0x03, 0x80, 0x2E, 0x00,
    0x38, 0x00, 0xFC, 0x03, 0xFF, 0xFF, 0xF8, 0x3F, 0xFF, 0xFF, 0xC0, 0x00, 0x0B, 0xD0, 0x00, 0x01,
    0xF4, 0x00, 0x00, 0x3C, 0x00, 0x00, 0x0B, 0x00, 0x00, 0x15, 0x55, 0x55, 0x00, 0x0F, 0xFF, 0xFF,
    0xC0, 0x03, 0xFF, 0xFF, 0xF0, 0x00, 0x00, 0x00, 0x2C, 0x00, 0x00, 0x00, 0x0B, 0x00, 0x00, 0x00,
    0x02, 0xC0, 0x00, 0x00, 0x00, 0xB0, 0x00, 0x00, 0x2C, 0x2C, 0x2C, 0x00, 0x07, 0xEB, 0x7E, 0x00,
    0x00, 0x3F, 0xFE, 0x00, 0x00, 0x03, 0xFE, 0x00, 0x00, 0x00, 0x7F, 0x00, 0x00, 0x00, 0x0B, 0x00,
    0x00, 0x00, 0x00, 0x40, 0x00, 0x00, 0x00, 0x02, 0xC0, 0x00, 0x00, 0x2C, 0x00, 0x00, 0x02, 0xC0,
    0x00, 0x00, 0x2C, 0x00, 0x00, 0x02, 0xC0, 0x00, 0xE0, 0x2C, 0x00, 0x3C, 0x02, 0xC0, 0x0F, 0x80,
    0x2C, 0x07, 0xF0, 0x02, 0xC2, 0xFF, 0xFF, 0xFC, 0x3F, 0xFF, 0xFF, 0xC0, 0x7F, 0x00, 0x00, 0x00,
    0xF4, 0x00, 0x00, 0x03, 0xC0, 0x00, 0x00, 0x0E, 0x00, 0x00, 0x00, 0x00, 0x00, 0x14, 0x00, 0x00,
    0x00, 0x00, 0x00, 0xBF, 0xFF, 0x40, 0x00, 0x00, 0x00, 0x7F, 0xFF, 0xFF, 0x00, 0x00, 0x00, 0x2F,
    0xE0, 0x06, 0xFD, 0x00, 0x00, 0x0B, 0xD0, 0x00, 0x02, 0xF4, 0x00, 0x01, 0xF0, 0x00, 0x00, 0x0B,
    0xC0, 0xB0, 0x3D, 0x00, 0x00, 0x00, 0x2E, 0x03, 0xC7, 0x80, 0x00, 0x00, 0x00, 0xF0, 0x2F, 0xF6,
    0xF0, 0x00, 0x00, 0x07, 0x40, 0xFF, 0xFD, 0x00, 0x00, 0x00, 0x3C, 0x07, 0xFE, 0x00, 0x00, 0x00,
    0x03, 0xC0, 0x3F, 0x40, 0x00, 0x00, 0x00, 0x3C, 0x02, 0xC0, 0x00, 0x00, 0x00, 0x00, 0x00, 0x00,
    0x00, 0x00, 0x00, 0x00, 0x00, 0x00, 0x00, 0x05, 0x00, 0x00, 0x00, 0x00, 0x00, 0x2F, 0xFF, 0x90,
    0x00, 0x00, 0x00, 0x2F, 0xFF, 0xFF, 0x80, 0x00, 0x00, 0x0F, 0xF4, 0x01, 0xBF, 0x00, 0x00, 0x03,
    0xF4, 0x00, 0x00, 0xFC, 0x00, 0x00, 0xBC, 0x00, 0x00, 0x02, 0xF0, 0x00, 0x0F, 0x00, 0x00, 0x00,
    0x0F, 0x42, 0xC2, 0xD0, 0x00, 0x00, 0x00, 0x3C, 0xB8, 0x3C, 0x00, 0x00, 0x02, 0xE6, 0xEF, 0x07,
    0x80, 0x00, 0x00, 0x0B, 0xFF, 0xD0, 0x74, 0x00, 0x00, 0x00, 0x0F, 0xFC, 0x0B, 0x00, 0x00, 0x00,
    0x00, 0x2F, 0x40, 0x00, 0x00, 0x00, 0x00, 0x00, 0xB0, 0x00, 0x00, 0x00, 0x00, 0x00, 0x01, 0x00,
    0x15, 0x55, 0x55, 0x54, 0x0B, 0xFF, 0xFF, 0xFF, 0xE0, 0xBF, 0xFF, 0xFF, 0xFE, 0x00, 0x00, 0x00,
    0x00, 0x00, 0xBE, 0xAA, 0x00, 0x00, 0x07, 0xFF, 0xF4, 0x00, 0x00, 0x3F, 0xD0, 0x00, 0x00, 0x03,
    0xFD, 0x00, 0x00, 0x00, 0x3C, 0xF4, 0x00, 0x00, 0x03, 0xC3, 0xD0, 0x00, 0x00, 0x38, 0x0F, 0x40,
    0x00, 0x03, 0x00, 0x3D, 0x00, 0x00, 0x00, 0x00, 0xF4, 0x00, 0x00, 0x00, 0x03, 0xD0, 0x00, 0x00,
    0x00, 0x0F, 0x40, 0x00, 0x00, 0x00, 0x3D, 0x00, 0x00, 0x00, 0x00, 0xF4, 0x00, 0x00, 0x00, 0x03,
    0xD0, 0x00, 0x00, 0x00, 0x0F, 0x40, 0x00, 0x00, 0x00, 0x3C, 0x00, 0x00, 0x00, 0x00, 0x00, 0xB0,
    0x03, 0xC0, 0x00, 0x00, 0x00, 0xB0, 0x0F, 0x40, 0x00, 0x00, 0x00, 0xB0, 0x3F, 0x00, 0x00, 0x00,
    0x00, 0xB0, 0xFC, 0x00, 0x00, 0x00, 0x00, 0xBB, 0xFF, 0xFF, 0xFF, 0xFF, 0xFC, 0xBF, 0xFF, 0xFF,
    0xFF, 0xFF, 0xFC, 0xB1, 0xFC, 0x00, 0x00, 0x00, 0x00, 0xB0, 0x3E, 0x00, 0x00, 0x00, 0x00, 0xB0,
    0x0F, 0x00, 0x00, 0x00, 0x00, 0xB0, 0x03, 0x80, 0x00, 0x00, 0x00, 0x00, 0x00, 0x00, 0x07, 0x00,
    0x3C, 0x00, 0x00, 0x00, 0x03, 0xC0, 0x3C, 0x00, 0x00, 0x00, 0x01, 0xF0, 0x3C, 0x00, 0x00, 0x00,
    0x00, 0xFD, 0x3C, 0xBF, 0xFF, 0xFF, 0xFF, 0xFF, 0xBC, 0xBF, 0xFF, 0xFF, 0xFF, 0xFF, 0xFC, 0x00,
    0x00, 0x00, 0x00, 0xBE, 0x3C, 0x00, 0x00, 0x00, 0x01, 0xF4, 0x3C, 0x00, 0x00, 0x00, 0x03, 0xC0,
    0x3C, 0x00, 0x00, 0x00, 0x07, 0x00, 0x2C, 0x00, 0x00, 0x00, 0x00, 0x00, 0x00, 0x00, 0x00, 0x00,
    0x03, 0xE4, 0x00, 0x00, 0x00, 0x00, 0x03, 0xFF, 0xFC, 0x00, 0xF0, 0x00, 0x03, 0xFD, 0x40, 0x03,
    0xD0, 0x00, 0x03, 0xFE, 0x00, 0x0F, 0x00, 0x00, 0x03, 0xCF, 0x00, 0x1D, 0x00, 0x00, 0x03, 0xC3,
    0xC0, 0x3C, 0x00, 0x00, 0x03, 0x42, 0xC0, 0x78, 0x00, 0x00, 0x02, 0x01, 0xE0, 0x74, 0x00, 0x00,
    0x00, 0x00, 0xE0, 0xB0, 0x00, 0x00, 0x00, 0x00, 0xF0, 0xB0, 0x00, 0x00, 0x00, 0x00, 0xF0, 0xB4,
    0x00, 0x00, 0x00, 0x00, 0xE0, 0x78, 0x00, 0x00, 0x00, 0x01, 0xE0, 0x3C, 0x00, 0x00, 0x00, 0x02,
    0xD0, 0x3D, 0x00, 0x00, 0x00, 0x03, 0xC0, 0x0F, 0x40, 0x00, 0x00, 0x0F, 0x40, 0x0B, 0xD0, 0x00,
    0x00, 0x3F, 0x00, 0x03, 0xF8, 0x00, 0x01, 0xFC, 0x00, 0x00, 0xBF, 0x95, 0x6F, 0xF0, 0x00, 0x00,
    0x1F, 0xFF, 0xFF, 0x80, 0x00, 0x00, 0x01, 0xBF, 0xE4, 0x00, 0x00, 0x00, 0x00, 0x00, 0x00, 0x00,
    0x00, 0x00, 0x1B, 0x80, 0x00, 0x00, 0x00, 0x3F, 0xFF, 0x80, 0x00, 0x04, 0x00, 0x05, 0xBF, 0x40,
    0x00, 0x0F, 0x00, 0x00, 0xFF, 0x40, 0x00, 0x07, 0xC0, 0x02, 0xE7, 0x40, 0x00, 0x02, 0xE0, 0x03,
    0xC3, 0x80, 0x00, 0x00, 0xF0, 0x0B, 0x43, 0x80, 0x00, 0x00, 0x38, 0x0F, 0x01, 0x40, 0x00, 0x00,
    0x3C, 0x0E, 0x00, 0x00, 0x00, 0x00, 0x2C, 0x0E, 0x00, 0x00, 0x00, 0x00, 0x2C, 0x0E, 0x00, 0x00,
    0x00, 0x00, 0x2D, 0x0E, 0x00, 0x00, 0x00, 0x00, 0x2C, 0x0F, 0x00, 0x00, 0x00, 0x00, 0x3C, 0x0B,
    0x40, 0x00, 0x00, 0x00, 0x78, 0x07, 0xC0, 0x00, 0x00, 0x00, 0xF4, 0x03, 0xE0, 0x00, 0x00, 0x02,
    0xF0, 0x00, 0xF8, 0x00, 0x00, 0x0B, 0xD0, 0x00, 0x7F, 0x40, 0x00, 0x3F, 0x40, 0x00, 0x1F, 0xF9,
    0x5B, 0xFD, 0x00, 0x00, 0x02, 0xFF, 0xFF, 0xE0, 0x00, 0x00, 0x00, 0x2F, 0xFE, 0x00, 0x00, 0x00,
    0x2C, 0x00, 0x00, 0x00, 0x00, 0x00, 0xB4, 0x00, 0x00, 0x00, 0x00, 0x02, 0xF0, 0x00, 0x00, 0x00,
    0x00, 0x0B, 0xD0, 0x00, 0x00, 0x00, 0x00, 0x7F, 0xFF, 0xFF, 0xFF, 0xFF, 0xFC, 0xBF, 0xFF, 0xFF,
    0xFF, 0xFF, 0xFC, 0x15, 0x55, 0x55, 0x55, 0x55, 0x54, 0xBF, 0xFF, 0xFF, 0xFF, 0xFF, 0xFC, 0x7F,
    0xFF, 0xFF, 0xFF, 0xFF, 0xFC, 0x0F, 0xC0, 0x00, 0x00, 0x00, 0x00, 0x02, 0xF0, 0x00, 0x00, 0x00,
    0x00, 0x00, 0xB4, 0x00, 0x00, 0x00, 0x00, 0x00, 0x2C, 0x00, 0x00, 0x00, 0x00, 0x20, 0x00, 0xE0,
    0x03, 0xD0, 0x0F, 0xC0, 0x3F, 0xC0, 0xEF, 0xC3, 0x87, 0x8E, 0x00, 0x38, 0x00, 0xE0, 0x03, 0x80,
    0x0E, 0x00, 0x38, 0x00, 0xE0, 0x03, 0x80, 0x0E, 0x00, 0x38, 0x00, 0xE0, 0x03, 0x80, 0x0E, 0x00,
    0x38, 0x00, 0xE0, 0x03, 0x80, 0x00, 0x00, 0x14, 0x01, 0xE0, 0x0F, 0x80, 0xBE, 0x0B, 0xF8, 0xBE,
    0xE3, 0x87, 0x80, 0x1E, 0x00, 0x78, 0x01, 0xE0, 0x07, 0x80, 0x1E, 0x00, 0x78, 0x01, 0xE0, 0x07,
    0x80, 0x1E, 0x00, 0x78, 0x01, 0xE0, 0x07, 0x80, 0x1E, 0x00, 0x78, 0x01, 0xE0, 0x07, 0x80, 0x00,
    0x00, 0x00, 0x00, 0xB0, 0x00, 0x00, 0x00, 0x00, 0x00, 0x3C, 0x00, 0x00, 0x00, 0x00, 0x00, 0x2F,
    0x00, 0x00, 0x00, 0x00, 0x00, 0x0F, 0xC0, 0xBF, 0xFF, 0xFF, 0xFF, 0xFF, 0xF8, 0xBF, 0xFF, 0xFF,
    0xFF, 0xFF, 0xFC, 0x15, 0x55, 0x55, 0x55, 0x55, 0x54, 0xBF, 0xFF, 0xFF, 0xFF, 0xFF, 0xFC, 0xBF,
    0xFF, 0xFF, 0xFF, 0xFF, 0xF8, 0x00, 0x00, 0x00, 0x00, 0x0F, 0xD0, 0x00, 0x00, 0x00, 0x00, 0x2F,
    0x00, 0x00, 0x00, 0x00, 0x00, 0x3C, 0x00, 0x00, 0x00, 0x00, 0x00, 0xB0, 0x00, 0x24, 0x00, 0xE0,
    0x03, 0x80, 0x0E, 0x00, 0x38, 0x00, 0xE0, 0x03, 0x80, 0x0E, 0x00, 0x38, 0x00, 0xE0, 0x03, 0x80,
    0x0E, 0x00, 0x38, 0x00, 0xE0, 0x03, 0x80, 0x0E, 0x00, 0x38, 0x14, 0xE3, 0xD3, 0xFE, 0x0F, 0xE0,
    0x3E, 0x00, 0xF0, 0x03, 0x40, 0x00, 0x00, 0x24, 0x01, 0xE0, 0x07, 0x80, 0x1E, 0x00, 0x78, 0x01,
    0xE0, 0x07, 0x80, 0x1E, 0x00, 0x78, 0x01, 0xE0, 0x07, 0x80, 0x1E, 0x00, 0x78, 0x01, 0xE0, 0x07,
    0x80, 0x1E, 0x10, 0x78, 0xF5, 0xE1, 0xFF, 0x81, 0xFE, 0x01, 0xF8, 0x02, 0xE0, 0x03, 0x80, 0x00,
    0x00, 0x00, 0x00, 0xB0, 0x00, 0x00, 0x00, 0x00, 0x00, 0x3C, 0x00, 0x00, 0x00, 0x00, 0x00, 0x2F,
    0x00, 0x00, 0x00, 0x00, 0x00, 0x0F, 0xC0, 0xBF, 0xFF, 0xFF, 0xFF, 0xFF, 0xF8, 0xBF, 0xFF, 0xFF,
    0xFF, 0xFF, 0xFC, 0x00, 0x00, 0x00, 0x00, 0x0F, 0xD0, 0x00, 0x00, 0x00, 0x00, 0x2F, 0x00, 0x00,
    0x00, 0x00, 0x00, 0x3C, 0x00, 0x00, 0x00, 0x00, 0x00, 0xB0, 0x00, 0x00, 0x2C, 0x00, 0x00, 0x00,
    0x00, 0x00, 0xB8, 0x00, 0x00, 0x00, 0x00, 0x02, 0xF0, 0x00, 0x00, 0x00, 0x00, 0x0B, 0xD0, 0x00,
    0x00, 0x00, 0x00, 0x7F, 0xFF, 0xFF, 0xFF, 0xFF, 0xFC, 0x7F, 0xFF, 0xFF, 0xFF, 0xFF, 0xFC, 0x0F,
    0xC0, 0x00, 0x00, 0x00, 0x00, 0x02, 0xF0, 0x00, 0x00, 0x00, 0x00, 0x00, 0xB4, 0x00, 0x00, 0x00,
    0x00, 0x00, 0x2C, 0x00, 0x00, 0x00, 0x00, 0x00, 0x10, 0x00, 0x06, 0x00, 0x00, 0x1E, 0x00, 0x02,
    0xD0, 0x00, 0x0F, 0xC0, 0x00, 0xB4, 0x00, 0x0B, 0xFC, 0x00, 0x2D, 0x00, 0x0B, 0xFF, 0xC0, 0x0B,
    0x40, 0x0B, 0xEE, 0xFC, 0x02, 0xD0, 0x03, 0x87, 0x87, 0x40, 0xB4, 0x00, 0x01, 0xE0, 0x00, 0x2D,
    0x00, 0x00, 0x78, 0x00, 0x0B, 0x40, 0x00, 0x1E, 0x00, 0x02, 0xD0, 0x00, 0x07, 0x80, 0x00, 0xB4,
    0x00, 0x01, 0xE0, 0x00, 0x2D, 0x00, 0x00, 0x78, 0x00, 0x0B, 0x40, 0x00, 0x1E, 0x00, 0x02, 0xD0,
    0x00, 0x07, 0x80, 0x00, 0xB4, 0x00, 0x01, 0xE0, 0x00, 0x2D, 0x00, 0x00, 0x78, 0x05, 0x0B, 0x41,
    0x00, 0x1E, 0x01, 0xF2, 0xD7, 0xC0, 0x07, 0x80, 0x1F, 0xFF, 0xD0, 0x01, 0xE0, 0x02, 0xFF, 0xD0,
    0x00, 0x78, 0x00, 0x2F, 0xD0, 0x00, 0x1E, 0x00, 0x03, 0xE0, 0x00, 0x07, 0x80, 0x00, 0x70, 0x00,
    0x00, 0x04, 0x00, 0x00, 0x00, 0x00, 0x00, 0x78, 0x00, 0x00, 0x00, 0x00, 0x01, 0xF0, 0x00, 0x00,
    0x00, 0x00, 0x0B, 0xD0, 0x00, 0x00, 0x00, 0x00, 0x7F, 0xFF, 0xFF, 0xFF, 0xFF, 0xFC, 0x7F, 0xFF,
    0xFF, 0xFF, 0xFF, 0xFC, 0x0F, 0xC0, 0x00, 0x00, 0x00, 0x00, 0x03, 0xF0, 0x00, 0x00, 0x00, 0x00,
    0x00, 0xB4, 0x00, 0x00, 0x00, 0x00, 0x00, 0x3C, 0x00, 0x00, 0x00, 0x00, 0x00, 0x00, 0x00, 0x00,
    0xA0, 0x00, 0x00, 0x00, 0x00, 0x00, 0x78, 0x00, 0x00, 0x00, 0x00, 0x00, 0x2F, 0x00, 0x00, 0x00,
    0x00, 0x00, 0x0F, 0xC0, 0xBF, 0xFF, 0xFF, 0xFF, 0xFF, 0xF8, 0xBF, 0xFF, 0xFF, 0xFF, 0xFF, 0xFC,
    0x00, 0x00, 0x00, 0x00, 0x0F, 0xD0, 0x00, 0x00, 0x00, 0x00, 0x2F, 0x00, 0x00, 0x00, 0x00, 0x00,
    0x3C, 0x00, 0x00, 0x00, 0x00, 0x00, 0xB0, 0x00, 0x00, 0x04, 0x00, 0x00, 0x00, 0x00, 0x00, 0x78,
    0x00, 0x00, 0x00, 0x00, 0x01, 0xF0, 0x00, 0x00, 0x00, 0x00, 0x0B, 0xD0, 0x00, 0x00, 0x00, 0x00,
    0x7F, 0xFF, 0xFF, 0xFF, 0xFF, 0xFC, 0xBF, 0xFF, 0xFF, 0xFF, 0xFF, 0xFC, 0x1F, 0xD5, 0x55, 0x55,
    0x55, 0x54, 0x03, 0xE0, 0x00, 0x00, 0x00, 0x00, 0x00, 0xB4, 0x00, 0x00, 0x00, 0x00, 0x00, 0x2C,
    0x00, 0x00, 0x00, 0x00, 0x00, 0x2C, 0x00, 0x00, 0x00, 0x00, 0x00, 0xB4, 0x00, 0x00, 0x00, 0x00,
    0x02, 0xF0, 0x00, 0x00, 0x00, 0x00, 0x1F, 0xD5, 0x55, 0x55, 0x55, 0x54, 0xBF, 0xFF, 0xFF, 0xFF,
    0xFF, 0xFC, 0x7F, 0xFF, 0xFF, 0xFF, 0xFF, 0xFC, 0x0F, 0xC0, 0x00, 0x00, 0x00, 0x00, 0x02, 0xF0,
    0x00, 0x00, 0x00, 0x00, 0x00, 0xB4, 0x00, 0x00, 0x00, 0x00, 0x00, 0x2C, 0x00, 0x00, 0x00, 0x00,
    0x00, 0x10, 0x00, 0x01, 0x00, 0x00, 0x1E, 0x00, 0x02, 0xD0, 0x00, 0x0F, 0xC0, 0x00, 0xFC, 0x00,
    0x0B, 0xFC, 0x00, 0xFF, 0x80, 0x0B, 0xFF, 0xC0, 0xFF, 0xF8, 0x0B, 0xEE, 0xFC, 0xFE, 0xEF, 0x83,
    0x87, 0x87, 0xF4, 0xB4, 0xB0, 0x01, 0xE0, 0x10, 0x2D, 0x00, 0x00, 0x78, 0x00, 0x0B, 0x40, 0x00,
    0x1E, 0x00, 0x02, 0xD0, 0x00, 0x07, 0x80, 0x00, 0xB4, 0x00, 0x01, 0xE0, 0x00, 0x2D, 0x00, 0x00,
    0x78, 0x00, 0x0B, 0x40, 0x00, 0x1E, 0x00, 0x02, 0xD0, 0x00, 0x07, 0x80, 0x00, 0xB4, 0x00, 0x01,
    0xE0, 0x00, 0x2D, 0x00, 0x00, 0x78, 0x00, 0x0B, 0x40, 0x00, 0x1E, 0x00, 0x02, 0xD0, 0x00, 0x07,
    0x80, 0x00, 0xB4, 0x00, 0x01, 0xE0, 0x00, 0x2D, 0x00, 0x00, 0x78, 0x00, 0x0B, 0x40, 0x00, 0x1E,
    0x00, 0x02, 0xD0, 0x00, 0x07, 0x80, 0x00, 0xB4, 0x00, 0x00, 0x00, 0x00, 0x00, 0xB0, 0x00, 0x00,
    0x00, 0x00, 0x00, 0x3C, 0x00, 0x00, 0x00, 0x00, 0x00, 0x2F, 0x00, 0x00, 0x00, 0x00, 0x00, 0x0F,
    0xC0, 0xBF, 0xFF, 0xFF, 0xFF, 0xFF, 0xF8, 0xBF, 0xFF, 0xFF, 0xFF, 0xFF, 0xFC, 0x00, 0x00, 0x00,
    0x00, 0x0F, 0xD0, 0x00, 0x00, 0x00, 0x00, 0x2F, 0x00, 0x00, 0x00, 0x00, 0x00, 0x3C, 0x00, 0x00,
    0x00, 0x00, 0x00, 0xB0, 0x00, 0x00, 0x00, 0x00, 0x00, 0xB0, 0x00, 0x00, 0x00, 0x00, 0x00, 0x3C,
    0x00, 0x00, 0x00, 0x00, 0x00, 0x2F, 0x00, 0x00, 0x00, 0x00, 0x00, 0x0F, 0xC0, 0xBF, 0xFF, 0xFF,
    0xFF, 0xFF, 0xF8, 0xBF, 0xFF, 0xFF, 0xFF, 0xFF, 0xFC, 0x00, 0x00, 0x00, 0x00, 0x0F, 0xD0, 0x00,
    0x00, 0x00, 0x00, 0x2F, 0x00, 0x00, 0x00, 0x00, 0x00, 0x3C, 0x00, 0x00, 0x00, 0x00, 0x00, 0xB0,
    0x00, 0x00, 0x24, 0x00, 0x06, 0x00, 0x00, 0x1E, 0x00, 0x02, 0xD0, 0x00, 0x07, 0x80, 0x00, 0xB4,
    0x00, 0x01, 0xE0, 0x00, 0x2D, 0x00, 0x00, 0x78, 0x00, 0x0B, 0x40, 0x00, 0x1E, 0x00, 0x02, 0xD0,
    0x00, 0x07, 0x80, 0x00, 0xB4, 0x00, 0x01, 0xE0, 0x00, 0x2D, 0x00, 0x00, 0x78, 0x00, 0x0B, 0x40,
    0x00, 0x1E, 0x00, 0x02, 0xD0, 0x00, 0x07, 0x80, 0x00, 0xB4, 0x00, 0x01, 0xE0, 0x00, 0x2D, 0x00,
    0x00, 0x78, 0x00, 0x0B, 0x40, 0x00, 0x1E, 0x00, 0x02, 0xD0, 0x00, 0x07, 0x80, 0x00, 0xB4, 0x00,
    0x01, 0xE0, 0x00, 0x2D, 0x00, 0x10, 0x78, 0x19, 0x0B, 0x41, 0x0F, 0x5E, 0x3E, 0xF2, 0xD7, 0xC1,
    0xFF, 0xFD, 0x1F, 0xFF, 0xD0, 0x1F, 0xFD, 0x01, 0xFF, 0xD0, 0x01, 0xFE, 0x00, 0x2F, 0xD0, 0x00,
    0x2F, 0x00, 0x03, 0xE0, 0x00, 0x03, 0x40, 0x00, 0x70, 0x00, 0x00, 0x2C, 0x00, 0x00, 0x00, 0x00,
    0x00, 0xB4, 0x00, 0x00, 0x00, 0x00, 0x02, 0xF0, 0x00, 0x00, 0x00, 0x00, 0x0B, 0xD0, 0x00, 0x00,
    0x00, 0x00, 0x7F, 0xFF, 0xFF, 0xFF, 0xFF, 0xFC, 0xBF, 0xFF, 0xFF, 0xFF, 0xFF, 0xFC, 0x00, 0x00,
    0x00, 0x00, 0x00, 0x00, 0x00, 0x00, 0x00, 0x00, 0x00, 0x00, 0x00, 0x00, 0x00, 0x00, 0x00, 0x00,
    0x15, 0x55, 0x55, 0x55, 0x55, 0x54, 0xBF, 0xFF, 0xFF, 0xFF, 0xFF, 0xFC, 0xBF, 0xFF, 0xFF, 0xFF,
    0xFF, 0xF8, 0x00, 0x00, 0x00, 0x00, 0x0F, 0xD0, 0x00, 0x00, 0x00, 0x00, 0x2F, 0x00, 0x00, 0x00,
    0x00, 0x00, 0x3C, 0x00, 0x00, 0x00, 0x00, 0x00, 0xB0, 0x00, 0x00, 0x00, 0x00, 0x00, 0xB0, 0x00,
    0x00, 0x00, 0x00, 0x00, 0x3C, 0x00, 0x00, 0x00, 0x00, 0x00, 0x1F, 0x00, 0x15, 0x55, 0x55, 0x55,
    0x5F, 0xE0, 0xBF, 0xFF, 0xFF, 0xFF, 0xFF, 0xFC, 0xBF, 0xFF, 0xFF, 0xFF, 0xFF, 0xFC, 0x00, 0x00,
    0x00, 0x00, 0x00, 0x00, 0x00, 0x00, 0x00, 0x00, 0x00, 0x00, 0x15, 0x55, 0x55, 0x55, 0x55, 0x54,
    0xBF, 0xFF, 0xFF, 0xFF, 0xFF, 0xFC, 0x7F, 0xFF, 0xFF, 0xFF, 0xFF, 0xFC, 0x0F, 0xC0, 0x00, 0x00,
    0x00, 0x00, 0x02, 0xF0, 0x00, 0x00, 0x00, 0x00, 0x00, 0xB4, 0x00, 0x00, 0x00, 0x00, 0x00, 0x2C,
    0x00, 0x00, 0x00, 0x00, 0x00, 0x03, 0x40, 0x00, 0x00, 0x00, 0x00, 0x0F, 0x00, 0x00, 0x00, 0x00,
    0x00, 0x3C, 0x00, 0x00, 0x00, 0x00, 0x00, 0xF9, 0x55, 0x55, 0xF5, 0x54, 0x03, 0xFF, 0xFF, 0xFF,
    0xFF, 0xFC, 0x0F, 0xFF, 0xFF, 0xFF, 0xFF, 0xFC, 0x3F, 0x40, 0x00, 0x0B, 0x40, 0x00, 0xBF, 0x00,
    0x00, 0x0F, 0x00, 0x00, 0x3F, 0x95, 0x55, 0x7E, 0x55, 0x54, 0x0F, 0xFF, 0xFF, 0xFF, 0xFF, 0xFC,
    0x03, 0xFF, 0xFF, 0xFF, 0xFF, 0xFC, 0x00, 0xF4, 0x00, 0xF0, 0x00, 0x00, 0x00, 0x3C, 0x01, 0x90,
    0x00, 0x00, 0x00, 0x1E, 0x00, 0x00, 0x00, 0x00, 0x00, 0x07, 0x40, 0x00, 0x00, 0x00, 0x00, 0x01,
    0x40, 0x00, 0x00, 0x00, 0x00, 0x03, 0x40, 0x00, 0x00, 0x38, 0x00, 0x00, 0x00, 0xF0, 0x00, 0x00,
    0x00, 0xE0, 0x00, 0x00, 0x3C, 0x00, 0x00, 0x00, 0x07, 0x80, 0x00, 0x0F, 0x95, 0x55, 0x5F, 0x55,
    0x7E, 0x00, 0x03, 0xFF, 0xFF, 0xFF, 0xFF, 0xFF, 0xF8, 0x00, 0xFF, 0xFF, 0xFF, 0xFF, 0xFF, 0xFF,
    0xE0, 0x3F, 0x40, 0x00, 0x0B, 0x40, 0x00, 0x3F, 0x8B, 0xF0, 0x00, 0x01, 0xE0, 0x00, 0x01, 0xFC,
    0x3F, 0x95, 0x55, 0x7D, 0x55, 0x55, 0x7F, 0x40, 0xFF, 0xFF, 0xFF, 0xFF, 0xFF, 0xFF, 0xD0, 0x03,
    0xFF, 0xFF, 0xFF, 0xFF, 0xFF, 0xF8, 0x00, 0x0F, 0x40, 0x0F, 0x00, 0x00, 0x3E, 0x00, 0x00, 0x3C,
    0x01, 0x80, 0x00, 0x0B, 0x80, 0x00, 0x01, 0xE0, 0x00, 0x00, 0x00, 0xF0, 0x00, 0x00, 0x07, 0x40,
    0x00, 0x00, 0x2C, 0x00, 0x00, 0x00, 0x14, 0x00, 0x00, 0x01, 0x00, 0x00, 0x00, 0x00, 0x00, 0x03,
    0x40, 0x00, 0x00, 0x00, 0x00, 0x01, 0xD0, 0x00, 0x00, 0x00, 0x00, 0x00, 0xB4, 0x00, 0x15, 0x55,
    0x6E, 0x55, 0x7D, 0x00, 0xBF, 0xFF, 0xFF, 0xFF, 0xFF, 0x40, 0xBF, 0xFF, 0xFF, 0xFF, 0xFF, 0xD0,
    0x00, 0x00, 0xF0, 0x00, 0x03, 0xF4, 0x00, 0x02, 0xD0, 0x00, 0x02, 0xFC, 0x15, 0x57, 0xD5, 0x55,
    0x57, 0xF0, 0xBF, 0xFF, 0xFF, 0xFF, 0xFF, 0xD0, 0xBF, 0xFF, 0xFF, 0xFF, 0xFF, 0x40, 0x00, 0x2D,
    0x00, 0x00, 0x3D, 0x00, 0x00, 0x28, 0x00, 0x00, 0xF4, 0x00, 0x00, 0x00, 0x00, 0x01, 0xE0, 0x00,
    0x00, 0x00, 0x00, 0x03, 0x80, 0x00, 0x00, 0x00, 0x00, 0x01, 0x00, 0x00, 0x00, 0x03, 0x40, 0x00,
    0x00, 0x00, 0x00, 0x0F, 0x00, 0x00, 0x00, 0x00, 0x00, 0x3C, 0x00, 0x00, 0x00, 0x00, 0x00, 0xF9,
    0x55, 0x55, 0x55, 0x54, 0x03, 0xFF, 0xFF, 0xFF, 0xFF, 0xFC, 0x0F, 0xFF, 0xFF, 0xFF, 0xFF, 0xFC,
    0x3F, 0x40, 0x00, 0x00, 0x00, 0x00, 0xBF, 0x00, 0x00, 0x00, 0x00, 0x00, 0x3F, 0x95, 0x55, 0x55,
    0x55, 0x54, 0x0F, 0xFF, 0xFF, 0xFF, 0xFF, 0xFC, 0x03, 0xFF, 0xFF, 0xFF, 0xFF, 0xFC, 0x00, 0xF4,
    0x00, 0x00, 0x00, 0x00, 0x00, 0x3C, 0x00, 0x00, 0x00, 0x00, 0x00, 0x1E, 0x00, 0x00, 0x00, 0x00,
    0x00, 0x07, 0x40, 0x00, 0x00, 0x00, 0x00, 0x01, 0x40, 0x00, 0x00, 0x00, 0x00, 0x00, 0x40, 0x00,
    0x00, 0x00, 0xBC, 0x00, 0x00, 0x00, 0xBF, 0xC0, 0x00, 0x00, 0xBF, 0xFC, 0x00, 0x00, 0xFE, 0x2F,
    0xC0, 0x00, 0xFF, 0x03, 0xFC, 0x00, 0xFF, 0xC0, 0xFF, 0xC0, 0xF4, 0xB0, 0x3C, 0x7C, 0x20, 0x2C,
    0x0F, 0x02, 0x40, 0x0B, 0x03, 0xC0, 0x00, 0x02, 0xC0, 0xF0, 0x00, 0x00, 0xB0, 0x3C, 0x00, 0x00,
    0x2C, 0x0F, 0x00, 0x00, 0x0B, 0x03, 0xC0, 0x00, 0x02, 0xC0, 0xF0, 0x00, 0x00, 0xB0, 0x3C, 0x00,
    0x00, 0x2C, 0x0F, 0x00, 0x00, 0x0B, 0x03, 0xC0, 0x00, 0x02, 0xC0, 0xF0, 0x00, 0x00, 0xB0, 0x3C,
    0x00, 0x00, 0x2C, 0x0F, 0x00, 0x00, 0x0B, 0x03, 0xC0, 0x00, 0x02, 0xC0, 0xF0, 0x00, 0x00, 0x00,
    0x00, 0x03, 0x40, 0x00, 0x00, 0x00, 0x00, 0x01, 0xD0, 0x00, 0x00, 0x00, 0x00, 0x00, 0xB4, 0x00,
    0x15, 0x55, 0x55, 0x55, 0x7D, 0x00, 0xBF, 0xFF, 0xFF, 0xFF, 0xFF, 0x40, 0xBF, 0xFF, 0xFF, 0xFF,
    0xFF, 0xD0, 0x00, 0x00, 0x00, 0x00, 0x03, 0xF4, 0x00, 0x00, 0x00, 0x00, 0x02, 0xFC, 0x15, 0x55,
    0x55, 0x55, 0x57, 0xF0, 0xBF, 0xFF, 0xFF, 0xFF, 0xFF, 0xD0, 0xBF, 0xFF, 0xFF, 0xFF, 0xFF, 0x40,
    0x00, 0x00, 0x00, 0x00, 0x3D, 0x00, 0x00, 0x00, 0x00, 0x00, 0xF4, 0x00, 0x00, 0x00, 0x00, 0x01,
    0xE0, 0x00, 0x00, 0x00, 0x00, 0x03, 0x80, 0x00, 0x00, 0x00, 0x00, 0x01, 0x00, 0x00, 0x00, 0x18,
    0x09, 0x00, 0x00, 0x0B, 0x03, 0xC0, 0x00, 0x02, 0xC0, 0xF0, 0x00, 0x00, 0xB0, 0x3C, 0x00, 0x00,
    0x2C, 0x0F, 0x00, 0x00, 0x0B, 0x03, 0xC0, 0x00, 0x02, 0xC0, 0xF0, 0x00, 0x00, 0xB0, 0x3C, 0x00,
    0x00, 0x2C, 0x0F, 0x00, 0x00, 0x0B, 0x03, 0xC0, 0x00, 0x02, 0xC0, 0xF0, 0x00, 0x00, 0xB0, 0x3C,
    0x00, 0x00, 0x2C, 0x0F, 0x00, 0x00, 0x0B, 0x03, 0xC0, 0x00, 0x02, 0xC0, 0xF0, 0x01, 0xD0, 0xB0,
    0x3C, 0x1D, 0x2F, 0x2C, 0x0F, 0x3E, 0x02, 0xFF, 0x03, 0xFE, 0x00, 0x1F, 0xC0, 0xFE, 0x00, 0x01,
    0xFD, 0xFD, 0x00, 0x00, 0x1F, 0xFD, 0x00, 0x00, 0x01, 0xFD, 0x00, 0x00, 0x00, 0x1D, 0x00, 0x00,
    0x00, 0x03, 0x40, 0x00, 0x00, 0x38, 0x00, 0x00, 0x00, 0xF0, 0x00, 0x00, 0x00, 0xE0, 0x00, 0x00,
    0x3C, 0x00, 0x00, 0x00, 0x07, 0x80, 0x00, 0x0F, 0x95, 0x55, 0x55, 0x55, 0x7E, 0x00, 0x03, 0xFF,
    0xFF, 0xFF, 0xFF, 0xFF, 0xF8, 0x00, 0xFF, 0xFF, 0xFF, 0xFF, 0xFF, 0xFF, 0xE0, 0x3F, 0x40, 0x00,
    0x00, 0x00, 0x00, 0x3F, 0x8B, 0xF0, 0x00, 0x00, 0x00, 0x00, 0x01, 0xFC, 0x3F, 0x95, 0x55, 0x55,
    0x55, 0x55, 0x7F, 0x40, 0xFF, 0xFF, 0xFF, 0xFF, 0xFF, 0xFF, 0xD0, 0x03, 0xFF, 0xFF, 0xFF, 0xFF,
    0xFF, 0xF8, 0x00, 0x0F, 0x40, 0x00, 0x00, 0x00, 0x3E, 0x00, 0x00, 0x3C, 0x00, 0x00, 0x00, 0x0B,
    0x80, 0x00, 0x01, 0xE0, 0x00, 0x00, 0x00, 0xF0, 0x00, 0x00, 0x07, 0x40, 0x00, 0x00, 0x2C, 0x00,
    0x00, 0x00, 0x14, 0x00, 0x00, 0x01, 0x00, 0x00, 0x00, 0x01, 0xD0, 0x00, 0x00, 0x01, 0xFD, 0x00,
    0x00, 0x01, 0xFF, 0xD0, 0x00, 0x01, 0xFE, 0xFD, 0x00, 0x01, 0xFD, 0x0F, 0xD0, 0x01, 0xFF, 0x03,
    0xFE, 0x02, 0xF6, 0xC0, 0xF7, 0xE0, 0xE0, 0xB0, 0x3C, 0x2D, 0x00, 0x2C, 0x0F, 0x00, 0x00, 0x0B,
    0x03, 0xC0, 0x00, 0x02, 0xC0, 0xF0, 0x00, 0x00, 0xB0, 0x3C, 0x00, 0x00, 0x2C, 0x0F, 0x00, 0x00,
    0x0B, 0x03, 0xC0, 0x00, 0x02, 0xC0, 0xF0, 0x00, 0x00, 0xB0, 0x3C, 0x00, 0x00, 0x2C, 0x0F, 0x00,
    0x00, 0x0B, 0x03, 0xC0, 0x00, 0x02, 0xC0, 0xF0, 0x00, 0x00, 0xB0, 0x3C, 0x00, 0x00, 0x2C, 0x0F,
    0x00, 0x0E, 0x0B, 0x03, 0xC1, 0xD2, 0xF6, 0xC0, 0xF7, 0xE0, 0x1F, 0xF0, 0x3F, 0xE0, 0x01, 0xFC,
    0x0F, 0xD0, 0x00, 0x1F, 0xEF, 0xD0, 0x00, 0x01, 0xFF, 0xD0, 0x00, 0x00, 0x1F, 0xD0, 0x00, 0x00,
    0x01, 0xD0, 0x00, 0x00, 0x00, 0x00, 0x00, 0x00, 0x00, 0x7F, 0xFF, 0xFF, 0x00, 0x00, 0x7F, 0xFF,
    0xE4, 0x00, 0x00, 0x7E, 0x7E, 0x00, 0x00, 0x00, 0x7C, 0x0F, 0x80, 0x00, 0x00, 0x7C, 0x03, 0xE0,
    0x00, 0x00, 0xBF, 0x00, 0xF8, 0x00, 0x00, 0xBF, 0xC0, 0x3E, 0x00, 0x00, 0xB6, 0xF0, 0x0F, 0x80,
    0x00, 0xB0, 0xBC, 0x03, 0xE0, 0x00, 0xB0, 0x2F, 0x00, 0xF8, 0x00, 0xA0, 0x0B, 0xC0, 0x3E, 0x00,
    0x10, 0x02, 0xF0, 0x0F, 0x80, 0x00, 0x00, 0xBC, 0x03, 0xE0, 0x00, 0x00, 0x2F, 0x00, 0xF8, 0x00,
    0x00, 0x0B, 0xC0, 0x38, 0x00, 0x00, 0x02, 0xF0, 0x00, 0x00, 0x00, 0x00, 0xBC, 0x00, 0x00, 0x00,
    0x00, 0x2E, 0x00, 0x00, 0x00, 0x00, 0x04, 0x00, 0x00, 0x00, 0x00, 0x00, 0x00, 0x00, 0x02, 0xFF,
    0xFF, 0xF8, 0x00, 0x00, 0x1B, 0xFF, 0xFC, 0x00, 0x00, 0x00, 0xFA, 0xFC, 0x00, 0x00, 0x03, 0xD0,
    0xBC, 0x00, 0x00, 0x0F, 0x40, 0xBC, 0x00, 0x00, 0x3D, 0x02, 0xFC, 0x00, 0x00, 0xF4, 0x0B, 0xFC,
    0x00, 0x03, 0xD0, 0x2F, 0x3C, 0x00, 0x0F, 0x40, 0xBC, 0x3C, 0x00, 0x3D, 0x02, 0xF0, 0x2C, 0x00,
    0xF4, 0x0B, 0xC0, 0x1C, 0x03, 0xD0, 0x2F, 0x00, 0x04, 0x0F, 0x40, 0xBC, 0x00, 0x00, 0x3D, 0x02,
    0xF0, 0x00, 0x00, 0x74, 0x0B, 0xC0, 0x00, 0x00, 0x00, 0x2F, 0x00, 0x00, 0x00, 0x00, 0xBC, 0x00,
    0x00, 0x00, 0x00, 0xF0, 0x00, 0x00, 0x00, 0x00, 0x40, 0x00, 0x00, 0x00, 0x00, 0x00, 0x00, 0x00,
    0x00, 0x00, 0xE0, 0x00, 0x00, 0x00, 0x00, 0xB8, 0x00, 0x00, 0x00, 0x00, 0x2E, 0x00, 0x00, 0x00,
    0x30, 0x0B, 0x80, 0x00, 0x00, 0x7C, 0x02, 0xE0, 0x00, 0x00, 0x1F, 0x00, 0xB8, 0x00, 0x00, 0x07,
    0xC0, 0x2E, 0x00, 0x00, 0x01, 0xF0, 0x0B, 0x80, 0x0C, 0x00, 0x7C, 0x03, 0xE0, 0x1C, 0x00, 0x1F,
    0x00, 0xF8, 0x2C, 0x00, 0x07, 0xC0, 0x3E, 0x3C, 0x00, 0x01, 0xF0, 0x0F, 0xFC, 0x00, 0x00, 0x7C,
    0x03, 0xFC, 0x00, 0x00, 0x1F, 0x00, 0xFC, 0x00, 0x00, 0x07, 0xC0, 0xBC, 0x00, 0x00, 0x01, 0xF5,
    0xFC, 0x00, 0x00, 0x1A, 0xFF, 0xFC, 0x00, 0x01, 0xFF, 0xFF, 0xFC, 0x00, 0x00, 0x00, 0x00, 0x00,
    0x00, 0x00, 0x00, 0x04, 0x00, 0x00, 0x00, 0x00, 0x2E, 0x00, 0x00, 0x00, 0x00, 0xBC, 0x00, 0x00,
    0x00, 0x02, 0xF0, 0x00, 0x00, 0x00, 0x0B, 0xC0, 0x38, 0x00, 0x00, 0x2F, 0x00, 0xF4, 0x00, 0x00,
    0xBC, 0x03, 0xD0, 0x10, 0x02, 0xF0, 0x0F, 0x40, 0xA0, 0x0B, 0xC0, 0x3D, 0x00, 0xB0, 0x2F, 0x00,
    0xF4, 0x00, 0xB0, 0xBC, 0x03, 0xD0, 0x00, 0xB6, 0xF0, 0x0F, 0x80, 0x00, 0xBF, 0xC0, 0x3E, 0x00,
    0x00, 0x7F, 0x00, 0xF8, 0x00, 0x00, 0x7C, 0x03, 0xE0, 0x00, 0x00, 0x7C, 0x0F, 0x80, 0x00, 0x00,
    0x7E, 0xBE, 0x00, 0x00, 0x00, 0x7F, 0xFF, 0xE4, 0x00, 0x00, 0x7F, 0xFF, 0xFF, 0x00, 0x00, 0x00,
    0x03, 0x80, 0x00, 0x00, 0x00, 0x00, 0x0B, 0x00, 0x00, 0x00, 0x00, 0x00, 0x1E, 0x00, 0x00, 0x00,
    0x00, 0x00, 0x3C, 0x00, 0x00, 0x00, 0x00, 0x00, 0xFF, 0xFF, 0xFF, 0xFF, 0xFC, 0x02, 0xFF, 0xFF,
    0xFF, 0xFF, 0xFC, 0x07, 0xF5, 0x55, 0x55, 0x55, 0x54, 0x0F, 0xC0, 0x00, 0x00, 0x00, 0x00, 0x3F,
    0x95, 0x55, 0x55, 0x55, 0x54, 0xBF, 0xFF, 0xFF, 0xFF, 0xFF, 0xFC, 0xBF, 0xFF, 0xFF, 0xFF, 0xFF,
    0xFC, 0x2F, 0x80, 0x00, 0x00, 0x00, 0x00, 0x0F, 0xE5, 0x55, 0x55, 0x55, 0x54, 0x03, 0xFF, 0xFF,
    0xFF, 0xFF, 0xFC, 0x01, 0xFF, 0xFF, 0xFF, 0xFF, 0xFC, 0x00, 0xBC, 0x00, 0x00, 0x00, 0x00, 0x00,
    0x3E, 0x00, 0x00, 0x00, 0x00, 0x00, 0x0F, 0x00, 0x00, 0x00, 0x00, 0x00, 0x07, 0x80, 0x00, 0x00,
    0x00, 0x00, 0x01, 0x40, 0x00, 0x00, 0x00, 0x00, 0x00, 0x00, 0x07, 0x00, 0x00, 0x00, 0x00, 0x00,
    0x03, 0xC0, 0x00, 0x00, 0x00, 0x00, 0x01, 0xE0, 0x00, 0x00, 0x00, 0x00, 0x00, 0xF4, 0x00, 0xBF,
    0xFF, 0xFF, 0xFF, 0xFC, 0x00, 0xBF, 0xFF, 0xFF, 0xFF, 0xFF, 0x00, 0x15, 0x55, 0x55, 0x55, 0x6F,
    0x80, 0x00, 0x00, 0x00, 0x00, 0x0F, 0xE0, 0x15, 0x55, 0x55, 0x55, 0x57, 0xF4, 0xBF, 0xFF, 0xFF,
    0xFF, 0xFF, 0xFC, 0xBF, 0xFF, 0xFF, 0xFF, 0xFF, 0xFC, 0x00, 0x00, 0x00, 0x00, 0x07, 0xF0, 0x15,
    0x55, 0x55, 0x55, 0x6F, 0xD0, 0xBF, 0xFF, 0xFF, 0xFF, 0xFF, 0x40, 0xBF, 0xFF, 0xFF, 0xFF, 0xFE,
    0x00, 0x00, 0x00, 0x00, 0x00, 0xFC, 0x00, 0x00, 0x00, 0x00, 0x01, 0xF0, 0x00, 0x00, 0x00, 0x00,
    0x03, 0xD0, 0x00, 0x00, 0x00, 0x00, 0x03, 0x80, 0x00, 0x00, 0x00, 0x00, 0x05, 0x00, 0x00, 0x00,
    0x2C, 0x00, 0x00, 0x00, 0x00, 0x00, 0x0B, 0x40, 0x00, 0x00, 0x00, 0x00, 0x02, 0xF0, 0x02, 0x00,
    0x40, 0x50, 0x00, 0xBD, 0x00, 0x74, 0x2C, 0x0F, 0x00, 0x7F, 0xFF, 0x0F, 0xC3, 0xE1, 0xFF, 0xD7,
    0xFF, 0xFA, 0xDE, 0xB7, 0x78, 0xFD, 0x0F, 0xC1, 0xF4, 0xBD, 0x2F, 0x00, 0x00, 0x2F, 0x0F, 0x03,
    0x80, 0xD0, 0x00, 0x00, 0xB4, 0x10, 0x10, 0x04, 0x00, 0x00, 0x02, 0xC0, 0x00, 0x00, 0x00, 0x00,
    0x00, 0x00, 0x00, 0x00, 0x07, 0x40, 0x00, 0x00, 0x00, 0x00, 0x00, 0x3D, 0x00, 0x00, 0x80, 0x20,
    0x04, 0x01, 0xF4, 0x00, 0x2E, 0x07, 0x02, 0xC0, 0x0B, 0xD0, 0xBF, 0xF0, 0xFC, 0x7E, 0x1F, 0xFF,
    0xCB, 0xD3, 0xAD, 0xDF, 0x77, 0xFF, 0xFC, 0x00, 0x1F, 0x4B, 0xC3, 0xF0, 0xBE, 0x00, 0x00, 0xF0,
    0x38, 0x1D, 0x0F, 0x40, 0x00, 0x00, 0x01, 0x00, 0x43, 0xD0, 0x00, 0x00, 0x00, 0x00, 0x00, 0x74,
    0x00, 0x00, 0x00, 0x00, 0x70, 0x00, 0x3F, 0x00, 0x2F, 0xE0, 0x2F, 0xFE, 0x0D, 0x31, 0xC0, 0x0C,
    0x00, 0x03, 0x00, 0x00, 0xC0, 0x0F, 0xFF, 0xC0, 0x1D, 0x00, 0x03, 0x00, 0x3F, 0xFF, 0x00, 0x74,
    0x00, 0x0C, 0x00, 0x03, 0x00, 0x00, 0xC0, 0x00, 0x30, 0x00, 0x00, 0x00, 0x00, 0x40, 0x00, 0x30,
    0x00, 0x0C, 0x00, 0x03, 0x00, 0x00, 0xC0, 0x00, 0x30, 0x03, 0xFF, 0xF0, 0x07, 0x40, 0x00, 0xC0,
    0x0F, 0xFF, 0xC0, 0x1D, 0x00, 0x03, 0x00, 0x00, 0xC0, 0x0C, 0x31, 0xC2, 0xEE, 0xE0, 0x2F, 0xE0,
    0x03, 0xF0, 0x00, 0x30, 0x00, 0x00, 0x00, 0x00, 0x2C, 0x00, 0x00, 0x00, 0x00, 0x00, 0xB8, 0x00,
    0x00, 0x00, 0x00, 0x02, 0xF0, 0x00, 0x00, 0x00, 0x00, 0x0B, 0xD0, 0x00, 0x00, 0x00, 0x00, 0x7F,
    0xFF, 0x8B, 0xD3, 0xF1, 0xFC, 0x7F, 0xFF, 0x8F, 0xE3, 0xF1, 0xFC, 0x0F, 0xC0, 0x00, 0x00, 0x00,
    0x00, 0x02, 0xF0, 0x00, 0x00, 0x00, 0x00, 0x00, 0xB4, 0x00, 0x00, 0x00, 0x00, 0x00, 0x2C, 0x00,
    0x00, 0x00, 0x00, 0x00, 0x10, 0x00, 0x01, 0xE0, 0x00, 0x0F, 0xD0, 0x00, 0xFF, 0xC0, 0x0F, 0xFF,
    0xC0, 0xF9, 0xEB, 0xC3, 0x47, 0x82, 0x40, 0x1E, 0x00, 0x00, 0x24, 0x00, 0x00, 0x00, 0x00, 0x07,
    0x80, 0x00, 0x1E, 0x00, 0x00, 0x78, 0x00, 0x00, 0x00, 0x00, 0x00, 0x00, 0x00, 0x1E, 0x00, 0x00,
    0x78, 0x00, 0x01, 0xE0, 0x00, 0x00, 0x00, 0x00, 0x00, 0x00, 0x00, 0x78, 0x00, 0x01, 0xE0, 0x00,
    0x07, 0x80, 0x00, 0x00, 0x00, 0x00, 0x00, 0xB0, 0x00, 0x00, 0x00, 0x00, 0x00, 0x3C, 0x00, 0x00,
    0x00, 0x00, 0x00, 0x2F, 0x00, 0x00, 0x00, 0x00, 0x00, 0x0F, 0xC0, 0xBE, 0x2F, 0x4F, 0xC7, 0xFF,
    0xF8, 0xBF, 0x3F, 0x4F, 0xD7, 0xFF, 0xFC, 0x00, 0x00, 0x00, 0x00, 0x0F, 0xD0, 0x00, 0x00, 0x00,
    0x00, 0x2F, 0x00, 0x00, 0x00, 0x00, 0x00, 0x3C, 0x00, 0x00, 0x00, 0x00, 0x00, 0xB0, 0x00, 0x00,
    0x78, 0x00, 0x01, 0xE0, 0x00, 0x07, 0x80, 0x00, 0x1E, 0x00, 0x00, 0x00, 0x00, 0x01, 0xE0, 0x00,
    0x07, 0x80, 0x00, 0x1E, 0x00, 0x00, 0x00, 0x00, 0x01, 0xE0, 0x00, 0x07, 0x80, 0x00, 0x1E, 0x00,
    0x00, 0x78, 0x00, 0x00, 0x00, 0x00, 0x02, 0x40, 0x00, 0x1E, 0x00, 0x74, 0x78, 0x24, 0xFD, 0xEB,
    0xC0, 0xFF, 0xFC, 0x00, 0xFF, 0xC0, 0x00, 0xFD, 0x00, 0x01, 0xE0, 0x00, 0x01, 0x00, 0x00, 0xB0,
    0x03, 0xC0, 0x00, 0x00, 0x00, 0xB0, 0x0F, 0x40, 0x00, 0x00, 0x00, 0xB0, 0x3F, 0x00, 0x00, 0x00,
    0x00, 0xB0, 0xFC, 0x00, 0x00, 0x00, 0x00, 0xBB, 0xFF, 0xFF, 0xFF, 0xFF, 0xFC, 0xBF, 0xFF, 0xFF,
    0xFF, 0xFF, 0xFC, 0xB1, 0xFC, 0x00, 0x00, 0x00, 0x00, 0xB0, 0x3E, 0x00, 0x00, 0x00, 0x00, 0xB0,
    0x0F, 0x00, 0x00, 0x00, 0x00, 0xB0, 0x03, 0x80, 0x00, 0x00, 0x00, 0x00, 0x00, 0x00, 0x07, 0x00,
    0x3C, 0x00, 0x00, 0x00, 0x03, 0xC0, 0x3C, 0x00, 0x00, 0x00, 0x01, 0xF0, 0x3C, 0x00, 0x00, 0x00,
    0x00, 0xFD, 0x3C, 0xBF, 0xFF, 0xFF, 0xFF, 0xFF, 0xBC, 0xBF, 0xFF, 0xFF, 0xFF, 0xFF, 0xFC, 0x00,
    0x00, 0x00, 0x00, 0xBE, 0x3C, 0x00, 0x00, 0x00, 0x01, 0xF4, 0x3C, 0x00, 0x00, 0x00, 0x03, 0xC0,
    0x3C, 0x00, 0x00, 0x00, 0x07, 0x00, 0x2C, 0x00, 0x00, 0x00, 0x00, 0x00, 0x00, 0x34, 0x00, 0x00,
    0x00, 0x03, 0x90, 0x00, 0x00, 0x00, 0x21, 0x40, 0x00, 0x00, 0x02, 0x47, 0xFF, 0xFF, 0xF0, 0x24,
    0x00, 0x00, 0x00, 0x82, 0x40, 0x00, 0x00, 0x02, 0x18, 0x00, 0x00, 0x00, 0x08, 0x24, 0x00, 0x00,
    0x00, 0x20, 0x24, 0x00, 0x00, 0x00, 0x80, 0x20, 0x7F, 0xFF, 0xFF, 0x00, 0x31, 0x40, 0x00, 0x00,
    0x00, 0x39, 0x00, 0x00, 0x00, 0x00, 0x34, 0x00, 0x00, 0x00, 0x00, 0x00, 0x00, 0x00, 0x00, 0x00,
    0x00, 0x00, 0x00, 0x00, 0x1C, 0x00, 0x00, 0x01, 0x8C, 0x00, 0x00, 0x18, 0x0C, 0x00, 0x01, 0x80,
    0x08, 0x00, 0x18, 0x00, 0x08, 0x01, 0x80, 0x00, 0x08, 0x1F, 0xF0, 0x07, 0xF8, 0x00, 0xC0, 0x14,
    0x00, 0x03, 0x00, 0x50, 0x00, 0x0C, 0x01, 0x40, 0x00, 0x30, 0x05, 0x00, 0x00, 0xC0, 0x14, 0x00,
    0x03, 0x00, 0x50, 0x00, 0x0C, 0x01, 0x40, 0x00, 0x30, 0x05, 0x00, 0x00, 0xC0, 0x14, 0x00, 0x03,
    0x00, 0x50, 0x00, 0x0F, 0xFF, 0x40, 0x00, 0x00, 0x00, 0x01, 0x00, 0x00, 0x00, 0x00, 0x0D, 0x00,
    0x00, 0x00, 0x00, 0x39, 0x00, 0x00, 0x00, 0x00, 0xC9, 0x00, 0xBF, 0xFF, 0xFF, 0x08, 0x02, 0x00,
    0x00, 0x00, 0x0C, 0x08, 0x00, 0x00, 0x00, 0x0C, 0x20, 0x00, 0x00, 0x00, 0x0C, 0x80, 0x00, 0x00,
    0x00, 0xC2, 0x00, 0x00, 0x00, 0x0C, 0x0B, 0xFF, 0xFF, 0xF0, 0x90, 0x00, 0x00, 0x00, 0xC9, 0x00,
    0x00, 0x00, 0x03, 0x90, 0x00, 0x00, 0x00, 0x0D, 0x00, 0x00, 0x00, 0x00, 0x10, 0x00, 0x00, 0x00,
    0xFF, 0xF4, 0x00, 0x03, 0x00, 0x50, 0x00, 0x0C, 0x01, 0x40, 0x00, 0x30, 0x05, 0x00, 0x00, 0xC0,
    0x14, 0x00, 0x03, 0x00, 0x50, 0x00, 0x0C, 0x01, 0x40, 0x00, 0x30, 0x05, 0x00, 0x00, 0xC0, 0x14,
    0x00, 0x03, 0x00, 0x50, 0x00, 0x0C, 0x01, 0x40, 0x1F, 0xF0, 0x07, 0xF8, 0x18, 0x00, 0x00, 0x80,
    0x18, 0x00, 0x08, 0x00, 0x18, 0x00, 0x80, 0x00, 0x18, 0x08, 0x00, 0x00, 0x18, 0x80, 0x00, 0x00,
    0x18, 0x00, 0x00, 0x00, 0x00, 0x00, 0x00, 0x00, 0x00, 0x00, 0x00, 0x00, 0x1C, 0x00, 0x00, 0x01,
    0x8C, 0x00, 0x00, 0x18, 0x0C, 0x00, 0x01, 0x80, 0x08, 0x00, 0x18, 0x00, 0x08, 0x01, 0x80, 0x00,
    0x08, 0x1F, 0xF0, 0x07, 0xF8, 0x00, 0xC0, 0x14, 0x00, 0x03, 0x00, 0x50, 0x00, 0x0C, 0x01, 0x40,
    0x00, 0x30, 0x05, 0x00, 0x00, 0xC0, 0x14, 0x00, 0x03, 0x00, 0x50, 0x00, 0x0C, 0x01, 0x40, 0x00,
    0x3F, 0xFD, 0x00, 0x00, 0x00, 0x00, 0x00, 0x03, 0xFF, 0xD0, 0x00, 0x0C, 0x01, 0x40, 0x00, 0x30,
    0x05, 0x00, 0x00, 0xFF, 0xF4, 0x00, 0x00, 0x00, 0x00, 0x00, 0x00, 0x1C, 0x00, 0x00, 0x01, 0x8C,
    0x00, 0x00, 0x18, 0x0C, 0x00, 0x01, 0x80, 0x08, 0x00, 0x18, 0x00, 0x08, 0x01, 0x80, 0x00, 0x08,
    0x1F, 0xF0, 0x07, 0xF8, 0x00, 0xC0, 0x14, 0x00, 0x03, 0x00, 0x50, 0x00, 0x0C, 0x01, 0x40, 0x00,
    0x30, 0x05, 0x00, 0x00, 0xC0, 0x14, 0x00, 0x03, 0x00, 0x50, 0x00, 0x0C, 0x01, 0x40, 0x00, 0x30,
    0x05, 0x00, 0x00, 0xC0, 0x14, 0x02, 0xFF, 0x00, 0x7F, 0xD8, 0x00, 0x00, 0x01, 0x60, 0x00, 0x00,
    0x05, 0xBF, 0xFF, 0xFF, 0xF4, 0x00, 0x02, 0x00, 0x00, 0x00, 0x3A, 0x00, 0x00, 0x03, 0x06, 0x00,
    0x00, 0x30, 0x06, 0x00, 0x07, 0xFF, 0xFE, 0x00, 0x60, 0x00, 0x06, 0x03, 0xFC, 0x01, 0xFE, 0x00,
    0x30, 0x05, 0x00, 0x00, 0xC0, 0x14, 0x00, 0x03, 0x00, 0x50, 0x00, 0x0C, 0x01, 0x40, 0x00, 0x30,
    0x05, 0x00, 0x00, 0xC0, 0x14, 0x00, 0x03, 0x00, 0x50, 0x00, 0x0C, 0x01, 0x40, 0x00, 0x30, 0x05,
    0x00, 0xBF, 0xC0, 0x1F, 0xF6, 0x00, 0x00, 0x00, 0x58, 0x00, 0x00, 0x01, 0x6F, 0xFF, 0xFF, 0xFD,
    0x00, 0x00, 0x00, 0x00, 0x00, 0x1C, 0x00, 0x00, 0x01, 0xBC, 0x00, 0x00, 0x18, 0x8C, 0x00, 0x01,
    0x82, 0x08, 0x00, 0x18, 0x08, 0x08, 0x01, 0x80, 0x20, 0x08, 0x1F, 0xF0, 0x87, 0xF8, 0x00, 0xC2,
    0x14, 0x00, 0x03, 0x08, 0x50, 0x00, 0x0C, 0x21, 0x40, 0x00, 0x30, 0x85, 0x00, 0x00, 0xC2, 0x14,
    0x00, 0x03, 0x08, 0x50, 0x00, 0x0C, 0x21, 0x40, 0x00, 0x30, 0x85, 0x00, 0x00, 0xC2, 0x14, 0x02,
    0xFF, 0x08, 0x7F, 0xD8, 0x00, 0x20, 0x01, 0x60, 0x00, 0x80, 0x05, 0xBF, 0xFF, 0xFF, 0xF4, 0x00,
    0x00, 0x00, 0x00, 0x00, 0x1C, 0x00, 0x00, 0x01, 0x8C, 0x00, 0x00, 0x18, 0x0C, 0x00, 0x01, 0x87,
    0x08, 0x00, 0x18, 0x63, 0x08, 0x01, 0x86, 0x03, 0x08, 0x1F, 0xE0, 0x03, 0xF8, 0x06, 0x00, 0x02,
    0x00, 0x60, 0x00, 0x02, 0x07, 0xFC, 0x01, 0xFE, 0x00, 0x30, 0x05, 0x00, 0x00, 0xC0, 0x14, 0x00,
    0x03, 0x00, 0x50, 0x00, 0x0C, 0x01, 0x40, 0x00, 0x30, 0x05, 0x00, 0x00, 0xC0, 0x14, 0x00, 0x03,
    0x00, 0x50, 0x00, 0x0C, 0x01, 0x40, 0x00, 0x30, 0x05, 0x00, 0x00, 0xC0, 0x14, 0x00, 0x03, 0x00,
    0x50, 0x00, 0x0C, 0x01, 0x40, 0x00, 0x3F, 0xFD, 0x00, 0x00, 0x00, 0x00, 0x00, 0x00, 0x1C, 0x00,
    0x00, 0x01, 0x8C, 0x00, 0x00, 0x18, 0x0C, 0x00, 0x01, 0x87, 0x08, 0x00, 0x18, 0x63, 0x08, 0x01,
    0x86, 0x03, 0x08, 0x1F, 0xE0, 0x03, 0xF8, 0x06, 0x00, 0x02, 0x00, 0x60, 0x00, 0x02, 0x07, 0xFC,
    0x01, 0xFE, 0x00, 0x30, 0x05, 0x00, 0x00, 0xC0, 0x14, 0x00, 0x03, 0x00, 0x50, 0x00, 0x0C, 0x01,
    0x40, 0x00, 0x30, 0x05, 0x00, 0x00, 0xC0, 0x14, 0x00, 0x03, 0x00, 0x50, 0x00, 0x0C, 0x01, 0x40,
    0x00, 0x30, 0x05, 0x00, 0xBF, 0xC0, 0x1F, 0xF6, 0x00, 0x00, 0x00, 0x58, 0x00, 0x00, 0x01, 0x6F,
    0xFF, 0xFF, 0xFD, 0xBF, 0x00, 0x00, 0x10, 0x00, 0x20, 0xC0, 0x00, 0x0A, 0x00, 0x08, 0x30, 0x00,
    0x02, 0xA0, 0x02, 0x0C, 0x00, 0x00, 0x86, 0x00, 0x82, 0xFF, 0xFF, 0xF0, 0x60, 0x20, 0x00, 0x00,
    0x00, 0x06, 0x08, 0x00, 0x00, 0x00, 0x00, 0x62, 0x00, 0x00, 0x00, 0x00, 0x18, 0x80, 0x00, 0x00,
    0x00, 0x18, 0x20, 0xBF, 0xFF, 0xFC, 0x18, 0x08, 0x30, 0x00, 0x02, 0x18, 0x02, 0x0C, 0x00, 0x00,
    0x98, 0x00, 0x83, 0x00, 0x00, 0x28, 0x00, 0x2F, 0xC0, 0x00, 0x04, 0x00, 0x00, 0x15, 0x55, 0x55,
    0x55, 0x55, 0x52, 0xFF, 0xFF, 0xFF, 0xFF, 0xFF, 0xCB, 0xFF, 0xFF, 0xFF, 0xFF, 0xFF, 0x2C, 0x00,
    0x00, 0x00, 0x00, 0x00, 0xB0, 0x40, 0x00, 0x00, 0x00, 0x02, 0xC3, 0xFE, 0xA8, 0x00, 0x00, 0x0B,
    0x0F, 0xFF, 0xE0, 0x00, 0x00, 0x2C, 0x2F, 0xD0, 0x00, 0x00, 0x00, 0xB0, 0xBF, 0xC0, 0x00, 0x00,
    0x02, 0xC1, 0xE7, 0xC0, 0x00, 0x00, 0x0B, 0x07, 0x47, 0xC0, 0x00, 0x00, 0x2C, 0x1C, 0x07, 0xC0,
    0x00, 0x00, 0xB0, 0x20, 0x07, 0xC0, 0x00, 0x02, 0xC0, 0x00, 0x07, 0xC0, 0x00, 0x0B, 0x00, 0x00,
    0x07, 0xC0, 0x00, 0x2C, 0x00, 0x00, 0x07, 0xC0, 0x00, 0xB0, 0x00, 0x00, 0x07, 0xC0, 0x02, 0xC0,
    0x00, 0x00, 0x07, 0xC0, 0x0B, 0x00, 0x00, 0x00, 0x07, 0xC0, 0x2C, 0x00, 0x00, 0x00, 0x07, 0xC0,
    0xB0, 0x00, 0x00, 0x00, 0x07, 0x42, 0xC0, 0x00, 0x00, 0x00, 0x04, 0x05, 0x00, 0x00, 0x00, 0x00,
    0x00, 0x00, 0x00, 0x00, 0x00, 0x00, 0x00, 0xB0, 0x24, 0x00, 0x00, 0x00, 0x02, 0xC0, 0xF4, 0x00,
    0x00, 0x00, 0x0B, 0x01, 0xF4, 0x00, 0x00, 0x00, 0x2C, 0x01, 0xF4, 0x00, 0x00, 0x00, 0xB0, 0x00,
    0xF4, 0x00, 0x00, 0x02, 0xC0, 0x00, 0xF4, 0x00, 0x00, 0x0B, 0x00, 0x00, 0xF4, 0x00, 0x00, 0x2C,
    0x00, 0x00, 0xF4, 0x00, 0x00, 0xB0, 0x00, 0x00, 0xF4, 0x00, 0x02, 0xC0, 0x00, 0x00, 0xF4, 0x0B,
    0x0B, 0x00, 0x00, 0x00, 0xF4, 0x3C, 0x2C, 0x00, 0x00, 0x00, 0xF4, 0xF0, 0xB0, 0x00, 0x00, 0x00,
    0xFB, 0xC2, 0xC0, 0x00, 0x00, 0x00, 0xFF, 0x0B, 0x00, 0x00, 0x00, 0x6F, 0xFC, 0x2C, 0x00, 0x00,
    0x0B, 0xFF, 0xF4, 0xB0, 0x00, 0x00, 0x00, 0x01, 0x82, 0xC0, 0x00, 0x00, 0x00, 0x00, 0x0B, 0x2F,
    0xFF, 0xFF, 0xFF, 0xFF, 0xFC, 0xBF, 0xFF, 0xFF, 0xFF, 0xFF, 0xF0, 0x00, 0x00, 0x00, 0x00, 0x00,
    0x1C, 0x00, 0x00, 0x01, 0x8C, 0x00, 0x00, 0x18, 0x0C, 0x00, 0x01, 0x80, 0x08, 0x00, 0x18, 0x00,
    0x08, 0x01, 0x80, 0x00, 0x08, 0x1F, 0xF0, 0x07, 0xF8, 0x00, 0xC0, 0x14, 0x00, 0x03, 0x00, 0x50,
    0x00, 0x0C, 0x01, 0x40, 0x00, 0x30, 0x05, 0x00, 0x00, 0xC0, 0x14, 0x00, 0x03, 0x00, 0x50, 0x00,
    0x0C, 0x01, 0x40, 0x1F, 0xF0, 0x07, 0xF8, 0x18, 0x00, 0x00, 0x80, 0x18, 0x00, 0x08, 0x00, 0x18,
    0x00, 0x80, 0x00, 0x18, 0x08, 0x00, 0x00, 0x18, 0x80, 0x00, 0x00, 0x18, 0x00, 0x00, 0x00, 0x00,
    0x00, 0x00, 0x00, 0x06, 0xF9, 0x00, 0xB0, 0x00, 0x00, 0x1F, 0xFF, 0x80, 0x3C, 0x00, 0x00, 0x3E,
    0x5B, 0xD0, 0x2F, 0x00, 0x00, 0xB4, 0x01, 0xE0, 0x0F, 0xC0, 0xBF, 0xFF, 0xFF, 0xFF, 0xFF, 0xF8,
    0xBF, 0xFF, 0xFF, 0xFF, 0xFF, 0xFC, 0x15, 0xF9, 0x56, 0xF5, 0x5F, 0xE0, 0x00, 0x7E, 0x5B, 0xD0,
    0x1F, 0x40, 0x00, 0x2F, 0xFF, 0x80, 0x3C, 0x00, 0x00, 0x06, 0xFD, 0x00, 0xB0, 0x00, 0x00, 0x24,
    0x00, 0x01, 0x00, 0x00, 0x1E, 0x00, 0x02, 0xD0, 0x00, 0x07, 0x80, 0x00, 0xFC, 0x00, 0x01, 0xE0,
    0x00, 0xFF, 0x80, 0x00, 0x78, 0x00, 0xFF, 0xF8, 0x00, 0x1E, 0x00, 0xFE, 0xEF, 0x80, 0x07, 0x80,
    0x74, 0xB4, 0xB0, 0x01, 0xE0, 0x00, 0x2D, 0x00, 0x00, 0x78, 0x00, 0x0B, 0x40, 0x00, 0x1E, 0x00,
    0x02, 0xD0, 0x00, 0x07, 0x80, 0x00, 0xB4, 0x00, 0x01, 0xE0, 0x00, 0x2D, 0x00, 0x00, 0x78, 0x00,
    0x0B, 0x40, 0x00, 0x1E, 0x00, 0x02, 0xD0, 0x00, 0x07, 0x80, 0x00, 0xB4, 0x00, 0x01, 0xE0, 0x00,
    0x2D, 0x00, 0x10, 0x78, 0x14, 0x0B, 0x40, 0x0F, 0x5E, 0x3D, 0x02, 0xD0, 0x01, 0xFF, 0xFE, 0x00,
    0xB4, 0x00, 0x1F, 0xFE, 0x00, 0x2D, 0x00, 0x01, 0xFE, 0x00, 0x0B, 0x40, 0x00, 0x2F, 0x00, 0x02,
    0xD0, 0x00, 0x03, 0x40, 0x00, 0xB4, 0x00, 0x00, 0x00, 0x00, 0x00, 0xB0, 0x00, 0x00, 0x00, 0x00,
    0x00, 0x3C, 0x00, 0x00, 0x00, 0x00, 0x00, 0x2F, 0x00, 0x00, 0x00, 0x00, 0x00, 0x0F, 0xC0, 0xBF,
    0xFF, 0xFF, 0xFF, 0xFF, 0xF8, 0xBF, 0xFF, 0xFF, 0xFF, 0xFF, 0xFC, 0x00, 0x00, 0x00, 0x00, 0x0F,
    0xD0, 0x00, 0x00, 0x00, 0x00, 0x2F, 0x00, 0x00, 0x00, 0x00, 0x00, 0x3C, 0x00, 0x00, 0x00, 0x00,
    0x00, 0xB0, 0x00, 0x00, 0x00, 0x00, 0x00, 0xB0, 0x00, 0x00, 0x00, 0x00, 0x00, 0x3C, 0x00, 0x00,
    0x00, 0x00, 0x00, 0x2F, 0x00, 0x00, 0x00, 0x00, 0x00, 0x0F, 0xC0, 0xBF, 0xFF, 0xFF, 0xFF, 0xFF,
    0xF8, 0xBF, 0xFF, 0xFF, 0xFF, 0xFF, 0xFC, 0x00, 0x00, 0x00, 0x00, 0x0F, 0xD0, 0x00, 0x00, 0x00,
    0x00, 0x2F, 0x00, 0x00, 0x00, 0x00, 0x00, 0x3C, 0x00, 0x00, 0x00, 0x00, 0x00, 0xB0, 0x00, 0x00,
    0x00, 0x00, 0x00, 0xB0, 0x00, 0x00, 0x00, 0x00, 0x00, 0x3C, 0x00, 0x00, 0x00, 0x00, 0x00, 0x2F,
    0x00, 0x00, 0x00, 0x00, 0x00, 0x0F, 0xC0, 0xBF, 0xFF, 0xFF, 0xFF, 0xFF, 0xF8, 0xBF, 0xFF, 0xFF,
    0xFF, 0xFF, 0xFC, 0x00, 0x00, 0x00, 0x00, 0x0F, 0xD0, 0x00, 0x00, 0x00, 0x00, 0x2F, 0x00, 0x00,
    0x00, 0x00, 0x00, 0x3C, 0x00, 0x00, 0x00, 0x00, 0x00, 0xB0, 0x00, 0x00, 0x2C, 0x00, 0xB0, 0x00,
    0x00, 0x00, 0xB8, 0x00, 0xB0, 0x00, 0x00, 0x02, 0xF0, 0x00, 0xB0, 0x00, 0x00, 0x0B, 0xD0, 0x00,
    0xB0, 0x00, 0x00, 0x7F, 0xFF, 0xFF, 0xFF, 0xFF, 0xFC, 0x7F, 0xFF, 0xFF, 0xFF, 0xFF, 0xFC, 0x0F,
    0xC0, 0x00, 0xB0, 0x00, 0x00, 0x02, 0xF0, 0x00, 0xB0, 0x00, 0x00, 0x00, 0xB4, 0x00, 0xB0, 0x00,
    0x00, 0x00, 0x2C, 0x00, 0xB0, 0x00, 0x00, 0x00, 0x00, 0x3C, 0x00, 0xB0, 0x00, 0x00, 0x00, 0x3C,
    0x00, 0x3C, 0x00, 0x00, 0x00, 0x3C, 0x00, 0x2F, 0x00, 0x00, 0x00, 0x3C, 0x00, 0x0F, 0xC0, 0xBF,
    0xFF, 0xFF, 0xFF, 0xFF, 0xF8, 0xBF, 0xFF, 0xFF, 0xFF, 0xFF, 0xFC, 0x00, 0x00, 0x3C, 0x00, 0x0F,
    0xD0, 0x00, 0x00, 0x3C, 0x00, 0x2F, 0x00, 0x00, 0x00, 0x3C, 0x00, 0x3C, 0x00, 0x00, 0x00, 0x3C,
    0x00, 0xB0, 0x00, 0x00, 0x2C, 0x00, 0xF0, 0x02, 0xC0, 0x00, 0x0B, 0x80, 0x0F, 0x00, 0x1F, 0x00,
    0x02, 0xF0, 0x00, 0xF0, 0x00, 0xBC, 0x00, 0xBD, 0x00, 0x0F, 0x00, 0x03, 0xF0, 0x7F, 0xFF, 0xFF,
    0xFF, 0xFF, 0xFF, 0xE7, 0xFF, 0xFF, 0xFF, 0xFF, 0xFF, 0xFE, 0x0F, 0xC0, 0x00, 0xF0, 0x00, 0x3F,
    0x40, 0x2F, 0x00, 0x0F, 0x00, 0x0B, 0xC0, 0x00, 0xB4, 0x00, 0xF0, 0x00, 0xF0, 0x00, 0x02, 0xC0,
    0x0F, 0x00, 0x2C, 0x00, 0x00, 0x2C, 0x07, 0x47, 0x80, 0x00, 0x00, 0xB8, 0x07, 0x47, 0x80, 0x00,
    0x02, 0xF0, 0x07, 0x47, 0x80, 0x00, 0x0B, 0xD0, 0x07, 0x47, 0x80, 0x00, 0x7F, 0xFF, 0xFF, 0xFF,
    0xFF, 0xFC, 0x7F, 0xFF, 0xFF, 0xFF, 0xFF, 0xFC, 0x0F, 0xC0, 0x07, 0x47, 0x80, 0x00, 0x02, 0xF0,
    0x07, 0x47, 0x80, 0x00, 0x00, 0xB4, 0x07, 0x47, 0x80, 0x00, 0x00, 0x2C, 0x07, 0x47, 0x80, 0x00,
    0x00, 0x03, 0x83, 0x80, 0xB0, 0x00, 0x00, 0x03, 0x83, 0x80, 0x3C, 0x00, 0x00, 0x03, 0x83, 0x80,
    0x2F, 0x00, 0x00, 0x03, 0x83, 0x80, 0x0F, 0xC0, 0xBF, 0xFF, 0xFF, 0xFF, 0xFF, 0xF8, 0xBF, 0xFF,
    0xFF, 0xFF, 0xFF, 0xFC, 0x00, 0x03, 0x83, 0x80, 0x0F, 0xD0, 0x00, 0x03, 0x83, 0x80, 0x2F, 0x00,
    0x00, 0x03, 0x83, 0x80, 0x3C, 0x00, 0x00, 0x03, 0x83, 0x80, 0xB0, 0x00, 0x00, 0x2C, 0x0B, 0x0B,
    0x42, 0xC0, 0x00, 0x0B, 0x80, 0xB0, 0xB4, 0x1F, 0x00, 0x02, 0xF0, 0x0B, 0x0B, 0x40, 0xBC, 0x00,
    0xBD, 0x00, 0xB0, 0xB4, 0x03, 0xF0, 0x7F, 0xFF, 0xFF, 0xFF, 0xFF, 0xFF, 0xE7, 0xFF, 0xFF, 0xFF,
    0xFF, 0xFF, 0xFE, 0x0F, 0xC0, 0x0B, 0x0B, 0x40, 0x3F, 0x40, 0x2F, 0x00, 0xB0, 0xB4, 0x0B, 0xC0,
    0x00, 0xB4, 0x0B, 0x0B, 0x40, 0xF0, 0x00, 0x02, 0xC0, 0xB0, 0xB4, 0x2C, 0x00, 0x00, 0x00, 0x00,
    0x00, 0x00, 0x00, 0x00, 0x18, 0x00, 0x00, 0x00, 0x00, 0x00, 0xB8, 0x00, 0x00, 0x00, 0x00, 0x02,
    0xF8, 0x00, 0x00, 0x00, 0x00, 0x0F, 0xBD, 0x55, 0x55, 0x55, 0x54, 0x7E, 0x3F, 0xFF, 0xFF, 0xFF,
    0xFC, 0x3F, 0x3F, 0xFF, 0xFF, 0xFF, 0xFC, 0x0B, 0xF8, 0x00, 0x00, 0x00, 0x00, 0x01, 0xF8, 0x00,
    0x00, 0x00, 0x00, 0x00, 0x38, 0x00, 0x00, 0x00, 0x00, 0x00, 0x04, 0x00, 0x00, 0x00, 0x00, 0x00,
    0x00, 0x00, 0x00, 0x00, 0x00, 0x00, 0x00, 0x00, 0x00, 0x60, 0x00, 0x00, 0x00, 0x00, 0x00, 0x7C,
    0x00, 0x00, 0x00, 0x00, 0x00, 0x7F, 0x00, 0x15, 0x55, 0x55, 0x55, 0xBB, 0xD0, 0xBF, 0xFF, 0xFF,
    0xFF, 0xF5, 0xF8, 0xBF, 0xFF, 0xFF, 0xFF, 0xF6, 0xF4, 0x00, 0x00, 0x00, 0x00, 0x7F, 0xC0, 0x00,
    0x00, 0x00, 0x00, 0x7E, 0x00, 0x00, 0x00, 0x00, 0x00, 0x74, 0x00, 0x00, 0x00, 0x00, 0x00, 0x50,
    0x00, 0x00, 0x00, 0x00, 0x00, 0x00, 0x00, 0x00, 0x00, 0x18, 0x00, 0x00, 0x00, 0x18, 0x00, 0x00,
    0xB8, 0x00, 0x00, 0x00, 0x1E, 0x00, 0x02, 0xF8, 0x00, 0x00, 0x00, 0x1F, 0xC0, 0x0F, 0xBE, 0xAA,
    0xAA, 0xAA, 0xBE, 0xF4, 0x7E, 0x3F, 0xFF, 0xFF, 0xFF, 0xFD, 0x7E, 0x3F, 0x3F, 0xFF, 0xFF, 0xFF,
    0xFD, 0xBD, 0x0B, 0xF8, 0x00, 0x00, 0x00, 0x1F, 0xF0, 0x01, 0xF8, 0x00, 0x00, 0x00, 0x1F, 0x80,
    0x00, 0x38, 0x00, 0x00, 0x00, 0x1D, 0x00, 0x00, 0x04, 0x00, 0x00, 0x00, 0x10, 0x00, 0x64, 0x00,
    0x00, 0x06, 0x1F, 0x00, 0x00, 0x07, 0xC3, 0xD0, 0x00, 0x03, 0xE0, 0xBC, 0x00, 0x00, 0xF4, 0x0F,
    0x40, 0x00, 0xBC, 0x03, 0xE5, 0x55, 0x7D, 0x00, 0x7F, 0xFF, 0xFF, 0x00, 0x0F, 0xFF, 0xFF, 0x80,
    0x02, 0xE0, 0x03, 0xD0, 0x00, 0x3C, 0x01, 0xF0, 0x00, 0x0F, 0x40, 0xB8, 0x00, 0x01, 0xF0, 0x3C,
    0x00, 0x00, 0x3C, 0x1E, 0x00, 0x00, 0x0B, 0x4F, 0x40, 0x00, 0x01, 0xF3, 0xC0, 0x00, 0x00, 0x3E,
    0xE0, 0x00, 0x00, 0x07, 0xF0, 0x00, 0x00, 0x00, 0xF8, 0x00, 0x00, 0x00, 0x14, 0x00, 0x00, 0x07,
    0xF4, 0x0B, 0xFF, 0x43, 0xE6, 0xF1, 0xE0, 0x3D, 0xB4, 0x0B, 0x6D, 0x01, 0xDB, 0x40, 0x02, 0xD0,
    0x00, 0xB4, 0x00, 0x2D, 0x00, 0x0B, 0x40, 0x02, 0xD0, 0x00, 0xB4, 0x07, 0x6D, 0x02, 0xDB, 0x80,
    0xF4, 0xF9, 0xBC, 0x2F, 0xFD, 0x02, 0xFD, 0x00, 0x00, 0x50, 0x00, 0x0B, 0xFE, 0x00, 0x3F, 0xFF,
    0xC0, 0x39, 0x0B, 0xE0, 0x00, 0x02, 0xF0, 0x00, 0x00, 0xF4, 0x00, 0x10, 0xB8, 0x03, 0xEB, 0xBC,
    0x0F, 0x00, 0xFC, 0x3C, 0x00, 0x3C, 0x78, 0x00, 0x3C, 0xB4, 0x00, 0x3C, 0xF4, 0x00, 0x3C, 0xF4,
    0x00, 0x7C, 0xB8, 0x00, 0xF8, 0x7C, 0x01, 0xF4, 0x3F, 0x5B, 0xF0, 0x1F, 0xFF, 0xC0, 0x02, 0xFD,
    0x00, 0xBF, 0xFF, 0xFF, 0x2F, 0xFF, 0xFF, 0xC1, 0x55, 0x55, 0xF0, 0x00, 0x00, 0x3C, 0x00, 0x00,
    0x0F, 0x00, 0x00, 0x03, 0xC0, 0x00, 0x00, 0xF0, 0x55, 0x55, 0x7C, 0x3F, 0xFF, 0xFF, 0x0F, 0xFF,
    0xFF, 0xC0, 0x00, 0x00, 0xF0, 0x00, 0x00, 0x3C, 0x00, 0x00, 0x0F, 0x00, 0x00, 0x03, 0xC0, 0x00,
    0x00, 0xF0, 0x55, 0x55, 0x7C, 0xBF, 0xFF, 0xFF, 0x2F, 0xFF, 0xFF, 0xC0, 0x00, 0x00, 0x00, 0x00,
    0x00, 0x38, 0x00, 0x00, 0x1D, 0x02, 0xFF, 0xFF, 0xFC, 0xBF, 0xFF, 0xFF, 0x05, 0x55, 0xF7, 0xC0,
    0x00, 0x34, 0xF0, 0x00, 0x2C, 0x3C, 0x00, 0x0F, 0x0F, 0x00, 0x03, 0x83, 0xC1, 0x56, 0xE5, 0xF0,
    0xFF, 0xFF, 0xFC, 0x3F, 0xFF, 0xFF, 0x00, 0x0E, 0x03, 0xC0, 0x07, 0x40, 0xF0, 0x02, 0xC0, 0x3C,
    0x00, 0xE0, 0x0F, 0x00, 0x34, 0x03, 0xC1, 0x6D, 0x55, 0xF2, 0xFF, 0xFF, 0xFC, 0xBF, 0xFF, 0xFF,
    0x00, 0xD0, 0x00, 0x00, 0x70, 0x00, 0x00, 0x00, 0x00, 0x00, 0x00, 0x00, 0x00, 0x1F, 0xF9, 0x00,
    0x80, 0x0B, 0xFF, 0xFE, 0x0B, 0x40, 0xFF, 0x95, 0xBF, 0x78, 0x0F, 0xD0, 0x00, 0x2F, 0xC0, 0xBC,
    0x00, 0x00, 0x7F, 0x03, 0xC0, 0x00, 0x0B, 0x9E, 0x1E, 0x00, 0x00, 0xB8, 0x3C, 0xB4, 0x00, 0x0F,
    0x40, 0x76, 0xC0, 0x00, 0xF4, 0x00, 0xEB, 0x00, 0x0F, 0x00, 0x03, 0x9D, 0x01, 0xF0, 0x00, 0x1E,
    0x38, 0x1F, 0x00, 0x00, 0xB4, 0xF1, 0xE0, 0x00, 0x07, 0xC0, 0xFE, 0x00, 0x00, 0x3D, 0x03, 0xF4,
    0x00, 0x07, 0xF0, 0x2E, 0xFE, 0x56, 0xFF, 0x01, 0xE0, 0xFF, 0xFF, 0xE0, 0x01, 0x00, 0x6F, 0xF4,
    0x00, 0x00, 0x00, 0x0F, 0x80, 0x00, 0x00, 0x7F, 0x00, 0x00, 0x02, 0xFC, 0x00, 0x00, 0x0F, 0xB8,
    0x00, 0x00, 0x78, 0xF0, 0x00, 0x03, 0xD3, 0xD0, 0x00, 0x0F, 0x0B, 0x80, 0x00, 0x78, 0x0F, 0x00,
    0x03, 0xD0, 0x3D, 0x00, 0x0F, 0x00, 0xB8, 0x00, 0x78, 0x00, 0xF0, 0x03, 0xD0, 0x03, 0xD0, 0x0F,
    0x00, 0x0B, 0x80, 0xB8, 0x00, 0x0F, 0x03, 0xD0, 0x00, 0x3D, 0x0F, 0x55, 0x55, 0xB8, 0x7F, 0xFF,
    0xFF, 0xF2, 0xFF, 0xFF, 0xFF, 0xC0, 0x15, 0x55, 0x55, 0x52, 0xFF, 0xFF, 0xFF, 0xC7, 0xFF, 0xFF,
    0xFF, 0x0F, 0x00, 0x00, 0xB8, 0x2D, 0x00, 0x03, 0xD0, 0x7C, 0x00, 0x0F, 0x00, 0xF0, 0x00, 0xB8,
    0x02, 0xD0, 0x03, 0xD0, 0x07, 0xC0, 0x0F, 0x00, 0x0F, 0x00, 0xB8, 0x00, 0x2D, 0x03, 0xD0, 0x00,
    0x7C, 0x0F, 0x00, 0x00, 0xF0, 0xB8, 0x00, 0x02, 0xD3, 0xD0, 0x00, 0x07, 0xCF, 0x00, 0x00, 0x0F,
    0xB8, 0x00, 0x00, 0x2F, 0xC0, 0x00, 0x00, 0x7F, 0x00, 0x00, 0x00, 0xF8, 0x00, 0x00, 0x00, 0x6F,
    0xFF, 0xFC, 0x03, 0xFF, 0xFF, 0xFC, 0x0F, 0xE9, 0x55, 0x54, 0x3F, 0x00, 0x00, 0x00, 0x3C, 0x00,
    0x00, 0x00, 0xB4, 0x00, 0x00, 0x00, 0xB5, 0x55, 0x55, 0x54, 0xBF, 0xFF, 0xFF, 0xFC, 0xBF, 0xFF,
    0xFF, 0xFC, 0xB0, 0x00, 0x00, 0x00, 0x38, 0x00, 0x00, 0x00, 0x3E, 0x00, 0x00, 0x00, 0x0F, 0xE5,
    0x55, 0x54, 0x03, 0xFF, 0xFF, 0xFC, 0x00, 0x6F, 0xFF, 0xFC, 0x00, 0x00, 0x00, 0x00, 0x00, 0x00,
    0x00, 0xD0, 0x00, 0x00, 0x01, 0xD0, 0x00, 0x00, 0x02, 0xC0, 0x00, 0x6F, 0xFF, 0xFC, 0x03, 0xFF,
    0xFF, 0xFC, 0x0F, 0xE9, 0x5F, 0x54, 0x3F, 0x00, 0x0F, 0x00, 0x3C, 0x00, 0x1D, 0x00, 0xB4, 0x00,
    0x3C, 0x00, 0xB5, 0x55, 0x7D, 0x54, 0xBF, 0xFF, 0xFF, 0xFC, 0xBF, 0xFF, 0xFF, 0xFC, 0xB4, 0x00,
    0xE0, 0x00, 0x38, 0x02, 0xC0, 0x00, 0x3E, 0x03, 0x80, 0x00, 0x0F, 0xEB, 0x55, 0x54, 0x02, 0xFF,
    0xFF, 0xFC, 0x00, 0x2F, 0xFF, 0xFC, 0x00, 0x2C, 0x00, 0x00, 0x00, 0x3C, 0x00, 0x00, 0x00, 0x14,
    0x00, 0x00, 0x00, 0x05, 0x54, 0x07, 0xFF, 0xFE, 0x1F, 0xFF, 0xFE, 0x3F, 0x40, 0x00, 0x78, 0x00,
    0x00, 0xB0, 0x00, 0x00, 0xBF, 0xFF, 0xFE, 0xBF, 0xFF, 0xFE, 0x79, 0x55, 0x54, 0x3E, 0x55, 0x54,
    0x0F, 0xFF, 0xFE, 0x01, 0xFF, 0xFE, 0xBF, 0xFF, 0xE4, 0x00, 0xBF, 0xFF, 0xFF, 0x40, 0x15, 0x55,
    0x6F, 0xE0, 0x00, 0x00, 0x01, 0xF4, 0x00, 0x00, 0x00, 0x78, 0x00, 0x00, 0x00, 0x3C, 0x15, 0x55,
    0x55, 0x7C, 0xBF, 0xFF, 0xFF, 0xFC, 0xBF, 0xFF, 0xFF, 0xFC, 0x00, 0x00, 0x00, 0x3C, 0x00, 0x00,
    0x00, 0x38, 0x00, 0x00, 0x01, 0xF0, 0x15, 0x55, 0x6F, 0xE0, 0xBF, 0xFF, 0xFF, 0x40, 0xBF, 0xFF,
    0xE4, 0x00, 0x00, 0x00, 0x00, 0x00, 0x00, 0x00, 0x28, 0x00, 0x00, 0x00, 0x38, 0x00, 0x00, 0x00,
    0x74, 0x00, 0xBF, 0xFF, 0xF4, 0x00, 0xBF, 0xFF, 0xFF, 0x40, 0x15, 0x56, 0xFF, 0xE0, 0x00, 0x02,
    0xC2, 0xF0, 0x00, 0x03, 0x80, 0xB8, 0x00, 0x07, 0x40, 0x3C, 0x15, 0x5F, 0x55, 0x7C, 0xBF, 0xFF,
    0xFF, 0xFC, 0xBF, 0xFF, 0xFF, 0xFC, 0x00, 0x2C, 0x00, 0x3C, 0x00, 0x38, 0x00, 0x38, 0x00, 0xB0,
    0x01, 0xF4, 0x15, 0xF5, 0x6F, 0xE0, 0xBF, 0xFF, 0xFF, 0x40, 0xBF, 0xFF, 0xE4, 0x00, 0x03, 0xC0,
    0x00, 0x00, 0x07, 0x40, 0x00, 0x00, 0x01, 0x00, 0x00, 0x00, 0x15, 0x50, 0x00, 0xBF, 0xFF, 0x80,
    0xBF, 0xFF, 0xF4, 0x00, 0x01, 0xFC, 0x00, 0x00, 0x3D, 0x00, 0x00, 0x1E, 0xBF, 0xFF, 0xFE, 0xBF,
    0xFF, 0xFE, 0x15, 0x55, 0x6D, 0x15, 0x55, 0xBC, 0xBF, 0xFF, 0xF0, 0xBF, 0xFE, 0x40, 0xBF, 0xFF,
    0xFE, 0xBF, 0xFF, 0xFE, 0xBF, 0xFF, 0xFE, 0xBF, 0xFF, 0xFE, 0xBF, 0xFF, 0xFE, 0xBF, 0xFF, 0xFE,
    0xBF, 0xFF, 0xFE, 0xBF, 0xFF, 0xFE, 0xBF, 0xFF, 0xFE, 0xBF, 0xFF, 0xFE, 0xBF, 0xFF, 0xFE, 0xBF,
    0xFF, 0xFE, 0xBF, 0xFF, 0xFE, 0xBF, 0xFF, 0xFE, 0xBF, 0xFF, 0xFE, 0xBF, 0xFF, 0xFE, 0xBF, 0xFF,
    0xFE, 0x15, 0x55, 0x55, 0x55, 0x55, 0x2F, 0xFF, 0xFF, 0xFF, 0xFF, 0xE2, 0xFF, 0xFF, 0xFF, 0xFF,
    0xD0, 0x2E, 0x00, 0x00, 0x02, 0xE0, 0x0B, 0x80, 0x00, 0x00, 0xB8, 0x02, 0xE0, 0x00, 0x00, 0x2E,
    0x00, 0xB8, 0x00, 0x00, 0x0B, 0x80, 0x2E, 0x00, 0x00, 0x02, 0xE0, 0x0B, 0x80, 0x00, 0x00, 0xB8,
    0x02, 0xE0, 0x00, 0x00, 0x2E, 0x00, 0xB8, 0x00, 0x00, 0x0B, 0x80, 0x2E, 0x00, 0x00, 0x02, 0xE0,
    0x0B, 0x80, 0x00, 0x00, 0xB8, 0x02, 0xE0, 0x00, 0x00, 0x2E, 0x00, 0xB8, 0x00, 0x00, 0x0B, 0x80,
    0x2E, 0x00, 0x00, 0x02, 0xE0, 0x0B, 0x80, 0x00, 0x00, 0xB8, 0x02, 0xE0, 0x00, 0x00, 0x2E, 0x00,
    0xB8, 0x00, 0x00, 0x0B, 0x80, 0x2E, 0x00, 0x00, 0x02, 0xE0, 0x0B, 0x80, 0x00, 0x00, 0xB8, 0x02,
    0xE0, 0x00, 0x00, 0x2E, 0x00, 0xB8, 0x00, 0x00, 0x0B, 0x80, 0x2E, 0x00, 0x00, 0x02, 0xE0, 0x0B,
    0x80, 0x00, 0x00, 0xB8, 0x00, 0x0B, 0x80, 0x00, 0x00, 0xB8, 0x02, 0xE0, 0x00, 0x00, 0x2E, 0x00,
    0xB8, 0x00, 0x00, 0x0B, 0x80, 0x2E, 0x00, 0x00, 0x02, 0xE0, 0x0B, 0x80, 0x00, 0x00, 0xB8, 0x02,
    0xE0, 0x00, 0x00, 0x2E, 0x00, 0xB8, 0x00, 0x00, 0x0B, 0x80, 0x2E, 0x00, 0x00, 0x02, 0xE0, 0x0B,
    0x80, 0x00, 0x00, 0xB8, 0x02, 0xE0, 0x00, 0x00, 0x2E, 0x00, 0xB8, 0x00, 0x00, 0x0B, 0x80, 0x2E,
    0x00, 0x00, 0x02, 0xE0, 0x0B, 0x80, 0x00, 0x00, 0xB8, 0x02, 0xE0, 0x00, 0x00, 0x2E, 0x00, 0xB8,
    0x00, 0x00, 0x0B, 0x80, 0x2E, 0x00, 0x00, 0x02, 0xE0, 0x0B, 0x80, 0x00, 0x00, 0xB8, 0x02, 0xE0,
    0x00, 0x00, 0x2E, 0x00, 0xB8, 0x00, 0x00, 0x0B, 0x80, 0x2E, 0x00, 0x00, 0x02, 0xE0, 0x0B, 0x80,
    0x00, 0x00, 0xB8, 0x02, 0xE5, 0x55, 0x55, 0x7E, 0x07, 0xFF, 0xFF, 0xFF, 0xFF, 0xF6, 0xFF, 0xFF,
    0xFF, 0xFF, 0xFE, 0xBF, 0xFF, 0xFF, 0xFF, 0xF0, 0xBF, 0xFF, 0xFF, 0xFF, 0xF0, 0x3F, 0x55, 0x55,
    0x55, 0x50, 0x0F, 0x40, 0x00, 0x00, 0x00, 0x03, 0xD0, 0x00, 0x00, 0x00, 0x00, 0xF4, 0x00, 0x00,
    0x00, 0x00, 0x7D, 0x00, 0x00, 0x00, 0x00, 0x1F, 0x00, 0x00, 0x00, 0x00, 0x0B, 0xC0, 0x00, 0x00,
    0x00, 0x02, 0xF0, 0x00, 0x00, 0x00, 0x00, 0xBC, 0x00, 0x00, 0x00, 0x00, 0x3E, 0x00, 0x00, 0x00,
    0x00, 0xBC, 0x00, 0x00, 0x00, 0x01, 0xF0, 0x00, 0x00, 0x00, 0x07, 0xD0, 0x00, 0x00, 0x00, 0x0F,
    0x40, 0x00, 0x00, 0x00, 0x3E, 0x00, 0x00, 0x00, 0x00, 0xB8, 0x00, 0x00, 0x00, 0x02, 0xF0, 0x00,
    0x00, 0x00, 0x07, 0xC0, 0x00, 0x00, 0x00, 0x1F, 0x00, 0x00, 0x00, 0x00, 0x3E, 0x55, 0x55, 0x55,
    0x54, 0xBF, 0xFF, 0xFF, 0xFF, 0xFC, 0xBF, 0xFF, 0xFF, 0xFF, 0xFC, 0xAA, 0xAA, 0xAA, 0xFF, 0xFF,
    0xFF, 0x00, 0x00, 0x00, 0x15, 0x55, 0x55, 0x2F, 0xFF, 0xFF, 0xCB, 0xFF, 0xFF, 0xF0, 0x00, 0xF0,
    0x00, 0x00, 0x3C, 0x00, 0x05, 0x5F, 0x55, 0x4B, 0xFF, 0xFF, 0xF2, 0xFF, 0xFF, 0xFC, 0x00, 0x3C,
    0x00, 0x00, 0x0F, 0x00, 0x00, 0x03, 0xC0, 0x00, 0x00, 0xF0, 0x00, 0x00, 0x2C, 0x00, 0x00, 0x00,
    0x3C, 0x00, 0x00, 0x0F, 0x40, 0x00, 0x03, 0xC0, 0x00, 0x00, 0x00, 0x00, 0x00, 0x3C, 0x00, 0x00,
    0x0F, 0x00, 0x00, 0x03, 0xC0, 0x00, 0x00, 0xF0, 0x00, 0x15, 0x7D, 0x55, 0x2F, 0xFF, 0xFF, 0xCB,
    0xFF, 0xFF, 0xF0, 0x00, 0xF0, 0x00, 0x00, 0x3C, 0x00, 0x00, 0x0F, 0x00, 0x00, 0x03, 0xC0, 0x00,
    0x00, 0xB0, 0x00, 0x00, 0x0E, 0x00, 0x1D, 0x00, 0x2C, 0x00, 0x3C, 0x00, 0x38, 0x00, 0x74, 0x00,
    0xB0, 0x00, 0xF0, 0x00, 0xE0, 0x01, 0xD0, 0x02, 0xC0, 0x03, 0xC0, 0x03, 0x80, 0x07, 0x40, 0x0F,
    0x00, 0x0E, 0x00, 0x1D, 0x00, 0x2C, 0x00, 0x3C, 0x00, 0x38, 0x00, 0x74, 0x00, 0xB0, 0x00, 0xB0,
    0x00, 0x74, 0x00, 0x38, 0x00, 0x3C, 0x00, 0x2C, 0x00, 0x1D, 0x00, 0x0E, 0x00, 0x0F, 0x00, 0x07,
    0x40, 0x03, 0x80, 0x03, 0xC0, 0x02, 0xC0, 0x01, 0xD0, 0x00, 0xE0, 0x00, 0xF0, 0x00, 0xB0, 0x00,
    0x74, 0x00, 0x38, 0x00, 0x3C, 0x00, 0x2C, 0x00, 0x1D, 0x00, 0x0E, 0x00, 0xE0, 0x00, 0x0E, 0x00,
    0x78, 0xE7, 0xC2, 0xFF, 0xF4, 0x07, 0xF8, 0x02, 0xFF, 0xF4, 0x78, 0xE7, 0xC1, 0x0E, 0x00, 0x00,
    0xE0, 0x00, 0x0B, 0xE0, 0x3F, 0xF8, 0xB4, 0x2C, 0xB0, 0x1C, 0xB4, 0x3C, 0x3F, 0xF8, 0x0B, 0xE0,
    0x2F, 0x1F, 0xEB, 0xFD, 0xFE, 0x2F, 0x00, 0x00, 0x00, 0x00, 0x03, 0x80, 0x00, 0x00, 0x02, 0xC0,
    0x00, 0x00, 0x00, 0xF0, 0x00, 0x00, 0x00, 0x78, 0x00, 0x00, 0x00, 0x2C, 0x00, 0x00, 0x00, 0x0F,
    0x00, 0x00, 0x00, 0x07, 0x40, 0x00, 0x00, 0x02, 0xC0, 0x00, 0x00, 0x00, 0xF0, 0x00, 0x00, 0x00,
    0x74, 0x00, 0x00, 0x00, 0x2C, 0x00, 0x00, 0x00, 0x0E, 0x00, 0x00, 0x00, 0x07, 0x40, 0x00, 0x00,
    0x03, 0xC0, 0x01, 0x50, 0x00, 0xE0, 0x02, 0xFC, 0x00, 0xB4, 0x00, 0xBF, 0x40, 0x3C, 0x00, 0x01,
    0xE0, 0x0E, 0x00, 0x00, 0x3C, 0x0B, 0x40, 0x00, 0x0B, 0x43, 0xC0, 0x00, 0x01, 0xE1, 0xE0, 0x00,
    0x00, 0x3C, 0xB0, 0x00, 0x00, 0x0B, 0x7C, 0x00, 0x00, 0x00, 0xFE, 0x00, 0x00, 0x00, 0x3F, 0x00,
    0x00, 0x00, 0x0B, 0xC0, 0x00, 0x00, 0x00, 0x50, 0x00, 0x00, 0x00, 0x00, 0x00, 0x03, 0x80, 0x00,
    0x00, 0x02, 0xC0, 0x00, 0x00, 0x00, 0xF0, 0x00, 0x00, 0x00, 0x78, 0x02, 0xFE, 0x00, 0x2C, 0x00,
    0x91, 0xE0, 0x0F, 0x00, 0x00, 0x74, 0x07, 0x40, 0x03, 0xF8, 0x02, 0xC0, 0x00, 0x0B, 0x40, 0xF0,
    0x00, 0x00, 0xF0, 0x74, 0x00, 0x00, 0x3C, 0x2C, 0x00, 0x14, 0x1E, 0x0E, 0x00, 0x07, 0xFE, 0x07,
    0x40, 0x00, 0x00, 0x03, 0xC0, 0x01, 0x50, 0x00, 0xE0, 0x02, 0xFC, 0x00, 0xB4, 0x00, 0xBF, 0x40,
    0x3C, 0x00, 0x01, 0xE0, 0x0E, 0x00, 0x00, 0x3C, 0x0B, 0x40, 0x00, 0x0B, 0x43, 0xC0, 0x00, 0x01,
    0xE1, 0xE0, 0x00, 0x00, 0x3C, 0xB0, 0x00, 0x00, 0x0B, 0x7C, 0x00, 0x00, 0x00, 0xFE, 0x00, 0x00,
    0x00, 0x3F, 0x00, 0x00, 0x00, 0x0B, 0xC0, 0x00, 0x00, 0x00, 0x50, 0x00, 0x00, 0x00, 0x00, 0x00,
    0x03, 0x80, 0x00, 0x00, 0x02, 0xC0, 0x00, 0x00, 0x00, 0xF0, 0x00, 0x20, 0x00, 0x78, 0x00, 0x3D,
    0x00, 0x2C, 0x00, 0x2F, 0x40, 0x0F, 0x00, 0x1C, 0xD0, 0x07, 0x40, 0x0D, 0x34, 0x02, 0xC0, 0x0E,
    0x0D, 0x00, 0xF0, 0x07, 0xFF, 0xE0, 0x74, 0x00, 0x01, 0xE0, 0x2C, 0x00, 0x00, 0x34, 0x0E, 0x00,
    0x00, 0x00, 0x07, 0x40, 0x00, 0x00, 0x03, 0xC0, 0x01, 0x50, 0x00, 0xE0, 0x02, 0xFC, 0x00, 0xB4,
    0x00, 0xBF, 0x40, 0x3C, 0x00, 0x01, 0xE0, 0x0E, 0x00, 0x00, 0x3C, 0x0B, 0x40, 0x00, 0x0B, 0x43,
    0xC0, 0x00, 0x01, 0xE1, 0xE0, 0x00, 0x00, 0x3C, 0xB0, 0x00, 0x00, 0x0B, 0x7C, 0x00, 0x00, 0x00,
    0xFE, 0x00, 0x00, 0x00, 0x3F, 0x00, 0x00, 0x00, 0x0B, 0xC0, 0x00, 0x00, 0x00, 0x50, 0x00, 0x00,
    0x0B, 0x90, 0x18, 0x3F, 0xF8, 0x7C, 0x78, 0x2D, 0xF0, 0xB0, 0x0B, 0xC0, 0xB0, 0x0B, 0xC0, 0x78,
    0x1E, 0xE0, 0x3F, 0xF8, 0xBC, 0x0B, 0xE0, 0x1C, 0x00, 0x10, 0x00, 0x01, 0x40, 0x01, 0xFF, 0x80,
    0x0B, 0xFE, 0x01, 0xFA, 0xBC, 0x0B, 0xFF, 0xE0, 0xF4, 0x07, 0xC7, 0xD0, 0x7D, 0x78, 0x00, 0xB7,
    0xC0, 0x07, 0xAC, 0x00, 0x0F, 0xD0, 0x00, 0xFB, 0x00, 0x02, 0xF0, 0x00, 0x2E, 0xC0, 0x00, 0x78,
    0x00, 0x0B, 0xB0, 0x00, 0x3F, 0x40, 0x03, 0xDE, 0x00, 0x2E, 0xF0, 0x01, 0xD3, 0xD0, 0x2E, 0x2F,
    0x01, 0xF0, 0x3F, 0xFF, 0x03, 0xFF, 0xF4, 0x02, 0xFD, 0x00, 0x1F, 0xE0, 0x00, 0xB0, 0x00, 0x00,
    0x02, 0xC0, 0x00, 0x00, 0x0B, 0x00, 0x00, 0x00, 0x2C, 0x00, 0x00, 0x00, 0xB0, 0x00, 0x00, 0x02,
    0xC0, 0x00, 0x00, 0x0B, 0x00, 0x00, 0x00, 0x2C, 0x00, 0x00, 0x00, 0xB0, 0x00, 0x00, 0x02, 0xC0,
    0x00, 0x00, 0x0B, 0x00, 0x00, 0x00, 0x2D, 0x55, 0x55, 0x54, 0xBF, 0xFF, 0xFF, 0xF2, 0xFF, 0xFF,
    0xFF, 0xC0, 0x00, 0x00, 0x00, 0x00, 0x00, 0x00, 0x74, 0x00, 0x00, 0x03, 0xC0, 0x00, 0x00, 0x3D,
    0x00, 0x00, 0x03, 0xD0, 0x00, 0x00, 0x2E, 0x00, 0x00, 0x02, 0xE0, 0x00, 0x00, 0x1F, 0x00, 0x00,
    0x01, 0xF0, 0x00, 0x00, 0x0F, 0x00, 0x00, 0x00, 0xF0, 0x00, 0x00, 0x0F, 0x95, 0x55, 0x54, 0xBF,
    0xFF, 0xFF, 0xF2, 0xFF, 0xFF, 0xFF, 0xC0, 0x00, 0x00, 0x00, 0x00, 0x00, 0x00, 0x30, 0x00, 0x00,
    0x03, 0xD0, 0x00, 0x10, 0x2E, 0x00, 0x00, 0xF6, 0xE0, 0x00, 0x01, 0xFF, 0x00, 0x00, 0x02, 0xF4,
    0x00, 0x00, 0x1F, 0xF0, 0x00, 0x00, 0xF2, 0xE0, 0x00, 0x0F, 0x43, 0xC0, 0x00, 0xF4, 0x0B, 0x40,
    0x0B, 0x80, 0x0E, 0x00, 0xBF, 0xFF, 0xFF, 0xF2, 0xFF, 0xFF, 0xFF, 0xC0, 0x00, 0x02, 0xC0, 0x00,
    0x00, 0x0F, 0x00, 0x00, 0x00, 0x2C, 0x00, 0x00, 0x00, 0x00, 0x00, 0x00, 0x00, 0x00, 0x00, 0x03,
    0x82, 0xC0, 0x00, 0xFB, 0xF0, 0x00, 0x2F, 0xD0, 0x00, 0xBF, 0x80, 0x02, 0xF8, 0xE0, 0x07, 0xE0,
    0x3C, 0x02, 0xF8, 0x0F, 0x00, 0x1F, 0xE7, 0x80, 0x00, 0x2F, 0xE0, 0x00, 0x00, 0xBF, 0x80, 0x00,
    0x3D, 0xFC, 0x00, 0x0E, 0x06, 0x00, 0x01, 0x00, 0x00, 0xB2, 0xCB, 0x2C, 0xB2, 0xCB, 0x2C, 0xB2,
    0xCB, 0x2C, 0xB2, 0xCB, 0x2C, 0xB2, 0xCB, 0x2C, 0xB2, 0xC0, 0x01, 0xD0, 0x00, 0x74, 0x00, 0x1D,
    0x00, 0x07, 0x40, 0x01, 0xD0, 0x00, 0x74, 0x00, 0x1D, 0x00, 0x07, 0x5C, 0x01, 0xEF, 0x00, 0x7F,
    0x00, 0x1F, 0x00, 0x0F, 0x40, 0x0F, 0xD0, 0x0F, 0xB4, 0x07, 0x1D, 0x00, 0x07, 0x40, 0x01, 0xD0,
    0x00, 0x74, 0x00, 0x1D, 0x00, 0x07, 0x40, 0x01, 0xD0, 0x00, 0x74, 0x00, 0xB0, 0x3A, 0xC0, 0xEB,
    0x03, 0xAC, 0x0E, 0xB0, 0x3A, 0xC0, 0xEB, 0x03, 0xAC, 0x0E, 0xB0, 0x3A, 0xC0, 0xEB, 0x03, 0xAC,
    0x0E, 0xB0, 0x3A, 0xC0, 0xEB, 0x03, 0xAC, 0x0E, 0xB0, 0x3A, 0xC0, 0xEB, 0x03, 0xAC, 0x0E, 0xB0,
    0x3A, 0xC0, 0xE0, 0x02, 0xD0, 0xF0, 0x00, 0x2D, 0x0F, 0x00, 0x02, 0xD0, 0xF0, 0x00, 0x2D, 0x0F,
    0x00, 0x02, 0xD0, 0xF1, 0x40, 0x2D, 0x0F, 0x7C, 0x02, 0xD0, 0xFF, 0x00, 0x2D, 0x0F, 0xC0, 0x02,
    0xD0, 0xF0, 0x00, 0x2D, 0x3F, 0x00, 0x02, 0xDF, 0xF0, 0x00, 0x2F, 0xDF, 0x00, 0x02, 0xF4, 0xF0,
    0x00, 0x2E, 0x0F, 0x00, 0x0B, 0xD0, 0xF0, 0x02, 0xFD, 0x0F, 0x00, 0x7A, 0xD0, 0xF0, 0x02, 0x2D,
    0x0F, 0x00, 0x02, 0xD0, 0xF0, 0x00, 0x2D, 0x0F, 0x00, 0x02, 0xD0, 0xF0, 0x00, 0x2D, 0x0F, 0x00,
    0x00, 0x01, 0x40, 0x00, 0x00, 0x03, 0xC0, 0x00, 0x00, 0x0B, 0xE0, 0x00, 0x00, 0x0E, 0xF0, 0x00,
    0x00, 0x2C, 0x74, 0x00, 0x00, 0x3C, 0x3C, 0x00, 0x00, 0xB4, 0x1D, 0x00, 0x00, 0xF0, 0x0F, 0x00,
    0x02, 0xD0, 0x0B, 0x40, 0x03, 0xC0, 0x03, 0xC0, 0x0B, 0x40, 0x02, 0xD0, 0x0F, 0x00, 0x00, 0xF0,
    0x2E, 0x00, 0x00, 0xB4, 0x3C, 0x00, 0x00, 0x3C, 0x78, 0x00, 0x00, 0x2D, 0x60, 0x00, 0x00, 0x18,
    0x3C, 0x00, 0x00, 0x3C, 0x3D, 0x00, 0x00, 0x78, 0x1E, 0x00, 0x00, 0xF0, 0x0F, 0x00, 0x01, 0xE0,
    0x07, 0x80, 0x03, 0xC0, 0x03, 0xC0, 0x07, 0x80, 0x01, 0xE0, 0x0F, 0x00, 0x00, 0xF0, 0x0E, 0x00,
    0x00, 0x78, 0x2C, 0x00, 0x00, 0x3C, 0x38, 0x00, 0x00, 0x1D, 0xB0, 0x00, 0x00, 0x0F, 0xF0, 0x00,
    0x00, 0x07, 0xD0, 0x00, 0x00, 0x03, 0xC0, 0x00, 0x00, 0x6F, 0xE4, 0x00, 0x0F, 0xFF, 0xFC, 0x00,
    0xFD, 0x01, 0xBC, 0x0B, 0x80, 0x00, 0xB8, 0x3C, 0x00, 0x00, 0xF1, 0xE0, 0x00, 0x01, 0xDB, 0x40,
    0x00, 0x03, 0xAC, 0x00, 0x00, 0x0F, 0xB0, 0x00, 0x00, 0x3F, 0xC0, 0x00, 0x00, 0xFF, 0x00, 0x00,
    0x03, 0xFC, 0x00, 0x00, 0x0F, 0xF0, 0x00, 0x00, 0x3F, 0xC0, 0x00, 0x00, 0xFF, 0x00, 0x00, 0x03,
    0xFC, 0x00, 0x00, 0x0F, 0xB0, 0x00, 0x00, 0x3C, 0x60, 0x00, 0x00, 0x17, 0xC0, 0x00, 0x00, 0xFF,
    0x00, 0x00, 0x03, 0xFC, 0x00, 0x00, 0x0F, 0xF0, 0x00, 0x00, 0x3F, 0xC0, 0x00, 0x00, 0xFF, 0x00,
    0x00, 0x03, 0xFC, 0x00, 0x00, 0x0F, 0xB0, 0x00, 0x00, 0x3E, 0xC0, 0x00, 0x00, 0xFB, 0x00, 0x00,
    0x03, 0x9D, 0x00, 0x00, 0x1E, 0x3C, 0x00, 0x00, 0xB0, 0xB4, 0x00, 0x07, 0xC0, 0xF8, 0x00, 0xBC,
    0x00, 0xFF, 0xFF, 0xD0, 0x00, 0x7F, 0xF8, 0x00, 0x00, 0x00, 0x00, 0x01, 0x00, 0x00, 0x00, 0x00,
    0xBF, 0xD0, 0x00, 0x00, 0x0F, 0xFF, 0x00, 0x00, 0x00, 0xFD, 0x04, 0x00, 0x00, 0x07, 0xC0, 0x00,
    0x00, 0x00, 0x2E, 0x00, 0x00, 0x00, 0x00, 0xF4, 0x00, 0x00, 0x00, 0x03, 0xC0, 0x00, 0x00, 0x00,
    0x1F, 0x00, 0x00, 0x00, 0x00, 0xB8, 0x00, 0x00, 0x00, 0x03, 0xD0, 0x00, 0x00, 0x00, 0x0F, 0x00,
    0x00, 0x00, 0x00, 0x7C, 0x00, 0x00, 0x00, 0x01, 0xF0, 0x00, 0x00, 0x00, 0x0B, 0x80, 0x00, 0x00,
    0x00, 0x3D, 0x00, 0x00, 0x00, 0x00, 0xF0, 0x00, 0x00, 0x00, 0x03, 0xC0, 0x00, 0x00, 0x00, 0x1F,
    0x00, 0x00, 0x00, 0x00, 0xB8, 0x00, 0x00, 0x00, 0x02, 0xD0, 0x00, 0x00, 0x00, 0x0F, 0x40, 0x00,
    0x00, 0x00, 0x3C, 0x00, 0x00, 0x00, 0x02, 0xF0, 0x00, 0x00, 0x00, 0x0F, 0x40, 0x00, 0x00, 0x00,
    0xBC, 0x00, 0x00, 0x02, 0x5B, 0xD0, 0x00, 0x00, 0x1F, 0xFE, 0x00, 0x00, 0x00, 0x6F, 0xD0, 0x00,
    0x00, 0x00, 0x00, 0x00, 0x00, 0x01, 0x00, 0x00, 0x40, 0x00, 0x00, 0x00, 0x2F, 0xF4, 0x1F, 0xFC,
    0x00, 0x00, 0x00, 0xFF, 0xF0, 0xBF, 0xF8, 0x00, 0x00, 0x03, 0xF4, 0x11, 0xF8, 0x00, 0x00, 0x00,
    0x07, 0xC0, 0x03, 0xE0, 0x00, 0x00, 0x00, 0x0B, 0x80, 0x03, 0xC0, 0x00, 0x00, 0x00, 0x0F, 0x40,
    0x0B, 0xC0, 0x00, 0x00, 0x00, 0x0F, 0x00, 0x0F, 0x40, 0x00, 0x00, 0x00, 0x1F, 0x00, 0x0F, 0x00,
    0x00, 0x00, 0x00, 0x2E, 0x00, 0x0F, 0x00, 0x00, 0x00, 0x00, 0x3D, 0x00, 0x1F, 0x00, 0x00, 0x00,
    0x00, 0x3C, 0x00, 0x2E, 0x00, 0x00, 0x00, 0x00, 0x7C, 0x00, 0x3D, 0x00, 0x00, 0x00, 0x00, 0x7C,
    0x00, 0x3C, 0x00, 0x00, 0x00, 0x00, 0xB8, 0x00, 0x3C, 0x00, 0x00, 0x00, 0x00, 0xF4, 0x00, 0x7C,
    0x00, 0x00, 0x00, 0x00, 0xF0, 0x00, 0xB8, 0x00, 0x00, 0x00, 0x00, 0xF0, 0x00, 0xB8, 0x00, 0x00,
    0x00, 0x01, 0xF0, 0x00, 0xF4, 0x00, 0x00, 0x00, 0x02, 0xE0, 0x00, 0xF0, 0x00, 0x00, 0x00, 0x02,
    0xD0, 0x01, 0xF0, 0x00, 0x00, 0x00, 0x03, 0xD0, 0x01, 0xE0, 0x00, 0x00, 0x00, 0x03, 0xC0, 0x03,
    0xE0, 0x00, 0x00, 0x00, 0x0B, 0xC0, 0x03, 0xC0, 0x00, 0x00, 0x00, 0x0F, 0x40, 0x0B, 0xC0, 0x00,
    0x00, 0x00, 0x2F, 0x00, 0x0F, 0x40, 0x00, 0x00, 0x25, 0xBD, 0x15, 0xBF, 0x00, 0x00, 0x00, 0x7F,
    0xF8, 0x3F, 0xFC, 0x00, 0x00, 0x00, 0x6F, 0xD0, 0x2F, 0xE0, 0x00, 0x00, 0x00, 0x00, 0x00, 0x00,
    0x01, 0x00, 0x00, 0x40, 0x00, 0x40, 0x00, 0x00, 0x00, 0x2F, 0xF4, 0x1F, 0xFC, 0x0B, 0xFD, 0x00,
    0x00, 0x00, 0xFF, 0xF0, 0xBF, 0xF8, 0x3F, 0xFC, 0x00, 0x00, 0x03, 0xF4, 0x11, 0xF8, 0x00, 0xFD,
    0x04, 0x00, 0x00, 0x07, 0xC0, 0x03, 0xE0, 0x01, 0xF0, 0x00, 0x00, 0x00, 0x0B, 0x80, 0x03, 0xC0,
    0x02, 0xE0, 0x00, 0x00, 0x00, 0x0F, 0x40, 0x0B, 0xC0, 0x03, 0xD0, 0x00, 0x00, 0x00, 0x0F, 0x00,
    0x0F, 0x40, 0x07, 0xC0, 0x00, 0x00, 0x00, 0x1F, 0x00, 0x0F, 0x00, 0x0B, 0x80, 0x00, 0x00, 0x00,
    0x2E, 0x00, 0x0F, 0x00, 0x0B, 0x40, 0x00, 0x00, 0x00, 0x3D, 0x00, 0x1F, 0x00, 0x0F, 0x40, 0x00,
    0x00, 0x00, 0x3C, 0x00, 0x2E, 0x00, 0x0F, 0x00, 0x00, 0x00, 0x00, 0x7C, 0x00, 0x3D, 0x00, 0x1F,
    0x00, 0x00, 0x00, 0x00, 0x7C, 0x00, 0x3C, 0x00, 0x1E, 0x00, 0x00, 0x00, 0x00, 0xB8, 0x00, 0x3C,
    0x00, 0x2E, 0x00, 0x00, 0x00, 0x00, 0xF4, 0x00, 0x7C, 0x00, 0x3D, 0x00, 0x00, 0x00, 0x00, 0xF0,
    0x00, 0xB8, 0x00, 0x3C, 0x00, 0x00, 0x00, 0x00, 0xF0, 0x00, 0xB8, 0x00, 0x3C, 0x00, 0x00, 0x00,
    0x01, 0xF0, 0x00, 0xF4, 0x00, 0x7C, 0x00, 0x00, 0x00, 0x02, 0xE0, 0x00, 0xF0, 0x00, 0xB8, 0x00,
    0x00, 0x00, 0x02, 0xD0, 0x01, 0xF0, 0x00, 0xF4, 0x00, 0x00, 0x00, 0x03, 0xD0, 0x01, 0xE0, 0x00,
    0xF0, 0x00, 0x00, 0x00, 0x03, 0xC0, 0x03, 0xE0, 0x01, 0xF0, 0x00, 0x00, 0x00, 0x0B, 0xC0, 0x03,
    0xC0, 0x02, 0xE0, 0x00, 0x00, 0x00, 0x0F, 0x40, 0x0B, 0xC0, 0x03, 0xD0, 0x00, 0x00, 0x00, 0x2F,
    0x00, 0x0F, 0x40, 0x0B, 0xC0, 0x00, 0x00, 0x25, 0xBD, 0x15, 0xBF, 0x09, 0x6F, 0x40, 0x00, 0x00,
    0x7F, 0xF8, 0x3F, 0xFC, 0x1F, 0xFE, 0x00, 0x00, 0x00, 0x6F, 0xD0, 0x2F, 0xE0, 0x1B, 0xF4, 0x00,
    0x00, 0x00, 0x00, 0x00, 0x00, 0x01, 0x00, 0x00, 0x00, 0x00, 0xBF, 0xD0, 0x00, 0x00, 0x0F, 0xFF,
    0x00, 0x00, 0x00, 0xFD, 0x04, 0x00, 0x00, 0x07, 0xC0, 0x00, 0x00, 0x00, 0x2E, 0x00, 0x00, 0x00,
    0x00, 0xF4, 0x00, 0x00, 0x00, 0x03, 0xC0, 0x00, 0x00, 0x00, 0x1F, 0x00, 0x00, 0x00, 0x00, 0xB8,
    0x00, 0x00, 0x00, 0x2F, 0xF0, 0x00, 0x00, 0x07, 0xFF, 0xF4, 0x00, 0x00, 0x7D, 0x7E, 0xF0, 0x00,
    0x03, 0xC1, 0xF1, 0xE0, 0x00, 0x0F, 0x0B, 0x83, 0xC0, 0x00, 0x38, 0x3D, 0x0F, 0x00, 0x00, 0xF0,
    0xF0, 0x38, 0x00, 0x01, 0xF7, 0xC7, 0xD0, 0x00, 0x02, 0xFF, 0xFD, 0x00, 0x00, 0x01, 0xFF, 0x80,
    0x00, 0x00, 0x02, 0xD0, 0x00, 0x00, 0x00, 0x0F, 0x40, 0x00, 0x00, 0x00, 0x3C, 0x00, 0x00, 0x00,
    0x02, 0xF0, 0x00, 0x00, 0x00, 0x0F, 0x40, 0x00, 0x00, 0x00, 0xBC, 0x00, 0x00, 0x02, 0x5B, 0xD0,
    0x00, 0x00, 0x1F, 0xFE, 0x00, 0x00, 0x00, 0x6F, 0xD0, 0x00, 0x00, 0x00, 0x00, 0x00, 0x00, 0x01,
    0x00, 0x00, 0x40, 0x00, 0x00, 0x00, 0x2F, 0xF4, 0x1F, 0xFC, 0x00, 0x00, 0x00, 0xFF, 0xF0, 0xBF,
    0xF8, 0x00, 0x00, 0x03, 0xF4, 0x11, 0xF8, 0x00, 0x00, 0x00, 0x07, 0xC0, 0x03, 0xE0, 0x00, 0x00,
    0x00, 0x0B, 0x80, 0x03, 0xC0, 0x00, 0x00, 0x00, 0x0F, 0x40, 0x0B, 0xC0, 0x00, 0x00, 0x00, 0x0F,
    0x00, 0x0F, 0x40, 0x00, 0x00, 0x00, 0x1F, 0x00, 0x0F, 0x00, 0x00, 0x00, 0x00, 0x3F, 0xFF, 0xBF,
    0x00, 0x00, 0x00, 0x03, 0xFF, 0xFF, 0xFF, 0x40, 0x00, 0x00, 0x0F, 0xFC, 0x00, 0x3F, 0xE0, 0x00,
    0x00, 0x3D, 0x7C, 0x00, 0x3E, 0xF0, 0x00, 0x00, 0x38, 0x7C, 0x00, 0x3C, 0x78, 0x00, 0x00, 0x78,
    0xB8, 0x00, 0x3C, 0x38, 0x00, 0x00, 0x38, 0xF4, 0x00, 0x7C, 0x78, 0x00, 0x00, 0x3E, 0xF0, 0x00,
    0xB8, 0xF0, 0x00, 0x00, 0x0F, 0xF4, 0x00, 0xFF, 0xD0, 0x00, 0x00, 0x03, 0xFF, 0xFF, 0xFF, 0x40,
    0x00, 0x00, 0x02, 0xFA, 0xFF, 0xF4, 0x00, 0x00, 0x00, 0x02, 0xD0, 0x01, 0xF0, 0x00, 0x00, 0x00,
    0x03, 0xD0, 0x01, 0xE0, 0x00, 0x00, 0x00, 0x03, 0xC0, 0x03, 0xE0, 0x00, 0x00, 0x00, 0x0B, 0xC0,
    0x03, 0xC0, 0x00, 0x00, 0x00, 0x0F, 0x40, 0x0B, 0xC0, 0x00, 0x00, 0x00, 0x2F, 0x00, 0x0F, 0x40,
    0x00, 0x00, 0x25, 0xBD, 0x15, 0xBF, 0x00, 0x00, 0x00, 0x7F, 0xF8, 0x3F, 0xFC, 0x00, 0x00, 0x00,
    0x6F, 0xD0, 0x2F, 0xE0, 0x00, 0x00, 0x00, 0x00, 0x00, 0x00, 0x01, 0x00, 0x00, 0x40, 0x00, 0x40,
    0x00, 0x00, 0x00, 0x2F, 0xF4, 0x1F, 0xFC, 0x0B, 0xFD, 0x00, 0x00, 0x00, 0xFF, 0xF0, 0xBF, 0xF8,
    0x3F, 0xFC, 0x00, 0x00, 0x03, 0xF4, 0x11, 0xF8, 0x00, 0xFD, 0x04, 0x00, 0x00, 0x07, 0xC0, 0x03,
    0xE0, 0x01, 0xF0, 0x00, 0x00, 0x00, 0x0B, 0x80, 0x03, 0xC0, 0x02, 0xE0, 0x00, 0x00, 0x00, 0x0F,
    0x40, 0x0B, 0xC0, 0x03, 0xD0, 0x00, 0x00, 0x00, 0x0F, 0x00, 0x0F, 0x40, 0x07, 0xC0, 0x00, 0x00,
    0x00, 0x1F, 0x00, 0x0F, 0x00, 0x0B, 0x80, 0x00, 0x00, 0x00, 0x3F, 0xFF, 0xFF, 0xFF, 0x9F, 0x40,
    0x00, 0x00, 0x01, 0xFF, 0xFF, 0xFF, 0xFF, 0xFF, 0x40, 0x00, 0x00, 0x07, 0xFD, 0x00, 0x2E, 0x00,
    0x7F, 0xD0, 0x00, 0x00, 0x0F, 0xBC, 0x00, 0x3D, 0x00, 0x1F, 0xF0, 0x00, 0x00, 0x2D, 0x7C, 0x00,
    0x3C, 0x00, 0x1E, 0xB4, 0x00, 0x00, 0x2C, 0xB8, 0x00, 0x3C, 0x00, 0x2E, 0x74, 0x00, 0x00, 0x2D,
    0xF4, 0x00, 0x7C, 0x00, 0x3D, 0xB4, 0x00, 0x00, 0x0F, 0xF0, 0x00, 0xB8, 0x00, 0x3F, 0xF0, 0x00,
    0x00, 0x07, 0xFD, 0x40, 0xB8, 0x01, 0xBF, 0xD0, 0x00, 0x00, 0x02, 0xFF, 0xFF, 0xFF, 0xFF, 0xFE,
    0x00, 0x00, 0x00, 0x02, 0xF6, 0xBF, 0xFF, 0xFE, 0xF8, 0x00, 0x00, 0x00, 0x02, 0xD0, 0x01, 0xF0,
    0x00, 0xF4, 0x00, 0x00, 0x00, 0x03, 0xD0, 0x01, 0xE0, 0x00, 0xF0, 0x00, 0x00, 0x00, 0x03, 0xC0,
    0x03, 0xE0, 0x01, 0xF0, 0x00, 0x00, 0x00, 0x0B, 0xC0, 0x03, 0xC0, 0x02, 0xE0, 0x00, 0x00, 0x00,
    0x0F, 0x40, 0x0B, 0xC0, 0x03, 0xD0, 0x00, 0x00, 0x00, 0x2F, 0x00, 0x0F, 0x40, 0x0B, 0xC0, 0x00,
    0x00, 0x25, 0xBD, 0x15, 0xBF, 0x09, 0x6F, 0x40, 0x00, 0x00, 0x7F, 0xF8, 0x3F, 0xFC, 0x1F, 0xFE,
    0x00, 0x00, 0x00, 0x6F, 0xD0, 0x2F, 0xE0, 0x1B, 0xF4, 0x00, 0x00, 0x00, 0x00, 0x00, 0x00, 0x01,
    0x00, 0x00, 0x00, 0x00, 0xBF, 0xD0, 0x00, 0x00, 0x0F, 0xFF, 0x00, 0x00, 0x00, 0xFD, 0x04, 0x00,
    0x00, 0x07, 0xC0, 0x00, 0x00, 0x00, 0x2E, 0x00, 0x00, 0x00, 0x00, 0xF4, 0x00, 0x00, 0x00, 0x03,
    0xC0, 0x00, 0x00, 0x00, 0x1F, 0x00, 0x00, 0x00, 0x00, 0xB8, 0x00, 0x00, 0x00, 0x03, 0xD0, 0x00,
    0x00, 0x00, 0xBF, 0x80, 0x00, 0x00, 0x1F, 0xFF, 0xD0, 0x00, 0x01, 0xF6, 0xF7, 0xC0, 0x00, 0x0F,
    0x0B, 0x87, 0xE0, 0x00, 0x38, 0x3D, 0x2F, 0x40, 0x00, 0x00, 0xF0, 0x1C, 0x00, 0x00, 0x03, 0xC0,
    0x00, 0x00, 0x00, 0x1F, 0x00, 0x00, 0x00, 0x00, 0xB8, 0x00, 0x00, 0x00, 0x02, 0xD0, 0x00, 0x00,
    0x00, 0x0F, 0x40, 0x00, 0x00, 0x00, 0x3C, 0x00, 0x00, 0x00, 0x02, 0xF0, 0x00, 0x00, 0x00, 0x0F,
    0x40, 0x00, 0x00, 0x00, 0xBC, 0x00, 0x00, 0x02, 0x5B, 0xD0, 0x00, 0x00, 0x1F, 0xFE, 0x00, 0x00,
    0x00, 0x6F, 0xD0, 0x00, 0x00, 0x00, 0x00, 0x00, 0x00, 0x01, 0x00, 0x00, 0x00, 0x00, 0xBF, 0xD0,
    0x00, 0x00, 0x0F, 0xFF, 0x00, 0x00, 0x00, 0xFD, 0x04, 0x00, 0x00, 0x07, 0xC0, 0x00, 0x00, 0x00,
    0x2E, 0x00, 0x00, 0x00, 0x00, 0xF4, 0x00, 0x00, 0x00, 0x03, 0xC0, 0x00, 0x00, 0x00, 0x1F, 0x00,
    0x00, 0x00, 0x00, 0xB8, 0x00, 0x00, 0x00, 0x2F, 0xF0, 0x00, 0x00, 0x07, 0xFF, 0xF4, 0x00, 0x00,
    0x7D, 0x7E, 0xF0, 0x00, 0x03, 0xC1, 0xF1, 0xF8, 0x00, 0x0F, 0x0B, 0x8F, 0xD0, 0x00, 0x38, 0x3D,
    0x0F, 0x00, 0x00, 0xF0, 0xF0, 0x38, 0x00, 0x01, 0xF7, 0xC7, 0xD0, 0x00, 0x02, 0xFF, 0xFD, 0x00,
    0x00, 0x01, 0xFF, 0x80, 0x00, 0x00, 0x02, 0xD0, 0x00, 0x00, 0x00, 0x0F, 0x40, 0x00, 0x00, 0x00,
    0x3C, 0x00, 0x00, 0x00, 0x02, 0xF0, 0x00, 0x00, 0x00, 0x0F, 0x40, 0x00, 0x00, 0x00, 0xBC, 0x00,
    0x00, 0x02, 0x5B, 0xD0, 0x00, 0x00, 0x1F, 0xFE, 0x00, 0x00, 0x00, 0x6F, 0xD0, 0x00, 0x00, 0x00,
    0x00, 0x00, 0x00, 0x01, 0x00, 0x00, 0x00, 0x00, 0xBF, 0xD0, 0x00, 0x00, 0x0F, 0xFF, 0x00, 0x00,
    0x00, 0xFD, 0x04, 0x00, 0x00, 0x07, 0xC0, 0x00, 0x00, 0x00, 0x2E, 0x00, 0x00, 0x00, 0x00, 0xF4,
    0x00, 0x00, 0x00, 0x03, 0xC0, 0x00, 0x00, 0x00, 0x1F, 0x00, 0x00, 0x00, 0x00, 0xB8, 0x00, 0x00,
    0x00, 0x2F, 0xF0, 0x00, 0x00, 0x07, 0xFF, 0xF4, 0x00, 0x00, 0x7D, 0x7E, 0xF0, 0x00, 0x03, 0xC1,
    0xF1, 0xE0, 0x00, 0x0F, 0x0B, 0x87, 0xE0, 0x00, 0x38, 0x3D, 0x2F, 0x00, 0x00, 0xF0, 0xF0, 0x38,
    0x00, 0x01, 0xF7, 0xC7, 0xD0, 0x00, 0x02, 0xFF, 0xFD, 0x00, 0x00, 0x01, 0xFF, 0x80, 0x00, 0x00,
    0x02, 0xD0, 0x00, 0x00, 0x00, 0x0F, 0x40, 0x00, 0x00, 0x00, 0x3C, 0x00, 0x00, 0x00, 0x02, 0xF0,
    0x00, 0x00, 0x00, 0x0F, 0x40, 0x00, 0x00, 0x00, 0xBC, 0x00, 0x00, 0x02, 0x5B, 0xD0, 0x00, 0x00,
    0x1F, 0xFE, 0x00, 0x00, 0x00, 0x6F, 0xD0, 0x00, 0x00, 0x00, 0x00, 0x3C, 0x00, 0x00, 0x1F, 0x80,
    0x00, 0x03, 0xC0, 0x00, 0x00, 0x00, 0x00, 0x00, 0x00, 0x00, 0x00, 0x00, 0x00, 0x00, 0x00, 0x00,
    0x00, 0x00, 0x00, 0x00, 0x00, 0x00, 0x00, 0x1F, 0x00, 0x07, 0x8B, 0xC0, 0x03, 0xF1, 0xF0, 0x00,
    0x78, 0x7C, 0x00, 0x1E, 0x2F, 0x00, 0x0F, 0xC7, 0xC0, 0x01, 0xE0, 0x00, 0x00, 0x00, 0x00, 0x00,
    0x00, 0x00, 0x00, 0x00, 0x00, 0x00, 0x00, 0x00, 0x00, 0x00, 0x00, 0x00, 0x00, 0x00, 0x00, 0x0F,
    0x00, 0x00, 0x07, 0xE0, 0x00, 0x00, 0xF0, 0x00, 0x7C, 0xBC, 0x7C, 0x00, 0x00, 0x00, 0x00, 0x00,
    0x00, 0x7C, 0xBC, 0x7C, 0x7C, 0x00, 0x1E, 0x2F, 0x00, 0x0F, 0xC7, 0xC0, 0x01, 0xE0, 0x00, 0x00,
    0x00, 0x00, 0x00, 0x00, 0x00, 0x00, 0x00, 0x00, 0x00, 0x00, 0x00, 0x00, 0x00, 0x00, 0x00, 0x00,
    0x00, 0x1F, 0x00, 0x07, 0x8B, 0xC0, 0x03, 0xF1, 0xF0, 0x00, 0x78, 0x00, 0x3C, 0x00, 0x00, 0x1F,
    0x80, 0x00, 0x03, 0xC0, 0x00, 0x00, 0x00, 0x00, 0x15, 0x55, 0x55, 0x2F, 0xFF, 0xFF, 0xCB, 0xFF,
    0xFF, 0xF0, 0x00, 0x00, 0x07, 0x80, 0x00, 0x00, 0xFC, 0x15, 0x55, 0x42, 0x4B, 0xFF, 0xFC, 0x00,
    0xBF, 0xFF, 0xC0, 0x00, 0x00, 0x00, 0x78, 0x00, 0x00, 0x0F, 0xC0, 0x00, 0x00, 0x78, 0x7C, 0x00,
    0x1E, 0x2F, 0x00, 0x0F, 0xC7, 0x80, 0x01, 0xE0, 0x00, 0x00, 0x00, 0x00, 0x00, 0x00, 0x2F, 0xFF,
    0xFF, 0xCB, 0xFF, 0xFF, 0xF0, 0x55, 0x55, 0x54, 0x00, 0x00, 0x00, 0x1E, 0x00, 0x07, 0x8B, 0xC0,
    0x03, 0xF1, 0xF0, 0x00, 0x78, 0x00, 0x3C, 0x00, 0x00, 0x1F, 0x80, 0x00, 0x03, 0xC0, 0x00, 0x04,
    0x00, 0x00, 0x7F, 0xF9, 0x07, 0x2F, 0xFF, 0xFF, 0xC9, 0x02, 0xFF, 0xE0, 0x00, 0x01, 0x40, 0x00,
    0x3C, 0x00, 0x00, 0x1F, 0x80, 0x00, 0x03, 0xC0, 0x00, 0x01, 0x00, 0x00, 0x1F, 0xFF, 0x96, 0xCB,
    0xFF, 0xFF, 0xF2, 0x40, 0x6F, 0xF4, 0x00, 0x00, 0x50, 0x29, 0x5B, 0xFF, 0x8B, 0xFF, 0xFF, 0xF0,
    0xBF, 0x90, 0x18, 0x0B, 0xE0, 0x02, 0x80, 0x3F, 0xFC, 0x02, 0xF4, 0x78, 0x2E, 0x00, 0x7C, 0xB0,
    0x0B, 0x40, 0x2C, 0xB0, 0x03, 0xC0, 0x2C, 0x78, 0x01, 0xF0, 0x3C, 0x3F, 0x00, 0x7F, 0xF4, 0x0B,
    0x00, 0x1F, 0xD0, 0x0B, 0x90, 0x00, 0x00, 0xFF, 0xE0, 0x00, 0x07, 0x82, 0xC0, 0x00, 0x2C, 0x03,
    0x80, 0x00, 0xB0, 0x0E, 0x00, 0x02, 0xC0, 0x3C, 0x00, 0x0B, 0x00, 0xB0, 0x00, 0x00, 0x01, 0xD0,
    0x0D, 0x00, 0x07, 0x40, 0x74, 0x00, 0x0E, 0x01, 0xD0, 0x00, 0x3C, 0x07, 0x40, 0x00, 0xB4, 0x3C,
    0x00, 0x00, 0xFF, 0xE0, 0x00, 0x00, 0xFE, 0x00, 0x64, 0x3C, 0x1E, 0x0F, 0x1E, 0x2E, 0x3C, 0x7C,
    0xB4, 0xB4, 0xB4, 0x78, 0x2D, 0x00, 0x00, 0x00, 0x00, 0x00, 0xB0, 0x00, 0x00, 0x38, 0x00, 0x04,
    0x3C, 0x00, 0x7F, 0xFE, 0x5B, 0x2F, 0xFF, 0xFF, 0xC9, 0x07, 0xFF, 0xD0, 0x03, 0xC0, 0x00, 0x01,
    0xD0, 0x00, 0x00, 0x60, 0x00, 0x00, 0xBF, 0xFF, 0xFF, 0x2F, 0xFF, 0xFF, 0xC1, 0x55, 0x55, 0x50,
    0x04, 0x00, 0x00, 0x7F, 0xFE, 0x5B, 0x2F, 0xFF, 0xFF, 0xC9, 0x01, 0xBF, 0xD0, 0x2F, 0xE0, 0x01,
    0x2F, 0xFF, 0x97, 0xCB, 0x5B, 0xFF, 0xF1, 0x00, 0x1F, 0xE0, 0x15, 0x55, 0x55, 0x2F, 0xFF, 0xFF,
    0xCB, 0xFF, 0xFF, 0xF0, 0x00, 0x00, 0x80, 0x00, 0x00, 0xB4, 0x00, 0x00, 0x3C, 0x00, 0xBF, 0x9E,
    0x04, 0xBF, 0xFF, 0x9F, 0x2D, 0x6F, 0xFF, 0xC4, 0x01, 0xFF, 0x80, 0x55, 0xF5, 0x54, 0xBF, 0xFF,
    0xFF, 0x2F, 0xFF, 0xFF, 0xC0, 0x0F, 0x00, 0x00, 0x03, 0x80, 0x00, 0x02, 0xC0, 0x00, 0x00, 0xF0,
    0x00, 0x00, 0x00, 0x00, 0x00, 0x2F, 0xE0, 0x01, 0x2F, 0xFF, 0x97, 0xCB, 0x5B, 0xFF, 0xF1, 0x00,
    0x1F, 0xE0, 0x00, 0x00, 0x00, 0x2F, 0xFF, 0xFF, 0xCB, 0xFF, 0xFF, 0xF0, 0x55, 0x55, 0x54, 0x15,
    0x55, 0x55, 0x2F, 0xFF, 0xFF, 0xCB, 0xFF, 0xFF, 0xF0, 0x2F, 0xE0, 0x01, 0x2F, 0xFF, 0x97, 0xCB,
    0x5B, 0xFF, 0xF1, 0x00, 0x1F, 0xE0, 0x00, 0x02, 0x00, 0x2F, 0xFF, 0xFF, 0xCB, 0xFF, 0xFF, 0xF0,
    0x55, 0xB9, 0x54, 0x15, 0x7D, 0x55, 0x2F, 0xFF, 0xFF, 0xCB, 0xFF, 0xFF, 0xF0, 0x07, 0x40, 0x00,
    0x03, 0xC0, 0x00, 0x00, 0x90, 0x00, 0x00, 0x00, 0x00, 0x00, 0x00, 0x00, 0x28, 0x00, 0x00, 0x0E,
    0x00, 0xBF, 0x8B, 0x44, 0xBF, 0xFF, 0xDF, 0x2D, 0x6F, 0xFF, 0xC4, 0x00, 0xBF, 0x80, 0x00, 0x3C,
    0x00, 0xBF, 0xFF, 0xFF, 0x2F, 0xFF, 0xFF, 0xC1, 0x57, 0xD5, 0x50, 0x56, 0xD5, 0x54, 0xBF, 0xFF,
    0xFF, 0x2F, 0xFF, 0xFF, 0xC0, 0x2C, 0x00, 0x00, 0x0F, 0x00, 0x00, 0x02, 0x40, 0x00, 0x00, 0x2F,
    0xE4, 0x02, 0x2F, 0xFF, 0xFF, 0xC9, 0x01, 0xBF, 0xD0, 0x00, 0x00, 0x00, 0x2F, 0xE4, 0x02, 0x2F,
    0xFF, 0xFF, 0xC9, 0x01, 0xBF, 0xD0, 0x00, 0x00, 0xA0, 0x00, 0x00, 0x38, 0x00, 0x10, 0x2D, 0x01,
    0xFF, 0xEF, 0x1C, 0xBF, 0xFF, 0xFF, 0x28, 0x0B, 0xFF, 0x80, 0x01, 0xE5, 0x00, 0x04, 0xF0, 0x00,
    0x7F, 0xFE, 0x5B, 0x2F, 0xFF, 0xFF, 0xC9, 0x0F, 0xBF, 0xD0, 0x0B, 0x00, 0x00, 0x03, 0x80, 0x00,
    0x00, 0x40, 0x00, 0x00, 0x2F, 0xE0, 0x01, 0x2F, 0xFF, 0x97, 0xCB, 0x5B, 0xFF, 0xF1, 0x00, 0x1F,
    0xE0, 0x2F, 0xE0, 0x01, 0x2F, 0xFF, 0x97, 0xCB, 0x5B, 0xFF, 0xF1, 0x00, 0x1F, 0xE0, 0x15, 0x55,
    0x55, 0x2F, 0xFF, 0xFF, 0xCB, 0xFF, 0xFF, 0xF0, 0x01, 0x00, 0x00, 0x1F, 0xFE, 0x41, 0xCB, 0xFF,
    0xFF, 0xF2, 0x40, 0xBF, 0xF8, 0x01, 0x00, 0x50, 0x1F, 0xFE, 0x41, 0xCB, 0xFF, 0xFF, 0xF2, 0x40,
    0xBF, 0xF8, 0x01, 0x00, 0x50, 0x1F, 0xFF, 0x96, 0xCB, 0xFF, 0xFF, 0xF2, 0x40, 0x6F, 0xF4, 0x40,
    0x07, 0xF8, 0x2D, 0x6F, 0xFF, 0xCB, 0xFF, 0xE5, 0xF0, 0x7F, 0x80, 0x04, 0x00, 0x00, 0x00, 0x2F,
    0xFF, 0xFF, 0xCB, 0xFF, 0xFF, 0xF0, 0x55, 0x55, 0x54, 0x15, 0x55, 0x55, 0x2F, 0xFF, 0xFF, 0xCB,
    0xFF, 0xFF, 0xF0, 0x00, 0x00, 0x00, 0x1E, 0x40, 0x1B, 0x87, 0xFF, 0xFF, 0xD0, 0x1F, 0xFF, 0x80,
    0x00, 0x69, 0x00, 0x01, 0xFF, 0xF8, 0x07, 0xFF, 0xFF, 0xD1, 0xE4, 0x01, 0xB8, 0x00, 0x00, 0x00,
    0x00, 0x00, 0x14, 0x00, 0x00, 0x3F, 0xD0, 0x00, 0x3F, 0xFC, 0x00, 0x1F, 0x0B, 0x80, 0x07, 0x80,
    0xE0, 0x2F, 0xD0, 0x3F, 0xCB, 0xF4, 0x0F, 0xF0, 0x54, 0x01, 0x54, 0x00, 0x00, 0x00, 0x00, 0x00,
    0x00, 0x0B, 0xF4, 0x0F, 0xF2, 0xFD, 0x03, 0xFC, 0x1B, 0xD7, 0xF5, 0x00, 0xFF, 0xF4, 0x00, 0x1B,
    0xF4, 0x00, 0x00, 0xBF, 0x40, 0x00, 0xFF, 0xF4, 0x00, 0x7D, 0x7E, 0x02, 0xFD, 0x03, 0xFC, 0xBF,
    0x40, 0xFF, 0x05, 0x40, 0x15, 0x40, 0x00, 0x00, 0x00, 0x55, 0x55, 0x54, 0xBF, 0xFF, 0xFF, 0x2F,
    0xFF, 0xFF, 0xC0, 0x00, 0x3C, 0x00, 0x00, 0x1F, 0x80, 0x00, 0x03, 0xC0, 0x00, 0x00, 0x00, 0x00,
    0x00, 0x00, 0x00, 0x2F, 0xFF, 0xFF, 0xCB, 0xFF, 0xFF, 0xF0, 0x55, 0x55, 0x54, 0x00, 0x00, 0x00,
    0x05, 0x55, 0x55, 0x4B, 0xFF, 0xFF, 0xF2, 0xFF, 0xFF, 0xFC, 0x00, 0x3C, 0x00, 0x00, 0x1F, 0x80,
    0x00, 0x03, 0xC0, 0x00, 0x00, 0x00, 0x00, 0xBF, 0xFF, 0xFF, 0x2F, 0xFF, 0xFF, 0xC1, 0x55, 0x55,
    0x50, 0x00, 0x00, 0x00, 0x00, 0x00, 0x00, 0x2F, 0xFF, 0xFF, 0xCB, 0xFF, 0xFF, 0xF0, 0x55, 0x55,
    0x54, 0x00, 0x00, 0x00, 0x00, 0x0F, 0x00, 0x00, 0x07, 0xE0, 0x00, 0x00, 0xF0, 0x00, 0x7C, 0x00,
    0x00, 0x2F, 0x00, 0x00, 0x07, 0x80, 0x00, 0x00, 0x00, 0x00, 0x00, 0xBF, 0xFF, 0xFF, 0x2F, 0xFF,
    0xFF, 0xC1, 0x55, 0x55, 0x50, 0x00, 0x00, 0x00, 0x00, 0x00, 0x00, 0x2F, 0xFF, 0xFF, 0xCB, 0xFF,
    0xFF, 0xF0, 0x55, 0x55, 0x54, 0x00, 0x00, 0x00, 0x00, 0x00, 0x07, 0x80, 0x00, 0x03, 0xF0, 0x00,
    0x00, 0xB8, 0x00, 0x00, 0x1E, 0x00, 0x00, 0x0F, 0xC0, 0x00, 0x01, 0xE0, 0x00, 0x00, 0x00, 0xBF,
    0xFF, 0xFF, 0x2F, 0xFF, 0xFF, 0xC1, 0x55, 0x55, 0x50, 0x00, 0x00, 0x00, 0x00, 0x00, 0x00, 0x2F,
    0xFF, 0xFF, 0xCB, 0xFF, 0xFF, 0xF0, 0x55, 0x55, 0x54, 0x00, 0x00, 0x00, 0x1E, 0x00, 0x00, 0x0B,
    0xC0, 0x00, 0x01, 0xF0, 0x00, 0x00, 0x7C, 0x00, 0x00, 0x02, 0xF1, 0xFF, 0xFF, 0xF7, 0xC7, 0xFF,
    0xFF, 0xC0, 0x00, 0x00, 0x00, 0x00, 0x15, 0x55, 0x55, 0xF1, 0xFF, 0xFF, 0xFB, 0xC7, 0xFF, 0xFF,
    0xDE, 0x00, 0x00, 0x00, 0x00, 0x00, 0x00, 0xB6, 0xFF, 0xFF, 0xE3, 0xFB, 0xFF, 0xFF, 0x8B, 0x40,
    0x00, 0x00, 0x00, 0x15, 0x55, 0x50, 0x12, 0xFF, 0xFF, 0xE3, 0xEB, 0xFF, 0xFF, 0x8F, 0xC0, 0x00,
    0x00, 0x2D, 0xBF, 0xFF, 0xFF, 0x2F, 0xFF, 0xFF, 0xC1, 0x7D, 0x7D, 0x50, 0x0E, 0x07, 0x00, 0x17,
    0xD7, 0xD5, 0x2F, 0xFF, 0xFF, 0xCB, 0xFF, 0xFF, 0xF0, 0x00, 0x7E, 0x00, 0x00, 0x75, 0xE0, 0x00,
    0x38, 0x1C, 0x00, 0x0E, 0x03, 0x00, 0x02, 0xC2, 0xC0, 0x00, 0x2F, 0xC0, 0x00, 0x00, 0x00, 0x02,
    0xFF, 0xFF, 0xFC, 0xBF, 0xFF, 0xFF, 0x05, 0x55, 0x55, 0x40, 0x00, 0x00, 0x00, 0x55, 0x55, 0x54,
    0xBF, 0xFF, 0xFF, 0x2F, 0xFF, 0xFF, 0xC0, 0x00, 0x14, 0x00, 0x01, 0xFF, 0xF8, 0x02, 0xFF, 0xFF,
    0xC1, 0xF4, 0x01, 0xB8, 0x10, 0x00, 0x00, 0x00, 0x00, 0x00, 0x0B, 0xFF, 0xFF, 0xF2, 0xFF, 0xFF,
    0xFC, 0x15, 0x55, 0x55, 0x00, 0x00, 0x00, 0x01, 0x55, 0x55, 0x52, 0xFF, 0xFF, 0xFC, 0xBF, 0xFF,
    0xFF, 0x00, 0x00, 0x18, 0x00, 0x00, 0x1F, 0x80, 0x00, 0x0F, 0xF0, 0x00, 0x07, 0x9E, 0x00, 0x03,
    0xC3, 0xC0, 0x01, 0xE0, 0x78, 0x00, 0xF0, 0x0F, 0x00, 0x24, 0x00, 0x90, 0x00, 0x00, 0x00, 0x2F,
    0xFF, 0xFF, 0xCB, 0xFF, 0xFF, 0xF0, 0x55, 0x55, 0x54, 0x00, 0x00, 0x00, 0x05, 0x55, 0x55, 0x4B,
    0xFF, 0xFF, 0xF2, 0xFF, 0xFF, 0xFC, 0x09, 0x00, 0x24, 0x03, 0xC0, 0x3C, 0x00, 0x78, 0x1E, 0x00,
    0x0F, 0x0F, 0x00, 0x01, 0xE3, 0x80, 0x00, 0x3F, 0xC0, 0x00, 0x07, 0xE0, 0x00, 0x00, 0x60, 0x00,
    0x00, 0x00, 0x00, 0x2F, 0xFF, 0xFF, 0xCB, 0xFF, 0xFF, 0xF0, 0x55, 0x55, 0x54, 0x00, 0x00, 0x00,
    0x05, 0x55, 0x55, 0x4B, 0xFF, 0xFF, 0xF2, 0xFF, 0xFF, 0xFC, 0x00, 0x00, 0x00, 0x00, 0x06, 0x00,
    0x00, 0x02, 0xC0, 0x00, 0x1A, 0xFA, 0x80, 0x03, 0xFF, 0xD0, 0x00, 0x3F, 0xC0, 0x00, 0x0F, 0xF4,
    0x00, 0x07, 0x0A, 0x00, 0x01, 0x00, 0x00, 0x00, 0x00, 0x00, 0x0B, 0xFF, 0xFF, 0xF2, 0xFF, 0xFF,
    0xFC, 0x15, 0x55, 0x55, 0x00, 0x00, 0x00, 0x01, 0x55, 0x55, 0x52, 0xFF, 0xFF, 0xFC, 0xBF, 0xFF,
    0xFF, 0x00, 0x00, 0x18, 0x00, 0x00, 0x0F, 0x40, 0x00, 0x0B, 0xF0, 0x00, 0x03, 0x8D, 0x00, 0x02,
    0xC2, 0xC0, 0x00, 0xD0, 0x34, 0x00, 0xBF, 0xFF, 0x00, 0x00, 0x00, 0x00, 0x00, 0x00, 0x00, 0x2F,
    0xFF, 0xFF, 0xCB, 0xFF, 0xFF, 0xF0, 0x55, 0x55, 0x54, 0x00, 0x00, 0x00, 0x05, 0x55, 0x55, 0x4B,
    0xFF, 0xFF, 0xF2, 0xFF, 0xFF, 0xFC, 0x03, 0x40, 0x0F, 0x00, 0xD0, 0x06, 0x03, 0xF5, 0xF3, 0xE2,
    0x8D, 0xC9, 0x60, 0x93, 0x7F, 0x98, 0x28, 0xDC, 0x06, 0x03, 0xC1, 0xF0, 0x00, 0x00, 0x00, 0x00,
    0xBF, 0xFF, 0xFF, 0x2F, 0xFF, 0xFF, 0xC1, 0x55, 0x55, 0x50, 0x00, 0x00, 0x00, 0x15, 0x55, 0x55,
    0x2F, 0xFF, 0xFF, 0xCB, 0xFF, 0xFF, 0xF0, 0x03, 0xBB, 0xC0, 0x00, 0xD7, 0x34, 0x00, 0x31, 0x8D,
    0x00, 0x0C, 0x63, 0x40, 0x00, 0x00, 0x00, 0x00, 0x00, 0x00, 0x0B, 0xFF, 0xFF, 0xF2, 0xFF, 0xFF,
    0xFC, 0x15, 0x55, 0x55, 0x00, 0x00, 0x00, 0x01, 0x55, 0x55, 0x52, 0xFF, 0xFF, 0xFC, 0xBF, 0xFF,
    0xFF, 0x00, 0x00, 0x7E, 0x00, 0x00, 0x25, 0xC0, 0x00, 0x00, 0xC0, 0x00, 0x00, 0x50, 0x00, 0x00,
    0x18, 0x00, 0x00, 0x00, 0x00, 0x00, 0x00, 0x00, 0x02, 0xFF, 0xFF, 0xFC, 0xBF, 0xFF, 0xFF, 0x05,
    0x55, 0x55, 0x40, 0x00, 0x00, 0x00, 0x55, 0x55, 0x54, 0xBF, 0xFF, 0xFF, 0x2F, 0xFF, 0xFF, 0xC0,
    0x00, 0x00, 0x00, 0x00, 0x00, 0x70, 0x00, 0x00, 0x3C, 0x00, 0x00, 0x0E, 0x00, 0xBF, 0xFF, 0xFF,
    0x2F, 0xFF, 0xFF, 0xC1, 0x56, 0xE5, 0x50, 0x00, 0xB0, 0x00, 0x15, 0x79, 0x55, 0x2F, 0xFF, 0xFF,
    0xCB, 0xFF, 0xFF, 0xF0, 0x03, 0x80, 0x00, 0x02, 0xC0, 0x00, 0x00, 0xE0, 0x00, 0x00, 0x00, 0x00,
    0x00, 0x15, 0x55, 0x55, 0x2F, 0xFF, 0xFF, 0xCB, 0xFF, 0xFF, 0xF0, 0x00, 0x00, 0x00, 0x00, 0x00,
    0x00, 0x05, 0x55, 0x55, 0x4B, 0xFF, 0xFF, 0xF2, 0xFF, 0xFF, 0xFC, 0x00, 0x00, 0x00, 0x05, 0x55,
    0x55, 0x4B, 0xFF, 0xFF, 0xF2, 0xFF, 0xFF, 0xFC, 0x00, 0x00, 0x90, 0x00, 0x00, 0x78, 0x01, 0x55,
    0x6D, 0x52, 0xFF, 0xFF, 0xFC, 0xBF, 0xFF, 0xFF, 0x00, 0x02, 0xC0, 0x00, 0x00, 0xF0, 0x00, 0x55,
    0xB9, 0x54, 0xBF, 0xFF, 0xFF, 0x2F, 0xFF, 0xFF, 0xC0, 0x07, 0x40, 0x00, 0x57, 0xD5, 0x54, 0xBF,
    0xFF, 0xFF, 0x2F, 0xFF, 0xFF, 0xC0, 0x3C, 0x00, 0x00, 0x1D, 0x00, 0x00, 0x01, 0x00, 0x00, 0x00,
    0xBF, 0xFF, 0xFF, 0x2F, 0xFF, 0xFF, 0xC1, 0x55, 0x55, 0x50, 0x55, 0x55, 0x54, 0xBF, 0xFF, 0xFF,
    0x2F, 0xFF, 0xFF, 0xC0, 0x00, 0x00, 0x00, 0x00, 0x00, 0x00, 0x15, 0x55, 0x55, 0x2F, 0xFF, 0xFF,
    0xCB, 0xFF, 0xFF, 0xF0, 0x00, 0x00, 0x00, 0x15, 0x55, 0x55, 0x2F, 0xFF, 0xFF, 0xCB, 0xFF, 0xFF,
    0xF0, 0x00, 0x00, 0x00, 0x00, 0x00, 0x02, 0xC0, 0x00, 0x0B, 0xF0, 0x00, 0x2F, 0xD0, 0x00, 0xBE,
    0x40, 0x02, 0xF8, 0x00, 0x07, 0xE0, 0x00, 0x02, 0xF8, 0x00, 0x00, 0x1F, 0xE4, 0x00, 0x00, 0x2F,
    0xD0, 0x00, 0x00, 0xBF, 0x80, 0x00, 0x01, 0xFC, 0x00, 0x00, 0x06, 0x05, 0x55, 0x55, 0x4B, 0xFF,
    0xFF, 0xF2, 0xFF, 0xFF, 0xFC, 0x00, 0x00, 0x00, 0x28, 0x00, 0x00, 0x0B, 0xE0, 0x00, 0x00, 0x2F,
    0x80, 0x00, 0x00, 0xBE, 0x00, 0x00, 0x02, 0xF8, 0x00, 0x00, 0x07, 0xE0, 0x00, 0x01, 0xFC, 0x00,
    0x0B, 0xF4, 0x00, 0x7F, 0xD0, 0x02, 0xFE, 0x00, 0x02, 0xF8, 0x00, 0x00, 0x90, 0x00, 0x00, 0x05,
    0x55, 0x55, 0x4B, 0xFF, 0xFF, 0xF2, 0xFF, 0xFF, 0xFC, 0x00, 0x00, 0x01, 0x00, 0x00, 0x0B, 0xC0,
    0x00, 0x7F, 0xD0, 0x07, 0xFE, 0x00, 0x6F, 0xE0, 0x00, 0x2F, 0x80, 0x00, 0x01, 0xFF, 0x40, 0x00,
    0x02, 0xFF, 0x40, 0x00, 0x02, 0xFF, 0x00, 0x00, 0x06, 0xC0, 0x00, 0x00, 0x02, 0xFF, 0xFF, 0xFC,
    0xBF, 0xFF, 0xFF, 0x05, 0x55, 0x55, 0x41, 0x55, 0x55, 0x52, 0xFF, 0xFF, 0xFC, 0xBF, 0xFF, 0xFF,
    0x00, 0x40, 0x00, 0x00, 0x2E, 0x40, 0x00, 0x06, 0xFE, 0x00, 0x00, 0x07, 0xFE, 0x00, 0x00, 0x07,
    0xFD, 0x00, 0x00, 0x1F, 0xC0, 0x01, 0xBF, 0x80, 0x1B, 0xF9, 0x00, 0xBF, 0x90, 0x00, 0x2D, 0x00,
    0x00, 0x00, 0x00, 0x00, 0x02, 0xFF, 0xFF, 0xFC, 0xBF, 0xFF, 0xFF, 0x05, 0x55, 0x55, 0x41, 0x55,
    0x55, 0x52, 0xFF, 0xFF, 0xFC, 0xBF, 0xFF, 0xFF, 0x00, 0x00, 0x00, 0x01, 0x00, 0x00, 0x0B, 0xC0,
    0x00, 0x7F, 0xD0, 0x07, 0xFE, 0x00, 0x6F, 0xE0, 0x00, 0x2F, 0x80, 0x00, 0x01, 0xFF, 0x40, 0x00,
    0x02, 0xFF, 0x40, 0x00, 0x02, 0xFF, 0x00, 0x00, 0x46, 0xC0, 0x00, 0x74, 0x02, 0xFF, 0xFF, 0xFC,
    0xBF, 0xFF, 0xFF, 0x05, 0x5B, 0x55, 0x41, 0x57, 0xD5, 0x52, 0xFF, 0xFF, 0xFC, 0xBF, 0xFF, 0xFF,
    0x00, 0x74, 0x00, 0x00, 0x3C, 0x00, 0x00, 0x01, 0x00, 0x00, 0x40, 0x00, 0x00, 0x2E, 0x40, 0x00,
    0x06, 0xFE, 0x00, 0x00, 0x07, 0xFE, 0x00, 0x00, 0x07, 0xFD, 0x00, 0x00, 0x1F, 0xC0, 0x01, 0xBF,
    0x80, 0x1B, 0xF9, 0x00, 0xBF, 0x90, 0x00, 0x2D, 0x00, 0x40, 0x00, 0x00, 0x74, 0x02, 0xFF, 0xFF,
    0xFC, 0xBF, 0xFF, 0xFF, 0x05, 0x5B, 0x55, 0x41, 0x57, 0xD5, 0x52, 0xFF, 0xFF, 0xFC, 0xBF, 0xFF,
    0xFF, 0x00, 0x74, 0x00, 0x00, 0x3C, 0x00, 0x00, 0x00, 0x00, 0x00, 0x00, 0x00, 0x00, 0x00, 0x00,
    0x00, 0x00, 0x01, 0xC0, 0x01, 0xC0, 0x00, 0x07, 0xF0, 0x07, 0xF0, 0x00, 0x1F, 0xD0, 0x1F, 0xD0,
    0x00, 0x7F, 0x40, 0x7F, 0x40, 0x01, 0xFE, 0x01, 0xFE, 0x00, 0x03, 0xF8, 0x03, 0xF8, 0x00, 0x00,
    0xFD, 0x00, 0xFD, 0x00, 0x00, 0x0B, 0xF4, 0x0B, 0xF4, 0x00, 0x00, 0x2F, 0xC0, 0x2F, 0xC0, 0x00,
    0x00, 0xBE, 0x00, 0xBE, 0x00, 0x00, 0x02, 0xF8, 0x02, 0xF8, 0x00, 0x00, 0x0B, 0x00, 0x0B, 0x00,
    0x00, 0x00, 0x40, 0x00, 0x40, 0x00, 0x00, 0x00, 0x00, 0x00, 0x0D, 0x00, 0x0D, 0x00, 0x00, 0x03,
    0xF4, 0x03, 0xF4, 0x00, 0x00, 0x2F, 0xD0, 0x2F, 0xD0, 0x00, 0x00, 0xBF, 0x40, 0xBF, 0x40, 0x00,
    0x02, 0xFD, 0x02, 0xFD, 0x00, 0x00, 0x0B, 0xF0, 0x0B, 0xF0, 0x00, 0x01, 0xFC, 0x01, 0xFC, 0x00,
    0x07, 0xF8, 0x07, 0xF8, 0x00, 0x1F, 0xE0, 0x1F, 0xE0, 0x00, 0x7F, 0x80, 0x7F, 0x80, 0x00, 0xFE,
    0x00, 0xFE, 0x00, 0x00, 0x38, 0x00, 0x38, 0x00, 0x00, 0x00, 0x00, 0x00, 0x00, 0x00, 0x00, 0x78,
    0xF0, 0x7F, 0x00, 0xF4, 0x03, 0xF0, 0x2E, 0xD0, 0xE3, 0xC7, 0x4B, 0x2C, 0x1C, 0xB0, 0x76, 0xC1,
    0xDB, 0x07, 0x6C, 0x1D, 0x74, 0xB0, 0xE3, 0xC3, 0xDD, 0x07, 0xF0, 0x0F, 0x40, 0x7F, 0x03, 0x8F,
    0x00, 0x00, 0x00, 0x00, 0x00, 0x00, 0x3C, 0x00, 0x00, 0x1E, 0x00, 0x40, 0x0F, 0x10, 0x7E, 0x57,
    0xFF, 0x0B, 0xFF, 0xFE, 0x00, 0x2F, 0xF4, 0x00, 0x00, 0x74, 0x00, 0x00, 0x3C, 0x00, 0x02, 0xFF,
    0xF9, 0x07, 0xFF, 0xAF, 0xF0, 0x87, 0x80, 0x24, 0x03, 0xC0, 0x00, 0x00, 0xE0, 0x00, 0x00, 0x10,
    0x00, 0x00, 0x00, 0x00, 0x00, 0x00, 0x00, 0x34, 0x00, 0x00, 0x1C, 0x00, 0x00, 0x0B, 0x00, 0x00,
    0x03, 0x80, 0x00, 0x01, 0xD0, 0x00, 0x00, 0xB0, 0xB0, 0x00, 0x3E, 0xFC, 0x00, 0x0F, 0xF4, 0x00,
    0x2F, 0xD0, 0x00, 0xBF, 0xC0, 0x01, 0xF8, 0xF0, 0x00, 0xBE, 0x38, 0x00, 0x07, 0xFE, 0x00, 0x00,
    0x0F, 0xF4, 0x00, 0x03, 0xEF, 0xE0, 0x00, 0xE0, 0x7F, 0x00, 0x74, 0x01, 0x80, 0x2C, 0x00, 0x00,
    0x0E, 0x00, 0x00, 0x03, 0x40, 0x00, 0x00, 0x00, 0x00, 0x00, 0x00, 0x00, 0x00, 0x00, 0x00, 0xF0,
    0x00, 0x00, 0x38, 0x00, 0x00, 0x1D, 0x00, 0x00, 0x0B, 0x00, 0x28, 0x03, 0x80, 0x0B, 0xE0, 0xD0,
    0x00, 0x2F, 0xF0, 0x00, 0x00, 0xBF, 0x00, 0x00, 0x0F, 0xF8, 0x00, 0x03, 0x47, 0xE0, 0x01, 0xC1,
    0xFC, 0x00, 0xFB, 0xF4, 0x00, 0x7F, 0xD0, 0x02, 0xFF, 0x00, 0x02, 0xFF, 0x00, 0x00, 0x93, 0xC0,
    0x00, 0x00, 0xE0, 0x00, 0x00, 0x74, 0x00, 0x00, 0x2C, 0x00, 0x00, 0x0F, 0x00, 0x00, 0x00, 0x00,
    0x00, 0x00, 0x00, 0x00, 0x00, 0x00, 0x00, 0x74, 0x00, 0x00, 0x2C, 0x00, 0x00, 0x0E, 0x2C, 0x00,
    0x03, 0xFF, 0x00, 0x03, 0xFD, 0x00, 0x0B, 0xF4, 0x00, 0x2F, 0xB8, 0x00, 0x7E, 0x0D, 0x00, 0x2F,
    0x87, 0x00, 0x01, 0xFF, 0xC0, 0x00, 0x02, 0xFD, 0x00, 0x00, 0x7F, 0xF8, 0x00, 0x2C, 0x1F, 0xC0,
    0x0F, 0x00, 0x60, 0x57, 0xD5, 0x54, 0xBF, 0xFF, 0xFF, 0x2F, 0xFF, 0xFF, 0xC0, 0x3C, 0x00, 0x00,
    0x0E, 0x00, 0x00, 0x07, 0x40, 0x00, 0x00, 0x00, 0x00, 0x00, 0x00, 0x00, 0x00, 0x00, 0x00, 0xF0,
    0x00, 0x00, 0x38, 0x00, 0x00, 0x1D, 0x00, 0xA0, 0x0B, 0x00, 0x2F, 0x83, 0x80, 0x00, 0xBF, 0xD0,
    0x00, 0x02, 0xFC, 0x00, 0x00, 0x3F, 0xE0, 0x00, 0x0E, 0x1F, 0x80, 0x03, 0x47, 0xF0, 0x01, 0xFF,
    0xD0, 0x01, 0xFF, 0x40, 0x0B, 0xFC, 0x00, 0x0B, 0xFD, 0x00, 0x02, 0x4B, 0x00, 0x00, 0x17, 0xD5,
    0x55, 0x2F, 0xFF, 0xFF, 0xCB, 0xFF, 0xFF, 0xF0, 0x2C, 0x00, 0x00, 0x0F, 0x00, 0x00, 0x00, 0x00,
    0x00, 0x00, 0x00, 0x00, 0x00, 0x00, 0x00, 0x06, 0xC0, 0x00, 0x2F, 0xF0, 0x01, 0xFF, 0x40, 0x1B,
    0xF8, 0x00, 0x2F, 0x80, 0x00, 0x07, 0xFD, 0x00, 0x00, 0x07, 0xFD, 0x00, 0x00, 0x0B, 0xFD, 0x00,
    0x00, 0x1B, 0xC0, 0x00, 0x00, 0x10, 0x04, 0x00, 0x00, 0x7F, 0xFE, 0x5B, 0x2F, 0xFF, 0xFF, 0xC9,
    0x01, 0xBF, 0xD0, 0x00, 0x00, 0x00, 0x00, 0x00, 0x00, 0x29, 0x00, 0x00, 0x0B, 0xF9, 0x00, 0x00,
    0x1B, 0xF8, 0x00, 0x00, 0x1B, 0xF4, 0x00, 0x00, 0x1F, 0xC0, 0x00, 0x6F, 0xE0, 0x06, 0xFE, 0x00,
    0x6F, 0xE4, 0x00, 0x2F, 0x40, 0x00, 0x04, 0x00, 0x00, 0x00, 0x04, 0x00, 0x00, 0x7F, 0xFE, 0x5B,
    0x2F, 0xFF, 0xFF, 0xC9, 0x01, 0xBF, 0xD0, 0x00, 0x00, 0x00, 0x00, 0x00, 0x00, 0x00, 0x00, 0x2C,
    0x00, 0x00, 0x0F, 0x00, 0x00, 0x03, 0x40, 0x00, 0x01, 0xDB, 0x00, 0x00, 0xFF, 0xC0, 0x07, 0xFD,
    0x00, 0x6F, 0xED, 0x00, 0xBE, 0x07, 0x00, 0x1F, 0xF7, 0xC0, 0x00, 0x1F, 0xF4, 0x00, 0x00, 0x7F,
    0xF4, 0x00, 0x2C, 0x6F, 0x00, 0x0F, 0x00, 0x40, 0x17, 0x80, 0x01, 0xFF, 0xF9, 0x6C, 0xBF, 0xFF,
    0xFF, 0x24, 0x3E, 0xFF, 0x40, 0x0E, 0x00, 0x00, 0x07, 0x40, 0x00, 0x02, 0xC0, 0x00, 0x00, 0x00,
    0x00, 0x00, 0x00, 0x00, 0x00, 0x00, 0x00, 0xF0, 0x00, 0x00, 0x38, 0x00, 0x00, 0x1D, 0x00, 0xA4,
    0x0B, 0x00, 0x2F, 0xE7, 0x80, 0x00, 0x6F, 0xF0, 0x00, 0x00, 0xFF, 0xD0, 0x00, 0x2C, 0x7F, 0x00,
    0x0F, 0xBF, 0x80, 0x1F, 0xF8, 0x01, 0xBF, 0xD0, 0x00, 0xBD, 0xF0, 0x00, 0x10, 0x38, 0x00, 0x00,
    0x2D, 0x00, 0x01, 0xFF, 0xF9, 0x6C, 0xBF, 0xFF, 0xFF, 0x24, 0xF6, 0xFF, 0x40, 0x74, 0x00, 0x00,
    0x2C, 0x00, 0x00, 0x0F, 0x00, 0x00, 0x00, 0x00, 0x00, 0x00, 0x00, 0x00, 0x02, 0x00, 0x00, 0x1F,
    0xC0, 0x01, 0xBF, 0x90, 0x1B, 0xF9, 0x00, 0x7F, 0x90, 0x00, 0x2F, 0x90, 0x00, 0x00, 0xBF, 0x90,
    0x00, 0x01, 0xBF, 0x90, 0xA0, 0x01, 0xBF, 0x2F, 0xD0, 0x01, 0xC1, 0xBF, 0x90, 0x00, 0x01, 0xBF,
    0x90, 0x00, 0x01, 0xBF, 0x00, 0x00, 0x7F, 0x80, 0x07, 0xFD, 0x00, 0x7F, 0xE0, 0x00, 0xBE, 0x40,
    0x00, 0x14, 0x00, 0x00, 0x00, 0x50, 0x00, 0x00, 0x2F, 0x80, 0x00, 0x02, 0xFF, 0x40, 0x00, 0x02,
    0xFE, 0x40, 0x00, 0x02, 0xFE, 0x00, 0x00, 0x2F, 0xC0, 0x02, 0xFE, 0x40, 0x2F, 0xF4, 0x00, 0xBF,
    0x40, 0x07, 0x28, 0x00, 0x6F, 0xC0, 0x02, 0xFE, 0x40, 0x2F, 0xE4, 0x00, 0xBF, 0x40, 0x00, 0x1F,
    0xE0, 0x00, 0x00, 0x6F, 0xE0, 0x00, 0x00, 0x7F, 0xE0, 0x00, 0x00, 0xBF, 0x00, 0x00, 0x00, 0x80,
    0x00, 0x00, 0x00, 0x00, 0x00, 0x2C, 0x00, 0x00, 0x0F, 0x20, 0x00, 0x07, 0xFC, 0x00, 0x1B, 0xF9,
    0x01, 0xBF, 0xF0, 0x07, 0xF9, 0x38, 0x02, 0xF9, 0x0D, 0x00, 0x0B, 0xFF, 0x00, 0x00, 0x1B, 0xF9,
    0x0A, 0x00, 0xFB, 0xF2, 0xFD, 0x74, 0x1C, 0x1B, 0xFD, 0x00, 0x00, 0x1F, 0xF9, 0x00, 0x03, 0x9B,
    0xF0, 0x01, 0xD7, 0xF8, 0x00, 0xFF, 0xD0, 0x07, 0xFE, 0x00, 0x0B, 0xEE, 0x00, 0x01, 0x47, 0x40,
    0x00, 0x02, 0xC0, 0x00, 0x00, 0x00, 0x00, 0x00, 0x00, 0x00, 0x00, 0x00, 0x00, 0x74, 0x05, 0x00,
    0x2C, 0x02, 0xF8, 0x0F, 0x00, 0x2F, 0xFB, 0x80, 0x00, 0x2F, 0xF4, 0x00, 0x00, 0xFF, 0xE0, 0x00,
    0x3E, 0xFC, 0x00, 0x2F, 0xE4, 0x02, 0xFF, 0x80, 0x0B, 0xF7, 0xC0, 0x72, 0x80, 0xF6, 0xFC, 0x00,
    0x7F, 0xE4, 0x02, 0xFF, 0x40, 0x0B, 0xFF, 0x00, 0x01, 0xFF, 0xC0, 0x00, 0x07, 0xFE, 0x00, 0x00,
    0x7B, 0xFE, 0x00, 0x2C, 0x0B, 0xF0, 0x0E, 0x00, 0x08, 0x03, 0x40, 0x00, 0x00, 0x00, 0x00, 0x00,
    0x00, 0x00, 0x00, 0x00, 0x00, 0x0D, 0x00, 0x00, 0x7C, 0x00, 0x02, 0xF4, 0x00, 0x2F, 0x80, 0x02,
    0xFD, 0x00, 0x7F, 0x90, 0x00, 0xBF, 0x80, 0x00, 0x06, 0xF8, 0x00, 0x00, 0x2F, 0x80, 0x00, 0x03,
    0xF0, 0x00, 0x00, 0x7C, 0x00, 0x00, 0x0D, 0x00, 0x00, 0x00, 0x00, 0x00, 0x00, 0x90, 0x00, 0x00,
    0xB8, 0x00, 0x00, 0x2F, 0x40, 0x00, 0x07, 0xE4, 0x00, 0x00, 0xBF, 0x40, 0x00, 0x0B, 0xF8, 0x00,
    0x07, 0xFC, 0x00, 0x7F, 0x80, 0x03, 0xF8, 0x00, 0x1F, 0x80, 0x00, 0xBC, 0x00, 0x00, 0xA0, 0x00,
    0x00, 0x00, 0x00, 0x00, 0x00, 0x00, 0x00, 0x00, 0x00, 0x0D, 0x00, 0x00, 0x7C, 0x00, 0x07, 0xF4,
    0x01, 0xBF, 0x40, 0x6F, 0xF4, 0x00, 0xBF, 0xD0, 0x00, 0x02, 0xFE, 0x00, 0x00, 0x1B, 0xE0, 0x40,
    0x00, 0xBC, 0xBE, 0x00, 0x1D, 0x6F, 0xE0, 0x00, 0x01, 0xFE, 0x00, 0x00, 0x0B, 0xD0, 0x00, 0x01,
    0xF8, 0x00, 0x00, 0x2D, 0x00, 0x00, 0x09, 0x00, 0x00, 0x00, 0x00, 0x00, 0x00, 0x90, 0x00, 0x00,
    0xB8, 0x00, 0x00, 0x2F, 0x80, 0x00, 0x07, 0xF9, 0x00, 0x00, 0x6F, 0xF8, 0x00, 0x1B, 0xFC, 0x01,
    0xFF, 0x40, 0x0F, 0xE0, 0x00, 0x7E, 0x00, 0x04, 0xB0, 0x01, 0xBD, 0x40, 0x1F, 0xF8, 0x01, 0xFE,
    0x00, 0x0B, 0xD0, 0x00, 0x3E, 0x00, 0x00, 0xB4, 0x00, 0x00, 0x90, 0x00, 0x00, 0x00, 0x00, 0x00,
    0x00, 0x00, 0x02, 0x00, 0x00, 0x02, 0xC0, 0x00, 0x0B, 0xE0, 0x00, 0x6F, 0xC0, 0x06, 0xFE, 0x40,
    0x2F, 0xF4, 0x00, 0x01, 0xBF, 0xD0, 0x00, 0x01, 0xBF, 0x40, 0x00, 0x01, 0xFD, 0x00, 0x00, 0x07,
    0xC0, 0x00, 0x00, 0x30, 0x04, 0x00, 0x00, 0x7F, 0xFE, 0x5B, 0x2F, 0xFF, 0xFF, 0xC9, 0x01, 0xBF,
    0xD0, 0x00, 0x00, 0x00, 0x40, 0x00, 0x00, 0x2C, 0x00, 0x00, 0x07, 0xE0, 0x00, 0x00, 0x2F, 0xD0,
    0x00, 0x00, 0xBF, 0xE4, 0x00, 0x00, 0xBF, 0xC0, 0x02, 0xFF, 0x90, 0x1F, 0xE4, 0x00, 0x2F, 0x80,
    0x00, 0x2E, 0x00, 0x00, 0x09, 0x00, 0x00, 0x00, 0x04, 0x00, 0x00, 0x7F, 0xFE, 0x5B, 0x2F, 0xFF,
    0xFF, 0xC9, 0x01, 0xBF, 0xD0, 0x00, 0x00, 0x00, 0x00, 0x00, 0x00, 0x00, 0x01, 0xD0, 0x00, 0x02,
    0xC0, 0x00, 0x03, 0xC9, 0x00, 0x03, 0xFD, 0x00, 0x07, 0xF4, 0x00, 0x1F, 0x80, 0x02, 0xFF, 0x00,
    0x7F, 0xEE, 0x00, 0xBF, 0xAD, 0x00, 0x07, 0xFC, 0x00, 0x00, 0x3F, 0x80, 0x00, 0x3B, 0xF0, 0x00,
    0x74, 0x7C, 0x00, 0xB0, 0x0D, 0x00, 0xF0, 0x00, 0x00, 0x00, 0x00, 0x00, 0x00, 0x00, 0x00, 0x0F,
    0x00, 0x00, 0x0E, 0x00, 0x90, 0x1D, 0x00, 0xB8, 0x2C, 0x00, 0x2F, 0x7C, 0x00, 0x07, 0xF8, 0x00,
    0x00, 0xBF, 0x40, 0x00, 0xBB, 0xF8, 0x00, 0xF7, 0xFC, 0x00, 0xFF, 0x80, 0x03, 0xF4, 0x00, 0x1F,
    0xC0, 0x00, 0xBF, 0xC0, 0x00, 0xA3, 0x80, 0x00, 0x07, 0x40, 0x00, 0x00, 0x00, 0x00, 0x00, 0x6F,
    0xFF, 0xFC, 0x03, 0xFF, 0xFF, 0xFC, 0x0F, 0xE5, 0x55, 0x54, 0x3E, 0x00, 0x00, 0x00, 0x7C, 0x00,
    0x00, 0x00, 0xB4, 0x00, 0x00, 0x00, 0xB0, 0x00, 0x00, 0x00, 0xB0, 0x00, 0x00, 0x00, 0xB0, 0x00,
    0x00, 0x00, 0xB4, 0x00, 0x00, 0x00, 0x7C, 0x00, 0x00, 0x00, 0x3E, 0x00, 0x00, 0x00, 0x0F, 0xE5,
    0x55, 0x54, 0x03, 0xFF, 0xFF, 0xFC, 0x00, 0x6F, 0xFF, 0xFC, 0xBF, 0xFF, 0xF8, 0x00, 0xBF, 0xFF,
    0xFF, 0x80, 0x15, 0x55, 0x6F, 0xE0, 0x00, 0x00, 0x01, 0xF4, 0x00, 0x00, 0x00, 0x78, 0x00, 0x00,
    0x00, 0x3C, 0x00, 0x00, 0x00, 0x2C, 0x00, 0x00, 0x00, 0x2C, 0x00, 0x00, 0x00, 0x2C, 0x00, 0x00,
    0x00, 0x3C, 0x00, 0x00, 0x00, 0x78, 0x00, 0x00, 0x01, 0xF4, 0x15, 0x55, 0x6F, 0xE0, 0xBF, 0xFF,
    0xFF, 0x80, 0xBF, 0xFF, 0xF8, 0x00, 0x00, 0x00, 0x00, 0x70, 0x00, 0x00, 0x00, 0xB0, 0x00, 0x00,
    0x00, 0xE0, 0x00, 0x6F, 0xFF, 0xFC, 0x03, 0xFF, 0xFF, 0xFC, 0x0F, 0xE5, 0x57, 0xD4, 0x3E, 0x00,
    0x07, 0x40, 0x7C, 0x00, 0x0F, 0x00, 0xB4, 0x00, 0x1E, 0x00, 0xB0, 0x00, 0x2C, 0x00, 0xB0, 0x00,
    0x38, 0x00, 0xB0, 0x00, 0x74, 0x00, 0xB4, 0x00, 0xF0, 0x00, 0x3C, 0x01, 0xD0, 0x00, 0x3E, 0x02,
    0xC0, 0x00, 0x0F, 0xEB, 0xD5, 0x54, 0x03, 0xFF, 0xFF, 0xFC, 0x00, 0x6F, 0xFF, 0xFC, 0x00, 0x0E,
    0x00, 0x00, 0x00, 0x1D, 0x00, 0x00, 0x00, 0x1C, 0x00, 0x00, 0x00, 0x00, 0x60, 0x00, 0x00, 0x00,
    0xF0, 0x00, 0x00, 0x01, 0xE0, 0x00, 0xBF, 0xFF, 0xF4, 0x00, 0xBF, 0xFF, 0xFF, 0x80, 0x15, 0x5B,
    0xAF, 0xE0, 0x00, 0x0B, 0x01, 0xF4, 0x00, 0x0F, 0x00, 0x78, 0x00, 0x1D, 0x00, 0x3C, 0x00, 0x3C,
    0x00, 0x2C, 0x00, 0x38, 0x00, 0x2C, 0x00, 0xB0, 0x00, 0x2C, 0x00, 0xE0, 0x00, 0x3C, 0x01, 0xD0,
    0x00, 0x78, 0x03, 0xC0, 0x01, 0xF4, 0x17, 0x95, 0x6F, 0xE0, 0xBF, 0xFF, 0xFF, 0x80, 0xBF, 0xFF,
    0xF8, 0x00, 0x0E, 0x00, 0x00, 0x00, 0x2C, 0x00, 0x00, 0x00, 0x28, 0x00, 0x00, 0x00, 0x00, 0x01,
    0x55, 0x54, 0x00, 0xBF, 0xFF, 0xFC, 0x07, 0xFF, 0xFF, 0xFC, 0x1F, 0xD0, 0x00, 0x00, 0x3D, 0x00,
    0x00, 0x00, 0x78, 0x00, 0x00, 0x00, 0xB4, 0x00, 0x00, 0x00, 0xB0, 0x00, 0x00, 0x00, 0xB0, 0x00,
    0x00, 0x00, 0xB0, 0x00, 0x00, 0x00, 0x74, 0x00, 0x00, 0x00, 0x3C, 0x00, 0x00, 0x00, 0x3E, 0x00,
    0x00, 0x00, 0x0F, 0xE5, 0x55, 0x54, 0x03, 0xFF, 0xFF, 0xFC, 0x00, 0x6F, 0xFF, 0xFC, 0x05, 0x55,
    0x55, 0x54, 0x2F, 0xFF, 0xFF, 0xFC, 0x2F, 0xFF, 0xFF, 0xFC, 0x15, 0x55, 0x00, 0x00, 0xBF, 0xFF,
    0xFD, 0x00, 0xBF, 0xFF, 0xFF, 0xC0, 0x00, 0x00, 0x1B, 0xF0, 0x00, 0x00, 0x00, 0xF4, 0x00, 0x00,
    0x00, 0x3C, 0x00, 0x00, 0x00, 0x3C, 0x00, 0x00, 0x00, 0x2C, 0x00, 0x00, 0x00, 0x2C, 0x00, 0x00,
    0x00, 0x2C, 0x00, 0x00, 0x00, 0x3C, 0x00, 0x00, 0x00, 0x78, 0x00, 0x00, 0x01, 0xF4, 0x15, 0x55,
    0x6F, 0xE0, 0xBF, 0xFF, 0xFF, 0x80, 0xBF, 0xFF, 0xF8, 0x00, 0x15, 0x55, 0x55, 0x50, 0xBF, 0xFF,
    0xFF, 0xF0, 0xBF, 0xFF, 0xFF, 0xF0, 0x00, 0x00, 0x00, 0x00, 0x00, 0x00, 0x01, 0xD0, 0x00, 0x00,
    0x02, 0xC0, 0x00, 0x01, 0x57, 0xD4, 0x00, 0xBF, 0xFF, 0xFC, 0x07, 0xFF, 0xFF, 0xFC, 0x1F, 0xD0,
    0x0F, 0x00, 0x3D, 0x00, 0x1D, 0x00, 0x78, 0x00, 0x3C, 0x00, 0xB4, 0x00, 0x38, 0x00, 0xB0, 0x00,
    0xB0, 0x00, 0xB0, 0x00, 0xF0, 0x00, 0xB0, 0x01, 0xD0, 0x00, 0x74, 0x03, 0xC0, 0x00, 0x3C, 0x03,
    0x80, 0x00, 0x3E, 0x0B, 0x00, 0x00, 0x0F, 0xEF, 0x55, 0x54, 0x03, 0xFF, 0xFF, 0xFC, 0x00, 0x7F,
    0xFF, 0xFC, 0x05, 0x7D, 0x55, 0x54, 0x2F, 0xFF, 0xFF, 0xFC, 0x2F, 0xFF, 0xFF, 0xFC, 0x00, 0xE0,
    0x00, 0x00, 0x01, 0xC0, 0x00, 0x00, 0x00, 0x00, 0x00, 0x00, 0x00, 0x00, 0x00, 0x00, 0x00, 0x00,
    0x0B, 0x00, 0x00, 0x00, 0x0E, 0x00, 0x15, 0x55, 0x2D, 0x00, 0xBF, 0xFF, 0xFD, 0x00, 0xBF, 0xFF,
    0xFF, 0x80, 0x00, 0x00, 0x7B, 0xE0, 0x00, 0x00, 0xF0, 0xF4, 0x00, 0x00, 0xE0, 0x3C, 0x00, 0x02,
    0xC0, 0x3C, 0x00, 0x03, 0x80, 0x2C, 0x00, 0x07, 0x40, 0x2C, 0x00, 0x0F, 0x00, 0x2C, 0x00, 0x0E,
    0x00, 0x3C, 0x00, 0x2C, 0x00, 0x78, 0x00, 0x3C, 0x01, 0xF4, 0x15, 0xB9, 0x6F, 0xE0, 0xBF, 0xFF,
    0xFF, 0x80, 0xBF, 0xFF, 0xF8, 0x00, 0x16, 0xE5, 0x55, 0x50, 0xBF, 0xFF, 0xFF, 0xF0, 0xBF, 0xFF,
    0xFF, 0xF0, 0x0B, 0x00, 0x00, 0x00, 0x0E, 0x00, 0x00, 0x00, 0x00, 0x00, 0x00, 0x00, 0x00, 0x01,
    0x55, 0x54, 0x00, 0xBF, 0xFF, 0xFC, 0x07, 0xFF, 0xFF, 0xFC, 0x1F, 0xD0, 0x00, 0x00, 0x3D, 0x00,
    0x00, 0x00, 0x78, 0x00, 0x00, 0x00, 0xB4, 0x00, 0x00, 0x00, 0xB0, 0x00, 0x00, 0x00, 0xB0, 0x00,
    0x00, 0x00, 0xB0, 0x00, 0x00, 0x00, 0x74, 0x00, 0x00, 0x00, 0x3C, 0x00, 0x00, 0x00, 0x3E, 0x00,
    0x00, 0x00, 0x0F, 0xE5, 0x55, 0x54, 0x03, 0xFF, 0xFF, 0xFC, 0x00, 0x6F, 0xFF, 0xFC, 0x05, 0x56,
    0x95, 0x54, 0x2F, 0xFF, 0xFF, 0xFC, 0x2F, 0xFF, 0xFF, 0xFC, 0x00, 0x0F, 0x00, 0x00, 0x00, 0x0D,
    0x00, 0x00, 0x00, 0x00, 0x00, 0x00, 0x15, 0x55, 0x00, 0x00, 0xBF, 0xFF, 0xFD, 0x00, 0xBF, 0xFF,
    0xFF, 0xC0, 0x00, 0x00, 0x1B, 0xF0, 0x00, 0x00, 0x00, 0xF4, 0x00, 0x00, 0x00, 0x3C, 0x00, 0x00,
    0x00, 0x3C, 0x00, 0x00, 0x00, 0x2C, 0x00, 0x00, 0x00, 0x2C, 0x00, 0x00, 0x00, 0x2C, 0x00, 0x00,
    0x00, 0x3C, 0x00, 0x00, 0x00, 0x78, 0x00, 0x00, 0x01, 0xF4, 0x15, 0x55, 0x6F, 0xE0, 0xBF, 0xFF,
    0xFF, 0x80, 0xBF, 0xFF, 0xF8, 0x00, 0x15, 0x5A, 0x55, 0x50, 0xBF, 0xFF, 0xFF, 0xF0, 0xBF, 0xFF,
    0xFF, 0xF0, 0x00, 0x74, 0x00, 0x00, 0x00, 0xB0, 0x00, 0x00, 0x00, 0x00, 0x00, 0x00, 0x60, 0x00,
    0x00, 0x5B, 0x00, 0x00, 0x0F, 0xB0, 0x00, 0x00, 0xFB, 0x00, 0x00, 0x0F, 0xB0, 0x00, 0x00, 0xFB,
    0x00, 0x00, 0x0F, 0xB0, 0x04, 0x00, 0xFB, 0x02, 0x80, 0x0F, 0xB0, 0x7F, 0xF0, 0xFB, 0x0B, 0xFF,
    0x0F, 0xB0, 0x3D, 0x50, 0xFB, 0x00, 0x80, 0x0F, 0xB4, 0x00, 0x00, 0xE7, 0x80, 0x00, 0x2D, 0x3D,
    0x00, 0x07, 0xC2, 0xFD, 0x56, 0xF8, 0x0B, 0xFF, 0xFE, 0x00, 0x1B, 0xFE, 0x40, 0x60, 0x00, 0x00,
    0x5B, 0x00, 0x00, 0x0F, 0xB0, 0x00, 0x00, 0xFB, 0x00, 0x00, 0x0F, 0xB0, 0x00, 0x00, 0xFB, 0x00,
    0x00, 0x0F, 0xB0, 0x00, 0x00, 0xFB, 0x01, 0xF4, 0x0F, 0xB0, 0x3F, 0xC0, 0xFB, 0x03, 0xFC, 0x0F,
    0xB0, 0x1F, 0x40, 0xFB, 0x00, 0x00, 0x0F, 0xB4, 0x00, 0x00, 0xE7, 0x80, 0x00, 0x2D, 0x3D, 0x00,
    0x07, 0xC2, 0xFD, 0x56, 0xF8, 0x0B, 0xFF, 0xFE, 0x00, 0x1B, 0xFE, 0x40, 0x60, 0x00, 0x00, 0x5B,
    0x00, 0x00, 0x0F, 0xB0, 0x00, 0x00, 0xFB, 0x00, 0x00, 0x0F, 0xB0, 0x00, 0x00, 0xFB, 0x00, 0x00,
    0x0F, 0xB0, 0x00, 0x00, 0xFB, 0x00, 0xA0, 0x0F, 0xB0, 0x0A, 0x00, 0xFB, 0x0B, 0xFE, 0x0F, 0xB0,
    0x0B, 0x00, 0xFB, 0x00, 0xA0, 0x0F, 0xB4, 0x00, 0x00, 0xE7, 0x80, 0x00, 0x2D, 0x3D, 0x00, 0x07,
    0xC2, 0xFD, 0x56, 0xF8, 0x0B, 0xFF, 0xFE, 0x00, 0x1B, 0xFE, 0x40, 0xBF, 0xFF, 0xFF, 0x2F, 0xFF,
    0xFF, 0xCB, 0x55, 0x55, 0x52, 0xC0, 0x00, 0x00, 0xB0, 0x00, 0x00, 0x2C, 0x00, 0x00, 0x0B, 0x00,
    0x00, 0x02, 0xC0, 0x00, 0x00, 0xB0, 0x00, 0x00, 0x2C, 0x00, 0x00, 0x0B, 0x00, 0x00, 0x02, 0xD5,
    0x55, 0x54, 0xBF, 0xFF, 0xFF, 0x2F, 0xFF, 0xFF, 0xC0, 0xBF, 0xFF, 0xFF, 0x2F, 0xFF, 0xFF, 0xC1,
    0x55, 0x55, 0xF0, 0x00, 0x00, 0x3C, 0x00, 0x00, 0x0F, 0x00, 0x00, 0x03, 0xC0, 0x00, 0x00, 0xF0,
    0x00, 0x00, 0x3C, 0x00, 0x00, 0x0F, 0x00, 0x00, 0x03, 0xC0, 0x00, 0x00, 0xF0, 0x55, 0x55, 0x7C,
    0xBF, 0xFF, 0xFF, 0x2F, 0xFF, 0xFF, 0xC0, 0xBF, 0xFF, 0xFF, 0x2F, 0xFF, 0xFF, 0xCB, 0x55, 0x55,
    0x52, 0xC0, 0x00, 0x00, 0xB0, 0x00, 0x00, 0x2C, 0x00, 0x00, 0x0B, 0x00, 0x00, 0x02, 0xC0, 0x00,
    0x00, 0xB0, 0x00, 0x00, 0x2C, 0x00, 0x00, 0x0B, 0x00, 0x00, 0x02, 0xC0, 0x00, 0x00, 0xBF, 0xFF,
    0xFF, 0x2F, 0xFF, 0xFF, 0xC1, 0x55, 0x55, 0x50, 0x55, 0x55, 0x54, 0xBF, 0xFF, 0xFF, 0x2F, 0xFF,
    0xFF, 0xC0, 0xBF, 0xFF, 0xFF, 0x2F, 0xFF, 0xFF, 0xC1, 0x55, 0x55, 0xF0, 0x00, 0x00, 0x3C, 0x00,
    0x00, 0x0F, 0x00, 0x00, 0x03, 0xC0, 0x00, 0x00, 0xF0, 0x00, 0x00, 0x3C, 0x00, 0x00, 0x0F, 0x00,
    0x00, 0x03, 0xC0, 0x00, 0x00, 0xF0, 0x00, 0x00, 0x3C, 0xBF, 0xFF, 0xFF, 0x2F, 0xFF, 0xFF, 0xC1,
    0x55, 0x55, 0x50, 0x55, 0x55, 0x54, 0xBF, 0xFF, 0xFF, 0x2F, 0xFF, 0xFF, 0xC0, 0x15, 0x55, 0x55,
    0x5B, 0xFF, 0xFF, 0xFF, 0xBF, 0xFF, 0xFF, 0xFB, 0x00, 0x00, 0x0F, 0xB0, 0x00, 0x00, 0xFB, 0x00,
    0x00, 0x0F, 0xB0, 0x00, 0x00, 0xFB, 0x00, 0x00, 0x0F, 0xB0, 0x00, 0x00, 0xFB, 0x00, 0x00, 0x0F,
    0xB0, 0x00, 0x00, 0xFB, 0x00, 0x00, 0x0F, 0xB0, 0x00, 0x00, 0xFB, 0x00, 0x00, 0x0F, 0xB0, 0x00,
    0x00, 0xF0, 0x60, 0x00, 0x00, 0x5B, 0x00, 0x00, 0x0F, 0xB0, 0x00, 0x00, 0xFB, 0x00, 0x00, 0x0F,
    0xB0, 0x00, 0x00, 0xFB, 0x00, 0x00, 0x0F, 0xB0, 0x00, 0x00, 0xFB, 0x00, 0x00, 0x0F, 0xB0, 0x00,
    0x00, 0xFB, 0x00, 0x00, 0x0F, 0xB0, 0x00, 0x00, 0xFB, 0x55, 0x55, 0x5F, 0xBF, 0xFF, 0xFF, 0xFB,
    0xFF, 0xFF, 0xFF, 0x00, 0x07, 0xFE, 0x40, 0x00, 0x02, 0xFF, 0xFF, 0xD0, 0x00, 0x2F, 0x47, 0x47,
    0xE0, 0x02, 0xE0, 0x1D, 0x02, 0xE0, 0x1E, 0x00, 0x74, 0x03, 0xD0, 0xF0, 0x01, 0xD0, 0x03, 0xC7,
    0x80, 0x07, 0x40, 0x0B, 0x2D, 0x00, 0x1D, 0x00, 0x1D, 0xBF, 0xFF, 0xFF, 0xFF, 0xFA, 0xFF, 0xFF,
    0xFF, 0xFF, 0xEB, 0x00, 0x07, 0x40, 0x07, 0x9D, 0x00, 0x1D, 0x00, 0x2D, 0x3C, 0x00, 0x74, 0x00,
    0xF0, 0xB4, 0x01, 0xD0, 0x0B, 0x80, 0xF4, 0x07, 0x40, 0x7C, 0x01, 0xF4, 0x1D, 0x0B, 0xC0, 0x01,
    0xFE, 0xBA, 0xFC, 0x00, 0x00, 0xBF, 0xFF, 0x40, 0x00, 0x00, 0x15, 0x40, 0x00, 0x00, 0x00, 0x07,
    0xFE, 0x40, 0x00, 0x02, 0xFF, 0xFF, 0xD0, 0x00, 0x3F, 0xE5, 0x6F, 0xE0, 0x02, 0xF4, 0x00, 0x07,
    0xE0, 0x1F, 0x00, 0x00, 0x03, 0xD0, 0xF0, 0x00, 0x00, 0x03, 0xC7, 0x80, 0x00, 0x00, 0x0B, 0x2D,
    0x00, 0x00, 0x00, 0x1D, 0xBF, 0xFF, 0xFF, 0xFF, 0xFA, 0xFF, 0xFF, 0xFF, 0xFF, 0xEB, 0x40, 0x00,
    0x00, 0x07, 0x5E, 0x00, 0x00, 0x00, 0x2C, 0x3C, 0x00, 0x00, 0x01, 0xF0, 0x7C, 0x00, 0x00, 0x0F,
    0x40, 0xFD, 0x00, 0x01, 0xF8, 0x00, 0xFF, 0x95, 0xBF, 0x80, 0x00, 0xBF, 0xFF, 0xF4, 0x00, 0x00,
    0x2F, 0xFD, 0x00, 0x00, 0x00, 0x07, 0xFE, 0x40, 0x00, 0x02, 0xFF, 0xFF, 0xD0, 0x00, 0x3F, 0xE5,
    0x6F, 0xE0, 0x02, 0xF8, 0x00, 0x0B, 0xE0, 0x1F, 0xD0, 0x00, 0x2F, 0xD0, 0xF6, 0xE0, 0x02, 0xE7,
    0xC7, 0x82, 0xE0, 0x2E, 0x0F, 0x2D, 0x01, 0xE3, 0xD0, 0x1D, 0xB0, 0x01, 0xFD, 0x00, 0x3A, 0xC0,
    0x03, 0xF0, 0x00, 0xEB, 0x40, 0x7D, 0xF0, 0x07, 0x5E, 0x07, 0xC0, 0xF4, 0x2C, 0x3C, 0x78, 0x00,
    0xF5, 0xF0, 0x7F, 0x80, 0x00, 0xBF, 0x40, 0xFD, 0x00, 0x01, 0xF8, 0x00, 0xFF, 0x95, 0xBF, 0x80,
    0x00, 0xBF, 0xFF, 0xF4, 0x00, 0x00, 0x2F, 0xFD, 0x00, 0x00, 0x00, 0x07, 0xFE, 0x40, 0x00, 0x02,
    0xFF, 0xFF, 0xD0, 0x00, 0x3F, 0xE5, 0x6F, 0xE0, 0x02, 0xF4, 0x00, 0x0B, 0xE0, 0x1F, 0x00, 0x00,
    0x2F, 0xD0, 0xF0, 0x00, 0x02, 0xE7, 0xC7, 0x80, 0x00, 0x2D, 0x0F, 0x2D, 0x00, 0x03, 0xD0, 0x1D,
    0xB0, 0x00, 0x3D, 0x00, 0x3A, 0xC0, 0x03, 0xC0, 0x00, 0xEB, 0x40, 0x7C, 0x00, 0x07, 0x5E, 0x07,
    0xC0, 0x00, 0x2C, 0x3C, 0x78, 0x00, 0x01, 0xF0, 0x7F, 0x80, 0x00, 0x0F, 0x40, 0xBD, 0x00, 0x01,
    0xF8, 0x00, 0xFF, 0x95, 0xBF, 0x80, 0x00, 0xBF, 0xFF, 0xF4, 0x00, 0x00, 0x1F, 0xFD, 0x00, 0x00,
    0x00, 0x07, 0xFE, 0x40, 0x00, 0x02, 0xFF, 0xFF, 0xD0, 0x00, 0x3F, 0xE5, 0x6F, 0xE0, 0x02, 0xF4,
    0x00, 0x07, 0xE0, 0x1F, 0x00, 0x00, 0x03, 0xD0, 0xF0, 0x00, 0x00, 0x07, 0xC7, 0x80, 0x00, 0x00,
    0x0B, 0x2D, 0x00, 0x2E, 0x00, 0x1D, 0xB0, 0x01, 0xFC, 0x00, 0x3A, 0xC0, 0x07, 0xF0, 0x00, 0xEB,
    0x40, 0x0B, 0x80, 0x07, 0x5E, 0x00, 0x00, 0x00, 0x2C, 0x3C, 0x00, 0x00, 0x01, 0xF0, 0x7C, 0x00,
    0x00, 0x0F, 0x40, 0xFD, 0x00, 0x01, 0xF8, 0x00, 0xFF, 0x95, 0xBF, 0x80, 0x00, 0xBF, 0xFF, 0xF4,
    0x00, 0x00, 0x2F, 0xFD, 0x00, 0x00, 0x00, 0x07, 0xFE, 0x40, 0x00, 0x02, 0xFF, 0xFF, 0xD0, 0x00,
    0x3F, 0xE5, 0x6F, 0xE0, 0x02, 0xF4, 0x00, 0x07, 0xE0, 0x1F, 0x00, 0x00, 0x03, 0xD0, 0xF0, 0x00,
    0x00, 0x07, 0xC7, 0x80, 0x1F, 0xC0, 0x0B, 0x2D, 0x00, 0xE2, 0xC0, 0x1D, 0xB0, 0x0B, 0x03, 0x80,
    0x3A, 0xC0, 0x2C, 0x0E, 0x00, 0xEB, 0x40, 0x74, 0x70, 0x07, 0x5E, 0x00, 0x7F, 0x40, 0x2C, 0x3C,
    0x00, 0x00, 0x01, 0xF0, 0x7C, 0x00, 0x00, 0x0F, 0x40, 0xFD, 0x00, 0x01, 0xF8, 0x00, 0xFF, 0x95,
    0xBF, 0x80, 0x00, 0xBF, 0xFF, 0xF4, 0x00, 0x00, 0x2F, 0xFD, 0x00, 0x00, 0x00, 0x07, 0xFE, 0x40,
    0x00, 0x02, 0xFF, 0xFF, 0xD0, 0x00, 0x3F, 0xE5, 0x6F, 0xE0, 0x02, 0xF4, 0x00, 0x07, 0xE0, 0x1F,
    0x00, 0x00, 0x03, 0xD0, 0xF0, 0x01, 0xD0, 0x07, 0xC7, 0x80, 0x47, 0x44, 0x0B, 0x2D, 0x0B, 0xED,
    0xF8, 0x1D, 0xB0, 0x07, 0xFF, 0x40, 0x3A, 0xC0, 0x1F, 0xF8, 0x00, 0xEB, 0x42, 0xFB, 0xBE, 0x07,
    0x5E, 0x05, 0x1D, 0x20, 0x2C, 0x3C, 0x00, 0x74, 0x01, 0xF0, 0x7C, 0x00, 0x00, 0x0F, 0x40, 0xFD,
    0x00, 0x01, 0xF8, 0x00, 0xFF, 0x95, 0xBF, 0x80, 0x00, 0xBF, 0xFF, 0xF4, 0x00, 0x00, 0x2F, 0xFD,
    0x00, 0x00, 0x00, 0x07, 0xFE, 0x40, 0x00, 0x02, 0xFF, 0xFF, 0xD0, 0x00, 0x3F, 0xE5, 0x6F, 0xE0,
    0x02, 0xF4, 0x00, 0x07, 0xE0, 0x1F, 0x00, 0x00, 0x03, 0xD0, 0xF0, 0x55, 0x55, 0x47, 0xC7, 0x87,
    0xFF, 0xFF, 0x4B, 0x2D, 0x1F, 0xFF, 0xFD, 0x1D, 0xB0, 0x00, 0x00, 0x00, 0x3A, 0xC0, 0x00, 0x00,
    0x00, 0xEB, 0x47, 0xFF, 0xFF, 0x47, 0x5E, 0x1F, 0xFF, 0xFD, 0x2C, 0x3C, 0x15, 0x55, 0x51, 0xF0,
    0x7C, 0x00, 0x00, 0x0F, 0x40, 0xFD, 0x00, 0x01, 0xF8, 0x00, 0xFF, 0x95, 0xBF, 0x80, 0x00, 0xBF,
    0xFF, 0xF4, 0x00, 0x00, 0x2F, 0xFD, 0x00, 0x00, 0x00, 0x07, 0xFE, 0x40, 0x00, 0x02, 0xFF, 0xFF,
    0xD0, 0x00, 0x3F, 0xE5, 0x6F, 0xE0, 0x02, 0xF4, 0x00, 0x07, 0xE0, 0x1F, 0x00, 0x00, 0x03, 0xD0,
    0xF0, 0x00, 0x00, 0x07, 0xC7, 0x80, 0x00, 0x00, 0x0B, 0x2D, 0x05, 0x55, 0x54, 0x1D, 0xB0, 0x7F,
    0xFF, 0xF4, 0x3A, 0xC1, 0xFF, 0xFF, 0xD0, 0xEB, 0x40, 0x00, 0x00, 0x07, 0x5E, 0x00, 0x00, 0x00,
    0x2C, 0x3C, 0x00, 0x00, 0x01, 0xF0, 0x7C, 0x00, 0x00, 0x0F, 0x40, 0xFD, 0x00, 0x01, 0xF8, 0x00,
    0xFF, 0x95, 0xBF, 0x80, 0x00, 0xBF, 0xFF, 0xF4, 0x00, 0x00, 0x2F, 0xFD, 0x00, 0x00, 0xBF, 0xFF,
    0xFF, 0xFF, 0xAF, 0xFF, 0xFF, 0xFF, 0xEB, 0x55, 0x6E, 0x55, 0x7A, 0xC0, 0x07, 0x40, 0x0E, 0xB0,
    0x01, 0xD0, 0x03, 0xAC, 0x00, 0x74, 0x00, 0xEB, 0x55, 0x6E, 0x55, 0x7A, 0xFF, 0xFF, 0xFF, 0xFE,
    0xBF, 0xFF, 0xFF, 0xFF, 0xAC, 0x00, 0x74, 0x00, 0xEB, 0x00, 0x1D, 0x00, 0x3A, 0xC0, 0x07, 0x40,
    0x0E, 0xB0, 0x01, 0xD0, 0x03, 0xAD, 0x55, 0xB9, 0x55, 0xEB, 0xFF, 0xFF, 0xFF, 0xFA, 0xFF, 0xFF,
    0xFF, 0xFE, 0xBF, 0xFF, 0xFF, 0xFF, 0xAF, 0xFF, 0xFF, 0xFF, 0xEB, 0x55, 0x55, 0x55, 0x7A, 0xC0,
    0x00, 0x00, 0x0E, 0xB0, 0x00, 0x00, 0x03, 0xAC, 0x00, 0x00, 0x00, 0xEB, 0x55, 0x55, 0x55, 0x7A,
    0xFF, 0xFF, 0xFF, 0xFE, 0xBF, 0xFF, 0xFF, 0xFF, 0xAC, 0x00, 0x00, 0x00, 0xEB, 0x00, 0x00, 0x00,
    0x3A, 0xC0, 0x00, 0x00, 0x0E, 0xB0, 0x00, 0x00, 0x03, 0xAD, 0x55, 0x55, 0x55, 0xEB, 0xFF, 0xFF,
    0xFF, 0xFA, 0xFF, 0xFF, 0xFF, 0xFE, 0xBF, 0xFF, 0xFF, 0xFF, 0xAF, 0xFF, 0xFF, 0xFF, 0xEB, 0xE5,
    0x55, 0x57, 0xFA, 0xFD, 0x00, 0x02, 0xFE, 0xB3, 0xD0, 0x02, 0xE3, 0xAC, 0x2D, 0x02, 0xE0, 0xEB,
    0x02, 0xD2, 0xD0, 0x3A, 0xC0, 0x1F, 0xD0, 0x0E, 0xB0, 0x07, 0xF4, 0x03, 0xAC, 0x07, 0xDF, 0x40,
    0xEB, 0x0B, 0xC0, 0xF4, 0x3A, 0xCB, 0x80, 0x0F, 0x8E, 0xBF, 0x80, 0x00, 0xBF, 0xAF, 0xD5, 0x55,
    0x5F, 0xEB, 0xFF, 0xFF, 0xFF, 0xFA, 0xFF, 0xFF, 0xFF, 0xFE, 0xBF, 0xFF, 0xFF, 0xFF, 0xAF, 0xFF,
    0xFF, 0xFF, 0xEB, 0x55, 0x55, 0x55, 0x7A, 0xC0, 0x00, 0x00, 0x0E, 0xB0, 0x00, 0x00, 0x03, 0xAC,
    0x00, 0x00, 0x00, 0xEB, 0x00, 0x2E, 0x00, 0x3A, 0xC0, 0x1F, 0xD0, 0x0E, 0xB0, 0x07, 0xF4, 0x03,
    0xAC, 0x00, 0xB8, 0x00, 0xEB, 0x00, 0x00, 0x00, 0x3A, 0xC0, 0x00, 0x00, 0x0E, 0xB0, 0x00, 0x00,
    0x03, 0xAD, 0x55, 0x55, 0x55, 0xEB, 0xFF, 0xFF, 0xFF, 0xFA, 0xFF, 0xFF, 0xFF, 0xFE, 0xB0, 0x00,
    0x00, 0x00, 0x2C, 0x00, 0x00, 0x00, 0x0B, 0x00, 0x00, 0x00, 0x02, 0xC0, 0x00, 0x00, 0x00, 0xB0,
    0x00, 0x00, 0x00, 0x2C, 0x00, 0x00, 0x00, 0x0B, 0x55, 0x55, 0x55, 0x52, 0xFF, 0xFF, 0xFF, 0xFE,
    0xBF, 0xFF, 0xFF, 0xFF, 0xAC, 0x00, 0x00, 0x00, 0x0B, 0x00, 0x00, 0x00, 0x02, 0xC0, 0x00, 0x00,
    0x00, 0xB0, 0x00, 0x00, 0x00, 0x2C, 0x00, 0x00, 0x00, 0x0B, 0x00, 0x00, 0x00, 0x02, 0xC0, 0x00,
    0x00, 0x00, 0x50, 0x00, 0x00, 0x00, 0x00, 0x00, 0x00, 0x00, 0x03, 0x80, 0x00, 0x00, 0x00, 0xE0,
    0x00, 0x00, 0x00, 0x38, 0x00, 0x00, 0x00, 0x0E, 0x00, 0x00, 0x00, 0x03, 0x80, 0x00, 0x00, 0x00,
    0xE1, 0x55, 0x55, 0x55, 0x7A, 0xFF, 0xFF, 0xFF, 0xFE, 0xBF, 0xFF, 0xFF, 0xFF, 0x80, 0x00, 0x00,
    0x00, 0xE0, 0x00, 0x00, 0x00, 0x38, 0x00, 0x00, 0x00, 0x0E, 0x00, 0x00, 0x00, 0x03, 0x80, 0x00,
    0x00, 0x00, 0xE0, 0x00, 0x00, 0x00, 0x38, 0x00, 0x00, 0x00, 0x0E, 0x00, 0x00, 0x00, 0x01, 0x40,
    0x15, 0x55, 0x55, 0x55, 0x2F, 0xFF, 0xFF, 0xFF, 0xEB, 0xFF, 0xFF, 0xFF, 0xF8, 0x00, 0x07, 0x40,
    0x00, 0x00, 0x01, 0xD0, 0x00, 0x00, 0x00, 0x74, 0x00, 0x00, 0x00, 0x1D, 0x00, 0x00, 0x00, 0x07,
    0x40, 0x00, 0x00, 0x01, 0xD0, 0x00, 0x00, 0x00, 0x74, 0x00, 0x00, 0x00, 0x1D, 0x00, 0x00, 0x00,
    0x07, 0x40, 0x00, 0x00, 0x01, 0xD0, 0x00, 0x00, 0x00, 0x74, 0x00, 0x00, 0x00, 0x1D, 0x00, 0x00,
    0x00, 0x07, 0x40, 0x00, 0x00, 0x01, 0xD0, 0x00, 0x00, 0x00, 0x10, 0x00, 0x00, 0x00, 0x00, 0x80,
    0x00, 0x00, 0x00, 0x74, 0x00, 0x00, 0x00, 0x1D, 0x00, 0x00, 0x00, 0x07, 0x40, 0x00, 0x00, 0x01,
    0xD0, 0x00, 0x00, 0x00, 0x74, 0x00, 0x00, 0x00, 0x1D, 0x00, 0x00, 0x00, 0x07, 0x40, 0x00, 0x00,
    0x01, 0xD0, 0x00, 0x00, 0x00, 0x74, 0x00, 0x00, 0x00, 0x1D, 0x00, 0x00, 0x00, 0x07, 0x40, 0x00,
    0x00, 0x01, 0xD0, 0x00, 0x00, 0x00, 0x74, 0x00, 0x01, 0x55, 0x6E, 0x55, 0x52, 0xFF, 0xFF, 0xFF,
    0xFE, 0xBF, 0xFF, 0xFF, 0xFF, 0x80, 0xB0, 0x00, 0x0B, 0x00, 0x00, 0xB0, 0x00, 0x0B, 0x00, 0x00,
    0xB0, 0x00, 0x0B, 0x00, 0x00, 0xB5, 0x55, 0x4B, 0xFF, 0xFD, 0xBF, 0xFF, 0xDB, 0x00, 0x00, 0xB0,
    0x00, 0x0B, 0x00, 0x00, 0xB0, 0x00, 0x0B, 0x00, 0x00, 0xB0, 0x00, 0x0B, 0x00, 0x00, 0x50, 0x00,
    0x00, 0xB0, 0x00, 0x0B, 0x00, 0x00, 0xB0, 0x00, 0x0B, 0x00, 0x00, 0xBF, 0xFF, 0xDB, 0xFF, 0xFD,
    0xB5, 0x55, 0x4B, 0x00, 0x00, 0xB0, 0x00, 0x0B, 0x55, 0x54, 0xBF, 0xFF, 0xDB, 0xFF, 0xFD, 0xB0,
    0x00, 0x0B, 0x00, 0x00, 0xB0, 0x00, 0x0B, 0x00, 0x00, 0x50, 0x00, 0x00, 0xB0, 0x00, 0x00, 0x00,
    0x2C, 0x00, 0x00, 0x00, 0x0B, 0x00, 0x00, 0x00, 0x02, 0xC0, 0x00, 0x00, 0x00, 0xBF, 0xFF, 0xFF,
    0xFF, 0xAF, 0xFF, 0xFF, 0xFF, 0xEB, 0x55, 0x55, 0x55, 0x52, 0xC0, 0x00, 0x00, 0x00, 0xB0, 0x00,
    0x00, 0x00, 0x2D, 0x55, 0x55, 0x55, 0x4B, 0xFF, 0xFF, 0xFF, 0xFA, 0xFF, 0xFF, 0xFF, 0xFE, 0xB0,
    0x00, 0x00, 0x00, 0x2C, 0x00, 0x00, 0x00, 0x0B, 0x00, 0x00, 0x00, 0x02, 0xC0, 0x00, 0x00, 0x00,
    0x50, 0x00, 0x00, 0x00, 0x00, 0xB0, 0x3C, 0x00, 0x00, 0x02, 0xC0, 0xF0, 0x00, 0x00, 0x0B, 0x03,
    0xC0, 0x00, 0x00, 0x2C, 0x0F, 0x00, 0x00, 0x00, 0xB0, 0x3C, 0x00, 0x00, 0x02, 0xC0, 0xF0, 0x00,
    0x00, 0x0B, 0x03, 0xD5, 0x55, 0x55, 0x2C, 0x0F, 0xFF, 0xFF, 0xFE, 0xB0, 0x3F, 0xFF, 0xFF, 0xFA,
    0xC0, 0xF0, 0x00, 0x00, 0x0B, 0x03, 0xC0, 0x00, 0x00, 0x2C, 0x0F, 0x00, 0x00, 0x00, 0xB0, 0x3C,
    0x00, 0x00, 0x02, 0xC0, 0xF0, 0x00, 0x00, 0x0B, 0x03, 0xC0, 0x00, 0x00, 0x2C, 0x0F, 0x00, 0x00,
    0x00, 0x50, 0x14, 0x00, 0x00, 0x00, 0xB0, 0x3C, 0x0E, 0x00, 0x02, 0xC0, 0xF0, 0x38, 0x00, 0x0B,
    0x03, 0xC0, 0xE0, 0x00, 0x2C, 0x0F, 0x03, 0x80, 0x00, 0xB0, 0x3C, 0x0E, 0x00, 0x02, 0xC0, 0xF0,
    0x38, 0x00, 0x0B, 0x03, 0xC0, 0xE5, 0x55, 0x6C, 0x0F, 0x03, 0xFF, 0xFF, 0xB0, 0x3C, 0x0F, 0xFF,
    0xFE, 0xC0, 0xF0, 0x38, 0x00, 0x0B, 0x03, 0xC0, 0xE0, 0x00, 0x2C, 0x0F, 0x03, 0x80, 0x00, 0xB0,
    0x3C, 0x0E, 0x00, 0x02, 0xC0, 0xF0, 0x38, 0x00, 0x0B, 0x03, 0xC0, 0xE0, 0x00, 0x2C, 0x0F, 0x03,
    0x80, 0x00, 0x50, 0x14, 0x05, 0x00, 0x00, 0xB0, 0x3C, 0x00, 0x00, 0x02, 0xC0, 0xF0, 0x00, 0x00,
    0x0B, 0x03, 0xC0, 0x00, 0x00, 0x2C, 0x0F, 0x00, 0x00, 0x00, 0xB0, 0x3F, 0xFF, 0xFF, 0xFA, 0xC0,
    0xFF, 0xFF, 0xFF, 0xEB, 0x03, 0xD5, 0x55, 0x55, 0x2C, 0x0F, 0x00, 0x00, 0x00, 0xB0, 0x3C, 0x00,
    0x00, 0x02, 0xC0, 0xF5, 0x55, 0x55, 0x4B, 0x03, 0xFF, 0xFF, 0xFF, 0xAC, 0x0F, 0xFF, 0xFF, 0xFE,
    0xB0, 0x3C, 0x00, 0x00, 0x02, 0xC0, 0xF0, 0x00, 0x00, 0x0B, 0x03, 0xC0, 0x00, 0x00, 0x2C, 0x0F,
    0x00, 0x00, 0x00, 0x50, 0x14, 0x00, 0x00, 0x00, 0x00, 0x00, 0x02, 0x40, 0x2C, 0x00, 0x00, 0xE0,
    0x0B, 0x00, 0x00, 0xB0, 0x02, 0xC0, 0x00, 0x38, 0x00, 0xB0, 0x00, 0x2D, 0x00, 0x2C, 0x00, 0x0F,
    0x00, 0x0B, 0x00, 0x07, 0x40, 0x02, 0xD5, 0x57, 0xD5, 0x54, 0xBF, 0xFF, 0xFF, 0xFF, 0xAF, 0xFF,
    0xFF, 0xFF, 0xEB, 0x00, 0x2C, 0x00, 0x02, 0xC0, 0x0E, 0x00, 0x00, 0xB0, 0x07, 0x40, 0x00, 0x2C,
    0x03, 0xC0, 0x00, 0x0B, 0x00, 0xE0, 0x00, 0x02, 0xC0, 0xB0, 0x00, 0x00, 0xB0, 0x3C, 0x00, 0x00,
    0x14, 0x1D, 0x00, 0x00, 0x00, 0x00, 0x00, 0x00, 0x00, 0x00, 0x00, 0x02, 0x40, 0x2C, 0x00, 0x00,
    0xE0, 0x0B, 0x00, 0x00, 0xB0, 0x02, 0xC0, 0x00, 0x38, 0x00, 0xB0, 0x00, 0x1D, 0x00, 0x2F, 0xFF,
    0xFF, 0xFF, 0xEB, 0xFF, 0xFF, 0xFF, 0xFA, 0xD5, 0x56, 0xD5, 0x54, 0xB0, 0x00, 0xF0, 0x00, 0x2C,
    0x00, 0x74, 0x00, 0x0B, 0x55, 0x7D, 0x55, 0x52, 0xFF, 0xFF, 0xFF, 0xFE, 0xBF, 0xFF, 0xFF, 0xFF,
    0xAC, 0x03, 0xC0, 0x00, 0x0B, 0x00, 0xE0, 0x00, 0x02, 0xC0, 0xB0, 0x00, 0x00, 0xB0, 0x3C, 0x00,
    0x00, 0x14, 0x1D, 0x00, 0x00, 0x00, 0x00, 0x00, 0x00, 0x00, 0x00, 0x00, 0x00, 0x02, 0x42, 0xC0,
    0xF0, 0x00, 0x1D, 0x0B, 0x03, 0xC0, 0x00, 0xF0, 0x2C, 0x0F, 0x00, 0x03, 0x80, 0xB0, 0x3C, 0x00,
    0x2C, 0x02, 0xC0, 0xF0, 0x00, 0xE0, 0x0B, 0x03, 0xC0, 0x07, 0x40, 0x2C, 0x0F, 0x55, 0x7D, 0x54,
    0xB0, 0x3F, 0xFF, 0xFF, 0xFA, 0xC0, 0xFF, 0xFF, 0xFF, 0xEB, 0x03, 0xC0, 0x3C, 0x00, 0x2C, 0x0F,
    0x00, 0xE0, 0x00, 0xB0, 0x3C, 0x0B, 0x00, 0x02, 0xC0, 0xF0, 0x3C, 0x00, 0x0B, 0x03, 0xC1, 0xD0,
    0x00, 0x2C, 0x0F, 0x0B, 0x00, 0x00, 0xB0, 0x3C, 0x38, 0x00, 0x01, 0x40, 0x51, 0xD0, 0x00, 0x00,
    0x00, 0x00, 0x00, 0x00, 0x00, 0x00, 0x00, 0x00, 0x02, 0x42, 0xC0, 0xF0, 0x00, 0x0E, 0x0B, 0x03,
    0xC0, 0x00, 0xB0, 0x2C, 0x0F, 0x00, 0x03, 0x80, 0xB0, 0x3C, 0x00, 0x1D, 0x02, 0xC0, 0xFF, 0xFF,
    0xFF, 0xEB, 0x03, 0xFF, 0xFF, 0xFF, 0xAC, 0x0F, 0x55, 0x6D, 0x54, 0xB0, 0x3C, 0x00, 0xF0, 0x02,
    0xC0, 0xF0, 0x07, 0x40, 0x0B, 0x03, 0xD5, 0x7D, 0x55, 0x2C, 0x0F, 0xFF, 0xFF, 0xFE, 0xB0, 0x3F,
    0xFF, 0xFF, 0xFA, 0xC0, 0xF0, 0x3C, 0x00, 0x0B, 0x03, 0xC0, 0xE0, 0x00, 0x2C, 0x0F, 0x0B, 0x00,
    0x00, 0xB0, 0x3C, 0x3C, 0x00, 0x01, 0x40, 0x51, 0xD0, 0x00, 0x00, 0x00, 0x00, 0x00, 0x00, 0x00,
    0x00, 0x01, 0xF8, 0x00, 0x07, 0xFE, 0x00, 0x0B, 0x0F, 0x00, 0x00, 0x0F, 0x00, 0x00, 0x3D, 0x00,
    0x1B, 0xF4, 0x6F, 0xFE, 0x40, 0x6F, 0xFE, 0x40, 0x00, 0x1B, 0xF4, 0x00, 0x00, 0x7D, 0x00, 0x00,
    0x0F, 0x00, 0x0B, 0x0F, 0x00, 0x07, 0xFE, 0x00, 0x02, 0xF8, 0x2F, 0x80, 0x00, 0x7F, 0xE0, 0x00,
    0xB0, 0xB0, 0x00, 0xB0, 0x00, 0x00, 0x3D, 0x00, 0x00, 0x1F, 0xE4, 0x00, 0x01, 0xBF, 0xF9, 0x01,
    0xBF, 0xFA, 0x0F, 0xE4, 0x00, 0x3D, 0x00, 0x00, 0xB0, 0x00, 0x00, 0xB0, 0xA0, 0x00, 0x7F, 0xE0,
    0x00, 0x1F, 0x80, 0x00, 0x00, 0x00, 0x02, 0x00, 0x00, 0x1F, 0xC0, 0x01, 0xBF, 0xF0, 0x0B, 0xF8,
    0x2C, 0x7F, 0x90, 0x0B, 0x1F, 0xE0, 0x02, 0xC0, 0x6F, 0xE0, 0xB0, 0x00, 0x6F, 0xFC, 0x00, 0x00,
    0x7F, 0x00, 0x00, 0x00, 0x80, 0x40, 0x00, 0x00, 0x2F, 0x40, 0x00, 0x0B, 0xFE, 0x40, 0x02, 0xC2,
    0xFE, 0x40, 0xB0, 0x02, 0xFE, 0x2C, 0x00, 0x6F, 0x8B, 0x06, 0xFD, 0x02, 0xEF, 0xE0, 0x00, 0xBE,
    0x00, 0x00, 0x14, 0x00, 0x00, 0x00, 0x00, 0x00, 0x07, 0x00, 0x00, 0x6F, 0xC0, 0x02, 0xFE, 0xF0,
    0x1F, 0xE4, 0x2C, 0xBF, 0x40, 0x0B, 0x0B, 0xF4, 0x02, 0xC0, 0x1B, 0xF4, 0xB0, 0x00, 0x1F, 0xFC,
    0x00, 0x00, 0x2F, 0x00, 0x00, 0x00, 0x41, 0x55, 0x55, 0x52, 0xFF, 0xFF, 0xFC, 0xBF, 0xFF, 0xFF,
    0x00, 0xA0, 0x00, 0x00, 0x2F, 0xD0, 0x00, 0x0B, 0xBF, 0x90, 0x02, 0xC0, 0xBF, 0x80, 0xB0, 0x01,
    0xBF, 0x2C, 0x01, 0xBF, 0x4B, 0x1B, 0xF4, 0x02, 0xFF, 0x80, 0x00, 0xB9, 0x00, 0x00, 0x10, 0x00,
    0x00, 0x01, 0x55, 0x55, 0x52, 0xFF, 0xFF, 0xFC, 0xBF, 0xFF, 0xFF, 0x00, 0x0B, 0xD0, 0x00, 0x01,
    0xF8, 0x0F, 0xFD, 0x00, 0x01, 0xFF, 0xCB, 0x43, 0xC0, 0x00, 0xFF, 0xF6, 0xC0, 0xBF, 0xFF, 0xFF,
    0xFE, 0xB4, 0x3F, 0xFF, 0xFF, 0xFF, 0x4F, 0xFE, 0x00, 0x03, 0xFF, 0xC0, 0xFE, 0x00, 0x00, 0x2F,
    0x80, 0x0B, 0xD0, 0x00, 0x01, 0xF8, 0x0F, 0xFD, 0x00, 0x01, 0xFF, 0xCB, 0xFF, 0xC0, 0x00, 0xE0,
    0x76, 0xFF, 0xFF, 0xFF, 0xF4, 0x0E, 0xBF, 0xFF, 0xFF, 0xFE, 0x07, 0x4F, 0xFE, 0x00, 0x03, 0xFF,
    0xC0, 0xFE, 0x00, 0x00, 0x2F, 0x80, 0x00, 0x00, 0x00, 0x7E, 0x00, 0x00, 0x00, 0x1F, 0xFC, 0x00,
    0x00, 0x03, 0x81, 0xDB, 0xFF, 0xFF, 0xF4, 0x0E, 0xBF, 0xFF, 0xFF, 0x81, 0xD0, 0x00, 0x00, 0x3F,
    0xFC, 0x00, 0x00, 0x00, 0xBE, 0x00, 0x00, 0x3C, 0x00, 0x00, 0x0F, 0x00, 0x00, 0x03, 0xC0, 0x00,
    0x00, 0xF0, 0x00, 0x15, 0x00, 0x55, 0x2F, 0xC0, 0x3F, 0xCB, 0xF0, 0x0F, 0xF0, 0x00, 0x00, 0x00,
    0x00, 0x3C, 0x00, 0x00, 0x0F, 0x00, 0x00, 0x03, 0xC0, 0x00, 0x00, 0xF0, 0x00, 0x15, 0x55, 0x54,
    0xBF, 0xFF, 0xFE, 0xBF, 0xFF, 0xFE, 0x00, 0x3C, 0x00, 0x00, 0x3C, 0x00, 0x00, 0x3C, 0x00, 0x00,
    0x3C, 0x00, 0x00, 0x3C, 0x00, 0x00, 0x3C, 0x00, 0x00, 0x3C, 0x00, 0x00, 0x3C, 0x00, 0x00, 0x3C,
    0x00, 0x00, 0x3C, 0x00, 0x00, 0x3C, 0x00, 0x00, 0x3C, 0x00, 0x00, 0x3C, 0x00, 0x00, 0x3C, 0x00,
    0x00, 0x14, 0x00, 0x60, 0x00, 0x05, 0x0E, 0x00, 0x07, 0x82, 0xC0, 0x03, 0xC0, 0x78, 0x01, 0xE0,
    0x0F, 0x00, 0xF0, 0x01, 0xE0, 0x78, 0x00, 0x3C, 0x3C, 0x00, 0x07, 0x8E, 0x00, 0x00, 0xFF, 0x00,
    0x00, 0x1F, 0x80, 0x00, 0x03, 0xC0, 0x00, 0x00, 0x10, 0x00, 0x15, 0x55, 0x55, 0x2F, 0xFF, 0xFF,
    0xCB, 0xFF, 0xFF, 0xF0, 0x15, 0x55, 0x55, 0x2F, 0xFF, 0xFF, 0xCB, 0xFF, 0xFF, 0xF0, 0x00, 0x00,
    0x00, 0x00, 0x00, 0x00, 0x00, 0x0B, 0x00, 0x00, 0x03, 0xE0, 0x00, 0x02, 0xFC, 0x00, 0x00, 0xE7,
    0x80, 0x00, 0xB0, 0xF0, 0x00, 0x38, 0x1E, 0x00, 0x2C, 0x03, 0xC0, 0x0E, 0x00, 0x78, 0x0B, 0x00,
    0x0F, 0x03, 0x80, 0x01, 0xE1, 0x40, 0x00, 0x14, 0x15, 0x55, 0x55, 0x2F, 0xFF, 0xFF, 0xCB, 0xFF,
    0xFF, 0xF0, 0x00, 0x00, 0x00, 0x10, 0x00, 0x05, 0x1E, 0x00, 0x07, 0x83, 0xC0, 0x03, 0xC0, 0x78,
    0x01, 0xE0, 0x0F, 0x00, 0xF0, 0x01, 0xE0, 0x38, 0x00, 0x3C, 0x2C, 0x00, 0x07, 0x8E, 0x00, 0x00,
    0xFB, 0x00, 0x00, 0x1F, 0x80, 0x00, 0x03, 0xC0, 0x00, 0x00, 0x10, 0x00, 0xB0, 0x00, 0x00, 0x02,
    0xC0, 0x00, 0x00, 0x0B, 0x00, 0x00, 0x00, 0x2C, 0x00, 0x00, 0x00, 0xB0, 0x00, 0x00, 0x02, 0xD4,
    0x00, 0x00, 0x0B, 0xFD, 0x00, 0x00, 0x2C, 0x6E, 0x00, 0x00, 0xB0, 0x1E, 0x00, 0x02, 0xC0, 0x2C,
    0x00, 0x0B, 0x00, 0x34, 0x00, 0x2D, 0x55, 0xE5, 0x54, 0xBF, 0xFF, 0xFF, 0xF2, 0xFF, 0xFF, 0xFF,
    0xC0, 0x00, 0x00, 0x00, 0x00, 0x00, 0x00, 0x00, 0x09, 0x00, 0x00, 0x00, 0x2D, 0x00, 0x00, 0x00,
    0xBD, 0x00, 0x00, 0x02, 0xFD, 0x00, 0x00, 0x0B, 0x9D, 0x00, 0x00, 0x2E, 0x1D, 0x00, 0x00, 0xB8,
    0x1D, 0x00, 0x01, 0xE0, 0x1D, 0x00, 0x07, 0x80, 0x1D, 0x00, 0x1E, 0x00, 0x1D, 0x00, 0x78, 0x00,
    0x1D, 0x01, 0xE0, 0x00, 0x1D, 0x07, 0xD5, 0x55, 0x6D, 0x1F, 0xFF, 0xFF, 0xFD, 0x7F, 0xFF, 0xFF,
    0xFD, 0x00, 0x00, 0x1D, 0x00, 0x00, 0x00, 0x00, 0x0F, 0xC0, 0x00, 0x00, 0x00, 0x03, 0xF0, 0x00,
    0x00, 0x00, 0x02, 0xEE, 0x00, 0x00, 0x00, 0x00, 0xF3, 0xC0, 0x00, 0x00, 0x00, 0x78, 0xB4, 0x00,
    0x00, 0x00, 0x3C, 0x0F, 0x00, 0x00, 0x00, 0x0E, 0x02, 0xC0, 0x00, 0x00, 0x0B, 0x40, 0x78, 0x00,
    0x00, 0x03, 0xC0, 0x0F, 0x00, 0x00, 0x01, 0xE0, 0x02, 0xD0, 0x00, 0x00, 0xF0, 0x00, 0x3C, 0x00,
    0x00, 0x38, 0x00, 0x0B, 0x00, 0x00, 0x2D, 0x00, 0x01, 0xE0, 0x00, 0x0F, 0x00, 0x00, 0x3C, 0x00,
    0x07, 0x80, 0x00, 0x0B, 0x40, 0x03, 0xC0, 0x00, 0x00, 0xF0, 0x00, 0xF0, 0x00, 0x00, 0x3C, 0x00,
    0xB4, 0x00, 0x00, 0x07, 0x80, 0x3C, 0x00, 0x00, 0x00, 0xF0, 0x1E, 0x00, 0x00, 0x00, 0x2D, 0x0B,
    0x00, 0x00, 0x00, 0x03, 0x83, 0xC0, 0x00, 0x00, 0x00, 0xF2, 0xD0, 0x00, 0x00, 0x00, 0x1E, 0xB4,
    0x00, 0x00, 0x00, 0x07, 0x8F, 0x00, 0x00, 0x00, 0x03, 0xC2, 0xC0, 0x00, 0x00, 0x00, 0xE0, 0x78,
    0x00, 0x00, 0x00, 0xB4, 0x0F, 0x00, 0x00, 0x00, 0x3C, 0x02, 0xD0, 0x00, 0x00, 0x1E, 0x00, 0x38,
    0x00, 0x00, 0x0B, 0x00, 0x0F, 0x00, 0x00, 0x03, 0xC0, 0x01, 0xE0, 0x00, 0x02, 0xD0, 0x00, 0x3C,
    0x00, 0x00, 0xF0, 0x00, 0x0B, 0x40, 0x00, 0x78, 0x00, 0x00, 0xE0, 0x00, 0x2C, 0x00, 0x00, 0x3C,
    0x00, 0x0F, 0x00, 0x00, 0x07, 0x40, 0x07, 0x40, 0x00, 0x00, 0xF0, 0x03, 0xC0, 0x00, 0x00, 0x2D,
    0x01, 0xE0, 0x00, 0x00, 0x03, 0x80, 0xB0, 0x00, 0x00, 0x00, 0xF0, 0x3C, 0x00, 0x00, 0x00, 0x1D,
    0x1D, 0x00, 0x00, 0x00, 0x03, 0xCF, 0x00, 0x00, 0x00, 0x00, 0xB7, 0x80, 0x00, 0x00, 0x00, 0x0F,
    0xC0, 0x00, 0x00, 0x00, 0x03, 0xF0, 0x00, 0x00, 0x00, 0x00, 0x74, 0x00, 0x00, 0x00, 0x00, 0x40,
    0x00, 0x00, 0x1F, 0xFF, 0xE0, 0x00, 0x3F, 0xFF, 0xFF, 0x40, 0x3F, 0x90, 0x07, 0xF0, 0x2F, 0x00,
    0x00, 0x2F, 0x0F, 0x00, 0x00, 0x03, 0xD7, 0x80, 0x00, 0x00, 0x7A, 0xD0, 0x00, 0x00, 0x0F, 0xB0,
    0x00, 0x00, 0x03, 0xEC, 0x00, 0x00, 0x00, 0xFB, 0x00, 0x00, 0x00, 0x3E, 0xC0, 0x00, 0x00, 0x0F,
    0xB0, 0x00, 0x00, 0x03, 0xEC, 0x00, 0x00, 0x00, 0xFB, 0x00, 0x00, 0x00, 0x3E, 0xC0, 0x00, 0x00,
    0x0F, 0xB0, 0x00, 0x00, 0x03, 0xEC, 0x00, 0x00, 0x00, 0xFB, 0x00, 0x00, 0x00, 0x3E, 0xC0, 0x00,
    0x00, 0x0F, 0xB0, 0x00, 0x00, 0x03, 0xEC, 0x00, 0x00, 0x00, 0xFB, 0x00, 0x00, 0x00, 0x3E, 0xC0,
    0x00, 0x00, 0x0F, 0xB0, 0x00, 0x00, 0x03, 0xC0, 0xB0, 0x00, 0x00, 0x03, 0xEC, 0x00, 0x00, 0x00,
    0xFB, 0x00, 0x00, 0x00, 0x3E, 0xC0, 0x00, 0x00, 0x0F, 0xB0, 0x00, 0x00, 0x03, 0xEC, 0x00, 0x00,
    0x00, 0xFB, 0x00, 0x00, 0x00, 0x3E, 0xC0, 0x00, 0x00, 0x0F, 0xB0, 0x00, 0x00, 0x03, 0xEC, 0x00,
    0x00, 0x00, 0xFB, 0x00, 0x00, 0x00, 0x3E, 0xC0, 0x00, 0x00, 0x0F, 0xB0, 0x00, 0x00, 0x03, 0xEC,
    0x00, 0x00, 0x00, 0xFB, 0x00, 0x00, 0x00, 0x3E, 0xC0, 0x00, 0x00, 0x0F, 0xB0, 0x00, 0x00, 0x03,
    0xED, 0x00, 0x00, 0x00, 0xF7, 0x80, 0x00, 0x00, 0x78, 0xF4, 0x00, 0x00, 0x3D, 0x2F, 0x40, 0x00,
    0x3E, 0x03, 0xFE, 0x56, 0xFF, 0x00, 0x2F, 0xFF, 0xFE, 0x00, 0x00, 0xBF, 0xF8, 0x00, 0x00, 0x00,
    0x00, 0x00, 0x03, 0x00, 0x00, 0x03, 0xF0, 0x00, 0x03, 0xEF, 0x00, 0x03, 0xD2, 0xF0, 0x03, 0xD0,
    0x2F, 0x03, 0xD0, 0x02, 0xF1, 0xF4, 0x00, 0x7C, 0x1F, 0x40, 0x7C, 0x01, 0xF4, 0x7C, 0x00, 0x1F,
    0xBC, 0x00, 0x01, 0xFC, 0x00, 0x00, 0x1C, 0x00, 0x00, 0x00, 0x00, 0x00, 0x78, 0xBC, 0x7C, 0x00,
    0x00, 0x00, 0x04, 0x00, 0x00, 0xA0, 0x00, 0x0F, 0x00, 0x3F, 0xFF, 0xC0, 0xBF, 0xE0, 0x03, 0xFC,
    0x00, 0x7B, 0xC0, 0x09, 0x09, 0x00, 0x00, 0x00, 0x00, 0x3C, 0x00, 0x0A, 0x1F, 0x83, 0x03, 0xD3,
    0xD3, 0xD0, 0x3D, 0x03, 0xD0, 0x07, 0xC3, 0xE0, 0x00, 0x7F, 0xE0, 0x0B, 0xFF, 0xFF, 0xF2, 0xFF,
    0xFF, 0xFC, 0x16, 0xFF, 0xD5, 0x02, 0xF0, 0xBC, 0x03, 0xF3, 0xDB, 0xD0, 0xA1, 0xF8, 0x70, 0x00,
    0x3D, 0x00, 0x00, 0x00, 0x00, 0x00, 0x00, 0x2C, 0x00, 0x00, 0x02, 0xCB, 0xC0, 0x00, 0x02, 0xF2,
    0xFC, 0x00, 0x02, 0xFC, 0xBB, 0xC0, 0x02, 0xFF, 0x2C, 0xBC, 0x02, 0xF2, 0xCB, 0x0B, 0xC2, 0xF0,
    0xB2, 0xC0, 0xBE, 0xF0, 0x2C, 0xB0, 0x0B, 0xF0, 0x0B, 0x2C, 0x02, 0xFC, 0x02, 0xCB, 0x02, 0xFB,
    0xC0, 0xB2, 0xC2, 0xF0, 0xBC, 0x2C, 0xB2, 0xF0, 0x0B, 0xCB, 0x2E, 0xF0, 0x00, 0xBF, 0xCB, 0xF0,
    0x00, 0x0B, 0xF2, 0xF0, 0x00, 0x00, 0xBC, 0xB0, 0x00, 0x00, 0x0B, 0x00, 0x00, 0x00, 0x00, 0x00,
    0x00, 0x00, 0x00, 0x00, 0x2C, 0x00, 0x00, 0x01, 0x4B, 0xC0, 0x00, 0x01, 0xF2, 0xFC, 0x00, 0x02,
    0xF0, 0xBB, 0xC0, 0x02, 0xF0, 0x2C, 0xBC, 0x02, 0xF0, 0x0B, 0x0B, 0xC2, 0xF0, 0x02, 0xC0, 0xBE,
    0xF0, 0x00, 0xB0, 0x0B, 0xF0, 0x00, 0x2C, 0x02, 0xFC, 0x00, 0x0B, 0x02, 0xFB, 0xC0, 0x02, 0xC2,
    0xF0, 0xBC, 0x00, 0xB2, 0xF0, 0x0B, 0xC0, 0x2E, 0xF0, 0x00, 0xBC, 0x0B, 0xF0, 0x00, 0x0B, 0xC2,
    0xF0, 0x00, 0x00, 0xBC, 0xB0, 0x00, 0x00, 0x09, 0x00, 0x00, 0x00, 0x00, 0x00, 0x00, 0x00, 0x00,
    0x00, 0x08, 0x00, 0x00, 0x01, 0xC7, 0xC0, 0x00, 0x01, 0xF0, 0xBC, 0x00, 0x01, 0xFC, 0x0B, 0xC0,
    0x01, 0xFF, 0x00, 0xBC, 0x01, 0xF2, 0xC0, 0x0B, 0xC1, 0xF0, 0xB0, 0x00, 0xBE, 0xF0, 0x2C, 0x00,
    0x0B, 0xF0, 0x0B, 0x00, 0x02, 0xFC, 0x02, 0xC0, 0x02, 0xFB, 0xC0, 0xB0, 0x02, 0xF0, 0xBC, 0x2C,
    0x02, 0xF0, 0x0B, 0xCB, 0x02, 0xF0, 0x00, 0xBF, 0xC1, 0xF0, 0x00, 0x0B, 0xF1, 0xF0, 0x00, 0x00,
    0xBC, 0x30, 0x00, 0x00, 0x0B, 0x00, 0x00, 0x00, 0x00, 0x00, 0x20, 0x00, 0x00, 0x00, 0x1F, 0x00,
    0x00, 0x00, 0x02, 0xF0, 0x00, 0x00, 0x00, 0x2F, 0x00, 0x00, 0x00, 0x02, 0xF0, 0x00, 0x00, 0x00,
    0x2F, 0x00, 0x00, 0x00, 0x02, 0xF0, 0x00, 0x00, 0x00, 0x2F, 0x00, 0x00, 0x00, 0x0B, 0xF0, 0x00,
    0x00, 0x0B, 0xEF, 0x00, 0x00, 0x0B, 0xC2, 0xF0, 0x00, 0x0B, 0xC0, 0x2F, 0x00, 0x0B, 0xC0, 0x02,
    0xF0, 0x07, 0xC0, 0x00, 0x2F, 0x07, 0xC0, 0x00, 0x02, 0xF0, 0xC0, 0x00, 0x00, 0x24, 0x00, 0x00,
    0x00, 0x00, 0x00, 0x00, 0x00, 0x00, 0x05, 0x00, 0x00, 0x00, 0x07, 0xC0, 0x00, 0x00, 0x07, 0xC0,
    0x00, 0x00, 0x07, 0xC0, 0x00, 0x00, 0x07, 0xC0, 0x00, 0x00, 0x07, 0xC0, 0x00, 0x00, 0x07, 0xC0,
    0x00, 0x00, 0x07, 0xC0, 0x00, 0x00, 0x07, 0xF0, 0x00, 0x00, 0x07, 0xEF, 0x00, 0x00, 0x07, 0xC2,
    0xF0, 0x00, 0x07, 0xC0, 0x2F, 0x00, 0x07, 0xC0, 0x02, 0xF0, 0x07, 0xC0, 0x00, 0x2F, 0x07, 0xC0,
    0x00, 0x02, 0xF0, 0xC0, 0x00, 0x00, 0x24, 0x00, 0x00, 0x00, 0x00, 0x00, 0x40, 0x07, 0xF8, 0x2D,
    0x6F, 0xFF, 0xCB, 0xFF, 0xE5, 0xF0, 0x7F, 0x80, 0x04, 0x15, 0x55, 0x55, 0x2F, 0xFF, 0xFF, 0xCB,
    0xFF, 0xFF, 0xF0, 0x7C, 0x00, 0x00, 0x2E, 0x1E, 0x00, 0x00, 0x78, 0x0B, 0x00, 0x00, 0xF0, 0x03,
    0xC0, 0x02, 0xD0, 0x01, 0xD0, 0x03, 0x80, 0x00, 0xF0, 0x0F, 0x00, 0x00, 0x74, 0x0E, 0x00, 0x00,
    0x3C, 0x2C, 0x00, 0x00, 0x1D, 0x38, 0x00, 0x00, 0x0F, 0xB0, 0x00, 0x00, 0x0B, 0xF0, 0x00, 0x00,
    0x03, 0xD0, 0x00, 0x00, 0x03, 0xC0, 0x00, 0x00, 0x02, 0xC0, 0x00, 0x00, 0x02, 0xC0, 0x00, 0x00,
    0x03, 0xC0, 0x00, 0x00, 0x03, 0xD0, 0x00, 0x00, 0x0B, 0xF0, 0x00, 0x00, 0x0F, 0xB0, 0x00, 0x00,
    0x1D, 0x38, 0x00, 0x00, 0x3C, 0x3C, 0x00, 0x00, 0x78, 0x1E, 0x00, 0x00, 0xF0, 0x0F, 0x00, 0x01,
    0xD0, 0x03, 0x80, 0x03, 0xC0, 0x02, 0xD0, 0x0B, 0x40, 0x00, 0xF0, 0x1E, 0x00, 0x00, 0x78, 0x7C,
    0x00, 0x00, 0x2E, 0x00, 0x2F, 0xFF, 0xFC, 0x02, 0xFF, 0xFF, 0xFC, 0x0F, 0xF9, 0x55, 0x54, 0x2F,
    0x00, 0x55, 0x54, 0x3C, 0x2F, 0xFF, 0xFC, 0x74, 0xBF, 0xFF, 0xFC, 0xB0, 0xF4, 0x00, 0x00, 0xB1,
    0xE0, 0x00, 0x00, 0xB0, 0xE0, 0x00, 0x00, 0xB4, 0xF9, 0x55, 0x54, 0x3C, 0x7F, 0xFF, 0xFC, 0x3F,
    0x1B, 0xFF, 0xFC, 0x0F, 0xF9, 0x55, 0x54, 0x03, 0xFF, 0xFF, 0xFC, 0x00, 0x6F, 0xFF, 0xFC, 0xBF,
    0xFF, 0xE4, 0x00, 0xBF, 0xFF, 0xFF, 0x40, 0x15, 0x55, 0x6F, 0xD0, 0x15, 0x55, 0x02, 0xF0, 0xBF,
    0xFF, 0xF0, 0x78, 0xBF, 0xFF, 0xFC, 0x3C, 0x00, 0x00, 0x7E, 0x2C, 0x00, 0x00, 0x0E, 0x2C, 0x00,
    0x00, 0x1E, 0x2C, 0x15, 0x55, 0xBD, 0x3C, 0xBF, 0xFF, 0xFC, 0x78, 0xBF, 0xFF, 0xD2, 0xF0, 0x15,
    0x55, 0x6F, 0xE0, 0xBF, 0xFF, 0xFF, 0x40, 0xBF, 0xFF, 0xE4, 0x00, 0x00, 0x01, 0x00, 0x00, 0x02,
    0xFF, 0xF4, 0x00, 0x7F, 0xFF, 0xF8, 0x03, 0xE5, 0x56, 0xF4, 0x3E, 0x3F, 0xF1, 0xF0, 0xF2, 0xFF,
    0xE3, 0xD7, 0x4F, 0x47, 0xC7, 0xAC, 0x38, 0x0B, 0x4E, 0xB1, 0xE0, 0x1D, 0x3E, 0xC7, 0x40, 0x74,
    0xFB, 0x1D, 0x01, 0xD3, 0xEC, 0x74, 0x07, 0x4F, 0xB1, 0xD0, 0x1D, 0x3E, 0xC7, 0x40, 0x74, 0xFB,
    0x1D, 0x01, 0xD3, 0xD4, 0x10, 0x01, 0x05, 0xB1, 0xD0, 0x1D, 0x3E, 0xC7, 0x40, 0x74, 0xFB, 0x1D,
    0x01, 0xD3, 0xEC, 0x74, 0x07, 0x4F, 0xB1, 0xD0, 0x1D, 0x3E, 0xC7, 0x40, 0x74, 0xFB, 0x1D, 0x01,
    0xD3, 0xEC, 0x78, 0x07, 0x4F, 0xB4, 0xF0, 0x2D, 0x39, 0xE3, 0xE6, 0xF1, 0xD3, 0xC7, 0xFF, 0x4F,
    0x0B, 0xC7, 0xF4, 0xFC, 0x0F, 0xE5, 0x6F, 0xC0, 0x0F, 0xFF, 0xFD, 0x00, 0x06, 0xFF, 0x40, 0x00,
    0x00, 0x02, 0x00, 0x00, 0x00, 0x1D, 0x00, 0x00, 0x00, 0x74, 0x00, 0x00, 0x01, 0xD0, 0x00, 0x00,
    0x7F, 0xF4, 0x00, 0x1F, 0xFF, 0xFD, 0x00, 0xF8, 0x74, 0xBC, 0x0B, 0x41, 0xD0, 0x7C, 0x3C, 0x07,
    0x40, 0xF1, 0xD0, 0x1D, 0x01, 0xDB, 0x00, 0x74, 0x03, 0xAC, 0x01, 0xD0, 0x0E, 0xB0, 0x07, 0x40,
    0x3E, 0xC0, 0x1D, 0x00, 0xFB, 0x00, 0x74, 0x03, 0xEC, 0x01, 0xD0, 0x0F, 0xB0, 0x07, 0x40, 0x3E,
    0xC0, 0x1D, 0x00, 0xF0, 0x03, 0x81, 0xD0, 0x00, 0xE0, 0x74, 0x00, 0x38, 0x1D, 0x00, 0x0E, 0x07,
    0x40, 0x03, 0x81, 0xD0, 0x00, 0xE0, 0x74, 0x00, 0x38, 0x1D, 0x02, 0xFF, 0xFF, 0xFC, 0xBF, 0xFF,
    0xFF, 0x00, 0xE0, 0x74, 0x00, 0x38, 0x1D, 0x00, 0x0E, 0x07, 0x40, 0xBF, 0xFF, 0xFF, 0x2F, 0xFF,
    0xFF, 0xC0, 0x38, 0x1D, 0x00, 0x0E, 0x07, 0x40, 0x03, 0x81, 0xD0, 0x00, 0xE0, 0x74, 0x00, 0x38,
    0x1D, 0x00, 0x0E, 0x07, 0x40, 0x03, 0x81, 0xD0, 0x00, 0xE0, 0x74, 0x00, 0x00, 0x00, 0x04, 0x00,
    0x00, 0x7C, 0x00, 0x07, 0xF8, 0x00, 0x7F, 0x80, 0x07, 0xF8, 0x00, 0x3F, 0x80, 0xF0, 0xBD, 0x01,
    0xF4, 0x3F, 0x80, 0xF0, 0x07, 0xF8, 0x00, 0x00, 0x7F, 0x80, 0x00, 0x07, 0xF8, 0x00, 0x00, 0x7C,
    0x00, 0x00, 0x04, 0x40, 0x00, 0x00, 0xB8, 0x00, 0x00, 0x7F, 0x40, 0x00, 0x07, 0xF4, 0x00, 0x00,
    0x7F, 0x40, 0x2D, 0x0B, 0xF4, 0x3E, 0x00, 0xFC, 0x2D, 0x0B, 0xF4, 0x00, 0x7F, 0x40, 0x07, 0xF4,
    0x00, 0x7F, 0x40, 0x00, 0xB8, 0x00, 0x00, 0x40, 0x00, 0x00, 0x00, 0x00, 0x00, 0x00, 0x00, 0x00,
    0x00, 0x00, 0x00, 0xA0, 0x00, 0x90, 0x00, 0x90, 0x00, 0x1F, 0x80, 0x1F, 0x80, 0x1F, 0x40, 0x07,
    0xF4, 0x07, 0xF4, 0x07, 0xF4, 0x01, 0xFD, 0x01, 0xFD, 0x01, 0xFD, 0x00, 0x3F, 0x80, 0x3F, 0x80,
    0x7F, 0x80, 0x0B, 0xE0, 0x0B, 0xE0, 0x0B, 0xE0, 0x00, 0x2F, 0x80, 0x2F, 0x80, 0x2F, 0x40, 0x00,
    0x1F, 0xD0, 0x1F, 0xD0, 0x1F, 0xD0, 0x00, 0x07, 0xF4, 0x07, 0xF4, 0x07, 0xF4, 0x00, 0x01, 0xFD,
    0x01, 0xFD, 0x02, 0xFD, 0x00, 0x00, 0xBD, 0x00, 0xBD, 0x00, 0xBD, 0x00, 0x00, 0x28, 0x00, 0x28,
    0x00, 0x24, 0x00, 0x00, 0x00, 0x00, 0x00, 0x00, 0x00, 0x00, 0x00, 0x00, 0x00, 0x00, 0x00, 0x02,
    0x40, 0x02, 0x40, 0x02, 0x40, 0x00, 0x0B, 0xD0, 0x0B, 0xD0, 0x0F, 0xD0, 0x00, 0x07, 0xF4, 0x0B,
    0xF4, 0x0B, 0xF4, 0x00, 0x02, 0xFC, 0x02, 0xF8, 0x02, 0xF8, 0x00, 0x00, 0xBE, 0x00, 0xBE, 0x00,
    0xBE, 0x00, 0x00, 0x2F, 0x40, 0x2F, 0x40, 0x2F, 0x40, 0x00, 0xBD, 0x00, 0xBD, 0x00, 0xBD, 0x00,
    0x2F, 0xC0, 0x2F, 0xC0, 0x2F, 0x80, 0x07, 0xF4, 0x07, 0xF4, 0x0B, 0xF4, 0x01, 0xFD, 0x01, 0xFD,
    0x01, 0xFD, 0x00, 0x2F, 0x40, 0x2F, 0x40, 0x2F, 0x40, 0x00, 0xA0, 0x00, 0xA0, 0x00, 0xA0, 0x00,
    0x00, 0x00, 0x00, 0x00, 0x00, 0x00, 0x00, 0x00, 0x00, 0x00, 0x07, 0x00, 0x00, 0x6F, 0xC0, 0x06,
    0xFE, 0x40, 0x2F, 0xE4, 0x00, 0xBE, 0x40, 0x00, 0x1F, 0xE4, 0x00, 0x00, 0x6F, 0xE4, 0x00, 0x00,
    0x7F, 0xE4, 0x00, 0x00, 0x7F, 0x00, 0x00, 0x00, 0x81, 0x55, 0x55, 0x52, 0xFF, 0xFF, 0xFC, 0xBF,
    0xFF, 0xFF, 0x00, 0x00, 0x00, 0x0A, 0x40, 0x00, 0x02, 0xFE, 0x00, 0x00, 0x0B, 0xFD, 0x00, 0x00,
    0x0B, 0xF9, 0x00, 0x00, 0x0B, 0xF0, 0x00, 0x1B, 0xF8, 0x00, 0xBF, 0x90, 0x0B, 0xFD, 0x00, 0x0B,
    0xD0, 0x00, 0x01, 0x00, 0x00, 0x00, 0xA0, 0x00, 0x00, 0x2F, 0xD0, 0x00, 0x01, 0xBF, 0x90, 0x00,
    0x01, 0xBF, 0x90, 0x00, 0x01, 0xBF, 0x00, 0x00, 0x7F, 0x80, 0x07, 0xFD, 0x00, 0x7F, 0xE0, 0x00,
    0xBE, 0x00, 0x00, 0x14, 0x00, 0x00, 0x01, 0x55, 0x55, 0x52, 0xFF, 0xFF, 0xFC, 0xBF, 0xFF, 0xFF,
    0x00, 0x00, 0x00, 0x00, 0x00, 0x00, 0xB0, 0x00, 0x07, 0xFC, 0x00, 0x6F, 0xE4, 0x06, 0xFE, 0x40,
    0x0B, 0xE4, 0x00, 0x01, 0xFE, 0x40, 0x00, 0x02, 0xFE, 0x40, 0x00, 0x06, 0xFE, 0x40, 0x00, 0x06,
    0xF0, 0x00, 0x00, 0x04, 0x15, 0x55, 0x55, 0x2F, 0xFF, 0xFF, 0xCB, 0xFF, 0xFF, 0xF0, 0x00, 0x00,
    0x00, 0x00, 0x00, 0x02, 0x00, 0x00, 0x0B, 0xC0, 0x00, 0x2F, 0xD0, 0x01, 0xBF, 0x40, 0x07, 0xF8,
    0x00, 0x1F, 0xE0, 0x00, 0x0B, 0xD0, 0x00, 0x00, 0xBF, 0x40, 0x00, 0x01, 0xFE, 0x00, 0x00, 0x07,
    0xF8, 0x00, 0x00, 0x1F, 0xE0, 0x00, 0x00, 0x7C, 0x00, 0x00, 0x01, 0x00, 0x15, 0x55, 0x55, 0x2F,
    0xFF, 0xFF, 0xCB, 0xFF, 0xFF, 0xF0, 0x00, 0x00, 0x00, 0x40, 0x00, 0x00, 0x2F, 0x40, 0x00, 0x02,
    0xFD, 0x00, 0x00, 0x0B, 0xF4, 0x00, 0x00, 0x2F, 0xD0, 0x00, 0x00, 0x7F, 0x80, 0x00, 0x07, 0xF0,
    0x00, 0x1F, 0xE0, 0x00, 0x7F, 0x80, 0x01, 0xFE, 0x00, 0x07, 0xF8, 0x00, 0x02, 0xD0, 0x00, 0x00,
    0x00, 0x00, 0x00, 0x00, 0x00, 0x00, 0x00, 0x00, 0x00, 0x09, 0x00, 0x00, 0x2D, 0x00, 0x00, 0xF8,
    0x00, 0x0B, 0xD0, 0x00, 0xBE, 0x00, 0x2F, 0xF4, 0x00, 0xBE, 0x00, 0x1D, 0x40, 0x00, 0xBC, 0x00,
    0x0B, 0xE0, 0x01, 0xFF, 0x40, 0xBF, 0xE0, 0x00, 0x7F, 0xE4, 0x00, 0x01, 0xBF, 0x40, 0x00, 0x07,
    0xF0, 0x00, 0x00, 0x7C, 0x00, 0x00, 0x0D, 0x00, 0x00, 0x00, 0x00, 0x00, 0x00, 0x80, 0x00, 0x00,
    0xB4, 0x00, 0x00, 0x3E, 0x00, 0x00, 0x0B, 0xD0, 0x00, 0x01, 0xFD, 0x00, 0x40, 0x2F, 0xE4, 0xB0,
    0x01, 0xFD, 0x7D, 0x00, 0x04, 0x1F, 0xD0, 0x00, 0x02, 0xFE, 0x40, 0x00, 0x1B, 0xFC, 0x00, 0x2F,
    0xF8, 0x02, 0xFE, 0x00, 0x2F, 0x90, 0x00, 0xBC, 0x00, 0x00, 0x90, 0x00, 0x00, 0x00, 0x00, 0x00,
    0x00, 0x00, 0x00, 0x00, 0x00, 0x74, 0x00, 0x00, 0xB0, 0x00, 0x00, 0xE0, 0x00, 0x00, 0xED, 0x00,
    0x01, 0xFC, 0x00, 0x07, 0xF4, 0x01, 0xBF, 0xC0, 0x6F, 0xFB, 0x40, 0xBF, 0xDB, 0x00, 0x02, 0xFF,
    0x00, 0x00, 0x1F, 0xE0, 0x40, 0x1E, 0xBC, 0xBE, 0x2C, 0x1D, 0x6F, 0xFC, 0x00, 0x01, 0xFE, 0x00,
    0x00, 0x7F, 0xD0, 0x00, 0xB1, 0xF8, 0x00, 0xF0, 0x2D, 0x00, 0xE0, 0x09, 0x01, 0xD0, 0x00, 0x00,
    0x00, 0x00, 0x00, 0x00, 0x00, 0x00, 0x00, 0xE0, 0x00, 0x00, 0xD0, 0x00, 0x02, 0xC0, 0x90, 0x03,
    0xC0, 0xB8, 0x03, 0x80, 0x2F, 0x87, 0x40, 0x07, 0xFF, 0x00, 0x00, 0x6F, 0xF8, 0x00, 0x1F, 0xFC,
    0x01, 0xFF, 0x40, 0x0F, 0xFC, 0x00, 0x7E, 0x3C, 0x04, 0xB0, 0x39, 0xBD, 0x40, 0x7F, 0xF8, 0x01,
    0xFE, 0x00, 0x0B, 0xF0, 0x00, 0x3F, 0xE0, 0x00, 0xB5, 0xC0, 0x00, 0x92, 0xC0, 0x00, 0x03, 0x80,
    0x00, 0x00, 0x00, 0x00, 0x00, 0x00, 0x04, 0x00, 0x00, 0x03, 0xC0, 0x00, 0x01, 0xD0, 0x00, 0x00,
    0xF0, 0xBF, 0xFF, 0xFF, 0x2F, 0xFF, 0xFF, 0xCB, 0x55, 0x5F, 0x52, 0xC0, 0x03, 0x80, 0xB0, 0x02,
    0xC0, 0x2C, 0x00, 0xF0, 0x0B, 0x00, 0x74, 0x02, 0xC0, 0x2C, 0x00, 0xB0, 0x0E, 0x00, 0x2C, 0x0B,
    0x00, 0x0B, 0x03, 0xC0, 0x02, 0xC1, 0xD0, 0x00, 0xBF, 0xFF, 0xFF, 0x2F, 0xFF, 0xFF, 0xC1, 0x6E,
    0x55, 0x50, 0x5F, 0x55, 0x54, 0xBF, 0xFF, 0xFF, 0x2F, 0xFF, 0xFF, 0xC0, 0xF0, 0x00, 0x00, 0x34,
    0x00, 0x00, 0x00, 0x00, 0x00, 0x00, 0x00, 0x00, 0x04, 0x00, 0x00, 0x03, 0xC0, 0x00, 0x01, 0xD0,
    0x00, 0x00, 0xF0, 0xBF, 0xFF, 0xFF, 0x2F, 0xFF, 0xFF, 0xC1, 0x55, 0x5F, 0xF0, 0x00, 0x03, 0xBC,
    0x00, 0x02, 0xCF, 0x00, 0x00, 0xF3, 0xC0, 0x00, 0x74, 0xF0, 0x00, 0x2C, 0x3C, 0x00, 0x0E, 0x0F,
    0x00, 0x0B, 0x03, 0xC0, 0x03, 0xC0, 0xF0, 0x01, 0xD0, 0x3C, 0xBF, 0xFF, 0xFF, 0x2F, 0xFF, 0xFF,
    0xC1, 0x6E, 0x55, 0x50, 0x5F, 0x55, 0x54, 0xBF, 0xFF, 0xFF, 0x2F, 0xFF, 0xFF, 0xC0, 0xF0, 0x00,
    0x00, 0x34, 0x00, 0x00, 0x00, 0x00, 0x00, 0x00, 0xBF, 0xFF, 0xFF, 0x2F, 0xFF, 0xFF, 0xCB, 0x55,
    0x55, 0x52, 0xC0, 0x00, 0x00, 0xB0, 0x00, 0x00, 0x2C, 0x00, 0x00, 0x0B, 0x00, 0x00, 0x02, 0xC0,
    0x00, 0x00, 0xB0, 0x00, 0x00, 0x2C, 0x00, 0x00, 0x0B, 0x00, 0x00, 0x02, 0xC0, 0x00, 0x00, 0xBF,
    0xFF, 0xFF, 0x2F, 0xFF, 0xFF, 0xC1, 0x55, 0x55, 0x50, 0x55, 0xB5, 0x54, 0xBF, 0xFF, 0xFF, 0x2F,
    0xFF, 0xFF, 0xC0, 0x0F, 0x00, 0x00, 0x03, 0x40, 0x00, 0x00, 0x00, 0x00, 0x00, 0xBF, 0xFF, 0xFF,
    0x2F, 0xFF, 0xFF, 0xC1, 0x55, 0x55, 0xF0, 0x00, 0x00, 0x3C, 0x00, 0x00, 0x0F, 0x00, 0x00, 0x03,
    0xC0, 0x00, 0x00, 0xF0, 0x00, 0x00, 0x3C, 0x00, 0x00, 0x0F, 0x00, 0x00, 0x03, 0xC0, 0x00, 0x00,
    0xF0, 0x00, 0x00, 0x3C, 0xBF, 0xFF, 0xFF, 0x2F, 0xFF, 0xFF, 0xC1, 0x55, 0x55, 0x50, 0x55, 0xB5,
    0x54, 0xBF, 0xFF, 0xFF, 0x2F, 0xFF, 0xFF, 0xC0, 0x0F, 0x00, 0x00, 0x03, 0x40, 0x00, 0x00, 0x00,
    0x00, 0x00, 0x00, 0x00, 0x00, 0x00, 0x00, 0x06, 0xC0, 0x00, 0x2F, 0xF0, 0x01, 0xFF, 0x80, 0x1B,
    0xF8, 0x00, 0x2F, 0x80, 0x00, 0x07, 0xFD, 0x00, 0x00, 0x07, 0xFD, 0x00, 0x00, 0x0B, 0xFD, 0x00,
    0x00, 0x1B, 0xC0, 0x00, 0xA0, 0x10, 0x04, 0x38, 0x00, 0x7F, 0xFE, 0x5B, 0x2F, 0xFF, 0xFF, 0xC9,
    0x07, 0xFF, 0xD0, 0x03, 0xC0, 0x00, 0x00, 0x10, 0x00, 0x00, 0x00, 0x00, 0x00, 0x29, 0x00, 0x00,
    0x0B, 0xF9, 0x00, 0x00, 0x1B, 0xF8, 0x00, 0x00, 0x1B, 0xF4, 0x00, 0x00, 0x1F, 0xC0, 0x00, 0x6F,
    0xE0, 0x06, 0xFE, 0x00, 0x6F, 0xE4, 0x00, 0x2F, 0x40, 0x00, 0x04, 0x00, 0xA0, 0x00, 0x04, 0x38,
    0x00, 0x7F, 0xFE, 0x5B, 0x2F, 0xFF, 0xFF, 0xC9, 0x07, 0xFF, 0xD0, 0x03, 0xC0, 0x00, 0x00, 0x10,
    0x00, 0x00, 0x00, 0x00, 0x02, 0x00, 0x00, 0x02, 0xC0, 0x00, 0x0B, 0xE0, 0x00, 0x6F, 0xC0, 0x06,
    0xFE, 0x40, 0x2F, 0xF4, 0x00, 0x01, 0xBF, 0xD0, 0x00, 0x00, 0xBF, 0x40, 0x00, 0x01, 0xFD, 0x00,
    0x00, 0x07, 0xC0, 0x00, 0xA0, 0x30, 0x04, 0x38, 0x00, 0x7F, 0xFE, 0x5B, 0x2F, 0xFF, 0xFF, 0xC9,
    0x07, 0xFF, 0xD0, 0x03, 0xC0, 0x00, 0x00, 0x10, 0x00, 0x00, 0x40, 0x00, 0x00, 0x2C, 0x00, 0x00,
    0x07, 0xE0, 0x00, 0x00, 0x2F, 0xD0, 0x00, 0x00, 0xBF, 0xE4, 0x00, 0x00, 0xBF, 0xC0, 0x02, 0xFF,
    0x90, 0x1F, 0xE4, 0x00, 0x2F, 0x80, 0x00, 0x2E, 0x00, 0x00, 0x09, 0x00, 0xA0, 0x00, 0x04, 0x38,
    0x00, 0x7F, 0xFE, 0x5B, 0x2F, 0xFF, 0xFF, 0xC9, 0x07, 0xFF, 0xD0, 0x03, 0xC0, 0x00, 0x00, 0x10,
    0x00, 0x00, 0x00, 0x00, 0x00, 0x00, 0x00, 0x03, 0x40, 0x00, 0x02, 0xC0, 0x00, 0x00, 0xF0, 0x00,
    0x00, 0x75, 0x00, 0x00, 0x2F, 0xC0, 0x00, 0xBF, 0xF0, 0x07, 0xFF, 0x6C, 0x6F, 0x93, 0xCB, 0x2F,
    0xD1, 0xE2, 0xC0, 0x7F, 0xF0, 0xB0, 0x00, 0xBF, 0xBC, 0x00, 0x1E, 0xBF, 0x00, 0x0F, 0x01, 0x80,
    0x03, 0x80, 0x00, 0x01, 0xC0, 0x00, 0x00, 0x00, 0x00, 0x00, 0x00, 0x02, 0x00, 0x00, 0x01, 0xD0,
    0x00, 0x00, 0xB0, 0x01, 0x00, 0x38, 0x00, 0xBD, 0x1D, 0x00, 0x2F, 0xFF, 0x00, 0x0B, 0x0B, 0xF9,
    0x02, 0xC2, 0xDB, 0xF8, 0xB0, 0xF1, 0xBE, 0x2C, 0x7F, 0xF4, 0x0B, 0xBF, 0x40, 0x02, 0xFE, 0x00,
    0x00, 0x5B, 0x00, 0x00, 0x03, 0xC0, 0x00, 0x01, 0xD0, 0x00, 0x00, 0x20, 0x00, 0x00, 0x00, 0x00,
    0x20, 0x00, 0x00, 0x2C, 0x00, 0x00, 0x0F, 0x00, 0x00, 0x03, 0x80, 0x00, 0x01, 0xD7, 0x00, 0x00,
    0xBF, 0xC0, 0x02, 0xFE, 0xF0, 0x1F, 0xEE, 0x2C, 0xBF, 0x47, 0x4B, 0x0B, 0xF6, 0xC2, 0xC0, 0x1B,
    0xF4, 0xB0, 0x00, 0x3F, 0xFC, 0x00, 0x1D, 0x2F, 0x00, 0x0B, 0x00, 0x41, 0x57, 0xD5, 0x52, 0xFF,
    0xFF, 0xFC, 0xBF, 0xFF, 0xFF, 0x00, 0x2C, 0x00, 0x00, 0x0F, 0x00, 0x00, 0x03, 0x80, 0x00, 0x01,
    0xD0, 0x00, 0x00, 0x00, 0x00, 0x00, 0x00, 0x09, 0x00, 0x00, 0x03, 0x80, 0x00, 0x01, 0xD0, 0x00,
    0x00, 0xB0, 0x00, 0xA0, 0x3C, 0x00, 0x2F, 0xDE, 0x00, 0x0B, 0xBF, 0xD0, 0x02, 0xC2, 0xFF, 0x80,
    0xB0, 0xF1, 0xBF, 0x2C, 0x39, 0xBF, 0x4B, 0x2F, 0xF4, 0x02, 0xFF, 0x80, 0x00, 0xBB, 0xC0, 0x00,
    0x10, 0xE0, 0x00, 0x01, 0xB9, 0x55, 0x52, 0xFF, 0xFF, 0xFC, 0xBF, 0xFF, 0xFF, 0x03, 0x80, 0x00,
    0x01, 0xD0, 0x00, 0x00, 0xB0, 0x00, 0x00, 0x3C, 0x00, 0x00, 0x00, 0x00, 0x00, 0x00, 0x7C, 0xBC,
    0x78, 0x00, 0x00, 0x00, 0x00, 0x78, 0xBC, 0x7C, 0x00, 0x00, 0x00, 0x00, 0x00, 0x78, 0xBC, 0x7C,
    0x78, 0x00, 0xB4, 0x00, 0xF2, 0xF0, 0x03, 0xF0, 0x07, 0xD7, 0xC0, 0x0B, 0x40, 0x0F, 0x00, 0x00,
    0x00, 0x00, 0x00, 0xF0, 0x00, 0x00, 0x00, 0x07, 0xE0, 0x00, 0x00, 0x00, 0x0F, 0x00, 0x00, 0x00,
    0x00, 0x00, 0x00, 0x00, 0x00, 0x00, 0x00, 0x00, 0x00, 0x00, 0x00, 0x00, 0x00, 0x00, 0x00, 0x00,
    0x00, 0x00, 0x2D, 0x00, 0x00, 0x00, 0x00, 0xFC, 0x00, 0x00, 0x00, 0x02, 0xD0, 0x00, 0x00, 0x00,
    0x00, 0x00, 0x00, 0x00, 0x00, 0x00, 0x00, 0x00, 0x00, 0x00, 0x00, 0x00, 0x00, 0x00, 0x00, 0x00,
    0x00, 0x00, 0x00, 0x00, 0x00, 0x00, 0x1E, 0x00, 0x00, 0x00, 0x00, 0xBC, 0x00, 0x00, 0x00, 0x01,
    0xF0, 0x00, 0x00, 0x00, 0x00, 0x7C, 0x00, 0x00, 0x00, 0x02, 0xF0, 0x00, 0x00, 0x00, 0x07, 0x80,
    0x00, 0x00, 0x00, 0x00, 0x00, 0x00, 0x00, 0x00, 0x00, 0x00, 0x00, 0x00, 0x00, 0x00, 0x00, 0x00,
    0x00, 0x00, 0x00, 0x00, 0x00, 0x00, 0x00, 0x00, 0x2D, 0x00, 0x00, 0x00, 0x00, 0xFC, 0x00, 0x00,
    0x00, 0x02, 0xD0, 0x00, 0x00, 0x00, 0x00, 0x00, 0x00, 0x00, 0x00, 0x00, 0x00, 0x00, 0x00, 0x00,
    0x00, 0x00, 0x00, 0x00, 0x00, 0x00, 0x00, 0x00, 0x00, 0x00, 0x00, 0x00, 0x00, 0x00, 0x00, 0x00,
    0x3C, 0x00, 0x00, 0x00, 0x01, 0xF8, 0x00, 0x00, 0x00, 0x03, 0xC0, 0x00, 0x01, 0xBF, 0xFF, 0xF0,
    0x00, 0x3F, 0xFF, 0xFF, 0xC0, 0x03, 0xF9, 0x55, 0x55, 0x00, 0x3F, 0x00, 0x00, 0x00, 0x01, 0xF0,
    0x00, 0x00, 0x00, 0x0B, 0x40, 0x00, 0x00, 0x01, 0x7D, 0x55, 0x55, 0x55, 0x2F, 0xFF, 0xFF, 0xFF,
    0xFC, 0xBF, 0xFF, 0xFF, 0xFF, 0xF0, 0x0B, 0x00, 0x00, 0x00, 0x00, 0x1E, 0x00, 0x00, 0x00, 0x00,
    0x3E, 0x00, 0x00, 0x00, 0x00, 0x7F, 0x95, 0x55, 0x50, 0x00, 0x7F, 0xFF, 0xFF, 0xC0, 0x00, 0x1B,
    0xFF, 0xFF, 0x00, 0x00, 0x6F, 0xFF, 0xFC, 0x03, 0xFF, 0xFF, 0xFC, 0x0F, 0xE9, 0x55, 0x54, 0x3F,
    0x00, 0x00, 0x00, 0x3C, 0x00, 0x00, 0x1C, 0xB4, 0x00, 0x00, 0x2C, 0xB5, 0x55, 0x55, 0x6C, 0xBF,
    0xFF, 0xFF, 0xFC, 0xBF, 0xFF, 0xFF, 0xFC, 0xB0, 0x00, 0x00, 0x2C, 0x38, 0x00, 0x00, 0x2C, 0x3E,
    0x00, 0x00, 0x00, 0x0F, 0xE5, 0x55, 0x54, 0x03, 0xFF, 0xFF, 0xFC, 0x00, 0x6F, 0xFF, 0xFC, 0x00,
    0x05, 0x54, 0x07, 0xFF, 0xFE, 0x1F, 0xFF, 0xFE, 0x3E, 0x40, 0x00, 0x78, 0x00, 0x0E, 0xB4, 0x00,
    0x0E, 0xBF, 0xFF, 0xFE, 0xBF, 0xFF, 0xFE, 0x79, 0x55, 0x5E, 0x3E, 0x55, 0x54, 0x0F, 0xFF, 0xFE,
    0x01, 0xFF, 0xFE, 0x00, 0x00, 0x78, 0x00, 0x00, 0x00, 0xFC, 0x00, 0x00, 0x00, 0x78, 0x00, 0x00,
    0x00, 0x00, 0x00, 0x00, 0x6F, 0xFF, 0xFC, 0x03, 0xFF, 0xFF, 0xFC, 0x0F, 0xE9, 0x55, 0x54, 0x3F,
    0x00, 0x00, 0x00, 0x3C, 0x00, 0x00, 0x00, 0xB4, 0x00, 0x00, 0x00, 0xB5, 0x55, 0x55, 0x54, 0xBF,
    0xFF, 0xFF, 0xFC, 0xBF, 0xFF, 0xFF, 0xFC, 0xB0, 0x00, 0x00, 0x00, 0x38, 0x00, 0x00, 0x00, 0x3E,
    0x00, 0x00, 0x00, 0x0F, 0xE5, 0x55, 0x54, 0x03, 0xFF, 0xFF, 0xFC, 0x00, 0x6F, 0xFF, 0xFC, 0x2F,
    0xFF, 0xFF, 0xFC, 0x2F, 0xFF, 0xFF, 0xFC, 0x05, 0x55, 0x55, 0x54, 0x00, 0x00, 0x00, 0x00, 0x00,
    0x6F, 0xFF, 0xFC, 0x03, 0xFF, 0xFF, 0xFC, 0x0F, 0xE9, 0x55, 0x54, 0x3F, 0x00, 0x00, 0x00, 0x3C,
    0x00, 0x00, 0x00, 0xB4, 0x00, 0x00, 0x00, 0xB5, 0x55, 0x55, 0x54, 0xBF, 0xFF, 0xFF, 0xFC, 0xBF,
    0xFF, 0xFF, 0xFC, 0xB0, 0x00, 0x00, 0x00, 0x38, 0x00, 0x00, 0x00, 0x3E, 0x00, 0x00, 0x00, 0x0F,
    0xE5, 0x55, 0x54, 0x03, 0xFF, 0xFF, 0xFC, 0x00, 0x6F, 0xFF, 0xFC, 0x1F, 0xFF, 0xFE, 0x1F, 0xFF,
    0xFE, 0x00, 0x00, 0x00, 0x00, 0x05, 0x54, 0x07, 0xFF, 0xFE, 0x1F, 0xFF, 0xFE, 0x3E, 0x40, 0x00,
    0x78, 0x00, 0x00, 0xB4, 0x00, 0x00, 0xBF, 0xFF, 0xFE, 0xBF, 0xFF, 0xFE, 0x79, 0x55, 0x54, 0x3E,
    0x55, 0x54, 0x0F, 0xFF, 0xFE, 0x01, 0xFF, 0xFE, 0x00, 0x2F, 0xFF, 0xFC, 0x03, 0xFF, 0xFF, 0xFC,
    0x0F, 0xE9, 0x55, 0x54, 0x2F, 0x00, 0x00, 0x00, 0x3C, 0x00, 0x00, 0x00, 0x74, 0x00, 0x00, 0x00,
    0xB5, 0x55, 0x55, 0x54, 0xBF, 0xFF, 0xFF, 0xFC, 0xBF, 0xFF, 0xFF, 0xFC, 0xB0, 0x00, 0x00, 0x00,
    0x78, 0x00, 0x00, 0x00, 0x3D, 0x00, 0x00, 0x00, 0x1F, 0xD0, 0x00, 0x00, 0x07, 0xFF, 0xFF, 0xFC,
    0x00, 0xBF, 0xFF, 0xFC, 0x00, 0x00, 0x55, 0x54, 0x05, 0x55, 0x55, 0x54, 0x2F, 0xFF, 0xFF, 0xFC,
    0x2F, 0xFF, 0xFF, 0xFC, 0x00, 0x6F, 0xFF, 0xFC, 0x03, 0xFF, 0xFF, 0xFC, 0x0F, 0xF9, 0x55, 0x54,
    0x3F, 0x40, 0x00, 0x00, 0x3C, 0x00, 0x00, 0x00, 0xBF, 0xFF, 0xFF, 0xFC, 0xBF, 0xFF, 0xFF, 0xFC,
    0xB5, 0x55, 0x55, 0x54, 0xB5, 0x55, 0x55, 0x54, 0xBF, 0xFF, 0xFF, 0xFC, 0x3F, 0xFF, 0xFF, 0xFC,
    0x3D, 0x00, 0x00, 0x00, 0x0F, 0xE5, 0x55, 0x54, 0x03, 0xFF, 0xFF, 0xFC, 0x00, 0x6F, 0xFF, 0xFC,
    0xBF, 0xFF, 0xE4, 0x00, 0x02, 0xFF, 0xFF, 0xFD, 0x00, 0x01, 0x55, 0x56, 0xFE, 0x00, 0x00, 0x00,
    0x00, 0x7C, 0x00, 0x00, 0x00, 0x00, 0x78, 0x00, 0x00, 0x00, 0x00, 0xF0, 0x01, 0x55, 0x55, 0x57,
    0xD5, 0x2F, 0xFF, 0xFF, 0xFF, 0xFC, 0xBF, 0xFF, 0xFF, 0xFF, 0xF0, 0x00, 0x00, 0x00, 0xF0, 0x00,
    0x00, 0x00, 0x03, 0xC0, 0x00, 0x00, 0x00, 0x7D, 0x00, 0x15, 0x55, 0x6F, 0xE0, 0x02, 0xFF, 0xFF,
    0xFE, 0x00, 0x0B, 0xFF, 0xFE, 0x40, 0x00, 0x00, 0xBF, 0xFF, 0xE4, 0x00, 0xBF, 0xFF, 0xFF, 0x40,
    0x15, 0x55, 0x6F, 0xE0, 0x00, 0x00, 0x01, 0xF4, 0xB0, 0x00, 0x00, 0x78, 0xB0, 0x00, 0x00, 0x3C,
    0xB5, 0x55, 0x55, 0x7C, 0xBF, 0xFF, 0xFF, 0xFC, 0xBF, 0xFF, 0xFF, 0xFC, 0xB0, 0x00, 0x00, 0x3C,
    0xB0, 0x00, 0x00, 0x38, 0x00, 0x00, 0x01, 0xF0, 0x15, 0x55, 0x6F, 0xE0, 0xBF, 0xFF, 0xFF, 0x40,
    0xBF, 0xFF, 0xE4, 0x00, 0x15, 0x50, 0x00, 0xBF, 0xFF, 0x80, 0xBF, 0xFF, 0xF4, 0x00, 0x01, 0xFC,
    0xB0, 0x00, 0x3D, 0xB0, 0x00, 0x1E, 0xBF, 0xFF, 0xFE, 0xBF, 0xFF, 0xFE, 0xB5, 0x55, 0x6D, 0x15,
    0x55, 0xBC, 0xBF, 0xFF, 0xF0, 0xBF, 0xFE, 0x40, 0xBF, 0xFF, 0xFF, 0xF0, 0xBF, 0xFF, 0xFF, 0xF0,
    0x15, 0x55, 0x55, 0x50, 0x00, 0x00, 0x00, 0x00, 0xBF, 0xFF, 0xE4, 0x00, 0xBF, 0xFF, 0xFF, 0x40,
    0x15, 0x55, 0x6F, 0xE0, 0x00, 0x00, 0x01, 0xF4, 0x00, 0x00, 0x00, 0x78, 0x00, 0x00, 0x00, 0x3C,
    0x15, 0x55, 0x55, 0x7C, 0xBF, 0xFF, 0xFF, 0xFC, 0xBF, 0xFF, 0xFF, 0xFC, 0x00, 0x00, 0x00, 0x3C,
    0x00, 0x00, 0x00, 0x38, 0x00, 0x00, 0x01, 0xF0, 0x15, 0x55, 0x6F, 0xE0, 0xBF, 0xFF, 0xFF, 0x40,
    0xBF, 0xFF, 0xE4, 0x00, 0xBF, 0xFF, 0xF4, 0xBF, 0xFF, 0xF4, 0x00, 0x00, 0x00, 0x15, 0x50, 0x00,
    0xBF, 0xFF, 0x80, 0xBF, 0xFF, 0xF4, 0x00, 0x01, 0xFC, 0x00, 0x00, 0x3D, 0x00, 0x00, 0x1E, 0xBF,
    0xFF, 0xFE, 0xBF, 0xFF, 0xFE, 0x15, 0x55, 0x6D, 0x15, 0x55, 0xBC, 0xBF, 0xFF, 0xF0, 0xBF, 0xFE,
    0x40, 0xBF, 0xFF, 0xFF, 0xFE, 0xFF, 0xFF, 0xFF, 0xFB, 0x55, 0x55, 0x55, 0x6C, 0x00, 0x00, 0x00,
    0xB0, 0x00, 0x00, 0x02, 0xC0, 0x00, 0x00, 0x0B, 0x55, 0x55, 0x55, 0x6F, 0xFF, 0xFF, 0xFF, 0xBF,
    0xFF, 0xFF, 0xFE, 0xC0, 0x00, 0x00, 0x0B, 0x00, 0x00, 0x00, 0x2C, 0x00, 0x00, 0x00, 0xB5, 0x55,
    0x55, 0x56, 0xFF, 0xFF, 0xFF, 0xFB, 0xFF, 0xFF, 0xFF, 0xC0, 0x00, 0x18, 0x00, 0x3C, 0x00, 0xB4,
    0x00, 0xF0, 0x02, 0xD0, 0x03, 0xC0, 0x07, 0x80, 0x0F, 0x00, 0x1E, 0x00, 0x3C, 0x00, 0x78, 0x00,
    0xF4, 0x00, 0xB4, 0x00, 0x7C, 0x00, 0x3D, 0x00, 0x1E, 0x00, 0x0F, 0x00, 0x07, 0x80, 0x03, 0xC0,
    0x01, 0xE0, 0x00, 0xF0, 0x00, 0xB4, 0x00, 0x3C, 0x00, 0x2D, 0x14, 0x00, 0x0B, 0x40, 0x00, 0xF0,
    0x00, 0x2D, 0x00, 0x07, 0xC0, 0x00, 0xF0, 0x00, 0x1E, 0x00, 0x03, 0xC0, 0x00, 0x78, 0x00, 0x0F,
    0x00, 0x01, 0xE0, 0x00, 0x3C, 0x00, 0x0F, 0x00, 0x0B, 0x80, 0x03, 0xC0, 0x01, 0xE0, 0x00, 0xF0,
    0x00, 0x78, 0x00, 0x3C, 0x00, 0x1E, 0x00, 0x0F, 0x00, 0x03, 0xC0, 0x02, 0xD0, 0x00, 0xF0, 0x00,
    0x00, 0x00, 0x00, 0x00, 0x00, 0x00, 0xB0, 0x00, 0x00, 0x00, 0x00, 0x00, 0x16, 0x40, 0x00, 0x00,
    0x00, 0x00, 0x01, 0x28, 0x00, 0x00, 0x00, 0x00, 0x00, 0x51, 0xC0, 0x00, 0x00, 0x00, 0x00, 0x08,
    0x0E, 0x00, 0x00, 0x00, 0x00, 0x00, 0x80, 0xF0, 0x00, 0x00, 0x00, 0x00, 0x08, 0x0B, 0x80, 0x00,
    0x00, 0x03, 0xF4, 0x80, 0x7C, 0x00, 0x00, 0x00, 0x3D, 0x18, 0x03, 0xE0, 0x00, 0x00, 0x00, 0xD0,
    0xA0, 0x2F, 0x00, 0x40, 0x00, 0x03, 0x08, 0x11, 0xF8, 0x05, 0x00, 0x00, 0x0C, 0x80, 0x8F, 0xC0,
    0x50, 0x1F, 0x00, 0x1D, 0x02, 0xBE, 0x01, 0x00, 0xFD, 0x00, 0x30, 0x0F, 0xF0, 0x10, 0x07, 0xF0,
    0x02, 0x14, 0x3F, 0x81, 0x00, 0x1D, 0x00, 0x50, 0x0A, 0xFD, 0x50, 0x00, 0x20, 0x05, 0x00, 0x0B,
    0xF4, 0x00, 0x00, 0x55, 0x40, 0x00, 0x14, 0x00, 0x00, 0x00, 0x00, 0x06, 0xF8, 0x02, 0xF8, 0x00,
    0xBE, 0x00, 0x2E, 0x0C, 0x03, 0xE0, 0x00, 0xF8, 0x0C, 0x0F, 0x40, 0x07, 0xD0, 0x18, 0x3D, 0x00,
    0x2F, 0x40, 0x30, 0xB4, 0x00, 0xFE, 0x00, 0x80, 0xE0, 0x02, 0xF8, 0x01, 0x00, 0xD0, 0x0B, 0xF0,
    0x00, 0x00, 0xC0, 0x2F, 0xC0, 0x40, 0x00, 0x40, 0x7F, 0x45, 0x00, 0x00, 0x00, 0xFC, 0x93, 0xF0,
    0x00, 0x02, 0xF8, 0x1D, 0x08, 0x00, 0x03, 0xF0, 0x30, 0x04, 0x00, 0x03, 0xF0, 0x20, 0x04, 0x00,
    0x03, 0xE0, 0x00, 0x04, 0x00, 0x01, 0xF0, 0x00, 0x60, 0x00, 0x00, 0xB8, 0x06, 0x80, 0x00, 0x00,
    0x1B, 0xF8, 0x00, 0x00, 0x00, 0x00, 0xBF, 0xF4, 0x00, 0x00, 0x0B, 0x90, 0x06, 0x40, 0x00, 0xB8,
    0x00, 0x00, 0x64, 0x02, 0xD0, 0x00, 0x00, 0xE4, 0x0B, 0x40, 0x01, 0x02, 0x88, 0x0F, 0x00, 0x01,
    0x0B, 0x05, 0x2D, 0x00, 0x05, 0x0E, 0x02, 0x3C, 0x00, 0x0C, 0x3D, 0x02, 0x38, 0x00, 0x24, 0x7C,
    0x02, 0x3C, 0x00, 0x60, 0xF8, 0x02, 0x1D, 0x06, 0x81, 0xF4, 0x02, 0x07, 0xF9, 0x03, 0xF0, 0x05,
    0x00, 0x00, 0x07, 0xD0, 0x08, 0x00, 0x00, 0x0F, 0xC0, 0x08, 0x00, 0x00, 0x2F, 0x00, 0x20, 0x2F,
    0xE0, 0x7C, 0x00, 0x90, 0x20, 0x1B, 0xF0, 0x02, 0x40, 0x1B, 0xF9, 0x2F, 0xA4, 0x00, 0x00, 0x28,
    0x00, 0x7F, 0xC0, 0x2C, 0x00, 0xBF, 0x42, 0x0B, 0x00, 0x3F, 0x80, 0x21, 0xC0, 0x0F, 0xE0, 0x01,
    0x38, 0x03, 0xF8, 0x00, 0x43, 0x00, 0x7F, 0x00, 0x10, 0x30, 0x0B, 0xC0, 0x04, 0x02, 0x40, 0xB8,
    0x05, 0x00, 0x09, 0x0B, 0x05, 0x00, 0x80, 0x05, 0x74, 0x00, 0x38, 0x00, 0x01, 0x80, 0x2F, 0x40,
    0x00, 0x01, 0x53, 0xF0, 0x00, 0xF4, 0x00, 0x7E, 0x00, 0x3F, 0x80, 0x0F, 0xD0, 0x03, 0xE0, 0x01,
    0xFC, 0x00, 0x30, 0x00, 0x3F, 0x00, 0x01, 0x00, 0x0F, 0xC0, 0x00, 0x05, 0x5B, 0x80, 0x00, 0x00,
    0x00, 0x00, 0x00, 0x6E, 0x40, 0x00, 0x00, 0x01, 0xF4, 0x00, 0x00, 0x00, 0x02, 0xE0, 0x20, 0x00,
    0x00, 0x00, 0xF0, 0x0C, 0x00, 0x00, 0x00, 0x3C, 0x02, 0x80, 0x00, 0x00, 0x0F, 0x00, 0x70, 0x00,
    0x00, 0x02, 0xC0, 0x0E, 0x00, 0x00, 0x00, 0x34, 0x02, 0xC0, 0x00, 0x00, 0x03, 0x00, 0x7C, 0x00,
    0x00, 0x00, 0x24, 0x0F, 0x40, 0x00, 0x00, 0x00, 0xB9, 0xE0, 0x00, 0x00, 0x00, 0x00, 0x3C, 0x00,
    0x00, 0x00, 0x00, 0x0B, 0xF4, 0x00, 0x00, 0x00, 0x00, 0xF4, 0x80, 0x00, 0x00, 0x00, 0x3F, 0x01,
    0x00, 0x00, 0x14, 0x0B, 0xC0, 0x00, 0x00, 0x08, 0x01, 0xF4, 0x00, 0x00, 0x03, 0x00, 0x3E, 0x14,
    0x00, 0x00, 0x90, 0x0F, 0x80, 0x00, 0x00, 0x0C, 0x03, 0xD0, 0x00, 0x00, 0x00, 0xC1, 0xF0, 0x00,
    0x00, 0x00, 0x07, 0xF4, 0x00, 0x00, 0x00, 0x00, 0x00, 0x00, 0x00, 0x00, 0x00, 0x00, 0x18, 0x00,
    0x00, 0x00, 0x00, 0x14, 0x00, 0x90, 0x00, 0x00, 0x19, 0x00, 0x60, 0x03, 0x40, 0x00, 0x01, 0x4F,
    0x02, 0xC0, 0x0E, 0x00, 0x00, 0x04, 0x2D, 0x0B, 0x80, 0x3C, 0x00, 0x00, 0x20, 0x3C, 0x9F, 0x00,
    0xB4, 0x00, 0x00, 0x40, 0x3E, 0x2F, 0x01, 0xE0, 0x00, 0x00, 0x00, 0x00, 0x3D, 0x03, 0xC0, 0x00,
    0x00, 0x00, 0x00, 0xBC, 0x0A, 0x00, 0x00, 0x00, 0x00, 0x00, 0xFD, 0xF4, 0x00, 0x00, 0x00, 0x00,
    0x02, 0xF4, 0x38, 0x00, 0x00, 0x00, 0x00, 0x03, 0xF0, 0x3C, 0x00, 0x50, 0x00, 0x00, 0x0B, 0xD0,
    0x7C, 0x01, 0x00, 0x2F, 0x00, 0x0F, 0xC0, 0xFC, 0x04, 0x00, 0x7F, 0x00, 0x3F, 0x01, 0xFC, 0x10,
    0x00, 0x70, 0x00, 0xBC, 0x02, 0xF4, 0x90, 0x00, 0x20, 0x02, 0xF0, 0x02, 0xFF, 0x40, 0x00, 0x05,
    0x6A, 0x00, 0x00, 0xF8, 0x00, 0x00, 0x00, 0x00, 0x00, 0x00, 0x18, 0x00, 0x00, 0x00, 0x00, 0x00,
    0x07, 0x40, 0x00, 0x00, 0x00, 0x00, 0x00, 0xB4, 0x00, 0x00, 0x00, 0x00, 0x00, 0x1B, 0x00, 0x1D,
    0x00, 0x00, 0x00, 0x04, 0xF0, 0x03, 0x80, 0x00, 0x00, 0x00, 0x4F, 0x00, 0x80, 0x00, 0x00, 0x00,
    0x20, 0xF0, 0x04, 0x00, 0x00, 0x00, 0x01, 0x1F, 0x02, 0x00, 0x00, 0x00, 0x00, 0x81, 0xF0, 0x10,
    0x00, 0x00, 0x00, 0x04, 0x2F, 0x08, 0x00, 0x00, 0x00, 0x02, 0x02, 0xF4, 0x80, 0x00, 0x00, 0x00,
    0x10, 0x2F, 0x50, 0x00, 0x0A, 0x00, 0x08, 0x01, 0xF6, 0x00, 0x03, 0xF0, 0x01, 0x00, 0x1F, 0xD0,
    0x00, 0x7F, 0x00, 0x50, 0x01, 0xFC, 0x00, 0x07, 0x40, 0x04, 0x00, 0x0F, 0xC0, 0x00, 0x20, 0x05,
    0x00, 0x00, 0xFC, 0x00, 0x01, 0x55, 0x00, 0x00, 0x0E, 0x00, 0x00, 0x00, 0x00, 0x00, 0x00, 0x00,
    0x00, 0x00, 0x00, 0x00, 0x01, 0xBF, 0x80, 0x00, 0x02, 0xF4, 0x05, 0x00, 0x01, 0xF8, 0xBC, 0x00,
    0x00, 0xBD, 0x74, 0x50, 0x00, 0x3F, 0x1C, 0x02, 0x00, 0x0F, 0xD3, 0x00, 0x60, 0x03, 0xF8, 0x80,
    0x09, 0x00, 0xBF, 0x18, 0x00, 0xC0, 0x1F, 0xC2, 0x00, 0x28, 0x03, 0xF8, 0x50, 0x03, 0x00, 0x7F,
    0x08, 0x00, 0xA0, 0x0F, 0xE0, 0x80, 0x1C, 0x00, 0xFC, 0x10, 0x03, 0x00, 0x0F, 0xC2, 0x00, 0xD0,
    0x00, 0xF8, 0x10, 0x34, 0x00, 0x0B, 0x40, 0x0D, 0x00, 0x00, 0x3C, 0x0B, 0x00, 0x00, 0x00, 0xBF,
    0x40, 0x00, 0x00, 0x00, 0x00, 0x01, 0x55, 0x55, 0x54, 0x00, 0x00, 0x14, 0x00, 0x01, 0xA0, 0x00,
    0x01, 0x00, 0x40, 0x28, 0x38, 0x00, 0x04, 0x00, 0x80, 0xB0, 0x3C, 0x00, 0x10, 0x01, 0x82, 0xC0,
    0x3C, 0x00, 0x40, 0x03, 0x47, 0x80, 0xBC, 0x00, 0x40, 0x0B, 0x0F, 0x40, 0xF4, 0x00, 0x00, 0x2D,
    0x2F, 0x03, 0xD0, 0x00, 0x81, 0xF8, 0x7E, 0x1F, 0x00, 0x00, 0x2F, 0x90, 0xFE, 0x90, 0x00, 0x00,
    0x00, 0x16, 0xFC, 0x00, 0x00, 0x00, 0x00, 0x02, 0xF4, 0x00, 0x00, 0x09, 0x00, 0x03, 0xF0, 0x00,
    0x00, 0x3F, 0x00, 0x0B, 0xC0, 0x00, 0x00, 0x7F, 0x00, 0x1F, 0x40, 0x00, 0x00, 0x70, 0x00, 0x3D,
    0x00, 0x00, 0x00, 0x20, 0x01, 0xF0, 0x00, 0x00, 0x00, 0x05, 0x5A, 0x40, 0x00, 0x00, 0x00, 0x00,
    0x00, 0x02, 0xFF, 0x40, 0x00, 0x00, 0x2D, 0x03, 0xF0, 0x00, 0x01, 0xD0, 0x00, 0xF4, 0x00, 0x0A,
    0x01, 0x00, 0xFC, 0x00, 0x24, 0x02, 0x41, 0xFC, 0x00, 0x50, 0x03, 0x42, 0xFC, 0x00, 0x40, 0x03,
    0x43, 0xF4, 0x01, 0x00, 0x0F, 0x07, 0xF0, 0x01, 0x00, 0x2E, 0x0F, 0xD0, 0x02, 0x00, 0x7C, 0x1F,
    0x80, 0x01, 0x42, 0xF4, 0x3E, 0x00, 0x00, 0xBF, 0x80, 0xF8, 0x00, 0x00, 0x00, 0x02, 0xD0, 0x01,
    0x00, 0x00, 0x0B, 0x40, 0x08, 0x0B, 0xF9, 0x28, 0x00, 0x60, 0x10, 0x6F, 0xF4, 0x02, 0x40, 0x50,
    0x1A, 0xFF, 0xFD, 0x00, 0x2F, 0x90, 0x2F, 0xE0, 0x00, 0x00, 0x00, 0x01, 0xA5, 0x41, 0x58, 0x00,
    0x00, 0x1E, 0x00, 0x0D, 0x05, 0x00, 0x00, 0xB4, 0x00, 0x34, 0x06, 0x00, 0x02, 0xC0, 0x00, 0xE0,
    0x09, 0x00, 0x03, 0x80, 0x03, 0xC0, 0x0C, 0x00, 0x0B, 0x00, 0x0B, 0x80, 0x30, 0x00, 0x0B, 0x00,
    0x0F, 0x40, 0x90, 0x00, 0x07, 0x00, 0x2F, 0x02, 0x00, 0x00, 0x03, 0x00, 0x3E, 0x04, 0x00, 0x00,
    0x00, 0x80, 0xBD, 0x40, 0x00, 0x00, 0x00, 0x15, 0xFC, 0x00, 0x00, 0x00, 0x00, 0x02, 0xF8, 0x00,
    0x00, 0x0A, 0x00, 0x03, 0xF0, 0x00, 0x00, 0x3F, 0x40, 0x0B, 0xD0, 0x00, 0x00, 0x7E, 0x00, 0x0F,
    0x80, 0x00, 0x00, 0x20, 0x00, 0x3E, 0x00, 0x00, 0x00, 0x20, 0x00, 0xF4, 0x00, 0x00, 0x00, 0x05,
    0x5A, 0x40, 0x00, 0x00, 0x00, 0x00, 0x00, 0x01, 0xBF, 0xFF, 0xF8, 0x00, 0x00, 0x19, 0x00, 0x6B,
    0xF8, 0x00, 0x00, 0x81, 0x00, 0x10, 0x00, 0x00, 0x01, 0x01, 0x40, 0x60, 0x00, 0x00, 0x04, 0x02,
    0x41, 0xD0, 0x00, 0x00, 0x10, 0x03, 0x43, 0xC0, 0x00, 0x00, 0x10, 0x0B, 0x0B, 0x80, 0x00, 0x00,
    0x10, 0x1E, 0x0F, 0x80, 0x00, 0x00, 0x20, 0xB8, 0x2F, 0x40, 0x00, 0x00, 0x0F, 0xD0, 0x3F, 0x00,
    0x00, 0x00, 0x00, 0x00, 0xBE, 0x00, 0x00, 0x04, 0x00, 0x00, 0xFD, 0x00, 0x00, 0x2F, 0x00, 0x02,
    0xFC, 0x00, 0x00, 0x3F, 0x00, 0x03, 0xF4, 0x00, 0x00, 0x74, 0x00, 0x0F, 0xE0, 0x00, 0x00, 0x30,
    0x00, 0x3F, 0x80, 0x00, 0x00, 0x19, 0x02, 0xFD, 0x00, 0x00, 0x00, 0x02, 0xFF, 0x90, 0x00, 0x00,
    0x00, 0x00, 0x00, 0x56, 0x90, 0x00, 0x00, 0x00, 0x00, 0x50, 0x03, 0x80, 0x00, 0xFC, 0x00, 0x10,
    0x00, 0x1C, 0x00, 0x2F, 0x40, 0x04, 0x08, 0x01, 0xD0, 0x07, 0xF0, 0x01, 0x00, 0x80, 0x3D, 0x00,
    0xFD, 0x00, 0x40, 0x0C, 0x03, 0xD0, 0x1F, 0x80, 0x04, 0x01, 0xC0, 0xFC, 0x03, 0xF0, 0x01, 0x00,
    0x2C, 0x2F, 0x40, 0xBE, 0x00, 0x10, 0x07, 0x87, 0xF0, 0x0F, 0xC0, 0x01, 0x00, 0xF0, 0xFD, 0x03,
    0xF4, 0x00, 0x30, 0x7C, 0x2F, 0x80, 0x7F, 0x00, 0x01, 0xFE, 0x07, 0xF0, 0x0F, 0xC0, 0x00, 0x00,
    0x00, 0xFC, 0x02, 0xF8, 0x00, 0x00, 0x00, 0x2F, 0x80, 0x7F, 0x00, 0x00, 0x00, 0x03, 0xF0, 0x0B,
    0xD0, 0x10, 0x00, 0x00, 0x3D, 0x02, 0x7C, 0x08, 0x00, 0x00, 0x02, 0xC0, 0x87, 0x82, 0x00, 0x00,
    0x00, 0x0A, 0x50, 0x2D, 0x40, 0x00, 0x00, 0x00, 0x00, 0x20, 0x01, 0x40, 0x2E, 0x00, 0x70, 0x01,
    0x40, 0x65, 0xC0, 0xB4, 0x00, 0x40, 0x60, 0xD1, 0xAC, 0x00, 0x80, 0x50, 0xE7, 0x8E, 0x00, 0x40,
    0x00, 0x2E, 0x0F, 0x00, 0x10, 0x00, 0x00, 0x07, 0xC0, 0x20, 0x00, 0x00, 0x03, 0xE0, 0x14, 0x00,
    0x00, 0x01, 0xF0, 0x08, 0x00, 0x00, 0x00, 0xBC, 0x04, 0x00, 0x00, 0x00, 0x3E, 0x01, 0x00, 0x00,
    0x00, 0x1F, 0x02, 0x00, 0x00, 0x00, 0x0B, 0xC2, 0x00, 0x00, 0x00, 0x03, 0xD2, 0x00, 0x00, 0x00,
    0x00, 0xE2, 0x00, 0x00, 0x00, 0x00, 0x32, 0x00, 0x00, 0x00, 0x00, 0x29, 0x00, 0x00, 0x00, 0x00,
    0x0C, 0x00, 0x00, 0x00, 0x00, 0x00, 0x00, 0x6F, 0xD0, 0x00, 0x01, 0x40, 0x00, 0x01, 0xE0, 0x2E,
    0x00, 0x01, 0xC0, 0x00, 0x02, 0x80, 0x03, 0xC0, 0x01, 0xD0, 0x00, 0x02, 0x41, 0x00, 0xF8, 0x00,
    0xF0, 0x00, 0x02, 0x00, 0x50, 0x3E, 0x00, 0xF8, 0x00, 0x42, 0x00, 0x24, 0x0F, 0x80, 0xAC, 0x01,
    0x41, 0x40, 0x0D, 0x0B, 0xC0, 0x9E, 0x01, 0x40, 0x40, 0x0B, 0x03, 0xF0, 0x9F, 0x41, 0x40, 0x10,
    0x07, 0xC2, 0xF0, 0x9B, 0xC0, 0x80, 0x04, 0x07, 0xC0, 0xF8, 0x93, 0xD0, 0x80, 0x02, 0x0B, 0xD0,
    0xF8, 0x92, 0xF0, 0x80, 0x00, 0x2F, 0x80, 0xB8, 0x80, 0xF8, 0x40, 0x00, 0x00, 0x00, 0x78, 0x80,
    0x7D, 0x20, 0x00, 0x00, 0x00, 0x78, 0x80, 0x2F, 0x20, 0x00, 0x00, 0x00, 0x39, 0x40, 0x0F, 0xA4,
    0x00, 0x00, 0x00, 0x39, 0x00, 0x03, 0xE8, 0x00, 0x00, 0x00, 0x39, 0x00, 0x00, 0xBC, 0x00, 0x00,
    0x00, 0x34, 0x00, 0x00, 0x0D, 0x00, 0x00, 0x00, 0x00, 0x00, 0x0B, 0xF8, 0x00, 0x00, 0x00, 0x00,
    0x74, 0x0F, 0x00, 0xBC, 0x00, 0x02, 0x80, 0x07, 0x82, 0xBE, 0x00, 0x09, 0x02, 0x03, 0xC4, 0x3C,
    0x00, 0x24, 0x03, 0x07, 0xC4, 0x00, 0x00, 0x50, 0x07, 0x0B, 0xE0, 0x00, 0x00, 0x80, 0x0E, 0x0F,
    0xC0, 0x00, 0x01, 0x00, 0x1D, 0x1F, 0x80, 0x00, 0x01, 0x00, 0x3C, 0x3F, 0x00, 0x00, 0x01, 0x00,
    0xB4, 0x7E, 0x00, 0x00, 0x01, 0x42, 0xD0, 0xFC, 0x00, 0x10, 0x00, 0xBF, 0x42, 0xF8, 0x00, 0x80,
    0x00, 0x00, 0x07, 0xE0, 0x02, 0x00, 0x1F, 0x00, 0x1F, 0x90, 0x08, 0x00, 0x3F, 0x80, 0x3E, 0x10,
    0x20, 0x00, 0x5B, 0x01, 0xF4, 0x40, 0x80, 0x00, 0x24, 0x1B, 0xC0, 0x53, 0x00, 0x00, 0x0B, 0xF9,
    0x00, 0x3C, 0x00, 0x00, 0x00, 0x02, 0xFE, 0x00, 0x00, 0x20, 0x00, 0x74, 0x0E, 0x00, 0x03, 0x80,
    0x09, 0x00, 0x2C, 0x00, 0x38, 0x00, 0x80, 0x40, 0xF0, 0x02, 0xC0, 0x04, 0x06, 0x0B, 0xC0, 0x2D,
    0x00, 0x40, 0x34, 0x7D, 0x02, 0xF0, 0x01, 0x02, 0xC3, 0xF0, 0x1F, 0x40, 0x08, 0x3C, 0x2F, 0x00,
    0xFC, 0x00, 0x2F, 0x80, 0xF4, 0x0B, 0xE0, 0x00, 0x00, 0x07, 0xC0, 0x7F, 0x00, 0x00, 0x00, 0x0D,
    0x15, 0xF8, 0x00, 0x00, 0x00, 0x19, 0x0F, 0xD0, 0x00, 0x01, 0x80, 0x00, 0x7F, 0x00, 0x00, 0x1F,
    0xC0, 0x03, 0xF0, 0x00, 0x00, 0xFD, 0x00, 0x2F, 0x40, 0x00, 0x02, 0x40, 0x01, 0xF4, 0x00, 0x00,
    0x02, 0x00, 0x1F, 0x00, 0x00, 0x00, 0x02, 0x56, 0x90, 0x00, 0x00, 0x00, 0x00, 0x02, 0xFE, 0x00,
    0x0B, 0x00, 0x1F, 0xFF, 0xD0, 0x15, 0x00, 0x30, 0x0B, 0xF4, 0x21, 0x00, 0x80, 0x00, 0xFD, 0x54,
    0x00, 0x40, 0x00, 0x16, 0x80, 0x01, 0x00, 0x00, 0x00, 0x40, 0x01, 0x00, 0x00, 0x01, 0x00, 0x01,
    0x00, 0x00, 0x04, 0x00, 0x00, 0x00, 0x00, 0x04, 0x00, 0x00, 0x00, 0x00, 0x20, 0x00, 0x00, 0x02,
    0xF8, 0x80, 0x01, 0x00, 0x09, 0x07, 0x00, 0x00, 0x00, 0x04, 0x2A, 0xC0, 0x00, 0x00, 0x0F, 0x82,
    0xE0, 0x00, 0x00, 0x00, 0x03, 0xF1, 0x00, 0x00, 0x00, 0x03, 0xF4, 0x00, 0x00, 0x00, 0x0B, 0xD0,
    0x00, 0x00, 0x06, 0xEF, 0xC0, 0x00, 0x00, 0xA4, 0x2F, 0x40, 0x00, 0x06, 0x00, 0x7E, 0x00, 0x00,
    0x24, 0x00, 0xFC, 0x00, 0x00, 0x40, 0x02, 0xF0, 0x00, 0x00, 0x80, 0x0B, 0xC0, 0x00, 0x00, 0x80,
    0x2E, 0x00, 0x00, 0x00, 0x81, 0xF4, 0x00, 0x00, 0x00, 0x3F, 0x40, 0x00, 0x00, 0x00, 0x00, 0x0B,
    0xFC, 0x00, 0x00, 0x00, 0xFF, 0xD0, 0x00, 0x00, 0x1F, 0x4E, 0x00, 0x00, 0x02, 0xF8, 0xB0, 0x00,
    0x00, 0x39, 0xC3, 0x40, 0x00, 0x07, 0x0D, 0x2C, 0x00, 0x00, 0xF0, 0xB1, 0xC0, 0x00, 0x0D, 0x03,
    0x4E, 0x00, 0x01, 0xC0, 0x38, 0xB0, 0x00, 0x38, 0x01, 0xC3, 0x40, 0x03, 0x00, 0x0E, 0x28, 0x00,
    0xBF, 0xFF, 0xF1, 0xC0, 0x0F, 0xFF, 0xFF, 0x4D, 0x01, 0xD0, 0x00, 0x38, 0xB0, 0x2C, 0x00, 0x02,
    0xC3, 0x03, 0x80, 0x00, 0x0E, 0x28, 0x70, 0x00, 0x00, 0xFF, 0xCA, 0x00, 0x00, 0x07, 0xFD, 0x3F,
    0xFF, 0xFE, 0x40, 0xFF, 0xFF, 0xFF, 0x43, 0x4D, 0x02, 0xCF, 0x0D, 0x34, 0x0B, 0x0D, 0x34, 0xD0,
    0x2C, 0x34, 0xD3, 0x40, 0xB0, 0xD3, 0x4D, 0x02, 0xCF, 0x0D, 0x3F, 0xFF, 0xF0, 0x34, 0xFF, 0xFF,
    0x80, 0xD3, 0x40, 0xB7, 0x83, 0x4D, 0x02, 0xC7, 0x0D, 0x34, 0x0B, 0x0D, 0x34, 0xD0, 0x2C, 0x34,
    0xD3, 0x40, 0xB0, 0xD3, 0x4D, 0x02, 0xC7, 0x0D, 0x34, 0x0B, 0x7C, 0x3F, 0xFF, 0xFF, 0xC0, 0xFF,
    0xFF, 0xF8, 0x00, 0x3F, 0xFF, 0xF8, 0x00, 0x0F, 0xFF, 0xFF, 0xE0, 0x03, 0x4D, 0x00, 0xBE, 0x00,
    0xD3, 0x40, 0x0F, 0xE0, 0x34, 0xD0, 0x03, 0x6C, 0x0D, 0x34, 0x00, 0xD3, 0x83, 0x4D, 0x00, 0x34,
    0xB0, 0xD3, 0x40, 0x0D, 0x1C, 0x34, 0xD0, 0x03, 0x47, 0x0D, 0x34, 0x00, 0xD1, 0xC3, 0x4D, 0x00,
    0x34, 0x70, 0xD3, 0x40, 0x0D, 0x2C, 0x34, 0xD0, 0x03, 0x4E, 0x0D, 0x34, 0x00, 0xD7, 0x03, 0x4D,
    0x00, 0x3B, 0x80, 0xD3, 0x40, 0x1F, 0xC0, 0x3F, 0xFF, 0xFF, 0x80, 0x0F, 0xFF, 0xFE, 0x00, 0x00,
    0x3F, 0xFF, 0xFF, 0x3F, 0xFF, 0xFE, 0x34, 0xD0, 0x00, 0x34, 0xD0, 0x00, 0x34, 0xD0, 0x00, 0x34,
    0xD0, 0x00, 0x34, 0xD0, 0x00, 0x34, 0xFF, 0xF8, 0x34, 0xFF, 0xFC, 0x34, 0xD0, 0x00, 0x34, 0xD0,
    0x00, 0x34, 0xD0, 0x00, 0x34, 0xD0, 0x00, 0x34, 0xD0, 0x00, 0x34, 0xD0, 0x00, 0x34, 0xD0, 0x00,
    0x3F, 0xFF, 0xFE, 0x3F, 0xFF, 0xFF, 0x3F, 0xFF, 0xFF, 0x3F, 0xFF, 0xFE, 0x34, 0xD0, 0x00, 0x34,
    0xD0, 0x00, 0x34, 0xD0, 0x00, 0x34, 0xD0, 0x00, 0x34, 0xD0, 0x00, 0x34, 0xFF, 0xF0, 0x34, 0xFF,
    0xF4, 0x34, 0xD0, 0x00, 0x34, 0xD0, 0x00, 0x34, 0xD0, 0x00, 0x34, 0xD0, 0x00, 0x34, 0xD0, 0x00,
    0x34, 0xD0, 0x00, 0x34, 0xD0, 0x00, 0x3F, 0xD0, 0x00, 0x3F, 0xD0, 0x00, 0x00, 0x1B, 0xFE, 0x40,
    0x00, 0xFF, 0xFF, 0xF8, 0x07, 0xE0, 0x00, 0x64, 0x0F, 0xC0, 0x00, 0x00, 0x2D, 0xC0, 0x00, 0x00,
    0x35, 0xC0, 0x00, 0x00, 0x71, 0xC0, 0x00, 0x00, 0xB1, 0xC0, 0x00, 0x00, 0xA1, 0xC0, 0xFF, 0xFC,
    0xA1, 0xC0, 0xBF, 0xFC, 0xB1, 0xC0, 0x07, 0x1C, 0xB1, 0xC0, 0x07, 0x1C, 0x75, 0xC0, 0x07, 0x1C,
    0x3D, 0xC0, 0x07, 0x1C, 0x1F, 0xC0, 0x07, 0x1C, 0x0B, 0xD0, 0x07, 0x6C, 0x02, 0xFF, 0xFF, 0xFC,
    0x00, 0x1B, 0xFF, 0x90, 0x3F, 0xD3, 0xFD, 0x34, 0xD3, 0x4D, 0x34, 0xD3, 0x4D, 0x34, 0xD3, 0x4D,
    0x34, 0xD3, 0x4D, 0x34, 0xD3, 0x4D, 0x34, 0xD3, 0x4D, 0x34, 0xD3, 0x4D, 0x3F, 0xD3, 0xFD, 0x00,
    0xBF, 0x80, 0x2F, 0xE0, 0x0A, 0x28, 0x02, 0x8A, 0x00, 0xA2, 0x80, 0x28, 0xA0, 0x0A, 0x28, 0x02,
    0x8A, 0x00, 0xA2, 0x80, 0x28, 0xA0, 0x0A, 0x28, 0x02, 0x8A, 0x00, 0xA3, 0x80, 0x28, 0xD0, 0x0A,
    0x75, 0x02, 0xFC, 0xFF, 0xFD, 0x1B, 0xF8, 0x00, 0x3F, 0xD0, 0x00, 0xF0, 0x39, 0xD0, 0x03, 0xC0,
    0x34, 0xD0, 0x0F, 0x00, 0x34, 0xD0, 0x3C, 0x00, 0x34, 0xD0, 0xF0, 0x00, 0x34, 0xD3, 0xC0, 0x00,
    0x34, 0xDF, 0x40, 0x00, 0x34, 0xFE, 0xC0, 0x00, 0x34, 0xF4, 0xE0, 0x00, 0x34, 0xF8, 0x70, 0x00,
    0x34, 0xDD, 0x2C, 0x00, 0x34, 0xDB, 0x0D, 0x00, 0x34, 0xD3, 0x87, 0x00, 0x34, 0xD1, 0xC3, 0x80,
    0x34, 0xD0, 0xB1, 0xD0, 0x34, 0xD0, 0x34, 0xB0, 0x39, 0xD0, 0x2D, 0x74, 0x3F, 0xD0, 0x0F, 0xFC,
    0x3F, 0xD0, 0x00, 0x3F, 0xD0, 0x00, 0x34, 0xD0, 0x00, 0x34, 0xD0, 0x00, 0x34, 0xD0, 0x00, 0x34,
    0xD0, 0x00, 0x34, 0xD0, 0x00, 0x34, 0xD0, 0x00, 0x34, 0xD0, 0x00, 0x34, 0xD0, 0x00, 0x34, 0xD0,
    0x00, 0x34, 0xD0, 0x00, 0x34, 0xD0, 0x00, 0x34, 0xD0, 0x00, 0x34, 0xD0, 0x00, 0x34, 0xD0, 0x00,
    0x3F, 0xFF, 0xFE, 0x3F, 0xFF, 0xFF, 0x3F, 0xF0, 0x00, 0x02, 0xFF, 0x3F, 0xF0, 0x00, 0x03, 0xFF,
    0x3C, 0x38, 0x00, 0x03, 0xC7, 0x3E, 0x2C, 0x00, 0x0B, 0xC7, 0x3B, 0x1D, 0x00, 0x0F, 0xC7, 0x37,
    0x4E, 0x00, 0x1E, 0xC7, 0x36, 0xC7, 0x00, 0x2D, 0xC7, 0x35, 0xC3, 0x80, 0x39, 0xC7, 0x34, 0xE2,
    0xC0, 0x75, 0xC7, 0x34, 0xB0, 0xD0, 0xB1, 0xC7, 0x34, 0x34, 0xE0, 0xE1, 0xC7, 0x34, 0x3C, 0x71,
    0xC1, 0xC7, 0x34, 0x1D, 0x36, 0xC1, 0xC7, 0x34, 0x0E, 0x2F, 0x81, 0xC7, 0x34, 0x0B, 0xFF, 0x01,
    0xC7, 0x34, 0x03, 0xFF, 0x01, 0xC7, 0x34, 0x00, 0x00, 0x01, 0xFF, 0x34, 0x00, 0x00, 0x01, 0xFF,
    0x00, 0x2F, 0xFE, 0x00, 0x00, 0x79, 0x01, 0xB4, 0x00, 0xBC, 0x00, 0x0F, 0x80, 0x77, 0x00, 0x03,
    0x74, 0x38, 0xC0, 0x00, 0xCB, 0x0C, 0x30, 0x00, 0x30, 0xCB, 0x0C, 0x00, 0x0C, 0x36, 0x83, 0x00,
    0x03, 0x0A, 0xA0, 0xC0, 0x00, 0xC2, 0xA8, 0x30, 0x00, 0x30, 0xAA, 0x0C, 0x00, 0x0C, 0x29, 0xC3,
    0x00, 0x03, 0x0D, 0x30, 0xC0, 0x00, 0xC3, 0x0D, 0x30, 0x00, 0x32, 0xC1, 0xDC, 0x00, 0x0D, 0xD0,
    0x2F, 0x00, 0x03, 0xE0, 0x01, 0xE4, 0x02, 0xE0, 0x00, 0x0B, 0xFF, 0x80, 0x00, 0x01, 0xBF, 0xE0,
    0x02, 0xFF, 0xFF, 0x41, 0xFB, 0x01, 0x90, 0xF1, 0xC0, 0x00, 0x34, 0x70, 0x00, 0x0D, 0x1C, 0x00,
    0x02, 0xC7, 0x00, 0x00, 0x2E, 0xC0, 0x00, 0x01, 0xF9, 0x00, 0x00, 0x01, 0xF8, 0x00, 0x00, 0x3A,
    0xC0, 0x00, 0x0E, 0x28, 0x00, 0x03, 0x87, 0x00, 0x00, 0xE1, 0xC0, 0x00, 0x38, 0xB0, 0x90, 0x0E,
    0xF4, 0x3F, 0xFF, 0xF8, 0x02, 0xFF, 0xE0, 0x00, 0xFF, 0xFF, 0xFF, 0xFB, 0xFF, 0xFF, 0xFF, 0xE0,
    0x03, 0x8E, 0x00, 0x00, 0x0E, 0x38, 0x00, 0x00, 0x38, 0xE0, 0x00, 0x00, 0xE3, 0x80, 0x00, 0x03,
    0x8E, 0x00, 0x00, 0x0E, 0x38, 0x00, 0x00, 0x38, 0xE0, 0x00, 0x00, 0xE3, 0x80, 0x00, 0x03, 0x8E,
    0x00, 0x00, 0x0E, 0x38, 0x00, 0x00, 0x38, 0xE0, 0x00, 0x00, 0xE3, 0x80, 0x00, 0x03, 0x8E, 0x00,
    0x00, 0x0E, 0x38, 0x00, 0x00, 0x3F, 0xE0, 0x00, 0x00, 0xFF, 0x80, 0x00, 0x7F, 0xC0, 0x00, 0xA7,
    0xFC, 0x00, 0x0A, 0x71, 0xC0, 0x00, 0xA7, 0x1C, 0x00, 0x0A, 0x71, 0xC0, 0x00, 0xA7, 0x1C, 0x00,
    0x0A, 0x71, 0xC0, 0x00, 0xA7, 0x1C, 0x00, 0x0A, 0x71, 0xC0, 0x00, 0xA7, 0x1C, 0x00, 0x0A, 0x71,
    0xC0, 0x00, 0xA3, 0x1C, 0x00, 0x0A, 0x31, 0xC0, 0x00, 0xE3, 0x5C, 0x00, 0x0D, 0x39, 0xC0, 0x02,
    0xC2, 0xEC, 0x00, 0xB8, 0x0F, 0xFF, 0xFF, 0x00, 0x1B, 0xFE, 0x40, 0xBF, 0xC0, 0x00, 0x03, 0x5F,
    0xF4, 0x00, 0x01, 0xC3, 0x4E, 0x00, 0x00, 0xB0, 0xA2, 0xC0, 0x00, 0x34, 0x1C, 0x34, 0x00, 0x1C,
    0x03, 0x4E, 0x00, 0x0B, 0x00, 0xB1, 0xC0, 0x03, 0x40, 0x0C, 0x34, 0x01, 0xC0, 0x03, 0x8B, 0x00,
    0xB0, 0x00, 0x71, 0xC0, 0x38, 0x00, 0x0D, 0x38, 0x1C, 0x00, 0x03, 0x8B, 0x0B, 0x00, 0x00, 0x70,
    0xD3, 0x80, 0x00, 0x0D, 0x39, 0xC0, 0x00, 0x02, 0xC7, 0xB0, 0x00, 0x00, 0x70, 0xF8, 0x00, 0x00,
    0x0F, 0xFD, 0x00, 0x00, 0x02, 0xFF, 0x00, 0x00, 0xFF, 0x80, 0x00, 0x00, 0x00, 0x1C, 0xBF, 0xC0,
    0x03, 0xFD, 0x00, 0x2C, 0x71, 0xC0, 0x07, 0xFE, 0x00, 0x38, 0x30, 0xD0, 0x0B, 0x8B, 0x00, 0x34,
    0x34, 0xE0, 0x0F, 0xC7, 0x00, 0x70, 0x28, 0xB0, 0x0E, 0xC7, 0x00, 0xA0, 0x1C, 0x70, 0x1C, 0xD3,
    0x40, 0xD0, 0x0C, 0x34, 0x2C, 0xE3, 0x80, 0xC0, 0x0D, 0x38, 0x38, 0xB2, 0xC1, 0xC0, 0x0A, 0x28,
    0x34, 0x71, 0xC2, 0x80, 0x07, 0x1C, 0x70, 0x30, 0xD3, 0x40, 0x07, 0x0C, 0xB0, 0x34, 0xD7, 0x00,
    0x03, 0x4D, 0xE0, 0x38, 0xAB, 0x00, 0x03, 0x8A, 0xD0, 0x2C, 0x7E, 0x00, 0x02, 0xC7, 0xC0, 0x1C,
    0x3D, 0x00, 0x01, 0xC3, 0xC0, 0x0D, 0x3C, 0x00, 0x00, 0xFF, 0x80, 0x0F, 0xFC, 0x00, 0x00, 0xFF,
    0x40, 0x0B, 0xF8, 0x00, 0x3F, 0xF0, 0x00, 0x0D, 0x0B, 0x5D, 0x00, 0x0E, 0x00, 0xE1, 0xC0, 0x0B,
    0x00, 0x1C, 0x38, 0x07, 0x40, 0x02, 0xC3, 0x43, 0x80, 0x00, 0x34, 0xB2, 0xC0, 0x00, 0x0B, 0x0E,
    0xD0, 0x00, 0x00, 0xE1, 0xE0, 0x00, 0x00, 0x1D, 0x2C, 0x00, 0x00, 0x02, 0xC3, 0x40, 0x00, 0x00,
    0x78, 0x70, 0x00, 0x00, 0x3F, 0x0E, 0x00, 0x00, 0x2C, 0xF0, 0xD0, 0x00, 0x1D, 0x0D, 0x2C, 0x00,
    0x0E, 0x02, 0xC3, 0x80, 0x0B, 0x00, 0x38, 0x70, 0x07, 0x00, 0x07, 0x5F, 0x03, 0x80, 0x00, 0xBF,
    0xD0, 0xBF, 0xD0, 0x00, 0x0E, 0x3F, 0xF0, 0x00, 0x2C, 0x28, 0x74, 0x00, 0x34, 0x0D, 0x3C, 0x00,
    0xF0, 0x07, 0x0D, 0x01, 0xC0, 0x03, 0x4B, 0x03, 0x80, 0x01, 0xC3, 0x8B, 0x00, 0x00, 0xE1, 0xDD,
    0x00, 0x00, 0x70, 0xF8, 0x00, 0x00, 0x2C, 0x70, 0x00, 0x00, 0x0C, 0x30, 0x00, 0x00, 0x0C, 0x30,
    0x00, 0x00, 0x0C, 0x30, 0x00, 0x00, 0x0C, 0x30, 0x00, 0x00, 0x0C, 0x30, 0x00, 0x00, 0x0C, 0x30,
    0x00, 0x00, 0x0F, 0xF0, 0x00, 0x00, 0x0F, 0xF0, 0x00,
};

static const EpdGlyph notosans_12_regularGlyphs[] = {
    { 0, 0, 0, 0, 0, 0, 0 }, //  
    { 0, 0, 7, 0, 0, 0, 0 }, // 
    { 0, 0, 7, 0, 0, 0, 0 }, //  
    { 4, 19, 7, 1, 18, 19, 0 }, // !
    { 8, 7, 10, 1, 18, 14, 19 }, // "
    { 16, 18, 16, 0, 18, 72, 33 }, // #
    { 12, 21, 14, 1, 19, 63, 105 }, // $
    { 19, 20, 21, 1, 19, 95, 168 }, // %
    { 18, 20, 18, 1, 19, 90, 263 }, // &
    { 3, 7, 6, 1, 18, 6, 353 }, // '
    { 6, 22, 8, 1, 18, 33, 359 }, // (
    { 7, 22, 8, 0, 18, 39, 392 }, // )
    { 12, 12, 14, 1, 19, 36, 431 }, // *
    { 12, 13, 14, 1, 15, 39, 467 }, // +
    { 4, 7, 7, 1, 3, 7, 506 }, // ,
    { 7, 3, 8, 1, 8, 6, 513 }, // -
    { 4, 5, 7, 1, 4, 5, 519 }, // .
    { 10, 18, 9, 0, 18, 45, 524 }, // /
    { 13, 20, 14, 1, 19, 65, 569 }, // 0
    { 7, 18, 14, 2, 18, 32, 634 }, // 1
    { 12, 19, 14, 1, 19, 57, 666 }, // 2
    { 12, 20, 14, 1, 19, 60, 723 }, // 3
    { 14, 18, 14, 0, 18, 63, 783 }, // 4
    { 12, 19, 14, 1, 18, 57, 846 }, // 5
    { 13, 20, 14, 1, 19, 65, 903 }, // 6
    { 13, 18, 14, 1, 18, 59, 968 }, // 7
    { 13, 20, 14, 1, 19, 65, 1027 }, // 8
    { 12, 20, 14, 1, 19, 60, 1092 }, // 9
    { 4, 15, 7, 1, 14, 15, 1152 }, // :
    { 5, 18, 7, 0, 14, 23, 1167 }, // ;
    { 13, 14, 14, 1, 16, 46, 1190 }, // <
    { 12, 8, 14, 1, 13, 24, 1236 }, // =
    { 13, 14, 14, 1, 16, 46, 1260 }, // >
    { 11, 20, 11, 0, 19, 55, 1306 }, // ?
    { 21, 21, 22, 1, 18, 111, 1361 }, // @
    { 16, 18, 16, 0, 18, 72, 1472 }, // A
    { 13, 18, 16, 2, 18, 59, 1544 }, // B
    { 15, 20, 16, 1, 19, 75, 1603 }, // C
    { 15, 18, 18, 2, 18, 68, 1678 }, // D
    { 11, 18, 14, 2, 18, 50, 1746 }, // E
    { 11, 18, 13, 2, 18, 50, 1796 }, // F
    { 16, 20, 18, 1, 19, 80, 1846 }, // G
    { 15, 18, 19, 2, 18, 68, 1926 }, // H
    { 7, 18, 8, 1, 18, 32, 1994 }, // I
    { 7, 23, 7, -2, 18, 41, 2026 }, // J
    { 14, 18, 15, 2, 18, 63, 2067 }, // K
    { 11, 18, 13, 2, 18, 50, 2130 }, // L
    { 19, 18, 23, 2, 18, 86, 2180 }, // M
    { 15, 18, 19, 2, 18, 68, 2266 }, // N
    { 17, 20, 20, 1, 19, 85, 2334 }, // O
    { 12, 18, 15, 2, 18, 54, 2419 }, // P
    { 17, 24, 20, 1, 19, 102, 2473 }, // Q
    { 14, 18, 16, 2, 18, 63, 2575 }, // R
    { 12, 20, 14, 1, 19, 60, 2638 }, // S
    { 14, 18, 14, 0, 18, 63, 2698 }, // T
    { 14, 19, 18, 2, 18, 67, 2761 }, // U
    { 15, 18, 15, 0, 18, 68, 2828 }, // V
    { 23, 18, 23, 0, 18, 104, 2896 }, // W
    { 15, 18, 15, 0, 18, 68, 3000 }, // X
    { 15, 18, 14, 0, 18, 68, 3068 }, // Y
    { 14, 18, 14, 0, 18, 63, 3136 }, // Z
    { 6, 22, 8, 2, 18, 33, 3199 }, // [
    { 10, 18, 9, 0, 18, 45, 3232 }, // <backslash>
    { 7, 22, 8, 0, 18, 39, 3277 }, // ]
    { 14, 12, 14, 0, 18, 42, 3316 }, // ^
    { 13, 2, 11, -1, -2, 7, 3358 }, // _
    { 6, 5, 7, 1, 20, 8, 3365 }, // `
    { 11, 15, 14, 1, 14, 42, 3373 }, // a
    { 12, 20, 15, 2, 19, 60, 3415 }, // b
    { 11, 15, 12, 1, 14, 42, 3475 }, // c
    { 13, 20, 15, 1, 19, 65, 3517 }, // d
    { 12, 15, 14, 1, 14, 45, 3582 }, // e
    { 10, 20, 9, 0, 20, 50, 3627 }, // f
    { 13, 20, 15, 1, 14, 65, 3677 }, // g
    { 12, 19, 15, 2, 19, 57, 3742 }, // h
    { 4, 19, 6, 1, 19, 19, 3799 }, // i
    { 7, 25, 6, -2, 19, 44, 3818 }, // j
    { 12, 19, 13, 2, 19, 57, 3862 }, // k
    { 3, 19, 6, 2, 19, 15, 3919 }, // l
    { 20, 14, 23, 2, 14, 70, 3934 }, // m
    { 12, 14, 15, 2, 14, 42, 4004 }, // n
    { 13, 15, 15, 1, 14, 49, 4046 }, // o
    { 12, 20, 15, 2, 14, 60, 4095 }, // p
    { 13, 20, 15, 1, 14, 65, 4155 }, // q
    { 8, 14, 10, 2, 14, 28, 4220 }, // r
    { 10, 15, 12, 1, 14, 38, 4248 }, // s
    { 9, 18, 9, 0, 17, 41, 4286 }, // t
    { 13, 15, 15, 1, 14, 49, 4327 }, // u
    { 13, 14, 13, 0, 14, 46, 4376 }, // v
    { 20, 14, 20, 0, 14, 70, 4422 }, // w
    { 13, 14, 13, 0, 14, 46, 4492 }, // x
    { 13, 20, 13, 0, 14, 65, 4538 }, // y
    { 11, 14, 12, 0, 14, 39, 4603 }, // z
    { 9, 22, 10, 0, 18, 50, 4642 }, // {
    { 3, 26, 14, 5, 19, 20, 4692 }, // |
    { 9, 22, 10, 0, 18, 50, 4712 }, // }
    { 13, 4, 14, 1, 11, 13, 4762 }, // ~
    { 0, 0, 7, 0, 0, 0, 4775 }, //  
    { 4, 19, 7, 1, 14, 19, 4775 }, // ¡
    { 11, 20, 14, 2, 19, 55, 4794 }, // ¢
    { 14, 19, 14, 0, 19, 67, 4849 }, // £
    { 12, 12, 14, 1, 15, 36, 4916 }, // ¤
    { 14, 18, 14, 0, 18, 63, 4952 }, // ¥
    { 3, 26, 14, 5, 19, 20, 5015 }, // ¦
    { 11, 21, 13, 1, 20, 58, 5035 }, // §
    { 8, 4, 15, 3, 19, 8, 5093 }, // ¨
    { 19, 20, 21, 1, 19, 95, 5101 }, // ©
    { 8, 10, 9, 0, 19, 20, 5196 }, // ª
    { 11, 11, 13, 1, 12, 31, 5216 }, // «
    { 12, 7, 14, 1, 10, 21, 5247 }, // ¬
    { 7, 3, 8, 1, 8, 6, 5268 }, // ­
    { 19, 20, 21, 1, 19, 95, 5274 }, // ®
    { 14, 2, 13, -1, 21, 7, 5369 }, // ¯
    { 9, 9, 11, 1, 19, 21, 5376 }, // °
    { 13, 15, 14, 1, 15, 49, 5397 }, // ±
    { 8, 12, 9, 0, 22, 24, 5446 }, // ²
    { 9, 12, 9, 0, 22, 27, 5470 }, // ³
    { 6, 5, 7, 1, 20, 8, 5497 }, // ´
    { 12, 20, 16, 2, 14, 60, 5505 }, // µ
    { 13, 23, 16, 1, 19, 75, 5565 }, // ¶
    { 4, 5, 7, 1, 11, 5, 5640 }, // ·
    { 6, 6, 6, 0, 0, 9, 5645 }, // ¸
    { 6, 12, 9, 0, 22, 18, 5654 }, // ¹
    { 9, 10, 9, 0, 19, 23, 5672 }, // º
    { 12, 11, 13, 0, 12, 33, 5695 }, // »
    { 19, 18, 19, 0, 18, 86, 5728 }, // ¼
    { 19, 18, 19, 0, 18, 86, 5814 }, // ½
    { 20, 19, 20, 0, 19, 95, 5900 }, // ¾
    { 11, 19, 11, 0, 14, 53, 5995 }, // ¿
    { 16, 24, 16, 0, 24, 96, 6048 }, // À
    { 16, 24, 16, 0, 24, 96, 6144 }, // Á
    { 16, 24, 16, 0, 24, 96, 6240 }, // Â
    { 16, 23, 16, 0, 23, 92, 6336 }, // Ã
    { 16, 23, 16, 0, 23, 92, 6428 }, // Ä
    { 16, 23, 16, 0, 23, 92, 6520 }, // Å
    { 22, 18, 22, -1, 18, 99, 6612 }, // Æ
    { 15, 25, 16, 1, 19, 94, 6711 }, // Ç
    { 11, 24, 14, 2, 24, 66, 6805 }, // È
    { 11, 24, 14, 2, 24, 66, 6871 }, // É
    { 11, 24, 14, 2, 24, 66, 6937 }, // Ê
    { 11, 23, 14, 2, 23, 64, 7003 }, // Ë
    { 7, 24, 8, 1, 24, 42, 7067 }, // Ì
    { 7, 24, 8, 1, 24, 42, 7109 }, // Í
    { 9, 24, 8, 0, 24, 54, 7151 }, // Î
    { 8, 23, 8, 0, 23, 46, 7205 }, // Ï
    { 17, 18, 18, 0, 18, 77, 7251 }, // Ð
    { 15, 23, 19, 2, 23, 87, 7328 }, // Ñ
    { 17, 25, 20, 1, 24, 107, 7415 }, // Ò
    { 17, 25, 20, 1, 24, 107, 7522 }, // Ó
    { 17, 25, 20, 1, 24, 107, 7629 }, // Ô
    { 17, 24, 20, 1, 23, 102, 7736 }, // Õ
    { 17, 24, 20, 1, 23, 102, 7838 }, // Ö
    { 12, 12, 14, 1, 15, 36, 7940 }, // ×
    { 17, 20, 20, 1, 19, 85, 7976 }, // Ø
    { 14, 25, 18, 2, 24, 88, 8061 }, // Ù
    { 14, 25, 18, 2, 24, 88, 8149 }, // Ú
    { 14, 25, 18, 2, 24, 88, 8237 }, // Û
    { 14, 24, 18, 2, 23, 84, 8325 }, // Ü
    { 15, 24, 14, 0, 24, 90, 8409 }, // Ý
    { 12, 18, 15, 2, 18, 54, 8499 }, // Þ
    { 13, 21, 16, 2, 20, 69, 8553 }, // ß
    { 11, 21, 14, 1, 20, 58, 8622 }, // à
    { 11, 21, 14, 1, 20, 58, 8680 }, // á
    { 11, 21, 14, 1, 20, 58, 8738 }, // â
    { 11, 20, 14, 1, 19, 55, 8796 }, // ã
    { 11, 20, 14, 1, 19, 55, 8851 }, // ä
    { 11, 22, 14, 1, 21, 61, 8906 }, // å
    { 20, 15, 22, 1, 14, 75, 8967 }, // æ
    { 11, 20, 12, 1, 14, 55, 9042 }, // ç
    { 12, 21, 14, 1, 20, 63, 9097 }, // è
    { 12, 21, 14, 1, 20, 63, 9160 }, // é
    { 12, 21, 14, 1, 20, 63, 9223 }, // ê
    { 12, 20, 14, 1, 19, 60, 9286 }, // ë
    { 6, 20, 6, -1, 20, 30, 9346 }, // ì
    { 6, 20, 6, 1, 20, 30, 9376 }, // í
    { 9, 20, 6, -1, 20, 45, 9406 }, // î
    { 8, 19, 6, -1, 19, 38, 9451 }, // ï
    { 13, 21, 15, 1, 20, 69, 9489 }, // ð
    { 12, 19, 15, 2, 19, 57, 9558 }, // ñ
    { 13, 21, 15, 1, 20, 69, 9615 }, // ò
    { 13, 21, 15, 1, 20, 69, 9684 }, // ó
    { 13, 21, 15, 1, 20, 69, 9753 }, // ô
    { 13, 20, 15, 1, 19, 65, 9822 }, // õ
    { 13, 20, 15, 1, 19, 65, 9887 }, // ö
    { 13, 12, 14, 1, 15, 39, 9952 }, // ÷
    { 13, 16, 15, 1, 15, 52, 9991 }, // ø
    { 13, 21, 15, 1, 20, 69, 10043 }, // ù
    { 13, 21, 15, 1, 20, 69, 10112 }, // ú
    { 13, 21, 15, 1, 20, 69, 10181 }, // û
    { 13, 20, 15, 1, 19, 65, 10250 }, // ü
    { 13, 26, 13, 0, 20, 85, 10315 }, // ý
    { 12, 25, 15, 2, 19, 75, 10400 }, // þ
    { 13, 25, 13, 0, 19, 82, 10475 }, // ÿ
    { 16, 21, 16, 0, 21, 84, 10557 }, // Ā
    { 11, 18, 14, 1, 17, 50, 10641 }, // ā
    { 16, 23, 16, 0, 23, 92, 10691 }, // Ă
    { 11, 20, 14, 1, 19, 55, 10783 }, // ă
    { 16, 24, 16, 0, 18, 96, 10838 }, // Ą
    { 12, 20, 14, 1, 14, 60, 10934 }, // ą
    { 15, 25, 16, 1, 24, 94, 10994 }, // Ć
    { 11, 21, 12, 1, 20, 58, 11088 }, // ć
    { 15, 25, 16, 1, 24, 94, 11146 }, // Ĉ
    { 11, 21, 12, 1, 20, 58, 11240 }, // ĉ
    { 15, 24, 16, 1, 23, 90, 11298 }, // Ċ
    { 11, 20, 12, 1, 19, 55, 11388 }, // ċ
    { 15, 25, 16, 1, 24, 94, 11443 }, // Č
    { 11, 21, 12, 1, 20, 58, 11537 }, // č
    { 15, 24, 18, 2, 24, 90, 11595 }, // Ď
    { 17, 20, 15, 1, 19, 85, 11685 }, // ď
    { 17, 18, 18, 0, 18, 77, 11770 }, // Đ
    { 15, 20, 15, 1, 19, 75, 11847 }, // đ
    { 11, 21, 14, 2, 21, 58, 11922 }, // Ē
    { 12, 18, 14, 1, 17, 54, 11980 }, // ē
    { 11, 23, 14, 2, 23, 64, 12034 }, // Ĕ
    { 12, 20, 14, 1, 19, 60, 12098 }, // ĕ
    { 11, 23, 14, 2, 23, 64, 12158 }, // Ė
    { 12, 20, 14, 1, 19, 60, 12222 }, // ė
    { 11, 24, 14, 2, 18, 66, 12282 }, // Ę
    { 12, 20, 14, 1, 14, 60, 12348 }, // ę
    { 11, 24, 14, 2, 24, 66, 12408 }, // Ě
    { 12, 21, 14, 1, 20, 63, 12474 }, // ě
    { 16, 25, 18, 1, 24, 100, 12537 }, // Ĝ
    { 13, 26, 15, 1, 20, 85, 12637 }, // ĝ
    { 16, 24, 18, 1, 23, 96, 12722 }, // Ğ
    { 13, 25, 15, 1, 19, 82, 12818 }, // ğ
    { 16, 24, 18, 1, 23, 96, 12900 }, // Ġ
    { 13, 25, 15, 1, 19, 82, 12996 }, // ġ
    { 16, 25, 18, 1, 19, 100, 13078 }, // Ģ
    { 13, 26, 15, 1, 20, 85, 13178 }, // ģ
    { 15, 24, 19, 2, 24, 90, 13263 }, // Ĥ
    { 15, 26, 15, -1, 26, 98, 13353 }, // ĥ
    { 19, 18, 19, 0, 18, 86, 13451 }, // Ħ
    { 14, 19, 15, 0, 19, 67, 13537 }, // ħ
    { 10, 23, 8, -1, 23, 58, 13604 }, // Ĩ
    { 10, 19, 6, -2, 19, 48, 13662 }, // ĩ
    { 8, 21, 8, 0, 21, 42, 13710 }, // Ī
    { 8, 17, 6, -1, 17, 34, 13752 }, // ī
    { 9, 23, 8, 0, 23, 52, 13786 }, // Ĭ
    { 9, 19, 6, -1, 19, 43, 13838 }, // ĭ
    { 7, 24, 8, 1, 18, 42, 13881 }, // Į
    { 5, 25, 6, 0, 19, 32, 13923 }, // į
    { 7, 23, 8, 1, 23, 41, 13955 }, // İ
    { 3, 14, 6, 2, 14, 11, 13996 }, // ı
    { 13, 23, 15, 1, 18, 75, 14007 }, // Ĳ
    { 10, 25, 13, 1, 19, 63, 14082 }, // ĳ
    { 10, 29, 7, -2, 24, 73, 14145 }, // Ĵ
    { 10, 26, 6, -2, 20, 65, 14218 }, // ĵ
    { 14, 24, 15, 2, 18, 84, 14283 }, // Ķ
    { 12, 25, 13, 2, 19, 75, 14367 }, // ķ
    { 12, 14, 13, 2, 14, 42, 14442 }, // ĸ
    { 11, 24, 13, 2, 24, 66, 14484 }, // Ĺ
    { 6, 26, 6, 1, 26, 39, 14550 }, // ĺ
    { 11, 24, 13, 2, 18, 66, 14589 }, // Ļ
    { 4, 25, 6, 1, 19, 25, 14655 }, // ļ
    { 11, 18, 13, 2, 18, 50, 14680 }, // Ľ
    { 7, 19, 6, 2, 19, 34, 14730 }, // ľ
    { 11, 18, 13, 2, 18, 50, 14764 }, // Ŀ
    { 6, 19, 7, 2, 19, 29, 14814 }, // ŀ
    { 13, 18, 13, 0, 18, 59, 14843 }, // Ł
    { 8, 19, 6, -1, 19, 38, 14902 }, // ł
    { 15, 24, 19, 2, 24, 90, 14940 }, // Ń
    { 12, 20, 15, 2, 20, 60, 15030 }, // ń
    { 15, 24, 19, 2, 18, 90, 15090 }, // Ņ
    { 12, 20, 15, 2, 14, 60, 15180 }, // ņ
    { 15, 24, 19, 2, 24, 90, 15240 }, // Ň
    { 12, 20, 15, 2, 20, 60, 15330 }, // ň
    { 16, 18, 17, 0, 18, 72, 15390 }, // ŉ
    { 15, 23, 19, 2, 18, 87, 15462 }, // Ŋ
    { 12, 20, 15, 2, 14, 60, 15549 }, // ŋ
    { 17, 22, 20, 1, 21, 94, 15609 }, // Ō
    { 13, 18, 15, 1, 17, 59, 15703 }, // ō
    { 17, 24, 20, 1, 23, 102, 15762 }, // Ŏ
    { 13, 20, 15, 1, 19, 65, 15864 }, // ŏ
    { 17, 25, 20, 1, 24, 107, 15929 }, // Ő
    { 13, 21, 15, 1, 20, 69, 16036 }, // ő
    { 21, 20, 23, 1, 19, 105, 16105 }, // Œ
    { 22, 15, 24, 1, 14, 83, 16210 }, // œ
    { 14, 24, 16, 2, 24, 84, 16293 }, // Ŕ
    { 8, 20, 10, 2, 20, 40, 16377 }, // ŕ
    { 14, 24, 16, 2, 18, 84, 16417 }, // Ŗ
    { 9, 20, 10, 1, 14, 45, 16501 }, // ŗ
    { 14, 24, 16, 2, 24, 84, 16546 }, // Ř
    { 10, 20, 10, 1, 20, 50, 16630 }, // ř
    { 12, 25, 14, 1, 24, 75, 16680 }, // Ś
    { 10, 21, 12, 1, 20, 53, 16755 }, // ś
    { 12, 25, 14, 1, 24, 75, 16808 }, // Ŝ
    { 10, 21, 12, 1, 20, 53, 16883 }, // ŝ
    { 12, 25, 14, 1, 19, 75, 16936 }, // Ş
    { 10, 20, 12, 1, 14, 50, 17011 }, // ş
    { 12, 25, 14, 1, 24, 75, 17061 }, // Š
    { 10, 21, 12, 1, 20, 53, 17136 }, // š
    { 14, 24, 14, 0, 18, 84, 17189 }, // Ţ
    { 9, 23, 9, 0, 17, 52, 17273 }, // ţ
    { 14, 24, 14, 0, 24, 84, 17325 }, // Ť
    { 12, 20, 9, 0, 19, 60, 17409 }, // ť
    { 14, 18, 14, 0, 18, 63, 17469 }, // Ŧ
    { 9, 18, 9, 0, 17, 41, 17532 }, // ŧ
    { 14, 24, 18, 2, 23, 84, 17573 }, // Ũ
    { 13, 20, 15, 1, 19, 65, 17657 }, // ũ
    { 14, 22, 18, 2, 21, 77, 17722 }, // Ū
    { 13, 18, 15, 1, 17, 59, 17799 }, // ū
    { 14, 24, 18, 2, 23, 84, 17858 }, // Ŭ
    { 13, 20, 15, 1, 19, 65, 17942 }, // ŭ
    { 14, 26, 18, 2, 25, 91, 18007 }, // Ů
    { 13, 22, 15, 1, 21, 72, 18098 }, // ů
    { 14, 25, 18, 2, 24, 88, 18170 }, // Ű
    { 13, 21, 15, 1, 20, 69, 18258 }, // ű
    { 14, 24, 18, 2, 18, 84, 18327 }, // Ų
    { 13, 20, 15, 1, 14, 65, 18411 }, // ų
    { 23, 24, 23, 0, 24, 138, 18476 }, // Ŵ
    { 20, 20, 20, 0, 20, 100, 18614 }, // ŵ
    { 15, 24, 14, 0, 24, 90, 18714 }, // Ŷ
    { 13, 26, 13, 0, 20, 85, 18804 }, // ŷ
    { 15, 23, 14, 0, 23, 87, 18889 }, // Ÿ
    { 14, 24, 14, 0, 24, 84, 18976 }, // Ź
    { 11, 20, 12, 0, 20, 55, 19060 }, // ź
    { 14, 23, 14, 0, 23, 81, 19115 }, // Ż
    { 11, 19, 12, 0, 19, 53, 19196 }, // ż
    { 14, 24, 14, 0, 24, 84, 19249 }, // Ž
    { 11, 20, 12, 0, 20, 55, 19333 }, // ž
    { 8, 20, 8, 2, 20, 40, 19388 }, // ſ
    { 6, 5, 0, -13, 20, 8, 19428 }, // ̀
    { 6, 5, 0, -9, 20, 8, 19436 }, // ́
    { 10, 5, 0, -5, 20, 13, 19444 }, // ̂
    { 10, 4, 0, -13, 19, 10, 19457 }, // ̃
    { 8, 2, 0, -4, 17, 4, 19467 }, // ̄
    { 12, 3, 0, -6, 22, 9, 19471 }, // ̅
    { 8, 4, 0, -4, 19, 8, 19480 }, // ̆
    { 4, 4, 0, -2, 19, 4, 19488 }, // ̇
    { 8, 4, 0, -4, 19, 8, 19492 }, // ̈
    { 6, 7, 0, -10, 21, 11, 19500 }, // ̉
    { 6, 6, 0, -3, 21, 9, 19511 }, // ̊
    { 10, 5, 0, -4, 20, 13, 19520 }, // ̋
    { 10, 5, 0, -5, 20, 13, 19533 }, // ̌
    { 2, 5, 0, -1, 19, 3, 19546 }, // ̍
    { 6, 5, 0, -3, 19, 8, 19549 }, // ̎
    { 10, 5, 0, -13, 20, 13, 19557 }, // ̏
    { 8, 7, 0, -4, 22, 14, 19570 }, // ̐
    { 8, 4, 0, -4, 19, 8, 19584 }, // ̑
    { 4, 7, 0, -2, 18, 7, 19592 }, // ̒
    { 4, 7, 0, -2, 18, 7, 19599 }, // ̓
    { 4, 7, 0, -2, 18, 7, 19606 }, // ̔
    { 4, 7, 0, -2, 18, 7, 19613 }, // ̕
    { 6, 5, 0, -3, 0, 8, 19620 }, // ̖
    { 6, 5, 0, -3, 0, 8, 19628 }, // ̗
    { 6, 6, 0, -3, 0, 9, 19636 }, // ̘
    { 6, 6, 0, -3, 0, 9, 19645 }, // ̙
    { 7, 6, 8, 0, 19, 11, 19654 }, // ̚
    { 6, 6, 0, -3, 19, 9, 19665 }, // ̛
    { 4, 6, 0, -2, 0, 6, 19674 }, // ̜
    { 6, 5, 0, -3, -1, 8, 19680 }, // ̝
    { 6, 5, 0, -3, -1, 8, 19688 }, // ̞
    { 6, 6, 0, -3, 0, 9, 19696 }, // ̟
    { 6, 3, 0, -3, -2, 5, 19705 }, // ̠
    { 5, 8, 0, -5, 2, 10, 19710 }, // ̡
    { 5, 8, 0, 0, 2, 10, 19720 }, // ̢
    { 3, 4, 0, -9, -1, 3, 19730 }, // ̣
    { 8, 4, 0, -4, -1, 8, 19733 }, // ̤
    { 6, 6, 0, -3, 0, 9, 19741 }, // ̥
    { 4, 5, 0, -2, -1, 5, 19750 }, // ̦
    { 6, 6, 0, -3, 0, 9, 19755 }, // ̧
    { 6, 7, 0, -3, 1, 11, 19764 }, // ̨
    { 2, 5, 0, -1, -1, 3, 19775 }, // ̩
    { 10, 5, 0, -5, -1, 13, 19778 }, // ̪
    { 10, 4, 0, -5, -1, 10, 19791 }, // ̫
    { 10, 5, 0, -5, 0, 13, 19801 }, // ̬
    { 10, 5, 0, -5, 0, 13, 19814 }, // ̭
    { 8, 4, 0, -4, -1, 8, 19827 }, // ̮
    { 8, 4, 0, -4, -1, 8, 19835 }, // ̯
    { 10, 4, 0, -5, -1, 10, 19843 }, // ̰
    { 8, 2, 0, -4, -2, 4, 19853 }, // ̱
    { 12, 2, 0, -6, -2, 6, 19857 }, // ̲
    { 12, 6, 0, -6, 0, 18, 19863 }, // ̳
    { 10, 4, 0, -5, 9, 10, 19881 }, // ̴
    { 12, 3, 0, -6, 9, 9, 19891 }, // ̵
    { 18, 2, 0, -9, 8, 9, 19900 }, // ̶
    { 8, 6, 0, -4, 10, 12, 19909 }, // ̷
    { 10, 21, 0, -5, 19, 53, 19921 }, // ̸
    { 4, 6, 0, -2, 0, 6, 19974 }, // ̹
    { 10, 5, 0, -5, -1, 13, 19980 }, // ̺
    { 10, 6, 0, -5, 0, 15, 19993 }, // ̻
    { 10, 4, 0, -5, -1, 10, 20008 }, // ̼
    { 6, 6, 0, -3, 20, 9, 20018 }, // ̽
    { 4, 8, 0, -2, 22, 8, 20027 }, // ̾
    { 12, 6, 0, -6, 25, 18, 20035 }, // ̿
    { 6, 5, 0, -4, 20, 8, 20053 }, // ̀
    { 6, 5, 0, -1, 20, 8, 20061 }, // ́
    { 10, 4, 0, -5, 19, 10, 20069 }, // ͂
    { 4, 5, 0, -2, 20, 5, 20079 }, // ̓
    { 9, 5, 0, -4, 20, 12, 20084 }, // ̈́
    { 4, 4, 0, -1, -2, 4, 20096 }, // ͅ
    { 12, 6, 0, -6, 20, 18, 20100 }, // ͆
    { 12, 6, 0, -6, 0, 18, 20118 }, // ͇
    { 6, 5, 0, -3, -1, 8, 20136 }, // ͈
    { 6, 5, 0, -3, -1, 8, 20144 }, // ͉
    { 10, 6, 0, -5, 20, 15, 20152 }, // ͊
    { 10, 10, 0, -5, 24, 25, 20167 }, // ͋
    { 10, 7, 0, -5, 22, 18, 20192 }, // ͌
    { 10, 6, 0, -5, 0, 15, 20210 }, // ͍
    { 6, 6, 0, -3, 0, 9, 20225 }, // ͎
    { 18, 18, 0, -9, 18, 81, 20234 }, // ͏
    { 5, 6, 0, -3, 20, 8, 20315 }, // ͐
    { 4, 6, 0, -2, 21, 6, 20323 }, // ͑
    { 8, 6, 0, -4, 21, 12, 20329 }, // ͒
    { 6, 6, 0, -3, 0, 9, 20341 }, // ͓
    { 5, 5, 0, -3, -1, 7, 20350 }, // ͔
    { 5, 5, 0, -3, -1, 7, 20357 }, // ͕
    { 10, 5, 0, -5, -1, 13, 20364 }, // ͖
    { 4, 6, 0, -2, 21, 6, 20377 }, // ͗
    { 3, 4, 0, 3, 19, 3, 20383 }, // ͘
    { 6, 6, 0, -3, 0, 9, 20386 }, // ͙
    { 10, 6, 0, -5, 0, 15, 20395 }, // ͚
    { 6, 6, 0, -3, 20, 9, 20410 }, // ͛
    { 20, 5, 0, -10, -1, 25, 20419 }, // ͜
    { 20, 5, 0, -10, 19, 25, 20444 }, // ͝
    { 16, 2, 0, -8, 17, 8, 20469 }, // ͞
    { 16, 2, 0, -8, -2, 8, 20477 }, // ͟
    { 20, 4, 0, -10, 19, 20, 20485 }, // ͠
    { 20, 6, 0, -10, 22, 30, 20505 }, // ͡
    { 21, 6, 0, -10, 0, 32, 20535 }, // ͢
    { 6, 6, 0, -3, 21, 9, 20567 }, // ͣ
    { 6, 6, 0, -3, 21, 9, 20576 }, // ͤ
    { 2, 8, 0, -1, 23, 4, 20585 }, // ͥ
    { 7, 6, 0, -3, 21, 11, 20589 }, // ͦ
    { 6, 6, 0, -3, 21, 9, 20600 }, // ͧ
    { 5, 6, 0, -2, 21, 8, 20609 }, // ͨ
    { 6, 9, 0, -3, 24, 14, 20617 }, // ͩ
    { 6, 9, 0, -3, 24, 14, 20631 }, // ͪ
    { 10, 6, 0, -5, 21, 15, 20645 }, // ͫ
    { 5, 6, 0, -2, 21, 8, 20660 }, // ͬ
    { 5, 8, 0, -2, 23, 10, 20668 }, // ͭ
    { 7, 6, 0, -3, 21, 11, 20678 }, // ͮ
    { 7, 6, 0, -3, 21, 11, 20689 }, // ͯ
    { 8, 18, 11, 2, 18, 36, 20700 }, // Ͱ
    { 7, 14, 9, 2, 14, 25, 20736 }, // ͱ
    { 14, 18, 16, 1, 18, 63, 20761 }, // Ͳ
    { 13, 19, 16, 2, 19, 62, 20824 }, // ͳ
    { 5, 6, 4, 0, 20, 8, 20886 }, // ʹ
    { 5, 5, 4, -1, 1, 7, 20894 }, // ͵
    { 15, 18, 19, 2, 18, 68, 20901 }, // Ͷ
    { 12, 14, 16, 2, 14, 42, 20969 }, // ͷ
    { 4, 4, 6, 2, -2, 4, 21011 }, // ͺ
    { 11, 15, 12, 0, 14, 42, 21015 }, // ͻ
    { 11, 15, 12, 1, 14, 42, 21057 }, // ͼ
    { 11, 15, 12, 0, 14, 42, 21099 }, // ͽ
    { 5, 18, 7, 0, 14, 23, 21141 }, // ;
    { 7, 23, 7, -2, 18, 41, 21164 }, // Ϳ
    { 4, 5, 6, 1, 20, 5, 21205 }, // ΄
    { 10, 5, 16, 3, 20, 13, 21210 }, // ΅
    { 18, 18, 18, 0, 18, 81, 21223 }, // Ά
    { 4, 5, 7, 1, 15, 5, 21304 }, // ·
    { 17, 18, 18, 0, 18, 77, 21309 }, // Έ
    { 21, 18, 23, 0, 18, 95, 21386 }, // Ή
    { 13, 18, 13, 0, 18, 59, 21481 }, // Ί
    { 21, 20, 22, 0, 19, 105, 21540 }, // Ό
    { 20, 18, 20, 0, 18, 90, 21645 }, // Ύ
    { 21, 19, 21, 0, 19, 100, 21735 }, // Ώ
    { 10, 21, 8, -1, 20, 53, 21835 }, // ΐ
    { 16, 18, 16, 0, 18, 72, 21888 }, // Α
    { 13, 18, 16, 2, 18, 59, 21960 }, // Β
    { 10, 18, 12, 2, 18, 45, 22019 }, // Γ
    { 16, 18, 16, 0, 18, 72, 22064 }, // Δ
    { 11, 18, 14, 2, 18, 50, 22136 }, // Ε
    { 14, 18, 14, 0, 18, 63, 22186 }, // Ζ
    { 15, 18, 19, 2, 18, 68, 22249 }, // Η
    { 17, 20, 20, 1, 19, 85, 22317 }, // Θ
    { 7, 18, 8, 1, 18, 32, 22402 }, // Ι
    { 14, 18, 15, 2, 18, 63, 22434 }, // Κ
    { 16, 18, 15, 0, 18, 72, 22497 }, // Λ
    { 19, 18, 23, 2, 18, 86, 22569 }, // Μ
    { 15, 18, 19, 2, 18, 68, 22655 }, // Ν
    { 14, 18, 16, 1, 18, 63, 22723 }, // Ξ
    { 17, 20, 20, 1, 19, 85, 22786 }, // Ο
    { 14, 18, 18, 2, 18, 63, 22871 }, // Π
    { 12, 18, 15, 2, 18, 54, 22934 }, // Ρ
    { 14, 18, 14, 0, 18, 63, 22988 }, // Σ
    { 14, 18, 14, 0, 18, 63, 23051 }, // Τ
    { 15, 18, 14, 0, 18, 68, 23114 }, // Υ
    { 19, 18, 21, 1, 18, 86, 23182 }, // Φ
    { 15, 18, 15, 0, 18, 68, 23268 }, // Χ
    { 17, 18, 21, 2, 18, 77, 23336 }, // Ψ
    { 18, 19, 18, 0, 19, 86, 23413 }, // Ω
    { 8, 23, 8, 0, 23, 46, 23499 }, // Ϊ
    { 15, 23, 14, 0, 23, 87, 23545 }, // Ϋ
    { 15, 21, 16, 1, 20, 79, 23632 }, // ά
    { 10, 21, 12, 1, 20, 53, 23711 }, // έ
    { 12, 26, 15, 2, 20, 78, 23764 }, // ή
    { 6, 21, 8, 2, 20, 32, 23842 }, // ί
    { 13, 21, 15, 1, 20, 69, 23874 }, // ΰ
    { 15, 15, 16, 1, 14, 57, 23943 }, // α
    { 12, 26, 15, 2, 20, 78, 24000 }, // β
    { 13, 20, 13, 0, 14, 65, 24078 }, // γ
    { 13, 21, 15, 1, 20, 69, 24143 }, // δ
    { 10, 15, 12, 1, 14, 38, 24212 }, // ε
    { 11, 25, 12, 1, 19, 69, 24250 }, // ζ
    { 12, 20, 15, 2, 14, 60, 24319 }, // η
    { 13, 21, 15, 1, 20, 69, 24379 }, // θ
    { 6, 15, 8, 2, 14, 23, 24448 }, // ι
    { 12, 14, 13, 2, 14, 42, 24471 }, // κ
    { 13, 21, 13, 0, 20, 69, 24513 }, // λ
    { 14, 20, 16, 2, 14, 70, 24582 }, // μ
    { 13, 14, 13, 0, 14, 46, 24652 }, // ν
    { 11, 25, 12, 1, 19, 69, 24698 }, // ξ
    { 13, 15, 15, 1, 14, 49, 24767 }, // ο
    { 16, 15, 16, 0, 14, 60, 24816 }, // π
    { 13, 20, 15, 1, 14, 65, 24876 }, // ρ
    { 11, 20, 12, 1, 14, 55, 24941 }, // ς
    { 14, 15, 15, 1, 14, 53, 24996 }, // σ
    { 12, 15, 12, 0, 14, 45, 25049 }, // τ
    { 13, 15, 15, 1, 14, 49, 25094 }, // υ
    { 16, 25, 18, 1, 19, 100, 25143 }, // φ
    { 15, 20, 15, 0, 14, 75, 25243 }, // χ
    { 16, 25, 19, 1, 19, 100, 25318 }, // ψ
    { 18, 15, 20, 1, 14, 68, 25418 }, // ω
    { 9, 20, 8, -1, 19, 45, 25486 }, // ϊ
    { 13, 20, 15, 1, 19, 65, 25531 }, // ϋ
    { 13, 21, 15, 1, 20, 69, 25596 }, // ό
    { 13, 21, 15, 1, 20, 69, 25665 }, // ύ
    { 18, 21, 20, 1, 20, 95, 25734 }, // ώ
    { 14, 24, 15, 2, 18, 84, 25829 }, // Ϗ
    { 13, 21, 16, 2, 20, 69, 25913 }, // ϐ
    { 16, 21, 16, 0, 20, 84, 25982 }, // ϑ
    { 15, 18, 15, 0, 18, 68, 26066 }, // ϒ
    { 20, 18, 20, 0, 18, 90, 26134 }, // ϓ
    { 15, 23, 15, 0, 23, 87, 26224 }, // ϔ
    { 16, 25, 18, 1, 19, 100, 26311 }, // ϕ
    { 21, 15, 21, 0, 14, 79, 26411 }, // ϖ
    { 12, 19, 13, 2, 14, 57, 26490 }, // ϗ
    { 17, 19, 19, 1, 19, 81, 26547 }, // Ϙ
    { 13, 20, 15, 1, 14, 65, 26628 }, // ϙ
    { 15, 19, 16, 1, 19, 72, 26693 }, // Ϛ
    { 11, 20, 12, 1, 14, 55, 26765 }, // ϛ
    { 11, 18, 13, 2, 18, 50, 26820 }, // Ϝ
    { 11, 20, 13, 2, 14, 55, 26870 }, // ϝ
    { 13, 20, 12, -1, 19, 65, 26925 }, // Ϟ
    { 12, 26, 14, 1, 20, 78, 26990 }, // ϟ
    { 15, 19, 15, -1, 19, 72, 27068 }, // Ϡ
    { 15, 26, 13, -3, 20, 98, 27140 }, // ϡ
    { 17, 15, 17, 0, 14, 64, 27238 }, // ϰ
    { 13, 20, 15, 1, 14, 65, 27302 }, // ϱ
    { 11, 15, 12, 1, 14, 42, 27367 }, // ϲ
    { 7, 25, 6, -2, 19, 44, 27409 }, // ϳ
    { 17, 20, 20, 1, 19, 85, 27453 }, // ϴ
    { 11, 15, 12, 1, 14, 42, 27538 }, // ϵ
    { 11, 15, 12, 0, 14, 42, 27580 }, // ϶
    { 12, 18, 15, 2, 18, 54, 27622 }, // Ϸ
    { 12, 25, 15, 2, 19, 75, 27676 }, // ϸ
    { 15, 20, 16, 1, 19, 75, 27751 }, // Ϲ
    { 19, 18, 23, 2, 18, 86, 27826 }, // Ϻ
    { 15, 20, 18, 2, 14, 75, 27912 }, // ϻ
    { 14, 20, 15, 0, 14, 70, 27987 }, // ϼ
    { 15, 20, 16, 0, 19, 75, 28057 }, // Ͻ
    { 15, 20, 16, 1, 19, 75, 28132 }, // Ͼ
    { 15, 20, 16, 0, 19, 75, 28207 }, // Ͽ
    { 11, 24, 14, 2, 24, 66, 28282 }, // Ѐ
    { 11, 23, 14, 2, 23, 64, 28348 }, // Ё
    { 17, 19, 18, 0, 18, 81, 28412 }, // Ђ
    { 11, 24, 13, 2, 24, 66, 28493 }, // Ѓ
    { 14, 20, 16, 1, 19, 70, 28559 }, // Є
    { 12, 20, 14, 1, 19, 60, 28629 }, // Ѕ
    { 3, 18, 7, 2, 18, 14, 28689 }, // І
    { 7, 23, 7, 0, 23, 41, 28703 }, // Ї
    { 7, 23, 7, -2, 18, 41, 28744 }, // Ј
    { 24, 19, 25, 0, 18, 114, 28785 }, // Љ
    { 23, 18, 26, 2, 18, 104, 28899 }, // Њ
    { 17, 18, 18, 0, 18, 77, 29003 }, // Ћ
    { 14, 24, 16, 2, 24, 84, 29080 }, // Ќ
    { 15, 24, 19, 2, 24, 90, 29164 }, // Ѝ
    { 16, 24, 15, 0, 23, 96, 29254 }, // Ў
    { 14, 22, 18, 2, 18, 77, 29350 }, // Џ
    { 16, 18, 16, 0, 18, 72, 29427 }, // А
    { 13, 18, 15, 2, 18, 59, 29499 }, // Б
    { 13, 18, 16, 2, 18, 59, 29558 }, // В
    { 11, 18, 13, 2, 18, 50, 29617 }, // Г
    { 18, 22, 18, 0, 18, 99, 29667 }, // Д
    { 11, 18, 14, 2, 18, 50, 29766 }, // Е
    { 23, 18, 23, 0, 18, 104, 29816 }, // Ж
    { 13, 20, 14, 0, 19, 65, 29920 }, // З
    { 15, 18, 19, 2, 18, 68, 29985 }, // И
    { 15, 23, 19, 2, 23, 87, 30053 }, // Й
    { 14, 18, 16, 2, 18, 63, 30140 }, // К
    { 16, 19, 17, 0, 18, 76, 30203 }, // Л
    { 19, 18, 23, 2, 18, 86, 30279 }, // М
    { 15, 18, 19, 2, 18, 68, 30365 }, // Н
    { 17, 20, 19, 1, 19, 85, 30433 }, // О
    { 14, 18, 18, 2, 18, 63, 30518 }, // П
    { 12, 18, 15, 2, 18, 54, 30581 }, // Р
    { 14, 20, 16, 1, 19, 70, 30635 }, // С
    { 14, 18, 14, 0, 18, 63, 30705 }, // Т
    { 16, 19, 15, 0, 18, 76, 30768 }, // У
    { 19, 20, 20, 1, 19, 95, 30844 }, // Ф
    { 15, 18, 15, 0, 18, 68, 30939 }, // Х
    { 17, 22, 19, 2, 18, 94, 31007 }, // Ц
    { 14, 18, 17, 1, 18, 63, 31101 }, // Ч
    { 22, 18, 26, 2, 18, 99, 31164 }, // Ш
    { 24, 22, 26, 2, 18, 132, 31263 }, // Щ
    { 16, 18, 17, 0, 18, 72, 31395 }, // Ъ
    { 17, 18, 21, 2, 18, 77, 31467 }, // Ы
    { 12, 18, 15, 2, 18, 54, 31544 }, // Ь
    { 14, 20, 16, 1, 19, 70, 31598 }, // Э
    { 22, 20, 25, 2, 19, 110, 31668 }, // Ю
    { 14, 18, 16, 0, 18, 63, 31778 }, // Я
    { 11, 15, 14, 1, 14, 42, 31841 }, // а
    { 13, 21, 15, 1, 20, 69, 31883 }, // б
    { 11, 14, 14, 2, 14, 39, 31952 }, // в
    { 9, 14, 11, 2, 14, 32, 31991 }, // г
    { 15, 18, 15, 0, 14, 68, 32023 }, // д
    { 12, 15, 14, 1, 14, 45, 32091 }, // е
    { 19, 14, 19, 0, 14, 67, 32136 }, // ж
    { 12, 15, 12, 0, 14, 45, 32203 }, // з
    { 12, 14, 16, 2, 14, 42, 32248 }, // и
    { 12, 19, 16, 2, 19, 57, 32290 }, // й
    { 12, 14, 13, 2, 14, 42, 32347 }, // к
    { 13, 15, 15, 0, 14, 49, 32389 }, // л
    { 16, 14, 19, 2, 14, 56, 32438 }, // м
    { 12, 14, 15, 2, 14, 42, 32494 }, // н
    { 13, 15, 15, 1, 14, 49, 32536 }, // о
    { 12, 14, 15, 2, 14, 42, 32585 }, // п
    { 12, 20, 15, 2, 14, 60, 32627 }, // р
    { 11, 15, 12, 1, 14, 42, 32687 }, // с
    { 12, 14, 12, 0, 14, 42, 32729 }, // т
    { 13, 20, 13, 0, 14, 65, 32771 }, // у
    { 17, 25, 18, 1, 19, 107, 32836 }, // ф
    { 13, 14, 13, 0, 14, 46, 32943 }, // х
    { 14, 18, 15, 2, 14, 63, 32989 }, // ц
    { 12, 14, 15, 1, 14, 42, 33052 }, // ч
    { 19, 14, 22, 2, 14, 67, 33094 }, // ш
    { 21, 18, 22, 2, 14, 95, 33161 }, // щ
    { 15, 14, 16, 0, 14, 53, 33256 }, // ъ
    { 15, 14, 19, 2, 14, 53, 33309 }, // ы
    { 11, 14, 14, 2, 14, 39, 33362 }, // ь
    { 11, 15, 12, 1, 14, 42, 33401 }, // э
    { 17, 15, 20, 2, 14, 64, 33443 }, // ю
    { 13, 14, 14, 0, 14, 46, 33507 }, // я
    { 12, 21, 14, 1, 20, 63, 33553 }, // ѐ
    { 12, 20, 14, 1, 19, 60, 33616 }, // ё
    { 14, 25, 15, 0, 19, 88, 33676 }, // ђ
    { 9, 20, 11, 2, 20, 45, 33764 }, // ѓ
    { 11, 15, 12, 1, 14, 42, 33809 }, // є
    { 10, 15, 12, 1, 14, 38, 33851 }, // ѕ
    { 4, 19, 6, 1, 19, 19, 33889 }, // і
    { 6, 19, 6, 0, 19, 29, 33908 }, // ї
    { 7, 25, 6, -2, 19, 44, 33937 }, // ј
    { 21, 15, 21, 0, 14, 79, 33981 }, // љ
    { 20, 14, 22, 2, 14, 70, 34060 }, // њ
    { 14, 19, 16, 0, 19, 67, 34130 }, // ћ
    { 12, 20, 13, 2, 20, 60, 34197 }, // ќ
    { 12, 20, 16, 2, 20, 60, 34257 }, // ѝ
    { 13, 25, 13, 0, 19, 82, 34317 }, // ў
    { 12, 18, 15, 2, 14, 54, 34399 }, // џ
    { 23, 19, 23, 0, 18, 110, 34453 }, // Ѡ
    { 20, 14, 20, 0, 14, 70, 34563 }, // ѡ
    { 16, 18, 17, 0, 18, 72, 34633 }, // Ѣ
    { 15, 17, 16, 0, 17, 64, 34705 }, // ѣ
    { 21, 20, 23, 2, 19, 105, 34769 }, // Ѥ
    { 16, 15, 19, 2, 14, 60, 34874 }, // ѥ
    { 18, 18, 17, 0, 18, 81, 34934 }, // Ѧ
    { 15, 14, 14, 0, 14, 53, 35015 }, // ѧ
    { 22, 18, 23, 2, 18, 99, 35068 }, // Ѩ
    { 18, 14, 20, 2, 14, 63, 35167 }, // ѩ
    { 18, 18, 18, 0, 18, 81, 35230 }, // Ѫ
    { 16, 14, 16, 0, 14, 56, 35311 }, // ѫ
    { 23, 18, 25, 2, 18, 104, 35367 }, // Ѭ
    { 20, 14, 21, 2, 14, 70, 35471 }, // ѭ
    { 14, 28, 15, 0, 22, 98, 35541 }, // Ѯ
    { 12, 22, 12, 0, 17, 66, 35639 }, // ѯ
    { 17, 18, 20, 2, 18, 77, 35705 }, // Ѱ
    { 16, 25, 19, 1, 19, 100, 35782 }, // ѱ
    { 17, 20, 20, 1, 19, 85, 35882 }, // Ѳ
    { 13, 15, 15, 1, 14, 49, 35967 }, // ѳ
    { 17, 18, 16, 0, 18, 77, 36016 }, // Ѵ
    { 14, 14, 13, 0, 14, 49, 36093 }, // ѵ
    { 17, 24, 16, 0, 24, 102, 36142 }, // Ѷ
    { 14, 20, 13, 0, 20, 70, 36244 }, // ѷ
    { 30, 25, 31, 1, 19, 188, 36314 }, // Ѹ
    { 27, 20, 27, 1, 14, 135, 36502 }, // ѹ
    { 18, 22, 21, 1, 20, 99, 36637 }, // Ѻ
    { 15, 17, 16, 1, 15, 64, 36736 }, // ѻ
    { 24, 27, 26, 1, 26, 162, 36800 }, // Ѽ
    { 21, 24, 23, 1, 23, 126, 36962 }, // ѽ
    { 23, 24, 23, 0, 23, 138, 37088 }, // Ѿ
    { 20, 18, 20, 0, 18, 90, 37226 }, // ѿ
    { 15, 25, 16, 1, 19, 94, 37316 }, // Ҁ
    { 11, 20, 12, 1, 14, 55, 37410 }, // ҁ
    { 13, 17, 15, 1, 16, 56, 37465 }, // ҂
    { 10, 4, 0, -12, 18, 10, 37521 }, // ҃
    { 10, 4, 0, -12, 19, 10, 37531 }, // ҄
    { 4, 5, 0, -9, 20, 5, 37541 }, // ҅
    { 4, 5, 0, -9, 20, 5, 37546 }, // ҆
    { 10, 4, 0, -5, 23, 10, 37551 }, // ҇
    { 30, 27, 0, -15, 20, 203, 37561 }, // ҈
    { 28, 28, 0, -14, 21, 196, 37764 }, // ҉
    { 18, 29, 20, 2, 24, 131, 37960 }, // Ҋ
    { 15, 24, 16, 2, 19, 90, 38091 }, // ҋ
    { 15, 18, 15, 0, 18, 68, 38181 }, // Ҍ
    { 14, 19, 15, 0, 19, 67, 38249 }, // ҍ
    { 13, 18, 15, 2, 18, 59, 38316 }, // Ҏ
    { 12, 20, 15, 2, 14, 60, 38375 }, // ҏ
    { 11, 22, 13, 2, 22, 61, 38435 }, // Ґ
    { 9, 18, 11, 2, 18, 41, 38496 }, // ґ
    { 13, 18, 13, 0, 18, 59, 38537 }, // Ғ
    { 11, 14, 11, 0, 14, 39, 38596 }, // ғ
    { 14, 25, 16, 2, 18, 88, 38635 }, // Ҕ
    { 11, 21, 13, 2, 14, 58, 38723 }, // ҕ
    { 23, 23, 23, 0, 18, 133, 38781 }, // Җ
    { 20, 19, 20, 0, 14, 95, 38914 }, // җ
    { 13, 25, 14, 0, 19, 82, 39009 }, // Ҙ
    { 12, 20, 12, 0, 14, 60, 39091 }, // ҙ
    { 15, 23, 17, 2, 18, 87, 39151 }, // Қ
    { 12, 19, 14, 2, 14, 57, 39238 }, // қ
    { 14, 18, 16, 2, 18, 63, 39295 }, // Ҝ
    { 11, 14, 13, 2, 14, 39, 39358 }, // ҝ
    { 16, 18, 16, 0, 18, 72, 39397 }, // Ҟ
    { 13, 19, 13, 0, 19, 62, 39469 }, // ҟ
    { 18, 18, 17, 0, 18, 81, 39531 }, // Ҡ
    { 16, 14, 16, 0, 14, 56, 39612 }, // ҡ
    { 17, 23, 19, 2, 18, 98, 39668 }, // Ң
    { 14, 19, 16, 2, 14, 67, 39766 }, // ң
    { 19, 18, 20, 2, 18, 86, 39833 }, // Ҥ
    { 17, 14, 18, 2, 14, 60, 39919 }, // ҥ
    { 24, 25, 26, 2, 18, 150, 39979 }, // Ҧ
    { 19, 21, 22, 2, 14, 100, 40129 }, // ҧ
    { 18, 21, 19, 1, 19, 95, 40229 }, // Ҩ
    { 15, 15, 16, 1, 14, 57, 40324 }, // ҩ
    { 15, 25, 16, 1, 19, 94, 40381 }, // Ҫ
    { 11, 20, 12, 1, 14, 55, 40475 }, // ҫ
    { 14, 23, 14, 0, 18, 81, 40530 }, // Ҭ
    { 12, 19, 12, 0, 14, 57, 40611 }, // ҭ
    { 15, 18, 14, 0, 18, 68, 40668 }, // Ү
    { 13, 20, 13, 0, 14, 65, 40736 }, // ү
    { 15, 18, 14, 0, 18, 68, 40801 }, // Ұ
    { 13, 20, 13, 0, 14, 65, 40869 }, // ұ
    { 16, 23, 16, 0, 18, 92, 40934 }, // Ҳ
    { 14, 19, 14, 0, 14, 67, 41026 }, // ҳ
    { 21, 23, 22, 0, 18, 121, 41093 }, // Ҵ
    { 18, 19, 18, 0, 14, 86, 41214 }, // ҵ
    { 16, 23, 18, 2, 18, 92, 41300 }, // Ҷ
    { 15, 19, 16, 1, 14, 72, 41392 }, // ҷ
    { 14, 18, 17, 2, 18, 63, 41464 }, // Ҹ
    { 12, 14, 15, 1, 14, 42, 41527 }, // ҹ
    { 14, 18, 17, 2, 18, 63, 41569 }, // Һ
    { 12, 19, 15, 2, 19, 57, 41632 }, // һ
    { 20, 20, 21, 0, 19, 100, 41689 }, // Ҽ
    { 16, 15, 17, 0, 14, 60, 41789 }, // ҽ
    { 20, 24, 21, 0, 19, 120, 41849 }, // Ҿ
    { 16, 19, 17, 0, 14, 76, 41969 }, // ҿ
    { 7, 18, 8, 1, 18, 32, 42045 }, // Ӏ
    { 23, 23, 23, 0, 23, 133, 42077 }, // Ӂ
    { 19, 19, 19, 0, 19, 91, 42210 }, // ӂ
    { 15, 25, 17, 2, 18, 94, 42301 }, // Ӄ
    { 12, 21, 14, 2, 14, 63, 42395 }, // ӄ
    { 18, 23, 18, 0, 18, 104, 42458 }, // Ӆ
    { 15, 19, 15, 0, 14, 72, 42562 }, // ӆ
    { 15, 25, 18, 2, 18, 94, 42634 }, // Ӈ
    { 12, 21, 16, 2, 14, 63, 42728 }, // ӈ
    { 17, 23, 19, 2, 18, 98, 42791 }, // Ӊ
    { 15, 19, 17, 2, 14, 72, 42889 }, // ӊ
    { 14, 23, 17, 2, 18, 81, 42961 }, // Ӌ
    { 13, 19, 15, 1, 14, 62, 43042 }, // ӌ
    { 21, 23, 23, 2, 18, 121, 43104 }, // Ӎ
    { 17, 19, 19, 2, 14, 81, 43225 }, // ӎ
    { 7, 18, 8, 1, 18, 32, 43306 }, // ӏ
    { 16, 23, 16, 0, 23, 92, 43338 }, // Ӑ
    { 11, 20, 14, 1, 19, 55, 43430 }, // ӑ
    { 16, 23, 16, 0, 23, 92, 43485 }, // Ӓ
    { 11, 20, 14, 1, 19, 55, 43577 }, // ӓ
    { 22, 18, 22, -1, 18, 99, 43632 }, // Ӕ
    { 20, 15, 22, 1, 14, 75, 43731 }, // ӕ
    { 11, 23, 14, 2, 23, 64, 43806 }, // Ӗ
    { 12, 20, 14, 1, 19, 60, 43870 }, // ӗ
    { 16, 20, 18, 1, 19, 80, 43930 }, // Ә
    { 12, 15, 14, 1, 14, 45, 44010 }, // ә
    { 16, 24, 18, 1, 23, 96, 44055 }, // Ӛ
    { 12, 20, 14, 1, 19, 60, 44151 }, // ӛ
    { 23, 23, 23, 0, 23, 133, 44211 }, // Ӝ
    { 19, 19, 19, 0, 19, 91, 44344 }, // ӝ
    { 13, 24, 14, 0, 23, 78, 44435 }, // Ӟ
    { 12, 20, 12, 0, 19, 60, 44513 }, // ӟ
    { 14, 19, 15, 0, 18, 67, 44573 }, // Ӡ
    { 12, 20, 12, 0, 14, 60, 44640 }, // ӡ
    { 15, 21, 19, 2, 21, 79, 44700 }, // Ӣ
    { 12, 17, 16, 2, 17, 51, 44779 }, // ӣ
    { 15, 23, 19, 2, 23, 87, 44830 }, // Ӥ
    { 12, 19, 16, 2, 19, 57, 44917 }, // ӥ
    { 17, 24, 20, 1, 23, 102, 44974 }, // Ӧ
    { 13, 20, 15, 1, 19, 65, 45076 }, // ӧ
    { 17, 20, 20, 1, 19, 85, 45141 }, // Ө
    { 13, 15, 15, 1, 14, 49, 45226 }, // ө
    { 17, 24, 20, 1, 23, 102, 45275 }, // Ӫ
    { 13, 20, 15, 1, 19, 65, 45377 }, // ӫ
    { 14, 24, 16, 1, 23, 84, 45442 }, // Ӭ
    { 11, 20, 12, 1, 19, 55, 45526 }, // ӭ
    { 16, 22, 15, 0, 21, 88, 45581 }, // Ӯ
    { 13, 23, 13, 0, 17, 75, 45669 }, // ӯ
    { 16, 24, 15, 0, 23, 96, 45744 }, // Ӱ
    { 13, 25, 13, 0, 19, 82, 45840 }, // ӱ
    { 16, 25, 15, 0, 24, 100, 45922 }, // Ӳ
    { 13, 26, 13, 0, 20, 85, 46022 }, // ӳ
    { 14, 23, 17, 1, 23, 81, 46107 }, // Ӵ
    { 12, 19, 15, 1, 19, 57, 46188 }, // ӵ
    { 11, 23, 13, 2, 18, 64, 46245 }, // Ӷ
    { 9, 19, 11, 2, 14, 43, 46309 }, // ӷ
    { 17, 23, 21, 2, 23, 98, 46352 }, // Ӹ
    { 15, 19, 19, 2, 19, 72, 46450 }, // ӹ
    { 13, 23, 13, 0, 18, 75, 46522 }, // Ӻ
    { 11, 19, 11, 0, 14, 53, 46597 }, // ӻ
    { 16, 23, 16, 0, 18, 92, 46650 }, // Ӽ
    { 14, 19, 14, 0, 14, 67, 46742 }, // ӽ
    { 15, 18, 15, 0, 18, 68, 46809 }, // Ӿ
    { 13, 14, 13, 0, 14, 46, 46877 }, // ӿ
    { 0, 0, 13, 0, 0, 0, 46923 }, //  
    { 0, 0, 25, 0, 0, 0, 46923 }, //  
    { 0, 0, 13, 0, 0, 0, 46923 }, //  
    { 0, 0, 25, 0, 0, 0, 46923 }, //  
    { 0, 0, 8, 0, 0, 0, 46923 }, //  
    { 0, 0, 6, 0, 0, 0, 46923 }, //  
    { 0, 0, 4, 0, 0, 0, 46923 }, //  
    { 0, 0, 14, 0, 0, 0, 46923 }, //  
    { 0, 0, 7, 0, 0, 0, 46923 }, //  
    { 0, 0, 4, 0, 0, 0, 46923 }, //  
    { 0, 0, 3, 0, 0, 0, 46923 }, //  
    { 0, 0, 0, 0, 0, 0, 46923 }, // ​
    { 0, 0, 0, 0, 0, 0, 46923 }, // ‌
    { 0, 0, 0, 0, 0, 0, 46923 }, // ‍
    { 7, 22, 0, -1, 18, 39, 46923 }, // ‎
    { 7, 22, 0, -6, 18, 39, 46962 }, // ‏
    { 7, 3, 8, 1, 8, 6, 47001 }, // ‐
    { 7, 3, 8, 1, 8, 6, 47007 }, // ‑
    { 13, 2, 14, 1, 10, 7, 47013 }, // ‒
    { 11, 3, 13, 1, 8, 9, 47020 }, // –
    { 23, 3, 25, 1, 8, 18, 47029 }, // —
    { 23, 3, 25, 1, 8, 18, 47047 }, // ―
    { 8, 26, 14, 3, 19, 52, 47065 }, // ‖
    { 12, 6, 10, -1, 0, 18, 47117 }, // ‗
    { 5, 7, 4, 0, 18, 9, 47135 }, // ‘
    { 5, 7, 4, 0, 18, 9, 47144 }, // ’
    { 5, 7, 6, 0, 3, 9, 47153 }, // ‚
    { 5, 7, 4, 0, 18, 9, 47162 }, // ‛
    { 9, 7, 9, 0, 18, 16, 47171 }, // “
    { 9, 7, 9, 0, 18, 16, 47187 }, // ”
    { 10, 7, 10, 0, 3, 18, 47203 }, // „
    { 9, 7, 9, 0, 18, 16, 47221 }, // ‟
    { 11, 19, 13, 1, 19, 53, 47237 }, // †
    { 11, 19, 13, 1, 19, 53, 47290 }, // ‡
    { 7, 7, 9, 1, 13, 13, 47343 }, // •
    { 8, 8, 9, 1, 13, 16, 47356 }, // ‣
    { 4, 5, 13, 4, 4, 5, 47372 }, // ․
    { 11, 5, 13, 1, 4, 14, 47377 }, // ‥
    { 17, 5, 20, 1, 4, 22, 47391 }, // …
    { 4, 5, 7, 1, 9, 5, 47413 }, // ‧
    { 0, 0, 15, 0, 0, 0, 47418 }, //  
    { 0, 0, 15, 0, 0, 0, 47418 }, //  
    { 7, 20, 0, -1, 16, 35, 47418 }, // ‪
    { 7, 20, 0, -6, 16, 35, 47453 }, // ‫
    { 6, 22, 0, -3, 18, 33, 47488 }, // ‬
    { 6, 22, 0, -3, 18, 33, 47521 }, // ‭
    { 6, 22, 0, -3, 18, 33, 47554 }, // ‮
    { 0, 0, 4, 0, 0, 0, 47587 }, //  
    { 28, 20, 29, 1, 19, 140, 47587 }, // ‰
    { 37, 20, 39, 1, 19, 185, 47727 }, // ‱
    { 7, 7, 6, 0, 18, 13, 47912 }, // ′
    { 11, 7, 10, 0, 18, 20, 47925 }, // ″
    { 16, 7, 15, 0, 18, 28, 47945 }, // ‴
    { 6, 7, 6, -1, 18, 11, 47973 }, // ‵
    { 10, 7, 11, -1, 18, 18, 47984 }, // ‶
    { 14, 7, 15, -1, 18, 25, 48002 }, // ‷
    { 10, 9, 10, 0, 3, 23, 48027 }, // ‸
    { 6, 11, 8, 1, 12, 17, 48050 }, // ‹
    { 7, 11, 8, 0, 12, 20, 48067 }, // ›
    { 19, 20, 21, 1, 19, 95, 48087 }, // ※
    { 10, 19, 12, 1, 18, 48, 48182 }, // ‼
    { 11, 20, 11, 0, 19, 55, 48230 }, // ‽
    { 14, 2, 13, -1, 21, 7, 48285 }, // ‾
    { 15, 6, 15, 0, 0, 23, 48292 }, // ‿
    { 15, 6, 15, 0, 20, 23, 48315 }, // ⁀
    { 9, 17, 9, 0, 11, 39, 48338 }, // ⁁
    { 28, 23, 28, 0, 19, 161, 48377 }, // ⁂
    { 7, 3, 8, 1, 8, 6, 48538 }, // ⁃
    { 13, 18, 3, -5, 18, 59, 48544 }, // ⁄
    { 7, 22, 8, 1, 18, 39, 48603 }, // ⁅
    { 7, 22, 8, 0, 18, 39, 48642 }, // ⁆
    { 21, 20, 21, 0, 19, 105, 48681 }, // ⁇
    { 16, 20, 17, 0, 19, 80, 48786 }, // ⁈
    { 16, 20, 17, 1, 19, 80, 48866 }, // ⁉
    { 13, 14, 14, 0, 14, 46, 48946 }, // ⁊
    { 13, 23, 16, 2, 19, 75, 48992 }, // ⁋
    { 13, 14, 16, 1, 14, 46, 49067 }, // ⁌
    { 13, 14, 16, 2, 14, 46, 49113 }, // ⁍
    { 12, 12, 14, 1, 6, 36, 49159 }, // ⁎
    { 5, 18, 6, 1, 14, 23, 49195 }, // ⁏
    { 15, 26, 15, 0, 20, 98, 49218 }, // ⁐
    { 12, 25, 14, 1, 19, 75, 49316 }, // ⁑
    { 10, 20, 9, 0, 19, 50, 49391 }, // ⁒
    { 23, 5, 25, 1, 10, 29, 49441 }, // ⁓
    { 15, 6, 15, 0, 0, 23, 49470 }, // ⁔
    { 14, 14, 14, 0, 13, 49, 49493 }, // ⁕
    { 11, 20, 13, 1, 19, 55, 49542 }, // ⁖
    { 20, 7, 19, 0, 18, 35, 49597 }, // ⁗
    { 19, 20, 21, 1, 19, 95, 49632 }, // ⁘
    { 19, 20, 21, 1, 19, 95, 49727 }, // ⁙
    { 4, 20, 6, 1, 19, 20, 49822 }, // ⁚
    { 15, 20, 16, 1, 19, 75, 49842 }, // ⁛
    { 19, 20, 20, 0, 19, 95, 49917 }, // ⁜
    { 4, 19, 7, 1, 18, 19, 50012 }, // ⁝
    { 4, 20, 7, 1, 19, 20, 50031 }, // ⁞
    { 0, 0, 6, 0, 0, 0, 50051 }, //  
    { 0, 0, 15, 0, 0, 0, 50051 }, // ⁠
    { 0, 0, 15, 0, 0, 0, 50051 }, // ⁡
    { 0, 0, 15, 0, 0, 0, 50051 }, // ⁢
    { 0, 0, 15, 0, 0, 0, 50051 }, // ⁣
    { 0, 0, 15, 0, 0, 0, 50051 }, // ⁤
    { 0, 0, 0, 0, 0, 0, 50051 }, // ⁦
    { 0, 0, 0, 0, 0, 0, 50051 }, // ⁧
    { 0, 0, 0, 0, 0, 0, 50051 }, // ⁨
    { 0, 0, 0, 0, 0, 0, 50051 }, // ⁩
    { 6, 22, 0, -3, 18, 33, 50051 }, // ⁪
    { 6, 22, 0, -3, 18, 33, 50084 }, // ⁫
    { 6, 22, 0, -3, 18, 33, 50117 }, // ⁬
    { 6, 22, 0, -3, 18, 33, 50150 }, // ⁭
    { 6, 22, 0, -3, 18, 33, 50183 }, // ⁮
    { 6, 22, 0, -3, 18, 33, 50216 }, // ⁯
    { 14, 19, 14, 0, 19, 67, 50249 }, // ₠
    { 13, 21, 14, 1, 19, 69, 50316 }, // ₡
    { 13, 20, 14, 1, 19, 65, 50385 }, // ₢
    { 12, 18, 14, 1, 18, 54, 50450 }, // ₣
    { 14, 19, 14, 0, 19, 67, 50504 }, // ₤
    { 20, 20, 23, 2, 17, 100, 50571 }, // ₥
    { 15, 18, 14, 0, 18, 68, 50671 }, // ₦
    { 18, 19, 19, 1, 18, 86, 50739 }, // ₧
    { 18, 19, 21, 2, 18, 86, 50825 }, // ₨
    { 17, 18, 17, 0, 18, 77, 50911 }, // ₩
    { 16, 18, 20, 2, 18, 72, 50988 }, // ₪
    { 15, 23, 15, 1, 19, 87, 51060 }, // ₫
    { 14, 20, 14, 0, 19, 70, 51147 }, // €
    { 15, 18, 14, 0, 18, 68, 51217 }, // ₭
    { 14, 18, 14, 0, 18, 63, 51285 }, // ₮
    { 24, 25, 24, 0, 19, 150, 51348 }, // ₯
    { 13, 25, 14, 0, 19, 82, 51498 }, // ₰
    { 15, 18, 14, 0, 18, 68, 51580 }, // ₱
    { 16, 21, 18, 1, 19, 84, 51648 }, // ₲
    { 16, 18, 15, 0, 18, 72, 51732 }, // ₳
    { 14, 20, 14, 0, 19, 70, 51804 }, // ₴
    { 15, 21, 16, 1, 19, 79, 51874 }, // ₵
    { 15, 18, 16, 0, 17, 68, 51953 }, // ₶
    { 17, 21, 18, 0, 19, 90, 52021 }, // ₷
    { 14, 18, 14, 0, 18, 63, 52111 }, // ₸
    { 12, 18, 14, 1, 18, 54, 52174 }, // ₹
    { 14, 19, 14, 0, 18, 67, 52228 }, // ₺
    { 20, 20, 20, 0, 19, 100, 52295 }, // ₻
    { 18, 18, 20, 1, 18, 81, 52395 }, // ₼
    { 14, 18, 15, 0, 18, 63, 52476 }, // ₽
    { 17, 20, 19, 1, 20, 85, 52539 }, // ₾
    { 12, 24, 14, 2, 21, 72, 52624 }, // ₿
    { 10, 18, 12, 1, 14, 45, 52696 }, // ⃀
    { 11, 20, 13, 1, 19, 55, 52741 }, // ℓ
    { 16, 18, 18, 2, 18, 72, 52796 }, // ℝ
    { 24, 10, 25, 1, 12, 60, 52868 }, // ←
    { 11, 23, 13, 1, 19, 64, 52928 }, // ↑
    { 24, 10, 25, 1, 12, 60, 52992 }, // →
    { 11, 23, 13, 1, 19, 64, 53052 }, // ↓
    { 26, 10, 28, 1, 12, 65, 53116 }, // ↔
    { 11, 26, 13, 1, 20, 72, 53181 }, // ↕
    { 18, 18, 20, 1, 16, 81, 53253 }, // ↖
    { 18, 18, 20, 1, 16, 81, 53334 }, // ↗
    { 18, 18, 20, 1, 16, 81, 53415 }, // ↘
    { 18, 18, 20, 1, 16, 81, 53496 }, // ↙
    { 24, 10, 25, 1, 12, 60, 53577 }, // ↚
    { 24, 10, 25, 1, 12, 60, 53637 }, // ↛
    { 24, 10, 25, 1, 14, 60, 53697 }, // ↜
    { 24, 10, 25, 1, 14, 60, 53757 }, // ↝
    { 24, 10, 25, 1, 12, 60, 53817 }, // ↞
    { 11, 23, 13, 1, 19, 64, 53877 }, // ↟
    { 24, 10, 25, 1, 12, 60, 53941 }, // ↠
    { 11, 23, 13, 1, 19, 64, 54001 }, // ↡
    { 24, 10, 25, 1, 12, 60, 54065 }, // ↢
    { 24, 10, 25, 1, 12, 60, 54125 }, // ↣
    { 24, 10, 25, 1, 12, 60, 54185 }, // ↤
    { 11, 23, 13, 1, 19, 64, 54245 }, // ↥
    { 24, 10, 25, 1, 12, 60, 54309 }, // ↦
    { 11, 24, 13, 1, 20, 66, 54369 }, // ↧
    { 11, 26, 13, 1, 21, 72, 54435 }, // ↨
    { 24, 12, 26, 1, 14, 72, 54507 }, // ↩
    { 24, 12, 26, 1, 14, 72, 54579 }, // ↪
    { 26, 12, 27, 1, 14, 78, 54651 }, // ↫
    { 26, 12, 27, 1, 14, 78, 54729 }, // ↬
    { 29, 10, 31, 1, 12, 73, 54807 }, // ↭
    { 26, 10, 28, 1, 12, 65, 54880 }, // ↮
    { 14, 24, 15, 1, 19, 84, 54945 }, // ↯
    { 14, 23, 18, 2, 19, 81, 55029 }, // ↰
    { 14, 23, 18, 2, 19, 81, 55110 }, // ↱
    { 14, 23, 18, 2, 19, 81, 55191 }, // ↲
    { 14, 23, 18, 2, 19, 81, 55272 }, // ↳
    { 17, 14, 21, 2, 11, 60, 55353 }, // ↴
    { 14, 15, 18, 2, 14, 53, 55413 }, // ↵
    { 26, 14, 31, 3, 14, 91, 55466 }, // ↶
    { 26, 14, 31, 3, 14, 91, 55557 }, // ↷
    { 18, 21, 20, 1, 19, 95, 55648 }, // ↸
    { 24, 20, 25, 1, 17, 120, 55743 }, // ↹
    { 24, 22, 30, 3, 18, 132, 55863 }, // ↺
    { 24, 22, 30, 3, 18, 132, 55995 }, // ↻
    { 24, 6, 25, 1, 12, 36, 56127 }, // ↼
    { 24, 7, 25, 1, 9, 42, 56163 }, // ↽
    { 7, 23, 12, 4, 19, 41, 56205 }, // ↾
    { 7, 23, 12, 1, 19, 41, 56246 }, // ↿
    { 24, 6, 25, 1, 12, 36, 56287 }, // ⇀
    { 24, 7, 25, 1, 9, 42, 56323 }, // ⇁
    { 7, 23, 12, 4, 19, 41, 56365 }, // ⇂
    { 7, 23, 12, 1, 19, 41, 56406 }, // ⇃
    { 24, 20, 25, 1, 17, 120, 56447 }, // ⇄
    { 21, 23, 23, 1, 19, 121, 56567 }, // ⇅
    { 24, 20, 25, 1, 17, 120, 56688 }, // ⇆
    { 24, 20, 25, 1, 17, 120, 56808 }, // ⇇
    { 21, 23, 23, 1, 19, 121, 56928 }, // ⇈
    { 24, 20, 25, 1, 17, 120, 57049 }, // ⇉
    { 21, 23, 23, 1, 19, 121, 57169 }, // ⇊
    { 24, 16, 25, 1, 15, 96, 57290 }, // ⇋
    { 24, 15, 25, 1, 14, 90, 57386 }, // ⇌
    { 24, 16, 25, 1, 15, 96, 57476 }, // ⇍
    { 30, 16, 32, 1, 15, 120, 57572 }, // ⇎
    { 24, 16, 25, 1, 15, 96, 57692 }, // ⇏
    { 24, 16, 25, 1, 15, 96, 57788 }, // ⇐
    { 17, 23, 19, 1, 19, 98, 57884 }, // ⇑
    { 24, 16, 25, 1, 15, 96, 57982 }, // ⇒
    { 17, 23, 19, 1, 19, 98, 58078 }, // ⇓
    { 30, 16, 32, 1, 15, 120, 58176 }, // ⇔
    { 17, 29, 19, 1, 22, 124, 58296 }, // ⇕
    { 20, 20, 21, 1, 17, 100, 58420 }, // ⇖
    { 20, 20, 21, 1, 17, 100, 58520 }, // ⇗
    { 20, 20, 21, 1, 17, 100, 58620 }, // ⇘
    { 20, 19, 21, 1, 17, 95, 58720 }, // ⇙
    { 24, 20, 25, 1, 17, 120, 58815 }, // ⇚
    { 24, 20, 25, 1, 17, 120, 58935 }, // ⇛
    { 26, 10, 28, 1, 12, 65, 59055 }, // ⇜
    { 26, 10, 28, 1, 12, 65, 59120 }, // ⇝
    { 9, 19, 11, 1, 18, 43, 59185 }, // ⇞
    { 9, 19, 11, 1, 18, 43, 59228 }, // ⇟
    { 24, 10, 25, 1, 12, 60, 59271 }, // ⇠
    { 11, 23, 13, 1, 21, 64, 59331 }, // ⇡
    { 24, 10, 25, 1, 12, 60, 59395 }, // ⇢
    { 11, 23, 13, 1, 18, 64, 59455 }, // ⇣
    { 24, 10, 25, 1, 12, 60, 59519 }, // ⇤
    { 24, 10, 25, 1, 12, 60, 59579 }, // ⇥
    { 19, 15, 20, 1, 16, 72, 59639 }, // ⇦
    { 15, 19, 17, 1, 18, 72, 59711 }, // ⇧
    { 19, 15, 20, 1, 16, 72, 59783 }, // ⇨
    { 15, 19, 17, 1, 17, 72, 59855 }, // ⇩
    { 15, 21, 17, 1, 18, 79, 59927 }, // ⇪
    { 15, 21, 17, 1, 18, 79, 60006 }, // ⇫
    { 15, 20, 17, 1, 17, 75, 60085 }, // ⇬
    { 15, 21, 17, 1, 18, 79, 60160 }, // ⇭
    { 15, 24, 17, 1, 21, 90, 60239 }, // ⇮
    { 15, 24, 17, 1, 21, 90, 60329 }, // ⇯
    { 21, 14, 23, 1, 15, 74, 60419 }, // ⇰
    { 23, 23, 24, 1, 20, 133, 60493 }, // ⇱
    { 23, 21, 24, 1, 17, 121, 60626 }, // ⇲
    { 15, 23, 17, 1, 20, 87, 60747 }, // ⇳
    { 24, 10, 25, 1, 12, 60, 60834 }, // ⇴
    { 21, 23, 23, 1, 19, 121, 60894 }, // ⇵
    { 24, 30, 25, 1, 22, 180, 61015 }, // ⇶
    { 24, 10, 25, 1, 12, 60, 61195 }, // ⇷
    { 24, 10, 25, 1, 12, 60, 61255 }, // ⇸
    { 26, 10, 28, 1, 12, 65, 61315 }, // ⇹
    { 24, 10, 25, 1, 12, 60, 61380 }, // ⇺
    { 24, 10, 25, 1, 12, 60, 61440 }, // ⇻
    { 26, 10, 28, 1, 12, 65, 61500 }, // ⇼
    { 24, 11, 25, 1, 13, 66, 61565 }, // ⇽
    { 24, 11, 25, 1, 13, 66, 61631 }, // ⇾
    { 28, 11, 30, 1, 13, 77, 61697 }, // ⇿
    { 17, 19, 19, 1, 18, 81, 61774 }, // ∀
    { 9, 18, 11, 1, 18, 41, 61855 }, // ∁
    { 12, 19, 13, 1, 19, 57, 61896 }, // ∂
    { 13, 18, 14, 1, 18, 59, 61953 }, // ∃
    { 13, 23, 14, 1, 21, 75, 62012 }, // ∄
    { 19, 19, 21, 1, 19, 91, 62087 }, // ∅
    { 15, 18, 15, 0, 18, 68, 62178 }, // ∆
    { 15, 19, 15, 0, 19, 72, 62246 }, // ∇
    { 16, 15, 17, 1, 15, 60, 62318 }, // ∈
    { 16, 22, 17, 1, 19, 88, 62378 }, // ∉
    { 12, 12, 14, 1, 13, 36, 62466 }, // ∊
    { 16, 15, 17, 1, 15, 60, 62502 }, // ∋
    { 16, 22, 17, 1, 19, 88, 62562 }, // ∌
    { 12, 12, 14, 1, 13, 36, 62650 }, // ∍
    { 12, 17, 14, 1, 17, 51, 62686 }, // ∎
    { 21, 25, 23, 1, 19, 132, 62737 }, // ∏
    { 21, 24, 23, 1, 18, 126, 62869 }, // ∐
    { 20, 24, 21, 1, 18, 120, 62995 }, // ∑
    { 12, 3, 14, 1, 10, 9, 63115 }, // −
    { 13, 13, 14, 1, 14, 43, 63124 }, // ∓
    { 13, 16, 14, 1, 17, 52, 63167 }, // ∔
    { 8, 22, 10, 1, 18, 44, 63219 }, // ∕
    { 8, 22, 10, 1, 18, 44, 63263 }, // ∖
    { 10, 9, 11, 1, 11, 23, 63307 }, // ∗
    { 8, 7, 10, 1, 10, 14, 63330 }, // ∘
    { 5, 5, 7, 1, 10, 7, 63344 }, // ∙
    { 17, 27, 17, 1, 27, 115, 63351 }, // √
    { 17, 27, 17, 1, 27, 115, 63466 }, // ∛
    { 17, 27, 17, 1, 27, 115, 63581 }, // ∜
    { 12, 8, 14, 1, 11, 24, 63696 }, // ∝
    { 21, 13, 23, 1, 13, 69, 63720 }, // ∞
    { 15, 14, 16, 1, 14, 53, 63789 }, // ∟
    { 15, 14, 16, 1, 14, 53, 63842 }, // ∠
    { 15, 18, 16, 1, 14, 68, 63895 }, // ∡
    { 13, 14, 14, 1, 14, 46, 63963 }, // ∢
    { 3, 22, 4, 1, 18, 17, 64009 }, // ∣
    { 9, 22, 11, 1, 18, 50, 64026 }, // ∤
    { 7, 22, 9, 1, 18, 39, 64076 }, // ∥
    { 14, 22, 15, 1, 18, 77, 64115 }, // ∦
    { 16, 15, 18, 1, 15, 60, 64192 }, // ∧
    { 16, 15, 18, 1, 15, 60, 64252 }, // ∨
    { 15, 17, 17, 1, 17, 64, 64312 }, // ∩
    { 15, 17, 17, 1, 17, 64, 64376 }, // ∪
    { 19, 29, 21, 1, 23, 138, 64440 }, // ∫
    { 28, 29, 29, 1, 23, 203, 64578 }, // ∬
    { 36, 29, 38, 1, 23, 261, 64781 }, // ∭
    { 19, 29, 21, 1, 23, 138, 65042 }, // ∮
    { 28, 29, 29, 1, 23, 203, 65180 }, // ∯
    { 36, 29, 38, 1, 23, 261, 65383 }, // ∰
    { 19, 29, 21, 1, 23, 138, 65644 }, // ∱
    { 19, 29, 21, 1, 23, 138, 65782 }, // ∲
    { 19, 29, 21, 1, 23, 138, 65920 }, // ∳
    { 13, 12, 14, 1, 13, 39, 66058 }, // ∴
    { 13, 12, 14, 1, 13, 39, 66097 }, // ∵
    { 4, 12, 6, 1, 13, 12, 66136 }, // ∶
    { 13, 12, 14, 1, 13, 39, 66148 }, // ∷
    { 13, 7, 14, 1, 13, 23, 66187 }, // ∸
    { 14, 8, 15, 1, 11, 28, 66210 }, // ∹
    { 13, 12, 14, 1, 13, 39, 66238 }, // ∺
    { 13, 11, 14, 1, 12, 36, 66277 }, // ∻
    { 13, 4, 14, 1, 9, 13, 66313 }, // ∼
    { 13, 4, 14, 1, 9, 13, 66326 }, // ∽
    { 16, 8, 17, 1, 11, 32, 66339 }, // ∾
    { 15, 14, 17, 1, 14, 53, 66371 }, // ∿
    { 4, 13, 6, 1, 14, 13, 66424 }, // ≀
    { 13, 10, 14, 1, 12, 33, 66437 }, // ≁
    { 13, 7, 14, 1, 11, 23, 66470 }, // ≂
    { 13, 7, 14, 1, 11, 23, 66493 }, // ≃
    { 13, 15, 14, 1, 14, 49, 66516 }, // ≄
    { 13, 11, 14, 1, 13, 36, 66565 }, // ≅
    { 13, 14, 14, 1, 13, 46, 66601 }, // ≆
    { 13, 17, 14, 1, 16, 56, 66647 }, // ≇
    { 13, 7, 14, 1, 10, 23, 66703 }, // ≈
    { 13, 14, 14, 1, 14, 46, 66726 }, // ≉
    { 13, 11, 14, 1, 13, 36, 66772 }, // ≊
    { 13, 12, 14, 1, 13, 39, 66808 }, // ≋
    { 13, 11, 14, 1, 13, 36, 66847 }, // ≌
    { 13, 9, 14, 1, 11, 30, 66883 }, // ≍
    { 13, 15, 14, 1, 15, 49, 66913 }, // ≎
    { 13, 10, 14, 1, 14, 33, 66962 }, // ≏
    { 13, 12, 14, 1, 16, 39, 66995 }, // ≐
    { 13, 16, 14, 1, 15, 52, 67034 }, // ≑
    { 13, 16, 14, 1, 15, 52, 67086 }, // ≒
    { 13, 16, 14, 1, 15, 52, 67138 }, // ≓
    { 15, 8, 17, 1, 11, 30, 67190 }, // ≔
    { 15, 8, 17, 1, 11, 30, 67220 }, // ≕
    { 13, 7, 14, 1, 11, 23, 67250 }, // ≖
    { 13, 14, 14, 1, 18, 46, 67273 }, // ≗
    { 13, 13, 14, 1, 17, 43, 67319 }, // ≘
    { 13, 16, 14, 1, 20, 52, 67362 }, // ≙
    { 13, 16, 14, 1, 17, 52, 67414 }, // ≚
    { 13, 17, 14, 1, 21, 56, 67466 }, // ≛
    { 13, 16, 14, 1, 20, 52, 67522 }, // ≜
    { 13, 15, 14, 1, 19, 49, 67574 }, // ≝
    { 13, 13, 14, 1, 17, 43, 67623 }, // ≞
    { 13, 14, 14, 1, 18, 46, 67666 }, // ≟
    { 13, 15, 14, 1, 15, 49, 67712 }, // ≠
    { 13, 12, 14, 1, 14, 39, 67761 }, // ≡
    { 13, 17, 14, 1, 16, 56, 67800 }, // ≢
    { 13, 15, 14, 1, 15, 49, 67856 }, // ≣
    { 13, 16, 14, 1, 15, 52, 67905 }, // ≤
    { 13, 16, 14, 1, 15, 52, 67957 }, // ≥
    { 13, 17, 14, 1, 16, 56, 68009 }, // ≦
    { 13, 17, 14, 1, 16, 56, 68065 }, // ≧
    { 13, 20, 14, 1, 16, 65, 68121 }, // ≨
    { 13, 20, 14, 1, 16, 65, 68186 }, // ≩
    { 21, 14, 21, 0, 14, 74, 68251 }, // ≪
    { 21, 14, 21, 0, 14, 74, 68325 }, // ≫
    { 7, 19, 9, 1, 16, 34, 68399 }, // ≬
    { 13, 15, 14, 1, 15, 49, 68433 }, // ≭
    { 13, 22, 14, 1, 19, 72, 68482 }, // ≮
    { 13, 22, 14, 1, 18, 72, 68554 }, // ≯
    { 13, 22, 14, 1, 17, 72, 68626 }, // ≰
    { 13, 22, 14, 1, 18, 72, 68698 }, // ≱
    { 13, 16, 14, 1, 15, 52, 68770 }, // ≲
    { 13, 16, 14, 1, 15, 52, 68822 }, // ≳
    { 13, 22, 14, 1, 18, 72, 68874 }, // ≴
    { 13, 22, 14, 1, 18, 72, 68946 }, // ≵
    { 13, 18, 14, 1, 16, 59, 69018 }, // ≶
    { 13, 18, 14, 1, 16, 59, 69077 }, // ≷
    { 13, 22, 14, 1, 18, 72, 69136 }, // ≸
    { 13, 22, 14, 1, 18, 72, 69208 }, // ≹
    { 12, 14, 14, 1, 14, 42, 69280 }, // ≺
    { 12, 14, 14, 1, 14, 42, 69322 }, // ≻
    { 12, 18, 14, 1, 16, 54, 69364 }, // ≼
    { 12, 18, 14, 1, 16, 54, 69418 }, // ≽
    { 13, 16, 14, 1, 15, 52, 69472 }, // ≾
    { 13, 16, 14, 1, 14, 52, 69524 }, // ≿
    { 12, 17, 14, 1, 16, 51, 69576 }, // ⊀
    { 12, 17, 14, 1, 16, 51, 69627 }, // ⊁
    { 16, 15, 17, 1, 15, 60, 69678 }, // ⊂
    { 16, 15, 17, 1, 15, 60, 69738 }, // ⊃
    { 16, 21, 17, 1, 18, 84, 69798 }, // ⊄
    { 16, 21, 17, 1, 18, 84, 69882 }, // ⊅
    { 16, 19, 17, 1, 17, 76, 69966 }, // ⊆
    { 16, 19, 17, 1, 17, 76, 70042 }, // ⊇
    { 16, 25, 17, 1, 20, 100, 70118 }, // ⊈
    { 16, 25, 17, 1, 20, 100, 70218 }, // ⊉
    { 16, 22, 17, 1, 17, 88, 70318 }, // ⊊
    { 16, 22, 17, 1, 17, 88, 70406 }, // ⊋
    { 14, 18, 16, 1, 18, 63, 70494 }, // ⊌
    { 14, 18, 16, 1, 18, 63, 70557 }, // ⊍
    { 14, 18, 16, 1, 18, 63, 70620 }, // ⊎
    { 13, 14, 14, 1, 14, 46, 70683 }, // ⊏
    { 13, 14, 14, 1, 14, 46, 70729 }, // ⊐
    { 13, 18, 14, 1, 16, 59, 70775 }, // ⊑
    { 13, 18, 14, 1, 16, 59, 70834 }, // ⊒
    { 14, 15, 16, 1, 15, 53, 70893 }, // ⊓
    { 14, 14, 16, 1, 14, 49, 70946 }, // ⊔
    { 19, 19, 21, 1, 16, 91, 70995 }, // ⊕
    { 19, 18, 21, 1, 16, 86, 71086 }, // ⊖
    { 19, 18, 21, 1, 16, 86, 71172 }, // ⊗
    { 19, 18, 21, 1, 16, 86, 71258 }, // ⊘
    { 19, 18, 21, 1, 16, 86, 71344 }, // ⊙
    { 19, 18, 21, 1, 16, 86, 71430 }, // ⊚
    { 19, 18, 21, 1, 16, 86, 71516 }, // ⊛
    { 19, 18, 21, 1, 16, 86, 71602 }, // ⊜
    { 19, 18, 21, 1, 16, 86, 71688 }, // ⊝
    { 17, 16, 19, 1, 15, 68, 71774 }, // ⊞
    { 17, 16, 19, 1, 15, 68, 71842 }, // ⊟
    { 17, 16, 19, 1, 15, 68, 71910 }, // ⊠
    { 17, 16, 19, 1, 15, 68, 71978 }, // ⊡
    { 17, 17, 19, 1, 16, 73, 72046 }, // ⊢
    { 17, 17, 19, 1, 16, 73, 72119 }, // ⊣
    { 17, 18, 19, 1, 18, 77, 72192 }, // ⊤
    { 17, 17, 19, 1, 17, 73, 72269 }, // ⊥
    { 10, 17, 12, 1, 16, 43, 72342 }, // ⊦
    { 10, 17, 12, 1, 15, 43, 72385 }, // ⊧
    { 17, 17, 19, 1, 16, 73, 72428 }, // ⊨
    { 19, 17, 21, 1, 16, 81, 72501 }, // ⊩
    { 19, 17, 21, 1, 16, 81, 72582 }, // ⊪
    { 19, 17, 21, 1, 16, 81, 72663 }, // ⊫
    { 17, 19, 19, 1, 17, 81, 72744 }, // ⊬
    { 17, 19, 19, 1, 17, 81, 72825 }, // ⊭
    { 19, 19, 21, 1, 17, 91, 72906 }, // ⊮
    { 19, 19, 21, 1, 17, 91, 72997 }, // ⊯
    { 12, 14, 14, 1, 14, 42, 73088 }, // ⊰
    { 12, 14, 14, 1, 14, 42, 73130 }, // ⊱
    { 13, 10, 14, 1, 12, 33, 73172 }, // ⊲
    { 13, 10, 14, 1, 12, 33, 73205 }, // ⊳
    { 13, 13, 14, 1, 14, 43, 73238 }, // ⊴
    { 13, 13, 14, 1, 14, 43, 73281 }, // ⊵
    { 21, 7, 23, 1, 11, 37, 73324 }, // ⊶
    { 21, 7, 23, 1, 11, 37, 73361 }, // ⊷
    { 18, 7, 20, 1, 10, 32, 73398 }, // ⊸
    { 13, 12, 14, 1, 13, 39, 73430 }, // ⊹
    { 12, 18, 14, 1, 18, 54, 73469 }, // ⊺
    { 13, 15, 14, 1, 15, 49, 73523 }, // ⊻
    { 13, 16, 14, 1, 16, 52, 73572 }, // ⊼
    { 13, 16, 14, 1, 16, 52, 73624 }, // ⊽
    { 15, 14, 16, 1, 14, 53, 73676 }, // ⊾
    { 16, 16, 18, 1, 16, 64, 73729 }, // ⊿
    { 21, 24, 23, 1, 18, 126, 73793 }, // ⋀
    { 21, 24, 23, 1, 18, 126, 73919 }, // ⋁
    { 17, 25, 19, 1, 19, 107, 74045 }, // ⋂
    { 17, 24, 19, 1, 18, 102, 74152 }, // ⋃
    { 13, 14, 15, 1, 14, 46, 74254 }, // ⋄
    { 4, 3, 6, 1, 8, 3, 74300 }, // ⋅
    { 10, 10, 12, 1, 12, 25, 74303 }, // ⋆
    { 13, 13, 14, 1, 14, 43, 74328 }, // ⋇
    { 17, 18, 18, 1, 16, 77, 74371 }, // ⋈
    { 17, 18, 18, 1, 16, 77, 74448 }, // ⋉
    { 17, 18, 18, 1, 16, 77, 74525 }, // ⋊
    { 17, 17, 18, 1, 15, 73, 74602 }, // ⋋
    { 17, 17, 18, 1, 15, 73, 74675 }, // ⋌
    { 13, 7, 14, 1, 11, 23, 74748 }, // ⋍
    { 16, 14, 18, 1, 14, 56, 74771 }, // ⋎
    { 16, 14, 18, 1, 14, 56, 74827 }, // ⋏
    { 16, 15, 17, 1, 15, 60, 74883 }, // ⋐
    { 16, 15, 17, 1, 15, 60, 74943 }, // ⋑
    { 15, 16, 17, 1, 15, 60, 75003 }, // ⋒
    { 15, 15, 17, 1, 15, 57, 75063 }, // ⋓
    { 15, 18, 17, 1, 16, 68, 75120 }, // ⋔
    { 13, 22, 14, 1, 18, 72, 75188 }, // ⋕
    { 12, 13, 13, 1, 13, 39, 75260 }, // ⋖
    { 12, 13, 13, 1, 13, 39, 75299 }, // ⋗
    { 27, 14, 29, 1, 14, 95, 75338 }, // ⋘
    { 27, 14, 29, 1, 14, 95, 75433 }, // ⋙
    { 13, 24, 14, 1, 19, 78, 75528 }, // ⋚
    { 13, 24, 14, 1, 19, 78, 75606 }, // ⋛
    { 13, 17, 14, 1, 16, 56, 75684 }, // ⋜
    { 13, 17, 14, 1, 16, 56, 75740 }, // ⋝
    { 12, 18, 14, 1, 16, 54, 75796 }, // ⋞
    { 12, 18, 14, 1, 16, 54, 75850 }, // ⋟
    { 12, 22, 14, 1, 19, 66, 75904 }, // ⋠
    { 12, 22, 14, 1, 19, 66, 75970 }, // ⋡
    { 13, 25, 14, 1, 20, 82, 76036 }, // ⋢
    { 13, 25, 14, 1, 20, 82, 76118 }, // ⋣
    { 13, 21, 14, 1, 16, 69, 76200 }, // ⋤
    { 13, 21, 14, 1, 16, 69, 76269 }, // ⋥
    { 13, 17, 14, 1, 14, 56, 76338 }, // ⋦
    { 13, 17, 14, 1, 15, 56, 76394 }, // ⋧
    { 13, 17, 14, 1, 15, 56, 76450 }, // ⋨
    { 13, 17, 14, 1, 14, 56, 76506 }, // ⋩
    { 13, 17, 14, 1, 16, 56, 76562 }, // ⋪
    { 13, 16, 14, 1, 15, 52, 76618 }, // ⋫
    { 13, 22, 14, 1, 18, 72, 76670 }, // ⋬
    { 13, 22, 14, 1, 18, 72, 76742 }, // ⋭
    { 4, 18, 6, 1, 16, 18, 76814 }, // ⋮
    { 19, 3, 21, 1, 8, 15, 76832 }, // ⋯
    { 19, 18, 21, 1, 16, 86, 76847 }, // ⋰
    { 19, 18, 21, 1, 16, 86, 76933 }, // ⋱
    { 19, 15, 20, 1, 15, 72, 77019 }, // ⋲
    { 16, 15, 17, 1, 15, 60, 77091 }, // ⋳
    { 12, 12, 14, 1, 13, 36, 77151 }, // ⋴
    { 16, 19, 17, 1, 19, 76, 77187 }, // ⋵
    { 16, 19, 17, 1, 19, 76, 77263 }, // ⋶
    { 12, 15, 14, 1, 16, 45, 77339 }, // ⋷
    { 16, 19, 17, 1, 15, 76, 77384 }, // ⋸
    { 16, 15, 17, 1, 15, 60, 77460 }, // ⋹
    { 19, 15, 20, 1, 15, 72, 77520 }, // ⋺
    { 16, 15, 17, 1, 15, 60, 77592 }, // ⋻
    { 12, 12, 14, 1, 13, 36, 77652 }, // ⋼
    { 16, 19, 17, 1, 19, 76, 77688 }, // ⋽
    { 12, 15, 14, 1, 16, 45, 77764 }, // ⋾
    { 15, 15, 17, 1, 15, 57, 77809 }, // ⋿
    { 8, 24, 10, 2, 20, 48, 77866 }, // ⟨
    { 9, 24, 10, 0, 20, 54, 77914 }, // ⟩
    { 27, 18, 25, -1, 18, 122, 77968 }, // 𝒜
    { 20, 18, 21, 1, 18, 90, 78090 }, // 𝒞
    { 20, 18, 21, 0, 18, 90, 78180 }, // 𝒟
    { 18, 18, 19, 0, 18, 81, 78270 }, // 𝒢
    { 22, 22, 21, 0, 18, 121, 78351 }, // 𝒥
    { 28, 18, 28, 0, 18, 126, 78472 }, // 𝒦
    { 26, 19, 26, 0, 18, 124, 78598 }, // 𝒩
    { 18, 18, 19, 1, 18, 81, 78722 }, // 𝒪
    { 24, 18, 24, 0, 18, 108, 78803 }, // 𝒫
    { 20, 18, 20, 0, 18, 90, 78911 }, // 𝒬
    { 24, 18, 24, 0, 18, 108, 79001 }, // 𝒮
    { 24, 18, 23, 0, 18, 108, 79109 }, // 𝒯
    { 26, 18, 26, 0, 18, 117, 79217 }, // 𝒰
    { 21, 18, 20, 0, 18, 95, 79334 }, // 𝒱
    { 29, 18, 29, 0, 18, 131, 79429 }, // 𝒲
    { 24, 18, 24, 0, 18, 108, 79560 }, // 𝒳
    { 23, 18, 22, 0, 18, 104, 79668 }, // 𝒴
    { 20, 26, 19, -2, 18, 130, 79772 }, // 𝒵
    { 18, 18, 18, 0, 18, 81, 79902 }, // 𝔸
    { 15, 18, 17, 1, 18, 68, 79983 }, // 𝔹
    { 17, 18, 18, 1, 18, 77, 80051 }, // 𝔻
    { 12, 18, 14, 1, 18, 54, 80128 }, // 𝔼
    { 12, 18, 13, 1, 18, 54, 80182 }, // 𝔽
    { 16, 18, 18, 1, 18, 72, 80236 }, // 𝔾
    { 6, 18, 8, 1, 18, 27, 80308 }, // 𝕀
    { 9, 18, 10, 0, 18, 41, 80335 }, // 𝕁
    { 16, 18, 17, 1, 18, 72, 80376 }, // 𝕂
    { 12, 18, 13, 1, 18, 54, 80448 }, // 𝕃
    { 20, 18, 23, 1, 18, 90, 80502 }, // 𝕄
    { 17, 18, 19, 1, 18, 77, 80592 }, // 𝕆
    { 13, 18, 13, 0, 18, 59, 80669 }, // 𝕊
    { 15, 18, 15, 0, 18, 68, 80728 }, // 𝕋
    { 14, 18, 16, 1, 18, 63, 80796 }, // 𝕌
    { 17, 18, 17, 0, 18, 77, 80859 }, // 𝕍
    { 24, 18, 23, 0, 18, 108, 80936 }, // 𝕎
    { 17, 18, 17, 0, 18, 77, 81044 }, // 𝕏
    { 16, 18, 16, 0, 18, 72, 81121 }, // 𝕐
};

static const EpdUnicodeInterval notosans_12_regularIntervals[] = {
    { 0x0, 0x0, 0x0 },
    { 0xD, 0xD, 0x1 },
    { 0x20, 0x7E, 0x2 },
    { 0xA0, 0xFF, 0x61 },
    { 0x100, 0x17F, 0xC1 },
    { 0x300, 0x36F, 0x141 },
    { 0x370, 0x377, 0x1B1 },
    { 0x37A, 0x37F, 0x1B9 },
    { 0x384, 0x38A, 0x1BF },
    { 0x38C, 0x38C, 0x1C6 },
    { 0x38E, 0x3A1, 0x1C7 },
    { 0x3A3, 0x3E1, 0x1DB },
    { 0x3F0, 0x3FF, 0x21A },
    { 0x400, 0x4FF, 0x22A },
    { 0x2000, 0x2064, 0x32A },
    { 0x2066, 0x206F, 0x38F },
    { 0x20A0, 0x20C0, 0x399 },
    { 0x2113, 0x2113, 0x3BA },
    { 0x211D, 0x211D, 0x3BB },
    { 0x2190, 0x21FF, 0x3BC },
    { 0x2200, 0x22FF, 0x42C },
    { 0x27E8, 0x27E9, 0x52C },
    { 0x1D49C, 0x1D49C, 0x52E },
    { 0x1D49E, 0x1D49F, 0x52F },
    { 0x1D4A2, 0x1D4A2, 0x531 },
    { 0x1D4A5, 0x1D4A6, 0x532 },
    { 0x1D4A9, 0x1D4AC, 0x534 },
    { 0x1D4AE, 0x1D4B5, 0x538 },
    { 0x1D538, 0x1D539, 0x540 },
    { 0x1D53B, 0x1D53E, 0x542 },
    { 0x1D540, 0x1D544, 0x546 },
    { 0x1D546, 0x1D546, 0x54B },
    { 0x1D54A, 0x1D550, 0x54C },
};

static const EpdFontData notosans_12_regular = {
    notosans_12_regularBitmaps,
    notosans_12_regularGlyphs,
    notosans_12_regularIntervals,
    33,
    34,
    27,
    -8,
    true,
};
