/**
 * generated by fontconvert.py
 * name: notosans_16_italic
 * size: 16
 * mode: 2-bit
 */
#pragma once
#include "EpdFontData.h"

static const uint8_t notosans_16_italicBitmaps[146518] = {
    0x00, 0x1F, 0xC0, 0x02, 0xFC, 0x00, 0x3F, 0x80, 0x03, 0xF4, 0x00, 0x3F, 0x00, 0x07, 0xF0, 0x00,
    0xBE, 0x00, 0x0B, 0xD0, 0x00, 0xFC, 0x00, 0x0F, 0xC0, 0x00, 0xF8, 0x00, 0x1F, 0x40, 0x02, 0xF0,
    0x00, 0x3F, 0x00, 0x03, 0xE0, 0x00, 0x3D, 0x00, 0x07, 0xC0, 0x00, 0x14, 0x00, 0x00, 0x00, 0x00,
    0x00, 0x00, 0x1F, 0x40, 0x03, 0xFC, 0x00, 0x7F, 0xC0, 0x03, 0xF4, 0x00, 0x04, 0x00, 0x00, 0x0F,
    0x81, 0xF4, 0x7E, 0x0B, 0xD2, 0xF4, 0x3F, 0x0B, 0xC0, 0xFC, 0x3F, 0x03, 0xD0, 0xF4, 0x0F, 0x03,
    0xC0, 0x7C, 0x0F, 0x01, 0xE0, 0x74, 0x07, 0x40, 0x00, 0x00, 0x3D, 0x00, 0xB4, 0x00, 0x00, 0x1F,
    0x00, 0x3C, 0x00, 0x00, 0x0B, 0xC0, 0x1F, 0x00, 0x00, 0x03, 0xD0, 0x0B, 0x80, 0x00, 0x00, 0xF0,
    0x03, 0xD0, 0x00, 0x00, 0x7C, 0x01, 0xF0, 0x00, 0x00, 0x3E, 0x00, 0xBC, 0x00, 0x2A, 0xAF, 0xEA,
    0xBF, 0xAA, 0x0F, 0xFF, 0xFF, 0xFF, 0xFF, 0x81, 0x57, 0xF5, 0x5F, 0xD5, 0x50, 0x00, 0xF4, 0x03,
    0xE0, 0x00, 0x00, 0x3C, 0x00, 0xF4, 0x00, 0x00, 0x1F, 0x00, 0x7C, 0x00, 0x00, 0x0F, 0x80, 0x2E,
    0x00, 0x00, 0x03, 0xD0, 0x0F, 0x80, 0x03, 0xFF, 0xFF, 0xFF, 0xFF, 0xF0, 0xFF, 0xFF, 0xFF, 0xFF,
    0xFC, 0x00, 0x3D, 0x00, 0xF8, 0x00, 0x00, 0x0F, 0x00, 0x3D, 0x00, 0x00, 0x07, 0xC0, 0x1F, 0x00,
    0x00, 0x03, 0xE0, 0x0B, 0x80, 0x00, 0x00, 0xF4, 0x03, 0xD0, 0x00, 0x00, 0x7C, 0x01, 0xF0, 0x00,
    0x00, 0x2E, 0x00, 0xBC, 0x00, 0x00, 0x00, 0x00, 0x01, 0x00, 0x00, 0x00, 0x03, 0xD0, 0x00, 0x00,
    0x00, 0xF0, 0x00, 0x00, 0x01, 0xBD, 0x00, 0x00, 0x0B, 0xFF, 0xFE, 0x00, 0x1F, 0xFF, 0xFF, 0xC0,
    0x0F, 0xD3, 0xD1, 0xE0, 0x0B, 0xD0, 0xF0, 0x00, 0x03, 0xF0, 0x7C, 0x00, 0x00, 0xF8, 0x2E, 0x00,
    0x00, 0x3F, 0x0B, 0x40, 0x00, 0x0B, 0xE3, 0xC0, 0x00, 0x00, 0xFF, 0xF0, 0x00, 0x00, 0x0F, 0xFF,
    0x40, 0x00, 0x00, 0x7F, 0xF8, 0x00, 0x00, 0x0F, 0xFF, 0x80, 0x00, 0x03, 0xC3, 0xF0, 0x00, 0x00,
    0xF0, 0x7D, 0x00, 0x00, 0x78, 0x1F, 0x40, 0x00, 0x2E, 0x0B, 0xD0, 0x40, 0x0F, 0x47, 0xF0, 0x3E,
    0x43, 0xDB, 0xF4, 0x0F, 0xFF, 0xFF, 0xF4, 0x01, 0xBF, 0xFF, 0xE0, 0x00, 0x00, 0x7E, 0x00, 0x00,
    0x00, 0x0F, 0x00, 0x00, 0x00, 0x03, 0xC0, 0x00, 0x00, 0x01, 0xF0, 0x00, 0x00, 0x00, 0x00, 0x00,
    0x00, 0x00, 0x00, 0x00, 0x7F, 0xD0, 0x00, 0x02, 0xE0, 0x02, 0xFF, 0xF0, 0x00, 0x0B, 0xC0, 0x07,
    0xE0, 0xF8, 0x00, 0x1F, 0x40, 0x0F, 0x80, 0xBC, 0x00, 0x3E, 0x00, 0x1F, 0x00, 0xBC, 0x00, 0xBC,
    0x00, 0x2E, 0x00, 0xBC, 0x01, 0xF0, 0x00, 0x3D, 0x00, 0xB8, 0x03, 0xD0, 0x00, 0x3D, 0x00, 0xF8,
    0x0F, 0x80, 0x00, 0x7C, 0x00, 0xF4, 0x2F, 0x00, 0x00, 0x7C, 0x01, 0xF0, 0x7C, 0x1A, 0x40, 0x7C,
    0x03, 0xE0, 0xF4, 0xFF, 0xF0, 0x3D, 0x07, 0xC3, 0xE3, 0xFA, 0xF8, 0x3F, 0x6F, 0x8B, 0xC7, 0xD0,
    0xBC, 0x1F, 0xFE, 0x1F, 0x0F, 0x80, 0x7C, 0x06, 0xE4, 0x3D, 0x1F, 0x00, 0x7C, 0x00, 0x00, 0xF8,
    0x2F, 0x00, 0x7C, 0x00, 0x02, 0xF0, 0x3E, 0x00, 0xBC, 0x00, 0x07, 0xC0, 0x3D, 0x00, 0xB8, 0x00,
    0x0F, 0x40, 0x3D, 0x00, 0xF4, 0x00, 0x3E, 0x00, 0x3D, 0x01, 0xF0, 0x00, 0xBC, 0x00, 0x3D, 0x03,
    0xE0, 0x01, 0xF0, 0x00, 0x3F, 0x0B, 0xC0, 0x03, 0xD0, 0x00, 0x1F, 0xFF, 0x40, 0x0F, 0x80, 0x00,
    0x0B, 0xFD, 0x00, 0x00, 0x00, 0x00, 0x00, 0x50, 0x00, 0x00, 0x00, 0x00, 0x00, 0x00, 0x00, 0x00,
    0x2F, 0xFD, 0x00, 0x00, 0x00, 0x7F, 0xFF, 0xD0, 0x00, 0x00, 0x7F, 0x86, 0xFC, 0x00, 0x00, 0x3F,
    0x40, 0x2F, 0x40, 0x00, 0x0F, 0xC0, 0x07, 0xD0, 0x00, 0x03, 0xE0, 0x01, 0xF4, 0x00, 0x00, 0xF8,
    0x00, 0xFC, 0x00, 0x00, 0x3F, 0x00, 0xBE, 0x00, 0x00, 0x0B, 0xC1, 0xFE, 0x00, 0x00, 0x01, 0xFF,
    0xFD, 0x00, 0x00, 0x00, 0x3F, 0xF8, 0x00, 0x00, 0x00, 0x2F, 0xF4, 0x00, 0x00, 0x00, 0xBF, 0xFF,
    0x00, 0x01, 0x40, 0xBF, 0x4B, 0xE0, 0x03, 0xF0, 0xBE, 0x00, 0xFC, 0x01, 0xF8, 0x7F, 0x00, 0x1F,
    0xC0, 0xFC, 0x2F, 0x40, 0x02, 0xF8, 0xBD, 0x0F, 0xC0, 0x00, 0x3F, 0xBE, 0x03, 0xF0, 0x00, 0x03,
    0xFF, 0x00, 0xFC, 0x00, 0x00, 0xFF, 0x00, 0x2F, 0x80, 0x00, 0xFF, 0xE0, 0x03, 0xF9, 0x06, 0xFE,
    0xFD, 0x00, 0xBF, 0xFF, 0xFD, 0x1F, 0xC0, 0x07, 0xFF, 0xF8, 0x02, 0xFC, 0x00, 0x05, 0x40, 0x00,
    0x00, 0x00, 0x0F, 0x87, 0xE2, 0xF4, 0xBC, 0x3F, 0x0F, 0x43, 0xC0, 0xF0, 0x74, 0x00, 0x00, 0x00,
    0xB8, 0x00, 0x02, 0xF0, 0x00, 0x0B, 0xD0, 0x00, 0x1F, 0x80, 0x00, 0x3F, 0x00, 0x00, 0xBD, 0x00,
    0x01, 0xF8, 0x00, 0x03, 0xF0, 0x00, 0x07, 0xE0, 0x00, 0x0F, 0xC0, 0x00, 0x0F, 0xC0, 0x00, 0x1F,
    0x40, 0x00, 0x3F, 0x00, 0x00, 0x3F, 0x00, 0x00, 0x3E, 0x00, 0x00, 0x7D, 0x00, 0x00, 0xBD, 0x00,
    0x00, 0xBC, 0x00, 0x00, 0xBC, 0x00, 0x00, 0xBC, 0x00, 0x00, 0xBC, 0x00, 0x00, 0xBC, 0x00, 0x00,
    0x7D, 0x00, 0x00, 0x7D, 0x00, 0x00, 0x3E, 0x00, 0x00, 0x3F, 0x00, 0x00, 0x2F, 0x00, 0x00, 0x0F,
    0x40, 0x00, 0x0B, 0x80, 0x00, 0x01, 0x40, 0x00, 0x00, 0x03, 0xC0, 0x00, 0x03, 0xE0, 0x00, 0x02,
    0xF0, 0x00, 0x00, 0xF4, 0x00, 0x00, 0xF8, 0x00, 0x00, 0xFC, 0x00, 0x00, 0xBC, 0x00, 0x00, 0xBC,
    0x00, 0x00, 0xBC, 0x00, 0x00, 0xBD, 0x00, 0x00, 0xBD, 0x00, 0x00, 0xBD, 0x00, 0x00, 0xBC, 0x00,
    0x00, 0xFC, 0x00, 0x00, 0xFC, 0x00, 0x00, 0xFC, 0x00, 0x01, 0xF8, 0x00, 0x02, 0xF4, 0x00, 0x03,
    0xF0, 0x00, 0x07, 0xE0, 0x00, 0x0F, 0xC0, 0x00, 0x0F, 0x80, 0x00, 0x2F, 0x00, 0x00, 0x7E, 0x00,
    0x00, 0xFC, 0x00, 0x02, 0xF4, 0x00, 0x07, 0xE0, 0x00, 0x0F, 0x80, 0x00, 0x3F, 0x00, 0x00, 0x14,
    0x00, 0x00, 0x00, 0x00, 0x40, 0x00, 0x00, 0x00, 0xFC, 0x00, 0x00, 0x00, 0xF8, 0x00, 0x00, 0x01,
    0xF0, 0x00, 0x24, 0x01, 0xF0, 0x00, 0x3F, 0x41, 0xE0, 0x00, 0x7F, 0xF6, 0xC0, 0x00, 0x06, 0xFF,
    0xEB, 0xFE, 0x00, 0x0F, 0xFF, 0xFE, 0x00, 0x2F, 0xE0, 0x59, 0x00, 0xFC, 0xF0, 0x00, 0x03, 0xF0,
    0xF4, 0x00, 0x0F, 0xD0, 0xBC, 0x00, 0x0F, 0x80, 0x7D, 0x00, 0x02, 0x00, 0x3F, 0x00, 0x00, 0x00,
    0x29, 0x00, 0x00, 0x03, 0xD0, 0x00, 0x00, 0x03, 0xD0, 0x00, 0x00, 0x03, 0xD0, 0x00, 0x00, 0x03,
    0xD0, 0x00, 0x00, 0x03, 0xD0, 0x00, 0x00, 0x03, 0xD0, 0x00, 0x00, 0x03, 0xD0, 0x00, 0xBF, 0xFF,
    0xFF, 0xFF, 0xBF, 0xFF, 0xFF, 0xFF, 0x55, 0x57, 0xE5, 0x55, 0x00, 0x03, 0xD0, 0x00, 0x00, 0x03,
    0xD0, 0x00, 0x00, 0x03, 0xD0, 0x00, 0x00, 0x03, 0xD0, 0x00, 0x00, 0x03, 0xD0, 0x00, 0x00, 0x03,
    0xD0, 0x00, 0x00, 0x01, 0x40, 0x00, 0x01, 0xFC, 0x02, 0xF8, 0x03, 0xF0, 0x07, 0xE0, 0x0F, 0xC0,
    0x0F, 0x80, 0x2F, 0x00, 0x3D, 0x00, 0x14, 0x00, 0x05, 0x55, 0x42, 0xFF, 0xFC, 0x3F, 0xFF, 0xC1,
    0x55, 0x54, 0x00, 0x07, 0xD3, 0xFD, 0xFF, 0x3F, 0x41, 0x00, 0x00, 0x00, 0x00, 0x1F, 0x40, 0x00,
    0x00, 0x0F, 0xC0, 0x00, 0x00, 0x0B, 0xD0, 0x00, 0x00, 0x03, 0xF0, 0x00, 0x00, 0x02, 0xF4, 0x00,
    0x00, 0x00, 0xFC, 0x00, 0x00, 0x00, 0xFC, 0x00, 0x00, 0x00, 0x7E, 0x00, 0x00, 0x00, 0x3F, 0x00,
    0x00, 0x00, 0x1F, 0x80, 0x00, 0x00, 0x0F, 0xC0, 0x00, 0x00, 0x0B, 0xD0, 0x00, 0x00, 0x03, 0xF0,
    0x00, 0x00, 0x02, 0xF4, 0x00, 0x00, 0x00, 0xFC, 0x00, 0x00, 0x00, 0xFC, 0x00, 0x00, 0x00, 0x7E,
    0x00, 0x00, 0x00, 0x3F, 0x00, 0x00, 0x00, 0x1F, 0x80, 0x00, 0x00, 0x0F, 0xC0, 0x00, 0x00, 0x0B,
    0xD0, 0x00, 0x00, 0x03, 0xF0, 0x00, 0x00, 0x02, 0xF4, 0x00, 0x00, 0x01, 0xFC, 0x00, 0x00, 0x00,
    0x00, 0x00, 0x00, 0x00, 0x00, 0x00, 0x7F, 0xF8, 0x00, 0x00, 0xBF, 0xFF, 0xC0, 0x00, 0xFF, 0x97,
    0xF8, 0x00, 0xBF, 0x00, 0x3F, 0x00, 0x7F, 0x00, 0x0B, 0xD0, 0x3F, 0x40, 0x01, 0xF8, 0x1F, 0xC0,
    0x00, 0x3F, 0x0B, 0xD0, 0x00, 0x0F, 0xC3, 0xF0, 0x00, 0x03, 0xF1, 0xFC, 0x00, 0x01, 0xF8, 0x7E,
    0x00, 0x00, 0x7E, 0x2F, 0x40, 0x00, 0x1F, 0x8F, 0xC0, 0x00, 0x0B, 0xD3, 0xF0, 0x00, 0x03, 0xF0,
    0xFC, 0x00, 0x00, 0xFC, 0x3F, 0x00, 0x00, 0x7E, 0x0F, 0xC0, 0x00, 0x2F, 0x43, 0xF0, 0x00, 0x0F,
    0xC0, 0xFC, 0x00, 0x0B, 0xE0, 0x3F, 0x40, 0x03, 0xF0, 0x07, 0xE0, 0x03, 0xF8, 0x00, 0xFE, 0x47,
    0xFC, 0x00, 0x1F, 0xFF, 0xF8, 0x00, 0x01, 0xFF, 0xF4, 0x00, 0x00, 0x01, 0x40, 0x00, 0x00, 0x00,
    0x01, 0xF8, 0x00, 0x2F, 0xE0, 0x07, 0xFF, 0x40, 0xFF, 0xFC, 0x2F, 0xF7, 0xF0, 0xFE, 0x1F, 0x81,
    0xD0, 0x7D, 0x00, 0x02, 0xF0, 0x00, 0x0F, 0xC0, 0x00, 0x3F, 0x00, 0x01, 0xF8, 0x00, 0x0B, 0xD0,
    0x00, 0x3F, 0x00, 0x00, 0xFC, 0x00, 0x03, 0xE0, 0x00, 0x1F, 0x80, 0x00, 0xBD, 0x00, 0x03, 0xF0,
    0x00, 0x0F, 0xC0, 0x00, 0x7E, 0x00, 0x02, 0xF4, 0x00, 0x0B, 0xC0, 0x00, 0x3F, 0x00, 0x00, 0xFC,
    0x00, 0x00, 0x00, 0x00, 0x00, 0x00, 0x00, 0x1B, 0xFF, 0x80, 0x00, 0x1F, 0xFF, 0xFF, 0x00, 0x07,
    0xFE, 0x5B, 0xFC, 0x00, 0x2D, 0x00, 0x1F, 0xD0, 0x00, 0x00, 0x00, 0xBE, 0x00, 0x00, 0x00, 0x07,
    0xE0, 0x00, 0x00, 0x00, 0xBE, 0x00, 0x00, 0x00, 0x0B, 0xD0, 0x00, 0x00, 0x00, 0xFC, 0x00, 0x00,
    0x00, 0x2F, 0x40, 0x00, 0x00, 0x07, 0xF0, 0x00, 0x00, 0x01, 0xFC, 0x00, 0x00, 0x00, 0x7F, 0x00,
    0x00, 0x00, 0x2F, 0xC0, 0x00, 0x00, 0x0B, 0xF0, 0x00, 0x00, 0x02, 0xFC, 0x00, 0x00, 0x00, 0xFF,
    0x00, 0x00, 0x00, 0x3F, 0x80, 0x00, 0x00, 0x0F, 0xE0, 0x00, 0x00, 0x03, 0xF4, 0x00, 0x00, 0x01,
    0xFD, 0x00, 0x00, 0x00, 0x7F, 0xEA, 0xAA, 0xA8, 0x0B, 0xFF, 0xFF, 0xFF, 0xC0, 0xFF, 0xFF, 0xFF,
    0xFC, 0x00, 0x00, 0x00, 0x00, 0x00, 0x00, 0x00, 0x1F, 0xFF, 0x80, 0x00, 0x2F, 0xFF, 0xFF, 0x00,
    0x07, 0xFE, 0x5B, 0xFC, 0x00, 0x2D, 0x00, 0x0F, 0xD0, 0x00, 0x00, 0x00, 0xBD, 0x00, 0x00, 0x00,
    0x0B, 0xD0, 0x00, 0x00, 0x00, 0xBD, 0x00, 0x00, 0x00, 0x0F, 0xC0, 0x00, 0x00, 0x02, 0xF8, 0x00,
    0x00, 0x00, 0xBE, 0x00, 0x00, 0x6A, 0xFF, 0x80, 0x00, 0x0F, 0xFF, 0x40, 0x00, 0x01, 0xFF, 0xFD,
    0x00, 0x00, 0x00, 0x0B, 0xF4, 0x00, 0x00, 0x00, 0x1F, 0xC0, 0x00, 0x00, 0x00, 0xBD, 0x00, 0x00,
    0x00, 0x07, 0xE0, 0x00, 0x00, 0x00, 0x7E, 0x00, 0x00, 0x00, 0x0B, 0xE0, 0x00, 0x00, 0x00, 0xFC,
    0x01, 0x00, 0x00, 0x2F, 0xC0, 0x7E, 0x50, 0x6F, 0xF0, 0x07, 0xFF, 0xFF, 0xFC, 0x00, 0x1B, 0xFF,
    0xFD, 0x00, 0x00, 0x01, 0x50, 0x00, 0x00, 0x00, 0x00, 0x00, 0x0F, 0xD0, 0x00, 0x00, 0x03, 0xFC,
    0x00, 0x00, 0x00, 0xFF, 0xC0, 0x00, 0x00, 0x2F, 0xFC, 0x00, 0x00, 0x0B, 0xDF, 0x80, 0x00, 0x01,
    0xF8, 0xF4, 0x00, 0x00, 0x7F, 0x2F, 0x00, 0x00, 0x0F, 0xC3, 0xF0, 0x00, 0x03, 0xF0, 0x3F, 0x00,
    0x00, 0xFD, 0x07, 0xE0, 0x00, 0x2F, 0x40, 0xBD, 0x00, 0x0B, 0xE0, 0x0B, 0xC0, 0x01, 0xF8, 0x00,
    0xFC, 0x00, 0x3F, 0x00, 0x0F, 0x80, 0x0F, 0xC0, 0x01, 0xF8, 0x03, 0xF0, 0x00, 0x2F, 0x40, 0x7F,
    0xFF, 0xFF, 0xFF, 0xFB, 0xFF, 0xFF, 0xFF, 0xFE, 0x6A, 0xAA, 0xAB, 0xFA, 0x80, 0x00, 0x00, 0x7D,
    0x00, 0x00, 0x00, 0x0B, 0xC0, 0x00, 0x00, 0x00, 0xFC, 0x00, 0x00, 0x00, 0x0F, 0xC0, 0x00, 0x00,
    0x01, 0xF8, 0x00, 0x00, 0x0F, 0xFF, 0xFF, 0x80, 0x07, 0xFF, 0xFF, 0xE0, 0x03, 0xFF, 0xFF, 0xF4,
    0x00, 0xF8, 0x00, 0x00, 0x00, 0x7D, 0x00, 0x00, 0x00, 0x2F, 0x00, 0x00, 0x00, 0x0F, 0xC0, 0x00,
    0x00, 0x03, 0xE0, 0x00, 0x00, 0x01, 0xF0, 0x00, 0x00, 0x00, 0xFD, 0x69, 0x00, 0x00, 0x3F, 0xFF,
    0xF8, 0x00, 0x0F, 0xFF, 0xFF, 0xC0, 0x00, 0x00, 0x0B, 0xF4, 0x00, 0x00, 0x00, 0xBF, 0x00, 0x00,
    0x00, 0x0F, 0xC0, 0x00, 0x00, 0x03, 0xF0, 0x00, 0x00, 0x00, 0xFC, 0x00, 0x00, 0x00, 0x3F, 0x00,
    0x00, 0x00, 0x1F, 0xC0, 0x00, 0x00, 0x0F, 0xD0, 0x40, 0x00, 0x0B, 0xF0, 0x3E, 0x40, 0x6F, 0xF0,
    0x0F, 0xFF, 0xFF, 0xF0, 0x00, 0xBF, 0xFF, 0xD0, 0x00, 0x00, 0x54, 0x00, 0x00, 0x00, 0x00, 0x00,
    0x00, 0x00, 0x00, 0x00, 0x1B, 0xFF, 0xC0, 0x00, 0x3F, 0xFF, 0xF0, 0x00, 0x7F, 0xE5, 0x64, 0x00,
    0x7F, 0x80, 0x00, 0x00, 0x3F, 0x40, 0x00, 0x00, 0x3F, 0x40, 0x00, 0x00, 0x1F, 0x80, 0x00, 0x00,
    0x0F, 0xC0, 0x00, 0x00, 0x07, 0xE0, 0x00, 0x00, 0x02, 0xF4, 0x6F, 0xE0, 0x00, 0xFC, 0xFF, 0xFF,
    0x00, 0x3F, 0xFD, 0x6F, 0xF0, 0x1F, 0xF4, 0x00, 0xFD, 0x0B, 0xF0, 0x00, 0x2F, 0x83, 0xF8, 0x00,
    0x07, 0xE0, 0xFC, 0x00, 0x00, 0xF8, 0x3F, 0x00, 0x00, 0x7E, 0x0F, 0xC0, 0x00, 0x2F, 0x43, 0xF0,
    0x00, 0x0F, 0xC0, 0xBD, 0x00, 0x07, 0xE0, 0x1F, 0xC0, 0x03, 0xF0, 0x03, 0xFD, 0x0B, 0xF8, 0x00,
    0x3F, 0xFF, 0xF8, 0x00, 0x02, 0xFF, 0xF4, 0x00, 0x00, 0x05, 0x40, 0x00, 0x00, 0x0F, 0xFF, 0xFF,
    0xFF, 0x83, 0xFF, 0xFF, 0xFF, 0xD1, 0xFF, 0xFF, 0xFF, 0xF4, 0x00, 0x00, 0x01, 0xF8, 0x00, 0x00,
    0x00, 0xFC, 0x00, 0x00, 0x00, 0x7E, 0x00, 0x00, 0x00, 0x3F, 0x00, 0x00, 0x00, 0x2F, 0x40, 0x00,
    0x00, 0x0F, 0xC0, 0x00, 0x00, 0x0F, 0xD0, 0x00, 0x00, 0x07, 0xE0, 0x00, 0x00, 0x03, 0xF0, 0x00,
    0x00, 0x02, 0xF8, 0x00, 0x00, 0x00, 0xFC, 0x00, 0x00, 0x00, 0xBD, 0x00, 0x00, 0x00, 0x7F, 0x00,
    0x00, 0x00, 0x3F, 0x00, 0x00, 0x00, 0x1F, 0x80, 0x00, 0x00, 0x0F, 0xC0, 0x00, 0x00, 0x0B, 0xD0,
    0x00, 0x00, 0x03, 0xF0, 0x00, 0x00, 0x03, 0xF4, 0x00, 0x00, 0x01, 0xF8, 0x00, 0x00, 0x00, 0xFC,
    0x00, 0x00, 0x00, 0x00, 0x00, 0x00, 0x00, 0x00, 0x00, 0x1F, 0xFF, 0x40, 0x00, 0x0F, 0xFF, 0xFE,
    0x00, 0x03, 0xFD, 0x5B, 0xF4, 0x00, 0x7F, 0x00, 0x1F, 0xC0, 0x0F, 0xC0, 0x00, 0xFC, 0x00, 0xFC,
    0x00, 0x0F, 0xC0, 0x0F, 0xC0, 0x00, 0xFC, 0x00, 0xFC, 0x00, 0x1F, 0x80, 0x0B, 0xE0, 0x07, 0xF0,
    0x00, 0x3F, 0x42, 0xFC, 0x00, 0x00, 0xFF, 0xFE, 0x00, 0x00, 0x0B, 0xFF, 0x00, 0x00, 0x0B, 0xFF,
    0xF8, 0x00, 0x07, 0xF8, 0x0F, 0xF0, 0x00, 0xFD, 0x00, 0x3F, 0x80, 0x3F, 0x40, 0x00, 0xFC, 0x03,
    0xF0, 0x00, 0x0F, 0xC0, 0x7E, 0x00, 0x00, 0xBD, 0x07, 0xE0, 0x00, 0x0F, 0xC0, 0x7E, 0x00, 0x00,
    0xFC, 0x03, 0xF4, 0x00, 0x3F, 0x80, 0x2F, 0xE0, 0x1F, 0xF0, 0x00, 0xFF, 0xFF, 0xFC, 0x00, 0x02,
    0xFF, 0xFE, 0x00, 0x00, 0x00, 0x54, 0x00, 0x00, 0x00, 0x00, 0x00, 0x00, 0x00, 0x01, 0xBF, 0xF4,
    0x00, 0x02, 0xFF, 0xFF, 0x80, 0x03, 0xFE, 0x5B, 0xF4, 0x02, 0xFC, 0x00, 0x7F, 0x00, 0xFC, 0x00,
    0x0F, 0xC0, 0xBD, 0x00, 0x02, 0xF4, 0x3F, 0x00, 0x00, 0xBD, 0x0F, 0xC0, 0x00, 0x2F, 0x43, 0xF0,
    0x00, 0x0B, 0xD0, 0xFC, 0x00, 0x03, 0xF4, 0x3F, 0x00, 0x01, 0xFC, 0x0B, 0xE0, 0x01, 0xFF, 0x01,
    0xFE, 0x46, 0xFF, 0xC0, 0x2F, 0xFF, 0xF7, 0xE0, 0x01, 0xFF, 0xD2, 0xF4, 0x00, 0x00, 0x00, 0xFC,
    0x00, 0x00, 0x00, 0x7E, 0x00, 0x00, 0x00, 0x3F, 0x00, 0x00, 0x00, 0x1F, 0xC0, 0x00, 0x00, 0x0F,
    0xC0, 0x00, 0x00, 0x1F, 0xE0, 0x06, 0x51, 0x7F, 0xE0, 0x01, 0xFF, 0xFF, 0xD0, 0x00, 0x7F, 0xFF,
    0x80, 0x00, 0x00, 0x54, 0x00, 0x00, 0x00, 0x00, 0x10, 0x00, 0xFD, 0x02, 0xFD, 0x02, 0xFD, 0x01,
    0xF8, 0x00, 0x00, 0x00, 0x00, 0x00, 0x00, 0x00, 0x00, 0x00, 0x00, 0x00, 0x00, 0x00, 0x00, 0x00,
    0x00, 0x00, 0x00, 0x00, 0x00, 0x1F, 0x40, 0x3F, 0xC0, 0x7F, 0xC0, 0x3F, 0x40, 0x04, 0x00, 0x00,
    0x01, 0x00, 0x00, 0xFD, 0x00, 0x2F, 0xD0, 0x02, 0xFD, 0x00, 0x1F, 0x80, 0x00, 0x00, 0x00, 0x00,
    0x00, 0x00, 0x00, 0x00, 0x00, 0x00, 0x00, 0x00, 0x00, 0x00, 0x00, 0x00, 0x00, 0x00, 0x00, 0x00,
    0x00, 0x00, 0x00, 0x00, 0x00, 0x1F, 0xC0, 0x03, 0xF8, 0x00, 0x3F, 0x00, 0x0B, 0xD0, 0x00, 0xFC,
    0x00, 0x1F, 0x40, 0x03, 0xE0, 0x00, 0x7C, 0x00, 0x01, 0x00, 0x00, 0x00, 0x00, 0x00, 0x00, 0x00,
    0x00, 0x00, 0x02, 0xC0, 0x00, 0x00, 0x0B, 0xF0, 0x00, 0x00, 0x2F, 0xF8, 0x00, 0x00, 0xBF, 0xE0,
    0x00, 0x02, 0xFF, 0x40, 0x00, 0x0B, 0xFD, 0x00, 0x00, 0x2F, 0xF4, 0x00, 0x00, 0x7F, 0xD0, 0x00,
    0x00, 0x2F, 0xD0, 0x00, 0x00, 0x07, 0xFF, 0x40, 0x00, 0x00, 0x0B, 0xFE, 0x00, 0x00, 0x00, 0x2F,
    0xFD, 0x00, 0x00, 0x00, 0x7F, 0xF8, 0x00, 0x00, 0x01, 0xBF, 0xE0, 0x00, 0x00, 0x02, 0xFC, 0x00,
    0x00, 0x00, 0x07, 0x00, 0x00, 0x00, 0x00, 0x00, 0x00, 0x00, 0x00, 0x00, 0x7F, 0xFF, 0xFF, 0xFF,
    0x7F, 0xFF, 0xFF, 0xFF, 0x00, 0x00, 0x00, 0x00, 0x00, 0x00, 0x00, 0x00, 0x00, 0x00, 0x00, 0x00,
    0x00, 0x00, 0x00, 0x00, 0x6A, 0xAA, 0xAA, 0xA9, 0x7F, 0xFF, 0xFF, 0xFF, 0x7F, 0xFF, 0xFF, 0xFE,
    0x00, 0x00, 0x00, 0x00, 0x28, 0x00, 0x00, 0x00, 0x0B, 0xE0, 0x00, 0x00, 0x01, 0xFF, 0x80, 0x00,
    0x00, 0x07, 0xFE, 0x00, 0x00, 0x00, 0x1F, 0xF8, 0x00, 0x00, 0x00, 0x6F, 0xE0, 0x00, 0x00, 0x00,
    0xBF, 0x80, 0x00, 0x00, 0x02, 0xFE, 0x00, 0x00, 0x00, 0x2F, 0xC0, 0x00, 0x01, 0xBF, 0xD0, 0x00,
    0x07, 0xFF, 0x40, 0x00, 0x2F, 0xF8, 0x00, 0x01, 0xFF, 0xE0, 0x00, 0x07, 0xFF, 0x40, 0x00, 0x02,
    0xF9, 0x00, 0x00, 0x00, 0xA0, 0x00, 0x00, 0x00, 0x00, 0x00, 0x00, 0x00, 0x00, 0x00, 0x00, 0x00,
    0x00, 0x1F, 0xFF, 0x40, 0x2F, 0xFF, 0xFF, 0x01, 0xFE, 0x5B, 0xF8, 0x08, 0x00, 0x1F, 0xC0, 0x00,
    0x00, 0xFC, 0x00, 0x00, 0x0F, 0xC0, 0x00, 0x00, 0xFC, 0x00, 0x00, 0x1F, 0x80, 0x00, 0x03, 0xF0,
    0x00, 0x00, 0xFE, 0x00, 0x00, 0x7F, 0x80, 0x00, 0x2F, 0xE0, 0x00, 0x0B, 0xF4, 0x00, 0x01, 0xFC,
    0x00, 0x00, 0x3F, 0x00, 0x00, 0x07, 0xC0, 0x00, 0x00, 0xBC, 0x00, 0x00, 0x01, 0x00, 0x00, 0x00,
    0x00, 0x00, 0x00, 0x00, 0x00, 0x00, 0x01, 0xF4, 0x00, 0x00, 0x3F, 0x80, 0x00, 0x07, 0xF8, 0x00,
    0x00, 0x7F, 0x00, 0x00, 0x01, 0x40, 0x00, 0x00, 0x00, 0x00, 0x00, 0x6A, 0xE9, 0x00, 0x00, 0x00,
    0x00, 0x6F, 0xFF, 0xFF, 0x80, 0x00, 0x00, 0x0F, 0xFE, 0x96, 0xBF, 0xD0, 0x00, 0x01, 0xFE, 0x00,
    0x00, 0x1F, 0xD0, 0x00, 0x2F, 0x80, 0x00, 0x00, 0x0F, 0xC0, 0x02, 0xF8, 0x00, 0x00, 0x00, 0x1F,
    0x40, 0x1F, 0x80, 0x00, 0x10, 0x00, 0x3F, 0x00, 0xF8, 0x00, 0x7F, 0xFF, 0x40, 0x7C, 0x0B, 0xC0,
    0x0B, 0xFF, 0xFF, 0x00, 0xF4, 0x3E, 0x00, 0xBE, 0x00, 0xF4, 0x03, 0xD1, 0xF0, 0x0B, 0xD0, 0x07,
    0xC0, 0x0F, 0x4B, 0xC0, 0x3E, 0x00, 0x2F, 0x00, 0x3D, 0x3E, 0x01, 0xF0, 0x00, 0xF8, 0x00, 0xF0,
    0xF4, 0x0F, 0xC0, 0x03, 0xD0, 0x07, 0xC3, 0xD0, 0x3E, 0x00, 0x1F, 0x00, 0x2F, 0x0F, 0x40, 0xF8,
    0x00, 0xFC, 0x00, 0xF4, 0x3D, 0x03, 0xE0, 0x07, 0xF0, 0x0B, 0xC0, 0xF4, 0x0F, 0xC0, 0x7F, 0xC0,
    0x7D, 0x03, 0xE0, 0x1F, 0xEF, 0xCF, 0xEF, 0xE0, 0x0F, 0xC0, 0x2F, 0xFC, 0x1F, 0xFD, 0x00, 0x1F,
    0x40, 0x05, 0x00, 0x05, 0x40, 0x00, 0x3F, 0x00, 0x00, 0x00, 0x00, 0x00, 0x00, 0x7E, 0x00, 0x00,
    0x00, 0x00, 0x00, 0x00, 0xBF, 0x00, 0x00, 0x01, 0x00, 0x00, 0x00, 0xBF, 0xD4, 0x16, 0xFC, 0x00,
    0x00, 0x00, 0x7F, 0xFF, 0xFF, 0xF0, 0x00, 0x00, 0x00, 0x1B, 0xFF, 0xE4, 0x00, 0x00, 0x00, 0x00,
    0x00, 0x00, 0x00, 0x00, 0x00, 0x00, 0x00, 0x00, 0x3F, 0x00, 0x00, 0x00, 0x00, 0xBF, 0x40, 0x00,
    0x00, 0x00, 0xFF, 0x40, 0x00, 0x00, 0x03, 0xFF, 0x80, 0x00, 0x00, 0x07, 0xDF, 0x80, 0x00, 0x00,
    0x0F, 0xCF, 0xC0, 0x00, 0x00, 0x1F, 0x8F, 0xC0, 0x00, 0x00, 0x3F, 0x0B, 0xC0, 0x00, 0x00, 0x7E,
    0x0B, 0xC0, 0x00, 0x00, 0xFC, 0x0B, 0xD0, 0x00, 0x02, 0xF4, 0x07, 0xD0, 0x00, 0x03, 0xF0, 0x07,
    0xE0, 0x00, 0x0B, 0xD0, 0x03, 0xE0, 0x00, 0x0F, 0xC0, 0x03, 0xF0, 0x00, 0x2F, 0xFF, 0xFF, 0xF0,
    0x00, 0x7F, 0xFF, 0xFF, 0xF0, 0x00, 0xFE, 0xAA, 0xAB, 0xF0, 0x01, 0xFC, 0x00, 0x02, 0xF4, 0x03,
    0xF0, 0x00, 0x02, 0xF4, 0x07, 0xE0, 0x00, 0x01, 0xF8, 0x0F, 0xC0, 0x00, 0x01, 0xF8, 0x2F, 0x80,
    0x00, 0x00, 0xFC, 0x3F, 0x00, 0x00, 0x00, 0xFC, 0xBE, 0x00, 0x00, 0x00, 0xFC, 0x00, 0x2F, 0xFF,
    0xE4, 0x00, 0x00, 0xFF, 0xFF, 0xFE, 0x00, 0x03, 0xFF, 0xFF, 0xFE, 0x00, 0x1F, 0x80, 0x02, 0xFC,
    0x00, 0xBD, 0x00, 0x03, 0xF8, 0x02, 0xF4, 0x00, 0x0B, 0xE0, 0x0F, 0xC0, 0x00, 0x2F, 0x80, 0x3F,
    0x00, 0x00, 0xBD, 0x01, 0xF8, 0x00, 0x07, 0xF0, 0x0B, 0xD0, 0x00, 0x7F, 0x40, 0x3F, 0xEA, 0xBF,
    0xF0, 0x00, 0xFF, 0xFF, 0xF9, 0x00, 0x03, 0xFF, 0xFF, 0xF8, 0x00, 0x1F, 0x80, 0x02, 0xFC, 0x00,
    0xBD, 0x00, 0x02, 0xF8, 0x03, 0xF0, 0x00, 0x03, 0xF0, 0x0F, 0xC0, 0x00, 0x0F, 0xC0, 0x7E, 0x00,
    0x00, 0x3F, 0x01, 0xF4, 0x00, 0x01, 0xFC, 0x0B, 0xD0, 0x00, 0x0F, 0xE0, 0x3F, 0x00, 0x00, 0xFF,
    0x00, 0xFE, 0xAA, 0xBF, 0xF0, 0x07, 0xFF, 0xFF, 0xFF, 0x00, 0x2F, 0xFF, 0xFF, 0x80, 0x00, 0x00,
    0x00, 0x00, 0x00, 0x00, 0x00, 0x00, 0x2F, 0xFF, 0xD0, 0x00, 0x02, 0xFF, 0xFF, 0xFC, 0x00, 0x1F,
    0xFE, 0xAB, 0xF4, 0x00, 0x7F, 0xD0, 0x00, 0x10, 0x00, 0xFE, 0x00, 0x00, 0x00, 0x03, 0xF8, 0x00,
    0x00, 0x00, 0x07, 0xF0, 0x00, 0x00, 0x00, 0x0F, 0xD0, 0x00, 0x00, 0x00, 0x1F, 0xC0, 0x00, 0x00,
    0x00, 0x2F, 0x80, 0x00, 0x00, 0x00, 0x3F, 0x00, 0x00, 0x00, 0x00, 0x3F, 0x00, 0x00, 0x00, 0x00,
    0x7F, 0x00, 0x00, 0x00, 0x00, 0xBE, 0x00, 0x00, 0x00, 0x00, 0xBE, 0x00, 0x00, 0x00, 0x00, 0xBE,
    0x00, 0x00, 0x00, 0x00, 0xBE, 0x00, 0x00, 0x00, 0x00, 0x7F, 0x00, 0x00, 0x00, 0x00, 0x3F, 0x00,
    0x00, 0x00, 0x00, 0x3F, 0xC0, 0x00, 0x00, 0x00, 0x1F, 0xE0, 0x00, 0x00, 0x00, 0x0B, 0xFE, 0x55,
    0xB8, 0x00, 0x02, 0xFF, 0xFF, 0xF8, 0x00, 0x00, 0x7F, 0xFF, 0xE4, 0x00, 0x00, 0x00, 0x54, 0x00,
    0x00, 0x00, 0x2F, 0xFF, 0xA4, 0x00, 0x00, 0x0F, 0xFF, 0xFF, 0xD0, 0x00, 0x03, 0xFF, 0xFF, 0xFE,
    0x00, 0x01, 0xF8, 0x00, 0x7F, 0xE0, 0x00, 0xBD, 0x00, 0x02, 0xFC, 0x00, 0x2F, 0x40, 0x00, 0x3F,
    0x80, 0x0F, 0xC0, 0x00, 0x07, 0xF0, 0x03, 0xF0, 0x00, 0x00, 0xFC, 0x01, 0xF8, 0x00, 0x00, 0x3F,
    0x00, 0xBD, 0x00, 0x00, 0x0F, 0xC0, 0x3F, 0x00, 0x00, 0x03, 0xF0, 0x0F, 0xC0, 0x00, 0x00, 0xFC,
    0x03, 0xF0, 0x00, 0x00, 0x3F, 0x01, 0xF8, 0x00, 0x00, 0x1F, 0xC0, 0xBD, 0x00, 0x00, 0x0B, 0xE0,
    0x3F, 0x00, 0x00, 0x03, 0xF0, 0x0F, 0xC0, 0x00, 0x02, 0xFC, 0x07, 0xE0, 0x00, 0x01, 0xFD, 0x01,
    0xF4, 0x00, 0x00, 0xFE, 0x00, 0xBD, 0x00, 0x01, 0xFF, 0x00, 0x3F, 0x00, 0x06, 0xFF, 0x00, 0x0F,
    0xEA, 0xAF, 0xFE, 0x00, 0x07, 0xFF, 0xFF, 0xFD, 0x00, 0x02, 0xFF, 0xFF, 0x90, 0x00, 0x00, 0x00,
    0x2F, 0xFF, 0xFF, 0xD0, 0x03, 0xFF, 0xFF, 0xFC, 0x00, 0x3F, 0xFF, 0xFF, 0xC0, 0x07, 0xE0, 0x00,
    0x00, 0x00, 0xBD, 0x00, 0x00, 0x00, 0x0B, 0xC0, 0x00, 0x00, 0x00, 0xFC, 0x00, 0x00, 0x00, 0x0F,
    0xC0, 0x00, 0x00, 0x01, 0xF8, 0x00, 0x00, 0x00, 0x2F, 0x40, 0x00, 0x00, 0x03, 0xFE, 0xAA, 0xA4,
    0x00, 0x3F, 0xFF, 0xFF, 0x40, 0x03, 0xFF, 0xFF, 0xF4, 0x00, 0x7E, 0x00, 0x00, 0x00, 0x0B, 0xD0,
    0x00, 0x00, 0x00, 0xFC, 0x00, 0x00, 0x00, 0x0F, 0xC0, 0x00, 0x00, 0x01, 0xF8, 0x00, 0x00, 0x00,
    0x1F, 0x40, 0x00, 0x00, 0x02, 0xF4, 0x00, 0x00, 0x00, 0x3F, 0x00, 0x00, 0x00, 0x03, 0xFA, 0xAA,
    0xA8, 0x00, 0x7F, 0xFF, 0xFF, 0xC0, 0x0B, 0xFF, 0xFF, 0xF8, 0x00, 0x00, 0x2F, 0xFF, 0xFF, 0xD0,
    0x03, 0xFF, 0xFF, 0xFC, 0x00, 0x3F, 0xFF, 0xFF, 0xC0, 0x07, 0xE0, 0x00, 0x00, 0x00, 0xBD, 0x00,
    0x00, 0x00, 0x0B, 0xC0, 0x00, 0x00, 0x00, 0xFC, 0x00, 0x00, 0x00, 0x0F, 0xC0, 0x00, 0x00, 0x01,
    0xF8, 0x00, 0x00, 0x00, 0x2F, 0x40, 0x00, 0x00, 0x03, 0xF0, 0x00, 0x00, 0x00, 0x3F, 0xAA, 0xAA,
    0x40, 0x03, 0xFF, 0xFF, 0xF4, 0x00, 0x7F, 0xFF, 0xFF, 0x00, 0x0B, 0xD0, 0x00, 0x00, 0x00, 0xFC,
    0x00, 0x00, 0x00, 0x0F, 0xC0, 0x00, 0x00, 0x01, 0xF8, 0x00, 0x00, 0x00, 0x1F, 0x80, 0x00, 0x00,
    0x02, 0xF4, 0x00, 0x00, 0x00, 0x3F, 0x00, 0x00, 0x00, 0x03, 0xF0, 0x00, 0x00, 0x00, 0x7E, 0x00,
    0x00, 0x00, 0x0B, 0xD0, 0x00, 0x00, 0x00, 0x00, 0x00, 0x00, 0x00, 0x00, 0x00, 0x00, 0x0B, 0xFF,
    0xF9, 0x00, 0x00, 0x2F, 0xFF, 0xFF, 0xF0, 0x00, 0x7F, 0xFA, 0xAB, 0xF8, 0x00, 0x7F, 0xD0, 0x00,
    0x18, 0x00, 0x3F, 0xC0, 0x00, 0x00, 0x00, 0x3F, 0xC0, 0x00, 0x00, 0x00, 0x1F, 0xC0, 0x00, 0x00,
    0x00, 0x0F, 0xD0, 0x00, 0x00, 0x00, 0x07, 0xF0, 0x00, 0x00, 0x00, 0x02, 0xF4, 0x00, 0x00, 0x00,
    0x00, 0xFC, 0x00, 0x00, 0x00, 0x00, 0x3F, 0x00, 0x01, 0xAA, 0xA4, 0x1F, 0xC0, 0x00, 0xFF, 0xFE,
    0x0B, 0xE0, 0x00, 0x3F, 0xFF, 0x42, 0xF8, 0x00, 0x00, 0x0F, 0xC0, 0xBE, 0x00, 0x00, 0x03, 0xF0,
    0x2F, 0x80, 0x00, 0x00, 0xFC, 0x07, 0xF0, 0x00, 0x00, 0x7E, 0x00, 0xFC, 0x00, 0x00, 0x2F, 0x40,
    0x3F, 0xC0, 0x00, 0x0F, 0xC0, 0x07, 0xF8, 0x00, 0x03, 0xF0, 0x00, 0xBF, 0xE5, 0x5B, 0xF8, 0x00,
    0x0B, 0xFF, 0xFF, 0xFD, 0x00, 0x00, 0x2F, 0xFF, 0xF9, 0x00, 0x00, 0x00, 0x15, 0x00, 0x00, 0x00,
    0x00, 0x2F, 0x40, 0x00, 0x03, 0xE0, 0x03, 0xF0, 0x00, 0x00, 0x7E, 0x00, 0x3F, 0x00, 0x00, 0x0B,
    0xD0, 0x07, 0xE0, 0x00, 0x00, 0xFC, 0x00, 0x7D, 0x00, 0x00, 0x0F, 0xC0, 0x0B, 0xD0, 0x00, 0x01,
    0xF8, 0x00, 0xFC, 0x00, 0x00, 0x1F, 0x40, 0x0F, 0xC0, 0x00, 0x02, 0xF4, 0x01, 0xF8, 0x00, 0x00,
    0x3F, 0x00, 0x2F, 0x40, 0x00, 0x03, 0xF0, 0x02, 0xFE, 0xAA, 0xAA, 0xFE, 0x00, 0x3F, 0xFF, 0xFF,
    0xFF, 0xD0, 0x03, 0xFF, 0xFF, 0xFF, 0xFC, 0x00, 0x7E, 0x00, 0x00, 0x0F, 0xC0, 0x0B, 0xD0, 0x00,
    0x00, 0xFC, 0x00, 0xFC, 0x00, 0x00, 0x1F, 0x80, 0x0F, 0xC0, 0x00, 0x02, 0xF4, 0x00, 0xF8, 0x00,
    0x00, 0x3F, 0x00, 0x1F, 0x80, 0x00, 0x03, 0xF0, 0x02, 0xF4, 0x00, 0x00, 0x3E, 0x00, 0x3F, 0x00,
    0x00, 0x07, 0xE0, 0x03, 0xF0, 0x00, 0x00, 0xBD, 0x00, 0x7E, 0x00, 0x00, 0x0F, 0xC0, 0x07, 0xD0,
    0x00, 0x00, 0xFC, 0x00, 0x00, 0x2F, 0xFF, 0xD0, 0x03, 0xFF, 0xFD, 0x00, 0x02, 0xF9, 0x00, 0x00,
    0x2F, 0x40, 0x00, 0x03, 0xF0, 0x00, 0x00, 0x3F, 0x00, 0x00, 0x07, 0xE0, 0x00, 0x00, 0x7D, 0x00,
    0x00, 0x0B, 0xC0, 0x00, 0x00, 0xFC, 0x00, 0x00, 0x0F, 0xC0, 0x00, 0x01, 0xF8, 0x00, 0x00, 0x2F,
    0x40, 0x00, 0x03, 0xF0, 0x00, 0x00, 0x3F, 0x00, 0x00, 0x03, 0xF0, 0x00, 0x00, 0x7E, 0x00, 0x00,
    0x0B, 0xD0, 0x00, 0x00, 0xFC, 0x00, 0x00, 0x0F, 0xC0, 0x00, 0x00, 0xF8, 0x00, 0x00, 0x2F, 0x80,
    0x00, 0x7F, 0xFF, 0x80, 0x0B, 0xFF, 0xFC, 0x00, 0x00, 0x00, 0x00, 0xBD, 0x00, 0x00, 0x00, 0xFC,
    0x00, 0x00, 0x00, 0xFC, 0x00, 0x00, 0x01, 0xF8, 0x00, 0x00, 0x01, 0xF4, 0x00, 0x00, 0x02, 0xF4,
    0x00, 0x00, 0x03, 0xF0, 0x00, 0x00, 0x03, 0xF0, 0x00, 0x00, 0x07, 0xE0, 0x00, 0x00, 0x0B, 0xD0,
    0x00, 0x00, 0x0F, 0xC0, 0x00, 0x00, 0x0F, 0xC0, 0x00, 0x00, 0x0F, 0xC0, 0x00, 0x00, 0x1F, 0x80,
    0x00, 0x00, 0x2F, 0x40, 0x00, 0x00, 0x3F, 0x00, 0x00, 0x00, 0x3F, 0x00, 0x00, 0x00, 0x3E, 0x00,
    0x00, 0x00, 0x7E, 0x00, 0x00, 0x00, 0xBD, 0x00, 0x00, 0x00, 0xFC, 0x00, 0x00, 0x00, 0xFC, 0x00,
    0x00, 0x01, 0xF8, 0x00, 0x00, 0x02, 0xF4, 0x00, 0x00, 0x03, 0xF4, 0x00, 0x00, 0x03, 0xF0, 0x00,
    0x00, 0x0F, 0xE0, 0x00, 0x25, 0x7F, 0xC0, 0x00, 0x3F, 0xFF, 0x40, 0x00, 0x3F, 0xF8, 0x00, 0x00,
    0x05, 0x00, 0x00, 0x00, 0x00, 0x2F, 0x00, 0x00, 0x3F, 0x00, 0x0F, 0xC0, 0x00, 0x3F, 0x40, 0x03,
    0xF0, 0x00, 0x3F, 0x40, 0x01, 0xF8, 0x00, 0x3F, 0x40, 0x00, 0xBD, 0x00, 0x3F, 0x40, 0x00, 0x2F,
    0x00, 0x3F, 0x40, 0x00, 0x0F, 0xC0, 0x3F, 0x40, 0x00, 0x03, 0xF0, 0x3F, 0x40, 0x00, 0x01, 0xF8,
    0x3F, 0x80, 0x00, 0x00, 0xBD, 0x3F, 0x80, 0x00, 0x00, 0x3F, 0x7F, 0x80, 0x00, 0x00, 0x0F, 0xFF,
    0xE0, 0x00, 0x00, 0x03, 0xFF, 0xFC, 0x00, 0x00, 0x01, 0xFE, 0x1F, 0x80, 0x00, 0x00, 0xBD, 0x03,
    0xF0, 0x00, 0x00, 0x3F, 0x00, 0xBD, 0x00, 0x00, 0x0F, 0xC0, 0x1F, 0xC0, 0x00, 0x07, 0xE0, 0x03,
    0xF4, 0x00, 0x01, 0xF4, 0x00, 0x7E, 0x00, 0x00, 0xBD, 0x00, 0x0F, 0xC0, 0x00, 0x3F, 0x00, 0x02,
    0xF8, 0x00, 0x0F, 0xC0, 0x00, 0x7F, 0x00, 0x07, 0xE0, 0x00, 0x0F, 0xD0, 0x02, 0xF4, 0x00, 0x01,
    0xFC, 0x00, 0x00, 0x2F, 0x00, 0x00, 0x0F, 0xC0, 0x00, 0x03, 0xF0, 0x00, 0x01, 0xF8, 0x00, 0x00,
    0xBD, 0x00, 0x00, 0x2F, 0x00, 0x00, 0x0F, 0xC0, 0x00, 0x03, 0xF0, 0x00, 0x01, 0xF8, 0x00, 0x00,
    0xBD, 0x00, 0x00, 0x3F, 0x00, 0x00, 0x0F, 0xC0, 0x00, 0x03, 0xE0, 0x00, 0x01, 0xF8, 0x00, 0x00,
    0xBD, 0x00, 0x00, 0x3F, 0x00, 0x00, 0x0F, 0xC0, 0x00, 0x07, 0xE0, 0x00, 0x01, 0xF4, 0x00, 0x00,
    0xBD, 0x00, 0x00, 0x3F, 0x00, 0x00, 0x0F, 0xEA, 0xAA, 0xA7, 0xFF, 0xFF, 0xFE, 0xFF, 0xFF, 0xFE,
    0x00, 0x2F, 0xD0, 0x00, 0x00, 0x0B, 0xFC, 0x00, 0x3F, 0xE0, 0x00, 0x00, 0x0F, 0xFC, 0x00, 0x3F,
    0xF0, 0x00, 0x00, 0x2F, 0xF8, 0x00, 0x7F, 0xF0, 0x00, 0x00, 0x3F, 0xF4, 0x00, 0xBE, 0xF0, 0x00,
    0x00, 0xFE, 0xF0, 0x00, 0xFD, 0xF0, 0x00, 0x01, 0xF7, 0xF0, 0x00, 0xF8, 0xF4, 0x00, 0x03, 0xF3,
    0xF0, 0x00, 0xF8, 0xF4, 0x00, 0x07, 0xD7, 0xE0, 0x01, 0xF4, 0xF8, 0x00, 0x0F, 0xC7, 0xD0, 0x02,
    0xF0, 0xF8, 0x00, 0x1F, 0x0B, 0xC0, 0x03, 0xF0, 0xFC, 0x00, 0x3E, 0x0F, 0xC0, 0x03, 0xF0, 0xBC,
    0x00, 0xBC, 0x0F, 0xC0, 0x03, 0xE0, 0xBC, 0x00, 0xF8, 0x1F, 0x80, 0x07, 0xD0, 0x7C, 0x02, 0xF0,
    0x2F, 0x40, 0x0B, 0xC0, 0x7D, 0x03, 0xD0, 0x3F, 0x00, 0x0F, 0xC0, 0x3D, 0x0F, 0xC0, 0x3F, 0x00,
    0x0F, 0x80, 0x3D, 0x1F, 0x40, 0x3F, 0x00, 0x1F, 0x80, 0x3E, 0x3F, 0x00, 0x7E, 0x00, 0x2F, 0x40,
    0x3E, 0x7D, 0x00, 0xBD, 0x00, 0x2F, 0x00, 0x2F, 0xF8, 0x00, 0xFC, 0x00, 0x3F, 0x00, 0x2F, 0xF0,
    0x00, 0xFC, 0x00, 0x3E, 0x00, 0x1F, 0xE0, 0x01, 0xF8, 0x00, 0x7D, 0x00, 0x1F, 0xC0, 0x01, 0xF8,
    0x00, 0xBC, 0x00, 0x0F, 0x80, 0x02, 0xF4, 0x00, 0x00, 0x2F, 0x80, 0x00, 0x00, 0xF8, 0x00, 0xFF,
    0x00, 0x00, 0x07, 0xD0, 0x03, 0xFD, 0x00, 0x00, 0x2F, 0x40, 0x1F, 0xFC, 0x00, 0x00, 0xFC, 0x00,
    0xBF, 0xF0, 0x00, 0x03, 0xF0, 0x03, 0xF7, 0xE0, 0x00, 0x0F, 0x80, 0x0F, 0x8F, 0xC0, 0x00, 0x7D,
    0x00, 0x3E, 0x2F, 0x00, 0x02, 0xF0, 0x01, 0xF4, 0x7E, 0x00, 0x0F, 0xC0, 0x0B, 0xC0, 0xFC, 0x00,
    0x3F, 0x00, 0x3F, 0x02, 0xF4, 0x01, 0xF8, 0x00, 0xFC, 0x03, 0xE0, 0x0B, 0xD0, 0x03, 0xE0, 0x0F,
    0xC0, 0x2F, 0x00, 0x1F, 0x40, 0x1F, 0x40, 0xFC, 0x00, 0xBC, 0x00, 0x3F, 0x03, 0xE0, 0x03, 0xF0,
    0x00, 0xBC, 0x1F, 0x80, 0x0F, 0x80, 0x01, 0xF8, 0xBD, 0x00, 0x7E, 0x00, 0x03, 0xF2, 0xF0, 0x02,
    0xF4, 0x00, 0x0B, 0xDF, 0xC0, 0x0B, 0xC0, 0x00, 0x0F, 0xBE, 0x00, 0x3F, 0x00, 0x00, 0x3F, 0xF4,
    0x00, 0xF8, 0x00, 0x00, 0x7F, 0xC0, 0x07, 0xD0, 0x00, 0x00, 0xFF, 0x00, 0x2F, 0x00, 0x00, 0x02,
    0xFC, 0x00, 0x00, 0x00, 0x00, 0x00, 0x00, 0x00, 0x00, 0x1F, 0xFF, 0x90, 0x00, 0x00, 0x7F, 0xFF,
    0xFE, 0x00, 0x00, 0xBF, 0xE9, 0xBF, 0xF0, 0x00, 0xBF, 0x80, 0x01, 0xFE, 0x00, 0x7F, 0x40, 0x00,
    0x1F, 0xC0, 0x3F, 0x40, 0x00, 0x03, 0xF4, 0x2F, 0x80, 0x00, 0x00, 0xBE, 0x0F, 0xC0, 0x00, 0x00,
    0x1F, 0xCB, 0xE0, 0x00, 0x00, 0x03, 0xF3, 0xF4, 0x00, 0x00, 0x00, 0xFC, 0xFC, 0x00, 0x00, 0x00,
    0x3F, 0x7F, 0x00, 0x00, 0x00, 0x1F, 0xDF, 0x80, 0x00, 0x00, 0x07, 0xFB, 0xE0, 0x00, 0x00, 0x02,
    0xFA, 0xF8, 0x00, 0x00, 0x00, 0xFD, 0xBE, 0x00, 0x00, 0x00, 0x7F, 0x2F, 0x80, 0x00, 0x00, 0x2F,
    0xC7, 0xF0, 0x00, 0x00, 0x0F, 0xD0, 0xFC, 0x00, 0x00, 0x0F, 0xF0, 0x3F, 0xC0, 0x00, 0x0B, 0xF0,
    0x07, 0xF8, 0x00, 0x0F, 0xF4, 0x00, 0xBF, 0xE5, 0x6F, 0xF8, 0x00, 0x0B, 0xFF, 0xFF, 0xF4, 0x00,
    0x00, 0x2F, 0xFF, 0xD0, 0x00, 0x00, 0x00, 0x15, 0x00, 0x00, 0x00, 0x00, 0x2F, 0xFF, 0xA0, 0x00,
    0x03, 0xFF, 0xFF, 0xE0, 0x00, 0x3F, 0xFF, 0xFF, 0x80, 0x07, 0xE0, 0x02, 0xFD, 0x00, 0xBD, 0x00,
    0x0B, 0xE0, 0x0B, 0xD0, 0x00, 0x3F, 0x00, 0xFC, 0x00, 0x03, 0xF0, 0x0F, 0xC0, 0x00, 0x3F, 0x01,
    0xF8, 0x00, 0x07, 0xE0, 0x2F, 0x40, 0x00, 0xFD, 0x03, 0xF0, 0x00, 0x2F, 0xC0, 0x3F, 0x00, 0x1F,
    0xF4, 0x03, 0xFF, 0xFF, 0xFD, 0x00, 0x7F, 0xFF, 0xFE, 0x00, 0x0B, 0xFA, 0xA5, 0x00, 0x00, 0xFC,
    0x00, 0x00, 0x00, 0x0F, 0xC0, 0x00, 0x00, 0x01, 0xF8, 0x00, 0x00, 0x00, 0x1F, 0x40, 0x00, 0x00,
    0x02, 0xF4, 0x00, 0x00, 0x00, 0x3F, 0x00, 0x00, 0x00, 0x03, 0xF0, 0x00, 0x00, 0x00, 0x7E, 0x00,
    0x00, 0x00, 0x0B, 0xD0, 0x00, 0x00, 0x00, 0x00, 0x00, 0x00, 0x00, 0x00, 0x00, 0x00, 0x1F, 0xFF,
    0x90, 0x00, 0x00, 0x7F, 0xFF, 0xFE, 0x00, 0x00, 0xBF, 0xE9, 0xBF, 0xF0, 0x00, 0xBF, 0x80, 0x01,
    0xFE, 0x00, 0x7F, 0x40, 0x00, 0x1F, 0xC0, 0x3F, 0x40, 0x00, 0x03, 0xF4, 0x2F, 0x80, 0x00, 0x00,
    0xBE, 0x0F, 0xC0, 0x00, 0x00, 0x1F, 0xCB, 0xE0, 0x00, 0x00, 0x03, 0xF3, 0xF4, 0x00, 0x00, 0x00,
    0xFC, 0xFC, 0x00, 0x00, 0x00, 0x3F, 0x7F, 0x00, 0x00, 0x00, 0x1F, 0xDF, 0x80, 0x00, 0x00, 0x07,
    0xFB, 0xE0, 0x00, 0x00, 0x02, 0xFA, 0xF8, 0x00, 0x00, 0x00, 0xFD, 0xBE, 0x00, 0x00, 0x00, 0x3F,
    0x2F, 0x80, 0x00, 0x00, 0x2F, 0x87, 0xF0, 0x00, 0x00, 0x0F, 0xD0, 0xFC, 0x00, 0x00, 0x0F, 0xF0,
    0x3F, 0xC0, 0x00, 0x0B, 0xF0, 0x07, 0xF8, 0x00, 0x0B, 0xF4, 0x00, 0xBF, 0xE5, 0x6F, 0xF4, 0x00,
    0x0B, 0xFF, 0xFF, 0xF4, 0x00, 0x00, 0x2F, 0xFF, 0xD0, 0x00, 0x00, 0x00, 0x17, 0xF4, 0x00, 0x00,
    0x00, 0x00, 0x7F, 0x00, 0x00, 0x00, 0x00, 0x0F, 0xF0, 0x00, 0x00, 0x00, 0x00, 0xFE, 0x00, 0x00,
    0x00, 0x00, 0x1F, 0xD0, 0x00, 0x00, 0x00, 0x02, 0xA8, 0x00, 0x00, 0x2F, 0xFF, 0x90, 0x00, 0x03,
    0xFF, 0xFF, 0xE0, 0x00, 0x3F, 0xFF, 0xFF, 0xC0, 0x07, 0xE0, 0x01, 0xFD, 0x00, 0xBD, 0x00, 0x0B,
    0xF0, 0x0B, 0xD0, 0x00, 0x3F, 0x00, 0xFC, 0x00, 0x03, 0xF0, 0x0F, 0xC0, 0x00, 0x3F, 0x01, 0xF8,
    0x00, 0x07, 0xE0, 0x2F, 0x40, 0x00, 0xFD, 0x03, 0xF0, 0x00, 0x3F, 0x80, 0x3F, 0x55, 0xBF, 0xF0,
    0x03, 0xFF, 0xFF, 0xF8, 0x00, 0x7F, 0xFF, 0xF4, 0x00, 0x0B, 0xD0, 0x2F, 0x40, 0x00, 0xFC, 0x00,
    0xFC, 0x00, 0x0F, 0xC0, 0x0F, 0xC0, 0x01, 0xF8, 0x00, 0xBE, 0x00, 0x1F, 0x40, 0x03, 0xF0, 0x02,
    0xF4, 0x00, 0x3F, 0x40, 0x3F, 0x00, 0x02, 0xF8, 0x03, 0xF0, 0x00, 0x0F, 0xC0, 0x7E, 0x00, 0x00,
    0xFD, 0x0B, 0xD0, 0x00, 0x07, 0xF0, 0x00, 0x00, 0x00, 0x00, 0x00, 0x00, 0x1B, 0xFF, 0xD0, 0x00,
    0x0F, 0xFF, 0xFF, 0xC0, 0x03, 0xFF, 0xAB, 0xF8, 0x00, 0xBF, 0x00, 0x01, 0x40, 0x0F, 0xC0, 0x00,
    0x00, 0x01, 0xFC, 0x00, 0x00, 0x00, 0x1F, 0x80, 0x00, 0x00, 0x01, 0xFC, 0x00, 0x00, 0x00, 0x1F,
    0xC0, 0x00, 0x00, 0x00, 0xFF, 0x40, 0x00, 0x00, 0x03, 0xFE, 0x00, 0x00, 0x00, 0x0F, 0xFD, 0x00,
    0x00, 0x00, 0x2F, 0xF8, 0x00, 0x00, 0x00, 0x7F, 0xE0, 0x00, 0x00, 0x00, 0xBF, 0x40, 0x00, 0x00,
    0x03, 0xF8, 0x00, 0x00, 0x00, 0x1F, 0xC0, 0x00, 0x00, 0x01, 0xFC, 0x00, 0x00, 0x00, 0x1F, 0xC0,
    0x00, 0x00, 0x03, 0xF8, 0x01, 0x00, 0x00, 0xBF, 0x00, 0x7E, 0x55, 0xBF, 0xD0, 0x07, 0xFF, 0xFF,
    0xF4, 0x00, 0x2F, 0xFF, 0xF8, 0x00, 0x00, 0x05, 0x50, 0x00, 0x00, 0x7F, 0xFF, 0xFF, 0xFF, 0x6F,
    0xFF, 0xFF, 0xFF, 0xDF, 0xFF, 0xFF, 0xFF, 0xF0, 0x00, 0x2F, 0x40, 0x00, 0x00, 0x0F, 0xC0, 0x00,
    0x00, 0x03, 0xF0, 0x00, 0x00, 0x00, 0xFC, 0x00, 0x00, 0x00, 0x7E, 0x00, 0x00, 0x00, 0x2F, 0x40,
    0x00, 0x00, 0x0F, 0xC0, 0x00, 0x00, 0x03, 0xF0, 0x00, 0x00, 0x01, 0xF8, 0x00, 0x00, 0x00, 0xBE,
    0x00, 0x00, 0x00, 0x2F, 0x40, 0x00, 0x00, 0x0F, 0xC0, 0x00, 0x00, 0x03, 0xF0, 0x00, 0x00, 0x01,
    0xF8, 0x00, 0x00, 0x00, 0xBD, 0x00, 0x00, 0x00, 0x3F, 0x00, 0x00, 0x00, 0x0F, 0xC0, 0x00, 0x00,
    0x03, 0xF0, 0x00, 0x00, 0x01, 0xF8, 0x00, 0x00, 0x00, 0xBD, 0x00, 0x00, 0x00, 0x3F, 0x00, 0x00,
    0x00, 0x00, 0xFC, 0x00, 0x00, 0x0F, 0x80, 0x3F, 0x00, 0x00, 0x07, 0xE0, 0x1F, 0x80, 0x00, 0x02,
    0xF4, 0x0B, 0xD0, 0x00, 0x00, 0xBC, 0x03, 0xF0, 0x00, 0x00, 0x3F, 0x00, 0xFC, 0x00, 0x00, 0x0F,
    0xC0, 0x7E, 0x00, 0x00, 0x07, 0xE0, 0x1F, 0x80, 0x00, 0x02, 0xF4, 0x0B, 0xD0, 0x00, 0x00, 0xFC,
    0x03, 0xF0, 0x00, 0x00, 0x3F, 0x00, 0xFC, 0x00, 0x00, 0x0F, 0x80, 0x7E, 0x00, 0x00, 0x07, 0xE0,
    0x2F, 0x40, 0x00, 0x02, 0xF4, 0x0B, 0xC0, 0x00, 0x00, 0xFC, 0x03, 0xF0, 0x00, 0x00, 0x3F, 0x00,
    0xFC, 0x00, 0x00, 0x1F, 0x80, 0x7E, 0x00, 0x00, 0x0B, 0xD0, 0x1F, 0x80, 0x00, 0x03, 0xF0, 0x07,
    0xE0, 0x00, 0x01, 0xFC, 0x00, 0xFC, 0x00, 0x00, 0xFD, 0x00, 0x3F, 0x80, 0x00, 0xFF, 0x00, 0x07,
    0xFD, 0x56, 0xFF, 0x00, 0x00, 0xBF, 0xFF, 0xFF, 0x00, 0x00, 0x07, 0xFF, 0xFD, 0x00, 0x00, 0x00,
    0x01, 0x40, 0x00, 0x00, 0x00, 0xBC, 0x00, 0x00, 0x03, 0xF3, 0xF0, 0x00, 0x00, 0x2F, 0xCB, 0xC0,
    0x00, 0x00, 0xFC, 0x2F, 0x40, 0x00, 0x0B, 0xE0, 0x7D, 0x00, 0x00, 0x3F, 0x01, 0xF8, 0x00, 0x02,
    0xF8, 0x07, 0xE0, 0x00, 0x0F, 0xC0, 0x0F, 0x80, 0x00, 0xBE, 0x00, 0x3F, 0x00, 0x03, 0xF0, 0x00,
    0xFC, 0x00, 0x2F, 0x80, 0x03, 0xF0, 0x00, 0xFC, 0x00, 0x0B, 0xC0, 0x0B, 0xD0, 0x00, 0x2F, 0x00,
    0x3F, 0x00, 0x00, 0xBD, 0x02, 0xF4, 0x00, 0x01, 0xF4, 0x0F, 0xC0, 0x00, 0x07, 0xE0, 0xBD, 0x00,
    0x00, 0x0F, 0x83, 0xF0, 0x00, 0x00, 0x3E, 0x2F, 0x40, 0x00, 0x00, 0xFC, 0xF8, 0x00, 0x00, 0x03,
    0xFB, 0xC0, 0x00, 0x00, 0x0F, 0xFE, 0x00, 0x00, 0x00, 0x2F, 0xF0, 0x00, 0x00, 0x00, 0xBF, 0x80,
    0x00, 0x00, 0x01, 0xFC, 0x00, 0x00, 0x00, 0x7D, 0x00, 0x00, 0x3F, 0x00, 0x00, 0x2F, 0x1F, 0x80,
    0x00, 0x2F, 0xC0, 0x00, 0x1F, 0xC7, 0xE0, 0x00, 0x0F, 0xF0, 0x00, 0x0B, 0xD1, 0xF8, 0x00, 0x0B,
    0xFC, 0x00, 0x03, 0xF0, 0x7E, 0x00, 0x03, 0xEF, 0x00, 0x02, 0xF4, 0x0F, 0x80, 0x02, 0xF7, 0xD0,
    0x00, 0xFC, 0x03, 0xE0, 0x00, 0xF8, 0xF4, 0x00, 0x7E, 0x00, 0xF8, 0x00, 0x7C, 0x3D, 0x00, 0x3F,
    0x00, 0x3F, 0x00, 0x3F, 0x0F, 0x40, 0x1F, 0x80, 0x0F, 0xC0, 0x1F, 0x43, 0xD0, 0x0F, 0xC0, 0x03,
    0xF0, 0x0F, 0xC0, 0xF4, 0x03, 0xF0, 0x00, 0xFC, 0x07, 0xD0, 0x3E, 0x02, 0xF4, 0x00, 0x3F, 0x03,
    0xF0, 0x0F, 0x80, 0xFC, 0x00, 0x0F, 0xC0, 0xF4, 0x03, 0xE0, 0x7D, 0x00, 0x03, 0xF0, 0xBC, 0x00,
    0xF8, 0x3F, 0x00, 0x00, 0xFC, 0x3E, 0x00, 0x3E, 0x1F, 0x40, 0x00, 0x3F, 0x2F, 0x00, 0x0F, 0xCB,
    0xC0, 0x00, 0x0B, 0xCF, 0x80, 0x02, 0xF3, 0xE0, 0x00, 0x02, 0xF7, 0xC0, 0x00, 0xBD, 0xF0, 0x00,
    0x00, 0xBF, 0xE0, 0x00, 0x2F, 0xF8, 0x00, 0x00, 0x2F, 0xF0, 0x00, 0x0B, 0xFC, 0x00, 0x00, 0x0B,
    0xFC, 0x00, 0x02, 0xFF, 0x00, 0x00, 0x02, 0xFD, 0x00, 0x00, 0x7F, 0x40, 0x00, 0x00, 0x7F, 0x00,
    0x00, 0x1F, 0xC0, 0x00, 0x00, 0x00, 0x0F, 0x80, 0x00, 0x03, 0xE0, 0x00, 0x3F, 0x00, 0x00, 0x3F,
    0x40, 0x00, 0x7E, 0x00, 0x02, 0xF4, 0x00, 0x00, 0xFC, 0x00, 0x2F, 0x80, 0x00, 0x02, 0xF4, 0x01,
    0xFC, 0x00, 0x00, 0x07, 0xE0, 0x0F, 0xC0, 0x00, 0x00, 0x0F, 0xC0, 0xFD, 0x00, 0x00, 0x00, 0x2F,
    0x4B, 0xD0, 0x00, 0x00, 0x00, 0x3E, 0x7E, 0x00, 0x00, 0x00, 0x00, 0xFF, 0xF0, 0x00, 0x00, 0x00,
    0x01, 0xFF, 0x00, 0x00, 0x00, 0x00, 0x03, 0xF4, 0x00, 0x00, 0x00, 0x00, 0x3F, 0xE0, 0x00, 0x00,
    0x00, 0x02, 0xFF, 0xC0, 0x00, 0x00, 0x00, 0x1F, 0x9F, 0x40, 0x00, 0x00, 0x00, 0xFC, 0x3E, 0x00,
    0x00, 0x00, 0x0F, 0xC0, 0xFC, 0x00, 0x00, 0x00, 0xBD, 0x01, 0xF4, 0x00, 0x00, 0x07, 0xE0, 0x03,
    0xF0, 0x00, 0x00, 0x7F, 0x00, 0x0F, 0xC0, 0x00, 0x03, 0xF0, 0x00, 0x1F, 0x80, 0x00, 0x3F, 0x40,
    0x00, 0x3F, 0x00, 0x02, 0xF8, 0x00, 0x00, 0xFD, 0x00, 0x1F, 0xC0, 0x00, 0x01, 0xF8, 0x00, 0xBC,
    0x00, 0x00, 0x1F, 0x8B, 0xD0, 0x00, 0x03, 0xF0, 0x7E, 0x00, 0x00, 0xFD, 0x03, 0xF0, 0x00, 0x1F,
    0xC0, 0x3F, 0x00, 0x03, 0xF0, 0x02, 0xF4, 0x00, 0xFD, 0x00, 0x1F, 0x80, 0x1F, 0x80, 0x00, 0xFC,
    0x03, 0xF0, 0x00, 0x0F, 0xC0, 0xFD, 0x00, 0x00, 0xBC, 0x1F, 0x80, 0x00, 0x07, 0xD3, 0xF0, 0x00,
    0x00, 0x3E, 0xBD, 0x00, 0x00, 0x02, 0xFF, 0x80, 0x00, 0x00, 0x1F, 0xF0, 0x00, 0x00, 0x00, 0xFD,
    0x00, 0x00, 0x00, 0x0F, 0xC0, 0x00, 0x00, 0x01, 0xF8, 0x00, 0x00, 0x00, 0x2F, 0x40, 0x00, 0x00,
    0x03, 0xF0, 0x00, 0x00, 0x00, 0x3F, 0x00, 0x00, 0x00, 0x03, 0xE0, 0x00, 0x00, 0x00, 0x7E, 0x00,
    0x00, 0x00, 0x0B, 0xD0, 0x00, 0x00, 0x00, 0xFC, 0x00, 0x00, 0x00, 0x00, 0x0F, 0xFF, 0xFF, 0xFF,
    0x00, 0x03, 0xFF, 0xFF, 0xFF, 0xC0, 0x01, 0xFF, 0xFF, 0xFF, 0xE0, 0x00, 0x00, 0x00, 0x0B, 0xF0,
    0x00, 0x00, 0x00, 0x07, 0xF0, 0x00, 0x00, 0x00, 0x03, 0xF4, 0x00, 0x00, 0x00, 0x03, 0xF8, 0x00,
    0x00, 0x00, 0x02, 0xF8, 0x00, 0x00, 0x00, 0x01, 0xFC, 0x00, 0x00, 0x00, 0x01, 0xFC, 0x00, 0x00,
    0x00, 0x00, 0xFD, 0x00, 0x00, 0x00, 0x00, 0xFE, 0x00, 0x00, 0x00, 0x00, 0xBF, 0x00, 0x00, 0x00,
    0x00, 0x7F, 0x00, 0x00, 0x00, 0x00, 0x3F, 0x00, 0x00, 0x00, 0x00, 0x3F, 0x40, 0x00, 0x00, 0x00,
    0x3F, 0x80, 0x00, 0x00, 0x00, 0x2F, 0xC0, 0x00, 0x00, 0x00, 0x1F, 0xC0, 0x00, 0x00, 0x00, 0x0F,
    0xD0, 0x00, 0x00, 0x00, 0x0F, 0xD0, 0x00, 0x00, 0x00, 0x0B, 0xFA, 0xAA, 0xAA, 0x80, 0x03, 0xFF,
    0xFF, 0xFF, 0xF0, 0x00, 0xFF, 0xFF, 0xFF, 0xF8, 0x00, 0x00, 0x03, 0xFF, 0xC0, 0x00, 0x7F, 0xFC,
    0x00, 0x0B, 0xEA, 0x80, 0x00, 0xFC, 0x00, 0x00, 0x0F, 0x80, 0x00, 0x00, 0xF8, 0x00, 0x00, 0x1F,
    0x40, 0x00, 0x02, 0xF0, 0x00, 0x00, 0x3F, 0x00, 0x00, 0x03, 0xE0, 0x00, 0x00, 0x7D, 0x00, 0x00,
    0x0B, 0xC0, 0x00, 0x00, 0xBC, 0x00, 0x00, 0x0F, 0xC0, 0x00, 0x00, 0xF8, 0x00, 0x00, 0x1F, 0x40,
    0x00, 0x02, 0xF0, 0x00, 0x00, 0x3F, 0x00, 0x00, 0x03, 0xF0, 0x00, 0x00, 0x3E, 0x00, 0x00, 0x07,
    0xD0, 0x00, 0x00, 0xBC, 0x00, 0x00, 0x0F, 0xC0, 0x00, 0x00, 0xF8, 0x00, 0x00, 0x1F, 0x80, 0x00,
    0x01, 0xF4, 0x00, 0x00, 0x2F, 0x00, 0x00, 0x03, 0xFF, 0xE0, 0x00, 0x3F, 0xFD, 0x00, 0x01, 0x55,
    0x40, 0x00, 0x7D, 0x00, 0xF4, 0x03, 0xE0, 0x0F, 0xC0, 0x3F, 0x00, 0xBC, 0x01, 0xF0, 0x07, 0xD0,
    0x0F, 0x40, 0x3E, 0x00, 0xFC, 0x02, 0xF0, 0x0B, 0xC0, 0x1F, 0x00, 0x7D, 0x00, 0xF8, 0x03, 0xE0,
    0x0F, 0xC0, 0x2F, 0x00, 0xBC, 0x01, 0xF4, 0x03, 0xD0, 0x0F, 0x80, 0x3E, 0x00, 0x07, 0xFF, 0xC0,
    0x00, 0xBF, 0xFC, 0x00, 0x06, 0xAF, 0x80, 0x00, 0x01, 0xF8, 0x00, 0x00, 0x1F, 0x40, 0x00, 0x02,
    0xF0, 0x00, 0x00, 0x3F, 0x00, 0x00, 0x03, 0xE0, 0x00, 0x00, 0x7D, 0x00, 0x00, 0x0B, 0xC0, 0x00,
    0x00, 0xFC, 0x00, 0x00, 0x0F, 0xC0, 0x00, 0x00, 0xF8, 0x00, 0x00, 0x1F, 0x40, 0x00, 0x02, 0xF0,
    0x00, 0x00, 0x3F, 0x00, 0x00, 0x03, 0xE0, 0x00, 0x00, 0x7E, 0x00, 0x00, 0x07, 0xD0, 0x00, 0x00,
    0xBC, 0x00, 0x00, 0x0F, 0xC0, 0x00, 0x00, 0xF8, 0x00, 0x00, 0x1F, 0x40, 0x00, 0x02, 0xF0, 0x00,
    0x00, 0x2F, 0x00, 0x00, 0x03, 0xF0, 0x00, 0x00, 0x7E, 0x00, 0x03, 0xFF, 0xD0, 0x00, 0x7F, 0xFC,
    0x00, 0x01, 0x55, 0x40, 0x00, 0x00, 0x03, 0xC0, 0x00, 0x00, 0x01, 0xFC, 0x00, 0x00, 0x00, 0xFF,
    0x40, 0x00, 0x00, 0x7E, 0xF0, 0x00, 0x00, 0x3E, 0x3D, 0x00, 0x00, 0x0F, 0x0B, 0xC0, 0x00, 0x0B,
    0x80, 0xF4, 0x00, 0x03, 0xD0, 0x2F, 0x00, 0x02, 0xF0, 0x03, 0xD0, 0x00, 0xF4, 0x00, 0xBC, 0x00,
    0xBC, 0x00, 0x0F, 0x40, 0x3D, 0x00, 0x02, 0xF0, 0x2F, 0x00, 0x00, 0x3D, 0x0F, 0x80, 0x00, 0x0B,
    0xC7, 0xC0, 0x00, 0x00, 0xF4, 0x00, 0x00, 0x00, 0x00, 0x2F, 0xFF, 0xFF, 0xF8, 0xFF, 0xFF, 0xFF,
    0xD1, 0x55, 0x55, 0x55, 0x00, 0x2A, 0x00, 0xFD, 0x00, 0xFC, 0x01, 0xF4, 0x02, 0xF0, 0x02, 0xC0,
    0x00, 0x00, 0x00, 0x00, 0x00, 0x00, 0xBF, 0xE0, 0x3C, 0x00, 0x3F, 0xFF, 0xC7, 0xC0, 0x0F, 0xF5,
    0x7E, 0xFC, 0x03, 0xF8, 0x00, 0xFF, 0x80, 0xBF, 0x00, 0x07, 0xF4, 0x0F, 0xC0, 0x00, 0x3F, 0x01,
    0xF8, 0x00, 0x03, 0xF0, 0x3F, 0x40, 0x00, 0x3F, 0x03, 0xF0, 0x00, 0x07, 0xE0, 0x3F, 0x00, 0x00,
    0xBD, 0x07, 0xE0, 0x00, 0x0F, 0xC0, 0x7E, 0x00, 0x01, 0xFC, 0x07, 0xE0, 0x00, 0x3F, 0x80, 0x7E,
    0x00, 0x0B, 0xF4, 0x03, 0xF0, 0x02, 0xFF, 0x40, 0x3F, 0xC1, 0xFE, 0xF0, 0x01, 0xFF, 0xFE, 0x2F,
    0x00, 0x07, 0xFF, 0x42, 0xE0, 0x00, 0x01, 0x00, 0x00, 0x00, 0x00, 0x01, 0x40, 0x00, 0x00, 0x00,
    0xFC, 0x00, 0x00, 0x00, 0x0F, 0xC0, 0x00, 0x00, 0x01, 0xF8, 0x00, 0x00, 0x00, 0x2F, 0x40, 0x00,
    0x00, 0x02, 0xF0, 0x00, 0x00, 0x00, 0x3F, 0x00, 0x00, 0x00, 0x03, 0xF0, 0x00, 0x00, 0x00, 0x7E,
    0x0B, 0xFD, 0x00, 0x0B, 0xD7, 0xFF, 0xF4, 0x00, 0xFD, 0xF9, 0x7F, 0xC0, 0x0F, 0xFC, 0x00, 0xFD,
    0x00, 0xFF, 0x00, 0x07, 0xE0, 0x1F, 0xD0, 0x00, 0x7E, 0x02, 0xFC, 0x00, 0x07, 0xE0, 0x3F, 0x40,
    0x00, 0x7E, 0x03, 0xF0, 0x00, 0x0B, 0xD0, 0x7E, 0x00, 0x00, 0xFD, 0x07, 0xD0, 0x00, 0x0F, 0xC0,
    0xBD, 0x00, 0x01, 0xFC, 0x0F, 0xD0, 0x00, 0x3F, 0x40, 0xFD, 0x00, 0x07, 0xF0, 0x1F, 0xF0, 0x01,
    0xFD, 0x02, 0xFB, 0xD0, 0xBF, 0x80, 0x2E, 0x3F, 0xFF, 0xE0, 0x03, 0xD0, 0xBF, 0xF4, 0x00, 0x00,
    0x00, 0x50, 0x00, 0x00, 0x00, 0x00, 0x00, 0x00, 0x00, 0x1F, 0xFF, 0x80, 0x03, 0xFF, 0xFF, 0x00,
    0x3F, 0xE5, 0x68, 0x03, 0xF8, 0x00, 0x00, 0x2F, 0xC0, 0x00, 0x00, 0xFC, 0x00, 0x00, 0x0B, 0xE0,
    0x00, 0x00, 0x3F, 0x00, 0x00, 0x00, 0xFC, 0x00, 0x00, 0x07, 0xF0, 0x00, 0x00, 0x1F, 0x80, 0x00,
    0x00, 0x7E, 0x00, 0x00, 0x01, 0xF8, 0x00, 0x00, 0x03, 0xF0, 0x00, 0x00, 0x0F, 0xD0, 0x00, 0x00,
    0x1F, 0xE0, 0x1B, 0x00, 0x2F, 0xFF, 0xFC, 0x00, 0x1F, 0xFF, 0xD0, 0x00, 0x01, 0x50, 0x00, 0x00,
    0x00, 0x00, 0x00, 0x54, 0x00, 0x00, 0x00, 0x03, 0xE0, 0x00, 0x00, 0x00, 0x1F, 0x80, 0x00, 0x00,
    0x00, 0xBD, 0x00, 0x00, 0x00, 0x03, 0xF0, 0x00, 0x00, 0x00, 0x0F, 0xC0, 0x00, 0x00, 0x00, 0x3E,
    0x00, 0x00, 0x00, 0x01, 0xF4, 0x00, 0x0B, 0xFE, 0x0B, 0xC0, 0x00, 0xFF, 0xFF, 0x3F, 0x00, 0x0F,
    0xF5, 0x7E, 0xFC, 0x00, 0xFE, 0x00, 0x3F, 0xE0, 0x0B, 0xF0, 0x00, 0x7F, 0x40, 0x3F, 0x00, 0x00,
    0xFC, 0x01, 0xF8, 0x00, 0x03, 0xF0, 0x0F, 0xD0, 0x00, 0x0F, 0xC0, 0x3F, 0x00, 0x00, 0x7E, 0x00,
    0xFC, 0x00, 0x02, 0xF4, 0x07, 0xE0, 0x00, 0x0F, 0xC0, 0x1F, 0x80, 0x00, 0x7F, 0x00, 0x7E, 0x00,
    0x03, 0xF8, 0x01, 0xF8, 0x00, 0x2F, 0xD0, 0x03, 0xF0, 0x02, 0xFF, 0x40, 0x0F, 0xF0, 0x7E, 0xBC,
    0x00, 0x1F, 0xFF, 0xE2, 0xF0, 0x00, 0x1F, 0xFD, 0x0F, 0x80, 0x00, 0x01, 0x00, 0x00, 0x00, 0x00,
    0x00, 0x00, 0x00, 0x00, 0x00, 0x2F, 0xFE, 0x00, 0x03, 0xFF, 0xFF, 0x00, 0x3F, 0xD5, 0xFD, 0x03,
    0xF8, 0x01, 0xF8, 0x2F, 0x80, 0x07, 0xE0, 0xFC, 0x00, 0x2F, 0x47, 0xE0, 0x01, 0xFC, 0x3F, 0x41,
    0xBF, 0xD0, 0xFF, 0xFF, 0xFC, 0x03, 0xFF, 0xFE, 0x40, 0x1F, 0x90, 0x00, 0x00, 0x7E, 0x00, 0x00,
    0x01, 0xF8, 0x00, 0x00, 0x03, 0xF0, 0x00, 0x00, 0x0F, 0xD0, 0x00, 0x00, 0x1F, 0xE0, 0x1B, 0x40,
    0x2F, 0xFF, 0xFD, 0x00, 0x1F, 0xFF, 0xD0, 0x00, 0x01, 0x40, 0x00, 0x00, 0x00, 0x00, 0x05, 0x50,
    0x00, 0x00, 0x03, 0xFF, 0xE0, 0x00, 0x00, 0x3F, 0xFF, 0x40, 0x00, 0x01, 0xFC, 0x00, 0x00, 0x00,
    0x0F, 0xC0, 0x00, 0x00, 0x00, 0x3F, 0x00, 0x00, 0x00, 0x01, 0xF4, 0x00, 0x00, 0x00, 0x0B, 0xC0,
    0x00, 0x00, 0x01, 0xBF, 0xFE, 0x00, 0x00, 0x3F, 0xFF, 0xF8, 0x00, 0x00, 0x5B, 0xF5, 0x40, 0x00,
    0x00, 0x2F, 0x40, 0x00, 0x00, 0x00, 0xBC, 0x00, 0x00, 0x00, 0x03, 0xF0, 0x00, 0x00, 0x00, 0x0F,
    0xC0, 0x00, 0x00, 0x00, 0x7E, 0x00, 0x00, 0x00, 0x02, 0xF4, 0x00, 0x00, 0x00, 0x0F, 0xC0, 0x00,
    0x00, 0x00, 0x3F, 0x00, 0x00, 0x00, 0x00, 0xFC, 0x00, 0x00, 0x00, 0x07, 0xE0, 0x00, 0x00, 0x00,
    0x2F, 0x40, 0x00, 0x00, 0x00, 0xFC, 0x00, 0x00, 0x00, 0x03, 0xF0, 0x00, 0x00, 0x00, 0x1F, 0x80,
    0x00, 0x00, 0x00, 0x7D, 0x00, 0x00, 0x00, 0x02, 0xF4, 0x00, 0x00, 0x00, 0x0F, 0xC0, 0x00, 0x00,
    0x00, 0x3F, 0x00, 0x00, 0x00, 0x01, 0xF8, 0x00, 0x00, 0x00, 0x0F, 0xC0, 0x00, 0x00, 0x29, 0xFE,
    0x00, 0x00, 0x00, 0xBF, 0xF0, 0x00, 0x00, 0x02, 0xFE, 0x00, 0x00, 0x00, 0x00, 0x00, 0x00, 0x00,
    0x00, 0x00, 0x00, 0x0B, 0xFE, 0x03, 0xC0, 0x01, 0xFF, 0xFF, 0x1F, 0x00, 0x0F, 0xF5, 0x6E, 0xFC,
    0x00, 0xFE, 0x00, 0x3F, 0xE0, 0x0B, 0xF0, 0x00, 0x7F, 0x40, 0x3F, 0x00, 0x00, 0xFC, 0x01, 0xF8,
    0x00, 0x03, 0xF0, 0x0F, 0xD0, 0x00, 0x1F, 0xC0, 0x3F, 0x00, 0x00, 0x7E, 0x00, 0xFC, 0x00, 0x02,
    0xF4, 0x07, 0xE0, 0x00, 0x0F, 0xC0, 0x1F, 0x80, 0x00, 0x7F, 0x00, 0x7E, 0x00, 0x03, 0xF8, 0x01,
    0xF8, 0x00, 0x2F, 0xD0, 0x03, 0xF0, 0x02, 0xFF, 0x40, 0x0F, 0xF4, 0x7E, 0xBC, 0x00, 0x1F, 0xFF,
    0xE3, 0xF0, 0x00, 0x1F, 0xFD, 0x0F, 0x80, 0x00, 0x01, 0x00, 0x7D, 0x00, 0x00, 0x00, 0x02, 0xF0,
    0x00, 0x00, 0x00, 0x0F, 0xC0, 0x00, 0x00, 0x00, 0xBE, 0x00, 0x08, 0x00, 0x07, 0xF0, 0x00, 0x3F,
    0x96, 0xFF, 0x40, 0x00, 0xFF, 0xFF, 0xF4, 0x00, 0x00, 0xAF, 0xF9, 0x00, 0x00, 0x00, 0x00, 0x01,
    0x40, 0x00, 0x00, 0x00, 0xFC, 0x00, 0x00, 0x00, 0x0F, 0xC0, 0x00, 0x00, 0x01, 0xF8, 0x00, 0x00,
    0x00, 0x2F, 0x40, 0x00, 0x00, 0x02, 0xF0, 0x00, 0x00, 0x00, 0x3F, 0x00, 0x00, 0x00, 0x03, 0xE0,
    0x00, 0x00, 0x00, 0x7E, 0x0B, 0xFE, 0x00, 0x0B, 0xD7, 0xFF, 0xF8, 0x00, 0xFD, 0xF9, 0x6F, 0xC0,
    0x0F, 0xFC, 0x00, 0xBD, 0x00, 0xFF, 0x00, 0x0B, 0xD0, 0x1F, 0xD0, 0x00, 0xBD, 0x02, 0xFC, 0x00,
    0x0F, 0xC0, 0x3F, 0x40, 0x00, 0xFC, 0x03, 0xF0, 0x00, 0x0F, 0xC0, 0x7E, 0x00, 0x01, 0xF8, 0x07,
    0xD0, 0x00, 0x2F, 0x40, 0xBC, 0x00, 0x03, 0xF0, 0x0F, 0xC0, 0x00, 0x3F, 0x00, 0xFC, 0x00, 0x07,
    0xE0, 0x1F, 0x80, 0x00, 0x7D, 0x02, 0xF4, 0x00, 0x0B, 0xD0, 0x2F, 0x00, 0x00, 0xFC, 0x03, 0xF0,
    0x00, 0x0F, 0xC0, 0x00, 0x06, 0x00, 0x03, 0xF0, 0x01, 0xFC, 0x00, 0x3D, 0x00, 0x00, 0x00, 0x00,
    0x00, 0x00, 0x00, 0x01, 0xF4, 0x00, 0xBD, 0x00, 0x3F, 0x00, 0x0F, 0xC0, 0x03, 0xE0, 0x01, 0xF8,
    0x00, 0xBD, 0x00, 0x3F, 0x00, 0x0F, 0xC0, 0x07, 0xE0, 0x01, 0xF4, 0x00, 0xBD, 0x00, 0x3F, 0x00,
    0x0F, 0xC0, 0x07, 0xE0, 0x02, 0xF4, 0x00, 0xBC, 0x00, 0x3F, 0x00, 0x00, 0x00, 0x00, 0x01, 0x80,
    0x00, 0x00, 0x3F, 0x00, 0x00, 0x07, 0xF0, 0x00, 0x00, 0x3D, 0x00, 0x00, 0x00, 0x00, 0x00, 0x00,
    0x00, 0x00, 0x00, 0x00, 0x00, 0x00, 0x01, 0xF4, 0x00, 0x00, 0x2F, 0x40, 0x00, 0x03, 0xF0, 0x00,
    0x00, 0x3F, 0x00, 0x00, 0x03, 0xE0, 0x00, 0x00, 0x7D, 0x00, 0x00, 0x0B, 0xD0, 0x00, 0x00, 0xFC,
    0x00, 0x00, 0x0F, 0xC0, 0x00, 0x00, 0xF8, 0x00, 0x00, 0x1F, 0x40, 0x00, 0x02, 0xF0, 0x00, 0x00,
    0x3F, 0x00, 0x00, 0x03, 0xF0, 0x00, 0x00, 0x7E, 0x00, 0x00, 0x0B, 0xD0, 0x00, 0x00, 0xBC, 0x00,
    0x00, 0x0F, 0xC0, 0x00, 0x00, 0xF8, 0x00, 0x00, 0x1F, 0x80, 0x00, 0x02, 0xF4, 0x00, 0x00, 0x3F,
    0x00, 0x00, 0x07, 0xE0, 0x00, 0x26, 0xFD, 0x00, 0x03, 0xFF, 0x80, 0x00, 0x3F, 0xD0, 0x00, 0x00,
    0x00, 0x05, 0x40, 0x00, 0x00, 0x00, 0xFC, 0x00, 0x00, 0x00, 0x0F, 0xC0, 0x00, 0x00, 0x01, 0xF8,
    0x00, 0x00, 0x00, 0x2F, 0x40, 0x00, 0x00, 0x03, 0xF0, 0x00, 0x00, 0x00, 0x3F, 0x00, 0x00, 0x00,
    0x03, 0xF0, 0x00, 0x00, 0x00, 0x7E, 0x00, 0x1F, 0xC0, 0x0B, 0xD0, 0x07, 0xF0, 0x00, 0xFC, 0x01,
    0xFC, 0x00, 0x0F, 0xC0, 0x7F, 0x00, 0x00, 0xF8, 0x1F, 0xC0, 0x00, 0x1F, 0x47, 0xF0, 0x00, 0x02,
    0xF1, 0xFC, 0x00, 0x00, 0x3F, 0x3F, 0x00, 0x00, 0x03, 0xFF, 0xF0, 0x00, 0x00, 0x7F, 0xFF, 0x80,
    0x00, 0x0B, 0xF8, 0xFC, 0x00, 0x00, 0xBD, 0x0B, 0xE0, 0x00, 0x0F, 0xC0, 0x3F, 0x00, 0x00, 0xFC,
    0x02, 0xF4, 0x00, 0x1F, 0x80, 0x0F, 0xC0, 0x02, 0xF4, 0x00, 0xFD, 0x00, 0x3F, 0x00, 0x07, 0xF0,
    0x03, 0xF0, 0x00, 0x3F, 0x40, 0x00, 0x01, 0x40, 0x00, 0xFC, 0x00, 0x0F, 0xC0, 0x01, 0xF8, 0x00,
    0x2F, 0x40, 0x02, 0xF0, 0x00, 0x3F, 0x00, 0x03, 0xF0, 0x00, 0x7E, 0x00, 0x0B, 0xD0, 0x00, 0xFC,
    0x00, 0x0F, 0xC0, 0x00, 0xF8, 0x00, 0x1F, 0x40, 0x02, 0xF4, 0x00, 0x3F, 0x00, 0x03, 0xF0, 0x00,
    0x7E, 0x00, 0x0B, 0xD0, 0x00, 0xBC, 0x00, 0x0F, 0xC0, 0x00, 0xFC, 0x00, 0x1F, 0x80, 0x02, 0xF4,
    0x00, 0x3F, 0x00, 0x03, 0xF0, 0x00, 0x00, 0x00, 0x00, 0x00, 0x00, 0x00, 0x00, 0x00, 0x7C, 0x0B,
    0xFC, 0x00, 0xBF, 0xE0, 0x00, 0xBC, 0x7F, 0xFF, 0x03, 0xFF, 0xF8, 0x00, 0xFD, 0xF9, 0x7F, 0x4F,
    0x96, 0xFC, 0x00, 0xFF, 0xC0, 0x0F, 0xBD, 0x00, 0xFD, 0x00, 0xFF, 0x00, 0x0F, 0xF4, 0x00, 0xBD,
    0x01, 0xFD, 0x00, 0x0F, 0xE0, 0x00, 0xBC, 0x02, 0xFC, 0x00, 0x1F, 0xC0, 0x00, 0xFC, 0x03, 0xF4,
    0x00, 0x1F, 0x80, 0x00, 0xFC, 0x03, 0xF0, 0x00, 0x2F, 0x40, 0x01, 0xF8, 0x07, 0xE0, 0x00, 0x3F,
    0x00, 0x02, 0xF4, 0x07, 0xD0, 0x00, 0x3F, 0x00, 0x02, 0xF0, 0x0B, 0xC0, 0x00, 0x7E, 0x00, 0x03,
    0xF0, 0x0F, 0xC0, 0x00, 0xBD, 0x00, 0x03, 0xF0, 0x0F, 0xC0, 0x00, 0xFC, 0x00, 0x07, 0xE0, 0x1F,
    0x80, 0x00, 0xFC, 0x00, 0x0B, 0xD0, 0x2F, 0x40, 0x00, 0xFC, 0x00, 0x0F, 0xC0, 0x2F, 0x00, 0x01,
    0xF8, 0x00, 0x0F, 0xC0, 0x3F, 0x00, 0x02, 0xF4, 0x00, 0x0F, 0x80, 0x00, 0x00, 0x00, 0x50, 0x00,
    0x07, 0xC0, 0xFF, 0xE0, 0x00, 0xBC, 0x7F, 0xFF, 0xC0, 0x0F, 0xDF, 0xD6, 0xFD, 0x00, 0xFF, 0xD0,
    0x0F, 0xD0, 0x1F, 0xF0, 0x00, 0xBE, 0x02, 0xFD, 0x00, 0x0B, 0xD0, 0x3F, 0xC0, 0x00, 0xFD, 0x03,
    0xF4, 0x00, 0x0F, 0xC0, 0x3F, 0x00, 0x01, 0xFC, 0x07, 0xF0, 0x00, 0x2F, 0x80, 0xBE, 0x00, 0x02,
    0xF4, 0x0F, 0xD0, 0x00, 0x3F, 0x00, 0xFC, 0x00, 0x03, 0xF0, 0x0F, 0xC0, 0x00, 0x7F, 0x01, 0xF8,
    0x00, 0x0B, 0xE0, 0x2F, 0x40, 0x00, 0xFD, 0x03, 0xF4, 0x00, 0x0F, 0xC0, 0x3F, 0x00, 0x00, 0xFC,
    0x00, 0x00, 0x00, 0x00, 0x00, 0x00, 0x01, 0xFF, 0xE0, 0x00, 0x07, 0xFF, 0xFF, 0x00, 0x07, 0xFD,
    0x5F, 0xF0, 0x03, 0xF8, 0x00, 0xBE, 0x02, 0xF8, 0x00, 0x0F, 0xC0, 0xFC, 0x00, 0x03, 0xF0, 0xBD,
    0x00, 0x00, 0xFC, 0x3F, 0x00, 0x00, 0x3F, 0x0F, 0xC0, 0x00, 0x0F, 0xC7, 0xE0, 0x00, 0x03, 0xF1,
    0xF8, 0x00, 0x01, 0xF8, 0x7E, 0x00, 0x00, 0xBD, 0x1F, 0x80, 0x00, 0x3F, 0x03, 0xF0, 0x00, 0x2F,
    0x80, 0xFD, 0x00, 0x1F, 0xC0, 0x1F, 0xE4, 0x6F, 0xD0, 0x02, 0xFF, 0xFF, 0xD0, 0x00, 0x1F, 0xFF,
    0x80, 0x00, 0x00, 0x04, 0x00, 0x00, 0x00, 0x00, 0x00, 0x00, 0x00, 0x00, 0x7C, 0x0B, 0xFD, 0x00,
    0x02, 0xF1, 0xFF, 0xFD, 0x00, 0x0F, 0xDF, 0x97, 0xFC, 0x00, 0x3F, 0xF0, 0x03, 0xF4, 0x00, 0xFF,
    0x00, 0x07, 0xE0, 0x07, 0xF4, 0x00, 0x1F, 0x80, 0x2F, 0xC0, 0x00, 0x7E, 0x00, 0xFD, 0x00, 0x01,
    0xF8, 0x03, 0xF0, 0x00, 0x0B, 0xD0, 0x0F, 0x80, 0x00, 0x3F, 0x40, 0x7D, 0x00, 0x00, 0xFC, 0x02,
    0xF4, 0x00, 0x07, 0xF0, 0x0F, 0xD0, 0x00, 0x3F, 0x40, 0x3F, 0x40, 0x01, 0xFC, 0x01, 0xFF, 0x00,
    0x1F, 0xD0, 0x0B, 0xEF, 0x42, 0xFE, 0x00, 0x2F, 0x3F, 0xFF, 0xE0, 0x00, 0xFC, 0x2F, 0xFD, 0x00,
    0x03, 0xF0, 0x05, 0x00, 0x00, 0x1F, 0x80, 0x00, 0x00, 0x00, 0xBD, 0x00, 0x00, 0x00, 0x03, 0xF0,
    0x00, 0x00, 0x00, 0x0F, 0xC0, 0x00, 0x00, 0x00, 0x3E, 0x00, 0x00, 0x00, 0x01, 0xF4, 0x00, 0x00,
    0x00, 0x0B, 0xD0, 0x00, 0x00, 0x00, 0x00, 0x00, 0x00, 0x00, 0x00, 0x00, 0x00, 0xBF, 0xE0, 0x3C,
    0x00, 0x3F, 0xFF, 0xC7, 0xC0, 0x0F, 0xF5, 0x7E, 0xFC, 0x03, 0xF8, 0x00, 0xFF, 0x80, 0xBF, 0x00,
    0x07, 0xF4, 0x0F, 0xC0, 0x00, 0x3F, 0x01, 0xFC, 0x00, 0x03, 0xF0, 0x3F, 0x40, 0x00, 0x7F, 0x03,
    0xF0, 0x00, 0x07, 0xE0, 0x3F, 0x00, 0x00, 0xBD, 0x07, 0xE0, 0x00, 0x0F, 0xC0, 0x7E, 0x00, 0x01,
    0xFC, 0x07, 0xE0, 0x00, 0x3F, 0x80, 0x7E, 0x00, 0x0B, 0xF4, 0x03, 0xF0, 0x02, 0xFF, 0x40, 0x3F,
    0xC1, 0xFA, 0xF0, 0x01, 0xFF, 0xFE, 0x3F, 0x00, 0x07, 0xFF, 0x47, 0xE0, 0x00, 0x01, 0x00, 0x7D,
    0x00, 0x00, 0x00, 0x0B, 0xC0, 0x00, 0x00, 0x00, 0xFC, 0x00, 0x00, 0x00, 0x0F, 0xC0, 0x00, 0x00,
    0x01, 0xF8, 0x00, 0x00, 0x00, 0x2F, 0x40, 0x00, 0x00, 0x03, 0xF0, 0x00, 0x00, 0x00, 0x3F, 0x00,
    0x00, 0x00, 0x00, 0x00, 0x00, 0x01, 0xF0, 0x7F, 0xC0, 0x0B, 0xC7, 0xFF, 0x00, 0x3F, 0x7E, 0xA4,
    0x00, 0xFF, 0xD0, 0x00, 0x03, 0xFC, 0x00, 0x00, 0x1F, 0xD0, 0x00, 0x00, 0xBF, 0x00, 0x00, 0x03,
    0xF4, 0x00, 0x00, 0x0F, 0xC0, 0x00, 0x00, 0x7E, 0x00, 0x00, 0x01, 0xF4, 0x00, 0x00, 0x0B, 0xC0,
    0x00, 0x00, 0x3F, 0x00, 0x00, 0x00, 0xFC, 0x00, 0x00, 0x07, 0xE0, 0x00, 0x00, 0x2F, 0x40, 0x00,
    0x00, 0xBC, 0x00, 0x00, 0x03, 0xF0, 0x00, 0x00, 0x00, 0x00, 0x00, 0x00, 0x00, 0x02, 0xFF, 0xF4,
    0x01, 0xFF, 0xFF, 0xE0, 0x3F, 0x95, 0xBC, 0x0B, 0xE0, 0x00, 0x00, 0xBC, 0x00, 0x00, 0x0B, 0xD0,
    0x00, 0x00, 0x7F, 0x00, 0x00, 0x03, 0xFE, 0x00, 0x00, 0x0F, 0xFD, 0x00, 0x00, 0x2F, 0xF8, 0x00,
    0x00, 0x2F, 0xD0, 0x00, 0x00, 0xBF, 0x00, 0x00, 0x03, 0xF0, 0x00, 0x00, 0x3F, 0x00, 0x00, 0x07,
    0xF0, 0xF4, 0x02, 0xFD, 0x0F, 0xFF, 0xFF, 0x80, 0x7F, 0xFF, 0xD0, 0x00, 0x05, 0x40, 0x00, 0x00,
    0x1D, 0x00, 0x00, 0x3C, 0x00, 0x00, 0xBC, 0x00, 0x00, 0xFC, 0x00, 0x1B, 0xFF, 0xFC, 0x7F, 0xFF,
    0xFC, 0x17, 0xF5, 0x54, 0x03, 0xF0, 0x00, 0x03, 0xF0, 0x00, 0x07, 0xE0, 0x00, 0x0B, 0xD0, 0x00,
    0x0F, 0xC0, 0x00, 0x0F, 0xC0, 0x00, 0x1F, 0x80, 0x00, 0x1F, 0x40, 0x00, 0x2F, 0x40, 0x00, 0x3F,
    0x00, 0x00, 0x3F, 0x00, 0x00, 0x3F, 0x00, 0x00, 0x3F, 0x41, 0x00, 0x2F, 0xFF, 0x00, 0x0B, 0xFF,
    0x00, 0x00, 0x50, 0x00, 0x01, 0xF4, 0x00, 0x0B, 0xC0, 0x3F, 0x00, 0x00, 0xFC, 0x03, 0xF0, 0x00,
    0x0F, 0xC0, 0x3F, 0x00, 0x01, 0xF8, 0x07, 0xE0, 0x00, 0x1F, 0x40, 0xBD, 0x00, 0x02, 0xF0, 0x0F,
    0xC0, 0x00, 0x3F, 0x00, 0xFC, 0x00, 0x03, 0xF0, 0x1F, 0x80, 0x00, 0x7E, 0x01, 0xF4, 0x00, 0x0B,
    0xD0, 0x2F, 0x40, 0x00, 0xFC, 0x03, 0xF0, 0x00, 0x1F, 0xC0, 0x3F, 0x00, 0x03, 0xF8, 0x03, 0xF0,
    0x00, 0xBF, 0x40, 0x3F, 0x00, 0x2F, 0xF4, 0x03, 0xF8, 0x1F, 0xAF, 0x00, 0x1F, 0xFF, 0xE2, 0xF0,
    0x00, 0xBF, 0xF4, 0x3E, 0x00, 0x00, 0x50, 0x00, 0x00, 0x00, 0x7D, 0x00, 0x00, 0x3F, 0x1F, 0x80,
    0x00, 0x2F, 0x43, 0xF0, 0x00, 0x0F, 0xC0, 0xFC, 0x00, 0x0F, 0xD0, 0x3F, 0x00, 0x07, 0xF0, 0x0F,
    0xC0, 0x03, 0xF4, 0x02, 0xF0, 0x01, 0xF8, 0x00, 0xBD, 0x00, 0xFC, 0x00, 0x1F, 0x40, 0x7E, 0x00,
    0x07, 0xD0, 0x3F, 0x00, 0x00, 0xF8, 0x2F, 0x80, 0x00, 0x3E, 0x0F, 0xC0, 0x00, 0x0F, 0x87, 0xD0,
    0x00, 0x03, 0xF3, 0xF0, 0x00, 0x00, 0xBD, 0xF4, 0x00, 0x00, 0x2F, 0xFC, 0x00, 0x00, 0x0B, 0xFD,
    0x00, 0x00, 0x01, 0xFF, 0x00, 0x00, 0x00, 0x3E, 0x00, 0x07, 0xF0, 0x00, 0x3F, 0x0F, 0xC0, 0x02,
    0xFC, 0x00, 0x1F, 0x83, 0xF0, 0x00, 0xFF, 0x00, 0x0F, 0xD0, 0xFC, 0x00, 0xBB, 0xD0, 0x03, 0xF0,
    0x3F, 0x00, 0x3D, 0xF4, 0x02, 0xF4, 0x0F, 0xC0, 0x2F, 0x3D, 0x00, 0xFC, 0x03, 0xF0, 0x0F, 0x4F,
    0x40, 0xBD, 0x00, 0xFC, 0x0B, 0xC3, 0xD0, 0x3F, 0x00, 0x3F, 0x03, 0xE0, 0xF8, 0x1F, 0x40, 0x0B,
    0xC1, 0xF0, 0x3E, 0x0F, 0xC0, 0x02, 0xF0, 0xF8, 0x0F, 0x87, 0xE0, 0x00, 0xBC, 0x7C, 0x03, 0xE2,
    0xF0, 0x00, 0x2F, 0x3E, 0x00, 0xB8, 0xF8, 0x00, 0x0B, 0xCF, 0x00, 0x2E, 0xBC, 0x00, 0x02, 0xFB,
    0x80, 0x0B, 0xBE, 0x00, 0x00, 0x7F, 0xD0, 0x02, 0xFF, 0x40, 0x00, 0x1F, 0xF0, 0x00, 0xBF, 0xC0,
    0x00, 0x07, 0xF4, 0x00, 0x1F, 0xD0, 0x00, 0x00, 0x00, 0x3E, 0x00, 0x02, 0xF8, 0x00, 0xFC, 0x00,
    0x1F, 0xC0, 0x01, 0xF8, 0x01, 0xFC, 0x00, 0x03, 0xF0, 0x0F, 0xC0, 0x00, 0x07, 0xD0, 0xFD, 0x00,
    0x00, 0x0F, 0xCB, 0xD0, 0x00, 0x00, 0x2F, 0xBE, 0x00, 0x00, 0x00, 0x3F, 0xF0, 0x00, 0x00, 0x00,
    0xBF, 0x00, 0x00, 0x00, 0x03, 0xFC, 0x00, 0x00, 0x00, 0x3F, 0xF4, 0x00, 0x00, 0x03, 0xF7, 0xE0,
    0x00, 0x00, 0x2F, 0x8B, 0xC0, 0x00, 0x01, 0xF8, 0x1F, 0x80, 0x00, 0x1F, 0xC0, 0x3F, 0x00, 0x00,
    0xFC, 0x00, 0x7E, 0x00, 0x0F, 0xD0, 0x00, 0xFC, 0x00, 0xFE, 0x00, 0x02, 0xF4, 0x00, 0x00, 0x1F,
    0x80, 0x00, 0x0F, 0xC0, 0x00, 0xF8, 0x00, 0x02, 0xF4, 0x00, 0x0F, 0xC0, 0x00, 0x3F, 0x00, 0x00,
    0xFC, 0x00, 0x0F, 0xD0, 0x00, 0x0F, 0xC0, 0x01, 0xFC, 0x00, 0x00, 0xBC, 0x00, 0x3F, 0x00, 0x00,
    0x07, 0xD0, 0x07, 0xE0, 0x00, 0x00, 0x7E, 0x00, 0xFC, 0x00, 0x00, 0x03, 0xE0, 0x1F, 0x80, 0x00,
    0x00, 0x3F, 0x03, 0xF0, 0x00, 0x00, 0x03, 0xF0, 0x7E, 0x00, 0x00, 0x00, 0x2F, 0x0F, 0xC0, 0x00,
    0x00, 0x02, 0xF1, 0xF4, 0x00, 0x00, 0x00, 0x1F, 0x3F, 0x00, 0x00, 0x00, 0x01, 0xF7, 0xD0, 0x00,
    0x00, 0x00, 0x0F, 0xFC, 0x00, 0x00, 0x00, 0x00, 0xFF, 0x40, 0x00, 0x00, 0x00, 0x0F, 0xE0, 0x00,
    0x00, 0x00, 0x00, 0xFC, 0x00, 0x00, 0x00, 0x00, 0x1F, 0x80, 0x00, 0x00, 0x00, 0x03, 0xF0, 0x00,
    0x00, 0x00, 0x00, 0xBE, 0x00, 0x00, 0x00, 0x00, 0x1F, 0xC0, 0x00, 0x00, 0x02, 0x5B, 0xF0, 0x00,
    0x00, 0x00, 0x3F, 0xFD, 0x00, 0x00, 0x00, 0x03, 0xFE, 0x00, 0x00, 0x00, 0x00, 0x00, 0x7F, 0xFF,
    0xFD, 0x00, 0x7F, 0xFF, 0xFD, 0x00, 0x15, 0x56, 0xFC, 0x00, 0x00, 0x03, 0xF4, 0x00, 0x00, 0x0B,
    0xE0, 0x00, 0x00, 0x2F, 0x80, 0x00, 0x00, 0x7F, 0x00, 0x00, 0x00, 0xFC, 0x00, 0x00, 0x03, 0xF4,
    0x00, 0x00, 0x0F, 0xD0, 0x00, 0x00, 0x2F, 0x80, 0x00, 0x00, 0x7F, 0x00, 0x00, 0x01, 0xFC, 0x00,
    0x00, 0x03, 0xF0, 0x00, 0x00, 0x0F, 0xD0, 0x00, 0x00, 0x2F, 0x80, 0x00, 0x00, 0x3F, 0xFF, 0xFF,
    0x80, 0x7F, 0xFF, 0xFF, 0x40, 0x00, 0x00, 0x1A, 0xC0, 0x00, 0x0B, 0xFC, 0x00, 0x01, 0xFF, 0x80,
    0x00, 0x3F, 0x00, 0x00, 0x07, 0xE0, 0x00, 0x00, 0x7D, 0x00, 0x00, 0x0B, 0xC0, 0x00, 0x00, 0xFC,
    0x00, 0x00, 0x0F, 0x80, 0x00, 0x01, 0xF4, 0x00, 0x00, 0x2F, 0x00, 0x00, 0x03, 0xF0, 0x00, 0x00,
    0xFD, 0x00, 0x03, 0xFF, 0x80, 0x00, 0x7F, 0x80, 0x00, 0x07, 0xFD, 0x00, 0x00, 0x03, 0xF0, 0x00,
    0x00, 0x1F, 0x40, 0x00, 0x01, 0xF4, 0x00, 0x00, 0x1F, 0x40, 0x00, 0x02, 0xF0, 0x00, 0x00, 0x3F,
    0x00, 0x00, 0x03, 0xE0, 0x00, 0x00, 0x7D, 0x00, 0x00, 0x07, 0xD0, 0x00, 0x00, 0xBC, 0x00, 0x00,
    0x0B, 0xF4, 0x00, 0x00, 0x3F, 0xE0, 0x00, 0x01, 0xFE, 0x00, 0x00, 0x00, 0x00, 0x00, 0x14, 0x7C,
    0x7C, 0x7C, 0x7C, 0x7C, 0x7C, 0x7C, 0x7C, 0x7C, 0x7C, 0x7C, 0x7C, 0x7C, 0x7C, 0x7C, 0x7C, 0x7C,
    0x7C, 0x7C, 0x7C, 0x7C, 0x7C, 0x7C, 0x7C, 0x7C, 0x7C, 0x7C, 0x7C, 0x7C, 0x7C, 0x7C, 0x7C, 0x7C,
    0x00, 0x00, 0x0B, 0x90, 0x00, 0x00, 0xFF, 0x80, 0x00, 0x0B, 0xFD, 0x00, 0x00, 0x07, 0xD0, 0x00,
    0x00, 0x3D, 0x00, 0x00, 0x07, 0xD0, 0x00, 0x00, 0xBC, 0x00, 0x00, 0x0F, 0xC0, 0x00, 0x00, 0xF8,
    0x00, 0x00, 0x1F, 0x40, 0x00, 0x01, 0xF0, 0x00, 0x00, 0x1F, 0x00, 0x00, 0x01, 0xF4, 0x00, 0x00,
    0x0F, 0xE4, 0x00, 0x00, 0x2F, 0xD0, 0x00, 0x0B, 0xFC, 0x00, 0x03, 0xF9, 0x00, 0x00, 0xBD, 0x00,
    0x00, 0x0F, 0x80, 0x00, 0x01, 0xF4, 0x00, 0x00, 0x2F, 0x00, 0x00, 0x03, 0xF0, 0x00, 0x00, 0x3E,
    0x00, 0x00, 0x07, 0xD0, 0x00, 0x00, 0xBD, 0x00, 0x00, 0x0F, 0xC0, 0x00, 0x07, 0xF8, 0x00, 0x03,
    0xFF, 0x00, 0x00, 0x3F, 0x80, 0x00, 0x01, 0x00, 0x00, 0x00, 0x0B, 0xF9, 0x00, 0x01, 0x1F, 0xFF,
    0xF8, 0x02, 0xCB, 0xE6, 0xFF, 0xFF, 0xF2, 0x40, 0x06, 0xFF, 0xF0, 0x00, 0x00, 0x05, 0x40, 0x00,
    0x00, 0x00, 0x00, 0x01, 0xFC, 0x00, 0x3F, 0xC0, 0x03, 0xFC, 0x00, 0x3F, 0x40, 0x00, 0x40, 0x00,
    0x00, 0x00, 0x00, 0x00, 0x00, 0x3C, 0x00, 0x07, 0xC0, 0x00, 0xB8, 0x00, 0x0F, 0x40, 0x00, 0xF4,
    0x00, 0x1F, 0x00, 0x02, 0xF0, 0x00, 0x3F, 0x00, 0x03, 0xE0, 0x00, 0x7D, 0x00, 0x0B, 0xD0, 0x00,
    0xFC, 0x00, 0x0F, 0xC0, 0x01, 0xFC, 0x00, 0x2F, 0x80, 0x03, 0xF4, 0x00, 0x3F, 0x40, 0x00, 0x00,
    0x00, 0x00, 0x00, 0x00, 0x00, 0x00, 0x00, 0xF4, 0x00, 0x00, 0x03, 0xC0, 0x00, 0x00, 0x1F, 0x40,
    0x00, 0x0B, 0xFF, 0xF0, 0x01, 0xFF, 0xFF, 0xC0, 0x1F, 0xE0, 0x06, 0x00, 0xFD, 0x00, 0x00, 0x0F,
    0xE0, 0x00, 0x00, 0x7F, 0x00, 0x00, 0x02, 0xF4, 0x00, 0x00, 0x0F, 0xC0, 0x00, 0x00, 0x3F, 0x00,
    0x00, 0x01, 0xF8, 0x00, 0x00, 0x07, 0xE0, 0x00, 0x00, 0x1F, 0x80, 0x00, 0x00, 0x7E, 0x00, 0x00,
    0x00, 0xFC, 0x00, 0x00, 0x03, 0xF8, 0x00, 0x00, 0x07, 0xFD, 0x5B, 0xC0, 0x07, 0xFF, 0xFF, 0x00,
    0x02, 0xFF, 0xE0, 0x00, 0x03, 0xC0, 0x00, 0x00, 0x1F, 0x00, 0x00, 0x00, 0xB8, 0x00, 0x00, 0x00,
    0x40, 0x00, 0x00, 0x00, 0x00, 0x00, 0x00, 0x00, 0x00, 0x00, 0x00, 0x7F, 0xFD, 0x00, 0x00, 0x00,
    0xFF, 0xFF, 0xF0, 0x00, 0x00, 0xFF, 0x96, 0xF8, 0x00, 0x00, 0xBE, 0x00, 0x04, 0x00, 0x00, 0x3F,
    0x00, 0x00, 0x00, 0x00, 0x1F, 0x80, 0x00, 0x00, 0x00, 0x07, 0xD0, 0x00, 0x00, 0x00, 0x02, 0xF0,
    0x00, 0x00, 0x00, 0x00, 0xFC, 0x00, 0x00, 0x00, 0x00, 0x3F, 0x00, 0x00, 0x00, 0x00, 0x1F, 0x80,
    0x00, 0x00, 0x02, 0xAF, 0xFA, 0xA8, 0x00, 0x00, 0xFF, 0xFF, 0xFF, 0x00, 0x00, 0x15, 0xFD, 0x55,
    0x40, 0x00, 0x00, 0x3E, 0x00, 0x00, 0x00, 0x00, 0x1F, 0x40, 0x00, 0x00, 0x00, 0x0B, 0xD0, 0x00,
    0x00, 0x00, 0x03, 0xF0, 0x00, 0x00, 0x00, 0x00, 0xF8, 0x00, 0x00, 0x00, 0x00, 0xFC, 0x00, 0x00,
    0x00, 0x00, 0xBD, 0x00, 0x00, 0x00, 0x02, 0xFF, 0xAA, 0xAA, 0xA4, 0x00, 0xFF, 0xFF, 0xFF, 0xFE,
    0x00, 0x7F, 0xFF, 0xFF, 0xFF, 0x40, 0x00, 0x08, 0x00, 0x00, 0x20, 0xF8, 0x7F, 0x93, 0xE2, 0xFF,
    0xFF, 0xFF, 0x02, 0xFE, 0x5B, 0xF0, 0x0B, 0xC0, 0x07, 0xD0, 0x3D, 0x00, 0x0B, 0x81, 0xF0, 0x00,
    0x1F, 0x07, 0xC0, 0x00, 0x3C, 0x0F, 0x00, 0x01, 0xF0, 0x3E, 0x00, 0x0F, 0x80, 0x7E, 0x00, 0xFC,
    0x03, 0xFF, 0xFF, 0xF8, 0x3F, 0x7F, 0xFA, 0xF8, 0xB0, 0x05, 0x02, 0xD0, 0x00, 0x00, 0x00, 0x00,
    0x0F, 0x80, 0x00, 0x02, 0xF0, 0x3F, 0x00, 0x00, 0x2F, 0x80, 0xBC, 0x00, 0x00, 0xFC, 0x01, 0xF4,
    0x00, 0x0F, 0xD0, 0x03, 0xE0, 0x00, 0x7E, 0x00, 0x0F, 0xC0, 0x03, 0xF0, 0x00, 0x2F, 0x00, 0x3F,
    0x00, 0x00, 0x7D, 0x01, 0xF8, 0x00, 0x00, 0xF8, 0x0F, 0xC0, 0x00, 0x02, 0xF0, 0xFC, 0x00, 0x00,
    0x07, 0xC7, 0xD0, 0x00, 0x00, 0x0F, 0x7F, 0x00, 0x00, 0x05, 0x7F, 0xF5, 0x40, 0x00, 0xBF, 0xFF,
    0xFF, 0x40, 0x03, 0xFF, 0xFF, 0xFD, 0x00, 0x00, 0x07, 0xD0, 0x00, 0x00, 0x00, 0x2F, 0x00, 0x00,
    0x01, 0xAA, 0xFE, 0xA9, 0x00, 0x0B, 0xFF, 0xFF, 0xF4, 0x00, 0x2A, 0xBF, 0xEA, 0x80, 0x00, 0x00,
    0x7D, 0x00, 0x00, 0x00, 0x02, 0xF0, 0x00, 0x00, 0x00, 0x0F, 0xC0, 0x00, 0x00, 0x00, 0x3E, 0x00,
    0x00, 0x00, 0x14, 0x7C, 0x7C, 0x7C, 0x7C, 0x7C, 0x7C, 0x7C, 0x7C, 0x7C, 0x7C, 0x7C, 0x7C, 0x14,
    0x00, 0x00, 0x00, 0x00, 0x00, 0x00, 0x00, 0x28, 0x7C, 0x7C, 0x7C, 0x7C, 0x7C, 0x7C, 0x7C, 0x7C,
    0x7C, 0x7C, 0x7C, 0x7C, 0x00, 0x00, 0x00, 0x15, 0x50, 0x00, 0x00, 0xFF, 0xFF, 0x80, 0x01, 0xFF,
    0xFF, 0xF0, 0x00, 0xFD, 0x00, 0x14, 0x00, 0x3E, 0x00, 0x00, 0x00, 0x1F, 0x80, 0x00, 0x00, 0x03,
    0xF4, 0x00, 0x00, 0x00, 0x7F, 0x80, 0x00, 0x00, 0x0F, 0xFE, 0x00, 0x00, 0x0F, 0xFF, 0xF4, 0x00,
    0x0F, 0x80, 0xBF, 0x00, 0x0F, 0xC0, 0x0B, 0xE0, 0x03, 0xD0, 0x00, 0xFC, 0x00, 0xF4, 0x00, 0x3E,
    0x00, 0x3F, 0x00, 0x1F, 0x40, 0x0B, 0xF0, 0x0F, 0xC0, 0x00, 0xFF, 0x9F, 0xC0, 0x00, 0x0B, 0xFF,
    0x80, 0x00, 0x00, 0x2F, 0xF0, 0x00, 0x00, 0x00, 0xFE, 0x00, 0x00, 0x00, 0x0F, 0xC0, 0x00, 0x00,
    0x03, 0xF0, 0x00, 0x00, 0x01, 0xF8, 0x00, 0xE4, 0x02, 0xFC, 0x00, 0x3F, 0xFF, 0xFD, 0x00, 0x06,
    0xFF, 0xF8, 0x00, 0x00, 0x00, 0x00, 0x00, 0x00, 0x04, 0x00, 0x47, 0xD0, 0x7D, 0xBD, 0x0B, 0xD7,
    0x80, 0x78, 0x00, 0x00, 0x00, 0x00, 0x00, 0x00, 0x00, 0x00, 0x06, 0xFF, 0xF9, 0x00, 0x00, 0x00,
    0x0B, 0xFE, 0xAF, 0xFD, 0x00, 0x00, 0x03, 0xF8, 0x00, 0x06, 0xF8, 0x00, 0x00, 0xF8, 0x00, 0x00,
    0x07, 0xE0, 0x00, 0x3E, 0x00, 0x05, 0x40, 0x0F, 0x80, 0x0B, 0x80, 0x0B, 0xFF, 0xC0, 0x3D, 0x00,
    0xF0, 0x07, 0xFF, 0xFC, 0x01, 0xF0, 0x2D, 0x00, 0xFD, 0x00, 0x40, 0x0F, 0x43, 0xC0, 0x2F, 0x40,
    0x00, 0x00, 0x78, 0x3C, 0x03, 0xF0, 0x00, 0x00, 0x03, 0xC7, 0x80, 0x3E, 0x00, 0x00, 0x00, 0x3C,
    0x78, 0x03, 0xD0, 0x00, 0x00, 0x03, 0xC7, 0x80, 0x3D, 0x00, 0x00, 0x00, 0x3C, 0x78, 0x03, 0xD0,
    0x00, 0x00, 0x03, 0xC3, 0xC0, 0x3E, 0x00, 0x00, 0x00, 0x3C, 0x3C, 0x02, 0xF0, 0x00, 0x00, 0x07,
    0x82, 0xD0, 0x0F, 0x80, 0x00, 0x00, 0xB4, 0x0F, 0x00, 0xBF, 0xAB, 0xC0, 0x0F, 0x00, 0xB8, 0x01,
    0xFF, 0xFC, 0x03, 0xD0, 0x03, 0xD0, 0x01, 0xA5, 0x00, 0xBC, 0x00, 0x1F, 0x80, 0x00, 0x00, 0x3F,
    0x00, 0x00, 0x7F, 0x40, 0x00, 0x2F, 0xC0, 0x00, 0x00, 0xBF, 0xA5, 0xBF, 0xE0, 0x00, 0x00, 0x00,
    0xBF, 0xFF, 0xE0, 0x00, 0x00, 0x00, 0x00, 0x15, 0x00, 0x00, 0x00, 0x00, 0x00, 0x00, 0x03, 0xF8,
    0xA0, 0x7F, 0xBB, 0x83, 0xD0, 0x7D, 0x1E, 0x00, 0xF0, 0xF0, 0x03, 0xC3, 0xC0, 0x0E, 0x0E, 0x00,
    0xB4, 0x78, 0x03, 0xD0, 0xF0, 0x2F, 0x03, 0xFB, 0xFC, 0x03, 0xF8, 0xE0, 0x00, 0x00, 0x00, 0x00,
    0x04, 0x00, 0x00, 0x00, 0x7C, 0x03, 0xD0, 0x07, 0xE0, 0x3F, 0x00, 0x7E, 0x02, 0xF0, 0x0B, 0xE0,
    0x2F, 0x40, 0xBF, 0x02, 0xF8, 0x07, 0xF0, 0x1F, 0xC0, 0x1F, 0x80, 0xFC, 0x00, 0x3F, 0x02, 0xF4,
    0x00, 0x7E, 0x03, 0xF0, 0x00, 0xFC, 0x0B, 0xC0, 0x01, 0xF4, 0x0F, 0x80, 0x03, 0xF0, 0x1F, 0x00,
    0x03, 0x80, 0x3C, 0x00, 0x00, 0x00, 0x00, 0x00, 0xBF, 0xFF, 0xFF, 0xFF, 0xBF, 0xFF, 0xFF, 0xFF,
    0x55, 0x55, 0x55, 0x6F, 0x00, 0x00, 0x00, 0x1F, 0x00, 0x00, 0x00, 0x1F, 0x00, 0x00, 0x00, 0x1F,
    0x00, 0x00, 0x00, 0x1F, 0x00, 0x00, 0x00, 0x1F, 0x00, 0x00, 0x00, 0x1A, 0x05, 0x55, 0x42, 0xFF,
    0xFC, 0x3F, 0xFF, 0xC1, 0x55, 0x54, 0x00, 0x00, 0x00, 0x00, 0x00, 0x00, 0x00, 0x00, 0x06, 0xFF,
    0xF9, 0x00, 0x00, 0x00, 0x0B, 0xFE, 0xAF, 0xFD, 0x00, 0x00, 0x03, 0xF8, 0x00, 0x06, 0xF8, 0x00,
    0x00, 0xF8, 0x00, 0x00, 0x07, 0xE0, 0x00, 0x3E, 0x00, 0x00, 0x00, 0x0F, 0x80, 0x0B, 0x80, 0xBF,
    0xFE, 0x00, 0x3D, 0x00, 0xF0, 0x0B, 0xFF, 0xFC, 0x01, 0xF0, 0x2D, 0x00, 0xBC, 0x07, 0xE0, 0x0F,
    0x43, 0xC0, 0x0B, 0xC0, 0x3F, 0x00, 0x78, 0x3C, 0x00, 0xBC, 0x03, 0xF0, 0x03, 0xC7, 0x80, 0x0B,
    0xC0, 0x3E, 0x00, 0x3C, 0x78, 0x00, 0xBD, 0x6F, 0xC0, 0x03, 0xC7, 0x80, 0x0B, 0xFF, 0xF0, 0x00,
    0x3C, 0x78, 0x00, 0xBE, 0xBE, 0x00, 0x03, 0xC3, 0xC0, 0x0B, 0xC2, 0xF0, 0x00, 0x3C, 0x3C, 0x00,
    0xBC, 0x0F, 0xC0, 0x07, 0x82, 0xD0, 0x0B, 0xC0, 0x7D, 0x00, 0xB4, 0x0F, 0x00, 0xBC, 0x03, 0xF0,
    0x0F, 0x00, 0xB8, 0x0B, 0xC0, 0x1F, 0x83, 0xD0, 0x03, 0xD0, 0x54, 0x00, 0x54, 0xBC, 0x00, 0x1F,
    0x80, 0x00, 0x00, 0x3F, 0x00, 0x00, 0x7F, 0x40, 0x00, 0x2F, 0xC0, 0x00, 0x00, 0xBF, 0xA5, 0xBF,
    0xE0, 0x00, 0x00, 0x00, 0xBF, 0xFF, 0xE0, 0x00, 0x00, 0x00, 0x00, 0x15, 0x00, 0x00, 0x00, 0x2A,
    0xAA, 0xAA, 0xA1, 0xFF, 0xFF, 0xFF, 0xC6, 0xAA, 0xAA, 0xA9, 0x00, 0x00, 0x00, 0x00, 0x02, 0xFF,
    0x80, 0x0F, 0xFF, 0xF0, 0x2F, 0x00, 0xBC, 0x3D, 0x00, 0x3C, 0x3C, 0x00, 0x3D, 0x3C, 0x00, 0x3D,
    0x3D, 0x00, 0x3C, 0x2F, 0x00, 0xBC, 0x0F, 0xFF, 0xF0, 0x02, 0xFF, 0x80, 0x00, 0x00, 0x00, 0x00,
    0x03, 0xD0, 0x00, 0x00, 0x00, 0xF4, 0x00, 0x00, 0x00, 0x3D, 0x00, 0x00, 0x00, 0x0F, 0x40, 0x00,
    0x00, 0x03, 0xD0, 0x00, 0x00, 0x00, 0xF4, 0x00, 0x00, 0x00, 0x3D, 0x00, 0x02, 0xFF, 0xFF, 0xFF,
    0xFC, 0xBF, 0xFF, 0xFF, 0xFF, 0x05, 0x55, 0xF9, 0x55, 0x40, 0x00, 0x3D, 0x00, 0x00, 0x00, 0x0F,
    0x40, 0x00, 0x00, 0x03, 0xD0, 0x00, 0x00, 0x00, 0xF4, 0x00, 0x00, 0x00, 0x3D, 0x00, 0x00, 0x00,
    0x0F, 0x40, 0x00, 0x00, 0x00, 0x00, 0x00, 0x05, 0x55, 0x55, 0x55, 0x4B, 0xFF, 0xFF, 0xFF, 0xF2,
    0xFF, 0xFF, 0xFF, 0xFC, 0x00, 0x05, 0x40, 0x01, 0xFF, 0xF4, 0x03, 0xFA, 0xFC, 0x01, 0x40, 0x7C,
    0x00, 0x00, 0x3C, 0x00, 0x00, 0x7C, 0x00, 0x00, 0xF8, 0x00, 0x02, 0xF0, 0x00, 0x0B, 0xC0, 0x00,
    0x2F, 0x00, 0x00, 0xF8, 0x00, 0x03, 0xE0, 0x00, 0x1F, 0x40, 0x00, 0x3F, 0xFF, 0xF0, 0xBF, 0xFF,
    0xF0, 0x00, 0x00, 0x00, 0x00, 0x15, 0x40, 0x02, 0xFF, 0xF0, 0x03, 0xE6, 0xFC, 0x00, 0x00, 0x7C,
    0x00, 0x00, 0x3C, 0x00, 0x00, 0x7C, 0x00, 0x06, 0xF0, 0x00, 0xFF, 0x40, 0x00, 0xAF, 0xD0, 0x00,
    0x02, 0xF0, 0x00, 0x00, 0xF0, 0x00, 0x00, 0xF0, 0x10, 0x02, 0xF0, 0x7E, 0xAF, 0xD0, 0x3F, 0xFF,
    0x40, 0x01, 0x50, 0x00, 0x00, 0x69, 0x00, 0xFD, 0x03, 0xF4, 0x0B, 0xD0, 0x1F, 0x40, 0x3C, 0x00,
    0x00, 0x1F, 0x40, 0x00, 0x7D, 0x00, 0x2F, 0x40, 0x00, 0xBC, 0x00, 0x3F, 0x00, 0x00, 0xFC, 0x00,
    0x3F, 0x00, 0x00, 0xFC, 0x00, 0x3F, 0x00, 0x01, 0xF8, 0x00, 0x7E, 0x00, 0x02, 0xF4, 0x00, 0xBD,
    0x00, 0x02, 0xF0, 0x00, 0xFC, 0x00, 0x03, 0xF0, 0x00, 0xFC, 0x00, 0x03, 0xF0, 0x00, 0xF8, 0x00,
    0x07, 0xE0, 0x01, 0xF4, 0x00, 0x0F, 0xD0, 0x02, 0xF4, 0x00, 0x0F, 0xC0, 0x03, 0xF0, 0x00, 0x3F,
    0xC0, 0x03, 0xF0, 0x00, 0xBF, 0x80, 0x07, 0xF0, 0x01, 0xFF, 0x40, 0x0B, 0xFC, 0x1F, 0xDF, 0x40,
    0x0B, 0xFF, 0xFF, 0x2F, 0x00, 0x0F, 0xDF, 0xF8, 0x2F, 0x00, 0x0F, 0x81, 0x40, 0x00, 0x00, 0x1F,
    0x40, 0x00, 0x00, 0x00, 0x2F, 0x40, 0x00, 0x00, 0x00, 0x3F, 0x00, 0x00, 0x00, 0x00, 0x3F, 0x00,
    0x00, 0x00, 0x00, 0x3E, 0x00, 0x00, 0x00, 0x00, 0x7D, 0x00, 0x00, 0x00, 0x00, 0xBC, 0x00, 0x00,
    0x00, 0x00, 0x00, 0x05, 0x55, 0x55, 0x00, 0x7F, 0xFF, 0xFF, 0xE0, 0xFF, 0xFF, 0xFF, 0xF8, 0xBF,
    0xFF, 0xF5, 0x5E, 0x3F, 0xFF, 0xFD, 0x07, 0x9F, 0xFF, 0xFF, 0x41, 0xEB, 0xFF, 0xFF, 0xD0, 0x7B,
    0xFF, 0xFF, 0xF4, 0x1E, 0xFF, 0xFF, 0xFD, 0x07, 0xBF, 0xFF, 0xFF, 0x41, 0xEF, 0xFF, 0xFF, 0xD0,
    0x7A, 0xFF, 0xFF, 0xF4, 0x1E, 0x7F, 0xFF, 0xFD, 0x07, 0x8F, 0xFF, 0xFF, 0x41, 0xE2, 0xFF, 0xFF,
    0xD0, 0x78, 0x3F, 0xFF, 0xF4, 0x1E, 0x01, 0xFF, 0xFD, 0x07, 0x80, 0x00, 0x0B, 0x41, 0xE0, 0x00,
    0x02, 0xD0, 0x78, 0x00, 0x00, 0xB4, 0x1E, 0x00, 0x00, 0x2D, 0x07, 0x80, 0x00, 0x0B, 0x41, 0xE0,
    0x00, 0x02, 0xD0, 0x78, 0x00, 0x00, 0xB4, 0x1E, 0x00, 0x00, 0x2D, 0x07, 0x80, 0x00, 0x0B, 0x41,
    0xE0, 0x00, 0x02, 0xD0, 0x78, 0x00, 0x00, 0xB4, 0x1E, 0x00, 0x00, 0x2D, 0x07, 0x80, 0x00, 0x0B,
    0x41, 0xE0, 0x00, 0x00, 0x00, 0x00, 0x00, 0x07, 0xD3, 0xFD, 0xFF, 0x3F, 0x41, 0x00, 0x03, 0xC0,
    0x1E, 0x00, 0xFE, 0x00, 0x7D, 0x00, 0xF4, 0x07, 0xDB, 0xFE, 0x3F, 0xD0, 0x00, 0x00, 0x00, 0x7E,
    0x02, 0xFD, 0x1F, 0xBC, 0x3D, 0x7C, 0x00, 0xBC, 0x00, 0xF8, 0x00, 0xF4, 0x01, 0xF0, 0x01, 0xF0,
    0x02, 0xE0, 0x03, 0xD0, 0x03, 0xD0, 0x07, 0xC0, 0x0B, 0xC0, 0x00, 0x00, 0x00, 0x00, 0x00, 0x02,
    0xFE, 0x00, 0x7F, 0xBE, 0x03, 0xD0, 0x3C, 0x1E, 0x00, 0xB4, 0xF0, 0x02, 0xD3, 0xC0, 0x0B, 0x4F,
    0x00, 0x3C, 0x3C, 0x00, 0xF0, 0xF0, 0x0F, 0x41, 0xFA, 0xF8, 0x02, 0xFF, 0x80, 0x00, 0x00, 0x00,
    0x01, 0x40, 0x08, 0x00, 0x1F, 0x00, 0xF4, 0x00, 0x3E, 0x02, 0xF0, 0x00, 0xBC, 0x07, 0xD0, 0x00,
    0xF8, 0x0F, 0xC0, 0x02, 0xF0, 0x1F, 0x40, 0x07, 0xE0, 0x3F, 0x00, 0x2F, 0xC0, 0xBD, 0x01, 0xFC,
    0x07, 0xF0, 0x0F, 0xC0, 0x7F, 0x00, 0xFC, 0x07, 0xF0, 0x0B, 0xC0, 0x3F, 0x00, 0x7D, 0x03, 0xF0,
    0x00, 0x90, 0x0B, 0x00, 0x00, 0x00, 0x00, 0x00, 0x00, 0x00, 0x00, 0x00, 0x00, 0x00, 0x00, 0x01,
    0xF8, 0x00, 0x00, 0xB8, 0x00, 0xBF, 0x40, 0x00, 0x1F, 0x00, 0x7E, 0xF0, 0x00, 0x03, 0xD0, 0x0F,
    0x5F, 0x00, 0x00, 0xF8, 0x00, 0x02, 0xE0, 0x00, 0x2F, 0x00, 0x00, 0x3E, 0x00, 0x07, 0xC0, 0x00,
    0x03, 0xD0, 0x00, 0xF4, 0x00, 0x00, 0x7C, 0x00, 0x3E, 0x00, 0x00, 0x0B, 0xC0, 0x0B, 0xC0, 0x00,
    0x00, 0xB8, 0x01, 0xF4, 0x00, 0x00, 0x0F, 0x40, 0x3E, 0x00, 0xFC, 0x00, 0xF0, 0x0F, 0xC0, 0x2F,
    0xC0, 0x1F, 0x02, 0xF0, 0x07, 0xF8, 0x02, 0xF0, 0x7D, 0x01, 0xFF, 0x40, 0x00, 0x0F, 0x80, 0x3C,
    0xF0, 0x00, 0x03, 0xF0, 0x0F, 0x1F, 0x00, 0x00, 0xBC, 0x03, 0xD2, 0xE0, 0x00, 0x1F, 0x40, 0xB8,
    0x2D, 0x00, 0x03, 0xE0, 0x1F, 0x03, 0xD0, 0x00, 0xFC, 0x03, 0xFF, 0xFF, 0xC0, 0x2F, 0x00, 0x7F,
    0xFF, 0xFC, 0x07, 0xD0, 0x00, 0x00, 0xB8, 0x00, 0xF8, 0x00, 0x00, 0x0F, 0x40, 0x3F, 0x00, 0x00,
    0x00, 0xF0, 0x00, 0x00, 0x00, 0x00, 0x00, 0x00, 0x00, 0x00, 0x00, 0x00, 0x00, 0x00, 0x00, 0x1F,
    0x80, 0x00, 0x0B, 0x80, 0x00, 0xBF, 0x40, 0x00, 0x1F, 0x40, 0x07, 0xEF, 0x00, 0x00, 0x3E, 0x00,
    0x0F, 0x5F, 0x00, 0x00, 0xFC, 0x00, 0x00, 0x2E, 0x00, 0x02, 0xF0, 0x00, 0x00, 0x3E, 0x00, 0x07,
    0xD0, 0x00, 0x00, 0x3D, 0x00, 0x0F, 0x80, 0x00, 0x00, 0x7C, 0x00, 0x3F, 0x00, 0x00, 0x00, 0xBC,
    0x00, 0xBC, 0x00, 0x00, 0x00, 0xB8, 0x01, 0xF4, 0x05, 0x40, 0x00, 0xF4, 0x03, 0xE0, 0xBF, 0xF4,
    0x00, 0xF0, 0x0F, 0xC3, 0xFA, 0xFC, 0x01, 0xF0, 0x2F, 0x00, 0x40, 0x3D, 0x02, 0xF0, 0x7D, 0x00,
    0x00, 0x3D, 0x00, 0x00, 0xF8, 0x00, 0x00, 0x3C, 0x00, 0x02, 0xF0, 0x00, 0x00, 0xBC, 0x00, 0x07,
    0xC0, 0x00, 0x02, 0xF0, 0x00, 0x0F, 0x40, 0x00, 0x0B, 0xC0, 0x00, 0x3E, 0x00, 0x00, 0x2F, 0x00,
    0x00, 0xBC, 0x00, 0x00, 0xFC, 0x00, 0x01, 0xF0, 0x00, 0x03, 0xE0, 0x00, 0x03, 0xD0, 0x00, 0x0F,
    0x80, 0x00, 0x0F, 0x80, 0x00, 0x3F, 0xFF, 0xF0, 0x2F, 0x00, 0x00, 0x7F, 0xFF, 0xF0, 0x00, 0x00,
    0x00, 0x00, 0x00, 0x00, 0x00, 0x05, 0x40, 0x00, 0x00, 0x00, 0x00, 0x7F, 0xFD, 0x00, 0x00, 0x07,
    0x80, 0x3E, 0xAF, 0xC0, 0x00, 0x07, 0xD0, 0x00, 0x00, 0xF4, 0x00, 0x03, 0xE0, 0x00, 0x00, 0x3D,
    0x00, 0x03, 0xF0, 0x00, 0x00, 0x1F, 0x00, 0x02, 0xF0, 0x00, 0x00, 0x6F, 0x40, 0x01, 0xF4, 0x00,
    0x03, 0xFE, 0x00, 0x00, 0xF8, 0x00, 0x00, 0xAF, 0xD0, 0x00, 0xBC, 0x00, 0x00, 0x00, 0x7C, 0x00,
    0x7C, 0x00, 0x00, 0x00, 0x0F, 0x40, 0x3D, 0x00, 0x00, 0x00, 0x03, 0xD0, 0x3E, 0x00, 0xFC, 0x10,
    0x02, 0xF0, 0x2F, 0x00, 0xBF, 0x0F, 0xAB, 0xF4, 0x1F, 0x00, 0x7F, 0x83, 0xFF, 0xF4, 0x0F, 0x40,
    0x7F, 0xD0, 0x05, 0x40, 0x0F, 0x80, 0x3C, 0xF0, 0x00, 0x00, 0x0B, 0xC0, 0x3D, 0x7C, 0x00, 0x00,
    0x07, 0xC0, 0x3D, 0x1E, 0x00, 0x00, 0x03, 0xD0, 0x2E, 0x0B, 0x80, 0x00, 0x03, 0xE0, 0x1F, 0x03,
    0xD0, 0x00, 0x02, 0xF0, 0x0F, 0xFF, 0xFF, 0x00, 0x01, 0xF0, 0x07, 0xFF, 0xFF, 0xC0, 0x00, 0xF4,
    0x00, 0x00, 0x2E, 0x00, 0x00, 0xF8, 0x00, 0x00, 0x0F, 0x40, 0x00, 0xBC, 0x00, 0x00, 0x03, 0xD0,
    0x00, 0x00, 0x00, 0x00, 0x00, 0x00, 0x00, 0x00, 0x00, 0x00, 0x00, 0x00, 0x07, 0xE0, 0x00, 0x03,
    0xFC, 0x00, 0x01, 0xFE, 0x00, 0x00, 0x3F, 0x00, 0x00, 0x01, 0x00, 0x00, 0x00, 0x00, 0x00, 0x00,
    0x00, 0x00, 0x00, 0x7C, 0x00, 0x00, 0x2F, 0x00, 0x00, 0x0F, 0x80, 0x00, 0x0F, 0xC0, 0x00, 0x1F,
    0xD0, 0x00, 0x2F, 0xD0, 0x00, 0x3F, 0xC0, 0x00, 0x3F, 0xC0, 0x00, 0x2F, 0x80, 0x00, 0x0F, 0xC0,
    0x00, 0x07, 0xD0, 0x00, 0x02, 0xF4, 0x00, 0x00, 0xBD, 0x00, 0x00, 0x2F, 0x80, 0x00, 0x07, 0xF8,
    0x07, 0xE0, 0xBF, 0xFF, 0xFC, 0x0B, 0xFF, 0xF8, 0x00, 0x15, 0x40, 0x00, 0x00, 0x00, 0x01, 0xA4,
    0x00, 0x00, 0x00, 0x00, 0xFC, 0x00, 0x00, 0x00, 0x00, 0xBD, 0x00, 0x00, 0x00, 0x00, 0x3F, 0x00,
    0x00, 0x00, 0x00, 0x0F, 0x40, 0x00, 0x00, 0x00, 0x03, 0x80, 0x00, 0x00, 0x00, 0x00, 0x00, 0x00,
    0x00, 0x00, 0x00, 0x00, 0x00, 0x00, 0x00, 0x3F, 0x00, 0x00, 0x00, 0x00, 0xBF, 0x40, 0x00, 0x00,
    0x00, 0xFF, 0x40, 0x00, 0x00, 0x03, 0xFF, 0x80, 0x00, 0x00, 0x07, 0xDF, 0x80, 0x00, 0x00, 0x0F,
    0xCF, 0xC0, 0x00, 0x00, 0x1F, 0x8F, 0xC0, 0x00, 0x00, 0x3F, 0x0B, 0xC0, 0x00, 0x00, 0x7E, 0x0B,
    0xC0, 0x00, 0x00, 0xFC, 0x0B, 0xD0, 0x00, 0x02, 0xF4, 0x07, 0xD0, 0x00, 0x03, 0xF0, 0x07, 0xE0,
    0x00, 0x0B, 0xD0, 0x03, 0xE0, 0x00, 0x0F, 0xC0, 0x03, 0xF0, 0x00, 0x2F, 0xFF, 0xFF, 0xF0, 0x00,
    0x7F, 0xFF, 0xFF, 0xF0, 0x00, 0xFE, 0xAA, 0xAB, 0xF0, 0x01, 0xFC, 0x00, 0x02, 0xF4, 0x03, 0xF0,
    0x00, 0x02, 0xF4, 0x07, 0xE0, 0x00, 0x01, 0xF8, 0x0F, 0xC0, 0x00, 0x01, 0xF8, 0x2F, 0x80, 0x00,
    0x00, 0xFC, 0x3F, 0x00, 0x00, 0x00, 0xFC, 0xBE, 0x00, 0x00, 0x00, 0xFC, 0x00, 0x00, 0x00, 0x00,
    0x2A, 0x00, 0x00, 0x00, 0x00, 0x2F, 0x80, 0x00, 0x00, 0x00, 0x1F, 0xC0, 0x00, 0x00, 0x00, 0x0F,
    0xC0, 0x00, 0x00, 0x00, 0x0F, 0x80, 0x00, 0x00, 0x00, 0x0B, 0x40, 0x00, 0x00, 0x00, 0x00, 0x00,
    0x00, 0x00, 0x00, 0x00, 0x00, 0x00, 0x00, 0x00, 0x00, 0x3F, 0x00, 0x00, 0x00, 0x00, 0x2F, 0xD0,
    0x00, 0x00, 0x00, 0x0F, 0xF4, 0x00, 0x00, 0x00, 0x0F, 0xFE, 0x00, 0x00, 0x00, 0x07, 0xDF, 0x80,
    0x00, 0x00, 0x03, 0xF3, 0xF0, 0x00, 0x00, 0x01, 0xF8, 0xFC, 0x00, 0x00, 0x00, 0xFC, 0x2F, 0x00,
    0x00, 0x00, 0x7E, 0x0B, 0xC0, 0x00, 0x00, 0x3F, 0x02, 0xF4, 0x00, 0x00, 0x2F, 0x40, 0x7D, 0x00,
    0x00, 0x0F, 0xC0, 0x1F, 0x80, 0x00, 0x0B, 0xD0, 0x03, 0xE0, 0x00, 0x03, 0xF0, 0x00, 0xFC, 0x00,
    0x02, 0xFF, 0xFF, 0xFF, 0x00, 0x01, 0xFF, 0xFF, 0xFF, 0xC0, 0x00, 0xFE, 0xAA, 0xAB, 0xF0, 0x00,
    0x7F, 0x00, 0x00, 0xBD, 0x00, 0x3F, 0x00, 0x00, 0x2F, 0x40, 0x1F, 0x80, 0x00, 0x07, 0xE0, 0x0F,
    0xC0, 0x00, 0x01, 0xF8, 0x0B, 0xE0, 0x00, 0x00, 0x3F, 0x03, 0xF0, 0x00, 0x00, 0x0F, 0xC2, 0xF8,
    0x00, 0x00, 0x03, 0xF0, 0x00, 0x00, 0x00, 0x06, 0x80, 0x00, 0x00, 0x00, 0x2F, 0xE0, 0x00, 0x00,
    0x00, 0x7F, 0xF0, 0x00, 0x00, 0x01, 0xF8, 0xF8, 0x00, 0x00, 0x07, 0xD0, 0x3D, 0x00, 0x00, 0x1E,
    0x00, 0x1E, 0x00, 0x00, 0x00, 0x00, 0x00, 0x00, 0x00, 0x00, 0x00, 0x00, 0x00, 0x00, 0x00, 0x3F,
    0x00, 0x00, 0x00, 0x00, 0xBF, 0x40, 0x00, 0x00, 0x00, 0xFF, 0x40, 0x00, 0x00, 0x03, 0xFF, 0x80,
    0x00, 0x00, 0x07, 0xDF, 0x80, 0x00, 0x00, 0x0F, 0xCF, 0xC0, 0x00, 0x00, 0x1F, 0x8F, 0xC0, 0x00,
    0x00, 0x3F, 0x0B, 0xC0, 0x00, 0x00, 0x7E, 0x0B, 0xC0, 0x00, 0x00, 0xFC, 0x0B, 0xD0, 0x00, 0x02,
    0xF4, 0x07, 0xD0, 0x00, 0x03, 0xF0, 0x07, 0xE0, 0x00, 0x0B, 0xD0, 0x03, 0xE0, 0x00, 0x0F, 0xC0,
    0x03, 0xF0, 0x00, 0x2F, 0xFF, 0xFF, 0xF0, 0x00, 0x7F, 0xFF, 0xFF, 0xF0, 0x00, 0xFE, 0xAA, 0xAB,
    0xF0, 0x01, 0xFC, 0x00, 0x02, 0xF4, 0x03, 0xF0, 0x00, 0x02, 0xF4, 0x07, 0xE0, 0x00, 0x01, 0xF8,
    0x0F, 0xC0, 0x00, 0x01, 0xF8, 0x2F, 0x80, 0x00, 0x00, 0xFC, 0x3F, 0x00, 0x00, 0x00, 0xFC, 0xBE,
    0x00, 0x00, 0x00, 0xFC, 0x00, 0x00, 0x00, 0x50, 0x00, 0x80, 0x00, 0x00, 0x3F, 0xE0, 0x3C, 0x00,
    0x00, 0x0F, 0xFF, 0xEF, 0x80, 0x00, 0x01, 0xF0, 0x7F, 0xF0, 0x00, 0x00, 0x1C, 0x00, 0xB8, 0x00,
    0x00, 0x00, 0x00, 0x00, 0x00, 0x00, 0x00, 0x00, 0x00, 0x00, 0x00, 0x00, 0x00, 0x03, 0xF0, 0x00,
    0x00, 0x00, 0x00, 0xBF, 0x40, 0x00, 0x00, 0x00, 0x0F, 0xF4, 0x00, 0x00, 0x00, 0x03, 0xFF, 0x80,
    0x00, 0x00, 0x00, 0x7D, 0xF8, 0x00, 0x00, 0x00, 0x0F, 0xCF, 0xC0, 0x00, 0x00, 0x01, 0xF8, 0xFC,
    0x00, 0x00, 0x00, 0x3F, 0x0B, 0xC0, 0x00, 0x00, 0x07, 0xE0, 0xBC, 0x00, 0x00, 0x00, 0xFC, 0x0B,
    0xD0, 0x00, 0x00, 0x2F, 0x40, 0x7D, 0x00, 0x00, 0x03, 0xF0, 0x07, 0xE0, 0x00, 0x00, 0xBD, 0x00,
    0x3E, 0x00, 0x00, 0x0F, 0xC0, 0x03, 0xF0, 0x00, 0x02, 0xFF, 0xFF, 0xFF, 0x00, 0x00, 0x7F, 0xFF,
    0xFF, 0xF0, 0x00, 0x0F, 0xEA, 0xAA, 0xBF, 0x00, 0x01, 0xFC, 0x00, 0x02, 0xF4, 0x00, 0x3F, 0x00,
    0x00, 0x2F, 0x40, 0x07, 0xE0, 0x00, 0x01, 0xF8, 0x00, 0xFC, 0x00, 0x00, 0x1F, 0x80, 0x2F, 0x80,
    0x00, 0x00, 0xFC, 0x03, 0xF0, 0x00, 0x00, 0x0F, 0xC0, 0xBE, 0x00, 0x00, 0x00, 0xFC, 0x00, 0x00,
    0x00, 0x00, 0x40, 0x04, 0x00, 0x00, 0x03, 0xF0, 0x3F, 0x00, 0x00, 0x03, 0xF0, 0x3F, 0x00, 0x00,
    0x02, 0xD0, 0x2D, 0x00, 0x00, 0x00, 0x00, 0x00, 0x00, 0x00, 0x00, 0x00, 0x00, 0x00, 0x00, 0x00,
    0x00, 0x00, 0x00, 0x00, 0x00, 0x3F, 0x00, 0x00, 0x00, 0x00, 0xBF, 0x40, 0x00, 0x00, 0x00, 0xFF,
    0x40, 0x00, 0x00, 0x03, 0xFF, 0x80, 0x00, 0x00, 0x07, 0xDF, 0x80, 0x00, 0x00, 0x0F, 0xCF, 0xC0,
    0x00, 0x00, 0x1F, 0x8F, 0xC0, 0x00, 0x00, 0x3F, 0x0B, 0xC0, 0x00, 0x00, 0x7E, 0x0B, 0xC0, 0x00,
    0x00, 0xFC, 0x0B, 0xD0, 0x00, 0x02, 0xF4, 0x07, 0xD0, 0x00, 0x03, 0xF0, 0x07, 0xE0, 0x00, 0x0B,
    0xD0, 0x03, 0xE0, 0x00, 0x0F, 0xC0, 0x03, 0xF0, 0x00, 0x2F, 0xFF, 0xFF, 0xF0, 0x00, 0x7F, 0xFF,
    0xFF, 0xF0, 0x00, 0xFE, 0xAA, 0xAB, 0xF0, 0x01, 0xFC, 0x00, 0x02, 0xF4, 0x03, 0xF0, 0x00, 0x02,
    0xF4, 0x07, 0xE0, 0x00, 0x01, 0xF8, 0x0F, 0xC0, 0x00, 0x01, 0xF8, 0x2F, 0x80, 0x00, 0x00, 0xFC,
    0x3F, 0x00, 0x00, 0x00, 0xFC, 0xBE, 0x00, 0x00, 0x00, 0xFC, 0x00, 0x00, 0x00, 0x00, 0x00, 0x00,
    0x00, 0x00, 0x3F, 0xD0, 0x00, 0x00, 0x00, 0xFA, 0xF4, 0x00, 0x00, 0x01, 0xE0, 0x3C, 0x00, 0x00,
    0x01, 0xD0, 0x3C, 0x00, 0x00, 0x00, 0xF0, 0x78, 0x00, 0x00, 0x00, 0xBF, 0xF0, 0x00, 0x00, 0x00,
    0x1B, 0x80, 0x00, 0x00, 0x00, 0x00, 0x00, 0x00, 0x00, 0x00, 0x00, 0x00, 0x00, 0x00, 0x00, 0x3F,
    0x00, 0x00, 0x00, 0x00, 0xBF, 0x40, 0x00, 0x00, 0x00, 0xFF, 0x40, 0x00, 0x00, 0x03, 0xFF, 0x80,
    0x00, 0x00, 0x07, 0xDF, 0x80, 0x00, 0x00, 0x0F, 0xCF, 0xC0, 0x00, 0x00, 0x1F, 0x8F, 0xC0, 0x00,
    0x00, 0x3F, 0x0B, 0xC0, 0x00, 0x00, 0x7E, 0x0B, 0xC0, 0x00, 0x00, 0xFC, 0x0B, 0xD0, 0x00, 0x02,
    0xF4, 0x07, 0xD0, 0x00, 0x03, 0xF0, 0x07, 0xE0, 0x00, 0x0B, 0xD0, 0x03, 0xE0, 0x00, 0x0F, 0xC0,
    0x03, 0xF0, 0x00, 0x2F, 0xFF, 0xFF, 0xF0, 0x00, 0x7F, 0xFF, 0xFF, 0xF0, 0x00, 0xFE, 0xAA, 0xAB,
    0xF0, 0x01, 0xFC, 0x00, 0x02, 0xF4, 0x03, 0xF0, 0x00, 0x02, 0xF4, 0x07, 0xE0, 0x00, 0x01, 0xF8,
    0x0F, 0xC0, 0x00, 0x01, 0xF8, 0x2F, 0x80, 0x00, 0x00, 0xFC, 0x3F, 0x00, 0x00, 0x00, 0xFC, 0xBE,
    0x00, 0x00, 0x00, 0xFC, 0x00, 0x00, 0x00, 0x02, 0xFF, 0xFF, 0xFF, 0xF8, 0x00, 0x00, 0x00, 0x2F,
    0xFF, 0xFF, 0xFF, 0xE0, 0x00, 0x00, 0x00, 0xFF, 0xFF, 0xFF, 0xFF, 0x40, 0x00, 0x00, 0x0F, 0xD3,
    0xF0, 0x00, 0x00, 0x00, 0x00, 0x00, 0x7E, 0x0F, 0xC0, 0x00, 0x00, 0x00, 0x00, 0x03, 0xF0, 0x7E,
    0x00, 0x00, 0x00, 0x00, 0x00, 0x2F, 0x42, 0xF4, 0x00, 0x00, 0x00, 0x00, 0x01, 0xFC, 0x0F, 0xC0,
    0x00, 0x00, 0x00, 0x00, 0x0F, 0xC0, 0x3F, 0x00, 0x00, 0x00, 0x00, 0x00, 0xBE, 0x01, 0xF8, 0x00,
    0x00, 0x00, 0x00, 0x07, 0xF0, 0x0B, 0xFA, 0xAA, 0xA0, 0x00, 0x00, 0x3F, 0x40, 0x2F, 0xFF, 0xFF,
    0xC0, 0x00, 0x02, 0xF8, 0x00, 0xFF, 0xFF, 0xFE, 0x00, 0x00, 0x0F, 0xC0, 0x03, 0xF0, 0x00, 0x00,
    0x00, 0x00, 0xFF, 0xFF, 0xFF, 0x80, 0x00, 0x00, 0x00, 0x07, 0xFF, 0xFF, 0xFD, 0x00, 0x00, 0x00,
    0x00, 0x3F, 0xAA, 0xAB, 0xF4, 0x00, 0x00, 0x00, 0x03, 0xF8, 0x00, 0x0F, 0xC0, 0x00, 0x00, 0x00,
    0x1F, 0xC0, 0x00, 0x3F, 0x00, 0x00, 0x00, 0x00, 0xFD, 0x00, 0x01, 0xF8, 0x00, 0x00, 0x00, 0x0B,
    0xE0, 0x00, 0x0B, 0xD0, 0x00, 0x00, 0x00, 0x7F, 0x00, 0x00, 0x3F, 0xAA, 0xAA, 0x80, 0x03, 0xF4,
    0x00, 0x00, 0xFF, 0xFF, 0xFF, 0x00, 0x2F, 0xC0, 0x00, 0x03, 0xFF, 0xFF, 0xFC, 0x00, 0x00, 0x00,
    0x00, 0x00, 0x00, 0x00, 0x00, 0x2F, 0xFF, 0xD0, 0x00, 0x02, 0xFF, 0xFF, 0xFC, 0x00, 0x1F, 0xFE,
    0xAB, 0xF4, 0x00, 0x7F, 0xD0, 0x00, 0x10, 0x00, 0xFE, 0x00, 0x00, 0x00, 0x03, 0xF8, 0x00, 0x00,
    0x00, 0x07, 0xF0, 0x00, 0x00, 0x00, 0x0F, 0xD0, 0x00, 0x00, 0x00, 0x1F, 0xC0, 0x00, 0x00, 0x00,
    0x2F, 0x80, 0x00, 0x00, 0x00, 0x3F, 0x00, 0x00, 0x00, 0x00, 0x3F, 0x00, 0x00, 0x00, 0x00, 0x7F,
    0x00, 0x00, 0x00, 0x00, 0xBE, 0x00, 0x00, 0x00, 0x00, 0xBE, 0x00, 0x00, 0x00, 0x00, 0xBE, 0x00,
    0x00, 0x00, 0x00, 0xBE, 0x00, 0x00, 0x00, 0x00, 0x7F, 0x00, 0x00, 0x00, 0x00, 0x3F, 0x00, 0x00,
    0x00, 0x00, 0x3F, 0xC0, 0x00, 0x00, 0x00, 0x1F, 0xE0, 0x00, 0x00, 0x00, 0x0B, 0xFE, 0x55, 0xB8,
    0x00, 0x02, 0xFF, 0xFF, 0xF8, 0x00, 0x00, 0x7F, 0xFF, 0xE4, 0x00, 0x00, 0x03, 0xD4, 0x00, 0x00,
    0x00, 0x03, 0x80, 0x00, 0x00, 0x00, 0x0F, 0xE0, 0x00, 0x00, 0x00, 0x01, 0xF4, 0x00, 0x00, 0x00,
    0x00, 0xF8, 0x00, 0x00, 0x00, 0x00, 0xF4, 0x00, 0x00, 0x00, 0xBF, 0xF0, 0x00, 0x00, 0x00, 0xBF,
    0x40, 0x00, 0x00, 0x00, 0x00, 0x69, 0x00, 0x00, 0x00, 0x07, 0xF0, 0x00, 0x00, 0x00, 0x2F, 0x00,
    0x00, 0x00, 0x00, 0xF8, 0x00, 0x00, 0x00, 0x03, 0xC0, 0x00, 0x00, 0x00, 0x1E, 0x00, 0x00, 0x00,
    0x00, 0x00, 0x00, 0x00, 0x00, 0x00, 0x00, 0x00, 0x2F, 0xFF, 0xFF, 0xD0, 0x03, 0xFF, 0xFF, 0xFC,
    0x00, 0x3F, 0xFF, 0xFF, 0xC0, 0x07, 0xE0, 0x00, 0x00, 0x00, 0xBD, 0x00, 0x00, 0x00, 0x0B, 0xC0,
    0x00, 0x00, 0x00, 0xFC, 0x00, 0x00, 0x00, 0x0F, 0xC0, 0x00, 0x00, 0x01, 0xF8, 0x00, 0x00, 0x00,
    0x2F, 0x40, 0x00, 0x00, 0x03, 0xFE, 0xAA, 0xA4, 0x00, 0x3F, 0xFF, 0xFF, 0x40, 0x03, 0xFF, 0xFF,
    0xF4, 0x00, 0x7E, 0x00, 0x00, 0x00, 0x0B, 0xD0, 0x00, 0x00, 0x00, 0xFC, 0x00, 0x00, 0x00, 0x0F,
    0xC0, 0x00, 0x00, 0x01, 0xF8, 0x00, 0x00, 0x00, 0x1F, 0x40, 0x00, 0x00, 0x02, 0xF4, 0x00, 0x00,
    0x00, 0x3F, 0x00, 0x00, 0x00, 0x03, 0xFA, 0xAA, 0xA8, 0x00, 0x7F, 0xFF, 0xFF, 0xC0, 0x0B, 0xFF,
    0xFF, 0xF8, 0x00, 0x00, 0x00, 0x00, 0x0A, 0x80, 0x00, 0x00, 0x03, 0xF8, 0x00, 0x00, 0x00, 0xBE,
    0x00, 0x00, 0x00, 0x1F, 0x80, 0x00, 0x00, 0x03, 0xE0, 0x00, 0x00, 0x00, 0xB4, 0x00, 0x00, 0x00,
    0x00, 0x00, 0x00, 0x00, 0x00, 0x00, 0x00, 0x00, 0x2F, 0xFF, 0xFF, 0xD0, 0x03, 0xFF, 0xFF, 0xFC,
    0x00, 0x3F, 0xFF, 0xFF, 0xC0, 0x07, 0xE0, 0x00, 0x00, 0x00, 0xBD, 0x00, 0x00, 0x00, 0x0B, 0xC0,
    0x00, 0x00, 0x00, 0xFC, 0x00, 0x00, 0x00, 0x0F, 0xC0, 0x00, 0x00, 0x01, 0xF8, 0x00, 0x00, 0x00,
    0x2F, 0x40, 0x00, 0x00, 0x03, 0xFE, 0xAA, 0xA4, 0x00, 0x3F, 0xFF, 0xFF, 0x40, 0x03, 0xFF, 0xFF,
    0xF4, 0x00, 0x7E, 0x00, 0x00, 0x00, 0x0B, 0xD0, 0x00, 0x00, 0x00, 0xFC, 0x00, 0x00, 0x00, 0x0F,
    0xC0, 0x00, 0x00, 0x01, 0xF8, 0x00, 0x00, 0x00, 0x1F, 0x40, 0x00, 0x00, 0x02, 0xF4, 0x00, 0x00,
    0x00, 0x3F, 0x00, 0x00, 0x00, 0x03, 0xFA, 0xAA, 0xA8, 0x00, 0x7F, 0xFF, 0xFF, 0xC0, 0x0B, 0xFF,
    0xFF, 0xF8, 0x00, 0x00, 0x00, 0x02, 0xA0, 0x00, 0x00, 0x00, 0xBF, 0x40, 0x00, 0x00, 0x2F, 0xFC,
    0x00, 0x00, 0x0B, 0xD3, 0xD0, 0x00, 0x02, 0xF0, 0x1F, 0x00, 0x00, 0x78, 0x00, 0x74, 0x00, 0x00,
    0x00, 0x00, 0x00, 0x00, 0x00, 0x00, 0x00, 0x00, 0x2F, 0xFF, 0xFF, 0xD0, 0x03, 0xFF, 0xFF, 0xFC,
    0x00, 0x3F, 0xFF, 0xFF, 0xC0, 0x07, 0xE0, 0x00, 0x00, 0x00, 0xBD, 0x00, 0x00, 0x00, 0x0B, 0xC0,
    0x00, 0x00, 0x00, 0xFC, 0x00, 0x00, 0x00, 0x0F, 0xC0, 0x00, 0x00, 0x01, 0xF8, 0x00, 0x00, 0x00,
    0x2F, 0x40, 0x00, 0x00, 0x03, 0xFE, 0xAA, 0xA4, 0x00, 0x3F, 0xFF, 0xFF, 0x40, 0x03, 0xFF, 0xFF,
    0xF4, 0x00, 0x7E, 0x00, 0x00, 0x00, 0x0B, 0xD0, 0x00, 0x00, 0x00, 0xFC, 0x00, 0x00, 0x00, 0x0F,
    0xC0, 0x00, 0x00, 0x01, 0xF8, 0x00, 0x00, 0x00, 0x1F, 0x40, 0x00, 0x00, 0x02, 0xF4, 0x00, 0x00,
    0x00, 0x3F, 0x00, 0x00, 0x00, 0x03, 0xFA, 0xAA, 0xA8, 0x00, 0x7F, 0xFF, 0xFF, 0xC0, 0x0B, 0xFF,
    0xFF, 0xF8, 0x00, 0x00, 0x00, 0x10, 0x01, 0x00, 0x00, 0x0F, 0x80, 0xF8, 0x00, 0x01, 0xF8, 0x1F,
    0x80, 0x00, 0x0F, 0x00, 0xF0, 0x00, 0x00, 0x00, 0x00, 0x00, 0x00, 0x00, 0x00, 0x00, 0x00, 0x00,
    0x00, 0x00, 0x00, 0x02, 0xFF, 0xFF, 0xFD, 0x00, 0x3F, 0xFF, 0xFF, 0xC0, 0x03, 0xFF, 0xFF, 0xFC,
    0x00, 0x7E, 0x00, 0x00, 0x00, 0x0B, 0xD0, 0x00, 0x00, 0x00, 0xBC, 0x00, 0x00, 0x00, 0x0F, 0xC0,
    0x00, 0x00, 0x00, 0xFC, 0x00, 0x00, 0x00, 0x1F, 0x80, 0x00, 0x00, 0x02, 0xF4, 0x00, 0x00, 0x00,
    0x3F, 0xEA, 0xAA, 0x40, 0x03, 0xFF, 0xFF, 0xF4, 0x00, 0x3F, 0xFF, 0xFF, 0x40, 0x07, 0xE0, 0x00,
    0x00, 0x00, 0xBD, 0x00, 0x00, 0x00, 0x0F, 0xC0, 0x00, 0x00, 0x00, 0xFC, 0x00, 0x00, 0x00, 0x1F,
    0x80, 0x00, 0x00, 0x01, 0xF4, 0x00, 0x00, 0x00, 0x2F, 0x40, 0x00, 0x00, 0x03, 0xF0, 0x00, 0x00,
    0x00, 0x3F, 0xAA, 0xAA, 0x80, 0x07, 0xFF, 0xFF, 0xFC, 0x00, 0xBF, 0xFF, 0xFF, 0x80, 0x00, 0x00,
    0x06, 0x90, 0x00, 0x00, 0x3F, 0x00, 0x00, 0x01, 0xF4, 0x00, 0x00, 0x0F, 0xC0, 0x00, 0x00, 0x3D,
    0x00, 0x00, 0x00, 0xE0, 0x00, 0x00, 0x00, 0x00, 0x00, 0x00, 0x00, 0x00, 0x2F, 0xFF, 0xD0, 0x03,
    0xFF, 0xFD, 0x00, 0x02, 0xF9, 0x00, 0x00, 0x2F, 0x40, 0x00, 0x03, 0xF0, 0x00, 0x00, 0x3F, 0x00,
    0x00, 0x07, 0xE0, 0x00, 0x00, 0x7D, 0x00, 0x00, 0x0B, 0xC0, 0x00, 0x00, 0xFC, 0x00, 0x00, 0x0F,
    0xC0, 0x00, 0x01, 0xF8, 0x00, 0x00, 0x2F, 0x40, 0x00, 0x03, 0xF0, 0x00, 0x00, 0x3F, 0x00, 0x00,
    0x03, 0xF0, 0x00, 0x00, 0x7E, 0x00, 0x00, 0x0B, 0xD0, 0x00, 0x00, 0xFC, 0x00, 0x00, 0x0F, 0xC0,
    0x00, 0x00, 0xF8, 0x00, 0x00, 0x2F, 0x80, 0x00, 0x7F, 0xFF, 0x80, 0x0B, 0xFF, 0xFC, 0x00, 0x00,
    0x00, 0x00, 0xA8, 0x00, 0x00, 0x02, 0xFC, 0x00, 0x00, 0x07, 0xF0, 0x00, 0x00, 0x0F, 0xC0, 0x00,
    0x00, 0x3E, 0x00, 0x00, 0x00, 0x78, 0x00, 0x00, 0x00, 0x00, 0x00, 0x00, 0x00, 0x00, 0x00, 0x00,
    0x2F, 0xFF, 0xD0, 0x00, 0x3F, 0xFF, 0xD0, 0x00, 0x02, 0xF9, 0x00, 0x00, 0x02, 0xF4, 0x00, 0x00,
    0x03, 0xF0, 0x00, 0x00, 0x03, 0xF0, 0x00, 0x00, 0x07, 0xE0, 0x00, 0x00, 0x07, 0xD0, 0x00, 0x00,
    0x0B, 0xC0, 0x00, 0x00, 0x0F, 0xC0, 0x00, 0x00, 0x0F, 0xC0, 0x00, 0x00, 0x1F, 0x80, 0x00, 0x00,
    0x2F, 0x40, 0x00, 0x00, 0x3F, 0x00, 0x00, 0x00, 0x3F, 0x00, 0x00, 0x00, 0x3F, 0x00, 0x00, 0x00,
    0x7E, 0x00, 0x00, 0x00, 0xBD, 0x00, 0x00, 0x00, 0xFC, 0x00, 0x00, 0x00, 0xFC, 0x00, 0x00, 0x00,
    0xF8, 0x00, 0x00, 0x02, 0xF8, 0x00, 0x00, 0x7F, 0xFF, 0x80, 0x00, 0xBF, 0xFF, 0xC0, 0x00, 0x00,
    0x00, 0x1A, 0x00, 0x00, 0x02, 0xFE, 0x00, 0x00, 0x1F, 0xFC, 0x00, 0x01, 0xF8, 0xF8, 0x00, 0x1F,
    0x40, 0xF4, 0x01, 0xE0, 0x01, 0xE0, 0x00, 0x00, 0x00, 0x00, 0x00, 0x00, 0x00, 0x00, 0x2F, 0xFF,
    0xD0, 0x00, 0xFF, 0xFF, 0x40, 0x00, 0x2F, 0x90, 0x00, 0x00, 0xBD, 0x00, 0x00, 0x03, 0xF0, 0x00,
    0x00, 0x0F, 0xC0, 0x00, 0x00, 0x7E, 0x00, 0x00, 0x01, 0xF4, 0x00, 0x00, 0x0B, 0xC0, 0x00, 0x00,
    0x3F, 0x00, 0x00, 0x00, 0xFC, 0x00, 0x00, 0x07, 0xE0, 0x00, 0x00, 0x2F, 0x40, 0x00, 0x00, 0xFC,
    0x00, 0x00, 0x03, 0xF0, 0x00, 0x00, 0x0F, 0xC0, 0x00, 0x00, 0x7E, 0x00, 0x00, 0x02, 0xF4, 0x00,
    0x00, 0x0F, 0xC0, 0x00, 0x00, 0x3F, 0x00, 0x00, 0x00, 0xF8, 0x00, 0x00, 0x0B, 0xE0, 0x00, 0x07,
    0xFF, 0xF8, 0x00, 0x2F, 0xFF, 0xF0, 0x00, 0x00, 0x01, 0x00, 0x10, 0x00, 0x3F, 0x03, 0xF0, 0x00,
    0xFC, 0x0F, 0xC0, 0x02, 0xD0, 0x2D, 0x00, 0x00, 0x00, 0x00, 0x00, 0x00, 0x00, 0x00, 0x00, 0x00,
    0x00, 0x00, 0x0B, 0xFF, 0xF4, 0x00, 0x3F, 0xFF, 0xD0, 0x00, 0x0B, 0xE4, 0x00, 0x00, 0x2F, 0x40,
    0x00, 0x00, 0xFC, 0x00, 0x00, 0x03, 0xF0, 0x00, 0x00, 0x1F, 0x80, 0x00, 0x00, 0x7D, 0x00, 0x00,
    0x02, 0xF0, 0x00, 0x00, 0x0F, 0xC0, 0x00, 0x00, 0x3F, 0x00, 0x00, 0x01, 0xF8, 0x00, 0x00, 0x0B,
    0xD0, 0x00, 0x00, 0x3F, 0x00, 0x00, 0x00, 0xFC, 0x00, 0x00, 0x03, 0xF0, 0x00, 0x00, 0x1F, 0x80,
    0x00, 0x00, 0xBD, 0x00, 0x00, 0x03, 0xF0, 0x00, 0x00, 0x0F, 0xC0, 0x00, 0x00, 0x3E, 0x00, 0x00,
    0x02, 0xF8, 0x00, 0x01, 0xFF, 0xFE, 0x00, 0x0B, 0xFF, 0xFC, 0x00, 0x00, 0x00, 0x2F, 0xFF, 0xA4,
    0x00, 0x00, 0x0F, 0xFF, 0xFF, 0xD0, 0x00, 0x03, 0xFF, 0xFF, 0xFE, 0x00, 0x01, 0xF8, 0x00, 0x7F,
    0xE0, 0x00, 0xBD, 0x00, 0x02, 0xFC, 0x00, 0x2F, 0x40, 0x00, 0x3F, 0x80, 0x0F, 0xC0, 0x00, 0x07,
    0xF0, 0x03, 0xF0, 0x00, 0x00, 0xFC, 0x01, 0xF8, 0x00, 0x00, 0x3F, 0x00, 0xBD, 0x00, 0x00, 0x0F,
    0xC0, 0x3F, 0x00, 0x00, 0x03, 0xF1, 0xFF, 0xFF, 0xF0, 0x00, 0xFC, 0xBF, 0xFF, 0xFC, 0x00, 0x3F,
    0x1A, 0xFA, 0xA9, 0x00, 0x1F, 0xC0, 0xBD, 0x00, 0x00, 0x0B, 0xE0, 0x3F, 0x00, 0x00, 0x03, 0xF0,
    0x0F, 0xC0, 0x00, 0x02, 0xFC, 0x07, 0xE0, 0x00, 0x01, 0xFD, 0x01, 0xF4, 0x00, 0x00, 0xFE, 0x00,
    0xBD, 0x00, 0x01, 0xFF, 0x00, 0x3F, 0x00, 0x06, 0xFF, 0x00, 0x0F, 0xEA, 0xAF, 0xFE, 0x00, 0x07,
    0xFF, 0xFF, 0xFD, 0x00, 0x02, 0xFF, 0xFF, 0x90, 0x00, 0x00, 0x00, 0x00, 0x00, 0x50, 0x01, 0x40,
    0x00, 0x00, 0x1F, 0xF4, 0x0F, 0x00, 0x00, 0x00, 0xFF, 0xFE, 0xF4, 0x00, 0x00, 0x0B, 0x42, 0xFF,
    0x80, 0x00, 0x00, 0x28, 0x01, 0xA4, 0x00, 0x00, 0x00, 0x00, 0x00, 0x00, 0x00, 0x00, 0x00, 0x00,
    0x00, 0x00, 0x00, 0x0B, 0xE0, 0x00, 0x00, 0x3E, 0x00, 0x3F, 0xC0, 0x00, 0x01, 0xF4, 0x00, 0xFF,
    0x40, 0x00, 0x0B, 0xD0, 0x07, 0xFF, 0x00, 0x00, 0x3F, 0x00, 0x2F, 0xFC, 0x00, 0x00, 0xFC, 0x00,
    0xFD, 0xF8, 0x00, 0x03, 0xE0, 0x03, 0xE3, 0xF0, 0x00, 0x1F, 0x40, 0x0F, 0x8B, 0xC0, 0x00, 0xBC,
    0x00, 0x7D, 0x1F, 0x80, 0x03, 0xF0, 0x02, 0xF0, 0x3F, 0x00, 0x0F, 0xC0, 0x0F, 0xC0, 0xBD, 0x00,
    0x7E, 0x00, 0x3F, 0x00, 0xF8, 0x02, 0xF4, 0x00, 0xF8, 0x03, 0xF0, 0x0B, 0xC0, 0x07, 0xD0, 0x07,
    0xD0, 0x3F, 0x00, 0x2F, 0x00, 0x0F, 0xC0, 0xF8, 0x00, 0xFC, 0x00, 0x2F, 0x07, 0xE0, 0x03, 0xE0,
    0x00, 0x7E, 0x2F, 0x40, 0x1F, 0x80, 0x00, 0xFC, 0xBC, 0x00, 0xBD, 0x00, 0x02, 0xF7, 0xF0, 0x02,
    0xF0, 0x00, 0x03, 0xEF, 0x80, 0x0F, 0xC0, 0x00, 0x0F, 0xFD, 0x00, 0x3E, 0x00, 0x00, 0x1F, 0xF0,
    0x01, 0xF4, 0x00, 0x00, 0x3F, 0xC0, 0x0B, 0xC0, 0x00, 0x00, 0xBF, 0x00, 0x00, 0x00, 0x00, 0x06,
    0x80, 0x00, 0x00, 0x00, 0x01, 0xF8, 0x00, 0x00, 0x00, 0x00, 0x3F, 0x00, 0x00, 0x00, 0x00, 0x03,
    0xE0, 0x00, 0x00, 0x00, 0x00, 0x7C, 0x00, 0x00, 0x00, 0x00, 0x07, 0x40, 0x00, 0x00, 0x00, 0x00,
    0x00, 0x00, 0x00, 0x00, 0x00, 0x00, 0x00, 0x00, 0x00, 0x7F, 0xFE, 0x40, 0x00, 0x01, 0xFF, 0xFF,
    0xF8, 0x00, 0x02, 0xFF, 0xA6, 0xFF, 0xC0, 0x02, 0xFE, 0x00, 0x07, 0xF8, 0x01, 0xFD, 0x00, 0x00,
    0x7F, 0x00, 0xFD, 0x00, 0x00, 0x0F, 0xD0, 0xBE, 0x00, 0x00, 0x02, 0xF8, 0x3F, 0x00, 0x00, 0x00,
    0x7F, 0x2F, 0x80, 0x00, 0x00, 0x0F, 0xCF, 0xD0, 0x00, 0x00, 0x03, 0xF3, 0xF0, 0x00, 0x00, 0x00,
    0xFD, 0xFC, 0x00, 0x00, 0x00, 0x7F, 0x7E, 0x00, 0x00, 0x00, 0x1F, 0xEF, 0x80, 0x00, 0x00, 0x0B,
    0xEB, 0xE0, 0x00, 0x00, 0x03, 0xF6, 0xF8, 0x00, 0x00, 0x01, 0xFC, 0xBE, 0x00, 0x00, 0x00, 0xBF,
    0x1F, 0xC0, 0x00, 0x00, 0x3F, 0x43, 0xF0, 0x00, 0x00, 0x3F, 0xC0, 0xFF, 0x00, 0x00, 0x2F, 0xC0,
    0x1F, 0xE0, 0x00, 0x3F, 0xD0, 0x02, 0xFF, 0x95, 0xBF, 0xE0, 0x00, 0x2F, 0xFF, 0xFF, 0xD0, 0x00,
    0x00, 0xBF, 0xFF, 0x40, 0x00, 0x00, 0x00, 0x54, 0x00, 0x00, 0x00, 0x00, 0x00, 0x00, 0x01, 0xA8,
    0x00, 0x00, 0x00, 0x00, 0xFD, 0x00, 0x00, 0x00, 0x00, 0xFD, 0x00, 0x00, 0x00, 0x00, 0xBD, 0x00,
    0x00, 0x00, 0x00, 0x7D, 0x00, 0x00, 0x00, 0x00, 0x3C, 0x00, 0x00, 0x00, 0x00, 0x00, 0x00, 0x00,
    0x00, 0x00, 0x00, 0x00, 0x00, 0x00, 0x00, 0x7F, 0xFE, 0x40, 0x00, 0x01, 0xFF, 0xFF, 0xF8, 0x00,
    0x02, 0xFF, 0xA6, 0xFF, 0xC0, 0x02, 0xFE, 0x00, 0x07, 0xF8, 0x01, 0xFD, 0x00, 0x00, 0x7F, 0x00,
    0xFD, 0x00, 0x00, 0x0F, 0xD0, 0xBE, 0x00, 0x00, 0x02, 0xF8, 0x3F, 0x00, 0x00, 0x00, 0x7F, 0x2F,
    0x80, 0x00, 0x00, 0x0F, 0xCF, 0xD0, 0x00, 0x00, 0x03, 0xF3, 0xF0, 0x00, 0x00, 0x00, 0xFD, 0xFC,
    0x00, 0x00, 0x00, 0x7F, 0x7E, 0x00, 0x00, 0x00, 0x1F, 0xEF, 0x80, 0x00, 0x00, 0x0B, 0xEB, 0xE0,
    0x00, 0x00, 0x03, 0xF6, 0xF8, 0x00, 0x00, 0x01, 0xFC, 0xBE, 0x00, 0x00, 0x00, 0xBF, 0x1F, 0xC0,
    0x00, 0x00, 0x3F, 0x43, 0xF0, 0x00, 0x00, 0x3F, 0xC0, 0xFF, 0x00, 0x00, 0x2F, 0xC0, 0x1F, 0xE0,
    0x00, 0x3F, 0xD0, 0x02, 0xFF, 0x95, 0xBF, 0xE0, 0x00, 0x2F, 0xFF, 0xFF, 0xD0, 0x00, 0x00, 0xBF,
    0xFF, 0x40, 0x00, 0x00, 0x00, 0x54, 0x00, 0x00, 0x00, 0x00, 0x00, 0x00, 0x29, 0x00, 0x00, 0x00,
    0x00, 0x3F, 0xC0, 0x00, 0x00, 0x00, 0x2F, 0xF8, 0x00, 0x00, 0x00, 0x2F, 0x5F, 0x40, 0x00, 0x00,
    0x3F, 0x02, 0xF0, 0x00, 0x00, 0x2E, 0x00, 0x2D, 0x00, 0x00, 0x00, 0x00, 0x00, 0x00, 0x00, 0x00,
    0x00, 0x00, 0x00, 0x00, 0x00, 0x7F, 0xFE, 0x40, 0x00, 0x01, 0xFF, 0xFF, 0xF8, 0x00, 0x02, 0xFF,
    0xA6, 0xFF, 0xC0, 0x02, 0xFE, 0x00, 0x07, 0xF8, 0x01, 0xFD, 0x00, 0x00, 0x7F, 0x00, 0xFD, 0x00,
    0x00, 0x0F, 0xD0, 0xBE, 0x00, 0x00, 0x02, 0xF8, 0x3F, 0x00, 0x00, 0x00, 0x7F, 0x2F, 0x80, 0x00,
    0x00, 0x0F, 0xCF, 0xD0, 0x00, 0x00, 0x03, 0xF3, 0xF0, 0x00, 0x00, 0x00, 0xFD, 0xFC, 0x00, 0x00,
    0x00, 0x7F, 0x7E, 0x00, 0x00, 0x00, 0x1F, 0xEF, 0x80, 0x00, 0x00, 0x0B, 0xEB, 0xE0, 0x00, 0x00,
    0x03, 0xF6, 0xF8, 0x00, 0x00, 0x01, 0xFC, 0xBE, 0x00, 0x00, 0x00, 0xBF, 0x1F, 0xC0, 0x00, 0x00,
    0x3F, 0x43, 0xF0, 0x00, 0x00, 0x3F, 0xC0, 0xFF, 0x00, 0x00, 0x2F, 0xC0, 0x1F, 0xE0, 0x00, 0x3F,
    0xD0, 0x02, 0xFF, 0x95, 0xBF, 0xE0, 0x00, 0x2F, 0xFF, 0xFF, 0xD0, 0x00, 0x00, 0xBF, 0xFF, 0x40,
    0x00, 0x00, 0x00, 0x54, 0x00, 0x00, 0x00, 0x00, 0x00, 0x01, 0x40, 0x06, 0x00, 0x00, 0x07, 0xFE,
    0x03, 0xC0, 0x00, 0x03, 0xFF, 0xFB, 0xD0, 0x00, 0x02, 0xE0, 0xBF, 0xF0, 0x00, 0x00, 0xA0, 0x02,
    0xA0, 0x00, 0x00, 0x00, 0x00, 0x00, 0x00, 0x00, 0x00, 0x00, 0x00, 0x00, 0x00, 0x01, 0xFF, 0xF9,
    0x00, 0x00, 0x07, 0xFF, 0xFF, 0xE0, 0x00, 0x0B, 0xFE, 0x9B, 0xFF, 0x00, 0x0B, 0xF8, 0x00, 0x1F,
    0xE0, 0x07, 0xF4, 0x00, 0x01, 0xFC, 0x03, 0xF4, 0x00, 0x00, 0x3F, 0x42, 0xF8, 0x00, 0x00, 0x0B,
    0xE0, 0xFC, 0x00, 0x00, 0x01, 0xFC, 0xBE, 0x00, 0x00, 0x00, 0x3F, 0x3F, 0x40, 0x00, 0x00, 0x0F,
    0xCF, 0xC0, 0x00, 0x00, 0x03, 0xF7, 0xF0, 0x00, 0x00, 0x01, 0xFD, 0xF8, 0x00, 0x00, 0x00, 0x7F,
    0xBE, 0x00, 0x00, 0x00, 0x2F, 0xAF, 0x80, 0x00, 0x00, 0x0F, 0xDB, 0xE0, 0x00, 0x00, 0x07, 0xF2,
    0xF8, 0x00, 0x00, 0x02, 0xFC, 0x7F, 0x00, 0x00, 0x00, 0xFD, 0x0F, 0xC0, 0x00, 0x00, 0xFF, 0x03,
    0xFC, 0x00, 0x00, 0xBF, 0x00, 0x7F, 0x80, 0x00, 0xFF, 0x40, 0x0B, 0xFE, 0x56, 0xFF, 0x80, 0x00,
    0xBF, 0xFF, 0xFF, 0x40, 0x00, 0x02, 0xFF, 0xFD, 0x00, 0x00, 0x00, 0x01, 0x50, 0x00, 0x00, 0x00,
    0x00, 0x01, 0x00, 0x10, 0x00, 0x00, 0x03, 0xE0, 0x3E, 0x00, 0x00, 0x01, 0xF8, 0x1F, 0x80, 0x00,
    0x00, 0x3C, 0x03, 0xC0, 0x00, 0x00, 0x00, 0x00, 0x00, 0x00, 0x00, 0x00, 0x00, 0x00, 0x00, 0x00,
    0x00, 0x00, 0x00, 0x00, 0x00, 0x01, 0xFF, 0xF9, 0x00, 0x00, 0x07, 0xFF, 0xFF, 0xE0, 0x00, 0x0B,
    0xFE, 0x9B, 0xFF, 0x00, 0x0B, 0xF8, 0x00, 0x1F, 0xE0, 0x07, 0xF4, 0x00, 0x01, 0xFC, 0x03, 0xF4,
    0x00, 0x00, 0x3F, 0x42, 0xF8, 0x00, 0x00, 0x0B, 0xE0, 0xFC, 0x00, 0x00, 0x01, 0xFC, 0xBE, 0x00,
    0x00, 0x00, 0x3F, 0x3F, 0x40, 0x00, 0x00, 0x0F, 0xCF, 0xC0, 0x00, 0x00, 0x03, 0xF7, 0xF0, 0x00,
    0x00, 0x01, 0xFD, 0xF8, 0x00, 0x00, 0x00, 0x7F, 0xBE, 0x00, 0x00, 0x00, 0x2F, 0xAF, 0x80, 0x00,
    0x00, 0x0F, 0xDB, 0xE0, 0x00, 0x00, 0x07, 0xF2, 0xF8, 0x00, 0x00, 0x02, 0xFC, 0x7F, 0x00, 0x00,
    0x00, 0xFD, 0x0F, 0xC0, 0x00, 0x00, 0xFF, 0x03, 0xFC, 0x00, 0x00, 0xBF, 0x00, 0x7F, 0x80, 0x00,
    0xFF, 0x40, 0x0B, 0xFE, 0x56, 0xFF, 0x80, 0x00, 0xBF, 0xFF, 0xFF, 0x40, 0x00, 0x02, 0xFF, 0xFD,
    0x00, 0x00, 0x00, 0x01, 0x50, 0x00, 0x00, 0x00, 0x00, 0x00, 0x00, 0x0C, 0x00, 0x00, 0x24, 0x3F,
    0x00, 0x00, 0xBD, 0x1F, 0xC0, 0x02, 0xF8, 0x07, 0xF0, 0x0B, 0xE0, 0x01, 0xFC, 0x2F, 0x80, 0x00,
    0x7F, 0xFE, 0x00, 0x00, 0x1F, 0xF8, 0x00, 0x00, 0x0F, 0xF0, 0x00, 0x00, 0x2F, 0xFC, 0x00, 0x00,
    0xBE, 0x7F, 0x00, 0x02, 0xF8, 0x1F, 0xC0, 0x0B, 0xE0, 0x07, 0xF0, 0x2F, 0x80, 0x01, 0xFC, 0x2E,
    0x00, 0x00, 0x7C, 0x04, 0x00, 0x00, 0x10, 0x00, 0x00, 0x00, 0x00, 0x00, 0x00, 0x00, 0x00, 0x00,
    0x00, 0x02, 0x80, 0x00, 0x01, 0xFF, 0xF8, 0x1F, 0x80, 0x00, 0x7F, 0xFF, 0xFE, 0xFC, 0x00, 0x0B,
    0xFE, 0x5B, 0xFF, 0xC0, 0x00, 0xBF, 0x80, 0x01, 0xFE, 0x00, 0x07, 0xF4, 0x00, 0x0B, 0xFC, 0x00,
    0x3F, 0x40, 0x00, 0x7F, 0xF4, 0x02, 0xF8, 0x00, 0x03, 0xFB, 0xE0, 0x0F, 0xC0, 0x00, 0x3F, 0x1F,
    0xC0, 0xBE, 0x00, 0x03, 0xF4, 0x3F, 0x03, 0xF4, 0x00, 0x2F, 0x80, 0xFC, 0x0F, 0xC0, 0x01, 0xF8,
    0x03, 0xF0, 0x7F, 0x00, 0x0F, 0xC0, 0x1F, 0xC1, 0xF8, 0x00, 0xFC, 0x00, 0x7F, 0x0B, 0xE0, 0x0F,
    0xD0, 0x02, 0xF8, 0x2F, 0x80, 0xBE, 0x00, 0x0F, 0xD0, 0xBE, 0x07, 0xE0, 0x00, 0x3F, 0x02, 0xF8,
    0x3F, 0x00, 0x02, 0xFC, 0x07, 0xF3, 0xF0, 0x00, 0x0F, 0xD0, 0x0F, 0xFF, 0x40, 0x00, 0xFF, 0x00,
    0x3F, 0xF4, 0x00, 0x0B, 0xF0, 0x00, 0x7F, 0xC0, 0x00, 0xBF, 0x40, 0x00, 0xFF, 0xE5, 0x6F, 0xF8,
    0x00, 0x0F, 0xFF, 0xFF, 0xFF, 0x40, 0x00, 0xFD, 0x2F, 0xFF, 0xD0, 0x00, 0x01, 0xD0, 0x01, 0x50,
    0x00, 0x00, 0x00, 0x00, 0x00, 0x00, 0x00, 0x00, 0x00, 0x00, 0x1A, 0x40, 0x00, 0x00, 0x00, 0x03,
    0xF0, 0x00, 0x00, 0x00, 0x00, 0xBD, 0x00, 0x00, 0x00, 0x00, 0x0F, 0xC0, 0x00, 0x00, 0x00, 0x00,
    0xF4, 0x00, 0x00, 0x00, 0x00, 0x1E, 0x00, 0x00, 0x00, 0x00, 0x00, 0x00, 0x00, 0x00, 0x00, 0x00,
    0x00, 0x00, 0x00, 0xFC, 0x00, 0x00, 0x0F, 0x80, 0x3F, 0x00, 0x00, 0x07, 0xE0, 0x1F, 0x80, 0x00,
    0x02, 0xF4, 0x0B, 0xD0, 0x00, 0x00, 0xBC, 0x03, 0xF0, 0x00, 0x00, 0x3F, 0x00, 0xFC, 0x00, 0x00,
    0x0F, 0xC0, 0x7E, 0x00, 0x00, 0x07, 0xE0, 0x1F, 0x80, 0x00, 0x02, 0xF4, 0x0B, 0xD0, 0x00, 0x00,
    0xFC, 0x03, 0xF0, 0x00, 0x00, 0x3F, 0x00, 0xFC, 0x00, 0x00, 0x0F, 0x80, 0x7E, 0x00, 0x00, 0x07,
    0xE0, 0x2F, 0x40, 0x00, 0x02, 0xF4, 0x0B, 0xC0, 0x00, 0x00, 0xFC, 0x03, 0xF0, 0x00, 0x00, 0x3F,
    0x00, 0xFC, 0x00, 0x00, 0x1F, 0x80, 0x7E, 0x00, 0x00, 0x0B, 0xD0, 0x1F, 0x80, 0x00, 0x03, 0xF0,
    0x07, 0xE0, 0x00, 0x01, 0xFC, 0x00, 0xFC, 0x00, 0x00, 0xFD, 0x00, 0x3F, 0x80, 0x00, 0xFF, 0x00,
    0x07, 0xFD, 0x56, 0xFF, 0x00, 0x00, 0xBF, 0xFF, 0xFF, 0x00, 0x00, 0x07, 0xFF, 0xFD, 0x00, 0x00,
    0x00, 0x01, 0x40, 0x00, 0x00, 0x00, 0x00, 0x00, 0x00, 0x02, 0xA0, 0x00, 0x00, 0x00, 0x03, 0xF8,
    0x00, 0x00, 0x00, 0x02, 0xF8, 0x00, 0x00, 0x00, 0x01, 0xF8, 0x00, 0x00, 0x00, 0x00, 0xF8, 0x00,
    0x00, 0x00, 0x00, 0xB4, 0x00, 0x00, 0x00, 0x00, 0x00, 0x00, 0x00, 0x00, 0x00, 0x00, 0x00, 0x00,
    0x00, 0xFC, 0x00, 0x00, 0x0F, 0x80, 0x3F, 0x00, 0x00, 0x07, 0xE0, 0x1F, 0x80, 0x00, 0x02, 0xF4,
    0x0B, 0xD0, 0x00, 0x00, 0xBC, 0x03, 0xF0, 0x00, 0x00, 0x3F, 0x00, 0xFC, 0x00, 0x00, 0x0F, 0xC0,
    0x7E, 0x00, 0x00, 0x07, 0xE0, 0x1F, 0x80, 0x00, 0x02, 0xF4, 0x0B, 0xD0, 0x00, 0x00, 0xFC, 0x03,
    0xF0, 0x00, 0x00, 0x3F, 0x00, 0xFC, 0x00, 0x00, 0x0F, 0x80, 0x7E, 0x00, 0x00, 0x07, 0xE0, 0x2F,
    0x40, 0x00, 0x02, 0xF4, 0x0B, 0xC0, 0x00, 0x00, 0xFC, 0x03, 0xF0, 0x00, 0x00, 0x3F, 0x00, 0xFC,
    0x00, 0x00, 0x1F, 0x80, 0x7E, 0x00, 0x00, 0x0B, 0xD0, 0x1F, 0x80, 0x00, 0x03, 0xF0, 0x07, 0xE0,
    0x00, 0x01, 0xFC, 0x00, 0xFC, 0x00, 0x00, 0xFD, 0x00, 0x3F, 0x80, 0x00, 0xFF, 0x00, 0x07, 0xFD,
    0x56, 0xFF, 0x00, 0x00, 0xBF, 0xFF, 0xFF, 0x00, 0x00, 0x07, 0xFF, 0xFD, 0x00, 0x00, 0x00, 0x01,
    0x40, 0x00, 0x00, 0x00, 0x00, 0x00, 0x00, 0xA8, 0x00, 0x00, 0x00, 0x00, 0xBF, 0x40, 0x00, 0x00,
    0x00, 0xBF, 0xF0, 0x00, 0x00, 0x00, 0xBD, 0x3E, 0x00, 0x00, 0x00, 0xBD, 0x07, 0xD0, 0x00, 0x00,
    0x78, 0x00, 0x78, 0x00, 0x00, 0x00, 0x00, 0x00, 0x00, 0x00, 0x00, 0x00, 0x00, 0x00, 0x00, 0xFC,
    0x00, 0x00, 0x0F, 0x80, 0x3F, 0x00, 0x00, 0x07, 0xE0, 0x1F, 0x80, 0x00, 0x02, 0xF4, 0x0B, 0xD0,
    0x00, 0x00, 0xBC, 0x03, 0xF0, 0x00, 0x00, 0x3F, 0x00, 0xFC, 0x00, 0x00, 0x0F, 0xC0, 0x7E, 0x00,
    0x00, 0x07, 0xE0, 0x1F, 0x80, 0x00, 0x02, 0xF4, 0x0B, 0xD0, 0x00, 0x00, 0xFC, 0x03, 0xF0, 0x00,
    0x00, 0x3F, 0x00, 0xFC, 0x00, 0x00, 0x0F, 0x80, 0x7E, 0x00, 0x00, 0x07, 0xE0, 0x2F, 0x40, 0x00,
    0x02, 0xF4, 0x0B, 0xC0, 0x00, 0x00, 0xFC, 0x03, 0xF0, 0x00, 0x00, 0x3F, 0x00, 0xFC, 0x00, 0x00,
    0x1F, 0x80, 0x7E, 0x00, 0x00, 0x0B, 0xD0, 0x1F, 0x80, 0x00, 0x03, 0xF0, 0x07, 0xE0, 0x00, 0x01,
    0xFC, 0x00, 0xFC, 0x00, 0x00, 0xFD, 0x00, 0x3F, 0x80, 0x00, 0xFF, 0x00, 0x07, 0xFD, 0x56, 0xFF,
    0x00, 0x00, 0xBF, 0xFF, 0xFF, 0x00, 0x00, 0x07, 0xFF, 0xFD, 0x00, 0x00, 0x00, 0x01, 0x40, 0x00,
    0x00, 0x00, 0x00, 0x00, 0x04, 0x00, 0x40, 0x00, 0x00, 0x0F, 0xC0, 0xFC, 0x00, 0x00, 0x03, 0xF0,
    0x3F, 0x00, 0x00, 0x00, 0xB4, 0x0B, 0x40, 0x00, 0x00, 0x00, 0x00, 0x00, 0x00, 0x00, 0x00, 0x00,
    0x00, 0x00, 0x00, 0x00, 0x00, 0x00, 0x00, 0x03, 0xF0, 0x00, 0x00, 0x3E, 0x00, 0xFC, 0x00, 0x00,
    0x1F, 0x80, 0x7E, 0x00, 0x00, 0x0B, 0xD0, 0x2F, 0x40, 0x00, 0x02, 0xF0, 0x0F, 0xC0, 0x00, 0x00,
    0xFC, 0x03, 0xF0, 0x00, 0x00, 0x3F, 0x01, 0xF8, 0x00, 0x00, 0x1F, 0x80, 0x7E, 0x00, 0x00, 0x0B,
    0xD0, 0x2F, 0x40, 0x00, 0x03, 0xF0, 0x0F, 0xC0, 0x00, 0x00, 0xFC, 0x03, 0xF0, 0x00, 0x00, 0x3E,
    0x01, 0xF8, 0x00, 0x00, 0x1F, 0x80, 0xBD, 0x00, 0x00, 0x0B, 0xD0, 0x2F, 0x00, 0x00, 0x03, 0xF0,
    0x0F, 0xC0, 0x00, 0x00, 0xFC, 0x03, 0xF0, 0x00, 0x00, 0x7E, 0x01, 0xF8, 0x00, 0x00, 0x2F, 0x40,
    0x7E, 0x00, 0x00, 0x0F, 0xC0, 0x1F, 0x80, 0x00, 0x07, 0xF0, 0x03, 0xF0, 0x00, 0x03, 0xF4, 0x00,
    0xFE, 0x00, 0x03, 0xFC, 0x00, 0x1F, 0xF5, 0x5B, 0xFC, 0x00, 0x02, 0xFF, 0xFF, 0xFC, 0x00, 0x00,
    0x1F, 0xFF, 0xF4, 0x00, 0x00, 0x00, 0x05, 0x00, 0x00, 0x00, 0x00, 0x00, 0x02, 0xA0, 0x00, 0x00,
    0x00, 0xBF, 0x00, 0x00, 0x00, 0x1F, 0xC0, 0x00, 0x00, 0x03, 0xF0, 0x00, 0x00, 0x00, 0xFC, 0x00,
    0x00, 0x00, 0x1E, 0x00, 0x00, 0x00, 0x00, 0x00, 0x00, 0x00, 0x00, 0x00, 0x00, 0x00, 0xBC, 0x00,
    0x00, 0x1F, 0x8B, 0xD0, 0x00, 0x03, 0xF0, 0x7E, 0x00, 0x00, 0xFD, 0x03, 0xF0, 0x00, 0x1F, 0xC0,
    0x3F, 0x00, 0x03, 0xF0, 0x02, 0xF4, 0x00, 0xFD, 0x00, 0x1F, 0x80, 0x1F, 0x80, 0x00, 0xFC, 0x03,
    0xF0, 0x00, 0x0F, 0xC0, 0xFD, 0x00, 0x00, 0xBC, 0x1F, 0x80, 0x00, 0x07, 0xD3, 0xF0, 0x00, 0x00,
    0x3E, 0xBD, 0x00, 0x00, 0x02, 0xFF, 0x80, 0x00, 0x00, 0x1F, 0xF0, 0x00, 0x00, 0x00, 0xFD, 0x00,
    0x00, 0x00, 0x0F, 0xC0, 0x00, 0x00, 0x01, 0xF8, 0x00, 0x00, 0x00, 0x2F, 0x40, 0x00, 0x00, 0x03,
    0xF0, 0x00, 0x00, 0x00, 0x3F, 0x00, 0x00, 0x00, 0x03, 0xE0, 0x00, 0x00, 0x00, 0x7E, 0x00, 0x00,
    0x00, 0x0B, 0xD0, 0x00, 0x00, 0x00, 0xFC, 0x00, 0x00, 0x00, 0x00, 0x2F, 0x00, 0x00, 0x00, 0x03,
    0xF0, 0x00, 0x00, 0x00, 0x3F, 0x00, 0x00, 0x00, 0x07, 0xE0, 0x00, 0x00, 0x00, 0xBF, 0xAA, 0x40,
    0x00, 0x0B, 0xFF, 0xFF, 0x80, 0x00, 0xFF, 0xFF, 0xFF, 0x00, 0x0F, 0xC0, 0x0B, 0xF4, 0x01, 0xF8,
    0x00, 0x2F, 0xC0, 0x2F, 0x40, 0x00, 0xFC, 0x03, 0xF0, 0x00, 0x0F, 0xC0, 0x3F, 0x00, 0x00, 0xFC,
    0x03, 0xE0, 0x00, 0x1F, 0xC0, 0x7E, 0x00, 0x02, 0xF8, 0x0B, 0xD0, 0x00, 0x7F, 0x00, 0xFC, 0x00,
    0x2F, 0xE0, 0x0F, 0xEA, 0xFF, 0xF8, 0x01, 0xFF, 0xFF, 0xFD, 0x00, 0x1F, 0xFF, 0xA4, 0x00, 0x02,
    0xF4, 0x00, 0x00, 0x00, 0x3F, 0x00, 0x00, 0x00, 0x03, 0xF0, 0x00, 0x00, 0x00, 0x7E, 0x00, 0x00,
    0x00, 0x0B, 0xD0, 0x00, 0x00, 0x00, 0x00, 0x00, 0x00, 0x01, 0x55, 0x00, 0x00, 0x00, 0x00, 0x2F,
    0xFF, 0xE0, 0x00, 0x00, 0x00, 0xFF, 0xFF, 0xF8, 0x00, 0x00, 0x02, 0xFD, 0x01, 0xFC, 0x00, 0x00,
    0x03, 0xF0, 0x00, 0xBD, 0x00, 0x00, 0x0B, 0xD0, 0x00, 0xBD, 0x00, 0x00, 0x0F, 0xC0, 0x00, 0xFC,
    0x00, 0x00, 0x0F, 0xC0, 0x02, 0xF8, 0x00, 0x00, 0x1F, 0x80, 0x0F, 0xE0, 0x00, 0x00, 0x2F, 0x40,
    0x7F, 0x80, 0x00, 0x00, 0x3F, 0x01, 0xFD, 0x00, 0x00, 0x00, 0x3F, 0x03, 0xF0, 0x00, 0x00, 0x00,
    0x3E, 0x07, 0xD0, 0x00, 0x00, 0x00, 0x7D, 0x07, 0xD0, 0x00, 0x00, 0x00, 0xBD, 0x03, 0xF4, 0x00,
    0x00, 0x00, 0xFC, 0x02, 0xFD, 0x00, 0x00, 0x00, 0xFC, 0x00, 0xBF, 0x80, 0x00, 0x01, 0xF8, 0x00,
    0x1F, 0xD0, 0x00, 0x01, 0xF4, 0x00, 0x07, 0xF0, 0x00, 0x02, 0xF0, 0x00, 0x03, 0xF0, 0x00, 0x03,
    0xF0, 0x00, 0x03, 0xF4, 0x00, 0x03, 0xF0, 0x00, 0x03, 0xF0, 0x00, 0x07, 0xE0, 0x00, 0x07, 0xF0,
    0x00, 0x0B, 0xD3, 0xD0, 0x2F, 0xD0, 0x00, 0x0F, 0xC3, 0xFF, 0xFF, 0x80, 0x00, 0x0F, 0xC1, 0xFF,
    0xFD, 0x00, 0x00, 0x0F, 0xC0, 0x05, 0x40, 0x00, 0x00, 0x1F, 0x80, 0x00, 0x00, 0x00, 0x00, 0x2F,
    0x40, 0x00, 0x00, 0x00, 0x00, 0x3F, 0x00, 0x00, 0x00, 0x00, 0x00, 0x7E, 0x00, 0x00, 0x00, 0x00,
    0x26, 0xFC, 0x00, 0x00, 0x00, 0x00, 0x3F, 0xF4, 0x00, 0x00, 0x00, 0x00, 0x3F, 0xD0, 0x00, 0x00,
    0x00, 0x00, 0x00, 0x01, 0xA4, 0x00, 0x00, 0x00, 0x1F, 0xC0, 0x00, 0x00, 0x00, 0xBC, 0x00, 0x00,
    0x00, 0x03, 0xE0, 0x00, 0x00, 0x00, 0x0F, 0x40, 0x00, 0x00, 0x00, 0x78, 0x00, 0x00, 0x00, 0x00,
    0x00, 0x00, 0x00, 0x00, 0x00, 0x00, 0x00, 0x0B, 0xFE, 0x03, 0xC0, 0x03, 0xFF, 0xFC, 0x7C, 0x00,
    0xFF, 0x57, 0xEF, 0xC0, 0x3F, 0x80, 0x0F, 0xF8, 0x0B, 0xF0, 0x00, 0x7F, 0x40, 0xFC, 0x00, 0x03,
    0xF0, 0x1F, 0x80, 0x00, 0x3F, 0x03, 0xF4, 0x00, 0x03, 0xF0, 0x3F, 0x00, 0x00, 0x7E, 0x03, 0xF0,
    0x00, 0x0B, 0xD0, 0x7E, 0x00, 0x00, 0xFC, 0x07, 0xE0, 0x00, 0x1F, 0xC0, 0x7E, 0x00, 0x03, 0xF8,
    0x07, 0xE0, 0x00, 0xBF, 0x40, 0x3F, 0x00, 0x2F, 0xF4, 0x03, 0xFC, 0x1F, 0xEF, 0x00, 0x1F, 0xFF,
    0xE2, 0xF0, 0x00, 0x7F, 0xF4, 0x2E, 0x00, 0x00, 0x10, 0x00, 0x00, 0x00, 0x00, 0x00, 0x00, 0x2A,
    0x00, 0x00, 0x00, 0x0F, 0xE0, 0x00, 0x00, 0x02, 0xF8, 0x00, 0x00, 0x00, 0x7E, 0x00, 0x00, 0x00,
    0x0F, 0x80, 0x00, 0x00, 0x02, 0xD0, 0x00, 0x00, 0x00, 0x00, 0x00, 0x00, 0x00, 0x00, 0x00, 0x00,
    0x00, 0x0B, 0xFE, 0x03, 0xC0, 0x03, 0xFF, 0xFC, 0x7C, 0x00, 0xFF, 0x57, 0xEF, 0xC0, 0x3F, 0x80,
    0x0F, 0xF8, 0x0B, 0xF0, 0x00, 0x7F, 0x40, 0xFC, 0x00, 0x03, 0xF0, 0x1F, 0x80, 0x00, 0x3F, 0x03,
    0xF4, 0x00, 0x03, 0xF0, 0x3F, 0x00, 0x00, 0x7E, 0x03, 0xF0, 0x00, 0x0B, 0xD0, 0x7E, 0x00, 0x00,
    0xFC, 0x07, 0xE0, 0x00, 0x1F, 0xC0, 0x7E, 0x00, 0x03, 0xF8, 0x07, 0xE0, 0x00, 0xBF, 0x40, 0x3F,
    0x00, 0x2F, 0xF4, 0x03, 0xFC, 0x1F, 0xEF, 0x00, 0x1F, 0xFF, 0xE2, 0xF0, 0x00, 0x7F, 0xF4, 0x2E,
    0x00, 0x00, 0x10, 0x00, 0x00, 0x00, 0x00, 0x00, 0x0A, 0x80, 0x00, 0x00, 0x02, 0xFD, 0x00, 0x00,
    0x00, 0xBF, 0xF0, 0x00, 0x00, 0x2F, 0x4F, 0x80, 0x00, 0x0B, 0xC0, 0x7C, 0x00, 0x01, 0xE0, 0x01,
    0xE0, 0x00, 0x00, 0x00, 0x00, 0x00, 0x00, 0x00, 0x00, 0x00, 0x00, 0x0B, 0xFE, 0x03, 0xC0, 0x03,
    0xFF, 0xFC, 0x7C, 0x00, 0xFF, 0x57, 0xEF, 0xC0, 0x3F, 0x80, 0x0F, 0xF8, 0x0B, 0xF0, 0x00, 0x7F,
    0x40, 0xFC, 0x00, 0x03, 0xF0, 0x1F, 0x80, 0x00, 0x3F, 0x03, 0xF4, 0x00, 0x03, 0xF0, 0x3F, 0x00,
    0x00, 0x7E, 0x03, 0xF0, 0x00, 0x0B, 0xD0, 0x7E, 0x00, 0x00, 0xFC, 0x07, 0xE0, 0x00, 0x1F, 0xC0,
    0x7E, 0x00, 0x03, 0xF8, 0x07, 0xE0, 0x00, 0xBF, 0x40, 0x3F, 0x00, 0x2F, 0xF4, 0x03, 0xFC, 0x1F,
    0xEF, 0x00, 0x1F, 0xFF, 0xE2, 0xF0, 0x00, 0x7F, 0xF4, 0x2E, 0x00, 0x00, 0x10, 0x00, 0x00, 0x00,
    0x00, 0x00, 0x50, 0x01, 0x80, 0x00, 0x7F, 0xE0, 0x3C, 0x00, 0x0F, 0xFF, 0xEF, 0x80, 0x01, 0xE0,
    0xBF, 0xF0, 0x00, 0x2C, 0x00, 0xB8, 0x00, 0x00, 0x00, 0x00, 0x00, 0x00, 0x00, 0x00, 0x00, 0x00,
    0x00, 0xBF, 0xE0, 0x3C, 0x00, 0x3F, 0xFF, 0xC7, 0xC0, 0x0F, 0xF5, 0x7E, 0xFC, 0x03, 0xF8, 0x00,
    0xFF, 0x80, 0xBF, 0x00, 0x07, 0xF4, 0x0F, 0xC0, 0x00, 0x3F, 0x01, 0xF8, 0x00, 0x03, 0xF0, 0x3F,
    0x40, 0x00, 0x3F, 0x03, 0xF0, 0x00, 0x07, 0xE0, 0x3F, 0x00, 0x00, 0xBD, 0x07, 0xE0, 0x00, 0x0F,
    0xC0, 0x7E, 0x00, 0x01, 0xFC, 0x07, 0xE0, 0x00, 0x3F, 0x80, 0x7E, 0x00, 0x0B, 0xF4, 0x03, 0xF0,
    0x02, 0xFF, 0x40, 0x3F, 0xC1, 0xFE, 0xF0, 0x01, 0xFF, 0xFE, 0x2F, 0x00, 0x07, 0xFF, 0x42, 0xE0,
    0x00, 0x01, 0x00, 0x00, 0x00, 0x00, 0x00, 0x40, 0x04, 0x00, 0x00, 0x3E, 0x03, 0xE0, 0x00, 0x07,
    0xE0, 0x7E, 0x00, 0x00, 0x3C, 0x03, 0xC0, 0x00, 0x00, 0x00, 0x00, 0x00, 0x00, 0x00, 0x00, 0x00,
    0x00, 0x00, 0x00, 0x00, 0x00, 0x00, 0xBF, 0xE0, 0x3C, 0x00, 0x3F, 0xFF, 0xC7, 0xC0, 0x0F, 0xF5,
    0x7E, 0xFC, 0x03, 0xF8, 0x00, 0xFF, 0x80, 0xBF, 0x00, 0x07, 0xF4, 0x0F, 0xC0, 0x00, 0x3F, 0x01,
    0xF8, 0x00, 0x03, 0xF0, 0x3F, 0x40, 0x00, 0x3F, 0x03, 0xF0, 0x00, 0x07, 0xE0, 0x3F, 0x00, 0x00,
    0xBD, 0x07, 0xE0, 0x00, 0x0F, 0xC0, 0x7E, 0x00, 0x01, 0xFC, 0x07, 0xE0, 0x00, 0x3F, 0x80, 0x7E,
    0x00, 0x0B, 0xF4, 0x03, 0xF0, 0x02, 0xFF, 0x40, 0x3F, 0xC1, 0xFE, 0xF0, 0x01, 0xFF, 0xFE, 0x2F,
    0x00, 0x07, 0xFF, 0x42, 0xE0, 0x00, 0x01, 0x00, 0x00, 0x00, 0x00, 0x00, 0x00, 0x00, 0x00, 0x00,
    0x07, 0xFD, 0x00, 0x00, 0x00, 0xFA, 0xF0, 0x00, 0x00, 0x1D, 0x07, 0x80, 0x00, 0x02, 0xC0, 0x38,
    0x00, 0x00, 0x1E, 0x0B, 0x40, 0x00, 0x00, 0xFF, 0xF0, 0x00, 0x00, 0x02, 0xF8, 0x00, 0x00, 0x00,
    0x00, 0x00, 0x00, 0x00, 0x00, 0x00, 0x00, 0x00, 0x0B, 0xFE, 0x03, 0xC0, 0x03, 0xFF, 0xFC, 0x7C,
    0x00, 0xFF, 0x57, 0xEF, 0xC0, 0x3F, 0x80, 0x0F, 0xF8, 0x0B, 0xF0, 0x00, 0x7F, 0x40, 0xFC, 0x00,
    0x03, 0xF0, 0x1F, 0x80, 0x00, 0x3F, 0x03, 0xF4, 0x00, 0x03, 0xF0, 0x3F, 0x00, 0x00, 0x7E, 0x03,
    0xF0, 0x00, 0x0B, 0xD0, 0x7E, 0x00, 0x00, 0xFC, 0x07, 0xE0, 0x00, 0x1F, 0xC0, 0x7E, 0x00, 0x03,
    0xF8, 0x07, 0xE0, 0x00, 0xBF, 0x40, 0x3F, 0x00, 0x2F, 0xF4, 0x03, 0xFC, 0x1F, 0xEF, 0x00, 0x1F,
    0xFF, 0xE2, 0xF0, 0x00, 0x7F, 0xF4, 0x2E, 0x00, 0x00, 0x10, 0x00, 0x00, 0x00, 0x00, 0x00, 0x00,
    0x00, 0x00, 0x00, 0x00, 0x00, 0xBF, 0xD0, 0xB0, 0xBF, 0xE0, 0x00, 0x7F, 0xFF, 0x4F, 0x7F, 0xFF,
    0xC0, 0x0F, 0xF5, 0x7E, 0xFF, 0xD5, 0xFD, 0x03, 0xF8, 0x01, 0xFF, 0xE0, 0x07, 0xE0, 0xBF, 0x00,
    0x0F, 0xF8, 0x00, 0x7E, 0x0F, 0xC0, 0x00, 0xFF, 0x00, 0x0B, 0xD1, 0xF8, 0x00, 0x0F, 0xD0, 0x01,
    0xFC, 0x3F, 0x40, 0x00, 0xFC, 0x06, 0xFF, 0x03, 0xF0, 0x00, 0x0F, 0xFF, 0xFF, 0xC0, 0x3F, 0x00,
    0x01, 0xFF, 0xFF, 0x90, 0x07, 0xE0, 0x00, 0x2F, 0x90, 0x00, 0x00, 0x7E, 0x00, 0x03, 0xF4, 0x00,
    0x00, 0x07, 0xE0, 0x00, 0xBF, 0x80, 0x00, 0x00, 0x7E, 0x00, 0x1F, 0xFC, 0x00, 0x00, 0x03, 0xF0,
    0x07, 0xFF, 0xD0, 0x00, 0x00, 0x3F, 0x82, 0xF7, 0xFF, 0x80, 0x6D, 0x01, 0xFF, 0xFC, 0x7E, 0xFF,
    0xFF, 0xD0, 0x07, 0xFE, 0x07, 0x87, 0xFF, 0xF4, 0x00, 0x05, 0x00, 0x00, 0x01, 0x40, 0x00, 0x00,
    0x00, 0x00, 0x00, 0x00, 0x1F, 0xFF, 0x80, 0x03, 0xFF, 0xFF, 0x00, 0x3F, 0xE5, 0x68, 0x03, 0xF8,
    0x00, 0x00, 0x2F, 0xC0, 0x00, 0x00, 0xFC, 0x00, 0x00, 0x0B, 0xE0, 0x00, 0x00, 0x3F, 0x00, 0x00,
    0x00, 0xFC, 0x00, 0x00, 0x07, 0xF0, 0x00, 0x00, 0x1F, 0x80, 0x00, 0x00, 0x7E, 0x00, 0x00, 0x01,
    0xF8, 0x00, 0x00, 0x03, 0xF0, 0x00, 0x00, 0x0F, 0xD0, 0x00, 0x00, 0x1F, 0xE0, 0x1B, 0x00, 0x2F,
    0xFF, 0xFC, 0x00, 0x1F, 0xFF, 0xD0, 0x00, 0x0F, 0x50, 0x00, 0x00, 0x78, 0x00, 0x00, 0x03, 0xF4,
    0x00, 0x00, 0x02, 0xF4, 0x00, 0x00, 0x03, 0xD0, 0x00, 0x00, 0x1F, 0x40, 0x00, 0x2F, 0xF8, 0x00,
    0x00, 0xFF, 0x40, 0x00, 0x00, 0x00, 0x06, 0x90, 0x00, 0x00, 0x0F, 0xC0, 0x00, 0x00, 0x2F, 0x40,
    0x00, 0x00, 0x3F, 0x00, 0x00, 0x00, 0x3D, 0x00, 0x00, 0x00, 0x78, 0x00, 0x00, 0x00, 0x00, 0x00,
    0x00, 0x00, 0x00, 0x00, 0x0B, 0xFF, 0x80, 0x00, 0xFF, 0xFF, 0xC0, 0x0F, 0xF5, 0x7F, 0x40, 0xFE,
    0x00, 0x7E, 0x0B, 0xE0, 0x01, 0xF8, 0x3F, 0x00, 0x0B, 0xD1, 0xF8, 0x00, 0x7F, 0x0F, 0xD0, 0x6F,
    0xF4, 0x3F, 0xFF, 0xFF, 0x00, 0xFF, 0xFF, 0x90, 0x07, 0xE4, 0x00, 0x00, 0x1F, 0x80, 0x00, 0x00,
    0x7E, 0x00, 0x00, 0x00, 0xFC, 0x00, 0x00, 0x03, 0xF4, 0x00, 0x00, 0x07, 0xF8, 0x06, 0xD0, 0x0B,
    0xFF, 0xFF, 0x40, 0x07, 0xFF, 0xF4, 0x00, 0x00, 0x50, 0x00, 0x00, 0x00, 0x00, 0x00, 0xA8, 0x00,
    0x00, 0x03, 0xF8, 0x00, 0x00, 0x0B, 0xE0, 0x00, 0x00, 0x1F, 0x80, 0x00, 0x00, 0x3E, 0x00, 0x00,
    0x00, 0xB4, 0x00, 0x00, 0x00, 0x00, 0x00, 0x00, 0x00, 0x00, 0x00, 0x00, 0x0B, 0xFF, 0x80, 0x00,
    0x3F, 0xFF, 0xF0, 0x00, 0xFF, 0x57, 0xF4, 0x03, 0xF8, 0x01, 0xF8, 0x0B, 0xE0, 0x01, 0xF8, 0x0F,
    0xC0, 0x02, 0xF4, 0x1F, 0x80, 0x07, 0xF0, 0x3F, 0x41, 0xBF, 0xD0, 0x3F, 0xFF, 0xFF, 0x00, 0x3F,
    0xFF, 0xE4, 0x00, 0x7E, 0x40, 0x00, 0x00, 0x7E, 0x00, 0x00, 0x00, 0x7E, 0x00, 0x00, 0x00, 0x3F,
    0x00, 0x00, 0x00, 0x3F, 0x40, 0x00, 0x00, 0x1F, 0xE0, 0x1B, 0x40, 0x0B, 0xFF, 0xFF, 0x40, 0x01,
    0xFF, 0xFD, 0x00, 0x00, 0x05, 0x00, 0x00, 0x00, 0x00, 0x2A, 0x00, 0x00, 0x02, 0xFD, 0x00, 0x00,
    0x2F, 0xFC, 0x00, 0x02, 0xF4, 0xF8, 0x00, 0x2F, 0x41, 0xF4, 0x01, 0xE0, 0x01, 0xE0, 0x00, 0x00,
    0x00, 0x00, 0x00, 0x00, 0x00, 0x00, 0x0B, 0xFF, 0x80, 0x00, 0xFF, 0xFF, 0xC0, 0x0F, 0xF5, 0x7F,
    0x40, 0xFE, 0x00, 0x7E, 0x0B, 0xE0, 0x01, 0xF8, 0x3F, 0x00, 0x0B, 0xD1, 0xF8, 0x00, 0x7F, 0x0F,
    0xD0, 0x6F, 0xF4, 0x3F, 0xFF, 0xFF, 0x00, 0xFF, 0xFF, 0x90, 0x07, 0xE4, 0x00, 0x00, 0x1F, 0x80,
    0x00, 0x00, 0x7E, 0x00, 0x00, 0x00, 0xFC, 0x00, 0x00, 0x03, 0xF4, 0x00, 0x00, 0x07, 0xF8, 0x06,
    0xD0, 0x0B, 0xFF, 0xFF, 0x40, 0x07, 0xFF, 0xF4, 0x00, 0x00, 0x50, 0x00, 0x00, 0x00, 0x01, 0x00,
    0x10, 0x00, 0x3F, 0x03, 0xF0, 0x00, 0xFC, 0x0F, 0xC0, 0x03, 0xD0, 0x3D, 0x00, 0x00, 0x00, 0x00,
    0x00, 0x00, 0x00, 0x00, 0x00, 0x00, 0x00, 0x00, 0x02, 0xFF, 0xE0, 0x00, 0x3F, 0xFF, 0xF0, 0x03,
    0xFD, 0x5F, 0xD0, 0x3F, 0x80, 0x1F, 0x82, 0xF8, 0x00, 0x7E, 0x0F, 0xC0, 0x02, 0xF4, 0x7E, 0x00,
    0x1F, 0xC3, 0xF4, 0x1B, 0xFD, 0x0F, 0xFF, 0xFF, 0xC0, 0x3F, 0xFF, 0xE4, 0x01, 0xF9, 0x00, 0x00,
    0x07, 0xE0, 0x00, 0x00, 0x1F, 0x80, 0x00, 0x00, 0x3F, 0x00, 0x00, 0x00, 0xFD, 0x00, 0x00, 0x01,
    0xFE, 0x01, 0xB4, 0x02, 0xFF, 0xFF, 0xD0, 0x01, 0xFF, 0xFD, 0x00, 0x00, 0x14, 0x00, 0x00, 0x01,
    0xA0, 0x00, 0x7E, 0x00, 0x0F, 0xC0, 0x00, 0xF8, 0x00, 0x1F, 0x00, 0x01, 0xD0, 0x00, 0x00, 0x00,
    0x00, 0x00, 0x7D, 0x00, 0x2F, 0x40, 0x0F, 0xC0, 0x03, 0xF0, 0x00, 0xF8, 0x00, 0x7E, 0x00, 0x2F,
    0x40, 0x0F, 0xC0, 0x03, 0xF0, 0x01, 0xF8, 0x00, 0x7D, 0x00, 0x2F, 0x40, 0x0F, 0xC0, 0x03, 0xF0,
    0x01, 0xF8, 0x00, 0xBD, 0x00, 0x2F, 0x00, 0x0F, 0xC0, 0x00, 0x00, 0x00, 0x6A, 0x00, 0x00, 0xFD,
    0x00, 0x03, 0xF4, 0x00, 0x0B, 0xD0, 0x00, 0x1F, 0x40, 0x00, 0x3C, 0x00, 0x00, 0x00, 0x00, 0x00,
    0x00, 0x00, 0x00, 0x7D, 0x00, 0x00, 0xBD, 0x00, 0x00, 0xFC, 0x00, 0x00, 0xFC, 0x00, 0x00, 0xF8,
    0x00, 0x01, 0xF8, 0x00, 0x02, 0xF4, 0x00, 0x03, 0xF0, 0x00, 0x03, 0xF0, 0x00, 0x07, 0xE0, 0x00,
    0x07, 0xD0, 0x00, 0x0B, 0xD0, 0x00, 0x0F, 0xC0, 0x00, 0x0F, 0xC0, 0x00, 0x1F, 0x80, 0x00, 0x2F,
    0x40, 0x00, 0x2F, 0x00, 0x00, 0x3F, 0x00, 0x00, 0x00, 0x0A, 0x40, 0x00, 0x3F, 0xC0, 0x00, 0xBF,
    0xE0, 0x02, 0xF5, 0xF4, 0x0F, 0xC0, 0xBC, 0x2E, 0x00, 0x2D, 0x00, 0x00, 0x00, 0x00, 0x00, 0x00,
    0x00, 0x7D, 0x00, 0x00, 0xBD, 0x00, 0x00, 0xFC, 0x00, 0x00, 0xFC, 0x00, 0x00, 0xF8, 0x00, 0x01,
    0xF8, 0x00, 0x02, 0xF4, 0x00, 0x03, 0xF0, 0x00, 0x03, 0xF0, 0x00, 0x07, 0xE0, 0x00, 0x07, 0xD0,
    0x00, 0x0B, 0xD0, 0x00, 0x0F, 0xC0, 0x00, 0x0F, 0xC0, 0x00, 0x1F, 0x80, 0x00, 0x2F, 0x40, 0x00,
    0x2F, 0x00, 0x00, 0x3F, 0x00, 0x00, 0x00, 0x40, 0x04, 0x03, 0xE0, 0x3D, 0x07, 0xE0, 0x7E, 0x03,
    0xC0, 0x3C, 0x00, 0x00, 0x00, 0x00, 0x00, 0x00, 0x00, 0x00, 0x00, 0x00, 0x7D, 0x00, 0x00, 0xBD,
    0x00, 0x00, 0xFC, 0x00, 0x00, 0xFC, 0x00, 0x00, 0xF8, 0x00, 0x01, 0xF8, 0x00, 0x02, 0xF4, 0x00,
    0x03, 0xF0, 0x00, 0x03, 0xF0, 0x00, 0x07, 0xE0, 0x00, 0x07, 0xD0, 0x00, 0x0B, 0xD0, 0x00, 0x0F,
    0xC0, 0x00, 0x0F, 0xC0, 0x00, 0x1F, 0x80, 0x00, 0x2F, 0x40, 0x00, 0x2F, 0x00, 0x00, 0x3F, 0x00,
    0x00, 0x00, 0x00, 0x00, 0x00, 0x00, 0x00, 0x0B, 0x80, 0x7C, 0x00, 0x00, 0xFE, 0x2F, 0xC0, 0x00,
    0x03, 0xFF, 0xE0, 0x00, 0x00, 0x2F, 0xF0, 0x00, 0x00, 0x1F, 0xFF, 0x40, 0x00, 0x0B, 0xF4, 0xFC,
    0x00, 0x00, 0x74, 0x07, 0xD0, 0x00, 0x00, 0x00, 0x3F, 0x00, 0x00, 0x00, 0x02, 0xF0, 0x00, 0x06,
    0xA8, 0x1F, 0x00, 0x07, 0xFF, 0xF9, 0xF4, 0x02, 0xFF, 0xAF, 0xEF, 0x40, 0xBF, 0x40, 0x1F, 0xF4,
    0x0F, 0xC0, 0x00, 0xBF, 0x42, 0xF4, 0x00, 0x07, 0xF0, 0x3F, 0x00, 0x00, 0x3F, 0x07, 0xE0, 0x00,
    0x03, 0xF0, 0x7E, 0x00, 0x00, 0x7E, 0x0B, 0xD0, 0x00, 0x0B, 0xD0, 0xBD, 0x00, 0x00, 0xFC, 0x07,
    0xE0, 0x00, 0x2F, 0x80, 0x3F, 0x00, 0x07, 0xF0, 0x02, 0xFD, 0x06, 0xFC, 0x00, 0x0F, 0xFF, 0xFF,
    0x40, 0x00, 0x2F, 0xFF, 0x80, 0x00, 0x00, 0x05, 0x00, 0x00, 0x00, 0x00, 0x00, 0x14, 0x00, 0x24,
    0x00, 0x03, 0xFE, 0x02, 0xD0, 0x00, 0x2F, 0xFF, 0xBF, 0x00, 0x00, 0xF0, 0x7F, 0xF0, 0x00, 0x07,
    0x40, 0x1A, 0x00, 0x00, 0x00, 0x00, 0x00, 0x00, 0x00, 0x00, 0x05, 0x00, 0x00, 0x1F, 0x03, 0xFF,
    0x80, 0x00, 0xBC, 0x7F, 0xFF, 0xC0, 0x03, 0xF7, 0xF5, 0xBF, 0x40, 0x0F, 0xFD, 0x00, 0xFD, 0x00,
    0x7F, 0xC0, 0x02, 0xF8, 0x02, 0xFD, 0x00, 0x0B, 0xD0, 0x0F, 0xF0, 0x00, 0x3F, 0x40, 0x3F, 0x40,
    0x00, 0xFC, 0x00, 0xFC, 0x00, 0x07, 0xF0, 0x07, 0xF0, 0x00, 0x2F, 0x80, 0x2F, 0x80, 0x00, 0xBD,
    0x00, 0xFD, 0x00, 0x03, 0xF0, 0x03, 0xF0, 0x00, 0x0F, 0xC0, 0x0F, 0xC0, 0x00, 0x7F, 0x00, 0x7E,
    0x00, 0x02, 0xF8, 0x02, 0xF4, 0x00, 0x0F, 0xD0, 0x0F, 0xD0, 0x00, 0x3F, 0x00, 0x3F, 0x00, 0x00,
    0xFC, 0x00, 0x00, 0x02, 0x90, 0x00, 0x00, 0x00, 0xFC, 0x00, 0x00, 0x00, 0x1F, 0x80, 0x00, 0x00,
    0x02, 0xF0, 0x00, 0x00, 0x00, 0x3E, 0x00, 0x00, 0x00, 0x02, 0xC0, 0x00, 0x00, 0x00, 0x00, 0x00,
    0x00, 0x00, 0x00, 0x00, 0x00, 0x07, 0xFF, 0x80, 0x00, 0x1F, 0xFF, 0xFC, 0x00, 0x1F, 0xF5, 0x7F,
    0xC0, 0x0F, 0xE0, 0x02, 0xF8, 0x0B, 0xE0, 0x00, 0x3F, 0x03, 0xF0, 0x00, 0x0F, 0xC2, 0xF4, 0x00,
    0x03, 0xF0, 0xFC, 0x00, 0x00, 0xFC, 0x3F, 0x00, 0x00, 0x3F, 0x1F, 0x80, 0x00, 0x0F, 0xC7, 0xE0,
    0x00, 0x07, 0xE1, 0xF8, 0x00, 0x02, 0xF4, 0x7E, 0x00, 0x00, 0xFC, 0x0F, 0xC0, 0x00, 0xBE, 0x03,
    0xF4, 0x00, 0x7F, 0x00, 0x7F, 0x91, 0xBF, 0x40, 0x0B, 0xFF, 0xFF, 0x40, 0x00, 0x7F, 0xFE, 0x00,
    0x00, 0x00, 0x10, 0x00, 0x00, 0x00, 0x00, 0x00, 0xA9, 0x00, 0x00, 0x00, 0xBF, 0x00, 0x00, 0x00,
    0x3F, 0x00, 0x00, 0x00, 0x3F, 0x00, 0x00, 0x00, 0x3F, 0x00, 0x00, 0x00, 0x1E, 0x00, 0x00, 0x00,
    0x00, 0x00, 0x00, 0x00, 0x00, 0x00, 0x00, 0x00, 0x07, 0xFF, 0x80, 0x00, 0x1F, 0xFF, 0xFC, 0x00,
    0x1F, 0xF5, 0x7F, 0xC0, 0x0F, 0xE0, 0x02, 0xF8, 0x0B, 0xE0, 0x00, 0x3F, 0x03, 0xF0, 0x00, 0x0F,
    0xC2, 0xF4, 0x00, 0x03, 0xF0, 0xFC, 0x00, 0x00, 0xFC, 0x3F, 0x00, 0x00, 0x3F, 0x1F, 0x80, 0x00,
    0x0F, 0xC7, 0xE0, 0x00, 0x07, 0xE1, 0xF8, 0x00, 0x02, 0xF4, 0x7E, 0x00, 0x00, 0xFC, 0x0F, 0xC0,
    0x00, 0xBE, 0x03, 0xF4, 0x00, 0x7F, 0x00, 0x7F, 0x91, 0xBF, 0x40, 0x0B, 0xFF, 0xFF, 0x40, 0x00,
    0x7F, 0xFE, 0x00, 0x00, 0x00, 0x10, 0x00, 0x00, 0x00, 0x00, 0x1A, 0x00, 0x00, 0x00, 0x1F, 0xE0,
    0x00, 0x00, 0x1F, 0xFD, 0x00, 0x00, 0x1F, 0x8F, 0xC0, 0x00, 0x1F, 0x80, 0xF8, 0x00, 0x0F, 0x40,
    0x0F, 0x00, 0x00, 0x00, 0x00, 0x00, 0x00, 0x00, 0x00, 0x00, 0x00, 0x07, 0xFF, 0x80, 0x00, 0x1F,
    0xFF, 0xFC, 0x00, 0x1F, 0xF5, 0x7F, 0xC0, 0x0F, 0xE0, 0x02, 0xF8, 0x0B, 0xE0, 0x00, 0x3F, 0x03,
    0xF0, 0x00, 0x0F, 0xC2, 0xF4, 0x00, 0x03, 0xF0, 0xFC, 0x00, 0x00, 0xFC, 0x3F, 0x00, 0x00, 0x3F,
    0x1F, 0x80, 0x00, 0x0F, 0xC7, 0xE0, 0x00, 0x07, 0xE1, 0xF8, 0x00, 0x02, 0xF4, 0x7E, 0x00, 0x00,
    0xFC, 0x0F, 0xC0, 0x00, 0xBE, 0x03, 0xF4, 0x00, 0x7F, 0x00, 0x7F, 0x91, 0xBF, 0x40, 0x0B, 0xFF,
    0xFF, 0x40, 0x00, 0x7F, 0xFE, 0x00, 0x00, 0x00, 0x10, 0x00, 0x00, 0x00, 0x01, 0x50, 0x02, 0x40,
    0x03, 0xFF, 0x02, 0xD0, 0x02, 0xFF, 0xFA, 0xF0, 0x00, 0xF0, 0x7F, 0xF4, 0x00, 0x74, 0x01, 0xA4,
    0x00, 0x00, 0x00, 0x00, 0x00, 0x00, 0x00, 0x00, 0x00, 0x00, 0x1F, 0xFE, 0x00, 0x00, 0x7F, 0xFF,
    0xF0, 0x00, 0x7F, 0xD5, 0xFF, 0x00, 0x3F, 0x80, 0x0B, 0xE0, 0x2F, 0x80, 0x00, 0xFC, 0x0F, 0xC0,
    0x00, 0x3F, 0x0B, 0xD0, 0x00, 0x0F, 0xC3, 0xF0, 0x00, 0x03, 0xF0, 0xFC, 0x00, 0x00, 0xFC, 0x7E,
    0x00, 0x00, 0x3F, 0x1F, 0x80, 0x00, 0x1F, 0x87, 0xE0, 0x00, 0x0B, 0xD1, 0xF8, 0x00, 0x03, 0xF0,
    0x3F, 0x00, 0x02, 0xF8, 0x0F, 0xD0, 0x01, 0xFC, 0x01, 0xFE, 0x46, 0xFD, 0x00, 0x2F, 0xFF, 0xFD,
    0x00, 0x01, 0xFF, 0xF8, 0x00, 0x00, 0x00, 0x40, 0x00, 0x00, 0x00, 0x01, 0x00, 0x10, 0x00, 0x02,
    0xF0, 0x2F, 0x00, 0x00, 0xFC, 0x0F, 0xC0, 0x00, 0x2E, 0x02, 0xD0, 0x00, 0x00, 0x00, 0x00, 0x00,
    0x00, 0x00, 0x00, 0x00, 0x00, 0x00, 0x00, 0x00, 0x00, 0x1F, 0xFE, 0x00, 0x00, 0x7F, 0xFF, 0xF0,
    0x00, 0x7F, 0xD5, 0xFF, 0x00, 0x3F, 0x80, 0x0B, 0xE0, 0x2F, 0x80, 0x00, 0xFC, 0x0F, 0xC0, 0x00,
    0x3F, 0x0B, 0xD0, 0x00, 0x0F, 0xC3, 0xF0, 0x00, 0x03, 0xF0, 0xFC, 0x00, 0x00, 0xFC, 0x7E, 0x00,
    0x00, 0x3F, 0x1F, 0x80, 0x00, 0x1F, 0x87, 0xE0, 0x00, 0x0B, 0xD1, 0xF8, 0x00, 0x03, 0xF0, 0x3F,
    0x00, 0x02, 0xF8, 0x0F, 0xD0, 0x01, 0xFC, 0x01, 0xFE, 0x46, 0xFD, 0x00, 0x2F, 0xFF, 0xFD, 0x00,
    0x01, 0xFF, 0xF8, 0x00, 0x00, 0x00, 0x40, 0x00, 0x00, 0x00, 0x01, 0x40, 0x00, 0x00, 0x01, 0xFC,
    0x00, 0x00, 0x00, 0xBF, 0x00, 0x00, 0x00, 0x2F, 0xC0, 0x00, 0x00, 0x01, 0x80, 0x00, 0x00, 0x00,
    0x00, 0x00, 0x00, 0x00, 0x00, 0x00, 0x02, 0xFF, 0xFF, 0xFF, 0xFC, 0xBF, 0xFF, 0xFF, 0xFF, 0x15,
    0x55, 0x55, 0x55, 0x40, 0x00, 0x00, 0x00, 0x00, 0x00, 0x00, 0x00, 0x00, 0x00, 0x07, 0xE0, 0x00,
    0x00, 0x02, 0xFC, 0x00, 0x00, 0x00, 0xBF, 0x00, 0x00, 0x00, 0x0F, 0x40, 0x00, 0x00, 0x00, 0x00,
    0x00, 0x00, 0x00, 0x00, 0x00, 0x0C, 0x00, 0x01, 0xFF, 0xE3, 0xE0, 0x00, 0xFF, 0xFF, 0xFC, 0x00,
    0x7F, 0xD5, 0xFF, 0x40, 0x0F, 0xD0, 0x07, 0xF8, 0x02, 0xF4, 0x01, 0xFF, 0xC0, 0x3F, 0x00, 0x3E,
    0xFC, 0x0B, 0xD0, 0x0F, 0xCB, 0xC0, 0xFC, 0x02, 0xF0, 0xBC, 0x0F, 0xC0, 0x7D, 0x0F, 0xC0, 0xF8,
    0x1F, 0x80, 0xFC, 0x1F, 0x43, 0xE0, 0x0F, 0x81, 0xF4, 0xFC, 0x01, 0xF4, 0x1F, 0xAF, 0x00, 0x3F,
    0x00, 0xFF, 0xD0, 0x0B, 0xD0, 0x0F, 0xF8, 0x01, 0xFC, 0x00, 0x7F, 0x80, 0xBF, 0x00, 0x0F, 0xFF,
    0xFF, 0xC0, 0x02, 0xF7, 0xFF, 0xE0, 0x00, 0x1D, 0x00, 0x40, 0x00, 0x00, 0x00, 0x00, 0x00, 0x00,
    0x00, 0x01, 0xA4, 0x00, 0x00, 0x00, 0x0F, 0xC0, 0x00, 0x00, 0x00, 0x7D, 0x00, 0x00, 0x00, 0x03,
    0xF0, 0x00, 0x00, 0x00, 0x0F, 0x40, 0x00, 0x00, 0x00, 0x38, 0x00, 0x00, 0x00, 0x00, 0x00, 0x00,
    0x00, 0x00, 0x00, 0x00, 0x01, 0xF4, 0x00, 0x0B, 0xC0, 0x3F, 0x00, 0x00, 0xFC, 0x03, 0xF0, 0x00,
    0x0F, 0xC0, 0x3F, 0x00, 0x01, 0xF8, 0x07, 0xE0, 0x00, 0x1F, 0x40, 0xBD, 0x00, 0x02, 0xF0, 0x0F,
    0xC0, 0x00, 0x3F, 0x00, 0xFC, 0x00, 0x03, 0xF0, 0x1F, 0x80, 0x00, 0x7E, 0x01, 0xF4, 0x00, 0x0B,
    0xD0, 0x2F, 0x40, 0x00, 0xFC, 0x03, 0xF0, 0x00, 0x1F, 0xC0, 0x3F, 0x00, 0x03, 0xF8, 0x03, 0xF0,
    0x00, 0xBF, 0x40, 0x3F, 0x00, 0x2F, 0xF4, 0x03, 0xF8, 0x1F, 0xAF, 0x00, 0x1F, 0xFF, 0xE2, 0xF0,
    0x00, 0xBF, 0xF4, 0x3E, 0x00, 0x00, 0x50, 0x00, 0x00, 0x00, 0x00, 0x00, 0x00, 0x2A, 0x00, 0x00,
    0x00, 0x0B, 0xF0, 0x00, 0x00, 0x01, 0xFC, 0x00, 0x00, 0x00, 0x3F, 0x00, 0x00, 0x00, 0x0F, 0x80,
    0x00, 0x00, 0x01, 0xE0, 0x00, 0x00, 0x00, 0x00, 0x00, 0x00, 0x00, 0x00, 0x00, 0x00, 0x01, 0xF4,
    0x00, 0x0B, 0xC0, 0x3F, 0x00, 0x00, 0xFC, 0x03, 0xF0, 0x00, 0x0F, 0xC0, 0x3F, 0x00, 0x01, 0xF8,
    0x07, 0xE0, 0x00, 0x1F, 0x40, 0xBD, 0x00, 0x02, 0xF0, 0x0F, 0xC0, 0x00, 0x3F, 0x00, 0xFC, 0x00,
    0x03, 0xF0, 0x1F, 0x80, 0x00, 0x7E, 0x01, 0xF4, 0x00, 0x0B, 0xD0, 0x2F, 0x40, 0x00, 0xFC, 0x03,
    0xF0, 0x00, 0x1F, 0xC0, 0x3F, 0x00, 0x03, 0xF8, 0x03, 0xF0, 0x00, 0xBF, 0x40, 0x3F, 0x00, 0x2F,
    0xF4, 0x03, 0xF8, 0x1F, 0xAF, 0x00, 0x1F, 0xFF, 0xE2, 0xF0, 0x00, 0xBF, 0xF4, 0x3E, 0x00, 0x00,
    0x50, 0x00, 0x00, 0x00, 0x00, 0x00, 0x06, 0x80, 0x00, 0x00, 0x02, 0xFE, 0x00, 0x00, 0x00, 0x7F,
    0xF0, 0x00, 0x00, 0x1F, 0x8F, 0x80, 0x00, 0x07, 0xD0, 0x3D, 0x00, 0x01, 0xE0, 0x01, 0xE0, 0x00,
    0x00, 0x00, 0x00, 0x00, 0x00, 0x00, 0x00, 0x00, 0x01, 0xF4, 0x00, 0x0B, 0xC0, 0x3F, 0x00, 0x00,
    0xFC, 0x03, 0xF0, 0x00, 0x0F, 0xC0, 0x3F, 0x00, 0x01, 0xF8, 0x07, 0xE0, 0x00, 0x1F, 0x40, 0xBD,
    0x00, 0x02, 0xF0, 0x0F, 0xC0, 0x00, 0x3F, 0x00, 0xFC, 0x00, 0x03, 0xF0, 0x1F, 0x80, 0x00, 0x7E,
    0x01, 0xF4, 0x00, 0x0B, 0xD0, 0x2F, 0x40, 0x00, 0xFC, 0x03, 0xF0, 0x00, 0x1F, 0xC0, 0x3F, 0x00,
    0x03, 0xF8, 0x03, 0xF0, 0x00, 0xBF, 0x40, 0x3F, 0x00, 0x2F, 0xF4, 0x03, 0xF8, 0x1F, 0xAF, 0x00,
    0x1F, 0xFF, 0xE2, 0xF0, 0x00, 0xBF, 0xF4, 0x3E, 0x00, 0x00, 0x50, 0x00, 0x00, 0x00, 0x00, 0x00,
    0x40, 0x04, 0x00, 0x00, 0x3F, 0x03, 0xF0, 0x00, 0x03, 0xF0, 0x3F, 0x00, 0x00, 0x2D, 0x02, 0xD0,
    0x00, 0x00, 0x00, 0x00, 0x00, 0x00, 0x00, 0x00, 0x00, 0x00, 0x00, 0x00, 0x00, 0x00, 0x1F, 0x40,
    0x00, 0xBC, 0x03, 0xF0, 0x00, 0x0F, 0xC0, 0x3F, 0x00, 0x00, 0xFC, 0x03, 0xF0, 0x00, 0x1F, 0x80,
    0x7E, 0x00, 0x01, 0xF4, 0x0B, 0xD0, 0x00, 0x2F, 0x00, 0xFC, 0x00, 0x03, 0xF0, 0x0F, 0xC0, 0x00,
    0x3F, 0x01, 0xF8, 0x00, 0x07, 0xE0, 0x1F, 0x40, 0x00, 0xBD, 0x02, 0xF4, 0x00, 0x0F, 0xC0, 0x3F,
    0x00, 0x01, 0xFC, 0x03, 0xF0, 0x00, 0x3F, 0x80, 0x3F, 0x00, 0x0B, 0xF4, 0x03, 0xF0, 0x02, 0xFF,
    0x40, 0x3F, 0x81, 0xFA, 0xF0, 0x01, 0xFF, 0xFE, 0x2F, 0x00, 0x0B, 0xFF, 0x43, 0xE0, 0x00, 0x05,
    0x00, 0x00, 0x00, 0x00, 0x00, 0x00, 0x01, 0xA4, 0x00, 0x00, 0x00, 0x00, 0x3F, 0x40, 0x00, 0x00,
    0x00, 0x0F, 0xD0, 0x00, 0x00, 0x00, 0x02, 0xF4, 0x00, 0x00, 0x00, 0x00, 0x7D, 0x00, 0x00, 0x00,
    0x00, 0x0F, 0x00, 0x00, 0x00, 0x00, 0x00, 0x00, 0x00, 0x00, 0x00, 0x00, 0x00, 0x00, 0x00, 0x00,
    0x1F, 0x80, 0x00, 0x0F, 0xC0, 0x00, 0xF8, 0x00, 0x02, 0xF4, 0x00, 0x0F, 0xC0, 0x00, 0x3F, 0x00,
    0x00, 0xFC, 0x00, 0x0F, 0xD0, 0x00, 0x0F, 0xC0, 0x01, 0xFC, 0x00, 0x00, 0xBC, 0x00, 0x3F, 0x00,
    0x00, 0x07, 0xD0, 0x07, 0xE0, 0x00, 0x00, 0x7E, 0x00, 0xFC, 0x00, 0x00, 0x03, 0xE0, 0x1F, 0x80,
    0x00, 0x00, 0x3F, 0x03, 0xF0, 0x00, 0x00, 0x03, 0xF0, 0x7E, 0x00, 0x00, 0x00, 0x2F, 0x0F, 0xC0,
    0x00, 0x00, 0x02, 0xF1, 0xF4, 0x00, 0x00, 0x00, 0x1F, 0x3F, 0x00, 0x00, 0x00, 0x01, 0xF7, 0xD0,
    0x00, 0x00, 0x00, 0x0F, 0xFC, 0x00, 0x00, 0x00, 0x00, 0xFF, 0x40, 0x00, 0x00, 0x00, 0x0F, 0xE0,
    0x00, 0x00, 0x00, 0x00, 0xFC, 0x00, 0x00, 0x00, 0x00, 0x1F, 0x80, 0x00, 0x00, 0x00, 0x03, 0xF0,
    0x00, 0x00, 0x00, 0x00, 0xBE, 0x00, 0x00, 0x00, 0x00, 0x1F, 0xC0, 0x00, 0x00, 0x02, 0x5B, 0xF0,
    0x00, 0x00, 0x00, 0x3F, 0xFD, 0x00, 0x00, 0x00, 0x03, 0xFE, 0x00, 0x00, 0x00, 0x00, 0x00, 0x00,
    0x50, 0x00, 0x00, 0x00, 0x0F, 0xC0, 0x00, 0x00, 0x00, 0x3F, 0x00, 0x00, 0x00, 0x01, 0xF8, 0x00,
    0x00, 0x00, 0x0B, 0xD0, 0x00, 0x00, 0x00, 0x2F, 0x00, 0x00, 0x00, 0x00, 0xFC, 0x00, 0x00, 0x00,
    0x03, 0xF0, 0x00, 0x00, 0x00, 0x1F, 0x82, 0xFF, 0x40, 0x00, 0xBD, 0x7F, 0xFF, 0x40, 0x03, 0xF7,
    0xE5, 0xFF, 0x00, 0x0F, 0xFC, 0x00, 0xFD, 0x00, 0x3F, 0xC0, 0x01, 0xF8, 0x01, 0xFD, 0x00, 0x07,
    0xE0, 0x0B, 0xF0, 0x00, 0x1F, 0x80, 0x3F, 0x40, 0x00, 0x7E, 0x00, 0xFC, 0x00, 0x02, 0xF4, 0x07,
    0xE0, 0x00, 0x0F, 0xD0, 0x1F, 0x40, 0x00, 0x3F, 0x00, 0xBD, 0x00, 0x01, 0xFC, 0x03, 0xF4, 0x00,
    0x0F, 0xD0, 0x0F, 0xD0, 0x00, 0x7F, 0x00, 0x7F, 0xC0, 0x07, 0xF4, 0x02, 0xFB, 0xD0, 0xBF, 0x80,
    0x0B, 0xCF, 0xFF, 0xF8, 0x00, 0x3F, 0x0B, 0xFF, 0x40, 0x00, 0xFC, 0x01, 0x40, 0x00, 0x07, 0xE0,
    0x00, 0x00, 0x00, 0x2F, 0x40, 0x00, 0x00, 0x00, 0xFC, 0x00, 0x00, 0x00, 0x03, 0xF0, 0x00, 0x00,
    0x00, 0x0F, 0x80, 0x00, 0x00, 0x00, 0x7D, 0x00, 0x00, 0x00, 0x02, 0xF4, 0x00, 0x00, 0x00, 0x00,
    0x00, 0x00, 0x01, 0x00, 0x10, 0x00, 0x00, 0x01, 0xF4, 0x1F, 0x40, 0x00, 0x00, 0x2F, 0x42, 0xF4,
    0x00, 0x00, 0x01, 0xE0, 0x1E, 0x00, 0x00, 0x00, 0x00, 0x00, 0x00, 0x00, 0x00, 0x00, 0x00, 0x00,
    0x00, 0x00, 0x00, 0x00, 0x00, 0x00, 0x00, 0x01, 0xF8, 0x00, 0x00, 0xFC, 0x00, 0x0F, 0x80, 0x00,
    0x2F, 0x40, 0x00, 0xFC, 0x00, 0x03, 0xF0, 0x00, 0x0F, 0xC0, 0x00, 0xFD, 0x00, 0x00, 0xFC, 0x00,
    0x1F, 0xC0, 0x00, 0x0B, 0xC0, 0x03, 0xF0, 0x00, 0x00, 0x7D, 0x00, 0x7E, 0x00, 0x00, 0x07, 0xE0,
    0x0F, 0xC0, 0x00, 0x00, 0x3E, 0x01, 0xF8, 0x00, 0x00, 0x03, 0xF0, 0x3F, 0x00, 0x00, 0x00, 0x3F,
    0x07, 0xE0, 0x00, 0x00, 0x02, 0xF0, 0xFC, 0x00, 0x00, 0x00, 0x2F, 0x1F, 0x40, 0x00, 0x00, 0x01,
    0xF3, 0xF0, 0x00, 0x00, 0x00, 0x1F, 0x7D, 0x00, 0x00, 0x00, 0x00, 0xFF, 0xC0, 0x00, 0x00, 0x00,
    0x0F, 0xF4, 0x00, 0x00, 0x00, 0x00, 0xFE, 0x00, 0x00, 0x00, 0x00, 0x0F, 0xC0, 0x00, 0x00, 0x00,
    0x01, 0xF8, 0x00, 0x00, 0x00, 0x00, 0x3F, 0x00, 0x00, 0x00, 0x00, 0x0B, 0xE0, 0x00, 0x00, 0x00,
    0x01, 0xFC, 0x00, 0x00, 0x00, 0x25, 0xBF, 0x00, 0x00, 0x00, 0x03, 0xFF, 0xD0, 0x00, 0x00, 0x00,
    0x3F, 0xE0, 0x00, 0x00, 0x00, 0x00, 0x00, 0x00, 0x02, 0xAA, 0xA9, 0x00, 0x00, 0x07, 0xFF, 0xFE,
    0x00, 0x00, 0x07, 0xFF, 0xFD, 0x00, 0x00, 0x00, 0x00, 0x00, 0x00, 0x00, 0x00, 0x00, 0x00, 0x00,
    0x00, 0x00, 0x3F, 0x00, 0x00, 0x00, 0x00, 0xBF, 0x40, 0x00, 0x00, 0x00, 0xFF, 0x40, 0x00, 0x00,
    0x03, 0xFF, 0x80, 0x00, 0x00, 0x07, 0xDF, 0x80, 0x00, 0x00, 0x0F, 0xCF, 0xC0, 0x00, 0x00, 0x1F,
    0x8F, 0xC0, 0x00, 0x00, 0x3F, 0x0B, 0xC0, 0x00, 0x00, 0x7E, 0x0B, 0xC0, 0x00, 0x00, 0xFC, 0x0B,
    0xD0, 0x00, 0x02, 0xF4, 0x07, 0xD0, 0x00, 0x03, 0xF0, 0x07, 0xE0, 0x00, 0x0B, 0xD0, 0x03, 0xE0,
    0x00, 0x0F, 0xC0, 0x03, 0xF0, 0x00, 0x2F, 0xFF, 0xFF, 0xF0, 0x00, 0x7F, 0xFF, 0xFF, 0xF0, 0x00,
    0xFE, 0xAA, 0xAB, 0xF0, 0x01, 0xFC, 0x00, 0x02, 0xF4, 0x03, 0xF0, 0x00, 0x02, 0xF4, 0x07, 0xE0,
    0x00, 0x01, 0xF8, 0x0F, 0xC0, 0x00, 0x01, 0xF8, 0x2F, 0x80, 0x00, 0x00, 0xFC, 0x3F, 0x00, 0x00,
    0x00, 0xFC, 0xBE, 0x00, 0x00, 0x00, 0xFC, 0x00, 0x02, 0xAA, 0xA9, 0x00, 0x00, 0x7F, 0xFF, 0xD0,
    0x00, 0x0B, 0xFF, 0xFC, 0x00, 0x00, 0x00, 0x00, 0x00, 0x00, 0x00, 0x00, 0x00, 0x00, 0x00, 0xBF,
    0xE0, 0x3C, 0x00, 0x3F, 0xFF, 0xC7, 0xC0, 0x0F, 0xF5, 0x7E, 0xFC, 0x03, 0xF8, 0x00, 0xFF, 0x80,
    0xBF, 0x00, 0x07, 0xF4, 0x0F, 0xC0, 0x00, 0x3F, 0x01, 0xF8, 0x00, 0x03, 0xF0, 0x3F, 0x40, 0x00,
    0x3F, 0x03, 0xF0, 0x00, 0x07, 0xE0, 0x3F, 0x00, 0x00, 0xBD, 0x07, 0xE0, 0x00, 0x0F, 0xC0, 0x7E,
    0x00, 0x01, 0xFC, 0x07, 0xE0, 0x00, 0x3F, 0x80, 0x7E, 0x00, 0x0B, 0xF4, 0x03, 0xF0, 0x02, 0xFF,
    0x40, 0x3F, 0xC1, 0xFE, 0xF0, 0x01, 0xFF, 0xFE, 0x2F, 0x00, 0x07, 0xFF, 0x42, 0xE0, 0x00, 0x01,
    0x00, 0x00, 0x00, 0x00, 0x00, 0x02, 0x40, 0x06, 0x00, 0x00, 0x00, 0xF0, 0x03, 0xC0, 0x00, 0x00,
    0x3F, 0xAF, 0xE0, 0x00, 0x00, 0x07, 0xFF, 0xE0, 0x00, 0x00, 0x00, 0x2F, 0x90, 0x00, 0x00, 0x00,
    0x00, 0x00, 0x00, 0x00, 0x00, 0x00, 0x00, 0x00, 0x00, 0x00, 0x00, 0xFC, 0x00, 0x00, 0x00, 0x00,
    0xBF, 0x40, 0x00, 0x00, 0x00, 0x3F, 0xD0, 0x00, 0x00, 0x00, 0x3F, 0xF8, 0x00, 0x00, 0x00, 0x1F,
    0x7E, 0x00, 0x00, 0x00, 0x0F, 0xCF, 0xC0, 0x00, 0x00, 0x07, 0xE3, 0xF0, 0x00, 0x00, 0x03, 0xF0,
    0xBC, 0x00, 0x00, 0x01, 0xF8, 0x2F, 0x00, 0x00, 0x00, 0xFC, 0x0B, 0xD0, 0x00, 0x00, 0xBD, 0x01,
    0xF4, 0x00, 0x00, 0x3F, 0x00, 0x7E, 0x00, 0x00, 0x2F, 0x40, 0x0F, 0x80, 0x00, 0x0F, 0xC0, 0x03,
    0xF0, 0x00, 0x0B, 0xFF, 0xFF, 0xFC, 0x00, 0x07, 0xFF, 0xFF, 0xFF, 0x00, 0x03, 0xFA, 0xAA, 0xAF,
    0xC0, 0x01, 0xFC, 0x00, 0x02, 0xF4, 0x00, 0xFC, 0x00, 0x00, 0xBD, 0x00, 0x7E, 0x00, 0x00, 0x1F,
    0x80, 0x3F, 0x00, 0x00, 0x07, 0xE0, 0x2F, 0x80, 0x00, 0x00, 0xFC, 0x0F, 0xC0, 0x00, 0x00, 0x3F,
    0x0B, 0xE0, 0x00, 0x00, 0x0F, 0xC0, 0x00, 0x02, 0x40, 0x0A, 0x00, 0x00, 0x78, 0x01, 0xF0, 0x00,
    0x03, 0xFA, 0xFD, 0x00, 0x00, 0x2F, 0xFF, 0x80, 0x00, 0x00, 0x6F, 0x80, 0x00, 0x00, 0x00, 0x00,
    0x00, 0x00, 0x00, 0x00, 0x00, 0x00, 0x00, 0xBF, 0xE0, 0x3C, 0x00, 0x3F, 0xFF, 0xC7, 0xC0, 0x0F,
    0xF5, 0x7E, 0xFC, 0x03, 0xF8, 0x00, 0xFF, 0x80, 0xBF, 0x00, 0x07, 0xF4, 0x0F, 0xC0, 0x00, 0x3F,
    0x01, 0xF8, 0x00, 0x03, 0xF0, 0x3F, 0x40, 0x00, 0x3F, 0x03, 0xF0, 0x00, 0x07, 0xE0, 0x3F, 0x00,
    0x00, 0xBD, 0x07, 0xE0, 0x00, 0x0F, 0xC0, 0x7E, 0x00, 0x01, 0xFC, 0x07, 0xE0, 0x00, 0x3F, 0x80,
    0x7E, 0x00, 0x0B, 0xF4, 0x03, 0xF0, 0x02, 0xFF, 0x40, 0x3F, 0xC1, 0xFE, 0xF0, 0x01, 0xFF, 0xFE,
    0x2F, 0x00, 0x07, 0xFF, 0x42, 0xE0, 0x00, 0x01, 0x00, 0x00, 0x00, 0x00, 0x00, 0x00, 0x3F, 0x00,
    0x00, 0x00, 0x00, 0xBF, 0x40, 0x00, 0x00, 0x00, 0xFF, 0x40, 0x00, 0x00, 0x03, 0xFF, 0x80, 0x00,
    0x00, 0x07, 0xDF, 0x80, 0x00, 0x00, 0x0F, 0xCF, 0xC0, 0x00, 0x00, 0x1F, 0x8F, 0xC0, 0x00, 0x00,
    0x3F, 0x0B, 0xC0, 0x00, 0x00, 0x7E, 0x0B, 0xC0, 0x00, 0x00, 0xFC, 0x0B, 0xD0, 0x00, 0x02, 0xF4,
    0x07, 0xD0, 0x00, 0x03, 0xF0, 0x07, 0xE0, 0x00, 0x0B, 0xD0, 0x03, 0xE0, 0x00, 0x0F, 0xC0, 0x03,
    0xF0, 0x00, 0x2F, 0xFF, 0xFF, 0xF0, 0x00, 0x7F, 0xFF, 0xFF, 0xF0, 0x00, 0xFE, 0xAA, 0xAB, 0xF0,
    0x01, 0xFC, 0x00, 0x02, 0xF4, 0x03, 0xF0, 0x00, 0x02, 0xF4, 0x07, 0xE0, 0x00, 0x01, 0xF8, 0x0F,
    0xC0, 0x00, 0x01, 0xF8, 0x2F, 0x80, 0x00, 0x00, 0xFC, 0x3F, 0x00, 0x00, 0x00, 0xFC, 0xBE, 0x00,
    0x00, 0x00, 0xFC, 0x00, 0x00, 0x00, 0x02, 0xE0, 0x00, 0x00, 0x00, 0x0F, 0x80, 0x00, 0x00, 0x00,
    0x2E, 0x00, 0x00, 0x00, 0x00, 0x3C, 0x00, 0x00, 0x00, 0x00, 0x3C, 0x00, 0x00, 0x00, 0x00, 0x3F,
    0x90, 0x00, 0x00, 0x00, 0x1F, 0xE0, 0x00, 0x00, 0x00, 0x00, 0x00, 0x00, 0x00, 0x00, 0x00, 0x00,
    0x00, 0xBF, 0xE0, 0x3C, 0x00, 0x3F, 0xFF, 0xC7, 0xC0, 0x0F, 0xF5, 0x7E, 0xFC, 0x03, 0xF8, 0x00,
    0xFF, 0x80, 0xBF, 0x00, 0x07, 0xF4, 0x0F, 0xC0, 0x00, 0x3F, 0x01, 0xF8, 0x00, 0x03, 0xF0, 0x3F,
    0x40, 0x00, 0x3F, 0x03, 0xF0, 0x00, 0x07, 0xE0, 0x3F, 0x00, 0x00, 0xBD, 0x07, 0xE0, 0x00, 0x0F,
    0xC0, 0x7E, 0x00, 0x01, 0xFC, 0x07, 0xE0, 0x00, 0x3F, 0x80, 0x7E, 0x00, 0x0B, 0xF4, 0x03, 0xF0,
    0x02, 0xFF, 0x40, 0x3F, 0xC1, 0xFE, 0xF0, 0x01, 0xFF, 0xFE, 0x2F, 0x00, 0x07, 0xFF, 0x42, 0xE0,
    0x00, 0x01, 0x00, 0xB8, 0x00, 0x00, 0x00, 0x3E, 0x00, 0x00, 0x00, 0x0B, 0x80, 0x00, 0x00, 0x00,
    0xF0, 0x00, 0x00, 0x00, 0x0F, 0x00, 0x00, 0x00, 0x00, 0xFE, 0x40, 0x00, 0x00, 0x07, 0xF8, 0x00,
    0x00, 0x00, 0x00, 0x00, 0x00, 0x00, 0x00, 0x00, 0x01, 0xA4, 0x00, 0x00, 0x00, 0x07, 0xF0, 0x00,
    0x00, 0x00, 0x0F, 0xC0, 0x00, 0x00, 0x00, 0x3F, 0x00, 0x00, 0x00, 0x00, 0xBC, 0x00, 0x00, 0x00,
    0x01, 0xE0, 0x00, 0x00, 0x00, 0x00, 0x00, 0x00, 0x00, 0x00, 0x00, 0x00, 0x00, 0x00, 0x00, 0x2F,
    0xFF, 0xD0, 0x00, 0x02, 0xFF, 0xFF, 0xFC, 0x00, 0x1F, 0xFE, 0xAB, 0xF4, 0x00, 0x7F, 0xD0, 0x00,
    0x10, 0x00, 0xFE, 0x00, 0x00, 0x00, 0x03, 0xF8, 0x00, 0x00, 0x00, 0x07, 0xF0, 0x00, 0x00, 0x00,
    0x0F, 0xD0, 0x00, 0x00, 0x00, 0x1F, 0xC0, 0x00, 0x00, 0x00, 0x2F, 0x80, 0x00, 0x00, 0x00, 0x3F,
    0x00, 0x00, 0x00, 0x00, 0x3F, 0x00, 0x00, 0x00, 0x00, 0x7F, 0x00, 0x00, 0x00, 0x00, 0xBE, 0x00,
    0x00, 0x00, 0x00, 0xBE, 0x00, 0x00, 0x00, 0x00, 0xBE, 0x00, 0x00, 0x00, 0x00, 0xBE, 0x00, 0x00,
    0x00, 0x00, 0x7F, 0x00, 0x00, 0x00, 0x00, 0x3F, 0x00, 0x00, 0x00, 0x00, 0x3F, 0xC0, 0x00, 0x00,
    0x00, 0x1F, 0xE0, 0x00, 0x00, 0x00, 0x0B, 0xFE, 0x55, 0xB8, 0x00, 0x02, 0xFF, 0xFF, 0xF8, 0x00,
    0x00, 0x7F, 0xFF, 0xE4, 0x00, 0x00, 0x00, 0x54, 0x00, 0x00, 0x00, 0x00, 0x01, 0xA8, 0x00, 0x00,
    0x0F, 0xD0, 0x00, 0x00, 0xFD, 0x00, 0x00, 0x0B, 0xD0, 0x00, 0x00, 0x7D, 0x00, 0x00, 0x03, 0xC0,
    0x00, 0x00, 0x00, 0x00, 0x00, 0x00, 0x00, 0x00, 0x00, 0x07, 0xFF, 0xE0, 0x00, 0xFF, 0xFF, 0xC0,
    0x0F, 0xF9, 0x5A, 0x00, 0xFE, 0x00, 0x00, 0x0B, 0xF0, 0x00, 0x00, 0x3F, 0x00, 0x00, 0x02, 0xF8,
    0x00, 0x00, 0x0F, 0xC0, 0x00, 0x00, 0x3F, 0x00, 0x00, 0x01, 0xFC, 0x00, 0x00, 0x07, 0xE0, 0x00,
    0x00, 0x1F, 0x80, 0x00, 0x00, 0x7E, 0x00, 0x00, 0x00, 0xFC, 0x00, 0x00, 0x03, 0xF4, 0x00, 0x00,
    0x07, 0xF8, 0x06, 0xC0, 0x0B, 0xFF, 0xFF, 0x00, 0x07, 0xFF, 0xF4, 0x00, 0x00, 0x54, 0x00, 0x00,
    0x00, 0x00, 0x00, 0x68, 0x00, 0x00, 0x00, 0x01, 0xFF, 0x00, 0x00, 0x00, 0x03, 0xFF, 0x40, 0x00,
    0x00, 0x0F, 0xCB, 0xC0, 0x00, 0x00, 0x7E, 0x03, 0xE0, 0x00, 0x00, 0xF4, 0x00, 0xF0, 0x00, 0x00,
    0x00, 0x00, 0x00, 0x00, 0x00, 0x00, 0x00, 0x00, 0x00, 0x00, 0x2F, 0xFF, 0xD0, 0x00, 0x02, 0xFF,
    0xFF, 0xFC, 0x00, 0x1F, 0xFE, 0xAB, 0xF4, 0x00, 0x7F, 0xD0, 0x00, 0x10, 0x00, 0xFE, 0x00, 0x00,
    0x00, 0x03, 0xF8, 0x00, 0x00, 0x00, 0x07, 0xF0, 0x00, 0x00, 0x00, 0x0F, 0xD0, 0x00, 0x00, 0x00,
    0x1F, 0xC0, 0x00, 0x00, 0x00, 0x2F, 0x80, 0x00, 0x00, 0x00, 0x3F, 0x00, 0x00, 0x00, 0x00, 0x3F,
    0x00, 0x00, 0x00, 0x00, 0x7F, 0x00, 0x00, 0x00, 0x00, 0xBE, 0x00, 0x00, 0x00, 0x00, 0xBE, 0x00,
    0x00, 0x00, 0x00, 0xBE, 0x00, 0x00, 0x00, 0x00, 0xBE, 0x00, 0x00, 0x00, 0x00, 0x7F, 0x00, 0x00,
    0x00, 0x00, 0x3F, 0x00, 0x00, 0x00, 0x00, 0x3F, 0xC0, 0x00, 0x00, 0x00, 0x1F, 0xE0, 0x00, 0x00,
    0x00, 0x0B, 0xFE, 0x55, 0xB8, 0x00, 0x02, 0xFF, 0xFF, 0xF8, 0x00, 0x00, 0x7F, 0xFF, 0xE4, 0x00,
    0x00, 0x00, 0x54, 0x00, 0x00, 0x00, 0x00, 0x29, 0x00, 0x00, 0x03, 0xFC, 0x00, 0x00, 0x2F, 0xF8,
    0x00, 0x02, 0xF5, 0xF4, 0x00, 0x3F, 0x02, 0xF0, 0x02, 0xE0, 0x02, 0xD0, 0x00, 0x00, 0x00, 0x00,
    0x00, 0x00, 0x00, 0x00, 0x07, 0xFF, 0xE0, 0x00, 0xFF, 0xFF, 0xC0, 0x0F, 0xF9, 0x5A, 0x00, 0xFE,
    0x00, 0x00, 0x0B, 0xF0, 0x00, 0x00, 0x3F, 0x00, 0x00, 0x02, 0xF8, 0x00, 0x00, 0x0F, 0xC0, 0x00,
    0x00, 0x3F, 0x00, 0x00, 0x01, 0xFC, 0x00, 0x00, 0x07, 0xE0, 0x00, 0x00, 0x1F, 0x80, 0x00, 0x00,
    0x7E, 0x00, 0x00, 0x00, 0xFC, 0x00, 0x00, 0x03, 0xF4, 0x00, 0x00, 0x07, 0xF8, 0x06, 0xC0, 0x0B,
    0xFF, 0xFF, 0x00, 0x07, 0xFF, 0xF4, 0x00, 0x00, 0x54, 0x00, 0x00, 0x00, 0x00, 0x00, 0x14, 0x00,
    0x00, 0x00, 0x00, 0xFD, 0x00, 0x00, 0x00, 0x00, 0xFD, 0x00, 0x00, 0x00, 0x00, 0xFC, 0x00, 0x00,
    0x00, 0x00, 0x00, 0x00, 0x00, 0x00, 0x00, 0x00, 0x00, 0x00, 0x00, 0x00, 0x00, 0x00, 0x00, 0x00,
    0x2F, 0xFF, 0xD0, 0x00, 0x02, 0xFF, 0xFF, 0xFC, 0x00, 0x1F, 0xFE, 0xAB, 0xF4, 0x00, 0x7F, 0xD0,
    0x00, 0x10, 0x00, 0xFE, 0x00, 0x00, 0x00, 0x03, 0xF8, 0x00, 0x00, 0x00, 0x07, 0xF0, 0x00, 0x00,
    0x00, 0x0F, 0xD0, 0x00, 0x00, 0x00, 0x1F, 0xC0, 0x00, 0x00, 0x00, 0x2F, 0x80, 0x00, 0x00, 0x00,
    0x3F, 0x00, 0x00, 0x00, 0x00, 0x3F, 0x00, 0x00, 0x00, 0x00, 0x7F, 0x00, 0x00, 0x00, 0x00, 0xBE,
    0x00, 0x00, 0x00, 0x00, 0xBE, 0x00, 0x00, 0x00, 0x00, 0xBE, 0x00, 0x00, 0x00, 0x00, 0xBE, 0x00,
    0x00, 0x00, 0x00, 0x7F, 0x00, 0x00, 0x00, 0x00, 0x3F, 0x00, 0x00, 0x00, 0x00, 0x3F, 0xC0, 0x00,
    0x00, 0x00, 0x1F, 0xE0, 0x00, 0x00, 0x00, 0x0B, 0xFE, 0x55, 0xB8, 0x00, 0x02, 0xFF, 0xFF, 0xF8,
    0x00, 0x00, 0x7F, 0xFF, 0xE4, 0x00, 0x00, 0x00, 0x54, 0x00, 0x00, 0x00, 0x00, 0x14, 0x00, 0x00,
    0x01, 0xF8, 0x00, 0x00, 0x0B, 0xF0, 0x00, 0x00, 0x1F, 0x40, 0x00, 0x00, 0x00, 0x00, 0x00, 0x00,
    0x00, 0x00, 0x00, 0x00, 0x00, 0x00, 0x01, 0xFF, 0xF8, 0x00, 0x3F, 0xFF, 0xF0, 0x03, 0xFE, 0x56,
    0x80, 0x3F, 0x80, 0x00, 0x02, 0xFC, 0x00, 0x00, 0x0F, 0xC0, 0x00, 0x00, 0xBE, 0x00, 0x00, 0x03,
    0xF0, 0x00, 0x00, 0x0F, 0xC0, 0x00, 0x00, 0x7F, 0x00, 0x00, 0x01, 0xF8, 0x00, 0x00, 0x07, 0xE0,
    0x00, 0x00, 0x1F, 0x80, 0x00, 0x00, 0x3F, 0x00, 0x00, 0x00, 0xFD, 0x00, 0x00, 0x01, 0xFE, 0x01,
    0xB0, 0x02, 0xFF, 0xFF, 0xC0, 0x01, 0xFF, 0xFD, 0x00, 0x00, 0x15, 0x00, 0x00, 0x00, 0x00, 0x28,
    0x00, 0x18, 0x00, 0x00, 0x2F, 0x00, 0xF8, 0x00, 0x00, 0x0F, 0x87, 0xE0, 0x00, 0x00, 0x07, 0xFF,
    0x80, 0x00, 0x00, 0x03, 0xFE, 0x00, 0x00, 0x00, 0x01, 0xF8, 0x00, 0x00, 0x00, 0x00, 0x00, 0x00,
    0x00, 0x00, 0x00, 0x00, 0x00, 0x00, 0x00, 0x2F, 0xFF, 0xD0, 0x00, 0x02, 0xFF, 0xFF, 0xFC, 0x00,
    0x1F, 0xFE, 0xAB, 0xF4, 0x00, 0x7F, 0xD0, 0x00, 0x10, 0x00, 0xFE, 0x00, 0x00, 0x00, 0x03, 0xF8,
    0x00, 0x00, 0x00, 0x07, 0xF0, 0x00, 0x00, 0x00, 0x0F, 0xD0, 0x00, 0x00, 0x00, 0x1F, 0xC0, 0x00,
    0x00, 0x00, 0x2F, 0x80, 0x00, 0x00, 0x00, 0x3F, 0x00, 0x00, 0x00, 0x00, 0x3F, 0x00, 0x00, 0x00,
    0x00, 0x7F, 0x00, 0x00, 0x00, 0x00, 0xBE, 0x00, 0x00, 0x00, 0x00, 0xBE, 0x00, 0x00, 0x00, 0x00,
    0xBE, 0x00, 0x00, 0x00, 0x00, 0xBE, 0x00, 0x00, 0x00, 0x00, 0x7F, 0x00, 0x00, 0x00, 0x00, 0x3F,
    0x00, 0x00, 0x00, 0x00, 0x3F, 0xC0, 0x00, 0x00, 0x00, 0x1F, 0xE0, 0x00, 0x00, 0x00, 0x0B, 0xFE,
    0x55, 0xB8, 0x00, 0x02, 0xFF, 0xFF, 0xF8, 0x00, 0x00, 0x7F, 0xFF, 0xE4, 0x00, 0x00, 0x00, 0x54,
    0x00, 0x00, 0x00, 0x19, 0x00, 0x19, 0x00, 0x0F, 0x40, 0xBC, 0x00, 0x0B, 0xC3, 0xF0, 0x00, 0x03,
    0xFF, 0xC0, 0x00, 0x01, 0xFF, 0x00, 0x00, 0x00, 0xFC, 0x00, 0x00, 0x00, 0x00, 0x00, 0x00, 0x00,
    0x00, 0x00, 0x00, 0x07, 0xFF, 0xE0, 0x00, 0x3F, 0xFF, 0xF0, 0x00, 0xFF, 0x95, 0xA0, 0x03, 0xF8,
    0x00, 0x00, 0x0B, 0xF0, 0x00, 0x00, 0x0F, 0xC0, 0x00, 0x00, 0x2F, 0x80, 0x00, 0x00, 0x3F, 0x00,
    0x00, 0x00, 0x3F, 0x00, 0x00, 0x00, 0x7F, 0x00, 0x00, 0x00, 0x7E, 0x00, 0x00, 0x00, 0x7E, 0x00,
    0x00, 0x00, 0x7E, 0x00, 0x00, 0x00, 0x3F, 0x00, 0x00, 0x00, 0x3F, 0x40, 0x00, 0x00, 0x1F, 0xE0,
    0x1B, 0x00, 0x0B, 0xFF, 0xFF, 0x00, 0x01, 0xFF, 0xFD, 0x00, 0x00, 0x05, 0x40, 0x00, 0x00, 0x00,
    0x19, 0x00, 0x19, 0x00, 0x00, 0x03, 0xD0, 0x2F, 0x00, 0x00, 0x00, 0x7C, 0x3F, 0x00, 0x00, 0x00,
    0x0F, 0xFF, 0x00, 0x00, 0x00, 0x01, 0xFF, 0x00, 0x00, 0x00, 0x00, 0x2F, 0x40, 0x00, 0x00, 0x00,
    0x00, 0x00, 0x00, 0x00, 0x00, 0x00, 0x00, 0x00, 0x00, 0x2F, 0xFF, 0xA4, 0x00, 0x00, 0x0F, 0xFF,
    0xFF, 0xD0, 0x00, 0x03, 0xFF, 0xFF, 0xFE, 0x00, 0x01, 0xF8, 0x00, 0x7F, 0xE0, 0x00, 0xBD, 0x00,
    0x02, 0xFC, 0x00, 0x2F, 0x40, 0x00, 0x3F, 0x80, 0x0F, 0xC0, 0x00, 0x07, 0xF0, 0x03, 0xF0, 0x00,
    0x00, 0xFC, 0x01, 0xF8, 0x00, 0x00, 0x3F, 0x00, 0xBD, 0x00, 0x00, 0x0F, 0xC0, 0x3F, 0x00, 0x00,
    0x03, 0xF0, 0x0F, 0xC0, 0x00, 0x00, 0xFC, 0x03, 0xF0, 0x00, 0x00, 0x3F, 0x01, 0xF8, 0x00, 0x00,
    0x1F, 0xC0, 0xBD, 0x00, 0x00, 0x0B, 0xE0, 0x3F, 0x00, 0x00, 0x03, 0xF0, 0x0F, 0xC0, 0x00, 0x02,
    0xFC, 0x07, 0xE0, 0x00, 0x01, 0xFD, 0x01, 0xF4, 0x00, 0x00, 0xFE, 0x00, 0xBD, 0x00, 0x01, 0xFF,
    0x00, 0x3F, 0x00, 0x06, 0xFF, 0x00, 0x0F, 0xEA, 0xAF, 0xFE, 0x00, 0x07, 0xFF, 0xFF, 0xFD, 0x00,
    0x02, 0xFF, 0xFF, 0x90, 0x00, 0x00, 0x00, 0x00, 0x00, 0x00, 0x54, 0x05, 0x00, 0x00, 0x00, 0x00,
    0x3E, 0x0B, 0xC0, 0x00, 0x00, 0x00, 0x1F, 0x83, 0xE0, 0x00, 0x00, 0x00, 0x0B, 0xD2, 0xF0, 0x00,
    0x00, 0x00, 0x03, 0xF0, 0xF0, 0x00, 0x00, 0x00, 0x00, 0xFC, 0xB4, 0x00, 0x00, 0x00, 0x00, 0x3E,
    0x00, 0x00, 0x00, 0x00, 0x00, 0x1F, 0x40, 0x00, 0x00, 0x0B, 0xFE, 0x0B, 0xC0, 0x00, 0x00, 0x0F,
    0xFF, 0xF3, 0xF0, 0x00, 0x00, 0x0F, 0xF5, 0x7E, 0xFC, 0x00, 0x00, 0x0F, 0xE0, 0x03, 0xFE, 0x00,
    0x00, 0x0B, 0xF0, 0x00, 0x7F, 0x40, 0x00, 0x03, 0xF0, 0x00, 0x0F, 0xC0, 0x00, 0x01, 0xF8, 0x00,
    0x03, 0xF0, 0x00, 0x00, 0xFD, 0x00, 0x00, 0xFC, 0x00, 0x00, 0x3F, 0x00, 0x00, 0x7E, 0x00, 0x00,
    0x0F, 0xC0, 0x00, 0x2F, 0x40, 0x00, 0x07, 0xE0, 0x00, 0x0F, 0xC0, 0x00, 0x01, 0xF8, 0x00, 0x07,
    0xF0, 0x00, 0x00, 0x7E, 0x00, 0x03, 0xF8, 0x00, 0x00, 0x1F, 0x80, 0x02, 0xFD, 0x00, 0x00, 0x03,
    0xF0, 0x02, 0xFF, 0x40, 0x00, 0x00, 0xFF, 0x07, 0xEB, 0xC0, 0x00, 0x00, 0x1F, 0xFF, 0xE2, 0xF0,
    0x00, 0x00, 0x01, 0xFF, 0xD0, 0xF8, 0x00, 0x00, 0x00, 0x01, 0x00, 0x00, 0x00, 0x00, 0x00, 0x00,
    0x2F, 0xFF, 0xA4, 0x00, 0x00, 0x0F, 0xFF, 0xFF, 0xD0, 0x00, 0x03, 0xFF, 0xFF, 0xFE, 0x00, 0x01,
    0xF8, 0x00, 0x7F, 0xE0, 0x00, 0xBD, 0x00, 0x02, 0xFC, 0x00, 0x2F, 0x40, 0x00, 0x3F, 0x80, 0x0F,
    0xC0, 0x00, 0x07, 0xF0, 0x03, 0xF0, 0x00, 0x00, 0xFC, 0x01, 0xF8, 0x00, 0x00, 0x3F, 0x00, 0xBD,
    0x00, 0x00, 0x0F, 0xC0, 0x3F, 0x00, 0x00, 0x03, 0xF1, 0xFF, 0xFF, 0xF0, 0x00, 0xFC, 0xBF, 0xFF,
    0xFC, 0x00, 0x3F, 0x1A, 0xFA, 0xA9, 0x00, 0x1F, 0xC0, 0xBD, 0x00, 0x00, 0x0B, 0xE0, 0x3F, 0x00,
    0x00, 0x03, 0xF0, 0x0F, 0xC0, 0x00, 0x02, 0xFC, 0x07, 0xE0, 0x00, 0x01, 0xFD, 0x01, 0xF4, 0x00,
    0x00, 0xFE, 0x00, 0xBD, 0x00, 0x01, 0xFF, 0x00, 0x3F, 0x00, 0x06, 0xFF, 0x00, 0x0F, 0xEA, 0xAF,
    0xFE, 0x00, 0x07, 0xFF, 0xFF, 0xFD, 0x00, 0x02, 0xFF, 0xFF, 0x90, 0x00, 0x00, 0x00, 0x00, 0x00,
    0x00, 0x54, 0x00, 0x00, 0x00, 0x00, 0x3E, 0x00, 0x00, 0x00, 0x00, 0x1F, 0x80, 0x00, 0x00, 0x15,
    0x5B, 0xE4, 0x00, 0x00, 0x3F, 0xFF, 0xFF, 0x80, 0x00, 0x0F, 0xFF, 0xFF, 0xD0, 0x00, 0x00, 0x00,
    0x7E, 0x00, 0x00, 0x00, 0x00, 0x1F, 0x40, 0x00, 0x0B, 0xFE, 0x0B, 0xC0, 0x00, 0x1F, 0xFF, 0xF3,
    0xF0, 0x00, 0x1F, 0xF5, 0x6E, 0xFC, 0x00, 0x0F, 0xE0, 0x02, 0xFE, 0x00, 0x0B, 0xF0, 0x00, 0x7F,
    0x40, 0x03, 0xF0, 0x00, 0x0F, 0xC0, 0x01, 0xF8, 0x00, 0x03, 0xF0, 0x00, 0xFD, 0x00, 0x00, 0xFC,
    0x00, 0x3F, 0x00, 0x00, 0x7E, 0x00, 0x0F, 0xC0, 0x00, 0x2F, 0x40, 0x07, 0xE0, 0x00, 0x0F, 0xC0,
    0x01, 0xF8, 0x00, 0x07, 0xF0, 0x00, 0x7E, 0x00, 0x03, 0xF8, 0x00, 0x1F, 0x80, 0x02, 0xFD, 0x00,
    0x03, 0xF0, 0x02, 0xFF, 0x40, 0x00, 0xFF, 0x07, 0xEB, 0xC0, 0x00, 0x1F, 0xFF, 0xE2, 0xF0, 0x00,
    0x01, 0xFF, 0xD0, 0xF8, 0x00, 0x00, 0x01, 0x00, 0x00, 0x00, 0x00, 0x00, 0x00, 0xAA, 0xAA, 0x40,
    0x00, 0x2F, 0xFF, 0xF4, 0x00, 0x02, 0xFF, 0xFF, 0x00, 0x00, 0x00, 0x00, 0x00, 0x00, 0x00, 0x00,
    0x00, 0x00, 0x02, 0xFF, 0xFF, 0xFD, 0x00, 0x3F, 0xFF, 0xFF, 0xC0, 0x03, 0xFF, 0xFF, 0xFC, 0x00,
    0x7E, 0x00, 0x00, 0x00, 0x0B, 0xD0, 0x00, 0x00, 0x00, 0xBC, 0x00, 0x00, 0x00, 0x0F, 0xC0, 0x00,
    0x00, 0x00, 0xFC, 0x00, 0x00, 0x00, 0x1F, 0x80, 0x00, 0x00, 0x02, 0xF4, 0x00, 0x00, 0x00, 0x3F,
    0xEA, 0xAA, 0x40, 0x03, 0xFF, 0xFF, 0xF4, 0x00, 0x3F, 0xFF, 0xFF, 0x40, 0x07, 0xE0, 0x00, 0x00,
    0x00, 0xBD, 0x00, 0x00, 0x00, 0x0F, 0xC0, 0x00, 0x00, 0x00, 0xFC, 0x00, 0x00, 0x00, 0x1F, 0x80,
    0x00, 0x00, 0x01, 0xF4, 0x00, 0x00, 0x00, 0x2F, 0x40, 0x00, 0x00, 0x03, 0xF0, 0x00, 0x00, 0x00,
    0x3F, 0xAA, 0xAA, 0x80, 0x07, 0xFF, 0xFF, 0xFC, 0x00, 0xBF, 0xFF, 0xFF, 0x80, 0x00, 0x00, 0x0A,
    0xAA, 0xA4, 0x00, 0x7F, 0xFF, 0xE0, 0x01, 0xFF, 0xFF, 0x40, 0x00, 0x00, 0x00, 0x00, 0x00, 0x00,
    0x00, 0x00, 0x2F, 0xFE, 0x00, 0x03, 0xFF, 0xFF, 0x00, 0x3F, 0xD5, 0xFD, 0x03, 0xF8, 0x01, 0xF8,
    0x2F, 0x80, 0x07, 0xE0, 0xFC, 0x00, 0x2F, 0x47, 0xE0, 0x01, 0xFC, 0x3F, 0x41, 0xBF, 0xD0, 0xFF,
    0xFF, 0xFC, 0x03, 0xFF, 0xFE, 0x40, 0x1F, 0x90, 0x00, 0x00, 0x7E, 0x00, 0x00, 0x01, 0xF8, 0x00,
    0x00, 0x03, 0xF0, 0x00, 0x00, 0x0F, 0xD0, 0x00, 0x00, 0x1F, 0xE0, 0x1B, 0x40, 0x2F, 0xFF, 0xFD,
    0x00, 0x1F, 0xFF, 0xD0, 0x00, 0x01, 0x40, 0x00, 0x00, 0x01, 0x90, 0x02, 0x80, 0x00, 0x1E, 0x00,
    0x7C, 0x00, 0x00, 0xFE, 0xBF, 0x40, 0x00, 0x0B, 0xFF, 0xE0, 0x00, 0x00, 0x1B, 0xE0, 0x00, 0x00,
    0x00, 0x00, 0x00, 0x00, 0x00, 0x00, 0x00, 0x00, 0x02, 0xFF, 0xFF, 0xFD, 0x00, 0x3F, 0xFF, 0xFF,
    0xC0, 0x03, 0xFF, 0xFF, 0xFC, 0x00, 0x7E, 0x00, 0x00, 0x00, 0x0B, 0xD0, 0x00, 0x00, 0x00, 0xBC,
    0x00, 0x00, 0x00, 0x0F, 0xC0, 0x00, 0x00, 0x00, 0xFC, 0x00, 0x00, 0x00, 0x1F, 0x80, 0x00, 0x00,
    0x02, 0xF4, 0x00, 0x00, 0x00, 0x3F, 0xEA, 0xAA, 0x40, 0x03, 0xFF, 0xFF, 0xF4, 0x00, 0x3F, 0xFF,
    0xFF, 0x40, 0x07, 0xE0, 0x00, 0x00, 0x00, 0xBD, 0x00, 0x00, 0x00, 0x0F, 0xC0, 0x00, 0x00, 0x00,
    0xFC, 0x00, 0x00, 0x00, 0x1F, 0x80, 0x00, 0x00, 0x01, 0xF4, 0x00, 0x00, 0x00, 0x2F, 0x40, 0x00,
    0x00, 0x03, 0xF0, 0x00, 0x00, 0x00, 0x3F, 0xAA, 0xAA, 0x80, 0x07, 0xFF, 0xFF, 0xFC, 0x00, 0xBF,
    0xFF, 0xFF, 0x80, 0x00, 0x00, 0x09, 0x00, 0x18, 0x00, 0x1F, 0x00, 0x7C, 0x00, 0x0F, 0xEB, 0xF4,
    0x00, 0x07, 0xFF, 0xE0, 0x00, 0x00, 0xBE, 0x40, 0x00, 0x00, 0x00, 0x00, 0x00, 0x00, 0x00, 0x00,
    0x00, 0x0B, 0xFF, 0x80, 0x00, 0x3F, 0xFF, 0xF0, 0x00, 0xFF, 0x57, 0xF4, 0x03, 0xF8, 0x01, 0xF8,
    0x0B, 0xE0, 0x01, 0xF8, 0x0F, 0xC0, 0x02, 0xF4, 0x1F, 0x80, 0x07, 0xF0, 0x3F, 0x41, 0xBF, 0xD0,
    0x3F, 0xFF, 0xFF, 0x00, 0x3F, 0xFF, 0xE4, 0x00, 0x7E, 0x40, 0x00, 0x00, 0x7E, 0x00, 0x00, 0x00,
    0x7E, 0x00, 0x00, 0x00, 0x3F, 0x00, 0x00, 0x00, 0x3F, 0x40, 0x00, 0x00, 0x1F, 0xE0, 0x1B, 0x40,
    0x0B, 0xFF, 0xFF, 0x40, 0x01, 0xFF, 0xFD, 0x00, 0x00, 0x05, 0x00, 0x00, 0x00, 0x00, 0x01, 0x80,
    0x00, 0x00, 0x00, 0x7F, 0x00, 0x00, 0x00, 0x0B, 0xF0, 0x00, 0x00, 0x00, 0x7D, 0x00, 0x00, 0x00,
    0x00, 0x00, 0x00, 0x00, 0x00, 0x00, 0x00, 0x00, 0x00, 0x00, 0x00, 0x00, 0x02, 0xFF, 0xFF, 0xFD,
    0x00, 0x3F, 0xFF, 0xFF, 0xC0, 0x03, 0xFF, 0xFF, 0xFC, 0x00, 0x7E, 0x00, 0x00, 0x00, 0x0B, 0xD0,
    0x00, 0x00, 0x00, 0xBC, 0x00, 0x00, 0x00, 0x0F, 0xC0, 0x00, 0x00, 0x00, 0xFC, 0x00, 0x00, 0x00,
    0x1F, 0x80, 0x00, 0x00, 0x02, 0xF4, 0x00, 0x00, 0x00, 0x3F, 0xEA, 0xAA, 0x40, 0x03, 0xFF, 0xFF,
    0xF4, 0x00, 0x3F, 0xFF, 0xFF, 0x40, 0x07, 0xE0, 0x00, 0x00, 0x00, 0xBD, 0x00, 0x00, 0x00, 0x0F,
    0xC0, 0x00, 0x00, 0x00, 0xFC, 0x00, 0x00, 0x00, 0x1F, 0x80, 0x00, 0x00, 0x01, 0xF4, 0x00, 0x00,
    0x00, 0x2F, 0x40, 0x00, 0x00, 0x03, 0xF0, 0x00, 0x00, 0x00, 0x3F, 0xAA, 0xAA, 0x80, 0x07, 0xFF,
    0xFF, 0xFC, 0x00, 0xBF, 0xFF, 0xFF, 0x80, 0x00, 0x00, 0x00, 0x09, 0x00, 0x00, 0x00, 0xFC, 0x00,
    0x00, 0x07, 0xF0, 0x00, 0x00, 0x0F, 0x80, 0x00, 0x00, 0x00, 0x00, 0x00, 0x00, 0x00, 0x00, 0x00,
    0x00, 0x00, 0x00, 0x02, 0xFF, 0xE0, 0x00, 0x3F, 0xFF, 0xF0, 0x03, 0xFD, 0x5F, 0xD0, 0x3F, 0x80,
    0x1F, 0x82, 0xF8, 0x00, 0x7E, 0x0F, 0xC0, 0x02, 0xF4, 0x7E, 0x00, 0x1F, 0xC3, 0xF4, 0x1B, 0xFD,
    0x0F, 0xFF, 0xFF, 0xC0, 0x3F, 0xFF, 0xE4, 0x01, 0xF9, 0x00, 0x00, 0x07, 0xE0, 0x00, 0x00, 0x1F,
    0x80, 0x00, 0x00, 0x3F, 0x00, 0x00, 0x00, 0xFD, 0x00, 0x00, 0x01, 0xFE, 0x01, 0xB4, 0x02, 0xFF,
    0xFF, 0xD0, 0x01, 0xFF, 0xFD, 0x00, 0x00, 0x14, 0x00, 0x00, 0x00, 0x2F, 0xFF, 0xFF, 0xD0, 0x03,
    0xFF, 0xFF, 0xFC, 0x00, 0x3F, 0xFF, 0xFF, 0xC0, 0x07, 0xE0, 0x00, 0x00, 0x00, 0xBD, 0x00, 0x00,
    0x00, 0x0B, 0xC0, 0x00, 0x00, 0x00, 0xFC, 0x00, 0x00, 0x00, 0x0F, 0xC0, 0x00, 0x00, 0x01, 0xF8,
    0x00, 0x00, 0x00, 0x2F, 0x40, 0x00, 0x00, 0x03, 0xFE, 0xAA, 0xA4, 0x00, 0x3F, 0xFF, 0xFF, 0x40,
    0x03, 0xFF, 0xFF, 0xF4, 0x00, 0x7E, 0x00, 0x00, 0x00, 0x0B, 0xD0, 0x00, 0x00, 0x00, 0xFC, 0x00,
    0x00, 0x00, 0x0F, 0xC0, 0x00, 0x00, 0x01, 0xF8, 0x00, 0x00, 0x00, 0x1F, 0x40, 0x00, 0x00, 0x02,
    0xF4, 0x00, 0x00, 0x00, 0x3F, 0x00, 0x00, 0x00, 0x03, 0xFA, 0xAA, 0xA8, 0x00, 0x7F, 0xFF, 0xFF,
    0xC0, 0x0B, 0xFF, 0xFF, 0xF8, 0x00, 0x00, 0x00, 0x7C, 0x00, 0x00, 0x00, 0x2E, 0x00, 0x00, 0x00,
    0x07, 0xC0, 0x00, 0x00, 0x00, 0xF8, 0x00, 0x00, 0x00, 0x0F, 0x40, 0x00, 0x00, 0x00, 0xFE, 0x80,
    0x00, 0x00, 0x07, 0xFC, 0x00, 0x00, 0x00, 0x00, 0x00, 0x00, 0x00, 0x00, 0x00, 0x00, 0x00, 0x2F,
    0xFE, 0x00, 0x03, 0xFF, 0xFF, 0x00, 0x3F, 0xD5, 0xFD, 0x03, 0xF8, 0x01, 0xF8, 0x2F, 0x80, 0x07,
    0xE0, 0xFC, 0x00, 0x2F, 0x47, 0xE0, 0x01, 0xFC, 0x3F, 0x41, 0xBF, 0xD0, 0xFF, 0xFF, 0xFC, 0x03,
    0xFF, 0xFE, 0x40, 0x1F, 0x90, 0x00, 0x00, 0x7E, 0x00, 0x00, 0x01, 0xF8, 0x00, 0x00, 0x03, 0xF0,
    0x00, 0x00, 0x0F, 0xD0, 0x00, 0x00, 0x1F, 0xE0, 0x1B, 0x40, 0x2F, 0xFF, 0xFD, 0x00, 0x1F, 0xFF,
    0xE0, 0x00, 0x01, 0x7D, 0x00, 0x00, 0x03, 0xD0, 0x00, 0x00, 0x3D, 0x00, 0x00, 0x01, 0xF0, 0x00,
    0x00, 0x07, 0xC0, 0x00, 0x00, 0x1F, 0xE4, 0x00, 0x00, 0x2F, 0xD0, 0x00, 0x00, 0x00, 0x00, 0x00,
    0x00, 0x00, 0x90, 0x00, 0x90, 0x00, 0x0F, 0x40, 0xBC, 0x00, 0x00, 0x7C, 0x3F, 0x00, 0x00, 0x03,
    0xFF, 0xC0, 0x00, 0x00, 0x1F, 0xF0, 0x00, 0x00, 0x00, 0xBD, 0x00, 0x00, 0x00, 0x00, 0x00, 0x00,
    0x00, 0x00, 0x00, 0x00, 0x00, 0x2F, 0xFF, 0xFF, 0xD0, 0x03, 0xFF, 0xFF, 0xFC, 0x00, 0x3F, 0xFF,
    0xFF, 0xC0, 0x07, 0xE0, 0x00, 0x00, 0x00, 0xBD, 0x00, 0x00, 0x00, 0x0B, 0xC0, 0x00, 0x00, 0x00,
    0xFC, 0x00, 0x00, 0x00, 0x0F, 0xC0, 0x00, 0x00, 0x01, 0xF8, 0x00, 0x00, 0x00, 0x2F, 0x40, 0x00,
    0x00, 0x03, 0xFE, 0xAA, 0xA4, 0x00, 0x3F, 0xFF, 0xFF, 0x40, 0x03, 0xFF, 0xFF, 0xF4, 0x00, 0x7E,
    0x00, 0x00, 0x00, 0x0B, 0xD0, 0x00, 0x00, 0x00, 0xFC, 0x00, 0x00, 0x00, 0x0F, 0xC0, 0x00, 0x00,
    0x01, 0xF8, 0x00, 0x00, 0x00, 0x1F, 0x40, 0x00, 0x00, 0x02, 0xF4, 0x00, 0x00, 0x00, 0x3F, 0x00,
    0x00, 0x00, 0x03, 0xFA, 0xAA, 0xA8, 0x00, 0x7F, 0xFF, 0xFF, 0xC0, 0x0B, 0xFF, 0xFF, 0xF8, 0x00,
    0x00, 0x09, 0x00, 0x0A, 0x00, 0x0F, 0x40, 0x7D, 0x00, 0x07, 0xD2, 0xF4, 0x00, 0x02, 0xFF, 0xD0,
    0x00, 0x00, 0xFF, 0x40, 0x00, 0x00, 0xBD, 0x00, 0x00, 0x00, 0x00, 0x00, 0x00, 0x00, 0x00, 0x00,
    0x00, 0x0B, 0xFF, 0x80, 0x00, 0x3F, 0xFF, 0xF0, 0x00, 0xFF, 0x57, 0xF4, 0x03, 0xF8, 0x01, 0xF8,
    0x0B, 0xE0, 0x01, 0xF8, 0x0F, 0xC0, 0x02, 0xF4, 0x1F, 0x80, 0x07, 0xF0, 0x3F, 0x41, 0xBF, 0xD0,
    0x3F, 0xFF, 0xFF, 0x00, 0x3F, 0xFF, 0xE4, 0x00, 0x7E, 0x40, 0x00, 0x00, 0x7E, 0x00, 0x00, 0x00,
    0x7E, 0x00, 0x00, 0x00, 0x3F, 0x00, 0x00, 0x00, 0x3F, 0x40, 0x00, 0x00, 0x1F, 0xE0, 0x1B, 0x40,
    0x0B, 0xFF, 0xFF, 0x40, 0x01, 0xFF, 0xFD, 0x00, 0x00, 0x05, 0x00, 0x00, 0x00, 0x00, 0x00, 0x2A,
    0x00, 0x00, 0x00, 0x00, 0x2F, 0xD0, 0x00, 0x00, 0x00, 0x2F, 0xFC, 0x00, 0x00, 0x00, 0x2F, 0x4F,
    0x80, 0x00, 0x00, 0x2F, 0x41, 0xF4, 0x00, 0x00, 0x1E, 0x00, 0x1E, 0x00, 0x00, 0x00, 0x00, 0x00,
    0x00, 0x00, 0x00, 0x00, 0x00, 0x00, 0x00, 0x00, 0x2F, 0xFF, 0xE4, 0x00, 0x00, 0xBF, 0xFF, 0xFF,
    0xC0, 0x01, 0xFF, 0xEA, 0xAF, 0xE0, 0x01, 0xFF, 0x40, 0x00, 0x60, 0x00, 0xFF, 0x00, 0x00, 0x00,
    0x00, 0xFF, 0x00, 0x00, 0x00, 0x00, 0x7F, 0x00, 0x00, 0x00, 0x00, 0x3F, 0x40, 0x00, 0x00, 0x00,
    0x1F, 0xC0, 0x00, 0x00, 0x00, 0x0B, 0xD0, 0x00, 0x00, 0x00, 0x03, 0xF0, 0x00, 0x00, 0x00, 0x00,
    0xFC, 0x00, 0x06, 0xAA, 0x90, 0x7F, 0x00, 0x03, 0xFF, 0xF8, 0x2F, 0x80, 0x00, 0xFF, 0xFD, 0x0B,
    0xE0, 0x00, 0x00, 0x3F, 0x02, 0xF8, 0x00, 0x00, 0x0F, 0xC0, 0xBE, 0x00, 0x00, 0x03, 0xF0, 0x1F,
    0xC0, 0x00, 0x01, 0xF8, 0x03, 0xF0, 0x00, 0x00, 0xBD, 0x00, 0xFF, 0x00, 0x00, 0x3F, 0x00, 0x1F,
    0xE0, 0x00, 0x0F, 0xC0, 0x02, 0xFF, 0x95, 0x6F, 0xE0, 0x00, 0x2F, 0xFF, 0xFF, 0xF4, 0x00, 0x00,
    0xBF, 0xFF, 0xE4, 0x00, 0x00, 0x00, 0x54, 0x00, 0x00, 0x00, 0x00, 0x00, 0x02, 0x90, 0x00, 0x00,
    0x00, 0x3F, 0xC0, 0x00, 0x00, 0x02, 0xFF, 0xC0, 0x00, 0x00, 0x2F, 0x5F, 0x40, 0x00, 0x02, 0xF0,
    0x2F, 0x00, 0x00, 0x2E, 0x00, 0x2D, 0x00, 0x00, 0x00, 0x00, 0x00, 0x00, 0x00, 0x00, 0x00, 0x00,
    0x00, 0x02, 0xFF, 0x80, 0xF0, 0x00, 0x7F, 0xFF, 0xC7, 0xC0, 0x03, 0xFD, 0x5B, 0xBF, 0x00, 0x3F,
    0x80, 0x0F, 0xF8, 0x02, 0xFC, 0x00, 0x1F, 0xD0, 0x0F, 0xC0, 0x00, 0x3F, 0x00, 0x7E, 0x00, 0x00,
    0xFC, 0x03, 0xF4, 0x00, 0x07, 0xF0, 0x0F, 0xC0, 0x00, 0x1F, 0x80, 0x3F, 0x00, 0x00, 0xBD, 0x01,
    0xF8, 0x00, 0x03, 0xF0, 0x07, 0xE0, 0x00, 0x1F, 0xC0, 0x1F, 0x80, 0x00, 0xFE, 0x00, 0x7E, 0x00,
    0x0B, 0xF4, 0x00, 0xFC, 0x00, 0xBF, 0xD0, 0x03, 0xFD, 0x1F, 0xAF, 0x00, 0x07, 0xFF, 0xF8, 0xFC,
    0x00, 0x07, 0xFF, 0x43, 0xE0, 0x00, 0x00, 0x40, 0x1F, 0x40, 0x00, 0x00, 0x00, 0xBC, 0x00, 0x00,
    0x00, 0x03, 0xF0, 0x00, 0x00, 0x00, 0x2F, 0x80, 0x02, 0x00, 0x01, 0xFC, 0x00, 0x0F, 0xE5, 0xBF,
    0xD0, 0x00, 0x3F, 0xFF, 0xFD, 0x00, 0x00, 0x2B, 0xFE, 0x40, 0x00, 0x00, 0x00, 0x00, 0x09, 0x00,
    0x18, 0x00, 0x00, 0x07, 0xC0, 0x1F, 0x00, 0x00, 0x00, 0xFE, 0xBF, 0x40, 0x00, 0x00, 0x1F, 0xFF,
    0x80, 0x00, 0x00, 0x00, 0xBE, 0x40, 0x00, 0x00, 0x00, 0x00, 0x00, 0x00, 0x00, 0x00, 0x00, 0x00,
    0x00, 0x00, 0x00, 0xBF, 0xFF, 0x90, 0x00, 0x02, 0xFF, 0xFF, 0xFF, 0x00, 0x07, 0xFF, 0xAA, 0xBF,
    0x80, 0x07, 0xFD, 0x00, 0x01, 0x80, 0x03, 0xFC, 0x00, 0x00, 0x00, 0x03, 0xFC, 0x00, 0x00, 0x00,
    0x01, 0xFC, 0x00, 0x00, 0x00, 0x00, 0xFD, 0x00, 0x00, 0x00, 0x00, 0x7F, 0x00, 0x00, 0x00, 0x00,
    0x2F, 0x40, 0x00, 0x00, 0x00, 0x0F, 0xC0, 0x00, 0x00, 0x00, 0x03, 0xF0, 0x00, 0x1A, 0xAA, 0x41,
    0xFC, 0x00, 0x0F, 0xFF, 0xE0, 0xBE, 0x00, 0x03, 0xFF, 0xF4, 0x2F, 0x80, 0x00, 0x00, 0xFC, 0x0B,
    0xE0, 0x00, 0x00, 0x3F, 0x02, 0xF8, 0x00, 0x00, 0x0F, 0xC0, 0x7F, 0x00, 0x00, 0x07, 0xE0, 0x0F,
    0xC0, 0x00, 0x02, 0xF4, 0x03, 0xFC, 0x00, 0x00, 0xFC, 0x00, 0x7F, 0x80, 0x00, 0x3F, 0x00, 0x0B,
    0xFE, 0x55, 0xBF, 0x80, 0x00, 0xBF, 0xFF, 0xFF, 0xD0, 0x00, 0x02, 0xFF, 0xFF, 0x90, 0x00, 0x00,
    0x01, 0x50, 0x00, 0x00, 0x00, 0x01, 0x80, 0x02, 0x80, 0x00, 0x07, 0x80, 0x1E, 0x00, 0x00, 0x1F,
    0xEB, 0xF0, 0x00, 0x00, 0x2F, 0xFF, 0x40, 0x00, 0x00, 0x1B, 0xA0, 0x00, 0x00, 0x00, 0x00, 0x00,
    0x00, 0x00, 0x00, 0x00, 0x00, 0x00, 0x00, 0xBF, 0xE0, 0x3C, 0x00, 0x1F, 0xFF, 0xF1, 0xF0, 0x00,
    0xFF, 0x56, 0xEF, 0xC0, 0x0F, 0xE0, 0x03, 0xFE, 0x00, 0xBF, 0x00, 0x07, 0xF4, 0x03, 0xF0, 0x00,
    0x0F, 0xC0, 0x1F, 0x80, 0x00, 0x3F, 0x00, 0xFD, 0x00, 0x01, 0xFC, 0x03, 0xF0, 0x00, 0x07, 0xE0,
    0x0F, 0xC0, 0x00, 0x2F, 0x40, 0x7E, 0x00, 0x00, 0xFC, 0x01, 0xF8, 0x00, 0x07, 0xF0, 0x07, 0xE0,
    0x00, 0x3F, 0x80, 0x1F, 0x80, 0x02, 0xFD, 0x00, 0x3F, 0x00, 0x2F, 0xF4, 0x00, 0xFF, 0x47, 0xEB,
    0xC0, 0x01, 0xFF, 0xFE, 0x3F, 0x00, 0x01, 0xFF, 0xD0, 0xF8, 0x00, 0x00, 0x10, 0x07, 0xD0, 0x00,
    0x00, 0x00, 0x2F, 0x00, 0x00, 0x00, 0x00, 0xFC, 0x00, 0x00, 0x00, 0x0B, 0xE0, 0x00, 0x80, 0x00,
    0x7F, 0x00, 0x03, 0xF9, 0x6F, 0xF4, 0x00, 0x0F, 0xFF, 0xFF, 0x40, 0x00, 0x0A, 0xFF, 0x90, 0x00,
    0x00, 0x00, 0x00, 0x00, 0x09, 0x00, 0x00, 0x00, 0x00, 0x0F, 0xC0, 0x00, 0x00, 0x00, 0x07, 0xF0,
    0x00, 0x00, 0x00, 0x00, 0xF8, 0x00, 0x00, 0x00, 0x00, 0x00, 0x00, 0x00, 0x00, 0x00, 0x00, 0x00,
    0x00, 0x00, 0x00, 0x00, 0x00, 0x00, 0x00, 0x00, 0xBF, 0xFF, 0x90, 0x00, 0x02, 0xFF, 0xFF, 0xFF,
    0x00, 0x07, 0xFF, 0xAA, 0xBF, 0x80, 0x07, 0xFD, 0x00, 0x01, 0x80, 0x03, 0xFC, 0x00, 0x00, 0x00,
    0x03, 0xFC, 0x00, 0x00, 0x00, 0x01, 0xFC, 0x00, 0x00, 0x00, 0x00, 0xFD, 0x00, 0x00, 0x00, 0x00,
    0x7F, 0x00, 0x00, 0x00, 0x00, 0x2F, 0x40, 0x00, 0x00, 0x00, 0x0F, 0xC0, 0x00, 0x00, 0x00, 0x03,
    0xF0, 0x00, 0x1A, 0xAA, 0x41, 0xFC, 0x00, 0x0F, 0xFF, 0xE0, 0xBE, 0x00, 0x03, 0xFF, 0xF4, 0x2F,
    0x80, 0x00, 0x00, 0xFC, 0x0B, 0xE0, 0x00, 0x00, 0x3F, 0x02, 0xF8, 0x00, 0x00, 0x0F, 0xC0, 0x7F,
    0x00, 0x00, 0x07, 0xE0, 0x0F, 0xC0, 0x00, 0x02, 0xF4, 0x03, 0xFC, 0x00, 0x00, 0xFC, 0x00, 0x7F,
    0x80, 0x00, 0x3F, 0x00, 0x0B, 0xFE, 0x55, 0xBF, 0x80, 0x00, 0xBF, 0xFF, 0xFF, 0xD0, 0x00, 0x02,
    0xFF, 0xFF, 0x90, 0x00, 0x00, 0x01, 0x50, 0x00, 0x00, 0x00, 0x00, 0x01, 0x80, 0x00, 0x00, 0x00,
    0x1F, 0xC0, 0x00, 0x00, 0x00, 0xBF, 0x00, 0x00, 0x00, 0x01, 0xF4, 0x00, 0x00, 0x00, 0x00, 0x00,
    0x00, 0x00, 0x00, 0x00, 0x00, 0x00, 0x00, 0x00, 0x00, 0x00, 0x00, 0x00, 0xBF, 0xE0, 0x3C, 0x00,
    0x1F, 0xFF, 0xF1, 0xF0, 0x00, 0xFF, 0x56, 0xEF, 0xC0, 0x0F, 0xE0, 0x03, 0xFE, 0x00, 0xBF, 0x00,
    0x07, 0xF4, 0x03, 0xF0, 0x00, 0x0F, 0xC0, 0x1F, 0x80, 0x00, 0x3F, 0x00, 0xFD, 0x00, 0x01, 0xFC,
    0x03, 0xF0, 0x00, 0x07, 0xE0, 0x0F, 0xC0, 0x00, 0x2F, 0x40, 0x7E, 0x00, 0x00, 0xFC, 0x01, 0xF8,
    0x00, 0x07, 0xF0, 0x07, 0xE0, 0x00, 0x3F, 0x80, 0x1F, 0x80, 0x02, 0xFD, 0x00, 0x3F, 0x00, 0x2F,
    0xF4, 0x00, 0xFF, 0x47, 0xEB, 0xC0, 0x01, 0xFF, 0xFE, 0x3F, 0x00, 0x01, 0xFF, 0xD0, 0xF8, 0x00,
    0x00, 0x10, 0x07, 0xD0, 0x00, 0x00, 0x00, 0x2F, 0x00, 0x00, 0x00, 0x00, 0xFC, 0x00, 0x00, 0x00,
    0x0B, 0xE0, 0x00, 0x80, 0x00, 0x7F, 0x00, 0x03, 0xF9, 0x6F, 0xF4, 0x00, 0x0F, 0xFF, 0xFF, 0x40,
    0x00, 0x0A, 0xFF, 0x90, 0x00, 0x00, 0x00, 0x00, 0x00, 0x00, 0x00, 0x00, 0x00, 0x0B, 0xFF, 0xF9,
    0x00, 0x00, 0x2F, 0xFF, 0xFF, 0xF0, 0x00, 0x7F, 0xFA, 0xAB, 0xF8, 0x00, 0x7F, 0xD0, 0x00, 0x18,
    0x00, 0x3F, 0xC0, 0x00, 0x00, 0x00, 0x3F, 0xC0, 0x00, 0x00, 0x00, 0x1F, 0xC0, 0x00, 0x00, 0x00,
    0x0F, 0xD0, 0x00, 0x00, 0x00, 0x07, 0xF0, 0x00, 0x00, 0x00, 0x02, 0xF4, 0x00, 0x00, 0x00, 0x00,
    0xFC, 0x00, 0x00, 0x00, 0x00, 0x3F, 0x00, 0x01, 0xAA, 0xA4, 0x1F, 0xC0, 0x00, 0xFF, 0xFE, 0x0B,
    0xE0, 0x00, 0x3F, 0xFF, 0x42, 0xF8, 0x00, 0x00, 0x0F, 0xC0, 0xBE, 0x00, 0x00, 0x03, 0xF0, 0x2F,
    0x80, 0x00, 0x00, 0xFC, 0x07, 0xF0, 0x00, 0x00, 0x7E, 0x00, 0xFC, 0x00, 0x00, 0x2F, 0x40, 0x3F,
    0xC0, 0x00, 0x0F, 0xC0, 0x07, 0xF8, 0x00, 0x03, 0xF0, 0x00, 0xBF, 0xE5, 0x5B, 0xF8, 0x00, 0x0B,
    0xFF, 0xFF, 0xFD, 0x00, 0x00, 0x2F, 0xFF, 0xF9, 0x00, 0x00, 0x00, 0x15, 0x00, 0x00, 0x00, 0x00,
    0x00, 0x00, 0x00, 0x00, 0x00, 0x07, 0xD0, 0x00, 0x00, 0x00, 0x03, 0xF0, 0x00, 0x00, 0x00, 0x01,
    0xF4, 0x00, 0x00, 0x00, 0x00, 0xF8, 0x00, 0x00, 0x00, 0x00, 0x7C, 0x00, 0x00, 0x00, 0x00, 0x04,
    0x00, 0x00, 0x00, 0x00, 0x00, 0x00, 0x00, 0x18, 0x00, 0x00, 0x00, 0x01, 0xF0, 0x00, 0x00, 0x00,
    0x0F, 0x40, 0x00, 0x00, 0x00, 0xFC, 0x00, 0x00, 0x00, 0x07, 0xD0, 0x00, 0x00, 0x00, 0x2F, 0x00,
    0x00, 0x00, 0x00, 0x00, 0x00, 0x00, 0x00, 0x00, 0x00, 0x00, 0x00, 0x02, 0xFF, 0x80, 0xF0, 0x00,
    0x7F, 0xFF, 0xC7, 0xC0, 0x03, 0xFD, 0x5B, 0xBF, 0x00, 0x3F, 0x80, 0x0F, 0xF8, 0x02, 0xFC, 0x00,
    0x1F, 0xD0, 0x0F, 0xC0, 0x00, 0x3F, 0x00, 0x7E, 0x00, 0x00, 0xFC, 0x03, 0xF4, 0x00, 0x07, 0xF0,
    0x0F, 0xC0, 0x00, 0x1F, 0x80, 0x3F, 0x00, 0x00, 0xBD, 0x01, 0xF8, 0x00, 0x03, 0xF0, 0x07, 0xE0,
    0x00, 0x1F, 0xC0, 0x1F, 0x80, 0x00, 0xFE, 0x00, 0x7E, 0x00, 0x0B, 0xF4, 0x00, 0xFC, 0x00, 0xBF,
    0xD0, 0x03, 0xFD, 0x1F, 0xAF, 0x00, 0x07, 0xFF, 0xF8, 0xFC, 0x00, 0x07, 0xFF, 0x43, 0xE0, 0x00,
    0x00, 0x40, 0x1F, 0x40, 0x00, 0x00, 0x00, 0xBC, 0x00, 0x00, 0x00, 0x03, 0xF0, 0x00, 0x00, 0x00,
    0x2F, 0x80, 0x02, 0x00, 0x01, 0xFC, 0x00, 0x0F, 0xE5, 0xBF, 0xD0, 0x00, 0x3F, 0xFF, 0xFD, 0x00,
    0x00, 0x2B, 0xFE, 0x40, 0x00, 0x00, 0x00, 0x00, 0x00, 0x2A, 0x00, 0x00, 0x00, 0x00, 0x0B, 0xF4,
    0x00, 0x00, 0x00, 0x02, 0xFF, 0xC0, 0x00, 0x00, 0x00, 0xBD, 0x3E, 0x00, 0x00, 0x00, 0x2F, 0x41,
    0xF0, 0x00, 0x00, 0x07, 0x80, 0x07, 0x80, 0x00, 0x00, 0x00, 0x00, 0x00, 0x00, 0x00, 0x00, 0x00,
    0x00, 0x00, 0x00, 0x2F, 0x40, 0x00, 0x03, 0xE0, 0x03, 0xF0, 0x00, 0x00, 0x7E, 0x00, 0x3F, 0x00,
    0x00, 0x0B, 0xD0, 0x07, 0xE0, 0x00, 0x00, 0xFC, 0x00, 0x7D, 0x00, 0x00, 0x0F, 0xC0, 0x0B, 0xD0,
    0x00, 0x01, 0xF8, 0x00, 0xFC, 0x00, 0x00, 0x1F, 0x40, 0x0F, 0xC0, 0x00, 0x02, 0xF4, 0x01, 0xF8,
    0x00, 0x00, 0x3F, 0x00, 0x2F, 0x40, 0x00, 0x03, 0xF0, 0x02, 0xFE, 0xAA, 0xAA, 0xFE, 0x00, 0x3F,
    0xFF, 0xFF, 0xFF, 0xD0, 0x03, 0xFF, 0xFF, 0xFF, 0xFC, 0x00, 0x7E, 0x00, 0x00, 0x0F, 0xC0, 0x0B,
    0xD0, 0x00, 0x00, 0xFC, 0x00, 0xFC, 0x00, 0x00, 0x1F, 0x80, 0x0F, 0xC0, 0x00, 0x02, 0xF4, 0x00,
    0xF8, 0x00, 0x00, 0x3F, 0x00, 0x1F, 0x80, 0x00, 0x03, 0xF0, 0x02, 0xF4, 0x00, 0x00, 0x3E, 0x00,
    0x3F, 0x00, 0x00, 0x07, 0xE0, 0x03, 0xF0, 0x00, 0x00, 0xBD, 0x00, 0x7E, 0x00, 0x00, 0x0F, 0xC0,
    0x07, 0xD0, 0x00, 0x00, 0xFC, 0x00, 0x00, 0x01, 0xA0, 0x00, 0x00, 0x00, 0x7F, 0x80, 0x00, 0x00,
    0x1F, 0xFD, 0x00, 0x00, 0x07, 0xE3, 0xF0, 0x00, 0x01, 0xF8, 0x0F, 0x80, 0x00, 0x3D, 0x00, 0x3C,
    0x00, 0x00, 0x00, 0x00, 0x00, 0x00, 0x00, 0x14, 0x00, 0x00, 0x00, 0x0F, 0xC0, 0x00, 0x00, 0x00,
    0xFC, 0x00, 0x00, 0x00, 0x1F, 0x80, 0x00, 0x00, 0x02, 0xF4, 0x00, 0x00, 0x00, 0x2F, 0x00, 0x00,
    0x00, 0x03, 0xF0, 0x00, 0x00, 0x00, 0x3E, 0x00, 0x00, 0x00, 0x07, 0xE0, 0xBF, 0xE0, 0x00, 0xBD,
    0x7F, 0xFF, 0x80, 0x0F, 0xDF, 0x96, 0xFC, 0x00, 0xFF, 0xC0, 0x0B, 0xD0, 0x0F, 0xF0, 0x00, 0xBD,
    0x01, 0xFD, 0x00, 0x0B, 0xD0, 0x2F, 0xC0, 0x00, 0xFC, 0x03, 0xF4, 0x00, 0x0F, 0xC0, 0x3F, 0x00,
    0x00, 0xFC, 0x07, 0xE0, 0x00, 0x1F, 0x80, 0x7D, 0x00, 0x02, 0xF4, 0x0B, 0xC0, 0x00, 0x3F, 0x00,
    0xFC, 0x00, 0x03, 0xF0, 0x0F, 0xC0, 0x00, 0x7E, 0x01, 0xF8, 0x00, 0x07, 0xD0, 0x2F, 0x40, 0x00,
    0xBD, 0x02, 0xF0, 0x00, 0x0F, 0xC0, 0x3F, 0x00, 0x00, 0xFC, 0x00, 0x00, 0x2F, 0x00, 0x00, 0x03,
    0xE0, 0x00, 0x0F, 0xC0, 0x00, 0x01, 0xF8, 0x00, 0x03, 0xF0, 0x00, 0x00, 0xBD, 0x00, 0x01, 0xF8,
    0x00, 0x00, 0x3F, 0x00, 0x1F, 0xFF, 0xFF, 0xFF, 0xFF, 0xFF, 0x0F, 0xFF, 0xFF, 0xFF, 0xFF, 0xFF,
    0xC2, 0xAF, 0xEA, 0xAA, 0xAB, 0xFE, 0x90, 0x03, 0xF0, 0x00, 0x00, 0xBD, 0x00, 0x01, 0xF8, 0x00,
    0x00, 0x3F, 0x00, 0x00, 0xBD, 0x00, 0x00, 0x0F, 0xC0, 0x00, 0x3F, 0xEA, 0xAA, 0xAF, 0xE0, 0x00,
    0x0F, 0xFF, 0xFF, 0xFF, 0xF4, 0x00, 0x03, 0xFF, 0xFF, 0xFF, 0xFC, 0x00, 0x01, 0xF8, 0x00, 0x00,
    0x3F, 0x00, 0x00, 0xBD, 0x00, 0x00, 0x0F, 0xC0, 0x00, 0x3F, 0x00, 0x00, 0x07, 0xE0, 0x00, 0x0F,
    0xC0, 0x00, 0x02, 0xF4, 0x00, 0x07, 0xE0, 0x00, 0x00, 0xFC, 0x00, 0x01, 0xF4, 0x00, 0x00, 0x3F,
    0x00, 0x00, 0xBD, 0x00, 0x00, 0x1F, 0x80, 0x00, 0x3F, 0x00, 0x00, 0x07, 0xE0, 0x00, 0x0F, 0xC0,
    0x00, 0x02, 0xF4, 0x00, 0x07, 0xE0, 0x00, 0x00, 0xFC, 0x00, 0x02, 0xF4, 0x00, 0x00, 0x3F, 0x00,
    0x00, 0x00, 0x01, 0x40, 0x00, 0x00, 0x00, 0xFC, 0x00, 0x00, 0x00, 0x0F, 0xC0, 0x00, 0x00, 0x16,
    0xFD, 0x55, 0x00, 0x03, 0xFF, 0xFF, 0xF0, 0x00, 0x3F, 0xFF, 0xFE, 0x00, 0x00, 0x3F, 0x00, 0x00,
    0x00, 0x03, 0xE0, 0x00, 0x00, 0x00, 0x7D, 0x07, 0xF9, 0x00, 0x0B, 0xC3, 0xFF, 0xF4, 0x00, 0xFC,
    0xFE, 0xBF, 0xC0, 0x0F, 0xFD, 0x00, 0xFD, 0x00, 0xFF, 0x40, 0x0B, 0xD0, 0x1F, 0xD0, 0x00, 0xBD,
    0x02, 0xFC, 0x00, 0x0F, 0xC0, 0x3F, 0x40, 0x00, 0xFC, 0x03, 0xF0, 0x00, 0x0F, 0xC0, 0x7E, 0x00,
    0x01, 0xF8, 0x07, 0xD0, 0x00, 0x2F, 0x40, 0xBC, 0x00, 0x03, 0xF0, 0x0F, 0xC0, 0x00, 0x3F, 0x00,
    0xFC, 0x00, 0x03, 0xE0, 0x1F, 0x80, 0x00, 0x7D, 0x02, 0xF4, 0x00, 0x0B, 0xD0, 0x2F, 0x00, 0x00,
    0xFC, 0x03, 0xF0, 0x00, 0x0F, 0xC0, 0x00, 0x01, 0x40, 0x02, 0x00, 0x03, 0xFE, 0x02, 0xC0, 0x03,
    0xFF, 0xFB, 0xF0, 0x00, 0xF0, 0x7F, 0xF0, 0x00, 0x74, 0x02, 0xA0, 0x00, 0x00, 0x00, 0x00, 0x00,
    0x00, 0x00, 0x00, 0x00, 0x00, 0xBF, 0xFF, 0x40, 0x00, 0x3F, 0xFF, 0xD0, 0x00, 0x00, 0xBE, 0x40,
    0x00, 0x00, 0x2F, 0x40, 0x00, 0x00, 0x0F, 0xC0, 0x00, 0x00, 0x03, 0xF0, 0x00, 0x00, 0x01, 0xF8,
    0x00, 0x00, 0x00, 0x7D, 0x00, 0x00, 0x00, 0x2F, 0x00, 0x00, 0x00, 0x0F, 0xC0, 0x00, 0x00, 0x03,
    0xF0, 0x00, 0x00, 0x01, 0xF8, 0x00, 0x00, 0x00, 0xBD, 0x00, 0x00, 0x00, 0x3F, 0x00, 0x00, 0x00,
    0x0F, 0xC0, 0x00, 0x00, 0x03, 0xF0, 0x00, 0x00, 0x01, 0xF8, 0x00, 0x00, 0x00, 0xBD, 0x00, 0x00,
    0x00, 0x3F, 0x00, 0x00, 0x00, 0x0F, 0xC0, 0x00, 0x00, 0x03, 0xE0, 0x00, 0x00, 0x02, 0xF8, 0x00,
    0x00, 0x1F, 0xFF, 0xE0, 0x00, 0x0B, 0xFF, 0xFC, 0x00, 0x00, 0x00, 0x50, 0x01, 0x80, 0x7F, 0xE0,
    0x3C, 0x0F, 0xFF, 0xEF, 0x42, 0xE0, 0xBF, 0xF0, 0x28, 0x00, 0xA8, 0x00, 0x00, 0x00, 0x00, 0x00,
    0x00, 0x00, 0x00, 0x07, 0xD0, 0x00, 0x00, 0xBD, 0x00, 0x00, 0x0F, 0xC0, 0x00, 0x00, 0xFC, 0x00,
    0x00, 0x0F, 0x80, 0x00, 0x01, 0xF8, 0x00, 0x00, 0x2F, 0x40, 0x00, 0x03, 0xF0, 0x00, 0x00, 0x3F,
    0x00, 0x00, 0x07, 0xE0, 0x00, 0x00, 0x7D, 0x00, 0x00, 0x0B, 0xD0, 0x00, 0x00, 0xFC, 0x00, 0x00,
    0x0F, 0xC0, 0x00, 0x01, 0xF8, 0x00, 0x00, 0x2F, 0x40, 0x00, 0x02, 0xF0, 0x00, 0x00, 0x3F, 0x00,
    0x00, 0x00, 0x00, 0x0A, 0xAA, 0xA4, 0x00, 0x7F, 0xFF, 0xE0, 0x01, 0xFF, 0xFF, 0x40, 0x00, 0x00,
    0x00, 0x00, 0x00, 0x00, 0x00, 0x00, 0xBF, 0xFF, 0x40, 0x03, 0xFF, 0xFD, 0x00, 0x00, 0xBE, 0x40,
    0x00, 0x02, 0xF4, 0x00, 0x00, 0x0F, 0xC0, 0x00, 0x00, 0x3F, 0x00, 0x00, 0x01, 0xF8, 0x00, 0x00,
    0x07, 0xD0, 0x00, 0x00, 0x2F, 0x00, 0x00, 0x00, 0xFC, 0x00, 0x00, 0x03, 0xF0, 0x00, 0x00, 0x1F,
    0x80, 0x00, 0x00, 0xBD, 0x00, 0x00, 0x03, 0xF0, 0x00, 0x00, 0x0F, 0xC0, 0x00, 0x00, 0x3F, 0x00,
    0x00, 0x01, 0xF8, 0x00, 0x00, 0x0B, 0xD0, 0x00, 0x00, 0x3F, 0x00, 0x00, 0x00, 0xFC, 0x00, 0x00,
    0x03, 0xE0, 0x00, 0x00, 0x2F, 0x80, 0x00, 0x1F, 0xFF, 0xE0, 0x00, 0xBF, 0xFF, 0xC0, 0x00, 0x06,
    0xAA, 0xA9, 0x0B, 0xFF, 0xFD, 0x0B, 0xFF, 0xFC, 0x00, 0x00, 0x00, 0x00, 0x00, 0x00, 0x00, 0x7D,
    0x00, 0x00, 0xBD, 0x00, 0x00, 0xFC, 0x00, 0x00, 0xFC, 0x00, 0x00, 0xF8, 0x00, 0x01, 0xF8, 0x00,
    0x02, 0xF4, 0x00, 0x03, 0xF0, 0x00, 0x03, 0xF0, 0x00, 0x07, 0xE0, 0x00, 0x07, 0xD0, 0x00, 0x0B,
    0xD0, 0x00, 0x0F, 0xC0, 0x00, 0x0F, 0xC0, 0x00, 0x1F, 0x80, 0x00, 0x2F, 0x40, 0x00, 0x2F, 0x00,
    0x00, 0x3F, 0x00, 0x00, 0x00, 0x09, 0x00, 0x18, 0x00, 0x0F, 0x00, 0x3C, 0x00, 0x0F, 0xEB, 0xF8,
    0x00, 0x07, 0xFF, 0xE0, 0x00, 0x00, 0xBE, 0x40, 0x00, 0x00, 0x00, 0x00, 0x00, 0x00, 0x00, 0x00,
    0x00, 0x2F, 0xFF, 0xD0, 0x00, 0x3F, 0xFF, 0xD0, 0x00, 0x02, 0xF9, 0x00, 0x00, 0x02, 0xF4, 0x00,
    0x00, 0x03, 0xF0, 0x00, 0x00, 0x03, 0xF0, 0x00, 0x00, 0x07, 0xE0, 0x00, 0x00, 0x07, 0xD0, 0x00,
    0x00, 0x0B, 0xC0, 0x00, 0x00, 0x0F, 0xC0, 0x00, 0x00, 0x0F, 0xC0, 0x00, 0x00, 0x1F, 0x80, 0x00,
    0x00, 0x2F, 0x40, 0x00, 0x00, 0x3F, 0x00, 0x00, 0x00, 0x3F, 0x00, 0x00, 0x00, 0x3F, 0x00, 0x00,
    0x00, 0x7E, 0x00, 0x00, 0x00, 0xBD, 0x00, 0x00, 0x00, 0xFC, 0x00, 0x00, 0x00, 0xFC, 0x00, 0x00,
    0x00, 0xF8, 0x00, 0x00, 0x02, 0xF8, 0x00, 0x00, 0x7F, 0xFF, 0x80, 0x00, 0xBF, 0xFF, 0xC0, 0x00,
    0x06, 0x00, 0x0A, 0x02, 0xE0, 0x07, 0x80, 0x7F, 0xAF, 0xC0, 0x0B, 0xFF, 0xD0, 0x00, 0x6E, 0x80,
    0x00, 0x00, 0x00, 0x00, 0x00, 0x00, 0x00, 0x01, 0xF4, 0x00, 0x00, 0xBD, 0x00, 0x00, 0x3F, 0x00,
    0x00, 0x0F, 0xC0, 0x00, 0x03, 0xE0, 0x00, 0x01, 0xF8, 0x00, 0x00, 0xBD, 0x00, 0x00, 0x3F, 0x00,
    0x00, 0x0F, 0xC0, 0x00, 0x07, 0xE0, 0x00, 0x01, 0xF4, 0x00, 0x00, 0xBD, 0x00, 0x00, 0x3F, 0x00,
    0x00, 0x0F, 0xC0, 0x00, 0x07, 0xE0, 0x00, 0x02, 0xF4, 0x00, 0x00, 0xBC, 0x00, 0x00, 0x3F, 0x00,
    0x00, 0x00, 0x00, 0x2F, 0xFF, 0xD0, 0x03, 0xFF, 0xFD, 0x00, 0x02, 0xF9, 0x00, 0x00, 0x2F, 0x40,
    0x00, 0x03, 0xF0, 0x00, 0x00, 0x3F, 0x00, 0x00, 0x07, 0xE0, 0x00, 0x00, 0x7D, 0x00, 0x00, 0x0B,
    0xC0, 0x00, 0x00, 0xFC, 0x00, 0x00, 0x0F, 0xC0, 0x00, 0x01, 0xF8, 0x00, 0x00, 0x2F, 0x40, 0x00,
    0x03, 0xF0, 0x00, 0x00, 0x3F, 0x00, 0x00, 0x03, 0xF0, 0x00, 0x00, 0x7E, 0x00, 0x00, 0x0B, 0xD0,
    0x00, 0x00, 0xFC, 0x00, 0x00, 0x0F, 0xC0, 0x00, 0x00, 0xF8, 0x00, 0x00, 0x2F, 0x80, 0x00, 0x7F,
    0xFF, 0x80, 0x0B, 0xFF, 0xFC, 0x00, 0x00, 0xB4, 0x00, 0x00, 0x3D, 0x00, 0x00, 0x0F, 0x40, 0x00,
    0x01, 0xF0, 0x00, 0x00, 0x2F, 0x00, 0x00, 0x01, 0xFE, 0x40, 0x00, 0x0B, 0xF4, 0x00, 0x00, 0x00,
    0x00, 0x00, 0x00, 0x00, 0x60, 0x00, 0x03, 0xF0, 0x00, 0x1F, 0xC0, 0x00, 0x3D, 0x00, 0x00, 0x00,
    0x00, 0x00, 0x00, 0x00, 0x00, 0x00, 0x01, 0xF4, 0x00, 0x0B, 0xD0, 0x00, 0x3F, 0x00, 0x00, 0xFC,
    0x00, 0x03, 0xE0, 0x00, 0x1F, 0x80, 0x00, 0xBD, 0x00, 0x03, 0xF0, 0x00, 0x0F, 0xC0, 0x00, 0x7E,
    0x00, 0x01, 0xF4, 0x00, 0x0B, 0xD0, 0x00, 0x3F, 0x00, 0x00, 0xFC, 0x00, 0x07, 0xE0, 0x00, 0x2F,
    0x40, 0x00, 0xBC, 0x00, 0x03, 0xF0, 0x00, 0x07, 0x80, 0x00, 0xB8, 0x00, 0x0B, 0xC0, 0x00, 0x3D,
    0x00, 0x00, 0xF4, 0x00, 0x03, 0xFA, 0x00, 0x07, 0xF8, 0x00, 0x00, 0x00, 0x00, 0x00, 0x00, 0x09,
    0x00, 0x00, 0x03, 0xF0, 0x00, 0x00, 0x7F, 0x00, 0x00, 0x03, 0xE0, 0x00, 0x00, 0x00, 0x00, 0x00,
    0x00, 0x00, 0x00, 0x00, 0x00, 0x00, 0x02, 0xFF, 0xFD, 0x00, 0x3F, 0xFF, 0xD0, 0x00, 0x2F, 0x90,
    0x00, 0x02, 0xF4, 0x00, 0x00, 0x3F, 0x00, 0x00, 0x03, 0xF0, 0x00, 0x00, 0x7E, 0x00, 0x00, 0x07,
    0xD0, 0x00, 0x00, 0xBC, 0x00, 0x00, 0x0F, 0xC0, 0x00, 0x00, 0xFC, 0x00, 0x00, 0x1F, 0x80, 0x00,
    0x02, 0xF4, 0x00, 0x00, 0x3F, 0x00, 0x00, 0x03, 0xF0, 0x00, 0x00, 0x3F, 0x00, 0x00, 0x07, 0xE0,
    0x00, 0x00, 0xBD, 0x00, 0x00, 0x0F, 0xC0, 0x00, 0x00, 0xFC, 0x00, 0x00, 0x0F, 0x80, 0x00, 0x02,
    0xF8, 0x00, 0x07, 0xFF, 0xF8, 0x00, 0xBF, 0xFF, 0xC0, 0x00, 0x00, 0x7D, 0x00, 0xBD, 0x00, 0xFC,
    0x00, 0xFC, 0x00, 0xF8, 0x01, 0xF8, 0x02, 0xF4, 0x03, 0xF0, 0x03, 0xF0, 0x07, 0xE0, 0x07, 0xD0,
    0x0B, 0xD0, 0x0F, 0xC0, 0x0F, 0xC0, 0x1F, 0x80, 0x2F, 0x40, 0x2F, 0x00, 0x3F, 0x00, 0x00, 0x2F,
    0xFF, 0xD0, 0x0B, 0xC0, 0x03, 0xFF, 0xFD, 0x00, 0xFC, 0x00, 0x02, 0xF9, 0x00, 0x1F, 0x80, 0x00,
    0x2F, 0x40, 0x01, 0xF8, 0x00, 0x03, 0xF0, 0x00, 0x2F, 0x40, 0x00, 0x3F, 0x00, 0x03, 0xF0, 0x00,
    0x07, 0xE0, 0x00, 0x3F, 0x00, 0x00, 0x7D, 0x00, 0x07, 0xE0, 0x00, 0x0B, 0xC0, 0x00, 0xBD, 0x00,
    0x00, 0xFC, 0x00, 0x0B, 0xC0, 0x00, 0x0F, 0xC0, 0x00, 0xFC, 0x00, 0x01, 0xF8, 0x00, 0x0F, 0xC0,
    0x00, 0x2F, 0x40, 0x01, 0xF8, 0x00, 0x03, 0xF0, 0x00, 0x2F, 0x40, 0x00, 0x3F, 0x00, 0x03, 0xF0,
    0x00, 0x03, 0xF0, 0x00, 0x3F, 0x00, 0x00, 0x7E, 0x00, 0x03, 0xF0, 0x00, 0x0B, 0xD0, 0x00, 0x7E,
    0x00, 0x00, 0xFC, 0x00, 0x0B, 0xD0, 0x00, 0x0F, 0xC0, 0x00, 0xFC, 0x00, 0x00, 0xF8, 0x00, 0x0F,
    0xC0, 0x00, 0x2F, 0x80, 0x01, 0xF8, 0x00, 0x7F, 0xFF, 0x80, 0x2F, 0x40, 0x0B, 0xFF, 0xFC, 0x02,
    0xF4, 0x00, 0x00, 0x00, 0x00, 0x3F, 0x00, 0x00, 0x00, 0x00, 0x07, 0xF0, 0x00, 0x00, 0x00, 0x00,
    0xFD, 0x00, 0x00, 0x00, 0x15, 0xBF, 0xC0, 0x00, 0x00, 0x07, 0xFF, 0xF0, 0x00, 0x00, 0x00, 0x7F,
    0xF8, 0x00, 0x00, 0x00, 0x00, 0x50, 0x00, 0x00, 0x00, 0x00, 0x06, 0x00, 0x01, 0x40, 0x00, 0xFC,
    0x00, 0xBD, 0x00, 0x1F, 0xC0, 0x0F, 0xD0, 0x00, 0xF4, 0x00, 0xBC, 0x00, 0x00, 0x00, 0x00, 0x00,
    0x00, 0x00, 0x00, 0x00, 0x00, 0x00, 0x00, 0x00, 0x00, 0x07, 0xD0, 0x02, 0xF0, 0x00, 0xBD, 0x00,
    0x3F, 0x00, 0x0F, 0xC0, 0x03, 0xE0, 0x00, 0xFC, 0x00, 0x7E, 0x00, 0x0F, 0x80, 0x0B, 0xD0, 0x01,
    0xF8, 0x00, 0xFC, 0x00, 0x2F, 0x40, 0x0F, 0xC0, 0x03, 0xF0, 0x00, 0xF8, 0x00, 0x3F, 0x00, 0x1F,
    0x40, 0x07, 0xE0, 0x02, 0xF0, 0x00, 0x7D, 0x00, 0x3F, 0x00, 0x0B, 0xD0, 0x03, 0xF0, 0x00, 0xFC,
    0x00, 0x7E, 0x00, 0x0F, 0xC0, 0x0B, 0xD0, 0x01, 0xF8, 0x00, 0xBC, 0x00, 0x2F, 0x40, 0x0F, 0xC0,
    0x02, 0xF0, 0x00, 0xFC, 0x00, 0x3F, 0x00, 0x1F, 0x80, 0x00, 0x00, 0x02, 0xF4, 0x00, 0x00, 0x00,
    0x3F, 0x00, 0x00, 0x00, 0x03, 0xF0, 0x00, 0x00, 0x00, 0x7E, 0x00, 0x00, 0x00, 0x0F, 0xD0, 0x00,
    0x00, 0x67, 0xFC, 0x00, 0x00, 0x0B, 0xFF, 0x00, 0x00, 0x00, 0x7F, 0x80, 0x00, 0x00, 0x00, 0x00,
    0x00, 0x1A, 0x00, 0x00, 0x00, 0x00, 0x7F, 0x80, 0x00, 0x00, 0x01, 0xFF, 0xD0, 0x00, 0x00, 0x07,
    0xE3, 0xF0, 0x00, 0x00, 0x1F, 0x80, 0xF8, 0x00, 0x00, 0x3D, 0x00, 0x3C, 0x00, 0x00, 0x00, 0x00,
    0x00, 0x00, 0x00, 0x00, 0x00, 0x00, 0x00, 0x00, 0x00, 0xBD, 0x00, 0x00, 0x00, 0x00, 0xFC, 0x00,
    0x00, 0x00, 0x00, 0xFC, 0x00, 0x00, 0x00, 0x01, 0xF8, 0x00, 0x00, 0x00, 0x01, 0xF4, 0x00, 0x00,
    0x00, 0x02, 0xF4, 0x00, 0x00, 0x00, 0x03, 0xF0, 0x00, 0x00, 0x00, 0x03, 0xF0, 0x00, 0x00, 0x00,
    0x07, 0xE0, 0x00, 0x00, 0x00, 0x0B, 0xD0, 0x00, 0x00, 0x00, 0x0F, 0xC0, 0x00, 0x00, 0x00, 0x0F,
    0xC0, 0x00, 0x00, 0x00, 0x0F, 0xC0, 0x00, 0x00, 0x00, 0x1F, 0x80, 0x00, 0x00, 0x00, 0x2F, 0x40,
    0x00, 0x00, 0x00, 0x3F, 0x00, 0x00, 0x00, 0x00, 0x3F, 0x00, 0x00, 0x00, 0x00, 0x3E, 0x00, 0x00,
    0x00, 0x00, 0x7E, 0x00, 0x00, 0x00, 0x00, 0xBD, 0x00, 0x00, 0x00, 0x00, 0xFC, 0x00, 0x00, 0x00,
    0x00, 0xFC, 0x00, 0x00, 0x00, 0x01, 0xF8, 0x00, 0x00, 0x00, 0x02, 0xF4, 0x00, 0x00, 0x00, 0x03,
    0xF4, 0x00, 0x00, 0x00, 0x03, 0xF0, 0x00, 0x00, 0x00, 0x0F, 0xE0, 0x00, 0x00, 0x25, 0x7F, 0xC0,
    0x00, 0x00, 0x3F, 0xFF, 0x40, 0x00, 0x00, 0x3F, 0xF8, 0x00, 0x00, 0x00, 0x05, 0x00, 0x00, 0x00,
    0x00, 0x00, 0x00, 0x02, 0x90, 0x00, 0x00, 0x03, 0xFC, 0x00, 0x00, 0x02, 0xFF, 0xC0, 0x00, 0x02,
    0xF5, 0xF4, 0x00, 0x02, 0xF0, 0x2F, 0x00, 0x02, 0xE0, 0x02, 0xD0, 0x00, 0x00, 0x00, 0x00, 0x00,
    0x00, 0x00, 0x00, 0x00, 0x00, 0x1F, 0x40, 0x00, 0x00, 0x0B, 0xD0, 0x00, 0x00, 0x03, 0xF0, 0x00,
    0x00, 0x00, 0xFC, 0x00, 0x00, 0x00, 0x3E, 0x00, 0x00, 0x00, 0x1F, 0x40, 0x00, 0x00, 0x0B, 0xD0,
    0x00, 0x00, 0x03, 0xF0, 0x00, 0x00, 0x00, 0xFC, 0x00, 0x00, 0x00, 0x3E, 0x00, 0x00, 0x00, 0x1F,
    0x40, 0x00, 0x00, 0x0B, 0xC0, 0x00, 0x00, 0x03, 0xF0, 0x00, 0x00, 0x00, 0xFC, 0x00, 0x00, 0x00,
    0x7E, 0x00, 0x00, 0x00, 0x2F, 0x40, 0x00, 0x00, 0x0B, 0xC0, 0x00, 0x00, 0x03, 0xF0, 0x00, 0x00,
    0x00, 0xF8, 0x00, 0x00, 0x00, 0x7E, 0x00, 0x00, 0x00, 0x2F, 0x40, 0x00, 0x00, 0x0F, 0xC0, 0x00,
    0x00, 0x07, 0xE0, 0x00, 0x00, 0x9B, 0xF4, 0x00, 0x00, 0x3F, 0xF8, 0x00, 0x00, 0x0F, 0xF4, 0x00,
    0x00, 0x00, 0x00, 0x2F, 0x00, 0x00, 0x3F, 0x00, 0x0F, 0xC0, 0x00, 0x3F, 0x40, 0x03, 0xF0, 0x00,
    0x3F, 0x40, 0x01, 0xF8, 0x00, 0x3F, 0x40, 0x00, 0xBD, 0x00, 0x3F, 0x40, 0x00, 0x2F, 0x00, 0x3F,
    0x40, 0x00, 0x0F, 0xC0, 0x3F, 0x40, 0x00, 0x03, 0xF0, 0x3F, 0x40, 0x00, 0x01, 0xF8, 0x3F, 0x80,
    0x00, 0x00, 0xBD, 0x3F, 0x80, 0x00, 0x00, 0x3F, 0x7F, 0x80, 0x00, 0x00, 0x0F, 0xFF, 0xE0, 0x00,
    0x00, 0x03, 0xFF, 0xFC, 0x00, 0x00, 0x01, 0xFE, 0x1F, 0x80, 0x00, 0x00, 0xBD, 0x03, 0xF0, 0x00,
    0x00, 0x3F, 0x00, 0xBD, 0x00, 0x00, 0x0F, 0xC0, 0x1F, 0xC0, 0x00, 0x07, 0xE0, 0x03, 0xF4, 0x00,
    0x01, 0xF4, 0x00, 0x7E, 0x00, 0x00, 0xBD, 0x00, 0x0F, 0xC0, 0x00, 0x3F, 0x00, 0x02, 0xF8, 0x00,
    0x0F, 0xC0, 0x00, 0x7F, 0x00, 0x07, 0xE0, 0x00, 0x0F, 0xD0, 0x02, 0xF4, 0x00, 0x01, 0xFC, 0x00,
    0x00, 0x00, 0x00, 0x00, 0x00, 0x00, 0x00, 0x00, 0x00, 0x00, 0x00, 0x00, 0xF8, 0x00, 0x00, 0x00,
    0x00, 0xBD, 0x00, 0x00, 0x00, 0x00, 0x3E, 0x00, 0x00, 0x00, 0x00, 0x2F, 0x00, 0x00, 0x00, 0x00,
    0x0F, 0x00, 0x00, 0x00, 0x00, 0x01, 0x00, 0x00, 0x00, 0x00, 0x00, 0x05, 0x40, 0x00, 0x00, 0x00,
    0xFC, 0x00, 0x00, 0x00, 0x0F, 0xC0, 0x00, 0x00, 0x01, 0xF8, 0x00, 0x00, 0x00, 0x2F, 0x40, 0x00,
    0x00, 0x03, 0xF0, 0x00, 0x00, 0x00, 0x3F, 0x00, 0x00, 0x00, 0x03, 0xF0, 0x00, 0x00, 0x00, 0x7E,
    0x00, 0x1F, 0xC0, 0x0B, 0xD0, 0x07, 0xF0, 0x00, 0xFC, 0x01, 0xFC, 0x00, 0x0F, 0xC0, 0x7F, 0x00,
    0x00, 0xF8, 0x1F, 0xC0, 0x00, 0x1F, 0x47, 0xF0, 0x00, 0x02, 0xF1, 0xFC, 0x00, 0x00, 0x3F, 0x3F,
    0x00, 0x00, 0x03, 0xFF, 0xF0, 0x00, 0x00, 0x7F, 0xFF, 0x80, 0x00, 0x0B, 0xF8, 0xFC, 0x00, 0x00,
    0xBD, 0x0B, 0xE0, 0x00, 0x0F, 0xC0, 0x3F, 0x00, 0x00, 0xFC, 0x02, 0xF4, 0x00, 0x1F, 0x80, 0x0F,
    0xC0, 0x02, 0xF4, 0x00, 0xFD, 0x00, 0x3F, 0x00, 0x07, 0xF0, 0x03, 0xF0, 0x00, 0x3F, 0x40, 0x00,
    0x00, 0x00, 0x00, 0x00, 0x00, 0x00, 0x00, 0x00, 0x00, 0x0F, 0xC0, 0x00, 0x00, 0x01, 0xF4, 0x00,
    0x00, 0x00, 0x3E, 0x00, 0x00, 0x00, 0x07, 0xC0, 0x00, 0x00, 0x00, 0xF0, 0x00, 0x00, 0x00, 0x04,
    0x00, 0x00, 0x00, 0x00, 0x7D, 0x00, 0x1F, 0xC0, 0x0B, 0xD0, 0x07, 0xF0, 0x00, 0xFC, 0x01, 0xFC,
    0x00, 0x0F, 0xC0, 0x7F, 0x00, 0x01, 0xF8, 0x1F, 0xC0, 0x00, 0x1F, 0x47, 0xF0, 0x00, 0x02, 0xF0,
    0xFC, 0x00, 0x00, 0x3F, 0x3F, 0x00, 0x00, 0x03, 0xFF, 0xF0, 0x00, 0x00, 0x7F, 0xFF, 0x80, 0x00,
    0x0B, 0xF8, 0xFC, 0x00, 0x00, 0xBD, 0x0B, 0xE0, 0x00, 0x0F, 0xC0, 0x3F, 0x00, 0x00, 0xFC, 0x02,
    0xF4, 0x00, 0x1F, 0x80, 0x0F, 0xC0, 0x02, 0xF4, 0x00, 0xFD, 0x00, 0x3F, 0x00, 0x07, 0xF0, 0x03,
    0xF0, 0x00, 0x3F, 0x40, 0x00, 0x00, 0x0A, 0x80, 0x00, 0x03, 0xF8, 0x00, 0x00, 0xBE, 0x00, 0x00,
    0x1F, 0x80, 0x00, 0x03, 0xE0, 0x00, 0x00, 0xB4, 0x00, 0x00, 0x00, 0x00, 0x00, 0x00, 0x00, 0x00,
    0x00, 0x2F, 0x00, 0x00, 0x03, 0xF0, 0x00, 0x00, 0x3F, 0x00, 0x00, 0x07, 0xE0, 0x00, 0x00, 0xBD,
    0x00, 0x00, 0x0B, 0xC0, 0x00, 0x00, 0xFC, 0x00, 0x00, 0x0F, 0xC0, 0x00, 0x01, 0xF8, 0x00, 0x00,
    0x2F, 0x40, 0x00, 0x03, 0xF0, 0x00, 0x00, 0x3F, 0x00, 0x00, 0x03, 0xE0, 0x00, 0x00, 0x7E, 0x00,
    0x00, 0x0B, 0xD0, 0x00, 0x00, 0xFC, 0x00, 0x00, 0x0F, 0xC0, 0x00, 0x01, 0xF8, 0x00, 0x00, 0x1F,
    0x40, 0x00, 0x02, 0xF4, 0x00, 0x00, 0x3F, 0x00, 0x00, 0x03, 0xFA, 0xAA, 0xA8, 0x7F, 0xFF, 0xFF,
    0xCB, 0xFF, 0xFF, 0xF8, 0x00, 0x00, 0x0A, 0x80, 0x00, 0x02, 0xFC, 0x00, 0x00, 0x7F, 0x00, 0x00,
    0x0F, 0xC0, 0x00, 0x03, 0xF0, 0x00, 0x00, 0x78, 0x00, 0x00, 0x00, 0x00, 0x00, 0x00, 0x14, 0x00,
    0x00, 0x0F, 0xC0, 0x00, 0x00, 0xFC, 0x00, 0x00, 0x1F, 0x80, 0x00, 0x02, 0xF4, 0x00, 0x00, 0x2F,
    0x00, 0x00, 0x03, 0xF0, 0x00, 0x00, 0x3F, 0x00, 0x00, 0x07, 0xE0, 0x00, 0x00, 0xBD, 0x00, 0x00,
    0x0F, 0xC0, 0x00, 0x00, 0xFC, 0x00, 0x00, 0x0F, 0x80, 0x00, 0x01, 0xF4, 0x00, 0x00, 0x2F, 0x40,
    0x00, 0x03, 0xF0, 0x00, 0x00, 0x3F, 0x00, 0x00, 0x07, 0xE0, 0x00, 0x00, 0xBD, 0x00, 0x00, 0x0B,
    0xC0, 0x00, 0x00, 0xFC, 0x00, 0x00, 0x0F, 0xC0, 0x00, 0x01, 0xF8, 0x00, 0x00, 0x2F, 0x40, 0x00,
    0x03, 0xF0, 0x00, 0x00, 0x3F, 0x00, 0x00, 0x00, 0x00, 0x2F, 0x00, 0x00, 0x0F, 0xC0, 0x00, 0x03,
    0xF0, 0x00, 0x01, 0xF8, 0x00, 0x00, 0xBD, 0x00, 0x00, 0x2F, 0x00, 0x00, 0x0F, 0xC0, 0x00, 0x03,
    0xF0, 0x00, 0x01, 0xF8, 0x00, 0x00, 0xBD, 0x00, 0x00, 0x3F, 0x00, 0x00, 0x0F, 0xC0, 0x00, 0x03,
    0xE0, 0x00, 0x01, 0xF8, 0x00, 0x00, 0xBD, 0x00, 0x00, 0x3F, 0x00, 0x00, 0x0F, 0xC0, 0x00, 0x07,
    0xE0, 0x00, 0x01, 0xF4, 0x00, 0x00, 0xBD, 0x00, 0x00, 0x3F, 0x00, 0x00, 0x0F, 0xEA, 0xAA, 0xA7,
    0xFF, 0xFF, 0xFE, 0xFF, 0xFF, 0xFE, 0x00, 0x00, 0x00, 0x00, 0x00, 0x00, 0x00, 0x03, 0xF0, 0x00,
    0x01, 0xF4, 0x00, 0x00, 0xF8, 0x00, 0x00, 0x7C, 0x00, 0x00, 0x3C, 0x00, 0x00, 0x04, 0x00, 0x00,
    0x00, 0x00, 0x14, 0x00, 0x00, 0xFC, 0x00, 0x00, 0xFC, 0x00, 0x01, 0xF8, 0x00, 0x02, 0xF4, 0x00,
    0x02, 0xF0, 0x00, 0x03, 0xF0, 0x00, 0x03, 0xF0, 0x00, 0x07, 0xE0, 0x00, 0x0B, 0xD0, 0x00, 0x0F,
    0xC0, 0x00, 0x0F, 0xC0, 0x00, 0x0F, 0x80, 0x00, 0x1F, 0x40, 0x00, 0x2F, 0x40, 0x00, 0x3F, 0x00,
    0x00, 0x3F, 0x00, 0x00, 0x7E, 0x00, 0x00, 0xBD, 0x00, 0x00, 0xBC, 0x00, 0x00, 0xFC, 0x00, 0x00,
    0xFC, 0x00, 0x01, 0xF8, 0x00, 0x02, 0xF4, 0x00, 0x03, 0xF0, 0x00, 0x03, 0xF0, 0x00, 0x00, 0x00,
    0x00, 0x00, 0x00, 0x00, 0x03, 0xF0, 0x00, 0x07, 0xD0, 0x00, 0x0F, 0x80, 0x00, 0x1F, 0x00, 0x00,
    0x3C, 0x00, 0x00, 0x10, 0x00, 0x00, 0x00, 0x2F, 0x00, 0x1A, 0x00, 0x0F, 0xC0, 0x0F, 0xC0, 0x03,
    0xF0, 0x07, 0xC0, 0x01, 0xF8, 0x03, 0xE0, 0x00, 0xBD, 0x01, 0xE0, 0x00, 0x2F, 0x00, 0xA0, 0x00,
    0x0F, 0xC0, 0x00, 0x00, 0x03, 0xF0, 0x00, 0x00, 0x01, 0xF8, 0x00, 0x00, 0x00, 0xBD, 0x00, 0x00,
    0x00, 0x3F, 0x00, 0x00, 0x00, 0x0F, 0xC0, 0x00, 0x00, 0x03, 0xE0, 0x00, 0x00, 0x01, 0xF8, 0x00,
    0x00, 0x00, 0xBD, 0x00, 0x00, 0x00, 0x3F, 0x00, 0x00, 0x00, 0x0F, 0xC0, 0x00, 0x00, 0x07, 0xE0,
    0x00, 0x00, 0x01, 0xF4, 0x00, 0x00, 0x00, 0xBD, 0x00, 0x00, 0x00, 0x3F, 0x00, 0x00, 0x00, 0x0F,
    0xEA, 0xAA, 0xA0, 0x07, 0xFF, 0xFF, 0xFC, 0x02, 0xFF, 0xFF, 0xFE, 0x00, 0x00, 0x01, 0x40, 0x50,
    0x00, 0x3F, 0x0B, 0xD0, 0x00, 0xFC, 0x3F, 0x00, 0x07, 0xE1, 0xF0, 0x00, 0x2F, 0x4F, 0x40, 0x00,
    0xBC, 0x78, 0x00, 0x03, 0xF0, 0x00, 0x00, 0x0F, 0xC0, 0x00, 0x00, 0x7E, 0x00, 0x00, 0x02, 0xF4,
    0x00, 0x00, 0x0F, 0xC0, 0x00, 0x00, 0x3F, 0x00, 0x00, 0x00, 0xF8, 0x00, 0x00, 0x07, 0xD0, 0x00,
    0x00, 0x2F, 0x40, 0x00, 0x00, 0xFC, 0x00, 0x00, 0x03, 0xF0, 0x00, 0x00, 0x1F, 0x80, 0x00, 0x00,
    0xBD, 0x00, 0x00, 0x02, 0xF0, 0x00, 0x00, 0x0F, 0xC0, 0x00, 0x00, 0x3F, 0x00, 0x00, 0x01, 0xF8,
    0x00, 0x00, 0x0B, 0xD0, 0x00, 0x00, 0x3F, 0x00, 0x00, 0x00, 0xFC, 0x00, 0x00, 0x00, 0x00, 0x2F,
    0x00, 0x00, 0x03, 0xF0, 0x00, 0x00, 0x3F, 0x00, 0x00, 0x07, 0xE0, 0x00, 0x00, 0xBD, 0x00, 0x00,
    0x0B, 0xC0, 0x00, 0x00, 0xFC, 0x00, 0x00, 0x0F, 0xC0, 0x00, 0x01, 0xF8, 0x00, 0x00, 0x2F, 0x40,
    0x00, 0x03, 0xF0, 0x01, 0x40, 0x3F, 0x00, 0xBE, 0x03, 0xE0, 0x0F, 0xE0, 0x7E, 0x00, 0xBC, 0x0B,
    0xD0, 0x00, 0x00, 0xFC, 0x00, 0x00, 0x0F, 0xC0, 0x00, 0x01, 0xF8, 0x00, 0x00, 0x1F, 0x40, 0x00,
    0x02, 0xF4, 0x00, 0x00, 0x3F, 0x00, 0x00, 0x03, 0xFA, 0xAA, 0xA8, 0x7F, 0xFF, 0xFF, 0xCB, 0xFF,
    0xFF, 0xF8, 0x00, 0x01, 0x40, 0x00, 0x0F, 0xC0, 0x00, 0x0F, 0xC0, 0x00, 0x1F, 0x80, 0x00, 0x2F,
    0x40, 0x00, 0x2F, 0x00, 0x00, 0x3F, 0x00, 0x00, 0x3F, 0x00, 0x00, 0x7E, 0x00, 0x00, 0xBD, 0x00,
    0x00, 0xFC, 0x00, 0x00, 0xFC, 0x14, 0x00, 0xF8, 0xBE, 0x01, 0xF4, 0xFE, 0x02, 0xF4, 0x7C, 0x03,
    0xF0, 0x00, 0x03, 0xF0, 0x00, 0x07, 0xE0, 0x00, 0x0B, 0xD0, 0x00, 0x0B, 0xC0, 0x00, 0x0F, 0xC0,
    0x00, 0x0F, 0xC0, 0x00, 0x1F, 0x80, 0x00, 0x2F, 0x40, 0x00, 0x3F, 0x00, 0x00, 0x3F, 0x00, 0x00,
    0x00, 0x0B, 0xC0, 0x00, 0x00, 0xFC, 0x00, 0x00, 0x0F, 0xC0, 0x00, 0x01, 0xF8, 0x00, 0x00, 0x2F,
    0x40, 0x00, 0x03, 0xF0, 0x00, 0x00, 0x3F, 0x00, 0x00, 0x03, 0xF0, 0x00, 0x00, 0x7E, 0x00, 0x00,
    0x0B, 0xD1, 0xC0, 0x00, 0xFD, 0xFE, 0x00, 0x0F, 0xFF, 0x80, 0x00, 0xFF, 0x80, 0x00, 0x7F, 0xD0,
    0x00, 0x3F, 0xF4, 0x00, 0x07, 0xFF, 0x00, 0x00, 0x23, 0xF0, 0x00, 0x00, 0x7E, 0x00, 0x00, 0x07,
    0xE0, 0x00, 0x00, 0xBD, 0x00, 0x00, 0x0F, 0xC0, 0x00, 0x00, 0xFE, 0xAA, 0xAA, 0x1F, 0xFF, 0xFF,
    0xF2, 0xFF, 0xFF, 0xFE, 0x00, 0x01, 0x40, 0x00, 0xFC, 0x00, 0x0F, 0xC0, 0x01, 0xF8, 0x00, 0x2F,
    0x40, 0x02, 0xF0, 0x00, 0x3F, 0x00, 0x03, 0xF0, 0x00, 0x7E, 0x00, 0x0B, 0xD0, 0x00, 0xFC, 0x00,
    0x0F, 0xED, 0x00, 0xFF, 0xD0, 0x2F, 0xF0, 0x0B, 0xF4, 0x07, 0xFF, 0x00, 0xBF, 0xF0, 0x01, 0x7E,
    0x00, 0x07, 0xD0, 0x00, 0xBC, 0x00, 0x0F, 0xC0, 0x00, 0xFC, 0x00, 0x1F, 0x80, 0x02, 0xF4, 0x00,
    0x3F, 0x00, 0x03, 0xF0, 0x00, 0x00, 0x00, 0x00, 0x00, 0x69, 0x00, 0x00, 0x00, 0x00, 0x03, 0xF4,
    0x00, 0x00, 0x00, 0x00, 0x3F, 0x40, 0x00, 0x00, 0x00, 0x02, 0xF4, 0x00, 0x00, 0x00, 0x00, 0x1F,
    0x40, 0x00, 0x00, 0x00, 0x00, 0xF0, 0x00, 0x00, 0x00, 0x00, 0x00, 0x00, 0x00, 0x00, 0x00, 0x00,
    0x00, 0x00, 0x00, 0x00, 0x2F, 0x80, 0x00, 0x00, 0xF8, 0x00, 0xFF, 0x00, 0x00, 0x07, 0xD0, 0x03,
    0xFD, 0x00, 0x00, 0x2F, 0x40, 0x1F, 0xFC, 0x00, 0x00, 0xFC, 0x00, 0xBF, 0xF0, 0x00, 0x03, 0xF0,
    0x03, 0xF7, 0xE0, 0x00, 0x0F, 0x80, 0x0F, 0x8F, 0xC0, 0x00, 0x7D, 0x00, 0x3E, 0x2F, 0x00, 0x02,
    0xF0, 0x01, 0xF4, 0x7E, 0x00, 0x0F, 0xC0, 0x0B, 0xC0, 0xFC, 0x00, 0x3F, 0x00, 0x3F, 0x02, 0xF4,
    0x01, 0xF8, 0x00, 0xFC, 0x03, 0xE0, 0x0B, 0xD0, 0x03, 0xE0, 0x0F, 0xC0, 0x2F, 0x00, 0x1F, 0x40,
    0x1F, 0x40, 0xFC, 0x00, 0xBC, 0x00, 0x3F, 0x03, 0xE0, 0x03, 0xF0, 0x00, 0xBC, 0x1F, 0x80, 0x0F,
    0x80, 0x01, 0xF8, 0xBD, 0x00, 0x7E, 0x00, 0x03, 0xF2, 0xF0, 0x02, 0xF4, 0x00, 0x0B, 0xDF, 0xC0,
    0x0B, 0xC0, 0x00, 0x0F, 0xBE, 0x00, 0x3F, 0x00, 0x00, 0x3F, 0xF4, 0x00, 0xF8, 0x00, 0x00, 0x7F,
    0xC0, 0x07, 0xD0, 0x00, 0x00, 0xFF, 0x00, 0x2F, 0x00, 0x00, 0x02, 0xFC, 0x00, 0x00, 0x00, 0x00,
    0x0A, 0x80, 0x00, 0x00, 0x02, 0xFC, 0x00, 0x00, 0x00, 0x7F, 0x00, 0x00, 0x00, 0x0F, 0xC0, 0x00,
    0x00, 0x03, 0xE0, 0x00, 0x00, 0x00, 0x78, 0x00, 0x00, 0x00, 0x00, 0x00, 0x00, 0x00, 0x00, 0x05,
    0x00, 0x00, 0x7C, 0x0F, 0xFE, 0x00, 0x0B, 0xC7, 0xFF, 0xFC, 0x00, 0xFD, 0xFD, 0x6F, 0xD0, 0x0F,
    0xFD, 0x00, 0xFD, 0x01, 0xFF, 0x00, 0x0B, 0xE0, 0x2F, 0xD0, 0x00, 0xBD, 0x03, 0xFC, 0x00, 0x0F,
    0xD0, 0x3F, 0x40, 0x00, 0xFC, 0x03, 0xF0, 0x00, 0x1F, 0xC0, 0x7F, 0x00, 0x02, 0xF8, 0x0B, 0xE0,
    0x00, 0x2F, 0x40, 0xFD, 0x00, 0x03, 0xF0, 0x0F, 0xC0, 0x00, 0x3F, 0x00, 0xFC, 0x00, 0x07, 0xF0,
    0x1F, 0x80, 0x00, 0xBE, 0x02, 0xF4, 0x00, 0x0F, 0xD0, 0x3F, 0x40, 0x00, 0xFC, 0x03, 0xF0, 0x00,
    0x0F, 0xC0, 0x00, 0x2F, 0x80, 0x00, 0x00, 0xF8, 0x00, 0xFF, 0x00, 0x00, 0x07, 0xD0, 0x03, 0xFD,
    0x00, 0x00, 0x2F, 0x40, 0x1F, 0xFC, 0x00, 0x00, 0xFC, 0x00, 0xBF, 0xF0, 0x00, 0x03, 0xF0, 0x03,
    0xF7, 0xE0, 0x00, 0x0F, 0x80, 0x0F, 0x8F, 0xC0, 0x00, 0x7D, 0x00, 0x3E, 0x2F, 0x00, 0x02, 0xF0,
    0x01, 0xF4, 0x7E, 0x00, 0x0F, 0xC0, 0x0B, 0xC0, 0xFC, 0x00, 0x3F, 0x00, 0x3F, 0x02, 0xF4, 0x01,
    0xF8, 0x00, 0xFC, 0x03, 0xE0, 0x0B, 0xD0, 0x03, 0xE0, 0x0F, 0xC0, 0x2F, 0x00, 0x1F, 0x40, 0x1F,
    0x40, 0xFC, 0x00, 0xBC, 0x00, 0x3F, 0x03, 0xE0, 0x03, 0xF0, 0x00, 0xBC, 0x1F, 0x80, 0x0F, 0x80,
    0x01, 0xF8, 0xBD, 0x00, 0x7E, 0x00, 0x03, 0xF2, 0xF0, 0x02, 0xF4, 0x00, 0x0B, 0xDF, 0xC0, 0x0B,
    0xC0, 0x00, 0x0F, 0xBE, 0x00, 0x3F, 0x00, 0x00, 0x3F, 0xF4, 0x00, 0xF8, 0x00, 0x00, 0x7F, 0xC0,
    0x07, 0xD0, 0x00, 0x00, 0xFF, 0x00, 0x2F, 0x00, 0x00, 0x02, 0xFC, 0x00, 0x00, 0x00, 0x00, 0x00,
    0x00, 0x00, 0x00, 0x00, 0x00, 0x00, 0x00, 0x00, 0x00, 0x1F, 0x40, 0x00, 0x00, 0x00, 0x00, 0xFC,
    0x00, 0x00, 0x00, 0x00, 0x07, 0xC0, 0x00, 0x00, 0x00, 0x00, 0x3E, 0x00, 0x00, 0x00, 0x00, 0x01,
    0xE0, 0x00, 0x00, 0x00, 0x00, 0x01, 0x00, 0x00, 0x00, 0x00, 0x00, 0x00, 0x00, 0x50, 0x00, 0x07,
    0xC0, 0xFF, 0xE0, 0x00, 0xBC, 0x7F, 0xFF, 0xC0, 0x0F, 0xDF, 0xD6, 0xFD, 0x00, 0xFF, 0xD0, 0x0F,
    0xD0, 0x1F, 0xF0, 0x00, 0xBE, 0x02, 0xFD, 0x00, 0x0B, 0xD0, 0x3F, 0xC0, 0x00, 0xFD, 0x03, 0xF4,
    0x00, 0x0F, 0xC0, 0x3F, 0x00, 0x01, 0xFC, 0x07, 0xF0, 0x00, 0x2F, 0x80, 0xBE, 0x00, 0x02, 0xF4,
    0x0F, 0xD0, 0x00, 0x3F, 0x00, 0xFC, 0x00, 0x03, 0xF0, 0x0F, 0xC0, 0x00, 0x7F, 0x01, 0xF8, 0x00,
    0x0B, 0xE0, 0x2F, 0x40, 0x00, 0xFD, 0x03, 0xF4, 0x00, 0x0F, 0xC0, 0x3F, 0x00, 0x00, 0xFC, 0x00,
    0x00, 0x00, 0x00, 0x00, 0x00, 0x00, 0x00, 0x00, 0x00, 0x00, 0xBD, 0x00, 0x00, 0x00, 0x0F, 0xC0,
    0x00, 0x00, 0x01, 0xF0, 0x00, 0x00, 0x00, 0x3D, 0x00, 0x00, 0x00, 0x07, 0x80, 0x00, 0x00, 0x00,
    0x50, 0x00, 0x00, 0x00, 0x00, 0x00, 0x06, 0x00, 0x06, 0x40, 0x00, 0x00, 0x1F, 0x00, 0xBC, 0x00,
    0x00, 0x00, 0x2F, 0x0F, 0xC0, 0x00, 0x00, 0x00, 0x3F, 0xFC, 0x00, 0x00, 0x00, 0x00, 0xBF, 0xC0,
    0x00, 0x00, 0x00, 0x00, 0xFC, 0x00, 0x00, 0x00, 0x00, 0x00, 0x00, 0x00, 0x00, 0x00, 0x00, 0x00,
    0x00, 0x00, 0x00, 0x2F, 0x80, 0x00, 0x00, 0xF8, 0x00, 0xFF, 0x00, 0x00, 0x07, 0xD0, 0x03, 0xFD,
    0x00, 0x00, 0x2F, 0x40, 0x1F, 0xFC, 0x00, 0x00, 0xFC, 0x00, 0xBF, 0xF0, 0x00, 0x03, 0xF0, 0x03,
    0xF7, 0xE0, 0x00, 0x0F, 0x80, 0x0F, 0x8F, 0xC0, 0x00, 0x7D, 0x00, 0x3E, 0x2F, 0x00, 0x02, 0xF0,
    0x01, 0xF4, 0x7E, 0x00, 0x0F, 0xC0, 0x0B, 0xC0, 0xFC, 0x00, 0x3F, 0x00, 0x3F, 0x02, 0xF4, 0x01,
    0xF8, 0x00, 0xFC, 0x03, 0xE0, 0x0B, 0xD0, 0x03, 0xE0, 0x0F, 0xC0, 0x2F, 0x00, 0x1F, 0x40, 0x1F,
    0x40, 0xFC, 0x00, 0xBC, 0x00, 0x3F, 0x03, 0xE0, 0x03, 0xF0, 0x00, 0xBC, 0x1F, 0x80, 0x0F, 0x80,
    0x01, 0xF8, 0xBD, 0x00, 0x7E, 0x00, 0x03, 0xF2, 0xF0, 0x02, 0xF4, 0x00, 0x0B, 0xDF, 0xC0, 0x0B,
    0xC0, 0x00, 0x0F, 0xBE, 0x00, 0x3F, 0x00, 0x00, 0x3F, 0xF4, 0x00, 0xF8, 0x00, 0x00, 0x7F, 0xC0,
    0x07, 0xD0, 0x00, 0x00, 0xFF, 0x00, 0x2F, 0x00, 0x00, 0x02, 0xFC, 0x00, 0x00, 0x00, 0x90, 0x00,
    0xA0, 0x00, 0x03, 0xE0, 0x1F, 0x40, 0x00, 0x03, 0xD2, 0xF4, 0x00, 0x00, 0x0B, 0xFF, 0x40, 0x00,
    0x00, 0x0F, 0xF4, 0x00, 0x00, 0x00, 0x1F, 0x80, 0x00, 0x00, 0x00, 0x00, 0x00, 0x00, 0x00, 0x00,
    0x14, 0x00, 0x00, 0x7C, 0x0F, 0xFE, 0x00, 0x02, 0xF1, 0xFF, 0xFF, 0x00, 0x0F, 0xDF, 0xD6, 0xFD,
    0x00, 0x3F, 0xF4, 0x03, 0xF4, 0x01, 0xFF, 0x00, 0x0B, 0xE0, 0x0B, 0xF4, 0x00, 0x2F, 0x40, 0x3F,
    0xC0, 0x00, 0xFD, 0x00, 0xFD, 0x00, 0x03, 0xF0, 0x03, 0xF0, 0x00, 0x1F, 0xC0, 0x1F, 0xC0, 0x00,
    0xBE, 0x00, 0xBE, 0x00, 0x02, 0xF4, 0x03, 0xF4, 0x00, 0x0F, 0xC0, 0x0F, 0xC0, 0x00, 0x3F, 0x00,
    0x3F, 0x00, 0x01, 0xFC, 0x01, 0xF8, 0x00, 0x0B, 0xE0, 0x0B, 0xD0, 0x00, 0x3F, 0x40, 0x3F, 0x40,
    0x00, 0xFC, 0x00, 0xFC, 0x00, 0x03, 0xF0, 0x00, 0x01, 0xF8, 0x00, 0x00, 0x00, 0x03, 0xF8, 0x00,
    0x00, 0x00, 0x03, 0xF0, 0x00, 0x00, 0x00, 0x0B, 0xE0, 0x00, 0x00, 0x00, 0x0F, 0xC0, 0x00, 0x00,
    0x00, 0x1F, 0x40, 0x00, 0x04, 0x00, 0x3F, 0x0F, 0xC1, 0xFF, 0xD0, 0x7C, 0x0F, 0x8F, 0xFF, 0xF4,
    0x14, 0x1F, 0xBF, 0x97, 0xFC, 0x00, 0x2F, 0xFC, 0x00, 0xFC, 0x00, 0x2F, 0xF0, 0x00, 0xFC, 0x00,
    0x3F, 0xC0, 0x00, 0xFC, 0x00, 0x3F, 0x40, 0x01, 0xFC, 0x00, 0x7F, 0x00, 0x02, 0xF8, 0x00, 0xBE,
    0x00, 0x02, 0xF4, 0x00, 0xFD, 0x00, 0x03, 0xF0, 0x00, 0xFC, 0x00, 0x03, 0xF0, 0x00, 0xFC, 0x00,
    0x07, 0xF0, 0x01, 0xF8, 0x00, 0x0B, 0xE0, 0x02, 0xF8, 0x00, 0x0F, 0xD0, 0x03, 0xF4, 0x00, 0x0F,
    0xC0, 0x03, 0xF0, 0x00, 0x0F, 0xC0, 0x07, 0xF0, 0x00, 0x1F, 0x80, 0x0B, 0xE0, 0x00, 0x2F, 0x80,
    0x00, 0x2F, 0x80, 0x00, 0x00, 0xF8, 0x00, 0xFF, 0x00, 0x00, 0x07, 0xD0, 0x03, 0xFD, 0x00, 0x00,
    0x2F, 0x40, 0x1F, 0xFC, 0x00, 0x00, 0xFC, 0x00, 0xBF, 0xF0, 0x00, 0x03, 0xF0, 0x03, 0xF7, 0xE0,
    0x00, 0x1F, 0x80, 0x0F, 0x8F, 0xC0, 0x00, 0x7D, 0x00, 0x3E, 0x2F, 0x40, 0x02, 0xF0, 0x01, 0xF4,
    0x3E, 0x00, 0x0F, 0xC0, 0x0B, 0xC0, 0xFC, 0x00, 0x3F, 0x00, 0x3F, 0x01, 0xF4, 0x01, 0xF8, 0x00,
    0xFC, 0x03, 0xF0, 0x0B, 0xD0, 0x03, 0xE0, 0x0B, 0xC0, 0x3F, 0x00, 0x1F, 0x40, 0x1F, 0x80, 0xFC,
    0x00, 0xBC, 0x00, 0x3F, 0x03, 0xE0, 0x03, 0xF0, 0x00, 0xBD, 0x1F, 0x80, 0x0F, 0x80, 0x00, 0xF8,
    0xBD, 0x00, 0x7E, 0x00, 0x02, 0xF2, 0xF0, 0x02, 0xF4, 0x00, 0x07, 0xDF, 0xC0, 0x0B, 0xC0, 0x00,
    0x0F, 0xFE, 0x00, 0x3F, 0x00, 0x00, 0x2F, 0xF4, 0x00, 0xF8, 0x00, 0x00, 0x3F, 0xC0, 0x07, 0xD0,
    0x00, 0x00, 0xFF, 0x00, 0x2F, 0x00, 0x00, 0x01, 0xFC, 0x00, 0x00, 0x00, 0x00, 0x07, 0xE0, 0x00,
    0x00, 0x00, 0x00, 0x2F, 0x40, 0x00, 0x00, 0x00, 0x01, 0xFC, 0x00, 0x00, 0x00, 0x15, 0x6F, 0xD0,
    0x00, 0x00, 0x00, 0xFF, 0xFD, 0x00, 0x00, 0x00, 0x03, 0xFF, 0xD0, 0x00, 0x00, 0x00, 0x00, 0x50,
    0x00, 0x00, 0x00, 0x00, 0x00, 0x00, 0x00, 0x00, 0x07, 0xC0, 0xBF, 0xE0, 0x00, 0xBC, 0x7F, 0xFF,
    0x80, 0x0F, 0xDF, 0x96, 0xFC, 0x00, 0xFF, 0xC0, 0x0B, 0xD0, 0x0F, 0xF0, 0x00, 0xBD, 0x01, 0xFD,
    0x00, 0x0B, 0xD0, 0x2F, 0xC0, 0x00, 0xFC, 0x03, 0xF4, 0x00, 0x0F, 0xC0, 0x3F, 0x00, 0x00, 0xFC,
    0x07, 0xE0, 0x00, 0x1F, 0x80, 0x7D, 0x00, 0x02, 0xF4, 0x0B, 0xC0, 0x00, 0x3F, 0x00, 0xFC, 0x00,
    0x03, 0xF0, 0x0F, 0xC0, 0x00, 0x7E, 0x01, 0xF8, 0x00, 0x07, 0xE0, 0x2F, 0x40, 0x00, 0xBD, 0x02,
    0xF0, 0x00, 0x0F, 0xC0, 0x3F, 0x00, 0x00, 0xFC, 0x00, 0x00, 0x00, 0x1F, 0x80, 0x00, 0x00, 0x02,
    0xF4, 0x00, 0x00, 0x00, 0x3F, 0x00, 0x00, 0x00, 0x03, 0xF0, 0x00, 0x00, 0x00, 0xBE, 0x00, 0x00,
    0x02, 0x6F, 0xC0, 0x00, 0x00, 0x7F, 0xF4, 0x00, 0x00, 0x03, 0xFD, 0x00, 0x00, 0x00, 0x00, 0x1A,
    0xAA, 0xA4, 0x00, 0x00, 0x0B, 0xFF, 0xFD, 0x00, 0x00, 0x02, 0xFF, 0xFF, 0x00, 0x00, 0x00, 0x00,
    0x00, 0x00, 0x00, 0x00, 0x00, 0x00, 0x00, 0x00, 0x00, 0x1F, 0xFF, 0x90, 0x00, 0x00, 0x7F, 0xFF,
    0xFE, 0x00, 0x00, 0xBF, 0xE9, 0xBF, 0xF0, 0x00, 0xBF, 0x80, 0x01, 0xFE, 0x00, 0x7F, 0x40, 0x00,
    0x1F, 0xC0, 0x3F, 0x40, 0x00, 0x03, 0xF4, 0x2F, 0x80, 0x00, 0x00, 0xBE, 0x0F, 0xC0, 0x00, 0x00,
    0x1F, 0xCB, 0xE0, 0x00, 0x00, 0x03, 0xF3, 0xF4, 0x00, 0x00, 0x00, 0xFC, 0xFC, 0x00, 0x00, 0x00,
    0x3F, 0x7F, 0x00, 0x00, 0x00, 0x1F, 0xDF, 0x80, 0x00, 0x00, 0x07, 0xFB, 0xE0, 0x00, 0x00, 0x02,
    0xFA, 0xF8, 0x00, 0x00, 0x00, 0xFD, 0xBE, 0x00, 0x00, 0x00, 0x7F, 0x2F, 0x80, 0x00, 0x00, 0x2F,
    0xC7, 0xF0, 0x00, 0x00, 0x0F, 0xD0, 0xFC, 0x00, 0x00, 0x0F, 0xF0, 0x3F, 0xC0, 0x00, 0x0B, 0xF0,
    0x07, 0xF8, 0x00, 0x0F, 0xF4, 0x00, 0xBF, 0xE5, 0x6F, 0xF8, 0x00, 0x0B, 0xFF, 0xFF, 0xF4, 0x00,
    0x00, 0x2F, 0xFF, 0xD0, 0x00, 0x00, 0x00, 0x15, 0x00, 0x00, 0x00, 0x00, 0x0A, 0xAA, 0xA8, 0x00,
    0x03, 0xFF, 0xFF, 0x00, 0x01, 0xFF, 0xFF, 0x80, 0x00, 0x00, 0x00, 0x00, 0x00, 0x00, 0x00, 0x00,
    0x00, 0x01, 0xFF, 0xE0, 0x00, 0x07, 0xFF, 0xFF, 0x00, 0x07, 0xFD, 0x5F, 0xF0, 0x03, 0xF8, 0x00,
    0xBE, 0x02, 0xF8, 0x00, 0x0F, 0xC0, 0xFC, 0x00, 0x03, 0xF0, 0xBD, 0x00, 0x00, 0xFC, 0x3F, 0x00,
    0x00, 0x3F, 0x0F, 0xC0, 0x00, 0x0F, 0xC7, 0xE0, 0x00, 0x03, 0xF1, 0xF8, 0x00, 0x01, 0xF8, 0x7E,
    0x00, 0x00, 0xBD, 0x1F, 0x80, 0x00, 0x3F, 0x03, 0xF0, 0x00, 0x2F, 0x80, 0xFD, 0x00, 0x1F, 0xC0,
    0x1F, 0xE4, 0x6F, 0xD0, 0x02, 0xFF, 0xFF, 0xD0, 0x00, 0x1F, 0xFF, 0x80, 0x00, 0x00, 0x04, 0x00,
    0x00, 0x00, 0x00, 0x18, 0x00, 0x28, 0x00, 0x00, 0x0B, 0x80, 0x1E, 0x00, 0x00, 0x01, 0xFE, 0xBF,
    0x00, 0x00, 0x00, 0x2F, 0xFF, 0x40, 0x00, 0x00, 0x01, 0xBA, 0x00, 0x00, 0x00, 0x00, 0x00, 0x00,
    0x00, 0x00, 0x00, 0x00, 0x00, 0x00, 0x00, 0x01, 0xFF, 0xF9, 0x00, 0x00, 0x07, 0xFF, 0xFF, 0xE0,
    0x00, 0x0B, 0xFE, 0x9B, 0xFF, 0x00, 0x0B, 0xF8, 0x00, 0x1F, 0xE0, 0x07, 0xF4, 0x00, 0x01, 0xFC,
    0x03, 0xF4, 0x00, 0x00, 0x3F, 0x42, 0xF8, 0x00, 0x00, 0x0B, 0xE0, 0xFC, 0x00, 0x00, 0x01, 0xFC,
    0xBE, 0x00, 0x00, 0x00, 0x3F, 0x3F, 0x40, 0x00, 0x00, 0x0F, 0xCF, 0xC0, 0x00, 0x00, 0x03, 0xF7,
    0xF0, 0x00, 0x00, 0x01, 0xFD, 0xF8, 0x00, 0x00, 0x00, 0x7F, 0xBE, 0x00, 0x00, 0x00, 0x2F, 0xAF,
    0x80, 0x00, 0x00, 0x0F, 0xDB, 0xE0, 0x00, 0x00, 0x07, 0xF2, 0xF8, 0x00, 0x00, 0x02, 0xFC, 0x7F,
    0x00, 0x00, 0x00, 0xFD, 0x0F, 0xC0, 0x00, 0x00, 0xFF, 0x03, 0xFC, 0x00, 0x00, 0xBF, 0x00, 0x7F,
    0x80, 0x00, 0xFF, 0x40, 0x0B, 0xFE, 0x56, 0xFF, 0x80, 0x00, 0xBF, 0xFF, 0xFF, 0x40, 0x00, 0x02,
    0xFF, 0xFD, 0x00, 0x00, 0x00, 0x01, 0x50, 0x00, 0x00, 0x00, 0x0A, 0x00, 0x19, 0x00, 0x03, 0xC0,
    0x0F, 0x00, 0x00, 0xFE, 0xAF, 0x80, 0x00, 0x0F, 0xFF, 0xC0, 0x00, 0x00, 0xBE, 0x40, 0x00, 0x00,
    0x00, 0x00, 0x00, 0x00, 0x00, 0x00, 0x00, 0x00, 0x1F, 0xFE, 0x00, 0x00, 0x7F, 0xFF, 0xF0, 0x00,
    0x7F, 0xD5, 0xFF, 0x00, 0x3F, 0x80, 0x0B, 0xE0, 0x2F, 0x80, 0x00, 0xFC, 0x0F, 0xC0, 0x00, 0x3F,
    0x0B, 0xD0, 0x00, 0x0F, 0xC3, 0xF0, 0x00, 0x03, 0xF0, 0xFC, 0x00, 0x00, 0xFC, 0x7E, 0x00, 0x00,
    0x3F, 0x1F, 0x80, 0x00, 0x1F, 0x87, 0xE0, 0x00, 0x0B, 0xD1, 0xF8, 0x00, 0x03, 0xF0, 0x3F, 0x00,
    0x02, 0xF8, 0x0F, 0xD0, 0x01, 0xFC, 0x01, 0xFE, 0x46, 0xFD, 0x00, 0x2F, 0xFF, 0xFD, 0x00, 0x01,
    0xFF, 0xF8, 0x00, 0x00, 0x00, 0x40, 0x00, 0x00, 0x00, 0x00, 0x00, 0x1A, 0x02, 0xA0, 0x00, 0x00,
    0x01, 0xFC, 0x2F, 0x40, 0x00, 0x00, 0x0F, 0xC1, 0xF8, 0x00, 0x00, 0x00, 0xBC, 0x0F, 0x80, 0x00,
    0x00, 0x0B, 0xC0, 0xF4, 0x00, 0x00, 0x00, 0x38, 0x07, 0x40, 0x00, 0x00, 0x00, 0x00, 0x00, 0x00,
    0x00, 0x00, 0x00, 0x00, 0x00, 0x00, 0x00, 0x00, 0x7F, 0xFE, 0x40, 0x00, 0x00, 0x1F, 0xFF, 0xFF,
    0x80, 0x00, 0x02, 0xFF, 0xA6, 0xFF, 0xC0, 0x00, 0x2F, 0xE0, 0x00, 0x7F, 0x80, 0x01, 0xFD, 0x00,
    0x00, 0x7F, 0x00, 0x0F, 0xD0, 0x00, 0x00, 0xFD, 0x00, 0xBE, 0x00, 0x00, 0x02, 0xF8, 0x03, 0xF0,
    0x00, 0x00, 0x07, 0xF0, 0x2F, 0x80, 0x00, 0x00, 0x0F, 0xC0, 0xFD, 0x00, 0x00, 0x00, 0x3F, 0x03,
    0xF0, 0x00, 0x00, 0x00, 0xFC, 0x1F, 0xC0, 0x00, 0x00, 0x07, 0xF0, 0x7E, 0x00, 0x00, 0x00, 0x1F,
    0xC2, 0xF8, 0x00, 0x00, 0x00, 0xBE, 0x0B, 0xE0, 0x00, 0x00, 0x03, 0xF4, 0x2F, 0x80, 0x00, 0x00,
    0x1F, 0xC0, 0xBE, 0x00, 0x00, 0x00, 0xBF, 0x01, 0xFC, 0x00, 0x00, 0x03, 0xF4, 0x03, 0xF0, 0x00,
    0x00, 0x3F, 0xC0, 0x0F, 0xF0, 0x00, 0x02, 0xFC, 0x00, 0x1F, 0xE0, 0x00, 0x3F, 0xD0, 0x00, 0x2F,
    0xF9, 0x5B, 0xFE, 0x00, 0x00, 0x2F, 0xFF, 0xFF, 0xD0, 0x00, 0x00, 0x0B, 0xFF, 0xF4, 0x00, 0x00,
    0x00, 0x00, 0x54, 0x00, 0x00, 0x00, 0x00, 0x00, 0x0A, 0x81, 0xA4, 0x00, 0x00, 0xBD, 0x0F, 0xC0,
    0x00, 0x07, 0xD0, 0xFC, 0x00, 0x00, 0x3D, 0x0B, 0xC0, 0x00, 0x03, 0xD0, 0x7C, 0x00, 0x00, 0x2D,
    0x03, 0x80, 0x00, 0x00, 0x00, 0x00, 0x00, 0x00, 0x00, 0x00, 0x00, 0x00, 0x00, 0x07, 0xFF, 0x80,
    0x00, 0x01, 0xFF, 0xFF, 0xC0, 0x00, 0x1F, 0xF5, 0x7F, 0xC0, 0x00, 0xFE, 0x00, 0x2F, 0x80, 0x0B,
    0xE0, 0x00, 0x3F, 0x00, 0x3F, 0x00, 0x00, 0xFC, 0x02, 0xF4, 0x00, 0x03, 0xF0, 0x0F, 0xC0, 0x00,
    0x0F, 0xC0, 0x3F, 0x00, 0x00, 0x3F, 0x01, 0xF8, 0x00, 0x00, 0xFC, 0x07, 0xE0, 0x00, 0x07, 0xE0,
    0x1F, 0x80, 0x00, 0x2F, 0x40, 0x7E, 0x00, 0x00, 0xFC, 0x00, 0xFC, 0x00, 0x0B, 0xE0, 0x03, 0xF4,
    0x00, 0x7F, 0x00, 0x07, 0xF9, 0x1B, 0xF4, 0x00, 0x0B, 0xFF, 0xFF, 0x40, 0x00, 0x07, 0xFF, 0xE0,
    0x00, 0x00, 0x00, 0x10, 0x00, 0x00, 0x00, 0x00, 0x00, 0x00, 0x00, 0x00, 0x00, 0x00, 0x00, 0x00,
    0x7F, 0xFF, 0xFF, 0xFF, 0xFE, 0x00, 0x07, 0xFF, 0xFF, 0xFF, 0xFF, 0xFE, 0x00, 0x2F, 0xFA, 0x6B,
    0xFF, 0xFF, 0xFD, 0x00, 0xBF, 0x80, 0x03, 0xF0, 0x00, 0x00, 0x01, 0xFD, 0x00, 0x03, 0xF0, 0x00,
    0x00, 0x03, 0xF4, 0x00, 0x07, 0xE0, 0x00, 0x00, 0x0B, 0xE0, 0x00, 0x07, 0xE0, 0x00, 0x00, 0x0F,
    0xC0, 0x00, 0x0B, 0xD0, 0x00, 0x00, 0x2F, 0x80, 0x00, 0x0F, 0xC0, 0x00, 0x00, 0x3F, 0x40, 0x00,
    0x0F, 0xC0, 0x00, 0x00, 0x3F, 0x00, 0x00, 0x1F, 0xEA, 0xAA, 0x80, 0x7F, 0x00, 0x00, 0x2F, 0xFF,
    0xFF, 0xC0, 0x7E, 0x00, 0x00, 0x3F, 0xFF, 0xFF, 0x80, 0xBE, 0x00, 0x00, 0x3F, 0x00, 0x00, 0x00,
    0xBE, 0x00, 0x00, 0x3F, 0x00, 0x00, 0x00, 0xBE, 0x00, 0x00, 0x7E, 0x00, 0x00, 0x00, 0xBE, 0x00,
    0x00, 0xBD, 0x00, 0x00, 0x00, 0x7F, 0x00, 0x00, 0xFC, 0x00, 0x00, 0x00, 0x3F, 0x00, 0x00, 0xFC,
    0x00, 0x00, 0x00, 0x3F, 0xC0, 0x00, 0xFC, 0x00, 0x00, 0x00, 0x1F, 0xE0, 0x01, 0xF8, 0x00, 0x00,
    0x00, 0x0B, 0xFE, 0x57, 0xFE, 0xAA, 0xA9, 0x00, 0x02, 0xFF, 0xFF, 0xFF, 0xFF, 0xFD, 0x00, 0x00,
    0x2F, 0xFF, 0xFF, 0xFF, 0xFC, 0x00, 0x00, 0x00, 0x50, 0x00, 0x00, 0x00, 0x00, 0x00, 0x00, 0x00,
    0x00, 0x00, 0x00, 0x00, 0x00, 0x1F, 0xFE, 0x00, 0x1F, 0xFE, 0x00, 0x03, 0xFF, 0xFF, 0x02, 0xFF,
    0xFF, 0x00, 0x3F, 0xD5, 0xFF, 0x2F, 0xD5, 0xFE, 0x03, 0xF8, 0x00, 0xBF, 0xF8, 0x00, 0xFC, 0x2F,
    0x80, 0x00, 0xFF, 0xC0, 0x03, 0xF0, 0xFC, 0x00, 0x03, 0xFC, 0x00, 0x1F, 0x8B, 0xD0, 0x00, 0x0F,
    0xE0, 0x01, 0xFC, 0x3F, 0x00, 0x00, 0x3F, 0x41, 0xBF, 0xE0, 0xFC, 0x00, 0x00, 0xFF, 0xFF, 0xFD,
    0x07, 0xE0, 0x00, 0x03, 0xFF, 0xFE, 0x40, 0x1F, 0x80, 0x00, 0x0F, 0xD0, 0x00, 0x00, 0x7E, 0x00,
    0x00, 0xBF, 0x00, 0x00, 0x01, 0xF8, 0x00, 0x03, 0xFC, 0x00, 0x00, 0x03, 0xF0, 0x00, 0x2F, 0xF0,
    0x00, 0x00, 0x0F, 0xD0, 0x01, 0xFF, 0xE0, 0x00, 0x00, 0x1F, 0xE4, 0x6F, 0xCF, 0xE4, 0x1B, 0x80,
    0x2F, 0xFF, 0xFC, 0x1F, 0xFF, 0xFE, 0x00, 0x1F, 0xFF, 0x40, 0x1F, 0xFF, 0xE0, 0x00, 0x00, 0x00,
    0x00, 0x01, 0x50, 0x00, 0x00, 0x00, 0x00, 0x0A, 0x90, 0x00, 0x00, 0x02, 0xFC, 0x00, 0x00, 0x00,
    0x3F, 0x00, 0x00, 0x00, 0x0F, 0xC0, 0x00, 0x00, 0x03, 0xF0, 0x00, 0x00, 0x00, 0x78, 0x00, 0x00,
    0x00, 0x00, 0x00, 0x00, 0x00, 0x00, 0x00, 0x00, 0x00, 0x2F, 0xFF, 0x90, 0x00, 0x03, 0xFF, 0xFF,
    0xE0, 0x00, 0x3F, 0xFF, 0xFF, 0xC0, 0x07, 0xE0, 0x01, 0xFD, 0x00, 0xBD, 0x00, 0x0B, 0xF0, 0x0B,
    0xD0, 0x00, 0x3F, 0x00, 0xFC, 0x00, 0x03, 0xF0, 0x0F, 0xC0, 0x00, 0x3F, 0x01, 0xF8, 0x00, 0x07,
    0xE0, 0x2F, 0x40, 0x00, 0xFD, 0x03, 0xF0, 0x00, 0x3F, 0x80, 0x3F, 0x55, 0xBF, 0xF0, 0x03, 0xFF,
    0xFF, 0xF8, 0x00, 0x7F, 0xFF, 0xF4, 0x00, 0x0B, 0xD0, 0x2F, 0x40, 0x00, 0xFC, 0x00, 0xFC, 0x00,
    0x0F, 0xC0, 0x0F, 0xC0, 0x01, 0xF8, 0x00, 0xBE, 0x00, 0x1F, 0x40, 0x03, 0xF0, 0x02, 0xF4, 0x00,
    0x3F, 0x40, 0x3F, 0x00, 0x02, 0xF8, 0x03, 0xF0, 0x00, 0x0F, 0xC0, 0x7E, 0x00, 0x00, 0xFD, 0x0B,
    0xD0, 0x00, 0x07, 0xF0, 0x00, 0x00, 0x00, 0xA8, 0x00, 0x00, 0x02, 0xFC, 0x00, 0x00, 0x07, 0xF0,
    0x00, 0x00, 0x0F, 0xC0, 0x00, 0x00, 0x3E, 0x00, 0x00, 0x00, 0x78, 0x00, 0x00, 0x00, 0x00, 0x00,
    0x00, 0x00, 0x00, 0x00, 0x00, 0x7C, 0x1F, 0xF0, 0x00, 0xBC, 0x7F, 0xF0, 0x00, 0xFD, 0xFA, 0x90,
    0x00, 0xFF, 0xD0, 0x00, 0x00, 0xFF, 0x00, 0x00, 0x01, 0xFD, 0x00, 0x00, 0x02, 0xFC, 0x00, 0x00,
    0x03, 0xF4, 0x00, 0x00, 0x03, 0xF0, 0x00, 0x00, 0x07, 0xE0, 0x00, 0x00, 0x07, 0xD0, 0x00, 0x00,
    0x0B, 0xC0, 0x00, 0x00, 0x0F, 0xC0, 0x00, 0x00, 0x0F, 0xC0, 0x00, 0x00, 0x1F, 0x80, 0x00, 0x00,
    0x2F, 0x40, 0x00, 0x00, 0x2F, 0x00, 0x00, 0x00, 0x3F, 0x00, 0x00, 0x00, 0x00, 0x2F, 0xFF, 0x90,
    0x00, 0x03, 0xFF, 0xFF, 0xE0, 0x00, 0x3F, 0xFF, 0xFF, 0xC0, 0x07, 0xE0, 0x01, 0xFD, 0x00, 0xBD,
    0x00, 0x0B, 0xF0, 0x0B, 0xD0, 0x00, 0x3F, 0x00, 0xFC, 0x00, 0x03, 0xF0, 0x0F, 0xC0, 0x00, 0x3F,
    0x01, 0xF8, 0x00, 0x07, 0xE0, 0x2F, 0x40, 0x00, 0xFD, 0x03, 0xF0, 0x00, 0x3F, 0x80, 0x3F, 0x55,
    0xBF, 0xF0, 0x03, 0xFF, 0xFF, 0xF8, 0x00, 0x7F, 0xFF, 0xF4, 0x00, 0x0B, 0xD0, 0x2F, 0x40, 0x00,
    0xFC, 0x00, 0xFC, 0x00, 0x0F, 0xC0, 0x0F, 0xC0, 0x01, 0xF8, 0x00, 0xBE, 0x00, 0x1F, 0x40, 0x03,
    0xF0, 0x02, 0xF4, 0x00, 0x3F, 0x40, 0x3F, 0x00, 0x02, 0xF8, 0x03, 0xF0, 0x00, 0x0F, 0xC0, 0x7E,
    0x00, 0x00, 0xFD, 0x0B, 0xD0, 0x00, 0x07, 0xF0, 0x00, 0x00, 0x00, 0x00, 0x00, 0x00, 0x00, 0x00,
    0x00, 0x00, 0x0F, 0xC0, 0x00, 0x00, 0x01, 0xF4, 0x00, 0x00, 0x00, 0x3E, 0x00, 0x00, 0x00, 0x07,
    0xC0, 0x00, 0x00, 0x00, 0xF0, 0x00, 0x00, 0x00, 0x04, 0x00, 0x00, 0x00, 0x00, 0x00, 0x00, 0x00,
    0x00, 0x01, 0xF0, 0x7F, 0xC0, 0x00, 0xBC, 0x7F, 0xF0, 0x00, 0x3F, 0x7E, 0xA4, 0x00, 0x0F, 0xFD,
    0x00, 0x00, 0x03, 0xFC, 0x00, 0x00, 0x01, 0xFD, 0x00, 0x00, 0x00, 0xBF, 0x00, 0x00, 0x00, 0x3F,
    0x40, 0x00, 0x00, 0x0F, 0xC0, 0x00, 0x00, 0x07, 0xE0, 0x00, 0x00, 0x01, 0xF4, 0x00, 0x00, 0x00,
    0xBC, 0x00, 0x00, 0x00, 0x3F, 0x00, 0x00, 0x00, 0x0F, 0xC0, 0x00, 0x00, 0x07, 0xE0, 0x00, 0x00,
    0x02, 0xF4, 0x00, 0x00, 0x00, 0xBC, 0x00, 0x00, 0x00, 0x3F, 0x00, 0x00, 0x00, 0x00, 0x00, 0x00,
    0x00, 0x00, 0x00, 0x00, 0x00, 0x00, 0xFC, 0x00, 0x00, 0x00, 0x7D, 0x00, 0x00, 0x00, 0x3F, 0x00,
    0x00, 0x00, 0x1F, 0x00, 0x00, 0x00, 0x0F, 0x40, 0x00, 0x00, 0x01, 0x40, 0x00, 0x00, 0x00, 0x00,
    0x00, 0x90, 0x00, 0x60, 0x00, 0x02, 0xE0, 0x1F, 0x80, 0x00, 0x03, 0xE1, 0xF8, 0x00, 0x00, 0x07,
    0xFF, 0x80, 0x00, 0x00, 0x0F, 0xF8, 0x00, 0x00, 0x00, 0x1F, 0x80, 0x00, 0x00, 0x00, 0x00, 0x00,
    0x00, 0x00, 0x00, 0x00, 0x00, 0x00, 0x2F, 0xFF, 0x90, 0x00, 0x00, 0xFF, 0xFF, 0xF8, 0x00, 0x03,
    0xFF, 0xFF, 0xFC, 0x00, 0x1F, 0x80, 0x07, 0xF4, 0x00, 0xBD, 0x00, 0x0B, 0xF0, 0x02, 0xF4, 0x00,
    0x0F, 0xC0, 0x0F, 0xC0, 0x00, 0x3F, 0x00, 0x3F, 0x00, 0x00, 0xFC, 0x01, 0xF8, 0x00, 0x07, 0xE0,
    0x0B, 0xD0, 0x00, 0x3F, 0x40, 0x3F, 0x00, 0x03, 0xF8, 0x00, 0xFD, 0x56, 0xFF, 0xC0, 0x03, 0xFF,
    0xFF, 0xF8, 0x00, 0x1F, 0xFF, 0xFD, 0x00, 0x00, 0xBD, 0x02, 0xF4, 0x00, 0x03, 0xF0, 0x03, 0xF0,
    0x00, 0x0F, 0xC0, 0x0F, 0xC0, 0x00, 0x7E, 0x00, 0x2F, 0x80, 0x01, 0xF4, 0x00, 0x3F, 0x00, 0x0B,
    0xD0, 0x00, 0xFD, 0x00, 0x3F, 0x00, 0x02, 0xF8, 0x00, 0xFC, 0x00, 0x03, 0xF0, 0x07, 0xE0, 0x00,
    0x0F, 0xD0, 0x2F, 0x40, 0x00, 0x1F, 0xC0, 0x00, 0x09, 0x00, 0x0A, 0x00, 0x03, 0xE0, 0x1F, 0x40,
    0x00, 0x3D, 0x2F, 0x40, 0x00, 0x0B, 0xFF, 0x40, 0x00, 0x00, 0xFF, 0x40, 0x00, 0x00, 0x2F, 0x80,
    0x00, 0x00, 0x00, 0x00, 0x00, 0x00, 0x00, 0x00, 0x00, 0x00, 0x7C, 0x1F, 0xF0, 0x00, 0x2F, 0x1F,
    0xFC, 0x00, 0x0F, 0xDF, 0xA9, 0x00, 0x03, 0xFF, 0x40, 0x00, 0x00, 0xFF, 0x00, 0x00, 0x00, 0x7F,
    0x40, 0x00, 0x00, 0x2F, 0xC0, 0x00, 0x00, 0x0F, 0xD0, 0x00, 0x00, 0x03, 0xF0, 0x00, 0x00, 0x01,
    0xF8, 0x00, 0x00, 0x00, 0x7D, 0x00, 0x00, 0x00, 0x2F, 0x00, 0x00, 0x00, 0x0F, 0xC0, 0x00, 0x00,
    0x03, 0xF0, 0x00, 0x00, 0x01, 0xF8, 0x00, 0x00, 0x00, 0xBD, 0x00, 0x00, 0x00, 0x2F, 0x00, 0x00,
    0x00, 0x0F, 0xC0, 0x00, 0x00, 0x00, 0x00, 0x00, 0x00, 0x0A, 0x80, 0x00, 0x00, 0x03, 0xF4, 0x00,
    0x00, 0x00, 0xBE, 0x00, 0x00, 0x00, 0x1F, 0x80, 0x00, 0x00, 0x07, 0xD0, 0x00, 0x00, 0x00, 0xB4,
    0x00, 0x00, 0x00, 0x00, 0x00, 0x00, 0x00, 0x00, 0x00, 0x00, 0x00, 0x01, 0xBF, 0xFD, 0x00, 0x00,
    0xFF, 0xFF, 0xFC, 0x00, 0x3F, 0xFA, 0xBF, 0x80, 0x0B, 0xF0, 0x00, 0x14, 0x00, 0xFC, 0x00, 0x00,
    0x00, 0x1F, 0xC0, 0x00, 0x00, 0x01, 0xF8, 0x00, 0x00, 0x00, 0x1F, 0xC0, 0x00, 0x00, 0x01, 0xFC,
    0x00, 0x00, 0x00, 0x0F, 0xF4, 0x00, 0x00, 0x00, 0x3F, 0xE0, 0x00, 0x00, 0x00, 0xFF, 0xD0, 0x00,
    0x00, 0x02, 0xFF, 0x80, 0x00, 0x00, 0x07, 0xFE, 0x00, 0x00, 0x00, 0x0B, 0xF4, 0x00, 0x00, 0x00,
    0x3F, 0x80, 0x00, 0x00, 0x01, 0xFC, 0x00, 0x00, 0x00, 0x1F, 0xC0, 0x00, 0x00, 0x01, 0xFC, 0x00,
    0x00, 0x00, 0x3F, 0x80, 0x10, 0x00, 0x0B, 0xF0, 0x07, 0xE5, 0x5B, 0xFD, 0x00, 0x7F, 0xFF, 0xFF,
    0x40, 0x02, 0xFF, 0xFF, 0x80, 0x00, 0x00, 0x55, 0x00, 0x00, 0x00, 0x00, 0x00, 0x02, 0xA4, 0x00,
    0x00, 0x2F, 0xC0, 0x00, 0x00, 0xFC, 0x00, 0x00, 0x0F, 0xC0, 0x00, 0x00, 0xFC, 0x00, 0x00, 0x07,
    0x80, 0x00, 0x00, 0x00, 0x00, 0x00, 0x00, 0x00, 0x00, 0x00, 0x2F, 0xFF, 0x40, 0x07, 0xFF, 0xFF,
    0x80, 0x3F, 0x95, 0xBC, 0x02, 0xF8, 0x00, 0x00, 0x0B, 0xC0, 0x00, 0x00, 0x2F, 0x40, 0x00, 0x00,
    0x7F, 0x00, 0x00, 0x00, 0xFF, 0x80, 0x00, 0x00, 0xFF, 0xD0, 0x00, 0x00, 0xBF, 0xE0, 0x00, 0x00,
    0x2F, 0xD0, 0x00, 0x00, 0x2F, 0xC0, 0x00, 0x00, 0x3F, 0x00, 0x00, 0x00, 0xFC, 0x00, 0x00, 0x07,
    0xF0, 0x3D, 0x00, 0xBF, 0x40, 0xFF, 0xFF, 0xF8, 0x01, 0xFF, 0xFF, 0x40, 0x00, 0x05, 0x40, 0x00,
    0x00, 0x00, 0x00, 0x02, 0x90, 0x00, 0x00, 0x00, 0xFF, 0x40, 0x00, 0x00, 0x2F, 0xFC, 0x00, 0x00,
    0x0B, 0xD7, 0xD0, 0x00, 0x02, 0xF0, 0x1F, 0x00, 0x00, 0x78, 0x00, 0xB4, 0x00, 0x00, 0x00, 0x00,
    0x00, 0x00, 0x00, 0x00, 0x00, 0x00, 0x01, 0xBF, 0xFD, 0x00, 0x00, 0xFF, 0xFF, 0xFC, 0x00, 0x3F,
    0xFA, 0xBF, 0x80, 0x0B, 0xF0, 0x00, 0x14, 0x00, 0xFC, 0x00, 0x00, 0x00, 0x1F, 0xC0, 0x00, 0x00,
    0x01, 0xF8, 0x00, 0x00, 0x00, 0x1F, 0xC0, 0x00, 0x00, 0x01, 0xFC, 0x00, 0x00, 0x00, 0x0F, 0xF4,
    0x00, 0x00, 0x00, 0x3F, 0xE0, 0x00, 0x00, 0x00, 0xFF, 0xD0, 0x00, 0x00, 0x02, 0xFF, 0x80, 0x00,
    0x00, 0x07, 0xFE, 0x00, 0x00, 0x00, 0x0B, 0xF4, 0x00, 0x00, 0x00, 0x3F, 0x80, 0x00, 0x00, 0x01,
    0xFC, 0x00, 0x00, 0x00, 0x1F, 0xC0, 0x00, 0x00, 0x01, 0xFC, 0x00, 0x00, 0x00, 0x3F, 0x80, 0x10,
    0x00, 0x0B, 0xF0, 0x07, 0xE5, 0x5B, 0xFD, 0x00, 0x7F, 0xFF, 0xFF, 0x40, 0x02, 0xFF, 0xFF, 0x80,
    0x00, 0x00, 0x55, 0x00, 0x00, 0x00, 0x00, 0x00, 0x68, 0x00, 0x00, 0x07, 0xF8, 0x00, 0x00, 0x7F,
    0xF4, 0x00, 0x07, 0xE3, 0xF0, 0x00, 0x7E, 0x03, 0xE0, 0x03, 0xD0, 0x03, 0xC0, 0x00, 0x00, 0x00,
    0x00, 0x00, 0x00, 0x00, 0x00, 0x2F, 0xFF, 0x40, 0x07, 0xFF, 0xFF, 0x80, 0x3F, 0x95, 0xBC, 0x02,
    0xF8, 0x00, 0x00, 0x0B, 0xC0, 0x00, 0x00, 0x2F, 0x40, 0x00, 0x00, 0x7F, 0x00, 0x00, 0x00, 0xFF,
    0x80, 0x00, 0x00, 0xFF, 0xD0, 0x00, 0x00, 0xBF, 0xE0, 0x00, 0x00, 0x2F, 0xD0, 0x00, 0x00, 0x2F,
    0xC0, 0x00, 0x00, 0x3F, 0x00, 0x00, 0x00, 0xFC, 0x00, 0x00, 0x07, 0xF0, 0x3D, 0x00, 0xBF, 0x40,
    0xFF, 0xFF, 0xF8, 0x01, 0xFF, 0xFF, 0x40, 0x00, 0x05, 0x40, 0x00, 0x00, 0x00, 0x00, 0x00, 0x00,
    0x00, 0x00, 0x1B, 0xFF, 0xD0, 0x00, 0x0F, 0xFF, 0xFF, 0xC0, 0x03, 0xFF, 0xAB, 0xF8, 0x00, 0xBF,
    0x00, 0x01, 0x40, 0x0F, 0xC0, 0x00, 0x00, 0x01, 0xFC, 0x00, 0x00, 0x00, 0x1F, 0x80, 0x00, 0x00,
    0x01, 0xFC, 0x00, 0x00, 0x00, 0x1F, 0xC0, 0x00, 0x00, 0x00, 0xFF, 0x40, 0x00, 0x00, 0x03, 0xFE,
    0x00, 0x00, 0x00, 0x0F, 0xFD, 0x00, 0x00, 0x00, 0x2F, 0xF8, 0x00, 0x00, 0x00, 0x7F, 0xE0, 0x00,
    0x00, 0x00, 0xBF, 0x40, 0x00, 0x00, 0x03, 0xF8, 0x00, 0x00, 0x00, 0x1F, 0xC0, 0x00, 0x00, 0x01,
    0xFC, 0x00, 0x00, 0x00, 0x1F, 0xC0, 0x00, 0x00, 0x03, 0xF8, 0x01, 0x00, 0x00, 0xBF, 0x00, 0x7E,
    0x55, 0xBF, 0xD0, 0x07, 0xFF, 0xFF, 0xF4, 0x00, 0x2F, 0xFF, 0xF8, 0x00, 0x00, 0x06, 0xE0, 0x00,
    0x00, 0x00, 0x3C, 0x00, 0x00, 0x00, 0x07, 0xF0, 0x00, 0x00, 0x00, 0x0F, 0xC0, 0x00, 0x00, 0x00,
    0x7C, 0x00, 0x00, 0x00, 0x0F, 0xC0, 0x00, 0x00, 0x7F, 0xF4, 0x00, 0x00, 0x07, 0xF8, 0x00, 0x00,
    0x00, 0x00, 0x00, 0x00, 0x00, 0x02, 0xFF, 0xF4, 0x01, 0xFF, 0xFF, 0xE0, 0x3F, 0x95, 0xBC, 0x0B,
    0xE0, 0x00, 0x00, 0xBC, 0x00, 0x00, 0x0B, 0xD0, 0x00, 0x00, 0x7F, 0x00, 0x00, 0x03, 0xFE, 0x00,
    0x00, 0x0F, 0xFD, 0x00, 0x00, 0x2F, 0xF8, 0x00, 0x00, 0x2F, 0xD0, 0x00, 0x00, 0xBF, 0x00, 0x00,
    0x03, 0xF0, 0x00, 0x00, 0x3F, 0x00, 0x00, 0x07, 0xF0, 0xF4, 0x02, 0xFD, 0x0F, 0xFF, 0xFF, 0x80,
    0x7F, 0xFF, 0xD0, 0x00, 0x0B, 0x40, 0x00, 0x00, 0xF0, 0x00, 0x00, 0x2F, 0x80, 0x00, 0x00, 0x7E,
    0x00, 0x00, 0x02, 0xE0, 0x00, 0x00, 0x3E, 0x00, 0x01, 0xFF, 0xC0, 0x00, 0x2F, 0xE0, 0x00, 0x00,
    0x00, 0x01, 0x90, 0x01, 0x90, 0x00, 0x0F, 0x40, 0xBC, 0x00, 0x00, 0xBC, 0x3F, 0x00, 0x00, 0x03,
    0xFF, 0xC0, 0x00, 0x00, 0x1F, 0xF0, 0x00, 0x00, 0x00, 0xFD, 0x00, 0x00, 0x00, 0x00, 0x00, 0x00,
    0x00, 0x00, 0x00, 0x00, 0x00, 0x01, 0xBF, 0xFD, 0x00, 0x00, 0xFF, 0xFF, 0xFC, 0x00, 0x3F, 0xFA,
    0xBF, 0x80, 0x0B, 0xF0, 0x00, 0x14, 0x00, 0xFC, 0x00, 0x00, 0x00, 0x1F, 0xC0, 0x00, 0x00, 0x01,
    0xF8, 0x00, 0x00, 0x00, 0x1F, 0xC0, 0x00, 0x00, 0x01, 0xFC, 0x00, 0x00, 0x00, 0x0F, 0xF4, 0x00,
    0x00, 0x00, 0x3F, 0xE0, 0x00, 0x00, 0x00, 0xFF, 0xD0, 0x00, 0x00, 0x02, 0xFF, 0x80, 0x00, 0x00,
    0x07, 0xFE, 0x00, 0x00, 0x00, 0x0B, 0xF4, 0x00, 0x00, 0x00, 0x3F, 0x80, 0x00, 0x00, 0x01, 0xFC,
    0x00, 0x00, 0x00, 0x1F, 0xC0, 0x00, 0x00, 0x01, 0xFC, 0x00, 0x00, 0x00, 0x3F, 0x80, 0x10, 0x00,
    0x0B, 0xF0, 0x07, 0xE5, 0x5B, 0xFD, 0x00, 0x7F, 0xFF, 0xFF, 0x40, 0x02, 0xFF, 0xFF, 0x80, 0x00,
    0x00, 0x55, 0x00, 0x00, 0x00, 0x00, 0x24, 0x00, 0x18, 0x00, 0x2E, 0x01, 0xF8, 0x00, 0x0F, 0x87,
    0xE0, 0x00, 0x07, 0xFF, 0x80, 0x00, 0x03, 0xFE, 0x00, 0x00, 0x01, 0xF8, 0x00, 0x00, 0x00, 0x00,
    0x00, 0x00, 0x00, 0x00, 0x00, 0x00, 0x2F, 0xFF, 0x40, 0x01, 0xFF, 0xFF, 0xE0, 0x03, 0xF9, 0x5B,
    0xC0, 0x0B, 0xE0, 0x00, 0x00, 0x0B, 0xC0, 0x00, 0x00, 0x0B, 0xD0, 0x00, 0x00, 0x07, 0xF0, 0x00,
    0x00, 0x03, 0xFE, 0x00, 0x00, 0x00, 0xFF, 0xD0, 0x00, 0x00, 0x2F, 0xF8, 0x00, 0x00, 0x02, 0xFD,
    0x00, 0x00, 0x00, 0xBF, 0x00, 0x00, 0x00, 0x3F, 0x00, 0x00, 0x00, 0x3F, 0x00, 0x00, 0x00, 0x7F,
    0x00, 0xF4, 0x02, 0xFD, 0x00, 0xFF, 0xFF, 0xF8, 0x00, 0x7F, 0xFF, 0xD0, 0x00, 0x00, 0x54, 0x00,
    0x00, 0x1F, 0xFF, 0xFF, 0xFF, 0xD2, 0xFF, 0xFF, 0xFF, 0xFD, 0x3F, 0xFF, 0xFF, 0xFF, 0xC0, 0x00,
    0x2F, 0x40, 0x00, 0x00, 0x03, 0xF0, 0x00, 0x00, 0x00, 0x3F, 0x00, 0x00, 0x00, 0x03, 0xF0, 0x00,
    0x00, 0x00, 0x7E, 0x00, 0x00, 0x00, 0x0B, 0xD0, 0x00, 0x00, 0x00, 0xFC, 0x00, 0x00, 0x00, 0x0F,
    0xC0, 0x00, 0x00, 0x01, 0xF8, 0x00, 0x00, 0x00, 0x2F, 0x80, 0x00, 0x00, 0x02, 0xF4, 0x00, 0x00,
    0x00, 0x3F, 0x00, 0x00, 0x00, 0x03, 0xF0, 0x00, 0x00, 0x00, 0x7E, 0x00, 0x00, 0x00, 0x0B, 0xD0,
    0x00, 0x00, 0x00, 0xFC, 0x00, 0x00, 0x00, 0x0F, 0xC0, 0x00, 0x00, 0x00, 0xFC, 0x00, 0x00, 0x00,
    0x1F, 0x80, 0x00, 0x00, 0x02, 0xF4, 0x00, 0x00, 0x00, 0x3F, 0x00, 0x00, 0x00, 0x01, 0xE0, 0x00,
    0x00, 0x00, 0x3C, 0x00, 0x00, 0x00, 0x07, 0xF0, 0x00, 0x00, 0x00, 0x0F, 0xC0, 0x00, 0x00, 0x00,
    0xBC, 0x00, 0x00, 0x00, 0x0F, 0xC0, 0x00, 0x00, 0x7F, 0xF0, 0x00, 0x00, 0x07, 0xF8, 0x00, 0x00,
    0x00, 0x00, 0x1D, 0x00, 0x00, 0x3C, 0x00, 0x00, 0xBC, 0x00, 0x00, 0xFC, 0x00, 0x1B, 0xFF, 0xFC,
    0x7F, 0xFF, 0xFC, 0x17, 0xF5, 0x54, 0x03, 0xF0, 0x00, 0x03, 0xF0, 0x00, 0x07, 0xE0, 0x00, 0x0B,
    0xD0, 0x00, 0x0F, 0xC0, 0x00, 0x0F, 0xC0, 0x00, 0x1F, 0x80, 0x00, 0x1F, 0x40, 0x00, 0x2F, 0x40,
    0x00, 0x3F, 0x00, 0x00, 0x3F, 0x00, 0x00, 0x3F, 0x00, 0x00, 0x3F, 0x41, 0x00, 0x2F, 0xFF, 0x00,
    0x0B, 0xFF, 0x00, 0x03, 0xD0, 0x00, 0x0B, 0x40, 0x00, 0x0F, 0xD0, 0x00, 0x02, 0xF0, 0x00, 0x00,
    0xF4, 0x00, 0x02, 0xF0, 0x00, 0xFF, 0xE0, 0x00, 0xFE, 0x40, 0x00, 0x00, 0x24, 0x00, 0x28, 0x00,
    0x0F, 0x80, 0x7D, 0x00, 0x01, 0xF4, 0xBD, 0x00, 0x00, 0x2F, 0xFD, 0x00, 0x00, 0x03, 0xFD, 0x00,
    0x00, 0x00, 0xBD, 0x00, 0x00, 0x00, 0x00, 0x00, 0x00, 0x00, 0x00, 0x00, 0x00, 0x7F, 0xFF, 0xFF,
    0xFF, 0x6F, 0xFF, 0xFF, 0xFF, 0xDF, 0xFF, 0xFF, 0xFF, 0xF0, 0x00, 0x2F, 0x40, 0x00, 0x00, 0x0F,
    0xC0, 0x00, 0x00, 0x03, 0xF0, 0x00, 0x00, 0x00, 0xFC, 0x00, 0x00, 0x00, 0x7E, 0x00, 0x00, 0x00,
    0x2F, 0x40, 0x00, 0x00, 0x0F, 0xC0, 0x00, 0x00, 0x03, 0xF0, 0x00, 0x00, 0x01, 0xF8, 0x00, 0x00,
    0x00, 0xBE, 0x00, 0x00, 0x00, 0x2F, 0x40, 0x00, 0x00, 0x0F, 0xC0, 0x00, 0x00, 0x03, 0xF0, 0x00,
    0x00, 0x01, 0xF8, 0x00, 0x00, 0x00, 0xBD, 0x00, 0x00, 0x00, 0x3F, 0x00, 0x00, 0x00, 0x0F, 0xC0,
    0x00, 0x00, 0x03, 0xF0, 0x00, 0x00, 0x01, 0xF8, 0x00, 0x00, 0x00, 0xBD, 0x00, 0x00, 0x00, 0x3F,
    0x00, 0x00, 0x00, 0x00, 0x00, 0x01, 0x40, 0x00, 0x00, 0x7D, 0x00, 0x00, 0x0F, 0xC0, 0x00, 0x01,
    0xF4, 0x00, 0x1D, 0x3E, 0x00, 0x03, 0xC7, 0x80, 0x00, 0xBC, 0x00, 0x00, 0x0F, 0xC0, 0x00, 0x1B,
    0xFF, 0xFC, 0x07, 0xFF, 0xFF, 0xC0, 0x17, 0xF5, 0x54, 0x00, 0x3F, 0x00, 0x00, 0x03, 0xF0, 0x00,
    0x00, 0x7E, 0x00, 0x00, 0x0B, 0xD0, 0x00, 0x00, 0xFC, 0x00, 0x00, 0x0F, 0xC0, 0x00, 0x01, 0xF8,
    0x00, 0x00, 0x1F, 0x40, 0x00, 0x02, 0xF4, 0x00, 0x00, 0x3F, 0x00, 0x00, 0x03, 0xF0, 0x00, 0x00,
    0x3F, 0x00, 0x00, 0x03, 0xF4, 0x10, 0x00, 0x2F, 0xFF, 0x00, 0x00, 0xBF, 0xF0, 0x00, 0x00, 0x50,
    0x00, 0x00, 0x1F, 0xFF, 0xFF, 0xFF, 0xD2, 0xFF, 0xFF, 0xFF, 0xFD, 0x3F, 0xFF, 0xFF, 0xFF, 0xC0,
    0x00, 0x2F, 0x40, 0x00, 0x00, 0x03, 0xF0, 0x00, 0x00, 0x00, 0x3F, 0x00, 0x00, 0x00, 0x07, 0xF0,
    0x00, 0x00, 0x00, 0x7E, 0x00, 0x00, 0x00, 0x0B, 0xD0, 0x00, 0x00, 0x00, 0xFC, 0x00, 0x00, 0x05,
    0x5F, 0xD5, 0x40, 0x03, 0xFF, 0xFF, 0xFD, 0x00, 0x3F, 0xFF, 0xFF, 0xC0, 0x00, 0x03, 0xF4, 0x00,
    0x00, 0x00, 0x3F, 0x00, 0x00, 0x00, 0x03, 0xF0, 0x00, 0x00, 0x00, 0x7E, 0x00, 0x00, 0x00, 0x0B,
    0xD0, 0x00, 0x00, 0x00, 0xFC, 0x00, 0x00, 0x00, 0x0F, 0xC0, 0x00, 0x00, 0x00, 0xFC, 0x00, 0x00,
    0x00, 0x1F, 0x80, 0x00, 0x00, 0x02, 0xF4, 0x00, 0x00, 0x00, 0x3F, 0x00, 0x00, 0x00, 0x00, 0x07,
    0x40, 0x00, 0x03, 0xC0, 0x00, 0x02, 0xF0, 0x00, 0x00, 0xFC, 0x00, 0x06, 0xFF, 0xFF, 0x07, 0xFF,
    0xFF, 0xC0, 0x5F, 0xD5, 0x50, 0x03, 0xF0, 0x00, 0x00, 0xF8, 0x00, 0x00, 0x7E, 0x00, 0x02, 0xBF,
    0xAA, 0x00, 0xFF, 0xFF, 0xC0, 0x2B, 0xFA, 0xA0, 0x01, 0xF8, 0x00, 0x00, 0x7D, 0x00, 0x00, 0x2F,
    0x40, 0x00, 0x0F, 0xC0, 0x00, 0x03, 0xF0, 0x00, 0x00, 0xFC, 0x00, 0x00, 0x3F, 0x41, 0x00, 0x0B,
    0xFF, 0xC0, 0x00, 0xBF, 0xF0, 0x00, 0x01, 0x40, 0x00, 0x00, 0x00, 0x05, 0x00, 0x08, 0x00, 0x00,
    0x0F, 0xF8, 0x0F, 0x00, 0x00, 0x0F, 0xFF, 0xEF, 0x80, 0x00, 0x07, 0x82, 0xFF, 0xC0, 0x00, 0x01,
    0xC0, 0x0B, 0x80, 0x00, 0x00, 0x00, 0x00, 0x00, 0x00, 0x00, 0x00, 0x00, 0x00, 0x00, 0x03, 0xF0,
    0x00, 0x00, 0x3E, 0x00, 0xFC, 0x00, 0x00, 0x1F, 0x80, 0x7E, 0x00, 0x00, 0x0B, 0xD0, 0x2F, 0x40,
    0x00, 0x02, 0xF0, 0x0F, 0xC0, 0x00, 0x00, 0xFC, 0x03, 0xF0, 0x00, 0x00, 0x3F, 0x01, 0xF8, 0x00,
    0x00, 0x1F, 0x80, 0x7E, 0x00, 0x00, 0x0B, 0xD0, 0x2F, 0x40, 0x00, 0x03, 0xF0, 0x0F, 0xC0, 0x00,
    0x00, 0xFC, 0x03, 0xF0, 0x00, 0x00, 0x3E, 0x01, 0xF8, 0x00, 0x00, 0x1F, 0x80, 0xBD, 0x00, 0x00,
    0x0B, 0xD0, 0x2F, 0x00, 0x00, 0x03, 0xF0, 0x0F, 0xC0, 0x00, 0x00, 0xFC, 0x03, 0xF0, 0x00, 0x00,
    0x7E, 0x01, 0xF8, 0x00, 0x00, 0x2F, 0x40, 0x7E, 0x00, 0x00, 0x0F, 0xC0, 0x1F, 0x80, 0x00, 0x07,
    0xF0, 0x03, 0xF0, 0x00, 0x03, 0xF4, 0x00, 0xFE, 0x00, 0x03, 0xFC, 0x00, 0x1F, 0xF5, 0x5B, 0xFC,
    0x00, 0x02, 0xFF, 0xFF, 0xFC, 0x00, 0x00, 0x1F, 0xFF, 0xF4, 0x00, 0x00, 0x00, 0x05, 0x00, 0x00,
    0x00, 0x00, 0x00, 0x50, 0x00, 0x80, 0x00, 0x3F, 0xE0, 0x2C, 0x00, 0x0F, 0xFF, 0xEF, 0xC0, 0x00,
    0xF0, 0x7F, 0xF0, 0x00, 0x1D, 0x00, 0xA8, 0x00, 0x00, 0x00, 0x00, 0x00, 0x00, 0x00, 0x00, 0x00,
    0x00, 0x1F, 0x40, 0x00, 0xBC, 0x03, 0xF0, 0x00, 0x0F, 0xC0, 0x3F, 0x00, 0x00, 0xFC, 0x03, 0xF0,
    0x00, 0x1F, 0x80, 0x7E, 0x00, 0x01, 0xF4, 0x0B, 0xD0, 0x00, 0x2F, 0x00, 0xFC, 0x00, 0x03, 0xF0,
    0x0F, 0xC0, 0x00, 0x3F, 0x01, 0xF8, 0x00, 0x07, 0xE0, 0x1F, 0x40, 0x00, 0xBD, 0x02, 0xF4, 0x00,
    0x0F, 0xC0, 0x3F, 0x00, 0x01, 0xFC, 0x03, 0xF0, 0x00, 0x3F, 0x80, 0x3F, 0x00, 0x0B, 0xF4, 0x03,
    0xF0, 0x02, 0xFF, 0x40, 0x3F, 0x81, 0xFA, 0xF0, 0x01, 0xFF, 0xFE, 0x2F, 0x00, 0x0B, 0xFF, 0x43,
    0xE0, 0x00, 0x05, 0x00, 0x00, 0x00, 0x00, 0x00, 0x2A, 0xAA, 0x90, 0x00, 0x00, 0x1F, 0xFF, 0xF8,
    0x00, 0x00, 0x07, 0xFF, 0xFD, 0x00, 0x00, 0x00, 0x00, 0x00, 0x00, 0x00, 0x00, 0x00, 0x00, 0x00,
    0x00, 0x3F, 0x00, 0x00, 0x03, 0xE0, 0x0F, 0xC0, 0x00, 0x01, 0xF8, 0x07, 0xE0, 0x00, 0x00, 0xBD,
    0x02, 0xF4, 0x00, 0x00, 0x2F, 0x00, 0xFC, 0x00, 0x00, 0x0F, 0xC0, 0x3F, 0x00, 0x00, 0x03, 0xF0,
    0x1F, 0x80, 0x00, 0x01, 0xF8, 0x07, 0xE0, 0x00, 0x00, 0xBD, 0x02, 0xF4, 0x00, 0x00, 0x3F, 0x00,
    0xFC, 0x00, 0x00, 0x0F, 0xC0, 0x3F, 0x00, 0x00, 0x03, 0xE0, 0x1F, 0x80, 0x00, 0x01, 0xF8, 0x0B,
    0xD0, 0x00, 0x00, 0xBD, 0x02, 0xF0, 0x00, 0x00, 0x3F, 0x00, 0xFC, 0x00, 0x00, 0x0F, 0xC0, 0x3F,
    0x00, 0x00, 0x07, 0xE0, 0x1F, 0x80, 0x00, 0x02, 0xF4, 0x07, 0xE0, 0x00, 0x00, 0xFC, 0x01, 0xF8,
    0x00, 0x00, 0x7F, 0x00, 0x3F, 0x00, 0x00, 0x3F, 0x40, 0x0F, 0xE0, 0x00, 0x3F, 0xC0, 0x01, 0xFF,
    0x55, 0xBF, 0xC0, 0x00, 0x2F, 0xFF, 0xFF, 0xC0, 0x00, 0x01, 0xFF, 0xFF, 0x40, 0x00, 0x00, 0x00,
    0x50, 0x00, 0x00, 0x00, 0x00, 0x02, 0xAA, 0xA9, 0x00, 0x00, 0x7F, 0xFF, 0xE0, 0x00, 0x07, 0xFF,
    0xFD, 0x00, 0x00, 0x00, 0x00, 0x00, 0x00, 0x00, 0x00, 0x00, 0x00, 0x1F, 0x40, 0x00, 0xBC, 0x03,
    0xF0, 0x00, 0x0F, 0xC0, 0x3F, 0x00, 0x00, 0xFC, 0x03, 0xF0, 0x00, 0x1F, 0x80, 0x7E, 0x00, 0x01,
    0xF4, 0x0B, 0xD0, 0x00, 0x2F, 0x00, 0xFC, 0x00, 0x03, 0xF0, 0x0F, 0xC0, 0x00, 0x3F, 0x01, 0xF8,
    0x00, 0x07, 0xE0, 0x1F, 0x40, 0x00, 0xBD, 0x02, 0xF4, 0x00, 0x0F, 0xC0, 0x3F, 0x00, 0x01, 0xFC,
    0x03, 0xF0, 0x00, 0x3F, 0x80, 0x3F, 0x00, 0x0B, 0xF4, 0x03, 0xF0, 0x02, 0xFF, 0x40, 0x3F, 0x81,
    0xFA, 0xF0, 0x01, 0xFF, 0xFE, 0x2F, 0x00, 0x0B, 0xFF, 0x43, 0xE0, 0x00, 0x05, 0x00, 0x00, 0x00,
    0x00, 0x00, 0x24, 0x00, 0x60, 0x00, 0x00, 0x1F, 0x00, 0x7C, 0x00, 0x00, 0x03, 0xFA, 0xFD, 0x00,
    0x00, 0x00, 0x7F, 0xFE, 0x00, 0x00, 0x00, 0x02, 0xF9, 0x00, 0x00, 0x00, 0x00, 0x00, 0x00, 0x00,
    0x00, 0x00, 0x00, 0x00, 0x00, 0x03, 0xF0, 0x00, 0x00, 0x3E, 0x00, 0xFC, 0x00, 0x00, 0x1F, 0x80,
    0x7E, 0x00, 0x00, 0x0B, 0xD0, 0x2F, 0x40, 0x00, 0x02, 0xF0, 0x0F, 0xC0, 0x00, 0x00, 0xFC, 0x03,
    0xF0, 0x00, 0x00, 0x3F, 0x01, 0xF8, 0x00, 0x00, 0x1F, 0x80, 0x7E, 0x00, 0x00, 0x0B, 0xD0, 0x2F,
    0x40, 0x00, 0x03, 0xF0, 0x0F, 0xC0, 0x00, 0x00, 0xFC, 0x03, 0xF0, 0x00, 0x00, 0x3E, 0x01, 0xF8,
    0x00, 0x00, 0x1F, 0x80, 0xBD, 0x00, 0x00, 0x0B, 0xD0, 0x2F, 0x00, 0x00, 0x03, 0xF0, 0x0F, 0xC0,
    0x00, 0x00, 0xFC, 0x03, 0xF0, 0x00, 0x00, 0x7E, 0x01, 0xF8, 0x00, 0x00, 0x2F, 0x40, 0x7E, 0x00,
    0x00, 0x0F, 0xC0, 0x1F, 0x80, 0x00, 0x07, 0xF0, 0x03, 0xF0, 0x00, 0x03, 0xF4, 0x00, 0xFE, 0x00,
    0x03, 0xFC, 0x00, 0x1F, 0xF5, 0x5B, 0xFC, 0x00, 0x02, 0xFF, 0xFF, 0xFC, 0x00, 0x00, 0x1F, 0xFF,
    0xF4, 0x00, 0x00, 0x00, 0x05, 0x00, 0x00, 0x00, 0x00, 0x02, 0x40, 0x06, 0x00, 0x00, 0x3C, 0x00,
    0xF0, 0x00, 0x03, 0xFA, 0xFE, 0x00, 0x00, 0x1F, 0xFF, 0x80, 0x00, 0x00, 0x2F, 0x90, 0x00, 0x00,
    0x00, 0x00, 0x00, 0x00, 0x00, 0x00, 0x00, 0x00, 0x1F, 0x40, 0x00, 0xBC, 0x03, 0xF0, 0x00, 0x0F,
    0xC0, 0x3F, 0x00, 0x00, 0xFC, 0x03, 0xF0, 0x00, 0x1F, 0x80, 0x7E, 0x00, 0x01, 0xF4, 0x0B, 0xD0,
    0x00, 0x2F, 0x00, 0xFC, 0x00, 0x03, 0xF0, 0x0F, 0xC0, 0x00, 0x3F, 0x01, 0xF8, 0x00, 0x07, 0xE0,
    0x1F, 0x40, 0x00, 0xBD, 0x02, 0xF4, 0x00, 0x0F, 0xC0, 0x3F, 0x00, 0x01, 0xFC, 0x03, 0xF0, 0x00,
    0x3F, 0x80, 0x3F, 0x00, 0x0B, 0xF4, 0x03, 0xF0, 0x02, 0xFF, 0x40, 0x3F, 0x81, 0xFA, 0xF0, 0x01,
    0xFF, 0xFE, 0x2F, 0x00, 0x0B, 0xFF, 0x43, 0xE0, 0x00, 0x05, 0x00, 0x00, 0x00, 0x00, 0x00, 0x00,
    0x00, 0x00, 0x00, 0x00, 0x00, 0xFF, 0x40, 0x00, 0x00, 0x00, 0xFA, 0xF4, 0x00, 0x00, 0x00, 0x74,
    0x0E, 0x00, 0x00, 0x00, 0x1D, 0x03, 0xC0, 0x00, 0x00, 0x07, 0x81, 0xE0, 0x00, 0x00, 0x00, 0xFF,
    0xF0, 0x00, 0x00, 0x00, 0x06, 0xE0, 0x00, 0x00, 0x00, 0x00, 0x00, 0x00, 0x00, 0x00, 0x00, 0x00,
    0x00, 0x00, 0x0F, 0xC0, 0x00, 0x00, 0xF8, 0x03, 0xF0, 0x00, 0x00, 0x7E, 0x01, 0xF8, 0x00, 0x00,
    0x2F, 0x40, 0xBD, 0x00, 0x00, 0x0B, 0xC0, 0x3F, 0x00, 0x00, 0x03, 0xF0, 0x0F, 0xC0, 0x00, 0x00,
    0xFC, 0x07, 0xE0, 0x00, 0x00, 0x7E, 0x01, 0xF8, 0x00, 0x00, 0x2F, 0x40, 0xBD, 0x00, 0x00, 0x0F,
    0xC0, 0x3F, 0x00, 0x00, 0x03, 0xF0, 0x0F, 0xC0, 0x00, 0x00, 0xF8, 0x07, 0xE0, 0x00, 0x00, 0x7E,
    0x02, 0xF4, 0x00, 0x00, 0x2F, 0x40, 0xBC, 0x00, 0x00, 0x0F, 0xC0, 0x3F, 0x00, 0x00, 0x03, 0xF0,
    0x0F, 0xC0, 0x00, 0x01, 0xF8, 0x07, 0xE0, 0x00, 0x00, 0xBD, 0x01, 0xF8, 0x00, 0x00, 0x3F, 0x00,
    0x7E, 0x00, 0x00, 0x1F, 0xC0, 0x0F, 0xC0, 0x00, 0x0F, 0xD0, 0x03, 0xF8, 0x00, 0x0F, 0xF0, 0x00,
    0x7F, 0xD5, 0x6F, 0xF0, 0x00, 0x0B, 0xFF, 0xFF, 0xF0, 0x00, 0x00, 0x7F, 0xFF, 0xD0, 0x00, 0x00,
    0x00, 0x14, 0x00, 0x00, 0x00, 0x00, 0x00, 0x00, 0x00, 0x00, 0x00, 0x03, 0xFD, 0x00, 0x00, 0x00,
    0xFA, 0xF4, 0x00, 0x00, 0x1E, 0x03, 0xC0, 0x00, 0x01, 0xD0, 0x3C, 0x00, 0x00, 0x0F, 0x07, 0x80,
    0x00, 0x00, 0xBF, 0xF0, 0x00, 0x00, 0x01, 0xB8, 0x00, 0x00, 0x00, 0x00, 0x00, 0x00, 0x00, 0x00,
    0x00, 0x00, 0x01, 0xF4, 0x00, 0x0B, 0xC0, 0x3F, 0x00, 0x00, 0xFC, 0x03, 0xF0, 0x00, 0x0F, 0xC0,
    0x3F, 0x00, 0x01, 0xF8, 0x07, 0xE0, 0x00, 0x1F, 0x40, 0xBD, 0x00, 0x02, 0xF0, 0x0F, 0xC0, 0x00,
    0x3F, 0x00, 0xFC, 0x00, 0x03, 0xF0, 0x1F, 0x80, 0x00, 0x7E, 0x01, 0xF4, 0x00, 0x0B, 0xD0, 0x2F,
    0x40, 0x00, 0xFC, 0x03, 0xF0, 0x00, 0x1F, 0xC0, 0x3F, 0x00, 0x03, 0xF8, 0x03, 0xF0, 0x00, 0xBF,
    0x40, 0x3F, 0x00, 0x2F, 0xF4, 0x03, 0xF8, 0x1F, 0xAF, 0x00, 0x1F, 0xFF, 0xE2, 0xF0, 0x00, 0xBF,
    0xF4, 0x3E, 0x00, 0x00, 0x50, 0x00, 0x00, 0x00, 0x00, 0x00, 0x00, 0x69, 0x06, 0x80, 0x00, 0x00,
    0x0F, 0xC1, 0xF8, 0x00, 0x00, 0x02, 0xF0, 0x3F, 0x00, 0x00, 0x00, 0x7C, 0x0F, 0xC0, 0x00, 0x00,
    0x1F, 0x02, 0xE0, 0x00, 0x00, 0x03, 0x80, 0x78, 0x00, 0x00, 0x00, 0x00, 0x00, 0x00, 0x00, 0x00,
    0x00, 0x00, 0x00, 0x00, 0x00, 0xFC, 0x00, 0x00, 0x0F, 0x80, 0x0F, 0xC0, 0x00, 0x01, 0xF8, 0x01,
    0xF8, 0x00, 0x00, 0x2F, 0x40, 0x2F, 0x40, 0x00, 0x02, 0xF0, 0x03, 0xF0, 0x00, 0x00, 0x3F, 0x00,
    0x3F, 0x00, 0x00, 0x03, 0xF0, 0x07, 0xE0, 0x00, 0x00, 0x7E, 0x00, 0x7E, 0x00, 0x00, 0x0B, 0xD0,
    0x0B, 0xD0, 0x00, 0x00, 0xFC, 0x00, 0xFC, 0x00, 0x00, 0x0F, 0xC0, 0x0F, 0xC0, 0x00, 0x00, 0xF8,
    0x01, 0xF8, 0x00, 0x00, 0x1F, 0x80, 0x2F, 0x40, 0x00, 0x02, 0xF4, 0x02, 0xF0, 0x00, 0x00, 0x3F,
    0x00, 0x3F, 0x00, 0x00, 0x03, 0xF0, 0x03, 0xF0, 0x00, 0x00, 0x7E, 0x00, 0x7E, 0x00, 0x00, 0x0B,
    0xD0, 0x07, 0xE0, 0x00, 0x00, 0xFC, 0x00, 0x7E, 0x00, 0x00, 0x1F, 0xC0, 0x03, 0xF0, 0x00, 0x03,
    0xF4, 0x00, 0x3F, 0x80, 0x00, 0xFF, 0x00, 0x01, 0xFF, 0x55, 0xBF, 0xC0, 0x00, 0x0B, 0xFF, 0xFF,
    0xF0, 0x00, 0x00, 0x1F, 0xFF, 0xF4, 0x00, 0x00, 0x00, 0x01, 0x40, 0x00, 0x00, 0x00, 0x00, 0x00,
    0x02, 0x90, 0x68, 0x00, 0x00, 0x0F, 0xC1, 0xFC, 0x00, 0x00, 0x2F, 0x43, 0xF0, 0x00, 0x00, 0x7D,
    0x0B, 0xC0, 0x00, 0x00, 0xF4, 0x2F, 0x00, 0x00, 0x02, 0x80, 0x38, 0x00, 0x00, 0x00, 0x00, 0x00,
    0x00, 0x00, 0x00, 0x00, 0x00, 0x00, 0x01, 0xF4, 0x00, 0x0B, 0xC0, 0x03, 0xF0, 0x00, 0x0F, 0xC0,
    0x03, 0xF0, 0x00, 0x0F, 0xC0, 0x03, 0xF0, 0x00, 0x1F, 0x80, 0x07, 0xE0, 0x00, 0x1F, 0x40, 0x0B,
    0xD0, 0x00, 0x2F, 0x00, 0x0F, 0xC0, 0x00, 0x3F, 0x00, 0x0F, 0xC0, 0x00, 0x3F, 0x00, 0x1F, 0x80,
    0x00, 0x7E, 0x00, 0x1F, 0x40, 0x00, 0xBD, 0x00, 0x2F, 0x40, 0x00, 0xFC, 0x00, 0x3F, 0x00, 0x01,
    0xFC, 0x00, 0x3F, 0x00, 0x03, 0xF8, 0x00, 0x3F, 0x00, 0x0B, 0xF4, 0x00, 0x3F, 0x00, 0x2F, 0xF4,
    0x00, 0x3F, 0x81, 0xFA, 0xF0, 0x00, 0x1F, 0xFF, 0xE2, 0xF0, 0x00, 0x0B, 0xFF, 0x43, 0xE0, 0x00,
    0x00, 0x50, 0x00, 0x00, 0x00, 0x00, 0xFC, 0x00, 0x00, 0x0F, 0x80, 0x3F, 0x00, 0x00, 0x07, 0xE0,
    0x1F, 0x80, 0x00, 0x02, 0xF4, 0x0B, 0xD0, 0x00, 0x00, 0xBC, 0x03, 0xF0, 0x00, 0x00, 0x3F, 0x00,
    0xFC, 0x00, 0x00, 0x0F, 0xC0, 0x7E, 0x00, 0x00, 0x07, 0xE0, 0x1F, 0x80, 0x00, 0x02, 0xF4, 0x0B,
    0xD0, 0x00, 0x00, 0xFC, 0x03, 0xF0, 0x00, 0x00, 0x3F, 0x00, 0xFC, 0x00, 0x00, 0x0F, 0x80, 0x7E,
    0x00, 0x00, 0x07, 0xE0, 0x2F, 0x40, 0x00, 0x02, 0xF4, 0x0B, 0xC0, 0x00, 0x00, 0xFC, 0x03, 0xF0,
    0x00, 0x00, 0x3F, 0x00, 0xFC, 0x00, 0x00, 0x1F, 0x80, 0x7E, 0x00, 0x00, 0x0B, 0xD0, 0x1F, 0x80,
    0x00, 0x03, 0xF0, 0x07, 0xE0, 0x00, 0x01, 0xFC, 0x00, 0xFC, 0x00, 0x00, 0xFD, 0x00, 0x3F, 0x80,
    0x00, 0xFF, 0x00, 0x07, 0xFD, 0x56, 0xFF, 0x00, 0x00, 0xBF, 0xFF, 0xFF, 0x00, 0x00, 0x07, 0xFF,
    0xFD, 0x00, 0x00, 0x00, 0x07, 0xE0, 0x00, 0x00, 0x00, 0x03, 0xD0, 0x00, 0x00, 0x00, 0x02, 0xE0,
    0x00, 0x00, 0x00, 0x00, 0xF0, 0x00, 0x00, 0x00, 0x00, 0x7C, 0x00, 0x00, 0x00, 0x00, 0x0F, 0xE4,
    0x00, 0x00, 0x00, 0x02, 0xFE, 0x00, 0x00, 0x00, 0x00, 0x00, 0x00, 0x00, 0x00, 0x01, 0xF4, 0x00,
    0x0B, 0xC0, 0x3F, 0x00, 0x00, 0xFC, 0x03, 0xF0, 0x00, 0x0F, 0xC0, 0x3F, 0x00, 0x01, 0xF8, 0x07,
    0xE0, 0x00, 0x1F, 0x40, 0xBD, 0x00, 0x02, 0xF0, 0x0F, 0xC0, 0x00, 0x3F, 0x00, 0xFC, 0x00, 0x03,
    0xF0, 0x1F, 0x80, 0x00, 0x7E, 0x01, 0xF4, 0x00, 0x0B, 0xD0, 0x2F, 0x40, 0x00, 0xFC, 0x03, 0xF0,
    0x00, 0x1F, 0xC0, 0x3F, 0x00, 0x03, 0xF8, 0x03, 0xF0, 0x00, 0xBF, 0x40, 0x3F, 0x00, 0x2F, 0xF4,
    0x03, 0xF8, 0x1F, 0xAF, 0x00, 0x1F, 0xFF, 0xE2, 0xF0, 0x00, 0xBF, 0xF4, 0x3E, 0x00, 0x00, 0x50,
    0x0B, 0x80, 0x00, 0x00, 0x03, 0xE0, 0x00, 0x00, 0x00, 0xB8, 0x00, 0x00, 0x00, 0x0F, 0x00, 0x00,
    0x00, 0x00, 0xF0, 0x00, 0x00, 0x00, 0x0F, 0xE4, 0x00, 0x00, 0x00, 0x7F, 0x80, 0x00, 0x00, 0x00,
    0x00, 0x00, 0x00, 0x00, 0x00, 0x0A, 0x80, 0x00, 0x00, 0x00, 0x00, 0x00, 0x0B, 0xF4, 0x00, 0x00,
    0x00, 0x00, 0x00, 0x0B, 0xFF, 0x00, 0x00, 0x00, 0x00, 0x00, 0x0B, 0xD3, 0xE0, 0x00, 0x00, 0x00,
    0x00, 0x0B, 0xD0, 0x7C, 0x00, 0x00, 0x00, 0x00, 0x07, 0x80, 0x07, 0x80, 0x00, 0x00, 0x00, 0x00,
    0x00, 0x00, 0x00, 0x00, 0x00, 0x00, 0x00, 0x00, 0x00, 0x00, 0x00, 0x00, 0x7D, 0x00, 0x00, 0x3F,
    0x00, 0x00, 0x2F, 0x1F, 0x80, 0x00, 0x2F, 0xC0, 0x00, 0x1F, 0xC7, 0xE0, 0x00, 0x0F, 0xF0, 0x00,
    0x0B, 0xD1, 0xF8, 0x00, 0x0B, 0xFC, 0x00, 0x03, 0xF0, 0x7E, 0x00, 0x03, 0xEF, 0x00, 0x02, 0xF4,
    0x0F, 0x80, 0x02, 0xF7, 0xD0, 0x00, 0xFC, 0x03, 0xE0, 0x00, 0xF8, 0xF4, 0x00, 0x7E, 0x00, 0xF8,
    0x00, 0x7C, 0x3D, 0x00, 0x3F, 0x00, 0x3F, 0x00, 0x3F, 0x0F, 0x40, 0x1F, 0x80, 0x0F, 0xC0, 0x1F,
    0x43, 0xD0, 0x0F, 0xC0, 0x03, 0xF0, 0x0F, 0xC0, 0xF4, 0x03, 0xF0, 0x00, 0xFC, 0x07, 0xD0, 0x3E,
    0x02, 0xF4, 0x00, 0x3F, 0x03, 0xF0, 0x0F, 0x80, 0xFC, 0x00, 0x0F, 0xC0, 0xF4, 0x03, 0xE0, 0x7D,
    0x00, 0x03, 0xF0, 0xBC, 0x00, 0xF8, 0x3F, 0x00, 0x00, 0xFC, 0x3E, 0x00, 0x3E, 0x1F, 0x40, 0x00,
    0x3F, 0x2F, 0x00, 0x0F, 0xCB, 0xC0, 0x00, 0x0B, 0xCF, 0x80, 0x02, 0xF3, 0xE0, 0x00, 0x02, 0xF7,
    0xC0, 0x00, 0xBD, 0xF0, 0x00, 0x00, 0xBF, 0xE0, 0x00, 0x2F, 0xF8, 0x00, 0x00, 0x2F, 0xF0, 0x00,
    0x0B, 0xFC, 0x00, 0x00, 0x0B, 0xFC, 0x00, 0x02, 0xFF, 0x00, 0x00, 0x02, 0xFD, 0x00, 0x00, 0x7F,
    0x40, 0x00, 0x00, 0x7F, 0x00, 0x00, 0x1F, 0xC0, 0x00, 0x00, 0x00, 0x00, 0x00, 0x68, 0x00, 0x00,
    0x00, 0x00, 0x00, 0x7F, 0x80, 0x00, 0x00, 0x00, 0x00, 0x7F, 0xF0, 0x00, 0x00, 0x00, 0x00, 0x7E,
    0x3F, 0x00, 0x00, 0x00, 0x00, 0x7D, 0x03, 0xD0, 0x00, 0x00, 0x00, 0x38, 0x00, 0x38, 0x00, 0x00,
    0x00, 0x00, 0x00, 0x00, 0x00, 0x00, 0x00, 0x00, 0x00, 0x00, 0x00, 0x00, 0x3E, 0x00, 0x07, 0xF0,
    0x00, 0x3F, 0x0F, 0xC0, 0x02, 0xFC, 0x00, 0x1F, 0x83, 0xF0, 0x00, 0xFF, 0x00, 0x0F, 0xD0, 0xFC,
    0x00, 0xBB, 0xD0, 0x03, 0xF0, 0x3F, 0x00, 0x3D, 0xF4, 0x02, 0xF4, 0x0F, 0xC0, 0x2F, 0x3D, 0x00,
    0xFC, 0x03, 0xF0, 0x0F, 0x4F, 0x40, 0xBD, 0x00, 0xFC, 0x0B, 0xC3, 0xD0, 0x3F, 0x00, 0x3F, 0x03,
    0xE0, 0xF8, 0x1F, 0x40, 0x0B, 0xC1, 0xF0, 0x3E, 0x0F, 0xC0, 0x02, 0xF0, 0xF8, 0x0F, 0x87, 0xE0,
    0x00, 0xBC, 0x7C, 0x03, 0xE2, 0xF0, 0x00, 0x2F, 0x3E, 0x00, 0xB8, 0xF8, 0x00, 0x0B, 0xCF, 0x00,
    0x2E, 0xBC, 0x00, 0x02, 0xFB, 0x80, 0x0B, 0xBE, 0x00, 0x00, 0x7F, 0xD0, 0x02, 0xFF, 0x40, 0x00,
    0x1F, 0xF0, 0x00, 0xBF, 0xC0, 0x00, 0x07, 0xF4, 0x00, 0x1F, 0xD0, 0x00, 0x00, 0x00, 0x00, 0x68,
    0x00, 0x00, 0x00, 0x1F, 0xE0, 0x00, 0x00, 0x07, 0xFF, 0x00, 0x00, 0x01, 0xF8, 0xFC, 0x00, 0x00,
    0x7D, 0x03, 0xD0, 0x00, 0x0F, 0x00, 0x0E, 0x00, 0x00, 0x00, 0x00, 0x00, 0x00, 0x00, 0x00, 0x00,
    0x00, 0xBC, 0x00, 0x00, 0x1F, 0x8B, 0xD0, 0x00, 0x03, 0xF0, 0x7E, 0x00, 0x00, 0xFD, 0x03, 0xF0,
    0x00, 0x1F, 0xC0, 0x3F, 0x00, 0x03, 0xF0, 0x02, 0xF4, 0x00, 0xFD, 0x00, 0x1F, 0x80, 0x1F, 0x80,
    0x00, 0xFC, 0x03, 0xF0, 0x00, 0x0F, 0xC0, 0xFD, 0x00, 0x00, 0xBC, 0x1F, 0x80, 0x00, 0x07, 0xD3,
    0xF0, 0x00, 0x00, 0x3E, 0xBD, 0x00, 0x00, 0x02, 0xFF, 0x80, 0x00, 0x00, 0x1F, 0xF0, 0x00, 0x00,
    0x00, 0xFD, 0x00, 0x00, 0x00, 0x0F, 0xC0, 0x00, 0x00, 0x01, 0xF8, 0x00, 0x00, 0x00, 0x2F, 0x40,
    0x00, 0x00, 0x03, 0xF0, 0x00, 0x00, 0x00, 0x3F, 0x00, 0x00, 0x00, 0x03, 0xE0, 0x00, 0x00, 0x00,
    0x7E, 0x00, 0x00, 0x00, 0x0B, 0xD0, 0x00, 0x00, 0x00, 0xFC, 0x00, 0x00, 0x00, 0x00, 0x00, 0x00,
    0x29, 0x00, 0x00, 0x00, 0x00, 0x0F, 0xF0, 0x00, 0x00, 0x00, 0x03, 0xFF, 0x80, 0x00, 0x00, 0x00,
    0xFC, 0x7C, 0x00, 0x00, 0x00, 0x3F, 0x02, 0xF0, 0x00, 0x00, 0x0B, 0x40, 0x0B, 0x40, 0x00, 0x00,
    0x00, 0x00, 0x00, 0x00, 0x00, 0x00, 0x00, 0x00, 0x00, 0x00, 0x1F, 0x80, 0x00, 0x0F, 0xC0, 0x00,
    0xF8, 0x00, 0x02, 0xF4, 0x00, 0x0F, 0xC0, 0x00, 0x3F, 0x00, 0x00, 0xFC, 0x00, 0x0F, 0xD0, 0x00,
    0x0F, 0xC0, 0x01, 0xFC, 0x00, 0x00, 0xBC, 0x00, 0x3F, 0x00, 0x00, 0x07, 0xD0, 0x07, 0xE0, 0x00,
    0x00, 0x7E, 0x00, 0xFC, 0x00, 0x00, 0x03, 0xE0, 0x1F, 0x80, 0x00, 0x00, 0x3F, 0x03, 0xF0, 0x00,
    0x00, 0x03, 0xF0, 0x7E, 0x00, 0x00, 0x00, 0x2F, 0x0F, 0xC0, 0x00, 0x00, 0x02, 0xF1, 0xF4, 0x00,
    0x00, 0x00, 0x1F, 0x3F, 0x00, 0x00, 0x00, 0x01, 0xF7, 0xD0, 0x00, 0x00, 0x00, 0x0F, 0xFC, 0x00,
    0x00, 0x00, 0x00, 0xFF, 0x40, 0x00, 0x00, 0x00, 0x0F, 0xE0, 0x00, 0x00, 0x00, 0x00, 0xFC, 0x00,
    0x00, 0x00, 0x00, 0x1F, 0x80, 0x00, 0x00, 0x00, 0x03, 0xF0, 0x00, 0x00, 0x00, 0x00, 0xBE, 0x00,
    0x00, 0x00, 0x00, 0x1F, 0xC0, 0x00, 0x00, 0x02, 0x5B, 0xF0, 0x00, 0x00, 0x00, 0x3F, 0xFD, 0x00,
    0x00, 0x00, 0x03, 0xFE, 0x00, 0x00, 0x00, 0x00, 0x00, 0x04, 0x00, 0x40, 0x00, 0x02, 0xF0, 0x2F,
    0x00, 0x00, 0x3F, 0x03, 0xF0, 0x00, 0x02, 0xD0, 0x2D, 0x00, 0x00, 0x00, 0x00, 0x00, 0x00, 0x00,
    0x00, 0x00, 0x00, 0x00, 0x00, 0x00, 0x00, 0x0B, 0xC0, 0x00, 0x01, 0xF8, 0xBD, 0x00, 0x00, 0x3F,
    0x07, 0xE0, 0x00, 0x0F, 0xD0, 0x3F, 0x00, 0x01, 0xFC, 0x03, 0xF0, 0x00, 0x3F, 0x00, 0x2F, 0x40,
    0x0F, 0xD0, 0x01, 0xF8, 0x01, 0xF8, 0x00, 0x0F, 0xC0, 0x3F, 0x00, 0x00, 0xFC, 0x0F, 0xD0, 0x00,
    0x0B, 0xC1, 0xF8, 0x00, 0x00, 0x7D, 0x3F, 0x00, 0x00, 0x03, 0xEB, 0xD0, 0x00, 0x00, 0x2F, 0xF8,
    0x00, 0x00, 0x01, 0xFF, 0x00, 0x00, 0x00, 0x0F, 0xD0, 0x00, 0x00, 0x00, 0xFC, 0x00, 0x00, 0x00,
    0x1F, 0x80, 0x00, 0x00, 0x02, 0xF4, 0x00, 0x00, 0x00, 0x3F, 0x00, 0x00, 0x00, 0x03, 0xF0, 0x00,
    0x00, 0x00, 0x3E, 0x00, 0x00, 0x00, 0x07, 0xE0, 0x00, 0x00, 0x00, 0xBD, 0x00, 0x00, 0x00, 0x0F,
    0xC0, 0x00, 0x00, 0x00, 0x00, 0x00, 0x00, 0x01, 0xA4, 0x00, 0x00, 0x00, 0x00, 0xFD, 0x00, 0x00,
    0x00, 0x00, 0xFD, 0x00, 0x00, 0x00, 0x00, 0xBD, 0x00, 0x00, 0x00, 0x00, 0x7D, 0x00, 0x00, 0x00,
    0x00, 0x38, 0x00, 0x00, 0x00, 0x00, 0x00, 0x00, 0x00, 0x00, 0x00, 0x00, 0x00, 0x00, 0x00, 0x0F,
    0xFF, 0xFF, 0xFF, 0x00, 0x03, 0xFF, 0xFF, 0xFF, 0xC0, 0x01, 0xFF, 0xFF, 0xFF, 0xE0, 0x00, 0x00,
    0x00, 0x0B, 0xF0, 0x00, 0x00, 0x00, 0x07, 0xF0, 0x00, 0x00, 0x00, 0x03, 0xF4, 0x00, 0x00, 0x00,
    0x03, 0xF8, 0x00, 0x00, 0x00, 0x02, 0xF8, 0x00, 0x00, 0x00, 0x01, 0xFC, 0x00, 0x00, 0x00, 0x01,
    0xFC, 0x00, 0x00, 0x00, 0x00, 0xFD, 0x00, 0x00, 0x00, 0x00, 0xFE, 0x00, 0x00, 0x00, 0x00, 0xBF,
    0x00, 0x00, 0x00, 0x00, 0x7F, 0x00, 0x00, 0x00, 0x00, 0x3F, 0x00, 0x00, 0x00, 0x00, 0x3F, 0x40,
    0x00, 0x00, 0x00, 0x3F, 0x80, 0x00, 0x00, 0x00, 0x2F, 0xC0, 0x00, 0x00, 0x00, 0x1F, 0xC0, 0x00,
    0x00, 0x00, 0x0F, 0xD0, 0x00, 0x00, 0x00, 0x0F, 0xD0, 0x00, 0x00, 0x00, 0x0B, 0xFA, 0xAA, 0xAA,
    0x80, 0x03, 0xFF, 0xFF, 0xFF, 0xF0, 0x00, 0xFF, 0xFF, 0xFF, 0xF8, 0x00, 0x00, 0x00, 0x00, 0x2A,
    0x00, 0x00, 0x00, 0x3F, 0x80, 0x00, 0x00, 0x2F, 0x80, 0x00, 0x00, 0x1F, 0x80, 0x00, 0x00, 0x0F,
    0x80, 0x00, 0x00, 0x0B, 0x40, 0x00, 0x00, 0x00, 0x00, 0x00, 0x00, 0x00, 0x00, 0x00, 0x00, 0x7F,
    0xFF, 0xFD, 0x00, 0x1F, 0xFF, 0xFF, 0x40, 0x01, 0x55, 0x6F, 0xC0, 0x00, 0x00, 0x0F, 0xD0, 0x00,
    0x00, 0x0B, 0xE0, 0x00, 0x00, 0x0B, 0xE0, 0x00, 0x00, 0x07, 0xF0, 0x00, 0x00, 0x03, 0xF0, 0x00,
    0x00, 0x03, 0xF4, 0x00, 0x00, 0x03, 0xF4, 0x00, 0x00, 0x02, 0xF8, 0x00, 0x00, 0x01, 0xFC, 0x00,
    0x00, 0x01, 0xFC, 0x00, 0x00, 0x00, 0xFC, 0x00, 0x00, 0x00, 0xFD, 0x00, 0x00, 0x00, 0xBE, 0x00,
    0x00, 0x00, 0x3F, 0xFF, 0xFF, 0x80, 0x1F, 0xFF, 0xFF, 0xD0, 0x00, 0x00, 0x00, 0x00, 0x14, 0x00,
    0x00, 0x00, 0x00, 0x2F, 0x80, 0x00, 0x00, 0x00, 0x0F, 0xE0, 0x00, 0x00, 0x00, 0x02, 0xF0, 0x00,
    0x00, 0x00, 0x00, 0x00, 0x00, 0x00, 0x00, 0x00, 0x00, 0x00, 0x00, 0x00, 0x00, 0x00, 0x00, 0x00,
    0x00, 0x3F, 0xFF, 0xFF, 0xFC, 0x00, 0x0F, 0xFF, 0xFF, 0xFF, 0x00, 0x07, 0xFF, 0xFF, 0xFF, 0x80,
    0x00, 0x00, 0x00, 0x2F, 0xC0, 0x00, 0x00, 0x00, 0x1F, 0xC0, 0x00, 0x00, 0x00, 0x0F, 0xD0, 0x00,
    0x00, 0x00, 0x0F, 0xE0, 0x00, 0x00, 0x00, 0x0B, 0xE0, 0x00, 0x00, 0x00, 0x07, 0xF0, 0x00, 0x00,
    0x00, 0x07, 0xF0, 0x00, 0x00, 0x00, 0x03, 0xF4, 0x00, 0x00, 0x00, 0x03, 0xF8, 0x00, 0x00, 0x00,
    0x02, 0xFC, 0x00, 0x00, 0x00, 0x01, 0xFC, 0x00, 0x00, 0x00, 0x00, 0xFC, 0x00, 0x00, 0x00, 0x00,
    0xFD, 0x00, 0x00, 0x00, 0x00, 0xFE, 0x00, 0x00, 0x00, 0x00, 0xBF, 0x00, 0x00, 0x00, 0x00, 0x7F,
    0x00, 0x00, 0x00, 0x00, 0x3F, 0x40, 0x00, 0x00, 0x00, 0x3F, 0x40, 0x00, 0x00, 0x00, 0x2F, 0xEA,
    0xAA, 0xAA, 0x00, 0x0F, 0xFF, 0xFF, 0xFF, 0xC0, 0x03, 0xFF, 0xFF, 0xFF, 0xE0, 0x00, 0x00, 0x00,
    0x06, 0x00, 0x00, 0x00, 0x1F, 0xC0, 0x00, 0x00, 0x2F, 0xC0, 0x00, 0x00, 0x1F, 0x40, 0x00, 0x00,
    0x00, 0x00, 0x00, 0x00, 0x00, 0x00, 0x00, 0x00, 0x00, 0x00, 0x00, 0x7F, 0xFF, 0xFD, 0x00, 0x7F,
    0xFF, 0xFD, 0x00, 0x15, 0x56, 0xFC, 0x00, 0x00, 0x03, 0xF4, 0x00, 0x00, 0x0B, 0xE0, 0x00, 0x00,
    0x2F, 0x80, 0x00, 0x00, 0x7F, 0x00, 0x00, 0x00, 0xFC, 0x00, 0x00, 0x03, 0xF4, 0x00, 0x00, 0x0F,
    0xD0, 0x00, 0x00, 0x2F, 0x80, 0x00, 0x00, 0x7F, 0x00, 0x00, 0x01, 0xFC, 0x00, 0x00, 0x03, 0xF0,
    0x00, 0x00, 0x0F, 0xD0, 0x00, 0x00, 0x2F, 0x80, 0x00, 0x00, 0x3F, 0xFF, 0xFF, 0x80, 0x7F, 0xFF,
    0xFF, 0x40, 0x00, 0x00, 0x18, 0x00, 0x19, 0x00, 0x00, 0x07, 0xC0, 0x3F, 0x00, 0x00, 0x00, 0xBC,
    0x7F, 0x00, 0x00, 0x00, 0x0F, 0xFF, 0x00, 0x00, 0x00, 0x02, 0xFF, 0x00, 0x00, 0x00, 0x00, 0x3F,
    0x00, 0x00, 0x00, 0x00, 0x00, 0x00, 0x00, 0x00, 0x00, 0x00, 0x00, 0x00, 0x00, 0x0F, 0xFF, 0xFF,
    0xFF, 0x00, 0x03, 0xFF, 0xFF, 0xFF, 0xC0, 0x01, 0xFF, 0xFF, 0xFF, 0xE0, 0x00, 0x00, 0x00, 0x0B,
    0xF0, 0x00, 0x00, 0x00, 0x07, 0xF0, 0x00, 0x00, 0x00, 0x03, 0xF4, 0x00, 0x00, 0x00, 0x03, 0xF8,
    0x00, 0x00, 0x00, 0x02, 0xF8, 0x00, 0x00, 0x00, 0x01, 0xFC, 0x00, 0x00, 0x00, 0x01, 0xFC, 0x00,
    0x00, 0x00, 0x00, 0xFD, 0x00, 0x00, 0x00, 0x00, 0xFE, 0x00, 0x00, 0x00, 0x00, 0xBF, 0x00, 0x00,
    0x00, 0x00, 0x7F, 0x00, 0x00, 0x00, 0x00, 0x3F, 0x00, 0x00, 0x00, 0x00, 0x3F, 0x40, 0x00, 0x00,
    0x00, 0x3F, 0x80, 0x00, 0x00, 0x00, 0x2F, 0xC0, 0x00, 0x00, 0x00, 0x1F, 0xC0, 0x00, 0x00, 0x00,
    0x0F, 0xD0, 0x00, 0x00, 0x00, 0x0F, 0xD0, 0x00, 0x00, 0x00, 0x0B, 0xFA, 0xAA, 0xAA, 0x80, 0x03,
    0xFF, 0xFF, 0xFF, 0xF0, 0x00, 0xFF, 0xFF, 0xFF, 0xF8, 0x00, 0x00, 0x02, 0x40, 0x02, 0x40, 0x00,
    0xF4, 0x0B, 0xC0, 0x00, 0x1F, 0x0F, 0xC0, 0x00, 0x03, 0xFF, 0xC0, 0x00, 0x00, 0x7F, 0xC0, 0x00,
    0x00, 0x0B, 0xD0, 0x00, 0x00, 0x00, 0x00, 0x00, 0x00, 0x00, 0x00, 0x00, 0x00, 0x7F, 0xFF, 0xFD,
    0x00, 0x1F, 0xFF, 0xFF, 0x40, 0x01, 0x55, 0x6F, 0xC0, 0x00, 0x00, 0x0F, 0xD0, 0x00, 0x00, 0x0B,
    0xE0, 0x00, 0x00, 0x0B, 0xE0, 0x00, 0x00, 0x07, 0xF0, 0x00, 0x00, 0x03, 0xF0, 0x00, 0x00, 0x03,
    0xF4, 0x00, 0x00, 0x03, 0xF4, 0x00, 0x00, 0x02, 0xF8, 0x00, 0x00, 0x01, 0xFC, 0x00, 0x00, 0x01,
    0xFC, 0x00, 0x00, 0x00, 0xFC, 0x00, 0x00, 0x00, 0xFD, 0x00, 0x00, 0x00, 0xBE, 0x00, 0x00, 0x00,
    0x3F, 0xFF, 0xFF, 0x80, 0x1F, 0xFF, 0xFF, 0xD0, 0x00, 0x00, 0x00, 0x00, 0x05, 0x50, 0x00, 0x00,
    0x00, 0x7F, 0xFC, 0x00, 0x00, 0x01, 0xFF, 0xFC, 0x00, 0x00, 0x03, 0xF4, 0x00, 0x00, 0x00, 0x07,
    0xE0, 0x00, 0x00, 0x00, 0x0B, 0xC0, 0x00, 0x00, 0x00, 0x0F, 0xC0, 0x00, 0x00, 0x00, 0x0F, 0xC0,
    0x00, 0x00, 0x00, 0x1F, 0x80, 0x00, 0x00, 0x00, 0x2F, 0x40, 0x00, 0x00, 0x00, 0x3F, 0x00, 0x00,
    0x00, 0x00, 0x3F, 0x00, 0x00, 0x00, 0x00, 0x7E, 0x00, 0x00, 0x00, 0x00, 0x7E, 0x00, 0x00, 0x00,
    0x00, 0xBD, 0x00, 0x00, 0x00, 0x00, 0xFC, 0x00, 0x00, 0x00, 0x00, 0xFC, 0x00, 0x00, 0x00, 0x01,
    0xF8, 0x00, 0x00, 0x00, 0x02, 0xF4, 0x00, 0x00, 0x00, 0x02, 0xF4, 0x00, 0x00, 0x00, 0x03, 0xF0,
    0x00, 0x00, 0x00, 0x03, 0xF0, 0x00, 0x00, 0x00, 0x07, 0xE0, 0x00, 0x00, 0x00, 0x0B, 0xD0, 0x00,
    0x00, 0x00, 0x0F, 0xC0, 0x00, 0x00, 0x00, 0x0F, 0xC0, 0x00, 0x00, 0x00, 0x0F, 0xC0, 0x00, 0x00,
    0x00, 0x1F, 0x80, 0x00, 0x00, 0x00, 0x2F, 0x40, 0x00, 0x00, 0x00, 0x3F, 0x00, 0x00, 0x00, 0x00,
    0xBE, 0x00, 0x00, 0x00, 0x26, 0xFC, 0x00, 0x00, 0x00, 0x3F, 0xF4, 0x00, 0x00, 0x00, 0x3F, 0xD0,
    0x00, 0x00, 0x00, 0x68, 0x07, 0xE0, 0x3F, 0x00, 0xF8, 0x07, 0xC0, 0x1D, 0x00, 0x69, 0x01, 0xFC,
    0x03, 0xF0, 0x0F, 0xC0, 0x2F, 0x00, 0x78, 0x00, 0x00, 0x29, 0x00, 0x03, 0xFC, 0x00, 0x3F, 0xF8,
    0x02, 0xF5, 0xF4, 0x3F, 0x02, 0xF2, 0xE0, 0x02, 0xD0, 0x01, 0x40, 0x06, 0x07, 0xFE, 0x03, 0xC3,
    0xFF, 0xFB, 0xE1, 0xE0, 0xBF, 0xF0, 0xB0, 0x02, 0xE0, 0x00, 0x1A, 0xAA, 0xA0, 0xFF, 0xFF, 0xC3,
    0xFF, 0xFE, 0x00, 0x00, 0x00, 0x00, 0x07, 0xFF, 0xFF, 0xFC, 0xBF, 0xFF, 0xFF, 0xC1, 0x55, 0x55,
    0x54, 0x60, 0x00, 0xAB, 0x80, 0x2E, 0x7F, 0xAF, 0xC2, 0xFF, 0xF4, 0x06, 0xE8, 0x00, 0x14, 0x7E,
    0xBE, 0x7C, 0x00, 0x04, 0x00, 0x47, 0xD0, 0x7D, 0xBD, 0x0B, 0xD7, 0xC0, 0x78, 0x15, 0x01, 0xFF,
    0x46, 0x6F, 0x00, 0x3D, 0x02, 0xF0, 0xBF, 0x43, 0xD0, 0x1E, 0x00, 0x10, 0x00, 0x00, 0x00, 0x0F,
    0xF4, 0x3E, 0xBD, 0x78, 0x0F, 0x74, 0x0F, 0x3C, 0x1E, 0x2F, 0xFC, 0x06, 0xE0, 0x00, 0xA4, 0x1A,
    0x00, 0xFC, 0x1F, 0xC0, 0xBD, 0x0F, 0xC0, 0x7D, 0x0F, 0xC0, 0x7C, 0x0B, 0x80, 0x28, 0x03, 0x80,
    0x00, 0x64, 0x00, 0x64, 0xF4, 0x0B, 0xC2, 0xF0, 0xFC, 0x03, 0xFF, 0xC0, 0x07, 0xFC, 0x00, 0x0F,
    0xD0, 0x00, 0x01, 0x40, 0xBC, 0x0B, 0xC0, 0xF8, 0x0F, 0x41, 0xF4, 0x2F, 0x03, 0xF0, 0x3E, 0x01,
    0x40, 0x05, 0x01, 0x41, 0xF0, 0x7D, 0x2F, 0x0B, 0xC3, 0xF0, 0xBC, 0x3E, 0x0F, 0x87, 0xD0, 0xF4,
    0x00, 0x00, 0x00, 0x29, 0x06, 0x90, 0x3F, 0x07, 0xF0, 0x1F, 0x82, 0xF0, 0x0B, 0xC0, 0xF8, 0x03,
    0xE0, 0x3D, 0x00, 0xF0, 0x1E, 0x00, 0x00, 0x00, 0x02, 0xF0, 0x00, 0x0F, 0xC0, 0x00, 0x3F, 0x00,
    0x60, 0x60, 0xA1, 0xE0, 0x07, 0xC3, 0xFA, 0xFD, 0x0B, 0xFF, 0xD0, 0x06, 0xE8, 0x00, 0x00, 0x69,
    0x00, 0x1F, 0xFF, 0x41, 0xFF, 0xFF, 0x0F, 0x40, 0x3C, 0x38, 0x00, 0x70, 0x00, 0xB4, 0x07, 0xC0,
    0x3E, 0x02, 0xF0, 0x0F, 0xC0, 0xBD, 0x07, 0xF0, 0x2F, 0x80, 0x54, 0x00, 0x02, 0xF4, 0x0F, 0xC0,
    0x7E, 0x03, 0xF0, 0x1F, 0x80, 0xBC, 0x03, 0xD0, 0x2F, 0x00, 0x50, 0x00, 0x3E, 0x0F, 0xC3, 0xF0,
    0xFC, 0x3F, 0x0B, 0xC1, 0xF0, 0x7C, 0x05, 0x00, 0x02, 0xF4, 0x0F, 0xC0, 0x7E, 0x03, 0xF0, 0x1F,
    0x80, 0xBC, 0x03, 0xD0, 0x2F, 0x00, 0x50, 0x00, 0x2A, 0x00, 0xBD, 0x00, 0xFC, 0x01, 0xF4, 0x02,
    0xF0, 0x02, 0xD0, 0x00, 0xA8, 0x03, 0xF8, 0x0B, 0xE0, 0x1F, 0x80, 0x3E, 0x00, 0xB4, 0x00, 0x00,
    0x00, 0x00, 0x7C, 0x00, 0x78, 0x7F, 0xF8, 0xBF, 0xF4, 0x00, 0xF0, 0x01, 0xF0, 0x00, 0x40, 0x00,
    0x00, 0x0F, 0x40, 0x0F, 0x00, 0x1F, 0xFD, 0x2F, 0xFD, 0x2D, 0x00, 0x3C, 0x00, 0x14, 0x00, 0x15,
    0x55, 0x57, 0xFF, 0xFF, 0x6A, 0xAB, 0xE0, 0x00, 0x3D, 0x00, 0x03, 0xC0, 0x00, 0x7C, 0x00, 0x0B,
    0x80, 0x00, 0xF4, 0x00, 0x0F, 0x00, 0x00, 0xA0, 0x00, 0x15, 0x00, 0xBE, 0x00, 0xFD, 0x01, 0xFC,
    0x03, 0xF4, 0x2F, 0xD0, 0x3E, 0x00, 0x10, 0x00, 0x00, 0x02, 0xF2, 0xF4, 0xF0, 0x74, 0x1E, 0x03,
    0xE0, 0x24, 0x00, 0x50, 0x01, 0xF0, 0x01, 0xE0, 0x02, 0xD0, 0x7F, 0xFE, 0x7F, 0xFD, 0x15, 0x54,
    0xBF, 0xFD, 0xAF, 0xE8, 0x0B, 0x40, 0x0F, 0x40, 0x0F, 0x00, 0x00, 0x00, 0x00, 0x3C, 0x00, 0x1F,
    0x00, 0xAF, 0xE8, 0x3F, 0xFF, 0x05, 0xF5, 0x00, 0x3C, 0x00, 0x0A, 0x00, 0x00, 0x00, 0x7F, 0xFF,
    0xBF, 0xFE, 0x00, 0x15, 0x00, 0x3E, 0x00, 0x7D, 0x00, 0xBC, 0x00, 0xFC, 0x00, 0xFC, 0x01, 0xF8,
    0x6B, 0xF0, 0x7F, 0xE0, 0x7F, 0x40, 0x05, 0x40, 0x3E, 0x01, 0xF4, 0x0B, 0xC0, 0x3F, 0x00, 0xFC,
    0x03, 0xE0, 0x0F, 0xE9, 0x2F, 0xF4, 0x2F, 0xC0, 0x3C, 0xFD, 0xFD, 0x78, 0x04, 0x00, 0x43, 0xF0,
    0x3F, 0x3F, 0x03, 0xF2, 0xD0, 0x2D, 0x00, 0x00, 0x0B, 0xF8, 0x3E, 0xBE, 0x38, 0x0F, 0x78, 0x0F,
    0x3C, 0x1F, 0x2F, 0xFD, 0x06, 0xE0, 0x07, 0xE0, 0xBC, 0x0F, 0x42, 0xE0, 0x7C, 0x01, 0x00, 0x02,
    0xD0, 0x0F, 0x00, 0xBE, 0x00, 0x7E, 0x00, 0xBC, 0x03, 0xE7, 0xFF, 0x1F, 0xE0, 0x03, 0xC1, 0xF0,
    0x3C, 0x0B, 0x80, 0xB8, 0x0B, 0xFC, 0x3F, 0xC0, 0x00, 0x05, 0x43, 0xE0, 0xF4, 0x7C, 0x2F, 0x0F,
    0xC3, 0xE1, 0xF4, 0x7C, 0x15, 0x00, 0x05, 0x55, 0x55, 0x50, 0xFF, 0xFF, 0xFE, 0x1F, 0xAA, 0xAB,
    0xE2, 0xE0, 0x00, 0x3D, 0x3D, 0x00, 0x03, 0xC3, 0xC0, 0x00, 0x7C, 0x14, 0x00, 0x01, 0x00, 0x74,
    0x0E, 0x02, 0xC7, 0x42, 0xF0, 0x7C, 0x3F, 0xFF, 0xFF, 0x01, 0xFD, 0x2F, 0x80, 0xA0, 0x00, 0x62,
    0xF0, 0x0F, 0x83, 0xE1, 0xF8, 0x07, 0xFF, 0x80, 0x0F, 0xF8, 0x00, 0x1F, 0x80, 0x00, 0x00, 0x69,
    0x00, 0x03, 0xFC, 0x00, 0x3F, 0xF8, 0x03, 0xF2, 0xF0, 0x3E, 0x03, 0xF2, 0xD0, 0x02, 0xC0, 0xA0,
    0x00, 0x9F, 0x40, 0x3D, 0xBE, 0xAF, 0xC3, 0xFF, 0xF0, 0x06, 0xE4, 0x00, 0x00, 0x69, 0x00, 0x2F,
    0xFF, 0x01, 0xFF, 0xFF, 0x0F, 0x40, 0x3C, 0x34, 0x00, 0xB0, 0x01, 0x40, 0x02, 0x03, 0xFE, 0x03,
    0xC3, 0xFF, 0xFB, 0xE1, 0xE0, 0xBF, 0xF0, 0xB0, 0x02, 0xA0, 0x00, 0x2A, 0xAA, 0xA3, 0xFF, 0xFF,
    0x7F, 0xFF, 0xD0, 0x7F, 0xFF, 0xFF, 0xF2, 0xFF, 0xFF, 0xFF, 0xC0, 0x00, 0x00, 0x00, 0x00, 0x00,
    0x00, 0x00, 0x00, 0xBF, 0xFF, 0xFF, 0xE3, 0xFF, 0xFF, 0xFF, 0x40, 0x00, 0x00, 0x00, 0x00, 0x00,
    0x00, 0x01, 0xAA, 0xAA, 0xAA, 0x8B, 0xFF, 0xFF, 0xFD, 0x15, 0x55, 0x55, 0x50, 0x00, 0x50, 0x01,
    0x40, 0xBF, 0xD0, 0x38, 0x0F, 0xFF, 0xEF, 0x42, 0xD0, 0xBF, 0xE0, 0x38, 0x01, 0xA4, 0x00, 0x00,
    0x00, 0x00, 0x03, 0xFF, 0xFF, 0xFE, 0x7F, 0xFF, 0xFF, 0xD1, 0x55, 0x55, 0x54, 0x2A, 0xAA, 0xAA,
    0xAA, 0xAA, 0xA8, 0x3F, 0xFF, 0xFF, 0xFF, 0xFF, 0xFC, 0x2A, 0xAA, 0xAA, 0xAA, 0xAA, 0xA8, 0x00,
    0x00, 0x00, 0x00, 0x2C, 0x00, 0x1F, 0xE0, 0x0B, 0xF8, 0x0B, 0xFC, 0x07, 0xFD, 0x00, 0x7E, 0x00,
    0x02, 0x00, 0x00, 0x00, 0x00, 0x00, 0x00, 0x14, 0x00, 0x00, 0x00, 0x00, 0xF8, 0x00, 0x00, 0x00,
    0x01, 0xF0, 0x00, 0x00, 0x00, 0x03, 0xE0, 0x00, 0x00, 0x00, 0x0B, 0xC0, 0x00, 0x00, 0x00, 0x0F,
    0x40, 0x00, 0x00, 0x00, 0x3F, 0x00, 0x00, 0x00, 0x00, 0x7D, 0x00, 0x00, 0x00, 0x00, 0xF8, 0x00,
    0x00, 0x00, 0x01, 0xF0, 0x00, 0x00, 0x00, 0x03, 0xE0, 0x00, 0x00, 0x00, 0x0B, 0xC0, 0x00, 0x00,
    0x00, 0x0F, 0x40, 0x00, 0x00, 0x00, 0x3F, 0x00, 0x00, 0x00, 0x00, 0x7D, 0x00, 0x00, 0x00, 0x00,
    0xF8, 0x00, 0x00, 0x00, 0x01, 0xF0, 0x00, 0x00, 0x00, 0x03, 0xE0, 0x00, 0x00, 0x00, 0x0B, 0xC0,
    0x00, 0x00, 0x00, 0x0F, 0x40, 0x00, 0x00, 0x00, 0x3F, 0x00, 0x00, 0x00, 0x00, 0x7C, 0x00, 0x00,
    0x00, 0x00, 0xF8, 0x00, 0x00, 0x00, 0x01, 0xF0, 0x00, 0x00, 0x00, 0x03, 0xE0, 0x00, 0x00, 0x00,
    0x0B, 0xC0, 0x00, 0x00, 0x00, 0x0F, 0x40, 0x00, 0x00, 0x00, 0x2F, 0x00, 0x00, 0x00, 0x00, 0x00,
    0x0B, 0x41, 0xF0, 0x2D, 0x0B, 0x47, 0xCF, 0xD2, 0x40, 0x05, 0x00, 0x00, 0x50, 0xF0, 0x00, 0x1E,
    0x1F, 0x00, 0x02, 0xE2, 0xE0, 0x00, 0x3D, 0x3F, 0xAA, 0xAB, 0xC3, 0xFF, 0xFF, 0xFC, 0x15, 0x55,
    0x55, 0x00, 0x00, 0x00, 0x00, 0x00, 0xFF, 0xFF, 0xFE, 0x0F, 0xAA, 0xAB, 0xD0, 0xE0, 0x00, 0x3C,
    0x1D, 0x00, 0x03, 0xC2, 0xD0, 0x00, 0x78, 0x3F, 0xFF, 0xFF, 0x42, 0xAA, 0xAA, 0xA0, 0x07, 0xF4,
    0xBE, 0x0B, 0xEF, 0xFB, 0xE7, 0x81, 0xF0, 0x3E, 0xC0, 0x34, 0x0E, 0x08, 0x08, 0x2F, 0x3E, 0x0F,
    0xF8, 0x0B, 0xF0, 0x1F, 0xF0, 0x7D, 0xFC, 0x20, 0x20, 0x00, 0x6C, 0x02, 0xFC, 0x07, 0xC0, 0x0B,
    0x80, 0x07, 0xC0, 0x03, 0xE0, 0x02, 0xF0, 0x03, 0xE0, 0x2F, 0xC0, 0x29, 0x00, 0x00, 0x00, 0x00,
    0x00, 0xBF, 0xFF, 0xFF, 0xE3, 0xFF, 0xFF, 0xFF, 0x40, 0x00, 0x00, 0x00, 0x00, 0x00, 0x00, 0x01,
    0xAA, 0xAA, 0xAA, 0x8B, 0xFF, 0xFF, 0xFE, 0x15, 0x55, 0x55, 0x50, 0x29, 0x00, 0xFC, 0x01, 0xF8,
    0x02, 0xF0, 0x03, 0xE0, 0x03, 0xC0, 0x00, 0xA8, 0x03, 0xF8, 0x0B, 0xE0, 0x1F, 0x80, 0x3E, 0x00,
    0xB4, 0x00, 0x01, 0x50, 0x02, 0x43, 0xFF, 0x42, 0xD2, 0xFF, 0xFE, 0xF0, 0xF0, 0x7F, 0xF4, 0x34,
    0x01, 0xA4, 0x00, 0xBE, 0x3F, 0xE0, 0xF8, 0x2E, 0x1F, 0x06, 0x00, 0x00, 0x0F, 0xD0, 0x01, 0x0B,
    0xE1, 0x07, 0xD3, 0xF3, 0xF2, 0xF6, 0xF4, 0xFC, 0x78, 0xF4, 0x3D, 0x00, 0x78, 0x00, 0x00, 0x14,
    0x03, 0xE0, 0x7D, 0x0B, 0xD0, 0xBF, 0xC2, 0xF8, 0x05, 0x55, 0x55, 0x54, 0x1F, 0xFF, 0xFF, 0xFC,
    0x2F, 0xAA, 0xAA, 0xBC, 0x3D, 0x00, 0x00, 0x7C, 0x3C, 0x00, 0x00, 0xB8, 0x3C, 0x00, 0x00, 0xF4,
    0x10, 0x00, 0x00, 0x50, 0x00, 0x00, 0x00, 0x00, 0x1F, 0xFF, 0xFF, 0xFC, 0x2F, 0xFF, 0xFF, 0xF8,
    0x00, 0x00, 0x00, 0x00, 0x00, 0x00, 0x00, 0x00, 0x2A, 0xAA, 0xAA, 0xA0, 0x7F, 0xFF, 0xFF, 0xF0,
    0x15, 0x55, 0x55, 0x50, 0x05, 0x01, 0x50, 0xF8, 0x3E, 0x1F, 0x43, 0xD1, 0xF0, 0x7D, 0x2F, 0x0B,
    0xC3, 0xF0, 0xFC, 0x00, 0x00, 0x00, 0x3F, 0xFC, 0x3F, 0xFC, 0x00, 0x7C, 0x00, 0xB8, 0x00, 0xF4,
    0x00, 0xF0, 0x00, 0x01, 0x40, 0x00, 0x05, 0x3C, 0x14, 0x07, 0xFF, 0x83, 0x80, 0xFF, 0xFE, 0xF4,
    0x2D, 0x2F, 0xFE, 0x03, 0x87, 0x9A, 0x40, 0x00, 0x30, 0x00, 0x00, 0x00, 0x00, 0x00, 0x00, 0x0B,
    0x40, 0x00, 0x07, 0xE0, 0x00, 0x01, 0xF8, 0x00, 0x00, 0x14, 0x00, 0x0B, 0xF4, 0x0B, 0x0B, 0xFF,
    0x9B, 0xC3, 0xD7, 0xFF, 0xD2, 0xD0, 0x1F, 0xD0, 0x00, 0x24, 0x00, 0x00, 0x3F, 0x00, 0x00, 0x0F,
    0xC0, 0x00, 0x01, 0x80, 0x00, 0x00, 0x50, 0x01, 0x42, 0xFF, 0x82, 0xD1, 0xFB, 0xFF, 0xF0, 0xF0,
    0x1F, 0xF0, 0x00, 0x00, 0x00, 0x01, 0xA4, 0x03, 0x83, 0xFF, 0xD7, 0xD1, 0xE5, 0xFF, 0xE0, 0xB0,
    0x06, 0xD0, 0x00, 0x00, 0x00, 0x40, 0x00, 0xB0, 0x2D, 0x01, 0xFF, 0xFF, 0xD0, 0xFF, 0xFF, 0xF8,
    0x0F, 0x81, 0xF4, 0x00, 0x90, 0x60, 0x00, 0x00, 0x00, 0x00, 0x00, 0x00, 0x07, 0x00, 0xBE, 0x0B,
    0xFD, 0x07, 0xC0, 0x2E, 0x00, 0xF4, 0x03, 0xC0, 0xBF, 0xC0, 0x2F, 0xF8, 0x03, 0xFE, 0xFF, 0xD0,
    0x2F, 0xF8, 0x07, 0xFF, 0xF0, 0x00, 0x00, 0x00, 0x00, 0x0F, 0xF0, 0x00, 0x00, 0x00, 0x00, 0x0F,
    0xF0, 0x00, 0x53, 0xC5, 0x00, 0x0F, 0x50, 0x00, 0xB2, 0x8E, 0x00, 0x05, 0x00, 0x0E, 0x00, 0x00,
    0xB0, 0x00, 0x00, 0x09, 0x00, 0x00, 0x60, 0x00, 0x00, 0x20, 0x00, 0x00, 0x09, 0x00, 0x50, 0x70,
    0x00, 0x00, 0x0E, 0x05, 0xF0, 0x00, 0x00, 0x00, 0x00, 0x0F, 0xF0, 0x90, 0x00, 0x00, 0x03, 0x0F,
    0xF0, 0xD0, 0x00, 0x00, 0x07, 0x0F, 0xF0, 0x00, 0x00, 0x00, 0x00, 0x0F, 0xA0, 0x70, 0x00, 0x00,
    0x0E, 0x0A, 0x00, 0x70, 0x00, 0x00, 0x0D, 0x00, 0x00, 0x09, 0x00, 0x00, 0x60, 0x00, 0x00, 0x0E,
    0x00, 0x00, 0xB0, 0x00, 0x00, 0x00, 0xB1, 0x4E, 0x00, 0x00, 0xF0, 0x00, 0x63, 0xC9, 0x00, 0x0F,
    0xF0, 0x00, 0x00, 0x00, 0x00, 0x0F, 0xF0, 0x00, 0x00, 0x00, 0x00, 0x0F, 0xFF, 0xC0, 0x2F, 0xF8,
    0x03, 0xFF, 0xFF, 0xD0, 0x2F, 0xF8, 0x07, 0xFF, 0x00, 0x0F, 0x40, 0xBF, 0x40, 0xBE, 0x0B, 0xEB,
    0xF8, 0xF4, 0x00, 0x00, 0x00, 0x03, 0xE3, 0xE2, 0xD0, 0xB0, 0x2D, 0x03, 0xD0, 0x60, 0x00, 0x00,
    0x00, 0x6F, 0xF0, 0x1F, 0xFF, 0xC3, 0xE5, 0x7E, 0xB8, 0x00, 0xE5, 0x0B, 0x05, 0x02, 0xF8, 0x00,
    0x2F, 0x80, 0x01, 0xE0, 0x00, 0x08, 0x20, 0x3E, 0xFC, 0x0F, 0xF4, 0x0F, 0xF0, 0x3F, 0xF8, 0x1D,
    0x38, 0x00, 0x00, 0x00, 0x50, 0x7E, 0x7F, 0x8F, 0xC0, 0xBF, 0x40, 0xBE, 0x00, 0xA0, 0x20, 0x00,
    0xF8, 0x01, 0xFE, 0x00, 0xBD, 0x0B, 0xF4, 0xFD, 0x03, 0x40, 0x00, 0x40, 0x00, 0x00, 0x3E, 0x40,
    0x3F, 0x03, 0xFD, 0x0F, 0xC0, 0x1F, 0x8B, 0xB8, 0x1F, 0xE3, 0xCF, 0x2F, 0x81, 0xE2, 0xDA, 0x00,
    0xB0, 0x38, 0x04, 0x03, 0xC0, 0xB8, 0x0F, 0x03, 0xC2, 0xE3, 0xF0, 0x90, 0x14, 0xBE, 0xFE, 0x7C,
    0x00, 0x01, 0x90, 0x00, 0x74, 0x02, 0xEE, 0xE0, 0xBF, 0xF8, 0x07, 0xF4, 0x03, 0xDF, 0x00, 0x62,
    0x40, 0x00, 0x00, 0x00, 0x07, 0xF8, 0xBF, 0x47, 0xEB, 0xFE, 0xF6, 0xC0, 0xB8, 0x0F, 0xF0, 0x1D,
    0x03, 0xEC, 0x0B, 0x80, 0xF7, 0xEF, 0xFE, 0xF4, 0x7F, 0x8B, 0xF4, 0x00, 0x00, 0xE0, 0x07, 0x40,
    0x2F, 0xFC, 0xFF, 0xF0, 0x03, 0x80, 0x1D, 0x00, 0x00, 0x64, 0x00, 0x00, 0x00, 0x00, 0x29, 0x7D,
    0x00, 0x00, 0x00, 0x00, 0xBC, 0x3F, 0x40, 0x00, 0x00, 0x07, 0xF0, 0x0F, 0xF4, 0x00, 0x00, 0x7F,
    0xC0, 0x03, 0xFF, 0xFA, 0xBF, 0xFE, 0x00, 0x00, 0x7F, 0xFF, 0xFF, 0xE0, 0x00, 0x00, 0x01, 0x6A,
    0xA4, 0x00, 0x00, 0xA4, 0x00, 0x00, 0x00, 0x00, 0x29, 0xBC, 0x00, 0x00, 0x00, 0x00, 0xFC, 0x3F,
    0x00, 0x00, 0x00, 0x07, 0xF0, 0x1F, 0xE4, 0x00, 0x00, 0xBF, 0xC0, 0x07, 0xFF, 0xFA, 0xFF, 0xFE,
    0x00, 0x00, 0x7F, 0xFF, 0xFF, 0xE0, 0x00, 0x00, 0x01, 0xAA, 0xA4, 0x00, 0x00, 0x2A, 0xAA, 0xAA,
    0xAA, 0x87, 0xFF, 0xFF, 0xFF, 0xFC, 0x7F, 0xFF, 0xFF, 0xFF, 0x80, 0x6A, 0xAA, 0xAA, 0xAA, 0x6F,
    0xFF, 0xFF, 0xFF, 0xEB, 0xFF, 0xFF, 0xFF, 0xF4, 0x00, 0x15, 0x50, 0x00, 0x00, 0x01, 0x80, 0x2F,
    0xFF, 0xF9, 0x00, 0x00, 0x3C, 0x0F, 0xFA, 0xFF, 0xFF, 0xA5, 0xAF, 0x42, 0xF0, 0x00, 0x1B, 0xFF,
    0xFF, 0xD0, 0x28, 0x00, 0x00, 0x01, 0xAA, 0x90, 0x00, 0x00, 0x00, 0x05, 0xA5, 0x00, 0x00, 0x00,
    0x07, 0xFF, 0xFF, 0xF9, 0x00, 0x00, 0x7F, 0xFF, 0xFF, 0xFF, 0x80, 0x03, 0xFE, 0x40, 0x00, 0x1F,
    0xF0, 0x0F, 0xE0, 0x00, 0x00, 0x01, 0xFC, 0x3F, 0x00, 0x00, 0x00, 0x00, 0x7D, 0x68, 0x00, 0x00,
    0x00, 0x00, 0x1A, 0x00, 0x00, 0x00, 0x00, 0x00, 0x40, 0x00, 0x00, 0x00, 0x00, 0x00, 0x1D, 0x07,
    0xFF, 0xFF, 0xFF, 0xFF, 0xFF, 0xE3, 0xFF, 0xFF, 0xFF, 0xFF, 0xFF, 0xFD, 0x00, 0x00, 0x00, 0x00,
    0x00, 0xBC, 0x00, 0x00, 0x00, 0x00, 0x00, 0x18, 0x00, 0x00, 0x00, 0x00, 0x00, 0x00, 0x00, 0x02,
    0xF2, 0x03, 0x83, 0xC2, 0x80, 0xE0, 0xD0, 0x34, 0x30, 0x1C, 0x0C, 0x0F, 0x03, 0xEE, 0x80, 0x14,
    0x00, 0x07, 0xE0, 0xB0, 0xE3, 0x03, 0x6E, 0xF4, 0xA0, 0x02, 0xC0, 0x03, 0xAA, 0x01, 0x50, 0x01,
    0x00, 0xD0, 0x00, 0x18, 0x0D, 0x03, 0x01, 0xC0, 0xB0, 0x38, 0x0D, 0x01, 0x00, 0x02, 0xF4, 0x0E,
    0x0D, 0x38, 0x0A, 0x34, 0x0A, 0x30, 0x0D, 0x34, 0x1C, 0x2E, 0xB4, 0x01, 0x40, 0x0C, 0x03, 0x07,
    0x01, 0xC2, 0xC0, 0xA0, 0xE0, 0x34, 0x34, 0x1C, 0x0C, 0x0F, 0x03, 0xAE, 0x80, 0x14, 0x00, 0x02,
    0xF4, 0x74, 0x03, 0x80, 0x0C, 0x00, 0x70, 0x01, 0xC0, 0x03, 0xEA, 0x01, 0x50, 0x00, 0x01, 0x80,
    0x00, 0xA0, 0x00, 0x34, 0x0B, 0x9C, 0x0D, 0x0F, 0x0E, 0x03, 0x83, 0x00, 0xD1, 0xC0, 0x70, 0x70,
    0x3C, 0x0F, 0xBA, 0x00, 0x50, 0x00, 0x07, 0x00, 0x0B, 0x00, 0x0E, 0x00, 0x0D, 0xBC, 0x1F, 0x4A,
    0x1C, 0x0A, 0x28, 0x0D, 0x34, 0x0C, 0x30, 0x1C, 0x70, 0x2C, 0x00, 0x10, 0x08, 0xF8, 0x7D, 0x1E,
    0x0E, 0x4B, 0x2C, 0x0E, 0x07, 0x34, 0x1C, 0x0A, 0x30, 0x2C, 0x0D, 0x70, 0x38, 0x0C, 0xA0, 0x34,
    0x1C, 0x40, 0x10, 0x04, 0x09, 0xB8, 0x3D, 0x00, 0xD0, 0x07, 0x00, 0x28, 0x00, 0xD0, 0x03, 0x00,
    0x04, 0x00, 0x00, 0x00, 0xD0, 0x7F, 0xC1, 0xC0, 0x28, 0x03, 0x40, 0x30, 0x07, 0x00, 0x39, 0x01,
    0x50, 0x60, 0x0C, 0x70, 0x28, 0x30, 0x70, 0x30, 0xD0, 0x36, 0xC0, 0x37, 0x40, 0x2E, 0x00, 0x04,
    0x00, 0x09, 0x06, 0x02, 0xC7, 0x00, 0x3B, 0x00, 0x0B, 0x00, 0x07, 0xD0, 0x03, 0x5C, 0x03, 0x43,
    0x41, 0x40, 0x00, 0x00, 0x0F, 0x80, 0x00, 0x07, 0xE0, 0x00, 0x02, 0xF4, 0x00, 0x00, 0xFC, 0x00,
    0x00, 0x3F, 0x00, 0x00, 0x1F, 0x80, 0x00, 0x0B, 0xD0, 0x00, 0x02, 0xF4, 0x00, 0x00, 0xFC, 0x00,
    0x00, 0x3F, 0x00, 0x00, 0x1F, 0xEA, 0xA8, 0x0B, 0xFF, 0xFE, 0x03, 0xFF, 0xFF, 0x40, 0xFC, 0x00,
    0x00, 0x3F, 0x00, 0x00, 0x1F, 0x80, 0x00, 0x0B, 0xD0, 0x00, 0x03, 0xF0, 0x00, 0x00, 0xFC, 0x00,
    0x00, 0x7E, 0x00, 0x00, 0x1F, 0x80, 0x00, 0x0B, 0xD0, 0x00, 0x03, 0xF0, 0x00, 0x00, 0xFC, 0x00,
    0x00, 0x00, 0x7D, 0x00, 0x00, 0xBC, 0x00, 0x00, 0xFC, 0x00, 0x00, 0xFC, 0x00, 0x01, 0xF8, 0x00,
    0x02, 0xF4, 0x00, 0x03, 0xF0, 0x00, 0x03, 0xF5, 0x54, 0x03, 0xFF, 0xFC, 0x07, 0xFF, 0xFC, 0x0B,
    0xD0, 0x00, 0x0F, 0xC0, 0x00, 0x0F, 0xC0, 0x00, 0x0F, 0x80, 0x00, 0x1F, 0x40, 0x00, 0x2F, 0x40,
    0x00, 0x3F, 0x00, 0x00, 0x3F, 0x00, 0x00, 0x03, 0xFF, 0xFF, 0xFF, 0xFF, 0x41, 0xFF, 0xFF, 0xFF,
    0xFF, 0xC0, 0xBF, 0xFF, 0xFF, 0xFF, 0xF0, 0x2F, 0x00, 0x7E, 0x00, 0xBC, 0x0F, 0x80, 0x2F, 0x40,
    0x3E, 0x03, 0xD0, 0x0F, 0xC0, 0x0F, 0x41, 0xF0, 0x03, 0xF0, 0x07, 0xC0, 0xBC, 0x01, 0xF8, 0x02,
    0xF0, 0x3E, 0x00, 0xBD, 0x00, 0xF8, 0x0F, 0x40, 0x3F, 0x00, 0x3D, 0x01, 0x40, 0x0F, 0xC0, 0x05,
    0x00, 0x00, 0x03, 0xF0, 0x00, 0x00, 0x00, 0x01, 0xF8, 0x00, 0x00, 0x00, 0x00, 0xBD, 0x00, 0x00,
    0x00, 0x00, 0x3F, 0x00, 0x00, 0x00, 0x00, 0x0F, 0xC0, 0x00, 0x00, 0x00, 0x07, 0xE0, 0x00, 0x00,
    0x00, 0x01, 0xF8, 0x00, 0x00, 0x00, 0x00, 0xBD, 0x00, 0x00, 0x00, 0x00, 0x3F, 0x00, 0x00, 0x00,
    0x00, 0x0F, 0xC0, 0x00, 0x00, 0x00, 0x07, 0xE0, 0x00, 0x00, 0x00, 0x02, 0xF4, 0x00, 0x00, 0x00,
    0x00, 0xFC, 0x00, 0x00, 0x00, 0x05, 0x55, 0x55, 0x55, 0x43, 0xFF, 0xFF, 0xFF, 0xE0, 0xFF, 0xFF,
    0xFF, 0xF8, 0x7C, 0x07, 0xE0, 0x3D, 0x2F, 0x02, 0xF4, 0x1F, 0x0F, 0xC0, 0xFC, 0x0B, 0xC3, 0xE0,
    0x3F, 0x03, 0xE0, 0xF4, 0x1F, 0x80, 0xF4, 0x14, 0x0B, 0xD0, 0x14, 0x00, 0x03, 0xF0, 0x00, 0x00,
    0x00, 0xFC, 0x00, 0x00, 0x00, 0x3F, 0x00, 0x00, 0x00, 0x1F, 0x80, 0x00, 0x00, 0x0B, 0xD0, 0x00,
    0x00, 0x03, 0xF0, 0x00, 0x00, 0x00, 0xFC, 0x00, 0x00, 0x00, 0x7F, 0x00, 0x00, 0x00, 0x1F, 0x80,
    0x00, 0x00, 0x0B, 0xD0, 0x00, 0x00, 0x03, 0xF0, 0x00, 0x00, 0x00, 0xFC, 0x00, 0x00, 0x00, 0x7E,
    0x00, 0x00, 0x00, 0x2F, 0x40, 0x00, 0x00, 0x0B, 0xD0, 0x00, 0x00, 0x03, 0xF0, 0x00, 0x00, 0x00,
    0xFC, 0x00, 0x00, 0x00, 0x02, 0xA4, 0x1F, 0xC0, 0xFD, 0x07, 0xE0, 0x3F, 0x01, 0xF0, 0x0B, 0x40,
    0x00, 0x00, 0x3C, 0x00, 0xF8, 0x02, 0xF0, 0x07, 0xE0, 0x0F, 0xC0, 0x3F, 0x80, 0x15, 0x00, 0x00,
    0x2F, 0x00, 0x00, 0x07, 0xF4, 0x00, 0xFC, 0x00, 0x00, 0x3F, 0xC0, 0x03, 0xE0, 0x00, 0x03, 0xFF,
    0x00, 0x1F, 0x40, 0x00, 0x2F, 0xF8, 0x00, 0xBC, 0x00, 0x01, 0xFF, 0xE0, 0x03, 0xF0, 0x00, 0x0F,
    0xDF, 0x40, 0x0F, 0xC0, 0x00, 0xFC, 0xBC, 0x00, 0x7E, 0x00, 0x0B, 0xD3, 0xF0, 0x01, 0xF4, 0x00,
    0x7E, 0x0F, 0x80, 0x0B, 0xC0, 0x03, 0xF0, 0x7D, 0x00, 0x3F, 0x00, 0x3F, 0x02, 0xF4, 0x00, 0xF8,
    0x02, 0xF0, 0x0F, 0xC0, 0x07, 0xD0, 0x2F, 0x40, 0x3F, 0x00, 0x2F, 0x41, 0xF8, 0x00, 0xF8, 0x00,
    0xFC, 0x0F, 0xC0, 0x07, 0xD0, 0x03, 0xF0, 0xFC, 0x00, 0x2F, 0x00, 0x0F, 0x8B, 0xD0, 0x00, 0xFC,
    0x00, 0x7D, 0x7E, 0x00, 0x03, 0xF0, 0x02, 0xF7, 0xF0, 0x00, 0x0F, 0x80, 0x0F, 0xFF, 0x00, 0x00,
    0x7D, 0x00, 0x3F, 0xF4, 0x00, 0x02, 0xF0, 0x00, 0xFF, 0x80, 0x00, 0x0F, 0xC0, 0x07, 0xFC, 0x00,
    0x00, 0x3E, 0x00, 0x2F, 0xC0, 0x00, 0x01, 0xF4, 0x00, 0x00, 0x7D, 0x00, 0x02, 0xFC, 0x00, 0xBC,
    0x00, 0x07, 0xFC, 0x00, 0xFC, 0x00, 0x0F, 0xF8, 0x00, 0xFC, 0x00, 0x3F, 0xF4, 0x00, 0xF8, 0x00,
    0xBD, 0xF4, 0x01, 0xF4, 0x02, 0xF2, 0xF0, 0x02, 0xF0, 0x07, 0xD3, 0xF0, 0x03, 0xF0, 0x0F, 0x83,
    0xE0, 0x03, 0xE0, 0x3F, 0x07, 0xD0, 0x07, 0xE0, 0xBC, 0x0B, 0xC0, 0x0B, 0xD1, 0xF4, 0x0F, 0xC0,
    0x0B, 0xC3, 0xE0, 0x0F, 0xC0, 0x0F, 0xCF, 0x80, 0x0F, 0x80, 0x0F, 0xAF, 0x00, 0x1F, 0x40, 0x1F,
    0xBC, 0x00, 0x2F, 0x00, 0x2F, 0xF4, 0x00, 0x3F, 0x00, 0x3F, 0xE0, 0x00, 0x3E, 0x00, 0x3F, 0xC0,
    0x00, 0x7E, 0x00, 0x04, 0x03, 0xE0, 0x3D, 0x07, 0xD0, 0x7F, 0xC2, 0xF8, 0x00, 0x00, 0x00, 0x00,
    0x02, 0xFF, 0xF4, 0x00, 0x2F, 0xFF, 0xF8, 0x00, 0xB9, 0x1B, 0xF4, 0x00, 0x00, 0x07, 0xF0, 0x00,
    0x00, 0x0F, 0xD0, 0x00, 0x00, 0x2F, 0x40, 0x00, 0x00, 0xBD, 0x00, 0x00, 0x02, 0xF4, 0x00, 0x00,
    0x0B, 0xD0, 0x00, 0x00, 0x3F, 0x00, 0x00, 0x00, 0xFC, 0x00, 0x00, 0x07, 0xE0, 0x00, 0x00, 0x3F,
    0x40, 0x00, 0x02, 0xFC, 0x00, 0x00, 0x1F, 0xC0, 0x29, 0x07, 0xFD, 0x00, 0xFF, 0xFF, 0xD0, 0x02,
    0xFF, 0xF8, 0x00, 0x00, 0x14, 0x00, 0x00, 0x00, 0x00, 0x00, 0x00, 0x00, 0x1F, 0xFF, 0x80, 0x03,
    0xFF, 0xFF, 0x00, 0x3F, 0xE5, 0x68, 0x03, 0xF8, 0x00, 0x00, 0x2F, 0xC0, 0x00, 0x00, 0xFC, 0x00,
    0x00, 0x0B, 0xE0, 0x00, 0x00, 0x3F, 0x00, 0x14, 0x00, 0xFC, 0x03, 0xF4, 0x07, 0xF0, 0x0F, 0xD0,
    0x1F, 0x80, 0x3F, 0x00, 0x7E, 0x00, 0x00, 0x01, 0xF8, 0x00, 0x00, 0x03, 0xF0, 0x00, 0x00, 0x0F,
    0xD0, 0x00, 0x00, 0x1F, 0xE0, 0x1B, 0x00, 0x2F, 0xFF, 0xFC, 0x00, 0x1F, 0xFF, 0xD0, 0x00, 0x01,
    0x50, 0x00, 0x00, 0x00, 0x00, 0x00, 0x02, 0xFF, 0xF4, 0x00, 0x2F, 0xFF, 0xF8, 0x00, 0xB9, 0x1B,
    0xF4, 0x00, 0x00, 0x07, 0xF0, 0x00, 0x00, 0x0F, 0xD0, 0x00, 0x00, 0x2F, 0x40, 0x00, 0x00, 0xBD,
    0x00, 0x14, 0x02, 0xF4, 0x02, 0xF8, 0x0B, 0xD0, 0x0F, 0xE0, 0x3F, 0x00, 0x2F, 0x00, 0xFC, 0x00,
    0x00, 0x07, 0xE0, 0x00, 0x00, 0x3F, 0x40, 0x00, 0x02, 0xFC, 0x00, 0x00, 0x1F, 0xC0, 0x29, 0x07,
    0xFD, 0x00, 0xFF, 0xFF, 0xD0, 0x02, 0xFF, 0xF8, 0x00, 0x00, 0x14, 0x00, 0x00, 0x00, 0x01, 0x00,
    0x00, 0xFD, 0x00, 0x2F, 0xD0, 0x02, 0xFD, 0x00, 0x1F, 0x80, 0x00, 0x00, 0x00, 0x00, 0x00, 0x00,
    0x00, 0x00, 0x00, 0x00, 0x00, 0x00, 0x00, 0x00, 0x00, 0x00, 0x00, 0x00, 0x00, 0x00, 0x00, 0x00,
    0x00, 0x00, 0x00, 0x1F, 0xC0, 0x03, 0xF8, 0x00, 0x3F, 0x00, 0x0B, 0xD0, 0x00, 0xFC, 0x00, 0x1F,
    0x40, 0x03, 0xE0, 0x00, 0x7C, 0x00, 0x01, 0x00, 0x00, 0x00, 0x00, 0x01, 0xF8, 0x00, 0x00, 0x0B,
    0xD0, 0x00, 0x00, 0x2F, 0x40, 0x00, 0x00, 0xFC, 0x00, 0x00, 0x03, 0xF0, 0x00, 0x00, 0x1F, 0x80,
    0x00, 0x00, 0xBD, 0x00, 0x00, 0x03, 0xF0, 0x00, 0x00, 0x0F, 0xC0, 0x00, 0x00, 0x3F, 0x00, 0x00,
    0x01, 0xF8, 0x00, 0x00, 0x0B, 0xD0, 0x00, 0x00, 0x3F, 0x00, 0x00, 0x00, 0xFC, 0x00, 0x00, 0x07,
    0xE0, 0x00, 0x00, 0x1F, 0x40, 0x00, 0x00, 0xBD, 0x00, 0x00, 0x03, 0xF0, 0x00, 0x00, 0x0F, 0xC0,
    0x00, 0x00, 0x7E, 0x00, 0x00, 0x02, 0xF4, 0x00, 0x00, 0x0F, 0xC0, 0x00, 0x00, 0x3F, 0x00, 0x00,
    0x00, 0xFC, 0x00, 0x00, 0x07, 0xE0, 0x00, 0x00, 0x3F, 0x40, 0x00, 0x02, 0xFC, 0x00, 0x15, 0x7F,
    0xD0, 0x00, 0xFF, 0xFE, 0x00, 0x03, 0xFF, 0xD0, 0x00, 0x01, 0x50, 0x00, 0x00, 0x00, 0x02, 0xF8,
    0x03, 0xF0, 0x0B, 0xD0, 0x0F, 0x80, 0x2E, 0x00, 0x38, 0x00, 0x00, 0x0F, 0xD0, 0x01, 0x0B, 0xE1,
    0x07, 0xD3, 0xF3, 0xF2, 0xF6, 0xF4, 0xFC, 0x78, 0xF4, 0x3D, 0x00, 0x78, 0x00, 0x00, 0x00, 0x03,
    0xF4, 0x2F, 0x40, 0x00, 0x0B, 0xE0, 0x7F, 0x80, 0x00, 0x0F, 0xC0, 0xFF, 0xC0, 0x00, 0x2F, 0x01,
    0xFF, 0xC0, 0x00, 0x7C, 0x03, 0xFB, 0xC0, 0x00, 0xB4, 0x0B, 0xDB, 0xC0, 0x00, 0x00, 0x0F, 0xC7,
    0xC0, 0x00, 0x00, 0x2F, 0x47, 0xD0, 0x00, 0x00, 0x3F, 0x07, 0xD0, 0x00, 0x00, 0xBD, 0x03, 0xE0,
    0x00, 0x01, 0xFC, 0x03, 0xE0, 0x00, 0x03, 0xF4, 0x03, 0xF0, 0x00, 0x07, 0xE0, 0x03, 0xF0, 0x00,
    0x0F, 0xD0, 0x03, 0xF0, 0x00, 0x1F, 0xFF, 0xFF, 0xF0, 0x00, 0x3F, 0xFF, 0xFF, 0xF4, 0x00, 0xBF,
    0xAA, 0xAB, 0xF4, 0x00, 0xFC, 0x00, 0x01, 0xF8, 0x02, 0xF8, 0x00, 0x00, 0xF8, 0x03, 0xF0, 0x00,
    0x00, 0xFC, 0x0B, 0xD0, 0x00, 0x00, 0xFC, 0x1F, 0xC0, 0x00, 0x00, 0xFC, 0x3F, 0x40, 0x00, 0x00,
    0xBC, 0x7F, 0x00, 0x00, 0x00, 0xBD, 0x00, 0x07, 0xD3, 0xFD, 0xFE, 0x3F, 0x45, 0x00, 0x03, 0xF4,
    0x0F, 0xFF, 0xFF, 0xE0, 0xBE, 0x01, 0xFF, 0xFF, 0xFE, 0x0F, 0xC0, 0x2F, 0xFF, 0xFF, 0xD2, 0xF0,
    0x03, 0xF0, 0x00, 0x00, 0x3D, 0x00, 0x3F, 0x00, 0x00, 0x07, 0x40, 0x07, 0xE0, 0x00, 0x00, 0x00,
    0x00, 0x7D, 0x00, 0x00, 0x00, 0x00, 0x0B, 0xD0, 0x00, 0x00, 0x00, 0x00, 0xFC, 0x00, 0x00, 0x00,
    0x00, 0x0F, 0xC0, 0x00, 0x00, 0x00, 0x01, 0xFE, 0xAA, 0xA8, 0x00, 0x00, 0x2F, 0xFF, 0xFF, 0xC0,
    0x00, 0x03, 0xFF, 0xFF, 0xF8, 0x00, 0x00, 0x3F, 0x00, 0x00, 0x00, 0x00, 0x03, 0xF0, 0x00, 0x00,
    0x00, 0x00, 0x7E, 0x00, 0x00, 0x00, 0x00, 0x0B, 0xD0, 0x00, 0x00, 0x00, 0x00, 0xFC, 0x00, 0x00,
    0x00, 0x00, 0x0F, 0xC0, 0x00, 0x00, 0x00, 0x01, 0xF8, 0x00, 0x00, 0x00, 0x00, 0x1F, 0x40, 0x00,
    0x00, 0x00, 0x02, 0xFE, 0xAA, 0xA8, 0x00, 0x00, 0x3F, 0xFF, 0xFF, 0xC0, 0x00, 0x03, 0xFF, 0xFF,
    0xFC, 0x00, 0x03, 0xF4, 0x0F, 0x80, 0x00, 0x02, 0xF0, 0x2F, 0x80, 0x7E, 0x00, 0x00, 0x0F, 0xC0,
    0xFC, 0x02, 0xF4, 0x00, 0x00, 0x3F, 0x0B, 0xC0, 0x0F, 0xC0, 0x00, 0x01, 0xF8, 0x3D, 0x00, 0x3F,
    0x00, 0x00, 0x0B, 0xD1, 0xD0, 0x00, 0xF8, 0x00, 0x00, 0x3F, 0x00, 0x00, 0x07, 0xE0, 0x00, 0x00,
    0xFC, 0x00, 0x00, 0x2F, 0x40, 0x00, 0x03, 0xE0, 0x00, 0x00, 0xFC, 0x00, 0x00, 0x1F, 0x40, 0x00,
    0x03, 0xF0, 0x00, 0x00, 0xBD, 0x00, 0x00, 0x1F, 0xEA, 0xAA, 0xAB, 0xF0, 0x00, 0x00, 0xBF, 0xFF,
    0xFF, 0xFF, 0xC0, 0x00, 0x02, 0xFF, 0xFF, 0xFF, 0xFE, 0x00, 0x00, 0x0F, 0xC0, 0x00, 0x02, 0xF4,
    0x00, 0x00, 0x3F, 0x00, 0x00, 0x0B, 0xC0, 0x00, 0x01, 0xF8, 0x00, 0x00, 0x3F, 0x00, 0x00, 0x0B,
    0xD0, 0x00, 0x00, 0xFC, 0x00, 0x00, 0x3F, 0x00, 0x00, 0x07, 0xE0, 0x00, 0x00, 0xFC, 0x00, 0x00,
    0x2F, 0x40, 0x00, 0x03, 0xF0, 0x00, 0x00, 0xFC, 0x00, 0x00, 0x1F, 0x80, 0x00, 0x03, 0xF0, 0x00,
    0x00, 0xBD, 0x00, 0x00, 0x0F, 0x80, 0x00, 0x03, 0xF0, 0x00, 0x00, 0x7E, 0x00, 0x00, 0x0F, 0xC0,
    0x00, 0x02, 0xF4, 0x00, 0x03, 0xF4, 0x7F, 0xFF, 0x82, 0xF8, 0x3F, 0xFF, 0xE0, 0xFC, 0x00, 0xBF,
    0x40, 0xBC, 0x00, 0x2F, 0x40, 0x3D, 0x00, 0x0F, 0xC0, 0x1D, 0x00, 0x03, 0xF0, 0x00, 0x00, 0x00,
    0xFC, 0x00, 0x00, 0x00, 0x7E, 0x00, 0x00, 0x00, 0x2F, 0x40, 0x00, 0x00, 0x0F, 0xC0, 0x00, 0x00,
    0x03, 0xF0, 0x00, 0x00, 0x01, 0xF8, 0x00, 0x00, 0x00, 0x7D, 0x00, 0x00, 0x00, 0x2F, 0x40, 0x00,
    0x00, 0x0F, 0xC0, 0x00, 0x00, 0x03, 0xF0, 0x00, 0x00, 0x01, 0xF8, 0x00, 0x00, 0x00, 0xBD, 0x00,
    0x00, 0x00, 0x2F, 0x00, 0x00, 0x00, 0x0F, 0xC0, 0x00, 0x00, 0x03, 0xF0, 0x00, 0x00, 0x01, 0xF8,
    0x00, 0x00, 0x0F, 0xFF, 0xF0, 0x00, 0x07, 0xFF, 0xFC, 0x00, 0x00, 0x00, 0x00, 0x00, 0x00, 0x00,
    0x00, 0xFD, 0x00, 0x2F, 0xFF, 0x80, 0x00, 0xBE, 0x00, 0xBF, 0xFF, 0xFE, 0x00, 0x3F, 0x00, 0xFF,
    0xE5, 0xBF, 0xE0, 0x2F, 0x00, 0xFF, 0x40, 0x02, 0xFD, 0x0F, 0x40, 0xBF, 0x00, 0x00, 0x2F, 0xC7,
    0x40, 0x7F, 0x00, 0x00, 0x03, 0xF4, 0x00, 0x3F, 0x40, 0x00, 0x00, 0xBE, 0x00, 0x1F, 0xC0, 0x00,
    0x00, 0x2F, 0x80, 0x0F, 0xD0, 0x00, 0x00, 0x07, 0xE0, 0x03, 0xF0, 0x00, 0x00, 0x01, 0xFC, 0x01,
    0xFC, 0x00, 0x00, 0x00, 0x7E, 0x00, 0xBE, 0x00, 0x00, 0x00, 0x2F, 0x80, 0x2F, 0x40, 0x00, 0x00,
    0x0B, 0xE0, 0x0F, 0xD0, 0x00, 0x00, 0x03, 0xF4, 0x03, 0xF4, 0x00, 0x00, 0x00, 0xFC, 0x00, 0xFD,
    0x00, 0x00, 0x00, 0x7F, 0x00, 0x3F, 0x40, 0x00, 0x00, 0x3F, 0x80, 0x0B, 0xE0, 0x00, 0x00, 0x1F,
    0xC0, 0x01, 0xFC, 0x00, 0x00, 0x0F, 0xE0, 0x00, 0x3F, 0x80, 0x00, 0x0F, 0xF0, 0x00, 0x0B, 0xF8,
    0x00, 0x1F, 0xF4, 0x00, 0x00, 0xFF, 0xD5, 0x7F, 0xF4, 0x00, 0x00, 0x0B, 0xFF, 0xFF, 0xF0, 0x00,
    0x00, 0x00, 0x7F, 0xFF, 0xD0, 0x00, 0x00, 0x00, 0x00, 0x14, 0x00, 0x00, 0x00, 0x03, 0xF4, 0xFC,
    0x00, 0x00, 0x2F, 0x42, 0xF8, 0x2F, 0x00, 0x00, 0x1F, 0xC0, 0xFC, 0x07, 0xD0, 0x00, 0x0F, 0xD0,
    0xBC, 0x00, 0xF8, 0x00, 0x0B, 0xE0, 0x3D, 0x00, 0x3F, 0x00, 0x07, 0xF0, 0x1D, 0x00, 0x0B, 0xC0,
    0x03, 0xF4, 0x00, 0x00, 0x01, 0xF4, 0x02, 0xF8, 0x00, 0x00, 0x00, 0x3E, 0x01, 0xFC, 0x00, 0x00,
    0x00, 0x0F, 0xC0, 0xFC, 0x00, 0x00, 0x00, 0x02, 0xF0, 0xBE, 0x00, 0x00, 0x00, 0x00, 0x7D, 0x3F,
    0x00, 0x00, 0x00, 0x00, 0x0F, 0xBF, 0x00, 0x00, 0x00, 0x00, 0x03, 0xFF, 0x80, 0x00, 0x00, 0x00,
    0x00, 0xBF, 0xC0, 0x00, 0x00, 0x00, 0x00, 0x1F, 0xC0, 0x00, 0x00, 0x00, 0x00, 0x07, 0xE0, 0x00,
    0x00, 0x00, 0x00, 0x02, 0xF4, 0x00, 0x00, 0x00, 0x00, 0x00, 0xBC, 0x00, 0x00, 0x00, 0x00, 0x00,
    0x3F, 0x00, 0x00, 0x00, 0x00, 0x00, 0x0F, 0xC0, 0x00, 0x00, 0x00, 0x00, 0x07, 0xE0, 0x00, 0x00,
    0x00, 0x00, 0x02, 0xF4, 0x00, 0x00, 0x00, 0x00, 0x00, 0xFC, 0x00, 0x00, 0x00, 0x00, 0x00, 0x3F,
    0x00, 0x00, 0x00, 0x00, 0x00, 0x00, 0x00, 0x00, 0x00, 0x00, 0x3F, 0x40, 0x0B, 0xFF, 0xF4, 0x00,
    0x0B, 0xE0, 0x0F, 0xFF, 0xFF, 0xF4, 0x00, 0xFC, 0x07, 0xFF, 0x96, 0xFF, 0xD0, 0x2F, 0x01, 0xFE,
    0x00, 0x01, 0xFF, 0x03, 0xD0, 0x3F, 0x80, 0x00, 0x03, 0xF4, 0x74, 0x0B, 0xE0, 0x00, 0x00, 0x2F,
    0xC0, 0x00, 0xFC, 0x00, 0x00, 0x01, 0xFC, 0x00, 0x2F, 0x80, 0x00, 0x00, 0x0F, 0xC0, 0x03, 0xF4,
    0x00, 0x00, 0x00, 0xFC, 0x00, 0x3F, 0x00, 0x00, 0x00, 0x0F, 0xC0, 0x07, 0xF0, 0x00, 0x00, 0x00,
    0xFC, 0x00, 0x7E, 0x00, 0x00, 0x00, 0x0F, 0xC0, 0x0B, 0xE0, 0x00, 0x00, 0x01, 0xFC, 0x00, 0xBE,
    0x00, 0x00, 0x00, 0x2F, 0x80, 0x0B, 0xE0, 0x00, 0x00, 0x03, 0xF0, 0x00, 0x7F, 0x00, 0x00, 0x00,
    0x7E, 0x00, 0x03, 0xF0, 0x00, 0x00, 0x0F, 0xC0, 0x00, 0x3F, 0x40, 0x00, 0x02, 0xF4, 0x00, 0x01,
    0xFC, 0x00, 0x00, 0x7E, 0x00, 0x00, 0x0B, 0xD0, 0x00, 0x1F, 0x80, 0x00, 0x00, 0x3F, 0x00, 0x0B,
    0xD0, 0x00, 0x06, 0xAB, 0xFC, 0x03, 0xFE, 0xA9, 0x00, 0xBF, 0xFF, 0xC0, 0x7F, 0xFF, 0xD0, 0x0F,
    0xFF, 0xFC, 0x0B, 0xFF, 0xFC, 0x00, 0x00, 0x02, 0xFC, 0x00, 0x10, 0x3F, 0x04, 0x0F, 0xCB, 0xD7,
    0xD0, 0xFC, 0xF8, 0xBD, 0x0F, 0x5F, 0x07, 0x80, 0x02, 0xD0, 0x00, 0x00, 0x00, 0x00, 0x00, 0x00,
    0x00, 0x00, 0x01, 0xF4, 0x00, 0x00, 0x3F, 0x00, 0x00, 0x03, 0xF0, 0x00, 0x00, 0x3F, 0x00, 0x00,
    0x07, 0xE0, 0x00, 0x00, 0xBD, 0x00, 0x00, 0x0F, 0xC0, 0x00, 0x00, 0xFC, 0x00, 0x00, 0x0F, 0x80,
    0x00, 0x01, 0xF4, 0x00, 0x00, 0x2F, 0x40, 0x00, 0x03, 0xF0, 0x00, 0x00, 0x3F, 0x00, 0x00, 0x07,
    0xE0, 0x00, 0x00, 0x7E, 0x00, 0x00, 0x07, 0xF4, 0x10, 0x00, 0x3F, 0xFE, 0x00, 0x01, 0xFF, 0xD0,
    0x00, 0x00, 0x50, 0x00, 0x00, 0x00, 0x00, 0x00, 0x3F, 0x00, 0x00, 0x00, 0x00, 0xBF, 0x40, 0x00,
    0x00, 0x00, 0xFF, 0x40, 0x00, 0x00, 0x03, 0xFF, 0x80, 0x00, 0x00, 0x07, 0xDF, 0x80, 0x00, 0x00,
    0x0F, 0xCF, 0xC0, 0x00, 0x00, 0x1F, 0x8F, 0xC0, 0x00, 0x00, 0x3F, 0x0B, 0xC0, 0x00, 0x00, 0x7E,
    0x0B, 0xC0, 0x00, 0x00, 0xFC, 0x0B, 0xD0, 0x00, 0x02, 0xF4, 0x07, 0xD0, 0x00, 0x03, 0xF0, 0x07,
    0xE0, 0x00, 0x0B, 0xD0, 0x03, 0xE0, 0x00, 0x0F, 0xC0, 0x03, 0xF0, 0x00, 0x2F, 0xFF, 0xFF, 0xF0,
    0x00, 0x7F, 0xFF, 0xFF, 0xF0, 0x00, 0xFE, 0xAA, 0xAB, 0xF0, 0x01, 0xFC, 0x00, 0x02, 0xF4, 0x03,
    0xF0, 0x00, 0x02, 0xF4, 0x07, 0xE0, 0x00, 0x01, 0xF8, 0x0F, 0xC0, 0x00, 0x01, 0xF8, 0x2F, 0x80,
    0x00, 0x00, 0xFC, 0x3F, 0x00, 0x00, 0x00, 0xFC, 0xBE, 0x00, 0x00, 0x00, 0xFC, 0x00, 0x2F, 0xFF,
    0xE4, 0x00, 0x00, 0xFF, 0xFF, 0xFE, 0x00, 0x03, 0xFF, 0xFF, 0xFE, 0x00, 0x1F, 0x80, 0x02, 0xFC,
    0x00, 0xBD, 0x00, 0x03, 0xF8, 0x02, 0xF4, 0x00, 0x0B, 0xE0, 0x0F, 0xC0, 0x00, 0x2F, 0x80, 0x3F,
    0x00, 0x00, 0xBD, 0x01, 0xF8, 0x00, 0x07, 0xF0, 0x0B, 0xD0, 0x00, 0x7F, 0x40, 0x3F, 0xEA, 0xBF,
    0xF0, 0x00, 0xFF, 0xFF, 0xF9, 0x00, 0x03, 0xFF, 0xFF, 0xF8, 0x00, 0x1F, 0x80, 0x02, 0xFC, 0x00,
    0xBD, 0x00, 0x02, 0xF8, 0x03, 0xF0, 0x00, 0x03, 0xF0, 0x0F, 0xC0, 0x00, 0x0F, 0xC0, 0x7E, 0x00,
    0x00, 0x3F, 0x01, 0xF4, 0x00, 0x01, 0xFC, 0x0B, 0xD0, 0x00, 0x0F, 0xE0, 0x3F, 0x00, 0x00, 0xFF,
    0x00, 0xFE, 0xAA, 0xBF, 0xF0, 0x07, 0xFF, 0xFF, 0xFF, 0x00, 0x2F, 0xFF, 0xFF, 0x80, 0x00, 0x00,
    0x2F, 0xFF, 0xFF, 0xD0, 0x03, 0xFF, 0xFF, 0xFC, 0x00, 0x3F, 0xFF, 0xFF, 0xC0, 0x07, 0xE0, 0x00,
    0x00, 0x00, 0xBD, 0x00, 0x00, 0x00, 0x0B, 0xC0, 0x00, 0x00, 0x00, 0xFC, 0x00, 0x00, 0x00, 0x0F,
    0xC0, 0x00, 0x00, 0x01, 0xF8, 0x00, 0x00, 0x00, 0x2F, 0x40, 0x00, 0x00, 0x03, 0xF0, 0x00, 0x00,
    0x00, 0x3F, 0x00, 0x00, 0x00, 0x03, 0xF0, 0x00, 0x00, 0x00, 0x7E, 0x00, 0x00, 0x00, 0x0B, 0xD0,
    0x00, 0x00, 0x00, 0xFC, 0x00, 0x00, 0x00, 0x0F, 0xC0, 0x00, 0x00, 0x01, 0xF8, 0x00, 0x00, 0x00,
    0x1F, 0x40, 0x00, 0x00, 0x02, 0xF4, 0x00, 0x00, 0x00, 0x3F, 0x00, 0x00, 0x00, 0x03, 0xF0, 0x00,
    0x00, 0x00, 0x7E, 0x00, 0x00, 0x00, 0x0B, 0xD0, 0x00, 0x00, 0x00, 0x00, 0x00, 0x00, 0x2F, 0x80,
    0x00, 0x00, 0x00, 0x0F, 0xF0, 0x00, 0x00, 0x00, 0x0F, 0xFC, 0x00, 0x00, 0x00, 0x07, 0xFF, 0x00,
    0x00, 0x00, 0x03, 0xF7, 0xD0, 0x00, 0x00, 0x02, 0xF4, 0xF4, 0x00, 0x00, 0x00, 0xF8, 0x3E, 0x00,
    0x00, 0x00, 0xBC, 0x0F, 0xC0, 0x00, 0x00, 0x3E, 0x02, 0xF0, 0x00, 0x00, 0x3F, 0x00, 0xBC, 0x00,
    0x00, 0x1F, 0x80, 0x1F, 0x40, 0x00, 0x0F, 0xC0, 0x07, 0xD0, 0x00, 0x0B, 0xD0, 0x00, 0xF8, 0x00,
    0x03, 0xF0, 0x00, 0x3E, 0x00, 0x02, 0xF4, 0x00, 0x0F, 0xC0, 0x01, 0xF8, 0x00, 0x03, 0xF0, 0x00,
    0xFC, 0x00, 0x00, 0xBC, 0x00, 0x7E, 0x00, 0x00, 0x2F, 0x40, 0x3F, 0x00, 0x00, 0x07, 0xD0, 0x2F,
    0x80, 0x00, 0x00, 0xF8, 0x0F, 0xC0, 0x00, 0x00, 0x3F, 0x0B, 0xFA, 0xAA, 0xAA, 0xAF, 0xC3, 0xFF,
    0xFF, 0xFF, 0xFF, 0xF1, 0xFF, 0xFF, 0xFF, 0xFF, 0xFC, 0x00, 0x2F, 0xFF, 0xFF, 0xD0, 0x03, 0xFF,
    0xFF, 0xFC, 0x00, 0x3F, 0xFF, 0xFF, 0xC0, 0x07, 0xE0, 0x00, 0x00, 0x00, 0xBD, 0x00, 0x00, 0x00,
    0x0B, 0xC0, 0x00, 0x00, 0x00, 0xFC, 0x00, 0x00, 0x00, 0x0F, 0xC0, 0x00, 0x00, 0x01, 0xF8, 0x00,
    0x00, 0x00, 0x2F, 0x40, 0x00, 0x00, 0x03, 0xFE, 0xAA, 0xA4, 0x00, 0x3F, 0xFF, 0xFF, 0x40, 0x03,
    0xFF, 0xFF, 0xF4, 0x00, 0x7E, 0x00, 0x00, 0x00, 0x0B, 0xD0, 0x00, 0x00, 0x00, 0xFC, 0x00, 0x00,
    0x00, 0x0F, 0xC0, 0x00, 0x00, 0x01, 0xF8, 0x00, 0x00, 0x00, 0x1F, 0x40, 0x00, 0x00, 0x02, 0xF4,
    0x00, 0x00, 0x00, 0x3F, 0x00, 0x00, 0x00, 0x03, 0xFA, 0xAA, 0xA8, 0x00, 0x7F, 0xFF, 0xFF, 0xC0,
    0x0B, 0xFF, 0xFF, 0xF8, 0x00, 0x00, 0x0F, 0xFF, 0xFF, 0xFF, 0x00, 0x03, 0xFF, 0xFF, 0xFF, 0xC0,
    0x01, 0xFF, 0xFF, 0xFF, 0xE0, 0x00, 0x00, 0x00, 0x0B, 0xF0, 0x00, 0x00, 0x00, 0x07, 0xF0, 0x00,
    0x00, 0x00, 0x03, 0xF4, 0x00, 0x00, 0x00, 0x03, 0xF8, 0x00, 0x00, 0x00, 0x02, 0xF8, 0x00, 0x00,
    0x00, 0x01, 0xFC, 0x00, 0x00, 0x00, 0x01, 0xFC, 0x00, 0x00, 0x00, 0x00, 0xFD, 0x00, 0x00, 0x00,
    0x00, 0xFE, 0x00, 0x00, 0x00, 0x00, 0xBF, 0x00, 0x00, 0x00, 0x00, 0x7F, 0x00, 0x00, 0x00, 0x00,
    0x3F, 0x00, 0x00, 0x00, 0x00, 0x3F, 0x40, 0x00, 0x00, 0x00, 0x3F, 0x80, 0x00, 0x00, 0x00, 0x2F,
    0xC0, 0x00, 0x00, 0x00, 0x1F, 0xC0, 0x00, 0x00, 0x00, 0x0F, 0xD0, 0x00, 0x00, 0x00, 0x0F, 0xD0,
    0x00, 0x00, 0x00, 0x0B, 0xFA, 0xAA, 0xAA, 0x80, 0x03, 0xFF, 0xFF, 0xFF, 0xF0, 0x00, 0xFF, 0xFF,
    0xFF, 0xF8, 0x00, 0x00, 0x2F, 0x40, 0x00, 0x03, 0xE0, 0x03, 0xF0, 0x00, 0x00, 0x7E, 0x00, 0x3F,
    0x00, 0x00, 0x0B, 0xD0, 0x07, 0xE0, 0x00, 0x00, 0xFC, 0x00, 0x7D, 0x00, 0x00, 0x0F, 0xC0, 0x0B,
    0xD0, 0x00, 0x01, 0xF8, 0x00, 0xFC, 0x00, 0x00, 0x1F, 0x40, 0x0F, 0xC0, 0x00, 0x02, 0xF4, 0x01,
    0xF8, 0x00, 0x00, 0x3F, 0x00, 0x2F, 0x40, 0x00, 0x03, 0xF0, 0x02, 0xFE, 0xAA, 0xAA, 0xFE, 0x00,
    0x3F, 0xFF, 0xFF, 0xFF, 0xD0, 0x03, 0xFF, 0xFF, 0xFF, 0xFC, 0x00, 0x7E, 0x00, 0x00, 0x0F, 0xC0,
    0x0B, 0xD0, 0x00, 0x00, 0xFC, 0x00, 0xFC, 0x00, 0x00, 0x1F, 0x80, 0x0F, 0xC0, 0x00, 0x02, 0xF4,
    0x00, 0xF8, 0x00, 0x00, 0x3F, 0x00, 0x1F, 0x80, 0x00, 0x03, 0xF0, 0x02, 0xF4, 0x00, 0x00, 0x3E,
    0x00, 0x3F, 0x00, 0x00, 0x07, 0xE0, 0x03, 0xF0, 0x00, 0x00, 0xBD, 0x00, 0x7E, 0x00, 0x00, 0x0F,
    0xC0, 0x07, 0xD0, 0x00, 0x00, 0xFC, 0x00, 0x00, 0x00, 0x00, 0x00, 0x00, 0x00, 0x00, 0x1F, 0xFF,
    0x90, 0x00, 0x00, 0x7F, 0xFF, 0xFE, 0x00, 0x00, 0xBF, 0xE9, 0xBF, 0xF0, 0x00, 0xBF, 0x80, 0x01,
    0xFE, 0x00, 0x7F, 0x40, 0x00, 0x1F, 0xC0, 0x3F, 0x40, 0x00, 0x03, 0xF4, 0x2F, 0x80, 0x00, 0x00,
    0xBE, 0x0F, 0xC0, 0x00, 0x00, 0x1F, 0xCB, 0xE0, 0x00, 0x00, 0x03, 0xF3, 0xF4, 0x00, 0x00, 0x00,
    0xFC, 0xFC, 0x15, 0x55, 0x50, 0x3F, 0x7F, 0x0F, 0xFF, 0xFD, 0x1F, 0xDF, 0x83, 0xFF, 0xFF, 0x47,
    0xFB, 0xE0, 0x00, 0x00, 0x02, 0xFA, 0xF8, 0x00, 0x00, 0x00, 0xFD, 0xBE, 0x00, 0x00, 0x00, 0x7F,
    0x2F, 0x80, 0x00, 0x00, 0x2F, 0xC7, 0xF0, 0x00, 0x00, 0x0F, 0xD0, 0xFC, 0x00, 0x00, 0x0F, 0xF0,
    0x3F, 0xC0, 0x00, 0x0B, 0xF0, 0x07, 0xF8, 0x00, 0x0F, 0xF4, 0x00, 0xBF, 0xE5, 0x6F, 0xF8, 0x00,
    0x0B, 0xFF, 0xFF, 0xF4, 0x00, 0x00, 0x2F, 0xFF, 0xD0, 0x00, 0x00, 0x00, 0x15, 0x00, 0x00, 0x00,
    0x00, 0x2F, 0xFF, 0xD0, 0x03, 0xFF, 0xFD, 0x00, 0x02, 0xF9, 0x00, 0x00, 0x2F, 0x40, 0x00, 0x03,
    0xF0, 0x00, 0x00, 0x3F, 0x00, 0x00, 0x07, 0xE0, 0x00, 0x00, 0x7D, 0x00, 0x00, 0x0B, 0xC0, 0x00,
    0x00, 0xFC, 0x00, 0x00, 0x0F, 0xC0, 0x00, 0x01, 0xF8, 0x00, 0x00, 0x2F, 0x40, 0x00, 0x03, 0xF0,
    0x00, 0x00, 0x3F, 0x00, 0x00, 0x03, 0xF0, 0x00, 0x00, 0x7E, 0x00, 0x00, 0x0B, 0xD0, 0x00, 0x00,
    0xFC, 0x00, 0x00, 0x0F, 0xC0, 0x00, 0x00, 0xF8, 0x00, 0x00, 0x2F, 0x80, 0x00, 0x7F, 0xFF, 0x80,
    0x0B, 0xFF, 0xFC, 0x00, 0x00, 0x2F, 0x00, 0x00, 0x3F, 0x00, 0x0F, 0xC0, 0x00, 0x3F, 0x40, 0x03,
    0xF0, 0x00, 0x3F, 0x40, 0x01, 0xF8, 0x00, 0x3F, 0x40, 0x00, 0xBD, 0x00, 0x3F, 0x40, 0x00, 0x2F,
    0x00, 0x3F, 0x40, 0x00, 0x0F, 0xC0, 0x3F, 0x40, 0x00, 0x03, 0xF0, 0x3F, 0x40, 0x00, 0x01, 0xF8,
    0x3F, 0x80, 0x00, 0x00, 0xBD, 0x3F, 0x80, 0x00, 0x00, 0x3F, 0x7F, 0x80, 0x00, 0x00, 0x0F, 0xFF,
    0xE0, 0x00, 0x00, 0x03, 0xFF, 0xFC, 0x00, 0x00, 0x01, 0xFE, 0x1F, 0x80, 0x00, 0x00, 0xBD, 0x03,
    0xF0, 0x00, 0x00, 0x3F, 0x00, 0xBD, 0x00, 0x00, 0x0F, 0xC0, 0x1F, 0xC0, 0x00, 0x07, 0xE0, 0x03,
    0xF4, 0x00, 0x01, 0xF4, 0x00, 0x7E, 0x00, 0x00, 0xBD, 0x00, 0x0F, 0xC0, 0x00, 0x3F, 0x00, 0x02,
    0xF8, 0x00, 0x0F, 0xC0, 0x00, 0x7F, 0x00, 0x07, 0xE0, 0x00, 0x0F, 0xD0, 0x02, 0xF4, 0x00, 0x01,
    0xFC, 0x00, 0x00, 0x00, 0x00, 0x3F, 0x00, 0x00, 0x00, 0x00, 0xBF, 0x40, 0x00, 0x00, 0x00, 0xFF,
    0x40, 0x00, 0x00, 0x02, 0xFF, 0x80, 0x00, 0x00, 0x07, 0xEF, 0x80, 0x00, 0x00, 0x0F, 0xCF, 0xC0,
    0x00, 0x00, 0x1F, 0x8B, 0xC0, 0x00, 0x00, 0x3F, 0x0B, 0xC0, 0x00, 0x00, 0x7E, 0x0B, 0xC0, 0x00,
    0x00, 0xFC, 0x07, 0xD0, 0x00, 0x02, 0xF8, 0x07, 0xD0, 0x00, 0x03, 0xF0, 0x03, 0xE0, 0x00, 0x0B,
    0xD0, 0x03, 0xE0, 0x00, 0x0F, 0xC0, 0x03, 0xF0, 0x00, 0x2F, 0x40, 0x03, 0xF0, 0x00, 0x7F, 0x00,
    0x03, 0xF0, 0x00, 0xFD, 0x00, 0x02, 0xF0, 0x01, 0xFC, 0x00, 0x02, 0xF4, 0x03, 0xF4, 0x00, 0x01,
    0xF4, 0x07, 0xF0, 0x00, 0x01, 0xF8, 0x0F, 0xC0, 0x00, 0x00, 0xF8, 0x2F, 0x80, 0x00, 0x00, 0xFC,
    0x3F, 0x00, 0x00, 0x00, 0xFC, 0xBE, 0x00, 0x00, 0x00, 0xFC, 0x00, 0x2F, 0xD0, 0x00, 0x00, 0x0B,
    0xFC, 0x00, 0x3F, 0xE0, 0x00, 0x00, 0x0F, 0xFC, 0x00, 0x3F, 0xF0, 0x00, 0x00, 0x2F, 0xF8, 0x00,
    0x7F, 0xF0, 0x00, 0x00, 0x3F, 0xF4, 0x00, 0xBE, 0xF0, 0x00, 0x00, 0xFE, 0xF0, 0x00, 0xFD, 0xF0,
    0x00, 0x01, 0xF7, 0xF0, 0x00, 0xF8, 0xF4, 0x00, 0x03, 0xF3, 0xF0, 0x00, 0xF8, 0xF4, 0x00, 0x07,
    0xD7, 0xE0, 0x01, 0xF4, 0xF8, 0x00, 0x0F, 0xC7, 0xD0, 0x02, 0xF0, 0xF8, 0x00, 0x1F, 0x0B, 0xC0,
    0x03, 0xF0, 0xFC, 0x00, 0x3E, 0x0F, 0xC0, 0x03, 0xF0, 0xBC, 0x00, 0xBC, 0x0F, 0xC0, 0x03, 0xE0,
    0xBC, 0x00, 0xF8, 0x1F, 0x80, 0x07, 0xD0, 0x7C, 0x02, 0xF0, 0x2F, 0x40, 0x0B, 0xC0, 0x7D, 0x03,
    0xD0, 0x3F, 0x00, 0x0F, 0xC0, 0x3D, 0x0F, 0xC0, 0x3F, 0x00, 0x0F, 0x80, 0x3D, 0x1F, 0x40, 0x3F,
    0x00, 0x1F, 0x80, 0x3E, 0x3F, 0x00, 0x7E, 0x00, 0x2F, 0x40, 0x3E, 0x7D, 0x00, 0xBD, 0x00, 0x2F,
    0x00, 0x2F, 0xF8, 0x00, 0xFC, 0x00, 0x3F, 0x00, 0x2F, 0xF0, 0x00, 0xFC, 0x00, 0x3E, 0x00, 0x1F,
    0xE0, 0x01, 0xF8, 0x00, 0x7D, 0x00, 0x1F, 0xC0, 0x01, 0xF8, 0x00, 0xBC, 0x00, 0x0F, 0x80, 0x02,
    0xF4, 0x00, 0x00, 0x2F, 0x80, 0x00, 0x00, 0xF8, 0x00, 0xFF, 0x00, 0x00, 0x07, 0xD0, 0x03, 0xFD,
    0x00, 0x00, 0x2F, 0x40, 0x1F, 0xFC, 0x00, 0x00, 0xFC, 0x00, 0xBF, 0xF0, 0x00, 0x03, 0xF0, 0x03,
    0xF7, 0xE0, 0x00, 0x0F, 0x80, 0x0F, 0x8F, 0xC0, 0x00, 0x7D, 0x00, 0x3E, 0x2F, 0x00, 0x02, 0xF0,
    0x01, 0xF4, 0x7E, 0x00, 0x0F, 0xC0, 0x0B, 0xC0, 0xFC, 0x00, 0x3F, 0x00, 0x3F, 0x02, 0xF4, 0x01,
    0xF8, 0x00, 0xFC, 0x03, 0xE0, 0x0B, 0xD0, 0x03, 0xE0, 0x0F, 0xC0, 0x2F, 0x00, 0x1F, 0x40, 0x1F,
    0x40, 0xFC, 0x00, 0xBC, 0x00, 0x3F, 0x03, 0xE0, 0x03, 0xF0, 0x00, 0xBC, 0x1F, 0x80, 0x0F, 0x80,
    0x01, 0xF8, 0xBD, 0x00, 0x7E, 0x00, 0x03, 0xF2, 0xF0, 0x02, 0xF4, 0x00, 0x0B, 0xDF, 0xC0, 0x0B,
    0xC0, 0x00, 0x0F, 0xBE, 0x00, 0x3F, 0x00, 0x00, 0x3F, 0xF4, 0x00, 0xF8, 0x00, 0x00, 0x7F, 0xC0,
    0x07, 0xD0, 0x00, 0x00, 0xFF, 0x00, 0x2F, 0x00, 0x00, 0x02, 0xFC, 0x00, 0x00, 0x07, 0xFF, 0xFF,
    0xFE, 0x00, 0x0B, 0xFF, 0xFF, 0xFE, 0x00, 0x0B, 0xFF, 0xFF, 0xFD, 0x00, 0x00, 0x00, 0x00, 0x00,
    0x00, 0x00, 0x00, 0x00, 0x00, 0x00, 0x00, 0x00, 0x00, 0x00, 0x00, 0x00, 0x00, 0x00, 0x00, 0x00,
    0x00, 0x00, 0x00, 0x00, 0x00, 0x00, 0x00, 0x00, 0x00, 0x00, 0x00, 0x00, 0x00, 0x00, 0x00, 0x0A,
    0xAA, 0xAA, 0x00, 0x00, 0x1F, 0xFF, 0xFF, 0x00, 0x00, 0x2F, 0xFF, 0xFF, 0x00, 0x00, 0x00, 0x00,
    0x00, 0x00, 0x00, 0x00, 0x00, 0x00, 0x00, 0x00, 0x00, 0x00, 0x00, 0x00, 0x00, 0x00, 0x00, 0x00,
    0x00, 0x00, 0x00, 0x00, 0x00, 0x00, 0x00, 0x00, 0x00, 0x00, 0x00, 0x00, 0x00, 0x00, 0x00, 0x00,
    0x00, 0x00, 0x00, 0x00, 0x00, 0x1A, 0xAA, 0xAA, 0xAA, 0x00, 0x3F, 0xFF, 0xFF, 0xFF, 0x00, 0x3F,
    0xFF, 0xFF, 0xFE, 0x00, 0x00, 0x00, 0x00, 0x00, 0x00, 0x00, 0x00, 0x1F, 0xFF, 0x90, 0x00, 0x00,
    0x7F, 0xFF, 0xFE, 0x00, 0x00, 0xBF, 0xE9, 0xBF, 0xF0, 0x00, 0xBF, 0x80, 0x01, 0xFE, 0x00, 0x7F,
    0x40, 0x00, 0x1F, 0xC0, 0x3F, 0x40, 0x00, 0x03, 0xF4, 0x2F, 0x80, 0x00, 0x00, 0xBE, 0x0F, 0xC0,
    0x00, 0x00, 0x1F, 0xCB, 0xE0, 0x00, 0x00, 0x03, 0xF3, 0xF4, 0x00, 0x00, 0x00, 0xFC, 0xFC, 0x00,
    0x00, 0x00, 0x3F, 0x7F, 0x00, 0x00, 0x00, 0x1F, 0xDF, 0x80, 0x00, 0x00, 0x07, 0xFB, 0xE0, 0x00,
    0x00, 0x02, 0xFA, 0xF8, 0x00, 0x00, 0x00, 0xFD, 0xBE, 0x00, 0x00, 0x00, 0x7F, 0x2F, 0x80, 0x00,
    0x00, 0x2F, 0xC7, 0xF0, 0x00, 0x00, 0x0F, 0xD0, 0xFC, 0x00, 0x00, 0x0F, 0xF0, 0x3F, 0xC0, 0x00,
    0x0B, 0xF0, 0x07, 0xF8, 0x00, 0x0F, 0xF4, 0x00, 0xBF, 0xE5, 0x6F, 0xF8, 0x00, 0x0B, 0xFF, 0xFF,
    0xF4, 0x00, 0x00, 0x2F, 0xFF, 0xD0, 0x00, 0x00, 0x00, 0x15, 0x00, 0x00, 0x00, 0x00, 0x2F, 0xFF,
    0xFF, 0xFF, 0xE0, 0x03, 0xFF, 0xFF, 0xFF, 0xFE, 0x00, 0x3F, 0xFF, 0xFF, 0xFF, 0xD0, 0x07, 0xE0,
    0x00, 0x00, 0xFC, 0x00, 0x7D, 0x00, 0x00, 0x0F, 0xC0, 0x0B, 0xD0, 0x00, 0x01, 0xF8, 0x00, 0xFC,
    0x00, 0x00, 0x1F, 0x80, 0x0F, 0xC0, 0x00, 0x02, 0xF4, 0x01, 0xF8, 0x00, 0x00, 0x3F, 0x00, 0x2F,
    0x40, 0x00, 0x03, 0xF0, 0x02, 0xF0, 0x00, 0x00, 0x7E, 0x00, 0x3F, 0x00, 0x00, 0x0B, 0xD0, 0x03,
    0xF0, 0x00, 0x00, 0xBD, 0x00, 0x7E, 0x00, 0x00, 0x0F, 0xC0, 0x0B, 0xD0, 0x00, 0x00, 0xFC, 0x00,
    0xFC, 0x00, 0x00, 0x1F, 0x80, 0x0F, 0xC0, 0x00, 0x02, 0xF4, 0x00, 0xF8, 0x00, 0x00, 0x3F, 0x00,
    0x1F, 0x80, 0x00, 0x03, 0xF0, 0x02, 0xF4, 0x00, 0x00, 0x3F, 0x00, 0x3F, 0x00, 0x00, 0x07, 0xE0,
    0x03, 0xF0, 0x00, 0x00, 0xBD, 0x00, 0x7E, 0x00, 0x00, 0x0F, 0xC0, 0x07, 0xD0, 0x00, 0x00, 0xFC,
    0x00, 0x00, 0x2F, 0xFF, 0xA0, 0x00, 0x03, 0xFF, 0xFF, 0xE0, 0x00, 0x3F, 0xFF, 0xFF, 0x80, 0x07,
    0xE0, 0x02, 0xFD, 0x00, 0xBD, 0x00, 0x0B, 0xE0, 0x0B, 0xD0, 0x00, 0x3F, 0x00, 0xFC, 0x00, 0x03,
    0xF0, 0x0F, 0xC0, 0x00, 0x3F, 0x01, 0xF8, 0x00, 0x07, 0xE0, 0x2F, 0x40, 0x00, 0xFD, 0x03, 0xF0,
    0x00, 0x2F, 0xC0, 0x3F, 0x00, 0x1F, 0xF4, 0x03, 0xFF, 0xFF, 0xFD, 0x00, 0x7F, 0xFF, 0xFE, 0x00,
    0x0B, 0xFA, 0xA5, 0x00, 0x00, 0xFC, 0x00, 0x00, 0x00, 0x0F, 0xC0, 0x00, 0x00, 0x01, 0xF8, 0x00,
    0x00, 0x00, 0x1F, 0x40, 0x00, 0x00, 0x02, 0xF4, 0x00, 0x00, 0x00, 0x3F, 0x00, 0x00, 0x00, 0x03,
    0xF0, 0x00, 0x00, 0x00, 0x7E, 0x00, 0x00, 0x00, 0x0B, 0xD0, 0x00, 0x00, 0x00, 0x00, 0x0B, 0xFF,
    0xFF, 0xFF, 0x00, 0x03, 0xFF, 0xFF, 0xFF, 0xC0, 0x00, 0xFF, 0xFF, 0xFF, 0xE0, 0x00, 0x3F, 0x00,
    0x00, 0x00, 0x00, 0x07, 0xE0, 0x00, 0x00, 0x00, 0x00, 0xFC, 0x00, 0x00, 0x00, 0x00, 0x2F, 0x80,
    0x00, 0x00, 0x00, 0x03, 0xF0, 0x00, 0x00, 0x00, 0x00, 0xBD, 0x00, 0x00, 0x00, 0x00, 0x0F, 0xC0,
    0x00, 0x00, 0x00, 0x02, 0xF4, 0x00, 0x00, 0x00, 0x00, 0x7D, 0x00, 0x00, 0x00, 0x00, 0x7E, 0x00,
    0x00, 0x00, 0x00, 0x3F, 0x00, 0x00, 0x00, 0x00, 0x3F, 0x00, 0x00, 0x00, 0x00, 0x2F, 0x00, 0x00,
    0x00, 0x00, 0x2F, 0x40, 0x00, 0x00, 0x00, 0x1F, 0x80, 0x00, 0x00, 0x00, 0x1F, 0xC0, 0x00, 0x00,
    0x00, 0x0F, 0xC0, 0x00, 0x00, 0x00, 0x0F, 0xC0, 0x00, 0x00, 0x00, 0x0B, 0xFA, 0xAA, 0xAA, 0x80,
    0x03, 0xFF, 0xFF, 0xFF, 0xF0, 0x00, 0xFF, 0xFF, 0xFF, 0xF8, 0x00, 0x7F, 0xFF, 0xFF, 0xFF, 0x6F,
    0xFF, 0xFF, 0xFF, 0xDF, 0xFF, 0xFF, 0xFF, 0xF0, 0x00, 0x2F, 0x40, 0x00, 0x00, 0x0F, 0xC0, 0x00,
    0x00, 0x03, 0xF0, 0x00, 0x00, 0x00, 0xFC, 0x00, 0x00, 0x00, 0x7E, 0x00, 0x00, 0x00, 0x2F, 0x40,
    0x00, 0x00, 0x0F, 0xC0, 0x00, 0x00, 0x03, 0xF0, 0x00, 0x00, 0x01, 0xF8, 0x00, 0x00, 0x00, 0xBE,
    0x00, 0x00, 0x00, 0x2F, 0x40, 0x00, 0x00, 0x0F, 0xC0, 0x00, 0x00, 0x03, 0xF0, 0x00, 0x00, 0x01,
    0xF8, 0x00, 0x00, 0x00, 0xBD, 0x00, 0x00, 0x00, 0x3F, 0x00, 0x00, 0x00, 0x0F, 0xC0, 0x00, 0x00,
    0x03, 0xF0, 0x00, 0x00, 0x01, 0xF8, 0x00, 0x00, 0x00, 0xBD, 0x00, 0x00, 0x00, 0x3F, 0x00, 0x00,
    0x00, 0xBC, 0x00, 0x00, 0x1F, 0x8B, 0xD0, 0x00, 0x03, 0xF0, 0x7E, 0x00, 0x00, 0xFD, 0x03, 0xF0,
    0x00, 0x1F, 0xC0, 0x3F, 0x00, 0x03, 0xF0, 0x02, 0xF4, 0x00, 0xFD, 0x00, 0x1F, 0x80, 0x1F, 0x80,
    0x00, 0xFC, 0x03, 0xF0, 0x00, 0x0F, 0xC0, 0xFD, 0x00, 0x00, 0xBC, 0x1F, 0x80, 0x00, 0x07, 0xD3,
    0xF0, 0x00, 0x00, 0x3E, 0xBD, 0x00, 0x00, 0x02, 0xFF, 0x80, 0x00, 0x00, 0x1F, 0xF0, 0x00, 0x00,
    0x00, 0xFD, 0x00, 0x00, 0x00, 0x0F, 0xC0, 0x00, 0x00, 0x01, 0xF8, 0x00, 0x00, 0x00, 0x2F, 0x40,
    0x00, 0x00, 0x03, 0xF0, 0x00, 0x00, 0x00, 0x3F, 0x00, 0x00, 0x00, 0x03, 0xE0, 0x00, 0x00, 0x00,
    0x7E, 0x00, 0x00, 0x00, 0x0B, 0xD0, 0x00, 0x00, 0x00, 0xFC, 0x00, 0x00, 0x00, 0x00, 0x00, 0x00,
    0x1F, 0x40, 0x00, 0x00, 0x00, 0x00, 0x02, 0xF4, 0x00, 0x00, 0x00, 0x00, 0x05, 0xBF, 0x94, 0x00,
    0x00, 0x00, 0x6F, 0xFF, 0xFF, 0xFD, 0x00, 0x00, 0x3F, 0xFF, 0xFF, 0xFF, 0xFC, 0x00, 0x1F, 0xF9,
    0x07, 0xD0, 0x6F, 0xF0, 0x07, 0xF8, 0x00, 0xBC, 0x00, 0x7F, 0x40, 0xFD, 0x00, 0x0F, 0xC0, 0x01,
    0xFC, 0x2F, 0x80, 0x00, 0xFC, 0x00, 0x0F, 0xC3, 0xF0, 0x00, 0x1F, 0x80, 0x00, 0xFC, 0x7E, 0x00,
    0x02, 0xF4, 0x00, 0x0F, 0xCB, 0xD0, 0x00, 0x2F, 0x00, 0x00, 0xFC, 0xFD, 0x00, 0x03, 0xF0, 0x00,
    0x0F, 0xCF, 0xD0, 0x00, 0x3F, 0x00, 0x01, 0xF8, 0xFD, 0x00, 0x07, 0xE0, 0x00, 0x3F, 0x0B, 0xE0,
    0x00, 0xBD, 0x00, 0x0B, 0xE0, 0x7F, 0x40, 0x0F, 0xC0, 0x02, 0xFC, 0x03, 0xFD, 0x00, 0xFC, 0x01,
    0xFF, 0x40, 0x0F, 0xFF, 0xAF, 0xEB, 0xFF, 0xC0, 0x00, 0x2F, 0xFF, 0xFF, 0xFF, 0xD0, 0x00, 0x00,
    0x1B, 0xFF, 0xFE, 0x90, 0x00, 0x00, 0x00, 0x03, 0xF0, 0x00, 0x00, 0x00, 0x00, 0x00, 0x3F, 0x00,
    0x00, 0x00, 0x00, 0x00, 0x07, 0xE0, 0x00, 0x00, 0x00, 0x00, 0x0F, 0x80, 0x00, 0x03, 0xE0, 0x00,
    0x3F, 0x00, 0x00, 0x3F, 0x40, 0x00, 0x7E, 0x00, 0x02, 0xF4, 0x00, 0x00, 0xFC, 0x00, 0x2F, 0x80,
    0x00, 0x02, 0xF4, 0x01, 0xFC, 0x00, 0x00, 0x07, 0xE0, 0x0F, 0xC0, 0x00, 0x00, 0x0F, 0xC0, 0xFD,
    0x00, 0x00, 0x00, 0x2F, 0x4B, 0xD0, 0x00, 0x00, 0x00, 0x3E, 0x7E, 0x00, 0x00, 0x00, 0x00, 0xFF,
    0xF0, 0x00, 0x00, 0x00, 0x01, 0xFF, 0x00, 0x00, 0x00, 0x00, 0x03, 0xF4, 0x00, 0x00, 0x00, 0x00,
    0x3F, 0xE0, 0x00, 0x00, 0x00, 0x02, 0xFF, 0xC0, 0x00, 0x00, 0x00, 0x1F, 0x9F, 0x40, 0x00, 0x00,
    0x00, 0xFC, 0x3E, 0x00, 0x00, 0x00, 0x0F, 0xC0, 0xFC, 0x00, 0x00, 0x00, 0xBD, 0x01, 0xF4, 0x00,
    0x00, 0x07, 0xE0, 0x03, 0xF0, 0x00, 0x00, 0x7F, 0x00, 0x0F, 0xC0, 0x00, 0x03, 0xF0, 0x00, 0x1F,
    0x80, 0x00, 0x3F, 0x40, 0x00, 0x3F, 0x00, 0x02, 0xF8, 0x00, 0x00, 0xFD, 0x00, 0x1F, 0xC0, 0x00,
    0x01, 0xF8, 0x00, 0x03, 0xF0, 0x00, 0xBC, 0x00, 0x2F, 0x40, 0xFC, 0x00, 0x3F, 0x00, 0x0F, 0xC0,
    0x7E, 0x00, 0x0F, 0xC0, 0x03, 0xF0, 0x2F, 0x40, 0x07, 0xE0, 0x01, 0xFC, 0x0F, 0xD0, 0x02, 0xF4,
    0x00, 0x7E, 0x03, 0xF0, 0x00, 0xFC, 0x00, 0x2F, 0x40, 0xFC, 0x00, 0x3F, 0x00, 0x0F, 0xC0, 0x7E,
    0x00, 0x1F, 0xC0, 0x03, 0xF0, 0x2F, 0x40, 0x07, 0xE0, 0x01, 0xF8, 0x0F, 0xD0, 0x02, 0xF4, 0x00,
    0xBD, 0x03, 0xF0, 0x00, 0xFC, 0x00, 0x3F, 0x00, 0xFD, 0x00, 0x3F, 0x00, 0x1F, 0x80, 0x3F, 0x40,
    0x1F, 0x80, 0x0F, 0xC0, 0x0B, 0xF0, 0x0B, 0xD0, 0x0F, 0xD0, 0x00, 0xFF, 0x43, 0xF4, 0x1F, 0xE0,
    0x00, 0x1F, 0xFF, 0xFF, 0xFF, 0xD0, 0x00, 0x01, 0xFF, 0xFF, 0xFF, 0x80, 0x00, 0x00, 0x06, 0xBF,
    0xE9, 0x00, 0x00, 0x00, 0x00, 0x0B, 0xD0, 0x00, 0x00, 0x00, 0x00, 0x03, 0xF0, 0x00, 0x00, 0x00,
    0x00, 0x00, 0xFC, 0x00, 0x00, 0x00, 0x00, 0x00, 0x3F, 0x00, 0x00, 0x00, 0x00, 0x00, 0x1F, 0x80,
    0x00, 0x00, 0x00, 0x00, 0x0B, 0xD0, 0x00, 0x00, 0x00, 0x00, 0x00, 0x00, 0x00, 0x00, 0x00, 0x00,
    0x00, 0x1B, 0xFF, 0xF4, 0x00, 0x00, 0x00, 0xFF, 0xFF, 0xFF, 0x40, 0x00, 0x07, 0xFF, 0x96, 0xFF,
    0xD0, 0x00, 0x1F, 0xE0, 0x00, 0x1F, 0xF0, 0x00, 0x3F, 0x40, 0x00, 0x03, 0xF4, 0x00, 0xBE, 0x00,
    0x00, 0x02, 0xFC, 0x00, 0xFC, 0x00, 0x00, 0x01, 0xFC, 0x02, 0xF8, 0x00, 0x00, 0x00, 0xFC, 0x03,
    0xF0, 0x00, 0x00, 0x00, 0xFC, 0x03, 0xF0, 0x00, 0x00, 0x00, 0xFC, 0x07, 0xF0, 0x00, 0x00, 0x00,
    0xFC, 0x0B, 0xE0, 0x00, 0x00, 0x00, 0xFC, 0x0B, 0xE0, 0x00, 0x00, 0x01, 0xF8, 0x0B, 0xE0, 0x00,
    0x00, 0x02, 0xF4, 0x0B, 0xE0, 0x00, 0x00, 0x03, 0xF0, 0x07, 0xF0, 0x00, 0x00, 0x07, 0xE0, 0x03,
    0xF0, 0x00, 0x00, 0x0F, 0xC0, 0x03, 0xF4, 0x00, 0x00, 0x2F, 0x40, 0x01, 0xFC, 0x00, 0x00, 0xBE,
    0x00, 0x00, 0xBD, 0x00, 0x02, 0xF8, 0x00, 0x00, 0x3F, 0x00, 0x0B, 0xD0, 0x00, 0x6A, 0xBF, 0xC0,
    0x3F, 0xEA, 0x90, 0xBF, 0xFF, 0xC0, 0x7F, 0xFF, 0xD0, 0xFF, 0xFF, 0x80, 0xBF, 0xFF, 0xC0, 0x00,
    0x01, 0x00, 0x10, 0x00, 0x3F, 0x03, 0xF0, 0x00, 0xFC, 0x0F, 0xC0, 0x02, 0xD0, 0x2D, 0x00, 0x00,
    0x00, 0x00, 0x00, 0x00, 0x00, 0x00, 0x00, 0x00, 0x00, 0x00, 0x0B, 0xFF, 0xF4, 0x00, 0x3F, 0xFF,
    0xD0, 0x00, 0x0B, 0xE4, 0x00, 0x00, 0x2F, 0x40, 0x00, 0x00, 0xFC, 0x00, 0x00, 0x03, 0xF0, 0x00,
    0x00, 0x1F, 0x80, 0x00, 0x00, 0x7D, 0x00, 0x00, 0x02, 0xF0, 0x00, 0x00, 0x0F, 0xC0, 0x00, 0x00,
    0x3F, 0x00, 0x00, 0x01, 0xF8, 0x00, 0x00, 0x0B, 0xD0, 0x00, 0x00, 0x3F, 0x00, 0x00, 0x00, 0xFC,
    0x00, 0x00, 0x03, 0xF0, 0x00, 0x00, 0x1F, 0x80, 0x00, 0x00, 0xBD, 0x00, 0x00, 0x03, 0xF0, 0x00,
    0x00, 0x0F, 0xC0, 0x00, 0x00, 0x3E, 0x00, 0x00, 0x02, 0xF8, 0x00, 0x01, 0xFF, 0xFE, 0x00, 0x0B,
    0xFF, 0xFC, 0x00, 0x00, 0x00, 0x04, 0x00, 0x40, 0x00, 0x02, 0xF0, 0x2F, 0x00, 0x00, 0x3F, 0x03,
    0xF0, 0x00, 0x02, 0xD0, 0x2D, 0x00, 0x00, 0x00, 0x00, 0x00, 0x00, 0x00, 0x00, 0x00, 0x00, 0x00,
    0x00, 0x00, 0x00, 0x0B, 0xC0, 0x00, 0x01, 0xF8, 0xBD, 0x00, 0x00, 0x3F, 0x07, 0xE0, 0x00, 0x0F,
    0xD0, 0x3F, 0x00, 0x01, 0xFC, 0x03, 0xF0, 0x00, 0x3F, 0x00, 0x2F, 0x40, 0x0F, 0xD0, 0x01, 0xF8,
    0x01, 0xF8, 0x00, 0x0F, 0xC0, 0x3F, 0x00, 0x00, 0xFC, 0x0F, 0xD0, 0x00, 0x0B, 0xC1, 0xF8, 0x00,
    0x00, 0x7D, 0x3F, 0x00, 0x00, 0x03, 0xEB, 0xD0, 0x00, 0x00, 0x2F, 0xF8, 0x00, 0x00, 0x01, 0xFF,
    0x00, 0x00, 0x00, 0x0F, 0xD0, 0x00, 0x00, 0x00, 0xFC, 0x00, 0x00, 0x00, 0x1F, 0x80, 0x00, 0x00,
    0x02, 0xF4, 0x00, 0x00, 0x00, 0x3F, 0x00, 0x00, 0x00, 0x03, 0xF0, 0x00, 0x00, 0x00, 0x3E, 0x00,
    0x00, 0x00, 0x07, 0xE0, 0x00, 0x00, 0x00, 0xBD, 0x00, 0x00, 0x00, 0x0F, 0xC0, 0x00, 0x00, 0x00,
    0x00, 0x00, 0x01, 0xFC, 0x00, 0x00, 0x00, 0x3F, 0x40, 0x00, 0x00, 0x07, 0xE0, 0x00, 0x00, 0x00,
    0xF8, 0x00, 0x00, 0x00, 0x2F, 0x00, 0x00, 0x00, 0x03, 0xC0, 0x00, 0x00, 0x00, 0x00, 0x00, 0x00,
    0x00, 0x00, 0x00, 0x00, 0x00, 0x0B, 0xFE, 0x03, 0xC0, 0x07, 0xFF, 0xFC, 0x7C, 0x01, 0xFF, 0x57,
    0xEF, 0x80, 0x3F, 0x80, 0x0F, 0xF8, 0x0B, 0xE0, 0x00, 0x7F, 0x40, 0xFC, 0x00, 0x07, 0xF0, 0x2F,
    0x80, 0x00, 0x7F, 0x03, 0xF0, 0x00, 0x07, 0xE0, 0x3F, 0x00, 0x00, 0xBD, 0x07, 0xE0, 0x00, 0x0F,
    0xC0, 0x7E, 0x00, 0x00, 0xFC, 0x07, 0xE0, 0x00, 0x2F, 0xC0, 0x7E, 0x00, 0x03, 0xF8, 0x07, 0xE0,
    0x00, 0xFF, 0x40, 0x7F, 0x00, 0x2F, 0xF0, 0x03, 0xFC, 0x1F, 0xAF, 0x40, 0x1F, 0xFF, 0xE2, 0xFF,
    0x00, 0x7F, 0xF4, 0x0F, 0xE0, 0x00, 0x50, 0x00, 0x10, 0x00, 0x00, 0x00, 0x00, 0xFD, 0x00, 0x00,
    0x02, 0xF8, 0x00, 0x00, 0x03, 0xF0, 0x00, 0x00, 0x0B, 0xC0, 0x00, 0x00, 0x1F, 0x00, 0x00, 0x00,
    0x2D, 0x00, 0x00, 0x00, 0x00, 0x00, 0x00, 0x00, 0x00, 0x00, 0x00, 0x0B, 0xFF, 0xD0, 0x00, 0x7F,
    0xFF, 0xF4, 0x00, 0xFE, 0x56, 0xF0, 0x02, 0xF8, 0x00, 0x00, 0x02, 0xF0, 0x00, 0x00, 0x02, 0xF0,
    0x00, 0x00, 0x01, 0xF4, 0x00, 0x00, 0x00, 0xFE, 0xA4, 0x00, 0x00, 0x3F, 0xF8, 0x00, 0x02, 0xFF,
    0xA4, 0x00, 0x0F, 0xD0, 0x00, 0x00, 0x2F, 0x40, 0x00, 0x00, 0x3F, 0x00, 0x00, 0x00, 0x3F, 0x00,
    0x00, 0x00, 0x3F, 0x00, 0x00, 0x00, 0x2F, 0xD0, 0x1B, 0x00, 0x0F, 0xFF, 0xFF, 0x00, 0x02, 0xFF,
    0xFE, 0x00, 0x00, 0x15, 0x00, 0x00, 0x00, 0x00, 0x00, 0x3F, 0x40, 0x00, 0x00, 0x0B, 0xE0, 0x00,
    0x00, 0x00, 0xFC, 0x00, 0x00, 0x00, 0x2F, 0x00, 0x00, 0x00, 0x03, 0xD0, 0x00, 0x00, 0x00, 0xB4,
    0x00, 0x00, 0x00, 0x00, 0x00, 0x00, 0x00, 0x00, 0x05, 0x00, 0x00, 0x7C, 0x0F, 0xFE, 0x00, 0x0B,
    0xC7, 0xFF, 0xFC, 0x00, 0xFD, 0xF9, 0x6F, 0xD0, 0x0F, 0xFD, 0x00, 0xFD, 0x01, 0xFF, 0x00, 0x0B,
    0xE0, 0x2F, 0xD0, 0x00, 0xBD, 0x03, 0xFC, 0x00, 0x0F, 0xD0, 0x3F, 0x40, 0x00, 0xFC, 0x03, 0xF0,
    0x00, 0x1F, 0xC0, 0x7F, 0x00, 0x02, 0xF8, 0x0B, 0xE0, 0x00, 0x2F, 0x40, 0xFD, 0x00, 0x03, 0xF0,
    0x0F, 0xC0, 0x00, 0x3F, 0x00, 0xFC, 0x00, 0x07, 0xF0, 0x1F, 0x80, 0x00, 0xBE, 0x02, 0xF4, 0x00,
    0x0F, 0xD0, 0x3F, 0x40, 0x00, 0xFC, 0x03, 0xF0, 0x00, 0x0F, 0xC0, 0x00, 0x00, 0x01, 0xF8, 0x00,
    0x00, 0x00, 0x2F, 0x40, 0x00, 0x00, 0x03, 0xF4, 0x00, 0x00, 0x00, 0x3F, 0x00, 0x00, 0x00, 0x07,
    0xF0, 0x00, 0x00, 0x00, 0xBE, 0x00, 0x00, 0x00, 0x0B, 0xD0, 0x00, 0x00, 0x00, 0xFC, 0x00, 0x00,
    0x01, 0xFC, 0x00, 0x03, 0xF4, 0x00, 0x07, 0xE0, 0x00, 0x0F, 0xC0, 0x00, 0x1F, 0x00, 0x00, 0x2D,
    0x00, 0x00, 0x00, 0x00, 0x00, 0x00, 0x00, 0x01, 0xF4, 0x00, 0x03, 0xF0, 0x00, 0x03, 0xF0, 0x00,
    0x03, 0xF0, 0x00, 0x07, 0xE0, 0x00, 0x0B, 0xD0, 0x00, 0x0F, 0xC0, 0x00, 0x0F, 0xC0, 0x00, 0x0F,
    0x80, 0x00, 0x1F, 0x40, 0x00, 0x2F, 0x40, 0x00, 0x3F, 0x00, 0x00, 0x3F, 0x00, 0x00, 0x7E, 0x00,
    0x00, 0x7E, 0x00, 0x00, 0x7F, 0x41, 0x00, 0x3F, 0xFE, 0x00, 0x1F, 0xFD, 0x00, 0x00, 0x50, 0x00,
    0x00, 0x00, 0x01, 0xFC, 0x00, 0x00, 0x00, 0x3F, 0x84, 0x00, 0x07, 0xD3, 0xF3, 0xF0, 0x00, 0xFC,
    0xBC, 0x7E, 0x00, 0x0B, 0x8F, 0x43, 0xC0, 0x00, 0x01, 0xE0, 0x00, 0x00, 0x00, 0x00, 0x00, 0x00,
    0x00, 0x00, 0x00, 0x00, 0x01, 0xF4, 0x00, 0x0F, 0x80, 0x3F, 0x00, 0x00, 0xFC, 0x03, 0xF0, 0x00,
    0x0F, 0xC0, 0x3F, 0x00, 0x00, 0xFC, 0x07, 0xE0, 0x00, 0x0F, 0xC0, 0xBD, 0x00, 0x00, 0xFC, 0x0F,
    0xC0, 0x00, 0x0F, 0xC0, 0xFC, 0x00, 0x01, 0xF8, 0x1F, 0x80, 0x00, 0x2F, 0x41, 0xF8, 0x00, 0x03,
    0xF4, 0x2F, 0x40, 0x00, 0x3F, 0x03, 0xF0, 0x00, 0x07, 0xE0, 0x3F, 0x00, 0x00, 0xFC, 0x03, 0xF0,
    0x00, 0x2F, 0x80, 0x3F, 0x00, 0x07, 0xF0, 0x02, 0xFD, 0x07, 0xFD, 0x00, 0x0F, 0xFF, 0xFF, 0x40,
    0x00, 0x3F, 0xFF, 0x80, 0x00, 0x00, 0x15, 0x00, 0x00, 0x00, 0x00, 0x00, 0x00, 0x00, 0x00, 0x00,
    0xBF, 0xE0, 0x3C, 0x00, 0x7F, 0xFF, 0xC7, 0xC0, 0x1F, 0xF5, 0x7E, 0xF8, 0x03, 0xF8, 0x00, 0xFF,
    0x80, 0xBE, 0x00, 0x07, 0xF4, 0x0F, 0xC0, 0x00, 0x7F, 0x02, 0xF8, 0x00, 0x07, 0xF0, 0x3F, 0x00,
    0x00, 0x7E, 0x03, 0xF0, 0x00, 0x0B, 0xD0, 0x7E, 0x00, 0x00, 0xFC, 0x07, 0xE0, 0x00, 0x0F, 0xC0,
    0x7E, 0x00, 0x02, 0xFC, 0x07, 0xE0, 0x00, 0x3F, 0x80, 0x7E, 0x00, 0x0F, 0xF4, 0x07, 0xF0, 0x02,
    0xFF, 0x00, 0x3F, 0xC1, 0xFA, 0xF4, 0x01, 0xFF, 0xFE, 0x2F, 0xF0, 0x07, 0xFF, 0x40, 0xFE, 0x00,
    0x05, 0x00, 0x01, 0x00, 0x00, 0x00, 0x00, 0x55, 0x00, 0x00, 0x00, 0x1F, 0xFF, 0xE0, 0x00, 0x00,
    0xBF, 0xFF, 0xF8, 0x00, 0x01, 0xFD, 0x01, 0xFD, 0x00, 0x03, 0xF0, 0x00, 0xBE, 0x00, 0x07, 0xE0,
    0x00, 0x3F, 0x00, 0x0F, 0xC0, 0x00, 0x3F, 0x00, 0x0F, 0xC0, 0x00, 0x3E, 0x00, 0x1F, 0x80, 0x00,
    0xBD, 0x00, 0x2F, 0x40, 0x00, 0xFC, 0x00, 0x3F, 0x00, 0x03, 0xF4, 0x00, 0x3F, 0x05, 0x6F, 0xD0,
    0x00, 0x3F, 0x0F, 0xFD, 0x00, 0x00, 0x7E, 0x0F, 0xFE, 0x00, 0x00, 0xBD, 0x00, 0x1F, 0xC0, 0x00,
    0xFC, 0x00, 0x07, 0xE0, 0x00, 0xFC, 0x00, 0x03, 0xF0, 0x01, 0xF8, 0x00, 0x02, 0xF4, 0x01, 0xF4,
    0x00, 0x02, 0xF4, 0x02, 0xF4, 0x00, 0x02, 0xF0, 0x03, 0xF0, 0x00, 0x03, 0xF0, 0x03, 0xF0, 0x00,
    0x07, 0xE0, 0x07, 0xF0, 0x00, 0x0F, 0xD0, 0x0B, 0xFD, 0x00, 0xBF, 0x80, 0x0B, 0xFF, 0xFF, 0xFE,
    0x00, 0x0F, 0xC7, 0xFF, 0xF4, 0x00, 0x0F, 0xC0, 0x15, 0x00, 0x00, 0x1F, 0x80, 0x00, 0x00, 0x00,
    0x2F, 0x40, 0x00, 0x00, 0x00, 0x3F, 0x00, 0x00, 0x00, 0x00, 0x3F, 0x00, 0x00, 0x00, 0x00, 0x3E,
    0x00, 0x00, 0x00, 0x00, 0x7D, 0x00, 0x00, 0x00, 0x00, 0xBD, 0x00, 0x00, 0x00, 0x00, 0x7D, 0x00,
    0x00, 0xF9, 0xF8, 0x00, 0x07, 0xE3, 0xE0, 0x00, 0x1F, 0x8F, 0x80, 0x00, 0xBD, 0x3F, 0x00, 0x03,
    0xF0, 0xFC, 0x00, 0x0F, 0xC3, 0xF0, 0x00, 0x7E, 0x0B, 0xC0, 0x02, 0xF0, 0x2F, 0x00, 0x0F, 0x80,
    0xBC, 0x00, 0xBC, 0x01, 0xF0, 0x03, 0xE0, 0x07, 0xD0, 0x3F, 0x00, 0x0F, 0x41, 0xF4, 0x00, 0x3D,
    0x1F, 0x80, 0x00, 0xF4, 0xFC, 0x00, 0x03, 0xEF, 0xC0, 0x00, 0x0F, 0xFC, 0x00, 0x00, 0x2F, 0xC0,
    0x00, 0x00, 0xFC, 0x00, 0x00, 0x03, 0xF0, 0x00, 0x00, 0x1F, 0x80, 0x00, 0x00, 0x7D, 0x00, 0x00,
    0x02, 0xF0, 0x00, 0x00, 0x0F, 0xC0, 0x00, 0x00, 0x3F, 0x00, 0x00, 0x00, 0x00, 0x00, 0x05, 0x50,
    0x00, 0x00, 0x0B, 0xFF, 0xF4, 0x00, 0x03, 0xFF, 0xFF, 0xE0, 0x00, 0xBE, 0x00, 0x7C, 0x00, 0x0F,
    0xC0, 0x00, 0x00, 0x00, 0xFC, 0x00, 0x00, 0x00, 0x0F, 0xC0, 0x00, 0x00, 0x00, 0xBD, 0x00, 0x00,
    0x00, 0x03, 0xF4, 0x00, 0x00, 0x00, 0x1F, 0xD0, 0x00, 0x00, 0x02, 0xFF, 0x80, 0x00, 0x02, 0xFF,
    0xFE, 0x00, 0x01, 0xFE, 0x03, 0xF4, 0x00, 0x7F, 0x40, 0x0F, 0xC0, 0x0F, 0xC0, 0x00, 0xBD, 0x02,
    0xF4, 0x00, 0x07, 0xE0, 0x3F, 0x00, 0x00, 0x3E, 0x07, 0xE0, 0x00, 0x03, 0xF0, 0x7D, 0x00, 0x00,
    0x7E, 0x0B, 0xD0, 0x00, 0x07, 0xE0, 0xBD, 0x00, 0x00, 0xFD, 0x07, 0xE0, 0x00, 0x1F, 0xC0, 0x3F,
    0x40, 0x03, 0xF4, 0x02, 0xFD, 0x02, 0xFE, 0x00, 0x0F, 0xFF, 0xFF, 0x80, 0x00, 0x2F, 0xFF, 0x80,
    0x00, 0x00, 0x05, 0x00, 0x00, 0x00, 0x00, 0x00, 0x00, 0x00, 0x00, 0x2F, 0xFF, 0x40, 0x07, 0xFF,
    0xFF, 0x40, 0x3F, 0x95, 0xBC, 0x02, 0xF8, 0x00, 0x00, 0x0B, 0xC0, 0x00, 0x00, 0x2F, 0x00, 0x00,
    0x00, 0x7D, 0x00, 0x00, 0x00, 0xFE, 0xA4, 0x00, 0x00, 0xFF, 0xE0, 0x00, 0x2F, 0xFA, 0x40, 0x03,
    0xF4, 0x00, 0x00, 0x2F, 0x40, 0x00, 0x00, 0xFC, 0x00, 0x00, 0x03, 0xF0, 0x00, 0x00, 0x0F, 0xC0,
    0x00, 0x00, 0x2F, 0xD0, 0x1B, 0x00, 0x3F, 0xFF, 0xFC, 0x00, 0x2F, 0xFF, 0xE0, 0x00, 0x05, 0x40,
    0x00, 0x00, 0x15, 0x55, 0x55, 0x40, 0x2F, 0xFF, 0xFF, 0xF0, 0x0B, 0xFF, 0xFF, 0xF4, 0x00, 0x00,
    0x01, 0xF8, 0x00, 0x00, 0x01, 0xF8, 0x00, 0x00, 0x01, 0xF8, 0x00, 0x00, 0x01, 0xFC, 0x00, 0x00,
    0x01, 0xFC, 0x00, 0x00, 0x01, 0xFC, 0x00, 0x00, 0x00, 0xFC, 0x00, 0x00, 0x00, 0xFC, 0x00, 0x00,
    0x00, 0xFC, 0x00, 0x00, 0x00, 0xFD, 0x00, 0x00, 0x00, 0xBE, 0x00, 0x00, 0x00, 0x3F, 0x00, 0x00,
    0x00, 0x3F, 0x40, 0x00, 0x00, 0x1F, 0x80, 0x00, 0x00, 0x0B, 0xD0, 0x00, 0x00, 0x03, 0xF0, 0x00,
    0x00, 0x00, 0xFC, 0x00, 0x00, 0x00, 0x3F, 0x00, 0x00, 0x00, 0x0F, 0xD0, 0x00, 0x00, 0x03, 0xFC,
    0x00, 0x00, 0x00, 0x3F, 0xE4, 0x00, 0x00, 0x07, 0xFF, 0xE0, 0x00, 0x00, 0x2F, 0xFF, 0x00, 0x00,
    0x00, 0x6F, 0xF0, 0x00, 0x00, 0x01, 0xFC, 0x00, 0x00, 0x00, 0x3F, 0x00, 0x00, 0x00, 0x1F, 0x80,
    0x00, 0x00, 0x0B, 0xD0, 0x00, 0x00, 0x07, 0xE0, 0x00, 0x00, 0x02, 0xA0, 0x00, 0x00, 0x00, 0x00,
    0x00, 0x50, 0x00, 0x07, 0xC0, 0xFF, 0xE0, 0x00, 0xBC, 0x7F, 0xFF, 0xC0, 0x0F, 0xDF, 0x96, 0xFD,
    0x00, 0xFF, 0xD0, 0x0F, 0xD0, 0x1F, 0xF0, 0x00, 0xBE, 0x02, 0xFD, 0x00, 0x0B, 0xD0, 0x3F, 0xC0,
    0x00, 0xFD, 0x03, 0xF4, 0x00, 0x0F, 0xC0, 0x3F, 0x00, 0x01, 0xFC, 0x07, 0xF0, 0x00, 0x2F, 0x80,
    0xBE, 0x00, 0x02, 0xF4, 0x0F, 0xD0, 0x00, 0x3F, 0x00, 0xFC, 0x00, 0x03, 0xF0, 0x0F, 0xC0, 0x00,
    0x7F, 0x01, 0xF8, 0x00, 0x0B, 0xE0, 0x2F, 0x40, 0x00, 0xFD, 0x03, 0xF4, 0x00, 0x0F, 0xC0, 0x3F,
    0x00, 0x00, 0xFC, 0x00, 0x00, 0x00, 0x1F, 0x80, 0x00, 0x00, 0x02, 0xF4, 0x00, 0x00, 0x00, 0x3F,
    0x40, 0x00, 0x00, 0x03, 0xF0, 0x00, 0x00, 0x00, 0x7F, 0x00, 0x00, 0x00, 0x0B, 0xE0, 0x00, 0x00,
    0x00, 0xBD, 0x00, 0x00, 0x00, 0x0F, 0xC0, 0x00, 0x00, 0x00, 0x15, 0x40, 0x00, 0x00, 0xBF, 0xFD,
    0x00, 0x00, 0xFF, 0xFF, 0xD0, 0x00, 0xFE, 0x02, 0xFC, 0x00, 0xBE, 0x00, 0x3F, 0x00, 0x3F, 0x00,
    0x0B, 0xD0, 0x2F, 0x40, 0x01, 0xF4, 0x0F, 0xC0, 0x00, 0x7E, 0x07, 0xD0, 0x00, 0x1F, 0x82, 0xF0,
    0x00, 0x07, 0xD0, 0xFC, 0x00, 0x02, 0xF4, 0x7E, 0x00, 0x00, 0xFC, 0x2F, 0xFF, 0xFF, 0xFF, 0x0F,
    0xFF, 0xFF, 0xFF, 0xC3, 0xF5, 0x55, 0x5B, 0xE0, 0xF8, 0x00, 0x02, 0xF4, 0x3E, 0x00, 0x00, 0xFC,
    0x1F, 0x80, 0x00, 0x3F, 0x07, 0xD0, 0x00, 0x2F, 0x81, 0xF4, 0x00, 0x0F, 0xC0, 0x7E, 0x00, 0x07,
    0xE0, 0x1F, 0x80, 0x03, 0xF0, 0x03, 0xF0, 0x02, 0xF8, 0x00, 0xBF, 0x07, 0xFC, 0x00, 0x0F, 0xFF,
    0xFC, 0x00, 0x00, 0xFF, 0xF4, 0x00, 0x00, 0x01, 0x40, 0x00, 0x00, 0x01, 0xF4, 0x03, 0xF0, 0x03,
    0xF0, 0x03, 0xF0, 0x07, 0xE0, 0x0B, 0xD0, 0x0F, 0xC0, 0x0F, 0xC0, 0x0F, 0x80, 0x1F, 0x40, 0x2F,
    0x40, 0x3F, 0x00, 0x3F, 0x00, 0x7E, 0x00, 0x7E, 0x00, 0x7F, 0x41, 0x3F, 0xFE, 0x1F, 0xFD, 0x00,
    0x50, 0x00, 0x7D, 0x00, 0x1F, 0xC0, 0x0B, 0xD0, 0x07, 0xF0, 0x00, 0xFC, 0x01, 0xFC, 0x00, 0x0F,
    0xC0, 0x7F, 0x00, 0x01, 0xF8, 0x1F, 0xC0, 0x00, 0x1F, 0x47, 0xF0, 0x00, 0x02, 0xF0, 0xFC, 0x00,
    0x00, 0x3F, 0x3F, 0x00, 0x00, 0x03, 0xFF, 0xF0, 0x00, 0x00, 0x7F, 0xFF, 0x80, 0x00, 0x0B, 0xF8,
    0xFC, 0x00, 0x00, 0xBD, 0x0B, 0xE0, 0x00, 0x0F, 0xC0, 0x3F, 0x00, 0x00, 0xFC, 0x02, 0xF4, 0x00,
    0x1F, 0x80, 0x0F, 0xC0, 0x02, 0xF4, 0x00, 0xFD, 0x00, 0x3F, 0x00, 0x07, 0xF0, 0x03, 0xF0, 0x00,
    0x3F, 0x40, 0x00, 0x05, 0x50, 0x00, 0x00, 0x02, 0xFF, 0xD0, 0x00, 0x00, 0x3F, 0xFF, 0x00, 0x00,
    0x00, 0x03, 0xF8, 0x00, 0x00, 0x00, 0x0F, 0xC0, 0x00, 0x00, 0x00, 0xBC, 0x00, 0x00, 0x00, 0x0B,
    0xD0, 0x00, 0x00, 0x00, 0x7E, 0x00, 0x00, 0x00, 0x07, 0xE0, 0x00, 0x00, 0x00, 0xFF, 0x00, 0x00,
    0x00, 0x2F, 0xF0, 0x00, 0x00, 0x03, 0xFF, 0x00, 0x00, 0x00, 0xBD, 0xF4, 0x00, 0x00, 0x1F, 0x4F,
    0x80, 0x00, 0x03, 0xF0, 0xF8, 0x00, 0x00, 0x7D, 0x0F, 0xC0, 0x00, 0x0F, 0xC0, 0xFC, 0x00, 0x01,
    0xF4, 0x0B, 0xC0, 0x00, 0x3F, 0x00, 0xBD, 0x00, 0x0B, 0xD0, 0x07, 0xE0, 0x00, 0xFC, 0x00, 0x3E,
    0x00, 0x2F, 0x40, 0x03, 0xF0, 0x07, 0xF0, 0x00, 0x3F, 0x00, 0xFC, 0x00, 0x03, 0xF4, 0x1F, 0x80,
    0x00, 0x2F, 0xE3, 0xF0, 0x00, 0x01, 0xFE, 0x00, 0x00, 0x00, 0x01, 0x00, 0x00, 0x1F, 0x80, 0x00,
    0x7D, 0x00, 0x2F, 0x40, 0x00, 0xBC, 0x00, 0x3F, 0x00, 0x00, 0xFC, 0x00, 0x3F, 0x00, 0x00, 0xFC,
    0x00, 0x3F, 0x00, 0x01, 0xF8, 0x00, 0x7E, 0x00, 0x02, 0xF4, 0x00, 0xBD, 0x00, 0x02, 0xF0, 0x00,
    0xFC, 0x00, 0x03, 0xF0, 0x00, 0xFC, 0x00, 0x03, 0xF0, 0x00, 0xF8, 0x00, 0x07, 0xE0, 0x01, 0xF4,
    0x00, 0x0F, 0xD0, 0x02, 0xF4, 0x00, 0x0F, 0xC0, 0x03, 0xF0, 0x00, 0x3F, 0xC0, 0x03, 0xF0, 0x00,
    0x7F, 0x80, 0x07, 0xF0, 0x01, 0xFF, 0x80, 0x0B, 0xF8, 0x1B, 0xDF, 0x80, 0x0B, 0xFF, 0xFF, 0x0F,
    0xF4, 0x0F, 0xDF, 0xF8, 0x0F, 0xF0, 0x0F, 0x81, 0x40, 0x01, 0x40, 0x1F, 0x80, 0x00, 0x00, 0x00,
    0x2F, 0x40, 0x00, 0x00, 0x00, 0x3F, 0x00, 0x00, 0x00, 0x00, 0x3F, 0x00, 0x00, 0x00, 0x00, 0x3E,
    0x00, 0x00, 0x00, 0x00, 0x7D, 0x00, 0x00, 0x00, 0x00, 0xBD, 0x00, 0x00, 0x00, 0x00, 0x7D, 0x00,
    0x00, 0xF9, 0xF8, 0x00, 0x07, 0xE3, 0xE0, 0x00, 0x1F, 0x8F, 0x80, 0x00, 0xBD, 0x3F, 0x00, 0x03,
    0xF0, 0xFC, 0x00, 0x0F, 0xC3, 0xF0, 0x00, 0x7D, 0x0B, 0xC0, 0x02, 0xF0, 0x2F, 0x00, 0x0F, 0x80,
    0xBC, 0x00, 0xBC, 0x01, 0xF0, 0x03, 0xE0, 0x07, 0xD0, 0x3F, 0x00, 0x0F, 0x41, 0xF4, 0x00, 0x3D,
    0x1F, 0x80, 0x00, 0xF4, 0xFC, 0x00, 0x03, 0xEF, 0xC0, 0x00, 0x0F, 0xFC, 0x00, 0x00, 0x3F, 0xC0,
    0x00, 0x00, 0x00, 0x15, 0x55, 0x55, 0x00, 0x2F, 0xFF, 0xFF, 0xE0, 0x0F, 0xFF, 0xFF, 0xE4, 0x00,
    0x1F, 0x90, 0x00, 0x00, 0x1F, 0x40, 0x00, 0x00, 0x1F, 0x40, 0x00, 0x00, 0x0F, 0xC0, 0x00, 0x00,
    0x03, 0xF0, 0x00, 0x00, 0x00, 0xFC, 0x00, 0x00, 0x00, 0x3F, 0x00, 0x00, 0x00, 0x0B, 0xF0, 0x00,
    0x00, 0x00, 0xFF, 0xA5, 0x40, 0x00, 0x0B, 0xFF, 0xF0, 0x00, 0x1F, 0xFF, 0xF4, 0x00, 0x3F, 0x80,
    0x00, 0x00, 0x3F, 0x00, 0x00, 0x00, 0x3F, 0x00, 0x00, 0x00, 0x0F, 0x80, 0x00, 0x00, 0x0B, 0xD0,
    0x00, 0x00, 0x02, 0xF4, 0x00, 0x00, 0x00, 0xBE, 0x00, 0x00, 0x00, 0x2F, 0xC0, 0x00, 0x00, 0x03,
    0xFC, 0x00, 0x00, 0x00, 0xBF, 0xE0, 0x00, 0x00, 0x0B, 0xFF, 0x90, 0x00, 0x00, 0x7F, 0xFE, 0x00,
    0x00, 0x00, 0x7F, 0xD0, 0x00, 0x00, 0x02, 0xF8, 0x00, 0x00, 0x00, 0xBD, 0x00, 0x00, 0x00, 0x2F,
    0x00, 0x00, 0x00, 0x0F, 0xC0, 0x00, 0x00, 0x0B, 0xC0, 0x00, 0x00, 0x02, 0x90, 0x00, 0x00, 0x00,
    0x00, 0x00, 0x00, 0x00, 0x01, 0xFF, 0xE0, 0x00, 0x07, 0xFF, 0xFF, 0x00, 0x07, 0xFD, 0x5F, 0xF0,
    0x03, 0xF8, 0x00, 0xBE, 0x02, 0xF8, 0x00, 0x0F, 0xC0, 0xFC, 0x00, 0x03, 0xF0, 0xBD, 0x00, 0x00,
    0xFC, 0x3F, 0x00, 0x00, 0x3F, 0x0F, 0xC0, 0x00, 0x0F, 0xC7, 0xE0, 0x00, 0x03, 0xF1, 0xF8, 0x00,
    0x01, 0xF8, 0x7E, 0x00, 0x00, 0xBD, 0x1F, 0x80, 0x00, 0x3F, 0x03, 0xF0, 0x00, 0x2F, 0x80, 0xFD,
    0x00, 0x1F, 0xC0, 0x1F, 0xE4, 0x6F, 0xD0, 0x02, 0xFF, 0xFF, 0xD0, 0x00, 0x1F, 0xFF, 0x80, 0x00,
    0x00, 0x04, 0x00, 0x00, 0x3F, 0xFF, 0xFF, 0xFF, 0xFF, 0x1F, 0xFF, 0xFF, 0xFF, 0xFF, 0xC6, 0xAF,
    0xEA, 0xAB, 0xFA, 0x90, 0x03, 0xF0, 0x00, 0xFC, 0x00, 0x01, 0xF8, 0x00, 0x3F, 0x00, 0x00, 0xBD,
    0x00, 0x1F, 0x80, 0x00, 0x3F, 0x00, 0x0B, 0xD0, 0x00, 0x0F, 0xC0, 0x03, 0xF0, 0x00, 0x03, 0xE0,
    0x00, 0xFC, 0x00, 0x01, 0xF8, 0x00, 0x3F, 0x00, 0x00, 0xBD, 0x00, 0x1F, 0x80, 0x00, 0x3F, 0x00,
    0x0B, 0xD0, 0x00, 0x0F, 0xC0, 0x03, 0xF0, 0x00, 0x07, 0xE0, 0x00, 0xFC, 0x00, 0x02, 0xF4, 0x00,
    0x3F, 0x00, 0x00, 0xFC, 0x00, 0x0F, 0xC0, 0x00, 0x3F, 0x00, 0x03, 0xFF, 0x40, 0x0F, 0xC0, 0x00,
    0x7F, 0xD0, 0x00, 0x00, 0x00, 0x01, 0x40, 0x00, 0x00, 0x00, 0x00, 0x00, 0x00, 0x00, 0x07, 0xFF,
    0x80, 0x00, 0x03, 0xFF, 0xFF, 0x00, 0x00, 0xFF, 0x57, 0xFC, 0x00, 0x1F, 0xC0, 0x0F, 0xD0, 0x03,
    0xF0, 0x00, 0x7E, 0x00, 0x7E, 0x00, 0x03, 0xF0, 0x0B, 0xD0, 0x00, 0x3F, 0x00, 0xFC, 0x00, 0x03,
    0xF0, 0x0F, 0xC0, 0x00, 0x7E, 0x01, 0xF8, 0x00, 0x07, 0xE0, 0x1F, 0x40, 0x00, 0xBD, 0x02, 0xF0,
    0x00, 0x0F, 0xC0, 0x3F, 0x00, 0x01, 0xFC, 0x03, 0xF0, 0x00, 0x3F, 0x40, 0x7F, 0x00, 0x0B, 0xF0,
    0x0B, 0xFE, 0x02, 0xFC, 0x00, 0xBE, 0xFF, 0xFF, 0x40, 0x0F, 0xC7, 0xFF, 0xC0, 0x00, 0xF8, 0x01,
    0x40, 0x00, 0x1F, 0x80, 0x00, 0x00, 0x02, 0xF4, 0x00, 0x00, 0x00, 0x3F, 0x00, 0x00, 0x00, 0x03,
    0xF0, 0x00, 0x00, 0x00, 0x3E, 0x00, 0x00, 0x00, 0x07, 0xD0, 0x00, 0x00, 0x00, 0xBD, 0x00, 0x00,
    0x00, 0x00, 0x00, 0x00, 0x00, 0x00, 0x00, 0x1F, 0xFF, 0x80, 0x03, 0xFF, 0xFF, 0x00, 0x3F, 0xD5,
    0x68, 0x03, 0xF8, 0x00, 0x00, 0x2F, 0x80, 0x00, 0x00, 0xFC, 0x00, 0x00, 0x0B, 0xE0, 0x00, 0x00,
    0x3F, 0x00, 0x00, 0x00, 0xFC, 0x00, 0x00, 0x03, 0xE0, 0x00, 0x00, 0x1F, 0x80, 0x00, 0x00, 0x7E,
    0x00, 0x00, 0x01, 0xFC, 0x00, 0x00, 0x03, 0xF0, 0x00, 0x00, 0x0F, 0xF0, 0x00, 0x00, 0x0F, 0xF8,
    0x00, 0x00, 0x1F, 0xFF, 0x40, 0x00, 0x0B, 0xFF, 0xC0, 0x00, 0x01, 0xFF, 0x80, 0x00, 0x00, 0xBF,
    0x00, 0x00, 0x01, 0xF8, 0x00, 0x00, 0x07, 0xD0, 0x00, 0x00, 0x3F, 0x00, 0x00, 0x02, 0xF4, 0x00,
    0x00, 0x0A, 0x80, 0x00, 0x00, 0x01, 0xBF, 0xFF, 0xF8, 0x00, 0xBF, 0xFF, 0xFF, 0xE0, 0x1F, 0xFE,
    0xAF, 0xEA, 0x00, 0xFE, 0x00, 0x2F, 0x00, 0x0F, 0xE0, 0x00, 0x7E, 0x00, 0x7F, 0x00, 0x00, 0xFC,
    0x02, 0xF4, 0x00, 0x03, 0xF0, 0x0F, 0xC0, 0x00, 0x0F, 0xC0, 0x3F, 0x00, 0x00, 0x3F, 0x01, 0xFC,
    0x00, 0x00, 0xFC, 0x07, 0xE0, 0x00, 0x03, 0xF0, 0x1F, 0x80, 0x00, 0x1F, 0x80, 0x7F, 0x00, 0x00,
    0xFC, 0x00, 0xFC, 0x00, 0x07, 0xF0, 0x03, 0xF8, 0x00, 0x3F, 0x00, 0x07, 0xF8, 0x0B, 0xF4, 0x00,
    0x0B, 0xFF, 0xFF, 0x40, 0x00, 0x07, 0xFF, 0xE0, 0x00, 0x00, 0x00, 0x50, 0x00, 0x00, 0x00, 0x3F,
    0xFF, 0xFF, 0xF1, 0xFF, 0xFF, 0xFF, 0xC6, 0xAB, 0xFE, 0xAA, 0x00, 0x0B, 0xC0, 0x00, 0x00, 0x3F,
    0x00, 0x00, 0x00, 0xFC, 0x00, 0x00, 0x07, 0xE0, 0x00, 0x00, 0x2F, 0x40, 0x00, 0x00, 0xFC, 0x00,
    0x00, 0x03, 0xF0, 0x00, 0x00, 0x0F, 0x80, 0x00, 0x00, 0x7D, 0x00, 0x00, 0x02, 0xF4, 0x00, 0x00,
    0x0F, 0xC0, 0x00, 0x00, 0x3F, 0x00, 0x00, 0x00, 0xFE, 0x04, 0x00, 0x01, 0xFF, 0xF0, 0x00, 0x02,
    0xFF, 0xC0, 0x00, 0x00, 0x50, 0x00, 0x00, 0x01, 0xF4, 0x00, 0x0F, 0x80, 0xFC, 0x00, 0x03, 0xF0,
    0x3F, 0x00, 0x00, 0xFC, 0x0F, 0xC0, 0x00, 0x3F, 0x07, 0xE0, 0x00, 0x0F, 0xC2, 0xF4, 0x00, 0x03,
    0xF0, 0xFC, 0x00, 0x00, 0xFC, 0x3F, 0x00, 0x00, 0x7E, 0x1F, 0x80, 0x00, 0x2F, 0x47, 0xE0, 0x00,
    0x0F, 0xD2, 0xF4, 0x00, 0x03, 0xF0, 0xFC, 0x00, 0x01, 0xF8, 0x3F, 0x00, 0x00, 0xFC, 0x0F, 0xC0,
    0x00, 0xBE, 0x03, 0xF0, 0x00, 0x7F, 0x00, 0xBF, 0x41, 0xFF, 0x40, 0x0F, 0xFF, 0xFF, 0x40, 0x00,
    0xFF, 0xFE, 0x00, 0x00, 0x01, 0x50, 0x00, 0x00, 0x00, 0x00, 0x00, 0x00, 0x00, 0x00, 0x0A, 0x00,
    0x1F, 0xFC, 0x00, 0x0B, 0xE0, 0x2F, 0xFF, 0xC0, 0x0B, 0xF0, 0x1F, 0xD6, 0xFC, 0x07, 0xF0, 0x0F,
    0xC0, 0x3F, 0x03, 0xF4, 0x03, 0xE0, 0x0B, 0xD1, 0xFC, 0x01, 0xF4, 0x02, 0xF4, 0xBD, 0x00, 0xBC,
    0x00, 0xBD, 0x3F, 0x00, 0x3F, 0x00, 0x2F, 0x4F, 0xC0, 0x0F, 0x80, 0x0F, 0xC3, 0xE0, 0x07, 0xE0,
    0x03, 0xF1, 0xF8, 0x02, 0xF4, 0x01, 0xF8, 0x3E, 0x00, 0xBC, 0x00, 0xFD, 0x0F, 0xC0, 0x3F, 0x00,
    0x7F, 0x03, 0xF0, 0x0F, 0x80, 0x3F, 0x40, 0xBF, 0x07, 0xD0, 0x7F, 0x80, 0x0F, 0xF6, 0xF5, 0xBF,
    0x80, 0x00, 0xFF, 0xFF, 0xFF, 0x40, 0x00, 0x0B, 0xFF, 0xFD, 0x00, 0x00, 0x00, 0x1F, 0x90, 0x00,
    0x00, 0x00, 0x07, 0xD0, 0x00, 0x00, 0x00, 0x02, 0xF0, 0x00, 0x00, 0x00, 0x00, 0xFC, 0x00, 0x00,
    0x00, 0x00, 0x3E, 0x00, 0x00, 0x00, 0x00, 0x1F, 0x40, 0x00, 0x00, 0x00, 0x0B, 0xD0, 0x00, 0x00,
    0x00, 0x02, 0xF0, 0x00, 0x00, 0x00, 0x00, 0x7F, 0x00, 0x00, 0x0F, 0xC0, 0x0B, 0xFC, 0x00, 0x03,
    0xF4, 0x00, 0x5F, 0xD0, 0x00, 0x7E, 0x00, 0x00, 0x7E, 0x00, 0x0F, 0xC0, 0x00, 0x03, 0xF0, 0x03,
    0xF0, 0x00, 0x00, 0x2F, 0x00, 0x7D, 0x00, 0x00, 0x01, 0xF4, 0x0F, 0xC0, 0x00, 0x00, 0x0F, 0x83,
    0xF0, 0x00, 0x00, 0x00, 0xFC, 0x7D, 0x00, 0x00, 0x00, 0x0B, 0xDF, 0x80, 0x00, 0x00, 0x00, 0x7F,
    0xF0, 0x00, 0x00, 0x00, 0x03, 0xFD, 0x00, 0x00, 0x00, 0x00, 0x3F, 0x80, 0x00, 0x00, 0x00, 0x03,
    0xF4, 0x00, 0x00, 0x00, 0x00, 0xBF, 0x80, 0x00, 0x00, 0x00, 0x1F, 0xFC, 0x00, 0x00, 0x00, 0x03,
    0xEF, 0xC0, 0x00, 0x00, 0x00, 0xBC, 0xBD, 0x00, 0x00, 0x00, 0x1F, 0x47, 0xE0, 0x00, 0x00, 0x03,
    0xF0, 0x3F, 0x00, 0x00, 0x00, 0xBC, 0x03, 0xF0, 0x00, 0x00, 0x1F, 0x80, 0x1F, 0x40, 0x00, 0x03,
    0xF0, 0x00, 0xFC, 0x00, 0x00, 0xFD, 0x00, 0x0F, 0xE5, 0x00, 0x1F, 0x80, 0x00, 0x7F, 0xF0, 0x03,
    0xF0, 0x00, 0x01, 0xFD, 0x00, 0x00, 0x00, 0x00, 0x14, 0x00, 0x00, 0x00, 0x00, 0x07, 0xE0, 0x00,
    0x00, 0x00, 0x00, 0xBD, 0x00, 0x00, 0x00, 0x00, 0x0B, 0xC0, 0x00, 0x00, 0x00, 0x00, 0xFC, 0x00,
    0x00, 0x00, 0x00, 0x0F, 0x80, 0x00, 0x00, 0x00, 0x01, 0xF4, 0x00, 0x00, 0x00, 0x00, 0x2F, 0x40,
    0x00, 0x01, 0xF4, 0x03, 0xF0, 0x0F, 0xC0, 0x3F, 0x00, 0x3F, 0x00, 0xFC, 0x03, 0xF0, 0x03, 0xE0,
    0x0F, 0xC0, 0x3F, 0x00, 0x7D, 0x00, 0xFC, 0x07, 0xE0, 0x0B, 0xC0, 0x0F, 0xC0, 0xBD, 0x00, 0xFC,
    0x00, 0xFC, 0x0F, 0xC0, 0x0F, 0xC0, 0x0F, 0xC0, 0xFC, 0x01, 0xF8, 0x00, 0xF8, 0x1F, 0x80, 0x2F,
    0x40, 0x1F, 0x81, 0xF4, 0x02, 0xF0, 0x02, 0xF4, 0x2F, 0x40, 0x3F, 0x00, 0x3F, 0x03, 0xF0, 0x03,
    0xE0, 0x07, 0xE0, 0x3F, 0x00, 0x7E, 0x00, 0xFC, 0x02, 0xF4, 0x0B, 0xD0, 0x2F, 0x80, 0x2F, 0xC0,
    0xFC, 0x0B, 0xF0, 0x00, 0xFF, 0x4F, 0xDB, 0xFC, 0x00, 0x07, 0xFF, 0xFF, 0xFE, 0x00, 0x00, 0x0B,
    0xFF, 0xFE, 0x00, 0x00, 0x00, 0x02, 0xF4, 0x00, 0x00, 0x00, 0x00, 0x3F, 0x00, 0x00, 0x00, 0x00,
    0x03, 0xF0, 0x00, 0x00, 0x00, 0x00, 0x3E, 0x00, 0x00, 0x00, 0x00, 0x07, 0xD0, 0x00, 0x00, 0x00,
    0x00, 0xBC, 0x00, 0x00, 0x00, 0x00, 0x0F, 0xC0, 0x00, 0x00, 0x00, 0x00, 0xF8, 0x00, 0x00, 0x00,
    0x00, 0x1F, 0x80, 0x00, 0x01, 0xF4, 0x00, 0x3F, 0x00, 0x00, 0x00, 0xFC, 0x00, 0xFC, 0x00, 0x00,
    0x00, 0xFC, 0x02, 0xF4, 0x00, 0x00, 0x00, 0xBD, 0x03, 0xF0, 0x00, 0x00, 0x00, 0x7D, 0x0B, 0xD0,
    0x00, 0x00, 0x00, 0x7E, 0x0F, 0xC0, 0x01, 0xF0, 0x00, 0x7E, 0x1F, 0x80, 0x02, 0xF0, 0x00, 0x7E,
    0x2F, 0x40, 0x03, 0xF0, 0x00, 0x7D, 0x3F, 0x00, 0x03, 0xE0, 0x00, 0xBD, 0x3F, 0x00, 0x07, 0xD0,
    0x00, 0xFC, 0x3F, 0x00, 0x0B, 0xC0, 0x00, 0xFC, 0x3F, 0x00, 0x0F, 0xC0, 0x01, 0xF8, 0x3F, 0x00,
    0x1F, 0xC0, 0x03, 0xF0, 0x2F, 0x40, 0x3F, 0xD0, 0x0B, 0xE0, 0x1F, 0xD1, 0xFA, 0xF4, 0x2F, 0xC0,
    0x0B, 0xFF, 0xF0, 0xFF, 0xFF, 0x00, 0x02, 0xFF, 0xC0, 0x7F, 0xF8, 0x00, 0x00, 0x14, 0x00, 0x01,
    0x40, 0x00, 0x01, 0x00, 0x10, 0x3E, 0x03, 0xE0, 0xFC, 0x0F, 0xC3, 0xD0, 0x3D, 0x00, 0x00, 0x00,
    0x00, 0x00, 0x00, 0x00, 0x00, 0x00, 0x7D, 0x00, 0x03, 0xF0, 0x00, 0x0F, 0xC0, 0x00, 0x3F, 0x00,
    0x01, 0xF8, 0x00, 0x0B, 0xD0, 0x00, 0x3F, 0x00, 0x00, 0xFC, 0x00, 0x03, 0xE0, 0x00, 0x1F, 0x40,
    0x00, 0xBD, 0x00, 0x03, 0xF0, 0x00, 0x0F, 0xC0, 0x00, 0x7E, 0x00, 0x01, 0xF8, 0x00, 0x07, 0xF4,
    0x10, 0x0F, 0xFF, 0x80, 0x1F, 0xFD, 0x00, 0x01, 0x40, 0x00, 0x00, 0x00, 0x00, 0x00, 0x00, 0x01,
    0xF0, 0x1F, 0x00, 0x00, 0xFC, 0x0F, 0xC0, 0x00, 0x1E, 0x01, 0xE0, 0x00, 0x00, 0x00, 0x00, 0x00,
    0x00, 0x00, 0x00, 0x00, 0x00, 0x00, 0x00, 0x00, 0x07, 0xD0, 0x00, 0x3E, 0x03, 0xF0, 0x00, 0x0F,
    0xC0, 0xFC, 0x00, 0x03, 0xF0, 0x3F, 0x00, 0x00, 0xFC, 0x1F, 0x80, 0x00, 0x3F, 0x0B, 0xD0, 0x00,
    0x0F, 0xC3, 0xF0, 0x00, 0x03, 0xF0, 0xFC, 0x00, 0x01, 0xF8, 0x7E, 0x00, 0x00, 0xBD, 0x1F, 0x80,
    0x00, 0x3F, 0x4B, 0xD0, 0x00, 0x0F, 0xC3, 0xF0, 0x00, 0x07, 0xE0, 0xFC, 0x00, 0x03, 0xF0, 0x3F,
    0x00, 0x02, 0xF8, 0x0F, 0xC0, 0x01, 0xFC, 0x02, 0xFD, 0x07, 0xFD, 0x00, 0x3F, 0xFF, 0xFD, 0x00,
    0x03, 0xFF, 0xF8, 0x00, 0x00, 0x05, 0x40, 0x00, 0x00, 0x00, 0x00, 0x00, 0xFE, 0x00, 0x00, 0x00,
    0x7F, 0x00, 0x00, 0x00, 0x3F, 0x00, 0x00, 0x00, 0x1F, 0x40, 0x00, 0x00, 0x0F, 0x80, 0x00, 0x00,
    0x07, 0x80, 0x00, 0x00, 0x00, 0x00, 0x00, 0x00, 0x00, 0x00, 0x00, 0x00, 0x07, 0xFF, 0x80, 0x00,
    0x1F, 0xFF, 0xFC, 0x00, 0x1F, 0xF5, 0x7F, 0xC0, 0x0F, 0xE0, 0x02, 0xF8, 0x0B, 0xE0, 0x00, 0x3F,
    0x03, 0xF0, 0x00, 0x0F, 0xC2, 0xF4, 0x00, 0x03, 0xF0, 0xFC, 0x00, 0x00, 0xFC, 0x3F, 0x00, 0x00,
    0x3F, 0x1F, 0x80, 0x00, 0x0F, 0xC7, 0xE0, 0x00, 0x07, 0xE1, 0xF8, 0x00, 0x02, 0xF4, 0x7E, 0x00,
    0x00, 0xFC, 0x0F, 0xC0, 0x00, 0xBE, 0x03, 0xF4, 0x00, 0x7F, 0x00, 0x7F, 0x91, 0xBF, 0x40, 0x0B,
    0xFF, 0xFF, 0x40, 0x00, 0x7F, 0xFE, 0x00, 0x00, 0x00, 0x10, 0x00, 0x00, 0x00, 0x00, 0x00, 0xFE,
    0x00, 0x00, 0x00, 0x7F, 0x00, 0x00, 0x00, 0x3F, 0x00, 0x00, 0x00, 0x1F, 0x40, 0x00, 0x00, 0x0F,
    0x80, 0x00, 0x00, 0x07, 0x80, 0x00, 0x00, 0x00, 0x00, 0x00, 0x00, 0x00, 0x00, 0x00, 0x01, 0xF4,
    0x00, 0x0F, 0x80, 0xFC, 0x00, 0x03, 0xF0, 0x3F, 0x00, 0x00, 0xFC, 0x0F, 0xC0, 0x00, 0x3F, 0x07,
    0xE0, 0x00, 0x0F, 0xC2, 0xF4, 0x00, 0x03, 0xF0, 0xFC, 0x00, 0x00, 0xFC, 0x3F, 0x00, 0x00, 0x7E,
    0x1F, 0x80, 0x00, 0x2F, 0x47, 0xE0, 0x00, 0x0F, 0xD2, 0xF4, 0x00, 0x03, 0xF0, 0xFC, 0x00, 0x01,
    0xF8, 0x3F, 0x00, 0x00, 0xFC, 0x0F, 0xC0, 0x00, 0xBE, 0x03, 0xF0, 0x00, 0x7F, 0x00, 0xBF, 0x41,
    0xFF, 0x40, 0x0F, 0xFF, 0xFF, 0x40, 0x00, 0xFF, 0xFE, 0x00, 0x00, 0x01, 0x50, 0x00, 0x00, 0x00,
    0x00, 0x00, 0x00, 0x7F, 0x00, 0x00, 0x00, 0x00, 0x00, 0xFD, 0x00, 0x00, 0x00, 0x00, 0x01, 0xF8,
    0x00, 0x00, 0x00, 0x00, 0x03, 0xF0, 0x00, 0x00, 0x00, 0x00, 0x07, 0xC0, 0x00, 0x00, 0x00, 0x00,
    0x0B, 0x40, 0x00, 0x00, 0x00, 0x00, 0x00, 0x00, 0x00, 0x00, 0x00, 0x00, 0x00, 0x00, 0x00, 0x00,
    0x1F, 0x80, 0x00, 0x01, 0xF4, 0x00, 0x3F, 0x00, 0x00, 0x00, 0xFC, 0x00, 0xFC, 0x00, 0x00, 0x00,
    0xFC, 0x02, 0xF4, 0x00, 0x00, 0x00, 0xBD, 0x03, 0xF0, 0x00, 0x00, 0x00, 0x7D, 0x0B, 0xD0, 0x00,
    0x00, 0x00, 0x7E, 0x0F, 0xC0, 0x01, 0xF0, 0x00, 0x7E, 0x1F, 0x80, 0x02, 0xF0, 0x00, 0x7E, 0x2F,
    0x40, 0x03, 0xF0, 0x00, 0x7D, 0x3F, 0x00, 0x03, 0xE0, 0x00, 0xBD, 0x3F, 0x00, 0x07, 0xD0, 0x00,
    0xFC, 0x3F, 0x00, 0x0B, 0xC0, 0x00, 0xFC, 0x3F, 0x00, 0x0F, 0xC0, 0x01, 0xF8, 0x3F, 0x00, 0x1F,
    0xC0, 0x03, 0xF0, 0x2F, 0x40, 0x3F, 0xD0, 0x0B, 0xE0, 0x1F, 0xD1, 0xFA, 0xF4, 0x2F, 0xC0, 0x0B,
    0xFF, 0xF0, 0xFF, 0xFF, 0x00, 0x02, 0xFF, 0xC0, 0x7F, 0xF8, 0x00, 0x00, 0x14, 0x00, 0x01, 0x40,
    0x00, 0x00, 0x0B, 0xC0, 0x00, 0x0F, 0xC0, 0x00, 0xFC, 0x00, 0x03, 0xF4, 0x00, 0x0F, 0xC0, 0x00,
    0xFD, 0x00, 0x01, 0xF8, 0x00, 0x3F, 0x40, 0x00, 0x2F, 0x40, 0x0F, 0xD0, 0x00, 0x02, 0xF0, 0x03,
    0xF4, 0x00, 0x00, 0x3F, 0x00, 0xFD, 0x00, 0x00, 0x03, 0xF0, 0x3F, 0x40, 0x00, 0x00, 0x7E, 0x0F,
    0xE0, 0x00, 0x00, 0x0B, 0xD3, 0xF8, 0x00, 0x00, 0x00, 0xFD, 0xFE, 0x00, 0x00, 0x00, 0x0F, 0xFF,
    0xE0, 0x00, 0x00, 0x00, 0xFF, 0xFF, 0x00, 0x00, 0x00, 0x1F, 0xE1, 0xF8, 0x00, 0x00, 0x02, 0xF4,
    0x0F, 0xC0, 0x00, 0x00, 0x3F, 0x00, 0xBD, 0x00, 0x00, 0x03, 0xF0, 0x07, 0xF0, 0x00, 0x00, 0x7E,
    0x00, 0x3F, 0x40, 0x00, 0x07, 0xD0, 0x01, 0xF8, 0x00, 0x00, 0xBD, 0x00, 0x0F, 0xC0, 0x00, 0x0F,
    0xC0, 0x00, 0xBE, 0x00, 0x00, 0xFC, 0x00, 0x07, 0xF0, 0x00, 0x1F, 0x80, 0x00, 0x3F, 0x40, 0x02,
    0xF4, 0x00, 0x01, 0xFC, 0x00, 0x00, 0x00, 0x00, 0x1F, 0xC0, 0x00, 0x00, 0x00, 0x03, 0xF4, 0x00,
    0x00, 0x00, 0x00, 0xBF, 0x00, 0x00, 0x00, 0x00, 0x1F, 0xC0, 0x00, 0x34, 0x00, 0x0B, 0xF4, 0x00,
    0x07, 0xFE, 0xAF, 0xFE, 0x00, 0x00, 0x7F, 0xFF, 0xFF, 0x40, 0x00, 0x00, 0x6F, 0xFE, 0x40, 0x00,
    0x00, 0x00, 0x00, 0x01, 0x50, 0x00, 0x00, 0x07, 0xFF, 0xF0, 0x00, 0x02, 0xFF, 0xFF, 0xC0, 0x00,
    0xBF, 0x40, 0xBD, 0x00, 0x2F, 0xC0, 0x03, 0xE0, 0x07, 0xF0, 0x00, 0x7D, 0x00, 0xFF, 0xE4, 0x6F,
    0xC0, 0x1F, 0xFF, 0xFF, 0xF4, 0x03, 0xF4, 0xBF, 0xFD, 0x00, 0x3F, 0x00, 0x00, 0x00, 0x0B, 0xD0,
    0x00, 0x00, 0x00, 0xFC, 0x1B, 0xFD, 0x00, 0x0F, 0xCF, 0xFF, 0xF4, 0x01, 0xFF, 0xF9, 0x7F, 0xC0,
    0x2F, 0xF4, 0x00, 0xFD, 0x03, 0xFC, 0x00, 0x0B, 0xE0, 0x3F, 0x00, 0x00, 0x7E, 0x03, 0xF0, 0x00,
    0x07, 0xE0, 0x3F, 0x00, 0x00, 0xBD, 0x03, 0xF0, 0x00, 0x0F, 0xD0, 0x3F, 0x00, 0x00, 0xFC, 0x03,
    0xF4, 0x00, 0x2F, 0x80, 0x1F, 0xC0, 0x07, 0xF0, 0x00, 0xFE, 0x02, 0xFD, 0x00, 0x07, 0xFF, 0xFF,
    0x40, 0x00, 0x1F, 0xFF, 0x80, 0x00, 0x00, 0x05, 0x00, 0x00, 0x00, 0x00, 0x00, 0x05, 0x50, 0x00,
    0x00, 0x00, 0x2F, 0xFF, 0x40, 0x00, 0x00, 0x2F, 0xFF, 0xF4, 0x00, 0x00, 0x1F, 0xC0, 0xBF, 0x00,
    0x00, 0x0B, 0xD0, 0x0F, 0xD0, 0x00, 0x03, 0xF0, 0x01, 0xF8, 0x00, 0x00, 0xFC, 0x00, 0x3E, 0x00,
    0x00, 0x3F, 0x00, 0x0F, 0xC0, 0x00, 0x0B, 0xE0, 0x03, 0xF0, 0x00, 0x00, 0xFE, 0x40, 0xFC, 0x00,
    0x00, 0x0F, 0xFF, 0xFF, 0xF0, 0x00, 0x00, 0x6F, 0xFF, 0xFC, 0x3F, 0xD0, 0x00, 0x0B, 0xE4, 0x0F,
    0xFC, 0x00, 0x02, 0xF4, 0x01, 0x3F, 0x00, 0x00, 0xFC, 0x00, 0x0B, 0xC0, 0x00, 0x3F, 0x00, 0x03,
    0xF0, 0x00, 0x1F, 0x80, 0x01, 0xF8, 0x00, 0x0B, 0xD0, 0x00, 0xBC, 0x00, 0x03, 0xF0, 0x00, 0x3F,
    0x00, 0x02, 0xF8, 0x00, 0x1F, 0x80, 0x00, 0xFC, 0x00, 0x07, 0xE0, 0x00, 0xBD, 0x00, 0x01, 0xF8,
    0x00, 0xBF, 0x00, 0x00, 0x3F, 0x41, 0xBF, 0x00, 0x00, 0x0B, 0xFF, 0xFF, 0x00, 0x00, 0x00, 0x7F,
    0xFD, 0x00, 0x00, 0x00, 0x00, 0x50, 0x00, 0x00, 0x00, 0xBC, 0x00, 0x00, 0x0B, 0xDB, 0xD0, 0x00,
    0x03, 0xFD, 0x7E, 0x00, 0x00, 0xFF, 0x83, 0xF0, 0x00, 0x1F, 0xC0, 0x3F, 0x00, 0x03, 0xF0, 0x02,
    0xF4, 0x00, 0xFD, 0x00, 0x1F, 0x80, 0x1F, 0x80, 0x00, 0xFC, 0x03, 0xF0, 0x00, 0x0F, 0xC0, 0xFD,
    0x00, 0x00, 0xBC, 0x1F, 0x80, 0x00, 0x03, 0xD3, 0xF0, 0x00, 0x00, 0x3E, 0xBD, 0x00, 0x00, 0x02,
    0xFF, 0x80, 0x00, 0x00, 0x1F, 0xF0, 0x00, 0x00, 0x00, 0xFD, 0x00, 0x00, 0x00, 0x0F, 0xC0, 0x00,
    0x00, 0x01, 0xF8, 0x00, 0x00, 0x00, 0x2F, 0x40, 0x00, 0x00, 0x03, 0xF0, 0x00, 0x00, 0x00, 0x3F,
    0x00, 0x00, 0x00, 0x07, 0xE0, 0x00, 0x00, 0x00, 0x7E, 0x00, 0x00, 0x00, 0x0B, 0xD0, 0x00, 0x00,
    0x00, 0xFC, 0x00, 0x00, 0x00, 0x02, 0xFC, 0x2F, 0x00, 0x00, 0x02, 0xF4, 0x0F, 0xC0, 0xBD, 0x00,
    0x00, 0x3F, 0xD0, 0xBD, 0x01, 0xF8, 0x00, 0x03, 0xFE, 0x03, 0xE0, 0x03, 0xF0, 0x00, 0x1F, 0xC0,
    0x2F, 0x00, 0x0F, 0xC0, 0x00, 0xFC, 0x00, 0xF0, 0x00, 0x2F, 0x40, 0x0F, 0xD0, 0x00, 0x00, 0x00,
    0x7E, 0x00, 0x7E, 0x00, 0x00, 0x00, 0x00, 0xFC, 0x03, 0xF0, 0x00, 0x00, 0x00, 0x03, 0xF0, 0x3F,
    0x40, 0x00, 0x00, 0x00, 0x0B, 0xC1, 0xF8, 0x00, 0x00, 0x00, 0x00, 0x0F, 0x4F, 0xC0, 0x00, 0x00,
    0x00, 0x00, 0x3E, 0xBD, 0x00, 0x00, 0x00, 0x00, 0x00, 0xBF, 0xE0, 0x00, 0x00, 0x00, 0x00, 0x01,
    0xFF, 0x00, 0x00, 0x00, 0x00, 0x00, 0x03, 0xF4, 0x00, 0x00, 0x00, 0x00, 0x00, 0x0F, 0xC0, 0x00,
    0x00, 0x00, 0x00, 0x00, 0x7E, 0x00, 0x00, 0x00, 0x00, 0x00, 0x02, 0xF4, 0x00, 0x00, 0x00, 0x00,
    0x00, 0x0F, 0xC0, 0x00, 0x00, 0x00, 0x00, 0x00, 0x3F, 0x00, 0x00, 0x00, 0x00, 0x00, 0x01, 0xF8,
    0x00, 0x00, 0x00, 0x00, 0x00, 0x07, 0xE0, 0x00, 0x00, 0x00, 0x00, 0x00, 0x2F, 0x40, 0x00, 0x00,
    0x00, 0x00, 0x00, 0xFC, 0x00, 0x00, 0x00, 0x00, 0x04, 0x00, 0x40, 0x00, 0x07, 0xD0, 0x7D, 0x00,
    0x00, 0xBD, 0x0B, 0xD0, 0x00, 0x07, 0x80, 0x78, 0x00, 0x00, 0x00, 0x00, 0x00, 0x00, 0x00, 0x00,
    0x00, 0x00, 0x00, 0x00, 0x00, 0x00, 0x0B, 0xC0, 0x00, 0x00, 0xBD, 0xBD, 0x00, 0x00, 0x3F, 0xD7,
    0xE0, 0x00, 0x0F, 0xF8, 0x3F, 0x00, 0x01, 0xFC, 0x03, 0xF0, 0x00, 0x3F, 0x00, 0x2F, 0x40, 0x0F,
    0xD0, 0x01, 0xF8, 0x01, 0xF8, 0x00, 0x0F, 0xC0, 0x3F, 0x00, 0x00, 0xFC, 0x0F, 0xD0, 0x00, 0x0B,
    0xC1, 0xF8, 0x00, 0x00, 0x3D, 0x3F, 0x00, 0x00, 0x03, 0xEB, 0xD0, 0x00, 0x00, 0x2F, 0xF8, 0x00,
    0x00, 0x01, 0xFF, 0x00, 0x00, 0x00, 0x0F, 0xD0, 0x00, 0x00, 0x00, 0xFC, 0x00, 0x00, 0x00, 0x1F,
    0x80, 0x00, 0x00, 0x02, 0xF4, 0x00, 0x00, 0x00, 0x3F, 0x00, 0x00, 0x00, 0x03, 0xF0, 0x00, 0x00,
    0x00, 0x7E, 0x00, 0x00, 0x00, 0x07, 0xE0, 0x00, 0x00, 0x00, 0xBD, 0x00, 0x00, 0x00, 0x0F, 0xC0,
    0x00, 0x00, 0x00, 0x00, 0x00, 0x00, 0x14, 0x00, 0x00, 0x00, 0x00, 0xBC, 0x00, 0x00, 0x00, 0x00,
    0xF8, 0x00, 0x00, 0x00, 0x00, 0xF8, 0x00, 0x00, 0x00, 0x01, 0xF4, 0x00, 0x00, 0x00, 0x02, 0xF0,
    0x00, 0x00, 0x00, 0x03, 0xF0, 0x00, 0x00, 0x00, 0x03, 0xE0, 0x00, 0x00, 0x02, 0xFF, 0xFE, 0x00,
    0x00, 0x2F, 0xFF, 0xFF, 0xE0, 0x00, 0xFF, 0x9F, 0xDB, 0xF8, 0x03, 0xF8, 0x0F, 0xC1, 0xFC, 0x0B,
    0xE0, 0x0F, 0x80, 0xBE, 0x0F, 0xC0, 0x1F, 0x40, 0x7F, 0x2F, 0x80, 0x2F, 0x00, 0x3F, 0x3F, 0x00,
    0x2F, 0x00, 0x3F, 0x3F, 0x00, 0x3F, 0x00, 0x3F, 0x3F, 0x00, 0x3E, 0x00, 0x3F, 0x7E, 0x00, 0x7D,
    0x00, 0x7E, 0x7F, 0x00, 0xBC, 0x00, 0xFD, 0x3F, 0x00, 0xFC, 0x01, 0xFC, 0x3F, 0x40, 0xF8, 0x03,
    0xF4, 0x2F, 0xC0, 0xF8, 0x0F, 0xE0, 0x0F, 0xF6, 0xF5, 0xBF, 0x80, 0x03, 0xFF, 0xFF, 0xFE, 0x00,
    0x00, 0xBF, 0xFF, 0xE0, 0x00, 0x00, 0x07, 0xE0, 0x00, 0x00, 0x00, 0x07, 0xD0, 0x00, 0x00, 0x00,
    0x07, 0xC0, 0x00, 0x00, 0x00, 0x0B, 0xC0, 0x00, 0x00, 0x00, 0x0F, 0xC0, 0x00, 0x00, 0x00, 0x0F,
    0x80, 0x00, 0x00, 0x00, 0x1F, 0x40, 0x00, 0x00, 0x00, 0x2F, 0x00, 0x00, 0x00, 0x3F, 0xFF, 0xFF,
    0xFF, 0xFF, 0xFF, 0xFF, 0x0F, 0xFF, 0xFF, 0xFF, 0xFF, 0xFF, 0xFF, 0xC2, 0xAF, 0xEA, 0xAA, 0xAA,
    0xAB, 0xFA, 0x90, 0x03, 0xF0, 0x00, 0x00, 0x00, 0xBC, 0x00, 0x02, 0xF4, 0x00, 0x00, 0x00, 0x2F,
    0x40, 0x00, 0xFC, 0x00, 0x00, 0x00, 0x07, 0xD0, 0x00, 0x7D, 0x00, 0x05, 0x40, 0x01, 0xF4, 0x00,
    0x3F, 0x00, 0x03, 0xF0, 0x00, 0x7D, 0x00, 0x0F, 0xC0, 0x00, 0xF8, 0x00, 0x2F, 0x40, 0x03, 0xE0,
    0x00, 0x7D, 0x00, 0x0B, 0xC0, 0x01, 0xF8, 0x00, 0x2F, 0x00, 0x03, 0xF0, 0x00, 0x7E, 0x00, 0x0F,
    0xC0, 0x00, 0xFC, 0x00, 0x1F, 0x80, 0x03, 0xF0, 0x00, 0xBD, 0x00, 0x07, 0xE0, 0x01, 0xFC, 0x00,
    0x3F, 0x00, 0x00, 0xFC, 0x00, 0xFF, 0x00, 0x2F, 0x80, 0x00, 0x2F, 0xC1, 0xF7, 0xF0, 0x7F, 0xC0,
    0x00, 0x03, 0xFF, 0xF8, 0xBF, 0xFF, 0xC0, 0x00, 0x00, 0x7F, 0xF8, 0x0B, 0xFF, 0x80, 0x00, 0x00,
    0x00, 0x50, 0x00, 0x14, 0x00, 0x00, 0x00, 0x00, 0x07, 0xD0, 0x01, 0xF8, 0x00, 0x0F, 0xC0, 0x07,
    0xF0, 0x00, 0x0F, 0xC0, 0x1F, 0xC0, 0x00, 0x0F, 0xC0, 0x7F, 0x00, 0x00, 0x1F, 0x81, 0xFC, 0x00,
    0x00, 0x2F, 0x47, 0xF0, 0x00, 0x00, 0x3F, 0x1F, 0xC0, 0x00, 0x00, 0x3F, 0x7F, 0x00, 0x00, 0x00,
    0x3E, 0xFF, 0x00, 0x00, 0x00, 0x7F, 0xFF, 0x80, 0x00, 0x00, 0xBF, 0x4F, 0xC0, 0x00, 0x00, 0xFC,
    0x0B, 0xD0, 0x00, 0x00, 0xFC, 0x03, 0xF0, 0x00, 0x01, 0xF8, 0x03, 0xF4, 0x00, 0x01, 0xF4, 0x01,
    0xFC, 0x00, 0x02, 0xF0, 0x00, 0xFD, 0x00, 0x03, 0xF0, 0x00, 0x7F, 0x00, 0x03, 0xF0, 0x00, 0x3F,
    0x00, 0x00, 0x00, 0x00, 0x3F, 0x00, 0x00, 0x00, 0x00, 0xBE, 0x00, 0x00, 0x00, 0x01, 0xFC, 0x00,
    0x24, 0x00, 0x0B, 0xF0, 0x00, 0x3F, 0xEA, 0xFF, 0xC0, 0x00, 0x1F, 0xFF, 0xFD, 0x00, 0x00, 0x00,
    0x55, 0x40, 0x00, 0x00, 0x00, 0x00, 0x00, 0x00, 0x00, 0x00, 0x00, 0xBF, 0xFF, 0x40, 0x00, 0x03,
    0xFF, 0xFF, 0xFC, 0x00, 0x07, 0xFF, 0x96, 0xFF, 0xC0, 0x07, 0xFC, 0x00, 0x07, 0xFC, 0x03, 0xF8,
    0x00, 0x00, 0x3F, 0x42, 0xFC, 0x00, 0x00, 0x0B, 0xE0, 0xFC, 0x00, 0x00, 0x01, 0xFC, 0x7F, 0x00,
    0x00, 0x00, 0x3F, 0x2F, 0x40, 0x00, 0x00, 0x0F, 0xCF, 0xD0, 0x00, 0x00, 0x03, 0xF3, 0xF0, 0x00,
    0x00, 0x00, 0xFC, 0xFD, 0x00, 0x00, 0x00, 0x7F, 0x3F, 0x40, 0x00, 0x00, 0x2F, 0x8B, 0xE0, 0x00,
    0x00, 0x0F, 0xC1, 0xFC, 0x00, 0x00, 0x0B, 0xE0, 0x3F, 0x80, 0x00, 0x0B, 0xF0, 0x07, 0xFD, 0x00,
    0x1F, 0xF4, 0x00, 0x7F, 0xFF, 0xFF, 0xF0, 0x00, 0x03, 0xFF, 0xFF, 0xE0, 0x00, 0x00, 0x0B, 0xFA,
    0x40, 0x00, 0x00, 0x02, 0xF4, 0x00, 0x00, 0x00, 0x00, 0xBC, 0x00, 0x00, 0x00, 0x00, 0x3F, 0x00,
    0x00, 0x00, 0x00, 0x0F, 0xC0, 0x00, 0x00, 0x00, 0x00, 0x00, 0x00, 0x00, 0x00, 0x01, 0xFF, 0xE0,
    0x00, 0x07, 0xFF, 0xFF, 0x00, 0x07, 0xFD, 0x5F, 0xF0, 0x03, 0xF8, 0x00, 0xBE, 0x02, 0xF8, 0x00,
    0x0F, 0xC0, 0xFC, 0x00, 0x03, 0xF0, 0xBD, 0x00, 0x00, 0xFC, 0x3F, 0x00, 0x00, 0x3F, 0x0F, 0xC0,
    0x00, 0x0F, 0xC7, 0xE0, 0x00, 0x03, 0xF1, 0xF8, 0x00, 0x01, 0xF8, 0x7E, 0x00, 0x00, 0xBD, 0x1F,
    0x80, 0x00, 0x3F, 0x03, 0xF0, 0x00, 0x2F, 0x80, 0xFD, 0x00, 0x1F, 0xC0, 0x1F, 0xE4, 0x6F, 0xD0,
    0x02, 0xFF, 0xFF, 0xD0, 0x00, 0x1F, 0xFF, 0x80, 0x00, 0x00, 0xFC, 0x00, 0x00, 0x00, 0x3E, 0x00,
    0x00, 0x00, 0x1F, 0x80, 0x00, 0x00, 0x0B, 0xD0, 0x00, 0x00, 0x03, 0xF0, 0x00, 0x00, 0x00, 0xFC,
    0x00, 0x00, 0x00, 0x7E, 0x00, 0x00, 0x00, 0x1F, 0x40, 0x00, 0x00, 0x00, 0x00, 0x00, 0x00, 0x00,
    0x00, 0x1B, 0xFF, 0xE4, 0x00, 0x1F, 0xFF, 0xFF, 0xE0, 0x0F, 0xFF, 0xAA, 0xFC, 0x03, 0xFE, 0x00,
    0x00, 0x40, 0xFF, 0x40, 0x00, 0x00, 0x1F, 0xC0, 0x00, 0x00, 0x03, 0xF4, 0x00, 0x00, 0x00, 0x7F,
    0x00, 0x00, 0x00, 0x0B, 0xE0, 0x00, 0x00, 0x00, 0xFD, 0x00, 0x00, 0x00, 0x0F, 0xD0, 0x00, 0x00,
    0x00, 0xFD, 0x00, 0x00, 0x00, 0x0F, 0xD0, 0x00, 0x00, 0x00, 0xBE, 0x00, 0x00, 0x00, 0x07, 0xF0,
    0x00, 0x00, 0x00, 0x3F, 0xD0, 0x00, 0x00, 0x00, 0xFF, 0xE9, 0x40, 0x00, 0x03, 0xFF, 0xFC, 0x00,
    0x00, 0x06, 0xFF, 0xC0, 0x00, 0x00, 0x01, 0xF8, 0x00, 0x00, 0x00, 0x2F, 0x40, 0x00, 0x00, 0x03,
    0xF0, 0x00, 0x00, 0x00, 0x3F, 0x00, 0x00, 0x00, 0x03, 0xF0, 0x00, 0x00, 0x00, 0x00, 0x00, 0x00,
    0x00, 0x1F, 0xFF, 0x80, 0x03, 0xFF, 0xFF, 0x00, 0x3F, 0xD5, 0x6C, 0x03, 0xF8, 0x00, 0x00, 0x2F,
    0x80, 0x00, 0x00, 0xFC, 0x00, 0x00, 0x0B, 0xE0, 0x00, 0x00, 0x3F, 0x00, 0x00, 0x00, 0xFC, 0x00,
    0x00, 0x03, 0xF0, 0x00, 0x00, 0x1F, 0xC0, 0x00, 0x00, 0x3F, 0x00, 0x00, 0x00, 0xFC, 0x00, 0x00,
    0x02, 0xFC, 0x00, 0x00, 0x03, 0xFE, 0x00, 0x00, 0x03, 0xFF, 0xC0, 0x00, 0x01, 0xFF, 0xD0, 0x00,
    0x00, 0x7F, 0xC0, 0x00, 0x00, 0x3F, 0x40, 0x00, 0x00, 0x7D, 0x00, 0x00, 0x02, 0xF4, 0x00, 0x00,
    0x1F, 0xC0, 0x0B, 0xFF, 0xFD, 0x00, 0x2F, 0xFF, 0xD0, 0x00, 0x16, 0x94, 0x00, 0x00, 0x00, 0x2F,
    0xFF, 0xFF, 0xD0, 0x03, 0xFF, 0xFF, 0xFC, 0x00, 0x3F, 0xFF, 0xFF, 0xC0, 0x07, 0xE0, 0x00, 0x00,
    0x00, 0xBD, 0x00, 0x00, 0x00, 0x0B, 0xC0, 0x00, 0x00, 0x00, 0xFC, 0x00, 0x00, 0x00, 0x0F, 0xC0,
    0x00, 0x00, 0x01, 0xF8, 0x00, 0x00, 0x00, 0x2F, 0x40, 0x00, 0x00, 0x03, 0xF0, 0x00, 0x00, 0x00,
    0x3F, 0xAA, 0xAA, 0x40, 0x03, 0xFF, 0xFF, 0xF4, 0x00, 0x7F, 0xFF, 0xFF, 0x00, 0x0B, 0xD0, 0x03,
    0xF0, 0x00, 0xFC, 0x00, 0x3E, 0x00, 0x0F, 0xC0, 0x07, 0xD0, 0x01, 0xF8, 0x00, 0xBD, 0x00, 0x1F,
    0x80, 0x00, 0x00, 0x02, 0xF4, 0x00, 0x00, 0x00, 0x3F, 0x00, 0x00, 0x00, 0x03, 0xF0, 0x00, 0x00,
    0x00, 0x7E, 0x00, 0x00, 0x00, 0x0B, 0xD0, 0x00, 0x00, 0x00, 0x00, 0x0F, 0xFF, 0xFF, 0xC0, 0x03,
    0xFF, 0xFF, 0xE0, 0x01, 0xFE, 0xAA, 0xA4, 0x00, 0xBD, 0x00, 0x00, 0x00, 0x3F, 0x00, 0x00, 0x00,
    0x0F, 0xC0, 0x00, 0x00, 0x03, 0xE0, 0x00, 0x00, 0x01, 0xF4, 0x00, 0x00, 0x00, 0xBD, 0x00, 0x00,
    0x00, 0x3F, 0x55, 0x54, 0x00, 0x0F, 0xFF, 0xFE, 0x00, 0x07, 0xFF, 0xFF, 0x80, 0x01, 0xF4, 0x0B,
    0xD0, 0x00, 0xBC, 0x02, 0xF0, 0x00, 0x3F, 0x00, 0xFC, 0x00, 0x0F, 0xC0, 0x3E, 0x00, 0x07, 0xE0,
    0x1F, 0x40, 0x02, 0xF4, 0x00, 0x00, 0x00, 0xBC, 0x00, 0x00, 0x00, 0x3F, 0x00, 0x00, 0x00, 0x0F,
    0x80, 0x00, 0x00, 0x07, 0xE0, 0x00, 0x00, 0x02, 0xF4, 0x00, 0x00, 0x00, 0xFC, 0x00, 0x00, 0x00,
    0x3F, 0x00, 0x00, 0x00, 0x0F, 0x80, 0x00, 0x00, 0x00, 0x00, 0x00, 0x00, 0x00, 0x07, 0xFD, 0x00,
    0x00, 0x0B, 0xFF, 0x00, 0x00, 0x05, 0xBF, 0x40, 0x00, 0x00, 0x2F, 0x40, 0x00, 0x00, 0x3F, 0x00,
    0x00, 0x00, 0x7E, 0x00, 0x00, 0x00, 0xFC, 0x00, 0x00, 0x01, 0xF8, 0x00, 0x00, 0x03, 0xF0, 0x00,
    0x00, 0x07, 0xE0, 0x00, 0x00, 0x0F, 0xFA, 0xAA, 0xA9, 0x1F, 0xFF, 0xFF, 0xFC, 0x3F, 0xFF, 0xFF,
    0xF8, 0x00, 0x00, 0x03, 0xF0, 0x00, 0x00, 0x0B, 0xE0, 0x00, 0x00, 0x0F, 0xC0, 0x00, 0x00, 0x2F,
    0x80, 0x00, 0x00, 0x3F, 0x00, 0x00, 0x00, 0xBE, 0x00, 0x00, 0x00, 0xFC, 0x00, 0x00, 0x00, 0xFC,
    0x00, 0x00, 0x01, 0xFD, 0x10, 0x00, 0x00, 0xFF, 0xE0, 0x00, 0x00, 0x7F, 0xD0, 0x00, 0x00, 0x05,
    0x00, 0x00, 0x15, 0x40, 0x00, 0x00, 0x1F, 0xFC, 0x00, 0x00, 0x03, 0xFF, 0x80, 0x00, 0x00, 0x07,
    0xF0, 0x00, 0x00, 0x01, 0xF8, 0x00, 0x00, 0x00, 0xBC, 0x00, 0x00, 0x00, 0x3F, 0x00, 0x00, 0x00,
    0x2F, 0x40, 0x00, 0x00, 0x1F, 0x80, 0x00, 0x00, 0x0F, 0xC0, 0x00, 0x00, 0x07, 0xE0, 0x00, 0x00,
    0x03, 0xF0, 0x00, 0x00, 0x02, 0xF4, 0x00, 0x00, 0x01, 0xF8, 0x00, 0x16, 0xE0, 0xFC, 0x16, 0xFF,
    0xF8, 0x7F, 0xFF, 0xFF, 0xFC, 0x3F, 0xFF, 0xFE, 0xBD, 0x1F, 0xFE, 0x40, 0x3F, 0x0A, 0x40, 0x00,
    0x2F, 0x40, 0x00, 0x00, 0x0F, 0xC0, 0x00, 0x00, 0x0B, 0xC0, 0x00, 0x00, 0x07, 0xE0, 0x00, 0x00,
    0x03, 0xF0, 0x00, 0x00, 0x01, 0xF8, 0x00, 0x00, 0x00, 0xFC, 0x00, 0x00, 0x00, 0xBD, 0x00, 0x00,
    0x00, 0x3F, 0x00, 0x00, 0x00, 0x2F, 0x40, 0x00, 0x00, 0x0F, 0xC0, 0x00, 0x00, 0x07, 0xD0, 0x00,
    0x00, 0x02, 0xF4, 0x00, 0x00, 0x00, 0xBF, 0x98, 0x00, 0x00, 0x1F, 0xFE, 0x00, 0x00, 0x01, 0xFF,
    0x40, 0x00, 0x00, 0x00, 0x00, 0x00, 0x00, 0x7F, 0xFF, 0x40, 0x02, 0xFF, 0xFF, 0xFC, 0x00, 0xFF,
    0xA6, 0xFF, 0xC0, 0x1D, 0x00, 0x07, 0xF8, 0x00, 0x00, 0x02, 0xFF, 0x00, 0x00, 0x07, 0xFF, 0xE0,
    0x00, 0x0F, 0xFE, 0xFC, 0x00, 0x2F, 0xF4, 0x3F, 0x00, 0x1F, 0xE0, 0x0F, 0xC0, 0x03, 0x80, 0x03,
    0xF0, 0x00, 0x00, 0x02, 0xFC, 0x00, 0x00, 0x07, 0xFF, 0x00, 0x00, 0x1F, 0xFF, 0xC0, 0x00, 0x1F,
    0xFB, 0xF0, 0x00, 0x03, 0xD1, 0xF8, 0x00, 0x00, 0x40, 0xBD, 0x00, 0x00, 0x00, 0x3F, 0x00, 0x00,
    0x00, 0x1F, 0xC0, 0x00, 0x00, 0x0B, 0xD0, 0x00, 0x00, 0x03, 0xF0, 0x00, 0x00, 0x02, 0xF8, 0x00,
    0x00, 0x00, 0xFC, 0x00, 0x00, 0x00, 0xBE, 0x00, 0x00, 0x00, 0x3F, 0x00, 0x00, 0x40, 0x00, 0x00,
    0x2F, 0x80, 0x00, 0x0B, 0xFD, 0x00, 0x00, 0xBF, 0xF0, 0x00, 0x02, 0xFF, 0x00, 0x00, 0x1F, 0xF0,
    0x00, 0x00, 0xFE, 0x00, 0x00, 0x0F, 0xD0, 0x00, 0x01, 0xFC, 0x00, 0x00, 0x7F, 0x40, 0x02, 0xFF,
    0xE0, 0x1F, 0xFF, 0xFC, 0x2F, 0xF8, 0x3F, 0x07, 0x90, 0x0B, 0xD0, 0x00, 0x01, 0xF8, 0x00, 0x00,
    0x7E, 0x00, 0x00, 0xBF, 0x80, 0x0B, 0xFF, 0xE0, 0x3F, 0xFE, 0xF8, 0x0F, 0xE0, 0x7E, 0x02, 0x40,
    0x1F, 0x40, 0x00, 0x0B, 0xD0, 0x00, 0x03, 0xF0, 0x00, 0x00, 0xFC, 0x00, 0x00, 0x7E, 0x00, 0x00,
    0x3F, 0x40, 0x00, 0x0F, 0xC0, 0x00, 0x0B, 0xE0, 0x00, 0x03, 0xF0, 0x00, 0x01, 0xF8, 0x00, 0x00,
    0xFC, 0x00, 0x00, 0xBE, 0x00, 0x00, 0x3F, 0x00, 0x00, 0x2F, 0x40, 0x00, 0x00, 0x00, 0x00, 0x00,
    0x00, 0x07, 0xFD, 0x00, 0x00, 0x0F, 0x80, 0xFF, 0xD0, 0x00, 0x0F, 0xD0, 0x16, 0xFC, 0x00, 0x0F,
    0xF0, 0x00, 0x3F, 0x00, 0x0F, 0xF0, 0x00, 0x0F, 0xC0, 0x0F, 0xFC, 0x00, 0x03, 0xF0, 0x0F, 0xFD,
    0x00, 0x00, 0xFC, 0x0B, 0xFF, 0x00, 0x00, 0x3F, 0x0B, 0xEF, 0x80, 0x00, 0x1F, 0x8B, 0xDB, 0xC0,
    0x00, 0x0B, 0xDB, 0xD3, 0xF0, 0x00, 0x03, 0xFB, 0xD0, 0xF8, 0x00, 0x01, 0xFF, 0xE0, 0x7D, 0x00,
    0x00, 0xBF, 0xE0, 0x2F, 0x40, 0x00, 0x3F, 0xE0, 0x0B, 0xD0, 0x00, 0x2F, 0xE0, 0x02, 0xF4, 0x00,
    0x0F, 0xE0, 0x00, 0x7F, 0x40, 0x0B, 0xF0, 0x00, 0x0F, 0xFE, 0x03, 0xF0, 0x00, 0x00, 0xFF, 0x80,
    0x00, 0x00, 0x00, 0x01, 0x00, 0x00, 0x00, 0x00, 0x00, 0x00, 0x00, 0x1F, 0xFF, 0x40, 0x00, 0x0F,
    0xFF, 0xFE, 0x00, 0x03, 0xFD, 0x5B, 0xF4, 0x00, 0xBE, 0x00, 0x1F, 0xC0, 0x1F, 0xC0, 0x00, 0xFC,
    0x03, 0xF0, 0x00, 0x0B, 0xD0, 0x7E, 0x00, 0x00, 0xBD, 0x0B, 0xD0, 0x00, 0x0B, 0xD0, 0xFC, 0x00,
    0x00, 0xBD, 0x0F, 0x80, 0x00, 0x0F, 0xC1, 0xF4, 0x00, 0x00, 0xFC, 0x2F, 0x00, 0x00, 0x1F, 0xC3,
    0xF0, 0x00, 0x03, 0xF4, 0x3F, 0x00, 0x00, 0x7F, 0x03, 0xF8, 0x00, 0x1F, 0xD0, 0x3F, 0xF4, 0x0B,
    0xF8, 0x07, 0xEF, 0xFF, 0xFE, 0x00, 0x7D, 0x2F, 0xFF, 0x40, 0x07, 0xD0, 0x15, 0x00, 0x00, 0x3E,
    0x00, 0x00, 0x00, 0x03, 0xF0, 0x00, 0x00, 0x00, 0x2F, 0xD0, 0x00, 0x00, 0x00, 0xFF, 0xFD, 0x00,
    0x00, 0x02, 0xFF, 0xF8, 0x00, 0x00, 0x00, 0x5F, 0xC0, 0x00, 0x00, 0x00, 0xF8, 0x00, 0x00, 0x00,
    0x00, 0x00, 0x00, 0x00, 0x1F, 0xFF, 0x80, 0x03, 0xFF, 0xFF, 0x00, 0x3F, 0xE5, 0x68, 0x03, 0xF8,
    0x00, 0x00, 0x2F, 0xC0, 0x00, 0x00, 0xFC, 0x00, 0x00, 0x0B, 0xE0, 0x00, 0x00, 0x3F, 0x00, 0x00,
    0x00, 0xFC, 0x00, 0x00, 0x07, 0xF0, 0x00, 0x00, 0x1F, 0x80, 0x00, 0x00, 0x7E, 0x00, 0x00, 0x01,
    0xF8, 0x00, 0x00, 0x03, 0xF0, 0x00, 0x00, 0x0F, 0xD0, 0x00, 0x00, 0x1F, 0xE0, 0x1B, 0x00, 0x2F,
    0xFF, 0xFC, 0x00, 0x1F, 0xFF, 0xD0, 0x00, 0x01, 0x50, 0x00, 0x00, 0x00, 0x01, 0x80, 0x00, 0x00,
    0x3F, 0x00, 0x00, 0x07, 0xF0, 0x00, 0x00, 0x3D, 0x00, 0x00, 0x00, 0x00, 0x00, 0x00, 0x00, 0x00,
    0x00, 0x00, 0x00, 0x00, 0x01, 0xF4, 0x00, 0x00, 0x2F, 0x40, 0x00, 0x03, 0xF0, 0x00, 0x00, 0x3F,
    0x00, 0x00, 0x03, 0xE0, 0x00, 0x00, 0x7D, 0x00, 0x00, 0x0B, 0xD0, 0x00, 0x00, 0xFC, 0x00, 0x00,
    0x0F, 0xC0, 0x00, 0x00, 0xF8, 0x00, 0x00, 0x1F, 0x40, 0x00, 0x02, 0xF0, 0x00, 0x00, 0x3F, 0x00,
    0x00, 0x03, 0xF0, 0x00, 0x00, 0x7E, 0x00, 0x00, 0x0B, 0xD0, 0x00, 0x00, 0xBC, 0x00, 0x00, 0x0F,
    0xC0, 0x00, 0x00, 0xF8, 0x00, 0x00, 0x1F, 0x80, 0x00, 0x02, 0xF4, 0x00, 0x00, 0x3F, 0x00, 0x00,
    0x07, 0xE0, 0x00, 0x26, 0xFD, 0x00, 0x03, 0xFF, 0x80, 0x00, 0x3F, 0xD0, 0x00, 0x00, 0x00, 0x00,
    0x00, 0x00, 0x00, 0x00, 0x00, 0x1F, 0xFF, 0x90, 0x00, 0x00, 0x7F, 0xFF, 0xFE, 0x00, 0x00, 0xBF,
    0xE9, 0xBF, 0xF0, 0x00, 0xBF, 0x80, 0x01, 0xFE, 0x00, 0x7F, 0x40, 0x00, 0x1F, 0xC0, 0x3F, 0x40,
    0x00, 0x03, 0xF4, 0x2F, 0x80, 0x00, 0x00, 0xBE, 0x0F, 0xC0, 0x00, 0x00, 0x1F, 0xCB, 0xE0, 0x00,
    0x00, 0x03, 0xF3, 0xF4, 0x00, 0x00, 0x00, 0xFC, 0xFE, 0x55, 0x55, 0x55, 0xBF, 0x7F, 0xFF, 0xFF,
    0xFF, 0xFF, 0xDF, 0xFF, 0xFF, 0xFF, 0xFF, 0xFB, 0xE0, 0x00, 0x00, 0x02, 0xFA, 0xF8, 0x00, 0x00,
    0x00, 0xFD, 0xBE, 0x00, 0x00, 0x00, 0x7F, 0x2F, 0x80, 0x00, 0x00, 0x2F, 0xC7, 0xF0, 0x00, 0x00,
    0x0F, 0xD0, 0xFC, 0x00, 0x00, 0x0F, 0xF0, 0x3F, 0xC0, 0x00, 0x0B, 0xF0, 0x07, 0xF8, 0x00, 0x0F,
    0xF4, 0x00, 0xBF, 0xE5, 0x6F, 0xF8, 0x00, 0x0B, 0xFF, 0xFF, 0xF4, 0x00, 0x00, 0x2F, 0xFF, 0xD0,
    0x00, 0x00, 0x00, 0x15, 0x00, 0x00, 0x00, 0x00, 0x00, 0x00, 0x00, 0x00, 0x1F, 0xFF, 0x80, 0x03,
    0xFF, 0xFF, 0x00, 0x7F, 0xE5, 0x68, 0x03, 0xF8, 0x00, 0x00, 0x2F, 0x80, 0x00, 0x00, 0xFC, 0x00,
    0x00, 0x0B, 0xE0, 0x00, 0x00, 0x3F, 0x95, 0x54, 0x00, 0xFF, 0xFF, 0xF4, 0x07, 0xFF, 0xFF, 0xC0,
    0x1F, 0x80, 0x00, 0x00, 0x7E, 0x00, 0x00, 0x01, 0xF8, 0x00, 0x00, 0x03, 0xF0, 0x00, 0x00, 0x0F,
    0xD0, 0x00, 0x00, 0x1F, 0xE0, 0x1B, 0x00, 0x2F, 0xFF, 0xFC, 0x00, 0x1F, 0xFF, 0xD0, 0x00, 0x01,
    0x50, 0x00, 0x00, 0x00, 0x00, 0x00, 0x6F, 0xFF, 0x40, 0x0F, 0xFF, 0xFE, 0x00, 0x79, 0x5B, 0xF8,
    0x00, 0x00, 0x1F, 0xC0, 0x00, 0x00, 0xBD, 0x00, 0x00, 0x07, 0xE0, 0x00, 0x00, 0x7E, 0x01, 0x55,
    0x5B, 0xE0, 0x3F, 0xFF, 0xFE, 0x03, 0xFF, 0xFF, 0xD0, 0x00, 0x00, 0xBD, 0x00, 0x00, 0x0F, 0xC0,
    0x00, 0x01, 0xFC, 0x00, 0x00, 0x3F, 0x40, 0x00, 0x0F, 0xF0, 0xA4, 0x07, 0xFC, 0x0B, 0xFF, 0xFF,
    0x00, 0x7F, 0xFF, 0x40, 0x00, 0x15, 0x00, 0x00, 0x00, 0x2F, 0x00, 0x00, 0x00, 0x03, 0xF0, 0x00,
    0x00, 0x00, 0x3F, 0x00, 0x00, 0x00, 0x07, 0xE0, 0x00, 0x00, 0x00, 0xBF, 0xAA, 0x40, 0x00, 0x0B,
    0xFF, 0xFF, 0x80, 0x00, 0xFF, 0xFF, 0xFF, 0x00, 0x0F, 0xC0, 0x0B, 0xF4, 0x01, 0xF8, 0x00, 0x2F,
    0xC0, 0x2F, 0x40, 0x00, 0xFC, 0x03, 0xF0, 0x00, 0x0F, 0xC0, 0x3F, 0x00, 0x00, 0xFC, 0x03, 0xE0,
    0x00, 0x1F, 0xC0, 0x7E, 0x00, 0x02, 0xF8, 0x0B, 0xD0, 0x00, 0x7F, 0x00, 0xFC, 0x00, 0x2F, 0xE0,
    0x0F, 0xEA, 0xFF, 0xF8, 0x01, 0xFF, 0xFF, 0xFD, 0x00, 0x1F, 0xFF, 0xA4, 0x00, 0x02, 0xF4, 0x00,
    0x00, 0x00, 0x3F, 0x00, 0x00, 0x00, 0x03, 0xF0, 0x00, 0x00, 0x00, 0x7E, 0x00, 0x00, 0x00, 0x0B,
    0xD0, 0x00, 0x00, 0x00, 0x00, 0x00, 0x50, 0x00, 0x00, 0x00, 0x0F, 0xC0, 0x00, 0x00, 0x00, 0x3F,
    0x00, 0x00, 0x00, 0x01, 0xF8, 0x00, 0x00, 0x00, 0x0B, 0xD0, 0x00, 0x00, 0x00, 0x2F, 0x00, 0x00,
    0x00, 0x00, 0xFC, 0x00, 0x00, 0x00, 0x03, 0xF0, 0x00, 0x00, 0x00, 0x1F, 0x82, 0xFF, 0x40, 0x00,
    0xBD, 0x7F, 0xFF, 0x40, 0x03, 0xF7, 0xE5, 0xFF, 0x00, 0x0F, 0xFC, 0x00, 0xFD, 0x00, 0x3F, 0xC0,
    0x01, 0xF8, 0x01, 0xFD, 0x00, 0x07, 0xE0, 0x0B, 0xF0, 0x00, 0x1F, 0x80, 0x3F, 0x40, 0x00, 0x7E,
    0x00, 0xFC, 0x00, 0x02, 0xF4, 0x07, 0xE0, 0x00, 0x0F, 0xD0, 0x1F, 0x40, 0x00, 0x3F, 0x00, 0xBD,
    0x00, 0x01, 0xFC, 0x03, 0xF4, 0x00, 0x0F, 0xD0, 0x0F, 0xD0, 0x00, 0x7F, 0x00, 0x7F, 0xC0, 0x07,
    0xF4, 0x02, 0xFB, 0xD0, 0xBF, 0x80, 0x0B, 0xCF, 0xFF, 0xF8, 0x00, 0x3F, 0x0B, 0xFF, 0x40, 0x00,
    0xFC, 0x01, 0x40, 0x00, 0x07, 0xE0, 0x00, 0x00, 0x00, 0x2F, 0x40, 0x00, 0x00, 0x00, 0xFC, 0x00,
    0x00, 0x00, 0x03, 0xF0, 0x00, 0x00, 0x00, 0x0F, 0x80, 0x00, 0x00, 0x00, 0x7D, 0x00, 0x00, 0x00,
    0x02, 0xF4, 0x00, 0x00, 0x00, 0x00, 0x00, 0x00, 0x00, 0x00, 0x00, 0x00, 0x00, 0x2F, 0xFF, 0xD0,
    0x00, 0x02, 0xFF, 0xFF, 0xFC, 0x00, 0x1F, 0xFE, 0xAB, 0xF4, 0x00, 0x7F, 0xD0, 0x00, 0x10, 0x00,
    0xFE, 0x00, 0x00, 0x00, 0x03, 0xF8, 0x00, 0x00, 0x00, 0x07, 0xF0, 0x00, 0x00, 0x00, 0x0F, 0xD0,
    0x00, 0x00, 0x00, 0x1F, 0xC0, 0x00, 0x00, 0x00, 0x2F, 0x80, 0x00, 0x00, 0x00, 0x3F, 0x00, 0x00,
    0x00, 0x00, 0x3F, 0x00, 0x00, 0x00, 0x00, 0x7F, 0x00, 0x00, 0x00, 0x00, 0xBE, 0x00, 0x00, 0x00,
    0x00, 0xBE, 0x00, 0x00, 0x00, 0x00, 0xBE, 0x00, 0x00, 0x00, 0x00, 0xBE, 0x00, 0x00, 0x00, 0x00,
    0x7F, 0x00, 0x00, 0x00, 0x00, 0x3F, 0x00, 0x00, 0x00, 0x00, 0x3F, 0xC0, 0x00, 0x00, 0x00, 0x1F,
    0xE0, 0x00, 0x00, 0x00, 0x0B, 0xFE, 0x55, 0xB8, 0x00, 0x02, 0xFF, 0xFF, 0xF8, 0x00, 0x00, 0x7F,
    0xFF, 0xE4, 0x00, 0x00, 0x00, 0x54, 0x00, 0x00, 0x00, 0x2F, 0xC0, 0x00, 0x00, 0x03, 0xFC, 0x00,
    0x3F, 0xD0, 0x00, 0x00, 0x0F, 0xFC, 0x00, 0x3F, 0xF0, 0x00, 0x00, 0x2F, 0xF8, 0x00, 0x7E, 0xF0,
    0x00, 0x00, 0x7E, 0xF4, 0x00, 0xBD, 0xF4, 0x00, 0x00, 0xF9, 0xF0, 0x00, 0xFC, 0xFC, 0x00, 0x03,
    0xF2, 0xF0, 0x00, 0xFC, 0xBC, 0x00, 0x0B, 0xC3, 0xF0, 0x00, 0xF8, 0x3D, 0x00, 0x2F, 0x47, 0xE0,
    0x01, 0xF4, 0x3F, 0x00, 0x7E, 0x07, 0xD0, 0x02, 0xF0, 0x2F, 0x00, 0xFC, 0x0B, 0xC0, 0x03, 0xF0,
    0x0F, 0x43, 0xF0, 0x0F, 0xC0, 0x03, 0xF0, 0x0F, 0x8B, 0xD0, 0x0F, 0xC0, 0x03, 0xE0, 0x0B, 0xDF,
    0x80, 0x1F, 0x80, 0x07, 0xD0, 0x03, 0xFF, 0x00, 0x2F, 0x40, 0x0B, 0xC0, 0x03, 0xFC, 0x00, 0x3F,
    0x00, 0x0F, 0xC0, 0x02, 0xF4, 0x00, 0x3F, 0x00, 0x0F, 0x80, 0x00, 0x00, 0x00, 0x3F, 0x00, 0x1F,
    0x80, 0x00, 0x00, 0x00, 0x7E, 0x00, 0x2F, 0x40, 0x00, 0x00, 0x00, 0xBD, 0x00, 0x2F, 0x00, 0x00,
    0x00, 0x00, 0xFC, 0x00, 0x3F, 0x00, 0x00, 0x00, 0x00, 0xFC, 0x00, 0x3E, 0x00, 0x00, 0x00, 0x01,
    0xF8, 0x00, 0x7D, 0x00, 0x00, 0x00, 0x01, 0xF8, 0x00, 0xBC, 0x00, 0x00, 0x00, 0x02, 0xF4, 0x00,
    0x00, 0x1F, 0xC0, 0x00, 0x02, 0xFC, 0x00, 0x2F, 0xD0, 0x00, 0x07, 0xFC, 0x00, 0x3F, 0xF0, 0x00,
    0x1F, 0xF8, 0x00, 0x3F, 0xF0, 0x00, 0x3F, 0xF4, 0x00, 0x3E, 0xF8, 0x00, 0xFE, 0xF0, 0x00, 0x7D,
    0xBC, 0x02, 0xF3, 0xF0, 0x00, 0xBD, 0x3D, 0x0B, 0xD3, 0xF0, 0x00, 0xFC, 0x3E, 0x1F, 0x87, 0xE0,
    0x00, 0xFC, 0x1F, 0x7E, 0x0B, 0xD0, 0x00, 0xF8, 0x0F, 0xFC, 0x0F, 0xC0, 0x01, 0xF4, 0x0B, 0xF0,
    0x0F, 0xC0, 0x02, 0xF0, 0x06, 0x80, 0x0F, 0x80, 0x03, 0xF0, 0x00, 0x00, 0x1F, 0x40, 0x03, 0xF0,
    0x00, 0x00, 0x2F, 0x40, 0x07, 0xE0, 0x00, 0x00, 0x3F, 0x00, 0x0B, 0xD0, 0x00, 0x00, 0x3F, 0x00,
    0x0B, 0xC0, 0x00, 0x00, 0x3E, 0x00, 0x0F, 0xC0, 0x00, 0x00, 0x7D, 0x00, 0x0F, 0xC0, 0x00, 0x00,
    0x00, 0x00, 0x1F, 0x80, 0x00, 0x00, 0x00, 0x00, 0x2F, 0x40, 0x00, 0x00, 0x00, 0x00, 0x3F, 0x00,
    0x00, 0x00, 0x00, 0x00, 0x3F, 0x00, 0x00, 0x00, 0x00, 0x00, 0x3E, 0x00, 0x00, 0x00, 0x00, 0x00,
    0x7D, 0x00, 0x00, 0x00, 0x00, 0x00, 0xBD, 0x00, 0x00, 0x00, 0x00, 0x00, 0x00, 0x00, 0x00, 0x00,
    0x00, 0x00, 0x00, 0x00, 0x7F, 0xF8, 0x00, 0x00, 0x00, 0xFF, 0xFF, 0xC0, 0x00, 0x00, 0xFF, 0x57,
    0xFC, 0x00, 0x00, 0x7F, 0x00, 0x3F, 0x40, 0x00, 0x3F, 0x00, 0x07, 0xE0, 0x00, 0x1F, 0x80, 0x00,
    0xFC, 0x00, 0x0B, 0xD0, 0x00, 0x3F, 0x00, 0x03, 0xF0, 0x00, 0x0F, 0xC0, 0x00, 0xFC, 0x00, 0x07,
    0xE0, 0x00, 0x7E, 0x00, 0x01, 0xF8, 0x00, 0x1F, 0x40, 0x00, 0xBD, 0x00, 0x0B, 0xC0, 0x00, 0x3F,
    0x00, 0x03, 0xF0, 0x00, 0x1F, 0xC0, 0x00, 0xFC, 0x00, 0x0F, 0xD0, 0x00, 0x7F, 0x00, 0x0B, 0xF0,
    0x00, 0x2F, 0xF8, 0x0B, 0xF0, 0x00, 0x0B, 0xEF, 0xFF, 0xF4, 0x00, 0x03, 0xF1, 0xFF, 0xF0, 0x00,
    0x00, 0xF8, 0x01, 0x40, 0x00, 0x00, 0x7E, 0x00, 0x00, 0x00, 0x00, 0x2F, 0x40, 0x00, 0x00, 0x03,
    0xFF, 0xFF, 0xFC, 0x00, 0x01, 0xFF, 0xFF, 0xFE, 0x00, 0x00, 0x01, 0xFC, 0x00, 0x00, 0x00, 0x00,
    0x7D, 0x00, 0x00, 0x00, 0x00, 0x2F, 0x40, 0x00, 0x00, 0x00, 0x00, 0x00, 0x00, 0x00, 0x00, 0x00,
    0x0B, 0xFF, 0xF8, 0x00, 0x00, 0x3F, 0xFF, 0xFF, 0x40, 0x00, 0x3F, 0xAA, 0xFF, 0xD0, 0x00, 0x10,
    0x00, 0x1F, 0xF0, 0x00, 0x00, 0x00, 0x03, 0xF8, 0x00, 0x00, 0x00, 0x01, 0xFC, 0x00, 0x00, 0x00,
    0x00, 0xFC, 0x00, 0x00, 0x00, 0x00, 0xFD, 0x00, 0x00, 0x00, 0x00, 0xFD, 0x00, 0x00, 0x00, 0x00,
    0xBD, 0x00, 0x00, 0x00, 0x00, 0xFD, 0x00, 0x00, 0x00, 0x00, 0xFD, 0x00, 0x00, 0x00, 0x00, 0xFC,
    0x00, 0x00, 0x00, 0x01, 0xFC, 0x00, 0x00, 0x00, 0x02, 0xF8, 0x00, 0x00, 0x00, 0x03, 0xF4, 0x00,
    0x00, 0x00, 0x07, 0xF0, 0x00, 0x00, 0x00, 0x0F, 0xD0, 0x00, 0x00, 0x00, 0x2F, 0xC0, 0x00, 0x00,
    0x00, 0xBF, 0x00, 0x00, 0x00, 0x03, 0xFD, 0x00, 0x2F, 0x95, 0xBF, 0xF4, 0x00, 0x3F, 0xFF, 0xFF,
    0xC0, 0x00, 0x1B, 0xFF, 0xF9, 0x00, 0x00, 0x00, 0x15, 0x00, 0x00, 0x00, 0x00, 0x00, 0x00, 0x00,
    0x00, 0x00, 0x00, 0x2F, 0xFF, 0xD0, 0x00, 0x02, 0xFF, 0xFF, 0xFC, 0x00, 0x1F, 0xFE, 0xAB, 0xF4,
    0x00, 0x7F, 0xD0, 0x00, 0x10, 0x00, 0xFE, 0x00, 0x00, 0x00, 0x03, 0xF8, 0x00, 0x00, 0x00, 0x07,
    0xF0, 0x00, 0x00, 0x00, 0x0F, 0xD0, 0x00, 0x00, 0x00, 0x1F, 0xC0, 0x00, 0x00, 0x00, 0x2F, 0x80,
    0x00, 0x00, 0x00, 0x3F, 0x00, 0x0B, 0xD0, 0x00, 0x3F, 0x00, 0x0F, 0xE0, 0x00, 0x7F, 0x00, 0x1F,
    0xE0, 0x00, 0xBE, 0x00, 0x1F, 0xC0, 0x00, 0xBE, 0x00, 0x05, 0x00, 0x00, 0xBE, 0x00, 0x00, 0x00,
    0x00, 0xBE, 0x00, 0x00, 0x00, 0x00, 0x7F, 0x00, 0x00, 0x00, 0x00, 0x3F, 0x00, 0x00, 0x00, 0x00,
    0x3F, 0xC0, 0x00, 0x00, 0x00, 0x1F, 0xE0, 0x00, 0x00, 0x00, 0x0B, 0xFE, 0x55, 0xB8, 0x00, 0x02,
    0xFF, 0xFF, 0xF8, 0x00, 0x00, 0x7F, 0xFF, 0xE4, 0x00, 0x00, 0x00, 0x54, 0x00, 0x00, 0x00, 0x00,
    0x00, 0x00, 0x00, 0x00, 0x0B, 0xFF, 0xF8, 0x00, 0x00, 0x3F, 0xFF, 0xFF, 0x40, 0x00, 0x3F, 0xAA,
    0xFF, 0xD0, 0x00, 0x10, 0x00, 0x1F, 0xF0, 0x00, 0x00, 0x00, 0x03, 0xF8, 0x00, 0x00, 0x00, 0x01,
    0xFC, 0x00, 0x00, 0x00, 0x00, 0xFC, 0x00, 0x00, 0x00, 0x00, 0xFD, 0x00, 0x00, 0x00, 0x00, 0xFD,
    0x00, 0x00, 0x00, 0x00, 0xBD, 0x00, 0x02, 0xF0, 0x00, 0xFD, 0x00, 0x07, 0xF8, 0x00, 0xFD, 0x00,
    0x0B, 0xF8, 0x00, 0xFC, 0x00, 0x07, 0xF0, 0x01, 0xFC, 0x00, 0x01, 0x40, 0x02, 0xF8, 0x00, 0x00,
    0x00, 0x03, 0xF4, 0x00, 0x00, 0x00, 0x07, 0xF0, 0x00, 0x00, 0x00, 0x0F, 0xD0, 0x00, 0x00, 0x00,
    0x2F, 0xC0, 0x00, 0x00, 0x00, 0xBF, 0x00, 0x00, 0x00, 0x03, 0xFD, 0x00, 0x2F, 0x95, 0xBF, 0xF4,
    0x00, 0x3F, 0xFF, 0xFF, 0xC0, 0x00, 0x1B, 0xFF, 0xF9, 0x00, 0x00, 0x00, 0x15, 0x00, 0x00, 0x00,
    0x00, 0x00, 0x69, 0x00, 0x00, 0x00, 0x03, 0xF0, 0x00, 0x00, 0x00, 0x1F, 0x80, 0x00, 0x00, 0x00,
    0xBC, 0x00, 0x00, 0x00, 0x03, 0xD0, 0x00, 0x00, 0x00, 0x0E, 0x00, 0x00, 0x00, 0x00, 0x00, 0x00,
    0x00, 0x00, 0x00, 0x00, 0x00, 0x2F, 0xFF, 0xFF, 0xC0, 0x03, 0xFF, 0xFF, 0xFC, 0x00, 0x7F, 0xFF,
    0xFF, 0x80, 0x0B, 0xD0, 0x00, 0x00, 0x00, 0xBC, 0x00, 0x00, 0x00, 0x0F, 0xC0, 0x00, 0x00, 0x00,
    0xFC, 0x00, 0x00, 0x00, 0x1F, 0x80, 0x00, 0x00, 0x02, 0xF4, 0x00, 0x00, 0x00, 0x3F, 0x00, 0x00,
    0x00, 0x03, 0xFA, 0xAA, 0xA4, 0x00, 0x3F, 0xFF, 0xFF, 0x00, 0x07, 0xFF, 0xFF, 0xF0, 0x00, 0xBD,
    0x00, 0x00, 0x00, 0x0F, 0xC0, 0x00, 0x00, 0x00, 0xFC, 0x00, 0x00, 0x00, 0x1F, 0x80, 0x00, 0x00,
    0x01, 0xF4, 0x00, 0x00, 0x00, 0x2F, 0x00, 0x00, 0x00, 0x03, 0xF0, 0x00, 0x00, 0x00, 0x3F, 0x00,
    0x00, 0x00, 0x07, 0xFA, 0xAA, 0xA4, 0x00, 0xBF, 0xFF, 0xFF, 0x80, 0x0F, 0xFF, 0xFF, 0xF4, 0x00,
    0x00, 0x00, 0x00, 0x00, 0x00, 0x00, 0x0B, 0x80, 0xF0, 0x00, 0x00, 0xFC, 0x2F, 0x40, 0x00, 0x0F,
    0x82, 0xF0, 0x00, 0x00, 0xA0, 0x19, 0x00, 0x00, 0x00, 0x00, 0x00, 0x00, 0x00, 0x00, 0x00, 0x00,
    0x02, 0xFF, 0xFF, 0xFC, 0x00, 0x3F, 0xFF, 0xFF, 0xC0, 0x07, 0xFF, 0xFF, 0xF8, 0x00, 0xBD, 0x00,
    0x00, 0x00, 0x0B, 0xC0, 0x00, 0x00, 0x00, 0xFC, 0x00, 0x00, 0x00, 0x0F, 0xC0, 0x00, 0x00, 0x01,
    0xF8, 0x00, 0x00, 0x00, 0x2F, 0x40, 0x00, 0x00, 0x03, 0xF0, 0x00, 0x00, 0x00, 0x3F, 0xAA, 0xAA,
    0x40, 0x03, 0xFF, 0xFF, 0xF0, 0x00, 0x7F, 0xFF, 0xFF, 0x00, 0x0B, 0xD0, 0x00, 0x00, 0x00, 0xFC,
    0x00, 0x00, 0x00, 0x0F, 0xC0, 0x00, 0x00, 0x01, 0xF8, 0x00, 0x00, 0x00, 0x1F, 0x40, 0x00, 0x00,
    0x02, 0xF0, 0x00, 0x00, 0x00, 0x3F, 0x00, 0x00, 0x00, 0x03, 0xF0, 0x00, 0x00, 0x00, 0x7F, 0xAA,
    0xAA, 0x40, 0x0B, 0xFF, 0xFF, 0xF8, 0x00, 0xFF, 0xFF, 0xFF, 0x40, 0x00, 0x3F, 0xFF, 0xFF, 0xFE,
    0x07, 0xFF, 0xFF, 0xFF, 0xE0, 0xBF, 0xFF, 0xFF, 0xFD, 0x00, 0x02, 0xF4, 0x00, 0x00, 0x00, 0x3F,
    0x00, 0x00, 0x00, 0x03, 0xF0, 0x00, 0x00, 0x00, 0x3E, 0x00, 0x00, 0x00, 0x07, 0xE0, 0x00, 0x00,
    0x00, 0xBD, 0x00, 0x00, 0x00, 0x0F, 0xC5, 0x54, 0x00, 0x00, 0xFF, 0xFF, 0xF8, 0x00, 0x1F, 0xFF,
    0xFF, 0xE0, 0x01, 0xFD, 0x01, 0xBF, 0x40, 0x2F, 0x40, 0x02, 0xFC, 0x03, 0xF0, 0x00, 0x0F, 0xC0,
    0x3F, 0x00, 0x00, 0xFD, 0x07, 0xE0, 0x00, 0x0F, 0xD0, 0xBD, 0x00, 0x00, 0xFC, 0x0F, 0xC0, 0x00,
    0x0F, 0xC0, 0xFC, 0x00, 0x02, 0xF8, 0x0F, 0xC0, 0x00, 0x7F, 0x41, 0xF8, 0x15, 0x6F, 0xE0, 0x2F,
    0x41, 0xFF, 0xFC, 0x03, 0xF0, 0x1F, 0xFD, 0x00, 0x00, 0x00, 0x14, 0x00, 0x00, 0x00, 0x00, 0x00,
    0x0A, 0x80, 0x00, 0x00, 0x03, 0xF4, 0x00, 0x00, 0x00, 0xBD, 0x00, 0x00, 0x00, 0x1F, 0x40, 0x00,
    0x00, 0x03, 0xD0, 0x00, 0x00, 0x00, 0xB4, 0x00, 0x00, 0x00, 0x00, 0x00, 0x00, 0x00, 0x00, 0x00,
    0x00, 0x00, 0x2F, 0xFF, 0xFF, 0x80, 0x03, 0xFF, 0xFF, 0xF8, 0x00, 0x7F, 0xFF, 0xFF, 0x40, 0x0B,
    0xD0, 0x00, 0x00, 0x00, 0xBC, 0x00, 0x00, 0x00, 0x0F, 0xC0, 0x00, 0x00, 0x00, 0xFC, 0x00, 0x00,
    0x00, 0x1F, 0x80, 0x00, 0x00, 0x02, 0xF4, 0x00, 0x00, 0x00, 0x3F, 0x00, 0x00, 0x00, 0x03, 0xF0,
    0x00, 0x00, 0x00, 0x3E, 0x00, 0x00, 0x00, 0x07, 0xE0, 0x00, 0x00, 0x00, 0xBD, 0x00, 0x00, 0x00,
    0x0F, 0xC0, 0x00, 0x00, 0x00, 0xFC, 0x00, 0x00, 0x00, 0x1F, 0x80, 0x00, 0x00, 0x01, 0xF4, 0x00,
    0x00, 0x00, 0x2F, 0x40, 0x00, 0x00, 0x03, 0xF0, 0x00, 0x00, 0x00, 0x3F, 0x00, 0x00, 0x00, 0x07,
    0xE0, 0x00, 0x00, 0x00, 0xBD, 0x00, 0x00, 0x00, 0x0F, 0xC0, 0x00, 0x00, 0x00, 0x00, 0x00, 0x00,
    0x00, 0x00, 0x00, 0x00, 0x1B, 0xFF, 0xF4, 0x00, 0x01, 0xFF, 0xFF, 0xFE, 0x00, 0x0B, 0xFE, 0x96,
    0xFC, 0x00, 0x2F, 0xE0, 0x00, 0x04, 0x00, 0xBF, 0x40, 0x00, 0x00, 0x00, 0xFD, 0x00, 0x00, 0x00,
    0x03, 0xF8, 0x00, 0x00, 0x00, 0x07, 0xF0, 0x00, 0x00, 0x00, 0x0B, 0xE0, 0x00, 0x00, 0x00, 0x0F,
    0xC0, 0x00, 0x00, 0x00, 0x0F, 0xEA, 0xAA, 0xA8, 0x00, 0x1F, 0xFF, 0xFF, 0xFC, 0x00, 0x2F, 0xFF,
    0xFF, 0xFC, 0x00, 0x2F, 0x40, 0x00, 0x00, 0x00, 0x3F, 0x40, 0x00, 0x00, 0x00, 0x3F, 0x40, 0x00,
    0x00, 0x00, 0x2F, 0x40, 0x00, 0x00, 0x00, 0x2F, 0x80, 0x00, 0x00, 0x00, 0x1F, 0xC0, 0x00, 0x00,
    0x00, 0x0F, 0xE0, 0x00, 0x00, 0x00, 0x07, 0xF8, 0x00, 0x00, 0x00, 0x02, 0xFF, 0x95, 0x6D, 0x00,
    0x00, 0xBF, 0xFF, 0xFD, 0x00, 0x00, 0x1F, 0xFF, 0xF8, 0x00, 0x00, 0x00, 0x15, 0x00, 0x00, 0x00,
    0x00, 0x00, 0x00, 0x00, 0x00, 0x1F, 0xFF, 0xE0, 0x00, 0x0F, 0xFF, 0xFF, 0xC0, 0x03, 0xFE, 0x5A,
    0xF8, 0x00, 0xFF, 0x00, 0x01, 0x00, 0x0F, 0xC0, 0x00, 0x00, 0x01, 0xFC, 0x00, 0x00, 0x00, 0x2F,
    0x80, 0x00, 0x00, 0x01, 0xF8, 0x00, 0x00, 0x00, 0x1F, 0xC0, 0x00, 0x00, 0x00, 0xFF, 0x40, 0x00,
    0x00, 0x03, 0xFE, 0x00, 0x00, 0x00, 0x0F, 0xFD, 0x00, 0x00, 0x00, 0x2F, 0xF8, 0x00, 0x00, 0x00,
    0x7F, 0xE0, 0x00, 0x00, 0x00, 0xBF, 0x00, 0x00, 0x00, 0x03, 0xF8, 0x00, 0x00, 0x00, 0x1F, 0xC0,
    0x00, 0x00, 0x00, 0xFC, 0x00, 0x00, 0x00, 0x1F, 0xC0, 0x00, 0x00, 0x03, 0xF8, 0x01, 0x00, 0x00,
    0xBF, 0x00, 0x7E, 0x55, 0xBF, 0xE0, 0x07, 0xFF, 0xFF, 0xF4, 0x00, 0x2F, 0xFF, 0xF8, 0x00, 0x00,
    0x05, 0x50, 0x00, 0x00, 0x00, 0x2F, 0x00, 0x0F, 0xC0, 0x07, 0xE0, 0x02, 0xF4, 0x00, 0xBD, 0x00,
    0x3F, 0x00, 0x0F, 0xC0, 0x07, 0xE0, 0x02, 0xF4, 0x00, 0xFC, 0x00, 0x3F, 0x00, 0x0F, 0xC0, 0x07,
    0xE0, 0x02, 0xF4, 0x00, 0xFC, 0x00, 0x3F, 0x00, 0x1F, 0x80, 0x0B, 0xD0, 0x02, 0xF4, 0x00, 0xFC,
    0x00, 0x3F, 0x00, 0x1F, 0x80, 0x0B, 0xD0, 0x03, 0xF0, 0x00, 0x00, 0x00, 0x00, 0x00, 0x7C, 0x7C,
    0x00, 0xFC, 0xFC, 0x00, 0xFC, 0xFC, 0x00, 0x64, 0x64, 0x00, 0x00, 0x00, 0x00, 0x00, 0x00, 0x00,
    0x2F, 0x00, 0x00, 0x3F, 0x00, 0x00, 0x7E, 0x00, 0x00, 0xBD, 0x00, 0x00, 0xBD, 0x00, 0x00, 0xFC,
    0x00, 0x00, 0xFC, 0x00, 0x01, 0xF8, 0x00, 0x02, 0xF4, 0x00, 0x03, 0xF0, 0x00, 0x03, 0xF0, 0x00,
    0x03, 0xF0, 0x00, 0x07, 0xE0, 0x00, 0x0B, 0xD0, 0x00, 0x0F, 0xC0, 0x00, 0x0F, 0xC0, 0x00, 0x1F,
    0x80, 0x00, 0x2F, 0x40, 0x00, 0x2F, 0x40, 0x00, 0x3F, 0x00, 0x00, 0x3F, 0x00, 0x00, 0x7E, 0x00,
    0x00, 0xBD, 0x00, 0x00, 0xFC, 0x00, 0x00, 0x00, 0x00, 0x00, 0xBD, 0x00, 0x00, 0x00, 0xFC, 0x00,
    0x00, 0x00, 0xFC, 0x00, 0x00, 0x01, 0xF8, 0x00, 0x00, 0x01, 0xF4, 0x00, 0x00, 0x02, 0xF4, 0x00,
    0x00, 0x03, 0xF0, 0x00, 0x00, 0x03, 0xF0, 0x00, 0x00, 0x07, 0xE0, 0x00, 0x00, 0x0B, 0xD0, 0x00,
    0x00, 0x0F, 0xC0, 0x00, 0x00, 0x0F, 0xC0, 0x00, 0x00, 0x0F, 0xC0, 0x00, 0x00, 0x1F, 0x80, 0x00,
    0x00, 0x2F, 0x40, 0x00, 0x00, 0x3F, 0x00, 0x00, 0x00, 0x3F, 0x00, 0x00, 0x00, 0x3E, 0x00, 0x00,
    0x00, 0x7E, 0x00, 0x00, 0x00, 0xBD, 0x00, 0x00, 0x00, 0xFC, 0x00, 0x00, 0x00, 0xFC, 0x00, 0x00,
    0x01, 0xF8, 0x00, 0x00, 0x02, 0xF4, 0x00, 0x00, 0x03, 0xF4, 0x00, 0x00, 0x03, 0xF0, 0x00, 0x00,
    0x0F, 0xE0, 0x00, 0x25, 0xBF, 0xC0, 0x00, 0x3F, 0xFF, 0x40, 0x00, 0x3F, 0xF8, 0x00, 0x00, 0x05,
    0x00, 0x00, 0x00, 0x00, 0x00, 0x02, 0xFF, 0xFF, 0xFE, 0x00, 0x00, 0x00, 0x00, 0x03, 0xFF, 0xFF,
    0xFE, 0x00, 0x00, 0x00, 0x00, 0x07, 0xFF, 0xFF, 0xFD, 0x00, 0x00, 0x00, 0x00, 0x0B, 0xC0, 0x00,
    0xFC, 0x00, 0x00, 0x00, 0x00, 0x0F, 0xC0, 0x00, 0xFC, 0x00, 0x00, 0x00, 0x00, 0x0F, 0x80, 0x01,
    0xF8, 0x00, 0x00, 0x00, 0x00, 0x2F, 0x40, 0x01, 0xF8, 0x00, 0x00, 0x00, 0x00, 0x3F, 0x00, 0x02,
    0xF4, 0x00, 0x00, 0x00, 0x00, 0x3F, 0x00, 0x03, 0xF0, 0x00, 0x00, 0x00, 0x00, 0x7E, 0x00, 0x03,
    0xFA, 0x50, 0x00, 0x00, 0x00, 0xBC, 0x00, 0x07, 0xFF, 0xFF, 0x40, 0x00, 0x00, 0xFC, 0x00, 0x0B,
    0xFF, 0xFF, 0xE0, 0x00, 0x00, 0xF8, 0x00, 0x0B, 0xD0, 0x1B, 0xF4, 0x00, 0x01, 0xF4, 0x00, 0x0F,
    0xC0, 0x02, 0xFC, 0x00, 0x02, 0xF0, 0x00, 0x0F, 0xC0, 0x00, 0xFC, 0x00, 0x03, 0xF0, 0x00, 0x1F,
    0x80, 0x00, 0xFC, 0x00, 0x07, 0xE0, 0x00, 0x2F, 0x40, 0x00, 0xFC, 0x00, 0x0B, 0xD0, 0x00, 0x3F,
    0x00, 0x00, 0xFC, 0x00, 0x0F, 0xC0, 0x00, 0x3F, 0x00, 0x01, 0xF8, 0x00, 0x1F, 0x80, 0x00, 0x3F,
    0x00, 0x03, 0xF4, 0x00, 0x3F, 0x00, 0x00, 0x7E, 0x00, 0x1F, 0xF0, 0x2A, 0xFE, 0x00, 0x00, 0xBE,
    0xAA, 0xFF, 0xC0, 0x3F, 0xFC, 0x00, 0x00, 0xFF, 0xFF, 0xFE, 0x00, 0x3F, 0xE0, 0x00, 0x00, 0xFF,
    0xFF, 0xE0, 0x00, 0x00, 0x00, 0x00, 0x00, 0x00, 0x00, 0x00, 0x00, 0x00, 0x2F, 0x00, 0x00, 0x1F,
    0x40, 0x00, 0x00, 0x0F, 0xC0, 0x00, 0x0B, 0xD0, 0x00, 0x00, 0x07, 0xE0, 0x00, 0x03, 0xF0, 0x00,
    0x00, 0x02, 0xF4, 0x00, 0x00, 0xFC, 0x00, 0x00, 0x00, 0xBC, 0x00, 0x00, 0x7E, 0x00, 0x00, 0x00,
    0x3F, 0x00, 0x00, 0x1F, 0x40, 0x00, 0x00, 0x0F, 0xC0, 0x00, 0x0B, 0xD0, 0x00, 0x00, 0x07, 0xE0,
    0x00, 0x03, 0xF0, 0x00, 0x00, 0x02, 0xF4, 0x00, 0x00, 0xFC, 0x00, 0x00, 0x00, 0xFD, 0x00, 0x00,
    0x7E, 0x00, 0x00, 0x00, 0x3F, 0xFF, 0xFF, 0xFF, 0xFF, 0xF8, 0x00, 0x0F, 0xFF, 0xFF, 0xFF, 0xFF,
    0xFF, 0xC0, 0x07, 0xE5, 0x55, 0x57, 0xF5, 0x6F, 0xFC, 0x02, 0xF4, 0x00, 0x00, 0xFC, 0x00, 0x7F,
    0x80, 0xFC, 0x00, 0x00, 0x7E, 0x00, 0x07, 0xF0, 0x3F, 0x00, 0x00, 0x2F, 0x40, 0x00, 0xFC, 0x1F,
    0x80, 0x00, 0x0F, 0xC0, 0x00, 0x3F, 0x07, 0xD0, 0x00, 0x03, 0xF0, 0x00, 0x1F, 0x82, 0xF4, 0x00,
    0x00, 0xFC, 0x00, 0x0B, 0xD0, 0xFC, 0x00, 0x00, 0x7E, 0x00, 0x07, 0xF0, 0x3F, 0x00, 0x00, 0x2F,
    0x40, 0x07, 0xF8, 0x1F, 0x80, 0x00, 0x0F, 0xEA, 0xAF, 0xF8, 0x0B, 0xD0, 0x00, 0x03, 0xFF, 0xFF,
    0xF8, 0x03, 0xF0, 0x00, 0x01, 0xFF, 0xFF, 0x90, 0x00, 0x3F, 0xFF, 0xFF, 0xFE, 0x07, 0xFF, 0xFF,
    0xFF, 0xE0, 0xBF, 0xFF, 0xFF, 0xFD, 0x00, 0x02, 0xF4, 0x00, 0x00, 0x00, 0x3F, 0x00, 0x00, 0x00,
    0x03, 0xF0, 0x00, 0x00, 0x00, 0x3E, 0x00, 0x00, 0x00, 0x07, 0xE0, 0x00, 0x00, 0x00, 0xBD, 0x00,
    0x00, 0x00, 0x0F, 0xC1, 0x54, 0x00, 0x00, 0xFF, 0xFF, 0xFC, 0x00, 0x1F, 0xFF, 0xFF, 0xF0, 0x01,
    0xFD, 0x40, 0x7F, 0xC0, 0x2F, 0x40, 0x00, 0xFC, 0x03, 0xF0, 0x00, 0x0F, 0xD0, 0x3F, 0x00, 0x00,
    0xBD, 0x07, 0xE0, 0x00, 0x0F, 0xC0, 0xBD, 0x00, 0x00, 0xFC, 0x0F, 0xC0, 0x00, 0x0F, 0x80, 0xFC,
    0x00, 0x01, 0xF8, 0x0F, 0xC0, 0x00, 0x2F, 0x41, 0xF8, 0x00, 0x03, 0xF0, 0x2F, 0x40, 0x00, 0x3F,
    0x03, 0xF0, 0x00, 0x07, 0xE0, 0x00, 0x00, 0x00, 0x01, 0xA4, 0x00, 0x00, 0x00, 0x00, 0xFC, 0x00,
    0x00, 0x00, 0x00, 0xFC, 0x00, 0x00, 0x00, 0x00, 0xBC, 0x00, 0x00, 0x00, 0x00, 0x7C, 0x00, 0x00,
    0x00, 0x00, 0x3C, 0x00, 0x00, 0x00, 0x00, 0x00, 0x00, 0x00, 0x00, 0x00, 0x00, 0x00, 0x00, 0x00,
    0x2F, 0x00, 0x00, 0x3F, 0x00, 0x0F, 0xC0, 0x00, 0x3F, 0x40, 0x07, 0xE0, 0x00, 0x3F, 0x40, 0x02,
    0xF4, 0x00, 0x3F, 0x80, 0x00, 0xBC, 0x00, 0x2F, 0x80, 0x00, 0x3F, 0x00, 0x2F, 0xC0, 0x00, 0x0F,
    0xC0, 0x1F, 0xC0, 0x00, 0x07, 0xE0, 0x1F, 0xC0, 0x00, 0x02, 0xF4, 0x0F, 0xD0, 0x00, 0x00, 0xFC,
    0x0F, 0xD0, 0x00, 0x00, 0x3F, 0xFF, 0xD0, 0x00, 0x00, 0x0F, 0xFF, 0xE0, 0x00, 0x00, 0x07, 0xFF,
    0xFC, 0x00, 0x00, 0x02, 0xF4, 0x3F, 0x40, 0x00, 0x00, 0xFC, 0x07, 0xE0, 0x00, 0x00, 0x3F, 0x00,
    0xFC, 0x00, 0x00, 0x1F, 0x80, 0x2F, 0x80, 0x00, 0x0B, 0xD0, 0x03, 0xF0, 0x00, 0x02, 0xF0, 0x00,
    0xBD, 0x00, 0x00, 0xFC, 0x00, 0x1F, 0xC0, 0x00, 0x3F, 0x00, 0x03, 0xF0, 0x00, 0x1F, 0x80, 0x00,
    0x7E, 0x00, 0x0B, 0xD0, 0x00, 0x0F, 0xC0, 0x03, 0xF0, 0x00, 0x02, 0xF4, 0x00, 0x00, 0x00, 0x02,
    0xA0, 0x00, 0x00, 0x00, 0x00, 0x0B, 0xD0, 0x00, 0x00, 0x00, 0x00, 0x0F, 0xC0, 0x00, 0x00, 0x00,
    0x00, 0x0F, 0x40, 0x00, 0x00, 0x00, 0x00, 0x1F, 0x00, 0x00, 0x00, 0x00, 0x00, 0x2C, 0x00, 0x00,
    0x00, 0x00, 0x00, 0x00, 0x00, 0x00, 0x00, 0x00, 0x00, 0x00, 0x00, 0x00, 0x2F, 0x00, 0x00, 0x0B,
    0xF0, 0x00, 0xFC, 0x00, 0x00, 0x7F, 0xC0, 0x07, 0xE0, 0x00, 0x03, 0xFE, 0x00, 0x2F, 0x40, 0x00,
    0x3F, 0xF4, 0x00, 0xBD, 0x00, 0x02, 0xFF, 0xC0, 0x03, 0xF0, 0x00, 0x1F, 0xBF, 0x00, 0x0F, 0xC0,
    0x00, 0xFC, 0xF8, 0x00, 0x7E, 0x00, 0x0F, 0xC7, 0xE0, 0x02, 0xF4, 0x00, 0xBD, 0x2F, 0x40, 0x0F,
    0xC0, 0x07, 0xE0, 0xFC, 0x00, 0x3F, 0x00, 0x3E, 0x03, 0xF0, 0x00, 0xFC, 0x03, 0xF0, 0x1F, 0x80,
    0x07, 0xE0, 0x2F, 0x00, 0xBD, 0x00, 0x2F, 0x41, 0xF4, 0x02, 0xF0, 0x00, 0xFC, 0x0F, 0x80, 0x0F,
    0xC0, 0x03, 0xF0, 0xFC, 0x00, 0x3F, 0x00, 0x1F, 0x8B, 0xC0, 0x01, 0xF8, 0x00, 0xBD, 0x7D, 0x00,
    0x0B, 0xD0, 0x02, 0xF7, 0xE0, 0x00, 0x3F, 0x00, 0x0F, 0xFF, 0x00, 0x00, 0xFC, 0x00, 0x3F, 0xF0,
    0x00, 0x07, 0xE0, 0x01, 0xFF, 0x40, 0x00, 0x1F, 0x80, 0x0B, 0xF8, 0x00, 0x00, 0xBD, 0x00, 0x3F,
    0xC0, 0x00, 0x03, 0xF0, 0x00, 0x00, 0x00, 0xA4, 0x00, 0xA4, 0x00, 0x00, 0x0F, 0xC0, 0x2F, 0x00,
    0x00, 0x00, 0xBE, 0x5B, 0xE0, 0x00, 0x00, 0x03, 0xFF, 0xF8, 0x00, 0x00, 0x00, 0x06, 0xF9, 0x00,
    0x00, 0x00, 0x00, 0x00, 0x00, 0x00, 0x00, 0x00, 0x00, 0x00, 0x00, 0x00, 0x1F, 0x40, 0x00, 0x00,
    0xFC, 0x01, 0xF8, 0x00, 0x00, 0x2F, 0x80, 0x0F, 0xC0, 0x00, 0x07, 0xF0, 0x00, 0xFC, 0x00, 0x00,
    0xFD, 0x00, 0x0B, 0xD0, 0x00, 0x1F, 0xC0, 0x00, 0x7E, 0x00, 0x03, 0xF0, 0x00, 0x03, 0xF0, 0x00,
    0xBE, 0x00, 0x00, 0x2F, 0x00, 0x0F, 0xC0, 0x00, 0x01, 0xF4, 0x02, 0xF4, 0x00, 0x00, 0x0F, 0x80,
    0x3F, 0x00, 0x00, 0x00, 0xFC, 0x0F, 0xD0, 0x00, 0x00, 0x0B, 0xC1, 0xF8, 0x00, 0x00, 0x00, 0x7D,
    0x3F, 0x00, 0x00, 0x00, 0x03, 0xE7, 0xD0, 0x00, 0x00, 0x00, 0x3F, 0xFC, 0x00, 0x00, 0x00, 0x02,
    0xFF, 0x40, 0x00, 0x00, 0x00, 0x1F, 0xE0, 0x00, 0x00, 0x00, 0x01, 0xFC, 0x00, 0x00, 0x00, 0x00,
    0x3F, 0x80, 0x00, 0x00, 0x00, 0x0B, 0xF0, 0x00, 0x00, 0x00, 0x02, 0xFC, 0x00, 0x00, 0x00, 0x56,
    0xFF, 0x40, 0x00, 0x00, 0x0F, 0xFF, 0xD0, 0x00, 0x00, 0x00, 0xFF, 0xE0, 0x00, 0x00, 0x00, 0x01,
    0x40, 0x00, 0x00, 0x00, 0x00, 0x00, 0x2F, 0x00, 0x00, 0x0B, 0xC0, 0x03, 0xF0, 0x00, 0x00, 0xFC,
    0x00, 0x7E, 0x00, 0x00, 0x1F, 0x80, 0x0B, 0xD0, 0x00, 0x01, 0xF8, 0x00, 0xBD, 0x00, 0x00, 0x2F,
    0x40, 0x0F, 0xC0, 0x00, 0x03, 0xF0, 0x00, 0xFC, 0x00, 0x00, 0x3F, 0x00, 0x1F, 0x80, 0x00, 0x07,
    0xE0, 0x02, 0xF4, 0x00, 0x00, 0xBD, 0x00, 0x3F, 0x00, 0x00, 0x0B, 0xC0, 0x03, 0xF0, 0x00, 0x00,
    0xFC, 0x00, 0x3F, 0x00, 0x00, 0x0F, 0xC0, 0x07, 0xE0, 0x00, 0x01, 0xF8, 0x00, 0xBD, 0x00, 0x00,
    0x2F, 0x40, 0x0F, 0xC0, 0x00, 0x03, 0xF0, 0x00, 0xFC, 0x00, 0x00, 0x3F, 0x00, 0x1F, 0x80, 0x00,
    0x03, 0xF0, 0x01, 0xF4, 0x00, 0x00, 0x7E, 0x00, 0x2F, 0x40, 0x00, 0x0B, 0xD0, 0x03, 0xF0, 0x00,
    0x00, 0xFC, 0x00, 0x3F, 0x00, 0x00, 0x0F, 0xC0, 0x07, 0xFA, 0xAA, 0xAA, 0xF8, 0x00, 0xBF, 0xFF,
    0xFF, 0xFF, 0x40, 0x0F, 0xFF, 0xFF, 0xFF, 0xF4, 0x00, 0x00, 0x07, 0xD0, 0x00, 0x00, 0x00, 0x00,
    0x7D, 0x00, 0x00, 0x00, 0x00, 0x0B, 0xC0, 0x00, 0x00, 0x00, 0x00, 0xFC, 0x00, 0x00, 0x00, 0x00,
    0x0F, 0x80, 0x00, 0x00, 0x00, 0x00, 0x50, 0x00, 0x00, 0x00, 0x00, 0x00, 0x00, 0x3F, 0x00, 0x00,
    0x00, 0x00, 0xBF, 0x40, 0x00, 0x00, 0x00, 0xFF, 0x40, 0x00, 0x00, 0x03, 0xFF, 0x80, 0x00, 0x00,
    0x07, 0xDF, 0x80, 0x00, 0x00, 0x0F, 0xCF, 0xC0, 0x00, 0x00, 0x1F, 0x8F, 0xC0, 0x00, 0x00, 0x3F,
    0x0B, 0xC0, 0x00, 0x00, 0x7E, 0x0B, 0xC0, 0x00, 0x00, 0xFC, 0x0B, 0xD0, 0x00, 0x02, 0xF4, 0x07,
    0xD0, 0x00, 0x03, 0xF0, 0x07, 0xE0, 0x00, 0x0B, 0xD0, 0x03, 0xE0, 0x00, 0x0F, 0xC0, 0x03, 0xF0,
    0x00, 0x2F, 0xFF, 0xFF, 0xF0, 0x00, 0x7F, 0xFF, 0xFF, 0xF0, 0x00, 0xFE, 0xAA, 0xAB, 0xF0, 0x01,
    0xFC, 0x00, 0x02, 0xF4, 0x03, 0xF0, 0x00, 0x02, 0xF4, 0x07, 0xE0, 0x00, 0x01, 0xF8, 0x0F, 0xC0,
    0x00, 0x01, 0xF8, 0x2F, 0x80, 0x00, 0x00, 0xFC, 0x3F, 0x00, 0x00, 0x00, 0xFC, 0xBE, 0x00, 0x00,
    0x00, 0xFC, 0x00, 0x2F, 0xFF, 0xFF, 0xE0, 0x03, 0xFF, 0xFF, 0xFD, 0x00, 0x7F, 0xFF, 0xFF, 0xC0,
    0x0B, 0xD0, 0x00, 0x00, 0x00, 0xBC, 0x00, 0x00, 0x00, 0x0F, 0xC0, 0x00, 0x00, 0x00, 0xFC, 0x00,
    0x00, 0x00, 0x1F, 0x80, 0x00, 0x00, 0x02, 0xF4, 0x00, 0x00, 0x00, 0x3F, 0x55, 0x00, 0x00, 0x03,
    0xFF, 0xFF, 0x80, 0x00, 0x3F, 0xFF, 0xFF, 0x00, 0x07, 0xE0, 0x5B, 0xFC, 0x00, 0xBD, 0x00, 0x1F,
    0xD0, 0x0F, 0xC0, 0x00, 0xBE, 0x00, 0xFC, 0x00, 0x07, 0xE0, 0x1F, 0x80, 0x00, 0x7E, 0x01, 0xF4,
    0x00, 0x0B, 0xD0, 0x2F, 0x00, 0x00, 0xFC, 0x03, 0xF0, 0x00, 0x2F, 0xC0, 0x3F, 0x00, 0x0B, 0xF4,
    0x07, 0xFA, 0xAF, 0xFE, 0x00, 0xBF, 0xFF, 0xFF, 0x40, 0x0F, 0xFF, 0xFE, 0x40, 0x00, 0x00, 0x2F,
    0xFE, 0x90, 0x00, 0x00, 0xFF, 0xFF, 0xF8, 0x00, 0x07, 0xFF, 0xFF, 0xFC, 0x00, 0x2F, 0x40, 0x0B,
    0xF8, 0x00, 0xBC, 0x00, 0x07, 0xF0, 0x03, 0xF0, 0x00, 0x0F, 0xC0, 0x0F, 0xC0, 0x00, 0x3F, 0x00,
    0x7E, 0x00, 0x01, 0xF8, 0x02, 0xF4, 0x00, 0x0F, 0xD0, 0x0F, 0xC0, 0x00, 0xFE, 0x00, 0x3F, 0xAA,
    0xBF, 0xE0, 0x00, 0xFF, 0xFF, 0xF4, 0x00, 0x07, 0xFF, 0xFF, 0xE0, 0x00, 0x2F, 0x40, 0x07, 0xF0,
    0x00, 0xFC, 0x00, 0x07, 0xF0, 0x03, 0xF0, 0x00, 0x0F, 0xD0, 0x1F, 0x80, 0x00, 0x2F, 0x40, 0x7D,
    0x00, 0x00, 0xFD, 0x02, 0xF0, 0x00, 0x03, 0xF0, 0x0F, 0xC0, 0x00, 0x2F, 0xC0, 0x3F, 0x00, 0x02,
    0xFD, 0x01, 0xFE, 0xAA, 0xBF, 0xE0, 0x0B, 0xFF, 0xFF, 0xFD, 0x00, 0x3F, 0xFF, 0xFE, 0x40, 0x00,
    0x00, 0x2F, 0xFF, 0xFF, 0x80, 0x0F, 0xFF, 0xFF, 0xE0, 0x07, 0xFF, 0xFF, 0xF4, 0x02, 0xF4, 0x00,
    0x00, 0x00, 0xBC, 0x00, 0x00, 0x00, 0x3F, 0x00, 0x00, 0x00, 0x0F, 0xC0, 0x00, 0x00, 0x07, 0xE0,
    0x00, 0x00, 0x02, 0xF4, 0x00, 0x00, 0x00, 0xFC, 0x00, 0x00, 0x00, 0x3F, 0x00, 0x00, 0x00, 0x0F,
    0x80, 0x00, 0x00, 0x07, 0xE0, 0x00, 0x00, 0x02, 0xF4, 0x00, 0x00, 0x00, 0xFC, 0x00, 0x00, 0x00,
    0x3F, 0x00, 0x00, 0x00, 0x1F, 0x80, 0x00, 0x00, 0x07, 0xD0, 0x00, 0x00, 0x02, 0xF4, 0x00, 0x00,
    0x00, 0xFC, 0x00, 0x00, 0x00, 0x3F, 0x00, 0x00, 0x00, 0x1F, 0x80, 0x00, 0x00, 0x0B, 0xD0, 0x00,
    0x00, 0x03, 0xF0, 0x00, 0x00, 0x00, 0x00, 0x00, 0x00, 0x7F, 0xFF, 0xFF, 0xE0, 0x00, 0x00, 0x0B,
    0xFF, 0xFF, 0xFD, 0x00, 0x00, 0x00, 0xFF, 0xFF, 0xFF, 0xD0, 0x00, 0x00, 0x0F, 0x80, 0x00, 0xFC,
    0x00, 0x00, 0x02, 0xF4, 0x00, 0x0F, 0xC0, 0x00, 0x00, 0x3F, 0x00, 0x01, 0xF8, 0x00, 0x00, 0x03,
    0xF0, 0x00, 0x2F, 0x40, 0x00, 0x00, 0x7E, 0x00, 0x03, 0xF0, 0x00, 0x00, 0x0B, 0xD0, 0x00, 0x3F,
    0x00, 0x00, 0x00, 0xFC, 0x00, 0x03, 0xF0, 0x00, 0x00, 0x0F, 0x80, 0x00, 0x7E, 0x00, 0x00, 0x01,
    0xF4, 0x00, 0x0B, 0xD0, 0x00, 0x00, 0x2F, 0x00, 0x00, 0xFC, 0x00, 0x00, 0x03, 0xF0, 0x00, 0x0F,
    0xC0, 0x00, 0x00, 0x7E, 0x00, 0x00, 0xF8, 0x00, 0x00, 0x0F, 0xC0, 0x00, 0x1F, 0x80, 0x00, 0x01,
    0xF8, 0x00, 0x02, 0xF4, 0x00, 0x00, 0x3F, 0x00, 0x00, 0x3F, 0x00, 0x00, 0x0B, 0xE0, 0x00, 0x03,
    0xF0, 0x00, 0x01, 0xFC, 0x00, 0x00, 0x7E, 0x00, 0x00, 0x3F, 0x40, 0x00, 0x0B, 0xD0, 0x00, 0xAF,
    0xFA, 0xAA, 0xAA, 0xFF, 0xA0, 0x1F, 0xFF, 0xFF, 0xFF, 0xFF, 0xFF, 0x02, 0xFF, 0xFF, 0xFF, 0xFF,
    0xFF, 0xF0, 0x3F, 0x00, 0x00, 0x00, 0x00, 0x3E, 0x03, 0xF0, 0x00, 0x00, 0x00, 0x07, 0xD0, 0x3E,
    0x00, 0x00, 0x00, 0x00, 0xBD, 0x07, 0xD0, 0x00, 0x00, 0x00, 0x0F, 0xC0, 0xBC, 0x00, 0x00, 0x00,
    0x00, 0xFC, 0x01, 0x40, 0x00, 0x00, 0x00, 0x05, 0x00, 0x00, 0x2F, 0xFF, 0xFF, 0xC0, 0x03, 0xFF,
    0xFF, 0xFC, 0x00, 0x7F, 0xFF, 0xFF, 0x80, 0x0B, 0xD0, 0x00, 0x00, 0x00, 0xBC, 0x00, 0x00, 0x00,
    0x0F, 0xC0, 0x00, 0x00, 0x00, 0xFC, 0x00, 0x00, 0x00, 0x1F, 0x80, 0x00, 0x00, 0x02, 0xF4, 0x00,
    0x00, 0x00, 0x3F, 0x00, 0x00, 0x00, 0x03, 0xFA, 0xAA, 0xA4, 0x00, 0x3F, 0xFF, 0xFF, 0x00, 0x07,
    0xFF, 0xFF, 0xF0, 0x00, 0xBD, 0x00, 0x00, 0x00, 0x0F, 0xC0, 0x00, 0x00, 0x00, 0xFC, 0x00, 0x00,
    0x00, 0x1F, 0x80, 0x00, 0x00, 0x01, 0xF4, 0x00, 0x00, 0x00, 0x2F, 0x00, 0x00, 0x00, 0x03, 0xF0,
    0x00, 0x00, 0x00, 0x3F, 0x00, 0x00, 0x00, 0x07, 0xFA, 0xAA, 0xA4, 0x00, 0xBF, 0xFF, 0xFF, 0x80,
    0x0F, 0xFF, 0xFF, 0xF4, 0x00, 0x00, 0x03, 0xD0, 0x00, 0x2F, 0x00, 0x00, 0xFD, 0x00, 0x03, 0xF0,
    0x00, 0x3F, 0x00, 0x03, 0xF8, 0x00, 0x01, 0xF4, 0x00, 0x3F, 0x00, 0x0B, 0xE0, 0x00, 0x00, 0xFC,
    0x00, 0x7E, 0x00, 0x2F, 0xC0, 0x00, 0x00, 0xBC, 0x00, 0xBD, 0x00, 0x7F, 0x00, 0x00, 0x00, 0x3E,
    0x00, 0xFC, 0x01, 0xFC, 0x00, 0x00, 0x00, 0x2F, 0x00, 0xFC, 0x03, 0xF4, 0x00, 0x00, 0x00, 0x1F,
    0x80, 0xF8, 0x0F, 0xD0, 0x00, 0x00, 0x00, 0x0F, 0xC1, 0xF8, 0x3F, 0x80, 0x00, 0x00, 0x00, 0x07,
    0xD2, 0xF4, 0xBE, 0x00, 0x00, 0x00, 0x00, 0x03, 0xFF, 0xFF, 0xFC, 0x00, 0x00, 0x00, 0x00, 0x03,
    0xFF, 0xFF, 0xF0, 0x00, 0x00, 0x00, 0x00, 0x0F, 0xFF, 0xFF, 0xF0, 0x00, 0x00, 0x00, 0x00, 0x3F,
    0x87, 0xD2, 0xF4, 0x00, 0x00, 0x00, 0x00, 0xBF, 0x0B, 0xC0, 0xFC, 0x00, 0x00, 0x00, 0x02, 0xFC,
    0x0F, 0xC0, 0xFC, 0x00, 0x00, 0x00, 0x07, 0xF0, 0x0F, 0xC0, 0x7E, 0x00, 0x00, 0x00, 0x0F, 0xD0,
    0x1F, 0x80, 0x3F, 0x00, 0x00, 0x00, 0x3F, 0x40, 0x2F, 0x40, 0x2F, 0x40, 0x00, 0x00, 0xFE, 0x00,
    0x2F, 0x00, 0x0F, 0xC0, 0x00, 0x02, 0xFC, 0x00, 0x3F, 0x00, 0x0F, 0xC0, 0x00, 0x0B, 0xF0, 0x00,
    0x3E, 0x00, 0x07, 0xE0, 0x00, 0x1F, 0xC0, 0x00, 0x7E, 0x00, 0x03, 0xF0, 0x00, 0x7F, 0x40, 0x00,
    0xBD, 0x00, 0x02, 0xF4, 0x00, 0x00, 0x00, 0x00, 0x00, 0x00, 0x00, 0x6F, 0xFF, 0xD0, 0x00, 0x03,
    0xFF, 0xFF, 0xF0, 0x00, 0x0F, 0xE5, 0xBF, 0xF0, 0x00, 0x00, 0x00, 0x1F, 0xD0, 0x00, 0x00, 0x00,
    0x2F, 0x80, 0x00, 0x00, 0x00, 0x7E, 0x00, 0x00, 0x00, 0x01, 0xF8, 0x00, 0x00, 0x00, 0x0B, 0xD0,
    0x00, 0x00, 0x00, 0x3F, 0x00, 0x00, 0x00, 0x07, 0xF0, 0x00, 0x02, 0xAA, 0xFF, 0x00, 0x00, 0x1F,
    0xFF, 0x90, 0x00, 0x00, 0xBF, 0xFF, 0x80, 0x00, 0x00, 0x00, 0x2F, 0xC0, 0x00, 0x00, 0x00, 0x1F,
    0x80, 0x00, 0x00, 0x00, 0x3F, 0x00, 0x00, 0x00, 0x00, 0xFC, 0x00, 0x00, 0x00, 0x03, 0xF0, 0x00,
    0x00, 0x00, 0x1F, 0xC0, 0x00, 0x00, 0x00, 0xFE, 0x00, 0x00, 0x00, 0x0B, 0xF0, 0x07, 0xE5, 0x56,
    0xFF, 0x40, 0x1F, 0xFF, 0xFF, 0xF4, 0x00, 0x2F, 0xFF, 0xFE, 0x00, 0x00, 0x00, 0x54, 0x00, 0x00,
    0x00, 0x00, 0x2F, 0x00, 0x00, 0x0B, 0xF0, 0x00, 0xFC, 0x00, 0x00, 0x7F, 0xC0, 0x07, 0xE0, 0x00,
    0x03, 0xFE, 0x00, 0x2F, 0x40, 0x00, 0x3F, 0xF4, 0x00, 0xBD, 0x00, 0x02, 0xFF, 0xC0, 0x03, 0xF0,
    0x00, 0x1F, 0xBF, 0x00, 0x0F, 0xC0, 0x00, 0xFC, 0xF8, 0x00, 0x7E, 0x00, 0x0F, 0xC7, 0xE0, 0x02,
    0xF4, 0x00, 0xBD, 0x2F, 0x40, 0x0F, 0xC0, 0x07, 0xE0, 0xFC, 0x00, 0x3F, 0x00, 0x3E, 0x03, 0xF0,
    0x00, 0xFC, 0x03, 0xF0, 0x1F, 0x80, 0x07, 0xE0, 0x2F, 0x00, 0xBD, 0x00, 0x2F, 0x41, 0xF4, 0x02,
    0xF0, 0x00, 0xFC, 0x0F, 0x80, 0x0F, 0xC0, 0x03, 0xF0, 0xFC, 0x00, 0x3F, 0x00, 0x1F, 0x8B, 0xC0,
    0x01, 0xF8, 0x00, 0xBD, 0x7D, 0x00, 0x0B, 0xD0, 0x02, 0xF7, 0xE0, 0x00, 0x3F, 0x00, 0x0F, 0xFF,
    0x00, 0x00, 0xFC, 0x00, 0x3F, 0xF0, 0x00, 0x07, 0xE0, 0x01, 0xFF, 0x40, 0x00, 0x1F, 0x80, 0x0B,
    0xF8, 0x00, 0x00, 0xBD, 0x00, 0x3F, 0xC0, 0x00, 0x03, 0xF0, 0x00, 0x00, 0x00, 0x1A, 0x00, 0x2A,
    0x00, 0x00, 0x00, 0xBC, 0x00, 0xF8, 0x00, 0x00, 0x01, 0xF9, 0x5F, 0xC0, 0x00, 0x00, 0x02, 0xFF,
    0xFC, 0x00, 0x00, 0x00, 0x01, 0xBE, 0x40, 0x00, 0x00, 0x00, 0x00, 0x00, 0x00, 0x00, 0x00, 0x00,
    0x00, 0x00, 0x00, 0x00, 0x0B, 0xC0, 0x00, 0x02, 0xFC, 0x00, 0x3F, 0x00, 0x00, 0x1F, 0xF0, 0x01,
    0xF8, 0x00, 0x00, 0xFF, 0x80, 0x0B, 0xD0, 0x00, 0x0F, 0xFD, 0x00, 0x2F, 0x40, 0x00, 0xBF, 0xF0,
    0x00, 0xFC, 0x00, 0x07, 0xEF, 0xC0, 0x03, 0xF0, 0x00, 0x3F, 0x3E, 0x00, 0x1F, 0x80, 0x03, 0xF1,
    0xF8, 0x00, 0xBD, 0x00, 0x2F, 0x4B, 0xD0, 0x03, 0xF0, 0x01, 0xF8, 0x3F, 0x00, 0x0F, 0xC0, 0x0F,
    0x80, 0xFC, 0x00, 0x3F, 0x00, 0xFC, 0x07, 0xE0, 0x01, 0xF8, 0x0B, 0xC0, 0x2F, 0x40, 0x0B, 0xD0,
    0x7D, 0x00, 0xBC, 0x00, 0x3F, 0x03, 0xE0, 0x03, 0xF0, 0x00, 0xFC, 0x3F, 0x00, 0x0F, 0xC0, 0x07,
    0xE2, 0xF0, 0x00, 0x7E, 0x00, 0x2F, 0x5F, 0x40, 0x02, 0xF4, 0x00, 0xBD, 0xF8, 0x00, 0x0F, 0xC0,
    0x03, 0xFF, 0xC0, 0x00, 0x3F, 0x00, 0x0F, 0xFC, 0x00, 0x01, 0xF8, 0x00, 0x7F, 0xD0, 0x00, 0x07,
    0xE0, 0x02, 0xFE, 0x00, 0x00, 0x2F, 0x40, 0x0F, 0xF0, 0x00, 0x00, 0xFC, 0x00, 0x00, 0x00, 0x2F,
    0x00, 0x00, 0x3F, 0x00, 0x0F, 0xC0, 0x00, 0x3F, 0x40, 0x07, 0xE0, 0x00, 0x3F, 0x40, 0x02, 0xF4,
    0x00, 0x3F, 0x80, 0x00, 0xBC, 0x00, 0x2F, 0x80, 0x00, 0x3F, 0x00, 0x2F, 0xC0, 0x00, 0x0F, 0xC0,
    0x1F, 0xC0, 0x00, 0x07, 0xE0, 0x1F, 0xC0, 0x00, 0x02, 0xF4, 0x0F, 0xD0, 0x00, 0x00, 0xFC, 0x0F,
    0xD0, 0x00, 0x00, 0x3F, 0xFF, 0xD0, 0x00, 0x00, 0x0F, 0xFF, 0xE0, 0x00, 0x00, 0x07, 0xFF, 0xFC,
    0x00, 0x00, 0x02, 0xF4, 0x3F, 0x40, 0x00, 0x00, 0xFC, 0x07, 0xE0, 0x00, 0x00, 0x3F, 0x00, 0xFC,
    0x00, 0x00, 0x1F, 0x80, 0x2F, 0x80, 0x00, 0x0B, 0xD0, 0x03, 0xF0, 0x00, 0x02, 0xF0, 0x00, 0xBD,
    0x00, 0x00, 0xFC, 0x00, 0x1F, 0xC0, 0x00, 0x3F, 0x00, 0x03, 0xF0, 0x00, 0x1F, 0x80, 0x00, 0x7E,
    0x00, 0x0B, 0xD0, 0x00, 0x0F, 0xC0, 0x03, 0xF0, 0x00, 0x02, 0xF4, 0x00, 0x00, 0x00, 0x02, 0xFF,
    0xFF, 0xFF, 0x40, 0x00, 0x00, 0xFF, 0xFF, 0xFF, 0xD0, 0x00, 0x00, 0x7F, 0xFF, 0xFF, 0xF0, 0x00,
    0x00, 0x2F, 0x00, 0x00, 0xFC, 0x00, 0x00, 0x0F, 0xC0, 0x00, 0x7E, 0x00, 0x00, 0x03, 0xE0, 0x00,
    0x2F, 0x40, 0x00, 0x02, 0xF4, 0x00, 0x0F, 0xC0, 0x00, 0x00, 0xFC, 0x00, 0x03, 0xF0, 0x00, 0x00,
    0x3F, 0x00, 0x00, 0xFC, 0x00, 0x00, 0x1F, 0x80, 0x00, 0x7E, 0x00, 0x00, 0x0B, 0xC0, 0x00, 0x2F,
    0x40, 0x00, 0x03, 0xF0, 0x00, 0x0F, 0xC0, 0x00, 0x00, 0xF8, 0x00, 0x03, 0xF0, 0x00, 0x00, 0x7D,
    0x00, 0x01, 0xF8, 0x00, 0x00, 0x2F, 0x00, 0x00, 0x7D, 0x00, 0x00, 0x0F, 0xC0, 0x00, 0x2F, 0x40,
    0x00, 0x07, 0xE0, 0x00, 0x0F, 0xC0, 0x00, 0x02, 0xF4, 0x00, 0x03, 0xF0, 0x00, 0x00, 0xFC, 0x00,
    0x01, 0xF8, 0x00, 0x00, 0x7E, 0x00, 0x00, 0xBD, 0x00, 0x00, 0x3F, 0x00, 0x00, 0x3F, 0x00, 0x0A,
    0xBF, 0x80, 0x00, 0x0F, 0xC0, 0x03, 0xFF, 0xC0, 0x00, 0x03, 0xF0, 0x00, 0xFF, 0x80, 0x00, 0x01,
    0xF8, 0x00, 0x00, 0x00, 0x00, 0x00, 0x00, 0x00, 0x00, 0x00, 0x2F, 0xD0, 0x00, 0x00, 0x0B, 0xF8,
    0x00, 0xFF, 0x80, 0x00, 0x00, 0x7F, 0xE0, 0x07, 0xFE, 0x00, 0x00, 0x03, 0xFF, 0x80, 0x2F, 0xFC,
    0x00, 0x00, 0x1F, 0xFD, 0x00, 0xBE, 0xF0, 0x00, 0x00, 0xFE, 0xF0, 0x03, 0xEB, 0xC0, 0x00, 0x0B,
    0xCF, 0xC0, 0x0F, 0x9F, 0x00, 0x00, 0x3E, 0x3E, 0x00, 0x7D, 0x7C, 0x00, 0x02, 0xF1, 0xF4, 0x02,
    0xF0, 0xF4, 0x00, 0x0F, 0x8B, 0xD0, 0x0F, 0xC3, 0xD0, 0x00, 0xBC, 0x3F, 0x00, 0x3F, 0x0F, 0x80,
    0x03, 0xD0, 0xFC, 0x00, 0xF8, 0x3E, 0x00, 0x3F, 0x07, 0xE0, 0x07, 0xD0, 0xBC, 0x01, 0xF4, 0x1F,
    0x40, 0x2F, 0x02, 0xF0, 0x0F, 0xC0, 0xBC, 0x00, 0xFC, 0x07, 0xC0, 0x7D, 0x03, 0xF0, 0x03, 0xE0,
    0x1F, 0x03, 0xE0, 0x0F, 0xC0, 0x1F, 0x80, 0x3D, 0x1F, 0x00, 0x7E, 0x00, 0x7D, 0x00, 0xF4, 0xF8,
    0x02, 0xF4, 0x02, 0xF0, 0x03, 0xEB, 0xC0, 0x0F, 0xC0, 0x0F, 0xC0, 0x0F, 0xFE, 0x00, 0x3F, 0x00,
    0x3E, 0x00, 0x2F, 0xF0, 0x00, 0xFC, 0x01, 0xF4, 0x00, 0xBF, 0x40, 0x07, 0xE0, 0x0B, 0xD0, 0x01,
    0xFC, 0x00, 0x2F, 0x40, 0x3F, 0x00, 0x07, 0xD0, 0x00, 0xFC, 0x00, 0x00, 0x2F, 0x00, 0x00, 0x07,
    0xD0, 0x03, 0xF0, 0x00, 0x00, 0xBD, 0x00, 0x7E, 0x00, 0x00, 0x0F, 0xC0, 0x0B, 0xD0, 0x00, 0x00,
    0xFC, 0x00, 0xBC, 0x00, 0x00, 0x1F, 0x80, 0x0F, 0xC0, 0x00, 0x01, 0xF8, 0x00, 0xFC, 0x00, 0x00,
    0x2F, 0x40, 0x1F, 0x80, 0x00, 0x03, 0xF0, 0x02, 0xF4, 0x00, 0x00, 0x3F, 0x00, 0x3F, 0x00, 0x00,
    0x07, 0xE0, 0x03, 0xFA, 0xAA, 0xAA, 0xFD, 0x00, 0x3F, 0xFF, 0xFF, 0xFF, 0xC0, 0x07, 0xFF, 0xFF,
    0xFF, 0xFC, 0x00, 0xBD, 0x00, 0x00, 0x0F, 0xC0, 0x0F, 0xC0, 0x00, 0x01, 0xF8, 0x00, 0xFC, 0x00,
    0x00, 0x2F, 0x40, 0x1F, 0x80, 0x00, 0x03, 0xF0, 0x01, 0xF4, 0x00, 0x00, 0x3F, 0x00, 0x2F, 0x40,
    0x00, 0x03, 0xF0, 0x03, 0xF0, 0x00, 0x00, 0x7E, 0x00, 0x3F, 0x00, 0x00, 0x0B, 0xD0, 0x07, 0xE0,
    0x00, 0x00, 0xFC, 0x00, 0xBD, 0x00, 0x00, 0x0F, 0xC0, 0x0F, 0xC0, 0x00, 0x01, 0xF8, 0x00, 0x00,
    0x00, 0x00, 0x00, 0x00, 0x00, 0x00, 0x2F, 0xFF, 0x80, 0x00, 0x00, 0xBF, 0xFF, 0xFD, 0x00, 0x00,
    0xFF, 0xE5, 0xBF, 0xD0, 0x00, 0xFF, 0x40, 0x03, 0xFC, 0x00, 0xBF, 0x00, 0x00, 0x3F, 0x40, 0x7F,
    0x00, 0x00, 0x07, 0xF0, 0x3F, 0x40, 0x00, 0x00, 0xFC, 0x1F, 0xC0, 0x00, 0x00, 0x3F, 0x0B, 0xE0,
    0x00, 0x00, 0x0F, 0xD3, 0xF0, 0x00, 0x00, 0x03, 0xF4, 0xFC, 0x00, 0x00, 0x00, 0xFD, 0x7E, 0x00,
    0x00, 0x00, 0x3F, 0x2F, 0x80, 0x00, 0x00, 0x0F, 0xCF, 0xD0, 0x00, 0x00, 0x07, 0xF3, 0xF4, 0x00,
    0x00, 0x02, 0xF8, 0xFD, 0x00, 0x00, 0x00, 0xFC, 0x3F, 0x40, 0x00, 0x00, 0x7F, 0x0B, 0xE0, 0x00,
    0x00, 0x3F, 0x41, 0xFC, 0x00, 0x00, 0x1F, 0xC0, 0x3F, 0x40, 0x00, 0x1F, 0xD0, 0x0B, 0xF4, 0x00,
    0x1F, 0xE0, 0x00, 0xFF, 0x95, 0xBF, 0xE0, 0x00, 0x0F, 0xFF, 0xFF, 0xD0, 0x00, 0x00, 0x7F, 0xFF,
    0x80, 0x00, 0x00, 0x00, 0x54, 0x00, 0x00, 0x00, 0x00, 0x2F, 0xFF, 0xFF, 0xFF, 0xC0, 0x03, 0xFF,
    0xFF, 0xFF, 0xFC, 0x00, 0x7F, 0xFF, 0xFF, 0xFF, 0xC0, 0x0B, 0xD0, 0x00, 0x01, 0xF8, 0x00, 0xBC,
    0x00, 0x00, 0x2F, 0x40, 0x0F, 0xC0, 0x00, 0x03, 0xF0, 0x00, 0xFC, 0x00, 0x00, 0x3F, 0x00, 0x1F,
    0x80, 0x00, 0x03, 0xF0, 0x02, 0xF4, 0x00, 0x00, 0x7E, 0x00, 0x3F, 0x00, 0x00, 0x0B, 0xD0, 0x03,
    0xF0, 0x00, 0x00, 0xFC, 0x00, 0x3E, 0x00, 0x00, 0x0F, 0xC0, 0x07, 0xE0, 0x00, 0x00, 0xF8, 0x00,
    0xBD, 0x00, 0x00, 0x1F, 0x80, 0x0F, 0xC0, 0x00, 0x02, 0xF4, 0x00, 0xFC, 0x00, 0x00, 0x3F, 0x00,
    0x1F, 0x80, 0x00, 0x03, 0xF0, 0x01, 0xF4, 0x00, 0x00, 0x7E, 0x00, 0x2F, 0x40, 0x00, 0x0B, 0xD0,
    0x03, 0xF0, 0x00, 0x00, 0xBD, 0x00, 0x3F, 0x00, 0x00, 0x0F, 0xC0, 0x07, 0xE0, 0x00, 0x00, 0xFC,
    0x00, 0xBD, 0x00, 0x00, 0x1F, 0x80, 0x0F, 0xC0, 0x00, 0x02, 0xF4, 0x00, 0x00, 0x2F, 0xFE, 0x90,
    0x00, 0x03, 0xFF, 0xFF, 0xC0, 0x00, 0x7F, 0xFF, 0xFF, 0x00, 0x0B, 0xD0, 0x07, 0xFC, 0x00, 0xBC,
    0x00, 0x0F, 0xD0, 0x0F, 0xC0, 0x00, 0xBD, 0x00, 0xFC, 0x00, 0x0B, 0xD0, 0x1F, 0x80, 0x00, 0xBD,
    0x02, 0xF4, 0x00, 0x0F, 0xC0, 0x3F, 0x00, 0x01, 0xFC, 0x03, 0xF0, 0x00, 0x3F, 0x40, 0x3E, 0x00,
    0x1F, 0xF0, 0x07, 0xFF, 0xFF, 0xFC, 0x00, 0xBF, 0xFF, 0xFE, 0x00, 0x0F, 0xEA, 0xA9, 0x00, 0x00,
    0xFC, 0x00, 0x00, 0x00, 0x1F, 0x80, 0x00, 0x00, 0x01, 0xF4, 0x00, 0x00, 0x00, 0x2F, 0x00, 0x00,
    0x00, 0x03, 0xF0, 0x00, 0x00, 0x00, 0x3F, 0x00, 0x00, 0x00, 0x07, 0xE0, 0x00, 0x00, 0x00, 0xBD,
    0x00, 0x00, 0x00, 0x0F, 0xC0, 0x00, 0x00, 0x00, 0x00, 0x00, 0x00, 0x00, 0x00, 0x00, 0x01, 0xBF,
    0xFF, 0x40, 0x00, 0x7F, 0xFF, 0xFF, 0x80, 0x0B, 0xFE, 0x96, 0xFC, 0x00, 0xBF, 0x80, 0x00, 0x10,
    0x0B, 0xF4, 0x00, 0x00, 0x00, 0x3F, 0x40, 0x00, 0x00, 0x03, 0xF8, 0x00, 0x00, 0x00, 0x1F, 0xC0,
    0x00, 0x00, 0x00, 0xBE, 0x00, 0x00, 0x00, 0x03, 0xF0, 0x00, 0x00, 0x00, 0x0F, 0xC0, 0x00, 0x00,
    0x00, 0x7E, 0x00, 0x00, 0x00, 0x02, 0xF8, 0x00, 0x00, 0x00, 0x0B, 0xD0, 0x00, 0x00, 0x00, 0x3F,
    0x40, 0x00, 0x00, 0x00, 0xFD, 0x00, 0x00, 0x00, 0x02, 0xF4, 0x00, 0x00, 0x00, 0x0B, 0xE0, 0x00,
    0x00, 0x00, 0x1F, 0xC0, 0x00, 0x00, 0x00, 0x3F, 0x80, 0x00, 0x00, 0x00, 0x7F, 0x80, 0x00, 0x00,
    0x00, 0xBF, 0xE5, 0x5B, 0x40, 0x00, 0xBF, 0xFF, 0xFD, 0x00, 0x00, 0x7F, 0xFF, 0xE0, 0x00, 0x00,
    0x01, 0x50, 0x00, 0x00, 0x3F, 0xFF, 0xFF, 0xFF, 0x9F, 0xFF, 0xFF, 0xFF, 0xEB, 0xFF, 0xFF, 0xFF,
    0xF4, 0x00, 0x1F, 0x80, 0x00, 0x00, 0x0B, 0xD0, 0x00, 0x00, 0x03, 0xF4, 0x00, 0x00, 0x00, 0xFC,
    0x00, 0x00, 0x00, 0x3F, 0x00, 0x00, 0x00, 0x1F, 0x80, 0x00, 0x00, 0x0B, 0xD0, 0x00, 0x00, 0x03,
    0xF0, 0x00, 0x00, 0x00, 0xFC, 0x00, 0x00, 0x00, 0x3F, 0x00, 0x00, 0x00, 0x1F, 0x80, 0x00, 0x00,
    0x0B, 0xD0, 0x00, 0x00, 0x03, 0xF0, 0x00, 0x00, 0x00, 0xFC, 0x00, 0x00, 0x00, 0x7E, 0x00, 0x00,
    0x00, 0x2F, 0x80, 0x00, 0x00, 0x0B, 0xD0, 0x00, 0x00, 0x03, 0xF0, 0x00, 0x00, 0x00, 0xFC, 0x00,
    0x00, 0x00, 0x7E, 0x00, 0x00, 0x00, 0x2F, 0x40, 0x00, 0x00, 0x01, 0xF4, 0x00, 0x00, 0x0F, 0xC0,
    0x1F, 0x80, 0x00, 0x02, 0xF8, 0x00, 0xFC, 0x00, 0x00, 0x7F, 0x00, 0x0F, 0xC0, 0x00, 0x0F, 0xD0,
    0x00, 0xBD, 0x00, 0x01, 0xFC, 0x00, 0x07, 0xE0, 0x00, 0x3F, 0x00, 0x00, 0x3F, 0x00, 0x0B, 0xE0,
    0x00, 0x02, 0xF0, 0x00, 0xFC, 0x00, 0x00, 0x1F, 0x40, 0x2F, 0x40, 0x00, 0x00, 0xF8, 0x03, 0xF0,
    0x00, 0x00, 0x0F, 0xC0, 0xFD, 0x00, 0x00, 0x00, 0xBC, 0x1F, 0x80, 0x00, 0x00, 0x07, 0xD3, 0xF0,
    0x00, 0x00, 0x00, 0x3E, 0x7D, 0x00, 0x00, 0x00, 0x03, 0xFF, 0xC0, 0x00, 0x00, 0x00, 0x2F, 0xF4,
    0x00, 0x00, 0x00, 0x01, 0xFE, 0x00, 0x00, 0x00, 0x00, 0x1F, 0xC0, 0x00, 0x00, 0x00, 0x03, 0xF8,
    0x00, 0x00, 0x00, 0x00, 0xBF, 0x00, 0x00, 0x00, 0x00, 0x2F, 0xC0, 0x00, 0x00, 0x05, 0x6F, 0xF4,
    0x00, 0x00, 0x00, 0xFF, 0xFD, 0x00, 0x00, 0x00, 0x0F, 0xFE, 0x00, 0x00, 0x00, 0x00, 0x14, 0x00,
    0x00, 0x00, 0x00, 0x00, 0x00, 0x00, 0x00, 0x00, 0x00, 0x00, 0x00, 0x00, 0x00, 0x03, 0xF0, 0x00,
    0x00, 0x00, 0x00, 0x01, 0xF8, 0x00, 0x00, 0x00, 0x00, 0x00, 0xBD, 0x00, 0x00, 0x00, 0x00, 0x6F,
    0xFF, 0xFE, 0x00, 0x00, 0x02, 0xFF, 0xFF, 0xFF, 0xF8, 0x00, 0x07, 0xFF, 0x9B, 0xF6, 0xFF, 0x80,
    0x07, 0xF8, 0x02, 0xF4, 0x07, 0xF4, 0x03, 0xF8, 0x00, 0xBD, 0x00, 0x7F, 0x02, 0xF8, 0x00, 0x3F,
    0x00, 0x0F, 0xC0, 0xFC, 0x00, 0x0F, 0xC0, 0x02, 0xF4, 0x7E, 0x00, 0x07, 0xE0, 0x00, 0xBD, 0x2F,
    0x40, 0x02, 0xF4, 0x00, 0x2F, 0x4B, 0xD0, 0x00, 0xFC, 0x00, 0x0F, 0xC2, 0xF0, 0x00, 0x3F, 0x00,
    0x03, 0xF0, 0xBD, 0x00, 0x1F, 0x80, 0x02, 0xF8, 0x2F, 0x80, 0x07, 0xE0, 0x00, 0xFC, 0x03, 0xF0,
    0x02, 0xF4, 0x00, 0xFE, 0x00, 0xBF, 0x00, 0xFC, 0x01, 0xFF, 0x00, 0x0F, 0xFD, 0x7F, 0x5B, 0xFF,
    0x00, 0x00, 0xFF, 0xFF, 0xFF, 0xFD, 0x00, 0x00, 0x06, 0xFF, 0xFF, 0xE4, 0x00, 0x00, 0x00, 0x03,
    0xF4, 0x00, 0x00, 0x00, 0x00, 0x00, 0xFC, 0x00, 0x00, 0x00, 0x00, 0x00, 0x3F, 0x00, 0x00, 0x00,
    0x00, 0x00, 0x05, 0x00, 0x00, 0x00, 0x00, 0x00, 0x0F, 0x80, 0x00, 0x03, 0xE0, 0x00, 0x3F, 0x00,
    0x00, 0x3F, 0x40, 0x00, 0x7E, 0x00, 0x02, 0xF4, 0x00, 0x00, 0xFC, 0x00, 0x2F, 0x80, 0x00, 0x02,
    0xF4, 0x01, 0xFC, 0x00, 0x00, 0x07, 0xE0, 0x0F, 0xC0, 0x00, 0x00, 0x0F, 0xC0, 0xFD, 0x00, 0x00,
    0x00, 0x2F, 0x4B, 0xD0, 0x00, 0x00, 0x00, 0x3E, 0x7E, 0x00, 0x00, 0x00, 0x00, 0xFF, 0xF0, 0x00,
    0x00, 0x00, 0x01, 0xFF, 0x00, 0x00, 0x00, 0x00, 0x03, 0xF4, 0x00, 0x00, 0x00, 0x00, 0x3F, 0xE0,
    0x00, 0x00, 0x00, 0x02, 0xFF, 0xC0, 0x00, 0x00, 0x00, 0x1F, 0x9F, 0x40, 0x00, 0x00, 0x00, 0xFC,
    0x3E, 0x00, 0x00, 0x00, 0x0F, 0xC0, 0xFC, 0x00, 0x00, 0x00, 0xBD, 0x01, 0xF4, 0x00, 0x00, 0x07,
    0xE0, 0x03, 0xF0, 0x00, 0x00, 0x7F, 0x00, 0x0F, 0xC0, 0x00, 0x03, 0xF0, 0x00, 0x1F, 0x80, 0x00,
    0x3F, 0x40, 0x00, 0x3F, 0x00, 0x02, 0xF8, 0x00, 0x00, 0xFD, 0x00, 0x1F, 0xC0, 0x00, 0x01, 0xF8,
    0x00, 0x00, 0x2F, 0x00, 0x00, 0x0B, 0xC0, 0x03, 0xF0, 0x00, 0x00, 0xFC, 0x00, 0x7E, 0x00, 0x00,
    0x0F, 0x80, 0x0B, 0xD0, 0x00, 0x01, 0xF8, 0x00, 0xBD, 0x00, 0x00, 0x2F, 0x40, 0x0F, 0xC0, 0x00,
    0x03, 0xF0, 0x00, 0xFC, 0x00, 0x00, 0x3F, 0x00, 0x1F, 0x80, 0x00, 0x07, 0xE0, 0x02, 0xF4, 0x00,
    0x00, 0xBD, 0x00, 0x3F, 0x00, 0x00, 0x0B, 0xD0, 0x03, 0xF0, 0x00, 0x00, 0xFC, 0x00, 0x3F, 0x00,
    0x00, 0x0F, 0xC0, 0x07, 0xE0, 0x00, 0x01, 0xF8, 0x00, 0xBD, 0x00, 0x00, 0x2F, 0x40, 0x0F, 0xC0,
    0x00, 0x03, 0xF0, 0x00, 0xFC, 0x00, 0x00, 0x3F, 0x00, 0x1F, 0x80, 0x00, 0x03, 0xF0, 0x02, 0xF4,
    0x00, 0x00, 0x7E, 0x00, 0x2F, 0x40, 0x00, 0x0B, 0xD0, 0x03, 0xF0, 0x00, 0x00, 0xFC, 0x00, 0x3F,
    0x00, 0x00, 0x0F, 0xC0, 0x07, 0xFA, 0xAA, 0xAA, 0xFE, 0xA0, 0xBF, 0xFF, 0xFF, 0xFF, 0xFE, 0x0F,
    0xFF, 0xFF, 0xFF, 0xFF, 0xE0, 0x00, 0x00, 0x00, 0x00, 0xBD, 0x00, 0x00, 0x00, 0x00, 0x0F, 0xC0,
    0x00, 0x00, 0x00, 0x00, 0xFC, 0x00, 0x00, 0x00, 0x00, 0x0F, 0x80, 0x00, 0x00, 0x00, 0x01, 0xF4,
    0x00, 0x00, 0x00, 0x00, 0x05, 0x00, 0x07, 0xD0, 0x00, 0x03, 0xE0, 0xFC, 0x00, 0x00, 0x7E, 0x0F,
    0xC0, 0x00, 0x0B, 0xD0, 0xF8, 0x00, 0x00, 0xFC, 0x1F, 0x80, 0x00, 0x0F, 0xC2, 0xF4, 0x00, 0x00,
    0xFC, 0x3F, 0x00, 0x00, 0x1F, 0x83, 0xF0, 0x00, 0x02, 0xF4, 0x3E, 0x00, 0x00, 0x3F, 0x07, 0xF0,
    0x00, 0x03, 0xF0, 0x3F, 0x00, 0x00, 0x3E, 0x03, 0xF8, 0x00, 0x0B, 0xE0, 0x1F, 0xFA, 0xAF, 0xFD,
    0x00, 0xBF, 0xFF, 0xFF, 0xC0, 0x00, 0xBF, 0xFA, 0xFC, 0x00, 0x00, 0x00, 0x1F, 0x80, 0x00, 0x00,
    0x02, 0xF4, 0x00, 0x00, 0x00, 0x3F, 0x00, 0x00, 0x00, 0x03, 0xF0, 0x00, 0x00, 0x00, 0x3F, 0x00,
    0x00, 0x00, 0x07, 0xE0, 0x00, 0x00, 0x00, 0xBD, 0x00, 0x00, 0x00, 0x0F, 0xC0, 0x00, 0x00, 0x00,
    0xFC, 0x00, 0x00, 0x2F, 0x00, 0x00, 0x7D, 0x00, 0x00, 0xF8, 0x00, 0xFC, 0x00, 0x02, 0xF0, 0x00,
    0x07, 0xE0, 0x07, 0xE0, 0x00, 0x0F, 0xC0, 0x00, 0x2F, 0x40, 0x2F, 0x40, 0x00, 0x3F, 0x00, 0x00,
    0xFC, 0x00, 0xBC, 0x00, 0x01, 0xF8, 0x00, 0x03, 0xF0, 0x03, 0xF0, 0x00, 0x0B, 0xD0, 0x00, 0x0F,
    0x80, 0x0F, 0xC0, 0x00, 0x3F, 0x00, 0x00, 0x7E, 0x00, 0x7E, 0x00, 0x00, 0xFC, 0x00, 0x02, 0xF4,
    0x02, 0xF4, 0x00, 0x03, 0xE0, 0x00, 0x0F, 0xC0, 0x0F, 0xC0, 0x00, 0x1F, 0x80, 0x00, 0x3F, 0x00,
    0x3F, 0x00, 0x00, 0xBD, 0x00, 0x01, 0xF8, 0x00, 0xF8, 0x00, 0x03, 0xF0, 0x00, 0x0B, 0xD0, 0x07,
    0xE0, 0x00, 0x0F, 0xC0, 0x00, 0x2F, 0x40, 0x2F, 0x40, 0x00, 0x7E, 0x00, 0x00, 0xFC, 0x00, 0xFC,
    0x00, 0x01, 0xF4, 0x00, 0x03, 0xF0, 0x03, 0xF0, 0x00, 0x0B, 0xD0, 0x00, 0x1F, 0x80, 0x1F, 0x80,
    0x00, 0x3F, 0x00, 0x00, 0xBD, 0x00, 0x7D, 0x00, 0x00, 0xFC, 0x00, 0x03, 0xF0, 0x02, 0xF0, 0x00,
    0x07, 0xE0, 0x00, 0x0F, 0xC0, 0x0F, 0xC0, 0x00, 0x2F, 0x40, 0x00, 0x3F, 0x00, 0x3F, 0x00, 0x00,
    0xFC, 0x00, 0x01, 0xF8, 0x01, 0xFE, 0xAA, 0xAB, 0xFA, 0xAA, 0xAF, 0xD0, 0x0B, 0xFF, 0xFF, 0xFF,
    0xFF, 0xFF, 0xFF, 0x00, 0x3F, 0xFF, 0xFF, 0xFF, 0xFF, 0xFF, 0xFC, 0x00, 0x00, 0x2F, 0x00, 0x00,
    0x7D, 0x00, 0x00, 0xF8, 0x00, 0xFC, 0x00, 0x02, 0xF4, 0x00, 0x07, 0xE0, 0x07, 0xE0, 0x00, 0x0F,
    0xC0, 0x00, 0x2F, 0x40, 0x2F, 0x40, 0x00, 0x3F, 0x00, 0x00, 0xFC, 0x00, 0xBD, 0x00, 0x01, 0xF8,
    0x00, 0x03, 0xF0, 0x03, 0xF0, 0x00, 0x0B, 0xD0, 0x00, 0x0F, 0xC0, 0x0F, 0xC0, 0x00, 0x3F, 0x00,
    0x00, 0x7E, 0x00, 0x7E, 0x00, 0x00, 0xFC, 0x00, 0x02, 0xF4, 0x02, 0xF4, 0x00, 0x03, 0xF0, 0x00,
    0x0F, 0xC0, 0x0F, 0xC0, 0x00, 0x1F, 0x80, 0x00, 0x3F, 0x00, 0x3F, 0x00, 0x00, 0xBD, 0x00, 0x01,
    0xF8, 0x00, 0xFC, 0x00, 0x03, 0xF0, 0x00, 0x07, 0xE0, 0x07, 0xE0, 0x00, 0x0F, 0xC0, 0x00, 0x2F,
    0x40, 0x2F, 0x40, 0x00, 0x7E, 0x00, 0x00, 0xFC, 0x00, 0xFC, 0x00, 0x01, 0xF8, 0x00, 0x03, 0xF0,
    0x03, 0xF0, 0x00, 0x0B, 0xD0, 0x00, 0x1F, 0x80, 0x1F, 0x80, 0x00, 0x3F, 0x00, 0x00, 0xBD, 0x00,
    0x7D, 0x00, 0x00, 0xFC, 0x00, 0x02, 0xF0, 0x02, 0xF4, 0x00, 0x07, 0xE0, 0x00, 0x0F, 0xC0, 0x0F,
    0xC0, 0x00, 0x2F, 0x40, 0x00, 0x3F, 0x00, 0x3F, 0x00, 0x00, 0xBC, 0x00, 0x01, 0xF8, 0x01, 0xFE,
    0xAA, 0xAB, 0xFA, 0xAA, 0xAF, 0xFA, 0x4B, 0xFF, 0xFF, 0xFF, 0xFF, 0xFF, 0xFF, 0xFD, 0x3F, 0xFF,
    0xFF, 0xFF, 0xFF, 0xFF, 0xFF, 0xF0, 0x00, 0x00, 0x00, 0x00, 0x00, 0x00, 0x0F, 0xC0, 0x00, 0x00,
    0x00, 0x00, 0x00, 0x00, 0x3F, 0x00, 0x00, 0x00, 0x00, 0x00, 0x00, 0x01, 0xF8, 0x00, 0x00, 0x00,
    0x00, 0x00, 0x00, 0x0B, 0xD0, 0x00, 0x00, 0x00, 0x00, 0x00, 0x00, 0x2F, 0x00, 0x00, 0x00, 0x00,
    0x00, 0x00, 0x00, 0x14, 0x00, 0x3F, 0xFF, 0xC0, 0x00, 0x1F, 0xFF, 0xF0, 0x00, 0x0B, 0xFF, 0xF8,
    0x00, 0x00, 0x00, 0xBD, 0x00, 0x00, 0x00, 0x3F, 0x00, 0x00, 0x00, 0x0F, 0xC0, 0x00, 0x00, 0x03,
    0xF0, 0x00, 0x00, 0x01, 0xF8, 0x00, 0x00, 0x00, 0xBD, 0x00, 0x00, 0x00, 0x3F, 0xA5, 0x40, 0x00,
    0x0F, 0xFF, 0xFE, 0x00, 0x07, 0xFF, 0xFF, 0xF0, 0x01, 0xF8, 0x06, 0xFE, 0x00, 0xBD, 0x00, 0x1F,
    0xC0, 0x3F, 0x00, 0x03, 0xF4, 0x0F, 0xC0, 0x00, 0xBD, 0x07, 0xE0, 0x00, 0x2F, 0x42, 0xF4, 0x00,
    0x0F, 0xC0, 0xBC, 0x00, 0x03, 0xF0, 0x3F, 0x00, 0x03, 0xF8, 0x0F, 0xC0, 0x02, 0xFC, 0x07, 0xFA,
    0xAF, 0xFD, 0x02, 0xFF, 0xFF, 0xFC, 0x00, 0xFF, 0xFF, 0xE4, 0x00, 0x00, 0x2F, 0x00, 0x00, 0x00,
    0x07, 0xD0, 0x03, 0xF0, 0x00, 0x00, 0x00, 0xBD, 0x00, 0x7E, 0x00, 0x00, 0x00, 0x0F, 0xC0, 0x0B,
    0xD0, 0x00, 0x00, 0x00, 0xFC, 0x00, 0xBC, 0x00, 0x00, 0x00, 0x1F, 0x80, 0x0F, 0xC0, 0x00, 0x00,
    0x02, 0xF4, 0x00, 0xFC, 0x00, 0x00, 0x00, 0x2F, 0x00, 0x1F, 0x80, 0x00, 0x00, 0x03, 0xF0, 0x02,
    0xF4, 0x00, 0x00, 0x00, 0x3F, 0x00, 0x3F, 0xA5, 0x40, 0x00, 0x07, 0xE0, 0x03, 0xFF, 0xFF, 0x80,
    0x00, 0xBD, 0x00, 0x3F, 0xFF, 0xFF, 0x00, 0x0F, 0xC0, 0x07, 0xE0, 0x1B, 0xF8, 0x00, 0xFC, 0x00,
    0xBD, 0x00, 0x1F, 0xC0, 0x0F, 0xC0, 0x0F, 0xC0, 0x00, 0xFD, 0x01, 0xF8, 0x00, 0xFC, 0x00, 0x0B,
    0xD0, 0x2F, 0x40, 0x1F, 0x80, 0x00, 0xFD, 0x03, 0xF0, 0x01, 0xF4, 0x00, 0x0F, 0xC0, 0x3F, 0x00,
    0x2F, 0x40, 0x01, 0xFC, 0x07, 0xE0, 0x03, 0xF0, 0x00, 0x3F, 0x40, 0x7D, 0x00, 0x3F, 0x00, 0x0F,
    0xF0, 0x0B, 0xD0, 0x07, 0xFA, 0xAF, 0xFC, 0x00, 0xFC, 0x00, 0xBF, 0xFF, 0xFF, 0x00, 0x0F, 0xC0,
    0x0F, 0xFF, 0xFE, 0x00, 0x01, 0xF8, 0x00, 0x00, 0x2F, 0x00, 0x00, 0x00, 0x3F, 0x00, 0x00, 0x00,
    0x7E, 0x00, 0x00, 0x00, 0xBD, 0x00, 0x00, 0x00, 0xBC, 0x00, 0x00, 0x00, 0xFC, 0x00, 0x00, 0x00,
    0xFC, 0x00, 0x00, 0x01, 0xF8, 0x00, 0x00, 0x02, 0xF4, 0x00, 0x00, 0x03, 0xFA, 0x54, 0x00, 0x03,
    0xFF, 0xFF, 0x80, 0x03, 0xFF, 0xFF, 0xF0, 0x07, 0xE0, 0x0B, 0xF8, 0x0B, 0xD0, 0x01, 0xFC, 0x0F,
    0xC0, 0x00, 0xFD, 0x0F, 0xC0, 0x00, 0xBE, 0x1F, 0x80, 0x00, 0xBD, 0x1F, 0x40, 0x00, 0xFD, 0x2F,
    0x40, 0x00, 0xFC, 0x3F, 0x00, 0x02, 0xF8, 0x3F, 0x00, 0x0B, 0xF0, 0x7F, 0xAA, 0xFF, 0xD0, 0xBF,
    0xFF, 0xFF, 0x00, 0xFF, 0xFF, 0xE4, 0x00, 0x00, 0x00, 0x00, 0x00, 0x00, 0x00, 0x6F, 0xFF, 0xE4,
    0x00, 0x00, 0xFF, 0xFF, 0xFE, 0x00, 0x00, 0xFE, 0x96, 0xFF, 0x80, 0x00, 0x00, 0x00, 0x1F, 0xD0,
    0x00, 0x00, 0x00, 0x07, 0xF0, 0x00, 0x00, 0x00, 0x03, 0xF4, 0x00, 0x00, 0x00, 0x02, 0xF4, 0x00,
    0x00, 0x00, 0x01, 0xF8, 0x00, 0x00, 0x00, 0x01, 0xF8, 0x00, 0x00, 0x00, 0x01, 0xF8, 0x00, 0x0A,
    0xAA, 0xAB, 0xF8, 0x00, 0x1F, 0xFF, 0xFF, 0xF4, 0x00, 0x2F, 0xFF, 0xFF, 0xF4, 0x00, 0x00, 0x00,
    0x03, 0xF0, 0x00, 0x00, 0x00, 0x07, 0xF0, 0x00, 0x00, 0x00, 0x0B, 0xE0, 0x00, 0x00, 0x00, 0x0F,
    0xC0, 0x00, 0x00, 0x00, 0x2F, 0xC0, 0x00, 0x00, 0x00, 0x3F, 0x40, 0x00, 0x00, 0x00, 0xFE, 0x00,
    0x00, 0x00, 0x07, 0xFC, 0x00, 0x7A, 0x55, 0xBF, 0xF0, 0x00, 0x7F, 0xFF, 0xFF, 0x80, 0x00, 0x3F,
    0xFF, 0xF8, 0x00, 0x00, 0x00, 0x55, 0x00, 0x00, 0x00, 0x00, 0x00, 0x00, 0x00, 0x00, 0x00, 0x00,
    0x00, 0x02, 0xF0, 0x00, 0x01, 0xFF, 0xF8, 0x00, 0x00, 0x3F, 0x00, 0x01, 0xFF, 0xFF, 0xF4, 0x00,
    0x07, 0xE0, 0x00, 0xBF, 0xE5, 0xBF, 0xD0, 0x00, 0xBD, 0x00, 0x1F, 0xE0, 0x00, 0xBF, 0x00, 0x0B,
    0xC0, 0x03, 0xF4, 0x00, 0x03, 0xF8, 0x00, 0xFC, 0x00, 0xFE, 0x00, 0x00, 0x1F, 0xC0, 0x0F, 0xC0,
    0x1F, 0xC0, 0x00, 0x00, 0xFC, 0x01, 0xF8, 0x03, 0xF4, 0x00, 0x00, 0x0B, 0xD0, 0x2F, 0x40, 0x3F,
    0x00, 0x00, 0x00, 0xBD, 0x03, 0xF0, 0x0B, 0xE0, 0x00, 0x00, 0x0B, 0xD0, 0x3F, 0xAA, 0xFD, 0x00,
    0x00, 0x00, 0xBD, 0x03, 0xFF, 0xFF, 0xC0, 0x00, 0x00, 0x0F, 0xD0, 0x7F, 0xFF, 0xFC, 0x00, 0x00,
    0x00, 0xFC, 0x0B, 0xD0, 0x1F, 0xC0, 0x00, 0x00, 0x1F, 0xC0, 0xFC, 0x01, 0xFC, 0x00, 0x00, 0x02,
    0xF8, 0x0F, 0xC0, 0x1F, 0xC0, 0x00, 0x00, 0x3F, 0x41, 0xF8, 0x01, 0xFC, 0x00, 0x00, 0x03, 0xF0,
    0x1F, 0x40, 0x0F, 0xC0, 0x00, 0x00, 0xBE, 0x02, 0xF4, 0x00, 0xFD, 0x00, 0x00, 0x1F, 0xC0, 0x3F,
    0x00, 0x0B, 0xF0, 0x00, 0x03, 0xF4, 0x03, 0xF0, 0x00, 0x3F, 0x80, 0x01, 0xFE, 0x00, 0x7E, 0x00,
    0x01, 0xFF, 0x55, 0xFF, 0xC0, 0x0B, 0xD0, 0x00, 0x07, 0xFF, 0xFF, 0xE0, 0x00, 0xFC, 0x00, 0x00,
    0x0B, 0xFF, 0xE0, 0x00, 0x00, 0x00, 0x00, 0x00, 0x01, 0x40, 0x00, 0x00, 0x00, 0x00, 0x01, 0xAF,
    0xFF, 0xC0, 0x00, 0x02, 0xFF, 0xFF, 0xFC, 0x00, 0x00, 0xFF, 0xFF, 0xFF, 0xC0, 0x00, 0x3F, 0xD0,
    0x01, 0xF8, 0x00, 0x07, 0xF0, 0x00, 0x2F, 0x40, 0x00, 0xBD, 0x00, 0x02, 0xF0, 0x00, 0x0F, 0xC0,
    0x00, 0x3F, 0x00, 0x00, 0xFC, 0x00, 0x03, 0xF0, 0x00, 0x0F, 0xC0, 0x00, 0x7E, 0x00, 0x00, 0xFD,
    0x00, 0x0B, 0xD0, 0x00, 0x07, 0xF4, 0x00, 0xFC, 0x00, 0x00, 0x2F, 0xF5, 0x5F, 0xC0, 0x00, 0x00,
    0xBF, 0xFF, 0xF8, 0x00, 0x00, 0x03, 0xFF, 0xFF, 0x80, 0x00, 0x00, 0xFE, 0x02, 0xF4, 0x00, 0x00,
    0x2F, 0xC0, 0x3F, 0x00, 0x00, 0x07, 0xF0, 0x03, 0xF0, 0x00, 0x00, 0xFD, 0x00, 0x7E, 0x00, 0x00,
    0x3F, 0x80, 0x07, 0xD0, 0x00, 0x0F, 0xF0, 0x00, 0xBD, 0x00, 0x02, 0xFC, 0x00, 0x0F, 0xC0, 0x00,
    0x7F, 0x40, 0x00, 0xFC, 0x00, 0x0F, 0xE0, 0x00, 0x1F, 0x80, 0x03, 0xF8, 0x00, 0x02, 0xF4, 0x00,
    0x00, 0x00, 0x00, 0x00, 0x00, 0x00, 0xBF, 0xE0, 0x7C, 0x00, 0x7F, 0xFF, 0x8B, 0xC0, 0x1F, 0xF5,
    0x7D, 0xF8, 0x03, 0xF4, 0x00, 0xFF, 0x40, 0xBE, 0x00, 0x0B, 0xF0, 0x0F, 0xC0, 0x00, 0x7F, 0x02,
    0xF8, 0x00, 0x07, 0xE0, 0x3F, 0x00, 0x00, 0x7E, 0x03, 0xF0, 0x00, 0x0B, 0xD0, 0x7E, 0x00, 0x00,
    0xFC, 0x0B, 0xD0, 0x00, 0x0F, 0xC0, 0xBD, 0x00, 0x02, 0xF8, 0x0B, 0xD0, 0x00, 0x3F, 0x40, 0xBE,
    0x00, 0x0F, 0xF4, 0x07, 0xF0, 0x02, 0xFF, 0x00, 0x3F, 0x81, 0xFA, 0xF0, 0x01, 0xFF, 0xFE, 0x3E,
    0x00, 0x0B, 0xFF, 0x43, 0xD0, 0x00, 0x05, 0x00, 0x00, 0x00, 0x00, 0x00, 0x00, 0x00, 0x40, 0x00,
    0x00, 0x6B, 0xFE, 0x00, 0x00, 0x7F, 0xFF, 0xE0, 0x00, 0x3F, 0xFE, 0x90, 0x00, 0x1F, 0xF4, 0x00,
    0x00, 0x03, 0xF4, 0x00, 0x00, 0x00, 0xFD, 0x00, 0x00, 0x00, 0x1F, 0x80, 0x00, 0x00, 0x03, 0xF0,
    0x00, 0x00, 0x00, 0x7E, 0x1F, 0xFD, 0x00, 0x0F, 0xCB, 0xFF, 0xF8, 0x00, 0xFE, 0xF5, 0x7F, 0xD0,
    0x1F, 0xF4, 0x00, 0xBF, 0x02, 0xFD, 0x00, 0x03, 0xF0, 0x3F, 0xC0, 0x00, 0x3F, 0x03, 0xF4, 0x00,
    0x03, 0xF0, 0x3F, 0x00, 0x00, 0x3F, 0x03, 0xF0, 0x00, 0x03, 0xF0, 0x3E, 0x00, 0x00, 0x7E, 0x03,
    0xE0, 0x00, 0x0B, 0xD0, 0x3E, 0x00, 0x00, 0xFC, 0x03, 0xF0, 0x00, 0x2F, 0x80, 0x2F, 0x40, 0x07,
    0xF0, 0x01, 0xFD, 0x02, 0xFD, 0x00, 0x0B, 0xFF, 0xFF, 0x40, 0x00, 0x1F, 0xFF, 0x80, 0x00, 0x00,
    0x05, 0x00, 0x00, 0x00, 0x00, 0x00, 0x00, 0x00, 0x00, 0x0B, 0xFF, 0x80, 0x00, 0x7F, 0xFF, 0xF0,
    0x01, 0xFE, 0x57, 0xFC, 0x03, 0xF4, 0x00, 0xFC, 0x0F, 0xD0, 0x00, 0xFC, 0x1F, 0x80, 0x00, 0xFC,
    0x2F, 0x40, 0x02, 0xF8, 0x3F, 0x00, 0x1F, 0xE0, 0x7F, 0xFF, 0xFE, 0x40, 0x7F, 0xFF, 0xFE, 0x00,
    0xBE, 0x55, 0x6F, 0xD0, 0xBD, 0x00, 0x07, 0xF0, 0xBD, 0x00, 0x03, 0xF0, 0x7E, 0x00, 0x03, 0xF0,
    0x3F, 0x00, 0x07, 0xF0, 0x2F, 0xD0, 0x2F, 0xD0, 0x0F, 0xFF, 0xFF, 0x40, 0x02, 0xFF, 0xF8, 0x00,
    0x00, 0x05, 0x40, 0x00, 0x00, 0x00, 0x00, 0x00, 0x01, 0xBF, 0xF9, 0x00, 0x2F, 0xFF, 0xFD, 0x00,
    0x3E, 0x56, 0xFC, 0x00, 0x00, 0x03, 0xF4, 0x00, 0x00, 0x0B, 0xD0, 0x00, 0x00, 0x3F, 0x00, 0x00,
    0x07, 0xF8, 0x00, 0x01, 0xFF, 0x80, 0x00, 0xBF, 0xF4, 0x00, 0x2F, 0xF9, 0x00, 0x03, 0xFE, 0x00,
    0x00, 0x2F, 0x80, 0x00, 0x00, 0xFC, 0x00, 0x00, 0x03, 0xF0, 0x00, 0x00, 0x0F, 0xC0, 0x00, 0x00,
    0x3F, 0xD0, 0x1F, 0x00, 0x7F, 0xFF, 0xFC, 0x00, 0x3F, 0xFF, 0x90, 0x00, 0x05, 0x40, 0x00, 0x00,
    0x06, 0xA9, 0x00, 0x00, 0x1F, 0xFF, 0xF4, 0x00, 0x03, 0xFF, 0xFF, 0x80, 0x00, 0x40, 0x07, 0xF4,
    0x00, 0x00, 0x00, 0x7F, 0x00, 0x00, 0x00, 0x0F, 0xC0, 0x00, 0x00, 0x02, 0xF4, 0x00, 0x00, 0x00,
    0x7E, 0x00, 0x00, 0x00, 0x0F, 0xC0, 0x06, 0xFF, 0x83, 0xF0, 0x0B, 0xFF, 0xFC, 0xFC, 0x0B, 0xF8,
    0x1F, 0xFE, 0x0B, 0xF0, 0x00, 0xFF, 0x83, 0xF0, 0x00, 0x1F, 0xE2, 0xF8, 0x00, 0x03, 0xF4, 0xFC,
    0x00, 0x00, 0xFC, 0x3F, 0x00, 0x00, 0x3F, 0x1F, 0x80, 0x00, 0x1F, 0x8B, 0xD0, 0x00, 0x0B, 0xD2,
    0xF4, 0x00, 0x03, 0xF0, 0xBD, 0x00, 0x02, 0xF8, 0x1F, 0x80, 0x00, 0xFC, 0x03, 0xF0, 0x00, 0xFE,
    0x00, 0xBF, 0x41, 0xFE, 0x00, 0x0F, 0xFF, 0xFE, 0x00, 0x00, 0xBF, 0xFD, 0x00, 0x00, 0x00, 0x50,
    0x00, 0x00, 0x00, 0x00, 0x00, 0x00, 0x00, 0x2F, 0xFD, 0x00, 0x07, 0xFF, 0xFE, 0x00, 0x7F, 0xD6,
    0xFD, 0x03, 0xF4, 0x02, 0xF4, 0x2F, 0x80, 0x07, 0xD0, 0xFC, 0x00, 0x2F, 0x4B, 0xD0, 0x02, 0xFC,
    0x3F, 0x01, 0xBF, 0xC0, 0xFF, 0xFF, 0xFC, 0x07, 0xFF, 0xFE, 0x00, 0x2F, 0x90, 0x00, 0x00, 0xBD,
    0x00, 0x00, 0x01, 0xF4, 0x00, 0x00, 0x07, 0xE0, 0x00, 0x00, 0x0F, 0xC0, 0x00, 0x00, 0x2F, 0xD0,
    0x1B, 0x40, 0x3F, 0xFF, 0xFD, 0x00, 0x2F, 0xFF, 0x90, 0x00, 0x01, 0x40, 0x00, 0x00, 0x00, 0x00,
    0x00, 0x00, 0x00, 0x00, 0x00, 0x03, 0xFE, 0x00, 0x03, 0xE0, 0x00, 0x7F, 0xD0, 0x0F, 0xFE, 0x00,
    0x0F, 0x80, 0x0F, 0xFF, 0x40, 0x15, 0xFD, 0x00, 0x7D, 0x00, 0xFF, 0x58, 0x00, 0x01, 0xFC, 0x02,
    0xF0, 0x0B, 0xE0, 0x00, 0x00, 0x03, 0xF0, 0x0F, 0xC0, 0x3F, 0x00, 0x00, 0x00, 0x0B, 0xC0, 0x3F,
    0x02, 0xF0, 0x00, 0x00, 0x00, 0x2F, 0x00, 0xF8, 0x0F, 0xC0, 0x00, 0x00, 0x00, 0xBD, 0x07, 0xD0,
    0x7E, 0x00, 0x00, 0x00, 0x03, 0xFF, 0xFF, 0xFF, 0xF4, 0x00, 0x00, 0x00, 0x0F, 0xFF, 0xFF, 0xFF,
    0xC0, 0x00, 0x00, 0x00, 0x3E, 0x57, 0xF5, 0x7F, 0x00, 0x00, 0x00, 0x02, 0xF4, 0x1F, 0x80, 0xFC,
    0x00, 0x00, 0x00, 0x0F, 0xC0, 0x7D, 0x03, 0xF0, 0x00, 0x00, 0x00, 0x7E, 0x02, 0xF0, 0x0F, 0xC0,
    0x00, 0x00, 0x03, 0xF0, 0x0F, 0xC0, 0x2F, 0x40, 0x00, 0x10, 0x7F, 0x40, 0x3E, 0x00, 0x7F, 0x40,
    0x00, 0xFF, 0xF4, 0x01, 0xF4, 0x00, 0xBF, 0xF4, 0x07, 0xFF, 0x40, 0x0B, 0xC0, 0x00, 0xBF, 0xD0,
    0x01, 0x40, 0x00, 0x00, 0x00, 0x00, 0x14, 0x00, 0x00, 0x00, 0x00, 0x00, 0x1B, 0xFF, 0xD0, 0x07,
    0xFF, 0xFF, 0x80, 0x3E, 0x56, 0xFD, 0x00, 0x00, 0x0B, 0xE0, 0x00, 0x00, 0x7E, 0x00, 0x00, 0x07,
    0xD0, 0x00, 0x00, 0xFC, 0x00, 0x15, 0xBF, 0x40, 0x0B, 0xFF, 0x80, 0x00, 0xFF, 0xFC, 0x00, 0x00,
    0x0B, 0xF0, 0x00, 0x00, 0x2F, 0x40, 0x00, 0x01, 0xF8, 0x00, 0x00, 0x1F, 0x40, 0x00, 0x03, 0xF0,
    0xE4, 0x01, 0xFE, 0x0F, 0xFF, 0xFF, 0xC0, 0x7F, 0xFF, 0xD0, 0x00, 0x05, 0x40, 0x00, 0x02, 0xF0,
    0x00, 0x0B, 0xC0, 0x3F, 0x00, 0x00, 0xFC, 0x03, 0xF0, 0x00, 0x0F, 0x80, 0x7E, 0x00, 0x01, 0xF4,
    0x0B, 0xD0, 0x00, 0x2F, 0x40, 0xBC, 0x00, 0x03, 0xF0, 0x0F, 0xC0, 0x00, 0x3F, 0x00, 0xFC, 0x00,
    0x07, 0xE0, 0x1F, 0x80, 0x00, 0x7D, 0x02, 0xF4, 0x00, 0x0B, 0xC0, 0x3F, 0x00, 0x00, 0xFC, 0x03,
    0xF0, 0x00, 0x1F, 0xC0, 0x3E, 0x00, 0x03, 0xF8, 0x07, 0xE0, 0x00, 0xBF, 0x40, 0x3F, 0x00, 0x2F,
    0xF0, 0x03, 0xF8, 0x1F, 0xAF, 0x00, 0x2F, 0xFF, 0xE3, 0xE0, 0x00, 0xBF, 0xF4, 0x3E, 0x00, 0x00,
    0x50, 0x00, 0x00, 0x00, 0x00, 0x0B, 0x80, 0x0F, 0x40, 0x00, 0xFC, 0x02, 0xF0, 0x00, 0x0B, 0xD0,
    0xBE, 0x00, 0x00, 0x3F, 0xFF, 0x80, 0x00, 0x00, 0x6F, 0x90, 0x00, 0x00, 0x00, 0x00, 0x00, 0x00,
    0x00, 0x00, 0x00, 0x00, 0x2F, 0x00, 0x00, 0xBC, 0x03, 0xF0, 0x00, 0x0F, 0xC0, 0x3F, 0x00, 0x00,
    0xF8, 0x07, 0xE0, 0x00, 0x1F, 0x40, 0xBD, 0x00, 0x02, 0xF4, 0x0B, 0xC0, 0x00, 0x3F, 0x00, 0xFC,
    0x00, 0x03, 0xF0, 0x0F, 0xC0, 0x00, 0x7E, 0x01, 0xF8, 0x00, 0x07, 0xD0, 0x2F, 0x40, 0x00, 0xBC,
    0x03, 0xF0, 0x00, 0x0F, 0xC0, 0x3F, 0x00, 0x01, 0xFC, 0x03, 0xE0, 0x00, 0x3F, 0x80, 0x7E, 0x00,
    0x0B, 0xF4, 0x03, 0xF0, 0x02, 0xFF, 0x00, 0x3F, 0x81, 0xFA, 0xF0, 0x02, 0xFF, 0xFE, 0x3E, 0x00,
    0x0B, 0xFF, 0x43, 0xE0, 0x00, 0x05, 0x00, 0x00, 0x00, 0x00, 0x7D, 0x00, 0x0B, 0xE0, 0x0B, 0xC0,
    0x02, 0xF8, 0x00, 0xFC, 0x00, 0x7F, 0x00, 0x0F, 0xC0, 0x1F, 0xC0, 0x01, 0xF8, 0x03, 0xF0, 0x00,
    0x2F, 0x40, 0xFC, 0x00, 0x03, 0xF0, 0x3F, 0x40, 0x00, 0x3F, 0x5F, 0xD0, 0x00, 0x03, 0xFF, 0xF8,
    0x00, 0x00, 0x7F, 0xFF, 0x80, 0x00, 0x0B, 0xD0, 0xFC, 0x00, 0x00, 0xFC, 0x0B, 0xD0, 0x00, 0x0F,
    0xC0, 0x3F, 0x00, 0x01, 0xF8, 0x02, 0xF4, 0x00, 0x1F, 0x40, 0x0F, 0xC0, 0x02, 0xF4, 0x00, 0xFD,
    0x00, 0x3F, 0x00, 0x07, 0xF0, 0x03, 0xF0, 0x00, 0x3F, 0x40, 0x00, 0x00, 0x7F, 0xFF, 0xFF, 0x00,
    0x00, 0x2F, 0xFF, 0xFF, 0xC0, 0x00, 0x0F, 0xEA, 0xAF, 0xE0, 0x00, 0x03, 0xE0, 0x02, 0xF4, 0x00,
    0x01, 0xF4, 0x00, 0xFC, 0x00, 0x00, 0xFC, 0x00, 0x3F, 0x00, 0x00, 0x3F, 0x00, 0x0F, 0x80, 0x00,
    0x1F, 0x80, 0x07, 0xE0, 0x00, 0x0B, 0xD0, 0x02, 0xF4, 0x00, 0x03, 0xF0, 0x00, 0xFC, 0x00, 0x00,
    0xF8, 0x00, 0x3F, 0x00, 0x00, 0x7D, 0x00, 0x1F, 0x80, 0x00, 0x2F, 0x00, 0x0B, 0xD0, 0x00, 0x0F,
    0xC0, 0x02, 0xF0, 0x00, 0x0B, 0xD0, 0x00, 0xFC, 0x00, 0x5F, 0xF0, 0x00, 0x3F, 0x00, 0x7F, 0xF0,
    0x00, 0x1F, 0x80, 0x1F, 0xF0, 0x00, 0x0B, 0xD0, 0x00, 0x00, 0x00, 0x00, 0x00, 0x00, 0x00, 0x7F,
    0x40, 0x00, 0x02, 0xFF, 0x00, 0x2F, 0xE0, 0x00, 0x00, 0xFF, 0x80, 0x0F, 0xFC, 0x00, 0x00, 0xFF,
    0xE0, 0x03, 0xEF, 0x00, 0x00, 0x7E, 0xF4, 0x01, 0xF7, 0xD0, 0x00, 0x3F, 0xBC, 0x00, 0xBC, 0xF4,
    0x00, 0x2F, 0x3F, 0x00, 0x3F, 0x3E, 0x00, 0x0F, 0x8F, 0x80, 0x0F, 0x8B, 0xC0, 0x0F, 0xC7, 0xD0,
    0x03, 0xD1, 0xF0, 0x07, 0xD2, 0xF4, 0x01, 0xF4, 0x3C, 0x03, 0xF0, 0xBC, 0x00, 0xBC, 0x0F, 0x42,
    0xF0, 0x3F, 0x00, 0x3F, 0x03, 0xE0, 0xF8, 0x0F, 0x80, 0x0F, 0x80, 0xB8, 0xFC, 0x07, 0xD0, 0x07,
    0xD0, 0x1F, 0x7D, 0x02, 0xF0, 0x01, 0xF0, 0x07, 0xFF, 0x00, 0xFC, 0x00, 0xBC, 0x00, 0xFF, 0x00,
    0x3F, 0x00, 0x3F, 0x00, 0x3F, 0x80, 0x0F, 0x80, 0x0F, 0x80, 0x0F, 0xC0, 0x07, 0xD0, 0x00, 0x00,
    0x7D, 0x00, 0x02, 0xF0, 0x02, 0xF0, 0x00, 0x0F, 0xC0, 0x0F, 0xC0, 0x00, 0x3F, 0x00, 0x3F, 0x00,
    0x01, 0xF8, 0x01, 0xF8, 0x00, 0x0B, 0xD0, 0x0B, 0xD0, 0x00, 0x3F, 0x00, 0x3F, 0x00, 0x00, 0xFC,
    0x00, 0xFD, 0x55, 0x5B, 0xE0, 0x03, 0xFF, 0xFF, 0xFF, 0x80, 0x1F, 0xFF, 0xFF, 0xFD, 0x00, 0xBD,
    0x00, 0x03, 0xF0, 0x03, 0xF0, 0x00, 0x0F, 0xC0, 0x0F, 0xC0, 0x00, 0x7E, 0x00, 0x7E, 0x00, 0x02,
    0xF4, 0x01, 0xF4, 0x00, 0x0B, 0xC0, 0x0B, 0xD0, 0x00, 0x3F, 0x00, 0x3F, 0x00, 0x00, 0xFC, 0x00,
    0xFC, 0x00, 0x07, 0xE0, 0x00, 0x00, 0x00, 0x00, 0x00, 0x00, 0x02, 0xFF, 0xE0, 0x00, 0x07, 0xFF,
    0xFF, 0x00, 0x07, 0xF9, 0x5F, 0xF0, 0x03, 0xF4, 0x00, 0xBE, 0x03, 0xF4, 0x00, 0x0F, 0xC1, 0xFC,
    0x00, 0x03, 0xF0, 0xBD, 0x00, 0x00, 0xFC, 0x3F, 0x00, 0x00, 0x3F, 0x0F, 0xC0, 0x00, 0x0F, 0xC7,
    0xE0, 0x00, 0x03, 0xF1, 0xF4, 0x00, 0x01, 0xF8, 0x7D, 0x00, 0x00, 0xBD, 0x1F, 0x80, 0x00, 0x3F,
    0x03, 0xF0, 0x00, 0x2F, 0x80, 0xFD, 0x00, 0x1F, 0xC0, 0x1F, 0xD0, 0x2F, 0xC0, 0x02, 0xFF, 0xFF,
    0xD0, 0x00, 0x1F, 0xFF, 0x80, 0x00, 0x00, 0x14, 0x00, 0x00, 0x00, 0x00, 0x00, 0x00, 0x00, 0x07,
    0xC1, 0xFF, 0xD0, 0x00, 0xBC, 0xBF, 0xFF, 0x00, 0x0F, 0xAF, 0x9B, 0xF8, 0x00, 0xFF, 0xC0, 0x1F,
    0xC0, 0x1F, 0xF0, 0x00, 0xFC, 0x02, 0xFC, 0x00, 0x0F, 0xC0, 0x3F, 0x80, 0x00, 0xFC, 0x03, 0xF0,
    0x00, 0x1F, 0x80, 0x3F, 0x00, 0x02, 0xF4, 0x07, 0xE0, 0x00, 0x3F, 0x00, 0xBD, 0x00, 0x03, 0xF0,
    0x0F, 0xC0, 0x00, 0x3F, 0x00, 0xFC, 0x00, 0x07, 0xE0, 0x1F, 0x80, 0x00, 0xBD, 0x01, 0xF4, 0x00,
    0x0F, 0xC0, 0x2F, 0x00, 0x00, 0xFC, 0x03, 0xF0, 0x00, 0x1F, 0x80, 0x3F, 0x00, 0x02, 0xF4, 0x00,
    0x00, 0x00, 0x00, 0x00, 0x00, 0x00, 0x7C, 0x0B, 0xFD, 0x00, 0x02, 0xF1, 0xFF, 0xFD, 0x00, 0x0F,
    0x9F, 0x97, 0xFC, 0x00, 0x3F, 0xF0, 0x03, 0xF4, 0x01, 0xFF, 0x00, 0x0B, 0xE0, 0x0B, 0xF4, 0x00,
    0x1F, 0x80, 0x3F, 0x80, 0x00, 0x7E, 0x00, 0xFD, 0x00, 0x01, 0xF8, 0x03, 0xF0, 0x00, 0x0B, 0xD0,
    0x1F, 0xC0, 0x00, 0x2F, 0x40, 0xBE, 0x00, 0x00, 0xFC, 0x03, 0xF8, 0x00, 0x07, 0xF0, 0x0F, 0xD0,
    0x00, 0x3F, 0x40, 0x7F, 0x80, 0x01, 0xFC, 0x01, 0xFF, 0x00, 0x1F, 0xD0, 0x0B, 0xEF, 0x42, 0xFE,
    0x00, 0x3F, 0x3F, 0xFF, 0xE0, 0x00, 0xFC, 0x2F, 0xFD, 0x00, 0x07, 0xE0, 0x05, 0x00, 0x00, 0x2F,
    0x40, 0x00, 0x00, 0x00, 0xBC, 0x00, 0x00, 0x00, 0x03, 0xF0, 0x00, 0x00, 0x00, 0x0F, 0x80, 0x00,
    0x00, 0x00, 0x7E, 0x00, 0x00, 0x00, 0x02, 0xF4, 0x00, 0x00, 0x00, 0x0F, 0xC0, 0x00, 0x00, 0x00,
    0x00, 0x00, 0x00, 0x00, 0x00, 0x00, 0x2F, 0xFF, 0x80, 0x07, 0xFF, 0xFF, 0x00, 0x7F, 0xD5, 0xB8,
    0x03, 0xF4, 0x00, 0x00, 0x3F, 0x40, 0x00, 0x01, 0xFC, 0x00, 0x00, 0x0B, 0xD0, 0x00, 0x00, 0x3F,
    0x00, 0x00, 0x00, 0xFC, 0x00, 0x00, 0x07, 0xE0, 0x00, 0x00, 0x2F, 0x40, 0x00, 0x00, 0xBD, 0x00,
    0x00, 0x02, 0xF4, 0x00, 0x00, 0x07, 0xE0, 0x00, 0x00, 0x0F, 0xC0, 0x00, 0x00, 0x2F, 0xD0, 0x1A,
    0x00, 0x3F, 0xFF, 0xF8, 0x00, 0x2F, 0xFF, 0x90, 0x00, 0x01, 0x40, 0x00, 0x00, 0x00, 0x00, 0x00,
    0x00, 0x00, 0x00, 0x00, 0x7C, 0x1F, 0xF8, 0x00, 0xBF, 0xD0, 0x00, 0xBC, 0x7F, 0xFF, 0x07, 0xFF,
    0xF4, 0x00, 0xF9, 0xF5, 0x7F, 0x5F, 0x97, 0xFC, 0x00, 0xFF, 0x80, 0x1F, 0xBC, 0x00, 0xFC, 0x01,
    0xFF, 0x00, 0x1F, 0xF0, 0x00, 0xFC, 0x02, 0xFC, 0x00, 0x1F, 0xD0, 0x00, 0xFC, 0x03, 0xF8, 0x00,
    0x1F, 0xC0, 0x00, 0xFC, 0x03, 0xF0, 0x00, 0x2F, 0x40, 0x01, 0xF8, 0x03, 0xF0, 0x00, 0x3F, 0x00,
    0x01, 0xF4, 0x07, 0xE0, 0x00, 0x3F, 0x00, 0x02, 0xF4, 0x0B, 0xD0, 0x00, 0x7E, 0x00, 0x03, 0xF0,
    0x0F, 0xC0, 0x00, 0xBD, 0x00, 0x03, 0xF0, 0x0F, 0xC0, 0x00, 0xBC, 0x00, 0x07, 0xE0, 0x1F, 0x80,
    0x00, 0xFC, 0x00, 0x0B, 0xD0, 0x1F, 0x40, 0x00, 0xFC, 0x00, 0x0F, 0xC0, 0x2F, 0x00, 0x01, 0xF8,
    0x00, 0x0F, 0xC0, 0x3F, 0x00, 0x02, 0xF4, 0x00, 0x0F, 0xC0, 0x3F, 0x00, 0x03, 0xF0, 0x00, 0x1F,
    0x80, 0x00, 0x3F, 0x00, 0x00, 0x3F, 0x00, 0x0F, 0xC0, 0x00, 0x1F, 0x80, 0x02, 0xF0, 0x00, 0x0F,
    0xC0, 0x00, 0xBD, 0x00, 0x07, 0xE0, 0x00, 0x1F, 0x40, 0x03, 0xF0, 0x00, 0x07, 0xE0, 0x02, 0xF8,
    0x00, 0x00, 0xF8, 0x00, 0xFC, 0x00, 0x00, 0x3F, 0x00, 0xBD, 0x00, 0x00, 0x0F, 0xC0, 0x3F, 0x00,
    0x00, 0x02, 0xF0, 0x2F, 0x40, 0x00, 0x00, 0xBC, 0x0F, 0xC0, 0x00, 0x00, 0x1F, 0x4B, 0xD0, 0x00,
    0x00, 0x07, 0xD3, 0xE0, 0x00, 0x00, 0x00, 0xF6, 0xF0, 0x00, 0x00, 0x00, 0x3D, 0xF8, 0x00, 0x00,
    0x00, 0x0F, 0xFC, 0x00, 0x00, 0x00, 0x02, 0xFE, 0x00, 0x00, 0x00, 0x00, 0xBF, 0x00, 0x00, 0x00,
    0x00, 0x2F, 0x40, 0x00, 0x00, 0x00, 0x0F, 0xC0, 0x00, 0x00, 0x00, 0x0B, 0xD0, 0x00, 0x00, 0x00,
    0x07, 0xF0, 0x00, 0x00, 0x00, 0x07, 0xF0, 0x00, 0x00, 0x02, 0xAF, 0xF4, 0x00, 0x00, 0x00, 0xFF,
    0xF8, 0x00, 0x00, 0x00, 0x2F, 0xE0, 0x00, 0x00, 0x00, 0x00, 0x00, 0x00, 0x00, 0x54, 0x00, 0x00,
    0x00, 0x00, 0x3F, 0x00, 0x00, 0x00, 0x00, 0x0F, 0x80, 0x00, 0x00, 0x00, 0x07, 0xE0, 0x00, 0x00,
    0x00, 0x02, 0xF4, 0x00, 0x00, 0x00, 0x00, 0xFC, 0x00, 0x00, 0x00, 0x00, 0x3F, 0x00, 0x00, 0x00,
    0x00, 0x1F, 0x80, 0x00, 0x00, 0x02, 0xFF, 0xF9, 0x00, 0x00, 0x0B, 0xFF, 0xFF, 0xF0, 0x00, 0x0F,
    0xF9, 0xFE, 0xFF, 0x00, 0x0F, 0xE0, 0x3F, 0x0F, 0xF0, 0x0F, 0xE0, 0x1F, 0x80, 0xFD, 0x07, 0xF0,
    0x0B, 0xD0, 0x1F, 0x83, 0xF0, 0x02, 0xF0, 0x03, 0xF0, 0xFC, 0x00, 0xFC, 0x00, 0xFC, 0x7E, 0x00,
    0x3E, 0x00, 0x3F, 0x2F, 0x40, 0x1F, 0x40, 0x0F, 0x8B, 0xD0, 0x0B, 0xD0, 0x07, 0xE2, 0xF4, 0x03,
    0xF0, 0x03, 0xF0, 0x7E, 0x00, 0xFC, 0x01, 0xFC, 0x0F, 0xC0, 0x3E, 0x00, 0xFD, 0x02, 0xFC, 0x1F,
    0x40, 0xFE, 0x00, 0x3F, 0xEB, 0xD6, 0xFE, 0x00, 0x03, 0xFF, 0xFF, 0xFD, 0x00, 0x00, 0x1F, 0xFF,
    0xF4, 0x00, 0x00, 0x00, 0x7E, 0x00, 0x00, 0x00, 0x00, 0x2F, 0x40, 0x00, 0x00, 0x00, 0x0B, 0xC0,
    0x00, 0x00, 0x00, 0x03, 0xF0, 0x00, 0x00, 0x00, 0x00, 0xFC, 0x00, 0x00, 0x00, 0x00, 0x7E, 0x00,
    0x00, 0x00, 0x00, 0x2F, 0x40, 0x00, 0x00, 0x00, 0x0F, 0xC0, 0x00, 0x00, 0x00, 0x00, 0xBC, 0x00,
    0x03, 0xF0, 0x01, 0xF8, 0x00, 0x3F, 0x40, 0x03, 0xF0, 0x03, 0xF8, 0x00, 0x07, 0xD0, 0x2F, 0x80,
    0x00, 0x0F, 0xC1, 0xFC, 0x00, 0x00, 0x1F, 0x4F, 0xC0, 0x00, 0x00, 0x3F, 0xFC, 0x00, 0x00, 0x00,
    0xBF, 0xD0, 0x00, 0x00, 0x00, 0xFD, 0x00, 0x00, 0x00, 0x0B, 0xF4, 0x00, 0x00, 0x00, 0x7F, 0xF0,
    0x00, 0x00, 0x07, 0xFB, 0xC0, 0x00, 0x00, 0x3F, 0x0F, 0x80, 0x00, 0x03, 0xF4, 0x3F, 0x00, 0x00,
    0x3F, 0x40, 0x7E, 0x00, 0x02, 0xF8, 0x00, 0xFC, 0x00, 0x1F, 0xC0, 0x01, 0xF4, 0x01, 0xFC, 0x00,
    0x03, 0xF0, 0x00, 0x02, 0xF0, 0x00, 0x0B, 0xC0, 0x3F, 0x00, 0x00, 0xFC, 0x03, 0xF0, 0x00, 0x0F,
    0x80, 0x7E, 0x00, 0x01, 0xF4, 0x0B, 0xD0, 0x00, 0x2F, 0x40, 0xBC, 0x00, 0x03, 0xF0, 0x0F, 0xC0,
    0x00, 0x3F, 0x00, 0xFC, 0x00, 0x07, 0xE0, 0x1F, 0x80, 0x00, 0x7D, 0x02, 0xF4, 0x00, 0x0F, 0xC0,
    0x3F, 0x00, 0x00, 0xFC, 0x03, 0xF0, 0x00, 0x2F, 0xC0, 0x3F, 0x00, 0x03, 0xF8, 0x07, 0xE0, 0x00,
    0xBF, 0x40, 0x3F, 0x00, 0x2F, 0xF4, 0x03, 0xF8, 0x1F, 0xAF, 0x80, 0x2F, 0xFF, 0xE1, 0xFF, 0x80,
    0xBF, 0xF4, 0x0F, 0xF4, 0x00, 0x50, 0x00, 0x2F, 0x40, 0x00, 0x00, 0x03, 0xF0, 0x00, 0x00, 0x00,
    0x3F, 0x00, 0x00, 0x00, 0x03, 0xE0, 0x00, 0x00, 0x00, 0x69, 0x00, 0x0F, 0x80, 0x00, 0x7E, 0x1F,
    0x80, 0x00, 0xBD, 0x2F, 0x40, 0x00, 0xBC, 0x3F, 0x00, 0x00, 0xFC, 0x3F, 0x00, 0x01, 0xFC, 0x3F,
    0x00, 0x02, 0xF8, 0x7E, 0x00, 0x07, 0xF4, 0x7E, 0x00, 0x0F, 0xF0, 0x7F, 0x00, 0x7F, 0xF0, 0x3F,
    0xEB, 0xF7, 0xE0, 0x1F, 0xFF, 0xD7, 0xE0, 0x02, 0xF9, 0x0B, 0xD0, 0x00, 0x00, 0x0F, 0xC0, 0x00,
    0x00, 0x0F, 0xC0, 0x00, 0x00, 0x1F, 0x80, 0x00, 0x00, 0x2F, 0x40, 0x00, 0x00, 0x2F, 0x40, 0x00,
    0x00, 0x3F, 0x00, 0x02, 0xF0, 0x00, 0x0F, 0x80, 0x00, 0xFC, 0x03, 0xF0, 0x00, 0x1F, 0x40, 0x00,
    0xFC, 0x03, 0xF0, 0x00, 0x2F, 0x40, 0x01, 0xF8, 0x07, 0xE0, 0x00, 0x3F, 0x00, 0x02, 0xF4, 0x0B,
    0xD0, 0x00, 0x3F, 0x00, 0x03, 0xF0, 0x0B, 0xC0, 0x00, 0x7E, 0x00, 0x03, 0xF0, 0x0F, 0xC0, 0x00,
    0xBD, 0x00, 0x03, 0xE0, 0x0F, 0xC0, 0x00, 0xFC, 0x00, 0x07, 0xE0, 0x1F, 0x80, 0x00, 0xFC, 0x00,
    0x0B, 0xD0, 0x2F, 0x40, 0x00, 0xFC, 0x00, 0x0F, 0xC0, 0x3F, 0x00, 0x02, 0xF8, 0x00, 0x0F, 0xC0,
    0x3F, 0x00, 0x03, 0xF4, 0x00, 0x2F, 0x80, 0x3F, 0x00, 0x07, 0xF0, 0x00, 0x3F, 0x40, 0x3E, 0x00,
    0x0F, 0xF0, 0x00, 0xFF, 0x40, 0x3F, 0x00, 0x3F, 0xF4, 0x02, 0xFF, 0x00, 0x3F, 0x81, 0xF5, 0xFC,
    0x1F, 0x7F, 0x00, 0x2F, 0xFF, 0xD0, 0xFF, 0xFE, 0x3E, 0x00, 0x0B, 0xFF, 0x40, 0x7F, 0xF4, 0x3D,
    0x00, 0x00, 0x50, 0x00, 0x05, 0x00, 0x00, 0x00, 0x02, 0xF0, 0x00, 0x0F, 0x80, 0x00, 0xFC, 0x03,
    0xF0, 0x00, 0x1F, 0x40, 0x00, 0xFC, 0x03, 0xF0, 0x00, 0x2F, 0x40, 0x01, 0xF8, 0x07, 0xE0, 0x00,
    0x3F, 0x00, 0x02, 0xF4, 0x0B, 0xD0, 0x00, 0x3F, 0x00, 0x03, 0xF0, 0x0B, 0xC0, 0x00, 0x7E, 0x00,
    0x03, 0xF0, 0x0F, 0xC0, 0x00, 0xBD, 0x00, 0x03, 0xE0, 0x0F, 0xC0, 0x00, 0xFC, 0x00, 0x07, 0xE0,
    0x1F, 0x80, 0x00, 0xFC, 0x00, 0x0B, 0xD0, 0x2F, 0x40, 0x00, 0xFC, 0x00, 0x0F, 0xC0, 0x3F, 0x00,
    0x02, 0xF8, 0x00, 0x0F, 0xC0, 0x3F, 0x00, 0x03, 0xF4, 0x00, 0x2F, 0x80, 0x3F, 0x00, 0x07, 0xF0,
    0x00, 0x3F, 0x40, 0x3E, 0x00, 0x0F, 0xF0, 0x00, 0xFF, 0x40, 0x3F, 0x00, 0x3F, 0xF4, 0x02, 0xFF,
    0x00, 0x3F, 0x81, 0xF5, 0xFC, 0x1F, 0x6F, 0x40, 0x2F, 0xFF, 0xD0, 0xFF, 0xFE, 0x2F, 0xF8, 0x0B,
    0xFF, 0x40, 0x7F, 0xF4, 0x0F, 0xF4, 0x00, 0x50, 0x00, 0x05, 0x00, 0x03, 0xF0, 0x00, 0x00, 0x00,
    0x00, 0x00, 0x03, 0xF0, 0x00, 0x00, 0x00, 0x00, 0x00, 0x03, 0xE0, 0x00, 0x00, 0x00, 0x00, 0x00,
    0x07, 0xE0, 0x00, 0x00, 0x00, 0x00, 0x00, 0x06, 0x80, 0x2F, 0xFF, 0xC0, 0x00, 0x03, 0xFF, 0xFC,
    0x00, 0x00, 0x2A, 0xBF, 0x80, 0x00, 0x00, 0x01, 0xF4, 0x00, 0x00, 0x00, 0x2F, 0x00, 0x00, 0x00,
    0x03, 0xF0, 0x00, 0x00, 0x00, 0x3F, 0x01, 0x00, 0x00, 0x07, 0xFF, 0xFF, 0x80, 0x00, 0xBF, 0xFF,
    0xFF, 0x00, 0x0B, 0xD4, 0x07, 0xF8, 0x00, 0xFC, 0x00, 0x0F, 0xC0, 0x0F, 0xC0, 0x00, 0xFC, 0x00,
    0xFC, 0x00, 0x0F, 0xC0, 0x0F, 0xC0, 0x00, 0xFC, 0x00, 0xFC, 0x00, 0x2F, 0x80, 0x0B, 0xF4, 0x0B,
    0xF0, 0x00, 0x3F, 0xFF, 0xFD, 0x00, 0x00, 0xBF, 0xFE, 0x00, 0x00, 0x00, 0x14, 0x00, 0x00, 0x01,
    0xF4, 0x00, 0x00, 0x01, 0xF4, 0x0B, 0xC0, 0x00, 0x00, 0x0B, 0xD0, 0x3F, 0x00, 0x00, 0x00, 0x3F,
    0x00, 0xFC, 0x00, 0x00, 0x00, 0xFC, 0x07, 0xE0, 0x00, 0x00, 0x03, 0xE0, 0x2F, 0x40, 0x00, 0x00,
    0x1F, 0x40, 0xFC, 0x14, 0x00, 0x00, 0xBD, 0x03, 0xFF, 0xFF, 0x80, 0x03, 0xF0, 0x0F, 0xFF, 0xFF,
    0xC0, 0x0F, 0xC0, 0x7E, 0x40, 0x7F, 0x80, 0x7E, 0x02, 0xF4, 0x00, 0x3F, 0x01, 0xF4, 0x0B, 0xC0,
    0x00, 0xFC, 0x0B, 0xC0, 0x3F, 0x00, 0x03, 0xF0, 0x3F, 0x00, 0xBC, 0x00, 0x0F, 0xC0, 0xFC, 0x02,
    0xF8, 0x00, 0xBE, 0x07, 0xE0, 0x03, 0xF4, 0x0B, 0xF0, 0x2F, 0x40, 0x0B, 0xFF, 0xFF, 0x40, 0xBC,
    0x00, 0x07, 0xFF, 0xE0, 0x03, 0xF0, 0x00, 0x00, 0x50, 0x00, 0x00, 0x00, 0x00, 0x02, 0xF0, 0x00,
    0x00, 0x0F, 0xC0, 0x00, 0x00, 0x3F, 0x00, 0x00, 0x01, 0xF8, 0x00, 0x00, 0x07, 0xD0, 0x00, 0x00,
    0x2F, 0x00, 0x00, 0x00, 0xFC, 0x04, 0x00, 0x03, 0xFF, 0xFF, 0x80, 0x1F, 0xFF, 0xFF, 0xC0, 0xBE,
    0x40, 0x7F, 0xC3, 0xF0, 0x00, 0x3F, 0x0F, 0xC0, 0x00, 0xBD, 0x3F, 0x00, 0x02, 0xF4, 0xFC, 0x00,
    0x0F, 0xC2, 0xF4, 0x00, 0x7F, 0x07, 0xF4, 0x0B, 0xF4, 0x0B, 0xFF, 0xFF, 0x40, 0x0B, 0xFF, 0xE0,
    0x00, 0x00, 0x50, 0x00, 0x00, 0x00, 0x00, 0x00, 0x00, 0x06, 0xFF, 0xE0, 0x00, 0x7F, 0xFF, 0xF4,
    0x00, 0xF9, 0x6F, 0xF0, 0x00, 0x00, 0x0F, 0xE0, 0x00, 0x00, 0x0F, 0xC0, 0x00, 0x00, 0x3F, 0x00,
    0x00, 0x00, 0xFC, 0x00, 0x55, 0x57, 0xF0, 0x07, 0xFF, 0xFF, 0xC0, 0x2F, 0xFF, 0xFF, 0x00, 0x00,
    0x00, 0xFC, 0x00, 0x00, 0x07, 0xE0, 0x00, 0x00, 0x2F, 0x40, 0x00, 0x00, 0xFC, 0x00, 0x00, 0x0F,
    0xD0, 0x39, 0x06, 0xFE, 0x00, 0xFF, 0xFF, 0xE0, 0x02, 0xFF, 0xFD, 0x00, 0x00, 0x14, 0x00, 0x00,
    0x00, 0x00, 0x00, 0x00, 0x00, 0x00, 0x00, 0x1F, 0x40, 0x00, 0xBF, 0xE4, 0x00, 0x0B, 0xD0, 0x02,
    0xFF, 0xFF, 0x40, 0x03, 0xF0, 0x02, 0xFE, 0x5B, 0xF4, 0x00, 0xFC, 0x01, 0xFC, 0x00, 0x7F, 0x00,
    0x3E, 0x00, 0xFC, 0x00, 0x0F, 0xC0, 0x1F, 0x80, 0x7E, 0x00, 0x02, 0xF4, 0x0B, 0xD0, 0x2F, 0x40,
    0x00, 0xBD, 0x03, 0xF9, 0x5F, 0xC0, 0x00, 0x2F, 0x40, 0xFF, 0xFF, 0xE0, 0x00, 0x0B, 0xD0, 0x7F,
    0xFF, 0xF8, 0x00, 0x03, 0xF0, 0x1F, 0x40, 0xBD, 0x00, 0x00, 0xFC, 0x0B, 0xC0, 0x2F, 0x40, 0x00,
    0x7E, 0x03, 0xF0, 0x07, 0xD0, 0x00, 0x3F, 0x40, 0xFC, 0x01, 0xF8, 0x00, 0x1F, 0xC0, 0x7E, 0x00,
    0x3F, 0x00, 0x0F, 0xD0, 0x2F, 0x40, 0x0B, 0xF4, 0x1F, 0xE0, 0x0B, 0xC0, 0x00, 0xFF, 0xFF, 0xE0,
    0x03, 0xF0, 0x00, 0x0B, 0xFF, 0xD0, 0x00, 0x00, 0x00, 0x00, 0x05, 0x00, 0x00, 0x00, 0x00, 0x6F,
    0xFF, 0xF0, 0x00, 0x1F, 0xFF, 0xFF, 0xC0, 0x02, 0xFF, 0xAA, 0xBE, 0x00, 0x0F, 0xD0, 0x01, 0xF4,
    0x00, 0x7E, 0x00, 0x0B, 0xD0, 0x02, 0xF0, 0x00, 0x3F, 0x00, 0x0B, 0xC0, 0x00, 0xFC, 0x00, 0x1F,
    0x80, 0x03, 0xE0, 0x00, 0x3F, 0xE5, 0x6F, 0x40, 0x00, 0x3F, 0xFF, 0xFC, 0x00, 0x00, 0x3F, 0xFF,
    0xF0, 0x00, 0x02, 0xF8, 0x0F, 0xC0, 0x00, 0x1F, 0xC0, 0x7E, 0x00, 0x01, 0xFC, 0x02, 0xF4, 0x00,
    0x0F, 0xD0, 0x0B, 0xC0, 0x00, 0xFD, 0x00, 0x3F, 0x00, 0x0F, 0xE0, 0x00, 0xFC, 0x00, 0xBF, 0x00,
    0x07, 0xE0, 0x00, 0x00, 0x02, 0x90, 0x00, 0x00, 0x0F, 0xC0, 0x00, 0x00, 0x0F, 0x80, 0x00, 0x00,
    0x1F, 0x00, 0x00, 0x00, 0x2E, 0x00, 0x00, 0x00, 0x2C, 0x00, 0x00, 0x00, 0x00, 0x00, 0x00, 0x00,
    0x00, 0x00, 0x0B, 0xFF, 0x40, 0x01, 0xFF, 0xFF, 0x80, 0x1F, 0xF5, 0xBF, 0x40, 0xFD, 0x00, 0xBD,
    0x0B, 0xE0, 0x01, 0xF4, 0x3F, 0x00, 0x0B, 0xD2, 0xF4, 0x00, 0xBF, 0x0F, 0xC0, 0x6F, 0xF0, 0x3F,
    0xFF, 0xFF, 0x01, 0xFF, 0xFF, 0x80, 0x0B, 0xE4, 0x00, 0x00, 0x2F, 0x40, 0x00, 0x00, 0x7D, 0x00,
    0x00, 0x01, 0xF8, 0x00, 0x00, 0x03, 0xF0, 0x00, 0x00, 0x0B, 0xF4, 0x06, 0xD0, 0x0F, 0xFF, 0xFF,
    0x40, 0x0B, 0xFF, 0xE4, 0x00, 0x00, 0x50, 0x00, 0x00, 0x00, 0x00, 0x00, 0x00, 0x00, 0x0B, 0xC0,
    0xF8, 0x00, 0x0F, 0xC0, 0xFC, 0x00, 0x0F, 0x80, 0xF8, 0x00, 0x00, 0x00, 0x00, 0x00, 0x00, 0x00,
    0x00, 0x00, 0x00, 0x00, 0x00, 0x00, 0x0B, 0xFF, 0x40, 0x00, 0x7F, 0xFF, 0xE0, 0x01, 0xFF, 0x5B,
    0xF4, 0x03, 0xF4, 0x02, 0xF4, 0x0B, 0xE0, 0x01, 0xF4, 0x0F, 0xC0, 0x02, 0xF4, 0x2F, 0x40, 0x0B,
    0xF0, 0x3F, 0x01, 0xBF, 0xC0, 0x3F, 0xFF, 0xFF, 0x00, 0x7F, 0xFF, 0xE0, 0x00, 0xBE, 0x40, 0x00,
    0x00, 0xBD, 0x00, 0x00, 0x00, 0x7D, 0x00, 0x00, 0x00, 0x7E, 0x00, 0x00, 0x00, 0x3F, 0x00, 0x00,
    0x00, 0x2F, 0xD0, 0x1B, 0x40, 0x0F, 0xFF, 0xFF, 0x40, 0x02, 0xFF, 0xF9, 0x00, 0x00, 0x05, 0x00,
    0x00, 0x00, 0x01, 0x40, 0x00, 0x00, 0x00, 0xFC, 0x00, 0x00, 0x00, 0x0F, 0xC0, 0x00, 0x00, 0x16,
    0xFD, 0x55, 0x00, 0x03, 0xFF, 0xFF, 0xF0, 0x00, 0x3F, 0xFF, 0xFE, 0x00, 0x00, 0x3F, 0x00, 0x00,
    0x00, 0x03, 0xF0, 0x00, 0x00, 0x00, 0x7E, 0x01, 0x94, 0x00, 0x0B, 0xD2, 0xFF, 0xF0, 0x00, 0xFC,
    0xFF, 0xFF, 0x80, 0x0F, 0xFF, 0x42, 0xFC, 0x00, 0xFF, 0x80, 0x0F, 0xC0, 0x1F, 0xE0, 0x00, 0xFC,
    0x02, 0xFC, 0x00, 0x0F, 0xC0, 0x3F, 0x40, 0x00, 0xFC, 0x03, 0xF0, 0x00, 0x0F, 0xC0, 0x7E, 0x00,
    0x01, 0xF8, 0x07, 0xD0, 0x00, 0x2F, 0x40, 0xBC, 0x00, 0x03, 0xF0, 0x0F, 0xC0, 0x00, 0x3F, 0x00,
    0xFC, 0x00, 0x07, 0xE0, 0x1F, 0x80, 0x00, 0x7E, 0x02, 0xF4, 0x00, 0x0B, 0xD0, 0x2F, 0x00, 0x00,
    0xFC, 0x03, 0xF0, 0x00, 0x0F, 0xC0, 0x00, 0x00, 0x01, 0xF8, 0x00, 0x00, 0x00, 0x2F, 0x40, 0x00,
    0x00, 0x03, 0xF0, 0x00, 0x00, 0x00, 0x3F, 0x00, 0x00, 0x00, 0x0B, 0xE0, 0x00, 0x00, 0xAB, 0xFC,
    0x00, 0x00, 0x0B, 0xFF, 0x40, 0x00, 0x00, 0x7F, 0xD0, 0x00, 0x00, 0x00, 0x01, 0xA8, 0x00, 0x00,
    0x03, 0xF4, 0x00, 0x00, 0x0F, 0xD0, 0x00, 0x00, 0x2F, 0x40, 0x00, 0x00, 0x7C, 0x00, 0x00, 0x00,
    0xF0, 0x00, 0x00, 0x00, 0x00, 0x00, 0x00, 0x00, 0x00, 0x00, 0x00, 0x6F, 0xFE, 0x40, 0x02, 0xFF,
    0xFF, 0xD0, 0x00, 0xF9, 0x5B, 0xF0, 0x00, 0x00, 0x03, 0xF4, 0x00, 0x00, 0x02, 0xF4, 0x00, 0x00,
    0x03, 0xF0, 0x00, 0x00, 0x1F, 0xE0, 0x00, 0x01, 0xFF, 0x80, 0x00, 0x2F, 0xFD, 0x00, 0x02, 0xFF,
    0x90, 0x00, 0x0F, 0xF8, 0x00, 0x00, 0x2F, 0x80, 0x00, 0x00, 0x3F, 0x00, 0x00, 0x00, 0x3F, 0x00,
    0x00, 0x00, 0x3F, 0x00, 0x00, 0x00, 0x3F, 0xD0, 0x1F, 0x00, 0x1F, 0xFF, 0xFF, 0x00, 0x03, 0xFF,
    0xF9, 0x00, 0x00, 0x15, 0x00, 0x00, 0x00, 0x00, 0x00, 0x00, 0x00, 0x2F, 0xFF, 0x80, 0x07, 0xFF,
    0xFF, 0x00, 0x7F, 0xD5, 0xB8, 0x03, 0xF4, 0x00, 0x00, 0x3F, 0x40, 0x00, 0x01, 0xFC, 0x00, 0x00,
    0x0B, 0xD0, 0x00, 0x00, 0x3F, 0x55, 0x54, 0x00, 0xFF, 0xFF, 0xF4, 0x07, 0xFF, 0xFF, 0xC0, 0x2F,
    0x40, 0x00, 0x00, 0xBD, 0x00, 0x00, 0x02, 0xF4, 0x00, 0x00, 0x07, 0xE0, 0x00, 0x00, 0x0F, 0xC0,
    0x00, 0x00, 0x2F, 0xD0, 0x1A, 0x00, 0x3F, 0xFF, 0xF8, 0x00, 0x2F, 0xFF, 0xD0, 0x00, 0x01, 0x40,
    0x00, 0x00, 0x00, 0x00, 0x00, 0x02, 0xFF, 0xE4, 0x01, 0xFF, 0xFF, 0xE0, 0x3F, 0x95, 0xBC, 0x0B,
    0xE0, 0x00, 0x40, 0xBC, 0x00, 0x00, 0x0B, 0xD0, 0x00, 0x00, 0x7F, 0x00, 0x00, 0x03, 0xFE, 0x00,
    0x00, 0x0F, 0xFD, 0x00, 0x00, 0x2F, 0xF8, 0x00, 0x00, 0x3F, 0xD0, 0x00, 0x00, 0xBF, 0x00, 0x00,
    0x03, 0xF0, 0x00, 0x00, 0x3F, 0x00, 0x00, 0x07, 0xF0, 0xF4, 0x02, 0xFD, 0x0F, 0xFF, 0xFF, 0x80,
    0x7F, 0xFF, 0xD0, 0x00, 0x05, 0x40, 0x00, 0x00, 0x06, 0x00, 0x00, 0xFC, 0x00, 0x1F, 0xC0, 0x00,
    0xF4, 0x00, 0x00, 0x00, 0x00, 0x00, 0x00, 0x00, 0x00, 0x07, 0xD0, 0x00, 0xBD, 0x00, 0x0F, 0xC0,
    0x00, 0xFC, 0x00, 0x0F, 0x80, 0x01, 0xF8, 0x00, 0x2F, 0x40, 0x03, 0xF0, 0x00, 0x3F, 0x00, 0x07,
    0xE0, 0x00, 0x7D, 0x00, 0x0B, 0xD0, 0x00, 0xFC, 0x00, 0x0F, 0xC0, 0x01, 0xF8, 0x00, 0x2F, 0x40,
    0x02, 0xF0, 0x00, 0x3F, 0x00, 0x00, 0x00, 0x60, 0x60, 0x03, 0xE3, 0xE0, 0x1F, 0x9F, 0x40, 0x3C,
    0x7C, 0x00, 0x00, 0x00, 0x00, 0x00, 0x00, 0x00, 0x00, 0x00, 0x1F, 0x40, 0x00, 0xBC, 0x00, 0x03,
    0xF0, 0x00, 0x0F, 0xC0, 0x00, 0x7E, 0x00, 0x02, 0xF4, 0x00, 0x0F, 0xC0, 0x00, 0x3F, 0x00, 0x00,
    0xF8, 0x00, 0x07, 0xE0, 0x00, 0x2F, 0x40, 0x00, 0xFC, 0x00, 0x03, 0xF0, 0x00, 0x1F, 0x80, 0x00,
    0x7D, 0x00, 0x02, 0xF0, 0x00, 0x0F, 0xC0, 0x00, 0x3F, 0x00, 0x00, 0x00, 0x00, 0x01, 0x80, 0x00,
    0x00, 0x7F, 0x00, 0x00, 0x0B, 0xF0, 0x00, 0x00, 0x7D, 0x00, 0x00, 0x00, 0x00, 0x00, 0x00, 0x00,
    0x00, 0x00, 0x00, 0x00, 0x00, 0x01, 0xF4, 0x00, 0x00, 0x2F, 0x00, 0x00, 0x03, 0xF0, 0x00, 0x00,
    0x3F, 0x00, 0x00, 0x07, 0xE0, 0x00, 0x00, 0xBD, 0x00, 0x00, 0x0F, 0xC0, 0x00, 0x00, 0xFC, 0x00,
    0x00, 0x0F, 0x80, 0x00, 0x01, 0xF4, 0x00, 0x00, 0x2F, 0x40, 0x00, 0x03, 0xF0, 0x00, 0x00, 0x3F,
    0x00, 0x00, 0x07, 0xE0, 0x00, 0x00, 0x7D, 0x00, 0x00, 0x0B, 0xC0, 0x00, 0x00, 0xFC, 0x00, 0x00,
    0x0F, 0xC0, 0x00, 0x01, 0xF8, 0x00, 0x00, 0x2F, 0x40, 0x00, 0x03, 0xF0, 0x00, 0x00, 0x3F, 0x00,
    0x00, 0x0B, 0xE0, 0x00, 0x6A, 0xFC, 0x00, 0x07, 0xFF, 0x40, 0x00, 0x3F, 0xD0, 0x00, 0x00, 0x00,
    0x00, 0x7F, 0xFF, 0xFE, 0x00, 0x00, 0x00, 0x00, 0xBF, 0xFF, 0xFD, 0x00, 0x00, 0x00, 0x00, 0xFE,
    0xAA, 0xFD, 0x00, 0x00, 0x00, 0x00, 0xF8, 0x00, 0xFC, 0x00, 0x00, 0x00, 0x01, 0xF4, 0x00, 0xFC,
    0x00, 0x00, 0x00, 0x03, 0xF0, 0x01, 0xF8, 0x00, 0x00, 0x00, 0x03, 0xF0, 0x02, 0xF4, 0x10, 0x00,
    0x00, 0x07, 0xE0, 0x02, 0xFF, 0xFF, 0x80, 0x00, 0x0B, 0xD0, 0x03, 0xFF, 0xFF, 0xF4, 0x00, 0x0F,
    0xC0, 0x03, 0xF4, 0x07, 0xFC, 0x00, 0x0F, 0x80, 0x07, 0xE0, 0x00, 0xFD, 0x00, 0x1F, 0x40, 0x07,
    0xD0, 0x00, 0xBD, 0x00, 0x2F, 0x00, 0x0B, 0xD0, 0x00, 0xBD, 0x00, 0x3F, 0x00, 0x0B, 0xD0, 0x00,
    0xFC, 0x00, 0xBD, 0x00, 0x07, 0xF0, 0x01, 0xFC, 0x17, 0xFC, 0x00, 0x03, 0xF8, 0x07, 0xF4, 0x7F,
    0xF0, 0x00, 0x01, 0xFF, 0xFF, 0xE0, 0x7F, 0xC0, 0x00, 0x00, 0x7F, 0xFF, 0x40, 0x00, 0x00, 0x00,
    0x00, 0x01, 0x50, 0x00, 0x00, 0x7D, 0x00, 0x07, 0xD0, 0x00, 0x00, 0x0B, 0xC0, 0x00, 0xBD, 0x00,
    0x00, 0x00, 0xFC, 0x00, 0x0F, 0xC0, 0x00, 0x00, 0x0F, 0xC0, 0x00, 0xFC, 0x00, 0x00, 0x01, 0xF8,
    0x00, 0x1F, 0x80, 0x00, 0x00, 0x2F, 0x40, 0x01, 0xF4, 0x00, 0x00, 0x03, 0xF0, 0x00, 0x2F, 0x00,
    0x00, 0x00, 0x3F, 0xFF, 0xFF, 0xFF, 0xFA, 0x00, 0x03, 0xFF, 0xFF, 0xFF, 0xFF, 0xFE, 0x00, 0x7F,
    0xAA, 0xAB, 0xFA, 0xAF, 0xF4, 0x0B, 0xD0, 0x00, 0xBD, 0x00, 0x2F, 0xC0, 0xFC, 0x00, 0x0B, 0xD0,
    0x00, 0xFC, 0x0F, 0xC0, 0x00, 0xBC, 0x00, 0x0F, 0xC1, 0xF8, 0x00, 0x0B, 0xD0, 0x00, 0xFC, 0x1F,
    0x40, 0x00, 0xBE, 0x00, 0x2F, 0x82, 0xF4, 0x00, 0x03, 0xF8, 0x0B, 0xF0, 0x3F, 0x00, 0x00, 0x2F,
    0xFF, 0xFD, 0x03, 0xF0, 0x00, 0x00, 0x7F, 0xFE, 0x00, 0x00, 0x00, 0x00, 0x00, 0x15, 0x00, 0x00,
    0x00, 0x01, 0x40, 0x00, 0x00, 0x00, 0xFC, 0x00, 0x00, 0x00, 0x0F, 0xC0, 0x00, 0x00, 0x16, 0xFD,
    0x55, 0x00, 0x03, 0xFF, 0xFF, 0xF0, 0x00, 0x3F, 0xFF, 0xFE, 0x00, 0x00, 0x3F, 0x00, 0x00, 0x00,
    0x03, 0xE0, 0x00, 0x00, 0x00, 0x7D, 0x07, 0xF9, 0x00, 0x0B, 0xC3, 0xFF, 0xF4, 0x00, 0xFC, 0xFE,
    0xBF, 0xC0, 0x0F, 0xFD, 0x00, 0xFC, 0x00, 0xFF, 0x00, 0x0B, 0xD0, 0x1F, 0xD0, 0x00, 0xBD, 0x02,
    0xFC, 0x00, 0x0F, 0xC0, 0x3F, 0x40, 0x00, 0xFC, 0x03, 0xF0, 0x00, 0x0F, 0xC0, 0x7E, 0x00, 0x01,
    0xF8, 0x07, 0xD0, 0x00, 0x2F, 0x40, 0xBC, 0x00, 0x03, 0xF0, 0x0F, 0xC0, 0x00, 0x3F, 0x00, 0xFC,
    0x00, 0x03, 0xE0, 0x1F, 0x80, 0x00, 0x7D, 0x02, 0xF4, 0x00, 0x0B, 0xD0, 0x2F, 0x00, 0x00, 0xFC,
    0x03, 0xF0, 0x00, 0x0F, 0xC0, 0x00, 0x00, 0x00, 0x0A, 0x80, 0x00, 0x00, 0x02, 0xF8, 0x00, 0x00,
    0x00, 0x7E, 0x00, 0x00, 0x00, 0x1F, 0x80, 0x00, 0x00, 0x03, 0xE0, 0x00, 0x00, 0x00, 0x74, 0x00,
    0x00, 0x00, 0x00, 0x00, 0x00, 0x00, 0x00, 0x00, 0x00, 0x00, 0x7D, 0x00, 0x0B, 0xE0, 0x0B, 0xC0,
    0x02, 0xF8, 0x00, 0xFC, 0x00, 0x7F, 0x00, 0x0F, 0xC0, 0x1F, 0xC0, 0x01, 0xF8, 0x03, 0xF0, 0x00,
    0x2F, 0x40, 0xFC, 0x00, 0x03, 0xF0, 0x3F, 0x40, 0x00, 0x3F, 0x5F, 0xD0, 0x00, 0x03, 0xFF, 0xF8,
    0x00, 0x00, 0x7F, 0xFF, 0x80, 0x00, 0x0B, 0xD0, 0xFC, 0x00, 0x00, 0xFC, 0x0B, 0xD0, 0x00, 0x0F,
    0xC0, 0x3F, 0x00, 0x01, 0xF8, 0x02, 0xF4, 0x00, 0x1F, 0x40, 0x0F, 0xC0, 0x02, 0xF4, 0x00, 0xFD,
    0x00, 0x3F, 0x00, 0x07, 0xF0, 0x03, 0xF0, 0x00, 0x3F, 0x40, 0x00, 0x01, 0xA4, 0x00, 0x00, 0x00,
    0x0F, 0xC0, 0x00, 0x00, 0x00, 0x3E, 0x00, 0x00, 0x00, 0x01, 0xF0, 0x00, 0x00, 0x00, 0x0B, 0x80,
    0x00, 0x00, 0x00, 0x3C, 0x00, 0x00, 0x00, 0x00, 0x00, 0x00, 0x00, 0x00, 0x00, 0x00, 0x02, 0xF0,
    0x00, 0x0B, 0xC0, 0x3F, 0x00, 0x00, 0xFC, 0x03, 0xF0, 0x00, 0x0F, 0x80, 0x7E, 0x00, 0x01, 0xF4,
    0x0B, 0xD0, 0x00, 0x2F, 0x40, 0xBC, 0x00, 0x03, 0xF0, 0x0F, 0xC0, 0x00, 0x3F, 0x00, 0xFC, 0x00,
    0x07, 0xE0, 0x1F, 0x80, 0x00, 0x7D, 0x02, 0xF4, 0x00, 0x0B, 0xC0, 0x3F, 0x00, 0x00, 0xFC, 0x03,
    0xF0, 0x00, 0x1F, 0xC0, 0x3E, 0x00, 0x03, 0xF8, 0x07, 0xE0, 0x00, 0xBF, 0x40, 0x3F, 0x00, 0x2F,
    0xF0, 0x03, 0xF8, 0x1F, 0xAF, 0x00, 0x2F, 0xFF, 0xE3, 0xE0, 0x00, 0xBF, 0xF4, 0x3E, 0x00, 0x00,
    0x50, 0x00, 0x00, 0x00, 0x00, 0x00, 0x7C, 0x00, 0xB8, 0x00, 0x00, 0x1F, 0x40, 0x3E, 0x00, 0x00,
    0x03, 0xF0, 0x7F, 0x00, 0x00, 0x00, 0xBF, 0xFF, 0x00, 0x00, 0x00, 0x06, 0xF9, 0x00, 0x00, 0x00,
    0x00, 0x00, 0x00, 0x00, 0x00, 0x00, 0x00, 0x00, 0x00, 0x00, 0xFC, 0x00, 0x00, 0xFC, 0x00, 0x3F,
    0x00, 0x00, 0x7E, 0x00, 0x0B, 0xC0, 0x00, 0x3F, 0x00, 0x02, 0xF4, 0x00, 0x1F, 0x80, 0x00, 0x7D,
    0x00, 0x0F, 0xC0, 0x00, 0x1F, 0x80, 0x0B, 0xE0, 0x00, 0x03, 0xE0, 0x03, 0xF0, 0x00, 0x00, 0xFC,
    0x02, 0xF4, 0x00, 0x00, 0x3F, 0x00, 0xFC, 0x00, 0x00, 0x0B, 0xC0, 0xBD, 0x00, 0x00, 0x02, 0xF0,
    0x3F, 0x00, 0x00, 0x00, 0x7D, 0x2F, 0x40, 0x00, 0x00, 0x1F, 0x4F, 0x80, 0x00, 0x00, 0x03, 0xDB,
    0xC0, 0x00, 0x00, 0x00, 0xF7, 0xE0, 0x00, 0x00, 0x00, 0x3F, 0xF0, 0x00, 0x00, 0x00, 0x0B, 0xF8,
    0x00, 0x00, 0x00, 0x02, 0xFC, 0x00, 0x00, 0x00, 0x00, 0xBD, 0x00, 0x00, 0x00, 0x00, 0x3F, 0x00,
    0x00, 0x00, 0x00, 0x2F, 0x40, 0x00, 0x00, 0x00, 0x1F, 0xC0, 0x00, 0x00, 0x00, 0x1F, 0xC0, 0x00,
    0x00, 0x0A, 0xBF, 0xD0, 0x00, 0x00, 0x03, 0xFF, 0xE0, 0x00, 0x00, 0x00, 0xBF, 0x80, 0x00, 0x00,
    0x00, 0x00, 0x02, 0xF0, 0x00, 0x0B, 0xC0, 0x3F, 0x00, 0x00, 0xFC, 0x03, 0xF0, 0x00, 0x0F, 0x80,
    0x7E, 0x00, 0x01, 0xF4, 0x0B, 0xD0, 0x00, 0x2F, 0x40, 0xBC, 0x00, 0x03, 0xF0, 0x0F, 0xC0, 0x00,
    0x3F, 0x00, 0xFC, 0x00, 0x07, 0xE0, 0x1F, 0x80, 0x00, 0x7D, 0x02, 0xF4, 0x00, 0x0B, 0xC0, 0x3F,
    0x00, 0x00, 0xFC, 0x03, 0xF0, 0x00, 0x1F, 0xC0, 0x3E, 0x00, 0x03, 0xF8, 0x07, 0xE0, 0x00, 0xBF,
    0x40, 0x3F, 0x00, 0x2F, 0xF0, 0x03, 0xF8, 0x1F, 0xAF, 0x00, 0x2F, 0xFF, 0xE3, 0xE0, 0x00, 0xBF,
    0xF4, 0x3E, 0x00, 0x00, 0x50, 0x00, 0x00, 0x00, 0x00, 0x70, 0x00, 0x00, 0x00, 0x3F, 0x00, 0x00,
    0x00, 0x03, 0xE0, 0x00, 0x00, 0x00, 0x7E, 0x00, 0x00, 0x00, 0x0B, 0xD0, 0x00, 0x00, 0x00, 0xA8,
    0x00, 0x00, 0x00, 0x3F, 0x00, 0x00, 0x1F, 0x40, 0x00, 0x03, 0xE3, 0xF0, 0x00, 0x02, 0xF4, 0x00,
    0x00, 0x7E, 0x7F, 0x00, 0x00, 0x3F, 0x40, 0x00, 0x0B, 0xD7, 0xE0, 0x00, 0x03, 0xF0, 0x00, 0x00,
    0xFC, 0xBE, 0x00, 0x00, 0x3F, 0x00, 0x00, 0x1F, 0xCB, 0xE0, 0x00, 0x03, 0xF0, 0x00, 0x02, 0xF4,
    0xBE, 0x00, 0x00, 0x3F, 0x00, 0x00, 0x3F, 0x0B, 0xE0, 0x00, 0x07, 0xF0, 0x00, 0x07, 0xF0, 0xBE,
    0x00, 0x00, 0xFF, 0x00, 0x00, 0xBD, 0x0B, 0xE0, 0x00, 0x2F, 0xF0, 0x00, 0x0F, 0xC0, 0xBE, 0x00,
    0x03, 0xFF, 0x00, 0x01, 0xF8, 0x0B, 0xE0, 0x00, 0xBF, 0xF0, 0x00, 0x3F, 0x00, 0x7E, 0x00, 0x1F,
    0x7F, 0x40, 0x07, 0xF0, 0x07, 0xF0, 0x03, 0xF3, 0xF4, 0x00, 0xBD, 0x00, 0x3F, 0x00, 0x7D, 0x2F,
    0x40, 0x0F, 0xC0, 0x03, 0xF0, 0x0F, 0x81, 0xF8, 0x02, 0xF4, 0x00, 0x3F, 0x02, 0xF0, 0x1F, 0xC0,
    0x7E, 0x00, 0x03, 0xF4, 0x3E, 0x00, 0xFC, 0x0F, 0xC0, 0x00, 0x2F, 0x8B, 0xC0, 0x0F, 0xC1, 0xF8,
    0x00, 0x01, 0xF8, 0xF4, 0x00, 0xBD, 0x3F, 0x00, 0x00, 0x0F, 0xEF, 0x00, 0x07, 0xEF, 0xC0, 0x00,
    0x00, 0xFF, 0xD0, 0x00, 0x3F, 0xF8, 0x00, 0x00, 0x0B, 0xFC, 0x00, 0x03, 0xFF, 0x00, 0x00, 0x00,
    0x3F, 0x00, 0x00, 0x1F, 0xC0, 0x00, 0x00, 0x00, 0x00, 0x00, 0x00, 0x00, 0x00, 0x00, 0x00, 0x7E,
    0x00, 0x03, 0xF0, 0x00, 0x0F, 0xC7, 0xD0, 0x00, 0x3F, 0x00, 0x00, 0xF8, 0xBD, 0x00, 0x07, 0xE0,
    0x00, 0x2F, 0x4B, 0xD0, 0x00, 0x7E, 0x00, 0x03, 0xF0, 0xBD, 0x00, 0x07, 0xD0, 0x00, 0x3E, 0x0B,
    0xC0, 0x00, 0x7D, 0x00, 0x0B, 0xD0, 0xBC, 0x00, 0x0B, 0xD0, 0x00, 0xFC, 0x0B, 0xD0, 0x00, 0xFD,
    0x00, 0x1F, 0x40, 0xBD, 0x00, 0x2F, 0xE0, 0x03, 0xF0, 0x0B, 0xD0, 0x07, 0xFE, 0x00, 0x7D, 0x00,
    0x7E, 0x00, 0xFB, 0xE0, 0x0F, 0xC0, 0x03, 0xE0, 0x3F, 0x3F, 0x01, 0xF4, 0x00, 0x3F, 0x07, 0xC2,
    0xF0, 0x3E, 0x00, 0x03, 0xF0, 0xF4, 0x2F, 0x0F, 0xC0, 0x00, 0x2F, 0x7E, 0x01, 0xF6, 0xF4, 0x00,
    0x01, 0xFF, 0xC0, 0x0F, 0xFE, 0x00, 0x00, 0x0F, 0xF4, 0x00, 0xBF, 0xC0, 0x00, 0x00, 0xBE, 0x00,
    0x07, 0xF0, 0x00, 0x00, 0x00, 0x1F, 0x40, 0x00, 0x00, 0x3F, 0x00, 0x00, 0x00, 0x3F, 0x00, 0x00,
    0x15, 0xBF, 0x55, 0x50, 0x7F, 0xFF, 0xFF, 0xF0, 0xBF, 0xFF, 0xFF, 0xE0, 0x00, 0xFD, 0x00, 0x00,
    0x00, 0xFC, 0x00, 0x00, 0x00, 0xF8, 0x00, 0x00, 0x01, 0xF8, 0x00, 0x00, 0x02, 0xFE, 0xA9, 0x00,
    0x03, 0xFF, 0xFF, 0xE0, 0x03, 0xFF, 0xFF, 0xF8, 0x07, 0xE0, 0x02, 0xFC, 0x0B, 0xD0, 0x00, 0xFE,
    0x0B, 0xC0, 0x00, 0x7E, 0x0F, 0xC0, 0x00, 0x7E, 0x0F, 0xC0, 0x00, 0x7E, 0x1F, 0x80, 0x00, 0xFD,
    0x2F, 0x40, 0x01, 0xFC, 0x3F, 0x00, 0x0B, 0xF4, 0x3F, 0xAA, 0xFF, 0xE0, 0x3F, 0xFF, 0xFF, 0x40,
    0x7F, 0xFF, 0xE4, 0x00, 0x00, 0x00, 0x00, 0x50, 0x00, 0x00, 0x00, 0x07, 0xC0, 0xFF, 0xE0, 0x00,
    0x00, 0x00, 0xBC, 0x7F, 0xFF, 0x80, 0x00, 0x00, 0x0F, 0xDF, 0xD6, 0xFC, 0x00, 0x00, 0x00, 0xFF,
    0xD0, 0x0F, 0xD0, 0x00, 0x00, 0x1F, 0xF0, 0x00, 0xBD, 0x00, 0x00, 0x02, 0xFD, 0x00, 0x0B, 0xD0,
    0x00, 0x00, 0x3F, 0xC0, 0x00, 0xFC, 0x00, 0x00, 0x03, 0xF4, 0x00, 0x0F, 0xC5, 0x50, 0x00, 0x3F,
    0x00, 0x01, 0xFF, 0xFF, 0xF0, 0x07, 0xF0, 0x00, 0x2F, 0xFF, 0xFF, 0xC0, 0xBE, 0x00, 0x02, 0xF4,
    0x00, 0xFE, 0x0F, 0xD0, 0x00, 0x3F, 0x00, 0x07, 0xE0, 0xFC, 0x00, 0x03, 0xF0, 0x00, 0x3E, 0x0F,
    0xC0, 0x00, 0x3F, 0x00, 0x07, 0xE1, 0xF8, 0x00, 0x03, 0xF0, 0x00, 0xFD, 0x2F, 0x40, 0x00, 0x2F,
    0xD0, 0x7F, 0xC3, 0xF4, 0x00, 0x00, 0xFF, 0xFF, 0xF0, 0x3F, 0x00, 0x00, 0x02, 0xFF, 0xF8, 0x00,
    0x00, 0x00, 0x00, 0x00, 0x50, 0x00, 0x00, 0x00, 0x00, 0x00, 0x00, 0x00, 0x00, 0x00, 0x02, 0xF0,
    0x00, 0x00, 0x1F, 0xFF, 0xE0, 0x00, 0x3F, 0x00, 0x00, 0x2F, 0xFF, 0xFF, 0xC0, 0x03, 0xF0, 0x00,
    0x0F, 0xFE, 0xAA, 0xF8, 0x00, 0x7E, 0x00, 0x03, 0xFD, 0x00, 0x01, 0x00, 0x0B, 0xD0, 0x00, 0xFF,
    0x00, 0x00, 0x00, 0x00, 0xBC, 0x00, 0x2F, 0xC0, 0x00, 0x00, 0x00, 0x0F, 0xC0, 0x03, 0xF0, 0x00,
    0x00, 0x00, 0x00, 0xFC, 0x00, 0xBE, 0x00, 0x00, 0x00, 0x00, 0x1F, 0x80, 0x0F, 0xC0, 0x00, 0x00,
    0x00, 0x02, 0xF4, 0x02, 0xF8, 0x00, 0x00, 0x00, 0x00, 0x3F, 0xEA, 0xBF, 0xEA, 0xAA, 0xA4, 0x00,
    0x03, 0xFF, 0xFF, 0xFF, 0xFF, 0xFF, 0x00, 0x00, 0x3F, 0xFF, 0xFF, 0xFF, 0xFF, 0xF0, 0x00, 0x07,
    0xE0, 0x07, 0xF0, 0x00, 0x00, 0x00, 0x00, 0xBD, 0x00, 0x7F, 0x00, 0x00, 0x00, 0x00, 0x0F, 0xC0,
    0x07, 0xE0, 0x00, 0x00, 0x00, 0x00, 0xFC, 0x00, 0x7F, 0x00, 0x00, 0x00, 0x00, 0x1F, 0x80, 0x03,
    0xF0, 0x00, 0x00, 0x00, 0x01, 0xF4, 0x00, 0x3F, 0x40, 0x00, 0x00, 0x00, 0x2F, 0x40, 0x02, 0xFC,
    0x00, 0x00, 0x00, 0x03, 0xF0, 0x00, 0x0F, 0xF0, 0x00, 0x00, 0x00, 0x3F, 0x00, 0x00, 0xBF, 0xE5,
    0x5B, 0xC0, 0x07, 0xE0, 0x00, 0x02, 0xFF, 0xFF, 0xFC, 0x00, 0xBD, 0x00, 0x00, 0x06, 0xFF, 0xFF,
    0x40, 0x00, 0x00, 0x00, 0x00, 0x00, 0x54, 0x00, 0x00, 0x00, 0x00, 0x00, 0x00, 0x00, 0x00, 0x00,
    0x7D, 0x00, 0x02, 0xFF, 0xF8, 0x00, 0xBD, 0x00, 0x0F, 0xFF, 0xFC, 0x00, 0xFC, 0x00, 0x7F, 0xD5,
    0x68, 0x00, 0xFC, 0x00, 0xFE, 0x00, 0x00, 0x00, 0xF8, 0x02, 0xF8, 0x00, 0x00, 0x01, 0xF8, 0x03,
    0xF0, 0x00, 0x00, 0x02, 0xF4, 0x0B, 0xE0, 0x00, 0x00, 0x03, 0xF9, 0x5F, 0xE5, 0x55, 0x00, 0x03,
    0xFF, 0xFF, 0xFF, 0xFF, 0x40, 0x07, 0xFF, 0xFF, 0xFF, 0xFF, 0x00, 0x07, 0xD0, 0x1F, 0x80, 0x00,
    0x00, 0x0B, 0xC0, 0x1F, 0x80, 0x00, 0x00, 0x0F, 0xC0, 0x1F, 0x80, 0x00, 0x00, 0x0F, 0xC0, 0x1F,
    0xC0, 0x00, 0x00, 0x1F, 0x80, 0x0F, 0xD0, 0x00, 0x00, 0x2F, 0x40, 0x0B, 0xF8, 0x06, 0xC0, 0x2F,
    0x00, 0x02, 0xFF, 0xFF, 0xC0, 0x3F, 0x00, 0x00, 0x7F, 0xFF, 0x40, 0x00, 0x00, 0x00, 0x01, 0x50,
    0x00, 0x00, 0x00, 0x00, 0x0F, 0x80, 0x00, 0x00, 0x00, 0x0B, 0xF0, 0x00, 0x00, 0x00, 0x07, 0xFC,
    0x00, 0x00, 0x00, 0x03, 0xFF, 0x00, 0x00, 0x00, 0x01, 0xFB, 0xD0, 0x00, 0x00, 0x00, 0xFC, 0xF8,
    0x00, 0x00, 0x00, 0xBD, 0x3E, 0x00, 0x00, 0x00, 0x7E, 0x0F, 0xC0, 0x00, 0x00, 0x3F, 0x02, 0xF0,
    0x00, 0x00, 0x1F, 0x80, 0xBC, 0x00, 0x00, 0x0F, 0xFA, 0xBF, 0x40, 0x00, 0x0B, 0xFF, 0xFF, 0xE0,
    0x00, 0x03, 0xFF, 0xFF, 0xF8, 0x00, 0x03, 0xF4, 0xBC, 0x3F, 0x00, 0x01, 0xF8, 0x3F, 0x0F, 0xC0,
    0x00, 0xFC, 0x0F, 0x82, 0xF0, 0x00, 0xBE, 0x07, 0xD0, 0x7D, 0x00, 0x3F, 0x02, 0xF0, 0x1F, 0x80,
    0x2F, 0x40, 0xBC, 0x03, 0xE0, 0x1F, 0xC0, 0x3F, 0x00, 0xFC, 0x0F, 0xC0, 0x0F, 0x80, 0x3F, 0x07,
    0xE0, 0x07, 0xD0, 0x0B, 0xC3, 0xF0, 0x02, 0xF0, 0x02, 0xF6, 0xF4, 0x00, 0xFC, 0x00, 0x7E, 0x00,
    0x00, 0x07, 0xF8, 0x00, 0x00, 0x00, 0xFF, 0xC0, 0x00, 0x00, 0x1F, 0xFC, 0x00, 0x00, 0x03, 0xE7,
    0xC0, 0x00, 0x00, 0xBC, 0x7D, 0x00, 0x00, 0x0F, 0x83, 0xE0, 0x00, 0x03, 0xF0, 0x3E, 0x00, 0x00,
    0x7E, 0x57, 0xF0, 0x00, 0x0F, 0xFF, 0xFF, 0x00, 0x02, 0xFF, 0xFF, 0xF0, 0x00, 0x3F, 0x2F, 0x1F,
    0x40, 0x0B, 0xC3, 0xF1, 0xF8, 0x01, 0xF8, 0x3E, 0x0F, 0x80, 0x3F, 0x07, 0xD0, 0xFC, 0x07, 0xD0,
    0xBC, 0x0F, 0xC0, 0xFC, 0x0B, 0xC0, 0xBC, 0x2F, 0x40, 0xF8, 0x07, 0xD3, 0xF0, 0x0F, 0x80, 0x7E,
    0x00, 0x2F, 0x00, 0x00, 0x03, 0xE0, 0x00, 0x03, 0xF0, 0x00, 0x00, 0xBF, 0x00, 0x00, 0x3F, 0x00,
    0x00, 0x1F, 0xF0, 0x00, 0x07, 0xE0, 0x00, 0x03, 0xFF, 0x00, 0x00, 0xBD, 0x00, 0x00, 0xBE, 0xF4,
    0x00, 0x0B, 0xC0, 0x00, 0x0F, 0xCF, 0x80, 0x00, 0xFC, 0x00, 0x02, 0xF4, 0xF8, 0x00, 0x0F, 0xC0,
    0x00, 0x7F, 0x0F, 0xC0, 0x01, 0xF8, 0x00, 0x0F, 0xC0, 0xBC, 0x00, 0x2F, 0x40, 0x01, 0xF8, 0x0B,
    0xC0, 0x03, 0xFE, 0xAA, 0xBF, 0xEA, 0xFD, 0x00, 0x3F, 0xFF, 0xFF, 0xFF, 0xFF, 0xE0, 0x03, 0xFF,
    0xFF, 0xFF, 0xFF, 0xFE, 0x00, 0x7E, 0x00, 0x2F, 0x4B, 0xC3, 0xF0, 0x0B, 0xD0, 0x07, 0xE0, 0xFC,
    0x3F, 0x00, 0xFC, 0x00, 0xFC, 0x0F, 0x82, 0xF0, 0x0F, 0xC0, 0x1F, 0x81, 0xF4, 0x1F, 0x41, 0xF8,
    0x03, 0xF0, 0x1F, 0x01, 0xF8, 0x1F, 0x40, 0xBD, 0x02, 0xF0, 0x0F, 0x82, 0xF4, 0x1F, 0xC0, 0x3F,
    0x00, 0xFC, 0x3F, 0x03, 0xF0, 0x03, 0xE0, 0x0F, 0xC3, 0xF0, 0x7E, 0x00, 0x7D, 0x00, 0xBC, 0x7E,
    0x0F, 0xC0, 0x0B, 0xC0, 0x0B, 0xDB, 0xD2, 0xF8, 0x00, 0xFC, 0x00, 0x7E, 0x00, 0x7D, 0x00, 0x02,
    0xFC, 0x00, 0x02, 0xF4, 0x00, 0x1F, 0xF4, 0x00, 0x0F, 0xC0, 0x00, 0xFF, 0xE0, 0x00, 0x3F, 0x00,
    0x07, 0xDF, 0x80, 0x00, 0xF8, 0x00, 0x3F, 0x2F, 0x00, 0x07, 0xE0, 0x02, 0xF0, 0xBC, 0x00, 0x2F,
    0x40, 0x0F, 0x81, 0xF4, 0x00, 0xFE, 0x55, 0xFD, 0x5B, 0xD0, 0x03, 0xFF, 0xFF, 0xFF, 0xFF, 0x80,
    0x1F, 0xFF, 0xFF, 0xFF, 0xFF, 0x00, 0x7D, 0x02, 0xF4, 0xF8, 0xFC, 0x02, 0xF0, 0x0F, 0xC7, 0xD2,
    0xF0, 0x0F, 0xC0, 0xFC, 0x1F, 0x0B, 0xD0, 0x3F, 0x07, 0xE0, 0xBC, 0x1F, 0x41, 0xF8, 0x3F, 0x03,
    0xF0, 0x3E, 0x0B, 0xD2, 0xF4, 0x0F, 0x80, 0xFC, 0x2F, 0x0F, 0xC0, 0x7D, 0x03, 0xF0, 0xFC, 0xBD,
    0x02, 0xF0, 0x0F, 0xC0, 0x00, 0x01, 0xFF, 0xFF, 0xFF, 0xFF, 0x80, 0x00, 0x2F, 0xFF, 0xFF, 0xFF,
    0xF8, 0x00, 0x02, 0xFF, 0xFF, 0xFF, 0xFF, 0x40, 0x00, 0x0F, 0xC0, 0x00, 0x0F, 0xE0, 0x00, 0x00,
    0xBD, 0x00, 0x02, 0xF8, 0x00, 0x00, 0x03, 0xF0, 0x00, 0xBE, 0x00, 0x00, 0x00, 0x2F, 0x40, 0x2F,
    0x80, 0x00, 0x00, 0x00, 0xFC, 0x0B, 0xE0, 0x00, 0x00, 0x00, 0x0B, 0xD2, 0xF8, 0x00, 0x00, 0x00,
    0x00, 0x3F, 0x7F, 0x00, 0x00, 0x00, 0x00, 0x17, 0xFF, 0xE4, 0x00, 0x00, 0x00, 0x1F, 0xFF, 0xFF,
    0xF0, 0x00, 0x00, 0x07, 0xFE, 0xFE, 0xBF, 0x80, 0x00, 0x00, 0xFD, 0x0F, 0xC0, 0xFC, 0x00, 0x00,
    0x3F, 0x40, 0xFC, 0x0B, 0xD0, 0x00, 0x07, 0xF0, 0x1F, 0x80, 0x7E, 0x00, 0x00, 0xFD, 0x02, 0xF4,
    0x07, 0xE0, 0x00, 0x1F, 0xC0, 0x3F, 0x00, 0x7E, 0x00, 0x02, 0xF4, 0x03, 0xF0, 0x03, 0xE0, 0x00,
    0x3F, 0x00, 0x3F, 0x00, 0x3F, 0x00, 0x0B, 0xD0, 0x07, 0xE0, 0x03, 0xF0, 0x00, 0xFC, 0x00, 0xBD,
    0x00, 0x3F, 0x00, 0x2F, 0x40, 0x0F, 0xC0, 0x03, 0xF0, 0x03, 0xF0, 0x00, 0xFC, 0x00, 0x3F, 0x00,
    0x00, 0x0F, 0xFF, 0xFF, 0xFF, 0xC0, 0x00, 0xFF, 0xFF, 0xFF, 0xFC, 0x00, 0x0B, 0xEA, 0xAA, 0xBF,
    0x40, 0x00, 0x3E, 0x00, 0x0F, 0xD0, 0x00, 0x01, 0xF4, 0x03, 0xF0, 0x00, 0x00, 0x0F, 0xC0, 0xFC,
    0x00, 0x00, 0x00, 0x3D, 0x3F, 0x00, 0x00, 0x00, 0x07, 0xFF, 0xD0, 0x00, 0x00, 0x0B, 0xFF, 0xFF,
    0xD0, 0x00, 0x03, 0xFE, 0xFE, 0xBF, 0x00, 0x00, 0xBE, 0x0F, 0xC1, 0xF8, 0x00, 0x1F, 0x80, 0xF8,
    0x0F, 0xC0, 0x03, 0xF0, 0x0F, 0x40, 0xFC, 0x00, 0x7E, 0x01, 0xF0, 0x0B, 0xC0, 0x0F, 0xC0, 0x2F,
    0x00, 0xBD, 0x01, 0xF8, 0x03, 0xF0, 0x07, 0xD0, 0x3F, 0x00, 0x3E, 0x00, 0x7E, 0x0B, 0xE0, 0x07,
    0xD0, 0x03, 0xE0, 0x00, 0x2F, 0x00, 0x3F, 0xFF, 0xFF, 0xFF, 0xF0, 0x00, 0xFC, 0x00, 0xFF, 0xFF,
    0xFF, 0xFF, 0xC0, 0x03, 0xF0, 0x07, 0xFF, 0xFF, 0xFF, 0xFF, 0x00, 0x1F, 0x80, 0x0F, 0xC0, 0x00,
    0x0B, 0xF0, 0x00, 0xBD, 0x00, 0x1F, 0x80, 0x00, 0x7F, 0x00, 0x02, 0xF0, 0x00, 0x3F, 0x00, 0x07,
    0xF0, 0x00, 0x0F, 0xC0, 0x00, 0x7E, 0x00, 0x7F, 0x00, 0x00, 0x3F, 0x00, 0x00, 0xFD, 0x03, 0xF0,
    0x00, 0x01, 0xF8, 0x00, 0x01, 0xFC, 0x3F, 0x00, 0x00, 0x0B, 0xD0, 0x00, 0x02, 0xF7, 0xF0, 0x00,
    0x00, 0x3F, 0xEA, 0xAA, 0xAF, 0xFF, 0x90, 0x00, 0x00, 0xFF, 0xFF, 0xFF, 0xFF, 0xFF, 0xF4, 0x00,
    0x03, 0xFF, 0xFF, 0xFF, 0xBF, 0xEF, 0xF0, 0x00, 0x1F, 0x80, 0x0B, 0xE0, 0xBD, 0x0F, 0xE0, 0x00,
    0xBD, 0x00, 0x7E, 0x03, 0xF0, 0x1F, 0x80, 0x03, 0xF0, 0x03, 0xF0, 0x0F, 0xC0, 0x3F, 0x00, 0x0F,
    0xC0, 0x1F, 0x80, 0x3F, 0x00, 0xFC, 0x00, 0x7E, 0x00, 0xFC, 0x01, 0xF8, 0x03, 0xF0, 0x01, 0xF4,
    0x07, 0xE0, 0x0B, 0xD0, 0x0F, 0xC0, 0x0B, 0xD0, 0x3F, 0x00, 0x3F, 0x00, 0x3F, 0x00, 0x3F, 0x01,
    0xF8, 0x00, 0xFC, 0x00, 0xBC, 0x00, 0xFC, 0x0F, 0xD0, 0x07, 0xE0, 0x02, 0xF4, 0x07, 0xE0, 0x7F,
    0x00, 0x1F, 0x40, 0x0B, 0xD0, 0x2F, 0x43, 0xF4, 0x00, 0xBD, 0x00, 0x2F, 0x40, 0x00, 0x7D, 0x03,
    0xFF, 0xFF, 0xFF, 0xF0, 0x02, 0xF4, 0x0F, 0xFF, 0xFF, 0xFF, 0xC0, 0x0F, 0xC0, 0x3F, 0xAA, 0xAA,
    0xFD, 0x00, 0x3F, 0x00, 0x3E, 0x00, 0x0F, 0xC0, 0x00, 0xF8, 0x00, 0xBC, 0x00, 0xFC, 0x00, 0x07,
    0xE0, 0x00, 0xFC, 0x0F, 0xC0, 0x00, 0x2F, 0x40, 0x01, 0xF4, 0xFC, 0x00, 0x00, 0xFE, 0x55, 0x57,
    0xFF, 0xD0, 0x00, 0x03, 0xFF, 0xFF, 0xFF, 0xFF, 0xF4, 0x00, 0x1F, 0xFF, 0xFF, 0xEF, 0xEB, 0xF0,
    0x00, 0x7D, 0x02, 0xF4, 0x3F, 0x0B, 0xE0, 0x02, 0xF0, 0x1F, 0x80, 0xF8, 0x0F, 0xC0, 0x0F, 0xC0,
    0xFC, 0x07, 0xD0, 0x3F, 0x00, 0x3F, 0x07, 0xE0, 0x2F, 0x00, 0xBC, 0x01, 0xF8, 0x3F, 0x00, 0xBC,
    0x02, 0xF0, 0x0B, 0xD2, 0xF8, 0x03, 0xF0, 0x07, 0xD0, 0x2F, 0x0F, 0xC0, 0x0F, 0x80, 0x1F, 0x80,
    0xFC, 0xBD, 0x00, 0x7D, 0x00, 0x3E, 0x00, 0x00, 0x00, 0x04, 0x00, 0x14, 0x00, 0x00, 0x1F, 0x00,
    0xFD, 0x00, 0x00, 0x0B, 0xC3, 0xF9, 0x00, 0x00, 0x03, 0xEF, 0xC0, 0x00, 0x00, 0x01, 0xFF, 0x00,
    0x00, 0x00, 0x6F, 0xFF, 0x80, 0x00, 0x07, 0xFF, 0xFF, 0xF0, 0x00, 0x0F, 0xF9, 0x5B, 0xFC, 0x00,
    0x07, 0x40, 0x01, 0xFD, 0x00, 0x00, 0x00, 0x00, 0xBD, 0x00, 0x00, 0x00, 0x00, 0xBD, 0x00, 0x00,
    0x00, 0x00, 0xBD, 0x00, 0x00, 0x00, 0x00, 0xFC, 0x00, 0x00, 0x00, 0x02, 0xF8, 0x00, 0x00, 0x00,
    0x0B, 0xE0, 0x00, 0x02, 0xAA, 0xFF, 0x40, 0x00, 0x07, 0xFF, 0xF4, 0x00, 0x00, 0x0B, 0xFF, 0xFE,
    0x00, 0x00, 0x00, 0x00, 0x7F, 0xC0, 0x00, 0x00, 0x00, 0x0F, 0xD0, 0x00, 0x00, 0x00, 0x07, 0xF0,
    0x00, 0x00, 0x00, 0x03, 0xF0, 0x00, 0x00, 0x00, 0x03, 0xF0, 0x00, 0x00, 0x00, 0x07, 0xF0, 0x00,
    0x00, 0x00, 0x0F, 0xE0, 0x00, 0x00, 0x00, 0x3F, 0xC0, 0x00, 0x00, 0x1B, 0xFF, 0x40, 0x00, 0x6F,
    0xFF, 0xFD, 0x00, 0x0B, 0xFF, 0xFF, 0x90, 0x00, 0x2F, 0xFA, 0x50, 0x00, 0x00, 0x3F, 0x40, 0x00,
    0x00, 0x00, 0x3F, 0x00, 0x00, 0x00, 0x00, 0x3F, 0x40, 0x55, 0x40, 0x00, 0x2F, 0xFF, 0xFF, 0xF8,
    0x00, 0x0F, 0xFF, 0xFF, 0xF8, 0x00, 0x00, 0x55, 0x55, 0x68, 0x00, 0x00, 0x00, 0x00, 0x00, 0x00,
    0x00, 0xF4, 0x07, 0xF0, 0x00, 0x1F, 0x07, 0xFC, 0x00, 0x02, 0xF7, 0xD0, 0x00, 0x00, 0x3F, 0xE0,
    0x00, 0x01, 0xBF, 0xFD, 0x00, 0x03, 0xFF, 0xFF, 0xD0, 0x00, 0x7E, 0x57, 0xFC, 0x00, 0x00, 0x00,
    0x3F, 0x00, 0x00, 0x00, 0x0B, 0xC0, 0x00, 0x00, 0x03, 0xF0, 0x00, 0x00, 0x02, 0xF8, 0x00, 0x02,
    0xAB, 0xF8, 0x00, 0x00, 0xFF, 0xE0, 0x00, 0x00, 0x7F, 0xFE, 0x00, 0x00, 0x00, 0x0B, 0xE0, 0x00,
    0x00, 0x00, 0xFC, 0x00, 0x00, 0x00, 0x3F, 0x00, 0x00, 0x00, 0x0F, 0xC0, 0x00, 0x00, 0x0B, 0xE0,
    0x00, 0x00, 0x6F, 0xF0, 0x00, 0x1B, 0xFF, 0xE0, 0x00, 0xBF, 0xFF, 0x80, 0x00, 0xFF, 0x90, 0x00,
    0x00, 0x7D, 0x00, 0x00, 0x00, 0x2F, 0x00, 0x00, 0x00, 0x07, 0xFA, 0xAA, 0xA4, 0x00, 0xFF, 0xFF,
    0xFF, 0x00, 0x07, 0xFF, 0xFF, 0xC0, 0x00, 0x00, 0x00, 0x00, 0x00, 0x03, 0xF0, 0x00, 0xBC, 0x00,
    0x2F, 0x40, 0xFC, 0x00, 0x3F, 0x00, 0x0F, 0xC0, 0x7E, 0x00, 0x0F, 0xC0, 0x03, 0xF0, 0x2F, 0x40,
    0x07, 0xE0, 0x01, 0xFC, 0x0F, 0xD0, 0x02, 0xF4, 0x00, 0x7E, 0x03, 0xF0, 0x00, 0xFC, 0x00, 0x2F,
    0x40, 0xFC, 0x00, 0x3F, 0x00, 0x0F, 0xC0, 0x7E, 0x00, 0x1F, 0xC0, 0x03, 0xF0, 0x2F, 0x40, 0x07,
    0xE0, 0x01, 0xF8, 0x0F, 0xD0, 0x02, 0xF4, 0x00, 0xBD, 0x03, 0xF0, 0x00, 0xFC, 0x00, 0x3F, 0x00,
    0xFD, 0x00, 0x3F, 0x00, 0x1F, 0x80, 0x3F, 0x40, 0x1F, 0x80, 0x0F, 0xC0, 0x0B, 0xF0, 0x0B, 0xD0,
    0x0F, 0xD0, 0x00, 0xFF, 0x43, 0xF4, 0x1F, 0xE0, 0x00, 0x1F, 0xFF, 0xFF, 0xFF, 0xD0, 0x00, 0x01,
    0xFF, 0xFF, 0xFF, 0x80, 0x00, 0x00, 0x06, 0xBF, 0xE9, 0x00, 0x00, 0x00, 0x00, 0x0B, 0xD0, 0x00,
    0x00, 0x00, 0x00, 0x03, 0xF0, 0x00, 0x00, 0x00, 0x00, 0x00, 0xFC, 0x00, 0x00, 0x00, 0x00, 0x00,
    0x3F, 0x00, 0x00, 0x00, 0x00, 0x00, 0x1F, 0x80, 0x00, 0x00, 0x00, 0x00, 0x0B, 0xD0, 0x00, 0x00,
    0x00, 0x00, 0x00, 0x00, 0x14, 0x00, 0x00, 0x00, 0x00, 0x07, 0xE0, 0x00, 0x00, 0x00, 0x00, 0xBD,
    0x00, 0x00, 0x00, 0x00, 0x0B, 0xC0, 0x00, 0x00, 0x00, 0x00, 0xFC, 0x00, 0x00, 0x00, 0x00, 0x0F,
    0x80, 0x00, 0x00, 0x00, 0x01, 0xF4, 0x00, 0x00, 0x00, 0x00, 0x2F, 0x40, 0x00, 0x01, 0xF4, 0x03,
    0xF0, 0x0F, 0xC0, 0x3F, 0x00, 0x3F, 0x00, 0xFC, 0x03, 0xF0, 0x03, 0xE0, 0x0F, 0xC0, 0x3F, 0x00,
    0x7D, 0x00, 0xFC, 0x07, 0xE0, 0x0B, 0xC0, 0x0F, 0xC0, 0xBD, 0x00, 0xFC, 0x00, 0xFC, 0x0F, 0xC0,
    0x0F, 0xC0, 0x0F, 0xC0, 0xFC, 0x01, 0xF8, 0x00, 0xF8, 0x1F, 0x80, 0x2F, 0x40, 0x1F, 0x81, 0xF4,
    0x02, 0xF0, 0x02, 0xF4, 0x2F, 0x40, 0x3F, 0x00, 0x3F, 0x03, 0xF0, 0x03, 0xE0, 0x07, 0xE0, 0x3F,
    0x00, 0x7E, 0x00, 0xFC, 0x02, 0xF4, 0x0B, 0xD0, 0x2F, 0x80, 0x2F, 0xC0, 0xFC, 0x0B, 0xF0, 0x00,
    0xFF, 0x4F, 0xDB, 0xFC, 0x00, 0x07, 0xFF, 0xFF, 0xFE, 0x00, 0x00, 0x0B, 0xFF, 0xFE, 0x00, 0x00,
    0x00, 0x02, 0xF4, 0x00, 0x00, 0x00, 0x00, 0x3F, 0x00, 0x00, 0x00, 0x00, 0x03, 0xF0, 0x00, 0x00,
    0x00, 0x00, 0x3E, 0x00, 0x00, 0x00, 0x00, 0x07, 0xD0, 0x00, 0x00, 0x00, 0x00, 0xBC, 0x00, 0x00,
    0x00, 0x00, 0x0F, 0xC0, 0x00, 0x00, 0x00, 0x00, 0xF8, 0x00, 0x00, 0x00, 0x00, 0x00, 0x00, 0x00,
    0x00, 0x00, 0x00, 0x1F, 0xFF, 0x90, 0x00, 0x00, 0x7F, 0xFF, 0xFE, 0x00, 0x00, 0xBF, 0xE9, 0xBF,
    0xF0, 0x00, 0xBF, 0x80, 0x01, 0xFE, 0x00, 0x7F, 0x40, 0x00, 0x1F, 0xC0, 0x3F, 0x40, 0x00, 0x03,
    0xF4, 0x2F, 0x80, 0x00, 0x00, 0xBE, 0x0F, 0xC0, 0x00, 0x00, 0x1F, 0xCB, 0xE0, 0x00, 0x00, 0x03,
    0xF3, 0xF4, 0x00, 0x00, 0x00, 0xFC, 0xFE, 0x55, 0x55, 0x55, 0xBF, 0x7F, 0xFF, 0xFF, 0xFF, 0xFF,
    0xDF, 0xFF, 0xFF, 0xFF, 0xFF, 0xFB, 0xE0, 0x00, 0x00, 0x02, 0xFA, 0xF8, 0x00, 0x00, 0x00, 0xFD,
    0xBE, 0x00, 0x00, 0x00, 0x7F, 0x2F, 0x80, 0x00, 0x00, 0x2F, 0xC7, 0xF0, 0x00, 0x00, 0x0F, 0xD0,
    0xFC, 0x00, 0x00, 0x0F, 0xF0, 0x3F, 0xC0, 0x00, 0x0B, 0xF0, 0x07, 0xF8, 0x00, 0x0F, 0xF4, 0x00,
    0xBF, 0xE5, 0x6F, 0xF8, 0x00, 0x0B, 0xFF, 0xFF, 0xF4, 0x00, 0x00, 0x2F, 0xFF, 0xD0, 0x00, 0x00,
    0x00, 0x15, 0x00, 0x00, 0x00, 0x00, 0x00, 0x00, 0x00, 0x00, 0x01, 0xFF, 0xE0, 0x00, 0x07, 0xFF,
    0xFF, 0x40, 0x07, 0xFD, 0x5F, 0xF0, 0x03, 0xF8, 0x00, 0xBE, 0x02, 0xF8, 0x00, 0x0F, 0xC0, 0xFC,
    0x00, 0x03, 0xF0, 0xBE, 0x00, 0x00, 0xBD, 0x3F, 0x95, 0x55, 0x7F, 0x0F, 0xFF, 0xFF, 0xFF, 0xC7,
    0xFF, 0xFF, 0xFF, 0xF1, 0xF8, 0x00, 0x01, 0xF8, 0x7E, 0x00, 0x00, 0xBD, 0x1F, 0x80, 0x00, 0x3F,
    0x03, 0xF0, 0x00, 0x2F, 0x80, 0xFD, 0x00, 0x1F, 0xC0, 0x1F, 0xE0, 0x6F, 0xC0, 0x01, 0xFF, 0xFF,
    0xD0, 0x00, 0x1F, 0xFF, 0x80, 0x00, 0x00, 0x04, 0x00, 0x00, 0xBC, 0x00, 0x00, 0x02, 0xFD, 0xFC,
    0x00, 0x00, 0x0F, 0xFE, 0xBC, 0x00, 0x00, 0x2F, 0xD5, 0xBD, 0x00, 0x00, 0x3F, 0x00, 0x7D, 0x00,
    0x00, 0xFD, 0x00, 0x7E, 0x00, 0x01, 0xFC, 0x00, 0x7E, 0x00, 0x03, 0xF4, 0x00, 0x3E, 0x00, 0x03,
    0xF0, 0x00, 0x3F, 0x00, 0x0B, 0xD0, 0x00, 0x3F, 0x00, 0x0F, 0xC0, 0x00, 0x3F, 0x00, 0x2F, 0x40,
    0x00, 0x2F, 0x00, 0x3F, 0x00, 0x00, 0x2F, 0x00, 0xBD, 0x00, 0x00, 0x2F, 0x40, 0xFC, 0x00, 0x00,
    0x1F, 0x42, 0xF4, 0x00, 0x00, 0x1F, 0x83, 0xF0, 0x00, 0x00, 0x0F, 0x87, 0xD0, 0x00, 0x00, 0x0F,
    0x8F, 0xC0, 0x00, 0x00, 0x0F, 0xDF, 0x80, 0x00, 0x00, 0x0F, 0xEF, 0x00, 0x00, 0x00, 0x0F, 0xFE,
    0x00, 0x00, 0x00, 0x0B, 0xFC, 0x00, 0x00, 0x00, 0x0B, 0xF8, 0x00, 0x00, 0x00, 0x07, 0xF0, 0x00,
    0x00, 0x00, 0x7D, 0x00, 0x00, 0x2F, 0x5F, 0x80, 0x00, 0x7F, 0xD3, 0xF0, 0x00, 0x3F, 0x40, 0xFC,
    0x00, 0x2F, 0x80, 0x3F, 0x00, 0x0F, 0xC0, 0x0F, 0xC0, 0x07, 0xD0, 0x02, 0xF0, 0x03, 0xF0, 0x00,
    0xBD, 0x01, 0xF8, 0x00, 0x1F, 0x40, 0xFC, 0x00, 0x07, 0xD0, 0x7E, 0x00, 0x00, 0xF8, 0x3F, 0x00,
    0x00, 0x3E, 0x0F, 0x80, 0x00, 0x0F, 0xCB, 0xC0, 0x00, 0x03, 0xF3, 0xE0, 0x00, 0x00, 0xBE, 0xF0,
    0x00, 0x00, 0x2F, 0xF8, 0x00, 0x00, 0x0B, 0xFC, 0x00, 0x00, 0x01, 0xFF, 0x00, 0x00, 0x00, 0x1A,
    0x41, 0xA0, 0x00, 0x00, 0x0F, 0xC2, 0xF8, 0x00, 0x00, 0x0B, 0xD0, 0xFC, 0x00, 0x00, 0x03, 0xF0,
    0x3E, 0x00, 0x00, 0x00, 0xF4, 0x1F, 0x00, 0x00, 0x00, 0x78, 0x0B, 0x40, 0x00, 0x00, 0x00, 0x00,
    0x00, 0x00, 0x00, 0x00, 0x00, 0x00, 0x00, 0xBC, 0x00, 0x00, 0x02, 0xFD, 0xFC, 0x00, 0x00, 0x0F,
    0xFE, 0xBC, 0x00, 0x00, 0x2F, 0xD5, 0xBD, 0x00, 0x00, 0x3F, 0x00, 0x7D, 0x00, 0x00, 0xFD, 0x00,
    0x7E, 0x00, 0x01, 0xFC, 0x00, 0x7E, 0x00, 0x03, 0xF4, 0x00, 0x3E, 0x00, 0x03, 0xF0, 0x00, 0x3F,
    0x00, 0x0B, 0xD0, 0x00, 0x3F, 0x00, 0x0F, 0xC0, 0x00, 0x3F, 0x00, 0x2F, 0x40, 0x00, 0x2F, 0x00,
    0x3F, 0x00, 0x00, 0x2F, 0x00, 0xBD, 0x00, 0x00, 0x2F, 0x40, 0xFC, 0x00, 0x00, 0x1F, 0x42, 0xF4,
    0x00, 0x00, 0x1F, 0x83, 0xF0, 0x00, 0x00, 0x0F, 0x87, 0xD0, 0x00, 0x00, 0x0F, 0x8F, 0xC0, 0x00,
    0x00, 0x0F, 0xDF, 0x80, 0x00, 0x00, 0x0F, 0xEF, 0x00, 0x00, 0x00, 0x0F, 0xFE, 0x00, 0x00, 0x00,
    0x0B, 0xFC, 0x00, 0x00, 0x00, 0x0B, 0xF8, 0x00, 0x00, 0x00, 0x07, 0xF0, 0x00, 0x00, 0x00, 0x69,
    0x06, 0x80, 0x00, 0x0F, 0xC2, 0xF8, 0x00, 0x02, 0xF4, 0x3F, 0x00, 0x00, 0x3F, 0x03, 0xE0, 0x00,
    0x03, 0xD0, 0x7C, 0x00, 0x00, 0x78, 0x0B, 0x40, 0x00, 0x00, 0x00, 0x00, 0x00, 0x00, 0x00, 0x00,
    0x00, 0x7D, 0x00, 0x00, 0x2F, 0x5F, 0x80, 0x00, 0x7F, 0xD3, 0xF0, 0x00, 0x3F, 0x40, 0xFC, 0x00,
    0x2F, 0x80, 0x3F, 0x00, 0x0F, 0xC0, 0x0F, 0xC0, 0x07, 0xD0, 0x02, 0xF0, 0x03, 0xF0, 0x00, 0xBD,
    0x01, 0xF8, 0x00, 0x1F, 0x40, 0xFC, 0x00, 0x07, 0xD0, 0x7E, 0x00, 0x00, 0xF8, 0x3F, 0x00, 0x00,
    0x3E, 0x0F, 0x80, 0x00, 0x0F, 0xCB, 0xC0, 0x00, 0x03, 0xF3, 0xE0, 0x00, 0x00, 0xBE, 0xF0, 0x00,
    0x00, 0x2F, 0xF8, 0x00, 0x00, 0x0B, 0xFC, 0x00, 0x00, 0x01, 0xFF, 0x00, 0x00, 0x00, 0x00, 0x00,
    0x00, 0x00, 0x00, 0x00, 0x00, 0x00, 0x00, 0x00, 0x00, 0x00, 0x7F, 0xFE, 0x40, 0x00, 0x00, 0x00,
    0x00, 0x00, 0x00, 0x07, 0xFF, 0xFF, 0xE0, 0x00, 0x00, 0x00, 0x00, 0x00, 0x00, 0x2F, 0xFA, 0x6F,
    0xFC, 0x00, 0x00, 0x00, 0x00, 0x00, 0x00, 0xBF, 0x80, 0x01, 0xFE, 0x00, 0x00, 0x00, 0x00, 0x00,
    0x01, 0xFD, 0x00, 0x00, 0x7F, 0x00, 0x00, 0x00, 0x00, 0x00, 0x03, 0xF4, 0x00, 0x00, 0x3F, 0x40,
    0x00, 0x00, 0x00, 0x00, 0x0B, 0xE0, 0x00, 0x00, 0x2F, 0x81, 0xF8, 0x00, 0x00, 0xFC, 0x0F, 0xC0,
    0x00, 0x00, 0x1F, 0xC0, 0xF8, 0x00, 0x02, 0xF4, 0x2F, 0x80, 0x00, 0x00, 0x0F, 0xC0, 0xFC, 0x00,
    0x03, 0xF0, 0x3F, 0x40, 0x00, 0x00, 0x0F, 0xC0, 0xFC, 0x00, 0x0B, 0xD0, 0x3F, 0x00, 0x00, 0x00,
    0x0F, 0xC0, 0xBC, 0x00, 0x1F, 0xC0, 0x7F, 0x00, 0x00, 0x00, 0x1F, 0xC0, 0xBD, 0x00, 0x3F, 0x40,
    0x7E, 0x00, 0x00, 0x00, 0x1F, 0xC0, 0x7D, 0x00, 0x7E, 0x00, 0xBE, 0x00, 0x00, 0x00, 0x2F, 0x80,
    0x7E, 0x00, 0xFC, 0x00, 0xBE, 0x00, 0x00, 0x00, 0x3F, 0x40, 0x3E, 0x01, 0xF8, 0x00, 0xBE, 0x00,
    0x00, 0x00, 0x7F, 0x00, 0x3F, 0x03, 0xF0, 0x00, 0xBE, 0x00, 0x00, 0x00, 0xBF, 0x00, 0x3F, 0x07,
    0xE0, 0x00, 0x7F, 0x00, 0x00, 0x00, 0xFD, 0x00, 0x2F, 0x0F, 0xC0, 0x00, 0x3F, 0x00, 0x00, 0x03,
    0xFC, 0x00, 0x2F, 0x1F, 0x40, 0x00, 0x3F, 0xC0, 0x00, 0x0B, 0xF0, 0x00, 0x1F, 0x3F, 0x00, 0x00,
    0x1F, 0xE0, 0x00, 0x3F, 0xD0, 0x00, 0x0F, 0x7D, 0x00, 0x00, 0x0B, 0xFE, 0x56, 0xFF, 0x80, 0x00,
    0x0F, 0xFC, 0x00, 0x00, 0x02, 0xFF, 0xFF, 0xFD, 0x00, 0x00, 0x0F, 0xF4, 0x00, 0x00, 0x00, 0x2F,
    0xFF, 0xD0, 0x00, 0x00, 0x0F, 0xF0, 0x00, 0x00, 0x00, 0x00, 0x54, 0x00, 0x00, 0x00, 0x0F, 0xC0,
    0x00, 0x00, 0x00, 0x00, 0x00, 0x00, 0x00, 0x00, 0x1F, 0x80, 0x00, 0x00, 0x00, 0x00, 0x00, 0x00,
    0x00, 0x00, 0x3F, 0x00, 0x00, 0x00, 0x00, 0x00, 0x00, 0x00, 0x00, 0x00, 0xBE, 0x00, 0x00, 0x00,
    0x00, 0x00, 0x00, 0x00, 0x00, 0x01, 0xFC, 0x00, 0x00, 0x00, 0x00, 0x00, 0x00, 0x00, 0x02, 0x5B,
    0xF4, 0x00, 0x00, 0x00, 0x00, 0x00, 0x00, 0x00, 0x03, 0xFF, 0xD0, 0x00, 0x00, 0x00, 0x00, 0x00,
    0x00, 0x00, 0x03, 0xFE, 0x00, 0x00, 0x00, 0x00, 0x00, 0x00, 0x00, 0x00, 0x00, 0x00, 0x00, 0x00,
    0x00, 0x00, 0x1F, 0xFE, 0x00, 0x07, 0xD0, 0x00, 0x07, 0xE0, 0x07, 0xFF, 0xFF, 0x00, 0x1F, 0x40,
    0x00, 0x3F, 0x00, 0x7F, 0xD5, 0xFF, 0x00, 0x7E, 0x00, 0x01, 0xF8, 0x03, 0xF8, 0x00, 0xBE, 0x00,
    0xF8, 0x00, 0x0F, 0xC0, 0x2F, 0x80, 0x00, 0xFC, 0x03, 0xF0, 0x00, 0xBE, 0x00, 0xFC, 0x00, 0x03,
    0xF0, 0x0F, 0xC0, 0x03, 0xF0, 0x0B, 0xD0, 0x00, 0x0F, 0xC0, 0x2F, 0x00, 0x2F, 0x40, 0x3F, 0x00,
    0x00, 0x3F, 0x00, 0xBD, 0x00, 0xFC, 0x00, 0xFC, 0x00, 0x00, 0xFC, 0x01, 0xF4, 0x0B, 0xD0, 0x07,
    0xE0, 0x00, 0x03, 0xF0, 0x03, 0xE0, 0x3F, 0x00, 0x1F, 0x80, 0x00, 0x1F, 0x80, 0x0F, 0x82, 0xF4,
    0x00, 0x7E, 0x00, 0x00, 0xBD, 0x00, 0x3E, 0x0F, 0xC0, 0x01, 0xF8, 0x00, 0x03, 0xF0, 0x00, 0xFC,
    0xBC, 0x00, 0x03, 0xF0, 0x00, 0x2F, 0x80, 0x02, 0xF3, 0xE0, 0x00, 0x0F, 0xD0, 0x01, 0xFC, 0x00,
    0x0B, 0xEF, 0x00, 0x00, 0x1F, 0xE4, 0x6F, 0xD0, 0x00, 0x1F, 0xF8, 0x00, 0x00, 0x2F, 0xFF, 0xFD,
    0x00, 0x00, 0x3F, 0xC0, 0x00, 0x00, 0x1F, 0xFF, 0x80, 0x00, 0x00, 0xFD, 0x00, 0x00, 0x00, 0x00,
    0x40, 0x00, 0x00, 0x03, 0xF0, 0x00, 0x00, 0x00, 0x00, 0x00, 0x00, 0x00, 0x2F, 0x40, 0x00, 0x00,
    0x00, 0x00, 0x00, 0x00, 0x00, 0xFC, 0x00, 0x00, 0x00, 0x00, 0x00, 0x00, 0x00, 0x0F, 0xD0, 0x00,
    0x00, 0x00, 0x00, 0x00, 0x00, 0x00, 0xBE, 0x00, 0x00, 0x00, 0x00, 0x00, 0x00, 0x02, 0x5F, 0xF0,
    0x00, 0x00, 0x00, 0x00, 0x00, 0x00, 0x1F, 0xFF, 0x00, 0x00, 0x00, 0x00, 0x00, 0x00, 0x00, 0x7F,
    0xE0, 0x00, 0x00, 0x00, 0x00, 0x00, 0x00, 0x00, 0xB8, 0x00, 0x00, 0x00, 0x00, 0x3F, 0xD0, 0x00,
    0x00, 0x00, 0x6F, 0xFF, 0x40, 0x00, 0x00, 0x7F, 0xFF, 0xFF, 0x40, 0x00, 0x2F, 0xFF, 0xFF, 0xFD,
    0x00, 0x0B, 0xF8, 0x3F, 0x4F, 0xF0, 0x01, 0xFD, 0x00, 0x00, 0x3F, 0x80, 0x3F, 0x40, 0x00, 0x01,
    0xFC, 0x0B, 0xE0, 0x00, 0x00, 0x0F, 0xD0, 0xFC, 0x00, 0x00, 0x00, 0xBE, 0x2F, 0x80, 0x00, 0x00,
    0x0B, 0xE3, 0xF4, 0x00, 0x00, 0x00, 0xBE, 0x3F, 0x00, 0x00, 0x00, 0x0B, 0xE7, 0xF0, 0x00, 0x00,
    0x00, 0xBE, 0x7E, 0x00, 0x00, 0x00, 0x0F, 0xDB, 0xE0, 0x00, 0x00, 0x00, 0xFD, 0xBE, 0x00, 0x00,
    0x00, 0x0F, 0xCB, 0xE0, 0x00, 0x00, 0x02, 0xFC, 0x7E, 0x00, 0x00, 0x00, 0x3F, 0x47, 0xF0, 0x00,
    0x00, 0x07, 0xF0, 0x3F, 0x40, 0x00, 0x00, 0xFD, 0x02, 0xFC, 0x00, 0x00, 0x3F, 0xC0, 0x0F, 0xE0,
    0xFC, 0x1F, 0xF0, 0x00, 0x7F, 0xFF, 0xFF, 0xFC, 0x00, 0x01, 0xFF, 0xFF, 0xFE, 0x00, 0x00, 0x02,
    0xFF, 0xFE, 0x40, 0x00, 0x00, 0x07, 0xFC, 0x00, 0x00, 0x00, 0x00, 0x2F, 0x40, 0x00, 0x00, 0x00,
    0x00, 0x00, 0x00, 0x00, 0x00, 0x00, 0x00, 0x28, 0x00, 0x00, 0x00, 0x3F, 0xC0, 0x00, 0x00, 0x7F,
    0xF9, 0x00, 0x01, 0xFF, 0xFF, 0xE0, 0x01, 0xFF, 0xFF, 0xFE, 0x00, 0xFE, 0x1A, 0x0F, 0xC0, 0xBE,
    0x00, 0x02, 0xF8, 0x3F, 0x00, 0x00, 0x7E, 0x2F, 0x40, 0x00, 0x0F, 0xCF, 0xC0, 0x00, 0x03, 0xF3,
    0xF0, 0x00, 0x01, 0xF9, 0xF8, 0x00, 0x00, 0x7E, 0x7E, 0x00, 0x00, 0x2F, 0x5F, 0x80, 0x00, 0x0F,
    0xC7, 0xE0, 0x00, 0x07, 0xE0, 0xFC, 0x00, 0x03, 0xF4, 0x3F, 0x41, 0x43, 0xF8, 0x07, 0xFB, 0xFF,
    0xFC, 0x00, 0xBF, 0xFF, 0xF8, 0x00, 0x06, 0xFF, 0xF4, 0x00, 0x00, 0x1F, 0xD0, 0x00, 0x00, 0x02,
    0xE0, 0x00, 0x00, 0x00, 0x00, 0x00, 0x00, 0x50, 0x00, 0x00, 0x00, 0x00, 0x00, 0x02, 0xFF, 0xD0,
    0x00, 0x00, 0x00, 0x00, 0x02, 0xFF, 0xFF, 0x94, 0x00, 0x00, 0x00, 0x00, 0xF4, 0x0B, 0xFE, 0x00,
    0x00, 0x00, 0x00, 0x68, 0x78, 0x1A, 0x00, 0x00, 0x00, 0x00, 0x00, 0x3F, 0x80, 0x00, 0x00, 0x00,
    0x00, 0x00, 0x02, 0xE0, 0x00, 0x00, 0x00, 0x00, 0x00, 0x00, 0xB4, 0x00, 0x00, 0x00, 0x00, 0x00,
    0x00, 0xB4, 0x00, 0x00, 0x00, 0x00, 0x00, 0x00, 0x60, 0x00, 0x00, 0x00, 0x00, 0x00, 0x00, 0x00,
    0x00, 0x00, 0x00, 0x00, 0x06, 0xFF, 0x80, 0x07, 0xFF, 0x80, 0x00, 0x0B, 0xFF, 0xFC, 0x0B, 0xFF,
    0xFC, 0x00, 0x0F, 0xFE, 0xBE, 0x01, 0xFA, 0xBF, 0xC0, 0x0B, 0xF4, 0x01, 0x00, 0x20, 0x07, 0xF4,
    0x07, 0xF0, 0x00, 0x00, 0x00, 0x00, 0xBE, 0x03, 0xF4, 0x00, 0x00, 0x00, 0x00, 0x1F, 0xC2, 0xFC,
    0x00, 0x00, 0x00, 0x00, 0x03, 0xF0, 0xFD, 0x00, 0x00, 0x00, 0x00, 0x00, 0xFC, 0x7F, 0x00, 0x00,
    0x00, 0x00, 0x00, 0x3F, 0x2F, 0x80, 0x00, 0x00, 0x00, 0x00, 0x1F, 0xCF, 0xD0, 0x00, 0x00, 0x00,
    0x00, 0x07, 0xE3, 0xF0, 0x00, 0x00, 0x00, 0x00, 0x02, 0xF9, 0xFC, 0x00, 0x00, 0x00, 0x00, 0x00,
    0xFD, 0x7E, 0x00, 0x00, 0x3E, 0x00, 0x00, 0x3F, 0x2F, 0x80, 0x00, 0x1F, 0x80, 0x00, 0x1F, 0xCB,
    0xE0, 0x00, 0x0B, 0xD0, 0x00, 0x0B, 0xE2, 0xF8, 0x00, 0x03, 0xF0, 0x00, 0x03, 0xF0, 0xBE, 0x00,
    0x00, 0xFC, 0x00, 0x02, 0xF8, 0x1F, 0xC0, 0x00, 0x7F, 0x00, 0x01, 0xFC, 0x03, 0xF0, 0x00, 0x2F,
    0x80, 0x00, 0xFE, 0x00, 0xFF, 0x00, 0x1F, 0xF0, 0x00, 0xFF, 0x00, 0x1F, 0xF5, 0x6F, 0xFF, 0x96,
    0xFF, 0x00, 0x02, 0xFF, 0xFF, 0xDF, 0xFF, 0xFF, 0x00, 0x00, 0x1F, 0xFF, 0x80, 0xBF, 0xFD, 0x00,
    0x00, 0x00, 0x15, 0x00, 0x00, 0x50, 0x00, 0x00, 0x00, 0x00, 0x00, 0x04, 0x00, 0x00, 0x00, 0x00,
    0x00, 0x7F, 0xF8, 0x00, 0x00, 0x00, 0x00, 0x3F, 0xFF, 0xF9, 0x00, 0x00, 0x00, 0x2F, 0x01, 0xBF,
    0xC0, 0x00, 0x00, 0x0A, 0x0B, 0x41, 0xA0, 0x00, 0x00, 0x00, 0x03, 0xF0, 0x00, 0x00, 0x00, 0x00,
    0x00, 0x7D, 0x00, 0x00, 0x00, 0x00, 0x00, 0x0F, 0x00, 0x00, 0x00, 0x00, 0x00, 0x1F, 0x00, 0x00,
    0x00, 0x00, 0x00, 0x09, 0x00, 0x00, 0x00, 0x00, 0x00, 0x00, 0x00, 0x00, 0x00, 0x00, 0x00, 0x00,
    0x00, 0x00, 0x00, 0x00, 0x0B, 0xFF, 0x40, 0xBF, 0xE0, 0x00, 0x1F, 0xFF, 0xD0, 0x7F, 0xFF, 0x00,
    0x1F, 0xF5, 0xA0, 0x0E, 0x6F, 0xD0, 0x0F, 0xD0, 0x00, 0x00, 0x01, 0xFC, 0x0B, 0xE0, 0x00, 0x00,
    0x00, 0x3F, 0x03, 0xF0, 0x00, 0x00, 0x00, 0x0F, 0xC2, 0xF8, 0x00, 0x00, 0x00, 0x03, 0xF0, 0xFC,
    0x00, 0x00, 0x00, 0x00, 0xFC, 0x3F, 0x00, 0x00, 0x00, 0x00, 0x3F, 0x1F, 0xC0, 0x01, 0xF8, 0x00,
    0x1F, 0xC7, 0xE0, 0x00, 0xBD, 0x00, 0x0B, 0xE1, 0xF8, 0x00, 0x2F, 0x00, 0x03, 0xF4, 0x7E, 0x00,
    0x0F, 0xC0, 0x01, 0xFC, 0x0F, 0xC0, 0x03, 0xF0, 0x00, 0xFD, 0x03, 0xF4, 0x01, 0xF8, 0x00, 0xBF,
    0x00, 0xBF, 0x56, 0xFF, 0x95, 0xFF, 0x00, 0x0F, 0xFF, 0xFF, 0xFF, 0xFF, 0x40, 0x00, 0xBF, 0xF8,
    0x7F, 0xFE, 0x00, 0x00, 0x01, 0x50, 0x00, 0x50, 0x00, 0x00, 0x00, 0x00, 0x0A, 0xAA, 0xAA, 0xA8,
    0x00, 0x00, 0x00, 0x00, 0xFF, 0xFF, 0xFF, 0xC0, 0x00, 0x00, 0x00, 0x0B, 0x02, 0xC0, 0x74, 0x00,
    0x00, 0x00, 0x00, 0x50, 0x04, 0x01, 0x00, 0x00, 0x00, 0x00, 0x00, 0x00, 0x00, 0x00, 0x00, 0x00,
    0x00, 0x00, 0x00, 0x00, 0x00, 0x00, 0x00, 0x3F, 0x00, 0x00, 0x1F, 0x40, 0x00, 0x03, 0xE3, 0xF0,
    0x00, 0x02, 0xF4, 0x00, 0x00, 0x7E, 0x7F, 0x00, 0x00, 0x3F, 0x40, 0x00, 0x0B, 0xD7, 0xE0, 0x00,
    0x03, 0xF0, 0x00, 0x00, 0xFC, 0xBE, 0x00, 0x00, 0x3F, 0x00, 0x00, 0x1F, 0xCB, 0xE0, 0x00, 0x03,
    0xF0, 0x00, 0x02, 0xF4, 0xBE, 0x00, 0x00, 0x3F, 0x00, 0x00, 0x3F, 0x0B, 0xE0, 0x00, 0x07, 0xF0,
    0x00, 0x07, 0xF0, 0xBE, 0x00, 0x00, 0xFF, 0x00, 0x00, 0xBD, 0x0B, 0xE0, 0x00, 0x2F, 0xF0, 0x00,
    0x0F, 0xC0, 0xBE, 0x00, 0x03, 0xFF, 0x00, 0x01, 0xF8, 0x0B, 0xE0, 0x00, 0xBF, 0xF0, 0x00, 0x3F,
    0x00, 0x7E, 0x00, 0x1F, 0x7F, 0x40, 0x07, 0xF0, 0x07, 0xF0, 0x03, 0xF3, 0xF4, 0x00, 0xBD, 0x00,
    0x3F, 0x00, 0x7D, 0x2F, 0x40, 0x0F, 0xC0, 0x03, 0xF0, 0x0F, 0x81, 0xF8, 0x02, 0xF4, 0x00, 0x3F,
    0x02, 0xF0, 0x1F, 0xC0, 0x7E, 0x00, 0x03, 0xF4, 0x3E, 0x00, 0xFC, 0x0F, 0xC0, 0x00, 0x2F, 0x8B,
    0xC0, 0x0F, 0xC1, 0xF8, 0x00, 0x01, 0xF8, 0xF4, 0x00, 0xBD, 0x3F, 0x00, 0x00, 0x0F, 0xEF, 0x00,
    0x07, 0xEF, 0xC0, 0x00, 0x00, 0xFF, 0xD0, 0x00, 0x3F, 0xF8, 0x00, 0x00, 0x0B, 0xFC, 0x00, 0x03,
    0xFF, 0x00, 0x00, 0x00, 0x3F, 0x00, 0x00, 0x1F, 0xC0, 0x00, 0x00, 0x00, 0x00, 0x00, 0x00, 0x00,
    0x00, 0x00, 0x00, 0x00, 0x01, 0xAA, 0xAA, 0xAA, 0x80, 0x00, 0x00, 0x1F, 0xFF, 0xFF, 0xF8, 0x00,
    0x00, 0x00, 0xD0, 0x38, 0x0F, 0x00, 0x00, 0x00, 0x08, 0x01, 0x00, 0x40, 0x00, 0x00, 0x00, 0x00,
    0x00, 0x00, 0x00, 0x00, 0x00, 0x00, 0x00, 0x00, 0x00, 0x00, 0x7E, 0x00, 0x03, 0xF0, 0x00, 0x0F,
    0xC7, 0xD0, 0x00, 0x3F, 0x00, 0x00, 0xF8, 0xBD, 0x00, 0x07, 0xE0, 0x00, 0x2F, 0x4B, 0xD0, 0x00,
    0x7E, 0x00, 0x03, 0xF0, 0xBD, 0x00, 0x07, 0xD0, 0x00, 0x3E, 0x0B, 0xC0, 0x00, 0x7D, 0x00, 0x0B,
    0xD0, 0xBC, 0x00, 0x0B, 0xD0, 0x00, 0xFC, 0x0B, 0xD0, 0x00, 0xFD, 0x00, 0x1F, 0x40, 0xBD, 0x00,
    0x2F, 0xE0, 0x03, 0xF0, 0x0B, 0xD0, 0x07, 0xFE, 0x00, 0x7D, 0x00, 0x7E, 0x00, 0xFB, 0xE0, 0x0F,
    0xC0, 0x03, 0xE0, 0x3F, 0x3F, 0x01, 0xF4, 0x00, 0x3F, 0x07, 0xC2, 0xF0, 0x3E, 0x00, 0x03, 0xF0,
    0xF4, 0x2F, 0x0F, 0xC0, 0x00, 0x2F, 0x7E, 0x01, 0xF6, 0xF4, 0x00, 0x01, 0xFF, 0xC0, 0x0F, 0xFE,
    0x00, 0x00, 0x0F, 0xF4, 0x00, 0xBF, 0xC0, 0x00, 0x00, 0xBE, 0x00, 0x07, 0xF0, 0x00, 0x00, 0x00,
    0x00, 0x00, 0x00, 0x00, 0x00, 0x00, 0x2F, 0xFF, 0xD0, 0x00, 0x02, 0xFF, 0xFF, 0xFC, 0x00, 0x1F,
    0xFE, 0xAB, 0xF4, 0x00, 0x7F, 0xD0, 0x00, 0x10, 0x00, 0xFE, 0x00, 0x00, 0x00, 0x03, 0xF8, 0x00,
    0x00, 0x00, 0x07, 0xF0, 0x00, 0x00, 0x00, 0x0F, 0xD0, 0x00, 0x00, 0x00, 0x1F, 0xC0, 0x00, 0x00,
    0x00, 0x2F, 0x80, 0x00, 0x00, 0x00, 0x3F, 0x00, 0x00, 0x00, 0x00, 0x3F, 0x00, 0x00, 0x00, 0x00,
    0x7F, 0x00, 0x00, 0x00, 0x00, 0xBE, 0x00, 0x00, 0x00, 0x00, 0xBE, 0x00, 0x00, 0x00, 0x00, 0xBE,
    0x00, 0x00, 0x00, 0x00, 0xBE, 0x00, 0x00, 0x00, 0x00, 0x7F, 0x00, 0x00, 0x00, 0x00, 0x3F, 0x00,
    0x00, 0x00, 0x00, 0x3F, 0xC0, 0x00, 0x00, 0x00, 0x1F, 0xE0, 0x00, 0x00, 0x00, 0x0B, 0xFE, 0x56,
    0x00, 0x00, 0x02, 0xFF, 0xFE, 0x00, 0x00, 0x00, 0x7F, 0xFD, 0x00, 0x00, 0x00, 0x00, 0xFC, 0x00,
    0x00, 0x00, 0x00, 0xFC, 0x00, 0x00, 0x00, 0x01, 0xF8, 0x00, 0x00, 0x00, 0x01, 0xF8, 0x00, 0x00,
    0x00, 0x02, 0xF4, 0x00, 0x00, 0x00, 0x03, 0xF0, 0x00, 0x00, 0x00, 0x03, 0xF0, 0x00, 0x00, 0x00,
    0x07, 0xE0, 0x00, 0x00, 0x00, 0x00, 0x00, 0x00, 0x00, 0x1F, 0xFF, 0x80, 0x03, 0xFF, 0xFF, 0x00,
    0x3F, 0xE5, 0x68, 0x03, 0xF8, 0x00, 0x00, 0x2F, 0xC0, 0x00, 0x00, 0xFC, 0x00, 0x00, 0x0B, 0xE0,
    0x00, 0x00, 0x3F, 0x00, 0x00, 0x00, 0xFC, 0x00, 0x00, 0x03, 0xF0, 0x00, 0x00, 0x1F, 0x80, 0x00,
    0x00, 0x7E, 0x00, 0x00, 0x01, 0xF8, 0x00, 0x00, 0x03, 0xF0, 0x00, 0x00, 0x0F, 0xD0, 0x00, 0x00,
    0x2F, 0xE4, 0x64, 0x00, 0x2F, 0xFF, 0xD0, 0x00, 0x1F, 0xFF, 0x00, 0x00, 0x01, 0xFC, 0x00, 0x00,
    0x03, 0xE0, 0x00, 0x00, 0x1F, 0x80, 0x00, 0x00, 0xBD, 0x00, 0x00, 0x03, 0xF0, 0x00, 0x00, 0x0F,
    0xC0, 0x00, 0x00, 0x7E, 0x00, 0x00, 0x01, 0xF4, 0x00, 0x00, 0x00, 0x00, 0x00, 0x18, 0x00, 0x00,
    0x00, 0x03, 0xF0, 0x00, 0x04, 0x00, 0x7D, 0x00, 0x00, 0xF4, 0x0F, 0xC0, 0x00, 0x1F, 0xF2, 0xF0,
    0x00, 0x00, 0x3F, 0xFE, 0x00, 0x00, 0x00, 0x7F, 0xE0, 0x00, 0x00, 0x01, 0xFF, 0xD0, 0x00, 0x00,
    0x3F, 0xBF, 0x80, 0x00, 0x07, 0xD0, 0xFD, 0x08, 0x00, 0xF8, 0x01, 0xC3, 0xF4, 0x2F, 0x00, 0x00,
    0x1F, 0xF7, 0xE0, 0x00, 0x00, 0x2F, 0xFC, 0x00, 0x00, 0x00, 0x3F, 0xE0, 0x00, 0x00, 0x03, 0xFF,
    0xD0, 0x00, 0x00, 0xBD, 0xBF, 0xC0, 0x00, 0x0F, 0x80, 0xBC, 0x00, 0x02, 0xF0, 0x01, 0x40, 0x00,
    0x3E, 0x00, 0x00, 0x00, 0x01, 0xC0, 0x00, 0x00, 0x00, 0x00, 0x00, 0x00, 0x00, 0x00, 0x00, 0x03,
    0x80, 0x15, 0x55, 0xFD, 0x3F, 0xFF, 0xFF, 0xC3, 0xF5, 0x55, 0x50, 0x2D, 0x00, 0x00, 0x00, 0x00,
    0x00, 0x10, 0x00, 0x01, 0xBF, 0xF0, 0x1A, 0xFF, 0xFF, 0xC3, 0xFF, 0x80, 0x3C, 0x29, 0x00, 0x02,
    0x80, 0x2D, 0xFE, 0xF8, 0xB0, 0x2E, 0x06, 0x2D, 0x1F, 0xC1, 0xF4, 0x3C, 0x7C, 0x14, 0x00, 0x00,
    0x50, 0x00, 0x00, 0xBF, 0xF8, 0x00, 0x1F, 0xFF, 0xFE, 0x43, 0xD0, 0x1F, 0xFC, 0x28, 0x00, 0x06,
    0x80, 0x00, 0x00, 0x00, 0x00, 0x00, 0x00, 0x00, 0x00, 0x00, 0x00, 0x00, 0x00, 0x00, 0x0B, 0xF8,
    0x00, 0x00, 0x00, 0x00, 0x00, 0x00, 0x00, 0x02, 0xFF, 0xF0, 0x00, 0x00, 0x00, 0x00, 0x00, 0x00,
    0x00, 0x38, 0x07, 0x80, 0x00, 0x00, 0x00, 0x00, 0x00, 0x00, 0x03, 0x00, 0x28, 0x00, 0x00, 0x00,
    0x00, 0x00, 0x00, 0x00, 0x00, 0x00, 0x00, 0x00, 0x00, 0x00, 0x00, 0x05, 0x40, 0x00, 0x00, 0x00,
    0x00, 0x55, 0x00, 0x00, 0x07, 0xFF, 0x40, 0x00, 0x00, 0x00, 0x3F, 0xFC, 0x00, 0x00, 0xFA, 0xBC,
    0x00, 0x00, 0x00, 0x0B, 0xEB, 0xE0, 0x00, 0x1C, 0x00, 0xE0, 0x00, 0x00, 0x00, 0xE0, 0x0B, 0x00,
    0x00, 0x40, 0x04, 0x00, 0x00, 0x00, 0x04, 0x00, 0x10, 0x00, 0x00, 0x00, 0x00, 0x00, 0x00, 0x00,
    0x00, 0x00, 0x00, 0x00, 0x00, 0x00, 0x00, 0x00, 0x00, 0x00, 0x00, 0x00, 0x00, 0x00, 0x00, 0x00,
    0x00, 0x00, 0x00, 0x00, 0x00, 0x00, 0x00, 0x00, 0x00, 0x00, 0x00, 0x00, 0x00, 0x00, 0x00, 0x00,
    0x00, 0x00, 0x00, 0x00, 0x00, 0x00, 0x00, 0x00, 0x00, 0x1B, 0xF4, 0x00, 0x00, 0x00, 0x00, 0x00,
    0x01, 0xFE, 0x03, 0xFF, 0xD0, 0x00, 0x00, 0x00, 0x00, 0x00, 0xBF, 0xFC, 0xB4, 0x1F, 0x00, 0x00,
    0x00, 0x00, 0x00, 0x0F, 0x41, 0xED, 0x00, 0x70, 0x00, 0x00, 0x00, 0x00, 0x00, 0xD0, 0x0B, 0x00,
    0x00, 0x00, 0x00, 0x00, 0x00, 0x00, 0x00, 0x00, 0x00, 0x00, 0x00, 0x00, 0x00, 0x00, 0x00, 0x00,
    0x00, 0x00, 0x00, 0x00, 0x00, 0x00, 0x00, 0x00, 0x00, 0x00, 0x00, 0x00, 0x00, 0x00, 0x00, 0x00,
    0x00, 0x00, 0x00, 0x00, 0x00, 0x00, 0x00, 0x00, 0x00, 0x00, 0x00, 0x00, 0x00, 0x00, 0x00, 0x00,
    0x00, 0x00, 0x00, 0x00, 0x00, 0x00, 0x00, 0x00, 0x00, 0x3F, 0xF0, 0x00, 0x00, 0x00, 0x02, 0xFF,
    0x80, 0x00, 0x0F, 0xFF, 0xC0, 0x00, 0x00, 0x00, 0x7F, 0xFE, 0x00, 0x01, 0xD0, 0x1E, 0x00, 0x00,
    0x00, 0x0F, 0x00, 0xF0, 0x00, 0x18, 0x00, 0x90, 0x00, 0x00, 0x00, 0x90, 0x02, 0x00, 0x00, 0x00,
    0x00, 0x00, 0x00, 0x00, 0x00, 0x00, 0x00, 0x00, 0x00, 0x00, 0x00, 0x06, 0xE4, 0x00, 0x00, 0x00,
    0x00, 0x00, 0x00, 0x00, 0x01, 0xFF, 0xF0, 0x00, 0x00, 0x00, 0x00, 0x00, 0x00, 0x00, 0x3D, 0x5B,
    0x80, 0x00, 0x00, 0x00, 0x00, 0x00, 0x00, 0x03, 0x40, 0x3C, 0x00, 0x00, 0x00, 0x00, 0x00, 0x00,
    0x00, 0x00, 0x00, 0x00, 0x00, 0x00, 0x00, 0x00, 0x00, 0x00, 0x00, 0x01, 0x40, 0x00, 0x00, 0x00,
    0x00, 0x00, 0x00, 0x00, 0x00, 0x3C, 0x00, 0x00, 0x00, 0x00, 0x00, 0x00, 0x00, 0x00, 0x07, 0x80,
    0x00, 0x00, 0x00, 0x00, 0x00, 0x00, 0x00, 0x00, 0xF8, 0x00, 0x00, 0x00, 0x00, 0x00, 0x00, 0x00,
    0x00, 0x1F, 0x40, 0x00, 0x00, 0x00, 0x00, 0x00, 0x20, 0x00, 0x02, 0xF0, 0x00, 0x00, 0x00, 0x00,
    0x00, 0x0B, 0x80, 0x00, 0x3F, 0x00, 0x00, 0x00, 0x00, 0x00, 0x00, 0x7C, 0x00, 0x02, 0x90, 0x00,
    0x01, 0xBC, 0x00, 0x00, 0x03, 0xF0, 0x00, 0x00, 0x00, 0x01, 0xFF, 0x80, 0x00, 0x00, 0x1F, 0x40,
    0x00, 0x00, 0x00, 0xFF, 0xC0, 0x00, 0x00, 0x00, 0xFC, 0x00, 0x00, 0x00, 0x0B, 0xE0, 0x00, 0x00,
    0x00, 0x07, 0x80, 0x00, 0x00, 0x00, 0x20, 0x00, 0x00, 0x00, 0x00, 0x20, 0x00, 0x00, 0x00, 0x00,
    0x00, 0x00, 0x00, 0x00, 0x00, 0x00, 0x00, 0x00, 0x00, 0x00, 0x00, 0x00, 0x00, 0x00, 0x00, 0x00,
    0x00, 0x00, 0x00, 0x00, 0x00, 0x00, 0x00, 0x00, 0x00, 0x00, 0x00, 0x00, 0x00, 0x00, 0x00, 0x00,
    0x00, 0x00, 0x00, 0x00, 0x00, 0x00, 0x00, 0x00, 0x07, 0xA4, 0x00, 0x00, 0x00, 0x00, 0x00, 0x00,
    0xB9, 0x00, 0x7F, 0xFD, 0x00, 0x00, 0x00, 0x00, 0x00, 0x0B, 0xFE, 0x00, 0xBF, 0xE0, 0x00, 0x00,
    0x00, 0x00, 0x00, 0x7F, 0xFD, 0x00, 0x6E, 0x00, 0x00, 0x00, 0x00, 0x00, 0x00, 0x1A, 0xD0, 0x00,
    0x00, 0x00, 0x00, 0x00, 0x00, 0x00, 0x00, 0x00, 0x00, 0x00, 0x00, 0x00, 0x00, 0x00, 0x00, 0x00,
    0x00, 0x00, 0x00, 0x00, 0x00, 0x00, 0x00, 0x00, 0x00, 0x00, 0x00, 0x00, 0x00, 0x00, 0x00, 0x00,
    0x00, 0x00, 0x00, 0x00, 0x00, 0x00, 0x00, 0x00, 0x00, 0x00, 0x00, 0x00, 0x00, 0x00, 0x00, 0x00,
    0x00, 0x00, 0x00, 0x00, 0x00, 0x80, 0x00, 0x00, 0x00, 0x01, 0x80, 0x00, 0x00, 0x00, 0x3D, 0x00,
    0x00, 0x00, 0x00, 0xBF, 0x00, 0x00, 0x00, 0x03, 0xF0, 0x00, 0x00, 0x00, 0x7F, 0xE0, 0x00, 0x00,
    0x00, 0x1F, 0x40, 0x00, 0x00, 0x2F, 0xE0, 0x00, 0x06, 0x80, 0x00, 0xFC, 0x00, 0x00, 0x03, 0xE0,
    0x00, 0x00, 0xFC, 0x00, 0x03, 0xD0, 0x00, 0x00, 0x00, 0x00, 0x00, 0x0F, 0x80, 0x00, 0x1E, 0x00,
    0x00, 0x00, 0x00, 0x00, 0x01, 0xF4, 0x00, 0x00, 0x80, 0x00, 0x00, 0x00, 0x00, 0x00, 0x2F, 0x00,
    0x00, 0x00, 0x00, 0x00, 0x00, 0x00, 0x00, 0x02, 0xE0, 0x00, 0x00, 0x00, 0x00, 0x00, 0x00, 0x00,
    0x00, 0x3C, 0x00, 0x00, 0x00, 0x00, 0x00, 0x00, 0x00, 0x00, 0x01, 0x40, 0x00, 0x00, 0x00, 0x00,
    0x00, 0x00, 0x7C, 0x00, 0x0F, 0x80, 0x00, 0x01, 0xF4, 0x00, 0x7D, 0x00, 0x00, 0x03, 0xF0, 0x07,
    0xF0, 0x00, 0x00, 0x0B, 0xFF, 0xFF, 0x00, 0x00, 0x00, 0x0B, 0xFF, 0xE0, 0x00, 0x00, 0x00, 0x00,
    0x40, 0x00, 0x00, 0x00, 0x00, 0x00, 0x00, 0x00, 0x00, 0x0B, 0xC0, 0x00, 0x00, 0xFD, 0x00, 0x3F,
    0x00, 0x00, 0x0F, 0xF4, 0x00, 0xF8, 0x00, 0x00, 0xBF, 0xC0, 0x07, 0xE0, 0x00, 0x07, 0xFF, 0x00,
    0x2F, 0x40, 0x00, 0x7F, 0xF8, 0x00, 0xFC, 0x00, 0x03, 0xF7, 0xD0, 0x03, 0xF0, 0x00, 0x3F, 0x2F,
    0x00, 0x0F, 0x80, 0x02, 0xF4, 0xFC, 0x00, 0x7D, 0x00, 0x1F, 0x83, 0xF0, 0x02, 0xF0, 0x00, 0xFC,
    0x0F, 0x80, 0x0F, 0xC0, 0x0F, 0xC0, 0x7D, 0x00, 0x3F, 0x00, 0xBD, 0x02, 0xF0, 0x00, 0xF8, 0x07,
    0xE0, 0x0F, 0xC0, 0x07, 0xD0, 0x3F, 0x00, 0x3E, 0x00, 0x2F, 0x03, 0xF0, 0x01, 0xF8, 0x00, 0xFC,
    0x2F, 0x40, 0x0B, 0xD0, 0x03, 0xE2, 0xF8, 0x00, 0x2F, 0x00, 0x1F, 0x5F, 0xC0, 0x00, 0xFC, 0x00,
    0xBD, 0xFC, 0x00, 0x03, 0xE0, 0x02, 0xFF, 0xC0, 0x00, 0x1F, 0x40, 0x0F, 0xFD, 0x00, 0x00, 0xBC,
    0x00, 0x3F, 0xE0, 0x00, 0x03, 0xFA, 0x81, 0xFF, 0x00, 0x00, 0x0F, 0xFE, 0x0B, 0xF0, 0x00, 0x00,
    0x3F, 0xF0, 0x00, 0x00, 0x00, 0x00, 0x0F, 0x80, 0x00, 0x00, 0x00, 0x00, 0xBC, 0x00, 0x00, 0x00,
    0x00, 0x03, 0xE0, 0x00, 0x00, 0x00, 0x00, 0x3F, 0x00, 0x00, 0x00, 0x00, 0x01, 0xF8, 0x00, 0x00,
    0x00, 0x00, 0x0F, 0xD0, 0x00, 0x00, 0x00, 0x00, 0x15, 0x00, 0x00, 0x00, 0x05, 0x00, 0x01, 0x40,
    0x01, 0xF0, 0x00, 0x7D, 0x00, 0x1F, 0x40, 0x0F, 0xC0, 0x00, 0xFE, 0x5B, 0xF4, 0x00, 0x07, 0xFF,
    0xFD, 0x00, 0x00, 0x0A, 0xF9, 0x00, 0x00, 0x00, 0x00, 0x00, 0x00, 0x00, 0x00, 0x00, 0x00, 0x01,
    0xF4, 0x00, 0x0B, 0xC0, 0x3F, 0x00, 0x00, 0xFC, 0x03, 0xF0, 0x00, 0x0F, 0xC0, 0x3F, 0x00, 0x01,
    0xF8, 0x07, 0xE0, 0x00, 0x1F, 0x40, 0xBD, 0x00, 0x02, 0xF0, 0x0F, 0xC0, 0x00, 0x3F, 0x00, 0xFC,
    0x00, 0x03, 0xF0, 0x1F, 0x80, 0x00, 0x7E, 0x01, 0xF4, 0x00, 0x0B, 0xD0, 0x2F, 0x40, 0x00, 0xFC,
    0x03, 0xF0, 0x00, 0x1F, 0xC0, 0x3F, 0x00, 0x03, 0xF8, 0x03, 0xF0, 0x00, 0xBF, 0x40, 0x3F, 0x00,
    0x2F, 0xF4, 0x03, 0xF8, 0x1F, 0xAF, 0x94, 0x1F, 0xFF, 0xE2, 0xFF, 0x40, 0xBF, 0xF4, 0x3F, 0xF0,
    0x00, 0x50, 0x00, 0x3E, 0x00, 0x00, 0x00, 0x07, 0xC0, 0x00, 0x00, 0x00, 0xF8, 0x00, 0x00, 0x00,
    0x1F, 0x40, 0x00, 0x00, 0x03, 0xF0, 0x00, 0x00, 0x00, 0x7D, 0x00, 0x00, 0x00, 0x00, 0x00, 0x00,
    0x00, 0x2F, 0x00, 0x00, 0x00, 0x3F, 0x00, 0x00, 0x00, 0x3F, 0x00, 0x00, 0x0B, 0xFF, 0xFF, 0x40,
    0x0F, 0xFF, 0xFF, 0x40, 0x0A, 0xFF, 0xAA, 0x00, 0x00, 0xFC, 0x00, 0x00, 0x00, 0xFC, 0x00, 0x00,
    0x01, 0xF8, 0x00, 0x00, 0x02, 0xF4, 0x00, 0x00, 0x03, 0xFE, 0xA9, 0x00, 0x03, 0xFF, 0xFF, 0xD0,
    0x03, 0xFF, 0xFF, 0xF4, 0x07, 0xE0, 0x07, 0xFC, 0x0B, 0xD0, 0x00, 0xFD, 0x0F, 0xC0, 0x00, 0xBE,
    0x0F, 0xC0, 0x00, 0x7E, 0x1F, 0x80, 0x00, 0xBD, 0x1F, 0x40, 0x00, 0xFD, 0x2F, 0x40, 0x02, 0xFC,
    0x3F, 0x00, 0x0B, 0xF4, 0x3F, 0xAA, 0xFF, 0xD0, 0x7F, 0xFF, 0xFF, 0x40, 0xBF, 0xFF, 0xA0, 0x00,
    0x00, 0x54, 0x00, 0x00, 0x0F, 0xC0, 0x00, 0x01, 0xF8, 0x00, 0x00, 0x1F, 0x40, 0x00, 0x17, 0xF9,
    0x50, 0x07, 0xFF, 0xFF, 0x40, 0x7F, 0xFF, 0xF0, 0x00, 0x7E, 0x00, 0x00, 0x0B, 0xD0, 0x00, 0x00,
    0xFC, 0x00, 0x00, 0x0F, 0xC0, 0x00, 0x00, 0xF8, 0x00, 0x00, 0x1F, 0x80, 0x00, 0x02, 0xF4, 0x00,
    0x00, 0x3F, 0x00, 0x00, 0x03, 0xF1, 0x55, 0x00, 0x3F, 0xFF, 0xFE, 0x07, 0xFF, 0xFF, 0xF8, 0xBD,
    0x00, 0x1F, 0xCF, 0xC0, 0x00, 0xBD, 0xFC, 0x00, 0x0B, 0xDF, 0xC0, 0x00, 0xBC, 0xFD, 0x00, 0x1F,
    0xC7, 0xF4, 0x0B, 0xF4, 0x3F, 0xFF, 0xFD, 0x00, 0xBF, 0xFE, 0x00, 0x00, 0x14, 0x00, 0x00, 0x00,
    0x2F, 0xFF, 0xA0, 0x00, 0x03, 0xFF, 0xFF, 0xE0, 0x00, 0x3F, 0xFF, 0xFF, 0xC0, 0x07, 0xE0, 0x01,
    0xFD, 0x00, 0x7D, 0x00, 0x0B, 0xE0, 0x0B, 0xD0, 0x00, 0x3F, 0x00, 0xFC, 0x00, 0x03, 0xF0, 0x0F,
    0xC0, 0x00, 0x3F, 0x01, 0xF8, 0x00, 0x07, 0xE0, 0x2F, 0x41, 0xF0, 0xFD, 0x02, 0xF0, 0x0F, 0x6F,
    0xC0, 0x3F, 0x00, 0xFF, 0xF4, 0x03, 0xFF, 0xFF, 0xFD, 0x00, 0x7F, 0xFF, 0xFF, 0x00, 0x0B, 0xFA,
    0xA6, 0xF4, 0x00, 0xFC, 0x00, 0x0F, 0xC0, 0x0F, 0xC0, 0x00, 0x60, 0x00, 0xF8, 0x00, 0x00, 0x00,
    0x1F, 0x80, 0x00, 0x00, 0x02, 0xF4, 0x00, 0x00, 0x00, 0x3F, 0x00, 0x00, 0x00, 0x03, 0xF0, 0x00,
    0x00, 0x00, 0x7E, 0x00, 0x00, 0x00, 0x07, 0xD0, 0x00, 0x00, 0x00, 0x00, 0x00, 0x00, 0x00, 0x00,
    0x00, 0x7C, 0x0B, 0xFD, 0x00, 0x02, 0xF1, 0xFF, 0xFD, 0x00, 0x0F, 0xDF, 0x97, 0xFC, 0x00, 0x3F,
    0xF0, 0x03, 0xF4, 0x00, 0xFF, 0x00, 0x07, 0xE0, 0x07, 0xF4, 0x00, 0x1F, 0x80, 0x2F, 0xC0, 0x00,
    0x7E, 0x00, 0xFD, 0x00, 0x01, 0xF8, 0x03, 0xF0, 0x00, 0x0B, 0xD0, 0x0F, 0x80, 0x00, 0x3F, 0x40,
    0x7D, 0x00, 0x00, 0xFC, 0x02, 0xF4, 0x00, 0x07, 0xF0, 0x0F, 0xD0, 0x34, 0x3F, 0x40, 0x3F, 0x43,
    0xF1, 0xFC, 0x01, 0xFF, 0x03, 0xEF, 0xD0, 0x0B, 0xEF, 0x4F, 0xFE, 0x00, 0x2F, 0x3F, 0xFF, 0xE0,
    0x00, 0xFC, 0x2F, 0xFF, 0x00, 0x03, 0xF0, 0x05, 0x3E, 0x00, 0x1F, 0x80, 0x00, 0x7C, 0x00, 0xBD,
    0x00, 0x00, 0xE0, 0x03, 0xF0, 0x00, 0x00, 0x00, 0x0F, 0xC0, 0x00, 0x00, 0x00, 0x3E, 0x00, 0x00,
    0x00, 0x01, 0xF4, 0x00, 0x00, 0x00, 0x0B, 0xD0, 0x00, 0x00, 0x00, 0x00, 0x00, 0x00, 0x00, 0x01,
    0xA0, 0x00, 0x00, 0x00, 0x0B, 0xC0, 0x00, 0x00, 0x00, 0x3F, 0x00, 0x00, 0x00, 0x00, 0xF8, 0x00,
    0x00, 0x00, 0x07, 0xD0, 0x00, 0xBF, 0xFF, 0xFF, 0x40, 0x03, 0xFF, 0xFF, 0xFC, 0x00, 0x0F, 0xFF,
    0xFF, 0xF0, 0x00, 0x7E, 0x00, 0x00, 0x00, 0x02, 0xF4, 0x00, 0x00, 0x00, 0x0B, 0xC0, 0x00, 0x00,
    0x00, 0x3F, 0x00, 0x00, 0x00, 0x00, 0xFC, 0x00, 0x00, 0x00, 0x07, 0xE0, 0x00, 0x00, 0x00, 0x2F,
    0x40, 0x00, 0x00, 0x00, 0xFC, 0x00, 0x00, 0x00, 0x03, 0xF0, 0x00, 0x00, 0x00, 0x0F, 0xC0, 0x00,
    0x00, 0x00, 0x7E, 0x00, 0x00, 0x00, 0x02, 0xF4, 0x00, 0x00, 0x00, 0x0F, 0xC0, 0x00, 0x00, 0x00,
    0x3F, 0x00, 0x00, 0x00, 0x01, 0xF8, 0x00, 0x00, 0x00, 0x07, 0xD0, 0x00, 0x00, 0x00, 0x2F, 0x40,
    0x00, 0x00, 0x00, 0xFC, 0x00, 0x00, 0x00, 0x03, 0xF0, 0x00, 0x00, 0x00, 0x1F, 0x80, 0x00, 0x00,
    0x00, 0xBD, 0x00, 0x00, 0x00, 0x00, 0x00, 0x00, 0x00, 0x00, 0x00, 0x00, 0x00, 0xBC, 0x00, 0x00,
    0x00, 0xFC, 0x00, 0x00, 0x00, 0xFC, 0x00, 0x00, 0x01, 0xF8, 0x00, 0x00, 0x02, 0xF4, 0x00, 0x7F,
    0xFF, 0xF0, 0x00, 0xBF, 0xFF, 0xF0, 0x00, 0xFD, 0x55, 0x50, 0x00, 0xFC, 0x00, 0x00, 0x00, 0xF8,
    0x00, 0x00, 0x01, 0xF8, 0x00, 0x00, 0x02, 0xF4, 0x00, 0x00, 0x03, 0xF0, 0x00, 0x00, 0x03, 0xF0,
    0x00, 0x00, 0x07, 0xE0, 0x00, 0x00, 0x07, 0xD0, 0x00, 0x00, 0x0B, 0xC0, 0x00, 0x00, 0x0F, 0xC0,
    0x00, 0x00, 0x0F, 0xC0, 0x00, 0x00, 0x1F, 0x80, 0x00, 0x00, 0x2F, 0x40, 0x00, 0x00, 0x2F, 0x00,
    0x00, 0x00, 0x3F, 0x00, 0x00, 0x00, 0x00, 0x2F, 0xFF, 0xFF, 0xC0, 0x03, 0xFF, 0xFF, 0xFC, 0x00,
    0x3F, 0xFF, 0xFF, 0xC0, 0x07, 0xE0, 0x00, 0x00, 0x00, 0xBD, 0x00, 0x00, 0x00, 0x0B, 0xC0, 0x00,
    0x00, 0x00, 0xFC, 0x00, 0x00, 0x00, 0x0F, 0xC0, 0x00, 0x00, 0x01, 0xF8, 0x00, 0x00, 0x00, 0x2F,
    0x40, 0x00, 0x00, 0x03, 0xF0, 0x00, 0x00, 0x07, 0xFF, 0xFF, 0xC0, 0x00, 0xBF, 0xFF, 0xFC, 0x00,
    0x06, 0xBE, 0xAA, 0x40, 0x00, 0x0B, 0xD0, 0x00, 0x00, 0x00, 0xFC, 0x00, 0x00, 0x00, 0x0F, 0xC0,
    0x00, 0x00, 0x01, 0xF8, 0x00, 0x00, 0x00, 0x1F, 0x40, 0x00, 0x00, 0x02, 0xF4, 0x00, 0x00, 0x00,
    0x3F, 0x00, 0x00, 0x00, 0x03, 0xF0, 0x00, 0x00, 0x00, 0x7E, 0x00, 0x00, 0x00, 0x0B, 0xD0, 0x00,
    0x00, 0x00, 0x00, 0x7F, 0xFF, 0xF0, 0x02, 0xFF, 0xFF, 0xC0, 0x0F, 0xEA, 0xAA, 0x00, 0x3F, 0x00,
    0x00, 0x00, 0xF8, 0x00, 0x00, 0x07, 0xE0, 0x00, 0x00, 0x2F, 0x40, 0x00, 0x00, 0xFC, 0x00, 0x00,
    0x7F, 0xFF, 0xF0, 0x02, 0xFF, 0xFF, 0xC0, 0x00, 0xBE, 0x00, 0x00, 0x02, 0xF0, 0x00, 0x00, 0x0F,
    0xC0, 0x00, 0x00, 0x3F, 0x00, 0x00, 0x01, 0xF8, 0x00, 0x00, 0x0B, 0xD0, 0x00, 0x00, 0x2F, 0x00,
    0x00, 0x00, 0xFC, 0x00, 0x00, 0x00, 0x00, 0x2F, 0xFF, 0xFF, 0xD0, 0x03, 0xFF, 0xFF, 0xFC, 0x00,
    0x3F, 0xFF, 0xFF, 0xC0, 0x07, 0xE0, 0x00, 0x00, 0x00, 0x7D, 0x00, 0x00, 0x00, 0x0B, 0xD0, 0x00,
    0x00, 0x00, 0xFC, 0x00, 0x00, 0x00, 0x0F, 0xC0, 0x00, 0x00, 0x01, 0xF8, 0x00, 0x00, 0x00, 0x2F,
    0x40, 0x00, 0x00, 0x02, 0xF0, 0x00, 0x00, 0x00, 0x3F, 0xFF, 0xE0, 0x00, 0x03, 0xFF, 0xFF, 0xE0,
    0x00, 0x7F, 0x9A, 0xFF, 0x80, 0x0B, 0xD0, 0x02, 0xFD, 0x00, 0xFC, 0x00, 0x0F, 0xF0, 0x0F, 0xC0,
    0x00, 0x3F, 0x00, 0xF8, 0x00, 0x03, 0xF4, 0x1F, 0x80, 0x00, 0x2F, 0x42, 0xF4, 0x00, 0x02, 0xF8,
    0x3F, 0x00, 0x00, 0x2F, 0x83, 0xF0, 0x00, 0x02, 0xF4, 0x7E, 0x00, 0x00, 0x3F, 0x47, 0xD0, 0x00,
    0x03, 0xF0, 0x00, 0x00, 0x00, 0x7F, 0x00, 0x00, 0x00, 0x0F, 0xE0, 0x00, 0x00, 0x01, 0xFC, 0x00,
    0x00, 0x00, 0x3F, 0x80, 0x00, 0x00, 0x1F, 0xF0, 0x01, 0xE5, 0x6F, 0xFC, 0x00, 0x1F, 0xFF, 0xFE,
    0x00, 0x01, 0xFF, 0xFE, 0x40, 0x00, 0x00, 0x54, 0x00, 0x00, 0x00, 0x00, 0x7F, 0xFF, 0xF4, 0x02,
    0xFF, 0xFF, 0xC0, 0x0F, 0xEA, 0xAA, 0x00, 0x3F, 0x00, 0x00, 0x00, 0xF8, 0x00, 0x00, 0x07, 0xE0,
    0x00, 0x00, 0x2F, 0x40, 0x00, 0x00, 0xFD, 0x50, 0x00, 0x03, 0xFF, 0xFD, 0x00, 0x1F, 0xFF, 0xFD,
    0x00, 0x7E, 0x06, 0xFC, 0x02, 0xF0, 0x02, 0xF8, 0x0F, 0xC0, 0x03, 0xF0, 0x3F, 0x00, 0x0F, 0xC1,
    0xF8, 0x00, 0x3F, 0x0B, 0xD0, 0x00, 0xFD, 0x2F, 0x00, 0x03, 0xF0, 0xFC, 0x00, 0x0F, 0xC0, 0x00,
    0x00, 0x3F, 0x00, 0x00, 0x02, 0xF8, 0x00, 0x00, 0x0F, 0xD0, 0x00, 0x00, 0xBF, 0x00, 0x00, 0x0B,
    0xF4, 0x03, 0x96, 0xFF, 0x80, 0x0F, 0xFF, 0xF8, 0x00, 0x1F, 0xFE, 0x00, 0x00, 0x00, 0x00, 0x00,
    0x00, 0x00, 0x0F, 0x80, 0x00, 0x3E, 0x00, 0x02, 0xF8, 0x00, 0x0F, 0xD0, 0x00, 0x7D, 0x00, 0x0B,
    0xF0, 0x00, 0x07, 0xF0, 0x00, 0xBD, 0x00, 0x1F, 0xC0, 0x00, 0x02, 0xF4, 0x00, 0xFC, 0x00, 0x7F,
    0x00, 0x00, 0x00, 0xFC, 0x00, 0xFC, 0x01, 0xFD, 0x00, 0x00, 0x00, 0xBD, 0x00, 0xF8, 0x03, 0xF4,
    0x00, 0x00, 0x00, 0x3F, 0x01, 0xF4, 0x0F, 0xD0, 0x00, 0x00, 0x00, 0x2F, 0x42, 0xF0, 0x3F, 0x80,
    0x00, 0x00, 0x00, 0x0F, 0xC3, 0xF0, 0xFE, 0x00, 0x00, 0x00, 0x00, 0x0B, 0xD3, 0xF3, 0xF8, 0x00,
    0x00, 0x00, 0x00, 0x03, 0xF7, 0xEB, 0xF0, 0x00, 0x00, 0x00, 0x00, 0x03, 0xFF, 0xFF, 0xC0, 0x00,
    0x00, 0x00, 0x00, 0x0B, 0xFF, 0xEF, 0x40, 0x00, 0x00, 0x00, 0x00, 0x1F, 0xCF, 0xCF, 0xC0, 0x00,
    0x00, 0x00, 0x00, 0x7F, 0x4F, 0x8B, 0xD0, 0x00, 0x00, 0x00, 0x00, 0xFD, 0x1F, 0x83, 0xF0, 0x00,
    0x00, 0x00, 0x03, 0xF8, 0x2F, 0x42, 0xF8, 0x00, 0x00, 0x00, 0x0F, 0xE0, 0x3F, 0x00, 0xFC, 0x00,
    0x00, 0x00, 0x3F, 0x80, 0x3F, 0x00, 0xBE, 0x00, 0x00, 0x00, 0xBF, 0x00, 0x3E, 0x00, 0x3F, 0x00,
    0x00, 0x02, 0xFC, 0x00, 0x7D, 0x00, 0x2F, 0x80, 0x00, 0x07, 0xF0, 0x00, 0xBD, 0x00, 0x0F, 0xEA,
    0x00, 0x1F, 0xD0, 0x00, 0xFC, 0x00, 0x0B, 0xFE, 0x00, 0x7F, 0x40, 0x00, 0xFC, 0x00, 0x03, 0xFE,
    0x00, 0x00, 0x00, 0x00, 0x00, 0x00, 0x00, 0xBD, 0x00, 0x00, 0x00, 0x00, 0x00, 0x00, 0x00, 0xFC,
    0x00, 0x00, 0x00, 0x00, 0x00, 0x00, 0x00, 0xFC, 0x00, 0x00, 0x00, 0x00, 0x00, 0x00, 0x00, 0xF8,
    0x00, 0x00, 0x00, 0x00, 0x00, 0x00, 0x01, 0xF4, 0x00, 0x00, 0x00, 0x00, 0x00, 0x00, 0x02, 0xF0,
    0x00, 0x00, 0x00, 0x00, 0x00, 0x00, 0x00, 0x50, 0x00, 0x00, 0x00, 0x00, 0x00, 0x00, 0x00, 0x00,
    0x00, 0x0B, 0xFE, 0x00, 0x07, 0xD0, 0x01, 0xFF, 0xC0, 0x2F, 0xFF, 0x00, 0x2F, 0x00, 0x3F, 0xFF,
    0x00, 0x55, 0xFE, 0x00, 0xFC, 0x03, 0xFD, 0x54, 0x00, 0x01, 0xFC, 0x03, 0xE0, 0x3F, 0xC0, 0x00,
    0x00, 0x03, 0xF0, 0x0F, 0x41, 0xFC, 0x00, 0x00, 0x00, 0x0B, 0xD0, 0x7D, 0x0F, 0xD0, 0x00, 0x00,
    0x00, 0x2F, 0x42, 0xF0, 0x3F, 0x00, 0x00, 0x00, 0x00, 0xBD, 0x0F, 0xC2, 0xF8, 0x00, 0x00, 0x00,
    0x02, 0xFF, 0xFF, 0xFF, 0xD0, 0x00, 0x00, 0x00, 0x0F, 0xFF, 0xFF, 0xFF, 0x00, 0x00, 0x00, 0x00,
    0x3F, 0x07, 0xD0, 0xFC, 0x00, 0x00, 0x00, 0x01, 0xF8, 0x2F, 0x03, 0xF0, 0x00, 0x00, 0x00, 0x0F,
    0xD0, 0xFC, 0x0F, 0xC0, 0x00, 0x00, 0x00, 0x7F, 0x03, 0xE0, 0x3F, 0x40, 0x00, 0x00, 0x07, 0xF0,
    0x1F, 0x40, 0xBE, 0x00, 0x00, 0x00, 0xBF, 0x40, 0x7C, 0x00, 0xFE, 0x00, 0x00, 0xFF, 0xF4, 0x02,
    0xF0, 0x02, 0xFF, 0xF4, 0x07, 0xFE, 0x00, 0x0F, 0x80, 0x01, 0xFF, 0xC0, 0x05, 0x40, 0x00, 0x00,
    0x00, 0x00, 0x3F, 0x00, 0x00, 0x00, 0x00, 0x00, 0x00, 0x00, 0xF8, 0x00, 0x00, 0x00, 0x00, 0x00,
    0x00, 0x07, 0xD0, 0x00, 0x00, 0x00, 0x00, 0x00, 0x00, 0x2F, 0x00, 0x00, 0x00, 0x00, 0x00, 0x00,
    0x00, 0xFC, 0x00, 0x00, 0x00, 0x00, 0x00, 0x00, 0x03, 0xF0, 0x00, 0x00, 0x00, 0x00, 0x00, 0x00,
    0x00, 0x00, 0x00, 0x00, 0x00, 0x00, 0x00, 0x00, 0x00, 0x6F, 0xFF, 0xD0, 0x00, 0x03, 0xFF, 0xFF,
    0xF0, 0x00, 0x0F, 0xE5, 0xBF, 0xF0, 0x00, 0x00, 0x00, 0x1F, 0xD0, 0x00, 0x00, 0x00, 0x2F, 0x80,
    0x00, 0x00, 0x00, 0x7E, 0x00, 0x00, 0x00, 0x01, 0xF8, 0x00, 0x00, 0x00, 0x0B, 0xD0, 0x00, 0x00,
    0x00, 0x3F, 0x00, 0x00, 0x00, 0x07, 0xF0, 0x00, 0x02, 0xAA, 0xFF, 0x00, 0x00, 0x1F, 0xFF, 0x90,
    0x00, 0x00, 0xBF, 0xFF, 0x80, 0x00, 0x00, 0x00, 0x2F, 0xC0, 0x00, 0x00, 0x00, 0x1F, 0x80, 0x00,
    0x00, 0x00, 0x3F, 0x00, 0x00, 0x00, 0x00, 0xFC, 0x00, 0x00, 0x00, 0x03, 0xF0, 0x00, 0x00, 0x00,
    0x1F, 0xC0, 0x00, 0x00, 0x00, 0xFE, 0x00, 0x00, 0x00, 0x0B, 0xF0, 0x07, 0xE5, 0x56, 0xFF, 0x40,
    0x1F, 0xFF, 0xFF, 0xF4, 0x00, 0x2F, 0xFF, 0xFE, 0x00, 0x00, 0x00, 0x7D, 0x00, 0x00, 0x00, 0x00,
    0xB4, 0x00, 0x00, 0x00, 0x02, 0xE0, 0x00, 0x00, 0x00, 0x0B, 0xC0, 0x00, 0x00, 0x00, 0x3E, 0x00,
    0x00, 0x00, 0x3B, 0xF4, 0x00, 0x00, 0x00, 0xFF, 0x40, 0x00, 0x00, 0x00, 0x00, 0x00, 0x00, 0x00,
    0x00, 0x00, 0x00, 0x00, 0x1B, 0xFF, 0xD0, 0x07, 0xFF, 0xFF, 0x80, 0x3E, 0x56, 0xFD, 0x00, 0x00,
    0x0B, 0xE0, 0x00, 0x00, 0x7E, 0x00, 0x00, 0x07, 0xD0, 0x00, 0x00, 0xFC, 0x00, 0x15, 0xBF, 0x40,
    0x0B, 0xFF, 0x80, 0x00, 0xFF, 0xFC, 0x00, 0x00, 0x0B, 0xF0, 0x00, 0x00, 0x2F, 0x40, 0x00, 0x01,
    0xF8, 0x00, 0x00, 0x1F, 0x40, 0x00, 0x03, 0xF0, 0xE4, 0x01, 0xFE, 0x0F, 0xFF, 0xFF, 0xC0, 0x7F,
    0xFF, 0xD0, 0x00, 0x07, 0xC0, 0x00, 0x00, 0x3D, 0x00, 0x00, 0x02, 0xE0, 0x00, 0x00, 0x2F, 0x00,
    0x00, 0x03, 0xE0, 0x00, 0x0E, 0xFC, 0x00, 0x00, 0xFF, 0x40, 0x00, 0x00, 0x00, 0x00, 0x00, 0x00,
    0x2F, 0x40, 0x00, 0x3F, 0x40, 0x0F, 0xC0, 0x00, 0x3F, 0x80, 0x03, 0xF0, 0x00, 0x3F, 0x80, 0x01,
    0xF8, 0x00, 0x3F, 0x80, 0x00, 0x7E, 0x00, 0x3F, 0x80, 0x00, 0x2F, 0x40, 0x3F, 0x80, 0x00, 0x0F,
    0xC0, 0x3F, 0x80, 0x00, 0x03, 0xF0, 0x3F, 0x80, 0x00, 0x01, 0xF8, 0x3F, 0x80, 0x00, 0x00, 0xBD,
    0x3F, 0x80, 0x00, 0x00, 0x2F, 0x7F, 0x80, 0x00, 0x00, 0x0F, 0xFF, 0x80, 0x00, 0x00, 0x03, 0xFF,
    0xD0, 0x00, 0x00, 0x01, 0xF9, 0xFC, 0x00, 0x00, 0x00, 0xBD, 0x2F, 0x80, 0x00, 0x00, 0x3F, 0x03,
    0xF0, 0x00, 0x00, 0x0F, 0xC0, 0xBF, 0x00, 0x00, 0x03, 0xF0, 0x0F, 0xD0, 0x00, 0x01, 0xF8, 0x01,
    0xFC, 0x00, 0x00, 0xBD, 0x00, 0x2F, 0x80, 0x00, 0x3F, 0x00, 0x03, 0xF4, 0x00, 0x0F, 0xC0, 0x00,
    0x7F, 0xA4, 0x07, 0xE0, 0x00, 0x0F, 0xFD, 0x01, 0xF8, 0x00, 0x00, 0xFF, 0x00, 0x00, 0x00, 0x00,
    0x0F, 0xC0, 0x00, 0x00, 0x00, 0x03, 0xE0, 0x00, 0x00, 0x00, 0x01, 0xF4, 0x00, 0x00, 0x00, 0x00,
    0xBD, 0x00, 0x00, 0x00, 0x00, 0x3F, 0x00, 0x00, 0x00, 0x00, 0x0F, 0xC0, 0x00, 0x00, 0x00, 0x00,
    0x00, 0x00, 0x00, 0x7D, 0x00, 0x1F, 0xC0, 0x0B, 0xD0, 0x07, 0xF0, 0x00, 0xFC, 0x01, 0xFC, 0x00,
    0x0F, 0xC0, 0x3F, 0x00, 0x00, 0xF8, 0x0F, 0xC0, 0x00, 0x1F, 0x43, 0xF0, 0x00, 0x02, 0xF0, 0xFC,
    0x00, 0x00, 0x3F, 0x3F, 0x00, 0x00, 0x03, 0xFF, 0xC0, 0x00, 0x00, 0x7E, 0xFC, 0x00, 0x00, 0x07,
    0xD7, 0xE0, 0x00, 0x00, 0xBC, 0x2F, 0x40, 0x00, 0x0F, 0xC0, 0xFC, 0x00, 0x00, 0xFC, 0x07, 0xE0,
    0x00, 0x1F, 0x80, 0x3F, 0x40, 0x02, 0xF4, 0x00, 0xFD, 0x50, 0x2F, 0x00, 0x0B, 0xFF, 0x03, 0xF0,
    0x00, 0x3F, 0xE0, 0x00, 0x00, 0x00, 0x7D, 0x00, 0x00, 0x00, 0x0B, 0xC0, 0x00, 0x00, 0x00, 0xFC,
    0x00, 0x00, 0x00, 0x0F, 0xC0, 0x00, 0x00, 0x00, 0xF8, 0x00, 0x00, 0x00, 0x1F, 0x40, 0x00, 0x00,
    0x00, 0x00, 0x00, 0x00, 0x2F, 0x40, 0x00, 0x3F, 0x40, 0x0F, 0xC0, 0x00, 0x3F, 0x40, 0x03, 0xF0,
    0x00, 0x3F, 0x40, 0x01, 0xF8, 0x00, 0x3F, 0x80, 0x00, 0x7D, 0x0A, 0x3F, 0x80, 0x00, 0x2F, 0x47,
    0xFF, 0x80, 0x00, 0x0F, 0xC1, 0xFF, 0x80, 0x00, 0x03, 0xF0, 0xBF, 0x80, 0x00, 0x01, 0xF8, 0x3F,
    0x80, 0x00, 0x00, 0xBD, 0x3F, 0x80, 0x00, 0x00, 0x2F, 0x7F, 0xC0, 0x00, 0x00, 0x0F, 0xFF, 0xE0,
    0x00, 0x00, 0x03, 0xFF, 0xF4, 0x00, 0x00, 0x01, 0xF9, 0xFD, 0x00, 0x00, 0x00, 0xBD, 0x3F, 0x80,
    0x00, 0x00, 0x3F, 0x07, 0xF0, 0x00, 0x00, 0x0F, 0xC2, 0xFE, 0x00, 0x00, 0x03, 0xE0, 0xFF, 0xD0,
    0x00, 0x01, 0xF8, 0x3E, 0xFC, 0x00, 0x00, 0xBD, 0x05, 0x2F, 0x80, 0x00, 0x3F, 0x00, 0x03, 0xF4,
    0x00, 0x0F, 0xC0, 0x00, 0xBF, 0x00, 0x07, 0xE0, 0x00, 0x0F, 0xE0, 0x01, 0xF4, 0x00, 0x01, 0xFC,
    0x00, 0x00, 0x7D, 0x00, 0x0B, 0xD0, 0x02, 0xF4, 0x90, 0xBE, 0x00, 0x0F, 0xC7, 0xCF, 0xE0, 0x00,
    0x3F, 0x2E, 0xFD, 0x00, 0x00, 0xF8, 0xFF, 0xD0, 0x00, 0x07, 0xD3, 0xFD, 0x00, 0x00, 0x2F, 0x4F,
    0xD0, 0x00, 0x00, 0xFC, 0xFC, 0x00, 0x00, 0x03, 0xFF, 0xE0, 0x00, 0x00, 0x1F, 0xBF, 0x40, 0x00,
    0x00, 0x7D, 0x7E, 0x00, 0x00, 0x02, 0xF1, 0xFD, 0x00, 0x00, 0x0F, 0xC7, 0xFC, 0x00, 0x00, 0x3F,
    0x2F, 0xF8, 0x00, 0x01, 0xF8, 0xF7, 0xF4, 0x00, 0x0B, 0xD3, 0xC3, 0xF0, 0x00, 0x3F, 0x09, 0x0B,
    0xE0, 0x00, 0xFC, 0x00, 0x0F, 0xD0, 0x00, 0x00, 0x2F, 0x00, 0x00, 0x3F, 0x40, 0x0F, 0xC0, 0x00,
    0x3F, 0x40, 0x03, 0xF0, 0x00, 0x3F, 0x40, 0x2F, 0xFF, 0xE0, 0x3F, 0x40, 0x0F, 0xFF, 0xF4, 0x3F,
    0x40, 0x02, 0xBF, 0xE8, 0x3F, 0x80, 0x00, 0x0F, 0xC0, 0x3F, 0x80, 0x00, 0x03, 0xF0, 0x3F, 0x80,
    0x00, 0x01, 0xF8, 0x3F, 0x80, 0x00, 0x00, 0xBD, 0x3F, 0x80, 0x00, 0x00, 0x3F, 0x3F, 0x80, 0x00,
    0x00, 0x0F, 0xFF, 0x80, 0x00, 0x00, 0x03, 0xFF, 0xC0, 0x00, 0x00, 0x01, 0xF9, 0xFC, 0x00, 0x00,
    0x00, 0xBD, 0x3F, 0x40, 0x00, 0x00, 0x3F, 0x03, 0xF0, 0x00, 0x00, 0x0F, 0xC0, 0xBE, 0x00, 0x00,
    0x07, 0xE0, 0x0F, 0xD0, 0x00, 0x01, 0xF4, 0x01, 0xFC, 0x00, 0x00, 0xBD, 0x00, 0x2F, 0x80, 0x00,
    0x3F, 0x00, 0x03, 0xF0, 0x00, 0x0F, 0xC0, 0x00, 0xBF, 0x00, 0x07, 0xE0, 0x00, 0x0F, 0xD0, 0x02,
    0xF4, 0x00, 0x01, 0xFC, 0x00, 0x00, 0x01, 0x40, 0x00, 0x00, 0x00, 0xFC, 0x00, 0x00, 0x00, 0x0F,
    0xC0, 0x00, 0x00, 0x16, 0xFD, 0x54, 0x00, 0x03, 0xFF, 0xFF, 0x80, 0x00, 0x3F, 0xFF, 0xF4, 0x00,
    0x00, 0x3F, 0x00, 0x00, 0x00, 0x03, 0xE0, 0x00, 0x00, 0x00, 0x7E, 0x00, 0x1F, 0xD0, 0x0B, 0xD0,
    0x07, 0xF4, 0x00, 0xFC, 0x00, 0xFD, 0x00, 0x0F, 0xC0, 0x3F, 0x40, 0x00, 0xF8, 0x0F, 0xD0, 0x00,
    0x1F, 0x43, 0xF4, 0x00, 0x02, 0xF0, 0xFD, 0x00, 0x00, 0x3F, 0x3F, 0x40, 0x00, 0x03, 0xFF, 0xD0,
    0x00, 0x00, 0x7E, 0xFD, 0x00, 0x00, 0x07, 0xD7, 0xF0, 0x00, 0x00, 0xBC, 0x2F, 0x80, 0x00, 0x0F,
    0xC0, 0xFD, 0x00, 0x00, 0xFC, 0x07, 0xF0, 0x00, 0x1F, 0x80, 0x3F, 0x80, 0x02, 0xF4, 0x00, 0xFC,
    0x00, 0x2F, 0x00, 0x0B, 0xF0, 0x03, 0xF0, 0x00, 0x3F, 0x80, 0x7F, 0xFF, 0x80, 0x00, 0x2F, 0x8B,
    0xFF, 0xF8, 0x00, 0x0B, 0xF0, 0xFF, 0xFF, 0x40, 0x02, 0xFC, 0x00, 0x03, 0xF0, 0x00, 0xBF, 0x00,
    0x00, 0x3F, 0x00, 0x2F, 0xC0, 0x00, 0x07, 0xE0, 0x0B, 0xF0, 0x00, 0x00, 0x7D, 0x02, 0xFC, 0x00,
    0x00, 0x0B, 0xD0, 0x7F, 0x00, 0x00, 0x00, 0xFC, 0x1F, 0xC0, 0x00, 0x00, 0x0F, 0xC7, 0xF0, 0x00,
    0x00, 0x01, 0xF9, 0xFC, 0x00, 0x00, 0x00, 0x2F, 0xFF, 0x00, 0x00, 0x00, 0x02, 0xFB, 0xE0, 0x00,
    0x00, 0x00, 0x3F, 0x3F, 0x40, 0x00, 0x00, 0x03, 0xF1, 0xFC, 0x00, 0x00, 0x00, 0x7E, 0x0B, 0xE0,
    0x00, 0x00, 0x0B, 0xD0, 0x3F, 0x00, 0x00, 0x00, 0xFC, 0x01, 0xFC, 0x00, 0x00, 0x0F, 0xC0, 0x0F,
    0xD0, 0x00, 0x00, 0xF8, 0x00, 0x7F, 0x00, 0x00, 0x1F, 0x80, 0x02, 0xF8, 0x00, 0x02, 0xF4, 0x00,
    0x0F, 0xD0, 0x00, 0x3F, 0x00, 0x00, 0x7F, 0x00, 0x03, 0xF0, 0x00, 0x03, 0xF8, 0x00, 0x7F, 0xFF,
    0xC0, 0x02, 0xF8, 0x7F, 0xFF, 0xC0, 0x0B, 0xF0, 0x6A, 0xAF, 0xC0, 0x1F, 0xC0, 0x00, 0x1F, 0x80,
    0x7F, 0x00, 0x00, 0x1F, 0x41, 0xFC, 0x00, 0x00, 0x2F, 0x07, 0xF0, 0x00, 0x00, 0x3F, 0x1F, 0xC0,
    0x00, 0x00, 0x3F, 0x7F, 0x00, 0x00, 0x00, 0x7F, 0xFC, 0x00, 0x00, 0x00, 0xBE, 0xFC, 0x00, 0x00,
    0x00, 0xFC, 0xBD, 0x00, 0x00, 0x00, 0xFC, 0x3F, 0x00, 0x00, 0x00, 0xF8, 0x1F, 0xC0, 0x00, 0x01,
    0xF8, 0x0B, 0xD0, 0x00, 0x02, 0xF4, 0x03, 0xF0, 0x00, 0x03, 0xF0, 0x01, 0xFC, 0x00, 0x03, 0xF0,
    0x00, 0xFD, 0x00, 0x03, 0xE0, 0x00, 0x3F, 0x00, 0x00, 0x2F, 0x40, 0x00, 0x03, 0xE0, 0x03, 0xF0,
    0x00, 0x00, 0x7E, 0x00, 0x3F, 0x00, 0x00, 0x0B, 0xD0, 0x07, 0xE0, 0x00, 0x00, 0xFC, 0x00, 0x7D,
    0x00, 0x00, 0x0F, 0xC0, 0x0B, 0xD0, 0x00, 0x01, 0xF8, 0x00, 0xFC, 0x00, 0x00, 0x1F, 0x40, 0x0F,
    0xC0, 0x00, 0x02, 0xF4, 0x01, 0xF8, 0x00, 0x00, 0x3F, 0x00, 0x2F, 0x40, 0x00, 0x03, 0xF0, 0x02,
    0xFE, 0xAA, 0xAA, 0xFE, 0x00, 0x3F, 0xFF, 0xFF, 0xFF, 0xD0, 0x03, 0xFF, 0xFF, 0xFF, 0xFC, 0x00,
    0x7E, 0x00, 0x00, 0x0F, 0xC0, 0x0B, 0xD0, 0x00, 0x00, 0xFC, 0x00, 0xFC, 0x00, 0x00, 0x1F, 0x80,
    0x0F, 0xC0, 0x00, 0x02, 0xF4, 0x00, 0xF8, 0x00, 0x00, 0x3F, 0x00, 0x1F, 0x80, 0x00, 0x03, 0xF0,
    0x02, 0xF4, 0x00, 0x00, 0x3E, 0x00, 0x3F, 0x00, 0x00, 0x07, 0xE0, 0x03, 0xF0, 0x00, 0x00, 0xBF,
    0xA0, 0x7E, 0x00, 0x00, 0x0F, 0xFF, 0x07, 0xD0, 0x00, 0x00, 0xFF, 0xE0, 0x00, 0x00, 0x00, 0x00,
    0x7D, 0x00, 0x00, 0x00, 0x00, 0x0B, 0xC0, 0x00, 0x00, 0x00, 0x00, 0xFC, 0x00, 0x00, 0x00, 0x00,
    0x0F, 0xC0, 0x00, 0x00, 0x00, 0x00, 0xF8, 0x00, 0x00, 0x00, 0x00, 0x1F, 0x40, 0x00, 0x00, 0x00,
    0x00, 0x50, 0x00, 0x00, 0x7D, 0x00, 0x00, 0xFC, 0x00, 0xBD, 0x00, 0x00, 0xF8, 0x00, 0xFC, 0x00,
    0x01, 0xF8, 0x00, 0xFC, 0x00, 0x02, 0xF4, 0x00, 0xF8, 0x00, 0x03, 0xF0, 0x01, 0xF8, 0x00, 0x03,
    0xF0, 0x02, 0xF4, 0x00, 0x07, 0xE0, 0x03, 0xF9, 0x55, 0x5B, 0xD0, 0x03, 0xFF, 0xFF, 0xFF, 0xD0,
    0x07, 0xFF, 0xFF, 0xFF, 0xC0, 0x07, 0xD0, 0x00, 0x0F, 0xC0, 0x0B, 0xC0, 0x00, 0x1F, 0x80, 0x0F,
    0xC0, 0x00, 0x2F, 0x40, 0x0F, 0xC0, 0x00, 0x3F, 0x00, 0x1F, 0x80, 0x00, 0x3F, 0x00, 0x2F, 0x40,
    0x00, 0x3F, 0x50, 0x2F, 0x00, 0x00, 0x7F, 0xF0, 0x3F, 0x00, 0x00, 0xBF, 0xF0, 0x00, 0x00, 0x00,
    0x07, 0xE0, 0x00, 0x00, 0x00, 0x0B, 0xD0, 0x00, 0x00, 0x00, 0x0F, 0xC0, 0x00, 0x00, 0x00, 0x0F,
    0xC0, 0x00, 0x00, 0x00, 0x0F, 0x80, 0x00, 0x00, 0x00, 0x1F, 0x80, 0x00, 0x00, 0x00, 0x00, 0x00,
    0x00, 0x2F, 0x00, 0x00, 0x03, 0xFF, 0xFC, 0x00, 0x3F, 0x00, 0x00, 0x07, 0xFF, 0xFC, 0x00, 0x3F,
    0x00, 0x00, 0x0B, 0xFF, 0xF8, 0x00, 0x7E, 0x00, 0x00, 0x0F, 0xC0, 0x00, 0x00, 0xBD, 0x00, 0x00,
    0x0F, 0xC0, 0x00, 0x00, 0xBC, 0x00, 0x00, 0x1F, 0x80, 0x00, 0x00, 0xFC, 0x00, 0x00, 0x2F, 0x40,
    0x00, 0x00, 0xFC, 0x00, 0x00, 0x2F, 0x00, 0x00, 0x01, 0xF8, 0x00, 0x00, 0x3F, 0x00, 0x00, 0x02,
    0xF4, 0x00, 0x00, 0x3F, 0x00, 0x00, 0x03, 0xFE, 0xAA, 0xAA, 0xFE, 0x00, 0x00, 0x03, 0xFF, 0xFF,
    0xFF, 0xFD, 0x00, 0x00, 0x03, 0xFF, 0xFF, 0xFF, 0xFC, 0x00, 0x00, 0x07, 0xE0, 0x00, 0x00, 0xFC,
    0x00, 0x00, 0x0B, 0xD0, 0x00, 0x00, 0xFC, 0x00, 0x00, 0x0F, 0xC0, 0x00, 0x01, 0xF8, 0x00, 0x00,
    0x0F, 0xC0, 0x00, 0x02, 0xF4, 0x00, 0x00, 0x1F, 0x80, 0x00, 0x03, 0xF0, 0x00, 0x00, 0x1F, 0x40,
    0x00, 0x03, 0xF0, 0x00, 0x00, 0x2F, 0x40, 0x00, 0x07, 0xE0, 0x00, 0x00, 0x3F, 0x00, 0x00, 0x07,
    0xD0, 0x00, 0x00, 0x3F, 0x00, 0x00, 0x0B, 0xD0, 0x00, 0x00, 0x7E, 0x00, 0x00, 0x0F, 0xC0, 0x00,
    0x00, 0xBD, 0x00, 0x00, 0x0F, 0xC0, 0x00, 0x00, 0x00, 0x7D, 0x00, 0x00, 0xFF, 0xFF, 0x80, 0x2F,
    0x40, 0x00, 0x3F, 0xFF, 0xD0, 0x0F, 0xC0, 0x00, 0x1F, 0xEA, 0xA0, 0x03, 0xF0, 0x00, 0x0B, 0xD0,
    0x00, 0x00, 0xF8, 0x00, 0x03, 0xF0, 0x00, 0x00, 0x7E, 0x00, 0x00, 0xFC, 0x00, 0x00, 0x2F, 0x40,
    0x00, 0x7E, 0x00, 0x00, 0x0F, 0xE5, 0x55, 0x6F, 0x40, 0x00, 0x03, 0xFF, 0xFF, 0xFF, 0xD0, 0x00,
    0x01, 0xFF, 0xFF, 0xFF, 0xF0, 0x00, 0x00, 0x7D, 0x00, 0x00, 0xFC, 0x00, 0x00, 0x2F, 0x00, 0x00,
    0x7E, 0x00, 0x00, 0x0F, 0xC0, 0x00, 0x2F, 0x40, 0x00, 0x03, 0xF0, 0x00, 0x0F, 0xC0, 0x00, 0x01,
    0xF8, 0x00, 0x03, 0xF0, 0x00, 0x00, 0xBD, 0x00, 0x00, 0xFC, 0x00, 0x00, 0x2F, 0x00, 0x00, 0x7E,
    0x00, 0x00, 0x0F, 0xC0, 0x00, 0x2F, 0x40, 0x00, 0x00, 0x00, 0x2F, 0xFF, 0xFF, 0xFF, 0xD0, 0x00,
    0x00, 0x03, 0xFF, 0xFF, 0xFF, 0xFC, 0x00, 0x00, 0x00, 0x3F, 0xFF, 0xFF, 0xFF, 0xC0, 0x00, 0x00,
    0x07, 0xE0, 0x00, 0x01, 0xF8, 0x00, 0x00, 0x00, 0x7D, 0x00, 0x00, 0x2F, 0x80, 0x00, 0x00, 0x0B,
    0xD0, 0x00, 0x02, 0xF4, 0x00, 0x00, 0x00, 0xFC, 0x00, 0x00, 0x3F, 0x00, 0x00, 0x00, 0x0F, 0xC0,
    0x00, 0x03, 0xF0, 0x00, 0x00, 0x01, 0xF8, 0x00, 0x00, 0x7E, 0x00, 0x00, 0x00, 0x2F, 0x40, 0x00,
    0x0B, 0xD0, 0x00, 0x00, 0x02, 0xF0, 0x00, 0x00, 0xFC, 0x00, 0x00, 0x00, 0x3F, 0x00, 0x00, 0x0F,
    0xFF, 0xF8, 0x00, 0x03, 0xF0, 0x00, 0x00, 0xFF, 0xFF, 0xF8, 0x00, 0x7E, 0x00, 0x00, 0x1F, 0xE6,
    0xBF, 0xE0, 0x0B, 0xD0, 0x00, 0x02, 0xF4, 0x00, 0xBF, 0x40, 0xFC, 0x00, 0x00, 0x3F, 0x00, 0x03,
    0xFC, 0x0F, 0xC0, 0x00, 0x03, 0xF0, 0x00, 0x0F, 0xC0, 0xF8, 0x00, 0x00, 0x7F, 0x00, 0x00, 0xFD,
    0x1F, 0x80, 0x00, 0x07, 0xE0, 0x00, 0x0B, 0xD2, 0xF4, 0x00, 0x00, 0xBD, 0x00, 0x00, 0xBE, 0x3F,
    0x00, 0x00, 0x0F, 0xC0, 0x00, 0x0B, 0xE3, 0xF0, 0x00, 0x00, 0xFC, 0x00, 0x00, 0xBD, 0x7E, 0x00,
    0x00, 0x1F, 0x80, 0x00, 0x0F, 0xD7, 0xD0, 0x00, 0x02, 0xF4, 0x00, 0x00, 0xFC, 0x00, 0x00, 0x00,
    0x00, 0x00, 0x00, 0x1F, 0xC0, 0x00, 0x00, 0x00, 0x00, 0x00, 0x03, 0xF8, 0x00, 0x00, 0x00, 0x00,
    0x00, 0x00, 0x7F, 0x00, 0x00, 0x00, 0x00, 0x00, 0x00, 0x1F, 0xE0, 0x00, 0x00, 0x00, 0x00, 0x00,
    0x07, 0xFC, 0x00, 0x00, 0x00, 0x00, 0x79, 0x5B, 0xFF, 0x00, 0x00, 0x00, 0x00, 0x07, 0xFF, 0xFF,
    0x80, 0x00, 0x00, 0x00, 0x00, 0x7F, 0xFF, 0x90, 0x00, 0x00, 0x00, 0x00, 0x00, 0x15, 0x00, 0x00,
    0x00, 0x00, 0x7F, 0xFF, 0xFF, 0xF4, 0x00, 0x00, 0x0B, 0xFF, 0xFF, 0xFF, 0x00, 0x00, 0x00, 0xFE,
    0xAA, 0xAB, 0xF0, 0x00, 0x00, 0x0F, 0xC0, 0x00, 0x3E, 0x00, 0x00, 0x00, 0xF8, 0x00, 0x07, 0xD0,
    0x00, 0x00, 0x1F, 0x40, 0x00, 0xBD, 0x00, 0x00, 0x02, 0xF4, 0x00, 0x0F, 0xC0, 0x00, 0x00, 0x3F,
    0x00, 0x00, 0xFC, 0x50, 0x00, 0x03, 0xF0, 0x00, 0x1F, 0xFF, 0xF0, 0x00, 0x7E, 0x00, 0x02, 0xFF,
    0xFF, 0xD0, 0x07, 0xD0, 0x00, 0x2F, 0x41, 0xFF, 0x00, 0xBC, 0x00, 0x03, 0xF0, 0x03, 0xF8, 0x0F,
    0xC0, 0x00, 0x3F, 0x00, 0x1F, 0xC0, 0xFC, 0x00, 0x07, 0xE0, 0x00, 0xFC, 0x1F, 0x80, 0x00, 0xBD,
    0x00, 0x0F, 0xC2, 0xF4, 0x00, 0x0F, 0xC0, 0x00, 0xFC, 0x2F, 0x00, 0x00, 0xFC, 0x00, 0x0F, 0xC3,
    0xF0, 0x00, 0x0F, 0x80, 0x00, 0xFC, 0x00, 0x00, 0x00, 0x00, 0x00, 0x1F, 0x80, 0x00, 0x00, 0x00,
    0x00, 0x02, 0xF4, 0x00, 0x00, 0x00, 0x00, 0x00, 0x3F, 0x00, 0x00, 0x00, 0x00, 0x00, 0x0B, 0xE0,
    0x00, 0x00, 0x00, 0x00, 0x02, 0xFC, 0x00, 0x00, 0x00, 0x03, 0x96, 0xFF, 0x40, 0x00, 0x00, 0x00,
    0x3F, 0xFF, 0xD0, 0x00, 0x00, 0x00, 0x02, 0xFF, 0xE0, 0x00, 0x00, 0x00, 0x00, 0x00, 0x00, 0x00,
    0x00, 0x00, 0x00, 0x00, 0x00, 0x00, 0x00, 0x00, 0x1B, 0xFF, 0x80, 0x00, 0x00, 0x7F, 0xFF, 0xF0,
    0x00, 0x00, 0xBF, 0xE9, 0xBC, 0x00, 0x00, 0xBF, 0x80, 0x00, 0x00, 0x00, 0x7F, 0x40, 0x00, 0x10,
    0x00, 0x3F, 0x40, 0x02, 0xFF, 0x80, 0x2F, 0x80, 0x03, 0xFF, 0xFC, 0x0F, 0xC0, 0x02, 0xFD, 0x7F,
    0x4B, 0xE0, 0x01, 0xFC, 0x0B, 0xE3, 0xF4, 0x00, 0xFD, 0x01, 0xFC, 0xFC, 0x00, 0x3F, 0x00, 0x7F,
    0x7F, 0x00, 0x2F, 0x80, 0x1F, 0xDF, 0x80, 0x0F, 0xD0, 0x07, 0xEB, 0xE0, 0x03, 0xF0, 0x02, 0xFA,
    0xF8, 0x00, 0xFC, 0x00, 0xFD, 0xBE, 0x00, 0x3F, 0x00, 0x3F, 0x2F, 0x80, 0x0F, 0xC0, 0x2F, 0x87,
    0xF0, 0x03, 0xF0, 0x0F, 0xD0, 0xFD, 0x00, 0xFC, 0x0F, 0xF0, 0x3F, 0xC0, 0x2F, 0x8B, 0xF0, 0x07,
    0xF8, 0x07, 0xFB, 0xF4, 0x00, 0xBF, 0xE5, 0xFF, 0xF4, 0x00, 0x0B, 0xFF, 0xFF, 0xF9, 0x60, 0x00,
    0x6F, 0xFF, 0xFF, 0xFC, 0x00, 0x00, 0x15, 0x0B, 0xFF, 0x00, 0x00, 0x00, 0x00, 0x15, 0x00, 0x00,
    0x00, 0x00, 0x00, 0x00, 0x00, 0xBF, 0xF4, 0x00, 0x00, 0x7F, 0xFF, 0x40, 0x00, 0x2F, 0xE5, 0x50,
    0x00, 0x07, 0xF4, 0x00, 0x00, 0x00, 0xFD, 0x00, 0x7F, 0xE0, 0x1F, 0x80, 0x1F, 0xFF, 0x82, 0xF4,
    0x03, 0xF9, 0xFC, 0x3F, 0x00, 0xFD, 0x0B, 0xD3, 0xF0, 0x0F, 0xC0, 0x7D, 0x7E, 0x01, 0xF8, 0x0B,
    0xD7, 0xE0, 0x2F, 0x80, 0xFC, 0x7E, 0x02, 0xF4, 0x0F, 0xC7, 0xE0, 0x2F, 0x82, 0xF4, 0x3F, 0x01,
    0xF8, 0x7F, 0x03, 0xF8, 0x0F, 0xEF, 0xC0, 0x1F, 0xE0, 0xBF, 0xF4, 0x00, 0xBF, 0xFF, 0xFE, 0x60,
    0x01, 0xFF, 0xFF, 0xFF, 0x40, 0x00, 0x50, 0x1F, 0xF0, 0x00, 0x00, 0x00, 0x00, 0x00, 0x00, 0x00,
    0x2F, 0xFF, 0xD0, 0x00, 0x02, 0xFF, 0xFF, 0xFC, 0x00, 0x1F, 0xFE, 0xAB, 0xF4, 0x00, 0x7F, 0xD0,
    0x00, 0x10, 0x00, 0xFE, 0x00, 0x00, 0x00, 0x03, 0xF8, 0x00, 0x00, 0x00, 0x07, 0xF0, 0x00, 0x00,
    0x00, 0x0F, 0xD0, 0x00, 0x00, 0x00, 0x1F, 0xC0, 0x00, 0x00, 0x00, 0x2F, 0x80, 0x00, 0x00, 0x00,
    0x3F, 0x00, 0x00, 0x00, 0x00, 0x3F, 0x00, 0x00, 0x00, 0x00, 0x7F, 0x00, 0x00, 0x00, 0x00, 0xBE,
    0x00, 0x00, 0x00, 0x00, 0xBE, 0x00, 0x00, 0x00, 0x00, 0xBE, 0x00, 0x00, 0x00, 0x00, 0xBE, 0x00,
    0x00, 0x00, 0x00, 0x7F, 0x00, 0x00, 0x00, 0x00, 0x3F, 0x00, 0x00, 0x00, 0x00, 0x3F, 0xC0, 0x00,
    0x00, 0x00, 0x1F, 0xE0, 0x00, 0x00, 0x00, 0x0B, 0xFE, 0x55, 0xB8, 0x00, 0x02, 0xFF, 0xFF, 0xF8,
    0x00, 0x00, 0x7F, 0xFF, 0xE4, 0x00, 0x00, 0x02, 0xF4, 0x00, 0x00, 0x00, 0x00, 0xF0, 0x00, 0x00,
    0x00, 0x00, 0xF4, 0x00, 0x00, 0x00, 0x00, 0xF4, 0x00, 0x00, 0x00, 0x01, 0xF4, 0x00, 0x00, 0x00,
    0x6F, 0xF0, 0x00, 0x00, 0x00, 0xBF, 0xC0, 0x00, 0x00, 0x00, 0x00, 0x00, 0x00, 0x00, 0x00, 0x00,
    0x00, 0x00, 0x00, 0x1F, 0xFF, 0x80, 0x03, 0xFF, 0xFF, 0x00, 0x3F, 0xE5, 0x68, 0x03, 0xF8, 0x00,
    0x00, 0x2F, 0xC0, 0x00, 0x00, 0xFC, 0x00, 0x00, 0x0B, 0xE0, 0x00, 0x00, 0x3F, 0x00, 0x00, 0x00,
    0xFC, 0x00, 0x00, 0x07, 0xF0, 0x00, 0x00, 0x1F, 0x80, 0x00, 0x00, 0x7E, 0x00, 0x00, 0x01, 0xF8,
    0x00, 0x00, 0x03, 0xF0, 0x00, 0x00, 0x0F, 0xD0, 0x00, 0x00, 0x1F, 0xE0, 0x1B, 0x00, 0x2F, 0xFF,
    0xFC, 0x00, 0x1F, 0xFF, 0xD0, 0x00, 0x0B, 0x90, 0x00, 0x00, 0x1F, 0x00, 0x00, 0x00, 0x3C, 0x00,
    0x00, 0x00, 0xF0, 0x00, 0x00, 0x0B, 0xC0, 0x00, 0x06, 0xFE, 0x00, 0x00, 0x2F, 0xE0, 0x00, 0x00,
    0x00, 0x00, 0x00, 0x00, 0x7F, 0xFF, 0xFF, 0xFF, 0x6F, 0xFF, 0xFF, 0xFF, 0xDF, 0xFF, 0xFF, 0xFF,
    0xF0, 0x00, 0x2F, 0x40, 0x00, 0x00, 0x0F, 0xC0, 0x00, 0x00, 0x03, 0xF0, 0x00, 0x00, 0x00, 0xFC,
    0x00, 0x00, 0x00, 0x7E, 0x00, 0x00, 0x00, 0x2F, 0x40, 0x00, 0x00, 0x0F, 0xC0, 0x00, 0x00, 0x03,
    0xF0, 0x00, 0x00, 0x01, 0xF8, 0x00, 0x00, 0x00, 0xBE, 0x00, 0x00, 0x00, 0x2F, 0x40, 0x00, 0x00,
    0x0F, 0xC0, 0x00, 0x00, 0x03, 0xF0, 0x00, 0x00, 0x01, 0xF8, 0x00, 0x00, 0x00, 0xBD, 0x00, 0x00,
    0x00, 0x3F, 0x00, 0x00, 0x00, 0x0F, 0xC0, 0x00, 0x00, 0x03, 0xF0, 0x00, 0x00, 0x01, 0xFE, 0x80,
    0x00, 0x00, 0xBF, 0xF0, 0x00, 0x00, 0x3F, 0xFC, 0x00, 0x00, 0x00, 0x3E, 0x00, 0x00, 0x00, 0x1F,
    0x40, 0x00, 0x00, 0x0B, 0xC0, 0x00, 0x00, 0x03, 0xF0, 0x00, 0x00, 0x00, 0xFC, 0x00, 0x00, 0x00,
    0x3E, 0x00, 0x00, 0x00, 0x05, 0x00, 0x00, 0x00, 0x00, 0x00, 0x00, 0x00, 0x00, 0x00, 0x00, 0x00,
    0x7C, 0x0B, 0xFC, 0x00, 0xBF, 0xE0, 0x00, 0xBC, 0x7F, 0xFF, 0x03, 0xFF, 0xF8, 0x00, 0xFD, 0xF9,
    0x7F, 0x4F, 0x96, 0xFC, 0x00, 0xFF, 0xC0, 0x0F, 0xBD, 0x00, 0xFC, 0x00, 0xFF, 0x00, 0x0F, 0xF4,
    0x00, 0xBD, 0x01, 0xFD, 0x00, 0x0F, 0xE0, 0x00, 0xBC, 0x02, 0xFC, 0x00, 0x1F, 0xC0, 0x00, 0xFC,
    0x03, 0xF4, 0x00, 0x1F, 0x80, 0x00, 0xFC, 0x03, 0xF0, 0x00, 0x2F, 0x40, 0x01, 0xF8, 0x07, 0xE0,
    0x00, 0x3F, 0x00, 0x02, 0xF4, 0x07, 0xD0, 0x00, 0x3F, 0x00, 0x02, 0xF0, 0x0B, 0xC0, 0x00, 0x7E,
    0x00, 0x03, 0xF0, 0x0F, 0xC0, 0x00, 0xBD, 0x00, 0x03, 0xF0, 0x0F, 0xC0, 0x00, 0xFC, 0x00, 0x07,
    0xE0, 0x1F, 0x80, 0x00, 0xFC, 0x00, 0x0B, 0xD0, 0x2F, 0x40, 0x00, 0xFC, 0x00, 0x0B, 0xE0, 0x2F,
    0x00, 0x01, 0xF8, 0x00, 0x07, 0xFF, 0x3F, 0x00, 0x02, 0xF4, 0x00, 0x02, 0xFE, 0x00, 0x00, 0x00,
    0x00, 0x00, 0x00, 0xBD, 0x00, 0x00, 0x00, 0x00, 0x00, 0x00, 0xBC, 0x00, 0x00, 0x00, 0x00, 0x00,
    0x00, 0xFC, 0x00, 0x00, 0x00, 0x00, 0x00, 0x00, 0xF8, 0x00, 0x00, 0x00, 0x00, 0x00, 0x01, 0xF8,
    0x00, 0x00, 0x00, 0x00, 0x00, 0x02, 0xF4, 0x00, 0x00, 0x00, 0x00, 0x00, 0x00, 0x00, 0xBC, 0x00,
    0x00, 0x1F, 0x8B, 0xD0, 0x00, 0x03, 0xF0, 0x7E, 0x00, 0x00, 0xFD, 0x03, 0xF0, 0x00, 0x1F, 0xC0,
    0x3F, 0x00, 0x03, 0xF0, 0x02, 0xF4, 0x00, 0xFD, 0x00, 0x1F, 0x80, 0x1F, 0x80, 0x00, 0xFC, 0x03,
    0xF0, 0x00, 0x0F, 0xC0, 0xFD, 0x00, 0x00, 0xBC, 0x1F, 0x80, 0x00, 0x07, 0xD3, 0xF0, 0x00, 0x00,
    0x3E, 0xBD, 0x00, 0x00, 0x02, 0xFF, 0x80, 0x00, 0x00, 0x1F, 0xF0, 0x00, 0x00, 0x00, 0xFD, 0x00,
    0x00, 0x00, 0x0F, 0xC0, 0x00, 0x00, 0x01, 0xF8, 0x00, 0x00, 0x00, 0x2F, 0x40, 0x00, 0x00, 0x03,
    0xF0, 0x00, 0x00, 0x00, 0x3F, 0x00, 0x00, 0x00, 0x03, 0xE0, 0x00, 0x00, 0x00, 0x7E, 0x00, 0x00,
    0x00, 0x0B, 0xD0, 0x00, 0x00, 0x00, 0xFC, 0x00, 0x00, 0x00, 0x7E, 0x00, 0x00, 0x3F, 0x0F, 0x80,
    0x00, 0x2F, 0x43, 0xF0, 0x00, 0x1F, 0xC0, 0xFC, 0x00, 0x0F, 0xC0, 0x3F, 0x00, 0x07, 0xE0, 0x0B,
    0xC0, 0x03, 0xF0, 0x02, 0xF4, 0x02, 0xF8, 0x00, 0x7D, 0x00, 0xFC, 0x00, 0x1F, 0x80, 0xBD, 0x00,
    0x03, 0xE0, 0x3F, 0x00, 0x00, 0xFC, 0x3F, 0x40, 0x00, 0x3F, 0x1F, 0x80, 0x00, 0x0F, 0xCF, 0xC0,
    0x00, 0x02, 0xF7, 0xE0, 0x00, 0x00, 0x7F, 0xF0, 0x00, 0x00, 0x1F, 0xF4, 0x00, 0x00, 0x03, 0xFC,
    0x00, 0x00, 0x00, 0xFD, 0x00, 0x00, 0x00, 0x3F, 0x00, 0x00, 0x00, 0x1F, 0x80, 0x00, 0x00, 0x0B,
    0xD0, 0x00, 0x00, 0x02, 0xF0, 0x00, 0x00, 0x00, 0xFC, 0x00, 0x00, 0x00, 0x3F, 0x00, 0x00, 0x00,
    0x1F, 0x80, 0x00, 0x00, 0x0B, 0xD0, 0x00, 0x00, 0x00, 0x0B, 0xC0, 0x00, 0x01, 0xF8, 0x0B, 0xD0,
    0x00, 0x03, 0xF0, 0x07, 0xE0, 0x00, 0x0F, 0xD0, 0x03, 0xF0, 0x00, 0x1F, 0xC0, 0x03, 0xF0, 0x00,
    0x3F, 0x00, 0x02, 0xF4, 0x00, 0xFD, 0x00, 0x01, 0xF8, 0x01, 0xF8, 0x00, 0x00, 0xFC, 0x03, 0xF0,
    0x00, 0x00, 0xFC, 0x0F, 0xD0, 0x00, 0x00, 0xBC, 0x1F, 0x80, 0x00, 0x00, 0x7D, 0x3F, 0x00, 0x00,
    0x00, 0x3E, 0xBD, 0x00, 0x00, 0x00, 0x2F, 0xF8, 0x00, 0x00, 0x00, 0x1F, 0xF0, 0x00, 0x00, 0x00,
    0x0F, 0xD0, 0x00, 0x00, 0x05, 0x5F, 0xD5, 0x40, 0x00, 0x3F, 0xFF, 0xFF, 0xC0, 0x00, 0x3F, 0xFF,
    0xFF, 0xC0, 0x00, 0x15, 0x7F, 0x55, 0x40, 0x00, 0x00, 0x3F, 0x00, 0x00, 0x00, 0x00, 0x7E, 0x00,
    0x00, 0x00, 0x00, 0x7E, 0x00, 0x00, 0x00, 0x00, 0xBD, 0x00, 0x00, 0x00, 0x00, 0xFC, 0x00, 0x00,
    0x00, 0x07, 0xE0, 0x00, 0x03, 0xF0, 0x0F, 0x80, 0x00, 0x2F, 0x40, 0x3F, 0x00, 0x01, 0xFC, 0x00,
    0xFC, 0x00, 0x0F, 0xC0, 0x03, 0xF0, 0x00, 0x7E, 0x00, 0x0B, 0xC0, 0x03, 0xF0, 0x00, 0x2F, 0x40,
    0x2F, 0x80, 0x00, 0x7D, 0x00, 0xFC, 0x00, 0x01, 0xF8, 0x0B, 0xD0, 0x00, 0x03, 0xE0, 0x3F, 0x00,
    0x00, 0x0F, 0xC3, 0xF0, 0x00, 0x00, 0x3F, 0x1F, 0x80, 0x00, 0x00, 0xFC, 0xFC, 0x00, 0x00, 0x02,
    0xF7, 0xE0, 0x00, 0x00, 0x0B, 0xFF, 0x00, 0x00, 0x00, 0x1F, 0xF4, 0x00, 0x00, 0x00, 0x3F, 0xC0,
    0x00, 0x00, 0x00, 0xFD, 0x00, 0x00, 0x03, 0xFF, 0xFF, 0xF0, 0x00, 0x1F, 0xFF, 0xFF, 0xC0, 0x00,
    0x00, 0xBE, 0x00, 0x00, 0x00, 0x02, 0xF0, 0x00, 0x00, 0x00, 0x0F, 0xC0, 0x00, 0x00, 0x00, 0x3F,
    0x00, 0x00, 0x00, 0x01, 0xF8, 0x00, 0x00, 0x00, 0x0B, 0xD0, 0x00, 0x00, 0x00, 0x00, 0x0F, 0x80,
    0x00, 0x03, 0xE0, 0x00, 0x3F, 0x00, 0x00, 0x3F, 0x40, 0x00, 0x7E, 0x00, 0x02, 0xF4, 0x00, 0x00,
    0xFC, 0x00, 0x2F, 0x80, 0x00, 0x02, 0xF4, 0x01, 0xFC, 0x00, 0x00, 0x07, 0xE0, 0x0F, 0xC0, 0x00,
    0x00, 0x0F, 0xC0, 0xFD, 0x00, 0x00, 0x00, 0x2F, 0x4B, 0xD0, 0x00, 0x00, 0x00, 0x3E, 0x7E, 0x00,
    0x00, 0x00, 0x00, 0xFF, 0xF0, 0x00, 0x00, 0x00, 0x01, 0xFF, 0x00, 0x00, 0x00, 0x00, 0x03, 0xF4,
    0x00, 0x00, 0x00, 0x00, 0x3F, 0xE0, 0x00, 0x00, 0x00, 0x02, 0xFF, 0xC0, 0x00, 0x00, 0x00, 0x1F,
    0x9F, 0x40, 0x00, 0x00, 0x00, 0xFC, 0x3E, 0x00, 0x00, 0x00, 0x0F, 0xC0, 0xFC, 0x00, 0x00, 0x00,
    0xBD, 0x01, 0xF4, 0x00, 0x00, 0x07, 0xE0, 0x03, 0xF0, 0x00, 0x00, 0x7F, 0x00, 0x0F, 0xC0, 0x00,
    0x03, 0xF0, 0x00, 0x1F, 0x80, 0x00, 0x3F, 0x40, 0x00, 0x3F, 0xA4, 0x02, 0xF8, 0x00, 0x00, 0xFF,
    0xD0, 0x1F, 0xC0, 0x00, 0x01, 0xFF, 0x00, 0x00, 0x00, 0x00, 0x00, 0xFC, 0x00, 0x00, 0x00, 0x00,
    0x03, 0xE0, 0x00, 0x00, 0x00, 0x00, 0x1F, 0x80, 0x00, 0x00, 0x00, 0x00, 0xBD, 0x00, 0x00, 0x00,
    0x00, 0x02, 0xF0, 0x00, 0x00, 0x00, 0x00, 0x0F, 0xC0, 0x00, 0x00, 0x00, 0x00, 0x14, 0x00, 0x00,
    0x00, 0x7E, 0x00, 0x02, 0xF4, 0x00, 0xFC, 0x00, 0x2F, 0x80, 0x01, 0xF4, 0x01, 0xFC, 0x00, 0x03,
    0xF0, 0x0F, 0xC0, 0x00, 0x0B, 0xD0, 0xFC, 0x00, 0x00, 0x0F, 0x8F, 0xD0, 0x00, 0x00, 0x2F, 0xBD,
    0x00, 0x00, 0x00, 0x3F, 0xE0, 0x00, 0x00, 0x00, 0xFF, 0x00, 0x00, 0x00, 0x07, 0xF8, 0x00, 0x00,
    0x00, 0x3F, 0xF0, 0x00, 0x00, 0x03, 0xF7, 0xE0, 0x00, 0x00, 0x2F, 0x4F, 0xC0, 0x00, 0x02, 0xF8,
    0x1F, 0x40, 0x00, 0x1F, 0xC0, 0x3F, 0x00, 0x01, 0xFC, 0x00, 0xBE, 0x50, 0x0F, 0xC0, 0x00, 0xFF,
    0xC0, 0xFD, 0x00, 0x02, 0xFE, 0x00, 0x00, 0x00, 0x01, 0xF4, 0x00, 0x00, 0x00, 0x0B, 0xC0, 0x00,
    0x00, 0x00, 0x3F, 0x00, 0x00, 0x00, 0x00, 0xFC, 0x00, 0x00, 0x00, 0x07, 0xE0, 0x00, 0x00, 0x00,
    0x2F, 0x40, 0x00, 0x00, 0x00, 0x00, 0x00, 0x7F, 0xFF, 0xFF, 0xFF, 0x40, 0xFC, 0xBF, 0xFF, 0xFF,
    0xFF, 0x40, 0xFC, 0xFF, 0xFF, 0xFF, 0xFF, 0x01, 0xF8, 0x00, 0x0B, 0xD0, 0x00, 0x02, 0xF4, 0x00,
    0x0F, 0xC0, 0x00, 0x03, 0xF0, 0x00, 0x0F, 0xC0, 0x00, 0x03, 0xF0, 0x00, 0x0F, 0xC0, 0x00, 0x07,
    0xE0, 0x00, 0x1F, 0x80, 0x00, 0x07, 0xE0, 0x00, 0x2F, 0x40, 0x00, 0x0B, 0xD0, 0x00, 0x3F, 0x00,
    0x00, 0x0F, 0xC0, 0x00, 0x3F, 0x00, 0x00, 0x0F, 0xC0, 0x00, 0x7E, 0x00, 0x00, 0x1F, 0x80, 0x00,
    0xBD, 0x00, 0x00, 0x2F, 0x40, 0x00, 0xBD, 0x00, 0x00, 0x3F, 0x40, 0x00, 0xFC, 0x00, 0x00, 0x3F,
    0x00, 0x00, 0xFC, 0x00, 0x00, 0x3F, 0x00, 0x01, 0xF8, 0x00, 0x00, 0x7E, 0x00, 0x02, 0xF4, 0x00,
    0x00, 0xBD, 0x00, 0x03, 0xF0, 0x00, 0x00, 0xFC, 0x00, 0x03, 0xF0, 0x00, 0x00, 0xFC, 0x00, 0x03,
    0xF0, 0x00, 0x00, 0xFC, 0x00, 0x07, 0xFA, 0xAA, 0xAB, 0xFE, 0x80, 0x0B, 0xFF, 0xFF, 0xFF, 0xFF,
    0xC0, 0x0F, 0xFF, 0xFF, 0xFF, 0xFF, 0xC0, 0x00, 0x00, 0x00, 0x00, 0x0F, 0x80, 0x00, 0x00, 0x00,
    0x00, 0x1F, 0x40, 0x00, 0x00, 0x00, 0x00, 0x2F, 0x40, 0x00, 0x00, 0x00, 0x00, 0x3F, 0x00, 0x00,
    0x00, 0x00, 0x00, 0x3F, 0x00, 0x00, 0x00, 0x00, 0x00, 0x7E, 0x00, 0x00, 0x00, 0x00, 0x00, 0x00,
    0x00, 0x3F, 0xFF, 0xFF, 0xE0, 0x3E, 0x7F, 0xFF, 0xFF, 0xE0, 0x7E, 0x6A, 0xBF, 0xEA, 0x90, 0xBD,
    0x00, 0x3F, 0x00, 0x00, 0xFC, 0x00, 0x3F, 0x00, 0x00, 0xFC, 0x00, 0x3F, 0x00, 0x01, 0xF8, 0x00,
    0x7E, 0x00, 0x01, 0xF4, 0x00, 0xBD, 0x00, 0x02, 0xF0, 0x00, 0xFC, 0x00, 0x03, 0xF0, 0x00, 0xFC,
    0x00, 0x03, 0xF0, 0x01, 0xF8, 0x00, 0x0B, 0xE0, 0x01, 0xF4, 0x00, 0x0F, 0xD0, 0x02, 0xF4, 0x00,
    0x2F, 0xC0, 0x02, 0xF0, 0x00, 0x7F, 0xC0, 0x02, 0xF4, 0x01, 0xFF, 0xC0, 0x01, 0xFD, 0x0B, 0xDF,
    0xC0, 0x00, 0xFF, 0xFF, 0x0F, 0xFC, 0x00, 0x3F, 0xF8, 0x07, 0xFC, 0x00, 0x01, 0x40, 0x00, 0xFC,
    0x00, 0x00, 0x00, 0x01, 0xF8, 0x00, 0x00, 0x00, 0x02, 0xF4, 0x00, 0x00, 0x00, 0x03, 0xF0, 0x00,
    0x00, 0x00, 0x03, 0xF0, 0x00, 0x00, 0x00, 0x07, 0xE0, 0x00, 0x00, 0x00, 0x00, 0x00, 0x03, 0xF0,
    0x00, 0x01, 0xF4, 0x0F, 0xC0, 0x00, 0x0B, 0xD0, 0x7E, 0x00, 0x00, 0x3F, 0x02, 0xF4, 0x00, 0x00,
    0xFC, 0x0F, 0xC0, 0x00, 0x07, 0xE0, 0x3F, 0x00, 0x00, 0x2F, 0x41, 0xFC, 0x00, 0x00, 0xBC, 0x07,
    0xE0, 0x00, 0x03, 0xF0, 0x2F, 0x40, 0x00, 0x0F, 0xC0, 0xFC, 0x00, 0x00, 0x7E, 0x03, 0xF0, 0x00,
    0x02, 0xF4, 0x0F, 0xC0, 0x00, 0x0F, 0xC0, 0x3F, 0x80, 0x06, 0xFF, 0x00, 0xBF, 0xFF, 0xFF, 0xFC,
    0x00, 0xBF, 0xFF, 0xEB, 0xE0, 0x00, 0x6A, 0xA4, 0x2F, 0x40, 0x00, 0x00, 0x00, 0xFC, 0x00, 0x00,
    0x00, 0x03, 0xF0, 0x00, 0x00, 0x00, 0x1F, 0x80, 0x00, 0x00, 0x00, 0xBD, 0x00, 0x00, 0x00, 0x02,
    0xF4, 0x00, 0x00, 0x00, 0x0F, 0xEA, 0x00, 0x00, 0x00, 0x3F, 0xF8, 0x00, 0x00, 0x01, 0xFF, 0xD0,
    0x00, 0x00, 0x00, 0x2F, 0x00, 0x00, 0x00, 0x00, 0xFC, 0x00, 0x00, 0x00, 0x03, 0xE0, 0x00, 0x00,
    0x00, 0x1F, 0x40, 0x00, 0x00, 0x00, 0xBD, 0x00, 0x00, 0x00, 0x03, 0xF0, 0x00, 0x00, 0x00, 0x00,
    0x00, 0x00, 0x0F, 0x80, 0x00, 0x7D, 0x1F, 0x80, 0x00, 0xBD, 0x2F, 0x40, 0x00, 0xFC, 0x3F, 0x00,
    0x00, 0xFC, 0x3F, 0x00, 0x01, 0xF8, 0x7E, 0x00, 0x03, 0xF8, 0x7E, 0x00, 0x07, 0xF4, 0x7E, 0x00,
    0x0F, 0xF0, 0x7F, 0x00, 0x7F, 0xF0, 0x3F, 0xEB, 0xF7, 0xE0, 0x1F, 0xFF, 0xC7, 0xD0, 0x02, 0xF9,
    0x0B, 0xC0, 0x00, 0x00, 0x0F, 0xC0, 0x00, 0x00, 0x0F, 0xC0, 0x00, 0x00, 0x1F, 0x80, 0x00, 0x00,
    0x2F, 0x94, 0x00, 0x00, 0x3F, 0xF8, 0x00, 0x00, 0x3F, 0xF4, 0x00, 0x00, 0x03, 0xF0, 0x00, 0x00,
    0x03, 0xF0, 0x00, 0x00, 0x03, 0xF0, 0x00, 0x00, 0x07, 0xE0, 0x00, 0x00, 0x0B, 0xD0, 0x00, 0x00,
    0x0F, 0xC0, 0x00, 0x00, 0x00, 0x00, 0x03, 0xF0, 0x00, 0x01, 0xF4, 0x0F, 0xC0, 0x00, 0x0B, 0xD0,
    0x7E, 0x00, 0x00, 0x3F, 0x02, 0xF4, 0x00, 0x00, 0xFC, 0x0F, 0xC0, 0x00, 0x07, 0xE0, 0x3F, 0x00,
    0x00, 0x2F, 0x41, 0xF8, 0x00, 0x00, 0xBC, 0x07, 0xE0, 0x18, 0x03, 0xF0, 0x2F, 0x40, 0xF0, 0x0F,
    0xC0, 0xFC, 0x07, 0xC0, 0x7E, 0x03, 0xF0, 0x2F, 0x02, 0xF4, 0x0F, 0xC0, 0xB8, 0x0F, 0xC0, 0x3F,
    0x83, 0xD6, 0xFF, 0x00, 0xBF, 0xFF, 0xFF, 0xFC, 0x00, 0xBF, 0xFF, 0xEB, 0xE0, 0x00, 0x2B, 0xF4,
    0x2F, 0x40, 0x00, 0x0F, 0x40, 0xFC, 0x00, 0x00, 0x3D, 0x03, 0xF0, 0x00, 0x00, 0xF0, 0x1F, 0x80,
    0x00, 0x07, 0xC0, 0xBD, 0x00, 0x00, 0x19, 0x02, 0xF4, 0x00, 0x00, 0x00, 0x0F, 0xC0, 0x00, 0x00,
    0x00, 0x3F, 0x00, 0x00, 0x00, 0x01, 0xF8, 0x00, 0x0F, 0x80, 0x00, 0x7D, 0x1F, 0x80, 0x00, 0xBD,
    0x2F, 0x40, 0x00, 0xFC, 0x3F, 0x00, 0x00, 0xFC, 0x3F, 0x00, 0x01, 0xF8, 0x7E, 0x0B, 0x83, 0xF8,
    0x7E, 0x0F, 0x47, 0xF4, 0x7E, 0x0F, 0x0F, 0xF0, 0x7F, 0x0F, 0x3F, 0xF0, 0x3F, 0xFF, 0xF7, 0xE0,
    0x1F, 0xFF, 0xC7, 0xD0, 0x02, 0xFE, 0x0B, 0xC0, 0x00, 0x3C, 0x0F, 0xC0, 0x00, 0x7C, 0x0F, 0xC0,
    0x00, 0x78, 0x1F, 0x80, 0x00, 0xB4, 0x2F, 0x40, 0x00, 0x00, 0x3F, 0x00, 0x00, 0x00, 0x3F, 0x00,
    0x00, 0x2F, 0x40, 0x00, 0x00, 0x00, 0xFC, 0x00, 0x00, 0x00, 0x03, 0xF0, 0x00, 0x00, 0x00, 0x1F,
    0xC0, 0x00, 0x00, 0x00, 0x7E, 0x00, 0x00, 0x00, 0x02, 0xF4, 0x00, 0x00, 0x00, 0x0F, 0xC0, 0x00,
    0x00, 0x00, 0x3F, 0x00, 0x00, 0x00, 0x01, 0xF8, 0x05, 0x94, 0x00, 0x0B, 0xE7, 0xFF, 0xFD, 0x00,
    0x2F, 0xFF, 0xFF, 0xFD, 0x00, 0xFF, 0xE4, 0x07, 0xFC, 0x03, 0xF0, 0x00, 0x03, 0xF0, 0x1F, 0x80,
    0x00, 0x0F, 0xC0, 0xBD, 0x00, 0x00, 0x3F, 0x03, 0xF0, 0x00, 0x01, 0xF8, 0x0F, 0xC0, 0x00, 0x0B,
    0xD0, 0x3F, 0x00, 0x00, 0x2F, 0x41, 0xF8, 0x00, 0x00, 0xFC, 0x0B, 0xD0, 0x00, 0x03, 0xF0, 0x3F,
    0x00, 0x00, 0x1F, 0x80, 0xFC, 0x00, 0x00, 0xBD, 0x07, 0xE0, 0x00, 0x03, 0xF0, 0x1F, 0x80, 0x00,
    0x0F, 0xC0, 0x00, 0x01, 0x40, 0x00, 0x00, 0x00, 0xFC, 0x00, 0x00, 0x00, 0x0F, 0xC0, 0x00, 0x00,
    0x01, 0xF8, 0x00, 0x00, 0x00, 0x2F, 0x40, 0x00, 0x00, 0x02, 0xF0, 0x00, 0x00, 0x00, 0x3F, 0x00,
    0x00, 0x00, 0x03, 0xE0, 0x00, 0x00, 0x00, 0x7E, 0x0B, 0xFE, 0x00, 0x0B, 0xD7, 0xFF, 0xF8, 0x00,
    0xFD, 0xF9, 0x6F, 0xC0, 0x0F, 0xFC, 0x00, 0xBD, 0x00, 0xFF, 0x00, 0x0B, 0xD0, 0x1F, 0xD0, 0x00,
    0xBD, 0x02, 0xFC, 0x00, 0x0F, 0xC0, 0x3F, 0x40, 0x00, 0xFC, 0x03, 0xF0, 0x00, 0x0F, 0xC0, 0x7E,
    0x00, 0x01, 0xF8, 0x07, 0xD0, 0x00, 0x2F, 0x40, 0xBC, 0x00, 0x03, 0xF0, 0x0F, 0xC0, 0x00, 0x3F,
    0x00, 0xFC, 0x00, 0x07, 0xE0, 0x1F, 0x80, 0x00, 0x7D, 0x02, 0xF4, 0x00, 0x0B, 0xD0, 0x2F, 0x00,
    0x00, 0xFC, 0x03, 0xF0, 0x00, 0x0F, 0xC0, 0x00, 0x00, 0x00, 0x00, 0x00, 0x00, 0x00, 0x00, 0x00,
    0x7F, 0xFE, 0x40, 0x00, 0x00, 0x07, 0xFF, 0xFF, 0xE0, 0x00, 0x00, 0x2F, 0xFA, 0xAF, 0xF8, 0x00,
    0x00, 0xFF, 0x80, 0x02, 0xFC, 0x00, 0x02, 0xFC, 0x00, 0x00, 0xFD, 0x00, 0x07, 0xF0, 0x00, 0x00,
    0xFD, 0x00, 0x0F, 0xD0, 0x00, 0x00, 0xFC, 0x7C, 0x2F, 0x80, 0x00, 0x01, 0xFC, 0xFC, 0x3F, 0x00,
    0x00, 0x07, 0xF8, 0xFC, 0x7F, 0x00, 0x00, 0x6F, 0xF0, 0xFD, 0xBE, 0x55, 0xAF, 0xFF, 0xC0, 0xBF,
    0xFF, 0xFF, 0xFF, 0xFD, 0x00, 0x2F, 0xFF, 0xFF, 0xFE, 0x40, 0x00, 0x00, 0xFC, 0x00, 0x00, 0x00,
    0x00, 0x00, 0xFC, 0x00, 0x00, 0x00, 0x00, 0x00, 0xFC, 0x00, 0x00, 0x00, 0x00, 0x00, 0xFC, 0x00,
    0x00, 0x00, 0x00, 0x00, 0xFC, 0x00, 0x00, 0x00, 0x00, 0x00, 0xFE, 0x00, 0x00, 0x00, 0x00, 0x00,
    0x7F, 0x00, 0x00, 0x00, 0x00, 0x00, 0x3F, 0xC0, 0x00, 0x05, 0x00, 0x00, 0x1F, 0xF9, 0x56, 0xFE,
    0x00, 0x00, 0x07, 0xFF, 0xFF, 0xFD, 0x00, 0x00, 0x00, 0xBF, 0xFF, 0xE4, 0x00, 0x00, 0x00, 0x01,
    0x50, 0x00, 0x00, 0x00, 0x00, 0x00, 0x00, 0x00, 0x00, 0x00, 0x7F, 0xFD, 0x00, 0x00, 0x0B, 0xFF,
    0xFD, 0x00, 0x00, 0xFF, 0x57, 0xFC, 0x00, 0x0B, 0xF0, 0x03, 0xF0, 0x50, 0x3F, 0x00, 0x0F, 0xCB,
    0xC2, 0xF4, 0x00, 0x3F, 0x2F, 0x0F, 0xC0, 0x03, 0xF4, 0xFD, 0xBE, 0x05, 0xFF, 0x81, 0xFF, 0xFF,
    0xFF, 0xF4, 0x02, 0xFF, 0xFF, 0xF9, 0x00, 0x00, 0x3F, 0x40, 0x00, 0x00, 0x00, 0xFC, 0x00, 0x00,
    0x00, 0x03, 0xF0, 0x00, 0x00, 0x00, 0x0F, 0xD0, 0x00, 0x00, 0x00, 0x2F, 0xC0, 0x00, 0x00, 0x00,
    0x3F, 0xD0, 0x2F, 0x00, 0x00, 0x7F, 0xFF, 0xFC, 0x00, 0x00, 0x3F, 0xFF, 0x80, 0x00, 0x00, 0x05,
    0x40, 0x00, 0x00, 0x00, 0x00, 0x00, 0x00, 0x00, 0x00, 0x00, 0x00, 0x7F, 0xFE, 0x40, 0x00, 0x00,
    0x07, 0xFF, 0xFF, 0xE0, 0x00, 0x00, 0x2F, 0xFA, 0xAF, 0xF8, 0x00, 0x00, 0xFF, 0x80, 0x02, 0xFC,
    0x00, 0x02, 0xFC, 0x00, 0x00, 0xFD, 0x00, 0x07, 0xF0, 0x00, 0x00, 0xFD, 0x00, 0x0F, 0xD0, 0x00,
    0x00, 0xFC, 0x7C, 0x2F, 0x80, 0x00, 0x01, 0xFC, 0xFC, 0x3F, 0x00, 0x00, 0x07, 0xF8, 0xFC, 0x7F,
    0x00, 0x00, 0x6F, 0xF0, 0xFD, 0xBE, 0x55, 0xAF, 0xFF, 0xC0, 0xBF, 0xFF, 0xFF, 0xFF, 0xFD, 0x00,
    0x2F, 0xFF, 0xFF, 0xFE, 0x40, 0x00, 0x00, 0xFC, 0x00, 0x00, 0x00, 0x00, 0x00, 0xFC, 0x00, 0x00,
    0x00, 0x00, 0x00, 0xFC, 0x00, 0x00, 0x00, 0x00, 0x00, 0xFC, 0x00, 0x00, 0x00, 0x00, 0x00, 0xFC,
    0x00, 0x00, 0x00, 0x00, 0x00, 0xFE, 0x00, 0x00, 0x00, 0x00, 0x00, 0x7F, 0x00, 0x00, 0x00, 0x00,
    0x00, 0x3F, 0xC0, 0x00, 0x05, 0x00, 0x00, 0x1F, 0xF9, 0x56, 0xFE, 0x00, 0x00, 0x07, 0xFF, 0xFF,
    0xFD, 0x00, 0x00, 0x00, 0xBF, 0xFF, 0xE4, 0x00, 0x00, 0x00, 0x0B, 0xE0, 0x00, 0x00, 0x00, 0x00,
    0x0F, 0xC0, 0x00, 0x00, 0x00, 0x00, 0x0F, 0xC0, 0x00, 0x00, 0x00, 0x00, 0x0F, 0x80, 0x00, 0x00,
    0x00, 0x00, 0x1F, 0x80, 0x00, 0x00, 0x00, 0x00, 0x2F, 0x40, 0x00, 0x00, 0x00, 0x00, 0x00, 0x00,
    0x00, 0x00, 0x00, 0x00, 0x00, 0x00, 0x00, 0x00, 0x00, 0x7F, 0xFD, 0x00, 0x00, 0x0B, 0xFF, 0xFD,
    0x00, 0x00, 0xFF, 0x57, 0xFC, 0x00, 0x0B, 0xF0, 0x03, 0xF0, 0x50, 0x3F, 0x00, 0x0F, 0xCB, 0xC2,
    0xF4, 0x00, 0x3F, 0x2F, 0x0F, 0xC0, 0x03, 0xF4, 0xFD, 0xBE, 0x05, 0xFF, 0x81, 0xFF, 0xFF, 0xFF,
    0xF4, 0x02, 0xFF, 0xFF, 0xF9, 0x00, 0x00, 0x3F, 0x40, 0x00, 0x00, 0x00, 0xFC, 0x00, 0x00, 0x00,
    0x03, 0xF0, 0x00, 0x00, 0x00, 0x0F, 0xD0, 0x00, 0x00, 0x00, 0x2F, 0xC0, 0x00, 0x00, 0x00, 0x3F,
    0xD0, 0x2F, 0x00, 0x00, 0x7F, 0xFF, 0xFC, 0x00, 0x00, 0x3F, 0xFF, 0x80, 0x00, 0x00, 0x2F, 0x40,
    0x00, 0x00, 0x00, 0xFC, 0x00, 0x00, 0x00, 0x03, 0xF0, 0x00, 0x00, 0x00, 0x1F, 0x80, 0x00, 0x00,
    0x00, 0xBD, 0x00, 0x00, 0x00, 0x02, 0xF0, 0x00, 0x00, 0x00, 0x00, 0x00, 0x00, 0x00, 0x00, 0x2F,
    0xFF, 0xD0, 0x03, 0xFF, 0xFD, 0x00, 0x02, 0xF9, 0x00, 0x00, 0x2F, 0x40, 0x00, 0x03, 0xF0, 0x00,
    0x00, 0x3F, 0x00, 0x00, 0x07, 0xE0, 0x00, 0x00, 0x7D, 0x00, 0x00, 0x0B, 0xC0, 0x00, 0x00, 0xFC,
    0x00, 0x00, 0x0F, 0xC0, 0x00, 0x01, 0xF8, 0x00, 0x00, 0x2F, 0x40, 0x00, 0x03, 0xF0, 0x00, 0x00,
    0x3F, 0x00, 0x00, 0x03, 0xF0, 0x00, 0x00, 0x7E, 0x00, 0x00, 0x0B, 0xD0, 0x00, 0x00, 0xFC, 0x00,
    0x00, 0x0F, 0xC0, 0x00, 0x00, 0xF8, 0x00, 0x00, 0x2F, 0x80, 0x00, 0x7F, 0xFF, 0x80, 0x0B, 0xFF,
    0xFC, 0x00, 0x00, 0x00, 0x00, 0x02, 0x90, 0x02, 0x80, 0x00, 0x00, 0x00, 0x00, 0x03, 0xE0, 0x0B,
    0xC0, 0x00, 0x00, 0x00, 0x00, 0x03, 0xF5, 0x6F, 0x40, 0x00, 0x00, 0x00, 0x00, 0x00, 0xFF, 0xFE,
    0x00, 0x00, 0x00, 0x00, 0x00, 0x00, 0x2B, 0xA0, 0x00, 0x00, 0x00, 0x00, 0x00, 0x00, 0x00, 0x00,
    0x00, 0x00, 0x00, 0x00, 0x00, 0x00, 0x00, 0x00, 0x00, 0x00, 0x00, 0x03, 0xD0, 0x00, 0x2F, 0x00,
    0x00, 0xFD, 0x00, 0x03, 0xF0, 0x00, 0x3F, 0x00, 0x03, 0xF8, 0x00, 0x01, 0xF4, 0x00, 0x3F, 0x00,
    0x0B, 0xE0, 0x00, 0x00, 0xFC, 0x00, 0x7E, 0x00, 0x2F, 0xC0, 0x00, 0x00, 0xBC, 0x00, 0xBD, 0x00,
    0x7F, 0x00, 0x00, 0x00, 0x3E, 0x00, 0xFC, 0x01, 0xFC, 0x00, 0x00, 0x00, 0x2F, 0x00, 0xFC, 0x03,
    0xF4, 0x00, 0x00, 0x00, 0x1F, 0x80, 0xF8, 0x0F, 0xD0, 0x00, 0x00, 0x00, 0x0F, 0xC1, 0xF8, 0x3F,
    0x80, 0x00, 0x00, 0x00, 0x07, 0xD2, 0xF4, 0xBE, 0x00, 0x00, 0x00, 0x00, 0x03, 0xFF, 0xFF, 0xFC,
    0x00, 0x00, 0x00, 0x00, 0x03, 0xFF, 0xFF, 0xF0, 0x00, 0x00, 0x00, 0x00, 0x0F, 0xFF, 0xFF, 0xF0,
    0x00, 0x00, 0x00, 0x00, 0x3F, 0x87, 0xD2, 0xF4, 0x00, 0x00, 0x00, 0x00, 0xBF, 0x0B, 0xC0, 0xFC,
    0x00, 0x00, 0x00, 0x02, 0xFC, 0x0F, 0xC0, 0xFC, 0x00, 0x00, 0x00, 0x07, 0xF0, 0x0F, 0xC0, 0x7E,
    0x00, 0x00, 0x00, 0x0F, 0xD0, 0x1F, 0x80, 0x3F, 0x00, 0x00, 0x00, 0x3F, 0x40, 0x2F, 0x40, 0x2F,
    0x40, 0x00, 0x00, 0xFE, 0x00, 0x2F, 0x00, 0x0F, 0xC0, 0x00, 0x02, 0xFC, 0x00, 0x3F, 0x00, 0x0F,
    0xC0, 0x00, 0x0B, 0xF0, 0x00, 0x3E, 0x00, 0x07, 0xE0, 0x00, 0x1F, 0xC0, 0x00, 0x7E, 0x00, 0x03,
    0xF0, 0x00, 0x7F, 0x40, 0x00, 0xBD, 0x00, 0x02, 0xF4, 0x00, 0x00, 0x00, 0x00, 0x1F, 0x00, 0x2E,
    0x00, 0x00, 0x00, 0x00, 0x00, 0x7C, 0x00, 0xF8, 0x00, 0x00, 0x00, 0x00, 0x00, 0xFC, 0x1F, 0xC0,
    0x00, 0x00, 0x00, 0x00, 0x02, 0xFF, 0xFC, 0x00, 0x00, 0x00, 0x00, 0x00, 0x01, 0xBE, 0x40, 0x00,
    0x00, 0x00, 0x00, 0x00, 0x00, 0x00, 0x00, 0x00, 0x00, 0x00, 0x00, 0x00, 0x00, 0x00, 0x00, 0x00,
    0x00, 0x3F, 0xE0, 0x00, 0x3E, 0x00, 0x07, 0xFD, 0x00, 0xFF, 0xE0, 0x00, 0xF8, 0x00, 0xFF, 0xF4,
    0x01, 0x5F, 0xD0, 0x07, 0xD0, 0x0F, 0xF5, 0x80, 0x00, 0x1F, 0xC0, 0x2F, 0x00, 0xBE, 0x00, 0x00,
    0x00, 0x3F, 0x00, 0xFC, 0x03, 0xF0, 0x00, 0x00, 0x00, 0xBC, 0x03, 0xF0, 0x2F, 0x00, 0x00, 0x00,
    0x02, 0xF0, 0x0F, 0x80, 0xFC, 0x00, 0x00, 0x00, 0x0B, 0xD0, 0x7D, 0x07, 0xE0, 0x00, 0x00, 0x00,
    0x3F, 0xFF, 0xFF, 0xFF, 0x40, 0x00, 0x00, 0x00, 0xFF, 0xFF, 0xFF, 0xFC, 0x00, 0x00, 0x00, 0x03,
    0xE5, 0x7F, 0x57, 0xF0, 0x00, 0x00, 0x00, 0x2F, 0x41, 0xF8, 0x0F, 0xC0, 0x00, 0x00, 0x00, 0xFC,
    0x07, 0xD0, 0x3F, 0x00, 0x00, 0x00, 0x07, 0xE0, 0x2F, 0x00, 0xFC, 0x00, 0x00, 0x00, 0x3F, 0x00,
    0xFC, 0x02, 0xF4, 0x00, 0x01, 0x07, 0xF4, 0x03, 0xE0, 0x07, 0xF4, 0x00, 0x0F, 0xFF, 0x40, 0x1F,
    0x40, 0x0B, 0xFF, 0x40, 0x7F, 0xF4, 0x00, 0xBC, 0x00, 0x0B, 0xFD, 0x00, 0x14, 0x00, 0x00, 0x00,
    0x00, 0x01, 0x40, 0x00, 0x00, 0x2F, 0x40, 0x00, 0x3F, 0x40, 0x0F, 0xC0, 0x00, 0x3F, 0x40, 0x03,
    0xF0, 0x00, 0x3F, 0x40, 0x01, 0xF8, 0x00, 0x3F, 0x40, 0x00, 0x7D, 0x00, 0x3F, 0x40, 0x00, 0x2F,
    0x40, 0x3F, 0x40, 0x00, 0x0F, 0xC0, 0x3F, 0x40, 0x00, 0x03, 0xF0, 0x3F, 0x40, 0x00, 0x01, 0xF8,
    0x3F, 0x40, 0x00, 0x00, 0xBD, 0x3F, 0x80, 0x00, 0x00, 0x2F, 0x7F, 0x80, 0x00, 0x00, 0x0F, 0xFF,
    0xE4, 0x00, 0x00, 0x03, 0xFF, 0xFF, 0xE0, 0x00, 0x01, 0xFF, 0xFF, 0xFF, 0x00, 0x00, 0xBE, 0x00,
    0x1F, 0xF0, 0x00, 0x3F, 0x00, 0x00, 0xFE, 0x00, 0x0F, 0xC0, 0x00, 0x1F, 0xC0, 0x03, 0xE0, 0x00,
    0x03, 0xF0, 0x01, 0xF8, 0x00, 0x00, 0xFD, 0x00, 0xBD, 0x00, 0x00, 0x2F, 0x40, 0x3F, 0x00, 0x00,
    0x0B, 0xD0, 0x0F, 0xC0, 0x00, 0x03, 0xF4, 0x07, 0xE0, 0x00, 0x00, 0xFD, 0x01, 0xF4, 0x00, 0x00,
    0x3F, 0x00, 0x00, 0x00, 0x00, 0x1F, 0xC0, 0x00, 0x00, 0x00, 0x0F, 0xE0, 0x00, 0x00, 0x00, 0x07,
    0xF0, 0x00, 0x00, 0x00, 0x07, 0xF8, 0x00, 0x00, 0x00, 0x07, 0xFC, 0x00, 0x02, 0x95, 0x6F, 0xFC,
    0x00, 0x00, 0xBF, 0xFF, 0xF8, 0x00, 0x00, 0x1F, 0xFF, 0xE4, 0x00, 0x00, 0x00, 0x15, 0x00, 0x00,
    0x00, 0x00, 0x00, 0x7D, 0x00, 0x1F, 0xC0, 0x0B, 0xD0, 0x07, 0xF0, 0x00, 0xFC, 0x01, 0xFC, 0x00,
    0x0F, 0xC0, 0x3F, 0x00, 0x00, 0xF8, 0x0F, 0xC0, 0x00, 0x1F, 0x43, 0xF0, 0x00, 0x02, 0xF0, 0xFC,
    0x00, 0x00, 0x3F, 0x3F, 0x00, 0x00, 0x03, 0xFF, 0xF9, 0x00, 0x00, 0x7F, 0xFF, 0xF8, 0x00, 0x07,
    0xE4, 0x6F, 0xF0, 0x00, 0xBC, 0x00, 0x3F, 0x40, 0x0F, 0xC0, 0x01, 0xFC, 0x00, 0xFC, 0x00, 0x0F,
    0xC0, 0x1F, 0x80, 0x00, 0xFC, 0x02, 0xF4, 0x00, 0x0F, 0xC0, 0x2F, 0x00, 0x00, 0xFC, 0x03, 0xF0,
    0x00, 0x0F, 0xC0, 0x00, 0x00, 0x01, 0xFC, 0x00, 0x00, 0x00, 0x2F, 0x80, 0x00, 0x00, 0x03, 0xF0,
    0x00, 0x00, 0x00, 0xBF, 0x00, 0x00, 0x00, 0x2F, 0xC0, 0x00, 0x39, 0x6F, 0xF4, 0x00, 0x03, 0xFF,
    0xFD, 0x00, 0x00, 0x2F, 0xFE, 0x00, 0x00, 0x00, 0x00, 0x00, 0x00, 0x00, 0x00, 0x00, 0x00, 0xFF,
    0xFF, 0xFE, 0x00, 0x00, 0x01, 0xFF, 0xFF, 0xFE, 0x00, 0x00, 0x02, 0xFF, 0xFF, 0xFD, 0x00, 0x00,
    0x03, 0xF0, 0x00, 0xFC, 0x00, 0x00, 0x03, 0xE0, 0x00, 0xFC, 0x00, 0x00, 0x07, 0xD0, 0x01, 0xF8,
    0x00, 0x00, 0x0F, 0xC0, 0x02, 0xF4, 0x00, 0x00, 0x0F, 0xC0, 0x03, 0xF0, 0x00, 0x00, 0x1F, 0x80,
    0x03, 0xF0, 0x00, 0x00, 0x2F, 0x40, 0x03, 0xF0, 0x00, 0x00, 0x3F, 0x00, 0x07, 0xE0, 0x00, 0x00,
    0x3F, 0x00, 0x0B, 0xD0, 0x00, 0x00, 0x7E, 0x00, 0x0F, 0xC0, 0x00, 0x00, 0xFC, 0x00, 0x0F, 0xC0,
    0x00, 0x00, 0xFC, 0x00, 0x0F, 0xC0, 0x00, 0x01, 0xF8, 0x00, 0x1F, 0x80, 0x00, 0x03, 0xF4, 0x00,
    0x2F, 0x40, 0x00, 0x03, 0xF0, 0x00, 0x3F, 0x00, 0x00, 0x0B, 0xE0, 0x00, 0x3F, 0x00, 0x00, 0x0F,
    0xC0, 0x00, 0x7E, 0x00, 0x00, 0x2F, 0x80, 0x00, 0xBD, 0x00, 0x15, 0xFF, 0x00, 0x00, 0xBF, 0xA0,
    0x3F, 0xFD, 0x00, 0x00, 0xFF, 0xE0, 0x3F, 0xF4, 0x00, 0x00, 0xFF, 0xD0, 0x05, 0x00, 0x00, 0x00,
    0x0B, 0xC0, 0x00, 0x00, 0x00, 0x00, 0x1F, 0x40, 0x00, 0x00, 0x00, 0x00, 0x3F, 0x00, 0x00, 0x00,
    0x00, 0x00, 0xBD, 0x00, 0x00, 0x00, 0x00, 0x00, 0xFC, 0x00, 0x00, 0x00, 0x00, 0x03, 0xF8, 0x00,
    0x00, 0x00, 0x00, 0x00, 0x00, 0x00, 0x00, 0x00, 0x00, 0x00, 0x00, 0x00, 0x00, 0x01, 0xBF, 0xF8,
    0x00, 0x00, 0x0F, 0xFF, 0xFC, 0x00, 0x00, 0x3F, 0xE6, 0xF8, 0x00, 0x00, 0x7F, 0x01, 0xF4, 0x00,
    0x00, 0xFC, 0x02, 0xF0, 0x00, 0x01, 0xF8, 0x03, 0xF0, 0x00, 0x02, 0xF0, 0x03, 0xF0, 0x00, 0x03,
    0xF0, 0x07, 0xE0, 0x00, 0x07, 0xD0, 0x0B, 0xD0, 0x00, 0x0F, 0xC0, 0x0F, 0xC0, 0x00, 0x0F, 0x80,
    0x0F, 0xC0, 0x00, 0x2F, 0x40, 0x0F, 0x80, 0x00, 0x3F, 0x00, 0x1F, 0x80, 0x00, 0x7E, 0x00, 0x2F,
    0x40, 0x00, 0xFC, 0x00, 0x3F, 0x00, 0x17, 0xF8, 0x00, 0x3F, 0x54, 0x7F, 0xF0, 0x00, 0x7F, 0xF0,
    0x7F, 0x80, 0x00, 0xBF, 0xF0, 0x00, 0x00, 0x00, 0x03, 0xD0, 0x00, 0x00, 0x00, 0x0B, 0xC0, 0x00,
    0x00, 0x00, 0x0F, 0x40, 0x00, 0x00, 0x00, 0x2F, 0x00, 0x00, 0x00, 0x00, 0x3E, 0x00, 0x00, 0x00,
    0x00, 0xBC, 0x00, 0x00, 0x00, 0x00, 0x00, 0x00, 0x00, 0x2F, 0x40, 0x00, 0x03, 0xE0, 0x03, 0xF0,
    0x00, 0x00, 0x7E, 0x00, 0x3F, 0x00, 0x00, 0x0B, 0xD0, 0x07, 0xE0, 0x00, 0x00, 0xFC, 0x00, 0x7D,
    0x00, 0x00, 0x0F, 0xC0, 0x0B, 0xD0, 0x00, 0x01, 0xF8, 0x00, 0xFC, 0x00, 0x00, 0x1F, 0x40, 0x0F,
    0xC0, 0x00, 0x02, 0xF4, 0x01, 0xF8, 0x00, 0x00, 0x3F, 0x00, 0x2F, 0x40, 0x00, 0x03, 0xF0, 0x02,
    0xFE, 0xAA, 0xAA, 0xFE, 0x00, 0x3F, 0xFF, 0xFF, 0xFF, 0xD0, 0x03, 0xFF, 0xFF, 0xFF, 0xFC, 0x00,
    0x7E, 0x00, 0x00, 0x0F, 0xC0, 0x0B, 0xD0, 0x00, 0x00, 0xFC, 0x00, 0xFC, 0x00, 0x00, 0x1F, 0x80,
    0x0F, 0xC0, 0x00, 0x02, 0xF4, 0x00, 0xF8, 0x00, 0x00, 0x3F, 0x00, 0x1F, 0x80, 0x00, 0x03, 0xF0,
    0x02, 0xF4, 0x00, 0x00, 0x3E, 0x00, 0x3F, 0x00, 0x00, 0x07, 0xE0, 0x03, 0xF0, 0x00, 0x00, 0xBD,
    0x00, 0x7E, 0x00, 0x00, 0x0F, 0xC0, 0x07, 0xD0, 0x00, 0x00, 0xFC, 0x00, 0x00, 0x00, 0x00, 0x1F,
    0x80, 0x00, 0x00, 0x00, 0x03, 0xF4, 0x00, 0x00, 0x00, 0x00, 0x7F, 0x00, 0x00, 0x00, 0x00, 0x0F,
    0xD0, 0x00, 0x00, 0x00, 0x07, 0xF8, 0x00, 0x00, 0xBA, 0x5B, 0xFF, 0x00, 0x00, 0x0B, 0xFF, 0xFF,
    0x80, 0x00, 0x00, 0x7F, 0xFF, 0x90, 0x00, 0x00, 0x00, 0x15, 0x00, 0x00, 0x00, 0x00, 0x00, 0x7D,
    0x00, 0x00, 0xFC, 0x00, 0xBD, 0x00, 0x00, 0xF8, 0x00, 0xFC, 0x00, 0x01, 0xF8, 0x00, 0xFC, 0x00,
    0x02, 0xF4, 0x00, 0xF8, 0x00, 0x03, 0xF0, 0x01, 0xF8, 0x00, 0x03, 0xF0, 0x02, 0xF4, 0x00, 0x07,
    0xE0, 0x03, 0xF9, 0x55, 0x5B, 0xD0, 0x03, 0xFF, 0xFF, 0xFF, 0xD0, 0x07, 0xFF, 0xFF, 0xFF, 0xC0,
    0x07, 0xD0, 0x00, 0x0F, 0xC0, 0x0B, 0xC0, 0x00, 0x1F, 0x80, 0x0F, 0xC0, 0x00, 0x2F, 0x40, 0x0F,
    0xC0, 0x00, 0x3F, 0x00, 0x1F, 0x80, 0x00, 0x3F, 0x00, 0x2F, 0x40, 0x00, 0x3F, 0x00, 0x2F, 0x00,
    0x00, 0x7E, 0x00, 0x3F, 0x00, 0x00, 0xBD, 0x00, 0x00, 0x00, 0x00, 0xFC, 0x00, 0x00, 0x00, 0x00,
    0xFC, 0x00, 0x00, 0x00, 0x02, 0xF8, 0x00, 0x00, 0x00, 0x03, 0xF0, 0x00, 0x00, 0x00, 0x0F, 0xE0,
    0x00, 0x00, 0xE5, 0xBF, 0xC0, 0x00, 0x00, 0xFF, 0xFF, 0x00, 0x00, 0x00, 0xBF, 0xF8, 0x00, 0x00,
    0x00, 0x00, 0x00, 0x00, 0x00, 0x00, 0x2F, 0x40, 0x00, 0x03, 0xE0, 0x03, 0xF0, 0x00, 0x00, 0x7E,
    0x00, 0x3F, 0x00, 0x00, 0x0B, 0xD0, 0x07, 0xE0, 0x00, 0x00, 0xFC, 0x00, 0x7D, 0x00, 0x00, 0x0F,
    0xC0, 0x0B, 0xD0, 0x00, 0x01, 0xF8, 0x00, 0xFC, 0x00, 0x00, 0x1F, 0x40, 0x0F, 0xC0, 0x00, 0x02,
    0xF4, 0x01, 0xF8, 0x00, 0x00, 0x3F, 0x00, 0x2F, 0x40, 0x00, 0x03, 0xF0, 0x02, 0xFE, 0xAA, 0xAA,
    0xFE, 0x00, 0x3F, 0xFF, 0xFF, 0xFF, 0xD0, 0x03, 0xFF, 0xFF, 0xFF, 0xFC, 0x00, 0x7E, 0x00, 0x00,
    0x0F, 0xC0, 0x0B, 0xD0, 0x00, 0x00, 0xFC, 0x00, 0xFC, 0x00, 0x00, 0x1F, 0x80, 0x0F, 0xC0, 0x00,
    0x02, 0xF4, 0x00, 0xF8, 0x00, 0x00, 0x3F, 0x00, 0x1F, 0x80, 0x00, 0x03, 0xF0, 0x02, 0xF4, 0x00,
    0x00, 0x3E, 0x00, 0x3F, 0x00, 0x00, 0x07, 0xE0, 0x03, 0xF0, 0x00, 0x00, 0xBF, 0xA0, 0x7E, 0x00,
    0x00, 0x0F, 0xFF, 0x07, 0xD0, 0x00, 0x00, 0xFF, 0xD0, 0x00, 0x00, 0x00, 0x00, 0xBC, 0x00, 0x00,
    0x00, 0x00, 0x0F, 0x40, 0x00, 0x00, 0x00, 0x03, 0xF0, 0x00, 0x00, 0x00, 0x00, 0x7E, 0x00, 0x00,
    0x00, 0x00, 0x0F, 0xC0, 0x00, 0x00, 0x00, 0x02, 0xF8, 0x00, 0x00, 0x00, 0x00, 0x15, 0x00, 0x00,
    0x00, 0x7D, 0x00, 0x00, 0xFC, 0x00, 0xBD, 0x00, 0x00, 0xF8, 0x00, 0xFC, 0x00, 0x01, 0xF8, 0x00,
    0xFC, 0x00, 0x02, 0xF4, 0x00, 0xF8, 0x00, 0x03, 0xF0, 0x01, 0xF8, 0x00, 0x03, 0xF0, 0x02, 0xF4,
    0x00, 0x07, 0xE0, 0x03, 0xF9, 0x55, 0x5B, 0xD0, 0x03, 0xFF, 0xFF, 0xFF, 0xD0, 0x07, 0xFF, 0xFF,
    0xFF, 0xC0, 0x07, 0xD0, 0x00, 0x0F, 0xC0, 0x0B, 0xC0, 0x00, 0x1F, 0x80, 0x0F, 0xC0, 0x00, 0x2F,
    0x40, 0x0F, 0xC0, 0x00, 0x3F, 0x00, 0x1F, 0x80, 0x00, 0x3F, 0x00, 0x2F, 0x40, 0x00, 0x3F, 0x50,
    0x2F, 0x00, 0x00, 0x7F, 0xF0, 0x3F, 0x00, 0x00, 0xBF, 0xE0, 0x00, 0x00, 0x00, 0x03, 0xD0, 0x00,
    0x00, 0x00, 0x0B, 0xC0, 0x00, 0x00, 0x00, 0x0F, 0x40, 0x00, 0x00, 0x00, 0x2F, 0x00, 0x00, 0x00,
    0x00, 0x3E, 0x00, 0x00, 0x00, 0x00, 0xFC, 0x00, 0x00, 0x00, 0x00, 0x00, 0x00, 0x03, 0xF0, 0x00,
    0x01, 0xF4, 0x0F, 0xC0, 0x00, 0x0B, 0xD0, 0x7E, 0x00, 0x00, 0x3F, 0x02, 0xF4, 0x00, 0x00, 0xFC,
    0x0F, 0xC0, 0x00, 0x07, 0xE0, 0x3F, 0x00, 0x00, 0x2F, 0x41, 0xF8, 0x00, 0x00, 0xFC, 0x07, 0xE0,
    0x00, 0x03, 0xF0, 0x2F, 0x40, 0x00, 0x0F, 0xC0, 0xFC, 0x00, 0x00, 0x7E, 0x03, 0xF0, 0x00, 0x02,
    0xF4, 0x0F, 0xC0, 0x00, 0x0F, 0xC0, 0x3F, 0x80, 0x06, 0xFF, 0x00, 0xBF, 0xFF, 0xFF, 0xFC, 0x00,
    0xBF, 0xFF, 0xEB, 0xE0, 0x00, 0x6A, 0xA4, 0x2F, 0x40, 0x00, 0x00, 0x00, 0xFC, 0x00, 0x00, 0x00,
    0x03, 0xF0, 0x00, 0x00, 0x00, 0x1F, 0x80, 0x00, 0x00, 0x00, 0xBD, 0x00, 0x00, 0x00, 0x02, 0xF4,
    0x00, 0x00, 0x01, 0xAF, 0xC0, 0x00, 0x00, 0x0F, 0xFF, 0x00, 0x00, 0x00, 0x3F, 0xF8, 0x00, 0x00,
    0x01, 0xF8, 0x00, 0x00, 0x00, 0x07, 0xD0, 0x00, 0x00, 0x00, 0x2F, 0x00, 0x00, 0x00, 0x00, 0xFC,
    0x00, 0x00, 0x00, 0x03, 0xE0, 0x00, 0x00, 0x00, 0x1F, 0x40, 0x00, 0x00, 0x00, 0x00, 0x00, 0x00,
    0x00, 0x1F, 0x40, 0x00, 0xBC, 0x3F, 0x00, 0x00, 0xFC, 0x3F, 0x00, 0x00, 0xFC, 0x3F, 0x00, 0x01,
    0xF8, 0x7E, 0x00, 0x02, 0xF4, 0xBD, 0x00, 0x03, 0xF0, 0xBC, 0x00, 0x0B, 0xF0, 0xFD, 0x00, 0x1F,
    0xF0, 0xBE, 0x00, 0xBF, 0xE0, 0x7F, 0xEB, 0xFB, 0xD0, 0x2F, 0xFF, 0xCF, 0xC0, 0x06, 0xF9, 0x0F,
    0xC0, 0x00, 0x00, 0x1F, 0x80, 0x00, 0x00, 0x1F, 0x80, 0x00, 0x00, 0x2F, 0x40, 0x00, 0x01, 0x7F,
    0x00, 0x00, 0x0B, 0xFF, 0x00, 0x00, 0x0F, 0xFE, 0x00, 0x00, 0x0F, 0xC0, 0x00, 0x00, 0x0F, 0xC0,
    0x00, 0x00, 0x1F, 0x80, 0x00, 0x00, 0x2F, 0x40, 0x00, 0x00, 0x3F, 0x00, 0x00, 0x00, 0x3F, 0x00,
    0x00, 0x00, 0x00, 0x00, 0x00, 0x00, 0x2F, 0xD0, 0x00, 0x00, 0x0B, 0xFC, 0x00, 0x3F, 0xE0, 0x00,
    0x00, 0x0F, 0xFC, 0x00, 0x3F, 0xF0, 0x00, 0x00, 0x2F, 0xF8, 0x00, 0x7F, 0xF0, 0x00, 0x00, 0x3F,
    0xF4, 0x00, 0xBE, 0xF0, 0x00, 0x00, 0xFE, 0xF0, 0x00, 0xFD, 0xF0, 0x00, 0x01, 0xF7, 0xF0, 0x00,
    0xFC, 0xF4, 0x00, 0x03, 0xF3, 0xF0, 0x00, 0xF8, 0xF4, 0x00, 0x07, 0xD7, 0xE0, 0x01, 0xF4, 0xF8,
    0x00, 0x0F, 0xCB, 0xD0, 0x02, 0xF0, 0xF8, 0x00, 0x1F, 0x0B, 0xC0, 0x03, 0xF0, 0xFC, 0x00, 0x3E,
    0x0F, 0xC0, 0x03, 0xF0, 0xBC, 0x00, 0xBC, 0x0F, 0xC0, 0x03, 0xE0, 0xBC, 0x00, 0xF8, 0x1F, 0x80,
    0x07, 0xD0, 0x7C, 0x02, 0xF0, 0x2F, 0x40, 0x0B, 0xC0, 0x7D, 0x03, 0xD0, 0x3F, 0x00, 0x0F, 0xC0,
    0x3D, 0x0F, 0xC0, 0x3F, 0x00, 0x0F, 0x80, 0x3D, 0x1F, 0x40, 0x3E, 0x00, 0x1F, 0x80, 0x3E, 0x3F,
    0x00, 0x7E, 0x00, 0x2F, 0x40, 0x3E, 0x7D, 0x00, 0xBD, 0x00, 0x2F, 0x00, 0x2F, 0xF8, 0x00, 0xFC,
    0x00, 0x3F, 0x00, 0x2F, 0xF0, 0x00, 0xFC, 0x00, 0x3E, 0x00, 0x1F, 0xE0, 0x01, 0xFE, 0x90, 0x7D,
    0x00, 0x1F, 0xC0, 0x01, 0xFF, 0xC0, 0xBC, 0x00, 0x0F, 0x80, 0x02, 0xFF, 0x80, 0x00, 0x00, 0x00,
    0x00, 0x00, 0x1F, 0x40, 0x00, 0x00, 0x00, 0x00, 0x00, 0x3F, 0x00, 0x00, 0x00, 0x00, 0x00, 0x00,
    0xBD, 0x00, 0x00, 0x00, 0x00, 0x00, 0x00, 0xFC, 0x00, 0x00, 0x00, 0x00, 0x00, 0x03, 0xF4, 0x00,
    0x00, 0x00, 0x00, 0x00, 0x07, 0xF0, 0x00, 0x00, 0x00, 0x00, 0x00, 0x00, 0x00, 0x00, 0x00, 0x7F,
    0x40, 0x00, 0x0F, 0xF4, 0x02, 0xFE, 0x00, 0x00, 0x7F, 0xC0, 0x0F, 0xFC, 0x00, 0x03, 0xFF, 0x00,
    0x3E, 0xF0, 0x00, 0x2F, 0xF8, 0x00, 0xF7, 0xC0, 0x00, 0xF7, 0xD0, 0x07, 0xCF, 0x00, 0x0B, 0xDF,
    0x40, 0x2F, 0x3D, 0x00, 0x3D, 0xBC, 0x00, 0xF8, 0xF4, 0x03, 0xE3, 0xF0, 0x03, 0xD2, 0xE0, 0x1F,
    0x0F, 0x80, 0x0F, 0x4B, 0xC0, 0xF8, 0x3D, 0x00, 0x7C, 0x1F, 0x07, 0xC1, 0xF0, 0x02, 0xF0, 0x7C,
    0x3E, 0x0B, 0xC0, 0x0F, 0x80, 0xF2, 0xF0, 0x3F, 0x00, 0x3D, 0x03, 0xDF, 0x40, 0xF8, 0x01, 0xF0,
    0x0F, 0xFC, 0x07, 0xD0, 0x0B, 0xC0, 0x2F, 0xD0, 0x1F, 0x94, 0x2F, 0x00, 0xBE, 0x00, 0xBF, 0xD0,
    0xF8, 0x01, 0xF0, 0x03, 0xFF, 0x00, 0x00, 0x00, 0x00, 0x00, 0xF8, 0x00, 0x00, 0x00, 0x00, 0x07,
    0xC0, 0x00, 0x00, 0x00, 0x00, 0x3E, 0x00, 0x00, 0x00, 0x00, 0x01, 0xF0, 0x00, 0x00, 0x00, 0x00,
    0x0F, 0xC0, 0x00, 0x00, 0x00, 0x00, 0xBD, 0x00, 0x00, 0x00, 0x00, 0x00, 0x00, 0x00, 0x00, 0x2F,
    0xFF, 0xD0, 0x03, 0xFF, 0xFD, 0x00, 0x02, 0xF9, 0x00, 0x00, 0x2F, 0x40, 0x00, 0x03, 0xF0, 0x00,
    0x00, 0x3F, 0x00, 0x00, 0x07, 0xE0, 0x00, 0x00, 0x7D, 0x00, 0x00, 0x0B, 0xC0, 0x00, 0x00, 0xFC,
    0x00, 0x00, 0x0F, 0xC0, 0x00, 0x01, 0xF8, 0x00, 0x00, 0x2F, 0x40, 0x00, 0x03, 0xF0, 0x00, 0x00,
    0x3F, 0x00, 0x00, 0x03, 0xF0, 0x00, 0x00, 0x7E, 0x00, 0x00, 0x0B, 0xD0, 0x00, 0x00, 0xFC, 0x00,
    0x00, 0x0F, 0xC0, 0x00, 0x00, 0xF8, 0x00, 0x00, 0x2F, 0x80, 0x00, 0x7F, 0xFF, 0x80, 0x0B, 0xFF,
    0xFC, 0x00, 0x00, 0x00, 0x0A, 0x80, 0x0A, 0x40, 0x00, 0x02, 0xF0, 0x07, 0xD0, 0x00, 0x00, 0x7E,
    0x5B, 0xF0, 0x00, 0x00, 0x0F, 0xFF, 0xF0, 0x00, 0x00, 0x00, 0x6F, 0x90, 0x00, 0x00, 0x00, 0x00,
    0x00, 0x00, 0x00, 0x00, 0x00, 0x00, 0x00, 0x00, 0x00, 0x00, 0xFC, 0x00, 0x00, 0x00, 0x00, 0xBF,
    0x40, 0x00, 0x00, 0x00, 0x3F, 0xD0, 0x00, 0x00, 0x00, 0x3F, 0xF8, 0x00, 0x00, 0x00, 0x1F, 0x7E,
    0x00, 0x00, 0x00, 0x0F, 0xCF, 0xC0, 0x00, 0x00, 0x07, 0xE3, 0xF0, 0x00, 0x00, 0x03, 0xF0, 0xBC,
    0x00, 0x00, 0x01, 0xF8, 0x2F, 0x00, 0x00, 0x00, 0xFC, 0x0B, 0xD0, 0x00, 0x00, 0xBD, 0x01, 0xF4,
    0x00, 0x00, 0x3F, 0x00, 0x7E, 0x00, 0x00, 0x2F, 0x40, 0x0F, 0x80, 0x00, 0x0F, 0xC0, 0x03, 0xF0,
    0x00, 0x0B, 0xFF, 0xFF, 0xFC, 0x00, 0x07, 0xFF, 0xFF, 0xFF, 0x00, 0x03, 0xFA, 0xAA, 0xAF, 0xC0,
    0x01, 0xFC, 0x00, 0x02, 0xF4, 0x00, 0xFC, 0x00, 0x00, 0xBD, 0x00, 0x7E, 0x00, 0x00, 0x1F, 0x80,
    0x3F, 0x00, 0x00, 0x07, 0xE0, 0x2F, 0x80, 0x00, 0x00, 0xFC, 0x0F, 0xC0, 0x00, 0x00, 0x3F, 0x0B,
    0xE0, 0x00, 0x00, 0x0F, 0xC0, 0x00, 0x07, 0xC0, 0x0B, 0x80, 0x00, 0x7C, 0x00, 0xF8, 0x00, 0x03,
    0xF0, 0x7F, 0x00, 0x00, 0x2F, 0xFF, 0xC0, 0x00, 0x00, 0x6F, 0x90, 0x00, 0x00, 0x00, 0x00, 0x00,
    0x00, 0x00, 0x00, 0x00, 0x00, 0x00, 0xBF, 0xE0, 0x3C, 0x00, 0x3F, 0xFF, 0xC7, 0xC0, 0x0F, 0xF5,
    0x7E, 0xFC, 0x03, 0xF8, 0x00, 0xFF, 0x80, 0xBF, 0x00, 0x07, 0xF4, 0x0F, 0xC0, 0x00, 0x3F, 0x01,
    0xF8, 0x00, 0x03, 0xF0, 0x3F, 0x40, 0x00, 0x3F, 0x03, 0xF0, 0x00, 0x07, 0xE0, 0x3F, 0x00, 0x00,
    0xBD, 0x07, 0xE0, 0x00, 0x0F, 0xC0, 0x7E, 0x00, 0x01, 0xFC, 0x07, 0xE0, 0x00, 0x3F, 0x80, 0x7E,
    0x00, 0x0B, 0xF4, 0x03, 0xF0, 0x02, 0xFF, 0x40, 0x3F, 0xC1, 0xFE, 0xF0, 0x01, 0xFF, 0xFE, 0x2F,
    0x00, 0x07, 0xFF, 0x42, 0xE0, 0x00, 0x01, 0x00, 0x00, 0x00, 0x00, 0x00, 0x00, 0x40, 0x04, 0x00,
    0x00, 0x03, 0xF0, 0x3F, 0x00, 0x00, 0x03, 0xF0, 0x3F, 0x00, 0x00, 0x02, 0xD0, 0x2D, 0x00, 0x00,
    0x00, 0x00, 0x00, 0x00, 0x00, 0x00, 0x00, 0x00, 0x00, 0x00, 0x00, 0x00, 0x00, 0x00, 0x00, 0x00,
    0x3F, 0x00, 0x00, 0x00, 0x00, 0xBF, 0x40, 0x00, 0x00, 0x00, 0xFF, 0x40, 0x00, 0x00, 0x03, 0xFF,
    0x80, 0x00, 0x00, 0x07, 0xDF, 0x80, 0x00, 0x00, 0x0F, 0xCF, 0xC0, 0x00, 0x00, 0x1F, 0x8F, 0xC0,
    0x00, 0x00, 0x3F, 0x0B, 0xC0, 0x00, 0x00, 0x7E, 0x0B, 0xC0, 0x00, 0x00, 0xFC, 0x0B, 0xD0, 0x00,
    0x02, 0xF4, 0x07, 0xD0, 0x00, 0x03, 0xF0, 0x07, 0xE0, 0x00, 0x0B, 0xD0, 0x03, 0xE0, 0x00, 0x0F,
    0xC0, 0x03, 0xF0, 0x00, 0x2F, 0xFF, 0xFF, 0xF0, 0x00, 0x7F, 0xFF, 0xFF, 0xF0, 0x00, 0xFE, 0xAA,
    0xAB, 0xF0, 0x01, 0xFC, 0x00, 0x02, 0xF4, 0x03, 0xF0, 0x00, 0x02, 0xF4, 0x07, 0xE0, 0x00, 0x01,
    0xF8, 0x0F, 0xC0, 0x00, 0x01, 0xF8, 0x2F, 0x80, 0x00, 0x00, 0xFC, 0x3F, 0x00, 0x00, 0x00, 0xFC,
    0xBE, 0x00, 0x00, 0x00, 0xFC, 0x00, 0x00, 0x40, 0x04, 0x00, 0x00, 0x3E, 0x03, 0xE0, 0x00, 0x07,
    0xE0, 0x7E, 0x00, 0x00, 0x3C, 0x03, 0xC0, 0x00, 0x00, 0x00, 0x00, 0x00, 0x00, 0x00, 0x00, 0x00,
    0x00, 0x00, 0x00, 0x00, 0x00, 0x00, 0xBF, 0xE0, 0x3C, 0x00, 0x3F, 0xFF, 0xC7, 0xC0, 0x0F, 0xF5,
    0x7E, 0xFC, 0x03, 0xF8, 0x00, 0xFF, 0x80, 0xBF, 0x00, 0x07, 0xF4, 0x0F, 0xC0, 0x00, 0x3F, 0x01,
    0xF8, 0x00, 0x03, 0xF0, 0x3F, 0x40, 0x00, 0x3F, 0x03, 0xF0, 0x00, 0x07, 0xE0, 0x3F, 0x00, 0x00,
    0xBD, 0x07, 0xE0, 0x00, 0x0F, 0xC0, 0x7E, 0x00, 0x01, 0xFC, 0x07, 0xE0, 0x00, 0x3F, 0x80, 0x7E,
    0x00, 0x0B, 0xF4, 0x03, 0xF0, 0x02, 0xFF, 0x40, 0x3F, 0xC1, 0xFE, 0xF0, 0x01, 0xFF, 0xFE, 0x2F,
    0x00, 0x07, 0xFF, 0x42, 0xE0, 0x00, 0x01, 0x00, 0x00, 0x00, 0x00, 0x00, 0x00, 0x02, 0xFF, 0xFF,
    0xFF, 0xF8, 0x00, 0x00, 0x00, 0x2F, 0xFF, 0xFF, 0xFF, 0xE0, 0x00, 0x00, 0x00, 0xFF, 0xFF, 0xFF,
    0xFF, 0x40, 0x00, 0x00, 0x0F, 0xD3, 0xF0, 0x00, 0x00, 0x00, 0x00, 0x00, 0x7E, 0x0F, 0xC0, 0x00,
    0x00, 0x00, 0x00, 0x03, 0xF0, 0x7E, 0x00, 0x00, 0x00, 0x00, 0x00, 0x2F, 0x42, 0xF4, 0x00, 0x00,
    0x00, 0x00, 0x01, 0xFC, 0x0F, 0xC0, 0x00, 0x00, 0x00, 0x00, 0x0F, 0xC0, 0x3F, 0x00, 0x00, 0x00,
    0x00, 0x00, 0xBE, 0x01, 0xF8, 0x00, 0x00, 0x00, 0x00, 0x07, 0xF0, 0x0B, 0xFA, 0xAA, 0xA0, 0x00,
    0x00, 0x3F, 0x40, 0x2F, 0xFF, 0xFF, 0xC0, 0x00, 0x02, 0xF8, 0x00, 0xFF, 0xFF, 0xFE, 0x00, 0x00,
    0x0F, 0xC0, 0x03, 0xF0, 0x00, 0x00, 0x00, 0x00, 0xFF, 0xFF, 0xFF, 0x80, 0x00, 0x00, 0x00, 0x07,
    0xFF, 0xFF, 0xFD, 0x00, 0x00, 0x00, 0x00, 0x3F, 0xAA, 0xAB, 0xF4, 0x00, 0x00, 0x00, 0x03, 0xF8,
    0x00, 0x0F, 0xC0, 0x00, 0x00, 0x00, 0x1F, 0xC0, 0x00, 0x3F, 0x00, 0x00, 0x00, 0x00, 0xFD, 0x00,
    0x01, 0xF8, 0x00, 0x00, 0x00, 0x0B, 0xE0, 0x00, 0x0B, 0xD0, 0x00, 0x00, 0x00, 0x7F, 0x00, 0x00,
    0x3F, 0xAA, 0xAA, 0x80, 0x03, 0xF4, 0x00, 0x00, 0xFF, 0xFF, 0xFF, 0x00, 0x2F, 0xC0, 0x00, 0x03,
    0xFF, 0xFF, 0xFC, 0x00, 0x00, 0x00, 0x00, 0x00, 0x00, 0x00, 0x00, 0x00, 0xBF, 0xD0, 0xB0, 0xBF,
    0xE0, 0x00, 0x7F, 0xFF, 0x4F, 0x7F, 0xFF, 0xC0, 0x0F, 0xF5, 0x7E, 0xFF, 0xD5, 0xFD, 0x03, 0xF8,
    0x01, 0xFF, 0xE0, 0x07, 0xE0, 0xBF, 0x00, 0x0F, 0xF8, 0x00, 0x7E, 0x0F, 0xC0, 0x00, 0xFF, 0x00,
    0x0B, 0xD1, 0xF8, 0x00, 0x0F, 0xD0, 0x01, 0xFC, 0x3F, 0x40, 0x00, 0xFC, 0x06, 0xFF, 0x03, 0xF0,
    0x00, 0x0F, 0xFF, 0xFF, 0xC0, 0x3F, 0x00, 0x01, 0xFF, 0xFF, 0x90, 0x07, 0xE0, 0x00, 0x2F, 0x90,
    0x00, 0x00, 0x7E, 0x00, 0x03, 0xF4, 0x00, 0x00, 0x07, 0xE0, 0x00, 0xBF, 0x80, 0x00, 0x00, 0x7E,
    0x00, 0x1F, 0xFC, 0x00, 0x00, 0x03, 0xF0, 0x07, 0xFF, 0xD0, 0x00, 0x00, 0x3F, 0x82, 0xF7, 0xFF,
    0x80, 0x6D, 0x01, 0xFF, 0xFC, 0x7E, 0xFF, 0xFF, 0xD0, 0x07, 0xFE, 0x07, 0x87, 0xFF, 0xF4, 0x00,
    0x05, 0x00, 0x00, 0x01, 0x40, 0x00, 0x00, 0x01, 0xA0, 0x02, 0xA0, 0x00, 0x1F, 0x00, 0x3E, 0x00,
    0x01, 0xFD, 0x5F, 0xC0, 0x00, 0x0B, 0xFF, 0xF0, 0x00, 0x00, 0x1B, 0xE4, 0x00, 0x00, 0x00, 0x00,
    0x00, 0x00, 0x00, 0x00, 0x00, 0x00, 0x02, 0xFF, 0xFF, 0xFD, 0x00, 0x3F, 0xFF, 0xFF, 0xC0, 0x03,
    0xFF, 0xFF, 0xFC, 0x00, 0x7E, 0x00, 0x00, 0x00, 0x0B, 0xD0, 0x00, 0x00, 0x00, 0xBC, 0x00, 0x00,
    0x00, 0x0F, 0xC0, 0x00, 0x00, 0x00, 0xFC, 0x00, 0x00, 0x00, 0x1F, 0x80, 0x00, 0x00, 0x02, 0xF4,
    0x00, 0x00, 0x00, 0x3F, 0xEA, 0xAA, 0x40, 0x03, 0xFF, 0xFF, 0xF4, 0x00, 0x3F, 0xFF, 0xFF, 0x40,
    0x07, 0xE0, 0x00, 0x00, 0x00, 0xBD, 0x00, 0x00, 0x00, 0x0F, 0xC0, 0x00, 0x00, 0x00, 0xFC, 0x00,
    0x00, 0x00, 0x1F, 0x80, 0x00, 0x00, 0x01, 0xF4, 0x00, 0x00, 0x00, 0x2F, 0x40, 0x00, 0x00, 0x03,
    0xF0, 0x00, 0x00, 0x00, 0x3F, 0xAA, 0xAA, 0x80, 0x07, 0xFF, 0xFF, 0xFC, 0x00, 0xBF, 0xFF, 0xFF,
    0x80, 0x00, 0x00, 0x0F, 0x80, 0x1F, 0x40, 0x03, 0xE0, 0x0B, 0xC0, 0x00, 0xBD, 0x0B, 0xD0, 0x00,
    0x0F, 0xFF, 0xE0, 0x00, 0x00, 0xAE, 0x80, 0x00, 0x00, 0x00, 0x00, 0x00, 0x00, 0x00, 0x00, 0x00,
    0x00, 0x2F, 0xFE, 0x00, 0x00, 0x3F, 0xFF, 0xF0, 0x00, 0x3F, 0xD5, 0xFD, 0x00, 0x3F, 0x80, 0x1F,
    0x80, 0x2F, 0x80, 0x07, 0xE0, 0x0F, 0xC0, 0x02, 0xF4, 0x07, 0xE0, 0x01, 0xFC, 0x03, 0xF4, 0x1B,
    0xFD, 0x00, 0xFF, 0xFF, 0xFC, 0x00, 0x3F, 0xFF, 0xE4, 0x00, 0x1F, 0x90, 0x00, 0x00, 0x07, 0xE0,
    0x00, 0x00, 0x01, 0xF8, 0x00, 0x00, 0x00, 0x3F, 0x00, 0x00, 0x00, 0x0F, 0xD0, 0x00, 0x00, 0x01,
    0xFE, 0x01, 0xB4, 0x00, 0x2F, 0xFF, 0xFD, 0x00, 0x01, 0xFF, 0xFD, 0x00, 0x00, 0x01, 0x40, 0x00,
    0x00, 0x00, 0x00, 0x00, 0x00, 0x00, 0x00, 0x0B, 0xFF, 0xF9, 0x00, 0x00, 0xBF, 0xFF, 0xFF, 0x80,
    0x00, 0xFF, 0xA5, 0xBF, 0xF0, 0x00, 0xA0, 0x00, 0x0B, 0xF8, 0x00, 0x00, 0x00, 0x02, 0xFC, 0x00,
    0x00, 0x00, 0x00, 0xFD, 0x00, 0x00, 0x00, 0x00, 0xBE, 0x00, 0x00, 0x00, 0x00, 0x7F, 0x00, 0x00,
    0x00, 0x00, 0x3F, 0x00, 0x00, 0x00, 0x00, 0x3F, 0x00, 0x00, 0x00, 0x00, 0x7F, 0x00, 0x01, 0xAF,
    0xFF, 0xFE, 0x00, 0x7F, 0xFF, 0xFF, 0xFE, 0x03, 0xFF, 0xFE, 0xAA, 0xFD, 0x0F, 0xF9, 0x00, 0x00,
    0xFC, 0x3F, 0xC0, 0x00, 0x02, 0xF8, 0x7F, 0x00, 0x00, 0x03, 0xF4, 0xBE, 0x00, 0x00, 0x0B, 0xF0,
    0xBE, 0x00, 0x00, 0x1F, 0xC0, 0xBE, 0x00, 0x00, 0x7F, 0x80, 0x7F, 0x00, 0x02, 0xFE, 0x00, 0x3F,
    0xE5, 0x6F, 0xF8, 0x00, 0x1F, 0xFF, 0xFF, 0xD0, 0x00, 0x02, 0xFF, 0xFD, 0x00, 0x00, 0x00, 0x05,
    0x40, 0x00, 0x00, 0x00, 0x00, 0x00, 0x00, 0x01, 0xFF, 0xF8, 0x00, 0x3F, 0xFF, 0xFC, 0x00, 0xF9,
    0x57, 0xFC, 0x01, 0x00, 0x03, 0xF4, 0x00, 0x00, 0x07, 0xE0, 0x00, 0x00, 0x0F, 0xC0, 0x00, 0x00,
    0x3F, 0x00, 0x00, 0x01, 0xFC, 0x00, 0x6F, 0xFF, 0xE0, 0x1F, 0xFF, 0xFF, 0x82, 0xFF, 0x95, 0xFD,
    0x1F, 0xD0, 0x03, 0xF0, 0xFC, 0x00, 0x1F, 0x83, 0xE0, 0x00, 0xFC, 0x0F, 0xC0, 0x0F, 0xD0, 0x3F,
    0x81, 0xFE, 0x00, 0x7F, 0xFF, 0xE0, 0x00, 0x7F, 0xFD, 0x00, 0x00, 0x05, 0x00, 0x00, 0x00, 0x00,
    0x04, 0x00, 0x40, 0x00, 0x00, 0x3E, 0x03, 0xE0, 0x00, 0x00, 0x7E, 0x07, 0xE0, 0x00, 0x00, 0x3C,
    0x03, 0xC0, 0x00, 0x00, 0x00, 0x00, 0x00, 0x00, 0x00, 0x00, 0x00, 0x00, 0x00, 0x00, 0x00, 0x00,
    0x00, 0x00, 0x0B, 0xFF, 0xF9, 0x00, 0x00, 0xBF, 0xFF, 0xFF, 0x80, 0x00, 0xFF, 0xA5, 0xBF, 0xF0,
    0x00, 0xA0, 0x00, 0x0B, 0xF8, 0x00, 0x00, 0x00, 0x02, 0xFC, 0x00, 0x00, 0x00, 0x00, 0xFD, 0x00,
    0x00, 0x00, 0x00, 0xBE, 0x00, 0x00, 0x00, 0x00, 0x7F, 0x00, 0x00, 0x00, 0x00, 0x3F, 0x00, 0x00,
    0x00, 0x00, 0x3F, 0x00, 0x00, 0x00, 0x00, 0x7F, 0x00, 0x01, 0xAF, 0xFF, 0xFE, 0x00, 0x7F, 0xFF,
    0xFF, 0xFE, 0x03, 0xFF, 0xFE, 0xAA, 0xFD, 0x0F, 0xF9, 0x00, 0x00, 0xFC, 0x3F, 0xC0, 0x00, 0x02,
    0xF8, 0x7F, 0x00, 0x00, 0x03, 0xF4, 0xBE, 0x00, 0x00, 0x0B, 0xF0, 0xBE, 0x00, 0x00, 0x1F, 0xC0,
    0xBE, 0x00, 0x00, 0x7F, 0x80, 0x7F, 0x00, 0x02, 0xFE, 0x00, 0x3F, 0xE5, 0x6F, 0xF8, 0x00, 0x1F,
    0xFF, 0xFF, 0xD0, 0x00, 0x02, 0xFF, 0xFD, 0x00, 0x00, 0x00, 0x05, 0x40, 0x00, 0x00, 0x00, 0x01,
    0x00, 0x10, 0x00, 0x0B, 0xC0, 0xBC, 0x00, 0x0F, 0xC0, 0xFC, 0x00, 0x07, 0x80, 0x78, 0x00, 0x00,
    0x00, 0x00, 0x00, 0x00, 0x00, 0x00, 0x00, 0x00, 0x00, 0x00, 0x00, 0x7F, 0xFE, 0x00, 0x03, 0xFF,
    0xFF, 0xC0, 0x03, 0xE5, 0x5F, 0xF0, 0x01, 0x00, 0x03, 0xF4, 0x00, 0x00, 0x01, 0xF8, 0x00, 0x00,
    0x00, 0xFC, 0x00, 0x00, 0x00, 0xFC, 0x00, 0x00, 0x01, 0xFC, 0x00, 0x1B, 0xFF, 0xF8, 0x01, 0xFF,
    0xFF, 0xF8, 0x0B, 0xFE, 0x57, 0xF4, 0x1F, 0xD0, 0x03, 0xF0, 0x3F, 0x00, 0x07, 0xE0, 0x3E, 0x00,
    0x0F, 0xC0, 0x3F, 0x00, 0x3F, 0x40, 0x3F, 0x81, 0xFE, 0x00, 0x1F, 0xFF, 0xF8, 0x00, 0x07, 0xFF,
    0xD0, 0x00, 0x00, 0x14, 0x00, 0x00, 0x00, 0x00, 0x00, 0x00, 0x40, 0x04, 0x00, 0x00, 0x00, 0x00,
    0x00, 0x02, 0xF0, 0x2F, 0x00, 0x00, 0x00, 0x00, 0x00, 0x03, 0xF0, 0x3F, 0x00, 0x00, 0x00, 0x00,
    0x00, 0x02, 0xD0, 0x2D, 0x00, 0x00, 0x00, 0x00, 0x00, 0x00, 0x00, 0x00, 0x00, 0x00, 0x00, 0x00,
    0x00, 0x00, 0x00, 0x00, 0x00, 0x00, 0x00, 0x00, 0x00, 0x00, 0x00, 0x00, 0x00, 0x00, 0x00, 0x03,
    0xD0, 0x00, 0x2F, 0x00, 0x00, 0xFD, 0x00, 0x03, 0xF0, 0x00, 0x3F, 0x00, 0x03, 0xF8, 0x00, 0x01,
    0xF4, 0x00, 0x3F, 0x00, 0x0B, 0xE0, 0x00, 0x00, 0xFC, 0x00, 0x7E, 0x00, 0x2F, 0xC0, 0x00, 0x00,
    0xBC, 0x00, 0xBD, 0x00, 0x7F, 0x00, 0x00, 0x00, 0x3E, 0x00, 0xFC, 0x01, 0xFC, 0x00, 0x00, 0x00,
    0x2F, 0x00, 0xFC, 0x03, 0xF4, 0x00, 0x00, 0x00, 0x1F, 0x80, 0xF8, 0x0F, 0xD0, 0x00, 0x00, 0x00,
    0x0F, 0xC1, 0xF8, 0x3F, 0x80, 0x00, 0x00, 0x00, 0x07, 0xD2, 0xF4, 0xBE, 0x00, 0x00, 0x00, 0x00,
    0x03, 0xFF, 0xFF, 0xFC, 0x00, 0x00, 0x00, 0x00, 0x03, 0xFF, 0xFF, 0xF0, 0x00, 0x00, 0x00, 0x00,
    0x0F, 0xFF, 0xFF, 0xF0, 0x00, 0x00, 0x00, 0x00, 0x3F, 0x87, 0xD2, 0xF4, 0x00, 0x00, 0x00, 0x00,
    0xBF, 0x0B, 0xC0, 0xFC, 0x00, 0x00, 0x00, 0x02, 0xFC, 0x0F, 0xC0, 0xFC, 0x00, 0x00, 0x00, 0x07,
    0xF0, 0x0F, 0xC0, 0x7E, 0x00, 0x00, 0x00, 0x0F, 0xD0, 0x1F, 0x80, 0x3F, 0x00, 0x00, 0x00, 0x3F,
    0x40, 0x2F, 0x40, 0x2F, 0x40, 0x00, 0x00, 0xFE, 0x00, 0x2F, 0x00, 0x0F, 0xC0, 0x00, 0x02, 0xFC,
    0x00, 0x3F, 0x00, 0x0F, 0xC0, 0x00, 0x0B, 0xF0, 0x00, 0x3E, 0x00, 0x07, 0xE0, 0x00, 0x1F, 0xC0,
    0x00, 0x7E, 0x00, 0x03, 0xF0, 0x00, 0x7F, 0x40, 0x00, 0xBD, 0x00, 0x02, 0xF4, 0x00, 0x00, 0x00,
    0x00, 0x01, 0x00, 0x10, 0x00, 0x00, 0x00, 0x00, 0x00, 0x3E, 0x03, 0xE0, 0x00, 0x00, 0x00, 0x00,
    0x01, 0xF8, 0x1F, 0x80, 0x00, 0x00, 0x00, 0x00, 0x03, 0xC0, 0x3C, 0x00, 0x00, 0x00, 0x00, 0x00,
    0x00, 0x00, 0x00, 0x00, 0x00, 0x00, 0x00, 0x00, 0x00, 0x00, 0x00, 0x00, 0x00, 0x00, 0x00, 0x00,
    0x00, 0x00, 0x00, 0x00, 0x00, 0x3F, 0xE0, 0x00, 0x3E, 0x00, 0x07, 0xFD, 0x00, 0xFF, 0xE0, 0x00,
    0xF8, 0x00, 0xFF, 0xF4, 0x01, 0x5F, 0xD0, 0x07, 0xD0, 0x0F, 0xF5, 0x80, 0x00, 0x1F, 0xC0, 0x2F,
    0x00, 0xBE, 0x00, 0x00, 0x00, 0x3F, 0x00, 0xFC, 0x03, 0xF0, 0x00, 0x00, 0x00, 0xBC, 0x03, 0xF0,
    0x2F, 0x00, 0x00, 0x00, 0x02, 0xF0, 0x0F, 0x80, 0xFC, 0x00, 0x00, 0x00, 0x0B, 0xD0, 0x7D, 0x07,
    0xE0, 0x00, 0x00, 0x00, 0x3F, 0xFF, 0xFF, 0xFF, 0x40, 0x00, 0x00, 0x00, 0xFF, 0xFF, 0xFF, 0xFC,
    0x00, 0x00, 0x00, 0x03, 0xE5, 0x7F, 0x57, 0xF0, 0x00, 0x00, 0x00, 0x2F, 0x41, 0xF8, 0x0F, 0xC0,
    0x00, 0x00, 0x00, 0xFC, 0x07, 0xD0, 0x3F, 0x00, 0x00, 0x00, 0x07, 0xE0, 0x2F, 0x00, 0xFC, 0x00,
    0x00, 0x00, 0x3F, 0x00, 0xFC, 0x02, 0xF4, 0x00, 0x01, 0x07, 0xF4, 0x03, 0xE0, 0x07, 0xF4, 0x00,
    0x0F, 0xFF, 0x40, 0x1F, 0x40, 0x0B, 0xFF, 0x40, 0x7F, 0xF4, 0x00, 0xBC, 0x00, 0x0B, 0xFD, 0x00,
    0x14, 0x00, 0x00, 0x00, 0x00, 0x01, 0x40, 0x00, 0x00, 0x00, 0x04, 0x00, 0x40, 0x00, 0x00, 0xF4,
    0x0F, 0x40, 0x00, 0x0B, 0xE0, 0xBE, 0x00, 0x00, 0x0F, 0x00, 0xF0, 0x00, 0x00, 0x00, 0x00, 0x00,
    0x00, 0x00, 0x00, 0x00, 0x00, 0x00, 0x00, 0x00, 0x00, 0x00, 0x06, 0xFF, 0xFD, 0x00, 0x00, 0x3F,
    0xFF, 0xFF, 0x00, 0x00, 0xFE, 0x5B, 0xFF, 0x00, 0x00, 0x00, 0x01, 0xFD, 0x00, 0x00, 0x00, 0x02,
    0xF8, 0x00, 0x00, 0x00, 0x07, 0xE0, 0x00, 0x00, 0x00, 0x1F, 0x80, 0x00, 0x00, 0x00, 0xBD, 0x00,
    0x00, 0x00, 0x03, 0xF0, 0x00, 0x00, 0x00, 0x7F, 0x00, 0x00, 0x2A, 0xAF, 0xF0, 0x00, 0x01, 0xFF,
    0xF9, 0x00, 0x00, 0x0B, 0xFF, 0xF8, 0x00, 0x00, 0x00, 0x02, 0xFC, 0x00, 0x00, 0x00, 0x01, 0xF8,
    0x00, 0x00, 0x00, 0x03, 0xF0, 0x00, 0x00, 0x00, 0x0F, 0xC0, 0x00, 0x00, 0x00, 0x3F, 0x00, 0x00,
    0x00, 0x01, 0xFC, 0x00, 0x00, 0x00, 0x0F, 0xE0, 0x00, 0x00, 0x00, 0xBF, 0x00, 0x7E, 0x55, 0x6F,
    0xF4, 0x01, 0xFF, 0xFF, 0xFF, 0x40, 0x02, 0xFF, 0xFF, 0xE0, 0x00, 0x00, 0x05, 0x40, 0x00, 0x00,
    0x00, 0x00, 0x00, 0x00, 0x00, 0x7C, 0x07, 0xC0, 0x02, 0xF4, 0x2F, 0x40, 0x07, 0x80, 0x78, 0x00,
    0x00, 0x00, 0x00, 0x00, 0x00, 0x00, 0x00, 0x00, 0x00, 0x00, 0x00, 0x6F, 0xFF, 0x40, 0x07, 0xFF,
    0xFF, 0x80, 0x0F, 0x95, 0xBF, 0x40, 0x00, 0x00, 0xBE, 0x00, 0x00, 0x01, 0xF8, 0x00, 0x00, 0x07,
    0xD0, 0x00, 0x00, 0x3F, 0x00, 0x01, 0x5B, 0xF4, 0x00, 0x2F, 0xFE, 0x00, 0x00, 0xFF, 0xFC, 0x00,
    0x00, 0x02, 0xFC, 0x00, 0x00, 0x02, 0xF4, 0x00, 0x00, 0x07, 0xE0, 0x00, 0x00, 0x1F, 0x40, 0x00,
    0x00, 0xFC, 0x0E, 0x40, 0x1F, 0xE0, 0x3F, 0xFF, 0xFF, 0x00, 0x7F, 0xFF, 0xD0, 0x00, 0x01, 0x50,
    0x00, 0x00, 0x00, 0x3F, 0xFF, 0xFF, 0xF0, 0x00, 0xFF, 0xFF, 0xFF, 0xC0, 0x07, 0xFF, 0xFF, 0xFE,
    0x00, 0x00, 0x00, 0x0F, 0xE0, 0x00, 0x00, 0x00, 0xFE, 0x00, 0x00, 0x00, 0x0F, 0xE0, 0x00, 0x00,
    0x00, 0xFD, 0x00, 0x00, 0x00, 0x0F, 0xD0, 0x00, 0x00, 0x00, 0xFD, 0x00, 0x00, 0x00, 0x0F, 0xD0,
    0x00, 0x00, 0x00, 0xFE, 0x00, 0x00, 0x00, 0x07, 0xFF, 0xE0, 0x00, 0x00, 0x2F, 0xFF, 0xF0, 0x00,
    0x00, 0x00, 0x1F, 0xF0, 0x00, 0x00, 0x00, 0x0F, 0xD0, 0x00, 0x00, 0x00, 0x2F, 0x80, 0x00, 0x00,
    0x00, 0xBE, 0x00, 0x00, 0x00, 0x02, 0xF8, 0x00, 0x00, 0x00, 0x0F, 0xD0, 0x00, 0x00, 0x00, 0x7F,
    0x00, 0x40, 0x00, 0x07, 0xF4, 0x03, 0xF5, 0x01, 0xFF, 0x80, 0x0F, 0xFF, 0xFF, 0xF8, 0x00, 0x0B,
    0xFF, 0xFE, 0x00, 0x00, 0x00, 0x15, 0x00, 0x00, 0x00, 0x00, 0x0F, 0xFF, 0xFF, 0xF0, 0x01, 0xFF,
    0xFF, 0xFE, 0x00, 0x1A, 0xAA, 0xAF, 0xD0, 0x00, 0x00, 0x03, 0xF4, 0x00, 0x00, 0x00, 0xBD, 0x00,
    0x00, 0x00, 0x2F, 0x40, 0x00, 0x00, 0x0B, 0xD0, 0x00, 0x00, 0x02, 0xF4, 0x00, 0x00, 0x00, 0xBE,
    0x00, 0x00, 0x00, 0x2F, 0x80, 0x00, 0x00, 0x0B, 0xF4, 0x00, 0x00, 0x00, 0xFF, 0xF4, 0x00, 0x00,
    0x0A, 0xFF, 0xE0, 0x00, 0x00, 0x00, 0x7F, 0x40, 0x00, 0x00, 0x01, 0xFC, 0x00, 0x00, 0x00, 0x0F,
    0xD0, 0x00, 0x00, 0x00, 0xBD, 0x00, 0x00, 0x00, 0x0B, 0xD0, 0x00, 0x00, 0x00, 0xBD, 0x00, 0x00,
    0x00, 0x0F, 0xC0, 0x00, 0x00, 0x00, 0xFC, 0x00, 0x00, 0x00, 0x3F, 0x40, 0x10, 0x00, 0x0F, 0xF0,
    0x03, 0xF9, 0x6B, 0xFC, 0x00, 0x3F, 0xFF, 0xFE, 0x00, 0x00, 0xBF, 0xFE, 0x00, 0x00, 0x00, 0x00,
    0x06, 0xAA, 0xA8, 0x00, 0x00, 0x00, 0x3F, 0xFF, 0xF0, 0x00, 0x00, 0x00, 0xFF, 0xFF, 0x80, 0x00,
    0x00, 0x00, 0x00, 0x00, 0x00, 0x00, 0x00, 0x00, 0x00, 0x00, 0x00, 0x00, 0xBC, 0x00, 0x00, 0x2F,
    0xC0, 0x03, 0xF0, 0x00, 0x01, 0xFF, 0x00, 0x1F, 0x80, 0x00, 0x0F, 0xF8, 0x00, 0xBD, 0x00, 0x00,
    0xFF, 0xD0, 0x02, 0xF4, 0x00, 0x0B, 0xFF, 0x00, 0x0F, 0xC0, 0x00, 0x7E, 0xFC, 0x00, 0x3F, 0x00,
    0x03, 0xF3, 0xE0, 0x01, 0xF8, 0x00, 0x3F, 0x1F, 0x80, 0x0B, 0xD0, 0x02, 0xF4, 0xBD, 0x00, 0x3F,
    0x00, 0x1F, 0x83, 0xF0, 0x00, 0xFC, 0x00, 0xF8, 0x0F, 0xC0, 0x03, 0xF0, 0x0F, 0xC0, 0x7E, 0x00,
    0x1F, 0x80, 0xBC, 0x02, 0xF4, 0x00, 0xBD, 0x07, 0xD0, 0x0B, 0xC0, 0x03, 0xF0, 0x3E, 0x00, 0x3F,
    0x00, 0x0F, 0xC3, 0xF0, 0x00, 0xFC, 0x00, 0x7E, 0x2F, 0x00, 0x07, 0xE0, 0x02, 0xF5, 0xF4, 0x00,
    0x2F, 0x40, 0x0B, 0xDF, 0x80, 0x00, 0xFC, 0x00, 0x3F, 0xFC, 0x00, 0x03, 0xF0, 0x00, 0xFF, 0xC0,
    0x00, 0x1F, 0x80, 0x07, 0xFD, 0x00, 0x00, 0x7E, 0x00, 0x2F, 0xE0, 0x00, 0x02, 0xF4, 0x00, 0xFF,
    0x00, 0x00, 0x0F, 0xC0, 0x00, 0x00, 0x02, 0xAA, 0xA9, 0x00, 0x00, 0x7F, 0xFF, 0xE0, 0x00, 0x07,
    0xFF, 0xFD, 0x00, 0x00, 0x00, 0x00, 0x00, 0x00, 0x00, 0x00, 0x00, 0x00, 0x1F, 0x40, 0x00, 0xBC,
    0x03, 0xF0, 0x00, 0x0F, 0xC0, 0x3F, 0x00, 0x00, 0xFC, 0x03, 0xF0, 0x00, 0x1F, 0x80, 0x7E, 0x00,
    0x01, 0xF4, 0x0B, 0xD0, 0x00, 0x2F, 0x00, 0xFC, 0x00, 0x03, 0xF0, 0x0F, 0xC0, 0x00, 0x3F, 0x01,
    0xF8, 0x00, 0x07, 0xE0, 0x1F, 0x40, 0x00, 0xBD, 0x02, 0xF4, 0x00, 0x0F, 0xC0, 0x3F, 0x00, 0x01,
    0xFC, 0x03, 0xF0, 0x00, 0x3F, 0x80, 0x3F, 0x00, 0x0B, 0xF4, 0x03, 0xF0, 0x02, 0xFF, 0x40, 0x3F,
    0x81, 0xFA, 0xF0, 0x01, 0xFF, 0xFE, 0x2F, 0x00, 0x0B, 0xFF, 0x43, 0xE0, 0x00, 0x05, 0x00, 0x00,
    0x00, 0x00, 0x00, 0x01, 0x00, 0x10, 0x00, 0x00, 0x00, 0x2F, 0x02, 0xF0, 0x00, 0x00, 0x00, 0xFC,
    0x0F, 0xC0, 0x00, 0x00, 0x01, 0xE0, 0x1E, 0x00, 0x00, 0x00, 0x00, 0x00, 0x00, 0x00, 0x00, 0x00,
    0x00, 0x00, 0x00, 0x00, 0x00, 0x00, 0x00, 0x00, 0x00, 0x00, 0x0B, 0xC0, 0x00, 0x02, 0xFC, 0x00,
    0x3F, 0x00, 0x00, 0x1F, 0xF0, 0x01, 0xF8, 0x00, 0x00, 0xFF, 0x80, 0x0B, 0xD0, 0x00, 0x0F, 0xFD,
    0x00, 0x2F, 0x40, 0x00, 0xBF, 0xF0, 0x00, 0xFC, 0x00, 0x07, 0xEF, 0xC0, 0x03, 0xF0, 0x00, 0x3F,
    0x3E, 0x00, 0x1F, 0x80, 0x03, 0xF1, 0xF8, 0x00, 0xBD, 0x00, 0x2F, 0x4B, 0xD0, 0x03, 0xF0, 0x01,
    0xF8, 0x3F, 0x00, 0x0F, 0xC0, 0x0F, 0x80, 0xFC, 0x00, 0x3F, 0x00, 0xFC, 0x07, 0xE0, 0x01, 0xF8,
    0x0B, 0xC0, 0x2F, 0x40, 0x0B, 0xD0, 0x7D, 0x00, 0xBC, 0x00, 0x3F, 0x03, 0xE0, 0x03, 0xF0, 0x00,
    0xFC, 0x3F, 0x00, 0x0F, 0xC0, 0x07, 0xE2, 0xF0, 0x00, 0x7E, 0x00, 0x2F, 0x5F, 0x40, 0x02, 0xF4,
    0x00, 0xBD, 0xF8, 0x00, 0x0F, 0xC0, 0x03, 0xFF, 0xC0, 0x00, 0x3F, 0x00, 0x0F, 0xFC, 0x00, 0x01,
    0xF8, 0x00, 0x7F, 0xD0, 0x00, 0x07, 0xE0, 0x02, 0xFE, 0x00, 0x00, 0x2F, 0x40, 0x0F, 0xF0, 0x00,
    0x00, 0xFC, 0x00, 0x00, 0x00, 0x00, 0x40, 0x04, 0x00, 0x00, 0x3F, 0x03, 0xF0, 0x00, 0x03, 0xF0,
    0x3F, 0x00, 0x00, 0x2D, 0x02, 0xD0, 0x00, 0x00, 0x00, 0x00, 0x00, 0x00, 0x00, 0x00, 0x00, 0x00,
    0x00, 0x00, 0x00, 0x00, 0x1F, 0x40, 0x00, 0xBC, 0x03, 0xF0, 0x00, 0x0F, 0xC0, 0x3F, 0x00, 0x00,
    0xFC, 0x03, 0xF0, 0x00, 0x1F, 0x80, 0x7E, 0x00, 0x01, 0xF4, 0x0B, 0xD0, 0x00, 0x2F, 0x00, 0xFC,
    0x00, 0x03, 0xF0, 0x0F, 0xC0, 0x00, 0x3F, 0x01, 0xF8, 0x00, 0x07, 0xE0, 0x1F, 0x40, 0x00, 0xBD,
    0x02, 0xF4, 0x00, 0x0F, 0xC0, 0x3F, 0x00, 0x01, 0xFC, 0x03, 0xF0, 0x00, 0x3F, 0x80, 0x3F, 0x00,
    0x0B, 0xF4, 0x03, 0xF0, 0x02, 0xFF, 0x40, 0x3F, 0x81, 0xFA, 0xF0, 0x01, 0xFF, 0xFE, 0x2F, 0x00,
    0x0B, 0xFF, 0x43, 0xE0, 0x00, 0x05, 0x00, 0x00, 0x00, 0x00, 0x00, 0x01, 0x00, 0x10, 0x00, 0x00,
    0x03, 0xE0, 0x3D, 0x00, 0x00, 0x01, 0xF8, 0x1F, 0x80, 0x00, 0x00, 0x3C, 0x03, 0xC0, 0x00, 0x00,
    0x00, 0x00, 0x00, 0x00, 0x00, 0x00, 0x00, 0x00, 0x00, 0x00, 0x00, 0x00, 0x00, 0x00, 0x00, 0x01,
    0xFF, 0xF9, 0x00, 0x00, 0x07, 0xFF, 0xFF, 0xE0, 0x00, 0x0B, 0xFE, 0x9B, 0xFF, 0x00, 0x0B, 0xF8,
    0x00, 0x1F, 0xE0, 0x07, 0xF4, 0x00, 0x01, 0xFC, 0x03, 0xF4, 0x00, 0x00, 0x3F, 0x42, 0xF8, 0x00,
    0x00, 0x0B, 0xE0, 0xFC, 0x00, 0x00, 0x01, 0xFC, 0xBE, 0x00, 0x00, 0x00, 0x3F, 0x3F, 0x40, 0x00,
    0x00, 0x0F, 0xCF, 0xC0, 0x00, 0x00, 0x03, 0xF7, 0xF0, 0x00, 0x00, 0x01, 0xFD, 0xF8, 0x00, 0x00,
    0x00, 0x7F, 0xBE, 0x00, 0x00, 0x00, 0x2F, 0xAF, 0x80, 0x00, 0x00, 0x0F, 0xDB, 0xE0, 0x00, 0x00,
    0x07, 0xF2, 0xF8, 0x00, 0x00, 0x02, 0xFC, 0x7F, 0x00, 0x00, 0x00, 0xFD, 0x0F, 0xC0, 0x00, 0x00,
    0xFF, 0x03, 0xFC, 0x00, 0x00, 0xBF, 0x00, 0x7F, 0x80, 0x00, 0xFF, 0x40, 0x0B, 0xFE, 0x56, 0xFF,
    0x80, 0x00, 0xBF, 0xFF, 0xFF, 0x40, 0x00, 0x02, 0xFF, 0xFD, 0x00, 0x00, 0x00, 0x01, 0x50, 0x00,
    0x00, 0x00, 0x01, 0x00, 0x10, 0x00, 0x02, 0xF0, 0x2F, 0x00, 0x00, 0xFC, 0x0F, 0xC0, 0x00, 0x2E,
    0x02, 0xD0, 0x00, 0x00, 0x00, 0x00, 0x00, 0x00, 0x00, 0x00, 0x00, 0x00, 0x00, 0x00, 0x00, 0x00,
    0x1F, 0xFE, 0x00, 0x00, 0x7F, 0xFF, 0xF0, 0x00, 0x7F, 0xD5, 0xFF, 0x00, 0x3F, 0x80, 0x0B, 0xE0,
    0x2F, 0x80, 0x00, 0xFC, 0x0F, 0xC0, 0x00, 0x3F, 0x0B, 0xD0, 0x00, 0x0F, 0xC3, 0xF0, 0x00, 0x03,
    0xF0, 0xFC, 0x00, 0x00, 0xFC, 0x7E, 0x00, 0x00, 0x3F, 0x1F, 0x80, 0x00, 0x1F, 0x87, 0xE0, 0x00,
    0x0B, 0xD1, 0xF8, 0x00, 0x03, 0xF0, 0x3F, 0x00, 0x02, 0xF8, 0x0F, 0xD0, 0x01, 0xFC, 0x01, 0xFE,
    0x46, 0xFD, 0x00, 0x2F, 0xFF, 0xFD, 0x00, 0x01, 0xFF, 0xF8, 0x00, 0x00, 0x00, 0x40, 0x00, 0x00,
    0x00, 0x00, 0x00, 0x00, 0x00, 0x00, 0x00, 0x1F, 0xFF, 0x90, 0x00, 0x00, 0x7F, 0xFF, 0xFE, 0x00,
    0x00, 0xBF, 0xE9, 0xBF, 0xF0, 0x00, 0xBF, 0x80, 0x01, 0xFE, 0x00, 0x7F, 0x40, 0x00, 0x1F, 0xC0,
    0x3F, 0x40, 0x00, 0x03, 0xF4, 0x2F, 0x80, 0x00, 0x00, 0xBE, 0x0F, 0xC0, 0x00, 0x00, 0x1F, 0xCB,
    0xE0, 0x00, 0x00, 0x03, 0xF3, 0xF4, 0x00, 0x00, 0x00, 0xFC, 0xFE, 0x55, 0x55, 0x55, 0xBF, 0x7F,
    0xFF, 0xFF, 0xFF, 0xFF, 0xDF, 0xFF, 0xFF, 0xFF, 0xFF, 0xFB, 0xE0, 0x00, 0x00, 0x02, 0xFA, 0xF8,
    0x00, 0x00, 0x00, 0xFD, 0xBE, 0x00, 0x00, 0x00, 0x7F, 0x2F, 0x80, 0x00, 0x00, 0x2F, 0xC7, 0xF0,
    0x00, 0x00, 0x0F, 0xD0, 0xFC, 0x00, 0x00, 0x0F, 0xF0, 0x3F, 0xC0, 0x00, 0x0B, 0xF0, 0x07, 0xF8,
    0x00, 0x0F, 0xF4, 0x00, 0xBF, 0xE5, 0x6F, 0xF8, 0x00, 0x0B, 0xFF, 0xFF, 0xF4, 0x00, 0x00, 0x2F,
    0xFF, 0xD0, 0x00, 0x00, 0x00, 0x15, 0x00, 0x00, 0x00, 0x00, 0x00, 0x00, 0x00, 0x00, 0x01, 0xFF,
    0xE0, 0x00, 0x07, 0xFF, 0xFF, 0x40, 0x07, 0xFD, 0x5F, 0xF0, 0x03, 0xF8, 0x00, 0xBE, 0x02, 0xF8,
    0x00, 0x0F, 0xC0, 0xFC, 0x00, 0x03, 0xF0, 0xBE, 0x00, 0x00, 0xBD, 0x3F, 0x95, 0x55, 0x7F, 0x0F,
    0xFF, 0xFF, 0xFF, 0xC7, 0xFF, 0xFF, 0xFF, 0xF1, 0xF8, 0x00, 0x01, 0xF8, 0x7E, 0x00, 0x00, 0xBD,
    0x1F, 0x80, 0x00, 0x3F, 0x03, 0xF0, 0x00, 0x2F, 0x80, 0xFD, 0x00, 0x1F, 0xC0, 0x1F, 0xE0, 0x6F,
    0xC0, 0x01, 0xFF, 0xFF, 0xD0, 0x00, 0x1F, 0xFF, 0x80, 0x00, 0x00, 0x04, 0x00, 0x00, 0x00, 0x00,
    0x04, 0x00, 0x40, 0x00, 0x00, 0x0F, 0x80, 0xF8, 0x00, 0x00, 0x07, 0xE0, 0x7E, 0x00, 0x00, 0x00,
    0xF0, 0x0F, 0x00, 0x00, 0x00, 0x00, 0x00, 0x00, 0x00, 0x00, 0x00, 0x00, 0x00, 0x00, 0x00, 0x00,
    0x00, 0x00, 0x00, 0x00, 0x01, 0xFF, 0xF9, 0x00, 0x00, 0x07, 0xFF, 0xFF, 0xE0, 0x00, 0x0B, 0xFE,
    0x9B, 0xFF, 0x00, 0x0B, 0xF8, 0x00, 0x1F, 0xE0, 0x07, 0xF4, 0x00, 0x01, 0xFC, 0x03, 0xF4, 0x00,
    0x00, 0x3F, 0x42, 0xF8, 0x00, 0x00, 0x0B, 0xE0, 0xFC, 0x00, 0x00, 0x01, 0xFC, 0xBE, 0x00, 0x00,
    0x00, 0x3F, 0x3F, 0x40, 0x00, 0x00, 0x0F, 0xCF, 0xE5, 0x55, 0x55, 0x5B, 0xF7, 0xFF, 0xFF, 0xFF,
    0xFF, 0xFD, 0xFF, 0xFF, 0xFF, 0xFF, 0xFF, 0xBE, 0x00, 0x00, 0x00, 0x2F, 0xAF, 0x80, 0x00, 0x00,
    0x0F, 0xDB, 0xE0, 0x00, 0x00, 0x07, 0xF2, 0xF8, 0x00, 0x00, 0x02, 0xFC, 0x7F, 0x00, 0x00, 0x00,
    0xFD, 0x0F, 0xC0, 0x00, 0x00, 0xFF, 0x03, 0xFC, 0x00, 0x00, 0xBF, 0x00, 0x7F, 0x80, 0x00, 0xFF,
    0x40, 0x0B, 0xFE, 0x56, 0xFF, 0x80, 0x00, 0xBF, 0xFF, 0xFF, 0x40, 0x00, 0x02, 0xFF, 0xFD, 0x00,
    0x00, 0x00, 0x01, 0x50, 0x00, 0x00, 0x00, 0x01, 0x00, 0x10, 0x00, 0x03, 0xF0, 0x3F, 0x00, 0x00,
    0xFC, 0x0F, 0xC0, 0x00, 0x2D, 0x02, 0xD0, 0x00, 0x00, 0x00, 0x00, 0x00, 0x00, 0x00, 0x00, 0x00,
    0x00, 0x00, 0x00, 0x00, 0x00, 0x1F, 0xFE, 0x00, 0x00, 0x7F, 0xFF, 0xF4, 0x00, 0x7F, 0xD5, 0xFF,
    0x00, 0x3F, 0x80, 0x0B, 0xE0, 0x2F, 0x80, 0x00, 0xFC, 0x0F, 0xC0, 0x00, 0x3F, 0x0B, 0xE0, 0x00,
    0x0B, 0xD3, 0xF9, 0x55, 0x57, 0xF0, 0xFF, 0xFF, 0xFF, 0xFC, 0x7F, 0xFF, 0xFF, 0xFF, 0x1F, 0x80,
    0x00, 0x1F, 0x87, 0xE0, 0x00, 0x0B, 0xD1, 0xF8, 0x00, 0x03, 0xF0, 0x3F, 0x00, 0x02, 0xF8, 0x0F,
    0xD0, 0x01, 0xFC, 0x01, 0xFE, 0x06, 0xFC, 0x00, 0x1F, 0xFF, 0xFD, 0x00, 0x01, 0xFF, 0xF8, 0x00,
    0x00, 0x00, 0x40, 0x00, 0x00, 0x00, 0x00, 0x40, 0x04, 0x00, 0x00, 0x02, 0xF0, 0x2F, 0x00, 0x00,
    0x03, 0xF0, 0x3F, 0x00, 0x00, 0x01, 0xE0, 0x1E, 0x00, 0x00, 0x00, 0x00, 0x00, 0x00, 0x00, 0x00,
    0x00, 0x00, 0x00, 0x00, 0x00, 0x00, 0x00, 0x00, 0x00, 0x6F, 0xFF, 0xE4, 0x00, 0x00, 0xFF, 0xFF,
    0xFE, 0x00, 0x00, 0xFE, 0x96, 0xFF, 0x80, 0x00, 0x00, 0x00, 0x1F, 0xD0, 0x00, 0x00, 0x00, 0x07,
    0xF0, 0x00, 0x00, 0x00, 0x03, 0xF4, 0x00, 0x00, 0x00, 0x02, 0xF4, 0x00, 0x00, 0x00, 0x01, 0xF8,
    0x00, 0x00, 0x00, 0x01, 0xF8, 0x00, 0x00, 0x00, 0x01, 0xF8, 0x00, 0x0A, 0xAA, 0xAB, 0xF8, 0x00,
    0x1F, 0xFF, 0xFF, 0xF4, 0x00, 0x2F, 0xFF, 0xFF, 0xF4, 0x00, 0x00, 0x00, 0x03, 0xF0, 0x00, 0x00,
    0x00, 0x07, 0xF0, 0x00, 0x00, 0x00, 0x0B, 0xE0, 0x00, 0x00, 0x00, 0x0F, 0xC0, 0x00, 0x00, 0x00,
    0x2F, 0xC0, 0x00, 0x00, 0x00, 0x3F, 0x40, 0x00, 0x00, 0x00, 0xFE, 0x00, 0x00, 0x00, 0x07, 0xFC,
    0x00, 0x7A, 0x55, 0xBF, 0xF0, 0x00, 0x7F, 0xFF, 0xFF, 0x80, 0x00, 0x3F, 0xFF, 0xF8, 0x00, 0x00,
    0x00, 0x55, 0x00, 0x00, 0x00, 0x00, 0x04, 0x00, 0x40, 0x00, 0xF8, 0x0F, 0x80, 0x07, 0xE0, 0x7E,
    0x00, 0x0F, 0x00, 0xF0, 0x00, 0x00, 0x00, 0x00, 0x00, 0x00, 0x00, 0x00, 0x00, 0x00, 0x00, 0x00,
    0x6F, 0xFE, 0x00, 0x07, 0xFF, 0xFF, 0x40, 0x0F, 0x96, 0xFF, 0x00, 0x00, 0x00, 0xFE, 0x00, 0x00,
    0x00, 0xFC, 0x00, 0x00, 0x03, 0xF0, 0x00, 0x00, 0x0F, 0xC0, 0x05, 0x55, 0x7F, 0x00, 0x7F, 0xFF,
    0xFC, 0x02, 0xFF, 0xFF, 0xF0, 0x00, 0x00, 0x0F, 0xC0, 0x00, 0x00, 0x7E, 0x00, 0x00, 0x02, 0xF4,
    0x00, 0x00, 0x0F, 0xC0, 0x00, 0x00, 0xFD, 0x03, 0x90, 0x6F, 0xE0, 0x0F, 0xFF, 0xFE, 0x00, 0x2F,
    0xFF, 0xD0, 0x00, 0x01, 0x40, 0x00, 0x00, 0x00, 0x00, 0x2A, 0xAA, 0x90, 0x00, 0x00, 0x07, 0xFF,
    0xFE, 0x00, 0x00, 0x00, 0x7F, 0xFF, 0xD0, 0x00, 0x00, 0x00, 0x00, 0x00, 0x00, 0x00, 0x00, 0x00,
    0x00, 0x00, 0x00, 0x1F, 0x40, 0x00, 0x00, 0xFC, 0x01, 0xF8, 0x00, 0x00, 0x2F, 0x80, 0x0F, 0xC0,
    0x00, 0x07, 0xF0, 0x00, 0xFC, 0x00, 0x00, 0xFD, 0x00, 0x0B, 0xD0, 0x00, 0x1F, 0xC0, 0x00, 0x7E,
    0x00, 0x03, 0xF0, 0x00, 0x03, 0xF0, 0x00, 0xBE, 0x00, 0x00, 0x2F, 0x00, 0x0F, 0xC0, 0x00, 0x01,
    0xF4, 0x02, 0xF4, 0x00, 0x00, 0x0F, 0x80, 0x3F, 0x00, 0x00, 0x00, 0xFC, 0x0F, 0xD0, 0x00, 0x00,
    0x0B, 0xC1, 0xF8, 0x00, 0x00, 0x00, 0x7D, 0x3F, 0x00, 0x00, 0x00, 0x03, 0xE7, 0xD0, 0x00, 0x00,
    0x00, 0x3F, 0xFC, 0x00, 0x00, 0x00, 0x02, 0xFF, 0x40, 0x00, 0x00, 0x00, 0x1F, 0xE0, 0x00, 0x00,
    0x00, 0x01, 0xFC, 0x00, 0x00, 0x00, 0x00, 0x3F, 0x80, 0x00, 0x00, 0x00, 0x0B, 0xF0, 0x00, 0x00,
    0x00, 0x02, 0xFC, 0x00, 0x00, 0x00, 0x56, 0xFF, 0x40, 0x00, 0x00, 0x0F, 0xFF, 0xD0, 0x00, 0x00,
    0x00, 0xFF, 0xE0, 0x00, 0x00, 0x00, 0x01, 0x40, 0x00, 0x00, 0x00, 0x00, 0x00, 0x00, 0x1A, 0xAA,
    0xA0, 0x00, 0x00, 0x03, 0xFF, 0xFF, 0x00, 0x00, 0x00, 0x3F, 0xFF, 0xF0, 0x00, 0x00, 0x00, 0x00,
    0x00, 0x00, 0x00, 0x00, 0x00, 0x00, 0x00, 0x00, 0x01, 0xF8, 0x00, 0x00, 0xFC, 0x00, 0x0F, 0x80,
    0x00, 0x2F, 0x40, 0x00, 0xFC, 0x00, 0x03, 0xF0, 0x00, 0x0F, 0xC0, 0x00, 0xFD, 0x00, 0x00, 0xFC,
    0x00, 0x1F, 0xC0, 0x00, 0x0B, 0xC0, 0x03, 0xF0, 0x00, 0x00, 0x7D, 0x00, 0x7E, 0x00, 0x00, 0x07,
    0xE0, 0x0F, 0xC0, 0x00, 0x00, 0x3E, 0x01, 0xF8, 0x00, 0x00, 0x03, 0xF0, 0x3F, 0x00, 0x00, 0x00,
    0x3F, 0x07, 0xE0, 0x00, 0x00, 0x02, 0xF0, 0xFC, 0x00, 0x00, 0x00, 0x2F, 0x1F, 0x40, 0x00, 0x00,
    0x01, 0xF3, 0xF0, 0x00, 0x00, 0x00, 0x1F, 0x7D, 0x00, 0x00, 0x00, 0x00, 0xFF, 0xC0, 0x00, 0x00,
    0x00, 0x0F, 0xF4, 0x00, 0x00, 0x00, 0x00, 0xFE, 0x00, 0x00, 0x00, 0x00, 0x0F, 0xC0, 0x00, 0x00,
    0x00, 0x01, 0xF8, 0x00, 0x00, 0x00, 0x00, 0x3F, 0x00, 0x00, 0x00, 0x00, 0x0B, 0xE0, 0x00, 0x00,
    0x00, 0x01, 0xFC, 0x00, 0x00, 0x00, 0x25, 0xBF, 0x00, 0x00, 0x00, 0x03, 0xFF, 0xD0, 0x00, 0x00,
    0x00, 0x3F, 0xE0, 0x00, 0x00, 0x00, 0x00, 0x00, 0x00, 0x04, 0x00, 0x40, 0x00, 0x00, 0x03, 0xF0,
    0x3F, 0x00, 0x00, 0x00, 0x3F, 0x03, 0xF0, 0x00, 0x00, 0x02, 0xD0, 0x2D, 0x00, 0x00, 0x00, 0x00,
    0x00, 0x00, 0x00, 0x00, 0x00, 0x00, 0x00, 0x00, 0x00, 0x00, 0x00, 0x00, 0x00, 0x00, 0x1F, 0x40,
    0x00, 0x00, 0xFC, 0x01, 0xF8, 0x00, 0x00, 0x2F, 0x80, 0x0F, 0xC0, 0x00, 0x07, 0xF0, 0x00, 0xFC,
    0x00, 0x00, 0xFD, 0x00, 0x0B, 0xD0, 0x00, 0x1F, 0xC0, 0x00, 0x7E, 0x00, 0x03, 0xF0, 0x00, 0x03,
    0xF0, 0x00, 0xBE, 0x00, 0x00, 0x2F, 0x00, 0x0F, 0xC0, 0x00, 0x01, 0xF4, 0x02, 0xF4, 0x00, 0x00,
    0x0F, 0x80, 0x3F, 0x00, 0x00, 0x00, 0xFC, 0x0F, 0xD0, 0x00, 0x00, 0x0B, 0xC1, 0xF8, 0x00, 0x00,
    0x00, 0x7D, 0x3F, 0x00, 0x00, 0x00, 0x03, 0xE7, 0xD0, 0x00, 0x00, 0x00, 0x3F, 0xFC, 0x00, 0x00,
    0x00, 0x02, 0xFF, 0x40, 0x00, 0x00, 0x00, 0x1F, 0xE0, 0x00, 0x00, 0x00, 0x01, 0xFC, 0x00, 0x00,
    0x00, 0x00, 0x3F, 0x80, 0x00, 0x00, 0x00, 0x0B, 0xF0, 0x00, 0x00, 0x00, 0x02, 0xFC, 0x00, 0x00,
    0x00, 0x56, 0xFF, 0x40, 0x00, 0x00, 0x0F, 0xFF, 0xD0, 0x00, 0x00, 0x00, 0xFF, 0xE0, 0x00, 0x00,
    0x00, 0x01, 0x40, 0x00, 0x00, 0x00, 0x00, 0x00, 0x00, 0x01, 0x00, 0x10, 0x00, 0x00, 0x01, 0xF4,
    0x1F, 0x40, 0x00, 0x00, 0x2F, 0x42, 0xF4, 0x00, 0x00, 0x01, 0xE0, 0x1E, 0x00, 0x00, 0x00, 0x00,
    0x00, 0x00, 0x00, 0x00, 0x00, 0x00, 0x00, 0x00, 0x00, 0x00, 0x00, 0x00, 0x00, 0x00, 0x01, 0xF8,
    0x00, 0x00, 0xFC, 0x00, 0x0F, 0x80, 0x00, 0x2F, 0x40, 0x00, 0xFC, 0x00, 0x03, 0xF0, 0x00, 0x0F,
    0xC0, 0x00, 0xFD, 0x00, 0x00, 0xFC, 0x00, 0x1F, 0xC0, 0x00, 0x0B, 0xC0, 0x03, 0xF0, 0x00, 0x00,
    0x7D, 0x00, 0x7E, 0x00, 0x00, 0x07, 0xE0, 0x0F, 0xC0, 0x00, 0x00, 0x3E, 0x01, 0xF8, 0x00, 0x00,
    0x03, 0xF0, 0x3F, 0x00, 0x00, 0x00, 0x3F, 0x07, 0xE0, 0x00, 0x00, 0x02, 0xF0, 0xFC, 0x00, 0x00,
    0x00, 0x2F, 0x1F, 0x40, 0x00, 0x00, 0x01, 0xF3, 0xF0, 0x00, 0x00, 0x00, 0x1F, 0x7D, 0x00, 0x00,
    0x00, 0x00, 0xFF, 0xC0, 0x00, 0x00, 0x00, 0x0F, 0xF4, 0x00, 0x00, 0x00, 0x00, 0xFE, 0x00, 0x00,
    0x00, 0x00, 0x0F, 0xC0, 0x00, 0x00, 0x00, 0x01, 0xF8, 0x00, 0x00, 0x00, 0x00, 0x3F, 0x00, 0x00,
    0x00, 0x00, 0x0B, 0xE0, 0x00, 0x00, 0x00, 0x01, 0xFC, 0x00, 0x00, 0x00, 0x25, 0xBF, 0x00, 0x00,
    0x00, 0x03, 0xFF, 0xD0, 0x00, 0x00, 0x00, 0x3F, 0xE0, 0x00, 0x00, 0x00, 0x00, 0x00, 0x00, 0x00,
    0x29, 0x06, 0x80, 0x00, 0x00, 0x0F, 0xC1, 0xFC, 0x00, 0x00, 0x02, 0xF4, 0x3F, 0x00, 0x00, 0x00,
    0x7D, 0x0F, 0xC0, 0x00, 0x00, 0x0F, 0x02, 0xE0, 0x00, 0x00, 0x02, 0x80, 0x38, 0x00, 0x00, 0x00,
    0x00, 0x00, 0x00, 0x00, 0x00, 0x00, 0x00, 0x00, 0x00, 0x01, 0xF4, 0x00, 0x00, 0x0F, 0xC0, 0x1F,
    0x80, 0x00, 0x02, 0xF8, 0x00, 0xFC, 0x00, 0x00, 0x7F, 0x00, 0x0F, 0xC0, 0x00, 0x0F, 0xD0, 0x00,
    0xBD, 0x00, 0x01, 0xFC, 0x00, 0x07, 0xE0, 0x00, 0x3F, 0x00, 0x00, 0x3F, 0x00, 0x0B, 0xE0, 0x00,
    0x02, 0xF0, 0x00, 0xFC, 0x00, 0x00, 0x1F, 0x40, 0x2F, 0x40, 0x00, 0x00, 0xF8, 0x03, 0xF0, 0x00,
    0x00, 0x0F, 0xC0, 0xFD, 0x00, 0x00, 0x00, 0xBC, 0x1F, 0x80, 0x00, 0x00, 0x07, 0xD3, 0xF0, 0x00,
    0x00, 0x00, 0x3E, 0x7D, 0x00, 0x00, 0x00, 0x03, 0xFF, 0xC0, 0x00, 0x00, 0x00, 0x2F, 0xF4, 0x00,
    0x00, 0x00, 0x01, 0xFE, 0x00, 0x00, 0x00, 0x00, 0x1F, 0xC0, 0x00, 0x00, 0x00, 0x03, 0xF8, 0x00,
    0x00, 0x00, 0x00, 0xBF, 0x00, 0x00, 0x00, 0x00, 0x2F, 0xC0, 0x00, 0x00, 0x05, 0x6F, 0xF4, 0x00,
    0x00, 0x00, 0xFF, 0xFD, 0x00, 0x00, 0x00, 0x0F, 0xFE, 0x00, 0x00, 0x00, 0x00, 0x14, 0x00, 0x00,
    0x00, 0x00, 0x00, 0x00, 0x00, 0x00, 0x1A, 0x02, 0x90, 0x00, 0x00, 0x07, 0xE0, 0xFD, 0x00, 0x00,
    0x00, 0xFC, 0x1F, 0x40, 0x00, 0x00, 0x3E, 0x03, 0xD0, 0x00, 0x00, 0x0B, 0x80, 0xF4, 0x00, 0x00,
    0x01, 0xD0, 0x2C, 0x00, 0x00, 0x00, 0x00, 0x00, 0x00, 0x00, 0x00, 0x00, 0x00, 0x00, 0x00, 0x00,
    0x1F, 0x80, 0x00, 0x0F, 0xC0, 0x00, 0xF8, 0x00, 0x02, 0xF4, 0x00, 0x0F, 0xC0, 0x00, 0x3F, 0x00,
    0x00, 0xFC, 0x00, 0x0F, 0xD0, 0x00, 0x0F, 0xC0, 0x01, 0xFC, 0x00, 0x00, 0xBC, 0x00, 0x3F, 0x00,
    0x00, 0x07, 0xD0, 0x07, 0xE0, 0x00, 0x00, 0x7E, 0x00, 0xFC, 0x00, 0x00, 0x03, 0xE0, 0x1F, 0x80,
    0x00, 0x00, 0x3F, 0x03, 0xF0, 0x00, 0x00, 0x03, 0xF0, 0x7E, 0x00, 0x00, 0x00, 0x2F, 0x0F, 0xC0,
    0x00, 0x00, 0x02, 0xF1, 0xF4, 0x00, 0x00, 0x00, 0x1F, 0x3F, 0x00, 0x00, 0x00, 0x01, 0xF7, 0xD0,
    0x00, 0x00, 0x00, 0x0F, 0xFC, 0x00, 0x00, 0x00, 0x00, 0xFF, 0x40, 0x00, 0x00, 0x00, 0x0F, 0xE0,
    0x00, 0x00, 0x00, 0x00, 0xFC, 0x00, 0x00, 0x00, 0x00, 0x1F, 0x80, 0x00, 0x00, 0x00, 0x03, 0xF0,
    0x00, 0x00, 0x00, 0x00, 0xBE, 0x00, 0x00, 0x00, 0x00, 0x1F, 0xC0, 0x00, 0x00, 0x02, 0x5B, 0xF0,
    0x00, 0x00, 0x00, 0x3F, 0xFD, 0x00, 0x00, 0x00, 0x03, 0xFE, 0x00, 0x00, 0x00, 0x00, 0x00, 0x00,
    0x40, 0x04, 0x00, 0x00, 0x2F, 0x02, 0xF0, 0x00, 0x03, 0xF0, 0x3F, 0x00, 0x00, 0x1E, 0x01, 0xE0,
    0x00, 0x00, 0x00, 0x00, 0x00, 0x00, 0x00, 0x00, 0x00, 0x00, 0x00, 0x00, 0x00, 0x00, 0x7D, 0x00,
    0x00, 0x3E, 0x0F, 0xC0, 0x00, 0x07, 0xE0, 0xFC, 0x00, 0x00, 0xBD, 0x0F, 0x80, 0x00, 0x0F, 0xC1,
    0xF8, 0x00, 0x00, 0xFC, 0x2F, 0x40, 0x00, 0x0F, 0xC3, 0xF0, 0x00, 0x01, 0xF8, 0x3F, 0x00, 0x00,
    0x2F, 0x43, 0xE0, 0x00, 0x03, 0xF0, 0x7F, 0x00, 0x00, 0x3F, 0x03, 0xF0, 0x00, 0x03, 0xE0, 0x3F,
    0x80, 0x00, 0xBE, 0x01, 0xFF, 0xAA, 0xFF, 0xD0, 0x0B, 0xFF, 0xFF, 0xFC, 0x00, 0x0B, 0xFF, 0xAF,
    0xC0, 0x00, 0x00, 0x01, 0xF8, 0x00, 0x00, 0x00, 0x2F, 0x40, 0x00, 0x00, 0x03, 0xF0, 0x00, 0x00,
    0x00, 0x3F, 0x00, 0x00, 0x00, 0x03, 0xF0, 0x00, 0x00, 0x00, 0x7E, 0x00, 0x00, 0x00, 0x0B, 0xD0,
    0x00, 0x00, 0x00, 0xFC, 0x00, 0x00, 0x00, 0x0F, 0xC0, 0x00, 0x00, 0x04, 0x00, 0x40, 0x00, 0x3F,
    0x03, 0xF0, 0x00, 0x3F, 0x03, 0xF0, 0x00, 0x2D, 0x02, 0xD0, 0x00, 0x00, 0x00, 0x00, 0x00, 0x00,
    0x00, 0x00, 0x00, 0x00, 0x00, 0x00, 0x0F, 0x80, 0x00, 0x7E, 0x1F, 0x80, 0x00, 0xBD, 0x2F, 0x40,
    0x00, 0xBC, 0x3F, 0x00, 0x00, 0xFC, 0x3F, 0x00, 0x01, 0xFC, 0x3F, 0x00, 0x02, 0xF8, 0x7E, 0x00,
    0x07, 0xF4, 0x7E, 0x00, 0x0F, 0xF0, 0x7F, 0x00, 0x7F, 0xF0, 0x3F, 0xEB, 0xF7, 0xE0, 0x1F, 0xFF,
    0xD7, 0xE0, 0x02, 0xF9, 0x0B, 0xD0, 0x00, 0x00, 0x0F, 0xC0, 0x00, 0x00, 0x0F, 0xC0, 0x00, 0x00,
    0x1F, 0x80, 0x00, 0x00, 0x2F, 0x40, 0x00, 0x00, 0x2F, 0x40, 0x00, 0x00, 0x3F, 0x00, 0x00, 0x2F,
    0xFF, 0xFF, 0xD0, 0x03, 0xFF, 0xFF, 0xFC, 0x00, 0x3F, 0xFF, 0xFF, 0xC0, 0x07, 0xE0, 0x00, 0x00,
    0x00, 0x7D, 0x00, 0x00, 0x00, 0x0B, 0xD0, 0x00, 0x00, 0x00, 0xFC, 0x00, 0x00, 0x00, 0x0F, 0xC0,
    0x00, 0x00, 0x01, 0xF8, 0x00, 0x00, 0x00, 0x2F, 0x40, 0x00, 0x00, 0x02, 0xF0, 0x00, 0x00, 0x00,
    0x3F, 0x00, 0x00, 0x00, 0x03, 0xF0, 0x00, 0x00, 0x00, 0x7E, 0x00, 0x00, 0x00, 0x0B, 0xD0, 0x00,
    0x00, 0x00, 0xFC, 0x00, 0x00, 0x00, 0x0F, 0xC0, 0x00, 0x00, 0x00, 0xF8, 0x00, 0x00, 0x00, 0x1F,
    0x80, 0x00, 0x00, 0x02, 0xF4, 0x00, 0x00, 0x00, 0x3F, 0x00, 0x00, 0x00, 0x03, 0xFA, 0x40, 0x00,
    0x00, 0x7F, 0xF4, 0x00, 0x00, 0x07, 0xFF, 0x00, 0x00, 0x00, 0x03, 0xF0, 0x00, 0x00, 0x00, 0x3F,
    0x00, 0x00, 0x00, 0x07, 0xE0, 0x00, 0x00, 0x00, 0xBD, 0x00, 0x00, 0x00, 0x0B, 0xC0, 0x00, 0x00,
    0x00, 0xFC, 0x00, 0x00, 0x00, 0x05, 0x00, 0x00, 0x00, 0x00, 0x00, 0x7F, 0xFF, 0xF0, 0x02, 0xFF,
    0xFF, 0xC0, 0x0F, 0xEA, 0xAA, 0x00, 0x3F, 0x00, 0x00, 0x00, 0xF8, 0x00, 0x00, 0x07, 0xE0, 0x00,
    0x00, 0x2F, 0x40, 0x00, 0x00, 0xFC, 0x00, 0x00, 0x03, 0xF0, 0x00, 0x00, 0x1F, 0x80, 0x00, 0x00,
    0x7D, 0x00, 0x00, 0x02, 0xF4, 0x00, 0x00, 0x0F, 0xC0, 0x00, 0x00, 0x3F, 0x00, 0x00, 0x01, 0xF8,
    0x00, 0x00, 0x0B, 0xE5, 0x00, 0x00, 0x2F, 0xF8, 0x00, 0x00, 0xFF, 0xD0, 0x00, 0x00, 0x3F, 0x00,
    0x00, 0x00, 0xFC, 0x00, 0x00, 0x03, 0xF0, 0x00, 0x00, 0x1F, 0x80, 0x00, 0x00, 0xBD, 0x00, 0x00,
    0x03, 0xF0, 0x00, 0x00, 0x00, 0x00, 0x00, 0x00, 0x00, 0x00, 0x00, 0x10, 0x01, 0x00, 0x00, 0x00,
    0x00, 0x0F, 0xC0, 0xFC, 0x00, 0x00, 0x00, 0x00, 0xFC, 0x0F, 0xC0, 0x00, 0x00, 0x00, 0x0F, 0x40,
    0xF4, 0x00, 0x00, 0x00, 0x00, 0x00, 0x00, 0x00, 0x00, 0x00, 0x00, 0x00, 0x00, 0x00, 0x00, 0x00,
    0x00, 0x00, 0x00, 0x00, 0x00, 0x00, 0x02, 0xF0, 0x00, 0x00, 0x00, 0x7D, 0x00, 0x3F, 0x00, 0x00,
    0x00, 0x0B, 0xD0, 0x07, 0xE0, 0x00, 0x00, 0x00, 0xFC, 0x00, 0xBD, 0x00, 0x00, 0x00, 0x0F, 0xC0,
    0x0B, 0xC0, 0x00, 0x00, 0x01, 0xF8, 0x00, 0xFC, 0x00, 0x00, 0x00, 0x2F, 0x40, 0x0F, 0xC0, 0x00,
    0x00, 0x02, 0xF0, 0x01, 0xF8, 0x00, 0x00, 0x00, 0x3F, 0x00, 0x2F, 0x40, 0x00, 0x00, 0x03, 0xF0,
    0x03, 0xFA, 0x54, 0x00, 0x00, 0x7E, 0x00, 0x3F, 0xFF, 0xF8, 0x00, 0x0B, 0xD0, 0x03, 0xFF, 0xFF,
    0xF0, 0x00, 0xFC, 0x00, 0x7E, 0x01, 0xBF, 0x80, 0x0F, 0xC0, 0x0B, 0xD0, 0x01, 0xFC, 0x00, 0xFC,
    0x00, 0xFC, 0x00, 0x0F, 0xD0, 0x1F, 0x80, 0x0F, 0xC0, 0x00, 0xBD, 0x02, 0xF4, 0x01, 0xF8, 0x00,
    0x0F, 0xD0, 0x3F, 0x00, 0x1F, 0x40, 0x00, 0xFC, 0x03, 0xF0, 0x02, 0xF4, 0x00, 0x1F, 0xC0, 0x7E,
    0x00, 0x3F, 0x00, 0x03, 0xF4, 0x07, 0xD0, 0x03, 0xF0, 0x00, 0xFF, 0x00, 0xBD, 0x00, 0x7F, 0xAA,
    0xFF, 0xC0, 0x0F, 0xC0, 0x0B, 0xFF, 0xFF, 0xF0, 0x00, 0xFC, 0x00, 0xFF, 0xFF, 0xE0, 0x00, 0x1F,
    0x80, 0x00, 0x00, 0x00, 0x00, 0x00, 0x00, 0x00, 0x00, 0x00, 0x7C, 0x07, 0xC0, 0x00, 0x00, 0x02,
    0xF4, 0x2F, 0x40, 0x00, 0x00, 0x07, 0x80, 0x78, 0x00, 0x00, 0x00, 0x00, 0x00, 0x00, 0x00, 0x00,
    0x00, 0x00, 0x00, 0x00, 0x00, 0x00, 0x00, 0x00, 0x00, 0x00, 0x00, 0x7D, 0x00, 0x00, 0x00, 0x7D,
    0x02, 0xF0, 0x00, 0x00, 0x02, 0xF4, 0x0F, 0xC0, 0x00, 0x00, 0x0F, 0xC0, 0x3F, 0x00, 0x00, 0x00,
    0x3F, 0x01, 0xF8, 0x00, 0x00, 0x00, 0xF8, 0x0B, 0xD0, 0x00, 0x00, 0x07, 0xD0, 0x3F, 0x05, 0x00,
    0x00, 0x2F, 0x40, 0xFF, 0xFF, 0xE0, 0x00, 0xFC, 0x03, 0xFF, 0xFF, 0xF0, 0x03, 0xF0, 0x1F, 0x90,
    0x1F, 0xE0, 0x1F, 0x80, 0xBD, 0x00, 0x0F, 0xC0, 0x7D, 0x02, 0xF0, 0x00, 0x3F, 0x02, 0xF0, 0x0F,
    0xC0, 0x00, 0xFC, 0x0F, 0xC0, 0x2F, 0x00, 0x03, 0xF0, 0x3F, 0x00, 0xBE, 0x00, 0x2F, 0x81, 0xF8,
    0x00, 0xFD, 0x02, 0xFC, 0x0B, 0xD0, 0x02, 0xFF, 0xFF, 0xD0, 0x2F, 0x00, 0x01, 0xFF, 0xF8, 0x00,
    0xFC, 0x00, 0x00, 0x14, 0x00, 0x00, 0x00, 0x00, 0x00, 0x0B, 0xFF, 0xFF, 0xF0, 0x00, 0x3F, 0xFF,
    0xFF, 0xC0, 0x00, 0xFF, 0xFF, 0xFF, 0x00, 0x07, 0xE0, 0x00, 0x00, 0x00, 0x2F, 0x40, 0x00, 0x00,
    0x00, 0xBC, 0x00, 0x00, 0x00, 0x03, 0xF0, 0x00, 0x00, 0x00, 0x0F, 0xC0, 0x00, 0x00, 0x00, 0x7E,
    0x00, 0x00, 0x00, 0x02, 0xF4, 0x00, 0x00, 0x00, 0x0F, 0xC0, 0x00, 0x00, 0x07, 0xFF, 0xFF, 0xC0,
    0x00, 0x2F, 0xFF, 0xFF, 0x00, 0x00, 0x6B, 0xEA, 0xA4, 0x00, 0x00, 0x2F, 0x40, 0x00, 0x00, 0x00,
    0xFC, 0x00, 0x00, 0x00, 0x03, 0xF0, 0x00, 0x00, 0x00, 0x1F, 0x80, 0x00, 0x00, 0x00, 0x7D, 0x00,
    0x00, 0x00, 0x02, 0xF4, 0x00, 0x00, 0x00, 0x0F, 0xC0, 0x00, 0x00, 0x00, 0x3F, 0xA0, 0x00, 0x00,
    0x01, 0xFF, 0xC0, 0x00, 0x00, 0x0B, 0xFF, 0x00, 0x00, 0x00, 0x00, 0xF8, 0x00, 0x00, 0x00, 0x03,
    0xE0, 0x00, 0x00, 0x00, 0x1F, 0x40, 0x00, 0x00, 0x00, 0xFC, 0x00, 0x00, 0x00, 0xBF, 0xE0, 0x00,
    0x00, 0x02, 0xFF, 0x00, 0x00, 0x00, 0x01, 0x90, 0x00, 0x00, 0x00, 0x00, 0x00, 0x1F, 0xFF, 0xFC,
    0x00, 0x2F, 0xFF, 0xFC, 0x00, 0x3F, 0xAA, 0xA8, 0x00, 0x3F, 0x00, 0x00, 0x00, 0x3E, 0x00, 0x00,
    0x00, 0x7E, 0x00, 0x00, 0x00, 0xBD, 0x00, 0x00, 0x00, 0xFC, 0x00, 0x00, 0x1F, 0xFF, 0xFC, 0x00,
    0x2F, 0xFF, 0xFC, 0x00, 0x02, 0xF8, 0x00, 0x00, 0x02, 0xF0, 0x00, 0x00, 0x03, 0xF0, 0x00, 0x00,
    0x03, 0xF0, 0x00, 0x00, 0x07, 0xE0, 0x00, 0x00, 0x0B, 0xE5, 0x00, 0x00, 0x0B, 0xFE, 0x00, 0x00,
    0x0F, 0xFD, 0x00, 0x00, 0x00, 0x7D, 0x00, 0x00, 0x00, 0xBC, 0x00, 0x00, 0x00, 0xBC, 0x00, 0x00,
    0x01, 0xF8, 0x00, 0x00, 0x3F, 0xF0, 0x00, 0x00, 0x3F, 0xD0, 0x00, 0x00, 0x19, 0x00, 0x00, 0x00,
    0x00, 0x0F, 0x80, 0x00, 0x03, 0xE0, 0x00, 0x3F, 0x00, 0x00, 0x3F, 0x40, 0x00, 0x7E, 0x00, 0x02,
    0xF4, 0x00, 0x00, 0xFC, 0x00, 0x2F, 0x80, 0x00, 0x02, 0xF4, 0x01, 0xFC, 0x00, 0x00, 0x07, 0xE0,
    0x0F, 0xC0, 0x00, 0x00, 0x0F, 0xC0, 0xFD, 0x00, 0x00, 0x00, 0x2F, 0x4B, 0xD0, 0x00, 0x00, 0x00,
    0x3E, 0x7E, 0x00, 0x00, 0x00, 0x00, 0xFF, 0xF0, 0x00, 0x00, 0x00, 0x01, 0xFF, 0x00, 0x00, 0x00,
    0x00, 0x03, 0xF4, 0x00, 0x00, 0x00, 0x00, 0x3F, 0xE0, 0x00, 0x00, 0x00, 0x02, 0xFF, 0xC0, 0x00,
    0x00, 0x00, 0x1F, 0x9F, 0x40, 0x00, 0x00, 0x00, 0xFC, 0x3E, 0x00, 0x00, 0x00, 0x0F, 0xC0, 0xFC,
    0x00, 0x00, 0x00, 0xBD, 0x01, 0xF4, 0x00, 0x00, 0x07, 0xE0, 0x03, 0xF0, 0x00, 0x00, 0x7F, 0x00,
    0x0F, 0xC0, 0x00, 0x03, 0xF0, 0x00, 0x1F, 0x80, 0x00, 0x3F, 0x40, 0x00, 0x3F, 0xA0, 0x02, 0xF8,
    0x00, 0x00, 0xFF, 0xC0, 0x1F, 0xC0, 0x00, 0x01, 0xFF, 0x00, 0x00, 0x00, 0x00, 0x00, 0xF8, 0x00,
    0x00, 0x00, 0x00, 0x03, 0xD0, 0x00, 0x00, 0x00, 0x00, 0x1F, 0x40, 0x00, 0x00, 0x00, 0x00, 0xFC,
    0x00, 0x00, 0x00, 0x00, 0xBF, 0xE0, 0x00, 0x00, 0x00, 0x02, 0xFF, 0x00, 0x00, 0x00, 0x00, 0x01,
    0x90, 0x00, 0x00, 0x00, 0x3E, 0x00, 0x02, 0xF8, 0x00, 0xFC, 0x00, 0x1F, 0xC0, 0x01, 0xF8, 0x01,
    0xFC, 0x00, 0x03, 0xF0, 0x0F, 0xC0, 0x00, 0x07, 0xD0, 0xFD, 0x00, 0x00, 0x0F, 0xCB, 0xD0, 0x00,
    0x00, 0x2F, 0xBE, 0x00, 0x00, 0x00, 0x3F, 0xF0, 0x00, 0x00, 0x00, 0xBF, 0x00, 0x00, 0x00, 0x03,
    0xFC, 0x00, 0x00, 0x00, 0x3F, 0xF4, 0x00, 0x00, 0x03, 0xF7, 0xE0, 0x00, 0x00, 0x2F, 0x8B, 0xC0,
    0x00, 0x01, 0xF8, 0x1F, 0x80, 0x00, 0x1F, 0xC0, 0x3F, 0x00, 0x00, 0xFC, 0x00, 0x7E, 0x50, 0x0F,
    0xD0, 0x00, 0xFF, 0xC0, 0xFE, 0x00, 0x02, 0xFE, 0x00, 0x00, 0x00, 0x00, 0xF4, 0x00, 0x00, 0x00,
    0x07, 0xD0, 0x00, 0x00, 0x00, 0x2F, 0x00, 0x00, 0x00, 0x00, 0xFC, 0x00, 0x00, 0x00, 0xFF, 0xD0,
    0x00, 0x00, 0x03, 0xFE, 0x00, 0x00, 0x00, 0x05, 0x50, 0x00, 0x00, 0x0F, 0x80, 0x00, 0x03, 0xE0,
    0x00, 0x3F, 0x00, 0x00, 0x3F, 0x40, 0x00, 0x7E, 0x00, 0x02, 0xF4, 0x00, 0x00, 0xFC, 0x00, 0x2F,
    0x80, 0x00, 0x02, 0xF4, 0x01, 0xFC, 0x00, 0x00, 0x07, 0xE0, 0x0F, 0xC0, 0x00, 0x00, 0x0F, 0xC0,
    0xFD, 0x00, 0x00, 0x00, 0x2F, 0x4B, 0xE0, 0x00, 0x00, 0x00, 0x3E, 0x7E, 0x00, 0x00, 0x00, 0x00,
    0xFF, 0xF0, 0x00, 0x00, 0x03, 0xFF, 0xFF, 0xFF, 0x80, 0x00, 0x1F, 0xFF, 0xFF, 0xFD, 0x00, 0x00,
    0x6A, 0xFF, 0xFA, 0xA0, 0x00, 0x00, 0x02, 0xFF, 0xC0, 0x00, 0x00, 0x00, 0x1F, 0x9F, 0x40, 0x00,
    0x00, 0x00, 0xFC, 0x3E, 0x00, 0x00, 0x00, 0x0F, 0xC0, 0xFC, 0x00, 0x00, 0x00, 0xBD, 0x01, 0xF4,
    0x00, 0x00, 0x0B, 0xE0, 0x03, 0xF0, 0x00, 0x00, 0x7F, 0x00, 0x0F, 0xC0, 0x00, 0x03, 0xF0, 0x00,
    0x1F, 0x80, 0x00, 0x3F, 0x40, 0x00, 0x3F, 0x00, 0x02, 0xF8, 0x00, 0x00, 0xFD, 0x00, 0x1F, 0xC0,
    0x00, 0x01, 0xF8, 0x00, 0x00, 0x3E, 0x00, 0x02, 0xF8, 0x00, 0xFC, 0x00, 0x1F, 0xC0, 0x01, 0xF8,
    0x01, 0xFC, 0x00, 0x03, 0xF0, 0x0F, 0xC0, 0x00, 0x07, 0xD0, 0xFD, 0x00, 0x00, 0x0F, 0xCB, 0xD0,
    0x00, 0x00, 0x2F, 0xBE, 0x00, 0x00, 0x15, 0x7F, 0xF5, 0x40, 0x00, 0xFF, 0xFF, 0xFF, 0x80, 0x07,
    0xFF, 0xFF, 0xFD, 0x00, 0x00, 0x3F, 0xF4, 0x00, 0x00, 0x03, 0xF7, 0xE0, 0x00, 0x00, 0x2F, 0x8B,
    0xC0, 0x00, 0x01, 0xF8, 0x1F, 0x80, 0x00, 0x1F, 0xC0, 0x3F, 0x00, 0x00, 0xFC, 0x00, 0x7E, 0x00,
    0x0F, 0xD0, 0x00, 0xFC, 0x00, 0xFE, 0x00, 0x02, 0xF4, 0x00, 0x00, 0xC0, 0x00, 0x3C, 0x00, 0x03,
    0xC2, 0xFF, 0xFC, 0xB0, 0x3C, 0x28, 0x2C, 0x0A, 0x0C, 0x02, 0x80, 0x00, 0xA0, 0x00, 0x28, 0x00,
    0x0A, 0x00, 0x02, 0x80, 0x00, 0xA0, 0x00, 0x28, 0x00, 0x0A, 0x00, 0x02, 0x80, 0x00, 0xA0, 0x00,
    0x28, 0x00, 0x0A, 0x00, 0x02, 0x80, 0x00, 0xA0, 0x00, 0x28, 0x00, 0x0A, 0x00, 0x02, 0x80, 0x00,
    0xA0, 0x00, 0x28, 0x00, 0x0A, 0x00, 0x01, 0x40, 0x00, 0x00, 0xC0, 0x00, 0xE0, 0x00, 0xF0, 0x00,
    0xFF, 0xFE, 0x0E, 0x03, 0x80, 0xE0, 0xA0, 0x0C, 0x28, 0x00, 0x0A, 0x00, 0x02, 0x80, 0x00, 0xA0,
    0x00, 0x28, 0x00, 0x0A, 0x00, 0x02, 0x80, 0x00, 0xA0, 0x00, 0x28, 0x00, 0x0A, 0x00, 0x02, 0x80,
    0x00, 0xA0, 0x00, 0x28, 0x00, 0x0A, 0x00, 0x02, 0x80, 0x00, 0xA0, 0x00, 0x28, 0x00, 0x0A, 0x00,
    0x02, 0x80, 0x00, 0xA0, 0x00, 0x28, 0x00, 0x05, 0x05, 0x55, 0x42, 0xFF, 0xFC, 0x3F, 0xFF, 0xC1,
    0x55, 0x54, 0x05, 0x55, 0x42, 0xFF, 0xFC, 0x3F, 0xFF, 0xC1, 0x55, 0x54, 0x00, 0x00, 0x00, 0x00,
    0x0B, 0xFF, 0xFF, 0xFF, 0xD3, 0xFF, 0xFF, 0xFF, 0xF0, 0x55, 0x55, 0x55, 0x54, 0x05, 0x55, 0x55,
    0x54, 0xBF, 0xFF, 0xFF, 0xE3, 0xFF, 0xFF, 0xFF, 0x85, 0x55, 0x55, 0x54, 0x05, 0x55, 0x55, 0x55,
    0x55, 0x55, 0x55, 0x54, 0xBF, 0xFF, 0xFF, 0xFF, 0xFF, 0xFF, 0xFF, 0xE3, 0xFF, 0xFF, 0xFF, 0xFF,
    0xFF, 0xFF, 0xFF, 0x85, 0x55, 0x55, 0x55, 0x55, 0x55, 0x55, 0x54, 0x05, 0x55, 0x55, 0x55, 0x55,
    0x55, 0x55, 0x54, 0xBF, 0xFF, 0xFF, 0xFF, 0xFF, 0xFF, 0xFF, 0xE3, 0xFF, 0xFF, 0xFF, 0xFF, 0xFF,
    0xFF, 0xFF, 0x85, 0x55, 0x55, 0x55, 0x55, 0x55, 0x55, 0x54, 0x50, 0x00, 0x4F, 0x40, 0x2E, 0xF4,
    0x02, 0xEF, 0x40, 0x2E, 0xF4, 0x02, 0xEF, 0x40, 0x2E, 0xF4, 0x02, 0xEF, 0x40, 0x2E, 0xF4, 0x02,
    0xEF, 0x40, 0x2E, 0xF4, 0x02, 0xEF, 0x40, 0x2E, 0xF4, 0x02, 0xEF, 0x40, 0x2E, 0xF4, 0x02, 0xEF,
    0x40, 0x2E, 0xF4, 0x02, 0xEF, 0x40, 0x2E, 0xF4, 0x02, 0xEF, 0x40, 0x2E, 0xF4, 0x02, 0xEF, 0x40,
    0x2E, 0xF4, 0x02, 0xEF, 0x40, 0x2E, 0xF4, 0x02, 0xEF, 0x40, 0x2E, 0xF4, 0x02, 0xEF, 0x40, 0x2E,
    0xF4, 0x02, 0xEF, 0x40, 0x2E, 0xF4, 0x02, 0xEF, 0x40, 0x2E, 0xF4, 0x02, 0xEF, 0x40, 0x2E, 0x00,
    0x00, 0x00, 0x00, 0x00, 0x00, 0x00, 0x0F, 0xFF, 0xFF, 0xFC, 0x1F, 0xFF, 0xFF, 0xFC, 0x00, 0x00,
    0x00, 0x00, 0x00, 0x00, 0x00, 0x00, 0x2A, 0xAA, 0xAA, 0xA0, 0x3F, 0xFF, 0xFF, 0xF0, 0x15, 0x55,
    0x55, 0x50, 0x00, 0xB4, 0x07, 0xC0, 0x3E, 0x02, 0xF0, 0x0F, 0xC0, 0xFD, 0x07, 0xF0, 0x3F, 0x80,
    0x54, 0x00, 0x02, 0xF4, 0x0F, 0xC0, 0xBE, 0x03, 0xF0, 0x1F, 0x80, 0xFC, 0x03, 0xD0, 0x2F, 0x00,
    0x50, 0x00, 0x01, 0xFC, 0x0F, 0xE0, 0x3F, 0x02, 0xF4, 0x0F, 0xC0, 0x7D, 0x03, 0xE0, 0x1F, 0x00,
    0x10, 0x00, 0x3E, 0x0F, 0xC3, 0xF0, 0xFC, 0x3F, 0x0B, 0xC1, 0xF0, 0x3C, 0x05, 0x00, 0x00, 0xB4,
    0x0B, 0x40, 0x7C, 0x07, 0xC0, 0x3E, 0x03, 0xF0, 0x2F, 0x02, 0xF4, 0x0F, 0xC0, 0xFC, 0x0F, 0xD0,
    0xBE, 0x07, 0xF0, 0x3F, 0x03, 0xF8, 0x2F, 0x80, 0x54, 0x05, 0x40, 0x00, 0x02, 0xF4, 0x2F, 0x80,
    0xFC, 0x0F, 0xD0, 0xBE, 0x07, 0xF0, 0x3F, 0x03, 0xF4, 0x1F, 0x80, 0xF8, 0x0F, 0xC0, 0xBC, 0x03,
    0xD0, 0x3E, 0x02, 0xF0, 0x1F, 0x00, 0x50, 0x05, 0x00, 0x00, 0x01, 0xFC, 0x1F, 0xC0, 0x3F, 0x82,
    0xF8, 0x03, 0xF0, 0x3F, 0x00, 0xBD, 0x0B, 0xE0, 0x0F, 0xC0, 0xFC, 0x01, 0xF4, 0x1F, 0x40, 0x3E,
    0x03, 0xF0, 0x07, 0xC0, 0x3C, 0x00, 0x10, 0x01, 0x00, 0x00, 0x7E, 0x07, 0xD7, 0xE0, 0xBD, 0x3F,
    0x07, 0xE3, 0xF0, 0x7E, 0x3F, 0x03, 0xE2, 0xF0, 0x3E, 0x1F, 0x02, 0xE0, 0xF0, 0x1F, 0x05, 0x00,
    0x50, 0x00, 0x01, 0x50, 0x00, 0x02, 0xF8, 0x00, 0x00, 0xBD, 0x00, 0x00, 0x3F, 0x00, 0x00, 0x0F,
    0x80, 0x00, 0x03, 0xD0, 0x00, 0x00, 0xF0, 0x00, 0xFE, 0xBE, 0xBF, 0x3F, 0xFF, 0xFF, 0x9E, 0x9F,
    0xAA, 0xD0, 0x03, 0xC0, 0x00, 0x00, 0xF0, 0x00, 0x00, 0x78, 0x00, 0x00, 0x2E, 0x00, 0x00, 0x0F,
    0x40, 0x00, 0x03, 0xC0, 0x00, 0x01, 0xF0, 0x00, 0x00, 0xBC, 0x00, 0x00, 0x3E, 0x00, 0x00, 0x0F,
    0x80, 0x00, 0x07, 0xD0, 0x00, 0x02, 0xF4, 0x00, 0x00, 0xFC, 0x00, 0x00, 0x7F, 0x00, 0x00, 0x2F,
    0xC0, 0x00, 0x0F, 0xE0, 0x00, 0x00, 0x00, 0x00, 0x15, 0x00, 0x00, 0x00, 0x7F, 0x00, 0x00, 0x00,
    0xBD, 0x00, 0x00, 0x00, 0xBC, 0x00, 0x00, 0x00, 0xB8, 0x00, 0x00, 0x00, 0xF4, 0x00, 0x02, 0x94,
    0xF5, 0x68, 0x03, 0xFF, 0xFF, 0xFC, 0x07, 0xFF, 0xFF, 0xF8, 0x00, 0x02, 0xD0, 0x00, 0x00, 0x03,
    0xD0, 0x00, 0x00, 0x07, 0xD0, 0x00, 0x00, 0x0B, 0xD0, 0x00, 0x00, 0x0F, 0xC0, 0x00, 0x00, 0x0F,
    0xC0, 0x00, 0x00, 0x0F, 0x40, 0x00, 0x00, 0x0F, 0x00, 0x00, 0x15, 0x1E, 0x05, 0x40, 0xBF, 0xFF,
    0xFF, 0x80, 0xBF, 0xFF, 0xFF, 0x40, 0x40, 0x3C, 0x01, 0x00, 0x00, 0x3C, 0x00, 0x00, 0x00, 0xBC,
    0x00, 0x00, 0x00, 0xFC, 0x00, 0x00, 0x01, 0xFC, 0x00, 0x00, 0x02, 0xF8, 0x00, 0x00, 0x01, 0x40,
    0x2F, 0xF4, 0x7F, 0xFC, 0xBF, 0xFD, 0xFF, 0xFE, 0xBF, 0xFE, 0xBF, 0xFD, 0x3F, 0xFC, 0x0B, 0xE0,
    0x00, 0x00, 0x00, 0x0D, 0x00, 0x00, 0x7E, 0x00, 0x02, 0xFF, 0x00, 0x0F, 0xFF, 0x40, 0x3F, 0xFF,
    0x80, 0xFF, 0xFF, 0x47, 0xFF, 0xD0, 0x2F, 0xE0, 0x00, 0xF4, 0x00, 0x00, 0x00, 0x00, 0x00, 0x00,
    0x07, 0xD3, 0xFD, 0xFF, 0x3F, 0x41, 0x00, 0x00, 0x00, 0x00, 0x01, 0xF4, 0x00, 0xF8, 0x3F, 0xC0,
    0x2F, 0xC7, 0xFC, 0x03, 0xFC, 0x3F, 0x40, 0x3F, 0x80, 0x40, 0x00, 0x50, 0x00, 0x00, 0x00, 0x00,
    0x00, 0x01, 0xF4, 0x00, 0xBC, 0x00, 0x7E, 0x3F, 0xC0, 0x2F, 0xD0, 0x0F, 0xF7, 0xFC, 0x02, 0xFD,
    0x00, 0xFF, 0x3F, 0x40, 0x2F, 0xC0, 0x0F, 0xD0, 0x40, 0x00, 0x50, 0x00, 0x14, 0x00, 0x0B, 0xC7,
    0xF6, 0xFD, 0xBF, 0x05, 0x00, 0x00, 0x00, 0x2F, 0xFF, 0xCB, 0x00, 0x02, 0x80, 0x00, 0xA0, 0x00,
    0x28, 0x00, 0x0A, 0x00, 0x02, 0x80, 0x00, 0xA0, 0x00, 0x28, 0x00, 0x0A, 0x00, 0x02, 0x80, 0x00,
    0xA0, 0x00, 0x28, 0x00, 0x0A, 0x00, 0x02, 0x80, 0x00, 0xA0, 0x00, 0x28, 0x00, 0x0A, 0x00, 0x02,
    0x80, 0x00, 0xA0, 0x00, 0x28, 0x00, 0x0A, 0x00, 0x02, 0x80, 0x00, 0xA0, 0x00, 0x14, 0x00, 0x00,
    0x00, 0x00, 0x0F, 0xFF, 0xE0, 0x00, 0x38, 0x00, 0x0A, 0x00, 0x02, 0x80, 0x00, 0xA0, 0x00, 0x28,
    0x00, 0x0A, 0x00, 0x02, 0x80, 0x00, 0xA0, 0x00, 0x28, 0x00, 0x0A, 0x00, 0x02, 0x80, 0x00, 0xA0,
    0x00, 0x28, 0x00, 0x0A, 0x00, 0x02, 0x80, 0x00, 0xA0, 0x00, 0x28, 0x00, 0x0A, 0x00, 0x02, 0x80,
    0x00, 0xA0, 0x00, 0x28, 0x00, 0x0A, 0x00, 0x02, 0x80, 0x00, 0x50, 0xFF, 0xFF, 0xFF, 0xFF, 0xFF,
    0xFF, 0xFF, 0xFF, 0xFF, 0xFF, 0xFF, 0xFF, 0xFF, 0xFF, 0x02, 0x80, 0x02, 0x80, 0x02, 0x80, 0x02,
    0x80, 0x02, 0x80, 0x02, 0x80, 0x02, 0x80, 0x02, 0x80, 0x02, 0x80, 0x02, 0x80, 0x02, 0x80, 0x02,
    0x80, 0x02, 0x80, 0x02, 0x80, 0x02, 0x80, 0x02, 0x80, 0x02, 0x80, 0x02, 0x80, 0x02, 0x80, 0x02,
    0x80, 0x01, 0x40, 0xFF, 0xFF, 0xE5, 0x55, 0xD0, 0x00, 0xD0, 0x00, 0xD0, 0x00, 0xE0, 0x00, 0xFF,
    0xFF, 0x02, 0x80, 0x02, 0x80, 0x02, 0x80, 0x02, 0x80, 0x02, 0x80, 0x02, 0x80, 0x02, 0x80, 0x02,
    0x80, 0x02, 0x80, 0x02, 0x80, 0x02, 0x80, 0x02, 0x80, 0x02, 0x80, 0x02, 0x80, 0x02, 0x80, 0x02,
    0x80, 0x02, 0x80, 0x02, 0x80, 0x02, 0x80, 0x02, 0x80, 0x01, 0x40, 0xFF, 0xFF, 0x55, 0x5B, 0x00,
    0x07, 0x00, 0x07, 0x00, 0x07, 0x00, 0x0B, 0xFF, 0xFF, 0x02, 0x80, 0x02, 0x80, 0x02, 0x80, 0x02,
    0x80, 0x02, 0x80, 0x02, 0x80, 0x02, 0x80, 0x02, 0x80, 0x02, 0x80, 0x02, 0x80, 0x02, 0x80, 0x02,
    0x80, 0x02, 0x80, 0x02, 0x80, 0x02, 0x80, 0x02, 0x80, 0x02, 0x80, 0x02, 0x80, 0x02, 0x80, 0x02,
    0x80, 0x01, 0x40, 0x00, 0x00, 0x00, 0x00, 0x00, 0x00, 0x00, 0x00, 0x00, 0x01, 0xFF, 0x40, 0x00,
    0x0B, 0x80, 0x00, 0x00, 0x00, 0x2F, 0xFF, 0x00, 0x00, 0xBC, 0x00, 0x00, 0x00, 0x01, 0xF8, 0x3E,
    0x00, 0x07, 0xD0, 0x00, 0x00, 0x00, 0x0F, 0x80, 0xBC, 0x00, 0x3E, 0x00, 0x00, 0x00, 0x00, 0x7C,
    0x02, 0xF0, 0x02, 0xF0, 0x00, 0x00, 0x00, 0x02, 0xE0, 0x0B, 0xC0, 0x1F, 0x00, 0x00, 0x00, 0x00,
    0x0F, 0x40, 0x2E, 0x00, 0xF4, 0x00, 0x00, 0x00, 0x00, 0x3D, 0x00, 0xF8, 0x0F, 0x80, 0x00, 0x00,
    0x00, 0x01, 0xF0, 0x03, 0xD0, 0xBC, 0x00, 0x00, 0x00, 0x00, 0x07, 0xC0, 0x1F, 0x07, 0xC1, 0xA4,
    0x00, 0x06, 0x90, 0x1F, 0x00, 0xF8, 0x3D, 0x3F, 0xFC, 0x00, 0xFF, 0xF0, 0x3D, 0x07, 0xC3, 0xE3,
    0xFA, 0xF8, 0x0F, 0xEB, 0xE0, 0xFD, 0xBE, 0x2F, 0x1F, 0x42, 0xF0, 0xBC, 0x0B, 0xC1, 0xFF, 0xE1,
    0xF0, 0xF8, 0x07, 0xC3, 0xE0, 0x1F, 0x01, 0xB9, 0x0F, 0x47, 0xC0, 0x1F, 0x1F, 0x00, 0x7C, 0x00,
    0x00, 0xF8, 0x2F, 0x00, 0x7C, 0xBC, 0x01, 0xF0, 0x00, 0x0B, 0xC0, 0xF8, 0x02, 0xF3, 0xE0, 0x0B,
    0xC0, 0x00, 0x7C, 0x03, 0xD0, 0x0B, 0x8F, 0x40, 0x3E, 0x00, 0x03, 0xD0, 0x0F, 0x40, 0x3D, 0x3D,
    0x00, 0xF4, 0x00, 0x3E, 0x00, 0x3D, 0x01, 0xF0, 0xF0, 0x07, 0xC0, 0x02, 0xF0, 0x00, 0xF4, 0x0F,
    0x83, 0xD0, 0x3E, 0x00, 0x1F, 0x00, 0x03, 0xF0, 0xBC, 0x0F, 0x82, 0xF0, 0x00, 0xF4, 0x00, 0x07,
    0xFF, 0xD0, 0x2F, 0xFF, 0x40, 0x0F, 0x80, 0x00, 0x0B, 0xFD, 0x00, 0x2F, 0xF4, 0x00, 0x00, 0x00,
    0x00, 0x01, 0x40, 0x00, 0x04, 0x00, 0x00, 0x00, 0x00, 0x00, 0x00, 0x00, 0x00, 0x00, 0x00, 0x00,
    0x00, 0x00, 0x00, 0x1F, 0xF4, 0x00, 0x00, 0xB8, 0x00, 0x00, 0x00, 0x00, 0x00, 0x00, 0x2F, 0xFF,
    0x00, 0x00, 0xBC, 0x00, 0x00, 0x00, 0x00, 0x00, 0x00, 0x1F, 0x83, 0xE0, 0x00, 0x7D, 0x00, 0x00,
    0x00, 0x00, 0x00, 0x00, 0x0F, 0x80, 0xBC, 0x00, 0x3E, 0x00, 0x00, 0x00, 0x00, 0x00, 0x00, 0x07,
    0xC0, 0x2F, 0x00, 0x2F, 0x00, 0x00, 0x00, 0x00, 0x00, 0x00, 0x02, 0xE0, 0x0B, 0xC0, 0x1F, 0x00,
    0x00, 0x00, 0x00, 0x00, 0x00, 0x00, 0xF4, 0x02, 0xE0, 0x0F, 0x40, 0x00, 0x00, 0x00, 0x00, 0x00,
    0x00, 0x3D, 0x00, 0xF8, 0x0F, 0x80, 0x00, 0x00, 0x00, 0x00, 0x00, 0x00, 0x1F, 0x00, 0x3D, 0x0B,
    0xC0, 0x00, 0x00, 0x00, 0x00, 0x00, 0x00, 0x07, 0xC0, 0x1F, 0x07, 0xC1, 0xA4, 0x00, 0x06, 0x90,
    0x00, 0x1A, 0x41, 0xF0, 0x0F, 0x83, 0xD3, 0xFF, 0xC0, 0x0F, 0xFF, 0x00, 0x3F, 0xFC, 0x3D, 0x07,
    0xC3, 0xE3, 0xFA, 0xF8, 0x0F, 0xEB, 0xE0, 0x3F, 0xAF, 0x4F, 0xDB, 0xE2, 0xF1, 0xF4, 0x2F, 0x0B,
    0xC0, 0xBC, 0x2F, 0x03, 0xF1, 0xFF, 0xE1, 0xF0, 0xF8, 0x07, 0xC3, 0xD0, 0x1F, 0x0F, 0x40, 0xBC,
    0x1B, 0x90, 0xF4, 0x7C, 0x01, 0xF1, 0xF0, 0x07, 0xCB, 0xC0, 0x1F, 0x00, 0x00, 0xF8, 0x2F, 0x00,
    0x7C, 0xBC, 0x01, 0xF3, 0xE0, 0x0B, 0xC0, 0x00, 0xBC, 0x0F, 0x80, 0x2F, 0x3E, 0x00, 0xBC, 0xF4,
    0x02, 0xE0, 0x00, 0x7C, 0x03, 0xD0, 0x0B, 0x8F, 0x40, 0x3E, 0x3D, 0x00, 0xF4, 0x00, 0x3D, 0x00,
    0xF4, 0x03, 0xD3, 0xD0, 0x0F, 0x5F, 0x00, 0x3C, 0x00, 0x3E, 0x00, 0x3D, 0x01, 0xF0, 0xF0, 0x07,
    0xC7, 0xC0, 0x2F, 0x00, 0x2F, 0x00, 0x0F, 0x40, 0xF8, 0x3D, 0x03, 0xE1, 0xF0, 0x0F, 0x40, 0x1F,
    0x00, 0x03, 0xF0, 0xBC, 0x0F, 0x82, 0xF0, 0x3E, 0x0B, 0xC0, 0x0F, 0x40, 0x00, 0x7F, 0xFD, 0x02,
    0xFF, 0xF4, 0x0B, 0xFF, 0xD0, 0x0F, 0x80, 0x00, 0x0B, 0xFD, 0x00, 0x2F, 0xF4, 0x00, 0xFF, 0xD0,
    0x00, 0x00, 0x00, 0x00, 0x14, 0x00, 0x00, 0x40, 0x00, 0x01, 0x00, 0x00, 0x00, 0xBD, 0x00, 0xFC,
    0x02, 0xF0, 0x03, 0xE0, 0x0B, 0xC0, 0x0F, 0x40, 0x2E, 0x00, 0x3C, 0x00, 0x74, 0x00, 0x00, 0xBD,
    0x0F, 0xC0, 0x0F, 0xC2, 0xF4, 0x02, 0xF0, 0x3F, 0x00, 0x3E, 0x0B, 0xC0, 0x0B, 0xC0, 0xF8, 0x00,
    0xF4, 0x1F, 0x00, 0x2E, 0x03, 0xC0, 0x03, 0xC0, 0x78, 0x00, 0x74, 0x0A, 0x00, 0x00, 0x00, 0xBD,
    0x0F, 0xC1, 0xF8, 0x03, 0xF0, 0xBD, 0x0F, 0xC0, 0x2F, 0x03, 0xF0, 0x7D, 0x00, 0xF8, 0x2F, 0x03,
    0xF0, 0x0B, 0xC0, 0xF8, 0x1F, 0x00, 0x3D, 0x07, 0xC0, 0xF8, 0x02, 0xE0, 0x3C, 0x07, 0xC0, 0x0F,
    0x01, 0xE0, 0x3C, 0x00, 0x74, 0x0A, 0x00, 0xE0, 0x00, 0x7D, 0x0F, 0x83, 0xE0, 0xBC, 0x1F, 0x03,
    0xD0, 0xB4, 0x1E, 0x03, 0x80, 0x7D, 0x1F, 0x40, 0xF8, 0x3E, 0x03, 0xE0, 0xFC, 0x0B, 0xC1, 0xF0,
    0x1F, 0x03, 0xC0, 0x3D, 0x0F, 0x40, 0xB4, 0x2E, 0x01, 0xE0, 0x7C, 0x03, 0x80, 0xF0, 0x7D, 0x1F,
    0x43, 0xE0, 0x3E, 0x0F, 0x83, 0xF0, 0x3E, 0x0F, 0xC2, 0xF0, 0x2F, 0x07, 0xC1, 0xF0, 0x1F, 0x03,
    0xC0, 0xF4, 0x0F, 0x43, 0xD0, 0xB8, 0x0B, 0x42, 0xE0, 0x78, 0x07, 0x81, 0xF0, 0x3C, 0x03, 0x80,
    0xF0, 0x2C, 0x00, 0x01, 0x80, 0x00, 0x00, 0xF4, 0x00, 0x00, 0xFE, 0x00, 0x00, 0xBB, 0xC0, 0x00,
    0x7C, 0xB0, 0x00, 0x3C, 0x1D, 0x00, 0x2D, 0x03, 0xC0, 0x1E, 0x00, 0xF0, 0x0F, 0x00, 0x2D, 0x0F,
    0x40, 0x03, 0x8B, 0x80, 0x00, 0xF0, 0x00, 0x04, 0x00, 0x07, 0xC0, 0x07, 0xE0, 0x07, 0xE0, 0x07,
    0xF0, 0x07, 0xF0, 0x07, 0xF0, 0x01, 0xF8, 0x00, 0x3F, 0x00, 0x07, 0xD0, 0x00, 0xFC, 0x00, 0x1F,
    0x40, 0x03, 0xF0, 0x00, 0x38, 0x00, 0x00, 0x00, 0x01, 0x40, 0x01, 0xF0, 0x00, 0x3E, 0x00, 0x0B,
    0xC0, 0x00, 0xF8, 0x00, 0x2F, 0x00, 0x03, 0xE0, 0x00, 0xFC, 0x00, 0xFE, 0x00, 0xFD, 0x00, 0xBD,
    0x00, 0xBD, 0x00, 0x7D, 0x00, 0x0D, 0x00, 0x00, 0x00, 0x00, 0x00, 0x00, 0x00, 0x00, 0x00, 0x00,
    0x00, 0x40, 0x00, 0x2F, 0x40, 0x00, 0x10, 0x2F, 0x00, 0x03, 0xF8, 0x00, 0x0F, 0x41, 0xFC, 0x00,
    0x3F, 0x80, 0x03, 0xF0, 0x07, 0xF0, 0x01, 0xE0, 0x00, 0xFC, 0x00, 0x1F, 0xC0, 0x00, 0x00, 0x3F,
    0x00, 0x00, 0x7F, 0x00, 0x00, 0x0F, 0xC0, 0x00, 0x01, 0xFC, 0x00, 0x03, 0xF0, 0x00, 0x00, 0x07,
    0xF0, 0x00, 0xFC, 0x00, 0x00, 0x00, 0x1F, 0xC0, 0x3F, 0x00, 0x00, 0x00, 0x00, 0x7F, 0x0F, 0xC0,
    0x00, 0x01, 0x90, 0x01, 0xFF, 0xF0, 0x00, 0xA4, 0x3F, 0x00, 0x07, 0xFC, 0x00, 0x1F, 0xC7, 0xF4,
    0x00, 0x3F, 0xC0, 0x01, 0xFC, 0x3F, 0x00, 0x0F, 0xFF, 0x00, 0x0F, 0xC0, 0x00, 0x03, 0xF1, 0xFC,
    0x00, 0x00, 0x00, 0x00, 0xFC, 0x07, 0xF0, 0x00, 0x00, 0x00, 0x3F, 0x00, 0x1F, 0xC0, 0x00, 0x00,
    0x0F, 0xC0, 0x00, 0x7E, 0x00, 0x00, 0x03, 0xF0, 0x00, 0x01, 0xF8, 0x00, 0x00, 0xFC, 0x00, 0x00,
    0x07, 0xE0, 0x00, 0x3F, 0x00, 0x05, 0x00, 0x1F, 0x80, 0x0F, 0xC0, 0x03, 0xF4, 0x00, 0x7E, 0x02,
    0xF0, 0x00, 0x3F, 0x80, 0x01, 0xF4, 0x08, 0x00, 0x03, 0xF4, 0x00, 0x06, 0x00, 0x00, 0x00, 0x05,
    0x00, 0x00, 0x00, 0x00, 0x1F, 0xC0, 0x2F, 0x80, 0x0B, 0xF0, 0x0F, 0xE0, 0x03, 0xF8, 0x03, 0xF4,
    0x00, 0xFD, 0x00, 0xFC, 0x00, 0x3F, 0x00, 0x7F, 0x00, 0x1F, 0xC0, 0x2F, 0x80, 0x0B, 0xE0, 0x0F,
    0xD0, 0x02, 0xF4, 0x03, 0xF0, 0x00, 0xFC, 0x00, 0xFC, 0x00, 0x3F, 0x00, 0x7E, 0x00, 0x0F, 0x80,
    0x1F, 0x40, 0x07, 0xD0, 0x0B, 0xC0, 0x02, 0xF0, 0x03, 0xF0, 0x00, 0xFC, 0x00, 0xF8, 0x00, 0x3E,
    0x00, 0x3D, 0x00, 0x0F, 0x40, 0x1F, 0x00, 0x07, 0xC0, 0x0B, 0xC0, 0x00, 0x50, 0x00, 0x40, 0x00,
    0x00, 0x00, 0x00, 0x00, 0x00, 0x00, 0x00, 0x00, 0x1F, 0x40, 0x2F, 0x00, 0x0F, 0xF0, 0x1F, 0xE0,
    0x07, 0xFC, 0x0B, 0xF8, 0x00, 0xFD, 0x01, 0xFC, 0x00, 0x04, 0x00, 0x14, 0x00, 0x00, 0x00, 0x00,
    0x00, 0x00, 0x1F, 0xFF, 0x40, 0x2F, 0xFF, 0xFF, 0x01, 0xFF, 0xFB, 0xF8, 0x08, 0x7E, 0x1F, 0xC0,
    0x0B, 0xD0, 0xFC, 0x00, 0xFC, 0x0F, 0xC0, 0x0F, 0xC0, 0xFC, 0x00, 0xF8, 0x1F, 0x80, 0x1F, 0x43,
    0xF4, 0x01, 0xF0, 0xFE, 0x00, 0x2F, 0x7F, 0x80, 0x03, 0xFF, 0xD0, 0x00, 0x3F, 0xF4, 0x00, 0x03,
    0xFC, 0x00, 0x00, 0x7F, 0x00, 0x00, 0x07, 0xC0, 0x00, 0x00, 0xBC, 0x00, 0x00, 0x01, 0x00, 0x00,
    0x00, 0x00, 0x00, 0x00, 0x00, 0x00, 0x00, 0x01, 0xF4, 0x00, 0x00, 0x3F, 0x80, 0x00, 0x07, 0xF8,
    0x00, 0x00, 0x7F, 0x00, 0x00, 0x01, 0x40, 0x00, 0x00, 0x2A, 0xAA, 0xAA, 0xA1, 0xFF, 0xFF, 0xFF,
    0xC6, 0xAA, 0xAA, 0xA9, 0x00, 0x30, 0x00, 0x00, 0x01, 0x87, 0x40, 0x00, 0x00, 0x38, 0x3C, 0x00,
    0x00, 0x0F, 0x02, 0xE0, 0x00, 0x07, 0xC0, 0x0F, 0x80, 0x02, 0xF4, 0x00, 0x3F, 0xFF, 0xF8, 0x00,
    0x00, 0x6F, 0xF8, 0x00, 0x00, 0x00, 0x00, 0x55, 0x00, 0x00, 0x00, 0xBF, 0xFE, 0x00, 0x00, 0xBF,
    0x55, 0xFD, 0x00, 0x2F, 0x00, 0x01, 0xF0, 0x0B, 0x80, 0x00, 0x03, 0x81, 0xD0, 0x00, 0x00, 0x2C,
    0x38, 0x00, 0x00, 0x00, 0xD1, 0x00, 0x00, 0x00, 0x04, 0x00, 0x00, 0x00, 0x05, 0x00, 0x00, 0x00,
    0x2D, 0x00, 0x00, 0x00, 0x78, 0x00, 0x00, 0x00, 0xF0, 0x00, 0x00, 0x01, 0xD0, 0x00, 0x00, 0x03,
    0xC0, 0x00, 0x00, 0x0B, 0x40, 0x00, 0x00, 0x1E, 0x00, 0x00, 0x00, 0x3C, 0x00, 0x00, 0x00, 0xB4,
    0x00, 0x00, 0x00, 0xF0, 0x00, 0x00, 0x02, 0xC0, 0x00, 0x00, 0x07, 0xC0, 0x00, 0x00, 0x0F, 0xC0,
    0x00, 0x00, 0x2F, 0xC0, 0x00, 0x00, 0x3D, 0xD0, 0x00, 0x00, 0xF0, 0xE0, 0x00, 0x01, 0xE0, 0xF0,
    0x00, 0x03, 0xC0, 0xF0, 0x00, 0x0B, 0x40, 0xB0, 0x00, 0x0E, 0x00, 0xB4, 0x00, 0x3C, 0x00, 0x78,
    0x00, 0x00, 0x00, 0x00, 0x00, 0x01, 0x00, 0x00, 0x00, 0x00, 0x00, 0x00, 0x00, 0x00, 0x03, 0xF0,
    0x00, 0x00, 0x00, 0x00, 0x00, 0x00, 0x00, 0x03, 0xE0, 0x00, 0x00, 0x00, 0x00, 0x00, 0x00, 0x00,
    0x03, 0xD0, 0x00, 0x00, 0x00, 0x00, 0x00, 0x00, 0x90, 0x03, 0xC0, 0x00, 0x00, 0x00, 0x00, 0x00,
    0x00, 0xFD, 0x07, 0x80, 0x00, 0x00, 0x00, 0x00, 0x00, 0x00, 0xFF, 0xEB, 0x40, 0x00, 0x00, 0x00,
    0x00, 0x00, 0x00, 0x0B, 0xFF, 0xAF, 0xFC, 0x00, 0x00, 0x00, 0x00, 0x00, 0x00, 0x3F, 0xFF, 0xFC,
    0x00, 0x00, 0x00, 0x00, 0x00, 0x00, 0xBF, 0x81, 0x68, 0x00, 0x00, 0x00, 0x00, 0x00, 0x02, 0xF3,
    0xC0, 0x00, 0x00, 0x00, 0x00, 0x00, 0x00, 0x0F, 0xC2, 0xE0, 0x00, 0x00, 0x00, 0x00, 0x00, 0x00,
    0x3F, 0x41, 0xF0, 0x00, 0x00, 0x00, 0x00, 0x00, 0x00, 0x3E, 0x00, 0xF8, 0x00, 0x00, 0x00, 0x00,
    0x00, 0x00, 0x08, 0x00, 0xFC, 0x00, 0x00, 0x00, 0x00, 0x01, 0xF4, 0x00, 0x00, 0xA4, 0x02, 0xE0,
    0x00, 0x00, 0x01, 0xF4, 0x00, 0x00, 0x00, 0x02, 0xF0, 0x00, 0x00, 0x02, 0xF0, 0x00, 0x00, 0x00,
    0x02, 0xF0, 0x00, 0x10, 0x02, 0xE0, 0x00, 0x00, 0x10, 0x03, 0xD0, 0x00, 0x7D, 0x02, 0xD0, 0x00,
    0x00, 0xBD, 0x03, 0xC0, 0x00, 0xBF, 0xD3, 0xC0, 0x00, 0x00, 0xFF, 0xD3, 0xC0, 0x00, 0x1B, 0xFF,
    0xD5, 0xA9, 0x00, 0x1B, 0xFF, 0x95, 0xA8, 0x00, 0x6F, 0xFF, 0xFD, 0x00, 0x00, 0x6F, 0xFF, 0xFC,
    0x00, 0x2F, 0xD6, 0xBD, 0x00, 0x00, 0x3F, 0xDA, 0xFC, 0x00, 0xBE, 0xE0, 0x00, 0x00, 0x00, 0xFA,
    0xD0, 0x00, 0x03, 0xF0, 0xF0, 0x00, 0x00, 0x03, 0xF1, 0xF0, 0x00, 0x0F, 0xD0, 0xF8, 0x00, 0x00,
    0x0F, 0xC0, 0xF4, 0x00, 0x2F, 0x80, 0xBC, 0x00, 0x00, 0x2F, 0x40, 0xFC, 0x00, 0x0B, 0x00, 0x7D,
    0x00, 0x00, 0x0E, 0x00, 0xBC, 0x00, 0x00, 0x00, 0x3D, 0x00, 0x00, 0x00, 0x00, 0x7D, 0x00, 0x00,
    0x00, 0x00, 0x00, 0x00, 0x00, 0x00, 0x00, 0x00, 0x00, 0x00, 0x0B, 0xFF, 0xE3, 0xFF, 0xF4, 0x55,
    0x54, 0x00, 0x00, 0x00, 0x00, 0x1E, 0x00, 0x00, 0x00, 0x00, 0x1F, 0x40, 0x00, 0x00, 0x00, 0x0F,
    0x80, 0x00, 0x00, 0x00, 0x0F, 0xC0, 0x00, 0x00, 0x00, 0x0B, 0xC0, 0x00, 0x00, 0x00, 0x07, 0xD0,
    0x00, 0x00, 0x00, 0x03, 0xE0, 0x00, 0x00, 0x00, 0x02, 0xF0, 0x00, 0x00, 0x00, 0x01, 0xF0, 0x00,
    0x00, 0x00, 0x00, 0xF4, 0x00, 0x00, 0x00, 0x00, 0xF8, 0x00, 0x00, 0x00, 0x00, 0xBC, 0x00, 0x00,
    0x00, 0x00, 0x7C, 0x00, 0x00, 0x00, 0x00, 0x3D, 0x00, 0x00, 0x00, 0x00, 0x3E, 0x00, 0x00, 0x00,
    0x00, 0x2F, 0x00, 0x00, 0x00, 0x00, 0x1F, 0x00, 0x00, 0x00, 0x00, 0x0F, 0x40, 0x00, 0x00, 0x00,
    0x0F, 0x80, 0x00, 0x00, 0x00, 0x0B, 0xC0, 0x00, 0x00, 0x00, 0x07, 0xC0, 0x00, 0x00, 0x00, 0x03,
    0xD0, 0x00, 0x00, 0x00, 0x03, 0xE0, 0x00, 0x00, 0x00, 0x02, 0xF0, 0x00, 0x00, 0x00, 0x00, 0x00,
    0x03, 0xFF, 0xC0, 0x00, 0x7F, 0xFC, 0x00, 0x0B, 0xEA, 0x80, 0x00, 0xFC, 0x00, 0x00, 0x0F, 0x80,
    0x00, 0x00, 0xF8, 0x00, 0x00, 0x1F, 0x40, 0x00, 0x02, 0xF0, 0x00, 0x00, 0x3F, 0x00, 0x00, 0x03,
    0xE0, 0x00, 0x00, 0x7D, 0x00, 0x00, 0x0B, 0xC0, 0x00, 0x00, 0xBC, 0x00, 0x00, 0x0F, 0xD5, 0x00,
    0x00, 0xFF, 0xF4, 0x00, 0x1F, 0xFF, 0x00, 0x02, 0xF0, 0x00, 0x00, 0x3F, 0x00, 0x00, 0x03, 0xF0,
    0x00, 0x00, 0x3E, 0x00, 0x00, 0x07, 0xD0, 0x00, 0x00, 0xBC, 0x00, 0x00, 0x0F, 0xC0, 0x00, 0x00,
    0xF8, 0x00, 0x00, 0x1F, 0x80, 0x00, 0x01, 0xF4, 0x00, 0x00, 0x2F, 0x00, 0x00, 0x03, 0xFF, 0xE0,
    0x00, 0x3F, 0xFD, 0x00, 0x01, 0x55, 0x40, 0x00, 0x00, 0x07, 0xFF, 0xC0, 0x00, 0xBF, 0xFC, 0x00,
    0x06, 0xAF, 0x80, 0x00, 0x01, 0xF8, 0x00, 0x00, 0x1F, 0x40, 0x00, 0x02, 0xF0, 0x00, 0x00, 0x3F,
    0x00, 0x00, 0x03, 0xE0, 0x00, 0x00, 0x7D, 0x00, 0x00, 0x0B, 0xC0, 0x00, 0x00, 0xFC, 0x00, 0x00,
    0x0F, 0xC0, 0x00, 0x00, 0xF8, 0x00, 0x05, 0x6F, 0x40, 0x01, 0xFF, 0xF0, 0x00, 0x1F, 0xFF, 0x00,
    0x00, 0x03, 0xE0, 0x00, 0x00, 0x7E, 0x00, 0x00, 0x07, 0xD0, 0x00, 0x00, 0xBC, 0x00, 0x00, 0x0F,
    0xC0, 0x00, 0x00, 0xF8, 0x00, 0x00, 0x1F, 0x40, 0x00, 0x02, 0xF0, 0x00, 0x00, 0x2F, 0x00, 0x00,
    0x03, 0xF0, 0x00, 0x00, 0x7E, 0x00, 0x03, 0xFF, 0xD0, 0x00, 0x7F, 0xFC, 0x00, 0x01, 0x55, 0x40,
    0x00, 0x00, 0x00, 0x00, 0x00, 0x00, 0x00, 0x00, 0x01, 0xFF, 0xF4, 0x00, 0x1B, 0xFF, 0x80, 0x2F,
    0xFF, 0xFF, 0x00, 0xFF, 0xFF, 0xF4, 0x1F, 0xE5, 0xBF, 0x80, 0xFE, 0x5B, 0xFC, 0x08, 0x00, 0x1F,
    0xC0, 0x50, 0x00, 0xFD, 0x00, 0x00, 0x0F, 0xC0, 0x00, 0x00, 0xBD, 0x00, 0x00, 0x0F, 0xC0, 0x00,
    0x00, 0xBD, 0x00, 0x00, 0x0F, 0xC0, 0x00, 0x00, 0xBD, 0x00, 0x00, 0x1F, 0x80, 0x00, 0x00, 0xFC,
    0x00, 0x00, 0x3F, 0x00, 0x00, 0x02, 0xF8, 0x00, 0x00, 0xFE, 0x00, 0x00, 0x0B, 0xF0, 0x00, 0x07,
    0xF8, 0x00, 0x00, 0x3F, 0xC0, 0x00, 0x2F, 0xE0, 0x00, 0x01, 0xFF, 0x00, 0x00, 0xBF, 0x40, 0x00,
    0x07, 0xF8, 0x00, 0x01, 0xFC, 0x00, 0x00, 0x0F, 0xD0, 0x00, 0x03, 0xF0, 0x00, 0x00, 0x2F, 0x00,
    0x00, 0x07, 0xC0, 0x00, 0x00, 0x3E, 0x00, 0x00, 0x0B, 0xC0, 0x00, 0x00, 0x7C, 0x00, 0x00, 0x01,
    0x00, 0x00, 0x00, 0x14, 0x00, 0x00, 0x00, 0x00, 0x00, 0x00, 0x00, 0x00, 0x00, 0x00, 0x00, 0x00,
    0x00, 0x00, 0x00, 0x00, 0x1F, 0x40, 0x00, 0x00, 0xF8, 0x00, 0x00, 0x3F, 0x80, 0x00, 0x03, 0xFC,
    0x00, 0x00, 0x7F, 0x80, 0x00, 0x03, 0xFC, 0x00, 0x00, 0x7F, 0x00, 0x00, 0x03, 0xF8, 0x00, 0x00,
    0x14, 0x00, 0x00, 0x00, 0x50, 0x00, 0x00, 0x00, 0x00, 0x00, 0x00, 0x00, 0x00, 0x1F, 0xFF, 0x40,
    0x00, 0xFD, 0x2F, 0xFF, 0xFF, 0x00, 0x1F, 0xC1, 0xFE, 0x5B, 0xF8, 0x01, 0xFC, 0x08, 0x00, 0x1F,
    0xC0, 0x2F, 0x80, 0x00, 0x00, 0xFC, 0x03, 0xF4, 0x00, 0x00, 0x0F, 0xC0, 0x3F, 0x00, 0x00, 0x00,
    0xFC, 0x03, 0xF0, 0x00, 0x00, 0x1F, 0x80, 0x7E, 0x00, 0x00, 0x03, 0xF0, 0x0B, 0xD0, 0x00, 0x00,
    0xFE, 0x00, 0xBC, 0x00, 0x00, 0x7F, 0x80, 0x0F, 0xC0, 0x00, 0x2F, 0xE0, 0x00, 0xF8, 0x00, 0x0B,
    0xF4, 0x00, 0x1F, 0x40, 0x01, 0xFC, 0x00, 0x01, 0xF0, 0x00, 0x3F, 0x00, 0x00, 0x2F, 0x00, 0x07,
    0xC0, 0x00, 0x03, 0xE0, 0x00, 0xBC, 0x00, 0x00, 0x3D, 0x00, 0x01, 0x00, 0x00, 0x01, 0x40, 0x00,
    0x00, 0x00, 0x00, 0x00, 0x00, 0x00, 0x00, 0x00, 0x00, 0x00, 0x01, 0xF4, 0x00, 0x00, 0xF8, 0x00,
    0x3F, 0x80, 0x00, 0x3F, 0xC0, 0x07, 0xF8, 0x00, 0x03, 0xFC, 0x00, 0x7F, 0x00, 0x00, 0x3F, 0x80,
    0x01, 0x40, 0x00, 0x00, 0x50, 0x00, 0x00, 0x00, 0x00, 0x00, 0x00, 0x00, 0x00, 0x1F, 0xC0, 0x0B,
    0xFF, 0xD0, 0x00, 0x2F, 0xC0, 0xFF, 0xFF, 0xF8, 0x00, 0x3F, 0x80, 0xBF, 0x97, 0xFD, 0x00, 0x3F,
    0x40, 0x20, 0x00, 0xBE, 0x00, 0x3F, 0x00, 0x00, 0x00, 0x7F, 0x00, 0x7F, 0x00, 0x00, 0x00, 0x3F,
    0x00, 0xBE, 0x00, 0x00, 0x00, 0x7E, 0x00, 0xBD, 0x00, 0x00, 0x00, 0xBD, 0x00, 0xFC, 0x00, 0x00,
    0x01, 0xFC, 0x00, 0xFC, 0x00, 0x00, 0x07, 0xF0, 0x00, 0xF8, 0x00, 0x00, 0x2F, 0xD0, 0x01, 0xF4,
    0x00, 0x00, 0xBF, 0x40, 0x02, 0xF0, 0x00, 0x03, 0xFC, 0x00, 0x03, 0xF0, 0x00, 0x0B, 0xE0, 0x00,
    0x03, 0xE0, 0x00, 0x0F, 0x80, 0x00, 0x03, 0xD0, 0x00, 0x2F, 0x00, 0x00, 0x07, 0xC0, 0x00, 0x3E,
    0x00, 0x00, 0x01, 0x40, 0x00, 0x14, 0x00, 0x00, 0x00, 0x00, 0x00, 0x00, 0x00, 0x00, 0x00, 0x00,
    0x00, 0x00, 0x00, 0x00, 0x1F, 0x40, 0x00, 0xBC, 0x00, 0x00, 0x3F, 0xC0, 0x01, 0xFD, 0x00, 0x00,
    0x7F, 0xC0, 0x02, 0xFD, 0x00, 0x00, 0x3F, 0x40, 0x02, 0xFC, 0x00, 0x00, 0x04, 0x00, 0x00, 0x50,
    0x00, 0x00, 0xBF, 0xFF, 0xFF, 0xFF, 0x3F, 0xFF, 0xFF, 0xFF, 0xC5, 0x55, 0x55, 0x57, 0xF0, 0x00,
    0x00, 0x02, 0xF0, 0x00, 0x00, 0x01, 0xF8, 0x00, 0x00, 0x00, 0xFC, 0x00, 0x00, 0x00, 0xBD, 0x00,
    0x00, 0x00, 0x3F, 0x00, 0x00, 0x00, 0x2F, 0x00, 0x00, 0x00, 0x1F, 0x80, 0x00, 0x00, 0x0F, 0xC0,
    0x00, 0x00, 0x0B, 0xD0, 0x00, 0x00, 0x07, 0xF0, 0x00, 0x00, 0x03, 0xF0, 0x00, 0x00, 0x01, 0xF8,
    0x00, 0x00, 0x00, 0xFC, 0x00, 0x00, 0x00, 0xBD, 0x00, 0x00, 0x00, 0x7F, 0x00, 0x00, 0x00, 0x15,
    0x55, 0x54, 0x00, 0x2F, 0xFF, 0xFF, 0xF8, 0x0B, 0xFF, 0xFF, 0xFF, 0xC2, 0xE5, 0x7F, 0xFF, 0xF8,
    0xB4, 0x0F, 0xFF, 0xFF, 0x2D, 0x03, 0xFF, 0xFF, 0xEB, 0x40, 0xFF, 0xFF, 0xFE, 0xD0, 0x3F, 0xFF,
    0xFF, 0xB4, 0x0F, 0xFF, 0xFF, 0xED, 0x03, 0xFF, 0xFF, 0xFB, 0x40, 0xFF, 0xFF, 0xFE, 0xD0, 0x3F,
    0xFF, 0xFF, 0xB4, 0x0F, 0xFF, 0xFF, 0xAD, 0x03, 0xFF, 0xFF, 0xDB, 0x40, 0xFF, 0xFF, 0xF2, 0xD0,
    0x3F, 0xFF, 0xF0, 0xB4, 0x0F, 0xFF, 0xE0, 0x2D, 0x03, 0xC0, 0x00, 0x0B, 0x40, 0xF0, 0x00, 0x02,
    0xD0, 0x3C, 0x00, 0x00, 0xB4, 0x0F, 0x00, 0x00, 0x2D, 0x03, 0xC0, 0x00, 0x0B, 0x40, 0xF0, 0x00,
    0x02, 0xD0, 0x3C, 0x00, 0x00, 0xB4, 0x0F, 0x00, 0x00, 0x2D, 0x03, 0xC0, 0x00, 0x0B, 0x40, 0xF0,
    0x00, 0x02, 0xD0, 0x3C, 0x00, 0x00, 0xB4, 0x0F, 0x00, 0x00, 0x2D, 0x03, 0xC0, 0x00, 0x00, 0x00,
    0x00, 0x00, 0x00, 0x00, 0x2B, 0xFF, 0xFF, 0xD0, 0x2F, 0xFF, 0xFF, 0xFD, 0x0B, 0xFF, 0xFF, 0x57,
    0xD1, 0xFF, 0xFF, 0xF0, 0x2D, 0x2F, 0xFF, 0xFF, 0x02, 0xD3, 0xFF, 0xFF, 0xF0, 0x2D, 0x3F, 0xFF,
    0xFF, 0x02, 0xD3, 0xFF, 0xFF, 0xF0, 0x2D, 0x3F, 0xFF, 0xFF, 0x02, 0xD3, 0xFF, 0xFF, 0xF0, 0x2D,
    0x3F, 0xFF, 0xFF, 0x02, 0xD3, 0xFF, 0xFF, 0xF0, 0x2D, 0x2F, 0xFF, 0xFF, 0x02, 0xD0, 0xFF, 0xFF,
    0xF0, 0x2D, 0x0B, 0xFF, 0xFF, 0xAB, 0xD0, 0x2F, 0xFF, 0xFF, 0xFD, 0x00, 0x1A, 0xAA, 0xAA, 0x90,
    0x3F, 0xFF, 0xFF, 0x90, 0x03, 0xFF, 0xFF, 0xFF, 0xC0, 0x3D, 0x5F, 0xFF, 0xFF, 0x03, 0xC0, 0xBF,
    0xFF, 0xF8, 0x3C, 0x0B, 0xFF, 0xFF, 0xC3, 0xC0, 0xBF, 0xFF, 0xFC, 0x3C, 0x0B, 0xFF, 0xFF, 0xD3,
    0xC0, 0xBF, 0xFF, 0xFD, 0x3C, 0x0B, 0xFF, 0xFF, 0xE3, 0xC0, 0xBF, 0xFF, 0xFD, 0x3C, 0x0B, 0xFF,
    0xFF, 0xD3, 0xC0, 0xBF, 0xFF, 0xFC, 0x3C, 0x0B, 0xFF, 0xFF, 0xC3, 0xC0, 0xBF, 0xFF, 0xF8, 0x3E,
    0xAF, 0xFF, 0xFF, 0x03, 0xFF, 0xFF, 0xFF, 0xC0, 0x2A, 0xAA, 0xAA, 0x80, 0x00, 0x00, 0x00, 0x00,
    0x00, 0x00, 0x00, 0x2F, 0x00, 0x00, 0x00, 0x0F, 0xC0, 0x00, 0x00, 0x03, 0xE0, 0x00, 0x18, 0x00,
    0xF4, 0x00, 0x0F, 0xE0, 0x3C, 0x00, 0x03, 0xFF, 0x9E, 0x00, 0x00, 0x06, 0xFF, 0xEF, 0xFC, 0x00,
    0x0B, 0xFF, 0xFF, 0x00, 0x07, 0xFC, 0x16, 0x80, 0x07, 0xDB, 0x40, 0x00, 0x0B, 0xE1, 0xF0, 0x00,
    0x0B, 0xF0, 0x3D, 0x00, 0x02, 0xF0, 0x0F, 0xC0, 0x00, 0x24, 0x02, 0xF4, 0x00, 0x00, 0x00, 0x74,
    0x00, 0x00, 0x40, 0x0F, 0xD0, 0xBF, 0x42, 0xFD, 0x07, 0xE0, 0x00, 0x00, 0x00, 0x00, 0x00, 0x00,
    0x00, 0x00, 0x00, 0x00, 0x00, 0x00, 0x00, 0x00, 0x00, 0x00, 0x00, 0x3F, 0x00, 0xFC, 0x03, 0xF0,
    0x0F, 0xC0, 0x2F, 0x00, 0xBC, 0x01, 0xF0, 0x03, 0xC0, 0x05, 0x00, 0x00, 0x00, 0x00, 0x55, 0x00,
    0x00, 0x00, 0x00, 0xBF, 0xFE, 0x00, 0x00, 0x00, 0xBF, 0x55, 0xFD, 0x00, 0x00, 0x2F, 0x00, 0x01,
    0xF0, 0x00, 0x0B, 0x80, 0x00, 0x03, 0x80, 0x01, 0xD0, 0x00, 0x00, 0x2C, 0x00, 0x38, 0x00, 0x00,
    0x00, 0xD0, 0x01, 0x00, 0x00, 0x00, 0x04, 0x00, 0x00, 0x00, 0x00, 0x00, 0x00, 0x00, 0x00, 0x00,
    0x00, 0x00, 0x00, 0x00, 0x00, 0x00, 0x00, 0x00, 0x00, 0x00, 0x00, 0x00, 0x00, 0x00, 0x00, 0x00,
    0x00, 0x00, 0x00, 0x00, 0x00, 0x00, 0x00, 0x00, 0x00, 0x00, 0x00, 0x00, 0x00, 0x00, 0x00, 0x00,
    0x00, 0x00, 0x00, 0x00, 0x00, 0x00, 0x00, 0x00, 0x00, 0x00, 0x00, 0x00, 0x00, 0x00, 0x00, 0x00,
    0x00, 0x00, 0x00, 0x00, 0x00, 0x00, 0x00, 0x00, 0x00, 0x00, 0x00, 0x00, 0x00, 0x00, 0x00, 0x00,
    0x00, 0x00, 0x00, 0x00, 0x00, 0x00, 0x00, 0x00, 0x00, 0x00, 0x00, 0x00, 0x00, 0x00, 0x00, 0x00,
    0x00, 0x00, 0x00, 0x00, 0x00, 0x00, 0x00, 0x00, 0x00, 0x00, 0x00, 0x00, 0x00, 0x00, 0x00, 0x00,
    0x00, 0x00, 0x00, 0x00, 0x00, 0x30, 0x00, 0x00, 0x01, 0x80, 0x07, 0x40, 0x00, 0x00, 0x38, 0x00,
    0x3C, 0x00, 0x00, 0x0F, 0x00, 0x02, 0xE0, 0x00, 0x07, 0xC0, 0x00, 0x0F, 0x80, 0x02, 0xF4, 0x00,
    0x00, 0x3F, 0xFF, 0xF8, 0x00, 0x00, 0x00, 0x6F, 0xF8, 0x00, 0x00, 0x00, 0x00, 0x00, 0x01, 0x00,
    0x00, 0x00, 0x00, 0x0F, 0xC0, 0x00, 0x00, 0x00, 0x3E, 0x00, 0x00, 0x00, 0x01, 0xF0, 0x00, 0x00,
    0x90, 0x07, 0xC0, 0x00, 0x03, 0xF4, 0x1E, 0x00, 0x00, 0x1F, 0xFD, 0xB0, 0x00, 0x00, 0x06, 0xFF,
    0xEB, 0xFE, 0x00, 0x00, 0x3F, 0xFF, 0xF8, 0x00, 0x02, 0xFE, 0x05, 0x90, 0x00, 0x3F, 0x3C, 0x00,
    0x00, 0x03, 0xF0, 0xF4, 0x00, 0x00, 0x3F, 0x42, 0xF0, 0x00, 0x00, 0xF8, 0x07, 0xD0, 0x00, 0x00,
    0x80, 0x0F, 0xC0, 0x00, 0x00, 0x00, 0x29, 0x00, 0x00, 0x00, 0x00, 0x00, 0x00, 0x00, 0x00, 0x00,
    0x00, 0x00, 0x00, 0x2F, 0x40, 0x00, 0x00, 0x00, 0xBC, 0x00, 0x00, 0x00, 0x02, 0xF0, 0x00, 0x00,
    0x80, 0x0F, 0x40, 0x00, 0x0B, 0xE0, 0x3C, 0x00, 0x00, 0x2F, 0xF8, 0xF0, 0x00, 0x00, 0x06, 0xFF,
    0xEF, 0xFD, 0x00, 0x00, 0x7F, 0xFF, 0xF4, 0x00, 0x07, 0xFC, 0x16, 0x80, 0x00, 0x7D, 0xB8, 0x00,
    0x00, 0x07, 0xE1, 0xF0, 0x00, 0x00, 0x7F, 0x03, 0xE0, 0x00, 0x01, 0xF0, 0x0B, 0xC0, 0x00, 0x01,
    0x40, 0x1F, 0x40, 0x00, 0x00, 0x00, 0x38, 0x00, 0x00, 0x00, 0x00, 0x00, 0x1F, 0x80, 0x07, 0xCB,
    0xF0, 0x03, 0xE2, 0xFC, 0x01, 0xF4, 0x3D, 0x00, 0xBC, 0x00, 0x00, 0x3D, 0x00, 0x00, 0x1F, 0x00,
    0x00, 0x0F, 0x80, 0x00, 0x07, 0xD0, 0x00, 0x02, 0xF0, 0x00, 0x00, 0xF8, 0x00, 0x00, 0x7C, 0x00,
    0x00, 0x3E, 0x00, 0x00, 0x0F, 0x40, 0x00, 0x0B, 0xC0, 0x00, 0x03, 0xE0, 0x00, 0x01, 0xF0, 0x00,
    0x00, 0xFC, 0x00, 0x00, 0x3D, 0x00, 0x00, 0x2F, 0x00, 0x00, 0x0F, 0x80, 0x00, 0x07, 0xC0, 0x0A,
    0x43, 0xF0, 0x0B, 0xF0, 0xF4, 0x02, 0xFC, 0xBC, 0x00, 0x7F, 0x00, 0x00, 0x01, 0x00, 0x00, 0x15,
    0x40, 0x00, 0x00, 0x00, 0x01, 0x00, 0xBF, 0xFF, 0xE4, 0x00, 0x00, 0x02, 0xD0, 0xFF, 0xFF, 0xFF,
    0xE4, 0x00, 0x01, 0xF0, 0xF8, 0x00, 0x1B, 0xFF, 0xFA, 0x57, 0xF4, 0x78, 0x00, 0x00, 0x07, 0xFF,
    0xFF, 0xF4, 0x1C, 0x00, 0x00, 0x00, 0x05, 0xBF, 0x90, 0x00, 0x00, 0x00, 0x10, 0x00, 0x00, 0x01,
    0xFF, 0xFD, 0x00, 0x00, 0xFF, 0x9A, 0xF8, 0x00, 0x3E, 0x00, 0x03, 0xE0, 0x0F, 0x40, 0x00, 0x0F,
    0x03, 0xC0, 0x00, 0x00, 0x38, 0x74, 0x00, 0x00, 0x02, 0xC1, 0x00, 0x00, 0x00, 0x10, 0x00, 0x00,
    0x74, 0x00, 0x00, 0x00, 0x0B, 0x80, 0x00, 0x01, 0x80, 0xB8, 0x0D, 0x00, 0x3E, 0x0B, 0x83, 0xF0,
    0x00, 0xF8, 0xB8, 0xFC, 0x00, 0x03, 0xEB, 0xBF, 0x00, 0x00, 0x0F, 0xFF, 0xC0, 0x01, 0x55, 0xBF,
    0xF9, 0x55, 0x3F, 0xFF, 0xFF, 0xFF, 0xF2, 0xAA, 0xFF, 0xFA, 0xAA, 0x00, 0x0F, 0xFF, 0xC0, 0x00,
    0x03, 0xFB, 0xBF, 0x00, 0x00, 0xFC, 0xB8, 0xFC, 0x00, 0x3F, 0x0B, 0x83, 0xF0, 0x02, 0xC0, 0xB8,
    0x0E, 0x00, 0x00, 0x0B, 0x80, 0x00, 0x00, 0x00, 0xB8, 0x00, 0x00, 0x00, 0x00, 0x00, 0x00, 0x00,
    0x00, 0x00, 0x00, 0x00, 0x00, 0x0F, 0xC0, 0x00, 0x00, 0x7F, 0x40, 0x00, 0x00, 0xFD, 0x00, 0x00,
    0x01, 0x90, 0x00, 0x00, 0x00, 0x00, 0x00, 0x00, 0x00, 0x00, 0x00, 0x00, 0x00, 0x00, 0x00, 0x00,
    0x00, 0x00, 0x00, 0x00, 0x00, 0x00, 0x00, 0x00, 0x07, 0x80, 0x00, 0x00, 0x3F, 0x80, 0x00, 0x00,
    0xFE, 0x00, 0x00, 0x03, 0xF0, 0x00, 0x00, 0x00, 0x00, 0x00, 0x00, 0x00, 0x00, 0x00, 0x00, 0x00,
    0x00, 0x00, 0x00, 0x00, 0x00, 0x00, 0x00, 0x00, 0x00, 0x00, 0x00, 0x00, 0x00, 0x00, 0x00, 0x00,
    0x01, 0x40, 0x00, 0x00, 0x3F, 0x40, 0x00, 0x01, 0xFD, 0x00, 0x00, 0x03, 0xF4, 0x00, 0x00, 0x06,
    0x40, 0x00, 0xBD, 0x0F, 0xC1, 0xF4, 0x2F, 0x00, 0x3F, 0x0B, 0xD0, 0xFC, 0x1F, 0x80, 0x2F, 0x03,
    0xF0, 0x7D, 0x0F, 0xC0, 0x0F, 0x82, 0xF0, 0x3E, 0x07, 0xD0, 0x0B, 0xC0, 0xF8, 0x1F, 0x03, 0xE0,
    0x03, 0xD0, 0x7C, 0x0F, 0x41, 0xF0, 0x02, 0xE0, 0x3C, 0x07, 0xC0, 0xF4, 0x00, 0xF0, 0x1E, 0x03,
    0xC0, 0x7C, 0x00, 0x74, 0x0A, 0x01, 0xD0, 0x2C, 0x00, 0x00, 0x00, 0x00, 0x00, 0x00, 0x00, 0x00,
    0x00, 0x00, 0x00, 0xFC, 0x00, 0x00, 0x00, 0x00, 0x00, 0x7F, 0x40, 0x00, 0x00, 0x00, 0x00, 0x1F,
    0xD0, 0x00, 0x00, 0x00, 0x00, 0x01, 0x90, 0x00, 0x00, 0x00, 0x00, 0x00, 0x00, 0x00, 0x00, 0x00,
    0x00, 0x00, 0x00, 0x00, 0x00, 0x00, 0x00, 0x00, 0x00, 0x00, 0x00, 0x00, 0x00, 0x00, 0x00, 0x00,
    0x00, 0x00, 0x00, 0x00, 0x00, 0x00, 0x00, 0x00, 0x00, 0x00, 0x00, 0x00, 0x00, 0x00, 0x00, 0x78,
    0x00, 0x00, 0x00, 0x00, 0x78, 0x3F, 0x40, 0x00, 0x00, 0x00, 0x3F, 0x8F, 0xE0, 0x00, 0x00, 0x00,
    0x0F, 0xE3, 0xF0, 0x00, 0x00, 0x00, 0x03, 0xF4, 0x00, 0x00, 0x00, 0x00, 0x00, 0x00, 0x00, 0x00,
    0x00, 0x00, 0x00, 0x00, 0x00, 0x00, 0x00, 0x00, 0x00, 0x00, 0x00, 0x00, 0x00, 0x00, 0x00, 0x00,
    0x00, 0x00, 0x00, 0x00, 0x00, 0x00, 0x00, 0x00, 0x00, 0x00, 0x00, 0x00, 0x00, 0x00, 0x00, 0x00,
    0x10, 0x00, 0x00, 0x00, 0x00, 0x00, 0x3F, 0x00, 0x00, 0x00, 0x00, 0x00, 0x1F, 0xD0, 0x00, 0x00,
    0x00, 0x00, 0x03, 0xF0, 0x00, 0x00, 0x00, 0x00, 0x00, 0x64, 0x00, 0x00, 0x00, 0x00, 0x00, 0x00,
    0x00, 0x00, 0x00, 0x0F, 0xD0, 0x00, 0x00, 0x00, 0x0B, 0xE3, 0xF8, 0x00, 0x00, 0x00, 0x03, 0xFC,
    0xFD, 0x00, 0x00, 0x00, 0x00, 0xFE, 0x1A, 0x00, 0x00, 0x00, 0x00, 0x0A, 0x00, 0x00, 0x00, 0x00,
    0x00, 0x00, 0x00, 0x00, 0x00, 0x00, 0x00, 0x00, 0x00, 0x00, 0x00, 0x00, 0x00, 0x00, 0x00, 0x00,
    0x00, 0x00, 0x00, 0x00, 0x00, 0x00, 0x00, 0x00, 0x00, 0x00, 0x00, 0x00, 0x00, 0x00, 0x00, 0x00,
    0x00, 0x00, 0x00, 0x00, 0x0F, 0xC0, 0x00, 0x00, 0x00, 0x00, 0x07, 0xF4, 0x00, 0x00, 0x00, 0x00,
    0x01, 0xFD, 0x00, 0x00, 0x00, 0x00, 0x00, 0x2E, 0x00, 0x00, 0x00, 0x00, 0x00, 0x00, 0x00, 0x00,
    0x00, 0x00, 0x00, 0x00, 0x00, 0x00, 0x00, 0x00, 0x00, 0x00, 0x00, 0x00, 0x00, 0x00, 0x00, 0x00,
    0x00, 0x00, 0x00, 0x00, 0x00, 0x00, 0x00, 0x00, 0x00, 0x00, 0x00, 0x00, 0x00, 0x00, 0x00, 0x00,
    0x01, 0x40, 0x00, 0x00, 0x00, 0x01, 0x43, 0xF4, 0x00, 0x00, 0x00, 0x03, 0xF4, 0xFE, 0x00, 0x00,
    0x00, 0x01, 0xFE, 0x3F, 0x40, 0x00, 0x00, 0x00, 0x3F, 0x42, 0x40, 0x00, 0x00, 0x00, 0x02, 0x40,
    0x00, 0x0F, 0xC3, 0xF8, 0xFE, 0x2F, 0x00, 0x00, 0x00, 0x00, 0x00, 0x00, 0x00, 0x00, 0x00, 0x00,
    0x00, 0x00, 0x00, 0x00, 0x00, 0x00, 0x00, 0x00, 0x00, 0x00, 0x06, 0x83, 0xF4, 0xFE, 0x3F, 0x41,
    0x00, 0x00, 0x00, 0xBC, 0x00, 0x00, 0x00, 0x00, 0xFE, 0x00, 0x00, 0x00, 0x00, 0xFE, 0x00, 0x00,
    0x00, 0x00, 0xBD, 0x00, 0x00, 0x00, 0x00, 0x00, 0x00, 0x00, 0x00, 0x00, 0x00, 0x00, 0x00, 0x00,
    0x00, 0x00, 0x00, 0x00, 0x00, 0x00, 0x00, 0x00, 0x00, 0x00, 0x00, 0x00, 0x00, 0x00, 0x00, 0x00,
    0x00, 0x00, 0x00, 0x04, 0x00, 0x00, 0x00, 0x10, 0x3F, 0x40, 0x00, 0x01, 0xF8, 0x3F, 0x80, 0x00,
    0x03, 0xFC, 0x3F, 0x40, 0x00, 0x02, 0xFC, 0x1E, 0x00, 0x00, 0x00, 0xB4, 0x00, 0x00, 0x00, 0x00,
    0x00, 0x00, 0x00, 0x00, 0x00, 0x00, 0x00, 0x00, 0x00, 0x00, 0x00, 0x00, 0x00, 0x00, 0x00, 0x00,
    0x00, 0x00, 0x00, 0x00, 0x00, 0x00, 0x00, 0x00, 0x00, 0x00, 0x00, 0x00, 0x68, 0x00, 0x00, 0x00,
    0x00, 0xFE, 0x00, 0x00, 0x00, 0x00, 0xFE, 0x00, 0x00, 0x00, 0x00, 0xFD, 0x00, 0x00, 0x00, 0x00,
    0x10, 0x00, 0x00, 0x00, 0x00, 0x01, 0x50, 0x00, 0x00, 0x00, 0x00, 0x00, 0xF8, 0x00, 0x00, 0x00,
    0x00, 0x00, 0x3E, 0x00, 0x00, 0x00, 0x02, 0x40, 0x0F, 0x80, 0x09, 0x00, 0x03, 0xF8, 0x03, 0xE0,
    0x0F, 0xD0, 0x00, 0xFE, 0x00, 0xF8, 0x03, 0xF8, 0x00, 0x3F, 0x40, 0x3E, 0x00, 0xFD, 0x00, 0x01,
    0x40, 0x0F, 0x80, 0x05, 0x00, 0x00, 0x00, 0x03, 0xE0, 0x00, 0x00, 0x00, 0x00, 0x00, 0xF8, 0x00,
    0x00, 0x00, 0x00, 0x00, 0x3E, 0x00, 0x00, 0x00, 0x00, 0x00, 0x0F, 0x80, 0x00, 0x00, 0xBF, 0xFF,
    0xFF, 0xFF, 0xFF, 0xFF, 0x6F, 0xFF, 0xFF, 0xFF, 0xFF, 0xFF, 0xD5, 0x55, 0x55, 0x7E, 0x55, 0x55,
    0x50, 0x00, 0x00, 0x0F, 0x80, 0x00, 0x00, 0x00, 0x00, 0x03, 0xE0, 0x00, 0x00, 0x00, 0x00, 0x00,
    0xF8, 0x00, 0x00, 0x00, 0x04, 0x00, 0x3E, 0x00, 0x10, 0x00, 0x0F, 0xD0, 0x0F, 0x80, 0x3F, 0x00,
    0x03, 0xF8, 0x03, 0xE0, 0x1F, 0xD0, 0x00, 0xFE, 0x00, 0xF8, 0x07, 0xF0, 0x00, 0x1E, 0x00, 0x3E,
    0x00, 0xB8, 0x00, 0x00, 0x00, 0x0F, 0x80, 0x00, 0x00, 0x00, 0x00, 0x03, 0xE0, 0x00, 0x00, 0x00,
    0x00, 0x00, 0xA4, 0x00, 0x00, 0x00, 0x00, 0x0F, 0xCB, 0xF6, 0xFD, 0x3F, 0x00, 0x00, 0x00, 0x00,
    0x00, 0x00, 0x01, 0x91, 0xFD, 0xBF, 0x9F, 0xD2, 0xE0, 0x00, 0x00, 0x00, 0x00, 0x00, 0x00, 0x3F,
    0x2F, 0xDB, 0xF9, 0xFC, 0x04, 0x00, 0x00, 0x1F, 0x8F, 0xF3, 0xFC, 0xBF, 0x05, 0x00, 0x00, 0x50,
    0xBF, 0x3F, 0xCF, 0xF1, 0xF8, 0x00, 0x00, 0x02, 0x93, 0xFC, 0xFF, 0x3F, 0xC2, 0x90, 0x00, 0x00,
    0x1F, 0x8F, 0xF3, 0xFC, 0xBF, 0x05, 0x00, 0xFF, 0xFF, 0x57, 0xD5, 0x02, 0x80, 0x02, 0x80, 0x02,
    0x80, 0x03, 0xC0, 0xFF, 0xFF, 0x02, 0x80, 0x02, 0x80, 0x02, 0x80, 0x02, 0x80, 0x02, 0x80, 0x02,
    0x80, 0x02, 0x80, 0x02, 0x80, 0x02, 0x80, 0x02, 0x80, 0x02, 0x80, 0x02, 0x80, 0x02, 0x80, 0x02,
    0x80, 0x02, 0x80, 0x02, 0x80, 0x02, 0x80, 0x02, 0x80, 0x02, 0x80, 0x02, 0x80, 0x01, 0x40, 0xFF,
    0xFF, 0xE5, 0x5B, 0xD0, 0x07, 0xD0, 0x07, 0xD0, 0x07, 0xE0, 0x0B, 0xFF, 0xFF, 0x02, 0x80, 0x02,
    0x80, 0x02, 0x80, 0x02, 0x80, 0x02, 0x80, 0x02, 0x80, 0x02, 0x80, 0x02, 0x80, 0x02, 0x80, 0x02,
    0x80, 0x02, 0x80, 0x02, 0x80, 0x02, 0x80, 0x02, 0x80, 0x02, 0x80, 0x02, 0x80, 0x02, 0x80, 0x02,
    0x80, 0x02, 0x80, 0x02, 0x80, 0x01, 0x40, 0xBF, 0xFE, 0x3F, 0xFC, 0x2F, 0xF8, 0x0F, 0xF0, 0x0B,
    0xE0, 0x03, 0xC0, 0x02, 0x80, 0x02, 0x80, 0x02, 0x80, 0x02, 0x80, 0x02, 0x80, 0x02, 0x80, 0x02,
    0x80, 0x02, 0x80, 0x02, 0x80, 0x02, 0x80, 0x02, 0x80, 0x02, 0x80, 0x02, 0x80, 0x02, 0x80, 0x02,
    0x80, 0x02, 0x80, 0x02, 0x80, 0x02, 0x80, 0x02, 0x80, 0x02, 0x80, 0x02, 0x80, 0x01, 0x40, 0x00,
    0x00, 0x01, 0x40, 0x03, 0xC0, 0x07, 0xD0, 0x0F, 0xF0, 0x1F, 0xF4, 0x3F, 0xFC, 0xBF, 0xFE, 0x02,
    0x80, 0x02, 0x80, 0x02, 0x80, 0x02, 0x80, 0x02, 0x80, 0x02, 0x80, 0x02, 0x80, 0x02, 0x80, 0x02,
    0x80, 0x02, 0x80, 0x02, 0x80, 0x02, 0x80, 0x02, 0x80, 0x02, 0x80, 0x02, 0x80, 0x02, 0x80, 0x02,
    0x80, 0x02, 0x80, 0x02, 0x80, 0x02, 0x80, 0x01, 0x40, 0x02, 0x80, 0x0B, 0xE0, 0x2C, 0x38, 0xB0,
    0x0E, 0x3C, 0x3C, 0x0F, 0xF0, 0x03, 0xC0, 0x02, 0x80, 0x02, 0x80, 0x02, 0x80, 0x02, 0x80, 0x02,
    0x80, 0x02, 0x80, 0x02, 0x80, 0x02, 0x80, 0x02, 0x80, 0x02, 0x80, 0x02, 0x80, 0x02, 0x80, 0x02,
    0x80, 0x02, 0x80, 0x02, 0x80, 0x02, 0x80, 0x02, 0x80, 0x02, 0x80, 0x02, 0x80, 0x02, 0x80, 0x01,
    0x40, 0xFF, 0x80, 0x57, 0x80, 0x02, 0x80, 0x02, 0x80, 0x02, 0x80, 0x03, 0xC0, 0xFF, 0xFF, 0x02,
    0x80, 0x02, 0x80, 0x02, 0x80, 0x02, 0x80, 0x02, 0x80, 0x02, 0x80, 0x02, 0x80, 0x02, 0x80, 0x02,
    0x80, 0x02, 0x80, 0x02, 0x80, 0x02, 0x80, 0x02, 0x80, 0x02, 0x80, 0x02, 0x80, 0x02, 0x80, 0x02,
    0x80, 0x02, 0x80, 0x02, 0x80, 0x02, 0x80, 0x01, 0x40, 0x00, 0x00, 0x00, 0x00, 0x00, 0x07, 0xFF,
    0x90, 0x00, 0x0F, 0xFF, 0xF8, 0x00, 0x0F, 0xF4, 0x19, 0x00, 0x0B, 0xE0, 0x00, 0x00, 0x03, 0xF0,
    0x00, 0x00, 0x02, 0xF4, 0x00, 0x00, 0x00, 0xFC, 0x00, 0x00, 0x00, 0x7E, 0x00, 0x6A, 0xAA, 0x5F,
    0x80, 0x3F, 0xFF, 0xEB, 0xD0, 0x0F, 0xEA, 0xA6, 0xF4, 0x07, 0xD0, 0x00, 0xBD, 0x02, 0xF0, 0x00,
    0x1F, 0x80, 0xFC, 0x00, 0x03, 0xF4, 0x3F, 0x00, 0x00, 0xBF, 0xFF, 0xEA, 0xA0, 0x07, 0xFF, 0xFF,
    0xFC, 0x00, 0x17, 0xF9, 0x55, 0x00, 0x00, 0xFC, 0x00, 0x00, 0x00, 0x3E, 0x00, 0x00, 0x00, 0x0F,
    0x40, 0x00, 0x00, 0x07, 0xD0, 0x00, 0x00, 0x02, 0xF4, 0x00, 0x00, 0x00, 0xFF, 0xFF, 0x80, 0x00,
    0x3F, 0xFF, 0xD0, 0x00, 0x00, 0x00, 0x00, 0x50, 0x10, 0x00, 0x00, 0x0B, 0x83, 0xC0, 0x00, 0x00,
    0x3C, 0x1F, 0x00, 0x00, 0x01, 0xFA, 0xF4, 0x00, 0x00, 0xBF, 0xFF, 0xF4, 0x00, 0x1F, 0xFF, 0xFF,
    0xD0, 0x02, 0xFF, 0xE0, 0xFB, 0x00, 0x2F, 0xDF, 0x07, 0xC0, 0x01, 0xFC, 0x7C, 0x2D, 0x00, 0x0F,
    0xC2, 0xD0, 0xF0, 0x00, 0xBE, 0x0F, 0x07, 0x80, 0x03, 0xF0, 0xB8, 0x3D, 0x00, 0x1F, 0x83, 0xC1,
    0xF0, 0x00, 0xBD, 0x1F, 0x0B, 0x40, 0x03, 0xF0, 0xB4, 0x3C, 0x00, 0x0F, 0xC3, 0xC1, 0xE0, 0x00,
    0x3F, 0x2E, 0x0F, 0x00, 0x00, 0xFC, 0xF0, 0x7C, 0x00, 0x03, 0xF7, 0xC2, 0xD0, 0x00, 0x0F, 0xFD,
    0x0F, 0x00, 0x00, 0x1F, 0xF0, 0x78, 0x00, 0x00, 0x3F, 0xC3, 0xC0, 0x00, 0x00, 0x7F, 0xEF, 0xAF,
    0x40, 0x01, 0xFF, 0xFF, 0xFD, 0x00, 0x0B, 0x5F, 0xFF, 0x90, 0x00, 0x3C, 0x2E, 0x00, 0x00, 0x02,
    0xE0, 0xF0, 0x00, 0x00, 0x0F, 0x07, 0xC0, 0x00, 0x00, 0x00, 0x00, 0x00, 0x00, 0x00, 0x00, 0x0B,
    0xFF, 0xE0, 0x00, 0x0B, 0xFF, 0xFF, 0xC0, 0x03, 0xFF, 0xAA, 0xFC, 0x00, 0xFF, 0x40, 0x01, 0x00,
    0x3F, 0xC0, 0x00, 0x00, 0x07, 0xF0, 0x00, 0x00, 0x00, 0xFD, 0x00, 0x00, 0x00, 0x1F, 0x80, 0x00,
    0x00, 0x03, 0xF4, 0x00, 0x00, 0x00, 0x3F, 0x00, 0xA0, 0x6D, 0x07, 0xE0, 0x0F, 0x3F, 0xE0, 0xBD,
    0x01, 0xFF, 0xEC, 0x0F, 0xC0, 0x2F, 0xE0, 0x00, 0xFC, 0x03, 0xF8, 0x00, 0x0F, 0xC0, 0x3F, 0x00,
    0x00, 0xFC, 0x07, 0xE0, 0x00, 0x0F, 0xC0, 0x7D, 0x00, 0x00, 0xFD, 0x0B, 0xC0, 0x00, 0x0B, 0xE0,
    0xFC, 0x00, 0x00, 0x7F, 0x0F, 0x80, 0x00, 0x03, 0xFD, 0xF4, 0x00, 0x00, 0x1F, 0xFF, 0x9B, 0xC0,
    0x00, 0x7F, 0xFF, 0xFC, 0x00, 0x00, 0xBF, 0xFF, 0x80, 0x00, 0x00, 0x54, 0x00, 0x00, 0x00, 0x01,
    0xFF, 0xFF, 0xFD, 0x00, 0x02, 0xFF, 0xFF, 0xFC, 0x00, 0x03, 0xFF, 0xFF, 0xFC, 0x00, 0x03, 0xF0,
    0x00, 0x00, 0x00, 0x07, 0xE0, 0x00, 0x00, 0x00, 0x0B, 0xD0, 0x00, 0x00, 0x00, 0x0B, 0xC0, 0x00,
    0x00, 0x00, 0x0F, 0xC0, 0x00, 0x00, 0x00, 0x0F, 0x80, 0x00, 0x00, 0x00, 0x1F, 0x40, 0x00, 0x00,
    0x00, 0x2F, 0x40, 0x00, 0x00, 0x00, 0x3F, 0xAA, 0xAA, 0x40, 0x00, 0x3F, 0xFF, 0xFF, 0x00, 0x00,
    0x3F, 0xFF, 0xFF, 0x00, 0x00, 0x7D, 0x00, 0x00, 0x00, 0x00, 0xBC, 0x00, 0x00, 0x00, 0x00, 0xFC,
    0x00, 0x00, 0x00, 0x15, 0xFD, 0x54, 0x00, 0x00, 0x3F, 0xFF, 0xFC, 0x00, 0x00, 0x2B, 0xFE, 0xA8,
    0x00, 0x00, 0x02, 0xF0, 0x00, 0x00, 0x00, 0x03, 0xF0, 0x00, 0x00, 0x00, 0x03, 0xE0, 0x00, 0x00,
    0x00, 0x07, 0xE0, 0x00, 0x00, 0x00, 0x00, 0x00, 0x00, 0x00, 0x00, 0x00, 0x00, 0x00, 0xBF, 0xFD,
    0x00, 0x00, 0x00, 0xFF, 0xFF, 0xF0, 0x00, 0x00, 0xFF, 0x56, 0xF8, 0x00, 0x00, 0xBE, 0x00, 0x04,
    0x00, 0x00, 0x3F, 0x00, 0x00, 0x00, 0x00, 0x1F, 0x80, 0x00, 0x00, 0x00, 0x0B, 0xD0, 0x00, 0x00,
    0x00, 0x02, 0xF0, 0x00, 0x00, 0x00, 0x00, 0xFC, 0x00, 0x00, 0x00, 0x05, 0xBF, 0x55, 0x50, 0x00,
    0x0B, 0xFF, 0xFF, 0xF4, 0x00, 0x02, 0xFF, 0xFF, 0xFC, 0x00, 0x00, 0x03, 0xF0, 0x00, 0x00, 0x00,
    0x00, 0xFC, 0x00, 0x00, 0x00, 0x0A, 0xBF, 0xAA, 0x90, 0x00, 0x0B, 0xFF, 0xFF, 0xF4, 0x00, 0x01,
    0xAF, 0xEA, 0xA8, 0x00, 0x00, 0x03, 0xF0, 0x00, 0x00, 0x00, 0x01, 0xF8, 0x00, 0x00, 0x00, 0x00,
    0xFC, 0x00, 0x00, 0x00, 0x00, 0xBD, 0x00, 0x00, 0x00, 0x02, 0xFF, 0xAA, 0xAA, 0xA4, 0x00, 0xFF,
    0xFF, 0xFF, 0xFE, 0x00, 0x7F, 0xFF, 0xFF, 0xFF, 0x40, 0x00, 0x00, 0x00, 0x00, 0x00, 0x00, 0x00,
    0x00, 0x00, 0x00, 0x00, 0x00, 0x00, 0xB8, 0x00, 0x00, 0x00, 0x00, 0x00, 0x01, 0xF0, 0x00, 0x00,
    0x00, 0x00, 0x00, 0x03, 0xD0, 0x00, 0x00, 0x00, 0x00, 0x00, 0x0B, 0xC0, 0x00, 0x00, 0x7C, 0x0B,
    0xFC, 0x0F, 0xFF, 0xE0, 0x00, 0xBC, 0x7F, 0xFF, 0x3F, 0xFF, 0xF8, 0x00, 0xFD, 0xF9, 0x7F, 0xFF,
    0x96, 0xFC, 0x00, 0xFF, 0xC0, 0x0F, 0xFD, 0x00, 0xFD, 0x00, 0xFF, 0x00, 0x0F, 0xF4, 0x00, 0xBD,
    0x01, 0xFD, 0x00, 0x0F, 0xE0, 0x00, 0xBC, 0x02, 0xFC, 0x00, 0x1F, 0xC0, 0x00, 0xFC, 0x03, 0xF4,
    0x00, 0x2F, 0x80, 0x00, 0xFC, 0x03, 0xF0, 0x00, 0x7F, 0x40, 0x01, 0xF8, 0x07, 0xE0, 0x00, 0xFF,
    0x00, 0x02, 0xF4, 0x07, 0xD0, 0x02, 0xFF, 0x00, 0x02, 0xF0, 0x0B, 0xC0, 0x03, 0xFE, 0x00, 0x03,
    0xF0, 0x0F, 0xC0, 0x0F, 0xFD, 0x00, 0x03, 0xF0, 0x0F, 0xC0, 0x2F, 0xFC, 0x00, 0x07, 0xE0, 0x1F,
    0x80, 0x3C, 0xFC, 0x00, 0x0B, 0xD0, 0x2F, 0x40, 0xF8, 0xFC, 0x00, 0x0F, 0xC0, 0x2F, 0x01, 0xF1,
    0xF8, 0x00, 0x0F, 0xC0, 0x3F, 0x03, 0xD2, 0xF4, 0x00, 0x0F, 0x80, 0x00, 0x0B, 0x80, 0x00, 0x00,
    0x00, 0x00, 0x00, 0x1F, 0x00, 0x00, 0x00, 0x00, 0x00, 0x00, 0x3D, 0x00, 0x00, 0x00, 0x00, 0x00,
    0x00, 0x68, 0x00, 0x00, 0x00, 0x00, 0x00, 0x00, 0x0F, 0xD0, 0x00, 0xF4, 0x00, 0x0F, 0xE0, 0x00,
    0xF4, 0x00, 0x1F, 0xF0, 0x01, 0xF0, 0x00, 0x2F, 0xF0, 0x02, 0xF0, 0x00, 0x3F, 0xF0, 0x03, 0xF0,
    0x00, 0x3E, 0xF0, 0x03, 0xE0, 0x00, 0x3D, 0xF4, 0x07, 0xD0, 0x00, 0x7C, 0xF8, 0x07, 0xC0, 0x0A,
    0xFE, 0xFE, 0xAF, 0xE8, 0x0F, 0xFF, 0xFF, 0xFF, 0xFC, 0x0A, 0xFE, 0xFE, 0xAF, 0xE8, 0x01, 0xF4,
    0x7C, 0x1F, 0x40, 0x01, 0xF0, 0x7C, 0x2F, 0x00, 0x2B, 0xFA, 0xFF, 0xBF, 0xA0, 0x7F, 0xFF, 0xFF,
    0xFF, 0xF0, 0x1B, 0xE5, 0x7F, 0xBE, 0x50, 0x07, 0xD0, 0x2E, 0x7C, 0x00, 0x0B, 0xC0, 0x2F, 0xBC,
    0x00, 0x0B, 0xC0, 0x1F, 0xBC, 0x00, 0x0F, 0x80, 0x1F, 0xF8, 0x00, 0x0F, 0x40, 0x0F, 0xF4, 0x00,
    0x1F, 0x00, 0x0F, 0xF0, 0x00, 0x2F, 0x00, 0x0F, 0xF0, 0x00, 0x3F, 0x00, 0x0F, 0xE0, 0x00, 0x00,
    0x0F, 0xFE, 0x40, 0x00, 0x00, 0x00, 0x1F, 0xFF, 0xF4, 0x00, 0x00, 0x00, 0x2F, 0xFF, 0xFD, 0x00,
    0x00, 0x00, 0x2F, 0x00, 0xFF, 0x00, 0x00, 0x00, 0x3F, 0x00, 0x3F, 0x40, 0x00, 0x00, 0x3E, 0x00,
    0x2F, 0x40, 0x00, 0x00, 0x7E, 0x00, 0x2F, 0x40, 0x00, 0x00, 0xBD, 0x00, 0x2F, 0x42, 0xD0, 0x00,
    0xFC, 0x00, 0x3F, 0x07, 0xC0, 0x00, 0xFC, 0x00, 0x7F, 0x0F, 0xC0, 0x00, 0xF8, 0x00, 0xFE, 0x7F,
    0xFE, 0x01, 0xF4, 0x07, 0xFF, 0xFF, 0xFE, 0x02, 0xFF, 0xFF, 0xF1, 0x7F, 0x95, 0x03, 0xFF, 0xFF,
    0x40, 0x3F, 0x00, 0x03, 0xFA, 0x90, 0x00, 0x3F, 0x00, 0x07, 0xE0, 0x00, 0x00, 0x3E, 0x00, 0x0B,
    0xD0, 0x00, 0x00, 0x7D, 0x00, 0x0B, 0xC0, 0x00, 0x00, 0xBC, 0x00, 0x0F, 0xC0, 0x00, 0x00, 0xFC,
    0x00, 0x0F, 0x80, 0x00, 0x00, 0xF8, 0x00, 0x1F, 0x80, 0x00, 0x00, 0xF8, 0x00, 0x2F, 0x40, 0x00,
    0x00, 0xFC, 0x10, 0x3F, 0x00, 0x00, 0x00, 0xFF, 0xF0, 0x3F, 0x00, 0x00, 0x00, 0x7F, 0xF0, 0x00,
    0x00, 0x00, 0x00, 0x05, 0x00, 0x00, 0x0F, 0xFE, 0x80, 0x00, 0x00, 0x00, 0x00, 0x7F, 0xFF, 0xE0,
    0x00, 0x00, 0x00, 0x02, 0xFF, 0xFF, 0xD0, 0x00, 0x00, 0x00, 0x0F, 0xC0, 0x2F, 0xC0, 0x00, 0x00,
    0x00, 0x3F, 0x00, 0x3F, 0x00, 0x00, 0x00, 0x00, 0xF8, 0x00, 0xFD, 0x00, 0x00, 0x00, 0x07, 0xD0,
    0x02, 0xF4, 0x2F, 0xFE, 0x00, 0x2F, 0x40, 0x0F, 0xC3, 0xFF, 0xFD, 0x00, 0xFC, 0x00, 0x3F, 0x2F,
    0xD5, 0xB0, 0x03, 0xF0, 0x02, 0xF8, 0xFC, 0x00, 0x00, 0x1F, 0x80, 0x1F, 0xC3, 0xF0, 0x00, 0x00,
    0x7E, 0x57, 0xFD, 0x0F, 0xC0, 0x00, 0x02, 0xFF, 0xFF, 0xD0, 0x3F, 0x40, 0x00, 0x0F, 0xFF, 0xF8,
    0x00, 0x7F, 0x40, 0x00, 0x3F, 0x07, 0xE0, 0x00, 0xBF, 0x80, 0x01, 0xF8, 0x0F, 0xC0, 0x00, 0xBF,
    0x80, 0x0B, 0xD0, 0x3F, 0x00, 0x00, 0x7F, 0x40, 0x3F, 0x00, 0xBD, 0x00, 0x00, 0x7F, 0x00, 0xFC,
    0x01, 0xF4, 0x00, 0x00, 0xFC, 0x03, 0xE0, 0x07, 0xE0, 0x00, 0x03, 0xF0, 0x1F, 0x80, 0x0F, 0xC0,
    0x00, 0x1F, 0xC0, 0xBD, 0x00, 0x3F, 0x2D, 0x01, 0xFD, 0x03, 0xF0, 0x00, 0xFD, 0xBF, 0xFF, 0xE0,
    0x0F, 0xC0, 0x02, 0xF4, 0xBF, 0xFD, 0x00, 0x00, 0x00, 0x00, 0x00, 0x05, 0x00, 0x00, 0x01, 0xF0,
    0x00, 0xFC, 0x00, 0x3D, 0x01, 0xF0, 0x01, 0xFC, 0x00, 0xBC, 0x02, 0xF0, 0x02, 0xFC, 0x00, 0xF8,
    0x02, 0xF0, 0x03, 0xFC, 0x01, 0xF4, 0x02, 0xF0, 0x07, 0xBC, 0x02, 0xF0, 0x02, 0xF0, 0x0F, 0x7C,
    0x03, 0xE0, 0x02, 0xF0, 0x1F, 0x78, 0x07, 0xC0, 0x03, 0xF0, 0x2E, 0x78, 0x0B, 0xC0, 0x03, 0xE0,
    0x3C, 0x78, 0x0F, 0x40, 0x03, 0xE0, 0x7C, 0xB8, 0x1F, 0x00, 0x03, 0xE0, 0xF8, 0xB8, 0x3F, 0x00,
    0x3F, 0xFF, 0xFF, 0xFF, 0xFF, 0xD0, 0x3F, 0xFF, 0xFF, 0xFF, 0xFF, 0xC0, 0x03, 0xD3, 0xD0, 0xF4,
    0xF8, 0x00, 0x03, 0xD7, 0xC0, 0xF4, 0xF4, 0x00, 0x03, 0xCB, 0x80, 0xF5, 0xF0, 0x00, 0x03, 0xCF,
    0x40, 0xF2, 0xE0, 0x00, 0x07, 0xDF, 0x00, 0xF3, 0xC0, 0x00, 0x07, 0xEE, 0x00, 0xF7, 0xC0, 0x00,
    0x07, 0xFC, 0x00, 0xFB, 0x40, 0x00, 0x07, 0xFC, 0x00, 0xFF, 0x00, 0x00, 0x07, 0xF4, 0x00, 0xFE,
    0x00, 0x00, 0x0B, 0xF0, 0x00, 0xFD, 0x00, 0x00, 0x0B, 0xE0, 0x00, 0xFC, 0x00, 0x00, 0x00, 0x0F,
    0xFF, 0xF9, 0x00, 0x00, 0xBC, 0x00, 0x1F, 0xFF, 0xFF, 0xD0, 0x00, 0xFC, 0x00, 0x1F, 0xAA, 0xAB,
    0xF4, 0x00, 0xF8, 0x00, 0x2F, 0x00, 0x01, 0xFC, 0x01, 0xF4, 0x00, 0x3F, 0x00, 0x00, 0xBC, 0x02,
    0xF0, 0x00, 0x3E, 0x00, 0x00, 0x7D, 0x02, 0xF0, 0x00, 0x7D, 0x02, 0x90, 0x7D, 0x03, 0xF0, 0x00,
    0xBC, 0x07, 0xC0, 0x7C, 0x03, 0xE0, 0x00, 0xFC, 0x0B, 0xC0, 0xBC, 0x07, 0xD0, 0x00, 0xF8, 0x0F,
    0xC0, 0xFC, 0x0B, 0xC0, 0x00, 0xF8, 0x0F, 0x80, 0xF8, 0x0F, 0xC0, 0x01, 0xF4, 0x1F, 0x41, 0xF4,
    0x0F, 0x80, 0x02, 0xF0, 0x2F, 0x01, 0xF0, 0x0F, 0x40, 0x03, 0xF0, 0x3F, 0x02, 0xF0, 0x1F, 0x40,
    0x03, 0xE0, 0x3E, 0x03, 0xF0, 0x2F, 0x00, 0x07, 0xD0, 0x3E, 0x03, 0xE0, 0x3F, 0x00, 0x07, 0xC0,
    0x7D, 0x07, 0xD0, 0x3E, 0x00, 0x0B, 0xC0, 0xBC, 0x0B, 0xC0, 0x7D, 0x00, 0x0F, 0xC0, 0xFC, 0x00,
    0x00, 0xBC, 0x00, 0x0F, 0x80, 0xF8, 0x00, 0x01, 0xF8, 0x00, 0x1F, 0x41, 0xF4, 0x00, 0x07, 0xF0,
    0x00, 0x2F, 0x01, 0xF5, 0x55, 0x7F, 0xD0, 0x00, 0x2F, 0x02, 0xFF, 0xFF, 0xFF, 0x40, 0x00, 0x3E,
    0x03, 0xFF, 0xFF, 0xE4, 0x00, 0x00, 0x00, 0x00, 0x00, 0x00, 0x15, 0x00, 0x00, 0x00, 0x00, 0x03,
    0xE0, 0x00, 0x00, 0x00, 0x00, 0x7E, 0x00, 0x00, 0x00, 0x15, 0x5B, 0xE4, 0x00, 0x00, 0x0F, 0xFF,
    0xFF, 0xE0, 0x00, 0x00, 0xFF, 0xFF, 0xFD, 0x00, 0x00, 0x00, 0x01, 0xF8, 0x00, 0x00, 0x00, 0x00,
    0x1F, 0x40, 0x00, 0x02, 0xFF, 0x82, 0xF0, 0x00, 0x01, 0xFF, 0xFF, 0x3F, 0x00, 0x00, 0x7F, 0xD5,
    0xBB, 0xF0, 0x00, 0x0F, 0xE0, 0x02, 0xFE, 0x00, 0x02, 0xFC, 0x00, 0x1F, 0xD0, 0x00, 0x3F, 0x00,
    0x00, 0xFC, 0x00, 0x07, 0xE0, 0x00, 0x0F, 0xC0, 0x00, 0xFD, 0x00, 0x00, 0xFC, 0x00, 0x0F, 0xC0,
    0x00, 0x1F, 0x80, 0x00, 0xFC, 0x00, 0x02, 0xF4, 0x00, 0x1F, 0x80, 0x00, 0x3F, 0x00, 0x01, 0xF8,
    0x00, 0x07, 0xF0, 0x00, 0x1F, 0x80, 0x00, 0xFE, 0x00, 0x01, 0xF8, 0x00, 0x2F, 0xD0, 0x00, 0x0F,
    0xC0, 0x0B, 0xFD, 0x00, 0x00, 0xFF, 0x07, 0xEB, 0xC0, 0x00, 0x07, 0xFF, 0xF8, 0xBC, 0x00, 0x00,
    0x1F, 0xFD, 0x0F, 0x80, 0x00, 0x00, 0x04, 0x00, 0x00, 0x00, 0x00, 0x00, 0x00, 0x00, 0x00, 0x00,
    0x00, 0x00, 0x00, 0x00, 0x00, 0x07, 0xFF, 0xFF, 0xFF, 0x00, 0x00, 0xBF, 0xFF, 0xFF, 0xE0, 0x00,
    0x01, 0x55, 0x55, 0x54, 0x00, 0x00, 0x00, 0x00, 0x00, 0x00, 0x00, 0x00, 0x00, 0x06, 0xFF, 0xD0,
    0x00, 0x00, 0x2F, 0xFF, 0xFC, 0x00, 0x00, 0xFF, 0xAA, 0xF8, 0x00, 0x03, 0xF8, 0x00, 0x20, 0x00,
    0x0F, 0xE0, 0x00, 0x00, 0x00, 0x1F, 0xC0, 0x00, 0x00, 0x00, 0x3F, 0x00, 0x00, 0x00, 0x00, 0x7E,
    0x00, 0x00, 0x00, 0x00, 0xFD, 0x00, 0x00, 0x00, 0x2F, 0xFF, 0xFF, 0xE0, 0x00, 0x3F, 0xFF, 0xFF,
    0xE0, 0x00, 0x02, 0xF4, 0x00, 0x00, 0x00, 0x03, 0xF0, 0x00, 0x00, 0x00, 0x17, 0xF5, 0x55, 0x00,
    0x00, 0xBF, 0xFF, 0xFE, 0x00, 0x00, 0xFF, 0xFF, 0xFD, 0x00, 0x00, 0x07, 0xE0, 0x00, 0x00, 0x00,
    0x03, 0xF0, 0x00, 0x00, 0x00, 0x03, 0xF0, 0x00, 0x00, 0x00, 0x03, 0xF4, 0x00, 0x00, 0x00, 0x01,
    0xFC, 0x00, 0x00, 0x00, 0x00, 0xFF, 0x95, 0xB8, 0x00, 0x00, 0x3F, 0xFF, 0xF8, 0x00, 0x00, 0x0B,
    0xFF, 0xF4, 0x00, 0x00, 0x00, 0x14, 0x00, 0x00, 0x00, 0x2F, 0x00, 0x00, 0x3F, 0x00, 0x0F, 0xC0,
    0x00, 0x3F, 0x40, 0x03, 0xF0, 0x00, 0x3F, 0x40, 0x01, 0xF8, 0x00, 0x3F, 0x40, 0x00, 0xBD, 0x00,
    0x3F, 0x40, 0x00, 0x2F, 0x00, 0x3F, 0x40, 0x00, 0x0F, 0xC0, 0x3F, 0x40, 0x00, 0x03, 0xF0, 0x3F,
    0x40, 0x00, 0x01, 0xF8, 0x3F, 0x80, 0x00, 0x00, 0xBD, 0x3F, 0x80, 0x00, 0x01, 0x7F, 0x7F, 0xD5,
    0x50, 0x02, 0xFF, 0xFF, 0xFF, 0xFD, 0x00, 0xFF, 0xFF, 0xFF, 0xFF, 0x00, 0x01, 0xFE, 0x1F, 0x80,
    0x00, 0x00, 0xBD, 0x03, 0xF0, 0x00, 0x00, 0x3F, 0x00, 0xBD, 0x00, 0x00, 0x0F, 0xC0, 0x1F, 0xC0,
    0x00, 0x07, 0xE0, 0x03, 0xF4, 0x00, 0x01, 0xF4, 0x00, 0x7E, 0x00, 0x00, 0xBD, 0x00, 0x0F, 0xC0,
    0x00, 0x3F, 0x00, 0x02, 0xF8, 0x00, 0x0F, 0xC0, 0x00, 0x7F, 0x00, 0x07, 0xE0, 0x00, 0x0F, 0xD0,
    0x02, 0xF4, 0x00, 0x01, 0xFC, 0x00, 0x07, 0xFF, 0xFF, 0xFF, 0xF4, 0x2F, 0xFF, 0xFF, 0xFF, 0xD0,
    0xFF, 0xFF, 0xFF, 0xFF, 0x00, 0x00, 0x2F, 0x40, 0x00, 0x00, 0x00, 0xFC, 0x00, 0x00, 0x00, 0x03,
    0xF0, 0x00, 0x00, 0x00, 0x0F, 0xC3, 0xC0, 0x00, 0x00, 0x7E, 0xBF, 0x00, 0x00, 0x02, 0xFF, 0xE0,
    0x00, 0x00, 0x0F, 0xF8, 0x00, 0x00, 0x00, 0x7F, 0x40, 0x00, 0x00, 0x0F, 0xF8, 0x00, 0x00, 0x02,
    0xFF, 0xD1, 0xE0, 0x00, 0x3F, 0x6F, 0x7F, 0x80, 0x00, 0xE0, 0xFF, 0xF4, 0x00, 0x00, 0x03, 0xFE,
    0x00, 0x00, 0x00, 0x2F, 0xC0, 0x00, 0x00, 0x07, 0xFD, 0x00, 0x00, 0x00, 0xFF, 0xF0, 0x00, 0x00,
    0x1F, 0xDF, 0xC0, 0x00, 0x00, 0x34, 0x3F, 0x00, 0x00, 0x00, 0x01, 0xF8, 0x00, 0x00, 0x00, 0x0B,
    0xD0, 0x00, 0x00, 0x00, 0x3F, 0x00, 0x00, 0x00, 0x00, 0x00, 0x00, 0x00, 0x00, 0x00, 0x00, 0x00,
    0x06, 0xFF, 0xFE, 0x40, 0x00, 0x00, 0x00, 0x00, 0x3F, 0xFF, 0xFF, 0xF0, 0x00, 0x00, 0x00, 0x00,
    0x2F, 0xA5, 0x6F, 0xFD, 0x00, 0x00, 0x00, 0x00, 0x04, 0x00, 0x00, 0xBF, 0x40, 0x00, 0x00, 0x00,
    0x00, 0x05, 0x00, 0x2F, 0xC0, 0x00, 0x00, 0x00, 0x00, 0x2F, 0x40, 0x0B, 0xE0, 0x00, 0x00, 0x00,
    0x00, 0x3F, 0x00, 0x03, 0xF0, 0x00, 0x00, 0x00, 0x00, 0x3F, 0x00, 0x03, 0xF4, 0x00, 0x00, 0x00,
    0x00, 0x3E, 0x00, 0x02, 0xF4, 0x00, 0x00, 0x00, 0x00, 0x7D, 0x00, 0x01, 0xF8, 0x00, 0x00, 0x00,
    0x00, 0xBD, 0x00, 0x01, 0xF8, 0x00, 0x00, 0x00, 0x00, 0xFC, 0x00, 0x01, 0xF8, 0x00, 0x00, 0x00,
    0x00, 0xFC, 0x00, 0x02, 0xF4, 0x00, 0x00, 0x00, 0x00, 0xF8, 0x00, 0x03, 0xF4, 0x02, 0xFF, 0x80,
    0x01, 0xF4, 0x00, 0x03, 0xF0, 0x1F, 0xFF, 0xF0, 0x02, 0xF0, 0x00, 0x07, 0xE0, 0x3F, 0x97, 0xF8,
    0x03, 0xF0, 0x00, 0x0F, 0xD0, 0xBD, 0x00, 0xFC, 0x03, 0xF0, 0x00, 0x2F, 0xC0, 0xFC, 0x00, 0xFC,
    0x07, 0xE0, 0x00, 0x7F, 0x41, 0xF8, 0x00, 0xFC, 0x0B, 0xD0, 0x01, 0xFE, 0x02, 0xF4, 0x00, 0xFC,
    0x0B, 0xC0, 0x1F, 0xF8, 0x03, 0xF0, 0x02, 0xF8, 0x0F, 0xEA, 0xFF, 0xD0, 0x03, 0xF8, 0x0B, 0xF0,
    0x0F, 0xFF, 0xFE, 0x00, 0x03, 0xFF, 0xFF, 0xD0, 0x1F, 0xFF, 0x90, 0x00, 0x07, 0xEF, 0xFE, 0x00,
    0x00, 0x00, 0x00, 0x00, 0x0B, 0xC0, 0x50, 0x00, 0x00, 0x00, 0x00, 0x00, 0x0F, 0xC0, 0x00, 0x00,
    0x00, 0x00, 0x00, 0x00, 0x0F, 0xC0, 0x00, 0x00, 0x00, 0x00, 0x00, 0x00, 0x0F, 0x80, 0x00, 0x00,
    0x00, 0x00, 0x00, 0x00, 0x1F, 0x40, 0x00, 0x00, 0x00, 0x00, 0x00, 0x00, 0x2F, 0x00, 0x00, 0x00,
    0x00, 0x00, 0x00, 0x00, 0x3F, 0x00, 0x00, 0x00, 0x00, 0x00, 0x00, 0x00, 0x3E, 0x00, 0x00, 0x00,
    0x00, 0x00, 0x00, 0x00, 0x00, 0x00, 0x00, 0x00, 0x03, 0xFE, 0x00, 0x00, 0x00, 0x03, 0xFF, 0xE0,
    0x00, 0x00, 0x03, 0xF4, 0xBC, 0x00, 0x00, 0x01, 0xF4, 0x1F, 0x40, 0x00, 0x00, 0xBC, 0x03, 0xD0,
    0x00, 0x00, 0x3F, 0x01, 0xF0, 0x00, 0x00, 0x0F, 0x80, 0xBC, 0x00, 0x00, 0x03, 0xE0, 0x3E, 0x00,
    0x00, 0x00, 0xF8, 0x2F, 0x00, 0x00, 0x00, 0x3E, 0x0F, 0x80, 0x00, 0x00, 0x0F, 0x8B, 0xC0, 0x00,
    0x00, 0x02, 0xF7, 0xD0, 0x00, 0x00, 0x00, 0xBF, 0xE0, 0x00, 0x00, 0x00, 0x1F, 0xF0, 0x00, 0x00,
    0x00, 0x03, 0xF0, 0x00, 0x00, 0x00, 0x01, 0xF8, 0x00, 0x00, 0x03, 0x00, 0xFF, 0x00, 0x00, 0x03,
    0xD0, 0xFF, 0xC0, 0x00, 0x01, 0xFC, 0xBD, 0xF0, 0x00, 0x00, 0xFF, 0x7D, 0x3D, 0x00, 0x00, 0xFA,
    0xFE, 0x0F, 0x80, 0x00, 0xBC, 0x7F, 0x03, 0xE0, 0x00, 0x7D, 0x0F, 0x00, 0xFC, 0x00, 0x3E, 0x02,
    0x40, 0x2F, 0x00, 0x00, 0x00, 0x00, 0x0B, 0xC0, 0x00, 0x00, 0x00, 0x02, 0xF0, 0x00, 0x00, 0x00,
    0x00, 0xFC, 0x00, 0x00, 0x00, 0x00, 0x3E, 0x00, 0x00, 0x00, 0x00, 0x2F, 0x40, 0x00, 0x00, 0x09,
    0x6F, 0xC0, 0x00, 0x00, 0x03, 0xFF, 0xD0, 0x00, 0x00, 0x00, 0xBF, 0x80, 0x00, 0x00, 0x00, 0x2F,
    0xFE, 0x90, 0x00, 0x00, 0x3F, 0xFF, 0xFC, 0x00, 0x00, 0x7F, 0xAB, 0xFE, 0x00, 0x00, 0x7D, 0x00,
    0x7F, 0x00, 0x00, 0xBD, 0x00, 0x1F, 0x80, 0x2F, 0xFF, 0xFF, 0xFF, 0xFC, 0x2B, 0xFE, 0xAA, 0xBF,
    0xE8, 0x01, 0xF8, 0x00, 0x1F, 0x80, 0x02, 0xF4, 0x00, 0x2F, 0x40, 0x17, 0xF5, 0x55, 0x7F, 0x50,
    0xBF, 0xFF, 0xFF, 0xFF, 0xF0, 0x6B, 0xFA, 0xAA, 0xFE, 0x90, 0x07, 0xE0, 0x02, 0xFC, 0x00, 0x0B,
    0xD1, 0x6F, 0xF0, 0x00, 0x0F, 0xFF, 0xFF, 0xC0, 0x00, 0x0F, 0xFF, 0xF9, 0x00, 0x00, 0x0F, 0x80,
    0x00, 0x00, 0x00, 0x1F, 0x40, 0x00, 0x00, 0x00, 0x2F, 0x40, 0x00, 0x00, 0x00, 0x3F, 0x00, 0x00,
    0x00, 0x00, 0x3F, 0x00, 0x00, 0x00, 0x00, 0x7E, 0x00, 0x00, 0x00, 0x00, 0x7D, 0x00, 0x00, 0x00,
    0x00, 0xBC, 0x00, 0x00, 0x00, 0x00, 0x00, 0x00, 0x00, 0x10, 0x00, 0x00, 0x00, 0x00, 0x2E, 0x00,
    0x00, 0x00, 0x02, 0xFF, 0xFE, 0x40, 0x00, 0x0B, 0xFF, 0xFF, 0xFC, 0x00, 0x1F, 0xFF, 0xFA, 0xFE,
    0x00, 0x1F, 0xF4, 0x78, 0x06, 0x00, 0x0F, 0xF0, 0x2D, 0x00, 0x00, 0x0F, 0xF0, 0x0F, 0x00, 0x00,
    0x07, 0xF0, 0x03, 0xC0, 0x00, 0x03, 0xF4, 0x01, 0xF0, 0x00, 0x01, 0xFC, 0x00, 0xB8, 0x00, 0x00,
    0xBE, 0x00, 0x3D, 0x00, 0x00, 0x3F, 0x00, 0x0F, 0x00, 0x00, 0x0F, 0xC0, 0x03, 0xEA, 0xA9, 0x07,
    0xF0, 0x01, 0xFF, 0xFF, 0x82, 0xF8, 0x00, 0xBF, 0xFF, 0xD0, 0xBE, 0x00, 0x3D, 0x03, 0xF0, 0x2F,
    0x80, 0x0F, 0x00, 0xFC, 0x0B, 0xE0, 0x07, 0xC0, 0x3F, 0x01, 0xFC, 0x01, 0xE0, 0x1F, 0x80, 0x3F,
    0x00, 0xB4, 0x0B, 0xD0, 0x0F, 0xF0, 0x3D, 0x03, 0xF0, 0x01, 0xFE, 0x0F, 0x00, 0xFC, 0x00, 0x2F,
    0xFB, 0xD6, 0xFE, 0x00, 0x02, 0xFF, 0xFF, 0xFF, 0x40, 0x00, 0x0B, 0xFF, 0xFE, 0x40, 0x00, 0x00,
    0x3D, 0x40, 0x00, 0x00, 0x00, 0x0F, 0x00, 0x00, 0x00, 0x00, 0x02, 0x80, 0x00, 0x00, 0x00, 0x00,
    0x00, 0x00, 0x3F, 0x00, 0x00, 0x00, 0x00, 0x0B, 0xF4, 0x00, 0x00, 0x00, 0x00, 0xFF, 0x40, 0x00,
    0x00, 0x00, 0x3F, 0xF8, 0x00, 0x00, 0x00, 0x07, 0xEF, 0x80, 0x00, 0x00, 0x00, 0xFC, 0xFC, 0x00,
    0x00, 0x00, 0x1F, 0x8F, 0xC0, 0x00, 0x00, 0x03, 0xF0, 0xBC, 0x00, 0x00, 0x00, 0x7E, 0x0B, 0xC0,
    0x00, 0x1F, 0xFF, 0xFF, 0xFF, 0xFE, 0x02, 0xFF, 0xFF, 0xFF, 0xFF, 0xE0, 0x00, 0x7F, 0x40, 0x7E,
    0x00, 0x00, 0x0B, 0xD0, 0x03, 0xE0, 0x00, 0x00, 0xFC, 0x00, 0x3F, 0x00, 0x0B, 0xFF, 0xFF, 0xFF,
    0xFF, 0xC0, 0xFF, 0xFF, 0xFF, 0xFF, 0xF8, 0x00, 0xFD, 0x00, 0x02, 0xF4, 0x00, 0x1F, 0xC0, 0x00,
    0x2F, 0x40, 0x03, 0xF4, 0x00, 0x01, 0xF4, 0x00, 0x7F, 0x00, 0x00, 0x1F, 0x80, 0x0F, 0xC0, 0x00,
    0x00, 0xF8, 0x02, 0xF8, 0x00, 0x00, 0x0F, 0xC0, 0x3F, 0x00, 0x00, 0x00, 0xFC, 0x0B, 0xE0, 0x00,
    0x00, 0x0F, 0xC0, 0x00, 0x00, 0x00, 0x00, 0x00, 0x00, 0x01, 0xBF, 0xFD, 0x00, 0x00, 0x0F, 0xFF,
    0xFF, 0x80, 0x00, 0x07, 0xFA, 0xBF, 0xE0, 0x00, 0x02, 0x00, 0x07, 0xF0, 0x00, 0x00, 0x00, 0x03,
    0xF4, 0x00, 0x00, 0x00, 0x02, 0xF4, 0x00, 0x00, 0x00, 0x02, 0xF4, 0x00, 0x00, 0x00, 0x03, 0xF0,
    0x06, 0xAA, 0xAA, 0xAF, 0xF8, 0x0F, 0xFF, 0xFF, 0xFF, 0xFC, 0x0A, 0xAA, 0xAF, 0xFF, 0xA8, 0x00,
    0x01, 0xFF, 0xF8, 0x00, 0x00, 0x1F, 0xFF, 0x80, 0x00, 0x2A, 0xFF, 0xFE, 0xAA, 0xA0, 0x3F, 0xFF,
    0xFF, 0xFF, 0xF0, 0x1F, 0xF5, 0x55, 0x55, 0x50, 0x0F, 0xC0, 0x00, 0x00, 0x00, 0x1F, 0xC0, 0x00,
    0x00, 0x00, 0x1F, 0x80, 0x00, 0x00, 0x00, 0x1F, 0xC0, 0x00, 0x00, 0x00, 0x0F, 0xD0, 0x00, 0x00,
    0x00, 0x0B, 0xF9, 0x56, 0xF8, 0x00, 0x03, 0xFF, 0xFF, 0xF8, 0x00, 0x00, 0x7F, 0xFF, 0xE0, 0x00,
    0x00, 0x01, 0x50, 0x00, 0x00, 0x00, 0x00, 0x00, 0x10, 0x00, 0x00, 0x00, 0x00, 0xB8, 0x00, 0x00,
    0x00, 0x2F, 0xFF, 0x90, 0x00, 0x02, 0xFF, 0xFF, 0xFC, 0x00, 0x1F, 0xFF, 0xFB, 0xF4, 0x00, 0x7F,
    0xD1, 0xE0, 0x10, 0x00, 0xFE, 0x02, 0xD0, 0x00, 0x03, 0xF8, 0x03, 0xD0, 0x00, 0x07, 0xF0, 0x03,
    0xC0, 0x00, 0x0F, 0xD0, 0x07, 0xC0, 0x00, 0x1F, 0xC0, 0x0B, 0x80, 0x00, 0x2F, 0x80, 0x0B, 0x40,
    0x00, 0x3F, 0x00, 0x0F, 0x00, 0x00, 0x3F, 0x00, 0x0F, 0x00, 0x00, 0x7F, 0x00, 0x1F, 0x00, 0x00,
    0xBE, 0x00, 0x2E, 0x00, 0x00, 0xBE, 0x00, 0x3D, 0x00, 0x00, 0xBE, 0x00, 0x3C, 0x00, 0x00, 0xBE,
    0x00, 0x3C, 0x00, 0x00, 0x7F, 0x00, 0x78, 0x00, 0x00, 0x3F, 0x00, 0xB8, 0x00, 0x00, 0x3F, 0xC0,
    0xF4, 0x00, 0x00, 0x1F, 0xE0, 0xF0, 0x00, 0x00, 0x0B, 0xFE, 0xF5, 0xB8, 0x00, 0x02, 0xFF, 0xFF,
    0xF8, 0x00, 0x00, 0x7F, 0xFF, 0xE4, 0x00, 0x00, 0x03, 0xD0, 0x00, 0x00, 0x00, 0x03, 0xC0, 0x00,
    0x00, 0x00, 0x02, 0x80, 0x00, 0x00, 0x00, 0x07, 0x40, 0x0B, 0x40, 0x00, 0x03, 0xC0, 0x03, 0xC0,
    0x00, 0x02, 0xF0, 0x02, 0xF0, 0x00, 0x00, 0xFC, 0x00, 0xF8, 0x00, 0x06, 0xFF, 0xFF, 0xFF, 0xFF,
    0x07, 0xFF, 0xFF, 0xFF, 0xFF, 0x80, 0x5F, 0xD5, 0x5F, 0xD5, 0x40, 0x03, 0xF0, 0x03, 0xF0, 0x00,
    0x00, 0xFC, 0x01, 0xF8, 0x00, 0x00, 0x7E, 0x00, 0xBD, 0x00, 0x00, 0x2F, 0x40, 0x2F, 0x00, 0x00,
    0x0F, 0xC0, 0x0F, 0xC0, 0x00, 0x03, 0xF0, 0x03, 0xF0, 0x00, 0x01, 0xF8, 0x01, 0xF8, 0x00, 0x00,
    0x7D, 0x00, 0xBD, 0x00, 0x00, 0x2F, 0x40, 0x3F, 0x00, 0x00, 0x0F, 0xC0, 0x0F, 0xC0, 0x00, 0x03,
    0xF0, 0x03, 0xF0, 0x00, 0x01, 0xF8, 0x00, 0xFC, 0x00, 0x00, 0xBD, 0x00, 0x3F, 0x41, 0x00, 0x2F,
    0x00, 0x0F, 0xFF, 0xC0, 0x0F, 0xC0, 0x00, 0xBF, 0xF0, 0x00, 0x00, 0x00, 0x01, 0x40, 0x00, 0x00,
    0x00, 0x00, 0x00, 0x00, 0x00, 0x00, 0x00, 0x00, 0x1B, 0xFF, 0xE0, 0x00, 0x00, 0x00, 0xBF, 0xFF,
    0xFC, 0x00, 0x00, 0x03, 0xFF, 0xAB, 0xFC, 0x00, 0x00, 0x0B, 0xF4, 0x00, 0x14, 0x00, 0x00, 0x0F,
    0xD0, 0x00, 0x00, 0x00, 0x00, 0x1F, 0xC0, 0x00, 0x00, 0x00, 0x00, 0x1F, 0xC0, 0x00, 0x00, 0x00,
    0x00, 0x1F, 0xC0, 0x00, 0x00, 0x00, 0x00, 0x0F, 0xD0, 0x00, 0x00, 0x00, 0x00, 0x0F, 0xF4, 0x00,
    0x00, 0x00, 0x00, 0x03, 0xFE, 0x00, 0x00, 0x00, 0x00, 0x00, 0xFF, 0xD0, 0x00, 0x00, 0x00, 0x00,
    0x2F, 0xF8, 0x00, 0x00, 0x00, 0x00, 0x03, 0xFF, 0x00, 0x00, 0x00, 0x00, 0x00, 0xBF, 0x40, 0x00,
    0x00, 0x00, 0x00, 0x2F, 0xC0, 0x0A, 0x42, 0x80, 0xA4, 0x1F, 0xC0, 0x3F, 0xCF, 0xF3, 0xFC, 0x0F,
    0xC0, 0x72, 0xF0, 0xBD, 0x1D, 0x1F, 0xC0, 0x76, 0xD0, 0x78, 0x1D, 0x2F, 0x80, 0x3F, 0xC0, 0xB0,
    0x1D, 0x7F, 0x00, 0x1F, 0xD0, 0xF0, 0x2E, 0xFD, 0x00, 0x0B, 0xFF, 0xFA, 0xBF, 0xF4, 0x00, 0x07,
    0xAF, 0xFF, 0xFE, 0x40, 0x00, 0x0B, 0x01, 0xD5, 0x74, 0x00, 0x00, 0x0F, 0x02, 0xC0, 0x70, 0x00,
    0x00, 0x09, 0x02, 0x80, 0x60, 0x00, 0x00, 0x1F, 0xFF, 0xFF, 0xFF, 0x8B, 0xFF, 0xFF, 0xFF, 0xE2,
    0xFF, 0xFF, 0xFF, 0xF4, 0x00, 0x00, 0x00, 0x00, 0x00, 0x00, 0x00, 0x00, 0x1A, 0xAA, 0xAA, 0xAA,
    0x4B, 0xFF, 0xFF, 0xFF, 0xE3, 0xFF, 0xFF, 0xFF, 0xF4, 0x00, 0x0F, 0xC0, 0x00, 0x00, 0x03, 0xF0,
    0x00, 0x00, 0x01, 0xF8, 0x00, 0x00, 0x00, 0xBD, 0x00, 0x00, 0x00, 0x3F, 0x00, 0x00, 0x00, 0x0F,
    0xC0, 0x00, 0x00, 0x03, 0xF0, 0x00, 0x00, 0x01, 0xF8, 0x00, 0x00, 0x00, 0xBD, 0x00, 0x00, 0x00,
    0x3F, 0x00, 0x00, 0x00, 0x0F, 0xC0, 0x00, 0x00, 0x07, 0xE0, 0x00, 0x00, 0x01, 0xF8, 0x00, 0x00,
    0x00, 0xBD, 0x00, 0x00, 0x00, 0x3F, 0x00, 0x00, 0x00, 0x0F, 0xC0, 0x00, 0x00, 0x07, 0xFF, 0xFF,
    0xFF, 0x02, 0xFF, 0xFF, 0xFF, 0xC0, 0x56, 0xFF, 0x55, 0x50, 0x00, 0x0B, 0xE0, 0x00, 0x00, 0x00,
    0xFC, 0x00, 0x00, 0x00, 0x3F, 0x40, 0x02, 0xFF, 0xFF, 0xFF, 0xC0, 0xFF, 0xFF, 0xFF, 0xE0, 0x00,
    0x00, 0xFC, 0x00, 0x00, 0x00, 0xBE, 0x00, 0x00, 0x00, 0xBF, 0x00, 0x01, 0x5A, 0xFF, 0x00, 0x00,
    0xFF, 0xFE, 0x00, 0x00, 0x3F, 0x90, 0x00, 0x00, 0x07, 0xE0, 0x00, 0x00, 0x00, 0xFC, 0x00, 0x00,
    0x00, 0x1F, 0x80, 0x00, 0x00, 0x03, 0xF0, 0x00, 0x00, 0x00, 0xBE, 0x00, 0x00, 0x00, 0x0F, 0xC0,
    0x00, 0x00, 0x02, 0xF4, 0x00, 0x00, 0x00, 0x7F, 0x00, 0x00, 0x00, 0x0F, 0xD0, 0x00, 0x00, 0x01,
    0xFC, 0x00, 0x00, 0x00, 0x07, 0xD0, 0x00, 0x00, 0x00, 0x2F, 0x40, 0x00, 0x00, 0x00, 0xFC, 0x00,
    0x00, 0x00, 0x03, 0xF0, 0x06, 0xC0, 0x00, 0x1F, 0x86, 0xFE, 0x00, 0x00, 0xBF, 0xFF, 0x90, 0x00,
    0x07, 0xFF, 0x90, 0x00, 0x03, 0xFF, 0xD0, 0x00, 0x00, 0x1F, 0xBF, 0x00, 0xBC, 0x00, 0x41, 0xF9,
    0xBF, 0xE0, 0x00, 0x0B, 0xFF, 0xF4, 0x00, 0x01, 0xBF, 0xE4, 0x00, 0x00, 0x7F, 0xFC, 0x00, 0x00,
    0x02, 0xEB, 0xF0, 0x00, 0x0A, 0x80, 0x1F, 0x80, 0x00, 0x3F, 0x00, 0xBD, 0x00, 0x01, 0xF8, 0x03,
    0xF0, 0x00, 0x0F, 0xC0, 0x0F, 0xC0, 0x00, 0x7F, 0x00, 0x7E, 0x00, 0x03, 0xF4, 0x02, 0xF4, 0x00,
    0x3F, 0x80, 0x0B, 0xD0, 0x0B, 0xFC, 0x00, 0x3F, 0xAB, 0xFF, 0x80, 0x00, 0xFF, 0xFF, 0xF4, 0x00,
    0x07, 0xFF, 0xF9, 0x00, 0x00, 0x00, 0x50, 0x00, 0x00, 0x00, 0x00, 0x00, 0x00, 0x00, 0x00, 0x00,
    0x2F, 0xD0, 0x00, 0x00, 0x00, 0x0F, 0xFF, 0x40, 0x00, 0x00, 0x02, 0xE0, 0xF8, 0x00, 0x00, 0x00,
    0x3C, 0x07, 0xC0, 0x00, 0x00, 0x03, 0xC0, 0x7C, 0x00, 0x00, 0x00, 0x3D, 0x0B, 0x80, 0x00, 0x00,
    0x03, 0xFE, 0xFE, 0xAA, 0xAA, 0x00, 0x0F, 0xFF, 0xFF, 0xFF, 0xFE, 0x00, 0x2F, 0xFF, 0xFF, 0xFF,
    0xF4, 0x00, 0x2F, 0x00, 0x00, 0x0B, 0xC0, 0x02, 0xE0, 0x00, 0x00, 0x3C, 0x00, 0x3D, 0x00, 0x00,
    0x02, 0xD0, 0x03, 0xC1, 0xC0, 0x80, 0x2D, 0x00, 0x7C, 0x7D, 0x3E, 0x02, 0xC0, 0x0B, 0xEF, 0xFF,
    0xF4, 0x3C, 0x00, 0xBF, 0x8F, 0xD7, 0xEF, 0x40, 0x0B, 0xD0, 0x74, 0x1F, 0xE0, 0x02, 0xF8, 0x00,
    0x00, 0x10, 0x00, 0xBF, 0xC0, 0x00, 0x00, 0x00, 0x2E, 0xBC, 0x00, 0x00, 0x00, 0x00, 0x47, 0xE0,
    0x00, 0x00, 0x00, 0x00, 0x3F, 0xD5, 0x68, 0x00, 0x00, 0x00, 0xFF, 0xFF, 0xC0, 0x00, 0x00, 0x02,
    0xFF, 0xF4, 0x00, 0x00, 0x00, 0x00, 0x50, 0x00, 0x00, 0x00, 0x00, 0x00, 0x03, 0xE0, 0x00, 0x00,
    0x00, 0x00, 0x07, 0xE0, 0x00, 0x00, 0x00, 0x00, 0x07, 0xE0, 0x00, 0x00, 0x00, 0x00, 0x0B, 0xD0,
    0x00, 0x00, 0x00, 0x00, 0x0F, 0xC0, 0x00, 0x00, 0x00, 0x00, 0x0F, 0xC0, 0x00, 0x00, 0x00, 0x00,
    0x1F, 0x80, 0x00, 0x00, 0x00, 0x05, 0xBF, 0xE4, 0x00, 0x00, 0x01, 0xFF, 0xFF, 0xFF, 0xC0, 0x00,
    0x0F, 0xFF, 0xFF, 0xFF, 0xF4, 0x00, 0x3F, 0xE0, 0x3F, 0x07, 0xFC, 0x00, 0xFF, 0x00, 0x7E, 0x00,
    0xFD, 0x01, 0xFC, 0x00, 0xBD, 0x00, 0x7E, 0x03, 0xF4, 0x00, 0xFC, 0x00, 0x3F, 0x03, 0xF0, 0x00,
    0xFC, 0x00, 0x3F, 0x07, 0xE0, 0x00, 0xFC, 0x00, 0x3F, 0x0B, 0xD0, 0x01, 0xF8, 0x00, 0x7E, 0x0F,
    0xD0, 0x02, 0xF4, 0x00, 0xBD, 0x0F, 0xC0, 0x01, 0x50, 0x00, 0xFD, 0x1F, 0xC0, 0x00, 0x00, 0x00,
    0xFC, 0x1F, 0x80, 0x00, 0x00, 0x00, 0xFC, 0x2F, 0x40, 0x00, 0x00, 0x01, 0xF8, 0x3F, 0x00, 0x00,
    0x00, 0x02, 0xF4, 0x3F, 0x00, 0x00, 0x00, 0x03, 0xF0, 0x00, 0x02, 0xFF, 0xFE, 0x90, 0x00, 0x00,
    0xFF, 0xFF, 0xFF, 0x00, 0x00, 0x3F, 0xAB, 0xFF, 0xF0, 0x00, 0x1F, 0x80, 0x02, 0xFE, 0x00, 0x0B,
    0xD0, 0x00, 0x2F, 0xC0, 0x02, 0xF4, 0x00, 0x03, 0xF0, 0x00, 0xFC, 0x00, 0x00, 0xFC, 0x00, 0x3F,
    0x00, 0x00, 0x7F, 0x00, 0x1F, 0x80, 0x00, 0x2F, 0x80, 0x0B, 0xD0, 0x00, 0x0F, 0xC0, 0x03, 0xF0,
    0x00, 0x1F, 0xE0, 0x00, 0xFC, 0x05, 0xBF, 0xE0, 0x0F, 0xFF, 0xFF, 0xFF, 0xD0, 0x07, 0xFF, 0xFF,
    0xFF, 0x40, 0x00, 0x5F, 0xE5, 0x50, 0x00, 0x00, 0x03, 0xF0, 0x00, 0x00, 0x00, 0x00, 0xFC, 0x00,
    0x00, 0x00, 0x0A, 0xFF, 0xAA, 0x80, 0x00, 0x07, 0xFF, 0xFF, 0xF0, 0x00, 0x01, 0x5F, 0xE5, 0x54,
    0x00, 0x00, 0x03, 0xF0, 0x00, 0x00, 0x00, 0x00, 0xFC, 0x00, 0x00, 0x00, 0x00, 0x7E, 0x00, 0x00,
    0x00, 0x00, 0x2F, 0x40, 0x00, 0x00, 0x00, 0x00, 0x00, 0x00, 0x00, 0x00, 0x00, 0x00, 0x00, 0x02,
    0xD0, 0xF0, 0x00, 0x00, 0x00, 0x3C, 0x0F, 0x00, 0x00, 0x00, 0x03, 0xC1, 0xE0, 0x00, 0x00, 0x00,
    0x7F, 0xFE, 0x40, 0x00, 0x00, 0xBF, 0xFF, 0xFF, 0x00, 0x00, 0x7F, 0xFF, 0xFF, 0xE0, 0x00, 0x1F,
    0xFF, 0x03, 0xC5, 0x00, 0x07, 0xF8, 0xF0, 0x78, 0x00, 0x00, 0xFD, 0x1E, 0x0B, 0x40, 0x00, 0x3F,
    0x81, 0xE0, 0xF0, 0x00, 0x07, 0xF0, 0x2D, 0x0F, 0x00, 0x00, 0xBE, 0x03, 0xC0, 0xF0, 0x00, 0x0F,
    0xC0, 0x3C, 0x1E, 0x00, 0x00, 0xFC, 0x00, 0x00, 0x00, 0x00, 0x1F, 0x80, 0x00, 0x00, 0x00, 0x01,
    0xF8, 0x00, 0x00, 0x00, 0x00, 0x2F, 0x40, 0x00, 0x00, 0x00, 0x01, 0xF4, 0x00, 0x00, 0x00, 0x00,
    0x1F, 0x80, 0x00, 0x00, 0x00, 0x00, 0xFC, 0x00, 0x00, 0x00, 0x00, 0x0F, 0xD0, 0x00, 0x00, 0x00,
    0x00, 0x7F, 0x00, 0x00, 0x00, 0x00, 0x02, 0xF8, 0x00, 0x00, 0x00, 0x00, 0x0B, 0xF4, 0x00, 0x00,
    0x01, 0xAA, 0xBF, 0xFE, 0xAA, 0x00, 0x3F, 0xFF, 0xFF, 0xFF, 0xF0, 0x03, 0xFF, 0xFF, 0xFF, 0xFF,
    0x00, 0x00, 0x00, 0x00, 0x00, 0x00, 0x00, 0x03, 0xC3, 0xC0, 0x00, 0x00, 0x78, 0x3C, 0x00, 0x00,
    0x0B, 0x47, 0x80, 0x00, 0x2F, 0xFF, 0xF8, 0x00, 0x03, 0xFF, 0xFF, 0xE0, 0x00, 0x3F, 0xFF, 0xFF,
    0x40, 0x07, 0xE0, 0x03, 0xFC, 0x00, 0xBD, 0x00, 0x0F, 0xC0, 0x0B, 0xD0, 0x00, 0xFD, 0x00, 0xFC,
    0x00, 0x0F, 0xC0, 0x0F, 0xC0, 0x00, 0xFC, 0x01, 0xF8, 0x00, 0x2F, 0x80, 0x2F, 0x40, 0x0B, 0xF0,
    0x03, 0xFE, 0xAF, 0xFC, 0x00, 0x3F, 0xFF, 0xF8, 0x00, 0x03, 0xFF, 0xFF, 0xE0, 0x00, 0x7E, 0x00,
    0x2F, 0xC0, 0x0B, 0xD0, 0x00, 0xFD, 0x00, 0xFC, 0x00, 0x0B, 0xE0, 0x0F, 0xC0, 0x00, 0x7F, 0x01,
    0xF8, 0x00, 0x07, 0xE0, 0x1F, 0x40, 0x00, 0xBE, 0x02, 0xF4, 0x00, 0x0F, 0xC0, 0x3F, 0x00, 0x07,
    0xF8, 0x03, 0xFA, 0xAB, 0xFF, 0x00, 0x7F, 0xFF, 0xFF, 0x80, 0x0B, 0xFF, 0xFF, 0x80, 0x00, 0x03,
    0xC2, 0xD0, 0x00, 0x00, 0x3C, 0x3C, 0x00, 0x00, 0x07, 0x83, 0xC0, 0x00, 0x00, 0x10, 0x10, 0x00,
    0x00, 0x00, 0x00, 0x00, 0x00, 0x00, 0x2F, 0xF0, 0x00, 0x03, 0xFF, 0xF0, 0x00, 0x2F, 0x03, 0xE0,
    0x00, 0xFC, 0x07, 0xC0, 0x03, 0xE0, 0x1F, 0x00, 0x0F, 0x80, 0x7C, 0x00, 0x3E, 0x01, 0xF0, 0x00,
    0xF8, 0x0B, 0x80, 0x03, 0xE0, 0x3C, 0x00, 0x0F, 0x82, 0xE0, 0x00, 0x3E, 0x2F, 0x00, 0x00, 0xFE,
    0xF4, 0x00, 0x03, 0xFF, 0x00, 0x01, 0xFF, 0xE0, 0x00, 0x0F, 0xFE, 0x00, 0x00, 0x20, 0xF8, 0x00,
    0x00, 0x03, 0xE0, 0x00, 0x00, 0x0F, 0x80, 0x00, 0x00, 0x3E, 0x00, 0x04, 0x00, 0xFC, 0x00, 0xB0,
    0x03, 0xF0, 0x03, 0xC0, 0x0B, 0xE0, 0x3E, 0x00, 0x0F, 0xFF, 0xF0, 0x00, 0x0B, 0xFF, 0x00, 0x00,
    0x01, 0x40, 0x00, 0xBF, 0xFF, 0xFA, 0x40, 0x00, 0x3F, 0xFF, 0xFF, 0xFE, 0x00, 0x0F, 0x0F, 0x00,
    0x7B, 0xE0, 0x03, 0xC3, 0xC0, 0x1D, 0x2D, 0x00, 0xF0, 0xF0, 0x07, 0x43, 0xC0, 0x3C, 0x3C, 0x01,
    0xD0, 0xF0, 0x0F, 0x0F, 0x00, 0x74, 0x3C, 0x03, 0xC3, 0xC0, 0x1D, 0x0F, 0x00, 0xF0, 0xF0, 0x07,
    0x43, 0xC0, 0x3C, 0x3C, 0x01, 0xD2, 0xD0, 0x0F, 0x0F, 0x00, 0x76, 0xF0, 0x03, 0xC3, 0xD5, 0x6F,
    0xE0, 0x00, 0xF0, 0xFF, 0xFF, 0xD0, 0x00, 0x3C, 0x3D, 0xB8, 0x74, 0x00, 0x0F, 0x0F, 0x0F, 0x0F,
    0x00, 0x03, 0xC3, 0xC1, 0xE0, 0xE0, 0x00, 0xF0, 0xF0, 0x2C, 0x2D, 0x00, 0x3C, 0x3C, 0x03, 0xC3,
    0xC0, 0x0F, 0x0F, 0x00, 0xB4, 0x38, 0x03, 0xC3, 0xC0, 0x0F, 0x0B, 0x40, 0xF0, 0xF0, 0x01, 0xE0,
    0xF0, 0x3C, 0x3C, 0x00, 0x2C, 0x1E, 0x0F, 0xFF, 0x00, 0x03, 0xEB, 0xD3, 0xFF, 0xC0, 0x00, 0xBF,
    0xFC, 0x00, 0x00, 0x90, 0x00, 0x00, 0x00, 0x00, 0x00, 0x00, 0x0F, 0x40, 0x00, 0x00, 0x00, 0x00,
    0x00, 0x00, 0xFC, 0x00, 0x00, 0x00, 0x00, 0x00, 0x00, 0x0F, 0xC0, 0x00, 0x00, 0x00, 0x00, 0x00,
    0x01, 0xFE, 0x00, 0x00, 0x00, 0x00, 0x00, 0x00, 0x2F, 0xF5, 0x55, 0x55, 0x55, 0x55, 0x55, 0x43,
    0xFF, 0xFF, 0xFF, 0xFF, 0xFF, 0xFF, 0xFF, 0x8F, 0xFF, 0xFF, 0xFF, 0xFF, 0xFF, 0xFF, 0xFE, 0x07,
    0xFC, 0x00, 0x00, 0x00, 0x00, 0x00, 0x00, 0x03, 0xF8, 0x00, 0x00, 0x00, 0x00, 0x00, 0x00, 0x03,
    0xF4, 0x00, 0x00, 0x00, 0x00, 0x00, 0x00, 0x03, 0xF0, 0x00, 0x00, 0x00, 0x00, 0x00, 0x00, 0x03,
    0xD0, 0x00, 0x00, 0x00, 0x00, 0x00, 0x00, 0x01, 0x40, 0x00, 0x00, 0x00, 0x00, 0x00, 0x00, 0x0D,
    0x00, 0x00, 0x02, 0xF0, 0x00, 0x00, 0x3F, 0x80, 0x00, 0x0F, 0xFD, 0x00, 0x02, 0xFF, 0xF0, 0x00,
    0xBF, 0xFF, 0xC0, 0x2F, 0xEF, 0xFF, 0x07, 0xF1, 0xF1, 0xFC, 0xB4, 0x1F, 0x02, 0xC0, 0x01, 0xF0,
    0x00, 0x00, 0x1F, 0x00, 0x00, 0x01, 0xF0, 0x00, 0x00, 0x1F, 0x00, 0x00, 0x01, 0xF0, 0x00, 0x00,
    0x1F, 0x00, 0x00, 0x01, 0xF0, 0x00, 0x00, 0x1F, 0x00, 0x00, 0x01, 0xF0, 0x00, 0x00, 0x1F, 0x00,
    0x00, 0x01, 0xF0, 0x00, 0x00, 0x1F, 0x00, 0x00, 0x01, 0xF0, 0x00, 0x00, 0x1F, 0x00, 0x00, 0x01,
    0xF0, 0x00, 0x00, 0x1F, 0x00, 0x00, 0x01, 0xF0, 0x00, 0x00, 0x1F, 0x00, 0x00, 0x01, 0xF0, 0x00,
    0x00, 0x1F, 0x00, 0x00, 0x01, 0xF0, 0x00, 0x00, 0x00, 0x00, 0x00, 0x00, 0x09, 0x00, 0x00, 0x00,
    0x00, 0x00, 0x00, 0x00, 0x3D, 0x00, 0x00, 0x00, 0x00, 0x00, 0x00, 0x00, 0x7D, 0x00, 0x00, 0x00,
    0x00, 0x00, 0x00, 0x00, 0xFD, 0x00, 0x00, 0x00, 0x00, 0x00, 0x00, 0x00, 0xFE, 0x00, 0x55, 0x55,
    0x55, 0x55, 0x55, 0x56, 0xFF, 0x47, 0xFF, 0xFF, 0xFF, 0xFF, 0xFF, 0xFF, 0xFF, 0x9F, 0xFF, 0xFF,
    0xFF, 0xFF, 0xFF, 0xFF, 0xFD, 0x00, 0x00, 0x00, 0x00, 0x00, 0x00, 0xBF, 0x80, 0x00, 0x00, 0x00,
    0x00, 0x00, 0x07, 0xF4, 0x00, 0x00, 0x00, 0x00, 0x00, 0x00, 0x3F, 0x40, 0x00, 0x00, 0x00, 0x00,
    0x00, 0x01, 0xF4, 0x00, 0x00, 0x00, 0x00, 0x00, 0x00, 0x0F, 0x40, 0x00, 0x00, 0x00, 0x00, 0x00,
    0x00, 0x14, 0x00, 0x00, 0x00, 0x1F, 0x00, 0x00, 0x01, 0xF0, 0x00, 0x00, 0x1F, 0x00, 0x00, 0x01,
    0xF0, 0x00, 0x00, 0x1F, 0x00, 0x00, 0x01, 0xF0, 0x00, 0x00, 0x1F, 0x00, 0x00, 0x01, 0xF0, 0x00,
    0x00, 0x1F, 0x00, 0x00, 0x01, 0xF0, 0x00, 0x00, 0x1F, 0x00, 0x00, 0x01, 0xF0, 0x00, 0x00, 0x1F,
    0x00, 0x00, 0x01, 0xF0, 0x00, 0x00, 0x1F, 0x00, 0x00, 0x01, 0xF0, 0x00, 0x00, 0x1F, 0x00, 0x00,
    0x01, 0xF0, 0x00, 0x00, 0x1F, 0x00, 0x00, 0x01, 0xF0, 0x00, 0x00, 0x1F, 0x00, 0x09, 0x01, 0xF0,
    0x08, 0xBD, 0x1F, 0x0B, 0xC3, 0xF9, 0xF7, 0xF4, 0x0F, 0xFF, 0xFD, 0x00, 0x3F, 0xFF, 0x40, 0x00,
    0xFF, 0xE0, 0x00, 0x07, 0xFC, 0x00, 0x00, 0x2F, 0x00, 0x00, 0x00, 0xE0, 0x00, 0x00, 0x00, 0x90,
    0x00, 0x00, 0x00, 0x09, 0x00, 0x00, 0x00, 0x0F, 0x40, 0x00, 0x00, 0x00, 0x3D, 0x00, 0x00, 0x00,
    0xFC, 0x00, 0x00, 0x00, 0x00, 0xBD, 0x00, 0x00, 0x0F, 0xC0, 0x00, 0x00, 0x00, 0x00, 0xFD, 0x00,
    0x01, 0xFE, 0x00, 0x00, 0x00, 0x00, 0x01, 0xFE, 0x00, 0x2F, 0xF5, 0x55, 0x55, 0x55, 0x55, 0x57,
    0xFF, 0x43, 0xFF, 0xFF, 0xFF, 0xFF, 0xFF, 0xFF, 0xFF, 0xFF, 0x4F, 0xFF, 0xFF, 0xFF, 0xFF, 0xFF,
    0xFF, 0xFF, 0xFD, 0x07, 0xFC, 0x00, 0x00, 0x00, 0x00, 0x00, 0xBF, 0x80, 0x03, 0xF8, 0x00, 0x00,
    0x00, 0x00, 0x07, 0xF4, 0x00, 0x03, 0xF4, 0x00, 0x00, 0x00, 0x00, 0x3F, 0x00, 0x00, 0x03, 0xF0,
    0x00, 0x00, 0x00, 0x02, 0xF0, 0x00, 0x00, 0x03, 0xD0, 0x00, 0x00, 0x00, 0x0F, 0x40, 0x00, 0x00,
    0x01, 0x40, 0x00, 0x00, 0x00, 0x14, 0x00, 0x00, 0x00, 0x0D, 0x00, 0x00, 0x02, 0xF0, 0x00, 0x00,
    0x7F, 0x80, 0x00, 0x0F, 0xFD, 0x00, 0x03, 0xFF, 0xF4, 0x00, 0xBF, 0xFF, 0xD0, 0x2F, 0xEF, 0xBF,
    0x4B, 0xE1, 0xF1, 0xFC, 0xA0, 0x1F, 0x01, 0xC0, 0x01, 0xF0, 0x00, 0x00, 0x1F, 0x00, 0x00, 0x01,
    0xF0, 0x00, 0x00, 0x1F, 0x00, 0x00, 0x01, 0xF0, 0x00, 0x00, 0x1F, 0x00, 0x00, 0x01, 0xF0, 0x00,
    0x00, 0x1F, 0x00, 0x00, 0x01, 0xF0, 0x00, 0x00, 0x1F, 0x00, 0x00, 0x01, 0xF0, 0x00, 0x00, 0x1F,
    0x00, 0x00, 0x01, 0xF0, 0x00, 0x00, 0x1F, 0x00, 0x00, 0x01, 0xF0, 0x00, 0x00, 0x1F, 0x00, 0x0A,
    0x01, 0xF0, 0x1C, 0xBD, 0x1F, 0x0B, 0xC3, 0xFE, 0xF7, 0xF4, 0x0F, 0xFF, 0xFD, 0x00, 0x3F, 0xFF,
    0x40, 0x00, 0xFF, 0xE0, 0x00, 0x07, 0xFC, 0x00, 0x00, 0x2F, 0x00, 0x00, 0x00, 0xD0, 0x00, 0x24,
    0x00, 0x00, 0x00, 0x00, 0x00, 0x3F, 0xFA, 0xA8, 0x00, 0x00, 0x00, 0x3F, 0xFF, 0xFE, 0x00, 0x00,
    0x00, 0x2F, 0xFF, 0x90, 0x00, 0x00, 0x00, 0x2F, 0xF8, 0x00, 0x00, 0x00, 0x00, 0x1F, 0xFE, 0x00,
    0x00, 0x00, 0x00, 0x1F, 0x7F, 0x80, 0x00, 0x00, 0x00, 0x1F, 0x0F, 0xE0, 0x00, 0x00, 0x00, 0x1F,
    0x03, 0xF8, 0x00, 0x00, 0x00, 0x1E, 0x00, 0xFE, 0x00, 0x00, 0x00, 0x0D, 0x00, 0x3F, 0x80, 0x00,
    0x00, 0x04, 0x00, 0x0F, 0xE0, 0x00, 0x00, 0x00, 0x00, 0x03, 0xF8, 0x00, 0x00, 0x00, 0x00, 0x00,
    0xFE, 0x00, 0x00, 0x00, 0x00, 0x00, 0x3F, 0x80, 0x00, 0x00, 0x00, 0x00, 0x0F, 0xE0, 0x00, 0x00,
    0x00, 0x00, 0x03, 0xF8, 0x00, 0x00, 0x00, 0x00, 0x00, 0xFE, 0x00, 0x00, 0x00, 0x00, 0x00, 0x3F,
    0x80, 0x00, 0x00, 0x00, 0x00, 0x0F, 0xE0, 0x00, 0x00, 0x00, 0x00, 0x03, 0xF8, 0x00, 0x00, 0x00,
    0x00, 0x00, 0xF8, 0x00, 0x00, 0x00, 0x00, 0x00, 0x10, 0x00, 0x00, 0x00, 0x00, 0x00, 0x14, 0x00,
    0x00, 0x00, 0x2A, 0xAF, 0xFC, 0x00, 0x00, 0x00, 0xFF, 0xFF, 0xF8, 0x00, 0x00, 0x00, 0x06, 0xFF,
    0xF4, 0x00, 0x00, 0x00, 0x00, 0x2F, 0xF4, 0x00, 0x00, 0x00, 0x00, 0xBF, 0xF0, 0x00, 0x00, 0x00,
    0x02, 0xFA, 0xF0, 0x00, 0x00, 0x00, 0x0B, 0xE1, 0xF0, 0x00, 0x00, 0x00, 0x2F, 0x80, 0xF0, 0x00,
    0x00, 0x00, 0xBE, 0x00, 0xF0, 0x00, 0x00, 0x02, 0xF8, 0x00, 0xB0, 0x00, 0x00, 0x0B, 0xE0, 0x00,
    0x00, 0x00, 0x00, 0x2F, 0x80, 0x00, 0x00, 0x00, 0x00, 0xBE, 0x00, 0x00, 0x00, 0x00, 0x02, 0xF8,
    0x00, 0x00, 0x00, 0x00, 0x0B, 0xE0, 0x00, 0x00, 0x00, 0x00, 0x2F, 0x80, 0x00, 0x00, 0x00, 0x00,
    0xBE, 0x00, 0x00, 0x00, 0x00, 0x02, 0xF8, 0x00, 0x00, 0x00, 0x00, 0x0B, 0xE0, 0x00, 0x00, 0x00,
    0x00, 0x2F, 0x80, 0x00, 0x00, 0x00, 0x00, 0x3E, 0x00, 0x00, 0x00, 0x00, 0x00, 0x04, 0x00, 0x00,
    0x00, 0x00, 0x00, 0x04, 0x00, 0x00, 0x00, 0x00, 0x00, 0x3E, 0x00, 0x00, 0x00, 0x00, 0x00, 0x2F,
    0x80, 0x00, 0x00, 0x00, 0x00, 0x0B, 0xE0, 0x00, 0x00, 0x00, 0x00, 0x02, 0xF8, 0x00, 0x00, 0x00,
    0x00, 0x00, 0xBE, 0x00, 0x00, 0x00, 0x00, 0x00, 0x2F, 0x80, 0x00, 0x00, 0x00, 0x00, 0x0B, 0xE0,
    0x00, 0x00, 0x00, 0x00, 0x02, 0xF8, 0x00, 0x00, 0x00, 0x00, 0x00, 0xBE, 0x00, 0x00, 0x00, 0x00,
    0x00, 0x2F, 0x80, 0x00, 0x00, 0x00, 0x00, 0x0B, 0xE0, 0x00, 0x00, 0x00, 0x00, 0x02, 0xF8, 0x00,
    0xB0, 0x00, 0x00, 0x00, 0xBE, 0x00, 0xF0, 0x00, 0x00, 0x00, 0x2F, 0x80, 0xF0, 0x00, 0x00, 0x00,
    0x0B, 0xE1, 0xF0, 0x00, 0x00, 0x00, 0x02, 0xFA, 0xF0, 0x00, 0x00, 0x00, 0x00, 0xBF, 0xF0, 0x00,
    0x00, 0x00, 0x00, 0x2F, 0xF4, 0x00, 0x00, 0x00, 0x06, 0xFF, 0xF4, 0x00, 0x00, 0x00, 0xFF, 0xFF,
    0xF8, 0x00, 0x00, 0x00, 0x2A, 0xBF, 0xFC, 0x00, 0x00, 0x00, 0x00, 0x00, 0x14, 0x00, 0x00, 0x00,
    0x00, 0x00, 0x10, 0x00, 0x00, 0x00, 0x00, 0x00, 0xF8, 0x00, 0x00, 0x00, 0x00, 0x03, 0xF8, 0x00,
    0x00, 0x00, 0x00, 0x0F, 0xE0, 0x00, 0x00, 0x00, 0x00, 0x3F, 0x80, 0x00, 0x00, 0x00, 0x00, 0xFE,
    0x00, 0x00, 0x00, 0x00, 0x03, 0xF8, 0x00, 0x00, 0x00, 0x00, 0x0F, 0xE0, 0x00, 0x00, 0x00, 0x00,
    0x3F, 0x80, 0x00, 0x00, 0x00, 0x00, 0xFE, 0x00, 0x00, 0x00, 0x00, 0x03, 0xF8, 0x00, 0x00, 0x04,
    0x00, 0x0F, 0xE0, 0x00, 0x00, 0x0D, 0x00, 0x3F, 0x80, 0x00, 0x00, 0x1E, 0x00, 0xFE, 0x00, 0x00,
    0x00, 0x1F, 0x03, 0xF8, 0x00, 0x00, 0x00, 0x1F, 0x0F, 0xE0, 0x00, 0x00, 0x00, 0x1F, 0x7F, 0x80,
    0x00, 0x00, 0x00, 0x1F, 0xFE, 0x00, 0x00, 0x00, 0x00, 0x2F, 0xF8, 0x00, 0x00, 0x00, 0x00, 0x2F,
    0xFF, 0x90, 0x00, 0x00, 0x00, 0x3F, 0xFF, 0xFE, 0x00, 0x00, 0x00, 0x3F, 0xFA, 0xA8, 0x00, 0x00,
    0x00, 0x24, 0x00, 0x00, 0x00, 0x00, 0x00, 0x00, 0x00, 0x90, 0x00, 0x00, 0x64, 0x00, 0x00, 0x00,
    0x0F, 0x40, 0x00, 0x07, 0xD0, 0x00, 0x00, 0x00, 0xFC, 0x00, 0x00, 0x3F, 0x00, 0x00, 0x00, 0x0F,
    0xC0, 0x00, 0x01, 0xF4, 0x00, 0x00, 0x01, 0xFE, 0x00, 0x00, 0x0F, 0xC0, 0x00, 0x00, 0x2F, 0xF5,
    0x55, 0x55, 0xBE, 0x55, 0x55, 0x43, 0xFF, 0xFF, 0xFF, 0xFF, 0xFF, 0xFF, 0xFF, 0x8F, 0xFF, 0xFF,
    0xFF, 0xFF, 0xFF, 0xFF, 0xFE, 0x07, 0xFC, 0x00, 0x00, 0xF8, 0x00, 0x00, 0x00, 0x03, 0xF8, 0x00,
    0x0B, 0xC0, 0x00, 0x00, 0x00, 0x03, 0xF4, 0x00, 0x3E, 0x00, 0x00, 0x00, 0x00, 0x03, 0xF0, 0x02,
    0xF0, 0x00, 0x00, 0x00, 0x00, 0x03, 0xD0, 0x0F, 0x80, 0x00, 0x00, 0x00, 0x00, 0x01, 0x40, 0x14,
    0x00, 0x00, 0x00, 0x00, 0x00, 0x00, 0x00, 0x02, 0x80, 0x09, 0x00, 0x00, 0x00, 0x00, 0x00, 0x3F,
    0x00, 0x3D, 0x00, 0x00, 0x00, 0x00, 0x01, 0xF0, 0x00, 0x7D, 0x00, 0x00, 0x00, 0x00, 0x0F, 0x80,
    0x00, 0xFD, 0x00, 0x00, 0x00, 0x00, 0xBC, 0x00, 0x00, 0xFE, 0x00, 0x55, 0x55, 0x57, 0xF5, 0x55,
    0x56, 0xFF, 0x47, 0xFF, 0xFF, 0xFF, 0xFF, 0xFF, 0xFF, 0xFF, 0x9F, 0xFF, 0xFF, 0xFF, 0xFF, 0xFF,
    0xFF, 0xFD, 0x00, 0x00, 0x0B, 0xC0, 0x00, 0x00, 0xBF, 0x80, 0x00, 0x00, 0x3D, 0x00, 0x00, 0x07,
    0xF4, 0x00, 0x00, 0x02, 0xF0, 0x00, 0x00, 0x3F, 0x40, 0x00, 0x00, 0x0F, 0x40, 0x00, 0x01, 0xF4,
    0x00, 0x00, 0x00, 0xBC, 0x00, 0x00, 0x0F, 0x40, 0x00, 0x00, 0x01, 0x50, 0x00, 0x00, 0x14, 0x00,
    0x00, 0x10, 0x00, 0x00, 0x00, 0x00, 0x00, 0x00, 0x00, 0xF9, 0x00, 0x00, 0x00, 0x00, 0x00, 0x00,
    0x03, 0xFF, 0xFF, 0xC0, 0x00, 0x00, 0x00, 0x00, 0x0F, 0xFF, 0xFF, 0x80, 0x00, 0x05, 0x00, 0x00,
    0x3F, 0xFA, 0x40, 0x00, 0x03, 0xFF, 0x80, 0x00, 0xFF, 0xE0, 0x00, 0x00, 0x7F, 0xFF, 0xC0, 0x03,
    0xFF, 0xE0, 0x00, 0x0B, 0xF4, 0x1F, 0xC0, 0x0F, 0xCF, 0xE0, 0x00, 0xBF, 0x00, 0x1F, 0xC0, 0x3E,
    0x0F, 0xE0, 0x0F, 0xE0, 0x00, 0x0F, 0xC0, 0xF0, 0x0B, 0xF6, 0xFD, 0x00, 0x00, 0x0F, 0xC3, 0xC0,
    0x0B, 0xFF, 0xD0, 0x00, 0x00, 0x0F, 0x45, 0x00, 0x07, 0xF8, 0x00, 0x00, 0x00, 0x04, 0x00, 0x00,
    0x00, 0x00, 0x00, 0x00, 0x00, 0x10, 0x00, 0x00, 0x00, 0x00, 0x00, 0x00, 0x1B, 0xE0, 0x00, 0x00,
    0x00, 0x00, 0x07, 0xFF, 0xFF, 0x80, 0x00, 0x05, 0x00, 0x00, 0x3F, 0xFF, 0xFD, 0x00, 0x07, 0xFF,
    0x40, 0x00, 0x05, 0xBF, 0xF0, 0x00, 0xBF, 0xFF, 0x80, 0x00, 0x01, 0xFF, 0xC0, 0x0B, 0xE0, 0x2F,
    0xC0, 0x00, 0x1F, 0xFF, 0x00, 0xBE, 0x00, 0x1F, 0xD0, 0x01, 0xFD, 0x7C, 0x0B, 0xE0, 0x00, 0x1F,
    0xD0, 0x1F, 0xC0, 0xF0, 0xBE, 0x00, 0x00, 0x0F, 0xE6, 0xFC, 0x03, 0xD3, 0xE0, 0x00, 0x00, 0x0B,
    0xFF, 0xC0, 0x07, 0x41, 0x00, 0x00, 0x00, 0x07, 0xF8, 0x00, 0x08, 0x00, 0x00, 0x90, 0x06, 0x00,
    0x00, 0x00, 0x00, 0x00, 0x0F, 0x40, 0x7C, 0x00, 0x00, 0x00, 0x00, 0x00, 0xFC, 0x07, 0xD0, 0x00,
    0x00, 0x00, 0x00, 0x0F, 0xC0, 0x7F, 0x00, 0x00, 0x00, 0x00, 0x01, 0xFE, 0x0B, 0xF0, 0x00, 0x00,
    0x00, 0x00, 0x2F, 0xF5, 0xFF, 0x95, 0x55, 0x55, 0x55, 0x43, 0xFF, 0xFF, 0xFF, 0xFF, 0xFF, 0xFF,
    0xFF, 0x8F, 0xFF, 0xFF, 0xFF, 0xFF, 0xFF, 0xFF, 0xFE, 0x07, 0xFC, 0x2F, 0xE0, 0x00, 0x00, 0x00,
    0x00, 0x03, 0xF8, 0x1F, 0xD0, 0x00, 0x00, 0x00, 0x00, 0x03, 0xF4, 0x1F, 0xC0, 0x00, 0x00, 0x00,
    0x00, 0x03, 0xF0, 0x1F, 0x40, 0x00, 0x00, 0x00, 0x00, 0x03, 0xD0, 0x1F, 0x00, 0x00, 0x00, 0x00,
    0x00, 0x01, 0x40, 0x14, 0x00, 0x00, 0x00, 0x00, 0x00, 0x0D, 0x00, 0x00, 0x02, 0xF0, 0x00, 0x00,
    0x3F, 0x80, 0x00, 0x0F, 0xFD, 0x00, 0x02, 0xFF, 0xF0, 0x00, 0xBF, 0xFF, 0xC0, 0x2F, 0xEF, 0xFF,
    0x0B, 0xF1, 0xF1, 0xFC, 0xB4, 0x2F, 0x02, 0xC0, 0x07, 0xFC, 0x00, 0x00, 0xFF, 0xE0, 0x00, 0x3F,
    0xFF, 0x40, 0x0F, 0xFF, 0xFD, 0x03, 0xF9, 0xF7, 0xF8, 0xBD, 0x1F, 0x0B, 0xC9, 0x01, 0xF0, 0x08,
    0x00, 0x1F, 0x00, 0x00, 0x01, 0xF0, 0x00, 0x00, 0x1F, 0x00, 0x00, 0x01, 0xF0, 0x00, 0x00, 0x1F,
    0x00, 0x00, 0x01, 0xF0, 0x00, 0x00, 0x1F, 0x00, 0x00, 0x01, 0xF0, 0x00, 0x00, 0x1F, 0x00, 0x00,
    0x01, 0xF0, 0x00, 0x00, 0x1F, 0x00, 0x00, 0x01, 0xF0, 0x00, 0x00, 0x1F, 0x00, 0x00, 0x01, 0xF0,
    0x00, 0x00, 0x00, 0x00, 0x01, 0x40, 0x09, 0x00, 0x00, 0x00, 0x00, 0x00, 0x0B, 0x80, 0x3D, 0x00,
    0x00, 0x00, 0x00, 0x00, 0x0F, 0x80, 0x7D, 0x00, 0x00, 0x00, 0x00, 0x00, 0x1F, 0xC0, 0xFD, 0x00,
    0x00, 0x00, 0x00, 0x00, 0x3F, 0xC0, 0xFE, 0x00, 0x55, 0x55, 0x55, 0x55, 0x7F, 0xE6, 0xFF, 0x47,
    0xFF, 0xFF, 0xFF, 0xFF, 0xFF, 0xFF, 0xFF, 0x9F, 0xFF, 0xFF, 0xFF, 0xFF, 0xFF, 0xFF, 0xFD, 0x00,
    0x00, 0x00, 0x00, 0x1F, 0xF4, 0xBF, 0x80, 0x00, 0x00, 0x00, 0x00, 0xFF, 0x07, 0xF4, 0x00, 0x00,
    0x00, 0x00, 0x0B, 0xE0, 0x3F, 0x40, 0x00, 0x00, 0x00, 0x00, 0x3E, 0x01, 0xF4, 0x00, 0x00, 0x00,
    0x00, 0x02, 0xE0, 0x0F, 0x40, 0x00, 0x00, 0x00, 0x00, 0x05, 0x00, 0x14, 0x00, 0x00, 0x00, 0x1F,
    0x00, 0x00, 0x01, 0xF0, 0x00, 0x00, 0x1F, 0x00, 0x00, 0x01, 0xF0, 0x00, 0x00, 0x1F, 0x00, 0x00,
    0x01, 0xF0, 0x00, 0x00, 0x1F, 0x00, 0x00, 0x01, 0xF0, 0x00, 0x00, 0x1F, 0x00, 0x00, 0x01, 0xF0,
    0x00, 0x00, 0x1F, 0x00, 0x00, 0x01, 0xF0, 0x00, 0x00, 0x1F, 0x00, 0x00, 0x01, 0xF0, 0x00, 0x00,
    0x1F, 0x00, 0x0B, 0x41, 0xF0, 0x2C, 0x7F, 0x1F, 0x2F, 0xC1, 0xFF, 0xFF, 0xF0, 0x07, 0xFF, 0xFC,
    0x00, 0x2F, 0xFF, 0x00, 0x00, 0xBF, 0xC0, 0x09, 0x03, 0xF4, 0x08, 0xBD, 0x1F, 0x0B, 0xC3, 0xF9,
    0xF7, 0xF4, 0x0F, 0xFF, 0xFD, 0x00, 0x3F, 0xFF, 0x40, 0x00, 0xFF, 0xE0, 0x00, 0x07, 0xFC, 0x00,
    0x00, 0x2F, 0x00, 0x00, 0x00, 0xE0, 0x00, 0x00, 0x00, 0x90, 0x00, 0x00, 0x00, 0x00, 0xA4, 0x00,
    0x0F, 0x40, 0x00, 0x00, 0x00, 0x0F, 0xC0, 0x00, 0xFC, 0x00, 0x00, 0x00, 0x00, 0xBC, 0x00, 0x0F,
    0xC0, 0x00, 0x00, 0x00, 0x0B, 0xD0, 0x01, 0xFE, 0x00, 0x00, 0x00, 0x00, 0x7D, 0x00, 0x2F, 0xF5,
    0x55, 0x55, 0x55, 0x57, 0xE0, 0x03, 0xFF, 0xFF, 0xFF, 0xFF, 0xFF, 0xFF, 0x00, 0x0F, 0xFF, 0xFF,
    0xFF, 0xFF, 0xFF, 0xFC, 0x00, 0x07, 0xFC, 0x00, 0x00, 0x00, 0x00, 0xFC, 0x00, 0x03, 0xF8, 0x00,
    0x00, 0x00, 0x00, 0xF8, 0x00, 0x03, 0xF4, 0x00, 0x00, 0x00, 0x01, 0xF4, 0x00, 0x03, 0xF0, 0x00,
    0x00, 0x00, 0x02, 0xF0, 0x00, 0x03, 0xD0, 0x00, 0x00, 0x00, 0x03, 0xF0, 0x00, 0x01, 0x40, 0x00,
    0x00, 0x00, 0x01, 0x50, 0x19, 0x00, 0x00, 0x00, 0x00, 0x09, 0x00, 0x00, 0x7D, 0x00, 0x00, 0x00,
    0x00, 0x3D, 0x00, 0x00, 0xBC, 0x00, 0x00, 0x00, 0x00, 0x7D, 0x00, 0x00, 0xFC, 0x00, 0x00, 0x00,
    0x00, 0xFD, 0x00, 0x00, 0xF8, 0x00, 0x00, 0x00, 0x00, 0xFE, 0x00, 0x01, 0xF9, 0x55, 0x55, 0x55,
    0x56, 0xFF, 0x40, 0x01, 0xFF, 0xFF, 0xFF, 0xFF, 0xFF, 0xFF, 0x80, 0x0B, 0xFF, 0xFF, 0xFF, 0xFF,
    0xFF, 0xFD, 0x00, 0x7D, 0x00, 0x00, 0x00, 0x00, 0xBF, 0x80, 0x03, 0xE0, 0x00, 0x00, 0x00, 0x07,
    0xF4, 0x00, 0x3F, 0x00, 0x00, 0x00, 0x00, 0x3F, 0x40, 0x02, 0xF0, 0x00, 0x00, 0x00, 0x01, 0xF4,
    0x00, 0x2F, 0x00, 0x00, 0x00, 0x00, 0x0F, 0x40, 0x00, 0x54, 0x00, 0x00, 0x00, 0x00, 0x14, 0x00,
    0x00, 0x00, 0x00, 0x90, 0x00, 0x00, 0x00, 0x00, 0xB8, 0x00, 0x0F, 0x40, 0x00, 0x00, 0x00, 0x02,
    0xE0, 0x00, 0xFC, 0x00, 0x00, 0x00, 0x00, 0x0B, 0x80, 0x0F, 0xC0, 0x00, 0x00, 0x00, 0x00, 0x2E,
    0x01, 0xFE, 0x00, 0x00, 0x00, 0x00, 0x00, 0xB8, 0x2F, 0xF5, 0x55, 0x55, 0x55, 0x55, 0x57, 0xF3,
    0xFF, 0xFF, 0xFF, 0xFF, 0xFF, 0xFF, 0xFF, 0xCF, 0xFF, 0xFF, 0xFF, 0xFF, 0xFF, 0xFF, 0xFF, 0x07,
    0xFC, 0x00, 0x00, 0x00, 0x00, 0x00, 0xB8, 0x03, 0xF8, 0x00, 0x00, 0x00, 0x00, 0x02, 0xE0, 0x03,
    0xF4, 0x00, 0x00, 0x00, 0x00, 0x0B, 0x80, 0x03, 0xF0, 0x00, 0x00, 0x00, 0x00, 0x2E, 0x00, 0x03,
    0xD0, 0x00, 0x00, 0x00, 0x00, 0xB8, 0x00, 0x01, 0x40, 0x00, 0x00, 0x00, 0x00, 0x00, 0x00, 0x0D,
    0x00, 0x00, 0x02, 0xF0, 0x00, 0x00, 0x3F, 0x80, 0x00, 0x0F, 0xFD, 0x00, 0x02, 0xFF, 0xF4, 0x00,
    0xBF, 0xFF, 0xC0, 0x2F, 0xEF, 0xBF, 0x0B, 0xF1, 0xF1, 0xFC, 0xB4, 0x1F, 0x02, 0xC0, 0x01, 0xF0,
    0x00, 0x00, 0x1F, 0x00, 0x00, 0x01, 0xF0, 0x00, 0x00, 0x1F, 0x00, 0x00, 0x01, 0xF0, 0x00, 0x00,
    0x1F, 0x00, 0x00, 0x01, 0xF0, 0x00, 0x00, 0x1F, 0x00, 0x00, 0x01, 0xF0, 0x00, 0x00, 0x1F, 0x00,
    0x00, 0x01, 0xF0, 0x00, 0x00, 0x1F, 0x00, 0x00, 0x01, 0xF0, 0x00, 0x00, 0x1F, 0x00, 0x00, 0x01,
    0xF0, 0x00, 0x00, 0x1F, 0x00, 0x00, 0x01, 0xF0, 0x00, 0x00, 0x1F, 0x00, 0x01, 0x56, 0xF5, 0x54,
    0xBF, 0xFF, 0xFF, 0xCB, 0xFF, 0xFF, 0xFC, 0x28, 0x00, 0x00, 0x00, 0x00, 0x09, 0x00, 0x01, 0xF0,
    0x00, 0x00, 0x00, 0x00, 0x3D, 0x00, 0x07, 0xC0, 0x00, 0x00, 0x00, 0x00, 0x7D, 0x00, 0x1F, 0x00,
    0x00, 0x00, 0x00, 0x00, 0xFD, 0x00, 0x7C, 0x00, 0x00, 0x00, 0x00, 0x00, 0xFE, 0x01, 0xF5, 0x55,
    0x55, 0x55, 0x55, 0x56, 0xFF, 0x47, 0xFF, 0xFF, 0xFF, 0xFF, 0xFF, 0xFF, 0xFF, 0x9F, 0xFF, 0xFF,
    0xFF, 0xFF, 0xFF, 0xFF, 0xFD, 0x7C, 0x00, 0x00, 0x00, 0x00, 0x00, 0xBF, 0x81, 0xF0, 0x00, 0x00,
    0x00, 0x00, 0x07, 0xF4, 0x07, 0xC0, 0x00, 0x00, 0x00, 0x00, 0x3F, 0x40, 0x1F, 0x00, 0x00, 0x00,
    0x00, 0x01, 0xF4, 0x00, 0x7C, 0x00, 0x00, 0x00, 0x00, 0x0F, 0x40, 0x00, 0x50, 0x00, 0x00, 0x00,
    0x00, 0x14, 0x00, 0x00, 0x15, 0x55, 0x55, 0x4B, 0xFF, 0xFF, 0xFC, 0xBF, 0xFF, 0xFF, 0xC0, 0x01,
    0xF0, 0x00, 0x00, 0x1F, 0x00, 0x00, 0x01, 0xF0, 0x00, 0x00, 0x1F, 0x00, 0x00, 0x01, 0xF0, 0x00,
    0x00, 0x1F, 0x00, 0x00, 0x01, 0xF0, 0x00, 0x00, 0x1F, 0x00, 0x00, 0x01, 0xF0, 0x00, 0x00, 0x1F,
    0x00, 0x00, 0x01, 0xF0, 0x00, 0x00, 0x1F, 0x00, 0x00, 0x01, 0xF0, 0x00, 0x00, 0x1F, 0x00, 0x00,
    0x01, 0xF0, 0x00, 0x00, 0x1F, 0x00, 0x00, 0x01, 0xF0, 0x00, 0x00, 0x1F, 0x00, 0x00, 0x01, 0xF0,
    0x00, 0xB4, 0x1F, 0x02, 0xC7, 0xF1, 0xF2, 0xFC, 0x1F, 0xFF, 0xFF, 0x00, 0x7F, 0xFF, 0xC0, 0x01,
    0xFF, 0xF0, 0x00, 0x0B, 0xFC, 0x00, 0x00, 0x3F, 0x40, 0x00, 0x01, 0xF0, 0x00, 0x00, 0x04, 0x00,
    0x00, 0x00, 0x0E, 0x00, 0x00, 0x02, 0xF0, 0x00, 0x00, 0x3F, 0xC0, 0x00, 0x0F, 0xFE, 0x00, 0x02,
    0xFF, 0xF4, 0x00, 0xBF, 0xFF, 0xD0, 0x2F, 0xEF, 0x7F, 0x4B, 0xE1, 0xF0, 0xFC, 0xA0, 0x1F, 0x01,
    0xD0, 0x01, 0xF0, 0x00, 0x00, 0x1F, 0x00, 0x00, 0x01, 0xF0, 0x00, 0x00, 0x1F, 0x00, 0x00, 0x01,
    0xF0, 0x00, 0x00, 0x1F, 0x00, 0x00, 0x01, 0xF0, 0x00, 0x00, 0x1F, 0x00, 0x00, 0x01, 0xF0, 0x00,
    0x00, 0x1F, 0x00, 0x00, 0x01, 0xF0, 0x00, 0x00, 0x1F, 0x00, 0x00, 0x01, 0xF0, 0x00, 0x00, 0x1F,
    0x00, 0x0B, 0x41, 0xF0, 0x2C, 0x7F, 0x1F, 0x1F, 0xC2, 0xFF, 0xFF, 0xF0, 0x07, 0xFF, 0xFC, 0x00,
    0x2F, 0xFF, 0x00, 0x00, 0xFF, 0xD0, 0x00, 0x03, 0xF8, 0x00, 0x00, 0x1F, 0x00, 0x01, 0x55, 0xE5,
    0x54, 0xBF, 0xFF, 0xFF, 0xCB, 0xFF, 0xFF, 0xFC, 0x00, 0x00, 0x00, 0x00, 0x00, 0x3F, 0xFF, 0x80,
    0x00, 0x00, 0x00, 0x00, 0x00, 0x3F, 0xFF, 0xF4, 0x00, 0x00, 0x00, 0x00, 0x00, 0x15, 0x56, 0xFC,
    0x00, 0x00, 0x90, 0x00, 0x00, 0x00, 0x00, 0x3E, 0x00, 0x03, 0xD0, 0x00, 0x00, 0x00, 0x00, 0x2F,
    0x00, 0x0F, 0xC0, 0x00, 0x00, 0x00, 0x00, 0x2F, 0x00, 0x3F, 0x00, 0x00, 0x00, 0x00, 0x00, 0x2E,
    0x01, 0xFE, 0x00, 0x00, 0x00, 0x00, 0x00, 0x3E, 0x0B, 0xFD, 0x55, 0x55, 0x55, 0x55, 0x56, 0xFC,
    0x3F, 0xFF, 0xFF, 0xFF, 0xFF, 0xFF, 0xFF, 0xF4, 0x3F, 0xFF, 0xFF, 0xFF, 0xFF, 0xFF, 0xFF, 0x80,
    0x07, 0xFC, 0x00, 0x00, 0x00, 0x00, 0x00, 0x00, 0x00, 0xFE, 0x00, 0x00, 0x00, 0x00, 0x00, 0x00,
    0x00, 0x3F, 0x40, 0x00, 0x00, 0x00, 0x00, 0x00, 0x00, 0x0F, 0xC0, 0x00, 0x00, 0x00, 0x00, 0x00,
    0x00, 0x03, 0xD0, 0x00, 0x00, 0x00, 0x00, 0x00, 0x00, 0x00, 0x50, 0x00, 0x00, 0x00, 0x00, 0x00,
    0x01, 0xBF, 0xFD, 0x00, 0x00, 0x00, 0x00, 0x00, 0x0B, 0xFF, 0xFD, 0x00, 0x00, 0x00, 0x00, 0x00,
    0x2F, 0xE5, 0x54, 0x00, 0x00, 0x00, 0x00, 0x00, 0x3E, 0x00, 0x00, 0x00, 0x00, 0x02, 0x40, 0x00,
    0x3C, 0x00, 0x00, 0x00, 0x00, 0x03, 0xE0, 0x00, 0x7C, 0x00, 0x00, 0x00, 0x00, 0x01, 0xF8, 0x00,
    0x3C, 0x00, 0x00, 0x00, 0x00, 0x00, 0xBE, 0x00, 0x3E, 0x00, 0x00, 0x00, 0x00, 0x00, 0x3F, 0xC0,
    0x2F, 0xE5, 0x55, 0x55, 0x55, 0x55, 0x6F, 0xF4, 0x0B, 0xFF, 0xFF, 0xFF, 0xFF, 0xFF, 0xFF, 0xFE,
    0x01, 0xBF, 0xFF, 0xFF, 0xFF, 0xFF, 0xFF, 0xFD, 0x00, 0x00, 0x00, 0x00, 0x00, 0x00, 0x2F, 0xF0,
    0x00, 0x00, 0x00, 0x00, 0x00, 0x00, 0x3F, 0x80, 0x00, 0x00, 0x00, 0x00, 0x00, 0x00, 0xFD, 0x00,
    0x00, 0x00, 0x00, 0x00, 0x00, 0x01, 0xF4, 0x00, 0x00, 0x00, 0x00, 0x00, 0x00, 0x03, 0xD0, 0x00,
    0x00, 0x00, 0x00, 0x00, 0x00, 0x01, 0x40, 0x00, 0x00, 0x00, 0x00, 0x00, 0x00, 0x00, 0x1F, 0xF8,
    0x00, 0x00, 0x00, 0x00, 0x00, 0x00, 0x0F, 0xFF, 0xF0, 0x00, 0x00, 0x00, 0x00, 0x00, 0x02, 0xF9,
    0x5F, 0xC0, 0x00, 0x09, 0x00, 0x00, 0x00, 0x3E, 0x00, 0x3D, 0x00, 0x03, 0xD0, 0x00, 0x00, 0x07,
    0xC0, 0x03, 0xD0, 0x00, 0xFC, 0x00, 0x00, 0x00, 0xB8, 0x00, 0x3E, 0x00, 0x3F, 0x00, 0x00, 0x00,
    0x0F, 0x80, 0x03, 0xD0, 0x1F, 0xE0, 0x00, 0x00, 0x00, 0xF4, 0x00, 0xBC, 0x0B, 0xFD, 0x55, 0x55,
    0x55, 0x5F, 0x95, 0xBF, 0x83, 0xFF, 0xFF, 0xFF, 0xFF, 0xFF, 0xFF, 0xFF, 0xE0, 0x3F, 0xFF, 0xFF,
    0xFF, 0xFF, 0xFF, 0xFF, 0xE0, 0x00, 0x7F, 0xC0, 0x00, 0x00, 0x00, 0xF4, 0x00, 0x00, 0x00, 0xFE,
    0x00, 0x00, 0x00, 0x0F, 0x40, 0x00, 0x00, 0x03, 0xF4, 0x00, 0x00, 0x00, 0xF4, 0x00, 0x00, 0x00,
    0x0F, 0xC0, 0x00, 0x00, 0x0F, 0x40, 0x00, 0x00, 0x00, 0x3D, 0x00, 0x00, 0x00, 0xF4, 0x00, 0x00,
    0x00, 0x00, 0x50, 0x00, 0x00, 0x05, 0x00, 0x00, 0x00, 0x02, 0xFF, 0x80, 0x00, 0x00, 0x00, 0x00,
    0x00, 0x00, 0xFF, 0xFF, 0x00, 0x00, 0x00, 0x00, 0x00, 0x00, 0x2F, 0x96, 0xFC, 0x00, 0x00, 0x00,
    0x00, 0x00, 0x03, 0xD0, 0x07, 0xD0, 0x00, 0x00, 0x06, 0x40, 0x00, 0x7C, 0x00, 0x3E, 0x00, 0x00,
    0x00, 0x3D, 0x00, 0x07, 0xC0, 0x01, 0xF0, 0x00, 0x00, 0x02, 0xF4, 0x00, 0x3D, 0x00, 0x1F, 0x00,
    0x00, 0x00, 0x0F, 0xD0, 0x03, 0xF0, 0x00, 0xF0, 0x00, 0x00, 0x00, 0x7F, 0x80, 0x1F, 0xE5, 0x5F,
    0x55, 0x55, 0x55, 0x57, 0xFF, 0x00, 0x7F, 0xFF, 0xFF, 0xFF, 0xFF, 0xFF, 0xFF, 0xFD, 0x00, 0xBF,
    0xFF, 0xFF, 0xFF, 0xFF, 0xFF, 0xFF, 0xD0, 0x00, 0x00, 0xF0, 0x00, 0x00, 0x00, 0x3F, 0xE0, 0x00,
    0x00, 0x0F, 0x00, 0x00, 0x00, 0x0B, 0xF4, 0x00, 0x00, 0x00, 0xF0, 0x00, 0x00, 0x00, 0xFC, 0x00,
    0x00, 0x00, 0x0F, 0x00, 0x00, 0x00, 0x2F, 0x00, 0x00, 0x00, 0x00, 0xF0, 0x00, 0x00, 0x03, 0xC0,
    0x00, 0x00, 0x00, 0x05, 0x00, 0x00, 0x00, 0x10, 0x00, 0x00, 0x00, 0x00, 0x90, 0x00, 0x00, 0x00,
    0x00, 0x24, 0x00, 0x00, 0x00, 0x3D, 0x00, 0x00, 0x00, 0x00, 0x03, 0xD0, 0x00, 0x00, 0x0F, 0xC0,
    0x00, 0x00, 0x00, 0x00, 0x2F, 0x00, 0x00, 0x03, 0xF4, 0x00, 0x03, 0xFD, 0x00, 0x00, 0xFD, 0x00,
    0x00, 0xFE, 0x00, 0x00, 0xFF, 0xF0, 0x00, 0x07, 0xF4, 0x00, 0x7F, 0xC0, 0x00, 0x1F, 0x4F, 0x80,
    0x00, 0x2F, 0xE0, 0x3F, 0xFF, 0xF8, 0x02, 0xE0, 0x7C, 0x01, 0xFF, 0xFF, 0xD3, 0xFF, 0xFF, 0xC0,
    0x3C, 0x03, 0xD0, 0x2F, 0xFF, 0xFD, 0x0B, 0xFD, 0x7D, 0x0B, 0x80, 0x1F, 0x03, 0xE7, 0xFF, 0x40,
    0x1F, 0xE2, 0xF5, 0xF4, 0x00, 0xF9, 0xBC, 0x7F, 0x80, 0x00, 0x3F, 0x0F, 0xFE, 0x00, 0x07, 0xFF,
    0x4F, 0xD0, 0x00, 0x00, 0xFC, 0x2F, 0x80, 0x00, 0x1F, 0xD2, 0xF4, 0x00, 0x00, 0x03, 0xD0, 0x00,
    0x00, 0x00, 0x00, 0x3D, 0x00, 0x00, 0x00, 0x05, 0x00, 0x00, 0x00, 0x00, 0x01, 0x40, 0x00, 0x00,
    0x00, 0x90, 0x00, 0x00, 0xA0, 0x09, 0x00, 0x00, 0x00, 0x0F, 0x40, 0x00, 0x0F, 0xC0, 0x3D, 0x00,
    0x00, 0x00, 0xFC, 0x00, 0x00, 0x7D, 0x00, 0xBD, 0x00, 0x00, 0x0F, 0xC0, 0x00, 0x03, 0xF0, 0x00,
    0xFD, 0x00, 0x01, 0xFE, 0x00, 0x00, 0x1F, 0x40, 0x01, 0xFE, 0x00, 0x2F, 0xF5, 0x55, 0x55, 0xFD,
    0x55, 0x57, 0xFF, 0x43, 0xFF, 0xFF, 0xFF, 0xFF, 0xFF, 0xFF, 0xFF, 0xFF, 0x4F, 0xFF, 0xFF, 0xFF,
    0xFF, 0xFF, 0xFF, 0xFF, 0xFD, 0x07, 0xFC, 0x00, 0x02, 0xF0, 0x00, 0x00, 0xBF, 0x80, 0x03, 0xF8,
    0x00, 0x0F, 0x80, 0x00, 0x07, 0xF4, 0x00, 0x03, 0xF4, 0x00, 0xBC, 0x00, 0x00, 0x3F, 0x00, 0x00,
    0x03, 0xF0, 0x03, 0xE0, 0x00, 0x02, 0xF0, 0x00, 0x00, 0x03, 0xD0, 0x2F, 0x00, 0x00, 0x0F, 0x40,
    0x00, 0x00, 0x01, 0x40, 0x54, 0x00, 0x00, 0x14, 0x00, 0x00, 0x00, 0x00, 0x00, 0x00, 0x00, 0x00,
    0xB4, 0x00, 0x00, 0x00, 0x0F, 0x80, 0x00, 0x00, 0x01, 0xF0, 0x00, 0x00, 0x00, 0x2F, 0x00, 0x00,
    0x00, 0x03, 0xE0, 0x00, 0x00, 0x00, 0x7C, 0x00, 0x00, 0x00, 0x0B, 0xC0, 0x00, 0x00, 0x00, 0xF8,
    0x00, 0x00, 0x10, 0x0F, 0x40, 0x00, 0x2C, 0x02, 0xF0, 0x00, 0x2F, 0xC0, 0x3E, 0x00, 0x7F, 0xF4,
    0x03, 0xD0, 0x7F, 0xFF, 0x00, 0x7C, 0x7F, 0xFF, 0xE0, 0x0F, 0xFF, 0xF8, 0xBC, 0x00, 0xFF, 0xF8,
    0x0F, 0x80, 0x1F, 0xF8, 0x01, 0xF4, 0x02, 0xF8, 0x00, 0x2F, 0x00, 0x34, 0x00, 0x03, 0xD0, 0x00,
    0x00, 0x00, 0xBC, 0x00, 0x00, 0x40, 0x0F, 0x80, 0x00, 0x0B, 0x01, 0xF0, 0x00, 0x00, 0xB8, 0x3F,
    0x00, 0x00, 0x03, 0xD3, 0xD0, 0x00, 0x00, 0x3F, 0xBC, 0x00, 0x00, 0x01, 0xFF, 0xAB, 0xF0, 0x00,
    0x0F, 0xFF, 0xFE, 0x00, 0x00, 0xFF, 0xFD, 0x00, 0x00, 0x0B, 0xFD, 0x00, 0x00, 0x00, 0x7E, 0x00,
    0x00, 0x00, 0x03, 0x40, 0x00, 0x00, 0x00, 0x00, 0x50, 0x00, 0x00, 0x00, 0x3D, 0x00, 0x00, 0x00,
    0x0F, 0xC0, 0x00, 0x00, 0x03, 0xF4, 0x00, 0x00, 0x01, 0xFE, 0x00, 0x00, 0x00, 0xBF, 0xD5, 0x55,
    0x54, 0x3F, 0xFF, 0xFF, 0xFF, 0xC2, 0xFF, 0xFF, 0xFF, 0xFC, 0x07, 0xFC, 0x00, 0x07, 0xC0, 0x0F,
    0xF0, 0x00, 0x7C, 0x00, 0x2F, 0x80, 0x07, 0xC0, 0x00, 0xBC, 0x00, 0x7C, 0x00, 0x02, 0xE0, 0x07,
    0xC0, 0x00, 0x04, 0x00, 0x7C, 0x00, 0x00, 0x00, 0x07, 0xC0, 0x00, 0x00, 0x00, 0x7C, 0x00, 0x00,
    0x00, 0x07, 0xC0, 0x00, 0x00, 0x00, 0x7C, 0x00, 0x00, 0x00, 0x07, 0xC0, 0x00, 0x00, 0x00, 0x7C,
    0x00, 0x00, 0x00, 0x07, 0xC0, 0x00, 0x00, 0x00, 0x7C, 0x00, 0x00, 0x00, 0x07, 0xC0, 0x00, 0x00,
    0x00, 0x7C, 0x00, 0x00, 0x00, 0x07, 0xC0, 0x00, 0x00, 0x00, 0x7C, 0x00, 0x00, 0x00, 0x07, 0xC0,
    0x00, 0x00, 0x00, 0x7C, 0x00, 0x00, 0x00, 0x07, 0xC0, 0x00, 0x00, 0x00, 0x7C, 0x00, 0x00, 0x00,
    0x01, 0x40, 0x00, 0x00, 0x50, 0x00, 0x00, 0x00, 0x0B, 0x80, 0x00, 0x00, 0x00, 0x3E, 0x00, 0x00,
    0x00, 0x02, 0xF8, 0x00, 0x00, 0x00, 0x0F, 0xF0, 0x01, 0x55, 0x55, 0x7F, 0xE0, 0x3F, 0xFF, 0xFF,
    0xFF, 0xC3, 0xFF, 0xFF, 0xFF, 0xF8, 0x3C, 0x00, 0x07, 0xFC, 0x03, 0xC0, 0x00, 0xFE, 0x00, 0x3C,
    0x00, 0x2F, 0x80, 0x03, 0xC0, 0x03, 0xD0, 0x00, 0x3C, 0x00, 0xB4, 0x00, 0x03, 0xC0, 0x04, 0x00,
    0x00, 0x3C, 0x00, 0x00, 0x00, 0x03, 0xC0, 0x00, 0x00, 0x00, 0x3C, 0x00, 0x00, 0x00, 0x03, 0xC0,
    0x00, 0x00, 0x00, 0x3C, 0x00, 0x00, 0x00, 0x03, 0xC0, 0x00, 0x00, 0x00, 0x3C, 0x00, 0x00, 0x00,
    0x03, 0xC0, 0x00, 0x00, 0x00, 0x3C, 0x00, 0x00, 0x00, 0x03, 0xC0, 0x00, 0x00, 0x00, 0x3C, 0x00,
    0x00, 0x00, 0x03, 0xC0, 0x00, 0x00, 0x00, 0x3C, 0x00, 0x00, 0x00, 0x03, 0xC0, 0x00, 0x00, 0x00,
    0x3C, 0x00, 0x00, 0x00, 0x03, 0xC0, 0x00, 0x00, 0x00, 0x14, 0x00, 0x00, 0x00, 0x00, 0x00, 0x00,
    0x00, 0x07, 0xC0, 0x00, 0x00, 0x00, 0x7C, 0x00, 0x00, 0x00, 0x07, 0xC0, 0x00, 0x00, 0x00, 0x7C,
    0x00, 0x00, 0x00, 0x07, 0xC0, 0x00, 0x00, 0x00, 0x7C, 0x00, 0x00, 0x00, 0x07, 0xC0, 0x00, 0x00,
    0x00, 0x7C, 0x00, 0x00, 0x00, 0x07, 0xC0, 0x00, 0x00, 0x00, 0x7C, 0x00, 0x00, 0x00, 0x07, 0xC0,
    0x00, 0x00, 0x00, 0x7C, 0x00, 0x00, 0x00, 0x07, 0xC0, 0x00, 0x00, 0x00, 0x7C, 0x00, 0x00, 0x00,
    0x07, 0xC0, 0x00, 0x00, 0x00, 0x7C, 0x00, 0x00, 0x00, 0x07, 0xC0, 0x00, 0x05, 0x00, 0x7C, 0x00,
    0x03, 0xD0, 0x07, 0xC0, 0x00, 0xFC, 0x00, 0x7C, 0x00, 0x3F, 0x40, 0x07, 0xC0, 0x1F, 0xE0, 0x00,
    0x7C, 0x0B, 0xFD, 0x55, 0x5B, 0xC3, 0xFF, 0xFF, 0xFF, 0xFC, 0x2F, 0xFF, 0xFF, 0xFF, 0xC0, 0x7F,
    0xC0, 0x00, 0x00, 0x00, 0xBF, 0x00, 0x00, 0x00, 0x01, 0xF8, 0x00, 0x00, 0x00, 0x07, 0xC0, 0x00,
    0x00, 0x00, 0x1E, 0x00, 0x00, 0x3C, 0x00, 0x00, 0x00, 0x03, 0xC0, 0x00, 0x00, 0x00, 0x3C, 0x00,
    0x00, 0x00, 0x03, 0xC0, 0x00, 0x00, 0x00, 0x3C, 0x00, 0x00, 0x00, 0x03, 0xC0, 0x00, 0x00, 0x00,
    0x3C, 0x00, 0x00, 0x00, 0x03, 0xC0, 0x00, 0x00, 0x00, 0x3C, 0x00, 0x00, 0x00, 0x03, 0xC0, 0x00,
    0x00, 0x00, 0x3C, 0x00, 0x00, 0x00, 0x03, 0xC0, 0x00, 0x00, 0x00, 0x3C, 0x00, 0x00, 0x00, 0x03,
    0xC0, 0x00, 0x00, 0x00, 0x3C, 0x00, 0x00, 0x00, 0x03, 0xC0, 0x00, 0x00, 0x00, 0x3C, 0x00, 0x00,
    0x00, 0x03, 0xC0, 0x05, 0x00, 0x00, 0x3C, 0x00, 0xB8, 0x00, 0x03, 0xC0, 0x03, 0xE0, 0x00, 0x3C,
    0x00, 0x2F, 0xC0, 0x03, 0xC0, 0x00, 0xFF, 0x00, 0x3D, 0x55, 0x57, 0xFE, 0x03, 0xFF, 0xFF, 0xFF,
    0xFC, 0x3F, 0xFF, 0xFF, 0xFF, 0x80, 0x00, 0x00, 0x7F, 0xC0, 0x00, 0x00, 0x0F, 0xE0, 0x00, 0x00,
    0x03, 0xF4, 0x00, 0x00, 0x00, 0x7D, 0x00, 0x00, 0x00, 0x0F, 0x40, 0x00, 0x15, 0x55, 0x55, 0x54,
    0x00, 0x0F, 0xFF, 0xFF, 0xFF, 0x80, 0x03, 0xFF, 0xFF, 0xFF, 0xE0, 0x00, 0x00, 0x00, 0x00, 0xB8,
    0x00, 0x00, 0x00, 0x00, 0x2E, 0x00, 0x00, 0x00, 0x00, 0x0B, 0x80, 0x00, 0x00, 0x00, 0x02, 0xE0,
    0x00, 0x00, 0x00, 0x00, 0xB8, 0x00, 0x00, 0x00, 0xD0, 0x2E, 0x01, 0xC0, 0x00, 0x3F, 0x4B, 0x87,
    0xF0, 0x00, 0x03, 0xFB, 0xEB, 0xF0, 0x00, 0x00, 0x3F, 0xFF, 0xF0, 0x00, 0x00, 0x03, 0xFF, 0xF0,
    0x00, 0x00, 0x00, 0x7F, 0xF0, 0x00, 0x00, 0x00, 0x0B, 0xF4, 0x00, 0x00, 0x00, 0x00, 0xFC, 0x00,
    0x00, 0x00, 0x00, 0x1C, 0x00, 0x00, 0x00, 0x00, 0x00, 0x07, 0xC0, 0x00, 0x00, 0x00, 0x7C, 0x00,
    0x00, 0x00, 0x07, 0xC0, 0x00, 0x00, 0x00, 0x7C, 0x00, 0x00, 0x00, 0x07, 0xC0, 0x00, 0x00, 0x00,
    0x7C, 0x00, 0x00, 0x00, 0x07, 0xC0, 0x00, 0x05, 0x00, 0x7C, 0x00, 0x03, 0xD0, 0x07, 0xC0, 0x00,
    0xFC, 0x00, 0x7C, 0x00, 0x3F, 0x40, 0x07, 0xC0, 0x1F, 0xE0, 0x00, 0x7C, 0x0B, 0xFD, 0x55, 0x5B,
    0xC3, 0xFF, 0xFF, 0xFF, 0xFC, 0x2F, 0xFF, 0xFF, 0xFF, 0xC0, 0x7F, 0xC0, 0x00, 0x00, 0x00, 0xBF,
    0x00, 0x00, 0x00, 0x01, 0xF8, 0x00, 0x00, 0x00, 0x07, 0xC0, 0x00, 0x00, 0x00, 0x1E, 0x00, 0x00,
    0x00, 0x00, 0x00, 0x00, 0x15, 0x00, 0x00, 0x00, 0x00, 0x00, 0x00, 0x01, 0xBF, 0xFF, 0xE0, 0x00,
    0x00, 0x00, 0x00, 0x00, 0xFF, 0xFF, 0xFF, 0xE0, 0x00, 0x00, 0x00, 0x00, 0xBF, 0xD0, 0x01, 0xBF,
    0xD0, 0x00, 0x00, 0x00, 0x2F, 0xD0, 0x00, 0x00, 0xBF, 0x40, 0x00, 0x00, 0x0B, 0xE0, 0x00, 0x00,
    0x00, 0xFD, 0x00, 0x00, 0x02, 0xF8, 0x00, 0x00, 0x00, 0x03, 0xF0, 0x07, 0x40, 0x3E, 0x00, 0x00,
    0x00, 0x00, 0x0F, 0xC0, 0x7D, 0x0F, 0xC0, 0x00, 0x00, 0x00, 0x00, 0x3D, 0x02, 0xF5, 0xF4, 0x18,
    0x00, 0x00, 0x00, 0x02, 0xF0, 0x0F, 0xFF, 0x6F, 0xC0, 0x00, 0x00, 0x00, 0x0F, 0x40, 0x7F, 0xFF,
    0xF4, 0x00, 0x00, 0x00, 0x00, 0xF8, 0x03, 0xFF, 0xF8, 0x00, 0x00, 0x00, 0x00, 0x0B, 0xC0, 0x1F,
    0xFD, 0x00, 0x00, 0x00, 0x00, 0x00, 0x7C, 0x00, 0xFF, 0x00, 0x00, 0x00, 0x00, 0x00, 0x07, 0xC0,
    0x0B, 0xC0, 0x00, 0x00, 0x00, 0x00, 0x00, 0x00, 0x00, 0x60, 0x00, 0x00, 0x00, 0x00, 0x00, 0x00,
    0x00, 0x00, 0x00, 0x00, 0x15, 0x00, 0x00, 0x00, 0x00, 0x00, 0x00, 0x01, 0xBF, 0xFF, 0xD0, 0x00,
    0x00, 0x00, 0x00, 0x01, 0xFF, 0xFF, 0xFF, 0xD0, 0x00, 0x00, 0x00, 0x00, 0xBF, 0xD0, 0x01, 0xBF,
    0xC0, 0x00, 0x00, 0x00, 0x3F, 0xC0, 0x00, 0x00, 0xBF, 0x00, 0x00, 0x00, 0x0F, 0xD0, 0x00, 0x00,
    0x01, 0xFD, 0x00, 0x00, 0x02, 0xF4, 0x00, 0x00, 0x00, 0x03, 0xF0, 0x00, 0x40, 0x7D, 0x00, 0x00,
    0x00, 0x00, 0x0F, 0x80, 0x2C, 0x0F, 0x80, 0x00, 0x00, 0x00, 0x00, 0x7D, 0x0F, 0xC1, 0xF0, 0x00,
    0x00, 0x00, 0x09, 0x03, 0xE3, 0xF0, 0x3E, 0x00, 0x00, 0x00, 0x00, 0xBF, 0x6F, 0xBE, 0x03, 0xD0,
    0x00, 0x00, 0x00, 0x02, 0xFF, 0xFF, 0xC0, 0x7C, 0x00, 0x00, 0x00, 0x00, 0x07, 0xFF, 0xF4, 0x07,
    0xC0, 0x00, 0x00, 0x00, 0x00, 0x0B, 0xFF, 0x00, 0xBC, 0x00, 0x00, 0x00, 0x00, 0x00, 0x1F, 0xE0,
    0x00, 0x00, 0x00, 0x00, 0x00, 0x00, 0x00, 0x7C, 0x00, 0x00, 0x00, 0x00, 0x00, 0x00, 0x00, 0x01,
    0x80, 0x00, 0x15, 0x55, 0x55, 0x55, 0x55, 0x40, 0x7F, 0xFF, 0xFF, 0xFF, 0xFF, 0xC0, 0x7F, 0xFF,
    0xFF, 0xFF, 0xFF, 0xC0, 0x00, 0x00, 0x00, 0x00, 0x00, 0x00, 0x3E, 0x50, 0x00, 0x00, 0x00, 0x00,
    0x3F, 0xFF, 0xFD, 0x00, 0x00, 0x00, 0x3F, 0xFF, 0xF8, 0x00, 0x00, 0x00, 0x2F, 0xF9, 0x00, 0x00,
    0x00, 0x00, 0x1F, 0xFC, 0x00, 0x00, 0x00, 0x00, 0x1F, 0xBF, 0x00, 0x00, 0x00, 0x00, 0x1F, 0x1F,
    0xC0, 0x00, 0x00, 0x00, 0x1F, 0x07, 0xF0, 0x00, 0x00, 0x00, 0x1F, 0x01, 0xFC, 0x00, 0x00, 0x00,
    0x1D, 0x00, 0x7F, 0x00, 0x00, 0x00, 0x08, 0x00, 0x1F, 0xC0, 0x00, 0x00, 0x00, 0x00, 0x07, 0xF0,
    0x00, 0x00, 0x00, 0x00, 0x01, 0xFC, 0x00, 0x00, 0x00, 0x00, 0x00, 0x7F, 0x00, 0x00, 0x00, 0x00,
    0x00, 0x1F, 0xC0, 0x00, 0x00, 0x00, 0x00, 0x07, 0xF0, 0x00, 0x00, 0x00, 0x00, 0x01, 0xFC, 0x00,
    0x00, 0x00, 0x00, 0x00, 0x7F, 0x00, 0x00, 0x00, 0x00, 0x00, 0x1F, 0xC0, 0x00, 0x00, 0x00, 0x00,
    0x07, 0xF0, 0x00, 0x00, 0x00, 0x00, 0x01, 0xFC, 0x00, 0x00, 0x00, 0x00, 0x00, 0x70, 0x00, 0x00,
    0x00, 0x00, 0x00, 0x00, 0x28, 0x00, 0x05, 0x00, 0x00, 0x00, 0x00, 0x01, 0xF0, 0x00, 0xB8, 0x00,
    0x00, 0x00, 0x00, 0x07, 0xC0, 0x0B, 0xC0, 0x00, 0x00, 0x00, 0x00, 0x1F, 0x00, 0xBE, 0x00, 0x00,
    0x00, 0x00, 0x00, 0x7C, 0x0F, 0xF0, 0x00, 0x00, 0x00, 0x00, 0x01, 0xF1, 0xFF, 0x95, 0x55, 0x55,
    0x55, 0x55, 0x47, 0xFF, 0xFF, 0xFF, 0xFF, 0xFF, 0xFF, 0xFF, 0x9F, 0xBF, 0xFF, 0xFF, 0xFF, 0xFF,
    0xFF, 0xFE, 0x7C, 0x3F, 0xD0, 0x00, 0x00, 0x00, 0x00, 0x01, 0xF0, 0x2F, 0xC0, 0x00, 0x00, 0x00,
    0x00, 0x07, 0xC0, 0x2F, 0x80, 0x00, 0x00, 0x00, 0x00, 0x1F, 0x00, 0x2F, 0x00, 0x00, 0x00, 0x00,
    0x00, 0x7C, 0x00, 0x2E, 0x00, 0x01, 0x80, 0x00, 0x64, 0x50, 0x00, 0x14, 0x00, 0x07, 0xC0, 0x02,
    0xE0, 0x00, 0x00, 0x00, 0x00, 0x0F, 0xC0, 0x0B, 0x80, 0x00, 0x00, 0x00, 0x00, 0x0F, 0xC0, 0x2E,
    0x00, 0x00, 0x00, 0x00, 0x00, 0x2F, 0xD0, 0xB8, 0x55, 0x55, 0x55, 0x55, 0x55, 0x7F, 0xE2, 0xE7,
    0xFF, 0xFF, 0xFF, 0xFF, 0xFF, 0xFF, 0xFF, 0x9F, 0xFF, 0xFF, 0xFF, 0xFF, 0xFF, 0xFF, 0xFE, 0x00,
    0x00, 0x00, 0x00, 0x00, 0x0F, 0xF4, 0xB8, 0x00, 0x00, 0x00, 0x00, 0x00, 0xBF, 0x02, 0xE0, 0x00,
    0x00, 0x00, 0x00, 0x07, 0xF0, 0x0B, 0x80, 0x00, 0x00, 0x00, 0x00, 0x3F, 0x00, 0x2E, 0x00, 0x00,
    0x00, 0x00, 0x01, 0xF0, 0x00, 0xB8, 0x00, 0x00, 0x00, 0x00, 0x05, 0x00, 0x01, 0x50, 0x00, 0x00,
    0x00, 0x00, 0x00, 0x00, 0x00, 0x00, 0x00, 0x00, 0x00, 0x00, 0x07, 0x90, 0x00, 0x00, 0x00, 0x00,
    0x00, 0x00, 0x1F, 0xFF, 0xA9, 0x00, 0x01, 0x00, 0x00, 0x00, 0x3F, 0xFF, 0xFD, 0x00, 0x3D, 0x00,
    0x00, 0x00, 0xFF, 0xFE, 0x90, 0x03, 0xF8, 0x00, 0x00, 0x03, 0xFF, 0x00, 0x00, 0x2F, 0x80, 0x00,
    0x00, 0x0F, 0xFF, 0x00, 0x01, 0xF8, 0x00, 0x00, 0x00, 0x3E, 0x7E, 0x00, 0x0F, 0xC0, 0x00, 0x00,
    0x00, 0xF4, 0xBC, 0x00, 0x7C, 0x00, 0x00, 0x00, 0x03, 0xC0, 0xF8, 0x03, 0xF0, 0x00, 0x00, 0x00,
    0x1E, 0x01, 0xF0, 0x0F, 0x40, 0x00, 0x00, 0x00, 0x30, 0x03, 0xD0, 0x7C, 0x00, 0x00, 0x00, 0x00,
    0x00, 0x0F, 0x81, 0xF0, 0x00, 0x00, 0x00, 0x00, 0x00, 0x2E, 0x0B, 0xC0, 0x00, 0x00, 0x00, 0x00,
    0x00, 0xBC, 0x2F, 0x00, 0x00, 0x00, 0x00, 0x00, 0x02, 0xF0, 0x7C, 0x00, 0x00, 0x00, 0x00, 0x00,
    0x0B, 0x81, 0xF0, 0x00, 0x00, 0x00, 0x00, 0x00, 0x3E, 0x03, 0xD0, 0x00, 0x00, 0x00, 0x00, 0x00,
    0xF4, 0x0F, 0x80, 0x00, 0x00, 0x00, 0x00, 0x07, 0xC0, 0x1F, 0x00, 0x00, 0x00, 0x00, 0x00, 0x3E,
    0x00, 0x3F, 0x00, 0x00, 0x00, 0x00, 0x02, 0xF0, 0x00, 0x7E, 0x00, 0x00, 0x00, 0x00, 0x1F, 0x80,
    0x00, 0xBE, 0x00, 0x00, 0x00, 0x01, 0xFC, 0x00, 0x00, 0xBE, 0x00, 0x00, 0x00, 0x2F, 0xC0, 0x00,
    0x00, 0xBF, 0x80, 0x00, 0x07, 0xFC, 0x00, 0x00, 0x00, 0x7F, 0xF9, 0x5A, 0xFF, 0x80, 0x00, 0x00,
    0x00, 0x2F, 0xFF, 0xFF, 0xE0, 0x00, 0x00, 0x00, 0x00, 0x06, 0xFF, 0xE4, 0x00, 0x00, 0x00, 0x00,
    0x00, 0x00, 0x00, 0x00, 0x00, 0x00, 0x00, 0x00, 0x01, 0xB4, 0x00, 0x00, 0x00, 0x00, 0x01, 0xAB,
    0xFF, 0xD0, 0x00, 0x00, 0x00, 0x00, 0x0F, 0xFF, 0xFF, 0x40, 0x00, 0x00, 0x10, 0x00, 0x1A, 0xFF,
    0xFC, 0x00, 0x00, 0x00, 0xF0, 0x00, 0x00, 0x3F, 0xF0, 0x00, 0x00, 0x07, 0xF0, 0x00, 0x02, 0xFF,
    0xC0, 0x00, 0x00, 0x07, 0xE0, 0x00, 0x1F, 0x5F, 0x00, 0x00, 0x00, 0x07, 0xD0, 0x00, 0xF8, 0x3C,
    0x00, 0x00, 0x00, 0x0B, 0xC0, 0x0B, 0xC0, 0xF4, 0x00, 0x00, 0x00, 0x0F, 0x80, 0x3E, 0x01, 0xD0,
    0x00, 0x00, 0x00, 0x2F, 0x00, 0xF0, 0x03, 0x00, 0x00, 0x00, 0x00, 0x3C, 0x07, 0xC0, 0x00, 0x00,
    0x00, 0x00, 0x00, 0xF4, 0x2F, 0x00, 0x00, 0x00, 0x00, 0x00, 0x02, 0xE0, 0xB8, 0x00, 0x00, 0x00,
    0x00, 0x00, 0x0B, 0x82, 0xE0, 0x00, 0x00, 0x00, 0x00, 0x00, 0x2E, 0x0B, 0xC0, 0x00, 0x00, 0x00,
    0x00, 0x00, 0xF8, 0x1F, 0x00, 0x00, 0x00, 0x00, 0x00, 0x03, 0xD0, 0x3D, 0x00, 0x00, 0x00, 0x00,
    0x00, 0x0F, 0x40, 0xF8, 0x00, 0x00, 0x00, 0x00, 0x00, 0xBC, 0x01, 0xF0, 0x00, 0x00, 0x00, 0x00,
    0x03, 0xE0, 0x03, 0xE0, 0x00, 0x00, 0x00, 0x00, 0x2F, 0x00, 0x07, 0xE0, 0x00, 0x00, 0x00, 0x01,
    0xF4, 0x00, 0x0B, 0xD0, 0x00, 0x00, 0x00, 0x1F, 0x80, 0x00, 0x0F, 0xE0, 0x00, 0x00, 0x02, 0xFC,
    0x00, 0x00, 0x0B, 0xF4, 0x00, 0x00, 0x7F, 0x80, 0x00, 0x00, 0x0B, 0xFF, 0x95, 0xBF, 0xF8, 0x00,
    0x00, 0x00, 0x02, 0xFF, 0xFF, 0xFE, 0x00, 0x00, 0x00, 0x00, 0x00, 0x6F, 0xFE, 0x40, 0x00, 0x00,
    0x00, 0x00, 0x90, 0x00, 0x00, 0x00, 0x00, 0x00, 0x00, 0x0F, 0x40, 0x00, 0x00, 0x00, 0x00, 0x00,
    0x00, 0xFC, 0x00, 0x00, 0x00, 0x00, 0x00, 0x00, 0x0F, 0xC0, 0x00, 0x00, 0x00, 0x00, 0x00, 0x01,
    0xFE, 0x00, 0x00, 0x00, 0x00, 0x00, 0x00, 0x2F, 0xF5, 0x55, 0x55, 0x55, 0x55, 0x55, 0x43, 0xFF,
    0xFF, 0xFF, 0xFF, 0xFF, 0xFF, 0xFF, 0x9F, 0xFF, 0xFF, 0xFF, 0xFF, 0xFF, 0xFF, 0xFE, 0x15, 0x55,
    0x55, 0x55, 0x55, 0x55, 0x55, 0x51, 0xFF, 0xFF, 0xFF, 0xFF, 0xFF, 0xFF, 0xFF, 0xE3, 0xFF, 0xFF,
    0xFF, 0xFF, 0xFF, 0xFF, 0xFF, 0x81, 0xFF, 0x00, 0x00, 0x00, 0x00, 0x00, 0x00, 0x00, 0xFE, 0x00,
    0x00, 0x00, 0x00, 0x00, 0x00, 0x00, 0xFD, 0x00, 0x00, 0x00, 0x00, 0x00, 0x00, 0x00, 0xFC, 0x00,
    0x00, 0x00, 0x00, 0x00, 0x00, 0x00, 0xF4, 0x00, 0x00, 0x00, 0x00, 0x00, 0x00, 0x00, 0x50, 0x00,
    0x00, 0x00, 0x00, 0x00, 0xB0, 0x00, 0xBC, 0x00, 0xBD, 0x00, 0xBF, 0x00, 0xBF, 0xC0, 0xBF, 0xF0,
    0xBF, 0xFC, 0xB8, 0xBE, 0xB8, 0x0F, 0xB8, 0x00, 0xB8, 0x00, 0xB8, 0x00, 0xB8, 0x00, 0xB8, 0x00,
    0xB8, 0x00, 0xB8, 0x00, 0xB8, 0x00, 0xB8, 0x00, 0xB8, 0x00, 0xB8, 0x00, 0xB8, 0x00, 0xB8, 0x00,
    0xB8, 0x00, 0xB8, 0x00, 0xB8, 0x00, 0xB8, 0x00, 0xB8, 0x00, 0xB8, 0x00, 0xB8, 0x00, 0xB8, 0x00,
    0x00, 0x0F, 0x00, 0x2F, 0x00, 0x3F, 0x00, 0xFF, 0x02, 0xFF, 0x0B, 0xFF, 0x2F, 0xEF, 0x7F, 0x1F,
    0xB4, 0x1F, 0x00, 0x1F, 0x00, 0x1F, 0x00, 0x1F, 0x00, 0x1F, 0x00, 0x1F, 0x00, 0x1F, 0x00, 0x1F,
    0x00, 0x1F, 0x00, 0x1F, 0x00, 0x1F, 0x00, 0x1F, 0x00, 0x1F, 0x00, 0x1F, 0x00, 0x1F, 0x00, 0x1F,
    0x00, 0x1F, 0x00, 0x1F, 0x00, 0x1F, 0x00, 0x1F, 0x00, 0x1F, 0x00, 0x1F, 0x00, 0x00, 0x00, 0x00,
    0x00, 0x09, 0x00, 0x00, 0x00, 0x00, 0x00, 0x00, 0x00, 0x3D, 0x00, 0x00, 0x00, 0x00, 0x00, 0x00,
    0x00, 0x7D, 0x00, 0x00, 0x00, 0x00, 0x00, 0x00, 0x00, 0xFE, 0x00, 0x00, 0x00, 0x00, 0x00, 0x00,
    0x00, 0xFE, 0x00, 0x55, 0x55, 0x55, 0x55, 0x55, 0x56, 0xFF, 0x47, 0xFF, 0xFF, 0xFF, 0xFF, 0xFF,
    0xFF, 0xFF, 0x9F, 0xFF, 0xFF, 0xFF, 0xFF, 0xFF, 0xFF, 0xFE, 0x15, 0x55, 0x55, 0x55, 0x55, 0x55,
    0x55, 0x51, 0xFF, 0xFF, 0xFF, 0xFF, 0xFF, 0xFF, 0xFF, 0xE7, 0xFF, 0xFF, 0xFF, 0xFF, 0xFF, 0xFF,
    0xFF, 0x40, 0x00, 0x00, 0x00, 0x00, 0x00, 0x2F, 0xE0, 0x00, 0x00, 0x00, 0x00, 0x00, 0x01, 0xFD,
    0x00, 0x00, 0x00, 0x00, 0x00, 0x00, 0x0F, 0xD0, 0x00, 0x00, 0x00, 0x00, 0x00, 0x00, 0x7D, 0x00,
    0x00, 0x00, 0x00, 0x00, 0x00, 0x03, 0xD0, 0x00, 0x00, 0x00, 0x00, 0x00, 0x00, 0x05, 0x00, 0x00,
    0xB8, 0x00, 0xB8, 0x00, 0xB8, 0x00, 0xB8, 0x00, 0xB8, 0x00, 0xB8, 0x00, 0xB8, 0x00, 0xB8, 0x00,
    0xB8, 0x00, 0xB8, 0x00, 0xB8, 0x00, 0xB8, 0x00, 0xB8, 0x00, 0xB8, 0x00, 0xB8, 0x00, 0xB8, 0x00,
    0xB8, 0x00, 0xB8, 0x00, 0xB8, 0x00, 0xB8, 0x00, 0xB8, 0x00, 0xB8, 0x06, 0xB8, 0x3F, 0xBA, 0xFD,
    0xBF, 0xF0, 0xBF, 0xC0, 0xBF, 0x40, 0xBE, 0x00, 0xBC, 0x00, 0xB4, 0x00, 0x00, 0x1F, 0x00, 0x1F,
    0x00, 0x1F, 0x00, 0x1F, 0x00, 0x1F, 0x00, 0x1F, 0x00, 0x1F, 0x00, 0x1F, 0x00, 0x1F, 0x00, 0x1F,
    0x00, 0x1F, 0x00, 0x1F, 0x00, 0x1F, 0x00, 0x1F, 0x00, 0x1F, 0x00, 0x1F, 0x00, 0x1F, 0x00, 0x1F,
    0x00, 0x1F, 0x00, 0x1F, 0x00, 0x1F, 0x90, 0x1F, 0xBD, 0x1F, 0x3F, 0x9F, 0x0F, 0xFF, 0x03, 0xFF,
    0x00, 0xFF, 0x00, 0x7F, 0x00, 0x2F, 0x00, 0x0F, 0x00, 0x00, 0x00, 0x00, 0x00, 0x09, 0x00, 0x00,
    0x00, 0x00, 0x00, 0x00, 0x00, 0x3D, 0x00, 0x00, 0x00, 0x00, 0x00, 0x00, 0x00, 0x7D, 0x00, 0x00,
    0x00, 0x00, 0x00, 0x00, 0x00, 0xFD, 0x00, 0x00, 0x00, 0x00, 0x00, 0x00, 0x00, 0xFE, 0x00, 0x55,
    0x55, 0x55, 0x55, 0x55, 0x56, 0xFF, 0x47, 0xFF, 0xFF, 0xFF, 0xFF, 0xFF, 0xFF, 0xFF, 0x9F, 0xFF,
    0xFF, 0xFF, 0xFF, 0xFF, 0xFF, 0xFD, 0x00, 0x00, 0x00, 0x00, 0x00, 0x00, 0xBF, 0x80, 0x00, 0x00,
    0x00, 0x00, 0x00, 0x07, 0xF4, 0x00, 0x00, 0x00, 0x00, 0x00, 0x00, 0x3F, 0x40, 0x00, 0x00, 0x00,
    0x00, 0x00, 0x01, 0xF4, 0x00, 0x00, 0x00, 0x90, 0x00, 0x00, 0x0F, 0x40, 0x00, 0x00, 0x0F, 0x40,
    0x00, 0x00, 0x14, 0x00, 0x00, 0x00, 0xFC, 0x00, 0x00, 0x00, 0x00, 0x00, 0x00, 0x0F, 0xC0, 0x00,
    0x00, 0x00, 0x00, 0x00, 0x01, 0xFE, 0x00, 0x00, 0x00, 0x00, 0x00, 0x00, 0x2F, 0xF5, 0x55, 0x55,
    0x55, 0x55, 0x55, 0x43, 0xFF, 0xFF, 0xFF, 0xFF, 0xFF, 0xFF, 0xFF, 0x8F, 0xFF, 0xFF, 0xFF, 0xFF,
    0xFF, 0xFF, 0xFE, 0x07, 0xFC, 0x00, 0x00, 0x00, 0x00, 0x00, 0x00, 0x03, 0xF8, 0x00, 0x00, 0x00,
    0x00, 0x00, 0x00, 0x03, 0xF4, 0x00, 0x00, 0x00, 0x00, 0x00, 0x00, 0x03, 0xF0, 0x00, 0x00, 0x00,
    0x00, 0x00, 0x00, 0x03, 0xD0, 0x00, 0x00, 0x00, 0x00, 0x00, 0x00, 0x01, 0x40, 0x00, 0x00, 0x00,
    0x00, 0x00, 0x00, 0x0D, 0x00, 0x00, 0x0B, 0xC0, 0x00, 0x00, 0xBC, 0x00, 0x00, 0x2F, 0x00, 0x00,
    0x03, 0xF8, 0x00, 0x00, 0xBC, 0x00, 0x00, 0x3F, 0xF4, 0x00, 0x02, 0xF0, 0x00, 0x02, 0xFF, 0xF0,
    0x00, 0x0B, 0xC0, 0x00, 0x2F, 0xFF, 0xF0, 0x00, 0x2F, 0x00, 0x02, 0xFE, 0xFF, 0xF0, 0x00, 0xBC,
    0x00, 0x1F, 0xC7, 0xC7, 0xF0, 0x02, 0xF0, 0x00, 0xB4, 0x1F, 0x02, 0xC0, 0x0B, 0xC0, 0x00, 0x00,
    0x7C, 0x00, 0x00, 0x2F, 0x00, 0x00, 0x01, 0xF0, 0x00, 0x00, 0xBC, 0x00, 0x00, 0x07, 0xC0, 0x00,
    0x02, 0xF0, 0x00, 0x00, 0x1F, 0x00, 0x00, 0x0B, 0xC0, 0x00, 0x00, 0x7C, 0x00, 0x00, 0x2F, 0x00,
    0x00, 0x01, 0xF0, 0x00, 0x00, 0xBC, 0x00, 0x00, 0x07, 0xC0, 0x00, 0x02, 0xF0, 0x00, 0x00, 0x1F,
    0x00, 0x00, 0x0B, 0xC0, 0x00, 0x00, 0x7C, 0x00, 0x00, 0x2F, 0x00, 0x00, 0x01, 0xF0, 0x00, 0x00,
    0xBC, 0x00, 0x00, 0x07, 0xC0, 0x00, 0x02, 0xF0, 0x00, 0x00, 0x1F, 0x00, 0x00, 0x0B, 0xC0, 0x00,
    0x00, 0x7C, 0x00, 0x90, 0x2F, 0x00, 0x80, 0x01, 0xF0, 0x03, 0xF4, 0xBC, 0x2F, 0x00, 0x07, 0xC0,
    0x03, 0xFA, 0xF7, 0xF4, 0x00, 0x1F, 0x00, 0x03, 0xFF, 0xFF, 0x40, 0x00, 0x7C, 0x00, 0x03, 0xFF,
    0xF4, 0x00, 0x01, 0xF0, 0x00, 0x03, 0xFF, 0x40, 0x00, 0x07, 0xC0, 0x00, 0x07, 0xF8, 0x00, 0x00,
    0x1F, 0x00, 0x00, 0x0B, 0xC0, 0x00, 0x00, 0x7C, 0x00, 0x00, 0x0D, 0x00, 0x00, 0x00, 0x00, 0x90,
    0x00, 0x00, 0x00, 0x00, 0x00, 0x00, 0x0F, 0x40, 0x00, 0x00, 0x00, 0x00, 0x00, 0x00, 0xFC, 0x00,
    0x00, 0x00, 0x00, 0x00, 0x00, 0x0F, 0xC0, 0x00, 0x00, 0x00, 0x00, 0x00, 0x01, 0xFE, 0x00, 0x00,
    0x00, 0x00, 0x00, 0x00, 0x2F, 0xF5, 0x55, 0x55, 0x55, 0x55, 0x55, 0x43, 0xFF, 0xFF, 0xFF, 0xFF,
    0xFF, 0xFF, 0xFF, 0x8F, 0xFF, 0xFF, 0xFF, 0xFF, 0xFF, 0xFF, 0xFE, 0x07, 0xFC, 0x00, 0x00, 0x00,
    0x00, 0x00, 0x00, 0x03, 0xF8, 0x00, 0x00, 0x00, 0x00, 0x00, 0x00, 0x03, 0xF4, 0x00, 0x00, 0x00,
    0x00, 0x00, 0x00, 0x02, 0xF0, 0x00, 0x00, 0x00, 0x00, 0x00, 0x00, 0x03, 0xD0, 0x00, 0x00, 0x00,
    0x00, 0x00, 0x00, 0x01, 0x40, 0x00, 0x00, 0x24, 0x00, 0x00, 0x00, 0x00, 0x00, 0x00, 0x00, 0xF8,
    0x00, 0x00, 0x00, 0x00, 0x00, 0x00, 0x01, 0xF4, 0x00, 0x00, 0x00, 0x00, 0x00, 0x00, 0x03, 0xF8,
    0x00, 0x00, 0x00, 0x00, 0x00, 0x00, 0x03, 0xF8, 0x01, 0x55, 0x55, 0x55, 0x55, 0x55, 0x5B, 0xFD,
    0x1F, 0xFF, 0xFF, 0xFF, 0xFF, 0xFF, 0xFF, 0xFE, 0x7F, 0xFF, 0xFF, 0xFF, 0xFF, 0xFF, 0xFF, 0xF4,
    0x00, 0x00, 0x00, 0x00, 0x00, 0x02, 0xFE, 0x00, 0x00, 0x00, 0x00, 0x00, 0x00, 0x1F, 0xD0, 0x00,
    0x00, 0x00, 0x00, 0x00, 0x00, 0xFD, 0x00, 0x00, 0x00, 0x00, 0x00, 0x00, 0x07, 0xD0, 0x00, 0x00,
    0x00, 0x00, 0x00, 0x00, 0x3D, 0x00, 0x00, 0x00, 0x00, 0x00, 0x00, 0x00, 0x50, 0x00, 0x00, 0x00,
    0x00, 0x90, 0x00, 0x00, 0x00, 0x00, 0x00, 0x00, 0x0F, 0x40, 0x00, 0x00, 0x00, 0x00, 0x00, 0x00,
    0xFC, 0x00, 0x00, 0x00, 0x00, 0x00, 0x00, 0x0F, 0xC0, 0x00, 0x00, 0x00, 0x00, 0x00, 0x01, 0xFE,
    0x00, 0x00, 0x00, 0x00, 0x00, 0x00, 0x2F, 0xF5, 0x55, 0x55, 0x55, 0x55, 0x55, 0x43, 0xFF, 0xFF,
    0xFF, 0xFF, 0xFF, 0xFF, 0xFF, 0x8F, 0xFF, 0xFF, 0xFF, 0xFF, 0xFF, 0xFF, 0xFE, 0x07, 0xFC, 0x00,
    0x00, 0x00, 0x00, 0x00, 0x00, 0x03, 0xF8, 0x00, 0x00, 0x00, 0x00, 0x00, 0x00, 0x03, 0xF4, 0x00,
    0x00, 0x00, 0x00, 0x00, 0x00, 0x02, 0xF0, 0x00, 0x00, 0x00, 0x00, 0x00, 0x00, 0x03, 0xD0, 0x00,
    0x00, 0x00, 0x00, 0x00, 0x00, 0x07, 0x80, 0x00, 0x00, 0x00, 0x00, 0x00, 0x00, 0x3D, 0x00, 0x00,
    0x00, 0x00, 0x00, 0x00, 0x03, 0xF0, 0x00, 0x00, 0x00, 0x00, 0x00, 0x00, 0x3F, 0x00, 0x00, 0x00,
    0x00, 0x00, 0x00, 0x07, 0xF8, 0x00, 0x00, 0x00, 0x00, 0x00, 0x00, 0xBF, 0xD5, 0x55, 0x55, 0x55,
    0x55, 0x55, 0x0F, 0xFF, 0xFF, 0xFF, 0xFF, 0xFF, 0xFF, 0xFE, 0x3F, 0xFF, 0xFF, 0xFF, 0xFF, 0xFF,
    0xFF, 0xF8, 0x1F, 0xF0, 0x00, 0x00, 0x00, 0x00, 0x00, 0x00, 0x0F, 0xE0, 0x00, 0x00, 0x00, 0x00,
    0x00, 0x00, 0x0F, 0xD0, 0x00, 0x00, 0x00, 0x00, 0x00, 0x00, 0x0F, 0xC0, 0x00, 0x00, 0x00, 0x00,
    0x00, 0x00, 0x0F, 0x40, 0x00, 0x00, 0x00, 0x00, 0x00, 0x00, 0x05, 0x00, 0x00, 0x00, 0x00, 0x00,
    0x00, 0x00, 0x0D, 0x00, 0x00, 0x03, 0x40, 0x00, 0x00, 0xBC, 0x00, 0x00, 0x2F, 0x00, 0x00, 0x03,
    0xF8, 0x00, 0x01, 0xFE, 0x00, 0x00, 0x3F, 0xF4, 0x00, 0x0F, 0xFD, 0x00, 0x02, 0xFF, 0xF0, 0x00,
    0xFF, 0xFC, 0x00, 0x2F, 0xFF, 0xF0, 0x0B, 0xFF, 0xFC, 0x02, 0xFE, 0xFF, 0xF0, 0xBF, 0xFF, 0xFC,
    0x1F, 0xC7, 0xC7, 0xFB, 0xE2, 0xF2, 0xFC, 0xB4, 0x1F, 0x02, 0xFD, 0x0B, 0xC0, 0xB0, 0x00, 0x7C,
    0x00, 0x40, 0x2F, 0x00, 0x00, 0x01, 0xF0, 0x00, 0x00, 0xBC, 0x00, 0x00, 0x07, 0xC0, 0x00, 0x02,
    0xF0, 0x00, 0x00, 0x1F, 0x00, 0x00, 0x0B, 0xC0, 0x00, 0x00, 0x7C, 0x00, 0x00, 0x2F, 0x00, 0x00,
    0x01, 0xF0, 0x00, 0x00, 0xBC, 0x00, 0x00, 0x07, 0xC0, 0x00, 0x02, 0xF0, 0x00, 0x00, 0x1F, 0x00,
    0x00, 0x0B, 0xC0, 0x00, 0x00, 0x7C, 0x00, 0x00, 0x2F, 0x00, 0x00, 0x01, 0xF0, 0x00, 0x00, 0xBC,
    0x00, 0x00, 0x07, 0xC0, 0x00, 0x02, 0xF0, 0x00, 0x00, 0x1F, 0x00, 0x00, 0x0B, 0xC0, 0x00, 0x00,
    0x7C, 0x00, 0x00, 0x2F, 0x00, 0x00, 0x01, 0xF0, 0x00, 0x00, 0xBC, 0x00, 0x00, 0x07, 0xC0, 0x00,
    0x02, 0xF0, 0x00, 0x00, 0x1F, 0x00, 0x00, 0x0B, 0xC0, 0x00, 0x00, 0x7C, 0x00, 0x00, 0x2F, 0x00,
    0x00, 0x01, 0xF0, 0x00, 0x00, 0xBC, 0x00, 0x00, 0x07, 0xC0, 0x00, 0x02, 0xF0, 0x00, 0x00, 0x1F,
    0x00, 0x00, 0x0B, 0xC0, 0x00, 0x00, 0x7C, 0x00, 0x00, 0x2F, 0x00, 0x00, 0x00, 0x00, 0x00, 0x00,
    0x00, 0x09, 0x00, 0x00, 0x00, 0x00, 0x00, 0x00, 0x00, 0x3D, 0x00, 0x00, 0x00, 0x00, 0x00, 0x00,
    0x00, 0x7D, 0x00, 0x00, 0x00, 0x00, 0x00, 0x00, 0x00, 0xFD, 0x00, 0x00, 0x00, 0x00, 0x00, 0x00,
    0x00, 0xFE, 0x00, 0x55, 0x55, 0x55, 0x55, 0x55, 0x56, 0xFF, 0x47, 0xFF, 0xFF, 0xFF, 0xFF, 0xFF,
    0xFF, 0xFF, 0x9F, 0xFF, 0xFF, 0xFF, 0xFF, 0xFF, 0xFF, 0xFD, 0x00, 0x00, 0x00, 0x00, 0x00, 0x00,
    0xBF, 0x80, 0x00, 0x00, 0x00, 0x00, 0x00, 0x07, 0xF4, 0x00, 0x00, 0x00, 0x00, 0x00, 0x00, 0x3F,
    0x40, 0x00, 0x00, 0x00, 0x00, 0x00, 0x01, 0xF4, 0x00, 0x00, 0x00, 0x00, 0x00, 0x00, 0x0F, 0x40,
    0x00, 0x00, 0x00, 0x00, 0x00, 0x00, 0x3D, 0x00, 0x00, 0x00, 0x00, 0x00, 0x00, 0x00, 0x7D, 0x00,
    0x00, 0x00, 0x00, 0x00, 0x00, 0x00, 0xFD, 0x00, 0x00, 0x00, 0x00, 0x00, 0x00, 0x00, 0xFE, 0x00,
    0x55, 0x55, 0x55, 0x55, 0x55, 0x56, 0xFF, 0x47, 0xFF, 0xFF, 0xFF, 0xFF, 0xFF, 0xFF, 0xFF, 0x9F,
    0xFF, 0xFF, 0xFF, 0xFF, 0xFF, 0xFF, 0xFD, 0x00, 0x00, 0x00, 0x00, 0x00, 0x00, 0xBF, 0x80, 0x00,
    0x00, 0x00, 0x00, 0x00, 0x07, 0xF4, 0x00, 0x00, 0x00, 0x00, 0x00, 0x00, 0x3F, 0x40, 0x00, 0x00,
    0x00, 0x00, 0x00, 0x01, 0xF4, 0x00, 0x00, 0x00, 0x00, 0x00, 0x00, 0x0F, 0x40, 0x00, 0x00, 0x00,
    0x00, 0x00, 0x00, 0x14, 0x00, 0x00, 0x00, 0x1F, 0x00, 0x00, 0x0B, 0xC0, 0x00, 0x00, 0x7C, 0x00,
    0x00, 0x2F, 0x00, 0x00, 0x01, 0xF0, 0x00, 0x00, 0xBC, 0x00, 0x00, 0x07, 0xC0, 0x00, 0x02, 0xF0,
    0x00, 0x00, 0x1F, 0x00, 0x00, 0x0B, 0xC0, 0x00, 0x00, 0x7C, 0x00, 0x00, 0x2F, 0x00, 0x00, 0x01,
    0xF0, 0x00, 0x00, 0xBC, 0x00, 0x00, 0x07, 0xC0, 0x00, 0x02, 0xF0, 0x00, 0x00, 0x1F, 0x00, 0x00,
    0x0B, 0xC0, 0x00, 0x00, 0x7C, 0x00, 0x00, 0x2F, 0x00, 0x00, 0x01, 0xF0, 0x00, 0x00, 0xBC, 0x00,
    0x00, 0x07, 0xC0, 0x00, 0x02, 0xF0, 0x00, 0x00, 0x1F, 0x00, 0x00, 0x0B, 0xC0, 0x00, 0x00, 0x7C,
    0x00, 0x00, 0x2F, 0x00, 0x00, 0x01, 0xF0, 0x00, 0x00, 0xBC, 0x00, 0x00, 0x07, 0xC0, 0x00, 0x02,
    0xF0, 0x00, 0x00, 0x1F, 0x00, 0x00, 0x0B, 0xC0, 0x00, 0x00, 0x7C, 0x00, 0x00, 0x2F, 0x00, 0x00,
    0x01, 0xF0, 0x00, 0x00, 0xBC, 0x00, 0x00, 0x07, 0xC0, 0x00, 0x02, 0xF0, 0x00, 0x00, 0x1F, 0x00,
    0x00, 0x0B, 0xC0, 0x02, 0x40, 0x7C, 0x02, 0xD0, 0x2F, 0x00, 0x8B, 0xD1, 0xF0, 0xBF, 0xF4, 0xBC,
    0x2F, 0x0F, 0xE7, 0xDF, 0xD3, 0xFA, 0xF7, 0xF4, 0x0F, 0xFF, 0xFD, 0x03, 0xFF, 0xFF, 0x40, 0x0F,
    0xFF, 0xD0, 0x03, 0xFF, 0xF4, 0x00, 0x0F, 0xFD, 0x00, 0x03, 0xFF, 0x40, 0x00, 0x1F, 0xE0, 0x00,
    0x07, 0xF8, 0x00, 0x00, 0x2F, 0x00, 0x00, 0x0B, 0xC0, 0x00, 0x00, 0x34, 0x00, 0x00, 0x0D, 0x00,
    0x00, 0x00, 0x00, 0x90, 0x00, 0x00, 0x00, 0x00, 0x00, 0x00, 0x0F, 0x40, 0x00, 0x00, 0x00, 0x00,
    0x00, 0x00, 0xFC, 0x00, 0x00, 0x00, 0x00, 0x00, 0x00, 0x0F, 0xC0, 0x00, 0x00, 0x00, 0x00, 0x00,
    0x01, 0xFE, 0x00, 0x00, 0x00, 0x00, 0x00, 0x00, 0x2F, 0xF5, 0x55, 0x55, 0x55, 0x55, 0x55, 0x43,
    0xFF, 0xFF, 0xFF, 0xFF, 0xFF, 0xFF, 0xFF, 0x9F, 0xFF, 0xFF, 0xFF, 0xFF, 0xFF, 0xFF, 0xFE, 0x00,
    0x00, 0x00, 0x00, 0x00, 0x00, 0x00, 0x00, 0x00, 0x00, 0x00, 0x00, 0x00, 0x00, 0x00, 0x00, 0x00,
    0x00, 0x00, 0x00, 0x00, 0x00, 0x00, 0x00, 0x00, 0x00, 0x00, 0x00, 0x00, 0x00, 0x00, 0x00, 0x00,
    0x00, 0x00, 0x00, 0x00, 0x00, 0x00, 0x55, 0x55, 0x55, 0x55, 0x55, 0x55, 0x55, 0x47, 0xFF, 0xFF,
    0xFF, 0xFF, 0xFF, 0xFF, 0xFF, 0x9F, 0xFF, 0xFF, 0xFF, 0xFF, 0xFF, 0xFF, 0xFD, 0x00, 0x00, 0x00,
    0x00, 0x00, 0x00, 0xBF, 0x80, 0x00, 0x00, 0x00, 0x00, 0x00, 0x07, 0xF4, 0x00, 0x00, 0x00, 0x00,
    0x00, 0x00, 0x3F, 0x40, 0x00, 0x00, 0x00, 0x00, 0x00, 0x01, 0xF4, 0x00, 0x00, 0x00, 0x00, 0x00,
    0x00, 0x0F, 0x40, 0x00, 0x00, 0x00, 0x00, 0x00, 0x00, 0x14, 0x00, 0x00, 0x00, 0x00, 0x00, 0x00,
    0x00, 0x0F, 0x00, 0x00, 0x00, 0x00, 0x00, 0x00, 0x00, 0x2E, 0x00, 0x00, 0x00, 0x00, 0x00, 0x00,
    0x00, 0x3E, 0x00, 0x00, 0x00, 0x00, 0x00, 0x00, 0x00, 0xBE, 0x00, 0x00, 0x00, 0x00, 0x00, 0x00,
    0x00, 0xFF, 0x00, 0x55, 0x55, 0x55, 0x55, 0x55, 0x56, 0xFF, 0x47, 0xFF, 0xFF, 0xFF, 0xFF, 0xFF,
    0xFF, 0xFF, 0x9F, 0xFF, 0xFF, 0xFF, 0xFF, 0xFF, 0xFF, 0xFE, 0x00, 0x00, 0x00, 0x00, 0x00, 0x00,
    0x00, 0x00, 0x00, 0x00, 0x00, 0x00, 0x00, 0x00, 0x00, 0x00, 0x00, 0x00, 0x00, 0x00, 0x00, 0x00,
    0x00, 0x00, 0x00, 0x00, 0x00, 0x00, 0x00, 0x00, 0x00, 0x15, 0x55, 0x55, 0x55, 0x55, 0x55, 0x55,
    0x51, 0xFF, 0xFF, 0xFF, 0xFF, 0xFF, 0xFF, 0xFF, 0xE3, 0xFF, 0xFF, 0xFF, 0xFF, 0xFF, 0xFF, 0xFF,
    0x81, 0xFF, 0x00, 0x00, 0x00, 0x00, 0x00, 0x00, 0x00, 0xFE, 0x00, 0x00, 0x00, 0x00, 0x00, 0x00,
    0x00, 0xFD, 0x00, 0x00, 0x00, 0x00, 0x00, 0x00, 0x00, 0xFC, 0x00, 0x00, 0x00, 0x00, 0x00, 0x00,
    0x00, 0xF4, 0x00, 0x00, 0x00, 0x00, 0x00, 0x00, 0x00, 0x50, 0x00, 0x00, 0x00, 0x00, 0x00, 0x00,
    0x00, 0x05, 0x00, 0x00, 0x00, 0x00, 0x00, 0x00, 0x00, 0xF4, 0x00, 0x00, 0x00, 0x00, 0x00, 0x00,
    0x0B, 0xC0, 0x00, 0x00, 0x00, 0x00, 0x00, 0x00, 0xBD, 0x00, 0x00, 0x00, 0x00, 0x00, 0x00, 0x0B,
    0xE0, 0x00, 0x00, 0x06, 0x40, 0x00, 0x00, 0x7F, 0x00, 0x00, 0x00, 0x7C, 0x00, 0x00, 0x07, 0xF9,
    0x55, 0x55, 0x57, 0xF5, 0x55, 0x00, 0x7F, 0xFF, 0xFF, 0xFF, 0xFF, 0xFF, 0xFE, 0x07, 0xFF, 0xFF,
    0xFF, 0xFF, 0xFF, 0xFF, 0xF8, 0x7F, 0xC0, 0x00, 0x00, 0x0B, 0xC0, 0x00, 0x03, 0xFD, 0x00, 0x00,
    0x00, 0x3D, 0x00, 0x00, 0x0F, 0xF8, 0x00, 0x00, 0x03, 0xF0, 0x00, 0x00, 0x0F, 0xF9, 0x55, 0x55,
    0x5F, 0x95, 0x55, 0x50, 0x0F, 0xFF, 0xFF, 0xFF, 0xFF, 0xFF, 0xFF, 0xE0, 0x0F, 0xFF, 0xFF, 0xFF,
    0xFF, 0xFF, 0xFF, 0x80, 0x0F, 0xE0, 0x00, 0x3E, 0x00, 0x00, 0x00, 0x00, 0x0F, 0xD0, 0x01, 0xF0,
    0x00, 0x00, 0x00, 0x00, 0x0F, 0xC0, 0x00, 0x00, 0x00, 0x00, 0x00, 0x00, 0x0F, 0x80, 0x00, 0x00,
    0x00, 0x00, 0x00, 0x00, 0x1F, 0x00, 0x00, 0x00, 0x00, 0x00, 0x00, 0x00, 0x1E, 0x00, 0x00, 0x00,
    0x00, 0x00, 0x00, 0x00, 0x05, 0x00, 0x00, 0x00, 0x00, 0x90, 0x00, 0x00, 0x00, 0x00, 0xF4, 0x00,
    0x00, 0x00, 0x03, 0xD0, 0x00, 0x00, 0x00, 0x0B, 0xC0, 0x00, 0x00, 0x00, 0x03, 0xD0, 0x00, 0x00,
    0x00, 0xBD, 0x00, 0x00, 0x00, 0x00, 0x0B, 0xD0, 0x00, 0x00, 0x0B, 0xE0, 0x00, 0x00, 0x0A, 0x00,
    0x0F, 0xC0, 0x00, 0x00, 0x7F, 0x00, 0x00, 0x00, 0xBC, 0x00, 0x1F, 0xC0, 0x00, 0x07, 0xF9, 0x55,
    0x55, 0x57, 0xF5, 0x55, 0x7F, 0xC0, 0x00, 0x7F, 0xFF, 0xFF, 0xFF, 0xFF, 0xFF, 0xFF, 0xFF, 0xC0,
    0x07, 0xFF, 0xFF, 0xFF, 0xFF, 0xFF, 0xFF, 0xFF, 0xFF, 0xC0, 0x7F, 0xC0, 0x00, 0x00, 0x0F, 0xC0,
    0x00, 0x00, 0xBF, 0xC3, 0xFD, 0x00, 0x00, 0x00, 0x7D, 0x00, 0x00, 0x00, 0xBF, 0xCF, 0xF8, 0x00,
    0x00, 0x03, 0xF0, 0x00, 0x00, 0x03, 0xFE, 0x0F, 0xF9, 0x55, 0x55, 0x6F, 0x95, 0x55, 0x55, 0x7F,
    0xE0, 0x0F, 0xFF, 0xFF, 0xFF, 0xFF, 0xFF, 0xFF, 0xFF, 0xFE, 0x00, 0x0F, 0xFF, 0xFF, 0xFF, 0xFF,
    0xFF, 0xFF, 0xFF, 0xE0, 0x00, 0x0F, 0xE0, 0x00, 0x3E, 0x00, 0x00, 0x00, 0xFE, 0x00, 0x00, 0x0F,
    0xD0, 0x02, 0xF0, 0x00, 0x00, 0x0B, 0xE0, 0x00, 0x00, 0x0F, 0xC0, 0x00, 0x00, 0x00, 0x00, 0x7E,
    0x00, 0x00, 0x00, 0x0F, 0x80, 0x00, 0x00, 0x00, 0x03, 0xF0, 0x00, 0x00, 0x00, 0x1F, 0x00, 0x00,
    0x00, 0x00, 0x1F, 0x00, 0x00, 0x00, 0x00, 0x1E, 0x00, 0x00, 0x00, 0x00, 0xF0, 0x00, 0x00, 0x00,
    0x00, 0x00, 0x00, 0x00, 0x90, 0x00, 0x00, 0x00, 0x00, 0x00, 0x00, 0x03, 0xC0, 0x00, 0x00, 0x00,
    0x00, 0x00, 0x00, 0x07, 0xC0, 0x00, 0x00, 0x00, 0x00, 0x00, 0x00, 0x0F, 0xC0, 0x00, 0x00, 0x00,
    0x00, 0x19, 0x00, 0x1F, 0xC0, 0x00, 0x00, 0x00, 0x00, 0xF8, 0x00, 0x2F, 0xC0, 0x01, 0x55, 0x55,
    0x5B, 0xD5, 0x55, 0x7F, 0xC0, 0x1F, 0xFF, 0xFF, 0xFF, 0xFF, 0xFF, 0xFF, 0x80, 0x7F, 0xFF, 0xFF,
    0xFF, 0xFF, 0xFF, 0xFF, 0x80, 0x00, 0x00, 0x0F, 0x40, 0x00, 0x00, 0xFF, 0x80, 0x00, 0x00, 0xBC,
    0x00, 0x00, 0x00, 0xFF, 0x80, 0x00, 0x07, 0xD0, 0x00, 0x00, 0x07, 0xFD, 0x15, 0x55, 0x7F, 0x55,
    0x55, 0x55, 0x7F, 0xD1, 0xFF, 0xFF, 0xFF, 0xFF, 0xFF, 0xFF, 0xFD, 0x07, 0xFF, 0xFF, 0xFF, 0xFF,
    0xFF, 0xFF, 0xD0, 0x00, 0x00, 0x7C, 0x00, 0x00, 0x01, 0xFD, 0x00, 0x00, 0x03, 0xE0, 0x00, 0x00,
    0x0F, 0xD0, 0x00, 0x00, 0x00, 0x00, 0x00, 0x00, 0xBE, 0x00, 0x00, 0x00, 0x00, 0x00, 0x00, 0x03,
    0xE0, 0x00, 0x00, 0x00, 0x00, 0x00, 0x00, 0x2E, 0x00, 0x00, 0x00, 0x00, 0x00, 0x00, 0x01, 0xE0,
    0x00, 0x00, 0x00, 0x00, 0x05, 0x00, 0x00, 0x00, 0x00, 0x00, 0x00, 0x00, 0xF4, 0x00, 0x00, 0x00,
    0x00, 0x00, 0x00, 0x0B, 0xC0, 0x00, 0x00, 0x00, 0x00, 0x00, 0x00, 0xBD, 0x00, 0x00, 0x00, 0x00,
    0x00, 0x00, 0x0B, 0xE0, 0x00, 0x00, 0x00, 0x00, 0x00, 0x00, 0x7F, 0x00, 0x00, 0x00, 0x00, 0x00,
    0x00, 0x07, 0xF9, 0x55, 0x55, 0x55, 0x55, 0x55, 0x00, 0x7F, 0xFF, 0xFF, 0xFF, 0xFF, 0xFF, 0xFE,
    0x07, 0xFF, 0xFF, 0xFF, 0xFF, 0xFF, 0xFF, 0xF8, 0x7F, 0xC0, 0x00, 0x00, 0x00, 0x00, 0x00, 0x03,
    0xFD, 0x00, 0x00, 0x00, 0x00, 0x00, 0x00, 0x0F, 0xF8, 0x00, 0x00, 0x00, 0x00, 0x00, 0x00, 0x0F,
    0xF9, 0x55, 0x55, 0x55, 0x55, 0x55, 0x50, 0x0F, 0xFF, 0xFF, 0xFF, 0xFF, 0xFF, 0xFF, 0xE0, 0x0F,
    0xFF, 0xFF, 0xFF, 0xFF, 0xFF, 0xFF, 0x80, 0x0F, 0xE0, 0x00, 0x00, 0x00, 0x00, 0x00, 0x00, 0x0F,
    0xD0, 0x00, 0x00, 0x00, 0x00, 0x00, 0x00, 0x0F, 0xC0, 0x00, 0x00, 0x00, 0x00, 0x00, 0x00, 0x0F,
    0x80, 0x00, 0x00, 0x00, 0x00, 0x00, 0x00, 0x1F, 0x00, 0x00, 0x00, 0x00, 0x00, 0x00, 0x00, 0x1E,
    0x00, 0x00, 0x00, 0x00, 0x00, 0x00, 0x00, 0x1E, 0x00, 0x00, 0x00, 0x00, 0x1F, 0xD0, 0x00, 0x00,
    0x00, 0x0F, 0xFD, 0x00, 0x00, 0x00, 0x0F, 0xFF, 0xD0, 0x00, 0x00, 0x0F, 0xFF, 0xFD, 0x00, 0x00,
    0x0F, 0xF8, 0x7F, 0xD0, 0x00, 0x1F, 0xF8, 0x0B, 0xFD, 0x00, 0x1F, 0xFE, 0x01, 0xFF, 0xE0, 0x1F,
    0xEB, 0x80, 0x7D, 0xFE, 0x1F, 0xC2, 0xE0, 0x1F, 0x0B, 0xEB, 0x40, 0xB8, 0x07, 0xC0, 0x3D, 0x00,
    0x2E, 0x01, 0xF0, 0x01, 0x00, 0x0B, 0x80, 0x7C, 0x00, 0x00, 0x02, 0xE0, 0x1F, 0x00, 0x00, 0x00,
    0xB8, 0x07, 0xC0, 0x00, 0x00, 0x2E, 0x01, 0xF0, 0x00, 0x00, 0x0B, 0x80, 0x7C, 0x00, 0x00, 0x02,
    0xE0, 0x1F, 0x00, 0x00, 0x00, 0xB8, 0x07, 0xC0, 0x00, 0x00, 0x2E, 0x01, 0xF0, 0x00, 0x00, 0x0B,
    0x80, 0x7C, 0x00, 0x00, 0x02, 0xE0, 0x1F, 0x00, 0x00, 0x00, 0xB8, 0x07, 0xC0, 0x00, 0x00, 0x2E,
    0x01, 0xF0, 0x00, 0x00, 0x0B, 0x80, 0x7C, 0x00, 0x00, 0x02, 0xE0, 0x1F, 0x00, 0x00, 0x00, 0xB8,
    0x07, 0xC0, 0x00, 0x00, 0x2E, 0x01, 0xF0, 0x00, 0x00, 0x0B, 0x80, 0x7C, 0x00, 0x00, 0x02, 0xE0,
    0x1F, 0x00, 0x00, 0x00, 0x00, 0x00, 0x00, 0x00, 0x90, 0x00, 0x00, 0x00, 0x00, 0x00, 0x00, 0x03,
    0xC0, 0x00, 0x00, 0x00, 0x00, 0x00, 0x00, 0x07, 0xC0, 0x00, 0x00, 0x00, 0x00, 0x00, 0x00, 0x0F,
    0xC0, 0x00, 0x00, 0x00, 0x00, 0x00, 0x00, 0x1F, 0xC0, 0x00, 0x00, 0x00, 0x00, 0x00, 0x00, 0x2F,
    0xC0, 0x01, 0x55, 0x55, 0x55, 0x55, 0x55, 0x7F, 0xC0, 0x1F, 0xFF, 0xFF, 0xFF, 0xFF, 0xFF, 0xFF,
    0x80, 0x7F, 0xFF, 0xFF, 0xFF, 0xFF, 0xFF, 0xFF, 0x80, 0x00, 0x00, 0x00, 0x00, 0x00, 0x00, 0xFF,
    0x80, 0x00, 0x00, 0x00, 0x00, 0x00, 0x00, 0xFF, 0x80, 0x00, 0x00, 0x00, 0x00, 0x00, 0x07, 0xFD,
    0x15, 0x55, 0x55, 0x55, 0x55, 0x55, 0x7F, 0xD1, 0xFF, 0xFF, 0xFF, 0xFF, 0xFF, 0xFF, 0xFD, 0x07,
    0xFF, 0xFF, 0xFF, 0xFF, 0xFF, 0xFF, 0xD0, 0x00, 0x00, 0x00, 0x00, 0x00, 0x01, 0xFD, 0x00, 0x00,
    0x00, 0x00, 0x00, 0x00, 0x0F, 0xD0, 0x00, 0x00, 0x00, 0x00, 0x00, 0x00, 0xBE, 0x00, 0x00, 0x00,
    0x00, 0x00, 0x00, 0x03, 0xE0, 0x00, 0x00, 0x00, 0x00, 0x00, 0x00, 0x2E, 0x00, 0x00, 0x00, 0x00,
    0x00, 0x00, 0x01, 0xE0, 0x00, 0x00, 0x00, 0x0B, 0x80, 0x7C, 0x00, 0x00, 0x02, 0xE0, 0x1F, 0x00,
    0x00, 0x00, 0xB8, 0x07, 0xC0, 0x00, 0x00, 0x2E, 0x01, 0xF0, 0x00, 0x00, 0x0B, 0x80, 0x7C, 0x00,
    0x00, 0x02, 0xE0, 0x1F, 0x00, 0x00, 0x00, 0xB8, 0x07, 0xC0, 0x00, 0x00, 0x2E, 0x01, 0xF0, 0x00,
    0x00, 0x0B, 0x80, 0x7C, 0x00, 0x00, 0x02, 0xE0, 0x1F, 0x00, 0x00, 0x00, 0xB8, 0x07, 0xC0, 0x00,
    0x00, 0x2E, 0x01, 0xF0, 0x00, 0x00, 0x0B, 0x80, 0x7C, 0x00, 0x00, 0x02, 0xE0, 0x1F, 0x00, 0x00,
    0x00, 0xB8, 0x07, 0xC0, 0x00, 0x00, 0x2E, 0x01, 0xF0, 0x00, 0x00, 0x0B, 0x80, 0x7C, 0x00, 0x00,
    0x02, 0xE0, 0x1F, 0x00, 0x00, 0x00, 0xB8, 0x07, 0xC0, 0x02, 0x40, 0x2E, 0x01, 0xF0, 0x07, 0xBD,
    0x0B, 0x80, 0x7C, 0x0F, 0xCF, 0xE2, 0xE0, 0x1F, 0x2F, 0xC0, 0xBF, 0xF8, 0x07, 0xFF, 0xC0, 0x0B,
    0xFE, 0x01, 0xFF, 0xC0, 0x00, 0x7F, 0xC0, 0xFF, 0x80, 0x00, 0x07, 0xFE, 0xFF, 0x80, 0x00, 0x00,
    0x7F, 0xFF, 0x80, 0x00, 0x00, 0x07, 0xFF, 0x80, 0x00, 0x00, 0x00, 0x7F, 0x80, 0x00, 0x00, 0x00,
    0x07, 0x80, 0x00, 0x00, 0x00, 0x00, 0x05, 0x00, 0x00, 0x00, 0x00, 0x90, 0x00, 0x00, 0x00, 0x00,
    0xF4, 0x00, 0x00, 0x00, 0x03, 0xD0, 0x00, 0x00, 0x00, 0x0B, 0xC0, 0x00, 0x00, 0x00, 0x03, 0xD0,
    0x00, 0x00, 0x00, 0xBD, 0x00, 0x00, 0x00, 0x00, 0x0B, 0xD0, 0x00, 0x00, 0x0B, 0xE0, 0x00, 0x00,
    0x00, 0x00, 0x0F, 0xC0, 0x00, 0x00, 0x7F, 0x00, 0x00, 0x00, 0x00, 0x00, 0x1F, 0xC0, 0x00, 0x07,
    0xF9, 0x55, 0x55, 0x55, 0x55, 0x55, 0x7F, 0xC0, 0x00, 0x7F, 0xFF, 0xFF, 0xFF, 0xFF, 0xFF, 0xFF,
    0xFF, 0xC0, 0x07, 0xFF, 0xFF, 0xFF, 0xFF, 0xFF, 0xFF, 0xFF, 0xFF, 0xC0, 0x7F, 0xC0, 0x00, 0x00,
    0x00, 0x00, 0x00, 0x00, 0xBF, 0xC3, 0xFD, 0x00, 0x00, 0x00, 0x00, 0x00, 0x00, 0x00, 0xBF, 0xCF,
    0xF8, 0x00, 0x00, 0x00, 0x00, 0x00, 0x00, 0x03, 0xFE, 0x0F, 0xF9, 0x55, 0x55, 0x55, 0x55, 0x55,
    0x55, 0x7F, 0xE0, 0x0F, 0xFF, 0xFF, 0xFF, 0xFF, 0xFF, 0xFF, 0xFF, 0xFE, 0x00, 0x0F, 0xFF, 0xFF,
    0xFF, 0xFF, 0xFF, 0xFF, 0xFF, 0xE0, 0x00, 0x0F, 0xE0, 0x00, 0x00, 0x00, 0x00, 0x00, 0xFE, 0x00,
    0x00, 0x0F, 0xD0, 0x00, 0x00, 0x00, 0x00, 0x0B, 0xE0, 0x00, 0x00, 0x0F, 0xC0, 0x00, 0x00, 0x00,
    0x00, 0x7E, 0x00, 0x00, 0x00, 0x0F, 0x80, 0x00, 0x00, 0x00, 0x03, 0xF0, 0x00, 0x00, 0x00, 0x1F,
    0x00, 0x00, 0x00, 0x00, 0x1F, 0x00, 0x00, 0x00, 0x00, 0x1E, 0x00, 0x00, 0x00, 0x00, 0xF0, 0x00,
    0x00, 0x00, 0x00, 0x04, 0x00, 0x00, 0x00, 0x00, 0x0F, 0xC0, 0x00, 0x00, 0x00, 0x0B, 0xFC, 0x00,
    0x00, 0x00, 0x0B, 0xFF, 0xC0, 0x00, 0x00, 0x0B, 0xFF, 0xFC, 0x00, 0x00, 0x0B, 0xFD, 0xFF, 0xC0,
    0x00, 0x0B, 0xFC, 0x0B, 0xFC, 0x00, 0x0F, 0xFE, 0x01, 0xFF, 0xC0, 0x0F, 0xFF, 0x80, 0x7F, 0xFC,
    0x0F, 0xE2, 0xE0, 0x1F, 0x1F, 0xDB, 0xC0, 0xB8, 0x07, 0xC0, 0xBE, 0x40, 0x2E, 0x01, 0xF0, 0x02,
    0x00, 0x0B, 0x80, 0x7C, 0x00, 0x00, 0x02, 0xE0, 0x1F, 0x00, 0x00, 0x00, 0xB8, 0x07, 0xC0, 0x00,
    0x00, 0x2E, 0x01, 0xF0, 0x00, 0x00, 0x0B, 0x80, 0x7C, 0x00, 0x00, 0x02, 0xE0, 0x1F, 0x00, 0x00,
    0x00, 0xB8, 0x07, 0xC0, 0x00, 0x00, 0x2E, 0x01, 0xF0, 0x00, 0x00, 0x0B, 0x80, 0x7C, 0x00, 0x00,
    0x02, 0xE0, 0x1F, 0x00, 0x00, 0x00, 0xB8, 0x07, 0xC0, 0x00, 0x00, 0x2E, 0x01, 0xF0, 0x00, 0x00,
    0x0B, 0x80, 0x7C, 0x00, 0x00, 0x02, 0xE0, 0x1F, 0x00, 0x00, 0x00, 0xB8, 0x07, 0xC0, 0x00, 0x00,
    0x2E, 0x01, 0xF0, 0x00, 0xA0, 0x0B, 0x80, 0x7C, 0x01, 0xEF, 0x42, 0xE0, 0x1F, 0x07, 0xF2, 0xFC,
    0xB8, 0x07, 0xCB, 0xF0, 0x2F, 0xFE, 0x01, 0xFF, 0xF0, 0x01, 0xFF, 0x80, 0x7F, 0xE0, 0x00, 0x1F,
    0xF4, 0x3F, 0xE0, 0x00, 0x01, 0xFF, 0xBF, 0xE0, 0x00, 0x00, 0x1F, 0xFF, 0xE0, 0x00, 0x00, 0x01,
    0xFF, 0xE0, 0x00, 0x00, 0x00, 0x1F, 0xE0, 0x00, 0x00, 0x00, 0x01, 0xE0, 0x00, 0x00, 0x00, 0x00,
    0x00, 0x04, 0x00, 0x00, 0x03, 0xFF, 0xFF, 0xFF, 0xF0, 0x00, 0x00, 0x3F, 0xFF, 0xFF, 0xF9, 0x00,
    0x00, 0x03, 0xFF, 0xFF, 0x90, 0x00, 0x00, 0x00, 0x3F, 0x93, 0xF8, 0x00, 0x00, 0x00, 0x03, 0xF4,
    0x0F, 0xE0, 0x00, 0x00, 0x00, 0x3F, 0x00, 0x3F, 0x80, 0x00, 0x00, 0x03, 0xF8, 0x00, 0xFE, 0x00,
    0x00, 0x00, 0x3F, 0xE0, 0x03, 0xF8, 0x00, 0x00, 0x03, 0xFF, 0x80, 0x0F, 0xE0, 0x00, 0x00, 0x3E,
    0xBE, 0x00, 0x3F, 0x80, 0x00, 0x03, 0xD2, 0xF8, 0x00, 0xFE, 0x00, 0x00, 0x3C, 0x0B, 0xE0, 0x02,
    0xF8, 0x00, 0x03, 0xC0, 0x2F, 0x80, 0x0B, 0xE0, 0x00, 0x78, 0x00, 0xBE, 0x00, 0x2F, 0x80, 0x03,
    0x40, 0x02, 0xF8, 0x00, 0xBE, 0x00, 0x00, 0x00, 0x0B, 0xE0, 0x02, 0xF8, 0x00, 0x00, 0x00, 0x2F,
    0x80, 0x0B, 0xE0, 0x00, 0x00, 0x00, 0xBE, 0x00, 0x2F, 0x80, 0x00, 0x00, 0x02, 0xF8, 0x00, 0xBD,
    0x00, 0x00, 0x00, 0x0B, 0xE0, 0x02, 0x80, 0x00, 0x00, 0x00, 0x2F, 0x80, 0x00, 0x00, 0x00, 0x00,
    0x00, 0xBE, 0x00, 0x00, 0x00, 0x00, 0x00, 0x02, 0xFC, 0x00, 0x00, 0x00, 0x00, 0x00, 0x0B, 0x80,
    0x00, 0x00, 0x00, 0x00, 0x00, 0x10, 0x00, 0x00, 0x00, 0x01, 0x00, 0x00, 0x00, 0x00, 0x00, 0x00,
    0xFF, 0xFF, 0xFF, 0xFC, 0x00, 0x00, 0x06, 0xFF, 0xFF, 0xFF, 0xC0, 0x00, 0x00, 0x00, 0x6F, 0xFF,
    0xFC, 0x00, 0x00, 0x00, 0x01, 0xFD, 0x5F, 0xC0, 0x00, 0x00, 0x00, 0x7F, 0x00, 0xFC, 0x00, 0x00,
    0x00, 0x1F, 0xC0, 0x0F, 0xC0, 0x00, 0x00, 0x07, 0xF0, 0x02, 0xFC, 0x00, 0x00, 0x01, 0xFC, 0x00,
    0xBF, 0xC0, 0x00, 0x00, 0x7F, 0x00, 0x2F, 0xFD, 0x00, 0x00, 0x1F, 0xC0, 0x0B, 0xE7, 0xD0, 0x00,
    0x07, 0xF0, 0x02, 0xF8, 0x3D, 0x00, 0x01, 0xFC, 0x00, 0xBE, 0x03, 0xD0, 0x00, 0x7F, 0x00, 0x2F,
    0x80, 0x2D, 0x00, 0x1F, 0xC0, 0x0B, 0xE0, 0x01, 0xE0, 0x07, 0xF0, 0x02, 0xF8, 0x00, 0x0D, 0x01,
    0xFC, 0x00, 0xBE, 0x00, 0x00, 0x00, 0x7F, 0x00, 0x2F, 0x80, 0x00, 0x00, 0x1F, 0xC0, 0x0B, 0xE0,
    0x00, 0x00, 0x03, 0xF0, 0x02, 0xF8, 0x00, 0x00, 0x00, 0x1C, 0x00, 0xBE, 0x00, 0x00, 0x00, 0x00,
    0x00, 0x2F, 0x80, 0x00, 0x00, 0x00, 0x00, 0x0B, 0xE0, 0x00, 0x00, 0x00, 0x00, 0x02, 0xF8, 0x00,
    0x00, 0x00, 0x00, 0x00, 0x1E, 0x00, 0x00, 0x00, 0x00, 0x00, 0x00, 0x40, 0x00, 0x00, 0x00, 0x00,
    0x00, 0x04, 0x00, 0x00, 0x00, 0x00, 0x00, 0x01, 0xE0, 0x00, 0x00, 0x00, 0x00, 0x00, 0x2F, 0x80,
    0x00, 0x00, 0x00, 0x00, 0x00, 0xBE, 0x00, 0x00, 0x00, 0x00, 0x00, 0x02, 0xF8, 0x00, 0x00, 0x00,
    0x01, 0xC0, 0x0B, 0xE0, 0x00, 0x00, 0x00, 0x3F, 0x00, 0x2F, 0x80, 0x00, 0x00, 0x01, 0xFC, 0x00,
    0xBE, 0x00, 0x00, 0x00, 0x07, 0xF0, 0x02, 0xF8, 0x00, 0x00, 0x00, 0x1F, 0xC0, 0x0B, 0xE0, 0x00,
    0x00, 0x00, 0x7F, 0x00, 0x2F, 0x80, 0x00, 0xD0, 0x01, 0xFC, 0x00, 0xBE, 0x00, 0x1E, 0x00, 0x07,
    0xF0, 0x02, 0xF8, 0x02, 0xD0, 0x00, 0x1F, 0xC0, 0x0B, 0xE0, 0x3D, 0x00, 0x00, 0x7F, 0x00, 0x2F,
    0x83, 0xD0, 0x00, 0x01, 0xFC, 0x00, 0xBE, 0x7D, 0x00, 0x00, 0x07, 0xF0, 0x02, 0xFF, 0xD0, 0x00,
    0x00, 0x1F, 0xC0, 0x0B, 0xFD, 0x00, 0x00, 0x00, 0x7F, 0x00, 0x2F, 0xC0, 0x00, 0x00, 0x01, 0xFC,
    0x00, 0xFC, 0x00, 0x00, 0x00, 0x07, 0xF0, 0x0F, 0xC0, 0x00, 0x00, 0x00, 0x1F, 0xD5, 0xFC, 0x00,
    0x00, 0x00, 0x05, 0xFF, 0xFF, 0xC0, 0x00, 0x00, 0x6F, 0xFF, 0xFF, 0xFC, 0x00, 0x00, 0x0F, 0xFF,
    0xFF, 0xFF, 0xC0, 0x00, 0x00, 0x10, 0x00, 0x00, 0x00, 0x00, 0x00, 0x00, 0x00, 0x01, 0x00, 0x00,
    0x00, 0x00, 0x00, 0x00, 0xB8, 0x00, 0x00, 0x00, 0x00, 0x00, 0x2F, 0x80, 0x00, 0x00, 0x00, 0x00,
    0x0B, 0xE0, 0x00, 0x00, 0x00, 0x00, 0x02, 0xF8, 0x00, 0x00, 0x00, 0x00, 0x00, 0xBE, 0x00, 0x38,
    0x00, 0x00, 0x00, 0x2F, 0x80, 0x0F, 0xD0, 0x00, 0x00, 0x0B, 0xE0, 0x03, 0xF4, 0x00, 0x00, 0x02,
    0xF8, 0x00, 0xFD, 0x00, 0x00, 0x00, 0xBE, 0x00, 0x3F, 0x40, 0x34, 0x00, 0x2F, 0x80, 0x0F, 0xD0,
    0x07, 0x80, 0x0B, 0xE0, 0x03, 0xF4, 0x00, 0x3C, 0x02, 0xF8, 0x00, 0xFD, 0x00, 0x03, 0xC0, 0xBE,
    0x00, 0x3F, 0x40, 0x00, 0x3D, 0x2F, 0x80, 0x0F, 0xD0, 0x00, 0x03, 0xEB, 0xE0, 0x03, 0xF4, 0x00,
    0x00, 0x3F, 0xF8, 0x00, 0xFD, 0x00, 0x00, 0x03, 0xFE, 0x00, 0x3F, 0x40, 0x00, 0x00, 0x3F, 0x80,
    0x0F, 0xD0, 0x00, 0x00, 0x03, 0xF0, 0x03, 0xF4, 0x00, 0x00, 0x00, 0x3F, 0x40, 0xFD, 0x00, 0x00,
    0x00, 0x03, 0xF9, 0x7F, 0x40, 0x00, 0x00, 0x00, 0x3F, 0xFF, 0xF9, 0x40, 0x00, 0x00, 0x03, 0xFF,
    0xFF, 0xFF, 0xE0, 0x00, 0x00, 0x2F, 0xFF, 0xFF, 0xFE, 0x00, 0x00, 0x00, 0x00, 0x00, 0x0F, 0x00,
    0x00, 0x00, 0x00, 0x00, 0x00, 0x00, 0xF8, 0x00, 0x00, 0x00, 0x00, 0x00, 0x00, 0x0B, 0xC0, 0x00,
    0x00, 0x00, 0x00, 0x00, 0x00, 0x7E, 0x00, 0x00, 0x00, 0x00, 0x00, 0x00, 0x03, 0xF0, 0x00, 0x00,
    0x00, 0x00, 0x00, 0x00, 0x3F, 0x80, 0x00, 0x00, 0x00, 0x00, 0x00, 0x02, 0xFF, 0xFF, 0xFF, 0xFF,
    0xFF, 0xFF, 0x80, 0x1F, 0xFF, 0xFF, 0xFF, 0xFF, 0xFF, 0xFE, 0x01, 0xFF, 0x55, 0x55, 0x55, 0x55,
    0x55, 0x50, 0x0F, 0xF4, 0x00, 0x00, 0x00, 0x00, 0x00, 0x00, 0xFF, 0x80, 0x00, 0x00, 0x00, 0x00,
    0x00, 0x0B, 0xFD, 0x55, 0x55, 0x55, 0x55, 0x55, 0x54, 0x3F, 0xFF, 0xFF, 0xFF, 0xFF, 0xFF, 0xFF,
    0xF8, 0xFF, 0xFF, 0xFF, 0xFF, 0xFF, 0xFF, 0xFF, 0xE1, 0xFF, 0x40, 0x00, 0x00, 0x00, 0x00, 0x00,
    0x02, 0xFF, 0x00, 0x00, 0x00, 0x00, 0x00, 0x00, 0x02, 0xFD, 0x00, 0x00, 0x00, 0x00, 0x00, 0x00,
    0x03, 0xFD, 0x55, 0x55, 0x55, 0x55, 0x55, 0x40, 0x03, 0xFF, 0xFF, 0xFF, 0xFF, 0xFF, 0xFF, 0x80,
    0x07, 0xFF, 0xFF, 0xFF, 0xFF, 0xFF, 0xFE, 0x00, 0x0B, 0xE0, 0x00, 0x00, 0x00, 0x00, 0x00, 0x00,
    0x0F, 0xC0, 0x00, 0x00, 0x00, 0x00, 0x00, 0x00, 0x0F, 0x80, 0x00, 0x00, 0x00, 0x00, 0x00, 0x00,
    0x1F, 0x00, 0x00, 0x00, 0x00, 0x00, 0x00, 0x00, 0x2E, 0x00, 0x00, 0x00, 0x00, 0x00, 0x00, 0x00,
    0x14, 0x00, 0x00, 0x00, 0x00, 0x00, 0x00, 0x00, 0x00, 0x00, 0x02, 0xE0, 0x00, 0x00, 0x00, 0x00,
    0x00, 0x00, 0x03, 0xD0, 0x00, 0x00, 0x00, 0x00, 0x00, 0x00, 0x0B, 0xC0, 0x00, 0x00, 0x00, 0x00,
    0x00, 0x00, 0x0F, 0xC0, 0x00, 0x00, 0x00, 0x00, 0x00, 0x00, 0x3F, 0x80, 0x00, 0x00, 0x00, 0x00,
    0x00, 0x00, 0x7F, 0x40, 0x07, 0xFF, 0xFF, 0xFF, 0xFF, 0xFF, 0xFF, 0x00, 0x1F, 0xFF, 0xFF, 0xFF,
    0xFF, 0xFF, 0xFF, 0x00, 0x15, 0x55, 0x55, 0x55, 0x55, 0x56, 0xFE, 0x00, 0x00, 0x00, 0x00, 0x00,
    0x00, 0x03, 0xFD, 0x00, 0x00, 0x00, 0x00, 0x00, 0x00, 0x07, 0xFC, 0x05, 0x55, 0x55, 0x55, 0x55,
    0x55, 0x5F, 0xFC, 0x7F, 0xFF, 0xFF, 0xFF, 0xFF, 0xFF, 0xFF, 0xF9, 0xFF, 0xFF, 0xFF, 0xFF, 0xFF,
    0xFF, 0xFF, 0xD0, 0x00, 0x00, 0x00, 0x00, 0x00, 0x03, 0xFE, 0x00, 0x00, 0x00, 0x00, 0x00, 0x00,
    0x1F, 0xF0, 0x00, 0x00, 0x00, 0x00, 0x00, 0x00, 0xFF, 0x00, 0x55, 0x55, 0x55, 0x55, 0x55, 0x5B,
    0xF4, 0x07, 0xFF, 0xFF, 0xFF, 0xFF, 0xFF, 0xFF, 0x80, 0x1F, 0xFF, 0xFF, 0xFF, 0xFF, 0xFF, 0xF8,
    0x00, 0x00, 0x00, 0x00, 0x00, 0x00, 0x1F, 0xC0, 0x00, 0x00, 0x00, 0x00, 0x00, 0x00, 0xFD, 0x00,
    0x00, 0x00, 0x00, 0x00, 0x00, 0x07, 0xD0, 0x00, 0x00, 0x00, 0x00, 0x00, 0x00, 0x3E, 0x00, 0x00,
    0x00, 0x00, 0x00, 0x00, 0x01, 0xF0, 0x00, 0x00, 0x00, 0x00, 0x00, 0x00, 0x05, 0x00, 0x00, 0x00,
    0x00, 0x00, 0x90, 0x00, 0x00, 0x00, 0x00, 0x00, 0x00, 0x00, 0x3D, 0x00, 0x00, 0x00, 0x00, 0x00,
    0x00, 0x00, 0x0F, 0xC0, 0x00, 0x00, 0x00, 0x00, 0x00, 0x00, 0x03, 0xF0, 0x00, 0x20, 0x02, 0x00,
    0x14, 0x00, 0x01, 0xFE, 0x00, 0x07, 0x40, 0x38, 0x03, 0xD0, 0x00, 0xBF, 0xD5, 0x40, 0xFC, 0x0B,
    0xD0, 0xBF, 0x55, 0x3F, 0xFF, 0xFC, 0x2F, 0xE1, 0xFF, 0x0F, 0x7F, 0xF2, 0xFF, 0xFF, 0xF7, 0xCF,
    0x7C, 0xBA, 0xD1, 0xFF, 0x07, 0xFC, 0x0F, 0xF0, 0x3F, 0x83, 0xFC, 0x00, 0x00, 0x0B, 0xF0, 0x3E,
    0x02, 0xF0, 0x1F, 0x00, 0x00, 0x00, 0x2F, 0x41, 0xC0, 0x0D, 0x00, 0xA0, 0x00, 0x00, 0x00, 0xBC,
    0x00, 0x00, 0x00, 0x00, 0x00, 0x00, 0x00, 0x02, 0xE0, 0x00, 0x00, 0x00, 0x00, 0x00, 0x00, 0x00,
    0x00, 0x00, 0x00, 0x00, 0x00, 0x24, 0x00, 0x00, 0x00, 0x00, 0x00, 0x00, 0x00, 0x03, 0xE0, 0x00,
    0x00, 0x00, 0x00, 0x00, 0x00, 0x00, 0x1F, 0x80, 0x00, 0x00, 0x80, 0x08, 0x00, 0x50, 0x00, 0xBE,
    0x00, 0x00, 0x3D, 0x00, 0xE0, 0x0F, 0x00, 0x03, 0xFC, 0x01, 0x5F, 0xF0, 0x3F, 0x02, 0xF8, 0x05,
    0x6F, 0xF4, 0x7F, 0xEB, 0x87, 0xF8, 0x3F, 0xC2, 0xFF, 0xFF, 0xE7, 0xF8, 0x3C, 0xF2, 0xDF, 0x5E,
    0x7F, 0xFF, 0xFD, 0x00, 0x01, 0xFD, 0x0F, 0xE0, 0xFF, 0x42, 0xFE, 0x00, 0x00, 0x0B, 0xC0, 0xBC,
    0x03, 0xE0, 0x7F, 0x40, 0x00, 0x00, 0x30, 0x03, 0x40, 0x2C, 0x0F, 0xC0, 0x00, 0x00, 0x00, 0x00,
    0x00, 0x00, 0x42, 0xF0, 0x00, 0x00, 0x00, 0x00, 0x00, 0x00, 0x00, 0x3C, 0x00, 0x00, 0x00, 0x10,
    0x00, 0x02, 0xC0, 0x00, 0x1F, 0x80, 0x00, 0xFF, 0x40, 0x0F, 0xFF, 0x40, 0xFF, 0xEF, 0x4B, 0x8B,
    0x1F, 0x10, 0x2C, 0x04, 0x00, 0xB0, 0x00, 0x02, 0xC0, 0x00, 0x0B, 0x00, 0x2F, 0xFF, 0xFC, 0xBF,
    0xFF, 0xF0, 0x02, 0xC0, 0x00, 0x0B, 0x00, 0x2F, 0xFF, 0xFC, 0xBF, 0xFF, 0xF0, 0x02, 0xC0, 0x00,
    0x0B, 0x00, 0x00, 0x2C, 0x00, 0x00, 0xB0, 0x00, 0x02, 0xC0, 0x00, 0x0B, 0x00, 0x00, 0x14, 0x00,
    0x00, 0x60, 0x00, 0x02, 0xC0, 0x00, 0x0B, 0x00, 0x00, 0x2C, 0x00, 0x00, 0xB0, 0x00, 0x02, 0xC0,
    0x00, 0x0B, 0x00, 0x2F, 0xFF, 0xFC, 0xBF, 0xFF, 0xF0, 0x02, 0xC0, 0x00, 0x0B, 0x00, 0x2F, 0xFF,
    0xFC, 0xBF, 0xFF, 0xF0, 0x02, 0xC0, 0x00, 0x0B, 0x00, 0x00, 0x2C, 0x00, 0x00, 0xB0, 0x02, 0xD2,
    0xC2, 0xC3, 0xEF, 0x7E, 0x03, 0xFF, 0xD0, 0x03, 0xFE, 0x00, 0x07, 0xF0, 0x00, 0x0B, 0x00, 0x00,
    0x04, 0x00, 0x00, 0x00, 0x90, 0x00, 0x00, 0x00, 0x00, 0x00, 0x00, 0x0F, 0x40, 0x00, 0x00, 0x00,
    0x00, 0x00, 0x00, 0xFC, 0x00, 0x00, 0x00, 0x00, 0x00, 0x00, 0x0F, 0xC0, 0x00, 0x00, 0x00, 0x00,
    0x00, 0x01, 0xFE, 0x00, 0x00, 0x00, 0x00, 0x00, 0x00, 0x2F, 0xF5, 0x54, 0x15, 0x41, 0x54, 0x15,
    0x43, 0xFF, 0xFF, 0xE1, 0xFF, 0x0F, 0xF4, 0xFF, 0x8F, 0xFF, 0xFF, 0x87, 0xFC, 0x3F, 0xD3, 0xFE,
    0x07, 0xFC, 0x00, 0x00, 0x00, 0x00, 0x00, 0x00, 0x03, 0xF8, 0x00, 0x00, 0x00, 0x00, 0x00, 0x00,
    0x03, 0xF4, 0x00, 0x00, 0x00, 0x00, 0x00, 0x00, 0x03, 0xF0, 0x00, 0x00, 0x00, 0x00, 0x00, 0x00,
    0x03, 0xD0, 0x00, 0x00, 0x00, 0x00, 0x00, 0x00, 0x01, 0x40, 0x00, 0x00, 0x00, 0x00, 0x00, 0x00,
    0x0D, 0x00, 0x00, 0x02, 0xF0, 0x00, 0x00, 0x7F, 0x80, 0x00, 0x0F, 0xFE, 0x00, 0x03, 0xFF, 0xF4,
    0x00, 0xFF, 0xFF, 0xD0, 0x3F, 0xEF, 0x7F, 0x4B, 0xD1, 0xF0, 0xFC, 0xA0, 0x1F, 0x01, 0xC0, 0x01,
    0xF0, 0x00, 0x00, 0x1F, 0x00, 0x00, 0x00, 0x00, 0x00, 0x00, 0x00, 0x00, 0x00, 0x01, 0xF0, 0x00,
    0x00, 0x1F, 0x00, 0x00, 0x01, 0xF0, 0x00, 0x00, 0x1F, 0x00, 0x00, 0x01, 0xA0, 0x00, 0x00, 0x00,
    0x00, 0x00, 0x01, 0xF0, 0x00, 0x00, 0x1F, 0x00, 0x00, 0x01, 0xF0, 0x00, 0x00, 0x1F, 0x00, 0x00,
    0x00, 0x50, 0x00, 0x00, 0x00, 0x00, 0x00, 0x01, 0xA0, 0x00, 0x00, 0x1F, 0x00, 0x00, 0x01, 0xF0,
    0x00, 0x00, 0x1F, 0x00, 0x00, 0x01, 0xF0, 0x00, 0x00, 0x00, 0x00, 0x00, 0x00, 0x09, 0x00, 0x00,
    0x00, 0x00, 0x00, 0x00, 0x00, 0x3D, 0x00, 0x00, 0x00, 0x00, 0x00, 0x00, 0x00, 0x7D, 0x00, 0x00,
    0x00, 0x00, 0x00, 0x00, 0x00, 0xFD, 0x00, 0x00, 0x00, 0x00, 0x00, 0x00, 0x00, 0xFE, 0x00, 0x55,
    0x05, 0x50, 0x55, 0x41, 0x56, 0xFF, 0x47, 0xFD, 0x3F, 0xD3, 0xFF, 0x1F, 0xFF, 0xFF, 0x9F, 0xF4,
    0xFF, 0x4F, 0xFC, 0x7F, 0xFF, 0xFD, 0x00, 0x00, 0x00, 0x00, 0x00, 0x00, 0xBF, 0x80, 0x00, 0x00,
    0x00, 0x00, 0x00, 0x07, 0xF4, 0x00, 0x00, 0x00, 0x00, 0x00, 0x00, 0x3F, 0x40, 0x00, 0x00, 0x00,
    0x00, 0x00, 0x01, 0xF4, 0x00, 0x00, 0x00, 0x00, 0x00, 0x00, 0x0F, 0x40, 0x00, 0x00, 0x00, 0x00,
    0x00, 0x00, 0x14, 0x00, 0x00, 0x00, 0x1F, 0x00, 0x00, 0x01, 0xF0, 0x00, 0x00, 0x1F, 0x00, 0x00,
    0x01, 0xF0, 0x00, 0x00, 0x1A, 0x00, 0x00, 0x00, 0x00, 0x00, 0x00, 0x1F, 0x00, 0x00, 0x01, 0xF0,
    0x00, 0x00, 0x1F, 0x00, 0x00, 0x01, 0xF0, 0x00, 0x00, 0x05, 0x00, 0x00, 0x00, 0x00, 0x00, 0x00,
    0x1A, 0x00, 0x00, 0x01, 0xF0, 0x00, 0x00, 0x1F, 0x00, 0x00, 0x01, 0xF0, 0x00, 0x00, 0x1F, 0x00,
    0x00, 0x00, 0x00, 0x00, 0x00, 0x00, 0x00, 0x00, 0x01, 0xF0, 0x00, 0x00, 0x1F, 0x00, 0x0A, 0x01,
    0xF0, 0x1C, 0xBD, 0x1F, 0x0F, 0xC3, 0xFE, 0xF7, 0xF4, 0x0F, 0xFF, 0xFD, 0x00, 0x3F, 0xFF, 0x40,
    0x00, 0xFF, 0xE0, 0x00, 0x07, 0xF8, 0x00, 0x00, 0x2F, 0x00, 0x00, 0x00, 0xD0, 0x00, 0x28, 0x00,
    0x05, 0x00, 0x00, 0x00, 0x00, 0x01, 0xF0, 0x00, 0xB8, 0x00, 0x00, 0x00, 0x00, 0x07, 0xC0, 0x0B,
    0xC0, 0x00, 0x00, 0x00, 0x00, 0x1F, 0x00, 0xBE, 0x00, 0x00, 0x00, 0x00, 0x00, 0x7C, 0x0F, 0xF0,
    0x00, 0x00, 0x00, 0x00, 0x01, 0xF1, 0xFF, 0x95, 0x55, 0x55, 0x55, 0x55, 0x47, 0xFF, 0xFF, 0xFF,
    0xFF, 0xFF, 0xFF, 0xFF, 0x9F, 0xBF, 0xFF, 0xFF, 0xFF, 0xFF, 0xFF, 0xFE, 0x7C, 0x3F, 0xD0, 0x00,
    0x00, 0x00, 0x00, 0x01, 0xF0, 0x2F, 0xC0, 0x00, 0x00, 0x00, 0x00, 0x07, 0xC0, 0x2F, 0x80, 0x00,
    0x00, 0x00, 0x00, 0x1F, 0x00, 0x2F, 0x00, 0x00, 0x00, 0x00, 0x00, 0x7C, 0x00, 0x2E, 0x00, 0x00,
    0x00, 0x00, 0x00, 0x50, 0x00, 0x14, 0x00, 0x00, 0x00, 0x00, 0x00, 0x00, 0x00, 0x00, 0x00, 0x01,
    0x80, 0x00, 0x64, 0x00, 0x00, 0x00, 0x00, 0x07, 0xC0, 0x02, 0xE0, 0x00, 0x00, 0x00, 0x00, 0x0F,
    0xC0, 0x0B, 0x80, 0x00, 0x00, 0x00, 0x00, 0x0F, 0xC0, 0x2E, 0x00, 0x00, 0x00, 0x00, 0x00, 0x2F,
    0xD0, 0xB8, 0x55, 0x55, 0x55, 0x55, 0x55, 0x7F, 0xE2, 0xE7, 0xFF, 0xFF, 0xFF, 0xFF, 0xFF, 0xFF,
    0xFF, 0x9F, 0xFF, 0xFF, 0xFF, 0xFF, 0xFF, 0xFF, 0xFE, 0x00, 0x00, 0x00, 0x00, 0x00, 0x0F, 0xF4,
    0xB8, 0x00, 0x00, 0x00, 0x00, 0x00, 0xBF, 0x02, 0xE0, 0x00, 0x00, 0x00, 0x00, 0x07, 0xF0, 0x0B,
    0x80, 0x00, 0x00, 0x00, 0x00, 0x3F, 0x00, 0x2E, 0x00, 0x00, 0x00, 0x00, 0x01, 0xF0, 0x00, 0xB8,
    0x00, 0x00, 0x00, 0x00, 0x05, 0x00, 0x01, 0x50, 0x00, 0x00, 0x00, 0x00, 0x00, 0x00, 0x00, 0x00,
    0x08, 0x00, 0x00, 0x00, 0x00, 0x00, 0x0B, 0x00, 0x00, 0x00, 0x00, 0x00, 0x0B, 0xC0, 0x00, 0x00,
    0x00, 0x00, 0x0A, 0x30, 0x00, 0x00, 0x00, 0x00, 0x0A, 0x0C, 0x00, 0x00, 0x00, 0x00, 0x0A, 0x03,
    0xFF, 0xFF, 0xFF, 0xF0, 0x0A, 0x00, 0x00, 0x00, 0x00, 0x0C, 0x0A, 0x00, 0x00, 0x00, 0x00, 0x03,
    0x0E, 0x00, 0x00, 0x00, 0x00, 0x00, 0xC3, 0x80, 0x00, 0x00, 0x00, 0x00, 0x30, 0x28, 0x00, 0x00,
    0x00, 0x00, 0x0C, 0x02, 0x80, 0x00, 0x00, 0x00, 0x03, 0x00, 0x28, 0x0F, 0xFF, 0xFF, 0xFF, 0xC0,
    0x02, 0x83, 0x00, 0x00, 0x00, 0x00, 0x00, 0x28, 0xC0, 0x00, 0x00, 0x00, 0x00, 0x02, 0xF0, 0x00,
    0x00, 0x00, 0x00, 0x00, 0x2C, 0x00, 0x00, 0x00, 0x00, 0x00, 0x02, 0x00, 0x00, 0x00, 0x00, 0x00,
    0x00, 0x00, 0x00, 0x00, 0x00, 0x00, 0x00, 0x00, 0x00, 0x00, 0x00, 0x00, 0x38, 0x00, 0x00, 0x00,
    0x00, 0xEA, 0x00, 0x00, 0x00, 0x03, 0x82, 0x80, 0x00, 0x00, 0x0E, 0x00, 0xA0, 0x00, 0x00, 0x38,
    0x00, 0x28, 0x00, 0x00, 0xE0, 0x00, 0x0A, 0x00, 0x03, 0x80, 0x00, 0x02, 0x80, 0x0E, 0x00, 0x00,
    0x00, 0xA0, 0x3F, 0xF8, 0x00, 0x3F, 0xF8, 0x00, 0x18, 0x00, 0x30, 0x00, 0x00, 0x18, 0x00, 0x30,
    0x00, 0x00, 0x18, 0x00, 0x30, 0x00, 0x00, 0x18, 0x00, 0x30, 0x00, 0x00, 0x18, 0x00, 0x30, 0x00,
    0x00, 0x18, 0x00, 0x30, 0x00, 0x00, 0x18, 0x00, 0x30, 0x00, 0x00, 0x18, 0x00, 0x30, 0x00, 0x00,
    0x18, 0x00, 0x30, 0x00, 0x00, 0x18, 0x00, 0x30, 0x00, 0x00, 0x18, 0x00, 0x30, 0x00, 0x00, 0x18,
    0x00, 0x30, 0x00, 0x00, 0x18, 0x00, 0x30, 0x00, 0x00, 0x1F, 0xFF, 0xF0, 0x00, 0x00, 0x00, 0x00,
    0x00, 0x00, 0x00, 0x00, 0x00, 0x00, 0x00, 0x80, 0x00, 0x00, 0x00, 0x00, 0x00, 0x38, 0x00, 0x00,
    0x00, 0x00, 0x00, 0x0F, 0x80, 0x00, 0x00, 0x00, 0x00, 0x03, 0x38, 0x00, 0x00, 0x00, 0x00, 0x00,
    0xC3, 0x80, 0x07, 0xFF, 0xFF, 0xFF, 0xF0, 0x38, 0x01, 0x80, 0x00, 0x00, 0x00, 0x02, 0x80, 0x60,
    0x00, 0x00, 0x00, 0x00, 0x28, 0x18, 0x00, 0x00, 0x00, 0x00, 0x02, 0x86, 0x00, 0x00, 0x00, 0x00,
    0x00, 0xA1, 0x80, 0x00, 0x00, 0x00, 0x00, 0xA0, 0x60, 0x00, 0x00, 0x00, 0x00, 0xA0, 0x1F, 0xFF,
    0xFF, 0xFF, 0xC0, 0xE0, 0x00, 0x00, 0x00, 0x00, 0x30, 0xE0, 0x00, 0x00, 0x00, 0x00, 0x0C, 0xE0,
    0x00, 0x00, 0x00, 0x00, 0x03, 0xE0, 0x00, 0x00, 0x00, 0x00, 0x00, 0xE0, 0x00, 0x00, 0x00, 0x00,
    0x00, 0x20, 0x00, 0x00, 0x00, 0x00, 0x00, 0x00, 0x00, 0x00, 0x00, 0x1F, 0xFF, 0xF0, 0x00, 0x00,
    0x18, 0x00, 0x30, 0x00, 0x00, 0x18, 0x00, 0x30, 0x00, 0x00, 0x18, 0x00, 0x30, 0x00, 0x00, 0x18,
    0x00, 0x30, 0x00, 0x00, 0x18, 0x00, 0x30, 0x00, 0x00, 0x18, 0x00, 0x30, 0x00, 0x00, 0x18, 0x00,
    0x30, 0x00, 0x00, 0x18, 0x00, 0x30, 0x00, 0x00, 0x18, 0x00, 0x30, 0x00, 0x00, 0x18, 0x00, 0x30,
    0x00, 0x00, 0x18, 0x00, 0x30, 0x00, 0x00, 0x18, 0x00, 0x30, 0x00, 0x00, 0x18, 0x00, 0x30, 0x00,
    0x3F, 0xF8, 0x00, 0x3F, 0xF8, 0x0E, 0x00, 0x00, 0x00, 0xA0, 0x03, 0x80, 0x00, 0x02, 0x80, 0x00,
    0xE0, 0x00, 0x0A, 0x00, 0x00, 0x38, 0x00, 0x28, 0x00, 0x00, 0x0E, 0x00, 0xA0, 0x00, 0x00, 0x03,
    0x82, 0x80, 0x00, 0x00, 0x00, 0xEA, 0x00, 0x00, 0x00, 0x00, 0x38, 0x00, 0x00, 0x00, 0x00, 0x00,
    0x00, 0x00, 0x00, 0x00, 0x00, 0x00, 0x00, 0x00, 0x00, 0x38, 0x00, 0x00, 0x00, 0x00, 0xEA, 0x00,
    0x00, 0x00, 0x03, 0x82, 0x80, 0x00, 0x00, 0x0E, 0x00, 0xA0, 0x00, 0x00, 0x38, 0x00, 0x28, 0x00,
    0x00, 0xE0, 0x00, 0x0A, 0x00, 0x03, 0x80, 0x00, 0x02, 0x80, 0x0E, 0x00, 0x00, 0x00, 0xA0, 0x3F,
    0xF8, 0x00, 0x3F, 0xF8, 0x00, 0x18, 0x00, 0x30, 0x00, 0x00, 0x18, 0x00, 0x30, 0x00, 0x00, 0x18,
    0x00, 0x30, 0x00, 0x00, 0x18, 0x00, 0x30, 0x00, 0x00, 0x18, 0x00, 0x30, 0x00, 0x00, 0x18, 0x00,
    0x30, 0x00, 0x00, 0x18, 0x00, 0x30, 0x00, 0x00, 0x18, 0x00, 0x30, 0x00, 0x00, 0x18, 0x00, 0x30,
    0x00, 0x00, 0x1F, 0xFF, 0xF0, 0x00, 0x00, 0x00, 0x00, 0x00, 0x00, 0x00, 0x00, 0x00, 0x00, 0x00,
    0x00, 0x1F, 0xFF, 0xF0, 0x00, 0x00, 0x18, 0x00, 0x30, 0x00, 0x00, 0x18, 0x00, 0x30, 0x00, 0x00,
    0x18, 0x00, 0x30, 0x00, 0x00, 0x1F, 0xFF, 0xF0, 0x00, 0x00, 0x00, 0x00, 0x00, 0x00, 0x00, 0x00,
    0x38, 0x00, 0x00, 0x00, 0x00, 0xEA, 0x00, 0x00, 0x00, 0x03, 0x82, 0x80, 0x00, 0x00, 0x0E, 0x00,
    0xA0, 0x00, 0x00, 0x38, 0x00, 0x28, 0x00, 0x00, 0xE0, 0x00, 0x0A, 0x00, 0x03, 0x80, 0x00, 0x02,
    0x80, 0x0E, 0x00, 0x00, 0x00, 0xA0, 0x3F, 0xF8, 0x00, 0x3F, 0xF8, 0x00, 0x18, 0x00, 0x30, 0x00,
    0x00, 0x18, 0x00, 0x30, 0x00, 0x00, 0x18, 0x00, 0x30, 0x00, 0x00, 0x18, 0x00, 0x30, 0x00, 0x00,
    0x18, 0x00, 0x30, 0x00, 0x00, 0x18, 0x00, 0x30, 0x00, 0x00, 0x18, 0x00, 0x30, 0x00, 0x00, 0x18,
    0x00, 0x30, 0x00, 0x00, 0x18, 0x00, 0x30, 0x00, 0x00, 0x18, 0x00, 0x30, 0x00, 0x00, 0x18, 0x00,
    0x30, 0x00, 0x00, 0x18, 0x00, 0x30, 0x00, 0x7F, 0xF8, 0x00, 0x3F, 0xFC, 0x60, 0x00, 0x00, 0x00,
    0x0C, 0x60, 0x00, 0x00, 0x00, 0x0C, 0x60, 0x00, 0x00, 0x00, 0x0C, 0x7F, 0xFF, 0xFF, 0xFF, 0xFC,
    0x00, 0x00, 0x00, 0x00, 0x00, 0x00, 0x00, 0x28, 0x00, 0x00, 0x00, 0x00, 0xAE, 0x00, 0x00, 0x00,
    0x02, 0x83, 0x80, 0x00, 0x00, 0x0A, 0x00, 0xE0, 0x00, 0x00, 0x28, 0x00, 0x38, 0x00, 0x00, 0xBF,
    0xFF, 0xFE, 0x00, 0x03, 0x80, 0x00, 0x03, 0x80, 0x0E, 0x00, 0x00, 0x00, 0xA0, 0x3F, 0xF8, 0x00,
    0x3F, 0xF8, 0x00, 0x18, 0x00, 0x30, 0x00, 0x00, 0x18, 0x00, 0x30, 0x00, 0x00, 0x18, 0x00, 0x30,
    0x00, 0x00, 0x18, 0x00, 0x30, 0x00, 0x00, 0x18, 0x00, 0x30, 0x00, 0x00, 0x18, 0x00, 0x30, 0x00,
    0x00, 0x18, 0x00, 0x30, 0x00, 0x00, 0x18, 0x00, 0x30, 0x00, 0x00, 0x18, 0x00, 0x30, 0x00, 0x00,
    0x18, 0x00, 0x30, 0x00, 0x00, 0x18, 0x00, 0x30, 0x00, 0x00, 0x18, 0x00, 0x30, 0x00, 0x7F, 0xF8,
    0x00, 0x3F, 0xFC, 0x60, 0x00, 0x00, 0x00, 0x0C, 0x60, 0x00, 0x00, 0x00, 0x0C, 0x60, 0x00, 0x00,
    0x00, 0x0C, 0x7F, 0xFF, 0xFF, 0xFF, 0xFC, 0x00, 0x00, 0x00, 0x00, 0x00, 0x00, 0x00, 0x38, 0x00,
    0x00, 0x00, 0x00, 0xFE, 0x00, 0x00, 0x00, 0x03, 0xA6, 0x80, 0x00, 0x00, 0x0E, 0x24, 0xA0, 0x00,
    0x00, 0x38, 0x24, 0x28, 0x00, 0x00, 0xE0, 0x24, 0x0A, 0x00, 0x03, 0x80, 0x24, 0x02, 0x80, 0x0E,
    0x00, 0x24, 0x00, 0xA0, 0x3F, 0xF8, 0x24, 0x3F, 0xF8, 0x00, 0x18, 0x24, 0x30, 0x00, 0x00, 0x18,
    0x24, 0x30, 0x00, 0x00, 0x18, 0x24, 0x30, 0x00, 0x00, 0x18, 0x24, 0x30, 0x00, 0x00, 0x18, 0x24,
    0x30, 0x00, 0x00, 0x18, 0x24, 0x30, 0x00, 0x00, 0x18, 0x24, 0x30, 0x00, 0x00, 0x18, 0x24, 0x30,
    0x00, 0x00, 0x18, 0x24, 0x30, 0x00, 0x00, 0x18, 0x24, 0x30, 0x00, 0x00, 0x18, 0x24, 0x30, 0x00,
    0x00, 0x18, 0x24, 0x30, 0x00, 0x7F, 0xF8, 0x24, 0x3F, 0xFC, 0x60, 0x00, 0x24, 0x00, 0x0C, 0x60,
    0x00, 0x24, 0x00, 0x0C, 0x60, 0x00, 0x24, 0x00, 0x0C, 0x7F, 0xFF, 0xFF, 0xFF, 0xFC, 0x00, 0x00,
    0x00, 0x00, 0x00, 0x00, 0x00, 0x38, 0x00, 0x00, 0x00, 0x00, 0xEA, 0x00, 0x00, 0x00, 0x03, 0x82,
    0x80, 0x00, 0x00, 0x0E, 0x00, 0xA0, 0x00, 0x00, 0x38, 0x38, 0x28, 0x00, 0x00, 0xE0, 0xEA, 0x0A,
    0x00, 0x03, 0x83, 0x82, 0x82, 0x80, 0x0E, 0x0E, 0x00, 0xA0, 0xA0, 0x3F, 0xF8, 0x00, 0x2F, 0xF8,
    0x00, 0xE0, 0x00, 0x0A, 0x00, 0x03, 0x80, 0x00, 0x02, 0x80, 0x0E, 0x00, 0x00, 0x00, 0xA0, 0x3F,
    0xF8, 0x00, 0x3F, 0xF8, 0x00, 0x18, 0x00, 0x30, 0x00, 0x00, 0x18, 0x00, 0x30, 0x00, 0x00, 0x18,
    0x00, 0x30, 0x00, 0x00, 0x18, 0x00, 0x30, 0x00, 0x00, 0x18, 0x00, 0x30, 0x00, 0x00, 0x18, 0x00,
    0x30, 0x00, 0x00, 0x18, 0x00, 0x30, 0x00, 0x00, 0x18, 0x00, 0x30, 0x00, 0x00, 0x18, 0x00, 0x30,
    0x00, 0x00, 0x18, 0x00, 0x30, 0x00, 0x00, 0x18, 0x00, 0x30, 0x00, 0x00, 0x18, 0x00, 0x30, 0x00,
    0x00, 0x18, 0x00, 0x30, 0x00, 0x00, 0x18, 0x00, 0x30, 0x00, 0x00, 0x18, 0x00, 0x30, 0x00, 0x00,
    0x18, 0x00, 0x30, 0x00, 0x00, 0x1F, 0xFF, 0xF0, 0x00, 0x00, 0x00, 0x00, 0x00, 0x00, 0x00, 0x00,
    0x38, 0x00, 0x00, 0x00, 0x00, 0xEA, 0x00, 0x00, 0x00, 0x03, 0x82, 0x80, 0x00, 0x00, 0x0E, 0x00,
    0xA0, 0x00, 0x00, 0x38, 0x38, 0x28, 0x00, 0x00, 0xE0, 0xEA, 0x0A, 0x00, 0x03, 0x83, 0x82, 0x82,
    0x80, 0x0E, 0x0E, 0x00, 0xA0, 0xA0, 0x3F, 0xF8, 0x00, 0x2F, 0xF8, 0x00, 0xE0, 0x00, 0x0A, 0x00,
    0x03, 0x80, 0x00, 0x02, 0x80, 0x0E, 0x00, 0x00, 0x00, 0xA0, 0x3F, 0xF8, 0x00, 0x3F, 0xF8, 0x00,
    0x18, 0x00, 0x30, 0x00, 0x00, 0x18, 0x00, 0x30, 0x00, 0x00, 0x18, 0x00, 0x30, 0x00, 0x00, 0x18,
    0x00, 0x30, 0x00, 0x00, 0x18, 0x00, 0x30, 0x00, 0x00, 0x18, 0x00, 0x30, 0x00, 0x00, 0x18, 0x00,
    0x30, 0x00, 0x00, 0x18, 0x00, 0x30, 0x00, 0x00, 0x18, 0x00, 0x30, 0x00, 0x00, 0x18, 0x00, 0x30,
    0x00, 0x00, 0x18, 0x00, 0x30, 0x00, 0x00, 0x18, 0x00, 0x30, 0x00, 0x7F, 0xF8, 0x00, 0x3F, 0xFC,
    0x60, 0x00, 0x00, 0x00, 0x0C, 0x60, 0x00, 0x00, 0x00, 0x0C, 0x60, 0x00, 0x00, 0x00, 0x0C, 0x7F,
    0xFF, 0xFF, 0xFF, 0xFC, 0x7F, 0xE0, 0x00, 0x00, 0x04, 0x00, 0x00, 0x60, 0x60, 0x00, 0x00, 0x0D,
    0x00, 0x00, 0x60, 0x60, 0x00, 0x00, 0x0F, 0x00, 0x00, 0x60, 0x60, 0x00, 0x00, 0x0D, 0xC0, 0x00,
    0x60, 0x60, 0x00, 0x00, 0x0C, 0xB0, 0x00, 0x60, 0x60, 0x00, 0x00, 0x0C, 0x2C, 0x00, 0x60, 0x7F,
    0xFF, 0xFF, 0xFC, 0x0B, 0x00, 0x60, 0x00, 0x00, 0x00, 0x00, 0x02, 0x80, 0x60, 0x00, 0x00, 0x00,
    0x00, 0x00, 0xA0, 0x60, 0x00, 0x00, 0x00, 0x00, 0x00, 0x38, 0x60, 0x00, 0x00, 0x00, 0x00, 0x00,
    0x38, 0x60, 0x00, 0x00, 0x00, 0x00, 0x00, 0xE0, 0x60, 0x00, 0x00, 0x00, 0x00, 0x03, 0x80, 0x60,
    0x7F, 0xFF, 0xFF, 0xFC, 0x0D, 0x00, 0x60, 0x60, 0x00, 0x00, 0x0C, 0x34, 0x00, 0x60, 0x60, 0x00,
    0x00, 0x0C, 0xD0, 0x00, 0x60, 0x60, 0x00, 0x00, 0x0F, 0x40, 0x00, 0x60, 0x60, 0x00, 0x00, 0x0D,
    0x00, 0x00, 0x7F, 0xE0, 0x00, 0x00, 0x04, 0x00, 0x00, 0x15, 0x55, 0x55, 0x55, 0x55, 0x55, 0x55,
    0x47, 0xFF, 0xFF, 0xFF, 0xFF, 0xFF, 0xFF, 0xFD, 0x7F, 0xFF, 0xFF, 0xFF, 0xFF, 0xFF, 0xFF, 0xD7,
    0xC0, 0x00, 0x00, 0x00, 0x00, 0x00, 0x00, 0x7C, 0x00, 0x00, 0x00, 0x00, 0x00, 0x00, 0x07, 0xC1,
    0xE4, 0x00, 0x00, 0x00, 0x00, 0x00, 0x7C, 0x1F, 0xFF, 0xFF, 0x00, 0x00, 0x00, 0x07, 0xC0, 0xFF,
    0xFF, 0xE0, 0x00, 0x00, 0x00, 0x7C, 0x0F, 0xFE, 0x40, 0x00, 0x00, 0x00, 0x07, 0xC0, 0xFF, 0xE0,
    0x00, 0x00, 0x00, 0x00, 0x7C, 0x0B, 0xFF, 0x80, 0x00, 0x00, 0x00, 0x07, 0xC0, 0xBC, 0xFE, 0x00,
    0x00, 0x00, 0x00, 0x7C, 0x0B, 0xC3, 0xF8, 0x00, 0x00, 0x00, 0x07, 0xC0, 0xB8, 0x0F, 0xE0, 0x00,
    0x00, 0x00, 0x7C, 0x0B, 0x00, 0x2F, 0x80, 0x00, 0x00, 0x07, 0xC0, 0x70, 0x00, 0xBE, 0x00, 0x00,
    0x00, 0x7C, 0x00, 0x00, 0x02, 0xF8, 0x00, 0x00, 0x07, 0xC0, 0x00, 0x00, 0x0B, 0xE0, 0x00, 0x00,
    0x7C, 0x00, 0x00, 0x00, 0x2F, 0x80, 0x00, 0x07, 0xC0, 0x00, 0x00, 0x00, 0xBE, 0x00, 0x00, 0x7C,
    0x00, 0x00, 0x00, 0x02, 0xF8, 0x00, 0x07, 0xC0, 0x00, 0x00, 0x00, 0x0B, 0xE0, 0x00, 0x7C, 0x00,
    0x00, 0x00, 0x00, 0x2F, 0x80, 0x07, 0xC0, 0x00, 0x00, 0x00, 0x00, 0xBE, 0x00, 0x7C, 0x00, 0x00,
    0x00, 0x00, 0x02, 0xF8, 0x07, 0xC0, 0x00, 0x00, 0x00, 0x00, 0x0B, 0xE0, 0x7C, 0x00, 0x00, 0x00,
    0x00, 0x00, 0x2C, 0x07, 0xC0, 0x00, 0x00, 0x00, 0x00, 0x00, 0x00, 0x14, 0x00, 0x00, 0x00, 0x00,
    0x00, 0x00, 0x00, 0x00, 0x00, 0x00, 0x00, 0x00, 0x00, 0x03, 0xD0, 0x00, 0x00, 0x00, 0x00, 0x00,
    0x00, 0x3D, 0x03, 0xC0, 0x00, 0x00, 0x00, 0x00, 0x03, 0xD0, 0x7F, 0x00, 0x00, 0x00, 0x00, 0x00,
    0x3D, 0x01, 0xFC, 0x00, 0x00, 0x00, 0x00, 0x03, 0xD0, 0x07, 0xF0, 0x00, 0x00, 0x00, 0x00, 0x3D,
    0x00, 0x1F, 0xC0, 0x00, 0x00, 0x00, 0x03, 0xD0, 0x00, 0x7F, 0x00, 0x00, 0x00, 0x00, 0x3D, 0x00,
    0x01, 0xFC, 0x00, 0x00, 0x00, 0x03, 0xD0, 0x00, 0x07, 0xF0, 0x00, 0x00, 0x00, 0x3D, 0x00, 0x00,
    0x1F, 0xC0, 0x00, 0x00, 0x03, 0xD0, 0x00, 0x00, 0x7F, 0x00, 0x00, 0x00, 0x3D, 0x00, 0x00, 0x01,
    0xFC, 0x00, 0x00, 0x03, 0xD0, 0x00, 0x00, 0x07, 0xF0, 0x00, 0xE0, 0x3D, 0x00, 0x00, 0x00, 0x1F,
    0xC0, 0x0F, 0x03, 0xD0, 0x00, 0x00, 0x00, 0x3F, 0x01, 0xF0, 0x3D, 0x00, 0x00, 0x00, 0x00, 0xFC,
    0x2F, 0x03, 0xD0, 0x00, 0x00, 0x00, 0x03, 0xF3, 0xF0, 0x3D, 0x00, 0x00, 0x00, 0x00, 0x0F, 0xFF,
    0x03, 0xD0, 0x00, 0x00, 0x00, 0x00, 0x3F, 0xF0, 0x3D, 0x00, 0x00, 0x00, 0x01, 0xBF, 0xFF, 0x03,
    0xD0, 0x00, 0x00, 0x00, 0xFF, 0xFF, 0xF4, 0x3D, 0x00, 0x00, 0x00, 0x0B, 0xAB, 0xFF, 0x83, 0xD0,
    0x00, 0x00, 0x00, 0x00, 0x00, 0x64, 0x3D, 0x00, 0x00, 0x00, 0x00, 0x00, 0x00, 0x03, 0xD1, 0x55,
    0x55, 0x55, 0x55, 0x55, 0x55, 0x7D, 0x7F, 0xFF, 0xFF, 0xFF, 0xFF, 0xFF, 0xFF, 0xD7, 0xFF, 0xFF,
    0xFF, 0xFF, 0xFF, 0xFF, 0xFD, 0x00, 0x00, 0x00, 0x00, 0x00, 0x00, 0x00, 0x38, 0x00, 0x00, 0x00,
    0x00, 0xEA, 0x00, 0x00, 0x00, 0x03, 0x82, 0x80, 0x00, 0x00, 0x0E, 0x00, 0xA0, 0x00, 0x00, 0x38,
    0x00, 0x28, 0x00, 0x00, 0xE0, 0x00, 0x0A, 0x00, 0x03, 0x80, 0x00, 0x02, 0x80, 0x0E, 0x00, 0x00,
    0x00, 0xA0, 0x3F, 0xF8, 0x00, 0x3F, 0xF8, 0x00, 0x18, 0x00, 0x30, 0x00, 0x00, 0x18, 0x00, 0x30,
    0x00, 0x00, 0x18, 0x00, 0x30, 0x00, 0x00, 0x18, 0x00, 0x30, 0x00, 0x00, 0x18, 0x00, 0x30, 0x00,
    0x00, 0x18, 0x00, 0x30, 0x00, 0x00, 0x18, 0x00, 0x30, 0x00, 0x00, 0x18, 0x00, 0x30, 0x00, 0x00,
    0x18, 0x00, 0x30, 0x00, 0x00, 0x18, 0x00, 0x30, 0x00, 0x3F, 0xF8, 0x00, 0x3F, 0xF8, 0x0E, 0x00,
    0x00, 0x00, 0xA0, 0x03, 0x80, 0x00, 0x02, 0x80, 0x00, 0xE0, 0x00, 0x0A, 0x00, 0x00, 0x38, 0x00,
    0x28, 0x00, 0x00, 0x0E, 0x00, 0xA0, 0x00, 0x00, 0x03, 0x82, 0x80, 0x00, 0x00, 0x00, 0xEA, 0x00,
    0x00, 0x00, 0x00, 0x38, 0x00, 0x00, 0x00, 0x00, 0x00, 0x00, 0x00, 0x00, 0x00, 0x1B, 0xF8, 0x00,
    0x0F, 0x00, 0x00, 0x00, 0x02, 0xFF, 0xFD, 0x00, 0x3E, 0x00, 0x00, 0x00, 0x2F, 0xD6, 0xFC, 0x00,
    0x7E, 0x00, 0x00, 0x01, 0xF8, 0x00, 0xFC, 0x00, 0xBE, 0x00, 0x00, 0x0B, 0xC0, 0x01, 0xF0, 0x00,
    0xFF, 0x00, 0x55, 0x7E, 0x55, 0x57, 0xE5, 0x56, 0xFF, 0x47, 0xFF, 0xFF, 0xFF, 0xFF, 0xFF, 0xFF,
    0xFF, 0x9F, 0xFF, 0xFF, 0xFF, 0xFF, 0xFF, 0xFF, 0xFD, 0x00, 0x0F, 0x80, 0x00, 0xF4, 0x00, 0xBF,
    0x80, 0x00, 0x2F, 0x40, 0x0F, 0xC0, 0x07, 0xF4, 0x00, 0x00, 0x3F, 0x96, 0xFD, 0x00, 0x3F, 0x00,
    0x00, 0x00, 0x3F, 0xFF, 0xD0, 0x02, 0xF0, 0x00, 0x00, 0x00, 0x1B, 0xF8, 0x00, 0x0F, 0x00, 0x00,
    0x00, 0x1F, 0x00, 0x00, 0x03, 0x40, 0x00, 0x00, 0x7C, 0x00, 0x00, 0x2F, 0x00, 0x00, 0x01, 0xF0,
    0x00, 0x01, 0xFE, 0x00, 0x00, 0x07, 0xC0, 0x00, 0x0F, 0xFD, 0x00, 0x00, 0x1F, 0x00, 0x00, 0xFF,
    0xFC, 0x00, 0x00, 0x7C, 0x00, 0x0B, 0xFF, 0xFC, 0x00, 0x01, 0xF0, 0x00, 0xBF, 0xFF, 0xFC, 0x00,
    0x07, 0xC0, 0x0B, 0xE2, 0xF2, 0xFC, 0x00, 0x1F, 0x00, 0x3D, 0x0B, 0xC0, 0xB0, 0x00, 0x7C, 0x00,
    0x00, 0x2F, 0x00, 0x00, 0x01, 0xF0, 0x00, 0x00, 0xBC, 0x00, 0x00, 0x07, 0xC0, 0x00, 0x02, 0xF0,
    0x00, 0x00, 0x1F, 0x00, 0x00, 0x0B, 0xC0, 0x00, 0x00, 0x7C, 0x00, 0x00, 0x2F, 0x00, 0x00, 0x01,
    0xF0, 0x00, 0x00, 0xBC, 0x00, 0x00, 0x07, 0xC0, 0x00, 0x02, 0xF0, 0x00, 0x00, 0x1F, 0x00, 0x00,
    0x0B, 0xC0, 0x00, 0x00, 0x7C, 0x00, 0x00, 0x2F, 0x00, 0x00, 0x01, 0xF0, 0x00, 0x00, 0xBC, 0x00,
    0x00, 0x07, 0xC0, 0x00, 0x02, 0xF0, 0x00, 0x00, 0x1F, 0x00, 0x00, 0x0B, 0xC0, 0x02, 0x40, 0x7C,
    0x02, 0x00, 0x2F, 0x00, 0x0B, 0xD1, 0xF0, 0xBC, 0x00, 0xBC, 0x00, 0x0F, 0xE7, 0xDF, 0xD0, 0x02,
    0xF0, 0x00, 0x0F, 0xFF, 0xFD, 0x00, 0x0B, 0xC0, 0x00, 0x0F, 0xFF, 0xD0, 0x00, 0x2F, 0x00, 0x00,
    0x0F, 0xFE, 0x00, 0x00, 0xBC, 0x00, 0x00, 0x1F, 0xF0, 0x00, 0x02, 0xF0, 0x00, 0x00, 0x2F, 0x00,
    0x00, 0x0B, 0xC0, 0x00, 0x00, 0x38, 0x00, 0x00, 0x2F, 0x00, 0x00, 0x00, 0x00, 0x00, 0x00, 0x00,
    0x09, 0x00, 0x00, 0x00, 0x00, 0x00, 0x00, 0x00, 0x3D, 0x00, 0x00, 0x00, 0x00, 0x00, 0x00, 0x00,
    0x7D, 0x00, 0x00, 0x00, 0x00, 0x00, 0x00, 0x00, 0xFD, 0x00, 0x00, 0x00, 0x00, 0x00, 0x00, 0x00,
    0xFE, 0x00, 0x55, 0x55, 0x55, 0x55, 0x55, 0x56, 0xFF, 0x47, 0xFF, 0xFF, 0xFF, 0xFF, 0xFF, 0xFF,
    0xFF, 0x9F, 0xFF, 0xFF, 0xFF, 0xFF, 0xFF, 0xFF, 0xFD, 0x00, 0x00, 0x00, 0x00, 0x00, 0x00, 0xBF,
    0x80, 0x00, 0x00, 0x00, 0x00, 0x00, 0x07, 0xF4, 0x00, 0x00, 0x00, 0x00, 0x00, 0x00, 0x3F, 0x40,
    0x00, 0x00, 0x00, 0x00, 0x00, 0x01, 0xF4, 0x00, 0x00, 0x00, 0x00, 0x00, 0x00, 0x0F, 0x40, 0x00,
    0x00, 0x00, 0x00, 0x00, 0x00, 0x78, 0x00, 0x00, 0x00, 0x00, 0x00, 0x00, 0x00, 0xF4, 0x00, 0x00,
    0x00, 0x00, 0x00, 0x00, 0x01, 0xF4, 0x00, 0x00, 0x00, 0x00, 0x00, 0x00, 0x03, 0xF4, 0x00, 0x00,
    0x00, 0x00, 0x00, 0x00, 0x03, 0xF8, 0x01, 0x55, 0x55, 0x55, 0x55, 0x55, 0x5B, 0xFD, 0x1F, 0xFF,
    0xFF, 0xFF, 0xFF, 0xFF, 0xFF, 0xFE, 0x7F, 0xFF, 0xFF, 0xFF, 0xFF, 0xFF, 0xFF, 0xF4, 0x00, 0x00,
    0x00, 0x00, 0x00, 0x02, 0xFE, 0x00, 0x00, 0x00, 0x00, 0x00, 0x00, 0x1F, 0xD0, 0x00, 0x00, 0x00,
    0x00, 0x00, 0x00, 0xFD, 0x00, 0x00, 0x00, 0x00, 0x00, 0x00, 0x07, 0xD0, 0x00, 0x00, 0x00, 0x00,
    0x00, 0x00, 0x3D, 0x00, 0x00, 0x00, 0x00, 0x00, 0x00, 0x01, 0xE0, 0x00, 0x00, 0x00, 0x00, 0x00,
    0x00, 0x03, 0xD0, 0x00, 0x00, 0x00, 0x00, 0x00, 0x00, 0x07, 0xD0, 0x00, 0x00, 0x00, 0x00, 0x00,
    0x00, 0x0F, 0xD0, 0x00, 0x00, 0x00, 0x00, 0x00, 0x00, 0x0F, 0xE0, 0x05, 0x55, 0x55, 0x55, 0x55,
    0x55, 0x6F, 0xF4, 0x7F, 0xFF, 0xFF, 0xFF, 0xFF, 0xFF, 0xFF, 0xF9, 0xFF, 0xFF, 0xFF, 0xFF, 0xFF,
    0xFF, 0xFF, 0xD0, 0x00, 0x00, 0x00, 0x00, 0x00, 0x0B, 0xF8, 0x00, 0x00, 0x00, 0x00, 0x00, 0x00,
    0x7F, 0x40, 0x00, 0x00, 0x00, 0x00, 0x00, 0x03, 0xF4, 0x00, 0x00, 0x00, 0x00, 0x00, 0x00, 0x1F,
    0x40, 0x00, 0x00, 0x00, 0x00, 0x00, 0x00, 0xF4, 0x00, 0x00, 0x00, 0x00, 0x00, 0x00, 0x01, 0x40,
    0x00, 0x00, 0x00, 0x90, 0x00, 0x7C, 0x00, 0x00, 0x00, 0x00, 0x0F, 0x40, 0x01, 0xF0, 0x00, 0x00,
    0x00, 0x00, 0xFC, 0x00, 0x07, 0xC0, 0x00, 0x00, 0x00, 0x0F, 0xC0, 0x00, 0x1F, 0x00, 0x00, 0x00,
    0x01, 0xFE, 0x00, 0x00, 0x7C, 0x00, 0x00, 0x00, 0x2F, 0xF5, 0x55, 0x56, 0xF5, 0x55, 0x55, 0x43,
    0xFF, 0xFF, 0xFF, 0xFF, 0xFF, 0xFF, 0xFF, 0x8F, 0xFF, 0xFF, 0xFF, 0xFF, 0xFF, 0xFF, 0xFE, 0x07,
    0xFC, 0x00, 0x00, 0x7C, 0x00, 0x00, 0x00, 0x03, 0xF8, 0x00, 0x01, 0xF0, 0x00, 0x00, 0x00, 0x03,
    0xF4, 0x00, 0x07, 0xC0, 0x00, 0x00, 0x00, 0x03, 0xF0, 0x00, 0x1F, 0x00, 0x00, 0x00, 0x00, 0x03,
    0xD0, 0x00, 0x7C, 0x00, 0x00, 0x00, 0x00, 0x01, 0x40, 0x00, 0x00, 0x00, 0x00, 0x00, 0x00, 0x00,
    0x00, 0x64, 0x00, 0x09, 0x00, 0x00, 0x00, 0x00, 0x02, 0xE0, 0x00, 0x3D, 0x00, 0x00, 0x00, 0x00,
    0x0B, 0x80, 0x00, 0x7D, 0x00, 0x00, 0x00, 0x00, 0x2E, 0x00, 0x00, 0xFD, 0x00, 0x00, 0x00, 0x00,
    0xB8, 0x00, 0x00, 0xFE, 0x00, 0x55, 0x55, 0x57, 0xF5, 0x55, 0x56, 0xFF, 0x47, 0xFF, 0xFF, 0xFF,
    0xFF, 0xFF, 0xFF, 0xFF, 0x9F, 0xFF, 0xFF, 0xFF, 0xFF, 0xFF, 0xFF, 0xFD, 0x00, 0x00, 0x00, 0xB8,
    0x00, 0x00, 0xBF, 0x80, 0x00, 0x00, 0x02, 0xE0, 0x00, 0x07, 0xF4, 0x00, 0x00, 0x00, 0x0B, 0x80,
    0x00, 0x3F, 0x40, 0x00, 0x00, 0x00, 0x2E, 0x00, 0x01, 0xF4, 0x00, 0x00, 0x00, 0x00, 0xB8, 0x00,
    0x0F, 0x40, 0x00, 0x00, 0x00, 0x01, 0x50, 0x00, 0x14, 0x00, 0x00, 0x00, 0x00, 0x90, 0x00, 0xBC,
    0x00, 0x09, 0x00, 0x00, 0x00, 0x0F, 0x40, 0x02, 0xF0, 0x00, 0x3D, 0x00, 0x00, 0x00, 0xFC, 0x00,
    0x0B, 0xC0, 0x00, 0xBD, 0x00, 0x00, 0x0F, 0xC0, 0x00, 0x2F, 0x00, 0x00, 0xFD, 0x00, 0x01, 0xFE,
    0x00, 0x00, 0xBC, 0x00, 0x01, 0xFE, 0x00, 0x2F, 0xF5, 0x55, 0x57, 0xF5, 0x55, 0x57, 0xFF, 0x43,
    0xFF, 0xFF, 0xFF, 0xFF, 0xFF, 0xFF, 0xFF, 0xFF, 0x4F, 0xFF, 0xFF, 0xFF, 0xFF, 0xFF, 0xFF, 0xFF,
    0xFD, 0x07, 0xFC, 0x00, 0x00, 0xBC, 0x00, 0x00, 0xBF, 0x80, 0x03, 0xF8, 0x00, 0x02, 0xF0, 0x00,
    0x07, 0xF4, 0x00, 0x03, 0xF4, 0x00, 0x0B, 0xC0, 0x00, 0x3F, 0x00, 0x00, 0x03, 0xF0, 0x00, 0x2F,
    0x00, 0x02, 0xF0, 0x00, 0x00, 0x03, 0xD0, 0x00, 0xBC, 0x00, 0x0F, 0x40, 0x00, 0x00, 0x01, 0x40,
    0x00, 0x00, 0x00, 0x14, 0x00, 0x00, 0x00, 0x00, 0x90, 0x0B, 0xC0, 0xF0, 0x00, 0x00, 0x00, 0x0F,
    0x40, 0x2F, 0x03, 0xC0, 0x00, 0x00, 0x00, 0xFC, 0x00, 0xBC, 0x0F, 0x00, 0x00, 0x00, 0x0F, 0xC0,
    0x02, 0xF0, 0x3C, 0x00, 0x00, 0x01, 0xFE, 0x00, 0x0B, 0xC0, 0xF0, 0x00, 0x00, 0x2F, 0xF5, 0x55,
    0x7F, 0x5B, 0xD5, 0x55, 0x43, 0xFF, 0xFF, 0xFF, 0xFF, 0xFF, 0xFF, 0xFF, 0x8F, 0xFF, 0xFF, 0xFF,
    0xFF, 0xFF, 0xFF, 0xFE, 0x07, 0xFC, 0x00, 0x0B, 0xC0, 0xF0, 0x00, 0x00, 0x03, 0xF8, 0x00, 0x2F,
    0x03, 0xC0, 0x00, 0x00, 0x03, 0xF4, 0x00, 0xBC, 0x0F, 0x00, 0x00, 0x00, 0x03, 0xF0, 0x02, 0xF0,
    0x3C, 0x00, 0x00, 0x00, 0x03, 0xD0, 0x0B, 0xC0, 0xF0, 0x00, 0x00, 0x00, 0x01, 0x40, 0x00, 0x00,
    0x00, 0x00, 0x00, 0x00, 0x00, 0x19, 0x02, 0x40, 0x09, 0x00, 0x00, 0x00, 0x00, 0xB8, 0x1F, 0x00,
    0x3D, 0x00, 0x00, 0x00, 0x02, 0xE0, 0x7C, 0x00, 0x7D, 0x00, 0x00, 0x00, 0x0B, 0x81, 0xF0, 0x00,
    0xFD, 0x00, 0x00, 0x00, 0x2E, 0x07, 0xC0, 0x00, 0xFE, 0x00, 0x55, 0x55, 0xF9, 0x6F, 0x55, 0x56,
    0xFF, 0x47, 0xFF, 0xFF, 0xFF, 0xFF, 0xFF, 0xFF, 0xFF, 0x9F, 0xFF, 0xFF, 0xFF, 0xFF, 0xFF, 0xFF,
    0xFD, 0x00, 0x00, 0x2E, 0x07, 0xC0, 0x00, 0xBF, 0x80, 0x00, 0x00, 0xB8, 0x1F, 0x00, 0x07, 0xF4,
    0x00, 0x00, 0x02, 0xE0, 0x7C, 0x00, 0x3F, 0x40, 0x00, 0x00, 0x0B, 0x81, 0xF0, 0x01, 0xF4, 0x00,
    0x00, 0x00, 0x2E, 0x07, 0xC0, 0x0F, 0x40, 0x00, 0x00, 0x00, 0x54, 0x05, 0x00, 0x14, 0x00, 0x00,
    0x00, 0x00, 0x90, 0x0F, 0x42, 0xF0, 0x09, 0x00, 0x00, 0x00, 0x0F, 0x40, 0x3D, 0x0B, 0xC0, 0x3D,
    0x00, 0x00, 0x00, 0xFC, 0x00, 0xF4, 0x2F, 0x00, 0xBD, 0x00, 0x00, 0x0F, 0xC0, 0x03, 0xD0, 0xBC,
    0x00, 0xFD, 0x00, 0x01, 0xFE, 0x00, 0x0F, 0x42, 0xF0, 0x01, 0xFE, 0x00, 0x2F, 0xF5, 0x55, 0x7F,
    0x5F, 0xD5, 0x57, 0xFF, 0x43, 0xFF, 0xFF, 0xFF, 0xFF, 0xFF, 0xFF, 0xFF, 0xFF, 0x4F, 0xFF, 0xFF,
    0xFF, 0xFF, 0xFF, 0xFF, 0xFF, 0xFD, 0x07, 0xFC, 0x00, 0x0F, 0x42, 0xF0, 0x00, 0xBF, 0x80, 0x03,
    0xF8, 0x00, 0x3D, 0x0B, 0xC0, 0x07, 0xF4, 0x00, 0x03, 0xF4, 0x00, 0xF4, 0x2F, 0x00, 0x3F, 0x00,
    0x00, 0x03, 0xF0, 0x03, 0xD0, 0xBC, 0x02, 0xF0, 0x00, 0x00, 0x03, 0xD0, 0x0F, 0x42, 0xF0, 0x0F,
    0x40, 0x00, 0x00, 0x01, 0x40, 0x00, 0x00, 0x00, 0x14, 0x00, 0x00, 0x00, 0x00, 0x00, 0x00, 0x00,
    0x00, 0x00, 0x00, 0x00, 0x07, 0x00, 0x00, 0x00, 0x00, 0x00, 0x00, 0x00, 0xBC, 0x00, 0x00, 0x00,
    0x00, 0x00, 0x00, 0x0F, 0xF0, 0x00, 0x00, 0x00, 0x00, 0x00, 0x01, 0xFF, 0xC0, 0x00, 0x00, 0x00,
    0x00, 0x00, 0x2F, 0xEF, 0x55, 0x55, 0x55, 0x55, 0x55, 0x53, 0xFC, 0x3F, 0xFF, 0xFF, 0xFF, 0xFF,
    0xFF, 0x87, 0xF4, 0xFF, 0xFF, 0xFF, 0xFF, 0xFF, 0xFE, 0x03, 0xFF, 0xC0, 0x00, 0x00, 0x00, 0x00,
    0x00, 0x02, 0xFF, 0x00, 0x00, 0x00, 0x00, 0x00, 0x00, 0x01, 0xFC, 0x00, 0x00, 0x00, 0x00, 0x00,
    0x00, 0x00, 0xF0, 0x00, 0x00, 0x00, 0x00, 0x00, 0x00, 0x00, 0x80, 0x00, 0x00, 0x00, 0x00, 0x00,
    0x00, 0x00, 0x00, 0x00, 0x00, 0x00, 0x00, 0x00, 0x00, 0x00, 0x00, 0x00, 0x00, 0x04, 0x00, 0x00,
    0x00, 0x00, 0x00, 0x00, 0x00, 0x38, 0x00, 0x00, 0x00, 0x00, 0x00, 0x00, 0x00, 0xFC, 0x00, 0x00,
    0x00, 0x00, 0x00, 0x00, 0x03, 0xFD, 0x00, 0x00, 0x00, 0x00, 0x00, 0x00, 0x0F, 0xFE, 0x00, 0x55,
    0x55, 0x55, 0x55, 0x55, 0x7E, 0xFF, 0x07, 0xFF, 0xFF, 0xFF, 0xFF, 0xFF, 0xF8, 0xBF, 0x5F, 0xFF,
    0xFF, 0xFF, 0xFF, 0xFF, 0xE3, 0xF8, 0x00, 0x00, 0x00, 0x00, 0x00, 0x0F, 0xFF, 0x40, 0x00, 0x00,
    0x00, 0x00, 0x00, 0x3F, 0xF4, 0x00, 0x00, 0x00, 0x00, 0x00, 0x00, 0xFF, 0x00, 0x00, 0x00, 0x00,
    0x00, 0x00, 0x03, 0xE0, 0x00, 0x00, 0x00, 0x00, 0x00, 0x00, 0x09, 0x00, 0x00, 0x00, 0x00, 0x00,
    0x00, 0x00, 0x00, 0x00, 0x00, 0x00, 0x00, 0x00, 0x00, 0x00, 0x00, 0x00, 0x00, 0x00, 0x00, 0x00,
    0x1C, 0x00, 0x00, 0x00, 0x00, 0x03, 0x40, 0x00, 0x00, 0x0B, 0xC0, 0x00, 0x00, 0x00, 0x00, 0x3E,
    0x00, 0x00, 0x03, 0xFC, 0x00, 0x00, 0x00, 0x00, 0x03, 0xFC, 0x00, 0x01, 0xFF, 0xC0, 0x00, 0x00,
    0x00, 0x00, 0x3F, 0xF4, 0x00, 0xBF, 0xBF, 0xFF, 0xFF, 0xFF, 0xFF, 0xFF, 0xDF, 0xE0, 0x3F, 0xC3,
    0xFF, 0xFF, 0xFF, 0xFF, 0xFF, 0xFC, 0x3F, 0x81, 0xFD, 0x3F, 0xFF, 0xFF, 0xFF, 0xFF, 0xFF, 0xCB,
    0xF4, 0x03, 0xFF, 0xC0, 0x00, 0x00, 0x00, 0x00, 0x3F, 0xFC, 0x00, 0x0B, 0xFC, 0x00, 0x00, 0x00,
    0x00, 0x03, 0xFE, 0x00, 0x00, 0x1F, 0xC0, 0x00, 0x00, 0x00, 0x00, 0x3F, 0x40, 0x00, 0x00, 0x3C,
    0x00, 0x00, 0x00, 0x00, 0x03, 0xC0, 0x00, 0x00, 0x00, 0x80, 0x00, 0x00, 0x00, 0x00, 0x20, 0x00,
    0x00, 0x00, 0x00, 0x00, 0x00, 0x00, 0x00, 0x00, 0x00, 0x00, 0x3F, 0x00, 0x00, 0x00, 0x07, 0xF0,
    0xBD, 0x00, 0x00, 0x00, 0x2F, 0x41, 0xFC, 0x00, 0x00, 0x00, 0xFC, 0x03, 0xF0, 0x00, 0x00, 0x07,
    0xE0, 0x0B, 0xE0, 0x00, 0x00, 0x3F, 0x40, 0x0F, 0xC0, 0x00, 0x01, 0xFC, 0x00, 0x2F, 0x40, 0x00,
    0x0B, 0xD0, 0x00, 0x7F, 0xAA, 0xAA, 0xBF, 0x00, 0x00, 0xFF, 0xFF, 0xFF, 0xF8, 0x00, 0x02, 0xFF,
    0xFF, 0xFF, 0xD0, 0x00, 0x03, 0xF0, 0x00, 0x3F, 0x00, 0x00, 0x0F, 0xC0, 0x01, 0xF4, 0x00, 0x00,
    0x1F, 0x80, 0x0F, 0xC0, 0x00, 0x00, 0x3F, 0x00, 0x3E, 0x00, 0x00, 0x00, 0xBC, 0x02, 0xF4, 0x00,
    0x00, 0x00, 0xF8, 0x0F, 0xC0, 0x00, 0x00, 0x03, 0xF0, 0x7D, 0x00, 0x00, 0x00, 0x07, 0xD2, 0xF0,
    0x00, 0x00, 0x00, 0x0F, 0x8F, 0x80, 0x00, 0x00, 0x00, 0x2F, 0x7D, 0x00, 0x00, 0x00, 0x00, 0x3F,
    0xF0, 0x00, 0x00, 0x00, 0x00, 0xFF, 0x40, 0x00, 0x00, 0x00, 0x01, 0xFC, 0x00, 0x00, 0x00, 0x00,
    0x01, 0x50, 0x00, 0x00, 0x00, 0x15, 0x00, 0x02, 0xFF, 0xD0, 0x0F, 0xFF, 0xF0, 0x1F, 0x81, 0xFC,
    0x3F, 0x00, 0xBC, 0x3E, 0x00, 0x7D, 0x3D, 0x00, 0x3D, 0x7D, 0x00, 0x3E, 0x7D, 0x00, 0x00, 0x7D,
    0x00, 0x00, 0x7D, 0x00, 0x00, 0x7D, 0x00, 0x00, 0x7D, 0x00, 0x00, 0x7D, 0x00, 0x00, 0x7D, 0x00,
    0x00, 0x7D, 0x00, 0x00, 0x7D, 0x00, 0x00, 0x7D, 0x00, 0x29, 0x7D, 0x00, 0x3D, 0x3E, 0x00, 0x3D,
    0x3F, 0x00, 0x7C, 0x2F, 0x40, 0xFC, 0x1F, 0xEB, 0xF4, 0x0B, 0xFF, 0xE0, 0x01, 0xFF, 0x40, 0x00,
    0xBF, 0xD0, 0x00, 0x0B, 0xFF, 0xFC, 0x00, 0x2F, 0xEA, 0xFF, 0x00, 0x1E, 0x00, 0x3F, 0xC0, 0x04,
    0x00, 0x0F, 0xD0, 0x00, 0x00, 0x07, 0xF0, 0x00, 0x00, 0x03, 0xF0, 0x00, 0x01, 0x42, 0xF4, 0x00,
    0x7F, 0xF9, 0xF8, 0x02, 0xFE, 0xBF, 0xFC, 0x0B, 0xE0, 0x07, 0xFC, 0x1F, 0x80, 0x01, 0xFC, 0x3F,
    0x00, 0x00, 0xFC, 0x3F, 0x00, 0x00, 0xFC, 0x7E, 0x00, 0x00, 0xFC, 0x7D, 0x00, 0x00, 0xFC, 0x7D,
    0x00, 0x00, 0xFC, 0x7E, 0x00, 0x01, 0xF8, 0x3E, 0x00, 0x02, 0xF4, 0x3F, 0x00, 0x07, 0xF0, 0x1F,
    0x80, 0x0F, 0xD0, 0x0F, 0xF9, 0xBF, 0x80, 0x03, 0xFF, 0xFE, 0x00, 0x00, 0x7F, 0xE0, 0x00, 0x2A,
    0xAA, 0xAA, 0xAA, 0x0F, 0xFF, 0xFF, 0xFF, 0xD3, 0xFF, 0xFF, 0xFF, 0xF4, 0x00, 0x00, 0x00, 0x7D,
    0x00, 0x00, 0x00, 0x1F, 0x40, 0x00, 0x00, 0x07, 0xD0, 0x00, 0x00, 0x01, 0xF4, 0x00, 0x00, 0x00,
    0x7D, 0x00, 0x00, 0x00, 0x1F, 0x40, 0x00, 0x00, 0x07, 0xD0, 0xAA, 0xAA, 0xAB, 0xF4, 0x7F, 0xFF,
    0xFF, 0xFD, 0x1F, 0xFF, 0xFF, 0xFF, 0x40, 0x00, 0x00, 0x07, 0xD0, 0x00, 0x00, 0x01, 0xF4, 0x00,
    0x00, 0x00, 0x7D, 0x00, 0x00, 0x00, 0x1F, 0x40, 0x00, 0x00, 0x07, 0xD0, 0x00, 0x00, 0x01, 0xF4,
    0x00, 0x00, 0x00, 0x7D, 0x00, 0x00, 0x00, 0x1F, 0x4A, 0xAA, 0xAA, 0xAF, 0xD7, 0xFF, 0xFF, 0xFF,
    0xF5, 0xFF, 0xFF, 0xFF, 0xFD, 0x00, 0x00, 0x01, 0x00, 0x00, 0x00, 0x00, 0xF0, 0x00, 0x00, 0x00,
    0x7C, 0x00, 0xAA, 0xAA, 0xBF, 0xA8, 0x3F, 0xFF, 0xFF, 0xFF, 0x4F, 0xFF, 0xFF, 0xFF, 0xD0, 0x00,
    0x01, 0xE1, 0xF4, 0x00, 0x00, 0xB4, 0x7D, 0x00, 0x00, 0x3C, 0x1F, 0x40, 0x00, 0x1F, 0x07, 0xD0,
    0x00, 0x0B, 0x81, 0xF4, 0x00, 0x03, 0xD0, 0x7D, 0x00, 0x00, 0xF0, 0x1F, 0x42, 0xAA, 0xBE, 0xAF,
    0xD1, 0xFF, 0xFF, 0xFF, 0xF4, 0x7F, 0xFF, 0xFF, 0xFD, 0x00, 0x03, 0xC0, 0x1F, 0x40, 0x01, 0xF0,
    0x07, 0xD0, 0x00, 0xB8, 0x01, 0xF4, 0x00, 0x3D, 0x00, 0x7D, 0x00, 0x0F, 0x00, 0x1F, 0x40, 0x07,
    0xC0, 0x07, 0xD0, 0x02, 0xE0, 0x01, 0xF4, 0x00, 0xF4, 0x00, 0x7D, 0x2A, 0xBE, 0xAA, 0xBF, 0x5F,
    0xFF, 0xFF, 0xFF, 0xD7, 0xFF, 0xFF, 0xFF, 0xF4, 0x03, 0xC0, 0x00, 0x00, 0x01, 0xF0, 0x00, 0x00,
    0x00, 0x14, 0x00, 0x00, 0x00, 0x00, 0x00, 0x00, 0x50, 0x00, 0x00, 0x00, 0x00, 0x2F, 0xFF, 0xE4,
    0x01, 0xD0, 0x00, 0xBF, 0xFF, 0xFF, 0xC1, 0xF8, 0x00, 0xFF, 0x90, 0x07, 0xFE, 0xF8, 0x00, 0xFE,
    0x00, 0x00, 0x1F, 0xF8, 0x00, 0xFD, 0x00, 0x00, 0x01, 0xFD, 0x00, 0x7D, 0x00, 0x00, 0x01, 0xFF,
    0xC0, 0x3E, 0x00, 0x00, 0x01, 0xF8, 0xF8, 0x1F, 0x00, 0x00, 0x01, 0xF8, 0x2F, 0x0F, 0x80, 0x00,
    0x01, 0xF8, 0x03, 0xD3, 0xD0, 0x00, 0x01, 0xF8, 0x00, 0xF8, 0xF0, 0x00, 0x01, 0xF8, 0x00, 0x2F,
    0x3C, 0x00, 0x01, 0xF8, 0x00, 0x07, 0xCF, 0x00, 0x01, 0xF8, 0x00, 0x01, 0xF3, 0xC0, 0x01, 0xF8,
    0x00, 0x00, 0xBC, 0xF4, 0x01, 0xF8, 0x00, 0x00, 0x3E, 0x2F, 0x01, 0xF8, 0x00, 0x00, 0x0F, 0x47,
    0xD1, 0xF8, 0x00, 0x00, 0x0B, 0xC0, 0xFD, 0xF8, 0x00, 0x00, 0x07, 0xE0, 0x1F, 0xF8, 0x00, 0x00,
    0x03, 0xF0, 0x02, 0xFC, 0x00, 0x00, 0x03, 0xF0, 0x01, 0xFF, 0xD0, 0x00, 0x0B, 0xF4, 0x01, 0xF9,
    0xFF, 0x95, 0xBF, 0xF0, 0x00, 0xF8, 0x0B, 0xFF, 0xFF, 0xE0, 0x00, 0x18, 0x00, 0x2F, 0xFE, 0x40,
    0x00, 0x00, 0x00, 0x00, 0x00, 0x00, 0x00, 0x00, 0x00, 0x00, 0x68, 0x00, 0x00, 0x00, 0x07, 0xF4,
    0x00, 0x00, 0x00, 0x2F, 0xE0, 0x00, 0x00, 0x00, 0xFF, 0xC0, 0x00, 0x00, 0x07, 0xEF, 0x40, 0x00,
    0x00, 0x2F, 0x3F, 0x00, 0x00, 0x00, 0xFC, 0xFC, 0x00, 0x00, 0x07, 0xE1, 0xF4, 0x00, 0x00, 0x2F,
    0x03, 0xF0, 0x00, 0x00, 0xFC, 0x0F, 0xC0, 0x00, 0x07, 0xE0, 0x1F, 0x40, 0x00, 0x2F, 0x00, 0x3F,
    0x00, 0x00, 0xFC, 0x00, 0xFC, 0x00, 0x07, 0xE0, 0x01, 0xF8, 0x00, 0x2F, 0x00, 0x03, 0xF0, 0x00,
    0xFC, 0x00, 0x0F, 0xC0, 0x07, 0xE0, 0x00, 0x1F, 0x80, 0x2F, 0x00, 0x00, 0x3F, 0x00, 0xFC, 0x00,
    0x00, 0xBC, 0x07, 0xD0, 0x00, 0x01, 0xF8, 0x3F, 0x00, 0x00, 0x03, 0xF0, 0xFE, 0xAA, 0xAA, 0xAF,
    0xD7, 0xFF, 0xFF, 0xFF, 0xFF, 0x9F, 0xFF, 0xFF, 0xFF, 0xFE, 0x2A, 0xAA, 0xAA, 0xAA, 0xA5, 0xFF,
    0xFF, 0xFF, 0xFF, 0xE3, 0xFF, 0xFF, 0xFF, 0xFF, 0x4F, 0xC0, 0x00, 0x00, 0xFC, 0x2F, 0x40, 0x00,
    0x03, 0xE0, 0x3F, 0x00, 0x00, 0x2F, 0x40, 0xFC, 0x00, 0x00, 0xFC, 0x02, 0xF4, 0x00, 0x03, 0xE0,
    0x03, 0xF0, 0x00, 0x2F, 0x40, 0x0F, 0xC0, 0x00, 0xFC, 0x00, 0x1F, 0x40, 0x03, 0xE0, 0x00, 0x3F,
    0x00, 0x2F, 0x40, 0x00, 0xFC, 0x00, 0xFC, 0x00, 0x01, 0xF4, 0x03, 0xE0, 0x00, 0x03, 0xF0, 0x2F,
    0x40, 0x00, 0x0F, 0xC0, 0xFC, 0x00, 0x00, 0x1F, 0x43, 0xE0, 0x00, 0x00, 0x3F, 0x1F, 0x40, 0x00,
    0x00, 0xFC, 0xFC, 0x00, 0x00, 0x01, 0xF7, 0xE0, 0x00, 0x00, 0x03, 0xFF, 0x40, 0x00, 0x00, 0x0B,
    0xFC, 0x00, 0x00, 0x00, 0x1F, 0xE0, 0x00, 0x00, 0x00, 0x3F, 0x40, 0x00, 0x00, 0x00, 0x01, 0x55,
    0x55, 0x00, 0x01, 0xFF, 0xFF, 0xFF, 0xD0, 0x07, 0xFF, 0xFF, 0xFF, 0xF4, 0x0B, 0xF9, 0x00, 0x00,
    0x00, 0x0B, 0xE0, 0x00, 0x00, 0x00, 0x03, 0xE0, 0x00, 0x00, 0x00, 0x02, 0xF0, 0x00, 0x00, 0x00,
    0x00, 0xF4, 0x00, 0x00, 0x00, 0x00, 0x3C, 0x00, 0x00, 0x00, 0x00, 0x0F, 0xFF, 0xFF, 0xFF, 0xFF,
    0xD7, 0xFF, 0xFF, 0xFF, 0xFF, 0xF4, 0xF5, 0x55, 0x55, 0x55, 0x54, 0x3D, 0x00, 0x00, 0x00, 0x00,
    0x0F, 0x80, 0x00, 0x00, 0x00, 0x02, 0xF0, 0x00, 0x00, 0x00, 0x00, 0x3F, 0x00, 0x00, 0x00, 0x00,
    0x07, 0xF4, 0x00, 0x00, 0x00, 0x00, 0x7F, 0xE5, 0x55, 0x55, 0x40, 0x02, 0xFF, 0xFF, 0xFF, 0xF4,
    0x00, 0x06, 0xFF, 0xFF, 0xFD, 0x00, 0x00, 0x00, 0x00, 0x00, 0x00, 0x00, 0x00, 0x00, 0x2D, 0x00,
    0x00, 0x00, 0x00, 0x0F, 0x00, 0x00, 0x00, 0x00, 0x07, 0xC0, 0x00, 0x00, 0x01, 0x57, 0xE5, 0x00,
    0x01, 0xFF, 0xFF, 0xFF, 0xD0, 0x07, 0xFF, 0xFF, 0xFF, 0xF4, 0x0B, 0xF9, 0x00, 0x3D, 0x00, 0x0B,
    0xE0, 0x00, 0x1F, 0x00, 0x03, 0xE0, 0x00, 0x0F, 0x80, 0x02, 0xF0, 0x00, 0x03, 0xC0, 0x00, 0xF4,
    0x00, 0x02, 0xF0, 0x00, 0x3C, 0x00, 0x00, 0xF4, 0x00, 0x0F, 0xFF, 0xFF, 0xFF, 0xFF, 0xD7, 0xFF,
    0xFF, 0xFF, 0xFF, 0xF4, 0xF5, 0x55, 0x5F, 0x55, 0x54, 0x3D, 0x00, 0x07, 0xC0, 0x00, 0x0F, 0x80,
    0x03, 0xE0, 0x00, 0x02, 0xF0, 0x00, 0xF0, 0x00, 0x00, 0x3F, 0x00, 0xBC, 0x00, 0x00, 0x07, 0xF4,
    0x3D, 0x00, 0x00, 0x00, 0x7F, 0xEF, 0x55, 0x55, 0x40, 0x02, 0xFF, 0xFF, 0xFF, 0xF4, 0x00, 0x0B,
    0xFF, 0xFF, 0xFD, 0x00, 0x01, 0xF0, 0x00, 0x00, 0x00, 0x00, 0xB8, 0x00, 0x00, 0x00, 0x00, 0x3C,
    0x00, 0x00, 0x00, 0x00, 0x01, 0x00, 0x00, 0x00, 0x00, 0x00, 0x55, 0x54, 0x00, 0x7F, 0xFF, 0xFE,
    0x03, 0xFF, 0xFF, 0xFE, 0x0F, 0xE4, 0x00, 0x00, 0x2F, 0x00, 0x00, 0x00, 0x3D, 0x00, 0x00, 0x00,
    0x3D, 0x55, 0x55, 0x54, 0x7F, 0xFF, 0xFF, 0xFE, 0x7F, 0xFF, 0xFF, 0xFE, 0x3C, 0x00, 0x00, 0x00,
    0x3E, 0x00, 0x00, 0x00, 0x1F, 0x40, 0x00, 0x00, 0x0B, 0xF9, 0x55, 0x54, 0x02, 0xFF, 0xFF, 0xFE,
    0x00, 0x2B, 0xFF, 0xFE, 0x15, 0x55, 0x50, 0x00, 0x00, 0x1F, 0xFF, 0xFF, 0xFD, 0x00, 0x07, 0xFF,
    0xFF, 0xFF, 0xF8, 0x00, 0x00, 0x00, 0x01, 0xBF, 0xC0, 0x00, 0x00, 0x00, 0x02, 0xF8, 0x00, 0x00,
    0x00, 0x00, 0x2F, 0x40, 0x00, 0x00, 0x00, 0x03, 0xF0, 0x00, 0x00, 0x00, 0x00, 0x7C, 0x00, 0x00,
    0x00, 0x00, 0x0F, 0x1F, 0xFF, 0xFF, 0xFF, 0xFF, 0xD7, 0xFF, 0xFF, 0xFF, 0xFF, 0xF4, 0x55, 0x55,
    0x55, 0x55, 0x7D, 0x00, 0x00, 0x00, 0x00, 0x1F, 0x00, 0x00, 0x00, 0x00, 0x0B, 0xC0, 0x00, 0x00,
    0x00, 0x03, 0xE0, 0x00, 0x00, 0x00, 0x03, 0xF0, 0x00, 0x00, 0x00, 0x07, 0xF4, 0x05, 0x55, 0x55,
    0x6F, 0xF4, 0x07, 0xFF, 0xFF, 0xFF, 0xF0, 0x01, 0xFF, 0xFF, 0xFE, 0x40, 0x00, 0x00, 0x00, 0x00,
    0x00, 0x00, 0x00, 0x00, 0x00, 0x1D, 0x00, 0x00, 0x00, 0x00, 0x0B, 0x80, 0x00, 0x00, 0x00, 0x03,
    0xD0, 0x00, 0x00, 0x00, 0x01, 0xF0, 0x00, 0x1F, 0xFF, 0xFF, 0xFC, 0x00, 0x07, 0xFF, 0xFF, 0xFF,
    0xF4, 0x00, 0x55, 0x55, 0x6F, 0xFF, 0x80, 0x00, 0x00, 0x0F, 0x43, 0xF8, 0x00, 0x00, 0x03, 0xC0,
    0x2F, 0x00, 0x00, 0x02, 0xE0, 0x03, 0xE0, 0x00, 0x00, 0xF4, 0x00, 0x7C, 0x00, 0x00, 0x7C, 0x00,
    0x0F, 0x1F, 0xFF, 0xFF, 0xFF, 0xFF, 0xD7, 0xFF, 0xFF, 0xFF, 0xFF, 0xF4, 0x55, 0x5B, 0xD5, 0x55,
    0x7D, 0x00, 0x03, 0xD0, 0x00, 0x1F, 0x00, 0x00, 0xF0, 0x00, 0x0B, 0xC0, 0x00, 0x7C, 0x00, 0x03,
    0xE0, 0x00, 0x3D, 0x00, 0x03, 0xF0, 0x00, 0x0F, 0x00, 0x07, 0xF8, 0x05, 0x5B, 0xD5, 0x6F, 0xF8,
    0x07, 0xFF, 0xFF, 0xFF, 0xF0, 0x01, 0xFF, 0xFF, 0xFE, 0x40, 0x00, 0x00, 0xB8, 0x00, 0x00, 0x00,
    0x00, 0x3D, 0x00, 0x00, 0x00, 0x00, 0x0F, 0x00, 0x00, 0x00, 0x00, 0x00, 0x40, 0x00, 0x00, 0x00,
    0x15, 0x55, 0x40, 0x00, 0x7F, 0xFF, 0xFE, 0x00, 0x7F, 0xFF, 0xFF, 0xD0, 0x00, 0x00, 0x07, 0xF4,
    0x00, 0x00, 0x00, 0xFC, 0x00, 0x00, 0x00, 0x3D, 0x15, 0x55, 0x55, 0x7E, 0x7F, 0xFF, 0xFF, 0xFE,
    0x7F, 0xFF, 0xFF, 0xFE, 0x00, 0x00, 0x00, 0x3E, 0x00, 0x00, 0x00, 0x7C, 0x00, 0x00, 0x01, 0xFC,
    0x15, 0x55, 0x6F, 0xF0, 0x7F, 0xFF, 0xFF, 0xC0, 0x7F, 0xFF, 0xF9, 0x00, 0x7F, 0xFF, 0xFF, 0xFE,
    0x7F, 0xFF, 0xFF, 0xFE, 0x7F, 0xFF, 0xFF, 0xFE, 0x7F, 0xFF, 0xFF, 0xFE, 0x7F, 0xFF, 0xFF, 0xFE,
    0x7F, 0xFF, 0xFF, 0xFE, 0x7F, 0xFF, 0xFF, 0xFE, 0x7F, 0xFF, 0xFF, 0xFE, 0x7F, 0xFF, 0xFF, 0xFE,
    0x7F, 0xFF, 0xFF, 0xFE, 0x7F, 0xFF, 0xFF, 0xFE, 0x7F, 0xFF, 0xFF, 0xFE, 0x7F, 0xFF, 0xFF, 0xFE,
    0x7F, 0xFF, 0xFF, 0xFE, 0x7F, 0xFF, 0xFF, 0xFE, 0x7F, 0xFF, 0xFF, 0xFE, 0x7F, 0xFF, 0xFF, 0xFE,
    0x7F, 0xFF, 0xFF, 0xFE, 0x7F, 0xFF, 0xFF, 0xFE, 0x7F, 0xFF, 0xFF, 0xFE, 0x7F, 0xFF, 0xFF, 0xFE,
    0x7F, 0xFF, 0xFF, 0xFE, 0x2A, 0xAA, 0xAA, 0xAA, 0xAA, 0xAA, 0xA9, 0x7F, 0xFF, 0xFF, 0xFF, 0xFF,
    0xFF, 0xFE, 0x17, 0xFF, 0xFF, 0xFF, 0xFF, 0xFF, 0xE4, 0x02, 0xF4, 0x00, 0x00, 0x00, 0x0F, 0xC0,
    0x02, 0xF4, 0x00, 0x00, 0x00, 0x0F, 0xC0, 0x02, 0xF4, 0x00, 0x00, 0x00, 0x0F, 0xC0, 0x02, 0xF4,
    0x00, 0x00, 0x00, 0x0F, 0xC0, 0x02, 0xF4, 0x00, 0x00, 0x00, 0x0F, 0xC0, 0x02, 0xF4, 0x00, 0x00,
    0x00, 0x0F, 0xC0, 0x02, 0xF4, 0x00, 0x00, 0x00, 0x0F, 0xC0, 0x02, 0xF4, 0x00, 0x00, 0x00, 0x0F,
    0xC0, 0x02, 0xF4, 0x00, 0x00, 0x00, 0x0F, 0xC0, 0x02, 0xF4, 0x00, 0x00, 0x00, 0x0F, 0xC0, 0x02,
    0xF4, 0x00, 0x00, 0x00, 0x0F, 0xC0, 0x02, 0xF4, 0x00, 0x00, 0x00, 0x0F, 0xC0, 0x02, 0xF4, 0x00,
    0x00, 0x00, 0x0F, 0xC0, 0x02, 0xF4, 0x00, 0x00, 0x00, 0x0F, 0xC0, 0x02, 0xF4, 0x00, 0x00, 0x00,
    0x0F, 0xC0, 0x02, 0xF4, 0x00, 0x00, 0x00, 0x0F, 0xC0, 0x02, 0xF4, 0x00, 0x00, 0x00, 0x0F, 0xC0,
    0x02, 0xF4, 0x00, 0x00, 0x00, 0x0F, 0xC0, 0x02, 0xF4, 0x00, 0x00, 0x00, 0x0F, 0xC0, 0x02, 0xF4,
    0x00, 0x00, 0x00, 0x0F, 0xC0, 0x02, 0xF4, 0x00, 0x00, 0x00, 0x0F, 0xC0, 0x02, 0xF4, 0x00, 0x00,
    0x00, 0x0F, 0xC0, 0x02, 0xF4, 0x00, 0x00, 0x00, 0x0F, 0xC0, 0x02, 0xF4, 0x00, 0x00, 0x00, 0x0F,
    0xC0, 0x02, 0xF4, 0x00, 0x00, 0x00, 0x0F, 0xC0, 0x02, 0xF4, 0x00, 0x00, 0x00, 0x0F, 0xC0, 0x02,
    0xF4, 0x00, 0x00, 0x00, 0x0F, 0xC0, 0x02, 0xF4, 0x00, 0x00, 0x00, 0x0F, 0xC0, 0x02, 0xF4, 0x00,
    0x00, 0x00, 0x0F, 0xC0, 0x01, 0xA0, 0x00, 0x00, 0x00, 0x0A, 0x40, 0x02, 0xF4, 0x00, 0x00, 0x00,
    0x0F, 0xC0, 0x02, 0xF4, 0x00, 0x00, 0x00, 0x0F, 0xC0, 0x02, 0xF4, 0x00, 0x00, 0x00, 0x0F, 0xC0,
    0x02, 0xF4, 0x00, 0x00, 0x00, 0x0F, 0xC0, 0x02, 0xF4, 0x00, 0x00, 0x00, 0x0F, 0xC0, 0x02, 0xF4,
    0x00, 0x00, 0x00, 0x0F, 0xC0, 0x02, 0xF4, 0x00, 0x00, 0x00, 0x0F, 0xC0, 0x02, 0xF4, 0x00, 0x00,
    0x00, 0x0F, 0xC0, 0x02, 0xF4, 0x00, 0x00, 0x00, 0x0F, 0xC0, 0x02, 0xF4, 0x00, 0x00, 0x00, 0x0F,
    0xC0, 0x02, 0xF4, 0x00, 0x00, 0x00, 0x0F, 0xC0, 0x02, 0xF4, 0x00, 0x00, 0x00, 0x0F, 0xC0, 0x02,
    0xF4, 0x00, 0x00, 0x00, 0x0F, 0xC0, 0x02, 0xF4, 0x00, 0x00, 0x00, 0x0F, 0xC0, 0x02, 0xF4, 0x00,
    0x00, 0x00, 0x0F, 0xC0, 0x02, 0xF4, 0x00, 0x00, 0x00, 0x0F, 0xC0, 0x02, 0xF4, 0x00, 0x00, 0x00,
    0x0F, 0xC0, 0x02, 0xF4, 0x00, 0x00, 0x00, 0x0F, 0xC0, 0x02, 0xF4, 0x00, 0x00, 0x00, 0x0F, 0xC0,
    0x02, 0xF4, 0x00, 0x00, 0x00, 0x0F, 0xC0, 0x02, 0xF4, 0x00, 0x00, 0x00, 0x0F, 0xC0, 0x02, 0xF4,
    0x00, 0x00, 0x00, 0x0F, 0xC0, 0x02, 0xF4, 0x00, 0x00, 0x00, 0x0F, 0xC0, 0x02, 0xF4, 0x00, 0x00,
    0x00, 0x0F, 0xC0, 0x02, 0xF4, 0x00, 0x00, 0x00, 0x0F, 0xC0, 0x02, 0xF4, 0x00, 0x00, 0x00, 0x0F,
    0xC0, 0x02, 0xF4, 0x00, 0x00, 0x00, 0x0F, 0xC0, 0x02, 0xF4, 0x00, 0x00, 0x00, 0x0F, 0xC0, 0x02,
    0xFE, 0xAA, 0xAA, 0xAA, 0xAF, 0xC0, 0x3F, 0xFF, 0xFF, 0xFF, 0xFF, 0xFF, 0xFD, 0x7F, 0xFF, 0xFF,
    0xFF, 0xFF, 0xFF, 0xFE, 0x2A, 0xAA, 0xAA, 0xAA, 0xAA, 0xAA, 0x03, 0xFF, 0xFF, 0xFF, 0xFF, 0xFF,
    0xF4, 0x3F, 0xFF, 0xFF, 0xFF, 0xFF, 0xFF, 0x40, 0xFD, 0x00, 0x00, 0x00, 0x00, 0x00, 0x03, 0xF0,
    0x00, 0x00, 0x00, 0x00, 0x00, 0x1F, 0xC0, 0x00, 0x00, 0x00, 0x00, 0x00, 0x7F, 0x00, 0x00, 0x00,
    0x00, 0x00, 0x02, 0xFC, 0x00, 0x00, 0x00, 0x00, 0x00, 0x0B, 0xE0, 0x00, 0x00, 0x00, 0x00, 0x00,
    0x3F, 0x80, 0x00, 0x00, 0x00, 0x00, 0x00, 0xFE, 0x00, 0x00, 0x00, 0x00, 0x00, 0x03, 0xF4, 0x00,
    0x00, 0x00, 0x00, 0x00, 0x0F, 0xD0, 0x00, 0x00, 0x00, 0x00, 0x00, 0x7F, 0x40, 0x00, 0x00, 0x00,
    0x00, 0x01, 0xFC, 0x00, 0x00, 0x00, 0x00, 0x00, 0x0B, 0xE0, 0x00, 0x00, 0x00, 0x00, 0x01, 0xFC,
    0x00, 0x00, 0x00, 0x00, 0x00, 0x3F, 0x00, 0x00, 0x00, 0x00, 0x00, 0x0F, 0xD0, 0x00, 0x00, 0x00,
    0x00, 0x03, 0xF8, 0x00, 0x00, 0x00, 0x00, 0x00, 0xBE, 0x00, 0x00, 0x00, 0x00, 0x00, 0x1F, 0xC0,
    0x00, 0x00, 0x00, 0x00, 0x03, 0xF0, 0x00, 0x00, 0x00, 0x00, 0x00, 0xFD, 0x00, 0x00, 0x00, 0x00,
    0x00, 0x3F, 0x40, 0x00, 0x00, 0x00, 0x00, 0x0B, 0xE0, 0x00, 0x00, 0x00, 0x00, 0x01, 0xFC, 0x00,
    0x00, 0x00, 0x00, 0x00, 0x3F, 0x00, 0x00, 0x00, 0x00, 0x00, 0x0F, 0xC0, 0x00, 0x00, 0x00, 0x00,
    0x03, 0xFE, 0xAA, 0xAA, 0xAA, 0xAA, 0xA8, 0x7F, 0xFF, 0xFF, 0xFF, 0xFF, 0xFF, 0xD7, 0xFF, 0xFF,
    0xFF, 0xFF, 0xFF, 0xFD, 0x05, 0x55, 0x42, 0xFF, 0xFC, 0x3F, 0xFF, 0xC1, 0x55, 0x54, 0x7F, 0xFF,
    0xFF, 0xFF, 0x1F, 0xFF, 0xFF, 0xFF, 0xC1, 0x55, 0x7F, 0x55, 0x50, 0x00, 0x0F, 0x80, 0x00, 0x00,
    0x03, 0xE0, 0x00, 0x00, 0x00, 0xF8, 0x00, 0x01, 0x55, 0x7F, 0x55, 0x51, 0xFF, 0xFF, 0xFF, 0xFC,
    0x7F, 0xFF, 0xFF, 0xFF, 0x00, 0x00, 0xF8, 0x00, 0x00, 0x00, 0x3E, 0x00, 0x00, 0x00, 0x0F, 0x80,
    0x00, 0x00, 0x03, 0xE0, 0x00, 0x00, 0x00, 0xF8, 0x00, 0x00, 0x00, 0x3E, 0x00, 0x00, 0x00, 0x0B,
    0x80, 0x00, 0x00, 0x02, 0xE0, 0x00, 0x00, 0x01, 0xFC, 0x00, 0x00, 0x00, 0x7F, 0x00, 0x00, 0x00,
    0x0B, 0x80, 0x00, 0x00, 0x00, 0x00, 0x00, 0x00, 0x00, 0x64, 0x00, 0x00, 0x00, 0x3E, 0x00, 0x00,
    0x00, 0x0F, 0x80, 0x00, 0x00, 0x03, 0xE0, 0x00, 0x00, 0x00, 0xF8, 0x00, 0x00, 0x00, 0x3E, 0x00,
    0x00, 0x00, 0x0F, 0x80, 0x00, 0x15, 0x57, 0xF5, 0x55, 0x1F, 0xFF, 0xFF, 0xFF, 0xC7, 0xFF, 0xFF,
    0xFF, 0xF0, 0x00, 0x0F, 0x80, 0x00, 0x00, 0x03, 0xE0, 0x00, 0x00, 0x00, 0xF8, 0x00, 0x00, 0x00,
    0x3E, 0x00, 0x00, 0x00, 0x0F, 0x80, 0x00, 0x00, 0x03, 0xE0, 0x00, 0x00, 0x00, 0xB8, 0x00, 0x00,
    0x00, 0x00, 0xF4, 0x00, 0x03, 0xC0, 0x00, 0x1F, 0x00, 0x00, 0xB8, 0x00, 0x03, 0xD0, 0x00, 0x0F,
    0x00, 0x00, 0x7C, 0x00, 0x02, 0xE0, 0x00, 0x0F, 0x40, 0x00, 0x3C, 0x00, 0x01, 0xF0, 0x00, 0x0B,
    0x80, 0x00, 0x3D, 0x00, 0x01, 0xF0, 0x00, 0x0B, 0xC0, 0x00, 0x3E, 0x00, 0x00, 0xF4, 0x00, 0x07,
    0xC0, 0x00, 0x2F, 0x00, 0x00, 0xF8, 0x00, 0x03, 0xD0, 0x00, 0x1F, 0x00, 0x00, 0xB8, 0x00, 0x03,
    0xD0, 0x00, 0x0F, 0x00, 0x00, 0x7C, 0x00, 0x02, 0xE0, 0x00, 0x0F, 0x40, 0x00, 0x3C, 0x00, 0x00,
    0x3C, 0x00, 0x00, 0xF4, 0x00, 0x02, 0xE0, 0x00, 0x07, 0xC0, 0x00, 0x0F, 0x00, 0x00, 0x3D, 0x00,
    0x00, 0xB8, 0x00, 0x01, 0xF0, 0x00, 0x03, 0xD0, 0x00, 0x0F, 0x80, 0x00, 0x2F, 0x00, 0x00, 0x7C,
    0x00, 0x00, 0xF4, 0x00, 0x03, 0xE0, 0x00, 0x0B, 0xC0, 0x00, 0x1F, 0x00, 0x00, 0x3D, 0x00, 0x00,
    0xB8, 0x00, 0x01, 0xF0, 0x00, 0x03, 0xC0, 0x00, 0x0F, 0x40, 0x00, 0x2E, 0x00, 0x00, 0x7C, 0x00,
    0x00, 0xF0, 0x00, 0x03, 0xD0, 0x00, 0x0B, 0x80, 0x00, 0x1F, 0x00, 0x00, 0x3C, 0x00, 0x00, 0xF4,
    0x00, 0x2E, 0x00, 0x00, 0x0B, 0x80, 0x01, 0x82, 0xE0, 0x90, 0xFD, 0xB9, 0xFC, 0x1F, 0xFF, 0xFD,
    0x00, 0xBF, 0xF8, 0x00, 0x1F, 0xFD, 0x00, 0x7F, 0xFF, 0xF4, 0x3F, 0x6E, 0x7F, 0x06, 0x0B, 0x82,
    0x40, 0x02, 0xE0, 0x00, 0x00, 0xB8, 0x00, 0x00, 0x00, 0x00, 0x2F, 0xE0, 0x0F, 0xFF, 0xC3, 0xF0,
    0x7D, 0x3C, 0x01, 0xF7, 0xC0, 0x0F, 0x3C, 0x02, 0xF3, 0xF4, 0x7D, 0x0F, 0xFF, 0x80, 0x2F, 0xD0,
    0x00, 0x00, 0x3F, 0x83, 0xFF, 0x8F, 0xFF, 0x3F, 0xFC, 0xFF, 0xD0, 0xBD, 0x00, 0x00, 0x00, 0x00,
    0x00, 0x00, 0x60, 0x00, 0x00, 0x00, 0x00, 0x07, 0xC0, 0x00, 0x00, 0x00, 0x00, 0x2E, 0x00, 0x00,
    0x00, 0x00, 0x00, 0xF4, 0x00, 0x00, 0x00, 0x00, 0x07, 0xC0, 0x00, 0x00, 0x00, 0x00, 0x2E, 0x00,
    0x00, 0x00, 0x00, 0x00, 0xF4, 0x00, 0x00, 0x00, 0x00, 0x07, 0xC0, 0x00, 0x00, 0x00, 0x00, 0x2E,
    0x00, 0x00, 0x00, 0x00, 0x00, 0xF4, 0x00, 0x00, 0x00, 0x00, 0x07, 0xC0, 0x00, 0x00, 0x00, 0x00,
    0x3E, 0x00, 0x00, 0x00, 0x00, 0x00, 0xF0, 0x00, 0x00, 0x00, 0x00, 0x0B, 0xC0, 0x00, 0x00, 0x00,
    0x00, 0x3E, 0x00, 0x00, 0x00, 0x00, 0x00, 0xF0, 0x00, 0x00, 0x00, 0x00, 0x0B, 0xC0, 0x00, 0x00,
    0x00, 0x00, 0x3D, 0x00, 0x00, 0x00, 0x00, 0x01, 0xF0, 0x00, 0x00, 0x00, 0x00, 0x0B, 0xC0, 0x00,
    0x15, 0x40, 0x00, 0x3D, 0x00, 0x01, 0xFF, 0x80, 0x01, 0xF0, 0x00, 0x07, 0xFF, 0x00, 0x0B, 0x80,
    0x00, 0x00, 0x3D, 0x00, 0x3D, 0x00, 0x00, 0x00, 0xF8, 0x01, 0xF0, 0x00, 0x00, 0x02, 0xF0, 0x0B,
    0x80, 0x00, 0x00, 0x03, 0xD0, 0x3D, 0x00, 0x00, 0x00, 0x0F, 0x81, 0xF0, 0x00, 0x00, 0x00, 0x1F,
    0x0F, 0x80, 0x00, 0x00, 0x00, 0x3D, 0x3D, 0x00, 0x00, 0x00, 0x00, 0xBE, 0xF0, 0x00, 0x00, 0x00,
    0x01, 0xFF, 0x80, 0x00, 0x00, 0x00, 0x03, 0xFC, 0x00, 0x00, 0x00, 0x00, 0x0B, 0xF0, 0x00, 0x00,
    0x00, 0x00, 0x1F, 0x80, 0x00, 0x00, 0x00, 0x00, 0x14, 0x00, 0x00, 0x00, 0x00, 0x00, 0x00, 0x00,
    0x00, 0x60, 0x00, 0x00, 0x00, 0x00, 0x07, 0xC0, 0x00, 0x00, 0x00, 0x00, 0x2E, 0x00, 0x00, 0x00,
    0x00, 0x00, 0xF4, 0x00, 0x00, 0x00, 0x00, 0x07, 0xC0, 0x00, 0x6A, 0x80, 0x00, 0x2E, 0x00, 0x0F,
    0xFF, 0xC0, 0x00, 0xF4, 0x00, 0x28, 0x0F, 0x80, 0x07, 0xC0, 0x00, 0x00, 0x1E, 0x00, 0x2E, 0x00,
    0x00, 0x00, 0xF4, 0x00, 0xF4, 0x00, 0x01, 0xFF, 0x80, 0x07, 0xC0, 0x00, 0x0B, 0xFE, 0x00, 0x3E,
    0x00, 0x00, 0x00, 0x2E, 0x00, 0xF0, 0x00, 0x00, 0x00, 0x3C, 0x0B, 0xC0, 0x00, 0x00, 0x00, 0xF0,
    0x3E, 0x00, 0x00, 0x64, 0x0F, 0xC0, 0xF0, 0x00, 0x01, 0xFF, 0xFC, 0x0B, 0xC0, 0x00, 0x01, 0xAE,
    0x40, 0x3D, 0x00, 0x00, 0x00, 0x00, 0x01, 0xF0, 0x00, 0x00, 0x00, 0x00, 0x0B, 0xC0, 0x00, 0x15,
    0x40, 0x00, 0x3D, 0x00, 0x01, 0xFF, 0x80, 0x01, 0xF0, 0x00, 0x07, 0xFF, 0x00, 0x0B, 0x80, 0x00,
    0x00, 0x3D, 0x00, 0x3D, 0x00, 0x00, 0x00, 0xF8, 0x01, 0xF0, 0x00, 0x00, 0x02, 0xF0, 0x0B, 0x80,
    0x00, 0x00, 0x03, 0xD0, 0x3D, 0x00, 0x00, 0x00, 0x0F, 0x81, 0xF0, 0x00, 0x00, 0x00, 0x1F, 0x0F,
    0x80, 0x00, 0x00, 0x00, 0x3D, 0x3D, 0x00, 0x00, 0x00, 0x00, 0xBE, 0xF0, 0x00, 0x00, 0x00, 0x01,
    0xFF, 0x80, 0x00, 0x00, 0x00, 0x03, 0xFC, 0x00, 0x00, 0x00, 0x00, 0x0B, 0xF0, 0x00, 0x00, 0x00,
    0x00, 0x1F, 0x80, 0x00, 0x00, 0x00, 0x00, 0x14, 0x00, 0x00, 0x00, 0x00, 0x00, 0x00, 0x00, 0x00,
    0x60, 0x00, 0x00, 0x00, 0x00, 0x07, 0xC0, 0x00, 0x00, 0x00, 0x00, 0x2E, 0x00, 0x00, 0x00, 0x00,
    0x00, 0xF4, 0x00, 0x00, 0x00, 0x00, 0x07, 0xC0, 0x00, 0x01, 0x80, 0x00, 0x2E, 0x00, 0x00, 0x2F,
    0x00, 0x00, 0xF4, 0x00, 0x01, 0xFC, 0x00, 0x07, 0xC0, 0x00, 0x0E, 0xF0, 0x00, 0x2E, 0x00, 0x00,
    0xF3, 0xC0, 0x00, 0xF4, 0x00, 0x07, 0x4F, 0x00, 0x07, 0xC0, 0x00, 0x38, 0x3C, 0x00, 0x3E, 0x00,
    0x03, 0xC0, 0xF0, 0x00, 0xF0, 0x00, 0x1F, 0xFF, 0xFC, 0x0B, 0xC0, 0x00, 0x7F, 0xFF, 0xE0, 0x3E,
    0x00, 0x00, 0x00, 0x3C, 0x00, 0xF0, 0x00, 0x00, 0x00, 0xF0, 0x0B, 0xC0, 0x00, 0x00, 0x01, 0x40,
    0x3D, 0x00, 0x00, 0x00, 0x00, 0x01, 0xF0, 0x00, 0x00, 0x00, 0x00, 0x0B, 0xC0, 0x00, 0x15, 0x40,
    0x00, 0x3D, 0x00, 0x01, 0xFF, 0x80, 0x01, 0xF0, 0x00, 0x07, 0xFF, 0x00, 0x0B, 0x80, 0x00, 0x00,
    0x3D, 0x00, 0x3D, 0x00, 0x00, 0x00, 0xF8, 0x01, 0xF0, 0x00, 0x00, 0x02, 0xF0, 0x0B, 0x80, 0x00,
    0x00, 0x03, 0xD0, 0x3D, 0x00, 0x00, 0x00, 0x0F, 0x81, 0xF0, 0x00, 0x00, 0x00, 0x1F, 0x0F, 0x80,
    0x00, 0x00, 0x00, 0x3D, 0x3D, 0x00, 0x00, 0x00, 0x00, 0xBE, 0xF0, 0x00, 0x00, 0x00, 0x01, 0xFF,
    0x80, 0x00, 0x00, 0x00, 0x03, 0xFC, 0x00, 0x00, 0x00, 0x00, 0x0B, 0xF0, 0x00, 0x00, 0x00, 0x00,
    0x1F, 0x80, 0x00, 0x00, 0x00, 0x00, 0x14, 0x00, 0x00, 0x00, 0x00, 0x00, 0x00, 0x00, 0x02, 0xFE,
    0x00, 0x2C, 0x0F, 0xFF, 0xC1, 0xFC, 0x2F, 0x42, 0xF3, 0xE0, 0x3C, 0x00, 0xBF, 0x80, 0x7C, 0x00,
    0x3F, 0x00, 0x7C, 0x00, 0x3F, 0x00, 0x3D, 0x00, 0xFF, 0x80, 0x2F, 0x47, 0xE3, 0xE0, 0x0F, 0xFF,
    0xC0, 0xFC, 0x02, 0xFD, 0x00, 0x2C, 0x00, 0x6F, 0xE0, 0x00, 0x06, 0xFE, 0x00, 0x02, 0xFF, 0xFD,
    0x00, 0x3F, 0xFF, 0xD0, 0x0B, 0xE4, 0x7F, 0x80, 0xFE, 0x5B, 0xF4, 0x0F, 0x80, 0x0B, 0xD1, 0xF4,
    0x00, 0xFC, 0x2F, 0x00, 0x03, 0xF3, 0xE0, 0x00, 0x3D, 0x3D, 0x00, 0x00, 0xFF, 0xC0, 0x00, 0x2E,
    0x3C, 0x00, 0x00, 0xBF, 0x40, 0x00, 0x1F, 0x7C, 0x00, 0x00, 0x3F, 0x00, 0x00, 0x0F, 0x7C, 0x00,
    0x00, 0x3E, 0x00, 0x00, 0x0F, 0x3C, 0x00, 0x00, 0x7F, 0x00, 0x00, 0x1F, 0x3D, 0x00, 0x00, 0xFF,
    0x80, 0x00, 0x2E, 0x2E, 0x00, 0x02, 0xF7, 0xD0, 0x00, 0x3D, 0x1F, 0x40, 0x0B, 0xD3, 0xF0, 0x00,
    0xFC, 0x0B, 0xE4, 0x7F, 0x80, 0xFE, 0x47, 0xF4, 0x02, 0xFF, 0xFE, 0x00, 0x3F, 0xFF, 0xD0, 0x00,
    0x6F, 0xE0, 0x00, 0x07, 0xFE, 0x00, 0x7C, 0x00, 0x00, 0x00, 0x01, 0xF0, 0x00, 0x00, 0x00, 0x07,
    0xC0, 0x00, 0x00, 0x00, 0x1F, 0x00, 0x00, 0x00, 0x00, 0x7C, 0x00, 0x00, 0x00, 0x01, 0xF0, 0x00,
    0x00, 0x00, 0x07, 0xC0, 0x00, 0x00, 0x00, 0x1F, 0x00, 0x00, 0x00, 0x00, 0x7C, 0x00, 0x00, 0x00,
    0x01, 0xF0, 0x00, 0x00, 0x00, 0x07, 0xC0, 0x00, 0x00, 0x00, 0x1F, 0x00, 0x00, 0x00, 0x00, 0x7C,
    0x00, 0x00, 0x00, 0x01, 0xF0, 0x00, 0x00, 0x00, 0x07, 0xC0, 0x00, 0x00, 0x00, 0x1F, 0x55, 0x55,
    0x55, 0x55, 0x7F, 0xFF, 0xFF, 0xFF, 0xFD, 0xFF, 0xFF, 0xFF, 0xFF, 0xF0, 0x00, 0x00, 0x00, 0x08,
    0x00, 0x00, 0x00, 0x00, 0xF8, 0x00, 0x00, 0x00, 0x0F, 0xC0, 0x00, 0x00, 0x00, 0xFD, 0x00, 0x00,
    0x00, 0x0B, 0xD0, 0x00, 0x00, 0x00, 0xBE, 0x00, 0x00, 0x00, 0x0B, 0xE0, 0x00, 0x00, 0x00, 0x7E,
    0x00, 0x00, 0x00, 0x07, 0xF0, 0x00, 0x00, 0x00, 0x3F, 0x00, 0x00, 0x00, 0x03, 0xF0, 0x00, 0x00,
    0x00, 0x3F, 0x40, 0x00, 0x00, 0x03, 0xF4, 0x00, 0x00, 0x00, 0x2F, 0x40, 0x00, 0x00, 0x02, 0xFD,
    0x55, 0x55, 0x55, 0x5F, 0xFF, 0xFF, 0xFF, 0xFF, 0x7F, 0xFF, 0xFF, 0xFF, 0xFC, 0x00, 0x00, 0x00,
    0x08, 0x00, 0x00, 0x00, 0x00, 0xF8, 0x00, 0x00, 0x00, 0x0F, 0xC0, 0x00, 0x02, 0x00, 0xFD, 0x00,
    0x00, 0x2F, 0x4B, 0xD0, 0x00, 0x00, 0x7F, 0xFE, 0x00, 0x00, 0x00, 0x3F, 0xE0, 0x00, 0x00, 0x00,
    0x7F, 0x40, 0x00, 0x00, 0x07, 0xFF, 0x00, 0x00, 0x00, 0x3F, 0x7E, 0x00, 0x00, 0x03, 0xF0, 0x7C,
    0x00, 0x00, 0x3F, 0x40, 0xF8, 0x00, 0x03, 0xF4, 0x01, 0xF0, 0x00, 0x2F, 0x40, 0x03, 0xD0, 0x02,
    0xFD, 0x55, 0x5F, 0x95, 0x5F, 0xFF, 0xFF, 0xFF, 0xFF, 0x7F, 0xFF, 0xFF, 0xFF, 0xFC, 0x00, 0x00,
    0x01, 0xF0, 0x00, 0x00, 0x00, 0x07, 0xC0, 0x00, 0x00, 0x00, 0x2F, 0x00, 0x00, 0x00, 0x00, 0x68,
    0x00, 0x00, 0x00, 0x00, 0x00, 0x00, 0x00, 0x00, 0x20, 0x01, 0x00, 0x00, 0x3D, 0x07, 0xC0, 0x00,
    0x0B, 0x9F, 0xF0, 0x00, 0x00, 0xFF, 0xE4, 0x00, 0x01, 0xFF, 0x80, 0x00, 0x07, 0xFF, 0x80, 0x00,
    0x1F, 0xFA, 0xE0, 0x00, 0x7F, 0xE0, 0x7C, 0x00, 0x7F, 0x40, 0x1F, 0x00, 0x1F, 0xF4, 0x07, 0xC0,
    0x00, 0xBF, 0xE1, 0xF0, 0x00, 0x01, 0xFF, 0xF8, 0x00, 0x00, 0x07, 0xFF, 0x80, 0x00, 0x00, 0x1F,
    0xFE, 0x00, 0x00, 0x07, 0xEF, 0xF0, 0x00, 0x02, 0xE0, 0x7C, 0x00, 0x00, 0xF0, 0x01, 0x00, 0x00,
    0x00, 0x00, 0x00, 0x7C, 0x7C, 0x7C, 0x7C, 0x7C, 0x7C, 0x7C, 0x7C, 0x7C, 0x7C, 0x7C, 0x7C, 0x7C,
    0x7C, 0x7C, 0x7C, 0x7C, 0x7C, 0x7C, 0x7C, 0x7C, 0x7C, 0x7C, 0x7C, 0x7C, 0x7C, 0x7C, 0x7C, 0x7C,
    0x00, 0x3D, 0x00, 0x00, 0x3D, 0x00, 0x00, 0x3D, 0x00, 0x00, 0x3D, 0x00, 0x00, 0x3D, 0x00, 0x00,
    0x3D, 0x00, 0x00, 0x3D, 0x00, 0x00, 0x3D, 0x00, 0x00, 0x3D, 0x00, 0x00, 0x3D, 0x14, 0x00, 0x3D,
    0x7D, 0x00, 0x3E, 0xF8, 0x00, 0x3F, 0xE0, 0x00, 0x3F, 0x80, 0x00, 0x3E, 0x00, 0x00, 0xFD, 0x00,
    0x03, 0xFD, 0x00, 0x0F, 0xFD, 0x00, 0x3F, 0x3D, 0x00, 0x2C, 0x3D, 0x00, 0x00, 0x3D, 0x00, 0x00,
    0x3D, 0x00, 0x00, 0x3D, 0x00, 0x00, 0x3D, 0x00, 0x00, 0x3D, 0x00, 0x00, 0x3D, 0x00, 0x00, 0x3D,
    0x00, 0x00, 0x3D, 0x00, 0x00, 0x3D, 0x00, 0x7C, 0x03, 0xC7, 0xC0, 0x3C, 0x7C, 0x03, 0xC7, 0xC0,
    0x3C, 0x7C, 0x03, 0xC7, 0xC0, 0x3C, 0x7C, 0x03, 0xC7, 0xC0, 0x3C, 0x7C, 0x03, 0xC7, 0xC0, 0x3C,
    0x7C, 0x03, 0xC7, 0xC0, 0x3C, 0x7C, 0x03, 0xC7, 0xC0, 0x3C, 0x7C, 0x03, 0xC7, 0xC0, 0x3C, 0x7C,
    0x03, 0xC7, 0xC0, 0x3C, 0x7C, 0x03, 0xC7, 0xC0, 0x3C, 0x7C, 0x03, 0xC7, 0xC0, 0x3C, 0x7C, 0x03,
    0xC7, 0xC0, 0x3C, 0x7C, 0x03, 0xC7, 0xC0, 0x3C, 0x7C, 0x03, 0xC7, 0xC0, 0x3C, 0x7C, 0x03, 0xC0,
    0x00, 0x3D, 0x03, 0xD0, 0x00, 0x03, 0xD0, 0x3D, 0x00, 0x00, 0x3D, 0x03, 0xD0, 0x00, 0x03, 0xD0,
    0x3D, 0x00, 0x00, 0x3D, 0x03, 0xD0, 0x00, 0x03, 0xD0, 0x3D, 0x00, 0x00, 0x3D, 0x03, 0xD1, 0xC0,
    0x03, 0xD0, 0x3D, 0x7D, 0x00, 0x3D, 0x03, 0xEF, 0x80, 0x03, 0xD0, 0x3F, 0xE0, 0x00, 0x3D, 0x03,
    0xF8, 0x00, 0x03, 0xD0, 0x3E, 0x00, 0x00, 0x3D, 0x0F, 0xD0, 0x00, 0x03, 0xD3, 0xFD, 0x00, 0x00,
    0x3D, 0xFF, 0xD0, 0x00, 0x03, 0xFF, 0x3D, 0x00, 0x00, 0x3F, 0xC3, 0xD0, 0x00, 0x03, 0xF0, 0x3D,
    0x00, 0x00, 0xFD, 0x03, 0xD0, 0x00, 0x3F, 0xD0, 0x3D, 0x00, 0x0B, 0xFD, 0x03, 0xD0, 0x02, 0xF7,
    0xD0, 0x3D, 0x00, 0x3D, 0x3D, 0x03, 0xD0, 0x00, 0x43, 0xD0, 0x3D, 0x00, 0x00, 0x3D, 0x03, 0xD0,
    0x00, 0x03, 0xD0, 0x3D, 0x00, 0x00, 0x3D, 0x03, 0xD0, 0x00, 0x03, 0xD0, 0x3D, 0x00, 0x00, 0x3D,
    0x03, 0xD0, 0x00, 0x00, 0x00, 0x1F, 0x00, 0x00, 0x00, 0x00, 0x0F, 0xD0, 0x00, 0x00, 0x00, 0x07,
    0xFC, 0x00, 0x00, 0x00, 0x03, 0xFF, 0x40, 0x00, 0x00, 0x00, 0xF6, 0xF0, 0x00, 0x00, 0x00, 0xBC,
    0x7D, 0x00, 0x00, 0x00, 0x3D, 0x0F, 0xC0, 0x00, 0x00, 0x2F, 0x01, 0xF4, 0x00, 0x00, 0x0F, 0x40,
    0x3F, 0x00, 0x00, 0x0B, 0xC0, 0x07, 0xC0, 0x00, 0x03, 0xD0, 0x00, 0xF8, 0x00, 0x02, 0xF0, 0x00,
    0x1F, 0x00, 0x00, 0xF8, 0x00, 0x03, 0xE0, 0x00, 0xBC, 0x00, 0x00, 0x7C, 0x00, 0x3E, 0x00, 0x00,
    0x0F, 0x80, 0x2F, 0x00, 0x00, 0x02, 0xF0, 0x0F, 0x80, 0x00, 0x00, 0x3E, 0x0B, 0xC0, 0x00, 0x00,
    0x0B, 0xC3, 0xE0, 0x00, 0x00, 0x00, 0xF8, 0x3E, 0x00, 0x00, 0x00, 0x0F, 0x8B, 0xC0, 0x00, 0x00,
    0x0B, 0xC0, 0xF8, 0x00, 0x00, 0x03, 0xE0, 0x2F, 0x00, 0x00, 0x02, 0xF0, 0x03, 0xE0, 0x00, 0x00,
    0xF8, 0x00, 0xBC, 0x00, 0x00, 0x7C, 0x00, 0x0F, 0x40, 0x00, 0x3E, 0x00, 0x02, 0xF0, 0x00, 0x1F,
    0x00, 0x00, 0x3D, 0x00, 0x0F, 0x80, 0x00, 0x0B, 0xC0, 0x07, 0xC0, 0x00, 0x00, 0xF4, 0x03, 0xF0,
    0x00, 0x00, 0x2F, 0x01, 0xF4, 0x00, 0x00, 0x03, 0xD0, 0xBC, 0x00, 0x00, 0x00, 0xBC, 0x3D, 0x00,
    0x00, 0x00, 0x0F, 0x2F, 0x00, 0x00, 0x00, 0x03, 0xFF, 0x40, 0x00, 0x00, 0x00, 0x7F, 0xC0, 0x00,
    0x00, 0x00, 0x0F, 0xD0, 0x00, 0x00, 0x00, 0x01, 0xF0, 0x00, 0x00, 0x00, 0x00, 0x00, 0x00, 0x00,
    0x00, 0x0B, 0xFF, 0xF4, 0x00, 0x00, 0xBF, 0xFF, 0xFF, 0x40, 0x02, 0xFD, 0x00, 0x6F, 0xD0, 0x07,
    0xE0, 0x00, 0x03, 0xF0, 0x0F, 0x80, 0x00, 0x00, 0xF8, 0x1F, 0x00, 0x00, 0x00, 0x7C, 0x3E, 0x00,
    0x00, 0x00, 0x3D, 0x3D, 0x00, 0x00, 0x00, 0x3E, 0x3C, 0x00, 0x00, 0x00, 0x2F, 0x7C, 0x00, 0x00,
    0x00, 0x2F, 0x7C, 0x00, 0x00, 0x00, 0x1F, 0x7C, 0x00, 0x00, 0x00, 0x1F, 0x7C, 0x00, 0x00, 0x00,
    0x1F, 0x7C, 0x00, 0x00, 0x00, 0x1F, 0x7C, 0x00, 0x00, 0x00, 0x1F, 0x7C, 0x00, 0x00, 0x00, 0x1F,
    0x7C, 0x00, 0x00, 0x00, 0x1F, 0x7C, 0x00, 0x00, 0x00, 0x1F, 0x7C, 0x00, 0x00, 0x00, 0x1F, 0x7C,
    0x00, 0x00, 0x00, 0x1F, 0x7C, 0x00, 0x00, 0x00, 0x1F, 0x14, 0x00, 0x00, 0x00, 0x05, 0x7C, 0x00,
    0x00, 0x00, 0x1F, 0x7C, 0x00, 0x00, 0x00, 0x1F, 0x7C, 0x00, 0x00, 0x00, 0x1F, 0x7C, 0x00, 0x00,
    0x00, 0x1F, 0x7C, 0x00, 0x00, 0x00, 0x1F, 0x7C, 0x00, 0x00, 0x00, 0x1F, 0x7C, 0x00, 0x00, 0x00,
    0x1F, 0x7C, 0x00, 0x00, 0x00, 0x1F, 0x7C, 0x00, 0x00, 0x00, 0x1F, 0x7C, 0x00, 0x00, 0x00, 0x1F,
    0x7C, 0x00, 0x00, 0x00, 0x1F, 0x7C, 0x00, 0x00, 0x00, 0x1F, 0x3C, 0x00, 0x00, 0x00, 0x2F, 0x3D,
    0x00, 0x00, 0x00, 0x2E, 0x3D, 0x00, 0x00, 0x00, 0x3E, 0x2F, 0x00, 0x00, 0x00, 0x3D, 0x1F, 0x00,
    0x00, 0x00, 0xBC, 0x0F, 0xC0, 0x00, 0x01, 0xF4, 0x07, 0xF0, 0x00, 0x07, 0xF0, 0x01, 0xFE, 0x55,
    0xBF, 0xC0, 0x00, 0x7F, 0xFF, 0xFE, 0x00, 0x00, 0x06, 0xFF, 0xE0, 0x00, 0x00, 0x00, 0x00, 0x00,
    0x07, 0xFE, 0x00, 0x00, 0x00, 0x00, 0x0F, 0xFF, 0xE0, 0x00, 0x00, 0x00, 0x0F, 0xFE, 0xF0, 0x00,
    0x00, 0x00, 0x0B, 0xE0, 0x00, 0x00, 0x00, 0x00, 0x07, 0xF0, 0x00, 0x00, 0x00, 0x00, 0x02, 0xF4,
    0x00, 0x00, 0x00, 0x00, 0x00, 0xFC, 0x00, 0x00, 0x00, 0x00, 0x00, 0x7E, 0x00, 0x00, 0x00, 0x00,
    0x00, 0x2F, 0x00, 0x00, 0x00, 0x00, 0x00, 0x0F, 0xC0, 0x00, 0x00, 0x00, 0x00, 0x03, 0xE0, 0x00,
    0x00, 0x00, 0x00, 0x01, 0xF4, 0x00, 0x00, 0x00, 0x00, 0x00, 0xBD, 0x00, 0x00, 0x00, 0x00, 0x00,
    0x2F, 0x00, 0x00, 0x00, 0x00, 0x00, 0x0F, 0xC0, 0x00, 0x00, 0x00, 0x00, 0x03, 0xE0, 0x00, 0x00,
    0x00, 0x00, 0x01, 0xF8, 0x00, 0x00, 0x00, 0x00, 0x00, 0x7D, 0x00, 0x00, 0x00, 0x00, 0x00, 0x2F,
    0x00, 0x00, 0x00, 0x00, 0x00, 0x0F, 0xC0, 0x00, 0x00, 0x00, 0x00, 0x03, 0xF0, 0x00, 0x00, 0x00,
    0x00, 0x00, 0xF8, 0x00, 0x00, 0x00, 0x00, 0x00, 0x7D, 0x00, 0x00, 0x00, 0x00, 0x00, 0x2F, 0x40,
    0x00, 0x00, 0x00, 0x00, 0x0B, 0xC0, 0x00, 0x00, 0x00, 0x00, 0x03, 0xF0, 0x00, 0x00, 0x00, 0x00,
    0x00, 0xF8, 0x00, 0x00, 0x00, 0x00, 0x00, 0x7D, 0x00, 0x00, 0x00, 0x00, 0x00, 0x2F, 0x00, 0x00,
    0x00, 0x00, 0x00, 0x0F, 0xC0, 0x00, 0x00, 0x00, 0x00, 0x07, 0xE0, 0x00, 0x00, 0x00, 0x00, 0x02,
    0xF4, 0x00, 0x00, 0x00, 0x00, 0x01, 0xFC, 0x00, 0x00, 0x00, 0x00, 0x01, 0xFD, 0x00, 0x00, 0x00,
    0x02, 0xEB, 0xFE, 0x00, 0x00, 0x00, 0x00, 0xFF, 0xFE, 0x00, 0x00, 0x00, 0x00, 0x1B, 0xF8, 0x00,
    0x00, 0x00, 0x00, 0x00, 0x00, 0x00, 0x00, 0x00, 0x07, 0xFE, 0x00, 0x1B, 0xF9, 0x00, 0x00, 0x00,
    0x00, 0x0F, 0xFF, 0xE0, 0x2F, 0xFF, 0xC0, 0x00, 0x00, 0x00, 0x0F, 0xFE, 0xF0, 0x3F, 0xFB, 0xD0,
    0x00, 0x00, 0x00, 0x0B, 0xE0, 0x00, 0x2F, 0xC0, 0x00, 0x00, 0x00, 0x00, 0x07, 0xF0, 0x00, 0x0F,
    0xC0, 0x00, 0x00, 0x00, 0x00, 0x02, 0xF4, 0x00, 0x0B, 0xD0, 0x00, 0x00, 0x00, 0x00, 0x00, 0xFC,
    0x00, 0x03, 0xF0, 0x00, 0x00, 0x00, 0x00, 0x00, 0x7E, 0x00, 0x00, 0xF8, 0x00, 0x00, 0x00, 0x00,
    0x00, 0x2F, 0x00, 0x00, 0x7D, 0x00, 0x00, 0x00, 0x00, 0x00, 0x0F, 0xC0, 0x00, 0x2F, 0x00, 0x00,
    0x00, 0x00, 0x00, 0x03, 0xE0, 0x00, 0x0F, 0xC0, 0x00, 0x00, 0x00, 0x00, 0x01, 0xF4, 0x00, 0x03,
    0xE0, 0x00, 0x00, 0x00, 0x00, 0x00, 0xBD, 0x00, 0x01, 0xF4, 0x00, 0x00, 0x00, 0x00, 0x00, 0x2F,
    0x00, 0x00, 0xBD, 0x00, 0x00, 0x00, 0x00, 0x00, 0x0F, 0xC0, 0x00, 0x2F, 0x00, 0x00, 0x00, 0x00,
    0x00, 0x03, 0xE0, 0x00, 0x0F, 0xC0, 0x00, 0x00, 0x00, 0x00, 0x01, 0xF8, 0x00, 0x03, 0xE0, 0x00,
    0x00, 0x00, 0x00, 0x00, 0x7D, 0x00, 0x01, 0xF8, 0x00, 0x00, 0x00, 0x00, 0x00, 0x2F, 0x00, 0x00,
    0x7D, 0x00, 0x00, 0x00, 0x00, 0x00, 0x0F, 0xC0, 0x00, 0x2F, 0x00, 0x00, 0x00, 0x00, 0x00, 0x03,
    0xF0, 0x00, 0x0F, 0xC0, 0x00, 0x00, 0x00, 0x00, 0x00, 0xF8, 0x00, 0x03, 0xF0, 0x00, 0x00, 0x00,
    0x00, 0x00, 0x7D, 0x00, 0x00, 0xF8, 0x00, 0x00, 0x00, 0x00, 0x00, 0x2F, 0x40, 0x00, 0x7D, 0x00,
    0x00, 0x00, 0x00, 0x00, 0x0B, 0xC0, 0x00, 0x2F, 0x40, 0x00, 0x00, 0x00, 0x00, 0x03, 0xF0, 0x00,
    0x0B, 0xC0, 0x00, 0x00, 0x00, 0x00, 0x00, 0xF8, 0x00, 0x03, 0xF0, 0x00, 0x00, 0x00, 0x00, 0x00,
    0x7D, 0x00, 0x00, 0xF8, 0x00, 0x00, 0x00, 0x00, 0x00, 0x2F, 0x00, 0x00, 0x7D, 0x00, 0x00, 0x00,
    0x00, 0x00, 0x0F, 0xC0, 0x00, 0x2F, 0x00, 0x00, 0x00, 0x00, 0x00, 0x07, 0xE0, 0x00, 0x0F, 0xC0,
    0x00, 0x00, 0x00, 0x00, 0x02, 0xF4, 0x00, 0x0B, 0xD0, 0x00, 0x00, 0x00, 0x00, 0x01, 0xFC, 0x00,
    0x03, 0xF0, 0x00, 0x00, 0x00, 0x00, 0x01, 0xFD, 0x00, 0x03, 0xF4, 0x00, 0x00, 0x00, 0x02, 0xEB,
    0xFE, 0x07, 0xAF, 0xFC, 0x00, 0x00, 0x00, 0x00, 0xFF, 0xFE, 0x03, 0xFF, 0xF8, 0x00, 0x00, 0x00,
    0x00, 0x1B, 0xF8, 0x00, 0x6F, 0xE4, 0x00, 0x00, 0x00, 0x00, 0x00, 0x00, 0x00, 0x00, 0x00, 0x07,
    0xFE, 0x00, 0x1B, 0xF9, 0x00, 0x2F, 0xE4, 0x00, 0x00, 0x00, 0x00, 0x3F, 0xFF, 0x80, 0xBF, 0xFF,
    0x02, 0xFF, 0xFC, 0x00, 0x00, 0x00, 0x00, 0xFF, 0xEF, 0x03, 0xFF, 0xBD, 0x0B, 0xFE, 0xF8, 0x00,
    0x00, 0x00, 0x02, 0xF8, 0x00, 0x0B, 0xF0, 0x00, 0x1F, 0xD0, 0x00, 0x00, 0x00, 0x00, 0x07, 0xF0,
    0x00, 0x0F, 0xC0, 0x00, 0x3F, 0x00, 0x00, 0x00, 0x00, 0x00, 0x0B, 0xD0, 0x00, 0x2F, 0x40, 0x00,
    0x7E, 0x00, 0x00, 0x00, 0x00, 0x00, 0x0F, 0xC0, 0x00, 0x3F, 0x00, 0x00, 0xBD, 0x00, 0x00, 0x00,
    0x00, 0x00, 0x1F, 0x80, 0x00, 0x3E, 0x00, 0x00, 0xFC, 0x00, 0x00, 0x00, 0x00, 0x00, 0x2F, 0x00,
    0x00, 0x7D, 0x00, 0x01, 0xF8, 0x00, 0x00, 0x00, 0x00, 0x00, 0x3F, 0x00, 0x00, 0xBC, 0x00, 0x02,
    0xF4, 0x00, 0x00, 0x00, 0x00, 0x00, 0x3E, 0x00, 0x00, 0xFC, 0x00, 0x03, 0xF0, 0x00, 0x00, 0x00,
    0x00, 0x00, 0x7D, 0x00, 0x00, 0xF8, 0x00, 0x03, 0xF0, 0x00, 0x00, 0x00, 0x00, 0x00, 0xBD, 0x00,
    0x01, 0xF4, 0x00, 0x03, 0xE0, 0x00, 0x00, 0x00, 0x00, 0x00, 0xBC, 0x00, 0x02, 0xF4, 0x00, 0x07,
    0xD0, 0x00, 0x00, 0x00, 0x00, 0x00, 0xFC, 0x00, 0x02, 0xF0, 0x00, 0x0B, 0xD0, 0x00, 0x00, 0x00,
    0x00, 0x00, 0xF8, 0x00, 0x03, 0xF0, 0x00, 0x0B, 0xC0, 0x00, 0x00, 0x00, 0x00, 0x01, 0xF8, 0x00,
    0x03, 0xE0, 0x00, 0x0F, 0xC0, 0x00, 0x00, 0x00, 0x00, 0x01, 0xF4, 0x00, 0x07, 0xE0, 0x00, 0x0F,
    0x80, 0x00, 0x00, 0x00, 0x00, 0x02, 0xF0, 0x00, 0x07, 0xD0, 0x00, 0x1F, 0x80, 0x00, 0x00, 0x00,
    0x00, 0x03, 0xF0, 0x00, 0x0B, 0xC0, 0x00, 0x1F, 0x40, 0x00, 0x00, 0x00, 0x00, 0x03, 0xF0, 0x00,
    0x0F, 0xC0, 0x00, 0x2F, 0x00, 0x00, 0x00, 0x00, 0x00, 0x03, 0xE0, 0x00, 0x0F, 0xC0, 0x00, 0x3F,
    0x00, 0x00, 0x00, 0x00, 0x00, 0x07, 0xD0, 0x00, 0x0F, 0x80, 0x00, 0x3F, 0x00, 0x00, 0x00, 0x00,
    0x00, 0x0B, 0xD0, 0x00, 0x1F, 0x40, 0x00, 0x3E, 0x00, 0x00, 0x00, 0x00, 0x00, 0x0B, 0xC0, 0x00,
    0x2F, 0x40, 0x00, 0x7D, 0x00, 0x00, 0x00, 0x00, 0x00, 0x0F, 0xC0, 0x00, 0x2F, 0x00, 0x00, 0xBD,
    0x00, 0x00, 0x00, 0x00, 0x00, 0x0F, 0x80, 0x00, 0x3F, 0x00, 0x00, 0xFC, 0x00, 0x00, 0x00, 0x00,
    0x00, 0x1F, 0x40, 0x00, 0x3E, 0x00, 0x00, 0xFC, 0x00, 0x00, 0x00, 0x00, 0x00, 0x2F, 0x00, 0x00,
    0x7D, 0x00, 0x01, 0xF8, 0x00, 0x00, 0x00, 0x00, 0x00, 0x3F, 0x00, 0x00, 0xBC, 0x00, 0x02, 0xF4,
    0x00, 0x00, 0x00, 0x00, 0x00, 0x7E, 0x00, 0x00, 0xFC, 0x00, 0x03, 0xF0, 0x00, 0x00, 0x00, 0x00,
    0x00, 0xBD, 0x00, 0x02, 0xF4, 0x00, 0x07, 0xE0, 0x00, 0x00, 0x00, 0x00, 0x01, 0xFC, 0x00, 0x03,
    0xF0, 0x00, 0x0F, 0xC0, 0x00, 0x00, 0x00, 0x00, 0x07, 0xF4, 0x00, 0x0F, 0xD0, 0x00, 0x2F, 0x80,
    0x00, 0x00, 0x00, 0x2E, 0xBF, 0xE0, 0x7A, 0xFF, 0xC0, 0xFB, 0xFF, 0x00, 0x00, 0x00, 0x00, 0x3F,
    0xFF, 0x80, 0xFF, 0xFE, 0x02, 0xFF, 0xFC, 0x00, 0x00, 0x00, 0x00, 0x1B, 0xF8, 0x00, 0x6F, 0xE4,
    0x01, 0xBF, 0xD0, 0x00, 0x00, 0x00, 0x00, 0x00, 0x00, 0x00, 0x00, 0x07, 0xFE, 0x00, 0x00, 0x00,
    0x00, 0x0F, 0xFF, 0xE0, 0x00, 0x00, 0x00, 0x0F, 0xFE, 0xF0, 0x00, 0x00, 0x00, 0x0B, 0xE0, 0x00,
    0x00, 0x00, 0x00, 0x07, 0xF0, 0x00, 0x00, 0x00, 0x00, 0x02, 0xF4, 0x00, 0x00, 0x00, 0x00, 0x00,
    0xFC, 0x00, 0x00, 0x00, 0x00, 0x00, 0x7E, 0x00, 0x00, 0x00, 0x00, 0x00, 0x2F, 0x00, 0x00, 0x00,
    0x00, 0x00, 0x0F, 0xC0, 0x00, 0x00, 0x00, 0x00, 0x03, 0xE0, 0x00, 0x00, 0x00, 0x00, 0x01, 0xF4,
    0x00, 0x00, 0x00, 0x00, 0x1B, 0xFF, 0x00, 0x00, 0x00, 0x00, 0x3F, 0xFF, 0xF8, 0x00, 0x00, 0x00,
    0x3F, 0xEF, 0xFF, 0x80, 0x00, 0x00, 0x3F, 0x43, 0xE2, 0xF4, 0x00, 0x00, 0x0F, 0x41, 0xF8, 0x3F,
    0x00, 0x00, 0x07, 0xC0, 0x7D, 0x07, 0xC0, 0x00, 0x02, 0xF0, 0x2F, 0x01, 0xF0, 0x00, 0x00, 0x7C,
    0x0F, 0xC0, 0x7C, 0x00, 0x00, 0x0F, 0x43, 0xF0, 0x3F, 0x00, 0x00, 0x03, 0xF4, 0xF8, 0x2F, 0x40,
    0x00, 0x00, 0x3F, 0xFF, 0xBF, 0x80, 0x00, 0x00, 0x03, 0xFF, 0xFF, 0x80, 0x00, 0x00, 0x00, 0x1F,
    0xFE, 0x00, 0x00, 0x00, 0x00, 0x03, 0xF0, 0x00, 0x00, 0x00, 0x00, 0x00, 0xF8, 0x00, 0x00, 0x00,
    0x00, 0x00, 0x7D, 0x00, 0x00, 0x00, 0x00, 0x00, 0x2F, 0x00, 0x00, 0x00, 0x00, 0x00, 0x0F, 0xC0,
    0x00, 0x00, 0x00, 0x00, 0x07, 0xE0, 0x00, 0x00, 0x00, 0x00, 0x02, 0xF4, 0x00, 0x00, 0x00, 0x00,
    0x01, 0xFC, 0x00, 0x00, 0x00, 0x00, 0x01, 0xFD, 0x00, 0x00, 0x00, 0x02, 0xEB, 0xFE, 0x00, 0x00,
    0x00, 0x00, 0xFF, 0xFE, 0x00, 0x00, 0x00, 0x00, 0x1B, 0xF8, 0x00, 0x00, 0x00, 0x00, 0x00, 0x00,
    0x00, 0x00, 0x00, 0x07, 0xFE, 0x00, 0x1B, 0xF9, 0x00, 0x00, 0x00, 0x00, 0x0F, 0xFF, 0xE0, 0x2F,
    0xFF, 0xC0, 0x00, 0x00, 0x00, 0x0F, 0xFE, 0xF0, 0x3F, 0xFB, 0xD0, 0x00, 0x00, 0x00, 0x0B, 0xE0,
    0x00, 0x2F, 0xC0, 0x00, 0x00, 0x00, 0x00, 0x07, 0xF0, 0x00, 0x0F, 0xC0, 0x00, 0x00, 0x00, 0x00,
    0x02, 0xF4, 0x00, 0x0B, 0xD0, 0x00, 0x00, 0x00, 0x00, 0x00, 0xFC, 0x00, 0x03, 0xF0, 0x00, 0x00,
    0x00, 0x00, 0x00, 0x7E, 0x00, 0x00, 0xF8, 0x00, 0x00, 0x00, 0x00, 0x00, 0x2F, 0x00, 0x00, 0x7D,
    0x00, 0x00, 0x00, 0x00, 0x00, 0x0F, 0xC0, 0x00, 0x2F, 0x00, 0x00, 0x00, 0x00, 0x00, 0x03, 0xE0,
    0x00, 0x0F, 0xC0, 0x00, 0x00, 0x00, 0x00, 0x02, 0xFF, 0xFF, 0xEB, 0xE0, 0x00, 0x00, 0x00, 0x00,
    0x0B, 0xFF, 0xFF, 0xFF, 0xFC, 0x00, 0x00, 0x00, 0x00, 0x1F, 0xFF, 0x95, 0x6A, 0xFF, 0xC0, 0x00,
    0x00, 0x00, 0x1F, 0xEF, 0xC0, 0x00, 0x2F, 0xFC, 0x00, 0x00, 0x00, 0x0F, 0xC3, 0xE0, 0x00, 0x0F,
    0xCF, 0xC0, 0x00, 0x00, 0x07, 0xC1, 0xF8, 0x00, 0x03, 0xE1, 0xF0, 0x00, 0x00, 0x01, 0xF0, 0x7D,
    0x00, 0x01, 0xF8, 0x3C, 0x00, 0x00, 0x00, 0x7C, 0x2F, 0x00, 0x00, 0x7D, 0x0F, 0x00, 0x00, 0x00,
    0x0F, 0x8F, 0xC0, 0x00, 0x2F, 0x0B, 0xC0, 0x00, 0x00, 0x02, 0xFB, 0xF0, 0x00, 0x0F, 0xCF, 0xD0,
    0x00, 0x00, 0x00, 0x3F, 0xFD, 0x00, 0x03, 0xFF, 0xE0, 0x00, 0x00, 0x00, 0x02, 0xFF, 0xFF, 0xFF,
    0xFF, 0xD0, 0x00, 0x00, 0x00, 0x00, 0x2F, 0xFF, 0xFF, 0xFF, 0x40, 0x00, 0x00, 0x00, 0x00, 0x0B,
    0xC1, 0x55, 0x7F, 0x40, 0x00, 0x00, 0x00, 0x00, 0x03, 0xF0, 0x00, 0x0B, 0xC0, 0x00, 0x00, 0x00,
    0x00, 0x00, 0xF8, 0x00, 0x03, 0xF0, 0x00, 0x00, 0x00, 0x00, 0x00, 0x7D, 0x00, 0x00, 0xF8, 0x00,
    0x00, 0x00, 0x00, 0x00, 0x2F, 0x00, 0x00, 0x7D, 0x00, 0x00, 0x00, 0x00, 0x00, 0x0F, 0xC0, 0x00,
    0x2F, 0x00, 0x00, 0x00, 0x00, 0x00, 0x07, 0xE0, 0x00, 0x0F, 0xC0, 0x00, 0x00, 0x00, 0x00, 0x02,
    0xF4, 0x00, 0x0B, 0xD0, 0x00, 0x00, 0x00, 0x00, 0x01, 0xFC, 0x00, 0x03, 0xF0, 0x00, 0x00, 0x00,
    0x00, 0x01, 0xFD, 0x00, 0x03, 0xF4, 0x00, 0x00, 0x00, 0x02, 0xEB, 0xFE, 0x07, 0xAF, 0xFC, 0x00,
    0x00, 0x00, 0x00, 0xFF, 0xFE, 0x03, 0xFF, 0xF8, 0x00, 0x00, 0x00, 0x00, 0x1B, 0xF8, 0x00, 0x6F,
    0xE4, 0x00, 0x00, 0x00, 0x00, 0x00, 0x00, 0x00, 0x00, 0x00, 0x07, 0xFE, 0x00, 0x1B, 0xF9, 0x00,
    0x2F, 0xE4, 0x00, 0x00, 0x00, 0x00, 0x3F, 0xFF, 0x80, 0xBF, 0xFF, 0x02, 0xFF, 0xFC, 0x00, 0x00,
    0x00, 0x00, 0xFF, 0xEF, 0x03, 0xFF, 0xBD, 0x0B, 0xFE, 0xF8, 0x00, 0x00, 0x00, 0x02, 0xF8, 0x00,
    0x0B, 0xF0, 0x00, 0x1F, 0xD0, 0x00, 0x00, 0x00, 0x00, 0x07, 0xF0, 0x00, 0x0F, 0xC0, 0x00, 0x3F,
    0x00, 0x00, 0x00, 0x00, 0x00, 0x0B, 0xD0, 0x00, 0x2F, 0x40, 0x00, 0x7E, 0x00, 0x00, 0x00, 0x00,
    0x00, 0x0F, 0xC0, 0x00, 0x3F, 0x00, 0x00, 0xBD, 0x00, 0x00, 0x00, 0x00, 0x00, 0x1F, 0x80, 0x00,
    0x3E, 0x00, 0x00, 0xFC, 0x00, 0x00, 0x00, 0x00, 0x00, 0x2F, 0x00, 0x00, 0x7D, 0x00, 0x01, 0xF8,
    0x00, 0x00, 0x00, 0x00, 0x00, 0x3F, 0x00, 0x00, 0xBC, 0x00, 0x02, 0xF4, 0x00, 0x00, 0x00, 0x00,
    0x00, 0x3E, 0x00, 0x00, 0xFC, 0x00, 0x03, 0xF0, 0x00, 0x00, 0x00, 0x00, 0x00, 0x7E, 0x15, 0x56,
    0xFD, 0x54, 0x03, 0xF0, 0x00, 0x00, 0x00, 0x00, 0x00, 0xFF, 0xFF, 0xFF, 0xFF, 0xFF, 0xFF, 0xE0,
    0x00, 0x00, 0x00, 0x00, 0x07, 0xFF, 0xFF, 0xFF, 0xFF, 0xFF, 0xFF, 0xF0, 0x00, 0x00, 0x00, 0x00,
    0x3F, 0xFE, 0x50, 0x02, 0xF0, 0x05, 0xAF, 0xFC, 0x00, 0x00, 0x00, 0x00, 0xFF, 0xF8, 0x00, 0x03,
    0xF0, 0x00, 0x0F, 0xFF, 0x00, 0x00, 0x00, 0x01, 0xF9, 0xF8, 0x00, 0x03, 0xE0, 0x00, 0x0F, 0xEF,
    0x40, 0x00, 0x00, 0x02, 0xF1, 0xF4, 0x00, 0x07, 0xE0, 0x00, 0x0F, 0x8F, 0x80, 0x00, 0x00, 0x02,
    0xE2, 0xF0, 0x00, 0x07, 0xD0, 0x00, 0x1F, 0x8F, 0x80, 0x00, 0x00, 0x02, 0xF3, 0xF0, 0x00, 0x0B,
    0xC0, 0x00, 0x1F, 0x4F, 0x40, 0x00, 0x00, 0x00, 0xFF, 0xF0, 0x00, 0x0F, 0xC0, 0x00, 0x2F, 0x7F,
    0x00, 0x00, 0x00, 0x00, 0xBF, 0xF0, 0x00, 0x0F, 0xC0, 0x00, 0x3F, 0xFD, 0x00, 0x00, 0x00, 0x00,
    0x1F, 0xFF, 0xE9, 0x6F, 0xD5, 0xAB, 0xFF, 0xF4, 0x00, 0x00, 0x00, 0x00, 0x0B, 0xFF, 0xFF, 0xFF,
    0xFF, 0xFF, 0xFF, 0x80, 0x00, 0x00, 0x00, 0x00, 0x0B, 0xD6, 0xFF, 0xFF, 0xFF, 0xFF, 0xFD, 0x00,
    0x00, 0x00, 0x00, 0x00, 0x0F, 0xC0, 0x00, 0x2F, 0x00, 0x00, 0xBD, 0x00, 0x00, 0x00, 0x00, 0x00,
    0x0F, 0x80, 0x00, 0x3F, 0x00, 0x00, 0xFC, 0x00, 0x00, 0x00, 0x00, 0x00, 0x1F, 0x40, 0x00, 0x3E,
    0x00, 0x00, 0xFC, 0x00, 0x00, 0x00, 0x00, 0x00, 0x2F, 0x00, 0x00, 0x7D, 0x00, 0x01, 0xF8, 0x00,
    0x00, 0x00, 0x00, 0x00, 0x3F, 0x00, 0x00, 0xBC, 0x00, 0x02, 0xF4, 0x00, 0x00, 0x00, 0x00, 0x00,
    0x7E, 0x00, 0x00, 0xFC, 0x00, 0x03, 0xF0, 0x00, 0x00, 0x00, 0x00, 0x00, 0xBD, 0x00, 0x02, 0xF4,
    0x00, 0x07, 0xE0, 0x00, 0x00, 0x00, 0x00, 0x01, 0xFC, 0x00, 0x03, 0xF0, 0x00, 0x0F, 0xC0, 0x00,
    0x00, 0x00, 0x00, 0x07, 0xF4, 0x00, 0x0F, 0xD0, 0x00, 0x2F, 0x80, 0x00, 0x00, 0x00, 0x2E, 0xBF,
    0xE0, 0x7A, 0xFF, 0xC0, 0xFB, 0xFF, 0x00, 0x00, 0x00, 0x00, 0x3F, 0xFF, 0x80, 0xFF, 0xFE, 0x02,
    0xFF, 0xFC, 0x00, 0x00, 0x00, 0x00, 0x1B, 0xF8, 0x00, 0x6F, 0xE4, 0x01, 0xBF, 0xD0, 0x00, 0x00,
    0x00, 0x00, 0x00, 0x00, 0x00, 0x00, 0x07, 0xFE, 0x00, 0x00, 0x00, 0x00, 0x0F, 0xFF, 0xE0, 0x00,
    0x00, 0x00, 0x0F, 0xFE, 0xF0, 0x00, 0x00, 0x00, 0x0B, 0xE0, 0x00, 0x00, 0x00, 0x00, 0x07, 0xF0,
    0x00, 0x00, 0x00, 0x00, 0x02, 0xF4, 0x00, 0x00, 0x00, 0x00, 0x00, 0xFC, 0x00, 0x00, 0x00, 0x00,
    0x00, 0x7E, 0x00, 0x00, 0x00, 0x00, 0x00, 0x2F, 0x00, 0x00, 0x00, 0x00, 0x00, 0x0F, 0xC0, 0x00,
    0x00, 0x00, 0x00, 0x03, 0xE0, 0x00, 0x00, 0x00, 0x00, 0x01, 0xF4, 0x00, 0x00, 0x00, 0x00, 0x00,
    0xBD, 0x00, 0x00, 0x00, 0x00, 0x0B, 0xFF, 0xD0, 0x00, 0x00, 0x00, 0x1F, 0xFF, 0xFE, 0x00, 0x00,
    0x00, 0x1F, 0xD7, 0xFB, 0xF0, 0x00, 0x00, 0x0F, 0xC1, 0xF8, 0x7E, 0x80, 0x00, 0x07, 0xC0, 0x7D,
    0x2F, 0xF0, 0x00, 0x01, 0xF0, 0x2F, 0x07, 0xF4, 0x00, 0x00, 0x00, 0x0F, 0xC0, 0x3C, 0x00, 0x00,
    0x00, 0x03, 0xF0, 0x00, 0x00, 0x00, 0x00, 0x00, 0xF8, 0x00, 0x00, 0x00, 0x00, 0x00, 0x7D, 0x00,
    0x00, 0x00, 0x00, 0x00, 0x2F, 0x40, 0x00, 0x00, 0x00, 0x00, 0x0B, 0xC0, 0x00, 0x00, 0x00, 0x00,
    0x03, 0xF0, 0x00, 0x00, 0x00, 0x00, 0x00, 0xF8, 0x00, 0x00, 0x00, 0x00, 0x00, 0x7D, 0x00, 0x00,
    0x00, 0x00, 0x00, 0x2F, 0x00, 0x00, 0x00, 0x00, 0x00, 0x0F, 0xC0, 0x00, 0x00, 0x00, 0x00, 0x07,
    0xE0, 0x00, 0x00, 0x00, 0x00, 0x02, 0xF4, 0x00, 0x00, 0x00, 0x00, 0x01, 0xFC, 0x00, 0x00, 0x00,
    0x00, 0x01, 0xFD, 0x00, 0x00, 0x00, 0x02, 0xEB, 0xFE, 0x00, 0x00, 0x00, 0x00, 0xFF, 0xFE, 0x00,
    0x00, 0x00, 0x00, 0x1B, 0xF8, 0x00, 0x00, 0x00, 0x00, 0x00, 0x00, 0x00, 0x00, 0x00, 0x07, 0xFE,
    0x00, 0x00, 0x00, 0x00, 0x0F, 0xFF, 0xE0, 0x00, 0x00, 0x00, 0x0F, 0xFE, 0xF0, 0x00, 0x00, 0x00,
    0x0B, 0xE0, 0x00, 0x00, 0x00, 0x00, 0x07, 0xF0, 0x00, 0x00, 0x00, 0x00, 0x02, 0xF4, 0x00, 0x00,
    0x00, 0x00, 0x00, 0xFC, 0x00, 0x00, 0x00, 0x00, 0x00, 0x7E, 0x00, 0x00, 0x00, 0x00, 0x00, 0x2F,
    0x00, 0x00, 0x00, 0x00, 0x00, 0x0F, 0xC0, 0x00, 0x00, 0x00, 0x00, 0x03, 0xE0, 0x00, 0x00, 0x00,
    0x00, 0x01, 0xF4, 0x00, 0x00, 0x00, 0x00, 0x1B, 0xFF, 0x00, 0x00, 0x00, 0x00, 0x3F, 0xFF, 0xF8,
    0x00, 0x00, 0x00, 0x3F, 0xEF, 0xFF, 0x80, 0x00, 0x00, 0x3F, 0x43, 0xE2, 0xF4, 0x00, 0x00, 0x0F,
    0x41, 0xF8, 0x3F, 0xC0, 0x00, 0x07, 0xC0, 0x7D, 0x3F, 0xE0, 0x00, 0x02, 0xF0, 0x2F, 0x02, 0xF0,
    0x00, 0x00, 0x7C, 0x0F, 0xC0, 0x7C, 0x00, 0x00, 0x0F, 0x43, 0xF0, 0x3F, 0x00, 0x00, 0x03, 0xF4,
    0xF8, 0x2F, 0x40, 0x00, 0x00, 0x3F, 0xFF, 0xBF, 0x80, 0x00, 0x00, 0x03, 0xFF, 0xFF, 0x80, 0x00,
    0x00, 0x00, 0x1F, 0xFE, 0x00, 0x00, 0x00, 0x00, 0x03, 0xF0, 0x00, 0x00, 0x00, 0x00, 0x00, 0xF8,
    0x00, 0x00, 0x00, 0x00, 0x00, 0x7D, 0x00, 0x00, 0x00, 0x00, 0x00, 0x2F, 0x00, 0x00, 0x00, 0x00,
    0x00, 0x0F, 0xC0, 0x00, 0x00, 0x00, 0x00, 0x07, 0xE0, 0x00, 0x00, 0x00, 0x00, 0x02, 0xF4, 0x00,
    0x00, 0x00, 0x00, 0x01, 0xFC, 0x00, 0x00, 0x00, 0x00, 0x01, 0xFD, 0x00, 0x00, 0x00, 0x02, 0xEB,
    0xFE, 0x00, 0x00, 0x00, 0x00, 0xFF, 0xFE, 0x00, 0x00, 0x00, 0x00, 0x1B, 0xF8, 0x00, 0x00, 0x00,
    0x00, 0x00, 0x00, 0x00, 0x00, 0x00, 0x07, 0xFE, 0x00, 0x00, 0x00, 0x00, 0x0F, 0xFF, 0xE0, 0x00,
    0x00, 0x00, 0x0F, 0xFE, 0xF0, 0x00, 0x00, 0x00, 0x0B, 0xE0, 0x00, 0x00, 0x00, 0x00, 0x07, 0xF0,
    0x00, 0x00, 0x00, 0x00, 0x02, 0xF4, 0x00, 0x00, 0x00, 0x00, 0x00, 0xFC, 0x00, 0x00, 0x00, 0x00,
    0x00, 0x7E, 0x00, 0x00, 0x00, 0x00, 0x00, 0x2F, 0x00, 0x00, 0x00, 0x00, 0x00, 0x0F, 0xC0, 0x00,
    0x00, 0x00, 0x00, 0x03, 0xE0, 0x00, 0x00, 0x00, 0x00, 0x01, 0xF4, 0x00, 0x00, 0x00, 0x00, 0x1B,
    0xFF, 0x00, 0x00, 0x00, 0x00, 0x3F, 0xFF, 0xF8, 0x00, 0x00, 0x00, 0x3F, 0xEF, 0xFF, 0x80, 0x00,
    0x00, 0x3F, 0x43, 0xE2, 0xF4, 0x00, 0x00, 0x0F, 0x41, 0xF8, 0x3F, 0x00, 0x00, 0x07, 0xC0, 0x7D,
    0x0F, 0xF0, 0x00, 0x02, 0xF0, 0x2F, 0x07, 0xF8, 0x00, 0x00, 0x7C, 0x0F, 0xC1, 0xBC, 0x00, 0x00,
    0x0F, 0x43, 0xF0, 0x3F, 0x00, 0x00, 0x03, 0xF4, 0xF8, 0x2F, 0x40, 0x00, 0x00, 0x3F, 0xFF, 0xBF,
    0x80, 0x00, 0x00, 0x03, 0xFF, 0xFF, 0x80, 0x00, 0x00, 0x00, 0x1F, 0xFE, 0x00, 0x00, 0x00, 0x00,
    0x03, 0xF0, 0x00, 0x00, 0x00, 0x00, 0x00, 0xF8, 0x00, 0x00, 0x00, 0x00, 0x00, 0x7D, 0x00, 0x00,
    0x00, 0x00, 0x00, 0x2F, 0x00, 0x00, 0x00, 0x00, 0x00, 0x0F, 0xC0, 0x00, 0x00, 0x00, 0x00, 0x07,
    0xE0, 0x00, 0x00, 0x00, 0x00, 0x02, 0xF4, 0x00, 0x00, 0x00, 0x00, 0x01, 0xFC, 0x00, 0x00, 0x00,
    0x00, 0x01, 0xFD, 0x00, 0x00, 0x00, 0x02, 0xEB, 0xFE, 0x00, 0x00, 0x00, 0x00, 0xFF, 0xFE, 0x00,
    0x00, 0x00, 0x00, 0x1B, 0xF8, 0x00, 0x00, 0x00, 0x00, 0x00, 0x00, 0x02, 0xE0, 0x00, 0x00, 0x01,
    0xFD, 0x00, 0x00, 0x00, 0x7F, 0x40, 0x00, 0x00, 0x0B, 0x80, 0x00, 0x00, 0x00, 0x00, 0x00, 0x00,
    0x00, 0x00, 0x00, 0x00, 0x00, 0x00, 0x00, 0x00, 0x00, 0x00, 0x00, 0x00, 0x00, 0x00, 0x00, 0x00,
    0x00, 0x00, 0x00, 0x00, 0x00, 0x00, 0x00, 0x00, 0x00, 0xB8, 0x00, 0x00, 0xF4, 0x3F, 0x80, 0x00,
    0xBF, 0x0F, 0xE0, 0x00, 0x2F, 0xC2, 0xF0, 0x00, 0x03, 0xD0, 0x2F, 0x00, 0x00, 0x3D, 0x0F, 0xE0,
    0x00, 0x2F, 0xC3, 0xF8, 0x00, 0x0B, 0xF0, 0xB8, 0x00, 0x00, 0xF4, 0x00, 0x00, 0x00, 0x00, 0x00,
    0x00, 0x00, 0x00, 0x00, 0x00, 0x00, 0x00, 0x00, 0x00, 0x00, 0x00, 0x00, 0x00, 0x00, 0x00, 0x00,
    0x00, 0x00, 0x00, 0x00, 0x00, 0x00, 0x00, 0x00, 0x00, 0x00, 0x0B, 0x80, 0x00, 0x00, 0x07, 0xF4,
    0x00, 0x00, 0x01, 0xFD, 0x00, 0x00, 0x00, 0x2E, 0x00, 0x00, 0x2F, 0x0F, 0xE3, 0xF8, 0xB8, 0x00,
    0x00, 0x00, 0x00, 0x00, 0x00, 0x00, 0x00, 0x00, 0xB8, 0x3F, 0x8F, 0xE2, 0xF0, 0x2F, 0x00, 0x00,
    0x3D, 0x0F, 0xE0, 0x00, 0x2F, 0xC3, 0xF8, 0x00, 0x0B, 0xF0, 0xB8, 0x00, 0x00, 0xF4, 0x00, 0x00,
    0x00, 0x00, 0x00, 0x00, 0x00, 0x00, 0x00, 0x00, 0x00, 0x00, 0x00, 0x00, 0x00, 0x00, 0x00, 0x00,
    0x00, 0x00, 0x00, 0x00, 0x00, 0x00, 0x00, 0x00, 0x00, 0x00, 0x00, 0x00, 0xB8, 0x00, 0x00, 0xF4,
    0x3F, 0x80, 0x00, 0xBF, 0x0F, 0xE0, 0x00, 0x2F, 0xC2, 0xF0, 0x00, 0x03, 0xD0, 0x00, 0x02, 0xE0,
    0x00, 0x00, 0x01, 0xFD, 0x00, 0x00, 0x00, 0x7F, 0x40, 0x00, 0x00, 0x0B, 0x80, 0x00, 0x00, 0x00,
    0x00, 0x00, 0x00, 0x00, 0x00, 0x00, 0x01, 0x55, 0x55, 0x55, 0x51, 0xFF, 0xFF, 0xFF, 0xFC, 0x7F,
    0xFF, 0xFF, 0xFF, 0x00, 0x00, 0x00, 0x00, 0x07, 0x80, 0x00, 0x00, 0x00, 0xFE, 0x00, 0x00, 0x00,
    0x0F, 0xE0, 0x00, 0x00, 0x00, 0xBC, 0x15, 0x55, 0x55, 0x00, 0x07, 0xFF, 0xFF, 0xF0, 0x00, 0x7F,
    0xFF, 0xFF, 0x00, 0x00, 0x00, 0x00, 0x00, 0x78, 0x00, 0x00, 0x00, 0x0F, 0xE0, 0x00, 0x00, 0x00,
    0xFE, 0x00, 0x00, 0x00, 0x0B, 0xC0, 0x2F, 0x00, 0x00, 0x3D, 0x0F, 0xE0, 0x00, 0x2F, 0xC3, 0xF8,
    0x00, 0x0B, 0xF0, 0xB8, 0x00, 0x00, 0xF4, 0x00, 0x00, 0x00, 0x00, 0x00, 0x00, 0x00, 0x00, 0x07,
    0xFF, 0xFF, 0xFF, 0xF1, 0xFF, 0xFF, 0xFF, 0xFC, 0x15, 0x55, 0x55, 0x55, 0x00, 0x00, 0x00, 0x00,
    0x00, 0x00, 0x00, 0x00, 0x00, 0xB8, 0x00, 0x00, 0xF4, 0x3F, 0x80, 0x00, 0xBF, 0x0F, 0xE0, 0x00,
    0x2F, 0xC2, 0xF0, 0x00, 0x03, 0xD0, 0x00, 0x02, 0xE0, 0x00, 0x00, 0x01, 0xFD, 0x00, 0x00, 0x00,
    0x7F, 0x40, 0x00, 0x00, 0x0B, 0x80, 0x00, 0x00, 0x00, 0x00, 0x00, 0x00, 0x14, 0x00, 0x00, 0x01,
    0xFF, 0xF4, 0x00, 0x20, 0xFF, 0xFF, 0xE5, 0xBC, 0x78, 0x07, 0xFF, 0xFF, 0x14, 0x00, 0x0B, 0xFD,
    0x00, 0x00, 0x00, 0x00, 0x00, 0x00, 0x0B, 0x80, 0x00, 0x00, 0x07, 0xF4, 0x00, 0x00, 0x01, 0xFD,
    0x00, 0x00, 0x00, 0x2E, 0x00, 0x00, 0x00, 0x50, 0x00, 0x00, 0x07, 0xFF, 0xD0, 0x00, 0x83, 0xFF,
    0xFF, 0x96, 0xF1, 0xE0, 0x1F, 0xFF, 0xFC, 0x50, 0x00, 0x2F, 0xF4, 0x00, 0x00, 0x00, 0x01, 0x40,
    0x18, 0x00, 0x2F, 0xFF, 0x07, 0xE5, 0xFF, 0xFF, 0xF0, 0xFF, 0xFF, 0x90, 0x2C, 0x0B, 0xFE, 0x00,
    0x01, 0x00, 0x00, 0x00, 0x00, 0x00, 0x00, 0x00, 0xBF, 0x80, 0x00, 0xB8, 0x00, 0xFF, 0xFC, 0x00,
    0x2F, 0xC0, 0xFD, 0x0B, 0xC0, 0x01, 0xF8, 0x3D, 0x00, 0xF8, 0x00, 0x1F, 0x1F, 0x00, 0x0F, 0x40,
    0x03, 0xC3, 0xC0, 0x01, 0xF0, 0x00, 0xF0, 0xF4, 0x00, 0x2F, 0x00, 0x7C, 0x2F, 0x40, 0x03, 0xF4,
    0x7E, 0x03, 0xF8, 0x00, 0x3F, 0xFF, 0x00, 0x2E, 0x00, 0x01, 0xFE, 0x00, 0x02, 0xFE, 0x00, 0x00,
    0x00, 0x0F, 0xFF, 0xC0, 0x00, 0x00, 0x3F, 0x57, 0xE0, 0x00, 0x00, 0x3D, 0x01, 0xF0, 0x00, 0x00,
    0x7C, 0x00, 0xF4, 0x00, 0x00, 0x7C, 0x00, 0xB8, 0x00, 0x00, 0x7C, 0x00, 0xB8, 0x00, 0x00, 0x7C,
    0x00, 0x7C, 0x00, 0x00, 0x7C, 0x00, 0x3C, 0x00, 0x00, 0x00, 0x00, 0x3C, 0x00, 0x3D, 0x00, 0x00,
    0x3D, 0x00, 0x3D, 0x00, 0x00, 0x2E, 0x00, 0x3D, 0x00, 0x00, 0x1E, 0x00, 0x3D, 0x00, 0x00, 0x1F,
    0x00, 0x3D, 0x00, 0x00, 0x0F, 0x40, 0x7C, 0x00, 0x00, 0x0B, 0xD5, 0xFC, 0x00, 0x00, 0x03, 0xFF,
    0xF0, 0x00, 0x00, 0x00, 0xBF, 0x80, 0x19, 0x01, 0xF4, 0x0F, 0xC0, 0x7C, 0x03, 0xD0, 0x7D, 0x0B,
    0xC0, 0xFC, 0x1F, 0x82, 0xF0, 0x3E, 0x03, 0xD0, 0x7D, 0x03, 0xD0, 0x3E, 0x02, 0xF0, 0x0F, 0xC0,
    0x00, 0x00, 0x00, 0x00, 0x00, 0x00, 0x03, 0xC0, 0x00, 0x00, 0x01, 0xF0, 0x00, 0x00, 0x00, 0xF4,
    0x00, 0x00, 0x50, 0x7C, 0x00, 0x07, 0xFF, 0xFD, 0x00, 0x83, 0xFF, 0xFF, 0xE6, 0xF1, 0xE0, 0x2F,
    0xFF, 0xFC, 0x50, 0x0B, 0xAF, 0xF4, 0x00, 0x03, 0xC0, 0x00, 0x00, 0x03, 0xE0, 0x00, 0x00, 0x01,
    0xF0, 0x00, 0x00, 0x00, 0x14, 0x00, 0x00, 0x00, 0x7F, 0xFF, 0xFF, 0xFF, 0x1F, 0xFF, 0xFF, 0xFF,
    0xC1, 0x55, 0x55, 0x55, 0x50, 0x00, 0x00, 0x00, 0x00, 0x00, 0x50, 0x00, 0x00, 0x07, 0xFF, 0xD0,
    0x00, 0x83, 0xFF, 0xFF, 0xA6, 0xF1, 0xE0, 0x1F, 0xFF, 0xFC, 0x50, 0x00, 0x2F, 0xF4, 0x00, 0x0B,
    0xFD, 0x00, 0x01, 0x0F, 0xFF, 0xF9, 0x02, 0xC7, 0xE6, 0xBF, 0xFF, 0xF1, 0x80, 0x02, 0xFF, 0xF0,
    0x00, 0x00, 0x01, 0x40, 0x00, 0x00, 0x00, 0x00, 0x01, 0x55, 0x55, 0x55, 0x51, 0xFF, 0xFF, 0xFF,
    0xFC, 0x7F, 0xFF, 0xFF, 0xFF, 0x00, 0x00, 0x00, 0x01, 0x00, 0x00, 0x00, 0x02, 0xE0, 0x00, 0x00,
    0x00, 0xF4, 0x00, 0x00, 0x00, 0x7C, 0x00, 0x0B, 0xFD, 0x3E, 0x01, 0x0F, 0xFF, 0xFF, 0x42, 0xC7,
    0xE6, 0xBF, 0xFF, 0xF1, 0x80, 0x03, 0xFF, 0xF0, 0x00, 0x01, 0xF1, 0x40, 0x00, 0x00, 0xB8, 0x00,
    0x01, 0x55, 0x7E, 0x55, 0x51, 0xFF, 0xFF, 0xFF, 0xFC, 0x7F, 0xFF, 0xFF, 0xFF, 0x00, 0x03, 0xC0,
    0x00, 0x00, 0x01, 0xF0, 0x00, 0x00, 0x00, 0xF4, 0x00, 0x00, 0x00, 0x7C, 0x00, 0x00, 0x00, 0x2E,
    0x00, 0x00, 0x00, 0x01, 0x00, 0x00, 0x00, 0x0B, 0xFD, 0x00, 0x01, 0x0F, 0xFF, 0xF9, 0x02, 0xC7,
    0xE6, 0xBF, 0xFF, 0xF1, 0x80, 0x02, 0xFF, 0xF0, 0x00, 0x00, 0x01, 0x40, 0x00, 0x00, 0x00, 0x00,
    0x01, 0x55, 0x55, 0x55, 0x51, 0xFF, 0xFF, 0xFF, 0xFC, 0x7F, 0xFF, 0xFF, 0xFF, 0x00, 0x00, 0x00,
    0x00, 0x00, 0x00, 0x00, 0x00, 0x00, 0x55, 0x55, 0x55, 0x54, 0x7F, 0xFF, 0xFF, 0xFF, 0x1F, 0xFF,
    0xFF, 0xFF, 0xC0, 0x0B, 0xFD, 0x00, 0x01, 0x0F, 0xFF, 0xF9, 0x02, 0xC7, 0xE6, 0xBF, 0xFF, 0xF1,
    0x80, 0x02, 0xFF, 0xF0, 0x00, 0x00, 0x01, 0x40, 0x00, 0x00, 0x06, 0x00, 0x01, 0x55, 0x57, 0xE5,
    0x51, 0xFF, 0xFF, 0xFF, 0xFC, 0x7F, 0xFF, 0xFF, 0xFF, 0x00, 0x00, 0x7C, 0x00, 0x00, 0x00, 0x3E,
    0x00, 0x00, 0x55, 0x6F, 0x55, 0x54, 0x7F, 0xFF, 0xFF, 0xFF, 0x1F, 0xFF, 0xFF, 0xFF, 0xC0, 0x03,
    0xE0, 0x00, 0x00, 0x01, 0xF0, 0x00, 0x00, 0x00, 0xF8, 0x00, 0x00, 0x00, 0x18, 0x00, 0x00, 0x00,
    0x00, 0x00, 0x01, 0x40, 0x00, 0x00, 0x00, 0xF4, 0x00, 0x00, 0x00, 0x7C, 0x00, 0x2F, 0xF4, 0x3E,
    0x04, 0x3F, 0xFF, 0xEF, 0x0B, 0x1F, 0x9A, 0xFF, 0xFF, 0xC6, 0x00, 0x0B, 0xFF, 0xC0, 0x00, 0x01,
    0xF5, 0x00, 0x00, 0x00, 0xB8, 0x00, 0x05, 0x55, 0x7E, 0x55, 0x47, 0xFF, 0xFF, 0xFF, 0xF1, 0xFF,
    0xFF, 0xFF, 0xFC, 0x00, 0x03, 0xC0, 0x00, 0x00, 0x02, 0xF0, 0x00, 0x01, 0x55, 0xF9, 0x55, 0x51,
    0xFF, 0xFF, 0xFF, 0xFC, 0x7F, 0xFF, 0xFF, 0xFF, 0x00, 0x0F, 0x00, 0x00, 0x00, 0x0B, 0xC0, 0x00,
    0x00, 0x03, 0xD0, 0x00, 0x00, 0x00, 0x70, 0x00, 0x00, 0x00, 0x01, 0x50, 0x00, 0x00, 0x07, 0xFF,
    0xE0, 0x00, 0x83, 0xFF, 0xFF, 0xA6, 0xF1, 0xE0, 0x1F, 0xFF, 0xFC, 0x50, 0x00, 0x2F, 0xF4, 0x00,
    0x00, 0x00, 0x00, 0x00, 0x15, 0x00, 0x00, 0x00, 0x7F, 0xFE, 0x00, 0x08, 0x3F, 0xFF, 0xFA, 0x6F,
    0x1E, 0x01, 0xFF, 0xFF, 0xC5, 0x00, 0x02, 0xFF, 0x40, 0x00, 0x00, 0x00, 0x00, 0x00, 0x00, 0x00,
    0xF4, 0x00, 0x00, 0x00, 0x3C, 0x00, 0x00, 0x00, 0x2E, 0x00, 0x0B, 0xFE, 0x0F, 0x41, 0x0F, 0xFF,
    0xFF, 0xC2, 0xC7, 0xE6, 0xBF, 0xFF, 0xF1, 0x80, 0x03, 0xFF, 0xF0, 0x00, 0x00, 0xF9, 0x40, 0x00,
    0x00, 0x7C, 0x00, 0x00, 0x05, 0x3E, 0x00, 0x00, 0x7F, 0xFF, 0x00, 0x08, 0x3F, 0xFF, 0xF9, 0x6F,
    0x1E, 0x07, 0xFF, 0xFF, 0xC5, 0x03, 0xE2, 0xFF, 0x40, 0x00, 0xF0, 0x00, 0x00, 0x00, 0xB8, 0x00,
    0x00, 0x00, 0x3D, 0x00, 0x00, 0x00, 0x01, 0x00, 0x00, 0x00, 0x0B, 0xFD, 0x00, 0x01, 0x0F, 0xFF,
    0xF9, 0x02, 0xC7, 0xE6, 0xBF, 0xFF, 0xF1, 0x80, 0x02, 0xFF, 0xF0, 0x00, 0x00, 0x01, 0x40, 0x00,
    0x14, 0x00, 0x00, 0x02, 0xFF, 0xF9, 0x00, 0x71, 0xFF, 0xFF, 0xFF, 0xFC, 0x74, 0x06, 0xFF, 0xFE,
    0x00, 0x00, 0x00, 0x50, 0x00, 0x00, 0x00, 0x00, 0x00, 0x55, 0x55, 0x55, 0x54, 0x7F, 0xFF, 0xFF,
    0xFF, 0x1F, 0xFF, 0xFF, 0xFF, 0xC0, 0x0B, 0xFD, 0x00, 0x01, 0x0F, 0xFF, 0xF9, 0x02, 0xC7, 0xE6,
    0xFF, 0xFF, 0xF1, 0x80, 0x02, 0xFF, 0xF0, 0x00, 0x00, 0x01, 0x40, 0x00, 0x14, 0x00, 0x00, 0x01,
    0xFF, 0xF4, 0x00, 0x20, 0xFF, 0xFF, 0xE9, 0xBC, 0x78, 0x07, 0xFF, 0xFF, 0x14, 0x00, 0x0B, 0xFD,
    0x00, 0x05, 0x00, 0x00, 0x00, 0x7F, 0xFD, 0x00, 0x08, 0x3F, 0xFF, 0xFA, 0x6F, 0x1E, 0x01, 0xFF,
    0xFF, 0xC5, 0x00, 0x02, 0xFF, 0x40, 0x50, 0x00, 0x2F, 0xF4, 0x1E, 0x01, 0xFF, 0xFF, 0xC3, 0xFF,
    0xFF, 0x96, 0xF0, 0x7F, 0xFD, 0x00, 0x08, 0x00, 0x50, 0x00, 0x00, 0x00, 0x00, 0x00, 0x00, 0x01,
    0x55, 0x55, 0x55, 0x51, 0xFF, 0xFF, 0xFF, 0xFC, 0x7F, 0xFF, 0xFF, 0xFF, 0x00, 0x00, 0x00, 0x00,
    0x00, 0x00, 0x00, 0x00, 0x00, 0x55, 0x55, 0x55, 0x54, 0x7F, 0xFF, 0xFF, 0xFF, 0x1F, 0xFF, 0xFF,
    0xFF, 0xC0, 0x14, 0x00, 0x00, 0x08, 0x0F, 0xE4, 0x00, 0x6F, 0xC2, 0xFF, 0xFF, 0xFF, 0xD0, 0x07,
    0xFF, 0xFE, 0x40, 0x00, 0x01, 0x50, 0x00, 0x00, 0x00, 0x00, 0x00, 0x00, 0x00, 0x15, 0x00, 0x00,
    0x07, 0xFF, 0xFE, 0x40, 0x2F, 0xFF, 0xFF, 0xFD, 0x0F, 0xE4, 0x00, 0x6F, 0xC1, 0x40, 0x00, 0x00,
    0x80, 0x00, 0x00, 0x40, 0x00, 0x00, 0x07, 0xFF, 0x40, 0x00, 0x07, 0xFF, 0xF4, 0x00, 0x03, 0xF0,
    0x7F, 0x00, 0x00, 0xF4, 0x07, 0xC0, 0x05, 0xBC, 0x01, 0xF5, 0x47, 0xFF, 0x00, 0x7F, 0xF1, 0xFF,
    0xC0, 0x1F, 0xFC, 0x00, 0x00, 0x00, 0x00, 0x00, 0x00, 0x00, 0x00, 0x00, 0x00, 0x00, 0x00, 0x00,
    0x00, 0x00, 0x00, 0x00, 0x7F, 0xF0, 0x07, 0xFF, 0x1F, 0xFC, 0x01, 0xFF, 0xC1, 0x6F, 0x00, 0x7D,
    0x50, 0x03, 0xD0, 0x2F, 0x00, 0x00, 0xFE, 0x6F, 0xC0, 0x00, 0x1F, 0xFF, 0xC0, 0x00, 0x00, 0xBF,
    0x80, 0x00, 0x00, 0x01, 0x50, 0x00, 0x00, 0x0B, 0xFF, 0x80, 0x00, 0x0B, 0xFF, 0xF8, 0x00, 0x03,
    0xF0, 0x7F, 0x00, 0x00, 0xF4, 0x07, 0xC0, 0x1F, 0xFC, 0x01, 0xFF, 0xC7, 0xFF, 0x00, 0x7F, 0xF0,
    0x55, 0x40, 0x05, 0x54, 0x00, 0x00, 0x00, 0x00, 0x00, 0x00, 0x00, 0x00, 0x00, 0x00, 0x00, 0x00,
    0x00, 0x55, 0x55, 0x55, 0x54, 0x7F, 0xFF, 0xFF, 0xFF, 0x1F, 0xFF, 0xFF, 0xFF, 0xC0, 0x00, 0x02,
    0xE0, 0x00, 0x00, 0x01, 0xFD, 0x00, 0x00, 0x00, 0x7F, 0x40, 0x00, 0x00, 0x0B, 0x80, 0x00, 0x00,
    0x00, 0x00, 0x00, 0x00, 0x00, 0x00, 0x00, 0x07, 0xFF, 0xFF, 0xFF, 0xF1, 0xFF, 0xFF, 0xFF, 0xFC,
    0x15, 0x55, 0x55, 0x55, 0x00, 0x00, 0x00, 0x00, 0x00, 0x00, 0x00, 0x00, 0x00, 0x00, 0x00, 0x00,
    0x00, 0x15, 0x55, 0x55, 0x55, 0x1F, 0xFF, 0xFF, 0xFF, 0xC7, 0xFF, 0xFF, 0xFF, 0xF0, 0x00, 0x02,
    0xE0, 0x00, 0x00, 0x01, 0xFD, 0x00, 0x00, 0x00, 0x7F, 0x40, 0x00, 0x00, 0x0B, 0x80, 0x00, 0x00,
    0x00, 0x00, 0x00, 0x00, 0x00, 0x00, 0x00, 0x01, 0x55, 0x55, 0x55, 0x51, 0xFF, 0xFF, 0xFF, 0xFC,
    0x7F, 0xFF, 0xFF, 0xFF, 0x00, 0x00, 0x00, 0x00, 0x00, 0x00, 0x00, 0x00, 0x00, 0x00, 0x00, 0x00,
    0x00, 0x00, 0x00, 0x00, 0x00, 0x1F, 0xFF, 0xFF, 0xFF, 0xC7, 0xFF, 0xFF, 0xFF, 0xF0, 0x55, 0x55,
    0x55, 0x54, 0x00, 0x00, 0x00, 0x00, 0x00, 0x00, 0x00, 0x00, 0x00, 0x00, 0x2E, 0x00, 0x00, 0x00,
    0x1F, 0xD0, 0x00, 0x00, 0x07, 0xF4, 0x00, 0x00, 0x00, 0xB8, 0x00, 0x00, 0x2E, 0x00, 0x00, 0x00,
    0x0F, 0xE0, 0x00, 0x00, 0x03, 0xF8, 0x00, 0x00, 0x00, 0xBC, 0x00, 0x00, 0x00, 0x00, 0x00, 0x00,
    0x00, 0x00, 0x00, 0x00, 0x00, 0x01, 0x55, 0x55, 0x55, 0x51, 0xFF, 0xFF, 0xFF, 0xFC, 0x7F, 0xFF,
    0xFF, 0xFF, 0x00, 0x00, 0x00, 0x00, 0x00, 0x00, 0x00, 0x00, 0x00, 0x00, 0x00, 0x00, 0x00, 0x00,
    0x00, 0x00, 0x00, 0x1F, 0xFF, 0xFF, 0xFF, 0xC7, 0xFF, 0xFF, 0xFF, 0xF0, 0x55, 0x55, 0x55, 0x54,
    0x00, 0x00, 0x00, 0x00, 0x00, 0x00, 0x00, 0x00, 0x00, 0x00, 0x00, 0x03, 0xD0, 0x00, 0x00, 0x02,
    0xFC, 0x00, 0x00, 0x00, 0xBF, 0x00, 0x00, 0x00, 0x0F, 0x40, 0x00, 0x00, 0x00, 0x3D, 0x00, 0x00,
    0x00, 0x2F, 0xC0, 0x00, 0x00, 0x0B, 0xF0, 0x00, 0x00, 0x00, 0xF4, 0x00, 0x00, 0x00, 0x00, 0x00,
    0x00, 0x00, 0x00, 0x01, 0x55, 0x55, 0x55, 0x51, 0xFF, 0xFF, 0xFF, 0xFC, 0x7F, 0xFF, 0xFF, 0xFF,
    0x00, 0x00, 0x00, 0x00, 0x00, 0x00, 0x00, 0x00, 0x00, 0x00, 0x00, 0x00, 0x00, 0x00, 0x00, 0x00,
    0x00, 0x1F, 0xFF, 0xFF, 0xFF, 0xC7, 0xFF, 0xFF, 0xFF, 0xF0, 0x55, 0x55, 0x55, 0x54, 0x00, 0x00,
    0x00, 0x00, 0x00, 0x00, 0x00, 0x00, 0x02, 0xE0, 0x00, 0x00, 0x00, 0xFE, 0x00, 0x00, 0x00, 0x3F,
    0x80, 0x00, 0x00, 0x0B, 0xC0, 0x00, 0x00, 0x00, 0x2E, 0x00, 0x00, 0x00, 0x00, 0x3F, 0x8B, 0xFF,
    0xFF, 0xFF, 0x3F, 0x8B, 0xFF, 0xFF, 0xFF, 0x2F, 0x01, 0x55, 0x55, 0x55, 0x00, 0x00, 0x00, 0x00,
    0x00, 0x00, 0x00, 0x00, 0x00, 0x00, 0x00, 0x00, 0x00, 0x00, 0x00, 0x2E, 0x00, 0x00, 0x00, 0x00,
    0x3F, 0x8B, 0xFF, 0xFF, 0xFF, 0x3F, 0x8B, 0xFF, 0xFF, 0xFF, 0x2F, 0x01, 0x55, 0x55, 0x55, 0x00,
    0x00, 0x00, 0x00, 0x7C, 0x7F, 0xFF, 0xFF, 0xF0, 0xFF, 0x7F, 0xFF, 0xFF, 0xF0, 0xFF, 0x15, 0x55,
    0x55, 0x50, 0x7D, 0x00, 0x00, 0x00, 0x00, 0x00, 0x00, 0x00, 0x00, 0x00, 0x00, 0x00, 0x00, 0x00,
    0x00, 0x00, 0x00, 0x00, 0x00, 0x00, 0x7C, 0x7F, 0xFF, 0xFF, 0xF0, 0xFF, 0x7F, 0xFF, 0xFF, 0xF0,
    0xFF, 0x15, 0x55, 0x55, 0x50, 0x7D, 0x7F, 0xFF, 0xFF, 0xFF, 0x1F, 0xFF, 0xFF, 0xFF, 0xC1, 0x57,
    0xE6, 0xF5, 0x50, 0x02, 0xE0, 0x3C, 0x00, 0x00, 0xB4, 0x0B, 0x40, 0x00, 0x2E, 0x03, 0xC0, 0x01,
    0x57, 0xE6, 0xF5, 0x51, 0xFF, 0xFF, 0xFF, 0xFC, 0x7F, 0xFF, 0xFF, 0xFF, 0x00, 0x00, 0x06, 0xE4,
    0x00, 0x00, 0x0B, 0xFF, 0x40, 0x00, 0x03, 0xD1, 0xF0, 0x00, 0x01, 0xD0, 0x1D, 0x00, 0x00, 0xB4,
    0x07, 0x40, 0x00, 0x1F, 0x03, 0xC0, 0x00, 0x02, 0xFF, 0xE0, 0x00, 0x00, 0x1F, 0xD0, 0x00, 0x00,
    0x00, 0x00, 0x00, 0x00, 0x00, 0x00, 0x00, 0x07, 0xFF, 0xFF, 0xFF, 0xF1, 0xFF, 0xFF, 0xFF, 0xFC,
    0x15, 0x55, 0x55, 0x55, 0x00, 0x00, 0x00, 0x00, 0x00, 0x00, 0x00, 0x00, 0x00, 0x00, 0x00, 0x00,
    0x00, 0x15, 0x55, 0x55, 0x55, 0x1F, 0xFF, 0xFF, 0xFF, 0xC7, 0xFF, 0xFF, 0xFF, 0xF0, 0x00, 0x6F,
    0xFE, 0x40, 0x01, 0xFF, 0xFF, 0xFD, 0x03, 0xFE, 0x95, 0xBF, 0xE0, 0xB8, 0x00, 0x00, 0xB4, 0x00,
    0x00, 0x00, 0x00, 0x00, 0x00, 0x00, 0x00, 0x00, 0x00, 0x00, 0x00, 0x01, 0xFF, 0xFF, 0xFF, 0xFC,
    0x7F, 0xFF, 0xFF, 0xFF, 0x05, 0x55, 0x55, 0x55, 0x40, 0x00, 0x00, 0x00, 0x00, 0x00, 0x00, 0x00,
    0x00, 0x00, 0x00, 0x00, 0x00, 0x05, 0x55, 0x55, 0x55, 0x47, 0xFF, 0xFF, 0xFF, 0xF1, 0xFF, 0xFF,
    0xFF, 0xFC, 0x00, 0x03, 0xF0, 0x00, 0x00, 0x02, 0xFD, 0x00, 0x00, 0x00, 0xFF, 0xC0, 0x00, 0x00,
    0xBC, 0xF8, 0x00, 0x00, 0x3D, 0x1F, 0x00, 0x00, 0x2F, 0x03, 0xE0, 0x00, 0x0F, 0x40, 0x7C, 0x00,
    0x0F, 0xC0, 0x0F, 0x80, 0x07, 0xD0, 0x01, 0xF0, 0x00, 0x00, 0x00, 0x00, 0x00, 0x00, 0x00, 0x00,
    0x01, 0xFF, 0xFF, 0xFF, 0xFC, 0x7F, 0xFF, 0xFF, 0xFF, 0x05, 0x55, 0x55, 0x55, 0x40, 0x00, 0x00,
    0x00, 0x00, 0x00, 0x00, 0x00, 0x00, 0x00, 0x00, 0x00, 0x00, 0x05, 0x55, 0x55, 0x55, 0x47, 0xFF,
    0xFF, 0xFF, 0xF1, 0xFF, 0xFF, 0xFF, 0xFC, 0x07, 0xD0, 0x01, 0xF0, 0x00, 0xFC, 0x00, 0xF8, 0x00,
    0x0F, 0x40, 0x7C, 0x00, 0x02, 0xF0, 0x3E, 0x00, 0x00, 0x3D, 0x1F, 0x00, 0x00, 0x0B, 0xCF, 0x80,
    0x00, 0x00, 0xFB, 0xC0, 0x00, 0x00, 0x2F, 0xD0, 0x00, 0x00, 0x03, 0xF0, 0x00, 0x00, 0x00, 0x00,
    0x00, 0x00, 0x00, 0x00, 0x00, 0x01, 0xFF, 0xFF, 0xFF, 0xFC, 0x7F, 0xFF, 0xFF, 0xFF, 0x05, 0x55,
    0x55, 0x55, 0x40, 0x00, 0x00, 0x00, 0x00, 0x00, 0x00, 0x00, 0x00, 0x00, 0x00, 0x00, 0x00, 0x05,
    0x55, 0x55, 0x55, 0x47, 0xFF, 0xFF, 0xFF, 0xF1, 0xFF, 0xFF, 0xFF, 0xFC, 0x00, 0x00, 0x00, 0x00,
    0x00, 0x00, 0x20, 0x00, 0x00, 0x00, 0x0C, 0x00, 0x00, 0x00, 0x0B, 0x40, 0x00, 0x00, 0x03, 0xE0,
    0x00, 0x00, 0xFF, 0xFF, 0xFC, 0x00, 0x0B, 0xFF, 0xF4, 0x00, 0x00, 0x7F, 0xF0, 0x00, 0x00, 0x0F,
    0xFC, 0x00, 0x00, 0x07, 0xEF, 0x40, 0x00, 0x03, 0xC0, 0xE0, 0x00, 0x00, 0x80, 0x08, 0x00, 0x00,
    0x00, 0x00, 0x00, 0x00, 0x00, 0x00, 0x00, 0x07, 0xFF, 0xFF, 0xFF, 0xF1, 0xFF, 0xFF, 0xFF, 0xFC,
    0x15, 0x55, 0x55, 0x55, 0x00, 0x00, 0x00, 0x00, 0x00, 0x00, 0x00, 0x00, 0x00, 0x00, 0x00, 0x00,
    0x00, 0x15, 0x55, 0x55, 0x55, 0x1F, 0xFF, 0xFF, 0xFF, 0xC7, 0xFF, 0xFF, 0xFF, 0xF0, 0x00, 0x00,
    0x40, 0x00, 0x00, 0x00, 0x74, 0x00, 0x00, 0x00, 0x3F, 0x00, 0x00, 0x00, 0x1F, 0xD0, 0x00, 0x00,
    0x0F, 0x7C, 0x00, 0x00, 0x07, 0x8B, 0x40, 0x00, 0x03, 0xC0, 0xF0, 0x00, 0x01, 0xE0, 0x2D, 0x00,
    0x00, 0xF0, 0x07, 0xC0, 0x00, 0xBF, 0xFF, 0xF4, 0x00, 0x2F, 0xFF, 0xFD, 0x00, 0x00, 0x00, 0x00,
    0x00, 0x00, 0x00, 0x00, 0x00, 0x1F, 0xFF, 0xFF, 0xFF, 0xC7, 0xFF, 0xFF, 0xFF, 0xF0, 0x55, 0x55,
    0x55, 0x54, 0x00, 0x00, 0x00, 0x00, 0x00, 0x00, 0x00, 0x00, 0x00, 0x00, 0x00, 0x00, 0x00, 0x55,
    0x55, 0x55, 0x54, 0x7F, 0xFF, 0xFF, 0xFF, 0x1F, 0xFF, 0xFF, 0xFF, 0xC0, 0x00, 0x00, 0x00, 0x00,
    0x00, 0x04, 0x00, 0x07, 0xC0, 0x07, 0x00, 0x03, 0x90, 0x01, 0xC0, 0x00, 0xD0, 0x1F, 0xF0, 0xF8,
    0xFE, 0x0E, 0x3C, 0xE7, 0x5D, 0x03, 0x0B, 0x7F, 0xE3, 0x41, 0xC2, 0xDD, 0x00, 0xD0, 0x34, 0xF3,
    0x81, 0x34, 0x07, 0xFC, 0x7F, 0x4D, 0x00, 0x00, 0x00, 0x00, 0x00, 0x00, 0x00, 0x00, 0x00, 0x7F,
    0xFF, 0xFF, 0xFF, 0x1F, 0xFF, 0xFF, 0xFF, 0xC1, 0x55, 0x55, 0x55, 0x50, 0x00, 0x00, 0x00, 0x00,
    0x00, 0x00, 0x00, 0x00, 0x00, 0x00, 0x00, 0x00, 0x01, 0x55, 0x55, 0x55, 0x51, 0xFF, 0xFF, 0xFF,
    0xFC, 0x7F, 0xFF, 0xFF, 0xFF, 0x00, 0x00, 0x00, 0x00, 0x00, 0x00, 0x2B, 0xEB, 0xC0, 0x00, 0x0B,
    0x6E, 0x74, 0x00, 0x02, 0xC7, 0x0E, 0x00, 0x00, 0xA1, 0xC3, 0x80, 0x00, 0x28, 0x70, 0xE0, 0x00,
    0x0A, 0x0C, 0x38, 0x00, 0x00, 0x00, 0x00, 0x00, 0x00, 0x00, 0x00, 0x00, 0x1F, 0xFF, 0xFF, 0xFF,
    0xC7, 0xFF, 0xFF, 0xFF, 0xF0, 0x55, 0x55, 0x55, 0x54, 0x00, 0x00, 0x00, 0x00, 0x00, 0x00, 0x00,
    0x00, 0x00, 0x00, 0x00, 0x00, 0x00, 0x55, 0x55, 0x55, 0x54, 0x7F, 0xFF, 0xFF, 0xFF, 0x1F, 0xFF,
    0xFF, 0xFF, 0xC0, 0x00, 0x00, 0x00, 0x00, 0x00, 0x01, 0xFC, 0x00, 0x00, 0x00, 0xE7, 0xC0, 0x00,
    0x00, 0x10, 0xF0, 0x00, 0x00, 0x00, 0xB4, 0x00, 0x00, 0x00, 0x38, 0x00, 0x00, 0x00, 0x1C, 0x00,
    0x00, 0x00, 0x01, 0x00, 0x00, 0x00, 0x01, 0xC0, 0x00, 0x00, 0x00, 0x10, 0x00, 0x00, 0x00, 0x00,
    0x00, 0x01, 0xFF, 0xFF, 0xFF, 0xFC, 0x7F, 0xFF, 0xFF, 0xFF, 0x05, 0x55, 0x55, 0x55, 0x40, 0x00,
    0x00, 0x00, 0x00, 0x00, 0x00, 0x00, 0x00, 0x00, 0x00, 0x00, 0x00, 0x05, 0x55, 0x55, 0x55, 0x47,
    0xFF, 0xFF, 0xFF, 0xF1, 0xFF, 0xFF, 0xFF, 0xFC, 0x00, 0x00, 0x00, 0x00, 0x00, 0x00, 0x02, 0xE0,
    0x00, 0x00, 0x00, 0xF4, 0x00, 0x00, 0x00, 0x7C, 0x00, 0x00, 0x00, 0x3E, 0x00, 0x1F, 0xFF, 0xFF,
    0xFF, 0xC7, 0xFF, 0xFF, 0xFF, 0xF0, 0x55, 0x57, 0xE5, 0x54, 0x00, 0x01, 0xF0, 0x00, 0x00, 0x00,
    0xB8, 0x00, 0x00, 0x00, 0x3C, 0x00, 0x00, 0x55, 0x6F, 0x55, 0x54, 0x7F, 0xFF, 0xFF, 0xFF, 0x1F,
    0xFF, 0xFF, 0xFF, 0xC0, 0x02, 0xE0, 0x00, 0x00, 0x00, 0xF4, 0x00, 0x00, 0x00, 0x7C, 0x00, 0x00,
    0x00, 0x2D, 0x00, 0x00, 0x00, 0x00, 0x00, 0x00, 0x00, 0x7F, 0xFF, 0xFF, 0xFF, 0x1F, 0xFF, 0xFF,
    0xFF, 0xC1, 0x55, 0x55, 0x55, 0x50, 0x00, 0x00, 0x00, 0x00, 0x00, 0x00, 0x00, 0x00, 0x00, 0x00,
    0x00, 0x00, 0x07, 0xFF, 0xFF, 0xFF, 0xF1, 0xFF, 0xFF, 0xFF, 0xFC, 0x15, 0x55, 0x55, 0x55, 0x00,
    0x00, 0x00, 0x00, 0x00, 0x00, 0x00, 0x00, 0x00, 0x55, 0x55, 0x55, 0x54, 0x7F, 0xFF, 0xFF, 0xFF,
    0x1F, 0xFF, 0xFF, 0xFF, 0xC0, 0x00, 0x00, 0x00, 0x00, 0x00, 0x00, 0x00, 0xF0, 0x00, 0x00, 0x00,
    0x7C, 0x00, 0x00, 0x00, 0x3D, 0x00, 0x7F, 0xFF, 0xFF, 0xFF, 0x1F, 0xFF, 0xFF, 0xFF, 0xC1, 0x55,
    0x57, 0xE5, 0x50, 0x00, 0x01, 0xF0, 0x00, 0x00, 0x00, 0xB8, 0x00, 0x00, 0x00, 0x3C, 0x00, 0x07,
    0xFF, 0xFF, 0xFF, 0xF1, 0xFF, 0xFF, 0xFF, 0xFC, 0x15, 0x5B, 0xD5, 0x55, 0x00, 0x02, 0xE0, 0x00,
    0x00, 0x00, 0xF4, 0x00, 0x00, 0x55, 0xBD, 0x55, 0x54, 0x7F, 0xFF, 0xFF, 0xFF, 0x1F, 0xFF, 0xFF,
    0xFF, 0xC0, 0x0B, 0x80, 0x00, 0x00, 0x03, 0xD0, 0x00, 0x00, 0x00, 0xF0, 0x00, 0x00, 0x00, 0x00,
    0x00, 0x00, 0x00, 0x15, 0x55, 0x55, 0x55, 0x1F, 0xFF, 0xFF, 0xFF, 0xC7, 0xFF, 0xFF, 0xFF, 0xF0,
    0x00, 0x00, 0x00, 0x00, 0x00, 0x00, 0x00, 0x00, 0x00, 0x00, 0x00, 0x00, 0x07, 0xFF, 0xFF, 0xFF,
    0xF1, 0xFF, 0xFF, 0xFF, 0xFC, 0x15, 0x55, 0x55, 0x55, 0x00, 0x00, 0x00, 0x00, 0x00, 0x00, 0x00,
    0x00, 0x00, 0x00, 0x00, 0x00, 0x00, 0x7F, 0xFF, 0xFF, 0xFF, 0x1F, 0xFF, 0xFF, 0xFF, 0xC1, 0x55,
    0x55, 0x55, 0x50, 0x00, 0x00, 0x00, 0x00, 0x00, 0x00, 0x00, 0x00, 0x05, 0x55, 0x55, 0x55, 0x47,
    0xFF, 0xFF, 0xFF, 0xF1, 0xFF, 0xFF, 0xFF, 0xFC, 0x00, 0x00, 0x00, 0x01, 0x00, 0x00, 0x00, 0x07,
    0xC0, 0x00, 0x00, 0x1F, 0xF0, 0x00, 0x00, 0x7F, 0xF4, 0x00, 0x01, 0xFF, 0x80, 0x00, 0x07, 0xFE,
    0x00, 0x00, 0x1F, 0xF8, 0x00, 0x00, 0x7F, 0xE0, 0x00, 0x00, 0x7F, 0x40, 0x00, 0x00, 0x1F, 0xF4,
    0x00, 0x00, 0x00, 0xBF, 0xE0, 0x00, 0x00, 0x01, 0xFF, 0xD0, 0x00, 0x00, 0x07, 0xFF, 0x80, 0x00,
    0x00, 0x0B, 0xFE, 0x40, 0x00, 0x00, 0x2F, 0xF0, 0x00, 0x00, 0x00, 0x7C, 0x00, 0x00, 0x00, 0x01,
    0x05, 0x55, 0x55, 0x55, 0x47, 0xFF, 0xFF, 0xFF, 0xF1, 0xFF, 0xFF, 0xFF, 0xFC, 0x00, 0x00, 0x00,
    0x00, 0x1E, 0x00, 0x00, 0x00, 0x07, 0xF8, 0x00, 0x00, 0x00, 0x7F, 0xE0, 0x00, 0x00, 0x01, 0xFF,
    0x80, 0x00, 0x00, 0x02, 0xFE, 0x00, 0x00, 0x00, 0x0B, 0xF8, 0x00, 0x00, 0x00, 0x2F, 0xE0, 0x00,
    0x00, 0x00, 0xBF, 0x00, 0x00, 0x00, 0x7F, 0xC0, 0x00, 0x02, 0xFF, 0x80, 0x00, 0x1F, 0xFD, 0x00,
    0x00, 0xBF, 0xE4, 0x00, 0x06, 0xFF, 0x80, 0x00, 0x07, 0xFD, 0x00, 0x00, 0x01, 0xF4, 0x00, 0x00,
    0x00, 0x10, 0x00, 0x00, 0x00, 0x05, 0x55, 0x55, 0x55, 0x47, 0xFF, 0xFF, 0xFF, 0xF1, 0xFF, 0xFF,
    0xFF, 0xFC, 0x00, 0x00, 0x00, 0x00, 0x00, 0x00, 0x00, 0x02, 0xC0, 0x00, 0x00, 0x1F, 0xF0, 0x00,
    0x01, 0xFF, 0xF4, 0x00, 0x1B, 0xFF, 0x40, 0x00, 0xBF, 0xF4, 0x00, 0x03, 0xFF, 0x40, 0x00, 0x01,
    0xFF, 0x40, 0x00, 0x00, 0x1B, 0xFE, 0x40, 0x00, 0x00, 0x1F, 0xFE, 0x40, 0x00, 0x00, 0x2F, 0xFE,
    0x40, 0x00, 0x00, 0x6F, 0xFC, 0x00, 0x00, 0x00, 0x6F, 0x00, 0x00, 0x00, 0x00, 0x41, 0x55, 0x55,
    0x55, 0x51, 0xFF, 0xFF, 0xFF, 0xFC, 0x7F, 0xFF, 0xFF, 0xFF, 0x00, 0x00, 0x00, 0x00, 0x00, 0x00,
    0x00, 0x00, 0x00, 0x55, 0x55, 0x55, 0x54, 0x7F, 0xFF, 0xFF, 0xFF, 0x1F, 0xFF, 0xFF, 0xFF, 0xC0,
    0x00, 0x00, 0x00, 0x00, 0x1E, 0x00, 0x00, 0x00, 0x07, 0xFD, 0x00, 0x00, 0x00, 0x7F, 0xF9, 0x00,
    0x00, 0x00, 0xBF, 0xF9, 0x00, 0x00, 0x00, 0xBF, 0xF8, 0x00, 0x00, 0x00, 0xBF, 0xF0, 0x00, 0x00,
    0x07, 0xFC, 0x00, 0x00, 0x6F, 0xF9, 0x00, 0x06, 0xFF, 0xD0, 0x00, 0x6F, 0xFD, 0x00, 0x01, 0xFF,
    0xE0, 0x00, 0x00, 0x7E, 0x40, 0x00, 0x00, 0x04, 0x00, 0x00, 0x00, 0x01, 0x55, 0x55, 0x55, 0x51,
    0xFF, 0xFF, 0xFF, 0xFC, 0x7F, 0xFF, 0xFF, 0xFF, 0x00, 0x00, 0x00, 0x00, 0x00, 0x00, 0x00, 0x00,
    0x00, 0x55, 0x55, 0x55, 0x54, 0x7F, 0xFF, 0xFF, 0xFF, 0x1F, 0xFF, 0xFF, 0xFF, 0xC0, 0x00, 0x00,
    0x00, 0x00, 0x00, 0x00, 0x00, 0x02, 0xC0, 0x00, 0x00, 0x1F, 0xF0, 0x00, 0x01, 0xFF, 0xF4, 0x00,
    0x1B, 0xFF, 0x40, 0x00, 0xBF, 0xF4, 0x00, 0x03, 0xFF, 0x40, 0x00, 0x01, 0xFF, 0x40, 0x00, 0x00,
    0x1B, 0xFE, 0x40, 0x00, 0x00, 0x1F, 0xFE, 0x40, 0x00, 0x00, 0x2F, 0xFE, 0x40, 0x00, 0x00, 0x6F,
    0xFC, 0x00, 0x00, 0x00, 0x6F, 0x00, 0x00, 0x0B, 0x40, 0x41, 0x55, 0x57, 0xE5, 0x51, 0xFF, 0xFF,
    0xFF, 0xFC, 0x7F, 0xFF, 0xFF, 0xFF, 0x00, 0x00, 0x7C, 0x00, 0x00, 0x00, 0x3D, 0x00, 0x00, 0x55,
    0x6F, 0x55, 0x54, 0x7F, 0xFF, 0xFF, 0xFF, 0x1F, 0xFF, 0xFF, 0xFF, 0xC0, 0x03, 0xD0, 0x00, 0x00,
    0x01, 0xF0, 0x00, 0x00, 0x00, 0x78, 0x00, 0x00, 0x00, 0x00, 0x00, 0x00, 0x00, 0x00, 0x00, 0x00,
    0x00, 0x1E, 0x00, 0x00, 0x00, 0x07, 0xFD, 0x00, 0x00, 0x00, 0x7F, 0xF9, 0x00, 0x00, 0x00, 0xBF,
    0xF9, 0x00, 0x00, 0x00, 0xBF, 0xF8, 0x00, 0x00, 0x00, 0xBF, 0xF0, 0x00, 0x00, 0x07, 0xFC, 0x00,
    0x00, 0x6F, 0xF9, 0x00, 0x06, 0xFF, 0xD0, 0x00, 0x6F, 0xFD, 0x00, 0x01, 0xFF, 0xE0, 0x00, 0x00,
    0x7E, 0x40, 0x00, 0x00, 0x04, 0x00, 0x0B, 0x40, 0x01, 0x55, 0x57, 0xE5, 0x51, 0xFF, 0xFF, 0xFF,
    0xFC, 0x7F, 0xFF, 0xFF, 0xFF, 0x00, 0x00, 0x7C, 0x00, 0x00, 0x00, 0x3D, 0x00, 0x00, 0x55, 0x6F,
    0x55, 0x54, 0x7F, 0xFF, 0xFF, 0xFF, 0x1F, 0xFF, 0xFF, 0xFF, 0xC0, 0x03, 0xD0, 0x00, 0x00, 0x01,
    0xF0, 0x00, 0x00, 0x00, 0x74, 0x00, 0x00, 0x00, 0x00, 0x00, 0x00, 0x00, 0x00, 0x00, 0x00, 0x04,
    0x00, 0x00, 0x00, 0x00, 0x00, 0x07, 0xC0, 0x00, 0x2D, 0x00, 0x00, 0x07, 0xFC, 0x00, 0x1F, 0xD0,
    0x00, 0x03, 0xFF, 0x40, 0x1F, 0xF8, 0x00, 0x02, 0xFF, 0x40, 0x1F, 0xF8, 0x00, 0x02, 0xFF, 0x40,
    0x1F, 0xF8, 0x00, 0x02, 0xFF, 0x40, 0x1F, 0xF8, 0x00, 0x02, 0xFF, 0x40, 0x1F, 0xF8, 0x00, 0x00,
    0xFF, 0x40, 0x07, 0xF8, 0x00, 0x00, 0x0F, 0xF8, 0x00, 0x7F, 0xD0, 0x00, 0x00, 0x2F, 0xF8, 0x00,
    0xBF, 0xD0, 0x00, 0x00, 0x2F, 0xF4, 0x00, 0xFF, 0xD0, 0x00, 0x00, 0x2F, 0xF4, 0x01, 0xFF, 0xC0,
    0x00, 0x00, 0x2F, 0xF4, 0x01, 0xFF, 0x80, 0x00, 0x00, 0x2F, 0xF4, 0x01, 0xFF, 0x80, 0x00, 0x00,
    0x2F, 0xC0, 0x01, 0xFD, 0x00, 0x00, 0x00, 0x2C, 0x00, 0x01, 0xD0, 0x00, 0x00, 0x00, 0x00, 0x00,
    0x00, 0x40, 0x00, 0x00, 0x00, 0x00, 0x00, 0x0F, 0x00, 0x00, 0x78, 0x00, 0x00, 0x00, 0xFE, 0x00,
    0x07, 0xF8, 0x00, 0x00, 0x07, 0xFE, 0x00, 0x2F, 0xF4, 0x00, 0x00, 0x07, 0xFE, 0x00, 0x2F, 0xF4,
    0x00, 0x00, 0x07, 0xFE, 0x00, 0x2F, 0xF4, 0x00, 0x00, 0x07, 0xFE, 0x00, 0x2F, 0xF4, 0x00, 0x00,
    0x07, 0xFE, 0x00, 0x2F, 0xF4, 0x00, 0x00, 0x07, 0xFC, 0x00, 0x2F, 0xD0, 0x00, 0x00, 0xBF, 0xC0,
    0x07, 0xFD, 0x00, 0x00, 0xBF, 0xD0, 0x07, 0xFF, 0x00, 0x00, 0xBF, 0xD0, 0x03, 0xFF, 0x40, 0x00,
    0xBF, 0xE0, 0x02, 0xFF, 0x40, 0x00, 0x7F, 0xE0, 0x02, 0xFF, 0x40, 0x00, 0x7F, 0xE0, 0x02, 0xFF,
    0x40, 0x00, 0x0F, 0xE0, 0x00, 0x7F, 0x40, 0x00, 0x00, 0xE0, 0x00, 0x07, 0x40, 0x00, 0x00, 0x00,
    0x00, 0x00, 0x00, 0x00, 0x00, 0x00, 0x3E, 0x1F, 0x43, 0xEF, 0x40, 0x7F, 0x80, 0x0B, 0xC0, 0x03,
    0xF8, 0x02, 0xFF, 0x00, 0xF7, 0xE0, 0x7C, 0x7C, 0x3E, 0x0F, 0x0F, 0x43, 0xD3, 0xC0, 0xB8, 0xF0,
    0x2E, 0x7C, 0x07, 0xDF, 0x01, 0xE3, 0xC0, 0xB8, 0xF0, 0x2E, 0x3D, 0x0F, 0x4B, 0x83, 0xC1, 0xF2,
    0xE0, 0x3D, 0xF4, 0x07, 0xFC, 0x00, 0xFD, 0x00, 0x3F, 0x40, 0x3F, 0xF4, 0x2F, 0x1F, 0x40, 0x00,
    0x00, 0x01, 0x40, 0x00, 0x00, 0x00, 0xF4, 0x00, 0x00, 0x00, 0x7C, 0x00, 0x00, 0x00, 0x3E, 0x00,
    0x1D, 0x00, 0x1F, 0x1D, 0x0F, 0xF9, 0x5F, 0xFF, 0xC1, 0xFF, 0xFF, 0xFF, 0x80, 0x02, 0xBF, 0xFE,
    0x00, 0x00, 0x00, 0xF4, 0x00, 0x00, 0x00, 0xBC, 0x00, 0x00, 0x00, 0x7E, 0x00, 0x00, 0x0B, 0xFF,
    0xFF, 0x40, 0x2F, 0xFF, 0xFF, 0xFE, 0x0F, 0xEB, 0xC0, 0x6F, 0xC1, 0x43, 0xE0, 0x00, 0x80, 0x01,
    0xF0, 0x00, 0x00, 0x00, 0xF8, 0x00, 0x00, 0x00, 0x3C, 0x00, 0x00, 0x00, 0x01, 0x00, 0x00, 0x00,
    0x00, 0x00, 0x00, 0x00, 0x00, 0x00, 0x01, 0xE0, 0x00, 0x00, 0x00, 0xB8, 0x00, 0x00, 0x00, 0x3D,
    0x00, 0x00, 0x00, 0x0F, 0x00, 0x00, 0x00, 0x07, 0xC0, 0x00, 0x00, 0x02, 0xE0, 0x00, 0x00, 0x00,
    0xF4, 0x04, 0x00, 0x00, 0x3C, 0x1F, 0x00, 0x00, 0x1F, 0x7F, 0xC0, 0x00, 0x0B, 0xFF, 0xD0, 0x00,
    0x07, 0xFE, 0x00, 0x00, 0x1F, 0xF8, 0x00, 0x00, 0x7F, 0xFC, 0x00, 0x01, 0xFF, 0xBE, 0x00, 0x01,
    0xFD, 0x0F, 0x40, 0x00, 0x7F, 0xD7, 0xC0, 0x00, 0x02, 0xFF, 0xF0, 0x00, 0x00, 0x07, 0xFF, 0x40,
    0x00, 0x00, 0x3F, 0xFD, 0x00, 0x00, 0x0F, 0x2F, 0xF8, 0x00, 0x0B, 0x80, 0xBF, 0xC0, 0x03, 0xD0,
    0x01, 0xF0, 0x00, 0xF0, 0x00, 0x04, 0x00, 0x7C, 0x00, 0x00, 0x00, 0x2E, 0x00, 0x00, 0x00, 0x0F,
    0x40, 0x00, 0x00, 0x02, 0xC0, 0x00, 0x00, 0x00, 0x00, 0x00, 0x00, 0x00, 0x00, 0x00, 0x00, 0x00,
    0x00, 0x00, 0x03, 0xC0, 0x00, 0x00, 0x01, 0xF0, 0x00, 0x00, 0x00, 0xB8, 0x00, 0x00, 0x00, 0x3D,
    0x00, 0x00, 0x00, 0x0F, 0x00, 0x07, 0x80, 0x07, 0x80, 0x01, 0xFE, 0x02, 0xD0, 0x00, 0x1F, 0xF8,
    0xF0, 0x00, 0x00, 0x7F, 0xFC, 0x00, 0x00, 0x00, 0xBF, 0x80, 0x00, 0x00, 0x0F, 0xFE, 0x00, 0x00,
    0x03, 0xDB, 0xF8, 0x00, 0x01, 0xF0, 0x2F, 0xC0, 0x00, 0xB8, 0x1F, 0xF0, 0x00, 0x3E, 0xBF, 0xE0,
    0x00, 0x0F, 0xFF, 0x40, 0x00, 0x2F, 0xF9, 0x00, 0x01, 0xBF, 0xF0, 0x00, 0x01, 0xFF, 0xF4, 0x00,
    0x00, 0x7D, 0x3C, 0x00, 0x00, 0x04, 0x1F, 0x00, 0x00, 0x00, 0x0B, 0x80, 0x00, 0x00, 0x03, 0xD0,
    0x00, 0x00, 0x00, 0xF0, 0x00, 0x00, 0x00, 0x7C, 0x00, 0x00, 0x00, 0x2D, 0x00, 0x00, 0x00, 0x0B,
    0x00, 0x00, 0x00, 0x00, 0x00, 0x00, 0x00, 0x00, 0x00, 0x00, 0x00, 0x00, 0x00, 0x00, 0x02, 0xD0,
    0x00, 0x00, 0x00, 0xF4, 0x00, 0x00, 0x00, 0x3C, 0x00, 0x00, 0x00, 0x1F, 0x01, 0x00, 0x00, 0x0B,
    0x87, 0xC0, 0x00, 0x03, 0xEF, 0xF0, 0x00, 0x00, 0xFF, 0xF4, 0x00, 0x01, 0xFF, 0x80, 0x00, 0x07,
    0xFF, 0x00, 0x00, 0x1F, 0xFF, 0x40, 0x00, 0x7F, 0xE7, 0xC0, 0x00, 0x7F, 0x41, 0xF0, 0x00, 0x1F,
    0xF4, 0xB8, 0x00, 0x00, 0xBF, 0xFD, 0x00, 0x00, 0x01, 0xFF, 0xD0, 0x00, 0x00, 0x0F, 0xFF, 0x80,
    0x00, 0x02, 0xEB, 0xFE, 0x40, 0x00, 0xF0, 0x2F, 0xF0, 0x00, 0x3C, 0x00, 0x7C, 0x00, 0x2E, 0x00,
    0x01, 0x05, 0x5F, 0xD5, 0x55, 0x47, 0xFF, 0xFF, 0xFF, 0xF1, 0xFF, 0xFF, 0xFF, 0xFC, 0x00, 0xB8,
    0x00, 0x00, 0x00, 0x3D, 0x00, 0x00, 0x00, 0x0F, 0x00, 0x00, 0x00, 0x03, 0xC0, 0x00, 0x00, 0x00,
    0x00, 0x00, 0x00, 0x00, 0x00, 0x00, 0x00, 0x00, 0x00, 0x00, 0x03, 0xC0, 0x00, 0x00, 0x01, 0xF0,
    0x00, 0x00, 0x00, 0xB8, 0x00, 0x00, 0x00, 0x3D, 0x00, 0x1E, 0x00, 0x0F, 0x00, 0x07, 0xF8, 0x07,
    0x80, 0x00, 0x7F, 0xE2, 0xD0, 0x00, 0x01, 0xFF, 0xF0, 0x00, 0x00, 0x02, 0xFE, 0x00, 0x00, 0x00,
    0x2F, 0xF8, 0x00, 0x00, 0x0F, 0xAF, 0xE0, 0x00, 0x03, 0xC0, 0xBF, 0x00, 0x01, 0xF0, 0x7F, 0xC0,
    0x00, 0xBE, 0xFF, 0x80, 0x00, 0x3F, 0xFD, 0x00, 0x00, 0xBF, 0xE4, 0x00, 0x06, 0xFF, 0xC0, 0x00,
    0x07, 0xFF, 0xE0, 0x00, 0x01, 0xF4, 0xF4, 0x00, 0x00, 0x10, 0x3C, 0x00, 0x00, 0x05, 0x6F, 0x55,
    0x55, 0x47, 0xFF, 0xFF, 0xFF, 0xF1, 0xFF, 0xFF, 0xFF, 0xFC, 0x00, 0xF0, 0x00, 0x00, 0x00, 0x7C,
    0x00, 0x00, 0x00, 0x2D, 0x00, 0x00, 0x00, 0x0B, 0x00, 0x00, 0x00, 0x00, 0x00, 0x00, 0x00, 0x00,
    0x00, 0x00, 0x00, 0x01, 0x00, 0x00, 0x00, 0x1B, 0xC0, 0x00, 0x01, 0xBF, 0xF0, 0x00, 0x0B, 0xFF,
    0x90, 0x00, 0x7F, 0xF9, 0x00, 0x06, 0xFF, 0x90, 0x00, 0x07, 0xFD, 0x00, 0x00, 0x00, 0xFF, 0xD0,
    0x00, 0x00, 0x02, 0xFF, 0xD0, 0x00, 0x00, 0x06, 0xFF, 0xD0, 0x00, 0x00, 0x07, 0xFF, 0xD0, 0x00,
    0x00, 0x07, 0xFC, 0x00, 0x00, 0x00, 0x0B, 0x00, 0x00, 0x00, 0x00, 0x00, 0x04, 0x00, 0x00, 0x00,
    0x7F, 0xFD, 0x00, 0x08, 0x3F, 0xFF, 0xF9, 0x6F, 0x1E, 0x01, 0xFF, 0xFF, 0xC5, 0x00, 0x01, 0xFF,
    0x40, 0x00, 0x00, 0x00, 0x00, 0x10, 0x00, 0x00, 0x00, 0x1F, 0x90, 0x00, 0x00, 0x03, 0xFF, 0x80,
    0x00, 0x00, 0x1B, 0xFF, 0x40, 0x00, 0x00, 0x1B, 0xFF, 0x40, 0x00, 0x00, 0x1B, 0xFE, 0x40, 0x00,
    0x00, 0x1F, 0xF0, 0x00, 0x00, 0x2F, 0xFC, 0x00, 0x02, 0xFF, 0xE0, 0x00, 0x2F, 0xFE, 0x40, 0x02,
    0xFF, 0xE4, 0x00, 0x01, 0xFF, 0x40, 0x00, 0x00, 0x78, 0x00, 0x00, 0x00, 0x00, 0x00, 0x00, 0x00,
    0x00, 0x04, 0x00, 0x00, 0x00, 0x7F, 0xFD, 0x00, 0x08, 0x3F, 0xFF, 0xF9, 0x6F, 0x1E, 0x01, 0xFF,
    0xFF, 0xC5, 0x00, 0x01, 0xFF, 0x40, 0x00, 0x00, 0x00, 0x00, 0x00, 0x00, 0x00, 0x00, 0x00, 0x00,
    0x00, 0xB4, 0x00, 0x00, 0x00, 0x3D, 0x00, 0x00, 0x00, 0x0F, 0x00, 0x00, 0x00, 0x07, 0xC1, 0x00,
    0x00, 0x02, 0xFB, 0xC0, 0x00, 0x01, 0xFF, 0xF0, 0x00, 0x0B, 0xFF, 0x90, 0x00, 0x7F, 0xFF, 0x00,
    0x06, 0xFF, 0x9B, 0x80, 0x07, 0xFD, 0x03, 0xD0, 0x00, 0xFF, 0xD0, 0xF0, 0x00, 0x02, 0xFF, 0xFC,
    0x00, 0x00, 0x06, 0xFF, 0xD0, 0x00, 0x00, 0x0F, 0xFF, 0xD0, 0x00, 0x03, 0xC7, 0xFC, 0x00, 0x01,
    0xE0, 0x0B, 0x00, 0x00, 0xB4, 0x00, 0x00, 0x04, 0x3C, 0x00, 0x00, 0x7F, 0xFF, 0x00, 0x08, 0x3F,
    0xFF, 0xF9, 0x6F, 0x1E, 0x03, 0xFF, 0xFF, 0xC5, 0x00, 0xF5, 0xFF, 0x40, 0x00, 0x7C, 0x00, 0x00,
    0x00, 0x2E, 0x00, 0x00, 0x00, 0x0F, 0x40, 0x00, 0x00, 0x03, 0xC0, 0x00, 0x00, 0x00, 0xF0, 0x00,
    0x00, 0x00, 0x00, 0x00, 0x00, 0x00, 0x00, 0x00, 0x00, 0x00, 0x00, 0x00, 0x03, 0xC0, 0x00, 0x00,
    0x01, 0xF0, 0x00, 0x00, 0x00, 0xB8, 0x00, 0x00, 0x00, 0x3D, 0x00, 0x04, 0x00, 0x0F, 0x00, 0x07,
    0xE4, 0x07, 0x80, 0x00, 0xFF, 0xE2, 0xD0, 0x00, 0x06, 0xFF, 0xF4, 0x00, 0x00, 0x06, 0xFF, 0xD0,
    0x00, 0x00, 0x2F, 0xFF, 0x90, 0x00, 0x0F, 0x47, 0xFC, 0x00, 0x03, 0xDB, 0xFF, 0x00, 0x02, 0xFF,
    0xF8, 0x00, 0x0B, 0xFF, 0x90, 0x00, 0xBF, 0xFE, 0x00, 0x00, 0x7F, 0xEF, 0x00, 0x00, 0x1E, 0x07,
    0xC0, 0x00, 0x00, 0x02, 0xE0, 0x00, 0x00, 0x01, 0xF4, 0x00, 0x00, 0x1F, 0xFF, 0x40, 0x02, 0x0F,
    0xFF, 0xFE, 0x5B, 0xC7, 0x8B, 0xFF, 0xFF, 0xF1, 0x43, 0xD0, 0x7F, 0xD0, 0x00, 0xF0, 0x00, 0x00,
    0x00, 0x7C, 0x00, 0x00, 0x00, 0x2D, 0x00, 0x00, 0x00, 0x0B, 0x00, 0x00, 0x00, 0x00, 0x00, 0x00,
    0x00, 0x00, 0x00, 0x00, 0x00, 0x01, 0x00, 0x00, 0x00, 0x1F, 0xC0, 0x00, 0x01, 0xBF, 0xF0, 0x00,
    0x0B, 0xFF, 0x80, 0x00, 0xBF, 0xF8, 0x00, 0x07, 0xFF, 0x80, 0x00, 0x07, 0xFD, 0x00, 0x00, 0x00,
    0xFF, 0xE0, 0x00, 0x00, 0x02, 0xFF, 0xE0, 0x00, 0x00, 0x02, 0xFF, 0xE0, 0x00, 0x00, 0x06, 0xFF,
    0xE1, 0xF4, 0x00, 0x07, 0xFC, 0x7F, 0xF4, 0x00, 0x07, 0x02, 0xFF, 0xE4, 0x00, 0x00, 0x02, 0xFF,
    0xE0, 0x00, 0x00, 0x02, 0xFF, 0xE0, 0x00, 0x00, 0x02, 0xFF, 0x00, 0x00, 0x01, 0xBF, 0xC0, 0x00,
    0x1B, 0xFE, 0x40, 0x01, 0xBF, 0xF4, 0x00, 0x1B, 0xFF, 0x80, 0x00, 0x1F, 0xF9, 0x00, 0x00, 0x07,
    0x90, 0x00, 0x00, 0x00, 0x00, 0x00, 0x00, 0x00, 0x10, 0x00, 0x00, 0x00, 0x1F, 0x90, 0x00, 0x00,
    0x03, 0xFF, 0x90, 0x00, 0x00, 0x1B, 0xFF, 0x80, 0x00, 0x00, 0x1B, 0xFF, 0x40, 0x00, 0x00, 0x1B,
    0xFF, 0x40, 0x00, 0x00, 0x1F, 0xF0, 0x00, 0x00, 0x6F, 0xFC, 0x00, 0x06, 0xFF, 0xD0, 0x00, 0x6F,
    0xFE, 0x00, 0x02, 0xFF, 0xE4, 0x00, 0x01, 0xFE, 0x40, 0x00, 0xBC, 0x74, 0x00, 0x07, 0xFF, 0x00,
    0x00, 0x6F, 0xFD, 0x00, 0x06, 0xFF, 0xE0, 0x00, 0x2F, 0xFE, 0x00, 0x00, 0x7F, 0xE0, 0x00, 0x00,
    0x1F, 0xF9, 0x00, 0x00, 0x00, 0x7F, 0xF9, 0x00, 0x00, 0x00, 0xBF, 0xF9, 0x00, 0x00, 0x00, 0xBF,
    0xF9, 0x00, 0x00, 0x01, 0xBF, 0xC0, 0x00, 0x00, 0x01, 0xB0, 0x00, 0x00, 0x00, 0x00, 0x00, 0x00,
    0x00, 0x00, 0x00, 0x00, 0x00, 0xB4, 0x00, 0x00, 0x00, 0x3D, 0x10, 0x00, 0x00, 0x0F, 0xFC, 0x00,
    0x00, 0x1F, 0xFF, 0x00, 0x00, 0xBF, 0xF8, 0x00, 0x0B, 0xFF, 0xF4, 0x00, 0x7F, 0xF8, 0x3C, 0x00,
    0x7F, 0xD0, 0x1F, 0x00, 0x0F, 0xFE, 0x0B, 0x80, 0x00, 0x2F, 0xFF, 0xD0, 0x00, 0x00, 0x2F, 0xFE,
    0x00, 0x00, 0x00, 0xBF, 0xFE, 0x1F, 0x40, 0x2E, 0x7F, 0xC7, 0xFF, 0x4F, 0x00, 0x70, 0x2F, 0xFF,
    0xC0, 0x00, 0x00, 0x2F, 0xFE, 0x00, 0x00, 0x00, 0xFF, 0xFE, 0x00, 0x00, 0x3C, 0x2F, 0xF0, 0x00,
    0x1F, 0x1B, 0xFC, 0x00, 0x0B, 0xFF, 0xE4, 0x00, 0x1B, 0xFF, 0x40, 0x01, 0xBF, 0xF8, 0x00, 0x01,
    0xFF, 0xFC, 0x00, 0x00, 0x79, 0x2E, 0x00, 0x00, 0x00, 0x0F, 0x40, 0x00, 0x00, 0x03, 0xC0, 0x00,
    0x00, 0x00, 0xF0, 0x00, 0x00, 0x00, 0x00, 0x00, 0x00, 0x00, 0x00, 0x00, 0x00, 0x00, 0x00, 0x00,
    0x01, 0xE0, 0x01, 0x00, 0x00, 0xB8, 0x01, 0xF9, 0x00, 0x3D, 0x00, 0x3F, 0xF9, 0x0F, 0x00, 0x01,
    0xBF, 0xFF, 0xC0, 0x00, 0x01, 0xBF, 0xF4, 0x00, 0x00, 0x01, 0xFF, 0xF4, 0x00, 0x00, 0x3D, 0xFF,
    0x00, 0x00, 0x1F, 0xFF, 0xC0, 0x00, 0x6F, 0xFD, 0x00, 0x06, 0xFF, 0xF0, 0x00, 0x2F, 0xFF, 0xF0,
    0x00, 0x1F, 0xE4, 0xB8, 0x0B, 0xC7, 0x40, 0x3E, 0x7F, 0xF0, 0x00, 0x0F, 0xFF, 0xD0, 0x00, 0x6F,
    0xFE, 0x00, 0x02, 0xFF, 0xF0, 0x00, 0x07, 0xFE, 0xF4, 0x00, 0x01, 0xFF, 0xBC, 0x00, 0x00, 0x07,
    0xFF, 0x90, 0x00, 0x00, 0x0F, 0xFF, 0x90, 0x00, 0x03, 0xEB, 0xFF, 0x90, 0x00, 0xF0, 0x1B, 0xFC,
    0x00, 0x7C, 0x00, 0x1B, 0x00, 0x2E, 0x00, 0x00, 0x00, 0x0F, 0x40, 0x00, 0x00, 0x02, 0xC0, 0x00,
    0x00, 0x00, 0x00, 0x00, 0x00, 0x00, 0x00, 0x00, 0x00, 0x00, 0x00, 0x00, 0x00, 0x1C, 0x00, 0x00,
    0x00, 0xBC, 0x00, 0x00, 0x07, 0xF8, 0x00, 0x00, 0x2F, 0xD0, 0x00, 0x02, 0xFF, 0x00, 0x00, 0x2F,
    0xF4, 0x00, 0x07, 0xFF, 0x40, 0x00, 0x7F, 0xF4, 0x00, 0x00, 0x3F, 0xF8, 0x00, 0x00, 0x01, 0xFF,
    0x80, 0x00, 0x00, 0x0B, 0xF8, 0x00, 0x00, 0x00, 0xBF, 0x40, 0x00, 0x00, 0x1F, 0xF0, 0x00, 0x00,
    0x02, 0xFC, 0x00, 0x00, 0x00, 0x3C, 0x00, 0x00, 0x00, 0x0C, 0x00, 0x00, 0x00, 0x00, 0x00, 0x00,
    0x00, 0x00, 0x70, 0x00, 0x00, 0x00, 0x7D, 0x00, 0x00, 0x00, 0x3F, 0x80, 0x00, 0x00, 0x0B, 0xF8,
    0x00, 0x00, 0x01, 0xFF, 0x40, 0x00, 0x00, 0x2F, 0xF4, 0x00, 0x00, 0x02, 0xFF, 0x90, 0x00, 0x00,
    0x1F, 0xFC, 0x00, 0x00, 0x2F, 0xFC, 0x00, 0x02, 0xFF, 0x80, 0x00, 0x2F, 0xF4, 0x00, 0x01, 0xFF,
    0x40, 0x00, 0x0F, 0xF4, 0x00, 0x00, 0x3F, 0x80, 0x00, 0x00, 0x7D, 0x00, 0x00, 0x00, 0x70, 0x00,
    0x00, 0x00, 0x00, 0x00, 0x00, 0x00, 0x00, 0x00, 0x00, 0x00, 0x00, 0x00, 0x00, 0x0C, 0x00, 0x00,
    0x00, 0x7C, 0x00, 0x00, 0x02, 0xFC, 0x00, 0x00, 0x2F, 0xE0, 0x00, 0x06, 0xFF, 0x40, 0x01, 0xFF,
    0xF4, 0x00, 0x7F, 0xF9, 0x00, 0x00, 0x3F, 0xFE, 0x00, 0x00, 0x01, 0xBF, 0xF4, 0x00, 0x00, 0x07,
    0xFF, 0x40, 0x00, 0x00, 0x2F, 0xE0, 0x10, 0x00, 0x02, 0xFC, 0x7F, 0x80, 0x00, 0x7C, 0x7F, 0xF9,
    0x00, 0x0C, 0x02, 0xFF, 0xC0, 0x00, 0x00, 0x1B, 0xF8, 0x00, 0x00, 0x00, 0xFF, 0x40, 0x00, 0x00,
    0x1F, 0xE0, 0x00, 0x00, 0x02, 0xF8, 0x00, 0x00, 0x00, 0x7C, 0x00, 0x00, 0x00, 0x0C, 0x00, 0x00,
    0x00, 0x00, 0x00, 0x00, 0x00, 0x00, 0x60, 0x00, 0x00, 0x00, 0x7C, 0x00, 0x00, 0x00, 0x3F, 0x40,
    0x00, 0x00, 0x0F, 0xF4, 0x00, 0x00, 0x01, 0xFF, 0x90, 0x00, 0x00, 0x2F, 0xFE, 0x40, 0x00, 0x01,
    0xBF, 0xFC, 0x00, 0x00, 0xBF, 0xFC, 0x00, 0x1F, 0xFE, 0x40, 0x01, 0xFF, 0xD0, 0x00, 0x0B, 0xF8,
    0x00, 0x00, 0x3F, 0x80, 0x00, 0x04, 0x7D, 0x00, 0x01, 0xFC, 0x70, 0x00, 0x2F, 0xFC, 0x00, 0x03,
    0xFF, 0x80, 0x00, 0x2F, 0xE4, 0x00, 0x01, 0xFE, 0x00, 0x00, 0x0B, 0xF4, 0x00, 0x00, 0x2F, 0x80,
    0x00, 0x00, 0x7D, 0x00, 0x00, 0x00, 0x70, 0x00, 0x00, 0x00, 0x40, 0x00, 0x00, 0x00, 0x00, 0x00,
    0x00, 0x00, 0x00, 0x00, 0x00, 0x00, 0x00, 0x00, 0x00, 0x01, 0xC0, 0x00, 0x00, 0x02, 0xF0, 0x00,
    0x00, 0x0B, 0xF8, 0x00, 0x00, 0x6F, 0xF4, 0x00, 0x06, 0xFF, 0xD0, 0x01, 0xBF, 0xFE, 0x40, 0x01,
    0xFF, 0xE0, 0x00, 0x00, 0x2F, 0xFF, 0x90, 0x00, 0x00, 0x1B, 0xFF, 0x80, 0x00, 0x00, 0x0B, 0xFE,
    0x00, 0x00, 0x00, 0x1F, 0xF4, 0x00, 0x00, 0x00, 0x7F, 0x00, 0x00, 0x00, 0x02, 0xC0, 0x00, 0x00,
    0x00, 0x20, 0x01, 0x00, 0x00, 0x00, 0x1F, 0xFF, 0x40, 0x02, 0x0F, 0xFF, 0xFE, 0x5B, 0xC7, 0x80,
    0x7F, 0xFF, 0xF1, 0x40, 0x00, 0x7F, 0xD0, 0x00, 0x00, 0x00, 0x00, 0x00, 0x00, 0x00, 0x00, 0x00,
    0x1C, 0x00, 0x00, 0x00, 0x07, 0xE0, 0x00, 0x00, 0x00, 0xBF, 0x40, 0x00, 0x00, 0x07, 0xFE, 0x00,
    0x00, 0x00, 0x1F, 0xFE, 0x00, 0x00, 0x00, 0x6F, 0xFE, 0x40, 0x00, 0x00, 0x7F, 0xFC, 0x00, 0x01,
    0xBF, 0xFE, 0x00, 0x0B, 0xFF, 0x90, 0x00, 0x2F, 0xF8, 0x00, 0x00, 0x7F, 0xD0, 0x00, 0x00, 0x7F,
    0x40, 0x00, 0x00, 0x1E, 0x00, 0x00, 0x00, 0x06, 0x00, 0x00, 0x00, 0x00, 0x01, 0x40, 0x00, 0x00,
    0x1F, 0xFF, 0x40, 0x02, 0x0F, 0xFF, 0xFE, 0x5B, 0xC7, 0x80, 0x6F, 0xFF, 0xF1, 0x40, 0x00, 0xBF,
    0xD0, 0x00, 0x00, 0x00, 0x00, 0x00, 0x00, 0x00, 0x00, 0x00, 0x00, 0x00, 0x07, 0x80, 0x00, 0x00,
    0x0B, 0x80, 0x00, 0x00, 0x0F, 0x40, 0x00, 0x00, 0x0F, 0x1C, 0x00, 0x00, 0x1F, 0x7C, 0x00, 0x00,
    0x2F, 0xFC, 0x00, 0x00, 0x3F, 0xE0, 0x00, 0x01, 0xFF, 0x00, 0x00, 0x2F, 0xFC, 0x00, 0x06, 0xFF,
    0xF4, 0x00, 0x7F, 0xF4, 0xF0, 0x00, 0x3F, 0xF9, 0xF0, 0x00, 0x06, 0xFF, 0xE0, 0x00, 0x00, 0x1F,
    0xF8, 0x00, 0x00, 0x03, 0xFF, 0x40, 0x00, 0x07, 0xDF, 0xE0, 0x00, 0x0B, 0x82, 0xFC, 0x00, 0x0F,
    0x40, 0x7C, 0x00, 0x0F, 0x00, 0x0C, 0x00, 0x1F, 0x00, 0x00, 0x00, 0x00, 0x00, 0x00, 0x00, 0x00,
    0x00, 0x00, 0x00, 0x00, 0x78, 0x00, 0x00, 0x00, 0xB8, 0x00, 0x00, 0x00, 0xF4, 0x00, 0x70, 0x00,
    0xF0, 0x00, 0x7D, 0x01, 0xF0, 0x00, 0x3F, 0x82, 0xE0, 0x00, 0x0B, 0xF7, 0xD0, 0x00, 0x01, 0xFF,
    0xC0, 0x00, 0x00, 0x2F, 0xF4, 0x00, 0x00, 0x0B, 0xFF, 0x90, 0x00, 0x0F, 0x5F, 0xFC, 0x00, 0x0F,
    0x6F, 0xFC, 0x00, 0x1F, 0xFF, 0x80, 0x00, 0x3F, 0xF4, 0x00, 0x01, 0xFF, 0x40, 0x00, 0x0B, 0xFC,
    0x00, 0x00, 0x3F, 0xFC, 0x00, 0x00, 0x7C, 0xF8, 0x00, 0x00, 0x70, 0xF4, 0x00, 0x00, 0x00, 0xF0,
    0x00, 0x00, 0x00, 0x00, 0x00, 0x00, 0x00, 0x00, 0x05, 0x55, 0x55, 0x00, 0x02, 0xFF, 0xFF, 0xFF,
    0xD0, 0x0B, 0xFF, 0xFF, 0xFF, 0xF4, 0x0F, 0xF9, 0x00, 0x00, 0x00, 0x0B, 0xE0, 0x00, 0x00, 0x00,
    0x07, 0xD0, 0x00, 0x00, 0x00, 0x02, 0xF0, 0x00, 0x00, 0x00, 0x00, 0xF4, 0x00, 0x00, 0x00, 0x00,
    0x3C, 0x00, 0x00, 0x00, 0x00, 0x1F, 0x00, 0x00, 0x00, 0x00, 0x07, 0xC0, 0x00, 0x00, 0x00, 0x00,
    0xF0, 0x00, 0x00, 0x00, 0x00, 0x3D, 0x00, 0x00, 0x00, 0x00, 0x0F, 0x80, 0x00, 0x00, 0x00, 0x02,
    0xF0, 0x00, 0x00, 0x00, 0x00, 0x3E, 0x00, 0x00, 0x00, 0x00, 0x07, 0xF0, 0x00, 0x00, 0x00, 0x00,
    0xBF, 0xE5, 0x55, 0x55, 0x40, 0x07, 0xFF, 0xFF, 0xFF, 0xF4, 0x00, 0x1A, 0xFF, 0xFF, 0xFD, 0x15,
    0x55, 0x54, 0x00, 0x00, 0x1F, 0xFF, 0xFF, 0xFE, 0x00, 0x07, 0xFF, 0xFF, 0xFF, 0xF8, 0x00, 0x00,
    0x00, 0x01, 0xBF, 0xC0, 0x00, 0x00, 0x00, 0x01, 0xFC, 0x00, 0x00, 0x00, 0x00, 0x1F, 0x40, 0x00,
    0x00, 0x00, 0x03, 0xF0, 0x00, 0x00, 0x00, 0x00, 0x7C, 0x00, 0x00, 0x00, 0x00, 0x0F, 0x00, 0x00,
    0x00, 0x00, 0x03, 0xD0, 0x00, 0x00, 0x00, 0x00, 0xF4, 0x00, 0x00, 0x00, 0x00, 0x3D, 0x00, 0x00,
    0x00, 0x00, 0x0F, 0x00, 0x00, 0x00, 0x00, 0x07, 0xC0, 0x00, 0x00, 0x00, 0x03, 0xE0, 0x00, 0x00,
    0x00, 0x02, 0xF0, 0x00, 0x00, 0x00, 0x02, 0xF8, 0x05, 0x55, 0x55, 0x6F, 0xF8, 0x07, 0xFF, 0xFF,
    0xFF, 0xF4, 0x01, 0xFF, 0xFF, 0xFF, 0x90, 0x00, 0x00, 0x00, 0x00, 0x00, 0x00, 0x00, 0x00, 0x00,
    0x00, 0x0F, 0x00, 0x00, 0x00, 0x00, 0x07, 0xC0, 0x00, 0x00, 0x00, 0x03, 0xE0, 0x00, 0x00, 0x05,
    0x55, 0xF9, 0x00, 0x02, 0xFF, 0xFF, 0xFF, 0xD0, 0x0B, 0xFF, 0xFF, 0xFF, 0xF4, 0x0F, 0xF9, 0x00,
    0x1F, 0x00, 0x0B, 0xE0, 0x00, 0x0B, 0x80, 0x07, 0xD0, 0x00, 0x03, 0xD0, 0x02, 0xF0, 0x00, 0x01,
    0xF0, 0x00, 0xF4, 0x00, 0x00, 0xF8, 0x00, 0x3C, 0x00, 0x00, 0x3C, 0x00, 0x1F, 0x00, 0x00, 0x2F,
    0x00, 0x07, 0xC0, 0x00, 0x0F, 0x40, 0x00, 0xF0, 0x00, 0x07, 0xC0, 0x00, 0x3D, 0x00, 0x02, 0xE0,
    0x00, 0x0F, 0x80, 0x00, 0xF4, 0x00, 0x02, 0xF0, 0x00, 0x7C, 0x00, 0x00, 0x3E, 0x00, 0x3E, 0x00,
    0x00, 0x0B, 0xF0, 0x0F, 0x00, 0x00, 0x00, 0xBF, 0xEB, 0xD5, 0x55, 0x40, 0x07, 0xFF, 0xFF, 0xFF,
    0xF4, 0x00, 0x1B, 0xFF, 0xFF, 0xFD, 0x00, 0x00, 0xF8, 0x00, 0x00, 0x00, 0x00, 0x3C, 0x00, 0x00,
    0x00, 0x00, 0x2F, 0x00, 0x00, 0x00, 0x00, 0x06, 0x40, 0x00, 0x00, 0x00, 0x00, 0x00, 0x00, 0x00,
    0x00, 0x00, 0x00, 0x74, 0x00, 0x00, 0x00, 0x00, 0x3D, 0x00, 0x00, 0x00, 0x00, 0x1F, 0x00, 0x00,
    0x15, 0x55, 0x5B, 0x80, 0x00, 0x1F, 0xFF, 0xFF, 0xFE, 0x00, 0x07, 0xFF, 0xFF, 0xFF, 0xF8, 0x00,
    0x00, 0x00, 0xF9, 0xBF, 0xC0, 0x00, 0x00, 0x3C, 0x02, 0xFC, 0x00, 0x00, 0x2F, 0x00, 0x2F, 0x40,
    0x00, 0x0F, 0x40, 0x03, 0xF0, 0x00, 0x07, 0xC0, 0x00, 0x7C, 0x00, 0x02, 0xE0, 0x00, 0x0F, 0x40,
    0x00, 0xF4, 0x00, 0x03, 0xD0, 0x00, 0x7C, 0x00, 0x00, 0xF4, 0x00, 0x3E, 0x00, 0x00, 0x3D, 0x00,
    0x0F, 0x00, 0x00, 0x0F, 0x00, 0x0B, 0xC0, 0x00, 0x07, 0xC0, 0x03, 0xD0, 0x00, 0x03, 0xE0, 0x01,
    0xF0, 0x00, 0x02, 0xF0, 0x00, 0xB8, 0x00, 0x02, 0xF8, 0x05, 0x7E, 0x55, 0x6F, 0xF8, 0x07, 0xFF,
    0xFF, 0xFF, 0xF4, 0x01, 0xFF, 0xFF, 0xFF, 0x90, 0x00, 0x07, 0xC0, 0x00, 0x00, 0x00, 0x02, 0xE0,
    0x00, 0x00, 0x00, 0x00, 0xF4, 0x00, 0x00, 0x00, 0x00, 0x1C, 0x00, 0x00, 0x00, 0x00, 0x00, 0x06,
    0xBF, 0xFF, 0xFF, 0x40, 0x1F, 0xFF, 0xFF, 0xFF, 0xD0, 0x2F, 0xF9, 0x55, 0x55, 0x50, 0x1F, 0xD0,
    0x00, 0x00, 0x00, 0x0F, 0x80, 0x00, 0x00, 0x00, 0x0B, 0xC0, 0x00, 0x00, 0x00, 0x03, 0xE0, 0x00,
    0x00, 0x00, 0x00, 0xF4, 0x00, 0x00, 0x00, 0x00, 0x3C, 0x00, 0x00, 0x00, 0x00, 0x1F, 0x00, 0x00,
    0x00, 0x00, 0x07, 0xC0, 0x00, 0x00, 0x00, 0x00, 0xF0, 0x00, 0x00, 0x00, 0x00, 0x3D, 0x00, 0x00,
    0x00, 0x00, 0x0B, 0xC0, 0x00, 0x00, 0x00, 0x01, 0xF4, 0x00, 0x00, 0x00, 0x00, 0x2F, 0x80, 0x00,
    0x00, 0x00, 0x03, 0xFE, 0x40, 0x00, 0x00, 0x00, 0x2F, 0xFF, 0xFF, 0xFF, 0xD0, 0x00, 0xBF, 0xFF,
    0xFF, 0xF4, 0x00, 0x00, 0x15, 0x55, 0x54, 0x00, 0x00, 0x00, 0x00, 0x00, 0x01, 0x55, 0x55, 0x55,
    0x55, 0x40, 0xFF, 0xFF, 0xFF, 0xFF, 0xF4, 0x3F, 0xFF, 0xFF, 0xFF, 0xFD, 0x7F, 0xFF, 0xFF, 0xE4,
    0x00, 0x1F, 0xFF, 0xFF, 0xFF, 0xD0, 0x01, 0x55, 0x55, 0x5B, 0xFE, 0x00, 0x00, 0x00, 0x00, 0x0F,
    0xE0, 0x00, 0x00, 0x00, 0x00, 0xBC, 0x00, 0x00, 0x00, 0x00, 0x0F, 0x80, 0x00, 0x00, 0x00, 0x01,
    0xF0, 0x00, 0x00, 0x00, 0x00, 0x3C, 0x00, 0x00, 0x00, 0x00, 0x0F, 0x40, 0x00, 0x00, 0x00, 0x03,
    0xD0, 0x00, 0x00, 0x00, 0x00, 0xF4, 0x00, 0x00, 0x00, 0x00, 0x3C, 0x00, 0x00, 0x00, 0x00, 0x1F,
    0x00, 0x00, 0x00, 0x00, 0x0F, 0xC0, 0x00, 0x00, 0x00, 0x07, 0xD0, 0x00, 0x00, 0x00, 0x07, 0xF0,
    0x00, 0x00, 0x00, 0x6F, 0xF0, 0x1F, 0xFF, 0xFF, 0xFF, 0xE0, 0x07, 0xFF, 0xFF, 0xFF, 0x80, 0x00,
    0x55, 0x55, 0x50, 0x00, 0x00, 0x00, 0x00, 0x00, 0x00, 0x00, 0x05, 0x55, 0x55, 0x55, 0x55, 0x07,
    0xFF, 0xFF, 0xFF, 0xFF, 0xC1, 0xFF, 0xFF, 0xFF, 0xFF, 0xF0, 0x00, 0x00, 0x00, 0x00, 0x90, 0x00,
    0x00, 0x00, 0x00, 0x7C, 0x00, 0x00, 0x00, 0x00, 0x2E, 0x00, 0x00, 0x00, 0x00, 0x0F, 0x40, 0x00,
    0x06, 0xBF, 0xFF, 0xFF, 0x40, 0x1F, 0xFF, 0xFF, 0xFF, 0xD0, 0x2F, 0xF9, 0x56, 0xF5, 0x50, 0x1F,
    0xD0, 0x00, 0xB8, 0x00, 0x0F, 0x80, 0x00, 0x3D, 0x00, 0x0B, 0xC0, 0x00, 0x1F, 0x00, 0x03, 0xE0,
    0x00, 0x0F, 0x80, 0x00, 0xF4, 0x00, 0x03, 0xC0, 0x00, 0x3C, 0x00, 0x02, 0xF0, 0x00, 0x1F, 0x00,
    0x00, 0xF4, 0x00, 0x07, 0xC0, 0x00, 0x7C, 0x00, 0x00, 0xF0, 0x00, 0x2E, 0x00, 0x00, 0x3D, 0x00,
    0x0F, 0x40, 0x00, 0x0B, 0xC0, 0x07, 0xC0, 0x00, 0x01, 0xF4, 0x03, 0xE0, 0x00, 0x00, 0x3F, 0x80,
    0xF0, 0x00, 0x00, 0x03, 0xFE, 0xBC, 0x00, 0x00, 0x00, 0x2F, 0xFF, 0xFF, 0xFF, 0xD0, 0x00, 0xBF,
    0xFF, 0xFF, 0xF4, 0x00, 0x0B, 0x95, 0x55, 0x54, 0x00, 0x03, 0xC0, 0x00, 0x00, 0x01, 0x56, 0xF5,
    0x55, 0x55, 0x40, 0xFF, 0xFF, 0xFF, 0xFF, 0xF4, 0x3F, 0xFF, 0xFF, 0xFF, 0xFD, 0x00, 0x2E, 0x00,
    0x00, 0x00, 0x00, 0x0F, 0x40, 0x00, 0x00, 0x00, 0x01, 0x80, 0x00, 0x00, 0x00, 0x00, 0x00, 0x00,
    0x09, 0x00, 0x00, 0x00, 0x00, 0x07, 0xC0, 0x00, 0x00, 0x00, 0x02, 0xE0, 0x00, 0x00, 0x00, 0x00,
    0xF4, 0x00, 0x7F, 0xFF, 0xFF, 0xFC, 0x00, 0x1F, 0xFF, 0xFF, 0xFF, 0xD0, 0x01, 0x55, 0x55, 0x6F,
    0xFE, 0x00, 0x00, 0x00, 0x0B, 0xDF, 0xE0, 0x00, 0x00, 0x03, 0xD0, 0xFC, 0x00, 0x00, 0x01, 0xF0,
    0x0F, 0x80, 0x00, 0x00, 0xB8, 0x02, 0xF0, 0x00, 0x00, 0x3D, 0x00, 0x3C, 0x00, 0x00, 0x1F, 0x00,
    0x0F, 0x40, 0x00, 0x0F, 0x80, 0x03, 0xD0, 0x00, 0x03, 0xC0, 0x00, 0xF4, 0x00, 0x02, 0xF0, 0x00,
    0x3C, 0x00, 0x00, 0xF4, 0x00, 0x1F, 0x00, 0x00, 0x7C, 0x00, 0x0F, 0xC0, 0x00, 0x2E, 0x00, 0x07,
    0xD0, 0x00, 0x0F, 0x00, 0x07, 0xF0, 0x00, 0x0B, 0xC0, 0x6F, 0xF0, 0x1F, 0xFF, 0xFF, 0xFF, 0xE0,
    0x07, 0xFF, 0xFF, 0xFF, 0x80, 0x00, 0x55, 0xFD, 0x50, 0x00, 0x00, 0x00, 0x3D, 0x00, 0x00, 0x00,
    0x05, 0x6F, 0x55, 0x55, 0x55, 0x07, 0xFF, 0xFF, 0xFF, 0xFF, 0xC1, 0xFF, 0xFF, 0xFF, 0xFF, 0xF0,
    0x02, 0xF0, 0x00, 0x00, 0x00, 0x00, 0xF4, 0x00, 0x00, 0x00, 0x00, 0x18, 0x00, 0x00, 0x00, 0x00,
    0x00, 0x06, 0xBF, 0xFF, 0xFF, 0x40, 0x1F, 0xFF, 0xFF, 0xFF, 0xD0, 0x2F, 0xF9, 0x55, 0x55, 0x50,
    0x1F, 0xD0, 0x00, 0x00, 0x00, 0x0F, 0x80, 0x00, 0x00, 0x00, 0x0B, 0xC0, 0x00, 0x00, 0x00, 0x03,
    0xE0, 0x00, 0x00, 0x00, 0x00, 0xF4, 0x00, 0x00, 0x00, 0x00, 0x3C, 0x00, 0x00, 0x00, 0x00, 0x1F,
    0x00, 0x00, 0x00, 0x00, 0x07, 0xC0, 0x00, 0x00, 0x00, 0x00, 0xF0, 0x00, 0x00, 0x00, 0x00, 0x3D,
    0x00, 0x00, 0x00, 0x00, 0x0B, 0xC0, 0x00, 0x00, 0x00, 0x01, 0xF4, 0x00, 0x00, 0x00, 0x00, 0x2F,
    0x80, 0x00, 0x00, 0x00, 0x03, 0xFE, 0x40, 0x00, 0x00, 0x00, 0x2F, 0xFF, 0xFF, 0xFF, 0xD0, 0x00,
    0xBF, 0xFF, 0xFF, 0xF4, 0x00, 0x00, 0x15, 0x55, 0x54, 0x00, 0x00, 0x0A, 0x00, 0x00, 0x01, 0x55,
    0x57, 0xE5, 0x55, 0x40, 0xFF, 0xFF, 0xFF, 0xFF, 0xF4, 0x3F, 0xFF, 0xFF, 0xFF, 0xFD, 0x00, 0x00,
    0xB8, 0x00, 0x00, 0x00, 0x00, 0x3C, 0x00, 0x00, 0x00, 0x00, 0x06, 0x00, 0x00, 0x00, 0x7F, 0xFF,
    0xFF, 0xE4, 0x00, 0x1F, 0xFF, 0xFF, 0xFF, 0xD0, 0x01, 0x55, 0x55, 0x5B, 0xFE, 0x00, 0x00, 0x00,
    0x00, 0x0F, 0xE0, 0x00, 0x00, 0x00, 0x00, 0xBC, 0x00, 0x00, 0x00, 0x00, 0x0F, 0x80, 0x00, 0x00,
    0x00, 0x01, 0xF0, 0x00, 0x00, 0x00, 0x00, 0x3C, 0x00, 0x00, 0x00, 0x00, 0x0F, 0x40, 0x00, 0x00,
    0x00, 0x03, 0xD0, 0x00, 0x00, 0x00, 0x00, 0xF4, 0x00, 0x00, 0x00, 0x00, 0x3C, 0x00, 0x00, 0x00,
    0x00, 0x1F, 0x00, 0x00, 0x00, 0x00, 0x0F, 0xC0, 0x00, 0x00, 0x00, 0x07, 0xD0, 0x00, 0x00, 0x00,
    0x07, 0xF0, 0x00, 0x00, 0x00, 0x6F, 0xF0, 0x1F, 0xFF, 0xFF, 0xFF, 0xE0, 0x07, 0xFF, 0xFF, 0xFF,
    0x80, 0x00, 0x55, 0x55, 0x50, 0x00, 0x00, 0x00, 0x00, 0x60, 0x00, 0x00, 0x05, 0x55, 0x7E, 0x55,
    0x55, 0x07, 0xFF, 0xFF, 0xFF, 0xFF, 0xC1, 0xFF, 0xFF, 0xFF, 0xFF, 0xF0, 0x00, 0x0B, 0xC0, 0x00,
    0x00, 0x00, 0x03, 0xD0, 0x00, 0x00, 0x00, 0x00, 0x20, 0x00, 0x00, 0x00, 0x7C, 0x00, 0x00, 0x00,
    0xF9, 0xF0, 0x00, 0x00, 0x03, 0xE7, 0xC0, 0x00, 0x00, 0x0F, 0x9F, 0x00, 0x00, 0x00, 0x3E, 0x7C,
    0x00, 0x00, 0x00, 0xF9, 0xF0, 0x00, 0x00, 0x03, 0xE7, 0xC0, 0x00, 0x00, 0x0F, 0x9F, 0x00, 0x00,
    0x00, 0x3E, 0x7C, 0x00, 0x80, 0x00, 0xF9, 0xF0, 0x0B, 0x00, 0x03, 0xE7, 0xC0, 0x7E, 0xA9, 0x0F,
    0x9F, 0x03, 0xFF, 0xFC, 0x3E, 0x7C, 0x0F, 0xFF, 0xF0, 0xF9, 0xF0, 0x0F, 0x00, 0x03, 0xE3, 0xC0,
    0x0C, 0x00, 0x0F, 0x4F, 0x00, 0x00, 0x00, 0x3D, 0x3D, 0x00, 0x00, 0x00, 0xF0, 0xF8, 0x00, 0x00,
    0x07, 0xC1, 0xF4, 0x00, 0x00, 0x3E, 0x03, 0xF4, 0x00, 0x03, 0xF0, 0x03, 0xFE, 0x56, 0xFF, 0x40,
    0x03, 0xFF, 0xFF, 0xF4, 0x00, 0x01, 0xBF, 0xF9, 0x00, 0x00, 0x7C, 0x00, 0x00, 0x00, 0xF9, 0xF0,
    0x00, 0x00, 0x03, 0xE7, 0xC0, 0x00, 0x00, 0x0F, 0x9F, 0x00, 0x00, 0x00, 0x3E, 0x7C, 0x00, 0x00,
    0x00, 0xF9, 0xF0, 0x00, 0x00, 0x03, 0xE7, 0xC0, 0x00, 0x00, 0x0F, 0x9F, 0x00, 0x00, 0x00, 0x3E,
    0x7C, 0x00, 0x00, 0x00, 0xF9, 0xF0, 0x02, 0xF0, 0x03, 0xE7, 0xC0, 0x3F, 0xF0, 0x0F, 0x9F, 0x00,
    0xFF, 0xD0, 0x3E, 0x7C, 0x03, 0xFF, 0x40, 0xF9, 0xF0, 0x0B, 0xFC, 0x03, 0xE3, 0xC0, 0x0B, 0x80,
    0x0F, 0x4F, 0x00, 0x00, 0x00, 0x3D, 0x3D, 0x00, 0x00, 0x00, 0xF0, 0xF8, 0x00, 0x00, 0x07, 0xC1,
    0xF4, 0x00, 0x00, 0x3E, 0x03, 0xF4, 0x00, 0x03, 0xF0, 0x03, 0xFE, 0x56, 0xFF, 0x40, 0x03, 0xFF,
    0xFF, 0xF4, 0x00, 0x01, 0xBF, 0xF9, 0x00, 0x00, 0x7C, 0x00, 0x00, 0x00, 0xF9, 0xF0, 0x00, 0x00,
    0x03, 0xE7, 0xC0, 0x00, 0x00, 0x0F, 0x9F, 0x00, 0x00, 0x00, 0x3E, 0x7C, 0x00, 0x00, 0x00, 0xF9,
    0xF0, 0x00, 0x00, 0x03, 0xE7, 0xC0, 0x00, 0x00, 0x0F, 0x9F, 0x00, 0x00, 0x00, 0x3E, 0x7C, 0x00,
    0x38, 0x00, 0xF9, 0xF0, 0x00, 0xE0, 0x03, 0xE7, 0xC0, 0x03, 0x80, 0x0F, 0x9F, 0x03, 0xFF, 0xF0,
    0x3E, 0x7C, 0x0A, 0xBE, 0x80, 0xF9, 0xF0, 0x00, 0xE0, 0x03, 0xE3, 0xC0, 0x03, 0x80, 0x0F, 0x4F,
    0x00, 0x00, 0x00, 0x3D, 0x3D, 0x00, 0x00, 0x00, 0xF0, 0xF8, 0x00, 0x00, 0x07, 0xC1, 0xF4, 0x00,
    0x00, 0x3E, 0x03, 0xF4, 0x00, 0x03, 0xF0, 0x03, 0xFE, 0x56, 0xFF, 0x40, 0x03, 0xFF, 0xFF, 0xF4,
    0x00, 0x01, 0xBF, 0xF9, 0x00, 0x00, 0x7F, 0xFF, 0xFF, 0xFF, 0x1F, 0xFF, 0xFF, 0xFF, 0xC7, 0xD5,
    0x55, 0x55, 0x51, 0xF0, 0x00, 0x00, 0x00, 0x7C, 0x00, 0x00, 0x00, 0x1F, 0x00, 0x00, 0x00, 0x07,
    0xC0, 0x00, 0x00, 0x01, 0xF0, 0x00, 0x00, 0x00, 0x7C, 0x00, 0x00, 0x00, 0x1F, 0x00, 0x00, 0x00,
    0x07, 0xC0, 0x00, 0x00, 0x01, 0xF0, 0x00, 0x00, 0x00, 0x7C, 0x00, 0x00, 0x00, 0x1F, 0x00, 0x00,
    0x00, 0x07, 0xC0, 0x00, 0x00, 0x01, 0xF5, 0x55, 0x55, 0x54, 0x7F, 0xFF, 0xFF, 0xFF, 0x1F, 0xFF,
    0xFF, 0xFF, 0xC0, 0x7F, 0xFF, 0xFF, 0xFF, 0x1F, 0xFF, 0xFF, 0xFF, 0xC1, 0x55, 0x55, 0x55, 0xF0,
    0x00, 0x00, 0x00, 0x3C, 0x00, 0x00, 0x00, 0x0F, 0x00, 0x00, 0x00, 0x03, 0xC0, 0x00, 0x00, 0x00,
    0xF0, 0x00, 0x00, 0x00, 0x3C, 0x00, 0x00, 0x00, 0x0F, 0x00, 0x00, 0x00, 0x03, 0xC0, 0x00, 0x00,
    0x00, 0xF0, 0x00, 0x00, 0x00, 0x3C, 0x00, 0x00, 0x00, 0x0F, 0x00, 0x00, 0x00, 0x03, 0xC0, 0x00,
    0x00, 0x00, 0xF0, 0x55, 0x55, 0x55, 0x7C, 0x7F, 0xFF, 0xFF, 0xFF, 0x1F, 0xFF, 0xFF, 0xFF, 0xC0,
    0x7F, 0xFF, 0xFF, 0xFF, 0x1F, 0xFF, 0xFF, 0xFF, 0xC7, 0xD5, 0x55, 0x55, 0x51, 0xF0, 0x00, 0x00,
    0x00, 0x7C, 0x00, 0x00, 0x00, 0x1F, 0x00, 0x00, 0x00, 0x07, 0xC0, 0x00, 0x00, 0x01, 0xF0, 0x00,
    0x00, 0x00, 0x7C, 0x00, 0x00, 0x00, 0x1F, 0x00, 0x00, 0x00, 0x07, 0xC0, 0x00, 0x00, 0x01, 0xF0,
    0x00, 0x00, 0x00, 0x7C, 0x00, 0x00, 0x00, 0x1F, 0x00, 0x00, 0x00, 0x07, 0xC0, 0x00, 0x00, 0x01,
    0xF5, 0x55, 0x55, 0x54, 0x7F, 0xFF, 0xFF, 0xFF, 0x1F, 0xFF, 0xFF, 0xFF, 0xC0, 0x00, 0x00, 0x00,
    0x00, 0x00, 0x00, 0x00, 0x00, 0x15, 0x55, 0x55, 0x55, 0x1F, 0xFF, 0xFF, 0xFF, 0xC7, 0xFF, 0xFF,
    0xFF, 0xF0, 0x7F, 0xFF, 0xFF, 0xFF, 0x1F, 0xFF, 0xFF, 0xFF, 0xC1, 0x55, 0x55, 0x55, 0xF0, 0x00,
    0x00, 0x00, 0x3C, 0x00, 0x00, 0x00, 0x0F, 0x00, 0x00, 0x00, 0x03, 0xC0, 0x00, 0x00, 0x00, 0xF0,
    0x00, 0x00, 0x00, 0x3C, 0x00, 0x00, 0x00, 0x0F, 0x00, 0x00, 0x00, 0x03, 0xC0, 0x00, 0x00, 0x00,
    0xF0, 0x00, 0x00, 0x00, 0x3C, 0x00, 0x00, 0x00, 0x0F, 0x00, 0x00, 0x00, 0x03, 0xC0, 0x00, 0x00,
    0x00, 0xF0, 0x55, 0x55, 0x55, 0x7C, 0x7F, 0xFF, 0xFF, 0xFF, 0x1F, 0xFF, 0xFF, 0xFF, 0xC0, 0x00,
    0x00, 0x00, 0x00, 0x00, 0x00, 0x00, 0x00, 0x15, 0x55, 0x55, 0x55, 0x1F, 0xFF, 0xFF, 0xFF, 0xC7,
    0xFF, 0xFF, 0xFF, 0xF0, 0x15, 0x55, 0x55, 0x55, 0x51, 0xFF, 0xFF, 0xFF, 0xFF, 0xE7, 0xFF, 0xFF,
    0xFF, 0xFF, 0x9F, 0x00, 0x00, 0x00, 0x3E, 0x7C, 0x00, 0x00, 0x00, 0xF9, 0xF0, 0x00, 0x00, 0x03,
    0xE7, 0xC0, 0x00, 0x00, 0x0F, 0x9F, 0x00, 0x00, 0x00, 0x3E, 0x7C, 0x00, 0x00, 0x00, 0xF9, 0xF0,
    0x00, 0x00, 0x03, 0xE7, 0xC0, 0x00, 0x00, 0x0F, 0x9F, 0x00, 0x00, 0x00, 0x3E, 0x7C, 0x00, 0x00,
    0x00, 0xF9, 0xF0, 0x00, 0x00, 0x03, 0xE7, 0xC0, 0x00, 0x00, 0x0F, 0x9F, 0x00, 0x00, 0x00, 0x3E,
    0x7C, 0x00, 0x00, 0x00, 0xF9, 0xF0, 0x00, 0x00, 0x03, 0xE1, 0x40, 0x00, 0x00, 0x05, 0x40, 0x7C,
    0x00, 0x00, 0x00, 0xF9, 0xF0, 0x00, 0x00, 0x03, 0xE7, 0xC0, 0x00, 0x00, 0x0F, 0x9F, 0x00, 0x00,
    0x00, 0x3E, 0x7C, 0x00, 0x00, 0x00, 0xF9, 0xF0, 0x00, 0x00, 0x03, 0xE7, 0xC0, 0x00, 0x00, 0x0F,
    0x9F, 0x00, 0x00, 0x00, 0x3E, 0x7C, 0x00, 0x00, 0x00, 0xF9, 0xF0, 0x00, 0x00, 0x03, 0xE7, 0xC0,
    0x00, 0x00, 0x0F, 0x9F, 0x00, 0x00, 0x00, 0x3E, 0x7C, 0x00, 0x00, 0x00, 0xF9, 0xF0, 0x00, 0x00,
    0x03, 0xE7, 0xC0, 0x00, 0x00, 0x0F, 0x9F, 0x55, 0x55, 0x55, 0x7E, 0x7F, 0xFF, 0xFF, 0xFF, 0xF9,
    0xFF, 0xFF, 0xFF, 0xFF, 0xE0, 0x00, 0x00, 0x1F, 0xFE, 0x40, 0x00, 0x00, 0x00, 0xFF, 0xFF, 0xFE,
    0x00, 0x00, 0x02, 0xFF, 0xAF, 0xBF, 0xF0, 0x00, 0x02, 0xFD, 0x03, 0xC0, 0xBF, 0x40, 0x02, 0xF8,
    0x00, 0xF0, 0x07, 0xF0, 0x01, 0xF8, 0x00, 0x3C, 0x00, 0x3F, 0x00, 0xFC, 0x00, 0x0F, 0x00, 0x07,
    0xE0, 0x7C, 0x00, 0x03, 0xC0, 0x00, 0xBC, 0x2F, 0x00, 0x00, 0xF0, 0x00, 0x0F, 0x4F, 0x40, 0x00,
    0x3C, 0x00, 0x03, 0xE3, 0xD0, 0x00, 0x1F, 0x00, 0x00, 0xBD, 0xFF, 0xFF, 0xFF, 0xFF, 0xFF, 0xFF,
    0x7F, 0xFF, 0xFF, 0xFF, 0xFF, 0xFF, 0xCF, 0x00, 0x00, 0x7C, 0x00, 0x02, 0xF3, 0xD0, 0x00, 0x1F,
    0x00, 0x00, 0xF8, 0xBC, 0x00, 0x07, 0xC0, 0x00, 0x3D, 0x1F, 0x00, 0x01, 0xF0, 0x00, 0x2F, 0x03,
    0xF0, 0x00, 0x7C, 0x00, 0x1F, 0x80, 0x7E, 0x00, 0x1F, 0x00, 0x0F, 0xC0, 0x0B, 0xE0, 0x07, 0xC0,
    0x1F, 0xC0, 0x00, 0xBF, 0x41, 0xF0, 0x2F, 0xD0, 0x00, 0x0B, 0xFE, 0xBE, 0xFF, 0xC0, 0x00, 0x00,
    0x3F, 0xFF, 0xFF, 0x80, 0x00, 0x00, 0x00, 0x7F, 0xF9, 0x00, 0x00, 0x00, 0x00, 0x00, 0x50, 0x00,
    0x00, 0x00, 0x00, 0x2F, 0xFF, 0xE4, 0x00, 0x00, 0x00, 0xBF, 0xFF, 0xFF, 0xD0, 0x00, 0x00, 0xFF,
    0x90, 0x07, 0xFE, 0x00, 0x00, 0xFE, 0x00, 0x00, 0x1F, 0xE0, 0x00, 0xFD, 0x00, 0x00, 0x00, 0xFD,
    0x00, 0xBD, 0x00, 0x00, 0x00, 0x0F, 0xC0, 0x3E, 0x00, 0x00, 0x00, 0x00, 0xF8, 0x2F, 0x00, 0x00,
    0x00, 0x00, 0x2F, 0x0F, 0x80, 0x00, 0x00, 0x00, 0x03, 0xD3, 0xD0, 0x00, 0x00, 0x00, 0x00, 0xF8,
    0xF4, 0x00, 0x00, 0x00, 0x00, 0x2F, 0x7F, 0xFF, 0xFF, 0xFF, 0xFF, 0xFF, 0xCF, 0xFF, 0xFF, 0xFF,
    0xFF, 0xFF, 0xF3, 0xC0, 0x00, 0x00, 0x00, 0x00, 0xB8, 0xF4, 0x00, 0x00, 0x00, 0x00, 0x3E, 0x2F,
    0x00, 0x00, 0x00, 0x00, 0x0F, 0x47, 0xC0, 0x00, 0x00, 0x00, 0x0B, 0xC0, 0xFC, 0x00, 0x00, 0x00,
    0x07, 0xD0, 0x1F, 0x80, 0x00, 0x00, 0x03, 0xF0, 0x02, 0xF8, 0x00, 0x00, 0x07, 0xF0, 0x00, 0x2F,
    0xD0, 0x00, 0x0B, 0xF4, 0x00, 0x02, 0xFF, 0x95, 0xBF, 0xF0, 0x00, 0x00, 0x0B, 0xFF, 0xFF, 0xD0,
    0x00, 0x00, 0x00, 0x2F, 0xFE, 0x40, 0x00, 0x00, 0x00, 0x00, 0x00, 0x50, 0x00, 0x00, 0x00, 0x00,
    0x2F, 0xFF, 0xE4, 0x00, 0x00, 0x00, 0xBF, 0xFF, 0xFF, 0xD0, 0x00, 0x00, 0xFF, 0x90, 0x07, 0xFE,
    0x00, 0x00, 0xFE, 0x00, 0x00, 0x1F, 0xE0, 0x00, 0xFF, 0x00, 0x00, 0x01, 0xFD, 0x00, 0xBF, 0xF0,
    0x00, 0x01, 0xFF, 0xC0, 0x3E, 0x3F, 0x00, 0x01, 0xF8, 0xF8, 0x2F, 0x03, 0xF0, 0x01, 0xF8, 0x2F,
    0x0F, 0x80, 0x3F, 0x01, 0xF8, 0x03, 0xD3, 0xD0, 0x03, 0xF1, 0xF8, 0x00, 0xF8, 0xF0, 0x00, 0x3F,
    0xF8, 0x00, 0x2F, 0x7C, 0x00, 0x03, 0xF8, 0x00, 0x0B, 0xCF, 0x00, 0x01, 0xFF, 0x00, 0x02, 0xF3,
    0xC0, 0x01, 0xFB, 0xF0, 0x00, 0xB8, 0xF4, 0x01, 0xF8, 0x3F, 0x00, 0x3E, 0x2F, 0x01, 0xF8, 0x03,
    0xF0, 0x0F, 0x47, 0xC1, 0xF8, 0x00, 0x3F, 0x0B, 0xC0, 0xFD, 0xF8, 0x00, 0x03, 0xF7, 0xD0, 0x1F,
    0xF8, 0x00, 0x00, 0x3F, 0xF0, 0x02, 0xFC, 0x00, 0x00, 0x07, 0xF0, 0x00, 0x2F, 0xD0, 0x00, 0x0B,
    0xF4, 0x00, 0x02, 0xFF, 0x95, 0xBF, 0xF0, 0x00, 0x00, 0x0B, 0xFF, 0xFF, 0xD0, 0x00, 0x00, 0x00,
    0x2F, 0xFE, 0x40, 0x00, 0x00, 0x00, 0x00, 0x00, 0x50, 0x00, 0x00, 0x00, 0x00, 0x2F, 0xFF, 0xE4,
    0x00, 0x00, 0x00, 0xBF, 0xFF, 0xFF, 0xD0, 0x00, 0x00, 0xFF, 0x90, 0x07, 0xFE, 0x00, 0x00, 0xFE,
    0x00, 0x00, 0x1F, 0xE0, 0x00, 0xFD, 0x00, 0x00, 0x01, 0xFD, 0x00, 0xBD, 0x00, 0x00, 0x01, 0xFF,
    0xC0, 0x3E, 0x00, 0x00, 0x01, 0xF8, 0xF8, 0x2F, 0x00, 0x00, 0x01, 0xF8, 0x2F, 0x0F, 0x80, 0x00,
    0x01, 0xF8, 0x03, 0xD3, 0xD0, 0x00, 0x01, 0xF8, 0x00, 0xF8, 0xF0, 0x00, 0x01, 0xF8, 0x00, 0x2F,
    0x7C, 0x00, 0x01, 0xF8, 0x00, 0x0B, 0xCF, 0x00, 0x01, 0xF8, 0x00, 0x02, 0xF3, 0xC0, 0x01, 0xF8,
    0x00, 0x00, 0xB8, 0xF4, 0x01, 0xF8, 0x00, 0x00, 0x3E, 0x2F, 0x01, 0xF8, 0x00, 0x00, 0x0F, 0x47,
    0xC1, 0xF8, 0x00, 0x00, 0x0B, 0xC0, 0xFD, 0xF8, 0x00, 0x00, 0x07, 0xD0, 0x1F, 0xF8, 0x00, 0x00,
    0x03, 0xF0, 0x02, 0xFC, 0x00, 0x00, 0x07, 0xF0, 0x00, 0x2F, 0xD0, 0x00, 0x0B, 0xF4, 0x00, 0x01,
    0xFF, 0x95, 0xBF, 0xF0, 0x00, 0x00, 0x0B, 0xFF, 0xFF, 0xE0, 0x00, 0x00, 0x00, 0x1F, 0xFE, 0x40,
    0x00, 0x00, 0x00, 0x00, 0x00, 0x50, 0x00, 0x00, 0x00, 0x00, 0x2F, 0xFF, 0xE4, 0x00, 0x00, 0x00,
    0xBF, 0xFF, 0xFF, 0xD0, 0x00, 0x00, 0xFF, 0x90, 0x07, 0xFE, 0x00, 0x00, 0xFE, 0x00, 0x00, 0x1F,
    0xE0, 0x00, 0xFD, 0x00, 0x00, 0x00, 0xBD, 0x00, 0xBD, 0x00, 0x00, 0x00, 0x0F, 0xC0, 0x3E, 0x00,
    0x00, 0x00, 0x00, 0xF8, 0x2F, 0x00, 0x00, 0x00, 0x00, 0x2F, 0x0F, 0x80, 0x00, 0x00, 0x00, 0x03,
    0xD3, 0xD0, 0x00, 0x1F, 0x00, 0x00, 0xF8, 0xF0, 0x00, 0x1F, 0xF0, 0x00, 0x2F, 0x7C, 0x00, 0x0B,
    0xFC, 0x00, 0x0B, 0xCF, 0x00, 0x01, 0xFF, 0x00, 0x02, 0xF3, 0xC0, 0x00, 0x2F, 0x40, 0x00, 0xB8,
    0xF4, 0x00, 0x00, 0x00, 0x00, 0x3E, 0x2F, 0x00, 0x00, 0x00, 0x00, 0x0F, 0x47, 0xD0, 0x00, 0x00,
    0x00, 0x0B, 0xC0, 0xFC, 0x00, 0x00, 0x00, 0x07, 0xD0, 0x1F, 0x80, 0x00, 0x00, 0x03, 0xF0, 0x02,
    0xF8, 0x00, 0x00, 0x07, 0xF0, 0x00, 0x2F, 0xD0, 0x00, 0x0B, 0xF4, 0x00, 0x02, 0xFF, 0xA5, 0xBF,
    0xF0, 0x00, 0x00, 0x0B, 0xFF, 0xFF, 0xD0, 0x00, 0x00, 0x00, 0x2F, 0xFE, 0x40, 0x00, 0x00, 0x00,
    0x00, 0x00, 0x50, 0x00, 0x00, 0x00, 0x00, 0x2F, 0xFF, 0xE4, 0x00, 0x00, 0x00, 0xBF, 0xFF, 0xFF,
    0xD0, 0x00, 0x00, 0xFF, 0x90, 0x07, 0xFE, 0x00, 0x00, 0xFE, 0x00, 0x00, 0x1F, 0xE0, 0x00, 0xFD,
    0x00, 0x00, 0x00, 0xBD, 0x00, 0xBD, 0x00, 0x00, 0x00, 0x0F, 0xC0, 0x3E, 0x00, 0x00, 0x00, 0x00,
    0xF8, 0x2F, 0x00, 0x00, 0x00, 0x00, 0x2F, 0x0F, 0x80, 0x01, 0xFE, 0x00, 0x03, 0xD3, 0xD0, 0x01,
    0xFF, 0xF0, 0x00, 0xF8, 0xF0, 0x00, 0xF4, 0x2E, 0x00, 0x2F, 0x7C, 0x00, 0x78, 0x03, 0xC0, 0x0B,
    0xCF, 0x00, 0x1E, 0x00, 0xF0, 0x02, 0xF3, 0xC0, 0x03, 0xD0, 0xB8, 0x00, 0xB8, 0xF4, 0x00, 0x7F,
    0xFC, 0x00, 0x3E, 0x2F, 0x00, 0x07, 0xF8, 0x00, 0x0F, 0x47, 0xD0, 0x00, 0x00, 0x00, 0x0B, 0xC0,
    0xFC, 0x00, 0x00, 0x00, 0x07, 0xD0, 0x1F, 0x80, 0x00, 0x00, 0x03, 0xF0, 0x02, 0xF8, 0x00, 0x00,
    0x07, 0xF0, 0x00, 0x2F, 0xD0, 0x00, 0x0B, 0xF4, 0x00, 0x02, 0xFF, 0xA5, 0xBF, 0xF0, 0x00, 0x00,
    0x0B, 0xFF, 0xFF, 0xD0, 0x00, 0x00, 0x00, 0x2F, 0xFE, 0x40, 0x00, 0x00, 0x00, 0x00, 0x00, 0x50,
    0x00, 0x00, 0x00, 0x00, 0x2F, 0xFF, 0xE4, 0x00, 0x00, 0x00, 0xBF, 0xFF, 0xFF, 0xD0, 0x00, 0x00,
    0xFF, 0x90, 0x07, 0xFE, 0x00, 0x00, 0xFE, 0x00, 0x00, 0x1F, 0xE0, 0x00, 0xFD, 0x00, 0x00, 0x00,
    0xBD, 0x00, 0xBD, 0x00, 0x05, 0x00, 0x0F, 0xC0, 0x3E, 0x00, 0x07, 0xC0, 0x00, 0xF8, 0x2F, 0x00,
    0x01, 0xF0, 0x00, 0x2F, 0x0F, 0x80, 0x74, 0x7C, 0x2C, 0x03, 0xD3, 0xD0, 0x3F, 0x9F, 0x7F, 0x40,
    0xF8, 0xF0, 0x02, 0xFF, 0xFF, 0x40, 0x2F, 0x7C, 0x00, 0x0F, 0xFE, 0x00, 0x0B, 0xCF, 0x00, 0x07,
    0xFF, 0xC0, 0x02, 0xF3, 0xC0, 0x1F, 0xFF, 0xFE, 0x00, 0xB8, 0xF4, 0x0B, 0xD7, 0xCB, 0xD0, 0x3E,
    0x2F, 0x00, 0x81, 0xF0, 0x60, 0x0F, 0x47, 0xD0, 0x00, 0x7C, 0x00, 0x0B, 0xC0, 0xFC, 0x00, 0x1F,
    0x00, 0x07, 0xD0, 0x1F, 0x80, 0x00, 0x00, 0x03, 0xF0, 0x02, 0xF8, 0x00, 0x00, 0x07, 0xF0, 0x00,
    0x2F, 0xD0, 0x00, 0x0B, 0xF4, 0x00, 0x02, 0xFF, 0xA5, 0xBF, 0xF0, 0x00, 0x00, 0x0B, 0xFF, 0xFF,
    0xD0, 0x00, 0x00, 0x00, 0x2F, 0xFE, 0x40, 0x00, 0x00, 0x00, 0x00, 0x00, 0x50, 0x00, 0x00, 0x00,
    0x00, 0x2F, 0xFF, 0xE4, 0x00, 0x00, 0x00, 0xBF, 0xFF, 0xFF, 0xD0, 0x00, 0x00, 0xFF, 0x90, 0x07,
    0xFE, 0x00, 0x00, 0xFE, 0x00, 0x00, 0x1F, 0xE0, 0x00, 0xFD, 0x00, 0x00, 0x00, 0xBD, 0x00, 0xBD,
    0x00, 0x00, 0x00, 0x0F, 0xC0, 0x3E, 0x00, 0x00, 0x00, 0x00, 0xF8, 0x2F, 0x00, 0x00, 0x00, 0x00,
    0x2F, 0x0F, 0x82, 0xFF, 0xFF, 0xFF, 0x03, 0xD3, 0xD0, 0xBF, 0xFF, 0xFF, 0xC0, 0xF8, 0xF0, 0x05,
    0x55, 0x55, 0x50, 0x2F, 0x7C, 0x00, 0x00, 0x00, 0x00, 0x0B, 0xCF, 0x00, 0x00, 0x00, 0x00, 0x02,
    0xF3, 0xC0, 0x15, 0x55, 0x55, 0x40, 0xB8, 0xF4, 0x2F, 0xFF, 0xFF, 0xF0, 0x3E, 0x2F, 0x0B, 0xFF,
    0xFF, 0xFC, 0x0F, 0x47, 0xD0, 0x00, 0x00, 0x00, 0x0B, 0xC0, 0xFC, 0x00, 0x00, 0x00, 0x07, 0xD0,
    0x1F, 0x80, 0x00, 0x00, 0x03, 0xF0, 0x02, 0xF8, 0x00, 0x00, 0x07, 0xF0, 0x00, 0x2F, 0xD0, 0x00,
    0x0B, 0xF4, 0x00, 0x02, 0xFF, 0xA5, 0xBF, 0xF0, 0x00, 0x00, 0x0B, 0xFF, 0xFF, 0xD0, 0x00, 0x00,
    0x00, 0x2F, 0xFE, 0x40, 0x00, 0x00, 0x00, 0x00, 0x00, 0x50, 0x00, 0x00, 0x00, 0x00, 0x2F, 0xFF,
    0xE4, 0x00, 0x00, 0x00, 0xBF, 0xFF, 0xFF, 0xD0, 0x00, 0x00, 0xFF, 0x90, 0x07, 0xFE, 0x00, 0x00,
    0xFE, 0x00, 0x00, 0x1F, 0xE0, 0x00, 0xFD, 0x00, 0x00, 0x00, 0xBD, 0x00, 0xBD, 0x00, 0x00, 0x00,
    0x0F, 0xC0, 0x3E, 0x00, 0x00, 0x00, 0x00, 0xF8, 0x2F, 0x00, 0x00, 0x00, 0x00, 0x2F, 0x0F, 0x80,
    0x00, 0x00, 0x00, 0x03, 0xD3, 0xD0, 0x00, 0x00, 0x00, 0x00, 0xF8, 0xF0, 0x05, 0x55, 0x55, 0x50,
    0x2F, 0x7C, 0x0B, 0xFF, 0xFF, 0xFC, 0x0B, 0xCF, 0x02, 0xFF, 0xFF, 0xFF, 0x02, 0xF3, 0xC0, 0x00,
    0x00, 0x00, 0x00, 0xB8, 0xF4, 0x00, 0x00, 0x00, 0x00, 0x3E, 0x2F, 0x00, 0x00, 0x00, 0x00, 0x0F,
    0x47, 0xD0, 0x00, 0x00, 0x00, 0x0B, 0xC0, 0xFC, 0x00, 0x00, 0x00, 0x07, 0xD0, 0x1F, 0x80, 0x00,
    0x00, 0x03, 0xF0, 0x02, 0xF8, 0x00, 0x00, 0x07, 0xF0, 0x00, 0x2F, 0xD0, 0x00, 0x0B, 0xF4, 0x00,
    0x02, 0xFF, 0xA5, 0xBF, 0xF0, 0x00, 0x00, 0x0B, 0xFF, 0xFF, 0xD0, 0x00, 0x00, 0x00, 0x2F, 0xFE,
    0x40, 0x00, 0x00, 0x15, 0x55, 0x55, 0x55, 0x55, 0x51, 0xFF, 0xFF, 0xFF, 0xFF, 0xFF, 0xD7, 0xFF,
    0xFF, 0xFF, 0xFF, 0xFF, 0x5F, 0x00, 0x02, 0xE0, 0x00, 0x3D, 0x7C, 0x00, 0x0B, 0x80, 0x00, 0xF5,
    0xF0, 0x00, 0x2E, 0x00, 0x03, 0xD7, 0xC0, 0x00, 0xB8, 0x00, 0x0F, 0x5F, 0x00, 0x02, 0xE0, 0x00,
    0x3D, 0x7C, 0x00, 0x0B, 0x80, 0x00, 0xF5, 0xF0, 0x00, 0x2E, 0x00, 0x03, 0xD7, 0xFF, 0xFF, 0xFF,
    0xFF, 0xFF, 0x5F, 0xFF, 0xFF, 0xFF, 0xFF, 0xFD, 0x7D, 0x55, 0x5F, 0x95, 0x55, 0xF5, 0xF0, 0x00,
    0x2E, 0x00, 0x03, 0xD7, 0xC0, 0x00, 0xB8, 0x00, 0x0F, 0x5F, 0x00, 0x02, 0xE0, 0x00, 0x3D, 0x7C,
    0x00, 0x0B, 0x80, 0x00, 0xF5, 0xF0, 0x00, 0x2E, 0x00, 0x03, 0xD7, 0xC0, 0x00, 0xB8, 0x00, 0x0F,
    0x5F, 0x55, 0x57, 0xE5, 0x55, 0x7D, 0x7F, 0xFF, 0xFF, 0xFF, 0xFF, 0xF5, 0xFF, 0xFF, 0xFF, 0xFF,
    0xFF, 0xD0, 0x15, 0x55, 0x55, 0x55, 0x55, 0x51, 0xFF, 0xFF, 0xFF, 0xFF, 0xFF, 0xD7, 0xFF, 0xFF,
    0xFF, 0xFF, 0xFF, 0x5F, 0x00, 0x00, 0x00, 0x00, 0x3D, 0x7C, 0x00, 0x00, 0x00, 0x00, 0xF5, 0xF0,
    0x00, 0x00, 0x00, 0x03, 0xD7, 0xC0, 0x00, 0x00, 0x00, 0x0F, 0x5F, 0x00, 0x00, 0x00, 0x00, 0x3D,
    0x7C, 0x00, 0x00, 0x00, 0x00, 0xF5, 0xF0, 0x00, 0x00, 0x00, 0x03, 0xD7, 0xFF, 0xFF, 0xFF, 0xFF,
    0xFF, 0x5F, 0xFF, 0xFF, 0xFF, 0xFF, 0xFD, 0x7D, 0x55, 0x55, 0x55, 0x55, 0xF5, 0xF0, 0x00, 0x00,
    0x00, 0x03, 0xD7, 0xC0, 0x00, 0x00, 0x00, 0x0F, 0x5F, 0x00, 0x00, 0x00, 0x00, 0x3D, 0x7C, 0x00,
    0x00, 0x00, 0x00, 0xF5, 0xF0, 0x00, 0x00, 0x00, 0x03, 0xD7, 0xC0, 0x00, 0x00, 0x00, 0x0F, 0x5F,
    0x55, 0x55, 0x55, 0x55, 0x7D, 0x7F, 0xFF, 0xFF, 0xFF, 0xFF, 0xF5, 0xFF, 0xFF, 0xFF, 0xFF, 0xFF,
    0xD0, 0x15, 0x55, 0x55, 0x55, 0x55, 0x51, 0xFF, 0xFF, 0xFF, 0xFF, 0xFF, 0xD7, 0xFF, 0xFF, 0xFF,
    0xFF, 0xFF, 0x5F, 0xF0, 0x00, 0x00, 0x07, 0xFD, 0x7F, 0xF0, 0x00, 0x00, 0x7F, 0xF5, 0xF3, 0xF0,
    0x00, 0x07, 0xF3, 0xD7, 0xC3, 0xF0, 0x00, 0x7F, 0x0F, 0x5F, 0x03, 0xF0, 0x07, 0xF0, 0x3D, 0x7C,
    0x03, 0xF0, 0x7F, 0x00, 0xF5, 0xF0, 0x03, 0xF7, 0xF0, 0x03, 0xD7, 0xC0, 0x03, 0xFF, 0x00, 0x0F,
    0x5F, 0x00, 0x07, 0xF4, 0x00, 0x3D, 0x7C, 0x00, 0x7F, 0xF4, 0x00, 0xF5, 0xF0, 0x07, 0xF3, 0xF4,
    0x03, 0xD7, 0xC0, 0x7F, 0x03, 0xF4, 0x0F, 0x5F, 0x07, 0xF0, 0x03, 0xF4, 0x3D, 0x7C, 0x7F, 0x00,
    0x03, 0xF4, 0xF5, 0xF7, 0xF0, 0x00, 0x03, 0xF7, 0xD7, 0xFF, 0x00, 0x00, 0x03, 0xFF, 0x5F, 0xF5,
    0x55, 0x55, 0x57, 0xFD, 0x7F, 0xFF, 0xFF, 0xFF, 0xFF, 0xF5, 0xFF, 0xFF, 0xFF, 0xFF, 0xFF, 0xD0,
    0x15, 0x55, 0x55, 0x55, 0x55, 0x51, 0xFF, 0xFF, 0xFF, 0xFF, 0xFF, 0xD7, 0xFF, 0xFF, 0xFF, 0xFF,
    0xFF, 0x5F, 0x00, 0x00, 0x00, 0x00, 0x3D, 0x7C, 0x00, 0x00, 0x00, 0x00, 0xF5, 0xF0, 0x00, 0x00,
    0x00, 0x03, 0xD7, 0xC0, 0x00, 0x00, 0x00, 0x0F, 0x5F, 0x00, 0x00, 0x00, 0x00, 0x3D, 0x7C, 0x00,
    0x00, 0x00, 0x00, 0xF5, 0xF0, 0x00, 0x7F, 0x00, 0x03, 0xD7, 0xC0, 0x03, 0xFF, 0x00, 0x0F, 0x5F,
    0x00, 0x0F, 0xFC, 0x00, 0x3D, 0x7C, 0x00, 0x3F, 0xF0, 0x00, 0xF5, 0xF0, 0x00, 0x3E, 0x00, 0x03,
    0xD7, 0xC0, 0x00, 0x00, 0x00, 0x0F, 0x5F, 0x00, 0x00, 0x00, 0x00, 0x3D, 0x7C, 0x00, 0x00, 0x00,
    0x00, 0xF5, 0xF0, 0x00, 0x00, 0x00, 0x03, 0xD7, 0xC0, 0x00, 0x00, 0x00, 0x0F, 0x5F, 0x55, 0x55,
    0x55, 0x55, 0x7D, 0x7F, 0xFF, 0xFF, 0xFF, 0xFF, 0xF5, 0xFF, 0xFF, 0xFF, 0xFF, 0xFF, 0xD0, 0x7C,
    0x00, 0x00, 0x00, 0x00, 0x01, 0xF0, 0x00, 0x00, 0x00, 0x00, 0x07, 0xC0, 0x00, 0x00, 0x00, 0x00,
    0x1F, 0x00, 0x00, 0x00, 0x00, 0x00, 0x7C, 0x00, 0x00, 0x00, 0x00, 0x01, 0xF0, 0x00, 0x00, 0x00,
    0x00, 0x07, 0xC0, 0x00, 0x00, 0x00, 0x00, 0x1F, 0x00, 0x00, 0x00, 0x00, 0x00, 0x7C, 0x00, 0x00,
    0x00, 0x00, 0x01, 0xF5, 0x55, 0x55, 0x55, 0x55, 0x47, 0xFF, 0xFF, 0xFF, 0xFF, 0xFF, 0x5F, 0xFF,
    0xFF, 0xFF, 0xFF, 0xFD, 0x7C, 0x00, 0x00, 0x00, 0x00, 0x01, 0xF0, 0x00, 0x00, 0x00, 0x00, 0x07,
    0xC0, 0x00, 0x00, 0x00, 0x00, 0x1F, 0x00, 0x00, 0x00, 0x00, 0x00, 0x7C, 0x00, 0x00, 0x00, 0x00,
    0x01, 0xF0, 0x00, 0x00, 0x00, 0x00, 0x07, 0xC0, 0x00, 0x00, 0x00, 0x00, 0x1F, 0x00, 0x00, 0x00,
    0x00, 0x00, 0x7C, 0x00, 0x00, 0x00, 0x00, 0x00, 0x50, 0x00, 0x00, 0x00, 0x00, 0x00, 0x00, 0x00,
    0x00, 0x00, 0x00, 0xF4, 0x00, 0x00, 0x00, 0x00, 0x03, 0xD0, 0x00, 0x00, 0x00, 0x00, 0x0F, 0x40,
    0x00, 0x00, 0x00, 0x00, 0x3D, 0x00, 0x00, 0x00, 0x00, 0x00, 0xF4, 0x00, 0x00, 0x00, 0x00, 0x03,
    0xD0, 0x00, 0x00, 0x00, 0x00, 0x0F, 0x40, 0x00, 0x00, 0x00, 0x00, 0x3D, 0x00, 0x00, 0x00, 0x00,
    0x00, 0xF4, 0x55, 0x55, 0x55, 0x55, 0x57, 0xD7, 0xFF, 0xFF, 0xFF, 0xFF, 0xFF, 0x5F, 0xFF, 0xFF,
    0xFF, 0xFF, 0xFD, 0x00, 0x00, 0x00, 0x00, 0x00, 0xF4, 0x00, 0x00, 0x00, 0x00, 0x03, 0xD0, 0x00,
    0x00, 0x00, 0x00, 0x0F, 0x40, 0x00, 0x00, 0x00, 0x00, 0x3D, 0x00, 0x00, 0x00, 0x00, 0x00, 0xF4,
    0x00, 0x00, 0x00, 0x00, 0x03, 0xD0, 0x00, 0x00, 0x00, 0x00, 0x0F, 0x40, 0x00, 0x00, 0x00, 0x00,
    0x3D, 0x00, 0x00, 0x00, 0x00, 0x00, 0xF4, 0x00, 0x00, 0x00, 0x00, 0x01, 0x40, 0x15, 0x55, 0x55,
    0x55, 0x55, 0x51, 0xFF, 0xFF, 0xFF, 0xFF, 0xFF, 0xD7, 0xFF, 0xFF, 0xFF, 0xFF, 0xFF, 0x40, 0x00,
    0x02, 0xE0, 0x00, 0x00, 0x00, 0x00, 0x0B, 0x80, 0x00, 0x00, 0x00, 0x00, 0x2E, 0x00, 0x00, 0x00,
    0x00, 0x00, 0xB8, 0x00, 0x00, 0x00, 0x00, 0x02, 0xE0, 0x00, 0x00, 0x00, 0x00, 0x0B, 0x80, 0x00,
    0x00, 0x00, 0x00, 0x2E, 0x00, 0x00, 0x00, 0x00, 0x00, 0xB8, 0x00, 0x00, 0x00, 0x00, 0x02, 0xE0,
    0x00, 0x00, 0x00, 0x00, 0x0B, 0x80, 0x00, 0x00, 0x00, 0x00, 0x2E, 0x00, 0x00, 0x00, 0x00, 0x00,
    0xB8, 0x00, 0x00, 0x00, 0x00, 0x02, 0xE0, 0x00, 0x00, 0x00, 0x00, 0x0B, 0x80, 0x00, 0x00, 0x00,
    0x00, 0x2E, 0x00, 0x00, 0x00, 0x00, 0x00, 0xB8, 0x00, 0x00, 0x00, 0x00, 0x02, 0xE0, 0x00, 0x00,
    0x00, 0x00, 0x0B, 0x80, 0x00, 0x00, 0x00, 0x00, 0x2E, 0x00, 0x00, 0x00, 0x00, 0x00, 0x06, 0x40,
    0x00, 0x00, 0x00, 0x00, 0x2E, 0x00, 0x00, 0x00, 0x00, 0x00, 0xB8, 0x00, 0x00, 0x00, 0x00, 0x02,
    0xE0, 0x00, 0x00, 0x00, 0x00, 0x0B, 0x80, 0x00, 0x00, 0x00, 0x00, 0x2E, 0x00, 0x00, 0x00, 0x00,
    0x00, 0xB8, 0x00, 0x00, 0x00, 0x00, 0x02, 0xE0, 0x00, 0x00, 0x00, 0x00, 0x0B, 0x80, 0x00, 0x00,
    0x00, 0x00, 0x2E, 0x00, 0x00, 0x00, 0x00, 0x00, 0xB8, 0x00, 0x00, 0x00, 0x00, 0x02, 0xE0, 0x00,
    0x00, 0x00, 0x00, 0x0B, 0x80, 0x00, 0x00, 0x00, 0x00, 0x2E, 0x00, 0x00, 0x00, 0x00, 0x00, 0xB8,
    0x00, 0x00, 0x00, 0x00, 0x02, 0xE0, 0x00, 0x00, 0x00, 0x00, 0x0B, 0x80, 0x00, 0x00, 0x00, 0x00,
    0x2E, 0x00, 0x00, 0x00, 0x00, 0x00, 0xB8, 0x00, 0x00, 0x05, 0x55, 0x57, 0xF5, 0x55, 0x54, 0x7F,
    0xFF, 0xFF, 0xFF, 0xFF, 0xF5, 0xFF, 0xFF, 0xFF, 0xFF, 0xFF, 0xD0, 0x7C, 0x00, 0x00, 0x1F, 0x00,
    0x00, 0x07, 0xC0, 0x00, 0x01, 0xF0, 0x00, 0x00, 0x7C, 0x00, 0x00, 0x1F, 0x00, 0x00, 0x07, 0xC0,
    0x00, 0x01, 0xF0, 0x00, 0x00, 0x7C, 0x00, 0x00, 0x1F, 0x55, 0x55, 0x47, 0xFF, 0xFF, 0xF9, 0xFF,
    0xFF, 0xFE, 0x7C, 0x00, 0x00, 0x1F, 0x00, 0x00, 0x07, 0xC0, 0x00, 0x01, 0xF0, 0x00, 0x00, 0x7C,
    0x00, 0x00, 0x1F, 0x00, 0x00, 0x07, 0xC0, 0x00, 0x01, 0xF0, 0x00, 0x00, 0x7C, 0x00, 0x00, 0x05,
    0x00, 0x00, 0x00, 0x7C, 0x00, 0x00, 0x1F, 0x00, 0x00, 0x07, 0xC0, 0x00, 0x01, 0xF0, 0x00, 0x00,
    0x7C, 0x00, 0x00, 0x1F, 0x00, 0x00, 0x07, 0xFF, 0xFF, 0xFD, 0xFF, 0xFF, 0xFF, 0x7D, 0x55, 0x55,
    0x5F, 0x00, 0x00, 0x07, 0xC0, 0x00, 0x01, 0xF0, 0x00, 0x00, 0x7C, 0x00, 0x00, 0x1F, 0x55, 0x55,
    0x57, 0xFF, 0xFF, 0xFD, 0xFF, 0xFF, 0xFF, 0x7C, 0x00, 0x00, 0x1F, 0x00, 0x00, 0x07, 0xC0, 0x00,
    0x01, 0xF0, 0x00, 0x00, 0x7C, 0x00, 0x00, 0x1F, 0x00, 0x00, 0x00, 0x7C, 0x00, 0x00, 0x00, 0x00,
    0x01, 0xF0, 0x00, 0x00, 0x00, 0x00, 0x07, 0xC0, 0x00, 0x00, 0x00, 0x00, 0x1F, 0x00, 0x00, 0x00,
    0x00, 0x00, 0x7C, 0x00, 0x00, 0x00, 0x00, 0x01, 0xF0, 0x00, 0x00, 0x00, 0x00, 0x07, 0xFF, 0xFF,
    0xFF, 0xFF, 0xFF, 0x5F, 0xFF, 0xFF, 0xFF, 0xFF, 0xFD, 0x7D, 0x55, 0x55, 0x55, 0x55, 0x51, 0xF0,
    0x00, 0x00, 0x00, 0x00, 0x07, 0xC0, 0x00, 0x00, 0x00, 0x00, 0x1F, 0x00, 0x00, 0x00, 0x00, 0x00,
    0x7C, 0x00, 0x00, 0x00, 0x00, 0x01, 0xF5, 0x55, 0x55, 0x55, 0x55, 0x47, 0xFF, 0xFF, 0xFF, 0xFF,
    0xFF, 0x5F, 0xFF, 0xFF, 0xFF, 0xFF, 0xFD, 0x7C, 0x00, 0x00, 0x00, 0x00, 0x01, 0xF0, 0x00, 0x00,
    0x00, 0x00, 0x07, 0xC0, 0x00, 0x00, 0x00, 0x00, 0x1F, 0x00, 0x00, 0x00, 0x00, 0x00, 0x7C, 0x00,
    0x00, 0x00, 0x00, 0x01, 0xF0, 0x00, 0x00, 0x00, 0x00, 0x00, 0x7C, 0x03, 0xD0, 0x00, 0x00, 0x00,
    0x1F, 0x00, 0xF4, 0x00, 0x00, 0x00, 0x07, 0xC0, 0x3D, 0x00, 0x00, 0x00, 0x01, 0xF0, 0x0F, 0x40,
    0x00, 0x00, 0x00, 0x7C, 0x03, 0xD0, 0x00, 0x00, 0x00, 0x1F, 0x00, 0xF4, 0x00, 0x00, 0x00, 0x07,
    0xC0, 0x3D, 0x00, 0x00, 0x00, 0x01, 0xF0, 0x0F, 0x40, 0x00, 0x00, 0x00, 0x7C, 0x03, 0xD0, 0x00,
    0x00, 0x00, 0x1F, 0x00, 0xF9, 0x55, 0x55, 0x55, 0x57, 0xC0, 0x3F, 0xFF, 0xFF, 0xFF, 0xFD, 0xF0,
    0x0F, 0xFF, 0xFF, 0xFF, 0xFF, 0x7C, 0x03, 0xD0, 0x00, 0x00, 0x00, 0x1F, 0x00, 0xF4, 0x00, 0x00,
    0x00, 0x07, 0xC0, 0x3D, 0x00, 0x00, 0x00, 0x01, 0xF0, 0x0F, 0x40, 0x00, 0x00, 0x00, 0x7C, 0x03,
    0xD0, 0x00, 0x00, 0x00, 0x1F, 0x00, 0xF4, 0x00, 0x00, 0x00, 0x07, 0xC0, 0x3D, 0x00, 0x00, 0x00,
    0x01, 0xF0, 0x0F, 0x40, 0x00, 0x00, 0x00, 0x7C, 0x03, 0xD0, 0x00, 0x00, 0x00, 0x05, 0x00, 0x50,
    0x00, 0x00, 0x00, 0x00, 0x7C, 0x03, 0xD0, 0x3E, 0x00, 0x00, 0x07, 0xC0, 0x3D, 0x03, 0xE0, 0x00,
    0x00, 0x7C, 0x03, 0xD0, 0x3E, 0x00, 0x00, 0x07, 0xC0, 0x3D, 0x03, 0xE0, 0x00, 0x00, 0x7C, 0x03,
    0xD0, 0x3E, 0x00, 0x00, 0x07, 0xC0, 0x3D, 0x03, 0xE0, 0x00, 0x00, 0x7C, 0x03, 0xD0, 0x3E, 0x00,
    0x00, 0x07, 0xC0, 0x3D, 0x03, 0xE0, 0x00, 0x00, 0x7C, 0x03, 0xD0, 0x3E, 0x00, 0x00, 0x07, 0xC0,
    0x3D, 0x03, 0xE5, 0x55, 0x54, 0x7C, 0x03, 0xD0, 0x3F, 0xFF, 0xFF, 0xC7, 0xC0, 0x3D, 0x03, 0xFF,
    0xFF, 0xFC, 0x7C, 0x03, 0xD0, 0x3E, 0x00, 0x00, 0x07, 0xC0, 0x3D, 0x03, 0xE0, 0x00, 0x00, 0x7C,
    0x03, 0xD0, 0x3E, 0x00, 0x00, 0x07, 0xC0, 0x3D, 0x03, 0xE0, 0x00, 0x00, 0x7C, 0x03, 0xD0, 0x3E,
    0x00, 0x00, 0x07, 0xC0, 0x3D, 0x03, 0xE0, 0x00, 0x00, 0x7C, 0x03, 0xD0, 0x3E, 0x00, 0x00, 0x07,
    0xC0, 0x3D, 0x03, 0xE0, 0x00, 0x00, 0x7C, 0x03, 0xD0, 0x3E, 0x00, 0x00, 0x01, 0x40, 0x14, 0x01,
    0x50, 0x00, 0x00, 0x7C, 0x03, 0xD0, 0x00, 0x00, 0x00, 0x1F, 0x00, 0xF4, 0x00, 0x00, 0x00, 0x07,
    0xC0, 0x3D, 0x00, 0x00, 0x00, 0x01, 0xF0, 0x0F, 0x40, 0x00, 0x00, 0x00, 0x7C, 0x03, 0xD0, 0x00,
    0x00, 0x00, 0x1F, 0x00, 0xF4, 0x00, 0x00, 0x00, 0x07, 0xC0, 0x3F, 0xFF, 0xFF, 0xFF, 0xFD, 0xF0,
    0x0F, 0xFF, 0xFF, 0xFF, 0xFF, 0x7C, 0x03, 0xE5, 0x55, 0x55, 0x55, 0x5F, 0x00, 0xF4, 0x00, 0x00,
    0x00, 0x07, 0xC0, 0x3D, 0x00, 0x00, 0x00, 0x01, 0xF0, 0x0F, 0x40, 0x00, 0x00, 0x00, 0x7C, 0x03,
    0xD0, 0x00, 0x00, 0x00, 0x1F, 0x00, 0xF9, 0x55, 0x55, 0x55, 0x57, 0xC0, 0x3F, 0xFF, 0xFF, 0xFF,
    0xFD, 0xF0, 0x0F, 0xFF, 0xFF, 0xFF, 0xFF, 0x7C, 0x03, 0xD0, 0x00, 0x00, 0x00, 0x1F, 0x00, 0xF4,
    0x00, 0x00, 0x00, 0x07, 0xC0, 0x3D, 0x00, 0x00, 0x00, 0x01, 0xF0, 0x0F, 0x40, 0x00, 0x00, 0x00,
    0x7C, 0x03, 0xD0, 0x00, 0x00, 0x00, 0x1F, 0x00, 0xF4, 0x00, 0x00, 0x00, 0x00, 0x00, 0x00, 0x00,
    0x00, 0x00, 0x00, 0x00, 0x00, 0x00, 0x0E, 0x00, 0x07, 0xC0, 0x00, 0x00, 0x7C, 0x00, 0x1F, 0x00,
    0x00, 0x02, 0xE0, 0x00, 0x7C, 0x00, 0x00, 0x0F, 0x00, 0x01, 0xF0, 0x00, 0x00, 0xBC, 0x00, 0x07,
    0xC0, 0x00, 0x03, 0xD0, 0x00, 0x1F, 0x00, 0x00, 0x1F, 0x00, 0x00, 0x7C, 0x00, 0x00, 0xB8, 0x00,
    0x01, 0xF0, 0x00, 0x03, 0xD0, 0x00, 0x07, 0xC0, 0x00, 0x1F, 0x00, 0x00, 0x1F, 0x55, 0x55, 0xF9,
    0x55, 0x54, 0x7F, 0xFF, 0xFF, 0xFF, 0xFF, 0xF5, 0xFF, 0xFF, 0xFF, 0xFF, 0xFF, 0xD7, 0xC0, 0x00,
    0xF4, 0x00, 0x00, 0x1F, 0x00, 0x07, 0xC0, 0x00, 0x00, 0x7C, 0x00, 0x3E, 0x00, 0x00, 0x01, 0xF0,
    0x00, 0xF0, 0x00, 0x00, 0x07, 0xC0, 0x0B, 0xC0, 0x00, 0x00, 0x1F, 0x00, 0x3D, 0x00, 0x00, 0x00,
    0x7C, 0x01, 0xF0, 0x00, 0x00, 0x01, 0xF0, 0x0F, 0x80, 0x00, 0x00, 0x07, 0xC0, 0x3C, 0x00, 0x00,
    0x00, 0x05, 0x02, 0xF0, 0x00, 0x00, 0x00, 0x00, 0x01, 0x40, 0x00, 0x00, 0x00, 0x00, 0x00, 0x00,
    0x00, 0x00, 0x00, 0x00, 0x00, 0x00, 0x0E, 0x00, 0x07, 0xC0, 0x00, 0x00, 0x7C, 0x00, 0x1F, 0x00,
    0x00, 0x02, 0xE0, 0x00, 0x7C, 0x00, 0x00, 0x0F, 0x40, 0x01, 0xF0, 0x00, 0x00, 0x7C, 0x00, 0x07,
    0xC0, 0x00, 0x03, 0xE0, 0x00, 0x1F, 0x00, 0x00, 0x0F, 0x00, 0x00, 0x7F, 0xFF, 0xFF, 0xFF, 0xFF,
    0xF5, 0xFF, 0xFF, 0xFF, 0xFF, 0xFF, 0xD7, 0xD5, 0x55, 0x6F, 0x55, 0x55, 0x1F, 0x00, 0x00, 0xF8,
    0x00, 0x00, 0x7C, 0x00, 0x03, 0xC0, 0x00, 0x01, 0xF0, 0x00, 0x2F, 0x00, 0x00, 0x07, 0xC0, 0x00,
    0xF4, 0x00, 0x00, 0x1F, 0x55, 0x5B, 0xD5, 0x55, 0x54, 0x7F, 0xFF, 0xFF, 0xFF, 0xFF, 0xF5, 0xFF,
    0xFF, 0xFF, 0xFF, 0xFF, 0xD7, 0xC0, 0x07, 0xC0, 0x00, 0x00, 0x1F, 0x00, 0x3D, 0x00, 0x00, 0x00,
    0x7C, 0x00, 0xF0, 0x00, 0x00, 0x01, 0xF0, 0x0B, 0x80, 0x00, 0x00, 0x07, 0xC0, 0x3D, 0x00, 0x00,
    0x00, 0x1F, 0x01, 0xF0, 0x00, 0x00, 0x00, 0x00, 0x07, 0x80, 0x00, 0x00, 0x00, 0x00, 0x00, 0x00,
    0x00, 0x00, 0x00, 0x00, 0x00, 0x00, 0x00, 0x00, 0x00, 0x00, 0x00, 0x00, 0x00, 0x00, 0x3C, 0x07,
    0xC0, 0x3D, 0x00, 0x00, 0x0F, 0x01, 0xF0, 0x0F, 0x40, 0x00, 0x0B, 0x80, 0x7C, 0x03, 0xD0, 0x00,
    0x03, 0xD0, 0x1F, 0x00, 0xF4, 0x00, 0x01, 0xF0, 0x07, 0xC0, 0x3D, 0x00, 0x00, 0xF8, 0x01, 0xF0,
    0x0F, 0x40, 0x00, 0x3C, 0x00, 0x7C, 0x03, 0xD0, 0x00, 0x2F, 0x00, 0x1F, 0x00, 0xF4, 0x00, 0x0F,
    0x40, 0x07, 0xC0, 0x3D, 0x00, 0x07, 0xC0, 0x01, 0xF0, 0x0F, 0x95, 0x57, 0xF5, 0x55, 0x7C, 0x03,
    0xFF, 0xFF, 0xFF, 0xFF, 0xDF, 0x00, 0xFF, 0xFF, 0xFF, 0xFF, 0xF7, 0xC0, 0x3D, 0x00, 0x3D, 0x00,
    0x01, 0xF0, 0x0F, 0x40, 0x1F, 0x00, 0x00, 0x7C, 0x03, 0xD0, 0x0B, 0x80, 0x00, 0x1F, 0x00, 0xF4,
    0x03, 0xD0, 0x00, 0x07, 0xC0, 0x3D, 0x01, 0xF0, 0x00, 0x01, 0xF0, 0x0F, 0x40, 0xF4, 0x00, 0x00,
    0x7C, 0x03, 0xD0, 0x7C, 0x00, 0x00, 0x1F, 0x00, 0xF4, 0x2E, 0x00, 0x00, 0x07, 0xC0, 0x3D, 0x0F,
    0x40, 0x00, 0x00, 0x50, 0x05, 0x07, 0xC0, 0x00, 0x00, 0x00, 0x00, 0x00, 0x10, 0x00, 0x00, 0x00,
    0x00, 0x00, 0x00, 0x00, 0x00, 0x00, 0x00, 0x00, 0x00, 0x00, 0x00, 0x2C, 0x07, 0xC0, 0x3D, 0x00,
    0x00, 0x0F, 0x41, 0xF0, 0x0F, 0x40, 0x00, 0x07, 0xC0, 0x7C, 0x03, 0xD0, 0x00, 0x03, 0xE0, 0x1F,
    0x00, 0xF4, 0x00, 0x00, 0xF0, 0x07, 0xC0, 0x3D, 0x00, 0x00, 0xBC, 0x01, 0xF0, 0x0F, 0x40, 0x00,
    0x3D, 0x00, 0x7C, 0x03, 0xFF, 0xFF, 0xFF, 0xFF, 0xDF, 0x00, 0xFF, 0xFF, 0xFF, 0xFF, 0xF7, 0xC0,
    0x3E, 0x55, 0x57, 0xD5, 0x55, 0xF0, 0x0F, 0x40, 0x02, 0xF0, 0x00, 0x7C, 0x03, 0xD0, 0x00, 0xF4,
    0x00, 0x1F, 0x00, 0xF4, 0x00, 0x7C, 0x00, 0x07, 0xC0, 0x3D, 0x00, 0x2E, 0x00, 0x01, 0xF0, 0x0F,
    0x95, 0x5F, 0x95, 0x55, 0x7C, 0x03, 0xFF, 0xFF, 0xFF, 0xFF, 0xDF, 0x00, 0xFF, 0xFF, 0xFF, 0xFF,
    0xF7, 0xC0, 0x3D, 0x00, 0xF0, 0x00, 0x01, 0xF0, 0x0F, 0x40, 0xBC, 0x00, 0x00, 0x7C, 0x03, 0xD0,
    0x3D, 0x00, 0x00, 0x1F, 0x00, 0xF4, 0x1F, 0x00, 0x00, 0x07, 0xC0, 0x3D, 0x0B, 0x80, 0x00, 0x01,
    0xF0, 0x0F, 0x43, 0xD0, 0x00, 0x00, 0x00, 0x00, 0x00, 0xB0, 0x00, 0x00, 0x00, 0x00, 0x00, 0x00,
    0x00, 0x00, 0x00, 0x00, 0x00, 0x07, 0xF4, 0x00, 0x00, 0x0B, 0xFF, 0x40, 0x00, 0x07, 0xD7, 0xF0,
    0x00, 0x00, 0xE0, 0x7C, 0x00, 0x00, 0x00, 0x1F, 0x00, 0x00, 0x00, 0x0F, 0x80, 0x00, 0x00, 0x2F,
    0xC0, 0x00, 0x06, 0xFF, 0xC0, 0x06, 0xBF, 0xFF, 0x40, 0x1F, 0xFF, 0xF4, 0x00, 0x01, 0xAF, 0xFF,
    0xE4, 0x00, 0x00, 0x16, 0xFF, 0x80, 0x00, 0x00, 0x06, 0xFC, 0x00, 0x00, 0x00, 0x1F, 0x80, 0x00,
    0x00, 0x01, 0xF0, 0x00, 0x00, 0x90, 0x7C, 0x00, 0x00, 0x7D, 0x7F, 0x00, 0x00, 0x0F, 0xFF, 0x40,
    0x00, 0x00, 0xBF, 0x40, 0x0B, 0xF4, 0x00, 0x00, 0x0B, 0xFF, 0x40, 0x00, 0x03, 0xE6, 0xF0, 0x00,
    0x01, 0xF0, 0x38, 0x00, 0x00, 0x3C, 0x00, 0x00, 0x00, 0x0F, 0xC0, 0x00, 0x00, 0x01, 0xFD, 0x00,
    0x00, 0x00, 0x1F, 0xF9, 0x00, 0x00, 0x00, 0xBF, 0xFF, 0xA4, 0x00, 0x00, 0xBF, 0xFF, 0xC0, 0x06,
    0xFF, 0xFE, 0x90, 0x1F, 0xFE, 0x40, 0x00, 0x1F, 0xE0, 0x00, 0x00, 0x0F, 0xC0, 0x00, 0x00, 0x03,
    0xC0, 0x00, 0x00, 0x01, 0xF0, 0x24, 0x00, 0x00, 0x3E, 0x6F, 0x00, 0x00, 0x0B, 0xFF, 0x40, 0x00,
    0x00, 0x7F, 0x40, 0x00, 0x00, 0x00, 0x00, 0x00, 0x00, 0x00, 0x00, 0x00, 0x07, 0xC0, 0x00, 0x00,
    0x6F, 0xF0, 0x00, 0x06, 0xFF, 0xFC, 0x00, 0x2F, 0xFD, 0x0F, 0x01, 0xFF, 0xD0, 0x03, 0xC7, 0xFE,
    0x00, 0x00, 0xF0, 0xBF, 0xE0, 0x00, 0x3C, 0x01, 0xBF, 0xE0, 0x0F, 0x00, 0x01, 0xFF, 0xE3, 0xC0,
    0x00, 0x02, 0xFF, 0xF0, 0x00, 0x00, 0x06, 0xFC, 0x00, 0x00, 0x00, 0x07, 0x00, 0x00, 0x00, 0x00,
    0x00, 0x1E, 0x40, 0x00, 0x00, 0x07, 0xFE, 0x00, 0x00, 0x01, 0xFF, 0xFE, 0x00, 0x00, 0x7C, 0x2F,
    0xFD, 0x00, 0x1F, 0x00, 0x2F, 0xF9, 0x07, 0xC0, 0x00, 0x6F, 0xF1, 0xF0, 0x00, 0x2F, 0xF8, 0x7C,
    0x02, 0xFF, 0xD0, 0x1F, 0x2F, 0xFD, 0x00, 0x07, 0xFF, 0xE0, 0x00, 0x01, 0xFE, 0x40, 0x00, 0x00,
    0x74, 0x00, 0x00, 0x00, 0x00, 0x00, 0x00, 0x00, 0x00, 0x00, 0x00, 0x00, 0x00, 0x00, 0x00, 0x00,
    0x06, 0xC0, 0x00, 0x00, 0x6F, 0xF0, 0x00, 0x02, 0xFF, 0xFC, 0x00, 0x1F, 0xFE, 0x0F, 0x01, 0xBF,
    0xE0, 0x03, 0xC3, 0xFE, 0x00, 0x00, 0xF0, 0xBF, 0xD0, 0x00, 0x3C, 0x01, 0xFF, 0xD0, 0x0F, 0x00,
    0x02, 0xFF, 0xD3, 0xC0, 0x00, 0x06, 0xFF, 0xF0, 0x00, 0x00, 0x06, 0xFC, 0x00, 0x00, 0x00, 0x07,
    0x00, 0x00, 0x00, 0x00, 0x01, 0x55, 0x55, 0x55, 0x51, 0xFF, 0xFF, 0xFF, 0xFC, 0x7F, 0xFF, 0xFF,
    0xFF, 0x00, 0x00, 0x00, 0x00, 0x00, 0x1E, 0x40, 0x00, 0x00, 0x07, 0xFE, 0x00, 0x00, 0x01, 0xFF,
    0xFE, 0x00, 0x00, 0x7C, 0x2F, 0xFD, 0x00, 0x1F, 0x00, 0x2F, 0xF9, 0x07, 0xC0, 0x00, 0x6F, 0xF1,
    0xF0, 0x00, 0x2F, 0xF8, 0x7C, 0x02, 0xFF, 0xD0, 0x1F, 0x2F, 0xFD, 0x00, 0x07, 0xFF, 0xE0, 0x00,
    0x01, 0xFE, 0x40, 0x00, 0x00, 0x74, 0x00, 0x00, 0x00, 0x00, 0x00, 0x00, 0x00, 0x01, 0x55, 0x55,
    0x55, 0x51, 0xFF, 0xFF, 0xFF, 0xFC, 0x7F, 0xFF, 0xFF, 0xFF, 0x00, 0x02, 0xFD, 0x00, 0x00, 0x00,
    0x6F, 0x80, 0x0F, 0xFF, 0x80, 0x00, 0x02, 0xFF, 0xF4, 0x3F, 0x07, 0xD0, 0x00, 0x03, 0xFF, 0xFC,
    0x3C, 0x02, 0xFF, 0xFF, 0xFF, 0xFF, 0xFD, 0x7C, 0x01, 0xFF, 0xFF, 0xFF, 0xFF, 0xFD, 0x3C, 0x02,
    0xD0, 0x00, 0x07, 0xFF, 0xFD, 0x3F, 0x07, 0xC0, 0x00, 0x03, 0xFF, 0xFC, 0x0F, 0xFF, 0x40, 0x00,
    0x00, 0xFF, 0xF4, 0x02, 0xFC, 0x00, 0x00, 0x00, 0x2F, 0x80, 0x02, 0xFD, 0x00, 0x00, 0x00, 0x6F,
    0x80, 0x0F, 0xFF, 0x80, 0x00, 0x01, 0xFF, 0xF4, 0x3F, 0xFF, 0xD0, 0x00, 0x03, 0xE0, 0xBC, 0x3F,
    0xFF, 0xFF, 0xFF, 0xFF, 0xC0, 0x3D, 0x7F, 0xFF, 0xFF, 0xFF, 0xFF, 0x80, 0x2D, 0x3F, 0xFF, 0xD0,
    0x00, 0x07, 0xC0, 0x3D, 0x3F, 0xFF, 0xC0, 0x00, 0x03, 0xE0, 0xBC, 0x0F, 0xFF, 0x40, 0x00, 0x00,
    0xFF, 0xF4, 0x02, 0xFD, 0x00, 0x00, 0x00, 0x2F, 0x80, 0x00, 0x00, 0x00, 0x00, 0x2F, 0x80, 0x00,
    0x00, 0x00, 0x01, 0xFF, 0xF4, 0x00, 0x00, 0x00, 0x03, 0xE0, 0xBC, 0x7F, 0xFF, 0xFF, 0xFF, 0xC0,
    0x3D, 0x7F, 0xFF, 0xFF, 0xFF, 0x80, 0x2E, 0x00, 0x00, 0x00, 0x03, 0xC0, 0x3D, 0x00, 0x00, 0x00,
    0x02, 0xE0, 0xBC, 0x00, 0x00, 0x00, 0x00, 0xFF, 0xF4, 0x00, 0x00, 0x00, 0x00, 0x2F, 0x90, 0x00,
    0x03, 0xE0, 0x00, 0x00, 0x00, 0xF8, 0x00, 0x00, 0x00, 0x3E, 0x00, 0x00, 0x00, 0x0F, 0x80, 0x00,
    0x00, 0x03, 0xE0, 0x00, 0x00, 0x00, 0x00, 0x00, 0x00, 0x00, 0x00, 0x00, 0x01, 0xFF, 0xC0, 0x0F,
    0xFC, 0x7F, 0xF0, 0x03, 0xFF, 0x05, 0x54, 0x00, 0x55, 0x40, 0x00, 0x00, 0x00, 0x00, 0x00, 0x0F,
    0x80, 0x00, 0x00, 0x03, 0xE0, 0x00, 0x00, 0x00, 0xF8, 0x00, 0x00, 0x00, 0x3E, 0x00, 0x00, 0x00,
    0x0F, 0x80, 0x00, 0x15, 0x55, 0x55, 0x54, 0x7F, 0xFF, 0xFF, 0xFE, 0x7F, 0xFF, 0xFF, 0xFE, 0x00,
    0x03, 0xD0, 0x00, 0x00, 0x03, 0xD0, 0x00, 0x00, 0x03, 0xD0, 0x00, 0x00, 0x03, 0xD0, 0x00, 0x00,
    0x03, 0xD0, 0x00, 0x00, 0x03, 0xD0, 0x00, 0x00, 0x03, 0xD0, 0x00, 0x00, 0x03, 0xD0, 0x00, 0x00,
    0x03, 0xD0, 0x00, 0x00, 0x03, 0xD0, 0x00, 0x00, 0x03, 0xD0, 0x00, 0x00, 0x03, 0xD0, 0x00, 0x00,
    0x03, 0xD0, 0x00, 0x00, 0x03, 0xD0, 0x00, 0x00, 0x03, 0xD0, 0x00, 0x00, 0x03, 0xD0, 0x00, 0x00,
    0x03, 0xD0, 0x00, 0x00, 0x03, 0xD0, 0x00, 0x00, 0x03, 0xD0, 0x00, 0x3D, 0x00, 0x00, 0x2F, 0x0B,
    0xC0, 0x00, 0x0F, 0x40, 0xF4, 0x00, 0x0B, 0xC0, 0x2F, 0x00, 0x03, 0xD0, 0x03, 0xD0, 0x02, 0xF0,
    0x00, 0xBC, 0x00, 0xF4, 0x00, 0x0F, 0x40, 0x7C, 0x00, 0x02, 0xF0, 0x3E, 0x00, 0x00, 0x3D, 0x1F,
    0x00, 0x00, 0x0B, 0x8F, 0x80, 0x00, 0x00, 0xFB, 0xC0, 0x00, 0x00, 0x2F, 0xE0, 0x00, 0x00, 0x03,
    0xF0, 0x00, 0x00, 0x00, 0xB8, 0x00, 0x00, 0x00, 0x08, 0x00, 0x00, 0x00, 0x00, 0x00, 0x00, 0x15,
    0x55, 0x55, 0x55, 0x1F, 0xFF, 0xFF, 0xFF, 0xC7, 0xFF, 0xFF, 0xFF, 0xF0, 0x15, 0x55, 0x55, 0x55,
    0x1F, 0xFF, 0xFF, 0xFF, 0xC7, 0xFF, 0xFF, 0xFF, 0xF0, 0x00, 0x00, 0x00, 0x00, 0x00, 0x00, 0x00,
    0x00, 0x00, 0x00, 0x60, 0x00, 0x00, 0x00, 0x3E, 0x00, 0x00, 0x00, 0x1F, 0xC0, 0x00, 0x00, 0x0F,
    0xF8, 0x00, 0x00, 0x03, 0xEF, 0x00, 0x00, 0x02, 0xF3, 0xE0, 0x00, 0x00, 0xF4, 0x7C, 0x00, 0x00,
    0xBC, 0x0F, 0x80, 0x00, 0x3D, 0x01, 0xF0, 0x00, 0x2F, 0x00, 0x3E, 0x00, 0x0F, 0x40, 0x0B, 0xC0,
    0x0B, 0xC0, 0x00, 0xF8, 0x03, 0xD0, 0x00, 0x2F, 0x02, 0xF0, 0x00, 0x03, 0xD0, 0xF4, 0x00, 0x00,
    0xBC, 0x15, 0x55, 0x55, 0x55, 0x1F, 0xFF, 0xFF, 0xFF, 0xC7, 0xFF, 0xFF, 0xFF, 0xF0, 0x00, 0x00,
    0x00, 0x00, 0x00, 0x00, 0x00, 0x00, 0x0A, 0x40, 0x00, 0x06, 0x82, 0xF0, 0x00, 0x03, 0xE0, 0x3D,
    0x00, 0x01, 0xF0, 0x0F, 0xC0, 0x00, 0xF8, 0x01, 0xF0, 0x00, 0x7C, 0x00, 0x3E, 0x00, 0x3E, 0x00,
    0x07, 0xC0, 0x1F, 0x00, 0x00, 0xF8, 0x0B, 0x80, 0x00, 0x1F, 0x03, 0xC0, 0x00, 0x03, 0xE2, 0xE0,
    0x00, 0x00, 0x7C, 0xF4, 0x00, 0x00, 0x0F, 0xFC, 0x00, 0x00, 0x01, 0xFD, 0x00, 0x00, 0x00, 0x3F,
    0x00, 0x00, 0x00, 0x07, 0x40, 0x00, 0x7C, 0x00, 0x00, 0x00, 0x01, 0xF0, 0x00, 0x00, 0x00, 0x07,
    0xC0, 0x00, 0x00, 0x00, 0x1F, 0x00, 0x00, 0x00, 0x00, 0x7C, 0x00, 0x00, 0x00, 0x01, 0xF0, 0x00,
    0x00, 0x00, 0x07, 0xC0, 0x00, 0x00, 0x00, 0x1F, 0xF8, 0x00, 0x00, 0x00, 0x7F, 0xFE, 0x00, 0x00,
    0x01, 0xF1, 0xBF, 0x00, 0x00, 0x07, 0xC0, 0x3E, 0x00, 0x00, 0x1F, 0x00, 0x3D, 0x00, 0x00, 0x7C,
    0x00, 0x7C, 0x00, 0x01, 0xF0, 0x00, 0xF4, 0x00, 0x07, 0xC0, 0x02, 0xE0, 0x00, 0x1F, 0x55, 0x5B,
    0xD5, 0x55, 0x7F, 0xFF, 0xFF, 0xFF, 0xFD, 0xFF, 0xFF, 0xFF, 0xFF, 0xF0, 0x00, 0x00, 0x00, 0x00,
    0x00, 0x40, 0x00, 0x00, 0x00, 0x00, 0xE0, 0x00, 0x00, 0x00, 0x00, 0xF8, 0x00, 0x00, 0x00, 0x00,
    0xFE, 0x00, 0x00, 0x00, 0x00, 0xFF, 0x80, 0x00, 0x00, 0x00, 0xFF, 0xE0, 0x00, 0x00, 0x00, 0xFC,
    0xF8, 0x00, 0x00, 0x00, 0xFC, 0x3E, 0x00, 0x00, 0x00, 0xFC, 0x0F, 0x80, 0x00, 0x00, 0xFC, 0x03,
    0xE0, 0x00, 0x00, 0xFC, 0x00, 0xF8, 0x00, 0x00, 0xFC, 0x00, 0x3E, 0x00, 0x00, 0xFC, 0x00, 0x0F,
    0x80, 0x00, 0xFC, 0x00, 0x03, 0xE0, 0x00, 0xFC, 0x00, 0x00, 0xF8, 0x00, 0xFC, 0x00, 0x00, 0x3E,
    0x00, 0xFC, 0x00, 0x00, 0x0F, 0x80, 0xFE, 0x55, 0x55, 0x57, 0xE0, 0xFF, 0xFF, 0xFF, 0xFF, 0xF8,
    0xFF, 0xFF, 0xFF, 0xFF, 0xFE, 0x00, 0x00, 0x00, 0x18, 0x00, 0x00, 0x00, 0x00, 0x00, 0x00, 0x3E,
    0x00, 0x00, 0x00, 0x00, 0x00, 0x00, 0xBF, 0x00, 0x00, 0x00, 0x00, 0x00, 0x00, 0xFF, 0x40, 0x00,
    0x00, 0x00, 0x00, 0x01, 0xFF, 0xC0, 0x00, 0x00, 0x00, 0x00, 0x03, 0xE7, 0xC0, 0x00, 0x00, 0x00,
    0x00, 0x03, 0xD3, 0xE0, 0x00, 0x00, 0x00, 0x00, 0x0B, 0xC2, 0xF0, 0x00, 0x00, 0x00, 0x00, 0x0F,
    0x80, 0xF4, 0x00, 0x00, 0x00, 0x00, 0x1F, 0x00, 0xF8, 0x00, 0x00, 0x00, 0x00, 0x3E, 0x00, 0x7C,
    0x00, 0x00, 0x00, 0x00, 0x3D, 0x00, 0x3E, 0x00, 0x00, 0x00, 0x00, 0xBC, 0x00, 0x2F, 0x00, 0x00,
    0x00, 0x00, 0xF8, 0x00, 0x0F, 0x40, 0x00, 0x00, 0x01, 0xF0, 0x00, 0x0F, 0x80, 0x00, 0x00, 0x03,
    0xE0, 0x00, 0x07, 0xC0, 0x00, 0x00, 0x03, 0xD0, 0x00, 0x03, 0xE0, 0x00, 0x00, 0x0B, 0xC0, 0x00,
    0x02, 0xF0, 0x00, 0x00, 0x0F, 0x80, 0x00, 0x00, 0xF4, 0x00, 0x00, 0x1F, 0x00, 0x00, 0x00, 0xF8,
    0x00, 0x00, 0x3F, 0x00, 0x00, 0x00, 0x7C, 0x00, 0x00, 0x3D, 0x00, 0x00, 0x00, 0x3E, 0x00, 0x00,
    0xBC, 0x00, 0x00, 0x00, 0x2F, 0x00, 0x00, 0xF8, 0x00, 0x00, 0x00, 0x0F, 0x40, 0x01, 0xF0, 0x00,
    0x00, 0x00, 0x0F, 0x80, 0x02, 0xF0, 0x00, 0x00, 0x00, 0x07, 0xC0, 0x03, 0xD0, 0x00, 0x00, 0x00,
    0x03, 0xD0, 0x0B, 0xC0, 0x00, 0x00, 0x00, 0x02, 0xF0, 0x0F, 0x80, 0x00, 0x00, 0x00, 0x00, 0xF4,
    0x1F, 0x00, 0x00, 0x00, 0x00, 0x00, 0xF8, 0x2F, 0x00, 0x00, 0x00, 0x00, 0x00, 0x7C, 0x3D, 0x00,
    0x00, 0x00, 0x00, 0x00, 0x3D, 0x28, 0x00, 0x00, 0x00, 0x00, 0x00, 0x19, 0x3E, 0x00, 0x00, 0x00,
    0x00, 0x00, 0x3D, 0x2F, 0x00, 0x00, 0x00, 0x00, 0x00, 0xBC, 0x0F, 0x40, 0x00, 0x00, 0x00, 0x00,
    0xF4, 0x0B, 0xC0, 0x00, 0x00, 0x00, 0x01, 0xF0, 0x07, 0xC0, 0x00, 0x00, 0x00, 0x03, 0xE0, 0x03,
    0xE0, 0x00, 0x00, 0x00, 0x03, 0xD0, 0x02, 0xF0, 0x00, 0x00, 0x00, 0x0B, 0xC0, 0x00, 0xF4, 0x00,
    0x00, 0x00, 0x0F, 0x40, 0x00, 0xBC, 0x00, 0x00, 0x00, 0x1F, 0x00, 0x00, 0x7C, 0x00, 0x00, 0x00,
    0x3E, 0x00, 0x00, 0x3E, 0x00, 0x00, 0x00, 0x3D, 0x00, 0x00, 0x2F, 0x00, 0x00, 0x00, 0xBC, 0x00,
    0x00, 0x0F, 0x40, 0x00, 0x00, 0xF8, 0x00, 0x00, 0x0F, 0x80, 0x00, 0x01, 0xF0, 0x00, 0x00, 0x07,
    0xC0, 0x00, 0x03, 0xE0, 0x00, 0x00, 0x03, 0xE0, 0x00, 0x03, 0xD0, 0x00, 0x00, 0x02, 0xF0, 0x00,
    0x0B, 0xC0, 0x00, 0x00, 0x00, 0xF4, 0x00, 0x0F, 0x80, 0x00, 0x00, 0x00, 0xF8, 0x00, 0x1F, 0x00,
    0x00, 0x00, 0x00, 0x7C, 0x00, 0x3E, 0x00, 0x00, 0x00, 0x00, 0x3E, 0x00, 0x3D, 0x00, 0x00, 0x00,
    0x00, 0x2F, 0x00, 0xBC, 0x00, 0x00, 0x00, 0x00, 0x0F, 0x40, 0xF8, 0x00, 0x00, 0x00, 0x00, 0x0F,
    0x81, 0xF0, 0x00, 0x00, 0x00, 0x00, 0x07, 0xC2, 0xF0, 0x00, 0x00, 0x00, 0x00, 0x03, 0xE3, 0xD0,
    0x00, 0x00, 0x00, 0x00, 0x02, 0xFB, 0xC0, 0x00, 0x00, 0x00, 0x00, 0x00, 0xFF, 0x80, 0x00, 0x00,
    0x00, 0x00, 0x00, 0xFF, 0x00, 0x00, 0x00, 0x00, 0x00, 0x00, 0x7F, 0x00, 0x00, 0x00, 0x00, 0x00,
    0x00, 0x3D, 0x00, 0x00, 0x00, 0x00, 0x00, 0x05, 0x50, 0x00, 0x00, 0x00, 0x1F, 0xFF, 0xFE, 0x00,
    0x00, 0x03, 0xFF, 0xFF, 0xFF, 0x80, 0x00, 0x7F, 0xD0, 0x01, 0xBF, 0x80, 0x07, 0xF4, 0x00, 0x00,
    0x2F, 0x80, 0x3F, 0x00, 0x00, 0x00, 0x2F, 0x41, 0xF4, 0x00, 0x00, 0x00, 0x3F, 0x0B, 0xC0, 0x00,
    0x00, 0x00, 0x7C, 0x3D, 0x00, 0x00, 0x00, 0x00, 0xF4, 0xF0, 0x00, 0x00, 0x00, 0x03, 0xE3, 0xC0,
    0x00, 0x00, 0x00, 0x0B, 0x9F, 0x00, 0x00, 0x00, 0x00, 0x2E, 0x7C, 0x00, 0x00, 0x00, 0x00, 0xB9,
    0xF0, 0x00, 0x00, 0x00, 0x02, 0xE7, 0xC0, 0x00, 0x00, 0x00, 0x0B, 0x9F, 0x00, 0x00, 0x00, 0x00,
    0x2E, 0x7C, 0x00, 0x00, 0x00, 0x00, 0xB9, 0xF0, 0x00, 0x00, 0x00, 0x02, 0xE7, 0xC0, 0x00, 0x00,
    0x00, 0x0B, 0x9F, 0x00, 0x00, 0x00, 0x00, 0x2E, 0x7C, 0x00, 0x00, 0x00, 0x00, 0xB9, 0xF0, 0x00,
    0x00, 0x00, 0x02, 0xE7, 0xC0, 0x00, 0x00, 0x00, 0x0B, 0x9F, 0x00, 0x00, 0x00, 0x00, 0x2E, 0x7C,
    0x00, 0x00, 0x00, 0x00, 0xB9, 0xF0, 0x00, 0x00, 0x00, 0x02, 0xE7, 0xC0, 0x00, 0x00, 0x00, 0x0B,
    0x9F, 0x00, 0x00, 0x00, 0x00, 0x2E, 0x7C, 0x00, 0x00, 0x00, 0x00, 0xB9, 0xF0, 0x00, 0x00, 0x00,
    0x02, 0xE7, 0xC0, 0x00, 0x00, 0x00, 0x0B, 0x9F, 0x00, 0x00, 0x00, 0x00, 0x2E, 0x28, 0x00, 0x00,
    0x00, 0x00, 0x65, 0xF0, 0x00, 0x00, 0x00, 0x02, 0xE7, 0xC0, 0x00, 0x00, 0x00, 0x0B, 0x9F, 0x00,
    0x00, 0x00, 0x00, 0x2E, 0x7C, 0x00, 0x00, 0x00, 0x00, 0xB9, 0xF0, 0x00, 0x00, 0x00, 0x02, 0xE7,
    0xC0, 0x00, 0x00, 0x00, 0x0B, 0x9F, 0x00, 0x00, 0x00, 0x00, 0x2E, 0x7C, 0x00, 0x00, 0x00, 0x00,
    0xB9, 0xF0, 0x00, 0x00, 0x00, 0x02, 0xE7, 0xC0, 0x00, 0x00, 0x00, 0x0B, 0x9F, 0x00, 0x00, 0x00,
    0x00, 0x2E, 0x7C, 0x00, 0x00, 0x00, 0x00, 0xB9, 0xF0, 0x00, 0x00, 0x00, 0x02, 0xE7, 0xC0, 0x00,
    0x00, 0x00, 0x0B, 0x9F, 0x00, 0x00, 0x00, 0x00, 0x2E, 0x7C, 0x00, 0x00, 0x00, 0x00, 0xB9, 0xF0,
    0x00, 0x00, 0x00, 0x02, 0xE7, 0xC0, 0x00, 0x00, 0x00, 0x0B, 0x9F, 0x00, 0x00, 0x00, 0x00, 0x2E,
    0x7C, 0x00, 0x00, 0x00, 0x00, 0xB9, 0xF0, 0x00, 0x00, 0x00, 0x02, 0xE3, 0xC0, 0x00, 0x00, 0x00,
    0x0B, 0x8F, 0x40, 0x00, 0x00, 0x00, 0x3E, 0x3E, 0x00, 0x00, 0x00, 0x00, 0xF4, 0xBC, 0x00, 0x00,
    0x00, 0x0B, 0xC0, 0xF8, 0x00, 0x00, 0x00, 0x3E, 0x02, 0xF4, 0x00, 0x00, 0x03, 0xF0, 0x03, 0xF8,
    0x00, 0x00, 0x7F, 0x40, 0x03, 0xFF, 0x95, 0xAF, 0xF4, 0x00, 0x02, 0xFF, 0xFF, 0xFF, 0x00, 0x00,
    0x00, 0x6F, 0xFE, 0x80, 0x00, 0x00, 0x00, 0x00, 0x00, 0x00, 0x00, 0x34, 0x00, 0x00, 0x00, 0x3F,
    0x40, 0x00, 0x00, 0x3F, 0xF4, 0x00, 0x00, 0x3F, 0x6F, 0x40, 0x00, 0x3F, 0x42, 0xF4, 0x00, 0x3F,
    0x40, 0x2F, 0x40, 0x3F, 0x40, 0x02, 0xF4, 0x3F, 0x40, 0x00, 0x3F, 0x4B, 0xE0, 0x00, 0x0F, 0xC0,
    0xBE, 0x00, 0x0F, 0xC0, 0x0B, 0xE0, 0x0F, 0xC0, 0x00, 0xBE, 0x0F, 0xC0, 0x00, 0x0B, 0xEF, 0xC0,
    0x00, 0x00, 0xBF, 0xC0, 0x00, 0x00, 0x0B, 0xC0, 0x00, 0x00, 0x00, 0x80, 0x00, 0x00, 0x2E, 0x0F,
    0xE3, 0xF8, 0xBC, 0x00, 0x00, 0x00, 0x00, 0x01, 0x00, 0x00, 0x00, 0xD0, 0x00, 0x00, 0x3C, 0x00,
    0x00, 0x1F, 0x00, 0x0B, 0xFF, 0xFF, 0xD0, 0x7F, 0xFF, 0xC0, 0x03, 0xFF, 0x80, 0x00, 0xFF, 0xD0,
    0x00, 0x3E, 0xF8, 0x00, 0x1D, 0x0B, 0x00, 0x08, 0x00, 0x50, 0x00, 0x00, 0x00, 0x00, 0x00, 0x02,
    0xE0, 0x00, 0x01, 0x01, 0xFD, 0x05, 0x01, 0xF0, 0x7F, 0x43, 0xD0, 0x7F, 0x0B, 0x83, 0xF0, 0x07,
    0xF0, 0x03, 0xF0, 0x00, 0x7F, 0x03, 0xF4, 0x00, 0x07, 0xF3, 0xF4, 0x00, 0x55, 0xFF, 0xF9, 0x54,
    0x7F, 0xFF, 0xFF, 0xFF, 0x1F, 0xFF, 0xFF, 0xFF, 0xC0, 0x03, 0xFB, 0xF0, 0x00, 0x03, 0xF4, 0xBF,
    0x00, 0x03, 0xF4, 0x07, 0xF0, 0x03, 0xF4, 0xB8, 0x7F, 0x01, 0xF4, 0x7F, 0x47, 0xD0, 0x14, 0x1F,
    0xD0, 0x50, 0x00, 0x02, 0xE0, 0x00, 0x00, 0x34, 0x00, 0x00, 0x00, 0x01, 0xD7, 0xD0, 0x00, 0x00,
    0x00, 0x7E, 0x7F, 0x40, 0x00, 0x00, 0x1F, 0xE7, 0xFD, 0x00, 0x00, 0x07, 0xFE, 0x7F, 0xF4, 0x00,
    0x01, 0xFF, 0xE7, 0xCF, 0xD0, 0x00, 0x7F, 0x3E, 0x7C, 0x3F, 0x40, 0x1F, 0xC3, 0xE7, 0xC0, 0xFD,
    0x07, 0xF0, 0x3E, 0x7C, 0x03, 0xF5, 0xFC, 0x03, 0xE7, 0xC0, 0x0F, 0xFF, 0x00, 0x3E, 0x7C, 0x00,
    0x3F, 0xC0, 0x03, 0xE7, 0xC0, 0x07, 0xFD, 0x00, 0x3E, 0x7C, 0x01, 0xFF, 0xF4, 0x03, 0xE7, 0xC0,
    0x7F, 0x0F, 0xD0, 0x3E, 0x7C, 0x1F, 0xC0, 0x3F, 0x43, 0xE7, 0xC7, 0xF0, 0x00, 0xFD, 0x3E, 0x7D,
    0xFC, 0x00, 0x03, 0xF7, 0xE7, 0xFF, 0x00, 0x00, 0x0F, 0xFE, 0x7F, 0xC0, 0x00, 0x00, 0x3F, 0xE7,
    0xF0, 0x00, 0x00, 0x00, 0xFE, 0x7C, 0x00, 0x00, 0x00, 0x03, 0xE1, 0x00, 0x00, 0x00, 0x00, 0x04,
    0x34, 0x00, 0x00, 0x00, 0x00, 0x07, 0xD0, 0x00, 0x00, 0x00, 0x3C, 0x7F, 0x40, 0x00, 0x00, 0x0F,
    0xC7, 0xFD, 0x00, 0x00, 0x03, 0xF0, 0x7F, 0xF4, 0x00, 0x00, 0xFC, 0x07, 0xCF, 0xD0, 0x00, 0x3F,
    0x00, 0x7C, 0x3F, 0x40, 0x0F, 0xC0, 0x07, 0xC0, 0xFD, 0x03, 0xF0, 0x00, 0x7C, 0x03, 0xF5, 0xFC,
    0x00, 0x07, 0xC0, 0x0F, 0xFF, 0x00, 0x00, 0x7C, 0x00, 0x3F, 0xC0, 0x00, 0x07, 0xC0, 0x07, 0xFD,
    0x00, 0x00, 0x7C, 0x01, 0xFF, 0xF4, 0x00, 0x07, 0xC0, 0x7F, 0x0F, 0xD0, 0x00, 0x7C, 0x1F, 0xC0,
    0x3F, 0x40, 0x07, 0xC7, 0xF0, 0x00, 0xFD, 0x00, 0x7D, 0xFC, 0x00, 0x03, 0xF4, 0x07, 0xFF, 0x00,
    0x00, 0x0F, 0xD0, 0x7F, 0xC0, 0x00, 0x00, 0x3F, 0x47, 0xF0, 0x00, 0x00, 0x00, 0xFD, 0x7C, 0x00,
    0x00, 0x00, 0x03, 0xC1, 0x00, 0x00, 0x00, 0x00, 0x00, 0x04, 0x00, 0x00, 0x00, 0x00, 0xD3, 0xD0,
    0x00, 0x00, 0x00, 0x3E, 0x3F, 0x40, 0x00, 0x00, 0x0F, 0xE0, 0xFD, 0x00, 0x00, 0x03, 0xFE, 0x03,
    0xF4, 0x00, 0x00, 0xFF, 0xE0, 0x0F, 0xD0, 0x00, 0x3F, 0x7E, 0x00, 0x3F, 0x40, 0x0F, 0xC3, 0xE0,
    0x00, 0xFD, 0x03, 0xF0, 0x3E, 0x00, 0x03, 0xF4, 0xFC, 0x03, 0xE0, 0x00, 0x0F, 0xFF, 0x00, 0x3E,
    0x00, 0x00, 0x3F, 0xC0, 0x03, 0xE0, 0x00, 0x03, 0xFD, 0x00, 0x3E, 0x00, 0x00, 0xFF, 0xF4, 0x03,
    0xE0, 0x00, 0x3F, 0x4F, 0xD0, 0x3E, 0x00, 0x0F, 0xC0, 0x3F, 0x43, 0xE0, 0x03, 0xF0, 0x00, 0xFD,
    0x3E, 0x00, 0xFC, 0x00, 0x03, 0xF7, 0xE0, 0x3F, 0x00, 0x00, 0x0F, 0xFE, 0x0F, 0xC0, 0x00, 0x00,
    0x3F, 0xE3, 0xF0, 0x00, 0x00, 0x00, 0xFE, 0x2C, 0x00, 0x00, 0x00, 0x03, 0xE0, 0x00, 0x00, 0x00,
    0x00, 0x08, 0x04, 0x00, 0x00, 0x00, 0x00, 0x03, 0xD0, 0x00, 0x00, 0x00, 0x00, 0x3F, 0x40, 0x00,
    0x00, 0x00, 0x00, 0xFD, 0x00, 0x00, 0x00, 0x00, 0x03, 0xF4, 0x00, 0x00, 0x00, 0x00, 0x0F, 0xD0,
    0x00, 0x00, 0x00, 0x00, 0x3F, 0x40, 0x00, 0x00, 0x00, 0x00, 0xFD, 0x00, 0x00, 0x00, 0x00, 0x03,
    0xF4, 0x00, 0x00, 0x00, 0x00, 0x0F, 0xD0, 0x00, 0x00, 0x00, 0x00, 0x3F, 0x40, 0x00, 0x00, 0x00,
    0x03, 0xFD, 0x00, 0x00, 0x00, 0x00, 0xFF, 0xF4, 0x00, 0x00, 0x00, 0x3F, 0x4F, 0xD0, 0x00, 0x00,
    0x0F, 0xC0, 0x3F, 0x40, 0x00, 0x03, 0xF0, 0x00, 0xFD, 0x00, 0x00, 0xFC, 0x00, 0x03, 0xF4, 0x00,
    0x3F, 0x00, 0x00, 0x0F, 0xD0, 0x0F, 0xC0, 0x00, 0x00, 0x3F, 0x43, 0xF0, 0x00, 0x00, 0x00, 0xFD,
    0x2C, 0x00, 0x00, 0x00, 0x03, 0xC0, 0x00, 0x00, 0x00, 0x00, 0x00, 0x00, 0x00, 0x00, 0x00, 0x00,
    0x00, 0x00, 0x00, 0x00, 0x00, 0x3C, 0x00, 0x00, 0x00, 0x00, 0x0F, 0xC0, 0x00, 0x00, 0x00, 0x03,
    0xF0, 0x00, 0x00, 0x00, 0x00, 0xFC, 0x00, 0x00, 0x00, 0x00, 0x3F, 0x00, 0x00, 0x00, 0x00, 0x0F,
    0xC0, 0x00, 0x00, 0x00, 0x03, 0xF0, 0x00, 0x00, 0x00, 0x00, 0xFC, 0x00, 0x00, 0x00, 0x00, 0x3F,
    0x00, 0x00, 0x00, 0x00, 0x0F, 0xC0, 0x00, 0x00, 0x00, 0x03, 0xFD, 0x00, 0x00, 0x00, 0x00, 0xFF,
    0xF4, 0x00, 0x00, 0x00, 0x3F, 0x0F, 0xD0, 0x00, 0x00, 0x0F, 0xC0, 0x3F, 0x40, 0x00, 0x03, 0xF0,
    0x00, 0xFD, 0x00, 0x00, 0xFC, 0x00, 0x03, 0xF4, 0x00, 0x3F, 0x00, 0x00, 0x0F, 0xD0, 0x0F, 0xC0,
    0x00, 0x00, 0x3F, 0x43, 0xF0, 0x00, 0x00, 0x00, 0xFD, 0x2C, 0x00, 0x00, 0x00, 0x03, 0xC0, 0x00,
    0x00, 0x00, 0x00, 0x00, 0x50, 0x00, 0x2F, 0xF4, 0x1E, 0x01, 0xFF, 0xFF, 0xC3, 0xFF, 0xFF, 0x96,
    0xF0, 0x7F, 0xFD, 0x00, 0x08, 0x00, 0x50, 0x00, 0x00, 0x00, 0x00, 0x00, 0x00, 0x01, 0x55, 0x55,
    0x55, 0x51, 0xFF, 0xFF, 0xFF, 0xFC, 0x7F, 0xFF, 0xFF, 0xFF, 0x00, 0x19, 0x00, 0x00, 0x00, 0x06,
    0x41, 0xF4, 0x00, 0x00, 0x01, 0xF8, 0x0B, 0xC0, 0x00, 0x00, 0x3E, 0x00, 0x3E, 0x00, 0x00, 0x0B,
    0xC0, 0x00, 0xF4, 0x00, 0x01, 0xF4, 0x00, 0x0B, 0xC0, 0x00, 0x3E, 0x00, 0x00, 0x3E, 0x00, 0x07,
    0xC0, 0x00, 0x01, 0xF0, 0x00, 0xF4, 0x00, 0x00, 0x0F, 0x80, 0x2F, 0x00, 0x00, 0x00, 0x3C, 0x03,
    0xD0, 0x00, 0x00, 0x03, 0xE0, 0x7C, 0x00, 0x00, 0x00, 0x1F, 0x0F, 0x40, 0x00, 0x00, 0x00, 0xF5,
    0xF0, 0x00, 0x00, 0x00, 0x07, 0xEE, 0x00, 0x00, 0x00, 0x00, 0x3F, 0xC0, 0x00, 0x00, 0x00, 0x02,
    0xFC, 0x00, 0x00, 0x00, 0x00, 0x1F, 0x40, 0x00, 0x00, 0x00, 0x00, 0xF0, 0x00, 0x00, 0x00, 0x00,
    0x0F, 0x00, 0x00, 0x00, 0x00, 0x00, 0x05, 0x00, 0x00, 0x00, 0x00, 0x00, 0xF0, 0x00, 0x00, 0x00,
    0x00, 0x1F, 0x40, 0x00, 0x00, 0x00, 0x02, 0xF8, 0x00, 0x00, 0x00, 0x00, 0x3F, 0xC0, 0x00, 0x00,
    0x00, 0x07, 0xFD, 0x00, 0x00, 0x00, 0x00, 0xBA, 0xF0, 0x00, 0x00, 0x00, 0x0F, 0x4F, 0x00, 0x00,
    0x00, 0x02, 0xF0, 0xF8, 0x00, 0x00, 0x00, 0x3D, 0x07, 0xC0, 0x00, 0x00, 0x07, 0xC0, 0x3E, 0x00,
    0x00, 0x00, 0xF4, 0x01, 0xF0, 0x00, 0x00, 0x2F, 0x00, 0x0F, 0x80, 0x00, 0x07, 0xD0, 0x00, 0x3D,
    0x00, 0x00, 0xF8, 0x00, 0x02, 0xF0, 0x00, 0x2F, 0x00, 0x00, 0x0F, 0x80, 0x07, 0xD0, 0x00, 0x00,
    0x7D, 0x00, 0xF8, 0x00, 0x00, 0x02, 0xF0, 0x3F, 0x00, 0x00, 0x00, 0x0F, 0xC0, 0x00, 0x00, 0x01,
    0x55, 0x55, 0x00, 0x01, 0xFF, 0xFF, 0xFF, 0xD0, 0x07, 0xFF, 0xFF, 0xFF, 0xF4, 0x0B, 0xF9, 0x00,
    0x00, 0x00, 0x0B, 0xE0, 0x00, 0x00, 0x00, 0x03, 0xE0, 0x1F, 0xFF, 0xFF, 0xD2, 0xF0, 0x7F, 0xFF,
    0xFF, 0xF4, 0xF8, 0x3F, 0x95, 0x55, 0x54, 0x3C, 0x2F, 0x00, 0x00, 0x00, 0x0F, 0x0B, 0x80, 0x00,
    0x00, 0x07, 0xC3, 0xE0, 0x00, 0x00, 0x00, 0xF0, 0xBC, 0x00, 0x00, 0x00, 0x3D, 0x1F, 0xD0, 0x00,
    0x00, 0x0F, 0x82, 0xFF, 0xFF, 0xFF, 0xD2, 0xF0, 0x1F, 0xFF, 0xFF, 0xF4, 0x3F, 0x00, 0x05, 0x55,
    0x54, 0x07, 0xF4, 0x00, 0x00, 0x00, 0x00, 0x7F, 0xE9, 0x55, 0x55, 0x40, 0x02, 0xFF, 0xFF, 0xFF,
    0xF4, 0x00, 0x06, 0xFF, 0xFF, 0xFD, 0x15, 0x55, 0x50, 0x00, 0x00, 0x1F, 0xFF, 0xFF, 0xF9, 0x00,
    0x07, 0xFF, 0xFF, 0xFF, 0xF4, 0x00, 0x00, 0x00, 0x01, 0xBF, 0x80, 0x00, 0x00, 0x00, 0x02, 0xF8,
    0x1F, 0xFF, 0xFF, 0xD0, 0x2F, 0x07, 0xFF, 0xFF, 0xFF, 0x43, 0xE0, 0x55, 0x55, 0x5B, 0xF0, 0x7C,
    0x00, 0x00, 0x00, 0x3E, 0x0F, 0x00, 0x00, 0x00, 0x0B, 0xC3, 0xD0, 0x00, 0x00, 0x02, 0xF0, 0xF4,
    0x00, 0x00, 0x00, 0xF8, 0x3D, 0x00, 0x00, 0x01, 0xFD, 0x0F, 0x1F, 0xFF, 0xFF, 0xFE, 0x0B, 0xC7,
    0xFF, 0xFF, 0xFD, 0x03, 0xE0, 0x55, 0x55, 0x40, 0x03, 0xF0, 0x00, 0x00, 0x00, 0x07, 0xF4, 0x05,
    0x55, 0x55, 0x6F, 0xF4, 0x07, 0xFF, 0xFF, 0xFF, 0xF0, 0x01, 0xFF, 0xFF, 0xFE, 0x40, 0x00, 0x00,
    0x06, 0xFF, 0xE0, 0x00, 0x00, 0x3F, 0xFF, 0xFE, 0x00, 0x01, 0xFF, 0x95, 0xBF, 0xC0, 0x03, 0xF4,
    0x00, 0x0B, 0xF0, 0x0F, 0xC0, 0x14, 0x01, 0xF4, 0x0F, 0x42, 0xFF, 0xC0, 0xBC, 0x2F, 0x0B, 0xFF,
    0xF0, 0x7C, 0x3D, 0x0F, 0x81, 0xF8, 0x3D, 0x3D, 0x1F, 0x00, 0x7C, 0x2E, 0x3C, 0x2E, 0x00, 0x3C,
    0x2F, 0x7C, 0x3E, 0x00, 0x3D, 0x2F, 0x7C, 0x3E, 0x00, 0x3D, 0x1F, 0x7C, 0x3E, 0x00, 0x3D, 0x1F,
    0x7C, 0x3E, 0x00, 0x3D, 0x1F, 0x7C, 0x3E, 0x00, 0x3D, 0x1F, 0x7C, 0x3E, 0x00, 0x3D, 0x1F, 0x7C,
    0x3E, 0x00, 0x3D, 0x1F, 0x7C, 0x3E, 0x00, 0x3D, 0x1F, 0x7C, 0x3E, 0x00, 0x3D, 0x1F, 0x7C, 0x3E,
    0x00, 0x3D, 0x1F, 0x28, 0x19, 0x00, 0x18, 0x09, 0x7C, 0x3E, 0x00, 0x3D, 0x1F, 0x7C, 0x3E, 0x00,
    0x3D, 0x1F, 0x7C, 0x3E, 0x00, 0x3D, 0x1F, 0x7C, 0x3E, 0x00, 0x3D, 0x1F, 0x7C, 0x3E, 0x00, 0x3D,
    0x1F, 0x7C, 0x3E, 0x00, 0x3D, 0x1F, 0x7C, 0x3E, 0x00, 0x3D, 0x1F, 0x7C, 0x3E, 0x00, 0x3D, 0x1F,
    0x7C, 0x3E, 0x00, 0x3D, 0x1F, 0x3C, 0x2E, 0x00, 0x3D, 0x2F, 0x3D, 0x2F, 0x00, 0x7C, 0x2E, 0x3D,
    0x0F, 0x81, 0xF8, 0x3E, 0x2F, 0x0B, 0xFF, 0xF0, 0x3D, 0x1F, 0x02, 0xFF, 0xD0, 0xBC, 0x0F, 0xC0,
    0x14, 0x01, 0xF4, 0x03, 0xF0, 0x00, 0x0B, 0xF0, 0x01, 0xFF, 0x95, 0xBF, 0xC0, 0x00, 0x7F, 0xFF,
    0xFE, 0x00, 0x00, 0x06, 0xFF, 0xE0, 0x00, 0x00, 0x00, 0x3D, 0x00, 0x00, 0x00, 0x00, 0x3D, 0x00,
    0x00, 0x00, 0x00, 0x3D, 0x00, 0x00, 0x00, 0x00, 0x3D, 0x00, 0x00, 0x00, 0x00, 0x3D, 0x00, 0x00,
    0x00, 0x0B, 0xFF, 0xF4, 0x00, 0x00, 0xBF, 0xFF, 0xFF, 0x40, 0x02, 0xFE, 0x7E, 0x7F, 0xD0, 0x0B,
    0xE0, 0x3D, 0x07, 0xF0, 0x0F, 0x80, 0x3D, 0x00, 0xF8, 0x1F, 0x00, 0x3D, 0x00, 0xBC, 0x3E, 0x00,
    0x3D, 0x00, 0x3D, 0x3D, 0x00, 0x3D, 0x00, 0x3E, 0x3C, 0x00, 0x3D, 0x00, 0x2E, 0x3C, 0x00, 0x3D,
    0x00, 0x2F, 0x7C, 0x00, 0x3D, 0x00, 0x2F, 0x7C, 0x00, 0x3D, 0x00, 0x2F, 0x7C, 0x00, 0x3D, 0x00,
    0x2F, 0x7C, 0x00, 0x3D, 0x00, 0x2F, 0x7C, 0x00, 0x3D, 0x00, 0x2F, 0x7C, 0x00, 0x3D, 0x00, 0x2F,
    0x7C, 0x00, 0x3D, 0x00, 0x2F, 0x7C, 0x00, 0x3D, 0x00, 0x2F, 0x00, 0xF8, 0x0B, 0x80, 0x00, 0x3E,
    0x02, 0xE0, 0x00, 0x0F, 0x80, 0xB8, 0x00, 0x03, 0xE0, 0x2E, 0x00, 0x00, 0xF8, 0x0B, 0x80, 0x00,
    0x3E, 0x02, 0xE0, 0x00, 0x0F, 0x80, 0xB8, 0x00, 0x03, 0xE0, 0x2E, 0x00, 0x00, 0xF8, 0x0B, 0x80,
    0x00, 0x3E, 0x02, 0xE0, 0x07, 0xFF, 0xFF, 0xFF, 0xF1, 0xFF, 0xFF, 0xFF, 0xFC, 0x15, 0xFD, 0x5F,
    0xD5, 0x00, 0x3E, 0x02, 0xE0, 0x00, 0x0F, 0x80, 0xB8, 0x00, 0x03, 0xE0, 0x2E, 0x00, 0x15, 0xFD,
    0x5F, 0xD5, 0x1F, 0xFF, 0xFF, 0xFF, 0xC7, 0xFF, 0xFF, 0xFF, 0xF0, 0x03, 0xE0, 0x2E, 0x00, 0x00,
    0xF8, 0x0B, 0x80, 0x00, 0x3E, 0x02, 0xE0, 0x00, 0x0F, 0x80, 0xB8, 0x00, 0x03, 0xE0, 0x2E, 0x00,
    0x00, 0xF8, 0x0B, 0x80, 0x00, 0x3E, 0x02, 0xE0, 0x00, 0x0F, 0x80, 0xB8, 0x00, 0x03, 0xE0, 0x2E,
    0x00, 0x00, 0xF8, 0x0B, 0x80, 0x00, 0x00, 0x00, 0x00, 0x00, 0x00, 0x00, 0x00, 0x70, 0x00, 0x00,
    0x1F, 0xC0, 0x00, 0x07, 0xFE, 0x00, 0x01, 0xFF, 0x80, 0x00, 0x7F, 0xE0, 0x00, 0x1F, 0xFC, 0x00,
    0x02, 0xFF, 0x40, 0xF4, 0x7F, 0xD0, 0x0B, 0xF1, 0xFF, 0x40, 0x2F, 0xC1, 0xFF, 0xC0, 0x3D, 0x00,
    0x7F, 0xE0, 0x00, 0x00, 0x1F, 0xF8, 0x00, 0x00, 0x07, 0xFE, 0x00, 0x00, 0x01, 0xFF, 0x80, 0x00,
    0x00, 0x7F, 0x00, 0x00, 0x00, 0x1C, 0x00, 0x00, 0x00, 0x00, 0x00, 0x00, 0x00, 0x01, 0x80, 0x00,
    0x00, 0x07, 0xE0, 0x00, 0x00, 0x0F, 0xF8, 0x00, 0x00, 0x07, 0xFE, 0x00, 0x00, 0x01, 0xFF, 0x80,
    0x00, 0x00, 0x7F, 0xE0, 0x02, 0xD0, 0x2F, 0xF8, 0x2F, 0xC0, 0x0B, 0xFC, 0xBF, 0x00, 0x2F, 0xF0,
    0xF8, 0x07, 0xFE, 0x00, 0x01, 0xFF, 0x80, 0x00, 0x7F, 0xE0, 0x00, 0x1F, 0xF8, 0x00, 0x03, 0xFE,
    0x00, 0x00, 0x1F, 0x80, 0x00, 0x00, 0x60, 0x00, 0x00, 0x00, 0x00, 0x00, 0x00, 0x00, 0x00, 0x00,
    0x00, 0x00, 0x00, 0x00, 0x00, 0x00, 0x00, 0x00, 0x00, 0x00, 0x74, 0x00, 0x02, 0xC0, 0x00, 0x1D,
    0x00, 0x00, 0x07, 0xF4, 0x00, 0x2F, 0xC0, 0x01, 0xFD, 0x00, 0x00, 0x2F, 0xE0, 0x01, 0xFF, 0x40,
    0x0B, 0xF8, 0x00, 0x02, 0xFF, 0x00, 0x1F, 0xF4, 0x00, 0xBF, 0xC0, 0x00, 0x2F, 0xF4, 0x01, 0xFF,
    0x80, 0x0B, 0xFD, 0x00, 0x02, 0xFF, 0x40, 0x0F, 0xF8, 0x00, 0x7F, 0xD0, 0x00, 0x1F, 0xF4, 0x00,
    0xBF, 0x80, 0x07, 0xFD, 0x00, 0x00, 0x7F, 0x80, 0x03, 0xFC, 0x00, 0x1F, 0xE0, 0x00, 0x00, 0x3F,
    0xD0, 0x02, 0xFE, 0x00, 0x0F, 0xF4, 0x00, 0x00, 0x0B, 0xFC, 0x00, 0x7F, 0xE0, 0x02, 0xFF, 0x40,
    0x00, 0x00, 0xBF, 0x80, 0x07, 0xFD, 0x00, 0x2F, 0xE0, 0x00, 0x00, 0x0F, 0xF8, 0x00, 0xBF, 0xD0,
    0x03, 0xFE, 0x00, 0x00, 0x01, 0xFF, 0x80, 0x0B, 0xFD, 0x00, 0x7F, 0xE0, 0x00, 0x00, 0x1F, 0xF0,
    0x00, 0xBF, 0x80, 0x07, 0xFC, 0x00, 0x00, 0x01, 0xF4, 0x00, 0x0B, 0xC0, 0x00, 0x7D, 0x00, 0x00,
    0x00, 0x20, 0x00, 0x01, 0x80, 0x00, 0x09, 0x00, 0x00, 0x00, 0x00, 0x00, 0x00, 0x00, 0x00, 0x00,
    0x74, 0x00, 0x03, 0x80, 0x00, 0x1D, 0x00, 0x00, 0x00, 0x7F, 0x00, 0x03, 0xF8, 0x00, 0x1F, 0xD0,
    0x00, 0x00, 0x2F, 0xE0, 0x01, 0xFF, 0x40, 0x0B, 0xF8, 0x00, 0x00, 0x07, 0xFE, 0x00, 0x2F, 0xF4,
    0x00, 0xFF, 0x80, 0x00, 0x00, 0x7F, 0xE0, 0x02, 0xFF, 0x40, 0x1F, 0xF8, 0x00, 0x00, 0x07, 0xFD,
    0x00, 0x2F, 0xF0, 0x01, 0xFF, 0x80, 0x00, 0x00, 0x7F, 0xD0, 0x02, 0xFE, 0x00, 0x1F, 0xF4, 0x00,
    0x00, 0x0B, 0xF4, 0x00, 0x7F, 0xC0, 0x02, 0xFD, 0x00, 0x00, 0x1F, 0xF0, 0x00, 0xBF, 0x80, 0x07,
    0xFC, 0x00, 0x01, 0xFF, 0x80, 0x0B, 0xFD, 0x00, 0x3F, 0xE0, 0x00, 0x0B, 0xF8, 0x00, 0x7F, 0xD0,
    0x02, 0xFE, 0x00, 0x00, 0xBF, 0x80, 0x07, 0xFD, 0x00, 0x2F, 0xF0, 0x00, 0x0B, 0xFD, 0x00, 0x7F,
    0xE0, 0x02, 0xFF, 0x40, 0x00, 0x3F, 0xD0, 0x02, 0xFE, 0x00, 0x0F, 0xF4, 0x00, 0x00, 0x7D, 0x00,
    0x03, 0xE0, 0x00, 0x1F, 0x40, 0x00, 0x00, 0x60, 0x00, 0x02, 0x00, 0x00, 0x08, 0x00, 0x00, 0x00,
    0x00, 0x00, 0x00, 0x00, 0x00, 0x00, 0x00, 0x07, 0xC0, 0x00, 0x00, 0x6F, 0xF0, 0x00, 0x06, 0xFF,
    0xE0, 0x00, 0x2F, 0xFE, 0x00, 0x01, 0xFF, 0xE4, 0x00, 0x07, 0xFE, 0x40, 0x00, 0x01, 0xFF, 0x80,
    0x00, 0x00, 0x0B, 0xFF, 0x80, 0x00, 0x00, 0x0B, 0xFF, 0x80, 0x00, 0x00, 0x1B, 0xFF, 0x80, 0x00,
    0x00, 0x1F, 0xFC, 0x00, 0x00, 0x00, 0x1F, 0x00, 0x00, 0x00, 0x00, 0x01, 0x55, 0x55, 0x55, 0x51,
    0xFF, 0xFF, 0xFF, 0xFC, 0x7F, 0xFF, 0xFF, 0xFF, 0x00, 0x00, 0x00, 0x00, 0x01, 0x00, 0x00, 0x00,
    0x01, 0xFD, 0x00, 0x00, 0x00, 0x3F, 0xF9, 0x00, 0x00, 0x00, 0xBF, 0xF8, 0x00, 0x00, 0x01, 0xBF,
    0xF8, 0x00, 0x00, 0x01, 0xBF, 0xF4, 0x00, 0x00, 0x01, 0xFF, 0x00, 0x00, 0x06, 0xFF, 0x80, 0x00,
    0x6F, 0xFD, 0x00, 0x06, 0xFF, 0xE0, 0x00, 0x2F, 0xFE, 0x00, 0x00, 0x1F, 0xE4, 0x00, 0x00, 0x07,
    0x40, 0x00, 0x00, 0x00, 0x00, 0x00, 0x00, 0x00, 0x00, 0x00, 0x00, 0x00, 0x1E, 0x40, 0x00, 0x00,
    0x07, 0xFE, 0x40, 0x00, 0x00, 0x6F, 0xFE, 0x00, 0x00, 0x00, 0x6F, 0xFD, 0x00, 0x00, 0x00, 0x6F,
    0xFD, 0x00, 0x00, 0x00, 0x6F, 0xF0, 0x00, 0x00, 0x1B, 0xFC, 0x00, 0x01, 0xBF, 0xF4, 0x00, 0x0B,
    0xFF, 0x80, 0x00, 0xBF, 0xF9, 0x00, 0x01, 0xFF, 0x90, 0x00, 0x00, 0x7D, 0x00, 0x00, 0x00, 0x00,
    0x00, 0x00, 0x00, 0x01, 0x55, 0x55, 0x55, 0x51, 0xFF, 0xFF, 0xFF, 0xFC, 0x7F, 0xFF, 0xFF, 0xFF,
    0x00, 0x00, 0x00, 0x00, 0x00, 0x00, 0x00, 0x00, 0x20, 0x00, 0x00, 0x01, 0xFC, 0x00, 0x00, 0x1B,
    0xFF, 0x00, 0x01, 0xBF, 0xF8, 0x00, 0x0B, 0xFF, 0x80, 0x00, 0x7F, 0xF8, 0x00, 0x00, 0x7F, 0xC0,
    0x00, 0x00, 0x0F, 0xFE, 0x40, 0x00, 0x00, 0x1F, 0xFE, 0x40, 0x00, 0x00, 0x2F, 0xFE, 0x40, 0x00,
    0x00, 0x6F, 0xFE, 0x00, 0x00, 0x00, 0x6F, 0xC0, 0x00, 0x00, 0x00, 0x70, 0x00, 0x00, 0x00, 0x00,
    0x15, 0x55, 0x55, 0x55, 0x1F, 0xFF, 0xFF, 0xFF, 0xC7, 0xFF, 0xFF, 0xFF, 0xF0, 0x00, 0x00, 0x00,
    0x00, 0x00, 0x00, 0x00, 0x00, 0x00, 0x00, 0x00, 0x02, 0xC0, 0x00, 0x00, 0x0B, 0xF0, 0x00, 0x00,
    0x6F, 0xF4, 0x00, 0x01, 0xFF, 0xD0, 0x00, 0x07, 0xFF, 0x40, 0x00, 0x1F, 0xF8, 0x00, 0x00, 0x7F,
    0xE0, 0x00, 0x00, 0x7F, 0x80, 0x00, 0x00, 0x0F, 0xF8, 0x00, 0x00, 0x00, 0x7F, 0xE4, 0x00, 0x00,
    0x01, 0xFF, 0xD0, 0x00, 0x00, 0x06, 0xFF, 0x40, 0x00, 0x00, 0x0B, 0xFE, 0x00, 0x00, 0x00, 0x2F,
    0xF0, 0x00, 0x00, 0x00, 0xBC, 0x00, 0x00, 0x00, 0x02, 0x00, 0x15, 0x55, 0x55, 0x55, 0x1F, 0xFF,
    0xFF, 0xFF, 0xC7, 0xFF, 0xFF, 0xFF, 0xF0, 0x00, 0x00, 0x00, 0x00, 0x00, 0x00, 0x00, 0x00, 0x1E,
    0x00, 0x00, 0x00, 0x07, 0xF8, 0x00, 0x00, 0x00, 0xBF, 0xE0, 0x00, 0x00, 0x01, 0xFF, 0x90, 0x00,
    0x00, 0x07, 0xFF, 0x40, 0x00, 0x00, 0x1B, 0xFD, 0x00, 0x00, 0x00, 0x2F, 0xF4, 0x00, 0x00, 0x00,
    0xBF, 0x00, 0x00, 0x01, 0xBF, 0xC0, 0x00, 0x07, 0xFF, 0x40, 0x00, 0x1F, 0xF9, 0x00, 0x00, 0xBF,
    0xE0, 0x00, 0x02, 0xFF, 0x80, 0x00, 0x07, 0xFE, 0x00, 0x00, 0x01, 0xF4, 0x00, 0x00, 0x00, 0x10,
    0x00, 0x00, 0x00, 0x00, 0x00, 0x00, 0x00, 0x00, 0x00, 0x00, 0x00, 0x08, 0x00, 0x00, 0x00, 0x2C,
    0x00, 0x00, 0x00, 0xFC, 0x00, 0x00, 0x07, 0xF4, 0x00, 0x00, 0x2F, 0xC0, 0x00, 0x02, 0xFE, 0x00,
    0x00, 0x6F, 0xF0, 0x00, 0x1B, 0xFF, 0x40, 0x04, 0x7F, 0xE4, 0x00, 0x1C, 0x79, 0x00, 0x00, 0xFC,
    0x00, 0x00, 0x0B, 0xF4, 0x00, 0x00, 0xBF, 0xD0, 0x00, 0x1F, 0xFD, 0x00, 0x1B, 0xFF, 0xD0, 0x00,
    0x7F, 0xF8, 0x00, 0x00, 0x2F, 0xFF, 0x80, 0x00, 0x00, 0x6F, 0xFD, 0x00, 0x00, 0x01, 0xFF, 0x80,
    0x00, 0x00, 0x0B, 0xF4, 0x00, 0x00, 0x00, 0xFC, 0x00, 0x00, 0x00, 0x2C, 0x00, 0x00, 0x00, 0x04,
    0x00, 0x00, 0x00, 0x00, 0x00, 0x00, 0x00, 0x00, 0x50, 0x00, 0x00, 0x00, 0x78, 0x00, 0x00, 0x00,
    0x3E, 0x00, 0x00, 0x00, 0x1F, 0xD0, 0x00, 0x00, 0x07, 0xF8, 0x00, 0x00, 0x00, 0xBF, 0x80, 0x00,
    0x00, 0x1F, 0xF8, 0x00, 0x50, 0x01, 0xFF, 0xE4, 0x74, 0x00, 0x1F, 0xFC, 0x7E, 0x00, 0x00, 0x6C,
    0x2F, 0xE0, 0x00, 0x00, 0x07, 0xFE, 0x00, 0x00, 0x00, 0xBF, 0xE4, 0x00, 0x00, 0x07, 0xFF, 0xA4,
    0x00, 0x00, 0x2F, 0xFC, 0x00, 0x06, 0xFF, 0xF8, 0x00, 0x7F, 0xF9, 0x00, 0x03, 0xFE, 0x40, 0x00,
    0x1F, 0xE0, 0x00, 0x00, 0x3F, 0x00, 0x00, 0x00, 0x74, 0x00, 0x00, 0x00, 0x50, 0x00, 0x00, 0x00,
    0x00, 0x00, 0x00, 0x00, 0x00, 0x00, 0x00, 0x00, 0x00, 0x00, 0x00, 0xF0, 0x00, 0x00, 0x01, 0xE0,
    0x00, 0x00, 0x03, 0xD0, 0x00, 0x00, 0x03, 0xC0, 0x00, 0x00, 0x07, 0xCC, 0x00, 0x00, 0x0B, 0xFC,
    0x00, 0x00, 0x0F, 0xFC, 0x00, 0x00, 0x2F, 0xE0, 0x00, 0x06, 0xFF, 0x40, 0x01, 0xFF, 0xFE, 0x00,
    0x7F, 0xF9, 0x3D, 0x00, 0x3F, 0xFE, 0x7C, 0x00, 0x01, 0xBF, 0xFC, 0x00, 0x00, 0x07, 0xFF, 0x40,
    0x00, 0x00, 0xFF, 0xE0, 0x10, 0x00, 0xF2, 0xFC, 0x7F, 0x81, 0xF0, 0x7C, 0x7F, 0xFB, 0xE0, 0x0C,
    0x02, 0xFF, 0xE0, 0x00, 0x00, 0x1F, 0xF8, 0x00, 0x00, 0x07, 0xFF, 0x40, 0x00, 0x0B, 0x5F, 0xE0,
    0x00, 0x0F, 0x02, 0xF8, 0x00, 0x0F, 0x00, 0x7C, 0x00, 0x2E, 0x00, 0x0C, 0x00, 0x3D, 0x00, 0x00,
    0x00, 0x2C, 0x00, 0x00, 0x00, 0x00, 0x00, 0x00, 0x00, 0x00, 0x00, 0x00, 0x00, 0x00, 0x03, 0xC0,
    0x00, 0x00, 0x03, 0xC0, 0x00, 0x00, 0x0B, 0x80, 0x00, 0x00, 0x0F, 0x40, 0x60, 0x00, 0x0F, 0x00,
    0x7C, 0x00, 0x1F, 0x00, 0x3F, 0x40, 0x2E, 0x00, 0x0F, 0xF4, 0x3D, 0x00, 0x01, 0xFF, 0xBC, 0x00,
    0x00, 0x2F, 0xFE, 0x40, 0x00, 0x01, 0xFF, 0xFC, 0x00, 0x00, 0xFF, 0xFC, 0x00, 0x1F, 0xFE, 0x40,
    0x01, 0xFF, 0xF0, 0x00, 0x0B, 0xFB, 0xE0, 0x00, 0x3F, 0x83, 0xD0, 0x04, 0x7D, 0x03, 0xC1, 0xFC,
    0x70, 0x07, 0xEF, 0xFC, 0x00, 0x0F, 0xFF, 0x80, 0x00, 0x2F, 0xE4, 0x00, 0x01, 0xFF, 0x00, 0x00,
    0x0B, 0xFE, 0x00, 0x00, 0x2F, 0xBD, 0x00, 0x00, 0x7D, 0x3C, 0x00, 0x00, 0x70, 0x7C, 0x00, 0x00,
    0x40, 0xB8, 0x00, 0x00, 0x00, 0x74, 0x00, 0x00, 0x00, 0x00, 0x00, 0x00, 0x00, 0x00, 0x00, 0x04,
    0x00, 0x00, 0x00, 0x07, 0xC0, 0x00, 0x00, 0x03, 0xE0, 0x00, 0x00, 0x00, 0xF0, 0x00, 0x00, 0x00,
    0xBC, 0x1F, 0xFF, 0xFF, 0xFF, 0xC7, 0xFF, 0xFF, 0xFF, 0xF1, 0xF5, 0x55, 0x5F, 0x94, 0x7C, 0x00,
    0x03, 0xC0, 0x1F, 0x00, 0x01, 0xF0, 0x07, 0xC0, 0x00, 0xF4, 0x01, 0xF0, 0x00, 0x7C, 0x00, 0x7C,
    0x00, 0x2E, 0x00, 0x1F, 0x00, 0x0F, 0x40, 0x07, 0xC0, 0x07, 0xC0, 0x01, 0xF0, 0x03, 0xE0, 0x00,
    0x7C, 0x00, 0xF0, 0x00, 0x1F, 0x00, 0xBC, 0x00, 0x07, 0xC0, 0x3D, 0x00, 0x01, 0xF0, 0x1F, 0x00,
    0x00, 0x7D, 0x5F, 0xD5, 0x55, 0x1F, 0xFF, 0xFF, 0xFF, 0xC7, 0xFF, 0xFF, 0xFF, 0xF0, 0x00, 0xF4,
    0x00, 0x00, 0x00, 0x7C, 0x00, 0x00, 0x05, 0x7F, 0x55, 0x55, 0x47, 0xFF, 0xFF, 0xFF, 0xF1, 0xFF,
    0xFF, 0xFF, 0xFC, 0x03, 0xD0, 0x00, 0x00, 0x01, 0xF0, 0x00, 0x00, 0x00, 0x28, 0x00, 0x00, 0x00,
    0x00, 0x00, 0x00, 0x00, 0x00, 0x00, 0x00, 0x04, 0x00, 0x00, 0x00, 0x07, 0xC0, 0x00, 0x00, 0x03,
    0xE0, 0x00, 0x00, 0x00, 0xF0, 0x00, 0x00, 0x00, 0xBC, 0x1F, 0xFF, 0xFF, 0xFF, 0xC7, 0xFF, 0xFF,
    0xFF, 0xF0, 0x55, 0x55, 0x5F, 0xFC, 0x00, 0x00, 0x03, 0xDF, 0x00, 0x00, 0x01, 0xF3, 0xC0, 0x00,
    0x00, 0xF4, 0xF0, 0x00, 0x00, 0x7C, 0x3C, 0x00, 0x00, 0x2E, 0x0F, 0x00, 0x00, 0x0F, 0x43, 0xC0,
    0x00, 0x07, 0xC0, 0xF0, 0x00, 0x03, 0xE0, 0x3C, 0x00, 0x00, 0xF0, 0x0F, 0x00, 0x00, 0xBC, 0x03,
    0xC0, 0x00, 0x3D, 0x00, 0xF0, 0x00, 0x1F, 0x00, 0x3C, 0x15, 0x5F, 0xD5, 0x5F, 0x1F, 0xFF, 0xFF,
    0xFF, 0xC7, 0xFF, 0xFF, 0xFF, 0xF0, 0x00, 0xF4, 0x00, 0x00, 0x00, 0x7C, 0x00, 0x00, 0x05, 0x7F,
    0x55, 0x55, 0x47, 0xFF, 0xFF, 0xFF, 0xF1, 0xFF, 0xFF, 0xFF, 0xFC, 0x03, 0xD0, 0x00, 0x00, 0x01,
    0xF0, 0x00, 0x00, 0x00, 0x28, 0x00, 0x00, 0x00, 0x00, 0x00, 0x00, 0x00, 0x7F, 0xFF, 0xFF, 0xFF,
    0x1F, 0xFF, 0xFF, 0xFF, 0xC7, 0xD5, 0x55, 0x55, 0x51, 0xF0, 0x00, 0x00, 0x00, 0x7C, 0x00, 0x00,
    0x00, 0x1F, 0x00, 0x00, 0x00, 0x07, 0xC0, 0x00, 0x00, 0x01, 0xF0, 0x00, 0x00, 0x00, 0x7C, 0x00,
    0x00, 0x00, 0x1F, 0x00, 0x00, 0x00, 0x07, 0xC0, 0x00, 0x00, 0x01, 0xF0, 0x00, 0x00, 0x00, 0x7C,
    0x00, 0x00, 0x00, 0x1F, 0x00, 0x00, 0x00, 0x07, 0xC0, 0x00, 0x00, 0x01, 0xF5, 0x55, 0x55, 0x54,
    0x7F, 0xFF, 0xFF, 0xFF, 0x1F, 0xFF, 0xFF, 0xFF, 0xC0, 0x00, 0x00, 0x00, 0x00, 0x00, 0x07, 0x80,
    0x00, 0x15, 0x57, 0xF5, 0x55, 0x1F, 0xFF, 0xFF, 0xFF, 0xC7, 0xFF, 0xFF, 0xFF, 0xF0, 0x00, 0x7C,
    0x00, 0x00, 0x00, 0x3E, 0x00, 0x00, 0x00, 0x02, 0x00, 0x00, 0x00, 0x7F, 0xFF, 0xFF, 0xFF, 0x1F,
    0xFF, 0xFF, 0xFF, 0xC1, 0x55, 0x55, 0x55, 0xF0, 0x00, 0x00, 0x00, 0x3C, 0x00, 0x00, 0x00, 0x0F,
    0x00, 0x00, 0x00, 0x03, 0xC0, 0x00, 0x00, 0x00, 0xF0, 0x00, 0x00, 0x00, 0x3C, 0x00, 0x00, 0x00,
    0x0F, 0x00, 0x00, 0x00, 0x03, 0xC0, 0x00, 0x00, 0x00, 0xF0, 0x00, 0x00, 0x00, 0x3C, 0x00, 0x00,
    0x00, 0x0F, 0x00, 0x00, 0x00, 0x03, 0xC0, 0x00, 0x00, 0x00, 0xF0, 0x55, 0x55, 0x55, 0x7C, 0x7F,
    0xFF, 0xFF, 0xFF, 0x1F, 0xFF, 0xFF, 0xFF, 0xC0, 0x00, 0x00, 0x00, 0x00, 0x00, 0x07, 0x80, 0x00,
    0x15, 0x57, 0xF5, 0x55, 0x1F, 0xFF, 0xFF, 0xFF, 0xC7, 0xFF, 0xFF, 0xFF, 0xF0, 0x00, 0x7C, 0x00,
    0x00, 0x00, 0x3E, 0x00, 0x00, 0x00, 0x02, 0x00, 0x00, 0x00, 0x00, 0x00, 0x00, 0x01, 0x00, 0x00,
    0x00, 0x1B, 0xC0, 0x00, 0x01, 0xBF, 0xF0, 0x00, 0x0B, 0xFF, 0x90, 0x00, 0x7F, 0xF9, 0x00, 0x06,
    0xFF, 0x90, 0x00, 0x07, 0xFD, 0x00, 0x00, 0x00, 0xFF, 0xD0, 0x00, 0x00, 0x02, 0xFF, 0xD0, 0x00,
    0x00, 0x06, 0xFF, 0xD0, 0x00, 0x00, 0x07, 0xFF, 0xD0, 0x00, 0x00, 0x07, 0xFC, 0x00, 0x00, 0x10,
    0x0B, 0x00, 0x00, 0x1F, 0x00, 0x00, 0x05, 0x0F, 0x80, 0x00, 0x7F, 0xFF, 0xC0, 0x08, 0x3F, 0xFF,
    0xF9, 0x6F, 0x1E, 0x02, 0xFF, 0xFF, 0xC5, 0x00, 0xBA, 0xFF, 0x40, 0x00, 0x3C, 0x00, 0x00, 0x00,
    0x0A, 0x00, 0x00, 0x00, 0x00, 0x00, 0x00, 0x00, 0x10, 0x00, 0x00, 0x00, 0x1F, 0x90, 0x00, 0x00,
    0x03, 0xFF, 0x80, 0x00, 0x00, 0x1B, 0xFF, 0x40, 0x00, 0x00, 0x1B, 0xFF, 0x40, 0x00, 0x00, 0x1B,
    0xFE, 0x40, 0x00, 0x00, 0x1F, 0xF0, 0x00, 0x00, 0x2F, 0xFC, 0x00, 0x02, 0xFF, 0xE0, 0x00, 0x2F,
    0xFE, 0x40, 0x02, 0xFF, 0xE4, 0x00, 0x01, 0xFF, 0x40, 0x00, 0x00, 0x78, 0x00, 0x10, 0x00, 0x00,
    0x00, 0x1F, 0x00, 0x00, 0x05, 0x0F, 0x80, 0x00, 0x7F, 0xFF, 0xC0, 0x08, 0x3F, 0xFF, 0xF9, 0x6F,
    0x1E, 0x02, 0xFF, 0xFF, 0xC5, 0x00, 0xB9, 0xFF, 0x40, 0x00, 0x3C, 0x00, 0x00, 0x00, 0x0A, 0x00,
    0x00, 0x00, 0x00, 0x00, 0x00, 0x00, 0x00, 0x00, 0x00, 0x00, 0x00, 0x00, 0x00, 0x01, 0xC0, 0x00,
    0x00, 0x02, 0xF0, 0x00, 0x00, 0x0B, 0xF8, 0x00, 0x00, 0x6F, 0xF4, 0x00, 0x06, 0xFF, 0xD0, 0x01,
    0xBF, 0xFE, 0x40, 0x01, 0xFF, 0xE0, 0x00, 0x00, 0x2F, 0xFF, 0x90, 0x00, 0x00, 0x1B, 0xFF, 0x80,
    0x00, 0x00, 0x0B, 0xFE, 0x00, 0x00, 0x00, 0x1F, 0xF4, 0x00, 0x00, 0x00, 0x7F, 0x00, 0x00, 0x08,
    0x02, 0xC0, 0x00, 0x07, 0xC0, 0x20, 0x01, 0x43, 0xE0, 0x00, 0x1F, 0xFF, 0xF0, 0x02, 0x0F, 0xFF,
    0xFE, 0x5B, 0xC7, 0x80, 0xBF, 0xFF, 0xF1, 0x40, 0x2E, 0xBF, 0xD0, 0x00, 0x0F, 0x00, 0x00, 0x00,
    0x02, 0x80, 0x00, 0x00, 0x00, 0x00, 0x00, 0x00, 0x00, 0x00, 0x00, 0x00, 0x1C, 0x00, 0x00, 0x00,
    0x07, 0xE0, 0x00, 0x00, 0x00, 0xBF, 0x40, 0x00, 0x00, 0x07, 0xFE, 0x00, 0x00, 0x00, 0x1F, 0xFE,
    0x00, 0x00, 0x00, 0x6F, 0xFE, 0x40, 0x00, 0x00, 0x7F, 0xFC, 0x00, 0x01, 0xBF, 0xFE, 0x00, 0x0B,
    0xFF, 0x90, 0x00, 0x2F, 0xF8, 0x00, 0x00, 0x7F, 0xD0, 0x00, 0x00, 0x7F, 0x40, 0x00, 0x00, 0x1E,
    0x00, 0x04, 0x00, 0x06, 0x00, 0x07, 0xC0, 0x00, 0x01, 0x43, 0xE0, 0x00, 0x1F, 0xFF, 0xF0, 0x02,
    0x0F, 0xFF, 0xFE, 0x5B, 0xC7, 0x80, 0xBF, 0xFF, 0xF1, 0x40, 0x2E, 0xBF, 0xD0, 0x00, 0x0F, 0x00,
    0x00, 0x00, 0x02, 0x80, 0x00, 0x00, 0x00, 0x00, 0x00, 0x00, 0x00, 0x00, 0x00, 0x00, 0x00, 0x00,
    0x00, 0x0B, 0x40, 0x00, 0x00, 0x03, 0xD0, 0x00, 0x00, 0x01, 0xF0, 0x00, 0x00, 0x00, 0xB8, 0x00,
    0x00, 0x00, 0x3C, 0x00, 0x00, 0x00, 0x1F, 0xB0, 0x00, 0x00, 0x0F, 0xFC, 0x00, 0x00, 0x7F, 0xFF,
    0x00, 0x06, 0xFF, 0xE3, 0xC0, 0x6F, 0xF9, 0xF4, 0xF0, 0xFF, 0x90, 0x7C, 0x3C, 0x3F, 0xE4, 0x3E,
    0x0F, 0x00, 0xBF, 0xEF, 0x03, 0xC0, 0x01, 0xBF, 0xE4, 0xF0, 0x00, 0x03, 0xFF, 0xFC, 0x00, 0x01,
    0xF1, 0xFF, 0x00, 0x00, 0xB8, 0x02, 0xC0, 0x00, 0x3C, 0x00, 0x00, 0x00, 0x1F, 0x00, 0x00, 0x00,
    0x0B, 0x40, 0x00, 0x00, 0x00, 0x00, 0x00, 0x00, 0x00, 0x00, 0x00, 0x00, 0x00, 0x00, 0x0B, 0x80,
    0x00, 0x00, 0x03, 0xD0, 0x00, 0x00, 0x01, 0xF0, 0x00, 0x00, 0x00, 0xF8, 0x00, 0x1E, 0x40, 0x3C,
    0x00, 0x07, 0xFE, 0x6F, 0x00, 0x01, 0xFF, 0xFF, 0x80, 0x00, 0x7C, 0x2F, 0xFD, 0x00, 0x1F, 0x02,
    0xFF, 0xF9, 0x07, 0xC0, 0xF4, 0x6F, 0xF1, 0xF0, 0x7C, 0x2F, 0xF8, 0x7C, 0x3F, 0xFF, 0x90, 0x1F,
    0x2F, 0xFD, 0x00, 0x07, 0xFF, 0xE0, 0x00, 0x01, 0xFF, 0xD0, 0x00, 0x00, 0x65, 0xF0, 0x00, 0x00,
    0x00, 0xF8, 0x00, 0x00, 0x00, 0x3C, 0x00, 0x00, 0x00, 0x2F, 0x00, 0x00, 0x00, 0x07, 0x40, 0x00,
    0x00, 0x00, 0x00, 0x00, 0x00, 0x00, 0x00, 0x00, 0x00, 0x40, 0x00, 0x00, 0x00, 0x7C, 0x00, 0x00,
    0x00, 0x2E, 0x00, 0x00, 0x00, 0x0F, 0x40, 0x00, 0x00, 0x03, 0xC0, 0x00, 0x00, 0x01, 0xF0, 0x00,
    0x00, 0x00, 0xB9, 0xB0, 0x00, 0x00, 0x3F, 0xFC, 0x00, 0x00, 0xBF, 0xFF, 0x00, 0x07, 0xFF, 0xC3,
    0xC0, 0x6F, 0xFB, 0xE0, 0xF0, 0xFF, 0x80, 0xF4, 0x3C, 0x2F, 0xF4, 0x3C, 0x0F, 0x00, 0x7F, 0xFF,
    0x03, 0xC0, 0x00, 0xBF, 0xF4, 0xF0, 0x00, 0x03, 0xFF, 0xFC, 0x00, 0x00, 0xF1, 0xFF, 0x00, 0x00,
    0x78, 0x01, 0xC0, 0x00, 0x2D, 0x00, 0x00, 0x55, 0x5F, 0x95, 0x54, 0x7F, 0xFF, 0xFF, 0xFF, 0x1F,
    0xFF, 0xFF, 0xFF, 0xC0, 0x00, 0xF4, 0x00, 0x00, 0x00, 0x3C, 0x00, 0x00, 0x00, 0x1F, 0x00, 0x00,
    0x00, 0x0B, 0x80, 0x00, 0x00, 0x03, 0xD0, 0x00, 0x00, 0x00, 0x60, 0x00, 0x00, 0x00, 0x00, 0x10,
    0x00, 0x00, 0x00, 0x2E, 0x00, 0x00, 0x00, 0x0F, 0x40, 0x00, 0x00, 0x03, 0xC0, 0x00, 0x00, 0x01,
    0xF0, 0x00, 0x00, 0x00, 0xB8, 0x00, 0x07, 0x90, 0x3D, 0x00, 0x01, 0xFF, 0x9F, 0x00, 0x00, 0x7F,
    0xFF, 0xC0, 0x00, 0x1F, 0x0B, 0xFF, 0x40, 0x07, 0xC0, 0xFB, 0xFE, 0x41, 0xF0, 0x3C, 0x1B, 0xFC,
    0x7C, 0x1E, 0x07, 0xFE, 0x1F, 0x0B, 0xFF, 0xF4, 0x07, 0xCB, 0xFF, 0x80, 0x01, 0xFF, 0xF8, 0x00,
    0x00, 0x7F, 0xF8, 0x00, 0x00, 0x1D, 0x3D, 0x00, 0x00, 0x00, 0x0F, 0x00, 0x00, 0x00, 0x57, 0xD5,
    0x55, 0x54, 0x7F, 0xFF, 0xFF, 0xFF, 0x1F, 0xFF, 0xFF, 0xFF, 0xC0, 0x3C, 0x00, 0x00, 0x00, 0x1F,
    0x00, 0x00, 0x00, 0x0B, 0x80, 0x00, 0x00, 0x03, 0xD0, 0x00, 0x00, 0x00, 0xF0, 0x00, 0x00, 0x00,
    0x18, 0x00, 0x00, 0x00, 0x2F, 0x0F, 0xE3, 0xF8, 0x78, 0x00, 0x00, 0x00, 0x00, 0x00, 0x00, 0x00,
    0x02, 0xE0, 0xFE, 0x3F, 0x8B, 0xC0, 0x00, 0x00, 0x00, 0x00, 0x00, 0x00, 0x00, 0x1E, 0x0F, 0xE3,
    0xF8, 0xBC, 0x2E, 0x00, 0x01, 0xE0, 0x00, 0x1E, 0x0F, 0xE0, 0x00, 0xFE, 0x00, 0x0F, 0xE3, 0xF8,
    0x00, 0x3F, 0x80, 0x03, 0xF8, 0xBC, 0x00, 0x07, 0xC0, 0x00, 0x7C, 0x00, 0x00, 0x00, 0x00, 0x00,
    0x1F, 0x00, 0x00, 0x00, 0x00, 0x00, 0x0F, 0xF0, 0x00, 0x00, 0x00, 0x00, 0x03, 0xFC, 0x00, 0x00,
    0x00, 0x00, 0x00, 0x7C, 0x00, 0x00, 0x00, 0x00, 0x00, 0x00, 0x00, 0x00, 0x00, 0x00, 0x00, 0x00,
    0x00, 0x00, 0x00, 0x00, 0x00, 0x00, 0x00, 0x00, 0x00, 0x00, 0x00, 0x00, 0x00, 0x00, 0x00, 0x00,
    0x00, 0x00, 0x00, 0x00, 0x00, 0x00, 0x00, 0x00, 0x00, 0x00, 0x00, 0x00, 0x1F, 0x00, 0x00, 0x00,
    0x00, 0x00, 0x0F, 0xE0, 0x00, 0x00, 0x00, 0x00, 0x03, 0xF8, 0x00, 0x00, 0x00, 0x00, 0x00, 0x7C,
    0x00, 0x00, 0x00, 0x00, 0x00, 0x00, 0x00, 0x00, 0x00, 0x00, 0x00, 0x00, 0x00, 0x00, 0x00, 0x00,
    0x00, 0x00, 0x00, 0x00, 0x00, 0x00, 0x00, 0x00, 0x00, 0x00, 0x00, 0x00, 0x00, 0x00, 0x00, 0x00,
    0x00, 0x00, 0x00, 0x00, 0x00, 0x00, 0x00, 0x00, 0x1E, 0x00, 0x00, 0x00, 0x00, 0x00, 0x0F, 0xE0,
    0x00, 0x00, 0x00, 0x00, 0x03, 0xF8, 0x00, 0x00, 0x00, 0x00, 0x00, 0xBC, 0x00, 0x00, 0x00, 0x00,
    0x00, 0x2F, 0x00, 0x00, 0x00, 0x00, 0x00, 0x0F, 0xE0, 0x00, 0x00, 0x00, 0x00, 0x03, 0xF8, 0x00,
    0x00, 0x00, 0x00, 0x00, 0x78, 0x00, 0x00, 0x00, 0x00, 0x00, 0x00, 0x00, 0x00, 0x00, 0x00, 0x00,
    0x00, 0x00, 0x00, 0x00, 0x00, 0x00, 0x00, 0x00, 0x00, 0x00, 0x00, 0x00, 0x00, 0x00, 0x00, 0x00,
    0x00, 0x00, 0x00, 0x00, 0x00, 0x00, 0x00, 0x00, 0x00, 0x00, 0x00, 0x00, 0x00, 0x00, 0x00, 0x00,
    0x00, 0x00, 0x1E, 0x00, 0x00, 0x00, 0x00, 0x00, 0x0F, 0xE0, 0x00, 0x00, 0x00, 0x00, 0x03, 0xF8,
    0x00, 0x00, 0x00, 0x00, 0x00, 0x7C, 0x00, 0x00, 0x00, 0x00, 0x00, 0x00, 0x00, 0x00, 0x00, 0x00,
    0x00, 0x00, 0x00, 0x00, 0x00, 0x00, 0x00, 0x00, 0x00, 0x00, 0x00, 0x00, 0x00, 0x00, 0x00, 0x00,
    0x00, 0x00, 0x00, 0x00, 0x00, 0x00, 0x00, 0x00, 0x00, 0x00, 0x00, 0x00, 0x00, 0x00, 0x00, 0x00,
    0x00, 0x00, 0x00, 0x1F, 0x00, 0x00, 0x00, 0x00, 0x00, 0x0F, 0xF0, 0x00, 0x00, 0x00, 0x00, 0x03,
    0xFC, 0x00, 0x00, 0x00, 0x00, 0x00, 0x7C, 0x00, 0x00, 0x00, 0x01, 0x55, 0x55, 0x00, 0x00, 0x02,
    0xFF, 0xFF, 0xFF, 0xD0, 0x00, 0x0B, 0xFF, 0xFF, 0xFF, 0xF4, 0x00, 0x0F, 0xF9, 0x00, 0x00, 0x00,
    0x00, 0x0F, 0xE0, 0x00, 0x00, 0x00, 0x00, 0x07, 0xD0, 0x00, 0x00, 0x00, 0x00, 0x03, 0xF0, 0x00,
    0x00, 0x00, 0x00, 0x00, 0xF4, 0x00, 0x00, 0x00, 0x00, 0x00, 0x7C, 0x00, 0x00, 0x00, 0x00, 0x1F,
    0xFF, 0xFF, 0xFF, 0xFF, 0xFF, 0xD7, 0xFF, 0xFF, 0xFF, 0xFF, 0xFF, 0xF4, 0x56, 0xF5, 0x55, 0x55,
    0x55, 0x54, 0x00, 0x3C, 0x00, 0x00, 0x00, 0x00, 0x00, 0x0F, 0x80, 0x00, 0x00, 0x00, 0x00, 0x02,
    0xF0, 0x00, 0x00, 0x00, 0x00, 0x00, 0x3F, 0x00, 0x00, 0x00, 0x00, 0x00, 0x07, 0xF4, 0x00, 0x00,
    0x00, 0x00, 0x00, 0x7F, 0xE5, 0x55, 0x55, 0x40, 0x00, 0x03, 0xFF, 0xFF, 0xFF, 0xF4, 0x00, 0x00,
    0x06, 0xFF, 0xFF, 0xFD, 0x00, 0x00, 0x01, 0x55, 0x55, 0x00, 0x01, 0xFF, 0xFF, 0xFF, 0xD0, 0x07,
    0xFF, 0xFF, 0xFF, 0xF4, 0x0B, 0xF9, 0x00, 0x00, 0x00, 0x0B, 0xE0, 0x00, 0x00, 0x00, 0x03, 0xE0,
    0x00, 0x00, 0x01, 0x42, 0xF0, 0x00, 0x00, 0x00, 0xF4, 0xF4, 0x00, 0x00, 0x00, 0x3D, 0x3C, 0x00,
    0x00, 0x00, 0x0F, 0x4F, 0xFF, 0xFF, 0xFF, 0xFF, 0xD7, 0xFF, 0xFF, 0xFF, 0xFF, 0xF4, 0xF5, 0x55,
    0x55, 0x55, 0x7D, 0x3D, 0x00, 0x00, 0x00, 0x0F, 0x4F, 0x80, 0x00, 0x00, 0x03, 0xD2, 0xF0, 0x00,
    0x00, 0x00, 0xF4, 0x3F, 0x00, 0x00, 0x00, 0x00, 0x07, 0xF4, 0x00, 0x00, 0x00, 0x00, 0x7F, 0xE5,
    0x55, 0x55, 0x40, 0x02, 0xFF, 0xFF, 0xFF, 0xF4, 0x00, 0x06, 0xFF, 0xFF, 0xFD, 0x00, 0x00, 0x55,
    0x54, 0x00, 0x7F, 0xFF, 0xFE, 0x03, 0xFF, 0xFF, 0xFE, 0x0F, 0xE4, 0x00, 0x00, 0x2F, 0x00, 0x00,
    0x09, 0x3D, 0x00, 0x00, 0x1E, 0x3D, 0x55, 0x55, 0x6E, 0x7F, 0xFF, 0xFF, 0xFE, 0x7F, 0xFF, 0xFF,
    0xFE, 0x3C, 0x00, 0x00, 0x1E, 0x3E, 0x00, 0x00, 0x1E, 0x1F, 0x80, 0x00, 0x00, 0x0B, 0xF9, 0x55,
    0x54, 0x02, 0xFF, 0xFF, 0xFE, 0x00, 0x2B, 0xFF, 0xFE, 0x00, 0x00, 0x00, 0xF4, 0x00, 0x00, 0x00,
    0x00, 0xBF, 0x00, 0x00, 0x00, 0x00, 0x3F, 0xC0, 0x00, 0x00, 0x00, 0x03, 0xD0, 0x00, 0x00, 0x00,
    0x00, 0x00, 0x00, 0x00, 0x00, 0x00, 0x55, 0x55, 0x40, 0x00, 0x7F, 0xFF, 0xFF, 0xF4, 0x01, 0xFF,
    0xFF, 0xFF, 0xFD, 0x02, 0xFE, 0x40, 0x00, 0x00, 0x02, 0xF8, 0x00, 0x00, 0x00, 0x00, 0xF8, 0x00,
    0x00, 0x00, 0x00, 0xBC, 0x00, 0x00, 0x00, 0x00, 0x3D, 0x00, 0x00, 0x00, 0x00, 0x0F, 0x00, 0x00,
    0x00, 0x00, 0x03, 0xFF, 0xFF, 0xFF, 0xFF, 0xF5, 0xFF, 0xFF, 0xFF, 0xFF, 0xFD, 0x3D, 0x55, 0x55,
    0x55, 0x55, 0x0F, 0x40, 0x00, 0x00, 0x00, 0x03, 0xE0, 0x00, 0x00, 0x00, 0x00, 0xBC, 0x00, 0x00,
    0x00, 0x00, 0x0F, 0xC0, 0x00, 0x00, 0x00, 0x01, 0xFD, 0x00, 0x00, 0x00, 0x00, 0x1F, 0xF9, 0x55,
    0x55, 0x50, 0x00, 0xBF, 0xFF, 0xFF, 0xFD, 0x00, 0x01, 0xBF, 0xFF, 0xFF, 0x40, 0x05, 0x55, 0x55,
    0x55, 0x55, 0x03, 0xFF, 0xFF, 0xFF, 0xFF, 0xD0, 0xFF, 0xFF, 0xFF, 0xFF, 0xF4, 0x00, 0x00, 0x00,
    0x00, 0x00, 0x00, 0x00, 0x00, 0x00, 0x00, 0x00, 0x00, 0x00, 0x55, 0x55, 0x40, 0x00, 0x7F, 0xFF,
    0xFF, 0xF4, 0x01, 0xFF, 0xFF, 0xFF, 0xFD, 0x02, 0xFE, 0x40, 0x00, 0x00, 0x02, 0xF8, 0x00, 0x00,
    0x00, 0x00, 0xF8, 0x00, 0x00, 0x00, 0x00, 0xBC, 0x00, 0x00, 0x00, 0x00, 0x3D, 0x00, 0x00, 0x00,
    0x00, 0x0F, 0x00, 0x00, 0x00, 0x00, 0x03, 0xFF, 0xFF, 0xFF, 0xFF, 0xF5, 0xFF, 0xFF, 0xFF, 0xFF,
    0xFD, 0x3D, 0x55, 0x55, 0x55, 0x55, 0x0F, 0x40, 0x00, 0x00, 0x00, 0x03, 0xE0, 0x00, 0x00, 0x00,
    0x00, 0xBC, 0x00, 0x00, 0x00, 0x00, 0x0F, 0xC0, 0x00, 0x00, 0x00, 0x01, 0xFD, 0x00, 0x00, 0x00,
    0x00, 0x1F, 0xF9, 0x55, 0x55, 0x50, 0x00, 0xBF, 0xFF, 0xFF, 0xFD, 0x00, 0x01, 0xBF, 0xFF, 0xFF,
    0x40, 0x0B, 0xFF, 0xFF, 0xFE, 0x0B, 0xFF, 0xFF, 0xFE, 0x00, 0x00, 0x00, 0x00, 0x00, 0x00, 0x00,
    0x00, 0x00, 0x00, 0x55, 0x54, 0x00, 0x7F, 0xFF, 0xFE, 0x03, 0xFF, 0xFF, 0xFE, 0x0F, 0xE4, 0x00,
    0x00, 0x2F, 0x00, 0x00, 0x00, 0x3D, 0x00, 0x00, 0x00, 0x3D, 0x55, 0x55, 0x54, 0x7F, 0xFF, 0xFF,
    0xFE, 0x7F, 0xFF, 0xFF, 0xFE, 0x3C, 0x00, 0x00, 0x00, 0x3E, 0x00, 0x00, 0x00, 0x1F, 0x80, 0x00,
    0x00, 0x0B, 0xF9, 0x55, 0x54, 0x02, 0xFF, 0xFF, 0xFE, 0x00, 0x2B, 0xFF, 0xFE, 0x00, 0x00, 0x05,
    0x55, 0x55, 0x00, 0x01, 0xFF, 0xFF, 0xFF, 0xD0, 0x0B, 0xFF, 0xFF, 0xFF, 0xF4, 0x0F, 0xF9, 0x00,
    0x00, 0x00, 0x0B, 0xE0, 0x00, 0x00, 0x00, 0x03, 0xE0, 0x00, 0x00, 0x00, 0x02, 0xF0, 0x00, 0x00,
    0x00, 0x00, 0xF4, 0x00, 0x00, 0x00, 0x00, 0x3C, 0x00, 0x00, 0x00, 0x00, 0x1F, 0xFF, 0xFF, 0xFF,
    0xFF, 0xD7, 0xFF, 0xFF, 0xFF, 0xFF, 0xF4, 0xF5, 0x55, 0x55, 0x55, 0x54, 0x3D, 0x00, 0x00, 0x00,
    0x00, 0x0F, 0x80, 0x00, 0x00, 0x00, 0x02, 0xF0, 0x00, 0x00, 0x00, 0x00, 0x3F, 0x00, 0x00, 0x00,
    0x00, 0x07, 0xF4, 0x00, 0x00, 0x00, 0x00, 0x7F, 0xE9, 0x55, 0x55, 0x40, 0x02, 0xFF, 0xFF, 0xFF,
    0xF4, 0x00, 0x06, 0xFF, 0xFF, 0xFD, 0x00, 0x00, 0x00, 0x00, 0x00, 0x00, 0x00, 0x00, 0x00, 0x00,
    0x00, 0x55, 0x55, 0x55, 0x55, 0x50, 0x3F, 0xFF, 0xFF, 0xFF, 0xFD, 0x0F, 0xFF, 0xFF, 0xFF, 0xFF,
    0x40, 0x00, 0x00, 0x01, 0x55, 0x55, 0x00, 0x01, 0xFF, 0xFF, 0xFF, 0xD0, 0x07, 0xFF, 0xFF, 0xFF,
    0xF4, 0x0B, 0xF9, 0x00, 0x00, 0x00, 0x0B, 0xF0, 0x00, 0x00, 0x00, 0x03, 0xF0, 0x00, 0x00, 0x00,
    0x02, 0xF9, 0x55, 0x55, 0x55, 0x50, 0xFF, 0xFF, 0xFF, 0xFF, 0xFD, 0x3F, 0xFF, 0xFF, 0xFF, 0xFF,
    0x4F, 0x00, 0x00, 0x00, 0x00, 0x07, 0xC0, 0x00, 0x00, 0x00, 0x00, 0xF0, 0x00, 0x00, 0x00, 0x00,
    0x3F, 0xFF, 0xFF, 0xFF, 0xFF, 0x4F, 0xFF, 0xFF, 0xFF, 0xFF, 0xD2, 0xF9, 0x55, 0x55, 0x55, 0x50,
    0x3F, 0x00, 0x00, 0x00, 0x00, 0x07, 0xF4, 0x00, 0x00, 0x00, 0x00, 0x7F, 0xE5, 0x55, 0x55, 0x40,
    0x02, 0xFF, 0xFF, 0xFF, 0xF4, 0x00, 0x06, 0xFF, 0xFF, 0xFD, 0x15, 0x55, 0x50, 0x00, 0x00, 0x00,
    0x1F, 0xFF, 0xFF, 0xFD, 0x00, 0x00, 0x07, 0xFF, 0xFF, 0xFF, 0xF8, 0x00, 0x00, 0x00, 0x00, 0x01,
    0xBF, 0xC0, 0x00, 0x00, 0x00, 0x00, 0x02, 0xF8, 0x00, 0x00, 0x00, 0x00, 0x00, 0x2F, 0x40, 0x00,
    0x00, 0x00, 0x00, 0x03, 0xF0, 0x00, 0x00, 0x00, 0x00, 0x00, 0x7C, 0x00, 0x00, 0x00, 0x00, 0x00,
    0x0F, 0x40, 0x1F, 0xFF, 0xFF, 0xFF, 0xFF, 0xFF, 0xD7, 0xFF, 0xFF, 0xFF, 0xFF, 0xFF, 0xF4, 0x55,
    0x55, 0x55, 0x55, 0x7E, 0x54, 0x00, 0x00, 0x00, 0x00, 0x1F, 0x00, 0x00, 0x00, 0x00, 0x00, 0x0B,
    0xC0, 0x00, 0x00, 0x00, 0x00, 0x03, 0xE0, 0x00, 0x00, 0x00, 0x00, 0x03, 0xF0, 0x00, 0x00, 0x00,
    0x00, 0x07, 0xF4, 0x00, 0x05, 0x55, 0x55, 0x6F, 0xF4, 0x00, 0x07, 0xFF, 0xFF, 0xFF, 0xE0, 0x00,
    0x01, 0xFF, 0xFF, 0xFE, 0x40, 0x00, 0x00, 0x15, 0x55, 0x50, 0x00, 0x00, 0x1F, 0xFF, 0xFF, 0xFD,
    0x00, 0x07, 0xFF, 0xFF, 0xFF, 0xF8, 0x00, 0x00, 0x00, 0x01, 0xBF, 0xC0, 0x00, 0x00, 0x00, 0x02,
    0xF8, 0x05, 0x00, 0x00, 0x00, 0x2F, 0x47, 0xC0, 0x00, 0x00, 0x03, 0xF1, 0xF0, 0x00, 0x00, 0x00,
    0x7C, 0x7C, 0x00, 0x00, 0x00, 0x0F, 0x1F, 0xFF, 0xFF, 0xFF, 0xFF, 0xD7, 0xFF, 0xFF, 0xFF, 0xFF,
    0xF5, 0xF5, 0x55, 0x55, 0x55, 0x7D, 0x7C, 0x00, 0x00, 0x00, 0x1F, 0x1F, 0x00, 0x00, 0x00, 0x0B,
    0xC7, 0xC0, 0x00, 0x00, 0x03, 0xE0, 0x00, 0x00, 0x00, 0x03, 0xF0, 0x00, 0x00, 0x00, 0x07, 0xF4,
    0x05, 0x55, 0x55, 0x6F, 0xF4, 0x07, 0xFF, 0xFF, 0xFF, 0xF0, 0x01, 0xFF, 0xFF, 0xFE, 0x40, 0x00,
    0x15, 0x55, 0x40, 0x00, 0x7F, 0xFF, 0xFE, 0x00, 0x7F, 0xFF, 0xFF, 0xD0, 0x00, 0x00, 0x07, 0xF4,
    0x24, 0x00, 0x00, 0xFC, 0x78, 0x00, 0x00, 0x3D, 0x7D, 0x55, 0x55, 0x7E, 0x7F, 0xFF, 0xFF, 0xFE,
    0x7F, 0xFF, 0xFF, 0xFE, 0x78, 0x00, 0x00, 0x3E, 0x78, 0x00, 0x00, 0x7C, 0x00, 0x00, 0x01, 0xFC,
    0x15, 0x55, 0x6F, 0xF0, 0x7F, 0xFF, 0xFF, 0xC0, 0x7F, 0xFF, 0xF9, 0x00, 0x15, 0x55, 0x55, 0x55,
    0x54, 0x1F, 0xFF, 0xFF, 0xFF, 0xFF, 0x07, 0xFF, 0xFF, 0xFF, 0xFF, 0xC0, 0x00, 0x00, 0x00, 0x00,
    0x00, 0x00, 0x00, 0x00, 0x00, 0x00, 0x05, 0x55, 0x54, 0x00, 0x00, 0x07, 0xFF, 0xFF, 0xFF, 0x40,
    0x01, 0xFF, 0xFF, 0xFF, 0xFE, 0x00, 0x00, 0x00, 0x00, 0x6F, 0xF0, 0x00, 0x00, 0x00, 0x00, 0xBE,
    0x00, 0x00, 0x00, 0x00, 0x0B, 0xD0, 0x00, 0x00, 0x00, 0x00, 0xFC, 0x00, 0x00, 0x00, 0x00, 0x1F,
    0x00, 0x00, 0x00, 0x00, 0x03, 0xC7, 0xFF, 0xFF, 0xFF, 0xFF, 0xF5, 0xFF, 0xFF, 0xFF, 0xFF, 0xFD,
    0x15, 0x55, 0x55, 0x55, 0x5F, 0x40, 0x00, 0x00, 0x00, 0x07, 0xC0, 0x00, 0x00, 0x00, 0x02, 0xF0,
    0x00, 0x00, 0x00, 0x00, 0xF8, 0x00, 0x00, 0x00, 0x00, 0xFC, 0x00, 0x00, 0x00, 0x01, 0xFD, 0x01,
    0x55, 0x55, 0x5B, 0xFD, 0x01, 0xFF, 0xFF, 0xFF, 0xFC, 0x00, 0x7F, 0xFF, 0xFF, 0x90, 0x00, 0x00,
    0x7F, 0xFF, 0xFF, 0xF0, 0x7F, 0xFF, 0xFF, 0xF0, 0x00, 0x00, 0x00, 0x00, 0x00, 0x00, 0x00, 0x00,
    0x15, 0x55, 0x40, 0x00, 0x7F, 0xFF, 0xFE, 0x00, 0x7F, 0xFF, 0xFF, 0xD0, 0x00, 0x00, 0x07, 0xF4,
    0x00, 0x00, 0x00, 0xFC, 0x00, 0x00, 0x00, 0x3D, 0x15, 0x55, 0x55, 0x7E, 0x7F, 0xFF, 0xFF, 0xFE,
    0x7F, 0xFF, 0xFF, 0xFE, 0x00, 0x00, 0x00, 0x3E, 0x00, 0x00, 0x00, 0x7C, 0x00, 0x00, 0x01, 0xFC,
    0x15, 0x55, 0x6F, 0xF0, 0x7F, 0xFF, 0xFF, 0xC0, 0x7F, 0xFF, 0xF9, 0x00, 0x15, 0x55, 0x55, 0x55,
    0x55, 0x1F, 0xFF, 0xFF, 0xFF, 0xFF, 0xC7, 0xFF, 0xFF, 0xFF, 0xFF, 0xF1, 0xF0, 0x00, 0x00, 0x00,
    0x00, 0x7C, 0x00, 0x00, 0x00, 0x00, 0x1F, 0x00, 0x00, 0x00, 0x00, 0x07, 0xC0, 0x00, 0x00, 0x00,
    0x01, 0xF0, 0x00, 0x00, 0x00, 0x00, 0x7C, 0x00, 0x00, 0x00, 0x00, 0x1F, 0xFF, 0xFF, 0xFF, 0xFF,
    0xC7, 0xFF, 0xFF, 0xFF, 0xFF, 0xF1, 0xF5, 0x55, 0x55, 0x55, 0x54, 0x7C, 0x00, 0x00, 0x00, 0x00,
    0x1F, 0x00, 0x00, 0x00, 0x00, 0x07, 0xC0, 0x00, 0x00, 0x00, 0x01, 0xF0, 0x00, 0x00, 0x00, 0x00,
    0x7C, 0x00, 0x00, 0x00, 0x00, 0x1F, 0x55, 0x55, 0x55, 0x55, 0x47, 0xFF, 0xFF, 0xFF, 0xFF, 0xF1,
    0xFF, 0xFF, 0xFF, 0xFF, 0xFC, 0x00, 0x02, 0xF0, 0x00, 0x0F, 0x80, 0x00, 0x7C, 0x00, 0x03, 0xE0,
    0x00, 0x1F, 0x40, 0x00, 0xFC, 0x00, 0x07, 0xD0, 0x00, 0x3F, 0x00, 0x01, 0xF4, 0x00, 0x0B, 0xC0,
    0x00, 0x3D, 0x00, 0x02, 0xF0, 0x00, 0x0F, 0x80, 0x00, 0xBC, 0x00, 0x03, 0xE0, 0x00, 0x0F, 0x80,
    0x00, 0x2F, 0x00, 0x00, 0x3D, 0x00, 0x00, 0xFC, 0x00, 0x01, 0xF4, 0x00, 0x03, 0xF0, 0x00, 0x07,
    0xD0, 0x00, 0x0F, 0xC0, 0x00, 0x1F, 0x40, 0x00, 0x3E, 0x00, 0x00, 0x7C, 0x00, 0x00, 0xF8, 0x00,
    0x02, 0xF0, 0x00, 0x03, 0xE0, 0x00, 0x0B, 0xC0, 0x00, 0x0F, 0x40, 0x2F, 0x00, 0x00, 0x3E, 0x00,
    0x00, 0xBC, 0x00, 0x00, 0xF4, 0x00, 0x02, 0xF0, 0x00, 0x07, 0xD0, 0x00, 0x0F, 0xC0, 0x00, 0x1F,
    0x40, 0x00, 0x3F, 0x00, 0x00, 0x7D, 0x00, 0x00, 0xF8, 0x00, 0x01, 0xF0, 0x00, 0x03, 0xE0, 0x00,
    0x0B, 0xC0, 0x00, 0x0F, 0x80, 0x00, 0x3E, 0x00, 0x02, 0xF0, 0x00, 0x0F, 0xC0, 0x00, 0x7D, 0x00,
    0x03, 0xF0, 0x00, 0x1F, 0x40, 0x00, 0xFC, 0x00, 0x07, 0xD0, 0x00, 0x2F, 0x00, 0x00, 0xF4, 0x00,
    0x0B, 0xC0, 0x00, 0x3E, 0x00, 0x02, 0xF0, 0x00, 0x0F, 0x80, 0x00, 0x7C, 0x00, 0x03, 0xE0, 0x00,
    0x00, 0x00, 0x00, 0x00, 0x00, 0x00, 0x00, 0x00, 0x00, 0xB0, 0x00, 0x00, 0x00, 0x00, 0x00, 0x00,
    0x00, 0x1B, 0x40, 0x00, 0x00, 0x00, 0x00, 0x00, 0x00, 0x02, 0x1C, 0x00, 0x00, 0x00, 0x00, 0x00,
    0x00, 0x00, 0x60, 0xD0, 0x00, 0x00, 0x00, 0x00, 0x00, 0x00, 0x09, 0x0E, 0x00, 0x00, 0x00, 0x00,
    0x00, 0x00, 0x00, 0x80, 0xB0, 0x00, 0x00, 0x00, 0x00, 0x00, 0x00, 0x08, 0x07, 0x80, 0x00, 0x00,
    0x00, 0x00, 0x00, 0x00, 0x80, 0x3C, 0x00, 0x00, 0x00, 0x00, 0x00, 0x00, 0x08, 0x03, 0xE0, 0x00,
    0x00, 0x00, 0x00, 0x00, 0x00, 0x80, 0x1F, 0x00, 0x00, 0x00, 0x00, 0x03, 0xF8, 0x08, 0x00, 0xF8,
    0x00, 0x00, 0x00, 0x00, 0x3F, 0xFC, 0x80, 0x0F, 0xC0, 0x00, 0x00, 0x00, 0x02, 0xF4, 0x1C, 0x00,
    0xBE, 0x00, 0x00, 0x00, 0x00, 0x0B, 0x40, 0x94, 0x03, 0xF0, 0x00, 0x00, 0x00, 0x00, 0x2C, 0x08,
    0x20, 0x3F, 0x80, 0x05, 0x00, 0x00, 0x00, 0x60, 0x90, 0x81, 0xFC, 0x00, 0x50, 0x00, 0x00, 0x00,
    0xC5, 0x01, 0x4F, 0xE0, 0x05, 0x00, 0x7F, 0x00, 0x01, 0x90, 0x05, 0xBF, 0x00, 0x50, 0x03, 0xFE,
    0x00, 0x07, 0x40, 0x1B, 0xFC, 0x05, 0x00, 0x2F, 0xF4, 0x00, 0x61, 0x80, 0xBF, 0xD0, 0x50, 0x00,
    0xBE, 0x00, 0x06, 0x00, 0x93, 0xFF, 0x08, 0x00, 0x01, 0xC0, 0x00, 0x90, 0x00, 0x2F, 0xFE, 0x40,
    0x00, 0x03, 0x00, 0x18, 0x00, 0x00, 0xBF, 0xC0, 0x00, 0x00, 0x02, 0xAA, 0x40, 0x00, 0x01, 0x40,
    0x00, 0x00, 0x00, 0x00, 0x00, 0x1B, 0xF4, 0x00, 0x7F, 0x80, 0x00, 0x2F, 0x90, 0x00, 0xBD, 0x0E,
    0x00, 0x2F, 0x80, 0x00, 0x7F, 0x00, 0xE0, 0x0F, 0xC0, 0x00, 0x2F, 0xC0, 0x0E, 0x03, 0xE0, 0x00,
    0x0F, 0xF0, 0x02, 0xC0, 0xF8, 0x00, 0x07, 0xFC, 0x00, 0x34, 0x2F, 0x00, 0x01, 0xFF, 0x00, 0x0E,
    0x03, 0xC0, 0x00, 0x7F, 0xC0, 0x02, 0x80, 0x74, 0x00, 0x1F, 0xF4, 0x00, 0x90, 0x0B, 0x00, 0x07,
    0xFD, 0x00, 0x24, 0x00, 0xB0, 0x00, 0xFF, 0x80, 0x08, 0x00, 0x0A, 0x00, 0x3F, 0xF0, 0x00, 0x00,
    0x00, 0x30, 0x0B, 0xFD, 0x00, 0x00, 0x00, 0x02, 0x81, 0xFF, 0x80, 0x00, 0x00, 0x00, 0x06, 0xBF,
    0xE0, 0x07, 0xF8, 0x00, 0x00, 0x07, 0xFC, 0x02, 0xD0, 0x60, 0x00, 0x00, 0xBF, 0x80, 0x70, 0x02,
    0x00, 0x00, 0x0B, 0xF0, 0x0D, 0x00, 0x20, 0x00, 0x00, 0xBF, 0x00, 0xC0, 0x02, 0x00, 0x00, 0x0B,
    0xF0, 0x08, 0x00, 0x50, 0x00, 0x00, 0x3F, 0x00, 0x00, 0x08, 0x00, 0x00, 0x02, 0xF4, 0x00, 0x06,
    0x00, 0x00, 0x00, 0x0B, 0xD0, 0x1B, 0x40, 0x00, 0x00, 0x00, 0x0B, 0xFE, 0x40, 0x00, 0x00, 0x00,
    0x00, 0x06, 0xFF, 0xE0, 0x00, 0x00, 0x00, 0x1B, 0x90, 0x01, 0xA0, 0x00, 0x00, 0x0B, 0x80, 0x00,
    0x00, 0x92, 0x40, 0x07, 0xD0, 0x00, 0x00, 0x03, 0xC0, 0x01, 0xF0, 0x00, 0x00, 0x00, 0xB8, 0x00,
    0x7C, 0x00, 0x01, 0x00, 0x2C, 0x30, 0x0F, 0x40, 0x00, 0x20, 0x07, 0x42, 0x02, 0xF0, 0x00, 0x02,
    0x00, 0xF0, 0x18, 0x3D, 0x00, 0x00, 0x30, 0x3E, 0x00, 0xC7, 0xC0, 0x00, 0x06, 0x0B, 0xC0, 0x0C,
    0xB8, 0x00, 0x00, 0xC0, 0xFC, 0x00, 0xCB, 0x80, 0x00, 0x28, 0x2F, 0x80, 0x0C, 0xB8, 0x00, 0x07,
    0x03, 0xF4, 0x00, 0xC3, 0xC0, 0x01, 0xC0, 0xBF, 0x00, 0x0C, 0x2E, 0x01, 0xE0, 0x0F, 0xE0, 0x00,
    0x80, 0x6F, 0xE4, 0x02, 0xFD, 0x00, 0x14, 0x00, 0x00, 0x00, 0x3F, 0xC0, 0x02, 0x00, 0x00, 0x00,
    0x0B, 0xF4, 0x00, 0x20, 0x00, 0x00, 0x01, 0xFE, 0x00, 0x08, 0x00, 0x00, 0x00, 0x3F, 0xC0, 0x00,
    0x80, 0x2F, 0xE4, 0x0F, 0xE0, 0x00, 0x20, 0x09, 0x00, 0x7E, 0xF4, 0x00, 0x1C, 0x00, 0xA0, 0x01,
    0xFF, 0x90, 0x1A, 0x00, 0x01, 0xFF, 0xE4, 0x1B, 0xFE, 0x00, 0x00, 0x00, 0x0A, 0x40, 0x00, 0xBF,
    0xD0, 0x02, 0xD0, 0x00, 0x7F, 0xD0, 0xC0, 0x3C, 0x00, 0x0B, 0xF8, 0x01, 0x83, 0xC0, 0x00, 0xFF,
    0x40, 0x02, 0x2D, 0x00, 0x0F, 0xF4, 0x00, 0x15, 0xF0, 0x00, 0xFF, 0x80, 0x00, 0x8B, 0x40, 0x0B,
    0xF8, 0x00, 0x08, 0x3C, 0x00, 0x3F, 0xC0, 0x00, 0x90, 0xF0, 0x02, 0xFD, 0x00, 0x09, 0x02, 0xC0,
    0x0B, 0xF0, 0x00, 0x90, 0x07, 0x00, 0x2F, 0x40, 0x18, 0x00, 0x0A, 0x00, 0xBC, 0x06, 0x40, 0x08,
    0x07, 0x41, 0xE1, 0x90, 0x01, 0xD0, 0x01, 0x9B, 0xD0, 0x00, 0x3F, 0x00, 0x00, 0x03, 0x40, 0x0B,
    0xF4, 0x00, 0x00, 0x01, 0xA5, 0x5F, 0xC0, 0x00, 0x68, 0x00, 0x00, 0xFF, 0x00, 0x0B, 0xF8, 0x00,
    0x0B, 0xF8, 0x00, 0x3F, 0xE0, 0x00, 0x3F, 0xC0, 0x00, 0xFE, 0x00, 0x03, 0xFE, 0x00, 0x03, 0x40,
    0x00, 0x2F, 0xF0, 0x00, 0x08, 0x00, 0x01, 0xFF, 0x00, 0x00, 0x08, 0x00, 0x2F, 0xD0, 0x00, 0x00,
    0x06, 0x6B, 0xA4, 0x00, 0x00, 0x00, 0x00, 0x00, 0x00, 0x00, 0x16, 0xF9, 0x00, 0x00, 0x00, 0x00,
    0x01, 0xB9, 0x10, 0x00, 0x00, 0x00, 0x00, 0x0B, 0xD0, 0x20, 0x00, 0x00, 0x00, 0x00, 0x1F, 0x40,
    0x34, 0x00, 0x00, 0x00, 0x00, 0x3E, 0x00, 0x3C, 0x00, 0x00, 0x00, 0x00, 0x3E, 0x00, 0x2D, 0x00,
    0x00, 0x00, 0x00, 0x3D, 0x00, 0x1F, 0x00, 0x00, 0x00, 0x00, 0x2E, 0x00, 0x0F, 0x80, 0x00, 0x00,
    0x00, 0x0F, 0x00, 0x0F, 0xC0, 0x00, 0x00, 0x00, 0x0B, 0x40, 0x07, 0xE0, 0x00, 0x00, 0x00, 0x02,
    0xC0, 0x03, 0xF0, 0x00, 0x00, 0x00, 0x00, 0x70, 0x02, 0xF8, 0x00, 0x00, 0x00, 0x00, 0x0D, 0x00,
    0xFD, 0x00, 0x00, 0x00, 0x00, 0x00, 0xFC, 0xBF, 0x00, 0x00, 0x00, 0x00, 0x00, 0x00, 0x3F, 0x40,
    0x00, 0x00, 0x00, 0x00, 0x00, 0x3F, 0xC0, 0x00, 0x00, 0x00, 0x00, 0x00, 0x1F, 0xD0, 0x00, 0x00,
    0x00, 0x00, 0x00, 0x6F, 0xFE, 0x00, 0x00, 0x00, 0x00, 0x0B, 0x97, 0xF8, 0x70, 0x00, 0x00, 0x00,
    0x2D, 0x03, 0xFC, 0x05, 0x00, 0x00, 0x00, 0xB4, 0x02, 0xFC, 0x01, 0x00, 0x00, 0x00, 0xF0, 0x01,
    0xFD, 0x00, 0x40, 0x00, 0x00, 0xF0, 0x00, 0xFE, 0x01, 0x40, 0x00, 0x00, 0xF0, 0x00, 0xFE, 0x19,
    0x00, 0x00, 0x00, 0xB0, 0x00, 0xBE, 0x00, 0x00, 0x00, 0x00, 0x34, 0x00, 0xBD, 0x00, 0x00, 0x00,
    0x00, 0x0C, 0x00, 0xBC, 0x00, 0x00, 0x00, 0x00, 0x02, 0x81, 0xF4, 0x00, 0x00, 0x00, 0x00, 0x00,
    0x2F, 0x90, 0x00, 0x00, 0x00, 0x00, 0x00, 0x00, 0x00, 0x00, 0x00, 0x00, 0x00, 0x00, 0x00, 0x00,
    0x06, 0x00, 0x00, 0x00, 0x00, 0x00, 0x00, 0x20, 0x00, 0x18, 0x00, 0x00, 0x00, 0x00, 0x00, 0x00,
    0x20, 0x00, 0x28, 0x00, 0x00, 0x00, 0x01, 0xA0, 0x00, 0x30, 0x00, 0x3C, 0x00, 0x00, 0x00, 0x06,
    0x2E, 0x00, 0x38, 0x00, 0x3D, 0x00, 0x00, 0x00, 0x09, 0x0F, 0x80, 0x3C, 0x00, 0x3F, 0x00, 0x00,
    0x00, 0x09, 0x0B, 0xC0, 0x3E, 0x00, 0x2F, 0x00, 0x00, 0x00, 0x09, 0x03, 0xE0, 0x6F, 0x00, 0x0F,
    0x80, 0x00, 0x00, 0x05, 0x01, 0xF1, 0x8B, 0xC0, 0x0F, 0xC0, 0x00, 0x00, 0x01, 0x00, 0x2F, 0x47,
    0xE0, 0x07, 0xC0, 0x00, 0x00, 0x00, 0x00, 0x00, 0x03, 0xF0, 0x03, 0xC0, 0x00, 0x00, 0x00, 0x00,
    0x00, 0x02, 0xFC, 0x03, 0x80, 0x00, 0x00, 0x00, 0x00, 0x00, 0x00, 0xFE, 0x3E, 0x00, 0x00, 0x00,
    0x00, 0x00, 0x00, 0x00, 0xBF, 0x01, 0xE0, 0x00, 0x00, 0x00, 0x00, 0x00, 0x00, 0x3F, 0xC0, 0x7C,
    0x00, 0x02, 0x00, 0x00, 0x00, 0x00, 0x2F, 0xD0, 0x2F, 0x40, 0x02, 0x00, 0x00, 0x00, 0x00, 0x0F,
    0xF0, 0x0F, 0xD0, 0x02, 0x00, 0x03, 0xF4, 0x00, 0x0B, 0xF0, 0x0B, 0xF0, 0x02, 0x00, 0x03, 0xFE,
    0x00, 0x03, 0xF8, 0x03, 0xFC, 0x02, 0x00, 0x00, 0xFF, 0x00, 0x03, 0xFC, 0x02, 0xFE, 0x02, 0x00,
    0x00, 0x38, 0x00, 0x02, 0xFC, 0x00, 0xFF, 0x43, 0x00, 0x00, 0x0C, 0x00, 0x02, 0xF8, 0x00, 0x3F,
    0xD7, 0x00, 0x00, 0x00, 0x80, 0x02, 0xF4, 0x00, 0x07, 0xFF, 0x00, 0x00, 0x00, 0x0A, 0xAB, 0x90,
    0x00, 0x00, 0xBE, 0x00, 0x00, 0x00, 0x00, 0x00, 0x00, 0x00, 0x00, 0x01, 0x80, 0x00, 0x00, 0x00,
    0x00, 0x00, 0x00, 0x00, 0x74, 0x00, 0x00, 0x00, 0x00, 0x00, 0x00, 0x00, 0x1B, 0x40, 0x00, 0x00,
    0x00, 0x00, 0x00, 0x00, 0x02, 0xF0, 0x00, 0x00, 0x00, 0x00, 0x00, 0x00, 0x00, 0x9F, 0x00, 0x01,
    0xD0, 0x00, 0x00, 0x00, 0x00, 0x22, 0xF0, 0x00, 0x7D, 0x00, 0x00, 0x00, 0x00, 0x02, 0x3F, 0x00,
    0x0D, 0x00, 0x00, 0x00, 0x00, 0x00, 0x83, 0xF0, 0x02, 0x40, 0x00, 0x00, 0x00, 0x00, 0x14, 0x3F,
    0x00, 0x20, 0x00, 0x00, 0x00, 0x00, 0x02, 0x07, 0xF0, 0x08, 0x00, 0x00, 0x00, 0x00, 0x00, 0x50,
    0x7F, 0x00, 0x80, 0x00, 0x00, 0x00, 0x00, 0x08, 0x0B, 0xF0, 0x10, 0x00, 0x00, 0x00, 0x00, 0x01,
    0x40, 0xBF, 0x02, 0x00, 0x00, 0x00, 0x00, 0x00, 0x20, 0x0B, 0xF0, 0x50, 0x00, 0x00, 0x00, 0x00,
    0x05, 0x00, 0xBF, 0x08, 0x00, 0x00, 0x00, 0x00, 0x00, 0x80, 0x0B, 0xF4, 0x40, 0x00, 0x02, 0x40,
    0x00, 0x14, 0x00, 0xBF, 0x60, 0x00, 0x01, 0xFD, 0x00, 0x02, 0x00, 0x07, 0xFA, 0x00, 0x00, 0x3F,
    0xE0, 0x00, 0x80, 0x00, 0x7F, 0xC0, 0x00, 0x03, 0xFC, 0x00, 0x20, 0x00, 0x03, 0xFC, 0x00, 0x00,
    0x3D, 0x00, 0x05, 0x00, 0x00, 0x3F, 0xC0, 0x00, 0x03, 0x00, 0x02, 0x40, 0x00, 0x03, 0xFC, 0x00,
    0x00, 0x28, 0x00, 0x80, 0x00, 0x00, 0x3F, 0x80, 0x00, 0x00, 0x6A, 0x90, 0x00, 0x00, 0x03, 0x80,
    0x00, 0x00, 0x00, 0x00, 0x00, 0x00, 0x00, 0x00, 0x00, 0x00, 0x00, 0x00, 0x00, 0x00, 0x01, 0xBF,
    0xE0, 0x00, 0x00, 0x00, 0x1F, 0x90, 0x1C, 0x00, 0x00, 0x01, 0xFC, 0x00, 0x08, 0x00, 0x00, 0x0B,
    0xE0, 0x00, 0x04, 0x00, 0x00, 0x7F, 0x40, 0xBE, 0x00, 0x00, 0x01, 0xFD, 0x03, 0x82, 0x80, 0x00,
    0x0B, 0xF8, 0x1D, 0x00, 0xC0, 0x00, 0x2F, 0xF0, 0x30, 0x00, 0xC0, 0x00, 0xBF, 0xC0, 0xD0, 0x01,
    0xC0, 0x01, 0xFF, 0x42, 0x40, 0x02, 0x80, 0x03, 0xFE, 0x03, 0x00, 0x03, 0x40, 0x0B, 0xFC, 0x0C,
    0x00, 0x0B, 0x00, 0x1F, 0xF8, 0x18, 0x00, 0x0D, 0x00, 0x3F, 0xF0, 0x30, 0x00, 0x2C, 0x00, 0x3F,
    0xE0, 0x60, 0x00, 0x74, 0x00, 0x7F, 0xC0, 0xC0, 0x00, 0xE0, 0x00, 0xBF, 0x80, 0xC0, 0x02, 0xC0,
    0x00, 0xBF, 0x01, 0x40, 0x0B, 0x00, 0x00, 0xBF, 0x02, 0x00, 0x1C, 0x00, 0x00, 0x7E, 0x02, 0x00,
    0x70, 0x00, 0x00, 0x3E, 0x00, 0x01, 0xC0, 0x00, 0x00, 0x2E, 0x00, 0x0A, 0x00, 0x00, 0x00, 0x0F,
    0x40, 0xB4, 0x00, 0x00, 0x00, 0x01, 0xFF, 0x40, 0x00, 0x00, 0x00, 0x00, 0x00, 0x00, 0x00, 0x6A,
    0xA5, 0x95, 0xA4, 0x00, 0x00, 0x00, 0xA4, 0x00, 0x00, 0x6C, 0x00, 0x00, 0x00, 0x64, 0x00, 0x00,
    0x0D, 0x2C, 0x00, 0x00, 0x09, 0x00, 0x20, 0x01, 0xD0, 0x7C, 0x00, 0x00, 0x80, 0x00, 0xC0, 0x1E,
    0x01, 0xF4, 0x00, 0x08, 0x00, 0x07, 0x01, 0xF0, 0x07, 0xD0, 0x00, 0x80, 0x00, 0x38, 0x0F, 0x40,
    0x2F, 0x40, 0x04, 0x00, 0x01, 0xD0, 0xFC, 0x00, 0xFC, 0x00, 0x20, 0x00, 0x0F, 0x0B, 0xE0, 0x0B,
    0xE0, 0x00, 0x80, 0x00, 0xF4, 0x7F, 0x00, 0x7F, 0x00, 0x02, 0x00, 0x1F, 0x83, 0xF8, 0x07, 0xE0,
    0x00, 0x05, 0x02, 0xF8, 0x1F, 0xD0, 0xBD, 0x00, 0x00, 0x06, 0xFE, 0x00, 0xFF, 0xFD, 0x00, 0x00,
    0x00, 0x00, 0x01, 0xAF, 0xFC, 0x00, 0x00, 0x00, 0x00, 0x00, 0x10, 0x3F, 0xD0, 0x00, 0x00, 0x00,
    0x00, 0x00, 0x01, 0xFF, 0x00, 0x00, 0x00, 0x06, 0x80, 0x00, 0x0F, 0xF4, 0x00, 0x00, 0x00, 0x7F,
    0x40, 0x00, 0x7F, 0xC0, 0x00, 0x00, 0x03, 0xFE, 0x00, 0x03, 0xFC, 0x00, 0x00, 0x00, 0x0F, 0xF0,
    0x00, 0x2F, 0xD0, 0x00, 0x00, 0x00, 0x38, 0x00, 0x01, 0xFD, 0x00, 0x00, 0x00, 0x00, 0x90, 0x00,
    0x0F, 0xC0, 0x00, 0x00, 0x00, 0x00, 0xD0, 0x01, 0xF8, 0x00, 0x00, 0x00, 0x00, 0x00, 0x6A, 0xB9,
    0x00, 0x00, 0x00, 0x00, 0x00, 0x00, 0x00, 0x00, 0x02, 0xFF, 0x90, 0x00, 0x00, 0x00, 0x06, 0xD0,
    0x1F, 0xC0, 0x00, 0x00, 0x02, 0xD0, 0x00, 0x7F, 0x00, 0x00, 0x01, 0xD0, 0x00, 0x03, 0xF4, 0x00,
    0x00, 0x70, 0x02, 0x00, 0x3F, 0xC0, 0x00, 0x18, 0x00, 0x30, 0x03, 0xFC, 0x00, 0x06, 0x00, 0x03,
    0x40, 0x7F, 0xC0, 0x00, 0xC0, 0x00, 0x74, 0x0B, 0xF8, 0x00, 0x20, 0x00, 0x0B, 0x40, 0xFF, 0x40,
    0x02, 0x00, 0x00, 0xF0, 0x2F, 0xF0, 0x00, 0x80, 0x00, 0x3F, 0x03, 0xFD, 0x00, 0x08, 0x00, 0x0B,
    0xD0, 0xBF, 0xC0, 0x00, 0x80, 0x01, 0xFC, 0x0F, 0xF0, 0x00, 0x08, 0x00, 0x7F, 0x03, 0xFD, 0x00,
    0x00, 0x34, 0x2F, 0x80, 0xBF, 0x40, 0x00, 0x00, 0xBF, 0x90, 0x1F, 0xD0, 0x00, 0x00, 0x00, 0x00,
    0x03, 0xF0, 0x00, 0x10, 0x00, 0x00, 0x00, 0xFC, 0x00, 0x08, 0x00, 0x00, 0x00, 0x3E, 0x00, 0x02,
    0x00, 0x6F, 0xFA, 0x4B, 0x00, 0x00, 0xC0, 0x24, 0x1B, 0xFF, 0xD0, 0x00, 0x70, 0x02, 0x00, 0x0F,
    0xFF, 0xE5, 0x78, 0x00, 0x30, 0x06, 0x9B, 0xFF, 0xFD, 0x00, 0x01, 0xFF, 0x80, 0x0B, 0xFD, 0x00,
    0x00, 0x00, 0x00, 0x00, 0x00, 0x6A, 0x90, 0x0A, 0xA0, 0x00, 0x00, 0x00, 0x1F, 0x40, 0x00, 0x70,
    0x0C, 0x00, 0x00, 0x00, 0xF8, 0x00, 0x02, 0xC0, 0x0C, 0x00, 0x00, 0x03, 0xD0, 0x00, 0x0B, 0x00,
    0x0C, 0x00, 0x00, 0x0F, 0x40, 0x00, 0x2D, 0x00, 0x1C, 0x00, 0x00, 0x3E, 0x00, 0x00, 0x7C, 0x00,
    0x38, 0x00, 0x00, 0x3C, 0x00, 0x00, 0xF4, 0x00, 0xB0, 0x00, 0x00, 0x78, 0x00, 0x03, 0xF0, 0x01,
    0xD0, 0x00, 0x00, 0xB4, 0x00, 0x07, 0xE0, 0x03, 0x40, 0x00, 0x00, 0xB4, 0x00, 0x0F, 0xC0, 0x0D,
    0x00, 0x00, 0x00, 0x74, 0x00, 0x1F, 0xC0, 0x70, 0x00, 0x00, 0x00, 0x38, 0x00, 0x3F, 0x42, 0x40,
    0x00, 0x00, 0x00, 0x0C, 0x00, 0x7F, 0x18, 0x00, 0x00, 0x00, 0x00, 0x02, 0x40, 0xFF, 0x40, 0x00,
    0x00, 0x00, 0x00, 0x00, 0x16, 0xFD, 0x00, 0x00, 0x00, 0x00, 0x00, 0x00, 0x03, 0xFC, 0x00, 0x00,
    0x00, 0x00, 0x00, 0x00, 0x03, 0xF8, 0x00, 0x00, 0x00, 0x0F, 0xD0, 0x00, 0x0B, 0xF0, 0x00, 0x00,
    0x00, 0x3F, 0xE0, 0x00, 0x1F, 0xD0, 0x00, 0x00, 0x00, 0x3F, 0xC0, 0x00, 0x3F, 0x40, 0x00, 0x00,
    0x00, 0x38, 0x00, 0x00, 0xFD, 0x00, 0x00, 0x00, 0x00, 0x20, 0x00, 0x03, 0xF4, 0x00, 0x00, 0x00,
    0x00, 0x08, 0x00, 0x1F, 0x80, 0x00, 0x00, 0x00, 0x00, 0x01, 0x5A, 0xE4, 0x00, 0x00, 0x00, 0x00,
    0x00, 0x00, 0x00, 0x00, 0x00, 0xAF, 0xFE, 0x90, 0x04, 0x00, 0x00, 0x00, 0x19, 0x00, 0x6F, 0xFF,
    0xF8, 0x00, 0x00, 0x01, 0x80, 0x00, 0x01, 0xFF, 0xE0, 0x00, 0x00, 0x05, 0x01, 0x00, 0x00, 0x05,
    0x00, 0x00, 0x00, 0x20, 0x02, 0x00, 0x02, 0x00, 0x00, 0x00, 0x00, 0x40, 0x02, 0x40, 0x1C, 0x00,
    0x00, 0x00, 0x01, 0x40, 0x03, 0x40, 0x3C, 0x00, 0x00, 0x00, 0x02, 0x00, 0x03, 0x40, 0xF8, 0x00,
    0x00, 0x00, 0x05, 0x00, 0x0B, 0x02, 0xF4, 0x00, 0x00, 0x00, 0x08, 0x00, 0x1F, 0x03, 0xF0, 0x00,
    0x00, 0x00, 0x08, 0x00, 0x3D, 0x0B, 0xF0, 0x00, 0x00, 0x00, 0x08, 0x00, 0xF8, 0x0F, 0xE0, 0x00,
    0x00, 0x00, 0x03, 0x07, 0xE0, 0x2F, 0xD0, 0x00, 0x00, 0x00, 0x00, 0xBE, 0x40, 0x3F, 0xC0, 0x00,
    0x00, 0x00, 0x00, 0x00, 0x00, 0xBF, 0xC0, 0x00, 0x00, 0x00, 0x00, 0x00, 0x00, 0xFF, 0x40, 0x00,
    0x00, 0x0B, 0x80, 0x00, 0x02, 0xFF, 0x00, 0x00, 0x00, 0x2F, 0xE0, 0x00, 0x03, 0xFD, 0x00, 0x00,
    0x00, 0x3F, 0xD0, 0x00, 0x0B, 0xFC, 0x00, 0x00, 0x00, 0x3E, 0x40, 0x00, 0x1F, 0xF0, 0x00, 0x00,
    0x00, 0x34, 0x00, 0x00, 0x7F, 0xC0, 0x00, 0x00, 0x00, 0x18, 0x00, 0x02, 0xFE, 0x00, 0x00, 0x00,
    0x00, 0x0B, 0x40, 0x1F, 0xF4, 0x00, 0x00, 0x00, 0x00, 0x00, 0xBF, 0xF9, 0x00, 0x00, 0x00, 0x00,
    0x00, 0x00, 0x00, 0x06, 0xAA, 0x40, 0x00, 0x00, 0x00, 0x00, 0x00, 0x19, 0x00, 0x38, 0x00, 0x00,
    0x1A, 0xD0, 0x00, 0x24, 0x00, 0x07, 0x80, 0x00, 0x1F, 0xF0, 0x00, 0x60, 0x00, 0x00, 0xF0, 0x00,
    0x0F, 0xF0, 0x00, 0x60, 0x08, 0x00, 0x3D, 0x00, 0x0B, 0xF8, 0x00, 0x60, 0x03, 0x00, 0x1F, 0x40,
    0x03, 0xFC, 0x00, 0x20, 0x00, 0xC0, 0x0B, 0xD0, 0x02, 0xFD, 0x00, 0x20, 0x00, 0x70, 0x07, 0xF0,
    0x00, 0xFF, 0x00, 0x20, 0x00, 0x2C, 0x03, 0xFC, 0x00, 0xFF, 0x40, 0x08, 0x00, 0x0F, 0x02, 0xFD,
    0x00, 0x7F, 0x80, 0x05, 0x00, 0x0B, 0x81, 0xFF, 0x00, 0x3F, 0xC0, 0x02, 0x00, 0x03, 0xC0, 0xFF,
    0x00, 0x2F, 0xE0, 0x00, 0x80, 0x03, 0xE0, 0xBF, 0x80, 0x0F, 0xF0, 0x00, 0x20, 0x02, 0xE0, 0x7F,
    0xC0, 0x0F, 0xF4, 0x00, 0x06, 0x07, 0xE0, 0x3F, 0xD0, 0x07, 0xFC, 0x00, 0x00, 0x7F, 0x90, 0x2F,
    0xE0, 0x03, 0xFC, 0x00, 0x00, 0x00, 0x00, 0x1F, 0xF0, 0x02, 0xFE, 0x00, 0x00, 0x00, 0x00, 0x0F,
    0xF0, 0x01, 0xFF, 0x00, 0x00, 0x00, 0x00, 0x07, 0xF8, 0x00, 0xBF, 0x80, 0x00, 0x00, 0x00, 0x02,
    0xFC, 0x00, 0x9F, 0xC0, 0x08, 0x00, 0x00, 0x00, 0xBD, 0x00, 0x9B, 0xE0, 0x08, 0x00, 0x00, 0x00,
    0x1F, 0x00, 0x92, 0xF0, 0x18, 0x00, 0x00, 0x00, 0x03, 0xC0, 0x90, 0xBC, 0x24, 0x00, 0x00, 0x00,
    0x00, 0x3A, 0x80, 0x0B, 0xA0, 0x00, 0x00, 0x00, 0x00, 0x00, 0x00, 0x14, 0x00, 0x08, 0x00, 0x00,
    0x00, 0x00, 0x60, 0x00, 0x20, 0x00, 0x1F, 0x80, 0x02, 0xC0, 0x00, 0x80, 0x00, 0xA2, 0xC0, 0x0B,
    0x40, 0x01, 0x40, 0x02, 0x43, 0xC0, 0x3F, 0x00, 0x02, 0x00, 0x09, 0x0F, 0x41, 0xED, 0x00, 0x08,
    0x00, 0x24, 0x1E, 0x0A, 0x3C, 0x00, 0x14, 0x00, 0x50, 0x2C, 0x74, 0xB8, 0x00, 0x20, 0x00, 0x00,
    0x1F, 0x41, 0xF4, 0x00, 0x80, 0x00, 0x00, 0x00, 0x03, 0xF0, 0x00, 0x40, 0x00, 0x00, 0x00, 0x07,
    0xE0, 0x02, 0x00, 0x00, 0x00, 0x00, 0x0F, 0xD0, 0x05, 0x00, 0x00, 0x00, 0x00, 0x0F, 0xC0, 0x08,
    0x00, 0x00, 0x00, 0x00, 0x2F, 0xC0, 0x20, 0x00, 0x00, 0x00, 0x00, 0x3F, 0x80, 0x50, 0x00, 0x00,
    0x00, 0x00, 0x3F, 0x00, 0x80, 0x00, 0x00, 0x00, 0x00, 0x7E, 0x02, 0x00, 0x00, 0x00, 0x00, 0x00,
    0xBD, 0x08, 0x00, 0x00, 0x00, 0x00, 0x00, 0xF8, 0x20, 0x00, 0x00, 0x00, 0x00, 0x00, 0xF0, 0x80,
    0x00, 0x00, 0x00, 0x00, 0x01, 0xD2, 0x00, 0x00, 0x00, 0x00, 0x00, 0x02, 0x98, 0x00, 0x00, 0x00,
    0x00, 0x00, 0x03, 0x90, 0x00, 0x00, 0x00, 0x00, 0x00, 0x0A, 0x00, 0x00, 0x00, 0x00, 0x00, 0x00,
    0x00, 0x06, 0xFF, 0x40, 0x00, 0x00, 0x08, 0x00, 0x00, 0x00, 0x07, 0x90, 0x3F, 0x00, 0x00, 0x03,
    0xC0, 0x00, 0x00, 0x02, 0x80, 0x00, 0xF8, 0x00, 0x00, 0xB4, 0x00, 0x00, 0x01, 0xD0, 0x00, 0x0F,
    0xC0, 0x00, 0x1F, 0x00, 0x00, 0x00, 0x60, 0x08, 0x00, 0xBD, 0x00, 0x07, 0xD0, 0x00, 0x00, 0x18,
    0x00, 0x80, 0x0F, 0xE0, 0x00, 0xFC, 0x00, 0x04, 0x06, 0x00, 0x0D, 0x00, 0xFE, 0x00, 0x3B, 0x80,
    0x02, 0x00, 0x80, 0x00, 0xD0, 0x1F, 0xD0, 0x0D, 0xF0, 0x00, 0x80, 0x20, 0x00, 0x1D, 0x02, 0xFC,
    0x02, 0x7E, 0x00, 0x20, 0x02, 0x00, 0x03, 0xD0, 0x3F, 0xC0, 0x9B, 0xD0, 0x08, 0x00, 0x80, 0x00,
    0xBC, 0x0B, 0xF4, 0x28, 0xFC, 0x03, 0x00, 0x08, 0x00, 0x0F, 0x80, 0xFE, 0x06, 0x3F, 0x40, 0x80,
    0x00, 0x80, 0x03, 0xF0, 0x2F, 0xC1, 0x87, 0xF0, 0x24, 0x00, 0x08, 0x00, 0xFC, 0x07, 0xF0, 0x60,
    0xFE, 0x06, 0x00, 0x00, 0x20, 0x7F, 0x00, 0xFD, 0x28, 0x1F, 0xD0, 0xC0, 0x00, 0x00, 0xBF, 0x40,
    0x3F, 0x49, 0x03, 0xFC, 0x30, 0x00, 0x00, 0x00, 0x00, 0x0B, 0xD2, 0x40, 0x3F, 0x8A, 0x00, 0x00,
    0x00, 0x00, 0x01, 0xF4, 0x80, 0x07, 0xF0, 0xC0, 0x00, 0x00, 0x00, 0x00, 0x7D, 0x60, 0x00, 0xBF,
    0x34, 0x00, 0x00, 0x00, 0x00, 0x0F, 0x64, 0x00, 0x0B, 0xE6, 0x00, 0x00, 0x00, 0x00, 0x03, 0xD8,
    0x00, 0x00, 0xBD, 0xC0, 0x00, 0x00, 0x00, 0x00, 0xF9, 0x00, 0x00, 0x0B, 0xE4, 0x00, 0x00, 0x00,
    0x00, 0x3E, 0x00, 0x00, 0x00, 0x7F, 0x00, 0x00, 0x00, 0x00, 0x0E, 0x00, 0x00, 0x00, 0x02, 0xC0,
    0x00, 0x00, 0x00, 0x00, 0x00, 0x00, 0x0B, 0xFD, 0x00, 0x00, 0x00, 0x00, 0x00, 0x00, 0xB4, 0x0B,
    0xC0, 0x00, 0x00, 0x00, 0x00, 0x07, 0x40, 0x02, 0xE0, 0x02, 0xF4, 0x00, 0x00, 0x28, 0x00, 0x01,
    0xF0, 0x0B, 0xFC, 0x00, 0x00, 0xA0, 0x04, 0x01, 0xF4, 0x23, 0xFC, 0x00, 0x02, 0x80, 0x05, 0x01,
    0xF4, 0x81, 0xF4, 0x00, 0x06, 0x00, 0x0A, 0x02, 0xF5, 0x40, 0x00, 0x00, 0x0C, 0x00, 0x0E, 0x03,
    0xF6, 0x00, 0x00, 0x00, 0x20, 0x00, 0x0D, 0x07, 0xF8, 0x00, 0x00, 0x00, 0x20, 0x00, 0x2C, 0x0B,
    0xF4, 0x00, 0x00, 0x00, 0x40, 0x00, 0x3C, 0x0F, 0xF0, 0x00, 0x00, 0x00, 0x80, 0x00, 0xB4, 0x2F,
    0xD0, 0x00, 0x00, 0x00, 0x80, 0x01, 0xF0, 0x3F, 0xC0, 0x00, 0x00, 0x00, 0x80, 0x07, 0xC0, 0xFF,
    0x40, 0x00, 0x00, 0x00, 0x30, 0x2F, 0x01, 0xFF, 0x00, 0x01, 0x80, 0x00, 0x0B, 0xF4, 0x03, 0xFD,
    0x00, 0x06, 0x00, 0x00, 0x00, 0x00, 0x0B, 0xF8, 0x00, 0x18, 0x00, 0x00, 0x00, 0x00, 0x2F, 0xD4,
    0x00, 0x60, 0x00, 0x0B, 0xD0, 0x00, 0x7F, 0x10, 0x01, 0x80, 0x00, 0x3F, 0xF0, 0x01, 0xFC, 0x20,
    0x06, 0x00, 0x00, 0x37, 0xD0, 0x07, 0xF0, 0x20, 0x1C, 0x00, 0x00, 0x30, 0x00, 0x2F, 0x80, 0x50,
    0x70, 0x00, 0x00, 0x1D, 0x01, 0xFD, 0x00, 0x61, 0xC0, 0x00, 0x00, 0x06, 0xFF, 0x80, 0x00, 0x3E,
    0x00, 0x00, 0x00, 0x00, 0x00, 0x2F, 0xE4, 0x00, 0x00, 0x02, 0x40, 0x00, 0xB4, 0x0B, 0x40, 0x00,
    0x03, 0xC0, 0x01, 0xC0, 0x00, 0xF0, 0x00, 0x03, 0xC0, 0x02, 0x40, 0x00, 0x3D, 0x00, 0x03, 0xC0,
    0x02, 0x00, 0x80, 0x1F, 0x40, 0x02, 0xC0, 0x02, 0x00, 0x30, 0x0F, 0xD0, 0x02, 0xE0, 0x02, 0x00,
    0x1C, 0x0F, 0xF0, 0x02, 0xF0, 0x00, 0x40, 0x0E, 0x0B, 0xF4, 0x01, 0xF8, 0x00, 0x80, 0x0B, 0x03,
    0xFC, 0x01, 0xFD, 0x00, 0x20, 0x0B, 0x83, 0xFC, 0x00, 0xFF, 0x00, 0x09, 0x1F, 0x81, 0xFD, 0x00,
    0xBF, 0x40, 0x00, 0xBE, 0x40, 0xBF, 0x00, 0x6F, 0xC0, 0x00, 0x00, 0x00, 0x3F, 0x00, 0x5F, 0xE0,
    0x00, 0x00, 0x00, 0x0F, 0x80, 0x4B, 0xF4, 0x00, 0x00, 0x00, 0x02, 0xD0, 0x83, 0xFC, 0x00, 0x00,
    0x00, 0x00, 0x1A, 0x43, 0xFD, 0x00, 0x00, 0x00, 0x40, 0x00, 0x01, 0xFF, 0x00, 0x00, 0x00, 0xFD,
    0x00, 0x00, 0xFF, 0x40, 0x00, 0x00, 0xFF, 0x80, 0x00, 0x7F, 0x80, 0x00, 0x00, 0x3F, 0xC0, 0x00,
    0x3F, 0xC0, 0x00, 0x00, 0x0E, 0x00, 0x00, 0x3F, 0xC0, 0x00, 0x00, 0x02, 0x40, 0x00, 0x2F, 0x80,
    0x00, 0x00, 0x00, 0x24, 0x00, 0x7F, 0x40, 0x00, 0x00, 0x00, 0x01, 0xAA, 0xF8, 0x00, 0x00, 0x00,
    0x00, 0x00, 0x00, 0x0B, 0xFE, 0x00, 0x00, 0xB4, 0x00, 0x02, 0xFF, 0xFF, 0x40, 0x06, 0x20, 0x00,
    0x2E, 0x5B, 0xFF, 0x80, 0x20, 0x40, 0x01, 0x80, 0x01, 0xFF, 0xC1, 0x48, 0x00, 0x0C, 0x00, 0x00,
    0x7F, 0xDA, 0x80, 0x00, 0x80, 0x00, 0x00, 0x15, 0xA0, 0x00, 0x02, 0x00, 0x00, 0x00, 0x02, 0x00,
    0x00, 0x08, 0x00, 0x00, 0x00, 0x08, 0x00, 0x00, 0x20, 0x00, 0x00, 0x00, 0x80, 0x00, 0x00, 0x80,
    0x00, 0x00, 0x05, 0x00, 0x00, 0x01, 0x00, 0x00, 0x00, 0x20, 0x00, 0x00, 0x00, 0x00, 0x00, 0x02,
    0x00, 0x00, 0x00, 0x00, 0x00, 0x00, 0x20, 0x00, 0x00, 0x00, 0x00, 0x6F, 0xD2, 0x00, 0x00, 0x40,
    0x00, 0x0A, 0x00, 0xB4, 0x00, 0x05, 0x00, 0x00, 0x20, 0x19, 0xB4, 0x00, 0x10, 0x00, 0x00, 0xBE,
    0x42, 0xF0, 0x01, 0x00, 0x00, 0x00, 0x00, 0x0B, 0xD0, 0x50, 0x00, 0x00, 0x00, 0x00, 0x3F, 0x85,
    0x00, 0x00, 0x00, 0x00, 0x01, 0xFF, 0x80, 0x00, 0x00, 0x00, 0x00, 0x0F, 0xF4, 0x00, 0x00, 0x00,
    0x00, 0x1B, 0xFF, 0xC0, 0x00, 0x00, 0x00, 0x1F, 0x93, 0xFD, 0x00, 0x00, 0x00, 0x07, 0x90, 0x1F,
    0xE0, 0x00, 0x00, 0x01, 0xE0, 0x00, 0xFF, 0x00, 0x00, 0x00, 0x18, 0x00, 0x0F, 0xF0, 0x00, 0x00,
    0x01, 0x80, 0x00, 0x7F, 0x40, 0x00, 0x00, 0x08, 0x00, 0x07, 0xF4, 0x00, 0x00, 0x00, 0x50, 0x00,
    0x3F, 0x40, 0x00, 0x00, 0x02, 0x00, 0x03, 0xF0, 0x00, 0x00, 0x00, 0x09, 0x00, 0x3E, 0x00, 0x00,
    0x00, 0x00, 0x0C, 0x0B, 0xD0, 0x00, 0x00, 0x00, 0x00, 0x1F, 0xE4, 0x00, 0x00, 0x00, 0x00, 0x00,
    0x00, 0x00, 0xBF, 0xF4, 0x00, 0x00, 0x00, 0x00, 0xFF, 0xF8, 0x00, 0x00, 0x00, 0x01, 0xFC, 0x3C,
    0x00, 0x00, 0x00, 0x02, 0xFC, 0x1D, 0x00, 0x00, 0x00, 0x03, 0xDE, 0x0F, 0x00, 0x00, 0x00, 0x07,
    0x8F, 0x0B, 0x00, 0x00, 0x00, 0x0B, 0x4B, 0x47, 0x80, 0x00, 0x00, 0x0F, 0x03, 0x83, 0xC0, 0x00,
    0x00, 0x1E, 0x03, 0xC2, 0xD0, 0x00, 0x00, 0x2D, 0x02, 0xD0, 0xE0, 0x00, 0x00, 0x3C, 0x00, 0xF0,
    0xF0, 0x00, 0x00, 0x78, 0x00, 0xF0, 0x74, 0x00, 0x00, 0xF0, 0x00, 0x78, 0x3C, 0x00, 0x00, 0xF0,
    0x00, 0x3C, 0x2C, 0x00, 0x01, 0xE0, 0x00, 0x2D, 0x1E, 0x00, 0x03, 0xFF, 0xFF, 0xFE, 0x0F, 0x00,
    0x03, 0xFF, 0xFF, 0xFF, 0x0B, 0x40, 0x0B, 0x40, 0x00, 0x0B, 0x43, 0x80, 0x0F, 0x00, 0x00, 0x03,
    0xC3, 0xC0, 0x1E, 0x00, 0x00, 0x03, 0xC1, 0xD0, 0x2D, 0x00, 0x00, 0x01, 0xE0, 0xF0, 0x3C, 0x00,
    0x00, 0x00, 0xF0, 0xB0, 0x78, 0x00, 0x00, 0x00, 0xBF, 0xF8, 0xB0, 0x00, 0x00, 0x00, 0x3F, 0xFC,
    0x7F, 0xFF, 0xFF, 0xF8, 0x01, 0xFF, 0xFF, 0xFF, 0xFE, 0x07, 0x4B, 0x40, 0x0E, 0x7D, 0x1D, 0x2D,
    0x00, 0x38, 0x3C, 0x74, 0xB4, 0x00, 0xE0, 0xB1, 0xD2, 0xD0, 0x03, 0x81, 0xD7, 0x4B, 0x40, 0x0E,
    0x07, 0x5D, 0x2D, 0x00, 0x38, 0x1C, 0x74, 0xB4, 0x00, 0xE0, 0xB1, 0xD2, 0xD0, 0x03, 0x83, 0x87,
    0x4B, 0x40, 0x0E, 0x7C, 0x1D, 0x2F, 0xFF, 0xFF, 0x80, 0x74, 0xBF, 0xFF, 0xFE, 0x01, 0xD2, 0xD0,
    0x03, 0x9F, 0x07, 0x4B, 0x40, 0x0E, 0x0E, 0x1D, 0x2D, 0x00, 0x38, 0x2C, 0x74, 0xB4, 0x00, 0xE0,
    0xB5, 0xD2, 0xD0, 0x03, 0x81, 0xD7, 0x4B, 0x40, 0x0E, 0x0B, 0x5D, 0x2D, 0x00, 0x38, 0x2C, 0x74,
    0xB4, 0x00, 0xE0, 0xF1, 0xD2, 0xD0, 0x03, 0x9F, 0x47, 0xFF, 0xFF, 0xFF, 0xF4, 0x1F, 0xFF, 0xFF,
    0xFE, 0x00, 0x7F, 0xFF, 0xFF, 0x90, 0x00, 0x1F, 0xFF, 0xFF, 0xFF, 0x40, 0x07, 0x4B, 0x40, 0x07,
    0xF8, 0x01, 0xD2, 0xD0, 0x00, 0x3F, 0x80, 0x74, 0xB4, 0x00, 0x0F, 0xF4, 0x1D, 0x2D, 0x00, 0x03,
    0xCF, 0x07, 0x4B, 0x40, 0x00, 0xF1, 0xE1, 0xD2, 0xD0, 0x00, 0x3C, 0x3C, 0x74, 0xB4, 0x00, 0x0F,
    0x0B, 0x1D, 0x2D, 0x00, 0x03, 0xC2, 0xD7, 0x4B, 0x40, 0x00, 0xF0, 0x75, 0xD2, 0xD0, 0x00, 0x3C,
    0x1D, 0x74, 0xB4, 0x00, 0x0F, 0x07, 0x5D, 0x2D, 0x00, 0x03, 0xC1, 0xD7, 0x4B, 0x40, 0x00, 0xF0,
    0x75, 0xD2, 0xD0, 0x00, 0x3C, 0x2C, 0x74, 0xB4, 0x00, 0x0F, 0x0F, 0x1D, 0x2D, 0x00, 0x03, 0xC7,
    0x87, 0x4B, 0x40, 0x00, 0xF3, 0xC1, 0xD2, 0xD0, 0x00, 0x3E, 0xE0, 0x74, 0xB4, 0x00, 0x0F, 0xF0,
    0x1D, 0x2D, 0x00, 0x1B, 0xF0, 0x07, 0xFF, 0xFF, 0xFF, 0xD0, 0x01, 0xFF, 0xFF, 0xFE, 0x40, 0x00,
    0x7F, 0xFF, 0xFF, 0xFD, 0xFF, 0xFF, 0xFF, 0xE7, 0x4B, 0x40, 0x00, 0x1D, 0x2D, 0x00, 0x00, 0x74,
    0xB4, 0x00, 0x01, 0xD2, 0xD0, 0x00, 0x07, 0x4B, 0x40, 0x00, 0x1D, 0x2D, 0x00, 0x00, 0x74, 0xB4,
    0x00, 0x01, 0xD2, 0xD0, 0x00, 0x07, 0x4B, 0x40, 0x00, 0x1D, 0x2F, 0xFF, 0xF8, 0x74, 0xBF, 0xFF,
    0xD1, 0xD2, 0xD0, 0x00, 0x07, 0x4B, 0x40, 0x00, 0x1D, 0x2D, 0x00, 0x00, 0x74, 0xB4, 0x00, 0x01,
    0xD2, 0xD0, 0x00, 0x07, 0x4B, 0x40, 0x00, 0x1D, 0x2D, 0x00, 0x00, 0x74, 0xB4, 0x00, 0x01, 0xD2,
    0xD0, 0x00, 0x07, 0xFF, 0xFF, 0xFF, 0x9F, 0xFF, 0xFF, 0xFF, 0x7F, 0xFF, 0xFF, 0xFD, 0xFF, 0xFF,
    0xFF, 0xE7, 0x4B, 0x40, 0x00, 0x1D, 0x2D, 0x00, 0x00, 0x74, 0xB4, 0x00, 0x01, 0xD2, 0xD0, 0x00,
    0x07, 0x4B, 0x40, 0x00, 0x1D, 0x2D, 0x00, 0x00, 0x74, 0xB4, 0x00, 0x01, 0xD2, 0xD0, 0x00, 0x07,
    0x4B, 0x40, 0x00, 0x1D, 0x2F, 0xFF, 0xF0, 0x74, 0xBF, 0xFF, 0xC1, 0xD2, 0xD0, 0x00, 0x07, 0x4B,
    0x40, 0x00, 0x1D, 0x2D, 0x00, 0x00, 0x74, 0xB4, 0x00, 0x01, 0xD2, 0xD0, 0x00, 0x07, 0x4B, 0x40,
    0x00, 0x1D, 0x2D, 0x00, 0x00, 0x74, 0xB4, 0x00, 0x01, 0xD2, 0xD0, 0x00, 0x07, 0xFF, 0x40, 0x00,
    0x1F, 0xFD, 0x00, 0x00, 0x00, 0x00, 0x6F, 0xFF, 0x90, 0x00, 0x02, 0xFF, 0xFF, 0xFF, 0x80, 0x07,
    0xF4, 0x00, 0x06, 0xD0, 0x07, 0xF0, 0x00, 0x00, 0x00, 0x03, 0xFC, 0x00, 0x00, 0x00, 0x02, 0xDF,
    0x00, 0x00, 0x00, 0x00, 0xE3, 0xC0, 0x00, 0x00, 0x00, 0xB4, 0xF0, 0x00, 0x00, 0x00, 0x3C, 0x3C,
    0x00, 0x00, 0x00, 0x0E, 0x0F, 0x00, 0x00, 0x00, 0x07, 0x83, 0xC0, 0x00, 0x00, 0x01, 0xE0, 0xF0,
    0x0F, 0xFF, 0xFC, 0x78, 0x3C, 0x03, 0xFF, 0xFF, 0x0E, 0x0F, 0x00, 0x01, 0xD2, 0xC3, 0x83, 0xC0,
    0x00, 0x74, 0xB0, 0xF0, 0xF0, 0x00, 0x1D, 0x2C, 0x3C, 0x3C, 0x00, 0x07, 0x4B, 0x07, 0x8F, 0x00,
    0x01, 0xD2, 0xC0, 0xF3, 0xC0, 0x00, 0x74, 0xB0, 0x1F, 0xF0, 0x00, 0x1D, 0x2C, 0x02, 0xFC, 0x00,
    0x07, 0x4B, 0x00, 0x2F, 0x90, 0x01, 0xD7, 0xC0, 0x01, 0xFF, 0xFF, 0xFF, 0xF0, 0x00, 0x06, 0xFF,
    0xFE, 0x40, 0x7F, 0xF5, 0xFF, 0xD7, 0x4B, 0x5D, 0x2D, 0x74, 0xB5, 0xD2, 0xD7, 0x4B, 0x5D, 0x2D,
    0x74, 0xB5, 0xD2, 0xD7, 0x4B, 0x5D, 0x2D, 0x74, 0xB5, 0xD2, 0xD7, 0x4B, 0x5D, 0x2D, 0x74, 0xB5,
    0xD2, 0xD7, 0x4B, 0x5D, 0x2D, 0x74, 0xB5, 0xD2, 0xD7, 0xFF, 0x5F, 0xFD, 0x00, 0x1F, 0xFD, 0x00,
    0x1F, 0xFD, 0x00, 0x1D, 0x1D, 0x00, 0x1D, 0x1D, 0x00, 0x1D, 0x1D, 0x00, 0x1D, 0x1D, 0x00, 0x1D,
    0x1D, 0x00, 0x1D, 0x1D, 0x00, 0x1D, 0x1D, 0x00, 0x1D, 0x1D, 0x00, 0x1D, 0x1D, 0x00, 0x1D, 0x1D,
    0x00, 0x1D, 0x1D, 0x00, 0x1D, 0x1D, 0x00, 0x1D, 0x1D, 0x00, 0x1D, 0x1D, 0x00, 0x1D, 0x1D, 0x00,
    0x1D, 0x2D, 0x00, 0x1D, 0x2C, 0x00, 0x1D, 0x3C, 0x00, 0x1D, 0x78, 0x90, 0x1F, 0xF0, 0xFF, 0xFF,
    0xD0, 0x6F, 0xFE, 0x00, 0x7F, 0xF4, 0x00, 0x02, 0xF0, 0x7F, 0xF4, 0x00, 0x0B, 0xC0, 0x74, 0xB4,
    0x00, 0x2F, 0x00, 0x74, 0xB4, 0x00, 0xBC, 0x00, 0x74, 0xB4, 0x02, 0xF0, 0x00, 0x74, 0xB4, 0x0B,
    0xC0, 0x00, 0x74, 0xB4, 0x1F, 0x00, 0x00, 0x74, 0xB4, 0x7C, 0x00, 0x00, 0x74, 0xB5, 0xF4, 0x00,
    0x00, 0x74, 0xBB, 0xFC, 0x00, 0x00, 0x74, 0xBF, 0x1E, 0x00, 0x00, 0x74, 0xBE, 0x0F, 0x00, 0x00,
    0x74, 0xBF, 0x07, 0xC0, 0x00, 0x74, 0xB7, 0xC2, 0xD0, 0x00, 0x74, 0xB6, 0xD0, 0xF0, 0x00, 0x74,
    0xB4, 0xF0, 0x78, 0x00, 0x74, 0xB4, 0x78, 0x3C, 0x00, 0x74, 0xB4, 0x3C, 0x1E, 0x00, 0x74, 0xB4,
    0x1E, 0x0B, 0x40, 0x74, 0xB4, 0x0B, 0x43, 0xC0, 0x74, 0xB4, 0x03, 0xC2, 0xE0, 0x74, 0xB4, 0x01,
    0xD0, 0xF0, 0x7F, 0xF4, 0x00, 0xFF, 0xF8, 0x7F, 0xF4, 0x00, 0x7F, 0xFD, 0x7F, 0xF4, 0x00, 0x01,
    0xFF, 0xD0, 0x00, 0x07, 0x4B, 0x40, 0x00, 0x1D, 0x2D, 0x00, 0x00, 0x74, 0xB4, 0x00, 0x01, 0xD2,
    0xD0, 0x00, 0x07, 0x4B, 0x40, 0x00, 0x1D, 0x2D, 0x00, 0x00, 0x74, 0xB4, 0x00, 0x01, 0xD2, 0xD0,
    0x00, 0x07, 0x4B, 0x40, 0x00, 0x1D, 0x2D, 0x00, 0x00, 0x74, 0xB4, 0x00, 0x01, 0xD2, 0xD0, 0x00,
    0x07, 0x4B, 0x40, 0x00, 0x1D, 0x2D, 0x00, 0x00, 0x74, 0xB4, 0x00, 0x01, 0xD2, 0xD0, 0x00, 0x07,
    0x4B, 0x40, 0x00, 0x1D, 0x2D, 0x00, 0x00, 0x74, 0xB4, 0x00, 0x01, 0xD2, 0xD0, 0x00, 0x07, 0xFF,
    0xFF, 0xFF, 0x9F, 0xFF, 0xFF, 0xFF, 0x7F, 0xFC, 0x00, 0x00, 0x00, 0xFF, 0xE7, 0xFF, 0xD0, 0x00,
    0x00, 0x1F, 0xFE, 0x7D, 0x1E, 0x00, 0x00, 0x03, 0xF0, 0xE7, 0xE0, 0xF0, 0x00, 0x00, 0x3F, 0x0E,
    0x7F, 0x0B, 0x40, 0x00, 0x07, 0xF0, 0xE7, 0xB4, 0x38, 0x00, 0x00, 0xFF, 0x0E, 0x77, 0xC3, 0xC0,
    0x00, 0x0E, 0xF0, 0xE7, 0x6C, 0x1D, 0x00, 0x01, 0xDF, 0x0E, 0x75, 0xE0, 0xF0, 0x00, 0x3C, 0xF0,
    0xE7, 0x4F, 0x0B, 0x00, 0x03, 0x8F, 0x0E, 0x74, 0xB4, 0x78, 0x00, 0x74, 0xF0, 0xE7, 0x43, 0x83,
    0xC0, 0x0F, 0x0F, 0x0E, 0x74, 0x3C, 0x2D, 0x00, 0xE0, 0xF0, 0xE7, 0x41, 0xD1, 0xE0, 0x1D, 0x0F,
    0x0E, 0x74, 0x0F, 0x0F, 0x03, 0xC0, 0xF0, 0xE7, 0x40, 0xF0, 0xB4, 0x3C, 0x0F, 0x0E, 0x74, 0x07,
    0x83, 0x87, 0x40, 0xF0, 0xE7, 0x40, 0x3C, 0x3C, 0xF0, 0x0F, 0x0E, 0x74, 0x02, 0xC1, 0xEF, 0x00,
    0xF0, 0xE7, 0x40, 0x1E, 0x0F, 0xD0, 0x0F, 0x0E, 0x74, 0x00, 0xFF, 0xFC, 0x00, 0xF0, 0xE7, 0x40,
    0x07, 0xFF, 0x80, 0x0F, 0x0E, 0x74, 0x00, 0x00, 0x00, 0x00, 0xFF, 0xE7, 0x40, 0x00, 0x00, 0x00,
    0x0F, 0xFE, 0x00, 0x01, 0xBF, 0xF9, 0x00, 0x00, 0x00, 0x7F, 0xFF, 0xFF, 0x40, 0x00, 0x0B, 0xF4,
    0x00, 0x7F, 0xC0, 0x00, 0xBF, 0x00, 0x00, 0x3F, 0xC0, 0x07, 0xEC, 0x00, 0x00, 0xEF, 0x80, 0x3C,
    0xB0, 0x00, 0x03, 0x8F, 0x01, 0xE2, 0xC0, 0x00, 0x0E, 0x2D, 0x0F, 0x0B, 0x00, 0x00, 0x38, 0x3C,
    0x3C, 0x2C, 0x00, 0x00, 0xE0, 0xF0, 0xE0, 0xB0, 0x00, 0x03, 0x82, 0xC7, 0x82, 0xC0, 0x00, 0x0E,
    0x07, 0x5D, 0x0B, 0x00, 0x00, 0x38, 0x1D, 0x74, 0x2C, 0x00, 0x00, 0xE0, 0x75, 0xE0, 0xB0, 0x00,
    0x03, 0x81, 0xD3, 0x82, 0xC0, 0x00, 0x0E, 0x0B, 0x0F, 0x0B, 0x00, 0x00, 0x38, 0x3C, 0x3C, 0x2C,
    0x00, 0x00, 0xE0, 0xF0, 0x74, 0xB0, 0x00, 0x03, 0x87, 0x40, 0xF2, 0xC0, 0x00, 0x0E, 0x3C, 0x01,
    0xFB, 0x00, 0x00, 0x3B, 0xD0, 0x02, 0xFC, 0x00, 0x00, 0xFF, 0x00, 0x02, 0xF9, 0x00, 0x0B, 0xE0,
    0x00, 0x01, 0xFF, 0xFF, 0xFD, 0x00, 0x00, 0x00, 0x6F, 0xFE, 0x40, 0x00, 0x00, 0x6F, 0xFE, 0x40,
    0x1F, 0xFF, 0xFF, 0xC1, 0xFB, 0xC0, 0x1B, 0x0F, 0x0F, 0x00, 0x00, 0x78, 0x3C, 0x00, 0x02, 0xD0,
    0xF0, 0x00, 0x0B, 0x03, 0xC0, 0x00, 0x1D, 0x0F, 0x00, 0x00, 0x3C, 0x3C, 0x00, 0x00, 0xBC, 0xF0,
    0x00, 0x00, 0xBF, 0xC0, 0x00, 0x00, 0x2F, 0xF4, 0x00, 0x00, 0x06, 0xFE, 0x00, 0x00, 0x02, 0xFF,
    0x40, 0x00, 0x0B, 0x1F, 0x00, 0x00, 0x2C, 0x1E, 0x00, 0x00, 0xB0, 0x3C, 0x00, 0x02, 0xC0, 0xF0,
    0x00, 0x0B, 0x03, 0xC0, 0x00, 0x2C, 0x1E, 0x00, 0x00, 0xB0, 0xF3, 0x90, 0x02, 0xEF, 0x4F, 0xFF,
    0xFF, 0xF4, 0x06, 0xFF, 0xF9, 0x00, 0xFF, 0xFF, 0xFF, 0xFF, 0xFD, 0xBF, 0xFF, 0xFF, 0xFF, 0xFC,
    0x00, 0x03, 0x83, 0x80, 0x00, 0x00, 0x03, 0x83, 0x80, 0x00, 0x00, 0x03, 0x83, 0x80, 0x00, 0x00,
    0x03, 0x83, 0x80, 0x00, 0x00, 0x03, 0x83, 0x80, 0x00, 0x00, 0x03, 0x83, 0x80, 0x00, 0x00, 0x03,
    0x83, 0x80, 0x00, 0x00, 0x03, 0x83, 0x80, 0x00, 0x00, 0x03, 0x83, 0x80, 0x00, 0x00, 0x03, 0x83,
    0x80, 0x00, 0x00, 0x03, 0x83, 0x80, 0x00, 0x00, 0x03, 0x83, 0x80, 0x00, 0x00, 0x03, 0x83, 0x80,
    0x00, 0x00, 0x03, 0x83, 0x80, 0x00, 0x00, 0x03, 0x83, 0x80, 0x00, 0x00, 0x03, 0x83, 0x80, 0x00,
    0x00, 0x03, 0x83, 0x80, 0x00, 0x00, 0x03, 0x83, 0x80, 0x00, 0x00, 0x03, 0x83, 0x80, 0x00, 0x00,
    0x03, 0x83, 0x80, 0x00, 0x00, 0x03, 0xFF, 0x80, 0x00, 0x00, 0x03, 0xFF, 0x80, 0x00, 0xBF, 0xF0,
    0x00, 0x01, 0xDB, 0xFF, 0x00, 0x00, 0x1D, 0xB0, 0xB0, 0x00, 0x01, 0xDB, 0x0B, 0x00, 0x00, 0x1D,
    0xB0, 0xB0, 0x00, 0x01, 0xDB, 0x0B, 0x00, 0x00, 0x1D, 0xB0, 0xB0, 0x00, 0x01, 0xDB, 0x0B, 0x00,
    0x00, 0x1D, 0xB0, 0xB0, 0x00, 0x01, 0xDB, 0x0B, 0x00, 0x00, 0x1D, 0xB0, 0xB0, 0x00, 0x01, 0xDB,
    0x0B, 0x00, 0x00, 0x1D, 0xB0, 0xB0, 0x00, 0x01, 0xDB, 0x0B, 0x00, 0x00, 0x1D, 0xB0, 0xB0, 0x00,
    0x01, 0xDB, 0x0B, 0x00, 0x00, 0x1C, 0xB0, 0xB0, 0x00, 0x02, 0xCB, 0x0B, 0x00, 0x00, 0x2C, 0x74,
    0xB0, 0x00, 0x03, 0xC3, 0x8B, 0x00, 0x00, 0x78, 0x3C, 0xB0, 0x00, 0x0F, 0x01, 0xFF, 0x00, 0x07,
    0xE0, 0x07, 0xFF, 0xFF, 0xF4, 0x00, 0x06, 0xFF, 0xE4, 0x00, 0xBF, 0xF4, 0x00, 0x00, 0x00, 0xE7,
    0xFF, 0xC0, 0x00, 0x00, 0x1D, 0x3C, 0x3C, 0x00, 0x00, 0x03, 0xC2, 0xD1, 0xD0, 0x00, 0x00, 0x3C,
    0x1E, 0x0F, 0x00, 0x00, 0x07, 0x40, 0xF0, 0xB0, 0x00, 0x00, 0xB0, 0x0B, 0x47, 0x80, 0x00, 0x0F,
    0x00, 0x38, 0x3C, 0x00, 0x01, 0xD0, 0x03, 0xC2, 0xC0, 0x00, 0x2C, 0x00, 0x1D, 0x1E, 0x00, 0x03,
    0xC0, 0x00, 0xF0, 0xF0, 0x00, 0x78, 0x00, 0x0F, 0x0B, 0x40, 0x0B, 0x00, 0x00, 0x74, 0x38, 0x00,
    0xF0, 0x00, 0x03, 0xC3, 0xC0, 0x1E, 0x00, 0x00, 0x2C, 0x2D, 0x02, 0xC0, 0x00, 0x01, 0xE0, 0xE0,
    0x3C, 0x00, 0x00, 0x0F, 0x0F, 0x07, 0x80, 0x00, 0x00, 0xB0, 0x74, 0xB4, 0x00, 0x00, 0x07, 0x83,
    0x8F, 0x00, 0x00, 0x00, 0x3C, 0x2D, 0xE0, 0x00, 0x00, 0x02, 0xD1, 0xFD, 0x00, 0x00, 0x00, 0x1E,
    0x0F, 0xC0, 0x00, 0x00, 0x00, 0xFF, 0xF8, 0x00, 0x00, 0x00, 0x0B, 0xFF, 0x40, 0x00, 0xBF, 0xF0,
    0x00, 0x00, 0x00, 0x00, 0x00, 0x75, 0xFF, 0xD0, 0x00, 0x00, 0x00, 0x00, 0x02, 0xC7, 0x47, 0x80,
    0x00, 0x00, 0x00, 0x00, 0x0F, 0x0E, 0x0E, 0x00, 0x03, 0xFF, 0xC0, 0x00, 0x38, 0x3C, 0x3C, 0x00,
    0x0F, 0xFF, 0x40, 0x01, 0xD0, 0xB0, 0xB0, 0x00, 0x7E, 0x0E, 0x00, 0x0B, 0x01, 0xD1, 0xD0, 0x02,
    0xFC, 0x3C, 0x00, 0x3C, 0x03, 0x83, 0x80, 0x0F, 0xB0, 0xB0, 0x00, 0xE0, 0x0F, 0x0F, 0x00, 0x3D,
    0xD1, 0xD0, 0x07, 0x40, 0x2C, 0x2C, 0x01, 0xE3, 0x83, 0x80, 0x2C, 0x00, 0x74, 0x74, 0x0B, 0x4F,
    0x0F, 0x00, 0xF0, 0x00, 0xE1, 0xE0, 0x3C, 0x3C, 0x3C, 0x03, 0x80, 0x03, 0xC3, 0xC0, 0xF0, 0xB0,
    0xB4, 0x1D, 0x00, 0x0F, 0x0F, 0x07, 0x81, 0xD1, 0xD0, 0xB0, 0x00, 0x2C, 0x2C, 0x1D, 0x03, 0x83,
    0x83, 0xC0, 0x00, 0x74, 0x74, 0xB0, 0x0F, 0x0F, 0x0E, 0x00, 0x00, 0xE0, 0xE3, 0xC0, 0x2C, 0x2C,
    0x74, 0x00, 0x03, 0xC3, 0xCE, 0x00, 0x74, 0x76, 0xC0, 0x00, 0x0B, 0x0B, 0xB4, 0x00, 0xE0, 0xEF,
    0x00, 0x00, 0x1D, 0x1F, 0xC0, 0x03, 0xC3, 0xF8, 0x00, 0x00, 0x38, 0x3F, 0x00, 0x0B, 0x0B, 0xD0,
    0x00, 0x00, 0xF0, 0xF8, 0x00, 0x1D, 0x1F, 0x00, 0x00, 0x03, 0xFF, 0xD0, 0x00, 0x7F, 0xFC, 0x00,
    0x00, 0x0B, 0xFF, 0x00, 0x00, 0xFF, 0xE0, 0x00, 0x3F, 0xFE, 0x00, 0x00, 0x0B, 0x40, 0x7F, 0xFD,
    0x00, 0x00, 0x7C, 0x00, 0xF4, 0x3C, 0x00, 0x03, 0xC0, 0x00, 0xF0, 0xB4, 0x00, 0x2D, 0x00, 0x02,
    0xD0, 0xF0, 0x01, 0xE0, 0x00, 0x03, 0xC1, 0xE0, 0x0F, 0x00, 0x00, 0x07, 0x82, 0xD0, 0xF4, 0x00,
    0x00, 0x0F, 0x43, 0xC7, 0x80, 0x00, 0x00, 0x0F, 0x07, 0xBC, 0x00, 0x00, 0x00, 0x2E, 0x0F, 0xD0,
    0x00, 0x00, 0x00, 0x3C, 0x0F, 0x00, 0x00, 0x00, 0x00, 0x7C, 0x2D, 0x00, 0x00, 0x00, 0x00, 0xB4,
    0x3C, 0x00, 0x00, 0x00, 0x00, 0xF0, 0x78, 0x00, 0x00, 0x00, 0x07, 0xE0, 0xF0, 0x00, 0x00, 0x00,
    0x3F, 0xC0, 0xF0, 0x00, 0x00, 0x02, 0xD7, 0xC2, 0xD0, 0x00, 0x00, 0x1E, 0x0B, 0x43, 0xC0, 0x00,
    0x00, 0xF0, 0x0F, 0x07, 0x80, 0x00, 0x0F, 0x40, 0x1E, 0x0B, 0x40, 0x00, 0xB8, 0x00, 0x3D, 0x0F,
    0x00, 0x03, 0xC0, 0x00, 0x3C, 0x2E, 0x00, 0x3C, 0x00, 0x00, 0xBF, 0xFC, 0x02, 0xE0, 0x00, 0x00,
    0xFF, 0xFC, 0xBF, 0xFC, 0x00, 0x00, 0x07, 0xC3, 0xFF, 0xD0, 0x00, 0x00, 0xF0, 0x2D, 0x0F, 0x00,
    0x00, 0x2E, 0x00, 0xF0, 0xB4, 0x00, 0x03, 0xC0, 0x07, 0x83, 0xC0, 0x00, 0xB4, 0x00, 0x3C, 0x1E,
    0x00, 0x1E, 0x00, 0x01, 0xE0, 0xF0, 0x03, 0xC0, 0x00, 0x0F, 0x07, 0x80, 0xB8, 0x00, 0x00, 0x78,
    0x3C, 0x0F, 0x00, 0x00, 0x03, 0xC1, 0xE2, 0xD0, 0x00, 0x00, 0x1E, 0x0B, 0xB8, 0x00, 0x00, 0x00,
    0xB4, 0x3F, 0x00, 0x00, 0x00, 0x03, 0xC2, 0xE0, 0x00, 0x00, 0x00, 0x2D, 0x1D, 0x00, 0x00, 0x00,
    0x01, 0xD1, 0xD0, 0x00, 0x00, 0x00, 0x1D, 0x1D, 0x00, 0x00, 0x00, 0x01, 0xD1, 0xD0, 0x00, 0x00,
    0x00, 0x1D, 0x1D, 0x00, 0x00, 0x00, 0x01, 0xD1, 0xD0, 0x00, 0x00, 0x00, 0x1D, 0x1D, 0x00, 0x00,
    0x00, 0x01, 0xD1, 0xD0, 0x00, 0x00, 0x00, 0x1D, 0x1D, 0x00, 0x00, 0x00, 0x01, 0xFF, 0xD0, 0x00,
    0x00, 0x00, 0x1F, 0xFD, 0x00, 0x00,
};

static const EpdGlyph notosans_16_italicGlyphs[] = {
    { 0, 0, 0, 0, 0, 0, 0 }, //  
    { 0, 0, 9, 0, 0, 0, 0 }, // 
    { 0, 0, 9, 0, 0, 0, 0 }, //  
    { 10, 25, 9, 0, 24, 63, 0 }, // !
    { 11, 9, 13, 3, 24, 25, 63 }, // "
    { 21, 24, 22, 1, 24, 126, 88 }, // #
    { 17, 28, 18, 1, 26, 119, 214 }, // $
    { 24, 26, 27, 2, 25, 156, 333 }, // %
    { 21, 26, 22, 1, 25, 137, 489 }, // &
    { 5, 9, 7, 3, 24, 12, 626 }, // '
    { 12, 30, 10, 1, 24, 90, 638 }, // (
    { 12, 30, 10, -3, 24, 90, 728 }, // )
    { 16, 16, 18, 3, 26, 64, 818 }, // *
    { 16, 17, 19, 2, 20, 68, 882 }, // +
    { 8, 9, 9, -2, 4, 18, 950 }, // ,
    { 10, 4, 10, 0, 11, 10, 968 }, // -
    { 5, 6, 9, 0, 5, 8, 978 }, // .
    { 17, 24, 12, -2, 24, 102, 986 }, // /
    { 17, 26, 18, 1, 25, 111, 1088 }, // 0
    { 11, 24, 18, 4, 24, 66, 1199 }, // 1
    { 18, 25, 18, 0, 25, 113, 1265 }, // 2
    { 18, 26, 18, 0, 25, 117, 1378 }, // 3
    { 18, 24, 18, 0, 24, 108, 1495 }, // 4
    { 17, 25, 18, 1, 24, 107, 1603 }, // 5
    { 17, 26, 18, 2, 25, 111, 1710 }, // 6
    { 17, 24, 18, 2, 24, 102, 1821 }, // 7
    { 18, 26, 18, 1, 25, 117, 1923 }, // 8
    { 17, 26, 18, 1, 25, 111, 2040 }, // 9
    { 8, 20, 9, 0, 19, 40, 2151 }, // :
    { 10, 24, 9, -2, 19, 60, 2191 }, // ;
    { 17, 18, 19, 2, 21, 77, 2251 }, // <
    { 16, 10, 19, 2, 17, 40, 2328 }, // =
    { 17, 18, 19, 2, 21, 77, 2368 }, // >
    { 14, 26, 14, 2, 25, 91, 2445 }, // ?
    { 27, 28, 28, 1, 24, 189, 2536 }, // @
    { 20, 24, 19, -2, 24, 120, 2725 }, // A
    { 19, 24, 20, 1, 24, 114, 2845 }, // B
    { 20, 26, 20, 2, 25, 130, 2959 }, // C
    { 21, 24, 22, 1, 24, 126, 3089 }, // D
    { 18, 24, 17, 1, 24, 108, 3215 }, // E
    { 18, 24, 16, 1, 24, 108, 3323 }, // F
    { 21, 26, 23, 2, 25, 137, 3431 }, // G
    { 22, 24, 23, 1, 24, 132, 3568 }, // H
    { 14, 24, 11, -1, 24, 84, 3700 }, // I
    { 16, 31, 9, -6, 24, 124, 3784 }, // J
    { 21, 24, 19, 1, 24, 126, 3908 }, // K
    { 13, 24, 16, 1, 24, 78, 4034 }, // L
    { 28, 24, 28, 1, 24, 168, 4112 }, // M
    { 23, 24, 24, 1, 24, 138, 4280 }, // N
    { 21, 26, 24, 2, 25, 137, 4418 }, // O
    { 18, 24, 19, 1, 24, 108, 4555 }, // P
    { 21, 31, 24, 2, 25, 163, 4663 }, // Q
    { 18, 24, 19, 1, 24, 108, 4826 }, // R
    { 18, 26, 17, 0, 25, 117, 4934 }, // S
    { 17, 24, 17, 3, 24, 102, 5051 }, // T
    { 21, 25, 23, 2, 24, 132, 5153 }, // U
    { 19, 24, 18, 3, 24, 114, 5285 }, // V
    { 29, 24, 29, 3, 24, 174, 5399 }, // W
    { 23, 24, 18, -2, 24, 138, 5573 }, // X
    { 18, 24, 17, 3, 24, 108, 5711 }, // Y
    { 21, 24, 18, -1, 24, 126, 5819 }, // Z
    { 14, 30, 10, -1, 24, 105, 5945 }, // [
    { 7, 24, 12, 3, 24, 42, 6050 }, // <backslash>
    { 14, 30, 10, -3, 24, 105, 6092 }, // ]
    { 17, 16, 19, 1, 24, 68, 6197 }, // ^
    { 15, 3, 13, -4, -3, 12, 6265 }, // _
    { 7, 6, 9, 4, 26, 11, 6277 }, // `
    { 18, 20, 19, 1, 19, 90, 6288 }, // a
    { 18, 27, 19, 0, 26, 122, 6378 }, // b
    { 15, 20, 15, 1, 19, 75, 6500 }, // c
    { 19, 27, 19, 1, 26, 129, 6575 }, // d
    { 15, 20, 17, 1, 19, 75, 6704 }, // e
    { 19, 34, 11, -4, 26, 162, 6779 }, // f
    { 19, 27, 19, 0, 19, 129, 6941 }, // g
    { 18, 26, 19, 0, 26, 117, 7070 }, // h
    { 9, 25, 9, 0, 25, 57, 7187 }, // i
    { 14, 33, 9, -5, 25, 116, 7244 }, // j
    { 18, 26, 17, 0, 26, 117, 7360 }, // k
    { 10, 26, 9, 0, 26, 65, 7477 }, // l
    { 28, 19, 29, 0, 19, 133, 7542 }, // m
    { 18, 19, 19, 0, 19, 86, 7675 }, // n
    { 17, 20, 19, 1, 19, 85, 7761 }, // o
    { 19, 27, 19, -1, 19, 129, 7846 }, // p
    { 18, 27, 19, 1, 19, 122, 7975 }, // q
    { 15, 19, 13, 0, 19, 72, 8097 }, // r
    { 14, 20, 14, 0, 19, 70, 8169 }, // s
    { 12, 23, 11, 1, 22, 69, 8239 }, // t
    { 18, 19, 19, 1, 18, 86, 8308 }, // u
    { 17, 18, 16, 1, 18, 77, 8394 }, // v
    { 25, 18, 24, 1, 18, 113, 8471 }, // w
    { 19, 18, 16, -2, 18, 86, 8584 }, // x
    { 22, 26, 16, -4, 18, 143, 8670 }, // y
    { 16, 18, 15, -1, 18, 72, 8813 }, // z
    { 14, 30, 12, 0, 24, 105, 8885 }, // {
    { 4, 35, 18, 8, 26, 35, 8990 }, // |
    { 14, 30, 12, -2, 24, 105, 9025 }, // }
    { 17, 5, 19, 2, 14, 22, 9130 }, // ~
    { 0, 0, 9, 0, 0, 0, 9152 }, //  
    { 10, 26, 9, -1, 19, 65, 9152 }, // ¡
    { 15, 26, 18, 3, 25, 98, 9217 }, // ¢
    { 21, 25, 18, -1, 25, 132, 9315 }, // £
    { 15, 15, 18, 2, 19, 57, 9447 }, // ¤
    { 19, 24, 18, 2, 24, 114, 9504 }, // ¥
    { 4, 35, 18, 8, 26, 35, 9618 }, // ¦
    { 17, 27, 16, 0, 26, 115, 9653 }, // §
    { 10, 4, 18, 7, 25, 10, 9768 }, // ¨
    { 26, 26, 28, 1, 25, 169, 9778 }, // ©
    { 11, 13, 11, 2, 25, 36, 9947 }, // ª
    { 15, 15, 16, 1, 16, 57, 9983 }, // «
    { 16, 9, 19, 2, 13, 36, 10040 }, // ¬
    { 10, 4, 10, 0, 11, 10, 10076 }, // ­
    { 26, 26, 28, 1, 25, 169, 10086 }, // ®
    { 15, 3, 13, 3, 28, 12, 10255 }, // ¯
    { 12, 12, 14, 1, 25, 36, 10267 }, // °
    { 17, 20, 19, 2, 20, 85, 10303 }, // ±
    { 12, 16, 12, 2, 29, 48, 10388 }, // ²
    { 12, 16, 12, 2, 29, 48, 10436 }, // ³
    { 8, 6, 9, 3, 26, 12, 10484 }, // ´
    { 20, 26, 20, -1, 18, 130, 10496 }, // µ
    { 17, 31, 22, 3, 26, 132, 10626 }, // ¶
    { 5, 6, 9, 2, 15, 8, 10758 }, // ·
    { 7, 8, 7, -3, 0, 14, 10766 }, // ¸
    { 8, 16, 12, 4, 29, 32, 10780 }, // ¹
    { 11, 13, 11, 2, 25, 36, 10812 }, // º
    { 15, 15, 16, 0, 16, 57, 10848 }, // »
    { 22, 26, 24, 2, 25, 143, 10905 }, // ¼
    { 24, 26, 27, 2, 25, 156, 11048 }, // ½
    { 25, 26, 26, 1, 25, 163, 11204 }, // ¾
    { 13, 26, 14, -1, 19, 85, 11367 }, // ¿
    { 20, 32, 19, -2, 32, 160, 11452 }, // À
    { 21, 32, 19, -2, 32, 168, 11612 }, // Á
    { 20, 32, 19, -2, 32, 160, 11780 }, // Â
    { 22, 31, 19, -2, 31, 171, 11940 }, // Ã
    { 20, 31, 19, -2, 31, 155, 12111 }, // Ä
    { 20, 34, 19, -2, 34, 170, 12266 }, // Å
    { 31, 24, 27, -2, 24, 186, 12436 }, // Æ
    { 20, 33, 20, 2, 25, 165, 12622 }, // Ç
    { 18, 32, 17, 1, 32, 144, 12787 }, // È
    { 18, 32, 17, 1, 32, 144, 12931 }, // É
    { 18, 32, 17, 1, 32, 144, 13075 }, // Ê
    { 18, 31, 17, 1, 31, 140, 13219 }, // Ë
    { 14, 32, 11, -1, 32, 112, 13359 }, // Ì
    { 16, 32, 11, -1, 32, 128, 13471 }, // Í
    { 15, 32, 11, -1, 32, 120, 13599 }, // Î
    { 15, 31, 11, -1, 31, 117, 13719 }, // Ï
    { 21, 24, 22, 1, 24, 126, 13836 }, // Ð
    { 23, 31, 24, 1, 31, 179, 13962 }, // Ñ
    { 21, 33, 24, 2, 32, 174, 14141 }, // Ò
    { 21, 33, 24, 2, 32, 174, 14315 }, // Ó
    { 21, 33, 24, 2, 32, 174, 14489 }, // Ô
    { 21, 32, 24, 2, 31, 168, 14663 }, // Õ
    { 21, 32, 24, 2, 31, 168, 14831 }, // Ö
    { 16, 16, 19, 2, 20, 64, 14999 }, // ×
    { 23, 28, 24, 1, 26, 161, 15063 }, // Ø
    { 21, 33, 23, 2, 32, 174, 15224 }, // Ù
    { 21, 33, 23, 2, 32, 174, 15398 }, // Ú
    { 21, 33, 23, 2, 32, 174, 15572 }, // Û
    { 21, 32, 23, 2, 31, 168, 15746 }, // Ü
    { 18, 32, 17, 3, 32, 144, 15914 }, // Ý
    { 18, 24, 19, 1, 24, 108, 16058 }, // Þ
    { 24, 34, 19, -5, 26, 204, 16166 }, // ß
    { 18, 27, 19, 1, 26, 122, 16370 }, // à
    { 18, 27, 19, 1, 26, 122, 16492 }, // á
    { 18, 27, 19, 1, 26, 122, 16614 }, // â
    { 18, 26, 19, 1, 25, 117, 16736 }, // ã
    { 18, 26, 19, 1, 25, 117, 16853 }, // ä
    { 18, 29, 19, 1, 28, 131, 16970 }, // å
    { 26, 20, 27, 1, 19, 130, 17101 }, // æ
    { 15, 27, 15, 1, 19, 102, 17231 }, // ç
    { 15, 27, 17, 1, 26, 102, 17333 }, // è
    { 16, 27, 17, 1, 26, 108, 17435 }, // é
    { 15, 27, 17, 1, 26, 102, 17543 }, // ê
    { 15, 26, 17, 1, 25, 98, 17645 }, // ë
    { 9, 26, 9, 0, 26, 59, 17743 }, // ì
    { 12, 26, 9, 0, 26, 78, 17802 }, // í
    { 12, 26, 9, 0, 26, 78, 17880 }, // î
    { 12, 25, 9, 0, 25, 75, 17958 }, // ï
    { 18, 27, 19, 1, 26, 122, 18033 }, // ð
    { 19, 25, 19, 0, 25, 119, 18155 }, // ñ
    { 17, 27, 19, 1, 26, 115, 18274 }, // ò
    { 17, 27, 19, 1, 26, 115, 18389 }, // ó
    { 17, 27, 19, 1, 26, 115, 18504 }, // ô
    { 17, 26, 19, 1, 25, 111, 18619 }, // õ
    { 17, 26, 19, 1, 25, 111, 18730 }, // ö
    { 17, 16, 19, 2, 20, 68, 18841 }, // ÷
    { 18, 22, 19, 0, 20, 99, 18909 }, // ø
    { 18, 27, 19, 1, 26, 122, 19008 }, // ù
    { 18, 27, 19, 1, 26, 122, 19130 }, // ú
    { 18, 27, 19, 1, 26, 122, 19252 }, // û
    { 18, 26, 19, 1, 25, 117, 19374 }, // ü
    { 22, 34, 16, -4, 26, 187, 19491 }, // ý
    { 19, 34, 19, -1, 26, 162, 19678 }, // þ
    { 22, 33, 16, -4, 25, 182, 19840 }, // ÿ
    { 20, 29, 19, -2, 29, 145, 20022 }, // Ā
    { 18, 24, 19, 1, 23, 108, 20167 }, // ā
    { 21, 31, 19, -2, 31, 163, 20275 }, // Ă
    { 18, 26, 19, 1, 25, 117, 20438 }, // ă
    { 20, 32, 19, -2, 24, 160, 20555 }, // Ą
    { 18, 27, 19, 1, 19, 122, 20715 }, // ą
    { 20, 33, 20, 2, 32, 165, 20837 }, // Ć
    { 15, 27, 15, 1, 26, 102, 21002 }, // ć
    { 20, 33, 20, 2, 32, 165, 21104 }, // Ĉ
    { 15, 27, 15, 1, 26, 102, 21269 }, // ĉ
    { 20, 32, 20, 2, 31, 160, 21371 }, // Ċ
    { 15, 26, 15, 1, 25, 98, 21531 }, // ċ
    { 20, 33, 20, 2, 32, 165, 21629 }, // Č
    { 16, 27, 15, 1, 26, 108, 21794 }, // č
    { 21, 32, 22, 1, 32, 168, 21902 }, // Ď
    { 25, 27, 20, 1, 26, 169, 22070 }, // ď
    { 21, 24, 22, 1, 24, 126, 22239 }, // Đ
    { 21, 27, 19, 1, 26, 142, 22365 }, // đ
    { 18, 29, 17, 1, 29, 131, 22507 }, // Ē
    { 15, 24, 17, 1, 23, 90, 22638 }, // ē
    { 18, 31, 17, 1, 31, 140, 22728 }, // Ĕ
    { 16, 26, 17, 1, 25, 104, 22868 }, // ĕ
    { 18, 31, 17, 1, 31, 140, 22972 }, // Ė
    { 15, 26, 17, 1, 25, 98, 23112 }, // ė
    { 18, 32, 17, 1, 24, 144, 23210 }, // Ę
    { 15, 27, 17, 1, 19, 102, 23354 }, // ę
    { 18, 32, 17, 1, 32, 144, 23456 }, // Ě
    { 16, 27, 17, 1, 26, 108, 23600 }, // ě
    { 21, 33, 23, 2, 32, 174, 23708 }, // Ĝ
    { 19, 34, 19, 0, 26, 162, 23882 }, // ĝ
    { 21, 32, 23, 2, 31, 168, 24044 }, // Ğ
    { 19, 33, 19, 0, 25, 157, 24212 }, // ğ
    { 21, 32, 23, 2, 31, 168, 24369 }, // Ġ
    { 19, 33, 19, 0, 25, 157, 24537 }, // ġ
    { 21, 33, 23, 2, 25, 174, 24694 }, // Ģ
    { 19, 34, 19, 0, 26, 162, 24868 }, // ģ
    { 22, 32, 23, 1, 32, 176, 25030 }, // Ĥ
    { 18, 33, 19, 0, 33, 149, 25206 }, // ĥ
    { 25, 24, 23, 1, 24, 150, 25355 }, // Ħ
    { 18, 26, 19, 0, 26, 117, 25505 }, // ħ
    { 17, 31, 11, -1, 31, 132, 25622 }, // Ĩ
    { 14, 25, 9, 0, 25, 88, 25754 }, // ĩ
    { 15, 29, 11, -1, 29, 109, 25842 }, // Ī
    { 12, 23, 9, 0, 23, 69, 25951 }, // ī
    { 16, 31, 11, -1, 31, 124, 26020 }, // Ĭ
    { 13, 25, 9, 0, 25, 82, 26144 }, // ĭ
    { 14, 32, 11, -1, 24, 112, 26226 }, // Į
    { 11, 33, 9, -2, 25, 91, 26338 }, // į
    { 14, 31, 11, -1, 31, 109, 26429 }, // İ
    { 8, 18, 9, 0, 18, 36, 26538 }, // ı
    { 22, 31, 20, -1, 24, 171, 26574 }, // Ĳ
    { 18, 33, 17, 0, 25, 149, 26745 }, // ĳ
    { 20, 39, 9, -6, 32, 195, 26894 }, // Ĵ
    { 17, 34, 9, -5, 26, 145, 27089 }, // ĵ
    { 21, 32, 19, 1, 24, 168, 27234 }, // Ķ
    { 18, 34, 17, 0, 26, 153, 27402 }, // ķ
    { 18, 18, 17, 0, 18, 81, 27555 }, // ĸ
    { 14, 32, 16, 1, 32, 112, 27636 }, // Ĺ
    { 14, 33, 9, 0, 33, 116, 27748 }, // ĺ
    { 13, 32, 16, 1, 24, 104, 27864 }, // Ļ
    { 12, 34, 9, -2, 26, 102, 27968 }, // ļ
    { 17, 24, 16, 1, 24, 102, 28070 }, // Ľ
    { 15, 26, 10, 0, 26, 98, 28172 }, // ľ
    { 14, 24, 16, 1, 24, 84, 28270 }, // Ŀ
    { 12, 26, 10, 0, 26, 78, 28354 }, // ŀ
    { 14, 24, 16, 0, 24, 84, 28432 }, // Ł
    { 10, 26, 9, 0, 26, 65, 28516 }, // ł
    { 23, 32, 24, 1, 32, 184, 28581 }, // Ń
    { 18, 26, 19, 0, 26, 117, 28765 }, // ń
    { 23, 32, 24, 1, 24, 184, 28882 }, // Ņ
    { 18, 27, 19, 0, 19, 122, 29066 }, // ņ
    { 23, 32, 24, 1, 32, 184, 29188 }, // Ň
    { 19, 26, 19, 0, 26, 124, 29372 }, // ň
    { 20, 24, 22, 1, 24, 120, 29496 }, // ŉ
    { 23, 31, 24, 1, 24, 179, 29616 }, // Ŋ
    { 18, 27, 19, 0, 19, 122, 29795 }, // ŋ
    { 21, 30, 24, 2, 29, 158, 29917 }, // Ō
    { 17, 24, 19, 1, 23, 102, 30075 }, // ō
    { 21, 32, 24, 2, 31, 168, 30177 }, // Ŏ
    { 17, 26, 19, 1, 25, 111, 30345 }, // ŏ
    { 23, 33, 24, 2, 32, 190, 30456 }, // Ő
    { 19, 27, 19, 1, 26, 129, 30646 }, // ő
    { 28, 26, 29, 2, 25, 182, 30775 }, // Œ
    { 27, 20, 29, 1, 19, 135, 30957 }, // œ
    { 18, 32, 19, 1, 32, 144, 31092 }, // Ŕ
    { 16, 26, 13, 0, 26, 104, 31236 }, // ŕ
    { 18, 32, 19, 1, 24, 144, 31340 }, // Ŗ
    { 17, 27, 13, -2, 19, 115, 31484 }, // ŗ
    { 19, 32, 19, 1, 32, 152, 31599 }, // Ř
    { 17, 26, 13, 0, 26, 111, 31751 }, // ř
    { 18, 33, 17, 0, 32, 149, 31862 }, // Ś
    { 15, 27, 14, 0, 26, 102, 32011 }, // ś
    { 18, 33, 17, 0, 32, 149, 32113 }, // Ŝ
    { 15, 27, 14, 0, 26, 102, 32262 }, // ŝ
    { 18, 33, 17, 0, 25, 149, 32364 }, // Ş
    { 14, 27, 14, 0, 19, 95, 32513 }, // ş
    { 18, 33, 17, 0, 32, 149, 32608 }, // Š
    { 16, 27, 14, 0, 26, 108, 32757 }, // š
    { 18, 32, 17, 2, 24, 144, 32865 }, // Ţ
    { 12, 30, 11, 1, 22, 90, 33009 }, // ţ
    { 17, 32, 17, 3, 32, 136, 33099 }, // Ť
    { 14, 27, 11, 1, 26, 95, 33235 }, // ť
    { 18, 24, 17, 2, 24, 108, 33330 }, // Ŧ
    { 13, 23, 11, 0, 22, 75, 33438 }, // ŧ
    { 21, 32, 23, 2, 31, 168, 33513 }, // Ũ
    { 18, 26, 19, 1, 25, 117, 33681 }, // ũ
    { 21, 30, 23, 2, 29, 158, 33798 }, // Ū
    { 18, 24, 19, 1, 23, 108, 33956 }, // ū
    { 21, 32, 23, 2, 31, 168, 34064 }, // Ŭ
    { 18, 26, 19, 1, 25, 117, 34232 }, // ŭ
    { 21, 35, 23, 2, 34, 184, 34349 }, // Ů
    { 18, 29, 19, 1, 28, 131, 34533 }, // ů
    { 22, 33, 23, 2, 32, 182, 34664 }, // Ű
    { 20, 27, 19, 1, 26, 135, 34846 }, // ű
    { 21, 32, 23, 2, 24, 168, 34981 }, // Ų
    { 18, 26, 19, 1, 18, 117, 35149 }, // ų
    { 29, 32, 29, 3, 32, 232, 35266 }, // Ŵ
    { 25, 26, 24, 1, 26, 163, 35498 }, // ŵ
    { 18, 32, 17, 3, 32, 144, 35661 }, // Ŷ
    { 22, 34, 16, -4, 26, 187, 35805 }, // ŷ
    { 18, 31, 17, 3, 31, 140, 35992 }, // Ÿ
    { 21, 32, 18, -1, 32, 168, 36132 }, // Ź
    { 17, 26, 15, -1, 26, 111, 36300 }, // ź
    { 21, 31, 18, -1, 31, 163, 36411 }, // Ż
    { 16, 25, 15, -1, 25, 100, 36574 }, // ż
    { 21, 32, 18, -1, 32, 168, 36674 }, // Ž
    { 17, 26, 15, -1, 26, 111, 36842 }, // ž
    { 20, 34, 9, -5, 26, 170, 36953 }, // ſ
    { 6, 6, 0, -13, 26, 9, 37123 }, // ̀
    { 8, 6, 0, -8, 26, 12, 37132 }, // ́
    { 11, 6, 0, -3, 26, 17, 37144 }, // ̂
    { 13, 5, 0, -14, 25, 17, 37161 }, // ̃
    { 11, 3, 0, -3, 23, 9, 37178 }, // ̄
    { 14, 4, 0, -3, 29, 14, 37187 }, // ̅
    { 10, 5, 0, -2, 25, 13, 37201 }, // ̆
    { 4, 5, 0, 1, 25, 5, 37214 }, // ̇
    { 10, 4, 0, -2, 25, 10, 37219 }, // ̈
    { 7, 9, 0, -10, 28, 16, 37229 }, // ̉
    { 8, 8, 0, -1, 28, 16, 37245 }, // ̊
    { 13, 6, 0, -2, 26, 20, 37261 }, // ̋
    { 11, 6, 0, -2, 26, 17, 37281 }, // ̌
    { 6, 10, 0, 0, 26, 15, 37298 }, // ̍
    { 10, 7, 0, -2, 26, 18, 37313 }, // ̎
    { 12, 6, 0, -17, 26, 18, 37331 }, // ̏
    { 11, 9, 0, -2, 29, 25, 37349 }, // ̐
    { 11, 5, 0, -3, 25, 14, 37374 }, // ̑
    { 7, 9, 0, -1, 24, 16, 37388 }, // ̒
    { 7, 9, 0, -1, 24, 16, 37404 }, // ̓
    { 5, 9, 0, 0, 24, 12, 37420 }, // ̔
    { 7, 9, 0, -1, 24, 16, 37432 }, // ̕
    { 7, 6, 0, -7, -1, 11, 37448 }, // ̖
    { 8, 6, 0, -5, -1, 12, 37459 }, // ̗
    { 8, 8, 0, -6, 0, 16, 37471 }, // ̘
    { 8, 8, 0, -7, 0, 16, 37487 }, // ̙
    { 10, 10, 11, 3, 26, 25, 37503 }, // ̚
    { 8, 8, 0, -2, 26, 16, 37528 }, // ̛
    { 5, 8, 0, -2, 0, 10, 37544 }, // ̜
    { 8, 6, 0, -7, -1, 12, 37554 }, // ̝
    { 8, 6, 0, -6, -1, 12, 37566 }, // ̞
    { 9, 8, 0, -7, 0, 18, 37578 }, // ̟
    { 8, 3, 0, -7, -2, 6, 37596 }, // ̠
    { 8, 10, 0, -7, 2, 20, 37602 }, // ̡
    { 7, 10, 0, -4, 2, 18, 37622 }, // ̢
    { 4, 4, 0, -14, -2, 4, 37640 }, // ̣
    { 10, 4, 0, -8, -2, 10, 37644 }, // ̤
    { 8, 8, 0, -7, 0, 16, 37654 }, // ̥
    { 6, 6, 0, 2, -2, 9, 37670 }, // ̦
    { 7, 8, 0, -6, 0, 14, 37679 }, // ̧
    { 6, 8, 0, -5, 0, 12, 37693 }, // ̨
    { 5, 10, 0, -5, -1, 13, 37705 }, // ̩
    { 14, 7, 0, -10, -1, 25, 37718 }, // ̪
    { 14, 4, 0, -9, -2, 14, 37743 }, // ̫
    { 11, 6, 0, -7, -1, 17, 37757 }, // ̬
    { 11, 6, 0, -8, -1, 17, 37774 }, // ̭
    { 10, 5, 0, -7, -1, 13, 37791 }, // ̮
    { 11, 5, 0, -8, -1, 14, 37804 }, // ̯
    { 13, 5, 0, -9, -1, 17, 37818 }, // ̰
    { 10, 3, 0, -8, -2, 8, 37835 }, // ̱
    { 15, 3, 0, -10, -3, 12, 37843 }, // ̲
    { 15, 8, 0, -10, 0, 30, 37855 }, // ̳
    { 14, 5, 0, -7, 12, 18, 37885 }, // ̴
    { 14, 4, 0, -7, 12, 14, 37903 }, // ̵
    { 24, 3, 0, -12, 11, 18, 37917 }, // ̶
    { 10, 8, 0, -5, 14, 20, 37935 }, // ̷
    { 20, 28, 0, -10, 26, 140, 37955 }, // ̸
    { 5, 8, 0, -2, 0, 10, 38095 }, // ̹
    { 14, 7, 0, -10, -1, 25, 38105 }, // ̺
    { 14, 8, 0, -10, 0, 28, 38130 }, // ̻
    { 13, 4, 0, -9, -2, 13, 38158 }, // ̼
    { 8, 7, 0, -1, 26, 14, 38171 }, // ̽
    { 8, 10, 0, -1, 29, 20, 38185 }, // ̾
    { 15, 8, 0, -3, 33, 30, 38205 }, // ̿
    { 7, 6, 0, -2, 26, 11, 38235 }, // ̀
    { 8, 6, 0, 1, 26, 12, 38246 }, // ́
    { 13, 5, 0, 5, 25, 17, 38258 }, // ͂
    { 5, 6, 0, 1, 26, 8, 38275 }, // ̓
    { 13, 6, 0, -3, 26, 20, 38283 }, // ̈́
    { 6, 6, 0, -4, -2, 9, 38303 }, // ͅ
    { 16, 7, 0, -5, 26, 28, 38312 }, // ͆
    { 16, 8, 0, -10, 0, 32, 38340 }, // ͇
    { 10, 7, 0, -8, -1, 18, 38372 }, // ͈
    { 8, 6, 0, -6, -2, 12, 38390 }, // ͉
    { 14, 8, 0, -4, 26, 28, 38402 }, // ͊
    { 13, 12, 0, -3, 31, 39, 38430 }, // ͋
    { 13, 9, 0, -3, 29, 30, 38469 }, // ͌
    { 13, 7, 0, -9, -1, 23, 38499 }, // ͍
    { 7, 8, 0, -6, 0, 14, 38522 }, // ͎
    { 24, 24, 0, -12, 24, 144, 38536 }, // ͏
    { 6, 8, 0, 0, 27, 12, 38680 }, // ͐
    { 5, 8, 0, 4, 28, 10, 38692 }, // ͑
    { 10, 9, 0, -2, 29, 23, 38702 }, // ͒
    { 8, 7, 0, -6, -1, 14, 38725 }, // ͓
    { 6, 7, 0, -5, -1, 11, 38739 }, // ͔
    { 7, 7, 0, -5, -1, 13, 38750 }, // ͕
    { 13, 7, 0, -8, -1, 23, 38763 }, // ͖
    { 5, 8, 0, 3, 28, 10, 38786 }, // ͗
    { 4, 5, 0, 1, 25, 5, 38796 }, // ͘
    { 9, 7, 0, -7, -1, 16, 38801 }, // ͙
    { 13, 8, 0, -9, 0, 26, 38817 }, // ͚
    { 7, 8, 0, 0, 27, 14, 38843 }, // ͛
    { 24, 7, 0, -14, -1, 42, 38857 }, // ͜
    { 24, 7, 0, -9, 26, 42, 38899 }, // ͝
    { 18, 3, 0, -6, 23, 14, 38941 }, // ͞
    { 17, 3, 0, -11, -2, 13, 38955 }, // ͟
    { 26, 5, 0, -10, 25, 33, 38968 }, // ͠
    { 24, 7, 0, -9, 29, 42, 39001 }, // ͡
    { 25, 7, 0, -16, -1, 44, 39043 }, // ͢
    { 9, 8, 0, -1, 28, 18, 39087 }, // ͣ
    { 7, 8, 0, 0, 28, 14, 39105 }, // ͤ
    { 5, 11, 0, 1, 31, 14, 39119 }, // ͥ
    { 8, 8, 0, -1, 28, 16, 39133 }, // ͦ
    { 9, 8, 0, -1, 28, 18, 39149 }, // ͧ
    { 7, 8, 0, 0, 28, 14, 39167 }, // ͨ
    { 9, 11, 0, -1, 31, 25, 39181 }, // ͩ
    { 8, 11, 0, -1, 31, 22, 39206 }, // ͪ
    { 12, 8, 0, -3, 28, 24, 39228 }, // ͫ
    { 7, 8, 0, 0, 28, 14, 39252 }, // ͬ
    { 6, 10, 0, 1, 30, 15, 39266 }, // ͭ
    { 8, 8, 0, 0, 28, 16, 39281 }, // ͮ
    { 9, 8, 0, -1, 28, 18, 39297 }, // ͯ
    { 13, 24, 10, -2, 24, 78, 39315 }, // Ͱ
    { 12, 18, 11, 0, 18, 54, 39393 }, // ͱ
    { 21, 24, 21, 2, 24, 126, 39447 }, // Ͳ
    { 17, 26, 20, 4, 26, 111, 39573 }, // ͳ
    { 7, 7, 7, 3, 26, 13, 39684 }, // ʹ
    { 8, 7, 7, -3, 1, 14, 39697 }, // ͵
    { 23, 24, 21, 0, 24, 138, 39711 }, // Ͷ
    { 20, 18, 18, -1, 18, 90, 39849 }, // ͷ
    { 6, 6, 7, -1, -2, 9, 39939 }, // ͺ
    { 15, 20, 15, -1, 19, 75, 39948 }, // ͻ
    { 15, 20, 15, 1, 19, 75, 40023 }, // ͼ
    { 15, 20, 15, -1, 19, 75, 40098 }, // ͽ
    { 10, 24, 9, -2, 19, 60, 40173 }, // ;
    { 15, 31, 12, 0, 24, 117, 40233 }, // Ϳ
    { 8, 6, 8, 3, 26, 12, 40350 }, // ΄
    { 13, 6, 21, 7, 26, 20, 40362 }, // ΅
    { 20, 24, 21, 0, 24, 120, 40382 }, // Ά
    { 5, 6, 9, 3, 19, 8, 40502 }, // ·
    { 22, 24, 23, 2, 24, 132, 40510 }, // Έ
    { 27, 24, 28, 2, 24, 162, 40642 }, // Ή
    { 17, 24, 17, 2, 24, 102, 40804 }, // Ί
    { 25, 26, 28, 2, 25, 163, 40906 }, // Ό
    { 25, 24, 24, 2, 24, 150, 41069 }, // Ύ
    { 26, 25, 28, 2, 25, 163, 41219 }, // Ώ
    { 14, 27, 12, 1, 26, 95, 41382 }, // ΐ
    { 20, 24, 19, -2, 24, 120, 41477 }, // Α
    { 19, 24, 20, 1, 24, 114, 41597 }, // Β
    { 18, 24, 16, 1, 24, 108, 41711 }, // Γ
    { 21, 24, 20, -2, 24, 126, 41819 }, // Δ
    { 18, 24, 17, 1, 24, 108, 41945 }, // Ε
    { 21, 24, 18, -1, 24, 126, 42053 }, // Ζ
    { 22, 24, 23, 1, 24, 132, 42179 }, // Η
    { 21, 26, 24, 2, 25, 137, 42311 }, // Θ
    { 14, 24, 11, -1, 24, 84, 42448 }, // Ι
    { 21, 24, 19, 1, 24, 126, 42532 }, // Κ
    { 20, 24, 19, -2, 24, 120, 42658 }, // Λ
    { 28, 24, 28, 1, 24, 168, 42778 }, // Μ
    { 23, 24, 24, 1, 24, 138, 42946 }, // Ν
    { 20, 24, 18, -1, 24, 120, 43084 }, // Ξ
    { 21, 26, 24, 2, 25, 137, 43204 }, // Ο
    { 22, 24, 23, 1, 24, 132, 43341 }, // Π
    { 18, 24, 19, 1, 24, 108, 43473 }, // Ρ
    { 21, 24, 18, -1, 24, 126, 43581 }, // Σ
    { 17, 24, 17, 3, 24, 102, 43707 }, // Τ
    { 18, 24, 17, 3, 24, 108, 43809 }, // Υ
    { 26, 24, 28, 2, 24, 156, 43917 }, // Φ
    { 23, 24, 18, -2, 24, 138, 44073 }, // Χ
    { 25, 24, 27, 3, 24, 150, 44211 }, // Ψ
    { 24, 25, 22, -1, 25, 150, 44361 }, // Ω
    { 15, 31, 11, -1, 31, 117, 44511 }, // Ϊ
    { 18, 31, 17, 3, 31, 140, 44628 }, // Ϋ
    { 18, 27, 19, 1, 26, 122, 44768 }, // ά
    { 16, 27, 14, 0, 26, 108, 44890 }, // έ
    { 18, 34, 19, 0, 26, 153, 44998 }, // ή
    { 12, 27, 10, 1, 26, 81, 45151 }, // ί
    { 18, 27, 19, 1, 26, 122, 45232 }, // ΰ
    { 18, 20, 19, 1, 19, 90, 45354 }, // α
    { 20, 34, 19, -1, 26, 170, 45444 }, // β
    { 15, 25, 16, 1, 18, 94, 45614 }, // γ
    { 18, 27, 18, 1, 26, 122, 45708 }, // δ
    { 15, 20, 14, 0, 19, 75, 45830 }, // ε
    { 17, 33, 13, 0, 26, 141, 45905 }, // ζ
    { 18, 27, 19, 0, 19, 122, 46046 }, // η
    { 17, 27, 18, 1, 26, 115, 46168 }, // θ
    { 8, 19, 10, 1, 18, 38, 46283 }, // ι
    { 18, 18, 17, 0, 18, 81, 46321 }, // κ
    { 18, 27, 18, -2, 26, 122, 46402 }, // λ
    { 20, 26, 20, -1, 18, 130, 46524 }, // μ
    { 15, 18, 16, 1, 18, 68, 46654 }, // ν
    { 17, 33, 15, 1, 26, 141, 46722 }, // ξ
    { 17, 20, 19, 1, 19, 85, 46863 }, // ο
    { 21, 19, 20, 1, 18, 100, 46948 }, // π
    { 18, 27, 18, -1, 19, 122, 47048 }, // ρ
    { 15, 26, 16, 1, 19, 98, 47170 }, // ς
    { 19, 19, 19, 1, 18, 91, 47268 }, // σ
    { 15, 19, 14, 1, 18, 72, 47359 }, // τ
    { 17, 19, 19, 1, 18, 81, 47431 }, // υ
    { 21, 27, 23, 1, 19, 142, 47512 }, // φ
    { 22, 26, 19, -2, 18, 143, 47654 }, // χ
    { 22, 34, 23, 1, 26, 187, 47797 }, // ψ
    { 24, 19, 26, 1, 18, 114, 47984 }, // ω
    { 11, 26, 10, 1, 25, 72, 48098 }, // ϊ
    { 17, 26, 19, 1, 25, 111, 48170 }, // ϋ
    { 17, 27, 19, 1, 26, 115, 48281 }, // ό
    { 17, 27, 19, 1, 26, 115, 48396 }, // ύ
    { 24, 27, 26, 1, 26, 162, 48511 }, // ώ
    { 22, 32, 19, 0, 24, 176, 48673 }, // Ϗ
    { 18, 27, 19, 2, 26, 122, 48849 }, // ϐ
    { 21, 27, 19, 0, 26, 142, 48971 }, // ϑ
    { 18, 24, 18, 3, 24, 108, 49113 }, // ϒ
    { 27, 24, 25, 1, 24, 162, 49221 }, // ϓ
    { 18, 31, 18, 3, 31, 140, 49383 }, // ϔ
    { 20, 34, 23, 1, 26, 170, 49523 }, // ϕ
    { 29, 19, 28, 1, 18, 138, 49693 }, // ϖ
    { 20, 25, 17, -1, 18, 125, 49831 }, // ϗ
    { 21, 25, 24, 3, 25, 132, 49956 }, // Ϙ
    { 17, 27, 19, 1, 19, 115, 50088 }, // ϙ
    { 18, 25, 19, 3, 25, 113, 50203 }, // Ϛ
    { 15, 26, 15, 1, 19, 98, 50316 }, // ϛ
    { 18, 24, 16, 1, 24, 108, 50414 }, // Ϝ
    { 17, 26, 15, -1, 18, 111, 50522 }, // ϝ
    { 16, 26, 17, 0, 25, 104, 50633 }, // Ϟ
    { 17, 34, 19, 1, 26, 145, 50737 }, // ϟ
    { 17, 25, 19, 2, 25, 107, 50882 }, // Ϡ
    { 13, 34, 16, 1, 26, 111, 50989 }, // ϡ
    { 21, 20, 22, 1, 19, 105, 51100 }, // ϰ
    { 18, 27, 20, 1, 19, 122, 51205 }, // ϱ
    { 15, 20, 15, 1, 19, 75, 51327 }, // ϲ
    { 14, 33, 9, -5, 25, 116, 51402 }, // ϳ
    { 21, 26, 24, 2, 25, 137, 51518 }, // ϴ
    { 15, 20, 15, 1, 19, 75, 51655 }, // ϵ
    { 14, 20, 15, 0, 19, 70, 51730 }, // ϶
    { 18, 24, 19, 1, 24, 108, 51800 }, // Ϸ
    { 19, 34, 19, -1, 26, 162, 51908 }, // ϸ
    { 20, 26, 20, 2, 25, 130, 52070 }, // Ϲ
    { 28, 24, 28, 1, 24, 168, 52200 }, // Ϻ
    { 24, 26, 23, -1, 18, 156, 52368 }, // ϻ
    { 21, 27, 20, -4, 19, 142, 52524 }, // ϼ
    { 20, 26, 20, -1, 25, 130, 52666 }, // Ͻ
    { 20, 26, 20, 2, 25, 130, 52796 }, // Ͼ
    { 20, 26, 20, -1, 25, 130, 52926 }, // Ͽ
    { 18, 32, 17, 1, 32, 144, 53056 }, // Ѐ
    { 18, 31, 17, 1, 31, 140, 53200 }, // Ё
    { 18, 25, 22, 3, 24, 113, 53340 }, // Ђ
    { 18, 32, 16, 1, 32, 144, 53453 }, // Ѓ
    { 20, 26, 19, 1, 25, 130, 53597 }, // Є
    { 18, 26, 17, 0, 25, 117, 53727 }, // Ѕ
    { 9, 24, 9, 1, 24, 54, 53844 }, // І
    { 12, 31, 9, 1, 31, 93, 53898 }, // Ї
    { 16, 31, 9, -6, 24, 124, 53991 }, // Ј
    { 32, 25, 31, -2, 24, 200, 54115 }, // Љ
    { 29, 24, 31, 1, 24, 174, 54315 }, // Њ
    { 18, 24, 23, 3, 24, 108, 54489 }, // Ћ
    { 21, 32, 19, 1, 32, 168, 54597 }, // Ќ
    { 23, 32, 23, 1, 32, 184, 54765 }, // Ѝ
    { 22, 32, 19, 0, 31, 176, 54949 }, // Ў
    { 22, 30, 22, 1, 24, 165, 55125 }, // Џ
    { 20, 24, 19, -2, 24, 120, 55290 }, // А
    { 18, 24, 18, 1, 24, 108, 55410 }, // Б
    { 19, 24, 20, 1, 24, 114, 55518 }, // В
    { 17, 24, 16, 1, 24, 102, 55632 }, // Г
    { 26, 30, 23, -3, 24, 195, 55734 }, // Д
    { 18, 24, 17, 1, 24, 108, 55929 }, // Е
    { 32, 24, 27, -2, 24, 192, 56037 }, // Ж
    { 19, 26, 17, -1, 25, 124, 56229 }, // З
    { 23, 24, 23, 1, 24, 138, 56353 }, // И
    { 23, 31, 23, 1, 31, 179, 56491 }, // Й
    { 21, 24, 19, 1, 24, 126, 56670 }, // К
    { 25, 25, 22, -2, 24, 157, 56796 }, // Л
    { 27, 24, 28, 1, 24, 162, 56953 }, // М
    { 22, 24, 23, 1, 24, 132, 57115 }, // Н
    { 21, 26, 23, 2, 25, 137, 57247 }, // О
    { 22, 24, 22, 1, 24, 132, 57384 }, // П
    { 18, 24, 18, 1, 24, 108, 57516 }, // Р
    { 19, 26, 19, 2, 25, 124, 57624 }, // С
    { 17, 24, 17, 3, 24, 102, 57748 }, // Т
    { 22, 25, 19, 0, 24, 138, 57850 }, // У
    { 25, 26, 26, 1, 25, 163, 57988 }, // Ф
    { 23, 24, 18, -2, 24, 138, 58151 }, // Х
    { 22, 30, 23, 1, 24, 165, 58289 }, // Ц
    { 18, 24, 21, 3, 24, 108, 58454 }, // Ч
    { 31, 24, 32, 1, 24, 186, 58562 }, // Ш
    { 31, 30, 32, 1, 24, 233, 58748 }, // Щ
    { 17, 24, 21, 3, 24, 102, 58981 }, // Ъ
    { 26, 24, 26, 1, 24, 156, 59083 }, // Ы
    { 16, 24, 18, 1, 24, 96, 59239 }, // Ь
    { 20, 26, 20, 0, 25, 130, 59335 }, // Э
    { 30, 26, 31, 1, 25, 195, 59465 }, // Ю
    { 22, 24, 19, -2, 24, 132, 59660 }, // Я
    { 18, 20, 19, 1, 19, 90, 59792 }, // а
    { 18, 27, 18, 1, 26, 122, 59882 }, // б
    { 16, 20, 17, 1, 19, 80, 60004 }, // в
    { 15, 20, 15, 0, 19, 75, 60084 }, // г
    { 17, 27, 19, 1, 26, 115, 60159 }, // д
    { 15, 20, 16, 1, 19, 75, 60274 }, // е
    { 31, 20, 29, -1, 19, 155, 60349 }, // ж
    { 14, 20, 15, 0, 19, 70, 60504 }, // з
    { 18, 19, 19, 1, 18, 86, 60574 }, // и
    { 18, 26, 19, 1, 25, 117, 60660 }, // й
    { 18, 18, 17, 0, 18, 81, 60777 }, // к
    { 21, 19, 19, -2, 18, 100, 60858 }, // л
    { 25, 18, 25, 0, 18, 113, 60958 }, // м
    { 19, 18, 19, 0, 18, 86, 61071 }, // н
    { 17, 20, 19, 1, 19, 85, 61157 }, // о
    { 18, 19, 19, 0, 19, 86, 61242 }, // п
    { 19, 27, 19, -1, 19, 129, 61328 }, // р
    { 15, 20, 15, 1, 19, 75, 61457 }, // с
    { 28, 19, 29, 0, 19, 133, 61532 }, // т
    { 21, 26, 16, -3, 18, 137, 61665 }, // у
    { 21, 34, 22, 1, 26, 179, 61802 }, // ф
    { 19, 18, 15, -2, 18, 86, 61981 }, // х
    { 18, 23, 20, 1, 18, 104, 62067 }, // ц
    { 16, 18, 19, 2, 18, 72, 62171 }, // ч
    { 28, 19, 29, 1, 18, 133, 62243 }, // ш
    { 28, 23, 30, 1, 18, 161, 62376 }, // щ
    { 18, 19, 20, 1, 18, 86, 62537 }, // ъ
    { 23, 19, 24, 1, 18, 110, 62623 }, // ы
    { 15, 19, 17, 1, 18, 72, 62733 }, // ь
    { 15, 20, 16, 0, 19, 75, 62805 }, // э
    { 25, 20, 26, 0, 19, 125, 62880 }, // ю
    { 19, 18, 17, -2, 18, 86, 63005 }, // я
    { 15, 27, 16, 1, 26, 102, 63091 }, // ѐ
    { 16, 26, 16, 1, 25, 104, 63193 }, // ё
    { 18, 34, 19, 0, 26, 153, 63297 }, // ђ
    { 16, 27, 15, 0, 26, 108, 63450 }, // ѓ
    { 15, 20, 15, 1, 19, 75, 63558 }, // є
    { 14, 20, 14, 0, 19, 70, 63633 }, // ѕ
    { 10, 25, 9, 0, 25, 63, 63703 }, // і
    { 11, 25, 8, 0, 25, 69, 63766 }, // ї
    { 14, 33, 8, -5, 25, 116, 63835 }, // ј
    { 28, 19, 27, -2, 18, 133, 63951 }, // љ
    { 26, 19, 27, 0, 18, 124, 64084 }, // њ
    { 18, 26, 19, 0, 26, 117, 64208 }, // ћ
    { 18, 26, 17, 0, 26, 117, 64325 }, // ќ
    { 18, 27, 19, 1, 26, 122, 64442 }, // ѝ
    { 21, 33, 16, -3, 25, 174, 64564 }, // ў
    { 18, 25, 19, 1, 18, 113, 64738 }, // џ
    { 30, 25, 31, 3, 24, 188, 64851 }, // Ѡ
    { 26, 18, 26, 2, 18, 117, 65039 }, // ѡ
    { 16, 24, 20, 2, 24, 96, 65156 }, // Ѣ
    { 26, 20, 28, 0, 19, 130, 65252 }, // ѣ
    { 30, 26, 29, 1, 25, 195, 65382 }, // Ѥ
    { 24, 20, 23, 0, 19, 120, 65577 }, // ѥ
    { 21, 24, 20, -2, 24, 126, 65697 }, // Ѧ
    { 18, 18, 18, -2, 18, 81, 65823 }, // ѧ
    { 26, 24, 28, 1, 24, 156, 65904 }, // Ѩ
    { 23, 18, 24, 0, 18, 104, 66060 }, // ѩ
    { 26, 24, 22, -2, 24, 156, 66164 }, // Ѫ
    { 22, 18, 20, -2, 18, 99, 66320 }, // ѫ
    { 31, 24, 31, 1, 24, 186, 66419 }, // Ѭ
    { 27, 18, 27, 0, 18, 122, 66605 }, // ѭ
    { 20, 36, 18, -2, 29, 180, 66727 }, // Ѯ
    { 17, 30, 15, -2, 23, 128, 66907 }, // ѯ
    { 25, 24, 25, 3, 24, 150, 67035 }, // Ѱ
    { 22, 34, 24, 1, 26, 187, 67185 }, // ѱ
    { 21, 26, 24, 2, 25, 137, 67372 }, // Ѳ
    { 17, 20, 19, 1, 19, 85, 67509 }, // ѳ
    { 20, 24, 19, 3, 24, 120, 67594 }, // Ѵ
    { 17, 18, 15, 1, 18, 77, 67714 }, // ѵ
    { 20, 32, 19, 3, 32, 160, 67791 }, // Ѷ
    { 17, 26, 15, 1, 26, 111, 67951 }, // ѷ
    { 40, 33, 40, 2, 25, 330, 68062 }, // Ѹ
    { 35, 27, 34, 1, 19, 237, 68392 }, // ѹ
    { 22, 29, 25, 2, 26, 160, 68629 }, // Ѻ
    { 17, 22, 19, 1, 20, 94, 68789 }, // ѻ
    { 29, 36, 32, 2, 35, 261, 68883 }, // Ѽ
    { 25, 31, 27, 1, 30, 194, 69144 }, // ѽ
    { 30, 31, 31, 3, 30, 233, 69338 }, // Ѿ
    { 26, 24, 26, 2, 24, 156, 69571 }, // ѿ
    { 20, 33, 20, 2, 25, 165, 69727 }, // Ҁ
    { 15, 27, 15, 1, 19, 102, 69892 }, // ҁ
    { 18, 22, 20, 1, 21, 99, 69994 }, // ҂
    { 14, 5, 0, -14, 24, 18, 70093 }, // ҃
    { 14, 5, 0, -14, 25, 18, 70111 }, // ҄
    { 4, 6, 0, -9, 26, 6, 70129 }, // ҅
    { 5, 6, 0, -9, 26, 8, 70135 }, // ҆
    { 14, 5, 0, -3, 30, 18, 70143 }, // ҇
    { 38, 36, 0, -19, 27, 342, 70161 }, // ҈
    { 38, 38, 0, -19, 28, 361, 70503 }, // ҉
    { 23, 38, 24, 1, 31, 219, 70864 }, // Ҋ
    { 18, 33, 19, 1, 26, 149, 71083 }, // ҋ
    { 16, 24, 18, 1, 24, 96, 71232 }, // Ҍ
    { 14, 27, 17, 2, 26, 95, 71328 }, // ҍ
    { 18, 24, 19, 1, 24, 108, 71423 }, // Ҏ
    { 19, 27, 19, -1, 19, 129, 71531 }, // ҏ
    { 19, 29, 16, 1, 29, 138, 71660 }, // Ґ
    { 16, 24, 13, 0, 24, 96, 71798 }, // ґ
    { 18, 24, 16, 1, 24, 108, 71894 }, // Ғ
    { 15, 18, 13, 0, 18, 68, 72002 }, // ғ
    { 18, 33, 20, 1, 24, 149, 72070 }, // Ҕ
    { 15, 27, 17, 0, 18, 102, 72219 }, // ҕ
    { 32, 31, 28, -2, 24, 248, 72321 }, // Җ
    { 31, 26, 28, -1, 19, 202, 72569 }, // җ
    { 19, 33, 17, -1, 25, 157, 72771 }, // Ҙ
    { 14, 27, 15, 0, 19, 95, 72928 }, // ҙ
    { 21, 31, 20, 1, 24, 163, 73023 }, // Қ
    { 18, 25, 18, 0, 18, 113, 73186 }, // қ
    { 21, 24, 19, 1, 24, 126, 73299 }, // Ҝ
    { 19, 18, 16, 0, 18, 86, 73425 }, // ҝ
    { 21, 24, 19, 1, 24, 126, 73511 }, // Ҟ
    { 18, 26, 16, 0, 26, 117, 73637 }, // ҟ
    { 22, 24, 21, 3, 24, 132, 73754 }, // Ҡ
    { 20, 18, 19, 1, 18, 90, 73886 }, // ҡ
    { 22, 31, 23, 1, 24, 171, 73976 }, // Ң
    { 20, 25, 20, 0, 18, 125, 74147 }, // ң
    { 28, 24, 25, 1, 24, 168, 74272 }, // Ҥ
    { 25, 18, 23, 0, 18, 113, 74440 }, // ҥ
    { 30, 33, 33, 1, 24, 248, 74553 }, // Ҧ
    { 26, 27, 27, 0, 18, 176, 74801 }, // ҧ
    { 21, 27, 24, 2, 25, 142, 74977 }, // Ҩ
    { 18, 20, 20, 1, 19, 90, 75119 }, // ҩ
    { 20, 33, 20, 2, 25, 165, 75209 }, // Ҫ
    { 15, 27, 15, 1, 19, 102, 75374 }, // ҫ
    { 17, 31, 17, 3, 24, 132, 75476 }, // Ҭ
    { 28, 26, 30, 0, 19, 182, 75608 }, // ҭ
    { 18, 24, 17, 3, 24, 108, 75790 }, // Ү
    { 17, 26, 16, 1, 18, 111, 75898 }, // ү
    { 20, 24, 17, 1, 24, 120, 76009 }, // Ұ
    { 19, 26, 16, -1, 18, 124, 76129 }, // ұ
    { 23, 31, 19, -2, 24, 179, 76253 }, // Ҳ
    { 19, 25, 18, -1, 18, 119, 76432 }, // ҳ
    { 24, 31, 26, 3, 24, 186, 76551 }, // Ҵ
    { 20, 25, 22, 1, 18, 125, 76737 }, // ҵ
    { 19, 31, 22, 3, 24, 148, 76862 }, // Ҷ
    { 16, 25, 18, 2, 18, 100, 77010 }, // ҷ
    { 19, 24, 21, 3, 24, 114, 77110 }, // Ҹ
    { 16, 18, 19, 2, 18, 72, 77224 }, // ҹ
    { 19, 24, 21, 1, 24, 114, 77296 }, // Һ
    { 18, 26, 19, 0, 26, 117, 77410 }, // һ
    { 24, 26, 26, 2, 25, 156, 77527 }, // Ҽ
    { 19, 20, 20, 1, 19, 95, 77683 }, // ҽ
    { 24, 32, 26, 2, 25, 192, 77778 }, // Ҿ
    { 19, 26, 20, 1, 19, 124, 77970 }, // ҿ
    { 14, 24, 11, -1, 24, 84, 78094 }, // Ӏ
    { 32, 31, 27, -2, 31, 248, 78178 }, // Ӂ
    { 31, 26, 29, -1, 25, 202, 78426 }, // ӂ
    { 21, 33, 21, 1, 24, 174, 78628 }, // Ӄ
    { 18, 27, 17, 0, 18, 122, 78802 }, // ӄ
    { 24, 31, 22, -2, 24, 186, 78924 }, // Ӆ
    { 20, 26, 18, -2, 19, 130, 79110 }, // ӆ
    { 22, 33, 23, 1, 24, 182, 79240 }, // Ӈ
    { 20, 27, 20, 0, 18, 135, 79422 }, // ӈ
    { 22, 31, 23, 1, 24, 171, 79557 }, // Ӊ
    { 20, 25, 20, 0, 18, 125, 79728 }, // ӊ
    { 19, 31, 21, 3, 24, 148, 79853 }, // Ӌ
    { 16, 25, 19, 3, 18, 100, 80001 }, // ӌ
    { 28, 31, 28, 1, 24, 217, 80101 }, // Ӎ
    { 23, 25, 23, 0, 18, 144, 80318 }, // ӎ
    { 14, 24, 11, -1, 24, 84, 80462 }, // ӏ
    { 21, 31, 19, -2, 31, 163, 80546 }, // Ӑ
    { 18, 26, 19, 1, 25, 117, 80709 }, // ӑ
    { 20, 31, 19, -2, 31, 155, 80826 }, // Ӓ
    { 18, 26, 19, 1, 25, 117, 80981 }, // ӓ
    { 31, 24, 27, -2, 24, 186, 81098 }, // Ӕ
    { 26, 20, 27, 1, 19, 130, 81284 }, // ӕ
    { 18, 31, 17, 1, 31, 140, 81414 }, // Ӗ
    { 17, 26, 17, 1, 25, 111, 81554 }, // ӗ
    { 20, 26, 22, 1, 25, 130, 81665 }, // Ә
    { 15, 20, 16, 0, 19, 75, 81795 }, // ә
    { 20, 32, 22, 1, 31, 160, 81870 }, // Ӛ
    { 16, 26, 16, 0, 25, 104, 82030 }, // ӛ
    { 32, 31, 27, -2, 31, 248, 82134 }, // Ӝ
    { 31, 26, 29, -1, 25, 202, 82382 }, // ӝ
    { 19, 32, 17, -1, 31, 152, 82584 }, // Ӟ
    { 15, 26, 15, 0, 25, 98, 82736 }, // ӟ
    { 19, 25, 18, 0, 24, 119, 82834 }, // Ӡ
    { 18, 26, 15, -3, 18, 117, 82953 }, // ӡ
    { 23, 29, 23, 1, 29, 167, 83070 }, // Ӣ
    { 18, 24, 19, 1, 23, 108, 83237 }, // ӣ
    { 23, 31, 23, 1, 31, 179, 83345 }, // Ӥ
    { 18, 26, 19, 1, 25, 117, 83524 }, // ӥ
    { 21, 32, 24, 2, 31, 168, 83641 }, // Ӧ
    { 17, 26, 19, 1, 25, 111, 83809 }, // ӧ
    { 21, 26, 24, 2, 25, 137, 83920 }, // Ө
    { 17, 20, 19, 1, 19, 85, 84057 }, // ө
    { 21, 32, 24, 2, 31, 168, 84142 }, // Ӫ
    { 17, 26, 19, 1, 25, 111, 84310 }, // ӫ
    { 20, 32, 20, 0, 31, 160, 84421 }, // Ӭ
    { 15, 26, 16, 0, 25, 98, 84581 }, // ӭ
    { 22, 30, 19, 0, 29, 165, 84679 }, // Ӯ
    { 22, 31, 16, -4, 23, 171, 84844 }, // ӯ
    { 22, 32, 19, 0, 31, 176, 85015 }, // Ӱ
    { 22, 33, 16, -4, 25, 182, 85191 }, // ӱ
    { 22, 33, 19, 0, 32, 182, 85373 }, // Ӳ
    { 22, 34, 16, -4, 26, 187, 85555 }, // ӳ
    { 18, 31, 21, 3, 31, 140, 85742 }, // Ӵ
    { 16, 25, 19, 2, 25, 100, 85882 }, // ӵ
    { 18, 31, 16, 1, 24, 140, 85982 }, // Ӷ
    { 15, 25, 13, 0, 18, 94, 86122 }, // ӷ
    { 26, 31, 26, 1, 31, 202, 86216 }, // Ӹ
    { 23, 26, 24, 1, 25, 150, 86418 }, // ӹ
    { 19, 31, 16, 0, 24, 148, 86568 }, // Ӻ
    { 16, 25, 13, -1, 18, 100, 86716 }, // ӻ
    { 23, 31, 18, -2, 24, 179, 86816 }, // Ӽ
    { 19, 25, 16, -2, 18, 119, 86995 }, // ӽ
    { 23, 24, 18, -2, 24, 138, 87114 }, // Ӿ
    { 19, 18, 16, -2, 18, 86, 87252 }, // ӿ
    { 0, 0, 17, 0, 0, 0, 87338 }, //  
    { 0, 0, 33, 0, 0, 0, 87338 }, //  
    { 0, 0, 17, 0, 0, 0, 87338 }, //  
    { 0, 0, 33, 0, 0, 0, 87338 }, //  
    { 0, 0, 11, 0, 0, 0, 87338 }, //  
    { 0, 0, 8, 0, 0, 0, 87338 }, //  
    { 0, 0, 6, 0, 0, 0, 87338 }, //  
    { 0, 0, 18, 0, 0, 0, 87338 }, //  
    { 0, 0, 9, 0, 0, 0, 87338 }, //  
    { 0, 0, 6, 0, 0, 0, 87338 }, //  
    { 0, 0, 3, 0, 0, 0, 87338 }, //  
    { 0, 0, 0, 0, 0, 0, 87338 }, // ​
    { 0, 0, 0, 0, 0, 0, 87338 }, // ‌
    { 0, 0, 0, 0, 0, 0, 87338 }, // ‍
    { 9, 28, 0, -1, 23, 63, 87338 }, // ‎
    { 9, 28, 0, -8, 23, 63, 87401 }, // ‏
    { 10, 4, 10, 0, 11, 10, 87464 }, // ‐
    { 10, 4, 10, 0, 11, 10, 87474 }, // ‑
    { 17, 4, 18, 1, 14, 17, 87484 }, // ‒
    { 15, 4, 16, 0, 11, 15, 87501 }, // –
    { 31, 4, 32, 0, 11, 31, 87516 }, // —
    { 31, 4, 32, 0, 11, 31, 87547 }, // ―
    { 10, 35, 18, 5, 26, 88, 87578 }, // ‖
    { 16, 8, 13, -4, 0, 32, 87666 }, // ‗
    { 7, 9, 6, 2, 24, 16, 87698 }, // ‘
    { 7, 9, 6, 2, 24, 16, 87714 }, // ’
    { 7, 9, 8, -2, 4, 16, 87730 }, // ‚
    { 5, 9, 6, 3, 24, 12, 87746 }, // ‛
    { 13, 9, 12, 2, 24, 30, 87758 }, // “
    { 13, 9, 12, 2, 24, 30, 87788 }, // ”
    { 14, 9, 14, -2, 4, 32, 87818 }, // „
    { 10, 9, 12, 3, 24, 23, 87850 }, // ‟
    { 13, 26, 16, 3, 26, 85, 87873 }, // †
    { 16, 26, 16, 1, 26, 104, 87958 }, // ‡
    { 8, 9, 13, 3, 17, 18, 88062 }, // •
    { 11, 11, 12, 1, 18, 31, 88080 }, // ‣
    { 5, 6, 17, 4, 5, 8, 88111 }, // ․
    { 14, 6, 17, 0, 5, 21, 88119 }, // ‥
    { 22, 6, 26, 0, 5, 33, 88140 }, // …
    { 5, 6, 9, 2, 12, 8, 88173 }, // ‧
    { 0, 0, 20, 0, 0, 0, 88181 }, //  
    { 0, 0, 20, 0, 0, 0, 88181 }, //  
    { 9, 26, 0, -1, 21, 59, 88181 }, // ‪
    { 9, 26, 0, -8, 21, 59, 88240 }, // ‫
    { 8, 28, 0, -4, 23, 56, 88299 }, // ‬
    { 8, 28, 0, -4, 23, 56, 88355 }, // ‭
    { 8, 28, 0, -4, 23, 56, 88411 }, // ‮
    { 0, 0, 6, 0, 0, 0, 88467 }, //  
    { 35, 26, 38, 2, 25, 228, 88467 }, // ‰
    { 45, 26, 48, 2, 25, 293, 88695 }, // ‱
    { 8, 9, 7, 2, 24, 18, 88988 }, // ′
    { 14, 9, 13, 2, 24, 32, 89006 }, // ″
    { 19, 9, 19, 2, 24, 43, 89038 }, // ‴
    { 5, 9, 9, 4, 24, 12, 89081 }, // ‵
    { 11, 9, 14, 4, 24, 25, 89093 }, // ‶
    { 16, 9, 19, 4, 24, 36, 89118 }, // ‷
    { 13, 11, 13, -3, 3, 36, 89154 }, // ‸
    { 9, 15, 10, 1, 16, 34, 89190 }, // ‹
    { 9, 15, 10, 0, 16, 34, 89224 }, // ›
    { 26, 26, 28, 1, 25, 169, 89258 }, // ※
    { 17, 25, 16, 0, 24, 107, 89427 }, // ‼
    { 14, 26, 14, 2, 25, 91, 89534 }, // ‽
    { 15, 3, 13, 3, 28, 12, 89625 }, // ‾
    { 18, 7, 18, -2, -1, 32, 89637 }, // ‿
    { 18, 8, 18, 2, 27, 36, 89669 }, // ⁀
    { 16, 22, 11, -4, 14, 88, 89705 }, // ⁁
    { 36, 31, 37, 0, 26, 279, 89793 }, // ⁂
    { 9, 4, 10, 0, 11, 9, 90072 }, // ⁃
    { 21, 24, 4, -8, 24, 126, 90081 }, // ⁄
    { 14, 30, 10, -1, 24, 105, 90207 }, // ⁅
    { 14, 30, 10, -3, 24, 105, 90312 }, // ⁆
    { 28, 26, 29, 2, 25, 182, 90417 }, // ⁇
    { 22, 26, 23, 2, 25, 143, 90599 }, // ⁈
    { 24, 26, 23, 0, 25, 156, 90742 }, // ⁉
    { 17, 18, 17, 2, 18, 77, 90898 }, // ⁊
    { 17, 31, 20, 3, 26, 132, 90975 }, // ⁋
    { 18, 17, 21, 1, 18, 77, 91107 }, // ⁌
    { 18, 17, 21, 2, 18, 77, 91184 }, // ⁍
    { 17, 16, 18, -1, 9, 68, 91261 }, // ⁎
    { 7, 24, 9, 1, 19, 42, 91329 }, // ⁏
    { 22, 35, 18, -2, 27, 193, 91371 }, // ⁐
    { 19, 33, 18, 0, 26, 157, 91564 }, // ⁑
    { 13, 26, 12, 0, 25, 85, 91721 }, // ⁒
    { 29, 6, 33, 3, 13, 44, 91806 }, // ⁓
    { 18, 8, 18, -3, 0, 36, 91850 }, // ⁔
    { 18, 18, 19, 0, 17, 81, 91886 }, // ⁕
    { 15, 26, 17, 1, 25, 98, 91967 }, // ⁖
    { 25, 9, 24, 2, 24, 57, 92065 }, // ⁗
    { 25, 26, 27, 1, 25, 163, 92122 }, // ⁘
    { 25, 26, 28, 1, 25, 163, 92285 }, // ⁙
    { 5, 26, 7, 1, 25, 33, 92448 }, // ⁚
    { 20, 26, 22, 1, 25, 130, 92481 }, // ⁛
    { 25, 26, 27, 1, 25, 163, 92611 }, // ⁜
    { 5, 25, 9, 2, 24, 32, 92774 }, // ⁝
    { 5, 26, 9, 3, 25, 33, 92806 }, // ⁞
    { 0, 0, 7, 0, 0, 0, 92839 }, //  
    { 0, 0, 20, 0, 0, 0, 92839 }, // ⁠
    { 0, 0, 20, 0, 0, 0, 92839 }, // ⁡
    { 0, 0, 20, 0, 0, 0, 92839 }, // ⁢
    { 0, 0, 20, 0, 0, 0, 92839 }, // ⁣
    { 0, 0, 20, 0, 0, 0, 92839 }, // ⁤
    { 0, 0, 20, 0, 0, 0, 92839 }, // ⁦
    { 0, 0, 20, 0, 0, 0, 92839 }, // ⁧
    { 0, 0, 20, 0, 0, 0, 92839 }, // ⁨
    { 0, 0, 20, 0, 0, 0, 92839 }, // ⁩
    { 8, 28, 0, -4, 23, 56, 92839 }, // ⁪
    { 8, 28, 0, -4, 23, 56, 92895 }, // ⁫
    { 8, 28, 0, -4, 23, 56, 92951 }, // ⁬
    { 8, 29, 0, -4, 24, 58, 93007 }, // ⁭
    { 8, 28, 0, -4, 23, 56, 93065 }, // ⁮
    { 8, 28, 0, -4, 23, 56, 93121 }, // ⁯
    { 17, 25, 18, 2, 25, 107, 93177 }, // ₠
    { 19, 28, 18, 1, 26, 133, 93284 }, // ₡
    { 18, 26, 18, 2, 25, 117, 93417 }, // ₢
    { 20, 24, 18, 0, 24, 120, 93534 }, // ₣
    { 21, 25, 18, -1, 25, 132, 93654 }, // ₤
    { 28, 27, 29, 0, 23, 189, 93786 }, // ₥
    { 20, 24, 18, 0, 24, 120, 93975 }, // ₦
    { 24, 25, 25, 0, 24, 150, 94095 }, // ₧
    { 27, 25, 27, 0, 24, 169, 94245 }, // ₨
    { 24, 24, 21, 0, 24, 144, 94414 }, // ₩
    { 28, 24, 27, 0, 24, 168, 94558 }, // ₪
    { 22, 32, 19, 0, 26, 176, 94726 }, // ₫
    { 20, 26, 18, 1, 25, 130, 94902 }, // €
    { 21, 24, 19, 1, 24, 126, 95032 }, // ₭
    { 19, 24, 17, 1, 24, 114, 95158 }, // ₮
    { 32, 33, 32, 0, 25, 264, 95272 }, // ₯
    { 21, 33, 18, -2, 25, 174, 95536 }, // ₰
    { 20, 24, 18, 1, 24, 120, 95710 }, // ₱
    { 21, 29, 23, 2, 26, 153, 95830 }, // ₲
    { 22, 24, 19, -2, 24, 132, 95983 }, // ₳
    { 20, 26, 17, -1, 25, 130, 96115 }, // ₴
    { 20, 29, 20, 2, 26, 145, 96245 }, // ₵
    { 21, 23, 19, 0, 22, 121, 96390 }, // ₶
    { 24, 28, 22, -1, 25, 168, 96511 }, // ₷
    { 17, 24, 16, 2, 24, 102, 96679 }, // ₸
    { 17, 24, 18, 3, 24, 102, 96781 }, // ₹
    { 19, 25, 18, 0, 24, 119, 96883 }, // ₺
    { 22, 26, 22, 1, 25, 143, 97002 }, // ₻
    { 24, 24, 25, -1, 24, 144, 97145 }, // ₼
    { 21, 24, 19, -1, 24, 126, 97289 }, // ₽
    { 22, 28, 20, -1, 28, 154, 97415 }, // ₾
    { 18, 32, 18, 1, 28, 144, 97569 }, // ₿
    { 15, 26, 17, 1, 25, 98, 97713 }, // ℓ
    { 21, 24, 24, 3, 24, 126, 97811 }, // ℝ
    { 31, 14, 33, 1, 16, 109, 97937 }, // ←
    { 14, 30, 17, 2, 24, 105, 98046 }, // ↑
    { 31, 14, 33, 1, 16, 109, 98151 }, // →
    { 14, 30, 17, 2, 24, 105, 98260 }, // ↓
    { 35, 14, 37, 1, 16, 123, 98365 }, // ↔
    { 14, 34, 17, 2, 26, 119, 98488 }, // ↕
    { 24, 23, 26, 1, 21, 138, 98607 }, // ↖
    { 24, 23, 26, 1, 21, 138, 98745 }, // ↗
    { 24, 23, 26, 1, 21, 138, 98883 }, // ↘
    { 24, 23, 26, 1, 21, 138, 99021 }, // ↙
    { 31, 14, 33, 1, 16, 109, 99159 }, // ↚
    { 31, 14, 33, 1, 16, 109, 99268 }, // ↛
    { 31, 12, 33, 1, 17, 93, 99377 }, // ↜
    { 31, 12, 33, 1, 17, 93, 99470 }, // ↝
    { 31, 14, 33, 1, 16, 109, 99563 }, // ↞
    { 14, 30, 17, 2, 24, 105, 99672 }, // ↟
    { 31, 14, 33, 1, 16, 109, 99777 }, // ↠
    { 14, 30, 17, 2, 24, 105, 99886 }, // ↡
    { 31, 14, 33, 1, 16, 109, 99991 }, // ↢
    { 31, 14, 33, 1, 16, 109, 100100 }, // ↣
    { 31, 14, 33, 1, 16, 109, 100209 }, // ↤
    { 14, 30, 17, 2, 24, 105, 100318 }, // ↥
    { 31, 14, 33, 1, 16, 109, 100423 }, // ↦
    { 14, 31, 17, 2, 25, 109, 100532 }, // ↧
    { 14, 34, 18, 2, 28, 119, 100641 }, // ↨
    { 32, 17, 35, 1, 19, 136, 100760 }, // ↩
    { 32, 17, 35, 1, 19, 136, 100896 }, // ↪
    { 34, 17, 36, 1, 19, 145, 101032 }, // ↫
    { 34, 17, 36, 1, 19, 145, 101177 }, // ↬
    { 38, 14, 40, 1, 16, 133, 101322 }, // ↭
    { 35, 14, 37, 1, 16, 123, 101455 }, // ↮
    { 18, 31, 20, 1, 25, 140, 101578 }, // ↯
    { 18, 31, 24, 3, 25, 140, 101718 }, // ↰
    { 18, 31, 24, 3, 25, 140, 101858 }, // ↱
    { 18, 30, 24, 3, 24, 135, 101998 }, // ↲
    { 18, 30, 24, 3, 24, 135, 102133 }, // ↳
    { 21, 17, 28, 3, 14, 90, 102268 }, // ↴
    { 18, 20, 24, 3, 19, 90, 102358 }, // ↵
    { 34, 17, 41, 4, 18, 145, 102448 }, // ↶
    { 34, 17, 41, 4, 18, 145, 102593 }, // ↷
    { 24, 27, 26, 1, 24, 162, 102738 }, // ↸
    { 31, 26, 33, 1, 22, 202, 102900 }, // ↹
    { 31, 29, 39, 4, 24, 225, 103102 }, // ↺
    { 31, 29, 39, 4, 24, 225, 103327 }, // ↻
    { 31, 8, 33, 1, 16, 62, 103552 }, // ↼
    { 31, 9, 33, 1, 11, 70, 103614 }, // ↽
    { 8, 30, 16, 6, 24, 60, 103684 }, // ↾
    { 8, 30, 16, 2, 24, 60, 103744 }, // ↿
    { 31, 8, 33, 1, 16, 62, 103804 }, // ⇀
    { 31, 9, 33, 1, 11, 70, 103866 }, // ⇁
    { 8, 30, 16, 6, 24, 60, 103936 }, // ⇂
    { 8, 30, 16, 2, 24, 60, 103996 }, // ⇃
    { 31, 26, 33, 1, 22, 202, 104056 }, // ⇄
    { 27, 30, 30, 2, 24, 203, 104258 }, // ⇅
    { 31, 27, 33, 1, 23, 210, 104461 }, // ⇆
    { 31, 27, 33, 1, 23, 210, 104671 }, // ⇇
    { 27, 30, 30, 2, 24, 203, 104881 }, // ⇈
    { 31, 26, 33, 1, 22, 202, 105084 }, // ⇉
    { 27, 30, 30, 2, 24, 203, 105286 }, // ⇊
    { 31, 22, 33, 1, 20, 171, 105489 }, // ⇋
    { 31, 21, 33, 1, 19, 163, 105660 }, // ⇌
    { 31, 21, 33, 1, 20, 163, 105823 }, // ⇍
    { 39, 21, 42, 1, 20, 205, 105986 }, // ⇎
    { 31, 21, 33, 1, 20, 163, 106191 }, // ⇏
    { 31, 21, 33, 1, 20, 163, 106354 }, // ⇐
    { 21, 30, 25, 2, 24, 158, 106517 }, // ⇑
    { 31, 21, 33, 1, 20, 163, 106675 }, // ⇒
    { 21, 30, 25, 2, 24, 158, 106838 }, // ⇓
    { 39, 21, 42, 1, 20, 205, 106996 }, // ⇔
    { 21, 39, 25, 2, 29, 205, 107201 }, // ⇕
    { 26, 26, 28, 1, 22, 169, 107406 }, // ⇖
    { 26, 26, 28, 1, 22, 169, 107575 }, // ⇗
    { 26, 26, 28, 1, 22, 169, 107744 }, // ⇘
    { 26, 25, 28, 1, 22, 163, 107913 }, // ⇙
    { 31, 26, 33, 1, 22, 202, 108076 }, // ⇚
    { 31, 26, 33, 1, 22, 202, 108278 }, // ⇛
    { 34, 13, 37, 1, 16, 111, 108480 }, // ⇜
    { 34, 13, 37, 1, 16, 111, 108591 }, // ⇝
    { 11, 24, 14, 2, 24, 66, 108702 }, // ⇞
    { 11, 24, 14, 2, 23, 66, 108768 }, // ⇟
    { 31, 14, 33, 1, 16, 109, 108834 }, // ⇠
    { 14, 30, 17, 2, 27, 105, 108943 }, // ⇡
    { 31, 14, 33, 1, 16, 109, 109048 }, // ⇢
    { 14, 30, 17, 2, 24, 105, 109157 }, // ⇣
    { 31, 14, 33, 1, 16, 109, 109262 }, // ⇤
    { 31, 14, 33, 1, 16, 109, 109371 }, // ⇥
    { 25, 20, 27, 1, 21, 125, 109480 }, // ⇦
    { 20, 24, 22, 1, 23, 120, 109605 }, // ⇧
    { 25, 20, 27, 1, 21, 125, 109725 }, // ⇨
    { 20, 24, 22, 1, 22, 120, 109850 }, // ⇩
    { 20, 27, 22, 1, 23, 135, 109970 }, // ⇪
    { 20, 27, 22, 1, 23, 135, 110105 }, // ⇫
    { 20, 27, 22, 1, 23, 135, 110240 }, // ⇬
    { 20, 27, 22, 1, 23, 135, 110375 }, // ⇭
    { 20, 31, 22, 1, 27, 155, 110510 }, // ⇮
    { 20, 31, 22, 1, 27, 155, 110665 }, // ⇯
    { 28, 19, 30, 1, 21, 133, 110820 }, // ⇰
    { 30, 29, 32, 1, 25, 218, 110953 }, // ⇱
    { 30, 28, 32, 1, 23, 210, 111171 }, // ⇲
    { 20, 30, 22, 1, 26, 150, 111381 }, // ⇳
    { 31, 13, 33, 1, 16, 101, 111531 }, // ⇴
    { 27, 30, 30, 2, 24, 203, 111632 }, // ⇵
    { 31, 40, 33, 1, 29, 310, 111835 }, // ⇶
    { 31, 14, 33, 1, 16, 109, 112145 }, // ⇷
    { 31, 14, 33, 1, 16, 109, 112254 }, // ⇸
    { 35, 14, 37, 1, 16, 123, 112363 }, // ⇹
    { 31, 14, 33, 1, 16, 109, 112486 }, // ⇺
    { 31, 14, 33, 1, 16, 109, 112595 }, // ⇻
    { 35, 14, 37, 1, 16, 123, 112704 }, // ⇼
    { 31, 14, 33, 1, 16, 109, 112827 }, // ⇽
    { 31, 14, 33, 1, 16, 109, 112936 }, // ⇾
    { 38, 14, 40, 1, 16, 133, 113045 }, // ⇿
    { 23, 24, 25, 1, 24, 138, 113178 }, // ∀
    { 12, 25, 14, 1, 25, 75, 113316 }, // ∁
    { 16, 24, 18, 1, 24, 96, 113391 }, // ∂
    { 17, 24, 19, 1, 24, 102, 113487 }, // ∃
    { 17, 30, 19, 1, 27, 128, 113589 }, // ∄
    { 25, 26, 28, 1, 25, 163, 113717 }, // ∅
    { 19, 24, 19, 0, 24, 114, 113880 }, // ∆
    { 19, 24, 19, 0, 24, 114, 113994 }, // ∇
    { 21, 20, 23, 1, 20, 105, 114108 }, // ∈
    { 21, 28, 23, 1, 24, 147, 114213 }, // ∉
    { 16, 15, 18, 1, 17, 60, 114360 }, // ∊
    { 21, 20, 23, 1, 20, 105, 114420 }, // ∋
    { 21, 28, 23, 1, 24, 147, 114525 }, // ∌
    { 16, 15, 18, 1, 17, 60, 114672 }, // ∍
    { 16, 22, 18, 1, 22, 88, 114732 }, // ∎
    { 28, 32, 30, 1, 24, 224, 114820 }, // ∏
    { 28, 32, 30, 1, 24, 224, 115044 }, // ∐
    { 26, 32, 28, 1, 24, 208, 115268 }, // ∑
    { 10, 4, 10, 0, 11, 10, 115476 }, // −
    { 17, 16, 19, 1, 17, 68, 115486 }, // ∓
    { 17, 22, 19, 1, 23, 94, 115554 }, // ∔
    { 11, 29, 13, 1, 24, 80, 115648 }, // ∕
    { 11, 29, 13, 1, 24, 80, 115728 }, // ∖
    { 13, 12, 15, 1, 15, 39, 115808 }, // ∗
    { 10, 10, 13, 1, 15, 25, 115847 }, // ∘
    { 7, 7, 10, 1, 13, 13, 115872 }, // ∙
    { 23, 36, 22, 1, 36, 207, 115885 }, // √
    { 23, 36, 22, 1, 36, 207, 116092 }, // ∛
    { 23, 36, 22, 1, 36, 207, 116299 }, // ∜
    { 16, 11, 18, 1, 15, 44, 116506 }, // ∝
    { 28, 16, 31, 1, 16, 112, 116550 }, // ∞
    { 19, 18, 22, 1, 18, 86, 116662 }, // ∟
    { 19, 17, 22, 1, 17, 81, 116748 }, // ∠
    { 19, 22, 22, 1, 17, 105, 116829 }, // ∡
    { 17, 18, 19, 1, 18, 77, 116934 }, // ∢
    { 4, 29, 6, 1, 24, 29, 117011 }, // ∣
    { 12, 29, 14, 1, 24, 87, 117040 }, // ∤
    { 10, 29, 12, 1, 24, 73, 117127 }, // ∥
    { 18, 29, 20, 1, 24, 131, 117200 }, // ∦
    { 21, 19, 24, 1, 19, 100, 117331 }, // ∧
    { 21, 19, 24, 1, 19, 100, 117431 }, // ∨
    { 20, 23, 23, 1, 23, 115, 117531 }, // ∩
    { 20, 22, 23, 1, 22, 110, 117646 }, // ∪
    { 25, 37, 28, 1, 29, 232, 117756 }, // ∫
    { 37, 37, 39, 1, 29, 343, 117988 }, // ∬
    { 48, 37, 50, 1, 29, 444, 118331 }, // ∭
    { 25, 37, 28, 1, 29, 232, 118775 }, // ∮
    { 37, 37, 39, 1, 29, 343, 119007 }, // ∯
    { 48, 37, 50, 1, 29, 444, 119350 }, // ∰
    { 25, 37, 28, 1, 29, 232, 119794 }, // ∱
    { 25, 37, 28, 1, 29, 232, 120026 }, // ∲
    { 25, 37, 28, 1, 29, 232, 120258 }, // ∳
    { 17, 15, 19, 1, 17, 64, 120490 }, // ∴
    { 17, 15, 19, 1, 17, 64, 120554 }, // ∵
    { 5, 15, 7, 1, 17, 19, 120618 }, // ∶
    { 17, 15, 19, 1, 17, 64, 120637 }, // ∷
    { 17, 9, 19, 1, 17, 39, 120701 }, // ∸
    { 18, 11, 20, 1, 15, 50, 120740 }, // ∹
    { 17, 15, 19, 1, 17, 64, 120790 }, // ∺
    { 17, 15, 19, 1, 17, 64, 120854 }, // ∻
    { 17, 5, 19, 1, 12, 22, 120918 }, // ∼
    { 17, 5, 19, 1, 12, 22, 120940 }, // ∽
    { 21, 11, 23, 1, 15, 58, 120962 }, // ∾
    { 20, 18, 22, 1, 18, 90, 121020 }, // ∿
    { 6, 17, 8, 1, 18, 26, 121110 }, // ≀
    { 17, 13, 19, 1, 16, 56, 121136 }, // ≁
    { 17, 9, 19, 1, 14, 39, 121192 }, // ≂
    { 17, 9, 19, 1, 14, 39, 121231 }, // ≃
    { 17, 19, 19, 1, 18, 81, 121270 }, // ≄
    { 17, 14, 19, 1, 16, 60, 121351 }, // ≅
    { 17, 18, 19, 1, 16, 77, 121411 }, // ≆
    { 17, 21, 19, 1, 19, 90, 121488 }, // ≇
    { 17, 11, 19, 1, 15, 47, 121578 }, // ≈
    { 17, 19, 19, 1, 19, 81, 121625 }, // ≉
    { 17, 14, 19, 1, 16, 60, 121706 }, // ≊
    { 17, 15, 19, 1, 17, 64, 121766 }, // ≋
    { 17, 14, 19, 1, 16, 60, 121830 }, // ≌
    { 17, 11, 19, 1, 15, 47, 121890 }, // ≍
    { 17, 19, 19, 1, 19, 81, 121937 }, // ≎
    { 17, 14, 19, 1, 19, 60, 122018 }, // ≏
    { 17, 15, 19, 1, 20, 64, 122078 }, // ≐
    { 17, 22, 19, 1, 20, 94, 122142 }, // ≑
    { 17, 22, 19, 1, 20, 94, 122236 }, // ≒
    { 17, 22, 19, 1, 20, 94, 122330 }, // ≓
    { 20, 11, 23, 1, 15, 55, 122424 }, // ≔
    { 20, 11, 23, 1, 15, 55, 122479 }, // ≕
    { 17, 9, 19, 1, 14, 39, 122534 }, // ≖
    { 17, 19, 19, 1, 24, 81, 122573 }, // ≗
    { 17, 16, 19, 1, 21, 68, 122654 }, // ≘
    { 17, 20, 19, 1, 25, 85, 122722 }, // ≙
    { 17, 20, 19, 1, 22, 85, 122807 }, // ≚
    { 17, 23, 19, 1, 28, 98, 122892 }, // ≛
    { 17, 22, 19, 1, 27, 94, 122990 }, // ≜
    { 17, 21, 19, 1, 26, 90, 123084 }, // ≝
    { 17, 18, 19, 1, 23, 77, 123174 }, // ≞
    { 17, 20, 19, 1, 25, 85, 123251 }, // ≟
    { 17, 19, 19, 1, 19, 81, 123336 }, // ≠
    { 17, 14, 19, 1, 16, 60, 123417 }, // ≡
    { 17, 22, 19, 1, 20, 94, 123477 }, // ≢
    { 17, 20, 19, 1, 19, 85, 123571 }, // ≣
    { 17, 20, 19, 1, 19, 85, 123656 }, // ≤
    { 17, 20, 19, 1, 19, 85, 123741 }, // ≥
    { 17, 22, 19, 1, 20, 94, 123826 }, // ≦
    { 17, 22, 19, 1, 21, 94, 123920 }, // ≧
    { 17, 26, 19, 1, 20, 111, 124014 }, // ≨
    { 17, 26, 19, 1, 21, 111, 124125 }, // ≩
    { 26, 18, 27, 1, 18, 117, 124236 }, // ≪
    { 26, 18, 27, 1, 18, 117, 124353 }, // ≫
    { 9, 25, 11, 1, 22, 57, 124470 }, // ≬
    { 17, 19, 19, 1, 18, 81, 124527 }, // ≭
    { 17, 29, 19, 1, 25, 124, 124608 }, // ≮
    { 17, 29, 19, 1, 23, 124, 124732 }, // ≯
    { 17, 29, 19, 1, 23, 124, 124856 }, // ≰
    { 17, 29, 19, 1, 23, 124, 124980 }, // ≱
    { 17, 20, 19, 1, 19, 85, 125104 }, // ≲
    { 17, 20, 19, 1, 19, 85, 125189 }, // ≳
    { 17, 29, 19, 1, 23, 124, 125274 }, // ≴
    { 17, 29, 19, 1, 24, 124, 125398 }, // ≵
    { 17, 24, 19, 1, 21, 102, 125522 }, // ≶
    { 17, 24, 19, 1, 21, 102, 125624 }, // ≷
    { 17, 29, 19, 1, 23, 124, 125726 }, // ≸
    { 17, 29, 19, 1, 23, 124, 125850 }, // ≹
    { 16, 18, 18, 1, 18, 72, 125974 }, // ≺
    { 16, 18, 18, 1, 18, 72, 126046 }, // ≻
    { 16, 23, 18, 1, 21, 92, 126118 }, // ≼
    { 16, 24, 18, 1, 21, 96, 126210 }, // ≽
    { 17, 21, 19, 1, 19, 90, 126306 }, // ≾
    { 17, 21, 19, 1, 19, 90, 126396 }, // ≿
    { 16, 22, 18, 1, 21, 88, 126486 }, // ⊀
    { 16, 22, 18, 1, 21, 88, 126574 }, // ⊁
    { 21, 20, 23, 1, 20, 105, 126662 }, // ⊂
    { 21, 20, 23, 1, 20, 105, 126767 }, // ⊃
    { 21, 28, 23, 1, 24, 147, 126872 }, // ⊄
    { 21, 28, 23, 1, 24, 147, 127019 }, // ⊅
    { 21, 24, 23, 1, 21, 126, 127166 }, // ⊆
    { 21, 24, 23, 1, 21, 126, 127292 }, // ⊇
    { 21, 31, 23, 1, 25, 163, 127418 }, // ⊈
    { 21, 31, 23, 1, 25, 163, 127581 }, // ⊉
    { 21, 27, 23, 1, 21, 142, 127744 }, // ⊊
    { 21, 27, 23, 1, 21, 142, 127886 }, // ⊋
    { 19, 23, 21, 1, 23, 110, 128028 }, // ⊌
    { 19, 23, 21, 1, 23, 110, 128138 }, // ⊍
    { 19, 23, 21, 1, 23, 110, 128248 }, // ⊎
    { 17, 18, 19, 1, 18, 77, 128358 }, // ⊏
    { 17, 18, 19, 1, 18, 77, 128435 }, // ⊐
    { 17, 23, 19, 1, 20, 98, 128512 }, // ⊑
    { 17, 23, 19, 1, 20, 98, 128610 }, // ⊒
    { 19, 19, 21, 1, 19, 91, 128708 }, // ⊓
    { 19, 18, 21, 1, 18, 86, 128799 }, // ⊔
    { 25, 24, 28, 1, 21, 150, 128885 }, // ⊕
    { 25, 25, 28, 1, 22, 157, 129035 }, // ⊖
    { 25, 25, 28, 1, 22, 157, 129192 }, // ⊗
    { 25, 25, 28, 1, 22, 157, 129349 }, // ⊘
    { 25, 25, 28, 1, 22, 157, 129506 }, // ⊙
    { 25, 25, 28, 1, 22, 157, 129663 }, // ⊚
    { 25, 25, 28, 1, 22, 157, 129820 }, // ⊛
    { 25, 25, 28, 1, 22, 157, 129977 }, // ⊜
    { 25, 25, 28, 1, 22, 157, 130134 }, // ⊝
    { 23, 22, 25, 1, 20, 127, 130291 }, // ⊞
    { 23, 22, 25, 1, 20, 127, 130418 }, // ⊟
    { 23, 22, 25, 1, 20, 127, 130545 }, // ⊠
    { 23, 22, 25, 1, 20, 127, 130672 }, // ⊡
    { 23, 22, 25, 1, 22, 127, 130799 }, // ⊢
    { 23, 22, 25, 1, 22, 127, 130926 }, // ⊣
    { 23, 22, 25, 1, 22, 127, 131053 }, // ⊤
    { 23, 22, 25, 1, 22, 127, 131180 }, // ⊥
    { 13, 22, 15, 1, 22, 72, 131307 }, // ⊦
    { 13, 22, 15, 1, 20, 72, 131379 }, // ⊧
    { 23, 22, 25, 1, 22, 127, 131451 }, // ⊨
    { 25, 22, 28, 1, 22, 138, 131578 }, // ⊩
    { 26, 22, 28, 1, 22, 143, 131716 }, // ⊪
    { 25, 22, 28, 1, 22, 138, 131859 }, // ⊫
    { 23, 25, 25, 1, 24, 144, 131997 }, // ⊬
    { 23, 26, 25, 1, 24, 150, 132141 }, // ⊭
    { 25, 25, 28, 1, 24, 157, 132291 }, // ⊮
    { 25, 26, 28, 1, 24, 163, 132448 }, // ⊯
    { 17, 19, 19, 1, 19, 81, 132611 }, // ⊰
    { 17, 19, 19, 1, 19, 81, 132692 }, // ⊱
    { 17, 13, 19, 1, 16, 56, 132773 }, // ⊲
    { 17, 14, 19, 1, 16, 60, 132829 }, // ⊳
    { 17, 17, 19, 1, 18, 73, 132889 }, // ⊴
    { 17, 17, 19, 1, 18, 73, 132962 }, // ⊵
    { 28, 9, 30, 1, 14, 63, 133035 }, // ⊶
    { 28, 9, 30, 1, 14, 63, 133098 }, // ⊷
    { 24, 9, 26, 1, 14, 54, 133161 }, // ⊸
    { 17, 16, 19, 1, 17, 68, 133215 }, // ⊹
    { 16, 22, 18, 1, 22, 88, 133283 }, // ⊺
    { 17, 19, 19, 1, 19, 81, 133371 }, // ⊻
    { 17, 20, 19, 1, 20, 85, 133452 }, // ⊼
    { 17, 20, 19, 1, 20, 85, 133537 }, // ⊽
    { 19, 18, 22, 1, 18, 86, 133622 }, // ⊾
    { 21, 20, 23, 1, 20, 105, 133708 }, // ⊿
    { 28, 32, 30, 1, 24, 224, 133813 }, // ⋀
    { 28, 32, 30, 1, 24, 224, 134037 }, // ⋁
    { 23, 32, 25, 1, 24, 184, 134261 }, // ⋂
    { 23, 32, 25, 1, 24, 184, 134445 }, // ⋃
    { 17, 17, 19, 1, 18, 73, 134629 }, // ⋄
    { 5, 4, 7, 1, 11, 5, 134702 }, // ⋅
    { 13, 13, 16, 1, 16, 43, 134707 }, // ⋆
    { 17, 17, 19, 1, 18, 73, 134750 }, // ⋇
    { 22, 22, 24, 1, 20, 121, 134823 }, // ⋈
    { 22, 22, 24, 1, 20, 121, 134944 }, // ⋉
    { 22, 22, 24, 1, 20, 121, 135065 }, // ⋊
    { 22, 22, 24, 1, 20, 121, 135186 }, // ⋋
    { 22, 22, 24, 1, 20, 121, 135307 }, // ⋌
    { 17, 9, 19, 1, 14, 39, 135428 }, // ⋍
    { 22, 19, 24, 1, 19, 105, 135467 }, // ⋎
    { 22, 19, 24, 1, 19, 105, 135572 }, // ⋏
    { 21, 20, 23, 1, 20, 105, 135677 }, // ⋐
    { 21, 20, 23, 1, 20, 105, 135782 }, // ⋑
    { 20, 20, 23, 1, 19, 100, 135887 }, // ⋒
    { 20, 20, 23, 1, 19, 100, 135987 }, // ⋓
    { 20, 23, 23, 1, 20, 115, 136087 }, // ⋔
    { 17, 29, 19, 1, 24, 124, 136202 }, // ⋕
    { 15, 18, 18, 1, 18, 68, 136326 }, // ⋖
    { 15, 18, 18, 1, 18, 68, 136394 }, // ⋗
    { 36, 17, 38, 1, 18, 153, 136462 }, // ⋘
    { 36, 17, 38, 1, 18, 153, 136615 }, // ⋙
    { 17, 32, 19, 1, 25, 136, 136768 }, // ⋚
    { 17, 32, 19, 1, 25, 136, 136904 }, // ⋛
    { 17, 21, 19, 1, 20, 90, 137040 }, // ⋜
    { 17, 21, 19, 1, 20, 90, 137130 }, // ⋝
    { 16, 24, 18, 1, 21, 96, 137220 }, // ⋞
    { 16, 24, 18, 1, 21, 96, 137316 }, // ⋟
    { 16, 29, 18, 1, 25, 116, 137412 }, // ⋠
    { 16, 29, 18, 1, 25, 116, 137528 }, // ⋡
    { 17, 32, 19, 1, 25, 136, 137644 }, // ⋢
    { 17, 32, 19, 1, 25, 136, 137780 }, // ⋣
    { 17, 26, 19, 1, 20, 111, 137916 }, // ⋤
    { 17, 26, 19, 1, 20, 111, 138027 }, // ⋥
    { 17, 22, 19, 1, 18, 94, 138138 }, // ⋦
    { 17, 22, 19, 1, 19, 94, 138232 }, // ⋧
    { 17, 23, 19, 1, 20, 98, 138326 }, // ⋨
    { 17, 23, 19, 1, 19, 98, 138424 }, // ⋩
    { 17, 22, 19, 1, 21, 94, 138522 }, // ⋪
    { 17, 22, 19, 1, 20, 94, 138616 }, // ⋫
    { 17, 28, 19, 1, 23, 119, 138710 }, // ⋬
    { 17, 28, 19, 1, 23, 119, 138829 }, // ⋭
    { 5, 24, 7, 1, 21, 30, 138948 }, // ⋮
    { 25, 4, 27, 1, 11, 25, 138978 }, // ⋯
    { 25, 24, 28, 1, 21, 150, 139003 }, // ⋰
    { 25, 24, 28, 1, 21, 150, 139153 }, // ⋱
    { 25, 20, 27, 1, 20, 125, 139303 }, // ⋲
    { 21, 20, 23, 1, 20, 105, 139428 }, // ⋳
    { 16, 15, 18, 1, 17, 60, 139533 }, // ⋴
    { 21, 25, 23, 1, 25, 132, 139593 }, // ⋵
    { 21, 25, 23, 1, 25, 132, 139725 }, // ⋶
    { 16, 19, 18, 1, 21, 76, 139857 }, // ⋷
    { 21, 25, 23, 1, 19, 132, 139933 }, // ⋸
    { 21, 20, 23, 1, 20, 105, 140065 }, // ⋹
    { 25, 20, 27, 1, 20, 125, 140170 }, // ⋺
    { 21, 20, 23, 1, 20, 105, 140295 }, // ⋻
    { 16, 15, 18, 1, 17, 60, 140400 }, // ⋼
    { 21, 25, 23, 1, 25, 132, 140460 }, // ⋽
    { 16, 19, 18, 1, 21, 76, 140592 }, // ⋾
    { 21, 20, 23, 1, 20, 105, 140668 }, // ⋿
    { 11, 31, 14, 2, 26, 86, 140773 }, // ⟨
    { 11, 31, 14, 0, 26, 86, 140859 }, // ⟩
    { 35, 24, 33, -1, 24, 210, 140945 }, // 𝒜
    { 26, 24, 27, 1, 24, 156, 141155 }, // 𝒞
    { 26, 24, 28, 1, 24, 156, 141311 }, // 𝒟
    { 23, 24, 25, 1, 24, 138, 141467 }, // 𝒢
    { 29, 29, 28, 0, 24, 211, 141605 }, // 𝒥
    { 37, 24, 37, 0, 24, 222, 141816 }, // 𝒦
    { 34, 25, 34, 0, 24, 213, 142038 }, // 𝒩
    { 24, 24, 26, 1, 24, 144, 142251 }, // 𝒪
    { 31, 24, 32, 0, 24, 186, 142395 }, // 𝒫
    { 26, 24, 26, 0, 24, 156, 142581 }, // 𝒬
    { 32, 24, 32, 0, 24, 192, 142737 }, // 𝒮
    { 32, 24, 31, 0, 24, 192, 142929 }, // 𝒯
    { 33, 24, 34, 1, 24, 198, 143121 }, // 𝒰
    { 28, 24, 27, 0, 24, 168, 143319 }, // 𝒱
    { 38, 24, 38, 1, 24, 228, 143487 }, // 𝒲
    { 32, 24, 32, 0, 24, 192, 143715 }, // 𝒳
    { 29, 24, 29, 1, 24, 174, 143907 }, // 𝒴
    { 27, 33, 25, -3, 24, 223, 144081 }, // 𝒵
    { 24, 24, 23, 0, 24, 144, 144304 }, // 𝔸
    { 19, 24, 22, 2, 24, 114, 144448 }, // 𝔹
    { 21, 24, 24, 2, 24, 126, 144562 }, // 𝔻
    { 15, 24, 19, 2, 24, 90, 144688 }, // 𝔼
    { 15, 24, 17, 2, 24, 90, 144778 }, // 𝔽
    { 21, 24, 23, 1, 24, 126, 144868 }, // 𝔾
    { 7, 24, 11, 2, 24, 42, 144994 }, // 𝕀
    { 12, 24, 14, 0, 24, 72, 145036 }, // 𝕁
    { 20, 24, 22, 2, 24, 120, 145108 }, // 𝕂
    { 15, 24, 18, 2, 24, 90, 145228 }, // 𝕃
    { 26, 24, 30, 2, 24, 156, 145318 }, // 𝕄
    { 23, 24, 25, 1, 24, 138, 145474 }, // 𝕆
    { 15, 24, 17, 1, 24, 90, 145612 }, // 𝕊
    { 20, 24, 19, 0, 24, 120, 145702 }, // 𝕋
    { 18, 24, 22, 2, 24, 108, 145822 }, // 𝕌
    { 22, 24, 22, 0, 24, 132, 145930 }, // 𝕍
    { 31, 24, 31, 0, 24, 186, 146062 }, // 𝕎
    { 23, 24, 23, 0, 24, 138, 146248 }, // 𝕏
    { 22, 24, 21, 0, 24, 132, 146386 }, // 𝕐
};

static const EpdUnicodeInterval notosans_16_italicIntervals[] = {
    { 0x0, 0x0, 0x0 },
    { 0xD, 0xD, 0x1 },
    { 0x20, 0x7E, 0x2 },
    { 0xA0, 0xFF, 0x61 },
    { 0x100, 0x17F, 0xC1 },
    { 0x300, 0x36F, 0x141 },
    { 0x370, 0x377, 0x1B1 },
    { 0x37A, 0x37F, 0x1B9 },
    { 0x384, 0x38A, 0x1BF },
    { 0x38C, 0x38C, 0x1C6 },
    { 0x38E, 0x3A1, 0x1C7 },
    { 0x3A3, 0x3E1, 0x1DB },
    { 0x3F0, 0x3FF, 0x21A },
    { 0x400, 0x4FF, 0x22A },
    { 0x2000, 0x2064, 0x32A },
    { 0x2066, 0x206F, 0x38F },
    { 0x20A0, 0x20BF, 0x399 },
    { 0x2113, 0x2113, 0x3B9 },
    { 0x211D, 0x211D, 0x3BA },
    { 0x2190, 0x21FF, 0x3BB },
    { 0x2200, 0x22FF, 0x42B },
    { 0x27E8, 0x27E9, 0x52B },
    { 0x1D49C, 0x1D49C, 0x52D },
    { 0x1D49E, 0x1D49F, 0x52E },
    { 0x1D4A2, 0x1D4A2, 0x530 },
    { 0x1D4A5, 0x1D4A6, 0x531 },
    { 0x1D4A9, 0x1D4AC, 0x533 },
    { 0x1D4AE, 0x1D4B5, 0x537 },
    { 0x1D538, 0x1D539, 0x53F },
    { 0x1D53B, 0x1D53E, 0x541 },
    { 0x1D540, 0x1D544, 0x545 },
    { 0x1D546, 0x1D546, 0x54A },
    { 0x1D54A, 0x1D550, 0x54B },
};

static const EpdFontData notosans_16_italic = {
    notosans_16_italicBitmaps,
    notosans_16_italicGlyphs,
    notosans_16_italicIntervals,
    33,
    45,
    36,
    -10,
    true,
};
